{"ID":"01867dd9-8baf-4ee2-b027-de07e350b0e9","childs":{"PS":{"_level":0,"parentID":"01867dd9-8baf-4ee2-b027-de07e350b0e9","firstParentID":"01867dd9-8baf-4ee2-b027-de07e350b0e9","ID":"2431c6da-8bf4-4350-9cd5-7b10cef033d0","childs":{"прием":{"_level":1,"parentID":"2431c6da-8bf4-4350-9cd5-7b10cef033d0","firstParentID":"01867dd9-8baf-4ee2-b027-de07e350b0e9","ID":"44304ae8-02ac-44ce-966f-8375905a5260","childs":{"ручное":{"_level":2,"parentID":"44304ae8-02ac-44ce-966f-8375905a5260","firstParentID":"01867dd9-8baf-4ee2-b027-de07e350b0e9","ID":"a31bf0eb-188a-4760-b520-ac2b14d1bf48","childs":null,"emcosID":null,"emcosMLID":null,"codMaketTEP":null,"codTEP":null,"WSName":"PS","rangeAddress":"$AU$228:$AU$264","headAddress":"$AU$228","bodyAddress":"$AU$229:$AU$264","_name":"ручное"}},"emcosID":null,"emcosMLID":null,"codMaketTEP":null,"codTEP":null,"WSName":"PS","rangeAddress":"$AU$227:$AU$264","headAddress":"$AU$227","bodyAddress":"$AU$228:$AU$264","_name":"прием"}},"emcosID":null,"emcosMLID":null,"codMaketTEP":null,"codTEP":null,"WSName":"PS","rangeAddress":"$AU$226:$AU$264","headAddress":"$AU$226","bodyAddress":"$AU$227:$AU$264","_name":"Потребление С.А.Petro Group Жетысу"},"DB":{"_level":0,"parentID":"01867dd9-8baf-4ee2-b027-de07e350b0e9","firstParentID":"01867dd9-8baf-4ee2-b027-de07e350b0e9","ID":"2c96d93c-5345-42a4-ad6b-2606650ca926","childs":{"прием":{"_level":1,"parentID":"2c96d93c-5345-42a4-ad6b-2606650ca926","firstParentID":"01867dd9-8baf-4ee2-b027-de07e350b0e9","ID":"09394e2a-9a1c-42ad-be95-9b5b3baf4496","childs":{"код":{"_level":2,"parentID":"09394e2a-9a1c-42ad-be95-9b5b3baf4496","firstParentID":"01867dd9-8baf-4ee2-b027-de07e350b0e9","ID":"48e6b9f4-195b-4630-8ab0-e6d26b70c86f","childs":null,"emcosID":null,"emcosMLID":null,"codMaketTEP":null,"codTEP":null,"WSName":"DB","rangeAddress":"$HC$482:$HC$519","headAddress":"$HC$482","bodyAddress":"$HC$483:$HC$519","_name":"код"},"основное":{"_level":2,"parentID":"09394e2a-9a1c-42ad-be95-9b5b3baf4496","firstParentID":"01867dd9-8baf-4ee2-b027-de07e350b0e9","ID":"58420cc2-72f0-49f9-ac99-192b36aa29d6","childs":null,"emcosID":null,"emcosMLID":null,"codMaketTEP":null,"codTEP":null,"WSName":"DB","rangeAddress":"$HD$482:$HD$519","headAddress":"$HD$482","bodyAddress":"$HD$483:$HD$519","_name":"основное"},"корректировка факт":{"_level":2,"parentID":"09394e2a-9a1c-42ad-be95-9b5b3baf4496","firstParentID":"01867dd9-8baf-4ee2-b027-de07e350b0e9","ID":"6dc4eb12-18fe-4393-9d55-b6381296c576","childs":null,"emcosID":null,"emcosMLID":null,"codMaketTEP":null,"codTEP":null,"WSName":"DB","rangeAddress":"$HE$482:$HE$519","headAddress":"$HE$482","bodyAddress":"$HE$483:$HE$519","_name":"корректировка факт"},"ручное":{"_level":2,"parentID":"09394e2a-9a1c-42ad-be95-9b5b3baf4496","firstParentID":"01867dd9-8baf-4ee2-b027-de07e350b0e9","ID":"116b7469-2fb5-4a95-8777-84608bce86ca","childs":null,"emcosID":null,"emcosMLID":null,"codMaketTEP":null,"codTEP":null,"WSName":"DB","rangeAddress":"$HF$482:$HF$519","headAddress":"$HF$482","bodyAddress":"$HF$483:$HF$519","_name":"ручное"}},"emcosID":null,"emcosMLID":null,"codMaketTEP":null,"codTEP":null,"WSName":"DB","rangeAddress":"$HC$481:$HF$519","headAddress":"$HC$481:$HF$481","bodyAddress":"$HC$482:$HF$519","_name":"прием"}},"emcosID":null,"emcosMLID":null,"codMaketTEP":null,"codTEP":null,"WSName":"DB","rangeAddress":"$HC$480:$HF$519","headAddress":"$HC$480:$HF$480","bodyAddress":"$HC$481:$HF$519","_name":"Потребление С.А.Petro Group Жетысу"}},"codPlan":null,"meterCoef":null,"_name":"Потребление С.А.Petro Group Жетысу"}