{"ID":"17054d53-3592-426c-9483-3a591d8e7cf0","childs":{"PS":{"_level":0,"parentID":"17054d53-3592-426c-9483-3a591d8e7cf0","firstParentID":"17054d53-3592-426c-9483-3a591d8e7cf0","ID":"9a9b36e0-67b2-42fa-9016-37ba862a67d1","childs":{"прием":{"_level":1,"parentID":"9a9b36e0-67b2-42fa-9016-37ba862a67d1","firstParentID":"17054d53-3592-426c-9483-3a591d8e7cf0","ID":"a2e84faa-b35e-4901-b220-d8977866903a","childs":{"формула":{"_level":2,"parentID":"a2e84faa-b35e-4901-b220-d8977866903a","firstParentID":"17054d53-3592-426c-9483-3a591d8e7cf0","ID":"b525fab9-3aad-421e-8b35-0fe156674536","childs":null,"emcosID":null,"emcosMLID":null,"codMaketTEP":null,"codTEP":null,"WSName":"PS","rangeAddress":"$AU$185:$AU$221","headAddress":"$AU$185","bodyAddress":"$AU$186:$AU$221","_name":"формула"}},"emcosID":null,"emcosMLID":null,"codMaketTEP":null,"codTEP":null,"WSName":"PS","rangeAddress":"$AU$184:$AU$221","headAddress":"$AU$184","bodyAddress":"$AU$185:$AU$221","_name":"прием"}},"emcosID":null,"emcosMLID":null,"codMaketTEP":null,"codTEP":null,"WSName":"PS","rangeAddress":"$AU$183:$AU$221","headAddress":"$AU$183","bodyAddress":"$AU$184:$AU$221","_name":"Потребление Международный аэропорт Алматы"},"DB":{"_level":0,"parentID":"17054d53-3592-426c-9483-3a591d8e7cf0","firstParentID":"17054d53-3592-426c-9483-3a591d8e7cf0","ID":"ddaec8e7-28aa-4664-a2e7-879c19d55482","childs":{"прием":{"_level":1,"parentID":"ddaec8e7-28aa-4664-a2e7-879c19d55482","firstParentID":"17054d53-3592-426c-9483-3a591d8e7cf0","ID":"d8959ef4-94c5-4012-9625-192f3a020a50","childs":{"код":{"_level":2,"parentID":"d8959ef4-94c5-4012-9625-192f3a020a50","firstParentID":"17054d53-3592-426c-9483-3a591d8e7cf0","ID":"6defb373-43b7-4da4-b3ee-f6cb8c3b2187","childs":null,"emcosID":null,"emcosMLID":null,"codMaketTEP":null,"codTEP":null,"WSName":"DB","rangeAddress":"$FC$439:$FC$476","headAddress":"$FC$439","bodyAddress":"$FC$440:$FC$476","_name":"код"},"основное":{"_level":2,"parentID":"d8959ef4-94c5-4012-9625-192f3a020a50","firstParentID":"17054d53-3592-426c-9483-3a591d8e7cf0","ID":"656be4f1-e12b-49b7-839b-bb7bb82ecb45","childs":null,"emcosID":null,"emcosMLID":null,"codMaketTEP":null,"codTEP":null,"WSName":"DB","rangeAddress":"$FD$439:$FD$476","headAddress":"$FD$439","bodyAddress":"$FD$440:$FD$476","_name":"основное"},"корректировка факт":{"_level":2,"parentID":"d8959ef4-94c5-4012-9625-192f3a020a50","firstParentID":"17054d53-3592-426c-9483-3a591d8e7cf0","ID":"18ddd264-c957-4739-8d92-75621ffbea09","childs":null,"emcosID":null,"emcosMLID":null,"codMaketTEP":null,"codTEP":null,"WSName":"DB","rangeAddress":"$FE$439:$FE$476","headAddress":"$FE$439","bodyAddress":"$FE$440:$FE$476","_name":"корректировка факт"},"ручное":{"_level":2,"parentID":"d8959ef4-94c5-4012-9625-192f3a020a50","firstParentID":"17054d53-3592-426c-9483-3a591d8e7cf0","ID":"5493cfc7-a293-4f98-975f-076f79f1a0de","childs":null,"emcosID":null,"emcosMLID":null,"codMaketTEP":null,"codTEP":null,"WSName":"DB","rangeAddress":"$FF$439:$FF$476","headAddress":"$FF$439","bodyAddress":"$FF$440:$FF$476","_name":"ручное"},"формула":{"_level":2,"parentID":"d8959ef4-94c5-4012-9625-192f3a020a50","firstParentID":"17054d53-3592-426c-9483-3a591d8e7cf0","ID":"7295974f-0d76-418b-9240-26881ee1a2a6","childs":null,"emcosID":null,"emcosMLID":null,"codMaketTEP":null,"codTEP":null,"WSName":"DB","rangeAddress":"$FG$439:$FG$476","headAddress":"$FG$439","bodyAddress":"$FG$440:$FG$476","_name":"формула"}},"emcosID":null,"emcosMLID":null,"codMaketTEP":null,"codTEP":null,"WSName":"DB","rangeAddress":"$FC$438:$FG$476","headAddress":"$FC$438:$FG$438","bodyAddress":"$FC$439:$FG$476","_name":"прием"}},"emcosID":null,"emcosMLID":null,"codMaketTEP":null,"codTEP":null,"WSName":"DB","rangeAddress":"$FC$437:$FG$476","headAddress":"$FC$437:$FG$437","bodyAddress":"$FC$438:$FG$476","_name":"Потребление Международный аэропорт Алматы"}},"codPlan":null,"meterCoef":null,"_name":"Потребление Международный аэропорт Алматы"}