{"ID":"3330f327-93a1-4295-992a-62894eb52838","childs":{"PS":{"_level":0,"parentID":"3330f327-93a1-4295-992a-62894eb52838","firstParentID":"3330f327-93a1-4295-992a-62894eb52838","ID":"404f9562-98a5-4fe8-ae80-8a4593dd210a","childs":{"прием":{"_level":1,"parentID":"404f9562-98a5-4fe8-ae80-8a4593dd210a","firstParentID":"3330f327-93a1-4295-992a-62894eb52838","ID":"288e623e-0afe-4f8a-a03b-ca7b169c736b","childs":{"по плану":{"_level":2,"parentID":"288e623e-0afe-4f8a-a03b-ca7b169c736b","firstParentID":"3330f327-93a1-4295-992a-62894eb52838","ID":"e4e1110e-adab-41d1-a273-21a9e15e892c","childs":null,"emcosID":null,"emcosMLID":null,"codMaketTEP":null,"codTEP":null,"WSName":"PS","rangeAddress":"$BR$228:$BR$264","headAddress":"$BR$228","bodyAddress":"$BR$229:$BR$264","_name":"по плану"}},"emcosID":null,"emcosMLID":null,"codMaketTEP":1482,"codTEP":null,"WSName":"PS","rangeAddress":"$BR$227:$BR$264","headAddress":"$BR$227","bodyAddress":"$BR$228:$BR$264","_name":"прием"},"план":{"_level":1,"parentID":"404f9562-98a5-4fe8-ae80-8a4593dd210a","firstParentID":"3330f327-93a1-4295-992a-62894eb52838","ID":"ba4a2d5c-dbfe-4a40-8cd0-f85118d3d4a4","childs":{"заявка":{"_level":2,"parentID":"ba4a2d5c-dbfe-4a40-8cd0-f85118d3d4a4","firstParentID":"3330f327-93a1-4295-992a-62894eb52838","ID":"28b7a772-7b8c-428c-94e8-4ebb44b9decf","childs":null,"emcosID":null,"emcosMLID":null,"codMaketTEP":null,"codTEP":null,"WSName":"PS","rangeAddress":"$BS$228:$BS$264","headAddress":"$BS$228","bodyAddress":"$BS$229:$BS$264","_name":"заявка"}},"emcosID":null,"emcosMLID":null,"codMaketTEP":null,"codTEP":null,"WSName":"PS","rangeAddress":"$BS$227:$BS$264","headAddress":"$BS$227","bodyAddress":"$BS$228:$BS$264","_name":"план"}},"emcosID":null,"emcosMLID":null,"codMaketTEP":null,"codTEP":null,"WSName":"PS","rangeAddress":"$BR$226:$BS$264","headAddress":"$BR$226:$BS$226","bodyAddress":"$BR$227:$BS$264","_name":"Производственные нужды Текелиский ТЭЦ2 ТТЭЦ2"},"DB":{"_level":0,"parentID":"3330f327-93a1-4295-992a-62894eb52838","firstParentID":"3330f327-93a1-4295-992a-62894eb52838","ID":"72f222f2-b8a7-4b62-acd2-6879b63a0c2d","childs":{"прием":{"_level":1,"parentID":"72f222f2-b8a7-4b62-acd2-6879b63a0c2d","firstParentID":"3330f327-93a1-4295-992a-62894eb52838","ID":"9cbd37c1-f40e-4ef1-8190-8db43e1b202b","childs":{"код":{"_level":2,"parentID":"9cbd37c1-f40e-4ef1-8190-8db43e1b202b","firstParentID":"3330f327-93a1-4295-992a-62894eb52838","ID":"7ef6f9af-e579-4bd4-8a9a-1ce3cdcbe26d","childs":null,"emcosID":null,"emcosMLID":null,"codMaketTEP":null,"codTEP":null,"WSName":"DB","rangeAddress":"$CT$568:$CT$605","headAddress":"$CT$568","bodyAddress":"$CT$569:$CT$605","_name":"код"},"основное":{"_level":2,"parentID":"9cbd37c1-f40e-4ef1-8190-8db43e1b202b","firstParentID":"3330f327-93a1-4295-992a-62894eb52838","ID":"73a3ea22-65b9-405e-8b7b-800872246365","childs":null,"emcosID":null,"emcosMLID":null,"codMaketTEP":null,"codTEP":null,"WSName":"DB","rangeAddress":"$CU$568:$CU$605","headAddress":"$CU$568","bodyAddress":"$CU$569:$CU$605","_name":"основное"},"корректировка факт":{"_level":2,"parentID":"9cbd37c1-f40e-4ef1-8190-8db43e1b202b","firstParentID":"3330f327-93a1-4295-992a-62894eb52838","ID":"8d0b360d-4665-4b23-a121-85ecb44e860e","childs":null,"emcosID":null,"emcosMLID":null,"codMaketTEP":null,"codTEP":null,"WSName":"DB","rangeAddress":"$CV$568:$CV$605","headAddress":"$CV$568","bodyAddress":"$CV$569:$CV$605","_name":"корректировка факт"},"ручное":{"_level":2,"parentID":"9cbd37c1-f40e-4ef1-8190-8db43e1b202b","firstParentID":"3330f327-93a1-4295-992a-62894eb52838","ID":"087adba8-e893-4409-aec6-f904deb6acec","childs":null,"emcosID":null,"emcosMLID":null,"codMaketTEP":null,"codTEP":null,"WSName":"DB","rangeAddress":"$CW$568:$CW$605","headAddress":"$CW$568","bodyAddress":"$CW$569:$CW$605","_name":"ручное"},"по плану":{"_level":2,"parentID":"9cbd37c1-f40e-4ef1-8190-8db43e1b202b","firstParentID":"3330f327-93a1-4295-992a-62894eb52838","ID":"a1ce90c2-f340-4345-bac8-812a973f5535","childs":null,"emcosID":null,"emcosMLID":null,"codMaketTEP":null,"codTEP":null,"WSName":"DB","rangeAddress":"$CX$568:$CX$605","headAddress":"$CX$568","bodyAddress":"$CX$569:$CX$605","_name":"по плану"}},"emcosID":null,"emcosMLID":null,"codMaketTEP":null,"codTEP":null,"WSName":"DB","rangeAddress":"$CT$567:$CX$605","headAddress":"$CT$567:$CX$567","bodyAddress":"$CT$568:$CX$605","_name":"прием"},"план":{"_level":1,"parentID":"72f222f2-b8a7-4b62-acd2-6879b63a0c2d","firstParentID":"3330f327-93a1-4295-992a-62894eb52838","ID":"cf8d3de8-1750-4799-9179-81129fdaedfc","childs":{"код":{"_level":2,"parentID":"cf8d3de8-1750-4799-9179-81129fdaedfc","firstParentID":"3330f327-93a1-4295-992a-62894eb52838","ID":"c37a9734-1b6b-4048-9e94-b8a2d622bba1","childs":null,"emcosID":null,"emcosMLID":null,"codMaketTEP":null,"codTEP":null,"WSName":"DB","rangeAddress":"$CY$568:$CY$605","headAddress":"$CY$568","bodyAddress":"$CY$569:$CY$605","_name":"код"},"основное":{"_level":2,"parentID":"cf8d3de8-1750-4799-9179-81129fdaedfc","firstParentID":"3330f327-93a1-4295-992a-62894eb52838","ID":"b0abc502-49ac-45e4-82c1-5f9fe8abd607","childs":null,"emcosID":null,"emcosMLID":null,"codMaketTEP":null,"codTEP":null,"WSName":"DB","rangeAddress":"$CZ$568:$CZ$605","headAddress":"$CZ$568","bodyAddress":"$CZ$569:$CZ$605","_name":"основное"},"заявка":{"_level":2,"parentID":"cf8d3de8-1750-4799-9179-81129fdaedfc","firstParentID":"3330f327-93a1-4295-992a-62894eb52838","ID":"737abcb9-352f-4431-8cd4-13bc81f740ec","childs":null,"emcosID":null,"emcosMLID":null,"codMaketTEP":null,"codTEP":null,"WSName":"DB","rangeAddress":"$DA$568:$DA$605","headAddress":"$DA$568","bodyAddress":"$DA$569:$DA$605","_name":"заявка"},"утвержденный":{"_level":2,"parentID":"cf8d3de8-1750-4799-9179-81129fdaedfc","firstParentID":"3330f327-93a1-4295-992a-62894eb52838","ID":"cccb46a6-260a-4990-9293-bac5cccf2a6f","childs":null,"emcosID":null,"emcosMLID":null,"codMaketTEP":null,"codTEP":null,"WSName":"DB","rangeAddress":"$DB$568:$DB$605","headAddress":"$DB$568","bodyAddress":"$DB$569:$DB$605","_name":"утвержденный"},"корректировка":{"_level":2,"parentID":"cf8d3de8-1750-4799-9179-81129fdaedfc","firstParentID":"3330f327-93a1-4295-992a-62894eb52838","ID":"a631509d-306a-4bbb-9e64-e688372594c5","childs":null,"emcosID":null,"emcosMLID":null,"codMaketTEP":null,"codTEP":null,"WSName":"DB","rangeAddress":"$DC$568:$DC$605","headAddress":"$DC$568","bodyAddress":"$DC$569:$DC$605","_name":"корректировка"}},"emcosID":null,"emcosMLID":null,"codMaketTEP":null,"codTEP":null,"WSName":"DB","rangeAddress":"$CY$567:$DC$605","headAddress":"$CY$567:$DC$567","bodyAddress":"$CY$568:$DC$605","_name":"план"}},"emcosID":null,"emcosMLID":null,"codMaketTEP":null,"codTEP":null,"WSName":"DB","rangeAddress":"$CT$566:$DC$605","headAddress":"$CT$566:$DC$566","bodyAddress":"$CT$567:$DC$605","_name":"Производственные нужды Текелиский ТЭЦ2 ТТЭЦ2"}},"codPlan":135,"meterCoef":null,"_name":"Производственные нужды Текелиский ТЭЦ2 ТТЭЦ2"}