{"ID":"41988751-cfab-4430-a8d9-b08e410cd031","childs":{"PS":{"_level":0,"parentID":"41988751-cfab-4430-a8d9-b08e410cd031","firstParentID":"41988751-cfab-4430-a8d9-b08e410cd031","ID":"9bcbc1de-b6c0-4a4d-93b2-9d84a54b240a","childs":{"прием":{"_level":1,"parentID":"9bcbc1de-b6c0-4a4d-93b2-9d84a54b240a","firstParentID":"41988751-cfab-4430-a8d9-b08e410cd031","ID":"ced59b01-d6f7-4a08-8346-2ebc36b7f164","childs":{"оперативное":{"_level":2,"parentID":"ced59b01-d6f7-4a08-8346-2ebc36b7f164","firstParentID":"41988751-cfab-4430-a8d9-b08e410cd031","ID":"ade055c3-fa39-42f3-9ab8-0ce735859096","childs":null,"emcosID":null,"emcosMLID":null,"codMaketTEP":null,"codTEP":null,"WSName":"PS","rangeAddress":"$U$228:$U$264","headAddress":"$U$228","bodyAddress":"$U$229:$U$264","_name":"оперативное"}},"emcosID":null,"emcosMLID":null,"codMaketTEP":null,"codTEP":null,"WSName":"PS","rangeAddress":"$U$227:$U$264","headAddress":"$U$227","bodyAddress":"$U$228:$U$264","_name":"прием"}},"emcosID":null,"emcosMLID":null,"codMaketTEP":null,"codTEP":null,"WSName":"PS","rangeAddress":"$U$226:$U$264","headAddress":"$U$226","bodyAddress":"$U$227:$U$264","_name":"Потребление Кайнар АКБ"},"DB":{"_level":0,"parentID":"41988751-cfab-4430-a8d9-b08e410cd031","firstParentID":"41988751-cfab-4430-a8d9-b08e410cd031","ID":"eba42c0e-12ad-481d-9647-eb5b756b2895","childs":{"прием":{"_level":1,"parentID":"eba42c0e-12ad-481d-9647-eb5b756b2895","firstParentID":"41988751-cfab-4430-a8d9-b08e410cd031","ID":"e9073e66-b99e-47a8-b47a-a7fac4bb88e2","childs":{"код":{"_level":2,"parentID":"e9073e66-b99e-47a8-b47a-a7fac4bb88e2","firstParentID":"41988751-cfab-4430-a8d9-b08e410cd031","ID":"1a49cfcf-d5bc-4ac5-a477-07980f7a357d","childs":null,"emcosID":null,"emcosMLID":null,"codMaketTEP":null,"codTEP":null,"WSName":"DB","rangeAddress":"$FL$396:$FL$433","headAddress":"$FL$396","bodyAddress":"$FL$397:$FL$433","_name":"код"},"основное":{"_level":2,"parentID":"e9073e66-b99e-47a8-b47a-a7fac4bb88e2","firstParentID":"41988751-cfab-4430-a8d9-b08e410cd031","ID":"0d5de071-eb7b-4c97-83bd-fbe2f533f6b2","childs":null,"emcosID":null,"emcosMLID":null,"codMaketTEP":null,"codTEP":null,"WSName":"DB","rangeAddress":"$FM$396:$FM$433","headAddress":"$FM$396","bodyAddress":"$FM$397:$FM$433","_name":"основное"},"корректировка факт":{"_level":2,"parentID":"e9073e66-b99e-47a8-b47a-a7fac4bb88e2","firstParentID":"41988751-cfab-4430-a8d9-b08e410cd031","ID":"3402d436-8beb-4d90-b42a-be417d32b3e6","childs":null,"emcosID":null,"emcosMLID":null,"codMaketTEP":null,"codTEP":null,"WSName":"DB","rangeAddress":"$FN$396:$FN$433","headAddress":"$FN$396","bodyAddress":"$FN$397:$FN$433","_name":"корректировка факт"},"ручное":{"_level":2,"parentID":"e9073e66-b99e-47a8-b47a-a7fac4bb88e2","firstParentID":"41988751-cfab-4430-a8d9-b08e410cd031","ID":"bb94b96b-880c-43a9-9542-ec4ab51b1811","childs":null,"emcosID":null,"emcosMLID":null,"codMaketTEP":null,"codTEP":null,"WSName":"DB","rangeAddress":"$FO$396:$FO$433","headAddress":"$FO$396","bodyAddress":"$FO$397:$FO$433","_name":"ручное"},"оперативное":{"_level":2,"parentID":"e9073e66-b99e-47a8-b47a-a7fac4bb88e2","firstParentID":"41988751-cfab-4430-a8d9-b08e410cd031","ID":"9c5ef43e-dab1-4898-9266-a0d7163ae6d3","childs":null,"emcosID":null,"emcosMLID":null,"codMaketTEP":null,"codTEP":null,"WSName":"DB","rangeAddress":"$FP$396:$FP$433","headAddress":"$FP$396","bodyAddress":"$FP$397:$FP$433","_name":"оперативное"}},"emcosID":null,"emcosMLID":null,"codMaketTEP":null,"codTEP":null,"WSName":"DB","rangeAddress":"$FL$395:$FP$433","headAddress":"$FL$395:$FP$395","bodyAddress":"$FL$396:$FP$433","_name":"прием"}},"emcosID":null,"emcosMLID":null,"codMaketTEP":null,"codTEP":null,"WSName":"DB","rangeAddress":"$FL$394:$FP$433","headAddress":"$FL$394:$FP$394","bodyAddress":"$FL$395:$FP$433","_name":"Потребление Кайнар АКБ"}},"codPlan":null,"meterCoef":null,"_name":"Потребление Кайнар АКБ"}