{"ID":"46b6f5bc-c137-4730-b09e-8362264fbfcd","childs":{"PS":{"_level":0,"parentID":"46b6f5bc-c137-4730-b09e-8362264fbfcd","firstParentID":"46b6f5bc-c137-4730-b09e-8362264fbfcd","ID":"1fdefdc9-3f80-4d27-b198-749f81f4b700","childs":{"прием":{"_level":1,"parentID":"1fdefdc9-3f80-4d27-b198-749f81f4b700","firstParentID":"46b6f5bc-c137-4730-b09e-8362264fbfcd","ID":"bd9e757d-55aa-4014-804c-98fcec2630ee","childs":{"по плану":{"_level":2,"parentID":"bd9e757d-55aa-4014-804c-98fcec2630ee","firstParentID":"46b6f5bc-c137-4730-b09e-8362264fbfcd","ID":"71c1e3b9-cfed-4968-b981-41c1a9004459","childs":null,"emcosID":null,"emcosMLID":null,"codMaketTEP":null,"codTEP":null,"WSName":"PS","rangeAddress":"$BC$228:$BC$264","headAddress":"$BC$228","bodyAddress":"$BC$229:$BC$264","_name":"по плану"}},"emcosID":null,"emcosMLID":null,"codMaketTEP":1481,"codTEP":null,"WSName":"PS","rangeAddress":"$BC$227:$BC$264","headAddress":"$BC$227","bodyAddress":"$BC$228:$BC$264","_name":"прием"},"план":{"_level":1,"parentID":"1fdefdc9-3f80-4d27-b198-749f81f4b700","firstParentID":"46b6f5bc-c137-4730-b09e-8362264fbfcd","ID":"4ddb50f9-0a02-4076-af92-cfdd25d5a5f8","childs":{"заявка":{"_level":2,"parentID":"4ddb50f9-0a02-4076-af92-cfdd25d5a5f8","firstParentID":"46b6f5bc-c137-4730-b09e-8362264fbfcd","ID":"51982a26-c8a0-453b-8f76-f04af45da220","childs":null,"emcosID":null,"emcosMLID":null,"codMaketTEP":null,"codTEP":null,"WSName":"PS","rangeAddress":"$BD$228:$BD$264","headAddress":"$BD$228","bodyAddress":"$BD$229:$BD$264","_name":"заявка"}},"emcosID":null,"emcosMLID":null,"codMaketTEP":null,"codTEP":null,"WSName":"PS","rangeAddress":"$BD$227:$BD$264","headAddress":"$BD$227","bodyAddress":"$BD$228:$BD$264","_name":"план"}},"emcosID":null,"emcosMLID":null,"codMaketTEP":null,"codTEP":null,"WSName":"PS","rangeAddress":"$BC$226:$BD$264","headAddress":"$BC$226:$BD$226","bodyAddress":"$BC$227:$BD$264","_name":"Потребление IB Service"},"DB":{"_level":0,"parentID":"46b6f5bc-c137-4730-b09e-8362264fbfcd","firstParentID":"46b6f5bc-c137-4730-b09e-8362264fbfcd","ID":"900d1fd2-e7ae-4e2d-bda7-4a622d1ffa9c","childs":{"прием":{"_level":1,"parentID":"900d1fd2-e7ae-4e2d-bda7-4a622d1ffa9c","firstParentID":"46b6f5bc-c137-4730-b09e-8362264fbfcd","ID":"5c6d16f8-490d-4921-bdf2-68ab688d9a8c","childs":{"код":{"_level":2,"parentID":"5c6d16f8-490d-4921-bdf2-68ab688d9a8c","firstParentID":"46b6f5bc-c137-4730-b09e-8362264fbfcd","ID":"35a8e0a1-6d01-4f4d-9b18-f855230e8280","childs":null,"emcosID":null,"emcosMLID":null,"codMaketTEP":null,"codTEP":null,"WSName":"DB","rangeAddress":"$DD$568:$DD$605","headAddress":"$DD$568","bodyAddress":"$DD$569:$DD$605","_name":"код"},"основное":{"_level":2,"parentID":"5c6d16f8-490d-4921-bdf2-68ab688d9a8c","firstParentID":"46b6f5bc-c137-4730-b09e-8362264fbfcd","ID":"c3d5d5fa-39aa-4914-932b-9d3678e204cb","childs":null,"emcosID":null,"emcosMLID":null,"codMaketTEP":null,"codTEP":null,"WSName":"DB","rangeAddress":"$DE$568:$DE$605","headAddress":"$DE$568","bodyAddress":"$DE$569:$DE$605","_name":"основное"},"корректировка факт":{"_level":2,"parentID":"5c6d16f8-490d-4921-bdf2-68ab688d9a8c","firstParentID":"46b6f5bc-c137-4730-b09e-8362264fbfcd","ID":"e07a38d4-19d8-4625-9bcd-899e3134460a","childs":null,"emcosID":null,"emcosMLID":null,"codMaketTEP":null,"codTEP":null,"WSName":"DB","rangeAddress":"$DF$568:$DF$605","headAddress":"$DF$568","bodyAddress":"$DF$569:$DF$605","_name":"корректировка факт"},"ручное":{"_level":2,"parentID":"5c6d16f8-490d-4921-bdf2-68ab688d9a8c","firstParentID":"46b6f5bc-c137-4730-b09e-8362264fbfcd","ID":"41f1ca26-41c4-4988-8139-7558c38bef06","childs":null,"emcosID":null,"emcosMLID":null,"codMaketTEP":null,"codTEP":null,"WSName":"DB","rangeAddress":"$DG$568:$DG$605","headAddress":"$DG$568","bodyAddress":"$DG$569:$DG$605","_name":"ручное"},"по плану":{"_level":2,"parentID":"5c6d16f8-490d-4921-bdf2-68ab688d9a8c","firstParentID":"46b6f5bc-c137-4730-b09e-8362264fbfcd","ID":"38e7f660-ecbc-4539-9546-f20e460c316e","childs":null,"emcosID":null,"emcosMLID":null,"codMaketTEP":null,"codTEP":null,"WSName":"DB","rangeAddress":"$DH$568:$DH$605","headAddress":"$DH$568","bodyAddress":"$DH$569:$DH$605","_name":"по плану"}},"emcosID":null,"emcosMLID":null,"codMaketTEP":null,"codTEP":null,"WSName":"DB","rangeAddress":"$DD$567:$DH$605","headAddress":"$DD$567:$DH$567","bodyAddress":"$DD$568:$DH$605","_name":"прием"},"план":{"_level":1,"parentID":"900d1fd2-e7ae-4e2d-bda7-4a622d1ffa9c","firstParentID":"46b6f5bc-c137-4730-b09e-8362264fbfcd","ID":"2de6bb45-6560-40b9-b576-74bad2a1aac3","childs":{"код":{"_level":2,"parentID":"2de6bb45-6560-40b9-b576-74bad2a1aac3","firstParentID":"46b6f5bc-c137-4730-b09e-8362264fbfcd","ID":"d28c399c-b24f-4e7e-80eb-82209c3a2888","childs":null,"emcosID":null,"emcosMLID":null,"codMaketTEP":null,"codTEP":null,"WSName":"DB","rangeAddress":"$DI$568:$DI$605","headAddress":"$DI$568","bodyAddress":"$DI$569:$DI$605","_name":"код"},"основное":{"_level":2,"parentID":"2de6bb45-6560-40b9-b576-74bad2a1aac3","firstParentID":"46b6f5bc-c137-4730-b09e-8362264fbfcd","ID":"a5e068e6-1c3a-4072-88c0-4f1263579b5a","childs":null,"emcosID":null,"emcosMLID":null,"codMaketTEP":null,"codTEP":null,"WSName":"DB","rangeAddress":"$DJ$568:$DJ$605","headAddress":"$DJ$568","bodyAddress":"$DJ$569:$DJ$605","_name":"основное"},"заявка":{"_level":2,"parentID":"2de6bb45-6560-40b9-b576-74bad2a1aac3","firstParentID":"46b6f5bc-c137-4730-b09e-8362264fbfcd","ID":"efb8aa07-4aef-4ae4-8905-cf4699e656e5","childs":null,"emcosID":null,"emcosMLID":null,"codMaketTEP":null,"codTEP":null,"WSName":"DB","rangeAddress":"$DK$568:$DK$605","headAddress":"$DK$568","bodyAddress":"$DK$569:$DK$605","_name":"заявка"},"утвержденный":{"_level":2,"parentID":"2de6bb45-6560-40b9-b576-74bad2a1aac3","firstParentID":"46b6f5bc-c137-4730-b09e-8362264fbfcd","ID":"1caa964c-83b1-4f06-a9df-e5dc60be1396","childs":null,"emcosID":null,"emcosMLID":null,"codMaketTEP":null,"codTEP":null,"WSName":"DB","rangeAddress":"$DL$568:$DL$605","headAddress":"$DL$568","bodyAddress":"$DL$569:$DL$605","_name":"утвержденный"},"корректировка":{"_level":2,"parentID":"2de6bb45-6560-40b9-b576-74bad2a1aac3","firstParentID":"46b6f5bc-c137-4730-b09e-8362264fbfcd","ID":"547a39d2-756a-41ae-877e-10772f635f51","childs":null,"emcosID":null,"emcosMLID":null,"codMaketTEP":null,"codTEP":null,"WSName":"DB","rangeAddress":"$DM$568:$DM$605","headAddress":"$DM$568","bodyAddress":"$DM$569:$DM$605","_name":"корректировка"}},"emcosID":null,"emcosMLID":null,"codMaketTEP":null,"codTEP":null,"WSName":"DB","rangeAddress":"$DI$567:$DM$605","headAddress":"$DI$567:$DM$567","bodyAddress":"$DI$568:$DM$605","_name":"план"}},"emcosID":null,"emcosMLID":null,"codMaketTEP":null,"codTEP":null,"WSName":"DB","rangeAddress":"$DD$566:$DM$605","headAddress":"$DD$566:$DM$566","bodyAddress":"$DD$567:$DM$605","_name":"Потребление IB Service"}},"codPlan":136,"meterCoef":null,"_name":"Потребление IB Service"}