{"ID":"547e25ff-4344-447b-b603-ef5eae025375","childs":{"PS":{"_level":0,"parentID":"547e25ff-4344-447b-b603-ef5eae025375","firstParentID":"547e25ff-4344-447b-b603-ef5eae025375","ID":"4f4c0d3a-629d-4728-be49-0b15512fa098","childs":{"прием":{"_level":1,"parentID":"4f4c0d3a-629d-4728-be49-0b15512fa098","firstParentID":"547e25ff-4344-447b-b603-ef5eae025375","ID":"de790673-85b1-4f00-8a3b-95dd15636ca9","childs":{"по плану":{"_level":2,"parentID":"de790673-85b1-4f00-8a3b-95dd15636ca9","firstParentID":"547e25ff-4344-447b-b603-ef5eae025375","ID":"7b63c8de-0fd4-4366-a05c-1b466473682c","childs":null,"emcosID":null,"emcosMLID":null,"codMaketTEP":null,"codTEP":null,"WSName":"PS","rangeAddress":"$BE$228:$BE$264","headAddress":"$BE$228","bodyAddress":"$BE$229:$BE$264","_name":"по плану"}},"emcosID":null,"emcosMLID":null,"codMaketTEP":1462,"codTEP":null,"WSName":"PS","rangeAddress":"$BE$227:$BE$264","headAddress":"$BE$227","bodyAddress":"$BE$228:$BE$264","_name":"прием"},"план":{"_level":1,"parentID":"4f4c0d3a-629d-4728-be49-0b15512fa098","firstParentID":"547e25ff-4344-447b-b603-ef5eae025375","ID":"84e13597-ea56-4afe-b8d4-bed5382333dc","childs":{"заявка":{"_level":2,"parentID":"84e13597-ea56-4afe-b8d4-bed5382333dc","firstParentID":"547e25ff-4344-447b-b603-ef5eae025375","ID":"3d01430f-5cdd-46c5-8f6e-98ee01d1c752","childs":null,"emcosID":null,"emcosMLID":null,"codMaketTEP":null,"codTEP":null,"WSName":"PS","rangeAddress":"$BF$228:$BF$264","headAddress":"$BF$228","bodyAddress":"$BF$229:$BF$264","_name":"заявка"}},"emcosID":null,"emcosMLID":null,"codMaketTEP":null,"codTEP":null,"WSName":"PS","rangeAddress":"$BF$227:$BF$264","headAddress":"$BF$227","bodyAddress":"$BF$228:$BF$264","_name":"план"}},"emcosID":null,"emcosMLID":null,"codMaketTEP":null,"codTEP":null,"WSName":"PS","rangeAddress":"$BE$226:$BF$264","headAddress":"$BE$226:$BF$226","bodyAddress":"$BE$227:$BF$264","_name":"Потребление Samga Development Жетысу"},"DB":{"_level":0,"parentID":"547e25ff-4344-447b-b603-ef5eae025375","firstParentID":"547e25ff-4344-447b-b603-ef5eae025375","ID":"08830490-c1e8-4b8c-8396-3034823a2970","childs":{"прием":{"_level":1,"parentID":"08830490-c1e8-4b8c-8396-3034823a2970","firstParentID":"547e25ff-4344-447b-b603-ef5eae025375","ID":"2cd0d7f5-eec8-40d7-918b-61b9fe9a6b1f","childs":{"код":{"_level":2,"parentID":"2cd0d7f5-eec8-40d7-918b-61b9fe9a6b1f","firstParentID":"547e25ff-4344-447b-b603-ef5eae025375","ID":"7fc4c8df-2781-4b2a-b2ce-479b98de9fe4","childs":null,"emcosID":null,"emcosMLID":null,"codMaketTEP":null,"codTEP":null,"WSName":"DB","rangeAddress":"$BK$568:$BK$605","headAddress":"$BK$568","bodyAddress":"$BK$569:$BK$605","_name":"код"},"основное":{"_level":2,"parentID":"2cd0d7f5-eec8-40d7-918b-61b9fe9a6b1f","firstParentID":"547e25ff-4344-447b-b603-ef5eae025375","ID":"7dc44ecd-c8e7-457b-ae8f-7c212e65c852","childs":null,"emcosID":null,"emcosMLID":null,"codMaketTEP":null,"codTEP":null,"WSName":"DB","rangeAddress":"$BL$568:$BL$605","headAddress":"$BL$568","bodyAddress":"$BL$569:$BL$605","_name":"основное"},"корректировка факт":{"_level":2,"parentID":"2cd0d7f5-eec8-40d7-918b-61b9fe9a6b1f","firstParentID":"547e25ff-4344-447b-b603-ef5eae025375","ID":"68ca1a01-ebed-4a80-a241-908a8d809741","childs":null,"emcosID":null,"emcosMLID":null,"codMaketTEP":null,"codTEP":null,"WSName":"DB","rangeAddress":"$BM$568:$BM$605","headAddress":"$BM$568","bodyAddress":"$BM$569:$BM$605","_name":"корректировка факт"},"ручное":{"_level":2,"parentID":"2cd0d7f5-eec8-40d7-918b-61b9fe9a6b1f","firstParentID":"547e25ff-4344-447b-b603-ef5eae025375","ID":"a750056a-c9df-4ea3-9822-be011c107e19","childs":null,"emcosID":null,"emcosMLID":null,"codMaketTEP":null,"codTEP":null,"WSName":"DB","rangeAddress":"$BN$568:$BN$605","headAddress":"$BN$568","bodyAddress":"$BN$569:$BN$605","_name":"ручное"},"по плану":{"_level":2,"parentID":"2cd0d7f5-eec8-40d7-918b-61b9fe9a6b1f","firstParentID":"547e25ff-4344-447b-b603-ef5eae025375","ID":"c9ccc02f-82db-47fc-beaa-e06c2812c93b","childs":null,"emcosID":null,"emcosMLID":null,"codMaketTEP":null,"codTEP":null,"WSName":"DB","rangeAddress":"$BO$568:$BO$605","headAddress":"$BO$568","bodyAddress":"$BO$569:$BO$605","_name":"по плану"}},"emcosID":null,"emcosMLID":null,"codMaketTEP":null,"codTEP":null,"WSName":"DB","rangeAddress":"$BK$567:$BO$605","headAddress":"$BK$567:$BO$567","bodyAddress":"$BK$568:$BO$605","_name":"прием"},"план":{"_level":1,"parentID":"08830490-c1e8-4b8c-8396-3034823a2970","firstParentID":"547e25ff-4344-447b-b603-ef5eae025375","ID":"7b48f4e5-ca73-4360-8e0e-0533ea687a9b","childs":{"код":{"_level":2,"parentID":"7b48f4e5-ca73-4360-8e0e-0533ea687a9b","firstParentID":"547e25ff-4344-447b-b603-ef5eae025375","ID":"ab034de4-e011-4608-bebe-a74dc7d32b57","childs":null,"emcosID":null,"emcosMLID":null,"codMaketTEP":null,"codTEP":null,"WSName":"DB","rangeAddress":"$BP$568:$BP$605","headAddress":"$BP$568","bodyAddress":"$BP$569:$BP$605","_name":"код"},"основное":{"_level":2,"parentID":"7b48f4e5-ca73-4360-8e0e-0533ea687a9b","firstParentID":"547e25ff-4344-447b-b603-ef5eae025375","ID":"33acd0e9-48ef-4c21-bbee-bb30596564ed","childs":null,"emcosID":null,"emcosMLID":null,"codMaketTEP":null,"codTEP":null,"WSName":"DB","rangeAddress":"$BQ$568:$BQ$605","headAddress":"$BQ$568","bodyAddress":"$BQ$569:$BQ$605","_name":"основное"},"заявка":{"_level":2,"parentID":"7b48f4e5-ca73-4360-8e0e-0533ea687a9b","firstParentID":"547e25ff-4344-447b-b603-ef5eae025375","ID":"b128334f-72b2-4327-934f-c2b5777e6ce0","childs":null,"emcosID":null,"emcosMLID":null,"codMaketTEP":null,"codTEP":null,"WSName":"DB","rangeAddress":"$BR$568:$BR$605","headAddress":"$BR$568","bodyAddress":"$BR$569:$BR$605","_name":"заявка"},"утвержденный":{"_level":2,"parentID":"7b48f4e5-ca73-4360-8e0e-0533ea687a9b","firstParentID":"547e25ff-4344-447b-b603-ef5eae025375","ID":"f3456c27-f663-4f44-90a5-525605ed48bb","childs":null,"emcosID":null,"emcosMLID":null,"codMaketTEP":null,"codTEP":null,"WSName":"DB","rangeAddress":"$BS$568:$BS$605","headAddress":"$BS$568","bodyAddress":"$BS$569:$BS$605","_name":"утвержденный"},"корректировка":{"_level":2,"parentID":"7b48f4e5-ca73-4360-8e0e-0533ea687a9b","firstParentID":"547e25ff-4344-447b-b603-ef5eae025375","ID":"54c77811-8aa6-4382-841f-d530a302ce5e","childs":null,"emcosID":null,"emcosMLID":null,"codMaketTEP":null,"codTEP":null,"WSName":"DB","rangeAddress":"$BT$568:$BT$605","headAddress":"$BT$568","bodyAddress":"$BT$569:$BT$605","_name":"корректировка"}},"emcosID":null,"emcosMLID":null,"codMaketTEP":null,"codTEP":null,"WSName":"DB","rangeAddress":"$BP$567:$BT$605","headAddress":"$BP$567:$BT$567","bodyAddress":"$BP$568:$BT$605","_name":"план"}},"emcosID":null,"emcosMLID":null,"codMaketTEP":null,"codTEP":null,"WSName":"DB","rangeAddress":"$BK$566:$BT$605","headAddress":"$BK$566:$BT$566","bodyAddress":"$BK$567:$BT$605","_name":"Потребление Samga Development Жетысу"}},"codPlan":140,"meterCoef":null,"_name":"Потребление Samga Development Жетысу"}