{"ID":"7018fd43-1e14-4eb2-8c69-e8c79dc08e44","childs":{"PS":{"_level":0,"parentID":"7018fd43-1e14-4eb2-8c69-e8c79dc08e44","firstParentID":"7018fd43-1e14-4eb2-8c69-e8c79dc08e44","ID":"3dfe5fd1-bf04-4c24-8ee2-557386031e96","childs":{"прием":{"_level":1,"parentID":"3dfe5fd1-bf04-4c24-8ee2-557386031e96","firstParentID":"7018fd43-1e14-4eb2-8c69-e8c79dc08e44","ID":"5d66f4c4-0014-4b8b-a957-c3f776bd8e65","childs":{"по плану":{"_level":2,"parentID":"5d66f4c4-0014-4b8b-a957-c3f776bd8e65","firstParentID":"7018fd43-1e14-4eb2-8c69-e8c79dc08e44","ID":"09d0e829-f0f7-426c-89b5-2294f4bfc796","childs":null,"emcosID":null,"emcosMLID":null,"codMaketTEP":null,"codTEP":null,"WSName":"PS","rangeAddress":"$BG$228:$BG$264","headAddress":"$BG$228","bodyAddress":"$BG$229:$BG$264","_name":"по плану"}},"emcosID":null,"emcosMLID":null,"codMaketTEP":1435,"codTEP":null,"WSName":"PS","rangeAddress":"$BG$227:$BG$264","headAddress":"$BG$227","bodyAddress":"$BG$228:$BG$264","_name":"прием"},"план":{"_level":1,"parentID":"3dfe5fd1-bf04-4c24-8ee2-557386031e96","firstParentID":"7018fd43-1e14-4eb2-8c69-e8c79dc08e44","ID":"33486d66-b7de-406f-b71d-d15eedfe7d24","childs":{"заявка":{"_level":2,"parentID":"33486d66-b7de-406f-b71d-d15eedfe7d24","firstParentID":"7018fd43-1e14-4eb2-8c69-e8c79dc08e44","ID":"896ab877-f69c-4206-83f7-625eec796f26","childs":null,"emcosID":null,"emcosMLID":null,"codMaketTEP":null,"codTEP":null,"WSName":"PS","rangeAddress":"$BH$228:$BH$264","headAddress":"$BH$228","bodyAddress":"$BH$229:$BH$264","_name":"заявка"}},"emcosID":null,"emcosMLID":null,"codMaketTEP":null,"codTEP":null,"WSName":"PS","rangeAddress":"$BH$227:$BH$264","headAddress":"$BH$227","bodyAddress":"$BH$228:$BH$264","_name":"план"}},"emcosID":null,"emcosMLID":null,"codMaketTEP":null,"codTEP":null,"WSName":"PS","rangeAddress":"$BG$226:$BH$264","headAddress":"$BG$226:$BH$226","bodyAddress":"$BG$227:$BH$264","_name":"Потребление Жарык Энерго Трейд Жетысу"},"DB":{"_level":0,"parentID":"7018fd43-1e14-4eb2-8c69-e8c79dc08e44","firstParentID":"7018fd43-1e14-4eb2-8c69-e8c79dc08e44","ID":"e945f4f1-84a4-4ec1-bf18-3aec2c826c27","childs":{"прием":{"_level":1,"parentID":"e945f4f1-84a4-4ec1-bf18-3aec2c826c27","firstParentID":"7018fd43-1e14-4eb2-8c69-e8c79dc08e44","ID":"8766dbab-3053-4a7a-a3ca-5d3a20a544f4","childs":{"код":{"_level":2,"parentID":"8766dbab-3053-4a7a-a3ca-5d3a20a544f4","firstParentID":"7018fd43-1e14-4eb2-8c69-e8c79dc08e44","ID":"8e610e94-7818-4457-a782-508ec9b1fbfd","childs":null,"emcosID":null,"emcosMLID":null,"codMaketTEP":null,"codTEP":null,"WSName":"DB","rangeAddress":"$AP$568:$AP$605","headAddress":"$AP$568","bodyAddress":"$AP$569:$AP$605","_name":"код"},"основное":{"_level":2,"parentID":"8766dbab-3053-4a7a-a3ca-5d3a20a544f4","firstParentID":"7018fd43-1e14-4eb2-8c69-e8c79dc08e44","ID":"4129bb84-9824-4d33-aeb6-93d13bca0053","childs":null,"emcosID":null,"emcosMLID":null,"codMaketTEP":null,"codTEP":null,"WSName":"DB","rangeAddress":"$AQ$568:$AQ$605","headAddress":"$AQ$568","bodyAddress":"$AQ$569:$AQ$605","_name":"основное"},"корректировка факт":{"_level":2,"parentID":"8766dbab-3053-4a7a-a3ca-5d3a20a544f4","firstParentID":"7018fd43-1e14-4eb2-8c69-e8c79dc08e44","ID":"da5c6455-2bb0-480c-a4f7-ad623eb3dbce","childs":null,"emcosID":null,"emcosMLID":null,"codMaketTEP":null,"codTEP":null,"WSName":"DB","rangeAddress":"$AR$568:$AR$605","headAddress":"$AR$568","bodyAddress":"$AR$569:$AR$605","_name":"корректировка факт"},"ручное":{"_level":2,"parentID":"8766dbab-3053-4a7a-a3ca-5d3a20a544f4","firstParentID":"7018fd43-1e14-4eb2-8c69-e8c79dc08e44","ID":"c37f5666-d50b-45ab-9907-b9d7e3f0a1bb","childs":null,"emcosID":null,"emcosMLID":null,"codMaketTEP":null,"codTEP":null,"WSName":"DB","rangeAddress":"$AS$568:$AS$605","headAddress":"$AS$568","bodyAddress":"$AS$569:$AS$605","_name":"ручное"},"по плану":{"_level":2,"parentID":"8766dbab-3053-4a7a-a3ca-5d3a20a544f4","firstParentID":"7018fd43-1e14-4eb2-8c69-e8c79dc08e44","ID":"465991e8-676f-4da9-b33b-c66e3e8af530","childs":null,"emcosID":null,"emcosMLID":null,"codMaketTEP":null,"codTEP":null,"WSName":"DB","rangeAddress":"$AT$568:$AT$605","headAddress":"$AT$568","bodyAddress":"$AT$569:$AT$605","_name":"по плану"}},"emcosID":null,"emcosMLID":null,"codMaketTEP":null,"codTEP":null,"WSName":"DB","rangeAddress":"$AP$567:$AT$605","headAddress":"$AP$567:$AT$567","bodyAddress":"$AP$568:$AT$605","_name":"прием"},"план":{"_level":1,"parentID":"e945f4f1-84a4-4ec1-bf18-3aec2c826c27","firstParentID":"7018fd43-1e14-4eb2-8c69-e8c79dc08e44","ID":"b08a9aa1-1c06-40fa-bb44-4b94932e28ba","childs":{"код":{"_level":2,"parentID":"b08a9aa1-1c06-40fa-bb44-4b94932e28ba","firstParentID":"7018fd43-1e14-4eb2-8c69-e8c79dc08e44","ID":"e22da666-7946-4ea0-a99a-63135b9940fc","childs":null,"emcosID":null,"emcosMLID":null,"codMaketTEP":null,"codTEP":null,"WSName":"DB","rangeAddress":"$AU$568:$AU$605","headAddress":"$AU$568","bodyAddress":"$AU$569:$AU$605","_name":"код"},"основное":{"_level":2,"parentID":"b08a9aa1-1c06-40fa-bb44-4b94932e28ba","firstParentID":"7018fd43-1e14-4eb2-8c69-e8c79dc08e44","ID":"1e1a4e3d-659d-4762-b7ef-11792e08518e","childs":null,"emcosID":null,"emcosMLID":null,"codMaketTEP":null,"codTEP":null,"WSName":"DB","rangeAddress":"$AV$568:$AV$605","headAddress":"$AV$568","bodyAddress":"$AV$569:$AV$605","_name":"основное"},"заявка":{"_level":2,"parentID":"b08a9aa1-1c06-40fa-bb44-4b94932e28ba","firstParentID":"7018fd43-1e14-4eb2-8c69-e8c79dc08e44","ID":"edae5f77-c02f-4d22-aeef-a532969f780e","childs":null,"emcosID":null,"emcosMLID":null,"codMaketTEP":null,"codTEP":null,"WSName":"DB","rangeAddress":"$AW$568:$AW$605","headAddress":"$AW$568","bodyAddress":"$AW$569:$AW$605","_name":"заявка"},"утвержденный":{"_level":2,"parentID":"b08a9aa1-1c06-40fa-bb44-4b94932e28ba","firstParentID":"7018fd43-1e14-4eb2-8c69-e8c79dc08e44","ID":"a9ea9022-af5c-4b2e-9261-61040e680f1f","childs":null,"emcosID":null,"emcosMLID":null,"codMaketTEP":null,"codTEP":null,"WSName":"DB","rangeAddress":"$AX$568:$AX$605","headAddress":"$AX$568","bodyAddress":"$AX$569:$AX$605","_name":"утвержденный"},"корректировка":{"_level":2,"parentID":"b08a9aa1-1c06-40fa-bb44-4b94932e28ba","firstParentID":"7018fd43-1e14-4eb2-8c69-e8c79dc08e44","ID":"e0a7b37a-e335-4f10-8d4e-9c2d83d1aa2e","childs":null,"emcosID":null,"emcosMLID":null,"codMaketTEP":null,"codTEP":null,"WSName":"DB","rangeAddress":"$AY$568:$AY$605","headAddress":"$AY$568","bodyAddress":"$AY$569:$AY$605","_name":"корректировка"}},"emcosID":null,"emcosMLID":null,"codMaketTEP":null,"codTEP":null,"WSName":"DB","rangeAddress":"$AU$567:$AY$605","headAddress":"$AU$567:$AY$567","bodyAddress":"$AU$568:$AY$605","_name":"план"}},"emcosID":null,"emcosMLID":null,"codMaketTEP":null,"codTEP":null,"WSName":"DB","rangeAddress":"$AP$566:$AY$605","headAddress":"$AP$566:$AY$566","bodyAddress":"$AP$567:$AY$605","_name":"Потребление Жарык Энерго Трейд Жетысу"}},"codPlan":144,"meterCoef":null,"_name":"Потребление Жарык Энерго Трейд Жетысу"}