{"ID":"771026e5-4aad-4eb1-bcc3-9801728ec698","childs":{"PS":{"_level":0,"parentID":"771026e5-4aad-4eb1-bcc3-9801728ec698","firstParentID":"771026e5-4aad-4eb1-bcc3-9801728ec698","ID":"7c67ef4d-857c-4eaa-9d29-09d5b7a3ee82","childs":{"прием":{"_level":1,"parentID":"7c67ef4d-857c-4eaa-9d29-09d5b7a3ee82","firstParentID":"771026e5-4aad-4eb1-bcc3-9801728ec698","ID":"55fdd907-5fd9-4a04-9b75-5debc4050903","childs":{"формула":{"_level":2,"parentID":"55fdd907-5fd9-4a04-9b75-5debc4050903","firstParentID":"771026e5-4aad-4eb1-bcc3-9801728ec698","ID":"6c3c7306-33c7-480d-9e6c-0c908059574f","childs":null,"emcosID":null,"emcosMLID":null,"codMaketTEP":null,"codTEP":null,"WSName":"PS","rangeAddress":"$AZ$228:$AZ$264","headAddress":"$AZ$228","bodyAddress":"$AZ$229:$AZ$264","_name":"формула"}},"emcosID":null,"emcosMLID":null,"codMaketTEP":1402,"codTEP":null,"WSName":"PS","rangeAddress":"$AZ$227:$AZ$264","headAddress":"$AZ$227","bodyAddress":"$AZ$228:$AZ$264","_name":"прием"}},"emcosID":null,"emcosMLID":null,"codMaketTEP":null,"codTEP":null,"WSName":"PS","rangeAddress":"$AZ$226:$AZ$264","headAddress":"$AZ$226","bodyAddress":"$AZ$227:$AZ$264","_name":"Потребление ТАТЭК + ЖЭТ + AlfaPower"},"DB":{"_level":0,"parentID":"771026e5-4aad-4eb1-bcc3-9801728ec698","firstParentID":"771026e5-4aad-4eb1-bcc3-9801728ec698","ID":"629e0165-1063-448c-b4eb-69669d0115cc","childs":{"прием":{"_level":1,"parentID":"629e0165-1063-448c-b4eb-69669d0115cc","firstParentID":"771026e5-4aad-4eb1-bcc3-9801728ec698","ID":"0cbfe218-48e0-4efb-a136-c0b16b9266ab","childs":{"код":{"_level":2,"parentID":"0cbfe218-48e0-4efb-a136-c0b16b9266ab","firstParentID":"771026e5-4aad-4eb1-bcc3-9801728ec698","ID":"181c316a-69e3-451e-bc47-168b43a30d05","childs":null,"emcosID":null,"emcosMLID":null,"codMaketTEP":null,"codTEP":null,"WSName":"DB","rangeAddress":"$M$267:$M$304","headAddress":"$M$267","bodyAddress":"$M$268:$M$304","_name":"код"},"основное":{"_level":2,"parentID":"0cbfe218-48e0-4efb-a136-c0b16b9266ab","firstParentID":"771026e5-4aad-4eb1-bcc3-9801728ec698","ID":"8327b5fd-f83b-435a-8052-431fb249073a","childs":null,"emcosID":null,"emcosMLID":null,"codMaketTEP":null,"codTEP":null,"WSName":"DB","rangeAddress":"$N$267:$N$304","headAddress":"$N$267","bodyAddress":"$N$268:$N$304","_name":"основное"},"корректировка факт":{"_level":2,"parentID":"0cbfe218-48e0-4efb-a136-c0b16b9266ab","firstParentID":"771026e5-4aad-4eb1-bcc3-9801728ec698","ID":"8eee8db5-5fac-47fa-849d-d9a08137de7e","childs":null,"emcosID":null,"emcosMLID":null,"codMaketTEP":null,"codTEP":null,"WSName":"DB","rangeAddress":"$O$267:$O$304","headAddress":"$O$267","bodyAddress":"$O$268:$O$304","_name":"корректировка факт"},"ручное":{"_level":2,"parentID":"0cbfe218-48e0-4efb-a136-c0b16b9266ab","firstParentID":"771026e5-4aad-4eb1-bcc3-9801728ec698","ID":"79e63480-d3f3-4dce-9b9b-15b09c7f9125","childs":null,"emcosID":null,"emcosMLID":null,"codMaketTEP":null,"codTEP":null,"WSName":"DB","rangeAddress":"$P$267:$P$304","headAddress":"$P$267","bodyAddress":"$P$268:$P$304","_name":"ручное"},"формула":{"_level":2,"parentID":"0cbfe218-48e0-4efb-a136-c0b16b9266ab","firstParentID":"771026e5-4aad-4eb1-bcc3-9801728ec698","ID":"ca1f9a82-9790-43ea-9b4a-b29a448a9d74","childs":null,"emcosID":null,"emcosMLID":null,"codMaketTEP":null,"codTEP":null,"WSName":"DB","rangeAddress":"$Q$267:$Q$304","headAddress":"$Q$267","bodyAddress":"$Q$268:$Q$304","_name":"формула"}},"emcosID":null,"emcosMLID":null,"codMaketTEP":null,"codTEP":null,"WSName":"DB","rangeAddress":"$M$266:$Q$304","headAddress":"$M$266:$Q$266","bodyAddress":"$M$267:$Q$304","_name":"прием"}},"emcosID":null,"emcosMLID":null,"codMaketTEP":null,"codTEP":null,"WSName":"DB","rangeAddress":"$M$265:$Q$304","headAddress":"$M$265:$Q$265","bodyAddress":"$M$266:$Q$304","_name":"Потребление ТАТЭК + ЖЭТ + AlfaPower"}},"codPlan":null,"meterCoef":null,"_name":"Потребление ТАТЭК + ЖЭТ + AlfaPower"}