{"ID":"871250f4-1e83-41b4-9873-9df641fba705","childs":{"PS":{"_level":0,"parentID":"871250f4-1e83-41b4-9873-9df641fba705","firstParentID":"871250f4-1e83-41b4-9873-9df641fba705","ID":"d7c21d8f-f336-4b75-a289-e833339449e3","childs":{"прием":{"_level":1,"parentID":"d7c21d8f-f336-4b75-a289-e833339449e3","firstParentID":"871250f4-1e83-41b4-9873-9df641fba705","ID":"efea698a-832f-4826-b600-bb95f05ad297","childs":{"ручное":{"_level":2,"parentID":"efea698a-832f-4826-b600-bb95f05ad297","firstParentID":"871250f4-1e83-41b4-9873-9df641fba705","ID":"fc13967a-3ff0-47f5-bf04-31be49a73d6d","childs":null,"emcosID":null,"emcosMLID":null,"codMaketTEP":null,"codTEP":null,"WSName":"PS","rangeAddress":"$AO$185:$AO$221","headAddress":"$AO$185","bodyAddress":"$AO$186:$AO$221","_name":"ручное"}},"emcosID":null,"emcosMLID":null,"codMaketTEP":1307,"codTEP":null,"WSName":"PS","rangeAddress":"$AO$184:$AO$221","headAddress":"$AO$184","bodyAddress":"$AO$185:$AO$221","_name":"прием"},"план":{"_level":1,"parentID":"d7c21d8f-f336-4b75-a289-e833339449e3","firstParentID":"871250f4-1e83-41b4-9873-9df641fba705","ID":"bc169c9e-eddf-494c-81f9-e010cdddf6d0","childs":{"заявка":{"_level":2,"parentID":"bc169c9e-eddf-494c-81f9-e010cdddf6d0","firstParentID":"871250f4-1e83-41b4-9873-9df641fba705","ID":"fd7a0d5e-559e-4881-938e-3062b9081836","childs":null,"emcosID":null,"emcosMLID":null,"codMaketTEP":null,"codTEP":null,"WSName":"PS","rangeAddress":"$AP$185:$AP$221","headAddress":"$AP$185","bodyAddress":"$AP$186:$AP$221","_name":"заявка"}},"emcosID":null,"emcosMLID":null,"codMaketTEP":null,"codTEP":null,"WSName":"PS","rangeAddress":"$AP$184:$AP$221","headAddress":"$AP$184","bodyAddress":"$AP$185:$AP$221","_name":"план"}},"emcosID":null,"emcosMLID":null,"codMaketTEP":null,"codTEP":null,"WSName":"PS","rangeAddress":"$AO$183:$AP$221","headAddress":"$AO$183:$AP$183","bodyAddress":"$AO$184:$AP$221","_name":"Потребление Жибек Жолы Оперейтинг Алматы"},"DB":{"_level":0,"parentID":"871250f4-1e83-41b4-9873-9df641fba705","firstParentID":"871250f4-1e83-41b4-9873-9df641fba705","ID":"854939f9-5ce0-41e9-8be6-2916bddbed3c","childs":{"прием":{"_level":1,"parentID":"854939f9-5ce0-41e9-8be6-2916bddbed3c","firstParentID":"871250f4-1e83-41b4-9873-9df641fba705","ID":"0f497b15-02e9-46cd-bbe9-bd2bf69fa2fc","childs":{"код":{"_level":2,"parentID":"0f497b15-02e9-46cd-bbe9-bd2bf69fa2fc","firstParentID":"871250f4-1e83-41b4-9873-9df641fba705","ID":"ce5e051f-a9dd-4ca4-9287-d5cc8718dddb","childs":null,"emcosID":null,"emcosMLID":null,"codMaketTEP":null,"codTEP":null,"WSName":"DB","rangeAddress":"$GC$439:$GC$476","headAddress":"$GC$439","bodyAddress":"$GC$440:$GC$476","_name":"код"},"основное":{"_level":2,"parentID":"0f497b15-02e9-46cd-bbe9-bd2bf69fa2fc","firstParentID":"871250f4-1e83-41b4-9873-9df641fba705","ID":"02e814ee-4d96-4e8f-97ca-3ba13b02fce6","childs":null,"emcosID":null,"emcosMLID":null,"codMaketTEP":null,"codTEP":null,"WSName":"DB","rangeAddress":"$GD$439:$GD$476","headAddress":"$GD$439","bodyAddress":"$GD$440:$GD$476","_name":"основное"},"корректировка факт":{"_level":2,"parentID":"0f497b15-02e9-46cd-bbe9-bd2bf69fa2fc","firstParentID":"871250f4-1e83-41b4-9873-9df641fba705","ID":"3bb856b9-0277-4ec7-ae44-3fd5c74fdc72","childs":null,"emcosID":null,"emcosMLID":null,"codMaketTEP":null,"codTEP":null,"WSName":"DB","rangeAddress":"$GE$439:$GE$476","headAddress":"$GE$439","bodyAddress":"$GE$440:$GE$476","_name":"корректировка факт"},"ручное":{"_level":2,"parentID":"0f497b15-02e9-46cd-bbe9-bd2bf69fa2fc","firstParentID":"871250f4-1e83-41b4-9873-9df641fba705","ID":"7c562a9b-b347-42c6-80dd-148b3f56ea84","childs":null,"emcosID":null,"emcosMLID":null,"codMaketTEP":null,"codTEP":null,"WSName":"DB","rangeAddress":"$GF$439:$GF$476","headAddress":"$GF$439","bodyAddress":"$GF$440:$GF$476","_name":"ручное"},"по плану":{"_level":2,"parentID":"0f497b15-02e9-46cd-bbe9-bd2bf69fa2fc","firstParentID":"871250f4-1e83-41b4-9873-9df641fba705","ID":"e5730138-398d-4e81-91b1-1e7a36263b51","childs":null,"emcosID":null,"emcosMLID":null,"codMaketTEP":null,"codTEP":null,"WSName":"DB","rangeAddress":"$GG$439:$GG$476","headAddress":"$GG$439","bodyAddress":"$GG$440:$GG$476","_name":"по плану"}},"emcosID":null,"emcosMLID":null,"codMaketTEP":null,"codTEP":null,"WSName":"DB","rangeAddress":"$GC$438:$GG$476","headAddress":"$GC$438:$GG$438","bodyAddress":"$GC$439:$GG$476","_name":"прием"},"план":{"_level":1,"parentID":"854939f9-5ce0-41e9-8be6-2916bddbed3c","firstParentID":"871250f4-1e83-41b4-9873-9df641fba705","ID":"0d4d1159-252d-463c-be2a-a895a79bc905","childs":{"код":{"_level":2,"parentID":"0d4d1159-252d-463c-be2a-a895a79bc905","firstParentID":"871250f4-1e83-41b4-9873-9df641fba705","ID":"531a9184-f074-414a-b3d1-5aa97978a099","childs":null,"emcosID":null,"emcosMLID":null,"codMaketTEP":null,"codTEP":null,"WSName":"DB","rangeAddress":"$GH$439:$GH$476","headAddress":"$GH$439","bodyAddress":"$GH$440:$GH$476","_name":"код"},"основное":{"_level":2,"parentID":"0d4d1159-252d-463c-be2a-a895a79bc905","firstParentID":"871250f4-1e83-41b4-9873-9df641fba705","ID":"7097a8ef-90ec-407d-ab6d-91f81f8c37f3","childs":null,"emcosID":null,"emcosMLID":null,"codMaketTEP":null,"codTEP":null,"WSName":"DB","rangeAddress":"$GI$439:$GI$476","headAddress":"$GI$439","bodyAddress":"$GI$440:$GI$476","_name":"основное"},"заявка":{"_level":2,"parentID":"0d4d1159-252d-463c-be2a-a895a79bc905","firstParentID":"871250f4-1e83-41b4-9873-9df641fba705","ID":"3867071a-1818-4351-b318-58300d9f8296","childs":null,"emcosID":null,"emcosMLID":null,"codMaketTEP":null,"codTEP":null,"WSName":"DB","rangeAddress":"$GJ$439:$GJ$476","headAddress":"$GJ$439","bodyAddress":"$GJ$440:$GJ$476","_name":"заявка"},"утвержденный":{"_level":2,"parentID":"0d4d1159-252d-463c-be2a-a895a79bc905","firstParentID":"871250f4-1e83-41b4-9873-9df641fba705","ID":"857f71ca-69fb-449d-a0d4-deeb6631aed1","childs":null,"emcosID":null,"emcosMLID":null,"codMaketTEP":null,"codTEP":null,"WSName":"DB","rangeAddress":"$GK$439:$GK$476","headAddress":"$GK$439","bodyAddress":"$GK$440:$GK$476","_name":"утвержденный"},"корректировка":{"_level":2,"parentID":"0d4d1159-252d-463c-be2a-a895a79bc905","firstParentID":"871250f4-1e83-41b4-9873-9df641fba705","ID":"2a3c0129-1107-4997-9459-ca14f1263342","childs":null,"emcosID":null,"emcosMLID":null,"codMaketTEP":null,"codTEP":null,"WSName":"DB","rangeAddress":"$GL$439:$GL$476","headAddress":"$GL$439","bodyAddress":"$GL$440:$GL$476","_name":"корректировка"}},"emcosID":null,"emcosMLID":null,"codMaketTEP":null,"codTEP":null,"WSName":"DB","rangeAddress":"$GH$438:$GL$476","headAddress":"$GH$438:$GL$438","bodyAddress":"$GH$439:$GL$476","_name":"план"}},"emcosID":null,"emcosMLID":null,"codMaketTEP":null,"codTEP":null,"WSName":"DB","rangeAddress":"$GC$437:$GL$476","headAddress":"$GC$437:$GL$437","bodyAddress":"$GC$438:$GL$476","_name":"Потребление Жибек Жолы Оперейтинг Алматы"}},"codPlan":108,"meterCoef":null,"_name":"Потребление Жибек Жолы Оперейтинг Алматы"}