{"ID":"926df19c-7e3e-4961-b80e-39f64082163c","childs":{"PS":{"_level":0,"parentID":"926df19c-7e3e-4961-b80e-39f64082163c","firstParentID":"926df19c-7e3e-4961-b80e-39f64082163c","ID":"69852b17-513f-4ab9-810b-f389cc55a162","childs":{"отдача":{"_level":1,"parentID":"69852b17-513f-4ab9-810b-f389cc55a162","firstParentID":"926df19c-7e3e-4961-b80e-39f64082163c","ID":"6398c6e3-5d24-4109-aa7f-98a1cd47e46e","childs":{"по счетчику":{"_level":2,"parentID":"6398c6e3-5d24-4109-aa7f-98a1cd47e46e","firstParentID":"926df19c-7e3e-4961-b80e-39f64082163c","ID":"cc5b0764-fff7-4a93-b12d-4cd95248ec46","childs":null,"emcosID":null,"emcosMLID":null,"codMaketTEP":null,"codTEP":null,"WSName":"PS","rangeAddress":"$FQ$99:$FQ$135","headAddress":"$FQ$99","bodyAddress":"$FQ$100:$FQ$135","_name":"по счетчику"},"СЧЕТЧИК":{"_level":2,"parentID":"6398c6e3-5d24-4109-aa7f-98a1cd47e46e","firstParentID":"926df19c-7e3e-4961-b80e-39f64082163c","ID":"5b6fc76b-90da-42c7-b223-679434c7b97b","childs":null,"emcosID":null,"emcosMLID":null,"codMaketTEP":null,"codTEP":null,"WSName":"PS","rangeAddress":"$FR$99:$FR$135","headAddress":"$FR$99","bodyAddress":"$FR$100:$FR$135","_name":"СЧЕТЧИК"}},"emcosID":null,"emcosMLID":null,"codMaketTEP":null,"codTEP":null,"WSName":"PS","rangeAddress":"$FQ$98:$FR$135","headAddress":"$FQ$98:$FR$98","bodyAddress":"$FQ$99:$FR$135","_name":"отдача"}},"emcosID":null,"emcosMLID":null,"codMaketTEP":null,"codTEP":null,"WSName":"PS","rangeAddress":"$FQ$97:$FR$135","headAddress":"$FQ$97:$FR$97","bodyAddress":"$FQ$98:$FR$135","_name":"КЛ67 ПС152 Талдыкорган"},"DB":{"_level":0,"parentID":"926df19c-7e3e-4961-b80e-39f64082163c","firstParentID":"926df19c-7e3e-4961-b80e-39f64082163c","ID":"f9ee6073-c306-47d4-9792-b5a910b74f00","childs":{"отдача":{"_level":1,"parentID":"f9ee6073-c306-47d4-9792-b5a910b74f00","firstParentID":"926df19c-7e3e-4961-b80e-39f64082163c","ID":"c5e9cef4-aeb4-492c-b6c5-e4652ad35d4f","childs":{"код":{"_level":2,"parentID":"c5e9cef4-aeb4-492c-b6c5-e4652ad35d4f","firstParentID":"926df19c-7e3e-4961-b80e-39f64082163c","ID":"3de263e9-834f-4e9b-8a7a-939f695d262f","childs":null,"emcosID":null,"emcosMLID":null,"codMaketTEP":null,"codTEP":null,"WSName":"DB","rangeAddress":"$DI$525:$DI$562","headAddress":"$DI$525","bodyAddress":"$DI$526:$DI$562","_name":"код"},"основное":{"_level":2,"parentID":"c5e9cef4-aeb4-492c-b6c5-e4652ad35d4f","firstParentID":"926df19c-7e3e-4961-b80e-39f64082163c","ID":"5f8f0e45-c14e-4326-8a78-95b3f37d601c","childs":null,"emcosID":null,"emcosMLID":null,"codMaketTEP":null,"codTEP":null,"WSName":"DB","rangeAddress":"$DJ$525:$DJ$562","headAddress":"$DJ$525","bodyAddress":"$DJ$526:$DJ$562","_name":"основное"},"корректировка факт":{"_level":2,"parentID":"c5e9cef4-aeb4-492c-b6c5-e4652ad35d4f","firstParentID":"926df19c-7e3e-4961-b80e-39f64082163c","ID":"bf5fd1b3-169e-474c-a3d7-b1bed40310fa","childs":null,"emcosID":null,"emcosMLID":null,"codMaketTEP":null,"codTEP":null,"WSName":"DB","rangeAddress":"$DK$525:$DK$562","headAddress":"$DK$525","bodyAddress":"$DK$526:$DK$562","_name":"корректировка факт"},"ручное":{"_level":2,"parentID":"c5e9cef4-aeb4-492c-b6c5-e4652ad35d4f","firstParentID":"926df19c-7e3e-4961-b80e-39f64082163c","ID":"fb70aaa6-9571-41e7-9693-6c673a1c6f63","childs":null,"emcosID":null,"emcosMLID":null,"codMaketTEP":null,"codTEP":null,"WSName":"DB","rangeAddress":"$DL$525:$DL$562","headAddress":"$DL$525","bodyAddress":"$DL$526:$DL$562","_name":"ручное"},"счетчик":{"_level":2,"parentID":"c5e9cef4-aeb4-492c-b6c5-e4652ad35d4f","firstParentID":"926df19c-7e3e-4961-b80e-39f64082163c","ID":"eb3a6775-40e4-437c-bb4a-155c80d4ae4a","childs":null,"emcosID":null,"emcosMLID":null,"codMaketTEP":null,"codTEP":null,"WSName":"DB","rangeAddress":"$DM$525:$DM$562","headAddress":"$DM$525","bodyAddress":"$DM$526:$DM$562","_name":"счетчик"},"по счетчику":{"_level":2,"parentID":"c5e9cef4-aeb4-492c-b6c5-e4652ad35d4f","firstParentID":"926df19c-7e3e-4961-b80e-39f64082163c","ID":"4c5cde10-89e4-4f0f-a82b-201d0a2a77b8","childs":null,"emcosID":null,"emcosMLID":null,"codMaketTEP":null,"codTEP":null,"WSName":"DB","rangeAddress":"$DN$525:$DN$562","headAddress":"$DN$525","bodyAddress":"$DN$526:$DN$562","_name":"по счетчику"}},"emcosID":null,"emcosMLID":null,"codMaketTEP":null,"codTEP":null,"WSName":"DB","rangeAddress":"$DI$524:$DN$562","headAddress":"$DI$524:$DN$524","bodyAddress":"$DI$525:$DN$562","_name":"отдача"}},"emcosID":null,"emcosMLID":null,"codMaketTEP":null,"codTEP":null,"WSName":"DB","rangeAddress":"$DI$523:$DN$562","headAddress":"$DI$523:$DN$523","bodyAddress":"$DI$524:$DN$562","_name":"КЛ67 ПС152 Талдыкорган"}},"codPlan":null,"meterCoef":"3","_name":"КЛ67 ПС152 Талдыкорган"}