{"ID":"baf50330-b40d-4afc-992b-b193983182f5","childs":{"PS":{"_level":0,"parentID":"baf50330-b40d-4afc-992b-b193983182f5","firstParentID":"baf50330-b40d-4afc-992b-b193983182f5","ID":"6fbd1e82-0fc3-42e0-baeb-c413183023a6","childs":{"отдача":{"_level":1,"parentID":"6fbd1e82-0fc3-42e0-baeb-c413183023a6","firstParentID":"baf50330-b40d-4afc-992b-b193983182f5","ID":"969089da-42a8-4030-bfdb-e3a8dd64f833","childs":{"оперативное":{"_level":2,"parentID":"969089da-42a8-4030-bfdb-e3a8dd64f833","firstParentID":"baf50330-b40d-4afc-992b-b193983182f5","ID":"ebb523ed-f9a1-4cf3-8a7b-e79ce655ec72","childs":null,"emcosID":null,"emcosMLID":null,"codMaketTEP":null,"codTEP":null,"WSName":"PS","rangeAddress":"$EC$185:$EC$221","headAddress":"$EC$185","bodyAddress":"$EC$186:$EC$221","_name":"оперативное"}},"emcosID":null,"emcosMLID":null,"codMaketTEP":null,"codTEP":null,"WSName":"PS","rangeAddress":"$EC$184:$EC$221","headAddress":"$EC$184","bodyAddress":"$EC$185:$EC$221","_name":"отдача"}},"emcosID":null,"emcosMLID":null,"codMaketTEP":null,"codTEP":null,"WSName":"PS","rangeAddress":"$EC$183:$EC$221","headAddress":"$EC$183","bodyAddress":"$EC$184:$EC$221","_name":"Генерация Нурлы"},"DB":{"_level":0,"parentID":"baf50330-b40d-4afc-992b-b193983182f5","firstParentID":"baf50330-b40d-4afc-992b-b193983182f5","ID":"1adcb2cd-8a9f-4e50-98a5-93e09500a25e","childs":{"отдача":{"_level":1,"parentID":"1adcb2cd-8a9f-4e50-98a5-93e09500a25e","firstParentID":"baf50330-b40d-4afc-992b-b193983182f5","ID":"facbe33f-676b-4f2d-94be-e46d69f22bdd","childs":{"код":{"_level":2,"parentID":"facbe33f-676b-4f2d-94be-e46d69f22bdd","firstParentID":"baf50330-b40d-4afc-992b-b193983182f5","ID":"9a24e9ae-8723-4077-a858-eb057110a8e0","childs":null,"emcosID":null,"emcosMLID":null,"codMaketTEP":null,"codTEP":null,"WSName":"DB","rangeAddress":"$EJ$181:$EJ$218","headAddress":"$EJ$181","bodyAddress":"$EJ$182:$EJ$218","_name":"код"},"основное":{"_level":2,"parentID":"facbe33f-676b-4f2d-94be-e46d69f22bdd","firstParentID":"baf50330-b40d-4afc-992b-b193983182f5","ID":"ca625f2b-af08-4b82-999f-021b5057d73a","childs":null,"emcosID":null,"emcosMLID":null,"codMaketTEP":null,"codTEP":null,"WSName":"DB","rangeAddress":"$EK$181:$EK$218","headAddress":"$EK$181","bodyAddress":"$EK$182:$EK$218","_name":"основное"},"корректировка факт":{"_level":2,"parentID":"facbe33f-676b-4f2d-94be-e46d69f22bdd","firstParentID":"baf50330-b40d-4afc-992b-b193983182f5","ID":"62bb0580-6889-4b3a-9639-7bfb444dad49","childs":null,"emcosID":null,"emcosMLID":null,"codMaketTEP":null,"codTEP":null,"WSName":"DB","rangeAddress":"$EL$181:$EL$218","headAddress":"$EL$181","bodyAddress":"$EL$182:$EL$218","_name":"корректировка факт"},"ручное":{"_level":2,"parentID":"facbe33f-676b-4f2d-94be-e46d69f22bdd","firstParentID":"baf50330-b40d-4afc-992b-b193983182f5","ID":"f4a3ddd0-66d7-4518-8e0d-2249be94e9d0","childs":null,"emcosID":null,"emcosMLID":null,"codMaketTEP":null,"codTEP":null,"WSName":"DB","rangeAddress":"$EM$181:$EM$218","headAddress":"$EM$181","bodyAddress":"$EM$182:$EM$218","_name":"ручное"},"оперативное":{"_level":2,"parentID":"facbe33f-676b-4f2d-94be-e46d69f22bdd","firstParentID":"baf50330-b40d-4afc-992b-b193983182f5","ID":"d3d36c4c-a2cc-4e31-b18c-a22949447dfd","childs":null,"emcosID":null,"emcosMLID":null,"codMaketTEP":null,"codTEP":null,"WSName":"DB","rangeAddress":"$EN$181:$EN$218","headAddress":"$EN$181","bodyAddress":"$EN$182:$EN$218","_name":"оперативное"}},"emcosID":null,"emcosMLID":null,"codMaketTEP":null,"codTEP":null,"WSName":"DB","rangeAddress":"$EJ$180:$EN$218","headAddress":"$EJ$180:$EN$180","bodyAddress":"$EJ$181:$EN$218","_name":"отдача"}},"emcosID":null,"emcosMLID":null,"codMaketTEP":null,"codTEP":null,"WSName":"DB","rangeAddress":"$EJ$179:$EN$218","headAddress":"$EJ$179:$EN$179","bodyAddress":"$EJ$180:$EN$218","_name":"Генерация Нурлы"}},"codPlan":null,"meterCoef":null,"_name":"Генерация Нурлы"}