{"ID":"bccf8c55-3d25-4ba0-84dd-c513a641a0e5","childs":{"PS":{"_level":0,"parentID":"bccf8c55-3d25-4ba0-84dd-c513a641a0e5","firstParentID":"bccf8c55-3d25-4ba0-84dd-c513a641a0e5","ID":"d31a6595-6f34-4193-b766-e47802fa67b7","childs":{"прием":{"_level":1,"parentID":"d31a6595-6f34-4193-b766-e47802fa67b7","firstParentID":"bccf8c55-3d25-4ba0-84dd-c513a641a0e5","ID":"e2b91b00-9887-4a14-a0e1-2aa582634fa5","childs":{"аскуэ":{"_level":2,"parentID":"e2b91b00-9887-4a14-a0e1-2aa582634fa5","firstParentID":"bccf8c55-3d25-4ba0-84dd-c513a641a0e5","ID":"8ffc351d-b105-47fc-aa84-04e350bae9b1","childs":null,"emcosID":null,"emcosMLID":null,"codMaketTEP":null,"codTEP":null,"WSName":"PS","rangeAddress":"$BO$56:$BO$92","headAddress":"$BO$56","bodyAddress":"$BO$57:$BO$92","_name":"аскуэ"}},"emcosID":null,"emcosMLID":null,"codMaketTEP":null,"codTEP":null,"WSName":"PS","rangeAddress":"$BO$55:$BO$92","headAddress":"$BO$55","bodyAddress":"$BO$56:$BO$92","_name":"прием"},"отдача":{"_level":1,"parentID":"d31a6595-6f34-4193-b766-e47802fa67b7","firstParentID":"bccf8c55-3d25-4ba0-84dd-c513a641a0e5","ID":"fef8c52f-e66c-497c-9938-c950473ea4a5","childs":{"аскуэ":{"_level":2,"parentID":"fef8c52f-e66c-497c-9938-c950473ea4a5","firstParentID":"bccf8c55-3d25-4ba0-84dd-c513a641a0e5","ID":"a3e40e05-5ef6-4286-ac75-bf0384b90df5","childs":null,"emcosID":null,"emcosMLID":null,"codMaketTEP":null,"codTEP":null,"WSName":"PS","rangeAddress":"$BP$56:$BP$92","headAddress":"$BP$56","bodyAddress":"$BP$57:$BP$92","_name":"аскуэ"},"КОРРЕКТИРОВКА ФАКТ":{"_level":2,"parentID":"fef8c52f-e66c-497c-9938-c950473ea4a5","firstParentID":"bccf8c55-3d25-4ba0-84dd-c513a641a0e5","ID":"572d2361-797b-44c5-9e6e-74075fcb4cfe","childs":null,"emcosID":null,"emcosMLID":null,"codMaketTEP":null,"codTEP":null,"WSName":"PS","rangeAddress":"$BQ$56:$BQ$92","headAddress":"$BQ$56","bodyAddress":"$BQ$57:$BQ$92","_name":"КОРРЕКТИРОВКА ФАКТ"}},"emcosID":null,"emcosMLID":null,"codMaketTEP":null,"codTEP":null,"WSName":"PS","rangeAddress":"$BP$55:$BQ$92","headAddress":"$BP$55:$BQ$55","bodyAddress":"$BP$56:$BQ$92","_name":"отдача"}},"emcosID":null,"emcosMLID":null,"codMaketTEP":null,"codTEP":null,"WSName":"PS","rangeAddress":"$BO$54:$BQ$92","headAddress":"$BO$54:$BQ$54","bodyAddress":"$BO$55:$BQ$92","_name":"Л2233 Шу"},"DB":{"_level":0,"parentID":"bccf8c55-3d25-4ba0-84dd-c513a641a0e5","firstParentID":"bccf8c55-3d25-4ba0-84dd-c513a641a0e5","ID":"47073831-6a55-41e6-a11f-42a3f616dc3e","childs":{"прием":{"_level":1,"parentID":"47073831-6a55-41e6-a11f-42a3f616dc3e","firstParentID":"bccf8c55-3d25-4ba0-84dd-c513a641a0e5","ID":"50be34cc-ae1a-4903-ab33-1510dc88c752","childs":{"код":{"_level":2,"parentID":"50be34cc-ae1a-4903-ab33-1510dc88c752","firstParentID":"bccf8c55-3d25-4ba0-84dd-c513a641a0e5","ID":"b200a07d-eb96-4bac-b819-718d8a2665db","childs":null,"emcosID":null,"emcosMLID":null,"codMaketTEP":null,"codTEP":null,"WSName":"DB","rangeAddress":"$HL$9:$HL$46","headAddress":"$HL$9","bodyAddress":"$HL$10:$HL$46","_name":"код"},"основное":{"_level":2,"parentID":"50be34cc-ae1a-4903-ab33-1510dc88c752","firstParentID":"bccf8c55-3d25-4ba0-84dd-c513a641a0e5","ID":"59f83ce4-8a72-4639-86f0-57d9b50a403a","childs":null,"emcosID":null,"emcosMLID":null,"codMaketTEP":null,"codTEP":null,"WSName":"DB","rangeAddress":"$HM$9:$HM$46","headAddress":"$HM$9","bodyAddress":"$HM$10:$HM$46","_name":"основное"},"корректировка факт":{"_level":2,"parentID":"50be34cc-ae1a-4903-ab33-1510dc88c752","firstParentID":"bccf8c55-3d25-4ba0-84dd-c513a641a0e5","ID":"a2db5b17-9b80-4aec-ad68-491b704a8e69","childs":null,"emcosID":null,"emcosMLID":null,"codMaketTEP":null,"codTEP":null,"WSName":"DB","rangeAddress":"$HN$9:$HN$46","headAddress":"$HN$9","bodyAddress":"$HN$10:$HN$46","_name":"корректировка факт"},"ручное":{"_level":2,"parentID":"50be34cc-ae1a-4903-ab33-1510dc88c752","firstParentID":"bccf8c55-3d25-4ba0-84dd-c513a641a0e5","ID":"0da8a32b-b40a-45ec-af6a-36c94ba13187","childs":null,"emcosID":null,"emcosMLID":null,"codMaketTEP":null,"codTEP":null,"WSName":"DB","rangeAddress":"$HO$9:$HO$46","headAddress":"$HO$9","bodyAddress":"$HO$10:$HO$46","_name":"ручное"},"счетчик":{"_level":2,"parentID":"50be34cc-ae1a-4903-ab33-1510dc88c752","firstParentID":"bccf8c55-3d25-4ba0-84dd-c513a641a0e5","ID":"bc72e7dc-30a1-4d81-ad16-8023cce7f198","childs":null,"emcosID":null,"emcosMLID":null,"codMaketTEP":null,"codTEP":null,"WSName":"DB","rangeAddress":"$HP$9:$HP$46","headAddress":"$HP$9","bodyAddress":"$HP$10:$HP$46","_name":"счетчик"},"по счетчику":{"_level":2,"parentID":"50be34cc-ae1a-4903-ab33-1510dc88c752","firstParentID":"bccf8c55-3d25-4ba0-84dd-c513a641a0e5","ID":"73eb105c-6b47-4c84-a2fb-a6490cabad8a","childs":null,"emcosID":null,"emcosMLID":null,"codMaketTEP":null,"codTEP":null,"WSName":"DB","rangeAddress":"$HQ$9:$HQ$46","headAddress":"$HQ$9","bodyAddress":"$HQ$10:$HQ$46","_name":"по счетчику"},"аскуэ":{"_level":2,"parentID":"50be34cc-ae1a-4903-ab33-1510dc88c752","firstParentID":"bccf8c55-3d25-4ba0-84dd-c513a641a0e5","ID":"38f988bd-f7c9-437c-a38d-0588939207d7","childs":null,"emcosID":null,"emcosMLID":null,"codMaketTEP":null,"codTEP":null,"WSName":"DB","rangeAddress":"$HR$9:$HR$46","headAddress":"$HR$9","bodyAddress":"$HR$10:$HR$46","_name":"аскуэ"}},"emcosID":403,"emcosMLID":386,"codMaketTEP":null,"codTEP":null,"WSName":"DB","rangeAddress":"$HL$8:$HR$46","headAddress":"$HL$8:$HR$8","bodyAddress":"$HL$9:$HR$46","_name":"прием"},"отдача":{"_level":1,"parentID":"47073831-6a55-41e6-a11f-42a3f616dc3e","firstParentID":"bccf8c55-3d25-4ba0-84dd-c513a641a0e5","ID":"e11c60c2-80fb-4fda-a614-3ca61bcfa975","childs":{"код":{"_level":2,"parentID":"e11c60c2-80fb-4fda-a614-3ca61bcfa975","firstParentID":"bccf8c55-3d25-4ba0-84dd-c513a641a0e5","ID":"2695f75f-1a82-4868-ad9d-6d2256957537","childs":null,"emcosID":null,"emcosMLID":null,"codMaketTEP":null,"codTEP":null,"WSName":"DB","rangeAddress":"$HS$9:$HS$46","headAddress":"$HS$9","bodyAddress":"$HS$10:$HS$46","_name":"код"},"основное":{"_level":2,"parentID":"e11c60c2-80fb-4fda-a614-3ca61bcfa975","firstParentID":"bccf8c55-3d25-4ba0-84dd-c513a641a0e5","ID":"0d3eb7e7-8802-4e53-8661-30cbc06cd1f3","childs":null,"emcosID":null,"emcosMLID":null,"codMaketTEP":null,"codTEP":null,"WSName":"DB","rangeAddress":"$HT$9:$HT$46","headAddress":"$HT$9","bodyAddress":"$HT$10:$HT$46","_name":"основное"},"корректировка факт":{"_level":2,"parentID":"e11c60c2-80fb-4fda-a614-3ca61bcfa975","firstParentID":"bccf8c55-3d25-4ba0-84dd-c513a641a0e5","ID":"dbd8edb7-562f-4e4b-b7fd-eabe0066cf91","childs":null,"emcosID":null,"emcosMLID":null,"codMaketTEP":null,"codTEP":null,"WSName":"DB","rangeAddress":"$HU$9:$HU$46","headAddress":"$HU$9","bodyAddress":"$HU$10:$HU$46","_name":"корректировка факт"},"ручное":{"_level":2,"parentID":"e11c60c2-80fb-4fda-a614-3ca61bcfa975","firstParentID":"bccf8c55-3d25-4ba0-84dd-c513a641a0e5","ID":"e9ba15ca-1c0c-4b66-bbd0-f0a6456d29b1","childs":null,"emcosID":null,"emcosMLID":null,"codMaketTEP":null,"codTEP":null,"WSName":"DB","rangeAddress":"$HV$9:$HV$46","headAddress":"$HV$9","bodyAddress":"$HV$10:$HV$46","_name":"ручное"},"счетчик":{"_level":2,"parentID":"e11c60c2-80fb-4fda-a614-3ca61bcfa975","firstParentID":"bccf8c55-3d25-4ba0-84dd-c513a641a0e5","ID":"68ed5895-1253-421c-91dd-c9e3e9bcecba","childs":null,"emcosID":null,"emcosMLID":null,"codMaketTEP":null,"codTEP":null,"WSName":"DB","rangeAddress":"$HW$9:$HW$46","headAddress":"$HW$9","bodyAddress":"$HW$10:$HW$46","_name":"счетчик"},"по счетчику":{"_level":2,"parentID":"e11c60c2-80fb-4fda-a614-3ca61bcfa975","firstParentID":"bccf8c55-3d25-4ba0-84dd-c513a641a0e5","ID":"b9881847-ef95-497e-abc7-d65ae469b3ba","childs":null,"emcosID":null,"emcosMLID":null,"codMaketTEP":null,"codTEP":null,"WSName":"DB","rangeAddress":"$HX$9:$HX$46","headAddress":"$HX$9","bodyAddress":"$HX$10:$HX$46","_name":"по счетчику"},"аскуэ":{"_level":2,"parentID":"e11c60c2-80fb-4fda-a614-3ca61bcfa975","firstParentID":"bccf8c55-3d25-4ba0-84dd-c513a641a0e5","ID":"ad3e1c3e-95ba-4182-b18d-1ec069407f44","childs":null,"emcosID":null,"emcosMLID":null,"codMaketTEP":null,"codTEP":null,"WSName":"DB","rangeAddress":"$HY$9:$HY$46","headAddress":"$HY$9","bodyAddress":"$HY$10:$HY$46","_name":"аскуэ"}},"emcosID":403,"emcosMLID":385,"codMaketTEP":null,"codTEP":null,"WSName":"DB","rangeAddress":"$HS$8:$HY$46","headAddress":"$HS$8:$HY$8","bodyAddress":"$HS$9:$HY$46","_name":"отдача"}},"emcosID":null,"emcosMLID":null,"codMaketTEP":null,"codTEP":null,"WSName":"DB","rangeAddress":"$HL$7:$HY$46","headAddress":"$HL$7:$HY$7","bodyAddress":"$HL$8:$HY$46","_name":"Л2233 Шу"}},"codPlan":null,"meterCoef":null,"_name":"Л2233 Шу"}