{"ID":"0f54f1c8-17d9-4960-9891-42fcf03f55d4","childs":{"PS":{"_level":0,"parentID":"0f54f1c8-17d9-4960-9891-42fcf03f55d4","firstParentID":"0f54f1c8-17d9-4960-9891-42fcf03f55d4","ID":"e0811ce3-ef26-4d01-8aba-8e8c5924df7a","childs":{"прием":{"_level":1,"parentID":"e0811ce3-ef26-4d01-8aba-8e8c5924df7a","firstParentID":"0f54f1c8-17d9-4960-9891-42fcf03f55d4","ID":"3b8de549-cce1-47a0-b8ef-01069a219196","childs":{"по счетчику":{"_level":2,"parentID":"3b8de549-cce1-47a0-b8ef-01069a219196","firstParentID":"0f54f1c8-17d9-4960-9891-42fcf03f55d4","ID":"dc1d485d-1368-4e9f-92b6-0da50b0c7f58","childs":null,"emcosID":null,"emcosMLID":null,"WSName":"PS","rangeAddress":"$CD$56:$CD$92","headAddress":"$CD$56","bodyAddress":"$CD$57:$CD$92","_name":"по счетчику"}},"emcosID":null,"emcosMLID":null,"WSName":"PS","rangeAddress":"$CD$55:$CD$92","headAddress":"$CD$55","bodyAddress":"$CD$56:$CD$92","_name":"прием"},"отдача":{"_level":1,"parentID":"e0811ce3-ef26-4d01-8aba-8e8c5924df7a","firstParentID":"0f54f1c8-17d9-4960-9891-42fcf03f55d4","ID":"ea486788-d43c-46b8-aee0-fa963bbd02a2","childs":{"по счетчику":{"_level":2,"parentID":"ea486788-d43c-46b8-aee0-fa963bbd02a2","firstParentID":"0f54f1c8-17d9-4960-9891-42fcf03f55d4","ID":"e74e3523-529e-4cb2-ad3f-1271c4cdc107","childs":null,"emcosID":null,"emcosMLID":null,"WSName":"PS","rangeAddress":"$CE$56:$CE$92","headAddress":"$CE$56","bodyAddress":"$CE$57:$CE$92","_name":"по счетчику"}},"emcosID":null,"emcosMLID":null,"WSName":"PS","rangeAddress":"$CE$55:$CE$92","headAddress":"$CE$55","bodyAddress":"$CE$56:$CE$92","_name":"отдача"}},"emcosID":null,"emcosMLID":null,"WSName":"PS","rangeAddress":"$CD$54:$CE$92","headAddress":"$CD$54:$CE$54","bodyAddress":"$CD$55:$CE$92","_name":"Л2083 Алматы"},"DB":{"_level":0,"parentID":"0f54f1c8-17d9-4960-9891-42fcf03f55d4","firstParentID":"0f54f1c8-17d9-4960-9891-42fcf03f55d4","ID":"6e199696-2b3a-491a-a5b1-727d259150c0","childs":{"прием":{"_level":1,"parentID":"6e199696-2b3a-491a-a5b1-727d259150c0","firstParentID":"0f54f1c8-17d9-4960-9891-42fcf03f55d4","ID":"21cc7465-924a-4bd4-a835-f4ff3d4f0b52","childs":{"код":{"_level":2,"parentID":"21cc7465-924a-4bd4-a835-f4ff3d4f0b52","firstParentID":"0f54f1c8-17d9-4960-9891-42fcf03f55d4","ID":"755bb1b3-dd56-4afd-b9f0-6d2d675661e5","childs":null,"emcosID":null,"emcosMLID":null,"WSName":"DB","rangeAddress":"$Z$9:$Z$46","headAddress":"$Z$9","bodyAddress":"$Z$10:$Z$46","_name":"код"},"основное":{"_level":2,"parentID":"21cc7465-924a-4bd4-a835-f4ff3d4f0b52","firstParentID":"0f54f1c8-17d9-4960-9891-42fcf03f55d4","ID":"901873dc-e800-43e0-9754-634f25e552d4","childs":null,"emcosID":null,"emcosMLID":null,"WSName":"DB","rangeAddress":"$AA$9:$AA$46","headAddress":"$AA$9","bodyAddress":"$AA$10:$AA$46","_name":"основное"},"корректировка факт":{"_level":2,"parentID":"21cc7465-924a-4bd4-a835-f4ff3d4f0b52","firstParentID":"0f54f1c8-17d9-4960-9891-42fcf03f55d4","ID":"e40e643b-e5c3-4f84-a85b-6166b10e53f3","childs":null,"emcosID":null,"emcosMLID":null,"WSName":"DB","rangeAddress":"$AB$9:$AB$46","headAddress":"$AB$9","bodyAddress":"$AB$10:$AB$46","_name":"корректировка факт"},"ручное":{"_level":2,"parentID":"21cc7465-924a-4bd4-a835-f4ff3d4f0b52","firstParentID":"0f54f1c8-17d9-4960-9891-42fcf03f55d4","ID":"cbc0823e-c254-4a78-af7e-6297c6fb2d14","childs":null,"emcosID":null,"emcosMLID":null,"WSName":"DB","rangeAddress":"$AC$9:$AC$46","headAddress":"$AC$9","bodyAddress":"$AC$10:$AC$46","_name":"ручное"},"оперативное":{"_level":2,"parentID":"21cc7465-924a-4bd4-a835-f4ff3d4f0b52","firstParentID":"0f54f1c8-17d9-4960-9891-42fcf03f55d4","ID":"b8c60872-a82b-4916-8bb7-abe7194a55f1","childs":null,"emcosID":null,"emcosMLID":null,"WSName":"DB","rangeAddress":"$AD$9:$AD$46","headAddress":"$AD$9","bodyAddress":"$AD$10:$AD$46","_name":"оперативное"},"счетчик":{"_level":2,"parentID":"21cc7465-924a-4bd4-a835-f4ff3d4f0b52","firstParentID":"0f54f1c8-17d9-4960-9891-42fcf03f55d4","ID":"a34cb278-7f10-4039-8c9a-2903d52a82b4","childs":null,"emcosID":null,"emcosMLID":null,"WSName":"DB","rangeAddress":"$AE$9:$AE$46","headAddress":"$AE$9","bodyAddress":"$AE$10:$AE$46","_name":"счетчик"},"по счетчику":{"_level":2,"parentID":"21cc7465-924a-4bd4-a835-f4ff3d4f0b52","firstParentID":"0f54f1c8-17d9-4960-9891-42fcf03f55d4","ID":"acfc5698-bb16-4d2b-b428-930d61349b96","childs":null,"emcosID":null,"emcosMLID":null,"WSName":"DB","rangeAddress":"$AF$9:$AF$46","headAddress":"$AF$9","bodyAddress":"$AF$10:$AF$46","_name":"по счетчику"}},"emcosID":null,"emcosMLID":null,"WSName":"DB","rangeAddress":"$Z$8:$AF$46","headAddress":"$Z$8:$AF$8","bodyAddress":"$Z$9:$AF$46","_name":"прием"},"отдача":{"_level":1,"parentID":"6e199696-2b3a-491a-a5b1-727d259150c0","firstParentID":"0f54f1c8-17d9-4960-9891-42fcf03f55d4","ID":"872a916a-f538-49a0-aa9a-05e75c7aab22","childs":{"код":{"_level":2,"parentID":"872a916a-f538-49a0-aa9a-05e75c7aab22","firstParentID":"0f54f1c8-17d9-4960-9891-42fcf03f55d4","ID":"be9f0bc5-8c10-4690-818c-8d07af32de5c","childs":null,"emcosID":null,"emcosMLID":null,"WSName":"DB","rangeAddress":"$AG$9:$AG$46","headAddress":"$AG$9","bodyAddress":"$AG$10:$AG$46","_name":"код"},"основное":{"_level":2,"parentID":"872a916a-f538-49a0-aa9a-05e75c7aab22","firstParentID":"0f54f1c8-17d9-4960-9891-42fcf03f55d4","ID":"f9c07e29-b680-479b-9937-a3d459ba1ba3","childs":null,"emcosID":null,"emcosMLID":null,"WSName":"DB","rangeAddress":"$AH$9:$AH$46","headAddress":"$AH$9","bodyAddress":"$AH$10:$AH$46","_name":"основное"},"корректировка факт":{"_level":2,"parentID":"872a916a-f538-49a0-aa9a-05e75c7aab22","firstParentID":"0f54f1c8-17d9-4960-9891-42fcf03f55d4","ID":"ef0e2bf6-3ce1-4ce9-bf60-46af48e7952c","childs":null,"emcosID":null,"emcosMLID":null,"WSName":"DB","rangeAddress":"$AI$9:$AI$46","headAddress":"$AI$9","bodyAddress":"$AI$10:$AI$46","_name":"корректировка факт"},"ручное":{"_level":2,"parentID":"872a916a-f538-49a0-aa9a-05e75c7aab22","firstParentID":"0f54f1c8-17d9-4960-9891-42fcf03f55d4","ID":"7a1d247b-248c-4c49-9179-f04c7ad6f8a5","childs":null,"emcosID":null,"emcosMLID":null,"WSName":"DB","rangeAddress":"$AJ$9:$AJ$46","headAddress":"$AJ$9","bodyAddress":"$AJ$10:$AJ$46","_name":"ручное"},"оперативное":{"_level":2,"parentID":"872a916a-f538-49a0-aa9a-05e75c7aab22","firstParentID":"0f54f1c8-17d9-4960-9891-42fcf03f55d4","ID":"d6335bb8-3683-45fe-89b7-64dd716c4bbb","childs":null,"emcosID":null,"emcosMLID":null,"WSName":"DB","rangeAddress":"$AK$9:$AK$46","headAddress":"$AK$9","bodyAddress":"$AK$10:$AK$46","_name":"оперативное"},"счетчик":{"_level":2,"parentID":"872a916a-f538-49a0-aa9a-05e75c7aab22","firstParentID":"0f54f1c8-17d9-4960-9891-42fcf03f55d4","ID":"50c57164-233e-469f-8685-ed843a786911","childs":null,"emcosID":null,"emcosMLID":null,"WSName":"DB","rangeAddress":"$AL$9:$AL$46","headAddress":"$AL$9","bodyAddress":"$AL$10:$AL$46","_name":"счетчик"},"по счетчику":{"_level":2,"parentID":"872a916a-f538-49a0-aa9a-05e75c7aab22","firstParentID":"0f54f1c8-17d9-4960-9891-42fcf03f55d4","ID":"541fa1d6-4a5f-4413-846d-6eb4af88dca6","childs":null,"emcosID":null,"emcosMLID":null,"WSName":"DB","rangeAddress":"$AM$9:$AM$46","headAddress":"$AM$9","bodyAddress":"$AM$10:$AM$46","_name":"по счетчику"}},"emcosID":null,"emcosMLID":null,"WSName":"DB","rangeAddress":"$AG$8:$AM$46","headAddress":"$AG$8:$AM$8","bodyAddress":"$AG$9:$AM$46","_name":"отдача"}},"emcosID":null,"emcosMLID":null,"WSName":"DB","rangeAddress":"$Z$7:$AM$46","headAddress":"$Z$7:$AM$7","bodyAddress":"$Z$8:$AM$46","_name":"Л2083 Алматы"}},"codPlan":null,"meterCoef":null,"_name":"Л2083 Алматы"}