{"ID":"4889cffa-cfee-4ffd-8f44-5274cfa42c1f","childs":{"PS":{"_level":0,"parentID":"4889cffa-cfee-4ffd-8f44-5274cfa42c1f","firstParentID":"4889cffa-cfee-4ffd-8f44-5274cfa42c1f","ID":"81e2dc08-fc0a-4686-be12-d0f3518e0e3a","childs":{"прием":{"_level":1,"parentID":"81e2dc08-fc0a-4686-be12-d0f3518e0e3a","firstParentID":"4889cffa-cfee-4ffd-8f44-5274cfa42c1f","ID":"6c5fe1e1-8adb-438c-aee6-ad02bacdb4fb","childs":{"по счетчику":{"_level":2,"parentID":"6c5fe1e1-8adb-438c-aee6-ad02bacdb4fb","firstParentID":"4889cffa-cfee-4ffd-8f44-5274cfa42c1f","ID":"a4a0687a-cab3-4093-807d-d8ab15843c51","childs":null,"emcosID":null,"emcosMLID":null,"WSName":"PS","rangeAddress":"$AC$99:$AC$135","headAddress":"$AC$99","bodyAddress":"$AC$100:$AC$135","_name":"по счетчику"}},"emcosID":null,"emcosMLID":null,"WSName":"PS","rangeAddress":"$AC$98:$AC$135","headAddress":"$AC$98","bodyAddress":"$AC$99:$AC$135","_name":"прием"}},"emcosID":null,"emcosMLID":null,"WSName":"PS","rangeAddress":"$AC$97:$AC$135","headAddress":"$AC$97","bodyAddress":"$AC$98:$AC$135","_name":"ТСН3 ОРУ 220 МГЭС"},"DB":{"_level":0,"parentID":"4889cffa-cfee-4ffd-8f44-5274cfa42c1f","firstParentID":"4889cffa-cfee-4ffd-8f44-5274cfa42c1f","ID":"3c3a85b2-d915-4855-90cd-35d8a4690e1f","childs":{"прием":{"_level":1,"parentID":"3c3a85b2-d915-4855-90cd-35d8a4690e1f","firstParentID":"4889cffa-cfee-4ffd-8f44-5274cfa42c1f","ID":"5401516b-8655-4f25-a07d-36fcd0d3e04c","childs":{"код":{"_level":2,"parentID":"5401516b-8655-4f25-a07d-36fcd0d3e04c","firstParentID":"4889cffa-cfee-4ffd-8f44-5274cfa42c1f","ID":"fb63b743-1a55-4846-b41b-f1de9574e720","childs":null,"emcosID":null,"emcosMLID":null,"WSName":"DB","rangeAddress":"$DE$353:$DE$390","headAddress":"$DE$353","bodyAddress":"$DE$354:$DE$390","_name":"код"},"основное":{"_level":2,"parentID":"5401516b-8655-4f25-a07d-36fcd0d3e04c","firstParentID":"4889cffa-cfee-4ffd-8f44-5274cfa42c1f","ID":"784cc64b-b9ab-4df5-aa12-366c1cf51ce2","childs":null,"emcosID":null,"emcosMLID":null,"WSName":"DB","rangeAddress":"$DF$353:$DF$390","headAddress":"$DF$353","bodyAddress":"$DF$354:$DF$390","_name":"основное"},"корректировка факт":{"_level":2,"parentID":"5401516b-8655-4f25-a07d-36fcd0d3e04c","firstParentID":"4889cffa-cfee-4ffd-8f44-5274cfa42c1f","ID":"9baa3ed7-05d1-455b-a7a7-c43aa744a911","childs":null,"emcosID":null,"emcosMLID":null,"WSName":"DB","rangeAddress":"$DG$353:$DG$390","headAddress":"$DG$353","bodyAddress":"$DG$354:$DG$390","_name":"корректировка факт"},"ручное":{"_level":2,"parentID":"5401516b-8655-4f25-a07d-36fcd0d3e04c","firstParentID":"4889cffa-cfee-4ffd-8f44-5274cfa42c1f","ID":"37485a3a-9874-4681-8b6e-43c97abac57c","childs":null,"emcosID":null,"emcosMLID":null,"WSName":"DB","rangeAddress":"$DH$353:$DH$390","headAddress":"$DH$353","bodyAddress":"$DH$354:$DH$390","_name":"ручное"},"счетчик":{"_level":2,"parentID":"5401516b-8655-4f25-a07d-36fcd0d3e04c","firstParentID":"4889cffa-cfee-4ffd-8f44-5274cfa42c1f","ID":"c5b2c40b-61ba-4f3d-82b0-9d0ce0c96b6d","childs":null,"emcosID":null,"emcosMLID":null,"WSName":"DB","rangeAddress":"$DI$353:$DI$390","headAddress":"$DI$353","bodyAddress":"$DI$354:$DI$390","_name":"счетчик"},"по счетчику":{"_level":2,"parentID":"5401516b-8655-4f25-a07d-36fcd0d3e04c","firstParentID":"4889cffa-cfee-4ffd-8f44-5274cfa42c1f","ID":"e0aad1d6-2078-4f56-b99e-50a4219be1ce","childs":null,"emcosID":null,"emcosMLID":null,"WSName":"DB","rangeAddress":"$DJ$353:$DJ$390","headAddress":"$DJ$353","bodyAddress":"$DJ$354:$DJ$390","_name":"по счетчику"}},"emcosID":null,"emcosMLID":null,"WSName":"DB","rangeAddress":"$DE$352:$DJ$390","headAddress":"$DE$352:$DJ$352","bodyAddress":"$DE$353:$DJ$390","_name":"прием"}},"emcosID":null,"emcosMLID":null,"WSName":"DB","rangeAddress":"$DE$351:$DJ$390","headAddress":"$DE$351:$DJ$351","bodyAddress":"$DE$352:$DJ$390","_name":"ТСН3 ОРУ 220 МГЭС"}},"codPlan":null,"meterCoef":null,"_name":"ТСН3 ОРУ 220 МГЭС"}