{"ID":"bccf8c55-3d25-4ba0-84dd-c513a641a0e5","childs":{"PS":{"_level":0,"parentID":"bccf8c55-3d25-4ba0-84dd-c513a641a0e5","firstParentID":"bccf8c55-3d25-4ba0-84dd-c513a641a0e5","ID":"d31a6595-6f34-4193-b766-e47802fa67b7","childs":{"прием":{"_level":1,"parentID":"d31a6595-6f34-4193-b766-e47802fa67b7","firstParentID":"bccf8c55-3d25-4ba0-84dd-c513a641a0e5","ID":"e2b91b00-9887-4a14-a0e1-2aa582634fa5","childs":{"аскуэ":{"_level":2,"parentID":"e2b91b00-9887-4a14-a0e1-2aa582634fa5","firstParentID":"bccf8c55-3d25-4ba0-84dd-c513a641a0e5","ID":"8ffc351d-b105-47fc-aa84-04e350bae9b1","childs":null,"emcosID":null,"emcosMLID":null,"WSName":"PS","rangeAddress":"$AU$56:$AU$92","headAddress":"$AU$56","bodyAddress":"$AU$57:$AU$92","_name":"аскуэ"}},"emcosID":null,"emcosMLID":null,"WSName":"PS","rangeAddress":"$AU$55:$AU$92","headAddress":"$AU$55","bodyAddress":"$AU$56:$AU$92","_name":"прием"},"отдача":{"_level":1,"parentID":"d31a6595-6f34-4193-b766-e47802fa67b7","firstParentID":"bccf8c55-3d25-4ba0-84dd-c513a641a0e5","ID":"fef8c52f-e66c-497c-9938-c950473ea4a5","childs":{"аскуэ":{"_level":2,"parentID":"fef8c52f-e66c-497c-9938-c950473ea4a5","firstParentID":"bccf8c55-3d25-4ba0-84dd-c513a641a0e5","ID":"a3e40e05-5ef6-4286-ac75-bf0384b90df5","childs":null,"emcosID":null,"emcosMLID":null,"WSName":"PS","rangeAddress":"$AV$56:$AV$92","headAddress":"$AV$56","bodyAddress":"$AV$57:$AV$92","_name":"аскуэ"}},"emcosID":null,"emcosMLID":null,"WSName":"PS","rangeAddress":"$AV$55:$AV$92","headAddress":"$AV$55","bodyAddress":"$AV$56:$AV$92","_name":"отдача"}},"emcosID":null,"emcosMLID":null,"WSName":"PS","rangeAddress":"$AU$54:$AV$92","headAddress":"$AU$54:$AV$54","bodyAddress":"$AU$55:$AV$92","_name":"Л2233 Шу"},"DB":{"_level":0,"parentID":"bccf8c55-3d25-4ba0-84dd-c513a641a0e5","firstParentID":"bccf8c55-3d25-4ba0-84dd-c513a641a0e5","ID":"47073831-6a55-41e6-a11f-42a3f616dc3e","childs":{"прием":{"_level":1,"parentID":"47073831-6a55-41e6-a11f-42a3f616dc3e","firstParentID":"bccf8c55-3d25-4ba0-84dd-c513a641a0e5","ID":"50be34cc-ae1a-4903-ab33-1510dc88c752","childs":{"код":{"_level":2,"parentID":"50be34cc-ae1a-4903-ab33-1510dc88c752","firstParentID":"bccf8c55-3d25-4ba0-84dd-c513a641a0e5","ID":"b200a07d-eb96-4bac-b819-718d8a2665db","childs":null,"emcosID":null,"emcosMLID":null,"WSName":"DB","rangeAddress":"$FR$9:$FR$46","headAddress":"$FR$9","bodyAddress":"$FR$10:$FR$46","_name":"код"},"основное":{"_level":2,"parentID":"50be34cc-ae1a-4903-ab33-1510dc88c752","firstParentID":"bccf8c55-3d25-4ba0-84dd-c513a641a0e5","ID":"59f83ce4-8a72-4639-86f0-57d9b50a403a","childs":null,"emcosID":null,"emcosMLID":null,"WSName":"DB","rangeAddress":"$FS$9:$FS$46","headAddress":"$FS$9","bodyAddress":"$FS$10:$FS$46","_name":"основное"},"корректировка факт":{"_level":2,"parentID":"50be34cc-ae1a-4903-ab33-1510dc88c752","firstParentID":"bccf8c55-3d25-4ba0-84dd-c513a641a0e5","ID":"a2db5b17-9b80-4aec-ad68-491b704a8e69","childs":null,"emcosID":null,"emcosMLID":null,"WSName":"DB","rangeAddress":"$FT$9:$FT$46","headAddress":"$FT$9","bodyAddress":"$FT$10:$FT$46","_name":"корректировка факт"},"ручное":{"_level":2,"parentID":"50be34cc-ae1a-4903-ab33-1510dc88c752","firstParentID":"bccf8c55-3d25-4ba0-84dd-c513a641a0e5","ID":"0da8a32b-b40a-45ec-af6a-36c94ba13187","childs":null,"emcosID":null,"emcosMLID":null,"WSName":"DB","rangeAddress":"$FU$9:$FU$46","headAddress":"$FU$9","bodyAddress":"$FU$10:$FU$46","_name":"ручное"},"счетчик":{"_level":2,"parentID":"50be34cc-ae1a-4903-ab33-1510dc88c752","firstParentID":"bccf8c55-3d25-4ba0-84dd-c513a641a0e5","ID":"bc72e7dc-30a1-4d81-ad16-8023cce7f198","childs":null,"emcosID":null,"emcosMLID":null,"WSName":"DB","rangeAddress":"$FV$9:$FV$46","headAddress":"$FV$9","bodyAddress":"$FV$10:$FV$46","_name":"счетчик"},"по счетчику":{"_level":2,"parentID":"50be34cc-ae1a-4903-ab33-1510dc88c752","firstParentID":"bccf8c55-3d25-4ba0-84dd-c513a641a0e5","ID":"73eb105c-6b47-4c84-a2fb-a6490cabad8a","childs":null,"emcosID":null,"emcosMLID":null,"WSName":"DB","rangeAddress":"$FW$9:$FW$46","headAddress":"$FW$9","bodyAddress":"$FW$10:$FW$46","_name":"по счетчику"},"аскуэ":{"_level":2,"parentID":"50be34cc-ae1a-4903-ab33-1510dc88c752","firstParentID":"bccf8c55-3d25-4ba0-84dd-c513a641a0e5","ID":"e3b44601-7459-4203-a106-92af4253bd1c","childs":null,"emcosID":null,"emcosMLID":null,"WSName":"DB","rangeAddress":"$FX$9:$FX$46","headAddress":"$FX$9","bodyAddress":"$FX$10:$FX$46","_name":"аскуэ"}},"emcosID":403,"emcosMLID":386,"WSName":"DB","rangeAddress":"$FR$8:$FX$46","headAddress":"$FR$8:$FX$8","bodyAddress":"$FR$9:$FX$46","_name":"прием"},"отдача":{"_level":1,"parentID":"47073831-6a55-41e6-a11f-42a3f616dc3e","firstParentID":"bccf8c55-3d25-4ba0-84dd-c513a641a0e5","ID":"e11c60c2-80fb-4fda-a614-3ca61bcfa975","childs":{"код":{"_level":2,"parentID":"e11c60c2-80fb-4fda-a614-3ca61bcfa975","firstParentID":"bccf8c55-3d25-4ba0-84dd-c513a641a0e5","ID":"2695f75f-1a82-4868-ad9d-6d2256957537","childs":null,"emcosID":null,"emcosMLID":null,"WSName":"DB","rangeAddress":"$FY$9:$FY$46","headAddress":"$FY$9","bodyAddress":"$FY$10:$FY$46","_name":"код"},"основное":{"_level":2,"parentID":"e11c60c2-80fb-4fda-a614-3ca61bcfa975","firstParentID":"bccf8c55-3d25-4ba0-84dd-c513a641a0e5","ID":"0d3eb7e7-8802-4e53-8661-30cbc06cd1f3","childs":null,"emcosID":null,"emcosMLID":null,"WSName":"DB","rangeAddress":"$FZ$9:$FZ$46","headAddress":"$FZ$9","bodyAddress":"$FZ$10:$FZ$46","_name":"основное"},"корректировка факт":{"_level":2,"parentID":"e11c60c2-80fb-4fda-a614-3ca61bcfa975","firstParentID":"bccf8c55-3d25-4ba0-84dd-c513a641a0e5","ID":"dbd8edb7-562f-4e4b-b7fd-eabe0066cf91","childs":null,"emcosID":null,"emcosMLID":null,"WSName":"DB","rangeAddress":"$GA$9:$GA$46","headAddress":"$GA$9","bodyAddress":"$GA$10:$GA$46","_name":"корректировка факт"},"ручное":{"_level":2,"parentID":"e11c60c2-80fb-4fda-a614-3ca61bcfa975","firstParentID":"bccf8c55-3d25-4ba0-84dd-c513a641a0e5","ID":"e9ba15ca-1c0c-4b66-bbd0-f0a6456d29b1","childs":null,"emcosID":null,"emcosMLID":null,"WSName":"DB","rangeAddress":"$GB$9:$GB$46","headAddress":"$GB$9","bodyAddress":"$GB$10:$GB$46","_name":"ручное"},"счетчик":{"_level":2,"parentID":"e11c60c2-80fb-4fda-a614-3ca61bcfa975","firstParentID":"bccf8c55-3d25-4ba0-84dd-c513a641a0e5","ID":"68ed5895-1253-421c-91dd-c9e3e9bcecba","childs":null,"emcosID":null,"emcosMLID":null,"WSName":"DB","rangeAddress":"$GC$9:$GC$46","headAddress":"$GC$9","bodyAddress":"$GC$10:$GC$46","_name":"счетчик"},"по счетчику":{"_level":2,"parentID":"e11c60c2-80fb-4fda-a614-3ca61bcfa975","firstParentID":"bccf8c55-3d25-4ba0-84dd-c513a641a0e5","ID":"b9881847-ef95-497e-abc7-d65ae469b3ba","childs":null,"emcosID":null,"emcosMLID":null,"WSName":"DB","rangeAddress":"$GD$9:$GD$46","headAddress":"$GD$9","bodyAddress":"$GD$10:$GD$46","_name":"по счетчику"},"аскуэ":{"_level":2,"parentID":"e11c60c2-80fb-4fda-a614-3ca61bcfa975","firstParentID":"bccf8c55-3d25-4ba0-84dd-c513a641a0e5","ID":"ad3e1c3e-95ba-4182-b18d-1ec069407f44","childs":null,"emcosID":null,"emcosMLID":null,"WSName":"DB","rangeAddress":"$GE$9:$GE$46","headAddress":"$GE$9","bodyAddress":"$GE$10:$GE$46","_name":"аскуэ"}},"emcosID":403,"emcosMLID":385,"WSName":"DB","rangeAddress":"$FY$8:$GE$46","headAddress":"$FY$8:$GE$8","bodyAddress":"$FY$9:$GE$46","_name":"отдача"}},"emcosID":null,"emcosMLID":null,"WSName":"DB","rangeAddress":"$FR$7:$GE$46","headAddress":"$FR$7:$GE$7","bodyAddress":"$FR$8:$GE$46","_name":"Л2233 Шу"}},"codPlan":null,"meterCoef":null,"_name":"Л2233 Шу"}