{"ID":"e53d64e3-141e-4a30-9508-53f92bb33287","childs":{"PS":{"_level":0,"parentID":"e53d64e3-141e-4a30-9508-53f92bb33287","firstParentID":"e53d64e3-141e-4a30-9508-53f92bb33287","ID":"4c9049ab-a93a-4408-be80-f1a471bdc8ed","childs":{"прием":{"_level":1,"parentID":"4c9049ab-a93a-4408-be80-f1a471bdc8ed","firstParentID":"e53d64e3-141e-4a30-9508-53f92bb33287","ID":"13296836-b22d-4e10-91d8-e78a924343c8","childs":{"по счетчику":{"_level":2,"parentID":"13296836-b22d-4e10-91d8-e78a924343c8","firstParentID":"e53d64e3-141e-4a30-9508-53f92bb33287","ID":"e24e8e26-bed1-4366-92c1-5acd98055b30","childs":null,"emcosID":null,"emcosMLID":null,"WSName":"PS","rangeAddress":"$AK$56:$AK$92","headAddress":"$AK$56","bodyAddress":"$AK$57:$AK$92","_name":"по счетчику"}},"emcosID":null,"emcosMLID":null,"WSName":"PS","rangeAddress":"$AK$55:$AK$92","headAddress":"$AK$55","bodyAddress":"$AK$56:$AK$92","_name":"прием"},"отдача":{"_level":1,"parentID":"4c9049ab-a93a-4408-be80-f1a471bdc8ed","firstParentID":"e53d64e3-141e-4a30-9508-53f92bb33287","ID":"0d86b896-ae5a-4ce3-93b6-ca710bb03ea9","childs":{"по счетчику":{"_level":2,"parentID":"0d86b896-ae5a-4ce3-93b6-ca710bb03ea9","firstParentID":"e53d64e3-141e-4a30-9508-53f92bb33287","ID":"8c0fbe28-b553-4d82-8cce-9edab9bd1a06","childs":null,"emcosID":null,"emcosMLID":null,"WSName":"PS","rangeAddress":"$AL$56:$AL$92","headAddress":"$AL$56","bodyAddress":"$AL$57:$AL$92","_name":"по счетчику"}},"emcosID":null,"emcosMLID":null,"WSName":"PS","rangeAddress":"$AL$55:$AL$92","headAddress":"$AL$55","bodyAddress":"$AL$56:$AL$92","_name":"отдача"}},"emcosID":null,"emcosMLID":null,"WSName":"PS","rangeAddress":"$AK$54:$AL$92","headAddress":"$AK$54:$AL$54","bodyAddress":"$AK$55:$AL$92","_name":"Л2733 Шу"},"DB":{"_level":0,"parentID":"e53d64e3-141e-4a30-9508-53f92bb33287","firstParentID":"e53d64e3-141e-4a30-9508-53f92bb33287","ID":"9d81d4c5-0d01-4527-a115-f3f2b32e5f89","childs":{"прием":{"_level":1,"parentID":"9d81d4c5-0d01-4527-a115-f3f2b32e5f89","firstParentID":"e53d64e3-141e-4a30-9508-53f92bb33287","ID":"87567361-bf9c-4791-8ad9-138f74db6e60","childs":{"код":{"_level":2,"parentID":"87567361-bf9c-4791-8ad9-138f74db6e60","firstParentID":"e53d64e3-141e-4a30-9508-53f92bb33287","ID":"db5705df-ea74-4108-91c6-b5e5084c7fde","childs":null,"emcosID":null,"emcosMLID":null,"WSName":"DB","rangeAddress":"$GF$9:$GF$46","headAddress":"$GF$9","bodyAddress":"$GF$10:$GF$46","_name":"код"},"основное":{"_level":2,"parentID":"87567361-bf9c-4791-8ad9-138f74db6e60","firstParentID":"e53d64e3-141e-4a30-9508-53f92bb33287","ID":"96eb2da6-5a65-44d8-a0c6-685ffb152464","childs":null,"emcosID":null,"emcosMLID":null,"WSName":"DB","rangeAddress":"$GG$9:$GG$46","headAddress":"$GG$9","bodyAddress":"$GG$10:$GG$46","_name":"основное"},"корректировка факт":{"_level":2,"parentID":"87567361-bf9c-4791-8ad9-138f74db6e60","firstParentID":"e53d64e3-141e-4a30-9508-53f92bb33287","ID":"adb0e174-fd95-45e6-ad62-2ffa328e6de7","childs":null,"emcosID":null,"emcosMLID":null,"WSName":"DB","rangeAddress":"$GH$9:$GH$46","headAddress":"$GH$9","bodyAddress":"$GH$10:$GH$46","_name":"корректировка факт"},"ручное":{"_level":2,"parentID":"87567361-bf9c-4791-8ad9-138f74db6e60","firstParentID":"e53d64e3-141e-4a30-9508-53f92bb33287","ID":"307308b2-3598-452b-8025-0a05d58a8e34","childs":null,"emcosID":null,"emcosMLID":null,"WSName":"DB","rangeAddress":"$GI$9:$GI$46","headAddress":"$GI$9","bodyAddress":"$GI$10:$GI$46","_name":"ручное"},"счетчик":{"_level":2,"parentID":"87567361-bf9c-4791-8ad9-138f74db6e60","firstParentID":"e53d64e3-141e-4a30-9508-53f92bb33287","ID":"72e9c03e-0fe0-477f-9425-d705e2fc0652","childs":null,"emcosID":null,"emcosMLID":null,"WSName":"DB","rangeAddress":"$GJ$9:$GJ$46","headAddress":"$GJ$9","bodyAddress":"$GJ$10:$GJ$46","_name":"счетчик"},"по счетчику":{"_level":2,"parentID":"87567361-bf9c-4791-8ad9-138f74db6e60","firstParentID":"e53d64e3-141e-4a30-9508-53f92bb33287","ID":"30cb25eb-0adf-4030-a067-b62bfda2100c","childs":null,"emcosID":null,"emcosMLID":null,"WSName":"DB","rangeAddress":"$GK$9:$GK$46","headAddress":"$GK$9","bodyAddress":"$GK$10:$GK$46","_name":"по счетчику"}},"emcosID":null,"emcosMLID":null,"WSName":"DB","rangeAddress":"$GF$8:$GK$46","headAddress":"$GF$8:$GK$8","bodyAddress":"$GF$9:$GK$46","_name":"прием"},"отдача":{"_level":1,"parentID":"9d81d4c5-0d01-4527-a115-f3f2b32e5f89","firstParentID":"e53d64e3-141e-4a30-9508-53f92bb33287","ID":"fa3d8ec1-607f-46b3-9f77-9f0b77e8dd66","childs":{"код":{"_level":2,"parentID":"fa3d8ec1-607f-46b3-9f77-9f0b77e8dd66","firstParentID":"e53d64e3-141e-4a30-9508-53f92bb33287","ID":"e6886382-df8a-444c-aca7-a289d08c1f2f","childs":null,"emcosID":null,"emcosMLID":null,"WSName":"DB","rangeAddress":"$GL$9:$GL$46","headAddress":"$GL$9","bodyAddress":"$GL$10:$GL$46","_name":"код"},"основное":{"_level":2,"parentID":"fa3d8ec1-607f-46b3-9f77-9f0b77e8dd66","firstParentID":"e53d64e3-141e-4a30-9508-53f92bb33287","ID":"25de2c81-a7ad-45e5-87e0-4ba3d9e292cb","childs":null,"emcosID":null,"emcosMLID":null,"WSName":"DB","rangeAddress":"$GM$9:$GM$46","headAddress":"$GM$9","bodyAddress":"$GM$10:$GM$46","_name":"основное"},"корректировка факт":{"_level":2,"parentID":"fa3d8ec1-607f-46b3-9f77-9f0b77e8dd66","firstParentID":"e53d64e3-141e-4a30-9508-53f92bb33287","ID":"821c858b-bfb0-4414-9d4f-31e9caf9e654","childs":null,"emcosID":null,"emcosMLID":null,"WSName":"DB","rangeAddress":"$GN$9:$GN$46","headAddress":"$GN$9","bodyAddress":"$GN$10:$GN$46","_name":"корректировка факт"},"ручное":{"_level":2,"parentID":"fa3d8ec1-607f-46b3-9f77-9f0b77e8dd66","firstParentID":"e53d64e3-141e-4a30-9508-53f92bb33287","ID":"cd4eb464-3984-4c94-9db7-5d4c48d51936","childs":null,"emcosID":null,"emcosMLID":null,"WSName":"DB","rangeAddress":"$GO$9:$GO$46","headAddress":"$GO$9","bodyAddress":"$GO$10:$GO$46","_name":"ручное"},"счетчик":{"_level":2,"parentID":"fa3d8ec1-607f-46b3-9f77-9f0b77e8dd66","firstParentID":"e53d64e3-141e-4a30-9508-53f92bb33287","ID":"62d8c6b3-fd38-4c3a-92b1-986fae08fdf2","childs":null,"emcosID":null,"emcosMLID":null,"WSName":"DB","rangeAddress":"$GP$9:$GP$46","headAddress":"$GP$9","bodyAddress":"$GP$10:$GP$46","_name":"счетчик"},"по счетчику":{"_level":2,"parentID":"fa3d8ec1-607f-46b3-9f77-9f0b77e8dd66","firstParentID":"e53d64e3-141e-4a30-9508-53f92bb33287","ID":"75668d7d-8871-4ecc-b5f9-c5326597bd70","childs":null,"emcosID":null,"emcosMLID":null,"WSName":"DB","rangeAddress":"$GQ$9:$GQ$46","headAddress":"$GQ$9","bodyAddress":"$GQ$10:$GQ$46","_name":"по счетчику"}},"emcosID":null,"emcosMLID":null,"WSName":"DB","rangeAddress":"$GL$8:$GQ$46","headAddress":"$GL$8:$GQ$8","bodyAddress":"$GL$9:$GQ$46","_name":"отдача"}},"emcosID":null,"emcosMLID":null,"WSName":"DB","rangeAddress":"$GF$7:$GQ$46","headAddress":"$GF$7:$GQ$7","bodyAddress":"$GF$8:$GQ$46","_name":"Л2733 Шу"}},"codPlan":null,"meterCoef":null,"_name":"Л2733 Шу"}