{"ID":"8d5da274-4d44-4ed4-b7ed-17fec3345f23","childs":{"PS":{"_level":0,"parentID":"8d5da274-4d44-4ed4-b7ed-17fec3345f23","firstParentID":"8d5da274-4d44-4ed4-b7ed-17fec3345f23","ID":"702b3f2b-8106-4d23-8f3b-6a0906660488","childs":{"прием":{"_level":1,"parentID":"702b3f2b-8106-4d23-8f3b-6a0906660488","firstParentID":"8d5da274-4d44-4ed4-b7ed-17fec3345f23","ID":"94a94d60-3109-4942-accc-6ff3ed322e9e","childs":{"ручное":{"_level":2,"parentID":"94a94d60-3109-4942-accc-6ff3ed322e9e","firstParentID":"8d5da274-4d44-4ed4-b7ed-17fec3345f23","ID":"3f2ff3c8-1a11-431d-9bf1-e42f5618d340","childs":null,"emcosID":null,"emcosMLID":null,"WSName":"PS","rangeAddress":"$AK$99:$AK$135","headAddress":"$AK$99","bodyAddress":"$AK$100:$AK$135","_name":"ручное"}},"emcosID":null,"emcosMLID":null,"WSName":"PS","rangeAddress":"$AK$98:$AK$135","headAddress":"$AK$98","bodyAddress":"$AK$99:$AK$135","_name":"прием"}},"emcosID":null,"emcosMLID":null,"WSName":"PS","rangeAddress":"$AK$97:$AK$135","headAddress":"$AK$97","bodyAddress":"$AK$98:$AK$135","_name":"с.н. ПС149 Талдыкорган ЗЩА"},"DB":{"_level":0,"parentID":"8d5da274-4d44-4ed4-b7ed-17fec3345f23","firstParentID":"8d5da274-4d44-4ed4-b7ed-17fec3345f23","ID":"675432b1-818e-46ba-9fbf-6383dfaa8cc2","childs":{"прием":{"_level":1,"parentID":"675432b1-818e-46ba-9fbf-6383dfaa8cc2","firstParentID":"8d5da274-4d44-4ed4-b7ed-17fec3345f23","ID":"e0691c92-7a0a-4967-be1b-a19dade13aee","childs":{"код":{"_level":2,"parentID":"e0691c92-7a0a-4967-be1b-a19dade13aee","firstParentID":"8d5da274-4d44-4ed4-b7ed-17fec3345f23","ID":"6193f322-1e5e-4280-b783-2e4809b252f3","childs":null,"emcosID":null,"emcosMLID":null,"WSName":"DB","rangeAddress":"$EN$224:$EN$261","headAddress":"$EN$224","bodyAddress":"$EN$225:$EN$261","_name":"код"},"основное":{"_level":2,"parentID":"e0691c92-7a0a-4967-be1b-a19dade13aee","firstParentID":"8d5da274-4d44-4ed4-b7ed-17fec3345f23","ID":"ca1afd39-c77e-44f5-99be-5c6f471a1bf3","childs":null,"emcosID":null,"emcosMLID":null,"WSName":"DB","rangeAddress":"$EO$224:$EO$261","headAddress":"$EO$224","bodyAddress":"$EO$225:$EO$261","_name":"основное"},"корректировка факт":{"_level":2,"parentID":"e0691c92-7a0a-4967-be1b-a19dade13aee","firstParentID":"8d5da274-4d44-4ed4-b7ed-17fec3345f23","ID":"9f9cdb07-0982-4b98-892c-d6b777893d5b","childs":null,"emcosID":null,"emcosMLID":null,"WSName":"DB","rangeAddress":"$EP$224:$EP$261","headAddress":"$EP$224","bodyAddress":"$EP$225:$EP$261","_name":"корректировка факт"},"ручное":{"_level":2,"parentID":"e0691c92-7a0a-4967-be1b-a19dade13aee","firstParentID":"8d5da274-4d44-4ed4-b7ed-17fec3345f23","ID":"1676892d-66d4-4afa-9b3e-633c1be84454","childs":null,"emcosID":null,"emcosMLID":null,"WSName":"DB","rangeAddress":"$EQ$224:$EQ$261","headAddress":"$EQ$224","bodyAddress":"$EQ$225:$EQ$261","_name":"ручное"}},"emcosID":null,"emcosMLID":null,"WSName":"DB","rangeAddress":"$EN$223:$EQ$261","headAddress":"$EN$223:$EQ$223","bodyAddress":"$EN$224:$EQ$261","_name":"прием"}},"emcosID":null,"emcosMLID":null,"WSName":"DB","rangeAddress":"$EN$222:$EQ$261","headAddress":"$EN$222:$EQ$222","bodyAddress":"$EN$223:$EQ$261","_name":"с.н. ПС149 Талдыкорган ЗЩА"}},"codPlan":null,"meterCoef":null,"_name":"с.н. ПС149 Талдыкорган ЗЩА"}