{"ID":"a46221d3-5884-47b2-886e-b14eda99c32e","childs":{"PS":{"_level":0,"parentID":"a46221d3-5884-47b2-886e-b14eda99c32e","firstParentID":"a46221d3-5884-47b2-886e-b14eda99c32e","ID":"81215d34-1b61-4fa3-9f71-a6f500835728","childs":{"прием":{"_level":1,"parentID":"81215d34-1b61-4fa3-9f71-a6f500835728","firstParentID":"a46221d3-5884-47b2-886e-b14eda99c32e","ID":"77bfc8fe-651b-4ced-aefc-bd4c93cc9538","childs":{"ручное":{"_level":2,"parentID":"77bfc8fe-651b-4ced-aefc-bd4c93cc9538","firstParentID":"a46221d3-5884-47b2-886e-b14eda99c32e","ID":"cf577b41-35a6-490a-9431-1e606eb05284","childs":null,"emcosID":null,"emcosMLID":null,"WSName":"PS","rangeAddress":"$AF$99:$AF$135","headAddress":"$AF$99","bodyAddress":"$AF$100:$AF$135","_name":"ручное"}},"emcosID":null,"emcosMLID":null,"WSName":"PS","rangeAddress":"$AF$98:$AF$135","headAddress":"$AF$98","bodyAddress":"$AF$99:$AF$135","_name":"прием"}},"emcosID":null,"emcosMLID":null,"WSName":"PS","rangeAddress":"$AF$97:$AF$135","headAddress":"$AF$97","bodyAddress":"$AF$98:$AF$135","_name":"с.н. ПС126 Талдыкорган"},"DB":{"_level":0,"parentID":"a46221d3-5884-47b2-886e-b14eda99c32e","firstParentID":"a46221d3-5884-47b2-886e-b14eda99c32e","ID":"ede1b16b-6da6-4cb0-82cf-19aca78d6bff","childs":{"прием":{"_level":1,"parentID":"ede1b16b-6da6-4cb0-82cf-19aca78d6bff","firstParentID":"a46221d3-5884-47b2-886e-b14eda99c32e","ID":"1476621d-2f19-46a1-bfd0-dbe9a4862778","childs":{"код":{"_level":2,"parentID":"1476621d-2f19-46a1-bfd0-dbe9a4862778","firstParentID":"a46221d3-5884-47b2-886e-b14eda99c32e","ID":"cfa080de-deb0-471c-b4f9-2385148af4ba","childs":null,"emcosID":null,"emcosMLID":null,"WSName":"DB","rangeAddress":"$EF$224:$EF$261","headAddress":"$EF$224","bodyAddress":"$EF$225:$EF$261","_name":"код"},"основное":{"_level":2,"parentID":"1476621d-2f19-46a1-bfd0-dbe9a4862778","firstParentID":"a46221d3-5884-47b2-886e-b14eda99c32e","ID":"81d61fd5-1f0f-4a87-b07e-aa98e39513ef","childs":null,"emcosID":null,"emcosMLID":null,"WSName":"DB","rangeAddress":"$EG$224:$EG$261","headAddress":"$EG$224","bodyAddress":"$EG$225:$EG$261","_name":"основное"},"корректировка факт":{"_level":2,"parentID":"1476621d-2f19-46a1-bfd0-dbe9a4862778","firstParentID":"a46221d3-5884-47b2-886e-b14eda99c32e","ID":"14453dd7-b2c6-44ab-91e6-56dbad95da34","childs":null,"emcosID":null,"emcosMLID":null,"WSName":"DB","rangeAddress":"$EH$224:$EH$261","headAddress":"$EH$224","bodyAddress":"$EH$225:$EH$261","_name":"корректировка факт"},"ручное":{"_level":2,"parentID":"1476621d-2f19-46a1-bfd0-dbe9a4862778","firstParentID":"a46221d3-5884-47b2-886e-b14eda99c32e","ID":"c468984f-729b-45cf-a8f7-153b772a86da","childs":null,"emcosID":null,"emcosMLID":null,"WSName":"DB","rangeAddress":"$EI$224:$EI$261","headAddress":"$EI$224","bodyAddress":"$EI$225:$EI$261","_name":"ручное"}},"emcosID":null,"emcosMLID":null,"WSName":"DB","rangeAddress":"$EF$223:$EI$261","headAddress":"$EF$223:$EI$223","bodyAddress":"$EF$224:$EI$261","_name":"прием"}},"emcosID":null,"emcosMLID":null,"WSName":"DB","rangeAddress":"$EF$222:$EI$261","headAddress":"$EF$222:$EI$222","bodyAddress":"$EF$223:$EI$261","_name":"с.н. ПС126 Талдыкорган"}},"codPlan":null,"meterCoef":null,"_name":"с.н. ПС126 Талдыкорган"}