[{"text":"(","ID":"d04ece3a-1981-4ebe-a10d-7a2c82998589","type":1},{"text":"Л5300 ЮКГРЭС прием","ID":"99136ec0-8a18-4f18-afe3-6c2371df6110","type":0},{"text":"+","ID":null,"type":2},{"text":"(","ID":"aa3fc936-d186-4604-a151-33bddc83792e","type":1},{"text":"Л5300 Агадырь отдача","ID":"d91ca84c-de1e-4270-b98e-5e8608b75366","type":0},{"text":"-","ID":null,"type":2},{"text":"Л5300 ЮКГРЭС прием","ID":"99136ec0-8a18-4f18-afe3-6c2371df6110","type":0},{"text":")","ID":"aa3fc936-d186-4604-a151-33bddc83792e","type":1},{"text":"*","ID":null,"type":2},{"text":"0,312","ID":null,"type":3},{"text":"-","ID":null,"type":2},{"text":"Л5300 ЮКГРЭС отдача","ID":"b965d53e-68df-416d-8600-37c51ba8bf69","type":0},{"text":"+","ID":null,"type":2},{"text":"(","ID":"3c13d58f-2450-4cb6-a302-c98d0e35d3f4","type":1},{"text":"Л5300 ЮКГРЭС отдача","ID":"b965d53e-68df-416d-8600-37c51ba8bf69","type":0},{"text":"-","ID":null,"type":2},{"text":"Л5300 Агадырь прием","ID":"b0816e2f-9af6-4ece-9d8b-b562144a2bcb","type":0},{"text":")","ID":"3c13d58f-2450-4cb6-a302-c98d0e35d3f4","type":1},{"text":"*","ID":null,"type":2},{"text":"0,312","ID":null,"type":3},{"text":")","ID":"d04ece3a-1981-4ebe-a10d-7a2c82998589","type":1},{"text":"+","ID":null,"type":2},{"text":"(","ID":"e99f9040-9df6-4f0e-9f58-fd86a417fad1","type":1},{"text":"Л5320 ЮКГРЭС прием","ID":"ff90af43-e9dd-4525-aeff-e2c6cb8b2c7d","type":0},{"text":"+","ID":null,"type":2},{"text":"(","ID":"ab9ab8b6-835c-46c6-a941-f15a15c37be9","type":1},{"text":"Л5320 Агадырь отдача","ID":"4a7f2f2c-0c79-46a6-bd8a-6c0e99cf0d90","type":0},{"text":"-","ID":null,"type":2},{"text":"Л5320 ЮКГРЭС прием","ID":"ff90af43-e9dd-4525-aeff-e2c6cb8b2c7d","type":0},{"text":")","ID":"ab9ab8b6-835c-46c6-a941-f15a15c37be9","type":1},{"text":"*","ID":null,"type":2},{"text":"0,312","ID":null,"type":3},{"text":"-","ID":null,"type":2},{"text":"Л5320 ЮКГРЭС отдача","ID":"f0efc28a-806d-432a-b29c-a65bc854d33e","type":0},{"text":"+","ID":null,"type":2},{"text":"(","ID":"98843c43-b026-46b5-9d40-be4f51933aab","type":1},{"text":"Л5320 ЮКГРЭС отдача","ID":"f0efc28a-806d-432a-b29c-a65bc854d33e","type":0},{"text":"-","ID":null,"type":2},{"text":"Л5320 Агадырь прием","ID":"4ab32270-6f07-4df3-8c7e-c6ebc7ebddf5","type":0},{"text":")","ID":"98843c43-b026-46b5-9d40-be4f51933aab","type":1},{"text":"*","ID":null,"type":2},{"text":"0,312","ID":null,"type":3},{"text":")","ID":"e99f9040-9df6-4f0e-9f58-fd86a417fad1","type":1},{"text":"+","ID":null,"type":2},{"text":"Сальдо ЖРЭК Общее сальдо","ID":"fa3805c5-45b5-48b5-b6fd-207521016b84","type":0}]