[{"text":"Генерация Энергия Алем ИГЭС 3 отдача","ID":"468d7eae-bbc0-4c3e-9c4c-2b072cfe18c8","type":0},{"text":"+","ID":null,"type":2},{"text":"Генерация 2МВт и 416 кВт Самрук Грин Энерджи отдача","ID":"6e43a54c-8e51-4de0-96ff-f8f0a7cf5047","type":0},{"text":"+","ID":null,"type":2},{"text":"Генерация Аннар отдача","ID":"193bc383-9a37-4eae-abc7-e1fe398d0e7b","type":0},{"text":"+","ID":null,"type":2},{"text":"Генерация DEF GES отдача","ID":"1b0c7e7d-5056-4326-921a-73392de20a49","type":0},{"text":"+","ID":null,"type":2},{"text":"Генерация EC ENERGY Qazaqstan отдача","ID":"c9ef05f2-7eea-4609-82b1-4bfa4057c760","type":0},{"text":"+","ID":null,"type":2},{"text":"Генерация Нурлы отдача","ID":"ca625f2b-af08-4b82-999f-021b5057d73a","type":0},{"text":"+","ID":null,"type":2},{"text":"Генерация Сарыбулак отдача","ID":"44855c45-c5d5-4a8d-bfc2-b7b070a9c943","type":0},{"text":"+","ID":null,"type":2},{"text":"Генерация Сарыбулак 2 отдача","ID":"ededcd4a-d9e2-49d5-b0e3-2648b785198a","type":0},{"text":"+","ID":null,"type":2},{"text":"Генерация Кербулак отдача","ID":"386d3391-c1f9-4a1d-90bb-ee63c93fa2c0","type":0},{"text":"+","ID":null,"type":2},{"text":"Генерация Кербулак 2 отдача","ID":"8f45482d-c6f0-4217-ac4a-0335aaac63e2","type":0},{"text":"+","ID":null,"type":2},{"text":"Генерация M Kat Green СЭС Шу 100 отдача","ID":"21c8e967-fa81-49ee-a0c2-878da9526a3b","type":0},{"text":"+","ID":null,"type":2},{"text":"Генерация Mistral Energy СЭС Каскелен 50 отдача","ID":"cd770eee-b14a-4144-869a-d4f8fd422a8d","type":0},{"text":"+","ID":null,"type":2},{"text":"Генерация Нурлы 2 отдача","ID":"8b4fd475-bd69-4b5a-9822-38e7425075e4","type":0},{"text":"+","ID":null,"type":2},{"text":"Генерация Техно Базальт отдача","ID":"4575e9e4-647a-4b7d-b9b3-461ecde9898d","type":0},{"text":"+","ID":null,"type":2},{"text":"Генерация ВЭС Шелек Самрук Грин Энерджи отдача","ID":"7bde5bfc-94f9-4077-9b4b-90779c153604","type":0},{"text":"+","ID":null,"type":2},{"text":"Генерация ВЭС Алатау Самрук Грин Энерджи отдача","ID":"09de9463-3d8e-44c7-94bb-2e01677f02af","type":0},{"text":"+","ID":null,"type":2},{"text":"Генерация Гидро Пауэр отдача","ID":"78c7e47f-c40d-4a6a-bcf4-30e5a919942a","type":0},{"text":"+","ID":null,"type":2},{"text":"Генерация Капшагай Солар Парк отдача","ID":"0f2904f5-3390-4781-82a8-dc3775fb9901","type":0},{"text":"+","ID":null,"type":2},{"text":"Генерация Энергия Семиречья отдача","ID":"bbae3c6b-5f82-47a2-a9be-ce1866712dcf","type":0},{"text":"+","ID":null,"type":2},{"text":"Генерация Жеруйык Энерго отдача","ID":"44e40774-b09d-48cf-bd1c-20dfd5419971","type":0},{"text":"+","ID":null,"type":2},{"text":"Генерация Eneverse Kunkuat СЭС Капшагай 100 отдача","ID":"ad9f0c85-a3d6-4cf7-a0b7-c5c57d1c0e3c","type":0}]