{"ID":"0d3d4903-b40d-4899-9bdb-5b02a9a6f36e","childs":{"PS":{"_level":0,"parentID":"0d3d4903-b40d-4899-9bdb-5b02a9a6f36e","firstParentID":"0d3d4903-b40d-4899-9bdb-5b02a9a6f36e","ID":"80ee49a2-7df0-48f2-98b6-8cb17e52949d","childs":{"прием":{"_level":1,"parentID":"80ee49a2-7df0-48f2-98b6-8cb17e52949d","firstParentID":"0d3d4903-b40d-4899-9bdb-5b02a9a6f36e","ID":"5ba7ecdf-b9d5-42a7-9c1f-1b6f0083d4bf","childs":{"по счетчику":{"_level":2,"parentID":"5ba7ecdf-b9d5-42a7-9c1f-1b6f0083d4bf","firstParentID":"0d3d4903-b40d-4899-9bdb-5b02a9a6f36e","ID":"bbf1de37-58a5-49c0-804f-3a1b3ec1e521","childs":null,"emcosID":null,"emcosMLID":null,"codMaketTEP":null,"codTEP":null,"WSName":"PS","rangeAddress":"$DI$56:$DI$92","headAddress":"$DI$56","bodyAddress":"$DI$57:$DI$92","_name":"по счетчику"}},"emcosID":null,"emcosMLID":null,"codMaketTEP":null,"codTEP":null,"WSName":"PS","rangeAddress":"$DI$55:$DI$92","headAddress":"$DI$55","bodyAddress":"$DI$56:$DI$92","_name":"прием"},"отдача":{"_level":1,"parentID":"80ee49a2-7df0-48f2-98b6-8cb17e52949d","firstParentID":"0d3d4903-b40d-4899-9bdb-5b02a9a6f36e","ID":"716ebc2c-af12-4cb7-a17a-6a971b09f576","childs":{"по счетчику":{"_level":2,"parentID":"716ebc2c-af12-4cb7-a17a-6a971b09f576","firstParentID":"0d3d4903-b40d-4899-9bdb-5b02a9a6f36e","ID":"8ee33e2a-da00-440d-b779-d816cd7f9e02","childs":null,"emcosID":null,"emcosMLID":null,"codMaketTEP":null,"codTEP":null,"WSName":"PS","rangeAddress":"$DJ$56:$DJ$92","headAddress":"$DJ$56","bodyAddress":"$DJ$57:$DJ$92","_name":"по счетчику"}},"emcosID":null,"emcosMLID":null,"codMaketTEP":null,"codTEP":null,"WSName":"PS","rangeAddress":"$DJ$55:$DJ$92","headAddress":"$DJ$55","bodyAddress":"$DJ$56:$DJ$92","_name":"отдача"}},"emcosID":null,"emcosMLID":null,"codMaketTEP":null,"codTEP":null,"WSName":"PS","rangeAddress":"$DI$54:$DJ$92","headAddress":"$DI$54:$DJ$54","bodyAddress":"$DI$55:$DJ$92","_name":"Л5353 Алма"},"DB":{"_level":0,"parentID":"0d3d4903-b40d-4899-9bdb-5b02a9a6f36e","firstParentID":"0d3d4903-b40d-4899-9bdb-5b02a9a6f36e","ID":"35c71e79-4d5e-4564-bb54-eee12931e7cd","childs":{"прием":{"_level":1,"parentID":"35c71e79-4d5e-4564-bb54-eee12931e7cd","firstParentID":"0d3d4903-b40d-4899-9bdb-5b02a9a6f36e","ID":"a4bb547c-cf06-4b27-ac14-538bec08ccb0","childs":{"код":{"_level":2,"parentID":"a4bb547c-cf06-4b27-ac14-538bec08ccb0","firstParentID":"0d3d4903-b40d-4899-9bdb-5b02a9a6f36e","ID":"35c28c98-6474-414a-b47f-8a95e699e9f6","childs":null,"emcosID":null,"emcosMLID":null,"codMaketTEP":null,"codTEP":null,"WSName":"DB","rangeAddress":"$II$52:$II$89","headAddress":"$II$52","bodyAddress":"$II$53:$II$89","_name":"код"},"основное":{"_level":2,"parentID":"a4bb547c-cf06-4b27-ac14-538bec08ccb0","firstParentID":"0d3d4903-b40d-4899-9bdb-5b02a9a6f36e","ID":"c9d85e17-2c44-4820-9842-fe970bcdce3b","childs":null,"emcosID":null,"emcosMLID":null,"codMaketTEP":null,"codTEP":null,"WSName":"DB","rangeAddress":"$IJ$52:$IJ$89","headAddress":"$IJ$52","bodyAddress":"$IJ$53:$IJ$89","_name":"основное"},"корректировка факт":{"_level":2,"parentID":"a4bb547c-cf06-4b27-ac14-538bec08ccb0","firstParentID":"0d3d4903-b40d-4899-9bdb-5b02a9a6f36e","ID":"4aa90d03-6e44-4955-9b56-c01fd3c351ef","childs":null,"emcosID":null,"emcosMLID":null,"codMaketTEP":null,"codTEP":null,"WSName":"DB","rangeAddress":"$IK$52:$IK$89","headAddress":"$IK$52","bodyAddress":"$IK$53:$IK$89","_name":"корректировка факт"},"ручное":{"_level":2,"parentID":"a4bb547c-cf06-4b27-ac14-538bec08ccb0","firstParentID":"0d3d4903-b40d-4899-9bdb-5b02a9a6f36e","ID":"a6b41fa7-254e-4298-a26f-d76e7d397a2f","childs":null,"emcosID":null,"emcosMLID":null,"codMaketTEP":null,"codTEP":null,"WSName":"DB","rangeAddress":"$IL$52:$IL$89","headAddress":"$IL$52","bodyAddress":"$IL$53:$IL$89","_name":"ручное"},"счетчик":{"_level":2,"parentID":"a4bb547c-cf06-4b27-ac14-538bec08ccb0","firstParentID":"0d3d4903-b40d-4899-9bdb-5b02a9a6f36e","ID":"459c861d-28b4-45fd-ba20-499f72f90da6","childs":null,"emcosID":null,"emcosMLID":null,"codMaketTEP":null,"codTEP":null,"WSName":"DB","rangeAddress":"$IM$52:$IM$89","headAddress":"$IM$52","bodyAddress":"$IM$53:$IM$89","_name":"счетчик"},"по счетчику":{"_level":2,"parentID":"a4bb547c-cf06-4b27-ac14-538bec08ccb0","firstParentID":"0d3d4903-b40d-4899-9bdb-5b02a9a6f36e","ID":"0f58e58a-58d9-49b6-b22e-d09ce883389b","childs":null,"emcosID":null,"emcosMLID":null,"codMaketTEP":null,"codTEP":null,"WSName":"DB","rangeAddress":"$IN$52:$IN$89","headAddress":"$IN$52","bodyAddress":"$IN$53:$IN$89","_name":"по счетчику"}},"emcosID":null,"emcosMLID":null,"codMaketTEP":null,"codTEP":null,"WSName":"DB","rangeAddress":"$II$51:$IN$89","headAddress":"$II$51:$IN$51","bodyAddress":"$II$52:$IN$89","_name":"прием"},"отдача":{"_level":1,"parentID":"35c71e79-4d5e-4564-bb54-eee12931e7cd","firstParentID":"0d3d4903-b40d-4899-9bdb-5b02a9a6f36e","ID":"42ba42e0-f0ed-4c89-a6e0-c7c946c40cb6","childs":{"код":{"_level":2,"parentID":"42ba42e0-f0ed-4c89-a6e0-c7c946c40cb6","firstParentID":"0d3d4903-b40d-4899-9bdb-5b02a9a6f36e","ID":"ae878660-61f2-412c-a233-e8d77463b464","childs":null,"emcosID":null,"emcosMLID":null,"codMaketTEP":null,"codTEP":null,"WSName":"DB","rangeAddress":"$IO$52:$IO$89","headAddress":"$IO$52","bodyAddress":"$IO$53:$IO$89","_name":"код"},"основное":{"_level":2,"parentID":"42ba42e0-f0ed-4c89-a6e0-c7c946c40cb6","firstParentID":"0d3d4903-b40d-4899-9bdb-5b02a9a6f36e","ID":"1353c9e8-d112-4746-acf3-45ce8229aff7","childs":null,"emcosID":null,"emcosMLID":null,"codMaketTEP":null,"codTEP":null,"WSName":"DB","rangeAddress":"$IP$52:$IP$89","headAddress":"$IP$52","bodyAddress":"$IP$53:$IP$89","_name":"основное"},"корректировка факт":{"_level":2,"parentID":"42ba42e0-f0ed-4c89-a6e0-c7c946c40cb6","firstParentID":"0d3d4903-b40d-4899-9bdb-5b02a9a6f36e","ID":"655acff4-bf2d-4f77-9f29-18bb16a30828","childs":null,"emcosID":null,"emcosMLID":null,"codMaketTEP":null,"codTEP":null,"WSName":"DB","rangeAddress":"$IQ$52:$IQ$89","headAddress":"$IQ$52","bodyAddress":"$IQ$53:$IQ$89","_name":"корректировка факт"},"ручное":{"_level":2,"parentID":"42ba42e0-f0ed-4c89-a6e0-c7c946c40cb6","firstParentID":"0d3d4903-b40d-4899-9bdb-5b02a9a6f36e","ID":"6cd4c80c-f429-4e3e-969c-8a93f2adfda3","childs":null,"emcosID":null,"emcosMLID":null,"codMaketTEP":null,"codTEP":null,"WSName":"DB","rangeAddress":"$IR$52:$IR$89","headAddress":"$IR$52","bodyAddress":"$IR$53:$IR$89","_name":"ручное"},"счетчик":{"_level":2,"parentID":"42ba42e0-f0ed-4c89-a6e0-c7c946c40cb6","firstParentID":"0d3d4903-b40d-4899-9bdb-5b02a9a6f36e","ID":"13f631fa-3514-4bf4-bb19-c6585e676048","childs":null,"emcosID":null,"emcosMLID":null,"codMaketTEP":null,"codTEP":null,"WSName":"DB","rangeAddress":"$IS$52:$IS$89","headAddress":"$IS$52","bodyAddress":"$IS$53:$IS$89","_name":"счетчик"},"по счетчику":{"_level":2,"parentID":"42ba42e0-f0ed-4c89-a6e0-c7c946c40cb6","firstParentID":"0d3d4903-b40d-4899-9bdb-5b02a9a6f36e","ID":"7e60a0b8-d05c-4666-a3eb-f0caadb5b9a4","childs":null,"emcosID":null,"emcosMLID":null,"codMaketTEP":null,"codTEP":null,"WSName":"DB","rangeAddress":"$IT$52:$IT$89","headAddress":"$IT$52","bodyAddress":"$IT$53:$IT$89","_name":"по счетчику"}},"emcosID":null,"emcosMLID":null,"codMaketTEP":null,"codTEP":null,"WSName":"DB","rangeAddress":"$IO$51:$IT$89","headAddress":"$IO$51:$IT$51","bodyAddress":"$IO$52:$IT$89","_name":"отдача"}},"emcosID":null,"emcosMLID":null,"codMaketTEP":null,"codTEP":null,"WSName":"DB","rangeAddress":"$II$50:$IT$89","headAddress":"$II$50:$IT$50","bodyAddress":"$II$51:$IT$89","_name":"Л5353 Алма"}},"codPlan":null,"meterCoef":null,"_name":"Л5353 Алма"}