{"ID":"19bb749b-b73f-4bec-b858-808f37d03c5a","childs":{"PS":{"_level":0,"parentID":"19bb749b-b73f-4bec-b858-808f37d03c5a","firstParentID":"19bb749b-b73f-4bec-b858-808f37d03c5a","ID":"a9554ea5-bec5-435a-a755-93d510714fdf","childs":{"прием":{"_level":1,"parentID":"a9554ea5-bec5-435a-a755-93d510714fdf","firstParentID":"19bb749b-b73f-4bec-b858-808f37d03c5a","ID":"6cbc8555-aae8-4625-8571-76e3051d7a2c","childs":{"оперативное":{"_level":2,"parentID":"6cbc8555-aae8-4625-8571-76e3051d7a2c","firstParentID":"19bb749b-b73f-4bec-b858-808f37d03c5a","ID":"c00d9f80-c2b0-4b66-8744-38d42d291fba","childs":null,"emcosID":null,"emcosMLID":null,"codMaketTEP":null,"codTEP":null,"WSName":"PS","rangeAddress":"$P$228:$P$264","headAddress":"$P$228","bodyAddress":"$P$229:$P$264","_name":"оперативное"}},"emcosID":null,"emcosMLID":null,"codMaketTEP":null,"codTEP":null,"WSName":"PS","rangeAddress":"$P$227:$P$264","headAddress":"$P$227","bodyAddress":"$P$228:$P$264","_name":"прием"}},"emcosID":null,"emcosMLID":null,"codMaketTEP":null,"codTEP":null,"WSName":"PS","rangeAddress":"$P$226:$P$264","headAddress":"$P$226","bodyAddress":"$P$227:$P$264","_name":"Потребление Алем Павлодар"},"DB":{"_level":0,"parentID":"19bb749b-b73f-4bec-b858-808f37d03c5a","firstParentID":"19bb749b-b73f-4bec-b858-808f37d03c5a","ID":"5273e295-1535-4f50-a17e-f0c1a3a419dd","childs":{"прием":{"_level":1,"parentID":"5273e295-1535-4f50-a17e-f0c1a3a419dd","firstParentID":"19bb749b-b73f-4bec-b858-808f37d03c5a","ID":"8326fe65-a469-48e0-b5f0-3b656b32c890","childs":{"код":{"_level":2,"parentID":"8326fe65-a469-48e0-b5f0-3b656b32c890","firstParentID":"19bb749b-b73f-4bec-b858-808f37d03c5a","ID":"b0f090ab-ffe8-4044-82e3-310bae38cdd6","childs":null,"emcosID":null,"emcosMLID":null,"codMaketTEP":null,"codTEP":null,"WSName":"DB","rangeAddress":"$CN$396:$CN$433","headAddress":"$CN$396","bodyAddress":"$CN$397:$CN$433","_name":"код"},"основное":{"_level":2,"parentID":"8326fe65-a469-48e0-b5f0-3b656b32c890","firstParentID":"19bb749b-b73f-4bec-b858-808f37d03c5a","ID":"60104c9d-3458-47c3-aa23-03a2d356db3f","childs":null,"emcosID":null,"emcosMLID":null,"codMaketTEP":null,"codTEP":null,"WSName":"DB","rangeAddress":"$CO$396:$CO$433","headAddress":"$CO$396","bodyAddress":"$CO$397:$CO$433","_name":"основное"},"корректировка факт":{"_level":2,"parentID":"8326fe65-a469-48e0-b5f0-3b656b32c890","firstParentID":"19bb749b-b73f-4bec-b858-808f37d03c5a","ID":"61a698b5-cd80-48d5-951f-58c5df72a399","childs":null,"emcosID":null,"emcosMLID":null,"codMaketTEP":null,"codTEP":null,"WSName":"DB","rangeAddress":"$CP$396:$CP$433","headAddress":"$CP$396","bodyAddress":"$CP$397:$CP$433","_name":"корректировка факт"},"ручное":{"_level":2,"parentID":"8326fe65-a469-48e0-b5f0-3b656b32c890","firstParentID":"19bb749b-b73f-4bec-b858-808f37d03c5a","ID":"7f64b1dd-7a8f-4f66-a16a-fdb2f112ca57","childs":null,"emcosID":null,"emcosMLID":null,"codMaketTEP":null,"codTEP":null,"WSName":"DB","rangeAddress":"$CQ$396:$CQ$433","headAddress":"$CQ$396","bodyAddress":"$CQ$397:$CQ$433","_name":"ручное"},"оперативное":{"_level":2,"parentID":"8326fe65-a469-48e0-b5f0-3b656b32c890","firstParentID":"19bb749b-b73f-4bec-b858-808f37d03c5a","ID":"c5810cf8-e29b-483b-a45a-258484136b18","childs":null,"emcosID":null,"emcosMLID":null,"codMaketTEP":null,"codTEP":null,"WSName":"DB","rangeAddress":"$CR$396:$CR$433","headAddress":"$CR$396","bodyAddress":"$CR$397:$CR$433","_name":"оперативное"}},"emcosID":null,"emcosMLID":null,"codMaketTEP":null,"codTEP":null,"WSName":"DB","rangeAddress":"$CN$395:$CR$433","headAddress":"$CN$395:$CR$395","bodyAddress":"$CN$396:$CR$433","_name":"прием"}},"emcosID":null,"emcosMLID":null,"codMaketTEP":null,"codTEP":null,"WSName":"DB","rangeAddress":"$CN$394:$CR$433","headAddress":"$CN$394:$CR$394","bodyAddress":"$CN$395:$CR$433","_name":"Потребление Алем Павлодар"}},"codPlan":null,"meterCoef":null,"_name":"Потребление Алем Павлодар"}