{"ID":"209e0edd-f5cb-4709-a4f2-17b540962a0c","childs":{"PS":{"_level":0,"parentID":"209e0edd-f5cb-4709-a4f2-17b540962a0c","firstParentID":"209e0edd-f5cb-4709-a4f2-17b540962a0c","ID":"2cc07b93-89e6-4e71-a38f-e7fee1c90a10","childs":{"прием":{"_level":1,"parentID":"2cc07b93-89e6-4e71-a38f-e7fee1c90a10","firstParentID":"209e0edd-f5cb-4709-a4f2-17b540962a0c","ID":"0e392b74-cdd3-41c5-954c-b7393c2b7646","childs":{"ручное":{"_level":2,"parentID":"0e392b74-cdd3-41c5-954c-b7393c2b7646","firstParentID":"209e0edd-f5cb-4709-a4f2-17b540962a0c","ID":"cd48b65b-0808-4ea6-bdc1-d40b909d5fe0","childs":null,"emcosID":null,"emcosMLID":null,"codMaketTEP":null,"codTEP":null,"WSName":"PS","rangeAddress":"$DB$56:$DB$92","headAddress":"$DB$56","bodyAddress":"$DB$57:$DB$92","_name":"ручное"}},"emcosID":null,"emcosMLID":null,"codMaketTEP":null,"codTEP":null,"WSName":"PS","rangeAddress":"$DB$55:$DB$92","headAddress":"$DB$55","bodyAddress":"$DB$56:$DB$92","_name":"прием"},"отдача":{"_level":1,"parentID":"2cc07b93-89e6-4e71-a38f-e7fee1c90a10","firstParentID":"209e0edd-f5cb-4709-a4f2-17b540962a0c","ID":"6082658a-c25b-41c2-9387-c4577af3dbbc","childs":{"ручное":{"_level":2,"parentID":"6082658a-c25b-41c2-9387-c4577af3dbbc","firstParentID":"209e0edd-f5cb-4709-a4f2-17b540962a0c","ID":"e8b1e60c-e555-4d0b-8a60-1216d6d8f673","childs":null,"emcosID":null,"emcosMLID":null,"codMaketTEP":null,"codTEP":null,"WSName":"PS","rangeAddress":"$DC$56:$DC$92","headAddress":"$DC$56","bodyAddress":"$DC$57:$DC$92","_name":"ручное"}},"emcosID":null,"emcosMLID":null,"codMaketTEP":null,"codTEP":null,"WSName":"PS","rangeAddress":"$DC$55:$DC$92","headAddress":"$DC$55","bodyAddress":"$DC$56:$DC$92","_name":"отдача"}},"emcosID":null,"emcosMLID":null,"codMaketTEP":null,"codTEP":null,"WSName":"PS","rangeAddress":"$DB$54:$DC$92","headAddress":"$DB$54:$DC$54","bodyAddress":"$DB$55:$DC$92","_name":"Л2543 Талдыкорган"},"DB":{"_level":0,"parentID":"209e0edd-f5cb-4709-a4f2-17b540962a0c","firstParentID":"209e0edd-f5cb-4709-a4f2-17b540962a0c","ID":"8daac2db-7361-49d9-a881-92cd8927735e","childs":{"прием":{"_level":1,"parentID":"8daac2db-7361-49d9-a881-92cd8927735e","firstParentID":"209e0edd-f5cb-4709-a4f2-17b540962a0c","ID":"b5746090-575b-449a-9336-3b917048c1ed","childs":{"код":{"_level":2,"parentID":"b5746090-575b-449a-9336-3b917048c1ed","firstParentID":"209e0edd-f5cb-4709-a4f2-17b540962a0c","ID":"367e033a-25c4-4e58-9285-e17dc49026d8","childs":null,"emcosID":null,"emcosMLID":null,"codMaketTEP":null,"codTEP":null,"WSName":"DB","rangeAddress":"$JO$52:$JO$89","headAddress":"$JO$52","bodyAddress":"$JO$53:$JO$89","_name":"код"},"основное":{"_level":2,"parentID":"b5746090-575b-449a-9336-3b917048c1ed","firstParentID":"209e0edd-f5cb-4709-a4f2-17b540962a0c","ID":"34473521-4756-457e-b7c9-3508aad29bff","childs":null,"emcosID":null,"emcosMLID":null,"codMaketTEP":null,"codTEP":null,"WSName":"DB","rangeAddress":"$JP$52:$JP$89","headAddress":"$JP$52","bodyAddress":"$JP$53:$JP$89","_name":"основное"},"корректировка факт":{"_level":2,"parentID":"b5746090-575b-449a-9336-3b917048c1ed","firstParentID":"209e0edd-f5cb-4709-a4f2-17b540962a0c","ID":"8af46271-b01d-4154-8fb5-8e66a1c0570b","childs":null,"emcosID":null,"emcosMLID":null,"codMaketTEP":null,"codTEP":null,"WSName":"DB","rangeAddress":"$JQ$52:$JQ$89","headAddress":"$JQ$52","bodyAddress":"$JQ$53:$JQ$89","_name":"корректировка факт"},"ручное":{"_level":2,"parentID":"b5746090-575b-449a-9336-3b917048c1ed","firstParentID":"209e0edd-f5cb-4709-a4f2-17b540962a0c","ID":"8b5cef17-2021-4c56-a114-bf5abf5e6b6f","childs":null,"emcosID":null,"emcosMLID":null,"codMaketTEP":null,"codTEP":null,"WSName":"DB","rangeAddress":"$JR$52:$JR$89","headAddress":"$JR$52","bodyAddress":"$JR$53:$JR$89","_name":"ручное"}},"emcosID":null,"emcosMLID":null,"codMaketTEP":null,"codTEP":null,"WSName":"DB","rangeAddress":"$JO$51:$JR$89","headAddress":"$JO$51:$JR$51","bodyAddress":"$JO$52:$JR$89","_name":"прием"},"отдача":{"_level":1,"parentID":"8daac2db-7361-49d9-a881-92cd8927735e","firstParentID":"209e0edd-f5cb-4709-a4f2-17b540962a0c","ID":"09b0bd05-85b5-44dd-9155-8fcf36c85926","childs":{"код":{"_level":2,"parentID":"09b0bd05-85b5-44dd-9155-8fcf36c85926","firstParentID":"209e0edd-f5cb-4709-a4f2-17b540962a0c","ID":"639cd3fa-7c81-4393-aab8-ef4d23a58782","childs":null,"emcosID":null,"emcosMLID":null,"codMaketTEP":null,"codTEP":null,"WSName":"DB","rangeAddress":"$JS$52:$JS$89","headAddress":"$JS$52","bodyAddress":"$JS$53:$JS$89","_name":"код"},"основное":{"_level":2,"parentID":"09b0bd05-85b5-44dd-9155-8fcf36c85926","firstParentID":"209e0edd-f5cb-4709-a4f2-17b540962a0c","ID":"bf3444fb-55ab-4258-b5cc-43d1f37ba158","childs":null,"emcosID":null,"emcosMLID":null,"codMaketTEP":null,"codTEP":null,"WSName":"DB","rangeAddress":"$JT$52:$JT$89","headAddress":"$JT$52","bodyAddress":"$JT$53:$JT$89","_name":"основное"},"корректировка факт":{"_level":2,"parentID":"09b0bd05-85b5-44dd-9155-8fcf36c85926","firstParentID":"209e0edd-f5cb-4709-a4f2-17b540962a0c","ID":"7dc44e64-b826-4295-917f-dea4ea1f7fa1","childs":null,"emcosID":null,"emcosMLID":null,"codMaketTEP":null,"codTEP":null,"WSName":"DB","rangeAddress":"$JU$52:$JU$89","headAddress":"$JU$52","bodyAddress":"$JU$53:$JU$89","_name":"корректировка факт"},"ручное":{"_level":2,"parentID":"09b0bd05-85b5-44dd-9155-8fcf36c85926","firstParentID":"209e0edd-f5cb-4709-a4f2-17b540962a0c","ID":"8ed63eca-3035-42a6-a488-1a17721ac954","childs":null,"emcosID":null,"emcosMLID":null,"codMaketTEP":null,"codTEP":null,"WSName":"DB","rangeAddress":"$JV$52:$JV$89","headAddress":"$JV$52","bodyAddress":"$JV$53:$JV$89","_name":"ручное"}},"emcosID":null,"emcosMLID":null,"codMaketTEP":null,"codTEP":null,"WSName":"DB","rangeAddress":"$JS$51:$JV$89","headAddress":"$JS$51:$JV$51","bodyAddress":"$JS$52:$JV$89","_name":"отдача"}},"emcosID":null,"emcosMLID":null,"codMaketTEP":null,"codTEP":null,"WSName":"DB","rangeAddress":"$JO$50:$JV$89","headAddress":"$JO$50:$JV$50","bodyAddress":"$JO$51:$JV$89","_name":"Л2543 Талдыкорган"}},"codPlan":null,"meterCoef":null,"_name":"Л2543 Талдыкорган"}