{"ID":"27c0c5ae-e90a-4d4a-9862-8b70e9fc41bf","childs":{"PS":{"_level":0,"parentID":"27c0c5ae-e90a-4d4a-9862-8b70e9fc41bf","firstParentID":"27c0c5ae-e90a-4d4a-9862-8b70e9fc41bf","ID":"665848c4-c9da-4e2a-81ce-0158d59e588c","childs":{"прием":{"_level":1,"parentID":"665848c4-c9da-4e2a-81ce-0158d59e588c","firstParentID":"27c0c5ae-e90a-4d4a-9862-8b70e9fc41bf","ID":"75e204b9-45f7-41bd-ab9d-e710cde3fc13","childs":{"ручное":{"_level":2,"parentID":"75e204b9-45f7-41bd-ab9d-e710cde3fc13","firstParentID":"27c0c5ae-e90a-4d4a-9862-8b70e9fc41bf","ID":"37899dca-4061-4756-b290-b74b90c75dd3","childs":null,"emcosID":null,"emcosMLID":null,"codMaketTEP":null,"codTEP":null,"WSName":"PS","rangeAddress":"$EH$99:$EH$135","headAddress":"$EH$99","bodyAddress":"$EH$100:$EH$135","_name":"ручное"}},"emcosID":null,"emcosMLID":null,"codMaketTEP":null,"codTEP":null,"WSName":"PS","rangeAddress":"$EH$98:$EH$135","headAddress":"$EH$98","bodyAddress":"$EH$99:$EH$135","_name":"прием"},"отдача":{"_level":1,"parentID":"665848c4-c9da-4e2a-81ce-0158d59e588c","firstParentID":"27c0c5ae-e90a-4d4a-9862-8b70e9fc41bf","ID":"c4ef6d82-3cea-43d1-bd71-74802c8b7cb6","childs":{"ручное":{"_level":2,"parentID":"c4ef6d82-3cea-43d1-bd71-74802c8b7cb6","firstParentID":"27c0c5ae-e90a-4d4a-9862-8b70e9fc41bf","ID":"30f92295-b716-4573-8b75-b80b112c7ce9","childs":null,"emcosID":null,"emcosMLID":null,"codMaketTEP":null,"codTEP":null,"WSName":"PS","rangeAddress":"$EI$99:$EI$135","headAddress":"$EI$99","bodyAddress":"$EI$100:$EI$135","_name":"ручное"}},"emcosID":null,"emcosMLID":null,"codMaketTEP":null,"codTEP":null,"WSName":"PS","rangeAddress":"$EI$98:$EI$135","headAddress":"$EI$98","bodyAddress":"$EI$99:$EI$135","_name":"отдача"}},"emcosID":null,"emcosMLID":null,"codMaketTEP":null,"codTEP":null,"WSName":"PS","rangeAddress":"$EH$97:$EI$135","headAddress":"$EH$97:$EI$97","bodyAddress":"$EH$98:$EI$135","_name":"Л2163 Главная"},"DB":{"_level":0,"parentID":"27c0c5ae-e90a-4d4a-9862-8b70e9fc41bf","firstParentID":"27c0c5ae-e90a-4d4a-9862-8b70e9fc41bf","ID":"054de005-5378-446d-9342-375d97a00270","childs":{"прием":{"_level":1,"parentID":"054de005-5378-446d-9342-375d97a00270","firstParentID":"27c0c5ae-e90a-4d4a-9862-8b70e9fc41bf","ID":"9c9034de-5336-4249-b50e-e62317ba6bf8","childs":{"код":{"_level":2,"parentID":"9c9034de-5336-4249-b50e-e62317ba6bf8","firstParentID":"27c0c5ae-e90a-4d4a-9862-8b70e9fc41bf","ID":"2895289d-7dce-43e6-a489-3b9a75aa22f8","childs":null,"emcosID":null,"emcosMLID":null,"codMaketTEP":null,"codTEP":null,"WSName":"DB","rangeAddress":"$CD$224:$CD$261","headAddress":"$CD$224","bodyAddress":"$CD$225:$CD$261","_name":"код"},"основное":{"_level":2,"parentID":"9c9034de-5336-4249-b50e-e62317ba6bf8","firstParentID":"27c0c5ae-e90a-4d4a-9862-8b70e9fc41bf","ID":"80297e56-1178-4c82-b21e-bb54d58799b0","childs":null,"emcosID":null,"emcosMLID":null,"codMaketTEP":null,"codTEP":null,"WSName":"DB","rangeAddress":"$CE$224:$CE$261","headAddress":"$CE$224","bodyAddress":"$CE$225:$CE$261","_name":"основное"},"корректировка факт":{"_level":2,"parentID":"9c9034de-5336-4249-b50e-e62317ba6bf8","firstParentID":"27c0c5ae-e90a-4d4a-9862-8b70e9fc41bf","ID":"83d067d5-9a1f-42f2-8c0e-e3e77681ec2a","childs":null,"emcosID":null,"emcosMLID":null,"codMaketTEP":null,"codTEP":null,"WSName":"DB","rangeAddress":"$CF$224:$CF$261","headAddress":"$CF$224","bodyAddress":"$CF$225:$CF$261","_name":"корректировка факт"},"ручное":{"_level":2,"parentID":"9c9034de-5336-4249-b50e-e62317ba6bf8","firstParentID":"27c0c5ae-e90a-4d4a-9862-8b70e9fc41bf","ID":"246a1c44-9db9-4957-b818-f9e81d7661d8","childs":null,"emcosID":null,"emcosMLID":null,"codMaketTEP":null,"codTEP":null,"WSName":"DB","rangeAddress":"$CG$224:$CG$261","headAddress":"$CG$224","bodyAddress":"$CG$225:$CG$261","_name":"ручное"}},"emcosID":null,"emcosMLID":null,"codMaketTEP":null,"codTEP":null,"WSName":"DB","rangeAddress":"$CD$223:$CG$261","headAddress":"$CD$223:$CG$223","bodyAddress":"$CD$224:$CG$261","_name":"прием"},"отдача":{"_level":1,"parentID":"054de005-5378-446d-9342-375d97a00270","firstParentID":"27c0c5ae-e90a-4d4a-9862-8b70e9fc41bf","ID":"b1a25314-d4bb-4c5a-9e33-34bdc32a38a4","childs":{"код":{"_level":2,"parentID":"b1a25314-d4bb-4c5a-9e33-34bdc32a38a4","firstParentID":"27c0c5ae-e90a-4d4a-9862-8b70e9fc41bf","ID":"06c97050-3bd8-4b0e-8b89-031969d60214","childs":null,"emcosID":null,"emcosMLID":null,"codMaketTEP":null,"codTEP":null,"WSName":"DB","rangeAddress":"$CH$224:$CH$261","headAddress":"$CH$224","bodyAddress":"$CH$225:$CH$261","_name":"код"},"основное":{"_level":2,"parentID":"b1a25314-d4bb-4c5a-9e33-34bdc32a38a4","firstParentID":"27c0c5ae-e90a-4d4a-9862-8b70e9fc41bf","ID":"405e3007-0b9e-45da-b04f-2937609c75f6","childs":null,"emcosID":null,"emcosMLID":null,"codMaketTEP":null,"codTEP":null,"WSName":"DB","rangeAddress":"$CI$224:$CI$261","headAddress":"$CI$224","bodyAddress":"$CI$225:$CI$261","_name":"основное"},"корректировка факт":{"_level":2,"parentID":"b1a25314-d4bb-4c5a-9e33-34bdc32a38a4","firstParentID":"27c0c5ae-e90a-4d4a-9862-8b70e9fc41bf","ID":"85d8dc04-4916-43c7-8d64-e15de2be08dd","childs":null,"emcosID":null,"emcosMLID":null,"codMaketTEP":null,"codTEP":null,"WSName":"DB","rangeAddress":"$CJ$224:$CJ$261","headAddress":"$CJ$224","bodyAddress":"$CJ$225:$CJ$261","_name":"корректировка факт"},"ручное":{"_level":2,"parentID":"b1a25314-d4bb-4c5a-9e33-34bdc32a38a4","firstParentID":"27c0c5ae-e90a-4d4a-9862-8b70e9fc41bf","ID":"d058afb5-cb77-4802-a431-e409c39b4a29","childs":null,"emcosID":null,"emcosMLID":null,"codMaketTEP":null,"codTEP":null,"WSName":"DB","rangeAddress":"$CK$224:$CK$261","headAddress":"$CK$224","bodyAddress":"$CK$225:$CK$261","_name":"ручное"}},"emcosID":null,"emcosMLID":null,"codMaketTEP":null,"codTEP":null,"WSName":"DB","rangeAddress":"$CH$223:$CK$261","headAddress":"$CH$223:$CK$223","bodyAddress":"$CH$224:$CK$261","_name":"отдача"}},"emcosID":null,"emcosMLID":null,"codMaketTEP":null,"codTEP":null,"WSName":"DB","rangeAddress":"$CD$222:$CK$261","headAddress":"$CD$222:$CK$222","bodyAddress":"$CD$223:$CK$261","_name":"Л2163 Главная"}},"codPlan":null,"meterCoef":null,"_name":"Л2163 Главная"}