{"ID":"2d363493-2ed9-4365-88e7-ef3e22d3394c","childs":{"PS":{"_level":0,"parentID":"2d363493-2ed9-4365-88e7-ef3e22d3394c","firstParentID":"2d363493-2ed9-4365-88e7-ef3e22d3394c","ID":"5186d1a3-64e3-4bab-a9ab-e1abf56ba09f","childs":{"отдача":{"_level":1,"parentID":"5186d1a3-64e3-4bab-a9ab-e1abf56ba09f","firstParentID":"2d363493-2ed9-4365-88e7-ef3e22d3394c","ID":"1585a1b0-eb4b-4143-a5dc-250d7a2d5db3","childs":{"оперативное":{"_level":2,"parentID":"1585a1b0-eb4b-4143-a5dc-250d7a2d5db3","firstParentID":"2d363493-2ed9-4365-88e7-ef3e22d3394c","ID":"45ee3aa5-d372-4399-9b68-4d1e285174a3","childs":null,"emcosID":null,"emcosMLID":null,"codMaketTEP":null,"codTEP":null,"WSName":"PS","rangeAddress":"$T$185:$T$221","headAddress":"$T$185","bodyAddress":"$T$186:$T$221","_name":"оперативное"}},"emcosID":null,"emcosMLID":null,"codMaketTEP":null,"codTEP":null,"WSName":"PS","rangeAddress":"$T$184:$T$221","headAddress":"$T$184","bodyAddress":"$T$185:$T$221","_name":"отдача"}},"emcosID":null,"emcosMLID":null,"codMaketTEP":null,"codTEP":null,"WSName":"PS","rangeAddress":"$T$183:$T$221","headAddress":"$T$183","bodyAddress":"$T$184:$T$221","_name":"АТЭЦ3 АлЭС"},"DB":{"_level":0,"parentID":"2d363493-2ed9-4365-88e7-ef3e22d3394c","firstParentID":"2d363493-2ed9-4365-88e7-ef3e22d3394c","ID":"b936f1b4-ebe3-492c-b8d5-d2ede1663adb","childs":{"отдача":{"_level":1,"parentID":"b936f1b4-ebe3-492c-b8d5-d2ede1663adb","firstParentID":"2d363493-2ed9-4365-88e7-ef3e22d3394c","ID":"2fb11d91-18b7-4cfd-a5d8-1cfd4344b3ed","childs":{"код":{"_level":2,"parentID":"2fb11d91-18b7-4cfd-a5d8-1cfd4344b3ed","firstParentID":"2d363493-2ed9-4365-88e7-ef3e22d3394c","ID":"ab776ec9-7b88-4dbb-9580-f94a7a652e1f","childs":null,"emcosID":null,"emcosMLID":null,"codMaketTEP":null,"codTEP":null,"WSName":"DB","rangeAddress":"$FY$181:$FY$218","headAddress":"$FY$181","bodyAddress":"$FY$182:$FY$218","_name":"код"},"основное":{"_level":2,"parentID":"2fb11d91-18b7-4cfd-a5d8-1cfd4344b3ed","firstParentID":"2d363493-2ed9-4365-88e7-ef3e22d3394c","ID":"ac1a4e3f-ad6c-46d0-ae95-7d135e55dc14","childs":null,"emcosID":null,"emcosMLID":null,"codMaketTEP":null,"codTEP":null,"WSName":"DB","rangeAddress":"$FZ$181:$FZ$218","headAddress":"$FZ$181","bodyAddress":"$FZ$182:$FZ$218","_name":"основное"},"корректировка факт":{"_level":2,"parentID":"2fb11d91-18b7-4cfd-a5d8-1cfd4344b3ed","firstParentID":"2d363493-2ed9-4365-88e7-ef3e22d3394c","ID":"215ca111-3c91-4d71-ad3e-2b9256708856","childs":null,"emcosID":null,"emcosMLID":null,"codMaketTEP":null,"codTEP":null,"WSName":"DB","rangeAddress":"$GA$181:$GA$218","headAddress":"$GA$181","bodyAddress":"$GA$182:$GA$218","_name":"корректировка факт"},"ручное":{"_level":2,"parentID":"2fb11d91-18b7-4cfd-a5d8-1cfd4344b3ed","firstParentID":"2d363493-2ed9-4365-88e7-ef3e22d3394c","ID":"7580b1b6-2ce1-453a-b8f1-93371a58d726","childs":null,"emcosID":null,"emcosMLID":null,"codMaketTEP":null,"codTEP":null,"WSName":"DB","rangeAddress":"$GB$181:$GB$218","headAddress":"$GB$181","bodyAddress":"$GB$182:$GB$218","_name":"ручное"},"оперативное":{"_level":2,"parentID":"2fb11d91-18b7-4cfd-a5d8-1cfd4344b3ed","firstParentID":"2d363493-2ed9-4365-88e7-ef3e22d3394c","ID":"42229424-9de2-4030-800c-5ea2ec08ed9f","childs":null,"emcosID":null,"emcosMLID":null,"codMaketTEP":null,"codTEP":null,"WSName":"DB","rangeAddress":"$GC$181:$GC$218","headAddress":"$GC$181","bodyAddress":"$GC$182:$GC$218","_name":"оперативное"}},"emcosID":null,"emcosMLID":null,"codMaketTEP":null,"codTEP":null,"WSName":"DB","rangeAddress":"$FY$180:$GC$218","headAddress":"$FY$180:$GC$180","bodyAddress":"$FY$181:$GC$218","_name":"отдача"}},"emcosID":null,"emcosMLID":null,"codMaketTEP":null,"codTEP":null,"WSName":"DB","rangeAddress":"$FY$179:$GC$218","headAddress":"$FY$179:$GC$179","bodyAddress":"$FY$180:$GC$218","_name":"АТЭЦ3 АлЭС"}},"codPlan":null,"meterCoef":null,"_name":"АТЭЦ3 АлЭС"}