{"ID":"3430e424-3a9e-4b25-8649-7ed499ae5477","childs":{"PS":{"_level":0,"parentID":"3430e424-3a9e-4b25-8649-7ed499ae5477","firstParentID":"3430e424-3a9e-4b25-8649-7ed499ae5477","ID":"d55495e3-2531-4f02-b68c-fc524d3758c2","childs":{"прием":{"_level":1,"parentID":"d55495e3-2531-4f02-b68c-fc524d3758c2","firstParentID":"3430e424-3a9e-4b25-8649-7ed499ae5477","ID":"a1cf7c4b-d154-49f3-b178-d44cf9c1d666","childs":{"оперативное":{"_level":2,"parentID":"a1cf7c4b-d154-49f3-b178-d44cf9c1d666","firstParentID":"3430e424-3a9e-4b25-8649-7ed499ae5477","ID":"36d52ac4-b9b7-4713-b496-591642aa4dad","childs":null,"emcosID":null,"emcosMLID":null,"codMaketTEP":null,"codTEP":null,"WSName":"PS","rangeAddress":"$EA$99:$EA$135","headAddress":"$EA$99","bodyAddress":"$EA$100:$EA$135","_name":"оперативное"}},"emcosID":null,"emcosMLID":null,"codMaketTEP":null,"codTEP":null,"WSName":"PS","rangeAddress":"$EA$98:$EA$135","headAddress":"$EA$98","bodyAddress":"$EA$99:$EA$135","_name":"прием"},"отдача":{"_level":1,"parentID":"d55495e3-2531-4f02-b68c-fc524d3758c2","firstParentID":"3430e424-3a9e-4b25-8649-7ed499ae5477","ID":"150ef6a0-f270-441e-a76e-dab925483cf8","childs":{"оперативное":{"_level":2,"parentID":"150ef6a0-f270-441e-a76e-dab925483cf8","firstParentID":"3430e424-3a9e-4b25-8649-7ed499ae5477","ID":"92942a0f-d555-4c02-8733-9e465e0f8a88","childs":null,"emcosID":null,"emcosMLID":null,"codMaketTEP":null,"codTEP":null,"WSName":"PS","rangeAddress":"$EB$99:$EB$135","headAddress":"$EB$99","bodyAddress":"$EB$100:$EB$135","_name":"оперативное"}},"emcosID":null,"emcosMLID":null,"codMaketTEP":null,"codTEP":null,"WSName":"PS","rangeAddress":"$EB$98:$EB$135","headAddress":"$EB$98","bodyAddress":"$EB$99:$EB$135","_name":"отдача"}},"emcosID":null,"emcosMLID":null,"codMaketTEP":null,"codTEP":null,"WSName":"PS","rangeAddress":"$EA$97:$EB$135","headAddress":"$EA$97:$EB$97","bodyAddress":"$EA$98:$EB$135","_name":"Т1 Робот 143А"},"DB":{"_level":0,"parentID":"3430e424-3a9e-4b25-8649-7ed499ae5477","firstParentID":"3430e424-3a9e-4b25-8649-7ed499ae5477","ID":"27fde439-9ec1-4efa-becb-ae8bda7b90fb","childs":{"прием":{"_level":1,"parentID":"27fde439-9ec1-4efa-becb-ae8bda7b90fb","firstParentID":"3430e424-3a9e-4b25-8649-7ed499ae5477","ID":"40e3b431-1b70-492d-b016-3725ef20c7ca","childs":{"код":{"_level":2,"parentID":"40e3b431-1b70-492d-b016-3725ef20c7ca","firstParentID":"3430e424-3a9e-4b25-8649-7ed499ae5477","ID":"87dfc185-c291-409d-be97-bc0caf3f76f0","childs":null,"emcosID":null,"emcosMLID":null,"codMaketTEP":null,"codTEP":null,"WSName":"DB","rangeAddress":"$GQ$353:$GQ$390","headAddress":"$GQ$353","bodyAddress":"$GQ$354:$GQ$390","_name":"код"},"основное":{"_level":2,"parentID":"40e3b431-1b70-492d-b016-3725ef20c7ca","firstParentID":"3430e424-3a9e-4b25-8649-7ed499ae5477","ID":"9793d7ea-2eba-45f9-a538-2ebe9a8123b7","childs":null,"emcosID":null,"emcosMLID":null,"codMaketTEP":null,"codTEP":null,"WSName":"DB","rangeAddress":"$GR$353:$GR$390","headAddress":"$GR$353","bodyAddress":"$GR$354:$GR$390","_name":"основное"},"корректировка факт":{"_level":2,"parentID":"40e3b431-1b70-492d-b016-3725ef20c7ca","firstParentID":"3430e424-3a9e-4b25-8649-7ed499ae5477","ID":"dbf83a6b-7635-4de1-b988-5bcc725bb59a","childs":null,"emcosID":null,"emcosMLID":null,"codMaketTEP":null,"codTEP":null,"WSName":"DB","rangeAddress":"$GS$353:$GS$390","headAddress":"$GS$353","bodyAddress":"$GS$354:$GS$390","_name":"корректировка факт"},"ручное":{"_level":2,"parentID":"40e3b431-1b70-492d-b016-3725ef20c7ca","firstParentID":"3430e424-3a9e-4b25-8649-7ed499ae5477","ID":"6d54a103-3db0-45d5-b8fc-0592241ffd2e","childs":null,"emcosID":null,"emcosMLID":null,"codMaketTEP":null,"codTEP":null,"WSName":"DB","rangeAddress":"$GT$353:$GT$390","headAddress":"$GT$353","bodyAddress":"$GT$354:$GT$390","_name":"ручное"},"оперативное":{"_level":2,"parentID":"40e3b431-1b70-492d-b016-3725ef20c7ca","firstParentID":"3430e424-3a9e-4b25-8649-7ed499ae5477","ID":"2831eda1-d26a-449f-8399-d5c52c2cd8a7","childs":null,"emcosID":null,"emcosMLID":null,"codMaketTEP":null,"codTEP":null,"WSName":"DB","rangeAddress":"$GU$353:$GU$390","headAddress":"$GU$353","bodyAddress":"$GU$354:$GU$390","_name":"оперативное"}},"emcosID":null,"emcosMLID":null,"codMaketTEP":null,"codTEP":null,"WSName":"DB","rangeAddress":"$GQ$352:$GU$390","headAddress":"$GQ$352:$GU$352","bodyAddress":"$GQ$353:$GU$390","_name":"прием"},"отдача":{"_level":1,"parentID":"27fde439-9ec1-4efa-becb-ae8bda7b90fb","firstParentID":"3430e424-3a9e-4b25-8649-7ed499ae5477","ID":"020fdae6-de44-4af0-aebc-8a57d36f7f31","childs":{"код":{"_level":2,"parentID":"020fdae6-de44-4af0-aebc-8a57d36f7f31","firstParentID":"3430e424-3a9e-4b25-8649-7ed499ae5477","ID":"3da0ce1c-ff67-46fe-894b-38fe761739bb","childs":null,"emcosID":null,"emcosMLID":null,"codMaketTEP":null,"codTEP":null,"WSName":"DB","rangeAddress":"$GV$353:$GV$390","headAddress":"$GV$353","bodyAddress":"$GV$354:$GV$390","_name":"код"},"основное":{"_level":2,"parentID":"020fdae6-de44-4af0-aebc-8a57d36f7f31","firstParentID":"3430e424-3a9e-4b25-8649-7ed499ae5477","ID":"412734b9-46b3-4c53-bd78-23c4d197f37d","childs":null,"emcosID":null,"emcosMLID":null,"codMaketTEP":null,"codTEP":null,"WSName":"DB","rangeAddress":"$GW$353:$GW$390","headAddress":"$GW$353","bodyAddress":"$GW$354:$GW$390","_name":"основное"},"корректировка факт":{"_level":2,"parentID":"020fdae6-de44-4af0-aebc-8a57d36f7f31","firstParentID":"3430e424-3a9e-4b25-8649-7ed499ae5477","ID":"07a1c86e-5d34-4f85-8e93-367b2167b881","childs":null,"emcosID":null,"emcosMLID":null,"codMaketTEP":null,"codTEP":null,"WSName":"DB","rangeAddress":"$GX$353:$GX$390","headAddress":"$GX$353","bodyAddress":"$GX$354:$GX$390","_name":"корректировка факт"},"ручное":{"_level":2,"parentID":"020fdae6-de44-4af0-aebc-8a57d36f7f31","firstParentID":"3430e424-3a9e-4b25-8649-7ed499ae5477","ID":"b2956ddc-5986-484f-8aed-264fa29d5897","childs":null,"emcosID":null,"emcosMLID":null,"codMaketTEP":null,"codTEP":null,"WSName":"DB","rangeAddress":"$GY$353:$GY$390","headAddress":"$GY$353","bodyAddress":"$GY$354:$GY$390","_name":"ручное"},"оперативное":{"_level":2,"parentID":"020fdae6-de44-4af0-aebc-8a57d36f7f31","firstParentID":"3430e424-3a9e-4b25-8649-7ed499ae5477","ID":"a9f8e1d5-9b1c-4d5e-a78d-709aeba341d4","childs":null,"emcosID":null,"emcosMLID":null,"codMaketTEP":null,"codTEP":null,"WSName":"DB","rangeAddress":"$GZ$353:$GZ$390","headAddress":"$GZ$353","bodyAddress":"$GZ$354:$GZ$390","_name":"оперативное"}},"emcosID":null,"emcosMLID":null,"codMaketTEP":null,"codTEP":null,"WSName":"DB","rangeAddress":"$GV$352:$GZ$390","headAddress":"$GV$352:$GZ$352","bodyAddress":"$GV$353:$GZ$390","_name":"отдача"}},"emcosID":null,"emcosMLID":null,"codMaketTEP":null,"codTEP":null,"WSName":"DB","rangeAddress":"$GQ$351:$GZ$390","headAddress":"$GQ$351:$GZ$351","bodyAddress":"$GQ$352:$GZ$390","_name":"Т1 Робот 143А"}},"codPlan":null,"meterCoef":null,"_name":"Т1 Робот 143А"}