{"ID":"367f6d0a-9f54-4e56-a3f7-6b69664e6a7d","childs":{"PS":{"_level":0,"parentID":"367f6d0a-9f54-4e56-a3f7-6b69664e6a7d","firstParentID":"367f6d0a-9f54-4e56-a3f7-6b69664e6a7d","ID":"4293f983-d62f-4068-8245-e0b596817aca","childs":{"прием":{"_level":1,"parentID":"4293f983-d62f-4068-8245-e0b596817aca","firstParentID":"367f6d0a-9f54-4e56-a3f7-6b69664e6a7d","ID":"fbc1249e-0bd2-46c4-99a0-6e5310ed48e0","childs":{"формула":{"_level":2,"parentID":"fbc1249e-0bd2-46c4-99a0-6e5310ed48e0","firstParentID":"367f6d0a-9f54-4e56-a3f7-6b69664e6a7d","ID":"5af1502b-4e8c-405b-a67f-4e48bbfcfb8a","childs":null,"emcosID":null,"emcosMLID":null,"codMaketTEP":null,"codTEP":null,"WSName":"PS","rangeAddress":"$H$228:$H$264","headAddress":"$H$228","bodyAddress":"$H$229:$H$264","_name":"формула"}},"emcosID":null,"emcosMLID":null,"codMaketTEP":null,"codTEP":null,"WSName":"PS","rangeAddress":"$H$227:$H$264","headAddress":"$H$227","bodyAddress":"$H$228:$H$264","_name":"прием"}},"emcosID":null,"emcosMLID":null,"codMaketTEP":null,"codTEP":null,"WSName":"PS","rangeAddress":"$H$226:$H$264","headAddress":"$H$226","bodyAddress":"$H$227:$H$264","_name":"Потребление АСПМК Алатау Пауэр"},"DB":{"_level":0,"parentID":"367f6d0a-9f54-4e56-a3f7-6b69664e6a7d","firstParentID":"367f6d0a-9f54-4e56-a3f7-6b69664e6a7d","ID":"a6563946-0497-4c53-b76d-d205fb658cf2","childs":{"прием":{"_level":1,"parentID":"a6563946-0497-4c53-b76d-d205fb658cf2","firstParentID":"367f6d0a-9f54-4e56-a3f7-6b69664e6a7d","ID":"60ef99ca-55ec-49c8-8be1-355ca72337ae","childs":{"код":{"_level":2,"parentID":"60ef99ca-55ec-49c8-8be1-355ca72337ae","firstParentID":"367f6d0a-9f54-4e56-a3f7-6b69664e6a7d","ID":"9f97a1ed-7adb-4b87-b607-e5928a5f22c7","childs":null,"emcosID":null,"emcosMLID":null,"codMaketTEP":null,"codTEP":null,"WSName":"DB","rangeAddress":"$EK$267:$EK$304","headAddress":"$EK$267","bodyAddress":"$EK$268:$EK$304","_name":"код"},"основное":{"_level":2,"parentID":"60ef99ca-55ec-49c8-8be1-355ca72337ae","firstParentID":"367f6d0a-9f54-4e56-a3f7-6b69664e6a7d","ID":"e8c6b6db-01c4-41a3-b255-7d5b3a4391d8","childs":null,"emcosID":null,"emcosMLID":null,"codMaketTEP":null,"codTEP":null,"WSName":"DB","rangeAddress":"$EL$267:$EL$304","headAddress":"$EL$267","bodyAddress":"$EL$268:$EL$304","_name":"основное"},"корректировка факт":{"_level":2,"parentID":"60ef99ca-55ec-49c8-8be1-355ca72337ae","firstParentID":"367f6d0a-9f54-4e56-a3f7-6b69664e6a7d","ID":"2cbb147f-6848-4384-8621-9eabecd38dea","childs":null,"emcosID":null,"emcosMLID":null,"codMaketTEP":null,"codTEP":null,"WSName":"DB","rangeAddress":"$EM$267:$EM$304","headAddress":"$EM$267","bodyAddress":"$EM$268:$EM$304","_name":"корректировка факт"},"ручное":{"_level":2,"parentID":"60ef99ca-55ec-49c8-8be1-355ca72337ae","firstParentID":"367f6d0a-9f54-4e56-a3f7-6b69664e6a7d","ID":"9869b3af-5725-4dce-90ab-8bf2d1818102","childs":null,"emcosID":null,"emcosMLID":null,"codMaketTEP":null,"codTEP":null,"WSName":"DB","rangeAddress":"$EN$267:$EN$304","headAddress":"$EN$267","bodyAddress":"$EN$268:$EN$304","_name":"ручное"},"формула":{"_level":2,"parentID":"60ef99ca-55ec-49c8-8be1-355ca72337ae","firstParentID":"367f6d0a-9f54-4e56-a3f7-6b69664e6a7d","ID":"8633c630-cd6f-4ba0-af85-e03ba9616680","childs":null,"emcosID":null,"emcosMLID":null,"codMaketTEP":null,"codTEP":null,"WSName":"DB","rangeAddress":"$EO$267:$EO$304","headAddress":"$EO$267","bodyAddress":"$EO$268:$EO$304","_name":"формула"}},"emcosID":null,"emcosMLID":null,"codMaketTEP":null,"codTEP":null,"WSName":"DB","rangeAddress":"$EK$266:$EO$304","headAddress":"$EK$266:$EO$266","bodyAddress":"$EK$267:$EO$304","_name":"прием"}},"emcosID":null,"emcosMLID":null,"codMaketTEP":null,"codTEP":null,"WSName":"DB","rangeAddress":"$EK$265:$EO$304","headAddress":"$EK$265:$EO$265","bodyAddress":"$EK$266:$EO$304","_name":"Потребление АСПМК Алатау Пауэр"}},"codPlan":null,"meterCoef":null,"_name":"Потребление АСПМК Алатау Пауэр"}