{"ID":"51422be5-39f2-48ba-b19f-d1542c9ff4c3","childs":{"PS":{"_level":0,"parentID":"51422be5-39f2-48ba-b19f-d1542c9ff4c3","firstParentID":"51422be5-39f2-48ba-b19f-d1542c9ff4c3","ID":"fb331dc0-444b-4d77-aec6-17a11c1fcb87","childs":{"отдача":{"_level":1,"parentID":"fb331dc0-444b-4d77-aec6-17a11c1fcb87","firstParentID":"51422be5-39f2-48ba-b19f-d1542c9ff4c3","ID":"95107a94-cb36-4a9a-b5bb-6c3d15c3f8a3","childs":{"оперативное":{"_level":2,"parentID":"95107a94-cb36-4a9a-b5bb-6c3d15c3f8a3","firstParentID":"51422be5-39f2-48ba-b19f-d1542c9ff4c3","ID":"cdb77450-0958-4ef4-87cc-f99e5d7cf89a","childs":null,"emcosID":null,"emcosMLID":null,"codMaketTEP":null,"codTEP":null,"WSName":"PS","rangeAddress":"$AN$185:$AN$221","headAddress":"$AN$185","bodyAddress":"$AN$186:$AN$221","_name":"оперативное"}},"emcosID":null,"emcosMLID":null,"codMaketTEP":null,"codTEP":null,"WSName":"PS","rangeAddress":"$AN$184:$AN$221","headAddress":"$AN$184","bodyAddress":"$AN$185:$AN$221","_name":"отдача"}},"emcosID":null,"emcosMLID":null,"codMaketTEP":null,"codTEP":null,"WSName":"PS","rangeAddress":"$AN$183:$AN$221","headAddress":"$AN$183","bodyAddress":"$AN$184:$AN$221","_name":"Генерация КазЭлектроЭнергия ИГЭС 2"},"DB":{"_level":0,"parentID":"51422be5-39f2-48ba-b19f-d1542c9ff4c3","firstParentID":"51422be5-39f2-48ba-b19f-d1542c9ff4c3","ID":"39cfde7c-467a-4eeb-aad9-4e99fa7d5a72","childs":{"отдача":{"_level":1,"parentID":"39cfde7c-467a-4eeb-aad9-4e99fa7d5a72","firstParentID":"51422be5-39f2-48ba-b19f-d1542c9ff4c3","ID":"f1ff2e03-70a8-4bf4-857b-e5e5a9ab60e2","childs":{"код":{"_level":2,"parentID":"f1ff2e03-70a8-4bf4-857b-e5e5a9ab60e2","firstParentID":"51422be5-39f2-48ba-b19f-d1542c9ff4c3","ID":"e2a9e44d-b991-481a-a97e-01028b9f1c5e","childs":null,"emcosID":null,"emcosMLID":null,"codMaketTEP":null,"codTEP":null,"WSName":"DB","rangeAddress":"$S$224:$S$261","headAddress":"$S$224","bodyAddress":"$S$225:$S$261","_name":"код"},"основное":{"_level":2,"parentID":"f1ff2e03-70a8-4bf4-857b-e5e5a9ab60e2","firstParentID":"51422be5-39f2-48ba-b19f-d1542c9ff4c3","ID":"a2b7e248-773d-4957-9514-531026562c35","childs":null,"emcosID":null,"emcosMLID":null,"codMaketTEP":null,"codTEP":null,"WSName":"DB","rangeAddress":"$T$224:$T$261","headAddress":"$T$224","bodyAddress":"$T$225:$T$261","_name":"основное"},"корректировка факт":{"_level":2,"parentID":"f1ff2e03-70a8-4bf4-857b-e5e5a9ab60e2","firstParentID":"51422be5-39f2-48ba-b19f-d1542c9ff4c3","ID":"dcf3ba3a-488a-4073-8050-fc823dbc3a6f","childs":null,"emcosID":null,"emcosMLID":null,"codMaketTEP":null,"codTEP":null,"WSName":"DB","rangeAddress":"$U$224:$U$261","headAddress":"$U$224","bodyAddress":"$U$225:$U$261","_name":"корректировка факт"},"ручное":{"_level":2,"parentID":"f1ff2e03-70a8-4bf4-857b-e5e5a9ab60e2","firstParentID":"51422be5-39f2-48ba-b19f-d1542c9ff4c3","ID":"3747002c-cd75-4a7f-9fc1-4c4f39ea1b40","childs":null,"emcosID":null,"emcosMLID":null,"codMaketTEP":null,"codTEP":null,"WSName":"DB","rangeAddress":"$V$224:$V$261","headAddress":"$V$224","bodyAddress":"$V$225:$V$261","_name":"ручное"},"оперативное":{"_level":2,"parentID":"f1ff2e03-70a8-4bf4-857b-e5e5a9ab60e2","firstParentID":"51422be5-39f2-48ba-b19f-d1542c9ff4c3","ID":"46607165-ffde-4ae8-81b3-167b50ed9241","childs":null,"emcosID":null,"emcosMLID":null,"codMaketTEP":null,"codTEP":null,"WSName":"DB","rangeAddress":"$W$224:$W$261","headAddress":"$W$224","bodyAddress":"$W$225:$W$261","_name":"оперативное"}},"emcosID":null,"emcosMLID":null,"codMaketTEP":null,"codTEP":null,"WSName":"DB","rangeAddress":"$S$223:$W$261","headAddress":"$S$223:$W$223","bodyAddress":"$S$224:$W$261","_name":"отдача"}},"emcosID":null,"emcosMLID":null,"codMaketTEP":null,"codTEP":null,"WSName":"DB","rangeAddress":"$S$222:$W$261","headAddress":"$S$222:$W$222","bodyAddress":"$S$223:$W$261","_name":"Генерация КазЭлектроЭнергия ИГЭС 2"}},"codPlan":null,"meterCoef":null,"_name":"Генерация КазЭлектроЭнергия ИГЭС 2"}