{"ID":"6831477f-7d7c-4d57-887a-0b4700507cd7","childs":{"PS":{"_level":0,"parentID":"6831477f-7d7c-4d57-887a-0b4700507cd7","firstParentID":"6831477f-7d7c-4d57-887a-0b4700507cd7","ID":"cf611d55-4f69-47f0-9a4b-d0bbb67f788f","childs":{"прием":{"_level":1,"parentID":"cf611d55-4f69-47f0-9a4b-d0bbb67f788f","firstParentID":"6831477f-7d7c-4d57-887a-0b4700507cd7","ID":"ab054003-9e22-4a0b-aee6-7eb6d3490407","childs":{"формула":{"_level":2,"parentID":"ab054003-9e22-4a0b-aee6-7eb6d3490407","firstParentID":"6831477f-7d7c-4d57-887a-0b4700507cd7","ID":"388c5f17-2243-4969-b31f-48b588a1ef04","childs":null,"emcosID":null,"emcosMLID":null,"codMaketTEP":null,"codTEP":null,"WSName":"PS","rangeAddress":"$D$185:$D$221","headAddress":"$D$185","bodyAddress":"$D$186:$D$221","_name":"формула"}},"emcosID":null,"emcosMLID":null,"codMaketTEP":null,"codTEP":null,"WSName":"PS","rangeAddress":"$D$184:$D$221","headAddress":"$D$184","bodyAddress":"$D$185:$D$221","_name":"прием"}},"emcosID":null,"emcosMLID":null,"codMaketTEP":null,"codTEP":null,"WSName":"PS","rangeAddress":"$D$183:$D$221","headAddress":"$D$183","bodyAddress":"$D$184:$D$221","_name":"Потребление ЭЧ23"},"DB":{"_level":0,"parentID":"6831477f-7d7c-4d57-887a-0b4700507cd7","firstParentID":"6831477f-7d7c-4d57-887a-0b4700507cd7","ID":"9d19d367-c072-4d13-9c0f-b5527fa223df","childs":{"прием":{"_level":1,"parentID":"9d19d367-c072-4d13-9c0f-b5527fa223df","firstParentID":"6831477f-7d7c-4d57-887a-0b4700507cd7","ID":"f31c7ce1-29f5-49df-b8f9-73129b1567ef","childs":{"код":{"_level":2,"parentID":"f31c7ce1-29f5-49df-b8f9-73129b1567ef","firstParentID":"6831477f-7d7c-4d57-887a-0b4700507cd7","ID":"db304d19-31a0-4b1b-aef5-5b3acb2e7b1d","childs":null,"emcosID":null,"emcosMLID":null,"codMaketTEP":null,"codTEP":null,"WSName":"DB","rangeAddress":"$AK$138:$AK$175","headAddress":"$AK$138","bodyAddress":"$AK$139:$AK$175","_name":"код"},"основное":{"_level":2,"parentID":"f31c7ce1-29f5-49df-b8f9-73129b1567ef","firstParentID":"6831477f-7d7c-4d57-887a-0b4700507cd7","ID":"3091a820-f9ca-446a-9687-e8a005d20bdc","childs":null,"emcosID":null,"emcosMLID":null,"codMaketTEP":null,"codTEP":null,"WSName":"DB","rangeAddress":"$AL$138:$AL$175","headAddress":"$AL$138","bodyAddress":"$AL$139:$AL$175","_name":"основное"},"корректировка факт":{"_level":2,"parentID":"f31c7ce1-29f5-49df-b8f9-73129b1567ef","firstParentID":"6831477f-7d7c-4d57-887a-0b4700507cd7","ID":"72f846e7-ebb2-4141-b5c2-04fdec301c15","childs":null,"emcosID":null,"emcosMLID":null,"codMaketTEP":null,"codTEP":null,"WSName":"DB","rangeAddress":"$AM$138:$AM$175","headAddress":"$AM$138","bodyAddress":"$AM$139:$AM$175","_name":"корректировка факт"},"ручное":{"_level":2,"parentID":"f31c7ce1-29f5-49df-b8f9-73129b1567ef","firstParentID":"6831477f-7d7c-4d57-887a-0b4700507cd7","ID":"b5edac8c-f086-427a-bf4a-cb88d902f761","childs":null,"emcosID":null,"emcosMLID":null,"codMaketTEP":null,"codTEP":null,"WSName":"DB","rangeAddress":"$AN$138:$AN$175","headAddress":"$AN$138","bodyAddress":"$AN$139:$AN$175","_name":"ручное"},"формула":{"_level":2,"parentID":"f31c7ce1-29f5-49df-b8f9-73129b1567ef","firstParentID":"6831477f-7d7c-4d57-887a-0b4700507cd7","ID":"9e3b6814-b573-4448-8de5-2cfce3e9efb2","childs":null,"emcosID":null,"emcosMLID":null,"codMaketTEP":null,"codTEP":null,"WSName":"DB","rangeAddress":"$AO$138:$AO$175","headAddress":"$AO$138","bodyAddress":"$AO$139:$AO$175","_name":"формула"}},"emcosID":null,"emcosMLID":null,"codMaketTEP":null,"codTEP":null,"WSName":"DB","rangeAddress":"$AK$137:$AO$175","headAddress":"$AK$137:$AO$137","bodyAddress":"$AK$138:$AO$175","_name":"прием"}},"emcosID":null,"emcosMLID":null,"codMaketTEP":null,"codTEP":null,"WSName":"DB","rangeAddress":"$AK$136:$AO$175","headAddress":"$AK$136:$AO$136","bodyAddress":"$AK$137:$AO$175","_name":"Потребление ЭЧ23"}},"codPlan":null,"meterCoef":null,"_name":"Потребление ЭЧ23"}