{"ID":"81859503-3566-456a-8d20-7a9eba28d564","childs":{"PS":{"_level":0,"parentID":"81859503-3566-456a-8d20-7a9eba28d564","firstParentID":"81859503-3566-456a-8d20-7a9eba28d564","ID":"b3749a39-0ee7-48be-8117-19d554fa2880","childs":{"прием":{"_level":1,"parentID":"b3749a39-0ee7-48be-8117-19d554fa2880","firstParentID":"81859503-3566-456a-8d20-7a9eba28d564","ID":"a1e25fb8-6d50-4e5a-b28d-58a4c7f60f99","childs":{"ручное":{"_level":2,"parentID":"a1e25fb8-6d50-4e5a-b28d-58a4c7f60f99","firstParentID":"81859503-3566-456a-8d20-7a9eba28d564","ID":"97c472ae-a597-4315-8f11-cbdf80e3a933","childs":null,"emcosID":null,"emcosMLID":null,"codMaketTEP":null,"codTEP":null,"WSName":"PS","rangeAddress":"$GM$99:$GM$135","headAddress":"$GM$99","bodyAddress":"$GM$100:$GM$135","_name":"ручное"}},"emcosID":null,"emcosMLID":null,"codMaketTEP":null,"codTEP":null,"WSName":"PS","rangeAddress":"$GM$98:$GM$135","headAddress":"$GM$98","bodyAddress":"$GM$99:$GM$135","_name":"прием"},"отдача":{"_level":1,"parentID":"b3749a39-0ee7-48be-8117-19d554fa2880","firstParentID":"81859503-3566-456a-8d20-7a9eba28d564","ID":"4db60002-cd0c-4423-adb1-17ee65ed1f94","childs":{"ручное":{"_level":2,"parentID":"4db60002-cd0c-4423-adb1-17ee65ed1f94","firstParentID":"81859503-3566-456a-8d20-7a9eba28d564","ID":"1cda1612-fcc0-4125-9690-dded7d4aec90","childs":null,"emcosID":null,"emcosMLID":null,"codMaketTEP":null,"codTEP":null,"WSName":"PS","rangeAddress":"$GN$99:$GN$135","headAddress":"$GN$99","bodyAddress":"$GN$100:$GN$135","_name":"ручное"}},"emcosID":null,"emcosMLID":null,"codMaketTEP":null,"codTEP":null,"WSName":"PS","rangeAddress":"$GN$98:$GN$135","headAddress":"$GN$98","bodyAddress":"$GN$99:$GN$135","_name":"отдача"}},"emcosID":null,"emcosMLID":null,"codMaketTEP":null,"codTEP":null,"WSName":"PS","rangeAddress":"$GM$97:$GN$135","headAddress":"$GM$97:$GN$97","bodyAddress":"$GM$98:$GN$135","_name":"ТП2 Чиганак тяга"},"DB":{"_level":0,"parentID":"81859503-3566-456a-8d20-7a9eba28d564","firstParentID":"81859503-3566-456a-8d20-7a9eba28d564","ID":"027fbf77-573b-43df-a444-9ab384895151","childs":{"прием":{"_level":1,"parentID":"027fbf77-573b-43df-a444-9ab384895151","firstParentID":"81859503-3566-456a-8d20-7a9eba28d564","ID":"2a97e2da-179c-4220-bb2d-b89d9ea81a76","childs":{"код":{"_level":2,"parentID":"2a97e2da-179c-4220-bb2d-b89d9ea81a76","firstParentID":"81859503-3566-456a-8d20-7a9eba28d564","ID":"44d2a2a1-f906-4b76-8585-1ec12cdeb61e","childs":null,"emcosID":null,"emcosMLID":null,"codMaketTEP":null,"codTEP":null,"WSName":"DB","rangeAddress":"$ES$138:$ES$175","headAddress":"$ES$138","bodyAddress":"$ES$139:$ES$175","_name":"код"},"основное":{"_level":2,"parentID":"2a97e2da-179c-4220-bb2d-b89d9ea81a76","firstParentID":"81859503-3566-456a-8d20-7a9eba28d564","ID":"5f594655-fade-4fb1-87f1-67f57564b03c","childs":null,"emcosID":null,"emcosMLID":null,"codMaketTEP":null,"codTEP":null,"WSName":"DB","rangeAddress":"$ET$138:$ET$175","headAddress":"$ET$138","bodyAddress":"$ET$139:$ET$175","_name":"основное"},"корректировка факт":{"_level":2,"parentID":"2a97e2da-179c-4220-bb2d-b89d9ea81a76","firstParentID":"81859503-3566-456a-8d20-7a9eba28d564","ID":"7caede84-6848-4c10-b72c-ed4a9a673f3a","childs":null,"emcosID":null,"emcosMLID":null,"codMaketTEP":null,"codTEP":null,"WSName":"DB","rangeAddress":"$EU$138:$EU$175","headAddress":"$EU$138","bodyAddress":"$EU$139:$EU$175","_name":"корректировка факт"},"ручное":{"_level":2,"parentID":"2a97e2da-179c-4220-bb2d-b89d9ea81a76","firstParentID":"81859503-3566-456a-8d20-7a9eba28d564","ID":"04d2e1ec-bf61-430a-b102-1adde59cfa65","childs":null,"emcosID":null,"emcosMLID":null,"codMaketTEP":null,"codTEP":null,"WSName":"DB","rangeAddress":"$EV$138:$EV$175","headAddress":"$EV$138","bodyAddress":"$EV$139:$EV$175","_name":"ручное"}},"emcosID":null,"emcosMLID":null,"codMaketTEP":null,"codTEP":null,"WSName":"DB","rangeAddress":"$ES$137:$EV$175","headAddress":"$ES$137:$EV$137","bodyAddress":"$ES$138:$EV$175","_name":"прием"},"отдача":{"_level":1,"parentID":"027fbf77-573b-43df-a444-9ab384895151","firstParentID":"81859503-3566-456a-8d20-7a9eba28d564","ID":"f3581f07-d5db-44a9-915d-5b514849d7dc","childs":{"код":{"_level":2,"parentID":"f3581f07-d5db-44a9-915d-5b514849d7dc","firstParentID":"81859503-3566-456a-8d20-7a9eba28d564","ID":"7fb47ddf-929c-4f61-b061-6fd05f564407","childs":null,"emcosID":null,"emcosMLID":null,"codMaketTEP":null,"codTEP":null,"WSName":"DB","rangeAddress":"$EW$138:$EW$175","headAddress":"$EW$138","bodyAddress":"$EW$139:$EW$175","_name":"код"},"основное":{"_level":2,"parentID":"f3581f07-d5db-44a9-915d-5b514849d7dc","firstParentID":"81859503-3566-456a-8d20-7a9eba28d564","ID":"7a7a59ec-dff8-4b8d-b3bb-a6e462bcb89e","childs":null,"emcosID":null,"emcosMLID":null,"codMaketTEP":null,"codTEP":null,"WSName":"DB","rangeAddress":"$EX$138:$EX$175","headAddress":"$EX$138","bodyAddress":"$EX$139:$EX$175","_name":"основное"},"корректировка факт":{"_level":2,"parentID":"f3581f07-d5db-44a9-915d-5b514849d7dc","firstParentID":"81859503-3566-456a-8d20-7a9eba28d564","ID":"994d95e1-c18e-4e26-aef3-9817a46a522c","childs":null,"emcosID":null,"emcosMLID":null,"codMaketTEP":null,"codTEP":null,"WSName":"DB","rangeAddress":"$EY$138:$EY$175","headAddress":"$EY$138","bodyAddress":"$EY$139:$EY$175","_name":"корректировка факт"},"ручное":{"_level":2,"parentID":"f3581f07-d5db-44a9-915d-5b514849d7dc","firstParentID":"81859503-3566-456a-8d20-7a9eba28d564","ID":"7009338f-ce29-4abb-9042-f0ba25658d0b","childs":null,"emcosID":null,"emcosMLID":null,"codMaketTEP":null,"codTEP":null,"WSName":"DB","rangeAddress":"$EZ$138:$EZ$175","headAddress":"$EZ$138","bodyAddress":"$EZ$139:$EZ$175","_name":"ручное"}},"emcosID":null,"emcosMLID":null,"codMaketTEP":null,"codTEP":null,"WSName":"DB","rangeAddress":"$EW$137:$EZ$175","headAddress":"$EW$137:$EZ$137","bodyAddress":"$EW$138:$EZ$175","_name":"отдача"}},"emcosID":null,"emcosMLID":null,"codMaketTEP":null,"codTEP":null,"WSName":"DB","rangeAddress":"$ES$136:$EZ$175","headAddress":"$ES$136:$EZ$136","bodyAddress":"$ES$137:$EZ$175","_name":"ТП2 Чиганак тяга"}},"codPlan":null,"meterCoef":null,"_name":"ТП2 Чиганак тяга"}