{"ID":"8beae0ba-d5ca-4442-9a33-44ae3cd002b5","childs":{"PS":{"_level":0,"parentID":"8beae0ba-d5ca-4442-9a33-44ae3cd002b5","firstParentID":"8beae0ba-d5ca-4442-9a33-44ae3cd002b5","ID":"7ffac1a3-cd95-493e-a6cf-45d610d34995","childs":{"отдача":{"_level":1,"parentID":"7ffac1a3-cd95-493e-a6cf-45d610d34995","firstParentID":"8beae0ba-d5ca-4442-9a33-44ae3cd002b5","ID":"132b7b5f-78b5-43e9-8003-f67e10473e4b","childs":{"ручное":{"_level":2,"parentID":"132b7b5f-78b5-43e9-8003-f67e10473e4b","firstParentID":"8beae0ba-d5ca-4442-9a33-44ae3cd002b5","ID":"54f2c65c-6101-4aac-b822-d5226fcc9224","childs":null,"emcosID":null,"emcosMLID":null,"codMaketTEP":null,"codTEP":null,"WSName":"PS","rangeAddress":"$AT$185:$AT$221","headAddress":"$AT$185","bodyAddress":"$AT$186:$AT$221","_name":"ручное"}},"emcosID":null,"emcosMLID":null,"codMaketTEP":null,"codTEP":null,"WSName":"PS","rangeAddress":"$AT$184:$AT$221","headAddress":"$AT$184","bodyAddress":"$AT$185:$AT$221","_name":"отдача"}},"emcosID":null,"emcosMLID":null,"codMaketTEP":null,"codTEP":null,"WSName":"PS","rangeAddress":"$AT$183:$AT$221","headAddress":"$AT$183","bodyAddress":"$AT$184:$AT$221","_name":"Генерация Аннар"},"DB":{"_level":0,"parentID":"8beae0ba-d5ca-4442-9a33-44ae3cd002b5","firstParentID":"8beae0ba-d5ca-4442-9a33-44ae3cd002b5","ID":"859eef1f-9eca-4fa1-9b89-6756e462a155","childs":{"отдача":{"_level":1,"parentID":"859eef1f-9eca-4fa1-9b89-6756e462a155","firstParentID":"8beae0ba-d5ca-4442-9a33-44ae3cd002b5","ID":"ae2149b1-a646-40e7-8e6a-2684a44c78e4","childs":{"код":{"_level":2,"parentID":"ae2149b1-a646-40e7-8e6a-2684a44c78e4","firstParentID":"8beae0ba-d5ca-4442-9a33-44ae3cd002b5","ID":"6ce3d89e-8d67-4edc-a1ca-bcea7d079f48","childs":null,"emcosID":null,"emcosMLID":null,"codMaketTEP":null,"codTEP":null,"WSName":"DB","rangeAddress":"$FN$267:$FN$304","headAddress":"$FN$267","bodyAddress":"$FN$268:$FN$304","_name":"код"},"основное":{"_level":2,"parentID":"ae2149b1-a646-40e7-8e6a-2684a44c78e4","firstParentID":"8beae0ba-d5ca-4442-9a33-44ae3cd002b5","ID":"193bc383-9a37-4eae-abc7-e1fe398d0e7b","childs":null,"emcosID":null,"emcosMLID":null,"codMaketTEP":null,"codTEP":null,"WSName":"DB","rangeAddress":"$FO$267:$FO$304","headAddress":"$FO$267","bodyAddress":"$FO$268:$FO$304","_name":"основное"},"корректировка факт":{"_level":2,"parentID":"ae2149b1-a646-40e7-8e6a-2684a44c78e4","firstParentID":"8beae0ba-d5ca-4442-9a33-44ae3cd002b5","ID":"45686dc0-d5f2-44a6-9c71-630d8bce022d","childs":null,"emcosID":null,"emcosMLID":null,"codMaketTEP":null,"codTEP":null,"WSName":"DB","rangeAddress":"$FP$267:$FP$304","headAddress":"$FP$267","bodyAddress":"$FP$268:$FP$304","_name":"корректировка факт"},"ручное":{"_level":2,"parentID":"ae2149b1-a646-40e7-8e6a-2684a44c78e4","firstParentID":"8beae0ba-d5ca-4442-9a33-44ae3cd002b5","ID":"29ef51f6-2588-4f4f-b5dd-01fc8ccb0ac3","childs":null,"emcosID":null,"emcosMLID":null,"codMaketTEP":null,"codTEP":null,"WSName":"DB","rangeAddress":"$FQ$267:$FQ$304","headAddress":"$FQ$267","bodyAddress":"$FQ$268:$FQ$304","_name":"ручное"}},"emcosID":null,"emcosMLID":null,"codMaketTEP":null,"codTEP":null,"WSName":"DB","rangeAddress":"$FN$266:$FQ$304","headAddress":"$FN$266:$FQ$266","bodyAddress":"$FN$267:$FQ$304","_name":"отдача"}},"emcosID":null,"emcosMLID":null,"codMaketTEP":null,"codTEP":null,"WSName":"DB","rangeAddress":"$FN$265:$FQ$304","headAddress":"$FN$265:$FQ$265","bodyAddress":"$FN$266:$FQ$304","_name":"Генерация Аннар"}},"codPlan":null,"meterCoef":null,"_name":"Генерация Аннар"}