{"ID":"b70fdeaa-f790-4d49-88ee-8bed836dfb23","childs":{"PS":{"_level":0,"parentID":"b70fdeaa-f790-4d49-88ee-8bed836dfb23","firstParentID":"b70fdeaa-f790-4d49-88ee-8bed836dfb23","ID":"48e9bda5-82f4-49f6-b2de-5940130d2576","childs":{"прием":{"_level":1,"parentID":"48e9bda5-82f4-49f6-b2de-5940130d2576","firstParentID":"b70fdeaa-f790-4d49-88ee-8bed836dfb23","ID":"9b4c961d-1cfe-4493-a352-33c2c3fc8317","childs":{"ручное":{"_level":2,"parentID":"9b4c961d-1cfe-4493-a352-33c2c3fc8317","firstParentID":"b70fdeaa-f790-4d49-88ee-8bed836dfb23","ID":"c71314fe-c6c1-4955-8b30-d77b8f9cbfca","childs":null,"emcosID":null,"emcosMLID":null,"codMaketTEP":null,"codTEP":null,"WSName":"PS","rangeAddress":"$O$185:$O$221","headAddress":"$O$185","bodyAddress":"$O$186:$O$221","_name":"ручное"}},"emcosID":null,"emcosMLID":null,"codMaketTEP":null,"codTEP":null,"WSName":"PS","rangeAddress":"$O$184:$O$221","headAddress":"$O$184","bodyAddress":"$O$185:$O$221","_name":"прием"}},"emcosID":null,"emcosMLID":null,"codMaketTEP":null,"codTEP":null,"WSName":"PS","rangeAddress":"$O$183:$O$221","headAddress":"$O$183","bodyAddress":"$O$184:$O$221","_name":"Потребление Green Oil"},"DB":{"_level":0,"parentID":"b70fdeaa-f790-4d49-88ee-8bed836dfb23","firstParentID":"b70fdeaa-f790-4d49-88ee-8bed836dfb23","ID":"463ef18d-ed0c-4cf2-93d3-8ffd5f5dd6d5","childs":{"прием":{"_level":1,"parentID":"463ef18d-ed0c-4cf2-93d3-8ffd5f5dd6d5","firstParentID":"b70fdeaa-f790-4d49-88ee-8bed836dfb23","ID":"d5f96a66-7386-4688-a264-6baa9c7f73a7","childs":{"код":{"_level":2,"parentID":"d5f96a66-7386-4688-a264-6baa9c7f73a7","firstParentID":"b70fdeaa-f790-4d49-88ee-8bed836dfb23","ID":"f365c772-4b5b-4c3e-a1b8-ef4634999f7e","childs":null,"emcosID":null,"emcosMLID":null,"codMaketTEP":null,"codTEP":null,"WSName":"DB","rangeAddress":"$C$396:$C$433","headAddress":"$C$396","bodyAddress":"$C$397:$C$433","_name":"код"},"основное":{"_level":2,"parentID":"d5f96a66-7386-4688-a264-6baa9c7f73a7","firstParentID":"b70fdeaa-f790-4d49-88ee-8bed836dfb23","ID":"cf2dc2c3-831f-4a68-bc5a-2e007f4e2483","childs":null,"emcosID":null,"emcosMLID":null,"codMaketTEP":null,"codTEP":null,"WSName":"DB","rangeAddress":"$D$396:$D$433","headAddress":"$D$396","bodyAddress":"$D$397:$D$433","_name":"основное"},"корректировка факт":{"_level":2,"parentID":"d5f96a66-7386-4688-a264-6baa9c7f73a7","firstParentID":"b70fdeaa-f790-4d49-88ee-8bed836dfb23","ID":"5ee88e3f-4a74-45e7-8e3b-64b3720b6bc3","childs":null,"emcosID":null,"emcosMLID":null,"codMaketTEP":null,"codTEP":null,"WSName":"DB","rangeAddress":"$E$396:$E$433","headAddress":"$E$396","bodyAddress":"$E$397:$E$433","_name":"корректировка факт"},"ручное":{"_level":2,"parentID":"d5f96a66-7386-4688-a264-6baa9c7f73a7","firstParentID":"b70fdeaa-f790-4d49-88ee-8bed836dfb23","ID":"d71738e0-0790-40b8-a1be-d3a84132856e","childs":null,"emcosID":null,"emcosMLID":null,"codMaketTEP":null,"codTEP":null,"WSName":"DB","rangeAddress":"$F$396:$F$433","headAddress":"$F$396","bodyAddress":"$F$397:$F$433","_name":"ручное"}},"emcosID":null,"emcosMLID":null,"codMaketTEP":null,"codTEP":null,"WSName":"DB","rangeAddress":"$C$395:$F$433","headAddress":"$C$395:$F$395","bodyAddress":"$C$396:$F$433","_name":"прием"}},"emcosID":null,"emcosMLID":null,"codMaketTEP":null,"codTEP":null,"WSName":"DB","rangeAddress":"$C$394:$F$433","headAddress":"$C$394:$F$394","bodyAddress":"$C$395:$F$433","_name":"Потребление Green Oil"}},"codPlan":null,"meterCoef":null,"_name":"Потребление Green Oil"}