{"ID":"bab12f50-0fc0-465a-95fd-9f4531a9af8d","childs":{"PS":{"_level":0,"parentID":"bab12f50-0fc0-465a-95fd-9f4531a9af8d","firstParentID":"bab12f50-0fc0-465a-95fd-9f4531a9af8d","ID":"738b0528-6648-4eba-afbe-fe5f8c941132","childs":{"отдача":{"_level":1,"parentID":"738b0528-6648-4eba-afbe-fe5f8c941132","firstParentID":"bab12f50-0fc0-465a-95fd-9f4531a9af8d","ID":"9f041bbc-ac53-4407-a2d5-0a5e9234c9e9","childs":{"оперативное":{"_level":2,"parentID":"9f041bbc-ac53-4407-a2d5-0a5e9234c9e9","firstParentID":"bab12f50-0fc0-465a-95fd-9f4531a9af8d","ID":"9196e6d2-b3f0-4537-90f9-3db5ab05aebe","childs":null,"emcosID":null,"emcosMLID":null,"codMaketTEP":null,"codTEP":null,"WSName":"PS","rangeAddress":"$W$185:$W$221","headAddress":"$W$185","bodyAddress":"$W$186:$W$221","_name":"оперативное"}},"emcosID":null,"emcosMLID":null,"codMaketTEP":null,"codTEP":null,"WSName":"PS","rangeAddress":"$W$184:$W$221","headAddress":"$W$184","bodyAddress":"$W$185:$W$221","_name":"отдача"}},"emcosID":null,"emcosMLID":null,"codMaketTEP":null,"codTEP":null,"WSName":"PS","rangeAddress":"$W$183:$W$221","headAddress":"$W$183","bodyAddress":"$W$184:$W$221","_name":"Каскад ГЭС АлЭС"},"DB":{"_level":0,"parentID":"bab12f50-0fc0-465a-95fd-9f4531a9af8d","firstParentID":"bab12f50-0fc0-465a-95fd-9f4531a9af8d","ID":"2372f1ca-cd4a-48ab-9bed-c9ddc9cb6c81","childs":{"отдача":{"_level":1,"parentID":"2372f1ca-cd4a-48ab-9bed-c9ddc9cb6c81","firstParentID":"bab12f50-0fc0-465a-95fd-9f4531a9af8d","ID":"2f440d8e-eba8-4348-82ba-d40cdccd7618","childs":{"код":{"_level":2,"parentID":"2f440d8e-eba8-4348-82ba-d40cdccd7618","firstParentID":"bab12f50-0fc0-465a-95fd-9f4531a9af8d","ID":"ecb1afd8-adcf-4740-b041-c99b1dfdd91e","childs":null,"emcosID":null,"emcosMLID":null,"codMaketTEP":null,"codTEP":null,"WSName":"DB","rangeAddress":"$FO$181:$FO$218","headAddress":"$FO$181","bodyAddress":"$FO$182:$FO$218","_name":"код"},"основное":{"_level":2,"parentID":"2f440d8e-eba8-4348-82ba-d40cdccd7618","firstParentID":"bab12f50-0fc0-465a-95fd-9f4531a9af8d","ID":"5d95f4f8-3736-4b36-a83c-1e4ff98d8e21","childs":null,"emcosID":null,"emcosMLID":null,"codMaketTEP":null,"codTEP":null,"WSName":"DB","rangeAddress":"$FP$181:$FP$218","headAddress":"$FP$181","bodyAddress":"$FP$182:$FP$218","_name":"основное"},"корректировка факт":{"_level":2,"parentID":"2f440d8e-eba8-4348-82ba-d40cdccd7618","firstParentID":"bab12f50-0fc0-465a-95fd-9f4531a9af8d","ID":"41dbb8da-284a-4c3f-9366-df6c795e5759","childs":null,"emcosID":null,"emcosMLID":null,"codMaketTEP":null,"codTEP":null,"WSName":"DB","rangeAddress":"$FQ$181:$FQ$218","headAddress":"$FQ$181","bodyAddress":"$FQ$182:$FQ$218","_name":"корректировка факт"},"ручное":{"_level":2,"parentID":"2f440d8e-eba8-4348-82ba-d40cdccd7618","firstParentID":"bab12f50-0fc0-465a-95fd-9f4531a9af8d","ID":"55fb07ca-f2cb-4739-b0f2-764c85f9a06f","childs":null,"emcosID":null,"emcosMLID":null,"codMaketTEP":null,"codTEP":null,"WSName":"DB","rangeAddress":"$FR$181:$FR$218","headAddress":"$FR$181","bodyAddress":"$FR$182:$FR$218","_name":"ручное"},"оперативное":{"_level":2,"parentID":"2f440d8e-eba8-4348-82ba-d40cdccd7618","firstParentID":"bab12f50-0fc0-465a-95fd-9f4531a9af8d","ID":"5125ffca-d7fb-4a18-a5f8-43a6d471aa2f","childs":null,"emcosID":null,"emcosMLID":null,"codMaketTEP":null,"codTEP":null,"WSName":"DB","rangeAddress":"$FS$181:$FS$218","headAddress":"$FS$181","bodyAddress":"$FS$182:$FS$218","_name":"оперативное"}},"emcosID":null,"emcosMLID":null,"codMaketTEP":null,"codTEP":null,"WSName":"DB","rangeAddress":"$FO$180:$FS$218","headAddress":"$FO$180:$FS$180","bodyAddress":"$FO$181:$FS$218","_name":"отдача"}},"emcosID":null,"emcosMLID":null,"codMaketTEP":null,"codTEP":null,"WSName":"DB","rangeAddress":"$FO$179:$FS$218","headAddress":"$FO$179:$FS$179","bodyAddress":"$FO$180:$FS$218","_name":"Каскад ГЭС АлЭС"}},"codPlan":null,"meterCoef":null,"_name":"Каскад ГЭС АлЭС"}