{"ID":"11dbfdf6-5f59-42e3-b60a-7f14fe45b6b1","childs":{"PS":{"_level":0,"parentID":"11dbfdf6-5f59-42e3-b60a-7f14fe45b6b1","firstParentID":"11dbfdf6-5f59-42e3-b60a-7f14fe45b6b1","ID":"c8c9ced2-1fd9-4e4e-9e77-87efbe4827e3","childs":{"отдача":{"_level":1,"parentID":"c8c9ced2-1fd9-4e4e-9e77-87efbe4827e3","firstParentID":"11dbfdf6-5f59-42e3-b60a-7f14fe45b6b1","ID":"d832a6ae-e8a6-4292-bd5b-3b776dced62a","childs":{"по счетчику":{"_level":2,"parentID":"d832a6ae-e8a6-4292-bd5b-3b776dced62a","firstParentID":"11dbfdf6-5f59-42e3-b60a-7f14fe45b6b1","ID":"ba048888-3354-4145-a261-dffca52c11ac","childs":null,"emcosID":null,"emcosMLID":null,"codMaketTEP":null,"codTEP":null,"WSName":"PS","rangeAddress":"$GD$99:$GD$135","headAddress":"$GD$99","bodyAddress":"$GD$100:$GD$135","_name":"по счетчику"}},"emcosID":null,"emcosMLID":null,"codMaketTEP":null,"codTEP":null,"WSName":"PS","rangeAddress":"$GD$98:$GD$135","headAddress":"$GD$98","bodyAddress":"$GD$99:$GD$135","_name":"отдача"}},"emcosID":null,"emcosMLID":null,"codMaketTEP":null,"codTEP":null,"WSName":"PS","rangeAddress":"$GD$97:$GD$135","headAddress":"$GD$97","bodyAddress":"$GD$98:$GD$135","_name":"ТСН2 ПС152 Талдыкорган"},"DB":{"_level":0,"parentID":"11dbfdf6-5f59-42e3-b60a-7f14fe45b6b1","firstParentID":"11dbfdf6-5f59-42e3-b60a-7f14fe45b6b1","ID":"753db072-1f94-4b82-9950-5ea3b2ebce68","childs":{"отдача":{"_level":1,"parentID":"753db072-1f94-4b82-9950-5ea3b2ebce68","firstParentID":"11dbfdf6-5f59-42e3-b60a-7f14fe45b6b1","ID":"cf3618d5-3163-4472-8fba-4923b6d2d1c9","childs":{"код":{"_level":2,"parentID":"cf3618d5-3163-4472-8fba-4923b6d2d1c9","firstParentID":"11dbfdf6-5f59-42e3-b60a-7f14fe45b6b1","ID":"43d6e9e8-d6dd-4fce-8c54-71f29ea49ae4","childs":null,"emcosID":null,"emcosMLID":null,"codMaketTEP":null,"codTEP":null,"WSName":"DB","rangeAddress":"$Q$52:$Q$89","headAddress":"$Q$52","bodyAddress":"$Q$53:$Q$89","_name":"код"},"основное":{"_level":2,"parentID":"cf3618d5-3163-4472-8fba-4923b6d2d1c9","firstParentID":"11dbfdf6-5f59-42e3-b60a-7f14fe45b6b1","ID":"30c2aaee-2efe-4fca-9076-aa395b2d5387","childs":null,"emcosID":null,"emcosMLID":null,"codMaketTEP":null,"codTEP":null,"WSName":"DB","rangeAddress":"$R$52:$R$89","headAddress":"$R$52","bodyAddress":"$R$53:$R$89","_name":"основное"},"корректировка факт":{"_level":2,"parentID":"cf3618d5-3163-4472-8fba-4923b6d2d1c9","firstParentID":"11dbfdf6-5f59-42e3-b60a-7f14fe45b6b1","ID":"204d5e6d-8e41-4247-9362-b24b3bbee5f8","childs":null,"emcosID":null,"emcosMLID":null,"codMaketTEP":null,"codTEP":null,"WSName":"DB","rangeAddress":"$S$52:$S$89","headAddress":"$S$52","bodyAddress":"$S$53:$S$89","_name":"корректировка факт"},"ручное":{"_level":2,"parentID":"cf3618d5-3163-4472-8fba-4923b6d2d1c9","firstParentID":"11dbfdf6-5f59-42e3-b60a-7f14fe45b6b1","ID":"19c32328-8531-4821-8f0e-8807d39e26bb","childs":null,"emcosID":null,"emcosMLID":null,"codMaketTEP":null,"codTEP":null,"WSName":"DB","rangeAddress":"$T$52:$T$89","headAddress":"$T$52","bodyAddress":"$T$53:$T$89","_name":"ручное"},"счетчик":{"_level":2,"parentID":"cf3618d5-3163-4472-8fba-4923b6d2d1c9","firstParentID":"11dbfdf6-5f59-42e3-b60a-7f14fe45b6b1","ID":"b834d7ac-7db1-40c3-b444-1398e620d8a0","childs":null,"emcosID":null,"emcosMLID":null,"codMaketTEP":null,"codTEP":null,"WSName":"DB","rangeAddress":"$U$52:$U$89","headAddress":"$U$52","bodyAddress":"$U$53:$U$89","_name":"счетчик"},"по счетчику":{"_level":2,"parentID":"cf3618d5-3163-4472-8fba-4923b6d2d1c9","firstParentID":"11dbfdf6-5f59-42e3-b60a-7f14fe45b6b1","ID":"44c33418-9420-4dc7-9d16-f79c6540a250","childs":null,"emcosID":null,"emcosMLID":null,"codMaketTEP":null,"codTEP":null,"WSName":"DB","rangeAddress":"$V$52:$V$89","headAddress":"$V$52","bodyAddress":"$V$53:$V$89","_name":"по счетчику"}},"emcosID":null,"emcosMLID":null,"codMaketTEP":null,"codTEP":null,"WSName":"DB","rangeAddress":"$Q$51:$V$89","headAddress":"$Q$51:$V$51","bodyAddress":"$Q$52:$V$89","_name":"отдача"}},"emcosID":null,"emcosMLID":null,"codMaketTEP":null,"codTEP":null,"WSName":"DB","rangeAddress":"$Q$50:$V$89","headAddress":"$Q$50:$V$50","bodyAddress":"$Q$51:$V$89","_name":"ТСН2 ПС152 Талдыкорган"}},"codPlan":null,"meterCoef":"4","_name":"ТСН2 ПС152 Талдыкорган"}