{"ID":"3430e424-3a9e-4b25-8649-7ed499ae5477","childs":{"PS":{"_level":0,"parentID":"3430e424-3a9e-4b25-8649-7ed499ae5477","firstParentID":"3430e424-3a9e-4b25-8649-7ed499ae5477","ID":"d55495e3-2531-4f02-b68c-fc524d3758c2","childs":{"прием":{"_level":1,"parentID":"d55495e3-2531-4f02-b68c-fc524d3758c2","firstParentID":"3430e424-3a9e-4b25-8649-7ed499ae5477","ID":"a1cf7c4b-d154-49f3-b178-d44cf9c1d666","childs":{"оперативное":{"_level":2,"parentID":"a1cf7c4b-d154-49f3-b178-d44cf9c1d666","firstParentID":"3430e424-3a9e-4b25-8649-7ed499ae5477","ID":"36d52ac4-b9b7-4713-b496-591642aa4dad","childs":null,"emcosID":null,"emcosMLID":null,"codMaketTEP":null,"codTEP":null,"WSName":"PS","rangeAddress":"$HT$99:$HT$135","headAddress":"$HT$99","bodyAddress":"$HT$100:$HT$135","_name":"оперативное"}},"emcosID":null,"emcosMLID":null,"codMaketTEP":null,"codTEP":null,"WSName":"PS","rangeAddress":"$HT$98:$HT$135","headAddress":"$HT$98","bodyAddress":"$HT$99:$HT$135","_name":"прием"},"отдача":{"_level":1,"parentID":"d55495e3-2531-4f02-b68c-fc524d3758c2","firstParentID":"3430e424-3a9e-4b25-8649-7ed499ae5477","ID":"150ef6a0-f270-441e-a76e-dab925483cf8","childs":{"оперативное":{"_level":2,"parentID":"150ef6a0-f270-441e-a76e-dab925483cf8","firstParentID":"3430e424-3a9e-4b25-8649-7ed499ae5477","ID":"92942a0f-d555-4c02-8733-9e465e0f8a88","childs":null,"emcosID":null,"emcosMLID":null,"codMaketTEP":null,"codTEP":null,"WSName":"PS","rangeAddress":"$HU$99:$HU$135","headAddress":"$HU$99","bodyAddress":"$HU$100:$HU$135","_name":"оперативное"}},"emcosID":null,"emcosMLID":null,"codMaketTEP":null,"codTEP":null,"WSName":"PS","rangeAddress":"$HU$98:$HU$135","headAddress":"$HU$98","bodyAddress":"$HU$99:$HU$135","_name":"отдача"}},"emcosID":null,"emcosMLID":null,"codMaketTEP":null,"codTEP":null,"WSName":"PS","rangeAddress":"$HT$97:$HU$135","headAddress":"$HT$97:$HU$97","bodyAddress":"$HT$98:$HU$135","_name":"Т1 Робот 143А"},"DB":{"_level":0,"parentID":"3430e424-3a9e-4b25-8649-7ed499ae5477","firstParentID":"3430e424-3a9e-4b25-8649-7ed499ae5477","ID":"27fde439-9ec1-4efa-becb-ae8bda7b90fb","childs":{"прием":{"_level":1,"parentID":"27fde439-9ec1-4efa-becb-ae8bda7b90fb","firstParentID":"3430e424-3a9e-4b25-8649-7ed499ae5477","ID":"40e3b431-1b70-492d-b016-3725ef20c7ca","childs":{"код":{"_level":2,"parentID":"40e3b431-1b70-492d-b016-3725ef20c7ca","firstParentID":"3430e424-3a9e-4b25-8649-7ed499ae5477","ID":"87dfc185-c291-409d-be97-bc0caf3f76f0","childs":null,"emcosID":null,"emcosMLID":null,"codMaketTEP":null,"codTEP":null,"WSName":"DB","rangeAddress":"$GJ$353:$GJ$390","headAddress":"$GJ$353","bodyAddress":"$GJ$354:$GJ$390","_name":"код"},"основное":{"_level":2,"parentID":"40e3b431-1b70-492d-b016-3725ef20c7ca","firstParentID":"3430e424-3a9e-4b25-8649-7ed499ae5477","ID":"9793d7ea-2eba-45f9-a538-2ebe9a8123b7","childs":null,"emcosID":null,"emcosMLID":null,"codMaketTEP":null,"codTEP":null,"WSName":"DB","rangeAddress":"$GK$353:$GK$390","headAddress":"$GK$353","bodyAddress":"$GK$354:$GK$390","_name":"основное"},"корректировка факт":{"_level":2,"parentID":"40e3b431-1b70-492d-b016-3725ef20c7ca","firstParentID":"3430e424-3a9e-4b25-8649-7ed499ae5477","ID":"dbf83a6b-7635-4de1-b988-5bcc725bb59a","childs":null,"emcosID":null,"emcosMLID":null,"codMaketTEP":null,"codTEP":null,"WSName":"DB","rangeAddress":"$GL$353:$GL$390","headAddress":"$GL$353","bodyAddress":"$GL$354:$GL$390","_name":"корректировка факт"},"ручное":{"_level":2,"parentID":"40e3b431-1b70-492d-b016-3725ef20c7ca","firstParentID":"3430e424-3a9e-4b25-8649-7ed499ae5477","ID":"6d54a103-3db0-45d5-b8fc-0592241ffd2e","childs":null,"emcosID":null,"emcosMLID":null,"codMaketTEP":null,"codTEP":null,"WSName":"DB","rangeAddress":"$GM$353:$GM$390","headAddress":"$GM$353","bodyAddress":"$GM$354:$GM$390","_name":"ручное"},"оперативное":{"_level":2,"parentID":"40e3b431-1b70-492d-b016-3725ef20c7ca","firstParentID":"3430e424-3a9e-4b25-8649-7ed499ae5477","ID":"2831eda1-d26a-449f-8399-d5c52c2cd8a7","childs":null,"emcosID":null,"emcosMLID":null,"codMaketTEP":null,"codTEP":null,"WSName":"DB","rangeAddress":"$GN$353:$GN$390","headAddress":"$GN$353","bodyAddress":"$GN$354:$GN$390","_name":"оперативное"}},"emcosID":null,"emcosMLID":null,"codMaketTEP":null,"codTEP":null,"WSName":"DB","rangeAddress":"$GJ$352:$GN$390","headAddress":"$GJ$352:$GN$352","bodyAddress":"$GJ$353:$GN$390","_name":"прием"},"отдача":{"_level":1,"parentID":"27fde439-9ec1-4efa-becb-ae8bda7b90fb","firstParentID":"3430e424-3a9e-4b25-8649-7ed499ae5477","ID":"020fdae6-de44-4af0-aebc-8a57d36f7f31","childs":{"код":{"_level":2,"parentID":"020fdae6-de44-4af0-aebc-8a57d36f7f31","firstParentID":"3430e424-3a9e-4b25-8649-7ed499ae5477","ID":"3da0ce1c-ff67-46fe-894b-38fe761739bb","childs":null,"emcosID":null,"emcosMLID":null,"codMaketTEP":null,"codTEP":null,"WSName":"DB","rangeAddress":"$GO$353:$GO$390","headAddress":"$GO$353","bodyAddress":"$GO$354:$GO$390","_name":"код"},"основное":{"_level":2,"parentID":"020fdae6-de44-4af0-aebc-8a57d36f7f31","firstParentID":"3430e424-3a9e-4b25-8649-7ed499ae5477","ID":"412734b9-46b3-4c53-bd78-23c4d197f37d","childs":null,"emcosID":null,"emcosMLID":null,"codMaketTEP":null,"codTEP":null,"WSName":"DB","rangeAddress":"$GP$353:$GP$390","headAddress":"$GP$353","bodyAddress":"$GP$354:$GP$390","_name":"основное"},"корректировка факт":{"_level":2,"parentID":"020fdae6-de44-4af0-aebc-8a57d36f7f31","firstParentID":"3430e424-3a9e-4b25-8649-7ed499ae5477","ID":"07a1c86e-5d34-4f85-8e93-367b2167b881","childs":null,"emcosID":null,"emcosMLID":null,"codMaketTEP":null,"codTEP":null,"WSName":"DB","rangeAddress":"$GQ$353:$GQ$390","headAddress":"$GQ$353","bodyAddress":"$GQ$354:$GQ$390","_name":"корректировка факт"},"ручное":{"_level":2,"parentID":"020fdae6-de44-4af0-aebc-8a57d36f7f31","firstParentID":"3430e424-3a9e-4b25-8649-7ed499ae5477","ID":"b2956ddc-5986-484f-8aed-264fa29d5897","childs":null,"emcosID":null,"emcosMLID":null,"codMaketTEP":null,"codTEP":null,"WSName":"DB","rangeAddress":"$GR$353:$GR$390","headAddress":"$GR$353","bodyAddress":"$GR$354:$GR$390","_name":"ручное"},"оперативное":{"_level":2,"parentID":"020fdae6-de44-4af0-aebc-8a57d36f7f31","firstParentID":"3430e424-3a9e-4b25-8649-7ed499ae5477","ID":"a9f8e1d5-9b1c-4d5e-a78d-709aeba341d4","childs":null,"emcosID":null,"emcosMLID":null,"codMaketTEP":null,"codTEP":null,"WSName":"DB","rangeAddress":"$GS$353:$GS$390","headAddress":"$GS$353","bodyAddress":"$GS$354:$GS$390","_name":"оперативное"}},"emcosID":null,"emcosMLID":null,"codMaketTEP":null,"codTEP":null,"WSName":"DB","rangeAddress":"$GO$352:$GS$390","headAddress":"$GO$352:$GS$352","bodyAddress":"$GO$353:$GS$390","_name":"отдача"}},"emcosID":null,"emcosMLID":null,"codMaketTEP":null,"codTEP":null,"WSName":"DB","rangeAddress":"$GJ$351:$GS$390","headAddress":"$GJ$351:$GS$351","bodyAddress":"$GJ$352:$GS$390","_name":"Т1 Робот 143А"}},"codPlan":null,"meterCoef":null,"_name":"Т1 Робот 143А"}