{"ID":"7850f25d-734a-4d03-98ad-ce5048a7b6f9","childs":{"PS":{"_level":0,"parentID":"7850f25d-734a-4d03-98ad-ce5048a7b6f9","firstParentID":"7850f25d-734a-4d03-98ad-ce5048a7b6f9","ID":"d19ae650-94a9-4608-9ad6-63b4380c0072","childs":{"прием":{"_level":1,"parentID":"d19ae650-94a9-4608-9ad6-63b4380c0072","firstParentID":"7850f25d-734a-4d03-98ad-ce5048a7b6f9","ID":"4cea50c4-0e6b-4966-85f6-7a91c9f7a624","childs":{"оперативное":{"_level":2,"parentID":"4cea50c4-0e6b-4966-85f6-7a91c9f7a624","firstParentID":"7850f25d-734a-4d03-98ad-ce5048a7b6f9","ID":"3958b52c-5d70-4403-a9dc-216463e8117a","childs":null,"emcosID":null,"emcosMLID":null,"codMaketTEP":null,"codTEP":null,"WSName":"PS","rangeAddress":"$GZ$99:$GZ$135","headAddress":"$GZ$99","bodyAddress":"$GZ$100:$GZ$135","_name":"оперативное"}},"emcosID":null,"emcosMLID":null,"codMaketTEP":null,"codTEP":null,"WSName":"PS","rangeAddress":"$GZ$98:$GZ$135","headAddress":"$GZ$98","bodyAddress":"$GZ$99:$GZ$135","_name":"прием"},"отдача":{"_level":1,"parentID":"d19ae650-94a9-4608-9ad6-63b4380c0072","firstParentID":"7850f25d-734a-4d03-98ad-ce5048a7b6f9","ID":"2f969b7b-3710-4881-a7d4-0e2fe9a959c8","childs":{"оперативное":{"_level":2,"parentID":"2f969b7b-3710-4881-a7d4-0e2fe9a959c8","firstParentID":"7850f25d-734a-4d03-98ad-ce5048a7b6f9","ID":"34258156-63b8-4cf4-bb3a-5e1d36f15306","childs":null,"emcosID":null,"emcosMLID":null,"codMaketTEP":null,"codTEP":null,"WSName":"PS","rangeAddress":"$HA$99:$HA$135","headAddress":"$HA$99","bodyAddress":"$HA$100:$HA$135","_name":"оперативное"}},"emcosID":null,"emcosMLID":null,"codMaketTEP":null,"codTEP":null,"WSName":"PS","rangeAddress":"$HA$98:$HA$135","headAddress":"$HA$98","bodyAddress":"$HA$99:$HA$135","_name":"отдача"}},"emcosID":null,"emcosMLID":null,"codMaketTEP":null,"codTEP":null,"WSName":"PS","rangeAddress":"$GZ$97:$HA$135","headAddress":"$GZ$97:$HA$97","bodyAddress":"$GZ$98:$HA$135","_name":"Л2173 Западная 140А"},"DB":{"_level":0,"parentID":"7850f25d-734a-4d03-98ad-ce5048a7b6f9","firstParentID":"7850f25d-734a-4d03-98ad-ce5048a7b6f9","ID":"ad66f3f0-bdf1-4184-a94a-a217ef9404d5","childs":{"прием":{"_level":1,"parentID":"ad66f3f0-bdf1-4184-a94a-a217ef9404d5","firstParentID":"7850f25d-734a-4d03-98ad-ce5048a7b6f9","ID":"70eadfbd-8382-43bd-a457-3944ab732de2","childs":{"код":{"_level":2,"parentID":"70eadfbd-8382-43bd-a457-3944ab732de2","firstParentID":"7850f25d-734a-4d03-98ad-ce5048a7b6f9","ID":"1f6bf067-7584-43f8-be10-f615c085d3ca","childs":null,"emcosID":null,"emcosMLID":null,"codMaketTEP":null,"codTEP":null,"WSName":"DB","rangeAddress":"$GJ$95:$GJ$132","headAddress":"$GJ$95","bodyAddress":"$GJ$96:$GJ$132","_name":"код"},"основное":{"_level":2,"parentID":"70eadfbd-8382-43bd-a457-3944ab732de2","firstParentID":"7850f25d-734a-4d03-98ad-ce5048a7b6f9","ID":"44a5c76e-ba56-4d19-8b0c-0ba54b221c70","childs":null,"emcosID":null,"emcosMLID":null,"codMaketTEP":null,"codTEP":null,"WSName":"DB","rangeAddress":"$GK$95:$GK$132","headAddress":"$GK$95","bodyAddress":"$GK$96:$GK$132","_name":"основное"},"корректировка факт":{"_level":2,"parentID":"70eadfbd-8382-43bd-a457-3944ab732de2","firstParentID":"7850f25d-734a-4d03-98ad-ce5048a7b6f9","ID":"1b8b3282-9c43-4a34-9ab5-1daf6ea28a65","childs":null,"emcosID":null,"emcosMLID":null,"codMaketTEP":null,"codTEP":null,"WSName":"DB","rangeAddress":"$GL$95:$GL$132","headAddress":"$GL$95","bodyAddress":"$GL$96:$GL$132","_name":"корректировка факт"},"ручное":{"_level":2,"parentID":"70eadfbd-8382-43bd-a457-3944ab732de2","firstParentID":"7850f25d-734a-4d03-98ad-ce5048a7b6f9","ID":"52d9dd37-bf5b-4882-8f5c-279a2aff15f1","childs":null,"emcosID":null,"emcosMLID":null,"codMaketTEP":null,"codTEP":null,"WSName":"DB","rangeAddress":"$GM$95:$GM$132","headAddress":"$GM$95","bodyAddress":"$GM$96:$GM$132","_name":"ручное"},"оперативное":{"_level":2,"parentID":"70eadfbd-8382-43bd-a457-3944ab732de2","firstParentID":"7850f25d-734a-4d03-98ad-ce5048a7b6f9","ID":"504a321b-b1ab-45d5-9d37-350c99e90e64","childs":null,"emcosID":null,"emcosMLID":null,"codMaketTEP":null,"codTEP":null,"WSName":"DB","rangeAddress":"$GN$95:$GN$132","headAddress":"$GN$95","bodyAddress":"$GN$96:$GN$132","_name":"оперативное"}},"emcosID":null,"emcosMLID":null,"codMaketTEP":null,"codTEP":null,"WSName":"DB","rangeAddress":"$GJ$94:$GN$132","headAddress":"$GJ$94:$GN$94","bodyAddress":"$GJ$95:$GN$132","_name":"прием"},"отдача":{"_level":1,"parentID":"ad66f3f0-bdf1-4184-a94a-a217ef9404d5","firstParentID":"7850f25d-734a-4d03-98ad-ce5048a7b6f9","ID":"ba89349c-128a-4af0-bcb6-2e87b15618ab","childs":{"код":{"_level":2,"parentID":"ba89349c-128a-4af0-bcb6-2e87b15618ab","firstParentID":"7850f25d-734a-4d03-98ad-ce5048a7b6f9","ID":"1b814fe4-6cac-47a7-8566-a0491132944f","childs":null,"emcosID":null,"emcosMLID":null,"codMaketTEP":null,"codTEP":null,"WSName":"DB","rangeAddress":"$GO$95:$GO$132","headAddress":"$GO$95","bodyAddress":"$GO$96:$GO$132","_name":"код"},"основное":{"_level":2,"parentID":"ba89349c-128a-4af0-bcb6-2e87b15618ab","firstParentID":"7850f25d-734a-4d03-98ad-ce5048a7b6f9","ID":"fe983d8c-9c89-469c-81b1-21308b819222","childs":null,"emcosID":null,"emcosMLID":null,"codMaketTEP":null,"codTEP":null,"WSName":"DB","rangeAddress":"$GP$95:$GP$132","headAddress":"$GP$95","bodyAddress":"$GP$96:$GP$132","_name":"основное"},"корректировка факт":{"_level":2,"parentID":"ba89349c-128a-4af0-bcb6-2e87b15618ab","firstParentID":"7850f25d-734a-4d03-98ad-ce5048a7b6f9","ID":"f4ae1f08-d492-4e2b-9d15-064bdd03ab2b","childs":null,"emcosID":null,"emcosMLID":null,"codMaketTEP":null,"codTEP":null,"WSName":"DB","rangeAddress":"$GQ$95:$GQ$132","headAddress":"$GQ$95","bodyAddress":"$GQ$96:$GQ$132","_name":"корректировка факт"},"ручное":{"_level":2,"parentID":"ba89349c-128a-4af0-bcb6-2e87b15618ab","firstParentID":"7850f25d-734a-4d03-98ad-ce5048a7b6f9","ID":"9dafa231-70ba-4599-a603-917f25530d8f","childs":null,"emcosID":null,"emcosMLID":null,"codMaketTEP":null,"codTEP":null,"WSName":"DB","rangeAddress":"$GR$95:$GR$132","headAddress":"$GR$95","bodyAddress":"$GR$96:$GR$132","_name":"ручное"},"оперативное":{"_level":2,"parentID":"ba89349c-128a-4af0-bcb6-2e87b15618ab","firstParentID":"7850f25d-734a-4d03-98ad-ce5048a7b6f9","ID":"a0b573fe-ee83-4edf-993a-1af5a2066888","childs":null,"emcosID":null,"emcosMLID":null,"codMaketTEP":null,"codTEP":null,"WSName":"DB","rangeAddress":"$GS$95:$GS$132","headAddress":"$GS$95","bodyAddress":"$GS$96:$GS$132","_name":"оперативное"}},"emcosID":null,"emcosMLID":null,"codMaketTEP":null,"codTEP":null,"WSName":"DB","rangeAddress":"$GO$94:$GS$132","headAddress":"$GO$94:$GS$94","bodyAddress":"$GO$95:$GS$132","_name":"отдача"}},"emcosID":null,"emcosMLID":null,"codMaketTEP":null,"codTEP":null,"WSName":"DB","rangeAddress":"$GJ$93:$GS$132","headAddress":"$GJ$93:$GS$93","bodyAddress":"$GJ$94:$GS$132","_name":"Л2173 Западная 140А"}},"codPlan":null,"meterCoef":null,"_name":"Л2173 Западная 140А"}