{"ID":"d0f66ba8-b55a-43c6-abbd-2771e7cca7b1","childs":{"PS":{"_level":0,"parentID":"d0f66ba8-b55a-43c6-abbd-2771e7cca7b1","firstParentID":"d0f66ba8-b55a-43c6-abbd-2771e7cca7b1","ID":"ae2eb708-a3b5-4ab5-898c-3020d1944389","childs":{"отдача":{"_level":1,"parentID":"ae2eb708-a3b5-4ab5-898c-3020d1944389","firstParentID":"d0f66ba8-b55a-43c6-abbd-2771e7cca7b1","ID":"3ad4bbe9-929f-42f6-9e20-1d8e3c2bfb30","childs":{"по счетчику":{"_level":2,"parentID":"3ad4bbe9-929f-42f6-9e20-1d8e3c2bfb30","firstParentID":"d0f66ba8-b55a-43c6-abbd-2771e7cca7b1","ID":"69c04680-bd4b-4d5f-9b24-226e2d6a3c4b","childs":null,"emcosID":null,"emcosMLID":null,"codMaketTEP":null,"codTEP":null,"WSName":"PS","rangeAddress":"$DA$99:$DA$135","headAddress":"$DA$99","bodyAddress":"$DA$100:$DA$135","_name":"по счетчику"},"СЧЕТЧИК":{"_level":2,"parentID":"3ad4bbe9-929f-42f6-9e20-1d8e3c2bfb30","firstParentID":"d0f66ba8-b55a-43c6-abbd-2771e7cca7b1","ID":"cd142c94-dfb4-4bb0-9c74-6f6f42debe2e","childs":null,"emcosID":null,"emcosMLID":null,"codMaketTEP":null,"codTEP":null,"WSName":"PS","rangeAddress":"$DB$99:$DB$135","headAddress":"$DB$99","bodyAddress":"$DB$100:$DB$135","_name":"СЧЕТЧИК"}},"emcosID":null,"emcosMLID":null,"codMaketTEP":null,"codTEP":null,"WSName":"PS","rangeAddress":"$DA$98:$DB$135","headAddress":"$DA$98:$DB$98","bodyAddress":"$DA$99:$DB$135","_name":"отдача"}},"emcosID":null,"emcosMLID":null,"codMaketTEP":null,"codTEP":null,"WSName":"PS","rangeAddress":"$DA$97:$DB$135","headAddress":"$DA$97:$DB$97","bodyAddress":"$DA$98:$DB$135","_name":"КЛ45 ПС152 Талдыкорган"},"DB":{"_level":0,"parentID":"d0f66ba8-b55a-43c6-abbd-2771e7cca7b1","firstParentID":"d0f66ba8-b55a-43c6-abbd-2771e7cca7b1","ID":"4eb52e38-8a84-471c-9fdc-54200c0e2b46","childs":{"отдача":{"_level":1,"parentID":"4eb52e38-8a84-471c-9fdc-54200c0e2b46","firstParentID":"d0f66ba8-b55a-43c6-abbd-2771e7cca7b1","ID":"c59e64e4-e3e7-462a-92c9-938601df864d","childs":{"код":{"_level":2,"parentID":"c59e64e4-e3e7-462a-92c9-938601df864d","firstParentID":"d0f66ba8-b55a-43c6-abbd-2771e7cca7b1","ID":"791a23b4-3a2f-4490-bf95-bcc313ec86fb","childs":null,"emcosID":null,"emcosMLID":null,"codMaketTEP":null,"codTEP":null,"WSName":"DB","rangeAddress":"$IG$310:$IG$347","headAddress":"$IG$310","bodyAddress":"$IG$311:$IG$347","_name":"код"},"основное":{"_level":2,"parentID":"c59e64e4-e3e7-462a-92c9-938601df864d","firstParentID":"d0f66ba8-b55a-43c6-abbd-2771e7cca7b1","ID":"8e519080-219c-4b3f-8d77-2603f8b007e5","childs":null,"emcosID":null,"emcosMLID":null,"codMaketTEP":null,"codTEP":null,"WSName":"DB","rangeAddress":"$IH$310:$IH$347","headAddress":"$IH$310","bodyAddress":"$IH$311:$IH$347","_name":"основное"},"корректировка факт":{"_level":2,"parentID":"c59e64e4-e3e7-462a-92c9-938601df864d","firstParentID":"d0f66ba8-b55a-43c6-abbd-2771e7cca7b1","ID":"98d05d23-0905-4921-8d85-c232e26973e5","childs":null,"emcosID":null,"emcosMLID":null,"codMaketTEP":null,"codTEP":null,"WSName":"DB","rangeAddress":"$II$310:$II$347","headAddress":"$II$310","bodyAddress":"$II$311:$II$347","_name":"корректировка факт"},"ручное":{"_level":2,"parentID":"c59e64e4-e3e7-462a-92c9-938601df864d","firstParentID":"d0f66ba8-b55a-43c6-abbd-2771e7cca7b1","ID":"2b4c7e1b-1f96-4d45-9b92-446f83edebe9","childs":null,"emcosID":null,"emcosMLID":null,"codMaketTEP":null,"codTEP":null,"WSName":"DB","rangeAddress":"$IJ$310:$IJ$347","headAddress":"$IJ$310","bodyAddress":"$IJ$311:$IJ$347","_name":"ручное"},"оперативное":{"_level":2,"parentID":"c59e64e4-e3e7-462a-92c9-938601df864d","firstParentID":"d0f66ba8-b55a-43c6-abbd-2771e7cca7b1","ID":"75ffc788-353b-4e79-aac0-61f516efe158","childs":null,"emcosID":null,"emcosMLID":null,"codMaketTEP":null,"codTEP":null,"WSName":"DB","rangeAddress":"$IK$310:$IK$347","headAddress":"$IK$310","bodyAddress":"$IK$311:$IK$347","_name":"оперативное"},"счетчик":{"_level":2,"parentID":"c59e64e4-e3e7-462a-92c9-938601df864d","firstParentID":"d0f66ba8-b55a-43c6-abbd-2771e7cca7b1","ID":"f1e28823-3978-4147-91a6-32ec5303d946","childs":null,"emcosID":null,"emcosMLID":null,"codMaketTEP":null,"codTEP":null,"WSName":"DB","rangeAddress":"$IL$310:$IL$347","headAddress":"$IL$310","bodyAddress":"$IL$311:$IL$347","_name":"счетчик"},"по счетчику":{"_level":2,"parentID":"c59e64e4-e3e7-462a-92c9-938601df864d","firstParentID":"d0f66ba8-b55a-43c6-abbd-2771e7cca7b1","ID":"97ced502-8f1f-4a48-acbf-27558228ab0c","childs":null,"emcosID":null,"emcosMLID":null,"codMaketTEP":null,"codTEP":null,"WSName":"DB","rangeAddress":"$IM$310:$IM$347","headAddress":"$IM$310","bodyAddress":"$IM$311:$IM$347","_name":"по счетчику"}},"emcosID":null,"emcosMLID":null,"codMaketTEP":null,"codTEP":null,"WSName":"DB","rangeAddress":"$IG$309:$IM$347","headAddress":"$IG$309:$IM$309","bodyAddress":"$IG$310:$IM$347","_name":"отдача"}},"emcosID":null,"emcosMLID":null,"codMaketTEP":null,"codTEP":null,"WSName":"DB","rangeAddress":"$IG$308:$IM$347","headAddress":"$IG$308:$IM$308","bodyAddress":"$IG$309:$IM$347","_name":"КЛ45 ПС152 Талдыкорган"}},"codPlan":null,"meterCoef":"4","_name":"КЛ45 ПС152 Талдыкорган"}