[{"text":"Потребление Жетысуского Энергоузла Общее прием","ID":"3528f213-2395-45f4-bed4-27badf442c23","type":0},{"text":"-","ID":null,"type":2},{"text":"Потери KEGOC Жтысуский энергоузел прием","ID":"45f3dbea-53a5-4755-ad97-07a257def552","type":0},{"text":"-","ID":null,"type":2},{"text":"с.н. Станции Жетысуского энергоузла прием","ID":"a6e86fa6-5e62-4dac-bf86-2cfd2ba152d9","type":0},{"text":"-","ID":null,"type":2},{"text":"Потребление ТАТЭК прием","ID":"8264d016-7854-47ee-87b0-60c1b01a857f","type":0},{"text":"-","ID":null,"type":2},{"text":"Прочие потребители контроль KEGOC Жтысуский энергоузел прием","ID":"c58bfd02-ab5b-4f5e-a3e6-1eb76fd08550","type":0}]