{"ID":"95073350-e44a-4fe0-8bf9-e8a90eba7f77","childs":{"PS":{"_level":0,"parentID":"95073350-e44a-4fe0-8bf9-e8a90eba7f77","firstParentID":"95073350-e44a-4fe0-8bf9-e8a90eba7f77","ID":"701a6983-90c0-44bd-9bf2-2fcbd189bf34","childs":{"прием":{"_level":1,"parentID":"701a6983-90c0-44bd-9bf2-2fcbd189bf34","firstParentID":"95073350-e44a-4fe0-8bf9-e8a90eba7f77","ID":"8eb84270-db4a-41c0-b000-447c26bf8b43","childs":{"ручное":{"_level":2,"parentID":"8eb84270-db4a-41c0-b000-447c26bf8b43","firstParentID":"95073350-e44a-4fe0-8bf9-e8a90eba7f77","ID":"88337ce0-8220-4029-ad2f-59620febe9da","childs":null,"emcosID":null,"emcosMLID":null,"WSName":"PS","rangeAddress":"$AB$228:$AB$264","headAddress":"$AB$228","bodyAddress":"$AB$229:$AB$264","_name":"ручное"}},"emcosID":null,"emcosMLID":null,"WSName":"PS","rangeAddress":"$AB$227:$AB$264","headAddress":"$AB$227","bodyAddress":"$AB$228:$AB$264","_name":"прием"}},"emcosID":null,"emcosMLID":null,"WSName":"PS","rangeAddress":"$AB$226:$AB$264","headAddress":"$AB$226","bodyAddress":"$AB$227:$AB$264","_name":"с.н. Аксу ГЭС"},"DB":{"_level":0,"parentID":"95073350-e44a-4fe0-8bf9-e8a90eba7f77","firstParentID":"95073350-e44a-4fe0-8bf9-e8a90eba7f77","ID":"97c1ee3a-9a02-47ef-a00d-d1d3e03d25e4","childs":{"прием":{"_level":1,"parentID":"97c1ee3a-9a02-47ef-a00d-d1d3e03d25e4","firstParentID":"95073350-e44a-4fe0-8bf9-e8a90eba7f77","ID":"28b8e645-f6e7-449c-af41-49f3075fb881","childs":{"код":{"_level":2,"parentID":"28b8e645-f6e7-449c-af41-49f3075fb881","firstParentID":"95073350-e44a-4fe0-8bf9-e8a90eba7f77","ID":"751542ec-e3a5-417f-86bd-966d7e76abb0","childs":null,"emcosID":null,"emcosMLID":null,"WSName":"DB","rangeAddress":"$FH$224:$FH$261","headAddress":"$FH$224","bodyAddress":"$FH$225:$FH$261","_name":"код"},"основное":{"_level":2,"parentID":"28b8e645-f6e7-449c-af41-49f3075fb881","firstParentID":"95073350-e44a-4fe0-8bf9-e8a90eba7f77","ID":"1b642288-c7df-4721-9e41-cfdf1c5a616e","childs":null,"emcosID":null,"emcosMLID":null,"WSName":"DB","rangeAddress":"$FI$224:$FI$261","headAddress":"$FI$224","bodyAddress":"$FI$225:$FI$261","_name":"основное"},"корректировка факт":{"_level":2,"parentID":"28b8e645-f6e7-449c-af41-49f3075fb881","firstParentID":"95073350-e44a-4fe0-8bf9-e8a90eba7f77","ID":"02f4f02c-b763-49f5-94d1-c10f13fbe931","childs":null,"emcosID":null,"emcosMLID":null,"WSName":"DB","rangeAddress":"$FJ$224:$FJ$261","headAddress":"$FJ$224","bodyAddress":"$FJ$225:$FJ$261","_name":"корректировка факт"},"ручное":{"_level":2,"parentID":"28b8e645-f6e7-449c-af41-49f3075fb881","firstParentID":"95073350-e44a-4fe0-8bf9-e8a90eba7f77","ID":"0b69e5eb-f1f5-4b32-96a1-589de0b51769","childs":null,"emcosID":null,"emcosMLID":null,"WSName":"DB","rangeAddress":"$FK$224:$FK$261","headAddress":"$FK$224","bodyAddress":"$FK$225:$FK$261","_name":"ручное"}},"emcosID":null,"emcosMLID":null,"WSName":"DB","rangeAddress":"$FH$223:$FK$261","headAddress":"$FH$223:$FK$223","bodyAddress":"$FH$224:$FK$261","_name":"прием"}},"emcosID":null,"emcosMLID":null,"WSName":"DB","rangeAddress":"$FH$222:$FK$261","headAddress":"$FH$222:$FK$222","bodyAddress":"$FH$223:$FK$261","_name":"с.н. Аксу ГЭС"}},"codPlan":null,"meterCoef":null,"_name":"с.н. Аксу ГЭС"}