[{"text":"Л2703 Шу прием","ID":"a234bb26-b80d-428e-88da-15f21647ae8b","type":0},{"text":"-","ID":null,"type":2},{"text":"Л2703 Шу отдача","ID":"f78ddef4-4d58-40f7-9fbc-8ac8060f97c1","type":0},{"text":"+","ID":null,"type":2},{"text":"Л2713 Шу прием","ID":"fe7bb453-a725-46cc-9551-27249388816c","type":0},{"text":"-","ID":null,"type":2},{"text":"Л2713 Шу отдача","ID":"2548230a-4806-4c39-8ea5-3d8aeb572d11","type":0},{"text":"+","ID":null,"type":2},{"text":"с.н. M Kat Green СЭС Шу 100 прием","ID":"b96d09db-7580-4e89-a9bd-8deb188573c1","type":0}]