{"ID":"6e1ab373-354a-4220-80ef-00aaf9d68ee5","childs":{"PS":{"_level":0,"parentID":"6e1ab373-354a-4220-80ef-00aaf9d68ee5","firstParentID":"6e1ab373-354a-4220-80ef-00aaf9d68ee5","ID":"67f79ec6-cc60-46ce-ad3b-cf5a6c1f9243","childs":{"прием":{"_level":1,"parentID":"67f79ec6-cc60-46ce-ad3b-cf5a6c1f9243","firstParentID":"6e1ab373-354a-4220-80ef-00aaf9d68ee5","ID":"e916c5fa-2190-4091-9675-c3b58bd281ee","childs":{"по счетчику":{"_level":2,"parentID":"e916c5fa-2190-4091-9675-c3b58bd281ee","firstParentID":"6e1ab373-354a-4220-80ef-00aaf9d68ee5","ID":"3f594913-1724-4eaf-8e18-752b6354e348","childs":null,"emcosID":null,"emcosMLID":null,"codMaketTEP":null,"codTEP":null,"WSName":"PS","rangeAddress":"$AT$56:$AT$92","headAddress":"$AT$56","bodyAddress":"$AT$57:$AT$92","_name":"по счетчику"}},"emcosID":null,"emcosMLID":null,"codMaketTEP":null,"codTEP":null,"WSName":"PS","rangeAddress":"$AT$55:$AT$92","headAddress":"$AT$55","bodyAddress":"$AT$56:$AT$92","_name":"прием"},"отдача":{"_level":1,"parentID":"67f79ec6-cc60-46ce-ad3b-cf5a6c1f9243","firstParentID":"6e1ab373-354a-4220-80ef-00aaf9d68ee5","ID":"6cde2f89-7c1c-4a17-b2c8-162376d664d2","childs":{"по счетчику":{"_level":2,"parentID":"6cde2f89-7c1c-4a17-b2c8-162376d664d2","firstParentID":"6e1ab373-354a-4220-80ef-00aaf9d68ee5","ID":"57046b30-65d9-49c3-a281-ee41a49575a7","childs":null,"emcosID":null,"emcosMLID":null,"codMaketTEP":null,"codTEP":null,"WSName":"PS","rangeAddress":"$AU$56:$AU$92","headAddress":"$AU$56","bodyAddress":"$AU$57:$AU$92","_name":"по счетчику"}},"emcosID":null,"emcosMLID":null,"codMaketTEP":null,"codTEP":null,"WSName":"PS","rangeAddress":"$AU$55:$AU$92","headAddress":"$AU$55","bodyAddress":"$AU$56:$AU$92","_name":"отдача"}},"emcosID":null,"emcosMLID":null,"codMaketTEP":null,"codTEP":null,"WSName":"PS","rangeAddress":"$AT$54:$AU$92","headAddress":"$AT$54:$AU$54","bodyAddress":"$AT$55:$AU$92","_name":"Л2523 Шу"},"DB":{"_level":0,"parentID":"6e1ab373-354a-4220-80ef-00aaf9d68ee5","firstParentID":"6e1ab373-354a-4220-80ef-00aaf9d68ee5","ID":"7a0bd5af-f79b-4022-a690-668fcd94efc8","childs":{"прием":{"_level":1,"parentID":"7a0bd5af-f79b-4022-a690-668fcd94efc8","firstParentID":"6e1ab373-354a-4220-80ef-00aaf9d68ee5","ID":"cd97bc4c-b74a-47cc-a10e-615118c77529","childs":{"код":{"_level":2,"parentID":"cd97bc4c-b74a-47cc-a10e-615118c77529","firstParentID":"6e1ab373-354a-4220-80ef-00aaf9d68ee5","ID":"3c615c36-ed26-4e3f-8049-92761bccf7ea","childs":null,"emcosID":null,"emcosMLID":null,"codMaketTEP":null,"codTEP":null,"WSName":"DB","rangeAddress":"$JJ$9:$JJ$46","headAddress":"$JJ$9","bodyAddress":"$JJ$10:$JJ$46","_name":"код"},"основное":{"_level":2,"parentID":"cd97bc4c-b74a-47cc-a10e-615118c77529","firstParentID":"6e1ab373-354a-4220-80ef-00aaf9d68ee5","ID":"f8bc3240-27e5-4560-be04-7412dff83209","childs":null,"emcosID":null,"emcosMLID":null,"codMaketTEP":null,"codTEP":null,"WSName":"DB","rangeAddress":"$JK$9:$JK$46","headAddress":"$JK$9","bodyAddress":"$JK$10:$JK$46","_name":"основное"},"корректировка факт":{"_level":2,"parentID":"cd97bc4c-b74a-47cc-a10e-615118c77529","firstParentID":"6e1ab373-354a-4220-80ef-00aaf9d68ee5","ID":"2647db38-b380-445a-9d93-c9e44e7f9da9","childs":null,"emcosID":null,"emcosMLID":null,"codMaketTEP":null,"codTEP":null,"WSName":"DB","rangeAddress":"$JL$9:$JL$46","headAddress":"$JL$9","bodyAddress":"$JL$10:$JL$46","_name":"корректировка факт"},"ручное":{"_level":2,"parentID":"cd97bc4c-b74a-47cc-a10e-615118c77529","firstParentID":"6e1ab373-354a-4220-80ef-00aaf9d68ee5","ID":"98698c23-1c98-4ec0-ac9e-d6e397e7fd9b","childs":null,"emcosID":null,"emcosMLID":null,"codMaketTEP":null,"codTEP":null,"WSName":"DB","rangeAddress":"$JM$9:$JM$46","headAddress":"$JM$9","bodyAddress":"$JM$10:$JM$46","_name":"ручное"},"счетчик":{"_level":2,"parentID":"cd97bc4c-b74a-47cc-a10e-615118c77529","firstParentID":"6e1ab373-354a-4220-80ef-00aaf9d68ee5","ID":"d6ef0849-1bde-4c5d-9a4d-b645536a129e","childs":null,"emcosID":null,"emcosMLID":null,"codMaketTEP":null,"codTEP":null,"WSName":"DB","rangeAddress":"$JN$9:$JN$46","headAddress":"$JN$9","bodyAddress":"$JN$10:$JN$46","_name":"счетчик"},"по счетчику":{"_level":2,"parentID":"cd97bc4c-b74a-47cc-a10e-615118c77529","firstParentID":"6e1ab373-354a-4220-80ef-00aaf9d68ee5","ID":"c160c717-cfa7-47b4-90d0-f76effc95edc","childs":null,"emcosID":null,"emcosMLID":null,"codMaketTEP":null,"codTEP":null,"WSName":"DB","rangeAddress":"$JO$9:$JO$46","headAddress":"$JO$9","bodyAddress":"$JO$10:$JO$46","_name":"по счетчику"}},"emcosID":null,"emcosMLID":null,"codMaketTEP":null,"codTEP":null,"WSName":"DB","rangeAddress":"$JJ$8:$JO$46","headAddress":"$JJ$8:$JO$8","bodyAddress":"$JJ$9:$JO$46","_name":"прием"},"отдача":{"_level":1,"parentID":"7a0bd5af-f79b-4022-a690-668fcd94efc8","firstParentID":"6e1ab373-354a-4220-80ef-00aaf9d68ee5","ID":"8acf4b9f-1e12-479f-9e05-ff8fae47283a","childs":{"код":{"_level":2,"parentID":"8acf4b9f-1e12-479f-9e05-ff8fae47283a","firstParentID":"6e1ab373-354a-4220-80ef-00aaf9d68ee5","ID":"aacc7d34-eba2-409f-a5fa-e2367ae5f9e6","childs":null,"emcosID":null,"emcosMLID":null,"codMaketTEP":null,"codTEP":null,"WSName":"DB","rangeAddress":"$JP$9:$JP$46","headAddress":"$JP$9","bodyAddress":"$JP$10:$JP$46","_name":"код"},"основное":{"_level":2,"parentID":"8acf4b9f-1e12-479f-9e05-ff8fae47283a","firstParentID":"6e1ab373-354a-4220-80ef-00aaf9d68ee5","ID":"e2e17cdb-4009-4f21-af7d-5c483051d313","childs":null,"emcosID":null,"emcosMLID":null,"codMaketTEP":null,"codTEP":null,"WSName":"DB","rangeAddress":"$JQ$9:$JQ$46","headAddress":"$JQ$9","bodyAddress":"$JQ$10:$JQ$46","_name":"основное"},"корректировка факт":{"_level":2,"parentID":"8acf4b9f-1e12-479f-9e05-ff8fae47283a","firstParentID":"6e1ab373-354a-4220-80ef-00aaf9d68ee5","ID":"9bc586a6-0c03-4031-aeae-24977dcf489d","childs":null,"emcosID":null,"emcosMLID":null,"codMaketTEP":null,"codTEP":null,"WSName":"DB","rangeAddress":"$JR$9:$JR$46","headAddress":"$JR$9","bodyAddress":"$JR$10:$JR$46","_name":"корректировка факт"},"ручное":{"_level":2,"parentID":"8acf4b9f-1e12-479f-9e05-ff8fae47283a","firstParentID":"6e1ab373-354a-4220-80ef-00aaf9d68ee5","ID":"50cfea4b-4f50-4c1e-b407-59452e246e7e","childs":null,"emcosID":null,"emcosMLID":null,"codMaketTEP":null,"codTEP":null,"WSName":"DB","rangeAddress":"$JS$9:$JS$46","headAddress":"$JS$9","bodyAddress":"$JS$10:$JS$46","_name":"ручное"},"счетчик":{"_level":2,"parentID":"8acf4b9f-1e12-479f-9e05-ff8fae47283a","firstParentID":"6e1ab373-354a-4220-80ef-00aaf9d68ee5","ID":"b6ddbcfb-c0a2-423f-b7b5-118df1297830","childs":null,"emcosID":null,"emcosMLID":null,"codMaketTEP":null,"codTEP":null,"WSName":"DB","rangeAddress":"$JT$9:$JT$46","headAddress":"$JT$9","bodyAddress":"$JT$10:$JT$46","_name":"счетчик"},"по счетчику":{"_level":2,"parentID":"8acf4b9f-1e12-479f-9e05-ff8fae47283a","firstParentID":"6e1ab373-354a-4220-80ef-00aaf9d68ee5","ID":"1ad2fef8-d976-40d1-8478-888d0dad3f41","childs":null,"emcosID":null,"emcosMLID":null,"codMaketTEP":null,"codTEP":null,"WSName":"DB","rangeAddress":"$JU$9:$JU$46","headAddress":"$JU$9","bodyAddress":"$JU$10:$JU$46","_name":"по счетчику"}},"emcosID":null,"emcosMLID":null,"codMaketTEP":null,"codTEP":null,"WSName":"DB","rangeAddress":"$JP$8:$JU$46","headAddress":"$JP$8:$JU$8","bodyAddress":"$JP$9:$JU$46","_name":"отдача"}},"emcosID":null,"emcosMLID":null,"codMaketTEP":null,"codTEP":null,"WSName":"DB","rangeAddress":"$JJ$7:$JU$46","headAddress":"$JJ$7:$JU$7","bodyAddress":"$JJ$8:$JU$46","_name":"Л2523 Шу"}},"codPlan":null,"meterCoef":"2200","_name":"Л2523 Шу"}