{"ID":"514160fb-5ac9-4446-bce1-5c932bdfb508","childs":{"PS":{"_level":0,"parentID":"514160fb-5ac9-4446-bce1-5c932bdfb508","firstParentID":"514160fb-5ac9-4446-bce1-5c932bdfb508","ID":"7c1b091f-7598-4749-90f6-760191c21a38","childs":{"прием":{"_level":1,"parentID":"7c1b091f-7598-4749-90f6-760191c21a38","firstParentID":"514160fb-5ac9-4446-bce1-5c932bdfb508","ID":"c7108462-5f74-4988-a71e-6b1f7b0adc06","childs":{"по счетчику":{"_level":2,"parentID":"c7108462-5f74-4988-a71e-6b1f7b0adc06","firstParentID":"514160fb-5ac9-4446-bce1-5c932bdfb508","ID":"eca047a3-f3b8-46c0-a52e-d6ad60fb8100","childs":null,"emcosID":null,"emcosMLID":null,"WSName":"PS","rangeAddress":"$DY$56:$DY$92","headAddress":"$DY$56","bodyAddress":"$DY$57:$DY$92","_name":"по счетчику"}},"emcosID":null,"emcosMLID":null,"WSName":"PS","rangeAddress":"$DY$55:$DY$92","headAddress":"$DY$55","bodyAddress":"$DY$56:$DY$92","_name":"прием"},"отдача":{"_level":1,"parentID":"7c1b091f-7598-4749-90f6-760191c21a38","firstParentID":"514160fb-5ac9-4446-bce1-5c932bdfb508","ID":"3a10f060-556c-4944-98bc-21ee8fb6b6cc","childs":{"по счетчику":{"_level":2,"parentID":"3a10f060-556c-4944-98bc-21ee8fb6b6cc","firstParentID":"514160fb-5ac9-4446-bce1-5c932bdfb508","ID":"d5cdb438-873e-4d52-936f-2a245bd1632a","childs":null,"emcosID":null,"emcosMLID":null,"WSName":"PS","rangeAddress":"$DZ$56:$DZ$92","headAddress":"$DZ$56","bodyAddress":"$DZ$57:$DZ$92","_name":"по счетчику"}},"emcosID":null,"emcosMLID":null,"WSName":"PS","rangeAddress":"$DZ$55:$DZ$92","headAddress":"$DZ$55","bodyAddress":"$DZ$56:$DZ$92","_name":"отдача"}},"emcosID":null,"emcosMLID":null,"WSName":"PS","rangeAddress":"$DY$54:$DZ$92","headAddress":"$DY$54:$DZ$54","bodyAddress":"$DY$55:$DZ$92","_name":"Л2443 Алма"},"DB":{"_level":0,"parentID":"514160fb-5ac9-4446-bce1-5c932bdfb508","firstParentID":"514160fb-5ac9-4446-bce1-5c932bdfb508","ID":"66a508bb-73c7-445a-abb7-2cafc3a5c5b5","childs":{"прием":{"_level":1,"parentID":"66a508bb-73c7-445a-abb7-2cafc3a5c5b5","firstParentID":"514160fb-5ac9-4446-bce1-5c932bdfb508","ID":"76ad3653-30a6-4745-bae4-c2cab3541b35","childs":{"код":{"_level":2,"parentID":"76ad3653-30a6-4745-bae4-c2cab3541b35","firstParentID":"514160fb-5ac9-4446-bce1-5c932bdfb508","ID":"6367edec-f32b-47db-8d08-de046afcab11","childs":null,"emcosID":null,"emcosMLID":null,"WSName":"DB","rangeAddress":"$U$396:$U$433","headAddress":"$U$396","bodyAddress":"$U$397:$U$433","_name":"код"},"основное":{"_level":2,"parentID":"76ad3653-30a6-4745-bae4-c2cab3541b35","firstParentID":"514160fb-5ac9-4446-bce1-5c932bdfb508","ID":"da62c5e2-a891-4a51-9f42-e31efad9fb50","childs":null,"emcosID":null,"emcosMLID":null,"WSName":"DB","rangeAddress":"$V$396:$V$433","headAddress":"$V$396","bodyAddress":"$V$397:$V$433","_name":"основное"},"корректировка факт":{"_level":2,"parentID":"76ad3653-30a6-4745-bae4-c2cab3541b35","firstParentID":"514160fb-5ac9-4446-bce1-5c932bdfb508","ID":"2a66e67f-e38b-4d47-b1de-b7f772e20927","childs":null,"emcosID":null,"emcosMLID":null,"WSName":"DB","rangeAddress":"$W$396:$W$433","headAddress":"$W$396","bodyAddress":"$W$397:$W$433","_name":"корректировка факт"},"ручное":{"_level":2,"parentID":"76ad3653-30a6-4745-bae4-c2cab3541b35","firstParentID":"514160fb-5ac9-4446-bce1-5c932bdfb508","ID":"05fa1817-12d6-4f14-918b-330cf3e061ff","childs":null,"emcosID":null,"emcosMLID":null,"WSName":"DB","rangeAddress":"$X$396:$X$433","headAddress":"$X$396","bodyAddress":"$X$397:$X$433","_name":"ручное"},"счетчик":{"_level":2,"parentID":"76ad3653-30a6-4745-bae4-c2cab3541b35","firstParentID":"514160fb-5ac9-4446-bce1-5c932bdfb508","ID":"aa01d550-39aa-4079-9855-b886a2c9962c","childs":null,"emcosID":null,"emcosMLID":null,"WSName":"DB","rangeAddress":"$Y$396:$Y$433","headAddress":"$Y$396","bodyAddress":"$Y$397:$Y$433","_name":"счетчик"},"по счетчику":{"_level":2,"parentID":"76ad3653-30a6-4745-bae4-c2cab3541b35","firstParentID":"514160fb-5ac9-4446-bce1-5c932bdfb508","ID":"d758a222-a99e-4081-838a-e02e52d0efae","childs":null,"emcosID":null,"emcosMLID":null,"WSName":"DB","rangeAddress":"$Z$396:$Z$433","headAddress":"$Z$396","bodyAddress":"$Z$397:$Z$433","_name":"по счетчику"}},"emcosID":null,"emcosMLID":null,"WSName":"DB","rangeAddress":"$U$395:$Z$433","headAddress":"$U$395:$Z$395","bodyAddress":"$U$396:$Z$433","_name":"прием"},"отдача":{"_level":1,"parentID":"66a508bb-73c7-445a-abb7-2cafc3a5c5b5","firstParentID":"514160fb-5ac9-4446-bce1-5c932bdfb508","ID":"6cbf6557-438b-4854-9506-7f1e6bb02484","childs":{"код":{"_level":2,"parentID":"6cbf6557-438b-4854-9506-7f1e6bb02484","firstParentID":"514160fb-5ac9-4446-bce1-5c932bdfb508","ID":"cbc7d755-891b-4ffb-9955-a5b6d55bd907","childs":null,"emcosID":null,"emcosMLID":null,"WSName":"DB","rangeAddress":"$AA$396:$AA$433","headAddress":"$AA$396","bodyAddress":"$AA$397:$AA$433","_name":"код"},"основное":{"_level":2,"parentID":"6cbf6557-438b-4854-9506-7f1e6bb02484","firstParentID":"514160fb-5ac9-4446-bce1-5c932bdfb508","ID":"c50bdf5d-887b-4010-a4f1-7e94b4910d6d","childs":null,"emcosID":null,"emcosMLID":null,"WSName":"DB","rangeAddress":"$AB$396:$AB$433","headAddress":"$AB$396","bodyAddress":"$AB$397:$AB$433","_name":"основное"},"корректировка факт":{"_level":2,"parentID":"6cbf6557-438b-4854-9506-7f1e6bb02484","firstParentID":"514160fb-5ac9-4446-bce1-5c932bdfb508","ID":"ad88774d-8ac6-49c0-901a-d8d7a460ce3f","childs":null,"emcosID":null,"emcosMLID":null,"WSName":"DB","rangeAddress":"$AC$396:$AC$433","headAddress":"$AC$396","bodyAddress":"$AC$397:$AC$433","_name":"корректировка факт"},"ручное":{"_level":2,"parentID":"6cbf6557-438b-4854-9506-7f1e6bb02484","firstParentID":"514160fb-5ac9-4446-bce1-5c932bdfb508","ID":"d2557ef5-c1ff-48ba-af43-00b255be4896","childs":null,"emcosID":null,"emcosMLID":null,"WSName":"DB","rangeAddress":"$AD$396:$AD$433","headAddress":"$AD$396","bodyAddress":"$AD$397:$AD$433","_name":"ручное"},"счетчик":{"_level":2,"parentID":"6cbf6557-438b-4854-9506-7f1e6bb02484","firstParentID":"514160fb-5ac9-4446-bce1-5c932bdfb508","ID":"3fc3f621-6f1c-476a-ae3c-baf3b594f328","childs":null,"emcosID":null,"emcosMLID":null,"WSName":"DB","rangeAddress":"$AE$396:$AE$433","headAddress":"$AE$396","bodyAddress":"$AE$397:$AE$433","_name":"счетчик"},"по счетчику":{"_level":2,"parentID":"6cbf6557-438b-4854-9506-7f1e6bb02484","firstParentID":"514160fb-5ac9-4446-bce1-5c932bdfb508","ID":"4afc1834-e530-438c-8d34-98f83550fddc","childs":null,"emcosID":null,"emcosMLID":null,"WSName":"DB","rangeAddress":"$AF$396:$AF$433","headAddress":"$AF$396","bodyAddress":"$AF$397:$AF$433","_name":"по счетчику"}},"emcosID":null,"emcosMLID":null,"WSName":"DB","rangeAddress":"$AA$395:$AF$433","headAddress":"$AA$395:$AF$395","bodyAddress":"$AA$396:$AF$433","_name":"отдача"}},"emcosID":null,"emcosMLID":null,"WSName":"DB","rangeAddress":"$U$394:$AF$433","headAddress":"$U$394:$AF$394","bodyAddress":"$U$395:$AF$433","_name":"Л2443 Алма"}},"codPlan":null,"meterCoef":null,"_name":"Л2443 Алма"}