{"ID":"fd7f25cd-a8f9-46ab-80dd-4d57e6a58b70","childs":{"PS":{"_level":0,"parentID":"fd7f25cd-a8f9-46ab-80dd-4d57e6a58b70","firstParentID":"fd7f25cd-a8f9-46ab-80dd-4d57e6a58b70","ID":"f352d81a-6606-4017-86a9-e7e393567de6","childs":{"прием":{"_level":1,"parentID":"f352d81a-6606-4017-86a9-e7e393567de6","firstParentID":"fd7f25cd-a8f9-46ab-80dd-4d57e6a58b70","ID":"a1a0d5e8-664b-4aa1-ad89-f4ab747dbb23","childs":{"по счетчику":{"_level":2,"parentID":"a1a0d5e8-664b-4aa1-ad89-f4ab747dbb23","firstParentID":"fd7f25cd-a8f9-46ab-80dd-4d57e6a58b70","ID":"9e1dc358-df13-42d3-90cc-6b27968bd8ef","childs":null,"emcosID":null,"emcosMLID":null,"WSName":"PS","rangeAddress":"$CL$56:$CL$92","headAddress":"$CL$56","bodyAddress":"$CL$57:$CL$92","_name":"по счетчику"}},"emcosID":null,"emcosMLID":null,"WSName":"PS","rangeAddress":"$CL$55:$CL$92","headAddress":"$CL$55","bodyAddress":"$CL$56:$CL$92","_name":"прием"},"отдача":{"_level":1,"parentID":"f352d81a-6606-4017-86a9-e7e393567de6","firstParentID":"fd7f25cd-a8f9-46ab-80dd-4d57e6a58b70","ID":"b863ae9e-eb68-486c-b908-03fe04e5fd23","childs":{"по счетчику":{"_level":2,"parentID":"b863ae9e-eb68-486c-b908-03fe04e5fd23","firstParentID":"fd7f25cd-a8f9-46ab-80dd-4d57e6a58b70","ID":"3ef96e5e-7ed1-4aea-8a5d-c5d70dbbfd5a","childs":null,"emcosID":null,"emcosMLID":null,"WSName":"PS","rangeAddress":"$CM$56:$CM$92","headAddress":"$CM$56","bodyAddress":"$CM$57:$CM$92","_name":"по счетчику"}},"emcosID":null,"emcosMLID":null,"WSName":"PS","rangeAddress":"$CM$55:$CM$92","headAddress":"$CM$55","bodyAddress":"$CM$56:$CM$92","_name":"отдача"}},"emcosID":null,"emcosMLID":null,"WSName":"PS","rangeAddress":"$CL$54:$CM$92","headAddress":"$CL$54:$CM$54","bodyAddress":"$CL$55:$CM$92","_name":"Л2763 Алматы"},"DB":{"_level":0,"parentID":"fd7f25cd-a8f9-46ab-80dd-4d57e6a58b70","firstParentID":"fd7f25cd-a8f9-46ab-80dd-4d57e6a58b70","ID":"cbd6ecf0-63bc-464d-91fb-03cb386c982a","childs":{"прием":{"_level":1,"parentID":"cbd6ecf0-63bc-464d-91fb-03cb386c982a","firstParentID":"fd7f25cd-a8f9-46ab-80dd-4d57e6a58b70","ID":"0102e2a8-343e-4146-a4ad-982bd41302b8","childs":{"код":{"_level":2,"parentID":"0102e2a8-343e-4146-a4ad-982bd41302b8","firstParentID":"fd7f25cd-a8f9-46ab-80dd-4d57e6a58b70","ID":"fffa4bd4-1b72-463d-b7c8-c80c402457f6","childs":null,"emcosID":null,"emcosMLID":null,"WSName":"DB","rangeAddress":"$KU$52:$KU$89","headAddress":"$KU$52","bodyAddress":"$KU$53:$KU$89","_name":"код"},"основное":{"_level":2,"parentID":"0102e2a8-343e-4146-a4ad-982bd41302b8","firstParentID":"fd7f25cd-a8f9-46ab-80dd-4d57e6a58b70","ID":"51debe34-1a7a-4f0c-9265-236efc54d95c","childs":null,"emcosID":null,"emcosMLID":null,"WSName":"DB","rangeAddress":"$KV$52:$KV$89","headAddress":"$KV$52","bodyAddress":"$KV$53:$KV$89","_name":"основное"},"корректировка факт":{"_level":2,"parentID":"0102e2a8-343e-4146-a4ad-982bd41302b8","firstParentID":"fd7f25cd-a8f9-46ab-80dd-4d57e6a58b70","ID":"abb71e0b-6b7f-4d3a-a44d-cd35b91dc3f9","childs":null,"emcosID":null,"emcosMLID":null,"WSName":"DB","rangeAddress":"$KW$52:$KW$89","headAddress":"$KW$52","bodyAddress":"$KW$53:$KW$89","_name":"корректировка факт"},"ручное":{"_level":2,"parentID":"0102e2a8-343e-4146-a4ad-982bd41302b8","firstParentID":"fd7f25cd-a8f9-46ab-80dd-4d57e6a58b70","ID":"e95c4f09-a014-4dfb-89da-461f8fb0bd6e","childs":null,"emcosID":null,"emcosMLID":null,"WSName":"DB","rangeAddress":"$KX$52:$KX$89","headAddress":"$KX$52","bodyAddress":"$KX$53:$KX$89","_name":"ручное"},"счетчик":{"_level":2,"parentID":"0102e2a8-343e-4146-a4ad-982bd41302b8","firstParentID":"fd7f25cd-a8f9-46ab-80dd-4d57e6a58b70","ID":"7890dc0d-cc63-4f22-8943-0b31d9aac0d3","childs":null,"emcosID":null,"emcosMLID":null,"WSName":"DB","rangeAddress":"$KY$52:$KY$89","headAddress":"$KY$52","bodyAddress":"$KY$53:$KY$89","_name":"счетчик"},"по счетчику":{"_level":2,"parentID":"0102e2a8-343e-4146-a4ad-982bd41302b8","firstParentID":"fd7f25cd-a8f9-46ab-80dd-4d57e6a58b70","ID":"6dca5b50-74d1-4ce7-8971-dc9e8256bcd1","childs":null,"emcosID":null,"emcosMLID":null,"WSName":"DB","rangeAddress":"$KZ$52:$KZ$89","headAddress":"$KZ$52","bodyAddress":"$KZ$53:$KZ$89","_name":"по счетчику"}},"emcosID":null,"emcosMLID":null,"WSName":"DB","rangeAddress":"$KU$51:$KZ$89","headAddress":"$KU$51:$KZ$51","bodyAddress":"$KU$52:$KZ$89","_name":"прием"},"отдача":{"_level":1,"parentID":"cbd6ecf0-63bc-464d-91fb-03cb386c982a","firstParentID":"fd7f25cd-a8f9-46ab-80dd-4d57e6a58b70","ID":"e6b9a4f9-7275-490b-b5ca-b79b896fe292","childs":{"код":{"_level":2,"parentID":"e6b9a4f9-7275-490b-b5ca-b79b896fe292","firstParentID":"fd7f25cd-a8f9-46ab-80dd-4d57e6a58b70","ID":"28136cdd-7988-4120-8c84-4c08d0f68691","childs":null,"emcosID":null,"emcosMLID":null,"WSName":"DB","rangeAddress":"$LA$52:$LA$89","headAddress":"$LA$52","bodyAddress":"$LA$53:$LA$89","_name":"код"},"основное":{"_level":2,"parentID":"e6b9a4f9-7275-490b-b5ca-b79b896fe292","firstParentID":"fd7f25cd-a8f9-46ab-80dd-4d57e6a58b70","ID":"de46d1d4-069d-4d83-aa32-a661b897f8b6","childs":null,"emcosID":null,"emcosMLID":null,"WSName":"DB","rangeAddress":"$LB$52:$LB$89","headAddress":"$LB$52","bodyAddress":"$LB$53:$LB$89","_name":"основное"},"корректировка факт":{"_level":2,"parentID":"e6b9a4f9-7275-490b-b5ca-b79b896fe292","firstParentID":"fd7f25cd-a8f9-46ab-80dd-4d57e6a58b70","ID":"07526055-f239-4dc8-ae33-b5057041083a","childs":null,"emcosID":null,"emcosMLID":null,"WSName":"DB","rangeAddress":"$LC$52:$LC$89","headAddress":"$LC$52","bodyAddress":"$LC$53:$LC$89","_name":"корректировка факт"},"ручное":{"_level":2,"parentID":"e6b9a4f9-7275-490b-b5ca-b79b896fe292","firstParentID":"fd7f25cd-a8f9-46ab-80dd-4d57e6a58b70","ID":"14de96f6-4363-4643-9063-873dea9bbe9f","childs":null,"emcosID":null,"emcosMLID":null,"WSName":"DB","rangeAddress":"$LD$52:$LD$89","headAddress":"$LD$52","bodyAddress":"$LD$53:$LD$89","_name":"ручное"},"счетчик":{"_level":2,"parentID":"e6b9a4f9-7275-490b-b5ca-b79b896fe292","firstParentID":"fd7f25cd-a8f9-46ab-80dd-4d57e6a58b70","ID":"e0d19d63-e840-4e15-b51a-069a5d80ef14","childs":null,"emcosID":null,"emcosMLID":null,"WSName":"DB","rangeAddress":"$LE$52:$LE$89","headAddress":"$LE$52","bodyAddress":"$LE$53:$LE$89","_name":"счетчик"},"по счетчику":{"_level":2,"parentID":"e6b9a4f9-7275-490b-b5ca-b79b896fe292","firstParentID":"fd7f25cd-a8f9-46ab-80dd-4d57e6a58b70","ID":"11331691-45de-4bf1-8aac-00b0850539dd","childs":null,"emcosID":null,"emcosMLID":null,"WSName":"DB","rangeAddress":"$LF$52:$LF$89","headAddress":"$LF$52","bodyAddress":"$LF$53:$LF$89","_name":"по счетчику"}},"emcosID":null,"emcosMLID":null,"WSName":"DB","rangeAddress":"$LA$51:$LF$89","headAddress":"$LA$51:$LF$51","bodyAddress":"$LA$52:$LF$89","_name":"отдача"}},"emcosID":null,"emcosMLID":null,"WSName":"DB","rangeAddress":"$KU$50:$LF$89","headAddress":"$KU$50:$LF$50","bodyAddress":"$KU$51:$LF$89","_name":"Л2763 Алматы"}},"codPlan":null,"meterCoef":null,"_name":"Л2763 Алматы"}