{"ID":"1f14e2f7-021f-4a65-8e5d-fa3b85093914","childs":{"PS":{"_level":0,"parentID":"1f14e2f7-021f-4a65-8e5d-fa3b85093914","firstParentID":"1f14e2f7-021f-4a65-8e5d-fa3b85093914","ID":"789c821a-a81d-4196-9f9f-70bea0807026","childs":{"прием":{"_level":1,"parentID":"789c821a-a81d-4196-9f9f-70bea0807026","firstParentID":"1f14e2f7-021f-4a65-8e5d-fa3b85093914","ID":"abe8aa90-a017-42fa-aa92-d6f9fa249708","childs":{"ручное":{"_level":2,"parentID":"abe8aa90-a017-42fa-aa92-d6f9fa249708","firstParentID":"1f14e2f7-021f-4a65-8e5d-fa3b85093914","ID":"2e25f703-06f3-4cdc-ac9f-8a028da08457","childs":null,"emcosID":null,"emcosMLID":null,"WSName":"PS","rangeAddress":"$HX$99:$HX$135","headAddress":"$HX$99","bodyAddress":"$HX$100:$HX$135","_name":"ручное"}},"emcosID":null,"emcosMLID":null,"WSName":"PS","rangeAddress":"$HX$98:$HX$135","headAddress":"$HX$98","bodyAddress":"$HX$99:$HX$135","_name":"прием"},"отдача":{"_level":1,"parentID":"789c821a-a81d-4196-9f9f-70bea0807026","firstParentID":"1f14e2f7-021f-4a65-8e5d-fa3b85093914","ID":"d575dbd5-d5f5-4a4b-879b-bd27a2131106","childs":{"ручное":{"_level":2,"parentID":"d575dbd5-d5f5-4a4b-879b-bd27a2131106","firstParentID":"1f14e2f7-021f-4a65-8e5d-fa3b85093914","ID":"3246baf4-3ef3-444f-b421-9a177014fbda","childs":null,"emcosID":null,"emcosMLID":null,"WSName":"PS","rangeAddress":"$HY$99:$HY$135","headAddress":"$HY$99","bodyAddress":"$HY$100:$HY$135","_name":"ручное"}},"emcosID":null,"emcosMLID":null,"WSName":"PS","rangeAddress":"$HY$98:$HY$135","headAddress":"$HY$98","bodyAddress":"$HY$99:$HY$135","_name":"отдача"}},"emcosID":null,"emcosMLID":null,"WSName":"PS","rangeAddress":"$HX$97:$HY$135","headAddress":"$HX$97:$HY$97","bodyAddress":"$HX$98:$HY$135","_name":"ТП3 Жидели тяга"},"DB":{"_level":0,"parentID":"1f14e2f7-021f-4a65-8e5d-fa3b85093914","firstParentID":"1f14e2f7-021f-4a65-8e5d-fa3b85093914","ID":"2f12d549-f8fb-46ab-b666-2033b887528f","childs":{"прием":{"_level":1,"parentID":"2f12d549-f8fb-46ab-b666-2033b887528f","firstParentID":"1f14e2f7-021f-4a65-8e5d-fa3b85093914","ID":"8f64cf21-5b43-47b9-a4da-20dd5f981c8d","childs":{"код":{"_level":2,"parentID":"8f64cf21-5b43-47b9-a4da-20dd5f981c8d","firstParentID":"1f14e2f7-021f-4a65-8e5d-fa3b85093914","ID":"3928ae29-9106-4687-802e-180fd5fd7cf6","childs":null,"emcosID":null,"emcosMLID":null,"WSName":"DB","rangeAddress":"$BJ$353:$BJ$390","headAddress":"$BJ$353","bodyAddress":"$BJ$354:$BJ$390","_name":"код"},"основное":{"_level":2,"parentID":"8f64cf21-5b43-47b9-a4da-20dd5f981c8d","firstParentID":"1f14e2f7-021f-4a65-8e5d-fa3b85093914","ID":"0cfc482c-a31a-4167-a45a-f78229b6fd72","childs":null,"emcosID":null,"emcosMLID":null,"WSName":"DB","rangeAddress":"$BK$353:$BK$390","headAddress":"$BK$353","bodyAddress":"$BK$354:$BK$390","_name":"основное"},"корректировка факт":{"_level":2,"parentID":"8f64cf21-5b43-47b9-a4da-20dd5f981c8d","firstParentID":"1f14e2f7-021f-4a65-8e5d-fa3b85093914","ID":"ae7015d1-7388-4f1c-9697-65f22dc75cf7","childs":null,"emcosID":null,"emcosMLID":null,"WSName":"DB","rangeAddress":"$BL$353:$BL$390","headAddress":"$BL$353","bodyAddress":"$BL$354:$BL$390","_name":"корректировка факт"},"ручное":{"_level":2,"parentID":"8f64cf21-5b43-47b9-a4da-20dd5f981c8d","firstParentID":"1f14e2f7-021f-4a65-8e5d-fa3b85093914","ID":"84f65fb6-150e-4f50-a799-98a664b29a9c","childs":null,"emcosID":null,"emcosMLID":null,"WSName":"DB","rangeAddress":"$BM$353:$BM$390","headAddress":"$BM$353","bodyAddress":"$BM$354:$BM$390","_name":"ручное"}},"emcosID":null,"emcosMLID":null,"WSName":"DB","rangeAddress":"$BJ$352:$BM$390","headAddress":"$BJ$352:$BM$352","bodyAddress":"$BJ$353:$BM$390","_name":"прием"},"отдача":{"_level":1,"parentID":"2f12d549-f8fb-46ab-b666-2033b887528f","firstParentID":"1f14e2f7-021f-4a65-8e5d-fa3b85093914","ID":"9bd4b789-9afe-493d-a976-2edea83eb59b","childs":{"код":{"_level":2,"parentID":"9bd4b789-9afe-493d-a976-2edea83eb59b","firstParentID":"1f14e2f7-021f-4a65-8e5d-fa3b85093914","ID":"c8e3a4c4-adba-43d4-8e0d-83aeda87a625","childs":null,"emcosID":null,"emcosMLID":null,"WSName":"DB","rangeAddress":"$BN$353:$BN$390","headAddress":"$BN$353","bodyAddress":"$BN$354:$BN$390","_name":"код"},"основное":{"_level":2,"parentID":"9bd4b789-9afe-493d-a976-2edea83eb59b","firstParentID":"1f14e2f7-021f-4a65-8e5d-fa3b85093914","ID":"d239716f-a00c-45fd-8fa3-61a7318609ef","childs":null,"emcosID":null,"emcosMLID":null,"WSName":"DB","rangeAddress":"$BO$353:$BO$390","headAddress":"$BO$353","bodyAddress":"$BO$354:$BO$390","_name":"основное"},"корректировка факт":{"_level":2,"parentID":"9bd4b789-9afe-493d-a976-2edea83eb59b","firstParentID":"1f14e2f7-021f-4a65-8e5d-fa3b85093914","ID":"cf8441de-70fa-4062-b642-f23be04aa1c8","childs":null,"emcosID":null,"emcosMLID":null,"WSName":"DB","rangeAddress":"$BP$353:$BP$390","headAddress":"$BP$353","bodyAddress":"$BP$354:$BP$390","_name":"корректировка факт"},"ручное":{"_level":2,"parentID":"9bd4b789-9afe-493d-a976-2edea83eb59b","firstParentID":"1f14e2f7-021f-4a65-8e5d-fa3b85093914","ID":"fcecb18a-98b8-409d-bcd7-5544e88b292f","childs":null,"emcosID":null,"emcosMLID":null,"WSName":"DB","rangeAddress":"$BQ$353:$BQ$390","headAddress":"$BQ$353","bodyAddress":"$BQ$354:$BQ$390","_name":"ручное"}},"emcosID":null,"emcosMLID":null,"WSName":"DB","rangeAddress":"$BN$352:$BQ$390","headAddress":"$BN$352:$BQ$352","bodyAddress":"$BN$353:$BQ$390","_name":"отдача"}},"emcosID":null,"emcosMLID":null,"WSName":"DB","rangeAddress":"$BJ$351:$BQ$390","headAddress":"$BJ$351:$BQ$351","bodyAddress":"$BJ$352:$BQ$390","_name":"ТП3 Жидели тяга"}},"codPlan":null,"meterCoef":null,"_name":"ТП3 Жидели тяга"}