{"ID":"b1dc7ff3-7c4c-44f1-9da0-7f72e7814a1a","childs":{"PS":{"_level":0,"parentID":"b1dc7ff3-7c4c-44f1-9da0-7f72e7814a1a","firstParentID":"b1dc7ff3-7c4c-44f1-9da0-7f72e7814a1a","ID":"b43124a1-8158-4770-a53e-32767b601cf5","childs":{"прием":{"_level":1,"parentID":"b43124a1-8158-4770-a53e-32767b601cf5","firstParentID":"b1dc7ff3-7c4c-44f1-9da0-7f72e7814a1a","ID":"86c7ea1c-f351-4758-b276-a8c4787154a1","childs":{"оперативное":{"_level":2,"parentID":"86c7ea1c-f351-4758-b276-a8c4787154a1","firstParentID":"b1dc7ff3-7c4c-44f1-9da0-7f72e7814a1a","ID":"029b58d3-b7fc-4928-a70a-6f137a40a94e","childs":null,"emcosID":null,"emcosMLID":null,"codMaketTEP":null,"codTEP":null,"WSName":"PS","rangeAddress":"$IM$99:$IM$135","headAddress":"$IM$99","bodyAddress":"$IM$100:$IM$135","_name":"оперативное"}},"emcosID":null,"emcosMLID":null,"codMaketTEP":null,"codTEP":null,"WSName":"PS","rangeAddress":"$IM$98:$IM$135","headAddress":"$IM$98","bodyAddress":"$IM$99:$IM$135","_name":"прием"},"отдача":{"_level":1,"parentID":"b43124a1-8158-4770-a53e-32767b601cf5","firstParentID":"b1dc7ff3-7c4c-44f1-9da0-7f72e7814a1a","ID":"fef328e0-9bf0-436e-a7e4-00a2332870b6","childs":{"оперативное":{"_level":2,"parentID":"fef328e0-9bf0-436e-a7e4-00a2332870b6","firstParentID":"b1dc7ff3-7c4c-44f1-9da0-7f72e7814a1a","ID":"4b6ab234-45ff-4414-a704-95f9a3ee8e6a","childs":null,"emcosID":null,"emcosMLID":null,"codMaketTEP":null,"codTEP":null,"WSName":"PS","rangeAddress":"$IN$99:$IN$135","headAddress":"$IN$99","bodyAddress":"$IN$100:$IN$135","_name":"оперативное"}},"emcosID":null,"emcosMLID":null,"codMaketTEP":null,"codTEP":null,"WSName":"PS","rangeAddress":"$IN$98:$IN$135","headAddress":"$IN$98","bodyAddress":"$IN$99:$IN$135","_name":"отдача"}},"emcosID":null,"emcosMLID":null,"codMaketTEP":null,"codTEP":null,"WSName":"PS","rangeAddress":"$IM$97:$IN$135","headAddress":"$IM$97:$IN$97","bodyAddress":"$IM$98:$IN$135","_name":"Л2423 Бесагаш Кенсай 166А"},"DB":{"_level":0,"parentID":"b1dc7ff3-7c4c-44f1-9da0-7f72e7814a1a","firstParentID":"b1dc7ff3-7c4c-44f1-9da0-7f72e7814a1a","ID":"9b35ea35-dc80-4b67-bb21-bbb4c83260e8","childs":{"прием":{"_level":1,"parentID":"9b35ea35-dc80-4b67-bb21-bbb4c83260e8","firstParentID":"b1dc7ff3-7c4c-44f1-9da0-7f72e7814a1a","ID":"3327068a-bd86-40d6-8f3c-96614b8869e5","childs":{"код":{"_level":2,"parentID":"3327068a-bd86-40d6-8f3c-96614b8869e5","firstParentID":"b1dc7ff3-7c4c-44f1-9da0-7f72e7814a1a","ID":"c282a916-d2ba-4568-9a87-e8ad502e3f1d","childs":null,"emcosID":null,"emcosMLID":null,"codMaketTEP":null,"codTEP":null,"WSName":"DB","rangeAddress":"$BI$95:$BI$132","headAddress":"$BI$95","bodyAddress":"$BI$96:$BI$132","_name":"код"},"основное":{"_level":2,"parentID":"3327068a-bd86-40d6-8f3c-96614b8869e5","firstParentID":"b1dc7ff3-7c4c-44f1-9da0-7f72e7814a1a","ID":"158dc412-2652-4e9b-8548-b32a7383f4da","childs":null,"emcosID":null,"emcosMLID":null,"codMaketTEP":null,"codTEP":null,"WSName":"DB","rangeAddress":"$BJ$95:$BJ$132","headAddress":"$BJ$95","bodyAddress":"$BJ$96:$BJ$132","_name":"основное"},"корректировка факт":{"_level":2,"parentID":"3327068a-bd86-40d6-8f3c-96614b8869e5","firstParentID":"b1dc7ff3-7c4c-44f1-9da0-7f72e7814a1a","ID":"a4751f3f-e4d7-47e5-908f-d4595371da35","childs":null,"emcosID":null,"emcosMLID":null,"codMaketTEP":null,"codTEP":null,"WSName":"DB","rangeAddress":"$BK$95:$BK$132","headAddress":"$BK$95","bodyAddress":"$BK$96:$BK$132","_name":"корректировка факт"},"ручное":{"_level":2,"parentID":"3327068a-bd86-40d6-8f3c-96614b8869e5","firstParentID":"b1dc7ff3-7c4c-44f1-9da0-7f72e7814a1a","ID":"e17445b0-9c6b-444a-964a-430cd2816251","childs":null,"emcosID":null,"emcosMLID":null,"codMaketTEP":null,"codTEP":null,"WSName":"DB","rangeAddress":"$BL$95:$BL$132","headAddress":"$BL$95","bodyAddress":"$BL$96:$BL$132","_name":"ручное"},"оперативное":{"_level":2,"parentID":"3327068a-bd86-40d6-8f3c-96614b8869e5","firstParentID":"b1dc7ff3-7c4c-44f1-9da0-7f72e7814a1a","ID":"09692786-a386-4b02-86da-65a6e3d487a6","childs":null,"emcosID":null,"emcosMLID":null,"codMaketTEP":null,"codTEP":null,"WSName":"DB","rangeAddress":"$BM$95:$BM$132","headAddress":"$BM$95","bodyAddress":"$BM$96:$BM$132","_name":"оперативное"}},"emcosID":null,"emcosMLID":null,"codMaketTEP":null,"codTEP":null,"WSName":"DB","rangeAddress":"$BI$94:$BM$132","headAddress":"$BI$94:$BM$94","bodyAddress":"$BI$95:$BM$132","_name":"прием"},"отдача":{"_level":1,"parentID":"9b35ea35-dc80-4b67-bb21-bbb4c83260e8","firstParentID":"b1dc7ff3-7c4c-44f1-9da0-7f72e7814a1a","ID":"50ead2b5-305c-4f79-9a27-e2b41e6674fc","childs":{"код":{"_level":2,"parentID":"50ead2b5-305c-4f79-9a27-e2b41e6674fc","firstParentID":"b1dc7ff3-7c4c-44f1-9da0-7f72e7814a1a","ID":"4b81045a-e5bf-4154-9228-097da01e46a0","childs":null,"emcosID":null,"emcosMLID":null,"codMaketTEP":null,"codTEP":null,"WSName":"DB","rangeAddress":"$BN$95:$BN$132","headAddress":"$BN$95","bodyAddress":"$BN$96:$BN$132","_name":"код"},"основное":{"_level":2,"parentID":"50ead2b5-305c-4f79-9a27-e2b41e6674fc","firstParentID":"b1dc7ff3-7c4c-44f1-9da0-7f72e7814a1a","ID":"d9bb8495-a28d-4ad4-9ddb-4aac3eaf2eae","childs":null,"emcosID":null,"emcosMLID":null,"codMaketTEP":null,"codTEP":null,"WSName":"DB","rangeAddress":"$BO$95:$BO$132","headAddress":"$BO$95","bodyAddress":"$BO$96:$BO$132","_name":"основное"},"корректировка факт":{"_level":2,"parentID":"50ead2b5-305c-4f79-9a27-e2b41e6674fc","firstParentID":"b1dc7ff3-7c4c-44f1-9da0-7f72e7814a1a","ID":"5d9625f0-e5c9-4716-8328-ac5c073a2446","childs":null,"emcosID":null,"emcosMLID":null,"codMaketTEP":null,"codTEP":null,"WSName":"DB","rangeAddress":"$BP$95:$BP$132","headAddress":"$BP$95","bodyAddress":"$BP$96:$BP$132","_name":"корректировка факт"},"ручное":{"_level":2,"parentID":"50ead2b5-305c-4f79-9a27-e2b41e6674fc","firstParentID":"b1dc7ff3-7c4c-44f1-9da0-7f72e7814a1a","ID":"f283dd95-39a6-486f-ae5b-d6247850d593","childs":null,"emcosID":null,"emcosMLID":null,"codMaketTEP":null,"codTEP":null,"WSName":"DB","rangeAddress":"$BQ$95:$BQ$132","headAddress":"$BQ$95","bodyAddress":"$BQ$96:$BQ$132","_name":"ручное"},"оперативное":{"_level":2,"parentID":"50ead2b5-305c-4f79-9a27-e2b41e6674fc","firstParentID":"b1dc7ff3-7c4c-44f1-9da0-7f72e7814a1a","ID":"14f58e53-0bc2-4bc8-bb84-1e40ce88a365","childs":null,"emcosID":null,"emcosMLID":null,"codMaketTEP":null,"codTEP":null,"WSName":"DB","rangeAddress":"$BR$95:$BR$132","headAddress":"$BR$95","bodyAddress":"$BR$96:$BR$132","_name":"оперативное"}},"emcosID":null,"emcosMLID":null,"codMaketTEP":null,"codTEP":null,"WSName":"DB","rangeAddress":"$BN$94:$BR$132","headAddress":"$BN$94:$BR$94","bodyAddress":"$BN$95:$BR$132","_name":"отдача"}},"emcosID":null,"emcosMLID":null,"codMaketTEP":null,"codTEP":null,"WSName":"DB","rangeAddress":"$BI$93:$BR$132","headAddress":"$BI$93:$BR$93","bodyAddress":"$BI$94:$BR$132","_name":"Л2423 Бесагаш Кенсай 166А"}},"codPlan":null,"meterCoef":null,"_name":"Л2423 Бесагаш Кенсай 166А"}