{"ID":"e37d4f42-9de9-4fe6-9acd-fcb72ca3acd9","childs":{"PS":{"_level":0,"parentID":"e37d4f42-9de9-4fe6-9acd-fcb72ca3acd9","firstParentID":"e37d4f42-9de9-4fe6-9acd-fcb72ca3acd9","ID":"c9199011-a394-4bac-9158-333440ae1e52","childs":{"отдача":{"_level":1,"parentID":"c9199011-a394-4bac-9158-333440ae1e52","firstParentID":"e37d4f42-9de9-4fe6-9acd-fcb72ca3acd9","ID":"8a2c6288-5a8b-4a8a-b440-07faab582cab","childs":{"формула":{"_level":2,"parentID":"8a2c6288-5a8b-4a8a-b440-07faab582cab","firstParentID":"e37d4f42-9de9-4fe6-9acd-fcb72ca3acd9","ID":"28ddf4dd-1b3c-4f5b-b03c-f02263dd9505","childs":null,"emcosID":null,"emcosMLID":null,"codMaketTEP":null,"codTEP":null,"WSName":"PS","rangeAddress":"$CA$228:$CA$264","headAddress":"$CA$228","bodyAddress":"$CA$229:$CA$264","_name":"формула"}},"emcosID":null,"emcosMLID":null,"codMaketTEP":null,"codTEP":null,"WSName":"PS","rangeAddress":"$CA$227:$CA$264","headAddress":"$CA$227","bodyAddress":"$CA$228:$CA$264","_name":"отдача"}},"emcosID":null,"emcosMLID":null,"codMaketTEP":null,"codTEP":null,"WSName":"PS","rangeAddress":"$CA$226:$CA$264","headAddress":"$CA$226","bodyAddress":"$CA$227:$CA$264","_name":"Отпуск в сеть Успеновская ГЭС"},"DB":{"_level":0,"parentID":"e37d4f42-9de9-4fe6-9acd-fcb72ca3acd9","firstParentID":"e37d4f42-9de9-4fe6-9acd-fcb72ca3acd9","ID":"e4bcb700-51fd-44b0-a6cf-aee15f5d7cf3","childs":{"отдача":{"_level":1,"parentID":"e4bcb700-51fd-44b0-a6cf-aee15f5d7cf3","firstParentID":"e37d4f42-9de9-4fe6-9acd-fcb72ca3acd9","ID":"a6ce64fe-9fbd-40c8-b335-062127b149dc","childs":{"код":{"_level":2,"parentID":"a6ce64fe-9fbd-40c8-b335-062127b149dc","firstParentID":"e37d4f42-9de9-4fe6-9acd-fcb72ca3acd9","ID":"e13ae187-fdb9-4d70-87fc-8df4acdea531","childs":null,"emcosID":null,"emcosMLID":null,"codMaketTEP":null,"codTEP":null,"WSName":"DB","rangeAddress":"$G$52:$G$89","headAddress":"$G$52","bodyAddress":"$G$53:$G$89","_name":"код"},"основное":{"_level":2,"parentID":"a6ce64fe-9fbd-40c8-b335-062127b149dc","firstParentID":"e37d4f42-9de9-4fe6-9acd-fcb72ca3acd9","ID":"aa3ab091-1039-4eeb-9382-67d338f18fb2","childs":null,"emcosID":null,"emcosMLID":null,"codMaketTEP":null,"codTEP":null,"WSName":"DB","rangeAddress":"$H$52:$H$89","headAddress":"$H$52","bodyAddress":"$H$53:$H$89","_name":"основное"},"корректировка факт":{"_level":2,"parentID":"a6ce64fe-9fbd-40c8-b335-062127b149dc","firstParentID":"e37d4f42-9de9-4fe6-9acd-fcb72ca3acd9","ID":"9d8e6ab6-51ea-4139-8162-b7dcf1668b31","childs":null,"emcosID":null,"emcosMLID":null,"codMaketTEP":null,"codTEP":null,"WSName":"DB","rangeAddress":"$I$52:$I$89","headAddress":"$I$52","bodyAddress":"$I$53:$I$89","_name":"корректировка факт"},"ручное":{"_level":2,"parentID":"a6ce64fe-9fbd-40c8-b335-062127b149dc","firstParentID":"e37d4f42-9de9-4fe6-9acd-fcb72ca3acd9","ID":"0130b5b6-e431-48c1-820a-8ebe2c6bbd90","childs":null,"emcosID":null,"emcosMLID":null,"codMaketTEP":null,"codTEP":null,"WSName":"DB","rangeAddress":"$J$52:$J$89","headAddress":"$J$52","bodyAddress":"$J$53:$J$89","_name":"ручное"},"формула":{"_level":2,"parentID":"a6ce64fe-9fbd-40c8-b335-062127b149dc","firstParentID":"e37d4f42-9de9-4fe6-9acd-fcb72ca3acd9","ID":"2bafdaf0-7a36-4f82-bc64-f059e7bac6b2","childs":null,"emcosID":null,"emcosMLID":null,"codMaketTEP":null,"codTEP":null,"WSName":"DB","rangeAddress":"$K$52:$K$89","headAddress":"$K$52","bodyAddress":"$K$53:$K$89","_name":"формула"}},"emcosID":null,"emcosMLID":null,"codMaketTEP":null,"codTEP":null,"WSName":"DB","rangeAddress":"$G$51:$K$89","headAddress":"$G$51:$K$51","bodyAddress":"$G$52:$K$89","_name":"отдача"}},"emcosID":null,"emcosMLID":null,"codMaketTEP":null,"codTEP":null,"WSName":"DB","rangeAddress":"$G$50:$K$89","headAddress":"$G$50:$K$50","bodyAddress":"$G$51:$K$89","_name":"Отпуск в сеть Успеновская ГЭС"}},"codPlan":null,"meterCoef":null,"_name":"Отпуск в сеть Успеновская ГЭС"}