{"ID":"a3f8dbac-3196-493f-a671-2fbe0186194a","childs":{"PS":{"_level":0,"parentID":"a3f8dbac-3196-493f-a671-2fbe0186194a","firstParentID":"a3f8dbac-3196-493f-a671-2fbe0186194a","ID":"80a3b0eb-e942-4c6f-a54b-e6e8630c7c19","childs":{"прием":{"_level":1,"parentID":"80a3b0eb-e942-4c6f-a54b-e6e8630c7c19","firstParentID":"a3f8dbac-3196-493f-a671-2fbe0186194a","ID":"6544cee0-c344-49fd-9545-81e11dd74442","childs":{"ручное":{"_level":2,"parentID":"6544cee0-c344-49fd-9545-81e11dd74442","firstParentID":"a3f8dbac-3196-493f-a671-2fbe0186194a","ID":"9fe802ec-9368-4b59-a321-bf1cf26726a6","childs":null,"emcosID":null,"emcosMLID":null,"codMaketTEP":null,"codTEP":null,"WSName":"PS","rangeAddress":"$KL$99:$KL$135","headAddress":"$KL$99","bodyAddress":"$KL$100:$KL$135","_name":"ручное"}},"emcosID":null,"emcosMLID":null,"codMaketTEP":null,"codTEP":null,"WSName":"PS","rangeAddress":"$KL$98:$KL$135","headAddress":"$KL$98","bodyAddress":"$KL$99:$KL$135","_name":"прием"}},"emcosID":null,"emcosMLID":null,"codMaketTEP":null,"codTEP":null,"WSName":"PS","rangeAddress":"$KL$97:$KL$135","headAddress":"$KL$97","bodyAddress":"$KL$98:$KL$135","_name":"ТП1 Медеу тяга"},"DB":{"_level":0,"parentID":"a3f8dbac-3196-493f-a671-2fbe0186194a","firstParentID":"a3f8dbac-3196-493f-a671-2fbe0186194a","ID":"6a87c4b3-c91c-4f02-a237-035ae8eef54b","childs":{"прием":{"_level":1,"parentID":"6a87c4b3-c91c-4f02-a237-035ae8eef54b","firstParentID":"a3f8dbac-3196-493f-a671-2fbe0186194a","ID":"ab7a9b12-658a-4872-9937-716606616b1a","childs":{"код":{"_level":2,"parentID":"ab7a9b12-658a-4872-9937-716606616b1a","firstParentID":"a3f8dbac-3196-493f-a671-2fbe0186194a","ID":"332d8bdd-6255-4ea9-b42d-6075d943bbb0","childs":null,"emcosID":null,"emcosMLID":null,"codMaketTEP":null,"codTEP":null,"WSName":"DB","rangeAddress":"$CZ$181:$CZ$218","headAddress":"$CZ$181","bodyAddress":"$CZ$182:$CZ$218","_name":"код"},"основное":{"_level":2,"parentID":"ab7a9b12-658a-4872-9937-716606616b1a","firstParentID":"a3f8dbac-3196-493f-a671-2fbe0186194a","ID":"cd5bc833-d76c-4a8b-9de9-88d748c38806","childs":null,"emcosID":null,"emcosMLID":null,"codMaketTEP":null,"codTEP":null,"WSName":"DB","rangeAddress":"$DA$181:$DA$218","headAddress":"$DA$181","bodyAddress":"$DA$182:$DA$218","_name":"основное"},"корректировка факт":{"_level":2,"parentID":"ab7a9b12-658a-4872-9937-716606616b1a","firstParentID":"a3f8dbac-3196-493f-a671-2fbe0186194a","ID":"fb62889f-8072-49fa-bc5b-ebfaeeb6be56","childs":null,"emcosID":null,"emcosMLID":null,"codMaketTEP":null,"codTEP":null,"WSName":"DB","rangeAddress":"$DB$181:$DB$218","headAddress":"$DB$181","bodyAddress":"$DB$182:$DB$218","_name":"корректировка факт"},"ручное":{"_level":2,"parentID":"ab7a9b12-658a-4872-9937-716606616b1a","firstParentID":"a3f8dbac-3196-493f-a671-2fbe0186194a","ID":"bb729e7d-d1c8-4ae9-9568-cb77947061bb","childs":null,"emcosID":null,"emcosMLID":null,"codMaketTEP":null,"codTEP":null,"WSName":"DB","rangeAddress":"$DC$181:$DC$218","headAddress":"$DC$181","bodyAddress":"$DC$182:$DC$218","_name":"ручное"}},"emcosID":null,"emcosMLID":null,"codMaketTEP":null,"codTEP":null,"WSName":"DB","rangeAddress":"$CZ$180:$DC$218","headAddress":"$CZ$180:$DC$180","bodyAddress":"$CZ$181:$DC$218","_name":"прием"}},"emcosID":null,"emcosMLID":null,"codMaketTEP":null,"codTEP":null,"WSName":"DB","rangeAddress":"$CZ$179:$DC$218","headAddress":"$CZ$179:$DC$179","bodyAddress":"$CZ$180:$DC$218","_name":"ТП1 Медеу тяга"}},"codPlan":null,"meterCoef":null,"_name":"ТП1 Медеу тяга"}