{"ID":"12049f80-ee0b-486d-b7b6-115ea78ddfd4","childs":{"PS":{"_level":0,"parentID":"12049f80-ee0b-486d-b7b6-115ea78ddfd4","firstParentID":"12049f80-ee0b-486d-b7b6-115ea78ddfd4","ID":"2ebd2f6b-fc3a-49dd-a48e-36d3071c6019","childs":{"прием":{"_level":1,"parentID":"2ebd2f6b-fc3a-49dd-a48e-36d3071c6019","firstParentID":"12049f80-ee0b-486d-b7b6-115ea78ddfd4","ID":"feeff3be-4fee-416a-ba6b-2b03a77c1210","childs":{"оперативное":{"_level":2,"parentID":"feeff3be-4fee-416a-ba6b-2b03a77c1210","firstParentID":"12049f80-ee0b-486d-b7b6-115ea78ddfd4","ID":"805bcef5-6568-4641-88ca-037a78489d03","childs":null,"emcosID":null,"emcosMLID":null,"codMaketTEP":null,"codTEP":null,"WSName":"PS","rangeAddress":"$X$228:$X$264","headAddress":"$X$228","bodyAddress":"$X$229:$X$264","_name":"оперативное"}},"emcosID":null,"emcosMLID":null,"codMaketTEP":1448,"codTEP":null,"WSName":"PS","rangeAddress":"$X$227:$X$264","headAddress":"$X$227","bodyAddress":"$X$228:$X$264","_name":"прием"},"план":{"_level":1,"parentID":"2ebd2f6b-fc3a-49dd-a48e-36d3071c6019","firstParentID":"12049f80-ee0b-486d-b7b6-115ea78ddfd4","ID":"36980fa7-dbe9-457c-aa16-26e4ce600aa9","childs":{"заявка":{"_level":2,"parentID":"36980fa7-dbe9-457c-aa16-26e4ce600aa9","firstParentID":"12049f80-ee0b-486d-b7b6-115ea78ddfd4","ID":"3a055055-82d8-4e0f-973d-81d16e09779a","childs":null,"emcosID":null,"emcosMLID":null,"codMaketTEP":null,"codTEP":null,"WSName":"PS","rangeAddress":"$Y$228:$Y$264","headAddress":"$Y$228","bodyAddress":"$Y$229:$Y$264","_name":"заявка"}},"emcosID":null,"emcosMLID":null,"codMaketTEP":null,"codTEP":null,"WSName":"PS","rangeAddress":"$Y$227:$Y$264","headAddress":"$Y$227","bodyAddress":"$Y$228:$Y$264","_name":"план"}},"emcosID":null,"emcosMLID":null,"codMaketTEP":null,"codTEP":null,"WSName":"PS","rangeAddress":"$X$226:$Y$264","headAddress":"$X$226:$Y$226","bodyAddress":"$X$227:$Y$264","_name":"Потребление Жетысу Водоканал"},"DB":{"_level":0,"parentID":"12049f80-ee0b-486d-b7b6-115ea78ddfd4","firstParentID":"12049f80-ee0b-486d-b7b6-115ea78ddfd4","ID":"2936b494-a840-4b1d-b23b-cf735e08b384","childs":{"прием":{"_level":1,"parentID":"2936b494-a840-4b1d-b23b-cf735e08b384","firstParentID":"12049f80-ee0b-486d-b7b6-115ea78ddfd4","ID":"86727ce4-e01d-4281-9427-d58890ebcd92","childs":{"код":{"_level":2,"parentID":"86727ce4-e01d-4281-9427-d58890ebcd92","firstParentID":"12049f80-ee0b-486d-b7b6-115ea78ddfd4","ID":"9d088208-eaae-46f0-a5fa-b7bbc1c7c3dd","childs":null,"emcosID":null,"emcosMLID":null,"codMaketTEP":null,"codTEP":null,"WSName":"DB","rangeAddress":"$GM$396:$GM$433","headAddress":"$GM$396","bodyAddress":"$GM$397:$GM$433","_name":"код"},"основное":{"_level":2,"parentID":"86727ce4-e01d-4281-9427-d58890ebcd92","firstParentID":"12049f80-ee0b-486d-b7b6-115ea78ddfd4","ID":"05e470f6-2867-40db-9d61-a964360fdbea","childs":null,"emcosID":null,"emcosMLID":null,"codMaketTEP":null,"codTEP":null,"WSName":"DB","rangeAddress":"$GN$396:$GN$433","headAddress":"$GN$396","bodyAddress":"$GN$397:$GN$433","_name":"основное"},"корректировка факт":{"_level":2,"parentID":"86727ce4-e01d-4281-9427-d58890ebcd92","firstParentID":"12049f80-ee0b-486d-b7b6-115ea78ddfd4","ID":"d1e0f3d4-de05-4126-8fdf-b8ccdc3b6c4e","childs":null,"emcosID":null,"emcosMLID":null,"codMaketTEP":null,"codTEP":null,"WSName":"DB","rangeAddress":"$GO$396:$GO$433","headAddress":"$GO$396","bodyAddress":"$GO$397:$GO$433","_name":"корректировка факт"},"ручное":{"_level":2,"parentID":"86727ce4-e01d-4281-9427-d58890ebcd92","firstParentID":"12049f80-ee0b-486d-b7b6-115ea78ddfd4","ID":"952a0ee0-476f-4417-bc54-94dc3a914d92","childs":null,"emcosID":null,"emcosMLID":null,"codMaketTEP":null,"codTEP":null,"WSName":"DB","rangeAddress":"$GP$396:$GP$433","headAddress":"$GP$396","bodyAddress":"$GP$397:$GP$433","_name":"ручное"},"оперативное":{"_level":2,"parentID":"86727ce4-e01d-4281-9427-d58890ebcd92","firstParentID":"12049f80-ee0b-486d-b7b6-115ea78ddfd4","ID":"710db174-1c3b-44ac-be04-e70311b188cf","childs":null,"emcosID":null,"emcosMLID":null,"codMaketTEP":null,"codTEP":null,"WSName":"DB","rangeAddress":"$GQ$396:$GQ$433","headAddress":"$GQ$396","bodyAddress":"$GQ$397:$GQ$433","_name":"оперативное"},"по плану":{"_level":2,"parentID":"86727ce4-e01d-4281-9427-d58890ebcd92","firstParentID":"12049f80-ee0b-486d-b7b6-115ea78ddfd4","ID":"f725a2f1-31bd-47b8-9d21-ed3a37c880e1","childs":null,"emcosID":null,"emcosMLID":null,"codMaketTEP":null,"codTEP":null,"WSName":"DB","rangeAddress":"$GR$396:$GR$433","headAddress":"$GR$396","bodyAddress":"$GR$397:$GR$433","_name":"по плану"}},"emcosID":null,"emcosMLID":null,"codMaketTEP":null,"codTEP":null,"WSName":"DB","rangeAddress":"$GM$395:$GR$433","headAddress":"$GM$395:$GR$395","bodyAddress":"$GM$396:$GR$433","_name":"прием"},"план":{"_level":1,"parentID":"2936b494-a840-4b1d-b23b-cf735e08b384","firstParentID":"12049f80-ee0b-486d-b7b6-115ea78ddfd4","ID":"c0003e22-4cb7-4f72-b194-888aaeb84899","childs":{"код":{"_level":2,"parentID":"c0003e22-4cb7-4f72-b194-888aaeb84899","firstParentID":"12049f80-ee0b-486d-b7b6-115ea78ddfd4","ID":"d06472ba-0c38-45a4-8f02-2e79ab053403","childs":null,"emcosID":null,"emcosMLID":null,"codMaketTEP":null,"codTEP":null,"WSName":"DB","rangeAddress":"$GS$396:$GS$433","headAddress":"$GS$396","bodyAddress":"$GS$397:$GS$433","_name":"код"},"основное":{"_level":2,"parentID":"c0003e22-4cb7-4f72-b194-888aaeb84899","firstParentID":"12049f80-ee0b-486d-b7b6-115ea78ddfd4","ID":"c8995cbe-6034-4fa3-bf87-5d9b1afa7f4e","childs":null,"emcosID":null,"emcosMLID":null,"codMaketTEP":null,"codTEP":null,"WSName":"DB","rangeAddress":"$GT$396:$GT$433","headAddress":"$GT$396","bodyAddress":"$GT$397:$GT$433","_name":"основное"},"заявка":{"_level":2,"parentID":"c0003e22-4cb7-4f72-b194-888aaeb84899","firstParentID":"12049f80-ee0b-486d-b7b6-115ea78ddfd4","ID":"d2fd764b-1972-4391-92ed-fdd63c31d7d0","childs":null,"emcosID":null,"emcosMLID":null,"codMaketTEP":null,"codTEP":null,"WSName":"DB","rangeAddress":"$GU$396:$GU$433","headAddress":"$GU$396","bodyAddress":"$GU$397:$GU$433","_name":"заявка"},"утвержденный":{"_level":2,"parentID":"c0003e22-4cb7-4f72-b194-888aaeb84899","firstParentID":"12049f80-ee0b-486d-b7b6-115ea78ddfd4","ID":"1e3a0011-9be5-4851-8552-f1009ddcf71f","childs":null,"emcosID":null,"emcosMLID":null,"codMaketTEP":null,"codTEP":null,"WSName":"DB","rangeAddress":"$GV$396:$GV$433","headAddress":"$GV$396","bodyAddress":"$GV$397:$GV$433","_name":"утвержденный"},"корректировка":{"_level":2,"parentID":"c0003e22-4cb7-4f72-b194-888aaeb84899","firstParentID":"12049f80-ee0b-486d-b7b6-115ea78ddfd4","ID":"1028000c-221c-4407-ad98-931815c0e0d2","childs":null,"emcosID":null,"emcosMLID":null,"codMaketTEP":null,"codTEP":null,"WSName":"DB","rangeAddress":"$GW$396:$GW$433","headAddress":"$GW$396","bodyAddress":"$GW$397:$GW$433","_name":"корректировка"}},"emcosID":null,"emcosMLID":null,"codMaketTEP":null,"codTEP":null,"WSName":"DB","rangeAddress":"$GS$395:$GW$433","headAddress":"$GS$395:$GW$395","bodyAddress":"$GS$396:$GW$433","_name":"план"}},"emcosID":null,"emcosMLID":null,"codMaketTEP":null,"codTEP":null,"WSName":"DB","rangeAddress":"$GM$394:$GW$433","headAddress":"$GM$394:$GW$394","bodyAddress":"$GM$395:$GW$433","_name":"Потребление Жетысу Водоканал"}},"codPlan":63,"meterCoef":null,"_name":"Потребление Жетысу Водоканал"}