{"ID":"31674a10-fa56-4a35-b650-a297d2796ef0","childs":{"PS":{"_level":0,"parentID":"31674a10-fa56-4a35-b650-a297d2796ef0","firstParentID":"31674a10-fa56-4a35-b650-a297d2796ef0","ID":"055fe7c2-a37b-4a16-99cf-e969f842ec12","childs":{"прием":{"_level":1,"parentID":"055fe7c2-a37b-4a16-99cf-e969f842ec12","firstParentID":"31674a10-fa56-4a35-b650-a297d2796ef0","ID":"f09979d3-b0ec-4447-a088-9136d4df501e","childs":{"оперативное":{"_level":2,"parentID":"f09979d3-b0ec-4447-a088-9136d4df501e","firstParentID":"31674a10-fa56-4a35-b650-a297d2796ef0","ID":"3c3d3c48-a02c-4b93-b6ea-9bb0dc005b85","childs":null,"emcosID":null,"emcosMLID":null,"codMaketTEP":null,"codTEP":null,"WSName":"PS","rangeAddress":"$AY$228:$AY$264","headAddress":"$AY$228","bodyAddress":"$AY$229:$AY$264","_name":"оперативное"}},"emcosID":null,"emcosMLID":null,"codMaketTEP":1419,"codTEP":null,"WSName":"PS","rangeAddress":"$AY$227:$AY$264","headAddress":"$AY$227","bodyAddress":"$AY$228:$AY$264","_name":"прием"}},"emcosID":null,"emcosMLID":null,"codMaketTEP":null,"codTEP":null,"WSName":"PS","rangeAddress":"$AY$226:$AY$264","headAddress":"$AY$226","bodyAddress":"$AY$227:$AY$264","_name":"Потребление Т-Генерация  Жетысу"},"DB":{"_level":0,"parentID":"31674a10-fa56-4a35-b650-a297d2796ef0","firstParentID":"31674a10-fa56-4a35-b650-a297d2796ef0","ID":"9a6dca11-fbe2-454b-a4b3-f2d4d5b2661f","childs":{"прием":{"_level":1,"parentID":"9a6dca11-fbe2-454b-a4b3-f2d4d5b2661f","firstParentID":"31674a10-fa56-4a35-b650-a297d2796ef0","ID":"0d8ce770-ac14-449f-86ac-ca25e41b2de7","childs":{"код":{"_level":2,"parentID":"0d8ce770-ac14-449f-86ac-ca25e41b2de7","firstParentID":"31674a10-fa56-4a35-b650-a297d2796ef0","ID":"aae1eb85-792e-4f27-87d7-0c69eb857b08","childs":null,"emcosID":null,"emcosMLID":null,"codMaketTEP":null,"codTEP":null,"WSName":"DB","rangeAddress":"$HE$482:$HE$519","headAddress":"$HE$482","bodyAddress":"$HE$483:$HE$519","_name":"код"},"основное":{"_level":2,"parentID":"0d8ce770-ac14-449f-86ac-ca25e41b2de7","firstParentID":"31674a10-fa56-4a35-b650-a297d2796ef0","ID":"a42eb76b-025c-4153-90c2-6d91570999ef","childs":null,"emcosID":null,"emcosMLID":null,"codMaketTEP":null,"codTEP":null,"WSName":"DB","rangeAddress":"$HF$482:$HF$519","headAddress":"$HF$482","bodyAddress":"$HF$483:$HF$519","_name":"основное"},"корректировка факт":{"_level":2,"parentID":"0d8ce770-ac14-449f-86ac-ca25e41b2de7","firstParentID":"31674a10-fa56-4a35-b650-a297d2796ef0","ID":"5d993cd7-a761-4dca-ada7-2b309c8ef654","childs":null,"emcosID":null,"emcosMLID":null,"codMaketTEP":null,"codTEP":null,"WSName":"DB","rangeAddress":"$HG$482:$HG$519","headAddress":"$HG$482","bodyAddress":"$HG$483:$HG$519","_name":"корректировка факт"},"ручное":{"_level":2,"parentID":"0d8ce770-ac14-449f-86ac-ca25e41b2de7","firstParentID":"31674a10-fa56-4a35-b650-a297d2796ef0","ID":"92feb52e-0a62-47a0-a518-1335940f9497","childs":null,"emcosID":null,"emcosMLID":null,"codMaketTEP":null,"codTEP":null,"WSName":"DB","rangeAddress":"$HH$482:$HH$519","headAddress":"$HH$482","bodyAddress":"$HH$483:$HH$519","_name":"ручное"},"оперативное":{"_level":2,"parentID":"0d8ce770-ac14-449f-86ac-ca25e41b2de7","firstParentID":"31674a10-fa56-4a35-b650-a297d2796ef0","ID":"d87b61c1-9292-4381-a5be-3cc4174c3732","childs":null,"emcosID":null,"emcosMLID":null,"codMaketTEP":null,"codTEP":null,"WSName":"DB","rangeAddress":"$HI$482:$HI$519","headAddress":"$HI$482","bodyAddress":"$HI$483:$HI$519","_name":"оперативное"}},"emcosID":null,"emcosMLID":null,"codMaketTEP":null,"codTEP":null,"WSName":"DB","rangeAddress":"$HE$481:$HI$519","headAddress":"$HE$481:$HI$481","bodyAddress":"$HE$482:$HI$519","_name":"прием"}},"emcosID":null,"emcosMLID":null,"codMaketTEP":null,"codTEP":null,"WSName":"DB","rangeAddress":"$HE$480:$HI$519","headAddress":"$HE$480:$HI$480","bodyAddress":"$HE$481:$HI$519","_name":"Потребление Т-Генерация  Жетысу"}},"codPlan":null,"meterCoef":null,"_name":"Потребление Т-Генерация  Жетысу"}