{"ID":"331ef76a-eb9b-4f39-8934-e0181e0e1a98","childs":{"PS":{"_level":0,"parentID":"331ef76a-eb9b-4f39-8934-e0181e0e1a98","firstParentID":"331ef76a-eb9b-4f39-8934-e0181e0e1a98","ID":"90c6548e-4cfc-45cb-aab6-3fb6dc1d56ef","childs":{"прием":{"_level":1,"parentID":"90c6548e-4cfc-45cb-aab6-3fb6dc1d56ef","firstParentID":"331ef76a-eb9b-4f39-8934-e0181e0e1a98","ID":"327bd39a-f7ec-4346-8de5-96e9fb7262b8","childs":{"оперативное":{"_level":2,"parentID":"327bd39a-f7ec-4346-8de5-96e9fb7262b8","firstParentID":"331ef76a-eb9b-4f39-8934-e0181e0e1a98","ID":"e7192661-d2ab-41d1-b49a-08eab03c87cf","childs":null,"emcosID":null,"emcosMLID":null,"codMaketTEP":null,"codTEP":null,"WSName":"PS","rangeAddress":"$Q$228:$Q$264","headAddress":"$Q$228","bodyAddress":"$Q$229:$Q$264","_name":"оперативное"}},"emcosID":null,"emcosMLID":null,"codMaketTEP":1472,"codTEP":null,"WSName":"PS","rangeAddress":"$Q$227:$Q$264","headAddress":"$Q$227","bodyAddress":"$Q$228:$Q$264","_name":"прием"},"план":{"_level":1,"parentID":"90c6548e-4cfc-45cb-aab6-3fb6dc1d56ef","firstParentID":"331ef76a-eb9b-4f39-8934-e0181e0e1a98","ID":"1003394f-c929-41a1-b506-7f5d4fe36e8f","childs":{"заявка":{"_level":2,"parentID":"1003394f-c929-41a1-b506-7f5d4fe36e8f","firstParentID":"331ef76a-eb9b-4f39-8934-e0181e0e1a98","ID":"15d0f4f2-3fae-4636-99bd-8f7d92a60e89","childs":null,"emcosID":null,"emcosMLID":null,"codMaketTEP":null,"codTEP":null,"WSName":"PS","rangeAddress":"$R$228:$R$264","headAddress":"$R$228","bodyAddress":"$R$229:$R$264","_name":"заявка"}},"emcosID":null,"emcosMLID":null,"codMaketTEP":null,"codTEP":null,"WSName":"PS","rangeAddress":"$R$227:$R$264","headAddress":"$R$227","bodyAddress":"$R$228:$R$264","_name":"план"}},"emcosID":null,"emcosMLID":null,"codMaketTEP":null,"codTEP":null,"WSName":"PS","rangeAddress":"$Q$226:$R$264","headAddress":"$Q$226:$R$226","bodyAddress":"$Q$227:$R$264","_name":"Потребление Alfa Power Жетысу"},"DB":{"_level":0,"parentID":"331ef76a-eb9b-4f39-8934-e0181e0e1a98","firstParentID":"331ef76a-eb9b-4f39-8934-e0181e0e1a98","ID":"813939a9-ed3b-4f6c-a580-590e5bfc23e0","childs":{"прием":{"_level":1,"parentID":"813939a9-ed3b-4f6c-a580-590e5bfc23e0","firstParentID":"331ef76a-eb9b-4f39-8934-e0181e0e1a98","ID":"78779b4a-fd8a-44e3-91f9-e8708a133133","childs":{"код":{"_level":2,"parentID":"78779b4a-fd8a-44e3-91f9-e8708a133133","firstParentID":"331ef76a-eb9b-4f39-8934-e0181e0e1a98","ID":"46a4ffaa-c8ac-466e-a1b0-da3e86bb4b76","childs":null,"emcosID":null,"emcosMLID":null,"codMaketTEP":null,"codTEP":null,"WSName":"DB","rangeAddress":"$FA$396:$FA$433","headAddress":"$FA$396","bodyAddress":"$FA$397:$FA$433","_name":"код"},"основное":{"_level":2,"parentID":"78779b4a-fd8a-44e3-91f9-e8708a133133","firstParentID":"331ef76a-eb9b-4f39-8934-e0181e0e1a98","ID":"10fed840-18cb-47ec-87a2-911e860094c3","childs":null,"emcosID":null,"emcosMLID":null,"codMaketTEP":null,"codTEP":null,"WSName":"DB","rangeAddress":"$FB$396:$FB$433","headAddress":"$FB$396","bodyAddress":"$FB$397:$FB$433","_name":"основное"},"корректировка факт":{"_level":2,"parentID":"78779b4a-fd8a-44e3-91f9-e8708a133133","firstParentID":"331ef76a-eb9b-4f39-8934-e0181e0e1a98","ID":"92c3ab31-ed07-4e56-805e-906784bc385e","childs":null,"emcosID":null,"emcosMLID":null,"codMaketTEP":null,"codTEP":null,"WSName":"DB","rangeAddress":"$FC$396:$FC$433","headAddress":"$FC$396","bodyAddress":"$FC$397:$FC$433","_name":"корректировка факт"},"ручное":{"_level":2,"parentID":"78779b4a-fd8a-44e3-91f9-e8708a133133","firstParentID":"331ef76a-eb9b-4f39-8934-e0181e0e1a98","ID":"2a222797-fc9a-42c5-aaae-a344592ed04c","childs":null,"emcosID":null,"emcosMLID":null,"codMaketTEP":null,"codTEP":null,"WSName":"DB","rangeAddress":"$FD$396:$FD$433","headAddress":"$FD$396","bodyAddress":"$FD$397:$FD$433","_name":"ручное"},"оперативное":{"_level":2,"parentID":"78779b4a-fd8a-44e3-91f9-e8708a133133","firstParentID":"331ef76a-eb9b-4f39-8934-e0181e0e1a98","ID":"94177c1e-2305-489a-8014-34272a9c253a","childs":null,"emcosID":null,"emcosMLID":null,"codMaketTEP":null,"codTEP":null,"WSName":"DB","rangeAddress":"$FE$396:$FE$433","headAddress":"$FE$396","bodyAddress":"$FE$397:$FE$433","_name":"оперативное"},"по плану":{"_level":2,"parentID":"78779b4a-fd8a-44e3-91f9-e8708a133133","firstParentID":"331ef76a-eb9b-4f39-8934-e0181e0e1a98","ID":"48cbc267-10e1-43a7-8673-c280940cc88a","childs":null,"emcosID":null,"emcosMLID":null,"codMaketTEP":null,"codTEP":null,"WSName":"DB","rangeAddress":"$FF$396:$FF$433","headAddress":"$FF$396","bodyAddress":"$FF$397:$FF$433","_name":"по плану"}},"emcosID":null,"emcosMLID":null,"codMaketTEP":null,"codTEP":null,"WSName":"DB","rangeAddress":"$FA$395:$FF$433","headAddress":"$FA$395:$FF$395","bodyAddress":"$FA$396:$FF$433","_name":"прием"},"план":{"_level":1,"parentID":"813939a9-ed3b-4f6c-a580-590e5bfc23e0","firstParentID":"331ef76a-eb9b-4f39-8934-e0181e0e1a98","ID":"82dd2f7c-6ddd-4ee0-bc79-782f3334f9b2","childs":{"код":{"_level":2,"parentID":"82dd2f7c-6ddd-4ee0-bc79-782f3334f9b2","firstParentID":"331ef76a-eb9b-4f39-8934-e0181e0e1a98","ID":"5cb06660-c6df-452b-9120-4ddca1ba7f95","childs":null,"emcosID":null,"emcosMLID":null,"codMaketTEP":null,"codTEP":null,"WSName":"DB","rangeAddress":"$FG$396:$FG$433","headAddress":"$FG$396","bodyAddress":"$FG$397:$FG$433","_name":"код"},"основное":{"_level":2,"parentID":"82dd2f7c-6ddd-4ee0-bc79-782f3334f9b2","firstParentID":"331ef76a-eb9b-4f39-8934-e0181e0e1a98","ID":"87cc473a-d2ad-4f80-95ab-2082ee8fddce","childs":null,"emcosID":null,"emcosMLID":null,"codMaketTEP":null,"codTEP":null,"WSName":"DB","rangeAddress":"$FH$396:$FH$433","headAddress":"$FH$396","bodyAddress":"$FH$397:$FH$433","_name":"основное"},"заявка":{"_level":2,"parentID":"82dd2f7c-6ddd-4ee0-bc79-782f3334f9b2","firstParentID":"331ef76a-eb9b-4f39-8934-e0181e0e1a98","ID":"4252b169-abb6-4f27-99e7-eff695cb90b4","childs":null,"emcosID":null,"emcosMLID":null,"codMaketTEP":null,"codTEP":null,"WSName":"DB","rangeAddress":"$FI$396:$FI$433","headAddress":"$FI$396","bodyAddress":"$FI$397:$FI$433","_name":"заявка"},"утвержденный":{"_level":2,"parentID":"82dd2f7c-6ddd-4ee0-bc79-782f3334f9b2","firstParentID":"331ef76a-eb9b-4f39-8934-e0181e0e1a98","ID":"b325364e-69af-48e1-aa39-88c805e782ca","childs":null,"emcosID":null,"emcosMLID":null,"codMaketTEP":null,"codTEP":null,"WSName":"DB","rangeAddress":"$FJ$396:$FJ$433","headAddress":"$FJ$396","bodyAddress":"$FJ$397:$FJ$433","_name":"утвержденный"},"корректировка":{"_level":2,"parentID":"82dd2f7c-6ddd-4ee0-bc79-782f3334f9b2","firstParentID":"331ef76a-eb9b-4f39-8934-e0181e0e1a98","ID":"dbf2963b-c344-4780-97e2-ec1d4a8e3dc2","childs":null,"emcosID":null,"emcosMLID":null,"codMaketTEP":null,"codTEP":null,"WSName":"DB","rangeAddress":"$FK$396:$FK$433","headAddress":"$FK$396","bodyAddress":"$FK$397:$FK$433","_name":"корректировка"}},"emcosID":null,"emcosMLID":null,"codMaketTEP":null,"codTEP":null,"WSName":"DB","rangeAddress":"$FG$395:$FK$433","headAddress":"$FG$395:$FK$395","bodyAddress":"$FG$396:$FK$433","_name":"план"}},"emcosID":null,"emcosMLID":null,"codMaketTEP":null,"codTEP":null,"WSName":"DB","rangeAddress":"$FA$394:$FK$433","headAddress":"$FA$394:$FK$394","bodyAddress":"$FA$395:$FK$433","_name":"Потребление Alfa Power Жетысу"}},"codPlan":120,"meterCoef":null,"_name":"Потребление Alfa Power Жетысу"}