{"ID":"6631b0d4-51ff-43da-9a05-28137e5bcfe9","childs":{"PS":{"_level":0,"parentID":"6631b0d4-51ff-43da-9a05-28137e5bcfe9","firstParentID":"6631b0d4-51ff-43da-9a05-28137e5bcfe9","ID":"58f07afe-ddfd-46c9-bcb6-27787d596f48","childs":{"прием":{"_level":1,"parentID":"58f07afe-ddfd-46c9-bcb6-27787d596f48","firstParentID":"6631b0d4-51ff-43da-9a05-28137e5bcfe9","ID":"edf6a054-2b00-455b-a48b-b34890a01a92","childs":{"оперативное":{"_level":2,"parentID":"edf6a054-2b00-455b-a48b-b34890a01a92","firstParentID":"6631b0d4-51ff-43da-9a05-28137e5bcfe9","ID":"9077fb72-58a2-4de6-b188-5fd3b48890ac","childs":null,"emcosID":null,"emcosMLID":null,"codMaketTEP":null,"codTEP":null,"WSName":"PS","rangeAddress":"$U$228:$U$264","headAddress":"$U$228","bodyAddress":"$U$229:$U$264","_name":"оперативное"}},"emcosID":null,"emcosMLID":null,"codMaketTEP":1446,"codTEP":null,"WSName":"PS","rangeAddress":"$U$227:$U$264","headAddress":"$U$227","bodyAddress":"$U$228:$U$264","_name":"прием"},"план":{"_level":1,"parentID":"58f07afe-ddfd-46c9-bcb6-27787d596f48","firstParentID":"6631b0d4-51ff-43da-9a05-28137e5bcfe9","ID":"bb42578e-0831-4e2d-8891-51374411d111","childs":{"заявка":{"_level":2,"parentID":"bb42578e-0831-4e2d-8891-51374411d111","firstParentID":"6631b0d4-51ff-43da-9a05-28137e5bcfe9","ID":"29507854-2e88-4011-bf57-a4c72568bc07","childs":null,"emcosID":null,"emcosMLID":null,"codMaketTEP":null,"codTEP":null,"WSName":"PS","rangeAddress":"$V$228:$V$264","headAddress":"$V$228","bodyAddress":"$V$229:$V$264","_name":"заявка"}},"emcosID":null,"emcosMLID":null,"codMaketTEP":null,"codTEP":null,"WSName":"PS","rangeAddress":"$V$227:$V$264","headAddress":"$V$227","bodyAddress":"$V$228:$V$264","_name":"план"}},"emcosID":null,"emcosMLID":null,"codMaketTEP":null,"codTEP":null,"WSName":"PS","rangeAddress":"$U$226:$V$264","headAddress":"$U$226:$V$226","bodyAddress":"$U$227:$V$264","_name":"Потребление Мангыстау Энерго Сату"},"DB":{"_level":0,"parentID":"6631b0d4-51ff-43da-9a05-28137e5bcfe9","firstParentID":"6631b0d4-51ff-43da-9a05-28137e5bcfe9","ID":"8394cfe1-8f73-40b5-a7c7-40344f9fae30","childs":{"прием":{"_level":1,"parentID":"8394cfe1-8f73-40b5-a7c7-40344f9fae30","firstParentID":"6631b0d4-51ff-43da-9a05-28137e5bcfe9","ID":"6998b8b3-3f22-4b98-9689-10f2d153e781","childs":{"код":{"_level":2,"parentID":"6998b8b3-3f22-4b98-9689-10f2d153e781","firstParentID":"6631b0d4-51ff-43da-9a05-28137e5bcfe9","ID":"b1af76b6-b7a8-447f-a420-768c0f8b18ca","childs":null,"emcosID":null,"emcosMLID":null,"codMaketTEP":null,"codTEP":null,"WSName":"DB","rangeAddress":"$FW$396:$FW$433","headAddress":"$FW$396","bodyAddress":"$FW$397:$FW$433","_name":"код"},"основное":{"_level":2,"parentID":"6998b8b3-3f22-4b98-9689-10f2d153e781","firstParentID":"6631b0d4-51ff-43da-9a05-28137e5bcfe9","ID":"8e7b51f0-54b3-48d0-aaeb-1a7b644f6a9a","childs":null,"emcosID":null,"emcosMLID":null,"codMaketTEP":null,"codTEP":null,"WSName":"DB","rangeAddress":"$FX$396:$FX$433","headAddress":"$FX$396","bodyAddress":"$FX$397:$FX$433","_name":"основное"},"корректировка факт":{"_level":2,"parentID":"6998b8b3-3f22-4b98-9689-10f2d153e781","firstParentID":"6631b0d4-51ff-43da-9a05-28137e5bcfe9","ID":"bd499734-a8aa-434f-bd9d-7cd116823ebb","childs":null,"emcosID":null,"emcosMLID":null,"codMaketTEP":null,"codTEP":null,"WSName":"DB","rangeAddress":"$FY$396:$FY$433","headAddress":"$FY$396","bodyAddress":"$FY$397:$FY$433","_name":"корректировка факт"},"ручное":{"_level":2,"parentID":"6998b8b3-3f22-4b98-9689-10f2d153e781","firstParentID":"6631b0d4-51ff-43da-9a05-28137e5bcfe9","ID":"c487393b-edce-4dbc-83be-5baee26c7f10","childs":null,"emcosID":null,"emcosMLID":null,"codMaketTEP":null,"codTEP":null,"WSName":"DB","rangeAddress":"$FZ$396:$FZ$433","headAddress":"$FZ$396","bodyAddress":"$FZ$397:$FZ$433","_name":"ручное"},"оперативное":{"_level":2,"parentID":"6998b8b3-3f22-4b98-9689-10f2d153e781","firstParentID":"6631b0d4-51ff-43da-9a05-28137e5bcfe9","ID":"0080feea-8aa4-404e-bdb7-c22e9e3cd272","childs":null,"emcosID":null,"emcosMLID":null,"codMaketTEP":null,"codTEP":null,"WSName":"DB","rangeAddress":"$GA$396:$GA$433","headAddress":"$GA$396","bodyAddress":"$GA$397:$GA$433","_name":"оперативное"},"по плану":{"_level":2,"parentID":"6998b8b3-3f22-4b98-9689-10f2d153e781","firstParentID":"6631b0d4-51ff-43da-9a05-28137e5bcfe9","ID":"3b847b96-bbbd-4725-b1dd-de4ee32f6dd8","childs":null,"emcosID":null,"emcosMLID":null,"codMaketTEP":null,"codTEP":null,"WSName":"DB","rangeAddress":"$GB$396:$GB$433","headAddress":"$GB$396","bodyAddress":"$GB$397:$GB$433","_name":"по плану"}},"emcosID":null,"emcosMLID":null,"codMaketTEP":null,"codTEP":null,"WSName":"DB","rangeAddress":"$FW$395:$GB$433","headAddress":"$FW$395:$GB$395","bodyAddress":"$FW$396:$GB$433","_name":"прием"},"план":{"_level":1,"parentID":"8394cfe1-8f73-40b5-a7c7-40344f9fae30","firstParentID":"6631b0d4-51ff-43da-9a05-28137e5bcfe9","ID":"821ac1c8-e453-4bd1-b4a3-3639b9826eaf","childs":{"код":{"_level":2,"parentID":"821ac1c8-e453-4bd1-b4a3-3639b9826eaf","firstParentID":"6631b0d4-51ff-43da-9a05-28137e5bcfe9","ID":"b6c27be8-e846-4db5-b2d8-2c6dc316927d","childs":null,"emcosID":null,"emcosMLID":null,"codMaketTEP":null,"codTEP":null,"WSName":"DB","rangeAddress":"$GC$396:$GC$433","headAddress":"$GC$396","bodyAddress":"$GC$397:$GC$433","_name":"код"},"основное":{"_level":2,"parentID":"821ac1c8-e453-4bd1-b4a3-3639b9826eaf","firstParentID":"6631b0d4-51ff-43da-9a05-28137e5bcfe9","ID":"19e773fd-f8cc-420c-a7db-bb24dd6bbd20","childs":null,"emcosID":null,"emcosMLID":null,"codMaketTEP":null,"codTEP":null,"WSName":"DB","rangeAddress":"$GD$396:$GD$433","headAddress":"$GD$396","bodyAddress":"$GD$397:$GD$433","_name":"основное"},"заявка":{"_level":2,"parentID":"821ac1c8-e453-4bd1-b4a3-3639b9826eaf","firstParentID":"6631b0d4-51ff-43da-9a05-28137e5bcfe9","ID":"c84ce394-1a4a-4614-8acb-2efa7dc61de3","childs":null,"emcosID":null,"emcosMLID":null,"codMaketTEP":null,"codTEP":null,"WSName":"DB","rangeAddress":"$GE$396:$GE$433","headAddress":"$GE$396","bodyAddress":"$GE$397:$GE$433","_name":"заявка"},"утвержденный":{"_level":2,"parentID":"821ac1c8-e453-4bd1-b4a3-3639b9826eaf","firstParentID":"6631b0d4-51ff-43da-9a05-28137e5bcfe9","ID":"7c8cbbc2-2ebb-4a5a-a256-21de2cb938ff","childs":null,"emcosID":null,"emcosMLID":null,"codMaketTEP":null,"codTEP":null,"WSName":"DB","rangeAddress":"$GF$396:$GF$433","headAddress":"$GF$396","bodyAddress":"$GF$397:$GF$433","_name":"утвержденный"},"корректировка":{"_level":2,"parentID":"821ac1c8-e453-4bd1-b4a3-3639b9826eaf","firstParentID":"6631b0d4-51ff-43da-9a05-28137e5bcfe9","ID":"c0f5f9a5-350e-4e5d-b84e-639957428b19","childs":null,"emcosID":null,"emcosMLID":null,"codMaketTEP":null,"codTEP":null,"WSName":"DB","rangeAddress":"$GG$396:$GG$433","headAddress":"$GG$396","bodyAddress":"$GG$397:$GG$433","_name":"корректировка"}},"emcosID":null,"emcosMLID":null,"codMaketTEP":null,"codTEP":null,"WSName":"DB","rangeAddress":"$GC$395:$GG$433","headAddress":"$GC$395:$GG$395","bodyAddress":"$GC$396:$GG$433","_name":"план"}},"emcosID":null,"emcosMLID":null,"codMaketTEP":null,"codTEP":null,"WSName":"DB","rangeAddress":"$FW$394:$GG$433","headAddress":"$FW$394:$GG$394","bodyAddress":"$FW$395:$GG$433","_name":"Потребление Мангыстау Энерго Сату"}},"codPlan":45,"meterCoef":null,"_name":"Потребление Мангыстау Энерго Сату"}