{"ID":"7f572749-7605-4bfa-9f58-8e2bbd198321","childs":{"PS":{"_level":0,"parentID":"7f572749-7605-4bfa-9f58-8e2bbd198321","firstParentID":"7f572749-7605-4bfa-9f58-8e2bbd198321","ID":"2fd8d29c-e5fe-488c-945a-ef4de54dd922","childs":{"отдача":{"_level":1,"parentID":"2fd8d29c-e5fe-488c-945a-ef4de54dd922","firstParentID":"7f572749-7605-4bfa-9f58-8e2bbd198321","ID":"80e0310a-68c1-4c55-8cde-168a3ff46549","childs":{"оперативное":{"_level":2,"parentID":"80e0310a-68c1-4c55-8cde-168a3ff46549","firstParentID":"7f572749-7605-4bfa-9f58-8e2bbd198321","ID":"bfa7c3b1-bb38-4a45-af58-ada6c8bc6c00","childs":null,"emcosID":null,"emcosMLID":null,"codMaketTEP":null,"codTEP":null,"WSName":"PS","rangeAddress":"$EF$185:$EF$221","headAddress":"$EF$185","bodyAddress":"$EF$186:$EF$221","_name":"оперативное"}},"emcosID":null,"emcosMLID":null,"codMaketTEP":1365,"codTEP":null,"WSName":"PS","rangeAddress":"$EF$184:$EF$221","headAddress":"$EF$184","bodyAddress":"$EF$185:$EF$221","_name":"отдача"},"план":{"_level":1,"parentID":"2fd8d29c-e5fe-488c-945a-ef4de54dd922","firstParentID":"7f572749-7605-4bfa-9f58-8e2bbd198321","ID":"bc53b360-0368-4ed1-ba9b-d5a25ecac55a","childs":{"заявка":{"_level":2,"parentID":"bc53b360-0368-4ed1-ba9b-d5a25ecac55a","firstParentID":"7f572749-7605-4bfa-9f58-8e2bbd198321","ID":"58a85622-0539-4fbe-923c-c36dbd114fb2","childs":null,"emcosID":null,"emcosMLID":null,"codMaketTEP":null,"codTEP":null,"WSName":"PS","rangeAddress":"$EG$185:$EG$221","headAddress":"$EG$185","bodyAddress":"$EG$186:$EG$221","_name":"заявка"}},"emcosID":null,"emcosMLID":null,"codMaketTEP":null,"codTEP":null,"WSName":"PS","rangeAddress":"$EG$184:$EG$221","headAddress":"$EG$184","bodyAddress":"$EG$185:$EG$221","_name":"план"}},"emcosID":null,"emcosMLID":null,"codMaketTEP":null,"codTEP":null,"WSName":"PS","rangeAddress":"$EF$183:$EG$221","headAddress":"$EF$183:$EG$183","bodyAddress":"$EF$184:$EG$221","_name":"Генерация ВЭС Шелек Самрук Грин Энерджи"},"DB":{"_level":0,"parentID":"7f572749-7605-4bfa-9f58-8e2bbd198321","firstParentID":"7f572749-7605-4bfa-9f58-8e2bbd198321","ID":"90a394c8-9214-484c-9f73-1773397de248","childs":{"отдача":{"_level":1,"parentID":"90a394c8-9214-484c-9f73-1773397de248","firstParentID":"7f572749-7605-4bfa-9f58-8e2bbd198321","ID":"4c028612-2661-451e-9ef3-e416b7d0bf5c","childs":{"код":{"_level":2,"parentID":"4c028612-2661-451e-9ef3-e416b7d0bf5c","firstParentID":"7f572749-7605-4bfa-9f58-8e2bbd198321","ID":"6832e6da-3242-4f87-bee7-02bb53f5e290","childs":null,"emcosID":null,"emcosMLID":null,"codMaketTEP":null,"codTEP":null,"WSName":"DB","rangeAddress":"$GI$267:$GI$304","headAddress":"$GI$267","bodyAddress":"$GI$268:$GI$304","_name":"код"},"основное":{"_level":2,"parentID":"4c028612-2661-451e-9ef3-e416b7d0bf5c","firstParentID":"7f572749-7605-4bfa-9f58-8e2bbd198321","ID":"7bde5bfc-94f9-4077-9b4b-90779c153604","childs":null,"emcosID":null,"emcosMLID":null,"codMaketTEP":null,"codTEP":null,"WSName":"DB","rangeAddress":"$GJ$267:$GJ$304","headAddress":"$GJ$267","bodyAddress":"$GJ$268:$GJ$304","_name":"основное"},"корректировка факт":{"_level":2,"parentID":"4c028612-2661-451e-9ef3-e416b7d0bf5c","firstParentID":"7f572749-7605-4bfa-9f58-8e2bbd198321","ID":"b37ce055-dafb-4316-a818-1551c88e8317","childs":null,"emcosID":null,"emcosMLID":null,"codMaketTEP":null,"codTEP":null,"WSName":"DB","rangeAddress":"$GK$267:$GK$304","headAddress":"$GK$267","bodyAddress":"$GK$268:$GK$304","_name":"корректировка факт"},"ручное":{"_level":2,"parentID":"4c028612-2661-451e-9ef3-e416b7d0bf5c","firstParentID":"7f572749-7605-4bfa-9f58-8e2bbd198321","ID":"ab0b2559-d523-4d57-8def-c83533c1f025","childs":null,"emcosID":null,"emcosMLID":null,"codMaketTEP":null,"codTEP":null,"WSName":"DB","rangeAddress":"$GL$267:$GL$304","headAddress":"$GL$267","bodyAddress":"$GL$268:$GL$304","_name":"ручное"},"оперативное":{"_level":2,"parentID":"4c028612-2661-451e-9ef3-e416b7d0bf5c","firstParentID":"7f572749-7605-4bfa-9f58-8e2bbd198321","ID":"189ec82f-1157-44d2-8ef9-85e0d2e698ac","childs":null,"emcosID":null,"emcosMLID":null,"codMaketTEP":null,"codTEP":null,"WSName":"DB","rangeAddress":"$GM$267:$GM$304","headAddress":"$GM$267","bodyAddress":"$GM$268:$GM$304","_name":"оперативное"},"по плану":{"_level":2,"parentID":"4c028612-2661-451e-9ef3-e416b7d0bf5c","firstParentID":"7f572749-7605-4bfa-9f58-8e2bbd198321","ID":"64cf25f1-aec5-473c-84ba-d361e7b85af8","childs":null,"emcosID":null,"emcosMLID":null,"codMaketTEP":null,"codTEP":null,"WSName":"DB","rangeAddress":"$GN$267:$GN$304","headAddress":"$GN$267","bodyAddress":"$GN$268:$GN$304","_name":"по плану"}},"emcosID":null,"emcosMLID":null,"codMaketTEP":null,"codTEP":null,"WSName":"DB","rangeAddress":"$GI$266:$GN$304","headAddress":"$GI$266:$GN$266","bodyAddress":"$GI$267:$GN$304","_name":"отдача"},"план":{"_level":1,"parentID":"90a394c8-9214-484c-9f73-1773397de248","firstParentID":"7f572749-7605-4bfa-9f58-8e2bbd198321","ID":"cd16d586-989d-4f3e-bf40-654ab76c2c96","childs":{"код":{"_level":2,"parentID":"cd16d586-989d-4f3e-bf40-654ab76c2c96","firstParentID":"7f572749-7605-4bfa-9f58-8e2bbd198321","ID":"62894612-8efc-4d14-9acd-680535f10f4c","childs":null,"emcosID":null,"emcosMLID":null,"codMaketTEP":null,"codTEP":null,"WSName":"DB","rangeAddress":"$GO$267:$GO$304","headAddress":"$GO$267","bodyAddress":"$GO$268:$GO$304","_name":"код"},"основное":{"_level":2,"parentID":"cd16d586-989d-4f3e-bf40-654ab76c2c96","firstParentID":"7f572749-7605-4bfa-9f58-8e2bbd198321","ID":"dd279d17-7c41-4496-97e4-d05e227e4e8b","childs":null,"emcosID":null,"emcosMLID":null,"codMaketTEP":null,"codTEP":null,"WSName":"DB","rangeAddress":"$GP$267:$GP$304","headAddress":"$GP$267","bodyAddress":"$GP$268:$GP$304","_name":"основное"},"заявка":{"_level":2,"parentID":"cd16d586-989d-4f3e-bf40-654ab76c2c96","firstParentID":"7f572749-7605-4bfa-9f58-8e2bbd198321","ID":"a5a1945a-5062-40d6-8a1d-2fb24979a9a1","childs":null,"emcosID":null,"emcosMLID":null,"codMaketTEP":null,"codTEP":null,"WSName":"DB","rangeAddress":"$GQ$267:$GQ$304","headAddress":"$GQ$267","bodyAddress":"$GQ$268:$GQ$304","_name":"заявка"},"утвержденный":{"_level":2,"parentID":"cd16d586-989d-4f3e-bf40-654ab76c2c96","firstParentID":"7f572749-7605-4bfa-9f58-8e2bbd198321","ID":"ababa5e9-4c81-462e-ab29-a7a17b018648","childs":null,"emcosID":null,"emcosMLID":null,"codMaketTEP":null,"codTEP":null,"WSName":"DB","rangeAddress":"$GR$267:$GR$304","headAddress":"$GR$267","bodyAddress":"$GR$268:$GR$304","_name":"утвержденный"},"корректировка":{"_level":2,"parentID":"cd16d586-989d-4f3e-bf40-654ab76c2c96","firstParentID":"7f572749-7605-4bfa-9f58-8e2bbd198321","ID":"0c124aaf-7621-402e-bc8d-76dc74979db7","childs":null,"emcosID":null,"emcosMLID":null,"codMaketTEP":null,"codTEP":null,"WSName":"DB","rangeAddress":"$GS$267:$GS$304","headAddress":"$GS$267","bodyAddress":"$GS$268:$GS$304","_name":"корректировка"}},"emcosID":null,"emcosMLID":null,"codMaketTEP":null,"codTEP":null,"WSName":"DB","rangeAddress":"$GO$266:$GS$304","headAddress":"$GO$266:$GS$266","bodyAddress":"$GO$267:$GS$304","_name":"план"}},"emcosID":null,"emcosMLID":null,"codMaketTEP":null,"codTEP":null,"WSName":"DB","rangeAddress":"$GI$265:$GS$304","headAddress":"$GI$265:$GS$265","bodyAddress":"$GI$266:$GS$304","_name":"Генерация ВЭС Шелек Самрук Грин Энерджи"}},"codPlan":131,"meterCoef":null,"_name":"Генерация ВЭС Шелек Самрук Грин Энерджи"}