{"ID":"85d8e410-bde4-4423-ae3c-2f988050b22b","childs":{"PS":{"_level":0,"parentID":"85d8e410-bde4-4423-ae3c-2f988050b22b","firstParentID":"85d8e410-bde4-4423-ae3c-2f988050b22b","ID":"b40b55d8-ba44-46bf-86be-56cb54ceb156","childs":{"отдача":{"_level":1,"parentID":"b40b55d8-ba44-46bf-86be-56cb54ceb156","firstParentID":"85d8e410-bde4-4423-ae3c-2f988050b22b","ID":"f1d89ab1-9366-4b12-b6f6-a50c0c0f2596","childs":{"формула":{"_level":2,"parentID":"f1d89ab1-9366-4b12-b6f6-a50c0c0f2596","firstParentID":"85d8e410-bde4-4423-ae3c-2f988050b22b","ID":"a3579e82-93e5-4988-9b5f-19201e5c4da9","childs":null,"emcosID":null,"emcosMLID":null,"codMaketTEP":null,"codTEP":null,"WSName":"PS","rangeAddress":"$CD$228:$CD$264","headAddress":"$CD$228","bodyAddress":"$CD$229:$CD$264","_name":"формула"}},"emcosID":null,"emcosMLID":null,"codMaketTEP":1416,"codTEP":null,"WSName":"PS","rangeAddress":"$CD$227:$CD$264","headAddress":"$CD$227","bodyAddress":"$CD$228:$CD$264","_name":"отдача"}},"emcosID":null,"emcosMLID":null,"codMaketTEP":null,"codTEP":null,"WSName":"PS","rangeAddress":"$CD$226:$CD$264","headAddress":"$CD$226","bodyAddress":"$CD$227:$CD$264","_name":"Генерация Успеновская ГЭС"},"DB":{"_level":0,"parentID":"85d8e410-bde4-4423-ae3c-2f988050b22b","firstParentID":"85d8e410-bde4-4423-ae3c-2f988050b22b","ID":"1b063fea-3d7d-46b4-9951-34cef12d954d","childs":{"отдача":{"_level":1,"parentID":"1b063fea-3d7d-46b4-9951-34cef12d954d","firstParentID":"85d8e410-bde4-4423-ae3c-2f988050b22b","ID":"1aa859a8-f31b-4a7f-ae18-56d9473fa136","childs":{"код":{"_level":2,"parentID":"1aa859a8-f31b-4a7f-ae18-56d9473fa136","firstParentID":"85d8e410-bde4-4423-ae3c-2f988050b22b","ID":"527fac6a-36df-4ad0-a342-ee528a14f48c","childs":null,"emcosID":null,"emcosMLID":null,"codMaketTEP":null,"codTEP":null,"WSName":"DB","rangeAddress":"$L$52:$L$89","headAddress":"$L$52","bodyAddress":"$L$53:$L$89","_name":"код"},"основное":{"_level":2,"parentID":"1aa859a8-f31b-4a7f-ae18-56d9473fa136","firstParentID":"85d8e410-bde4-4423-ae3c-2f988050b22b","ID":"cdbb28dd-e61b-484b-bd5c-79b53de10b20","childs":null,"emcosID":null,"emcosMLID":null,"codMaketTEP":null,"codTEP":null,"WSName":"DB","rangeAddress":"$M$52:$M$89","headAddress":"$M$52","bodyAddress":"$M$53:$M$89","_name":"основное"},"корректировка факт":{"_level":2,"parentID":"1aa859a8-f31b-4a7f-ae18-56d9473fa136","firstParentID":"85d8e410-bde4-4423-ae3c-2f988050b22b","ID":"ad5aef36-6b60-4ec9-87ab-d7b57993a07e","childs":null,"emcosID":null,"emcosMLID":null,"codMaketTEP":null,"codTEP":null,"WSName":"DB","rangeAddress":"$N$52:$N$89","headAddress":"$N$52","bodyAddress":"$N$53:$N$89","_name":"корректировка факт"},"ручное":{"_level":2,"parentID":"1aa859a8-f31b-4a7f-ae18-56d9473fa136","firstParentID":"85d8e410-bde4-4423-ae3c-2f988050b22b","ID":"d2b21f51-df7d-4f41-b1ec-c713f3dcdd42","childs":null,"emcosID":null,"emcosMLID":null,"codMaketTEP":null,"codTEP":null,"WSName":"DB","rangeAddress":"$O$52:$O$89","headAddress":"$O$52","bodyAddress":"$O$53:$O$89","_name":"ручное"},"формула":{"_level":2,"parentID":"1aa859a8-f31b-4a7f-ae18-56d9473fa136","firstParentID":"85d8e410-bde4-4423-ae3c-2f988050b22b","ID":"2958c598-240c-4229-a668-e7df7d51c0d1","childs":null,"emcosID":null,"emcosMLID":null,"codMaketTEP":null,"codTEP":null,"WSName":"DB","rangeAddress":"$P$52:$P$89","headAddress":"$P$52","bodyAddress":"$P$53:$P$89","_name":"формула"}},"emcosID":null,"emcosMLID":null,"codMaketTEP":null,"codTEP":null,"WSName":"DB","rangeAddress":"$L$51:$P$89","headAddress":"$L$51:$P$51","bodyAddress":"$L$52:$P$89","_name":"отдача"}},"emcosID":null,"emcosMLID":null,"codMaketTEP":null,"codTEP":null,"WSName":"DB","rangeAddress":"$L$50:$P$89","headAddress":"$L$50:$P$50","bodyAddress":"$L$51:$P$89","_name":"Генерация Успеновская ГЭС"}},"codPlan":null,"meterCoef":null,"_name":"Генерация Успеновская ГЭС"}