{"ID":"86f56f7a-216b-4d8e-8b0c-e7532edfada2","childs":{"PS":{"_level":0,"parentID":"86f56f7a-216b-4d8e-8b0c-e7532edfada2","firstParentID":"86f56f7a-216b-4d8e-8b0c-e7532edfada2","ID":"496de90e-a38e-43c5-924b-7b95b7079824","childs":{"прием":{"_level":1,"parentID":"496de90e-a38e-43c5-924b-7b95b7079824","firstParentID":"86f56f7a-216b-4d8e-8b0c-e7532edfada2","ID":"64a05ce5-d9b9-4278-9c91-5fdd28dff638","childs":{"оперативное":{"_level":2,"parentID":"64a05ce5-d9b9-4278-9c91-5fdd28dff638","firstParentID":"86f56f7a-216b-4d8e-8b0c-e7532edfada2","ID":"bae3bad2-5272-4e08-9c80-704f40090e94","childs":null,"emcosID":null,"emcosMLID":null,"codMaketTEP":null,"codTEP":null,"WSName":"PS","rangeAddress":"$BL$185:$BL$221","headAddress":"$BL$185","bodyAddress":"$BL$186:$BL$221","_name":"оперативное"}},"emcosID":null,"emcosMLID":null,"codMaketTEP":null,"codTEP":null,"WSName":"PS","rangeAddress":"$BL$184:$BL$221","headAddress":"$BL$184","bodyAddress":"$BL$185:$BL$221","_name":"прием"},"план":{"_level":1,"parentID":"496de90e-a38e-43c5-924b-7b95b7079824","firstParentID":"86f56f7a-216b-4d8e-8b0c-e7532edfada2","ID":"c0863d02-4e86-4a4b-92c7-bb61adefea5f","childs":{"заявка":{"_level":2,"parentID":"c0863d02-4e86-4a4b-92c7-bb61adefea5f","firstParentID":"86f56f7a-216b-4d8e-8b0c-e7532edfada2","ID":"b56d581a-e4f6-4396-bd30-31620104b935","childs":null,"emcosID":null,"emcosMLID":null,"codMaketTEP":null,"codTEP":null,"WSName":"PS","rangeAddress":"$BM$185:$BM$221","headAddress":"$BM$185","bodyAddress":"$BM$186:$BM$221","_name":"заявка"}},"emcosID":null,"emcosMLID":null,"codMaketTEP":null,"codTEP":null,"WSName":"PS","rangeAddress":"$BM$184:$BM$221","headAddress":"$BM$184","bodyAddress":"$BM$185:$BM$221","_name":"план"}},"emcosID":null,"emcosMLID":null,"codMaketTEP":null,"codTEP":null,"WSName":"PS","rangeAddress":"$BL$183:$BM$221","headAddress":"$BL$183:$BM$183","bodyAddress":"$BL$184:$BM$221","_name":"Потребление в границах АЖК"},"DB":{"_level":0,"parentID":"86f56f7a-216b-4d8e-8b0c-e7532edfada2","firstParentID":"86f56f7a-216b-4d8e-8b0c-e7532edfada2","ID":"de0a79f1-e46a-4528-ad85-6b1a36d1d835","childs":{"прием":{"_level":1,"parentID":"de0a79f1-e46a-4528-ad85-6b1a36d1d835","firstParentID":"86f56f7a-216b-4d8e-8b0c-e7532edfada2","ID":"c1f33fd4-2df6-4605-9714-21a79e814879","childs":{"код":{"_level":2,"parentID":"c1f33fd4-2df6-4605-9714-21a79e814879","firstParentID":"86f56f7a-216b-4d8e-8b0c-e7532edfada2","ID":"c8084879-7650-43e4-ab6b-91462683ea9d","childs":null,"emcosID":null,"emcosMLID":null,"codMaketTEP":null,"codTEP":null,"WSName":"DB","rangeAddress":"$DB$439:$DB$476","headAddress":"$DB$439","bodyAddress":"$DB$440:$DB$476","_name":"код"},"основное":{"_level":2,"parentID":"c1f33fd4-2df6-4605-9714-21a79e814879","firstParentID":"86f56f7a-216b-4d8e-8b0c-e7532edfada2","ID":"a221024c-6fd7-42e7-88eb-6e18acf40862","childs":null,"emcosID":null,"emcosMLID":null,"codMaketTEP":null,"codTEP":null,"WSName":"DB","rangeAddress":"$DC$439:$DC$476","headAddress":"$DC$439","bodyAddress":"$DC$440:$DC$476","_name":"основное"},"корректировка факт":{"_level":2,"parentID":"c1f33fd4-2df6-4605-9714-21a79e814879","firstParentID":"86f56f7a-216b-4d8e-8b0c-e7532edfada2","ID":"6e5eaec7-7c20-4d31-8830-a39eeea9a051","childs":null,"emcosID":null,"emcosMLID":null,"codMaketTEP":null,"codTEP":null,"WSName":"DB","rangeAddress":"$DD$439:$DD$476","headAddress":"$DD$439","bodyAddress":"$DD$440:$DD$476","_name":"корректировка факт"},"ручное":{"_level":2,"parentID":"c1f33fd4-2df6-4605-9714-21a79e814879","firstParentID":"86f56f7a-216b-4d8e-8b0c-e7532edfada2","ID":"50fade47-996f-48f5-ae3b-afb69ca544d7","childs":null,"emcosID":null,"emcosMLID":null,"codMaketTEP":null,"codTEP":null,"WSName":"DB","rangeAddress":"$DE$439:$DE$476","headAddress":"$DE$439","bodyAddress":"$DE$440:$DE$476","_name":"ручное"},"по плану":{"_level":2,"parentID":"c1f33fd4-2df6-4605-9714-21a79e814879","firstParentID":"86f56f7a-216b-4d8e-8b0c-e7532edfada2","ID":"a5ff20ca-bba9-4bb4-aab5-3be381ecfee0","childs":null,"emcosID":null,"emcosMLID":null,"codMaketTEP":null,"codTEP":null,"WSName":"DB","rangeAddress":"$DF$439:$DF$476","headAddress":"$DF$439","bodyAddress":"$DF$440:$DF$476","_name":"по плану"},"оперативное":{"_level":2,"parentID":"c1f33fd4-2df6-4605-9714-21a79e814879","firstParentID":"86f56f7a-216b-4d8e-8b0c-e7532edfada2","ID":"5a50bd27-dbde-4da2-aba3-1978563868ba","childs":null,"emcosID":null,"emcosMLID":null,"codMaketTEP":null,"codTEP":null,"WSName":"DB","rangeAddress":"$DG$439:$DG$476","headAddress":"$DG$439","bodyAddress":"$DG$440:$DG$476","_name":"оперативное"}},"emcosID":null,"emcosMLID":null,"codMaketTEP":null,"codTEP":null,"WSName":"DB","rangeAddress":"$DB$438:$DG$476","headAddress":"$DB$438:$DG$438","bodyAddress":"$DB$439:$DG$476","_name":"прием"},"план":{"_level":1,"parentID":"de0a79f1-e46a-4528-ad85-6b1a36d1d835","firstParentID":"86f56f7a-216b-4d8e-8b0c-e7532edfada2","ID":"c17122f4-c7a5-4060-ae5d-2d6252a81c70","childs":{"код":{"_level":2,"parentID":"c17122f4-c7a5-4060-ae5d-2d6252a81c70","firstParentID":"86f56f7a-216b-4d8e-8b0c-e7532edfada2","ID":"96db4f93-98e5-4f47-b126-05bccea1e8dd","childs":null,"emcosID":null,"emcosMLID":null,"codMaketTEP":null,"codTEP":null,"WSName":"DB","rangeAddress":"$DH$439:$DH$476","headAddress":"$DH$439","bodyAddress":"$DH$440:$DH$476","_name":"код"},"основное":{"_level":2,"parentID":"c17122f4-c7a5-4060-ae5d-2d6252a81c70","firstParentID":"86f56f7a-216b-4d8e-8b0c-e7532edfada2","ID":"d107650d-69eb-41c2-945d-1db8e82cface","childs":null,"emcosID":null,"emcosMLID":null,"codMaketTEP":null,"codTEP":null,"WSName":"DB","rangeAddress":"$DI$439:$DI$476","headAddress":"$DI$439","bodyAddress":"$DI$440:$DI$476","_name":"основное"},"заявка":{"_level":2,"parentID":"c17122f4-c7a5-4060-ae5d-2d6252a81c70","firstParentID":"86f56f7a-216b-4d8e-8b0c-e7532edfada2","ID":"49e45656-04d4-49d5-88cc-0fd18d89a4da","childs":null,"emcosID":null,"emcosMLID":null,"codMaketTEP":null,"codTEP":null,"WSName":"DB","rangeAddress":"$DJ$439:$DJ$476","headAddress":"$DJ$439","bodyAddress":"$DJ$440:$DJ$476","_name":"заявка"},"утвержденный":{"_level":2,"parentID":"c17122f4-c7a5-4060-ae5d-2d6252a81c70","firstParentID":"86f56f7a-216b-4d8e-8b0c-e7532edfada2","ID":"1bfe0873-41a8-4893-b171-8b54c3582fa6","childs":null,"emcosID":null,"emcosMLID":null,"codMaketTEP":null,"codTEP":null,"WSName":"DB","rangeAddress":"$DK$439:$DK$476","headAddress":"$DK$439","bodyAddress":"$DK$440:$DK$476","_name":"утвержденный"},"корректировка":{"_level":2,"parentID":"c17122f4-c7a5-4060-ae5d-2d6252a81c70","firstParentID":"86f56f7a-216b-4d8e-8b0c-e7532edfada2","ID":"588f5f0a-229f-4191-960c-9dfd18dee604","childs":null,"emcosID":null,"emcosMLID":null,"codMaketTEP":null,"codTEP":null,"WSName":"DB","rangeAddress":"$DL$439:$DL$476","headAddress":"$DL$439","bodyAddress":"$DL$440:$DL$476","_name":"корректировка"}},"emcosID":null,"emcosMLID":null,"codMaketTEP":null,"codTEP":null,"WSName":"DB","rangeAddress":"$DH$438:$DL$476","headAddress":"$DH$438:$DL$438","bodyAddress":"$DH$439:$DL$476","_name":"план"}},"emcosID":null,"emcosMLID":null,"codMaketTEP":null,"codTEP":null,"WSName":"DB","rangeAddress":"$DB$437:$DL$476","headAddress":"$DB$437:$DL$437","bodyAddress":"$DB$438:$DL$476","_name":"Потребление в границах АЖК"}},"codPlan":5,"meterCoef":null,"_name":"Потребление в границах АЖК"}