{"ID":"9985bff0-66ac-40b5-ba5d-42841581c3a6","childs":{"PS":{"_level":0,"parentID":"9985bff0-66ac-40b5-ba5d-42841581c3a6","firstParentID":"9985bff0-66ac-40b5-ba5d-42841581c3a6","ID":"461819d3-697f-496d-bc7b-db4ce75eddef","childs":{"прием":{"_level":1,"parentID":"461819d3-697f-496d-bc7b-db4ce75eddef","firstParentID":"9985bff0-66ac-40b5-ba5d-42841581c3a6","ID":"96075726-7e39-4c6d-b03b-874a3702053c","childs":{"ручное":{"_level":2,"parentID":"96075726-7e39-4c6d-b03b-874a3702053c","firstParentID":"9985bff0-66ac-40b5-ba5d-42841581c3a6","ID":"c6158ae6-b8b1-4538-a16f-063bed2b1ba1","childs":null,"emcosID":null,"emcosMLID":null,"codMaketTEP":null,"codTEP":null,"WSName":"PS","rangeAddress":"$BY$228:$BY$264","headAddress":"$BY$228","bodyAddress":"$BY$229:$BY$264","_name":"ручное"}},"emcosID":null,"emcosMLID":null,"codMaketTEP":null,"codTEP":null,"WSName":"PS","rangeAddress":"$BY$227:$BY$264","headAddress":"$BY$227","bodyAddress":"$BY$228:$BY$264","_name":"прием"}},"emcosID":null,"emcosMLID":null,"codMaketTEP":null,"codTEP":null,"WSName":"PS","rangeAddress":"$BY$226:$BY$264","headAddress":"$BY$226","bodyAddress":"$BY$227:$BY$264","_name":"с.н. Антоновская ГЭС"},"DB":{"_level":0,"parentID":"9985bff0-66ac-40b5-ba5d-42841581c3a6","firstParentID":"9985bff0-66ac-40b5-ba5d-42841581c3a6","ID":"a1fee256-ed0d-43e3-a930-c5a57c34952d","childs":{"прием":{"_level":1,"parentID":"a1fee256-ed0d-43e3-a930-c5a57c34952d","firstParentID":"9985bff0-66ac-40b5-ba5d-42841581c3a6","ID":"a2e8b8cc-755a-43db-9f6f-f991ef45f626","childs":{"код":{"_level":2,"parentID":"a2e8b8cc-755a-43db-9f6f-f991ef45f626","firstParentID":"9985bff0-66ac-40b5-ba5d-42841581c3a6","ID":"932a1cd0-f3b1-4346-89f0-6ad2f0a9ad49","childs":null,"emcosID":null,"emcosMLID":null,"codMaketTEP":null,"codTEP":null,"WSName":"DB","rangeAddress":"$G$568:$G$605","headAddress":"$G$568","bodyAddress":"$G$569:$G$605","_name":"код"},"основное":{"_level":2,"parentID":"a2e8b8cc-755a-43db-9f6f-f991ef45f626","firstParentID":"9985bff0-66ac-40b5-ba5d-42841581c3a6","ID":"11b607d0-c793-43d9-a486-53803b964594","childs":null,"emcosID":null,"emcosMLID":null,"codMaketTEP":null,"codTEP":null,"WSName":"DB","rangeAddress":"$H$568:$H$605","headAddress":"$H$568","bodyAddress":"$H$569:$H$605","_name":"основное"},"корректировка факт":{"_level":2,"parentID":"a2e8b8cc-755a-43db-9f6f-f991ef45f626","firstParentID":"9985bff0-66ac-40b5-ba5d-42841581c3a6","ID":"96013604-35fd-4c8c-9118-b8d46931df5c","childs":null,"emcosID":null,"emcosMLID":null,"codMaketTEP":null,"codTEP":null,"WSName":"DB","rangeAddress":"$I$568:$I$605","headAddress":"$I$568","bodyAddress":"$I$569:$I$605","_name":"корректировка факт"},"ручное":{"_level":2,"parentID":"a2e8b8cc-755a-43db-9f6f-f991ef45f626","firstParentID":"9985bff0-66ac-40b5-ba5d-42841581c3a6","ID":"9b842e11-d849-4a9f-bfc2-e3d40d1db871","childs":null,"emcosID":null,"emcosMLID":null,"codMaketTEP":null,"codTEP":null,"WSName":"DB","rangeAddress":"$J$568:$J$605","headAddress":"$J$568","bodyAddress":"$J$569:$J$605","_name":"ручное"}},"emcosID":null,"emcosMLID":null,"codMaketTEP":null,"codTEP":null,"WSName":"DB","rangeAddress":"$G$567:$J$605","headAddress":"$G$567:$J$567","bodyAddress":"$G$568:$J$605","_name":"прием"}},"emcosID":null,"emcosMLID":null,"codMaketTEP":null,"codTEP":null,"WSName":"DB","rangeAddress":"$G$566:$J$605","headAddress":"$G$566:$J$566","bodyAddress":"$G$567:$J$605","_name":"с.н. Антоновская ГЭС"}},"codPlan":null,"meterCoef":null,"_name":"с.н. Антоновская ГЭС"}