{"ID":"99af7403-cd82-4f52-a3c9-4aed12f556f8","childs":{"PS":{"_level":0,"parentID":"99af7403-cd82-4f52-a3c9-4aed12f556f8","firstParentID":"99af7403-cd82-4f52-a3c9-4aed12f556f8","ID":"69383802-cca2-4927-b1b9-35d920d650f9","childs":{"прием":{"_level":1,"parentID":"69383802-cca2-4927-b1b9-35d920d650f9","firstParentID":"99af7403-cd82-4f52-a3c9-4aed12f556f8","ID":"073090a3-d093-4cd8-a6fc-61cf93c429de","childs":{"ручное":{"_level":2,"parentID":"073090a3-d093-4cd8-a6fc-61cf93c429de","firstParentID":"99af7403-cd82-4f52-a3c9-4aed12f556f8","ID":"f29d0c44-d2aa-41e7-9661-f908b808e6bc","childs":null,"emcosID":null,"emcosMLID":null,"codMaketTEP":null,"codTEP":null,"WSName":"PS","rangeAddress":"$BF$228:$BF$264","headAddress":"$BF$228","bodyAddress":"$BF$229:$BF$264","_name":"ручное"}},"emcosID":null,"emcosMLID":null,"codMaketTEP":1432,"codTEP":null,"WSName":"PS","rangeAddress":"$BF$227:$BF$264","headAddress":"$BF$227","bodyAddress":"$BF$228:$BF$264","_name":"прием"}},"emcosID":null,"emcosMLID":null,"codMaketTEP":null,"codTEP":null,"WSName":"PS","rangeAddress":"$BF$226:$BF$264","headAddress":"$BF$226","bodyAddress":"$BF$227:$BF$264","_name":"Потребление ЧК TT Tech Limited"},"DB":{"_level":0,"parentID":"99af7403-cd82-4f52-a3c9-4aed12f556f8","firstParentID":"99af7403-cd82-4f52-a3c9-4aed12f556f8","ID":"45294447-d5c8-4f18-83a8-1dacc3db6dbb","childs":{"прием":{"_level":1,"parentID":"45294447-d5c8-4f18-83a8-1dacc3db6dbb","firstParentID":"99af7403-cd82-4f52-a3c9-4aed12f556f8","ID":"f078e17a-f250-489b-9356-c0f78d5988b5","childs":{"код":{"_level":2,"parentID":"f078e17a-f250-489b-9356-c0f78d5988b5","firstParentID":"99af7403-cd82-4f52-a3c9-4aed12f556f8","ID":"d1e5e72b-0314-4170-b31f-4d084c23ae41","childs":null,"emcosID":null,"emcosMLID":null,"codMaketTEP":null,"codTEP":null,"WSName":"DB","rangeAddress":"$O$568:$O$605","headAddress":"$O$568","bodyAddress":"$O$569:$O$605","_name":"код"},"основное":{"_level":2,"parentID":"f078e17a-f250-489b-9356-c0f78d5988b5","firstParentID":"99af7403-cd82-4f52-a3c9-4aed12f556f8","ID":"dc3e0778-ebae-4c32-8c1a-663d9af3b7dd","childs":null,"emcosID":null,"emcosMLID":null,"codMaketTEP":null,"codTEP":null,"WSName":"DB","rangeAddress":"$P$568:$P$605","headAddress":"$P$568","bodyAddress":"$P$569:$P$605","_name":"основное"},"корректировка факт":{"_level":2,"parentID":"f078e17a-f250-489b-9356-c0f78d5988b5","firstParentID":"99af7403-cd82-4f52-a3c9-4aed12f556f8","ID":"e7159e4a-55c1-48aa-9329-d1f0f856c9e1","childs":null,"emcosID":null,"emcosMLID":null,"codMaketTEP":null,"codTEP":null,"WSName":"DB","rangeAddress":"$Q$568:$Q$605","headAddress":"$Q$568","bodyAddress":"$Q$569:$Q$605","_name":"корректировка факт"},"ручное":{"_level":2,"parentID":"f078e17a-f250-489b-9356-c0f78d5988b5","firstParentID":"99af7403-cd82-4f52-a3c9-4aed12f556f8","ID":"7ff17694-a882-483f-8acc-f85bbc6371ec","childs":null,"emcosID":null,"emcosMLID":null,"codMaketTEP":null,"codTEP":null,"WSName":"DB","rangeAddress":"$R$568:$R$605","headAddress":"$R$568","bodyAddress":"$R$569:$R$605","_name":"ручное"}},"emcosID":null,"emcosMLID":null,"codMaketTEP":null,"codTEP":null,"WSName":"DB","rangeAddress":"$O$567:$R$605","headAddress":"$O$567:$R$567","bodyAddress":"$O$568:$R$605","_name":"прием"}},"emcosID":null,"emcosMLID":null,"codMaketTEP":null,"codTEP":null,"WSName":"DB","rangeAddress":"$O$566:$R$605","headAddress":"$O$566:$R$566","bodyAddress":"$O$567:$R$605","_name":"Потребление ЧК TT Tech Limited"}},"codPlan":null,"meterCoef":null,"_name":"Потребление ЧК TT Tech Limited"}