{"ID":"b97139fc-5909-4254-bb57-dc33ac3c79d7","childs":{"PS":{"_level":0,"parentID":"b97139fc-5909-4254-bb57-dc33ac3c79d7","firstParentID":"b97139fc-5909-4254-bb57-dc33ac3c79d7","ID":"201f037c-9683-49f9-a5d4-fff20f4dafad","childs":{"прием":{"_level":1,"parentID":"201f037c-9683-49f9-a5d4-fff20f4dafad","firstParentID":"b97139fc-5909-4254-bb57-dc33ac3c79d7","ID":"998853b5-7f26-46c1-a083-e7bc7e4ede8b","childs":{"по плану":{"_level":2,"parentID":"998853b5-7f26-46c1-a083-e7bc7e4ede8b","firstParentID":"b97139fc-5909-4254-bb57-dc33ac3c79d7","ID":"db99842b-40ad-4833-be77-c7ca8b1dded0","childs":null,"emcosID":null,"emcosMLID":null,"codMaketTEP":null,"codTEP":null,"WSName":"PS","rangeAddress":"$AG$228:$AG$264","headAddress":"$AG$228","bodyAddress":"$AG$229:$AG$264","_name":"по плану"}},"emcosID":null,"emcosMLID":null,"codMaketTEP":1476,"codTEP":null,"WSName":"PS","rangeAddress":"$AG$227:$AG$264","headAddress":"$AG$227","bodyAddress":"$AG$228:$AG$264","_name":"прием"},"план":{"_level":1,"parentID":"201f037c-9683-49f9-a5d4-fff20f4dafad","firstParentID":"b97139fc-5909-4254-bb57-dc33ac3c79d7","ID":"f9208925-e20b-4885-bb18-f92aae407047","childs":{"заявка":{"_level":2,"parentID":"f9208925-e20b-4885-bb18-f92aae407047","firstParentID":"b97139fc-5909-4254-bb57-dc33ac3c79d7","ID":"21012b64-8a90-4f2c-b4b2-4b8f3e1ddcb0","childs":null,"emcosID":null,"emcosMLID":null,"codMaketTEP":null,"codTEP":null,"WSName":"PS","rangeAddress":"$AH$228:$AH$264","headAddress":"$AH$228","bodyAddress":"$AH$229:$AH$264","_name":"заявка"}},"emcosID":null,"emcosMLID":null,"codMaketTEP":null,"codTEP":null,"WSName":"PS","rangeAddress":"$AH$227:$AH$264","headAddress":"$AH$227","bodyAddress":"$AH$228:$AH$264","_name":"план"}},"emcosID":null,"emcosMLID":null,"codMaketTEP":null,"codTEP":null,"WSName":"PS","rangeAddress":"$AG$226:$AH$264","headAddress":"$AG$226:$AH$226","bodyAddress":"$AG$227:$AH$264","_name":"ДМС потери КТЖ Жетысу"},"DB":{"_level":0,"parentID":"b97139fc-5909-4254-bb57-dc33ac3c79d7","firstParentID":"b97139fc-5909-4254-bb57-dc33ac3c79d7","ID":"df0b4ea9-d9bb-46db-af59-8c4de648ca77","childs":{"прием":{"_level":1,"parentID":"df0b4ea9-d9bb-46db-af59-8c4de648ca77","firstParentID":"b97139fc-5909-4254-bb57-dc33ac3c79d7","ID":"2518263b-deef-4328-866d-749a5bbb39e9","childs":{"код":{"_level":2,"parentID":"2518263b-deef-4328-866d-749a5bbb39e9","firstParentID":"b97139fc-5909-4254-bb57-dc33ac3c79d7","ID":"a3d0ee78-820e-488a-89c9-fe0c7b1edc64","childs":null,"emcosID":null,"emcosMLID":null,"codMaketTEP":null,"codTEP":null,"WSName":"DB","rangeAddress":"$CH$439:$CH$476","headAddress":"$CH$439","bodyAddress":"$CH$440:$CH$476","_name":"код"},"основное":{"_level":2,"parentID":"2518263b-deef-4328-866d-749a5bbb39e9","firstParentID":"b97139fc-5909-4254-bb57-dc33ac3c79d7","ID":"50d9f648-87c9-4264-b04b-cbf8a699ad62","childs":null,"emcosID":null,"emcosMLID":null,"codMaketTEP":null,"codTEP":null,"WSName":"DB","rangeAddress":"$CI$439:$CI$476","headAddress":"$CI$439","bodyAddress":"$CI$440:$CI$476","_name":"основное"},"корректировка факт":{"_level":2,"parentID":"2518263b-deef-4328-866d-749a5bbb39e9","firstParentID":"b97139fc-5909-4254-bb57-dc33ac3c79d7","ID":"0d547bd9-d710-48c3-b5ed-fb027354e394","childs":null,"emcosID":null,"emcosMLID":null,"codMaketTEP":null,"codTEP":null,"WSName":"DB","rangeAddress":"$CJ$439:$CJ$476","headAddress":"$CJ$439","bodyAddress":"$CJ$440:$CJ$476","_name":"корректировка факт"},"ручное":{"_level":2,"parentID":"2518263b-deef-4328-866d-749a5bbb39e9","firstParentID":"b97139fc-5909-4254-bb57-dc33ac3c79d7","ID":"33984ecb-2216-4821-afa9-8564610551a4","childs":null,"emcosID":null,"emcosMLID":null,"codMaketTEP":null,"codTEP":null,"WSName":"DB","rangeAddress":"$CK$439:$CK$476","headAddress":"$CK$439","bodyAddress":"$CK$440:$CK$476","_name":"ручное"},"по плану":{"_level":2,"parentID":"2518263b-deef-4328-866d-749a5bbb39e9","firstParentID":"b97139fc-5909-4254-bb57-dc33ac3c79d7","ID":"f65c2391-6c39-4ffd-b727-8e16a713f1ed","childs":null,"emcosID":null,"emcosMLID":null,"codMaketTEP":null,"codTEP":null,"WSName":"DB","rangeAddress":"$CL$439:$CL$476","headAddress":"$CL$439","bodyAddress":"$CL$440:$CL$476","_name":"по плану"}},"emcosID":null,"emcosMLID":null,"codMaketTEP":null,"codTEP":null,"WSName":"DB","rangeAddress":"$CH$438:$CL$476","headAddress":"$CH$438:$CL$438","bodyAddress":"$CH$439:$CL$476","_name":"прием"},"план":{"_level":1,"parentID":"df0b4ea9-d9bb-46db-af59-8c4de648ca77","firstParentID":"b97139fc-5909-4254-bb57-dc33ac3c79d7","ID":"80ebe0fe-a2f5-44d8-9004-5783a4e3ff05","childs":{"код":{"_level":2,"parentID":"80ebe0fe-a2f5-44d8-9004-5783a4e3ff05","firstParentID":"b97139fc-5909-4254-bb57-dc33ac3c79d7","ID":"3cc6ad07-f343-4750-aa55-9ecffdd3a0dd","childs":null,"emcosID":null,"emcosMLID":null,"codMaketTEP":null,"codTEP":null,"WSName":"DB","rangeAddress":"$CM$439:$CM$476","headAddress":"$CM$439","bodyAddress":"$CM$440:$CM$476","_name":"код"},"основное":{"_level":2,"parentID":"80ebe0fe-a2f5-44d8-9004-5783a4e3ff05","firstParentID":"b97139fc-5909-4254-bb57-dc33ac3c79d7","ID":"986b6f42-5b41-40eb-9ad2-127c2424ca67","childs":null,"emcosID":null,"emcosMLID":null,"codMaketTEP":null,"codTEP":null,"WSName":"DB","rangeAddress":"$CN$439:$CN$476","headAddress":"$CN$439","bodyAddress":"$CN$440:$CN$476","_name":"основное"},"заявка":{"_level":2,"parentID":"80ebe0fe-a2f5-44d8-9004-5783a4e3ff05","firstParentID":"b97139fc-5909-4254-bb57-dc33ac3c79d7","ID":"1d3ef936-248a-453b-a5bc-01eebd1f38b9","childs":null,"emcosID":null,"emcosMLID":null,"codMaketTEP":null,"codTEP":null,"WSName":"DB","rangeAddress":"$CO$439:$CO$476","headAddress":"$CO$439","bodyAddress":"$CO$440:$CO$476","_name":"заявка"},"утвержденный":{"_level":2,"parentID":"80ebe0fe-a2f5-44d8-9004-5783a4e3ff05","firstParentID":"b97139fc-5909-4254-bb57-dc33ac3c79d7","ID":"269cb438-1489-4cef-a15e-b5cec0060f39","childs":null,"emcosID":null,"emcosMLID":null,"codMaketTEP":null,"codTEP":null,"WSName":"DB","rangeAddress":"$CP$439:$CP$476","headAddress":"$CP$439","bodyAddress":"$CP$440:$CP$476","_name":"утвержденный"},"корректировка":{"_level":2,"parentID":"80ebe0fe-a2f5-44d8-9004-5783a4e3ff05","firstParentID":"b97139fc-5909-4254-bb57-dc33ac3c79d7","ID":"dcda53da-dc55-4b87-badb-0522aa129849","childs":null,"emcosID":null,"emcosMLID":null,"codMaketTEP":null,"codTEP":null,"WSName":"DB","rangeAddress":"$CQ$439:$CQ$476","headAddress":"$CQ$439","bodyAddress":"$CQ$440:$CQ$476","_name":"корректировка"}},"emcosID":null,"emcosMLID":null,"codMaketTEP":null,"codTEP":null,"WSName":"DB","rangeAddress":"$CM$438:$CQ$476","headAddress":"$CM$438:$CQ$438","bodyAddress":"$CM$439:$CQ$476","_name":"план"}},"emcosID":null,"emcosMLID":null,"codMaketTEP":null,"codTEP":null,"WSName":"DB","rangeAddress":"$CH$437:$CQ$476","headAddress":"$CH$437:$CQ$437","bodyAddress":"$CH$438:$CQ$476","_name":"ДМС потери КТЖ Жетысу"}},"codPlan":18,"meterCoef":null,"_name":"ДМС потери КТЖ Жетысу"}