{"ID":"c490f192-995d-4493-a966-bb75785a6b51","childs":{"PS":{"_level":0,"parentID":"c490f192-995d-4493-a966-bb75785a6b51","firstParentID":"c490f192-995d-4493-a966-bb75785a6b51","ID":"2167020e-ad22-4c07-af05-b6b8179f2c56","childs":{"отдача":{"_level":1,"parentID":"2167020e-ad22-4c07-af05-b6b8179f2c56","firstParentID":"c490f192-995d-4493-a966-bb75785a6b51","ID":"3428ee79-0887-40bd-881f-5552adb46435","childs":{"оперативное":{"_level":2,"parentID":"3428ee79-0887-40bd-881f-5552adb46435","firstParentID":"c490f192-995d-4493-a966-bb75785a6b51","ID":"e5db9f78-f5fb-4249-9981-121e29c4cfb2","childs":null,"emcosID":null,"emcosMLID":null,"codMaketTEP":null,"codTEP":null,"WSName":"PS","rangeAddress":"$BH$228:$BH$264","headAddress":"$BH$228","bodyAddress":"$BH$229:$BH$264","_name":"оперативное"}},"emcosID":null,"emcosMLID":null,"codMaketTEP":1413,"codTEP":null,"WSName":"PS","rangeAddress":"$BH$227:$BH$264","headAddress":"$BH$227","bodyAddress":"$BH$228:$BH$264","_name":"отдача"}},"emcosID":null,"emcosMLID":null,"codMaketTEP":null,"codTEP":null,"WSName":"PS","rangeAddress":"$BH$226:$BH$264","headAddress":"$BH$226","bodyAddress":"$BH$227:$BH$264","_name":"Генерация Текелиский ТЭЦ2 ТТЭЦ2"},"DB":{"_level":0,"parentID":"c490f192-995d-4493-a966-bb75785a6b51","firstParentID":"c490f192-995d-4493-a966-bb75785a6b51","ID":"d8b37032-59fd-4df7-b239-b3edd3bb828d","childs":{"отдача":{"_level":1,"parentID":"d8b37032-59fd-4df7-b239-b3edd3bb828d","firstParentID":"c490f192-995d-4493-a966-bb75785a6b51","ID":"21a13395-ff7b-4b63-8990-08368ed63d6a","childs":{"код":{"_level":2,"parentID":"21a13395-ff7b-4b63-8990-08368ed63d6a","firstParentID":"c490f192-995d-4493-a966-bb75785a6b51","ID":"2faac146-32cb-4502-9b36-07448e844267","childs":null,"emcosID":null,"emcosMLID":null,"codMaketTEP":null,"codTEP":null,"WSName":"DB","rangeAddress":"$X$181:$X$218","headAddress":"$X$181","bodyAddress":"$X$182:$X$218","_name":"код"},"основное":{"_level":2,"parentID":"21a13395-ff7b-4b63-8990-08368ed63d6a","firstParentID":"c490f192-995d-4493-a966-bb75785a6b51","ID":"190efce0-706c-41a3-b7b9-34e4d4d82d0a","childs":null,"emcosID":null,"emcosMLID":null,"codMaketTEP":null,"codTEP":null,"WSName":"DB","rangeAddress":"$Y$181:$Y$218","headAddress":"$Y$181","bodyAddress":"$Y$182:$Y$218","_name":"основное"},"корректировка факт":{"_level":2,"parentID":"21a13395-ff7b-4b63-8990-08368ed63d6a","firstParentID":"c490f192-995d-4493-a966-bb75785a6b51","ID":"d810abae-cfb4-409f-8951-f7fdbf05e241","childs":null,"emcosID":null,"emcosMLID":null,"codMaketTEP":null,"codTEP":null,"WSName":"DB","rangeAddress":"$Z$181:$Z$218","headAddress":"$Z$181","bodyAddress":"$Z$182:$Z$218","_name":"корректировка факт"},"ручное":{"_level":2,"parentID":"21a13395-ff7b-4b63-8990-08368ed63d6a","firstParentID":"c490f192-995d-4493-a966-bb75785a6b51","ID":"6fa27767-f6f6-4823-9344-cbefff9f1308","childs":null,"emcosID":null,"emcosMLID":null,"codMaketTEP":null,"codTEP":null,"WSName":"DB","rangeAddress":"$AA$181:$AA$218","headAddress":"$AA$181","bodyAddress":"$AA$182:$AA$218","_name":"ручное"},"оперативное":{"_level":2,"parentID":"21a13395-ff7b-4b63-8990-08368ed63d6a","firstParentID":"c490f192-995d-4493-a966-bb75785a6b51","ID":"3850e0b0-1ae9-4b72-a1fe-6f611d0180e2","childs":null,"emcosID":null,"emcosMLID":null,"codMaketTEP":null,"codTEP":null,"WSName":"DB","rangeAddress":"$AB$181:$AB$218","headAddress":"$AB$181","bodyAddress":"$AB$182:$AB$218","_name":"оперативное"}},"emcosID":null,"emcosMLID":null,"codMaketTEP":null,"codTEP":null,"WSName":"DB","rangeAddress":"$X$180:$AB$218","headAddress":"$X$180:$AB$180","bodyAddress":"$X$181:$AB$218","_name":"отдача"}},"emcosID":null,"emcosMLID":null,"codMaketTEP":null,"codTEP":null,"WSName":"DB","rangeAddress":"$X$179:$AB$218","headAddress":"$X$179:$AB$179","bodyAddress":"$X$180:$AB$218","_name":"Генерация Текелиский ТЭЦ2 ТТЭЦ2"}},"codPlan":null,"meterCoef":null,"_name":"Генерация Текелиский ТЭЦ2 ТТЭЦ2"}