{"ID":"d0445bb8-7485-4188-8fe0-0eb08d059bc9","childs":{"PS":{"_level":0,"parentID":"d0445bb8-7485-4188-8fe0-0eb08d059bc9","firstParentID":"d0445bb8-7485-4188-8fe0-0eb08d059bc9","ID":"c5c2d32b-cba5-401b-8ae7-ede8550fb126","childs":{"прием":{"_level":1,"parentID":"c5c2d32b-cba5-401b-8ae7-ede8550fb126","firstParentID":"d0445bb8-7485-4188-8fe0-0eb08d059bc9","ID":"0bf8f76c-ed4e-4935-a8ce-b59a38c0eae3","childs":{"оперативное":{"_level":2,"parentID":"0bf8f76c-ed4e-4935-a8ce-b59a38c0eae3","firstParentID":"d0445bb8-7485-4188-8fe0-0eb08d059bc9","ID":"d90a4fc8-e239-4273-b8fd-fa49f62ecd33","childs":null,"emcosID":null,"emcosMLID":null,"codMaketTEP":null,"codTEP":null,"WSName":"PS","rangeAddress":"$AL$228:$AL$264","headAddress":"$AL$228","bodyAddress":"$AL$229:$AL$264","_name":"оперативное"}},"emcosID":null,"emcosMLID":null,"codMaketTEP":1445,"codTEP":null,"WSName":"PS","rangeAddress":"$AL$227:$AL$264","headAddress":"$AL$227","bodyAddress":"$AL$228:$AL$264","_name":"прием"},"план":{"_level":1,"parentID":"c5c2d32b-cba5-401b-8ae7-ede8550fb126","firstParentID":"d0445bb8-7485-4188-8fe0-0eb08d059bc9","ID":"1b5156b8-820e-4e91-8443-8bccc9c52dc4","childs":{"заявка":{"_level":2,"parentID":"1b5156b8-820e-4e91-8443-8bccc9c52dc4","firstParentID":"d0445bb8-7485-4188-8fe0-0eb08d059bc9","ID":"6aeb48b7-d32c-4df1-92ba-9a14ad04a5a9","childs":null,"emcosID":null,"emcosMLID":null,"codMaketTEP":null,"codTEP":null,"WSName":"PS","rangeAddress":"$AM$228:$AM$264","headAddress":"$AM$228","bodyAddress":"$AM$229:$AM$264","_name":"заявка"}},"emcosID":null,"emcosMLID":null,"codMaketTEP":null,"codTEP":null,"WSName":"PS","rangeAddress":"$AM$227:$AM$264","headAddress":"$AM$227","bodyAddress":"$AM$228:$AM$264","_name":"план"}},"emcosID":null,"emcosMLID":null,"codMaketTEP":null,"codTEP":null,"WSName":"PS","rangeAddress":"$AL$226:$AM$264","headAddress":"$AL$226:$AM$226","bodyAddress":"$AL$227:$AM$264","_name":"Потребление Alatau Power Жетысу"},"DB":{"_level":0,"parentID":"d0445bb8-7485-4188-8fe0-0eb08d059bc9","firstParentID":"d0445bb8-7485-4188-8fe0-0eb08d059bc9","ID":"86e8a0d5-eab6-451f-af04-c6ec89bd7c79","childs":{"прием":{"_level":1,"parentID":"86e8a0d5-eab6-451f-af04-c6ec89bd7c79","firstParentID":"d0445bb8-7485-4188-8fe0-0eb08d059bc9","ID":"3baa30b1-ddd9-47f2-8064-8263b5b5d66f","childs":{"код":{"_level":2,"parentID":"3baa30b1-ddd9-47f2-8064-8263b5b5d66f","firstParentID":"d0445bb8-7485-4188-8fe0-0eb08d059bc9","ID":"ae15eacd-930b-477c-bfc3-762f6679442d","childs":null,"emcosID":null,"emcosMLID":null,"codMaketTEP":null,"codTEP":null,"WSName":"DB","rangeAddress":"$BL$439:$BL$476","headAddress":"$BL$439","bodyAddress":"$BL$440:$BL$476","_name":"код"},"основное":{"_level":2,"parentID":"3baa30b1-ddd9-47f2-8064-8263b5b5d66f","firstParentID":"d0445bb8-7485-4188-8fe0-0eb08d059bc9","ID":"f92c87fd-4a0b-4ddd-9169-5c3c61ed9ed7","childs":null,"emcosID":null,"emcosMLID":null,"codMaketTEP":null,"codTEP":null,"WSName":"DB","rangeAddress":"$BM$439:$BM$476","headAddress":"$BM$439","bodyAddress":"$BM$440:$BM$476","_name":"основное"},"корректировка факт":{"_level":2,"parentID":"3baa30b1-ddd9-47f2-8064-8263b5b5d66f","firstParentID":"d0445bb8-7485-4188-8fe0-0eb08d059bc9","ID":"cd47f5c6-0e54-46e2-b039-234487ccd621","childs":null,"emcosID":null,"emcosMLID":null,"codMaketTEP":null,"codTEP":null,"WSName":"DB","rangeAddress":"$BN$439:$BN$476","headAddress":"$BN$439","bodyAddress":"$BN$440:$BN$476","_name":"корректировка факт"},"ручное":{"_level":2,"parentID":"3baa30b1-ddd9-47f2-8064-8263b5b5d66f","firstParentID":"d0445bb8-7485-4188-8fe0-0eb08d059bc9","ID":"9219d824-d44a-4444-9945-3d8e03bc4fea","childs":null,"emcosID":null,"emcosMLID":null,"codMaketTEP":null,"codTEP":null,"WSName":"DB","rangeAddress":"$BO$439:$BO$476","headAddress":"$BO$439","bodyAddress":"$BO$440:$BO$476","_name":"ручное"},"оперативное":{"_level":2,"parentID":"3baa30b1-ddd9-47f2-8064-8263b5b5d66f","firstParentID":"d0445bb8-7485-4188-8fe0-0eb08d059bc9","ID":"4f4e175f-1317-4426-91a3-26a91941944c","childs":null,"emcosID":null,"emcosMLID":null,"codMaketTEP":null,"codTEP":null,"WSName":"DB","rangeAddress":"$BP$439:$BP$476","headAddress":"$BP$439","bodyAddress":"$BP$440:$BP$476","_name":"оперативное"},"по плану":{"_level":2,"parentID":"3baa30b1-ddd9-47f2-8064-8263b5b5d66f","firstParentID":"d0445bb8-7485-4188-8fe0-0eb08d059bc9","ID":"3e3a4cd6-1de5-46e8-93f9-b5951f57ddb2","childs":null,"emcosID":null,"emcosMLID":null,"codMaketTEP":null,"codTEP":null,"WSName":"DB","rangeAddress":"$BQ$439:$BQ$476","headAddress":"$BQ$439","bodyAddress":"$BQ$440:$BQ$476","_name":"по плану"}},"emcosID":null,"emcosMLID":null,"codMaketTEP":null,"codTEP":null,"WSName":"DB","rangeAddress":"$BL$438:$BQ$476","headAddress":"$BL$438:$BQ$438","bodyAddress":"$BL$439:$BQ$476","_name":"прием"},"план":{"_level":1,"parentID":"86e8a0d5-eab6-451f-af04-c6ec89bd7c79","firstParentID":"d0445bb8-7485-4188-8fe0-0eb08d059bc9","ID":"980f0168-4896-443d-a251-3c324789f8a9","childs":{"код":{"_level":2,"parentID":"980f0168-4896-443d-a251-3c324789f8a9","firstParentID":"d0445bb8-7485-4188-8fe0-0eb08d059bc9","ID":"db47ec98-2b16-4c6d-af44-9a626b57dc78","childs":null,"emcosID":null,"emcosMLID":null,"codMaketTEP":null,"codTEP":null,"WSName":"DB","rangeAddress":"$BR$439:$BR$476","headAddress":"$BR$439","bodyAddress":"$BR$440:$BR$476","_name":"код"},"основное":{"_level":2,"parentID":"980f0168-4896-443d-a251-3c324789f8a9","firstParentID":"d0445bb8-7485-4188-8fe0-0eb08d059bc9","ID":"564a14d6-3a05-4f44-b8fb-71e709028fa2","childs":null,"emcosID":null,"emcosMLID":null,"codMaketTEP":null,"codTEP":null,"WSName":"DB","rangeAddress":"$BS$439:$BS$476","headAddress":"$BS$439","bodyAddress":"$BS$440:$BS$476","_name":"основное"},"заявка":{"_level":2,"parentID":"980f0168-4896-443d-a251-3c324789f8a9","firstParentID":"d0445bb8-7485-4188-8fe0-0eb08d059bc9","ID":"69d9dfee-1141-4c29-ac50-c68283f04186","childs":null,"emcosID":null,"emcosMLID":null,"codMaketTEP":null,"codTEP":null,"WSName":"DB","rangeAddress":"$BT$439:$BT$476","headAddress":"$BT$439","bodyAddress":"$BT$440:$BT$476","_name":"заявка"},"утвержденный":{"_level":2,"parentID":"980f0168-4896-443d-a251-3c324789f8a9","firstParentID":"d0445bb8-7485-4188-8fe0-0eb08d059bc9","ID":"937c4972-7b45-44f0-8b08-0625be6540d3","childs":null,"emcosID":null,"emcosMLID":null,"codMaketTEP":null,"codTEP":null,"WSName":"DB","rangeAddress":"$BU$439:$BU$476","headAddress":"$BU$439","bodyAddress":"$BU$440:$BU$476","_name":"утвержденный"},"корректировка":{"_level":2,"parentID":"980f0168-4896-443d-a251-3c324789f8a9","firstParentID":"d0445bb8-7485-4188-8fe0-0eb08d059bc9","ID":"c73e81fa-cae9-44b8-b508-01587ca4f559","childs":null,"emcosID":null,"emcosMLID":null,"codMaketTEP":null,"codTEP":null,"WSName":"DB","rangeAddress":"$BV$439:$BV$476","headAddress":"$BV$439","bodyAddress":"$BV$440:$BV$476","_name":"корректировка"}},"emcosID":null,"emcosMLID":null,"codMaketTEP":null,"codTEP":null,"WSName":"DB","rangeAddress":"$BR$438:$BV$476","headAddress":"$BR$438:$BV$438","bodyAddress":"$BR$439:$BV$476","_name":"план"}},"emcosID":null,"emcosMLID":null,"codMaketTEP":null,"codTEP":null,"WSName":"DB","rangeAddress":"$BL$437:$BV$476","headAddress":"$BL$437:$BV$437","bodyAddress":"$BL$438:$BV$476","_name":"Потребление Alatau Power Жетысу"}},"codPlan":94,"meterCoef":null,"_name":"Потребление Alatau Power Жетысу"}