{"ID":"d2a58886-359a-4724-9282-7b11e442357c","childs":{"PS":{"_level":0,"parentID":"d2a58886-359a-4724-9282-7b11e442357c","firstParentID":"d2a58886-359a-4724-9282-7b11e442357c","ID":"fa31283c-947a-43c3-81cd-1c48f45d7f39","childs":{"отдача":{"_level":1,"parentID":"fa31283c-947a-43c3-81cd-1c48f45d7f39","firstParentID":"d2a58886-359a-4724-9282-7b11e442357c","ID":"581c357a-8fa9-4920-a517-9248adc12764","childs":{"ручное":{"_level":2,"parentID":"581c357a-8fa9-4920-a517-9248adc12764","firstParentID":"d2a58886-359a-4724-9282-7b11e442357c","ID":"fd588549-73f9-4543-8b13-3ca192424b67","childs":null,"emcosID":null,"emcosMLID":null,"codMaketTEP":null,"codTEP":null,"WSName":"PS","rangeAddress":"$EU$185:$EU$221","headAddress":"$EU$185","bodyAddress":"$EU$186:$EU$221","_name":"ручное"}},"emcosID":null,"emcosMLID":null,"codMaketTEP":1368,"codTEP":null,"WSName":"PS","rangeAddress":"$EU$184:$EU$221","headAddress":"$EU$184","bodyAddress":"$EU$185:$EU$221","_name":"отдача"}},"emcosID":null,"emcosMLID":null,"codMaketTEP":null,"codTEP":null,"WSName":"PS","rangeAddress":"$EU$183:$EU$221","headAddress":"$EU$183","bodyAddress":"$EU$184:$EU$221","_name":"Генерация Бастау Энерго Медеу ГЭС"},"DB":{"_level":0,"parentID":"d2a58886-359a-4724-9282-7b11e442357c","firstParentID":"d2a58886-359a-4724-9282-7b11e442357c","ID":"38991c27-7cb3-499e-bb2a-542f47cb33ca","childs":{"отдача":{"_level":1,"parentID":"38991c27-7cb3-499e-bb2a-542f47cb33ca","firstParentID":"d2a58886-359a-4724-9282-7b11e442357c","ID":"840eb152-61b4-411a-9021-e1f870d2ee80","childs":{"код":{"_level":2,"parentID":"840eb152-61b4-411a-9021-e1f870d2ee80","firstParentID":"d2a58886-359a-4724-9282-7b11e442357c","ID":"a5c29403-1dc9-4723-86ab-73a0d2868646","childs":null,"emcosID":null,"emcosMLID":null,"codMaketTEP":null,"codTEP":null,"WSName":"DB","rangeAddress":"$AG$568:$AG$605","headAddress":"$AG$568","bodyAddress":"$AG$569:$AG$605","_name":"код"},"основное":{"_level":2,"parentID":"840eb152-61b4-411a-9021-e1f870d2ee80","firstParentID":"d2a58886-359a-4724-9282-7b11e442357c","ID":"0f810da5-81f1-4641-8781-0f4be2cea5ca","childs":null,"emcosID":null,"emcosMLID":null,"codMaketTEP":null,"codTEP":null,"WSName":"DB","rangeAddress":"$AH$568:$AH$605","headAddress":"$AH$568","bodyAddress":"$AH$569:$AH$605","_name":"основное"},"корректировка факт":{"_level":2,"parentID":"840eb152-61b4-411a-9021-e1f870d2ee80","firstParentID":"d2a58886-359a-4724-9282-7b11e442357c","ID":"2933fc75-d817-432d-beec-346c14bc0749","childs":null,"emcosID":null,"emcosMLID":null,"codMaketTEP":null,"codTEP":null,"WSName":"DB","rangeAddress":"$AI$568:$AI$605","headAddress":"$AI$568","bodyAddress":"$AI$569:$AI$605","_name":"корректировка факт"},"ручное":{"_level":2,"parentID":"840eb152-61b4-411a-9021-e1f870d2ee80","firstParentID":"d2a58886-359a-4724-9282-7b11e442357c","ID":"a3734503-918a-482a-8383-9808b6170336","childs":null,"emcosID":null,"emcosMLID":null,"codMaketTEP":null,"codTEP":null,"WSName":"DB","rangeAddress":"$AJ$568:$AJ$605","headAddress":"$AJ$568","bodyAddress":"$AJ$569:$AJ$605","_name":"ручное"}},"emcosID":null,"emcosMLID":null,"codMaketTEP":null,"codTEP":null,"WSName":"DB","rangeAddress":"$AG$567:$AJ$605","headAddress":"$AG$567:$AJ$567","bodyAddress":"$AG$568:$AJ$605","_name":"отдача"}},"emcosID":null,"emcosMLID":null,"codMaketTEP":null,"codTEP":null,"WSName":"DB","rangeAddress":"$AG$566:$AJ$605","headAddress":"$AG$566:$AJ$566","bodyAddress":"$AG$567:$AJ$605","_name":"Генерация Бастау Энерго Медеу ГЭС"}},"codPlan":null,"meterCoef":null,"_name":"Генерация Бастау Энерго Медеу ГЭС"}