{"ID":"e3b84c83-c704-4deb-be56-bdc00140525f","childs":{"PS":{"_level":0,"parentID":"e3b84c83-c704-4deb-be56-bdc00140525f","firstParentID":"e3b84c83-c704-4deb-be56-bdc00140525f","ID":"aa039445-701b-4a42-9258-aa21f1eb3765","childs":{"отдача":{"_level":1,"parentID":"aa039445-701b-4a42-9258-aa21f1eb3765","firstParentID":"e3b84c83-c704-4deb-be56-bdc00140525f","ID":"3c16152c-889b-4839-b1b5-63f934c3cf91","childs":{"оперативное":{"_level":2,"parentID":"3c16152c-889b-4839-b1b5-63f934c3cf91","firstParentID":"e3b84c83-c704-4deb-be56-bdc00140525f","ID":"fe64caae-92e9-44ce-92fd-a72f1a03e35f","childs":null,"emcosID":null,"emcosMLID":null,"codMaketTEP":null,"codTEP":null,"WSName":"PS","rangeAddress":"$EO$185:$EO$221","headAddress":"$EO$185","bodyAddress":"$EO$186:$EO$221","_name":"оперативное"}},"emcosID":null,"emcosMLID":null,"codMaketTEP":null,"codTEP":null,"WSName":"PS","rangeAddress":"$EO$184:$EO$221","headAddress":"$EO$184","bodyAddress":"$EO$185:$EO$221","_name":"отдача"}},"emcosID":null,"emcosMLID":null,"codMaketTEP":null,"codTEP":null,"WSName":"PS","rangeAddress":"$EO$183:$EO$221","headAddress":"$EO$183","bodyAddress":"$EO$184:$EO$221","_name":"Генерация EC ENERGY Qazaqstan"},"DB":{"_level":0,"parentID":"e3b84c83-c704-4deb-be56-bdc00140525f","firstParentID":"e3b84c83-c704-4deb-be56-bdc00140525f","ID":"9971d7e8-07c1-4368-b010-270e857de5f7","childs":{"отдача":{"_level":1,"parentID":"9971d7e8-07c1-4368-b010-270e857de5f7","firstParentID":"e3b84c83-c704-4deb-be56-bdc00140525f","ID":"5bee16ce-8ddd-4169-84e1-ff5788564b6e","childs":{"код":{"_level":2,"parentID":"5bee16ce-8ddd-4169-84e1-ff5788564b6e","firstParentID":"e3b84c83-c704-4deb-be56-bdc00140525f","ID":"762e5579-7141-4b08-88a8-4f31c1f47037","childs":null,"emcosID":null,"emcosMLID":null,"codMaketTEP":null,"codTEP":null,"WSName":"DB","rangeAddress":"$FY$267:$FY$304","headAddress":"$FY$267","bodyAddress":"$FY$268:$FY$304","_name":"код"},"основное":{"_level":2,"parentID":"5bee16ce-8ddd-4169-84e1-ff5788564b6e","firstParentID":"e3b84c83-c704-4deb-be56-bdc00140525f","ID":"c9ef05f2-7eea-4609-82b1-4bfa4057c760","childs":null,"emcosID":null,"emcosMLID":null,"codMaketTEP":null,"codTEP":null,"WSName":"DB","rangeAddress":"$FZ$267:$FZ$304","headAddress":"$FZ$267","bodyAddress":"$FZ$268:$FZ$304","_name":"основное"},"корректировка факт":{"_level":2,"parentID":"5bee16ce-8ddd-4169-84e1-ff5788564b6e","firstParentID":"e3b84c83-c704-4deb-be56-bdc00140525f","ID":"fa170e34-af3e-45f1-ae05-b4f987158065","childs":null,"emcosID":null,"emcosMLID":null,"codMaketTEP":null,"codTEP":null,"WSName":"DB","rangeAddress":"$GA$267:$GA$304","headAddress":"$GA$267","bodyAddress":"$GA$268:$GA$304","_name":"корректировка факт"},"ручное":{"_level":2,"parentID":"5bee16ce-8ddd-4169-84e1-ff5788564b6e","firstParentID":"e3b84c83-c704-4deb-be56-bdc00140525f","ID":"a8f2ca51-e57f-420e-97e7-dbd013c1c888","childs":null,"emcosID":null,"emcosMLID":null,"codMaketTEP":null,"codTEP":null,"WSName":"DB","rangeAddress":"$GB$267:$GB$304","headAddress":"$GB$267","bodyAddress":"$GB$268:$GB$304","_name":"ручное"},"оперативное":{"_level":2,"parentID":"5bee16ce-8ddd-4169-84e1-ff5788564b6e","firstParentID":"e3b84c83-c704-4deb-be56-bdc00140525f","ID":"f453612a-e90f-48e4-91c7-9feea4f1980a","childs":null,"emcosID":null,"emcosMLID":null,"codMaketTEP":null,"codTEP":null,"WSName":"DB","rangeAddress":"$GC$267:$GC$304","headAddress":"$GC$267","bodyAddress":"$GC$268:$GC$304","_name":"оперативное"}},"emcosID":null,"emcosMLID":null,"codMaketTEP":null,"codTEP":null,"WSName":"DB","rangeAddress":"$FY$266:$GC$304","headAddress":"$FY$266:$GC$266","bodyAddress":"$FY$267:$GC$304","_name":"отдача"}},"emcosID":null,"emcosMLID":null,"codMaketTEP":null,"codTEP":null,"WSName":"DB","rangeAddress":"$FY$265:$GC$304","headAddress":"$FY$265:$GC$265","bodyAddress":"$FY$266:$GC$304","_name":"Генерация EC ENERGY Qazaqstan"}},"codPlan":null,"meterCoef":null,"_name":"Генерация EC ENERGY Qazaqstan"}