{"ID":"59dd7689-74de-40e5-8773-66bd509759f9","childs":{"PS":{"_level":0,"parentID":"59dd7689-74de-40e5-8773-66bd509759f9","firstParentID":"59dd7689-74de-40e5-8773-66bd509759f9","ID":"c0e9a173-9036-4365-b02c-f01538f151ae","childs":{"прием":{"_level":1,"parentID":"c0e9a173-9036-4365-b02c-f01538f151ae","firstParentID":"59dd7689-74de-40e5-8773-66bd509759f9","ID":"69b8430d-e275-4dd1-b38a-4bffb8ca3649","childs":{"ручное":{"_level":2,"parentID":"69b8430d-e275-4dd1-b38a-4bffb8ca3649","firstParentID":"59dd7689-74de-40e5-8773-66bd509759f9","ID":"0a48fc0e-efc2-4288-8054-1564e11df9c9","childs":null,"emcosID":null,"emcosMLID":null,"codMaketTEP":null,"codTEP":null,"WSName":"PS","rangeAddress":"$JV$99:$JV$135","headAddress":"$JV$99","bodyAddress":"$JV$100:$JV$135","_name":"ручное"}},"emcosID":null,"emcosMLID":null,"codMaketTEP":null,"codTEP":null,"WSName":"PS","rangeAddress":"$JV$98:$JV$135","headAddress":"$JV$98","bodyAddress":"$JV$99:$JV$135","_name":"прием"},"отдача":{"_level":1,"parentID":"c0e9a173-9036-4365-b02c-f01538f151ae","firstParentID":"59dd7689-74de-40e5-8773-66bd509759f9","ID":"33125a49-9982-40cd-a181-d40ba166a786","childs":{"ручное":{"_level":2,"parentID":"33125a49-9982-40cd-a181-d40ba166a786","firstParentID":"59dd7689-74de-40e5-8773-66bd509759f9","ID":"8b4c0ce2-02b6-4994-aac9-cc13d0aa42ff","childs":null,"emcosID":null,"emcosMLID":null,"codMaketTEP":null,"codTEP":null,"WSName":"PS","rangeAddress":"$JW$99:$JW$135","headAddress":"$JW$99","bodyAddress":"$JW$100:$JW$135","_name":"ручное"}},"emcosID":null,"emcosMLID":null,"codMaketTEP":null,"codTEP":null,"WSName":"PS","rangeAddress":"$JW$98:$JW$135","headAddress":"$JW$98","bodyAddress":"$JW$99:$JW$135","_name":"отдача"}},"emcosID":null,"emcosMLID":null,"codMaketTEP":null,"codTEP":null,"WSName":"PS","rangeAddress":"$JV$97:$JW$135","headAddress":"$JV$97:$JW$97","bodyAddress":"$JV$98:$JW$135","_name":"Л2273 Чиганак тяга"},"DB":{"_level":0,"parentID":"59dd7689-74de-40e5-8773-66bd509759f9","firstParentID":"59dd7689-74de-40e5-8773-66bd509759f9","ID":"4afb1046-b561-488e-9fbf-d05777166b47","childs":{"прием":{"_level":1,"parentID":"4afb1046-b561-488e-9fbf-d05777166b47","firstParentID":"59dd7689-74de-40e5-8773-66bd509759f9","ID":"18cb4d87-bc30-4635-8323-56dce4af005b","childs":{"код":{"_level":2,"parentID":"18cb4d87-bc30-4635-8323-56dce4af005b","firstParentID":"59dd7689-74de-40e5-8773-66bd509759f9","ID":"9e4d97cf-251a-434e-bd9a-71b8f67bfc13","childs":null,"emcosID":null,"emcosMLID":null,"codMaketTEP":null,"codTEP":null,"WSName":"DB","rangeAddress":"$Z$95:$Z$132","headAddress":"$Z$95","bodyAddress":"$Z$96:$Z$132","_name":"код"},"основное":{"_level":2,"parentID":"18cb4d87-bc30-4635-8323-56dce4af005b","firstParentID":"59dd7689-74de-40e5-8773-66bd509759f9","ID":"efaa5e96-d87d-4b7e-82ae-6680166db8e9","childs":null,"emcosID":null,"emcosMLID":null,"codMaketTEP":null,"codTEP":null,"WSName":"DB","rangeAddress":"$AA$95:$AA$132","headAddress":"$AA$95","bodyAddress":"$AA$96:$AA$132","_name":"основное"},"корректировка факт":{"_level":2,"parentID":"18cb4d87-bc30-4635-8323-56dce4af005b","firstParentID":"59dd7689-74de-40e5-8773-66bd509759f9","ID":"5ae0e604-426a-48c6-bc52-622b43b2ff55","childs":null,"emcosID":null,"emcosMLID":null,"codMaketTEP":null,"codTEP":null,"WSName":"DB","rangeAddress":"$AB$95:$AB$132","headAddress":"$AB$95","bodyAddress":"$AB$96:$AB$132","_name":"корректировка факт"},"ручное":{"_level":2,"parentID":"18cb4d87-bc30-4635-8323-56dce4af005b","firstParentID":"59dd7689-74de-40e5-8773-66bd509759f9","ID":"18939157-a14c-4064-903d-15ed834dbd6e","childs":null,"emcosID":null,"emcosMLID":null,"codMaketTEP":null,"codTEP":null,"WSName":"DB","rangeAddress":"$AC$95:$AC$132","headAddress":"$AC$95","bodyAddress":"$AC$96:$AC$132","_name":"ручное"}},"emcosID":null,"emcosMLID":null,"codMaketTEP":null,"codTEP":null,"WSName":"DB","rangeAddress":"$Z$94:$AC$132","headAddress":"$Z$94:$AC$94","bodyAddress":"$Z$95:$AC$132","_name":"прием"},"отдача":{"_level":1,"parentID":"4afb1046-b561-488e-9fbf-d05777166b47","firstParentID":"59dd7689-74de-40e5-8773-66bd509759f9","ID":"09128d50-cdd4-4dd9-b38f-490bf04221a1","childs":{"код":{"_level":2,"parentID":"09128d50-cdd4-4dd9-b38f-490bf04221a1","firstParentID":"59dd7689-74de-40e5-8773-66bd509759f9","ID":"27cf2f37-5c4b-4b39-80d8-b3e711936e34","childs":null,"emcosID":null,"emcosMLID":null,"codMaketTEP":null,"codTEP":null,"WSName":"DB","rangeAddress":"$AD$95:$AD$132","headAddress":"$AD$95","bodyAddress":"$AD$96:$AD$132","_name":"код"},"основное":{"_level":2,"parentID":"09128d50-cdd4-4dd9-b38f-490bf04221a1","firstParentID":"59dd7689-74de-40e5-8773-66bd509759f9","ID":"5466d476-8e2b-42aa-9c51-ab08f9868d12","childs":null,"emcosID":null,"emcosMLID":null,"codMaketTEP":null,"codTEP":null,"WSName":"DB","rangeAddress":"$AE$95:$AE$132","headAddress":"$AE$95","bodyAddress":"$AE$96:$AE$132","_name":"основное"},"корректировка факт":{"_level":2,"parentID":"09128d50-cdd4-4dd9-b38f-490bf04221a1","firstParentID":"59dd7689-74de-40e5-8773-66bd509759f9","ID":"2fe834e4-0fc8-4b5f-b79a-c716ba5839e5","childs":null,"emcosID":null,"emcosMLID":null,"codMaketTEP":null,"codTEP":null,"WSName":"DB","rangeAddress":"$AF$95:$AF$132","headAddress":"$AF$95","bodyAddress":"$AF$96:$AF$132","_name":"корректировка факт"},"ручное":{"_level":2,"parentID":"09128d50-cdd4-4dd9-b38f-490bf04221a1","firstParentID":"59dd7689-74de-40e5-8773-66bd509759f9","ID":"a24e6276-b717-4180-9ecb-be9dc454d492","childs":null,"emcosID":null,"emcosMLID":null,"codMaketTEP":null,"codTEP":null,"WSName":"DB","rangeAddress":"$AG$95:$AG$132","headAddress":"$AG$95","bodyAddress":"$AG$96:$AG$132","_name":"ручное"}},"emcosID":null,"emcosMLID":null,"codMaketTEP":null,"codTEP":null,"WSName":"DB","rangeAddress":"$AD$94:$AG$132","headAddress":"$AD$94:$AG$94","bodyAddress":"$AD$95:$AG$132","_name":"отдача"}},"emcosID":null,"emcosMLID":null,"codMaketTEP":null,"codTEP":null,"WSName":"DB","rangeAddress":"$Z$93:$AG$132","headAddress":"$Z$93:$AG$93","bodyAddress":"$Z$94:$AG$132","_name":"Л2273 Чиганак тяга"}},"codPlan":null,"meterCoef":null,"_name":"Л2273 Чиганак тяга"}