{"ID":"a15a15a4-bd8b-4a05-88ff-8bb8ccc3b3c5","childs":{"PS":{"_level":0,"parentID":"a15a15a4-bd8b-4a05-88ff-8bb8ccc3b3c5","firstParentID":"a15a15a4-bd8b-4a05-88ff-8bb8ccc3b3c5","ID":"b5b15e2e-d39d-478f-b533-ac07087eb0f3","childs":{"прием":{"_level":1,"parentID":"b5b15e2e-d39d-478f-b533-ac07087eb0f3","firstParentID":"a15a15a4-bd8b-4a05-88ff-8bb8ccc3b3c5","ID":"f678c381-15ad-482a-bf44-be150fd926a5","childs":{"оперативное":{"_level":2,"parentID":"f678c381-15ad-482a-bf44-be150fd926a5","firstParentID":"a15a15a4-bd8b-4a05-88ff-8bb8ccc3b3c5","ID":"e4675b9a-30ab-4c94-b264-ca499285c896","childs":null,"emcosID":null,"emcosMLID":null,"codMaketTEP":null,"codTEP":null,"WSName":"PS","rangeAddress":"$BL$185:$BL$221","headAddress":"$BL$185","bodyAddress":"$BL$186:$BL$221","_name":"оперативное"}},"emcosID":null,"emcosMLID":null,"codMaketTEP":null,"codTEP":null,"WSName":"PS","rangeAddress":"$BL$184:$BL$221","headAddress":"$BL$184","bodyAddress":"$BL$185:$BL$221","_name":"прием"}},"emcosID":null,"emcosMLID":null,"codMaketTEP":null,"codTEP":null,"WSName":"PS","rangeAddress":"$BL$183:$BL$221","headAddress":"$BL$183","bodyAddress":"$BL$184:$BL$221","_name":"Доля потерь АЖК"},"DB":{"_level":0,"parentID":"a15a15a4-bd8b-4a05-88ff-8bb8ccc3b3c5","firstParentID":"a15a15a4-bd8b-4a05-88ff-8bb8ccc3b3c5","ID":"e8bad44d-cab8-4ac1-ad12-542d6a0b3c31","childs":{"прием":{"_level":1,"parentID":"e8bad44d-cab8-4ac1-ad12-542d6a0b3c31","firstParentID":"a15a15a4-bd8b-4a05-88ff-8bb8ccc3b3c5","ID":"9a66cf93-2fbc-4ec8-82ef-d31fe100f6df","childs":{"код":{"_level":2,"parentID":"9a66cf93-2fbc-4ec8-82ef-d31fe100f6df","firstParentID":"a15a15a4-bd8b-4a05-88ff-8bb8ccc3b3c5","ID":"52a953bd-e2e0-4d34-940e-8cb687a65e10","childs":null,"emcosID":null,"emcosMLID":null,"codMaketTEP":null,"codTEP":null,"WSName":"DB","rangeAddress":"$HD$353:$HD$390","headAddress":"$HD$353","bodyAddress":"$HD$354:$HD$390","_name":"код"},"основное":{"_level":2,"parentID":"9a66cf93-2fbc-4ec8-82ef-d31fe100f6df","firstParentID":"a15a15a4-bd8b-4a05-88ff-8bb8ccc3b3c5","ID":"666832b8-451c-4deb-a6fb-96f3909d9ad3","childs":null,"emcosID":null,"emcosMLID":null,"codMaketTEP":null,"codTEP":null,"WSName":"DB","rangeAddress":"$HE$353:$HE$390","headAddress":"$HE$353","bodyAddress":"$HE$354:$HE$390","_name":"основное"},"корректировка факт":{"_level":2,"parentID":"9a66cf93-2fbc-4ec8-82ef-d31fe100f6df","firstParentID":"a15a15a4-bd8b-4a05-88ff-8bb8ccc3b3c5","ID":"e674a871-a2d7-4245-a258-5d94539302ff","childs":null,"emcosID":null,"emcosMLID":null,"codMaketTEP":null,"codTEP":null,"WSName":"DB","rangeAddress":"$HF$353:$HF$390","headAddress":"$HF$353","bodyAddress":"$HF$354:$HF$390","_name":"корректировка факт"},"ручное":{"_level":2,"parentID":"9a66cf93-2fbc-4ec8-82ef-d31fe100f6df","firstParentID":"a15a15a4-bd8b-4a05-88ff-8bb8ccc3b3c5","ID":"eb55e81a-16e3-447f-a1b4-0f41a2367243","childs":null,"emcosID":null,"emcosMLID":null,"codMaketTEP":null,"codTEP":null,"WSName":"DB","rangeAddress":"$HG$353:$HG$390","headAddress":"$HG$353","bodyAddress":"$HG$354:$HG$390","_name":"ручное"},"оперативное":{"_level":2,"parentID":"9a66cf93-2fbc-4ec8-82ef-d31fe100f6df","firstParentID":"a15a15a4-bd8b-4a05-88ff-8bb8ccc3b3c5","ID":"4d6495bd-6089-4e70-a13f-6d6718ec23f8","childs":null,"emcosID":null,"emcosMLID":null,"codMaketTEP":null,"codTEP":null,"WSName":"DB","rangeAddress":"$HH$353:$HH$390","headAddress":"$HH$353","bodyAddress":"$HH$354:$HH$390","_name":"оперативное"}},"emcosID":null,"emcosMLID":null,"codMaketTEP":null,"codTEP":null,"WSName":"DB","rangeAddress":"$HD$352:$HH$390","headAddress":"$HD$352:$HH$352","bodyAddress":"$HD$353:$HH$390","_name":"прием"}},"emcosID":null,"emcosMLID":null,"codMaketTEP":null,"codTEP":null,"WSName":"DB","rangeAddress":"$HD$351:$HH$390","headAddress":"$HD$351:$HH$351","bodyAddress":"$HD$352:$HH$390","_name":"Доля потерь АЖК"}},"codPlan":null,"meterCoef":null,"_name":"Доля потерь АЖК"}