{"ID":"b82a0c08-fb6c-43eb-aacc-223460a233e7","childs":{"PS":{"_level":0,"parentID":"b82a0c08-fb6c-43eb-aacc-223460a233e7","firstParentID":"b82a0c08-fb6c-43eb-aacc-223460a233e7","ID":"e9c73b26-d8e6-4c24-bd84-f32081890088","childs":{"прием":{"_level":1,"parentID":"e9c73b26-d8e6-4c24-bd84-f32081890088","firstParentID":"b82a0c08-fb6c-43eb-aacc-223460a233e7","ID":"a7d99223-ff8d-460b-a439-5ea6be0f19ba","childs":{"оперативное":{"_level":2,"parentID":"a7d99223-ff8d-460b-a439-5ea6be0f19ba","firstParentID":"b82a0c08-fb6c-43eb-aacc-223460a233e7","ID":"03a367fd-dab1-4e87-bffe-f0627db1f6ad","childs":null,"emcosID":null,"emcosMLID":null,"codMaketTEP":null,"codTEP":null,"WSName":"PS","rangeAddress":"$IT$99:$IT$135","headAddress":"$IT$99","bodyAddress":"$IT$100:$IT$135","_name":"оперативное"}},"emcosID":null,"emcosMLID":null,"codMaketTEP":null,"codTEP":null,"WSName":"PS","rangeAddress":"$IT$98:$IT$135","headAddress":"$IT$98","bodyAddress":"$IT$99:$IT$135","_name":"прием"},"отдача":{"_level":1,"parentID":"e9c73b26-d8e6-4c24-bd84-f32081890088","firstParentID":"b82a0c08-fb6c-43eb-aacc-223460a233e7","ID":"09939198-8e15-4d4e-bde7-30f04802de4d","childs":{"оперативное":{"_level":2,"parentID":"09939198-8e15-4d4e-bde7-30f04802de4d","firstParentID":"b82a0c08-fb6c-43eb-aacc-223460a233e7","ID":"73294648-b077-429c-8cfd-7681a061cca2","childs":null,"emcosID":null,"emcosMLID":null,"codMaketTEP":null,"codTEP":null,"WSName":"PS","rangeAddress":"$IU$99:$IU$135","headAddress":"$IU$99","bodyAddress":"$IU$100:$IU$135","_name":"оперативное"}},"emcosID":null,"emcosMLID":null,"codMaketTEP":null,"codTEP":null,"WSName":"PS","rangeAddress":"$IU$98:$IU$135","headAddress":"$IU$98","bodyAddress":"$IU$99:$IU$135","_name":"отдача"}},"emcosID":null,"emcosMLID":null,"codMaketTEP":null,"codTEP":null,"WSName":"PS","rangeAddress":"$IT$97:$IU$135","headAddress":"$IT$97:$IU$97","bodyAddress":"$IT$98:$IU$135","_name":"АТ1 Шелек 68И"},"DB":{"_level":0,"parentID":"b82a0c08-fb6c-43eb-aacc-223460a233e7","firstParentID":"b82a0c08-fb6c-43eb-aacc-223460a233e7","ID":"4b3e073f-ae5e-4b28-be2b-439e7ab2eb6c","childs":{"прием":{"_level":1,"parentID":"4b3e073f-ae5e-4b28-be2b-439e7ab2eb6c","firstParentID":"b82a0c08-fb6c-43eb-aacc-223460a233e7","ID":"e72d69bd-9e2b-4d12-b288-6eccddc135dc","childs":{"код":{"_level":2,"parentID":"e72d69bd-9e2b-4d12-b288-6eccddc135dc","firstParentID":"b82a0c08-fb6c-43eb-aacc-223460a233e7","ID":"752c3fb9-8a34-42c5-9a23-a567b17625fb","childs":null,"emcosID":null,"emcosMLID":null,"codMaketTEP":null,"codTEP":null,"WSName":"DB","rangeAddress":"$W$310:$W$347","headAddress":"$W$310","bodyAddress":"$W$311:$W$347","_name":"код"},"основное":{"_level":2,"parentID":"e72d69bd-9e2b-4d12-b288-6eccddc135dc","firstParentID":"b82a0c08-fb6c-43eb-aacc-223460a233e7","ID":"7b669aa6-d93c-496e-8b30-7d073bb2398f","childs":null,"emcosID":null,"emcosMLID":null,"codMaketTEP":null,"codTEP":null,"WSName":"DB","rangeAddress":"$X$310:$X$347","headAddress":"$X$310","bodyAddress":"$X$311:$X$347","_name":"основное"},"корректировка факт":{"_level":2,"parentID":"e72d69bd-9e2b-4d12-b288-6eccddc135dc","firstParentID":"b82a0c08-fb6c-43eb-aacc-223460a233e7","ID":"680d80ac-7b78-424b-b16e-a10a66c87e7b","childs":null,"emcosID":null,"emcosMLID":null,"codMaketTEP":null,"codTEP":null,"WSName":"DB","rangeAddress":"$Y$310:$Y$347","headAddress":"$Y$310","bodyAddress":"$Y$311:$Y$347","_name":"корректировка факт"},"ручное":{"_level":2,"parentID":"e72d69bd-9e2b-4d12-b288-6eccddc135dc","firstParentID":"b82a0c08-fb6c-43eb-aacc-223460a233e7","ID":"fec35c39-a951-42e1-a5cd-be34563b8649","childs":null,"emcosID":null,"emcosMLID":null,"codMaketTEP":null,"codTEP":null,"WSName":"DB","rangeAddress":"$Z$310:$Z$347","headAddress":"$Z$310","bodyAddress":"$Z$311:$Z$347","_name":"ручное"},"оперативное":{"_level":2,"parentID":"e72d69bd-9e2b-4d12-b288-6eccddc135dc","firstParentID":"b82a0c08-fb6c-43eb-aacc-223460a233e7","ID":"d13c4ee5-b3be-45d7-b47b-abfc296edbfc","childs":null,"emcosID":null,"emcosMLID":null,"codMaketTEP":null,"codTEP":null,"WSName":"DB","rangeAddress":"$AA$310:$AA$347","headAddress":"$AA$310","bodyAddress":"$AA$311:$AA$347","_name":"оперативное"}},"emcosID":null,"emcosMLID":null,"codMaketTEP":null,"codTEP":null,"WSName":"DB","rangeAddress":"$W$309:$AA$347","headAddress":"$W$309:$AA$309","bodyAddress":"$W$310:$AA$347","_name":"прием"},"отдача":{"_level":1,"parentID":"4b3e073f-ae5e-4b28-be2b-439e7ab2eb6c","firstParentID":"b82a0c08-fb6c-43eb-aacc-223460a233e7","ID":"526d7566-e99c-479b-bbdf-2b8c334d9d03","childs":{"код":{"_level":2,"parentID":"526d7566-e99c-479b-bbdf-2b8c334d9d03","firstParentID":"b82a0c08-fb6c-43eb-aacc-223460a233e7","ID":"09ca3328-e7da-4fce-ac10-5965587cbc56","childs":null,"emcosID":null,"emcosMLID":null,"codMaketTEP":null,"codTEP":null,"WSName":"DB","rangeAddress":"$AB$310:$AB$347","headAddress":"$AB$310","bodyAddress":"$AB$311:$AB$347","_name":"код"},"основное":{"_level":2,"parentID":"526d7566-e99c-479b-bbdf-2b8c334d9d03","firstParentID":"b82a0c08-fb6c-43eb-aacc-223460a233e7","ID":"6b665fd7-e751-4443-8b5f-0ddccb7bc74a","childs":null,"emcosID":null,"emcosMLID":null,"codMaketTEP":null,"codTEP":null,"WSName":"DB","rangeAddress":"$AC$310:$AC$347","headAddress":"$AC$310","bodyAddress":"$AC$311:$AC$347","_name":"основное"},"корректировка факт":{"_level":2,"parentID":"526d7566-e99c-479b-bbdf-2b8c334d9d03","firstParentID":"b82a0c08-fb6c-43eb-aacc-223460a233e7","ID":"c556ac86-fac3-4630-a7ed-fa46f92962d6","childs":null,"emcosID":null,"emcosMLID":null,"codMaketTEP":null,"codTEP":null,"WSName":"DB","rangeAddress":"$AD$310:$AD$347","headAddress":"$AD$310","bodyAddress":"$AD$311:$AD$347","_name":"корректировка факт"},"ручное":{"_level":2,"parentID":"526d7566-e99c-479b-bbdf-2b8c334d9d03","firstParentID":"b82a0c08-fb6c-43eb-aacc-223460a233e7","ID":"c4036a58-148f-4198-8c7e-11de0230bcef","childs":null,"emcosID":null,"emcosMLID":null,"codMaketTEP":null,"codTEP":null,"WSName":"DB","rangeAddress":"$AE$310:$AE$347","headAddress":"$AE$310","bodyAddress":"$AE$311:$AE$347","_name":"ручное"},"оперативное":{"_level":2,"parentID":"526d7566-e99c-479b-bbdf-2b8c334d9d03","firstParentID":"b82a0c08-fb6c-43eb-aacc-223460a233e7","ID":"a6970e7e-423f-4b45-b314-8eb1e76ad148","childs":null,"emcosID":null,"emcosMLID":null,"codMaketTEP":null,"codTEP":null,"WSName":"DB","rangeAddress":"$AF$310:$AF$347","headAddress":"$AF$310","bodyAddress":"$AF$311:$AF$347","_name":"оперативное"}},"emcosID":null,"emcosMLID":null,"codMaketTEP":null,"codTEP":null,"WSName":"DB","rangeAddress":"$AB$309:$AF$347","headAddress":"$AB$309:$AF$309","bodyAddress":"$AB$310:$AF$347","_name":"отдача"}},"emcosID":null,"emcosMLID":null,"codMaketTEP":null,"codTEP":null,"WSName":"DB","rangeAddress":"$W$308:$AF$347","headAddress":"$W$308:$AF$308","bodyAddress":"$W$309:$AF$347","_name":"АТ1 Шелек 68И"}},"codPlan":null,"meterCoef":null,"_name":"АТ1 Шелек 68И"}