{"ID":"c5149981-e959-4e8a-8176-4c53138e3971","childs":{"PS":{"_level":0,"parentID":"c5149981-e959-4e8a-8176-4c53138e3971","firstParentID":"c5149981-e959-4e8a-8176-4c53138e3971","ID":"ae84c451-aea0-4dff-9551-0fee865d6b4e","childs":{"прием":{"_level":1,"parentID":"ae84c451-aea0-4dff-9551-0fee865d6b4e","firstParentID":"c5149981-e959-4e8a-8176-4c53138e3971","ID":"2935daaa-f374-4df4-a9e1-4dae76acbb4b","childs":{"аскуэ":{"_level":2,"parentID":"2935daaa-f374-4df4-a9e1-4dae76acbb4b","firstParentID":"c5149981-e959-4e8a-8176-4c53138e3971","ID":"97d56931-3851-4a75-9816-8503fba6d784","childs":null,"emcosID":null,"emcosMLID":null,"codMaketTEP":null,"codTEP":null,"WSName":"PS","rangeAddress":"$BD$56:$BD$92","headAddress":"$BD$56","bodyAddress":"$BD$57:$BD$92","_name":"аскуэ"}},"emcosID":null,"emcosMLID":null,"codMaketTEP":null,"codTEP":null,"WSName":"PS","rangeAddress":"$BD$55:$BD$92","headAddress":"$BD$55","bodyAddress":"$BD$56:$BD$92","_name":"прием"},"отдача":{"_level":1,"parentID":"ae84c451-aea0-4dff-9551-0fee865d6b4e","firstParentID":"c5149981-e959-4e8a-8176-4c53138e3971","ID":"e2fcd7f5-fa8f-4243-8a7b-221f2943400d","childs":{"аскуэ":{"_level":2,"parentID":"e2fcd7f5-fa8f-4243-8a7b-221f2943400d","firstParentID":"c5149981-e959-4e8a-8176-4c53138e3971","ID":"73491e80-591f-4698-9de5-66a0a8148e82","childs":null,"emcosID":null,"emcosMLID":null,"codMaketTEP":null,"codTEP":null,"WSName":"PS","rangeAddress":"$BE$56:$BE$92","headAddress":"$BE$56","bodyAddress":"$BE$57:$BE$92","_name":"аскуэ"}},"emcosID":null,"emcosMLID":null,"codMaketTEP":null,"codTEP":null,"WSName":"PS","rangeAddress":"$BE$55:$BE$92","headAddress":"$BE$55","bodyAddress":"$BE$56:$BE$92","_name":"отдача"},"сальдо":{"_level":1,"parentID":"ae84c451-aea0-4dff-9551-0fee865d6b4e","firstParentID":"c5149981-e959-4e8a-8176-4c53138e3971","ID":"563cfbbb-ecff-4d64-932f-a442966242e9","childs":{"формула":{"_level":2,"parentID":"563cfbbb-ecff-4d64-932f-a442966242e9","firstParentID":"c5149981-e959-4e8a-8176-4c53138e3971","ID":"e25444f1-2804-4dcc-92a0-63222fc193a7","childs":null,"emcosID":null,"emcosMLID":null,"codMaketTEP":null,"codTEP":null,"WSName":"PS","rangeAddress":"$BF$56:$BF$92","headAddress":"$BF$56","bodyAddress":"$BF$57:$BF$92","_name":"формула"}},"emcosID":null,"emcosMLID":null,"codMaketTEP":1351,"codTEP":null,"WSName":"PS","rangeAddress":"$BF$55:$BF$92","headAddress":"$BF$55","bodyAddress":"$BF$56:$BF$92","_name":"сальдо"}},"emcosID":null,"emcosMLID":null,"codMaketTEP":null,"codTEP":null,"WSName":"PS","rangeAddress":"$BD$54:$BF$92","headAddress":"$BD$54:$BF$54","bodyAddress":"$BD$55:$BF$92","_name":"Л2163 Шу"},"DB":{"_level":0,"parentID":"c5149981-e959-4e8a-8176-4c53138e3971","firstParentID":"c5149981-e959-4e8a-8176-4c53138e3971","ID":"cad67547-93ab-49f6-94d5-cf03f19d6b46","childs":{"прием":{"_level":1,"parentID":"cad67547-93ab-49f6-94d5-cf03f19d6b46","firstParentID":"c5149981-e959-4e8a-8176-4c53138e3971","ID":"c5f04471-b7a9-4571-90f4-bcbfa734edeb","childs":{"код":{"_level":2,"parentID":"c5f04471-b7a9-4571-90f4-bcbfa734edeb","firstParentID":"c5149981-e959-4e8a-8176-4c53138e3971","ID":"0f33c2b0-fe84-4ba9-824e-0ec62018f23e","childs":null,"emcosID":null,"emcosMLID":null,"codMaketTEP":null,"codTEP":null,"WSName":"DB","rangeAddress":"$GS$9:$GS$46","headAddress":"$GS$9","bodyAddress":"$GS$10:$GS$46","_name":"код"},"основное":{"_level":2,"parentID":"c5f04471-b7a9-4571-90f4-bcbfa734edeb","firstParentID":"c5149981-e959-4e8a-8176-4c53138e3971","ID":"be3611d7-ec7e-419c-8051-7acda5df9ac9","childs":null,"emcosID":null,"emcosMLID":null,"codMaketTEP":null,"codTEP":null,"WSName":"DB","rangeAddress":"$GT$9:$GT$46","headAddress":"$GT$9","bodyAddress":"$GT$10:$GT$46","_name":"основное"},"корректировка факт":{"_level":2,"parentID":"c5f04471-b7a9-4571-90f4-bcbfa734edeb","firstParentID":"c5149981-e959-4e8a-8176-4c53138e3971","ID":"beb068db-498f-4867-9ca0-61a3ca34bbe4","childs":null,"emcosID":null,"emcosMLID":null,"codMaketTEP":null,"codTEP":null,"WSName":"DB","rangeAddress":"$GU$9:$GU$46","headAddress":"$GU$9","bodyAddress":"$GU$10:$GU$46","_name":"корректировка факт"},"ручное":{"_level":2,"parentID":"c5f04471-b7a9-4571-90f4-bcbfa734edeb","firstParentID":"c5149981-e959-4e8a-8176-4c53138e3971","ID":"8e58c21f-6841-4c9c-809a-a25ad4db284b","childs":null,"emcosID":null,"emcosMLID":null,"codMaketTEP":null,"codTEP":null,"WSName":"DB","rangeAddress":"$GV$9:$GV$46","headAddress":"$GV$9","bodyAddress":"$GV$10:$GV$46","_name":"ручное"},"счетчик":{"_level":2,"parentID":"c5f04471-b7a9-4571-90f4-bcbfa734edeb","firstParentID":"c5149981-e959-4e8a-8176-4c53138e3971","ID":"b1639b1c-2412-420f-a8d2-d87143af02ca","childs":null,"emcosID":null,"emcosMLID":null,"codMaketTEP":null,"codTEP":null,"WSName":"DB","rangeAddress":"$GW$9:$GW$46","headAddress":"$GW$9","bodyAddress":"$GW$10:$GW$46","_name":"счетчик"},"по счетчику":{"_level":2,"parentID":"c5f04471-b7a9-4571-90f4-bcbfa734edeb","firstParentID":"c5149981-e959-4e8a-8176-4c53138e3971","ID":"136ddbf3-625b-4698-85ca-592297df4eb6","childs":null,"emcosID":null,"emcosMLID":null,"codMaketTEP":null,"codTEP":null,"WSName":"DB","rangeAddress":"$GX$9:$GX$46","headAddress":"$GX$9","bodyAddress":"$GX$10:$GX$46","_name":"по счетчику"},"аскуэ":{"_level":2,"parentID":"c5f04471-b7a9-4571-90f4-bcbfa734edeb","firstParentID":"c5149981-e959-4e8a-8176-4c53138e3971","ID":"1966ff2f-c025-4252-88af-0d5b0d33a520","childs":null,"emcosID":null,"emcosMLID":null,"codMaketTEP":null,"codTEP":null,"WSName":"DB","rangeAddress":"$GY$9:$GY$46","headAddress":"$GY$9","bodyAddress":"$GY$10:$GY$46","_name":"аскуэ"}},"emcosID":402,"emcosMLID":386,"codMaketTEP":null,"codTEP":null,"WSName":"DB","rangeAddress":"$GS$8:$GY$46","headAddress":"$GS$8:$GY$8","bodyAddress":"$GS$9:$GY$46","_name":"прием"},"отдача":{"_level":1,"parentID":"cad67547-93ab-49f6-94d5-cf03f19d6b46","firstParentID":"c5149981-e959-4e8a-8176-4c53138e3971","ID":"ab3c7b37-94c9-4bf0-b156-2fb27426b32f","childs":{"код":{"_level":2,"parentID":"ab3c7b37-94c9-4bf0-b156-2fb27426b32f","firstParentID":"c5149981-e959-4e8a-8176-4c53138e3971","ID":"5658ad95-4d64-4711-8351-a6939d464498","childs":null,"emcosID":null,"emcosMLID":null,"codMaketTEP":null,"codTEP":null,"WSName":"DB","rangeAddress":"$GZ$9:$GZ$46","headAddress":"$GZ$9","bodyAddress":"$GZ$10:$GZ$46","_name":"код"},"основное":{"_level":2,"parentID":"ab3c7b37-94c9-4bf0-b156-2fb27426b32f","firstParentID":"c5149981-e959-4e8a-8176-4c53138e3971","ID":"bea53f4e-4de5-471c-a27b-18bf2087edc5","childs":null,"emcosID":null,"emcosMLID":null,"codMaketTEP":null,"codTEP":null,"WSName":"DB","rangeAddress":"$HA$9:$HA$46","headAddress":"$HA$9","bodyAddress":"$HA$10:$HA$46","_name":"основное"},"корректировка факт":{"_level":2,"parentID":"ab3c7b37-94c9-4bf0-b156-2fb27426b32f","firstParentID":"c5149981-e959-4e8a-8176-4c53138e3971","ID":"606760a4-f4fb-4b58-a09f-f50fd6f42b91","childs":null,"emcosID":null,"emcosMLID":null,"codMaketTEP":null,"codTEP":null,"WSName":"DB","rangeAddress":"$HB$9:$HB$46","headAddress":"$HB$9","bodyAddress":"$HB$10:$HB$46","_name":"корректировка факт"},"ручное":{"_level":2,"parentID":"ab3c7b37-94c9-4bf0-b156-2fb27426b32f","firstParentID":"c5149981-e959-4e8a-8176-4c53138e3971","ID":"f7386091-b362-4886-b9d2-d25b8cdd61f5","childs":null,"emcosID":null,"emcosMLID":null,"codMaketTEP":null,"codTEP":null,"WSName":"DB","rangeAddress":"$HC$9:$HC$46","headAddress":"$HC$9","bodyAddress":"$HC$10:$HC$46","_name":"ручное"},"счетчик":{"_level":2,"parentID":"ab3c7b37-94c9-4bf0-b156-2fb27426b32f","firstParentID":"c5149981-e959-4e8a-8176-4c53138e3971","ID":"3d81e7cc-836e-4369-8f9c-be6b3547140c","childs":null,"emcosID":null,"emcosMLID":null,"codMaketTEP":null,"codTEP":null,"WSName":"DB","rangeAddress":"$HD$9:$HD$46","headAddress":"$HD$9","bodyAddress":"$HD$10:$HD$46","_name":"счетчик"},"по счетчику":{"_level":2,"parentID":"ab3c7b37-94c9-4bf0-b156-2fb27426b32f","firstParentID":"c5149981-e959-4e8a-8176-4c53138e3971","ID":"247c06ec-1b9a-479c-a321-eb949131c65d","childs":null,"emcosID":null,"emcosMLID":null,"codMaketTEP":null,"codTEP":null,"WSName":"DB","rangeAddress":"$HE$9:$HE$46","headAddress":"$HE$9","bodyAddress":"$HE$10:$HE$46","_name":"по счетчику"},"аскуэ":{"_level":2,"parentID":"ab3c7b37-94c9-4bf0-b156-2fb27426b32f","firstParentID":"c5149981-e959-4e8a-8176-4c53138e3971","ID":"9296d461-b38d-41af-8cea-991385a83ba6","childs":null,"emcosID":null,"emcosMLID":null,"codMaketTEP":null,"codTEP":null,"WSName":"DB","rangeAddress":"$HF$9:$HF$46","headAddress":"$HF$9","bodyAddress":"$HF$10:$HF$46","_name":"аскуэ"}},"emcosID":402,"emcosMLID":385,"codMaketTEP":null,"codTEP":null,"WSName":"DB","rangeAddress":"$GZ$8:$HF$46","headAddress":"$GZ$8:$HF$8","bodyAddress":"$GZ$9:$HF$46","_name":"отдача"},"сальдо":{"_level":1,"parentID":"cad67547-93ab-49f6-94d5-cf03f19d6b46","firstParentID":"c5149981-e959-4e8a-8176-4c53138e3971","ID":"c62c6713-5c17-4732-8d42-ed2712612ef7","childs":{"код":{"_level":2,"parentID":"c62c6713-5c17-4732-8d42-ed2712612ef7","firstParentID":"c5149981-e959-4e8a-8176-4c53138e3971","ID":"494ca58a-1d12-4717-8007-4fd2c7c65f3c","childs":null,"emcosID":null,"emcosMLID":null,"codMaketTEP":null,"codTEP":null,"WSName":"DB","rangeAddress":"$HG$9:$HG$46","headAddress":"$HG$9","bodyAddress":"$HG$10:$HG$46","_name":"код"},"основное":{"_level":2,"parentID":"c62c6713-5c17-4732-8d42-ed2712612ef7","firstParentID":"c5149981-e959-4e8a-8176-4c53138e3971","ID":"2120e46d-cd4c-414d-94a0-50e919384d84","childs":null,"emcosID":null,"emcosMLID":null,"codMaketTEP":null,"codTEP":null,"WSName":"DB","rangeAddress":"$HH$9:$HH$46","headAddress":"$HH$9","bodyAddress":"$HH$10:$HH$46","_name":"основное"},"корректировка факт":{"_level":2,"parentID":"c62c6713-5c17-4732-8d42-ed2712612ef7","firstParentID":"c5149981-e959-4e8a-8176-4c53138e3971","ID":"3a6a4344-619e-441a-931f-cac5725ceefa","childs":null,"emcosID":null,"emcosMLID":null,"codMaketTEP":null,"codTEP":null,"WSName":"DB","rangeAddress":"$HI$9:$HI$46","headAddress":"$HI$9","bodyAddress":"$HI$10:$HI$46","_name":"корректировка факт"},"ручное":{"_level":2,"parentID":"c62c6713-5c17-4732-8d42-ed2712612ef7","firstParentID":"c5149981-e959-4e8a-8176-4c53138e3971","ID":"4e5a9861-9111-4003-8435-da6546a9c25a","childs":null,"emcosID":null,"emcosMLID":null,"codMaketTEP":null,"codTEP":null,"WSName":"DB","rangeAddress":"$HJ$9:$HJ$46","headAddress":"$HJ$9","bodyAddress":"$HJ$10:$HJ$46","_name":"ручное"},"формула":{"_level":2,"parentID":"c62c6713-5c17-4732-8d42-ed2712612ef7","firstParentID":"c5149981-e959-4e8a-8176-4c53138e3971","ID":"cdcd3a3f-f381-4bcb-9a33-8f93ced35de4","childs":null,"emcosID":null,"emcosMLID":null,"codMaketTEP":null,"codTEP":null,"WSName":"DB","rangeAddress":"$HK$9:$HK$46","headAddress":"$HK$9","bodyAddress":"$HK$10:$HK$46","_name":"формула"}},"emcosID":null,"emcosMLID":null,"codMaketTEP":null,"codTEP":null,"WSName":"DB","rangeAddress":"$HG$8:$HK$46","headAddress":"$HG$8:$HK$8","bodyAddress":"$HG$9:$HK$46","_name":"сальдо"}},"emcosID":null,"emcosMLID":null,"codMaketTEP":null,"codTEP":null,"WSName":"DB","rangeAddress":"$GS$7:$HK$46","headAddress":"$GS$7:$HK$7","bodyAddress":"$GS$8:$HK$46","_name":"Л2163 Шу"}},"codPlan":null,"meterCoef":null,"_name":"Л2163 Шу"}