{"ID":"cc0a03c0-0bc5-46ef-b2b3-319312082632","childs":{"PS":{"_level":0,"parentID":"cc0a03c0-0bc5-46ef-b2b3-319312082632","firstParentID":"cc0a03c0-0bc5-46ef-b2b3-319312082632","ID":"ba4e6808-521f-42b6-b463-bc4a515a82dc","childs":{"прием":{"_level":1,"parentID":"ba4e6808-521f-42b6-b463-bc4a515a82dc","firstParentID":"cc0a03c0-0bc5-46ef-b2b3-319312082632","ID":"c8165365-31ab-473f-bdbf-677128335001","childs":{"по плану":{"_level":2,"parentID":"c8165365-31ab-473f-bdbf-677128335001","firstParentID":"cc0a03c0-0bc5-46ef-b2b3-319312082632","ID":"cf732c24-60fd-42ff-b8e2-cb494b9234f5","childs":null,"emcosID":null,"emcosMLID":null,"codMaketTEP":null,"codTEP":null,"WSName":"PS","rangeAddress":"$M$185:$M$221","headAddress":"$M$185","bodyAddress":"$M$186:$M$221","_name":"по плану"}},"emcosID":null,"emcosMLID":null,"codMaketTEP":1378,"codTEP":null,"WSName":"PS","rangeAddress":"$M$184:$M$221","headAddress":"$M$184","bodyAddress":"$M$185:$M$221","_name":"прием"},"план":{"_level":1,"parentID":"ba4e6808-521f-42b6-b463-bc4a515a82dc","firstParentID":"cc0a03c0-0bc5-46ef-b2b3-319312082632","ID":"e8d9e5a5-c2f4-4a60-b56e-12645584f0d8","childs":{"заявка":{"_level":2,"parentID":"e8d9e5a5-c2f4-4a60-b56e-12645584f0d8","firstParentID":"cc0a03c0-0bc5-46ef-b2b3-319312082632","ID":"de569e81-e550-420d-97c4-60923bdcd969","childs":null,"emcosID":null,"emcosMLID":null,"codMaketTEP":null,"codTEP":null,"WSName":"PS","rangeAddress":"$N$185:$N$221","headAddress":"$N$185","bodyAddress":"$N$186:$N$221","_name":"заявка"}},"emcosID":null,"emcosMLID":null,"codMaketTEP":null,"codTEP":null,"WSName":"PS","rangeAddress":"$N$184:$N$221","headAddress":"$N$184","bodyAddress":"$N$185:$N$221","_name":"план"}},"emcosID":null,"emcosMLID":null,"codMaketTEP":null,"codTEP":null,"WSName":"PS","rangeAddress":"$M$183:$N$221","headAddress":"$M$183:$N$183","bodyAddress":"$M$184:$N$221","_name":"Потребление Темиржолэнерго Алматы"},"DB":{"_level":0,"parentID":"cc0a03c0-0bc5-46ef-b2b3-319312082632","firstParentID":"cc0a03c0-0bc5-46ef-b2b3-319312082632","ID":"634a0f2b-da05-4001-8bba-29903d9ed71e","childs":{"прием":{"_level":1,"parentID":"634a0f2b-da05-4001-8bba-29903d9ed71e","firstParentID":"cc0a03c0-0bc5-46ef-b2b3-319312082632","ID":"937b92d2-12f6-445a-884b-9f31cc65b4bc","childs":{"код":{"_level":2,"parentID":"937b92d2-12f6-445a-884b-9f31cc65b4bc","firstParentID":"cc0a03c0-0bc5-46ef-b2b3-319312082632","ID":"baaa3cad-9c30-478c-84b1-d3d599ee09e4","childs":null,"emcosID":null,"emcosMLID":null,"codMaketTEP":null,"codTEP":null,"WSName":"DB","rangeAddress":"$BR$353:$BR$390","headAddress":"$BR$353","bodyAddress":"$BR$354:$BR$390","_name":"код"},"основное":{"_level":2,"parentID":"937b92d2-12f6-445a-884b-9f31cc65b4bc","firstParentID":"cc0a03c0-0bc5-46ef-b2b3-319312082632","ID":"12de26ab-2916-4d35-8958-75c93d41bfe6","childs":null,"emcosID":null,"emcosMLID":null,"codMaketTEP":null,"codTEP":null,"WSName":"DB","rangeAddress":"$BS$353:$BS$390","headAddress":"$BS$353","bodyAddress":"$BS$354:$BS$390","_name":"основное"},"корректировка факт":{"_level":2,"parentID":"937b92d2-12f6-445a-884b-9f31cc65b4bc","firstParentID":"cc0a03c0-0bc5-46ef-b2b3-319312082632","ID":"59e70665-2c80-44b1-8c24-33b3b7a92582","childs":null,"emcosID":null,"emcosMLID":null,"codMaketTEP":null,"codTEP":null,"WSName":"DB","rangeAddress":"$BT$353:$BT$390","headAddress":"$BT$353","bodyAddress":"$BT$354:$BT$390","_name":"корректировка факт"},"ручное":{"_level":2,"parentID":"937b92d2-12f6-445a-884b-9f31cc65b4bc","firstParentID":"cc0a03c0-0bc5-46ef-b2b3-319312082632","ID":"8215d12d-2d81-47be-ab56-986f28dc9999","childs":null,"emcosID":null,"emcosMLID":null,"codMaketTEP":null,"codTEP":null,"WSName":"DB","rangeAddress":"$BU$353:$BU$390","headAddress":"$BU$353","bodyAddress":"$BU$354:$BU$390","_name":"ручное"},"по плану":{"_level":2,"parentID":"937b92d2-12f6-445a-884b-9f31cc65b4bc","firstParentID":"cc0a03c0-0bc5-46ef-b2b3-319312082632","ID":"e324f7de-2bec-4ff0-8b22-757b60207cba","childs":null,"emcosID":null,"emcosMLID":null,"codMaketTEP":null,"codTEP":null,"WSName":"DB","rangeAddress":"$BV$353:$BV$390","headAddress":"$BV$353","bodyAddress":"$BV$354:$BV$390","_name":"по плану"}},"emcosID":null,"emcosMLID":null,"codMaketTEP":null,"codTEP":null,"WSName":"DB","rangeAddress":"$BR$352:$BV$390","headAddress":"$BR$352:$BV$352","bodyAddress":"$BR$353:$BV$390","_name":"прием"},"план":{"_level":1,"parentID":"634a0f2b-da05-4001-8bba-29903d9ed71e","firstParentID":"cc0a03c0-0bc5-46ef-b2b3-319312082632","ID":"76499bd0-c343-4253-ad54-8c36f3bd0de6","childs":{"код":{"_level":2,"parentID":"76499bd0-c343-4253-ad54-8c36f3bd0de6","firstParentID":"cc0a03c0-0bc5-46ef-b2b3-319312082632","ID":"184902c3-7195-4a74-9520-236de5ca17ba","childs":null,"emcosID":null,"emcosMLID":null,"codMaketTEP":null,"codTEP":null,"WSName":"DB","rangeAddress":"$BW$353:$BW$390","headAddress":"$BW$353","bodyAddress":"$BW$354:$BW$390","_name":"код"},"основное":{"_level":2,"parentID":"76499bd0-c343-4253-ad54-8c36f3bd0de6","firstParentID":"cc0a03c0-0bc5-46ef-b2b3-319312082632","ID":"e9b92a1d-0602-4586-8a27-e93240df0791","childs":null,"emcosID":null,"emcosMLID":null,"codMaketTEP":null,"codTEP":null,"WSName":"DB","rangeAddress":"$BX$353:$BX$390","headAddress":"$BX$353","bodyAddress":"$BX$354:$BX$390","_name":"основное"},"заявка":{"_level":2,"parentID":"76499bd0-c343-4253-ad54-8c36f3bd0de6","firstParentID":"cc0a03c0-0bc5-46ef-b2b3-319312082632","ID":"01df8e82-2e8c-4371-8903-5692cfa3075f","childs":null,"emcosID":null,"emcosMLID":null,"codMaketTEP":null,"codTEP":null,"WSName":"DB","rangeAddress":"$BY$353:$BY$390","headAddress":"$BY$353","bodyAddress":"$BY$354:$BY$390","_name":"заявка"},"утвержденный":{"_level":2,"parentID":"76499bd0-c343-4253-ad54-8c36f3bd0de6","firstParentID":"cc0a03c0-0bc5-46ef-b2b3-319312082632","ID":"05717b4b-d23b-486a-82cc-87ec6743f32a","childs":null,"emcosID":null,"emcosMLID":null,"codMaketTEP":null,"codTEP":null,"WSName":"DB","rangeAddress":"$BZ$353:$BZ$390","headAddress":"$BZ$353","bodyAddress":"$BZ$354:$BZ$390","_name":"утвержденный"},"корректировка":{"_level":2,"parentID":"76499bd0-c343-4253-ad54-8c36f3bd0de6","firstParentID":"cc0a03c0-0bc5-46ef-b2b3-319312082632","ID":"cf51d14b-465e-4048-834e-11515f19bcdc","childs":null,"emcosID":null,"emcosMLID":null,"codMaketTEP":null,"codTEP":null,"WSName":"DB","rangeAddress":"$CA$353:$CA$390","headAddress":"$CA$353","bodyAddress":"$CA$354:$CA$390","_name":"корректировка"}},"emcosID":null,"emcosMLID":null,"codMaketTEP":null,"codTEP":null,"WSName":"DB","rangeAddress":"$BW$352:$CA$390","headAddress":"$BW$352:$CA$352","bodyAddress":"$BW$353:$CA$390","_name":"план"}},"emcosID":null,"emcosMLID":null,"codMaketTEP":null,"codTEP":null,"WSName":"DB","rangeAddress":"$BR$351:$CA$390","headAddress":"$BR$351:$CA$351","bodyAddress":"$BR$352:$CA$390","_name":"Потребление Темиржолэнерго Алматы"}},"codPlan":87,"meterCoef":null,"_name":"Потребление Темиржолэнерго Алматы"}