{"ID":"6027d8fc-2f39-4c8a-90ba-93171eb13c93","childs":{"PS":{"_level":0,"parentID":"6027d8fc-2f39-4c8a-90ba-93171eb13c93","firstParentID":"6027d8fc-2f39-4c8a-90ba-93171eb13c93","ID":"8deee1ac-9c17-48a3-95de-ea4bb9a49750","childs":{"отдача":{"_level":1,"parentID":"8deee1ac-9c17-48a3-95de-ea4bb9a49750","firstParentID":"6027d8fc-2f39-4c8a-90ba-93171eb13c93","ID":"1ce9c6be-2975-4ddc-bdb3-6bb696b93af1","childs":{"по счетчику":{"_level":2,"parentID":"1ce9c6be-2975-4ddc-bdb3-6bb696b93af1","firstParentID":"6027d8fc-2f39-4c8a-90ba-93171eb13c93","ID":"bc099add-3e74-410f-b114-6329330bbcfb","childs":null,"emcosID":null,"emcosMLID":null,"codMaketTEP":null,"codTEP":null,"WSName":"PS","rangeAddress":"$FE$99:$FE$135","headAddress":"$FE$99","bodyAddress":"$FE$100:$FE$135","_name":"по счетчику"},"СЧЕТЧИК":{"_level":2,"parentID":"1ce9c6be-2975-4ddc-bdb3-6bb696b93af1","firstParentID":"6027d8fc-2f39-4c8a-90ba-93171eb13c93","ID":"78b0e729-1a5a-414e-a952-9e775c9f4ff4","childs":null,"emcosID":null,"emcosMLID":null,"codMaketTEP":null,"codTEP":null,"WSName":"PS","rangeAddress":"$FF$99:$FF$135","headAddress":"$FF$99","bodyAddress":"$FF$100:$FF$135","_name":"СЧЕТЧИК"}},"emcosID":null,"emcosMLID":null,"codMaketTEP":null,"codTEP":null,"WSName":"PS","rangeAddress":"$FE$98:$FF$135","headAddress":"$FE$98:$FF$98","bodyAddress":"$FE$99:$FF$135","_name":"отдача"}},"emcosID":null,"emcosMLID":null,"codMaketTEP":null,"codTEP":null,"WSName":"PS","rangeAddress":"$FE$97:$FF$135","headAddress":"$FE$97:$FF$97","bodyAddress":"$FE$98:$FF$135","_name":"КЛ50 ПС152 Талдыкорган"},"DB":{"_level":0,"parentID":"6027d8fc-2f39-4c8a-90ba-93171eb13c93","firstParentID":"6027d8fc-2f39-4c8a-90ba-93171eb13c93","ID":"49ff639f-98d1-467b-8937-c6a0002b348f","childs":{"отдача":{"_level":1,"parentID":"49ff639f-98d1-467b-8937-c6a0002b348f","firstParentID":"6027d8fc-2f39-4c8a-90ba-93171eb13c93","ID":"15cbb5dd-8575-4efd-a014-14307cec8baf","childs":{"код":{"_level":2,"parentID":"15cbb5dd-8575-4efd-a014-14307cec8baf","firstParentID":"6027d8fc-2f39-4c8a-90ba-93171eb13c93","ID":"242de0cc-0803-48c8-ad0f-6cd45001dd42","childs":null,"emcosID":null,"emcosMLID":null,"codMaketTEP":null,"codTEP":null,"WSName":"DB","rangeAddress":"$ES$525:$ES$562","headAddress":"$ES$525","bodyAddress":"$ES$526:$ES$562","_name":"код"},"основное":{"_level":2,"parentID":"15cbb5dd-8575-4efd-a014-14307cec8baf","firstParentID":"6027d8fc-2f39-4c8a-90ba-93171eb13c93","ID":"17c0879b-e5b8-4da4-9d9e-4aefca282509","childs":null,"emcosID":null,"emcosMLID":null,"codMaketTEP":null,"codTEP":null,"WSName":"DB","rangeAddress":"$ET$525:$ET$562","headAddress":"$ET$525","bodyAddress":"$ET$526:$ET$562","_name":"основное"},"корректировка факт":{"_level":2,"parentID":"15cbb5dd-8575-4efd-a014-14307cec8baf","firstParentID":"6027d8fc-2f39-4c8a-90ba-93171eb13c93","ID":"f1f86454-e298-4b7f-bdff-bde96595343b","childs":null,"emcosID":null,"emcosMLID":null,"codMaketTEP":null,"codTEP":null,"WSName":"DB","rangeAddress":"$EU$525:$EU$562","headAddress":"$EU$525","bodyAddress":"$EU$526:$EU$562","_name":"корректировка факт"},"ручное":{"_level":2,"parentID":"15cbb5dd-8575-4efd-a014-14307cec8baf","firstParentID":"6027d8fc-2f39-4c8a-90ba-93171eb13c93","ID":"a0ca37da-1243-408c-951d-6cc145f196a5","childs":null,"emcosID":null,"emcosMLID":null,"codMaketTEP":null,"codTEP":null,"WSName":"DB","rangeAddress":"$EV$525:$EV$562","headAddress":"$EV$525","bodyAddress":"$EV$526:$EV$562","_name":"ручное"},"счетчик":{"_level":2,"parentID":"15cbb5dd-8575-4efd-a014-14307cec8baf","firstParentID":"6027d8fc-2f39-4c8a-90ba-93171eb13c93","ID":"a187bb17-a0ba-4c9c-aa44-f984b95c81b2","childs":null,"emcosID":null,"emcosMLID":null,"codMaketTEP":null,"codTEP":null,"WSName":"DB","rangeAddress":"$EW$525:$EW$562","headAddress":"$EW$525","bodyAddress":"$EW$526:$EW$562","_name":"счетчик"},"по счетчику":{"_level":2,"parentID":"15cbb5dd-8575-4efd-a014-14307cec8baf","firstParentID":"6027d8fc-2f39-4c8a-90ba-93171eb13c93","ID":"84553532-a556-4c54-bf63-b212e2705583","childs":null,"emcosID":null,"emcosMLID":null,"codMaketTEP":null,"codTEP":null,"WSName":"DB","rangeAddress":"$EX$525:$EX$562","headAddress":"$EX$525","bodyAddress":"$EX$526:$EX$562","_name":"по счетчику"}},"emcosID":null,"emcosMLID":null,"codMaketTEP":null,"codTEP":null,"WSName":"DB","rangeAddress":"$ES$524:$EX$562","headAddress":"$ES$524:$EX$524","bodyAddress":"$ES$525:$EX$562","_name":"отдача"}},"emcosID":null,"emcosMLID":null,"codMaketTEP":null,"codTEP":null,"WSName":"DB","rangeAddress":"$ES$523:$EX$562","headAddress":"$ES$523:$EX$523","bodyAddress":"$ES$524:$EX$562","_name":"КЛ50 ПС152 Талдыкорган"}},"codPlan":null,"meterCoef":"3","_name":"КЛ50 ПС152 Талдыкорган"}