{"ID":"8afe4636-3092-4785-b7a7-22c85cac50ec","childs":{"PS":{"_level":0,"parentID":"8afe4636-3092-4785-b7a7-22c85cac50ec","firstParentID":"8afe4636-3092-4785-b7a7-22c85cac50ec","ID":"2c0378db-25db-4e53-98e5-795644bf6354","childs":{"прием":{"_level":1,"parentID":"2c0378db-25db-4e53-98e5-795644bf6354","firstParentID":"8afe4636-3092-4785-b7a7-22c85cac50ec","ID":"6c8c39d7-fda6-4aa7-8cf6-16b86cfb83f5","childs":{"по плану":{"_level":2,"parentID":"6c8c39d7-fda6-4aa7-8cf6-16b86cfb83f5","firstParentID":"8afe4636-3092-4785-b7a7-22c85cac50ec","ID":"796cc1f5-f9d6-4ff0-99b5-6b17bc91a70e","childs":null,"emcosID":null,"emcosMLID":null,"codMaketTEP":null,"codTEP":null,"WSName":"PS","rangeAddress":"$BO$185:$BO$221","headAddress":"$BO$185","bodyAddress":"$BO$186:$BO$221","_name":"по плану"}},"emcosID":null,"emcosMLID":null,"codMaketTEP":1369,"codTEP":null,"WSName":"PS","rangeAddress":"$BO$184:$BO$221","headAddress":"$BO$184","bodyAddress":"$BO$185:$BO$221","_name":"прием"},"план":{"_level":1,"parentID":"2c0378db-25db-4e53-98e5-795644bf6354","firstParentID":"8afe4636-3092-4785-b7a7-22c85cac50ec","ID":"bc7628dc-2cc0-4707-864e-70257043c112","childs":{"заявка":{"_level":2,"parentID":"bc7628dc-2cc0-4707-864e-70257043c112","firstParentID":"8afe4636-3092-4785-b7a7-22c85cac50ec","ID":"619a85d4-ff88-4647-b78b-5c04b4a4aead","childs":null,"emcosID":null,"emcosMLID":null,"codMaketTEP":null,"codTEP":null,"WSName":"PS","rangeAddress":"$BP$185:$BP$221","headAddress":"$BP$185","bodyAddress":"$BP$186:$BP$221","_name":"заявка"},"КОРРЕКТИРОВКА":{"_level":2,"parentID":"bc7628dc-2cc0-4707-864e-70257043c112","firstParentID":"8afe4636-3092-4785-b7a7-22c85cac50ec","ID":"2ca5a6f9-3a65-4f5a-9543-24effd191837","childs":null,"emcosID":null,"emcosMLID":null,"codMaketTEP":null,"codTEP":null,"WSName":"PS","rangeAddress":"$BQ$185:$BQ$221","headAddress":"$BQ$185","bodyAddress":"$BQ$186:$BQ$221","_name":"КОРРЕКТИРОВКА"}},"emcosID":null,"emcosMLID":null,"codMaketTEP":null,"codTEP":null,"WSName":"PS","rangeAddress":"$BP$184:$BQ$221","headAddress":"$BP$184:$BQ$184","bodyAddress":"$BP$185:$BQ$221","_name":"план"}},"emcosID":null,"emcosMLID":null,"codMaketTEP":null,"codTEP":null,"WSName":"PS","rangeAddress":"$BO$183:$BQ$221","headAddress":"$BO$183:$BQ$183","bodyAddress":"$BO$184:$BQ$221","_name":"х.н. АЖК"},"DB":{"_level":0,"parentID":"8afe4636-3092-4785-b7a7-22c85cac50ec","firstParentID":"8afe4636-3092-4785-b7a7-22c85cac50ec","ID":"584c3ade-aa22-487d-b5cb-eac4992d48ea","childs":{"прием":{"_level":1,"parentID":"584c3ade-aa22-487d-b5cb-eac4992d48ea","firstParentID":"8afe4636-3092-4785-b7a7-22c85cac50ec","ID":"a69f1d64-d6a2-441a-9460-a804c92cb722","childs":{"код":{"_level":2,"parentID":"a69f1d64-d6a2-441a-9460-a804c92cb722","firstParentID":"8afe4636-3092-4785-b7a7-22c85cac50ec","ID":"99569f8b-aa22-4c83-90fa-975fb3a92f21","childs":null,"emcosID":null,"emcosMLID":null,"codMaketTEP":null,"codTEP":null,"WSName":"DB","rangeAddress":"$C$310:$C$347","headAddress":"$C$310","bodyAddress":"$C$311:$C$347","_name":"код"},"основное":{"_level":2,"parentID":"a69f1d64-d6a2-441a-9460-a804c92cb722","firstParentID":"8afe4636-3092-4785-b7a7-22c85cac50ec","ID":"f5a46f9e-4b88-4fe2-9eeb-b3bbb0a8db4b","childs":null,"emcosID":null,"emcosMLID":null,"codMaketTEP":null,"codTEP":null,"WSName":"DB","rangeAddress":"$D$310:$D$347","headAddress":"$D$310","bodyAddress":"$D$311:$D$347","_name":"основное"},"корректировка факт":{"_level":2,"parentID":"a69f1d64-d6a2-441a-9460-a804c92cb722","firstParentID":"8afe4636-3092-4785-b7a7-22c85cac50ec","ID":"79bd9694-dd19-420f-9427-26445feacb7d","childs":null,"emcosID":null,"emcosMLID":null,"codMaketTEP":null,"codTEP":null,"WSName":"DB","rangeAddress":"$E$310:$E$347","headAddress":"$E$310","bodyAddress":"$E$311:$E$347","_name":"корректировка факт"},"ручное":{"_level":2,"parentID":"a69f1d64-d6a2-441a-9460-a804c92cb722","firstParentID":"8afe4636-3092-4785-b7a7-22c85cac50ec","ID":"f9cf745c-9537-4dce-aa87-86260dd7ad8b","childs":null,"emcosID":null,"emcosMLID":null,"codMaketTEP":null,"codTEP":null,"WSName":"DB","rangeAddress":"$F$310:$F$347","headAddress":"$F$310","bodyAddress":"$F$311:$F$347","_name":"ручное"},"по плану":{"_level":2,"parentID":"a69f1d64-d6a2-441a-9460-a804c92cb722","firstParentID":"8afe4636-3092-4785-b7a7-22c85cac50ec","ID":"20202b66-cb67-4f2d-80cf-aad245a4147d","childs":null,"emcosID":null,"emcosMLID":null,"codMaketTEP":null,"codTEP":null,"WSName":"DB","rangeAddress":"$G$310:$G$347","headAddress":"$G$310","bodyAddress":"$G$311:$G$347","_name":"по плану"}},"emcosID":null,"emcosMLID":null,"codMaketTEP":null,"codTEP":null,"WSName":"DB","rangeAddress":"$C$309:$G$347","headAddress":"$C$309:$G$309","bodyAddress":"$C$310:$G$347","_name":"прием"},"план":{"_level":1,"parentID":"584c3ade-aa22-487d-b5cb-eac4992d48ea","firstParentID":"8afe4636-3092-4785-b7a7-22c85cac50ec","ID":"36ce73ad-2510-4686-8d11-f9469a06f6d4","childs":{"код":{"_level":2,"parentID":"36ce73ad-2510-4686-8d11-f9469a06f6d4","firstParentID":"8afe4636-3092-4785-b7a7-22c85cac50ec","ID":"f886b218-652d-4079-a569-4ac547b88ee0","childs":null,"emcosID":null,"emcosMLID":null,"codMaketTEP":null,"codTEP":null,"WSName":"DB","rangeAddress":"$H$310:$H$347","headAddress":"$H$310","bodyAddress":"$H$311:$H$347","_name":"код"},"основное":{"_level":2,"parentID":"36ce73ad-2510-4686-8d11-f9469a06f6d4","firstParentID":"8afe4636-3092-4785-b7a7-22c85cac50ec","ID":"e13710a5-719b-4285-b1c6-78ba9ef38718","childs":null,"emcosID":null,"emcosMLID":null,"codMaketTEP":null,"codTEP":null,"WSName":"DB","rangeAddress":"$I$310:$I$347","headAddress":"$I$310","bodyAddress":"$I$311:$I$347","_name":"основное"},"заявка":{"_level":2,"parentID":"36ce73ad-2510-4686-8d11-f9469a06f6d4","firstParentID":"8afe4636-3092-4785-b7a7-22c85cac50ec","ID":"6e15adb4-5bf8-443f-9421-60e19300ba31","childs":null,"emcosID":null,"emcosMLID":null,"codMaketTEP":null,"codTEP":null,"WSName":"DB","rangeAddress":"$J$310:$J$347","headAddress":"$J$310","bodyAddress":"$J$311:$J$347","_name":"заявка"},"утвержденный":{"_level":2,"parentID":"36ce73ad-2510-4686-8d11-f9469a06f6d4","firstParentID":"8afe4636-3092-4785-b7a7-22c85cac50ec","ID":"07486e1c-eb36-4f34-a169-4e81223c3e27","childs":null,"emcosID":null,"emcosMLID":null,"codMaketTEP":null,"codTEP":null,"WSName":"DB","rangeAddress":"$K$310:$K$347","headAddress":"$K$310","bodyAddress":"$K$311:$K$347","_name":"утвержденный"},"корректировка":{"_level":2,"parentID":"36ce73ad-2510-4686-8d11-f9469a06f6d4","firstParentID":"8afe4636-3092-4785-b7a7-22c85cac50ec","ID":"e6cddaca-bffc-4d95-8869-c405f0ecb597","childs":null,"emcosID":null,"emcosMLID":null,"codMaketTEP":null,"codTEP":null,"WSName":"DB","rangeAddress":"$L$310:$L$347","headAddress":"$L$310","bodyAddress":"$L$311:$L$347","_name":"корректировка"}},"emcosID":null,"emcosMLID":null,"codMaketTEP":null,"codTEP":null,"WSName":"DB","rangeAddress":"$H$309:$L$347","headAddress":"$H$309:$L$309","bodyAddress":"$H$310:$L$347","_name":"план"}},"emcosID":null,"emcosMLID":null,"codMaketTEP":null,"codTEP":null,"WSName":"DB","rangeAddress":"$C$308:$L$347","headAddress":"$C$308:$L$308","bodyAddress":"$C$309:$L$347","_name":"х.н. АЖК"}},"codPlan":128,"meterCoef":null,"_name":"х.н. АЖК"}