{"ID":"ee3675ac-0753-4d11-aa88-8fee990ee755","childs":{"PS":{"_level":0,"parentID":"ee3675ac-0753-4d11-aa88-8fee990ee755","firstParentID":"ee3675ac-0753-4d11-aa88-8fee990ee755","ID":"c2e603ea-d3cd-4b42-8a1d-0e2c58088993","childs":{"прием":{"_level":1,"parentID":"c2e603ea-d3cd-4b42-8a1d-0e2c58088993","firstParentID":"ee3675ac-0753-4d11-aa88-8fee990ee755","ID":"8d26affa-5195-4d14-a076-ac021935d827","childs":{"по плану":{"_level":2,"parentID":"8d26affa-5195-4d14-a076-ac021935d827","firstParentID":"ee3675ac-0753-4d11-aa88-8fee990ee755","ID":"6e79fe6f-edbe-437d-b549-bd7288f63a6e","childs":null,"emcosID":null,"emcosMLID":null,"codMaketTEP":null,"codTEP":null,"WSName":"PS","rangeAddress":"$W$185:$W$221","headAddress":"$W$185","bodyAddress":"$W$186:$W$221","_name":"по плану"}},"emcosID":null,"emcosMLID":null,"codMaketTEP":1377,"codTEP":null,"WSName":"PS","rangeAddress":"$W$184:$W$221","headAddress":"$W$184","bodyAddress":"$W$185:$W$221","_name":"прием"},"план":{"_level":1,"parentID":"c2e603ea-d3cd-4b42-8a1d-0e2c58088993","firstParentID":"ee3675ac-0753-4d11-aa88-8fee990ee755","ID":"7e6ac1ec-13ef-482d-93fe-d66c9a67e068","childs":{"заявка":{"_level":2,"parentID":"7e6ac1ec-13ef-482d-93fe-d66c9a67e068","firstParentID":"ee3675ac-0753-4d11-aa88-8fee990ee755","ID":"f244549f-017f-4f8a-afaf-278cf7840e69","childs":null,"emcosID":null,"emcosMLID":null,"codMaketTEP":null,"codTEP":null,"WSName":"PS","rangeAddress":"$X$185:$X$221","headAddress":"$X$185","bodyAddress":"$X$186:$X$221","_name":"заявка"}},"emcosID":null,"emcosMLID":null,"codMaketTEP":null,"codTEP":null,"WSName":"PS","rangeAddress":"$X$184:$X$221","headAddress":"$X$184","bodyAddress":"$X$185:$X$221","_name":"план"}},"emcosID":null,"emcosMLID":null,"codMaketTEP":null,"codTEP":null,"WSName":"PS","rangeAddress":"$W$183:$X$221","headAddress":"$W$183:$X$183","bodyAddress":"$W$184:$X$221","_name":"ДМС хоз нужды КТЖ Алматы"},"DB":{"_level":0,"parentID":"ee3675ac-0753-4d11-aa88-8fee990ee755","firstParentID":"ee3675ac-0753-4d11-aa88-8fee990ee755","ID":"29f88879-08c7-40d8-9200-664026870df3","childs":{"прием":{"_level":1,"parentID":"29f88879-08c7-40d8-9200-664026870df3","firstParentID":"ee3675ac-0753-4d11-aa88-8fee990ee755","ID":"8bcade67-0dda-403c-8763-9eeb1c03a02e","childs":{"код":{"_level":2,"parentID":"8bcade67-0dda-403c-8763-9eeb1c03a02e","firstParentID":"ee3675ac-0753-4d11-aa88-8fee990ee755","ID":"285b5071-ca52-4993-90da-c942486375a0","childs":null,"emcosID":null,"emcosMLID":null,"codMaketTEP":null,"codTEP":null,"WSName":"DB","rangeAddress":"$BD$396:$BD$433","headAddress":"$BD$396","bodyAddress":"$BD$397:$BD$433","_name":"код"},"основное":{"_level":2,"parentID":"8bcade67-0dda-403c-8763-9eeb1c03a02e","firstParentID":"ee3675ac-0753-4d11-aa88-8fee990ee755","ID":"1f57c014-f6bb-4463-b965-4d6c9c79b968","childs":null,"emcosID":null,"emcosMLID":null,"codMaketTEP":null,"codTEP":null,"WSName":"DB","rangeAddress":"$BE$396:$BE$433","headAddress":"$BE$396","bodyAddress":"$BE$397:$BE$433","_name":"основное"},"корректировка факт":{"_level":2,"parentID":"8bcade67-0dda-403c-8763-9eeb1c03a02e","firstParentID":"ee3675ac-0753-4d11-aa88-8fee990ee755","ID":"287759d7-8ddf-472d-a2b3-239c597a4cdc","childs":null,"emcosID":null,"emcosMLID":null,"codMaketTEP":null,"codTEP":null,"WSName":"DB","rangeAddress":"$BF$396:$BF$433","headAddress":"$BF$396","bodyAddress":"$BF$397:$BF$433","_name":"корректировка факт"},"ручное":{"_level":2,"parentID":"8bcade67-0dda-403c-8763-9eeb1c03a02e","firstParentID":"ee3675ac-0753-4d11-aa88-8fee990ee755","ID":"9fe59e52-a4c5-4a86-92d6-f2d1cc0b28a2","childs":null,"emcosID":null,"emcosMLID":null,"codMaketTEP":null,"codTEP":null,"WSName":"DB","rangeAddress":"$BG$396:$BG$433","headAddress":"$BG$396","bodyAddress":"$BG$397:$BG$433","_name":"ручное"},"по плану":{"_level":2,"parentID":"8bcade67-0dda-403c-8763-9eeb1c03a02e","firstParentID":"ee3675ac-0753-4d11-aa88-8fee990ee755","ID":"dd7dabd9-c0ce-4b34-b011-73c3f55dabf4","childs":null,"emcosID":null,"emcosMLID":null,"codMaketTEP":null,"codTEP":null,"WSName":"DB","rangeAddress":"$BH$396:$BH$433","headAddress":"$BH$396","bodyAddress":"$BH$397:$BH$433","_name":"по плану"}},"emcosID":null,"emcosMLID":null,"codMaketTEP":null,"codTEP":null,"WSName":"DB","rangeAddress":"$BD$395:$BH$433","headAddress":"$BD$395:$BH$395","bodyAddress":"$BD$396:$BH$433","_name":"прием"},"план":{"_level":1,"parentID":"29f88879-08c7-40d8-9200-664026870df3","firstParentID":"ee3675ac-0753-4d11-aa88-8fee990ee755","ID":"14e84f76-df7e-4672-9818-db3009436a22","childs":{"код":{"_level":2,"parentID":"14e84f76-df7e-4672-9818-db3009436a22","firstParentID":"ee3675ac-0753-4d11-aa88-8fee990ee755","ID":"ad3f0b9d-11f9-446d-828b-88301c5efc4a","childs":null,"emcosID":null,"emcosMLID":null,"codMaketTEP":null,"codTEP":null,"WSName":"DB","rangeAddress":"$BI$396:$BI$433","headAddress":"$BI$396","bodyAddress":"$BI$397:$BI$433","_name":"код"},"основное":{"_level":2,"parentID":"14e84f76-df7e-4672-9818-db3009436a22","firstParentID":"ee3675ac-0753-4d11-aa88-8fee990ee755","ID":"cd1a0552-0d21-4ccc-b6f5-0c243bfe204b","childs":null,"emcosID":null,"emcosMLID":null,"codMaketTEP":null,"codTEP":null,"WSName":"DB","rangeAddress":"$BJ$396:$BJ$433","headAddress":"$BJ$396","bodyAddress":"$BJ$397:$BJ$433","_name":"основное"},"заявка":{"_level":2,"parentID":"14e84f76-df7e-4672-9818-db3009436a22","firstParentID":"ee3675ac-0753-4d11-aa88-8fee990ee755","ID":"d662b53a-93da-42dd-9cb6-1df78415a3de","childs":null,"emcosID":null,"emcosMLID":null,"codMaketTEP":null,"codTEP":null,"WSName":"DB","rangeAddress":"$BK$396:$BK$433","headAddress":"$BK$396","bodyAddress":"$BK$397:$BK$433","_name":"заявка"},"утвержденный":{"_level":2,"parentID":"14e84f76-df7e-4672-9818-db3009436a22","firstParentID":"ee3675ac-0753-4d11-aa88-8fee990ee755","ID":"9fb1e57c-fc95-4a65-96ae-e2e85317e436","childs":null,"emcosID":null,"emcosMLID":null,"codMaketTEP":null,"codTEP":null,"WSName":"DB","rangeAddress":"$BL$396:$BL$433","headAddress":"$BL$396","bodyAddress":"$BL$397:$BL$433","_name":"утвержденный"},"корректировка":{"_level":2,"parentID":"14e84f76-df7e-4672-9818-db3009436a22","firstParentID":"ee3675ac-0753-4d11-aa88-8fee990ee755","ID":"b498e81c-f2d3-4620-86ec-8b9aa35ccbf0","childs":null,"emcosID":null,"emcosMLID":null,"codMaketTEP":null,"codTEP":null,"WSName":"DB","rangeAddress":"$BM$396:$BM$433","headAddress":"$BM$396","bodyAddress":"$BM$397:$BM$433","_name":"корректировка"}},"emcosID":null,"emcosMLID":null,"codMaketTEP":null,"codTEP":null,"WSName":"DB","rangeAddress":"$BI$395:$BM$433","headAddress":"$BI$395:$BM$395","bodyAddress":"$BI$396:$BM$433","_name":"план"}},"emcosID":null,"emcosMLID":null,"codMaketTEP":null,"codTEP":null,"WSName":"DB","rangeAddress":"$BD$394:$BM$433","headAddress":"$BD$394:$BM$394","bodyAddress":"$BD$395:$BM$433","_name":"ДМС хоз нужды КТЖ Алматы"}},"codPlan":116,"meterCoef":null,"_name":"ДМС хоз нужды КТЖ Алматы"}