{"ID":"0f54f1c8-17d9-4960-9891-42fcf03f55d4","childs":{"PS":{"_level":0,"parentID":"0f54f1c8-17d9-4960-9891-42fcf03f55d4","firstParentID":"0f54f1c8-17d9-4960-9891-42fcf03f55d4","ID":"e0811ce3-ef26-4d01-8aba-8e8c5924df7a","childs":{"прием":{"_level":1,"parentID":"e0811ce3-ef26-4d01-8aba-8e8c5924df7a","firstParentID":"0f54f1c8-17d9-4960-9891-42fcf03f55d4","ID":"3b8de549-cce1-47a0-b8ef-01069a219196","childs":{"по счетчику":{"_level":2,"parentID":"3b8de549-cce1-47a0-b8ef-01069a219196","firstParentID":"0f54f1c8-17d9-4960-9891-42fcf03f55d4","ID":"dc1d485d-1368-4e9f-92b6-0da50b0c7f58","childs":null,"emcosID":null,"emcosMLID":null,"codMaketTEP":null,"codTEP":null,"WSName":"PS","rangeAddress":"$DF$56:$DF$92","headAddress":"$DF$56","bodyAddress":"$DF$57:$DF$92","_name":"по счетчику"}},"emcosID":null,"emcosMLID":null,"codMaketTEP":null,"codTEP":null,"WSName":"PS","rangeAddress":"$DF$55:$DF$92","headAddress":"$DF$55","bodyAddress":"$DF$56:$DF$92","_name":"прием"},"отдача":{"_level":1,"parentID":"e0811ce3-ef26-4d01-8aba-8e8c5924df7a","firstParentID":"0f54f1c8-17d9-4960-9891-42fcf03f55d4","ID":"ea486788-d43c-46b8-aee0-fa963bbd02a2","childs":{"по счетчику":{"_level":2,"parentID":"ea486788-d43c-46b8-aee0-fa963bbd02a2","firstParentID":"0f54f1c8-17d9-4960-9891-42fcf03f55d4","ID":"e74e3523-529e-4cb2-ad3f-1271c4cdc107","childs":null,"emcosID":null,"emcosMLID":null,"codMaketTEP":null,"codTEP":null,"WSName":"PS","rangeAddress":"$DG$56:$DG$92","headAddress":"$DG$56","bodyAddress":"$DG$57:$DG$92","_name":"по счетчику"}},"emcosID":null,"emcosMLID":null,"codMaketTEP":null,"codTEP":null,"WSName":"PS","rangeAddress":"$DG$55:$DG$92","headAddress":"$DG$55","bodyAddress":"$DG$56:$DG$92","_name":"отдача"},"сальдо":{"_level":1,"parentID":"e0811ce3-ef26-4d01-8aba-8e8c5924df7a","firstParentID":"0f54f1c8-17d9-4960-9891-42fcf03f55d4","ID":"86b9be5b-a944-4e94-90e2-17af8bab492c","childs":{"формула":{"_level":2,"parentID":"86b9be5b-a944-4e94-90e2-17af8bab492c","firstParentID":"0f54f1c8-17d9-4960-9891-42fcf03f55d4","ID":"9931cd6d-8346-4dce-a117-01f70982bdf7","childs":null,"emcosID":null,"emcosMLID":null,"codMaketTEP":null,"codTEP":null,"WSName":"PS","rangeAddress":"$DH$56:$DH$92","headAddress":"$DH$56","bodyAddress":"$DH$57:$DH$92","_name":"формула"}},"emcosID":null,"emcosMLID":null,"codMaketTEP":1354,"codTEP":null,"WSName":"PS","rangeAddress":"$DH$55:$DH$92","headAddress":"$DH$55","bodyAddress":"$DH$56:$DH$92","_name":"сальдо"}},"emcosID":null,"emcosMLID":null,"codMaketTEP":null,"codTEP":null,"WSName":"PS","rangeAddress":"$DF$54:$DH$92","headAddress":"$DF$54:$DH$54","bodyAddress":"$DF$55:$DH$92","_name":"Л2083 Алматы"},"DB":{"_level":0,"parentID":"0f54f1c8-17d9-4960-9891-42fcf03f55d4","firstParentID":"0f54f1c8-17d9-4960-9891-42fcf03f55d4","ID":"6e199696-2b3a-491a-a5b1-727d259150c0","childs":{"прием":{"_level":1,"parentID":"6e199696-2b3a-491a-a5b1-727d259150c0","firstParentID":"0f54f1c8-17d9-4960-9891-42fcf03f55d4","ID":"21cc7465-924a-4bd4-a835-f4ff3d4f0b52","childs":{"код":{"_level":2,"parentID":"21cc7465-924a-4bd4-a835-f4ff3d4f0b52","firstParentID":"0f54f1c8-17d9-4960-9891-42fcf03f55d4","ID":"755bb1b3-dd56-4afd-b9f0-6d2d675661e5","childs":null,"emcosID":null,"emcosMLID":null,"codMaketTEP":null,"codTEP":null,"WSName":"DB","rangeAddress":"$AG$9:$AG$46","headAddress":"$AG$9","bodyAddress":"$AG$10:$AG$46","_name":"код"},"основное":{"_level":2,"parentID":"21cc7465-924a-4bd4-a835-f4ff3d4f0b52","firstParentID":"0f54f1c8-17d9-4960-9891-42fcf03f55d4","ID":"901873dc-e800-43e0-9754-634f25e552d4","childs":null,"emcosID":null,"emcosMLID":null,"codMaketTEP":null,"codTEP":null,"WSName":"DB","rangeAddress":"$AH$9:$AH$46","headAddress":"$AH$9","bodyAddress":"$AH$10:$AH$46","_name":"основное"},"корректировка факт":{"_level":2,"parentID":"21cc7465-924a-4bd4-a835-f4ff3d4f0b52","firstParentID":"0f54f1c8-17d9-4960-9891-42fcf03f55d4","ID":"e40e643b-e5c3-4f84-a85b-6166b10e53f3","childs":null,"emcosID":null,"emcosMLID":null,"codMaketTEP":null,"codTEP":null,"WSName":"DB","rangeAddress":"$AI$9:$AI$46","headAddress":"$AI$9","bodyAddress":"$AI$10:$AI$46","_name":"корректировка факт"},"ручное":{"_level":2,"parentID":"21cc7465-924a-4bd4-a835-f4ff3d4f0b52","firstParentID":"0f54f1c8-17d9-4960-9891-42fcf03f55d4","ID":"cbc0823e-c254-4a78-af7e-6297c6fb2d14","childs":null,"emcosID":null,"emcosMLID":null,"codMaketTEP":null,"codTEP":null,"WSName":"DB","rangeAddress":"$AJ$9:$AJ$46","headAddress":"$AJ$9","bodyAddress":"$AJ$10:$AJ$46","_name":"ручное"},"оперативное":{"_level":2,"parentID":"21cc7465-924a-4bd4-a835-f4ff3d4f0b52","firstParentID":"0f54f1c8-17d9-4960-9891-42fcf03f55d4","ID":"b8c60872-a82b-4916-8bb7-abe7194a55f1","childs":null,"emcosID":null,"emcosMLID":null,"codMaketTEP":null,"codTEP":null,"WSName":"DB","rangeAddress":"$AK$9:$AK$46","headAddress":"$AK$9","bodyAddress":"$AK$10:$AK$46","_name":"оперативное"},"счетчик":{"_level":2,"parentID":"21cc7465-924a-4bd4-a835-f4ff3d4f0b52","firstParentID":"0f54f1c8-17d9-4960-9891-42fcf03f55d4","ID":"a34cb278-7f10-4039-8c9a-2903d52a82b4","childs":null,"emcosID":null,"emcosMLID":null,"codMaketTEP":null,"codTEP":null,"WSName":"DB","rangeAddress":"$AL$9:$AL$46","headAddress":"$AL$9","bodyAddress":"$AL$10:$AL$46","_name":"счетчик"},"по счетчику":{"_level":2,"parentID":"21cc7465-924a-4bd4-a835-f4ff3d4f0b52","firstParentID":"0f54f1c8-17d9-4960-9891-42fcf03f55d4","ID":"acfc5698-bb16-4d2b-b428-930d61349b96","childs":null,"emcosID":null,"emcosMLID":null,"codMaketTEP":null,"codTEP":null,"WSName":"DB","rangeAddress":"$AM$9:$AM$46","headAddress":"$AM$9","bodyAddress":"$AM$10:$AM$46","_name":"по счетчику"}},"emcosID":null,"emcosMLID":null,"codMaketTEP":null,"codTEP":null,"WSName":"DB","rangeAddress":"$AG$8:$AM$46","headAddress":"$AG$8:$AM$8","bodyAddress":"$AG$9:$AM$46","_name":"прием"},"отдача":{"_level":1,"parentID":"6e199696-2b3a-491a-a5b1-727d259150c0","firstParentID":"0f54f1c8-17d9-4960-9891-42fcf03f55d4","ID":"872a916a-f538-49a0-aa9a-05e75c7aab22","childs":{"код":{"_level":2,"parentID":"872a916a-f538-49a0-aa9a-05e75c7aab22","firstParentID":"0f54f1c8-17d9-4960-9891-42fcf03f55d4","ID":"be9f0bc5-8c10-4690-818c-8d07af32de5c","childs":null,"emcosID":null,"emcosMLID":null,"codMaketTEP":null,"codTEP":null,"WSName":"DB","rangeAddress":"$AN$9:$AN$46","headAddress":"$AN$9","bodyAddress":"$AN$10:$AN$46","_name":"код"},"основное":{"_level":2,"parentID":"872a916a-f538-49a0-aa9a-05e75c7aab22","firstParentID":"0f54f1c8-17d9-4960-9891-42fcf03f55d4","ID":"f9c07e29-b680-479b-9937-a3d459ba1ba3","childs":null,"emcosID":null,"emcosMLID":null,"codMaketTEP":null,"codTEP":null,"WSName":"DB","rangeAddress":"$AO$9:$AO$46","headAddress":"$AO$9","bodyAddress":"$AO$10:$AO$46","_name":"основное"},"корректировка факт":{"_level":2,"parentID":"872a916a-f538-49a0-aa9a-05e75c7aab22","firstParentID":"0f54f1c8-17d9-4960-9891-42fcf03f55d4","ID":"ef0e2bf6-3ce1-4ce9-bf60-46af48e7952c","childs":null,"emcosID":null,"emcosMLID":null,"codMaketTEP":null,"codTEP":null,"WSName":"DB","rangeAddress":"$AP$9:$AP$46","headAddress":"$AP$9","bodyAddress":"$AP$10:$AP$46","_name":"корректировка факт"},"ручное":{"_level":2,"parentID":"872a916a-f538-49a0-aa9a-05e75c7aab22","firstParentID":"0f54f1c8-17d9-4960-9891-42fcf03f55d4","ID":"7a1d247b-248c-4c49-9179-f04c7ad6f8a5","childs":null,"emcosID":null,"emcosMLID":null,"codMaketTEP":null,"codTEP":null,"WSName":"DB","rangeAddress":"$AQ$9:$AQ$46","headAddress":"$AQ$9","bodyAddress":"$AQ$10:$AQ$46","_name":"ручное"},"оперативное":{"_level":2,"parentID":"872a916a-f538-49a0-aa9a-05e75c7aab22","firstParentID":"0f54f1c8-17d9-4960-9891-42fcf03f55d4","ID":"d6335bb8-3683-45fe-89b7-64dd716c4bbb","childs":null,"emcosID":null,"emcosMLID":null,"codMaketTEP":null,"codTEP":null,"WSName":"DB","rangeAddress":"$AR$9:$AR$46","headAddress":"$AR$9","bodyAddress":"$AR$10:$AR$46","_name":"оперативное"},"счетчик":{"_level":2,"parentID":"872a916a-f538-49a0-aa9a-05e75c7aab22","firstParentID":"0f54f1c8-17d9-4960-9891-42fcf03f55d4","ID":"50c57164-233e-469f-8685-ed843a786911","childs":null,"emcosID":null,"emcosMLID":null,"codMaketTEP":null,"codTEP":null,"WSName":"DB","rangeAddress":"$AS$9:$AS$46","headAddress":"$AS$9","bodyAddress":"$AS$10:$AS$46","_name":"счетчик"},"по счетчику":{"_level":2,"parentID":"872a916a-f538-49a0-aa9a-05e75c7aab22","firstParentID":"0f54f1c8-17d9-4960-9891-42fcf03f55d4","ID":"541fa1d6-4a5f-4413-846d-6eb4af88dca6","childs":null,"emcosID":null,"emcosMLID":null,"codMaketTEP":null,"codTEP":null,"WSName":"DB","rangeAddress":"$AT$9:$AT$46","headAddress":"$AT$9","bodyAddress":"$AT$10:$AT$46","_name":"по счетчику"}},"emcosID":null,"emcosMLID":null,"codMaketTEP":null,"codTEP":null,"WSName":"DB","rangeAddress":"$AN$8:$AT$46","headAddress":"$AN$8:$AT$8","bodyAddress":"$AN$9:$AT$46","_name":"отдача"},"сальдо":{"_level":1,"parentID":"6e199696-2b3a-491a-a5b1-727d259150c0","firstParentID":"0f54f1c8-17d9-4960-9891-42fcf03f55d4","ID":"e712b675-7062-4c48-9f64-b4ce346e2fcd","childs":{"код":{"_level":2,"parentID":"e712b675-7062-4c48-9f64-b4ce346e2fcd","firstParentID":"0f54f1c8-17d9-4960-9891-42fcf03f55d4","ID":"e678bfe4-0809-4ba4-91d4-12dcd5edca13","childs":null,"emcosID":null,"emcosMLID":null,"codMaketTEP":null,"codTEP":null,"WSName":"DB","rangeAddress":"$AU$9:$AU$46","headAddress":"$AU$9","bodyAddress":"$AU$10:$AU$46","_name":"код"},"основное":{"_level":2,"parentID":"e712b675-7062-4c48-9f64-b4ce346e2fcd","firstParentID":"0f54f1c8-17d9-4960-9891-42fcf03f55d4","ID":"c9419aff-11a3-4ee0-b779-db5150399628","childs":null,"emcosID":null,"emcosMLID":null,"codMaketTEP":null,"codTEP":null,"WSName":"DB","rangeAddress":"$AV$9:$AV$46","headAddress":"$AV$9","bodyAddress":"$AV$10:$AV$46","_name":"основное"},"корректировка факт":{"_level":2,"parentID":"e712b675-7062-4c48-9f64-b4ce346e2fcd","firstParentID":"0f54f1c8-17d9-4960-9891-42fcf03f55d4","ID":"f5d510b8-af3b-4224-b840-5ab6fd674607","childs":null,"emcosID":null,"emcosMLID":null,"codMaketTEP":null,"codTEP":null,"WSName":"DB","rangeAddress":"$AW$9:$AW$46","headAddress":"$AW$9","bodyAddress":"$AW$10:$AW$46","_name":"корректировка факт"},"ручное":{"_level":2,"parentID":"e712b675-7062-4c48-9f64-b4ce346e2fcd","firstParentID":"0f54f1c8-17d9-4960-9891-42fcf03f55d4","ID":"6007f265-c4fc-49c2-8670-35de2ad5fe99","childs":null,"emcosID":null,"emcosMLID":null,"codMaketTEP":null,"codTEP":null,"WSName":"DB","rangeAddress":"$AX$9:$AX$46","headAddress":"$AX$9","bodyAddress":"$AX$10:$AX$46","_name":"ручное"},"формула":{"_level":2,"parentID":"e712b675-7062-4c48-9f64-b4ce346e2fcd","firstParentID":"0f54f1c8-17d9-4960-9891-42fcf03f55d4","ID":"f6f6a5da-938c-4328-8307-2b139b7955f2","childs":null,"emcosID":null,"emcosMLID":null,"codMaketTEP":null,"codTEP":null,"WSName":"DB","rangeAddress":"$AY$9:$AY$46","headAddress":"$AY$9","bodyAddress":"$AY$10:$AY$46","_name":"формула"}},"emcosID":null,"emcosMLID":null,"codMaketTEP":null,"codTEP":null,"WSName":"DB","rangeAddress":"$AU$8:$AY$46","headAddress":"$AU$8:$AY$8","bodyAddress":"$AU$9:$AY$46","_name":"сальдо"}},"emcosID":null,"emcosMLID":null,"codMaketTEP":null,"codTEP":null,"WSName":"DB","rangeAddress":"$AG$7:$AY$46","headAddress":"$AG$7:$AY$7","bodyAddress":"$AG$8:$AY$46","_name":"Л2083 Алматы"}},"codPlan":null,"meterCoef":"2200","_name":"Л2083 Алматы"}