{"ID":"9a8f8152-9583-4ba5-9447-68c39b8d63bb","childs":{"PS":{"_level":0,"parentID":"9a8f8152-9583-4ba5-9447-68c39b8d63bb","firstParentID":"9a8f8152-9583-4ba5-9447-68c39b8d63bb","ID":"bc93c7ef-1969-46eb-acd0-4941c9d994e1","childs":{"прием":{"_level":1,"parentID":"bc93c7ef-1969-46eb-acd0-4941c9d994e1","firstParentID":"9a8f8152-9583-4ba5-9447-68c39b8d63bb","ID":"93c8879a-8bbb-4914-96e4-4e802440deb2","childs":{"ручное":{"_level":2,"parentID":"93c8879a-8bbb-4914-96e4-4e802440deb2","firstParentID":"9a8f8152-9583-4ba5-9447-68c39b8d63bb","ID":"fd7a350e-a519-44f8-928e-ab8bffa00844","childs":null,"emcosID":null,"emcosMLID":null,"codMaketTEP":null,"codTEP":null,"WSName":"PS","rangeAddress":"$JU$99:$JU$135","headAddress":"$JU$99","bodyAddress":"$JU$100:$JU$135","_name":"ручное"}},"emcosID":null,"emcosMLID":null,"codMaketTEP":null,"codTEP":null,"WSName":"PS","rangeAddress":"$JU$98:$JU$135","headAddress":"$JU$98","bodyAddress":"$JU$99:$JU$135","_name":"прием"}},"emcosID":null,"emcosMLID":null,"codMaketTEP":null,"codTEP":null,"WSName":"PS","rangeAddress":"$JU$97:$JU$135","headAddress":"$JU$97","bodyAddress":"$JU$98:$JU$135","_name":"ТП3 Мын Арал тяга"},"DB":{"_level":0,"parentID":"9a8f8152-9583-4ba5-9447-68c39b8d63bb","firstParentID":"9a8f8152-9583-4ba5-9447-68c39b8d63bb","ID":"d04f65c3-248c-4713-a8db-4cccf619670b","childs":{"прием":{"_level":1,"parentID":"d04f65c3-248c-4713-a8db-4cccf619670b","firstParentID":"9a8f8152-9583-4ba5-9447-68c39b8d63bb","ID":"cf3e2307-be3c-4283-996d-39100fb9e246","childs":{"код":{"_level":2,"parentID":"cf3e2307-be3c-4283-996d-39100fb9e246","firstParentID":"9a8f8152-9583-4ba5-9447-68c39b8d63bb","ID":"da19819b-2812-47d1-a0f7-e6ac36b0789c","childs":null,"emcosID":null,"emcosMLID":null,"codMaketTEP":null,"codTEP":null,"WSName":"DB","rangeAddress":"$AH$95:$AH$132","headAddress":"$AH$95","bodyAddress":"$AH$96:$AH$132","_name":"код"},"основное":{"_level":2,"parentID":"cf3e2307-be3c-4283-996d-39100fb9e246","firstParentID":"9a8f8152-9583-4ba5-9447-68c39b8d63bb","ID":"67737ef2-912e-4ed1-921a-b5bd608f804a","childs":null,"emcosID":null,"emcosMLID":null,"codMaketTEP":null,"codTEP":null,"WSName":"DB","rangeAddress":"$AI$95:$AI$132","headAddress":"$AI$95","bodyAddress":"$AI$96:$AI$132","_name":"основное"},"корректировка факт":{"_level":2,"parentID":"cf3e2307-be3c-4283-996d-39100fb9e246","firstParentID":"9a8f8152-9583-4ba5-9447-68c39b8d63bb","ID":"c5aebd88-1b2c-4c0c-a2ac-761a792b3295","childs":null,"emcosID":null,"emcosMLID":null,"codMaketTEP":null,"codTEP":null,"WSName":"DB","rangeAddress":"$AJ$95:$AJ$132","headAddress":"$AJ$95","bodyAddress":"$AJ$96:$AJ$132","_name":"корректировка факт"},"ручное":{"_level":2,"parentID":"cf3e2307-be3c-4283-996d-39100fb9e246","firstParentID":"9a8f8152-9583-4ba5-9447-68c39b8d63bb","ID":"0ac46f93-9f55-4415-8225-06e7b95a6952","childs":null,"emcosID":null,"emcosMLID":null,"codMaketTEP":null,"codTEP":null,"WSName":"DB","rangeAddress":"$AK$95:$AK$132","headAddress":"$AK$95","bodyAddress":"$AK$96:$AK$132","_name":"ручное"}},"emcosID":null,"emcosMLID":null,"codMaketTEP":null,"codTEP":null,"WSName":"DB","rangeAddress":"$AH$94:$AK$132","headAddress":"$AH$94:$AK$94","bodyAddress":"$AH$95:$AK$132","_name":"прием"}},"emcosID":null,"emcosMLID":null,"codMaketTEP":null,"codTEP":null,"WSName":"DB","rangeAddress":"$AH$93:$AK$132","headAddress":"$AH$93:$AK$93","bodyAddress":"$AH$94:$AK$132","_name":"ТП3 Мын Арал тяга"}},"codPlan":null,"meterCoef":null,"_name":"ТП3 Мын Арал тяга"}