{"ID":"545dc9fd-ced2-403e-8821-272978f6d63f","childs":{"PS":{"_level":0,"parentID":"545dc9fd-ced2-403e-8821-272978f6d63f","firstParentID":"545dc9fd-ced2-403e-8821-272978f6d63f","ID":"656cc502-8ab0-4388-a490-05d538130495","childs":{"отдача":{"_level":1,"parentID":"656cc502-8ab0-4388-a490-05d538130495","firstParentID":"545dc9fd-ced2-403e-8821-272978f6d63f","ID":"b81091e6-a9ab-4f5f-85a9-39c4fcc2e8d1","childs":{"формула":{"_level":2,"parentID":"b81091e6-a9ab-4f5f-85a9-39c4fcc2e8d1","firstParentID":"545dc9fd-ced2-403e-8821-272978f6d63f","ID":"ce5fc107-ba33-47a5-ade3-506c4efeeaa9","childs":null,"emcosID":null,"emcosMLID":null,"codMaketTEP":null,"codTEP":null,"WSName":"PS","rangeAddress":"$CW$185:$CW$221","headAddress":"$CW$185","bodyAddress":"$CW$186:$CW$221","_name":"формула"}},"emcosID":null,"emcosMLID":null,"codMaketTEP":null,"codTEP":null,"WSName":"PS","rangeAddress":"$CW$184:$CW$221","headAddress":"$CW$184","bodyAddress":"$CW$185:$CW$221","_name":"отдача"},"план":{"_level":1,"parentID":"656cc502-8ab0-4388-a490-05d538130495","firstParentID":"545dc9fd-ced2-403e-8821-272978f6d63f","ID":"17ab0eae-a148-4d23-9ecc-7f3da6578f5a","childs":{"заявка":{"_level":2,"parentID":"17ab0eae-a148-4d23-9ecc-7f3da6578f5a","firstParentID":"545dc9fd-ced2-403e-8821-272978f6d63f","ID":"5e4c7a82-5daa-4e98-b555-c9f8251e12c2","childs":null,"emcosID":null,"emcosMLID":null,"codMaketTEP":null,"codTEP":null,"WSName":"PS","rangeAddress":"$CX$185:$CX$221","headAddress":"$CX$185","bodyAddress":"$CX$186:$CX$221","_name":"заявка"}},"emcosID":null,"emcosMLID":null,"codMaketTEP":null,"codTEP":null,"WSName":"PS","rangeAddress":"$CX$184:$CX$221","headAddress":"$CX$184","bodyAddress":"$CX$185:$CX$221","_name":"план"}},"emcosID":null,"emcosMLID":null,"codMaketTEP":null,"codTEP":null,"WSName":"PS","rangeAddress":"$CW$183:$CX$221","headAddress":"$CW$183:$CX$183","bodyAddress":"$CW$184:$CX$221","_name":"Генерация Mistral Energy СЭС Каскелен 50"},"DB":{"_level":0,"parentID":"545dc9fd-ced2-403e-8821-272978f6d63f","firstParentID":"545dc9fd-ced2-403e-8821-272978f6d63f","ID":"b4fd4a55-b2d1-4db8-a224-8f7bdf2c2f5c","childs":{"отдача":{"_level":1,"parentID":"b4fd4a55-b2d1-4db8-a224-8f7bdf2c2f5c","firstParentID":"545dc9fd-ced2-403e-8821-272978f6d63f","ID":"19cfc086-6927-4656-a8a6-47ec71a99d64","childs":{"код":{"_level":2,"parentID":"19cfc086-6927-4656-a8a6-47ec71a99d64","firstParentID":"545dc9fd-ced2-403e-8821-272978f6d63f","ID":"827bc252-a522-4287-a3ef-c186c9e4c3dd","childs":null,"emcosID":null,"emcosMLID":null,"codMaketTEP":null,"codTEP":null,"WSName":"DB","rangeAddress":"$DT$396:$DT$433","headAddress":"$DT$396","bodyAddress":"$DT$397:$DT$433","_name":"код"},"основное":{"_level":2,"parentID":"19cfc086-6927-4656-a8a6-47ec71a99d64","firstParentID":"545dc9fd-ced2-403e-8821-272978f6d63f","ID":"cd770eee-b14a-4144-869a-d4f8fd422a8d","childs":null,"emcosID":null,"emcosMLID":null,"codMaketTEP":null,"codTEP":null,"WSName":"DB","rangeAddress":"$DU$396:$DU$433","headAddress":"$DU$396","bodyAddress":"$DU$397:$DU$433","_name":"основное"},"корректировка факт":{"_level":2,"parentID":"19cfc086-6927-4656-a8a6-47ec71a99d64","firstParentID":"545dc9fd-ced2-403e-8821-272978f6d63f","ID":"b4be70a2-d285-4358-a14c-3fa5b355998a","childs":null,"emcosID":null,"emcosMLID":null,"codMaketTEP":null,"codTEP":null,"WSName":"DB","rangeAddress":"$DV$396:$DV$433","headAddress":"$DV$396","bodyAddress":"$DV$397:$DV$433","_name":"корректировка факт"},"ручное":{"_level":2,"parentID":"19cfc086-6927-4656-a8a6-47ec71a99d64","firstParentID":"545dc9fd-ced2-403e-8821-272978f6d63f","ID":"c270bd67-a2c5-49eb-8834-a0c2c866adde","childs":null,"emcosID":null,"emcosMLID":null,"codMaketTEP":null,"codTEP":null,"WSName":"DB","rangeAddress":"$DW$396:$DW$433","headAddress":"$DW$396","bodyAddress":"$DW$397:$DW$433","_name":"ручное"},"формула":{"_level":2,"parentID":"19cfc086-6927-4656-a8a6-47ec71a99d64","firstParentID":"545dc9fd-ced2-403e-8821-272978f6d63f","ID":"07a5e242-1095-4b40-a151-63787424c046","childs":null,"emcosID":null,"emcosMLID":null,"codMaketTEP":null,"codTEP":null,"WSName":"DB","rangeAddress":"$DX$396:$DX$433","headAddress":"$DX$396","bodyAddress":"$DX$397:$DX$433","_name":"формула"},"по плану":{"_level":2,"parentID":"19cfc086-6927-4656-a8a6-47ec71a99d64","firstParentID":"545dc9fd-ced2-403e-8821-272978f6d63f","ID":"e2d53700-e49b-43cd-aed4-a1cc531e565a","childs":null,"emcosID":null,"emcosMLID":null,"codMaketTEP":null,"codTEP":null,"WSName":"DB","rangeAddress":"$DY$396:$DY$433","headAddress":"$DY$396","bodyAddress":"$DY$397:$DY$433","_name":"по плану"}},"emcosID":null,"emcosMLID":null,"codMaketTEP":null,"codTEP":null,"WSName":"DB","rangeAddress":"$DT$395:$DY$433","headAddress":"$DT$395:$DY$395","bodyAddress":"$DT$396:$DY$433","_name":"отдача"},"план":{"_level":1,"parentID":"b4fd4a55-b2d1-4db8-a224-8f7bdf2c2f5c","firstParentID":"545dc9fd-ced2-403e-8821-272978f6d63f","ID":"e75aeb5b-410b-4497-a9b5-04dd76bf574e","childs":{"код":{"_level":2,"parentID":"e75aeb5b-410b-4497-a9b5-04dd76bf574e","firstParentID":"545dc9fd-ced2-403e-8821-272978f6d63f","ID":"b98ce2e2-60a1-4e39-9530-be007260c16b","childs":null,"emcosID":null,"emcosMLID":null,"codMaketTEP":null,"codTEP":null,"WSName":"DB","rangeAddress":"$DZ$396:$DZ$433","headAddress":"$DZ$396","bodyAddress":"$DZ$397:$DZ$433","_name":"код"},"основное":{"_level":2,"parentID":"e75aeb5b-410b-4497-a9b5-04dd76bf574e","firstParentID":"545dc9fd-ced2-403e-8821-272978f6d63f","ID":"b2cf4f42-c89d-4fb7-a4d5-5c0465d58346","childs":null,"emcosID":null,"emcosMLID":null,"codMaketTEP":null,"codTEP":null,"WSName":"DB","rangeAddress":"$EA$396:$EA$433","headAddress":"$EA$396","bodyAddress":"$EA$397:$EA$433","_name":"основное"},"заявка":{"_level":2,"parentID":"e75aeb5b-410b-4497-a9b5-04dd76bf574e","firstParentID":"545dc9fd-ced2-403e-8821-272978f6d63f","ID":"292dd2f8-ed1f-4773-b3af-c24071f013ee","childs":null,"emcosID":null,"emcosMLID":null,"codMaketTEP":null,"codTEP":null,"WSName":"DB","rangeAddress":"$EB$396:$EB$433","headAddress":"$EB$396","bodyAddress":"$EB$397:$EB$433","_name":"заявка"},"утвержденный":{"_level":2,"parentID":"e75aeb5b-410b-4497-a9b5-04dd76bf574e","firstParentID":"545dc9fd-ced2-403e-8821-272978f6d63f","ID":"73d446e0-51ee-4d99-8476-595313e54436","childs":null,"emcosID":null,"emcosMLID":null,"codMaketTEP":null,"codTEP":null,"WSName":"DB","rangeAddress":"$EC$396:$EC$433","headAddress":"$EC$396","bodyAddress":"$EC$397:$EC$433","_name":"утвержденный"},"корректировка":{"_level":2,"parentID":"e75aeb5b-410b-4497-a9b5-04dd76bf574e","firstParentID":"545dc9fd-ced2-403e-8821-272978f6d63f","ID":"861ec50a-bc41-4651-acfe-cc4c87cda8ca","childs":null,"emcosID":null,"emcosMLID":null,"codMaketTEP":null,"codTEP":null,"WSName":"DB","rangeAddress":"$ED$396:$ED$433","headAddress":"$ED$396","bodyAddress":"$ED$397:$ED$433","_name":"корректировка"}},"emcosID":null,"emcosMLID":null,"codMaketTEP":null,"codTEP":null,"WSName":"DB","rangeAddress":"$DZ$395:$ED$433","headAddress":"$DZ$395:$ED$395","bodyAddress":"$DZ$396:$ED$433","_name":"план"}},"emcosID":null,"emcosMLID":null,"codMaketTEP":null,"codTEP":null,"WSName":"DB","rangeAddress":"$DT$394:$ED$433","headAddress":"$DT$394:$ED$394","bodyAddress":"$DT$395:$ED$433","_name":"Генерация Mistral Energy СЭС Каскелен 50"}},"codPlan":99,"meterCoef":null,"_name":"Генерация Mistral Energy СЭС Каскелен 50"}