{"ID":"03494712-7e47-4564-b1f3-a8da4952c994","childs":{"PS":{"_level":0,"parentID":"03494712-7e47-4564-b1f3-a8da4952c994","firstParentID":"03494712-7e47-4564-b1f3-a8da4952c994","ID":"524e8283-3c38-41cc-a79c-2479a6af7c5f","childs":{"отдача":{"_level":1,"parentID":"524e8283-3c38-41cc-a79c-2479a6af7c5f","firstParentID":"03494712-7e47-4564-b1f3-a8da4952c994","ID":"4d6d57c1-cfd6-4317-a2eb-435ec9744dbf","childs":{"по счетчику":{"_level":2,"parentID":"4d6d57c1-cfd6-4317-a2eb-435ec9744dbf","firstParentID":"03494712-7e47-4564-b1f3-a8da4952c994","ID":"1ab82207-5a7d-4d72-ab15-ae87d2fa5ac4","childs":null,"emcosID":null,"emcosMLID":null,"codMaketTEP":null,"codTEP":null,"WSName":"PS","rangeAddress":"$DG$99:$DG$135","headAddress":"$DG$99","bodyAddress":"$DG$100:$DG$135","_name":"по счетчику"},"СЧЕТЧИК":{"_level":2,"parentID":"4d6d57c1-cfd6-4317-a2eb-435ec9744dbf","firstParentID":"03494712-7e47-4564-b1f3-a8da4952c994","ID":"4ffbf8de-0c2d-4de0-aacb-91580c83a102","childs":null,"emcosID":null,"emcosMLID":null,"codMaketTEP":null,"codTEP":null,"WSName":"PS","rangeAddress":"$DH$99:$DH$135","headAddress":"$DH$99","bodyAddress":"$DH$100:$DH$135","_name":"СЧЕТЧИК"}},"emcosID":null,"emcosMLID":null,"codMaketTEP":null,"codTEP":null,"WSName":"PS","rangeAddress":"$DG$98:$DH$135","headAddress":"$DG$98:$DH$98","bodyAddress":"$DG$99:$DH$135","_name":"отдача"}},"emcosID":null,"emcosMLID":null,"codMaketTEP":null,"codTEP":null,"WSName":"PS","rangeAddress":"$DG$97:$DH$135","headAddress":"$DG$97:$DH$97","bodyAddress":"$DG$98:$DH$135","_name":"КЛ93 ПС152 Талдыкорган"},"DB":{"_level":0,"parentID":"03494712-7e47-4564-b1f3-a8da4952c994","firstParentID":"03494712-7e47-4564-b1f3-a8da4952c994","ID":"a2d08fd1-e5b6-440a-86be-d7fcdbb2fe17","childs":{"отдача":{"_level":1,"parentID":"a2d08fd1-e5b6-440a-86be-d7fcdbb2fe17","firstParentID":"03494712-7e47-4564-b1f3-a8da4952c994","ID":"32f85439-b000-433d-8dec-2cc632d9e583","childs":{"код":{"_level":2,"parentID":"32f85439-b000-433d-8dec-2cc632d9e583","firstParentID":"03494712-7e47-4564-b1f3-a8da4952c994","ID":"99f2758a-dee2-4d80-ba76-83fe12c86a8b","childs":null,"emcosID":null,"emcosMLID":null,"codMaketTEP":null,"codTEP":null,"WSName":"DB","rangeAddress":"$HE$310:$HE$347","headAddress":"$HE$310","bodyAddress":"$HE$311:$HE$347","_name":"код"},"основное":{"_level":2,"parentID":"32f85439-b000-433d-8dec-2cc632d9e583","firstParentID":"03494712-7e47-4564-b1f3-a8da4952c994","ID":"e9eb63b6-13da-4b55-8876-2207ddc013e5","childs":null,"emcosID":null,"emcosMLID":null,"codMaketTEP":null,"codTEP":null,"WSName":"DB","rangeAddress":"$HF$310:$HF$347","headAddress":"$HF$310","bodyAddress":"$HF$311:$HF$347","_name":"основное"},"корректировка факт":{"_level":2,"parentID":"32f85439-b000-433d-8dec-2cc632d9e583","firstParentID":"03494712-7e47-4564-b1f3-a8da4952c994","ID":"2b47a1e6-50e1-47f9-9c34-a164a9c2fb26","childs":null,"emcosID":null,"emcosMLID":null,"codMaketTEP":null,"codTEP":null,"WSName":"DB","rangeAddress":"$HG$310:$HG$347","headAddress":"$HG$310","bodyAddress":"$HG$311:$HG$347","_name":"корректировка факт"},"ручное":{"_level":2,"parentID":"32f85439-b000-433d-8dec-2cc632d9e583","firstParentID":"03494712-7e47-4564-b1f3-a8da4952c994","ID":"1b97b73d-fc83-4f87-8f8b-899403463e0d","childs":null,"emcosID":null,"emcosMLID":null,"codMaketTEP":null,"codTEP":null,"WSName":"DB","rangeAddress":"$HH$310:$HH$347","headAddress":"$HH$310","bodyAddress":"$HH$311:$HH$347","_name":"ручное"},"оперативное":{"_level":2,"parentID":"32f85439-b000-433d-8dec-2cc632d9e583","firstParentID":"03494712-7e47-4564-b1f3-a8da4952c994","ID":"b710f476-df9b-4750-9a0e-1d6e12c57dba","childs":null,"emcosID":null,"emcosMLID":null,"codMaketTEP":null,"codTEP":null,"WSName":"DB","rangeAddress":"$HI$310:$HI$347","headAddress":"$HI$310","bodyAddress":"$HI$311:$HI$347","_name":"оперативное"},"счетчик":{"_level":2,"parentID":"32f85439-b000-433d-8dec-2cc632d9e583","firstParentID":"03494712-7e47-4564-b1f3-a8da4952c994","ID":"1e1d1a0c-6d87-4524-9882-ddafa02751cc","childs":null,"emcosID":null,"emcosMLID":null,"codMaketTEP":null,"codTEP":null,"WSName":"DB","rangeAddress":"$HJ$310:$HJ$347","headAddress":"$HJ$310","bodyAddress":"$HJ$311:$HJ$347","_name":"счетчик"},"по счетчику":{"_level":2,"parentID":"32f85439-b000-433d-8dec-2cc632d9e583","firstParentID":"03494712-7e47-4564-b1f3-a8da4952c994","ID":"41da136f-8107-461b-8b90-8d6b64668f10","childs":null,"emcosID":null,"emcosMLID":null,"codMaketTEP":null,"codTEP":null,"WSName":"DB","rangeAddress":"$HK$310:$HK$347","headAddress":"$HK$310","bodyAddress":"$HK$311:$HK$347","_name":"по счетчику"}},"emcosID":null,"emcosMLID":null,"codMaketTEP":null,"codTEP":null,"WSName":"DB","rangeAddress":"$HE$309:$HK$347","headAddress":"$HE$309:$HK$309","bodyAddress":"$HE$310:$HK$347","_name":"отдача"}},"emcosID":null,"emcosMLID":null,"codMaketTEP":null,"codTEP":null,"WSName":"DB","rangeAddress":"$HE$308:$HK$347","headAddress":"$HE$308:$HK$308","bodyAddress":"$HE$309:$HK$347","_name":"КЛ93 ПС152 Талдыкорган"}},"codPlan":null,"meterCoef":"4","_name":"КЛ93 ПС152 Талдыкорган"}