{"ID":"064a761e-ca2b-40ff-b6fe-31856dcfe6ad","childs":{"PS":{"_level":0,"parentID":"064a761e-ca2b-40ff-b6fe-31856dcfe6ad","firstParentID":"064a761e-ca2b-40ff-b6fe-31856dcfe6ad","ID":"3a19b21b-6d8d-42fd-a0df-cb5f77b9361f","childs":{"прием":{"_level":1,"parentID":"3a19b21b-6d8d-42fd-a0df-cb5f77b9361f","firstParentID":"064a761e-ca2b-40ff-b6fe-31856dcfe6ad","ID":"9ef6aa41-dc17-4088-b8b0-66c648f38ecf","childs":{"по плану":{"_level":2,"parentID":"9ef6aa41-dc17-4088-b8b0-66c648f38ecf","firstParentID":"064a761e-ca2b-40ff-b6fe-31856dcfe6ad","ID":"3aed7a7f-0993-45ec-9f16-eb6a3bf2ad8d","childs":null,"emcosID":null,"emcosMLID":null,"codMaketTEP":null,"codTEP":null,"WSName":"PS","rangeAddress":"$AK$185:$AK$221","headAddress":"$AK$185","bodyAddress":"$AK$186:$AK$221","_name":"по плану"}},"emcosID":null,"emcosMLID":null,"codMaketTEP":1306,"codTEP":null,"WSName":"PS","rangeAddress":"$AK$184:$AK$221","headAddress":"$AK$184","bodyAddress":"$AK$185:$AK$221","_name":"прием"},"план":{"_level":1,"parentID":"3a19b21b-6d8d-42fd-a0df-cb5f77b9361f","firstParentID":"064a761e-ca2b-40ff-b6fe-31856dcfe6ad","ID":"e9d9061a-cfcd-46bd-873f-53bc6e75a65b","childs":{"заявка":{"_level":2,"parentID":"e9d9061a-cfcd-46bd-873f-53bc6e75a65b","firstParentID":"064a761e-ca2b-40ff-b6fe-31856dcfe6ad","ID":"c7dda40a-087e-4ffb-b3f6-e3708dab2692","childs":null,"emcosID":null,"emcosMLID":null,"codMaketTEP":null,"codTEP":null,"WSName":"PS","rangeAddress":"$AL$185:$AL$221","headAddress":"$AL$185","bodyAddress":"$AL$186:$AL$221","_name":"заявка"}},"emcosID":null,"emcosMLID":null,"codMaketTEP":null,"codTEP":null,"WSName":"PS","rangeAddress":"$AL$184:$AL$221","headAddress":"$AL$184","bodyAddress":"$AL$185:$AL$221","_name":"план"}},"emcosID":null,"emcosMLID":null,"codMaketTEP":null,"codTEP":null,"WSName":"PS","rangeAddress":"$AK$183:$AL$221","headAddress":"$AK$183:$AL$183","bodyAddress":"$AK$184:$AL$221","_name":"Потребление Энергопромтехно"},"DB":{"_level":0,"parentID":"064a761e-ca2b-40ff-b6fe-31856dcfe6ad","firstParentID":"064a761e-ca2b-40ff-b6fe-31856dcfe6ad","ID":"f0eebdc1-b5e3-452b-87d4-821725615543","childs":{"прием":{"_level":1,"parentID":"f0eebdc1-b5e3-452b-87d4-821725615543","firstParentID":"064a761e-ca2b-40ff-b6fe-31856dcfe6ad","ID":"68d0b86c-6a63-4054-a9da-befdfd2c9ad5","childs":{"код":{"_level":2,"parentID":"68d0b86c-6a63-4054-a9da-befdfd2c9ad5","firstParentID":"064a761e-ca2b-40ff-b6fe-31856dcfe6ad","ID":"8e9680fc-b424-4f81-95cf-b4bbdb7443fd","childs":null,"emcosID":null,"emcosMLID":null,"codMaketTEP":null,"codTEP":null,"WSName":"DB","rangeAddress":"$HH$439:$HH$476","headAddress":"$HH$439","bodyAddress":"$HH$440:$HH$476","_name":"код"},"основное":{"_level":2,"parentID":"68d0b86c-6a63-4054-a9da-befdfd2c9ad5","firstParentID":"064a761e-ca2b-40ff-b6fe-31856dcfe6ad","ID":"642beb56-ef12-4808-aa47-3ef6f0e6d3a9","childs":null,"emcosID":null,"emcosMLID":null,"codMaketTEP":null,"codTEP":null,"WSName":"DB","rangeAddress":"$HI$439:$HI$476","headAddress":"$HI$439","bodyAddress":"$HI$440:$HI$476","_name":"основное"},"корректировка факт":{"_level":2,"parentID":"68d0b86c-6a63-4054-a9da-befdfd2c9ad5","firstParentID":"064a761e-ca2b-40ff-b6fe-31856dcfe6ad","ID":"ed43505e-202b-44e8-a814-82546363ade2","childs":null,"emcosID":null,"emcosMLID":null,"codMaketTEP":null,"codTEP":null,"WSName":"DB","rangeAddress":"$HJ$439:$HJ$476","headAddress":"$HJ$439","bodyAddress":"$HJ$440:$HJ$476","_name":"корректировка факт"},"ручное":{"_level":2,"parentID":"68d0b86c-6a63-4054-a9da-befdfd2c9ad5","firstParentID":"064a761e-ca2b-40ff-b6fe-31856dcfe6ad","ID":"e2860b53-6ab5-4bf6-a009-52c6850eeec3","childs":null,"emcosID":null,"emcosMLID":null,"codMaketTEP":null,"codTEP":null,"WSName":"DB","rangeAddress":"$HK$439:$HK$476","headAddress":"$HK$439","bodyAddress":"$HK$440:$HK$476","_name":"ручное"},"по плану":{"_level":2,"parentID":"68d0b86c-6a63-4054-a9da-befdfd2c9ad5","firstParentID":"064a761e-ca2b-40ff-b6fe-31856dcfe6ad","ID":"46d4d3ef-aaa2-4f0a-baeb-105639e96a78","childs":null,"emcosID":null,"emcosMLID":null,"codMaketTEP":null,"codTEP":null,"WSName":"DB","rangeAddress":"$HL$439:$HL$476","headAddress":"$HL$439","bodyAddress":"$HL$440:$HL$476","_name":"по плану"}},"emcosID":null,"emcosMLID":null,"codMaketTEP":null,"codTEP":null,"WSName":"DB","rangeAddress":"$HH$438:$HL$476","headAddress":"$HH$438:$HL$438","bodyAddress":"$HH$439:$HL$476","_name":"прием"},"план":{"_level":1,"parentID":"f0eebdc1-b5e3-452b-87d4-821725615543","firstParentID":"064a761e-ca2b-40ff-b6fe-31856dcfe6ad","ID":"4735bbfe-7c96-4eb3-a893-e34bea1f37f3","childs":{"код":{"_level":2,"parentID":"4735bbfe-7c96-4eb3-a893-e34bea1f37f3","firstParentID":"064a761e-ca2b-40ff-b6fe-31856dcfe6ad","ID":"2445196d-8f8b-49b2-97b3-64da02113094","childs":null,"emcosID":null,"emcosMLID":null,"codMaketTEP":null,"codTEP":null,"WSName":"DB","rangeAddress":"$HM$439:$HM$476","headAddress":"$HM$439","bodyAddress":"$HM$440:$HM$476","_name":"код"},"основное":{"_level":2,"parentID":"4735bbfe-7c96-4eb3-a893-e34bea1f37f3","firstParentID":"064a761e-ca2b-40ff-b6fe-31856dcfe6ad","ID":"fde5757e-2e54-41e1-88cf-ef42d50d62b3","childs":null,"emcosID":null,"emcosMLID":null,"codMaketTEP":null,"codTEP":null,"WSName":"DB","rangeAddress":"$HN$439:$HN$476","headAddress":"$HN$439","bodyAddress":"$HN$440:$HN$476","_name":"основное"},"заявка":{"_level":2,"parentID":"4735bbfe-7c96-4eb3-a893-e34bea1f37f3","firstParentID":"064a761e-ca2b-40ff-b6fe-31856dcfe6ad","ID":"3600d634-b4cf-4a99-a489-7d16ef62f4f5","childs":null,"emcosID":null,"emcosMLID":null,"codMaketTEP":null,"codTEP":null,"WSName":"DB","rangeAddress":"$HO$439:$HO$476","headAddress":"$HO$439","bodyAddress":"$HO$440:$HO$476","_name":"заявка"},"утвержденный":{"_level":2,"parentID":"4735bbfe-7c96-4eb3-a893-e34bea1f37f3","firstParentID":"064a761e-ca2b-40ff-b6fe-31856dcfe6ad","ID":"6e33515f-c957-49bf-a6dd-4a60f65d1c88","childs":null,"emcosID":null,"emcosMLID":null,"codMaketTEP":null,"codTEP":null,"WSName":"DB","rangeAddress":"$HP$439:$HP$476","headAddress":"$HP$439","bodyAddress":"$HP$440:$HP$476","_name":"утвержденный"},"корректировка":{"_level":2,"parentID":"4735bbfe-7c96-4eb3-a893-e34bea1f37f3","firstParentID":"064a761e-ca2b-40ff-b6fe-31856dcfe6ad","ID":"f97bae54-87f4-41b9-ac63-9967a7ab80d6","childs":null,"emcosID":null,"emcosMLID":null,"codMaketTEP":null,"codTEP":null,"WSName":"DB","rangeAddress":"$HQ$439:$HQ$476","headAddress":"$HQ$439","bodyAddress":"$HQ$440:$HQ$476","_name":"корректировка"}},"emcosID":null,"emcosMLID":null,"codMaketTEP":null,"codTEP":null,"WSName":"DB","rangeAddress":"$HM$438:$HQ$476","headAddress":"$HM$438:$HQ$438","bodyAddress":"$HM$439:$HQ$476","_name":"план"}},"emcosID":null,"emcosMLID":null,"codMaketTEP":null,"codTEP":null,"WSName":"DB","rangeAddress":"$HH$437:$HQ$476","headAddress":"$HH$437:$HQ$437","bodyAddress":"$HH$438:$HQ$476","_name":"Потребление Энергопромтехно"}},"codPlan":103,"meterCoef":null,"_name":"Потребление Энергопромтехно"}