{"ID":"5494a448-a521-4f47-9e67-98d1fff5df5c","childs":{"PS":{"_level":0,"parentID":"5494a448-a521-4f47-9e67-98d1fff5df5c","firstParentID":"5494a448-a521-4f47-9e67-98d1fff5df5c","ID":"33493c9c-cb5a-4219-bbb5-d474c4237d54","childs":{"отдача":{"_level":1,"parentID":"33493c9c-cb5a-4219-bbb5-d474c4237d54","firstParentID":"5494a448-a521-4f47-9e67-98d1fff5df5c","ID":"d0b12092-c672-4e84-af66-659e1b062da3","childs":{"по счетчику":{"_level":2,"parentID":"d0b12092-c672-4e84-af66-659e1b062da3","firstParentID":"5494a448-a521-4f47-9e67-98d1fff5df5c","ID":"02b14ef0-9b6d-4d78-a61c-9e10ad6d63ea","childs":null,"emcosID":null,"emcosMLID":null,"codMaketTEP":null,"codTEP":null,"WSName":"PS","rangeAddress":"$BV$99:$BV$135","headAddress":"$BV$99","bodyAddress":"$BV$100:$BV$135","_name":"по счетчику"},"СЧЕТЧИК":{"_level":2,"parentID":"d0b12092-c672-4e84-af66-659e1b062da3","firstParentID":"5494a448-a521-4f47-9e67-98d1fff5df5c","ID":"7f063865-6d35-4df4-8463-1a63e2f37862","childs":null,"emcosID":null,"emcosMLID":null,"codMaketTEP":null,"codTEP":null,"WSName":"PS","rangeAddress":"$BW$99:$BW$135","headAddress":"$BW$99","bodyAddress":"$BW$100:$BW$135","_name":"СЧЕТЧИК"}},"emcosID":null,"emcosMLID":null,"codMaketTEP":null,"codTEP":null,"WSName":"PS","rangeAddress":"$BV$98:$BW$135","headAddress":"$BV$98:$BW$98","bodyAddress":"$BV$99:$BW$135","_name":"отдача"}},"emcosID":null,"emcosMLID":null,"codMaketTEP":null,"codTEP":null,"WSName":"PS","rangeAddress":"$BV$97:$BW$135","headAddress":"$BV$97:$BW$97","bodyAddress":"$BV$98:$BW$135","_name":"КЛ46 ПС149 Талдыкорган ЗЩА"},"DB":{"_level":0,"parentID":"5494a448-a521-4f47-9e67-98d1fff5df5c","firstParentID":"5494a448-a521-4f47-9e67-98d1fff5df5c","ID":"b97e3769-8a4d-4814-9de9-a0bd0a6558b8","childs":{"отдача":{"_level":1,"parentID":"b97e3769-8a4d-4814-9de9-a0bd0a6558b8","firstParentID":"5494a448-a521-4f47-9e67-98d1fff5df5c","ID":"3bc2d7ef-0c5b-4eee-88ca-b88a3fe806e7","childs":{"код":{"_level":2,"parentID":"3bc2d7ef-0c5b-4eee-88ca-b88a3fe806e7","firstParentID":"5494a448-a521-4f47-9e67-98d1fff5df5c","ID":"b2ee862e-1c64-4a0b-8c59-3092e52ad751","childs":null,"emcosID":null,"emcosMLID":null,"codMaketTEP":null,"codTEP":null,"WSName":"DB","rangeAddress":"$ET$310:$ET$347","headAddress":"$ET$310","bodyAddress":"$ET$311:$ET$347","_name":"код"},"основное":{"_level":2,"parentID":"3bc2d7ef-0c5b-4eee-88ca-b88a3fe806e7","firstParentID":"5494a448-a521-4f47-9e67-98d1fff5df5c","ID":"a46f26cf-2ee9-4636-8d31-0c6d26492370","childs":null,"emcosID":null,"emcosMLID":null,"codMaketTEP":null,"codTEP":null,"WSName":"DB","rangeAddress":"$EU$310:$EU$347","headAddress":"$EU$310","bodyAddress":"$EU$311:$EU$347","_name":"основное"},"корректировка факт":{"_level":2,"parentID":"3bc2d7ef-0c5b-4eee-88ca-b88a3fe806e7","firstParentID":"5494a448-a521-4f47-9e67-98d1fff5df5c","ID":"3252e995-2b7f-4186-b75c-356ee7d2c9c6","childs":null,"emcosID":null,"emcosMLID":null,"codMaketTEP":null,"codTEP":null,"WSName":"DB","rangeAddress":"$EV$310:$EV$347","headAddress":"$EV$310","bodyAddress":"$EV$311:$EV$347","_name":"корректировка факт"},"ручное":{"_level":2,"parentID":"3bc2d7ef-0c5b-4eee-88ca-b88a3fe806e7","firstParentID":"5494a448-a521-4f47-9e67-98d1fff5df5c","ID":"4c2f635c-d9af-4046-bd58-0a62ca59e8f2","childs":null,"emcosID":null,"emcosMLID":null,"codMaketTEP":null,"codTEP":null,"WSName":"DB","rangeAddress":"$EW$310:$EW$347","headAddress":"$EW$310","bodyAddress":"$EW$311:$EW$347","_name":"ручное"},"оперативное":{"_level":2,"parentID":"3bc2d7ef-0c5b-4eee-88ca-b88a3fe806e7","firstParentID":"5494a448-a521-4f47-9e67-98d1fff5df5c","ID":"aff0adfc-7bed-4d46-a31a-8704afb2fb06","childs":null,"emcosID":null,"emcosMLID":null,"codMaketTEP":null,"codTEP":null,"WSName":"DB","rangeAddress":"$EX$310:$EX$347","headAddress":"$EX$310","bodyAddress":"$EX$311:$EX$347","_name":"оперативное"},"счетчик":{"_level":2,"parentID":"3bc2d7ef-0c5b-4eee-88ca-b88a3fe806e7","firstParentID":"5494a448-a521-4f47-9e67-98d1fff5df5c","ID":"56dfb63e-a2a3-4c01-b158-ab2e6626c5b1","childs":null,"emcosID":null,"emcosMLID":null,"codMaketTEP":null,"codTEP":null,"WSName":"DB","rangeAddress":"$EY$310:$EY$347","headAddress":"$EY$310","bodyAddress":"$EY$311:$EY$347","_name":"счетчик"},"по счетчику":{"_level":2,"parentID":"3bc2d7ef-0c5b-4eee-88ca-b88a3fe806e7","firstParentID":"5494a448-a521-4f47-9e67-98d1fff5df5c","ID":"c3d36bfa-95bd-40e2-83bf-e4dfe4111e52","childs":null,"emcosID":null,"emcosMLID":null,"codMaketTEP":null,"codTEP":null,"WSName":"DB","rangeAddress":"$EZ$310:$EZ$347","headAddress":"$EZ$310","bodyAddress":"$EZ$311:$EZ$347","_name":"по счетчику"}},"emcosID":null,"emcosMLID":null,"codMaketTEP":null,"codTEP":null,"WSName":"DB","rangeAddress":"$ET$309:$EZ$347","headAddress":"$ET$309:$EZ$309","bodyAddress":"$ET$310:$EZ$347","_name":"отдача"}},"emcosID":null,"emcosMLID":null,"codMaketTEP":null,"codTEP":null,"WSName":"DB","rangeAddress":"$ET$308:$EZ$347","headAddress":"$ET$308:$EZ$308","bodyAddress":"$ET$309:$EZ$347","_name":"КЛ46 ПС149 Талдыкорган ЗЩА"}},"codPlan":null,"meterCoef":"3","_name":"КЛ46 ПС149 Талдыкорган ЗЩА"}