{"ID":"87bb6216-9696-4347-86bd-2c2854a0917a","childs":{"PS":{"_level":0,"parentID":"87bb6216-9696-4347-86bd-2c2854a0917a","firstParentID":"87bb6216-9696-4347-86bd-2c2854a0917a","ID":"92a2ae3b-eddd-4507-8dfb-c605177c4069","childs":{"прием":{"_level":1,"parentID":"92a2ae3b-eddd-4507-8dfb-c605177c4069","firstParentID":"87bb6216-9696-4347-86bd-2c2854a0917a","ID":"576f8eb6-ef0b-4a9d-9fd4-8587884bdf1a","childs":{"оперативное":{"_level":2,"parentID":"576f8eb6-ef0b-4a9d-9fd4-8587884bdf1a","firstParentID":"87bb6216-9696-4347-86bd-2c2854a0917a","ID":"e9585e82-be26-40a4-ae91-3ece61225158","childs":null,"emcosID":null,"emcosMLID":null,"codMaketTEP":null,"codTEP":null,"WSName":"PS","rangeAddress":"$J$99:$J$135","headAddress":"$J$99","bodyAddress":"$J$100:$J$135","_name":"оперативное"}},"emcosID":null,"emcosMLID":null,"codMaketTEP":null,"codTEP":null,"WSName":"PS","rangeAddress":"$J$98:$J$135","headAddress":"$J$98","bodyAddress":"$J$99:$J$135","_name":"прием"},"отдача":{"_level":1,"parentID":"92a2ae3b-eddd-4507-8dfb-c605177c4069","firstParentID":"87bb6216-9696-4347-86bd-2c2854a0917a","ID":"7498cf41-f699-4b44-a0f2-aad6f753360a","childs":{"оперативное":{"_level":2,"parentID":"7498cf41-f699-4b44-a0f2-aad6f753360a","firstParentID":"87bb6216-9696-4347-86bd-2c2854a0917a","ID":"86112115-4d1d-48bb-ac4c-5c83dd180adf","childs":null,"emcosID":null,"emcosMLID":null,"codMaketTEP":null,"codTEP":null,"WSName":"PS","rangeAddress":"$K$99:$K$135","headAddress":"$K$99","bodyAddress":"$K$100:$K$135","_name":"оперативное"}},"emcosID":null,"emcosMLID":null,"codMaketTEP":null,"codTEP":null,"WSName":"PS","rangeAddress":"$K$98:$K$135","headAddress":"$K$98","bodyAddress":"$K$99:$K$135","_name":"отдача"}},"emcosID":null,"emcosMLID":null,"codMaketTEP":null,"codTEP":null,"WSName":"PS","rangeAddress":"$J$97:$K$135","headAddress":"$J$97:$K$97","bodyAddress":"$J$98:$K$135","_name":"Л2023 ОРУ 220 АТЭЦ3"},"DB":{"_level":0,"parentID":"87bb6216-9696-4347-86bd-2c2854a0917a","firstParentID":"87bb6216-9696-4347-86bd-2c2854a0917a","ID":"ff7dc9c3-a603-43a9-bc0e-e1fe37a0c3f8","childs":{"прием":{"_level":1,"parentID":"ff7dc9c3-a603-43a9-bc0e-e1fe37a0c3f8","firstParentID":"87bb6216-9696-4347-86bd-2c2854a0917a","ID":"75dc19e5-978d-4999-a718-4f04d2af5bce","childs":{"код":{"_level":2,"parentID":"75dc19e5-978d-4999-a718-4f04d2af5bce","firstParentID":"87bb6216-9696-4347-86bd-2c2854a0917a","ID":"f3ac54a9-b548-4527-8d2b-612d767bb1af","childs":null,"emcosID":null,"emcosMLID":null,"codMaketTEP":null,"codTEP":null,"WSName":"DB","rangeAddress":"$JR$95:$JR$132","headAddress":"$JR$95","bodyAddress":"$JR$96:$JR$132","_name":"код"},"основное":{"_level":2,"parentID":"75dc19e5-978d-4999-a718-4f04d2af5bce","firstParentID":"87bb6216-9696-4347-86bd-2c2854a0917a","ID":"bcd9d260-abf6-4827-9bc4-102a0533f1b7","childs":null,"emcosID":null,"emcosMLID":null,"codMaketTEP":null,"codTEP":null,"WSName":"DB","rangeAddress":"$JS$95:$JS$132","headAddress":"$JS$95","bodyAddress":"$JS$96:$JS$132","_name":"основное"},"корректировка факт":{"_level":2,"parentID":"75dc19e5-978d-4999-a718-4f04d2af5bce","firstParentID":"87bb6216-9696-4347-86bd-2c2854a0917a","ID":"8d771eae-4595-4778-b262-0b889be2339e","childs":null,"emcosID":null,"emcosMLID":null,"codMaketTEP":null,"codTEP":null,"WSName":"DB","rangeAddress":"$JT$95:$JT$132","headAddress":"$JT$95","bodyAddress":"$JT$96:$JT$132","_name":"корректировка факт"},"ручное":{"_level":2,"parentID":"75dc19e5-978d-4999-a718-4f04d2af5bce","firstParentID":"87bb6216-9696-4347-86bd-2c2854a0917a","ID":"de8321b3-4c57-41bb-8e9b-13ed5bc3cd6a","childs":null,"emcosID":null,"emcosMLID":null,"codMaketTEP":null,"codTEP":null,"WSName":"DB","rangeAddress":"$JU$95:$JU$132","headAddress":"$JU$95","bodyAddress":"$JU$96:$JU$132","_name":"ручное"},"оперативное":{"_level":2,"parentID":"75dc19e5-978d-4999-a718-4f04d2af5bce","firstParentID":"87bb6216-9696-4347-86bd-2c2854a0917a","ID":"905c07da-b277-4144-8138-3b65e8d994fc","childs":null,"emcosID":null,"emcosMLID":null,"codMaketTEP":null,"codTEP":null,"WSName":"DB","rangeAddress":"$JV$95:$JV$132","headAddress":"$JV$95","bodyAddress":"$JV$96:$JV$132","_name":"оперативное"}},"emcosID":null,"emcosMLID":null,"codMaketTEP":null,"codTEP":null,"WSName":"DB","rangeAddress":"$JR$94:$JV$132","headAddress":"$JR$94:$JV$94","bodyAddress":"$JR$95:$JV$132","_name":"прием"},"отдача":{"_level":1,"parentID":"ff7dc9c3-a603-43a9-bc0e-e1fe37a0c3f8","firstParentID":"87bb6216-9696-4347-86bd-2c2854a0917a","ID":"4abf72f9-9e47-447f-995b-e4273641ba86","childs":{"код":{"_level":2,"parentID":"4abf72f9-9e47-447f-995b-e4273641ba86","firstParentID":"87bb6216-9696-4347-86bd-2c2854a0917a","ID":"b7f7773b-023d-47ad-bdb7-450a14784bd7","childs":null,"emcosID":null,"emcosMLID":null,"codMaketTEP":null,"codTEP":null,"WSName":"DB","rangeAddress":"$JW$95:$JW$132","headAddress":"$JW$95","bodyAddress":"$JW$96:$JW$132","_name":"код"},"основное":{"_level":2,"parentID":"4abf72f9-9e47-447f-995b-e4273641ba86","firstParentID":"87bb6216-9696-4347-86bd-2c2854a0917a","ID":"9cbc3171-62d0-4d04-92d9-030b756d586b","childs":null,"emcosID":null,"emcosMLID":null,"codMaketTEP":null,"codTEP":null,"WSName":"DB","rangeAddress":"$JX$95:$JX$132","headAddress":"$JX$95","bodyAddress":"$JX$96:$JX$132","_name":"основное"},"корректировка факт":{"_level":2,"parentID":"4abf72f9-9e47-447f-995b-e4273641ba86","firstParentID":"87bb6216-9696-4347-86bd-2c2854a0917a","ID":"4292e605-e3a0-44fe-9cbb-2155cdd7449f","childs":null,"emcosID":null,"emcosMLID":null,"codMaketTEP":null,"codTEP":null,"WSName":"DB","rangeAddress":"$JY$95:$JY$132","headAddress":"$JY$95","bodyAddress":"$JY$96:$JY$132","_name":"корректировка факт"},"ручное":{"_level":2,"parentID":"4abf72f9-9e47-447f-995b-e4273641ba86","firstParentID":"87bb6216-9696-4347-86bd-2c2854a0917a","ID":"7d82c968-5668-4691-9db8-a18b601c84be","childs":null,"emcosID":null,"emcosMLID":null,"codMaketTEP":null,"codTEP":null,"WSName":"DB","rangeAddress":"$JZ$95:$JZ$132","headAddress":"$JZ$95","bodyAddress":"$JZ$96:$JZ$132","_name":"ручное"},"оперативное":{"_level":2,"parentID":"4abf72f9-9e47-447f-995b-e4273641ba86","firstParentID":"87bb6216-9696-4347-86bd-2c2854a0917a","ID":"4dc0a1f4-82db-472c-8020-7735ce34d421","childs":null,"emcosID":null,"emcosMLID":null,"codMaketTEP":null,"codTEP":null,"WSName":"DB","rangeAddress":"$KA$95:$KA$132","headAddress":"$KA$95","bodyAddress":"$KA$96:$KA$132","_name":"оперативное"}},"emcosID":null,"emcosMLID":null,"codMaketTEP":null,"codTEP":null,"WSName":"DB","rangeAddress":"$JW$94:$KA$132","headAddress":"$JW$94:$KA$94","bodyAddress":"$JW$95:$KA$132","_name":"отдача"}},"emcosID":null,"emcosMLID":null,"codMaketTEP":null,"codTEP":null,"WSName":"DB","rangeAddress":"$JR$93:$KA$132","headAddress":"$JR$93:$KA$93","bodyAddress":"$JR$94:$KA$132","_name":"Л2023 ОРУ 220 АТЭЦ3"}},"codPlan":null,"meterCoef":null,"_name":"Л2023 ОРУ 220 АТЭЦ3"}