{"ID":"9f8cecea-9c25-4827-9c95-10577f61bc03","childs":{"PS":{"_level":0,"parentID":"9f8cecea-9c25-4827-9c95-10577f61bc03","firstParentID":"9f8cecea-9c25-4827-9c95-10577f61bc03","ID":"3b5f3c09-817a-416a-b7ef-b0290d6a3b41","childs":{"прием":{"_level":1,"parentID":"3b5f3c09-817a-416a-b7ef-b0290d6a3b41","firstParentID":"9f8cecea-9c25-4827-9c95-10577f61bc03","ID":"84a7e79b-9ad9-42a8-a0ef-076f25021bac","childs":{"ручное":{"_level":2,"parentID":"84a7e79b-9ad9-42a8-a0ef-076f25021bac","firstParentID":"9f8cecea-9c25-4827-9c95-10577f61bc03","ID":"b3029a5d-a0b8-47fc-ab0e-218d3195d8cf","childs":null,"emcosID":null,"emcosMLID":null,"codMaketTEP":null,"codTEP":null,"WSName":"PS","rangeAddress":"$CK$56:$CK$92","headAddress":"$CK$56","bodyAddress":"$CK$57:$CK$92","_name":"ручное"}},"emcosID":null,"emcosMLID":null,"codMaketTEP":null,"codTEP":null,"WSName":"PS","rangeAddress":"$CK$55:$CK$92","headAddress":"$CK$55","bodyAddress":"$CK$56:$CK$92","_name":"прием"},"отдача":{"_level":1,"parentID":"3b5f3c09-817a-416a-b7ef-b0290d6a3b41","firstParentID":"9f8cecea-9c25-4827-9c95-10577f61bc03","ID":"d1c161e0-dbac-4218-911d-838f1a6d2690","childs":{"ручное":{"_level":2,"parentID":"d1c161e0-dbac-4218-911d-838f1a6d2690","firstParentID":"9f8cecea-9c25-4827-9c95-10577f61bc03","ID":"408b2e70-8be5-4773-a074-3cfcdc0467b6","childs":null,"emcosID":null,"emcosMLID":null,"codMaketTEP":null,"codTEP":null,"WSName":"PS","rangeAddress":"$CL$56:$CL$92","headAddress":"$CL$56","bodyAddress":"$CL$57:$CL$92","_name":"ручное"}},"emcosID":null,"emcosMLID":null,"codMaketTEP":null,"codTEP":null,"WSName":"PS","rangeAddress":"$CL$55:$CL$92","headAddress":"$CL$55","bodyAddress":"$CL$56:$CL$92","_name":"отдача"}},"emcosID":null,"emcosMLID":null,"codMaketTEP":null,"codTEP":null,"WSName":"PS","rangeAddress":"$CK$54:$CL$92","headAddress":"$CK$54:$CL$54","bodyAddress":"$CK$55:$CL$92","_name":"ОВ 110 Шу"},"DB":{"_level":0,"parentID":"9f8cecea-9c25-4827-9c95-10577f61bc03","firstParentID":"9f8cecea-9c25-4827-9c95-10577f61bc03","ID":"d7891419-6d59-4d48-8592-cf4979ce6a47","childs":{"прием":{"_level":1,"parentID":"d7891419-6d59-4d48-8592-cf4979ce6a47","firstParentID":"9f8cecea-9c25-4827-9c95-10577f61bc03","ID":"6870aa2f-7bf6-474b-8980-6b4136c560e4","childs":{"код":{"_level":2,"parentID":"6870aa2f-7bf6-474b-8980-6b4136c560e4","firstParentID":"9f8cecea-9c25-4827-9c95-10577f61bc03","ID":"a4699581-2765-48a9-94df-c755306938fa","childs":null,"emcosID":null,"emcosMLID":null,"codMaketTEP":null,"codTEP":null,"WSName":"DB","rangeAddress":"$IY$267:$IY$304","headAddress":"$IY$267","bodyAddress":"$IY$268:$IY$304","_name":"код"},"основное":{"_level":2,"parentID":"6870aa2f-7bf6-474b-8980-6b4136c560e4","firstParentID":"9f8cecea-9c25-4827-9c95-10577f61bc03","ID":"86622137-5766-409e-847f-9475173228cb","childs":null,"emcosID":null,"emcosMLID":null,"codMaketTEP":null,"codTEP":null,"WSName":"DB","rangeAddress":"$IZ$267:$IZ$304","headAddress":"$IZ$267","bodyAddress":"$IZ$268:$IZ$304","_name":"основное"},"корректировка факт":{"_level":2,"parentID":"6870aa2f-7bf6-474b-8980-6b4136c560e4","firstParentID":"9f8cecea-9c25-4827-9c95-10577f61bc03","ID":"bcf023cb-6704-4fd4-8fec-919cb6a38aea","childs":null,"emcosID":null,"emcosMLID":null,"codMaketTEP":null,"codTEP":null,"WSName":"DB","rangeAddress":"$JA$267:$JA$304","headAddress":"$JA$267","bodyAddress":"$JA$268:$JA$304","_name":"корректировка факт"},"ручное":{"_level":2,"parentID":"6870aa2f-7bf6-474b-8980-6b4136c560e4","firstParentID":"9f8cecea-9c25-4827-9c95-10577f61bc03","ID":"2a577cb9-884b-4e24-b773-3fc68475b241","childs":null,"emcosID":null,"emcosMLID":null,"codMaketTEP":null,"codTEP":null,"WSName":"DB","rangeAddress":"$JB$267:$JB$304","headAddress":"$JB$267","bodyAddress":"$JB$268:$JB$304","_name":"ручное"}},"emcosID":null,"emcosMLID":null,"codMaketTEP":null,"codTEP":null,"WSName":"DB","rangeAddress":"$IY$266:$JB$304","headAddress":"$IY$266:$JB$266","bodyAddress":"$IY$267:$JB$304","_name":"прием"},"отдача":{"_level":1,"parentID":"d7891419-6d59-4d48-8592-cf4979ce6a47","firstParentID":"9f8cecea-9c25-4827-9c95-10577f61bc03","ID":"7f9ad04e-a6e7-4fce-ad92-38a03592aef2","childs":{"код":{"_level":2,"parentID":"7f9ad04e-a6e7-4fce-ad92-38a03592aef2","firstParentID":"9f8cecea-9c25-4827-9c95-10577f61bc03","ID":"238639b6-ecf0-4512-bd36-63ed20b6f163","childs":null,"emcosID":null,"emcosMLID":null,"codMaketTEP":null,"codTEP":null,"WSName":"DB","rangeAddress":"$JC$267:$JC$304","headAddress":"$JC$267","bodyAddress":"$JC$268:$JC$304","_name":"код"},"основное":{"_level":2,"parentID":"7f9ad04e-a6e7-4fce-ad92-38a03592aef2","firstParentID":"9f8cecea-9c25-4827-9c95-10577f61bc03","ID":"efc39036-60d8-4ffe-810b-71f2d63bdc58","childs":null,"emcosID":null,"emcosMLID":null,"codMaketTEP":null,"codTEP":null,"WSName":"DB","rangeAddress":"$JD$267:$JD$304","headAddress":"$JD$267","bodyAddress":"$JD$268:$JD$304","_name":"основное"},"корректировка факт":{"_level":2,"parentID":"7f9ad04e-a6e7-4fce-ad92-38a03592aef2","firstParentID":"9f8cecea-9c25-4827-9c95-10577f61bc03","ID":"554e0b55-3480-4ec5-9295-d371b24c4ec1","childs":null,"emcosID":null,"emcosMLID":null,"codMaketTEP":null,"codTEP":null,"WSName":"DB","rangeAddress":"$JE$267:$JE$304","headAddress":"$JE$267","bodyAddress":"$JE$268:$JE$304","_name":"корректировка факт"},"ручное":{"_level":2,"parentID":"7f9ad04e-a6e7-4fce-ad92-38a03592aef2","firstParentID":"9f8cecea-9c25-4827-9c95-10577f61bc03","ID":"09ee5a5d-9765-412e-ab54-1f3664041b06","childs":null,"emcosID":null,"emcosMLID":null,"codMaketTEP":null,"codTEP":null,"WSName":"DB","rangeAddress":"$JF$267:$JF$304","headAddress":"$JF$267","bodyAddress":"$JF$268:$JF$304","_name":"ручное"}},"emcosID":null,"emcosMLID":null,"codMaketTEP":null,"codTEP":null,"WSName":"DB","rangeAddress":"$JC$266:$JF$304","headAddress":"$JC$266:$JF$266","bodyAddress":"$JC$267:$JF$304","_name":"отдача"}},"emcosID":null,"emcosMLID":null,"codMaketTEP":null,"codTEP":null,"WSName":"DB","rangeAddress":"$IY$265:$JF$304","headAddress":"$IY$265:$JF$265","bodyAddress":"$IY$266:$JF$304","_name":"ОВ 110 Шу"}},"codPlan":null,"meterCoef":null,"_name":"ОВ 110 Шу"}