{"ID":"a6653192-7baa-416b-8958-7dbec9bd4a29","childs":{"PS":{"_level":0,"parentID":"a6653192-7baa-416b-8958-7dbec9bd4a29","firstParentID":"a6653192-7baa-416b-8958-7dbec9bd4a29","ID":"445f6e2c-7222-4778-8f35-1e35f8c217a3","childs":{"прием":{"_level":1,"parentID":"445f6e2c-7222-4778-8f35-1e35f8c217a3","firstParentID":"a6653192-7baa-416b-8958-7dbec9bd4a29","ID":"e5dc3a2a-d3ba-44b0-ac28-49a629c8ca75","childs":{"оперативное":{"_level":2,"parentID":"e5dc3a2a-d3ba-44b0-ac28-49a629c8ca75","firstParentID":"a6653192-7baa-416b-8958-7dbec9bd4a29","ID":"02c250bd-e056-473c-b63d-edc5fc26839e","childs":null,"emcosID":null,"emcosMLID":null,"codMaketTEP":null,"codTEP":null,"WSName":"PS","rangeAddress":"$GX$99:$GX$135","headAddress":"$GX$99","bodyAddress":"$GX$100:$GX$135","_name":"оперативное"}},"emcosID":null,"emcosMLID":null,"codMaketTEP":null,"codTEP":null,"WSName":"PS","rangeAddress":"$GX$98:$GX$135","headAddress":"$GX$98","bodyAddress":"$GX$99:$GX$135","_name":"прием"},"отдача":{"_level":1,"parentID":"445f6e2c-7222-4778-8f35-1e35f8c217a3","firstParentID":"a6653192-7baa-416b-8958-7dbec9bd4a29","ID":"5260d621-b60e-46b6-ad53-c2b98fb816df","childs":{"оперативное":{"_level":2,"parentID":"5260d621-b60e-46b6-ad53-c2b98fb816df","firstParentID":"a6653192-7baa-416b-8958-7dbec9bd4a29","ID":"d0e47853-e9bf-4d37-990d-6ca6ac8d68e2","childs":null,"emcosID":null,"emcosMLID":null,"codMaketTEP":null,"codTEP":null,"WSName":"PS","rangeAddress":"$GY$99:$GY$135","headAddress":"$GY$99","bodyAddress":"$GY$100:$GY$135","_name":"оперативное"}},"emcosID":null,"emcosMLID":null,"codMaketTEP":null,"codTEP":null,"WSName":"PS","rangeAddress":"$GY$98:$GY$135","headAddress":"$GY$98","bodyAddress":"$GY$99:$GY$135","_name":"отдача"}},"emcosID":null,"emcosMLID":null,"codMaketTEP":null,"codTEP":null,"WSName":"PS","rangeAddress":"$GX$97:$GY$135","headAddress":"$GX$97:$GY$97","bodyAddress":"$GX$98:$GY$135","_name":"АТ2 АХБК 7А"},"DB":{"_level":0,"parentID":"a6653192-7baa-416b-8958-7dbec9bd4a29","firstParentID":"a6653192-7baa-416b-8958-7dbec9bd4a29","ID":"ce87f7a2-aa93-4da3-9018-a2f43bbdc9e7","childs":{"прием":{"_level":1,"parentID":"ce87f7a2-aa93-4da3-9018-a2f43bbdc9e7","firstParentID":"a6653192-7baa-416b-8958-7dbec9bd4a29","ID":"3a6b8716-02c9-4be2-ac71-bba183658c08","childs":{"код":{"_level":2,"parentID":"3a6b8716-02c9-4be2-ac71-bba183658c08","firstParentID":"a6653192-7baa-416b-8958-7dbec9bd4a29","ID":"bcd8e5c6-2b58-483f-a9eb-81d62f0e6108","childs":null,"emcosID":null,"emcosMLID":null,"codMaketTEP":null,"codTEP":null,"WSName":"DB","rangeAddress":"$BK$310:$BK$347","headAddress":"$BK$310","bodyAddress":"$BK$311:$BK$347","_name":"код"},"основное":{"_level":2,"parentID":"3a6b8716-02c9-4be2-ac71-bba183658c08","firstParentID":"a6653192-7baa-416b-8958-7dbec9bd4a29","ID":"f8594489-3076-4a7a-b40a-fc29cfb96e40","childs":null,"emcosID":null,"emcosMLID":null,"codMaketTEP":null,"codTEP":null,"WSName":"DB","rangeAddress":"$BL$310:$BL$347","headAddress":"$BL$310","bodyAddress":"$BL$311:$BL$347","_name":"основное"},"корректировка факт":{"_level":2,"parentID":"3a6b8716-02c9-4be2-ac71-bba183658c08","firstParentID":"a6653192-7baa-416b-8958-7dbec9bd4a29","ID":"39398ca1-f1b8-496d-9cfe-749ca94f2b57","childs":null,"emcosID":null,"emcosMLID":null,"codMaketTEP":null,"codTEP":null,"WSName":"DB","rangeAddress":"$BM$310:$BM$347","headAddress":"$BM$310","bodyAddress":"$BM$311:$BM$347","_name":"корректировка факт"},"ручное":{"_level":2,"parentID":"3a6b8716-02c9-4be2-ac71-bba183658c08","firstParentID":"a6653192-7baa-416b-8958-7dbec9bd4a29","ID":"dc4250ff-a354-4157-8b98-3c276efbd5b2","childs":null,"emcosID":null,"emcosMLID":null,"codMaketTEP":null,"codTEP":null,"WSName":"DB","rangeAddress":"$BN$310:$BN$347","headAddress":"$BN$310","bodyAddress":"$BN$311:$BN$347","_name":"ручное"},"оперативное":{"_level":2,"parentID":"3a6b8716-02c9-4be2-ac71-bba183658c08","firstParentID":"a6653192-7baa-416b-8958-7dbec9bd4a29","ID":"13a66e04-87d3-45ee-ab9a-01a8c3467010","childs":null,"emcosID":null,"emcosMLID":null,"codMaketTEP":null,"codTEP":null,"WSName":"DB","rangeAddress":"$BO$310:$BO$347","headAddress":"$BO$310","bodyAddress":"$BO$311:$BO$347","_name":"оперативное"}},"emcosID":null,"emcosMLID":null,"codMaketTEP":null,"codTEP":null,"WSName":"DB","rangeAddress":"$BK$309:$BO$347","headAddress":"$BK$309:$BO$309","bodyAddress":"$BK$310:$BO$347","_name":"прием"},"отдача":{"_level":1,"parentID":"ce87f7a2-aa93-4da3-9018-a2f43bbdc9e7","firstParentID":"a6653192-7baa-416b-8958-7dbec9bd4a29","ID":"61185efa-ca13-4631-983b-63f878ea12fa","childs":{"код":{"_level":2,"parentID":"61185efa-ca13-4631-983b-63f878ea12fa","firstParentID":"a6653192-7baa-416b-8958-7dbec9bd4a29","ID":"b2390451-e121-42c4-a7ee-ec9e430096e3","childs":null,"emcosID":null,"emcosMLID":null,"codMaketTEP":null,"codTEP":null,"WSName":"DB","rangeAddress":"$BP$310:$BP$347","headAddress":"$BP$310","bodyAddress":"$BP$311:$BP$347","_name":"код"},"основное":{"_level":2,"parentID":"61185efa-ca13-4631-983b-63f878ea12fa","firstParentID":"a6653192-7baa-416b-8958-7dbec9bd4a29","ID":"a97c1cfc-894a-4c4d-b817-e95095ede82a","childs":null,"emcosID":null,"emcosMLID":null,"codMaketTEP":null,"codTEP":null,"WSName":"DB","rangeAddress":"$BQ$310:$BQ$347","headAddress":"$BQ$310","bodyAddress":"$BQ$311:$BQ$347","_name":"основное"},"корректировка факт":{"_level":2,"parentID":"61185efa-ca13-4631-983b-63f878ea12fa","firstParentID":"a6653192-7baa-416b-8958-7dbec9bd4a29","ID":"16cfeed1-b9f5-4a11-9cf8-8c9d276cde62","childs":null,"emcosID":null,"emcosMLID":null,"codMaketTEP":null,"codTEP":null,"WSName":"DB","rangeAddress":"$BR$310:$BR$347","headAddress":"$BR$310","bodyAddress":"$BR$311:$BR$347","_name":"корректировка факт"},"ручное":{"_level":2,"parentID":"61185efa-ca13-4631-983b-63f878ea12fa","firstParentID":"a6653192-7baa-416b-8958-7dbec9bd4a29","ID":"dd308f07-bbf5-4823-a67e-f1ec0d7d288e","childs":null,"emcosID":null,"emcosMLID":null,"codMaketTEP":null,"codTEP":null,"WSName":"DB","rangeAddress":"$BS$310:$BS$347","headAddress":"$BS$310","bodyAddress":"$BS$311:$BS$347","_name":"ручное"},"оперативное":{"_level":2,"parentID":"61185efa-ca13-4631-983b-63f878ea12fa","firstParentID":"a6653192-7baa-416b-8958-7dbec9bd4a29","ID":"627ca3a6-330f-49d8-87c5-c000e9f62335","childs":null,"emcosID":null,"emcosMLID":null,"codMaketTEP":null,"codTEP":null,"WSName":"DB","rangeAddress":"$BT$310:$BT$347","headAddress":"$BT$310","bodyAddress":"$BT$311:$BT$347","_name":"оперативное"}},"emcosID":null,"emcosMLID":null,"codMaketTEP":null,"codTEP":null,"WSName":"DB","rangeAddress":"$BP$309:$BT$347","headAddress":"$BP$309:$BT$309","bodyAddress":"$BP$310:$BT$347","_name":"отдача"}},"emcosID":null,"emcosMLID":null,"codMaketTEP":null,"codTEP":null,"WSName":"DB","rangeAddress":"$BK$308:$BT$347","headAddress":"$BK$308:$BT$308","bodyAddress":"$BK$309:$BT$347","_name":"АТ2 АХБК 7А"}},"codPlan":null,"meterCoef":null,"_name":"АТ2 АХБК 7А"}