{"ID":"c5dc21a3-0b28-444b-a482-3502221796cb","childs":{"PS":{"_level":0,"parentID":"c5dc21a3-0b28-444b-a482-3502221796cb","firstParentID":"c5dc21a3-0b28-444b-a482-3502221796cb","ID":"8417305b-6ffb-4c7c-b8c1-ffd365f676a2","childs":{"прием":{"_level":1,"parentID":"8417305b-6ffb-4c7c-b8c1-ffd365f676a2","firstParentID":"c5dc21a3-0b28-444b-a482-3502221796cb","ID":"8469e9ca-48e8-4add-9c04-ac2c2e970831","childs":{"ручное":{"_level":2,"parentID":"8469e9ca-48e8-4add-9c04-ac2c2e970831","firstParentID":"c5dc21a3-0b28-444b-a482-3502221796cb","ID":"767a8bda-3e04-4df5-90bb-a4dd4b5870f7","childs":null,"emcosID":null,"emcosMLID":null,"codMaketTEP":null,"codTEP":null,"WSName":"PS","rangeAddress":"$KB$99:$KB$135","headAddress":"$KB$99","bodyAddress":"$KB$100:$KB$135","_name":"ручное"}},"emcosID":null,"emcosMLID":null,"codMaketTEP":null,"codTEP":null,"WSName":"PS","rangeAddress":"$KB$98:$KB$135","headAddress":"$KB$98","bodyAddress":"$KB$99:$KB$135","_name":"прием"}},"emcosID":null,"emcosMLID":null,"codMaketTEP":null,"codTEP":null,"WSName":"PS","rangeAddress":"$KB$97:$KB$135","headAddress":"$KB$97","bodyAddress":"$KB$98:$KB$135","_name":"ТП1 Чиганак тяга"},"DB":{"_level":0,"parentID":"c5dc21a3-0b28-444b-a482-3502221796cb","firstParentID":"c5dc21a3-0b28-444b-a482-3502221796cb","ID":"6a984423-0ff6-42c6-8926-271f9320e494","childs":{"прием":{"_level":1,"parentID":"6a984423-0ff6-42c6-8926-271f9320e494","firstParentID":"c5dc21a3-0b28-444b-a482-3502221796cb","ID":"e3a5264a-3277-4bb3-bf1e-7dea63f48ae8","childs":{"код":{"_level":2,"parentID":"e3a5264a-3277-4bb3-bf1e-7dea63f48ae8","firstParentID":"c5dc21a3-0b28-444b-a482-3502221796cb","ID":"febb76c2-9ede-406d-9504-79ddd07f849b","childs":null,"emcosID":null,"emcosMLID":null,"codMaketTEP":null,"codTEP":null,"WSName":"DB","rangeAddress":"$GP$138:$GP$175","headAddress":"$GP$138","bodyAddress":"$GP$139:$GP$175","_name":"код"},"основное":{"_level":2,"parentID":"e3a5264a-3277-4bb3-bf1e-7dea63f48ae8","firstParentID":"c5dc21a3-0b28-444b-a482-3502221796cb","ID":"685b6c6b-dd84-4555-8229-06bc82797f12","childs":null,"emcosID":null,"emcosMLID":null,"codMaketTEP":null,"codTEP":null,"WSName":"DB","rangeAddress":"$GQ$138:$GQ$175","headAddress":"$GQ$138","bodyAddress":"$GQ$139:$GQ$175","_name":"основное"},"корректировка факт":{"_level":2,"parentID":"e3a5264a-3277-4bb3-bf1e-7dea63f48ae8","firstParentID":"c5dc21a3-0b28-444b-a482-3502221796cb","ID":"1297db6a-c193-430f-9e7f-f5b4034281bd","childs":null,"emcosID":null,"emcosMLID":null,"codMaketTEP":null,"codTEP":null,"WSName":"DB","rangeAddress":"$GR$138:$GR$175","headAddress":"$GR$138","bodyAddress":"$GR$139:$GR$175","_name":"корректировка факт"},"ручное":{"_level":2,"parentID":"e3a5264a-3277-4bb3-bf1e-7dea63f48ae8","firstParentID":"c5dc21a3-0b28-444b-a482-3502221796cb","ID":"a0f4270f-cc4c-4592-80bd-6eed4ba1cb5c","childs":null,"emcosID":null,"emcosMLID":null,"codMaketTEP":null,"codTEP":null,"WSName":"DB","rangeAddress":"$GS$138:$GS$175","headAddress":"$GS$138","bodyAddress":"$GS$139:$GS$175","_name":"ручное"}},"emcosID":null,"emcosMLID":null,"codMaketTEP":null,"codTEP":null,"WSName":"DB","rangeAddress":"$GP$137:$GS$175","headAddress":"$GP$137:$GS$137","bodyAddress":"$GP$138:$GS$175","_name":"прием"}},"emcosID":null,"emcosMLID":null,"codMaketTEP":null,"codTEP":null,"WSName":"DB","rangeAddress":"$GP$136:$GS$175","headAddress":"$GP$136:$GS$136","bodyAddress":"$GP$137:$GS$175","_name":"ТП1 Чиганак тяга"}},"codPlan":null,"meterCoef":null,"_name":"ТП1 Чиганак тяга"}