{"ID":"dbb5be15-81da-4b0c-ab91-be26fd8b8a47","childs":{"PS":{"_level":0,"parentID":"dbb5be15-81da-4b0c-ab91-be26fd8b8a47","firstParentID":"dbb5be15-81da-4b0c-ab91-be26fd8b8a47","ID":"32e1b9e3-f763-4f5c-9acc-4a4a4e593b41","childs":{"прием":{"_level":1,"parentID":"32e1b9e3-f763-4f5c-9acc-4a4a4e593b41","firstParentID":"dbb5be15-81da-4b0c-ab91-be26fd8b8a47","ID":"c1817ecc-f05c-4a2b-a5d0-a8d90aa3dcd5","childs":{"по счетчику":{"_level":2,"parentID":"c1817ecc-f05c-4a2b-a5d0-a8d90aa3dcd5","firstParentID":"dbb5be15-81da-4b0c-ab91-be26fd8b8a47","ID":"32f064d2-8e01-41cf-bbd1-edcf3be71c47","childs":null,"emcosID":null,"emcosMLID":null,"codMaketTEP":null,"codTEP":null,"WSName":"PS","rangeAddress":"$AW$56:$AW$92","headAddress":"$AW$56","bodyAddress":"$AW$57:$AW$92","_name":"по счетчику"}},"emcosID":null,"emcosMLID":null,"codMaketTEP":null,"codTEP":null,"WSName":"PS","rangeAddress":"$AW$55:$AW$92","headAddress":"$AW$55","bodyAddress":"$AW$56:$AW$92","_name":"прием"},"отдача":{"_level":1,"parentID":"32e1b9e3-f763-4f5c-9acc-4a4a4e593b41","firstParentID":"dbb5be15-81da-4b0c-ab91-be26fd8b8a47","ID":"41d0959e-8710-48fc-996b-e987c5eaf18c","childs":{"по счетчику":{"_level":2,"parentID":"41d0959e-8710-48fc-996b-e987c5eaf18c","firstParentID":"dbb5be15-81da-4b0c-ab91-be26fd8b8a47","ID":"d1f54edb-e205-4b49-bc6d-75895efc89ce","childs":null,"emcosID":null,"emcosMLID":null,"codMaketTEP":null,"codTEP":null,"WSName":"PS","rangeAddress":"$AX$56:$AX$92","headAddress":"$AX$56","bodyAddress":"$AX$57:$AX$92","_name":"по счетчику"}},"emcosID":null,"emcosMLID":null,"codMaketTEP":null,"codTEP":null,"WSName":"PS","rangeAddress":"$AX$55:$AX$92","headAddress":"$AX$55","bodyAddress":"$AX$56:$AX$92","_name":"отдача"}},"emcosID":null,"emcosMLID":null,"codMaketTEP":null,"codTEP":null,"WSName":"PS","rangeAddress":"$AW$54:$AX$92","headAddress":"$AW$54:$AX$54","bodyAddress":"$AW$55:$AX$92","_name":"Л2513 Шу"},"DB":{"_level":0,"parentID":"dbb5be15-81da-4b0c-ab91-be26fd8b8a47","firstParentID":"dbb5be15-81da-4b0c-ab91-be26fd8b8a47","ID":"38e06a02-45e8-41cb-86a5-697ac4ebd6b4","childs":{"прием":{"_level":1,"parentID":"38e06a02-45e8-41cb-86a5-697ac4ebd6b4","firstParentID":"dbb5be15-81da-4b0c-ab91-be26fd8b8a47","ID":"4f0b817e-bc9a-46f9-97eb-f76205642acc","childs":{"код":{"_level":2,"parentID":"4f0b817e-bc9a-46f9-97eb-f76205642acc","firstParentID":"dbb5be15-81da-4b0c-ab91-be26fd8b8a47","ID":"9d64eac6-5e0c-4949-b6c2-46c99fc39604","childs":null,"emcosID":null,"emcosMLID":null,"codMaketTEP":null,"codTEP":null,"WSName":"DB","rangeAddress":"$IX$9:$IX$46","headAddress":"$IX$9","bodyAddress":"$IX$10:$IX$46","_name":"код"},"основное":{"_level":2,"parentID":"4f0b817e-bc9a-46f9-97eb-f76205642acc","firstParentID":"dbb5be15-81da-4b0c-ab91-be26fd8b8a47","ID":"94b50aa8-6cf4-4adf-bff5-15ff1af8f0e4","childs":null,"emcosID":null,"emcosMLID":null,"codMaketTEP":null,"codTEP":null,"WSName":"DB","rangeAddress":"$IY$9:$IY$46","headAddress":"$IY$9","bodyAddress":"$IY$10:$IY$46","_name":"основное"},"корректировка факт":{"_level":2,"parentID":"4f0b817e-bc9a-46f9-97eb-f76205642acc","firstParentID":"dbb5be15-81da-4b0c-ab91-be26fd8b8a47","ID":"c757de07-2d43-4496-bac3-acb9bdb58dd2","childs":null,"emcosID":null,"emcosMLID":null,"codMaketTEP":null,"codTEP":null,"WSName":"DB","rangeAddress":"$IZ$9:$IZ$46","headAddress":"$IZ$9","bodyAddress":"$IZ$10:$IZ$46","_name":"корректировка факт"},"ручное":{"_level":2,"parentID":"4f0b817e-bc9a-46f9-97eb-f76205642acc","firstParentID":"dbb5be15-81da-4b0c-ab91-be26fd8b8a47","ID":"a146085e-27cc-4c01-b506-800b2b123423","childs":null,"emcosID":null,"emcosMLID":null,"codMaketTEP":null,"codTEP":null,"WSName":"DB","rangeAddress":"$JA$9:$JA$46","headAddress":"$JA$9","bodyAddress":"$JA$10:$JA$46","_name":"ручное"},"счетчик":{"_level":2,"parentID":"4f0b817e-bc9a-46f9-97eb-f76205642acc","firstParentID":"dbb5be15-81da-4b0c-ab91-be26fd8b8a47","ID":"7c0a6716-2c75-4e5d-a80b-d5ab0a8742ba","childs":null,"emcosID":null,"emcosMLID":null,"codMaketTEP":null,"codTEP":null,"WSName":"DB","rangeAddress":"$JB$9:$JB$46","headAddress":"$JB$9","bodyAddress":"$JB$10:$JB$46","_name":"счетчик"},"по счетчику":{"_level":2,"parentID":"4f0b817e-bc9a-46f9-97eb-f76205642acc","firstParentID":"dbb5be15-81da-4b0c-ab91-be26fd8b8a47","ID":"56924e59-91e1-45f4-aeb9-3e261cd52630","childs":null,"emcosID":null,"emcosMLID":null,"codMaketTEP":null,"codTEP":null,"WSName":"DB","rangeAddress":"$JC$9:$JC$46","headAddress":"$JC$9","bodyAddress":"$JC$10:$JC$46","_name":"по счетчику"}},"emcosID":null,"emcosMLID":null,"codMaketTEP":null,"codTEP":null,"WSName":"DB","rangeAddress":"$IX$8:$JC$46","headAddress":"$IX$8:$JC$8","bodyAddress":"$IX$9:$JC$46","_name":"прием"},"отдача":{"_level":1,"parentID":"38e06a02-45e8-41cb-86a5-697ac4ebd6b4","firstParentID":"dbb5be15-81da-4b0c-ab91-be26fd8b8a47","ID":"bbf9bdd4-a32a-4250-8bb4-dc47d941f4a5","childs":{"код":{"_level":2,"parentID":"bbf9bdd4-a32a-4250-8bb4-dc47d941f4a5","firstParentID":"dbb5be15-81da-4b0c-ab91-be26fd8b8a47","ID":"e0924bd8-1b53-48e7-ae1a-cf30d348d1cc","childs":null,"emcosID":null,"emcosMLID":null,"codMaketTEP":null,"codTEP":null,"WSName":"DB","rangeAddress":"$JD$9:$JD$46","headAddress":"$JD$9","bodyAddress":"$JD$10:$JD$46","_name":"код"},"основное":{"_level":2,"parentID":"bbf9bdd4-a32a-4250-8bb4-dc47d941f4a5","firstParentID":"dbb5be15-81da-4b0c-ab91-be26fd8b8a47","ID":"57c738b5-897c-4e56-8c09-b16e32d4c256","childs":null,"emcosID":null,"emcosMLID":null,"codMaketTEP":null,"codTEP":null,"WSName":"DB","rangeAddress":"$JE$9:$JE$46","headAddress":"$JE$9","bodyAddress":"$JE$10:$JE$46","_name":"основное"},"корректировка факт":{"_level":2,"parentID":"bbf9bdd4-a32a-4250-8bb4-dc47d941f4a5","firstParentID":"dbb5be15-81da-4b0c-ab91-be26fd8b8a47","ID":"2f122d71-6df5-4585-8f8c-2ba4276e3f15","childs":null,"emcosID":null,"emcosMLID":null,"codMaketTEP":null,"codTEP":null,"WSName":"DB","rangeAddress":"$JF$9:$JF$46","headAddress":"$JF$9","bodyAddress":"$JF$10:$JF$46","_name":"корректировка факт"},"ручное":{"_level":2,"parentID":"bbf9bdd4-a32a-4250-8bb4-dc47d941f4a5","firstParentID":"dbb5be15-81da-4b0c-ab91-be26fd8b8a47","ID":"0093f5df-a928-4d83-9835-eec6a99e9d84","childs":null,"emcosID":null,"emcosMLID":null,"codMaketTEP":null,"codTEP":null,"WSName":"DB","rangeAddress":"$JG$9:$JG$46","headAddress":"$JG$9","bodyAddress":"$JG$10:$JG$46","_name":"ручное"},"счетчик":{"_level":2,"parentID":"bbf9bdd4-a32a-4250-8bb4-dc47d941f4a5","firstParentID":"dbb5be15-81da-4b0c-ab91-be26fd8b8a47","ID":"7eeba269-d3c7-4c3c-8c3b-a8766685a4c2","childs":null,"emcosID":null,"emcosMLID":null,"codMaketTEP":null,"codTEP":null,"WSName":"DB","rangeAddress":"$JH$9:$JH$46","headAddress":"$JH$9","bodyAddress":"$JH$10:$JH$46","_name":"счетчик"},"по счетчику":{"_level":2,"parentID":"bbf9bdd4-a32a-4250-8bb4-dc47d941f4a5","firstParentID":"dbb5be15-81da-4b0c-ab91-be26fd8b8a47","ID":"c0b0f6d4-39c8-4515-81f8-c064c85a095e","childs":null,"emcosID":null,"emcosMLID":null,"codMaketTEP":null,"codTEP":null,"WSName":"DB","rangeAddress":"$JI$9:$JI$46","headAddress":"$JI$9","bodyAddress":"$JI$10:$JI$46","_name":"по счетчику"}},"emcosID":null,"emcosMLID":null,"codMaketTEP":null,"codTEP":null,"WSName":"DB","rangeAddress":"$JD$8:$JI$46","headAddress":"$JD$8:$JI$8","bodyAddress":"$JD$9:$JI$46","_name":"отдача"}},"emcosID":null,"emcosMLID":null,"codMaketTEP":null,"codTEP":null,"WSName":"DB","rangeAddress":"$IX$7:$JI$46","headAddress":"$IX$7:$JI$7","bodyAddress":"$IX$8:$JI$46","_name":"Л2513 Шу"}},"codPlan":null,"meterCoef":"2200","_name":"Л2513 Шу"}