{"ID":"e24dcf94-9762-4a47-8a1f-d20778fa24e8","childs":{"PS":{"_level":0,"parentID":"e24dcf94-9762-4a47-8a1f-d20778fa24e8","firstParentID":"e24dcf94-9762-4a47-8a1f-d20778fa24e8","ID":"168da227-584d-4317-b637-283cc998b9cf","childs":{"прием":{"_level":1,"parentID":"168da227-584d-4317-b637-283cc998b9cf","firstParentID":"e24dcf94-9762-4a47-8a1f-d20778fa24e8","ID":"279e4ee3-fe55-4d3b-8005-fbc7af22e9f9","childs":{"аскуэ":{"_level":2,"parentID":"279e4ee3-fe55-4d3b-8005-fbc7af22e9f9","firstParentID":"e24dcf94-9762-4a47-8a1f-d20778fa24e8","ID":"60f5dea2-9186-46f6-b35b-29e69bd8d586","childs":null,"emcosID":null,"emcosMLID":null,"codMaketTEP":null,"codTEP":null,"WSName":"PS","rangeAddress":"$DJ$56:$DJ$92","headAddress":"$DJ$56","bodyAddress":"$DJ$57:$DJ$92","_name":"аскуэ"}},"emcosID":null,"emcosMLID":null,"codMaketTEP":null,"codTEP":null,"WSName":"PS","rangeAddress":"$DJ$55:$DJ$92","headAddress":"$DJ$55","bodyAddress":"$DJ$56:$DJ$92","_name":"прием"},"отдача":{"_level":1,"parentID":"168da227-584d-4317-b637-283cc998b9cf","firstParentID":"e24dcf94-9762-4a47-8a1f-d20778fa24e8","ID":"bedaf84b-e27e-4b61-8685-6c5ab6257486","childs":{"аскуэ":{"_level":2,"parentID":"bedaf84b-e27e-4b61-8685-6c5ab6257486","firstParentID":"e24dcf94-9762-4a47-8a1f-d20778fa24e8","ID":"1f2140e7-0299-4a5d-b7e2-c6b59e571c13","childs":null,"emcosID":null,"emcosMLID":null,"codMaketTEP":null,"codTEP":null,"WSName":"PS","rangeAddress":"$DK$56:$DK$92","headAddress":"$DK$56","bodyAddress":"$DK$57:$DK$92","_name":"аскуэ"}},"emcosID":null,"emcosMLID":null,"codMaketTEP":null,"codTEP":null,"WSName":"PS","rangeAddress":"$DK$55:$DK$92","headAddress":"$DK$55","bodyAddress":"$DK$56:$DK$92","_name":"отдача"},"сальдо":{"_level":1,"parentID":"168da227-584d-4317-b637-283cc998b9cf","firstParentID":"e24dcf94-9762-4a47-8a1f-d20778fa24e8","ID":"c326f43f-2e02-41bc-9d66-e661f8c745b5","childs":{"формула":{"_level":2,"parentID":"c326f43f-2e02-41bc-9d66-e661f8c745b5","firstParentID":"e24dcf94-9762-4a47-8a1f-d20778fa24e8","ID":"64a2b0fb-8245-417e-9aa6-d434f1756290","childs":null,"emcosID":null,"emcosMLID":null,"codMaketTEP":null,"codTEP":null,"WSName":"PS","rangeAddress":"$DL$56:$DL$92","headAddress":"$DL$56","bodyAddress":"$DL$57:$DL$92","_name":"формула"}},"emcosID":null,"emcosMLID":null,"codMaketTEP":1347,"codTEP":null,"WSName":"PS","rangeAddress":"$DL$55:$DL$92","headAddress":"$DL$55","bodyAddress":"$DL$56:$DL$92","_name":"сальдо"}},"emcosID":null,"emcosMLID":null,"codMaketTEP":null,"codTEP":null,"WSName":"PS","rangeAddress":"$DJ$54:$DL$92","headAddress":"$DJ$54:$DL$54","bodyAddress":"$DJ$55:$DL$92","_name":"Л2193 Алматы"},"DB":{"_level":0,"parentID":"e24dcf94-9762-4a47-8a1f-d20778fa24e8","firstParentID":"e24dcf94-9762-4a47-8a1f-d20778fa24e8","ID":"463b9caf-5fc4-4e5b-813f-0284de760847","childs":{"прием":{"_level":1,"parentID":"463b9caf-5fc4-4e5b-813f-0284de760847","firstParentID":"e24dcf94-9762-4a47-8a1f-d20778fa24e8","ID":"4a07824a-cc23-4e78-8a94-66a4da66fe8d","childs":{"код":{"_level":2,"parentID":"4a07824a-cc23-4e78-8a94-66a4da66fe8d","firstParentID":"e24dcf94-9762-4a47-8a1f-d20778fa24e8","ID":"8d9e3681-5d44-4876-99da-c3b1fe92566a","childs":null,"emcosID":null,"emcosMLID":null,"codMaketTEP":null,"codTEP":null,"WSName":"DB","rangeAddress":"$N$9:$N$46","headAddress":"$N$9","bodyAddress":"$N$10:$N$46","_name":"код"},"основное":{"_level":2,"parentID":"4a07824a-cc23-4e78-8a94-66a4da66fe8d","firstParentID":"e24dcf94-9762-4a47-8a1f-d20778fa24e8","ID":"9d12bcef-4aef-4248-b7d2-fc1d4e4fefd5","childs":null,"emcosID":null,"emcosMLID":null,"codMaketTEP":null,"codTEP":null,"WSName":"DB","rangeAddress":"$O$9:$O$46","headAddress":"$O$9","bodyAddress":"$O$10:$O$46","_name":"основное"},"корректировка факт":{"_level":2,"parentID":"4a07824a-cc23-4e78-8a94-66a4da66fe8d","firstParentID":"e24dcf94-9762-4a47-8a1f-d20778fa24e8","ID":"39fd94dc-4563-408e-839c-bc349990dbad","childs":null,"emcosID":null,"emcosMLID":null,"codMaketTEP":null,"codTEP":null,"WSName":"DB","rangeAddress":"$P$9:$P$46","headAddress":"$P$9","bodyAddress":"$P$10:$P$46","_name":"корректировка факт"},"ручное":{"_level":2,"parentID":"4a07824a-cc23-4e78-8a94-66a4da66fe8d","firstParentID":"e24dcf94-9762-4a47-8a1f-d20778fa24e8","ID":"a06e84ee-5d8c-4b70-a441-a06f82cffe1c","childs":null,"emcosID":null,"emcosMLID":null,"codMaketTEP":null,"codTEP":null,"WSName":"DB","rangeAddress":"$Q$9:$Q$46","headAddress":"$Q$9","bodyAddress":"$Q$10:$Q$46","_name":"ручное"},"счетчик":{"_level":2,"parentID":"4a07824a-cc23-4e78-8a94-66a4da66fe8d","firstParentID":"e24dcf94-9762-4a47-8a1f-d20778fa24e8","ID":"a2024dc8-01bd-4532-b160-dcca77f9bc3c","childs":null,"emcosID":null,"emcosMLID":null,"codMaketTEP":null,"codTEP":null,"WSName":"DB","rangeAddress":"$R$9:$R$46","headAddress":"$R$9","bodyAddress":"$R$10:$R$46","_name":"счетчик"},"по счетчику":{"_level":2,"parentID":"4a07824a-cc23-4e78-8a94-66a4da66fe8d","firstParentID":"e24dcf94-9762-4a47-8a1f-d20778fa24e8","ID":"de6c85c0-f6af-496a-a095-ec67f818a6c8","childs":null,"emcosID":null,"emcosMLID":null,"codMaketTEP":null,"codTEP":null,"WSName":"DB","rangeAddress":"$S$9:$S$46","headAddress":"$S$9","bodyAddress":"$S$10:$S$46","_name":"по счетчику"},"аскуэ":{"_level":2,"parentID":"4a07824a-cc23-4e78-8a94-66a4da66fe8d","firstParentID":"e24dcf94-9762-4a47-8a1f-d20778fa24e8","ID":"830859b0-4b55-4d15-ac61-64919110e1a3","childs":null,"emcosID":null,"emcosMLID":null,"codMaketTEP":null,"codTEP":null,"WSName":"DB","rangeAddress":"$T$9:$T$46","headAddress":"$T$9","bodyAddress":"$T$10:$T$46","_name":"аскуэ"}},"emcosID":287,"emcosMLID":385,"codMaketTEP":null,"codTEP":null,"WSName":"DB","rangeAddress":"$N$8:$T$46","headAddress":"$N$8:$T$8","bodyAddress":"$N$9:$T$46","_name":"прием"},"отдача":{"_level":1,"parentID":"463b9caf-5fc4-4e5b-813f-0284de760847","firstParentID":"e24dcf94-9762-4a47-8a1f-d20778fa24e8","ID":"9321548c-265b-4472-88b7-213b1b2f2ed3","childs":{"код":{"_level":2,"parentID":"9321548c-265b-4472-88b7-213b1b2f2ed3","firstParentID":"e24dcf94-9762-4a47-8a1f-d20778fa24e8","ID":"c88b5320-7c46-469d-a3f0-ada78c51e6d3","childs":null,"emcosID":null,"emcosMLID":null,"codMaketTEP":null,"codTEP":null,"WSName":"DB","rangeAddress":"$U$9:$U$46","headAddress":"$U$9","bodyAddress":"$U$10:$U$46","_name":"код"},"основное":{"_level":2,"parentID":"9321548c-265b-4472-88b7-213b1b2f2ed3","firstParentID":"e24dcf94-9762-4a47-8a1f-d20778fa24e8","ID":"d2c87dc7-c2db-4014-8a96-aca591b01566","childs":null,"emcosID":null,"emcosMLID":null,"codMaketTEP":null,"codTEP":null,"WSName":"DB","rangeAddress":"$V$9:$V$46","headAddress":"$V$9","bodyAddress":"$V$10:$V$46","_name":"основное"},"корректировка факт":{"_level":2,"parentID":"9321548c-265b-4472-88b7-213b1b2f2ed3","firstParentID":"e24dcf94-9762-4a47-8a1f-d20778fa24e8","ID":"d09b2d80-0d96-43a5-b2ff-f79f1e7c9014","childs":null,"emcosID":null,"emcosMLID":null,"codMaketTEP":null,"codTEP":null,"WSName":"DB","rangeAddress":"$W$9:$W$46","headAddress":"$W$9","bodyAddress":"$W$10:$W$46","_name":"корректировка факт"},"ручное":{"_level":2,"parentID":"9321548c-265b-4472-88b7-213b1b2f2ed3","firstParentID":"e24dcf94-9762-4a47-8a1f-d20778fa24e8","ID":"ae05bed0-b1a6-4337-a9c6-8df388194a59","childs":null,"emcosID":null,"emcosMLID":null,"codMaketTEP":null,"codTEP":null,"WSName":"DB","rangeAddress":"$X$9:$X$46","headAddress":"$X$9","bodyAddress":"$X$10:$X$46","_name":"ручное"},"счетчик":{"_level":2,"parentID":"9321548c-265b-4472-88b7-213b1b2f2ed3","firstParentID":"e24dcf94-9762-4a47-8a1f-d20778fa24e8","ID":"e5bf1b8c-0a63-44a1-99a3-29c40788d013","childs":null,"emcosID":null,"emcosMLID":null,"codMaketTEP":null,"codTEP":null,"WSName":"DB","rangeAddress":"$Y$9:$Y$46","headAddress":"$Y$9","bodyAddress":"$Y$10:$Y$46","_name":"счетчик"},"по счетчику":{"_level":2,"parentID":"9321548c-265b-4472-88b7-213b1b2f2ed3","firstParentID":"e24dcf94-9762-4a47-8a1f-d20778fa24e8","ID":"a1b3523a-736a-458c-8b37-b725ad0dcf14","childs":null,"emcosID":null,"emcosMLID":null,"codMaketTEP":null,"codTEP":null,"WSName":"DB","rangeAddress":"$Z$9:$Z$46","headAddress":"$Z$9","bodyAddress":"$Z$10:$Z$46","_name":"по счетчику"},"аскуэ":{"_level":2,"parentID":"9321548c-265b-4472-88b7-213b1b2f2ed3","firstParentID":"e24dcf94-9762-4a47-8a1f-d20778fa24e8","ID":"36ad08a4-261f-4495-8a99-dc3fdf082a2c","childs":null,"emcosID":null,"emcosMLID":null,"codMaketTEP":null,"codTEP":null,"WSName":"DB","rangeAddress":"$AA$9:$AA$46","headAddress":"$AA$9","bodyAddress":"$AA$10:$AA$46","_name":"аскуэ"}},"emcosID":287,"emcosMLID":386,"codMaketTEP":null,"codTEP":null,"WSName":"DB","rangeAddress":"$U$8:$AA$46","headAddress":"$U$8:$AA$8","bodyAddress":"$U$9:$AA$46","_name":"отдача"},"сальдо":{"_level":1,"parentID":"463b9caf-5fc4-4e5b-813f-0284de760847","firstParentID":"e24dcf94-9762-4a47-8a1f-d20778fa24e8","ID":"7164ab26-9c89-45c9-82e1-836f38575763","childs":{"код":{"_level":2,"parentID":"7164ab26-9c89-45c9-82e1-836f38575763","firstParentID":"e24dcf94-9762-4a47-8a1f-d20778fa24e8","ID":"20e103ad-4a75-4233-8cbe-bd716239368c","childs":null,"emcosID":null,"emcosMLID":null,"codMaketTEP":null,"codTEP":null,"WSName":"DB","rangeAddress":"$AB$9:$AB$46","headAddress":"$AB$9","bodyAddress":"$AB$10:$AB$46","_name":"код"},"основное":{"_level":2,"parentID":"7164ab26-9c89-45c9-82e1-836f38575763","firstParentID":"e24dcf94-9762-4a47-8a1f-d20778fa24e8","ID":"d82dfe07-842b-422e-80dd-68f97aff9b0f","childs":null,"emcosID":null,"emcosMLID":null,"codMaketTEP":null,"codTEP":null,"WSName":"DB","rangeAddress":"$AC$9:$AC$46","headAddress":"$AC$9","bodyAddress":"$AC$10:$AC$46","_name":"основное"},"корректировка факт":{"_level":2,"parentID":"7164ab26-9c89-45c9-82e1-836f38575763","firstParentID":"e24dcf94-9762-4a47-8a1f-d20778fa24e8","ID":"3d2e07b9-d347-4aa3-b2d0-64053a0afa59","childs":null,"emcosID":null,"emcosMLID":null,"codMaketTEP":null,"codTEP":null,"WSName":"DB","rangeAddress":"$AD$9:$AD$46","headAddress":"$AD$9","bodyAddress":"$AD$10:$AD$46","_name":"корректировка факт"},"ручное":{"_level":2,"parentID":"7164ab26-9c89-45c9-82e1-836f38575763","firstParentID":"e24dcf94-9762-4a47-8a1f-d20778fa24e8","ID":"b11bd91f-d42c-40f8-a17a-5fc30f6a0fa8","childs":null,"emcosID":null,"emcosMLID":null,"codMaketTEP":null,"codTEP":null,"WSName":"DB","rangeAddress":"$AE$9:$AE$46","headAddress":"$AE$9","bodyAddress":"$AE$10:$AE$46","_name":"ручное"},"формула":{"_level":2,"parentID":"7164ab26-9c89-45c9-82e1-836f38575763","firstParentID":"e24dcf94-9762-4a47-8a1f-d20778fa24e8","ID":"55d57243-2600-4065-add0-b8f5fc396da4","childs":null,"emcosID":null,"emcosMLID":null,"codMaketTEP":null,"codTEP":null,"WSName":"DB","rangeAddress":"$AF$9:$AF$46","headAddress":"$AF$9","bodyAddress":"$AF$10:$AF$46","_name":"формула"}},"emcosID":null,"emcosMLID":null,"codMaketTEP":null,"codTEP":null,"WSName":"DB","rangeAddress":"$AB$8:$AF$46","headAddress":"$AB$8:$AF$8","bodyAddress":"$AB$9:$AF$46","_name":"сальдо"}},"emcosID":null,"emcosMLID":null,"codMaketTEP":null,"codTEP":null,"WSName":"DB","rangeAddress":"$N$7:$AF$46","headAddress":"$N$7:$AF$7","bodyAddress":"$N$8:$AF$46","_name":"Л2193 Алматы"}},"codPlan":null,"meterCoef":null,"_name":"Л2193 Алматы"}