{"ID":"1642ed2d-021d-42e2-98e5-ca37ea6ddcc5","childs":{"PS":{"_level":0,"parentID":"1642ed2d-021d-42e2-98e5-ca37ea6ddcc5","firstParentID":"1642ed2d-021d-42e2-98e5-ca37ea6ddcc5","ID":"8408265b-e5b3-4743-971f-0071863d7e0e","childs":{"прием":{"_level":1,"parentID":"8408265b-e5b3-4743-971f-0071863d7e0e","firstParentID":"1642ed2d-021d-42e2-98e5-ca37ea6ddcc5","ID":"a0ba207d-6eaf-4c9b-ab56-1e0bf8b71326","childs":{"по счетчику":{"_level":2,"parentID":"a0ba207d-6eaf-4c9b-ab56-1e0bf8b71326","firstParentID":"1642ed2d-021d-42e2-98e5-ca37ea6ddcc5","ID":"47203101-0837-4fda-a8e5-67d11f43a3e4","childs":null,"emcosID":null,"emcosMLID":null,"WSName":"PS","rangeAddress":"$AO$56:$AO$92","headAddress":"$AO$56","bodyAddress":"$AO$57:$AO$92","_name":"по счетчику"}},"emcosID":null,"emcosMLID":null,"WSName":"PS","rangeAddress":"$AO$55:$AO$92","headAddress":"$AO$55","bodyAddress":"$AO$56:$AO$92","_name":"прием"},"отдача":{"_level":1,"parentID":"8408265b-e5b3-4743-971f-0071863d7e0e","firstParentID":"1642ed2d-021d-42e2-98e5-ca37ea6ddcc5","ID":"b9f66fa1-fe83-4c4c-833f-709158ac7055","childs":{"по счетчику":{"_level":2,"parentID":"b9f66fa1-fe83-4c4c-833f-709158ac7055","firstParentID":"1642ed2d-021d-42e2-98e5-ca37ea6ddcc5","ID":"ff2e32f8-7dcf-4b29-940c-aded0283f5f7","childs":null,"emcosID":null,"emcosMLID":null,"WSName":"PS","rangeAddress":"$AP$56:$AP$92","headAddress":"$AP$56","bodyAddress":"$AP$57:$AP$92","_name":"по счетчику"}},"emcosID":null,"emcosMLID":null,"WSName":"PS","rangeAddress":"$AP$55:$AP$92","headAddress":"$AP$55","bodyAddress":"$AP$56:$AP$92","_name":"отдача"}},"emcosID":null,"emcosMLID":null,"WSName":"PS","rangeAddress":"$AO$54:$AP$92","headAddress":"$AO$54:$AP$54","bodyAddress":"$AO$55:$AP$92","_name":"Л5143 Шу"},"DB":{"_level":0,"parentID":"1642ed2d-021d-42e2-98e5-ca37ea6ddcc5","firstParentID":"1642ed2d-021d-42e2-98e5-ca37ea6ddcc5","ID":"2e4e170b-4850-48d2-90fc-b0231b74f9aa","childs":{"прием":{"_level":1,"parentID":"2e4e170b-4850-48d2-90fc-b0231b74f9aa","firstParentID":"1642ed2d-021d-42e2-98e5-ca37ea6ddcc5","ID":"aa87146e-676a-467c-8741-d278ee09e7fc","childs":{"код":{"_level":2,"parentID":"aa87146e-676a-467c-8741-d278ee09e7fc","firstParentID":"1642ed2d-021d-42e2-98e5-ca37ea6ddcc5","ID":"f8583d90-09e9-49d1-97a2-5820d0302a81","childs":null,"emcosID":null,"emcosMLID":null,"WSName":"DB","rangeAddress":"$EN$9:$EN$46","headAddress":"$EN$9","bodyAddress":"$EN$10:$EN$46","_name":"код"},"основное":{"_level":2,"parentID":"aa87146e-676a-467c-8741-d278ee09e7fc","firstParentID":"1642ed2d-021d-42e2-98e5-ca37ea6ddcc5","ID":"41700900-99e1-472b-8bde-db52774e3896","childs":null,"emcosID":null,"emcosMLID":null,"WSName":"DB","rangeAddress":"$EO$9:$EO$46","headAddress":"$EO$9","bodyAddress":"$EO$10:$EO$46","_name":"основное"},"корректировка факт":{"_level":2,"parentID":"aa87146e-676a-467c-8741-d278ee09e7fc","firstParentID":"1642ed2d-021d-42e2-98e5-ca37ea6ddcc5","ID":"ca3d6ec8-9de1-4e58-95ba-6c221f0fd1eb","childs":null,"emcosID":null,"emcosMLID":null,"WSName":"DB","rangeAddress":"$EP$9:$EP$46","headAddress":"$EP$9","bodyAddress":"$EP$10:$EP$46","_name":"корректировка факт"},"ручное":{"_level":2,"parentID":"aa87146e-676a-467c-8741-d278ee09e7fc","firstParentID":"1642ed2d-021d-42e2-98e5-ca37ea6ddcc5","ID":"00160152-7fbe-4294-b5eb-7d9b78099296","childs":null,"emcosID":null,"emcosMLID":null,"WSName":"DB","rangeAddress":"$EQ$9:$EQ$46","headAddress":"$EQ$9","bodyAddress":"$EQ$10:$EQ$46","_name":"ручное"},"счетчик":{"_level":2,"parentID":"aa87146e-676a-467c-8741-d278ee09e7fc","firstParentID":"1642ed2d-021d-42e2-98e5-ca37ea6ddcc5","ID":"e94e32b7-5269-4fce-a359-4af141744d0a","childs":null,"emcosID":null,"emcosMLID":null,"WSName":"DB","rangeAddress":"$ER$9:$ER$46","headAddress":"$ER$9","bodyAddress":"$ER$10:$ER$46","_name":"счетчик"},"по счетчику":{"_level":2,"parentID":"aa87146e-676a-467c-8741-d278ee09e7fc","firstParentID":"1642ed2d-021d-42e2-98e5-ca37ea6ddcc5","ID":"7c70e35a-645c-4dfb-8b06-a37a73d06244","childs":null,"emcosID":null,"emcosMLID":null,"WSName":"DB","rangeAddress":"$ES$9:$ES$46","headAddress":"$ES$9","bodyAddress":"$ES$10:$ES$46","_name":"по счетчику"}},"emcosID":null,"emcosMLID":null,"WSName":"DB","rangeAddress":"$EN$8:$ES$46","headAddress":"$EN$8:$ES$8","bodyAddress":"$EN$9:$ES$46","_name":"прием"},"отдача":{"_level":1,"parentID":"2e4e170b-4850-48d2-90fc-b0231b74f9aa","firstParentID":"1642ed2d-021d-42e2-98e5-ca37ea6ddcc5","ID":"9c2b5967-0486-4c19-a2f3-fedc838a7f4b","childs":{"код":{"_level":2,"parentID":"9c2b5967-0486-4c19-a2f3-fedc838a7f4b","firstParentID":"1642ed2d-021d-42e2-98e5-ca37ea6ddcc5","ID":"45796898-58ba-4d1a-90ee-1709ac21083e","childs":null,"emcosID":null,"emcosMLID":null,"WSName":"DB","rangeAddress":"$ET$9:$ET$46","headAddress":"$ET$9","bodyAddress":"$ET$10:$ET$46","_name":"код"},"основное":{"_level":2,"parentID":"9c2b5967-0486-4c19-a2f3-fedc838a7f4b","firstParentID":"1642ed2d-021d-42e2-98e5-ca37ea6ddcc5","ID":"ac8fa1bb-ea47-4ae1-a062-ba3e7e722550","childs":null,"emcosID":null,"emcosMLID":null,"WSName":"DB","rangeAddress":"$EU$9:$EU$46","headAddress":"$EU$9","bodyAddress":"$EU$10:$EU$46","_name":"основное"},"корректировка факт":{"_level":2,"parentID":"9c2b5967-0486-4c19-a2f3-fedc838a7f4b","firstParentID":"1642ed2d-021d-42e2-98e5-ca37ea6ddcc5","ID":"5c614510-b568-4175-832b-697851b34be4","childs":null,"emcosID":null,"emcosMLID":null,"WSName":"DB","rangeAddress":"$EV$9:$EV$46","headAddress":"$EV$9","bodyAddress":"$EV$10:$EV$46","_name":"корректировка факт"},"ручное":{"_level":2,"parentID":"9c2b5967-0486-4c19-a2f3-fedc838a7f4b","firstParentID":"1642ed2d-021d-42e2-98e5-ca37ea6ddcc5","ID":"4871f42f-9ec0-4e9f-8066-f9d978240b79","childs":null,"emcosID":null,"emcosMLID":null,"WSName":"DB","rangeAddress":"$EW$9:$EW$46","headAddress":"$EW$9","bodyAddress":"$EW$10:$EW$46","_name":"ручное"},"счетчик":{"_level":2,"parentID":"9c2b5967-0486-4c19-a2f3-fedc838a7f4b","firstParentID":"1642ed2d-021d-42e2-98e5-ca37ea6ddcc5","ID":"96b7eda1-186e-4d9d-bfdb-979d3c716057","childs":null,"emcosID":null,"emcosMLID":null,"WSName":"DB","rangeAddress":"$EX$9:$EX$46","headAddress":"$EX$9","bodyAddress":"$EX$10:$EX$46","_name":"счетчик"},"по счетчику":{"_level":2,"parentID":"9c2b5967-0486-4c19-a2f3-fedc838a7f4b","firstParentID":"1642ed2d-021d-42e2-98e5-ca37ea6ddcc5","ID":"9918345b-e3fe-43f8-8ea5-2ec84bd4ab9f","childs":null,"emcosID":null,"emcosMLID":null,"WSName":"DB","rangeAddress":"$EY$9:$EY$46","headAddress":"$EY$9","bodyAddress":"$EY$10:$EY$46","_name":"по счетчику"}},"emcosID":null,"emcosMLID":null,"WSName":"DB","rangeAddress":"$ET$8:$EY$46","headAddress":"$ET$8:$EY$8","bodyAddress":"$ET$9:$EY$46","_name":"отдача"}},"emcosID":null,"emcosMLID":null,"WSName":"DB","rangeAddress":"$EN$7:$EY$46","headAddress":"$EN$7:$EY$7","bodyAddress":"$EN$8:$EY$46","_name":"Л5143 Шу"}},"codPlan":null,"meterCoef":null,"_name":"Л5143 Шу"}