{"ID":"209e0edd-f5cb-4709-a4f2-17b540962a0c","childs":{"PS":{"_level":0,"parentID":"209e0edd-f5cb-4709-a4f2-17b540962a0c","firstParentID":"209e0edd-f5cb-4709-a4f2-17b540962a0c","ID":"2cc07b93-89e6-4e71-a38f-e7fee1c90a10","childs":{"прием":{"_level":1,"parentID":"2cc07b93-89e6-4e71-a38f-e7fee1c90a10","firstParentID":"209e0edd-f5cb-4709-a4f2-17b540962a0c","ID":"0e392b74-cdd3-41c5-954c-b7393c2b7646","childs":{"ручное":{"_level":2,"parentID":"0e392b74-cdd3-41c5-954c-b7393c2b7646","firstParentID":"209e0edd-f5cb-4709-a4f2-17b540962a0c","ID":"cd48b65b-0808-4ea6-bdc1-d40b909d5fe0","childs":null,"emcosID":null,"emcosMLID":null,"WSName":"PS","rangeAddress":"$CX$56:$CX$92","headAddress":"$CX$56","bodyAddress":"$CX$57:$CX$92","_name":"ручное"}},"emcosID":null,"emcosMLID":null,"WSName":"PS","rangeAddress":"$CX$55:$CX$92","headAddress":"$CX$55","bodyAddress":"$CX$56:$CX$92","_name":"прием"},"отдача":{"_level":1,"parentID":"2cc07b93-89e6-4e71-a38f-e7fee1c90a10","firstParentID":"209e0edd-f5cb-4709-a4f2-17b540962a0c","ID":"6082658a-c25b-41c2-9387-c4577af3dbbc","childs":{"ручное":{"_level":2,"parentID":"6082658a-c25b-41c2-9387-c4577af3dbbc","firstParentID":"209e0edd-f5cb-4709-a4f2-17b540962a0c","ID":"e8b1e60c-e555-4d0b-8a60-1216d6d8f673","childs":null,"emcosID":null,"emcosMLID":null,"WSName":"PS","rangeAddress":"$CY$56:$CY$92","headAddress":"$CY$56","bodyAddress":"$CY$57:$CY$92","_name":"ручное"}},"emcosID":null,"emcosMLID":null,"WSName":"PS","rangeAddress":"$CY$55:$CY$92","headAddress":"$CY$55","bodyAddress":"$CY$56:$CY$92","_name":"отдача"}},"emcosID":null,"emcosMLID":null,"WSName":"PS","rangeAddress":"$CX$54:$CY$92","headAddress":"$CX$54:$CY$54","bodyAddress":"$CX$55:$CY$92","_name":"Л2543 Талдыкорган"},"DB":{"_level":0,"parentID":"209e0edd-f5cb-4709-a4f2-17b540962a0c","firstParentID":"209e0edd-f5cb-4709-a4f2-17b540962a0c","ID":"8daac2db-7361-49d9-a881-92cd8927735e","childs":{"прием":{"_level":1,"parentID":"8daac2db-7361-49d9-a881-92cd8927735e","firstParentID":"209e0edd-f5cb-4709-a4f2-17b540962a0c","ID":"b5746090-575b-449a-9336-3b917048c1ed","childs":{"код":{"_level":2,"parentID":"b5746090-575b-449a-9336-3b917048c1ed","firstParentID":"209e0edd-f5cb-4709-a4f2-17b540962a0c","ID":"367e033a-25c4-4e58-9285-e17dc49026d8","childs":null,"emcosID":null,"emcosMLID":null,"WSName":"DB","rangeAddress":"$JG$52:$JG$89","headAddress":"$JG$52","bodyAddress":"$JG$53:$JG$89","_name":"код"},"основное":{"_level":2,"parentID":"b5746090-575b-449a-9336-3b917048c1ed","firstParentID":"209e0edd-f5cb-4709-a4f2-17b540962a0c","ID":"34473521-4756-457e-b7c9-3508aad29bff","childs":null,"emcosID":null,"emcosMLID":null,"WSName":"DB","rangeAddress":"$JH$52:$JH$89","headAddress":"$JH$52","bodyAddress":"$JH$53:$JH$89","_name":"основное"},"корректировка факт":{"_level":2,"parentID":"b5746090-575b-449a-9336-3b917048c1ed","firstParentID":"209e0edd-f5cb-4709-a4f2-17b540962a0c","ID":"8af46271-b01d-4154-8fb5-8e66a1c0570b","childs":null,"emcosID":null,"emcosMLID":null,"WSName":"DB","rangeAddress":"$JI$52:$JI$89","headAddress":"$JI$52","bodyAddress":"$JI$53:$JI$89","_name":"корректировка факт"},"ручное":{"_level":2,"parentID":"b5746090-575b-449a-9336-3b917048c1ed","firstParentID":"209e0edd-f5cb-4709-a4f2-17b540962a0c","ID":"8b5cef17-2021-4c56-a114-bf5abf5e6b6f","childs":null,"emcosID":null,"emcosMLID":null,"WSName":"DB","rangeAddress":"$JJ$52:$JJ$89","headAddress":"$JJ$52","bodyAddress":"$JJ$53:$JJ$89","_name":"ручное"}},"emcosID":null,"emcosMLID":null,"WSName":"DB","rangeAddress":"$JG$51:$JJ$89","headAddress":"$JG$51:$JJ$51","bodyAddress":"$JG$52:$JJ$89","_name":"прием"},"отдача":{"_level":1,"parentID":"8daac2db-7361-49d9-a881-92cd8927735e","firstParentID":"209e0edd-f5cb-4709-a4f2-17b540962a0c","ID":"09b0bd05-85b5-44dd-9155-8fcf36c85926","childs":{"код":{"_level":2,"parentID":"09b0bd05-85b5-44dd-9155-8fcf36c85926","firstParentID":"209e0edd-f5cb-4709-a4f2-17b540962a0c","ID":"639cd3fa-7c81-4393-aab8-ef4d23a58782","childs":null,"emcosID":null,"emcosMLID":null,"WSName":"DB","rangeAddress":"$JK$52:$JK$89","headAddress":"$JK$52","bodyAddress":"$JK$53:$JK$89","_name":"код"},"основное":{"_level":2,"parentID":"09b0bd05-85b5-44dd-9155-8fcf36c85926","firstParentID":"209e0edd-f5cb-4709-a4f2-17b540962a0c","ID":"bf3444fb-55ab-4258-b5cc-43d1f37ba158","childs":null,"emcosID":null,"emcosMLID":null,"WSName":"DB","rangeAddress":"$JL$52:$JL$89","headAddress":"$JL$52","bodyAddress":"$JL$53:$JL$89","_name":"основное"},"корректировка факт":{"_level":2,"parentID":"09b0bd05-85b5-44dd-9155-8fcf36c85926","firstParentID":"209e0edd-f5cb-4709-a4f2-17b540962a0c","ID":"7dc44e64-b826-4295-917f-dea4ea1f7fa1","childs":null,"emcosID":null,"emcosMLID":null,"WSName":"DB","rangeAddress":"$JM$52:$JM$89","headAddress":"$JM$52","bodyAddress":"$JM$53:$JM$89","_name":"корректировка факт"},"ручное":{"_level":2,"parentID":"09b0bd05-85b5-44dd-9155-8fcf36c85926","firstParentID":"209e0edd-f5cb-4709-a4f2-17b540962a0c","ID":"8ed63eca-3035-42a6-a488-1a17721ac954","childs":null,"emcosID":null,"emcosMLID":null,"WSName":"DB","rangeAddress":"$JN$52:$JN$89","headAddress":"$JN$52","bodyAddress":"$JN$53:$JN$89","_name":"ручное"}},"emcosID":null,"emcosMLID":null,"WSName":"DB","rangeAddress":"$JK$51:$JN$89","headAddress":"$JK$51:$JN$51","bodyAddress":"$JK$52:$JN$89","_name":"отдача"}},"emcosID":null,"emcosMLID":null,"WSName":"DB","rangeAddress":"$JG$50:$JN$89","headAddress":"$JG$50:$JN$50","bodyAddress":"$JG$51:$JN$89","_name":"Л2543 Талдыкорган"}},"codPlan":null,"meterCoef":null,"_name":"Л2543 Талдыкорган"}