{"ID":"0111a217-babf-45dc-9f6b-e327316723a7","childs":{"PS":{"_level":0,"parentID":"0111a217-babf-45dc-9f6b-e327316723a7","firstParentID":"0111a217-babf-45dc-9f6b-e327316723a7","ID":"226e7cfc-21f0-4977-8336-d578dff9eefe","childs":{"прием":{"_level":1,"parentID":"226e7cfc-21f0-4977-8336-d578dff9eefe","firstParentID":"0111a217-babf-45dc-9f6b-e327316723a7","ID":"c8b53979-49c8-4352-9b3f-7fdbd3acdfd4","childs":{"оперативное":{"_level":2,"parentID":"c8b53979-49c8-4352-9b3f-7fdbd3acdfd4","firstParentID":"0111a217-babf-45dc-9f6b-e327316723a7","ID":"1cba76cb-bee5-43dc-b37f-a25e4b3d0e91","childs":null,"emcosID":null,"emcosMLID":null,"codMaketTEP":null,"codTEP":null,"WSName":"PS","rangeAddress":"$BR$228:$BR$264","headAddress":"$BR$228","bodyAddress":"$BR$229:$BR$264","_name":"оперативное"}},"emcosID":null,"emcosMLID":null,"codMaketTEP":null,"codTEP":null,"WSName":"PS","rangeAddress":"$BR$227:$BR$264","headAddress":"$BR$227","bodyAddress":"$BR$228:$BR$264","_name":"прием"}},"emcosID":null,"emcosMLID":null,"codMaketTEP":null,"codTEP":null,"WSName":"PS","rangeAddress":"$BR$226:$BR$264","headAddress":"$BR$226","bodyAddress":"$BR$227:$BR$264","_name":"Потребление ALACEM"},"DB":{"_level":0,"parentID":"0111a217-babf-45dc-9f6b-e327316723a7","firstParentID":"0111a217-babf-45dc-9f6b-e327316723a7","ID":"94a79a7c-fe3d-42ed-87fc-00511b0e713f","childs":{"прием":{"_level":1,"parentID":"94a79a7c-fe3d-42ed-87fc-00511b0e713f","firstParentID":"0111a217-babf-45dc-9f6b-e327316723a7","ID":"a667b05f-32c4-456c-a937-6416ff757ed7","childs":{"код":{"_level":2,"parentID":"a667b05f-32c4-456c-a937-6416ff757ed7","firstParentID":"0111a217-babf-45dc-9f6b-e327316723a7","ID":"6d994dd2-c10d-4ebf-ba69-16dfd642cbcc","childs":null,"emcosID":null,"emcosMLID":null,"codMaketTEP":null,"codTEP":null,"WSName":"DB","rangeAddress":"$C$568:$C$605","headAddress":"$C$568","bodyAddress":"$C$569:$C$605","_name":"код"},"основное":{"_level":2,"parentID":"a667b05f-32c4-456c-a937-6416ff757ed7","firstParentID":"0111a217-babf-45dc-9f6b-e327316723a7","ID":"4fa85714-a114-40f6-8e1c-6ac64c21bfc7","childs":null,"emcosID":null,"emcosMLID":null,"codMaketTEP":null,"codTEP":null,"WSName":"DB","rangeAddress":"$D$568:$D$605","headAddress":"$D$568","bodyAddress":"$D$569:$D$605","_name":"основное"},"корректировка факт":{"_level":2,"parentID":"a667b05f-32c4-456c-a937-6416ff757ed7","firstParentID":"0111a217-babf-45dc-9f6b-e327316723a7","ID":"79650335-b47b-4b1d-aa0d-19d8d9583d7d","childs":null,"emcosID":null,"emcosMLID":null,"codMaketTEP":null,"codTEP":null,"WSName":"DB","rangeAddress":"$E$568:$E$605","headAddress":"$E$568","bodyAddress":"$E$569:$E$605","_name":"корректировка факт"},"ручное":{"_level":2,"parentID":"a667b05f-32c4-456c-a937-6416ff757ed7","firstParentID":"0111a217-babf-45dc-9f6b-e327316723a7","ID":"b744f4df-dc81-4857-92b6-227cb1984055","childs":null,"emcosID":null,"emcosMLID":null,"codMaketTEP":null,"codTEP":null,"WSName":"DB","rangeAddress":"$F$568:$F$605","headAddress":"$F$568","bodyAddress":"$F$569:$F$605","_name":"ручное"},"оперативное":{"_level":2,"parentID":"a667b05f-32c4-456c-a937-6416ff757ed7","firstParentID":"0111a217-babf-45dc-9f6b-e327316723a7","ID":"f09a6a30-4394-4ac1-9846-9a9b6db18be0","childs":null,"emcosID":null,"emcosMLID":null,"codMaketTEP":null,"codTEP":null,"WSName":"DB","rangeAddress":"$G$568:$G$605","headAddress":"$G$568","bodyAddress":"$G$569:$G$605","_name":"оперативное"}},"emcosID":null,"emcosMLID":null,"codMaketTEP":null,"codTEP":null,"WSName":"DB","rangeAddress":"$C$567:$G$605","headAddress":"$C$567:$G$567","bodyAddress":"$C$568:$G$605","_name":"прием"}},"emcosID":null,"emcosMLID":null,"codMaketTEP":null,"codTEP":null,"WSName":"DB","rangeAddress":"$C$566:$G$605","headAddress":"$C$566:$G$566","bodyAddress":"$C$567:$G$605","_name":"Потребление ALACEM"}},"codPlan":null,"meterCoef":null,"_name":"Потребление ALACEM"}