{"ID":"1602afd5-816c-4666-a58e-d71d8480554e","childs":{"PS":{"_level":0,"parentID":"1602afd5-816c-4666-a58e-d71d8480554e","firstParentID":"1602afd5-816c-4666-a58e-d71d8480554e","ID":"73759ce8-4a13-46d7-9c54-c12032434888","childs":{"прием":{"_level":1,"parentID":"73759ce8-4a13-46d7-9c54-c12032434888","firstParentID":"1602afd5-816c-4666-a58e-d71d8480554e","ID":"217f5197-78ad-4af4-aabe-1d9b379be080","childs":{"ручное":{"_level":2,"parentID":"217f5197-78ad-4af4-aabe-1d9b379be080","firstParentID":"1602afd5-816c-4666-a58e-d71d8480554e","ID":"9d545d54-8163-49b1-964a-019662b4da7b","childs":null,"emcosID":null,"emcosMLID":null,"codMaketTEP":null,"codTEP":null,"WSName":"PS","rangeAddress":"$AS$228:$AS$264","headAddress":"$AS$228","bodyAddress":"$AS$229:$AS$264","_name":"ручное"}},"emcosID":null,"emcosMLID":null,"codMaketTEP":1434,"codTEP":null,"WSName":"PS","rangeAddress":"$AS$227:$AS$264","headAddress":"$AS$227","bodyAddress":"$AS$228:$AS$264","_name":"прием"}},"emcosID":null,"emcosMLID":null,"codMaketTEP":null,"codTEP":null,"WSName":"PS","rangeAddress":"$AS$226:$AS$264","headAddress":"$AS$226","bodyAddress":"$AS$227:$AS$264","_name":"Потребление Тенгри Энерджи Жетысу"},"DB":{"_level":0,"parentID":"1602afd5-816c-4666-a58e-d71d8480554e","firstParentID":"1602afd5-816c-4666-a58e-d71d8480554e","ID":"59685ec4-bf7c-4cf3-aa04-8734aeab6013","childs":{"прием":{"_level":1,"parentID":"59685ec4-bf7c-4cf3-aa04-8734aeab6013","firstParentID":"1602afd5-816c-4666-a58e-d71d8480554e","ID":"7e88c901-69ff-45a2-a322-ed51b9e2f5fe","childs":{"код":{"_level":2,"parentID":"7e88c901-69ff-45a2-a322-ed51b9e2f5fe","firstParentID":"1602afd5-816c-4666-a58e-d71d8480554e","ID":"2f149512-e71f-4039-8e07-98ef5d37cfdd","childs":null,"emcosID":null,"emcosMLID":null,"codMaketTEP":null,"codTEP":null,"WSName":"DB","rangeAddress":"$AF$439:$AF$476","headAddress":"$AF$439","bodyAddress":"$AF$440:$AF$476","_name":"код"},"основное":{"_level":2,"parentID":"7e88c901-69ff-45a2-a322-ed51b9e2f5fe","firstParentID":"1602afd5-816c-4666-a58e-d71d8480554e","ID":"d90468b7-fb55-48ad-83ac-bf999ea049c2","childs":null,"emcosID":null,"emcosMLID":null,"codMaketTEP":null,"codTEP":null,"WSName":"DB","rangeAddress":"$AG$439:$AG$476","headAddress":"$AG$439","bodyAddress":"$AG$440:$AG$476","_name":"основное"},"корректировка факт":{"_level":2,"parentID":"7e88c901-69ff-45a2-a322-ed51b9e2f5fe","firstParentID":"1602afd5-816c-4666-a58e-d71d8480554e","ID":"04e86d90-8d6c-4a16-95d1-261d8f17eb4c","childs":null,"emcosID":null,"emcosMLID":null,"codMaketTEP":null,"codTEP":null,"WSName":"DB","rangeAddress":"$AH$439:$AH$476","headAddress":"$AH$439","bodyAddress":"$AH$440:$AH$476","_name":"корректировка факт"},"ручное":{"_level":2,"parentID":"7e88c901-69ff-45a2-a322-ed51b9e2f5fe","firstParentID":"1602afd5-816c-4666-a58e-d71d8480554e","ID":"fff8e370-21e7-49c9-a303-c90622c2b497","childs":null,"emcosID":null,"emcosMLID":null,"codMaketTEP":null,"codTEP":null,"WSName":"DB","rangeAddress":"$AI$439:$AI$476","headAddress":"$AI$439","bodyAddress":"$AI$440:$AI$476","_name":"ручное"},"оперативное":{"_level":2,"parentID":"7e88c901-69ff-45a2-a322-ed51b9e2f5fe","firstParentID":"1602afd5-816c-4666-a58e-d71d8480554e","ID":"a79da444-4c11-4e80-8f22-4d53829e0023","childs":null,"emcosID":null,"emcosMLID":null,"codMaketTEP":null,"codTEP":null,"WSName":"DB","rangeAddress":"$AJ$439:$AJ$476","headAddress":"$AJ$439","bodyAddress":"$AJ$440:$AJ$476","_name":"оперативное"}},"emcosID":null,"emcosMLID":null,"codMaketTEP":null,"codTEP":null,"WSName":"DB","rangeAddress":"$AF$438:$AJ$476","headAddress":"$AF$438:$AJ$438","bodyAddress":"$AF$439:$AJ$476","_name":"прием"}},"emcosID":null,"emcosMLID":null,"codMaketTEP":null,"codTEP":null,"WSName":"DB","rangeAddress":"$AF$437:$AJ$476","headAddress":"$AF$437:$AJ$437","bodyAddress":"$AF$438:$AJ$476","_name":"Потребление Тенгри Энерджи Жетысу"}},"codPlan":null,"meterCoef":null,"_name":"Потребление Тенгри Энерджи Жетысу"}