{"ID":"1a6faf11-aa23-40a7-ba63-fd07dd34526a","childs":{"PS":{"_level":0,"parentID":"1a6faf11-aa23-40a7-ba63-fd07dd34526a","firstParentID":"1a6faf11-aa23-40a7-ba63-fd07dd34526a","ID":"c2a1a33d-90da-49f3-bbee-856d9daa7220","childs":{"прием":{"_level":1,"parentID":"c2a1a33d-90da-49f3-bbee-856d9daa7220","firstParentID":"1a6faf11-aa23-40a7-ba63-fd07dd34526a","ID":"61550376-82f5-4fdb-9840-77796fc0b63a","childs":{"по плану":{"_level":2,"parentID":"61550376-82f5-4fdb-9840-77796fc0b63a","firstParentID":"1a6faf11-aa23-40a7-ba63-fd07dd34526a","ID":"faeffa9e-d0cc-4220-ad15-c0a8617552d0","childs":null,"emcosID":null,"emcosMLID":null,"codMaketTEP":null,"codTEP":null,"WSName":"PS","rangeAddress":"$AQ$185:$AQ$221","headAddress":"$AQ$185","bodyAddress":"$AQ$186:$AQ$221","_name":"по плану"}},"emcosID":null,"emcosMLID":null,"codMaketTEP":null,"codTEP":null,"WSName":"PS","rangeAddress":"$AQ$184:$AQ$221","headAddress":"$AQ$184","bodyAddress":"$AQ$185:$AQ$221","_name":"прием"},"план":{"_level":1,"parentID":"c2a1a33d-90da-49f3-bbee-856d9daa7220","firstParentID":"1a6faf11-aa23-40a7-ba63-fd07dd34526a","ID":"4e07f6a5-dd3b-4484-a933-3ee73d52c816","childs":{"заявка":{"_level":2,"parentID":"4e07f6a5-dd3b-4484-a933-3ee73d52c816","firstParentID":"1a6faf11-aa23-40a7-ba63-fd07dd34526a","ID":"b5f6c56b-8d3f-43a1-a71f-479ae665c0cc","childs":null,"emcosID":null,"emcosMLID":null,"codMaketTEP":null,"codTEP":null,"WSName":"PS","rangeAddress":"$AR$185:$AR$221","headAddress":"$AR$185","bodyAddress":"$AR$186:$AR$221","_name":"заявка"}},"emcosID":null,"emcosMLID":null,"codMaketTEP":null,"codTEP":null,"WSName":"PS","rangeAddress":"$AR$184:$AR$221","headAddress":"$AR$184","bodyAddress":"$AR$185:$AR$221","_name":"план"}},"emcosID":null,"emcosMLID":null,"codMaketTEP":null,"codTEP":null,"WSName":"PS","rangeAddress":"$AQ$183:$AR$221","headAddress":"$AQ$183:$AR$183","bodyAddress":"$AQ$184:$AR$221","_name":"Потребление Энергокомпания Qaz Energy Алматы"},"DB":{"_level":0,"parentID":"1a6faf11-aa23-40a7-ba63-fd07dd34526a","firstParentID":"1a6faf11-aa23-40a7-ba63-fd07dd34526a","ID":"9facc03f-e5fc-483e-992a-bd8924aa9538","childs":{"прием":{"_level":1,"parentID":"9facc03f-e5fc-483e-992a-bd8924aa9538","firstParentID":"1a6faf11-aa23-40a7-ba63-fd07dd34526a","ID":"29ffc32e-0425-4a52-b08c-82dad5ac9e9b","childs":{"код":{"_level":2,"parentID":"29ffc32e-0425-4a52-b08c-82dad5ac9e9b","firstParentID":"1a6faf11-aa23-40a7-ba63-fd07dd34526a","ID":"33cd6638-a213-4b0f-a9ab-5f17df940937","childs":null,"emcosID":null,"emcosMLID":null,"codMaketTEP":null,"codTEP":null,"WSName":"DB","rangeAddress":"$FS$439:$FS$476","headAddress":"$FS$439","bodyAddress":"$FS$440:$FS$476","_name":"код"},"основное":{"_level":2,"parentID":"29ffc32e-0425-4a52-b08c-82dad5ac9e9b","firstParentID":"1a6faf11-aa23-40a7-ba63-fd07dd34526a","ID":"82462194-4c7a-4dcb-a7b3-cf1dcb7ea84f","childs":null,"emcosID":null,"emcosMLID":null,"codMaketTEP":null,"codTEP":null,"WSName":"DB","rangeAddress":"$FT$439:$FT$476","headAddress":"$FT$439","bodyAddress":"$FT$440:$FT$476","_name":"основное"},"корректировка факт":{"_level":2,"parentID":"29ffc32e-0425-4a52-b08c-82dad5ac9e9b","firstParentID":"1a6faf11-aa23-40a7-ba63-fd07dd34526a","ID":"6df345d8-a4f3-494f-b235-b50fb22ddb4b","childs":null,"emcosID":null,"emcosMLID":null,"codMaketTEP":null,"codTEP":null,"WSName":"DB","rangeAddress":"$FU$439:$FU$476","headAddress":"$FU$439","bodyAddress":"$FU$440:$FU$476","_name":"корректировка факт"},"ручное":{"_level":2,"parentID":"29ffc32e-0425-4a52-b08c-82dad5ac9e9b","firstParentID":"1a6faf11-aa23-40a7-ba63-fd07dd34526a","ID":"69f5bddf-f2a0-42cf-b113-8834d6eb7a5f","childs":null,"emcosID":null,"emcosMLID":null,"codMaketTEP":null,"codTEP":null,"WSName":"DB","rangeAddress":"$FV$439:$FV$476","headAddress":"$FV$439","bodyAddress":"$FV$440:$FV$476","_name":"ручное"},"по плану":{"_level":2,"parentID":"29ffc32e-0425-4a52-b08c-82dad5ac9e9b","firstParentID":"1a6faf11-aa23-40a7-ba63-fd07dd34526a","ID":"7af4610d-b4ed-48a4-aab7-28a355508eb2","childs":null,"emcosID":null,"emcosMLID":null,"codMaketTEP":null,"codTEP":null,"WSName":"DB","rangeAddress":"$FW$439:$FW$476","headAddress":"$FW$439","bodyAddress":"$FW$440:$FW$476","_name":"по плану"}},"emcosID":null,"emcosMLID":null,"codMaketTEP":null,"codTEP":null,"WSName":"DB","rangeAddress":"$FS$438:$FW$476","headAddress":"$FS$438:$FW$438","bodyAddress":"$FS$439:$FW$476","_name":"прием"},"план":{"_level":1,"parentID":"9facc03f-e5fc-483e-992a-bd8924aa9538","firstParentID":"1a6faf11-aa23-40a7-ba63-fd07dd34526a","ID":"9f39fb57-a80b-4346-b4b4-5d955dd3ae61","childs":{"код":{"_level":2,"parentID":"9f39fb57-a80b-4346-b4b4-5d955dd3ae61","firstParentID":"1a6faf11-aa23-40a7-ba63-fd07dd34526a","ID":"f76190b8-cca5-410d-8ee3-e2c5eeefd3c2","childs":null,"emcosID":null,"emcosMLID":null,"codMaketTEP":null,"codTEP":null,"WSName":"DB","rangeAddress":"$FX$439:$FX$476","headAddress":"$FX$439","bodyAddress":"$FX$440:$FX$476","_name":"код"},"основное":{"_level":2,"parentID":"9f39fb57-a80b-4346-b4b4-5d955dd3ae61","firstParentID":"1a6faf11-aa23-40a7-ba63-fd07dd34526a","ID":"9394efa5-ec56-46cf-88f4-869f9a920a0e","childs":null,"emcosID":null,"emcosMLID":null,"codMaketTEP":null,"codTEP":null,"WSName":"DB","rangeAddress":"$FY$439:$FY$476","headAddress":"$FY$439","bodyAddress":"$FY$440:$FY$476","_name":"основное"},"заявка":{"_level":2,"parentID":"9f39fb57-a80b-4346-b4b4-5d955dd3ae61","firstParentID":"1a6faf11-aa23-40a7-ba63-fd07dd34526a","ID":"cd307e29-3855-4e4c-a7e8-0e98cf800d2f","childs":null,"emcosID":null,"emcosMLID":null,"codMaketTEP":null,"codTEP":null,"WSName":"DB","rangeAddress":"$FZ$439:$FZ$476","headAddress":"$FZ$439","bodyAddress":"$FZ$440:$FZ$476","_name":"заявка"},"утвержденный":{"_level":2,"parentID":"9f39fb57-a80b-4346-b4b4-5d955dd3ae61","firstParentID":"1a6faf11-aa23-40a7-ba63-fd07dd34526a","ID":"218a065c-7c14-4e99-8612-dd85094d323e","childs":null,"emcosID":null,"emcosMLID":null,"codMaketTEP":null,"codTEP":null,"WSName":"DB","rangeAddress":"$GA$439:$GA$476","headAddress":"$GA$439","bodyAddress":"$GA$440:$GA$476","_name":"утвержденный"},"корректировка":{"_level":2,"parentID":"9f39fb57-a80b-4346-b4b4-5d955dd3ae61","firstParentID":"1a6faf11-aa23-40a7-ba63-fd07dd34526a","ID":"19fd810c-8e93-4482-8af4-1e8f0f221463","childs":null,"emcosID":null,"emcosMLID":null,"codMaketTEP":null,"codTEP":null,"WSName":"DB","rangeAddress":"$GB$439:$GB$476","headAddress":"$GB$439","bodyAddress":"$GB$440:$GB$476","_name":"корректировка"}},"emcosID":null,"emcosMLID":null,"codMaketTEP":null,"codTEP":null,"WSName":"DB","rangeAddress":"$FX$438:$GB$476","headAddress":"$FX$438:$GB$438","bodyAddress":"$FX$439:$GB$476","_name":"план"}},"emcosID":null,"emcosMLID":null,"codMaketTEP":null,"codTEP":null,"WSName":"DB","rangeAddress":"$FS$437:$GB$476","headAddress":"$FS$437:$GB$437","bodyAddress":"$FS$438:$GB$476","_name":"Потребление Энергокомпания Qaz Energy Алматы"}},"codPlan":101,"meterCoef":null,"_name":"Потребление Энергокомпания Qaz Energy Алматы"}