{"ID":"209e387f-5228-43c6-be36-3ccbdbd7fed7","childs":{"PS":{"_level":0,"parentID":"209e387f-5228-43c6-be36-3ccbdbd7fed7","firstParentID":"209e387f-5228-43c6-be36-3ccbdbd7fed7","ID":"e84dd1a3-0e41-4366-9d35-3c8cf67b28a2","childs":{"прием":{"_level":1,"parentID":"e84dd1a3-0e41-4366-9d35-3c8cf67b28a2","firstParentID":"209e387f-5228-43c6-be36-3ccbdbd7fed7","ID":"dc1857f3-feb7-4af1-80f9-fe153ffac570","childs":{"оперативное":{"_level":2,"parentID":"dc1857f3-feb7-4af1-80f9-fe153ffac570","firstParentID":"209e387f-5228-43c6-be36-3ccbdbd7fed7","ID":"f08a97a3-0867-4a09-af85-49e34109a546","childs":null,"emcosID":null,"emcosMLID":null,"codMaketTEP":null,"codTEP":null,"WSName":"PS","rangeAddress":"$BB$228:$BB$264","headAddress":"$BB$228","bodyAddress":"$BB$229:$BB$264","_name":"оперативное"}},"emcosID":null,"emcosMLID":null,"codMaketTEP":null,"codTEP":null,"WSName":"PS","rangeAddress":"$BB$227:$BB$264","headAddress":"$BB$227","bodyAddress":"$BB$228:$BB$264","_name":"прием"}},"emcosID":null,"emcosMLID":null,"codMaketTEP":null,"codTEP":null,"WSName":"PS","rangeAddress":"$BB$226:$BB$264","headAddress":"$BB$226","bodyAddress":"$BB$227:$BB$264","_name":"Потребление КТЖ Грузовые перевозки и Темиржолэнерго"},"DB":{"_level":0,"parentID":"209e387f-5228-43c6-be36-3ccbdbd7fed7","firstParentID":"209e387f-5228-43c6-be36-3ccbdbd7fed7","ID":"4418b865-e312-4b6a-b335-8ace1107302c","childs":{"прием":{"_level":1,"parentID":"4418b865-e312-4b6a-b335-8ace1107302c","firstParentID":"209e387f-5228-43c6-be36-3ccbdbd7fed7","ID":"cfd4041b-62b4-4420-8c2a-2abaea295288","childs":{"код":{"_level":2,"parentID":"cfd4041b-62b4-4420-8c2a-2abaea295288","firstParentID":"209e387f-5228-43c6-be36-3ccbdbd7fed7","ID":"f3a0c47d-1791-4df8-a964-315cdbc070dd","childs":null,"emcosID":null,"emcosMLID":null,"codMaketTEP":null,"codTEP":null,"WSName":"DB","rangeAddress":"$O$396:$O$433","headAddress":"$O$396","bodyAddress":"$O$397:$O$433","_name":"код"},"основное":{"_level":2,"parentID":"cfd4041b-62b4-4420-8c2a-2abaea295288","firstParentID":"209e387f-5228-43c6-be36-3ccbdbd7fed7","ID":"cc6cc65d-7682-4ffd-b09d-54e1fb62dfe8","childs":null,"emcosID":null,"emcosMLID":null,"codMaketTEP":null,"codTEP":null,"WSName":"DB","rangeAddress":"$P$396:$P$433","headAddress":"$P$396","bodyAddress":"$P$397:$P$433","_name":"основное"},"корректировка факт":{"_level":2,"parentID":"cfd4041b-62b4-4420-8c2a-2abaea295288","firstParentID":"209e387f-5228-43c6-be36-3ccbdbd7fed7","ID":"5e86436b-240e-4e05-9ff2-db0f831b1981","childs":null,"emcosID":null,"emcosMLID":null,"codMaketTEP":null,"codTEP":null,"WSName":"DB","rangeAddress":"$Q$396:$Q$433","headAddress":"$Q$396","bodyAddress":"$Q$397:$Q$433","_name":"корректировка факт"},"ручное":{"_level":2,"parentID":"cfd4041b-62b4-4420-8c2a-2abaea295288","firstParentID":"209e387f-5228-43c6-be36-3ccbdbd7fed7","ID":"c75aaffa-6a25-4cae-89b1-7e98c9e7641e","childs":null,"emcosID":null,"emcosMLID":null,"codMaketTEP":null,"codTEP":null,"WSName":"DB","rangeAddress":"$R$396:$R$433","headAddress":"$R$396","bodyAddress":"$R$397:$R$433","_name":"ручное"},"оперативное":{"_level":2,"parentID":"cfd4041b-62b4-4420-8c2a-2abaea295288","firstParentID":"209e387f-5228-43c6-be36-3ccbdbd7fed7","ID":"333bfe22-a3e8-4d81-bf5f-efc1951b6e07","childs":null,"emcosID":null,"emcosMLID":null,"codMaketTEP":null,"codTEP":null,"WSName":"DB","rangeAddress":"$S$396:$S$433","headAddress":"$S$396","bodyAddress":"$S$397:$S$433","_name":"оперативное"}},"emcosID":null,"emcosMLID":null,"codMaketTEP":null,"codTEP":null,"WSName":"DB","rangeAddress":"$O$395:$S$433","headAddress":"$O$395:$S$395","bodyAddress":"$O$396:$S$433","_name":"прием"}},"emcosID":null,"emcosMLID":null,"codMaketTEP":null,"codTEP":null,"WSName":"DB","rangeAddress":"$O$394:$S$433","headAddress":"$O$394:$S$394","bodyAddress":"$O$395:$S$433","_name":"Потребление КТЖ Грузовые перевозки и Темиржолэнерго"}},"codPlan":null,"meterCoef":null,"_name":"Потребление КТЖ Грузовые перевозки и Темиржолэнерго"}