{"ID":"29253d0e-527b-411a-b56a-52e2e3354066","childs":{"PS":{"_level":0,"parentID":"29253d0e-527b-411a-b56a-52e2e3354066","firstParentID":"29253d0e-527b-411a-b56a-52e2e3354066","ID":"930017d8-9632-456d-b0e3-defadbaf601d","childs":{"прием":{"_level":1,"parentID":"930017d8-9632-456d-b0e3-defadbaf601d","firstParentID":"29253d0e-527b-411a-b56a-52e2e3354066","ID":"4b9ad686-a8d4-453d-8708-54b6de6944a7","childs":{"формула":{"_level":2,"parentID":"4b9ad686-a8d4-453d-8708-54b6de6944a7","firstParentID":"29253d0e-527b-411a-b56a-52e2e3354066","ID":"fa628b3f-1aa4-4a6c-ab63-f5c9b5143db7","childs":null,"emcosID":null,"emcosMLID":null,"codMaketTEP":null,"codTEP":null,"WSName":"PS","rangeAddress":"$BP$185:$BP$221","headAddress":"$BP$185","bodyAddress":"$BP$186:$BP$221","_name":"формула"}},"emcosID":null,"emcosMLID":null,"codMaketTEP":1302,"codTEP":null,"WSName":"PS","rangeAddress":"$BP$184:$BP$221","headAddress":"$BP$184","bodyAddress":"$BP$185:$BP$221","_name":"прием"}},"emcosID":null,"emcosMLID":null,"codMaketTEP":null,"codTEP":null,"WSName":"PS","rangeAddress":"$BP$183:$BP$221","headAddress":"$BP$183","bodyAddress":"$BP$184:$BP$221","_name":"Потребление в границах без с.н. АлЭС АЖК"},"DB":{"_level":0,"parentID":"29253d0e-527b-411a-b56a-52e2e3354066","firstParentID":"29253d0e-527b-411a-b56a-52e2e3354066","ID":"a2557cb4-4639-4a75-876a-ad73781327fc","childs":{"прием":{"_level":1,"parentID":"a2557cb4-4639-4a75-876a-ad73781327fc","firstParentID":"29253d0e-527b-411a-b56a-52e2e3354066","ID":"7f2b0c7c-f410-475f-937b-df5d594b2df1","childs":{"код":{"_level":2,"parentID":"7f2b0c7c-f410-475f-937b-df5d594b2df1","firstParentID":"29253d0e-527b-411a-b56a-52e2e3354066","ID":"3a0d5025-8667-41e0-b37a-c5b6ec2cc0ec","childs":null,"emcosID":null,"emcosMLID":null,"codMaketTEP":null,"codTEP":null,"WSName":"DB","rangeAddress":"$CS$482:$CS$519","headAddress":"$CS$482","bodyAddress":"$CS$483:$CS$519","_name":"код"},"основное":{"_level":2,"parentID":"7f2b0c7c-f410-475f-937b-df5d594b2df1","firstParentID":"29253d0e-527b-411a-b56a-52e2e3354066","ID":"3389d083-812e-4bf5-919f-b2a4bd818687","childs":null,"emcosID":null,"emcosMLID":null,"codMaketTEP":null,"codTEP":null,"WSName":"DB","rangeAddress":"$CT$482:$CT$519","headAddress":"$CT$482","bodyAddress":"$CT$483:$CT$519","_name":"основное"},"корректировка факт":{"_level":2,"parentID":"7f2b0c7c-f410-475f-937b-df5d594b2df1","firstParentID":"29253d0e-527b-411a-b56a-52e2e3354066","ID":"91c0c967-9615-43d7-81d6-55be98039350","childs":null,"emcosID":null,"emcosMLID":null,"codMaketTEP":null,"codTEP":null,"WSName":"DB","rangeAddress":"$CU$482:$CU$519","headAddress":"$CU$482","bodyAddress":"$CU$483:$CU$519","_name":"корректировка факт"},"ручное":{"_level":2,"parentID":"7f2b0c7c-f410-475f-937b-df5d594b2df1","firstParentID":"29253d0e-527b-411a-b56a-52e2e3354066","ID":"aa2ecc7e-841f-477c-a72f-bac0ef9391e8","childs":null,"emcosID":null,"emcosMLID":null,"codMaketTEP":null,"codTEP":null,"WSName":"DB","rangeAddress":"$CV$482:$CV$519","headAddress":"$CV$482","bodyAddress":"$CV$483:$CV$519","_name":"ручное"},"формула":{"_level":2,"parentID":"7f2b0c7c-f410-475f-937b-df5d594b2df1","firstParentID":"29253d0e-527b-411a-b56a-52e2e3354066","ID":"e3f5b26b-7e55-4e86-a2c0-4d55abb1bc23","childs":null,"emcosID":null,"emcosMLID":null,"codMaketTEP":null,"codTEP":null,"WSName":"DB","rangeAddress":"$CW$482:$CW$519","headAddress":"$CW$482","bodyAddress":"$CW$483:$CW$519","_name":"формула"}},"emcosID":null,"emcosMLID":null,"codMaketTEP":null,"codTEP":null,"WSName":"DB","rangeAddress":"$CS$481:$CW$519","headAddress":"$CS$481:$CW$481","bodyAddress":"$CS$482:$CW$519","_name":"прием"}},"emcosID":null,"emcosMLID":null,"codMaketTEP":null,"codTEP":null,"WSName":"DB","rangeAddress":"$CS$480:$CW$519","headAddress":"$CS$480:$CW$480","bodyAddress":"$CS$481:$CW$519","_name":"Потребление в границах без с.н. АлЭС АЖК"}},"codPlan":null,"meterCoef":null,"_name":"Потребление в границах без с.н. АлЭС АЖК"}