{"ID":"45c72463-f68e-45eb-b67a-b9cd416d357c","childs":{"PS":{"_level":0,"parentID":"45c72463-f68e-45eb-b67a-b9cd416d357c","firstParentID":"45c72463-f68e-45eb-b67a-b9cd416d357c","ID":"10c89cde-0d0d-4a85-92db-662a346276f4","childs":{"прием":{"_level":1,"parentID":"10c89cde-0d0d-4a85-92db-662a346276f4","firstParentID":"45c72463-f68e-45eb-b67a-b9cd416d357c","ID":"ff846d48-1f57-42ad-8ba9-66e9805c2293","childs":{"по плану":{"_level":2,"parentID":"ff846d48-1f57-42ad-8ba9-66e9805c2293","firstParentID":"45c72463-f68e-45eb-b67a-b9cd416d357c","ID":"536b516d-81e3-47aa-8489-089d42a5ef1d","childs":null,"emcosID":null,"emcosMLID":null,"codMaketTEP":null,"codTEP":null,"WSName":"PS","rangeAddress":"$CY$228:$CY$264","headAddress":"$CY$228","bodyAddress":"$CY$229:$CY$264","_name":"по плану"}},"emcosID":null,"emcosMLID":null,"codMaketTEP":null,"codTEP":null,"WSName":"PS","rangeAddress":"$CY$227:$CY$264","headAddress":"$CY$227","bodyAddress":"$CY$228:$CY$264","_name":"прием"},"план":{"_level":1,"parentID":"10c89cde-0d0d-4a85-92db-662a346276f4","firstParentID":"45c72463-f68e-45eb-b67a-b9cd416d357c","ID":"c7ad08ca-01a9-4db7-9fd0-3fb086ecbbde","childs":{"заявка":{"_level":2,"parentID":"c7ad08ca-01a9-4db7-9fd0-3fb086ecbbde","firstParentID":"45c72463-f68e-45eb-b67a-b9cd416d357c","ID":"8b212e88-4c2f-44b5-817c-145a88fdda23","childs":null,"emcosID":null,"emcosMLID":null,"codMaketTEP":null,"codTEP":null,"WSName":"PS","rangeAddress":"$CZ$228:$CZ$264","headAddress":"$CZ$228","bodyAddress":"$CZ$229:$CZ$264","_name":"заявка"}},"emcosID":null,"emcosMLID":null,"codMaketTEP":null,"codTEP":null,"WSName":"PS","rangeAddress":"$CZ$227:$CZ$264","headAddress":"$CZ$227","bodyAddress":"$CZ$228:$CZ$264","_name":"план"}},"emcosID":null,"emcosMLID":null,"codMaketTEP":null,"codTEP":null,"WSName":"PS","rangeAddress":"$CY$226:$CZ$264","headAddress":"$CY$226:$CZ$226","bodyAddress":"$CY$227:$CZ$264","_name":"с.н. Саркандская ГЭС"},"DB":{"_level":0,"parentID":"45c72463-f68e-45eb-b67a-b9cd416d357c","firstParentID":"45c72463-f68e-45eb-b67a-b9cd416d357c","ID":"2fa01caf-a710-414f-b5bf-b74e8932cb03","childs":{"прием":{"_level":1,"parentID":"2fa01caf-a710-414f-b5bf-b74e8932cb03","firstParentID":"45c72463-f68e-45eb-b67a-b9cd416d357c","ID":"714b74d6-f47a-4672-b854-d2bdc1666412","childs":{"код":{"_level":2,"parentID":"714b74d6-f47a-4672-b854-d2bdc1666412","firstParentID":"45c72463-f68e-45eb-b67a-b9cd416d357c","ID":"60fb70d6-d826-4f78-b59c-934e253230eb","childs":null,"emcosID":null,"emcosMLID":null,"codMaketTEP":null,"codTEP":null,"WSName":"DB","rangeAddress":"$CJ$568:$CJ$605","headAddress":"$CJ$568","bodyAddress":"$CJ$569:$CJ$605","_name":"код"},"основное":{"_level":2,"parentID":"714b74d6-f47a-4672-b854-d2bdc1666412","firstParentID":"45c72463-f68e-45eb-b67a-b9cd416d357c","ID":"4e6ed0f0-de56-474d-b387-8136a5273e1c","childs":null,"emcosID":null,"emcosMLID":null,"codMaketTEP":null,"codTEP":null,"WSName":"DB","rangeAddress":"$CK$568:$CK$605","headAddress":"$CK$568","bodyAddress":"$CK$569:$CK$605","_name":"основное"},"корректировка факт":{"_level":2,"parentID":"714b74d6-f47a-4672-b854-d2bdc1666412","firstParentID":"45c72463-f68e-45eb-b67a-b9cd416d357c","ID":"0065b23e-e657-4844-a808-a22109a0c4a0","childs":null,"emcosID":null,"emcosMLID":null,"codMaketTEP":null,"codTEP":null,"WSName":"DB","rangeAddress":"$CL$568:$CL$605","headAddress":"$CL$568","bodyAddress":"$CL$569:$CL$605","_name":"корректировка факт"},"ручное":{"_level":2,"parentID":"714b74d6-f47a-4672-b854-d2bdc1666412","firstParentID":"45c72463-f68e-45eb-b67a-b9cd416d357c","ID":"aa81f9da-ccc3-47c3-9ec1-6542f2565c8d","childs":null,"emcosID":null,"emcosMLID":null,"codMaketTEP":null,"codTEP":null,"WSName":"DB","rangeAddress":"$CM$568:$CM$605","headAddress":"$CM$568","bodyAddress":"$CM$569:$CM$605","_name":"ручное"},"по плану":{"_level":2,"parentID":"714b74d6-f47a-4672-b854-d2bdc1666412","firstParentID":"45c72463-f68e-45eb-b67a-b9cd416d357c","ID":"f9851c74-1444-43b8-a960-03d3a196a334","childs":null,"emcosID":null,"emcosMLID":null,"codMaketTEP":null,"codTEP":null,"WSName":"DB","rangeAddress":"$CN$568:$CN$605","headAddress":"$CN$568","bodyAddress":"$CN$569:$CN$605","_name":"по плану"}},"emcosID":null,"emcosMLID":null,"codMaketTEP":null,"codTEP":null,"WSName":"DB","rangeAddress":"$CJ$567:$CN$605","headAddress":"$CJ$567:$CN$567","bodyAddress":"$CJ$568:$CN$605","_name":"прием"},"план":{"_level":1,"parentID":"2fa01caf-a710-414f-b5bf-b74e8932cb03","firstParentID":"45c72463-f68e-45eb-b67a-b9cd416d357c","ID":"9afb499a-d874-4f93-8efb-23bb83d86ba8","childs":{"код":{"_level":2,"parentID":"9afb499a-d874-4f93-8efb-23bb83d86ba8","firstParentID":"45c72463-f68e-45eb-b67a-b9cd416d357c","ID":"c6f728b4-e882-429f-a8ce-b98058f53be4","childs":null,"emcosID":null,"emcosMLID":null,"codMaketTEP":null,"codTEP":null,"WSName":"DB","rangeAddress":"$CO$568:$CO$605","headAddress":"$CO$568","bodyAddress":"$CO$569:$CO$605","_name":"код"},"основное":{"_level":2,"parentID":"9afb499a-d874-4f93-8efb-23bb83d86ba8","firstParentID":"45c72463-f68e-45eb-b67a-b9cd416d357c","ID":"2feab3ea-7226-41ca-9bfe-c23d77e14d6f","childs":null,"emcosID":null,"emcosMLID":null,"codMaketTEP":null,"codTEP":null,"WSName":"DB","rangeAddress":"$CP$568:$CP$605","headAddress":"$CP$568","bodyAddress":"$CP$569:$CP$605","_name":"основное"},"заявка":{"_level":2,"parentID":"9afb499a-d874-4f93-8efb-23bb83d86ba8","firstParentID":"45c72463-f68e-45eb-b67a-b9cd416d357c","ID":"d05c27a8-3059-4b81-8dda-bacc801d0430","childs":null,"emcosID":null,"emcosMLID":null,"codMaketTEP":null,"codTEP":null,"WSName":"DB","rangeAddress":"$CQ$568:$CQ$605","headAddress":"$CQ$568","bodyAddress":"$CQ$569:$CQ$605","_name":"заявка"},"утвержденный":{"_level":2,"parentID":"9afb499a-d874-4f93-8efb-23bb83d86ba8","firstParentID":"45c72463-f68e-45eb-b67a-b9cd416d357c","ID":"6f62cf64-0a79-46ee-9282-596805d0235e","childs":null,"emcosID":null,"emcosMLID":null,"codMaketTEP":null,"codTEP":null,"WSName":"DB","rangeAddress":"$CR$568:$CR$605","headAddress":"$CR$568","bodyAddress":"$CR$569:$CR$605","_name":"утвержденный"},"корректировка":{"_level":2,"parentID":"9afb499a-d874-4f93-8efb-23bb83d86ba8","firstParentID":"45c72463-f68e-45eb-b67a-b9cd416d357c","ID":"4d0b9afd-bf55-474b-87fc-2e85d5172bfa","childs":null,"emcosID":null,"emcosMLID":null,"codMaketTEP":null,"codTEP":null,"WSName":"DB","rangeAddress":"$CS$568:$CS$605","headAddress":"$CS$568","bodyAddress":"$CS$569:$CS$605","_name":"корректировка"}},"emcosID":null,"emcosMLID":null,"codMaketTEP":null,"codTEP":null,"WSName":"DB","rangeAddress":"$CO$567:$CS$605","headAddress":"$CO$567:$CS$567","bodyAddress":"$CO$568:$CS$605","_name":"план"}},"emcosID":null,"emcosMLID":null,"codMaketTEP":null,"codTEP":null,"WSName":"DB","rangeAddress":"$CJ$566:$CS$605","headAddress":"$CJ$566:$CS$566","bodyAddress":"$CJ$567:$CS$605","_name":"с.н. Саркандская ГЭС"}},"codPlan":139,"meterCoef":null,"_name":"с.н. Саркандская ГЭС"}