{"ID":"50cbb2df-f494-4df5-b7e0-18d87da5cfa6","childs":{"PS":{"_level":0,"parentID":"50cbb2df-f494-4df5-b7e0-18d87da5cfa6","firstParentID":"50cbb2df-f494-4df5-b7e0-18d87da5cfa6","ID":"3afaf283-e3c6-4bf2-855e-93931f09939a","childs":{"прием":{"_level":1,"parentID":"3afaf283-e3c6-4bf2-855e-93931f09939a","firstParentID":"50cbb2df-f494-4df5-b7e0-18d87da5cfa6","ID":"0adc60e2-23f4-4482-a982-d515a26ccb59","childs":{"формула":{"_level":2,"parentID":"0adc60e2-23f4-4482-a982-d515a26ccb59","firstParentID":"50cbb2df-f494-4df5-b7e0-18d87da5cfa6","ID":"29610e53-753e-42d1-97ea-213b53a304c6","childs":null,"emcosID":null,"emcosMLID":null,"codMaketTEP":null,"codTEP":null,"WSName":"PS","rangeAddress":"$AU$228:$AU$264","headAddress":"$AU$228","bodyAddress":"$AU$229:$AU$264","_name":"формула"}},"emcosID":null,"emcosMLID":null,"codMaketTEP":1450,"codTEP":null,"WSName":"PS","rangeAddress":"$AU$227:$AU$264","headAddress":"$AU$227","bodyAddress":"$AU$228:$AU$264","_name":"прием"}},"emcosID":null,"emcosMLID":null,"codMaketTEP":null,"codTEP":null,"WSName":"PS","rangeAddress":"$AU$226:$AU$264","headAddress":"$AU$226","bodyAddress":"$AU$227:$AU$264","_name":"Потребление Темиржолэнерго Жетысу"},"DB":{"_level":0,"parentID":"50cbb2df-f494-4df5-b7e0-18d87da5cfa6","firstParentID":"50cbb2df-f494-4df5-b7e0-18d87da5cfa6","ID":"0ff8e409-0713-490e-819e-5b6551ff64d3","childs":{"прием":{"_level":1,"parentID":"0ff8e409-0713-490e-819e-5b6551ff64d3","firstParentID":"50cbb2df-f494-4df5-b7e0-18d87da5cfa6","ID":"7b4c5e7a-b88c-42d5-819a-29eea8c4d7e2","childs":{"код":{"_level":2,"parentID":"7b4c5e7a-b88c-42d5-819a-29eea8c4d7e2","firstParentID":"50cbb2df-f494-4df5-b7e0-18d87da5cfa6","ID":"ffc6046e-e99f-4448-bc18-47e62d4b2dcf","childs":null,"emcosID":null,"emcosMLID":null,"codMaketTEP":null,"codTEP":null,"WSName":"DB","rangeAddress":"$V$439:$V$476","headAddress":"$V$439","bodyAddress":"$V$440:$V$476","_name":"код"},"основное":{"_level":2,"parentID":"7b4c5e7a-b88c-42d5-819a-29eea8c4d7e2","firstParentID":"50cbb2df-f494-4df5-b7e0-18d87da5cfa6","ID":"f673ee83-3dda-4b2c-8be9-7cc38bda9dc3","childs":null,"emcosID":null,"emcosMLID":null,"codMaketTEP":null,"codTEP":null,"WSName":"DB","rangeAddress":"$W$439:$W$476","headAddress":"$W$439","bodyAddress":"$W$440:$W$476","_name":"основное"},"корректировка факт":{"_level":2,"parentID":"7b4c5e7a-b88c-42d5-819a-29eea8c4d7e2","firstParentID":"50cbb2df-f494-4df5-b7e0-18d87da5cfa6","ID":"f5a5af75-9df7-40b0-8c16-2182ac756ad5","childs":null,"emcosID":null,"emcosMLID":null,"codMaketTEP":null,"codTEP":null,"WSName":"DB","rangeAddress":"$X$439:$X$476","headAddress":"$X$439","bodyAddress":"$X$440:$X$476","_name":"корректировка факт"},"ручное":{"_level":2,"parentID":"7b4c5e7a-b88c-42d5-819a-29eea8c4d7e2","firstParentID":"50cbb2df-f494-4df5-b7e0-18d87da5cfa6","ID":"81bc38bd-2fa7-46db-bd8f-09e229df41d8","childs":null,"emcosID":null,"emcosMLID":null,"codMaketTEP":null,"codTEP":null,"WSName":"DB","rangeAddress":"$Y$439:$Y$476","headAddress":"$Y$439","bodyAddress":"$Y$440:$Y$476","_name":"ручное"},"формула":{"_level":2,"parentID":"7b4c5e7a-b88c-42d5-819a-29eea8c4d7e2","firstParentID":"50cbb2df-f494-4df5-b7e0-18d87da5cfa6","ID":"87c5e527-389a-4cd0-9976-5d6999d19a7d","childs":null,"emcosID":null,"emcosMLID":null,"codMaketTEP":null,"codTEP":null,"WSName":"DB","rangeAddress":"$Z$439:$Z$476","headAddress":"$Z$439","bodyAddress":"$Z$440:$Z$476","_name":"формула"}},"emcosID":null,"emcosMLID":null,"codMaketTEP":null,"codTEP":null,"WSName":"DB","rangeAddress":"$V$438:$Z$476","headAddress":"$V$438:$Z$438","bodyAddress":"$V$439:$Z$476","_name":"прием"}},"emcosID":null,"emcosMLID":null,"codMaketTEP":null,"codTEP":null,"WSName":"DB","rangeAddress":"$V$437:$Z$476","headAddress":"$V$437:$Z$437","bodyAddress":"$V$438:$Z$476","_name":"Потребление Темиржолэнерго Жетысу"}},"codPlan":null,"meterCoef":null,"_name":"Потребление Темиржолэнерго Жетысу"}