{"ID":"82865f20-47fd-40f1-b667-12de31b8e5a4","childs":{"PS":{"_level":0,"parentID":"82865f20-47fd-40f1-b667-12de31b8e5a4","firstParentID":"82865f20-47fd-40f1-b667-12de31b8e5a4","ID":"917d4713-a358-4ee7-81ef-89e6b737ba50","childs":{"прием":{"_level":1,"parentID":"917d4713-a358-4ee7-81ef-89e6b737ba50","firstParentID":"82865f20-47fd-40f1-b667-12de31b8e5a4","ID":"497b0aa2-bea4-4ede-a19d-d519d0d42cf1","childs":{"по плану":{"_level":2,"parentID":"497b0aa2-bea4-4ede-a19d-d519d0d42cf1","firstParentID":"82865f20-47fd-40f1-b667-12de31b8e5a4","ID":"2675375d-5eaf-4adc-ae96-b8fae3f7c4ae","childs":null,"emcosID":null,"emcosMLID":null,"codMaketTEP":null,"codTEP":null,"WSName":"PS","rangeAddress":"$BN$228:$BN$264","headAddress":"$BN$228","bodyAddress":"$BN$229:$BN$264","_name":"по плану"}},"emcosID":null,"emcosMLID":null,"codMaketTEP":null,"codTEP":null,"WSName":"PS","rangeAddress":"$BN$227:$BN$264","headAddress":"$BN$227","bodyAddress":"$BN$228:$BN$264","_name":"прием"},"план":{"_level":1,"parentID":"917d4713-a358-4ee7-81ef-89e6b737ba50","firstParentID":"82865f20-47fd-40f1-b667-12de31b8e5a4","ID":"e4d78c95-14f4-4459-8ee8-9a144a064ebb","childs":{"заявка":{"_level":2,"parentID":"e4d78c95-14f4-4459-8ee8-9a144a064ebb","firstParentID":"82865f20-47fd-40f1-b667-12de31b8e5a4","ID":"8c4d6196-9ad8-4aca-b32c-dc8436582eaa","childs":null,"emcosID":null,"emcosMLID":null,"codMaketTEP":null,"codTEP":null,"WSName":"PS","rangeAddress":"$BO$228:$BO$264","headAddress":"$BO$228","bodyAddress":"$BO$229:$BO$264","_name":"заявка"}},"emcosID":null,"emcosMLID":null,"codMaketTEP":null,"codTEP":null,"WSName":"PS","rangeAddress":"$BO$227:$BO$264","headAddress":"$BO$227","bodyAddress":"$BO$228:$BO$264","_name":"план"}},"emcosID":null,"emcosMLID":null,"codMaketTEP":null,"codTEP":null,"WSName":"PS","rangeAddress":"$BN$226:$BO$264","headAddress":"$BN$226:$BO$226","bodyAddress":"$BN$227:$BO$264","_name":"Потребление ЭнерджиКоммерц Жетысу"},"DB":{"_level":0,"parentID":"82865f20-47fd-40f1-b667-12de31b8e5a4","firstParentID":"82865f20-47fd-40f1-b667-12de31b8e5a4","ID":"61fd4132-17b9-443e-b944-fcf1c5854756","childs":{"прием":{"_level":1,"parentID":"61fd4132-17b9-443e-b944-fcf1c5854756","firstParentID":"82865f20-47fd-40f1-b667-12de31b8e5a4","ID":"293a005b-8589-47ca-bcb7-ba5f1cf02e2c","childs":{"код":{"_level":2,"parentID":"293a005b-8589-47ca-bcb7-ba5f1cf02e2c","firstParentID":"82865f20-47fd-40f1-b667-12de31b8e5a4","ID":"75772c86-e2eb-49c5-b237-c6bcc3418e7e","childs":null,"emcosID":null,"emcosMLID":null,"codMaketTEP":null,"codTEP":null,"WSName":"DB","rangeAddress":"$AF$568:$AF$605","headAddress":"$AF$568","bodyAddress":"$AF$569:$AF$605","_name":"код"},"основное":{"_level":2,"parentID":"293a005b-8589-47ca-bcb7-ba5f1cf02e2c","firstParentID":"82865f20-47fd-40f1-b667-12de31b8e5a4","ID":"fd855b65-3e09-4eca-966d-1510fc6792b0","childs":null,"emcosID":null,"emcosMLID":null,"codMaketTEP":null,"codTEP":null,"WSName":"DB","rangeAddress":"$AG$568:$AG$605","headAddress":"$AG$568","bodyAddress":"$AG$569:$AG$605","_name":"основное"},"корректировка факт":{"_level":2,"parentID":"293a005b-8589-47ca-bcb7-ba5f1cf02e2c","firstParentID":"82865f20-47fd-40f1-b667-12de31b8e5a4","ID":"73be6d29-2f22-44d5-8b37-064b9a53ffe6","childs":null,"emcosID":null,"emcosMLID":null,"codMaketTEP":null,"codTEP":null,"WSName":"DB","rangeAddress":"$AH$568:$AH$605","headAddress":"$AH$568","bodyAddress":"$AH$569:$AH$605","_name":"корректировка факт"},"ручное":{"_level":2,"parentID":"293a005b-8589-47ca-bcb7-ba5f1cf02e2c","firstParentID":"82865f20-47fd-40f1-b667-12de31b8e5a4","ID":"068cd906-b705-4bd8-87f5-3fb2c9a12e49","childs":null,"emcosID":null,"emcosMLID":null,"codMaketTEP":null,"codTEP":null,"WSName":"DB","rangeAddress":"$AI$568:$AI$605","headAddress":"$AI$568","bodyAddress":"$AI$569:$AI$605","_name":"ручное"},"по плану":{"_level":2,"parentID":"293a005b-8589-47ca-bcb7-ba5f1cf02e2c","firstParentID":"82865f20-47fd-40f1-b667-12de31b8e5a4","ID":"4b2684b9-f97f-419a-89b2-f4f3fd23e971","childs":null,"emcosID":null,"emcosMLID":null,"codMaketTEP":null,"codTEP":null,"WSName":"DB","rangeAddress":"$AJ$568:$AJ$605","headAddress":"$AJ$568","bodyAddress":"$AJ$569:$AJ$605","_name":"по плану"}},"emcosID":null,"emcosMLID":null,"codMaketTEP":null,"codTEP":null,"WSName":"DB","rangeAddress":"$AF$567:$AJ$605","headAddress":"$AF$567:$AJ$567","bodyAddress":"$AF$568:$AJ$605","_name":"прием"},"план":{"_level":1,"parentID":"61fd4132-17b9-443e-b944-fcf1c5854756","firstParentID":"82865f20-47fd-40f1-b667-12de31b8e5a4","ID":"51eb7a4b-40ee-4df7-ac84-050eda14ecc6","childs":{"код":{"_level":2,"parentID":"51eb7a4b-40ee-4df7-ac84-050eda14ecc6","firstParentID":"82865f20-47fd-40f1-b667-12de31b8e5a4","ID":"32d12dea-c275-4a96-9523-91e334c11524","childs":null,"emcosID":null,"emcosMLID":null,"codMaketTEP":null,"codTEP":null,"WSName":"DB","rangeAddress":"$AK$568:$AK$605","headAddress":"$AK$568","bodyAddress":"$AK$569:$AK$605","_name":"код"},"основное":{"_level":2,"parentID":"51eb7a4b-40ee-4df7-ac84-050eda14ecc6","firstParentID":"82865f20-47fd-40f1-b667-12de31b8e5a4","ID":"fa34ecb6-d784-4bfa-8d2e-2f6695e9e952","childs":null,"emcosID":null,"emcosMLID":null,"codMaketTEP":null,"codTEP":null,"WSName":"DB","rangeAddress":"$AL$568:$AL$605","headAddress":"$AL$568","bodyAddress":"$AL$569:$AL$605","_name":"основное"},"заявка":{"_level":2,"parentID":"51eb7a4b-40ee-4df7-ac84-050eda14ecc6","firstParentID":"82865f20-47fd-40f1-b667-12de31b8e5a4","ID":"7a855f67-2369-494a-ab1f-11bc44d62f21","childs":null,"emcosID":null,"emcosMLID":null,"codMaketTEP":null,"codTEP":null,"WSName":"DB","rangeAddress":"$AM$568:$AM$605","headAddress":"$AM$568","bodyAddress":"$AM$569:$AM$605","_name":"заявка"},"утвержденный":{"_level":2,"parentID":"51eb7a4b-40ee-4df7-ac84-050eda14ecc6","firstParentID":"82865f20-47fd-40f1-b667-12de31b8e5a4","ID":"f4495db9-358d-4e70-95c5-18bdd9f5e247","childs":null,"emcosID":null,"emcosMLID":null,"codMaketTEP":null,"codTEP":null,"WSName":"DB","rangeAddress":"$AN$568:$AN$605","headAddress":"$AN$568","bodyAddress":"$AN$569:$AN$605","_name":"утвержденный"},"корректировка":{"_level":2,"parentID":"51eb7a4b-40ee-4df7-ac84-050eda14ecc6","firstParentID":"82865f20-47fd-40f1-b667-12de31b8e5a4","ID":"f41b3c98-07f1-4eab-b6dd-8e099e171ba5","childs":null,"emcosID":null,"emcosMLID":null,"codMaketTEP":null,"codTEP":null,"WSName":"DB","rangeAddress":"$AO$568:$AO$605","headAddress":"$AO$568","bodyAddress":"$AO$569:$AO$605","_name":"корректировка"}},"emcosID":null,"emcosMLID":null,"codMaketTEP":null,"codTEP":null,"WSName":"DB","rangeAddress":"$AK$567:$AO$605","headAddress":"$AK$567:$AO$567","bodyAddress":"$AK$568:$AO$605","_name":"план"}},"emcosID":null,"emcosMLID":null,"codMaketTEP":null,"codTEP":null,"WSName":"DB","rangeAddress":"$AF$566:$AO$605","headAddress":"$AF$566:$AO$566","bodyAddress":"$AF$567:$AO$605","_name":"Потребление ЭнерджиКоммерц Жетысу"}},"codPlan":145,"meterCoef":null,"_name":"Потребление ЭнерджиКоммерц Жетысу"}