{"ID":"86f56f7a-216b-4d8e-8b0c-e7532edfada2","childs":{"PS":{"_level":0,"parentID":"86f56f7a-216b-4d8e-8b0c-e7532edfada2","firstParentID":"86f56f7a-216b-4d8e-8b0c-e7532edfada2","ID":"496de90e-a38e-43c5-924b-7b95b7079824","childs":{"прием":{"_level":1,"parentID":"496de90e-a38e-43c5-924b-7b95b7079824","firstParentID":"86f56f7a-216b-4d8e-8b0c-e7532edfada2","ID":"64a05ce5-d9b9-4278-9c91-5fdd28dff638","childs":{"оперативное":{"_level":2,"parentID":"64a05ce5-d9b9-4278-9c91-5fdd28dff638","firstParentID":"86f56f7a-216b-4d8e-8b0c-e7532edfada2","ID":"bae3bad2-5272-4e08-9c80-704f40090e94","childs":null,"emcosID":null,"emcosMLID":null,"codMaketTEP":null,"codTEP":null,"WSName":"PS","rangeAddress":"$BN$185:$BN$221","headAddress":"$BN$185","bodyAddress":"$BN$186:$BN$221","_name":"оперативное"}},"emcosID":null,"emcosMLID":null,"codMaketTEP":null,"codTEP":null,"WSName":"PS","rangeAddress":"$BN$184:$BN$221","headAddress":"$BN$184","bodyAddress":"$BN$185:$BN$221","_name":"прием"},"план":{"_level":1,"parentID":"496de90e-a38e-43c5-924b-7b95b7079824","firstParentID":"86f56f7a-216b-4d8e-8b0c-e7532edfada2","ID":"c0863d02-4e86-4a4b-92c7-bb61adefea5f","childs":{"заявка":{"_level":2,"parentID":"c0863d02-4e86-4a4b-92c7-bb61adefea5f","firstParentID":"86f56f7a-216b-4d8e-8b0c-e7532edfada2","ID":"b56d581a-e4f6-4396-bd30-31620104b935","childs":null,"emcosID":null,"emcosMLID":null,"codMaketTEP":null,"codTEP":null,"WSName":"PS","rangeAddress":"$BO$185:$BO$221","headAddress":"$BO$185","bodyAddress":"$BO$186:$BO$221","_name":"заявка"}},"emcosID":null,"emcosMLID":null,"codMaketTEP":null,"codTEP":null,"WSName":"PS","rangeAddress":"$BO$184:$BO$221","headAddress":"$BO$184","bodyAddress":"$BO$185:$BO$221","_name":"план"}},"emcosID":null,"emcosMLID":null,"codMaketTEP":null,"codTEP":null,"WSName":"PS","rangeAddress":"$BN$183:$BO$221","headAddress":"$BN$183:$BO$183","bodyAddress":"$BN$184:$BO$221","_name":"Потребление в границах АЖК"},"DB":{"_level":0,"parentID":"86f56f7a-216b-4d8e-8b0c-e7532edfada2","firstParentID":"86f56f7a-216b-4d8e-8b0c-e7532edfada2","ID":"de0a79f1-e46a-4528-ad85-6b1a36d1d835","childs":{"прием":{"_level":1,"parentID":"de0a79f1-e46a-4528-ad85-6b1a36d1d835","firstParentID":"86f56f7a-216b-4d8e-8b0c-e7532edfada2","ID":"c1f33fd4-2df6-4605-9714-21a79e814879","childs":{"код":{"_level":2,"parentID":"c1f33fd4-2df6-4605-9714-21a79e814879","firstParentID":"86f56f7a-216b-4d8e-8b0c-e7532edfada2","ID":"c8084879-7650-43e4-ab6b-91462683ea9d","childs":null,"emcosID":null,"emcosMLID":null,"codMaketTEP":null,"codTEP":null,"WSName":"DB","rangeAddress":"$CQ$439:$CQ$476","headAddress":"$CQ$439","bodyAddress":"$CQ$440:$CQ$476","_name":"код"},"основное":{"_level":2,"parentID":"c1f33fd4-2df6-4605-9714-21a79e814879","firstParentID":"86f56f7a-216b-4d8e-8b0c-e7532edfada2","ID":"a221024c-6fd7-42e7-88eb-6e18acf40862","childs":null,"emcosID":null,"emcosMLID":null,"codMaketTEP":null,"codTEP":null,"WSName":"DB","rangeAddress":"$CR$439:$CR$476","headAddress":"$CR$439","bodyAddress":"$CR$440:$CR$476","_name":"основное"},"корректировка факт":{"_level":2,"parentID":"c1f33fd4-2df6-4605-9714-21a79e814879","firstParentID":"86f56f7a-216b-4d8e-8b0c-e7532edfada2","ID":"6e5eaec7-7c20-4d31-8830-a39eeea9a051","childs":null,"emcosID":null,"emcosMLID":null,"codMaketTEP":null,"codTEP":null,"WSName":"DB","rangeAddress":"$CS$439:$CS$476","headAddress":"$CS$439","bodyAddress":"$CS$440:$CS$476","_name":"корректировка факт"},"ручное":{"_level":2,"parentID":"c1f33fd4-2df6-4605-9714-21a79e814879","firstParentID":"86f56f7a-216b-4d8e-8b0c-e7532edfada2","ID":"50fade47-996f-48f5-ae3b-afb69ca544d7","childs":null,"emcosID":null,"emcosMLID":null,"codMaketTEP":null,"codTEP":null,"WSName":"DB","rangeAddress":"$CT$439:$CT$476","headAddress":"$CT$439","bodyAddress":"$CT$440:$CT$476","_name":"ручное"},"по плану":{"_level":2,"parentID":"c1f33fd4-2df6-4605-9714-21a79e814879","firstParentID":"86f56f7a-216b-4d8e-8b0c-e7532edfada2","ID":"a5ff20ca-bba9-4bb4-aab5-3be381ecfee0","childs":null,"emcosID":null,"emcosMLID":null,"codMaketTEP":null,"codTEP":null,"WSName":"DB","rangeAddress":"$CU$439:$CU$476","headAddress":"$CU$439","bodyAddress":"$CU$440:$CU$476","_name":"по плану"},"оперативное":{"_level":2,"parentID":"c1f33fd4-2df6-4605-9714-21a79e814879","firstParentID":"86f56f7a-216b-4d8e-8b0c-e7532edfada2","ID":"5a50bd27-dbde-4da2-aba3-1978563868ba","childs":null,"emcosID":null,"emcosMLID":null,"codMaketTEP":null,"codTEP":null,"WSName":"DB","rangeAddress":"$CV$439:$CV$476","headAddress":"$CV$439","bodyAddress":"$CV$440:$CV$476","_name":"оперативное"}},"emcosID":null,"emcosMLID":null,"codMaketTEP":null,"codTEP":null,"WSName":"DB","rangeAddress":"$CQ$438:$CV$476","headAddress":"$CQ$438:$CV$438","bodyAddress":"$CQ$439:$CV$476","_name":"прием"},"план":{"_level":1,"parentID":"de0a79f1-e46a-4528-ad85-6b1a36d1d835","firstParentID":"86f56f7a-216b-4d8e-8b0c-e7532edfada2","ID":"c17122f4-c7a5-4060-ae5d-2d6252a81c70","childs":{"код":{"_level":2,"parentID":"c17122f4-c7a5-4060-ae5d-2d6252a81c70","firstParentID":"86f56f7a-216b-4d8e-8b0c-e7532edfada2","ID":"96db4f93-98e5-4f47-b126-05bccea1e8dd","childs":null,"emcosID":null,"emcosMLID":null,"codMaketTEP":null,"codTEP":null,"WSName":"DB","rangeAddress":"$CW$439:$CW$476","headAddress":"$CW$439","bodyAddress":"$CW$440:$CW$476","_name":"код"},"основное":{"_level":2,"parentID":"c17122f4-c7a5-4060-ae5d-2d6252a81c70","firstParentID":"86f56f7a-216b-4d8e-8b0c-e7532edfada2","ID":"d107650d-69eb-41c2-945d-1db8e82cface","childs":null,"emcosID":null,"emcosMLID":null,"codMaketTEP":null,"codTEP":null,"WSName":"DB","rangeAddress":"$CX$439:$CX$476","headAddress":"$CX$439","bodyAddress":"$CX$440:$CX$476","_name":"основное"},"заявка":{"_level":2,"parentID":"c17122f4-c7a5-4060-ae5d-2d6252a81c70","firstParentID":"86f56f7a-216b-4d8e-8b0c-e7532edfada2","ID":"49e45656-04d4-49d5-88cc-0fd18d89a4da","childs":null,"emcosID":null,"emcosMLID":null,"codMaketTEP":null,"codTEP":null,"WSName":"DB","rangeAddress":"$CY$439:$CY$476","headAddress":"$CY$439","bodyAddress":"$CY$440:$CY$476","_name":"заявка"},"утвержденный":{"_level":2,"parentID":"c17122f4-c7a5-4060-ae5d-2d6252a81c70","firstParentID":"86f56f7a-216b-4d8e-8b0c-e7532edfada2","ID":"1bfe0873-41a8-4893-b171-8b54c3582fa6","childs":null,"emcosID":null,"emcosMLID":null,"codMaketTEP":null,"codTEP":null,"WSName":"DB","rangeAddress":"$CZ$439:$CZ$476","headAddress":"$CZ$439","bodyAddress":"$CZ$440:$CZ$476","_name":"утвержденный"},"корректировка":{"_level":2,"parentID":"c17122f4-c7a5-4060-ae5d-2d6252a81c70","firstParentID":"86f56f7a-216b-4d8e-8b0c-e7532edfada2","ID":"588f5f0a-229f-4191-960c-9dfd18dee604","childs":null,"emcosID":null,"emcosMLID":null,"codMaketTEP":null,"codTEP":null,"WSName":"DB","rangeAddress":"$DA$439:$DA$476","headAddress":"$DA$439","bodyAddress":"$DA$440:$DA$476","_name":"корректировка"}},"emcosID":null,"emcosMLID":null,"codMaketTEP":null,"codTEP":null,"WSName":"DB","rangeAddress":"$CW$438:$DA$476","headAddress":"$CW$438:$DA$438","bodyAddress":"$CW$439:$DA$476","_name":"план"}},"emcosID":null,"emcosMLID":null,"codMaketTEP":null,"codTEP":null,"WSName":"DB","rangeAddress":"$CQ$437:$DA$476","headAddress":"$CQ$437:$DA$437","bodyAddress":"$CQ$438:$DA$476","_name":"Потребление в границах АЖК"}},"codPlan":5,"meterCoef":null,"_name":"Потребление в границах АЖК"}