{"ID":"9985bff0-66ac-40b5-ba5d-42841581c3a6","childs":{"PS":{"_level":0,"parentID":"9985bff0-66ac-40b5-ba5d-42841581c3a6","firstParentID":"9985bff0-66ac-40b5-ba5d-42841581c3a6","ID":"461819d3-697f-496d-bc7b-db4ce75eddef","childs":{"прием":{"_level":1,"parentID":"461819d3-697f-496d-bc7b-db4ce75eddef","firstParentID":"9985bff0-66ac-40b5-ba5d-42841581c3a6","ID":"96075726-7e39-4c6d-b03b-874a3702053c","childs":{"по плану":{"_level":2,"parentID":"96075726-7e39-4c6d-b03b-874a3702053c","firstParentID":"9985bff0-66ac-40b5-ba5d-42841581c3a6","ID":"c6158ae6-b8b1-4538-a16f-063bed2b1ba1","childs":null,"emcosID":null,"emcosMLID":null,"codMaketTEP":null,"codTEP":null,"WSName":"PS","rangeAddress":"$CN$228:$CN$264","headAddress":"$CN$228","bodyAddress":"$CN$229:$CN$264","_name":"по плану"}},"emcosID":null,"emcosMLID":null,"codMaketTEP":1421,"codTEP":null,"WSName":"PS","rangeAddress":"$CN$227:$CN$264","headAddress":"$CN$227","bodyAddress":"$CN$228:$CN$264","_name":"прием"},"план":{"_level":1,"parentID":"461819d3-697f-496d-bc7b-db4ce75eddef","firstParentID":"9985bff0-66ac-40b5-ba5d-42841581c3a6","ID":"6ddd8568-743e-42e3-aa62-c5ca5023b77f","childs":{"заявка":{"_level":2,"parentID":"6ddd8568-743e-42e3-aa62-c5ca5023b77f","firstParentID":"9985bff0-66ac-40b5-ba5d-42841581c3a6","ID":"1c5a0f23-e57f-4ac4-a50d-81949e9adbb2","childs":null,"emcosID":null,"emcosMLID":null,"codMaketTEP":null,"codTEP":null,"WSName":"PS","rangeAddress":"$CO$228:$CO$264","headAddress":"$CO$228","bodyAddress":"$CO$229:$CO$264","_name":"заявка"}},"emcosID":null,"emcosMLID":null,"codMaketTEP":null,"codTEP":null,"WSName":"PS","rangeAddress":"$CO$227:$CO$264","headAddress":"$CO$227","bodyAddress":"$CO$228:$CO$264","_name":"план"}},"emcosID":null,"emcosMLID":null,"codMaketTEP":null,"codTEP":null,"WSName":"PS","rangeAddress":"$CN$226:$CO$264","headAddress":"$CN$226:$CO$226","bodyAddress":"$CN$227:$CO$264","_name":"с.н. Антоновская ГЭС"},"DB":{"_level":0,"parentID":"9985bff0-66ac-40b5-ba5d-42841581c3a6","firstParentID":"9985bff0-66ac-40b5-ba5d-42841581c3a6","ID":"a1fee256-ed0d-43e3-a930-c5a57c34952d","childs":{"прием":{"_level":1,"parentID":"a1fee256-ed0d-43e3-a930-c5a57c34952d","firstParentID":"9985bff0-66ac-40b5-ba5d-42841581c3a6","ID":"a2e8b8cc-755a-43db-9f6f-f991ef45f626","childs":{"код":{"_level":2,"parentID":"a2e8b8cc-755a-43db-9f6f-f991ef45f626","firstParentID":"9985bff0-66ac-40b5-ba5d-42841581c3a6","ID":"932a1cd0-f3b1-4346-89f0-6ad2f0a9ad49","childs":null,"emcosID":null,"emcosMLID":null,"codMaketTEP":null,"codTEP":null,"WSName":"DB","rangeAddress":"$EC$568:$EC$605","headAddress":"$EC$568","bodyAddress":"$EC$569:$EC$605","_name":"код"},"основное":{"_level":2,"parentID":"a2e8b8cc-755a-43db-9f6f-f991ef45f626","firstParentID":"9985bff0-66ac-40b5-ba5d-42841581c3a6","ID":"11b607d0-c793-43d9-a486-53803b964594","childs":null,"emcosID":null,"emcosMLID":null,"codMaketTEP":null,"codTEP":null,"WSName":"DB","rangeAddress":"$ED$568:$ED$605","headAddress":"$ED$568","bodyAddress":"$ED$569:$ED$605","_name":"основное"},"корректировка факт":{"_level":2,"parentID":"a2e8b8cc-755a-43db-9f6f-f991ef45f626","firstParentID":"9985bff0-66ac-40b5-ba5d-42841581c3a6","ID":"96013604-35fd-4c8c-9118-b8d46931df5c","childs":null,"emcosID":null,"emcosMLID":null,"codMaketTEP":null,"codTEP":null,"WSName":"DB","rangeAddress":"$EE$568:$EE$605","headAddress":"$EE$568","bodyAddress":"$EE$569:$EE$605","_name":"корректировка факт"},"ручное":{"_level":2,"parentID":"a2e8b8cc-755a-43db-9f6f-f991ef45f626","firstParentID":"9985bff0-66ac-40b5-ba5d-42841581c3a6","ID":"9b842e11-d849-4a9f-bfc2-e3d40d1db871","childs":null,"emcosID":null,"emcosMLID":null,"codMaketTEP":null,"codTEP":null,"WSName":"DB","rangeAddress":"$EF$568:$EF$605","headAddress":"$EF$568","bodyAddress":"$EF$569:$EF$605","_name":"ручное"},"по плану":{"_level":2,"parentID":"a2e8b8cc-755a-43db-9f6f-f991ef45f626","firstParentID":"9985bff0-66ac-40b5-ba5d-42841581c3a6","ID":"804ad3f2-2b76-434f-bc11-4f624a1217ab","childs":null,"emcosID":null,"emcosMLID":null,"codMaketTEP":null,"codTEP":null,"WSName":"DB","rangeAddress":"$EG$568:$EG$605","headAddress":"$EG$568","bodyAddress":"$EG$569:$EG$605","_name":"по плану"}},"emcosID":null,"emcosMLID":null,"codMaketTEP":null,"codTEP":null,"WSName":"DB","rangeAddress":"$EC$567:$EG$605","headAddress":"$EC$567:$EG$567","bodyAddress":"$EC$568:$EG$605","_name":"прием"},"план":{"_level":1,"parentID":"a1fee256-ed0d-43e3-a930-c5a57c34952d","firstParentID":"9985bff0-66ac-40b5-ba5d-42841581c3a6","ID":"e0e68cac-ad35-49ae-bbdc-2723172b8e9a","childs":{"код":{"_level":2,"parentID":"e0e68cac-ad35-49ae-bbdc-2723172b8e9a","firstParentID":"9985bff0-66ac-40b5-ba5d-42841581c3a6","ID":"e34b795c-990f-4ef8-afe1-46030a70508d","childs":null,"emcosID":null,"emcosMLID":null,"codMaketTEP":null,"codTEP":null,"WSName":"DB","rangeAddress":"$EH$568:$EH$605","headAddress":"$EH$568","bodyAddress":"$EH$569:$EH$605","_name":"код"},"основное":{"_level":2,"parentID":"e0e68cac-ad35-49ae-bbdc-2723172b8e9a","firstParentID":"9985bff0-66ac-40b5-ba5d-42841581c3a6","ID":"5225015d-6335-4e6f-961c-4b93ebab3e5e","childs":null,"emcosID":null,"emcosMLID":null,"codMaketTEP":null,"codTEP":null,"WSName":"DB","rangeAddress":"$EI$568:$EI$605","headAddress":"$EI$568","bodyAddress":"$EI$569:$EI$605","_name":"основное"},"заявка":{"_level":2,"parentID":"e0e68cac-ad35-49ae-bbdc-2723172b8e9a","firstParentID":"9985bff0-66ac-40b5-ba5d-42841581c3a6","ID":"0f92c11c-54e1-4732-95fa-23f4528a0672","childs":null,"emcosID":null,"emcosMLID":null,"codMaketTEP":null,"codTEP":null,"WSName":"DB","rangeAddress":"$EJ$568:$EJ$605","headAddress":"$EJ$568","bodyAddress":"$EJ$569:$EJ$605","_name":"заявка"},"утвержденный":{"_level":2,"parentID":"e0e68cac-ad35-49ae-bbdc-2723172b8e9a","firstParentID":"9985bff0-66ac-40b5-ba5d-42841581c3a6","ID":"a6839b62-ada7-456a-bf30-78c17a81cd80","childs":null,"emcosID":null,"emcosMLID":null,"codMaketTEP":null,"codTEP":null,"WSName":"DB","rangeAddress":"$EK$568:$EK$605","headAddress":"$EK$568","bodyAddress":"$EK$569:$EK$605","_name":"утвержденный"},"корректировка":{"_level":2,"parentID":"e0e68cac-ad35-49ae-bbdc-2723172b8e9a","firstParentID":"9985bff0-66ac-40b5-ba5d-42841581c3a6","ID":"f9157fed-b5c6-4002-9ff7-160f95d6b087","childs":null,"emcosID":null,"emcosMLID":null,"codMaketTEP":null,"codTEP":null,"WSName":"DB","rangeAddress":"$EL$568:$EL$605","headAddress":"$EL$568","bodyAddress":"$EL$569:$EL$605","_name":"корректировка"}},"emcosID":null,"emcosMLID":null,"codMaketTEP":null,"codTEP":null,"WSName":"DB","rangeAddress":"$EH$567:$EL$605","headAddress":"$EH$567:$EL$567","bodyAddress":"$EH$568:$EL$605","_name":"план"}},"emcosID":null,"emcosMLID":null,"codMaketTEP":null,"codTEP":null,"WSName":"DB","rangeAddress":"$EC$566:$EL$605","headAddress":"$EC$566:$EL$566","bodyAddress":"$EC$567:$EL$605","_name":"с.н. Антоновская ГЭС"}},"codPlan":138,"meterCoef":null,"_name":"с.н. Антоновская ГЭС"}