{"ID":"a986993b-d6a3-474b-bd68-a6e9b2dceecf","childs":{"PS":{"_level":0,"parentID":"a986993b-d6a3-474b-bd68-a6e9b2dceecf","firstParentID":"a986993b-d6a3-474b-bd68-a6e9b2dceecf","ID":"5796dbef-02ea-4bba-bc0e-4673377a6e99","childs":{"прием":{"_level":1,"parentID":"5796dbef-02ea-4bba-bc0e-4673377a6e99","firstParentID":"a986993b-d6a3-474b-bd68-a6e9b2dceecf","ID":"13c179fb-69a7-435a-bdef-be1ccab6f0db","childs":{"формула":{"_level":2,"parentID":"13c179fb-69a7-435a-bdef-be1ccab6f0db","firstParentID":"a986993b-d6a3-474b-bd68-a6e9b2dceecf","ID":"52c5ba80-d4ac-4154-88a4-6f4145f357e6","childs":null,"emcosID":null,"emcosMLID":null,"codMaketTEP":null,"codTEP":null,"WSName":"PS","rangeAddress":"$BC$185:$BC$221","headAddress":"$BC$185","bodyAddress":"$BC$186:$BC$221","_name":"формула"}},"emcosID":null,"emcosMLID":null,"codMaketTEP":1367,"codTEP":null,"WSName":"PS","rangeAddress":"$BC$184:$BC$221","headAddress":"$BC$184","bodyAddress":"$BC$185:$BC$221","_name":"прием"}},"emcosID":null,"emcosMLID":null,"codMaketTEP":null,"codTEP":null,"WSName":"PS","rangeAddress":"$BC$183:$BC$221","headAddress":"$BC$183","bodyAddress":"$BC$184:$BC$221","_name":"Потребление Green Oil Алматы"},"DB":{"_level":0,"parentID":"a986993b-d6a3-474b-bd68-a6e9b2dceecf","firstParentID":"a986993b-d6a3-474b-bd68-a6e9b2dceecf","ID":"4602a529-ff9e-4971-ac6d-2bc4d098fb6e","childs":{"прием":{"_level":1,"parentID":"4602a529-ff9e-4971-ac6d-2bc4d098fb6e","firstParentID":"a986993b-d6a3-474b-bd68-a6e9b2dceecf","ID":"77c28f37-865d-4cb0-baff-49ab3de7919f","childs":{"код":{"_level":2,"parentID":"77c28f37-865d-4cb0-baff-49ab3de7919f","firstParentID":"a986993b-d6a3-474b-bd68-a6e9b2dceecf","ID":"2e69eb9a-24ba-4497-b3a4-4f0a373c9ead","childs":null,"emcosID":null,"emcosMLID":null,"codMaketTEP":null,"codTEP":null,"WSName":"DB","rangeAddress":"$DL$439:$DL$476","headAddress":"$DL$439","bodyAddress":"$DL$440:$DL$476","_name":"код"},"основное":{"_level":2,"parentID":"77c28f37-865d-4cb0-baff-49ab3de7919f","firstParentID":"a986993b-d6a3-474b-bd68-a6e9b2dceecf","ID":"33b00f65-5e3b-4d8c-b55e-afd05f652a42","childs":null,"emcosID":null,"emcosMLID":null,"codMaketTEP":null,"codTEP":null,"WSName":"DB","rangeAddress":"$DM$439:$DM$476","headAddress":"$DM$439","bodyAddress":"$DM$440:$DM$476","_name":"основное"},"корректировка факт":{"_level":2,"parentID":"77c28f37-865d-4cb0-baff-49ab3de7919f","firstParentID":"a986993b-d6a3-474b-bd68-a6e9b2dceecf","ID":"5a553cdc-6046-4363-bfd9-7f22288a4a88","childs":null,"emcosID":null,"emcosMLID":null,"codMaketTEP":null,"codTEP":null,"WSName":"DB","rangeAddress":"$DN$439:$DN$476","headAddress":"$DN$439","bodyAddress":"$DN$440:$DN$476","_name":"корректировка факт"},"ручное":{"_level":2,"parentID":"77c28f37-865d-4cb0-baff-49ab3de7919f","firstParentID":"a986993b-d6a3-474b-bd68-a6e9b2dceecf","ID":"fa65d496-3347-4bd2-a966-ad5ab2caebb9","childs":null,"emcosID":null,"emcosMLID":null,"codMaketTEP":null,"codTEP":null,"WSName":"DB","rangeAddress":"$DO$439:$DO$476","headAddress":"$DO$439","bodyAddress":"$DO$440:$DO$476","_name":"ручное"},"формула":{"_level":2,"parentID":"77c28f37-865d-4cb0-baff-49ab3de7919f","firstParentID":"a986993b-d6a3-474b-bd68-a6e9b2dceecf","ID":"3275a438-a33b-4720-9715-d9691cc6b75c","childs":null,"emcosID":null,"emcosMLID":null,"codMaketTEP":null,"codTEP":null,"WSName":"DB","rangeAddress":"$DP$439:$DP$476","headAddress":"$DP$439","bodyAddress":"$DP$440:$DP$476","_name":"формула"}},"emcosID":null,"emcosMLID":null,"codMaketTEP":null,"codTEP":null,"WSName":"DB","rangeAddress":"$DL$438:$DP$476","headAddress":"$DL$438:$DP$438","bodyAddress":"$DL$439:$DP$476","_name":"прием"}},"emcosID":null,"emcosMLID":null,"codMaketTEP":null,"codTEP":null,"WSName":"DB","rangeAddress":"$DL$437:$DP$476","headAddress":"$DL$437:$DP$437","bodyAddress":"$DL$438:$DP$476","_name":"Потребление Green Oil Алматы"}},"codPlan":null,"meterCoef":null,"_name":"Потребление Green Oil Алматы"}