{"ID":"b0cb1e72-638b-4f3b-aae0-a29751c73c75","childs":{"PS":{"_level":0,"parentID":"b0cb1e72-638b-4f3b-aae0-a29751c73c75","firstParentID":"b0cb1e72-638b-4f3b-aae0-a29751c73c75","ID":"6efe8f49-06e5-4f05-94c8-a3b94930ff54","childs":{"прием":{"_level":1,"parentID":"6efe8f49-06e5-4f05-94c8-a3b94930ff54","firstParentID":"b0cb1e72-638b-4f3b-aae0-a29751c73c75","ID":"ee37d90a-9372-47fc-9064-3457ba4f45b3","childs":{"ручное":{"_level":2,"parentID":"ee37d90a-9372-47fc-9064-3457ba4f45b3","firstParentID":"b0cb1e72-638b-4f3b-aae0-a29751c73c75","ID":"f21d6060-790d-442b-a3e2-358abc4bd7ac","childs":null,"emcosID":null,"emcosMLID":null,"codMaketTEP":null,"codTEP":null,"WSName":"PS","rangeAddress":"$BL$185:$BL$221","headAddress":"$BL$185","bodyAddress":"$BL$186:$BL$221","_name":"ручное"}},"emcosID":null,"emcosMLID":null,"codMaketTEP":1363,"codTEP":null,"WSName":"PS","rangeAddress":"$BL$184:$BL$221","headAddress":"$BL$184","bodyAddress":"$BL$185:$BL$221","_name":"прием"}},"emcosID":null,"emcosMLID":null,"codMaketTEP":null,"codTEP":null,"WSName":"PS","rangeAddress":"$BL$183:$BL$221","headAddress":"$BL$183","bodyAddress":"$BL$184:$BL$221","_name":"Потребление С.А.Petro Group Алматы"},"DB":{"_level":0,"parentID":"b0cb1e72-638b-4f3b-aae0-a29751c73c75","firstParentID":"b0cb1e72-638b-4f3b-aae0-a29751c73c75","ID":"12e80ebc-be92-49a1-af2f-daaa2bc5650a","childs":{"прием":{"_level":1,"parentID":"12e80ebc-be92-49a1-af2f-daaa2bc5650a","firstParentID":"b0cb1e72-638b-4f3b-aae0-a29751c73c75","ID":"6d3e97ba-5ac4-4bc0-81b8-286022214ad1","childs":{"код":{"_level":2,"parentID":"6d3e97ba-5ac4-4bc0-81b8-286022214ad1","firstParentID":"b0cb1e72-638b-4f3b-aae0-a29751c73c75","ID":"8de63a5d-07fa-461b-bdef-fb0b1772bb59","childs":null,"emcosID":null,"emcosMLID":null,"codMaketTEP":null,"codTEP":null,"WSName":"DB","rangeAddress":"$H$568:$H$605","headAddress":"$H$568","bodyAddress":"$H$569:$H$605","_name":"код"},"основное":{"_level":2,"parentID":"6d3e97ba-5ac4-4bc0-81b8-286022214ad1","firstParentID":"b0cb1e72-638b-4f3b-aae0-a29751c73c75","ID":"17b92cb3-5bd1-4015-af1a-881ac522de25","childs":null,"emcosID":null,"emcosMLID":null,"codMaketTEP":null,"codTEP":null,"WSName":"DB","rangeAddress":"$I$568:$I$605","headAddress":"$I$568","bodyAddress":"$I$569:$I$605","_name":"основное"},"корректировка факт":{"_level":2,"parentID":"6d3e97ba-5ac4-4bc0-81b8-286022214ad1","firstParentID":"b0cb1e72-638b-4f3b-aae0-a29751c73c75","ID":"2820198d-24c2-4c60-8a15-471fc534958a","childs":null,"emcosID":null,"emcosMLID":null,"codMaketTEP":null,"codTEP":null,"WSName":"DB","rangeAddress":"$J$568:$J$605","headAddress":"$J$568","bodyAddress":"$J$569:$J$605","_name":"корректировка факт"},"ручное":{"_level":2,"parentID":"6d3e97ba-5ac4-4bc0-81b8-286022214ad1","firstParentID":"b0cb1e72-638b-4f3b-aae0-a29751c73c75","ID":"85a36b85-cd03-41b5-850a-e80010378238","childs":null,"emcosID":null,"emcosMLID":null,"codMaketTEP":null,"codTEP":null,"WSName":"DB","rangeAddress":"$K$568:$K$605","headAddress":"$K$568","bodyAddress":"$K$569:$K$605","_name":"ручное"}},"emcosID":null,"emcosMLID":null,"codMaketTEP":null,"codTEP":null,"WSName":"DB","rangeAddress":"$H$567:$K$605","headAddress":"$H$567:$K$567","bodyAddress":"$H$568:$K$605","_name":"прием"}},"emcosID":null,"emcosMLID":null,"codMaketTEP":null,"codTEP":null,"WSName":"DB","rangeAddress":"$H$566:$K$605","headAddress":"$H$566:$K$566","bodyAddress":"$H$567:$K$605","_name":"Потребление С.А.Petro Group Алматы"}},"codPlan":null,"meterCoef":null,"_name":"Потребление С.А.Petro Group Алматы"}