{"ID":"c38ea523-5199-4800-ba6b-d8aafa22d7a5","childs":{"PS":{"_level":0,"parentID":"c38ea523-5199-4800-ba6b-d8aafa22d7a5","firstParentID":"c38ea523-5199-4800-ba6b-d8aafa22d7a5","ID":"63efd33b-2031-4ac0-b7ce-93d75a770aa1","childs":{"прием":{"_level":1,"parentID":"63efd33b-2031-4ac0-b7ce-93d75a770aa1","firstParentID":"c38ea523-5199-4800-ba6b-d8aafa22d7a5","ID":"41c9fffb-0eb1-43e0-8382-10ff6c39d2af","childs":{"оперативное":{"_level":2,"parentID":"41c9fffb-0eb1-43e0-8382-10ff6c39d2af","firstParentID":"c38ea523-5199-4800-ba6b-d8aafa22d7a5","ID":"09dff216-8bd9-4367-b897-b59cad433812","childs":null,"emcosID":null,"emcosMLID":null,"codMaketTEP":null,"codTEP":null,"WSName":"PS","rangeAddress":"$AT$228:$AT$264","headAddress":"$AT$228","bodyAddress":"$AT$229:$AT$264","_name":"оперативное"}},"emcosID":null,"emcosMLID":null,"codMaketTEP":1451,"codTEP":null,"WSName":"PS","rangeAddress":"$AT$227:$AT$264","headAddress":"$AT$227","bodyAddress":"$AT$228:$AT$264","_name":"прием"}},"emcosID":null,"emcosMLID":null,"codMaketTEP":null,"codTEP":null,"WSName":"PS","rangeAddress":"$AT$226:$AT$264","headAddress":"$AT$226","bodyAddress":"$AT$227:$AT$264","_name":"Потребление Каз Экотранс Жетысу "},"DB":{"_level":0,"parentID":"c38ea523-5199-4800-ba6b-d8aafa22d7a5","firstParentID":"c38ea523-5199-4800-ba6b-d8aafa22d7a5","ID":"a8494ed5-7bb7-4f75-af9c-560e651ac809","childs":{"прием":{"_level":1,"parentID":"a8494ed5-7bb7-4f75-af9c-560e651ac809","firstParentID":"c38ea523-5199-4800-ba6b-d8aafa22d7a5","ID":"440e0961-a8f1-465a-93ec-bb57c96fa114","childs":{"код":{"_level":2,"parentID":"440e0961-a8f1-465a-93ec-bb57c96fa114","firstParentID":"c38ea523-5199-4800-ba6b-d8aafa22d7a5","ID":"445a4f8c-7a9c-489a-917e-f8ed27ec08f0","childs":null,"emcosID":null,"emcosMLID":null,"codMaketTEP":null,"codTEP":null,"WSName":"DB","rangeAddress":"$AA$439:$AA$476","headAddress":"$AA$439","bodyAddress":"$AA$440:$AA$476","_name":"код"},"основное":{"_level":2,"parentID":"440e0961-a8f1-465a-93ec-bb57c96fa114","firstParentID":"c38ea523-5199-4800-ba6b-d8aafa22d7a5","ID":"9e72f123-d055-481a-90ed-53b9a63724d4","childs":null,"emcosID":null,"emcosMLID":null,"codMaketTEP":null,"codTEP":null,"WSName":"DB","rangeAddress":"$AB$439:$AB$476","headAddress":"$AB$439","bodyAddress":"$AB$440:$AB$476","_name":"основное"},"корректировка факт":{"_level":2,"parentID":"440e0961-a8f1-465a-93ec-bb57c96fa114","firstParentID":"c38ea523-5199-4800-ba6b-d8aafa22d7a5","ID":"640cb3dd-d855-4659-a39d-d09268ef19e9","childs":null,"emcosID":null,"emcosMLID":null,"codMaketTEP":null,"codTEP":null,"WSName":"DB","rangeAddress":"$AC$439:$AC$476","headAddress":"$AC$439","bodyAddress":"$AC$440:$AC$476","_name":"корректировка факт"},"ручное":{"_level":2,"parentID":"440e0961-a8f1-465a-93ec-bb57c96fa114","firstParentID":"c38ea523-5199-4800-ba6b-d8aafa22d7a5","ID":"0c4ee035-83ea-4422-ba49-43103f0e5025","childs":null,"emcosID":null,"emcosMLID":null,"codMaketTEP":null,"codTEP":null,"WSName":"DB","rangeAddress":"$AD$439:$AD$476","headAddress":"$AD$439","bodyAddress":"$AD$440:$AD$476","_name":"ручное"},"оперативное":{"_level":2,"parentID":"440e0961-a8f1-465a-93ec-bb57c96fa114","firstParentID":"c38ea523-5199-4800-ba6b-d8aafa22d7a5","ID":"53670dff-c76f-4eca-8d86-f10c4dac0dd4","childs":null,"emcosID":null,"emcosMLID":null,"codMaketTEP":null,"codTEP":null,"WSName":"DB","rangeAddress":"$AE$439:$AE$476","headAddress":"$AE$439","bodyAddress":"$AE$440:$AE$476","_name":"оперативное"}},"emcosID":null,"emcosMLID":null,"codMaketTEP":null,"codTEP":null,"WSName":"DB","rangeAddress":"$AA$438:$AE$476","headAddress":"$AA$438:$AE$438","bodyAddress":"$AA$439:$AE$476","_name":"прием"}},"emcosID":null,"emcosMLID":null,"codMaketTEP":null,"codTEP":null,"WSName":"DB","rangeAddress":"$AA$437:$AE$476","headAddress":"$AA$437:$AE$437","bodyAddress":"$AA$438:$AE$476","_name":"Потребление Каз Экотранс Жетысу "}},"codPlan":null,"meterCoef":null,"_name":"Потребление Каз Экотранс Жетысу "}