{"ID":"cbf59367-0b0d-40c7-aa51-81989ba8384c","childs":{"PS":{"_level":0,"parentID":"cbf59367-0b0d-40c7-aa51-81989ba8384c","firstParentID":"cbf59367-0b0d-40c7-aa51-81989ba8384c","ID":"a9b52cca-9855-489e-a86b-fcbc351a1569","childs":{"прием":{"_level":1,"parentID":"a9b52cca-9855-489e-a86b-fcbc351a1569","firstParentID":"cbf59367-0b0d-40c7-aa51-81989ba8384c","ID":"386dc360-6157-482c-847f-a8c6e56c475c","childs":{"по плану":{"_level":2,"parentID":"386dc360-6157-482c-847f-a8c6e56c475c","firstParentID":"cbf59367-0b0d-40c7-aa51-81989ba8384c","ID":"a8bfa255-f954-43e9-bb04-270142cb25a4","childs":null,"emcosID":null,"emcosMLID":null,"codMaketTEP":null,"codTEP":null,"WSName":"PS","rangeAddress":"$AG$228:$AG$264","headAddress":"$AG$228","bodyAddress":"$AG$229:$AG$264","_name":"по плану"}},"emcosID":null,"emcosMLID":null,"codMaketTEP":1470,"codTEP":null,"WSName":"PS","rangeAddress":"$AG$227:$AG$264","headAddress":"$AG$227","bodyAddress":"$AG$228:$AG$264","_name":"прием"},"план":{"_level":1,"parentID":"a9b52cca-9855-489e-a86b-fcbc351a1569","firstParentID":"cbf59367-0b0d-40c7-aa51-81989ba8384c","ID":"f57a4ff2-e529-4049-8464-2e4962c4ca0e","childs":{"заявка":{"_level":2,"parentID":"f57a4ff2-e529-4049-8464-2e4962c4ca0e","firstParentID":"cbf59367-0b0d-40c7-aa51-81989ba8384c","ID":"7e68dcfe-d098-4ba2-9b46-8a67f1e785a8","childs":null,"emcosID":null,"emcosMLID":null,"codMaketTEP":null,"codTEP":null,"WSName":"PS","rangeAddress":"$AH$228:$AH$264","headAddress":"$AH$228","bodyAddress":"$AH$229:$AH$264","_name":"заявка"}},"emcosID":null,"emcosMLID":null,"codMaketTEP":null,"codTEP":null,"WSName":"PS","rangeAddress":"$AH$227:$AH$264","headAddress":"$AH$227","bodyAddress":"$AH$228:$AH$264","_name":"план"}},"emcosID":null,"emcosMLID":null,"codMaketTEP":null,"codTEP":null,"WSName":"PS","rangeAddress":"$AG$226:$AH$264","headAddress":"$AG$226:$AH$226","bodyAddress":"$AG$227:$AH$264","_name":"Грузовые перевозки КТЖ Жетысу"},"DB":{"_level":0,"parentID":"cbf59367-0b0d-40c7-aa51-81989ba8384c","firstParentID":"cbf59367-0b0d-40c7-aa51-81989ba8384c","ID":"26b56061-af0f-4d00-bcfd-d2d910fdba84","childs":{"прием":{"_level":1,"parentID":"26b56061-af0f-4d00-bcfd-d2d910fdba84","firstParentID":"cbf59367-0b0d-40c7-aa51-81989ba8384c","ID":"77fc2076-d078-466a-8365-493a25373cc2","childs":{"код":{"_level":2,"parentID":"77fc2076-d078-466a-8365-493a25373cc2","firstParentID":"cbf59367-0b0d-40c7-aa51-81989ba8384c","ID":"ad3e6ccd-f914-4e31-80c0-ef667b6ef113","childs":null,"emcosID":null,"emcosMLID":null,"codMaketTEP":null,"codTEP":null,"WSName":"DB","rangeAddress":"$CG$439:$CG$476","headAddress":"$CG$439","bodyAddress":"$CG$440:$CG$476","_name":"код"},"основное":{"_level":2,"parentID":"77fc2076-d078-466a-8365-493a25373cc2","firstParentID":"cbf59367-0b0d-40c7-aa51-81989ba8384c","ID":"a821c11c-28e8-4cde-93ed-6133953714e0","childs":null,"emcosID":null,"emcosMLID":null,"codMaketTEP":null,"codTEP":null,"WSName":"DB","rangeAddress":"$CH$439:$CH$476","headAddress":"$CH$439","bodyAddress":"$CH$440:$CH$476","_name":"основное"},"корректировка факт":{"_level":2,"parentID":"77fc2076-d078-466a-8365-493a25373cc2","firstParentID":"cbf59367-0b0d-40c7-aa51-81989ba8384c","ID":"bd9ca271-5a54-4858-a02c-d1e720d8665e","childs":null,"emcosID":null,"emcosMLID":null,"codMaketTEP":null,"codTEP":null,"WSName":"DB","rangeAddress":"$CI$439:$CI$476","headAddress":"$CI$439","bodyAddress":"$CI$440:$CI$476","_name":"корректировка факт"},"ручное":{"_level":2,"parentID":"77fc2076-d078-466a-8365-493a25373cc2","firstParentID":"cbf59367-0b0d-40c7-aa51-81989ba8384c","ID":"3465a66c-bfb9-4f3d-95da-966d5a01a490","childs":null,"emcosID":null,"emcosMLID":null,"codMaketTEP":null,"codTEP":null,"WSName":"DB","rangeAddress":"$CJ$439:$CJ$476","headAddress":"$CJ$439","bodyAddress":"$CJ$440:$CJ$476","_name":"ручное"},"по плану":{"_level":2,"parentID":"77fc2076-d078-466a-8365-493a25373cc2","firstParentID":"cbf59367-0b0d-40c7-aa51-81989ba8384c","ID":"889c8821-af20-4731-bec6-af9e14814f45","childs":null,"emcosID":null,"emcosMLID":null,"codMaketTEP":null,"codTEP":null,"WSName":"DB","rangeAddress":"$CK$439:$CK$476","headAddress":"$CK$439","bodyAddress":"$CK$440:$CK$476","_name":"по плану"}},"emcosID":null,"emcosMLID":null,"codMaketTEP":null,"codTEP":null,"WSName":"DB","rangeAddress":"$CG$438:$CK$476","headAddress":"$CG$438:$CK$438","bodyAddress":"$CG$439:$CK$476","_name":"прием"},"план":{"_level":1,"parentID":"26b56061-af0f-4d00-bcfd-d2d910fdba84","firstParentID":"cbf59367-0b0d-40c7-aa51-81989ba8384c","ID":"b675fafd-f222-43d9-8d37-5b81052feee8","childs":{"код":{"_level":2,"parentID":"b675fafd-f222-43d9-8d37-5b81052feee8","firstParentID":"cbf59367-0b0d-40c7-aa51-81989ba8384c","ID":"2252efc5-1e80-4084-96f7-a1e918639313","childs":null,"emcosID":null,"emcosMLID":null,"codMaketTEP":null,"codTEP":null,"WSName":"DB","rangeAddress":"$CL$439:$CL$476","headAddress":"$CL$439","bodyAddress":"$CL$440:$CL$476","_name":"код"},"основное":{"_level":2,"parentID":"b675fafd-f222-43d9-8d37-5b81052feee8","firstParentID":"cbf59367-0b0d-40c7-aa51-81989ba8384c","ID":"c9009a91-a8fd-4744-add1-e10aa7e92883","childs":null,"emcosID":null,"emcosMLID":null,"codMaketTEP":null,"codTEP":null,"WSName":"DB","rangeAddress":"$CM$439:$CM$476","headAddress":"$CM$439","bodyAddress":"$CM$440:$CM$476","_name":"основное"},"заявка":{"_level":2,"parentID":"b675fafd-f222-43d9-8d37-5b81052feee8","firstParentID":"cbf59367-0b0d-40c7-aa51-81989ba8384c","ID":"97e8274f-862c-4161-9e4f-f3e39d585cf9","childs":null,"emcosID":null,"emcosMLID":null,"codMaketTEP":null,"codTEP":null,"WSName":"DB","rangeAddress":"$CN$439:$CN$476","headAddress":"$CN$439","bodyAddress":"$CN$440:$CN$476","_name":"заявка"},"утвержденный":{"_level":2,"parentID":"b675fafd-f222-43d9-8d37-5b81052feee8","firstParentID":"cbf59367-0b0d-40c7-aa51-81989ba8384c","ID":"90bdd410-edf1-4a8b-9d44-0a491e0be54d","childs":null,"emcosID":null,"emcosMLID":null,"codMaketTEP":null,"codTEP":null,"WSName":"DB","rangeAddress":"$CO$439:$CO$476","headAddress":"$CO$439","bodyAddress":"$CO$440:$CO$476","_name":"утвержденный"},"корректировка":{"_level":2,"parentID":"b675fafd-f222-43d9-8d37-5b81052feee8","firstParentID":"cbf59367-0b0d-40c7-aa51-81989ba8384c","ID":"fa6e2f75-45ac-4be0-963f-449ba897030e","childs":null,"emcosID":null,"emcosMLID":null,"codMaketTEP":null,"codTEP":null,"WSName":"DB","rangeAddress":"$CP$439:$CP$476","headAddress":"$CP$439","bodyAddress":"$CP$440:$CP$476","_name":"корректировка"}},"emcosID":null,"emcosMLID":null,"codMaketTEP":null,"codTEP":null,"WSName":"DB","rangeAddress":"$CL$438:$CP$476","headAddress":"$CL$438:$CP$438","bodyAddress":"$CL$439:$CP$476","_name":"план"}},"emcosID":null,"emcosMLID":null,"codMaketTEP":null,"codTEP":null,"WSName":"DB","rangeAddress":"$CG$437:$CP$476","headAddress":"$CG$437:$CP$437","bodyAddress":"$CG$438:$CP$476","_name":"Грузовые перевозки КТЖ Жетысу"}},"codPlan":34,"meterCoef":null,"_name":"Грузовые перевозки КТЖ Жетысу"}