{"ID":"d0445bb8-7485-4188-8fe0-0eb08d059bc9","childs":{"PS":{"_level":0,"parentID":"d0445bb8-7485-4188-8fe0-0eb08d059bc9","firstParentID":"d0445bb8-7485-4188-8fe0-0eb08d059bc9","ID":"c5c2d32b-cba5-401b-8ae7-ede8550fb126","childs":{"прием":{"_level":1,"parentID":"c5c2d32b-cba5-401b-8ae7-ede8550fb126","firstParentID":"d0445bb8-7485-4188-8fe0-0eb08d059bc9","ID":"0bf8f76c-ed4e-4935-a8ce-b59a38c0eae3","childs":{"оперативное":{"_level":2,"parentID":"0bf8f76c-ed4e-4935-a8ce-b59a38c0eae3","firstParentID":"d0445bb8-7485-4188-8fe0-0eb08d059bc9","ID":"d90a4fc8-e239-4273-b8fd-fa49f62ecd33","childs":null,"emcosID":null,"emcosMLID":null,"codMaketTEP":null,"codTEP":null,"WSName":"PS","rangeAddress":"$AN$228:$AN$264","headAddress":"$AN$228","bodyAddress":"$AN$229:$AN$264","_name":"оперативное"}},"emcosID":null,"emcosMLID":null,"codMaketTEP":1445,"codTEP":null,"WSName":"PS","rangeAddress":"$AN$227:$AN$264","headAddress":"$AN$227","bodyAddress":"$AN$228:$AN$264","_name":"прием"},"план":{"_level":1,"parentID":"c5c2d32b-cba5-401b-8ae7-ede8550fb126","firstParentID":"d0445bb8-7485-4188-8fe0-0eb08d059bc9","ID":"1b5156b8-820e-4e91-8443-8bccc9c52dc4","childs":{"заявка":{"_level":2,"parentID":"1b5156b8-820e-4e91-8443-8bccc9c52dc4","firstParentID":"d0445bb8-7485-4188-8fe0-0eb08d059bc9","ID":"6aeb48b7-d32c-4df1-92ba-9a14ad04a5a9","childs":null,"emcosID":null,"emcosMLID":null,"codMaketTEP":null,"codTEP":null,"WSName":"PS","rangeAddress":"$AO$228:$AO$264","headAddress":"$AO$228","bodyAddress":"$AO$229:$AO$264","_name":"заявка"}},"emcosID":null,"emcosMLID":null,"codMaketTEP":null,"codTEP":null,"WSName":"PS","rangeAddress":"$AO$227:$AO$264","headAddress":"$AO$227","bodyAddress":"$AO$228:$AO$264","_name":"план"}},"emcosID":null,"emcosMLID":null,"codMaketTEP":null,"codTEP":null,"WSName":"PS","rangeAddress":"$AN$226:$AO$264","headAddress":"$AN$226:$AO$226","bodyAddress":"$AN$227:$AO$264","_name":"Потребление Alatau Power Жетысу"},"DB":{"_level":0,"parentID":"d0445bb8-7485-4188-8fe0-0eb08d059bc9","firstParentID":"d0445bb8-7485-4188-8fe0-0eb08d059bc9","ID":"86e8a0d5-eab6-451f-af04-c6ec89bd7c79","childs":{"прием":{"_level":1,"parentID":"86e8a0d5-eab6-451f-af04-c6ec89bd7c79","firstParentID":"d0445bb8-7485-4188-8fe0-0eb08d059bc9","ID":"3baa30b1-ddd9-47f2-8064-8263b5b5d66f","childs":{"код":{"_level":2,"parentID":"3baa30b1-ddd9-47f2-8064-8263b5b5d66f","firstParentID":"d0445bb8-7485-4188-8fe0-0eb08d059bc9","ID":"ae15eacd-930b-477c-bfc3-762f6679442d","childs":null,"emcosID":null,"emcosMLID":null,"codMaketTEP":null,"codTEP":null,"WSName":"DB","rangeAddress":"$BA$439:$BA$476","headAddress":"$BA$439","bodyAddress":"$BA$440:$BA$476","_name":"код"},"основное":{"_level":2,"parentID":"3baa30b1-ddd9-47f2-8064-8263b5b5d66f","firstParentID":"d0445bb8-7485-4188-8fe0-0eb08d059bc9","ID":"f92c87fd-4a0b-4ddd-9169-5c3c61ed9ed7","childs":null,"emcosID":null,"emcosMLID":null,"codMaketTEP":null,"codTEP":null,"WSName":"DB","rangeAddress":"$BB$439:$BB$476","headAddress":"$BB$439","bodyAddress":"$BB$440:$BB$476","_name":"основное"},"корректировка факт":{"_level":2,"parentID":"3baa30b1-ddd9-47f2-8064-8263b5b5d66f","firstParentID":"d0445bb8-7485-4188-8fe0-0eb08d059bc9","ID":"cd47f5c6-0e54-46e2-b039-234487ccd621","childs":null,"emcosID":null,"emcosMLID":null,"codMaketTEP":null,"codTEP":null,"WSName":"DB","rangeAddress":"$BC$439:$BC$476","headAddress":"$BC$439","bodyAddress":"$BC$440:$BC$476","_name":"корректировка факт"},"ручное":{"_level":2,"parentID":"3baa30b1-ddd9-47f2-8064-8263b5b5d66f","firstParentID":"d0445bb8-7485-4188-8fe0-0eb08d059bc9","ID":"9219d824-d44a-4444-9945-3d8e03bc4fea","childs":null,"emcosID":null,"emcosMLID":null,"codMaketTEP":null,"codTEP":null,"WSName":"DB","rangeAddress":"$BD$439:$BD$476","headAddress":"$BD$439","bodyAddress":"$BD$440:$BD$476","_name":"ручное"},"оперативное":{"_level":2,"parentID":"3baa30b1-ddd9-47f2-8064-8263b5b5d66f","firstParentID":"d0445bb8-7485-4188-8fe0-0eb08d059bc9","ID":"4f4e175f-1317-4426-91a3-26a91941944c","childs":null,"emcosID":null,"emcosMLID":null,"codMaketTEP":null,"codTEP":null,"WSName":"DB","rangeAddress":"$BE$439:$BE$476","headAddress":"$BE$439","bodyAddress":"$BE$440:$BE$476","_name":"оперативное"},"по плану":{"_level":2,"parentID":"3baa30b1-ddd9-47f2-8064-8263b5b5d66f","firstParentID":"d0445bb8-7485-4188-8fe0-0eb08d059bc9","ID":"3e3a4cd6-1de5-46e8-93f9-b5951f57ddb2","childs":null,"emcosID":null,"emcosMLID":null,"codMaketTEP":null,"codTEP":null,"WSName":"DB","rangeAddress":"$BF$439:$BF$476","headAddress":"$BF$439","bodyAddress":"$BF$440:$BF$476","_name":"по плану"}},"emcosID":null,"emcosMLID":null,"codMaketTEP":null,"codTEP":null,"WSName":"DB","rangeAddress":"$BA$438:$BF$476","headAddress":"$BA$438:$BF$438","bodyAddress":"$BA$439:$BF$476","_name":"прием"},"план":{"_level":1,"parentID":"86e8a0d5-eab6-451f-af04-c6ec89bd7c79","firstParentID":"d0445bb8-7485-4188-8fe0-0eb08d059bc9","ID":"980f0168-4896-443d-a251-3c324789f8a9","childs":{"код":{"_level":2,"parentID":"980f0168-4896-443d-a251-3c324789f8a9","firstParentID":"d0445bb8-7485-4188-8fe0-0eb08d059bc9","ID":"db47ec98-2b16-4c6d-af44-9a626b57dc78","childs":null,"emcosID":null,"emcosMLID":null,"codMaketTEP":null,"codTEP":null,"WSName":"DB","rangeAddress":"$BG$439:$BG$476","headAddress":"$BG$439","bodyAddress":"$BG$440:$BG$476","_name":"код"},"основное":{"_level":2,"parentID":"980f0168-4896-443d-a251-3c324789f8a9","firstParentID":"d0445bb8-7485-4188-8fe0-0eb08d059bc9","ID":"564a14d6-3a05-4f44-b8fb-71e709028fa2","childs":null,"emcosID":null,"emcosMLID":null,"codMaketTEP":null,"codTEP":null,"WSName":"DB","rangeAddress":"$BH$439:$BH$476","headAddress":"$BH$439","bodyAddress":"$BH$440:$BH$476","_name":"основное"},"заявка":{"_level":2,"parentID":"980f0168-4896-443d-a251-3c324789f8a9","firstParentID":"d0445bb8-7485-4188-8fe0-0eb08d059bc9","ID":"69d9dfee-1141-4c29-ac50-c68283f04186","childs":null,"emcosID":null,"emcosMLID":null,"codMaketTEP":null,"codTEP":null,"WSName":"DB","rangeAddress":"$BI$439:$BI$476","headAddress":"$BI$439","bodyAddress":"$BI$440:$BI$476","_name":"заявка"},"утвержденный":{"_level":2,"parentID":"980f0168-4896-443d-a251-3c324789f8a9","firstParentID":"d0445bb8-7485-4188-8fe0-0eb08d059bc9","ID":"937c4972-7b45-44f0-8b08-0625be6540d3","childs":null,"emcosID":null,"emcosMLID":null,"codMaketTEP":null,"codTEP":null,"WSName":"DB","rangeAddress":"$BJ$439:$BJ$476","headAddress":"$BJ$439","bodyAddress":"$BJ$440:$BJ$476","_name":"утвержденный"},"корректировка":{"_level":2,"parentID":"980f0168-4896-443d-a251-3c324789f8a9","firstParentID":"d0445bb8-7485-4188-8fe0-0eb08d059bc9","ID":"c73e81fa-cae9-44b8-b508-01587ca4f559","childs":null,"emcosID":null,"emcosMLID":null,"codMaketTEP":null,"codTEP":null,"WSName":"DB","rangeAddress":"$BK$439:$BK$476","headAddress":"$BK$439","bodyAddress":"$BK$440:$BK$476","_name":"корректировка"}},"emcosID":null,"emcosMLID":null,"codMaketTEP":null,"codTEP":null,"WSName":"DB","rangeAddress":"$BG$438:$BK$476","headAddress":"$BG$438:$BK$438","bodyAddress":"$BG$439:$BK$476","_name":"план"}},"emcosID":null,"emcosMLID":null,"codMaketTEP":null,"codTEP":null,"WSName":"DB","rangeAddress":"$BA$437:$BK$476","headAddress":"$BA$437:$BK$437","bodyAddress":"$BA$438:$BK$476","_name":"Потребление Alatau Power Жетысу"}},"codPlan":94,"meterCoef":null,"_name":"Потребление Alatau Power Жетысу"}