{"ID":"daafd634-f889-46b6-8573-f286c3b09163","childs":{"PS":{"_level":0,"parentID":"daafd634-f889-46b6-8573-f286c3b09163","firstParentID":"daafd634-f889-46b6-8573-f286c3b09163","ID":"2e7cc5cd-158b-4576-9c52-dcea1dfae824","childs":{"прием":{"_level":1,"parentID":"2e7cc5cd-158b-4576-9c52-dcea1dfae824","firstParentID":"daafd634-f889-46b6-8573-f286c3b09163","ID":"e2dd2a04-40c2-4b2f-9a16-aa4efe980219","childs":{"формула":{"_level":2,"parentID":"e2dd2a04-40c2-4b2f-9a16-aa4efe980219","firstParentID":"daafd634-f889-46b6-8573-f286c3b09163","ID":"01f952a7-2835-46d8-9bbe-7d0729a5d00a","childs":null,"emcosID":null,"emcosMLID":null,"codMaketTEP":null,"codTEP":null,"WSName":"PS","rangeAddress":"$BE$185:$BE$221","headAddress":"$BE$185","bodyAddress":"$BE$186:$BE$221","_name":"формула"}},"emcosID":null,"emcosMLID":null,"codMaketTEP":1399,"codTEP":null,"WSName":"PS","rangeAddress":"$BE$184:$BE$221","headAddress":"$BE$184","bodyAddress":"$BE$185:$BE$221","_name":"прием"}},"emcosID":null,"emcosMLID":null,"codMaketTEP":null,"codTEP":null,"WSName":"PS","rangeAddress":"$BE$183:$BE$221","headAddress":"$BE$183","bodyAddress":"$BE$184:$BE$221","_name":"Потребление ИЗА Алматы"},"DB":{"_level":0,"parentID":"daafd634-f889-46b6-8573-f286c3b09163","firstParentID":"daafd634-f889-46b6-8573-f286c3b09163","ID":"4eac9b83-a70b-4d46-bb1e-1d9341d2f279","childs":{"прием":{"_level":1,"parentID":"4eac9b83-a70b-4d46-bb1e-1d9341d2f279","firstParentID":"daafd634-f889-46b6-8573-f286c3b09163","ID":"ccd70f0a-5ebb-41d5-9ddb-bdfa573b310a","childs":{"код":{"_level":2,"parentID":"ccd70f0a-5ebb-41d5-9ddb-bdfa573b310a","firstParentID":"daafd634-f889-46b6-8573-f286c3b09163","ID":"c40f5b53-f062-420a-9f9f-6985f862afb1","childs":null,"emcosID":null,"emcosMLID":null,"codMaketTEP":null,"codTEP":null,"WSName":"DB","rangeAddress":"$DB$439:$DB$476","headAddress":"$DB$439","bodyAddress":"$DB$440:$DB$476","_name":"код"},"основное":{"_level":2,"parentID":"ccd70f0a-5ebb-41d5-9ddb-bdfa573b310a","firstParentID":"daafd634-f889-46b6-8573-f286c3b09163","ID":"973a59e4-e7d6-4c4a-a664-05cbd0dd0dcc","childs":null,"emcosID":null,"emcosMLID":null,"codMaketTEP":null,"codTEP":null,"WSName":"DB","rangeAddress":"$DC$439:$DC$476","headAddress":"$DC$439","bodyAddress":"$DC$440:$DC$476","_name":"основное"},"корректировка факт":{"_level":2,"parentID":"ccd70f0a-5ebb-41d5-9ddb-bdfa573b310a","firstParentID":"daafd634-f889-46b6-8573-f286c3b09163","ID":"2d945cf4-2084-4f32-8b39-f28b455e3fa5","childs":null,"emcosID":null,"emcosMLID":null,"codMaketTEP":null,"codTEP":null,"WSName":"DB","rangeAddress":"$DD$439:$DD$476","headAddress":"$DD$439","bodyAddress":"$DD$440:$DD$476","_name":"корректировка факт"},"ручное":{"_level":2,"parentID":"ccd70f0a-5ebb-41d5-9ddb-bdfa573b310a","firstParentID":"daafd634-f889-46b6-8573-f286c3b09163","ID":"292a5f9d-677b-43b8-ba45-97206ae2dd56","childs":null,"emcosID":null,"emcosMLID":null,"codMaketTEP":null,"codTEP":null,"WSName":"DB","rangeAddress":"$DE$439:$DE$476","headAddress":"$DE$439","bodyAddress":"$DE$440:$DE$476","_name":"ручное"},"формула":{"_level":2,"parentID":"ccd70f0a-5ebb-41d5-9ddb-bdfa573b310a","firstParentID":"daafd634-f889-46b6-8573-f286c3b09163","ID":"a485f40f-7edf-4196-bb28-615d8e9ee4b7","childs":null,"emcosID":null,"emcosMLID":null,"codMaketTEP":null,"codTEP":null,"WSName":"DB","rangeAddress":"$DF$439:$DF$476","headAddress":"$DF$439","bodyAddress":"$DF$440:$DF$476","_name":"формула"}},"emcosID":null,"emcosMLID":null,"codMaketTEP":null,"codTEP":null,"WSName":"DB","rangeAddress":"$DB$438:$DF$476","headAddress":"$DB$438:$DF$438","bodyAddress":"$DB$439:$DF$476","_name":"прием"}},"emcosID":null,"emcosMLID":null,"codMaketTEP":null,"codTEP":null,"WSName":"DB","rangeAddress":"$DB$437:$DF$476","headAddress":"$DB$437:$DF$437","bodyAddress":"$DB$438:$DF$476","_name":"Потребление ИЗА Алматы"}},"codPlan":null,"meterCoef":null,"_name":"Потребление ИЗА Алматы"}