{"ID":"bb466494-487c-44e8-8477-a1a96e57fff1","childs":{"PS":{"_level":0,"parentID":"bb466494-487c-44e8-8477-a1a96e57fff1","firstParentID":"bb466494-487c-44e8-8477-a1a96e57fff1","ID":"d07f658b-f996-491e-9905-c7c8459d60b0","childs":{"прием":{"_level":1,"parentID":"d07f658b-f996-491e-9905-c7c8459d60b0","firstParentID":"bb466494-487c-44e8-8477-a1a96e57fff1","ID":"e07c8b97-9a12-403d-bd0a-209006f1854e","childs":{"формула":{"_level":2,"parentID":"e07c8b97-9a12-403d-bd0a-209006f1854e","firstParentID":"bb466494-487c-44e8-8477-a1a96e57fff1","ID":"0daf9b02-5cbe-4b26-bd5f-c71c3623e40b","childs":null,"emcosID":null,"emcosMLID":null,"WSName":"PS","rangeAddress":"$J$228:$J$264","headAddress":"$J$228","bodyAddress":"$J$229:$J$264","_name":"формула"}},"emcosID":null,"emcosMLID":null,"WSName":"PS","rangeAddress":"$J$227:$J$264","headAddress":"$J$227","bodyAddress":"$J$228:$J$264","_name":"прием"}},"emcosID":null,"emcosMLID":null,"WSName":"PS","rangeAddress":"$J$226:$J$264","headAddress":"$J$226","bodyAddress":"$J$227:$J$264","_name":"Потребление Qazaq DCS"},"DB":{"_level":0,"parentID":"bb466494-487c-44e8-8477-a1a96e57fff1","firstParentID":"bb466494-487c-44e8-8477-a1a96e57fff1","ID":"f37de399-fda1-4004-96d9-c174c16f37e1","childs":{"прием":{"_level":1,"parentID":"f37de399-fda1-4004-96d9-c174c16f37e1","firstParentID":"bb466494-487c-44e8-8477-a1a96e57fff1","ID":"a295b93b-ff59-4594-928b-4ae02f66e421","childs":{"код":{"_level":2,"parentID":"a295b93b-ff59-4594-928b-4ae02f66e421","firstParentID":"bb466494-487c-44e8-8477-a1a96e57fff1","ID":"f9de5781-a7b8-4236-8b69-e2d2c299c4aa","childs":null,"emcosID":null,"emcosMLID":null,"WSName":"DB","rangeAddress":"$H$396:$H$433","headAddress":"$H$396","bodyAddress":"$H$397:$H$433","_name":"код"},"основное":{"_level":2,"parentID":"a295b93b-ff59-4594-928b-4ae02f66e421","firstParentID":"bb466494-487c-44e8-8477-a1a96e57fff1","ID":"c6ef4ddc-a020-41bc-88ed-d6587dcc367a","childs":null,"emcosID":null,"emcosMLID":null,"WSName":"DB","rangeAddress":"$I$396:$I$433","headAddress":"$I$396","bodyAddress":"$I$397:$I$433","_name":"основное"},"корректировка факт":{"_level":2,"parentID":"a295b93b-ff59-4594-928b-4ae02f66e421","firstParentID":"bb466494-487c-44e8-8477-a1a96e57fff1","ID":"9e03e557-724c-4123-ad46-b7b253f13c78","childs":null,"emcosID":null,"emcosMLID":null,"WSName":"DB","rangeAddress":"$J$396:$J$433","headAddress":"$J$396","bodyAddress":"$J$397:$J$433","_name":"корректировка факт"},"ручное":{"_level":2,"parentID":"a295b93b-ff59-4594-928b-4ae02f66e421","firstParentID":"bb466494-487c-44e8-8477-a1a96e57fff1","ID":"363dce27-fc92-4581-b8c9-bdb248ca8f1a","childs":null,"emcosID":null,"emcosMLID":null,"WSName":"DB","rangeAddress":"$K$396:$K$433","headAddress":"$K$396","bodyAddress":"$K$397:$K$433","_name":"ручное"},"формула":{"_level":2,"parentID":"a295b93b-ff59-4594-928b-4ae02f66e421","firstParentID":"bb466494-487c-44e8-8477-a1a96e57fff1","ID":"95143b11-d60c-476c-a984-15452d955340","childs":null,"emcosID":null,"emcosMLID":null,"WSName":"DB","rangeAddress":"$L$396:$L$433","headAddress":"$L$396","bodyAddress":"$L$397:$L$433","_name":"формула"}},"emcosID":null,"emcosMLID":null,"WSName":"DB","rangeAddress":"$H$395:$L$433","headAddress":"$H$395:$L$395","bodyAddress":"$H$396:$L$433","_name":"прием"}},"emcosID":null,"emcosMLID":null,"WSName":"DB","rangeAddress":"$H$394:$L$433","headAddress":"$H$394:$L$394","bodyAddress":"$H$395:$L$433","_name":"Потребление Qazaq DCS"}},"codPlan":null,"meterCoef":null,"_name":"Потребление Qazaq DCS"}