{"ID":"19989bc1-a057-4fdc-939d-10786ba1814c","childs":{"PS":{"_level":0,"parentID":"19989bc1-a057-4fdc-939d-10786ba1814c","firstParentID":"19989bc1-a057-4fdc-939d-10786ba1814c","ID":"2bbf0330-45d2-4159-8867-46c9afff07d9","childs":{"отдача":{"_level":1,"parentID":"2bbf0330-45d2-4159-8867-46c9afff07d9","firstParentID":"19989bc1-a057-4fdc-939d-10786ba1814c","ID":"e7c1dbfe-4008-4f16-9767-5305e17992b7","childs":{"оперативное":{"_level":2,"parentID":"e7c1dbfe-4008-4f16-9767-5305e17992b7","firstParentID":"19989bc1-a057-4fdc-939d-10786ba1814c","ID":"48a653e3-dd15-4aaf-9045-061f5de39fe9","childs":null,"emcosID":null,"emcosMLID":null,"codMaketTEP":null,"codTEP":null,"WSName":"PS","rangeAddress":"$Q$185:$Q$221","headAddress":"$Q$185","bodyAddress":"$Q$186:$Q$221","_name":"оперативное"}},"emcosID":null,"emcosMLID":null,"codMaketTEP":null,"codTEP":null,"WSName":"PS","rangeAddress":"$Q$184:$Q$221","headAddress":"$Q$184","bodyAddress":"$Q$185:$Q$221","_name":"отдача"}},"emcosID":null,"emcosMLID":null,"codMaketTEP":null,"codTEP":null,"WSName":"PS","rangeAddress":"$Q$183:$Q$221","headAddress":"$Q$183","bodyAddress":"$Q$184:$Q$221","_name":"Генерация АлЭС"},"DB":{"_level":0,"parentID":"19989bc1-a057-4fdc-939d-10786ba1814c","firstParentID":"19989bc1-a057-4fdc-939d-10786ba1814c","ID":"a4780e84-787b-411a-9b94-2df99bf9ca29","childs":{"отдача":{"_level":1,"parentID":"a4780e84-787b-411a-9b94-2df99bf9ca29","firstParentID":"19989bc1-a057-4fdc-939d-10786ba1814c","ID":"d5c9aaaa-7e36-4bf8-bfec-51352a789f28","childs":{"код":{"_level":2,"parentID":"d5c9aaaa-7e36-4bf8-bfec-51352a789f28","firstParentID":"19989bc1-a057-4fdc-939d-10786ba1814c","ID":"77265936-89ae-410d-8be6-4cbf3c4fe556","childs":null,"emcosID":null,"emcosMLID":null,"codMaketTEP":null,"codTEP":null,"WSName":"DB","rangeAddress":"$M$138:$M$175","headAddress":"$M$138","bodyAddress":"$M$139:$M$175","_name":"код"},"основное":{"_level":2,"parentID":"d5c9aaaa-7e36-4bf8-bfec-51352a789f28","firstParentID":"19989bc1-a057-4fdc-939d-10786ba1814c","ID":"d4a22bc2-d8ba-4cf4-8e96-dd5165e5b237","childs":null,"emcosID":null,"emcosMLID":null,"codMaketTEP":null,"codTEP":null,"WSName":"DB","rangeAddress":"$N$138:$N$175","headAddress":"$N$138","bodyAddress":"$N$139:$N$175","_name":"основное"},"корректировка факт":{"_level":2,"parentID":"d5c9aaaa-7e36-4bf8-bfec-51352a789f28","firstParentID":"19989bc1-a057-4fdc-939d-10786ba1814c","ID":"30923a1b-7409-43aa-9bf1-3010da921c3c","childs":null,"emcosID":null,"emcosMLID":null,"codMaketTEP":null,"codTEP":null,"WSName":"DB","rangeAddress":"$O$138:$O$175","headAddress":"$O$138","bodyAddress":"$O$139:$O$175","_name":"корректировка факт"},"ручное":{"_level":2,"parentID":"d5c9aaaa-7e36-4bf8-bfec-51352a789f28","firstParentID":"19989bc1-a057-4fdc-939d-10786ba1814c","ID":"e5b3f95a-debc-4956-9074-2dc1cc45fdff","childs":null,"emcosID":null,"emcosMLID":null,"codMaketTEP":null,"codTEP":null,"WSName":"DB","rangeAddress":"$P$138:$P$175","headAddress":"$P$138","bodyAddress":"$P$139:$P$175","_name":"ручное"},"формула":{"_level":2,"parentID":"d5c9aaaa-7e36-4bf8-bfec-51352a789f28","firstParentID":"19989bc1-a057-4fdc-939d-10786ba1814c","ID":"d77b578b-b5a5-4ed2-8230-028bda5e0172","childs":null,"emcosID":null,"emcosMLID":null,"codMaketTEP":null,"codTEP":null,"WSName":"DB","rangeAddress":"$Q$138:$Q$175","headAddress":"$Q$138","bodyAddress":"$Q$139:$Q$175","_name":"формула"},"оперативное":{"_level":2,"parentID":"d5c9aaaa-7e36-4bf8-bfec-51352a789f28","firstParentID":"19989bc1-a057-4fdc-939d-10786ba1814c","ID":"d0af25c2-9a53-4ef6-9149-ac9dfc59341c","childs":null,"emcosID":null,"emcosMLID":null,"codMaketTEP":null,"codTEP":null,"WSName":"DB","rangeAddress":"$R$138:$R$175","headAddress":"$R$138","bodyAddress":"$R$139:$R$175","_name":"оперативное"}},"emcosID":null,"emcosMLID":null,"codMaketTEP":null,"codTEP":null,"WSName":"DB","rangeAddress":"$M$137:$R$175","headAddress":"$M$137:$R$137","bodyAddress":"$M$138:$R$175","_name":"отдача"}},"emcosID":null,"emcosMLID":null,"codMaketTEP":null,"codTEP":null,"WSName":"DB","rangeAddress":"$M$136:$R$175","headAddress":"$M$136:$R$136","bodyAddress":"$M$137:$R$175","_name":"Генерация АлЭС"}},"codPlan":null,"meterCoef":null,"_name":"Генерация АлЭС"}