{"ID":"2269925b-3ae0-42c0-9f28-bb5e77b2bf97","childs":{"PS":{"_level":0,"parentID":"2269925b-3ae0-42c0-9f28-bb5e77b2bf97","firstParentID":"2269925b-3ae0-42c0-9f28-bb5e77b2bf97","ID":"c10fa67c-8e69-4039-9d0d-d2c09ac3b048","childs":{"прием":{"_level":1,"parentID":"c10fa67c-8e69-4039-9d0d-d2c09ac3b048","firstParentID":"2269925b-3ae0-42c0-9f28-bb5e77b2bf97","ID":"9c79af2b-7050-4d98-b04a-4d68adc08fa7","childs":{"оперативное":{"_level":2,"parentID":"9c79af2b-7050-4d98-b04a-4d68adc08fa7","firstParentID":"2269925b-3ae0-42c0-9f28-bb5e77b2bf97","ID":"b5c7b237-5ed4-4556-b776-bf80b13349c4","childs":null,"emcosID":null,"emcosMLID":null,"codMaketTEP":null,"codTEP":null,"WSName":"PS","rangeAddress":"$Q$228:$Q$264","headAddress":"$Q$228","bodyAddress":"$Q$229:$Q$264","_name":"оперативное"}},"emcosID":null,"emcosMLID":null,"codMaketTEP":null,"codTEP":null,"WSName":"PS","rangeAddress":"$Q$227:$Q$264","headAddress":"$Q$227","bodyAddress":"$Q$228:$Q$264","_name":"прием"}},"emcosID":null,"emcosMLID":null,"codMaketTEP":null,"codTEP":null,"WSName":"PS","rangeAddress":"$Q$226:$Q$264","headAddress":"$Q$226","bodyAddress":"$Q$227:$Q$264","_name":"Потребление SilkWayEnergy"},"DB":{"_level":0,"parentID":"2269925b-3ae0-42c0-9f28-bb5e77b2bf97","firstParentID":"2269925b-3ae0-42c0-9f28-bb5e77b2bf97","ID":"94a3e211-61eb-42f4-867d-9fcf994ea5db","childs":{"прием":{"_level":1,"parentID":"94a3e211-61eb-42f4-867d-9fcf994ea5db","firstParentID":"2269925b-3ae0-42c0-9f28-bb5e77b2bf97","ID":"607d2659-3ca4-4f94-9bd7-a93b00ce24b2","childs":{"код":{"_level":2,"parentID":"607d2659-3ca4-4f94-9bd7-a93b00ce24b2","firstParentID":"2269925b-3ae0-42c0-9f28-bb5e77b2bf97","ID":"81f148b0-3e3d-4e86-8bb4-cbbfcb1e53a8","childs":null,"emcosID":null,"emcosMLID":null,"codMaketTEP":null,"codTEP":null,"WSName":"DB","rangeAddress":"$CS$396:$CS$433","headAddress":"$CS$396","bodyAddress":"$CS$397:$CS$433","_name":"код"},"основное":{"_level":2,"parentID":"607d2659-3ca4-4f94-9bd7-a93b00ce24b2","firstParentID":"2269925b-3ae0-42c0-9f28-bb5e77b2bf97","ID":"a5422b01-5037-4e40-ae19-66bbcda8ac3a","childs":null,"emcosID":null,"emcosMLID":null,"codMaketTEP":null,"codTEP":null,"WSName":"DB","rangeAddress":"$CT$396:$CT$433","headAddress":"$CT$396","bodyAddress":"$CT$397:$CT$433","_name":"основное"},"корректировка факт":{"_level":2,"parentID":"607d2659-3ca4-4f94-9bd7-a93b00ce24b2","firstParentID":"2269925b-3ae0-42c0-9f28-bb5e77b2bf97","ID":"3a86ac0d-16ef-4dc8-8e77-544e7cdfeba8","childs":null,"emcosID":null,"emcosMLID":null,"codMaketTEP":null,"codTEP":null,"WSName":"DB","rangeAddress":"$CU$396:$CU$433","headAddress":"$CU$396","bodyAddress":"$CU$397:$CU$433","_name":"корректировка факт"},"ручное":{"_level":2,"parentID":"607d2659-3ca4-4f94-9bd7-a93b00ce24b2","firstParentID":"2269925b-3ae0-42c0-9f28-bb5e77b2bf97","ID":"9b950751-75df-4699-95a4-b569339b34aa","childs":null,"emcosID":null,"emcosMLID":null,"codMaketTEP":null,"codTEP":null,"WSName":"DB","rangeAddress":"$CV$396:$CV$433","headAddress":"$CV$396","bodyAddress":"$CV$397:$CV$433","_name":"ручное"},"оперативное":{"_level":2,"parentID":"607d2659-3ca4-4f94-9bd7-a93b00ce24b2","firstParentID":"2269925b-3ae0-42c0-9f28-bb5e77b2bf97","ID":"f6d4bbc7-7694-4dcf-a9ad-8cbcbeb426da","childs":null,"emcosID":null,"emcosMLID":null,"codMaketTEP":null,"codTEP":null,"WSName":"DB","rangeAddress":"$CW$396:$CW$433","headAddress":"$CW$396","bodyAddress":"$CW$397:$CW$433","_name":"оперативное"}},"emcosID":null,"emcosMLID":null,"codMaketTEP":null,"codTEP":null,"WSName":"DB","rangeAddress":"$CS$395:$CW$433","headAddress":"$CS$395:$CW$395","bodyAddress":"$CS$396:$CW$433","_name":"прием"}},"emcosID":null,"emcosMLID":null,"codMaketTEP":null,"codTEP":null,"WSName":"DB","rangeAddress":"$CS$394:$CW$433","headAddress":"$CS$394:$CW$394","bodyAddress":"$CS$395:$CW$433","_name":"Потребление SilkWayEnergy"}},"codPlan":null,"meterCoef":null,"_name":"Потребление SilkWayEnergy"}