{"ID":"25c8fc7b-eb09-4902-943e-c5c8992a147b","childs":{"PS":{"_level":0,"parentID":"25c8fc7b-eb09-4902-943e-c5c8992a147b","firstParentID":"25c8fc7b-eb09-4902-943e-c5c8992a147b","ID":"3aa558b3-85a8-45ba-8ff8-6112a169529a","childs":{"прием":{"_level":1,"parentID":"3aa558b3-85a8-45ba-8ff8-6112a169529a","firstParentID":"25c8fc7b-eb09-4902-943e-c5c8992a147b","ID":"efbc3165-a3dd-4148-acde-997126636a9a","childs":{"ручное":{"_level":2,"parentID":"efbc3165-a3dd-4148-acde-997126636a9a","firstParentID":"25c8fc7b-eb09-4902-943e-c5c8992a147b","ID":"e968dd50-64a6-496f-8c70-fd75a61a2426","childs":null,"emcosID":null,"emcosMLID":null,"codMaketTEP":null,"codTEP":null,"WSName":"PS","rangeAddress":"$AB$185:$AB$221","headAddress":"$AB$185","bodyAddress":"$AB$186:$AB$221","_name":"ручное"}},"emcosID":null,"emcosMLID":null,"codMaketTEP":null,"codTEP":null,"WSName":"PS","rangeAddress":"$AB$184:$AB$221","headAddress":"$AB$184","bodyAddress":"$AB$185:$AB$221","_name":"прием"}},"emcosID":null,"emcosMLID":null,"codMaketTEP":null,"codTEP":null,"WSName":"PS","rangeAddress":"$AB$183:$AB$221","headAddress":"$AB$183","bodyAddress":"$AB$184:$AB$221","_name":"с.н. M Kat Green СЭС Шу 100"},"DB":{"_level":0,"parentID":"25c8fc7b-eb09-4902-943e-c5c8992a147b","firstParentID":"25c8fc7b-eb09-4902-943e-c5c8992a147b","ID":"ccd2cd7a-a24b-45f4-9061-5876717eaacc","childs":{"прием":{"_level":1,"parentID":"ccd2cd7a-a24b-45f4-9061-5876717eaacc","firstParentID":"25c8fc7b-eb09-4902-943e-c5c8992a147b","ID":"898a13eb-3e85-4bac-949e-ffdcf91faca2","childs":{"код":{"_level":2,"parentID":"898a13eb-3e85-4bac-949e-ffdcf91faca2","firstParentID":"25c8fc7b-eb09-4902-943e-c5c8992a147b","ID":"c598d773-bb36-4640-80db-be651382c5e3","childs":null,"emcosID":null,"emcosMLID":null,"codMaketTEP":null,"codTEP":null,"WSName":"DB","rangeAddress":"$AY$396:$AY$433","headAddress":"$AY$396","bodyAddress":"$AY$397:$AY$433","_name":"код"},"основное":{"_level":2,"parentID":"898a13eb-3e85-4bac-949e-ffdcf91faca2","firstParentID":"25c8fc7b-eb09-4902-943e-c5c8992a147b","ID":"b96d09db-7580-4e89-a9bd-8deb188573c1","childs":null,"emcosID":null,"emcosMLID":null,"codMaketTEP":null,"codTEP":null,"WSName":"DB","rangeAddress":"$AZ$396:$AZ$433","headAddress":"$AZ$396","bodyAddress":"$AZ$397:$AZ$433","_name":"основное"},"корректировка факт":{"_level":2,"parentID":"898a13eb-3e85-4bac-949e-ffdcf91faca2","firstParentID":"25c8fc7b-eb09-4902-943e-c5c8992a147b","ID":"fce7e06d-7877-4e2c-82d2-ae63cc04a1af","childs":null,"emcosID":null,"emcosMLID":null,"codMaketTEP":null,"codTEP":null,"WSName":"DB","rangeAddress":"$BA$396:$BA$433","headAddress":"$BA$396","bodyAddress":"$BA$397:$BA$433","_name":"корректировка факт"},"ручное":{"_level":2,"parentID":"898a13eb-3e85-4bac-949e-ffdcf91faca2","firstParentID":"25c8fc7b-eb09-4902-943e-c5c8992a147b","ID":"c788f848-e28f-44df-b0e8-ae0ff5ba996d","childs":null,"emcosID":null,"emcosMLID":null,"codMaketTEP":null,"codTEP":null,"WSName":"DB","rangeAddress":"$BB$396:$BB$433","headAddress":"$BB$396","bodyAddress":"$BB$397:$BB$433","_name":"ручное"}},"emcosID":null,"emcosMLID":null,"codMaketTEP":null,"codTEP":null,"WSName":"DB","rangeAddress":"$AY$395:$BB$433","headAddress":"$AY$395:$BB$395","bodyAddress":"$AY$396:$BB$433","_name":"прием"}},"emcosID":null,"emcosMLID":null,"codMaketTEP":null,"codTEP":null,"WSName":"DB","rangeAddress":"$AY$394:$BB$433","headAddress":"$AY$394:$BB$394","bodyAddress":"$AY$395:$BB$433","_name":"с.н. M Kat Green СЭС Шу 100"}},"codPlan":null,"meterCoef":null,"_name":"с.н. M Kat Green СЭС Шу 100"}