{"ID":"3ae205af-d1b5-4226-a6f3-818f633a860f","childs":{"PS":{"_level":0,"parentID":"3ae205af-d1b5-4226-a6f3-818f633a860f","firstParentID":"3ae205af-d1b5-4226-a6f3-818f633a860f","ID":"7449a1ea-bf5e-451c-b7af-4942a6a86457","childs":{"сальдо":{"_level":1,"parentID":"7449a1ea-bf5e-451c-b7af-4942a6a86457","firstParentID":"3ae205af-d1b5-4226-a6f3-818f633a860f","ID":"97d96bc1-e44e-427a-a666-8334667951ff","childs":{"формула":{"_level":2,"parentID":"97d96bc1-e44e-427a-a666-8334667951ff","firstParentID":"3ae205af-d1b5-4226-a6f3-818f633a860f","ID":"0f50842a-7878-472c-a1a6-7de4921896e4","childs":null,"emcosID":null,"emcosMLID":null,"codMaketTEP":null,"codTEP":null,"WSName":"PS","rangeAddress":"$P$13:$P$49","headAddress":"$P$13","bodyAddress":"$P$14:$P$49","_name":"формула"}},"emcosID":null,"emcosMLID":null,"codMaketTEP":null,"codTEP":null,"WSName":"PS","rangeAddress":"$P$12:$P$49","headAddress":"$P$12","bodyAddress":"$P$13:$P$49","_name":"сальдо"}},"emcosID":null,"emcosMLID":null,"codMaketTEP":null,"codTEP":null,"WSName":"PS","rangeAddress":"$P$11:$P$49","headAddress":"$P$11","bodyAddress":"$P$12:$P$49","_name":"Сальдо АЖК Общее"},"DB":{"_level":0,"parentID":"3ae205af-d1b5-4226-a6f3-818f633a860f","firstParentID":"3ae205af-d1b5-4226-a6f3-818f633a860f","ID":"6646e26f-ee91-4063-a72b-41b5ddd19325","childs":{"сальдо":{"_level":1,"parentID":"6646e26f-ee91-4063-a72b-41b5ddd19325","firstParentID":"3ae205af-d1b5-4226-a6f3-818f633a860f","ID":"ef3b3473-258f-4d3a-9321-799b25173e8e","childs":{"код":{"_level":2,"parentID":"ef3b3473-258f-4d3a-9321-799b25173e8e","firstParentID":"3ae205af-d1b5-4226-a6f3-818f633a860f","ID":"1572ec74-f87d-4dd8-8b23-c3664c7539a1","childs":null,"emcosID":null,"emcosMLID":null,"codMaketTEP":null,"codTEP":null,"WSName":"DB","rangeAddress":"$BV$138:$BV$175","headAddress":"$BV$138","bodyAddress":"$BV$139:$BV$175","_name":"код"},"основное":{"_level":2,"parentID":"ef3b3473-258f-4d3a-9321-799b25173e8e","firstParentID":"3ae205af-d1b5-4226-a6f3-818f633a860f","ID":"2e415747-ff00-458e-8d0d-7f0e6a5a50b3","childs":null,"emcosID":null,"emcosMLID":null,"codMaketTEP":null,"codTEP":null,"WSName":"DB","rangeAddress":"$BW$138:$BW$175","headAddress":"$BW$138","bodyAddress":"$BW$139:$BW$175","_name":"основное"},"корректировка факт":{"_level":2,"parentID":"ef3b3473-258f-4d3a-9321-799b25173e8e","firstParentID":"3ae205af-d1b5-4226-a6f3-818f633a860f","ID":"a4c52ce4-83d3-4f9c-ab54-c6e92dcfd73e","childs":null,"emcosID":null,"emcosMLID":null,"codMaketTEP":null,"codTEP":null,"WSName":"DB","rangeAddress":"$BX$138:$BX$175","headAddress":"$BX$138","bodyAddress":"$BX$139:$BX$175","_name":"корректировка факт"},"ручное":{"_level":2,"parentID":"ef3b3473-258f-4d3a-9321-799b25173e8e","firstParentID":"3ae205af-d1b5-4226-a6f3-818f633a860f","ID":"164d4219-7914-4517-ad9e-da1d299daa16","childs":null,"emcosID":null,"emcosMLID":null,"codMaketTEP":null,"codTEP":null,"WSName":"DB","rangeAddress":"$BY$138:$BY$175","headAddress":"$BY$138","bodyAddress":"$BY$139:$BY$175","_name":"ручное"},"формула":{"_level":2,"parentID":"ef3b3473-258f-4d3a-9321-799b25173e8e","firstParentID":"3ae205af-d1b5-4226-a6f3-818f633a860f","ID":"4c373aee-4ab9-4913-9e35-edd2d7db4f2e","childs":null,"emcosID":null,"emcosMLID":null,"codMaketTEP":null,"codTEP":null,"WSName":"DB","rangeAddress":"$BZ$138:$BZ$175","headAddress":"$BZ$138","bodyAddress":"$BZ$139:$BZ$175","_name":"формула"}},"emcosID":null,"emcosMLID":null,"codMaketTEP":null,"codTEP":null,"WSName":"DB","rangeAddress":"$BV$137:$BZ$175","headAddress":"$BV$137:$BZ$137","bodyAddress":"$BV$138:$BZ$175","_name":"сальдо"}},"emcosID":null,"emcosMLID":null,"codMaketTEP":null,"codTEP":null,"WSName":"DB","rangeAddress":"$BV$136:$BZ$175","headAddress":"$BV$136:$BZ$136","bodyAddress":"$BV$137:$BZ$175","_name":"Сальдо АЖК Общее"}},"codPlan":null,"meterCoef":null,"_name":"Сальдо АЖК Общее"}