{"ID":"44730c45-c6c3-410e-b4c9-90f6c5b66bad","childs":{"PS":{"_level":0,"parentID":"44730c45-c6c3-410e-b4c9-90f6c5b66bad","firstParentID":"44730c45-c6c3-410e-b4c9-90f6c5b66bad","ID":"fbd5da2e-18fd-4e2b-8f32-72625dbfc7b6","childs":{"прием":{"_level":1,"parentID":"fbd5da2e-18fd-4e2b-8f32-72625dbfc7b6","firstParentID":"44730c45-c6c3-410e-b4c9-90f6c5b66bad","ID":"27721bec-3d32-49f1-b055-ce9f63735c5d","childs":{"ручное":{"_level":2,"parentID":"27721bec-3d32-49f1-b055-ce9f63735c5d","firstParentID":"44730c45-c6c3-410e-b4c9-90f6c5b66bad","ID":"720df7a1-77d3-43cf-8017-0f82ea66b266","childs":null,"emcosID":null,"emcosMLID":null,"codMaketTEP":null,"codTEP":null,"WSName":"PS","rangeAddress":"$FY$99:$FY$135","headAddress":"$FY$99","bodyAddress":"$FY$100:$FY$135","_name":"ручное"}},"emcosID":null,"emcosMLID":null,"codMaketTEP":null,"codTEP":null,"WSName":"PS","rangeAddress":"$FY$98:$FY$135","headAddress":"$FY$98","bodyAddress":"$FY$99:$FY$135","_name":"прием"},"отдача":{"_level":1,"parentID":"fbd5da2e-18fd-4e2b-8f32-72625dbfc7b6","firstParentID":"44730c45-c6c3-410e-b4c9-90f6c5b66bad","ID":"834e445c-6b69-4986-ac44-5b5079991b48","childs":{"ручное":{"_level":2,"parentID":"834e445c-6b69-4986-ac44-5b5079991b48","firstParentID":"44730c45-c6c3-410e-b4c9-90f6c5b66bad","ID":"3080434b-8609-4ff5-991d-ee7b1bd20900","childs":null,"emcosID":null,"emcosMLID":null,"codMaketTEP":null,"codTEP":null,"WSName":"PS","rangeAddress":"$FZ$99:$FZ$135","headAddress":"$FZ$99","bodyAddress":"$FZ$100:$FZ$135","_name":"ручное"}},"emcosID":null,"emcosMLID":null,"codMaketTEP":null,"codTEP":null,"WSName":"PS","rangeAddress":"$FZ$98:$FZ$135","headAddress":"$FZ$98","bodyAddress":"$FZ$99:$FZ$135","_name":"отдача"}},"emcosID":null,"emcosMLID":null,"codMaketTEP":null,"codTEP":null,"WSName":"PS","rangeAddress":"$FY$97:$FZ$135","headAddress":"$FY$97:$FZ$97","bodyAddress":"$FY$98:$FZ$135","_name":"ТП1 Мын Арал тяга"},"DB":{"_level":0,"parentID":"44730c45-c6c3-410e-b4c9-90f6c5b66bad","firstParentID":"44730c45-c6c3-410e-b4c9-90f6c5b66bad","ID":"c34d67ed-2053-4daa-8ed0-6939dfe8c997","childs":{"прием":{"_level":1,"parentID":"c34d67ed-2053-4daa-8ed0-6939dfe8c997","firstParentID":"44730c45-c6c3-410e-b4c9-90f6c5b66bad","ID":"90a951c8-3005-44db-b20d-6e5c47f22593","childs":{"код":{"_level":2,"parentID":"90a951c8-3005-44db-b20d-6e5c47f22593","firstParentID":"44730c45-c6c3-410e-b4c9-90f6c5b66bad","ID":"b543ec23-ef73-4e47-8e55-7bf59b2ec799","childs":null,"emcosID":null,"emcosMLID":null,"codMaketTEP":null,"codTEP":null,"WSName":"DB","rangeAddress":"$AI$95:$AI$132","headAddress":"$AI$95","bodyAddress":"$AI$96:$AI$132","_name":"код"},"основное":{"_level":2,"parentID":"90a951c8-3005-44db-b20d-6e5c47f22593","firstParentID":"44730c45-c6c3-410e-b4c9-90f6c5b66bad","ID":"59152068-e71f-426d-8c27-1dbdb74008ec","childs":null,"emcosID":null,"emcosMLID":null,"codMaketTEP":null,"codTEP":null,"WSName":"DB","rangeAddress":"$AJ$95:$AJ$132","headAddress":"$AJ$95","bodyAddress":"$AJ$96:$AJ$132","_name":"основное"},"корректировка факт":{"_level":2,"parentID":"90a951c8-3005-44db-b20d-6e5c47f22593","firstParentID":"44730c45-c6c3-410e-b4c9-90f6c5b66bad","ID":"bfce78e0-d984-4f88-a6f4-227e29d4373d","childs":null,"emcosID":null,"emcosMLID":null,"codMaketTEP":null,"codTEP":null,"WSName":"DB","rangeAddress":"$AK$95:$AK$132","headAddress":"$AK$95","bodyAddress":"$AK$96:$AK$132","_name":"корректировка факт"},"ручное":{"_level":2,"parentID":"90a951c8-3005-44db-b20d-6e5c47f22593","firstParentID":"44730c45-c6c3-410e-b4c9-90f6c5b66bad","ID":"cb8fe6a6-8cba-4009-8756-63437d7aa974","childs":null,"emcosID":null,"emcosMLID":null,"codMaketTEP":null,"codTEP":null,"WSName":"DB","rangeAddress":"$AL$95:$AL$132","headAddress":"$AL$95","bodyAddress":"$AL$96:$AL$132","_name":"ручное"}},"emcosID":null,"emcosMLID":null,"codMaketTEP":null,"codTEP":null,"WSName":"DB","rangeAddress":"$AI$94:$AL$132","headAddress":"$AI$94:$AL$94","bodyAddress":"$AI$95:$AL$132","_name":"прием"},"отдача":{"_level":1,"parentID":"c34d67ed-2053-4daa-8ed0-6939dfe8c997","firstParentID":"44730c45-c6c3-410e-b4c9-90f6c5b66bad","ID":"ef521011-2055-42f5-8d83-28319fefed52","childs":{"код":{"_level":2,"parentID":"ef521011-2055-42f5-8d83-28319fefed52","firstParentID":"44730c45-c6c3-410e-b4c9-90f6c5b66bad","ID":"b6d087ea-b09b-41d1-87d8-f24586337f3a","childs":null,"emcosID":null,"emcosMLID":null,"codMaketTEP":null,"codTEP":null,"WSName":"DB","rangeAddress":"$AM$95:$AM$132","headAddress":"$AM$95","bodyAddress":"$AM$96:$AM$132","_name":"код"},"основное":{"_level":2,"parentID":"ef521011-2055-42f5-8d83-28319fefed52","firstParentID":"44730c45-c6c3-410e-b4c9-90f6c5b66bad","ID":"1a3e79bd-cb4c-4e3c-aef0-649511deda0f","childs":null,"emcosID":null,"emcosMLID":null,"codMaketTEP":null,"codTEP":null,"WSName":"DB","rangeAddress":"$AN$95:$AN$132","headAddress":"$AN$95","bodyAddress":"$AN$96:$AN$132","_name":"основное"},"корректировка факт":{"_level":2,"parentID":"ef521011-2055-42f5-8d83-28319fefed52","firstParentID":"44730c45-c6c3-410e-b4c9-90f6c5b66bad","ID":"54242ade-1028-4f38-a002-01ecfded643d","childs":null,"emcosID":null,"emcosMLID":null,"codMaketTEP":null,"codTEP":null,"WSName":"DB","rangeAddress":"$AO$95:$AO$132","headAddress":"$AO$95","bodyAddress":"$AO$96:$AO$132","_name":"корректировка факт"},"ручное":{"_level":2,"parentID":"ef521011-2055-42f5-8d83-28319fefed52","firstParentID":"44730c45-c6c3-410e-b4c9-90f6c5b66bad","ID":"8d81a9cb-3207-4e14-aadc-174a20bf2b16","childs":null,"emcosID":null,"emcosMLID":null,"codMaketTEP":null,"codTEP":null,"WSName":"DB","rangeAddress":"$AP$95:$AP$132","headAddress":"$AP$95","bodyAddress":"$AP$96:$AP$132","_name":"ручное"}},"emcosID":null,"emcosMLID":null,"codMaketTEP":null,"codTEP":null,"WSName":"DB","rangeAddress":"$AM$94:$AP$132","headAddress":"$AM$94:$AP$94","bodyAddress":"$AM$95:$AP$132","_name":"отдача"}},"emcosID":null,"emcosMLID":null,"codMaketTEP":null,"codTEP":null,"WSName":"DB","rangeAddress":"$AI$93:$AP$132","headAddress":"$AI$93:$AP$93","bodyAddress":"$AI$94:$AP$132","_name":"ТП1 Мын Арал тяга"}},"codPlan":null,"meterCoef":null,"_name":"ТП1 Мын Арал тяга"}