{"ID":"808b76d2-87d2-4db8-a381-8b89aaa7e30f","childs":{"PS":{"_level":0,"parentID":"808b76d2-87d2-4db8-a381-8b89aaa7e30f","firstParentID":"808b76d2-87d2-4db8-a381-8b89aaa7e30f","ID":"d973314e-5955-4981-afed-9cd197d073cc","childs":{"прием":{"_level":1,"parentID":"d973314e-5955-4981-afed-9cd197d073cc","firstParentID":"808b76d2-87d2-4db8-a381-8b89aaa7e30f","ID":"21c51e89-f249-4f13-a25c-46e9cd7588d9","childs":{"ручное":{"_level":2,"parentID":"21c51e89-f249-4f13-a25c-46e9cd7588d9","firstParentID":"808b76d2-87d2-4db8-a381-8b89aaa7e30f","ID":"8ce1d0dc-e196-4d33-adc2-49e4c4fd72f6","childs":null,"emcosID":null,"emcosMLID":null,"codMaketTEP":null,"codTEP":null,"WSName":"PS","rangeAddress":"$FT$99:$FT$135","headAddress":"$FT$99","bodyAddress":"$FT$100:$FT$135","_name":"ручное"}},"emcosID":null,"emcosMLID":null,"codMaketTEP":null,"codTEP":null,"WSName":"PS","rangeAddress":"$FT$98:$FT$135","headAddress":"$FT$98","bodyAddress":"$FT$99:$FT$135","_name":"прием"}},"emcosID":null,"emcosMLID":null,"codMaketTEP":null,"codTEP":null,"WSName":"PS","rangeAddress":"$FT$97:$FT$135","headAddress":"$FT$97","bodyAddress":"$FT$98:$FT$135","_name":"с.н. Строительная 120А"},"DB":{"_level":0,"parentID":"808b76d2-87d2-4db8-a381-8b89aaa7e30f","firstParentID":"808b76d2-87d2-4db8-a381-8b89aaa7e30f","ID":"3cac60df-d0f5-4631-8179-8ca4116d8cf2","childs":{"прием":{"_level":1,"parentID":"3cac60df-d0f5-4631-8179-8ca4116d8cf2","firstParentID":"808b76d2-87d2-4db8-a381-8b89aaa7e30f","ID":"5a4d61d5-55fa-4cf0-be2c-c22b62ffa5aa","childs":{"код":{"_level":2,"parentID":"5a4d61d5-55fa-4cf0-be2c-c22b62ffa5aa","firstParentID":"808b76d2-87d2-4db8-a381-8b89aaa7e30f","ID":"e23d83b6-018e-4a3c-a667-a989b48ba002","childs":null,"emcosID":null,"emcosMLID":null,"codMaketTEP":null,"codTEP":null,"WSName":"DB","rangeAddress":"$X$181:$X$218","headAddress":"$X$181","bodyAddress":"$X$182:$X$218","_name":"код"},"основное":{"_level":2,"parentID":"5a4d61d5-55fa-4cf0-be2c-c22b62ffa5aa","firstParentID":"808b76d2-87d2-4db8-a381-8b89aaa7e30f","ID":"b912e7ca-c2bf-4c14-a581-6e8774016fd7","childs":null,"emcosID":null,"emcosMLID":null,"codMaketTEP":null,"codTEP":null,"WSName":"DB","rangeAddress":"$Y$181:$Y$218","headAddress":"$Y$181","bodyAddress":"$Y$182:$Y$218","_name":"основное"},"корректировка факт":{"_level":2,"parentID":"5a4d61d5-55fa-4cf0-be2c-c22b62ffa5aa","firstParentID":"808b76d2-87d2-4db8-a381-8b89aaa7e30f","ID":"e5e2e52b-4dcf-44c6-8e14-4294d4b14e0c","childs":null,"emcosID":null,"emcosMLID":null,"codMaketTEP":null,"codTEP":null,"WSName":"DB","rangeAddress":"$Z$181:$Z$218","headAddress":"$Z$181","bodyAddress":"$Z$182:$Z$218","_name":"корректировка факт"},"ручное":{"_level":2,"parentID":"5a4d61d5-55fa-4cf0-be2c-c22b62ffa5aa","firstParentID":"808b76d2-87d2-4db8-a381-8b89aaa7e30f","ID":"badee3d0-180c-4b38-8ae3-7617731c5954","childs":null,"emcosID":null,"emcosMLID":null,"codMaketTEP":null,"codTEP":null,"WSName":"DB","rangeAddress":"$AA$181:$AA$218","headAddress":"$AA$181","bodyAddress":"$AA$182:$AA$218","_name":"ручное"}},"emcosID":null,"emcosMLID":null,"codMaketTEP":null,"codTEP":null,"WSName":"DB","rangeAddress":"$X$180:$AA$218","headAddress":"$X$180:$AA$180","bodyAddress":"$X$181:$AA$218","_name":"прием"}},"emcosID":null,"emcosMLID":null,"codMaketTEP":null,"codTEP":null,"WSName":"DB","rangeAddress":"$X$179:$AA$218","headAddress":"$X$179:$AA$179","bodyAddress":"$X$180:$AA$218","_name":"с.н. Строительная 120А"}},"codPlan":null,"meterCoef":null,"_name":"с.н. Строительная 120А"}