{"ID":"af673ab4-ab4f-48f1-9ed0-1139db4cae16","childs":{"PS":{"_level":0,"parentID":"af673ab4-ab4f-48f1-9ed0-1139db4cae16","firstParentID":"af673ab4-ab4f-48f1-9ed0-1139db4cae16","ID":"d74788b4-384d-46d4-a52c-bb183bc95f59","childs":{"прием":{"_level":1,"parentID":"d74788b4-384d-46d4-a52c-bb183bc95f59","firstParentID":"af673ab4-ab4f-48f1-9ed0-1139db4cae16","ID":"80f66002-7374-4b39-a358-6552cfdc32c8","childs":{"по счетчику":{"_level":2,"parentID":"80f66002-7374-4b39-a358-6552cfdc32c8","firstParentID":"af673ab4-ab4f-48f1-9ed0-1139db4cae16","ID":"99fa9ac1-8f40-41e4-8107-0ca3f40e7646","childs":null,"emcosID":null,"emcosMLID":null,"codMaketTEP":null,"codTEP":null,"WSName":"PS","rangeAddress":"$O$56:$O$92","headAddress":"$O$56","bodyAddress":"$O$57:$O$92","_name":"по счетчику"}},"emcosID":null,"emcosMLID":null,"codMaketTEP":null,"codTEP":null,"WSName":"PS","rangeAddress":"$O$55:$O$92","headAddress":"$O$55","bodyAddress":"$O$56:$O$92","_name":"прием"},"отдача":{"_level":1,"parentID":"d74788b4-384d-46d4-a52c-bb183bc95f59","firstParentID":"af673ab4-ab4f-48f1-9ed0-1139db4cae16","ID":"e59622e8-bb89-4bb8-83e7-42c6e82a45f3","childs":{"по счетчику":{"_level":2,"parentID":"e59622e8-bb89-4bb8-83e7-42c6e82a45f3","firstParentID":"af673ab4-ab4f-48f1-9ed0-1139db4cae16","ID":"16f40ea8-8a08-4595-a3b5-fed3116dfd6e","childs":null,"emcosID":null,"emcosMLID":null,"codMaketTEP":null,"codTEP":null,"WSName":"PS","rangeAddress":"$P$56:$P$92","headAddress":"$P$56","bodyAddress":"$P$57:$P$92","_name":"по счетчику"}},"emcosID":null,"emcosMLID":null,"codMaketTEP":null,"codTEP":null,"WSName":"PS","rangeAddress":"$P$55:$P$92","headAddress":"$P$55","bodyAddress":"$P$56:$P$92","_name":"отдача"}},"emcosID":null,"emcosMLID":null,"codMaketTEP":null,"codTEP":null,"WSName":"PS","rangeAddress":"$O$54:$P$92","headAddress":"$O$54:$P$54","bodyAddress":"$O$55:$P$92","_name":"Л5363 ЮКГРЭС"},"DB":{"_level":0,"parentID":"af673ab4-ab4f-48f1-9ed0-1139db4cae16","firstParentID":"af673ab4-ab4f-48f1-9ed0-1139db4cae16","ID":"a03a8f63-2fa7-418e-ab55-d7bf35756483","childs":{"прием":{"_level":1,"parentID":"a03a8f63-2fa7-418e-ab55-d7bf35756483","firstParentID":"af673ab4-ab4f-48f1-9ed0-1139db4cae16","ID":"77e4548b-84c2-4d8f-bc5d-3025690776be","childs":{"код":{"_level":2,"parentID":"77e4548b-84c2-4d8f-bc5d-3025690776be","firstParentID":"af673ab4-ab4f-48f1-9ed0-1139db4cae16","ID":"310863ba-b487-46d1-82a3-691d15690aba","childs":null,"emcosID":null,"emcosMLID":null,"codMaketTEP":null,"codTEP":null,"WSName":"DB","rangeAddress":"$NB$9:$NB$46","headAddress":"$NB$9","bodyAddress":"$NB$10:$NB$46","_name":"код"},"основное":{"_level":2,"parentID":"77e4548b-84c2-4d8f-bc5d-3025690776be","firstParentID":"af673ab4-ab4f-48f1-9ed0-1139db4cae16","ID":"3b0e91fa-ced4-456c-a1e5-036935a4d505","childs":null,"emcosID":null,"emcosMLID":null,"codMaketTEP":null,"codTEP":null,"WSName":"DB","rangeAddress":"$NC$9:$NC$46","headAddress":"$NC$9","bodyAddress":"$NC$10:$NC$46","_name":"основное"},"корректировка факт":{"_level":2,"parentID":"77e4548b-84c2-4d8f-bc5d-3025690776be","firstParentID":"af673ab4-ab4f-48f1-9ed0-1139db4cae16","ID":"5348eb1d-dd2f-4f1d-bc79-a86d6d467222","childs":null,"emcosID":null,"emcosMLID":null,"codMaketTEP":null,"codTEP":null,"WSName":"DB","rangeAddress":"$ND$9:$ND$46","headAddress":"$ND$9","bodyAddress":"$ND$10:$ND$46","_name":"корректировка факт"},"ручное":{"_level":2,"parentID":"77e4548b-84c2-4d8f-bc5d-3025690776be","firstParentID":"af673ab4-ab4f-48f1-9ed0-1139db4cae16","ID":"91a6820c-4d6a-48be-b703-743cba4c40df","childs":null,"emcosID":null,"emcosMLID":null,"codMaketTEP":null,"codTEP":null,"WSName":"DB","rangeAddress":"$NE$9:$NE$46","headAddress":"$NE$9","bodyAddress":"$NE$10:$NE$46","_name":"ручное"},"счетчик":{"_level":2,"parentID":"77e4548b-84c2-4d8f-bc5d-3025690776be","firstParentID":"af673ab4-ab4f-48f1-9ed0-1139db4cae16","ID":"48ce0363-4f60-4a56-aef7-df5ba38dcce3","childs":null,"emcosID":null,"emcosMLID":null,"codMaketTEP":null,"codTEP":null,"WSName":"DB","rangeAddress":"$NF$9:$NF$46","headAddress":"$NF$9","bodyAddress":"$NF$10:$NF$46","_name":"счетчик"},"по счетчику":{"_level":2,"parentID":"77e4548b-84c2-4d8f-bc5d-3025690776be","firstParentID":"af673ab4-ab4f-48f1-9ed0-1139db4cae16","ID":"0282d6e1-3292-4c94-9d9a-d579213fa450","childs":null,"emcosID":null,"emcosMLID":null,"codMaketTEP":null,"codTEP":null,"WSName":"DB","rangeAddress":"$NG$9:$NG$46","headAddress":"$NG$9","bodyAddress":"$NG$10:$NG$46","_name":"по счетчику"}},"emcosID":null,"emcosMLID":null,"codMaketTEP":null,"codTEP":null,"WSName":"DB","rangeAddress":"$NB$8:$NG$46","headAddress":"$NB$8:$NG$8","bodyAddress":"$NB$9:$NG$46","_name":"прием"},"отдача":{"_level":1,"parentID":"a03a8f63-2fa7-418e-ab55-d7bf35756483","firstParentID":"af673ab4-ab4f-48f1-9ed0-1139db4cae16","ID":"eabc4fd7-b7b2-4c44-a35c-e7ad4141b0e8","childs":{"код":{"_level":2,"parentID":"eabc4fd7-b7b2-4c44-a35c-e7ad4141b0e8","firstParentID":"af673ab4-ab4f-48f1-9ed0-1139db4cae16","ID":"212cfcf1-d36a-4084-86b9-a28674d46f54","childs":null,"emcosID":null,"emcosMLID":null,"codMaketTEP":null,"codTEP":null,"WSName":"DB","rangeAddress":"$NH$9:$NH$46","headAddress":"$NH$9","bodyAddress":"$NH$10:$NH$46","_name":"код"},"основное":{"_level":2,"parentID":"eabc4fd7-b7b2-4c44-a35c-e7ad4141b0e8","firstParentID":"af673ab4-ab4f-48f1-9ed0-1139db4cae16","ID":"f859db34-2ed0-4020-8411-d67973d2ee24","childs":null,"emcosID":null,"emcosMLID":null,"codMaketTEP":null,"codTEP":null,"WSName":"DB","rangeAddress":"$NI$9:$NI$46","headAddress":"$NI$9","bodyAddress":"$NI$10:$NI$46","_name":"основное"},"корректировка факт":{"_level":2,"parentID":"eabc4fd7-b7b2-4c44-a35c-e7ad4141b0e8","firstParentID":"af673ab4-ab4f-48f1-9ed0-1139db4cae16","ID":"1692fa8f-2f55-4a15-a195-54eff73d607d","childs":null,"emcosID":null,"emcosMLID":null,"codMaketTEP":null,"codTEP":null,"WSName":"DB","rangeAddress":"$NJ$9:$NJ$46","headAddress":"$NJ$9","bodyAddress":"$NJ$10:$NJ$46","_name":"корректировка факт"},"ручное":{"_level":2,"parentID":"eabc4fd7-b7b2-4c44-a35c-e7ad4141b0e8","firstParentID":"af673ab4-ab4f-48f1-9ed0-1139db4cae16","ID":"1cb2b919-7c9a-4078-8b86-883cf1745929","childs":null,"emcosID":null,"emcosMLID":null,"codMaketTEP":null,"codTEP":null,"WSName":"DB","rangeAddress":"$NK$9:$NK$46","headAddress":"$NK$9","bodyAddress":"$NK$10:$NK$46","_name":"ручное"},"счетчик":{"_level":2,"parentID":"eabc4fd7-b7b2-4c44-a35c-e7ad4141b0e8","firstParentID":"af673ab4-ab4f-48f1-9ed0-1139db4cae16","ID":"c72284d2-a804-4f69-8d81-20be8d3ff442","childs":null,"emcosID":null,"emcosMLID":null,"codMaketTEP":null,"codTEP":null,"WSName":"DB","rangeAddress":"$NL$9:$NL$46","headAddress":"$NL$9","bodyAddress":"$NL$10:$NL$46","_name":"счетчик"},"по счетчику":{"_level":2,"parentID":"eabc4fd7-b7b2-4c44-a35c-e7ad4141b0e8","firstParentID":"af673ab4-ab4f-48f1-9ed0-1139db4cae16","ID":"5590ea5f-0d4c-4b25-affa-1b318cae35f9","childs":null,"emcosID":null,"emcosMLID":null,"codMaketTEP":null,"codTEP":null,"WSName":"DB","rangeAddress":"$NM$9:$NM$46","headAddress":"$NM$9","bodyAddress":"$NM$10:$NM$46","_name":"по счетчику"}},"emcosID":null,"emcosMLID":null,"codMaketTEP":null,"codTEP":null,"WSName":"DB","rangeAddress":"$NH$8:$NM$46","headAddress":"$NH$8:$NM$8","bodyAddress":"$NH$9:$NM$46","_name":"отдача"}},"emcosID":null,"emcosMLID":null,"codMaketTEP":null,"codTEP":null,"WSName":"DB","rangeAddress":"$NB$7:$NM$46","headAddress":"$NB$7:$NM$7","bodyAddress":"$NB$8:$NM$46","_name":"Л5363 ЮКГРЭС"}},"codPlan":null,"meterCoef":null,"_name":"Л5363 ЮКГРЭС"}