{"ID":"b3844add-67f1-44d4-a3cc-42f2876a11df","childs":{"PS":{"_level":0,"parentID":"b3844add-67f1-44d4-a3cc-42f2876a11df","firstParentID":"b3844add-67f1-44d4-a3cc-42f2876a11df","ID":"a39db641-6c2e-491f-a468-702f41f9f725","childs":{"прием":{"_level":1,"parentID":"a39db641-6c2e-491f-a468-702f41f9f725","firstParentID":"b3844add-67f1-44d4-a3cc-42f2876a11df","ID":"87ab65cc-963a-4bb3-8252-0f0d416c0793","childs":{"ручное":{"_level":2,"parentID":"87ab65cc-963a-4bb3-8252-0f0d416c0793","firstParentID":"b3844add-67f1-44d4-a3cc-42f2876a11df","ID":"d05f1f33-6a4b-46fe-8a7a-2f1bdf41b424","childs":null,"emcosID":null,"emcosMLID":null,"codMaketTEP":null,"codTEP":null,"WSName":"PS","rangeAddress":"$G$228:$G$264","headAddress":"$G$228","bodyAddress":"$G$229:$G$264","_name":"ручное"}},"emcosID":null,"emcosMLID":null,"codMaketTEP":null,"codTEP":null,"WSName":"PS","rangeAddress":"$G$227:$G$264","headAddress":"$G$227","bodyAddress":"$G$228:$G$264","_name":"прием"}},"emcosID":null,"emcosMLID":null,"codMaketTEP":null,"codTEP":null,"WSName":"PS","rangeAddress":"$G$226:$G$264","headAddress":"$G$226","bodyAddress":"$G$227:$G$264","_name":"Потребление Жетысу Энерго Трейд ЖЭТ"},"DB":{"_level":0,"parentID":"b3844add-67f1-44d4-a3cc-42f2876a11df","firstParentID":"b3844add-67f1-44d4-a3cc-42f2876a11df","ID":"ed6b95cb-ca40-4fd3-ba4b-de4358998f3b","childs":{"прием":{"_level":1,"parentID":"ed6b95cb-ca40-4fd3-ba4b-de4358998f3b","firstParentID":"b3844add-67f1-44d4-a3cc-42f2876a11df","ID":"7842b212-8199-4e7d-ad83-0a1e9aa8ddb1","childs":{"код":{"_level":2,"parentID":"7842b212-8199-4e7d-ad83-0a1e9aa8ddb1","firstParentID":"b3844add-67f1-44d4-a3cc-42f2876a11df","ID":"1cb4a92f-bcc4-4300-9d5e-0819d5e30190","childs":null,"emcosID":null,"emcosMLID":null,"codMaketTEP":null,"codTEP":null,"WSName":"DB","rangeAddress":"$DH$396:$DH$433","headAddress":"$DH$396","bodyAddress":"$DH$397:$DH$433","_name":"код"},"основное":{"_level":2,"parentID":"7842b212-8199-4e7d-ad83-0a1e9aa8ddb1","firstParentID":"b3844add-67f1-44d4-a3cc-42f2876a11df","ID":"845ee718-d0bf-45e3-8175-be23b3d5e003","childs":null,"emcosID":null,"emcosMLID":null,"codMaketTEP":null,"codTEP":null,"WSName":"DB","rangeAddress":"$DI$396:$DI$433","headAddress":"$DI$396","bodyAddress":"$DI$397:$DI$433","_name":"основное"},"корректировка факт":{"_level":2,"parentID":"7842b212-8199-4e7d-ad83-0a1e9aa8ddb1","firstParentID":"b3844add-67f1-44d4-a3cc-42f2876a11df","ID":"60477cd5-6ee8-44b1-8489-a3efc085d176","childs":null,"emcosID":null,"emcosMLID":null,"codMaketTEP":null,"codTEP":null,"WSName":"DB","rangeAddress":"$DJ$396:$DJ$433","headAddress":"$DJ$396","bodyAddress":"$DJ$397:$DJ$433","_name":"корректировка факт"},"ручное":{"_level":2,"parentID":"7842b212-8199-4e7d-ad83-0a1e9aa8ddb1","firstParentID":"b3844add-67f1-44d4-a3cc-42f2876a11df","ID":"b310bcc2-9eb8-4a48-91b8-390f416dc02e","childs":null,"emcosID":null,"emcosMLID":null,"codMaketTEP":null,"codTEP":null,"WSName":"DB","rangeAddress":"$DK$396:$DK$433","headAddress":"$DK$396","bodyAddress":"$DK$397:$DK$433","_name":"ручное"},"оперативное":{"_level":2,"parentID":"7842b212-8199-4e7d-ad83-0a1e9aa8ddb1","firstParentID":"b3844add-67f1-44d4-a3cc-42f2876a11df","ID":"2befb6dc-525f-424c-a5f2-e95ad931507c","childs":null,"emcosID":null,"emcosMLID":null,"codMaketTEP":null,"codTEP":null,"WSName":"DB","rangeAddress":"$DL$396:$DL$433","headAddress":"$DL$396","bodyAddress":"$DL$397:$DL$433","_name":"оперативное"}},"emcosID":null,"emcosMLID":null,"codMaketTEP":null,"codTEP":null,"WSName":"DB","rangeAddress":"$DH$395:$DL$433","headAddress":"$DH$395:$DL$395","bodyAddress":"$DH$396:$DL$433","_name":"прием"}},"emcosID":null,"emcosMLID":null,"codMaketTEP":null,"codTEP":null,"WSName":"DB","rangeAddress":"$DH$394:$DL$433","headAddress":"$DH$394:$DL$394","bodyAddress":"$DH$395:$DL$433","_name":"Потребление Жетысу Энерго Трейд ЖЭТ"}},"codPlan":null,"meterCoef":null,"_name":"Потребление Жетысу Энерго Трейд ЖЭТ"}