{"ID":"c46f7819-f7a3-4eae-b006-d498a908293e","childs":{"PS":{"_level":0,"parentID":"c46f7819-f7a3-4eae-b006-d498a908293e","firstParentID":"c46f7819-f7a3-4eae-b006-d498a908293e","ID":"d0b279c9-e80d-407c-a1f6-6c96ebeb8a2f","childs":{"прием":{"_level":1,"parentID":"d0b279c9-e80d-407c-a1f6-6c96ebeb8a2f","firstParentID":"c46f7819-f7a3-4eae-b006-d498a908293e","ID":"12938eb6-e53c-417d-a945-95a6f8821d23","childs":{"ручное":{"_level":2,"parentID":"12938eb6-e53c-417d-a945-95a6f8821d23","firstParentID":"c46f7819-f7a3-4eae-b006-d498a908293e","ID":"0840ffd3-f2b1-4cd3-a84b-de2ae0a922a8","childs":null,"emcosID":null,"emcosMLID":null,"codMaketTEP":null,"codTEP":null,"WSName":"PS","rangeAddress":"$BG$99:$BG$135","headAddress":"$BG$99","bodyAddress":"$BG$100:$BG$135","_name":"ручное"}},"emcosID":null,"emcosMLID":null,"codMaketTEP":null,"codTEP":null,"WSName":"PS","rangeAddress":"$BG$98:$BG$135","headAddress":"$BG$98","bodyAddress":"$BG$99:$BG$135","_name":"прием"},"отдача":{"_level":1,"parentID":"d0b279c9-e80d-407c-a1f6-6c96ebeb8a2f","firstParentID":"c46f7819-f7a3-4eae-b006-d498a908293e","ID":"b939c710-4335-4304-874d-aa093ff19df2","childs":{"ручное":{"_level":2,"parentID":"b939c710-4335-4304-874d-aa093ff19df2","firstParentID":"c46f7819-f7a3-4eae-b006-d498a908293e","ID":"ce821627-585c-463a-8b1e-beafa23f3a42","childs":null,"emcosID":null,"emcosMLID":null,"codMaketTEP":null,"codTEP":null,"WSName":"PS","rangeAddress":"$BH$99:$BH$135","headAddress":"$BH$99","bodyAddress":"$BH$100:$BH$135","_name":"ручное"}},"emcosID":null,"emcosMLID":null,"codMaketTEP":null,"codTEP":null,"WSName":"PS","rangeAddress":"$BH$98:$BH$135","headAddress":"$BH$98","bodyAddress":"$BH$99:$BH$135","_name":"отдача"}},"emcosID":null,"emcosMLID":null,"codMaketTEP":null,"codTEP":null,"WSName":"PS","rangeAddress":"$BG$97:$BH$135","headAddress":"$BG$97:$BH$97","bodyAddress":"$BG$98:$BH$135","_name":"Л159Т ПС152 Талдыкорган"},"DB":{"_level":0,"parentID":"c46f7819-f7a3-4eae-b006-d498a908293e","firstParentID":"c46f7819-f7a3-4eae-b006-d498a908293e","ID":"b839c3db-2090-43fe-b204-33f5bbc5bb2b","childs":{"прием":{"_level":1,"parentID":"b839c3db-2090-43fe-b204-33f5bbc5bb2b","firstParentID":"c46f7819-f7a3-4eae-b006-d498a908293e","ID":"d7e17774-cb37-4875-ba1d-6974f07efcae","childs":{"код":{"_level":2,"parentID":"d7e17774-cb37-4875-ba1d-6974f07efcae","firstParentID":"c46f7819-f7a3-4eae-b006-d498a908293e","ID":"8c8a1cbe-938d-4232-8c43-aa1bcff6b9c9","childs":null,"emcosID":null,"emcosMLID":null,"codMaketTEP":null,"codTEP":null,"WSName":"DB","rangeAddress":"$ED$224:$ED$261","headAddress":"$ED$224","bodyAddress":"$ED$225:$ED$261","_name":"код"},"основное":{"_level":2,"parentID":"d7e17774-cb37-4875-ba1d-6974f07efcae","firstParentID":"c46f7819-f7a3-4eae-b006-d498a908293e","ID":"4a476847-181e-4daf-99f0-2be4256c6077","childs":null,"emcosID":null,"emcosMLID":null,"codMaketTEP":null,"codTEP":null,"WSName":"DB","rangeAddress":"$EE$224:$EE$261","headAddress":"$EE$224","bodyAddress":"$EE$225:$EE$261","_name":"основное"},"корректировка факт":{"_level":2,"parentID":"d7e17774-cb37-4875-ba1d-6974f07efcae","firstParentID":"c46f7819-f7a3-4eae-b006-d498a908293e","ID":"9ff1daa7-1f5e-4a4b-8fa4-98a7081e4f3e","childs":null,"emcosID":null,"emcosMLID":null,"codMaketTEP":null,"codTEP":null,"WSName":"DB","rangeAddress":"$EF$224:$EF$261","headAddress":"$EF$224","bodyAddress":"$EF$225:$EF$261","_name":"корректировка факт"},"ручное":{"_level":2,"parentID":"d7e17774-cb37-4875-ba1d-6974f07efcae","firstParentID":"c46f7819-f7a3-4eae-b006-d498a908293e","ID":"8f2769f9-10bb-49be-9e53-ff79bebacca3","childs":null,"emcosID":null,"emcosMLID":null,"codMaketTEP":null,"codTEP":null,"WSName":"DB","rangeAddress":"$EG$224:$EG$261","headAddress":"$EG$224","bodyAddress":"$EG$225:$EG$261","_name":"ручное"}},"emcosID":null,"emcosMLID":null,"codMaketTEP":null,"codTEP":null,"WSName":"DB","rangeAddress":"$ED$223:$EG$261","headAddress":"$ED$223:$EG$223","bodyAddress":"$ED$224:$EG$261","_name":"прием"},"отдача":{"_level":1,"parentID":"b839c3db-2090-43fe-b204-33f5bbc5bb2b","firstParentID":"c46f7819-f7a3-4eae-b006-d498a908293e","ID":"dd512479-76a1-416d-8f31-d0a85dd3a580","childs":{"код":{"_level":2,"parentID":"dd512479-76a1-416d-8f31-d0a85dd3a580","firstParentID":"c46f7819-f7a3-4eae-b006-d498a908293e","ID":"0c2d3ee0-5174-4acb-b1f8-fd9e117d4769","childs":null,"emcosID":null,"emcosMLID":null,"codMaketTEP":null,"codTEP":null,"WSName":"DB","rangeAddress":"$EH$224:$EH$261","headAddress":"$EH$224","bodyAddress":"$EH$225:$EH$261","_name":"код"},"основное":{"_level":2,"parentID":"dd512479-76a1-416d-8f31-d0a85dd3a580","firstParentID":"c46f7819-f7a3-4eae-b006-d498a908293e","ID":"d0888ed6-6df7-4e6f-a9e7-9f373db0e11b","childs":null,"emcosID":null,"emcosMLID":null,"codMaketTEP":null,"codTEP":null,"WSName":"DB","rangeAddress":"$EI$224:$EI$261","headAddress":"$EI$224","bodyAddress":"$EI$225:$EI$261","_name":"основное"},"корректировка факт":{"_level":2,"parentID":"dd512479-76a1-416d-8f31-d0a85dd3a580","firstParentID":"c46f7819-f7a3-4eae-b006-d498a908293e","ID":"52a3343a-cdce-41f5-93b8-96710b0c2701","childs":null,"emcosID":null,"emcosMLID":null,"codMaketTEP":null,"codTEP":null,"WSName":"DB","rangeAddress":"$EJ$224:$EJ$261","headAddress":"$EJ$224","bodyAddress":"$EJ$225:$EJ$261","_name":"корректировка факт"},"ручное":{"_level":2,"parentID":"dd512479-76a1-416d-8f31-d0a85dd3a580","firstParentID":"c46f7819-f7a3-4eae-b006-d498a908293e","ID":"62fc3003-1c8f-4efa-9dfb-9ead3ffacc52","childs":null,"emcosID":null,"emcosMLID":null,"codMaketTEP":null,"codTEP":null,"WSName":"DB","rangeAddress":"$EK$224:$EK$261","headAddress":"$EK$224","bodyAddress":"$EK$225:$EK$261","_name":"ручное"}},"emcosID":null,"emcosMLID":null,"codMaketTEP":null,"codTEP":null,"WSName":"DB","rangeAddress":"$EH$223:$EK$261","headAddress":"$EH$223:$EK$223","bodyAddress":"$EH$224:$EK$261","_name":"отдача"}},"emcosID":null,"emcosMLID":null,"codMaketTEP":null,"codTEP":null,"WSName":"DB","rangeAddress":"$ED$222:$EK$261","headAddress":"$ED$222:$EK$222","bodyAddress":"$ED$223:$EK$261","_name":"Л159Т ПС152 Талдыкорган"}},"codPlan":null,"meterCoef":null,"_name":"Л159Т ПС152 Талдыкорган"}