{"ID":"e85e574d-55b8-4e8b-b9aa-1ec6ec477ed8","childs":{"PS":{"_level":0,"parentID":"e85e574d-55b8-4e8b-b9aa-1ec6ec477ed8","firstParentID":"e85e574d-55b8-4e8b-b9aa-1ec6ec477ed8","ID":"e15eef98-d9e8-451d-9712-0193c1b5196d","childs":{"прием":{"_level":1,"parentID":"e15eef98-d9e8-451d-9712-0193c1b5196d","firstParentID":"e85e574d-55b8-4e8b-b9aa-1ec6ec477ed8","ID":"a2e174a0-e7fa-4084-8e23-b0f763bc68b3","childs":{"формула":{"_level":2,"parentID":"a2e174a0-e7fa-4084-8e23-b0f763bc68b3","firstParentID":"e85e574d-55b8-4e8b-b9aa-1ec6ec477ed8","ID":"18467719-7fe7-476c-9316-8303107a9fbd","childs":null,"emcosID":null,"emcosMLID":null,"codMaketTEP":null,"codTEP":null,"WSName":"PS","rangeAddress":"$E$185:$E$221","headAddress":"$E$185","bodyAddress":"$E$186:$E$221","_name":"формула"}},"emcosID":null,"emcosMLID":null,"codMaketTEP":null,"codTEP":null,"WSName":"PS","rangeAddress":"$E$184:$E$221","headAddress":"$E$184","bodyAddress":"$E$185:$E$221","_name":"прием"}},"emcosID":null,"emcosMLID":null,"codMaketTEP":null,"codTEP":null,"WSName":"PS","rangeAddress":"$E$183:$E$221","headAddress":"$E$183","bodyAddress":"$E$184:$E$221","_name":"Потребление АЖД"},"DB":{"_level":0,"parentID":"e85e574d-55b8-4e8b-b9aa-1ec6ec477ed8","firstParentID":"e85e574d-55b8-4e8b-b9aa-1ec6ec477ed8","ID":"c1d02bcb-8cc9-40a7-abd2-d5fd24a9caa4","childs":{"прием":{"_level":1,"parentID":"c1d02bcb-8cc9-40a7-abd2-d5fd24a9caa4","firstParentID":"e85e574d-55b8-4e8b-b9aa-1ec6ec477ed8","ID":"f2677a21-fb51-4c19-86b5-bd40d5b3a1eb","childs":{"код":{"_level":2,"parentID":"f2677a21-fb51-4c19-86b5-bd40d5b3a1eb","firstParentID":"e85e574d-55b8-4e8b-b9aa-1ec6ec477ed8","ID":"f692aa6b-8939-483a-9ad0-645df93bf78b","childs":null,"emcosID":null,"emcosMLID":null,"codMaketTEP":null,"codTEP":null,"WSName":"DB","rangeAddress":"$AF$138:$AF$175","headAddress":"$AF$138","bodyAddress":"$AF$139:$AF$175","_name":"код"},"основное":{"_level":2,"parentID":"f2677a21-fb51-4c19-86b5-bd40d5b3a1eb","firstParentID":"e85e574d-55b8-4e8b-b9aa-1ec6ec477ed8","ID":"ac05c5f9-dcd9-4fc7-ac2e-7d1c3df84e53","childs":null,"emcosID":null,"emcosMLID":null,"codMaketTEP":null,"codTEP":null,"WSName":"DB","rangeAddress":"$AG$138:$AG$175","headAddress":"$AG$138","bodyAddress":"$AG$139:$AG$175","_name":"основное"},"корректировка факт":{"_level":2,"parentID":"f2677a21-fb51-4c19-86b5-bd40d5b3a1eb","firstParentID":"e85e574d-55b8-4e8b-b9aa-1ec6ec477ed8","ID":"abc23215-2b21-42f2-8762-10c46f29cdad","childs":null,"emcosID":null,"emcosMLID":null,"codMaketTEP":null,"codTEP":null,"WSName":"DB","rangeAddress":"$AH$138:$AH$175","headAddress":"$AH$138","bodyAddress":"$AH$139:$AH$175","_name":"корректировка факт"},"ручное":{"_level":2,"parentID":"f2677a21-fb51-4c19-86b5-bd40d5b3a1eb","firstParentID":"e85e574d-55b8-4e8b-b9aa-1ec6ec477ed8","ID":"ad56007c-141d-4a14-adef-77b80dbee74a","childs":null,"emcosID":null,"emcosMLID":null,"codMaketTEP":null,"codTEP":null,"WSName":"DB","rangeAddress":"$AI$138:$AI$175","headAddress":"$AI$138","bodyAddress":"$AI$139:$AI$175","_name":"ручное"},"формула":{"_level":2,"parentID":"f2677a21-fb51-4c19-86b5-bd40d5b3a1eb","firstParentID":"e85e574d-55b8-4e8b-b9aa-1ec6ec477ed8","ID":"68030592-a7b0-4178-b3ed-e6ed3eaaaec0","childs":null,"emcosID":null,"emcosMLID":null,"codMaketTEP":null,"codTEP":null,"WSName":"DB","rangeAddress":"$AJ$138:$AJ$175","headAddress":"$AJ$138","bodyAddress":"$AJ$139:$AJ$175","_name":"формула"}},"emcosID":null,"emcosMLID":null,"codMaketTEP":null,"codTEP":null,"WSName":"DB","rangeAddress":"$AF$137:$AJ$175","headAddress":"$AF$137:$AJ$137","bodyAddress":"$AF$138:$AJ$175","_name":"прием"}},"emcosID":null,"emcosMLID":null,"codMaketTEP":null,"codTEP":null,"WSName":"DB","rangeAddress":"$AF$136:$AJ$175","headAddress":"$AF$136:$AJ$136","bodyAddress":"$AF$137:$AJ$175","_name":"Потребление АЖД"}},"codPlan":null,"meterCoef":null,"_name":"Потребление АЖД"}