{"ID":"e8c66e53-f93f-4c89-a66b-f0ccff38fc71","childs":{"PS":{"_level":0,"parentID":"e8c66e53-f93f-4c89-a66b-f0ccff38fc71","firstParentID":"e8c66e53-f93f-4c89-a66b-f0ccff38fc71","ID":"57fb5522-e6b8-4c39-aba3-eaf6270da6e7","childs":{"отдача":{"_level":1,"parentID":"57fb5522-e6b8-4c39-aba3-eaf6270da6e7","firstParentID":"e8c66e53-f93f-4c89-a66b-f0ccff38fc71","ID":"0212f722-4fba-439d-89a8-80060062b8f1","childs":{"оперативное":{"_level":2,"parentID":"0212f722-4fba-439d-89a8-80060062b8f1","firstParentID":"e8c66e53-f93f-4c89-a66b-f0ccff38fc71","ID":"8f17d391-1385-4aa1-bafe-cf401f96c52b","childs":null,"emcosID":null,"emcosMLID":null,"codMaketTEP":null,"codTEP":null,"WSName":"PS","rangeAddress":"$U$185:$U$221","headAddress":"$U$185","bodyAddress":"$U$186:$U$221","_name":"оперативное"}},"emcosID":null,"emcosMLID":null,"codMaketTEP":null,"codTEP":null,"WSName":"PS","rangeAddress":"$U$184:$U$221","headAddress":"$U$184","bodyAddress":"$U$185:$U$221","_name":"отдача"}},"emcosID":null,"emcosMLID":null,"codMaketTEP":null,"codTEP":null,"WSName":"PS","rangeAddress":"$U$183:$U$221","headAddress":"$U$183","bodyAddress":"$U$184:$U$221","_name":"Капчагайская ГЭС АлЭС"},"DB":{"_level":0,"parentID":"e8c66e53-f93f-4c89-a66b-f0ccff38fc71","firstParentID":"e8c66e53-f93f-4c89-a66b-f0ccff38fc71","ID":"d29b3733-e0ba-4c1f-8071-fb82173e19d8","childs":{"отдача":{"_level":1,"parentID":"d29b3733-e0ba-4c1f-8071-fb82173e19d8","firstParentID":"e8c66e53-f93f-4c89-a66b-f0ccff38fc71","ID":"0259a707-8946-4e89-9cdd-3be1cc076d6b","childs":{"код":{"_level":2,"parentID":"0259a707-8946-4e89-9cdd-3be1cc076d6b","firstParentID":"e8c66e53-f93f-4c89-a66b-f0ccff38fc71","ID":"57b32e37-be15-43af-96c7-d73bd036356e","childs":null,"emcosID":null,"emcosMLID":null,"codMaketTEP":null,"codTEP":null,"WSName":"DB","rangeAddress":"$FT$181:$FT$218","headAddress":"$FT$181","bodyAddress":"$FT$182:$FT$218","_name":"код"},"основное":{"_level":2,"parentID":"0259a707-8946-4e89-9cdd-3be1cc076d6b","firstParentID":"e8c66e53-f93f-4c89-a66b-f0ccff38fc71","ID":"9f714010-bc82-4d35-8a52-2295b53bef45","childs":null,"emcosID":null,"emcosMLID":null,"codMaketTEP":null,"codTEP":null,"WSName":"DB","rangeAddress":"$FU$181:$FU$218","headAddress":"$FU$181","bodyAddress":"$FU$182:$FU$218","_name":"основное"},"корректировка факт":{"_level":2,"parentID":"0259a707-8946-4e89-9cdd-3be1cc076d6b","firstParentID":"e8c66e53-f93f-4c89-a66b-f0ccff38fc71","ID":"8ac1aa76-12ca-48d5-ab94-da33e9b49012","childs":null,"emcosID":null,"emcosMLID":null,"codMaketTEP":null,"codTEP":null,"WSName":"DB","rangeAddress":"$FV$181:$FV$218","headAddress":"$FV$181","bodyAddress":"$FV$182:$FV$218","_name":"корректировка факт"},"ручное":{"_level":2,"parentID":"0259a707-8946-4e89-9cdd-3be1cc076d6b","firstParentID":"e8c66e53-f93f-4c89-a66b-f0ccff38fc71","ID":"07e077c5-36df-4972-9fc7-08f556a7f85e","childs":null,"emcosID":null,"emcosMLID":null,"codMaketTEP":null,"codTEP":null,"WSName":"DB","rangeAddress":"$FW$181:$FW$218","headAddress":"$FW$181","bodyAddress":"$FW$182:$FW$218","_name":"ручное"},"оперативное":{"_level":2,"parentID":"0259a707-8946-4e89-9cdd-3be1cc076d6b","firstParentID":"e8c66e53-f93f-4c89-a66b-f0ccff38fc71","ID":"cd863090-59d3-422b-9513-0dbcb30ddff4","childs":null,"emcosID":null,"emcosMLID":null,"codMaketTEP":null,"codTEP":null,"WSName":"DB","rangeAddress":"$FX$181:$FX$218","headAddress":"$FX$181","bodyAddress":"$FX$182:$FX$218","_name":"оперативное"}},"emcosID":null,"emcosMLID":null,"codMaketTEP":null,"codTEP":null,"WSName":"DB","rangeAddress":"$FT$180:$FX$218","headAddress":"$FT$180:$FX$180","bodyAddress":"$FT$181:$FX$218","_name":"отдача"}},"emcosID":null,"emcosMLID":null,"codMaketTEP":null,"codTEP":null,"WSName":"DB","rangeAddress":"$FT$179:$FX$218","headAddress":"$FT$179:$FX$179","bodyAddress":"$FT$180:$FX$218","_name":"Капчагайская ГЭС АлЭС"}},"codPlan":null,"meterCoef":null,"_name":"Капчагайская ГЭС АлЭС"}