{"ID":"f2a6ed14-10c5-4d44-8ab0-aeaf4c9dcb5a","childs":{"PS":{"_level":0,"parentID":"f2a6ed14-10c5-4d44-8ab0-aeaf4c9dcb5a","firstParentID":"f2a6ed14-10c5-4d44-8ab0-aeaf4c9dcb5a","ID":"c337caac-fcdc-473c-a57f-8dedff15b56d","childs":{"отдача":{"_level":1,"parentID":"c337caac-fcdc-473c-a57f-8dedff15b56d","firstParentID":"f2a6ed14-10c5-4d44-8ab0-aeaf4c9dcb5a","ID":"663f31d7-f4a4-4814-b725-7386e863d39f","childs":{"оперативное":{"_level":2,"parentID":"663f31d7-f4a4-4814-b725-7386e863d39f","firstParentID":"f2a6ed14-10c5-4d44-8ab0-aeaf4c9dcb5a","ID":"3f4a6168-856d-46c3-9f82-dc2e956084e1","childs":null,"emcosID":null,"emcosMLID":null,"codMaketTEP":null,"codTEP":null,"WSName":"PS","rangeAddress":"$R$185:$R$221","headAddress":"$R$185","bodyAddress":"$R$186:$R$221","_name":"оперативное"}},"emcosID":null,"emcosMLID":null,"codMaketTEP":null,"codTEP":null,"WSName":"PS","rangeAddress":"$R$184:$R$221","headAddress":"$R$184","bodyAddress":"$R$185:$R$221","_name":"отдача"}},"emcosID":null,"emcosMLID":null,"codMaketTEP":null,"codTEP":null,"WSName":"PS","rangeAddress":"$R$183:$R$221","headAddress":"$R$183","bodyAddress":"$R$184:$R$221","_name":"АТЭЦ2 АлЭС"},"DB":{"_level":0,"parentID":"f2a6ed14-10c5-4d44-8ab0-aeaf4c9dcb5a","firstParentID":"f2a6ed14-10c5-4d44-8ab0-aeaf4c9dcb5a","ID":"b7be5b3c-5677-44ce-b3d5-734658e73ddb","childs":{"отдача":{"_level":1,"parentID":"b7be5b3c-5677-44ce-b3d5-734658e73ddb","firstParentID":"f2a6ed14-10c5-4d44-8ab0-aeaf4c9dcb5a","ID":"fa1fce02-071b-492f-9804-8dcb5c19d04c","childs":{"код":{"_level":2,"parentID":"fa1fce02-071b-492f-9804-8dcb5c19d04c","firstParentID":"f2a6ed14-10c5-4d44-8ab0-aeaf4c9dcb5a","ID":"000cfeae-5c4e-493c-ba3b-9e58d64d90bd","childs":null,"emcosID":null,"emcosMLID":null,"codMaketTEP":null,"codTEP":null,"WSName":"DB","rangeAddress":"$C$138:$C$175","headAddress":"$C$138","bodyAddress":"$C$139:$C$175","_name":"код"},"основное":{"_level":2,"parentID":"fa1fce02-071b-492f-9804-8dcb5c19d04c","firstParentID":"f2a6ed14-10c5-4d44-8ab0-aeaf4c9dcb5a","ID":"f3b93e60-bdb2-42a1-a32f-d54378c8331f","childs":null,"emcosID":null,"emcosMLID":null,"codMaketTEP":null,"codTEP":null,"WSName":"DB","rangeAddress":"$D$138:$D$175","headAddress":"$D$138","bodyAddress":"$D$139:$D$175","_name":"основное"},"корректировка факт":{"_level":2,"parentID":"fa1fce02-071b-492f-9804-8dcb5c19d04c","firstParentID":"f2a6ed14-10c5-4d44-8ab0-aeaf4c9dcb5a","ID":"53ca1644-5ba8-4764-8e58-5f64580dce2a","childs":null,"emcosID":null,"emcosMLID":null,"codMaketTEP":null,"codTEP":null,"WSName":"DB","rangeAddress":"$E$138:$E$175","headAddress":"$E$138","bodyAddress":"$E$139:$E$175","_name":"корректировка факт"},"ручное":{"_level":2,"parentID":"fa1fce02-071b-492f-9804-8dcb5c19d04c","firstParentID":"f2a6ed14-10c5-4d44-8ab0-aeaf4c9dcb5a","ID":"e2ce50fc-45d1-4208-982a-e9b5c879b676","childs":null,"emcosID":null,"emcosMLID":null,"codMaketTEP":null,"codTEP":null,"WSName":"DB","rangeAddress":"$F$138:$F$175","headAddress":"$F$138","bodyAddress":"$F$139:$F$175","_name":"ручное"},"оперативное":{"_level":2,"parentID":"fa1fce02-071b-492f-9804-8dcb5c19d04c","firstParentID":"f2a6ed14-10c5-4d44-8ab0-aeaf4c9dcb5a","ID":"24657b78-68be-4b27-bd32-78c6f4f462c3","childs":null,"emcosID":null,"emcosMLID":null,"codMaketTEP":null,"codTEP":null,"WSName":"DB","rangeAddress":"$G$138:$G$175","headAddress":"$G$138","bodyAddress":"$G$139:$G$175","_name":"оперативное"}},"emcosID":null,"emcosMLID":null,"codMaketTEP":null,"codTEP":null,"WSName":"DB","rangeAddress":"$C$137:$G$175","headAddress":"$C$137:$G$137","bodyAddress":"$C$138:$G$175","_name":"отдача"}},"emcosID":null,"emcosMLID":null,"codMaketTEP":null,"codTEP":null,"WSName":"DB","rangeAddress":"$C$136:$G$175","headAddress":"$C$136:$G$136","bodyAddress":"$C$137:$G$175","_name":"АТЭЦ2 АлЭС"}},"codPlan":null,"meterCoef":null,"_name":"АТЭЦ2 АлЭС"}