{"ID":"f33d4025-110d-4b93-a549-0dc9f19c0cd1","childs":{"PS":{"_level":0,"parentID":"f33d4025-110d-4b93-a549-0dc9f19c0cd1","firstParentID":"f33d4025-110d-4b93-a549-0dc9f19c0cd1","ID":"c1e5fe13-158f-4c4d-8a81-74f1224f2c11","childs":{"прием":{"_level":1,"parentID":"c1e5fe13-158f-4c4d-8a81-74f1224f2c11","firstParentID":"f33d4025-110d-4b93-a549-0dc9f19c0cd1","ID":"49b8823f-ab08-4ca9-b722-955ad4d87ed9","childs":{"оперативное":{"_level":2,"parentID":"49b8823f-ab08-4ca9-b722-955ad4d87ed9","firstParentID":"f33d4025-110d-4b93-a549-0dc9f19c0cd1","ID":"f4c61446-8838-4806-b9d3-533e526cb535","childs":null,"emcosID":null,"emcosMLID":null,"codMaketTEP":null,"codTEP":null,"WSName":"PS","rangeAddress":"$S$228:$S$264","headAddress":"$S$228","bodyAddress":"$S$229:$S$264","_name":"оперативное"}},"emcosID":null,"emcosMLID":null,"codMaketTEP":null,"codTEP":null,"WSName":"PS","rangeAddress":"$S$227:$S$264","headAddress":"$S$227","bodyAddress":"$S$228:$S$264","_name":"прием"}},"emcosID":null,"emcosMLID":null,"codMaketTEP":null,"codTEP":null,"WSName":"PS","rangeAddress":"$S$226:$S$264","headAddress":"$S$226","bodyAddress":"$S$227:$S$264","_name":"Потребление Хоргос Восточные Ворота"},"DB":{"_level":0,"parentID":"f33d4025-110d-4b93-a549-0dc9f19c0cd1","firstParentID":"f33d4025-110d-4b93-a549-0dc9f19c0cd1","ID":"c8c0bfe6-f53c-45a1-94f5-34ced282bed7","childs":{"прием":{"_level":1,"parentID":"c8c0bfe6-f53c-45a1-94f5-34ced282bed7","firstParentID":"f33d4025-110d-4b93-a549-0dc9f19c0cd1","ID":"7bec458a-0e66-44ea-bc50-03cb021eef52","childs":{"код":{"_level":2,"parentID":"7bec458a-0e66-44ea-bc50-03cb021eef52","firstParentID":"f33d4025-110d-4b93-a549-0dc9f19c0cd1","ID":"e2587b9b-b3ac-49d0-91ea-d31c92f8702a","childs":null,"emcosID":null,"emcosMLID":null,"codMaketTEP":null,"codTEP":null,"WSName":"DB","rangeAddress":"$DC$396:$DC$433","headAddress":"$DC$396","bodyAddress":"$DC$397:$DC$433","_name":"код"},"основное":{"_level":2,"parentID":"7bec458a-0e66-44ea-bc50-03cb021eef52","firstParentID":"f33d4025-110d-4b93-a549-0dc9f19c0cd1","ID":"9ee17ff5-493e-40d6-9e96-df8d88b3553f","childs":null,"emcosID":null,"emcosMLID":null,"codMaketTEP":null,"codTEP":null,"WSName":"DB","rangeAddress":"$DD$396:$DD$433","headAddress":"$DD$396","bodyAddress":"$DD$397:$DD$433","_name":"основное"},"корректировка факт":{"_level":2,"parentID":"7bec458a-0e66-44ea-bc50-03cb021eef52","firstParentID":"f33d4025-110d-4b93-a549-0dc9f19c0cd1","ID":"2b61546b-1063-4b79-9bda-36f9a72d6bf8","childs":null,"emcosID":null,"emcosMLID":null,"codMaketTEP":null,"codTEP":null,"WSName":"DB","rangeAddress":"$DE$396:$DE$433","headAddress":"$DE$396","bodyAddress":"$DE$397:$DE$433","_name":"корректировка факт"},"ручное":{"_level":2,"parentID":"7bec458a-0e66-44ea-bc50-03cb021eef52","firstParentID":"f33d4025-110d-4b93-a549-0dc9f19c0cd1","ID":"fa8f22e6-a250-41a1-971c-a8d2942f39ca","childs":null,"emcosID":null,"emcosMLID":null,"codMaketTEP":null,"codTEP":null,"WSName":"DB","rangeAddress":"$DF$396:$DF$433","headAddress":"$DF$396","bodyAddress":"$DF$397:$DF$433","_name":"ручное"},"оперативное":{"_level":2,"parentID":"7bec458a-0e66-44ea-bc50-03cb021eef52","firstParentID":"f33d4025-110d-4b93-a549-0dc9f19c0cd1","ID":"a97940a4-284c-4c4b-bdc0-c3d8b009a0f6","childs":null,"emcosID":null,"emcosMLID":null,"codMaketTEP":null,"codTEP":null,"WSName":"DB","rangeAddress":"$DG$396:$DG$433","headAddress":"$DG$396","bodyAddress":"$DG$397:$DG$433","_name":"оперативное"}},"emcosID":null,"emcosMLID":null,"codMaketTEP":null,"codTEP":null,"WSName":"DB","rangeAddress":"$DC$395:$DG$433","headAddress":"$DC$395:$DG$395","bodyAddress":"$DC$396:$DG$433","_name":"прием"}},"emcosID":null,"emcosMLID":null,"codMaketTEP":null,"codTEP":null,"WSName":"DB","rangeAddress":"$DC$394:$DG$433","headAddress":"$DC$394:$DG$394","bodyAddress":"$DC$395:$DG$433","_name":"Потребление Хоргос Восточные Ворота"}},"codPlan":null,"meterCoef":null,"_name":"Потребление Хоргос Восточные Ворота"}