{"ID":"02eb0a4c-31e7-4242-92b1-a5af00570c31","childs":{"PS":{"_level":0,"parentID":"02eb0a4c-31e7-4242-92b1-a5af00570c31","firstParentID":"02eb0a4c-31e7-4242-92b1-a5af00570c31","ID":"a0381448-b323-430c-9402-c8e322bd15aa","childs":{"прием":{"_level":1,"parentID":"a0381448-b323-430c-9402-c8e322bd15aa","firstParentID":"02eb0a4c-31e7-4242-92b1-a5af00570c31","ID":"121a02bf-3f61-40fb-825e-8d91d7af7253","childs":{"оперативное":{"_level":2,"parentID":"121a02bf-3f61-40fb-825e-8d91d7af7253","firstParentID":"02eb0a4c-31e7-4242-92b1-a5af00570c31","ID":"c14fca61-a6d6-47f9-8285-0473f4d3850d","childs":null,"emcosID":null,"emcosMLID":null,"codMaketTEP":null,"codTEP":null,"WSName":"PS","rangeAddress":"$GT$99:$GT$135","headAddress":"$GT$99","bodyAddress":"$GT$100:$GT$135","_name":"оперативное"}},"emcosID":null,"emcosMLID":null,"codMaketTEP":null,"codTEP":null,"WSName":"PS","rangeAddress":"$GT$98:$GT$135","headAddress":"$GT$98","bodyAddress":"$GT$99:$GT$135","_name":"прием"},"отдача":{"_level":1,"parentID":"a0381448-b323-430c-9402-c8e322bd15aa","firstParentID":"02eb0a4c-31e7-4242-92b1-a5af00570c31","ID":"e25c6eeb-78c9-4e74-97d7-c1df986f8b39","childs":{"оперативное":{"_level":2,"parentID":"e25c6eeb-78c9-4e74-97d7-c1df986f8b39","firstParentID":"02eb0a4c-31e7-4242-92b1-a5af00570c31","ID":"cb7ec951-4480-4c97-bd81-9c2ff4479409","childs":null,"emcosID":null,"emcosMLID":null,"codMaketTEP":null,"codTEP":null,"WSName":"PS","rangeAddress":"$GU$99:$GU$135","headAddress":"$GU$99","bodyAddress":"$GU$100:$GU$135","_name":"оперативное"}},"emcosID":null,"emcosMLID":null,"codMaketTEP":null,"codTEP":null,"WSName":"PS","rangeAddress":"$GU$98:$GU$135","headAddress":"$GU$98","bodyAddress":"$GU$99:$GU$135","_name":"отдача"}},"emcosID":null,"emcosMLID":null,"codMaketTEP":null,"codTEP":null,"WSName":"PS","rangeAddress":"$GT$97:$GU$135","headAddress":"$GT$97:$GU$97","bodyAddress":"$GT$98:$GU$135","_name":"Л2173 АХБК 7А"},"DB":{"_level":0,"parentID":"02eb0a4c-31e7-4242-92b1-a5af00570c31","firstParentID":"02eb0a4c-31e7-4242-92b1-a5af00570c31","ID":"750189d0-6521-4163-b095-939873d5edc0","childs":{"прием":{"_level":1,"parentID":"750189d0-6521-4163-b095-939873d5edc0","firstParentID":"02eb0a4c-31e7-4242-92b1-a5af00570c31","ID":"a91e379d-4352-41f9-aba0-3d10c34d7761","childs":{"код":{"_level":2,"parentID":"a91e379d-4352-41f9-aba0-3d10c34d7761","firstParentID":"02eb0a4c-31e7-4242-92b1-a5af00570c31","ID":"5ec96df9-a521-46c1-a068-df903ec662a6","childs":null,"emcosID":null,"emcosMLID":null,"codMaketTEP":null,"codTEP":null,"WSName":"DB","rangeAddress":"$GT$95:$GT$132","headAddress":"$GT$95","bodyAddress":"$GT$96:$GT$132","_name":"код"},"основное":{"_level":2,"parentID":"a91e379d-4352-41f9-aba0-3d10c34d7761","firstParentID":"02eb0a4c-31e7-4242-92b1-a5af00570c31","ID":"0cae3b3f-e178-4509-8128-4049f7e923a9","childs":null,"emcosID":null,"emcosMLID":null,"codMaketTEP":null,"codTEP":null,"WSName":"DB","rangeAddress":"$GU$95:$GU$132","headAddress":"$GU$95","bodyAddress":"$GU$96:$GU$132","_name":"основное"},"корректировка факт":{"_level":2,"parentID":"a91e379d-4352-41f9-aba0-3d10c34d7761","firstParentID":"02eb0a4c-31e7-4242-92b1-a5af00570c31","ID":"2dad36d2-718f-4562-a128-3e21777e0c12","childs":null,"emcosID":null,"emcosMLID":null,"codMaketTEP":null,"codTEP":null,"WSName":"DB","rangeAddress":"$GV$95:$GV$132","headAddress":"$GV$95","bodyAddress":"$GV$96:$GV$132","_name":"корректировка факт"},"ручное":{"_level":2,"parentID":"a91e379d-4352-41f9-aba0-3d10c34d7761","firstParentID":"02eb0a4c-31e7-4242-92b1-a5af00570c31","ID":"fed4557c-cd12-49f9-988d-a0758b0aba3e","childs":null,"emcosID":null,"emcosMLID":null,"codMaketTEP":null,"codTEP":null,"WSName":"DB","rangeAddress":"$GW$95:$GW$132","headAddress":"$GW$95","bodyAddress":"$GW$96:$GW$132","_name":"ручное"},"оперативное":{"_level":2,"parentID":"a91e379d-4352-41f9-aba0-3d10c34d7761","firstParentID":"02eb0a4c-31e7-4242-92b1-a5af00570c31","ID":"db391354-eada-49c2-a451-6c9c7ba39426","childs":null,"emcosID":null,"emcosMLID":null,"codMaketTEP":null,"codTEP":null,"WSName":"DB","rangeAddress":"$GX$95:$GX$132","headAddress":"$GX$95","bodyAddress":"$GX$96:$GX$132","_name":"оперативное"}},"emcosID":null,"emcosMLID":null,"codMaketTEP":null,"codTEP":null,"WSName":"DB","rangeAddress":"$GT$94:$GX$132","headAddress":"$GT$94:$GX$94","bodyAddress":"$GT$95:$GX$132","_name":"прием"},"отдача":{"_level":1,"parentID":"750189d0-6521-4163-b095-939873d5edc0","firstParentID":"02eb0a4c-31e7-4242-92b1-a5af00570c31","ID":"df05c7e8-80f9-446d-a0b6-b8792fe35da3","childs":{"код":{"_level":2,"parentID":"df05c7e8-80f9-446d-a0b6-b8792fe35da3","firstParentID":"02eb0a4c-31e7-4242-92b1-a5af00570c31","ID":"d8b2350e-cb4b-4beb-9d09-1c11d41ca720","childs":null,"emcosID":null,"emcosMLID":null,"codMaketTEP":null,"codTEP":null,"WSName":"DB","rangeAddress":"$GY$95:$GY$132","headAddress":"$GY$95","bodyAddress":"$GY$96:$GY$132","_name":"код"},"основное":{"_level":2,"parentID":"df05c7e8-80f9-446d-a0b6-b8792fe35da3","firstParentID":"02eb0a4c-31e7-4242-92b1-a5af00570c31","ID":"0cfcff27-6353-4f90-a245-01dc952219e1","childs":null,"emcosID":null,"emcosMLID":null,"codMaketTEP":null,"codTEP":null,"WSName":"DB","rangeAddress":"$GZ$95:$GZ$132","headAddress":"$GZ$95","bodyAddress":"$GZ$96:$GZ$132","_name":"основное"},"корректировка факт":{"_level":2,"parentID":"df05c7e8-80f9-446d-a0b6-b8792fe35da3","firstParentID":"02eb0a4c-31e7-4242-92b1-a5af00570c31","ID":"f544c38e-c929-4207-96c7-7a396784d40f","childs":null,"emcosID":null,"emcosMLID":null,"codMaketTEP":null,"codTEP":null,"WSName":"DB","rangeAddress":"$HA$95:$HA$132","headAddress":"$HA$95","bodyAddress":"$HA$96:$HA$132","_name":"корректировка факт"},"ручное":{"_level":2,"parentID":"df05c7e8-80f9-446d-a0b6-b8792fe35da3","firstParentID":"02eb0a4c-31e7-4242-92b1-a5af00570c31","ID":"c1403fed-d4f8-42d5-9ade-aca629b5a8ef","childs":null,"emcosID":null,"emcosMLID":null,"codMaketTEP":null,"codTEP":null,"WSName":"DB","rangeAddress":"$HB$95:$HB$132","headAddress":"$HB$95","bodyAddress":"$HB$96:$HB$132","_name":"ручное"},"оперативное":{"_level":2,"parentID":"df05c7e8-80f9-446d-a0b6-b8792fe35da3","firstParentID":"02eb0a4c-31e7-4242-92b1-a5af00570c31","ID":"bcf6583d-dea1-4dab-a83b-e733da4da01e","childs":null,"emcosID":null,"emcosMLID":null,"codMaketTEP":null,"codTEP":null,"WSName":"DB","rangeAddress":"$HC$95:$HC$132","headAddress":"$HC$95","bodyAddress":"$HC$96:$HC$132","_name":"оперативное"}},"emcosID":null,"emcosMLID":null,"codMaketTEP":null,"codTEP":null,"WSName":"DB","rangeAddress":"$GY$94:$HC$132","headAddress":"$GY$94:$HC$94","bodyAddress":"$GY$95:$HC$132","_name":"отдача"}},"emcosID":null,"emcosMLID":null,"codMaketTEP":null,"codTEP":null,"WSName":"DB","rangeAddress":"$GT$93:$HC$132","headAddress":"$GT$93:$HC$93","bodyAddress":"$GT$94:$HC$132","_name":"Л2173 АХБК 7А"}},"codPlan":null,"meterCoef":null,"_name":"Л2173 АХБК 7А"}