{"ID":"cb9928cb-573b-4c17-b51c-8fd10b2e81d7","childs":{"PS":{"_level":0,"parentID":"cb9928cb-573b-4c17-b51c-8fd10b2e81d7","firstParentID":"cb9928cb-573b-4c17-b51c-8fd10b2e81d7","ID":"51839888-7a40-45ed-aa7a-e5bade70de3f","childs":{"отдача":{"_level":1,"parentID":"51839888-7a40-45ed-aa7a-e5bade70de3f","firstParentID":"cb9928cb-573b-4c17-b51c-8fd10b2e81d7","ID":"dba3358f-8ed7-495e-b7e8-4d2cb9addc89","childs":{"по счетчику":{"_level":2,"parentID":"dba3358f-8ed7-495e-b7e8-4d2cb9addc89","firstParentID":"cb9928cb-573b-4c17-b51c-8fd10b2e81d7","ID":"af92dbc3-c241-41b5-98f8-809e8a40203d","childs":null,"emcosID":null,"emcosMLID":null,"codMaketTEP":null,"codTEP":null,"WSName":"PS","rangeAddress":"$BZ$99:$BZ$135","headAddress":"$BZ$99","bodyAddress":"$BZ$100:$BZ$135","_name":"по счетчику"},"СЧЕТЧИК":{"_level":2,"parentID":"dba3358f-8ed7-495e-b7e8-4d2cb9addc89","firstParentID":"cb9928cb-573b-4c17-b51c-8fd10b2e81d7","ID":"1a92a8ce-22d3-4090-83dd-6bc12e8fd0a8","childs":null,"emcosID":null,"emcosMLID":null,"codMaketTEP":null,"codTEP":null,"WSName":"PS","rangeAddress":"$CA$99:$CA$135","headAddress":"$CA$99","bodyAddress":"$CA$100:$CA$135","_name":"СЧЕТЧИК"}},"emcosID":null,"emcosMLID":null,"codMaketTEP":null,"codTEP":null,"WSName":"PS","rangeAddress":"$BZ$98:$CA$135","headAddress":"$BZ$98:$CA$98","bodyAddress":"$BZ$99:$CA$135","_name":"отдача"}},"emcosID":null,"emcosMLID":null,"codMaketTEP":null,"codTEP":null,"WSName":"PS","rangeAddress":"$BZ$97:$CA$135","headAddress":"$BZ$97:$CA$97","bodyAddress":"$BZ$98:$CA$135","_name":"Т1 10 2В ПС149 Талдыкорган ЗЩА"},"DB":{"_level":0,"parentID":"cb9928cb-573b-4c17-b51c-8fd10b2e81d7","firstParentID":"cb9928cb-573b-4c17-b51c-8fd10b2e81d7","ID":"13af15c8-935d-48cd-97d0-5e0a18172bfd","childs":{"отдача":{"_level":1,"parentID":"13af15c8-935d-48cd-97d0-5e0a18172bfd","firstParentID":"cb9928cb-573b-4c17-b51c-8fd10b2e81d7","ID":"5922d362-9eb6-458d-bc33-d876a7081ffb","childs":{"код":{"_level":2,"parentID":"5922d362-9eb6-458d-bc33-d876a7081ffb","firstParentID":"cb9928cb-573b-4c17-b51c-8fd10b2e81d7","ID":"e3875655-5f7d-4397-9392-cfadcc8d4531","childs":null,"emcosID":null,"emcosMLID":null,"codMaketTEP":null,"codTEP":null,"WSName":"DB","rangeAddress":"$AI$525:$AI$562","headAddress":"$AI$525","bodyAddress":"$AI$526:$AI$562","_name":"код"},"основное":{"_level":2,"parentID":"5922d362-9eb6-458d-bc33-d876a7081ffb","firstParentID":"cb9928cb-573b-4c17-b51c-8fd10b2e81d7","ID":"3882c0c9-d987-4cc2-88f5-43849001f8e4","childs":null,"emcosID":null,"emcosMLID":null,"codMaketTEP":null,"codTEP":null,"WSName":"DB","rangeAddress":"$AJ$525:$AJ$562","headAddress":"$AJ$525","bodyAddress":"$AJ$526:$AJ$562","_name":"основное"},"корректировка факт":{"_level":2,"parentID":"5922d362-9eb6-458d-bc33-d876a7081ffb","firstParentID":"cb9928cb-573b-4c17-b51c-8fd10b2e81d7","ID":"b28263cc-e3de-49b2-b82a-a122dbfc63bd","childs":null,"emcosID":null,"emcosMLID":null,"codMaketTEP":null,"codTEP":null,"WSName":"DB","rangeAddress":"$AK$525:$AK$562","headAddress":"$AK$525","bodyAddress":"$AK$526:$AK$562","_name":"корректировка факт"},"ручное":{"_level":2,"parentID":"5922d362-9eb6-458d-bc33-d876a7081ffb","firstParentID":"cb9928cb-573b-4c17-b51c-8fd10b2e81d7","ID":"32151094-9f6d-4bd0-9a17-c11e7b11f846","childs":null,"emcosID":null,"emcosMLID":null,"codMaketTEP":null,"codTEP":null,"WSName":"DB","rangeAddress":"$AL$525:$AL$562","headAddress":"$AL$525","bodyAddress":"$AL$526:$AL$562","_name":"ручное"},"счетчик":{"_level":2,"parentID":"5922d362-9eb6-458d-bc33-d876a7081ffb","firstParentID":"cb9928cb-573b-4c17-b51c-8fd10b2e81d7","ID":"8380a52d-60c3-4db5-8932-fe5bd8f65696","childs":null,"emcosID":null,"emcosMLID":null,"codMaketTEP":null,"codTEP":null,"WSName":"DB","rangeAddress":"$AM$525:$AM$562","headAddress":"$AM$525","bodyAddress":"$AM$526:$AM$562","_name":"счетчик"},"по счетчику":{"_level":2,"parentID":"5922d362-9eb6-458d-bc33-d876a7081ffb","firstParentID":"cb9928cb-573b-4c17-b51c-8fd10b2e81d7","ID":"15df7341-6f97-4c61-b4fb-cadbc95c9f6d","childs":null,"emcosID":null,"emcosMLID":null,"codMaketTEP":null,"codTEP":null,"WSName":"DB","rangeAddress":"$AN$525:$AN$562","headAddress":"$AN$525","bodyAddress":"$AN$526:$AN$562","_name":"по счетчику"}},"emcosID":null,"emcosMLID":null,"codMaketTEP":null,"codTEP":null,"WSName":"DB","rangeAddress":"$AI$524:$AN$562","headAddress":"$AI$524:$AN$524","bodyAddress":"$AI$525:$AN$562","_name":"отдача"}},"emcosID":null,"emcosMLID":null,"codMaketTEP":null,"codTEP":null,"WSName":"DB","rangeAddress":"$AI$523:$AN$562","headAddress":"$AI$523:$AN$523","bodyAddress":"$AI$524:$AN$562","_name":"Т1 10 2В ПС149 Талдыкорган ЗЩА"}},"codPlan":null,"meterCoef":"60","_name":"Т1 10 2В ПС149 Талдыкорган ЗЩА"}