{"ID":"48109191-9f65-4749-b37e-9b9631174fe7","childs":{"PS":{"_level":0,"parentID":"48109191-9f65-4749-b37e-9b9631174fe7","firstParentID":"48109191-9f65-4749-b37e-9b9631174fe7","ID":"7344d32b-f816-491f-a596-530d7ac24e3e","childs":{"прием":{"_level":1,"parentID":"7344d32b-f816-491f-a596-530d7ac24e3e","firstParentID":"48109191-9f65-4749-b37e-9b9631174fe7","ID":"bb1e604b-5bca-4f97-81fd-6991cdfc33ce","childs":{"по счетчику":{"_level":2,"parentID":"bb1e604b-5bca-4f97-81fd-6991cdfc33ce","firstParentID":"48109191-9f65-4749-b37e-9b9631174fe7","ID":"54c9c6d9-f3cb-432d-93e1-0c37e3ad7f36","childs":null,"emcosID":null,"emcosMLID":null,"WSName":"PS","rangeAddress":"$BV$56:$BV$92","headAddress":"$BV$56","bodyAddress":"$BV$57:$BV$92","_name":"по счетчику"}},"emcosID":null,"emcosMLID":null,"WSName":"PS","rangeAddress":"$BV$55:$BV$92","headAddress":"$BV$55","bodyAddress":"$BV$56:$BV$92","_name":"прием"},"отдача":{"_level":1,"parentID":"7344d32b-f816-491f-a596-530d7ac24e3e","firstParentID":"48109191-9f65-4749-b37e-9b9631174fe7","ID":"07cd712c-3c17-4ee2-a243-a99cf7410f14","childs":{"по счетчику":{"_level":2,"parentID":"07cd712c-3c17-4ee2-a243-a99cf7410f14","firstParentID":"48109191-9f65-4749-b37e-9b9631174fe7","ID":"fd0e8557-dd9d-4a45-8e3e-8ff786ea420f","childs":null,"emcosID":null,"emcosMLID":null,"WSName":"PS","rangeAddress":"$BW$56:$BW$92","headAddress":"$BW$56","bodyAddress":"$BW$57:$BW$92","_name":"по счетчику"}},"emcosID":null,"emcosMLID":null,"WSName":"PS","rangeAddress":"$BW$55:$BW$92","headAddress":"$BW$55","bodyAddress":"$BW$56:$BW$92","_name":"отдача"}},"emcosID":null,"emcosMLID":null,"WSName":"PS","rangeAddress":"$BV$54:$BW$92","headAddress":"$BV$54:$BW$54","bodyAddress":"$BV$55:$BW$92","_name":"Л5343 Алматы"},"DB":{"_level":0,"parentID":"48109191-9f65-4749-b37e-9b9631174fe7","firstParentID":"48109191-9f65-4749-b37e-9b9631174fe7","ID":"075d851a-fb65-488b-955d-d2421bd07597","childs":{"прием":{"_level":1,"parentID":"075d851a-fb65-488b-955d-d2421bd07597","firstParentID":"48109191-9f65-4749-b37e-9b9631174fe7","ID":"db6bf274-815c-417e-a28c-274cf0c728b1","childs":{"код":{"_level":2,"parentID":"db6bf274-815c-417e-a28c-274cf0c728b1","firstParentID":"48109191-9f65-4749-b37e-9b9631174fe7","ID":"1b79f8c8-9197-49d8-ab30-953fa2298e2a","childs":null,"emcosID":null,"emcosMLID":null,"WSName":"DB","rangeAddress":"$CZ$9:$CZ$46","headAddress":"$CZ$9","bodyAddress":"$CZ$10:$CZ$46","_name":"код"},"основное":{"_level":2,"parentID":"db6bf274-815c-417e-a28c-274cf0c728b1","firstParentID":"48109191-9f65-4749-b37e-9b9631174fe7","ID":"aeb7492b-f28c-4fd2-8857-02b8a4234a7a","childs":null,"emcosID":null,"emcosMLID":null,"WSName":"DB","rangeAddress":"$DA$9:$DA$46","headAddress":"$DA$9","bodyAddress":"$DA$10:$DA$46","_name":"основное"},"корректировка факт":{"_level":2,"parentID":"db6bf274-815c-417e-a28c-274cf0c728b1","firstParentID":"48109191-9f65-4749-b37e-9b9631174fe7","ID":"fd8f9d48-71e6-41f1-9192-86938980bc57","childs":null,"emcosID":null,"emcosMLID":null,"WSName":"DB","rangeAddress":"$DB$9:$DB$46","headAddress":"$DB$9","bodyAddress":"$DB$10:$DB$46","_name":"корректировка факт"},"ручное":{"_level":2,"parentID":"db6bf274-815c-417e-a28c-274cf0c728b1","firstParentID":"48109191-9f65-4749-b37e-9b9631174fe7","ID":"7cf5860e-0598-4268-993e-8a99c68f9269","childs":null,"emcosID":null,"emcosMLID":null,"WSName":"DB","rangeAddress":"$DC$9:$DC$46","headAddress":"$DC$9","bodyAddress":"$DC$10:$DC$46","_name":"ручное"},"счетчик":{"_level":2,"parentID":"db6bf274-815c-417e-a28c-274cf0c728b1","firstParentID":"48109191-9f65-4749-b37e-9b9631174fe7","ID":"c097b46b-1730-44b9-a764-9bfb59e14c47","childs":null,"emcosID":null,"emcosMLID":null,"WSName":"DB","rangeAddress":"$DD$9:$DD$46","headAddress":"$DD$9","bodyAddress":"$DD$10:$DD$46","_name":"счетчик"},"по счетчику":{"_level":2,"parentID":"db6bf274-815c-417e-a28c-274cf0c728b1","firstParentID":"48109191-9f65-4749-b37e-9b9631174fe7","ID":"5b99909c-ef48-455e-a20e-6cb50837843c","childs":null,"emcosID":null,"emcosMLID":null,"WSName":"DB","rangeAddress":"$DE$9:$DE$46","headAddress":"$DE$9","bodyAddress":"$DE$10:$DE$46","_name":"по счетчику"}},"emcosID":null,"emcosMLID":null,"WSName":"DB","rangeAddress":"$CZ$8:$DE$46","headAddress":"$CZ$8:$DE$8","bodyAddress":"$CZ$9:$DE$46","_name":"прием"},"отдача":{"_level":1,"parentID":"075d851a-fb65-488b-955d-d2421bd07597","firstParentID":"48109191-9f65-4749-b37e-9b9631174fe7","ID":"53bf8116-39ea-4da7-b04e-2e7677e4d26c","childs":{"код":{"_level":2,"parentID":"53bf8116-39ea-4da7-b04e-2e7677e4d26c","firstParentID":"48109191-9f65-4749-b37e-9b9631174fe7","ID":"a492bd22-0faf-4425-9d76-ce8542c4672a","childs":null,"emcosID":null,"emcosMLID":null,"WSName":"DB","rangeAddress":"$DF$9:$DF$46","headAddress":"$DF$9","bodyAddress":"$DF$10:$DF$46","_name":"код"},"основное":{"_level":2,"parentID":"53bf8116-39ea-4da7-b04e-2e7677e4d26c","firstParentID":"48109191-9f65-4749-b37e-9b9631174fe7","ID":"17b7b10d-7327-4b59-b92b-eb2fd5ea2052","childs":null,"emcosID":null,"emcosMLID":null,"WSName":"DB","rangeAddress":"$DG$9:$DG$46","headAddress":"$DG$9","bodyAddress":"$DG$10:$DG$46","_name":"основное"},"корректировка факт":{"_level":2,"parentID":"53bf8116-39ea-4da7-b04e-2e7677e4d26c","firstParentID":"48109191-9f65-4749-b37e-9b9631174fe7","ID":"42d99113-389c-4f78-9147-8d7453c761eb","childs":null,"emcosID":null,"emcosMLID":null,"WSName":"DB","rangeAddress":"$DH$9:$DH$46","headAddress":"$DH$9","bodyAddress":"$DH$10:$DH$46","_name":"корректировка факт"},"ручное":{"_level":2,"parentID":"53bf8116-39ea-4da7-b04e-2e7677e4d26c","firstParentID":"48109191-9f65-4749-b37e-9b9631174fe7","ID":"1a6491c0-ec9f-428a-8310-5cd1c1cafe70","childs":null,"emcosID":null,"emcosMLID":null,"WSName":"DB","rangeAddress":"$DI$9:$DI$46","headAddress":"$DI$9","bodyAddress":"$DI$10:$DI$46","_name":"ручное"},"счетчик":{"_level":2,"parentID":"53bf8116-39ea-4da7-b04e-2e7677e4d26c","firstParentID":"48109191-9f65-4749-b37e-9b9631174fe7","ID":"eccd7795-71f0-423c-9ed9-d9be46523ae8","childs":null,"emcosID":null,"emcosMLID":null,"WSName":"DB","rangeAddress":"$DJ$9:$DJ$46","headAddress":"$DJ$9","bodyAddress":"$DJ$10:$DJ$46","_name":"счетчик"},"по счетчику":{"_level":2,"parentID":"53bf8116-39ea-4da7-b04e-2e7677e4d26c","firstParentID":"48109191-9f65-4749-b37e-9b9631174fe7","ID":"db8c4894-5b40-4d2d-b14d-05f1629d3c91","childs":null,"emcosID":null,"emcosMLID":null,"WSName":"DB","rangeAddress":"$DK$9:$DK$46","headAddress":"$DK$9","bodyAddress":"$DK$10:$DK$46","_name":"по счетчику"}},"emcosID":null,"emcosMLID":null,"WSName":"DB","rangeAddress":"$DF$8:$DK$46","headAddress":"$DF$8:$DK$8","bodyAddress":"$DF$9:$DK$46","_name":"отдача"}},"emcosID":null,"emcosMLID":null,"WSName":"DB","rangeAddress":"$CZ$7:$DK$46","headAddress":"$CZ$7:$DK$7","bodyAddress":"$CZ$8:$DK$46","_name":"Л5343 Алматы"}},"codPlan":null,"meterCoef":null,"_name":"Л5343 Алматы"}