{"ID":"5e10b57d-77ab-44eb-9545-db027d8e79f0","childs":{"PS":{"_level":0,"parentID":"5e10b57d-77ab-44eb-9545-db027d8e79f0","firstParentID":"5e10b57d-77ab-44eb-9545-db027d8e79f0","ID":"db3c81c2-ffd5-480d-b31a-f06600a7663c","childs":{"прием":{"_level":1,"parentID":"db3c81c2-ffd5-480d-b31a-f06600a7663c","firstParentID":"5e10b57d-77ab-44eb-9545-db027d8e79f0","ID":"2931ca4f-d4fb-42ac-a4b5-df83546eaa6d","childs":{"ручное":{"_level":2,"parentID":"2931ca4f-d4fb-42ac-a4b5-df83546eaa6d","firstParentID":"5e10b57d-77ab-44eb-9545-db027d8e79f0","ID":"65616700-2d8e-40a1-a37c-f6cede33c1e9","childs":null,"emcosID":null,"emcosMLID":null,"WSName":"PS","rangeAddress":"$AE$228:$AE$264","headAddress":"$AE$228","bodyAddress":"$AE$229:$AE$264","_name":"ручное"}},"emcosID":null,"emcosMLID":null,"WSName":"PS","rangeAddress":"$AE$227:$AE$264","headAddress":"$AE$227","bodyAddress":"$AE$228:$AE$264","_name":"прием"}},"emcosID":null,"emcosMLID":null,"WSName":"PS","rangeAddress":"$AE$226:$AE$264","headAddress":"$AE$226","bodyAddress":"$AE$227:$AE$264","_name":"с.н. Каскад Каратальских ГЭС ККГЭС"},"DB":{"_level":0,"parentID":"5e10b57d-77ab-44eb-9545-db027d8e79f0","firstParentID":"5e10b57d-77ab-44eb-9545-db027d8e79f0","ID":"e27f119f-3ccc-45f0-a61d-79ee22c50068","childs":{"прием":{"_level":1,"parentID":"e27f119f-3ccc-45f0-a61d-79ee22c50068","firstParentID":"5e10b57d-77ab-44eb-9545-db027d8e79f0","ID":"dab63216-c871-42bd-a638-6c01c3863d7c","childs":{"код":{"_level":2,"parentID":"dab63216-c871-42bd-a638-6c01c3863d7c","firstParentID":"5e10b57d-77ab-44eb-9545-db027d8e79f0","ID":"b289e879-5c90-4786-b304-ee7c184ba435","childs":null,"emcosID":null,"emcosMLID":null,"WSName":"DB","rangeAddress":"$FJ$224:$FJ$261","headAddress":"$FJ$224","bodyAddress":"$FJ$225:$FJ$261","_name":"код"},"основное":{"_level":2,"parentID":"dab63216-c871-42bd-a638-6c01c3863d7c","firstParentID":"5e10b57d-77ab-44eb-9545-db027d8e79f0","ID":"c83ca8cf-fb8f-42fe-adaa-916b1c5044e4","childs":null,"emcosID":null,"emcosMLID":null,"WSName":"DB","rangeAddress":"$FK$224:$FK$261","headAddress":"$FK$224","bodyAddress":"$FK$225:$FK$261","_name":"основное"},"корректировка факт":{"_level":2,"parentID":"dab63216-c871-42bd-a638-6c01c3863d7c","firstParentID":"5e10b57d-77ab-44eb-9545-db027d8e79f0","ID":"3ebd00b9-700d-4097-b4a9-00f5c0da3c06","childs":null,"emcosID":null,"emcosMLID":null,"WSName":"DB","rangeAddress":"$FL$224:$FL$261","headAddress":"$FL$224","bodyAddress":"$FL$225:$FL$261","_name":"корректировка факт"},"ручное":{"_level":2,"parentID":"dab63216-c871-42bd-a638-6c01c3863d7c","firstParentID":"5e10b57d-77ab-44eb-9545-db027d8e79f0","ID":"d0da93be-4a5d-4550-a454-710c9737009b","childs":null,"emcosID":null,"emcosMLID":null,"WSName":"DB","rangeAddress":"$FM$224:$FM$261","headAddress":"$FM$224","bodyAddress":"$FM$225:$FM$261","_name":"ручное"}},"emcosID":null,"emcosMLID":null,"WSName":"DB","rangeAddress":"$FJ$223:$FM$261","headAddress":"$FJ$223:$FM$223","bodyAddress":"$FJ$224:$FM$261","_name":"прием"}},"emcosID":null,"emcosMLID":null,"WSName":"DB","rangeAddress":"$FJ$222:$FM$261","headAddress":"$FJ$222:$FM$222","bodyAddress":"$FJ$223:$FM$261","_name":"с.н. Каскад Каратальских ГЭС ККГЭС"}},"codPlan":null,"meterCoef":null,"_name":"с.н. Каскад Каратальских ГЭС ККГЭС"}