{"ID":"72af8d55-13a7-4d35-8388-334982ffaad7","childs":{"PS":{"_level":0,"parentID":"72af8d55-13a7-4d35-8388-334982ffaad7","firstParentID":"72af8d55-13a7-4d35-8388-334982ffaad7","ID":"c33bccff-bd68-43ab-8314-1751b501ce3a","childs":{"прием":{"_level":1,"parentID":"c33bccff-bd68-43ab-8314-1751b501ce3a","firstParentID":"72af8d55-13a7-4d35-8388-334982ffaad7","ID":"ccaec419-6899-449b-aa18-a72649de50cf","childs":{"оперативное":{"_level":2,"parentID":"ccaec419-6899-449b-aa18-a72649de50cf","firstParentID":"72af8d55-13a7-4d35-8388-334982ffaad7","ID":"ca9b412a-8b1c-4103-bffa-318feba5fff7","childs":null,"emcosID":null,"emcosMLID":null,"WSName":"PS","rangeAddress":"$DS$56:$DS$92","headAddress":"$DS$56","bodyAddress":"$DS$57:$DS$92","_name":"оперативное"}},"emcosID":null,"emcosMLID":null,"WSName":"PS","rangeAddress":"$DS$55:$DS$92","headAddress":"$DS$55","bodyAddress":"$DS$56:$DS$92","_name":"прием"},"отдача":{"_level":1,"parentID":"c33bccff-bd68-43ab-8314-1751b501ce3a","firstParentID":"72af8d55-13a7-4d35-8388-334982ffaad7","ID":"48ec9776-c8f6-40a1-a8b1-cd781ef5b5b0","childs":{"оперативное":{"_level":2,"parentID":"48ec9776-c8f6-40a1-a8b1-cd781ef5b5b0","firstParentID":"72af8d55-13a7-4d35-8388-334982ffaad7","ID":"0578b9b5-8ee5-410e-b4e0-48246e53ee40","childs":null,"emcosID":null,"emcosMLID":null,"WSName":"PS","rangeAddress":"$DT$56:$DT$92","headAddress":"$DT$56","bodyAddress":"$DT$57:$DT$92","_name":"оперативное"}},"emcosID":null,"emcosMLID":null,"WSName":"PS","rangeAddress":"$DT$55:$DT$92","headAddress":"$DT$55","bodyAddress":"$DT$56:$DT$92","_name":"отдача"}},"emcosID":null,"emcosMLID":null,"WSName":"PS","rangeAddress":"$DS$54:$DT$92","headAddress":"$DS$54:$DT$54","bodyAddress":"$DS$55:$DT$92","_name":"Л2413 Алма"},"DB":{"_level":0,"parentID":"72af8d55-13a7-4d35-8388-334982ffaad7","firstParentID":"72af8d55-13a7-4d35-8388-334982ffaad7","ID":"95d69fa3-6861-4bc0-ad59-9007a0365b66","childs":{"прием":{"_level":1,"parentID":"95d69fa3-6861-4bc0-ad59-9007a0365b66","firstParentID":"72af8d55-13a7-4d35-8388-334982ffaad7","ID":"2b8ea032-873a-49e5-9e76-a4dc4592b6d7","childs":{"код":{"_level":2,"parentID":"2b8ea032-873a-49e5-9e76-a4dc4592b6d7","firstParentID":"72af8d55-13a7-4d35-8388-334982ffaad7","ID":"55b92725-def3-4a91-a91a-5e1b4255076e","childs":null,"emcosID":null,"emcosMLID":null,"WSName":"DB","rangeAddress":"$FY$52:$FY$89","headAddress":"$FY$52","bodyAddress":"$FY$53:$FY$89","_name":"код"},"основное":{"_level":2,"parentID":"2b8ea032-873a-49e5-9e76-a4dc4592b6d7","firstParentID":"72af8d55-13a7-4d35-8388-334982ffaad7","ID":"2f4f6552-606e-49a2-87fe-b54ff8fe39b3","childs":null,"emcosID":null,"emcosMLID":null,"WSName":"DB","rangeAddress":"$FZ$52:$FZ$89","headAddress":"$FZ$52","bodyAddress":"$FZ$53:$FZ$89","_name":"основное"},"корректировка факт":{"_level":2,"parentID":"2b8ea032-873a-49e5-9e76-a4dc4592b6d7","firstParentID":"72af8d55-13a7-4d35-8388-334982ffaad7","ID":"0ee37434-56a2-402f-9ac2-16337bd39045","childs":null,"emcosID":null,"emcosMLID":null,"WSName":"DB","rangeAddress":"$GA$52:$GA$89","headAddress":"$GA$52","bodyAddress":"$GA$53:$GA$89","_name":"корректировка факт"},"ручное":{"_level":2,"parentID":"2b8ea032-873a-49e5-9e76-a4dc4592b6d7","firstParentID":"72af8d55-13a7-4d35-8388-334982ffaad7","ID":"e5eb6ce2-5b2a-4b95-914f-9a74ce9b422d","childs":null,"emcosID":null,"emcosMLID":null,"WSName":"DB","rangeAddress":"$GB$52:$GB$89","headAddress":"$GB$52","bodyAddress":"$GB$53:$GB$89","_name":"ручное"},"оперативное":{"_level":2,"parentID":"2b8ea032-873a-49e5-9e76-a4dc4592b6d7","firstParentID":"72af8d55-13a7-4d35-8388-334982ffaad7","ID":"7d3d31f2-2f1f-46bd-b803-80422d929c33","childs":null,"emcosID":null,"emcosMLID":null,"WSName":"DB","rangeAddress":"$GC$52:$GC$89","headAddress":"$GC$52","bodyAddress":"$GC$53:$GC$89","_name":"оперативное"},"счетчик":{"_level":2,"parentID":"2b8ea032-873a-49e5-9e76-a4dc4592b6d7","firstParentID":"72af8d55-13a7-4d35-8388-334982ffaad7","ID":"ce60619f-d494-4eb8-9c3d-36f91cc965a6","childs":null,"emcosID":null,"emcosMLID":null,"WSName":"DB","rangeAddress":"$GD$52:$GD$89","headAddress":"$GD$52","bodyAddress":"$GD$53:$GD$89","_name":"счетчик"},"по счетчику":{"_level":2,"parentID":"2b8ea032-873a-49e5-9e76-a4dc4592b6d7","firstParentID":"72af8d55-13a7-4d35-8388-334982ffaad7","ID":"2bd23b30-247a-4a4a-b0c5-dcb83f85320a","childs":null,"emcosID":null,"emcosMLID":null,"WSName":"DB","rangeAddress":"$GE$52:$GE$89","headAddress":"$GE$52","bodyAddress":"$GE$53:$GE$89","_name":"по счетчику"}},"emcosID":null,"emcosMLID":null,"WSName":"DB","rangeAddress":"$FY$51:$GE$89","headAddress":"$FY$51:$GE$51","bodyAddress":"$FY$52:$GE$89","_name":"прием"},"отдача":{"_level":1,"parentID":"95d69fa3-6861-4bc0-ad59-9007a0365b66","firstParentID":"72af8d55-13a7-4d35-8388-334982ffaad7","ID":"042ba897-5eff-4724-b950-372cfd214a91","childs":{"код":{"_level":2,"parentID":"042ba897-5eff-4724-b950-372cfd214a91","firstParentID":"72af8d55-13a7-4d35-8388-334982ffaad7","ID":"672677ab-1d5c-402c-848d-52216d3ebbba","childs":null,"emcosID":null,"emcosMLID":null,"WSName":"DB","rangeAddress":"$GF$52:$GF$89","headAddress":"$GF$52","bodyAddress":"$GF$53:$GF$89","_name":"код"},"основное":{"_level":2,"parentID":"042ba897-5eff-4724-b950-372cfd214a91","firstParentID":"72af8d55-13a7-4d35-8388-334982ffaad7","ID":"866ef7fe-b708-4be9-a108-8e97abf804db","childs":null,"emcosID":null,"emcosMLID":null,"WSName":"DB","rangeAddress":"$GG$52:$GG$89","headAddress":"$GG$52","bodyAddress":"$GG$53:$GG$89","_name":"основное"},"корректировка факт":{"_level":2,"parentID":"042ba897-5eff-4724-b950-372cfd214a91","firstParentID":"72af8d55-13a7-4d35-8388-334982ffaad7","ID":"2bf4d632-c33e-44dd-b090-a7800cda989b","childs":null,"emcosID":null,"emcosMLID":null,"WSName":"DB","rangeAddress":"$GH$52:$GH$89","headAddress":"$GH$52","bodyAddress":"$GH$53:$GH$89","_name":"корректировка факт"},"ручное":{"_level":2,"parentID":"042ba897-5eff-4724-b950-372cfd214a91","firstParentID":"72af8d55-13a7-4d35-8388-334982ffaad7","ID":"0d82d128-8db6-47f3-b4fb-0f5234a058be","childs":null,"emcosID":null,"emcosMLID":null,"WSName":"DB","rangeAddress":"$GI$52:$GI$89","headAddress":"$GI$52","bodyAddress":"$GI$53:$GI$89","_name":"ручное"},"оперативное":{"_level":2,"parentID":"042ba897-5eff-4724-b950-372cfd214a91","firstParentID":"72af8d55-13a7-4d35-8388-334982ffaad7","ID":"796a8de1-3765-4283-828a-6764d9a7c129","childs":null,"emcosID":null,"emcosMLID":null,"WSName":"DB","rangeAddress":"$GJ$52:$GJ$89","headAddress":"$GJ$52","bodyAddress":"$GJ$53:$GJ$89","_name":"оперативное"},"счетчик":{"_level":2,"parentID":"042ba897-5eff-4724-b950-372cfd214a91","firstParentID":"72af8d55-13a7-4d35-8388-334982ffaad7","ID":"cbff5053-8c77-45b5-a5b5-c4db2b86785b","childs":null,"emcosID":null,"emcosMLID":null,"WSName":"DB","rangeAddress":"$GK$52:$GK$89","headAddress":"$GK$52","bodyAddress":"$GK$53:$GK$89","_name":"счетчик"},"по счетчику":{"_level":2,"parentID":"042ba897-5eff-4724-b950-372cfd214a91","firstParentID":"72af8d55-13a7-4d35-8388-334982ffaad7","ID":"d9a1fa41-7fb0-49cc-9f9b-b5f1606743f7","childs":null,"emcosID":null,"emcosMLID":null,"WSName":"DB","rangeAddress":"$GL$52:$GL$89","headAddress":"$GL$52","bodyAddress":"$GL$53:$GL$89","_name":"по счетчику"}},"emcosID":null,"emcosMLID":null,"WSName":"DB","rangeAddress":"$GF$51:$GL$89","headAddress":"$GF$51:$GL$51","bodyAddress":"$GF$52:$GL$89","_name":"отдача"}},"emcosID":null,"emcosMLID":null,"WSName":"DB","rangeAddress":"$FY$50:$GL$89","headAddress":"$FY$50:$GL$50","bodyAddress":"$FY$51:$GL$89","_name":"Л2413 Алма"}},"codPlan":null,"meterCoef":null,"_name":"Л2413 Алма"}