{"ID":"7f1c07a6-4df2-4783-ac0f-7f961b5314e5","childs":{"PS":{"_level":0,"parentID":"7f1c07a6-4df2-4783-ac0f-7f961b5314e5","firstParentID":"7f1c07a6-4df2-4783-ac0f-7f961b5314e5","ID":"cd920edf-97ed-46c2-b61b-ccbedfa856ba","childs":{"прием":{"_level":1,"parentID":"cd920edf-97ed-46c2-b61b-ccbedfa856ba","firstParentID":"7f1c07a6-4df2-4783-ac0f-7f961b5314e5","ID":"b283a395-9d8d-4f5d-9a3c-426d8a12f62b","childs":{"по счетчику":{"_level":2,"parentID":"b283a395-9d8d-4f5d-9a3c-426d8a12f62b","firstParentID":"7f1c07a6-4df2-4783-ac0f-7f961b5314e5","ID":"ceb74138-b997-4377-9c29-4ff936cc178f","childs":null,"emcosID":null,"emcosMLID":null,"WSName":"PS","rangeAddress":"$DK$56:$DK$92","headAddress":"$DK$56","bodyAddress":"$DK$57:$DK$92","_name":"по счетчику"}},"emcosID":null,"emcosMLID":null,"WSName":"PS","rangeAddress":"$DK$55:$DK$92","headAddress":"$DK$55","bodyAddress":"$DK$56:$DK$92","_name":"прием"},"отдача":{"_level":1,"parentID":"cd920edf-97ed-46c2-b61b-ccbedfa856ba","firstParentID":"7f1c07a6-4df2-4783-ac0f-7f961b5314e5","ID":"9fc25dac-a065-4086-b865-5eadd669d575","childs":{"по счетчику":{"_level":2,"parentID":"9fc25dac-a065-4086-b865-5eadd669d575","firstParentID":"7f1c07a6-4df2-4783-ac0f-7f961b5314e5","ID":"42461dc9-d247-4c63-8b53-4656dd4d4317","childs":null,"emcosID":null,"emcosMLID":null,"WSName":"PS","rangeAddress":"$DL$56:$DL$92","headAddress":"$DL$56","bodyAddress":"$DL$57:$DL$92","_name":"по счетчику"}},"emcosID":null,"emcosMLID":null,"WSName":"PS","rangeAddress":"$DL$55:$DL$92","headAddress":"$DL$55","bodyAddress":"$DL$56:$DL$92","_name":"отдача"}},"emcosID":null,"emcosMLID":null,"WSName":"PS","rangeAddress":"$DK$54:$DL$92","headAddress":"$DK$54:$DL$54","bodyAddress":"$DK$55:$DL$92","_name":"Л5363 Алма"},"DB":{"_level":0,"parentID":"7f1c07a6-4df2-4783-ac0f-7f961b5314e5","firstParentID":"7f1c07a6-4df2-4783-ac0f-7f961b5314e5","ID":"c727661c-130c-4c30-b05b-8b3b97e916f9","childs":{"прием":{"_level":1,"parentID":"c727661c-130c-4c30-b05b-8b3b97e916f9","firstParentID":"7f1c07a6-4df2-4783-ac0f-7f961b5314e5","ID":"60e50f9a-62e7-4ec5-9824-526df094662e","childs":{"код":{"_level":2,"parentID":"60e50f9a-62e7-4ec5-9824-526df094662e","firstParentID":"7f1c07a6-4df2-4783-ac0f-7f961b5314e5","ID":"1efafa1b-5905-4c79-9c60-5b4b63789642","childs":null,"emcosID":null,"emcosMLID":null,"WSName":"DB","rangeAddress":"$HW$52:$HW$89","headAddress":"$HW$52","bodyAddress":"$HW$53:$HW$89","_name":"код"},"основное":{"_level":2,"parentID":"60e50f9a-62e7-4ec5-9824-526df094662e","firstParentID":"7f1c07a6-4df2-4783-ac0f-7f961b5314e5","ID":"3ecb899f-7779-42aa-a7e1-0fb7e2e7d7c3","childs":null,"emcosID":null,"emcosMLID":null,"WSName":"DB","rangeAddress":"$HX$52:$HX$89","headAddress":"$HX$52","bodyAddress":"$HX$53:$HX$89","_name":"основное"},"корректировка факт":{"_level":2,"parentID":"60e50f9a-62e7-4ec5-9824-526df094662e","firstParentID":"7f1c07a6-4df2-4783-ac0f-7f961b5314e5","ID":"ac95d568-a654-44a7-a15f-8d9fc40dca2a","childs":null,"emcosID":null,"emcosMLID":null,"WSName":"DB","rangeAddress":"$HY$52:$HY$89","headAddress":"$HY$52","bodyAddress":"$HY$53:$HY$89","_name":"корректировка факт"},"ручное":{"_level":2,"parentID":"60e50f9a-62e7-4ec5-9824-526df094662e","firstParentID":"7f1c07a6-4df2-4783-ac0f-7f961b5314e5","ID":"7a5c5332-a437-4148-a050-3510a8571ddc","childs":null,"emcosID":null,"emcosMLID":null,"WSName":"DB","rangeAddress":"$HZ$52:$HZ$89","headAddress":"$HZ$52","bodyAddress":"$HZ$53:$HZ$89","_name":"ручное"},"счетчик":{"_level":2,"parentID":"60e50f9a-62e7-4ec5-9824-526df094662e","firstParentID":"7f1c07a6-4df2-4783-ac0f-7f961b5314e5","ID":"54a9a1fc-91dc-4ee8-b0de-c16f4ca8e5e2","childs":null,"emcosID":null,"emcosMLID":null,"WSName":"DB","rangeAddress":"$IA$52:$IA$89","headAddress":"$IA$52","bodyAddress":"$IA$53:$IA$89","_name":"счетчик"},"по счетчику":{"_level":2,"parentID":"60e50f9a-62e7-4ec5-9824-526df094662e","firstParentID":"7f1c07a6-4df2-4783-ac0f-7f961b5314e5","ID":"0dc5e1ec-961a-4f50-ab81-dbc42a7b2fde","childs":null,"emcosID":null,"emcosMLID":null,"WSName":"DB","rangeAddress":"$IB$52:$IB$89","headAddress":"$IB$52","bodyAddress":"$IB$53:$IB$89","_name":"по счетчику"}},"emcosID":null,"emcosMLID":null,"WSName":"DB","rangeAddress":"$HW$51:$IB$89","headAddress":"$HW$51:$IB$51","bodyAddress":"$HW$52:$IB$89","_name":"прием"},"отдача":{"_level":1,"parentID":"c727661c-130c-4c30-b05b-8b3b97e916f9","firstParentID":"7f1c07a6-4df2-4783-ac0f-7f961b5314e5","ID":"b8c71450-39e2-4208-8dab-7c77efeccf4b","childs":{"код":{"_level":2,"parentID":"b8c71450-39e2-4208-8dab-7c77efeccf4b","firstParentID":"7f1c07a6-4df2-4783-ac0f-7f961b5314e5","ID":"3e3bd77c-f745-4a25-814a-8d6724c1e70f","childs":null,"emcosID":null,"emcosMLID":null,"WSName":"DB","rangeAddress":"$IC$52:$IC$89","headAddress":"$IC$52","bodyAddress":"$IC$53:$IC$89","_name":"код"},"основное":{"_level":2,"parentID":"b8c71450-39e2-4208-8dab-7c77efeccf4b","firstParentID":"7f1c07a6-4df2-4783-ac0f-7f961b5314e5","ID":"9f4c63ff-2c47-4366-95f8-250a3bd7fb37","childs":null,"emcosID":null,"emcosMLID":null,"WSName":"DB","rangeAddress":"$ID$52:$ID$89","headAddress":"$ID$52","bodyAddress":"$ID$53:$ID$89","_name":"основное"},"корректировка факт":{"_level":2,"parentID":"b8c71450-39e2-4208-8dab-7c77efeccf4b","firstParentID":"7f1c07a6-4df2-4783-ac0f-7f961b5314e5","ID":"71ec5c16-2f72-4972-b612-3d9e9c02ef7a","childs":null,"emcosID":null,"emcosMLID":null,"WSName":"DB","rangeAddress":"$IE$52:$IE$89","headAddress":"$IE$52","bodyAddress":"$IE$53:$IE$89","_name":"корректировка факт"},"ручное":{"_level":2,"parentID":"b8c71450-39e2-4208-8dab-7c77efeccf4b","firstParentID":"7f1c07a6-4df2-4783-ac0f-7f961b5314e5","ID":"bc04976a-dda8-4223-91c9-e04fbd025d00","childs":null,"emcosID":null,"emcosMLID":null,"WSName":"DB","rangeAddress":"$IF$52:$IF$89","headAddress":"$IF$52","bodyAddress":"$IF$53:$IF$89","_name":"ручное"},"счетчик":{"_level":2,"parentID":"b8c71450-39e2-4208-8dab-7c77efeccf4b","firstParentID":"7f1c07a6-4df2-4783-ac0f-7f961b5314e5","ID":"90a5f894-9fb7-45e2-8c15-e8783de884c5","childs":null,"emcosID":null,"emcosMLID":null,"WSName":"DB","rangeAddress":"$IG$52:$IG$89","headAddress":"$IG$52","bodyAddress":"$IG$53:$IG$89","_name":"счетчик"},"по счетчику":{"_level":2,"parentID":"b8c71450-39e2-4208-8dab-7c77efeccf4b","firstParentID":"7f1c07a6-4df2-4783-ac0f-7f961b5314e5","ID":"78cb725c-9f08-4b72-8428-de3909f4e732","childs":null,"emcosID":null,"emcosMLID":null,"WSName":"DB","rangeAddress":"$IH$52:$IH$89","headAddress":"$IH$52","bodyAddress":"$IH$53:$IH$89","_name":"по счетчику"}},"emcosID":null,"emcosMLID":null,"WSName":"DB","rangeAddress":"$IC$51:$IH$89","headAddress":"$IC$51:$IH$51","bodyAddress":"$IC$52:$IH$89","_name":"отдача"}},"emcosID":null,"emcosMLID":null,"WSName":"DB","rangeAddress":"$HW$50:$IH$89","headAddress":"$HW$50:$IH$50","bodyAddress":"$HW$51:$IH$89","_name":"Л5363 Алма"}},"codPlan":null,"meterCoef":null,"_name":"Л5363 Алма"}