{"ID":"d440f826-7b5a-4794-bf7c-679a805b24e0","childs":{"PS":{"_level":0,"parentID":"d440f826-7b5a-4794-bf7c-679a805b24e0","firstParentID":"d440f826-7b5a-4794-bf7c-679a805b24e0","ID":"ee0d6f91-51f5-430e-889c-7e7f718bb260","childs":{"прием":{"_level":1,"parentID":"ee0d6f91-51f5-430e-889c-7e7f718bb260","firstParentID":"d440f826-7b5a-4794-bf7c-679a805b24e0","ID":"5d0b8a2c-9537-4ebd-9359-b0c1a003424d","childs":{"по счетчику":{"_level":2,"parentID":"5d0b8a2c-9537-4ebd-9359-b0c1a003424d","firstParentID":"d440f826-7b5a-4794-bf7c-679a805b24e0","ID":"a31334dc-d1eb-470f-9f57-17cea9c3fddd","childs":null,"emcosID":null,"emcosMLID":null,"WSName":"PS","rangeAddress":"$CB$56:$CB$92","headAddress":"$CB$56","bodyAddress":"$CB$57:$CB$92","_name":"по счетчику"}},"emcosID":null,"emcosMLID":null,"WSName":"PS","rangeAddress":"$CB$55:$CB$92","headAddress":"$CB$55","bodyAddress":"$CB$56:$CB$92","_name":"прием"},"отдача":{"_level":1,"parentID":"ee0d6f91-51f5-430e-889c-7e7f718bb260","firstParentID":"d440f826-7b5a-4794-bf7c-679a805b24e0","ID":"7838dfaf-0b7f-4aab-b567-239136384eaf","childs":{"по счетчику":{"_level":2,"parentID":"7838dfaf-0b7f-4aab-b567-239136384eaf","firstParentID":"d440f826-7b5a-4794-bf7c-679a805b24e0","ID":"60a289cb-9573-48e9-afbf-0ec531a938a3","childs":null,"emcosID":null,"emcosMLID":null,"WSName":"PS","rangeAddress":"$CC$56:$CC$92","headAddress":"$CC$56","bodyAddress":"$CC$57:$CC$92","_name":"по счетчику"}},"emcosID":null,"emcosMLID":null,"WSName":"PS","rangeAddress":"$CC$55:$CC$92","headAddress":"$CC$55","bodyAddress":"$CC$56:$CC$92","_name":"отдача"}},"emcosID":null,"emcosMLID":null,"WSName":"PS","rangeAddress":"$CB$54:$CC$92","headAddress":"$CB$54:$CC$54","bodyAddress":"$CB$55:$CC$92","_name":"Л2773 Алматы"},"DB":{"_level":0,"parentID":"d440f826-7b5a-4794-bf7c-679a805b24e0","firstParentID":"d440f826-7b5a-4794-bf7c-679a805b24e0","ID":"6073acb7-ad31-44c3-8e81-a31163b6dd10","childs":{"прием":{"_level":1,"parentID":"6073acb7-ad31-44c3-8e81-a31163b6dd10","firstParentID":"d440f826-7b5a-4794-bf7c-679a805b24e0","ID":"023cb9d6-1b1f-464a-95dd-2ea8619f7970","childs":{"код":{"_level":2,"parentID":"023cb9d6-1b1f-464a-95dd-2ea8619f7970","firstParentID":"d440f826-7b5a-4794-bf7c-679a805b24e0","ID":"0a8111c1-4d6d-4d79-8cbe-86b46d2f2b6e","childs":null,"emcosID":null,"emcosMLID":null,"WSName":"DB","rangeAddress":"$BP$9:$BP$46","headAddress":"$BP$9","bodyAddress":"$BP$10:$BP$46","_name":"код"},"основное":{"_level":2,"parentID":"023cb9d6-1b1f-464a-95dd-2ea8619f7970","firstParentID":"d440f826-7b5a-4794-bf7c-679a805b24e0","ID":"702d49c8-a2e7-42be-b0c0-52cf6b7d4f53","childs":null,"emcosID":null,"emcosMLID":null,"WSName":"DB","rangeAddress":"$BQ$9:$BQ$46","headAddress":"$BQ$9","bodyAddress":"$BQ$10:$BQ$46","_name":"основное"},"корректировка факт":{"_level":2,"parentID":"023cb9d6-1b1f-464a-95dd-2ea8619f7970","firstParentID":"d440f826-7b5a-4794-bf7c-679a805b24e0","ID":"9429f0ff-62f8-427a-9885-848fe3e1a53f","childs":null,"emcosID":null,"emcosMLID":null,"WSName":"DB","rangeAddress":"$BR$9:$BR$46","headAddress":"$BR$9","bodyAddress":"$BR$10:$BR$46","_name":"корректировка факт"},"ручное":{"_level":2,"parentID":"023cb9d6-1b1f-464a-95dd-2ea8619f7970","firstParentID":"d440f826-7b5a-4794-bf7c-679a805b24e0","ID":"b5e9288f-c854-488c-9bda-60a9f8f149ea","childs":null,"emcosID":null,"emcosMLID":null,"WSName":"DB","rangeAddress":"$BS$9:$BS$46","headAddress":"$BS$9","bodyAddress":"$BS$10:$BS$46","_name":"ручное"},"счетчик":{"_level":2,"parentID":"023cb9d6-1b1f-464a-95dd-2ea8619f7970","firstParentID":"d440f826-7b5a-4794-bf7c-679a805b24e0","ID":"44853c19-cf6d-4555-a0da-28da621f98b5","childs":null,"emcosID":null,"emcosMLID":null,"WSName":"DB","rangeAddress":"$BT$9:$BT$46","headAddress":"$BT$9","bodyAddress":"$BT$10:$BT$46","_name":"счетчик"},"по счетчику":{"_level":2,"parentID":"023cb9d6-1b1f-464a-95dd-2ea8619f7970","firstParentID":"d440f826-7b5a-4794-bf7c-679a805b24e0","ID":"671c8d52-896c-417f-b1c3-8caebc4eb061","childs":null,"emcosID":null,"emcosMLID":null,"WSName":"DB","rangeAddress":"$BU$9:$BU$46","headAddress":"$BU$9","bodyAddress":"$BU$10:$BU$46","_name":"по счетчику"}},"emcosID":null,"emcosMLID":null,"WSName":"DB","rangeAddress":"$BP$8:$BU$46","headAddress":"$BP$8:$BU$8","bodyAddress":"$BP$9:$BU$46","_name":"прием"},"отдача":{"_level":1,"parentID":"6073acb7-ad31-44c3-8e81-a31163b6dd10","firstParentID":"d440f826-7b5a-4794-bf7c-679a805b24e0","ID":"870b1fb1-0a99-4092-89cd-bcd44d53066a","childs":{"код":{"_level":2,"parentID":"870b1fb1-0a99-4092-89cd-bcd44d53066a","firstParentID":"d440f826-7b5a-4794-bf7c-679a805b24e0","ID":"f2dce637-cf69-49e4-9936-3250e31ae537","childs":null,"emcosID":null,"emcosMLID":null,"WSName":"DB","rangeAddress":"$BV$9:$BV$46","headAddress":"$BV$9","bodyAddress":"$BV$10:$BV$46","_name":"код"},"основное":{"_level":2,"parentID":"870b1fb1-0a99-4092-89cd-bcd44d53066a","firstParentID":"d440f826-7b5a-4794-bf7c-679a805b24e0","ID":"c7212122-a124-45ff-8112-b4a61d894cfd","childs":null,"emcosID":null,"emcosMLID":null,"WSName":"DB","rangeAddress":"$BW$9:$BW$46","headAddress":"$BW$9","bodyAddress":"$BW$10:$BW$46","_name":"основное"},"корректировка факт":{"_level":2,"parentID":"870b1fb1-0a99-4092-89cd-bcd44d53066a","firstParentID":"d440f826-7b5a-4794-bf7c-679a805b24e0","ID":"16a0476e-bf5b-4425-b30f-9c10493f7fd7","childs":null,"emcosID":null,"emcosMLID":null,"WSName":"DB","rangeAddress":"$BX$9:$BX$46","headAddress":"$BX$9","bodyAddress":"$BX$10:$BX$46","_name":"корректировка факт"},"ручное":{"_level":2,"parentID":"870b1fb1-0a99-4092-89cd-bcd44d53066a","firstParentID":"d440f826-7b5a-4794-bf7c-679a805b24e0","ID":"b41bdc6f-82b8-4ea3-aeb2-3da91dd3c878","childs":null,"emcosID":null,"emcosMLID":null,"WSName":"DB","rangeAddress":"$BY$9:$BY$46","headAddress":"$BY$9","bodyAddress":"$BY$10:$BY$46","_name":"ручное"},"счетчик":{"_level":2,"parentID":"870b1fb1-0a99-4092-89cd-bcd44d53066a","firstParentID":"d440f826-7b5a-4794-bf7c-679a805b24e0","ID":"0c97506e-50f3-4fb3-a5a3-9ff29eead0cd","childs":null,"emcosID":null,"emcosMLID":null,"WSName":"DB","rangeAddress":"$BZ$9:$BZ$46","headAddress":"$BZ$9","bodyAddress":"$BZ$10:$BZ$46","_name":"счетчик"},"по счетчику":{"_level":2,"parentID":"870b1fb1-0a99-4092-89cd-bcd44d53066a","firstParentID":"d440f826-7b5a-4794-bf7c-679a805b24e0","ID":"c95e4b10-4555-4d8d-ba36-a68e77c5aafa","childs":null,"emcosID":null,"emcosMLID":null,"WSName":"DB","rangeAddress":"$CA$9:$CA$46","headAddress":"$CA$9","bodyAddress":"$CA$10:$CA$46","_name":"по счетчику"}},"emcosID":null,"emcosMLID":null,"WSName":"DB","rangeAddress":"$BV$8:$CA$46","headAddress":"$BV$8:$CA$8","bodyAddress":"$BV$9:$CA$46","_name":"отдача"}},"emcosID":null,"emcosMLID":null,"WSName":"DB","rangeAddress":"$BP$7:$CA$46","headAddress":"$BP$7:$CA$7","bodyAddress":"$BP$8:$CA$46","_name":"Л2773 Алматы"}},"codPlan":null,"meterCoef":null,"_name":"Л2773 Алматы"}