{"ID":"e34a02bd-c148-4a17-b485-6d2d45ad5f37","childs":{"PS":{"_level":0,"parentID":"e34a02bd-c148-4a17-b485-6d2d45ad5f37","firstParentID":"e34a02bd-c148-4a17-b485-6d2d45ad5f37","ID":"e6c532eb-bdf0-42e4-974c-cf459a7d2288","childs":{"прием":{"_level":1,"parentID":"e6c532eb-bdf0-42e4-974c-cf459a7d2288","firstParentID":"e34a02bd-c148-4a17-b485-6d2d45ad5f37","ID":"0390d0c4-bec2-451c-b8ec-26d3858687e3","childs":{"ручное":{"_level":2,"parentID":"0390d0c4-bec2-451c-b8ec-26d3858687e3","firstParentID":"e34a02bd-c148-4a17-b485-6d2d45ad5f37","ID":"cd06e3d2-f0c6-4637-8239-2c99616de027","childs":null,"emcosID":null,"emcosMLID":null,"WSName":"PS","rangeAddress":"$AB$142:$AB$178","headAddress":"$AB$142","bodyAddress":"$AB$143:$AB$178","_name":"ручное"}},"emcosID":null,"emcosMLID":null,"WSName":"PS","rangeAddress":"$AB$141:$AB$178","headAddress":"$AB$141","bodyAddress":"$AB$142:$AB$178","_name":"прием"},"отдача":{"_level":1,"parentID":"e6c532eb-bdf0-42e4-974c-cf459a7d2288","firstParentID":"e34a02bd-c148-4a17-b485-6d2d45ad5f37","ID":"489cf2c1-6b16-4ca6-9ea5-491aaf5d37df","childs":{"ручное":{"_level":2,"parentID":"489cf2c1-6b16-4ca6-9ea5-491aaf5d37df","firstParentID":"e34a02bd-c148-4a17-b485-6d2d45ad5f37","ID":"28bfeaf0-82bc-443c-8dbd-2e1f0d2edf4b","childs":null,"emcosID":null,"emcosMLID":null,"WSName":"PS","rangeAddress":"$AC$142:$AC$178","headAddress":"$AC$142","bodyAddress":"$AC$143:$AC$178","_name":"ручное"}},"emcosID":null,"emcosMLID":null,"WSName":"PS","rangeAddress":"$AC$141:$AC$178","headAddress":"$AC$141","bodyAddress":"$AC$142:$AC$178","_name":"отдача"}},"emcosID":null,"emcosMLID":null,"WSName":"PS","rangeAddress":"$AB$140:$AC$178","headAddress":"$AB$140:$AC$140","bodyAddress":"$AB$141:$AC$178","_name":"Л133А Шу 110 Тяга"},"DB":{"_level":0,"parentID":"e34a02bd-c148-4a17-b485-6d2d45ad5f37","firstParentID":"e34a02bd-c148-4a17-b485-6d2d45ad5f37","ID":"07e18d30-0bca-4504-99f1-80c52a354131","childs":{"прием":{"_level":1,"parentID":"07e18d30-0bca-4504-99f1-80c52a354131","firstParentID":"e34a02bd-c148-4a17-b485-6d2d45ad5f37","ID":"b352d3a8-69ae-42d8-9514-dccc9712b202","childs":{"код":{"_level":2,"parentID":"b352d3a8-69ae-42d8-9514-dccc9712b202","firstParentID":"e34a02bd-c148-4a17-b485-6d2d45ad5f37","ID":"b0f60b55-83d1-4b52-a577-a4cfb6884b4e","childs":null,"emcosID":null,"emcosMLID":null,"WSName":"DB","rangeAddress":"$BV$224:$BV$261","headAddress":"$BV$224","bodyAddress":"$BV$225:$BV$261","_name":"код"},"основное":{"_level":2,"parentID":"b352d3a8-69ae-42d8-9514-dccc9712b202","firstParentID":"e34a02bd-c148-4a17-b485-6d2d45ad5f37","ID":"fe4a100e-0176-47ae-919c-cb94573e8160","childs":null,"emcosID":null,"emcosMLID":null,"WSName":"DB","rangeAddress":"$BW$224:$BW$261","headAddress":"$BW$224","bodyAddress":"$BW$225:$BW$261","_name":"основное"},"корректировка факт":{"_level":2,"parentID":"b352d3a8-69ae-42d8-9514-dccc9712b202","firstParentID":"e34a02bd-c148-4a17-b485-6d2d45ad5f37","ID":"742aa24f-7fd7-43d2-a1e4-3ba5ce84d573","childs":null,"emcosID":null,"emcosMLID":null,"WSName":"DB","rangeAddress":"$BX$224:$BX$261","headAddress":"$BX$224","bodyAddress":"$BX$225:$BX$261","_name":"корректировка факт"},"ручное":{"_level":2,"parentID":"b352d3a8-69ae-42d8-9514-dccc9712b202","firstParentID":"e34a02bd-c148-4a17-b485-6d2d45ad5f37","ID":"098d58cb-b47f-4749-bda3-212824a4af2c","childs":null,"emcosID":null,"emcosMLID":null,"WSName":"DB","rangeAddress":"$BY$224:$BY$261","headAddress":"$BY$224","bodyAddress":"$BY$225:$BY$261","_name":"ручное"}},"emcosID":null,"emcosMLID":null,"WSName":"DB","rangeAddress":"$BV$223:$BY$261","headAddress":"$BV$223:$BY$223","bodyAddress":"$BV$224:$BY$261","_name":"прием"},"отдача":{"_level":1,"parentID":"07e18d30-0bca-4504-99f1-80c52a354131","firstParentID":"e34a02bd-c148-4a17-b485-6d2d45ad5f37","ID":"160549fa-6638-46aa-8898-09322f8c8aa0","childs":{"код":{"_level":2,"parentID":"160549fa-6638-46aa-8898-09322f8c8aa0","firstParentID":"e34a02bd-c148-4a17-b485-6d2d45ad5f37","ID":"fb8415fc-c297-4ad4-bbfc-20680018fa21","childs":null,"emcosID":null,"emcosMLID":null,"WSName":"DB","rangeAddress":"$BZ$224:$BZ$261","headAddress":"$BZ$224","bodyAddress":"$BZ$225:$BZ$261","_name":"код"},"основное":{"_level":2,"parentID":"160549fa-6638-46aa-8898-09322f8c8aa0","firstParentID":"e34a02bd-c148-4a17-b485-6d2d45ad5f37","ID":"1189681a-380e-4ce3-a7d5-8eb0ab32f26c","childs":null,"emcosID":null,"emcosMLID":null,"WSName":"DB","rangeAddress":"$CA$224:$CA$261","headAddress":"$CA$224","bodyAddress":"$CA$225:$CA$261","_name":"основное"},"корректировка факт":{"_level":2,"parentID":"160549fa-6638-46aa-8898-09322f8c8aa0","firstParentID":"e34a02bd-c148-4a17-b485-6d2d45ad5f37","ID":"41192d76-54fb-4beb-ac8e-0c18b476a7dd","childs":null,"emcosID":null,"emcosMLID":null,"WSName":"DB","rangeAddress":"$CB$224:$CB$261","headAddress":"$CB$224","bodyAddress":"$CB$225:$CB$261","_name":"корректировка факт"},"ручное":{"_level":2,"parentID":"160549fa-6638-46aa-8898-09322f8c8aa0","firstParentID":"e34a02bd-c148-4a17-b485-6d2d45ad5f37","ID":"dd25d05f-4360-4261-98ec-5dc560284220","childs":null,"emcosID":null,"emcosMLID":null,"WSName":"DB","rangeAddress":"$CC$224:$CC$261","headAddress":"$CC$224","bodyAddress":"$CC$225:$CC$261","_name":"ручное"}},"emcosID":null,"emcosMLID":null,"WSName":"DB","rangeAddress":"$BZ$223:$CC$261","headAddress":"$BZ$223:$CC$223","bodyAddress":"$BZ$224:$CC$261","_name":"отдача"}},"emcosID":null,"emcosMLID":null,"WSName":"DB","rangeAddress":"$BV$222:$CC$261","headAddress":"$BV$222:$CC$222","bodyAddress":"$BV$223:$CC$261","_name":"Л133А Шу 110 Тяга"}},"codPlan":null,"meterCoef":null,"_name":"Л133А Шу 110 Тяга"}