{"ID":"ee72e8a5-3a01-4e21-96e9-b63b67646331","childs":{"PS":{"_level":0,"parentID":"ee72e8a5-3a01-4e21-96e9-b63b67646331","firstParentID":"ee72e8a5-3a01-4e21-96e9-b63b67646331","ID":"482ccb5b-2439-4732-b175-a0687f92fe46","childs":{"прием":{"_level":1,"parentID":"482ccb5b-2439-4732-b175-a0687f92fe46","firstParentID":"ee72e8a5-3a01-4e21-96e9-b63b67646331","ID":"c4a4afba-da93-422f-ae18-8dd566206759","childs":{"по счетчику":{"_level":2,"parentID":"c4a4afba-da93-422f-ae18-8dd566206759","firstParentID":"ee72e8a5-3a01-4e21-96e9-b63b67646331","ID":"b03946fa-b3b9-4908-a15b-2ae09c0f7704","childs":null,"emcosID":null,"emcosMLID":null,"WSName":"PS","rangeAddress":"$CF$56:$CF$92","headAddress":"$CF$56","bodyAddress":"$CF$57:$CF$92","_name":"по счетчику"}},"emcosID":null,"emcosMLID":null,"WSName":"PS","rangeAddress":"$CF$55:$CF$92","headAddress":"$CF$55","bodyAddress":"$CF$56:$CF$92","_name":"прием"},"отдача":{"_level":1,"parentID":"482ccb5b-2439-4732-b175-a0687f92fe46","firstParentID":"ee72e8a5-3a01-4e21-96e9-b63b67646331","ID":"8d0b0345-587d-400a-81de-3b6b39eae219","childs":{"по счетчику":{"_level":2,"parentID":"8d0b0345-587d-400a-81de-3b6b39eae219","firstParentID":"ee72e8a5-3a01-4e21-96e9-b63b67646331","ID":"b6615936-5f6d-48f2-b374-747b05d7b334","childs":null,"emcosID":null,"emcosMLID":null,"WSName":"PS","rangeAddress":"$CG$56:$CG$92","headAddress":"$CG$56","bodyAddress":"$CG$57:$CG$92","_name":"по счетчику"}},"emcosID":null,"emcosMLID":null,"WSName":"PS","rangeAddress":"$CG$55:$CG$92","headAddress":"$CG$55","bodyAddress":"$CG$56:$CG$92","_name":"отдача"}},"emcosID":null,"emcosMLID":null,"WSName":"PS","rangeAddress":"$CF$54:$CG$92","headAddress":"$CF$54:$CG$54","bodyAddress":"$CF$55:$CG$92","_name":"Л2093 Алматы"},"DB":{"_level":0,"parentID":"ee72e8a5-3a01-4e21-96e9-b63b67646331","firstParentID":"ee72e8a5-3a01-4e21-96e9-b63b67646331","ID":"80dae351-670a-4f42-aeee-9335c33e5f2c","childs":{"прием":{"_level":1,"parentID":"80dae351-670a-4f42-aeee-9335c33e5f2c","firstParentID":"ee72e8a5-3a01-4e21-96e9-b63b67646331","ID":"189da366-d11d-4573-9acc-72f445948227","childs":{"код":{"_level":2,"parentID":"189da366-d11d-4573-9acc-72f445948227","firstParentID":"ee72e8a5-3a01-4e21-96e9-b63b67646331","ID":"76801e4b-00ce-41ab-a834-e00ba592f3c5","childs":null,"emcosID":null,"emcosMLID":null,"WSName":"DB","rangeAddress":"$AP$9:$AP$46","headAddress":"$AP$9","bodyAddress":"$AP$10:$AP$46","_name":"код"},"основное":{"_level":2,"parentID":"189da366-d11d-4573-9acc-72f445948227","firstParentID":"ee72e8a5-3a01-4e21-96e9-b63b67646331","ID":"143a1235-86ff-4351-8a07-3f822f0771ab","childs":null,"emcosID":null,"emcosMLID":null,"WSName":"DB","rangeAddress":"$AQ$9:$AQ$46","headAddress":"$AQ$9","bodyAddress":"$AQ$10:$AQ$46","_name":"основное"},"корректировка факт":{"_level":2,"parentID":"189da366-d11d-4573-9acc-72f445948227","firstParentID":"ee72e8a5-3a01-4e21-96e9-b63b67646331","ID":"f6a23063-b81d-4cbc-a360-8657f9fa7449","childs":null,"emcosID":null,"emcosMLID":null,"WSName":"DB","rangeAddress":"$AR$9:$AR$46","headAddress":"$AR$9","bodyAddress":"$AR$10:$AR$46","_name":"корректировка факт"},"ручное":{"_level":2,"parentID":"189da366-d11d-4573-9acc-72f445948227","firstParentID":"ee72e8a5-3a01-4e21-96e9-b63b67646331","ID":"1261284a-dfb9-4b60-8f57-781b64107a6d","childs":null,"emcosID":null,"emcosMLID":null,"WSName":"DB","rangeAddress":"$AS$9:$AS$46","headAddress":"$AS$9","bodyAddress":"$AS$10:$AS$46","_name":"ручное"},"оперативное":{"_level":2,"parentID":"189da366-d11d-4573-9acc-72f445948227","firstParentID":"ee72e8a5-3a01-4e21-96e9-b63b67646331","ID":"daa8c20b-9eaa-40c2-ad96-eee762913772","childs":null,"emcosID":null,"emcosMLID":null,"WSName":"DB","rangeAddress":"$AT$9:$AT$46","headAddress":"$AT$9","bodyAddress":"$AT$10:$AT$46","_name":"оперативное"},"счетчик":{"_level":2,"parentID":"189da366-d11d-4573-9acc-72f445948227","firstParentID":"ee72e8a5-3a01-4e21-96e9-b63b67646331","ID":"5aa47536-f1e5-4de8-b80e-2a8cea604b42","childs":null,"emcosID":null,"emcosMLID":null,"WSName":"DB","rangeAddress":"$AU$9:$AU$46","headAddress":"$AU$9","bodyAddress":"$AU$10:$AU$46","_name":"счетчик"},"по счетчику":{"_level":2,"parentID":"189da366-d11d-4573-9acc-72f445948227","firstParentID":"ee72e8a5-3a01-4e21-96e9-b63b67646331","ID":"08dcef1f-1d83-446a-aaac-b2316d17ab30","childs":null,"emcosID":null,"emcosMLID":null,"WSName":"DB","rangeAddress":"$AV$9:$AV$46","headAddress":"$AV$9","bodyAddress":"$AV$10:$AV$46","_name":"по счетчику"}},"emcosID":null,"emcosMLID":null,"WSName":"DB","rangeAddress":"$AP$8:$AV$46","headAddress":"$AP$8:$AV$8","bodyAddress":"$AP$9:$AV$46","_name":"прием"},"отдача":{"_level":1,"parentID":"80dae351-670a-4f42-aeee-9335c33e5f2c","firstParentID":"ee72e8a5-3a01-4e21-96e9-b63b67646331","ID":"a34e3a9b-40fe-49f0-8bdf-043fa669e5bf","childs":{"код":{"_level":2,"parentID":"a34e3a9b-40fe-49f0-8bdf-043fa669e5bf","firstParentID":"ee72e8a5-3a01-4e21-96e9-b63b67646331","ID":"bf8925a5-f369-4e8b-b34b-c79fb83ac101","childs":null,"emcosID":null,"emcosMLID":null,"WSName":"DB","rangeAddress":"$AW$9:$AW$46","headAddress":"$AW$9","bodyAddress":"$AW$10:$AW$46","_name":"код"},"основное":{"_level":2,"parentID":"a34e3a9b-40fe-49f0-8bdf-043fa669e5bf","firstParentID":"ee72e8a5-3a01-4e21-96e9-b63b67646331","ID":"0e521197-d113-4ce0-9802-d32311f68908","childs":null,"emcosID":null,"emcosMLID":null,"WSName":"DB","rangeAddress":"$AX$9:$AX$46","headAddress":"$AX$9","bodyAddress":"$AX$10:$AX$46","_name":"основное"},"корректировка факт":{"_level":2,"parentID":"a34e3a9b-40fe-49f0-8bdf-043fa669e5bf","firstParentID":"ee72e8a5-3a01-4e21-96e9-b63b67646331","ID":"d0308f29-4012-4ecf-b86f-70397bdabed7","childs":null,"emcosID":null,"emcosMLID":null,"WSName":"DB","rangeAddress":"$AY$9:$AY$46","headAddress":"$AY$9","bodyAddress":"$AY$10:$AY$46","_name":"корректировка факт"},"ручное":{"_level":2,"parentID":"a34e3a9b-40fe-49f0-8bdf-043fa669e5bf","firstParentID":"ee72e8a5-3a01-4e21-96e9-b63b67646331","ID":"f38dcf04-85c7-4293-8fab-cfee59ff4ad6","childs":null,"emcosID":null,"emcosMLID":null,"WSName":"DB","rangeAddress":"$AZ$9:$AZ$46","headAddress":"$AZ$9","bodyAddress":"$AZ$10:$AZ$46","_name":"ручное"},"оперативное":{"_level":2,"parentID":"a34e3a9b-40fe-49f0-8bdf-043fa669e5bf","firstParentID":"ee72e8a5-3a01-4e21-96e9-b63b67646331","ID":"64a3e1b1-4cce-49ce-abc5-30cca7484f96","childs":null,"emcosID":null,"emcosMLID":null,"WSName":"DB","rangeAddress":"$BA$9:$BA$46","headAddress":"$BA$9","bodyAddress":"$BA$10:$BA$46","_name":"оперативное"},"счетчик":{"_level":2,"parentID":"a34e3a9b-40fe-49f0-8bdf-043fa669e5bf","firstParentID":"ee72e8a5-3a01-4e21-96e9-b63b67646331","ID":"55c396a8-9382-4f3a-9082-4d5e473a1336","childs":null,"emcosID":null,"emcosMLID":null,"WSName":"DB","rangeAddress":"$BB$9:$BB$46","headAddress":"$BB$9","bodyAddress":"$BB$10:$BB$46","_name":"счетчик"},"по счетчику":{"_level":2,"parentID":"a34e3a9b-40fe-49f0-8bdf-043fa669e5bf","firstParentID":"ee72e8a5-3a01-4e21-96e9-b63b67646331","ID":"97c635d1-980e-442d-8fd6-df7f8a54ae6b","childs":null,"emcosID":null,"emcosMLID":null,"WSName":"DB","rangeAddress":"$BC$9:$BC$46","headAddress":"$BC$9","bodyAddress":"$BC$10:$BC$46","_name":"по счетчику"}},"emcosID":null,"emcosMLID":null,"WSName":"DB","rangeAddress":"$AW$8:$BC$46","headAddress":"$AW$8:$BC$8","bodyAddress":"$AW$9:$BC$46","_name":"отдача"}},"emcosID":null,"emcosMLID":null,"WSName":"DB","rangeAddress":"$AP$7:$BC$46","headAddress":"$AP$7:$BC$7","bodyAddress":"$AP$8:$BC$46","_name":"Л2093 Алматы"}},"codPlan":null,"meterCoef":null,"_name":"Л2093 Алматы"}