{"ID":"0157136a-b023-462a-b296-1f3108bff936","childs":{"PS":{"_level":0,"parentID":"0157136a-b023-462a-b296-1f3108bff936","firstParentID":"0157136a-b023-462a-b296-1f3108bff936","ID":"7934ac43-7454-4871-a2c5-8e33981536c3","childs":{"прием":{"_level":1,"parentID":"7934ac43-7454-4871-a2c5-8e33981536c3","firstParentID":"0157136a-b023-462a-b296-1f3108bff936","ID":"10830342-77ac-4155-81e2-172728684617","childs":{"оперативное":{"_level":2,"parentID":"10830342-77ac-4155-81e2-172728684617","firstParentID":"0157136a-b023-462a-b296-1f3108bff936","ID":"5fa9402f-e5b2-49ea-b201-016246c024aa","childs":null,"emcosID":null,"emcosMLID":null,"codMaketTEP":null,"codTEP":null,"WSName":"PS","rangeAddress":"$F$228:$F$264","headAddress":"$F$228","bodyAddress":"$F$229:$F$264","_name":"оперативное"}},"emcosID":null,"emcosMLID":null,"codMaketTEP":null,"codTEP":null,"WSName":"PS","rangeAddress":"$F$227:$F$264","headAddress":"$F$227","bodyAddress":"$F$228:$F$264","_name":"прием"}},"emcosID":null,"emcosMLID":null,"codMaketTEP":null,"codTEP":null,"WSName":"PS","rangeAddress":"$F$226:$F$264","headAddress":"$F$226","bodyAddress":"$F$227:$F$264","_name":"От Успеновской ГЭС ТАТЭК"},"DB":{"_level":0,"parentID":"0157136a-b023-462a-b296-1f3108bff936","firstParentID":"0157136a-b023-462a-b296-1f3108bff936","ID":"7bf29270-d708-40fd-871c-967da5e094d9","childs":{"прием":{"_level":1,"parentID":"7bf29270-d708-40fd-871c-967da5e094d9","firstParentID":"0157136a-b023-462a-b296-1f3108bff936","ID":"984458a9-ff8f-4e7b-be2f-076bd97f86e2","childs":{"код":{"_level":2,"parentID":"984458a9-ff8f-4e7b-be2f-076bd97f86e2","firstParentID":"0157136a-b023-462a-b296-1f3108bff936","ID":"b3968d58-ddb6-4847-92f2-74dec55f096f","childs":null,"emcosID":null,"emcosMLID":null,"codMaketTEP":null,"codTEP":null,"WSName":"DB","rangeAddress":"$M$482:$M$519","headAddress":"$M$482","bodyAddress":"$M$483:$M$519","_name":"код"},"основное":{"_level":2,"parentID":"984458a9-ff8f-4e7b-be2f-076bd97f86e2","firstParentID":"0157136a-b023-462a-b296-1f3108bff936","ID":"9925bcbf-3f73-4e05-9afb-3eecaa93bfe8","childs":null,"emcosID":null,"emcosMLID":null,"codMaketTEP":null,"codTEP":null,"WSName":"DB","rangeAddress":"$N$482:$N$519","headAddress":"$N$482","bodyAddress":"$N$483:$N$519","_name":"основное"},"корректировка факт":{"_level":2,"parentID":"984458a9-ff8f-4e7b-be2f-076bd97f86e2","firstParentID":"0157136a-b023-462a-b296-1f3108bff936","ID":"a92860d8-726f-4f8e-b702-00f416966def","childs":null,"emcosID":null,"emcosMLID":null,"codMaketTEP":null,"codTEP":null,"WSName":"DB","rangeAddress":"$O$482:$O$519","headAddress":"$O$482","bodyAddress":"$O$483:$O$519","_name":"корректировка факт"},"ручное":{"_level":2,"parentID":"984458a9-ff8f-4e7b-be2f-076bd97f86e2","firstParentID":"0157136a-b023-462a-b296-1f3108bff936","ID":"18ba3d7a-29af-466a-be22-e26acc80285e","childs":null,"emcosID":null,"emcosMLID":null,"codMaketTEP":null,"codTEP":null,"WSName":"DB","rangeAddress":"$P$482:$P$519","headAddress":"$P$482","bodyAddress":"$P$483:$P$519","_name":"ручное"},"оперативное":{"_level":2,"parentID":"984458a9-ff8f-4e7b-be2f-076bd97f86e2","firstParentID":"0157136a-b023-462a-b296-1f3108bff936","ID":"f2478ed2-ff04-41d7-9929-acf1184a2ebc","childs":null,"emcosID":null,"emcosMLID":null,"codMaketTEP":null,"codTEP":null,"WSName":"DB","rangeAddress":"$Q$482:$Q$519","headAddress":"$Q$482","bodyAddress":"$Q$483:$Q$519","_name":"оперативное"}},"emcosID":null,"emcosMLID":null,"codMaketTEP":null,"codTEP":null,"WSName":"DB","rangeAddress":"$M$481:$Q$519","headAddress":"$M$481:$Q$481","bodyAddress":"$M$482:$Q$519","_name":"прием"}},"emcosID":null,"emcosMLID":null,"codMaketTEP":null,"codTEP":null,"WSName":"DB","rangeAddress":"$M$480:$Q$519","headAddress":"$M$480:$Q$480","bodyAddress":"$M$481:$Q$519","_name":"От Успеновской ГЭС ТАТЭК"}},"codPlan":null,"meterCoef":null,"_name":"От Успеновской ГЭС ТАТЭК"}