{"ID":"01867dd9-8baf-4ee2-b027-de07e350b0e9","childs":{"PS":{"_level":0,"parentID":"01867dd9-8baf-4ee2-b027-de07e350b0e9","firstParentID":"01867dd9-8baf-4ee2-b027-de07e350b0e9","ID":"2431c6da-8bf4-4350-9cd5-7b10cef033d0","childs":{"прием":{"_level":1,"parentID":"2431c6da-8bf4-4350-9cd5-7b10cef033d0","firstParentID":"01867dd9-8baf-4ee2-b027-de07e350b0e9","ID":"44304ae8-02ac-44ce-966f-8375905a5260","childs":{"ручное":{"_level":2,"parentID":"44304ae8-02ac-44ce-966f-8375905a5260","firstParentID":"01867dd9-8baf-4ee2-b027-de07e350b0e9","ID":"a31bf0eb-188a-4760-b520-ac2b14d1bf48","childs":null,"emcosID":null,"emcosMLID":null,"codMaketTEP":null,"codTEP":null,"WSName":"PS","rangeAddress":"$AU$228:$AU$264","headAddress":"$AU$228","bodyAddress":"$AU$229:$AU$264","_name":"ручное"}},"emcosID":null,"emcosMLID":null,"codMaketTEP":null,"codTEP":null,"WSName":"PS","rangeAddress":"$AU$227:$AU$264","headAddress":"$AU$227","bodyAddress":"$AU$228:$AU$264","_name":"прием"}},"emcosID":null,"emcosMLID":null,"codMaketTEP":null,"codTEP":null,"WSName":"PS","rangeAddress":"$AU$226:$AU$264","headAddress":"$AU$226","bodyAddress":"$AU$227:$AU$264","_name":"Потребление С.А.Petro Group Жетысу"},"DB":{"_level":0,"parentID":"01867dd9-8baf-4ee2-b027-de07e350b0e9","firstParentID":"01867dd9-8baf-4ee2-b027-de07e350b0e9","ID":"2c96d93c-5345-42a4-ad6b-2606650ca926","childs":{"прием":{"_level":1,"parentID":"2c96d93c-5345-42a4-ad6b-2606650ca926","firstParentID":"01867dd9-8baf-4ee2-b027-de07e350b0e9","ID":"09394e2a-9a1c-42ad-be95-9b5b3baf4496","childs":{"код":{"_level":2,"parentID":"09394e2a-9a1c-42ad-be95-9b5b3baf4496","firstParentID":"01867dd9-8baf-4ee2-b027-de07e350b0e9","ID":"48e6b9f4-195b-4630-8ab0-e6d26b70c86f","childs":null,"emcosID":null,"emcosMLID":null,"codMaketTEP":null,"codTEP":null,"WSName":"DB","rangeAddress":"$BC$482:$BC$519","headAddress":"$BC$482","bodyAddress":"$BC$483:$BC$519","_name":"код"},"основное":{"_level":2,"parentID":"09394e2a-9a1c-42ad-be95-9b5b3baf4496","firstParentID":"01867dd9-8baf-4ee2-b027-de07e350b0e9","ID":"58420cc2-72f0-49f9-ac99-192b36aa29d6","childs":null,"emcosID":null,"emcosMLID":null,"codMaketTEP":null,"codTEP":null,"WSName":"DB","rangeAddress":"$BD$482:$BD$519","headAddress":"$BD$482","bodyAddress":"$BD$483:$BD$519","_name":"основное"},"корректировка факт":{"_level":2,"parentID":"09394e2a-9a1c-42ad-be95-9b5b3baf4496","firstParentID":"01867dd9-8baf-4ee2-b027-de07e350b0e9","ID":"6dc4eb12-18fe-4393-9d55-b6381296c576","childs":null,"emcosID":null,"emcosMLID":null,"codMaketTEP":null,"codTEP":null,"WSName":"DB","rangeAddress":"$BE$482:$BE$519","headAddress":"$BE$482","bodyAddress":"$BE$483:$BE$519","_name":"корректировка факт"},"ручное":{"_level":2,"parentID":"09394e2a-9a1c-42ad-be95-9b5b3baf4496","firstParentID":"01867dd9-8baf-4ee2-b027-de07e350b0e9","ID":"116b7469-2fb5-4a95-8777-84608bce86ca","childs":null,"emcosID":null,"emcosMLID":null,"codMaketTEP":null,"codTEP":null,"WSName":"DB","rangeAddress":"$BF$482:$BF$519","headAddress":"$BF$482","bodyAddress":"$BF$483:$BF$519","_name":"ручное"}},"emcosID":null,"emcosMLID":null,"codMaketTEP":null,"codTEP":null,"WSName":"DB","rangeAddress":"$BC$481:$BF$519","headAddress":"$BC$481:$BF$481","bodyAddress":"$BC$482:$BF$519","_name":"прием"}},"emcosID":null,"emcosMLID":null,"codMaketTEP":null,"codTEP":null,"WSName":"DB","rangeAddress":"$BC$480:$BF$519","headAddress":"$BC$480:$BF$480","bodyAddress":"$BC$481:$BF$519","_name":"Потребление С.А.Petro Group Жетысу"}},"codPlan":null,"meterCoef":null,"_name":"Потребление С.А.Petro Group Жетысу"}