{"ID":"022652f9-fd9a-4387-a056-d1535918a037","childs":{"PS":{"_level":0,"parentID":"022652f9-fd9a-4387-a056-d1535918a037","firstParentID":"022652f9-fd9a-4387-a056-d1535918a037","ID":"a6e42c0c-e576-4bb0-bf8a-dd34bb06d67a","childs":{"прием":{"_level":1,"parentID":"a6e42c0c-e576-4bb0-bf8a-dd34bb06d67a","firstParentID":"022652f9-fd9a-4387-a056-d1535918a037","ID":"8b074b78-56fe-4397-92db-e8264bded91e","childs":{"формула":{"_level":2,"parentID":"8b074b78-56fe-4397-92db-e8264bded91e","firstParentID":"022652f9-fd9a-4387-a056-d1535918a037","ID":"29740e53-939d-4552-8796-5e49da8dec87","childs":null,"emcosID":null,"emcosMLID":null,"codMaketTEP":null,"codTEP":null,"WSName":"PS","rangeAddress":"$EE$185:$EE$221","headAddress":"$EE$185","bodyAddress":"$EE$186:$EE$221","_name":"формула"}},"emcosID":null,"emcosMLID":null,"codMaketTEP":1303,"codTEP":null,"WSName":"PS","rangeAddress":"$EE$184:$EE$221","headAddress":"$EE$184","bodyAddress":"$EE$185:$EE$221","_name":"прием"}},"emcosID":null,"emcosMLID":null,"codMaketTEP":null,"codTEP":null,"WSName":"PS","rangeAddress":"$EE$183:$EE$221","headAddress":"$EE$183","bodyAddress":"$EE$184:$EE$221","_name":"Прочие потребители контроль KEGOC Алматинский энергоузел"},"DB":{"_level":0,"parentID":"022652f9-fd9a-4387-a056-d1535918a037","firstParentID":"022652f9-fd9a-4387-a056-d1535918a037","ID":"d7d68c8b-c1a7-453c-89ad-5db82c35d0ad","childs":{"прием":{"_level":1,"parentID":"d7d68c8b-c1a7-453c-89ad-5db82c35d0ad","firstParentID":"022652f9-fd9a-4387-a056-d1535918a037","ID":"dfb7af66-c352-4989-b235-65ed387cc0c3","childs":{"код":{"_level":2,"parentID":"dfb7af66-c352-4989-b235-65ed387cc0c3","firstParentID":"022652f9-fd9a-4387-a056-d1535918a037","ID":"0daf94fb-2f63-49e3-8781-6e0c3f6c67c6","childs":null,"emcosID":null,"emcosMLID":null,"codMaketTEP":null,"codTEP":null,"WSName":"DB","rangeAddress":"$AL$267:$AL$304","headAddress":"$AL$267","bodyAddress":"$AL$268:$AL$304","_name":"код"},"основное":{"_level":2,"parentID":"dfb7af66-c352-4989-b235-65ed387cc0c3","firstParentID":"022652f9-fd9a-4387-a056-d1535918a037","ID":"44644ad4-9b6d-4d01-8033-381e93665f82","childs":null,"emcosID":null,"emcosMLID":null,"codMaketTEP":null,"codTEP":null,"WSName":"DB","rangeAddress":"$AM$267:$AM$304","headAddress":"$AM$267","bodyAddress":"$AM$268:$AM$304","_name":"основное"},"корректировка факт":{"_level":2,"parentID":"dfb7af66-c352-4989-b235-65ed387cc0c3","firstParentID":"022652f9-fd9a-4387-a056-d1535918a037","ID":"94d7463c-27d6-445f-8ec7-0138ae5bbaff","childs":null,"emcosID":null,"emcosMLID":null,"codMaketTEP":null,"codTEP":null,"WSName":"DB","rangeAddress":"$AN$267:$AN$304","headAddress":"$AN$267","bodyAddress":"$AN$268:$AN$304","_name":"корректировка факт"},"ручное":{"_level":2,"parentID":"dfb7af66-c352-4989-b235-65ed387cc0c3","firstParentID":"022652f9-fd9a-4387-a056-d1535918a037","ID":"b264ceab-51bc-46dc-b1f9-41374e1ec922","childs":null,"emcosID":null,"emcosMLID":null,"codMaketTEP":null,"codTEP":null,"WSName":"DB","rangeAddress":"$AO$267:$AO$304","headAddress":"$AO$267","bodyAddress":"$AO$268:$AO$304","_name":"ручное"},"формула":{"_level":2,"parentID":"dfb7af66-c352-4989-b235-65ed387cc0c3","firstParentID":"022652f9-fd9a-4387-a056-d1535918a037","ID":"c6c9b5b5-2123-4e87-92a6-05dd1cf021ff","childs":null,"emcosID":null,"emcosMLID":null,"codMaketTEP":null,"codTEP":null,"WSName":"DB","rangeAddress":"$AP$267:$AP$304","headAddress":"$AP$267","bodyAddress":"$AP$268:$AP$304","_name":"формула"}},"emcosID":null,"emcosMLID":null,"codMaketTEP":null,"codTEP":null,"WSName":"DB","rangeAddress":"$AL$266:$AP$304","headAddress":"$AL$266:$AP$266","bodyAddress":"$AL$267:$AP$304","_name":"прием"}},"emcosID":null,"emcosMLID":null,"codMaketTEP":null,"codTEP":null,"WSName":"DB","rangeAddress":"$AL$265:$AP$304","headAddress":"$AL$265:$AP$265","bodyAddress":"$AL$266:$AP$304","_name":"Прочие потребители контроль KEGOC Алматинский энергоузел"}},"codPlan":null,"meterCoef":null,"_name":"Прочие потребители контроль KEGOC Алматинский энергоузел"}