{"ID":"03494712-7e47-4564-b1f3-a8da4952c994","childs":{"PS":{"_level":0,"parentID":"03494712-7e47-4564-b1f3-a8da4952c994","firstParentID":"03494712-7e47-4564-b1f3-a8da4952c994","ID":"524e8283-3c38-41cc-a79c-2479a6af7c5f","childs":{"отдача":{"_level":1,"parentID":"524e8283-3c38-41cc-a79c-2479a6af7c5f","firstParentID":"03494712-7e47-4564-b1f3-a8da4952c994","ID":"4d6d57c1-cfd6-4317-a2eb-435ec9744dbf","childs":{"по счетчику":{"_level":2,"parentID":"4d6d57c1-cfd6-4317-a2eb-435ec9744dbf","firstParentID":"03494712-7e47-4564-b1f3-a8da4952c994","ID":"1ab82207-5a7d-4d72-ab15-ae87d2fa5ac4","childs":null,"emcosID":null,"emcosMLID":null,"codMaketTEP":null,"codTEP":null,"WSName":"PS","rangeAddress":"$DG$99:$DG$135","headAddress":"$DG$99","bodyAddress":"$DG$100:$DG$135","_name":"по счетчику"},"СЧЕТЧИК":{"_level":2,"parentID":"4d6d57c1-cfd6-4317-a2eb-435ec9744dbf","firstParentID":"03494712-7e47-4564-b1f3-a8da4952c994","ID":"4ffbf8de-0c2d-4de0-aacb-91580c83a102","childs":null,"emcosID":null,"emcosMLID":null,"codMaketTEP":null,"codTEP":null,"WSName":"PS","rangeAddress":"$DH$99:$DH$135","headAddress":"$DH$99","bodyAddress":"$DH$100:$DH$135","_name":"СЧЕТЧИК"}},"emcosID":null,"emcosMLID":null,"codMaketTEP":null,"codTEP":null,"WSName":"PS","rangeAddress":"$DG$98:$DH$135","headAddress":"$DG$98:$DH$98","bodyAddress":"$DG$99:$DH$135","_name":"отдача"}},"emcosID":null,"emcosMLID":null,"codMaketTEP":null,"codTEP":null,"WSName":"PS","rangeAddress":"$DG$97:$DH$135","headAddress":"$DG$97:$DH$97","bodyAddress":"$DG$98:$DH$135","_name":"КЛ93 ПС152 Талдыкорган"},"DB":{"_level":0,"parentID":"03494712-7e47-4564-b1f3-a8da4952c994","firstParentID":"03494712-7e47-4564-b1f3-a8da4952c994","ID":"a2d08fd1-e5b6-440a-86be-d7fcdbb2fe17","childs":{"отдача":{"_level":1,"parentID":"a2d08fd1-e5b6-440a-86be-d7fcdbb2fe17","firstParentID":"03494712-7e47-4564-b1f3-a8da4952c994","ID":"32f85439-b000-433d-8dec-2cc632d9e583","childs":{"код":{"_level":2,"parentID":"32f85439-b000-433d-8dec-2cc632d9e583","firstParentID":"03494712-7e47-4564-b1f3-a8da4952c994","ID":"99f2758a-dee2-4d80-ba76-83fe12c86a8b","childs":null,"emcosID":null,"emcosMLID":null,"codMaketTEP":null,"codTEP":null,"WSName":"DB","rangeAddress":"$GU$310:$GU$347","headAddress":"$GU$310","bodyAddress":"$GU$311:$GU$347","_name":"код"},"основное":{"_level":2,"parentID":"32f85439-b000-433d-8dec-2cc632d9e583","firstParentID":"03494712-7e47-4564-b1f3-a8da4952c994","ID":"e9eb63b6-13da-4b55-8876-2207ddc013e5","childs":null,"emcosID":null,"emcosMLID":null,"codMaketTEP":null,"codTEP":null,"WSName":"DB","rangeAddress":"$GV$310:$GV$347","headAddress":"$GV$310","bodyAddress":"$GV$311:$GV$347","_name":"основное"},"корректировка факт":{"_level":2,"parentID":"32f85439-b000-433d-8dec-2cc632d9e583","firstParentID":"03494712-7e47-4564-b1f3-a8da4952c994","ID":"2b47a1e6-50e1-47f9-9c34-a164a9c2fb26","childs":null,"emcosID":null,"emcosMLID":null,"codMaketTEP":null,"codTEP":null,"WSName":"DB","rangeAddress":"$GW$310:$GW$347","headAddress":"$GW$310","bodyAddress":"$GW$311:$GW$347","_name":"корректировка факт"},"ручное":{"_level":2,"parentID":"32f85439-b000-433d-8dec-2cc632d9e583","firstParentID":"03494712-7e47-4564-b1f3-a8da4952c994","ID":"1b97b73d-fc83-4f87-8f8b-899403463e0d","childs":null,"emcosID":null,"emcosMLID":null,"codMaketTEP":null,"codTEP":null,"WSName":"DB","rangeAddress":"$GX$310:$GX$347","headAddress":"$GX$310","bodyAddress":"$GX$311:$GX$347","_name":"ручное"},"оперативное":{"_level":2,"parentID":"32f85439-b000-433d-8dec-2cc632d9e583","firstParentID":"03494712-7e47-4564-b1f3-a8da4952c994","ID":"b710f476-df9b-4750-9a0e-1d6e12c57dba","childs":null,"emcosID":null,"emcosMLID":null,"codMaketTEP":null,"codTEP":null,"WSName":"DB","rangeAddress":"$GY$310:$GY$347","headAddress":"$GY$310","bodyAddress":"$GY$311:$GY$347","_name":"оперативное"},"счетчик":{"_level":2,"parentID":"32f85439-b000-433d-8dec-2cc632d9e583","firstParentID":"03494712-7e47-4564-b1f3-a8da4952c994","ID":"1e1d1a0c-6d87-4524-9882-ddafa02751cc","childs":null,"emcosID":null,"emcosMLID":null,"codMaketTEP":null,"codTEP":null,"WSName":"DB","rangeAddress":"$GZ$310:$GZ$347","headAddress":"$GZ$310","bodyAddress":"$GZ$311:$GZ$347","_name":"счетчик"},"по счетчику":{"_level":2,"parentID":"32f85439-b000-433d-8dec-2cc632d9e583","firstParentID":"03494712-7e47-4564-b1f3-a8da4952c994","ID":"41da136f-8107-461b-8b90-8d6b64668f10","childs":null,"emcosID":null,"emcosMLID":null,"codMaketTEP":null,"codTEP":null,"WSName":"DB","rangeAddress":"$HA$310:$HA$347","headAddress":"$HA$310","bodyAddress":"$HA$311:$HA$347","_name":"по счетчику"}},"emcosID":null,"emcosMLID":null,"codMaketTEP":null,"codTEP":null,"WSName":"DB","rangeAddress":"$GU$309:$HA$347","headAddress":"$GU$309:$HA$309","bodyAddress":"$GU$310:$HA$347","_name":"отдача"}},"emcosID":null,"emcosMLID":null,"codMaketTEP":null,"codTEP":null,"WSName":"DB","rangeAddress":"$GU$308:$HA$347","headAddress":"$GU$308:$HA$308","bodyAddress":"$GU$309:$HA$347","_name":"КЛ93 ПС152 Талдыкорган"}},"codPlan":null,"meterCoef":"4","_name":"КЛ93 ПС152 Талдыкорган"}