{"ID":"052539b2-6871-41be-bb83-6ee1dd20ac6f","childs":{"PS":{"_level":0,"parentID":"052539b2-6871-41be-bb83-6ee1dd20ac6f","firstParentID":"052539b2-6871-41be-bb83-6ee1dd20ac6f","ID":"c6ca7f50-78e6-4515-9d55-c18e7aa61d7c","childs":{"прием":{"_level":1,"parentID":"c6ca7f50-78e6-4515-9d55-c18e7aa61d7c","firstParentID":"052539b2-6871-41be-bb83-6ee1dd20ac6f","ID":"e8fd2da2-dd3f-4a67-aefe-1d800497517d","childs":{"ручное":{"_level":2,"parentID":"e8fd2da2-dd3f-4a67-aefe-1d800497517d","firstParentID":"052539b2-6871-41be-bb83-6ee1dd20ac6f","ID":"4e32202f-62c0-4c66-b601-b53d1d307a1b","childs":null,"emcosID":null,"emcosMLID":null,"codMaketTEP":null,"codTEP":null,"WSName":"PS","rangeAddress":"$BX$185:$BX$221","headAddress":"$BX$185","bodyAddress":"$BX$186:$BX$221","_name":"ручное"}},"emcosID":null,"emcosMLID":null,"codMaketTEP":null,"codTEP":null,"WSName":"PS","rangeAddress":"$BX$184:$BX$221","headAddress":"$BX$184","bodyAddress":"$BX$185:$BX$221","_name":"прием"}},"emcosID":null,"emcosMLID":null,"codMaketTEP":null,"codTEP":null,"WSName":"PS","rangeAddress":"$BX$183:$BX$221","headAddress":"$BX$183","bodyAddress":"$BX$184:$BX$221","_name":"х.н. Мойнак ГЭС МГЭС"},"DB":{"_level":0,"parentID":"052539b2-6871-41be-bb83-6ee1dd20ac6f","firstParentID":"052539b2-6871-41be-bb83-6ee1dd20ac6f","ID":"77ffa91e-ead7-40b0-b774-96b358008baa","childs":{"прием":{"_level":1,"parentID":"77ffa91e-ead7-40b0-b774-96b358008baa","firstParentID":"052539b2-6871-41be-bb83-6ee1dd20ac6f","ID":"ffa6c4f1-4361-4688-a25d-6a4f268baa00","childs":{"код":{"_level":2,"parentID":"ffa6c4f1-4361-4688-a25d-6a4f268baa00","firstParentID":"052539b2-6871-41be-bb83-6ee1dd20ac6f","ID":"7cd377b8-369e-4fa1-b9e9-96ee28d26970","childs":null,"emcosID":null,"emcosMLID":null,"codMaketTEP":null,"codTEP":null,"WSName":"DB","rangeAddress":"$G$482:$G$519","headAddress":"$G$482","bodyAddress":"$G$483:$G$519","_name":"код"},"основное":{"_level":2,"parentID":"ffa6c4f1-4361-4688-a25d-6a4f268baa00","firstParentID":"052539b2-6871-41be-bb83-6ee1dd20ac6f","ID":"36b11f3b-278e-41ca-bcb1-5851495119ac","childs":null,"emcosID":null,"emcosMLID":null,"codMaketTEP":null,"codTEP":null,"WSName":"DB","rangeAddress":"$H$482:$H$519","headAddress":"$H$482","bodyAddress":"$H$483:$H$519","_name":"основное"},"корректировка факт":{"_level":2,"parentID":"ffa6c4f1-4361-4688-a25d-6a4f268baa00","firstParentID":"052539b2-6871-41be-bb83-6ee1dd20ac6f","ID":"901e4575-7242-46cd-ba53-5a8b68277e77","childs":null,"emcosID":null,"emcosMLID":null,"codMaketTEP":null,"codTEP":null,"WSName":"DB","rangeAddress":"$I$482:$I$519","headAddress":"$I$482","bodyAddress":"$I$483:$I$519","_name":"корректировка факт"},"ручное":{"_level":2,"parentID":"ffa6c4f1-4361-4688-a25d-6a4f268baa00","firstParentID":"052539b2-6871-41be-bb83-6ee1dd20ac6f","ID":"2243d010-949d-4a67-92d5-61d14c54f599","childs":null,"emcosID":null,"emcosMLID":null,"codMaketTEP":null,"codTEP":null,"WSName":"DB","rangeAddress":"$J$482:$J$519","headAddress":"$J$482","bodyAddress":"$J$483:$J$519","_name":"ручное"}},"emcosID":null,"emcosMLID":null,"codMaketTEP":null,"codTEP":null,"WSName":"DB","rangeAddress":"$G$481:$J$519","headAddress":"$G$481:$J$481","bodyAddress":"$G$482:$J$519","_name":"прием"}},"emcosID":null,"emcosMLID":null,"codMaketTEP":null,"codTEP":null,"WSName":"DB","rangeAddress":"$G$480:$J$519","headAddress":"$G$480:$J$480","bodyAddress":"$G$481:$J$519","_name":"х.н. Мойнак ГЭС МГЭС"}},"codPlan":null,"meterCoef":null,"_name":"х.н. Мойнак ГЭС МГЭС"}