{"ID":"052539b2-6871-41be-bb83-6ee1dd20ac6f","childs":{"PS":{"_level":0,"parentID":"052539b2-6871-41be-bb83-6ee1dd20ac6f","firstParentID":"052539b2-6871-41be-bb83-6ee1dd20ac6f","ID":"c6ca7f50-78e6-4515-9d55-c18e7aa61d7c","childs":{"прием":{"_level":1,"parentID":"c6ca7f50-78e6-4515-9d55-c18e7aa61d7c","firstParentID":"052539b2-6871-41be-bb83-6ee1dd20ac6f","ID":"e8fd2da2-dd3f-4a67-aefe-1d800497517d","childs":{"формула":{"_level":2,"parentID":"e8fd2da2-dd3f-4a67-aefe-1d800497517d","firstParentID":"052539b2-6871-41be-bb83-6ee1dd20ac6f","ID":"4e32202f-62c0-4c66-b601-b53d1d307a1b","childs":null,"emcosID":null,"emcosMLID":null,"codMaketTEP":null,"codTEP":null,"WSName":"PS","rangeAddress":"$CK$185:$CK$221","headAddress":"$CK$185","bodyAddress":"$CK$186:$CK$221","_name":"формула"}},"emcosID":null,"emcosMLID":null,"codMaketTEP":1389,"codTEP":null,"WSName":"PS","rangeAddress":"$CK$184:$CK$221","headAddress":"$CK$184","bodyAddress":"$CK$185:$CK$221","_name":"прием"}},"emcosID":null,"emcosMLID":null,"codMaketTEP":null,"codTEP":null,"WSName":"PS","rangeAddress":"$CK$183:$CK$221","headAddress":"$CK$183","bodyAddress":"$CK$184:$CK$221","_name":"х.н. Мойнак ГЭС МГЭС"},"DB":{"_level":0,"parentID":"052539b2-6871-41be-bb83-6ee1dd20ac6f","firstParentID":"052539b2-6871-41be-bb83-6ee1dd20ac6f","ID":"77ffa91e-ead7-40b0-b774-96b358008baa","childs":{"прием":{"_level":1,"parentID":"77ffa91e-ead7-40b0-b774-96b358008baa","firstParentID":"052539b2-6871-41be-bb83-6ee1dd20ac6f","ID":"ffa6c4f1-4361-4688-a25d-6a4f268baa00","childs":{"код":{"_level":2,"parentID":"ffa6c4f1-4361-4688-a25d-6a4f268baa00","firstParentID":"052539b2-6871-41be-bb83-6ee1dd20ac6f","ID":"7cd377b8-369e-4fa1-b9e9-96ee28d26970","childs":null,"emcosID":null,"emcosMLID":null,"codMaketTEP":null,"codTEP":null,"WSName":"DB","rangeAddress":"$EE$482:$EE$519","headAddress":"$EE$482","bodyAddress":"$EE$483:$EE$519","_name":"код"},"основное":{"_level":2,"parentID":"ffa6c4f1-4361-4688-a25d-6a4f268baa00","firstParentID":"052539b2-6871-41be-bb83-6ee1dd20ac6f","ID":"36b11f3b-278e-41ca-bcb1-5851495119ac","childs":null,"emcosID":null,"emcosMLID":null,"codMaketTEP":null,"codTEP":null,"WSName":"DB","rangeAddress":"$EF$482:$EF$519","headAddress":"$EF$482","bodyAddress":"$EF$483:$EF$519","_name":"основное"},"корректировка факт":{"_level":2,"parentID":"ffa6c4f1-4361-4688-a25d-6a4f268baa00","firstParentID":"052539b2-6871-41be-bb83-6ee1dd20ac6f","ID":"901e4575-7242-46cd-ba53-5a8b68277e77","childs":null,"emcosID":null,"emcosMLID":null,"codMaketTEP":null,"codTEP":null,"WSName":"DB","rangeAddress":"$EG$482:$EG$519","headAddress":"$EG$482","bodyAddress":"$EG$483:$EG$519","_name":"корректировка факт"},"ручное":{"_level":2,"parentID":"ffa6c4f1-4361-4688-a25d-6a4f268baa00","firstParentID":"052539b2-6871-41be-bb83-6ee1dd20ac6f","ID":"2243d010-949d-4a67-92d5-61d14c54f599","childs":null,"emcosID":null,"emcosMLID":null,"codMaketTEP":null,"codTEP":null,"WSName":"DB","rangeAddress":"$EH$482:$EH$519","headAddress":"$EH$482","bodyAddress":"$EH$483:$EH$519","_name":"ручное"},"формула":{"_level":2,"parentID":"ffa6c4f1-4361-4688-a25d-6a4f268baa00","firstParentID":"052539b2-6871-41be-bb83-6ee1dd20ac6f","ID":"5177a4e3-ea6d-4811-abf0-a97a04fe5f86","childs":null,"emcosID":null,"emcosMLID":null,"codMaketTEP":null,"codTEP":null,"WSName":"DB","rangeAddress":"$EI$482:$EI$519","headAddress":"$EI$482","bodyAddress":"$EI$483:$EI$519","_name":"формула"}},"emcosID":null,"emcosMLID":null,"codMaketTEP":null,"codTEP":null,"WSName":"DB","rangeAddress":"$EE$481:$EI$519","headAddress":"$EE$481:$EI$481","bodyAddress":"$EE$482:$EI$519","_name":"прием"}},"emcosID":null,"emcosMLID":null,"codMaketTEP":null,"codTEP":null,"WSName":"DB","rangeAddress":"$EE$480:$EI$519","headAddress":"$EE$480:$EI$480","bodyAddress":"$EE$481:$EI$519","_name":"х.н. Мойнак ГЭС МГЭС"}},"codPlan":null,"meterCoef":null,"_name":"х.н. Мойнак ГЭС МГЭС"}