{"ID":"052539b2-6871-41be-bb83-6ee1dd20ac6f","childs":{"PS":{"_level":0,"parentID":"052539b2-6871-41be-bb83-6ee1dd20ac6f","firstParentID":"052539b2-6871-41be-bb83-6ee1dd20ac6f","ID":"c6ca7f50-78e6-4515-9d55-c18e7aa61d7c","childs":{"прием":{"_level":1,"parentID":"c6ca7f50-78e6-4515-9d55-c18e7aa61d7c","firstParentID":"052539b2-6871-41be-bb83-6ee1dd20ac6f","ID":"e8fd2da2-dd3f-4a67-aefe-1d800497517d","childs":{"формула":{"_level":2,"parentID":"e8fd2da2-dd3f-4a67-aefe-1d800497517d","firstParentID":"052539b2-6871-41be-bb83-6ee1dd20ac6f","ID":"4e32202f-62c0-4c66-b601-b53d1d307a1b","childs":null,"emcosID":null,"emcosMLID":null,"codMaketTEP":null,"codTEP":null,"WSName":"PS","rangeAddress":"$CI$185:$CI$221","headAddress":"$CI$185","bodyAddress":"$CI$186:$CI$221","_name":"формула"}},"emcosID":null,"emcosMLID":null,"codMaketTEP":null,"codTEP":null,"WSName":"PS","rangeAddress":"$CI$184:$CI$221","headAddress":"$CI$184","bodyAddress":"$CI$185:$CI$221","_name":"прием"}},"emcosID":null,"emcosMLID":null,"codMaketTEP":null,"codTEP":null,"WSName":"PS","rangeAddress":"$CI$183:$CI$221","headAddress":"$CI$183","bodyAddress":"$CI$184:$CI$221","_name":"х.н. Мойнак ГЭС МГЭС"},"DB":{"_level":0,"parentID":"052539b2-6871-41be-bb83-6ee1dd20ac6f","firstParentID":"052539b2-6871-41be-bb83-6ee1dd20ac6f","ID":"77ffa91e-ead7-40b0-b774-96b358008baa","childs":{"прием":{"_level":1,"parentID":"77ffa91e-ead7-40b0-b774-96b358008baa","firstParentID":"052539b2-6871-41be-bb83-6ee1dd20ac6f","ID":"ffa6c4f1-4361-4688-a25d-6a4f268baa00","childs":{"код":{"_level":2,"parentID":"ffa6c4f1-4361-4688-a25d-6a4f268baa00","firstParentID":"052539b2-6871-41be-bb83-6ee1dd20ac6f","ID":"7cd377b8-369e-4fa1-b9e9-96ee28d26970","childs":null,"emcosID":null,"emcosMLID":null,"codMaketTEP":null,"codTEP":null,"WSName":"DB","rangeAddress":"$DV$482:$DV$519","headAddress":"$DV$482","bodyAddress":"$DV$483:$DV$519","_name":"код"},"основное":{"_level":2,"parentID":"ffa6c4f1-4361-4688-a25d-6a4f268baa00","firstParentID":"052539b2-6871-41be-bb83-6ee1dd20ac6f","ID":"36b11f3b-278e-41ca-bcb1-5851495119ac","childs":null,"emcosID":null,"emcosMLID":null,"codMaketTEP":null,"codTEP":null,"WSName":"DB","rangeAddress":"$DW$482:$DW$519","headAddress":"$DW$482","bodyAddress":"$DW$483:$DW$519","_name":"основное"},"корректировка факт":{"_level":2,"parentID":"ffa6c4f1-4361-4688-a25d-6a4f268baa00","firstParentID":"052539b2-6871-41be-bb83-6ee1dd20ac6f","ID":"901e4575-7242-46cd-ba53-5a8b68277e77","childs":null,"emcosID":null,"emcosMLID":null,"codMaketTEP":null,"codTEP":null,"WSName":"DB","rangeAddress":"$DX$482:$DX$519","headAddress":"$DX$482","bodyAddress":"$DX$483:$DX$519","_name":"корректировка факт"},"ручное":{"_level":2,"parentID":"ffa6c4f1-4361-4688-a25d-6a4f268baa00","firstParentID":"052539b2-6871-41be-bb83-6ee1dd20ac6f","ID":"2243d010-949d-4a67-92d5-61d14c54f599","childs":null,"emcosID":null,"emcosMLID":null,"codMaketTEP":null,"codTEP":null,"WSName":"DB","rangeAddress":"$DY$482:$DY$519","headAddress":"$DY$482","bodyAddress":"$DY$483:$DY$519","_name":"ручное"},"формула":{"_level":2,"parentID":"ffa6c4f1-4361-4688-a25d-6a4f268baa00","firstParentID":"052539b2-6871-41be-bb83-6ee1dd20ac6f","ID":"5177a4e3-ea6d-4811-abf0-a97a04fe5f86","childs":null,"emcosID":null,"emcosMLID":null,"codMaketTEP":null,"codTEP":null,"WSName":"DB","rangeAddress":"$DZ$482:$DZ$519","headAddress":"$DZ$482","bodyAddress":"$DZ$483:$DZ$519","_name":"формула"}},"emcosID":null,"emcosMLID":null,"codMaketTEP":null,"codTEP":null,"WSName":"DB","rangeAddress":"$DV$481:$DZ$519","headAddress":"$DV$481:$DZ$481","bodyAddress":"$DV$482:$DZ$519","_name":"прием"}},"emcosID":null,"emcosMLID":null,"codMaketTEP":null,"codTEP":null,"WSName":"DB","rangeAddress":"$DV$480:$DZ$519","headAddress":"$DV$480:$DZ$480","bodyAddress":"$DV$481:$DZ$519","_name":"х.н. Мойнак ГЭС МГЭС"}},"codPlan":null,"meterCoef":null,"_name":"х.н. Мойнак ГЭС МГЭС"}