{"ID":"064a761e-ca2b-40ff-b6fe-31856dcfe6ad","childs":{"PS":{"_level":0,"parentID":"064a761e-ca2b-40ff-b6fe-31856dcfe6ad","firstParentID":"064a761e-ca2b-40ff-b6fe-31856dcfe6ad","ID":"3a19b21b-6d8d-42fd-a0df-cb5f77b9361f","childs":{"прием":{"_level":1,"parentID":"3a19b21b-6d8d-42fd-a0df-cb5f77b9361f","firstParentID":"064a761e-ca2b-40ff-b6fe-31856dcfe6ad","ID":"9ef6aa41-dc17-4088-b8b0-66c648f38ecf","childs":{"ручное":{"_level":2,"parentID":"9ef6aa41-dc17-4088-b8b0-66c648f38ecf","firstParentID":"064a761e-ca2b-40ff-b6fe-31856dcfe6ad","ID":"3aed7a7f-0993-45ec-9f16-eb6a3bf2ad8d","childs":null,"emcosID":null,"emcosMLID":null,"codMaketTEP":null,"codTEP":null,"WSName":"PS","rangeAddress":"$AL$185:$AL$221","headAddress":"$AL$185","bodyAddress":"$AL$186:$AL$221","_name":"ручное"}},"emcosID":null,"emcosMLID":null,"codMaketTEP":null,"codTEP":null,"WSName":"PS","rangeAddress":"$AL$184:$AL$221","headAddress":"$AL$184","bodyAddress":"$AL$185:$AL$221","_name":"прием"},"план":{"_level":1,"parentID":"3a19b21b-6d8d-42fd-a0df-cb5f77b9361f","firstParentID":"064a761e-ca2b-40ff-b6fe-31856dcfe6ad","ID":"e9d9061a-cfcd-46bd-873f-53bc6e75a65b","childs":{"заявка":{"_level":2,"parentID":"e9d9061a-cfcd-46bd-873f-53bc6e75a65b","firstParentID":"064a761e-ca2b-40ff-b6fe-31856dcfe6ad","ID":"c7dda40a-087e-4ffb-b3f6-e3708dab2692","childs":null,"emcosID":null,"emcosMLID":null,"codMaketTEP":null,"codTEP":null,"WSName":"PS","rangeAddress":"$AM$185:$AM$221","headAddress":"$AM$185","bodyAddress":"$AM$186:$AM$221","_name":"заявка"}},"emcosID":null,"emcosMLID":null,"codMaketTEP":null,"codTEP":null,"WSName":"PS","rangeAddress":"$AM$184:$AM$221","headAddress":"$AM$184","bodyAddress":"$AM$185:$AM$221","_name":"план"}},"emcosID":null,"emcosMLID":null,"codMaketTEP":null,"codTEP":null,"WSName":"PS","rangeAddress":"$AL$183:$AM$221","headAddress":"$AL$183:$AM$183","bodyAddress":"$AL$184:$AM$221","_name":"Потребление Энергопромтехно"},"DB":{"_level":0,"parentID":"064a761e-ca2b-40ff-b6fe-31856dcfe6ad","firstParentID":"064a761e-ca2b-40ff-b6fe-31856dcfe6ad","ID":"f0eebdc1-b5e3-452b-87d4-821725615543","childs":{"прием":{"_level":1,"parentID":"f0eebdc1-b5e3-452b-87d4-821725615543","firstParentID":"064a761e-ca2b-40ff-b6fe-31856dcfe6ad","ID":"68d0b86c-6a63-4054-a9da-befdfd2c9ad5","childs":{"код":{"_level":2,"parentID":"68d0b86c-6a63-4054-a9da-befdfd2c9ad5","firstParentID":"064a761e-ca2b-40ff-b6fe-31856dcfe6ad","ID":"8e9680fc-b424-4f81-95cf-b4bbdb7443fd","childs":null,"emcosID":null,"emcosMLID":null,"codMaketTEP":null,"codTEP":null,"WSName":"DB","rangeAddress":"$GB$439:$GB$476","headAddress":"$GB$439","bodyAddress":"$GB$440:$GB$476","_name":"код"},"основное":{"_level":2,"parentID":"68d0b86c-6a63-4054-a9da-befdfd2c9ad5","firstParentID":"064a761e-ca2b-40ff-b6fe-31856dcfe6ad","ID":"642beb56-ef12-4808-aa47-3ef6f0e6d3a9","childs":null,"emcosID":null,"emcosMLID":null,"codMaketTEP":null,"codTEP":null,"WSName":"DB","rangeAddress":"$GC$439:$GC$476","headAddress":"$GC$439","bodyAddress":"$GC$440:$GC$476","_name":"основное"},"корректировка факт":{"_level":2,"parentID":"68d0b86c-6a63-4054-a9da-befdfd2c9ad5","firstParentID":"064a761e-ca2b-40ff-b6fe-31856dcfe6ad","ID":"ed43505e-202b-44e8-a814-82546363ade2","childs":null,"emcosID":null,"emcosMLID":null,"codMaketTEP":null,"codTEP":null,"WSName":"DB","rangeAddress":"$GD$439:$GD$476","headAddress":"$GD$439","bodyAddress":"$GD$440:$GD$476","_name":"корректировка факт"},"ручное":{"_level":2,"parentID":"68d0b86c-6a63-4054-a9da-befdfd2c9ad5","firstParentID":"064a761e-ca2b-40ff-b6fe-31856dcfe6ad","ID":"e2860b53-6ab5-4bf6-a009-52c6850eeec3","childs":null,"emcosID":null,"emcosMLID":null,"codMaketTEP":null,"codTEP":null,"WSName":"DB","rangeAddress":"$GE$439:$GE$476","headAddress":"$GE$439","bodyAddress":"$GE$440:$GE$476","_name":"ручное"},"по плану":{"_level":2,"parentID":"68d0b86c-6a63-4054-a9da-befdfd2c9ad5","firstParentID":"064a761e-ca2b-40ff-b6fe-31856dcfe6ad","ID":"46d4d3ef-aaa2-4f0a-baeb-105639e96a78","childs":null,"emcosID":null,"emcosMLID":null,"codMaketTEP":null,"codTEP":null,"WSName":"DB","rangeAddress":"$GF$439:$GF$476","headAddress":"$GF$439","bodyAddress":"$GF$440:$GF$476","_name":"по плану"}},"emcosID":null,"emcosMLID":null,"codMaketTEP":null,"codTEP":null,"WSName":"DB","rangeAddress":"$GB$438:$GF$476","headAddress":"$GB$438:$GF$438","bodyAddress":"$GB$439:$GF$476","_name":"прием"},"план":{"_level":1,"parentID":"f0eebdc1-b5e3-452b-87d4-821725615543","firstParentID":"064a761e-ca2b-40ff-b6fe-31856dcfe6ad","ID":"4735bbfe-7c96-4eb3-a893-e34bea1f37f3","childs":{"код":{"_level":2,"parentID":"4735bbfe-7c96-4eb3-a893-e34bea1f37f3","firstParentID":"064a761e-ca2b-40ff-b6fe-31856dcfe6ad","ID":"2445196d-8f8b-49b2-97b3-64da02113094","childs":null,"emcosID":null,"emcosMLID":null,"codMaketTEP":null,"codTEP":null,"WSName":"DB","rangeAddress":"$GG$439:$GG$476","headAddress":"$GG$439","bodyAddress":"$GG$440:$GG$476","_name":"код"},"основное":{"_level":2,"parentID":"4735bbfe-7c96-4eb3-a893-e34bea1f37f3","firstParentID":"064a761e-ca2b-40ff-b6fe-31856dcfe6ad","ID":"fde5757e-2e54-41e1-88cf-ef42d50d62b3","childs":null,"emcosID":null,"emcosMLID":null,"codMaketTEP":null,"codTEP":null,"WSName":"DB","rangeAddress":"$GH$439:$GH$476","headAddress":"$GH$439","bodyAddress":"$GH$440:$GH$476","_name":"основное"},"заявка":{"_level":2,"parentID":"4735bbfe-7c96-4eb3-a893-e34bea1f37f3","firstParentID":"064a761e-ca2b-40ff-b6fe-31856dcfe6ad","ID":"3600d634-b4cf-4a99-a489-7d16ef62f4f5","childs":null,"emcosID":null,"emcosMLID":null,"codMaketTEP":null,"codTEP":null,"WSName":"DB","rangeAddress":"$GI$439:$GI$476","headAddress":"$GI$439","bodyAddress":"$GI$440:$GI$476","_name":"заявка"},"утвержденный":{"_level":2,"parentID":"4735bbfe-7c96-4eb3-a893-e34bea1f37f3","firstParentID":"064a761e-ca2b-40ff-b6fe-31856dcfe6ad","ID":"6e33515f-c957-49bf-a6dd-4a60f65d1c88","childs":null,"emcosID":null,"emcosMLID":null,"codMaketTEP":null,"codTEP":null,"WSName":"DB","rangeAddress":"$GJ$439:$GJ$476","headAddress":"$GJ$439","bodyAddress":"$GJ$440:$GJ$476","_name":"утвержденный"},"корректировка":{"_level":2,"parentID":"4735bbfe-7c96-4eb3-a893-e34bea1f37f3","firstParentID":"064a761e-ca2b-40ff-b6fe-31856dcfe6ad","ID":"f97bae54-87f4-41b9-ac63-9967a7ab80d6","childs":null,"emcosID":null,"emcosMLID":null,"codMaketTEP":null,"codTEP":null,"WSName":"DB","rangeAddress":"$GK$439:$GK$476","headAddress":"$GK$439","bodyAddress":"$GK$440:$GK$476","_name":"корректировка"}},"emcosID":null,"emcosMLID":null,"codMaketTEP":null,"codTEP":null,"WSName":"DB","rangeAddress":"$GG$438:$GK$476","headAddress":"$GG$438:$GK$438","bodyAddress":"$GG$439:$GK$476","_name":"план"}},"emcosID":null,"emcosMLID":null,"codMaketTEP":null,"codTEP":null,"WSName":"DB","rangeAddress":"$GB$437:$GK$476","headAddress":"$GB$437:$GK$437","bodyAddress":"$GB$438:$GK$476","_name":"Потребление Энергопромтехно"}},"codPlan":110,"meterCoef":null,"_name":"Потребление Энергопромтехно"}