{"ID":"064a761e-ca2b-40ff-b6fe-31856dcfe6ad","childs":{"PS":{"_level":0,"parentID":"064a761e-ca2b-40ff-b6fe-31856dcfe6ad","firstParentID":"064a761e-ca2b-40ff-b6fe-31856dcfe6ad","ID":"3a19b21b-6d8d-42fd-a0df-cb5f77b9361f","childs":{"прием":{"_level":1,"parentID":"3a19b21b-6d8d-42fd-a0df-cb5f77b9361f","firstParentID":"064a761e-ca2b-40ff-b6fe-31856dcfe6ad","ID":"9ef6aa41-dc17-4088-b8b0-66c648f38ecf","childs":{"по плану":{"_level":2,"parentID":"9ef6aa41-dc17-4088-b8b0-66c648f38ecf","firstParentID":"064a761e-ca2b-40ff-b6fe-31856dcfe6ad","ID":"3aed7a7f-0993-45ec-9f16-eb6a3bf2ad8d","childs":null,"emcosID":null,"emcosMLID":null,"codMaketTEP":null,"codTEP":null,"WSName":"PS","rangeAddress":"$AJ$185:$AJ$221","headAddress":"$AJ$185","bodyAddress":"$AJ$186:$AJ$221","_name":"по плану"}},"emcosID":null,"emcosMLID":null,"codMaketTEP":null,"codTEP":null,"WSName":"PS","rangeAddress":"$AJ$184:$AJ$221","headAddress":"$AJ$184","bodyAddress":"$AJ$185:$AJ$221","_name":"прием"},"план":{"_level":1,"parentID":"3a19b21b-6d8d-42fd-a0df-cb5f77b9361f","firstParentID":"064a761e-ca2b-40ff-b6fe-31856dcfe6ad","ID":"e9d9061a-cfcd-46bd-873f-53bc6e75a65b","childs":{"заявка":{"_level":2,"parentID":"e9d9061a-cfcd-46bd-873f-53bc6e75a65b","firstParentID":"064a761e-ca2b-40ff-b6fe-31856dcfe6ad","ID":"c7dda40a-087e-4ffb-b3f6-e3708dab2692","childs":null,"emcosID":null,"emcosMLID":null,"codMaketTEP":null,"codTEP":null,"WSName":"PS","rangeAddress":"$AK$185:$AK$221","headAddress":"$AK$185","bodyAddress":"$AK$186:$AK$221","_name":"заявка"}},"emcosID":null,"emcosMLID":null,"codMaketTEP":null,"codTEP":null,"WSName":"PS","rangeAddress":"$AK$184:$AK$221","headAddress":"$AK$184","bodyAddress":"$AK$185:$AK$221","_name":"план"}},"emcosID":null,"emcosMLID":null,"codMaketTEP":null,"codTEP":null,"WSName":"PS","rangeAddress":"$AJ$183:$AK$221","headAddress":"$AJ$183:$AK$183","bodyAddress":"$AJ$184:$AK$221","_name":"Потребление Энергопромтехно"},"DB":{"_level":0,"parentID":"064a761e-ca2b-40ff-b6fe-31856dcfe6ad","firstParentID":"064a761e-ca2b-40ff-b6fe-31856dcfe6ad","ID":"f0eebdc1-b5e3-452b-87d4-821725615543","childs":{"прием":{"_level":1,"parentID":"f0eebdc1-b5e3-452b-87d4-821725615543","firstParentID":"064a761e-ca2b-40ff-b6fe-31856dcfe6ad","ID":"68d0b86c-6a63-4054-a9da-befdfd2c9ad5","childs":{"код":{"_level":2,"parentID":"68d0b86c-6a63-4054-a9da-befdfd2c9ad5","firstParentID":"064a761e-ca2b-40ff-b6fe-31856dcfe6ad","ID":"8e9680fc-b424-4f81-95cf-b4bbdb7443fd","childs":null,"emcosID":null,"emcosMLID":null,"codMaketTEP":null,"codTEP":null,"WSName":"DB","rangeAddress":"$GV$439:$GV$476","headAddress":"$GV$439","bodyAddress":"$GV$440:$GV$476","_name":"код"},"основное":{"_level":2,"parentID":"68d0b86c-6a63-4054-a9da-befdfd2c9ad5","firstParentID":"064a761e-ca2b-40ff-b6fe-31856dcfe6ad","ID":"642beb56-ef12-4808-aa47-3ef6f0e6d3a9","childs":null,"emcosID":null,"emcosMLID":null,"codMaketTEP":null,"codTEP":null,"WSName":"DB","rangeAddress":"$GW$439:$GW$476","headAddress":"$GW$439","bodyAddress":"$GW$440:$GW$476","_name":"основное"},"корректировка факт":{"_level":2,"parentID":"68d0b86c-6a63-4054-a9da-befdfd2c9ad5","firstParentID":"064a761e-ca2b-40ff-b6fe-31856dcfe6ad","ID":"ed43505e-202b-44e8-a814-82546363ade2","childs":null,"emcosID":null,"emcosMLID":null,"codMaketTEP":null,"codTEP":null,"WSName":"DB","rangeAddress":"$GX$439:$GX$476","headAddress":"$GX$439","bodyAddress":"$GX$440:$GX$476","_name":"корректировка факт"},"ручное":{"_level":2,"parentID":"68d0b86c-6a63-4054-a9da-befdfd2c9ad5","firstParentID":"064a761e-ca2b-40ff-b6fe-31856dcfe6ad","ID":"e2860b53-6ab5-4bf6-a009-52c6850eeec3","childs":null,"emcosID":null,"emcosMLID":null,"codMaketTEP":null,"codTEP":null,"WSName":"DB","rangeAddress":"$GY$439:$GY$476","headAddress":"$GY$439","bodyAddress":"$GY$440:$GY$476","_name":"ручное"},"по плану":{"_level":2,"parentID":"68d0b86c-6a63-4054-a9da-befdfd2c9ad5","firstParentID":"064a761e-ca2b-40ff-b6fe-31856dcfe6ad","ID":"46d4d3ef-aaa2-4f0a-baeb-105639e96a78","childs":null,"emcosID":null,"emcosMLID":null,"codMaketTEP":null,"codTEP":null,"WSName":"DB","rangeAddress":"$GZ$439:$GZ$476","headAddress":"$GZ$439","bodyAddress":"$GZ$440:$GZ$476","_name":"по плану"}},"emcosID":null,"emcosMLID":null,"codMaketTEP":null,"codTEP":null,"WSName":"DB","rangeAddress":"$GV$438:$GZ$476","headAddress":"$GV$438:$GZ$438","bodyAddress":"$GV$439:$GZ$476","_name":"прием"},"план":{"_level":1,"parentID":"f0eebdc1-b5e3-452b-87d4-821725615543","firstParentID":"064a761e-ca2b-40ff-b6fe-31856dcfe6ad","ID":"4735bbfe-7c96-4eb3-a893-e34bea1f37f3","childs":{"код":{"_level":2,"parentID":"4735bbfe-7c96-4eb3-a893-e34bea1f37f3","firstParentID":"064a761e-ca2b-40ff-b6fe-31856dcfe6ad","ID":"2445196d-8f8b-49b2-97b3-64da02113094","childs":null,"emcosID":null,"emcosMLID":null,"codMaketTEP":null,"codTEP":null,"WSName":"DB","rangeAddress":"$HA$439:$HA$476","headAddress":"$HA$439","bodyAddress":"$HA$440:$HA$476","_name":"код"},"основное":{"_level":2,"parentID":"4735bbfe-7c96-4eb3-a893-e34bea1f37f3","firstParentID":"064a761e-ca2b-40ff-b6fe-31856dcfe6ad","ID":"fde5757e-2e54-41e1-88cf-ef42d50d62b3","childs":null,"emcosID":null,"emcosMLID":null,"codMaketTEP":null,"codTEP":null,"WSName":"DB","rangeAddress":"$HB$439:$HB$476","headAddress":"$HB$439","bodyAddress":"$HB$440:$HB$476","_name":"основное"},"заявка":{"_level":2,"parentID":"4735bbfe-7c96-4eb3-a893-e34bea1f37f3","firstParentID":"064a761e-ca2b-40ff-b6fe-31856dcfe6ad","ID":"3600d634-b4cf-4a99-a489-7d16ef62f4f5","childs":null,"emcosID":null,"emcosMLID":null,"codMaketTEP":null,"codTEP":null,"WSName":"DB","rangeAddress":"$HC$439:$HC$476","headAddress":"$HC$439","bodyAddress":"$HC$440:$HC$476","_name":"заявка"},"утвержденный":{"_level":2,"parentID":"4735bbfe-7c96-4eb3-a893-e34bea1f37f3","firstParentID":"064a761e-ca2b-40ff-b6fe-31856dcfe6ad","ID":"6e33515f-c957-49bf-a6dd-4a60f65d1c88","childs":null,"emcosID":null,"emcosMLID":null,"codMaketTEP":null,"codTEP":null,"WSName":"DB","rangeAddress":"$HD$439:$HD$476","headAddress":"$HD$439","bodyAddress":"$HD$440:$HD$476","_name":"утвержденный"},"корректировка":{"_level":2,"parentID":"4735bbfe-7c96-4eb3-a893-e34bea1f37f3","firstParentID":"064a761e-ca2b-40ff-b6fe-31856dcfe6ad","ID":"f97bae54-87f4-41b9-ac63-9967a7ab80d6","childs":null,"emcosID":null,"emcosMLID":null,"codMaketTEP":null,"codTEP":null,"WSName":"DB","rangeAddress":"$HE$439:$HE$476","headAddress":"$HE$439","bodyAddress":"$HE$440:$HE$476","_name":"корректировка"}},"emcosID":null,"emcosMLID":null,"codMaketTEP":null,"codTEP":null,"WSName":"DB","rangeAddress":"$HA$438:$HE$476","headAddress":"$HA$438:$HE$438","bodyAddress":"$HA$439:$HE$476","_name":"план"}},"emcosID":null,"emcosMLID":null,"codMaketTEP":null,"codTEP":null,"WSName":"DB","rangeAddress":"$GV$437:$HE$476","headAddress":"$GV$437:$HE$437","bodyAddress":"$GV$438:$HE$476","_name":"Потребление Энергопромтехно"}},"codPlan":103,"meterCoef":null,"_name":"Потребление Энергопромтехно"}