{"ID":"08dba0f0-b251-4ba1-9797-6066d7c9fe65","childs":{"PS":{"_level":0,"parentID":"08dba0f0-b251-4ba1-9797-6066d7c9fe65","firstParentID":"08dba0f0-b251-4ba1-9797-6066d7c9fe65","ID":"c2c2f70b-e979-492e-8886-09283a6594ee","childs":{"отдача":{"_level":1,"parentID":"c2c2f70b-e979-492e-8886-09283a6594ee","firstParentID":"08dba0f0-b251-4ba1-9797-6066d7c9fe65","ID":"56cdfea7-4713-4d02-9f13-9cbe2a3445b4","childs":{"оперативное":{"_level":2,"parentID":"56cdfea7-4713-4d02-9f13-9cbe2a3445b4","firstParentID":"08dba0f0-b251-4ba1-9797-6066d7c9fe65","ID":"3ee7eb9e-7088-424a-8c5c-da42805f3b28","childs":null,"emcosID":null,"emcosMLID":null,"codMaketTEP":null,"codTEP":null,"WSName":"PS","rangeAddress":"$BK$185:$BK$221","headAddress":"$BK$185","bodyAddress":"$BK$186:$BK$221","_name":"оперативное"}},"emcosID":null,"emcosMLID":null,"codMaketTEP":null,"codTEP":null,"WSName":"PS","rangeAddress":"$BK$184:$BK$221","headAddress":"$BK$184","bodyAddress":"$BK$185:$BK$221","_name":"отдача"},"план":{"_level":1,"parentID":"c2c2f70b-e979-492e-8886-09283a6594ee","firstParentID":"08dba0f0-b251-4ba1-9797-6066d7c9fe65","ID":"6b1bdc2a-7484-442b-89ad-9a85b4e02bb8","childs":{"заявка":{"_level":2,"parentID":"6b1bdc2a-7484-442b-89ad-9a85b4e02bb8","firstParentID":"08dba0f0-b251-4ba1-9797-6066d7c9fe65","ID":"5c858dd2-3d64-4abd-8097-ad330ebba718","childs":null,"emcosID":null,"emcosMLID":null,"codMaketTEP":null,"codTEP":null,"WSName":"PS","rangeAddress":"$BL$185:$BL$221","headAddress":"$BL$185","bodyAddress":"$BL$186:$BL$221","_name":"заявка"}},"emcosID":null,"emcosMLID":null,"codMaketTEP":null,"codTEP":null,"WSName":"PS","rangeAddress":"$BL$184:$BL$221","headAddress":"$BL$184","bodyAddress":"$BL$185:$BL$221","_name":"план"}},"emcosID":null,"emcosMLID":null,"codMaketTEP":null,"codTEP":null,"WSName":"PS","rangeAddress":"$BK$183:$BL$221","headAddress":"$BK$183:$BL$183","bodyAddress":"$BK$184:$BL$221","_name":"АТЭЦ1 АлЭС"},"DB":{"_level":0,"parentID":"08dba0f0-b251-4ba1-9797-6066d7c9fe65","firstParentID":"08dba0f0-b251-4ba1-9797-6066d7c9fe65","ID":"77181ed3-4d0d-49f2-bcef-c098237bf3d6","childs":{"отдача":{"_level":1,"parentID":"77181ed3-4d0d-49f2-bcef-c098237bf3d6","firstParentID":"08dba0f0-b251-4ba1-9797-6066d7c9fe65","ID":"43416d39-0c2c-4686-a506-de22a8affdcb","childs":{"код":{"_level":2,"parentID":"43416d39-0c2c-4686-a506-de22a8affdcb","firstParentID":"08dba0f0-b251-4ba1-9797-6066d7c9fe65","ID":"ebc566b6-588d-4beb-941d-e0e24bd7ab40","childs":null,"emcosID":null,"emcosMLID":null,"codMaketTEP":null,"codTEP":null,"WSName":"DB","rangeAddress":"$X$138:$X$175","headAddress":"$X$138","bodyAddress":"$X$139:$X$175","_name":"код"},"основное":{"_level":2,"parentID":"43416d39-0c2c-4686-a506-de22a8affdcb","firstParentID":"08dba0f0-b251-4ba1-9797-6066d7c9fe65","ID":"82794e45-4d69-4871-a36e-6df669c3f93e","childs":null,"emcosID":null,"emcosMLID":null,"codMaketTEP":null,"codTEP":null,"WSName":"DB","rangeAddress":"$Y$138:$Y$175","headAddress":"$Y$138","bodyAddress":"$Y$139:$Y$175","_name":"основное"},"корректировка факт":{"_level":2,"parentID":"43416d39-0c2c-4686-a506-de22a8affdcb","firstParentID":"08dba0f0-b251-4ba1-9797-6066d7c9fe65","ID":"14961883-a5b0-47c9-8655-878c96128917","childs":null,"emcosID":null,"emcosMLID":null,"codMaketTEP":null,"codTEP":null,"WSName":"DB","rangeAddress":"$Z$138:$Z$175","headAddress":"$Z$138","bodyAddress":"$Z$139:$Z$175","_name":"корректировка факт"},"ручное":{"_level":2,"parentID":"43416d39-0c2c-4686-a506-de22a8affdcb","firstParentID":"08dba0f0-b251-4ba1-9797-6066d7c9fe65","ID":"e07dd692-42e1-43d1-938d-186e6eb9611d","childs":null,"emcosID":null,"emcosMLID":null,"codMaketTEP":null,"codTEP":null,"WSName":"DB","rangeAddress":"$AA$138:$AA$175","headAddress":"$AA$138","bodyAddress":"$AA$139:$AA$175","_name":"ручное"},"оперативное":{"_level":2,"parentID":"43416d39-0c2c-4686-a506-de22a8affdcb","firstParentID":"08dba0f0-b251-4ba1-9797-6066d7c9fe65","ID":"7094ee1a-b002-4fa4-b107-d3b5483dce3c","childs":null,"emcosID":null,"emcosMLID":null,"codMaketTEP":null,"codTEP":null,"WSName":"DB","rangeAddress":"$AB$138:$AB$175","headAddress":"$AB$138","bodyAddress":"$AB$139:$AB$175","_name":"оперативное"},"по плану":{"_level":2,"parentID":"43416d39-0c2c-4686-a506-de22a8affdcb","firstParentID":"08dba0f0-b251-4ba1-9797-6066d7c9fe65","ID":"db3d3ff7-b26c-4131-8dbb-acf76497db3e","childs":null,"emcosID":null,"emcosMLID":null,"codMaketTEP":null,"codTEP":null,"WSName":"DB","rangeAddress":"$AC$138:$AC$175","headAddress":"$AC$138","bodyAddress":"$AC$139:$AC$175","_name":"по плану"}},"emcosID":null,"emcosMLID":null,"codMaketTEP":null,"codTEP":null,"WSName":"DB","rangeAddress":"$X$137:$AC$175","headAddress":"$X$137:$AC$137","bodyAddress":"$X$138:$AC$175","_name":"отдача"},"план":{"_level":1,"parentID":"77181ed3-4d0d-49f2-bcef-c098237bf3d6","firstParentID":"08dba0f0-b251-4ba1-9797-6066d7c9fe65","ID":"4bb3f769-e5b7-4904-92a1-0dbebb3b6584","childs":{"код":{"_level":2,"parentID":"4bb3f769-e5b7-4904-92a1-0dbebb3b6584","firstParentID":"08dba0f0-b251-4ba1-9797-6066d7c9fe65","ID":"ffe9287e-6271-43d9-a609-31fb3c7e2f82","childs":null,"emcosID":null,"emcosMLID":null,"codMaketTEP":null,"codTEP":null,"WSName":"DB","rangeAddress":"$AD$138:$AD$175","headAddress":"$AD$138","bodyAddress":"$AD$139:$AD$175","_name":"код"},"основное":{"_level":2,"parentID":"4bb3f769-e5b7-4904-92a1-0dbebb3b6584","firstParentID":"08dba0f0-b251-4ba1-9797-6066d7c9fe65","ID":"19db4d9b-4310-4374-8cb3-d6676bc22a03","childs":null,"emcosID":null,"emcosMLID":null,"codMaketTEP":null,"codTEP":null,"WSName":"DB","rangeAddress":"$AE$138:$AE$175","headAddress":"$AE$138","bodyAddress":"$AE$139:$AE$175","_name":"основное"},"заявка":{"_level":2,"parentID":"4bb3f769-e5b7-4904-92a1-0dbebb3b6584","firstParentID":"08dba0f0-b251-4ba1-9797-6066d7c9fe65","ID":"fccb9ac5-ea3f-4039-8924-5dedbb4f4994","childs":null,"emcosID":null,"emcosMLID":null,"codMaketTEP":null,"codTEP":null,"WSName":"DB","rangeAddress":"$AF$138:$AF$175","headAddress":"$AF$138","bodyAddress":"$AF$139:$AF$175","_name":"заявка"},"утвержденный":{"_level":2,"parentID":"4bb3f769-e5b7-4904-92a1-0dbebb3b6584","firstParentID":"08dba0f0-b251-4ba1-9797-6066d7c9fe65","ID":"f723c39a-c306-4e96-8b74-fc81e0958e7a","childs":null,"emcosID":null,"emcosMLID":null,"codMaketTEP":null,"codTEP":null,"WSName":"DB","rangeAddress":"$AG$138:$AG$175","headAddress":"$AG$138","bodyAddress":"$AG$139:$AG$175","_name":"утвержденный"},"корректировка":{"_level":2,"parentID":"4bb3f769-e5b7-4904-92a1-0dbebb3b6584","firstParentID":"08dba0f0-b251-4ba1-9797-6066d7c9fe65","ID":"b806f952-069b-4bb5-9e30-fe6ee0a6e047","childs":null,"emcosID":null,"emcosMLID":null,"codMaketTEP":null,"codTEP":null,"WSName":"DB","rangeAddress":"$AH$138:$AH$175","headAddress":"$AH$138","bodyAddress":"$AH$139:$AH$175","_name":"корректировка"}},"emcosID":null,"emcosMLID":null,"codMaketTEP":null,"codTEP":null,"WSName":"DB","rangeAddress":"$AD$137:$AH$175","headAddress":"$AD$137:$AH$137","bodyAddress":"$AD$138:$AH$175","_name":"план"}},"emcosID":null,"emcosMLID":null,"codMaketTEP":null,"codTEP":null,"WSName":"DB","rangeAddress":"$X$136:$AH$175","headAddress":"$X$136:$AH$136","bodyAddress":"$X$137:$AH$175","_name":"АТЭЦ1 АлЭС"}},"codPlan":22,"meterCoef":null,"_name":"АТЭЦ1 АлЭС"}