{"ID":"0a5640e6-7af6-478c-989f-0dbc2cab8d14","childs":{"PS":{"_level":0,"parentID":"0a5640e6-7af6-478c-989f-0dbc2cab8d14","firstParentID":"0a5640e6-7af6-478c-989f-0dbc2cab8d14","ID":"18593477-12d3-4cd2-8894-e781bcb21a37","childs":{"отдача":{"_level":1,"parentID":"18593477-12d3-4cd2-8894-e781bcb21a37","firstParentID":"0a5640e6-7af6-478c-989f-0dbc2cab8d14","ID":"66c1a92f-2ded-4e58-beed-eecf4097b5cf","childs":{"ручное":{"_level":2,"parentID":"66c1a92f-2ded-4e58-beed-eecf4097b5cf","firstParentID":"0a5640e6-7af6-478c-989f-0dbc2cab8d14","ID":"f9a49278-5a15-45e5-90d4-5df51cc9adf0","childs":null,"emcosID":null,"emcosMLID":null,"codMaketTEP":null,"codTEP":null,"WSName":"PS","rangeAddress":"$BO$228:$BO$264","headAddress":"$BO$228","bodyAddress":"$BO$229:$BO$264","_name":"ручное"}},"emcosID":null,"emcosMLID":null,"codMaketTEP":null,"codTEP":null,"WSName":"PS","rangeAddress":"$BO$227:$BO$264","headAddress":"$BO$227","bodyAddress":"$BO$228:$BO$264","_name":"отдача"}},"emcosID":null,"emcosMLID":null,"codMaketTEP":null,"codTEP":null,"WSName":"PS","rangeAddress":"$BO$226:$BO$264","headAddress":"$BO$226","bodyAddress":"$BO$227:$BO$264","_name":"Генерация ГЭС Лепсы-2"},"DB":{"_level":0,"parentID":"0a5640e6-7af6-478c-989f-0dbc2cab8d14","firstParentID":"0a5640e6-7af6-478c-989f-0dbc2cab8d14","ID":"d928dd01-52e2-4b76-86ac-1354c5da1e56","childs":{"отдача":{"_level":1,"parentID":"d928dd01-52e2-4b76-86ac-1354c5da1e56","firstParentID":"0a5640e6-7af6-478c-989f-0dbc2cab8d14","ID":"b1c8299f-bd60-47f1-9db0-1ed55f709d92","childs":{"код":{"_level":2,"parentID":"b1c8299f-bd60-47f1-9db0-1ed55f709d92","firstParentID":"0a5640e6-7af6-478c-989f-0dbc2cab8d14","ID":"738ca4af-e01c-4352-940c-b43c33fbbeba","childs":null,"emcosID":null,"emcosMLID":null,"codMaketTEP":null,"codTEP":null,"WSName":"DB","rangeAddress":"$EJ$482:$EJ$519","headAddress":"$EJ$482","bodyAddress":"$EJ$483:$EJ$519","_name":"код"},"основное":{"_level":2,"parentID":"b1c8299f-bd60-47f1-9db0-1ed55f709d92","firstParentID":"0a5640e6-7af6-478c-989f-0dbc2cab8d14","ID":"debadcf2-dd25-47eb-822f-9717f67c84bc","childs":null,"emcosID":null,"emcosMLID":null,"codMaketTEP":null,"codTEP":null,"WSName":"DB","rangeAddress":"$EK$482:$EK$519","headAddress":"$EK$482","bodyAddress":"$EK$483:$EK$519","_name":"основное"},"корректировка факт":{"_level":2,"parentID":"b1c8299f-bd60-47f1-9db0-1ed55f709d92","firstParentID":"0a5640e6-7af6-478c-989f-0dbc2cab8d14","ID":"2ff126da-c7fd-465e-b0ea-ef915e59c93b","childs":null,"emcosID":null,"emcosMLID":null,"codMaketTEP":null,"codTEP":null,"WSName":"DB","rangeAddress":"$EL$482:$EL$519","headAddress":"$EL$482","bodyAddress":"$EL$483:$EL$519","_name":"корректировка факт"},"ручное":{"_level":2,"parentID":"b1c8299f-bd60-47f1-9db0-1ed55f709d92","firstParentID":"0a5640e6-7af6-478c-989f-0dbc2cab8d14","ID":"805d3bc9-8f1c-449b-82e4-f2ec80916f59","childs":null,"emcosID":null,"emcosMLID":null,"codMaketTEP":null,"codTEP":null,"WSName":"DB","rangeAddress":"$EM$482:$EM$519","headAddress":"$EM$482","bodyAddress":"$EM$483:$EM$519","_name":"ручное"}},"emcosID":null,"emcosMLID":null,"codMaketTEP":null,"codTEP":null,"WSName":"DB","rangeAddress":"$EJ$481:$EM$519","headAddress":"$EJ$481:$EM$481","bodyAddress":"$EJ$482:$EM$519","_name":"отдача"}},"emcosID":null,"emcosMLID":null,"codMaketTEP":null,"codTEP":null,"WSName":"DB","rangeAddress":"$EJ$480:$EM$519","headAddress":"$EJ$480:$EM$480","bodyAddress":"$EJ$481:$EM$519","_name":"Генерация ГЭС Лепсы-2"}},"codPlan":null,"meterCoef":null,"_name":"Генерация ГЭС Лепсы-2"}