{"ID":"0a58fddb-a18f-452f-b229-5cf6bc24889e","childs":{"PS":{"_level":0,"parentID":"0a58fddb-a18f-452f-b229-5cf6bc24889e","firstParentID":"0a58fddb-a18f-452f-b229-5cf6bc24889e","ID":"d1956713-e63e-4147-a90e-fe5977a1e101","childs":{"прием":{"_level":1,"parentID":"d1956713-e63e-4147-a90e-fe5977a1e101","firstParentID":"0a58fddb-a18f-452f-b229-5cf6bc24889e","ID":"f0d0b52f-ec12-4d56-8dc8-6ac3cc4657ae","childs":{"по счетчику":{"_level":2,"parentID":"f0d0b52f-ec12-4d56-8dc8-6ac3cc4657ae","firstParentID":"0a58fddb-a18f-452f-b229-5cf6bc24889e","ID":"9444417a-1088-4695-8f3e-1bb56c82064b","childs":null,"emcosID":null,"emcosMLID":null,"codMaketTEP":null,"codTEP":null,"WSName":"PS","rangeAddress":"$CW$185:$CW$221","headAddress":"$CW$185","bodyAddress":"$CW$186:$CW$221","_name":"по счетчику"},"СЧЕТЧИК":{"_level":2,"parentID":"f0d0b52f-ec12-4d56-8dc8-6ac3cc4657ae","firstParentID":"0a58fddb-a18f-452f-b229-5cf6bc24889e","ID":"6027f11a-ed92-42bd-80b0-10027b2aef52","childs":null,"emcosID":null,"emcosMLID":null,"codMaketTEP":null,"codTEP":null,"WSName":"PS","rangeAddress":"$CX$185:$CX$221","headAddress":"$CX$185","bodyAddress":"$CX$186:$CX$221","_name":"СЧЕТЧИК"}},"emcosID":null,"emcosMLID":null,"codMaketTEP":null,"codTEP":null,"WSName":"PS","rangeAddress":"$CW$184:$CX$221","headAddress":"$CW$184:$CX$184","bodyAddress":"$CW$185:$CX$221","_name":"прием"},"отдача":{"_level":1,"parentID":"d1956713-e63e-4147-a90e-fe5977a1e101","firstParentID":"0a58fddb-a18f-452f-b229-5cf6bc24889e","ID":"4f9981de-a909-4e40-9740-ea5b289a693e","childs":{"по счетчику":{"_level":2,"parentID":"4f9981de-a909-4e40-9740-ea5b289a693e","firstParentID":"0a58fddb-a18f-452f-b229-5cf6bc24889e","ID":"66b5e393-50b8-4dc8-9629-5920174e9562","childs":null,"emcosID":null,"emcosMLID":null,"codMaketTEP":null,"codTEP":null,"WSName":"PS","rangeAddress":"$CY$185:$CY$221","headAddress":"$CY$185","bodyAddress":"$CY$186:$CY$221","_name":"по счетчику"},"СЧЕТЧИК":{"_level":2,"parentID":"4f9981de-a909-4e40-9740-ea5b289a693e","firstParentID":"0a58fddb-a18f-452f-b229-5cf6bc24889e","ID":"292909b6-6a45-4895-9949-5080fd12c7c2","childs":null,"emcosID":null,"emcosMLID":null,"codMaketTEP":null,"codTEP":null,"WSName":"PS","rangeAddress":"$CZ$185:$CZ$221","headAddress":"$CZ$185","bodyAddress":"$CZ$186:$CZ$221","_name":"СЧЕТЧИК"}},"emcosID":null,"emcosMLID":null,"codMaketTEP":null,"codTEP":null,"WSName":"PS","rangeAddress":"$CY$184:$CZ$221","headAddress":"$CY$184:$CZ$184","bodyAddress":"$CY$185:$CZ$221","_name":"отдача"}},"emcosID":null,"emcosMLID":null,"codMaketTEP":null,"codTEP":null,"WSName":"PS","rangeAddress":"$CW$183:$CZ$221","headAddress":"$CW$183:$CZ$183","bodyAddress":"$CW$184:$CZ$221","_name":"Т2 Eneverse Kunkuat СЭС Капшагай 100"},"DB":{"_level":0,"parentID":"0a58fddb-a18f-452f-b229-5cf6bc24889e","firstParentID":"0a58fddb-a18f-452f-b229-5cf6bc24889e","ID":"7fd26a75-deff-4156-be3a-bc27db821aa7","childs":{"прием":{"_level":1,"parentID":"7fd26a75-deff-4156-be3a-bc27db821aa7","firstParentID":"0a58fddb-a18f-452f-b229-5cf6bc24889e","ID":"ab707e1c-c5ce-4912-af8a-05809b744638","childs":{"код":{"_level":2,"parentID":"ab707e1c-c5ce-4912-af8a-05809b744638","firstParentID":"0a58fddb-a18f-452f-b229-5cf6bc24889e","ID":"11467075-6b88-4200-8c8e-993103263d1c","childs":null,"emcosID":null,"emcosMLID":null,"codMaketTEP":null,"codTEP":null,"WSName":"DB","rangeAddress":"$BH$482:$BH$519","headAddress":"$BH$482","bodyAddress":"$BH$483:$BH$519","_name":"код"},"основное":{"_level":2,"parentID":"ab707e1c-c5ce-4912-af8a-05809b744638","firstParentID":"0a58fddb-a18f-452f-b229-5cf6bc24889e","ID":"ee510ed7-b778-4472-b725-686941b5b6e7","childs":null,"emcosID":null,"emcosMLID":null,"codMaketTEP":null,"codTEP":null,"WSName":"DB","rangeAddress":"$BI$482:$BI$519","headAddress":"$BI$482","bodyAddress":"$BI$483:$BI$519","_name":"основное"},"корректировка факт":{"_level":2,"parentID":"ab707e1c-c5ce-4912-af8a-05809b744638","firstParentID":"0a58fddb-a18f-452f-b229-5cf6bc24889e","ID":"5e9bb53e-5767-4efc-88f7-e555670399fd","childs":null,"emcosID":null,"emcosMLID":null,"codMaketTEP":null,"codTEP":null,"WSName":"DB","rangeAddress":"$BJ$482:$BJ$519","headAddress":"$BJ$482","bodyAddress":"$BJ$483:$BJ$519","_name":"корректировка факт"},"ручное":{"_level":2,"parentID":"ab707e1c-c5ce-4912-af8a-05809b744638","firstParentID":"0a58fddb-a18f-452f-b229-5cf6bc24889e","ID":"ff40a16c-a0e0-46b0-9070-78e051e91132","childs":null,"emcosID":null,"emcosMLID":null,"codMaketTEP":null,"codTEP":null,"WSName":"DB","rangeAddress":"$BK$482:$BK$519","headAddress":"$BK$482","bodyAddress":"$BK$483:$BK$519","_name":"ручное"},"счетчик":{"_level":2,"parentID":"ab707e1c-c5ce-4912-af8a-05809b744638","firstParentID":"0a58fddb-a18f-452f-b229-5cf6bc24889e","ID":"9f05cb6f-0d38-4f74-bec2-5e85d434ffb4","childs":null,"emcosID":null,"emcosMLID":null,"codMaketTEP":null,"codTEP":null,"WSName":"DB","rangeAddress":"$BL$482:$BL$519","headAddress":"$BL$482","bodyAddress":"$BL$483:$BL$519","_name":"счетчик"},"по счетчику":{"_level":2,"parentID":"ab707e1c-c5ce-4912-af8a-05809b744638","firstParentID":"0a58fddb-a18f-452f-b229-5cf6bc24889e","ID":"7ae1694b-c600-41d3-a6eb-1314c9d689a9","childs":null,"emcosID":null,"emcosMLID":null,"codMaketTEP":null,"codTEP":null,"WSName":"DB","rangeAddress":"$BM$482:$BM$519","headAddress":"$BM$482","bodyAddress":"$BM$483:$BM$519","_name":"по счетчику"}},"emcosID":null,"emcosMLID":null,"codMaketTEP":null,"codTEP":null,"WSName":"DB","rangeAddress":"$BH$481:$BM$519","headAddress":"$BH$481:$BM$481","bodyAddress":"$BH$482:$BM$519","_name":"прием"},"отдача":{"_level":1,"parentID":"7fd26a75-deff-4156-be3a-bc27db821aa7","firstParentID":"0a58fddb-a18f-452f-b229-5cf6bc24889e","ID":"ebcf08db-da93-495d-ad67-d7bf668a72cb","childs":{"код":{"_level":2,"parentID":"ebcf08db-da93-495d-ad67-d7bf668a72cb","firstParentID":"0a58fddb-a18f-452f-b229-5cf6bc24889e","ID":"0120cbc2-449a-48e5-bd82-f77d0a6e7023","childs":null,"emcosID":null,"emcosMLID":null,"codMaketTEP":null,"codTEP":null,"WSName":"DB","rangeAddress":"$BN$482:$BN$519","headAddress":"$BN$482","bodyAddress":"$BN$483:$BN$519","_name":"код"},"основное":{"_level":2,"parentID":"ebcf08db-da93-495d-ad67-d7bf668a72cb","firstParentID":"0a58fddb-a18f-452f-b229-5cf6bc24889e","ID":"54a08c72-fa6b-4e2e-bb3a-9166ed830d83","childs":null,"emcosID":null,"emcosMLID":null,"codMaketTEP":null,"codTEP":null,"WSName":"DB","rangeAddress":"$BO$482:$BO$519","headAddress":"$BO$482","bodyAddress":"$BO$483:$BO$519","_name":"основное"},"корректировка факт":{"_level":2,"parentID":"ebcf08db-da93-495d-ad67-d7bf668a72cb","firstParentID":"0a58fddb-a18f-452f-b229-5cf6bc24889e","ID":"da0c7516-4a07-4cfe-a374-7d50d869065b","childs":null,"emcosID":null,"emcosMLID":null,"codMaketTEP":null,"codTEP":null,"WSName":"DB","rangeAddress":"$BP$482:$BP$519","headAddress":"$BP$482","bodyAddress":"$BP$483:$BP$519","_name":"корректировка факт"},"ручное":{"_level":2,"parentID":"ebcf08db-da93-495d-ad67-d7bf668a72cb","firstParentID":"0a58fddb-a18f-452f-b229-5cf6bc24889e","ID":"055f8007-958e-4ec6-bcbd-aef9cc5bb083","childs":null,"emcosID":null,"emcosMLID":null,"codMaketTEP":null,"codTEP":null,"WSName":"DB","rangeAddress":"$BQ$482:$BQ$519","headAddress":"$BQ$482","bodyAddress":"$BQ$483:$BQ$519","_name":"ручное"},"счетчик":{"_level":2,"parentID":"ebcf08db-da93-495d-ad67-d7bf668a72cb","firstParentID":"0a58fddb-a18f-452f-b229-5cf6bc24889e","ID":"19e1fe04-47c8-4377-aba2-3656ca2afcfc","childs":null,"emcosID":null,"emcosMLID":null,"codMaketTEP":null,"codTEP":null,"WSName":"DB","rangeAddress":"$BR$482:$BR$519","headAddress":"$BR$482","bodyAddress":"$BR$483:$BR$519","_name":"счетчик"},"по счетчику":{"_level":2,"parentID":"ebcf08db-da93-495d-ad67-d7bf668a72cb","firstParentID":"0a58fddb-a18f-452f-b229-5cf6bc24889e","ID":"ef0491d2-9290-40b6-a059-97bc9c5fd151","childs":null,"emcosID":null,"emcosMLID":null,"codMaketTEP":null,"codTEP":null,"WSName":"DB","rangeAddress":"$BS$482:$BS$519","headAddress":"$BS$482","bodyAddress":"$BS$483:$BS$519","_name":"по счетчику"}},"emcosID":null,"emcosMLID":null,"codMaketTEP":null,"codTEP":null,"WSName":"DB","rangeAddress":"$BN$481:$BS$519","headAddress":"$BN$481:$BS$481","bodyAddress":"$BN$482:$BS$519","_name":"отдача"}},"emcosID":null,"emcosMLID":null,"codMaketTEP":null,"codTEP":null,"WSName":"DB","rangeAddress":"$BH$480:$BS$519","headAddress":"$BH$480:$BS$480","bodyAddress":"$BH$481:$BS$519","_name":"Т2 Eneverse Kunkuat СЭС Капшагай 100"}},"codPlan":null,"meterCoef":"264","_name":"Т2 Eneverse Kunkuat СЭС Капшагай 100"}