{"ID":"0a58fddb-a18f-452f-b229-5cf6bc24889e","childs":{"PS":{"_level":0,"parentID":"0a58fddb-a18f-452f-b229-5cf6bc24889e","firstParentID":"0a58fddb-a18f-452f-b229-5cf6bc24889e","ID":"d1956713-e63e-4147-a90e-fe5977a1e101","childs":{"прием":{"_level":1,"parentID":"d1956713-e63e-4147-a90e-fe5977a1e101","firstParentID":"0a58fddb-a18f-452f-b229-5cf6bc24889e","ID":"f0d0b52f-ec12-4d56-8dc8-6ac3cc4657ae","childs":{"по счетчику":{"_level":2,"parentID":"f0d0b52f-ec12-4d56-8dc8-6ac3cc4657ae","firstParentID":"0a58fddb-a18f-452f-b229-5cf6bc24889e","ID":"9444417a-1088-4695-8f3e-1bb56c82064b","childs":null,"emcosID":null,"emcosMLID":null,"codMaketTEP":null,"codTEP":null,"WSName":"PS","rangeAddress":"$CV$185:$CV$221","headAddress":"$CV$185","bodyAddress":"$CV$186:$CV$221","_name":"по счетчику"},"СЧЕТЧИК":{"_level":2,"parentID":"f0d0b52f-ec12-4d56-8dc8-6ac3cc4657ae","firstParentID":"0a58fddb-a18f-452f-b229-5cf6bc24889e","ID":"6027f11a-ed92-42bd-80b0-10027b2aef52","childs":null,"emcosID":null,"emcosMLID":null,"codMaketTEP":null,"codTEP":null,"WSName":"PS","rangeAddress":"$CW$185:$CW$221","headAddress":"$CW$185","bodyAddress":"$CW$186:$CW$221","_name":"СЧЕТЧИК"}},"emcosID":null,"emcosMLID":null,"codMaketTEP":null,"codTEP":null,"WSName":"PS","rangeAddress":"$CV$184:$CW$221","headAddress":"$CV$184:$CW$184","bodyAddress":"$CV$185:$CW$221","_name":"прием"},"отдача":{"_level":1,"parentID":"d1956713-e63e-4147-a90e-fe5977a1e101","firstParentID":"0a58fddb-a18f-452f-b229-5cf6bc24889e","ID":"4f9981de-a909-4e40-9740-ea5b289a693e","childs":{"по счетчику":{"_level":2,"parentID":"4f9981de-a909-4e40-9740-ea5b289a693e","firstParentID":"0a58fddb-a18f-452f-b229-5cf6bc24889e","ID":"66b5e393-50b8-4dc8-9629-5920174e9562","childs":null,"emcosID":null,"emcosMLID":null,"codMaketTEP":null,"codTEP":null,"WSName":"PS","rangeAddress":"$CX$185:$CX$221","headAddress":"$CX$185","bodyAddress":"$CX$186:$CX$221","_name":"по счетчику"},"СЧЕТЧИК":{"_level":2,"parentID":"4f9981de-a909-4e40-9740-ea5b289a693e","firstParentID":"0a58fddb-a18f-452f-b229-5cf6bc24889e","ID":"292909b6-6a45-4895-9949-5080fd12c7c2","childs":null,"emcosID":null,"emcosMLID":null,"codMaketTEP":null,"codTEP":null,"WSName":"PS","rangeAddress":"$CY$185:$CY$221","headAddress":"$CY$185","bodyAddress":"$CY$186:$CY$221","_name":"СЧЕТЧИК"}},"emcosID":null,"emcosMLID":null,"codMaketTEP":null,"codTEP":null,"WSName":"PS","rangeAddress":"$CX$184:$CY$221","headAddress":"$CX$184:$CY$184","bodyAddress":"$CX$185:$CY$221","_name":"отдача"}},"emcosID":null,"emcosMLID":null,"codMaketTEP":null,"codTEP":null,"WSName":"PS","rangeAddress":"$CV$183:$CY$221","headAddress":"$CV$183:$CY$183","bodyAddress":"$CV$184:$CY$221","_name":"Т2 Eneverse Kunkuat СЭС Капшагай 100"},"DB":{"_level":0,"parentID":"0a58fddb-a18f-452f-b229-5cf6bc24889e","firstParentID":"0a58fddb-a18f-452f-b229-5cf6bc24889e","ID":"7fd26a75-deff-4156-be3a-bc27db821aa7","childs":{"прием":{"_level":1,"parentID":"7fd26a75-deff-4156-be3a-bc27db821aa7","firstParentID":"0a58fddb-a18f-452f-b229-5cf6bc24889e","ID":"ab707e1c-c5ce-4912-af8a-05809b744638","childs":{"код":{"_level":2,"parentID":"ab707e1c-c5ce-4912-af8a-05809b744638","firstParentID":"0a58fddb-a18f-452f-b229-5cf6bc24889e","ID":"11467075-6b88-4200-8c8e-993103263d1c","childs":null,"emcosID":null,"emcosMLID":null,"codMaketTEP":null,"codTEP":null,"WSName":"DB","rangeAddress":"$AS$482:$AS$519","headAddress":"$AS$482","bodyAddress":"$AS$483:$AS$519","_name":"код"},"основное":{"_level":2,"parentID":"ab707e1c-c5ce-4912-af8a-05809b744638","firstParentID":"0a58fddb-a18f-452f-b229-5cf6bc24889e","ID":"ee510ed7-b778-4472-b725-686941b5b6e7","childs":null,"emcosID":null,"emcosMLID":null,"codMaketTEP":null,"codTEP":null,"WSName":"DB","rangeAddress":"$AT$482:$AT$519","headAddress":"$AT$482","bodyAddress":"$AT$483:$AT$519","_name":"основное"},"корректировка факт":{"_level":2,"parentID":"ab707e1c-c5ce-4912-af8a-05809b744638","firstParentID":"0a58fddb-a18f-452f-b229-5cf6bc24889e","ID":"5e9bb53e-5767-4efc-88f7-e555670399fd","childs":null,"emcosID":null,"emcosMLID":null,"codMaketTEP":null,"codTEP":null,"WSName":"DB","rangeAddress":"$AU$482:$AU$519","headAddress":"$AU$482","bodyAddress":"$AU$483:$AU$519","_name":"корректировка факт"},"ручное":{"_level":2,"parentID":"ab707e1c-c5ce-4912-af8a-05809b744638","firstParentID":"0a58fddb-a18f-452f-b229-5cf6bc24889e","ID":"ff40a16c-a0e0-46b0-9070-78e051e91132","childs":null,"emcosID":null,"emcosMLID":null,"codMaketTEP":null,"codTEP":null,"WSName":"DB","rangeAddress":"$AV$482:$AV$519","headAddress":"$AV$482","bodyAddress":"$AV$483:$AV$519","_name":"ручное"},"счетчик":{"_level":2,"parentID":"ab707e1c-c5ce-4912-af8a-05809b744638","firstParentID":"0a58fddb-a18f-452f-b229-5cf6bc24889e","ID":"9f05cb6f-0d38-4f74-bec2-5e85d434ffb4","childs":null,"emcosID":null,"emcosMLID":null,"codMaketTEP":null,"codTEP":null,"WSName":"DB","rangeAddress":"$AW$482:$AW$519","headAddress":"$AW$482","bodyAddress":"$AW$483:$AW$519","_name":"счетчик"},"по счетчику":{"_level":2,"parentID":"ab707e1c-c5ce-4912-af8a-05809b744638","firstParentID":"0a58fddb-a18f-452f-b229-5cf6bc24889e","ID":"7ae1694b-c600-41d3-a6eb-1314c9d689a9","childs":null,"emcosID":null,"emcosMLID":null,"codMaketTEP":null,"codTEP":null,"WSName":"DB","rangeAddress":"$AX$482:$AX$519","headAddress":"$AX$482","bodyAddress":"$AX$483:$AX$519","_name":"по счетчику"}},"emcosID":null,"emcosMLID":null,"codMaketTEP":null,"codTEP":null,"WSName":"DB","rangeAddress":"$AS$481:$AX$519","headAddress":"$AS$481:$AX$481","bodyAddress":"$AS$482:$AX$519","_name":"прием"},"отдача":{"_level":1,"parentID":"7fd26a75-deff-4156-be3a-bc27db821aa7","firstParentID":"0a58fddb-a18f-452f-b229-5cf6bc24889e","ID":"ebcf08db-da93-495d-ad67-d7bf668a72cb","childs":{"код":{"_level":2,"parentID":"ebcf08db-da93-495d-ad67-d7bf668a72cb","firstParentID":"0a58fddb-a18f-452f-b229-5cf6bc24889e","ID":"0120cbc2-449a-48e5-bd82-f77d0a6e7023","childs":null,"emcosID":null,"emcosMLID":null,"codMaketTEP":null,"codTEP":null,"WSName":"DB","rangeAddress":"$AY$482:$AY$519","headAddress":"$AY$482","bodyAddress":"$AY$483:$AY$519","_name":"код"},"основное":{"_level":2,"parentID":"ebcf08db-da93-495d-ad67-d7bf668a72cb","firstParentID":"0a58fddb-a18f-452f-b229-5cf6bc24889e","ID":"54a08c72-fa6b-4e2e-bb3a-9166ed830d83","childs":null,"emcosID":null,"emcosMLID":null,"codMaketTEP":null,"codTEP":null,"WSName":"DB","rangeAddress":"$AZ$482:$AZ$519","headAddress":"$AZ$482","bodyAddress":"$AZ$483:$AZ$519","_name":"основное"},"корректировка факт":{"_level":2,"parentID":"ebcf08db-da93-495d-ad67-d7bf668a72cb","firstParentID":"0a58fddb-a18f-452f-b229-5cf6bc24889e","ID":"da0c7516-4a07-4cfe-a374-7d50d869065b","childs":null,"emcosID":null,"emcosMLID":null,"codMaketTEP":null,"codTEP":null,"WSName":"DB","rangeAddress":"$BA$482:$BA$519","headAddress":"$BA$482","bodyAddress":"$BA$483:$BA$519","_name":"корректировка факт"},"ручное":{"_level":2,"parentID":"ebcf08db-da93-495d-ad67-d7bf668a72cb","firstParentID":"0a58fddb-a18f-452f-b229-5cf6bc24889e","ID":"055f8007-958e-4ec6-bcbd-aef9cc5bb083","childs":null,"emcosID":null,"emcosMLID":null,"codMaketTEP":null,"codTEP":null,"WSName":"DB","rangeAddress":"$BB$482:$BB$519","headAddress":"$BB$482","bodyAddress":"$BB$483:$BB$519","_name":"ручное"},"счетчик":{"_level":2,"parentID":"ebcf08db-da93-495d-ad67-d7bf668a72cb","firstParentID":"0a58fddb-a18f-452f-b229-5cf6bc24889e","ID":"19e1fe04-47c8-4377-aba2-3656ca2afcfc","childs":null,"emcosID":null,"emcosMLID":null,"codMaketTEP":null,"codTEP":null,"WSName":"DB","rangeAddress":"$BC$482:$BC$519","headAddress":"$BC$482","bodyAddress":"$BC$483:$BC$519","_name":"счетчик"},"по счетчику":{"_level":2,"parentID":"ebcf08db-da93-495d-ad67-d7bf668a72cb","firstParentID":"0a58fddb-a18f-452f-b229-5cf6bc24889e","ID":"ef0491d2-9290-40b6-a059-97bc9c5fd151","childs":null,"emcosID":null,"emcosMLID":null,"codMaketTEP":null,"codTEP":null,"WSName":"DB","rangeAddress":"$BD$482:$BD$519","headAddress":"$BD$482","bodyAddress":"$BD$483:$BD$519","_name":"по счетчику"}},"emcosID":null,"emcosMLID":null,"codMaketTEP":null,"codTEP":null,"WSName":"DB","rangeAddress":"$AY$481:$BD$519","headAddress":"$AY$481:$BD$481","bodyAddress":"$AY$482:$BD$519","_name":"отдача"}},"emcosID":null,"emcosMLID":null,"codMaketTEP":null,"codTEP":null,"WSName":"DB","rangeAddress":"$AS$480:$BD$519","headAddress":"$AS$480:$BD$480","bodyAddress":"$AS$481:$BD$519","_name":"Т2 Eneverse Kunkuat СЭС Капшагай 100"}},"codPlan":null,"meterCoef":"264","_name":"Т2 Eneverse Kunkuat СЭС Капшагай 100"}