{"ID":"0cb4bff6-f0b9-491b-b4c5-978ab9600b86","childs":{"PS":{"_level":0,"parentID":"0cb4bff6-f0b9-491b-b4c5-978ab9600b86","firstParentID":"0cb4bff6-f0b9-491b-b4c5-978ab9600b86","ID":"4798d5a6-5bee-4f2f-a3c6-46acd24a3620","childs":{"прием":{"_level":1,"parentID":"4798d5a6-5bee-4f2f-a3c6-46acd24a3620","firstParentID":"0cb4bff6-f0b9-491b-b4c5-978ab9600b86","ID":"56fd47af-1b2a-4daa-8d4e-30fe3e3b80b8","childs":{"ручное":{"_level":2,"parentID":"56fd47af-1b2a-4daa-8d4e-30fe3e3b80b8","firstParentID":"0cb4bff6-f0b9-491b-b4c5-978ab9600b86","ID":"feb24ec3-4af2-44a8-aea7-2145c26d63a2","childs":null,"emcosID":null,"emcosMLID":null,"codMaketTEP":null,"codTEP":null,"WSName":"PS","rangeAddress":"$KC$99:$KC$135","headAddress":"$KC$99","bodyAddress":"$KC$100:$KC$135","_name":"ручное"}},"emcosID":null,"emcosMLID":null,"codMaketTEP":null,"codTEP":null,"WSName":"PS","rangeAddress":"$KC$98:$KC$135","headAddress":"$KC$98","bodyAddress":"$KC$99:$KC$135","_name":"прием"}},"emcosID":null,"emcosMLID":null,"codMaketTEP":null,"codTEP":null,"WSName":"PS","rangeAddress":"$KC$97:$KC$135","headAddress":"$KC$97","bodyAddress":"$KC$98:$KC$135","_name":"ТП2 Узун Агач тяга"},"DB":{"_level":0,"parentID":"0cb4bff6-f0b9-491b-b4c5-978ab9600b86","firstParentID":"0cb4bff6-f0b9-491b-b4c5-978ab9600b86","ID":"698061ba-99d3-4df5-85ac-0f9a17024cd0","childs":{"прием":{"_level":1,"parentID":"698061ba-99d3-4df5-85ac-0f9a17024cd0","firstParentID":"0cb4bff6-f0b9-491b-b4c5-978ab9600b86","ID":"38fa11c1-dc91-4f94-9174-ad636f6ab006","childs":{"код":{"_level":2,"parentID":"38fa11c1-dc91-4f94-9174-ad636f6ab006","firstParentID":"0cb4bff6-f0b9-491b-b4c5-978ab9600b86","ID":"4679a51b-575b-4783-8259-5dceaac79889","childs":null,"emcosID":null,"emcosMLID":null,"codMaketTEP":null,"codTEP":null,"WSName":"DB","rangeAddress":"$CW$181:$CW$218","headAddress":"$CW$181","bodyAddress":"$CW$182:$CW$218","_name":"код"},"основное":{"_level":2,"parentID":"38fa11c1-dc91-4f94-9174-ad636f6ab006","firstParentID":"0cb4bff6-f0b9-491b-b4c5-978ab9600b86","ID":"d8978bdc-7f2b-4364-b178-8b8181e1b554","childs":null,"emcosID":null,"emcosMLID":null,"codMaketTEP":null,"codTEP":null,"WSName":"DB","rangeAddress":"$CX$181:$CX$218","headAddress":"$CX$181","bodyAddress":"$CX$182:$CX$218","_name":"основное"},"корректировка факт":{"_level":2,"parentID":"38fa11c1-dc91-4f94-9174-ad636f6ab006","firstParentID":"0cb4bff6-f0b9-491b-b4c5-978ab9600b86","ID":"50365223-bda6-4b34-b132-d66f1792e0fd","childs":null,"emcosID":null,"emcosMLID":null,"codMaketTEP":null,"codTEP":null,"WSName":"DB","rangeAddress":"$CY$181:$CY$218","headAddress":"$CY$181","bodyAddress":"$CY$182:$CY$218","_name":"корректировка факт"},"ручное":{"_level":2,"parentID":"38fa11c1-dc91-4f94-9174-ad636f6ab006","firstParentID":"0cb4bff6-f0b9-491b-b4c5-978ab9600b86","ID":"5b904408-b59f-46bb-9741-19a616bdca18","childs":null,"emcosID":null,"emcosMLID":null,"codMaketTEP":null,"codTEP":null,"WSName":"DB","rangeAddress":"$CZ$181:$CZ$218","headAddress":"$CZ$181","bodyAddress":"$CZ$182:$CZ$218","_name":"ручное"}},"emcosID":null,"emcosMLID":null,"codMaketTEP":null,"codTEP":null,"WSName":"DB","rangeAddress":"$CW$180:$CZ$218","headAddress":"$CW$180:$CZ$180","bodyAddress":"$CW$181:$CZ$218","_name":"прием"}},"emcosID":null,"emcosMLID":null,"codMaketTEP":null,"codTEP":null,"WSName":"DB","rangeAddress":"$CW$179:$CZ$218","headAddress":"$CW$179:$CZ$179","bodyAddress":"$CW$180:$CZ$218","_name":"ТП2 Узун Агач тяга"}},"codPlan":null,"meterCoef":null,"_name":"ТП2 Узун Агач тяга"}