{"ID":"0e1e3c77-cdc2-4875-b6c5-9a5e65acc5aa","childs":{"PS":{"_level":0,"parentID":"0e1e3c77-cdc2-4875-b6c5-9a5e65acc5aa","firstParentID":"0e1e3c77-cdc2-4875-b6c5-9a5e65acc5aa","ID":"092f3933-9364-4282-8396-3f7740d5d739","childs":{"прием":{"_level":1,"parentID":"092f3933-9364-4282-8396-3f7740d5d739","firstParentID":"0e1e3c77-cdc2-4875-b6c5-9a5e65acc5aa","ID":"0579d0c2-0975-4a80-aca2-b9e394ffa340","childs":{"ручное":{"_level":2,"parentID":"0579d0c2-0975-4a80-aca2-b9e394ffa340","firstParentID":"0e1e3c77-cdc2-4875-b6c5-9a5e65acc5aa","ID":"675ddd50-59b7-4923-9124-050ea97b9841","childs":null,"emcosID":null,"emcosMLID":null,"codMaketTEP":null,"codTEP":null,"WSName":"PS","rangeAddress":"$KX$99:$KX$135","headAddress":"$KX$99","bodyAddress":"$KX$100:$KX$135","_name":"ручное"}},"emcosID":null,"emcosMLID":null,"codMaketTEP":null,"codTEP":null,"WSName":"PS","rangeAddress":"$KX$98:$KX$135","headAddress":"$KX$98","bodyAddress":"$KX$99:$KX$135","_name":"прием"}},"emcosID":null,"emcosMLID":null,"codMaketTEP":null,"codTEP":null,"WSName":"PS","rangeAddress":"$KX$97:$KX$135","headAddress":"$KX$97","bodyAddress":"$KX$98:$KX$135","_name":"ТП2 Жидели тяга"},"DB":{"_level":0,"parentID":"0e1e3c77-cdc2-4875-b6c5-9a5e65acc5aa","firstParentID":"0e1e3c77-cdc2-4875-b6c5-9a5e65acc5aa","ID":"cdfdef2a-2c9f-4d6a-94ee-04975ff4f848","childs":{"прием":{"_level":1,"parentID":"cdfdef2a-2c9f-4d6a-94ee-04975ff4f848","firstParentID":"0e1e3c77-cdc2-4875-b6c5-9a5e65acc5aa","ID":"905d49d3-c799-4df8-8f93-5fe8577dedad","childs":{"код":{"_level":2,"parentID":"905d49d3-c799-4df8-8f93-5fe8577dedad","firstParentID":"0e1e3c77-cdc2-4875-b6c5-9a5e65acc5aa","ID":"8b7a3db5-68c3-463f-b71d-6bf07b6af0bb","childs":null,"emcosID":null,"emcosMLID":null,"codMaketTEP":null,"codTEP":null,"WSName":"DB","rangeAddress":"$AY$353:$AY$390","headAddress":"$AY$353","bodyAddress":"$AY$354:$AY$390","_name":"код"},"основное":{"_level":2,"parentID":"905d49d3-c799-4df8-8f93-5fe8577dedad","firstParentID":"0e1e3c77-cdc2-4875-b6c5-9a5e65acc5aa","ID":"40b29aec-017f-487a-933f-5ec77d4b15be","childs":null,"emcosID":null,"emcosMLID":null,"codMaketTEP":null,"codTEP":null,"WSName":"DB","rangeAddress":"$AZ$353:$AZ$390","headAddress":"$AZ$353","bodyAddress":"$AZ$354:$AZ$390","_name":"основное"},"корректировка факт":{"_level":2,"parentID":"905d49d3-c799-4df8-8f93-5fe8577dedad","firstParentID":"0e1e3c77-cdc2-4875-b6c5-9a5e65acc5aa","ID":"6cd9adba-9b51-44ba-a74a-a9f2ff4754fc","childs":null,"emcosID":null,"emcosMLID":null,"codMaketTEP":null,"codTEP":null,"WSName":"DB","rangeAddress":"$BA$353:$BA$390","headAddress":"$BA$353","bodyAddress":"$BA$354:$BA$390","_name":"корректировка факт"},"ручное":{"_level":2,"parentID":"905d49d3-c799-4df8-8f93-5fe8577dedad","firstParentID":"0e1e3c77-cdc2-4875-b6c5-9a5e65acc5aa","ID":"c9916aed-c774-4717-94a5-7cd1de16853e","childs":null,"emcosID":null,"emcosMLID":null,"codMaketTEP":null,"codTEP":null,"WSName":"DB","rangeAddress":"$BB$353:$BB$390","headAddress":"$BB$353","bodyAddress":"$BB$354:$BB$390","_name":"ручное"}},"emcosID":null,"emcosMLID":null,"codMaketTEP":null,"codTEP":null,"WSName":"DB","rangeAddress":"$AY$352:$BB$390","headAddress":"$AY$352:$BB$352","bodyAddress":"$AY$353:$BB$390","_name":"прием"}},"emcosID":null,"emcosMLID":null,"codMaketTEP":null,"codTEP":null,"WSName":"DB","rangeAddress":"$AY$351:$BB$390","headAddress":"$AY$351:$BB$351","bodyAddress":"$AY$352:$BB$390","_name":"ТП2 Жидели тяга"}},"codPlan":null,"meterCoef":null,"_name":"ТП2 Жидели тяга"}