{"ID":"0e1e3c77-cdc2-4875-b6c5-9a5e65acc5aa","childs":{"PS":{"_level":0,"parentID":"0e1e3c77-cdc2-4875-b6c5-9a5e65acc5aa","firstParentID":"0e1e3c77-cdc2-4875-b6c5-9a5e65acc5aa","ID":"092f3933-9364-4282-8396-3f7740d5d739","childs":{"прием":{"_level":1,"parentID":"092f3933-9364-4282-8396-3f7740d5d739","firstParentID":"0e1e3c77-cdc2-4875-b6c5-9a5e65acc5aa","ID":"0579d0c2-0975-4a80-aca2-b9e394ffa340","childs":{"ручное":{"_level":2,"parentID":"0579d0c2-0975-4a80-aca2-b9e394ffa340","firstParentID":"0e1e3c77-cdc2-4875-b6c5-9a5e65acc5aa","ID":"675ddd50-59b7-4923-9124-050ea97b9841","childs":null,"emcosID":null,"emcosMLID":null,"codMaketTEP":null,"codTEP":null,"WSName":"PS","rangeAddress":"$MX$99:$MX$135","headAddress":"$MX$99","bodyAddress":"$MX$100:$MX$135","_name":"ручное"}},"emcosID":null,"emcosMLID":null,"codMaketTEP":null,"codTEP":null,"WSName":"PS","rangeAddress":"$MX$98:$MX$135","headAddress":"$MX$98","bodyAddress":"$MX$99:$MX$135","_name":"прием"},"отдача":{"_level":1,"parentID":"092f3933-9364-4282-8396-3f7740d5d739","firstParentID":"0e1e3c77-cdc2-4875-b6c5-9a5e65acc5aa","ID":"8d0022b4-5e2d-4f63-9008-5ddae3c8104c","childs":{"ручное":{"_level":2,"parentID":"8d0022b4-5e2d-4f63-9008-5ddae3c8104c","firstParentID":"0e1e3c77-cdc2-4875-b6c5-9a5e65acc5aa","ID":"2223bc8b-dc10-427d-b053-79bde00a1161","childs":null,"emcosID":null,"emcosMLID":null,"codMaketTEP":null,"codTEP":null,"WSName":"PS","rangeAddress":"$MY$99:$MY$135","headAddress":"$MY$99","bodyAddress":"$MY$100:$MY$135","_name":"ручное"}},"emcosID":null,"emcosMLID":null,"codMaketTEP":null,"codTEP":null,"WSName":"PS","rangeAddress":"$MY$98:$MY$135","headAddress":"$MY$98","bodyAddress":"$MY$99:$MY$135","_name":"отдача"}},"emcosID":null,"emcosMLID":null,"codMaketTEP":null,"codTEP":null,"WSName":"PS","rangeAddress":"$MX$97:$MY$135","headAddress":"$MX$97:$MY$97","bodyAddress":"$MX$98:$MY$135","_name":"ТП2 Жидели тяга"},"DB":{"_level":0,"parentID":"0e1e3c77-cdc2-4875-b6c5-9a5e65acc5aa","firstParentID":"0e1e3c77-cdc2-4875-b6c5-9a5e65acc5aa","ID":"cdfdef2a-2c9f-4d6a-94ee-04975ff4f848","childs":{"прием":{"_level":1,"parentID":"cdfdef2a-2c9f-4d6a-94ee-04975ff4f848","firstParentID":"0e1e3c77-cdc2-4875-b6c5-9a5e65acc5aa","ID":"905d49d3-c799-4df8-8f93-5fe8577dedad","childs":{"код":{"_level":2,"parentID":"905d49d3-c799-4df8-8f93-5fe8577dedad","firstParentID":"0e1e3c77-cdc2-4875-b6c5-9a5e65acc5aa","ID":"8b7a3db5-68c3-463f-b71d-6bf07b6af0bb","childs":null,"emcosID":null,"emcosMLID":null,"codMaketTEP":null,"codTEP":null,"WSName":"DB","rangeAddress":"$AY$353:$AY$390","headAddress":"$AY$353","bodyAddress":"$AY$354:$AY$390","_name":"код"},"основное":{"_level":2,"parentID":"905d49d3-c799-4df8-8f93-5fe8577dedad","firstParentID":"0e1e3c77-cdc2-4875-b6c5-9a5e65acc5aa","ID":"40b29aec-017f-487a-933f-5ec77d4b15be","childs":null,"emcosID":null,"emcosMLID":null,"codMaketTEP":null,"codTEP":null,"WSName":"DB","rangeAddress":"$AZ$353:$AZ$390","headAddress":"$AZ$353","bodyAddress":"$AZ$354:$AZ$390","_name":"основное"},"корректировка факт":{"_level":2,"parentID":"905d49d3-c799-4df8-8f93-5fe8577dedad","firstParentID":"0e1e3c77-cdc2-4875-b6c5-9a5e65acc5aa","ID":"6cd9adba-9b51-44ba-a74a-a9f2ff4754fc","childs":null,"emcosID":null,"emcosMLID":null,"codMaketTEP":null,"codTEP":null,"WSName":"DB","rangeAddress":"$BA$353:$BA$390","headAddress":"$BA$353","bodyAddress":"$BA$354:$BA$390","_name":"корректировка факт"},"ручное":{"_level":2,"parentID":"905d49d3-c799-4df8-8f93-5fe8577dedad","firstParentID":"0e1e3c77-cdc2-4875-b6c5-9a5e65acc5aa","ID":"c9916aed-c774-4717-94a5-7cd1de16853e","childs":null,"emcosID":null,"emcosMLID":null,"codMaketTEP":null,"codTEP":null,"WSName":"DB","rangeAddress":"$BB$353:$BB$390","headAddress":"$BB$353","bodyAddress":"$BB$354:$BB$390","_name":"ручное"}},"emcosID":null,"emcosMLID":null,"codMaketTEP":null,"codTEP":null,"WSName":"DB","rangeAddress":"$AY$352:$BB$390","headAddress":"$AY$352:$BB$352","bodyAddress":"$AY$353:$BB$390","_name":"прием"},"отдача":{"_level":1,"parentID":"cdfdef2a-2c9f-4d6a-94ee-04975ff4f848","firstParentID":"0e1e3c77-cdc2-4875-b6c5-9a5e65acc5aa","ID":"b5dbd882-c5d8-4695-964c-364e160aef47","childs":{"код":{"_level":2,"parentID":"b5dbd882-c5d8-4695-964c-364e160aef47","firstParentID":"0e1e3c77-cdc2-4875-b6c5-9a5e65acc5aa","ID":"a5252716-7b71-41f6-ae9b-fb29bf80b51a","childs":null,"emcosID":null,"emcosMLID":null,"codMaketTEP":null,"codTEP":null,"WSName":"DB","rangeAddress":"$BC$353:$BC$390","headAddress":"$BC$353","bodyAddress":"$BC$354:$BC$390","_name":"код"},"основное":{"_level":2,"parentID":"b5dbd882-c5d8-4695-964c-364e160aef47","firstParentID":"0e1e3c77-cdc2-4875-b6c5-9a5e65acc5aa","ID":"88acc086-de95-46bc-81fb-ab2950c41ca7","childs":null,"emcosID":null,"emcosMLID":null,"codMaketTEP":null,"codTEP":null,"WSName":"DB","rangeAddress":"$BD$353:$BD$390","headAddress":"$BD$353","bodyAddress":"$BD$354:$BD$390","_name":"основное"},"корректировка факт":{"_level":2,"parentID":"b5dbd882-c5d8-4695-964c-364e160aef47","firstParentID":"0e1e3c77-cdc2-4875-b6c5-9a5e65acc5aa","ID":"4b114a3e-f5c3-47e4-8623-3e4e9e600999","childs":null,"emcosID":null,"emcosMLID":null,"codMaketTEP":null,"codTEP":null,"WSName":"DB","rangeAddress":"$BE$353:$BE$390","headAddress":"$BE$353","bodyAddress":"$BE$354:$BE$390","_name":"корректировка факт"},"ручное":{"_level":2,"parentID":"b5dbd882-c5d8-4695-964c-364e160aef47","firstParentID":"0e1e3c77-cdc2-4875-b6c5-9a5e65acc5aa","ID":"89f92328-d647-4a5e-a298-2b8097c606d0","childs":null,"emcosID":null,"emcosMLID":null,"codMaketTEP":null,"codTEP":null,"WSName":"DB","rangeAddress":"$BF$353:$BF$390","headAddress":"$BF$353","bodyAddress":"$BF$354:$BF$390","_name":"ручное"}},"emcosID":null,"emcosMLID":null,"codMaketTEP":null,"codTEP":null,"WSName":"DB","rangeAddress":"$BC$352:$BF$390","headAddress":"$BC$352:$BF$352","bodyAddress":"$BC$353:$BF$390","_name":"отдача"}},"emcosID":null,"emcosMLID":null,"codMaketTEP":null,"codTEP":null,"WSName":"DB","rangeAddress":"$AY$351:$BF$390","headAddress":"$AY$351:$BF$351","bodyAddress":"$AY$352:$BF$390","_name":"ТП2 Жидели тяга"}},"codPlan":null,"meterCoef":null,"_name":"ТП2 Жидели тяга"}