{"ID":"0f0f2d1f-d80d-4c9a-b5b8-425635ed4833","childs":{"PS":{"_level":0,"parentID":"0f0f2d1f-d80d-4c9a-b5b8-425635ed4833","firstParentID":"0f0f2d1f-d80d-4c9a-b5b8-425635ed4833","ID":"e71231ec-403e-42d9-ae45-11f690892b70","childs":{"прием":{"_level":1,"parentID":"e71231ec-403e-42d9-ae45-11f690892b70","firstParentID":"0f0f2d1f-d80d-4c9a-b5b8-425635ed4833","ID":"f5181ba6-6aa3-44a2-b08c-219e0c35041f","childs":{"оперативное":{"_level":2,"parentID":"f5181ba6-6aa3-44a2-b08c-219e0c35041f","firstParentID":"0f0f2d1f-d80d-4c9a-b5b8-425635ed4833","ID":"dae73d30-d6c4-48b8-a4be-25b5aaf94eb7","childs":null,"emcosID":null,"emcosMLID":null,"codMaketTEP":null,"codTEP":null,"WSName":"PS","rangeAddress":"$AR$228:$AR$264","headAddress":"$AR$228","bodyAddress":"$AR$229:$AR$264","_name":"оперативное"}},"emcosID":null,"emcosMLID":null,"codMaketTEP":null,"codTEP":null,"WSName":"PS","rangeAddress":"$AR$227:$AR$264","headAddress":"$AR$227","bodyAddress":"$AR$228:$AR$264","_name":"прием"}},"emcosID":null,"emcosMLID":null,"codMaketTEP":null,"codTEP":null,"WSName":"PS","rangeAddress":"$AR$226:$AR$264","headAddress":"$AR$226","bodyAddress":"$AR$227:$AR$264","_name":"Потребление АБ Энерго Жетысу"},"DB":{"_level":0,"parentID":"0f0f2d1f-d80d-4c9a-b5b8-425635ed4833","firstParentID":"0f0f2d1f-d80d-4c9a-b5b8-425635ed4833","ID":"46de1d58-332c-4d47-9bf6-d64d7ffaead2","childs":{"прием":{"_level":1,"parentID":"46de1d58-332c-4d47-9bf6-d64d7ffaead2","firstParentID":"0f0f2d1f-d80d-4c9a-b5b8-425635ed4833","ID":"04ee9325-f581-480b-b3c0-1fdc24122bcf","childs":{"код":{"_level":2,"parentID":"04ee9325-f581-480b-b3c0-1fdc24122bcf","firstParentID":"0f0f2d1f-d80d-4c9a-b5b8-425635ed4833","ID":"35bbeb02-2667-4960-b5f9-ad4caeca6187","childs":null,"emcosID":null,"emcosMLID":null,"codMaketTEP":null,"codTEP":null,"WSName":"DB","rangeAddress":"$Q$439:$Q$476","headAddress":"$Q$439","bodyAddress":"$Q$440:$Q$476","_name":"код"},"основное":{"_level":2,"parentID":"04ee9325-f581-480b-b3c0-1fdc24122bcf","firstParentID":"0f0f2d1f-d80d-4c9a-b5b8-425635ed4833","ID":"b0e98632-61be-4b27-8db7-50d4a87182b4","childs":null,"emcosID":null,"emcosMLID":null,"codMaketTEP":null,"codTEP":null,"WSName":"DB","rangeAddress":"$R$439:$R$476","headAddress":"$R$439","bodyAddress":"$R$440:$R$476","_name":"основное"},"корректировка факт":{"_level":2,"parentID":"04ee9325-f581-480b-b3c0-1fdc24122bcf","firstParentID":"0f0f2d1f-d80d-4c9a-b5b8-425635ed4833","ID":"d5b3f0ef-4bd4-48ae-97c7-9f8c7a79f107","childs":null,"emcosID":null,"emcosMLID":null,"codMaketTEP":null,"codTEP":null,"WSName":"DB","rangeAddress":"$S$439:$S$476","headAddress":"$S$439","bodyAddress":"$S$440:$S$476","_name":"корректировка факт"},"ручное":{"_level":2,"parentID":"04ee9325-f581-480b-b3c0-1fdc24122bcf","firstParentID":"0f0f2d1f-d80d-4c9a-b5b8-425635ed4833","ID":"0da3fa46-f523-4e9a-bf68-8fd5b74bcdf0","childs":null,"emcosID":null,"emcosMLID":null,"codMaketTEP":null,"codTEP":null,"WSName":"DB","rangeAddress":"$T$439:$T$476","headAddress":"$T$439","bodyAddress":"$T$440:$T$476","_name":"ручное"},"оперативное":{"_level":2,"parentID":"04ee9325-f581-480b-b3c0-1fdc24122bcf","firstParentID":"0f0f2d1f-d80d-4c9a-b5b8-425635ed4833","ID":"8e0f29e9-6201-4cd3-b633-b140862def92","childs":null,"emcosID":null,"emcosMLID":null,"codMaketTEP":null,"codTEP":null,"WSName":"DB","rangeAddress":"$U$439:$U$476","headAddress":"$U$439","bodyAddress":"$U$440:$U$476","_name":"оперативное"}},"emcosID":null,"emcosMLID":null,"codMaketTEP":null,"codTEP":null,"WSName":"DB","rangeAddress":"$Q$438:$U$476","headAddress":"$Q$438:$U$438","bodyAddress":"$Q$439:$U$476","_name":"прием"}},"emcosID":null,"emcosMLID":null,"codMaketTEP":null,"codTEP":null,"WSName":"DB","rangeAddress":"$Q$437:$U$476","headAddress":"$Q$437:$U$437","bodyAddress":"$Q$438:$U$476","_name":"Потребление АБ Энерго Жетысу"}},"codPlan":null,"meterCoef":null,"_name":"Потребление АБ Энерго Жетысу"}