{"ID":"1139ed7c-6976-4251-b1d8-9ee92fa066d3","childs":{"PS":{"_level":0,"parentID":"1139ed7c-6976-4251-b1d8-9ee92fa066d3","firstParentID":"1139ed7c-6976-4251-b1d8-9ee92fa066d3","ID":"cd4da1a2-ef38-482a-bbd1-c4e8b29bacbc","childs":{"прием":{"_level":1,"parentID":"cd4da1a2-ef38-482a-bbd1-c4e8b29bacbc","firstParentID":"1139ed7c-6976-4251-b1d8-9ee92fa066d3","ID":"346d5345-cc4b-4cf6-917b-0fcb3cb2b743","childs":{"формула":{"_level":2,"parentID":"346d5345-cc4b-4cf6-917b-0fcb3cb2b743","firstParentID":"1139ed7c-6976-4251-b1d8-9ee92fa066d3","ID":"d208be3a-68b9-4824-92fe-e3fe82dd075d","childs":null,"emcosID":null,"emcosMLID":null,"codMaketTEP":null,"codTEP":null,"WSName":"PS","rangeAddress":"$AV$185:$AV$221","headAddress":"$AV$185","bodyAddress":"$AV$186:$AV$221","_name":"формула"}},"emcosID":null,"emcosMLID":null,"codMaketTEP":null,"codTEP":null,"WSName":"PS","rangeAddress":"$AV$184:$AV$221","headAddress":"$AV$184","bodyAddress":"$AV$185:$AV$221","_name":"прием"},"план":{"_level":1,"parentID":"cd4da1a2-ef38-482a-bbd1-c4e8b29bacbc","firstParentID":"1139ed7c-6976-4251-b1d8-9ee92fa066d3","ID":"1bc2bb3a-fcf8-466f-86a6-4ba722916be3","childs":{"заявка":{"_level":2,"parentID":"1bc2bb3a-fcf8-466f-86a6-4ba722916be3","firstParentID":"1139ed7c-6976-4251-b1d8-9ee92fa066d3","ID":"54d83e75-e275-4b6f-b3a3-03539e126998","childs":null,"emcosID":null,"emcosMLID":null,"codMaketTEP":null,"codTEP":null,"WSName":"PS","rangeAddress":"$AW$185:$AW$221","headAddress":"$AW$185","bodyAddress":"$AW$186:$AW$221","_name":"заявка"}},"emcosID":null,"emcosMLID":null,"codMaketTEP":null,"codTEP":null,"WSName":"PS","rangeAddress":"$AW$184:$AW$221","headAddress":"$AW$184","bodyAddress":"$AW$185:$AW$221","_name":"план"}},"emcosID":null,"emcosMLID":null,"codMaketTEP":null,"codTEP":null,"WSName":"PS","rangeAddress":"$AV$183:$AW$221","headAddress":"$AV$183:$AW$183","bodyAddress":"$AV$184:$AW$221","_name":"Потребление Каз Экотранс Алматы"},"DB":{"_level":0,"parentID":"1139ed7c-6976-4251-b1d8-9ee92fa066d3","firstParentID":"1139ed7c-6976-4251-b1d8-9ee92fa066d3","ID":"d6a1ee8d-dd83-4e98-8942-7923e0212a5d","childs":{"прием":{"_level":1,"parentID":"d6a1ee8d-dd83-4e98-8942-7923e0212a5d","firstParentID":"1139ed7c-6976-4251-b1d8-9ee92fa066d3","ID":"f39220c5-f9d9-4bb6-a9f3-3af3c13b2bd6","childs":{"код":{"_level":2,"parentID":"f39220c5-f9d9-4bb6-a9f3-3af3c13b2bd6","firstParentID":"1139ed7c-6976-4251-b1d8-9ee92fa066d3","ID":"6d1918a2-c3f2-4c0c-843c-a34ec8180fbe","childs":null,"emcosID":null,"emcosMLID":null,"codMaketTEP":null,"codTEP":null,"WSName":"DB","rangeAddress":"$DV$439:$DV$476","headAddress":"$DV$439","bodyAddress":"$DV$440:$DV$476","_name":"код"},"основное":{"_level":2,"parentID":"f39220c5-f9d9-4bb6-a9f3-3af3c13b2bd6","firstParentID":"1139ed7c-6976-4251-b1d8-9ee92fa066d3","ID":"fa0c0a39-8e2a-4d62-9d3e-f5088ce66271","childs":null,"emcosID":null,"emcosMLID":null,"codMaketTEP":null,"codTEP":null,"WSName":"DB","rangeAddress":"$DW$439:$DW$476","headAddress":"$DW$439","bodyAddress":"$DW$440:$DW$476","_name":"основное"},"корректировка факт":{"_level":2,"parentID":"f39220c5-f9d9-4bb6-a9f3-3af3c13b2bd6","firstParentID":"1139ed7c-6976-4251-b1d8-9ee92fa066d3","ID":"818a007d-edc6-487b-b6e1-de33d1c9eda9","childs":null,"emcosID":null,"emcosMLID":null,"codMaketTEP":null,"codTEP":null,"WSName":"DB","rangeAddress":"$DX$439:$DX$476","headAddress":"$DX$439","bodyAddress":"$DX$440:$DX$476","_name":"корректировка факт"},"ручное":{"_level":2,"parentID":"f39220c5-f9d9-4bb6-a9f3-3af3c13b2bd6","firstParentID":"1139ed7c-6976-4251-b1d8-9ee92fa066d3","ID":"822da6ba-6ce5-4313-9254-5a5b8b9f3fb8","childs":null,"emcosID":null,"emcosMLID":null,"codMaketTEP":null,"codTEP":null,"WSName":"DB","rangeAddress":"$DY$439:$DY$476","headAddress":"$DY$439","bodyAddress":"$DY$440:$DY$476","_name":"ручное"},"по плану":{"_level":2,"parentID":"f39220c5-f9d9-4bb6-a9f3-3af3c13b2bd6","firstParentID":"1139ed7c-6976-4251-b1d8-9ee92fa066d3","ID":"65294798-60cd-4e61-913e-69b5bb1cd97f","childs":null,"emcosID":null,"emcosMLID":null,"codMaketTEP":null,"codTEP":null,"WSName":"DB","rangeAddress":"$DZ$439:$DZ$476","headAddress":"$DZ$439","bodyAddress":"$DZ$440:$DZ$476","_name":"по плану"},"формула":{"_level":2,"parentID":"f39220c5-f9d9-4bb6-a9f3-3af3c13b2bd6","firstParentID":"1139ed7c-6976-4251-b1d8-9ee92fa066d3","ID":"3fafa1c7-247b-4b38-836d-c0581bd0b455","childs":null,"emcosID":null,"emcosMLID":null,"codMaketTEP":null,"codTEP":null,"WSName":"DB","rangeAddress":"$EA$439:$EA$476","headAddress":"$EA$439","bodyAddress":"$EA$440:$EA$476","_name":"формула"}},"emcosID":null,"emcosMLID":null,"codMaketTEP":null,"codTEP":null,"WSName":"DB","rangeAddress":"$DV$438:$EA$476","headAddress":"$DV$438:$EA$438","bodyAddress":"$DV$439:$EA$476","_name":"прием"},"план":{"_level":1,"parentID":"d6a1ee8d-dd83-4e98-8942-7923e0212a5d","firstParentID":"1139ed7c-6976-4251-b1d8-9ee92fa066d3","ID":"cc0a2553-0966-4836-9e97-2c59682065a7","childs":{"код":{"_level":2,"parentID":"cc0a2553-0966-4836-9e97-2c59682065a7","firstParentID":"1139ed7c-6976-4251-b1d8-9ee92fa066d3","ID":"0872b488-6619-47af-b099-af9f613909e3","childs":null,"emcosID":null,"emcosMLID":null,"codMaketTEP":null,"codTEP":null,"WSName":"DB","rangeAddress":"$EB$439:$EB$476","headAddress":"$EB$439","bodyAddress":"$EB$440:$EB$476","_name":"код"},"основное":{"_level":2,"parentID":"cc0a2553-0966-4836-9e97-2c59682065a7","firstParentID":"1139ed7c-6976-4251-b1d8-9ee92fa066d3","ID":"25022447-0c6c-4bd7-81c2-b2116897a99a","childs":null,"emcosID":null,"emcosMLID":null,"codMaketTEP":null,"codTEP":null,"WSName":"DB","rangeAddress":"$EC$439:$EC$476","headAddress":"$EC$439","bodyAddress":"$EC$440:$EC$476","_name":"основное"},"заявка":{"_level":2,"parentID":"cc0a2553-0966-4836-9e97-2c59682065a7","firstParentID":"1139ed7c-6976-4251-b1d8-9ee92fa066d3","ID":"1e39656d-90b4-4cf2-83ef-e3bb4af31e8a","childs":null,"emcosID":null,"emcosMLID":null,"codMaketTEP":null,"codTEP":null,"WSName":"DB","rangeAddress":"$ED$439:$ED$476","headAddress":"$ED$439","bodyAddress":"$ED$440:$ED$476","_name":"заявка"},"утвержденный":{"_level":2,"parentID":"cc0a2553-0966-4836-9e97-2c59682065a7","firstParentID":"1139ed7c-6976-4251-b1d8-9ee92fa066d3","ID":"dbbd6066-9de0-4d01-bc21-d16c5fedc1b9","childs":null,"emcosID":null,"emcosMLID":null,"codMaketTEP":null,"codTEP":null,"WSName":"DB","rangeAddress":"$EE$439:$EE$476","headAddress":"$EE$439","bodyAddress":"$EE$440:$EE$476","_name":"утвержденный"},"корректировка":{"_level":2,"parentID":"cc0a2553-0966-4836-9e97-2c59682065a7","firstParentID":"1139ed7c-6976-4251-b1d8-9ee92fa066d3","ID":"444e3f38-0c5f-465d-b420-3d3b1f47cf16","childs":null,"emcosID":null,"emcosMLID":null,"codMaketTEP":null,"codTEP":null,"WSName":"DB","rangeAddress":"$EF$439:$EF$476","headAddress":"$EF$439","bodyAddress":"$EF$440:$EF$476","_name":"корректировка"}},"emcosID":null,"emcosMLID":null,"codMaketTEP":null,"codTEP":null,"WSName":"DB","rangeAddress":"$EB$438:$EF$476","headAddress":"$EB$438:$EF$438","bodyAddress":"$EB$439:$EF$476","_name":"план"}},"emcosID":null,"emcosMLID":null,"codMaketTEP":null,"codTEP":null,"WSName":"DB","rangeAddress":"$DV$437:$EF$476","headAddress":"$DV$437:$EF$437","bodyAddress":"$DV$438:$EF$476","_name":"Потребление Каз Экотранс Алматы"}},"codPlan":112,"meterCoef":null,"_name":"Потребление Каз Экотранс Алматы"}