{"ID":"114c2cf2-06d9-44ab-a23b-ecc73fe9188c","childs":{"PS":{"_level":0,"parentID":"114c2cf2-06d9-44ab-a23b-ecc73fe9188c","firstParentID":"114c2cf2-06d9-44ab-a23b-ecc73fe9188c","ID":"930c419c-b328-40c1-94e6-0f6bef47a30a","childs":{"отдача":{"_level":1,"parentID":"930c419c-b328-40c1-94e6-0f6bef47a30a","firstParentID":"114c2cf2-06d9-44ab-a23b-ecc73fe9188c","ID":"4d1bd7e5-2f83-4a5c-a288-0db095680642","childs":{"по счетчику":{"_level":2,"parentID":"4d1bd7e5-2f83-4a5c-a288-0db095680642","firstParentID":"114c2cf2-06d9-44ab-a23b-ecc73fe9188c","ID":"f13a62fa-e72b-4f49-9ea9-c6f1befcaff1","childs":null,"emcosID":null,"emcosMLID":null,"codMaketTEP":null,"codTEP":null,"WSName":"PS","rangeAddress":"$GZ$99:$GZ$135","headAddress":"$GZ$99","bodyAddress":"$GZ$100:$GZ$135","_name":"по счетчику"},"СЧЕТЧИК":{"_level":2,"parentID":"4d1bd7e5-2f83-4a5c-a288-0db095680642","firstParentID":"114c2cf2-06d9-44ab-a23b-ecc73fe9188c","ID":"fcbeef74-f6c3-4698-a035-f73f0280a8a6","childs":null,"emcosID":null,"emcosMLID":null,"codMaketTEP":null,"codTEP":null,"WSName":"PS","rangeAddress":"$HA$99:$HA$135","headAddress":"$HA$99","bodyAddress":"$HA$100:$HA$135","_name":"СЧЕТЧИК"}},"emcosID":null,"emcosMLID":null,"codMaketTEP":null,"codTEP":null,"WSName":"PS","rangeAddress":"$GZ$98:$HA$135","headAddress":"$GZ$98:$HA$98","bodyAddress":"$GZ$99:$HA$135","_name":"отдача"}},"emcosID":null,"emcosMLID":null,"codMaketTEP":null,"codTEP":null,"WSName":"PS","rangeAddress":"$GZ$97:$HA$135","headAddress":"$GZ$97:$HA$97","bodyAddress":"$GZ$98:$HA$135","_name":"КЛ61 ПС152 Талдыкорган"},"DB":{"_level":0,"parentID":"114c2cf2-06d9-44ab-a23b-ecc73fe9188c","firstParentID":"114c2cf2-06d9-44ab-a23b-ecc73fe9188c","ID":"e5df31f5-c2d1-4349-a402-bfd3b8b38b26","childs":{"отдача":{"_level":1,"parentID":"e5df31f5-c2d1-4349-a402-bfd3b8b38b26","firstParentID":"114c2cf2-06d9-44ab-a23b-ecc73fe9188c","ID":"9f2d6f3f-1fa4-4723-bc58-0a2ee535710a","childs":{"код":{"_level":2,"parentID":"9f2d6f3f-1fa4-4723-bc58-0a2ee535710a","firstParentID":"114c2cf2-06d9-44ab-a23b-ecc73fe9188c","ID":"ca0cebde-61e2-4c9f-a707-495c669ce327","childs":null,"emcosID":null,"emcosMLID":null,"codMaketTEP":null,"codTEP":null,"WSName":"DB","rangeAddress":"$DW$525:$DW$562","headAddress":"$DW$525","bodyAddress":"$DW$526:$DW$562","_name":"код"},"основное":{"_level":2,"parentID":"9f2d6f3f-1fa4-4723-bc58-0a2ee535710a","firstParentID":"114c2cf2-06d9-44ab-a23b-ecc73fe9188c","ID":"16f1406e-1be6-4626-bc9c-299055a4aebc","childs":null,"emcosID":null,"emcosMLID":null,"codMaketTEP":null,"codTEP":null,"WSName":"DB","rangeAddress":"$DX$525:$DX$562","headAddress":"$DX$525","bodyAddress":"$DX$526:$DX$562","_name":"основное"},"корректировка факт":{"_level":2,"parentID":"9f2d6f3f-1fa4-4723-bc58-0a2ee535710a","firstParentID":"114c2cf2-06d9-44ab-a23b-ecc73fe9188c","ID":"46430457-8c5a-4409-a853-5029664ac319","childs":null,"emcosID":null,"emcosMLID":null,"codMaketTEP":null,"codTEP":null,"WSName":"DB","rangeAddress":"$DY$525:$DY$562","headAddress":"$DY$525","bodyAddress":"$DY$526:$DY$562","_name":"корректировка факт"},"ручное":{"_level":2,"parentID":"9f2d6f3f-1fa4-4723-bc58-0a2ee535710a","firstParentID":"114c2cf2-06d9-44ab-a23b-ecc73fe9188c","ID":"8f926288-7b27-4913-a1a7-9e1fe3f0a83b","childs":null,"emcosID":null,"emcosMLID":null,"codMaketTEP":null,"codTEP":null,"WSName":"DB","rangeAddress":"$DZ$525:$DZ$562","headAddress":"$DZ$525","bodyAddress":"$DZ$526:$DZ$562","_name":"ручное"},"счетчик":{"_level":2,"parentID":"9f2d6f3f-1fa4-4723-bc58-0a2ee535710a","firstParentID":"114c2cf2-06d9-44ab-a23b-ecc73fe9188c","ID":"83a6ae4f-cad6-417d-ad9f-8b6378366f0c","childs":null,"emcosID":null,"emcosMLID":null,"codMaketTEP":null,"codTEP":null,"WSName":"DB","rangeAddress":"$EA$525:$EA$562","headAddress":"$EA$525","bodyAddress":"$EA$526:$EA$562","_name":"счетчик"},"по счетчику":{"_level":2,"parentID":"9f2d6f3f-1fa4-4723-bc58-0a2ee535710a","firstParentID":"114c2cf2-06d9-44ab-a23b-ecc73fe9188c","ID":"2b4b09f5-08c7-4157-b99a-8539f92899d9","childs":null,"emcosID":null,"emcosMLID":null,"codMaketTEP":null,"codTEP":null,"WSName":"DB","rangeAddress":"$EB$525:$EB$562","headAddress":"$EB$525","bodyAddress":"$EB$526:$EB$562","_name":"по счетчику"}},"emcosID":null,"emcosMLID":null,"codMaketTEP":null,"codTEP":null,"WSName":"DB","rangeAddress":"$DW$524:$EB$562","headAddress":"$DW$524:$EB$524","bodyAddress":"$DW$525:$EB$562","_name":"отдача"}},"emcosID":null,"emcosMLID":null,"codMaketTEP":null,"codTEP":null,"WSName":"DB","rangeAddress":"$DW$523:$EB$562","headAddress":"$DW$523:$EB$523","bodyAddress":"$DW$524:$EB$562","_name":"КЛ61 ПС152 Талдыкорган"}},"codPlan":null,"meterCoef":"6","_name":"КЛ61 ПС152 Талдыкорган"}