{"ID":"12049f80-ee0b-486d-b7b6-115ea78ddfd4","childs":{"PS":{"_level":0,"parentID":"12049f80-ee0b-486d-b7b6-115ea78ddfd4","firstParentID":"12049f80-ee0b-486d-b7b6-115ea78ddfd4","ID":"2ebd2f6b-fc3a-49dd-a48e-36d3071c6019","childs":{"прием":{"_level":1,"parentID":"2ebd2f6b-fc3a-49dd-a48e-36d3071c6019","firstParentID":"12049f80-ee0b-486d-b7b6-115ea78ddfd4","ID":"feeff3be-4fee-416a-ba6b-2b03a77c1210","childs":{"оперативное":{"_level":2,"parentID":"feeff3be-4fee-416a-ba6b-2b03a77c1210","firstParentID":"12049f80-ee0b-486d-b7b6-115ea78ddfd4","ID":"805bcef5-6568-4641-88ca-037a78489d03","childs":null,"emcosID":null,"emcosMLID":null,"codMaketTEP":null,"codTEP":null,"WSName":"PS","rangeAddress":"$O$228:$O$264","headAddress":"$O$228","bodyAddress":"$O$229:$O$264","_name":"оперативное"}},"emcosID":null,"emcosMLID":null,"codMaketTEP":null,"codTEP":null,"WSName":"PS","rangeAddress":"$O$227:$O$264","headAddress":"$O$227","bodyAddress":"$O$228:$O$264","_name":"прием"}},"emcosID":null,"emcosMLID":null,"codMaketTEP":null,"codTEP":null,"WSName":"PS","rangeAddress":"$O$226:$O$264","headAddress":"$O$226","bodyAddress":"$O$227:$O$264","_name":"Потребление Жетысу Водоканал"},"DB":{"_level":0,"parentID":"12049f80-ee0b-486d-b7b6-115ea78ddfd4","firstParentID":"12049f80-ee0b-486d-b7b6-115ea78ddfd4","ID":"2936b494-a840-4b1d-b23b-cf735e08b384","childs":{"прием":{"_level":1,"parentID":"2936b494-a840-4b1d-b23b-cf735e08b384","firstParentID":"12049f80-ee0b-486d-b7b6-115ea78ddfd4","ID":"86727ce4-e01d-4281-9427-d58890ebcd92","childs":{"код":{"_level":2,"parentID":"86727ce4-e01d-4281-9427-d58890ebcd92","firstParentID":"12049f80-ee0b-486d-b7b6-115ea78ddfd4","ID":"9d088208-eaae-46f0-a5fa-b7bbc1c7c3dd","childs":null,"emcosID":null,"emcosMLID":null,"codMaketTEP":null,"codTEP":null,"WSName":"DB","rangeAddress":"$DS$396:$DS$433","headAddress":"$DS$396","bodyAddress":"$DS$397:$DS$433","_name":"код"},"основное":{"_level":2,"parentID":"86727ce4-e01d-4281-9427-d58890ebcd92","firstParentID":"12049f80-ee0b-486d-b7b6-115ea78ddfd4","ID":"05e470f6-2867-40db-9d61-a964360fdbea","childs":null,"emcosID":null,"emcosMLID":null,"codMaketTEP":null,"codTEP":null,"WSName":"DB","rangeAddress":"$DT$396:$DT$433","headAddress":"$DT$396","bodyAddress":"$DT$397:$DT$433","_name":"основное"},"корректировка факт":{"_level":2,"parentID":"86727ce4-e01d-4281-9427-d58890ebcd92","firstParentID":"12049f80-ee0b-486d-b7b6-115ea78ddfd4","ID":"d1e0f3d4-de05-4126-8fdf-b8ccdc3b6c4e","childs":null,"emcosID":null,"emcosMLID":null,"codMaketTEP":null,"codTEP":null,"WSName":"DB","rangeAddress":"$DU$396:$DU$433","headAddress":"$DU$396","bodyAddress":"$DU$397:$DU$433","_name":"корректировка факт"},"ручное":{"_level":2,"parentID":"86727ce4-e01d-4281-9427-d58890ebcd92","firstParentID":"12049f80-ee0b-486d-b7b6-115ea78ddfd4","ID":"952a0ee0-476f-4417-bc54-94dc3a914d92","childs":null,"emcosID":null,"emcosMLID":null,"codMaketTEP":null,"codTEP":null,"WSName":"DB","rangeAddress":"$DV$396:$DV$433","headAddress":"$DV$396","bodyAddress":"$DV$397:$DV$433","_name":"ручное"},"оперативное":{"_level":2,"parentID":"86727ce4-e01d-4281-9427-d58890ebcd92","firstParentID":"12049f80-ee0b-486d-b7b6-115ea78ddfd4","ID":"710db174-1c3b-44ac-be04-e70311b188cf","childs":null,"emcosID":null,"emcosMLID":null,"codMaketTEP":null,"codTEP":null,"WSName":"DB","rangeAddress":"$DW$396:$DW$433","headAddress":"$DW$396","bodyAddress":"$DW$397:$DW$433","_name":"оперативное"}},"emcosID":null,"emcosMLID":null,"codMaketTEP":null,"codTEP":null,"WSName":"DB","rangeAddress":"$DS$395:$DW$433","headAddress":"$DS$395:$DW$395","bodyAddress":"$DS$396:$DW$433","_name":"прием"}},"emcosID":null,"emcosMLID":null,"codMaketTEP":null,"codTEP":null,"WSName":"DB","rangeAddress":"$DS$394:$DW$433","headAddress":"$DS$394:$DW$394","bodyAddress":"$DS$395:$DW$433","_name":"Потребление Жетысу Водоканал"}},"codPlan":null,"meterCoef":null,"_name":"Потребление Жетысу Водоканал"}