{"ID":"12049f80-ee0b-486d-b7b6-115ea78ddfd4","childs":{"PS":{"_level":0,"parentID":"12049f80-ee0b-486d-b7b6-115ea78ddfd4","firstParentID":"12049f80-ee0b-486d-b7b6-115ea78ddfd4","ID":"2ebd2f6b-fc3a-49dd-a48e-36d3071c6019","childs":{"прием":{"_level":1,"parentID":"2ebd2f6b-fc3a-49dd-a48e-36d3071c6019","firstParentID":"12049f80-ee0b-486d-b7b6-115ea78ddfd4","ID":"feeff3be-4fee-416a-ba6b-2b03a77c1210","childs":{"оперативное":{"_level":2,"parentID":"feeff3be-4fee-416a-ba6b-2b03a77c1210","firstParentID":"12049f80-ee0b-486d-b7b6-115ea78ddfd4","ID":"805bcef5-6568-4641-88ca-037a78489d03","childs":null,"emcosID":null,"emcosMLID":null,"codMaketTEP":null,"codTEP":null,"WSName":"PS","rangeAddress":"$R$228:$R$264","headAddress":"$R$228","bodyAddress":"$R$229:$R$264","_name":"оперативное"}},"emcosID":null,"emcosMLID":null,"codMaketTEP":null,"codTEP":null,"WSName":"PS","rangeAddress":"$R$227:$R$264","headAddress":"$R$227","bodyAddress":"$R$228:$R$264","_name":"прием"},"план":{"_level":1,"parentID":"2ebd2f6b-fc3a-49dd-a48e-36d3071c6019","firstParentID":"12049f80-ee0b-486d-b7b6-115ea78ddfd4","ID":"36980fa7-dbe9-457c-aa16-26e4ce600aa9","childs":{"заявка":{"_level":2,"parentID":"36980fa7-dbe9-457c-aa16-26e4ce600aa9","firstParentID":"12049f80-ee0b-486d-b7b6-115ea78ddfd4","ID":"3a055055-82d8-4e0f-973d-81d16e09779a","childs":null,"emcosID":null,"emcosMLID":null,"codMaketTEP":null,"codTEP":null,"WSName":"PS","rangeAddress":"$S$228:$S$264","headAddress":"$S$228","bodyAddress":"$S$229:$S$264","_name":"заявка"}},"emcosID":null,"emcosMLID":null,"codMaketTEP":null,"codTEP":null,"WSName":"PS","rangeAddress":"$S$227:$S$264","headAddress":"$S$227","bodyAddress":"$S$228:$S$264","_name":"план"}},"emcosID":null,"emcosMLID":null,"codMaketTEP":null,"codTEP":null,"WSName":"PS","rangeAddress":"$R$226:$S$264","headAddress":"$R$226:$S$226","bodyAddress":"$R$227:$S$264","_name":"Потребление Жетысу Водоканал"},"DB":{"_level":0,"parentID":"12049f80-ee0b-486d-b7b6-115ea78ddfd4","firstParentID":"12049f80-ee0b-486d-b7b6-115ea78ddfd4","ID":"2936b494-a840-4b1d-b23b-cf735e08b384","childs":{"прием":{"_level":1,"parentID":"2936b494-a840-4b1d-b23b-cf735e08b384","firstParentID":"12049f80-ee0b-486d-b7b6-115ea78ddfd4","ID":"86727ce4-e01d-4281-9427-d58890ebcd92","childs":{"код":{"_level":2,"parentID":"86727ce4-e01d-4281-9427-d58890ebcd92","firstParentID":"12049f80-ee0b-486d-b7b6-115ea78ddfd4","ID":"9d088208-eaae-46f0-a5fa-b7bbc1c7c3dd","childs":null,"emcosID":null,"emcosMLID":null,"codMaketTEP":null,"codTEP":null,"WSName":"DB","rangeAddress":"$FH$396:$FH$433","headAddress":"$FH$396","bodyAddress":"$FH$397:$FH$433","_name":"код"},"основное":{"_level":2,"parentID":"86727ce4-e01d-4281-9427-d58890ebcd92","firstParentID":"12049f80-ee0b-486d-b7b6-115ea78ddfd4","ID":"05e470f6-2867-40db-9d61-a964360fdbea","childs":null,"emcosID":null,"emcosMLID":null,"codMaketTEP":null,"codTEP":null,"WSName":"DB","rangeAddress":"$FI$396:$FI$433","headAddress":"$FI$396","bodyAddress":"$FI$397:$FI$433","_name":"основное"},"корректировка факт":{"_level":2,"parentID":"86727ce4-e01d-4281-9427-d58890ebcd92","firstParentID":"12049f80-ee0b-486d-b7b6-115ea78ddfd4","ID":"d1e0f3d4-de05-4126-8fdf-b8ccdc3b6c4e","childs":null,"emcosID":null,"emcosMLID":null,"codMaketTEP":null,"codTEP":null,"WSName":"DB","rangeAddress":"$FJ$396:$FJ$433","headAddress":"$FJ$396","bodyAddress":"$FJ$397:$FJ$433","_name":"корректировка факт"},"ручное":{"_level":2,"parentID":"86727ce4-e01d-4281-9427-d58890ebcd92","firstParentID":"12049f80-ee0b-486d-b7b6-115ea78ddfd4","ID":"952a0ee0-476f-4417-bc54-94dc3a914d92","childs":null,"emcosID":null,"emcosMLID":null,"codMaketTEP":null,"codTEP":null,"WSName":"DB","rangeAddress":"$FK$396:$FK$433","headAddress":"$FK$396","bodyAddress":"$FK$397:$FK$433","_name":"ручное"},"оперативное":{"_level":2,"parentID":"86727ce4-e01d-4281-9427-d58890ebcd92","firstParentID":"12049f80-ee0b-486d-b7b6-115ea78ddfd4","ID":"710db174-1c3b-44ac-be04-e70311b188cf","childs":null,"emcosID":null,"emcosMLID":null,"codMaketTEP":null,"codTEP":null,"WSName":"DB","rangeAddress":"$FL$396:$FL$433","headAddress":"$FL$396","bodyAddress":"$FL$397:$FL$433","_name":"оперативное"},"по плану":{"_level":2,"parentID":"86727ce4-e01d-4281-9427-d58890ebcd92","firstParentID":"12049f80-ee0b-486d-b7b6-115ea78ddfd4","ID":"f725a2f1-31bd-47b8-9d21-ed3a37c880e1","childs":null,"emcosID":null,"emcosMLID":null,"codMaketTEP":null,"codTEP":null,"WSName":"DB","rangeAddress":"$FM$396:$FM$433","headAddress":"$FM$396","bodyAddress":"$FM$397:$FM$433","_name":"по плану"}},"emcosID":null,"emcosMLID":null,"codMaketTEP":null,"codTEP":null,"WSName":"DB","rangeAddress":"$FH$395:$FM$433","headAddress":"$FH$395:$FM$395","bodyAddress":"$FH$396:$FM$433","_name":"прием"},"план":{"_level":1,"parentID":"2936b494-a840-4b1d-b23b-cf735e08b384","firstParentID":"12049f80-ee0b-486d-b7b6-115ea78ddfd4","ID":"c0003e22-4cb7-4f72-b194-888aaeb84899","childs":{"код":{"_level":2,"parentID":"c0003e22-4cb7-4f72-b194-888aaeb84899","firstParentID":"12049f80-ee0b-486d-b7b6-115ea78ddfd4","ID":"d06472ba-0c38-45a4-8f02-2e79ab053403","childs":null,"emcosID":null,"emcosMLID":null,"codMaketTEP":null,"codTEP":null,"WSName":"DB","rangeAddress":"$FN$396:$FN$433","headAddress":"$FN$396","bodyAddress":"$FN$397:$FN$433","_name":"код"},"основное":{"_level":2,"parentID":"c0003e22-4cb7-4f72-b194-888aaeb84899","firstParentID":"12049f80-ee0b-486d-b7b6-115ea78ddfd4","ID":"c8995cbe-6034-4fa3-bf87-5d9b1afa7f4e","childs":null,"emcosID":null,"emcosMLID":null,"codMaketTEP":null,"codTEP":null,"WSName":"DB","rangeAddress":"$FO$396:$FO$433","headAddress":"$FO$396","bodyAddress":"$FO$397:$FO$433","_name":"основное"},"заявка":{"_level":2,"parentID":"c0003e22-4cb7-4f72-b194-888aaeb84899","firstParentID":"12049f80-ee0b-486d-b7b6-115ea78ddfd4","ID":"d2fd764b-1972-4391-92ed-fdd63c31d7d0","childs":null,"emcosID":null,"emcosMLID":null,"codMaketTEP":null,"codTEP":null,"WSName":"DB","rangeAddress":"$FP$396:$FP$433","headAddress":"$FP$396","bodyAddress":"$FP$397:$FP$433","_name":"заявка"},"утвержденный":{"_level":2,"parentID":"c0003e22-4cb7-4f72-b194-888aaeb84899","firstParentID":"12049f80-ee0b-486d-b7b6-115ea78ddfd4","ID":"1e3a0011-9be5-4851-8552-f1009ddcf71f","childs":null,"emcosID":null,"emcosMLID":null,"codMaketTEP":null,"codTEP":null,"WSName":"DB","rangeAddress":"$FQ$396:$FQ$433","headAddress":"$FQ$396","bodyAddress":"$FQ$397:$FQ$433","_name":"утвержденный"},"корректировка":{"_level":2,"parentID":"c0003e22-4cb7-4f72-b194-888aaeb84899","firstParentID":"12049f80-ee0b-486d-b7b6-115ea78ddfd4","ID":"1028000c-221c-4407-ad98-931815c0e0d2","childs":null,"emcosID":null,"emcosMLID":null,"codMaketTEP":null,"codTEP":null,"WSName":"DB","rangeAddress":"$FR$396:$FR$433","headAddress":"$FR$396","bodyAddress":"$FR$397:$FR$433","_name":"корректировка"}},"emcosID":null,"emcosMLID":null,"codMaketTEP":null,"codTEP":null,"WSName":"DB","rangeAddress":"$FN$395:$FR$433","headAddress":"$FN$395:$FR$395","bodyAddress":"$FN$396:$FR$433","_name":"план"}},"emcosID":null,"emcosMLID":null,"codMaketTEP":null,"codTEP":null,"WSName":"DB","rangeAddress":"$FH$394:$FR$433","headAddress":"$FH$394:$FR$394","bodyAddress":"$FH$395:$FR$433","_name":"Потребление Жетысу Водоканал"}},"codPlan":63,"meterCoef":null,"_name":"Потребление Жетысу Водоканал"}