{"ID":"12f29448-e768-4d46-9535-ef164bee2d75","childs":{"PS":{"_level":0,"parentID":"12f29448-e768-4d46-9535-ef164bee2d75","firstParentID":"12f29448-e768-4d46-9535-ef164bee2d75","ID":"6b30d8cf-b2d5-4198-a30e-8169c721226e","childs":{"отдача":{"_level":1,"parentID":"6b30d8cf-b2d5-4198-a30e-8169c721226e","firstParentID":"12f29448-e768-4d46-9535-ef164bee2d75","ID":"13a291ec-d635-48ac-b6bf-bc0cb2c16d14","childs":{"ручное":{"_level":2,"parentID":"13a291ec-d635-48ac-b6bf-bc0cb2c16d14","firstParentID":"12f29448-e768-4d46-9535-ef164bee2d75","ID":"4113946e-8f44-40e8-88ff-57af213aea71","childs":null,"emcosID":null,"emcosMLID":null,"codMaketTEP":null,"codTEP":null,"WSName":"PS","rangeAddress":"$CJ$185:$CJ$221","headAddress":"$CJ$185","bodyAddress":"$CJ$186:$CJ$221","_name":"ручное"}},"emcosID":null,"emcosMLID":null,"codMaketTEP":null,"codTEP":null,"WSName":"PS","rangeAddress":"$CJ$184:$CJ$221","headAddress":"$CJ$184","bodyAddress":"$CJ$185:$CJ$221","_name":"отдача"}},"emcosID":null,"emcosMLID":null,"codMaketTEP":null,"codTEP":null,"WSName":"PS","rangeAddress":"$CJ$183:$CJ$221","headAddress":"$CJ$183","bodyAddress":"$CJ$184:$CJ$221","_name":"Генерация Какпакская ГЭС"},"DB":{"_level":0,"parentID":"12f29448-e768-4d46-9535-ef164bee2d75","firstParentID":"12f29448-e768-4d46-9535-ef164bee2d75","ID":"4eaedb74-c296-4b2d-9dcd-df925af29d40","childs":{"отдача":{"_level":1,"parentID":"4eaedb74-c296-4b2d-9dcd-df925af29d40","firstParentID":"12f29448-e768-4d46-9535-ef164bee2d75","ID":"61cd52dd-617a-4de8-8c95-81956dd96685","childs":{"код":{"_level":2,"parentID":"61cd52dd-617a-4de8-8c95-81956dd96685","firstParentID":"12f29448-e768-4d46-9535-ef164bee2d75","ID":"6050b8f0-6eb8-42fe-b617-5156d021fab3","childs":null,"emcosID":null,"emcosMLID":null,"codMaketTEP":null,"codTEP":null,"WSName":"DB","rangeAddress":"$AE$482:$AE$519","headAddress":"$AE$482","bodyAddress":"$AE$483:$AE$519","_name":"код"},"основное":{"_level":2,"parentID":"61cd52dd-617a-4de8-8c95-81956dd96685","firstParentID":"12f29448-e768-4d46-9535-ef164bee2d75","ID":"eb97efb2-731b-4e76-b89c-55b7e191be20","childs":null,"emcosID":null,"emcosMLID":null,"codMaketTEP":null,"codTEP":null,"WSName":"DB","rangeAddress":"$AF$482:$AF$519","headAddress":"$AF$482","bodyAddress":"$AF$483:$AF$519","_name":"основное"},"корректировка факт":{"_level":2,"parentID":"61cd52dd-617a-4de8-8c95-81956dd96685","firstParentID":"12f29448-e768-4d46-9535-ef164bee2d75","ID":"425a7d8e-b712-4378-bbf0-ab949c63daf1","childs":null,"emcosID":null,"emcosMLID":null,"codMaketTEP":null,"codTEP":null,"WSName":"DB","rangeAddress":"$AG$482:$AG$519","headAddress":"$AG$482","bodyAddress":"$AG$483:$AG$519","_name":"корректировка факт"},"ручное":{"_level":2,"parentID":"61cd52dd-617a-4de8-8c95-81956dd96685","firstParentID":"12f29448-e768-4d46-9535-ef164bee2d75","ID":"6f5ed968-1e9e-4c71-8eb3-a0f13d1c7780","childs":null,"emcosID":null,"emcosMLID":null,"codMaketTEP":null,"codTEP":null,"WSName":"DB","rangeAddress":"$AH$482:$AH$519","headAddress":"$AH$482","bodyAddress":"$AH$483:$AH$519","_name":"ручное"}},"emcosID":null,"emcosMLID":null,"codMaketTEP":null,"codTEP":null,"WSName":"DB","rangeAddress":"$AE$481:$AH$519","headAddress":"$AE$481:$AH$481","bodyAddress":"$AE$482:$AH$519","_name":"отдача"}},"emcosID":null,"emcosMLID":null,"codMaketTEP":null,"codTEP":null,"WSName":"DB","rangeAddress":"$AE$480:$AH$519","headAddress":"$AE$480:$AH$480","bodyAddress":"$AE$481:$AH$519","_name":"Генерация Какпакская ГЭС"}},"codPlan":null,"meterCoef":null,"_name":"Генерация Какпакская ГЭС"}