{"ID":"12f29448-e768-4d46-9535-ef164bee2d75","childs":{"PS":{"_level":0,"parentID":"12f29448-e768-4d46-9535-ef164bee2d75","firstParentID":"12f29448-e768-4d46-9535-ef164bee2d75","ID":"6b30d8cf-b2d5-4198-a30e-8169c721226e","childs":{"отдача":{"_level":1,"parentID":"6b30d8cf-b2d5-4198-a30e-8169c721226e","firstParentID":"12f29448-e768-4d46-9535-ef164bee2d75","ID":"13a291ec-d635-48ac-b6bf-bc0cb2c16d14","childs":{"ручное":{"_level":2,"parentID":"13a291ec-d635-48ac-b6bf-bc0cb2c16d14","firstParentID":"12f29448-e768-4d46-9535-ef164bee2d75","ID":"4113946e-8f44-40e8-88ff-57af213aea71","childs":null,"emcosID":null,"emcosMLID":null,"codMaketTEP":null,"codTEP":null,"WSName":"PS","rangeAddress":"$DD$185:$DD$221","headAddress":"$DD$185","bodyAddress":"$DD$186:$DD$221","_name":"ручное"}},"emcosID":null,"emcosMLID":null,"codMaketTEP":null,"codTEP":null,"WSName":"PS","rangeAddress":"$DD$184:$DD$221","headAddress":"$DD$184","bodyAddress":"$DD$185:$DD$221","_name":"отдача"}},"emcosID":null,"emcosMLID":null,"codMaketTEP":null,"codTEP":null,"WSName":"PS","rangeAddress":"$DD$183:$DD$221","headAddress":"$DD$183","bodyAddress":"$DD$184:$DD$221","_name":"Генерация Какпакская ГЭС"},"DB":{"_level":0,"parentID":"12f29448-e768-4d46-9535-ef164bee2d75","firstParentID":"12f29448-e768-4d46-9535-ef164bee2d75","ID":"4eaedb74-c296-4b2d-9dcd-df925af29d40","childs":{"отдача":{"_level":1,"parentID":"4eaedb74-c296-4b2d-9dcd-df925af29d40","firstParentID":"12f29448-e768-4d46-9535-ef164bee2d75","ID":"61cd52dd-617a-4de8-8c95-81956dd96685","childs":{"код":{"_level":2,"parentID":"61cd52dd-617a-4de8-8c95-81956dd96685","firstParentID":"12f29448-e768-4d46-9535-ef164bee2d75","ID":"6050b8f0-6eb8-42fe-b617-5156d021fab3","childs":null,"emcosID":null,"emcosMLID":null,"codMaketTEP":null,"codTEP":null,"WSName":"DB","rangeAddress":"$FD$482:$FD$519","headAddress":"$FD$482","bodyAddress":"$FD$483:$FD$519","_name":"код"},"основное":{"_level":2,"parentID":"61cd52dd-617a-4de8-8c95-81956dd96685","firstParentID":"12f29448-e768-4d46-9535-ef164bee2d75","ID":"eb97efb2-731b-4e76-b89c-55b7e191be20","childs":null,"emcosID":null,"emcosMLID":null,"codMaketTEP":null,"codTEP":null,"WSName":"DB","rangeAddress":"$FE$482:$FE$519","headAddress":"$FE$482","bodyAddress":"$FE$483:$FE$519","_name":"основное"},"корректировка факт":{"_level":2,"parentID":"61cd52dd-617a-4de8-8c95-81956dd96685","firstParentID":"12f29448-e768-4d46-9535-ef164bee2d75","ID":"425a7d8e-b712-4378-bbf0-ab949c63daf1","childs":null,"emcosID":null,"emcosMLID":null,"codMaketTEP":null,"codTEP":null,"WSName":"DB","rangeAddress":"$FF$482:$FF$519","headAddress":"$FF$482","bodyAddress":"$FF$483:$FF$519","_name":"корректировка факт"},"ручное":{"_level":2,"parentID":"61cd52dd-617a-4de8-8c95-81956dd96685","firstParentID":"12f29448-e768-4d46-9535-ef164bee2d75","ID":"6f5ed968-1e9e-4c71-8eb3-a0f13d1c7780","childs":null,"emcosID":null,"emcosMLID":null,"codMaketTEP":null,"codTEP":null,"WSName":"DB","rangeAddress":"$FG$482:$FG$519","headAddress":"$FG$482","bodyAddress":"$FG$483:$FG$519","_name":"ручное"},"оперативное":{"_level":2,"parentID":"61cd52dd-617a-4de8-8c95-81956dd96685","firstParentID":"12f29448-e768-4d46-9535-ef164bee2d75","ID":"aec63604-7428-4126-b71a-a32b15083688","childs":null,"emcosID":null,"emcosMLID":null,"codMaketTEP":null,"codTEP":null,"WSName":"DB","rangeAddress":"$FH$482:$FH$519","headAddress":"$FH$482","bodyAddress":"$FH$483:$FH$519","_name":"оперативное"}},"emcosID":null,"emcosMLID":null,"codMaketTEP":null,"codTEP":null,"WSName":"DB","rangeAddress":"$FD$481:$FH$519","headAddress":"$FD$481:$FH$481","bodyAddress":"$FD$482:$FH$519","_name":"отдача"}},"emcosID":null,"emcosMLID":null,"codMaketTEP":null,"codTEP":null,"WSName":"DB","rangeAddress":"$FD$480:$FH$519","headAddress":"$FD$480:$FH$480","bodyAddress":"$FD$481:$FH$519","_name":"Генерация Какпакская ГЭС"}},"codPlan":null,"meterCoef":null,"_name":"Генерация Какпакская ГЭС"}