{"ID":"135b06cd-fbd8-4bd4-92a2-5f1f6134dafa","childs":{"PS":{"_level":0,"parentID":"135b06cd-fbd8-4bd4-92a2-5f1f6134dafa","firstParentID":"135b06cd-fbd8-4bd4-92a2-5f1f6134dafa","ID":"82ac130f-4b1f-4329-a5ee-0eaa5a3a33a5","childs":{"отдача":{"_level":1,"parentID":"82ac130f-4b1f-4329-a5ee-0eaa5a3a33a5","firstParentID":"135b06cd-fbd8-4bd4-92a2-5f1f6134dafa","ID":"874a11bc-b144-48d4-8f91-eba27700998a","childs":{"ручное":{"_level":2,"parentID":"874a11bc-b144-48d4-8f91-eba27700998a","firstParentID":"135b06cd-fbd8-4bd4-92a2-5f1f6134dafa","ID":"9884044f-1375-4fa2-a270-aea10879086d","childs":null,"emcosID":null,"emcosMLID":null,"codMaketTEP":null,"codTEP":null,"WSName":"PS","rangeAddress":"$BI$228:$BI$264","headAddress":"$BI$228","bodyAddress":"$BI$229:$BI$264","_name":"ручное"}},"emcosID":null,"emcosMLID":null,"codMaketTEP":null,"codTEP":null,"WSName":"PS","rangeAddress":"$BI$227:$BI$264","headAddress":"$BI$227","bodyAddress":"$BI$228:$BI$264","_name":"отдача"}},"emcosID":null,"emcosMLID":null,"codMaketTEP":null,"codTEP":null,"WSName":"PS","rangeAddress":"$BI$226:$BI$264","headAddress":"$BI$226","bodyAddress":"$BI$227:$BI$264","_name":"Генерация Baskan Power Верхне Басканская ГЭС"},"DB":{"_level":0,"parentID":"135b06cd-fbd8-4bd4-92a2-5f1f6134dafa","firstParentID":"135b06cd-fbd8-4bd4-92a2-5f1f6134dafa","ID":"86f5c380-7ae7-40c9-b883-9f0707b5eea4","childs":{"отдача":{"_level":1,"parentID":"86f5c380-7ae7-40c9-b883-9f0707b5eea4","firstParentID":"135b06cd-fbd8-4bd4-92a2-5f1f6134dafa","ID":"daf44e33-9334-4118-b0f4-8635d6c25824","childs":{"код":{"_level":2,"parentID":"daf44e33-9334-4118-b0f4-8635d6c25824","firstParentID":"135b06cd-fbd8-4bd4-92a2-5f1f6134dafa","ID":"446bf462-2ed9-499d-876d-3cb5689e3b9a","childs":null,"emcosID":null,"emcosMLID":null,"codMaketTEP":null,"codTEP":null,"WSName":"DB","rangeAddress":"$BG$482:$BG$519","headAddress":"$BG$482","bodyAddress":"$BG$483:$BG$519","_name":"код"},"основное":{"_level":2,"parentID":"daf44e33-9334-4118-b0f4-8635d6c25824","firstParentID":"135b06cd-fbd8-4bd4-92a2-5f1f6134dafa","ID":"0f20058d-828b-4339-8952-a4d7f78e4174","childs":null,"emcosID":null,"emcosMLID":null,"codMaketTEP":null,"codTEP":null,"WSName":"DB","rangeAddress":"$BH$482:$BH$519","headAddress":"$BH$482","bodyAddress":"$BH$483:$BH$519","_name":"основное"},"корректировка факт":{"_level":2,"parentID":"daf44e33-9334-4118-b0f4-8635d6c25824","firstParentID":"135b06cd-fbd8-4bd4-92a2-5f1f6134dafa","ID":"24015cb2-694d-4239-a837-12d64f391cc7","childs":null,"emcosID":null,"emcosMLID":null,"codMaketTEP":null,"codTEP":null,"WSName":"DB","rangeAddress":"$BI$482:$BI$519","headAddress":"$BI$482","bodyAddress":"$BI$483:$BI$519","_name":"корректировка факт"},"ручное":{"_level":2,"parentID":"daf44e33-9334-4118-b0f4-8635d6c25824","firstParentID":"135b06cd-fbd8-4bd4-92a2-5f1f6134dafa","ID":"6765da2e-8480-4261-9669-3dacf1724534","childs":null,"emcosID":null,"emcosMLID":null,"codMaketTEP":null,"codTEP":null,"WSName":"DB","rangeAddress":"$BJ$482:$BJ$519","headAddress":"$BJ$482","bodyAddress":"$BJ$483:$BJ$519","_name":"ручное"}},"emcosID":null,"emcosMLID":null,"codMaketTEP":null,"codTEP":null,"WSName":"DB","rangeAddress":"$BG$481:$BJ$519","headAddress":"$BG$481:$BJ$481","bodyAddress":"$BG$482:$BJ$519","_name":"отдача"}},"emcosID":null,"emcosMLID":null,"codMaketTEP":null,"codTEP":null,"WSName":"DB","rangeAddress":"$BG$480:$BJ$519","headAddress":"$BG$480:$BJ$480","bodyAddress":"$BG$481:$BJ$519","_name":"Генерация Baskan Power Верхне Басканская ГЭС"}},"codPlan":null,"meterCoef":null,"_name":"Генерация Baskan Power Верхне Басканская ГЭС"}