{"ID":"16074114-ad8b-453a-a6e6-1d37c741b244","childs":{"PS":{"_level":0,"parentID":"16074114-ad8b-453a-a6e6-1d37c741b244","firstParentID":"16074114-ad8b-453a-a6e6-1d37c741b244","ID":"10c5f5d9-aaf2-4396-85e9-96423f37615e","childs":{"прием":{"_level":1,"parentID":"10c5f5d9-aaf2-4396-85e9-96423f37615e","firstParentID":"16074114-ad8b-453a-a6e6-1d37c741b244","ID":"b817eee0-f281-4151-8a5c-036480f46373","childs":{"ручное":{"_level":2,"parentID":"b817eee0-f281-4151-8a5c-036480f46373","firstParentID":"16074114-ad8b-453a-a6e6-1d37c741b244","ID":"adff13cb-abdb-4b82-a166-3bebab9ac2d4","childs":null,"emcosID":null,"emcosMLID":null,"codMaketTEP":null,"codTEP":null,"WSName":"PS","rangeAddress":"$GO$99:$GO$135","headAddress":"$GO$99","bodyAddress":"$GO$100:$GO$135","_name":"ручное"}},"emcosID":null,"emcosMLID":null,"codMaketTEP":null,"codTEP":null,"WSName":"PS","rangeAddress":"$GO$98:$GO$135","headAddress":"$GO$98","bodyAddress":"$GO$99:$GO$135","_name":"прием"},"отдача":{"_level":1,"parentID":"10c5f5d9-aaf2-4396-85e9-96423f37615e","firstParentID":"16074114-ad8b-453a-a6e6-1d37c741b244","ID":"b9b19ff8-6c3e-47d8-8084-db722e43393b","childs":{"ручное":{"_level":2,"parentID":"b9b19ff8-6c3e-47d8-8084-db722e43393b","firstParentID":"16074114-ad8b-453a-a6e6-1d37c741b244","ID":"e73450b2-916d-4f47-82aa-09690aa01353","childs":null,"emcosID":null,"emcosMLID":null,"codMaketTEP":null,"codTEP":null,"WSName":"PS","rangeAddress":"$GP$99:$GP$135","headAddress":"$GP$99","bodyAddress":"$GP$100:$GP$135","_name":"ручное"}},"emcosID":null,"emcosMLID":null,"codMaketTEP":null,"codTEP":null,"WSName":"PS","rangeAddress":"$GP$98:$GP$135","headAddress":"$GP$98","bodyAddress":"$GP$99:$GP$135","_name":"отдача"}},"emcosID":null,"emcosMLID":null,"codMaketTEP":null,"codTEP":null,"WSName":"PS","rangeAddress":"$GO$97:$GP$135","headAddress":"$GO$97:$GP$97","bodyAddress":"$GO$98:$GP$135","_name":"Л2143 АХБК 7А"},"DB":{"_level":0,"parentID":"16074114-ad8b-453a-a6e6-1d37c741b244","firstParentID":"16074114-ad8b-453a-a6e6-1d37c741b244","ID":"bb9d4d9e-dc27-498d-9182-20a29e8e8e3c","childs":{"прием":{"_level":1,"parentID":"bb9d4d9e-dc27-498d-9182-20a29e8e8e3c","firstParentID":"16074114-ad8b-453a-a6e6-1d37c741b244","ID":"c8e235e4-f432-4c9b-92ba-404dc470e68c","childs":{"код":{"_level":2,"parentID":"c8e235e4-f432-4c9b-92ba-404dc470e68c","firstParentID":"16074114-ad8b-453a-a6e6-1d37c741b244","ID":"79d36d7a-052d-4b31-89e4-7b52ca819e97","childs":null,"emcosID":null,"emcosMLID":null,"codMaketTEP":null,"codTEP":null,"WSName":"DB","rangeAddress":"$HL$95:$HL$132","headAddress":"$HL$95","bodyAddress":"$HL$96:$HL$132","_name":"код"},"основное":{"_level":2,"parentID":"c8e235e4-f432-4c9b-92ba-404dc470e68c","firstParentID":"16074114-ad8b-453a-a6e6-1d37c741b244","ID":"b38845c4-dbda-434e-96a7-92243ac43da9","childs":null,"emcosID":null,"emcosMLID":null,"codMaketTEP":null,"codTEP":null,"WSName":"DB","rangeAddress":"$HM$95:$HM$132","headAddress":"$HM$95","bodyAddress":"$HM$96:$HM$132","_name":"основное"},"корректировка факт":{"_level":2,"parentID":"c8e235e4-f432-4c9b-92ba-404dc470e68c","firstParentID":"16074114-ad8b-453a-a6e6-1d37c741b244","ID":"bae84f9c-73da-4a18-b0e1-bec60a26891d","childs":null,"emcosID":null,"emcosMLID":null,"codMaketTEP":null,"codTEP":null,"WSName":"DB","rangeAddress":"$HN$95:$HN$132","headAddress":"$HN$95","bodyAddress":"$HN$96:$HN$132","_name":"корректировка факт"},"ручное":{"_level":2,"parentID":"c8e235e4-f432-4c9b-92ba-404dc470e68c","firstParentID":"16074114-ad8b-453a-a6e6-1d37c741b244","ID":"abc18ede-cbea-496a-b8f1-08c781fb3a9b","childs":null,"emcosID":null,"emcosMLID":null,"codMaketTEP":null,"codTEP":null,"WSName":"DB","rangeAddress":"$HO$95:$HO$132","headAddress":"$HO$95","bodyAddress":"$HO$96:$HO$132","_name":"ручное"}},"emcosID":null,"emcosMLID":null,"codMaketTEP":null,"codTEP":null,"WSName":"DB","rangeAddress":"$HL$94:$HO$132","headAddress":"$HL$94:$HO$94","bodyAddress":"$HL$95:$HO$132","_name":"прием"},"отдача":{"_level":1,"parentID":"bb9d4d9e-dc27-498d-9182-20a29e8e8e3c","firstParentID":"16074114-ad8b-453a-a6e6-1d37c741b244","ID":"8536b0e4-214c-4db6-8b07-650c1d919b81","childs":{"код":{"_level":2,"parentID":"8536b0e4-214c-4db6-8b07-650c1d919b81","firstParentID":"16074114-ad8b-453a-a6e6-1d37c741b244","ID":"99801969-b8be-4584-8b46-f9f78b759124","childs":null,"emcosID":null,"emcosMLID":null,"codMaketTEP":null,"codTEP":null,"WSName":"DB","rangeAddress":"$HP$95:$HP$132","headAddress":"$HP$95","bodyAddress":"$HP$96:$HP$132","_name":"код"},"основное":{"_level":2,"parentID":"8536b0e4-214c-4db6-8b07-650c1d919b81","firstParentID":"16074114-ad8b-453a-a6e6-1d37c741b244","ID":"d951dcaf-34ff-4899-9a19-02d8bd487aee","childs":null,"emcosID":null,"emcosMLID":null,"codMaketTEP":null,"codTEP":null,"WSName":"DB","rangeAddress":"$HQ$95:$HQ$132","headAddress":"$HQ$95","bodyAddress":"$HQ$96:$HQ$132","_name":"основное"},"корректировка факт":{"_level":2,"parentID":"8536b0e4-214c-4db6-8b07-650c1d919b81","firstParentID":"16074114-ad8b-453a-a6e6-1d37c741b244","ID":"05010ab9-bc73-4b94-aa23-f5cf8a65ec32","childs":null,"emcosID":null,"emcosMLID":null,"codMaketTEP":null,"codTEP":null,"WSName":"DB","rangeAddress":"$HR$95:$HR$132","headAddress":"$HR$95","bodyAddress":"$HR$96:$HR$132","_name":"корректировка факт"},"ручное":{"_level":2,"parentID":"8536b0e4-214c-4db6-8b07-650c1d919b81","firstParentID":"16074114-ad8b-453a-a6e6-1d37c741b244","ID":"cb69b221-4414-4fc7-b4b9-5e56f06d7df0","childs":null,"emcosID":null,"emcosMLID":null,"codMaketTEP":null,"codTEP":null,"WSName":"DB","rangeAddress":"$HS$95:$HS$132","headAddress":"$HS$95","bodyAddress":"$HS$96:$HS$132","_name":"ручное"}},"emcosID":null,"emcosMLID":null,"codMaketTEP":null,"codTEP":null,"WSName":"DB","rangeAddress":"$HP$94:$HS$132","headAddress":"$HP$94:$HS$94","bodyAddress":"$HP$95:$HS$132","_name":"отдача"}},"emcosID":null,"emcosMLID":null,"codMaketTEP":null,"codTEP":null,"WSName":"DB","rangeAddress":"$HL$93:$HS$132","headAddress":"$HL$93:$HS$93","bodyAddress":"$HL$94:$HS$132","_name":"Л2143 АХБК 7А"}},"codPlan":null,"meterCoef":null,"_name":"Л2143 АХБК 7А"}