{"ID":"17054d53-3592-426c-9483-3a591d8e7cf0","childs":{"PS":{"_level":0,"parentID":"17054d53-3592-426c-9483-3a591d8e7cf0","firstParentID":"17054d53-3592-426c-9483-3a591d8e7cf0","ID":"9a9b36e0-67b2-42fa-9016-37ba862a67d1","childs":{"прием":{"_level":1,"parentID":"9a9b36e0-67b2-42fa-9016-37ba862a67d1","firstParentID":"17054d53-3592-426c-9483-3a591d8e7cf0","ID":"a2e84faa-b35e-4901-b220-d8977866903a","childs":{"ручное":{"_level":2,"parentID":"a2e84faa-b35e-4901-b220-d8977866903a","firstParentID":"17054d53-3592-426c-9483-3a591d8e7cf0","ID":"b525fab9-3aad-421e-8b35-0fe156674536","childs":null,"emcosID":null,"emcosMLID":null,"codMaketTEP":null,"codTEP":null,"WSName":"PS","rangeAddress":"$AU$185:$AU$221","headAddress":"$AU$185","bodyAddress":"$AU$186:$AU$221","_name":"ручное"}},"emcosID":null,"emcosMLID":null,"codMaketTEP":null,"codTEP":null,"WSName":"PS","rangeAddress":"$AU$184:$AU$221","headAddress":"$AU$184","bodyAddress":"$AU$185:$AU$221","_name":"прием"}},"emcosID":null,"emcosMLID":null,"codMaketTEP":null,"codTEP":null,"WSName":"PS","rangeAddress":"$AU$183:$AU$221","headAddress":"$AU$183","bodyAddress":"$AU$184:$AU$221","_name":"Потребление Международный аэропорт Алматы"},"DB":{"_level":0,"parentID":"17054d53-3592-426c-9483-3a591d8e7cf0","firstParentID":"17054d53-3592-426c-9483-3a591d8e7cf0","ID":"ddaec8e7-28aa-4664-a2e7-879c19d55482","childs":{"прием":{"_level":1,"parentID":"ddaec8e7-28aa-4664-a2e7-879c19d55482","firstParentID":"17054d53-3592-426c-9483-3a591d8e7cf0","ID":"d8959ef4-94c5-4012-9625-192f3a020a50","childs":{"код":{"_level":2,"parentID":"d8959ef4-94c5-4012-9625-192f3a020a50","firstParentID":"17054d53-3592-426c-9483-3a591d8e7cf0","ID":"6defb373-43b7-4da4-b3ee-f6cb8c3b2187","childs":null,"emcosID":null,"emcosMLID":null,"codMaketTEP":null,"codTEP":null,"WSName":"DB","rangeAddress":"$EP$439:$EP$476","headAddress":"$EP$439","bodyAddress":"$EP$440:$EP$476","_name":"код"},"основное":{"_level":2,"parentID":"d8959ef4-94c5-4012-9625-192f3a020a50","firstParentID":"17054d53-3592-426c-9483-3a591d8e7cf0","ID":"656be4f1-e12b-49b7-839b-bb7bb82ecb45","childs":null,"emcosID":null,"emcosMLID":null,"codMaketTEP":null,"codTEP":null,"WSName":"DB","rangeAddress":"$EQ$439:$EQ$476","headAddress":"$EQ$439","bodyAddress":"$EQ$440:$EQ$476","_name":"основное"},"корректировка факт":{"_level":2,"parentID":"d8959ef4-94c5-4012-9625-192f3a020a50","firstParentID":"17054d53-3592-426c-9483-3a591d8e7cf0","ID":"18ddd264-c957-4739-8d92-75621ffbea09","childs":null,"emcosID":null,"emcosMLID":null,"codMaketTEP":null,"codTEP":null,"WSName":"DB","rangeAddress":"$ER$439:$ER$476","headAddress":"$ER$439","bodyAddress":"$ER$440:$ER$476","_name":"корректировка факт"},"ручное":{"_level":2,"parentID":"d8959ef4-94c5-4012-9625-192f3a020a50","firstParentID":"17054d53-3592-426c-9483-3a591d8e7cf0","ID":"5493cfc7-a293-4f98-975f-076f79f1a0de","childs":null,"emcosID":null,"emcosMLID":null,"codMaketTEP":null,"codTEP":null,"WSName":"DB","rangeAddress":"$ES$439:$ES$476","headAddress":"$ES$439","bodyAddress":"$ES$440:$ES$476","_name":"ручное"}},"emcosID":null,"emcosMLID":null,"codMaketTEP":null,"codTEP":null,"WSName":"DB","rangeAddress":"$EP$438:$ES$476","headAddress":"$EP$438:$ES$438","bodyAddress":"$EP$439:$ES$476","_name":"прием"}},"emcosID":null,"emcosMLID":null,"codMaketTEP":null,"codTEP":null,"WSName":"DB","rangeAddress":"$EP$437:$ES$476","headAddress":"$EP$437:$ES$437","bodyAddress":"$EP$438:$ES$476","_name":"Потребление Международный аэропорт Алматы"}},"codPlan":null,"meterCoef":null,"_name":"Потребление Международный аэропорт Алматы"}