{"ID":"18f32056-7aea-415e-8b5d-c666b9307827","childs":{"PS":{"_level":0,"parentID":"18f32056-7aea-415e-8b5d-c666b9307827","firstParentID":"18f32056-7aea-415e-8b5d-c666b9307827","ID":"776169fb-5726-4cfd-8974-21337b5ec8dd","childs":{"прием":{"_level":1,"parentID":"776169fb-5726-4cfd-8974-21337b5ec8dd","firstParentID":"18f32056-7aea-415e-8b5d-c666b9307827","ID":"4bb2cf9a-31b3-4089-a070-c5657effd927","childs":{"по счетчику":{"_level":2,"parentID":"4bb2cf9a-31b3-4089-a070-c5657effd927","firstParentID":"18f32056-7aea-415e-8b5d-c666b9307827","ID":"e837d562-8a2d-4de6-a56e-b8e985f470b5","childs":null,"emcosID":null,"emcosMLID":null,"codMaketTEP":null,"codTEP":null,"WSName":"PS","rangeAddress":"$GL$99:$GL$135","headAddress":"$GL$99","bodyAddress":"$GL$100:$GL$135","_name":"по счетчику"},"СЧЕТЧИК":{"_level":2,"parentID":"4bb2cf9a-31b3-4089-a070-c5657effd927","firstParentID":"18f32056-7aea-415e-8b5d-c666b9307827","ID":"4806cb8a-c7d8-4360-aa47-c260f0b2e217","childs":null,"emcosID":null,"emcosMLID":null,"codMaketTEP":null,"codTEP":null,"WSName":"PS","rangeAddress":"$GM$99:$GM$135","headAddress":"$GM$99","bodyAddress":"$GM$100:$GM$135","_name":"СЧЕТЧИК"}},"emcosID":null,"emcosMLID":null,"codMaketTEP":null,"codTEP":null,"WSName":"PS","rangeAddress":"$GL$98:$GM$135","headAddress":"$GL$98:$GM$98","bodyAddress":"$GL$99:$GM$135","_name":"прием"},"отдача":{"_level":1,"parentID":"776169fb-5726-4cfd-8974-21337b5ec8dd","firstParentID":"18f32056-7aea-415e-8b5d-c666b9307827","ID":"db6a14b7-e31b-4cd8-92be-6376cb00c146","childs":{"по счетчику":{"_level":2,"parentID":"db6a14b7-e31b-4cd8-92be-6376cb00c146","firstParentID":"18f32056-7aea-415e-8b5d-c666b9307827","ID":"48c803e9-ffee-450f-b82d-a9b4f9bd9c87","childs":null,"emcosID":null,"emcosMLID":null,"codMaketTEP":null,"codTEP":null,"WSName":"PS","rangeAddress":"$GN$99:$GN$135","headAddress":"$GN$99","bodyAddress":"$GN$100:$GN$135","_name":"по счетчику"},"СЧЕТЧИК":{"_level":2,"parentID":"db6a14b7-e31b-4cd8-92be-6376cb00c146","firstParentID":"18f32056-7aea-415e-8b5d-c666b9307827","ID":"f20b4cdc-ed89-4d86-88e9-2b3e68fbd56b","childs":null,"emcosID":null,"emcosMLID":null,"codMaketTEP":null,"codTEP":null,"WSName":"PS","rangeAddress":"$GO$99:$GO$135","headAddress":"$GO$99","bodyAddress":"$GO$100:$GO$135","_name":"СЧЕТЧИК"}},"emcosID":null,"emcosMLID":null,"codMaketTEP":null,"codTEP":null,"WSName":"PS","rangeAddress":"$GN$98:$GO$135","headAddress":"$GN$98:$GO$98","bodyAddress":"$GN$99:$GO$135","_name":"отдача"}},"emcosID":null,"emcosMLID":null,"codMaketTEP":null,"codTEP":null,"WSName":"PS","rangeAddress":"$GL$97:$GO$135","headAddress":"$GL$97:$GO$97","bodyAddress":"$GL$98:$GO$135","_name":"КЛ49 ПС152 Талдыкорган"},"DB":{"_level":0,"parentID":"18f32056-7aea-415e-8b5d-c666b9307827","firstParentID":"18f32056-7aea-415e-8b5d-c666b9307827","ID":"eb71d2ce-40ea-429a-9c65-5dc4e1c4ae7e","childs":{"прием":{"_level":1,"parentID":"eb71d2ce-40ea-429a-9c65-5dc4e1c4ae7e","firstParentID":"18f32056-7aea-415e-8b5d-c666b9307827","ID":"630a2bd8-7683-4a72-a685-1a06c63c127b","childs":{"код":{"_level":2,"parentID":"630a2bd8-7683-4a72-a685-1a06c63c127b","firstParentID":"18f32056-7aea-415e-8b5d-c666b9307827","ID":"4cb6d036-d64b-498d-9566-99c02d64c981","childs":null,"emcosID":null,"emcosMLID":null,"codMaketTEP":null,"codTEP":null,"WSName":"DB","rangeAddress":"$FG$525:$FG$562","headAddress":"$FG$525","bodyAddress":"$FG$526:$FG$562","_name":"код"},"основное":{"_level":2,"parentID":"630a2bd8-7683-4a72-a685-1a06c63c127b","firstParentID":"18f32056-7aea-415e-8b5d-c666b9307827","ID":"d0d11e8f-6c41-45e9-853b-e0c6c3a78fba","childs":null,"emcosID":null,"emcosMLID":null,"codMaketTEP":null,"codTEP":null,"WSName":"DB","rangeAddress":"$FH$525:$FH$562","headAddress":"$FH$525","bodyAddress":"$FH$526:$FH$562","_name":"основное"},"корректировка факт":{"_level":2,"parentID":"630a2bd8-7683-4a72-a685-1a06c63c127b","firstParentID":"18f32056-7aea-415e-8b5d-c666b9307827","ID":"e068e5c7-d05e-4c9a-a24a-b3e9e97415e2","childs":null,"emcosID":null,"emcosMLID":null,"codMaketTEP":null,"codTEP":null,"WSName":"DB","rangeAddress":"$FI$525:$FI$562","headAddress":"$FI$525","bodyAddress":"$FI$526:$FI$562","_name":"корректировка факт"},"ручное":{"_level":2,"parentID":"630a2bd8-7683-4a72-a685-1a06c63c127b","firstParentID":"18f32056-7aea-415e-8b5d-c666b9307827","ID":"b3024853-01ed-4626-b204-644b3cc220f9","childs":null,"emcosID":null,"emcosMLID":null,"codMaketTEP":null,"codTEP":null,"WSName":"DB","rangeAddress":"$FJ$525:$FJ$562","headAddress":"$FJ$525","bodyAddress":"$FJ$526:$FJ$562","_name":"ручное"},"счетчик":{"_level":2,"parentID":"630a2bd8-7683-4a72-a685-1a06c63c127b","firstParentID":"18f32056-7aea-415e-8b5d-c666b9307827","ID":"4743987c-911a-4abc-b6a2-5982be7f980a","childs":null,"emcosID":null,"emcosMLID":null,"codMaketTEP":null,"codTEP":null,"WSName":"DB","rangeAddress":"$FK$525:$FK$562","headAddress":"$FK$525","bodyAddress":"$FK$526:$FK$562","_name":"счетчик"},"по счетчику":{"_level":2,"parentID":"630a2bd8-7683-4a72-a685-1a06c63c127b","firstParentID":"18f32056-7aea-415e-8b5d-c666b9307827","ID":"b7a2a700-9e8c-44e3-a153-e3d1ee487275","childs":null,"emcosID":null,"emcosMLID":null,"codMaketTEP":null,"codTEP":null,"WSName":"DB","rangeAddress":"$FL$525:$FL$562","headAddress":"$FL$525","bodyAddress":"$FL$526:$FL$562","_name":"по счетчику"}},"emcosID":null,"emcosMLID":null,"codMaketTEP":null,"codTEP":null,"WSName":"DB","rangeAddress":"$FG$524:$FL$562","headAddress":"$FG$524:$FL$524","bodyAddress":"$FG$525:$FL$562","_name":"прием"},"отдача":{"_level":1,"parentID":"eb71d2ce-40ea-429a-9c65-5dc4e1c4ae7e","firstParentID":"18f32056-7aea-415e-8b5d-c666b9307827","ID":"4f062d7d-bb23-4159-bd0f-f6b3eff8ee8d","childs":{"код":{"_level":2,"parentID":"4f062d7d-bb23-4159-bd0f-f6b3eff8ee8d","firstParentID":"18f32056-7aea-415e-8b5d-c666b9307827","ID":"834c2bab-fddb-420c-aee0-4517a8928c25","childs":null,"emcosID":null,"emcosMLID":null,"codMaketTEP":null,"codTEP":null,"WSName":"DB","rangeAddress":"$FM$525:$FM$562","headAddress":"$FM$525","bodyAddress":"$FM$526:$FM$562","_name":"код"},"основное":{"_level":2,"parentID":"4f062d7d-bb23-4159-bd0f-f6b3eff8ee8d","firstParentID":"18f32056-7aea-415e-8b5d-c666b9307827","ID":"e5108a5a-db10-442a-bf99-67a396083dd4","childs":null,"emcosID":null,"emcosMLID":null,"codMaketTEP":null,"codTEP":null,"WSName":"DB","rangeAddress":"$FN$525:$FN$562","headAddress":"$FN$525","bodyAddress":"$FN$526:$FN$562","_name":"основное"},"корректировка факт":{"_level":2,"parentID":"4f062d7d-bb23-4159-bd0f-f6b3eff8ee8d","firstParentID":"18f32056-7aea-415e-8b5d-c666b9307827","ID":"48e6c722-ccd1-4330-bf2e-3293e03fd7ac","childs":null,"emcosID":null,"emcosMLID":null,"codMaketTEP":null,"codTEP":null,"WSName":"DB","rangeAddress":"$FO$525:$FO$562","headAddress":"$FO$525","bodyAddress":"$FO$526:$FO$562","_name":"корректировка факт"},"ручное":{"_level":2,"parentID":"4f062d7d-bb23-4159-bd0f-f6b3eff8ee8d","firstParentID":"18f32056-7aea-415e-8b5d-c666b9307827","ID":"eab0c080-f8ea-4654-8d7b-79c8cbae4470","childs":null,"emcosID":null,"emcosMLID":null,"codMaketTEP":null,"codTEP":null,"WSName":"DB","rangeAddress":"$FP$525:$FP$562","headAddress":"$FP$525","bodyAddress":"$FP$526:$FP$562","_name":"ручное"},"счетчик":{"_level":2,"parentID":"4f062d7d-bb23-4159-bd0f-f6b3eff8ee8d","firstParentID":"18f32056-7aea-415e-8b5d-c666b9307827","ID":"f53be3cd-e8f2-4875-acb4-1c7c9e290279","childs":null,"emcosID":null,"emcosMLID":null,"codMaketTEP":null,"codTEP":null,"WSName":"DB","rangeAddress":"$FQ$525:$FQ$562","headAddress":"$FQ$525","bodyAddress":"$FQ$526:$FQ$562","_name":"счетчик"},"по счетчику":{"_level":2,"parentID":"4f062d7d-bb23-4159-bd0f-f6b3eff8ee8d","firstParentID":"18f32056-7aea-415e-8b5d-c666b9307827","ID":"6f3fd995-98f5-48b0-bcab-aa72b587ff54","childs":null,"emcosID":null,"emcosMLID":null,"codMaketTEP":null,"codTEP":null,"WSName":"DB","rangeAddress":"$FR$525:$FR$562","headAddress":"$FR$525","bodyAddress":"$FR$526:$FR$562","_name":"по счетчику"}},"emcosID":null,"emcosMLID":null,"codMaketTEP":null,"codTEP":null,"WSName":"DB","rangeAddress":"$FM$524:$FR$562","headAddress":"$FM$524:$FR$524","bodyAddress":"$FM$525:$FR$562","_name":"отдача"}},"emcosID":null,"emcosMLID":null,"codMaketTEP":null,"codTEP":null,"WSName":"DB","rangeAddress":"$FG$523:$FR$562","headAddress":"$FG$523:$FR$523","bodyAddress":"$FG$524:$FR$562","_name":"КЛ49 ПС152 Талдыкорган"}},"codPlan":null,"meterCoef":"2","_name":"КЛ49 ПС152 Талдыкорган"}