{"ID":"19bb749b-b73f-4bec-b858-808f37d03c5a","childs":{"PS":{"_level":0,"parentID":"19bb749b-b73f-4bec-b858-808f37d03c5a","firstParentID":"19bb749b-b73f-4bec-b858-808f37d03c5a","ID":"a9554ea5-bec5-435a-a755-93d510714fdf","childs":{"прием":{"_level":1,"parentID":"a9554ea5-bec5-435a-a755-93d510714fdf","firstParentID":"19bb749b-b73f-4bec-b858-808f37d03c5a","ID":"6cbc8555-aae8-4625-8571-76e3051d7a2c","childs":{"оперативное":{"_level":2,"parentID":"6cbc8555-aae8-4625-8571-76e3051d7a2c","firstParentID":"19bb749b-b73f-4bec-b858-808f37d03c5a","ID":"c00d9f80-c2b0-4b66-8744-38d42d291fba","childs":null,"emcosID":null,"emcosMLID":null,"codMaketTEP":null,"codTEP":null,"WSName":"PS","rangeAddress":"$W$228:$W$264","headAddress":"$W$228","bodyAddress":"$W$229:$W$264","_name":"оперативное"}},"emcosID":null,"emcosMLID":null,"codMaketTEP":1475,"codTEP":null,"WSName":"PS","rangeAddress":"$W$227:$W$264","headAddress":"$W$227","bodyAddress":"$W$228:$W$264","_name":"прием"}},"emcosID":null,"emcosMLID":null,"codMaketTEP":null,"codTEP":null,"WSName":"PS","rangeAddress":"$W$226:$W$264","headAddress":"$W$226","bodyAddress":"$W$227:$W$264","_name":"Потребление Энергокомпания Qaz Energy Жетысу"},"DB":{"_level":0,"parentID":"19bb749b-b73f-4bec-b858-808f37d03c5a","firstParentID":"19bb749b-b73f-4bec-b858-808f37d03c5a","ID":"5273e295-1535-4f50-a17e-f0c1a3a419dd","childs":{"прием":{"_level":1,"parentID":"5273e295-1535-4f50-a17e-f0c1a3a419dd","firstParentID":"19bb749b-b73f-4bec-b858-808f37d03c5a","ID":"8326fe65-a469-48e0-b5f0-3b656b32c890","childs":{"код":{"_level":2,"parentID":"8326fe65-a469-48e0-b5f0-3b656b32c890","firstParentID":"19bb749b-b73f-4bec-b858-808f37d03c5a","ID":"b0f090ab-ffe8-4044-82e3-310bae38cdd6","childs":null,"emcosID":null,"emcosMLID":null,"codMaketTEP":null,"codTEP":null,"WSName":"DB","rangeAddress":"$GF$396:$GF$433","headAddress":"$GF$396","bodyAddress":"$GF$397:$GF$433","_name":"код"},"основное":{"_level":2,"parentID":"8326fe65-a469-48e0-b5f0-3b656b32c890","firstParentID":"19bb749b-b73f-4bec-b858-808f37d03c5a","ID":"60104c9d-3458-47c3-aa23-03a2d356db3f","childs":null,"emcosID":null,"emcosMLID":null,"codMaketTEP":null,"codTEP":null,"WSName":"DB","rangeAddress":"$GG$396:$GG$433","headAddress":"$GG$396","bodyAddress":"$GG$397:$GG$433","_name":"основное"},"корректировка факт":{"_level":2,"parentID":"8326fe65-a469-48e0-b5f0-3b656b32c890","firstParentID":"19bb749b-b73f-4bec-b858-808f37d03c5a","ID":"61a698b5-cd80-48d5-951f-58c5df72a399","childs":null,"emcosID":null,"emcosMLID":null,"codMaketTEP":null,"codTEP":null,"WSName":"DB","rangeAddress":"$GH$396:$GH$433","headAddress":"$GH$396","bodyAddress":"$GH$397:$GH$433","_name":"корректировка факт"},"ручное":{"_level":2,"parentID":"8326fe65-a469-48e0-b5f0-3b656b32c890","firstParentID":"19bb749b-b73f-4bec-b858-808f37d03c5a","ID":"7f64b1dd-7a8f-4f66-a16a-fdb2f112ca57","childs":null,"emcosID":null,"emcosMLID":null,"codMaketTEP":null,"codTEP":null,"WSName":"DB","rangeAddress":"$GI$396:$GI$433","headAddress":"$GI$396","bodyAddress":"$GI$397:$GI$433","_name":"ручное"},"оперативное":{"_level":2,"parentID":"8326fe65-a469-48e0-b5f0-3b656b32c890","firstParentID":"19bb749b-b73f-4bec-b858-808f37d03c5a","ID":"c5810cf8-e29b-483b-a45a-258484136b18","childs":null,"emcosID":null,"emcosMLID":null,"codMaketTEP":null,"codTEP":null,"WSName":"DB","rangeAddress":"$GJ$396:$GJ$433","headAddress":"$GJ$396","bodyAddress":"$GJ$397:$GJ$433","_name":"оперативное"}},"emcosID":null,"emcosMLID":null,"codMaketTEP":null,"codTEP":null,"WSName":"DB","rangeAddress":"$GF$395:$GJ$433","headAddress":"$GF$395:$GJ$395","bodyAddress":"$GF$396:$GJ$433","_name":"прием"}},"emcosID":null,"emcosMLID":null,"codMaketTEP":null,"codTEP":null,"WSName":"DB","rangeAddress":"$GF$394:$GJ$433","headAddress":"$GF$394:$GJ$394","bodyAddress":"$GF$395:$GJ$433","_name":"Потребление Энергокомпания Qaz Energy Жетысу"}},"codPlan":null,"meterCoef":null,"_name":"Потребление Энергокомпания Qaz Energy Жетысу"}