{"ID":"1a717391-59ed-47b6-9e05-116c224556d2","childs":{"PS":{"_level":0,"parentID":"1a717391-59ed-47b6-9e05-116c224556d2","firstParentID":"1a717391-59ed-47b6-9e05-116c224556d2","ID":"8e5b180a-82f2-48dd-ac1e-8935b92f2c22","childs":{"прием":{"_level":1,"parentID":"8e5b180a-82f2-48dd-ac1e-8935b92f2c22","firstParentID":"1a717391-59ed-47b6-9e05-116c224556d2","ID":"92f0870a-0fe9-465c-a003-93d3fcf3bc2c","childs":{"по счетчику":{"_level":2,"parentID":"92f0870a-0fe9-465c-a003-93d3fcf3bc2c","firstParentID":"1a717391-59ed-47b6-9e05-116c224556d2","ID":"3611ee85-5e79-4e30-9c38-bc8c1799c42f","childs":null,"emcosID":null,"emcosMLID":null,"codMaketTEP":null,"codTEP":null,"WSName":"PS","rangeAddress":"$K$142:$K$178","headAddress":"$K$142","bodyAddress":"$K$143:$K$178","_name":"по счетчику"}},"emcosID":null,"emcosMLID":null,"codMaketTEP":null,"codTEP":null,"WSName":"PS","rangeAddress":"$K$141:$K$178","headAddress":"$K$141","bodyAddress":"$K$142:$K$178","_name":"прием"},"отдача":{"_level":1,"parentID":"8e5b180a-82f2-48dd-ac1e-8935b92f2c22","firstParentID":"1a717391-59ed-47b6-9e05-116c224556d2","ID":"b5a54332-0d46-44b2-b3bc-d72b9bf3827d","childs":{"по счетчику":{"_level":2,"parentID":"b5a54332-0d46-44b2-b3bc-d72b9bf3827d","firstParentID":"1a717391-59ed-47b6-9e05-116c224556d2","ID":"72e68a8b-b206-414a-ad05-0a0e126b4b62","childs":null,"emcosID":null,"emcosMLID":null,"codMaketTEP":null,"codTEP":null,"WSName":"PS","rangeAddress":"$L$142:$L$178","headAddress":"$L$142","bodyAddress":"$L$143:$L$178","_name":"по счетчику"}},"emcosID":null,"emcosMLID":null,"codMaketTEP":null,"codTEP":null,"WSName":"PS","rangeAddress":"$L$141:$L$178","headAddress":"$L$141","bodyAddress":"$L$142:$L$178","_name":"отдача"}},"emcosID":null,"emcosMLID":null,"codMaketTEP":null,"codTEP":null,"WSName":"PS","rangeAddress":"$K$140:$L$178","headAddress":"$K$140:$L$140","bodyAddress":"$K$141:$L$178","_name":"Л61 Водозабор"},"DB":{"_level":0,"parentID":"1a717391-59ed-47b6-9e05-116c224556d2","firstParentID":"1a717391-59ed-47b6-9e05-116c224556d2","ID":"e87df611-3785-4418-9e0b-399ccf572df7","childs":{"прием":{"_level":1,"parentID":"e87df611-3785-4418-9e0b-399ccf572df7","firstParentID":"1a717391-59ed-47b6-9e05-116c224556d2","ID":"57c6949c-9aa8-4df5-8b24-7720fa7ad96e","childs":{"код":{"_level":2,"parentID":"57c6949c-9aa8-4df5-8b24-7720fa7ad96e","firstParentID":"1a717391-59ed-47b6-9e05-116c224556d2","ID":"7976bce2-9371-4f5a-a1c7-a0090e9bcbba","childs":null,"emcosID":null,"emcosMLID":null,"codMaketTEP":null,"codTEP":null,"WSName":"DB","rangeAddress":"$BS$52:$BS$89","headAddress":"$BS$52","bodyAddress":"$BS$53:$BS$89","_name":"код"},"основное":{"_level":2,"parentID":"57c6949c-9aa8-4df5-8b24-7720fa7ad96e","firstParentID":"1a717391-59ed-47b6-9e05-116c224556d2","ID":"eab0b7b2-cc1b-4c91-ab17-dabfccf0ded0","childs":null,"emcosID":null,"emcosMLID":null,"codMaketTEP":null,"codTEP":null,"WSName":"DB","rangeAddress":"$BT$52:$BT$89","headAddress":"$BT$52","bodyAddress":"$BT$53:$BT$89","_name":"основное"},"корректировка факт":{"_level":2,"parentID":"57c6949c-9aa8-4df5-8b24-7720fa7ad96e","firstParentID":"1a717391-59ed-47b6-9e05-116c224556d2","ID":"fd37f318-2dd8-41c7-896a-3b17bcef4469","childs":null,"emcosID":null,"emcosMLID":null,"codMaketTEP":null,"codTEP":null,"WSName":"DB","rangeAddress":"$BU$52:$BU$89","headAddress":"$BU$52","bodyAddress":"$BU$53:$BU$89","_name":"корректировка факт"},"ручное":{"_level":2,"parentID":"57c6949c-9aa8-4df5-8b24-7720fa7ad96e","firstParentID":"1a717391-59ed-47b6-9e05-116c224556d2","ID":"7ea0eb32-1fe0-46f5-b0ff-cd29781b65fe","childs":null,"emcosID":null,"emcosMLID":null,"codMaketTEP":null,"codTEP":null,"WSName":"DB","rangeAddress":"$BV$52:$BV$89","headAddress":"$BV$52","bodyAddress":"$BV$53:$BV$89","_name":"ручное"},"счетчик":{"_level":2,"parentID":"57c6949c-9aa8-4df5-8b24-7720fa7ad96e","firstParentID":"1a717391-59ed-47b6-9e05-116c224556d2","ID":"f9213688-b21e-433c-9894-6d5a04c84b53","childs":null,"emcosID":null,"emcosMLID":null,"codMaketTEP":null,"codTEP":null,"WSName":"DB","rangeAddress":"$BW$52:$BW$89","headAddress":"$BW$52","bodyAddress":"$BW$53:$BW$89","_name":"счетчик"},"по счетчику":{"_level":2,"parentID":"57c6949c-9aa8-4df5-8b24-7720fa7ad96e","firstParentID":"1a717391-59ed-47b6-9e05-116c224556d2","ID":"a77e72dd-2a24-4d98-9756-8a9f9dc4bf52","childs":null,"emcosID":null,"emcosMLID":null,"codMaketTEP":null,"codTEP":null,"WSName":"DB","rangeAddress":"$BX$52:$BX$89","headAddress":"$BX$52","bodyAddress":"$BX$53:$BX$89","_name":"по счетчику"}},"emcosID":null,"emcosMLID":null,"codMaketTEP":null,"codTEP":null,"WSName":"DB","rangeAddress":"$BS$51:$BX$89","headAddress":"$BS$51:$BX$51","bodyAddress":"$BS$52:$BX$89","_name":"прием"},"отдача":{"_level":1,"parentID":"e87df611-3785-4418-9e0b-399ccf572df7","firstParentID":"1a717391-59ed-47b6-9e05-116c224556d2","ID":"647ec1f7-4ecc-4424-956a-0e429159163b","childs":{"код":{"_level":2,"parentID":"647ec1f7-4ecc-4424-956a-0e429159163b","firstParentID":"1a717391-59ed-47b6-9e05-116c224556d2","ID":"89b4b807-6f02-486d-b7bd-4934d4262d96","childs":null,"emcosID":null,"emcosMLID":null,"codMaketTEP":null,"codTEP":null,"WSName":"DB","rangeAddress":"$BY$52:$BY$89","headAddress":"$BY$52","bodyAddress":"$BY$53:$BY$89","_name":"код"},"основное":{"_level":2,"parentID":"647ec1f7-4ecc-4424-956a-0e429159163b","firstParentID":"1a717391-59ed-47b6-9e05-116c224556d2","ID":"5c015ad8-9617-4ffa-b0eb-8624e5b3f796","childs":null,"emcosID":null,"emcosMLID":null,"codMaketTEP":null,"codTEP":null,"WSName":"DB","rangeAddress":"$BZ$52:$BZ$89","headAddress":"$BZ$52","bodyAddress":"$BZ$53:$BZ$89","_name":"основное"},"корректировка факт":{"_level":2,"parentID":"647ec1f7-4ecc-4424-956a-0e429159163b","firstParentID":"1a717391-59ed-47b6-9e05-116c224556d2","ID":"10395735-0ed3-4ad4-be05-c364a13f1d8b","childs":null,"emcosID":null,"emcosMLID":null,"codMaketTEP":null,"codTEP":null,"WSName":"DB","rangeAddress":"$CA$52:$CA$89","headAddress":"$CA$52","bodyAddress":"$CA$53:$CA$89","_name":"корректировка факт"},"ручное":{"_level":2,"parentID":"647ec1f7-4ecc-4424-956a-0e429159163b","firstParentID":"1a717391-59ed-47b6-9e05-116c224556d2","ID":"c0ececcb-1e29-497d-a5c8-6d2c65467fa2","childs":null,"emcosID":null,"emcosMLID":null,"codMaketTEP":null,"codTEP":null,"WSName":"DB","rangeAddress":"$CB$52:$CB$89","headAddress":"$CB$52","bodyAddress":"$CB$53:$CB$89","_name":"ручное"},"счетчик":{"_level":2,"parentID":"647ec1f7-4ecc-4424-956a-0e429159163b","firstParentID":"1a717391-59ed-47b6-9e05-116c224556d2","ID":"b5042136-ae73-4ae0-a55d-c132c1636f7b","childs":null,"emcosID":null,"emcosMLID":null,"codMaketTEP":null,"codTEP":null,"WSName":"DB","rangeAddress":"$CC$52:$CC$89","headAddress":"$CC$52","bodyAddress":"$CC$53:$CC$89","_name":"счетчик"},"по счетчику":{"_level":2,"parentID":"647ec1f7-4ecc-4424-956a-0e429159163b","firstParentID":"1a717391-59ed-47b6-9e05-116c224556d2","ID":"a2a646f1-cde3-40f5-8102-0ba1bba9e0ae","childs":null,"emcosID":null,"emcosMLID":null,"codMaketTEP":null,"codTEP":null,"WSName":"DB","rangeAddress":"$CD$52:$CD$89","headAddress":"$CD$52","bodyAddress":"$CD$53:$CD$89","_name":"по счетчику"}},"emcosID":null,"emcosMLID":null,"codMaketTEP":null,"codTEP":null,"WSName":"DB","rangeAddress":"$BY$51:$CD$89","headAddress":"$BY$51:$CD$51","bodyAddress":"$BY$52:$CD$89","_name":"отдача"}},"emcosID":null,"emcosMLID":null,"codMaketTEP":null,"codTEP":null,"WSName":"DB","rangeAddress":"$BS$50:$CD$89","headAddress":"$BS$50:$CD$50","bodyAddress":"$BS$51:$CD$89","_name":"Л61 Водозабор"}},"codPlan":null,"meterCoef":"1,75","_name":"Л61 Водозабор"}