{"ID":"1b75def0-244c-4809-a6cc-c956f68b2096","childs":{"PS":{"_level":0,"parentID":"1b75def0-244c-4809-a6cc-c956f68b2096","firstParentID":"1b75def0-244c-4809-a6cc-c956f68b2096","ID":"6ae41f77-920d-4ad6-8a4a-7ee3bd9b6a5c","childs":{"прием":{"_level":1,"parentID":"6ae41f77-920d-4ad6-8a4a-7ee3bd9b6a5c","firstParentID":"1b75def0-244c-4809-a6cc-c956f68b2096","ID":"ad1411e5-e7bc-4dc3-9916-3df9586611db","childs":{"оперативное":{"_level":2,"parentID":"ad1411e5-e7bc-4dc3-9916-3df9586611db","firstParentID":"1b75def0-244c-4809-a6cc-c956f68b2096","ID":"a303e307-ce94-4577-a4bb-8a717d22b3a4","childs":null,"emcosID":null,"emcosMLID":null,"codMaketTEP":null,"codTEP":null,"WSName":"PS","rangeAddress":"$JO$99:$JO$135","headAddress":"$JO$99","bodyAddress":"$JO$100:$JO$135","_name":"оперативное"}},"emcosID":null,"emcosMLID":null,"codMaketTEP":null,"codTEP":null,"WSName":"PS","rangeAddress":"$JO$98:$JO$135","headAddress":"$JO$98","bodyAddress":"$JO$99:$JO$135","_name":"прием"},"отдача":{"_level":1,"parentID":"6ae41f77-920d-4ad6-8a4a-7ee3bd9b6a5c","firstParentID":"1b75def0-244c-4809-a6cc-c956f68b2096","ID":"2c648f99-79cf-43e2-ad5d-0195463a351e","childs":{"оперативное":{"_level":2,"parentID":"2c648f99-79cf-43e2-ad5d-0195463a351e","firstParentID":"1b75def0-244c-4809-a6cc-c956f68b2096","ID":"6517d805-fc0b-4ff4-a696-7320af6af481","childs":null,"emcosID":null,"emcosMLID":null,"codMaketTEP":null,"codTEP":null,"WSName":"PS","rangeAddress":"$JP$99:$JP$135","headAddress":"$JP$99","bodyAddress":"$JP$100:$JP$135","_name":"оперативное"}},"emcosID":null,"emcosMLID":null,"codMaketTEP":null,"codTEP":null,"WSName":"PS","rangeAddress":"$JP$98:$JP$135","headAddress":"$JP$98","bodyAddress":"$JP$99:$JP$135","_name":"отдача"}},"emcosID":null,"emcosMLID":null,"codMaketTEP":null,"codTEP":null,"WSName":"PS","rangeAddress":"$JO$97:$JP$135","headAddress":"$JO$97:$JP$97","bodyAddress":"$JO$98:$JP$135","_name":"Л2133 КГЭС"},"DB":{"_level":0,"parentID":"1b75def0-244c-4809-a6cc-c956f68b2096","firstParentID":"1b75def0-244c-4809-a6cc-c956f68b2096","ID":"4a5574c3-d509-448b-a697-d8c7f05d3023","childs":{"прием":{"_level":1,"parentID":"4a5574c3-d509-448b-a697-d8c7f05d3023","firstParentID":"1b75def0-244c-4809-a6cc-c956f68b2096","ID":"1a4cd28b-dc18-4e92-bbed-e3f453f8f5fc","childs":{"код":{"_level":2,"parentID":"1a4cd28b-dc18-4e92-bbed-e3f453f8f5fc","firstParentID":"1b75def0-244c-4809-a6cc-c956f68b2096","ID":"f3e6c08e-fd37-4a93-a1ba-7b7f926d8391","childs":null,"emcosID":null,"emcosMLID":null,"codMaketTEP":null,"codTEP":null,"WSName":"DB","rangeAddress":"$HM$95:$HM$132","headAddress":"$HM$95","bodyAddress":"$HM$96:$HM$132","_name":"код"},"основное":{"_level":2,"parentID":"1a4cd28b-dc18-4e92-bbed-e3f453f8f5fc","firstParentID":"1b75def0-244c-4809-a6cc-c956f68b2096","ID":"4d3834df-a717-4d3c-b82d-75ac53678d65","childs":null,"emcosID":null,"emcosMLID":null,"codMaketTEP":null,"codTEP":null,"WSName":"DB","rangeAddress":"$HN$95:$HN$132","headAddress":"$HN$95","bodyAddress":"$HN$96:$HN$132","_name":"основное"},"корректировка факт":{"_level":2,"parentID":"1a4cd28b-dc18-4e92-bbed-e3f453f8f5fc","firstParentID":"1b75def0-244c-4809-a6cc-c956f68b2096","ID":"e17e323f-4b6d-4433-88be-2174a2df996c","childs":null,"emcosID":null,"emcosMLID":null,"codMaketTEP":null,"codTEP":null,"WSName":"DB","rangeAddress":"$HO$95:$HO$132","headAddress":"$HO$95","bodyAddress":"$HO$96:$HO$132","_name":"корректировка факт"},"ручное":{"_level":2,"parentID":"1a4cd28b-dc18-4e92-bbed-e3f453f8f5fc","firstParentID":"1b75def0-244c-4809-a6cc-c956f68b2096","ID":"8c71eca6-87ce-4599-b900-e3c8d8c47507","childs":null,"emcosID":null,"emcosMLID":null,"codMaketTEP":null,"codTEP":null,"WSName":"DB","rangeAddress":"$HP$95:$HP$132","headAddress":"$HP$95","bodyAddress":"$HP$96:$HP$132","_name":"ручное"},"оперативное":{"_level":2,"parentID":"1a4cd28b-dc18-4e92-bbed-e3f453f8f5fc","firstParentID":"1b75def0-244c-4809-a6cc-c956f68b2096","ID":"5df22632-a744-4ef1-9dbf-9c47bcc04f6b","childs":null,"emcosID":null,"emcosMLID":null,"codMaketTEP":null,"codTEP":null,"WSName":"DB","rangeAddress":"$HQ$95:$HQ$132","headAddress":"$HQ$95","bodyAddress":"$HQ$96:$HQ$132","_name":"оперативное"}},"emcosID":null,"emcosMLID":null,"codMaketTEP":null,"codTEP":null,"WSName":"DB","rangeAddress":"$HM$94:$HQ$132","headAddress":"$HM$94:$HQ$94","bodyAddress":"$HM$95:$HQ$132","_name":"прием"},"отдача":{"_level":1,"parentID":"4a5574c3-d509-448b-a697-d8c7f05d3023","firstParentID":"1b75def0-244c-4809-a6cc-c956f68b2096","ID":"802ebb45-5aa6-46c0-b1a9-1e23d7856467","childs":{"код":{"_level":2,"parentID":"802ebb45-5aa6-46c0-b1a9-1e23d7856467","firstParentID":"1b75def0-244c-4809-a6cc-c956f68b2096","ID":"8747ceca-fc69-47cf-a0a2-40862c8682b3","childs":null,"emcosID":null,"emcosMLID":null,"codMaketTEP":null,"codTEP":null,"WSName":"DB","rangeAddress":"$HR$95:$HR$132","headAddress":"$HR$95","bodyAddress":"$HR$96:$HR$132","_name":"код"},"основное":{"_level":2,"parentID":"802ebb45-5aa6-46c0-b1a9-1e23d7856467","firstParentID":"1b75def0-244c-4809-a6cc-c956f68b2096","ID":"9bb96a96-fad0-4e50-99c7-78cf65ad7a9e","childs":null,"emcosID":null,"emcosMLID":null,"codMaketTEP":null,"codTEP":null,"WSName":"DB","rangeAddress":"$HS$95:$HS$132","headAddress":"$HS$95","bodyAddress":"$HS$96:$HS$132","_name":"основное"},"корректировка факт":{"_level":2,"parentID":"802ebb45-5aa6-46c0-b1a9-1e23d7856467","firstParentID":"1b75def0-244c-4809-a6cc-c956f68b2096","ID":"5d2cd879-faf6-466a-86ae-4d845e27a9fa","childs":null,"emcosID":null,"emcosMLID":null,"codMaketTEP":null,"codTEP":null,"WSName":"DB","rangeAddress":"$HT$95:$HT$132","headAddress":"$HT$95","bodyAddress":"$HT$96:$HT$132","_name":"корректировка факт"},"ручное":{"_level":2,"parentID":"802ebb45-5aa6-46c0-b1a9-1e23d7856467","firstParentID":"1b75def0-244c-4809-a6cc-c956f68b2096","ID":"651022a5-8f90-4e57-ad1f-d49a72e968f7","childs":null,"emcosID":null,"emcosMLID":null,"codMaketTEP":null,"codTEP":null,"WSName":"DB","rangeAddress":"$HU$95:$HU$132","headAddress":"$HU$95","bodyAddress":"$HU$96:$HU$132","_name":"ручное"},"оперативное":{"_level":2,"parentID":"802ebb45-5aa6-46c0-b1a9-1e23d7856467","firstParentID":"1b75def0-244c-4809-a6cc-c956f68b2096","ID":"be064e03-53e8-4518-b7a9-4c50a56746cb","childs":null,"emcosID":null,"emcosMLID":null,"codMaketTEP":null,"codTEP":null,"WSName":"DB","rangeAddress":"$HV$95:$HV$132","headAddress":"$HV$95","bodyAddress":"$HV$96:$HV$132","_name":"оперативное"}},"emcosID":null,"emcosMLID":null,"codMaketTEP":null,"codTEP":null,"WSName":"DB","rangeAddress":"$HR$94:$HV$132","headAddress":"$HR$94:$HV$94","bodyAddress":"$HR$95:$HV$132","_name":"отдача"}},"emcosID":null,"emcosMLID":null,"codMaketTEP":null,"codTEP":null,"WSName":"DB","rangeAddress":"$HM$93:$HV$132","headAddress":"$HM$93:$HV$93","bodyAddress":"$HM$94:$HV$132","_name":"Л2133 КГЭС"}},"codPlan":null,"meterCoef":null,"_name":"Л2133 КГЭС"}