{"ID":"1cefcb73-b367-48fa-8bc3-127a7a7d4f24","childs":{"PS":{"_level":0,"parentID":"1cefcb73-b367-48fa-8bc3-127a7a7d4f24","firstParentID":"1cefcb73-b367-48fa-8bc3-127a7a7d4f24","ID":"85f54672-3f9a-40f4-a72b-88b47c29c93f","childs":{"отдача":{"_level":1,"parentID":"85f54672-3f9a-40f4-a72b-88b47c29c93f","firstParentID":"1cefcb73-b367-48fa-8bc3-127a7a7d4f24","ID":"2a8fcdde-1758-445b-a38b-c3a06b4b1dad","childs":{"по счетчику":{"_level":2,"parentID":"2a8fcdde-1758-445b-a38b-c3a06b4b1dad","firstParentID":"1cefcb73-b367-48fa-8bc3-127a7a7d4f24","ID":"2b5b95a6-a868-4559-aa67-2f32a9836755","childs":null,"emcosID":null,"emcosMLID":null,"codMaketTEP":null,"codTEP":null,"WSName":"PS","rangeAddress":"$FM$99:$FM$135","headAddress":"$FM$99","bodyAddress":"$FM$100:$FM$135","_name":"по счетчику"},"СЧЕТЧИК":{"_level":2,"parentID":"2a8fcdde-1758-445b-a38b-c3a06b4b1dad","firstParentID":"1cefcb73-b367-48fa-8bc3-127a7a7d4f24","ID":"24a99b36-d9cf-4b1d-9293-1884f632c1dd","childs":null,"emcosID":null,"emcosMLID":null,"codMaketTEP":null,"codTEP":null,"WSName":"PS","rangeAddress":"$FN$99:$FN$135","headAddress":"$FN$99","bodyAddress":"$FN$100:$FN$135","_name":"СЧЕТЧИК"}},"emcosID":null,"emcosMLID":null,"codMaketTEP":null,"codTEP":null,"WSName":"PS","rangeAddress":"$FM$98:$FN$135","headAddress":"$FM$98:$FN$98","bodyAddress":"$FM$99:$FN$135","_name":"отдача"}},"emcosID":null,"emcosMLID":null,"codMaketTEP":null,"codTEP":null,"WSName":"PS","rangeAddress":"$FM$97:$FN$135","headAddress":"$FM$97:$FN$97","bodyAddress":"$FM$98:$FN$135","_name":"КЛ62 ПС152 Талдыкорган"},"DB":{"_level":0,"parentID":"1cefcb73-b367-48fa-8bc3-127a7a7d4f24","firstParentID":"1cefcb73-b367-48fa-8bc3-127a7a7d4f24","ID":"cbc625cb-0e6d-454c-93d5-5ebad2cadadd","childs":{"отдача":{"_level":1,"parentID":"cbc625cb-0e6d-454c-93d5-5ebad2cadadd","firstParentID":"1cefcb73-b367-48fa-8bc3-127a7a7d4f24","ID":"6066e551-d41b-4653-ae8d-122f5505527f","childs":{"код":{"_level":2,"parentID":"6066e551-d41b-4653-ae8d-122f5505527f","firstParentID":"1cefcb73-b367-48fa-8bc3-127a7a7d4f24","ID":"77bb78b6-5ce4-4d74-8480-6fd5eac77a6c","childs":null,"emcosID":null,"emcosMLID":null,"codMaketTEP":null,"codTEP":null,"WSName":"DB","rangeAddress":"$DA$525:$DA$562","headAddress":"$DA$525","bodyAddress":"$DA$526:$DA$562","_name":"код"},"основное":{"_level":2,"parentID":"6066e551-d41b-4653-ae8d-122f5505527f","firstParentID":"1cefcb73-b367-48fa-8bc3-127a7a7d4f24","ID":"b132e32d-d9c5-467c-8609-496c20dfc4fe","childs":null,"emcosID":null,"emcosMLID":null,"codMaketTEP":null,"codTEP":null,"WSName":"DB","rangeAddress":"$DB$525:$DB$562","headAddress":"$DB$525","bodyAddress":"$DB$526:$DB$562","_name":"основное"},"корректировка факт":{"_level":2,"parentID":"6066e551-d41b-4653-ae8d-122f5505527f","firstParentID":"1cefcb73-b367-48fa-8bc3-127a7a7d4f24","ID":"0629b302-2970-4ab9-9788-a5a598fd7a38","childs":null,"emcosID":null,"emcosMLID":null,"codMaketTEP":null,"codTEP":null,"WSName":"DB","rangeAddress":"$DC$525:$DC$562","headAddress":"$DC$525","bodyAddress":"$DC$526:$DC$562","_name":"корректировка факт"},"ручное":{"_level":2,"parentID":"6066e551-d41b-4653-ae8d-122f5505527f","firstParentID":"1cefcb73-b367-48fa-8bc3-127a7a7d4f24","ID":"42bf9d00-74f7-43dd-9489-aedfe3e807fc","childs":null,"emcosID":null,"emcosMLID":null,"codMaketTEP":null,"codTEP":null,"WSName":"DB","rangeAddress":"$DD$525:$DD$562","headAddress":"$DD$525","bodyAddress":"$DD$526:$DD$562","_name":"ручное"},"счетчик":{"_level":2,"parentID":"6066e551-d41b-4653-ae8d-122f5505527f","firstParentID":"1cefcb73-b367-48fa-8bc3-127a7a7d4f24","ID":"ab65c125-f98e-4e05-82e8-f2ecd663239b","childs":null,"emcosID":null,"emcosMLID":null,"codMaketTEP":null,"codTEP":null,"WSName":"DB","rangeAddress":"$DE$525:$DE$562","headAddress":"$DE$525","bodyAddress":"$DE$526:$DE$562","_name":"счетчик"},"по счетчику":{"_level":2,"parentID":"6066e551-d41b-4653-ae8d-122f5505527f","firstParentID":"1cefcb73-b367-48fa-8bc3-127a7a7d4f24","ID":"e8e713c5-fd30-444c-81e0-53228882ab19","childs":null,"emcosID":null,"emcosMLID":null,"codMaketTEP":null,"codTEP":null,"WSName":"DB","rangeAddress":"$DF$525:$DF$562","headAddress":"$DF$525","bodyAddress":"$DF$526:$DF$562","_name":"по счетчику"}},"emcosID":null,"emcosMLID":null,"codMaketTEP":null,"codTEP":null,"WSName":"DB","rangeAddress":"$DA$524:$DF$562","headAddress":"$DA$524:$DF$524","bodyAddress":"$DA$525:$DF$562","_name":"отдача"}},"emcosID":null,"emcosMLID":null,"codMaketTEP":null,"codTEP":null,"WSName":"DB","rangeAddress":"$DA$523:$DF$562","headAddress":"$DA$523:$DF$523","bodyAddress":"$DA$524:$DF$562","_name":"КЛ62 ПС152 Талдыкорган"}},"codPlan":null,"meterCoef":"6","_name":"КЛ62 ПС152 Талдыкорган"}