{"ID":"1d95e2d2-2cb3-4d2d-bf64-86b468ca22b4","childs":{"PS":{"_level":0,"parentID":"1d95e2d2-2cb3-4d2d-bf64-86b468ca22b4","firstParentID":"1d95e2d2-2cb3-4d2d-bf64-86b468ca22b4","ID":"973f0583-9b57-44c9-806d-ba683b0a5b36","childs":{"отдача":{"_level":1,"parentID":"973f0583-9b57-44c9-806d-ba683b0a5b36","firstParentID":"1d95e2d2-2cb3-4d2d-bf64-86b468ca22b4","ID":"20e3deed-ce5e-4eae-8cc8-4167d39b060b","childs":{"оперативное":{"_level":2,"parentID":"20e3deed-ce5e-4eae-8cc8-4167d39b060b","firstParentID":"1d95e2d2-2cb3-4d2d-bf64-86b468ca22b4","ID":"2a2192c5-85d3-4d15-b8ce-f8e18ca95264","childs":null,"emcosID":null,"emcosMLID":null,"codMaketTEP":null,"codTEP":null,"WSName":"PS","rangeAddress":"$DX$185:$DX$221","headAddress":"$DX$185","bodyAddress":"$DX$186:$DX$221","_name":"оперативное"}},"emcosID":null,"emcosMLID":null,"codMaketTEP":null,"codTEP":null,"WSName":"PS","rangeAddress":"$DX$184:$DX$221","headAddress":"$DX$184","bodyAddress":"$DX$185:$DX$221","_name":"отдача"}},"emcosID":null,"emcosMLID":null,"codMaketTEP":null,"codTEP":null,"WSName":"PS","rangeAddress":"$DX$183:$DX$221","headAddress":"$DX$183","bodyAddress":"$DX$184:$DX$221","_name":"Генерация Капшагай Солар Парк"},"DB":{"_level":0,"parentID":"1d95e2d2-2cb3-4d2d-bf64-86b468ca22b4","firstParentID":"1d95e2d2-2cb3-4d2d-bf64-86b468ca22b4","ID":"819135c5-1e29-4dac-a06d-706a62437829","childs":{"отдача":{"_level":1,"parentID":"819135c5-1e29-4dac-a06d-706a62437829","firstParentID":"1d95e2d2-2cb3-4d2d-bf64-86b468ca22b4","ID":"2c29ceb1-21d1-4706-8917-4387b242b6c4","childs":{"код":{"_level":2,"parentID":"2c29ceb1-21d1-4706-8917-4387b242b6c4","firstParentID":"1d95e2d2-2cb3-4d2d-bf64-86b468ca22b4","ID":"64dd7043-4114-4e11-9d3d-122aa186d658","childs":null,"emcosID":null,"emcosMLID":null,"codMaketTEP":null,"codTEP":null,"WSName":"DB","rangeAddress":"$DP$267:$DP$304","headAddress":"$DP$267","bodyAddress":"$DP$268:$DP$304","_name":"код"},"основное":{"_level":2,"parentID":"2c29ceb1-21d1-4706-8917-4387b242b6c4","firstParentID":"1d95e2d2-2cb3-4d2d-bf64-86b468ca22b4","ID":"0f2904f5-3390-4781-82a8-dc3775fb9901","childs":null,"emcosID":null,"emcosMLID":null,"codMaketTEP":null,"codTEP":null,"WSName":"DB","rangeAddress":"$DQ$267:$DQ$304","headAddress":"$DQ$267","bodyAddress":"$DQ$268:$DQ$304","_name":"основное"},"корректировка факт":{"_level":2,"parentID":"2c29ceb1-21d1-4706-8917-4387b242b6c4","firstParentID":"1d95e2d2-2cb3-4d2d-bf64-86b468ca22b4","ID":"66ec5423-b5e3-47dd-bb01-59701fd297b6","childs":null,"emcosID":null,"emcosMLID":null,"codMaketTEP":null,"codTEP":null,"WSName":"DB","rangeAddress":"$DR$267:$DR$304","headAddress":"$DR$267","bodyAddress":"$DR$268:$DR$304","_name":"корректировка факт"},"ручное":{"_level":2,"parentID":"2c29ceb1-21d1-4706-8917-4387b242b6c4","firstParentID":"1d95e2d2-2cb3-4d2d-bf64-86b468ca22b4","ID":"53af8217-85f6-4006-9972-abbe08764170","childs":null,"emcosID":null,"emcosMLID":null,"codMaketTEP":null,"codTEP":null,"WSName":"DB","rangeAddress":"$DS$267:$DS$304","headAddress":"$DS$267","bodyAddress":"$DS$268:$DS$304","_name":"ручное"},"оперативное":{"_level":2,"parentID":"2c29ceb1-21d1-4706-8917-4387b242b6c4","firstParentID":"1d95e2d2-2cb3-4d2d-bf64-86b468ca22b4","ID":"8e048dca-fc66-468c-b3f5-f424f93a02de","childs":null,"emcosID":null,"emcosMLID":null,"codMaketTEP":null,"codTEP":null,"WSName":"DB","rangeAddress":"$DT$267:$DT$304","headAddress":"$DT$267","bodyAddress":"$DT$268:$DT$304","_name":"оперативное"}},"emcosID":null,"emcosMLID":null,"codMaketTEP":null,"codTEP":null,"WSName":"DB","rangeAddress":"$DP$266:$DT$304","headAddress":"$DP$266:$DT$266","bodyAddress":"$DP$267:$DT$304","_name":"отдача"}},"emcosID":null,"emcosMLID":null,"codMaketTEP":null,"codTEP":null,"WSName":"DB","rangeAddress":"$DP$265:$DT$304","headAddress":"$DP$265:$DT$265","bodyAddress":"$DP$266:$DT$304","_name":"Генерация Капшагай Солар Парк"}},"codPlan":null,"meterCoef":null,"_name":"Генерация Капшагай Солар Парк"}