{"ID":"1de9d9f8-1804-45d3-ad90-ef7995a8ddca","childs":{"PS":{"_level":0,"parentID":"1de9d9f8-1804-45d3-ad90-ef7995a8ddca","firstParentID":"1de9d9f8-1804-45d3-ad90-ef7995a8ddca","ID":"de5853e8-f05e-42e8-a4fe-f1dbe1458ca9","childs":{"прием":{"_level":1,"parentID":"de5853e8-f05e-42e8-a4fe-f1dbe1458ca9","firstParentID":"1de9d9f8-1804-45d3-ad90-ef7995a8ddca","ID":"5721ba7f-ac11-4e8b-ba22-f73be39e0650","childs":{"ручное":{"_level":2,"parentID":"5721ba7f-ac11-4e8b-ba22-f73be39e0650","firstParentID":"1de9d9f8-1804-45d3-ad90-ef7995a8ddca","ID":"4cab0c69-08a6-4559-a628-0afcb1b21188","childs":null,"emcosID":null,"emcosMLID":null,"codMaketTEP":null,"codTEP":null,"WSName":"PS","rangeAddress":"$HM$99:$HM$135","headAddress":"$HM$99","bodyAddress":"$HM$100:$HM$135","_name":"ручное"}},"emcosID":null,"emcosMLID":null,"codMaketTEP":null,"codTEP":null,"WSName":"PS","rangeAddress":"$HM$98:$HM$135","headAddress":"$HM$98","bodyAddress":"$HM$99:$HM$135","_name":"прием"},"отдача":{"_level":1,"parentID":"de5853e8-f05e-42e8-a4fe-f1dbe1458ca9","firstParentID":"1de9d9f8-1804-45d3-ad90-ef7995a8ddca","ID":"b881a5e8-4a5d-459d-b507-423bde427bdb","childs":{"ручное":{"_level":2,"parentID":"b881a5e8-4a5d-459d-b507-423bde427bdb","firstParentID":"1de9d9f8-1804-45d3-ad90-ef7995a8ddca","ID":"46ba969f-9fcc-4690-8bb3-e9380e5c5da1","childs":null,"emcosID":null,"emcosMLID":null,"codMaketTEP":null,"codTEP":null,"WSName":"PS","rangeAddress":"$HN$99:$HN$135","headAddress":"$HN$99","bodyAddress":"$HN$100:$HN$135","_name":"ручное"}},"emcosID":null,"emcosMLID":null,"codMaketTEP":null,"codTEP":null,"WSName":"PS","rangeAddress":"$HN$98:$HN$135","headAddress":"$HN$98","bodyAddress":"$HN$99:$HN$135","_name":"отдача"}},"emcosID":null,"emcosMLID":null,"codMaketTEP":null,"codTEP":null,"WSName":"PS","rangeAddress":"$HM$97:$HN$135","headAddress":"$HM$97:$HN$97","bodyAddress":"$HM$98:$HN$135","_name":"Л2133 Робот 143А"},"DB":{"_level":0,"parentID":"1de9d9f8-1804-45d3-ad90-ef7995a8ddca","firstParentID":"1de9d9f8-1804-45d3-ad90-ef7995a8ddca","ID":"13f1f153-07b1-4ba2-95e4-69073f4bbf96","childs":{"прием":{"_level":1,"parentID":"13f1f153-07b1-4ba2-95e4-69073f4bbf96","firstParentID":"1de9d9f8-1804-45d3-ad90-ef7995a8ddca","ID":"513f1d6d-786a-4df6-bb98-5cdb8e4f23f7","childs":{"код":{"_level":2,"parentID":"513f1d6d-786a-4df6-bb98-5cdb8e4f23f7","firstParentID":"1de9d9f8-1804-45d3-ad90-ef7995a8ddca","ID":"4f991fc0-b5d5-4a40-90bb-6b3fca66c867","childs":null,"emcosID":null,"emcosMLID":null,"codMaketTEP":null,"codTEP":null,"WSName":"DB","rangeAddress":"$DK$95:$DK$132","headAddress":"$DK$95","bodyAddress":"$DK$96:$DK$132","_name":"код"},"основное":{"_level":2,"parentID":"513f1d6d-786a-4df6-bb98-5cdb8e4f23f7","firstParentID":"1de9d9f8-1804-45d3-ad90-ef7995a8ddca","ID":"fd46162c-7a94-4e25-a538-deb05a48e9bb","childs":null,"emcosID":null,"emcosMLID":null,"codMaketTEP":null,"codTEP":null,"WSName":"DB","rangeAddress":"$DL$95:$DL$132","headAddress":"$DL$95","bodyAddress":"$DL$96:$DL$132","_name":"основное"},"корректировка факт":{"_level":2,"parentID":"513f1d6d-786a-4df6-bb98-5cdb8e4f23f7","firstParentID":"1de9d9f8-1804-45d3-ad90-ef7995a8ddca","ID":"540a7d1b-03e9-4d63-b51d-d514601baf7d","childs":null,"emcosID":null,"emcosMLID":null,"codMaketTEP":null,"codTEP":null,"WSName":"DB","rangeAddress":"$DM$95:$DM$132","headAddress":"$DM$95","bodyAddress":"$DM$96:$DM$132","_name":"корректировка факт"},"ручное":{"_level":2,"parentID":"513f1d6d-786a-4df6-bb98-5cdb8e4f23f7","firstParentID":"1de9d9f8-1804-45d3-ad90-ef7995a8ddca","ID":"c4a9edc6-d0a2-4d0d-bb0d-3f6a1f03f30d","childs":null,"emcosID":null,"emcosMLID":null,"codMaketTEP":null,"codTEP":null,"WSName":"DB","rangeAddress":"$DN$95:$DN$132","headAddress":"$DN$95","bodyAddress":"$DN$96:$DN$132","_name":"ручное"}},"emcosID":null,"emcosMLID":null,"codMaketTEP":null,"codTEP":null,"WSName":"DB","rangeAddress":"$DK$94:$DN$132","headAddress":"$DK$94:$DN$94","bodyAddress":"$DK$95:$DN$132","_name":"прием"},"отдача":{"_level":1,"parentID":"13f1f153-07b1-4ba2-95e4-69073f4bbf96","firstParentID":"1de9d9f8-1804-45d3-ad90-ef7995a8ddca","ID":"87ed3fda-1436-4af6-8b24-3bf42babb106","childs":{"код":{"_level":2,"parentID":"87ed3fda-1436-4af6-8b24-3bf42babb106","firstParentID":"1de9d9f8-1804-45d3-ad90-ef7995a8ddca","ID":"d3d2c0e7-68fa-41a4-8172-99da653f777d","childs":null,"emcosID":null,"emcosMLID":null,"codMaketTEP":null,"codTEP":null,"WSName":"DB","rangeAddress":"$DO$95:$DO$132","headAddress":"$DO$95","bodyAddress":"$DO$96:$DO$132","_name":"код"},"основное":{"_level":2,"parentID":"87ed3fda-1436-4af6-8b24-3bf42babb106","firstParentID":"1de9d9f8-1804-45d3-ad90-ef7995a8ddca","ID":"7790dd63-90da-42f2-ade1-5068044d7484","childs":null,"emcosID":null,"emcosMLID":null,"codMaketTEP":null,"codTEP":null,"WSName":"DB","rangeAddress":"$DP$95:$DP$132","headAddress":"$DP$95","bodyAddress":"$DP$96:$DP$132","_name":"основное"},"корректировка факт":{"_level":2,"parentID":"87ed3fda-1436-4af6-8b24-3bf42babb106","firstParentID":"1de9d9f8-1804-45d3-ad90-ef7995a8ddca","ID":"cb8b2b34-d575-43cc-839f-d5b264becdf8","childs":null,"emcosID":null,"emcosMLID":null,"codMaketTEP":null,"codTEP":null,"WSName":"DB","rangeAddress":"$DQ$95:$DQ$132","headAddress":"$DQ$95","bodyAddress":"$DQ$96:$DQ$132","_name":"корректировка факт"},"ручное":{"_level":2,"parentID":"87ed3fda-1436-4af6-8b24-3bf42babb106","firstParentID":"1de9d9f8-1804-45d3-ad90-ef7995a8ddca","ID":"34063c93-54d1-47d4-98a9-0c21c2330610","childs":null,"emcosID":null,"emcosMLID":null,"codMaketTEP":null,"codTEP":null,"WSName":"DB","rangeAddress":"$DR$95:$DR$132","headAddress":"$DR$95","bodyAddress":"$DR$96:$DR$132","_name":"ручное"}},"emcosID":null,"emcosMLID":null,"codMaketTEP":null,"codTEP":null,"WSName":"DB","rangeAddress":"$DO$94:$DR$132","headAddress":"$DO$94:$DR$94","bodyAddress":"$DO$95:$DR$132","_name":"отдача"}},"emcosID":null,"emcosMLID":null,"codMaketTEP":null,"codTEP":null,"WSName":"DB","rangeAddress":"$DK$93:$DR$132","headAddress":"$DK$93:$DR$93","bodyAddress":"$DK$94:$DR$132","_name":"Л2133 Робот 143А"}},"codPlan":null,"meterCoef":null,"_name":"Л2133 Робот 143А"}