{"ID":"1e8c0d3c-811d-4125-8499-6fcb33aa60df","childs":{"PS":{"_level":0,"parentID":"1e8c0d3c-811d-4125-8499-6fcb33aa60df","firstParentID":"1e8c0d3c-811d-4125-8499-6fcb33aa60df","ID":"b42d946c-a859-40ae-bb7f-87c2ae69f00d","childs":{"прием":{"_level":1,"parentID":"b42d946c-a859-40ae-bb7f-87c2ae69f00d","firstParentID":"1e8c0d3c-811d-4125-8499-6fcb33aa60df","ID":"27e88665-08c8-42f3-99e3-9acb44040da7","childs":{"формула":{"_level":2,"parentID":"27e88665-08c8-42f3-99e3-9acb44040da7","firstParentID":"1e8c0d3c-811d-4125-8499-6fcb33aa60df","ID":"e4d5c900-4674-400e-95ab-b8c7e464536e","childs":null,"emcosID":null,"emcosMLID":null,"codMaketTEP":null,"codTEP":null,"WSName":"PS","rangeAddress":"$B$185:$B$221","headAddress":"$B$185","bodyAddress":"$B$186:$B$221","_name":"формула"}},"emcosID":null,"emcosMLID":null,"codMaketTEP":null,"codTEP":null,"WSName":"PS","rangeAddress":"$B$184:$B$221","headAddress":"$B$184","bodyAddress":"$B$185:$B$221","_name":"прием"}},"emcosID":null,"emcosMLID":null,"codMaketTEP":null,"codTEP":null,"WSName":"PS","rangeAddress":"$B$183:$B$221","headAddress":"$B$183","bodyAddress":"$B$184:$B$221","_name":"Потребление ЭЧ19"},"DB":{"_level":0,"parentID":"1e8c0d3c-811d-4125-8499-6fcb33aa60df","firstParentID":"1e8c0d3c-811d-4125-8499-6fcb33aa60df","ID":"4e4f4ebc-8020-42dc-ba65-bdf5cfc71803","childs":{"прием":{"_level":1,"parentID":"4e4f4ebc-8020-42dc-ba65-bdf5cfc71803","firstParentID":"1e8c0d3c-811d-4125-8499-6fcb33aa60df","ID":"feee395a-bd3c-4518-ae65-8b9e98c9f5d5","childs":{"код":{"_level":2,"parentID":"feee395a-bd3c-4518-ae65-8b9e98c9f5d5","firstParentID":"1e8c0d3c-811d-4125-8499-6fcb33aa60df","ID":"13069d56-b7c1-41aa-802f-41ec4f4dbade","childs":null,"emcosID":null,"emcosMLID":null,"codMaketTEP":null,"codTEP":null,"WSName":"DB","rangeAddress":"$AZ$138:$AZ$175","headAddress":"$AZ$138","bodyAddress":"$AZ$139:$AZ$175","_name":"код"},"основное":{"_level":2,"parentID":"feee395a-bd3c-4518-ae65-8b9e98c9f5d5","firstParentID":"1e8c0d3c-811d-4125-8499-6fcb33aa60df","ID":"30776494-4743-447b-ba17-b945325d4d4f","childs":null,"emcosID":null,"emcosMLID":null,"codMaketTEP":null,"codTEP":null,"WSName":"DB","rangeAddress":"$BA$138:$BA$175","headAddress":"$BA$138","bodyAddress":"$BA$139:$BA$175","_name":"основное"},"корректировка факт":{"_level":2,"parentID":"feee395a-bd3c-4518-ae65-8b9e98c9f5d5","firstParentID":"1e8c0d3c-811d-4125-8499-6fcb33aa60df","ID":"16cca5f9-53c5-4ab5-9164-20bdc65e1f10","childs":null,"emcosID":null,"emcosMLID":null,"codMaketTEP":null,"codTEP":null,"WSName":"DB","rangeAddress":"$BB$138:$BB$175","headAddress":"$BB$138","bodyAddress":"$BB$139:$BB$175","_name":"корректировка факт"},"ручное":{"_level":2,"parentID":"feee395a-bd3c-4518-ae65-8b9e98c9f5d5","firstParentID":"1e8c0d3c-811d-4125-8499-6fcb33aa60df","ID":"4e9be337-430c-4233-8e2d-f9f4ab6c4a7a","childs":null,"emcosID":null,"emcosMLID":null,"codMaketTEP":null,"codTEP":null,"WSName":"DB","rangeAddress":"$BC$138:$BC$175","headAddress":"$BC$138","bodyAddress":"$BC$139:$BC$175","_name":"ручное"},"формула":{"_level":2,"parentID":"feee395a-bd3c-4518-ae65-8b9e98c9f5d5","firstParentID":"1e8c0d3c-811d-4125-8499-6fcb33aa60df","ID":"b193d39e-0e4c-4578-978f-dad3ebc5d0a6","childs":null,"emcosID":null,"emcosMLID":null,"codMaketTEP":null,"codTEP":null,"WSName":"DB","rangeAddress":"$BD$138:$BD$175","headAddress":"$BD$138","bodyAddress":"$BD$139:$BD$175","_name":"формула"}},"emcosID":null,"emcosMLID":null,"codMaketTEP":null,"codTEP":null,"WSName":"DB","rangeAddress":"$AZ$137:$BD$175","headAddress":"$AZ$137:$BD$137","bodyAddress":"$AZ$138:$BD$175","_name":"прием"}},"emcosID":null,"emcosMLID":null,"codMaketTEP":null,"codTEP":null,"WSName":"DB","rangeAddress":"$AZ$136:$BD$175","headAddress":"$AZ$136:$BD$136","bodyAddress":"$AZ$137:$BD$175","_name":"Потребление ЭЧ19"}},"codPlan":null,"meterCoef":null,"_name":"Потребление ЭЧ19"}