{"ID":"1f14e2f7-021f-4a65-8e5d-fa3b85093914","childs":{"PS":{"_level":0,"parentID":"1f14e2f7-021f-4a65-8e5d-fa3b85093914","firstParentID":"1f14e2f7-021f-4a65-8e5d-fa3b85093914","ID":"789c821a-a81d-4196-9f9f-70bea0807026","childs":{"прием":{"_level":1,"parentID":"789c821a-a81d-4196-9f9f-70bea0807026","firstParentID":"1f14e2f7-021f-4a65-8e5d-fa3b85093914","ID":"abe8aa90-a017-42fa-aa92-d6f9fa249708","childs":{"ручное":{"_level":2,"parentID":"abe8aa90-a017-42fa-aa92-d6f9fa249708","firstParentID":"1f14e2f7-021f-4a65-8e5d-fa3b85093914","ID":"2e25f703-06f3-4cdc-ac9f-8a028da08457","childs":null,"emcosID":null,"emcosMLID":null,"codMaketTEP":null,"codTEP":null,"WSName":"PS","rangeAddress":"$IL$99:$IL$135","headAddress":"$IL$99","bodyAddress":"$IL$100:$IL$135","_name":"ручное"}},"emcosID":null,"emcosMLID":null,"codMaketTEP":null,"codTEP":null,"WSName":"PS","rangeAddress":"$IL$98:$IL$135","headAddress":"$IL$98","bodyAddress":"$IL$99:$IL$135","_name":"прием"},"отдача":{"_level":1,"parentID":"789c821a-a81d-4196-9f9f-70bea0807026","firstParentID":"1f14e2f7-021f-4a65-8e5d-fa3b85093914","ID":"d575dbd5-d5f5-4a4b-879b-bd27a2131106","childs":{"ручное":{"_level":2,"parentID":"d575dbd5-d5f5-4a4b-879b-bd27a2131106","firstParentID":"1f14e2f7-021f-4a65-8e5d-fa3b85093914","ID":"3246baf4-3ef3-444f-b421-9a177014fbda","childs":null,"emcosID":null,"emcosMLID":null,"codMaketTEP":null,"codTEP":null,"WSName":"PS","rangeAddress":"$IM$99:$IM$135","headAddress":"$IM$99","bodyAddress":"$IM$100:$IM$135","_name":"ручное"}},"emcosID":null,"emcosMLID":null,"codMaketTEP":null,"codTEP":null,"WSName":"PS","rangeAddress":"$IM$98:$IM$135","headAddress":"$IM$98","bodyAddress":"$IM$99:$IM$135","_name":"отдача"}},"emcosID":null,"emcosMLID":null,"codMaketTEP":null,"codTEP":null,"WSName":"PS","rangeAddress":"$IL$97:$IM$135","headAddress":"$IL$97:$IM$97","bodyAddress":"$IL$98:$IM$135","_name":"ТП3 Жидели тяга"},"DB":{"_level":0,"parentID":"1f14e2f7-021f-4a65-8e5d-fa3b85093914","firstParentID":"1f14e2f7-021f-4a65-8e5d-fa3b85093914","ID":"2f12d549-f8fb-46ab-b666-2033b887528f","childs":{"прием":{"_level":1,"parentID":"2f12d549-f8fb-46ab-b666-2033b887528f","firstParentID":"1f14e2f7-021f-4a65-8e5d-fa3b85093914","ID":"8f64cf21-5b43-47b9-a4da-20dd5f981c8d","childs":{"код":{"_level":2,"parentID":"8f64cf21-5b43-47b9-a4da-20dd5f981c8d","firstParentID":"1f14e2f7-021f-4a65-8e5d-fa3b85093914","ID":"3928ae29-9106-4687-802e-180fd5fd7cf6","childs":null,"emcosID":null,"emcosMLID":null,"codMaketTEP":null,"codTEP":null,"WSName":"DB","rangeAddress":"$BO$353:$BO$390","headAddress":"$BO$353","bodyAddress":"$BO$354:$BO$390","_name":"код"},"основное":{"_level":2,"parentID":"8f64cf21-5b43-47b9-a4da-20dd5f981c8d","firstParentID":"1f14e2f7-021f-4a65-8e5d-fa3b85093914","ID":"0cfc482c-a31a-4167-a45a-f78229b6fd72","childs":null,"emcosID":null,"emcosMLID":null,"codMaketTEP":null,"codTEP":null,"WSName":"DB","rangeAddress":"$BP$353:$BP$390","headAddress":"$BP$353","bodyAddress":"$BP$354:$BP$390","_name":"основное"},"корректировка факт":{"_level":2,"parentID":"8f64cf21-5b43-47b9-a4da-20dd5f981c8d","firstParentID":"1f14e2f7-021f-4a65-8e5d-fa3b85093914","ID":"ae7015d1-7388-4f1c-9697-65f22dc75cf7","childs":null,"emcosID":null,"emcosMLID":null,"codMaketTEP":null,"codTEP":null,"WSName":"DB","rangeAddress":"$BQ$353:$BQ$390","headAddress":"$BQ$353","bodyAddress":"$BQ$354:$BQ$390","_name":"корректировка факт"},"ручное":{"_level":2,"parentID":"8f64cf21-5b43-47b9-a4da-20dd5f981c8d","firstParentID":"1f14e2f7-021f-4a65-8e5d-fa3b85093914","ID":"84f65fb6-150e-4f50-a799-98a664b29a9c","childs":null,"emcosID":null,"emcosMLID":null,"codMaketTEP":null,"codTEP":null,"WSName":"DB","rangeAddress":"$BR$353:$BR$390","headAddress":"$BR$353","bodyAddress":"$BR$354:$BR$390","_name":"ручное"}},"emcosID":null,"emcosMLID":null,"codMaketTEP":null,"codTEP":null,"WSName":"DB","rangeAddress":"$BO$352:$BR$390","headAddress":"$BO$352:$BR$352","bodyAddress":"$BO$353:$BR$390","_name":"прием"},"отдача":{"_level":1,"parentID":"2f12d549-f8fb-46ab-b666-2033b887528f","firstParentID":"1f14e2f7-021f-4a65-8e5d-fa3b85093914","ID":"9bd4b789-9afe-493d-a976-2edea83eb59b","childs":{"код":{"_level":2,"parentID":"9bd4b789-9afe-493d-a976-2edea83eb59b","firstParentID":"1f14e2f7-021f-4a65-8e5d-fa3b85093914","ID":"c8e3a4c4-adba-43d4-8e0d-83aeda87a625","childs":null,"emcosID":null,"emcosMLID":null,"codMaketTEP":null,"codTEP":null,"WSName":"DB","rangeAddress":"$BS$353:$BS$390","headAddress":"$BS$353","bodyAddress":"$BS$354:$BS$390","_name":"код"},"основное":{"_level":2,"parentID":"9bd4b789-9afe-493d-a976-2edea83eb59b","firstParentID":"1f14e2f7-021f-4a65-8e5d-fa3b85093914","ID":"d239716f-a00c-45fd-8fa3-61a7318609ef","childs":null,"emcosID":null,"emcosMLID":null,"codMaketTEP":null,"codTEP":null,"WSName":"DB","rangeAddress":"$BT$353:$BT$390","headAddress":"$BT$353","bodyAddress":"$BT$354:$BT$390","_name":"основное"},"корректировка факт":{"_level":2,"parentID":"9bd4b789-9afe-493d-a976-2edea83eb59b","firstParentID":"1f14e2f7-021f-4a65-8e5d-fa3b85093914","ID":"cf8441de-70fa-4062-b642-f23be04aa1c8","childs":null,"emcosID":null,"emcosMLID":null,"codMaketTEP":null,"codTEP":null,"WSName":"DB","rangeAddress":"$BU$353:$BU$390","headAddress":"$BU$353","bodyAddress":"$BU$354:$BU$390","_name":"корректировка факт"},"ручное":{"_level":2,"parentID":"9bd4b789-9afe-493d-a976-2edea83eb59b","firstParentID":"1f14e2f7-021f-4a65-8e5d-fa3b85093914","ID":"fcecb18a-98b8-409d-bcd7-5544e88b292f","childs":null,"emcosID":null,"emcosMLID":null,"codMaketTEP":null,"codTEP":null,"WSName":"DB","rangeAddress":"$BV$353:$BV$390","headAddress":"$BV$353","bodyAddress":"$BV$354:$BV$390","_name":"ручное"}},"emcosID":null,"emcosMLID":null,"codMaketTEP":null,"codTEP":null,"WSName":"DB","rangeAddress":"$BS$352:$BV$390","headAddress":"$BS$352:$BV$352","bodyAddress":"$BS$353:$BV$390","_name":"отдача"}},"emcosID":null,"emcosMLID":null,"codMaketTEP":null,"codTEP":null,"WSName":"DB","rangeAddress":"$BO$351:$BV$390","headAddress":"$BO$351:$BV$351","bodyAddress":"$BO$352:$BV$390","_name":"ТП3 Жидели тяга"}},"codPlan":null,"meterCoef":null,"_name":"ТП3 Жидели тяга"}