{"ID":"209e0edd-f5cb-4709-a4f2-17b540962a0c","childs":{"PS":{"_level":0,"parentID":"209e0edd-f5cb-4709-a4f2-17b540962a0c","firstParentID":"209e0edd-f5cb-4709-a4f2-17b540962a0c","ID":"2cc07b93-89e6-4e71-a38f-e7fee1c90a10","childs":{"прием":{"_level":1,"parentID":"2cc07b93-89e6-4e71-a38f-e7fee1c90a10","firstParentID":"209e0edd-f5cb-4709-a4f2-17b540962a0c","ID":"0e392b74-cdd3-41c5-954c-b7393c2b7646","childs":{"ручное":{"_level":2,"parentID":"0e392b74-cdd3-41c5-954c-b7393c2b7646","firstParentID":"209e0edd-f5cb-4709-a4f2-17b540962a0c","ID":"cd48b65b-0808-4ea6-bdc1-d40b909d5fe0","childs":null,"emcosID":null,"emcosMLID":null,"codMaketTEP":null,"codTEP":null,"WSName":"PS","rangeAddress":"$DN$56:$DN$92","headAddress":"$DN$56","bodyAddress":"$DN$57:$DN$92","_name":"ручное"}},"emcosID":null,"emcosMLID":null,"codMaketTEP":null,"codTEP":null,"WSName":"PS","rangeAddress":"$DN$55:$DN$92","headAddress":"$DN$55","bodyAddress":"$DN$56:$DN$92","_name":"прием"},"отдача":{"_level":1,"parentID":"2cc07b93-89e6-4e71-a38f-e7fee1c90a10","firstParentID":"209e0edd-f5cb-4709-a4f2-17b540962a0c","ID":"6082658a-c25b-41c2-9387-c4577af3dbbc","childs":{"ручное":{"_level":2,"parentID":"6082658a-c25b-41c2-9387-c4577af3dbbc","firstParentID":"209e0edd-f5cb-4709-a4f2-17b540962a0c","ID":"e8b1e60c-e555-4d0b-8a60-1216d6d8f673","childs":null,"emcosID":null,"emcosMLID":null,"codMaketTEP":null,"codTEP":null,"WSName":"PS","rangeAddress":"$DO$56:$DO$92","headAddress":"$DO$56","bodyAddress":"$DO$57:$DO$92","_name":"ручное"}},"emcosID":null,"emcosMLID":null,"codMaketTEP":null,"codTEP":null,"WSName":"PS","rangeAddress":"$DO$55:$DO$92","headAddress":"$DO$55","bodyAddress":"$DO$56:$DO$92","_name":"отдача"}},"emcosID":null,"emcosMLID":null,"codMaketTEP":null,"codTEP":null,"WSName":"PS","rangeAddress":"$DN$54:$DO$92","headAddress":"$DN$54:$DO$54","bodyAddress":"$DN$55:$DO$92","_name":"Л2543 Талдыкорган"},"DB":{"_level":0,"parentID":"209e0edd-f5cb-4709-a4f2-17b540962a0c","firstParentID":"209e0edd-f5cb-4709-a4f2-17b540962a0c","ID":"8daac2db-7361-49d9-a881-92cd8927735e","childs":{"прием":{"_level":1,"parentID":"8daac2db-7361-49d9-a881-92cd8927735e","firstParentID":"209e0edd-f5cb-4709-a4f2-17b540962a0c","ID":"b5746090-575b-449a-9336-3b917048c1ed","childs":{"код":{"_level":2,"parentID":"b5746090-575b-449a-9336-3b917048c1ed","firstParentID":"209e0edd-f5cb-4709-a4f2-17b540962a0c","ID":"367e033a-25c4-4e58-9285-e17dc49026d8","childs":null,"emcosID":null,"emcosMLID":null,"codMaketTEP":null,"codTEP":null,"WSName":"DB","rangeAddress":"$KA$52:$KA$89","headAddress":"$KA$52","bodyAddress":"$KA$53:$KA$89","_name":"код"},"основное":{"_level":2,"parentID":"b5746090-575b-449a-9336-3b917048c1ed","firstParentID":"209e0edd-f5cb-4709-a4f2-17b540962a0c","ID":"34473521-4756-457e-b7c9-3508aad29bff","childs":null,"emcosID":null,"emcosMLID":null,"codMaketTEP":null,"codTEP":null,"WSName":"DB","rangeAddress":"$KB$52:$KB$89","headAddress":"$KB$52","bodyAddress":"$KB$53:$KB$89","_name":"основное"},"корректировка факт":{"_level":2,"parentID":"b5746090-575b-449a-9336-3b917048c1ed","firstParentID":"209e0edd-f5cb-4709-a4f2-17b540962a0c","ID":"8af46271-b01d-4154-8fb5-8e66a1c0570b","childs":null,"emcosID":null,"emcosMLID":null,"codMaketTEP":null,"codTEP":null,"WSName":"DB","rangeAddress":"$KC$52:$KC$89","headAddress":"$KC$52","bodyAddress":"$KC$53:$KC$89","_name":"корректировка факт"},"ручное":{"_level":2,"parentID":"b5746090-575b-449a-9336-3b917048c1ed","firstParentID":"209e0edd-f5cb-4709-a4f2-17b540962a0c","ID":"8b5cef17-2021-4c56-a114-bf5abf5e6b6f","childs":null,"emcosID":null,"emcosMLID":null,"codMaketTEP":null,"codTEP":null,"WSName":"DB","rangeAddress":"$KD$52:$KD$89","headAddress":"$KD$52","bodyAddress":"$KD$53:$KD$89","_name":"ручное"}},"emcosID":null,"emcosMLID":null,"codMaketTEP":null,"codTEP":null,"WSName":"DB","rangeAddress":"$KA$51:$KD$89","headAddress":"$KA$51:$KD$51","bodyAddress":"$KA$52:$KD$89","_name":"прием"},"отдача":{"_level":1,"parentID":"8daac2db-7361-49d9-a881-92cd8927735e","firstParentID":"209e0edd-f5cb-4709-a4f2-17b540962a0c","ID":"09b0bd05-85b5-44dd-9155-8fcf36c85926","childs":{"код":{"_level":2,"parentID":"09b0bd05-85b5-44dd-9155-8fcf36c85926","firstParentID":"209e0edd-f5cb-4709-a4f2-17b540962a0c","ID":"639cd3fa-7c81-4393-aab8-ef4d23a58782","childs":null,"emcosID":null,"emcosMLID":null,"codMaketTEP":null,"codTEP":null,"WSName":"DB","rangeAddress":"$KE$52:$KE$89","headAddress":"$KE$52","bodyAddress":"$KE$53:$KE$89","_name":"код"},"основное":{"_level":2,"parentID":"09b0bd05-85b5-44dd-9155-8fcf36c85926","firstParentID":"209e0edd-f5cb-4709-a4f2-17b540962a0c","ID":"bf3444fb-55ab-4258-b5cc-43d1f37ba158","childs":null,"emcosID":null,"emcosMLID":null,"codMaketTEP":null,"codTEP":null,"WSName":"DB","rangeAddress":"$KF$52:$KF$89","headAddress":"$KF$52","bodyAddress":"$KF$53:$KF$89","_name":"основное"},"корректировка факт":{"_level":2,"parentID":"09b0bd05-85b5-44dd-9155-8fcf36c85926","firstParentID":"209e0edd-f5cb-4709-a4f2-17b540962a0c","ID":"7dc44e64-b826-4295-917f-dea4ea1f7fa1","childs":null,"emcosID":null,"emcosMLID":null,"codMaketTEP":null,"codTEP":null,"WSName":"DB","rangeAddress":"$KG$52:$KG$89","headAddress":"$KG$52","bodyAddress":"$KG$53:$KG$89","_name":"корректировка факт"},"ручное":{"_level":2,"parentID":"09b0bd05-85b5-44dd-9155-8fcf36c85926","firstParentID":"209e0edd-f5cb-4709-a4f2-17b540962a0c","ID":"8ed63eca-3035-42a6-a488-1a17721ac954","childs":null,"emcosID":null,"emcosMLID":null,"codMaketTEP":null,"codTEP":null,"WSName":"DB","rangeAddress":"$KH$52:$KH$89","headAddress":"$KH$52","bodyAddress":"$KH$53:$KH$89","_name":"ручное"}},"emcosID":null,"emcosMLID":null,"codMaketTEP":null,"codTEP":null,"WSName":"DB","rangeAddress":"$KE$51:$KH$89","headAddress":"$KE$51:$KH$51","bodyAddress":"$KE$52:$KH$89","_name":"отдача"}},"emcosID":null,"emcosMLID":null,"codMaketTEP":null,"codTEP":null,"WSName":"DB","rangeAddress":"$KA$50:$KH$89","headAddress":"$KA$50:$KH$50","bodyAddress":"$KA$51:$KH$89","_name":"Л2543 Талдыкорган"}},"codPlan":null,"meterCoef":null,"_name":"Л2543 Талдыкорган"}