{"ID":"211e2151-8aa9-46c8-b50f-27d7e53ceeaf","childs":{"PS":{"_level":0,"parentID":"211e2151-8aa9-46c8-b50f-27d7e53ceeaf","firstParentID":"211e2151-8aa9-46c8-b50f-27d7e53ceeaf","ID":"ca305b55-b8a1-4b71-b580-f74f8de9385d","childs":{"прием":{"_level":1,"parentID":"ca305b55-b8a1-4b71-b580-f74f8de9385d","firstParentID":"211e2151-8aa9-46c8-b50f-27d7e53ceeaf","ID":"e0f1f70d-5f64-491f-b7f1-e3f6caf1e99b","childs":{"формула":{"_level":2,"parentID":"e0f1f70d-5f64-491f-b7f1-e3f6caf1e99b","firstParentID":"211e2151-8aa9-46c8-b50f-27d7e53ceeaf","ID":"19329987-a3cb-480b-ab63-94782a9705ee","childs":null,"emcosID":null,"emcosMLID":null,"codMaketTEP":null,"codTEP":null,"WSName":"PS","rangeAddress":"$W$185:$W$221","headAddress":"$W$185","bodyAddress":"$W$186:$W$221","_name":"формула"}},"emcosID":null,"emcosMLID":null,"codMaketTEP":null,"codTEP":null,"WSName":"PS","rangeAddress":"$W$184:$W$221","headAddress":"$W$184","bodyAddress":"$W$185:$W$221","_name":"прием"}},"emcosID":null,"emcosMLID":null,"codMaketTEP":null,"codTEP":null,"WSName":"PS","rangeAddress":"$W$183:$W$221","headAddress":"$W$183","bodyAddress":"$W$184:$W$221","_name":"Грузовые перевозки в границах АЖК КТЖ Алматы"},"DB":{"_level":0,"parentID":"211e2151-8aa9-46c8-b50f-27d7e53ceeaf","firstParentID":"211e2151-8aa9-46c8-b50f-27d7e53ceeaf","ID":"05c83d60-3d89-4a32-944f-fd9fa1d225df","childs":{"прием":{"_level":1,"parentID":"05c83d60-3d89-4a32-944f-fd9fa1d225df","firstParentID":"211e2151-8aa9-46c8-b50f-27d7e53ceeaf","ID":"085002d8-7178-4df0-9b9f-fd2830e43126","childs":{"код":{"_level":2,"parentID":"085002d8-7178-4df0-9b9f-fd2830e43126","firstParentID":"211e2151-8aa9-46c8-b50f-27d7e53ceeaf","ID":"df2e98f9-e486-487d-82c5-37b0f02bedf1","childs":null,"emcosID":null,"emcosMLID":null,"codMaketTEP":null,"codTEP":null,"WSName":"DB","rangeAddress":"$C$396:$C$433","headAddress":"$C$396","bodyAddress":"$C$397:$C$433","_name":"код"},"основное":{"_level":2,"parentID":"085002d8-7178-4df0-9b9f-fd2830e43126","firstParentID":"211e2151-8aa9-46c8-b50f-27d7e53ceeaf","ID":"d8ad87f7-2761-4f13-a43f-20b7cd5f2569","childs":null,"emcosID":null,"emcosMLID":null,"codMaketTEP":null,"codTEP":null,"WSName":"DB","rangeAddress":"$D$396:$D$433","headAddress":"$D$396","bodyAddress":"$D$397:$D$433","_name":"основное"},"корректировка факт":{"_level":2,"parentID":"085002d8-7178-4df0-9b9f-fd2830e43126","firstParentID":"211e2151-8aa9-46c8-b50f-27d7e53ceeaf","ID":"5096bd66-febb-4bca-84f9-e1c3b0144597","childs":null,"emcosID":null,"emcosMLID":null,"codMaketTEP":null,"codTEP":null,"WSName":"DB","rangeAddress":"$E$396:$E$433","headAddress":"$E$396","bodyAddress":"$E$397:$E$433","_name":"корректировка факт"},"ручное":{"_level":2,"parentID":"085002d8-7178-4df0-9b9f-fd2830e43126","firstParentID":"211e2151-8aa9-46c8-b50f-27d7e53ceeaf","ID":"6a6780d0-639b-47a1-9ca8-ef56b14268d9","childs":null,"emcosID":null,"emcosMLID":null,"codMaketTEP":null,"codTEP":null,"WSName":"DB","rangeAddress":"$F$396:$F$433","headAddress":"$F$396","bodyAddress":"$F$397:$F$433","_name":"ручное"},"формула":{"_level":2,"parentID":"085002d8-7178-4df0-9b9f-fd2830e43126","firstParentID":"211e2151-8aa9-46c8-b50f-27d7e53ceeaf","ID":"5ccf208a-d0bb-4589-842d-cef4bb1e7113","childs":null,"emcosID":null,"emcosMLID":null,"codMaketTEP":null,"codTEP":null,"WSName":"DB","rangeAddress":"$G$396:$G$433","headAddress":"$G$396","bodyAddress":"$G$397:$G$433","_name":"формула"}},"emcosID":null,"emcosMLID":null,"codMaketTEP":null,"codTEP":null,"WSName":"DB","rangeAddress":"$C$395:$G$433","headAddress":"$C$395:$G$395","bodyAddress":"$C$396:$G$433","_name":"прием"}},"emcosID":null,"emcosMLID":null,"codMaketTEP":null,"codTEP":null,"WSName":"DB","rangeAddress":"$C$394:$G$433","headAddress":"$C$394:$G$394","bodyAddress":"$C$395:$G$433","_name":"Грузовые перевозки в границах АЖК КТЖ Алматы"}},"codPlan":null,"meterCoef":null,"_name":"Грузовые перевозки в границах АЖК КТЖ Алматы"}