{"ID":"213ad53c-d2f9-4f81-8b50-5e450a0d4101","childs":{"PS":{"_level":0,"parentID":"213ad53c-d2f9-4f81-8b50-5e450a0d4101","firstParentID":"213ad53c-d2f9-4f81-8b50-5e450a0d4101","ID":"23202297-410b-4c0c-9622-27ca1557d152","childs":{"отдача":{"_level":1,"parentID":"23202297-410b-4c0c-9622-27ca1557d152","firstParentID":"213ad53c-d2f9-4f81-8b50-5e450a0d4101","ID":"f6762f24-6721-4eca-a7eb-102de5d67c7d","childs":{"по счетчику":{"_level":2,"parentID":"f6762f24-6721-4eca-a7eb-102de5d67c7d","firstParentID":"213ad53c-d2f9-4f81-8b50-5e450a0d4101","ID":"bede9041-b728-4468-b383-5547d4bed79b","childs":null,"emcosID":null,"emcosMLID":null,"codMaketTEP":null,"codTEP":null,"WSName":"PS","rangeAddress":"$GF$99:$GF$135","headAddress":"$GF$99","bodyAddress":"$GF$100:$GF$135","_name":"по счетчику"},"СЧЕТЧИК":{"_level":2,"parentID":"f6762f24-6721-4eca-a7eb-102de5d67c7d","firstParentID":"213ad53c-d2f9-4f81-8b50-5e450a0d4101","ID":"c1143cc7-ffd8-475d-96b8-87d49facab4a","childs":null,"emcosID":null,"emcosMLID":null,"codMaketTEP":null,"codTEP":null,"WSName":"PS","rangeAddress":"$GG$99:$GG$135","headAddress":"$GG$99","bodyAddress":"$GG$100:$GG$135","_name":"СЧЕТЧИК"}},"emcosID":null,"emcosMLID":null,"codMaketTEP":null,"codTEP":null,"WSName":"PS","rangeAddress":"$GF$98:$GG$135","headAddress":"$GF$98:$GG$98","bodyAddress":"$GF$99:$GG$135","_name":"отдача"}},"emcosID":null,"emcosMLID":null,"codMaketTEP":null,"codTEP":null,"WSName":"PS","rangeAddress":"$GF$97:$GG$135","headAddress":"$GF$97:$GG$97","bodyAddress":"$GF$98:$GG$135","_name":"КЛ40 ПС152 Талдыкорган"},"DB":{"_level":0,"parentID":"213ad53c-d2f9-4f81-8b50-5e450a0d4101","firstParentID":"213ad53c-d2f9-4f81-8b50-5e450a0d4101","ID":"c5a61a78-91f8-4783-92d9-83378d20016c","childs":{"отдача":{"_level":1,"parentID":"c5a61a78-91f8-4783-92d9-83378d20016c","firstParentID":"213ad53c-d2f9-4f81-8b50-5e450a0d4101","ID":"06cb0596-b108-412a-879f-d75e39ff9373","childs":{"код":{"_level":2,"parentID":"06cb0596-b108-412a-879f-d75e39ff9373","firstParentID":"213ad53c-d2f9-4f81-8b50-5e450a0d4101","ID":"05335c64-3a53-4ff4-85e9-6956847fbc2a","childs":null,"emcosID":null,"emcosMLID":null,"codMaketTEP":null,"codTEP":null,"WSName":"DB","rangeAddress":"$GE$525:$GE$562","headAddress":"$GE$525","bodyAddress":"$GE$526:$GE$562","_name":"код"},"основное":{"_level":2,"parentID":"06cb0596-b108-412a-879f-d75e39ff9373","firstParentID":"213ad53c-d2f9-4f81-8b50-5e450a0d4101","ID":"86abac36-e2f2-48c3-aecc-37e356b6f7f9","childs":null,"emcosID":null,"emcosMLID":null,"codMaketTEP":null,"codTEP":null,"WSName":"DB","rangeAddress":"$GF$525:$GF$562","headAddress":"$GF$525","bodyAddress":"$GF$526:$GF$562","_name":"основное"},"корректировка факт":{"_level":2,"parentID":"06cb0596-b108-412a-879f-d75e39ff9373","firstParentID":"213ad53c-d2f9-4f81-8b50-5e450a0d4101","ID":"dbfcdeef-07a0-4eea-a169-8e4cc92efff6","childs":null,"emcosID":null,"emcosMLID":null,"codMaketTEP":null,"codTEP":null,"WSName":"DB","rangeAddress":"$GG$525:$GG$562","headAddress":"$GG$525","bodyAddress":"$GG$526:$GG$562","_name":"корректировка факт"},"ручное":{"_level":2,"parentID":"06cb0596-b108-412a-879f-d75e39ff9373","firstParentID":"213ad53c-d2f9-4f81-8b50-5e450a0d4101","ID":"cae2ba07-8fe6-4189-a614-cf6730c02058","childs":null,"emcosID":null,"emcosMLID":null,"codMaketTEP":null,"codTEP":null,"WSName":"DB","rangeAddress":"$GH$525:$GH$562","headAddress":"$GH$525","bodyAddress":"$GH$526:$GH$562","_name":"ручное"},"счетчик":{"_level":2,"parentID":"06cb0596-b108-412a-879f-d75e39ff9373","firstParentID":"213ad53c-d2f9-4f81-8b50-5e450a0d4101","ID":"fd931aa4-2341-4061-932c-c46371aec62d","childs":null,"emcosID":null,"emcosMLID":null,"codMaketTEP":null,"codTEP":null,"WSName":"DB","rangeAddress":"$GI$525:$GI$562","headAddress":"$GI$525","bodyAddress":"$GI$526:$GI$562","_name":"счетчик"},"по счетчику":{"_level":2,"parentID":"06cb0596-b108-412a-879f-d75e39ff9373","firstParentID":"213ad53c-d2f9-4f81-8b50-5e450a0d4101","ID":"14a3117b-788b-4dae-abe2-d526fd2d0ee0","childs":null,"emcosID":null,"emcosMLID":null,"codMaketTEP":null,"codTEP":null,"WSName":"DB","rangeAddress":"$GJ$525:$GJ$562","headAddress":"$GJ$525","bodyAddress":"$GJ$526:$GJ$562","_name":"по счетчику"}},"emcosID":null,"emcosMLID":null,"codMaketTEP":null,"codTEP":null,"WSName":"DB","rangeAddress":"$GE$524:$GJ$562","headAddress":"$GE$524:$GJ$524","bodyAddress":"$GE$525:$GJ$562","_name":"отдача"}},"emcosID":null,"emcosMLID":null,"codMaketTEP":null,"codTEP":null,"WSName":"DB","rangeAddress":"$GE$523:$GJ$562","headAddress":"$GE$523:$GJ$523","bodyAddress":"$GE$524:$GJ$562","_name":"КЛ40 ПС152 Талдыкорган"}},"codPlan":null,"meterCoef":"6","_name":"КЛ40 ПС152 Талдыкорган"}