{"ID":"234ea274-bfe4-4c72-8382-7f11a2dc1bd1","childs":{"PS":{"_level":0,"parentID":"234ea274-bfe4-4c72-8382-7f11a2dc1bd1","firstParentID":"234ea274-bfe4-4c72-8382-7f11a2dc1bd1","ID":"dc9bb3c0-ce57-407d-aa67-a07bf061b88d","childs":{"отдача":{"_level":1,"parentID":"dc9bb3c0-ce57-407d-aa67-a07bf061b88d","firstParentID":"234ea274-bfe4-4c72-8382-7f11a2dc1bd1","ID":"14891a93-75fb-496b-b844-4beb2379b3ad","childs":{"формула":{"_level":2,"parentID":"14891a93-75fb-496b-b844-4beb2379b3ad","firstParentID":"234ea274-bfe4-4c72-8382-7f11a2dc1bd1","ID":"b8ea44a7-51f7-49e9-9a28-3760bb5eb98f","childs":null,"emcosID":null,"emcosMLID":null,"codMaketTEP":null,"codTEP":null,"WSName":"PS","rangeAddress":"$BF$228:$BF$264","headAddress":"$BF$228","bodyAddress":"$BF$229:$BF$264","_name":"формула"}},"emcosID":null,"emcosMLID":null,"codMaketTEP":1411,"codTEP":null,"WSName":"PS","rangeAddress":"$BF$227:$BF$264","headAddress":"$BF$227","bodyAddress":"$BF$228:$BF$264","_name":"отдача"}},"emcosID":null,"emcosMLID":null,"codMaketTEP":null,"codTEP":null,"WSName":"PS","rangeAddress":"$BF$226:$BF$264","headAddress":"$BF$226","bodyAddress":"$BF$227:$BF$264","_name":"Генерация Аксу ГЭС"},"DB":{"_level":0,"parentID":"234ea274-bfe4-4c72-8382-7f11a2dc1bd1","firstParentID":"234ea274-bfe4-4c72-8382-7f11a2dc1bd1","ID":"c953bc49-a12d-4975-98ce-da32fcb4dca1","childs":{"отдача":{"_level":1,"parentID":"c953bc49-a12d-4975-98ce-da32fcb4dca1","firstParentID":"234ea274-bfe4-4c72-8382-7f11a2dc1bd1","ID":"55aba645-3c25-47fb-83c4-cfcc8e6d0901","childs":{"код":{"_level":2,"parentID":"55aba645-3c25-47fb-83c4-cfcc8e6d0901","firstParentID":"234ea274-bfe4-4c72-8382-7f11a2dc1bd1","ID":"634e793b-9a14-4603-a727-29b32f33475e","childs":null,"emcosID":null,"emcosMLID":null,"codMaketTEP":null,"codTEP":null,"WSName":"DB","rangeAddress":"$H$181:$H$218","headAddress":"$H$181","bodyAddress":"$H$182:$H$218","_name":"код"},"основное":{"_level":2,"parentID":"55aba645-3c25-47fb-83c4-cfcc8e6d0901","firstParentID":"234ea274-bfe4-4c72-8382-7f11a2dc1bd1","ID":"31966a3b-1c28-4926-8ec4-27884c9d49a1","childs":null,"emcosID":null,"emcosMLID":null,"codMaketTEP":null,"codTEP":null,"WSName":"DB","rangeAddress":"$I$181:$I$218","headAddress":"$I$181","bodyAddress":"$I$182:$I$218","_name":"основное"},"корректировка факт":{"_level":2,"parentID":"55aba645-3c25-47fb-83c4-cfcc8e6d0901","firstParentID":"234ea274-bfe4-4c72-8382-7f11a2dc1bd1","ID":"ba02bfa1-2237-404b-83f6-5d75c8d7c525","childs":null,"emcosID":null,"emcosMLID":null,"codMaketTEP":null,"codTEP":null,"WSName":"DB","rangeAddress":"$J$181:$J$218","headAddress":"$J$181","bodyAddress":"$J$182:$J$218","_name":"корректировка факт"},"ручное":{"_level":2,"parentID":"55aba645-3c25-47fb-83c4-cfcc8e6d0901","firstParentID":"234ea274-bfe4-4c72-8382-7f11a2dc1bd1","ID":"8522eaca-b953-4121-b661-9f463841d7a1","childs":null,"emcosID":null,"emcosMLID":null,"codMaketTEP":null,"codTEP":null,"WSName":"DB","rangeAddress":"$K$181:$K$218","headAddress":"$K$181","bodyAddress":"$K$182:$K$218","_name":"ручное"},"формула":{"_level":2,"parentID":"55aba645-3c25-47fb-83c4-cfcc8e6d0901","firstParentID":"234ea274-bfe4-4c72-8382-7f11a2dc1bd1","ID":"13f8ac5d-a543-401a-900d-5461baa98ed7","childs":null,"emcosID":null,"emcosMLID":null,"codMaketTEP":null,"codTEP":null,"WSName":"DB","rangeAddress":"$L$181:$L$218","headAddress":"$L$181","bodyAddress":"$L$182:$L$218","_name":"формула"}},"emcosID":null,"emcosMLID":null,"codMaketTEP":null,"codTEP":null,"WSName":"DB","rangeAddress":"$H$180:$L$218","headAddress":"$H$180:$L$180","bodyAddress":"$H$181:$L$218","_name":"отдача"}},"emcosID":null,"emcosMLID":null,"codMaketTEP":null,"codTEP":null,"WSName":"DB","rangeAddress":"$H$179:$L$218","headAddress":"$H$179:$L$179","bodyAddress":"$H$180:$L$218","_name":"Генерация Аксу ГЭС"}},"codPlan":null,"meterCoef":null,"_name":"Генерация Аксу ГЭС"}