{"ID":"23854f78-6faf-4301-937f-118782b44be6","childs":{"PS":{"_level":0,"parentID":"23854f78-6faf-4301-937f-118782b44be6","firstParentID":"23854f78-6faf-4301-937f-118782b44be6","ID":"bb056f99-d487-424f-a184-bfa7b0ec62f4","childs":{"прием":{"_level":1,"parentID":"bb056f99-d487-424f-a184-bfa7b0ec62f4","firstParentID":"23854f78-6faf-4301-937f-118782b44be6","ID":"24734122-bee1-4c01-9b9d-a945d31fe86c","childs":{"по счетчику":{"_level":2,"parentID":"24734122-bee1-4c01-9b9d-a945d31fe86c","firstParentID":"23854f78-6faf-4301-937f-118782b44be6","ID":"91e8f126-4c74-46e0-960f-0f7b8cccf75d","childs":null,"emcosID":null,"emcosMLID":null,"codMaketTEP":null,"codTEP":null,"WSName":"PS","rangeAddress":"$CT$99:$CT$135","headAddress":"$CT$99","bodyAddress":"$CT$100:$CT$135","_name":"по счетчику"}},"emcosID":null,"emcosMLID":null,"codMaketTEP":null,"codTEP":null,"WSName":"PS","rangeAddress":"$CT$98:$CT$135","headAddress":"$CT$98","bodyAddress":"$CT$99:$CT$135","_name":"прием"},"отдача":{"_level":1,"parentID":"bb056f99-d487-424f-a184-bfa7b0ec62f4","firstParentID":"23854f78-6faf-4301-937f-118782b44be6","ID":"fbedee2f-76b0-42f9-b1a5-a711f04db919","childs":{"по счетчику":{"_level":2,"parentID":"fbedee2f-76b0-42f9-b1a5-a711f04db919","firstParentID":"23854f78-6faf-4301-937f-118782b44be6","ID":"8ad4d819-e49f-49d3-9285-562068391f18","childs":null,"emcosID":null,"emcosMLID":null,"codMaketTEP":null,"codTEP":null,"WSName":"PS","rangeAddress":"$CU$99:$CU$135","headAddress":"$CU$99","bodyAddress":"$CU$100:$CU$135","_name":"по счетчику"}},"emcosID":null,"emcosMLID":null,"codMaketTEP":null,"codTEP":null,"WSName":"PS","rangeAddress":"$CU$98:$CU$135","headAddress":"$CU$98","bodyAddress":"$CU$99:$CU$135","_name":"отдача"}},"emcosID":null,"emcosMLID":null,"codMaketTEP":null,"codTEP":null,"WSName":"PS","rangeAddress":"$CT$97:$CU$135","headAddress":"$CT$97:$CU$97","bodyAddress":"$CT$98:$CU$135","_name":"КЛ58 ПС152 Талдыкорган"},"DB":{"_level":0,"parentID":"23854f78-6faf-4301-937f-118782b44be6","firstParentID":"23854f78-6faf-4301-937f-118782b44be6","ID":"d3a85f51-7351-43a0-b263-6f33ba67bc5b","childs":{"прием":{"_level":1,"parentID":"d3a85f51-7351-43a0-b263-6f33ba67bc5b","firstParentID":"23854f78-6faf-4301-937f-118782b44be6","ID":"31def192-d782-49c7-8063-4af447d6eca5","childs":{"код":{"_level":2,"parentID":"31def192-d782-49c7-8063-4af447d6eca5","firstParentID":"23854f78-6faf-4301-937f-118782b44be6","ID":"b67e7355-30cf-4284-a45a-a560ca5ede02","childs":null,"emcosID":null,"emcosMLID":null,"codMaketTEP":null,"codTEP":null,"WSName":"DB","rangeAddress":"$FC$310:$FC$347","headAddress":"$FC$310","bodyAddress":"$FC$311:$FC$347","_name":"код"},"основное":{"_level":2,"parentID":"31def192-d782-49c7-8063-4af447d6eca5","firstParentID":"23854f78-6faf-4301-937f-118782b44be6","ID":"8f05c438-f990-487b-96d7-881234fb8b26","childs":null,"emcosID":null,"emcosMLID":null,"codMaketTEP":null,"codTEP":null,"WSName":"DB","rangeAddress":"$FD$310:$FD$347","headAddress":"$FD$310","bodyAddress":"$FD$311:$FD$347","_name":"основное"},"корректировка факт":{"_level":2,"parentID":"31def192-d782-49c7-8063-4af447d6eca5","firstParentID":"23854f78-6faf-4301-937f-118782b44be6","ID":"5db4ea6d-af2d-4364-a3a9-977c9f91a035","childs":null,"emcosID":null,"emcosMLID":null,"codMaketTEP":null,"codTEP":null,"WSName":"DB","rangeAddress":"$FE$310:$FE$347","headAddress":"$FE$310","bodyAddress":"$FE$311:$FE$347","_name":"корректировка факт"},"ручное":{"_level":2,"parentID":"31def192-d782-49c7-8063-4af447d6eca5","firstParentID":"23854f78-6faf-4301-937f-118782b44be6","ID":"0501b59c-22ec-4cc1-87de-63509c1aee5d","childs":null,"emcosID":null,"emcosMLID":null,"codMaketTEP":null,"codTEP":null,"WSName":"DB","rangeAddress":"$FF$310:$FF$347","headAddress":"$FF$310","bodyAddress":"$FF$311:$FF$347","_name":"ручное"},"оперативное":{"_level":2,"parentID":"31def192-d782-49c7-8063-4af447d6eca5","firstParentID":"23854f78-6faf-4301-937f-118782b44be6","ID":"8bcf1ff8-1449-475e-a734-4a0440de2adc","childs":null,"emcosID":null,"emcosMLID":null,"codMaketTEP":null,"codTEP":null,"WSName":"DB","rangeAddress":"$FG$310:$FG$347","headAddress":"$FG$310","bodyAddress":"$FG$311:$FG$347","_name":"оперативное"},"счетчик":{"_level":2,"parentID":"31def192-d782-49c7-8063-4af447d6eca5","firstParentID":"23854f78-6faf-4301-937f-118782b44be6","ID":"ba0fc1d4-2f3f-4c9f-83f2-d86c9a0fdd4e","childs":null,"emcosID":null,"emcosMLID":null,"codMaketTEP":null,"codTEP":null,"WSName":"DB","rangeAddress":"$FH$310:$FH$347","headAddress":"$FH$310","bodyAddress":"$FH$311:$FH$347","_name":"счетчик"},"по счетчику":{"_level":2,"parentID":"31def192-d782-49c7-8063-4af447d6eca5","firstParentID":"23854f78-6faf-4301-937f-118782b44be6","ID":"4513ff4d-91be-46c1-886d-3cd72a36b2b6","childs":null,"emcosID":null,"emcosMLID":null,"codMaketTEP":null,"codTEP":null,"WSName":"DB","rangeAddress":"$FI$310:$FI$347","headAddress":"$FI$310","bodyAddress":"$FI$311:$FI$347","_name":"по счетчику"}},"emcosID":null,"emcosMLID":null,"codMaketTEP":null,"codTEP":null,"WSName":"DB","rangeAddress":"$FC$309:$FI$347","headAddress":"$FC$309:$FI$309","bodyAddress":"$FC$310:$FI$347","_name":"прием"},"отдача":{"_level":1,"parentID":"d3a85f51-7351-43a0-b263-6f33ba67bc5b","firstParentID":"23854f78-6faf-4301-937f-118782b44be6","ID":"9a01069c-4091-45a6-8a89-25ae727d3da1","childs":{"код":{"_level":2,"parentID":"9a01069c-4091-45a6-8a89-25ae727d3da1","firstParentID":"23854f78-6faf-4301-937f-118782b44be6","ID":"157b20da-e6da-445c-9b88-091406510dc2","childs":null,"emcosID":null,"emcosMLID":null,"codMaketTEP":null,"codTEP":null,"WSName":"DB","rangeAddress":"$FJ$310:$FJ$347","headAddress":"$FJ$310","bodyAddress":"$FJ$311:$FJ$347","_name":"код"},"основное":{"_level":2,"parentID":"9a01069c-4091-45a6-8a89-25ae727d3da1","firstParentID":"23854f78-6faf-4301-937f-118782b44be6","ID":"1859c2ea-3957-4b4f-8544-75138bfc84b0","childs":null,"emcosID":null,"emcosMLID":null,"codMaketTEP":null,"codTEP":null,"WSName":"DB","rangeAddress":"$FK$310:$FK$347","headAddress":"$FK$310","bodyAddress":"$FK$311:$FK$347","_name":"основное"},"корректировка факт":{"_level":2,"parentID":"9a01069c-4091-45a6-8a89-25ae727d3da1","firstParentID":"23854f78-6faf-4301-937f-118782b44be6","ID":"bcf558fb-92f1-4388-8d88-0e38a12cf662","childs":null,"emcosID":null,"emcosMLID":null,"codMaketTEP":null,"codTEP":null,"WSName":"DB","rangeAddress":"$FL$310:$FL$347","headAddress":"$FL$310","bodyAddress":"$FL$311:$FL$347","_name":"корректировка факт"},"ручное":{"_level":2,"parentID":"9a01069c-4091-45a6-8a89-25ae727d3da1","firstParentID":"23854f78-6faf-4301-937f-118782b44be6","ID":"e2c2147a-cd84-4577-8d08-ecae57492633","childs":null,"emcosID":null,"emcosMLID":null,"codMaketTEP":null,"codTEP":null,"WSName":"DB","rangeAddress":"$FM$310:$FM$347","headAddress":"$FM$310","bodyAddress":"$FM$311:$FM$347","_name":"ручное"},"оперативное":{"_level":2,"parentID":"9a01069c-4091-45a6-8a89-25ae727d3da1","firstParentID":"23854f78-6faf-4301-937f-118782b44be6","ID":"2de014c8-e8e8-4737-9c90-43b150a0b51e","childs":null,"emcosID":null,"emcosMLID":null,"codMaketTEP":null,"codTEP":null,"WSName":"DB","rangeAddress":"$FN$310:$FN$347","headAddress":"$FN$310","bodyAddress":"$FN$311:$FN$347","_name":"оперативное"},"счетчик":{"_level":2,"parentID":"9a01069c-4091-45a6-8a89-25ae727d3da1","firstParentID":"23854f78-6faf-4301-937f-118782b44be6","ID":"faeb1be2-713e-4ebb-9ba4-2567e100a47d","childs":null,"emcosID":null,"emcosMLID":null,"codMaketTEP":null,"codTEP":null,"WSName":"DB","rangeAddress":"$FO$310:$FO$347","headAddress":"$FO$310","bodyAddress":"$FO$311:$FO$347","_name":"счетчик"},"по счетчику":{"_level":2,"parentID":"9a01069c-4091-45a6-8a89-25ae727d3da1","firstParentID":"23854f78-6faf-4301-937f-118782b44be6","ID":"948e1c5a-21c5-45cd-9128-19c9387f3ca3","childs":null,"emcosID":null,"emcosMLID":null,"codMaketTEP":null,"codTEP":null,"WSName":"DB","rangeAddress":"$FP$310:$FP$347","headAddress":"$FP$310","bodyAddress":"$FP$311:$FP$347","_name":"по счетчику"}},"emcosID":null,"emcosMLID":null,"codMaketTEP":null,"codTEP":null,"WSName":"DB","rangeAddress":"$FJ$309:$FP$347","headAddress":"$FJ$309:$FP$309","bodyAddress":"$FJ$310:$FP$347","_name":"отдача"}},"emcosID":null,"emcosMLID":null,"codMaketTEP":null,"codTEP":null,"WSName":"DB","rangeAddress":"$FC$308:$FP$347","headAddress":"$FC$308:$FP$308","bodyAddress":"$FC$309:$FP$347","_name":"КЛ58 ПС152 Талдыкорган"}},"codPlan":null,"meterCoef":null,"_name":"КЛ58 ПС152 Талдыкорган"}