{"ID":"23b47165-6b75-4f0f-88b6-e4736420598a","childs":{"PS":{"_level":0,"parentID":"23b47165-6b75-4f0f-88b6-e4736420598a","firstParentID":"23b47165-6b75-4f0f-88b6-e4736420598a","ID":"7905f5db-4a74-426f-9dbf-11761037eb15","childs":{"прием":{"_level":1,"parentID":"7905f5db-4a74-426f-9dbf-11761037eb15","firstParentID":"23b47165-6b75-4f0f-88b6-e4736420598a","ID":"99ca9048-8ccd-4d04-a9ca-9b39c11fb000","childs":{"по счетчику":{"_level":2,"parentID":"99ca9048-8ccd-4d04-a9ca-9b39c11fb000","firstParentID":"23b47165-6b75-4f0f-88b6-e4736420598a","ID":"df933e7a-072d-4d58-9ced-661f5e44f970","childs":null,"emcosID":null,"emcosMLID":null,"codMaketTEP":null,"codTEP":null,"WSName":"PS","rangeAddress":"$DB$56:$DB$92","headAddress":"$DB$56","bodyAddress":"$DB$57:$DB$92","_name":"по счетчику"}},"emcosID":null,"emcosMLID":null,"codMaketTEP":null,"codTEP":null,"WSName":"PS","rangeAddress":"$DB$55:$DB$92","headAddress":"$DB$55","bodyAddress":"$DB$56:$DB$92","_name":"прием"},"отдача":{"_level":1,"parentID":"7905f5db-4a74-426f-9dbf-11761037eb15","firstParentID":"23b47165-6b75-4f0f-88b6-e4736420598a","ID":"284284f0-f868-4ff9-b6b2-c967517154f1","childs":{"по счетчику":{"_level":2,"parentID":"284284f0-f868-4ff9-b6b2-c967517154f1","firstParentID":"23b47165-6b75-4f0f-88b6-e4736420598a","ID":"42e850fc-9f8c-4c8d-b5f0-9241352bee6f","childs":null,"emcosID":null,"emcosMLID":null,"codMaketTEP":null,"codTEP":null,"WSName":"PS","rangeAddress":"$DC$56:$DC$92","headAddress":"$DC$56","bodyAddress":"$DC$57:$DC$92","_name":"по счетчику"}},"emcosID":null,"emcosMLID":null,"codMaketTEP":null,"codTEP":null,"WSName":"PS","rangeAddress":"$DC$55:$DC$92","headAddress":"$DC$55","bodyAddress":"$DC$56:$DC$92","_name":"отдача"}},"emcosID":null,"emcosMLID":null,"codMaketTEP":null,"codTEP":null,"WSName":"PS","rangeAddress":"$DB$54:$DC$92","headAddress":"$DB$54:$DC$54","bodyAddress":"$DB$55:$DC$92","_name":"Л2503 Алматы"},"DB":{"_level":0,"parentID":"23b47165-6b75-4f0f-88b6-e4736420598a","firstParentID":"23b47165-6b75-4f0f-88b6-e4736420598a","ID":"239264b5-fac3-480c-af8c-a2da35e779f3","childs":{"прием":{"_level":1,"parentID":"239264b5-fac3-480c-af8c-a2da35e779f3","firstParentID":"23b47165-6b75-4f0f-88b6-e4736420598a","ID":"05130c8a-59a5-4e8b-8165-7b3f0b19e05a","childs":{"код":{"_level":2,"parentID":"05130c8a-59a5-4e8b-8165-7b3f0b19e05a","firstParentID":"23b47165-6b75-4f0f-88b6-e4736420598a","ID":"24c801fb-2dff-429f-b213-4ce41b5f5b74","childs":null,"emcosID":null,"emcosMLID":null,"codMaketTEP":null,"codTEP":null,"WSName":"DB","rangeAddress":"$GG$267:$GG$304","headAddress":"$GG$267","bodyAddress":"$GG$268:$GG$304","_name":"код"},"основное":{"_level":2,"parentID":"05130c8a-59a5-4e8b-8165-7b3f0b19e05a","firstParentID":"23b47165-6b75-4f0f-88b6-e4736420598a","ID":"6ec69dbf-bf44-44b4-ae57-b03158db011f","childs":null,"emcosID":null,"emcosMLID":null,"codMaketTEP":null,"codTEP":null,"WSName":"DB","rangeAddress":"$GH$267:$GH$304","headAddress":"$GH$267","bodyAddress":"$GH$268:$GH$304","_name":"основное"},"корректировка факт":{"_level":2,"parentID":"05130c8a-59a5-4e8b-8165-7b3f0b19e05a","firstParentID":"23b47165-6b75-4f0f-88b6-e4736420598a","ID":"d9b41c0c-c271-4de5-b25f-1d37dac014a6","childs":null,"emcosID":null,"emcosMLID":null,"codMaketTEP":null,"codTEP":null,"WSName":"DB","rangeAddress":"$GI$267:$GI$304","headAddress":"$GI$267","bodyAddress":"$GI$268:$GI$304","_name":"корректировка факт"},"ручное":{"_level":2,"parentID":"05130c8a-59a5-4e8b-8165-7b3f0b19e05a","firstParentID":"23b47165-6b75-4f0f-88b6-e4736420598a","ID":"c0e325ee-4f80-4490-a53c-7fa1643c5b51","childs":null,"emcosID":null,"emcosMLID":null,"codMaketTEP":null,"codTEP":null,"WSName":"DB","rangeAddress":"$GJ$267:$GJ$304","headAddress":"$GJ$267","bodyAddress":"$GJ$268:$GJ$304","_name":"ручное"},"аскуэ":{"_level":2,"parentID":"05130c8a-59a5-4e8b-8165-7b3f0b19e05a","firstParentID":"23b47165-6b75-4f0f-88b6-e4736420598a","ID":"24043036-0d6e-4972-bcca-ddbf45c92b69","childs":null,"emcosID":null,"emcosMLID":null,"codMaketTEP":null,"codTEP":null,"WSName":"DB","rangeAddress":"$GK$267:$GK$304","headAddress":"$GK$267","bodyAddress":"$GK$268:$GK$304","_name":"аскуэ"},"счетчик":{"_level":2,"parentID":"05130c8a-59a5-4e8b-8165-7b3f0b19e05a","firstParentID":"23b47165-6b75-4f0f-88b6-e4736420598a","ID":"036573f4-b383-49e7-b004-3ceada82621d","childs":null,"emcosID":null,"emcosMLID":null,"codMaketTEP":null,"codTEP":null,"WSName":"DB","rangeAddress":"$GL$267:$GL$304","headAddress":"$GL$267","bodyAddress":"$GL$268:$GL$304","_name":"счетчик"},"по счетчику":{"_level":2,"parentID":"05130c8a-59a5-4e8b-8165-7b3f0b19e05a","firstParentID":"23b47165-6b75-4f0f-88b6-e4736420598a","ID":"15d64a4a-d3fb-4224-b281-319e3703abba","childs":null,"emcosID":null,"emcosMLID":null,"codMaketTEP":null,"codTEP":null,"WSName":"DB","rangeAddress":"$GM$267:$GM$304","headAddress":"$GM$267","bodyAddress":"$GM$268:$GM$304","_name":"по счетчику"}},"emcosID":null,"emcosMLID":null,"codMaketTEP":null,"codTEP":null,"WSName":"DB","rangeAddress":"$GG$266:$GM$304","headAddress":"$GG$266:$GM$266","bodyAddress":"$GG$267:$GM$304","_name":"прием"},"отдача":{"_level":1,"parentID":"239264b5-fac3-480c-af8c-a2da35e779f3","firstParentID":"23b47165-6b75-4f0f-88b6-e4736420598a","ID":"95228b05-f525-44fe-b8c8-8e7bdb3cd65c","childs":{"код":{"_level":2,"parentID":"95228b05-f525-44fe-b8c8-8e7bdb3cd65c","firstParentID":"23b47165-6b75-4f0f-88b6-e4736420598a","ID":"8bb49b73-c8fb-45b0-ab7b-09a0cb5ea002","childs":null,"emcosID":null,"emcosMLID":null,"codMaketTEP":null,"codTEP":null,"WSName":"DB","rangeAddress":"$GN$267:$GN$304","headAddress":"$GN$267","bodyAddress":"$GN$268:$GN$304","_name":"код"},"основное":{"_level":2,"parentID":"95228b05-f525-44fe-b8c8-8e7bdb3cd65c","firstParentID":"23b47165-6b75-4f0f-88b6-e4736420598a","ID":"0c2dd8fb-2f04-42dc-81fe-e43c3df19006","childs":null,"emcosID":null,"emcosMLID":null,"codMaketTEP":null,"codTEP":null,"WSName":"DB","rangeAddress":"$GO$267:$GO$304","headAddress":"$GO$267","bodyAddress":"$GO$268:$GO$304","_name":"основное"},"корректировка факт":{"_level":2,"parentID":"95228b05-f525-44fe-b8c8-8e7bdb3cd65c","firstParentID":"23b47165-6b75-4f0f-88b6-e4736420598a","ID":"d4088bb3-bd58-4d82-92f3-3e115b3ace17","childs":null,"emcosID":null,"emcosMLID":null,"codMaketTEP":null,"codTEP":null,"WSName":"DB","rangeAddress":"$GP$267:$GP$304","headAddress":"$GP$267","bodyAddress":"$GP$268:$GP$304","_name":"корректировка факт"},"ручное":{"_level":2,"parentID":"95228b05-f525-44fe-b8c8-8e7bdb3cd65c","firstParentID":"23b47165-6b75-4f0f-88b6-e4736420598a","ID":"0b052067-625f-4025-9c3a-2a54b6a2465a","childs":null,"emcosID":null,"emcosMLID":null,"codMaketTEP":null,"codTEP":null,"WSName":"DB","rangeAddress":"$GQ$267:$GQ$304","headAddress":"$GQ$267","bodyAddress":"$GQ$268:$GQ$304","_name":"ручное"},"аскуэ":{"_level":2,"parentID":"95228b05-f525-44fe-b8c8-8e7bdb3cd65c","firstParentID":"23b47165-6b75-4f0f-88b6-e4736420598a","ID":"4c3d8085-81d9-4b5f-816a-bdc62875c3cf","childs":null,"emcosID":null,"emcosMLID":null,"codMaketTEP":null,"codTEP":null,"WSName":"DB","rangeAddress":"$GR$267:$GR$304","headAddress":"$GR$267","bodyAddress":"$GR$268:$GR$304","_name":"аскуэ"},"счетчик":{"_level":2,"parentID":"95228b05-f525-44fe-b8c8-8e7bdb3cd65c","firstParentID":"23b47165-6b75-4f0f-88b6-e4736420598a","ID":"bda92bf7-ad77-4afe-8608-d0c49f8e9977","childs":null,"emcosID":null,"emcosMLID":null,"codMaketTEP":null,"codTEP":null,"WSName":"DB","rangeAddress":"$GS$267:$GS$304","headAddress":"$GS$267","bodyAddress":"$GS$268:$GS$304","_name":"счетчик"},"по счетчику":{"_level":2,"parentID":"95228b05-f525-44fe-b8c8-8e7bdb3cd65c","firstParentID":"23b47165-6b75-4f0f-88b6-e4736420598a","ID":"7143efed-6cc2-48dd-bc25-71a41755e4d6","childs":null,"emcosID":null,"emcosMLID":null,"codMaketTEP":null,"codTEP":null,"WSName":"DB","rangeAddress":"$GT$267:$GT$304","headAddress":"$GT$267","bodyAddress":"$GT$268:$GT$304","_name":"по счетчику"}},"emcosID":null,"emcosMLID":null,"codMaketTEP":null,"codTEP":null,"WSName":"DB","rangeAddress":"$GN$266:$GT$304","headAddress":"$GN$266:$GT$266","bodyAddress":"$GN$267:$GT$304","_name":"отдача"}},"emcosID":null,"emcosMLID":null,"codMaketTEP":null,"codTEP":null,"WSName":"DB","rangeAddress":"$GG$265:$GT$304","headAddress":"$GG$265:$GT$265","bodyAddress":"$GG$266:$GT$304","_name":"Л2503 Алматы"}},"codPlan":null,"meterCoef":"2200","_name":"Л2503 Алматы"}