{"ID":"24088964-e47c-41b8-b293-fb684b7f691b","childs":{"PS":{"_level":0,"parentID":"24088964-e47c-41b8-b293-fb684b7f691b","firstParentID":"24088964-e47c-41b8-b293-fb684b7f691b","ID":"8ccd3357-561f-4f65-b00f-fc57953e7177","childs":{"прием":{"_level":1,"parentID":"8ccd3357-561f-4f65-b00f-fc57953e7177","firstParentID":"24088964-e47c-41b8-b293-fb684b7f691b","ID":"d3806bcc-4b84-4a1c-9137-10ecee70a886","childs":{"формула":{"_level":2,"parentID":"d3806bcc-4b84-4a1c-9137-10ecee70a886","firstParentID":"24088964-e47c-41b8-b293-fb684b7f691b","ID":"5b987580-cc12-45d4-a96a-c94cb987a14e","childs":null,"emcosID":null,"emcosMLID":null,"codMaketTEP":null,"codTEP":null,"WSName":"PS","rangeAddress":"$H$185:$H$221","headAddress":"$H$185","bodyAddress":"$H$186:$H$221","_name":"формула"}},"emcosID":null,"emcosMLID":null,"codMaketTEP":null,"codTEP":null,"WSName":"PS","rangeAddress":"$H$184:$H$221","headAddress":"$H$184","bodyAddress":"$H$185:$H$221","_name":"прием"}},"emcosID":null,"emcosMLID":null,"codMaketTEP":null,"codTEP":null,"WSName":"PS","rangeAddress":"$H$183:$H$221","headAddress":"$H$183","bodyAddress":"$H$184:$H$221","_name":"Потребление Каз Ферро Сталь"},"DB":{"_level":0,"parentID":"24088964-e47c-41b8-b293-fb684b7f691b","firstParentID":"24088964-e47c-41b8-b293-fb684b7f691b","ID":"d30a49fe-088d-4b10-b673-603ddcf1aff7","childs":{"прием":{"_level":1,"parentID":"d30a49fe-088d-4b10-b673-603ddcf1aff7","firstParentID":"24088964-e47c-41b8-b293-fb684b7f691b","ID":"18368fd5-fccd-41c2-84d6-1bf68ae1be7a","childs":{"код":{"_level":2,"parentID":"18368fd5-fccd-41c2-84d6-1bf68ae1be7a","firstParentID":"24088964-e47c-41b8-b293-fb684b7f691b","ID":"f0a70d74-9b9e-4a3b-b594-f469d61b5885","childs":null,"emcosID":null,"emcosMLID":null,"codMaketTEP":null,"codTEP":null,"WSName":"DB","rangeAddress":"$IH$353:$IH$390","headAddress":"$IH$353","bodyAddress":"$IH$354:$IH$390","_name":"код"},"основное":{"_level":2,"parentID":"18368fd5-fccd-41c2-84d6-1bf68ae1be7a","firstParentID":"24088964-e47c-41b8-b293-fb684b7f691b","ID":"0ef8ac0b-f413-475f-b1ef-305a4359b653","childs":null,"emcosID":null,"emcosMLID":null,"codMaketTEP":null,"codTEP":null,"WSName":"DB","rangeAddress":"$II$353:$II$390","headAddress":"$II$353","bodyAddress":"$II$354:$II$390","_name":"основное"},"корректировка факт":{"_level":2,"parentID":"18368fd5-fccd-41c2-84d6-1bf68ae1be7a","firstParentID":"24088964-e47c-41b8-b293-fb684b7f691b","ID":"287f1519-7520-4e12-8455-d8996fa95fdf","childs":null,"emcosID":null,"emcosMLID":null,"codMaketTEP":null,"codTEP":null,"WSName":"DB","rangeAddress":"$IJ$353:$IJ$390","headAddress":"$IJ$353","bodyAddress":"$IJ$354:$IJ$390","_name":"корректировка факт"},"ручное":{"_level":2,"parentID":"18368fd5-fccd-41c2-84d6-1bf68ae1be7a","firstParentID":"24088964-e47c-41b8-b293-fb684b7f691b","ID":"dab85988-3113-4ce3-b9a2-9673e3b3eee1","childs":null,"emcosID":null,"emcosMLID":null,"codMaketTEP":null,"codTEP":null,"WSName":"DB","rangeAddress":"$IK$353:$IK$390","headAddress":"$IK$353","bodyAddress":"$IK$354:$IK$390","_name":"ручное"},"формула":{"_level":2,"parentID":"18368fd5-fccd-41c2-84d6-1bf68ae1be7a","firstParentID":"24088964-e47c-41b8-b293-fb684b7f691b","ID":"dccfc55b-d321-4185-836f-3081acf4d5b3","childs":null,"emcosID":null,"emcosMLID":null,"codMaketTEP":null,"codTEP":null,"WSName":"DB","rangeAddress":"$IL$353:$IL$390","headAddress":"$IL$353","bodyAddress":"$IL$354:$IL$390","_name":"формула"}},"emcosID":null,"emcosMLID":null,"codMaketTEP":null,"codTEP":null,"WSName":"DB","rangeAddress":"$IH$352:$IL$390","headAddress":"$IH$352:$IL$352","bodyAddress":"$IH$353:$IL$390","_name":"прием"}},"emcosID":null,"emcosMLID":null,"codMaketTEP":null,"codTEP":null,"WSName":"DB","rangeAddress":"$IH$351:$IL$390","headAddress":"$IH$351:$IL$351","bodyAddress":"$IH$352:$IL$390","_name":"Потребление Каз Ферро Сталь"}},"codPlan":null,"meterCoef":null,"_name":"Потребление Каз Ферро Сталь"}