{"ID":"24d8e521-6c05-4dc4-be7b-787ffbf4fc23","childs":{"PS":{"_level":0,"parentID":"24d8e521-6c05-4dc4-be7b-787ffbf4fc23","firstParentID":"24d8e521-6c05-4dc4-be7b-787ffbf4fc23","ID":"5de4f115-e7c9-4a72-b242-375b3ef47115","childs":{"прием":{"_level":1,"parentID":"5de4f115-e7c9-4a72-b242-375b3ef47115","firstParentID":"24d8e521-6c05-4dc4-be7b-787ffbf4fc23","ID":"2ed338be-d568-46a3-8ba5-8180d8256057","childs":{"формула":{"_level":2,"parentID":"2ed338be-d568-46a3-8ba5-8180d8256057","firstParentID":"24d8e521-6c05-4dc4-be7b-787ffbf4fc23","ID":"aec4d01a-2bb6-4ab0-bb35-bb18f48df25b","childs":null,"emcosID":null,"emcosMLID":null,"codMaketTEP":null,"codTEP":null,"WSName":"PS","rangeAddress":"$BW$228:$BW$264","headAddress":"$BW$228","bodyAddress":"$BW$229:$BW$264","_name":"формула"}},"emcosID":null,"emcosMLID":null,"codMaketTEP":null,"codTEP":null,"WSName":"PS","rangeAddress":"$BW$227:$BW$264","headAddress":"$BW$227","bodyAddress":"$BW$228:$BW$264","_name":"прием"},"план":{"_level":1,"parentID":"5de4f115-e7c9-4a72-b242-375b3ef47115","firstParentID":"24d8e521-6c05-4dc4-be7b-787ffbf4fc23","ID":"3c99b7cf-faec-4897-8dd7-dfdb706dbbd8","childs":{"заявка":{"_level":2,"parentID":"3c99b7cf-faec-4897-8dd7-dfdb706dbbd8","firstParentID":"24d8e521-6c05-4dc4-be7b-787ffbf4fc23","ID":"56adc472-30ee-4a93-9538-5df0ca146f51","childs":null,"emcosID":null,"emcosMLID":null,"codMaketTEP":null,"codTEP":null,"WSName":"PS","rangeAddress":"$BX$228:$BX$264","headAddress":"$BX$228","bodyAddress":"$BX$229:$BX$264","_name":"заявка"}},"emcosID":null,"emcosMLID":null,"codMaketTEP":null,"codTEP":null,"WSName":"PS","rangeAddress":"$BX$227:$BX$264","headAddress":"$BX$227","bodyAddress":"$BX$228:$BX$264","_name":"план"}},"emcosID":null,"emcosMLID":null,"codMaketTEP":null,"codTEP":null,"WSName":"PS","rangeAddress":"$BW$226:$BX$264","headAddress":"$BW$226:$BX$226","bodyAddress":"$BW$227:$BX$264","_name":"с.н. Станции Жетысуского энергоузла"},"DB":{"_level":0,"parentID":"24d8e521-6c05-4dc4-be7b-787ffbf4fc23","firstParentID":"24d8e521-6c05-4dc4-be7b-787ffbf4fc23","ID":"d3f8d96b-08f8-4b8d-a88d-eefe38fbf33c","childs":{"прием":{"_level":1,"parentID":"d3f8d96b-08f8-4b8d-a88d-eefe38fbf33c","firstParentID":"24d8e521-6c05-4dc4-be7b-787ffbf4fc23","ID":"b3ed08c6-605a-402e-879c-a2024f714445","childs":{"код":{"_level":2,"parentID":"b3ed08c6-605a-402e-879c-a2024f714445","firstParentID":"24d8e521-6c05-4dc4-be7b-787ffbf4fc23","ID":"1e1b6568-978c-404f-9f7f-b8c00201d234","childs":null,"emcosID":null,"emcosMLID":null,"codMaketTEP":null,"codTEP":null,"WSName":"DB","rangeAddress":"$Y$224:$Y$261","headAddress":"$Y$224","bodyAddress":"$Y$225:$Y$261","_name":"код"},"основное":{"_level":2,"parentID":"b3ed08c6-605a-402e-879c-a2024f714445","firstParentID":"24d8e521-6c05-4dc4-be7b-787ffbf4fc23","ID":"a6e86fa6-5e62-4dac-bf86-2cfd2ba152d9","childs":null,"emcosID":null,"emcosMLID":null,"codMaketTEP":null,"codTEP":null,"WSName":"DB","rangeAddress":"$Z$224:$Z$261","headAddress":"$Z$224","bodyAddress":"$Z$225:$Z$261","_name":"основное"},"корректировка факт":{"_level":2,"parentID":"b3ed08c6-605a-402e-879c-a2024f714445","firstParentID":"24d8e521-6c05-4dc4-be7b-787ffbf4fc23","ID":"55759534-d13a-474a-8272-9c3020b623b4","childs":null,"emcosID":null,"emcosMLID":null,"codMaketTEP":null,"codTEP":null,"WSName":"DB","rangeAddress":"$AA$224:$AA$261","headAddress":"$AA$224","bodyAddress":"$AA$225:$AA$261","_name":"корректировка факт"},"ручное":{"_level":2,"parentID":"b3ed08c6-605a-402e-879c-a2024f714445","firstParentID":"24d8e521-6c05-4dc4-be7b-787ffbf4fc23","ID":"01393636-c84e-4a7a-a808-da2433dacfd2","childs":null,"emcosID":null,"emcosMLID":null,"codMaketTEP":null,"codTEP":null,"WSName":"DB","rangeAddress":"$AB$224:$AB$261","headAddress":"$AB$224","bodyAddress":"$AB$225:$AB$261","_name":"ручное"},"по плану":{"_level":2,"parentID":"b3ed08c6-605a-402e-879c-a2024f714445","firstParentID":"24d8e521-6c05-4dc4-be7b-787ffbf4fc23","ID":"2b2e6415-f8bf-44f8-b5cc-a02e431bb6db","childs":null,"emcosID":null,"emcosMLID":null,"codMaketTEP":null,"codTEP":null,"WSName":"DB","rangeAddress":"$AC$224:$AC$261","headAddress":"$AC$224","bodyAddress":"$AC$225:$AC$261","_name":"по плану"},"формула":{"_level":2,"parentID":"b3ed08c6-605a-402e-879c-a2024f714445","firstParentID":"24d8e521-6c05-4dc4-be7b-787ffbf4fc23","ID":"5429bb32-5961-4c8a-a77e-2426b9dc3fde","childs":null,"emcosID":null,"emcosMLID":null,"codMaketTEP":null,"codTEP":null,"WSName":"DB","rangeAddress":"$AD$224:$AD$261","headAddress":"$AD$224","bodyAddress":"$AD$225:$AD$261","_name":"формула"}},"emcosID":null,"emcosMLID":null,"codMaketTEP":null,"codTEP":null,"WSName":"DB","rangeAddress":"$Y$223:$AD$261","headAddress":"$Y$223:$AD$223","bodyAddress":"$Y$224:$AD$261","_name":"прием"},"план":{"_level":1,"parentID":"d3f8d96b-08f8-4b8d-a88d-eefe38fbf33c","firstParentID":"24d8e521-6c05-4dc4-be7b-787ffbf4fc23","ID":"f3d37b4d-e12f-4049-bbae-ccf82eff527c","childs":{"код":{"_level":2,"parentID":"f3d37b4d-e12f-4049-bbae-ccf82eff527c","firstParentID":"24d8e521-6c05-4dc4-be7b-787ffbf4fc23","ID":"8f725715-9251-460c-996e-8efc3b625719","childs":null,"emcosID":null,"emcosMLID":null,"codMaketTEP":null,"codTEP":null,"WSName":"DB","rangeAddress":"$AE$224:$AE$261","headAddress":"$AE$224","bodyAddress":"$AE$225:$AE$261","_name":"код"},"основное":{"_level":2,"parentID":"f3d37b4d-e12f-4049-bbae-ccf82eff527c","firstParentID":"24d8e521-6c05-4dc4-be7b-787ffbf4fc23","ID":"c1917699-93ae-41c4-bb81-268a914f1ecc","childs":null,"emcosID":null,"emcosMLID":null,"codMaketTEP":null,"codTEP":null,"WSName":"DB","rangeAddress":"$AF$224:$AF$261","headAddress":"$AF$224","bodyAddress":"$AF$225:$AF$261","_name":"основное"},"заявка":{"_level":2,"parentID":"f3d37b4d-e12f-4049-bbae-ccf82eff527c","firstParentID":"24d8e521-6c05-4dc4-be7b-787ffbf4fc23","ID":"faaafc1c-8d0e-45e9-aec1-1836aa168985","childs":null,"emcosID":null,"emcosMLID":null,"codMaketTEP":null,"codTEP":null,"WSName":"DB","rangeAddress":"$AG$224:$AG$261","headAddress":"$AG$224","bodyAddress":"$AG$225:$AG$261","_name":"заявка"},"утвержденный":{"_level":2,"parentID":"f3d37b4d-e12f-4049-bbae-ccf82eff527c","firstParentID":"24d8e521-6c05-4dc4-be7b-787ffbf4fc23","ID":"a414d118-53bc-460a-9e40-0c426bc67572","childs":null,"emcosID":null,"emcosMLID":null,"codMaketTEP":null,"codTEP":null,"WSName":"DB","rangeAddress":"$AH$224:$AH$261","headAddress":"$AH$224","bodyAddress":"$AH$225:$AH$261","_name":"утвержденный"},"корректировка":{"_level":2,"parentID":"f3d37b4d-e12f-4049-bbae-ccf82eff527c","firstParentID":"24d8e521-6c05-4dc4-be7b-787ffbf4fc23","ID":"23969660-f233-42b0-ac96-01ff640dd9fa","childs":null,"emcosID":null,"emcosMLID":null,"codMaketTEP":null,"codTEP":null,"WSName":"DB","rangeAddress":"$AI$224:$AI$261","headAddress":"$AI$224","bodyAddress":"$AI$225:$AI$261","_name":"корректировка"}},"emcosID":null,"emcosMLID":null,"codMaketTEP":null,"codTEP":null,"WSName":"DB","rangeAddress":"$AE$223:$AI$261","headAddress":"$AE$223:$AI$223","bodyAddress":"$AE$224:$AI$261","_name":"план"}},"emcosID":null,"emcosMLID":null,"codMaketTEP":null,"codTEP":null,"WSName":"DB","rangeAddress":"$Y$222:$AI$261","headAddress":"$Y$222:$AI$222","bodyAddress":"$Y$223:$AI$261","_name":"с.н. Станции Жетысуского энергоузла"}},"codPlan":28,"meterCoef":null,"_name":"с.н. Станции Жетысуского энергоузла"}