{"ID":"24f90a89-ce26-451c-8ba1-a8e15a21b91f","childs":{"PS":{"_level":0,"parentID":"24f90a89-ce26-451c-8ba1-a8e15a21b91f","firstParentID":"24f90a89-ce26-451c-8ba1-a8e15a21b91f","ID":"8ae67b59-6006-4784-8fd0-a7ffe18fa219","childs":{"прием":{"_level":1,"parentID":"8ae67b59-6006-4784-8fd0-a7ffe18fa219","firstParentID":"24f90a89-ce26-451c-8ba1-a8e15a21b91f","ID":"d9165872-4716-4ffd-b86a-33f9610b676d","childs":{"формула":{"_level":2,"parentID":"d9165872-4716-4ffd-b86a-33f9610b676d","firstParentID":"24f90a89-ce26-451c-8ba1-a8e15a21b91f","ID":"fc3f51d4-f69d-4392-be32-6e0ce40d986a","childs":null,"emcosID":null,"emcosMLID":null,"codMaketTEP":null,"codTEP":null,"WSName":"PS","rangeAddress":"$P$185:$P$221","headAddress":"$P$185","bodyAddress":"$P$186:$P$221","_name":"формула"}},"emcosID":null,"emcosMLID":null,"codMaketTEP":null,"codTEP":null,"WSName":"PS","rangeAddress":"$P$184:$P$221","headAddress":"$P$184","bodyAddress":"$P$185:$P$221","_name":"прием"}},"emcosID":null,"emcosMLID":null,"codMaketTEP":null,"codTEP":null,"WSName":"PS","rangeAddress":"$P$183:$P$221","headAddress":"$P$183","bodyAddress":"$P$184:$P$221","_name":"В границах АЖК АБ Энерго Алматы"},"DB":{"_level":0,"parentID":"24f90a89-ce26-451c-8ba1-a8e15a21b91f","firstParentID":"24f90a89-ce26-451c-8ba1-a8e15a21b91f","ID":"d9ca4989-77be-47c5-ad40-880cd84169a1","childs":{"прием":{"_level":1,"parentID":"d9ca4989-77be-47c5-ad40-880cd84169a1","firstParentID":"24f90a89-ce26-451c-8ba1-a8e15a21b91f","ID":"052c63b1-043c-4e77-96dd-121037e5f710","childs":{"код":{"_level":2,"parentID":"052c63b1-043c-4e77-96dd-121037e5f710","firstParentID":"24f90a89-ce26-451c-8ba1-a8e15a21b91f","ID":"d2e1001f-a36c-4c08-92d4-3dff35e1d627","childs":null,"emcosID":null,"emcosMLID":null,"codMaketTEP":null,"codTEP":null,"WSName":"DB","rangeAddress":"$H$482:$H$519","headAddress":"$H$482","bodyAddress":"$H$483:$H$519","_name":"код"},"основное":{"_level":2,"parentID":"052c63b1-043c-4e77-96dd-121037e5f710","firstParentID":"24f90a89-ce26-451c-8ba1-a8e15a21b91f","ID":"bfcf7840-dc4d-44ea-99a5-f1827321fe3e","childs":null,"emcosID":null,"emcosMLID":null,"codMaketTEP":null,"codTEP":null,"WSName":"DB","rangeAddress":"$I$482:$I$519","headAddress":"$I$482","bodyAddress":"$I$483:$I$519","_name":"основное"},"корректировка факт":{"_level":2,"parentID":"052c63b1-043c-4e77-96dd-121037e5f710","firstParentID":"24f90a89-ce26-451c-8ba1-a8e15a21b91f","ID":"e9333b72-14ea-4fa1-a436-823f3a33d14e","childs":null,"emcosID":null,"emcosMLID":null,"codMaketTEP":null,"codTEP":null,"WSName":"DB","rangeAddress":"$J$482:$J$519","headAddress":"$J$482","bodyAddress":"$J$483:$J$519","_name":"корректировка факт"},"ручное":{"_level":2,"parentID":"052c63b1-043c-4e77-96dd-121037e5f710","firstParentID":"24f90a89-ce26-451c-8ba1-a8e15a21b91f","ID":"9811e49b-a493-4511-829b-5134139e2a99","childs":null,"emcosID":null,"emcosMLID":null,"codMaketTEP":null,"codTEP":null,"WSName":"DB","rangeAddress":"$K$482:$K$519","headAddress":"$K$482","bodyAddress":"$K$483:$K$519","_name":"ручное"},"формула":{"_level":2,"parentID":"052c63b1-043c-4e77-96dd-121037e5f710","firstParentID":"24f90a89-ce26-451c-8ba1-a8e15a21b91f","ID":"3df22ccb-e733-41d9-b376-33c4a3bd111e","childs":null,"emcosID":null,"emcosMLID":null,"codMaketTEP":null,"codTEP":null,"WSName":"DB","rangeAddress":"$L$482:$L$519","headAddress":"$L$482","bodyAddress":"$L$483:$L$519","_name":"формула"}},"emcosID":null,"emcosMLID":null,"codMaketTEP":null,"codTEP":null,"WSName":"DB","rangeAddress":"$H$481:$L$519","headAddress":"$H$481:$L$481","bodyAddress":"$H$482:$L$519","_name":"прием"}},"emcosID":null,"emcosMLID":null,"codMaketTEP":null,"codTEP":null,"WSName":"DB","rangeAddress":"$H$480:$L$519","headAddress":"$H$480:$L$480","bodyAddress":"$H$481:$L$519","_name":"В границах АЖК АБ Энерго Алматы"}},"codPlan":null,"meterCoef":null,"_name":"В границах АЖК АБ Энерго Алматы"}