{"ID":"24f90a89-ce26-451c-8ba1-a8e15a21b91f","childs":{"PS":{"_level":0,"parentID":"24f90a89-ce26-451c-8ba1-a8e15a21b91f","firstParentID":"24f90a89-ce26-451c-8ba1-a8e15a21b91f","ID":"8ae67b59-6006-4784-8fd0-a7ffe18fa219","childs":{"прием":{"_level":1,"parentID":"8ae67b59-6006-4784-8fd0-a7ffe18fa219","firstParentID":"24f90a89-ce26-451c-8ba1-a8e15a21b91f","ID":"d9165872-4716-4ffd-b86a-33f9610b676d","childs":{"формула":{"_level":2,"parentID":"d9165872-4716-4ffd-b86a-33f9610b676d","firstParentID":"24f90a89-ce26-451c-8ba1-a8e15a21b91f","ID":"fc3f51d4-f69d-4392-be32-6e0ce40d986a","childs":null,"emcosID":null,"emcosMLID":null,"codMaketTEP":null,"codTEP":null,"WSName":"PS","rangeAddress":"$K$185:$K$221","headAddress":"$K$185","bodyAddress":"$K$186:$K$221","_name":"формула"}},"emcosID":null,"emcosMLID":null,"codMaketTEP":null,"codTEP":null,"WSName":"PS","rangeAddress":"$K$184:$K$221","headAddress":"$K$184","bodyAddress":"$K$185:$K$221","_name":"прием"}},"emcosID":null,"emcosMLID":null,"codMaketTEP":null,"codTEP":null,"WSName":"PS","rangeAddress":"$K$183:$K$221","headAddress":"$K$183","bodyAddress":"$K$184:$K$221","_name":"В границах АЖК АБ Энерго Алматы"},"DB":{"_level":0,"parentID":"24f90a89-ce26-451c-8ba1-a8e15a21b91f","firstParentID":"24f90a89-ce26-451c-8ba1-a8e15a21b91f","ID":"d9ca4989-77be-47c5-ad40-880cd84169a1","childs":{"прием":{"_level":1,"parentID":"d9ca4989-77be-47c5-ad40-880cd84169a1","firstParentID":"24f90a89-ce26-451c-8ba1-a8e15a21b91f","ID":"052c63b1-043c-4e77-96dd-121037e5f710","childs":{"код":{"_level":2,"parentID":"052c63b1-043c-4e77-96dd-121037e5f710","firstParentID":"24f90a89-ce26-451c-8ba1-a8e15a21b91f","ID":"d2e1001f-a36c-4c08-92d4-3dff35e1d627","childs":null,"emcosID":null,"emcosMLID":null,"codMaketTEP":null,"codTEP":null,"WSName":"DB","rangeAddress":"$CV$482:$CV$519","headAddress":"$CV$482","bodyAddress":"$CV$483:$CV$519","_name":"код"},"основное":{"_level":2,"parentID":"052c63b1-043c-4e77-96dd-121037e5f710","firstParentID":"24f90a89-ce26-451c-8ba1-a8e15a21b91f","ID":"bfcf7840-dc4d-44ea-99a5-f1827321fe3e","childs":null,"emcosID":null,"emcosMLID":null,"codMaketTEP":null,"codTEP":null,"WSName":"DB","rangeAddress":"$CW$482:$CW$519","headAddress":"$CW$482","bodyAddress":"$CW$483:$CW$519","_name":"основное"},"корректировка факт":{"_level":2,"parentID":"052c63b1-043c-4e77-96dd-121037e5f710","firstParentID":"24f90a89-ce26-451c-8ba1-a8e15a21b91f","ID":"e9333b72-14ea-4fa1-a436-823f3a33d14e","childs":null,"emcosID":null,"emcosMLID":null,"codMaketTEP":null,"codTEP":null,"WSName":"DB","rangeAddress":"$CX$482:$CX$519","headAddress":"$CX$482","bodyAddress":"$CX$483:$CX$519","_name":"корректировка факт"},"ручное":{"_level":2,"parentID":"052c63b1-043c-4e77-96dd-121037e5f710","firstParentID":"24f90a89-ce26-451c-8ba1-a8e15a21b91f","ID":"9811e49b-a493-4511-829b-5134139e2a99","childs":null,"emcosID":null,"emcosMLID":null,"codMaketTEP":null,"codTEP":null,"WSName":"DB","rangeAddress":"$CY$482:$CY$519","headAddress":"$CY$482","bodyAddress":"$CY$483:$CY$519","_name":"ручное"},"формула":{"_level":2,"parentID":"052c63b1-043c-4e77-96dd-121037e5f710","firstParentID":"24f90a89-ce26-451c-8ba1-a8e15a21b91f","ID":"3df22ccb-e733-41d9-b376-33c4a3bd111e","childs":null,"emcosID":null,"emcosMLID":null,"codMaketTEP":null,"codTEP":null,"WSName":"DB","rangeAddress":"$CZ$482:$CZ$519","headAddress":"$CZ$482","bodyAddress":"$CZ$483:$CZ$519","_name":"формула"}},"emcosID":null,"emcosMLID":null,"codMaketTEP":null,"codTEP":null,"WSName":"DB","rangeAddress":"$CV$481:$CZ$519","headAddress":"$CV$481:$CZ$481","bodyAddress":"$CV$482:$CZ$519","_name":"прием"}},"emcosID":null,"emcosMLID":null,"codMaketTEP":null,"codTEP":null,"WSName":"DB","rangeAddress":"$CV$480:$CZ$519","headAddress":"$CV$480:$CZ$480","bodyAddress":"$CV$481:$CZ$519","_name":"В границах АЖК АБ Энерго Алматы"}},"codPlan":null,"meterCoef":null,"_name":"В границах АЖК АБ Энерго Алматы"}