{"ID":"25c717d7-bf84-447f-b5c4-838414005e21","childs":{"PS":{"_level":0,"parentID":"25c717d7-bf84-447f-b5c4-838414005e21","firstParentID":"25c717d7-bf84-447f-b5c4-838414005e21","ID":"7d839e66-01d9-4810-9b01-bb46b11a539a","childs":{"сальдо":{"_level":1,"parentID":"7d839e66-01d9-4810-9b01-bb46b11a539a","firstParentID":"25c717d7-bf84-447f-b5c4-838414005e21","ID":"58c44478-a9c4-4e36-89d5-05be1719c081","childs":{"формула":{"_level":2,"parentID":"58c44478-a9c4-4e36-89d5-05be1719c081","firstParentID":"25c717d7-bf84-447f-b5c4-838414005e21","ID":"935c95c2-b55a-439f-b19d-4c92474c281e","childs":null,"emcosID":null,"emcosMLID":null,"codMaketTEP":null,"codTEP":null,"WSName":"PS","rangeAddress":"$R$13:$R$49","headAddress":"$R$13","bodyAddress":"$R$14:$R$49","_name":"формула"}},"emcosID":null,"emcosMLID":null,"codMaketTEP":null,"codTEP":null,"WSName":"PS","rangeAddress":"$R$12:$R$49","headAddress":"$R$12","bodyAddress":"$R$13:$R$49","_name":"сальдо"}},"emcosID":null,"emcosMLID":null,"codMaketTEP":null,"codTEP":null,"WSName":"PS","rangeAddress":"$R$11:$R$49","headAddress":"$R$11","bodyAddress":"$R$12:$R$49","_name":"Сальдо АЖК без КГЭС Общее"},"DB":{"_level":0,"parentID":"25c717d7-bf84-447f-b5c4-838414005e21","firstParentID":"25c717d7-bf84-447f-b5c4-838414005e21","ID":"9278f42b-2c68-4fc4-9463-7e26669d4cff","childs":{"сальдо":{"_level":1,"parentID":"9278f42b-2c68-4fc4-9463-7e26669d4cff","firstParentID":"25c717d7-bf84-447f-b5c4-838414005e21","ID":"d9b65a66-b185-4e56-be66-3b9af00319c5","childs":{"код":{"_level":2,"parentID":"d9b65a66-b185-4e56-be66-3b9af00319c5","firstParentID":"25c717d7-bf84-447f-b5c4-838414005e21","ID":"8468c8d8-ecfc-4343-b08d-247cbb6c2e30","childs":null,"emcosID":null,"emcosMLID":null,"codMaketTEP":null,"codTEP":null,"WSName":"DB","rangeAddress":"$HC$353:$HC$390","headAddress":"$HC$353","bodyAddress":"$HC$354:$HC$390","_name":"код"},"основное":{"_level":2,"parentID":"d9b65a66-b185-4e56-be66-3b9af00319c5","firstParentID":"25c717d7-bf84-447f-b5c4-838414005e21","ID":"474956fe-42c1-4d03-bafe-6a8f30f5897a","childs":null,"emcosID":null,"emcosMLID":null,"codMaketTEP":null,"codTEP":null,"WSName":"DB","rangeAddress":"$HD$353:$HD$390","headAddress":"$HD$353","bodyAddress":"$HD$354:$HD$390","_name":"основное"},"корректировка факт":{"_level":2,"parentID":"d9b65a66-b185-4e56-be66-3b9af00319c5","firstParentID":"25c717d7-bf84-447f-b5c4-838414005e21","ID":"e5133834-8564-4d48-ae10-dab6c945608e","childs":null,"emcosID":null,"emcosMLID":null,"codMaketTEP":null,"codTEP":null,"WSName":"DB","rangeAddress":"$HE$353:$HE$390","headAddress":"$HE$353","bodyAddress":"$HE$354:$HE$390","_name":"корректировка факт"},"ручное":{"_level":2,"parentID":"d9b65a66-b185-4e56-be66-3b9af00319c5","firstParentID":"25c717d7-bf84-447f-b5c4-838414005e21","ID":"5c1a3eb7-c95e-4ef4-8f7e-ca4600394f98","childs":null,"emcosID":null,"emcosMLID":null,"codMaketTEP":null,"codTEP":null,"WSName":"DB","rangeAddress":"$HF$353:$HF$390","headAddress":"$HF$353","bodyAddress":"$HF$354:$HF$390","_name":"ручное"},"формула":{"_level":2,"parentID":"d9b65a66-b185-4e56-be66-3b9af00319c5","firstParentID":"25c717d7-bf84-447f-b5c4-838414005e21","ID":"f1a55982-997b-4aa5-ad8f-a316423e8383","childs":null,"emcosID":null,"emcosMLID":null,"codMaketTEP":null,"codTEP":null,"WSName":"DB","rangeAddress":"$HG$353:$HG$390","headAddress":"$HG$353","bodyAddress":"$HG$354:$HG$390","_name":"формула"},"оперативное":{"_level":2,"parentID":"d9b65a66-b185-4e56-be66-3b9af00319c5","firstParentID":"25c717d7-bf84-447f-b5c4-838414005e21","ID":"af90a584-4f99-423d-b8a8-b31c710d6790","childs":null,"emcosID":null,"emcosMLID":null,"codMaketTEP":null,"codTEP":null,"WSName":"DB","rangeAddress":"$HH$353:$HH$390","headAddress":"$HH$353","bodyAddress":"$HH$354:$HH$390","_name":"оперативное"}},"emcosID":null,"emcosMLID":null,"codMaketTEP":null,"codTEP":null,"WSName":"DB","rangeAddress":"$HC$352:$HH$390","headAddress":"$HC$352:$HH$352","bodyAddress":"$HC$353:$HH$390","_name":"сальдо"}},"emcosID":null,"emcosMLID":null,"codMaketTEP":null,"codTEP":null,"WSName":"DB","rangeAddress":"$HC$351:$HH$390","headAddress":"$HC$351:$HH$351","bodyAddress":"$HC$352:$HH$390","_name":"Сальдо АЖК без КГЭС Общее"}},"codPlan":null,"meterCoef":null,"_name":"Сальдо АЖК без КГЭС Общее"}