{"ID":"25c8fc7b-eb09-4902-943e-c5c8992a147b","childs":{"PS":{"_level":0,"parentID":"25c8fc7b-eb09-4902-943e-c5c8992a147b","firstParentID":"25c8fc7b-eb09-4902-943e-c5c8992a147b","ID":"3aa558b3-85a8-45ba-8ff8-6112a169529a","childs":{"прием":{"_level":1,"parentID":"3aa558b3-85a8-45ba-8ff8-6112a169529a","firstParentID":"25c8fc7b-eb09-4902-943e-c5c8992a147b","ID":"efbc3165-a3dd-4148-acde-997126636a9a","childs":{"ручное":{"_level":2,"parentID":"efbc3165-a3dd-4148-acde-997126636a9a","firstParentID":"25c8fc7b-eb09-4902-943e-c5c8992a147b","ID":"e968dd50-64a6-496f-8c70-fd75a61a2426","childs":null,"emcosID":null,"emcosMLID":null,"codMaketTEP":null,"codTEP":null,"WSName":"PS","rangeAddress":"$CL$185:$CL$221","headAddress":"$CL$185","bodyAddress":"$CL$186:$CL$221","_name":"ручное"}},"emcosID":null,"emcosMLID":null,"codMaketTEP":null,"codTEP":null,"WSName":"PS","rangeAddress":"$CL$184:$CL$221","headAddress":"$CL$184","bodyAddress":"$CL$185:$CL$221","_name":"прием"}},"emcosID":null,"emcosMLID":null,"codMaketTEP":null,"codTEP":null,"WSName":"PS","rangeAddress":"$CL$183:$CL$221","headAddress":"$CL$183","bodyAddress":"$CL$184:$CL$221","_name":"с.н. M Kat Green СЭС Шу 100"},"DB":{"_level":0,"parentID":"25c8fc7b-eb09-4902-943e-c5c8992a147b","firstParentID":"25c8fc7b-eb09-4902-943e-c5c8992a147b","ID":"ccd2cd7a-a24b-45f4-9061-5876717eaacc","childs":{"прием":{"_level":1,"parentID":"ccd2cd7a-a24b-45f4-9061-5876717eaacc","firstParentID":"25c8fc7b-eb09-4902-943e-c5c8992a147b","ID":"898a13eb-3e85-4bac-949e-ffdcf91faca2","childs":{"код":{"_level":2,"parentID":"898a13eb-3e85-4bac-949e-ffdcf91faca2","firstParentID":"25c8fc7b-eb09-4902-943e-c5c8992a147b","ID":"c598d773-bb36-4640-80db-be651382c5e3","childs":null,"emcosID":null,"emcosMLID":null,"codMaketTEP":null,"codTEP":null,"WSName":"DB","rangeAddress":"$DL$396:$DL$433","headAddress":"$DL$396","bodyAddress":"$DL$397:$DL$433","_name":"код"},"основное":{"_level":2,"parentID":"898a13eb-3e85-4bac-949e-ffdcf91faca2","firstParentID":"25c8fc7b-eb09-4902-943e-c5c8992a147b","ID":"b96d09db-7580-4e89-a9bd-8deb188573c1","childs":null,"emcosID":null,"emcosMLID":null,"codMaketTEP":null,"codTEP":null,"WSName":"DB","rangeAddress":"$DM$396:$DM$433","headAddress":"$DM$396","bodyAddress":"$DM$397:$DM$433","_name":"основное"},"корректировка факт":{"_level":2,"parentID":"898a13eb-3e85-4bac-949e-ffdcf91faca2","firstParentID":"25c8fc7b-eb09-4902-943e-c5c8992a147b","ID":"fce7e06d-7877-4e2c-82d2-ae63cc04a1af","childs":null,"emcosID":null,"emcosMLID":null,"codMaketTEP":null,"codTEP":null,"WSName":"DB","rangeAddress":"$DN$396:$DN$433","headAddress":"$DN$396","bodyAddress":"$DN$397:$DN$433","_name":"корректировка факт"},"ручное":{"_level":2,"parentID":"898a13eb-3e85-4bac-949e-ffdcf91faca2","firstParentID":"25c8fc7b-eb09-4902-943e-c5c8992a147b","ID":"c788f848-e28f-44df-b0e8-ae0ff5ba996d","childs":null,"emcosID":null,"emcosMLID":null,"codMaketTEP":null,"codTEP":null,"WSName":"DB","rangeAddress":"$DO$396:$DO$433","headAddress":"$DO$396","bodyAddress":"$DO$397:$DO$433","_name":"ручное"}},"emcosID":null,"emcosMLID":null,"codMaketTEP":null,"codTEP":null,"WSName":"DB","rangeAddress":"$DL$395:$DO$433","headAddress":"$DL$395:$DO$395","bodyAddress":"$DL$396:$DO$433","_name":"прием"}},"emcosID":null,"emcosMLID":null,"codMaketTEP":null,"codTEP":null,"WSName":"DB","rangeAddress":"$DL$394:$DO$433","headAddress":"$DL$394:$DO$394","bodyAddress":"$DL$395:$DO$433","_name":"с.н. M Kat Green СЭС Шу 100"}},"codPlan":null,"meterCoef":null,"_name":"с.н. M Kat Green СЭС Шу 100"}