{"ID":"264d9e09-952f-4547-8485-c29fee831fe8","childs":{"PS":{"_level":0,"parentID":"264d9e09-952f-4547-8485-c29fee831fe8","firstParentID":"264d9e09-952f-4547-8485-c29fee831fe8","ID":"c82faf77-6ecb-4ce3-98e6-d89190ecee83","childs":{"прием":{"_level":1,"parentID":"c82faf77-6ecb-4ce3-98e6-d89190ecee83","firstParentID":"264d9e09-952f-4547-8485-c29fee831fe8","ID":"e05c0863-7084-4610-b434-7b9547dbf75c","childs":{"ручное":{"_level":2,"parentID":"e05c0863-7084-4610-b434-7b9547dbf75c","firstParentID":"264d9e09-952f-4547-8485-c29fee831fe8","ID":"7697517e-7539-4a05-be6b-71fdf9dc5663","childs":null,"emcosID":null,"emcosMLID":null,"codMaketTEP":null,"codTEP":null,"WSName":"PS","rangeAddress":"$LX$99:$LX$135","headAddress":"$LX$99","bodyAddress":"$LX$100:$LX$135","_name":"ручное"}},"emcosID":null,"emcosMLID":null,"codMaketTEP":null,"codTEP":null,"WSName":"PS","rangeAddress":"$LX$98:$LX$135","headAddress":"$LX$98","bodyAddress":"$LX$99:$LX$135","_name":"прием"}},"emcosID":null,"emcosMLID":null,"codMaketTEP":null,"codTEP":null,"WSName":"PS","rangeAddress":"$LX$97:$LX$135","headAddress":"$LX$97","bodyAddress":"$LX$98:$LX$135","_name":"ТП1 Узун Агач тяга"},"DB":{"_level":0,"parentID":"264d9e09-952f-4547-8485-c29fee831fe8","firstParentID":"264d9e09-952f-4547-8485-c29fee831fe8","ID":"57bb9ac2-8180-4b28-a556-2c0ec11f4440","childs":{"прием":{"_level":1,"parentID":"57bb9ac2-8180-4b28-a556-2c0ec11f4440","firstParentID":"264d9e09-952f-4547-8485-c29fee831fe8","ID":"19b6abfb-3438-4913-8c7a-137f1fae9637","childs":{"код":{"_level":2,"parentID":"19b6abfb-3438-4913-8c7a-137f1fae9637","firstParentID":"264d9e09-952f-4547-8485-c29fee831fe8","ID":"332f42a7-dfed-46fa-b7f6-32ce39a8d0c7","childs":null,"emcosID":null,"emcosMLID":null,"codMaketTEP":null,"codTEP":null,"WSName":"DB","rangeAddress":"$CW$181:$CW$218","headAddress":"$CW$181","bodyAddress":"$CW$182:$CW$218","_name":"код"},"основное":{"_level":2,"parentID":"19b6abfb-3438-4913-8c7a-137f1fae9637","firstParentID":"264d9e09-952f-4547-8485-c29fee831fe8","ID":"187adeb0-a8f1-414c-b10e-407f1f7dd30f","childs":null,"emcosID":null,"emcosMLID":null,"codMaketTEP":null,"codTEP":null,"WSName":"DB","rangeAddress":"$CX$181:$CX$218","headAddress":"$CX$181","bodyAddress":"$CX$182:$CX$218","_name":"основное"},"корректировка факт":{"_level":2,"parentID":"19b6abfb-3438-4913-8c7a-137f1fae9637","firstParentID":"264d9e09-952f-4547-8485-c29fee831fe8","ID":"1eaa218a-6e66-43eb-be08-65612452ead8","childs":null,"emcosID":null,"emcosMLID":null,"codMaketTEP":null,"codTEP":null,"WSName":"DB","rangeAddress":"$CY$181:$CY$218","headAddress":"$CY$181","bodyAddress":"$CY$182:$CY$218","_name":"корректировка факт"},"ручное":{"_level":2,"parentID":"19b6abfb-3438-4913-8c7a-137f1fae9637","firstParentID":"264d9e09-952f-4547-8485-c29fee831fe8","ID":"1c4a7ece-78a1-41f8-8a7d-c6e24f0c2482","childs":null,"emcosID":null,"emcosMLID":null,"codMaketTEP":null,"codTEP":null,"WSName":"DB","rangeAddress":"$CZ$181:$CZ$218","headAddress":"$CZ$181","bodyAddress":"$CZ$182:$CZ$218","_name":"ручное"}},"emcosID":null,"emcosMLID":null,"codMaketTEP":null,"codTEP":null,"WSName":"DB","rangeAddress":"$CW$180:$CZ$218","headAddress":"$CW$180:$CZ$180","bodyAddress":"$CW$181:$CZ$218","_name":"прием"}},"emcosID":null,"emcosMLID":null,"codMaketTEP":null,"codTEP":null,"WSName":"DB","rangeAddress":"$CW$179:$CZ$218","headAddress":"$CW$179:$CZ$179","bodyAddress":"$CW$180:$CZ$218","_name":"ТП1 Узун Агач тяга"}},"codPlan":null,"meterCoef":null,"_name":"ТП1 Узун Агач тяга"}