{"ID":"265cf3ec-3f09-497c-b333-13cf35868756","childs":{"PS":{"_level":0,"parentID":"265cf3ec-3f09-497c-b333-13cf35868756","firstParentID":"265cf3ec-3f09-497c-b333-13cf35868756","ID":"065d8d9c-860c-4e4b-b739-ad90f011579b","childs":{"отдача":{"_level":1,"parentID":"065d8d9c-860c-4e4b-b739-ad90f011579b","firstParentID":"265cf3ec-3f09-497c-b333-13cf35868756","ID":"37c11efe-74f4-4d9c-87b4-6e7362bbf138","childs":{"ручное":{"_level":2,"parentID":"37c11efe-74f4-4d9c-87b4-6e7362bbf138","firstParentID":"265cf3ec-3f09-497c-b333-13cf35868756","ID":"3cd41123-6f75-4f42-92bd-7ea8c8b25efa","childs":null,"emcosID":null,"emcosMLID":null,"codMaketTEP":null,"codTEP":null,"WSName":"PS","rangeAddress":"$BP$228:$BP$264","headAddress":"$BP$228","bodyAddress":"$BP$229:$BP$264","_name":"ручное"}},"emcosID":null,"emcosMLID":null,"codMaketTEP":null,"codTEP":null,"WSName":"PS","rangeAddress":"$BP$227:$BP$264","headAddress":"$BP$227","bodyAddress":"$BP$228:$BP$264","_name":"отдача"}},"emcosID":null,"emcosMLID":null,"codMaketTEP":null,"codTEP":null,"WSName":"PS","rangeAddress":"$BP$226:$BP$264","headAddress":"$BP$226","bodyAddress":"$BP$227:$BP$264","_name":"Генерация Антоновская ГЭС"},"DB":{"_level":0,"parentID":"265cf3ec-3f09-497c-b333-13cf35868756","firstParentID":"265cf3ec-3f09-497c-b333-13cf35868756","ID":"7f4eb270-3631-481e-a7ac-89895cdf21c9","childs":{"отдача":{"_level":1,"parentID":"7f4eb270-3631-481e-a7ac-89895cdf21c9","firstParentID":"265cf3ec-3f09-497c-b333-13cf35868756","ID":"af3da12e-5041-43c7-851e-891fe1ec964e","childs":{"код":{"_level":2,"parentID":"af3da12e-5041-43c7-851e-891fe1ec964e","firstParentID":"265cf3ec-3f09-497c-b333-13cf35868756","ID":"bc7de3ae-bba1-4d04-bfb1-46cf18ea8960","childs":null,"emcosID":null,"emcosMLID":null,"codMaketTEP":null,"codTEP":null,"WSName":"DB","rangeAddress":"$ER$482:$ER$519","headAddress":"$ER$482","bodyAddress":"$ER$483:$ER$519","_name":"код"},"основное":{"_level":2,"parentID":"af3da12e-5041-43c7-851e-891fe1ec964e","firstParentID":"265cf3ec-3f09-497c-b333-13cf35868756","ID":"cb417e9f-6aea-4d54-86b6-a6440d9075dd","childs":null,"emcosID":null,"emcosMLID":null,"codMaketTEP":null,"codTEP":null,"WSName":"DB","rangeAddress":"$ES$482:$ES$519","headAddress":"$ES$482","bodyAddress":"$ES$483:$ES$519","_name":"основное"},"корректировка факт":{"_level":2,"parentID":"af3da12e-5041-43c7-851e-891fe1ec964e","firstParentID":"265cf3ec-3f09-497c-b333-13cf35868756","ID":"06f4c98a-2055-444b-a401-13c34cb030b7","childs":null,"emcosID":null,"emcosMLID":null,"codMaketTEP":null,"codTEP":null,"WSName":"DB","rangeAddress":"$ET$482:$ET$519","headAddress":"$ET$482","bodyAddress":"$ET$483:$ET$519","_name":"корректировка факт"},"ручное":{"_level":2,"parentID":"af3da12e-5041-43c7-851e-891fe1ec964e","firstParentID":"265cf3ec-3f09-497c-b333-13cf35868756","ID":"6617e124-d544-4b55-99bd-3c053abc5e42","childs":null,"emcosID":null,"emcosMLID":null,"codMaketTEP":null,"codTEP":null,"WSName":"DB","rangeAddress":"$EU$482:$EU$519","headAddress":"$EU$482","bodyAddress":"$EU$483:$EU$519","_name":"ручное"}},"emcosID":null,"emcosMLID":null,"codMaketTEP":null,"codTEP":null,"WSName":"DB","rangeAddress":"$ER$481:$EU$519","headAddress":"$ER$481:$EU$481","bodyAddress":"$ER$482:$EU$519","_name":"отдача"}},"emcosID":null,"emcosMLID":null,"codMaketTEP":null,"codTEP":null,"WSName":"DB","rangeAddress":"$ER$480:$EU$519","headAddress":"$ER$480:$EU$480","bodyAddress":"$ER$481:$EU$519","_name":"Генерация Антоновская ГЭС"}},"codPlan":null,"meterCoef":null,"_name":"Генерация Антоновская ГЭС"}