{"ID":"27c0c5ae-e90a-4d4a-9862-8b70e9fc41bf","childs":{"PS":{"_level":0,"parentID":"27c0c5ae-e90a-4d4a-9862-8b70e9fc41bf","firstParentID":"27c0c5ae-e90a-4d4a-9862-8b70e9fc41bf","ID":"665848c4-c9da-4e2a-81ce-0158d59e588c","childs":{"прием":{"_level":1,"parentID":"665848c4-c9da-4e2a-81ce-0158d59e588c","firstParentID":"27c0c5ae-e90a-4d4a-9862-8b70e9fc41bf","ID":"75e204b9-45f7-41bd-ab9d-e710cde3fc13","childs":{"ручное":{"_level":2,"parentID":"75e204b9-45f7-41bd-ab9d-e710cde3fc13","firstParentID":"27c0c5ae-e90a-4d4a-9862-8b70e9fc41bf","ID":"37899dca-4061-4756-b290-b74b90c75dd3","childs":null,"emcosID":null,"emcosMLID":null,"codMaketTEP":null,"codTEP":null,"WSName":"PS","rangeAddress":"$ES$99:$ES$135","headAddress":"$ES$99","bodyAddress":"$ES$100:$ES$135","_name":"ручное"}},"emcosID":null,"emcosMLID":null,"codMaketTEP":null,"codTEP":null,"WSName":"PS","rangeAddress":"$ES$98:$ES$135","headAddress":"$ES$98","bodyAddress":"$ES$99:$ES$135","_name":"прием"},"отдача":{"_level":1,"parentID":"665848c4-c9da-4e2a-81ce-0158d59e588c","firstParentID":"27c0c5ae-e90a-4d4a-9862-8b70e9fc41bf","ID":"c4ef6d82-3cea-43d1-bd71-74802c8b7cb6","childs":{"ручное":{"_level":2,"parentID":"c4ef6d82-3cea-43d1-bd71-74802c8b7cb6","firstParentID":"27c0c5ae-e90a-4d4a-9862-8b70e9fc41bf","ID":"30f92295-b716-4573-8b75-b80b112c7ce9","childs":null,"emcosID":null,"emcosMLID":null,"codMaketTEP":null,"codTEP":null,"WSName":"PS","rangeAddress":"$ET$99:$ET$135","headAddress":"$ET$99","bodyAddress":"$ET$100:$ET$135","_name":"ручное"}},"emcosID":null,"emcosMLID":null,"codMaketTEP":null,"codTEP":null,"WSName":"PS","rangeAddress":"$ET$98:$ET$135","headAddress":"$ET$98","bodyAddress":"$ET$99:$ET$135","_name":"отдача"}},"emcosID":null,"emcosMLID":null,"codMaketTEP":null,"codTEP":null,"WSName":"PS","rangeAddress":"$ES$97:$ET$135","headAddress":"$ES$97:$ET$97","bodyAddress":"$ES$98:$ET$135","_name":"Л2163 Главная"},"DB":{"_level":0,"parentID":"27c0c5ae-e90a-4d4a-9862-8b70e9fc41bf","firstParentID":"27c0c5ae-e90a-4d4a-9862-8b70e9fc41bf","ID":"054de005-5378-446d-9342-375d97a00270","childs":{"прием":{"_level":1,"parentID":"054de005-5378-446d-9342-375d97a00270","firstParentID":"27c0c5ae-e90a-4d4a-9862-8b70e9fc41bf","ID":"9c9034de-5336-4249-b50e-e62317ba6bf8","childs":{"код":{"_level":2,"parentID":"9c9034de-5336-4249-b50e-e62317ba6bf8","firstParentID":"27c0c5ae-e90a-4d4a-9862-8b70e9fc41bf","ID":"2895289d-7dce-43e6-a489-3b9a75aa22f8","childs":null,"emcosID":null,"emcosMLID":null,"codMaketTEP":null,"codTEP":null,"WSName":"DB","rangeAddress":"$CY$224:$CY$261","headAddress":"$CY$224","bodyAddress":"$CY$225:$CY$261","_name":"код"},"основное":{"_level":2,"parentID":"9c9034de-5336-4249-b50e-e62317ba6bf8","firstParentID":"27c0c5ae-e90a-4d4a-9862-8b70e9fc41bf","ID":"80297e56-1178-4c82-b21e-bb54d58799b0","childs":null,"emcosID":null,"emcosMLID":null,"codMaketTEP":null,"codTEP":null,"WSName":"DB","rangeAddress":"$CZ$224:$CZ$261","headAddress":"$CZ$224","bodyAddress":"$CZ$225:$CZ$261","_name":"основное"},"корректировка факт":{"_level":2,"parentID":"9c9034de-5336-4249-b50e-e62317ba6bf8","firstParentID":"27c0c5ae-e90a-4d4a-9862-8b70e9fc41bf","ID":"83d067d5-9a1f-42f2-8c0e-e3e77681ec2a","childs":null,"emcosID":null,"emcosMLID":null,"codMaketTEP":null,"codTEP":null,"WSName":"DB","rangeAddress":"$DA$224:$DA$261","headAddress":"$DA$224","bodyAddress":"$DA$225:$DA$261","_name":"корректировка факт"},"ручное":{"_level":2,"parentID":"9c9034de-5336-4249-b50e-e62317ba6bf8","firstParentID":"27c0c5ae-e90a-4d4a-9862-8b70e9fc41bf","ID":"246a1c44-9db9-4957-b818-f9e81d7661d8","childs":null,"emcosID":null,"emcosMLID":null,"codMaketTEP":null,"codTEP":null,"WSName":"DB","rangeAddress":"$DB$224:$DB$261","headAddress":"$DB$224","bodyAddress":"$DB$225:$DB$261","_name":"ручное"}},"emcosID":null,"emcosMLID":null,"codMaketTEP":null,"codTEP":null,"WSName":"DB","rangeAddress":"$CY$223:$DB$261","headAddress":"$CY$223:$DB$223","bodyAddress":"$CY$224:$DB$261","_name":"прием"},"отдача":{"_level":1,"parentID":"054de005-5378-446d-9342-375d97a00270","firstParentID":"27c0c5ae-e90a-4d4a-9862-8b70e9fc41bf","ID":"b1a25314-d4bb-4c5a-9e33-34bdc32a38a4","childs":{"код":{"_level":2,"parentID":"b1a25314-d4bb-4c5a-9e33-34bdc32a38a4","firstParentID":"27c0c5ae-e90a-4d4a-9862-8b70e9fc41bf","ID":"06c97050-3bd8-4b0e-8b89-031969d60214","childs":null,"emcosID":null,"emcosMLID":null,"codMaketTEP":null,"codTEP":null,"WSName":"DB","rangeAddress":"$DC$224:$DC$261","headAddress":"$DC$224","bodyAddress":"$DC$225:$DC$261","_name":"код"},"основное":{"_level":2,"parentID":"b1a25314-d4bb-4c5a-9e33-34bdc32a38a4","firstParentID":"27c0c5ae-e90a-4d4a-9862-8b70e9fc41bf","ID":"405e3007-0b9e-45da-b04f-2937609c75f6","childs":null,"emcosID":null,"emcosMLID":null,"codMaketTEP":null,"codTEP":null,"WSName":"DB","rangeAddress":"$DD$224:$DD$261","headAddress":"$DD$224","bodyAddress":"$DD$225:$DD$261","_name":"основное"},"корректировка факт":{"_level":2,"parentID":"b1a25314-d4bb-4c5a-9e33-34bdc32a38a4","firstParentID":"27c0c5ae-e90a-4d4a-9862-8b70e9fc41bf","ID":"85d8dc04-4916-43c7-8d64-e15de2be08dd","childs":null,"emcosID":null,"emcosMLID":null,"codMaketTEP":null,"codTEP":null,"WSName":"DB","rangeAddress":"$DE$224:$DE$261","headAddress":"$DE$224","bodyAddress":"$DE$225:$DE$261","_name":"корректировка факт"},"ручное":{"_level":2,"parentID":"b1a25314-d4bb-4c5a-9e33-34bdc32a38a4","firstParentID":"27c0c5ae-e90a-4d4a-9862-8b70e9fc41bf","ID":"d058afb5-cb77-4802-a431-e409c39b4a29","childs":null,"emcosID":null,"emcosMLID":null,"codMaketTEP":null,"codTEP":null,"WSName":"DB","rangeAddress":"$DF$224:$DF$261","headAddress":"$DF$224","bodyAddress":"$DF$225:$DF$261","_name":"ручное"}},"emcosID":null,"emcosMLID":null,"codMaketTEP":null,"codTEP":null,"WSName":"DB","rangeAddress":"$DC$223:$DF$261","headAddress":"$DC$223:$DF$223","bodyAddress":"$DC$224:$DF$261","_name":"отдача"}},"emcosID":null,"emcosMLID":null,"codMaketTEP":null,"codTEP":null,"WSName":"DB","rangeAddress":"$CY$222:$DF$261","headAddress":"$CY$222:$DF$222","bodyAddress":"$CY$223:$DF$261","_name":"Л2163 Главная"}},"codPlan":null,"meterCoef":null,"_name":"Л2163 Главная"}