{"ID":"28216df1-cfc4-49a3-ac6d-1529c5447d6b","childs":{"PS":{"_level":0,"parentID":"28216df1-cfc4-49a3-ac6d-1529c5447d6b","firstParentID":"28216df1-cfc4-49a3-ac6d-1529c5447d6b","ID":"9711be04-f17d-4690-8661-1e62269ec842","childs":{"отдача":{"_level":1,"parentID":"9711be04-f17d-4690-8661-1e62269ec842","firstParentID":"28216df1-cfc4-49a3-ac6d-1529c5447d6b","ID":"319f9e10-8041-4a61-8862-c63ce23b85a9","childs":{"оперативное":{"_level":2,"parentID":"319f9e10-8041-4a61-8862-c63ce23b85a9","firstParentID":"28216df1-cfc4-49a3-ac6d-1529c5447d6b","ID":"34954929-4181-4db8-972a-3578a2e8afa7","childs":null,"emcosID":null,"emcosMLID":null,"codMaketTEP":null,"codTEP":null,"WSName":"PS","rangeAddress":"$DH$185:$DH$221","headAddress":"$DH$185","bodyAddress":"$DH$186:$DH$221","_name":"оперативное"}},"emcosID":null,"emcosMLID":null,"codMaketTEP":null,"codTEP":null,"WSName":"PS","rangeAddress":"$DH$184:$DH$221","headAddress":"$DH$184","bodyAddress":"$DH$185:$DH$221","_name":"отдача"}},"emcosID":null,"emcosMLID":null,"codMaketTEP":null,"codTEP":null,"WSName":"PS","rangeAddress":"$DH$183:$DH$221","headAddress":"$DH$183","bodyAddress":"$DH$184:$DH$221","_name":"Генерация Сарыбулак 2"},"DB":{"_level":0,"parentID":"28216df1-cfc4-49a3-ac6d-1529c5447d6b","firstParentID":"28216df1-cfc4-49a3-ac6d-1529c5447d6b","ID":"5041c521-7e27-43a7-9f38-047672858ea3","childs":{"отдача":{"_level":1,"parentID":"5041c521-7e27-43a7-9f38-047672858ea3","firstParentID":"28216df1-cfc4-49a3-ac6d-1529c5447d6b","ID":"59747aa5-ecf6-41f9-b545-3dea1205ea89","childs":{"код":{"_level":2,"parentID":"59747aa5-ecf6-41f9-b545-3dea1205ea89","firstParentID":"28216df1-cfc4-49a3-ac6d-1529c5447d6b","ID":"9789b836-9e6b-4614-8e87-db3822786eab","childs":null,"emcosID":null,"emcosMLID":null,"codMaketTEP":null,"codTEP":null,"WSName":"DB","rangeAddress":"$DY$181:$DY$218","headAddress":"$DY$181","bodyAddress":"$DY$182:$DY$218","_name":"код"},"основное":{"_level":2,"parentID":"59747aa5-ecf6-41f9-b545-3dea1205ea89","firstParentID":"28216df1-cfc4-49a3-ac6d-1529c5447d6b","ID":"ededcd4a-d9e2-49d5-b0e3-2648b785198a","childs":null,"emcosID":null,"emcosMLID":null,"codMaketTEP":null,"codTEP":null,"WSName":"DB","rangeAddress":"$DZ$181:$DZ$218","headAddress":"$DZ$181","bodyAddress":"$DZ$182:$DZ$218","_name":"основное"},"корректировка факт":{"_level":2,"parentID":"59747aa5-ecf6-41f9-b545-3dea1205ea89","firstParentID":"28216df1-cfc4-49a3-ac6d-1529c5447d6b","ID":"bb31ed9d-f25d-4f3a-b666-773bca6fe265","childs":null,"emcosID":null,"emcosMLID":null,"codMaketTEP":null,"codTEP":null,"WSName":"DB","rangeAddress":"$EA$181:$EA$218","headAddress":"$EA$181","bodyAddress":"$EA$182:$EA$218","_name":"корректировка факт"},"ручное":{"_level":2,"parentID":"59747aa5-ecf6-41f9-b545-3dea1205ea89","firstParentID":"28216df1-cfc4-49a3-ac6d-1529c5447d6b","ID":"906fa0a6-3d85-40b2-8693-a286122ce389","childs":null,"emcosID":null,"emcosMLID":null,"codMaketTEP":null,"codTEP":null,"WSName":"DB","rangeAddress":"$EB$181:$EB$218","headAddress":"$EB$181","bodyAddress":"$EB$182:$EB$218","_name":"ручное"},"оперативное":{"_level":2,"parentID":"59747aa5-ecf6-41f9-b545-3dea1205ea89","firstParentID":"28216df1-cfc4-49a3-ac6d-1529c5447d6b","ID":"8241417d-c53a-4168-ac1d-bbe8e4307f0c","childs":null,"emcosID":null,"emcosMLID":null,"codMaketTEP":null,"codTEP":null,"WSName":"DB","rangeAddress":"$EC$181:$EC$218","headAddress":"$EC$181","bodyAddress":"$EC$182:$EC$218","_name":"оперативное"}},"emcosID":null,"emcosMLID":null,"codMaketTEP":null,"codTEP":null,"WSName":"DB","rangeAddress":"$DY$180:$EC$218","headAddress":"$DY$180:$EC$180","bodyAddress":"$DY$181:$EC$218","_name":"отдача"}},"emcosID":null,"emcosMLID":null,"codMaketTEP":null,"codTEP":null,"WSName":"DB","rangeAddress":"$DY$179:$EC$218","headAddress":"$DY$179:$EC$179","bodyAddress":"$DY$180:$EC$218","_name":"Генерация Сарыбулак 2"}},"codPlan":null,"meterCoef":null,"_name":"Генерация Сарыбулак 2"}