{"ID":"29253d0e-527b-411a-b56a-52e2e3354066","childs":{"PS":{"_level":0,"parentID":"29253d0e-527b-411a-b56a-52e2e3354066","firstParentID":"29253d0e-527b-411a-b56a-52e2e3354066","ID":"930017d8-9632-456d-b0e3-defadbaf601d","childs":{"прием":{"_level":1,"parentID":"930017d8-9632-456d-b0e3-defadbaf601d","firstParentID":"29253d0e-527b-411a-b56a-52e2e3354066","ID":"4b9ad686-a8d4-453d-8708-54b6de6944a7","childs":{"формула":{"_level":2,"parentID":"4b9ad686-a8d4-453d-8708-54b6de6944a7","firstParentID":"29253d0e-527b-411a-b56a-52e2e3354066","ID":"fa628b3f-1aa4-4a6c-ab63-f5c9b5143db7","childs":null,"emcosID":null,"emcosMLID":null,"codMaketTEP":null,"codTEP":null,"WSName":"PS","rangeAddress":"$BH$185:$BH$221","headAddress":"$BH$185","bodyAddress":"$BH$186:$BH$221","_name":"формула"}},"emcosID":null,"emcosMLID":null,"codMaketTEP":null,"codTEP":null,"WSName":"PS","rangeAddress":"$BH$184:$BH$221","headAddress":"$BH$184","bodyAddress":"$BH$185:$BH$221","_name":"прием"}},"emcosID":null,"emcosMLID":null,"codMaketTEP":null,"codTEP":null,"WSName":"PS","rangeAddress":"$BH$183:$BH$221","headAddress":"$BH$183","bodyAddress":"$BH$184:$BH$221","_name":"Потребление в границах без с.н. АлЭС АЖК"},"DB":{"_level":0,"parentID":"29253d0e-527b-411a-b56a-52e2e3354066","firstParentID":"29253d0e-527b-411a-b56a-52e2e3354066","ID":"a2557cb4-4639-4a75-876a-ad73781327fc","childs":{"прием":{"_level":1,"parentID":"a2557cb4-4639-4a75-876a-ad73781327fc","firstParentID":"29253d0e-527b-411a-b56a-52e2e3354066","ID":"7f2b0c7c-f410-475f-937b-df5d594b2df1","childs":{"код":{"_level":2,"parentID":"7f2b0c7c-f410-475f-937b-df5d594b2df1","firstParentID":"29253d0e-527b-411a-b56a-52e2e3354066","ID":"3a0d5025-8667-41e0-b37a-c5b6ec2cc0ec","childs":null,"emcosID":null,"emcosMLID":null,"codMaketTEP":null,"codTEP":null,"WSName":"DB","rangeAddress":"$CL$482:$CL$519","headAddress":"$CL$482","bodyAddress":"$CL$483:$CL$519","_name":"код"},"основное":{"_level":2,"parentID":"7f2b0c7c-f410-475f-937b-df5d594b2df1","firstParentID":"29253d0e-527b-411a-b56a-52e2e3354066","ID":"3389d083-812e-4bf5-919f-b2a4bd818687","childs":null,"emcosID":null,"emcosMLID":null,"codMaketTEP":null,"codTEP":null,"WSName":"DB","rangeAddress":"$CM$482:$CM$519","headAddress":"$CM$482","bodyAddress":"$CM$483:$CM$519","_name":"основное"},"корректировка факт":{"_level":2,"parentID":"7f2b0c7c-f410-475f-937b-df5d594b2df1","firstParentID":"29253d0e-527b-411a-b56a-52e2e3354066","ID":"91c0c967-9615-43d7-81d6-55be98039350","childs":null,"emcosID":null,"emcosMLID":null,"codMaketTEP":null,"codTEP":null,"WSName":"DB","rangeAddress":"$CN$482:$CN$519","headAddress":"$CN$482","bodyAddress":"$CN$483:$CN$519","_name":"корректировка факт"},"ручное":{"_level":2,"parentID":"7f2b0c7c-f410-475f-937b-df5d594b2df1","firstParentID":"29253d0e-527b-411a-b56a-52e2e3354066","ID":"aa2ecc7e-841f-477c-a72f-bac0ef9391e8","childs":null,"emcosID":null,"emcosMLID":null,"codMaketTEP":null,"codTEP":null,"WSName":"DB","rangeAddress":"$CO$482:$CO$519","headAddress":"$CO$482","bodyAddress":"$CO$483:$CO$519","_name":"ручное"},"формула":{"_level":2,"parentID":"7f2b0c7c-f410-475f-937b-df5d594b2df1","firstParentID":"29253d0e-527b-411a-b56a-52e2e3354066","ID":"e3f5b26b-7e55-4e86-a2c0-4d55abb1bc23","childs":null,"emcosID":null,"emcosMLID":null,"codMaketTEP":null,"codTEP":null,"WSName":"DB","rangeAddress":"$CP$482:$CP$519","headAddress":"$CP$482","bodyAddress":"$CP$483:$CP$519","_name":"формула"}},"emcosID":null,"emcosMLID":null,"codMaketTEP":null,"codTEP":null,"WSName":"DB","rangeAddress":"$CL$481:$CP$519","headAddress":"$CL$481:$CP$481","bodyAddress":"$CL$482:$CP$519","_name":"прием"}},"emcosID":null,"emcosMLID":null,"codMaketTEP":null,"codTEP":null,"WSName":"DB","rangeAddress":"$CL$480:$CP$519","headAddress":"$CL$480:$CP$480","bodyAddress":"$CL$481:$CP$519","_name":"Потребление в границах без с.н. АлЭС АЖК"}},"codPlan":null,"meterCoef":null,"_name":"Потребление в границах без с.н. АлЭС АЖК"}