{"ID":"2aa86864-94bd-477d-b751-6dfe0bc2d028","childs":{"PS":{"_level":0,"parentID":"2aa86864-94bd-477d-b751-6dfe0bc2d028","firstParentID":"2aa86864-94bd-477d-b751-6dfe0bc2d028","ID":"57114adc-1718-4fc4-bb26-bf7dcc46a803","childs":{"отдача":{"_level":1,"parentID":"57114adc-1718-4fc4-bb26-bf7dcc46a803","firstParentID":"2aa86864-94bd-477d-b751-6dfe0bc2d028","ID":"2729f8b2-1ca8-4aa8-b061-55aad5e66fda","childs":{"формула":{"_level":2,"parentID":"2729f8b2-1ca8-4aa8-b061-55aad5e66fda","firstParentID":"2aa86864-94bd-477d-b751-6dfe0bc2d028","ID":"6aef1629-e4e2-47da-a510-0464dfbb80d0","childs":null,"emcosID":null,"emcosMLID":null,"codMaketTEP":null,"codTEP":null,"WSName":"PS","rangeAddress":"$CF$185:$CF$221","headAddress":"$CF$185","bodyAddress":"$CF$186:$CF$221","_name":"формула"}},"emcosID":null,"emcosMLID":null,"codMaketTEP":null,"codTEP":null,"WSName":"PS","rangeAddress":"$CF$184:$CF$221","headAddress":"$CF$184","bodyAddress":"$CF$185:$CF$221","_name":"отдача"}},"emcosID":null,"emcosMLID":null,"codMaketTEP":null,"codTEP":null,"WSName":"PS","rangeAddress":"$CF$183:$CF$221","headAddress":"$CF$183","bodyAddress":"$CF$184:$CF$221","_name":"Генерация Мойнак ГЭС МГЭС"},"DB":{"_level":0,"parentID":"2aa86864-94bd-477d-b751-6dfe0bc2d028","firstParentID":"2aa86864-94bd-477d-b751-6dfe0bc2d028","ID":"ef9a0b28-879a-4bf5-9c80-75b9c5a8dc86","childs":{"отдача":{"_level":1,"parentID":"ef9a0b28-879a-4bf5-9c80-75b9c5a8dc86","firstParentID":"2aa86864-94bd-477d-b751-6dfe0bc2d028","ID":"771bcc90-e9c8-4cbb-b744-508f7efcbec9","childs":{"код":{"_level":2,"parentID":"771bcc90-e9c8-4cbb-b744-508f7efcbec9","firstParentID":"2aa86864-94bd-477d-b751-6dfe0bc2d028","ID":"37e75b05-c79f-45c0-9708-166c5b301185","childs":null,"emcosID":null,"emcosMLID":null,"codMaketTEP":null,"codTEP":null,"WSName":"DB","rangeAddress":"$EO$181:$EO$218","headAddress":"$EO$181","bodyAddress":"$EO$182:$EO$218","_name":"код"},"основное":{"_level":2,"parentID":"771bcc90-e9c8-4cbb-b744-508f7efcbec9","firstParentID":"2aa86864-94bd-477d-b751-6dfe0bc2d028","ID":"b25a8e0d-ce1a-4b2d-82f4-7a047cefdc61","childs":null,"emcosID":null,"emcosMLID":null,"codMaketTEP":null,"codTEP":null,"WSName":"DB","rangeAddress":"$EP$181:$EP$218","headAddress":"$EP$181","bodyAddress":"$EP$182:$EP$218","_name":"основное"},"корректировка факт":{"_level":2,"parentID":"771bcc90-e9c8-4cbb-b744-508f7efcbec9","firstParentID":"2aa86864-94bd-477d-b751-6dfe0bc2d028","ID":"2976ac58-6002-4f21-a2f4-b7f36b771454","childs":null,"emcosID":null,"emcosMLID":null,"codMaketTEP":null,"codTEP":null,"WSName":"DB","rangeAddress":"$EQ$181:$EQ$218","headAddress":"$EQ$181","bodyAddress":"$EQ$182:$EQ$218","_name":"корректировка факт"},"ручное":{"_level":2,"parentID":"771bcc90-e9c8-4cbb-b744-508f7efcbec9","firstParentID":"2aa86864-94bd-477d-b751-6dfe0bc2d028","ID":"b7b9428b-ebae-428f-b894-085ecfb86098","childs":null,"emcosID":null,"emcosMLID":null,"codMaketTEP":null,"codTEP":null,"WSName":"DB","rangeAddress":"$ER$181:$ER$218","headAddress":"$ER$181","bodyAddress":"$ER$182:$ER$218","_name":"ручное"},"оперативное":{"_level":2,"parentID":"771bcc90-e9c8-4cbb-b744-508f7efcbec9","firstParentID":"2aa86864-94bd-477d-b751-6dfe0bc2d028","ID":"6c8b00f7-fbad-4878-b86e-cf9cdfc3d7c0","childs":null,"emcosID":null,"emcosMLID":null,"codMaketTEP":null,"codTEP":null,"WSName":"DB","rangeAddress":"$ES$181:$ES$218","headAddress":"$ES$181","bodyAddress":"$ES$182:$ES$218","_name":"оперативное"},"формула":{"_level":2,"parentID":"771bcc90-e9c8-4cbb-b744-508f7efcbec9","firstParentID":"2aa86864-94bd-477d-b751-6dfe0bc2d028","ID":"2d7e56fb-ac03-4378-aefc-ef2a40126356","childs":null,"emcosID":null,"emcosMLID":null,"codMaketTEP":null,"codTEP":null,"WSName":"DB","rangeAddress":"$ET$181:$ET$218","headAddress":"$ET$181","bodyAddress":"$ET$182:$ET$218","_name":"формула"}},"emcosID":null,"emcosMLID":null,"codMaketTEP":null,"codTEP":null,"WSName":"DB","rangeAddress":"$EO$180:$ET$218","headAddress":"$EO$180:$ET$180","bodyAddress":"$EO$181:$ET$218","_name":"отдача"}},"emcosID":null,"emcosMLID":null,"codMaketTEP":null,"codTEP":null,"WSName":"DB","rangeAddress":"$EO$179:$ET$218","headAddress":"$EO$179:$ET$179","bodyAddress":"$EO$180:$ET$218","_name":"Генерация Мойнак ГЭС МГЭС"}},"codPlan":null,"meterCoef":null,"_name":"Генерация Мойнак ГЭС МГЭС"}