{"ID":"2aa86864-94bd-477d-b751-6dfe0bc2d028","childs":{"PS":{"_level":0,"parentID":"2aa86864-94bd-477d-b751-6dfe0bc2d028","firstParentID":"2aa86864-94bd-477d-b751-6dfe0bc2d028","ID":"57114adc-1718-4fc4-bb26-bf7dcc46a803","childs":{"отдача":{"_level":1,"parentID":"57114adc-1718-4fc4-bb26-bf7dcc46a803","firstParentID":"2aa86864-94bd-477d-b751-6dfe0bc2d028","ID":"2729f8b2-1ca8-4aa8-b061-55aad5e66fda","childs":{"формула":{"_level":2,"parentID":"2729f8b2-1ca8-4aa8-b061-55aad5e66fda","firstParentID":"2aa86864-94bd-477d-b751-6dfe0bc2d028","ID":"6aef1629-e4e2-47da-a510-0464dfbb80d0","childs":null,"emcosID":null,"emcosMLID":null,"codMaketTEP":null,"codTEP":null,"WSName":"PS","rangeAddress":"$CB$185:$CB$221","headAddress":"$CB$185","bodyAddress":"$CB$186:$CB$221","_name":"формула"}},"emcosID":null,"emcosMLID":null,"codMaketTEP":null,"codTEP":null,"WSName":"PS","rangeAddress":"$CB$184:$CB$221","headAddress":"$CB$184","bodyAddress":"$CB$185:$CB$221","_name":"отдача"}},"emcosID":null,"emcosMLID":null,"codMaketTEP":null,"codTEP":null,"WSName":"PS","rangeAddress":"$CB$183:$CB$221","headAddress":"$CB$183","bodyAddress":"$CB$184:$CB$221","_name":"Генерация Мойнак ГЭС МГЭС"},"DB":{"_level":0,"parentID":"2aa86864-94bd-477d-b751-6dfe0bc2d028","firstParentID":"2aa86864-94bd-477d-b751-6dfe0bc2d028","ID":"ef9a0b28-879a-4bf5-9c80-75b9c5a8dc86","childs":{"отдача":{"_level":1,"parentID":"ef9a0b28-879a-4bf5-9c80-75b9c5a8dc86","firstParentID":"2aa86864-94bd-477d-b751-6dfe0bc2d028","ID":"771bcc90-e9c8-4cbb-b744-508f7efcbec9","childs":{"код":{"_level":2,"parentID":"771bcc90-e9c8-4cbb-b744-508f7efcbec9","firstParentID":"2aa86864-94bd-477d-b751-6dfe0bc2d028","ID":"37e75b05-c79f-45c0-9708-166c5b301185","childs":null,"emcosID":null,"emcosMLID":null,"codMaketTEP":null,"codTEP":null,"WSName":"DB","rangeAddress":"$FI$181:$FI$218","headAddress":"$FI$181","bodyAddress":"$FI$182:$FI$218","_name":"код"},"основное":{"_level":2,"parentID":"771bcc90-e9c8-4cbb-b744-508f7efcbec9","firstParentID":"2aa86864-94bd-477d-b751-6dfe0bc2d028","ID":"b25a8e0d-ce1a-4b2d-82f4-7a047cefdc61","childs":null,"emcosID":null,"emcosMLID":null,"codMaketTEP":null,"codTEP":null,"WSName":"DB","rangeAddress":"$FJ$181:$FJ$218","headAddress":"$FJ$181","bodyAddress":"$FJ$182:$FJ$218","_name":"основное"},"корректировка факт":{"_level":2,"parentID":"771bcc90-e9c8-4cbb-b744-508f7efcbec9","firstParentID":"2aa86864-94bd-477d-b751-6dfe0bc2d028","ID":"2976ac58-6002-4f21-a2f4-b7f36b771454","childs":null,"emcosID":null,"emcosMLID":null,"codMaketTEP":null,"codTEP":null,"WSName":"DB","rangeAddress":"$FK$181:$FK$218","headAddress":"$FK$181","bodyAddress":"$FK$182:$FK$218","_name":"корректировка факт"},"ручное":{"_level":2,"parentID":"771bcc90-e9c8-4cbb-b744-508f7efcbec9","firstParentID":"2aa86864-94bd-477d-b751-6dfe0bc2d028","ID":"b7b9428b-ebae-428f-b894-085ecfb86098","childs":null,"emcosID":null,"emcosMLID":null,"codMaketTEP":null,"codTEP":null,"WSName":"DB","rangeAddress":"$FL$181:$FL$218","headAddress":"$FL$181","bodyAddress":"$FL$182:$FL$218","_name":"ручное"},"оперативное":{"_level":2,"parentID":"771bcc90-e9c8-4cbb-b744-508f7efcbec9","firstParentID":"2aa86864-94bd-477d-b751-6dfe0bc2d028","ID":"6c8b00f7-fbad-4878-b86e-cf9cdfc3d7c0","childs":null,"emcosID":null,"emcosMLID":null,"codMaketTEP":null,"codTEP":null,"WSName":"DB","rangeAddress":"$FM$181:$FM$218","headAddress":"$FM$181","bodyAddress":"$FM$182:$FM$218","_name":"оперативное"},"формула":{"_level":2,"parentID":"771bcc90-e9c8-4cbb-b744-508f7efcbec9","firstParentID":"2aa86864-94bd-477d-b751-6dfe0bc2d028","ID":"2d7e56fb-ac03-4378-aefc-ef2a40126356","childs":null,"emcosID":null,"emcosMLID":null,"codMaketTEP":null,"codTEP":null,"WSName":"DB","rangeAddress":"$FN$181:$FN$218","headAddress":"$FN$181","bodyAddress":"$FN$182:$FN$218","_name":"формула"}},"emcosID":null,"emcosMLID":null,"codMaketTEP":null,"codTEP":null,"WSName":"DB","rangeAddress":"$FI$180:$FN$218","headAddress":"$FI$180:$FN$180","bodyAddress":"$FI$181:$FN$218","_name":"отдача"}},"emcosID":null,"emcosMLID":null,"codMaketTEP":null,"codTEP":null,"WSName":"DB","rangeAddress":"$FI$179:$FN$218","headAddress":"$FI$179:$FN$179","bodyAddress":"$FI$180:$FN$218","_name":"Генерация Мойнак ГЭС МГЭС"}},"codPlan":null,"meterCoef":null,"_name":"Генерация Мойнак ГЭС МГЭС"}