{"ID":"2b1f991c-4434-4926-b718-6d4db4553d3c","childs":{"PS":{"_level":0,"parentID":"2b1f991c-4434-4926-b718-6d4db4553d3c","firstParentID":"2b1f991c-4434-4926-b718-6d4db4553d3c","ID":"21f3322f-7aab-4e42-817b-6913d1436482","childs":{"прием":{"_level":1,"parentID":"21f3322f-7aab-4e42-817b-6913d1436482","firstParentID":"2b1f991c-4434-4926-b718-6d4db4553d3c","ID":"9ce7ffc6-f26f-4c8a-b03c-0cd8678b6852","childs":{"по счетчику":{"_level":2,"parentID":"9ce7ffc6-f26f-4c8a-b03c-0cd8678b6852","firstParentID":"2b1f991c-4434-4926-b718-6d4db4553d3c","ID":"1d0b43cd-2629-4a43-ad11-d3a842ff8f2c","childs":null,"emcosID":null,"emcosMLID":null,"codMaketTEP":null,"codTEP":null,"WSName":"PS","rangeAddress":"$AH$142:$AH$178","headAddress":"$AH$142","bodyAddress":"$AH$143:$AH$178","_name":"по счетчику"},"СЧЕТЧИК":{"_level":2,"parentID":"9ce7ffc6-f26f-4c8a-b03c-0cd8678b6852","firstParentID":"2b1f991c-4434-4926-b718-6d4db4553d3c","ID":"38c3ad80-978e-4132-a282-6a14db35c00e","childs":null,"emcosID":null,"emcosMLID":null,"codMaketTEP":null,"codTEP":null,"WSName":"PS","rangeAddress":"$AI$142:$AI$178","headAddress":"$AI$142","bodyAddress":"$AI$143:$AI$178","_name":"СЧЕТЧИК"}},"emcosID":null,"emcosMLID":null,"codMaketTEP":null,"codTEP":null,"WSName":"PS","rangeAddress":"$AH$141:$AI$178","headAddress":"$AH$141:$AI$141","bodyAddress":"$AH$142:$AI$178","_name":"прием"}},"emcosID":null,"emcosMLID":null,"codMaketTEP":null,"codTEP":null,"WSName":"PS","rangeAddress":"$AH$140:$AI$178","headAddress":"$AH$140:$AI$140","bodyAddress":"$AH$141:$AI$178","_name":"Л67А Пионерная"},"DB":{"_level":0,"parentID":"2b1f991c-4434-4926-b718-6d4db4553d3c","firstParentID":"2b1f991c-4434-4926-b718-6d4db4553d3c","ID":"7ca3249d-f1dc-4f09-8c4d-bfdd738cc9ab","childs":{"прием":{"_level":1,"parentID":"7ca3249d-f1dc-4f09-8c4d-bfdd738cc9ab","firstParentID":"2b1f991c-4434-4926-b718-6d4db4553d3c","ID":"1021bdf7-243a-4dac-8af4-9b474c75597d","childs":{"код":{"_level":2,"parentID":"1021bdf7-243a-4dac-8af4-9b474c75597d","firstParentID":"2b1f991c-4434-4926-b718-6d4db4553d3c","ID":"8cc12bef-cd0a-430d-8ddc-c02c81d83196","childs":null,"emcosID":null,"emcosMLID":null,"codMaketTEP":null,"codTEP":null,"WSName":"DB","rangeAddress":"$AB$267:$AB$304","headAddress":"$AB$267","bodyAddress":"$AB$268:$AB$304","_name":"код"},"основное":{"_level":2,"parentID":"1021bdf7-243a-4dac-8af4-9b474c75597d","firstParentID":"2b1f991c-4434-4926-b718-6d4db4553d3c","ID":"4cd81924-8ecc-4457-b1d2-106a4bebeaf7","childs":null,"emcosID":null,"emcosMLID":null,"codMaketTEP":null,"codTEP":null,"WSName":"DB","rangeAddress":"$AC$267:$AC$304","headAddress":"$AC$267","bodyAddress":"$AC$268:$AC$304","_name":"основное"},"корректировка факт":{"_level":2,"parentID":"1021bdf7-243a-4dac-8af4-9b474c75597d","firstParentID":"2b1f991c-4434-4926-b718-6d4db4553d3c","ID":"a805829a-772c-49fa-b7de-4df0a46d54ec","childs":null,"emcosID":null,"emcosMLID":null,"codMaketTEP":null,"codTEP":null,"WSName":"DB","rangeAddress":"$AD$267:$AD$304","headAddress":"$AD$267","bodyAddress":"$AD$268:$AD$304","_name":"корректировка факт"},"ручное":{"_level":2,"parentID":"1021bdf7-243a-4dac-8af4-9b474c75597d","firstParentID":"2b1f991c-4434-4926-b718-6d4db4553d3c","ID":"fe5efd75-7640-495e-96a8-f1532dc1b1b8","childs":null,"emcosID":null,"emcosMLID":null,"codMaketTEP":null,"codTEP":null,"WSName":"DB","rangeAddress":"$AE$267:$AE$304","headAddress":"$AE$267","bodyAddress":"$AE$268:$AE$304","_name":"ручное"},"счетчик":{"_level":2,"parentID":"1021bdf7-243a-4dac-8af4-9b474c75597d","firstParentID":"2b1f991c-4434-4926-b718-6d4db4553d3c","ID":"6e5ee166-c958-4b7e-85e3-6f01ed385d67","childs":null,"emcosID":null,"emcosMLID":null,"codMaketTEP":null,"codTEP":null,"WSName":"DB","rangeAddress":"$AF$267:$AF$304","headAddress":"$AF$267","bodyAddress":"$AF$268:$AF$304","_name":"счетчик"},"по счетчику":{"_level":2,"parentID":"1021bdf7-243a-4dac-8af4-9b474c75597d","firstParentID":"2b1f991c-4434-4926-b718-6d4db4553d3c","ID":"e52668e9-807d-45b2-bce3-f11f8fb8db9b","childs":null,"emcosID":null,"emcosMLID":null,"codMaketTEP":null,"codTEP":null,"WSName":"DB","rangeAddress":"$AG$267:$AG$304","headAddress":"$AG$267","bodyAddress":"$AG$268:$AG$304","_name":"по счетчику"}},"emcosID":null,"emcosMLID":null,"codMaketTEP":null,"codTEP":null,"WSName":"DB","rangeAddress":"$AB$266:$AG$304","headAddress":"$AB$266:$AG$266","bodyAddress":"$AB$267:$AG$304","_name":"прием"}},"emcosID":null,"emcosMLID":null,"codMaketTEP":null,"codTEP":null,"WSName":"DB","rangeAddress":"$AB$265:$AG$304","headAddress":"$AB$265:$AG$265","bodyAddress":"$AB$266:$AG$304","_name":"Л67А Пионерная"}},"codPlan":null,"meterCoef":"3,5","_name":"Л67А Пионерная"}