{"ID":"2c01db64-3465-4e77-b778-ff721b216dc7","childs":{"PS":{"_level":0,"parentID":"2c01db64-3465-4e77-b778-ff721b216dc7","firstParentID":"2c01db64-3465-4e77-b778-ff721b216dc7","ID":"1d221937-9174-4a26-b607-9add19089bd1","childs":{"отдача":{"_level":1,"parentID":"1d221937-9174-4a26-b607-9add19089bd1","firstParentID":"2c01db64-3465-4e77-b778-ff721b216dc7","ID":"9248f4eb-8e5c-406c-9338-280cdab8f128","childs":{"по счетчику":{"_level":2,"parentID":"9248f4eb-8e5c-406c-9338-280cdab8f128","firstParentID":"2c01db64-3465-4e77-b778-ff721b216dc7","ID":"7f55e16b-fddd-4367-83fc-701c32b00e4b","childs":null,"emcosID":null,"emcosMLID":null,"codMaketTEP":null,"codTEP":null,"WSName":"PS","rangeAddress":"$HR$99:$HR$135","headAddress":"$HR$99","bodyAddress":"$HR$100:$HR$135","_name":"по счетчику"},"СЧЕТЧИК":{"_level":2,"parentID":"9248f4eb-8e5c-406c-9338-280cdab8f128","firstParentID":"2c01db64-3465-4e77-b778-ff721b216dc7","ID":"61de727a-0820-41d7-a654-4bd6aba7c2a8","childs":null,"emcosID":null,"emcosMLID":null,"codMaketTEP":null,"codTEP":null,"WSName":"PS","rangeAddress":"$HS$99:$HS$135","headAddress":"$HS$99","bodyAddress":"$HS$100:$HS$135","_name":"СЧЕТЧИК"}},"emcosID":null,"emcosMLID":null,"codMaketTEP":null,"codTEP":null,"WSName":"PS","rangeAddress":"$HR$98:$HS$135","headAddress":"$HR$98:$HS$98","bodyAddress":"$HR$99:$HS$135","_name":"отдача"}},"emcosID":null,"emcosMLID":null,"codMaketTEP":null,"codTEP":null,"WSName":"PS","rangeAddress":"$HR$97:$HS$135","headAddress":"$HR$97:$HS$97","bodyAddress":"$HR$98:$HS$135","_name":"КЛ97 ПС152 Талдыкорган"},"DB":{"_level":0,"parentID":"2c01db64-3465-4e77-b778-ff721b216dc7","firstParentID":"2c01db64-3465-4e77-b778-ff721b216dc7","ID":"b7771fe2-bedb-4f18-863c-b1cd2b9a9ede","childs":{"отдача":{"_level":1,"parentID":"b7771fe2-bedb-4f18-863c-b1cd2b9a9ede","firstParentID":"2c01db64-3465-4e77-b778-ff721b216dc7","ID":"470660dd-d0f7-4f3b-8c7e-75ef723124cb","childs":{"код":{"_level":2,"parentID":"470660dd-d0f7-4f3b-8c7e-75ef723124cb","firstParentID":"2c01db64-3465-4e77-b778-ff721b216dc7","ID":"b8f408e8-350f-499a-93ac-381cdfda82d8","childs":null,"emcosID":null,"emcosMLID":null,"codMaketTEP":null,"codTEP":null,"WSName":"DB","rangeAddress":"$BU$525:$BU$562","headAddress":"$BU$525","bodyAddress":"$BU$526:$BU$562","_name":"код"},"основное":{"_level":2,"parentID":"470660dd-d0f7-4f3b-8c7e-75ef723124cb","firstParentID":"2c01db64-3465-4e77-b778-ff721b216dc7","ID":"da0ee9fe-2a17-4c60-afad-c73e05a55599","childs":null,"emcosID":null,"emcosMLID":null,"codMaketTEP":null,"codTEP":null,"WSName":"DB","rangeAddress":"$BV$525:$BV$562","headAddress":"$BV$525","bodyAddress":"$BV$526:$BV$562","_name":"основное"},"корректировка факт":{"_level":2,"parentID":"470660dd-d0f7-4f3b-8c7e-75ef723124cb","firstParentID":"2c01db64-3465-4e77-b778-ff721b216dc7","ID":"3fc13ec5-a2c8-430a-8739-7a1062f6d361","childs":null,"emcosID":null,"emcosMLID":null,"codMaketTEP":null,"codTEP":null,"WSName":"DB","rangeAddress":"$BW$525:$BW$562","headAddress":"$BW$525","bodyAddress":"$BW$526:$BW$562","_name":"корректировка факт"},"ручное":{"_level":2,"parentID":"470660dd-d0f7-4f3b-8c7e-75ef723124cb","firstParentID":"2c01db64-3465-4e77-b778-ff721b216dc7","ID":"d419ef0c-13c0-425d-a3a7-178fa7f4b306","childs":null,"emcosID":null,"emcosMLID":null,"codMaketTEP":null,"codTEP":null,"WSName":"DB","rangeAddress":"$BX$525:$BX$562","headAddress":"$BX$525","bodyAddress":"$BX$526:$BX$562","_name":"ручное"},"счетчик":{"_level":2,"parentID":"470660dd-d0f7-4f3b-8c7e-75ef723124cb","firstParentID":"2c01db64-3465-4e77-b778-ff721b216dc7","ID":"961becd5-836f-4fa4-ba23-36308e9fe83f","childs":null,"emcosID":null,"emcosMLID":null,"codMaketTEP":null,"codTEP":null,"WSName":"DB","rangeAddress":"$BY$525:$BY$562","headAddress":"$BY$525","bodyAddress":"$BY$526:$BY$562","_name":"счетчик"},"по счетчику":{"_level":2,"parentID":"470660dd-d0f7-4f3b-8c7e-75ef723124cb","firstParentID":"2c01db64-3465-4e77-b778-ff721b216dc7","ID":"abd5a6ee-e1af-4fb5-b507-d2cb0c9416ca","childs":null,"emcosID":null,"emcosMLID":null,"codMaketTEP":null,"codTEP":null,"WSName":"DB","rangeAddress":"$BZ$525:$BZ$562","headAddress":"$BZ$525","bodyAddress":"$BZ$526:$BZ$562","_name":"по счетчику"}},"emcosID":null,"emcosMLID":null,"codMaketTEP":null,"codTEP":null,"WSName":"DB","rangeAddress":"$BU$524:$BZ$562","headAddress":"$BU$524:$BZ$524","bodyAddress":"$BU$525:$BZ$562","_name":"отдача"}},"emcosID":null,"emcosMLID":null,"codMaketTEP":null,"codTEP":null,"WSName":"DB","rangeAddress":"$BU$523:$BZ$562","headAddress":"$BU$523:$BZ$523","bodyAddress":"$BU$524:$BZ$562","_name":"КЛ97 ПС152 Талдыкорган"}},"codPlan":null,"meterCoef":"3","_name":"КЛ97 ПС152 Талдыкорган"}