{"ID":"2c01db64-3465-4e77-b778-ff721b216dc7","childs":{"PS":{"_level":0,"parentID":"2c01db64-3465-4e77-b778-ff721b216dc7","firstParentID":"2c01db64-3465-4e77-b778-ff721b216dc7","ID":"1d221937-9174-4a26-b607-9add19089bd1","childs":{"отдача":{"_level":1,"parentID":"1d221937-9174-4a26-b607-9add19089bd1","firstParentID":"2c01db64-3465-4e77-b778-ff721b216dc7","ID":"9248f4eb-8e5c-406c-9338-280cdab8f128","childs":{"по счетчику":{"_level":2,"parentID":"9248f4eb-8e5c-406c-9338-280cdab8f128","firstParentID":"2c01db64-3465-4e77-b778-ff721b216dc7","ID":"7f55e16b-fddd-4367-83fc-701c32b00e4b","childs":null,"emcosID":null,"emcosMLID":null,"codMaketTEP":null,"codTEP":null,"WSName":"PS","rangeAddress":"$FY$99:$FY$135","headAddress":"$FY$99","bodyAddress":"$FY$100:$FY$135","_name":"по счетчику"},"СЧЕТЧИК":{"_level":2,"parentID":"9248f4eb-8e5c-406c-9338-280cdab8f128","firstParentID":"2c01db64-3465-4e77-b778-ff721b216dc7","ID":"61de727a-0820-41d7-a654-4bd6aba7c2a8","childs":null,"emcosID":null,"emcosMLID":null,"codMaketTEP":null,"codTEP":null,"WSName":"PS","rangeAddress":"$FZ$99:$FZ$135","headAddress":"$FZ$99","bodyAddress":"$FZ$100:$FZ$135","_name":"СЧЕТЧИК"}},"emcosID":null,"emcosMLID":null,"codMaketTEP":null,"codTEP":null,"WSName":"PS","rangeAddress":"$FY$98:$FZ$135","headAddress":"$FY$98:$FZ$98","bodyAddress":"$FY$99:$FZ$135","_name":"отдача"}},"emcosID":null,"emcosMLID":null,"codMaketTEP":null,"codTEP":null,"WSName":"PS","rangeAddress":"$FY$97:$FZ$135","headAddress":"$FY$97:$FZ$97","bodyAddress":"$FY$98:$FZ$135","_name":"КЛ97 ПС152 Талдыкорган"},"DB":{"_level":0,"parentID":"2c01db64-3465-4e77-b778-ff721b216dc7","firstParentID":"2c01db64-3465-4e77-b778-ff721b216dc7","ID":"b7771fe2-bedb-4f18-863c-b1cd2b9a9ede","childs":{"отдача":{"_level":1,"parentID":"b7771fe2-bedb-4f18-863c-b1cd2b9a9ede","firstParentID":"2c01db64-3465-4e77-b778-ff721b216dc7","ID":"470660dd-d0f7-4f3b-8c7e-75ef723124cb","childs":{"код":{"_level":2,"parentID":"470660dd-d0f7-4f3b-8c7e-75ef723124cb","firstParentID":"2c01db64-3465-4e77-b778-ff721b216dc7","ID":"b8f408e8-350f-499a-93ac-381cdfda82d8","childs":null,"emcosID":null,"emcosMLID":null,"codMaketTEP":null,"codTEP":null,"WSName":"DB","rangeAddress":"$BQ$525:$BQ$562","headAddress":"$BQ$525","bodyAddress":"$BQ$526:$BQ$562","_name":"код"},"основное":{"_level":2,"parentID":"470660dd-d0f7-4f3b-8c7e-75ef723124cb","firstParentID":"2c01db64-3465-4e77-b778-ff721b216dc7","ID":"da0ee9fe-2a17-4c60-afad-c73e05a55599","childs":null,"emcosID":null,"emcosMLID":null,"codMaketTEP":null,"codTEP":null,"WSName":"DB","rangeAddress":"$BR$525:$BR$562","headAddress":"$BR$525","bodyAddress":"$BR$526:$BR$562","_name":"основное"},"корректировка факт":{"_level":2,"parentID":"470660dd-d0f7-4f3b-8c7e-75ef723124cb","firstParentID":"2c01db64-3465-4e77-b778-ff721b216dc7","ID":"3fc13ec5-a2c8-430a-8739-7a1062f6d361","childs":null,"emcosID":null,"emcosMLID":null,"codMaketTEP":null,"codTEP":null,"WSName":"DB","rangeAddress":"$BS$525:$BS$562","headAddress":"$BS$525","bodyAddress":"$BS$526:$BS$562","_name":"корректировка факт"},"ручное":{"_level":2,"parentID":"470660dd-d0f7-4f3b-8c7e-75ef723124cb","firstParentID":"2c01db64-3465-4e77-b778-ff721b216dc7","ID":"d419ef0c-13c0-425d-a3a7-178fa7f4b306","childs":null,"emcosID":null,"emcosMLID":null,"codMaketTEP":null,"codTEP":null,"WSName":"DB","rangeAddress":"$BT$525:$BT$562","headAddress":"$BT$525","bodyAddress":"$BT$526:$BT$562","_name":"ручное"},"счетчик":{"_level":2,"parentID":"470660dd-d0f7-4f3b-8c7e-75ef723124cb","firstParentID":"2c01db64-3465-4e77-b778-ff721b216dc7","ID":"961becd5-836f-4fa4-ba23-36308e9fe83f","childs":null,"emcosID":null,"emcosMLID":null,"codMaketTEP":null,"codTEP":null,"WSName":"DB","rangeAddress":"$BU$525:$BU$562","headAddress":"$BU$525","bodyAddress":"$BU$526:$BU$562","_name":"счетчик"},"по счетчику":{"_level":2,"parentID":"470660dd-d0f7-4f3b-8c7e-75ef723124cb","firstParentID":"2c01db64-3465-4e77-b778-ff721b216dc7","ID":"abd5a6ee-e1af-4fb5-b507-d2cb0c9416ca","childs":null,"emcosID":null,"emcosMLID":null,"codMaketTEP":null,"codTEP":null,"WSName":"DB","rangeAddress":"$BV$525:$BV$562","headAddress":"$BV$525","bodyAddress":"$BV$526:$BV$562","_name":"по счетчику"}},"emcosID":null,"emcosMLID":null,"codMaketTEP":null,"codTEP":null,"WSName":"DB","rangeAddress":"$BQ$524:$BV$562","headAddress":"$BQ$524:$BV$524","bodyAddress":"$BQ$525:$BV$562","_name":"отдача"}},"emcosID":null,"emcosMLID":null,"codMaketTEP":null,"codTEP":null,"WSName":"DB","rangeAddress":"$BQ$523:$BV$562","headAddress":"$BQ$523:$BV$523","bodyAddress":"$BQ$524:$BV$562","_name":"КЛ97 ПС152 Талдыкорган"}},"codPlan":null,"meterCoef":"3","_name":"КЛ97 ПС152 Талдыкорган"}