{"ID":"2d126521-cc78-4135-bc72-3669f20f81eb","childs":{"PS":{"_level":0,"parentID":"2d126521-cc78-4135-bc72-3669f20f81eb","firstParentID":"2d126521-cc78-4135-bc72-3669f20f81eb","ID":"6ff5f883-3f21-42ca-ae26-062df6e861d7","childs":{"прием":{"_level":1,"parentID":"6ff5f883-3f21-42ca-ae26-062df6e861d7","firstParentID":"2d126521-cc78-4135-bc72-3669f20f81eb","ID":"077318bb-f779-481d-af6b-a2c99f6a1de5","childs":{"формула":{"_level":2,"parentID":"077318bb-f779-481d-af6b-a2c99f6a1de5","firstParentID":"2d126521-cc78-4135-bc72-3669f20f81eb","ID":"57889a66-f6d6-4ba8-8e31-e5c39eb98363","childs":null,"emcosID":null,"emcosMLID":null,"codMaketTEP":null,"codTEP":null,"WSName":"PS","rangeAddress":"$AU$185:$AU$221","headAddress":"$AU$185","bodyAddress":"$AU$186:$AU$221","_name":"формула"}},"emcosID":null,"emcosMLID":null,"codMaketTEP":1397,"codTEP":null,"WSName":"PS","rangeAddress":"$AU$184:$AU$221","headAddress":"$AU$184","bodyAddress":"$AU$185:$AU$221","_name":"прием"},"план":{"_level":1,"parentID":"6ff5f883-3f21-42ca-ae26-062df6e861d7","firstParentID":"2d126521-cc78-4135-bc72-3669f20f81eb","ID":"e6610471-7c9f-4c12-95fb-8ce56e332831","childs":{"заявка":{"_level":2,"parentID":"e6610471-7c9f-4c12-95fb-8ce56e332831","firstParentID":"2d126521-cc78-4135-bc72-3669f20f81eb","ID":"fb6740f7-5af8-4610-b56f-ee0b26685433","childs":null,"emcosID":null,"emcosMLID":null,"codMaketTEP":null,"codTEP":null,"WSName":"PS","rangeAddress":"$AV$185:$AV$221","headAddress":"$AV$185","bodyAddress":"$AV$186:$AV$221","_name":"заявка"}},"emcosID":null,"emcosMLID":null,"codMaketTEP":null,"codTEP":null,"WSName":"PS","rangeAddress":"$AV$184:$AV$221","headAddress":"$AV$184","bodyAddress":"$AV$185:$AV$221","_name":"план"}},"emcosID":null,"emcosMLID":null,"codMaketTEP":null,"codTEP":null,"WSName":"PS","rangeAddress":"$AU$183:$AV$221","headAddress":"$AU$183:$AV$183","bodyAddress":"$AU$184:$AV$221","_name":"Потребление Prime Energy Resources Алматы"},"DB":{"_level":0,"parentID":"2d126521-cc78-4135-bc72-3669f20f81eb","firstParentID":"2d126521-cc78-4135-bc72-3669f20f81eb","ID":"c192f9ba-3148-439a-9226-4005c9d92a40","childs":{"прием":{"_level":1,"parentID":"c192f9ba-3148-439a-9226-4005c9d92a40","firstParentID":"2d126521-cc78-4135-bc72-3669f20f81eb","ID":"6d2bf0ed-1a7a-4b19-a8e2-dab814a77d93","childs":{"код":{"_level":2,"parentID":"6d2bf0ed-1a7a-4b19-a8e2-dab814a77d93","firstParentID":"2d126521-cc78-4135-bc72-3669f20f81eb","ID":"8fa6b719-dc6a-444f-91ac-2ecae0d4a8da","childs":null,"emcosID":null,"emcosMLID":null,"codMaketTEP":null,"codTEP":null,"WSName":"DB","rangeAddress":"$ER$439:$ER$476","headAddress":"$ER$439","bodyAddress":"$ER$440:$ER$476","_name":"код"},"основное":{"_level":2,"parentID":"6d2bf0ed-1a7a-4b19-a8e2-dab814a77d93","firstParentID":"2d126521-cc78-4135-bc72-3669f20f81eb","ID":"0a7604a1-d682-4264-a898-326e0f07a164","childs":null,"emcosID":null,"emcosMLID":null,"codMaketTEP":null,"codTEP":null,"WSName":"DB","rangeAddress":"$ES$439:$ES$476","headAddress":"$ES$439","bodyAddress":"$ES$440:$ES$476","_name":"основное"},"корректировка факт":{"_level":2,"parentID":"6d2bf0ed-1a7a-4b19-a8e2-dab814a77d93","firstParentID":"2d126521-cc78-4135-bc72-3669f20f81eb","ID":"b1232ead-4770-450d-9b3f-22797e02dbeb","childs":null,"emcosID":null,"emcosMLID":null,"codMaketTEP":null,"codTEP":null,"WSName":"DB","rangeAddress":"$ET$439:$ET$476","headAddress":"$ET$439","bodyAddress":"$ET$440:$ET$476","_name":"корректировка факт"},"ручное":{"_level":2,"parentID":"6d2bf0ed-1a7a-4b19-a8e2-dab814a77d93","firstParentID":"2d126521-cc78-4135-bc72-3669f20f81eb","ID":"bff2d287-74cb-45e0-bd6a-008b3a69fb24","childs":null,"emcosID":null,"emcosMLID":null,"codMaketTEP":null,"codTEP":null,"WSName":"DB","rangeAddress":"$EU$439:$EU$476","headAddress":"$EU$439","bodyAddress":"$EU$440:$EU$476","_name":"ручное"},"по плану":{"_level":2,"parentID":"6d2bf0ed-1a7a-4b19-a8e2-dab814a77d93","firstParentID":"2d126521-cc78-4135-bc72-3669f20f81eb","ID":"72eca1e8-b706-4d27-a87d-69ed86d1bf32","childs":null,"emcosID":null,"emcosMLID":null,"codMaketTEP":null,"codTEP":null,"WSName":"DB","rangeAddress":"$EV$439:$EV$476","headAddress":"$EV$439","bodyAddress":"$EV$440:$EV$476","_name":"по плану"},"формула":{"_level":2,"parentID":"6d2bf0ed-1a7a-4b19-a8e2-dab814a77d93","firstParentID":"2d126521-cc78-4135-bc72-3669f20f81eb","ID":"cb0d4c0d-309b-4515-bd6f-12f472b3dd8e","childs":null,"emcosID":null,"emcosMLID":null,"codMaketTEP":null,"codTEP":null,"WSName":"DB","rangeAddress":"$EW$439:$EW$476","headAddress":"$EW$439","bodyAddress":"$EW$440:$EW$476","_name":"формула"}},"emcosID":null,"emcosMLID":null,"codMaketTEP":null,"codTEP":null,"WSName":"DB","rangeAddress":"$ER$438:$EW$476","headAddress":"$ER$438:$EW$438","bodyAddress":"$ER$439:$EW$476","_name":"прием"},"план":{"_level":1,"parentID":"c192f9ba-3148-439a-9226-4005c9d92a40","firstParentID":"2d126521-cc78-4135-bc72-3669f20f81eb","ID":"0bca1bcc-2b5f-4608-a239-718af8a6e54a","childs":{"код":{"_level":2,"parentID":"0bca1bcc-2b5f-4608-a239-718af8a6e54a","firstParentID":"2d126521-cc78-4135-bc72-3669f20f81eb","ID":"309aa6e7-7ac7-4e55-8b4b-2b3772785a3d","childs":null,"emcosID":null,"emcosMLID":null,"codMaketTEP":null,"codTEP":null,"WSName":"DB","rangeAddress":"$EX$439:$EX$476","headAddress":"$EX$439","bodyAddress":"$EX$440:$EX$476","_name":"код"},"основное":{"_level":2,"parentID":"0bca1bcc-2b5f-4608-a239-718af8a6e54a","firstParentID":"2d126521-cc78-4135-bc72-3669f20f81eb","ID":"9b3c2295-fdd7-4c04-9ff8-8e6170fbc98f","childs":null,"emcosID":null,"emcosMLID":null,"codMaketTEP":null,"codTEP":null,"WSName":"DB","rangeAddress":"$EY$439:$EY$476","headAddress":"$EY$439","bodyAddress":"$EY$440:$EY$476","_name":"основное"},"заявка":{"_level":2,"parentID":"0bca1bcc-2b5f-4608-a239-718af8a6e54a","firstParentID":"2d126521-cc78-4135-bc72-3669f20f81eb","ID":"46f473b0-33b0-4f26-862c-49be410c54aa","childs":null,"emcosID":null,"emcosMLID":null,"codMaketTEP":null,"codTEP":null,"WSName":"DB","rangeAddress":"$EZ$439:$EZ$476","headAddress":"$EZ$439","bodyAddress":"$EZ$440:$EZ$476","_name":"заявка"},"утвержденный":{"_level":2,"parentID":"0bca1bcc-2b5f-4608-a239-718af8a6e54a","firstParentID":"2d126521-cc78-4135-bc72-3669f20f81eb","ID":"083ce114-1940-4938-b96a-d6e236c814cb","childs":null,"emcosID":null,"emcosMLID":null,"codMaketTEP":null,"codTEP":null,"WSName":"DB","rangeAddress":"$FA$439:$FA$476","headAddress":"$FA$439","bodyAddress":"$FA$440:$FA$476","_name":"утвержденный"},"корректировка":{"_level":2,"parentID":"0bca1bcc-2b5f-4608-a239-718af8a6e54a","firstParentID":"2d126521-cc78-4135-bc72-3669f20f81eb","ID":"67f01370-bd0a-4e99-aff7-16bc0affe164","childs":null,"emcosID":null,"emcosMLID":null,"codMaketTEP":null,"codTEP":null,"WSName":"DB","rangeAddress":"$FB$439:$FB$476","headAddress":"$FB$439","bodyAddress":"$FB$440:$FB$476","_name":"корректировка"}},"emcosID":null,"emcosMLID":null,"codMaketTEP":null,"codTEP":null,"WSName":"DB","rangeAddress":"$EX$438:$FB$476","headAddress":"$EX$438:$FB$438","bodyAddress":"$EX$439:$FB$476","_name":"план"}},"emcosID":null,"emcosMLID":null,"codMaketTEP":null,"codTEP":null,"WSName":"DB","rangeAddress":"$ER$437:$FB$476","headAddress":"$ER$437:$FB$437","bodyAddress":"$ER$438:$FB$476","_name":"Потребление Prime Energy Resources Алматы"}},"codPlan":102,"meterCoef":null,"_name":"Потребление Prime Energy Resources Алматы"}