{"ID":"2d363493-2ed9-4365-88e7-ef3e22d3394c","childs":{"PS":{"_level":0,"parentID":"2d363493-2ed9-4365-88e7-ef3e22d3394c","firstParentID":"2d363493-2ed9-4365-88e7-ef3e22d3394c","ID":"5186d1a3-64e3-4bab-a9ab-e1abf56ba09f","childs":{"отдача":{"_level":1,"parentID":"5186d1a3-64e3-4bab-a9ab-e1abf56ba09f","firstParentID":"2d363493-2ed9-4365-88e7-ef3e22d3394c","ID":"1585a1b0-eb4b-4143-a5dc-250d7a2d5db3","childs":{"оперативное":{"_level":2,"parentID":"1585a1b0-eb4b-4143-a5dc-250d7a2d5db3","firstParentID":"2d363493-2ed9-4365-88e7-ef3e22d3394c","ID":"45ee3aa5-d372-4399-9b68-4d1e285174a3","childs":null,"emcosID":null,"emcosMLID":null,"codMaketTEP":null,"codTEP":null,"WSName":"PS","rangeAddress":"$BT$185:$BT$221","headAddress":"$BT$185","bodyAddress":"$BT$186:$BT$221","_name":"оперативное"}},"emcosID":null,"emcosMLID":null,"codMaketTEP":1315,"codTEP":null,"WSName":"PS","rangeAddress":"$BT$184:$BT$221","headAddress":"$BT$184","bodyAddress":"$BT$185:$BT$221","_name":"отдача"},"план":{"_level":1,"parentID":"5186d1a3-64e3-4bab-a9ab-e1abf56ba09f","firstParentID":"2d363493-2ed9-4365-88e7-ef3e22d3394c","ID":"4050919c-522e-45d8-ba23-107bb4446547","childs":{"заявка":{"_level":2,"parentID":"4050919c-522e-45d8-ba23-107bb4446547","firstParentID":"2d363493-2ed9-4365-88e7-ef3e22d3394c","ID":"1b3adb92-e95a-450a-8c76-3924a72238b0","childs":null,"emcosID":null,"emcosMLID":null,"codMaketTEP":null,"codTEP":null,"WSName":"PS","rangeAddress":"$BU$185:$BU$221","headAddress":"$BU$185","bodyAddress":"$BU$186:$BU$221","_name":"заявка"}},"emcosID":null,"emcosMLID":null,"codMaketTEP":null,"codTEP":null,"WSName":"PS","rangeAddress":"$BU$184:$BU$221","headAddress":"$BU$184","bodyAddress":"$BU$185:$BU$221","_name":"план"}},"emcosID":null,"emcosMLID":null,"codMaketTEP":null,"codTEP":null,"WSName":"PS","rangeAddress":"$BT$183:$BU$221","headAddress":"$BT$183:$BU$183","bodyAddress":"$BT$184:$BU$221","_name":"АТЭЦ3 АлЭС"},"DB":{"_level":0,"parentID":"2d363493-2ed9-4365-88e7-ef3e22d3394c","firstParentID":"2d363493-2ed9-4365-88e7-ef3e22d3394c","ID":"b936f1b4-ebe3-492c-b8d5-d2ede1663adb","childs":{"отдача":{"_level":1,"parentID":"b936f1b4-ebe3-492c-b8d5-d2ede1663adb","firstParentID":"2d363493-2ed9-4365-88e7-ef3e22d3394c","ID":"2fb11d91-18b7-4cfd-a5d8-1cfd4344b3ed","childs":{"код":{"_level":2,"parentID":"2fb11d91-18b7-4cfd-a5d8-1cfd4344b3ed","firstParentID":"2d363493-2ed9-4365-88e7-ef3e22d3394c","ID":"ab776ec9-7b88-4dbb-9580-f94a7a652e1f","childs":null,"emcosID":null,"emcosMLID":null,"codMaketTEP":null,"codTEP":null,"WSName":"DB","rangeAddress":"$FU$181:$FU$218","headAddress":"$FU$181","bodyAddress":"$FU$182:$FU$218","_name":"код"},"основное":{"_level":2,"parentID":"2fb11d91-18b7-4cfd-a5d8-1cfd4344b3ed","firstParentID":"2d363493-2ed9-4365-88e7-ef3e22d3394c","ID":"ac1a4e3f-ad6c-46d0-ae95-7d135e55dc14","childs":null,"emcosID":null,"emcosMLID":null,"codMaketTEP":null,"codTEP":null,"WSName":"DB","rangeAddress":"$FV$181:$FV$218","headAddress":"$FV$181","bodyAddress":"$FV$182:$FV$218","_name":"основное"},"корректировка факт":{"_level":2,"parentID":"2fb11d91-18b7-4cfd-a5d8-1cfd4344b3ed","firstParentID":"2d363493-2ed9-4365-88e7-ef3e22d3394c","ID":"215ca111-3c91-4d71-ad3e-2b9256708856","childs":null,"emcosID":null,"emcosMLID":null,"codMaketTEP":null,"codTEP":null,"WSName":"DB","rangeAddress":"$FW$181:$FW$218","headAddress":"$FW$181","bodyAddress":"$FW$182:$FW$218","_name":"корректировка факт"},"ручное":{"_level":2,"parentID":"2fb11d91-18b7-4cfd-a5d8-1cfd4344b3ed","firstParentID":"2d363493-2ed9-4365-88e7-ef3e22d3394c","ID":"7580b1b6-2ce1-453a-b8f1-93371a58d726","childs":null,"emcosID":null,"emcosMLID":null,"codMaketTEP":null,"codTEP":null,"WSName":"DB","rangeAddress":"$FX$181:$FX$218","headAddress":"$FX$181","bodyAddress":"$FX$182:$FX$218","_name":"ручное"},"оперативное":{"_level":2,"parentID":"2fb11d91-18b7-4cfd-a5d8-1cfd4344b3ed","firstParentID":"2d363493-2ed9-4365-88e7-ef3e22d3394c","ID":"42229424-9de2-4030-800c-5ea2ec08ed9f","childs":null,"emcosID":null,"emcosMLID":null,"codMaketTEP":null,"codTEP":null,"WSName":"DB","rangeAddress":"$FY$181:$FY$218","headAddress":"$FY$181","bodyAddress":"$FY$182:$FY$218","_name":"оперативное"},"по плану":{"_level":2,"parentID":"2fb11d91-18b7-4cfd-a5d8-1cfd4344b3ed","firstParentID":"2d363493-2ed9-4365-88e7-ef3e22d3394c","ID":"07278599-daa5-4832-a1d2-23e7ecf02524","childs":null,"emcosID":null,"emcosMLID":null,"codMaketTEP":null,"codTEP":null,"WSName":"DB","rangeAddress":"$FZ$181:$FZ$218","headAddress":"$FZ$181","bodyAddress":"$FZ$182:$FZ$218","_name":"по плану"}},"emcosID":null,"emcosMLID":null,"codMaketTEP":null,"codTEP":null,"WSName":"DB","rangeAddress":"$FU$180:$FZ$218","headAddress":"$FU$180:$FZ$180","bodyAddress":"$FU$181:$FZ$218","_name":"отдача"},"план":{"_level":1,"parentID":"b936f1b4-ebe3-492c-b8d5-d2ede1663adb","firstParentID":"2d363493-2ed9-4365-88e7-ef3e22d3394c","ID":"e33791ba-84fc-4dde-98dc-a9196f7f9f61","childs":{"код":{"_level":2,"parentID":"e33791ba-84fc-4dde-98dc-a9196f7f9f61","firstParentID":"2d363493-2ed9-4365-88e7-ef3e22d3394c","ID":"462f5004-1950-4905-9bc2-3818faed2b99","childs":null,"emcosID":null,"emcosMLID":null,"codMaketTEP":null,"codTEP":null,"WSName":"DB","rangeAddress":"$GA$181:$GA$218","headAddress":"$GA$181","bodyAddress":"$GA$182:$GA$218","_name":"код"},"основное":{"_level":2,"parentID":"e33791ba-84fc-4dde-98dc-a9196f7f9f61","firstParentID":"2d363493-2ed9-4365-88e7-ef3e22d3394c","ID":"cc085e28-87fd-4d2c-b4fe-2dc7d0bc2a9a","childs":null,"emcosID":null,"emcosMLID":null,"codMaketTEP":null,"codTEP":null,"WSName":"DB","rangeAddress":"$GB$181:$GB$218","headAddress":"$GB$181","bodyAddress":"$GB$182:$GB$218","_name":"основное"},"заявка":{"_level":2,"parentID":"e33791ba-84fc-4dde-98dc-a9196f7f9f61","firstParentID":"2d363493-2ed9-4365-88e7-ef3e22d3394c","ID":"75819298-d9ff-4561-9f8f-42e528c3782a","childs":null,"emcosID":null,"emcosMLID":null,"codMaketTEP":null,"codTEP":null,"WSName":"DB","rangeAddress":"$GC$181:$GC$218","headAddress":"$GC$181","bodyAddress":"$GC$182:$GC$218","_name":"заявка"},"утвержденный":{"_level":2,"parentID":"e33791ba-84fc-4dde-98dc-a9196f7f9f61","firstParentID":"2d363493-2ed9-4365-88e7-ef3e22d3394c","ID":"e7ead415-5aab-45e8-8670-4a2e5aaadc73","childs":null,"emcosID":null,"emcosMLID":null,"codMaketTEP":null,"codTEP":null,"WSName":"DB","rangeAddress":"$GD$181:$GD$218","headAddress":"$GD$181","bodyAddress":"$GD$182:$GD$218","_name":"утвержденный"},"корректировка":{"_level":2,"parentID":"e33791ba-84fc-4dde-98dc-a9196f7f9f61","firstParentID":"2d363493-2ed9-4365-88e7-ef3e22d3394c","ID":"0257b849-101c-441e-a620-771434b21270","childs":null,"emcosID":null,"emcosMLID":null,"codMaketTEP":null,"codTEP":null,"WSName":"DB","rangeAddress":"$GE$181:$GE$218","headAddress":"$GE$181","bodyAddress":"$GE$182:$GE$218","_name":"корректировка"}},"emcosID":null,"emcosMLID":null,"codMaketTEP":null,"codTEP":null,"WSName":"DB","rangeAddress":"$GA$180:$GE$218","headAddress":"$GA$180:$GE$180","bodyAddress":"$GA$181:$GE$218","_name":"план"}},"emcosID":null,"emcosMLID":null,"codMaketTEP":null,"codTEP":null,"WSName":"DB","rangeAddress":"$FU$179:$GE$218","headAddress":"$FU$179:$GE$179","bodyAddress":"$FU$180:$GE$218","_name":"АТЭЦ3 АлЭС"}},"codPlan":24,"meterCoef":null,"_name":"АТЭЦ3 АлЭС"}