{"ID":"2e10e433-4475-47d6-a8ca-2741d02ceee9","childs":{"PS":{"_level":0,"parentID":"2e10e433-4475-47d6-a8ca-2741d02ceee9","firstParentID":"2e10e433-4475-47d6-a8ca-2741d02ceee9","ID":"0eb101cc-2c5a-4989-93e2-cc7e77bbfcd7","childs":{"прием":{"_level":1,"parentID":"0eb101cc-2c5a-4989-93e2-cc7e77bbfcd7","firstParentID":"2e10e433-4475-47d6-a8ca-2741d02ceee9","ID":"51d9c965-23e9-498c-a25f-ad222144485c","childs":{"аскуэ":{"_level":2,"parentID":"51d9c965-23e9-498c-a25f-ad222144485c","firstParentID":"2e10e433-4475-47d6-a8ca-2741d02ceee9","ID":"dfba1663-e003-4ef9-85ee-1922e0780456","childs":null,"emcosID":null,"emcosMLID":null,"codMaketTEP":null,"codTEP":null,"WSName":"PS","rangeAddress":"$BI$56:$BI$92","headAddress":"$BI$56","bodyAddress":"$BI$57:$BI$92","_name":"аскуэ"}},"emcosID":null,"emcosMLID":null,"codMaketTEP":null,"codTEP":null,"WSName":"PS","rangeAddress":"$BI$55:$BI$92","headAddress":"$BI$55","bodyAddress":"$BI$56:$BI$92","_name":"прием"},"отдача":{"_level":1,"parentID":"0eb101cc-2c5a-4989-93e2-cc7e77bbfcd7","firstParentID":"2e10e433-4475-47d6-a8ca-2741d02ceee9","ID":"39da3f5d-b405-4ddd-ac20-e1144c48375e","childs":{"аскуэ":{"_level":2,"parentID":"39da3f5d-b405-4ddd-ac20-e1144c48375e","firstParentID":"2e10e433-4475-47d6-a8ca-2741d02ceee9","ID":"6f108dda-b75c-48cb-aa39-a1f5d74c67b7","childs":null,"emcosID":null,"emcosMLID":null,"codMaketTEP":null,"codTEP":null,"WSName":"PS","rangeAddress":"$BJ$56:$BJ$92","headAddress":"$BJ$56","bodyAddress":"$BJ$57:$BJ$92","_name":"аскуэ"}},"emcosID":null,"emcosMLID":null,"codMaketTEP":null,"codTEP":null,"WSName":"PS","rangeAddress":"$BJ$55:$BJ$92","headAddress":"$BJ$55","bodyAddress":"$BJ$56:$BJ$92","_name":"отдача"}},"emcosID":null,"emcosMLID":null,"codMaketTEP":null,"codTEP":null,"WSName":"PS","rangeAddress":"$BI$54:$BJ$92","headAddress":"$BI$54:$BJ$54","bodyAddress":"$BI$55:$BJ$92","_name":"Л136А Шу"},"DB":{"_level":0,"parentID":"2e10e433-4475-47d6-a8ca-2741d02ceee9","firstParentID":"2e10e433-4475-47d6-a8ca-2741d02ceee9","ID":"ba2961c7-05c5-44e6-a5de-4329796c25e0","childs":{"прием":{"_level":1,"parentID":"ba2961c7-05c5-44e6-a5de-4329796c25e0","firstParentID":"2e10e433-4475-47d6-a8ca-2741d02ceee9","ID":"f88379f9-f3ae-4b8a-acad-f9c0a5269d22","childs":{"код":{"_level":2,"parentID":"f88379f9-f3ae-4b8a-acad-f9c0a5269d22","firstParentID":"2e10e433-4475-47d6-a8ca-2741d02ceee9","ID":"19e50148-6400-4415-a50c-600ccbca36d5","childs":null,"emcosID":null,"emcosMLID":null,"codMaketTEP":null,"codTEP":null,"WSName":"DB","rangeAddress":"$BK$224:$BK$261","headAddress":"$BK$224","bodyAddress":"$BK$225:$BK$261","_name":"код"},"основное":{"_level":2,"parentID":"f88379f9-f3ae-4b8a-acad-f9c0a5269d22","firstParentID":"2e10e433-4475-47d6-a8ca-2741d02ceee9","ID":"e19b8a0e-a5bf-4db4-bcfa-105a7c79985a","childs":null,"emcosID":null,"emcosMLID":null,"codMaketTEP":null,"codTEP":null,"WSName":"DB","rangeAddress":"$BL$224:$BL$261","headAddress":"$BL$224","bodyAddress":"$BL$225:$BL$261","_name":"основное"},"корректировка факт":{"_level":2,"parentID":"f88379f9-f3ae-4b8a-acad-f9c0a5269d22","firstParentID":"2e10e433-4475-47d6-a8ca-2741d02ceee9","ID":"1edae9a7-5a3f-4f9a-8a3c-f57539a441b5","childs":null,"emcosID":null,"emcosMLID":null,"codMaketTEP":null,"codTEP":null,"WSName":"DB","rangeAddress":"$BM$224:$BM$261","headAddress":"$BM$224","bodyAddress":"$BM$225:$BM$261","_name":"корректировка факт"},"ручное":{"_level":2,"parentID":"f88379f9-f3ae-4b8a-acad-f9c0a5269d22","firstParentID":"2e10e433-4475-47d6-a8ca-2741d02ceee9","ID":"1d53cc61-4a38-451b-8b5b-98f254e23ba3","childs":null,"emcosID":null,"emcosMLID":null,"codMaketTEP":null,"codTEP":null,"WSName":"DB","rangeAddress":"$BN$224:$BN$261","headAddress":"$BN$224","bodyAddress":"$BN$225:$BN$261","_name":"ручное"},"счетчик":{"_level":2,"parentID":"f88379f9-f3ae-4b8a-acad-f9c0a5269d22","firstParentID":"2e10e433-4475-47d6-a8ca-2741d02ceee9","ID":"a6dccad9-dd10-4c89-84a5-8be683a2288d","childs":null,"emcosID":null,"emcosMLID":null,"codMaketTEP":null,"codTEP":null,"WSName":"DB","rangeAddress":"$BO$224:$BO$261","headAddress":"$BO$224","bodyAddress":"$BO$225:$BO$261","_name":"счетчик"},"по счетчику":{"_level":2,"parentID":"f88379f9-f3ae-4b8a-acad-f9c0a5269d22","firstParentID":"2e10e433-4475-47d6-a8ca-2741d02ceee9","ID":"58ebcc7e-8d79-4ba8-a173-9a0a9dfeb0f7","childs":null,"emcosID":null,"emcosMLID":null,"codMaketTEP":null,"codTEP":null,"WSName":"DB","rangeAddress":"$BP$224:$BP$261","headAddress":"$BP$224","bodyAddress":"$BP$225:$BP$261","_name":"по счетчику"},"аскуэ":{"_level":2,"parentID":"f88379f9-f3ae-4b8a-acad-f9c0a5269d22","firstParentID":"2e10e433-4475-47d6-a8ca-2741d02ceee9","ID":"506fd89c-1fd9-403b-b9a9-8512b0ba8b59","childs":null,"emcosID":null,"emcosMLID":null,"codMaketTEP":null,"codTEP":null,"WSName":"DB","rangeAddress":"$BQ$224:$BQ$261","headAddress":"$BQ$224","bodyAddress":"$BQ$225:$BQ$261","_name":"аскуэ"}},"emcosID":415,"emcosMLID":386,"codMaketTEP":null,"codTEP":null,"WSName":"DB","rangeAddress":"$BK$223:$BQ$261","headAddress":"$BK$223:$BQ$223","bodyAddress":"$BK$224:$BQ$261","_name":"прием"},"отдача":{"_level":1,"parentID":"ba2961c7-05c5-44e6-a5de-4329796c25e0","firstParentID":"2e10e433-4475-47d6-a8ca-2741d02ceee9","ID":"8943c376-0be1-4ee7-8a26-daef0693dd5b","childs":{"код":{"_level":2,"parentID":"8943c376-0be1-4ee7-8a26-daef0693dd5b","firstParentID":"2e10e433-4475-47d6-a8ca-2741d02ceee9","ID":"0bbbba12-17bd-4346-9597-cff601351166","childs":null,"emcosID":null,"emcosMLID":null,"codMaketTEP":null,"codTEP":null,"WSName":"DB","rangeAddress":"$BR$224:$BR$261","headAddress":"$BR$224","bodyAddress":"$BR$225:$BR$261","_name":"код"},"основное":{"_level":2,"parentID":"8943c376-0be1-4ee7-8a26-daef0693dd5b","firstParentID":"2e10e433-4475-47d6-a8ca-2741d02ceee9","ID":"27a98d2a-b425-4c3f-9af7-c360103981cf","childs":null,"emcosID":null,"emcosMLID":null,"codMaketTEP":null,"codTEP":null,"WSName":"DB","rangeAddress":"$BS$224:$BS$261","headAddress":"$BS$224","bodyAddress":"$BS$225:$BS$261","_name":"основное"},"корректировка факт":{"_level":2,"parentID":"8943c376-0be1-4ee7-8a26-daef0693dd5b","firstParentID":"2e10e433-4475-47d6-a8ca-2741d02ceee9","ID":"fc26230b-ea82-473c-9c99-d19262661f9b","childs":null,"emcosID":null,"emcosMLID":null,"codMaketTEP":null,"codTEP":null,"WSName":"DB","rangeAddress":"$BT$224:$BT$261","headAddress":"$BT$224","bodyAddress":"$BT$225:$BT$261","_name":"корректировка факт"},"ручное":{"_level":2,"parentID":"8943c376-0be1-4ee7-8a26-daef0693dd5b","firstParentID":"2e10e433-4475-47d6-a8ca-2741d02ceee9","ID":"430ac017-c3ce-4cdf-99ad-64b73b31d97b","childs":null,"emcosID":null,"emcosMLID":null,"codMaketTEP":null,"codTEP":null,"WSName":"DB","rangeAddress":"$BU$224:$BU$261","headAddress":"$BU$224","bodyAddress":"$BU$225:$BU$261","_name":"ручное"},"счетчик":{"_level":2,"parentID":"8943c376-0be1-4ee7-8a26-daef0693dd5b","firstParentID":"2e10e433-4475-47d6-a8ca-2741d02ceee9","ID":"7d58242d-68c5-4df9-8b96-179ff0ce2b27","childs":null,"emcosID":null,"emcosMLID":null,"codMaketTEP":null,"codTEP":null,"WSName":"DB","rangeAddress":"$BV$224:$BV$261","headAddress":"$BV$224","bodyAddress":"$BV$225:$BV$261","_name":"счетчик"},"по счетчику":{"_level":2,"parentID":"8943c376-0be1-4ee7-8a26-daef0693dd5b","firstParentID":"2e10e433-4475-47d6-a8ca-2741d02ceee9","ID":"00714bfe-0c59-4ce0-bd14-2375fe557029","childs":null,"emcosID":null,"emcosMLID":null,"codMaketTEP":null,"codTEP":null,"WSName":"DB","rangeAddress":"$BW$224:$BW$261","headAddress":"$BW$224","bodyAddress":"$BW$225:$BW$261","_name":"по счетчику"},"аскуэ":{"_level":2,"parentID":"8943c376-0be1-4ee7-8a26-daef0693dd5b","firstParentID":"2e10e433-4475-47d6-a8ca-2741d02ceee9","ID":"b2c8ee74-64c3-4c83-9d43-bf94b699ae16","childs":null,"emcosID":null,"emcosMLID":null,"codMaketTEP":null,"codTEP":null,"WSName":"DB","rangeAddress":"$BX$224:$BX$261","headAddress":"$BX$224","bodyAddress":"$BX$225:$BX$261","_name":"аскуэ"}},"emcosID":415,"emcosMLID":385,"codMaketTEP":null,"codTEP":null,"WSName":"DB","rangeAddress":"$BR$223:$BX$261","headAddress":"$BR$223:$BX$223","bodyAddress":"$BR$224:$BX$261","_name":"отдача"}},"emcosID":null,"emcosMLID":null,"codMaketTEP":null,"codTEP":null,"WSName":"DB","rangeAddress":"$BK$222:$BX$261","headAddress":"$BK$222:$BX$222","bodyAddress":"$BK$223:$BX$261","_name":"Л136А Шу"}},"codPlan":null,"meterCoef":null,"_name":"Л136А Шу"}