{"ID":"2f7a29ae-5eb2-4da4-b11e-b0b62acb5e16","childs":{"PS":{"_level":0,"parentID":"2f7a29ae-5eb2-4da4-b11e-b0b62acb5e16","firstParentID":"2f7a29ae-5eb2-4da4-b11e-b0b62acb5e16","ID":"2a6c0ed7-0794-4095-8bf0-72768476062a","childs":{"отдача":{"_level":1,"parentID":"2a6c0ed7-0794-4095-8bf0-72768476062a","firstParentID":"2f7a29ae-5eb2-4da4-b11e-b0b62acb5e16","ID":"2e1bdfa9-bd23-4d73-9f7b-71bb30ecfd2c","childs":{"формула":{"_level":2,"parentID":"2e1bdfa9-bd23-4d73-9f7b-71bb30ecfd2c","firstParentID":"2f7a29ae-5eb2-4da4-b11e-b0b62acb5e16","ID":"00e90455-3c0d-4745-89d4-f4ebd32bb5ec","childs":null,"emcosID":null,"emcosMLID":null,"codMaketTEP":null,"codTEP":null,"WSName":"PS","rangeAddress":"$DD$185:$DD$221","headAddress":"$DD$185","bodyAddress":"$DD$186:$DD$221","_name":"формула"}},"emcosID":null,"emcosMLID":null,"codMaketTEP":1318,"codTEP":null,"WSName":"PS","rangeAddress":"$DD$184:$DD$221","headAddress":"$DD$184","bodyAddress":"$DD$185:$DD$221","_name":"отдача"}},"emcosID":null,"emcosMLID":null,"codMaketTEP":null,"codTEP":null,"WSName":"PS","rangeAddress":"$DD$183:$DD$221","headAddress":"$DD$183","bodyAddress":"$DD$184:$DD$221","_name":"Генерация ВИЭ Алматы"},"DB":{"_level":0,"parentID":"2f7a29ae-5eb2-4da4-b11e-b0b62acb5e16","firstParentID":"2f7a29ae-5eb2-4da4-b11e-b0b62acb5e16","ID":"383be8d7-01b8-440e-a4b6-600eb6fb1ada","childs":{"отдача":{"_level":1,"parentID":"383be8d7-01b8-440e-a4b6-600eb6fb1ada","firstParentID":"2f7a29ae-5eb2-4da4-b11e-b0b62acb5e16","ID":"5892a75b-0cc9-4f9b-8f37-d0de206be047","childs":{"код":{"_level":2,"parentID":"5892a75b-0cc9-4f9b-8f37-d0de206be047","firstParentID":"2f7a29ae-5eb2-4da4-b11e-b0b62acb5e16","ID":"b3fb55ff-1c68-48c3-9f0b-e0539ac650f6","childs":null,"emcosID":null,"emcosMLID":null,"codMaketTEP":null,"codTEP":null,"WSName":"DB","rangeAddress":"$C$267:$C$304","headAddress":"$C$267","bodyAddress":"$C$268:$C$304","_name":"код"},"основное":{"_level":2,"parentID":"5892a75b-0cc9-4f9b-8f37-d0de206be047","firstParentID":"2f7a29ae-5eb2-4da4-b11e-b0b62acb5e16","ID":"8d297bf2-77a6-4b6f-ba8f-2afa296b7844","childs":null,"emcosID":null,"emcosMLID":null,"codMaketTEP":null,"codTEP":null,"WSName":"DB","rangeAddress":"$D$267:$D$304","headAddress":"$D$267","bodyAddress":"$D$268:$D$304","_name":"основное"},"корректировка факт":{"_level":2,"parentID":"5892a75b-0cc9-4f9b-8f37-d0de206be047","firstParentID":"2f7a29ae-5eb2-4da4-b11e-b0b62acb5e16","ID":"6cf99e5e-1232-4c96-ad3a-ac579cf7f723","childs":null,"emcosID":null,"emcosMLID":null,"codMaketTEP":null,"codTEP":null,"WSName":"DB","rangeAddress":"$E$267:$E$304","headAddress":"$E$267","bodyAddress":"$E$268:$E$304","_name":"корректировка факт"},"ручное":{"_level":2,"parentID":"5892a75b-0cc9-4f9b-8f37-d0de206be047","firstParentID":"2f7a29ae-5eb2-4da4-b11e-b0b62acb5e16","ID":"ef9692a7-683f-4b05-8ad7-596388ad492e","childs":null,"emcosID":null,"emcosMLID":null,"codMaketTEP":null,"codTEP":null,"WSName":"DB","rangeAddress":"$F$267:$F$304","headAddress":"$F$267","bodyAddress":"$F$268:$F$304","_name":"ручное"},"формула":{"_level":2,"parentID":"5892a75b-0cc9-4f9b-8f37-d0de206be047","firstParentID":"2f7a29ae-5eb2-4da4-b11e-b0b62acb5e16","ID":"2b2018c9-2955-41d8-b764-1f9950865664","childs":null,"emcosID":null,"emcosMLID":null,"codMaketTEP":null,"codTEP":null,"WSName":"DB","rangeAddress":"$G$267:$G$304","headAddress":"$G$267","bodyAddress":"$G$268:$G$304","_name":"формула"}},"emcosID":null,"emcosMLID":null,"codMaketTEP":null,"codTEP":null,"WSName":"DB","rangeAddress":"$C$266:$G$304","headAddress":"$C$266:$G$266","bodyAddress":"$C$267:$G$304","_name":"отдача"}},"emcosID":null,"emcosMLID":null,"codMaketTEP":null,"codTEP":null,"WSName":"DB","rangeAddress":"$C$265:$G$304","headAddress":"$C$265:$G$265","bodyAddress":"$C$266:$G$304","_name":"Генерация ВИЭ Алматы"}},"codPlan":null,"meterCoef":null,"_name":"Генерация ВИЭ Алматы"}