{"ID":"2fd07a82-d669-4cb1-80b7-4c1c69380c56","childs":{"PS":{"_level":0,"parentID":"2fd07a82-d669-4cb1-80b7-4c1c69380c56","firstParentID":"2fd07a82-d669-4cb1-80b7-4c1c69380c56","ID":"c37be904-0fc0-49ba-8a47-b21fc26928b6","childs":{"прием":{"_level":1,"parentID":"c37be904-0fc0-49ba-8a47-b21fc26928b6","firstParentID":"2fd07a82-d669-4cb1-80b7-4c1c69380c56","ID":"eef27d28-7c5c-4d08-85d8-76eb5636a207","childs":{"ручное":{"_level":2,"parentID":"eef27d28-7c5c-4d08-85d8-76eb5636a207","firstParentID":"2fd07a82-d669-4cb1-80b7-4c1c69380c56","ID":"caf90b1d-5150-4d6a-918c-c1f0a71dfd80","childs":null,"emcosID":null,"emcosMLID":null,"codMaketTEP":null,"codTEP":null,"WSName":"PS","rangeAddress":"$V$142:$V$178","headAddress":"$V$142","bodyAddress":"$V$143:$V$178","_name":"ручное"}},"emcosID":null,"emcosMLID":null,"codMaketTEP":null,"codTEP":null,"WSName":"PS","rangeAddress":"$V$141:$V$178","headAddress":"$V$141","bodyAddress":"$V$142:$V$178","_name":"прием"},"отдача":{"_level":1,"parentID":"c37be904-0fc0-49ba-8a47-b21fc26928b6","firstParentID":"2fd07a82-d669-4cb1-80b7-4c1c69380c56","ID":"fe877254-4480-4b0b-b9ed-142ea44ba224","childs":{"ручное":{"_level":2,"parentID":"fe877254-4480-4b0b-b9ed-142ea44ba224","firstParentID":"2fd07a82-d669-4cb1-80b7-4c1c69380c56","ID":"687a5865-df1a-4e97-b646-06e5f44f9e1f","childs":null,"emcosID":null,"emcosMLID":null,"codMaketTEP":null,"codTEP":null,"WSName":"PS","rangeAddress":"$W$142:$W$178","headAddress":"$W$142","bodyAddress":"$W$143:$W$178","_name":"ручное"}},"emcosID":null,"emcosMLID":null,"codMaketTEP":null,"codTEP":null,"WSName":"PS","rangeAddress":"$W$141:$W$178","headAddress":"$W$141","bodyAddress":"$W$142:$W$178","_name":"отдача"}},"emcosID":null,"emcosMLID":null,"codMaketTEP":null,"codTEP":null,"WSName":"PS","rangeAddress":"$V$140:$W$178","headAddress":"$V$140:$W$140","bodyAddress":"$V$141:$W$178","_name":"Л7 РУ ТТЭЦ2"},"DB":{"_level":0,"parentID":"2fd07a82-d669-4cb1-80b7-4c1c69380c56","firstParentID":"2fd07a82-d669-4cb1-80b7-4c1c69380c56","ID":"adbc5d94-12d4-4963-8787-ad9558060414","childs":{"прием":{"_level":1,"parentID":"adbc5d94-12d4-4963-8787-ad9558060414","firstParentID":"2fd07a82-d669-4cb1-80b7-4c1c69380c56","ID":"4ee7dfe7-1373-4752-a648-9dd4b541ab12","childs":{"код":{"_level":2,"parentID":"4ee7dfe7-1373-4752-a648-9dd4b541ab12","firstParentID":"2fd07a82-d669-4cb1-80b7-4c1c69380c56","ID":"a9d95f27-5aaa-4f52-a32f-58259ca0b4de","childs":null,"emcosID":null,"emcosMLID":null,"codMaketTEP":null,"codTEP":null,"WSName":"DB","rangeAddress":"$DD$310:$DD$347","headAddress":"$DD$310","bodyAddress":"$DD$311:$DD$347","_name":"код"},"основное":{"_level":2,"parentID":"4ee7dfe7-1373-4752-a648-9dd4b541ab12","firstParentID":"2fd07a82-d669-4cb1-80b7-4c1c69380c56","ID":"a587acd4-cde6-42dc-97a6-dcf64ea5e078","childs":null,"emcosID":null,"emcosMLID":null,"codMaketTEP":null,"codTEP":null,"WSName":"DB","rangeAddress":"$DE$310:$DE$347","headAddress":"$DE$310","bodyAddress":"$DE$311:$DE$347","_name":"основное"},"корректировка факт":{"_level":2,"parentID":"4ee7dfe7-1373-4752-a648-9dd4b541ab12","firstParentID":"2fd07a82-d669-4cb1-80b7-4c1c69380c56","ID":"323da3ce-cbf6-45f8-ba79-50e331b1919e","childs":null,"emcosID":null,"emcosMLID":null,"codMaketTEP":null,"codTEP":null,"WSName":"DB","rangeAddress":"$DF$310:$DF$347","headAddress":"$DF$310","bodyAddress":"$DF$311:$DF$347","_name":"корректировка факт"},"ручное":{"_level":2,"parentID":"4ee7dfe7-1373-4752-a648-9dd4b541ab12","firstParentID":"2fd07a82-d669-4cb1-80b7-4c1c69380c56","ID":"57bf5f6d-6a55-4c51-9180-74cbad12caac","childs":null,"emcosID":null,"emcosMLID":null,"codMaketTEP":null,"codTEP":null,"WSName":"DB","rangeAddress":"$DG$310:$DG$347","headAddress":"$DG$310","bodyAddress":"$DG$311:$DG$347","_name":"ручное"}},"emcosID":null,"emcosMLID":null,"codMaketTEP":null,"codTEP":null,"WSName":"DB","rangeAddress":"$DD$309:$DG$347","headAddress":"$DD$309:$DG$309","bodyAddress":"$DD$310:$DG$347","_name":"прием"},"отдача":{"_level":1,"parentID":"adbc5d94-12d4-4963-8787-ad9558060414","firstParentID":"2fd07a82-d669-4cb1-80b7-4c1c69380c56","ID":"789601a2-2e13-495e-b071-408e1a7c074d","childs":{"код":{"_level":2,"parentID":"789601a2-2e13-495e-b071-408e1a7c074d","firstParentID":"2fd07a82-d669-4cb1-80b7-4c1c69380c56","ID":"c0d093ab-f578-403e-9916-8784942782ca","childs":null,"emcosID":null,"emcosMLID":null,"codMaketTEP":null,"codTEP":null,"WSName":"DB","rangeAddress":"$DH$310:$DH$347","headAddress":"$DH$310","bodyAddress":"$DH$311:$DH$347","_name":"код"},"основное":{"_level":2,"parentID":"789601a2-2e13-495e-b071-408e1a7c074d","firstParentID":"2fd07a82-d669-4cb1-80b7-4c1c69380c56","ID":"311ccd97-21b8-4586-bedb-83fdda77cfbe","childs":null,"emcosID":null,"emcosMLID":null,"codMaketTEP":null,"codTEP":null,"WSName":"DB","rangeAddress":"$DI$310:$DI$347","headAddress":"$DI$310","bodyAddress":"$DI$311:$DI$347","_name":"основное"},"корректировка факт":{"_level":2,"parentID":"789601a2-2e13-495e-b071-408e1a7c074d","firstParentID":"2fd07a82-d669-4cb1-80b7-4c1c69380c56","ID":"bd709f3d-74f3-45ea-ae02-345d9add4096","childs":null,"emcosID":null,"emcosMLID":null,"codMaketTEP":null,"codTEP":null,"WSName":"DB","rangeAddress":"$DJ$310:$DJ$347","headAddress":"$DJ$310","bodyAddress":"$DJ$311:$DJ$347","_name":"корректировка факт"},"ручное":{"_level":2,"parentID":"789601a2-2e13-495e-b071-408e1a7c074d","firstParentID":"2fd07a82-d669-4cb1-80b7-4c1c69380c56","ID":"c4a35bb3-7e43-4b25-848b-11b54d4980ac","childs":null,"emcosID":null,"emcosMLID":null,"codMaketTEP":null,"codTEP":null,"WSName":"DB","rangeAddress":"$DK$310:$DK$347","headAddress":"$DK$310","bodyAddress":"$DK$311:$DK$347","_name":"ручное"}},"emcosID":null,"emcosMLID":null,"codMaketTEP":null,"codTEP":null,"WSName":"DB","rangeAddress":"$DH$309:$DK$347","headAddress":"$DH$309:$DK$309","bodyAddress":"$DH$310:$DK$347","_name":"отдача"}},"emcosID":null,"emcosMLID":null,"codMaketTEP":null,"codTEP":null,"WSName":"DB","rangeAddress":"$DD$308:$DK$347","headAddress":"$DD$308:$DK$308","bodyAddress":"$DD$309:$DK$347","_name":"Л7 РУ ТТЭЦ2"}},"codPlan":null,"meterCoef":null,"_name":"Л7 РУ ТТЭЦ2"}