{"ID":"3023d843-ca96-4996-acad-c4031fde4d66","childs":{"PS":{"_level":0,"parentID":"3023d843-ca96-4996-acad-c4031fde4d66","firstParentID":"3023d843-ca96-4996-acad-c4031fde4d66","ID":"a77bb8eb-da5e-4977-b4be-83cbe8e8c048","childs":{"прием":{"_level":1,"parentID":"a77bb8eb-da5e-4977-b4be-83cbe8e8c048","firstParentID":"3023d843-ca96-4996-acad-c4031fde4d66","ID":"1f20018e-728a-4198-9526-82c3b5a760d7","childs":{"по счетчику":{"_level":2,"parentID":"1f20018e-728a-4198-9526-82c3b5a760d7","firstParentID":"3023d843-ca96-4996-acad-c4031fde4d66","ID":"03d99292-74a8-46eb-a3fb-230a610c79d6","childs":null,"emcosID":null,"emcosMLID":null,"codMaketTEP":null,"codTEP":null,"WSName":"PS","rangeAddress":"$HR$99:$HR$135","headAddress":"$HR$99","bodyAddress":"$HR$100:$HR$135","_name":"по счетчику"},"СЧЕТЧИК":{"_level":2,"parentID":"1f20018e-728a-4198-9526-82c3b5a760d7","firstParentID":"3023d843-ca96-4996-acad-c4031fde4d66","ID":"2c990aea-4d90-45cd-a52f-a8d88ef241e7","childs":null,"emcosID":null,"emcosMLID":null,"codMaketTEP":null,"codTEP":null,"WSName":"PS","rangeAddress":"$HS$99:$HS$135","headAddress":"$HS$99","bodyAddress":"$HS$100:$HS$135","_name":"СЧЕТЧИК"}},"emcosID":null,"emcosMLID":null,"codMaketTEP":null,"codTEP":null,"WSName":"PS","rangeAddress":"$HR$98:$HS$135","headAddress":"$HR$98:$HS$98","bodyAddress":"$HR$99:$HS$135","_name":"прием"},"отдача":{"_level":1,"parentID":"a77bb8eb-da5e-4977-b4be-83cbe8e8c048","firstParentID":"3023d843-ca96-4996-acad-c4031fde4d66","ID":"b1a4495c-5149-471a-a6fc-7b07772d2e60","childs":{"по счетчику":{"_level":2,"parentID":"b1a4495c-5149-471a-a6fc-7b07772d2e60","firstParentID":"3023d843-ca96-4996-acad-c4031fde4d66","ID":"80bcbfc6-4f90-4fa8-9723-da7a7645bcde","childs":null,"emcosID":null,"emcosMLID":null,"codMaketTEP":null,"codTEP":null,"WSName":"PS","rangeAddress":"$HT$99:$HT$135","headAddress":"$HT$99","bodyAddress":"$HT$100:$HT$135","_name":"по счетчику"},"СЧЕТЧИК":{"_level":2,"parentID":"b1a4495c-5149-471a-a6fc-7b07772d2e60","firstParentID":"3023d843-ca96-4996-acad-c4031fde4d66","ID":"f2dc09a4-d4db-42ac-86c8-897510857b8a","childs":null,"emcosID":null,"emcosMLID":null,"codMaketTEP":null,"codTEP":null,"WSName":"PS","rangeAddress":"$HU$99:$HU$135","headAddress":"$HU$99","bodyAddress":"$HU$100:$HU$135","_name":"СЧЕТЧИК"}},"emcosID":null,"emcosMLID":null,"codMaketTEP":null,"codTEP":null,"WSName":"PS","rangeAddress":"$HT$98:$HU$135","headAddress":"$HT$98:$HU$98","bodyAddress":"$HT$99:$HU$135","_name":"отдача"}},"emcosID":null,"emcosMLID":null,"codMaketTEP":null,"codTEP":null,"WSName":"PS","rangeAddress":"$HR$97:$HU$135","headAddress":"$HR$97:$HU$97","bodyAddress":"$HR$98:$HU$135","_name":"КЛ59 ПС152 Талдыкорган"},"DB":{"_level":0,"parentID":"3023d843-ca96-4996-acad-c4031fde4d66","firstParentID":"3023d843-ca96-4996-acad-c4031fde4d66","ID":"be7ef5df-087f-43cc-a098-d14ad3940c8d","childs":{"прием":{"_level":1,"parentID":"be7ef5df-087f-43cc-a098-d14ad3940c8d","firstParentID":"3023d843-ca96-4996-acad-c4031fde4d66","ID":"6353baef-0f99-454b-a91a-445ed64e208e","childs":{"код":{"_level":2,"parentID":"6353baef-0f99-454b-a91a-445ed64e208e","firstParentID":"3023d843-ca96-4996-acad-c4031fde4d66","ID":"77d9749a-a908-428f-aa1f-e203f469dc15","childs":null,"emcosID":null,"emcosMLID":null,"codMaketTEP":null,"codTEP":null,"WSName":"DB","rangeAddress":"$FY$525:$FY$562","headAddress":"$FY$525","bodyAddress":"$FY$526:$FY$562","_name":"код"},"основное":{"_level":2,"parentID":"6353baef-0f99-454b-a91a-445ed64e208e","firstParentID":"3023d843-ca96-4996-acad-c4031fde4d66","ID":"59ca9539-28a5-46be-a2fa-335e5dec301d","childs":null,"emcosID":null,"emcosMLID":null,"codMaketTEP":null,"codTEP":null,"WSName":"DB","rangeAddress":"$FZ$525:$FZ$562","headAddress":"$FZ$525","bodyAddress":"$FZ$526:$FZ$562","_name":"основное"},"корректировка факт":{"_level":2,"parentID":"6353baef-0f99-454b-a91a-445ed64e208e","firstParentID":"3023d843-ca96-4996-acad-c4031fde4d66","ID":"44dfe545-0db2-49dd-93b6-d32dd1eb3f26","childs":null,"emcosID":null,"emcosMLID":null,"codMaketTEP":null,"codTEP":null,"WSName":"DB","rangeAddress":"$GA$525:$GA$562","headAddress":"$GA$525","bodyAddress":"$GA$526:$GA$562","_name":"корректировка факт"},"ручное":{"_level":2,"parentID":"6353baef-0f99-454b-a91a-445ed64e208e","firstParentID":"3023d843-ca96-4996-acad-c4031fde4d66","ID":"98a74b19-80db-4387-bc16-8e8f5f271fb3","childs":null,"emcosID":null,"emcosMLID":null,"codMaketTEP":null,"codTEP":null,"WSName":"DB","rangeAddress":"$GB$525:$GB$562","headAddress":"$GB$525","bodyAddress":"$GB$526:$GB$562","_name":"ручное"},"счетчик":{"_level":2,"parentID":"6353baef-0f99-454b-a91a-445ed64e208e","firstParentID":"3023d843-ca96-4996-acad-c4031fde4d66","ID":"87b06434-cb84-4cb5-a084-37a85b164f7c","childs":null,"emcosID":null,"emcosMLID":null,"codMaketTEP":null,"codTEP":null,"WSName":"DB","rangeAddress":"$GC$525:$GC$562","headAddress":"$GC$525","bodyAddress":"$GC$526:$GC$562","_name":"счетчик"},"по счетчику":{"_level":2,"parentID":"6353baef-0f99-454b-a91a-445ed64e208e","firstParentID":"3023d843-ca96-4996-acad-c4031fde4d66","ID":"a744953a-ff7f-4ea1-b364-51d17edf61f2","childs":null,"emcosID":null,"emcosMLID":null,"codMaketTEP":null,"codTEP":null,"WSName":"DB","rangeAddress":"$GD$525:$GD$562","headAddress":"$GD$525","bodyAddress":"$GD$526:$GD$562","_name":"по счетчику"}},"emcosID":null,"emcosMLID":null,"codMaketTEP":null,"codTEP":null,"WSName":"DB","rangeAddress":"$FY$524:$GD$562","headAddress":"$FY$524:$GD$524","bodyAddress":"$FY$525:$GD$562","_name":"прием"},"отдача":{"_level":1,"parentID":"be7ef5df-087f-43cc-a098-d14ad3940c8d","firstParentID":"3023d843-ca96-4996-acad-c4031fde4d66","ID":"9be3f219-390d-435b-991a-bf0f8b90b080","childs":{"код":{"_level":2,"parentID":"9be3f219-390d-435b-991a-bf0f8b90b080","firstParentID":"3023d843-ca96-4996-acad-c4031fde4d66","ID":"c73bcf44-a620-4a4b-96a5-2951265aaed5","childs":null,"emcosID":null,"emcosMLID":null,"codMaketTEP":null,"codTEP":null,"WSName":"DB","rangeAddress":"$GE$525:$GE$562","headAddress":"$GE$525","bodyAddress":"$GE$526:$GE$562","_name":"код"},"основное":{"_level":2,"parentID":"9be3f219-390d-435b-991a-bf0f8b90b080","firstParentID":"3023d843-ca96-4996-acad-c4031fde4d66","ID":"11741b3c-18ce-494b-87e9-276586109ea8","childs":null,"emcosID":null,"emcosMLID":null,"codMaketTEP":null,"codTEP":null,"WSName":"DB","rangeAddress":"$GF$525:$GF$562","headAddress":"$GF$525","bodyAddress":"$GF$526:$GF$562","_name":"основное"},"корректировка факт":{"_level":2,"parentID":"9be3f219-390d-435b-991a-bf0f8b90b080","firstParentID":"3023d843-ca96-4996-acad-c4031fde4d66","ID":"2280f7d4-363f-4cb7-8a21-f7ab3700bc5a","childs":null,"emcosID":null,"emcosMLID":null,"codMaketTEP":null,"codTEP":null,"WSName":"DB","rangeAddress":"$GG$525:$GG$562","headAddress":"$GG$525","bodyAddress":"$GG$526:$GG$562","_name":"корректировка факт"},"ручное":{"_level":2,"parentID":"9be3f219-390d-435b-991a-bf0f8b90b080","firstParentID":"3023d843-ca96-4996-acad-c4031fde4d66","ID":"80692ea0-e3f6-40d8-8d2f-455a462d0b32","childs":null,"emcosID":null,"emcosMLID":null,"codMaketTEP":null,"codTEP":null,"WSName":"DB","rangeAddress":"$GH$525:$GH$562","headAddress":"$GH$525","bodyAddress":"$GH$526:$GH$562","_name":"ручное"},"счетчик":{"_level":2,"parentID":"9be3f219-390d-435b-991a-bf0f8b90b080","firstParentID":"3023d843-ca96-4996-acad-c4031fde4d66","ID":"ab4391f7-7092-4c3e-828a-6549ef823b39","childs":null,"emcosID":null,"emcosMLID":null,"codMaketTEP":null,"codTEP":null,"WSName":"DB","rangeAddress":"$GI$525:$GI$562","headAddress":"$GI$525","bodyAddress":"$GI$526:$GI$562","_name":"счетчик"},"по счетчику":{"_level":2,"parentID":"9be3f219-390d-435b-991a-bf0f8b90b080","firstParentID":"3023d843-ca96-4996-acad-c4031fde4d66","ID":"bf07e312-2783-47d3-850e-dcbc0e730220","childs":null,"emcosID":null,"emcosMLID":null,"codMaketTEP":null,"codTEP":null,"WSName":"DB","rangeAddress":"$GJ$525:$GJ$562","headAddress":"$GJ$525","bodyAddress":"$GJ$526:$GJ$562","_name":"по счетчику"}},"emcosID":null,"emcosMLID":null,"codMaketTEP":null,"codTEP":null,"WSName":"DB","rangeAddress":"$GE$524:$GJ$562","headAddress":"$GE$524:$GJ$524","bodyAddress":"$GE$525:$GJ$562","_name":"отдача"}},"emcosID":null,"emcosMLID":null,"codMaketTEP":null,"codTEP":null,"WSName":"DB","rangeAddress":"$FY$523:$GJ$562","headAddress":"$FY$523:$GJ$523","bodyAddress":"$FY$524:$GJ$562","_name":"КЛ59 ПС152 Талдыкорган"}},"codPlan":null,"meterCoef":"4","_name":"КЛ59 ПС152 Талдыкорган"}