{"ID":"305f6960-3e9f-48a0-9bf9-0872d5b97295","childs":{"PS":{"_level":0,"parentID":"305f6960-3e9f-48a0-9bf9-0872d5b97295","firstParentID":"305f6960-3e9f-48a0-9bf9-0872d5b97295","ID":"0e254696-bcac-477a-80f2-068321ef71af","childs":{"отдача":{"_level":1,"parentID":"0e254696-bcac-477a-80f2-068321ef71af","firstParentID":"305f6960-3e9f-48a0-9bf9-0872d5b97295","ID":"c2d25729-1987-41c5-9a25-b9f02924913e","childs":{"ручное":{"_level":2,"parentID":"c2d25729-1987-41c5-9a25-b9f02924913e","firstParentID":"305f6960-3e9f-48a0-9bf9-0872d5b97295","ID":"744e0681-e5db-4039-a862-f00a6e9e2884","childs":null,"emcosID":null,"emcosMLID":null,"codMaketTEP":null,"codTEP":null,"WSName":"PS","rangeAddress":"$CI$185:$CI$221","headAddress":"$CI$185","bodyAddress":"$CI$186:$CI$221","_name":"ручное"}},"emcosID":null,"emcosMLID":null,"codMaketTEP":null,"codTEP":null,"WSName":"PS","rangeAddress":"$CI$184:$CI$221","headAddress":"$CI$184","bodyAddress":"$CI$185:$CI$221","_name":"отдача"}},"emcosID":null,"emcosMLID":null,"codMaketTEP":null,"codTEP":null,"WSName":"PS","rangeAddress":"$CI$183:$CI$221","headAddress":"$CI$183","bodyAddress":"$CI$184:$CI$221","_name":"Генерация Жеруйык Энерго"},"DB":{"_level":0,"parentID":"305f6960-3e9f-48a0-9bf9-0872d5b97295","firstParentID":"305f6960-3e9f-48a0-9bf9-0872d5b97295","ID":"8243a2f8-7559-464c-be48-5aac6ed9a5c5","childs":{"отдача":{"_level":1,"parentID":"8243a2f8-7559-464c-be48-5aac6ed9a5c5","firstParentID":"305f6960-3e9f-48a0-9bf9-0872d5b97295","ID":"1e4d662d-2881-4769-a579-f6a2cee9733c","childs":{"код":{"_level":2,"parentID":"1e4d662d-2881-4769-a579-f6a2cee9733c","firstParentID":"305f6960-3e9f-48a0-9bf9-0872d5b97295","ID":"c7315b0a-13e4-4a6f-8f51-0cbc06e20b89","childs":null,"emcosID":null,"emcosMLID":null,"codMaketTEP":null,"codTEP":null,"WSName":"DB","rangeAddress":"$AI$482:$AI$519","headAddress":"$AI$482","bodyAddress":"$AI$483:$AI$519","_name":"код"},"основное":{"_level":2,"parentID":"1e4d662d-2881-4769-a579-f6a2cee9733c","firstParentID":"305f6960-3e9f-48a0-9bf9-0872d5b97295","ID":"44e40774-b09d-48cf-bd1c-20dfd5419971","childs":null,"emcosID":null,"emcosMLID":null,"codMaketTEP":null,"codTEP":null,"WSName":"DB","rangeAddress":"$AJ$482:$AJ$519","headAddress":"$AJ$482","bodyAddress":"$AJ$483:$AJ$519","_name":"основное"},"корректировка факт":{"_level":2,"parentID":"1e4d662d-2881-4769-a579-f6a2cee9733c","firstParentID":"305f6960-3e9f-48a0-9bf9-0872d5b97295","ID":"1358c586-673b-4927-a058-abfc3d21e35c","childs":null,"emcosID":null,"emcosMLID":null,"codMaketTEP":null,"codTEP":null,"WSName":"DB","rangeAddress":"$AK$482:$AK$519","headAddress":"$AK$482","bodyAddress":"$AK$483:$AK$519","_name":"корректировка факт"},"ручное":{"_level":2,"parentID":"1e4d662d-2881-4769-a579-f6a2cee9733c","firstParentID":"305f6960-3e9f-48a0-9bf9-0872d5b97295","ID":"3fa89e48-ef2d-4593-82f5-c63fbb1eea47","childs":null,"emcosID":null,"emcosMLID":null,"codMaketTEP":null,"codTEP":null,"WSName":"DB","rangeAddress":"$AL$482:$AL$519","headAddress":"$AL$482","bodyAddress":"$AL$483:$AL$519","_name":"ручное"}},"emcosID":null,"emcosMLID":null,"codMaketTEP":null,"codTEP":null,"WSName":"DB","rangeAddress":"$AI$481:$AL$519","headAddress":"$AI$481:$AL$481","bodyAddress":"$AI$482:$AL$519","_name":"отдача"}},"emcosID":null,"emcosMLID":null,"codMaketTEP":null,"codTEP":null,"WSName":"DB","rangeAddress":"$AI$480:$AL$519","headAddress":"$AI$480:$AL$480","bodyAddress":"$AI$481:$AL$519","_name":"Генерация Жеруйык Энерго"}},"codPlan":null,"meterCoef":null,"_name":"Генерация Жеруйык Энерго"}