{"ID":"31490443-7dfd-458c-ad18-c6dce8a754b8","childs":{"PS":{"_level":0,"parentID":"31490443-7dfd-458c-ad18-c6dce8a754b8","firstParentID":"31490443-7dfd-458c-ad18-c6dce8a754b8","ID":"eebdf0b2-4802-4a5e-bd89-957822b3cc25","childs":{"прием":{"_level":1,"parentID":"eebdf0b2-4802-4a5e-bd89-957822b3cc25","firstParentID":"31490443-7dfd-458c-ad18-c6dce8a754b8","ID":"131a473e-709d-46af-ad19-47567a2234e0","childs":{"оперативное":{"_level":2,"parentID":"131a473e-709d-46af-ad19-47567a2234e0","firstParentID":"31490443-7dfd-458c-ad18-c6dce8a754b8","ID":"e7b7e691-ae80-43df-8f4c-144048d6461c","childs":null,"emcosID":null,"emcosMLID":null,"codMaketTEP":null,"codTEP":null,"WSName":"PS","rangeAddress":"$Y$228:$Y$264","headAddress":"$Y$228","bodyAddress":"$Y$229:$Y$264","_name":"оперативное"}},"emcosID":null,"emcosMLID":null,"codMaketTEP":null,"codTEP":null,"WSName":"PS","rangeAddress":"$Y$227:$Y$264","headAddress":"$Y$227","bodyAddress":"$Y$228:$Y$264","_name":"прием"}},"emcosID":null,"emcosMLID":null,"codMaketTEP":null,"codTEP":null,"WSName":"PS","rangeAddress":"$Y$226:$Y$264","headAddress":"$Y$226","bodyAddress":"$Y$227:$Y$264","_name":"Потребление Месхет"},"DB":{"_level":0,"parentID":"31490443-7dfd-458c-ad18-c6dce8a754b8","firstParentID":"31490443-7dfd-458c-ad18-c6dce8a754b8","ID":"dc725fd3-341c-4cbf-8636-3ea25e5037b2","childs":{"прием":{"_level":1,"parentID":"dc725fd3-341c-4cbf-8636-3ea25e5037b2","firstParentID":"31490443-7dfd-458c-ad18-c6dce8a754b8","ID":"ca6bd879-4a29-4c34-b8c7-1d70f0eda935","childs":{"код":{"_level":2,"parentID":"ca6bd879-4a29-4c34-b8c7-1d70f0eda935","firstParentID":"31490443-7dfd-458c-ad18-c6dce8a754b8","ID":"614dfd24-ae92-41d8-b326-e88b36be2853","childs":null,"emcosID":null,"emcosMLID":null,"codMaketTEP":null,"codTEP":null,"WSName":"DB","rangeAddress":"$HD$396:$HD$433","headAddress":"$HD$396","bodyAddress":"$HD$397:$HD$433","_name":"код"},"основное":{"_level":2,"parentID":"ca6bd879-4a29-4c34-b8c7-1d70f0eda935","firstParentID":"31490443-7dfd-458c-ad18-c6dce8a754b8","ID":"9469ae43-eef6-4e1c-a608-8d673699948b","childs":null,"emcosID":null,"emcosMLID":null,"codMaketTEP":null,"codTEP":null,"WSName":"DB","rangeAddress":"$HE$396:$HE$433","headAddress":"$HE$396","bodyAddress":"$HE$397:$HE$433","_name":"основное"},"корректировка факт":{"_level":2,"parentID":"ca6bd879-4a29-4c34-b8c7-1d70f0eda935","firstParentID":"31490443-7dfd-458c-ad18-c6dce8a754b8","ID":"a42e47df-c8e2-4159-92ee-01f70e342cd3","childs":null,"emcosID":null,"emcosMLID":null,"codMaketTEP":null,"codTEP":null,"WSName":"DB","rangeAddress":"$HF$396:$HF$433","headAddress":"$HF$396","bodyAddress":"$HF$397:$HF$433","_name":"корректировка факт"},"ручное":{"_level":2,"parentID":"ca6bd879-4a29-4c34-b8c7-1d70f0eda935","firstParentID":"31490443-7dfd-458c-ad18-c6dce8a754b8","ID":"9d5fa97f-71ab-4cc0-b076-92e1aa9057a2","childs":null,"emcosID":null,"emcosMLID":null,"codMaketTEP":null,"codTEP":null,"WSName":"DB","rangeAddress":"$HG$396:$HG$433","headAddress":"$HG$396","bodyAddress":"$HG$397:$HG$433","_name":"ручное"},"оперативное":{"_level":2,"parentID":"ca6bd879-4a29-4c34-b8c7-1d70f0eda935","firstParentID":"31490443-7dfd-458c-ad18-c6dce8a754b8","ID":"aae395a9-3ae6-43ee-800b-67833dbdc411","childs":null,"emcosID":null,"emcosMLID":null,"codMaketTEP":null,"codTEP":null,"WSName":"DB","rangeAddress":"$HH$396:$HH$433","headAddress":"$HH$396","bodyAddress":"$HH$397:$HH$433","_name":"оперативное"}},"emcosID":null,"emcosMLID":null,"codMaketTEP":null,"codTEP":null,"WSName":"DB","rangeAddress":"$HD$395:$HH$433","headAddress":"$HD$395:$HH$395","bodyAddress":"$HD$396:$HH$433","_name":"прием"}},"emcosID":null,"emcosMLID":null,"codMaketTEP":null,"codTEP":null,"WSName":"DB","rangeAddress":"$HD$394:$HH$433","headAddress":"$HD$394:$HH$394","bodyAddress":"$HD$395:$HH$433","_name":"Потребление Месхет"}},"codPlan":null,"meterCoef":null,"_name":"Потребление Месхет"}