{"ID":"31674a10-fa56-4a35-b650-a297d2796ef0","childs":{"PS":{"_level":0,"parentID":"31674a10-fa56-4a35-b650-a297d2796ef0","firstParentID":"31674a10-fa56-4a35-b650-a297d2796ef0","ID":"055fe7c2-a37b-4a16-99cf-e969f842ec12","childs":{"прием":{"_level":1,"parentID":"055fe7c2-a37b-4a16-99cf-e969f842ec12","firstParentID":"31674a10-fa56-4a35-b650-a297d2796ef0","ID":"f09979d3-b0ec-4447-a088-9136d4df501e","childs":{"ручное":{"_level":2,"parentID":"f09979d3-b0ec-4447-a088-9136d4df501e","firstParentID":"31674a10-fa56-4a35-b650-a297d2796ef0","ID":"3c3d3c48-a02c-4b93-b6ea-9bb0dc005b85","childs":null,"emcosID":null,"emcosMLID":null,"codMaketTEP":null,"codTEP":null,"WSName":"PS","rangeAddress":"$AT$228:$AT$264","headAddress":"$AT$228","bodyAddress":"$AT$229:$AT$264","_name":"ручное"}},"emcosID":null,"emcosMLID":null,"codMaketTEP":null,"codTEP":null,"WSName":"PS","rangeAddress":"$AT$227:$AT$264","headAddress":"$AT$227","bodyAddress":"$AT$228:$AT$264","_name":"прием"}},"emcosID":null,"emcosMLID":null,"codMaketTEP":null,"codTEP":null,"WSName":"PS","rangeAddress":"$AT$226:$AT$264","headAddress":"$AT$226","bodyAddress":"$AT$227:$AT$264","_name":"Потребление Т-Генерация  Жетысу"},"DB":{"_level":0,"parentID":"31674a10-fa56-4a35-b650-a297d2796ef0","firstParentID":"31674a10-fa56-4a35-b650-a297d2796ef0","ID":"9a6dca11-fbe2-454b-a4b3-f2d4d5b2661f","childs":{"прием":{"_level":1,"parentID":"9a6dca11-fbe2-454b-a4b3-f2d4d5b2661f","firstParentID":"31674a10-fa56-4a35-b650-a297d2796ef0","ID":"0d8ce770-ac14-449f-86ac-ca25e41b2de7","childs":{"код":{"_level":2,"parentID":"0d8ce770-ac14-449f-86ac-ca25e41b2de7","firstParentID":"31674a10-fa56-4a35-b650-a297d2796ef0","ID":"aae1eb85-792e-4f27-87d7-0c69eb857b08","childs":null,"emcosID":null,"emcosMLID":null,"codMaketTEP":null,"codTEP":null,"WSName":"DB","rangeAddress":"$FW$482:$FW$519","headAddress":"$FW$482","bodyAddress":"$FW$483:$FW$519","_name":"код"},"основное":{"_level":2,"parentID":"0d8ce770-ac14-449f-86ac-ca25e41b2de7","firstParentID":"31674a10-fa56-4a35-b650-a297d2796ef0","ID":"a42eb76b-025c-4153-90c2-6d91570999ef","childs":null,"emcosID":null,"emcosMLID":null,"codMaketTEP":null,"codTEP":null,"WSName":"DB","rangeAddress":"$FX$482:$FX$519","headAddress":"$FX$482","bodyAddress":"$FX$483:$FX$519","_name":"основное"},"корректировка факт":{"_level":2,"parentID":"0d8ce770-ac14-449f-86ac-ca25e41b2de7","firstParentID":"31674a10-fa56-4a35-b650-a297d2796ef0","ID":"5d993cd7-a761-4dca-ada7-2b309c8ef654","childs":null,"emcosID":null,"emcosMLID":null,"codMaketTEP":null,"codTEP":null,"WSName":"DB","rangeAddress":"$FY$482:$FY$519","headAddress":"$FY$482","bodyAddress":"$FY$483:$FY$519","_name":"корректировка факт"},"ручное":{"_level":2,"parentID":"0d8ce770-ac14-449f-86ac-ca25e41b2de7","firstParentID":"31674a10-fa56-4a35-b650-a297d2796ef0","ID":"92feb52e-0a62-47a0-a518-1335940f9497","childs":null,"emcosID":null,"emcosMLID":null,"codMaketTEP":null,"codTEP":null,"WSName":"DB","rangeAddress":"$FZ$482:$FZ$519","headAddress":"$FZ$482","bodyAddress":"$FZ$483:$FZ$519","_name":"ручное"}},"emcosID":null,"emcosMLID":null,"codMaketTEP":null,"codTEP":null,"WSName":"DB","rangeAddress":"$FW$481:$FZ$519","headAddress":"$FW$481:$FZ$481","bodyAddress":"$FW$482:$FZ$519","_name":"прием"}},"emcosID":null,"emcosMLID":null,"codMaketTEP":null,"codTEP":null,"WSName":"DB","rangeAddress":"$FW$480:$FZ$519","headAddress":"$FW$480:$FZ$480","bodyAddress":"$FW$481:$FZ$519","_name":"Потребление Т-Генерация  Жетысу"}},"codPlan":null,"meterCoef":null,"_name":"Потребление Т-Генерация  Жетысу"}