{"ID":"3174ee57-2266-4ea4-9970-0aa735015fa0","childs":{"PS":{"_level":0,"parentID":"3174ee57-2266-4ea4-9970-0aa735015fa0","firstParentID":"3174ee57-2266-4ea4-9970-0aa735015fa0","ID":"8b63b4ac-a584-4792-a65d-9bf45967056c","childs":{"отдача":{"_level":1,"parentID":"8b63b4ac-a584-4792-a65d-9bf45967056c","firstParentID":"3174ee57-2266-4ea4-9970-0aa735015fa0","ID":"0be8562a-451d-4506-a9d1-5f321ba3fb23","childs":{"оперативное":{"_level":2,"parentID":"0be8562a-451d-4506-a9d1-5f321ba3fb23","firstParentID":"3174ee57-2266-4ea4-9970-0aa735015fa0","ID":"e4032e2e-7ab9-44c9-92c6-5de88e5fb9f4","childs":null,"emcosID":null,"emcosMLID":null,"codMaketTEP":null,"codTEP":null,"WSName":"PS","rangeAddress":"$DB$185:$DB$221","headAddress":"$DB$185","bodyAddress":"$DB$186:$DB$221","_name":"оперативное"}},"emcosID":null,"emcosMLID":null,"codMaketTEP":null,"codTEP":null,"WSName":"PS","rangeAddress":"$DB$184:$DB$221","headAddress":"$DB$184","bodyAddress":"$DB$185:$DB$221","_name":"отдача"}},"emcosID":null,"emcosMLID":null,"codMaketTEP":null,"codTEP":null,"WSName":"PS","rangeAddress":"$DB$183:$DB$221","headAddress":"$DB$183","bodyAddress":"$DB$184:$DB$221","_name":"Генерация Энергия Семиречья"},"DB":{"_level":0,"parentID":"3174ee57-2266-4ea4-9970-0aa735015fa0","firstParentID":"3174ee57-2266-4ea4-9970-0aa735015fa0","ID":"6a1aea0c-a28c-4d8a-9197-8f311b57b7c3","childs":{"отдача":{"_level":1,"parentID":"6a1aea0c-a28c-4d8a-9197-8f311b57b7c3","firstParentID":"3174ee57-2266-4ea4-9970-0aa735015fa0","ID":"ce977f0f-98f4-4267-80b4-b93ab4769ffd","childs":{"код":{"_level":2,"parentID":"ce977f0f-98f4-4267-80b4-b93ab4769ffd","firstParentID":"3174ee57-2266-4ea4-9970-0aa735015fa0","ID":"946d5c33-e14f-402d-9a32-99c7809cd2f7","childs":null,"emcosID":null,"emcosMLID":null,"codMaketTEP":null,"codTEP":null,"WSName":"DB","rangeAddress":"$FN$482:$FN$519","headAddress":"$FN$482","bodyAddress":"$FN$483:$FN$519","_name":"код"},"основное":{"_level":2,"parentID":"ce977f0f-98f4-4267-80b4-b93ab4769ffd","firstParentID":"3174ee57-2266-4ea4-9970-0aa735015fa0","ID":"bbae3c6b-5f82-47a2-a9be-ce1866712dcf","childs":null,"emcosID":null,"emcosMLID":null,"codMaketTEP":null,"codTEP":null,"WSName":"DB","rangeAddress":"$FO$482:$FO$519","headAddress":"$FO$482","bodyAddress":"$FO$483:$FO$519","_name":"основное"},"корректировка факт":{"_level":2,"parentID":"ce977f0f-98f4-4267-80b4-b93ab4769ffd","firstParentID":"3174ee57-2266-4ea4-9970-0aa735015fa0","ID":"206f03c8-bfc3-4666-b9f1-0828f86e8316","childs":null,"emcosID":null,"emcosMLID":null,"codMaketTEP":null,"codTEP":null,"WSName":"DB","rangeAddress":"$FP$482:$FP$519","headAddress":"$FP$482","bodyAddress":"$FP$483:$FP$519","_name":"корректировка факт"},"ручное":{"_level":2,"parentID":"ce977f0f-98f4-4267-80b4-b93ab4769ffd","firstParentID":"3174ee57-2266-4ea4-9970-0aa735015fa0","ID":"8803aa91-929c-4ea3-8117-39ae3d00a711","childs":null,"emcosID":null,"emcosMLID":null,"codMaketTEP":null,"codTEP":null,"WSName":"DB","rangeAddress":"$FQ$482:$FQ$519","headAddress":"$FQ$482","bodyAddress":"$FQ$483:$FQ$519","_name":"ручное"},"оперативное":{"_level":2,"parentID":"ce977f0f-98f4-4267-80b4-b93ab4769ffd","firstParentID":"3174ee57-2266-4ea4-9970-0aa735015fa0","ID":"5f476785-ca30-42ba-8a2f-ea0665340542","childs":null,"emcosID":null,"emcosMLID":null,"codMaketTEP":null,"codTEP":null,"WSName":"DB","rangeAddress":"$FR$482:$FR$519","headAddress":"$FR$482","bodyAddress":"$FR$483:$FR$519","_name":"оперативное"}},"emcosID":null,"emcosMLID":null,"codMaketTEP":null,"codTEP":null,"WSName":"DB","rangeAddress":"$FN$481:$FR$519","headAddress":"$FN$481:$FR$481","bodyAddress":"$FN$482:$FR$519","_name":"отдача"}},"emcosID":null,"emcosMLID":null,"codMaketTEP":null,"codTEP":null,"WSName":"DB","rangeAddress":"$FN$480:$FR$519","headAddress":"$FN$480:$FR$480","bodyAddress":"$FN$481:$FR$519","_name":"Генерация Энергия Семиречья"}},"codPlan":null,"meterCoef":null,"_name":"Генерация Энергия Семиречья"}