{"ID":"3174ee57-2266-4ea4-9970-0aa735015fa0","childs":{"PS":{"_level":0,"parentID":"3174ee57-2266-4ea4-9970-0aa735015fa0","firstParentID":"3174ee57-2266-4ea4-9970-0aa735015fa0","ID":"8b63b4ac-a584-4792-a65d-9bf45967056c","childs":{"отдача":{"_level":1,"parentID":"8b63b4ac-a584-4792-a65d-9bf45967056c","firstParentID":"3174ee57-2266-4ea4-9970-0aa735015fa0","ID":"0be8562a-451d-4506-a9d1-5f321ba3fb23","childs":{"ручное":{"_level":2,"parentID":"0be8562a-451d-4506-a9d1-5f321ba3fb23","firstParentID":"3174ee57-2266-4ea4-9970-0aa735015fa0","ID":"e4032e2e-7ab9-44c9-92c6-5de88e5fb9f4","childs":null,"emcosID":null,"emcosMLID":null,"codMaketTEP":null,"codTEP":null,"WSName":"PS","rangeAddress":"$CO$185:$CO$221","headAddress":"$CO$185","bodyAddress":"$CO$186:$CO$221","_name":"ручное"}},"emcosID":null,"emcosMLID":null,"codMaketTEP":null,"codTEP":null,"WSName":"PS","rangeAddress":"$CO$184:$CO$221","headAddress":"$CO$184","bodyAddress":"$CO$185:$CO$221","_name":"отдача"}},"emcosID":null,"emcosMLID":null,"codMaketTEP":null,"codTEP":null,"WSName":"PS","rangeAddress":"$CO$183:$CO$221","headAddress":"$CO$183","bodyAddress":"$CO$184:$CO$221","_name":"Генерация Энергия Семиречья"},"DB":{"_level":0,"parentID":"3174ee57-2266-4ea4-9970-0aa735015fa0","firstParentID":"3174ee57-2266-4ea4-9970-0aa735015fa0","ID":"6a1aea0c-a28c-4d8a-9197-8f311b57b7c3","childs":{"отдача":{"_level":1,"parentID":"6a1aea0c-a28c-4d8a-9197-8f311b57b7c3","firstParentID":"3174ee57-2266-4ea4-9970-0aa735015fa0","ID":"ce977f0f-98f4-4267-80b4-b93ab4769ffd","childs":{"код":{"_level":2,"parentID":"ce977f0f-98f4-4267-80b4-b93ab4769ffd","firstParentID":"3174ee57-2266-4ea4-9970-0aa735015fa0","ID":"946d5c33-e14f-402d-9a32-99c7809cd2f7","childs":null,"emcosID":null,"emcosMLID":null,"codMaketTEP":null,"codTEP":null,"WSName":"DB","rangeAddress":"$BS$482:$BS$519","headAddress":"$BS$482","bodyAddress":"$BS$483:$BS$519","_name":"код"},"основное":{"_level":2,"parentID":"ce977f0f-98f4-4267-80b4-b93ab4769ffd","firstParentID":"3174ee57-2266-4ea4-9970-0aa735015fa0","ID":"bbae3c6b-5f82-47a2-a9be-ce1866712dcf","childs":null,"emcosID":null,"emcosMLID":null,"codMaketTEP":null,"codTEP":null,"WSName":"DB","rangeAddress":"$BT$482:$BT$519","headAddress":"$BT$482","bodyAddress":"$BT$483:$BT$519","_name":"основное"},"корректировка факт":{"_level":2,"parentID":"ce977f0f-98f4-4267-80b4-b93ab4769ffd","firstParentID":"3174ee57-2266-4ea4-9970-0aa735015fa0","ID":"206f03c8-bfc3-4666-b9f1-0828f86e8316","childs":null,"emcosID":null,"emcosMLID":null,"codMaketTEP":null,"codTEP":null,"WSName":"DB","rangeAddress":"$BU$482:$BU$519","headAddress":"$BU$482","bodyAddress":"$BU$483:$BU$519","_name":"корректировка факт"},"ручное":{"_level":2,"parentID":"ce977f0f-98f4-4267-80b4-b93ab4769ffd","firstParentID":"3174ee57-2266-4ea4-9970-0aa735015fa0","ID":"8803aa91-929c-4ea3-8117-39ae3d00a711","childs":null,"emcosID":null,"emcosMLID":null,"codMaketTEP":null,"codTEP":null,"WSName":"DB","rangeAddress":"$BV$482:$BV$519","headAddress":"$BV$482","bodyAddress":"$BV$483:$BV$519","_name":"ручное"}},"emcosID":null,"emcosMLID":null,"codMaketTEP":null,"codTEP":null,"WSName":"DB","rangeAddress":"$BS$481:$BV$519","headAddress":"$BS$481:$BV$481","bodyAddress":"$BS$482:$BV$519","_name":"отдача"}},"emcosID":null,"emcosMLID":null,"codMaketTEP":null,"codTEP":null,"WSName":"DB","rangeAddress":"$BS$480:$BV$519","headAddress":"$BS$480:$BV$480","bodyAddress":"$BS$481:$BV$519","_name":"Генерация Энергия Семиречья"}},"codPlan":null,"meterCoef":null,"_name":"Генерация Энергия Семиречья"}