{"ID":"331ef76a-eb9b-4f39-8934-e0181e0e1a98","childs":{"PS":{"_level":0,"parentID":"331ef76a-eb9b-4f39-8934-e0181e0e1a98","firstParentID":"331ef76a-eb9b-4f39-8934-e0181e0e1a98","ID":"90c6548e-4cfc-45cb-aab6-3fb6dc1d56ef","childs":{"прием":{"_level":1,"parentID":"90c6548e-4cfc-45cb-aab6-3fb6dc1d56ef","firstParentID":"331ef76a-eb9b-4f39-8934-e0181e0e1a98","ID":"327bd39a-f7ec-4346-8de5-96e9fb7262b8","childs":{"оперативное":{"_level":2,"parentID":"327bd39a-f7ec-4346-8de5-96e9fb7262b8","firstParentID":"331ef76a-eb9b-4f39-8934-e0181e0e1a98","ID":"e7192661-d2ab-41d1-b49a-08eab03c87cf","childs":null,"emcosID":null,"emcosMLID":null,"codMaketTEP":null,"codTEP":null,"WSName":"PS","rangeAddress":"$L$228:$L$264","headAddress":"$L$228","bodyAddress":"$L$229:$L$264","_name":"оперативное"}},"emcosID":null,"emcosMLID":null,"codMaketTEP":null,"codTEP":null,"WSName":"PS","rangeAddress":"$L$227:$L$264","headAddress":"$L$227","bodyAddress":"$L$228:$L$264","_name":"прием"},"план":{"_level":1,"parentID":"90c6548e-4cfc-45cb-aab6-3fb6dc1d56ef","firstParentID":"331ef76a-eb9b-4f39-8934-e0181e0e1a98","ID":"1003394f-c929-41a1-b506-7f5d4fe36e8f","childs":{"заявка":{"_level":2,"parentID":"1003394f-c929-41a1-b506-7f5d4fe36e8f","firstParentID":"331ef76a-eb9b-4f39-8934-e0181e0e1a98","ID":"15d0f4f2-3fae-4636-99bd-8f7d92a60e89","childs":null,"emcosID":null,"emcosMLID":null,"codMaketTEP":null,"codTEP":null,"WSName":"PS","rangeAddress":"$M$228:$M$264","headAddress":"$M$228","bodyAddress":"$M$229:$M$264","_name":"заявка"}},"emcosID":null,"emcosMLID":null,"codMaketTEP":null,"codTEP":null,"WSName":"PS","rangeAddress":"$M$227:$M$264","headAddress":"$M$227","bodyAddress":"$M$228:$M$264","_name":"план"}},"emcosID":null,"emcosMLID":null,"codMaketTEP":null,"codTEP":null,"WSName":"PS","rangeAddress":"$L$226:$M$264","headAddress":"$L$226:$M$226","bodyAddress":"$L$227:$M$264","_name":"Потребление Alfa Power Жетысу"},"DB":{"_level":0,"parentID":"331ef76a-eb9b-4f39-8934-e0181e0e1a98","firstParentID":"331ef76a-eb9b-4f39-8934-e0181e0e1a98","ID":"813939a9-ed3b-4f6c-a580-590e5bfc23e0","childs":{"прием":{"_level":1,"parentID":"813939a9-ed3b-4f6c-a580-590e5bfc23e0","firstParentID":"331ef76a-eb9b-4f39-8934-e0181e0e1a98","ID":"78779b4a-fd8a-44e3-91f9-e8708a133133","childs":{"код":{"_level":2,"parentID":"78779b4a-fd8a-44e3-91f9-e8708a133133","firstParentID":"331ef76a-eb9b-4f39-8934-e0181e0e1a98","ID":"46a4ffaa-c8ac-466e-a1b0-da3e86bb4b76","childs":null,"emcosID":null,"emcosMLID":null,"codMaketTEP":null,"codTEP":null,"WSName":"DB","rangeAddress":"$EC$396:$EC$433","headAddress":"$EC$396","bodyAddress":"$EC$397:$EC$433","_name":"код"},"основное":{"_level":2,"parentID":"78779b4a-fd8a-44e3-91f9-e8708a133133","firstParentID":"331ef76a-eb9b-4f39-8934-e0181e0e1a98","ID":"10fed840-18cb-47ec-87a2-911e860094c3","childs":null,"emcosID":null,"emcosMLID":null,"codMaketTEP":null,"codTEP":null,"WSName":"DB","rangeAddress":"$ED$396:$ED$433","headAddress":"$ED$396","bodyAddress":"$ED$397:$ED$433","_name":"основное"},"корректировка факт":{"_level":2,"parentID":"78779b4a-fd8a-44e3-91f9-e8708a133133","firstParentID":"331ef76a-eb9b-4f39-8934-e0181e0e1a98","ID":"92c3ab31-ed07-4e56-805e-906784bc385e","childs":null,"emcosID":null,"emcosMLID":null,"codMaketTEP":null,"codTEP":null,"WSName":"DB","rangeAddress":"$EE$396:$EE$433","headAddress":"$EE$396","bodyAddress":"$EE$397:$EE$433","_name":"корректировка факт"},"ручное":{"_level":2,"parentID":"78779b4a-fd8a-44e3-91f9-e8708a133133","firstParentID":"331ef76a-eb9b-4f39-8934-e0181e0e1a98","ID":"2a222797-fc9a-42c5-aaae-a344592ed04c","childs":null,"emcosID":null,"emcosMLID":null,"codMaketTEP":null,"codTEP":null,"WSName":"DB","rangeAddress":"$EF$396:$EF$433","headAddress":"$EF$396","bodyAddress":"$EF$397:$EF$433","_name":"ручное"},"оперативное":{"_level":2,"parentID":"78779b4a-fd8a-44e3-91f9-e8708a133133","firstParentID":"331ef76a-eb9b-4f39-8934-e0181e0e1a98","ID":"94177c1e-2305-489a-8014-34272a9c253a","childs":null,"emcosID":null,"emcosMLID":null,"codMaketTEP":null,"codTEP":null,"WSName":"DB","rangeAddress":"$EG$396:$EG$433","headAddress":"$EG$396","bodyAddress":"$EG$397:$EG$433","_name":"оперативное"},"по плану":{"_level":2,"parentID":"78779b4a-fd8a-44e3-91f9-e8708a133133","firstParentID":"331ef76a-eb9b-4f39-8934-e0181e0e1a98","ID":"48cbc267-10e1-43a7-8673-c280940cc88a","childs":null,"emcosID":null,"emcosMLID":null,"codMaketTEP":null,"codTEP":null,"WSName":"DB","rangeAddress":"$EH$396:$EH$433","headAddress":"$EH$396","bodyAddress":"$EH$397:$EH$433","_name":"по плану"}},"emcosID":null,"emcosMLID":null,"codMaketTEP":null,"codTEP":null,"WSName":"DB","rangeAddress":"$EC$395:$EH$433","headAddress":"$EC$395:$EH$395","bodyAddress":"$EC$396:$EH$433","_name":"прием"},"план":{"_level":1,"parentID":"813939a9-ed3b-4f6c-a580-590e5bfc23e0","firstParentID":"331ef76a-eb9b-4f39-8934-e0181e0e1a98","ID":"82dd2f7c-6ddd-4ee0-bc79-782f3334f9b2","childs":{"код":{"_level":2,"parentID":"82dd2f7c-6ddd-4ee0-bc79-782f3334f9b2","firstParentID":"331ef76a-eb9b-4f39-8934-e0181e0e1a98","ID":"5cb06660-c6df-452b-9120-4ddca1ba7f95","childs":null,"emcosID":null,"emcosMLID":null,"codMaketTEP":null,"codTEP":null,"WSName":"DB","rangeAddress":"$EI$396:$EI$433","headAddress":"$EI$396","bodyAddress":"$EI$397:$EI$433","_name":"код"},"основное":{"_level":2,"parentID":"82dd2f7c-6ddd-4ee0-bc79-782f3334f9b2","firstParentID":"331ef76a-eb9b-4f39-8934-e0181e0e1a98","ID":"87cc473a-d2ad-4f80-95ab-2082ee8fddce","childs":null,"emcosID":null,"emcosMLID":null,"codMaketTEP":null,"codTEP":null,"WSName":"DB","rangeAddress":"$EJ$396:$EJ$433","headAddress":"$EJ$396","bodyAddress":"$EJ$397:$EJ$433","_name":"основное"},"заявка":{"_level":2,"parentID":"82dd2f7c-6ddd-4ee0-bc79-782f3334f9b2","firstParentID":"331ef76a-eb9b-4f39-8934-e0181e0e1a98","ID":"4252b169-abb6-4f27-99e7-eff695cb90b4","childs":null,"emcosID":null,"emcosMLID":null,"codMaketTEP":null,"codTEP":null,"WSName":"DB","rangeAddress":"$EK$396:$EK$433","headAddress":"$EK$396","bodyAddress":"$EK$397:$EK$433","_name":"заявка"},"утвержденный":{"_level":2,"parentID":"82dd2f7c-6ddd-4ee0-bc79-782f3334f9b2","firstParentID":"331ef76a-eb9b-4f39-8934-e0181e0e1a98","ID":"b325364e-69af-48e1-aa39-88c805e782ca","childs":null,"emcosID":null,"emcosMLID":null,"codMaketTEP":null,"codTEP":null,"WSName":"DB","rangeAddress":"$EL$396:$EL$433","headAddress":"$EL$396","bodyAddress":"$EL$397:$EL$433","_name":"утвержденный"},"корректировка":{"_level":2,"parentID":"82dd2f7c-6ddd-4ee0-bc79-782f3334f9b2","firstParentID":"331ef76a-eb9b-4f39-8934-e0181e0e1a98","ID":"dbf2963b-c344-4780-97e2-ec1d4a8e3dc2","childs":null,"emcosID":null,"emcosMLID":null,"codMaketTEP":null,"codTEP":null,"WSName":"DB","rangeAddress":"$EM$396:$EM$433","headAddress":"$EM$396","bodyAddress":"$EM$397:$EM$433","_name":"корректировка"}},"emcosID":null,"emcosMLID":null,"codMaketTEP":null,"codTEP":null,"WSName":"DB","rangeAddress":"$EI$395:$EM$433","headAddress":"$EI$395:$EM$395","bodyAddress":"$EI$396:$EM$433","_name":"план"}},"emcosID":null,"emcosMLID":null,"codMaketTEP":null,"codTEP":null,"WSName":"DB","rangeAddress":"$EC$394:$EM$433","headAddress":"$EC$394:$EM$394","bodyAddress":"$EC$395:$EM$433","_name":"Потребление Alfa Power Жетысу"}},"codPlan":120,"meterCoef":null,"_name":"Потребление Alfa Power Жетысу"}