{"ID":"331ef76a-eb9b-4f39-8934-e0181e0e1a98","childs":{"PS":{"_level":0,"parentID":"331ef76a-eb9b-4f39-8934-e0181e0e1a98","firstParentID":"331ef76a-eb9b-4f39-8934-e0181e0e1a98","ID":"90c6548e-4cfc-45cb-aab6-3fb6dc1d56ef","childs":{"прием":{"_level":1,"parentID":"90c6548e-4cfc-45cb-aab6-3fb6dc1d56ef","firstParentID":"331ef76a-eb9b-4f39-8934-e0181e0e1a98","ID":"327bd39a-f7ec-4346-8de5-96e9fb7262b8","childs":{"оперативное":{"_level":2,"parentID":"327bd39a-f7ec-4346-8de5-96e9fb7262b8","firstParentID":"331ef76a-eb9b-4f39-8934-e0181e0e1a98","ID":"e7192661-d2ab-41d1-b49a-08eab03c87cf","childs":null,"emcosID":null,"emcosMLID":null,"codMaketTEP":null,"codTEP":null,"WSName":"PS","rangeAddress":"$O$228:$O$264","headAddress":"$O$228","bodyAddress":"$O$229:$O$264","_name":"оперативное"}},"emcosID":null,"emcosMLID":null,"codMaketTEP":null,"codTEP":null,"WSName":"PS","rangeAddress":"$O$227:$O$264","headAddress":"$O$227","bodyAddress":"$O$228:$O$264","_name":"прием"},"план":{"_level":1,"parentID":"90c6548e-4cfc-45cb-aab6-3fb6dc1d56ef","firstParentID":"331ef76a-eb9b-4f39-8934-e0181e0e1a98","ID":"1003394f-c929-41a1-b506-7f5d4fe36e8f","childs":{"заявка":{"_level":2,"parentID":"1003394f-c929-41a1-b506-7f5d4fe36e8f","firstParentID":"331ef76a-eb9b-4f39-8934-e0181e0e1a98","ID":"15d0f4f2-3fae-4636-99bd-8f7d92a60e89","childs":null,"emcosID":null,"emcosMLID":null,"codMaketTEP":null,"codTEP":null,"WSName":"PS","rangeAddress":"$P$228:$P$264","headAddress":"$P$228","bodyAddress":"$P$229:$P$264","_name":"заявка"}},"emcosID":null,"emcosMLID":null,"codMaketTEP":null,"codTEP":null,"WSName":"PS","rangeAddress":"$P$227:$P$264","headAddress":"$P$227","bodyAddress":"$P$228:$P$264","_name":"план"}},"emcosID":null,"emcosMLID":null,"codMaketTEP":null,"codTEP":null,"WSName":"PS","rangeAddress":"$O$226:$P$264","headAddress":"$O$226:$P$226","bodyAddress":"$O$227:$P$264","_name":"Потребление Alfa Power Жетысу"},"DB":{"_level":0,"parentID":"331ef76a-eb9b-4f39-8934-e0181e0e1a98","firstParentID":"331ef76a-eb9b-4f39-8934-e0181e0e1a98","ID":"813939a9-ed3b-4f6c-a580-590e5bfc23e0","childs":{"прием":{"_level":1,"parentID":"813939a9-ed3b-4f6c-a580-590e5bfc23e0","firstParentID":"331ef76a-eb9b-4f39-8934-e0181e0e1a98","ID":"78779b4a-fd8a-44e3-91f9-e8708a133133","childs":{"код":{"_level":2,"parentID":"78779b4a-fd8a-44e3-91f9-e8708a133133","firstParentID":"331ef76a-eb9b-4f39-8934-e0181e0e1a98","ID":"46a4ffaa-c8ac-466e-a1b0-da3e86bb4b76","childs":null,"emcosID":null,"emcosMLID":null,"codMaketTEP":null,"codTEP":null,"WSName":"DB","rangeAddress":"$EO$396:$EO$433","headAddress":"$EO$396","bodyAddress":"$EO$397:$EO$433","_name":"код"},"основное":{"_level":2,"parentID":"78779b4a-fd8a-44e3-91f9-e8708a133133","firstParentID":"331ef76a-eb9b-4f39-8934-e0181e0e1a98","ID":"10fed840-18cb-47ec-87a2-911e860094c3","childs":null,"emcosID":null,"emcosMLID":null,"codMaketTEP":null,"codTEP":null,"WSName":"DB","rangeAddress":"$EP$396:$EP$433","headAddress":"$EP$396","bodyAddress":"$EP$397:$EP$433","_name":"основное"},"корректировка факт":{"_level":2,"parentID":"78779b4a-fd8a-44e3-91f9-e8708a133133","firstParentID":"331ef76a-eb9b-4f39-8934-e0181e0e1a98","ID":"92c3ab31-ed07-4e56-805e-906784bc385e","childs":null,"emcosID":null,"emcosMLID":null,"codMaketTEP":null,"codTEP":null,"WSName":"DB","rangeAddress":"$EQ$396:$EQ$433","headAddress":"$EQ$396","bodyAddress":"$EQ$397:$EQ$433","_name":"корректировка факт"},"ручное":{"_level":2,"parentID":"78779b4a-fd8a-44e3-91f9-e8708a133133","firstParentID":"331ef76a-eb9b-4f39-8934-e0181e0e1a98","ID":"2a222797-fc9a-42c5-aaae-a344592ed04c","childs":null,"emcosID":null,"emcosMLID":null,"codMaketTEP":null,"codTEP":null,"WSName":"DB","rangeAddress":"$ER$396:$ER$433","headAddress":"$ER$396","bodyAddress":"$ER$397:$ER$433","_name":"ручное"},"оперативное":{"_level":2,"parentID":"78779b4a-fd8a-44e3-91f9-e8708a133133","firstParentID":"331ef76a-eb9b-4f39-8934-e0181e0e1a98","ID":"94177c1e-2305-489a-8014-34272a9c253a","childs":null,"emcosID":null,"emcosMLID":null,"codMaketTEP":null,"codTEP":null,"WSName":"DB","rangeAddress":"$ES$396:$ES$433","headAddress":"$ES$396","bodyAddress":"$ES$397:$ES$433","_name":"оперативное"},"по плану":{"_level":2,"parentID":"78779b4a-fd8a-44e3-91f9-e8708a133133","firstParentID":"331ef76a-eb9b-4f39-8934-e0181e0e1a98","ID":"48cbc267-10e1-43a7-8673-c280940cc88a","childs":null,"emcosID":null,"emcosMLID":null,"codMaketTEP":null,"codTEP":null,"WSName":"DB","rangeAddress":"$ET$396:$ET$433","headAddress":"$ET$396","bodyAddress":"$ET$397:$ET$433","_name":"по плану"}},"emcosID":null,"emcosMLID":null,"codMaketTEP":null,"codTEP":null,"WSName":"DB","rangeAddress":"$EO$395:$ET$433","headAddress":"$EO$395:$ET$395","bodyAddress":"$EO$396:$ET$433","_name":"прием"},"план":{"_level":1,"parentID":"813939a9-ed3b-4f6c-a580-590e5bfc23e0","firstParentID":"331ef76a-eb9b-4f39-8934-e0181e0e1a98","ID":"82dd2f7c-6ddd-4ee0-bc79-782f3334f9b2","childs":{"код":{"_level":2,"parentID":"82dd2f7c-6ddd-4ee0-bc79-782f3334f9b2","firstParentID":"331ef76a-eb9b-4f39-8934-e0181e0e1a98","ID":"5cb06660-c6df-452b-9120-4ddca1ba7f95","childs":null,"emcosID":null,"emcosMLID":null,"codMaketTEP":null,"codTEP":null,"WSName":"DB","rangeAddress":"$EU$396:$EU$433","headAddress":"$EU$396","bodyAddress":"$EU$397:$EU$433","_name":"код"},"основное":{"_level":2,"parentID":"82dd2f7c-6ddd-4ee0-bc79-782f3334f9b2","firstParentID":"331ef76a-eb9b-4f39-8934-e0181e0e1a98","ID":"87cc473a-d2ad-4f80-95ab-2082ee8fddce","childs":null,"emcosID":null,"emcosMLID":null,"codMaketTEP":null,"codTEP":null,"WSName":"DB","rangeAddress":"$EV$396:$EV$433","headAddress":"$EV$396","bodyAddress":"$EV$397:$EV$433","_name":"основное"},"заявка":{"_level":2,"parentID":"82dd2f7c-6ddd-4ee0-bc79-782f3334f9b2","firstParentID":"331ef76a-eb9b-4f39-8934-e0181e0e1a98","ID":"4252b169-abb6-4f27-99e7-eff695cb90b4","childs":null,"emcosID":null,"emcosMLID":null,"codMaketTEP":null,"codTEP":null,"WSName":"DB","rangeAddress":"$EW$396:$EW$433","headAddress":"$EW$396","bodyAddress":"$EW$397:$EW$433","_name":"заявка"},"утвержденный":{"_level":2,"parentID":"82dd2f7c-6ddd-4ee0-bc79-782f3334f9b2","firstParentID":"331ef76a-eb9b-4f39-8934-e0181e0e1a98","ID":"b325364e-69af-48e1-aa39-88c805e782ca","childs":null,"emcosID":null,"emcosMLID":null,"codMaketTEP":null,"codTEP":null,"WSName":"DB","rangeAddress":"$EX$396:$EX$433","headAddress":"$EX$396","bodyAddress":"$EX$397:$EX$433","_name":"утвержденный"},"корректировка":{"_level":2,"parentID":"82dd2f7c-6ddd-4ee0-bc79-782f3334f9b2","firstParentID":"331ef76a-eb9b-4f39-8934-e0181e0e1a98","ID":"dbf2963b-c344-4780-97e2-ec1d4a8e3dc2","childs":null,"emcosID":null,"emcosMLID":null,"codMaketTEP":null,"codTEP":null,"WSName":"DB","rangeAddress":"$EY$396:$EY$433","headAddress":"$EY$396","bodyAddress":"$EY$397:$EY$433","_name":"корректировка"}},"emcosID":null,"emcosMLID":null,"codMaketTEP":null,"codTEP":null,"WSName":"DB","rangeAddress":"$EU$395:$EY$433","headAddress":"$EU$395:$EY$395","bodyAddress":"$EU$396:$EY$433","_name":"план"}},"emcosID":null,"emcosMLID":null,"codMaketTEP":null,"codTEP":null,"WSName":"DB","rangeAddress":"$EO$394:$EY$433","headAddress":"$EO$394:$EY$394","bodyAddress":"$EO$395:$EY$433","_name":"Потребление Alfa Power Жетысу"}},"codPlan":120,"meterCoef":null,"_name":"Потребление Alfa Power Жетысу"}