{"ID":"33d9ab3d-0fad-4fdb-bd4a-0d0b111a31c4","childs":{"PS":{"_level":0,"parentID":"33d9ab3d-0fad-4fdb-bd4a-0d0b111a31c4","firstParentID":"33d9ab3d-0fad-4fdb-bd4a-0d0b111a31c4","ID":"4df5a735-4111-49db-a02d-a26bdf4855d5","childs":{"отдача":{"_level":1,"parentID":"4df5a735-4111-49db-a02d-a26bdf4855d5","firstParentID":"33d9ab3d-0fad-4fdb-bd4a-0d0b111a31c4","ID":"738181b9-0769-43a0-b3b2-6c5458e9f4de","childs":{"по счетчику":{"_level":2,"parentID":"738181b9-0769-43a0-b3b2-6c5458e9f4de","firstParentID":"33d9ab3d-0fad-4fdb-bd4a-0d0b111a31c4","ID":"40ec7c99-b0b5-4ca9-9281-f7a7a0317e60","childs":null,"emcosID":null,"emcosMLID":null,"codMaketTEP":null,"codTEP":null,"WSName":"PS","rangeAddress":"$CG$99:$CG$135","headAddress":"$CG$99","bodyAddress":"$CG$100:$CG$135","_name":"по счетчику"}},"emcosID":null,"emcosMLID":null,"codMaketTEP":null,"codTEP":null,"WSName":"PS","rangeAddress":"$CG$98:$CG$135","headAddress":"$CG$98","bodyAddress":"$CG$99:$CG$135","_name":"отдача"}},"emcosID":null,"emcosMLID":null,"codMaketTEP":null,"codTEP":null,"WSName":"PS","rangeAddress":"$CG$97:$CG$135","headAddress":"$CG$97","bodyAddress":"$CG$98:$CG$135","_name":"ТСН2 ПС149 Талдыкорган ЗЩА"},"DB":{"_level":0,"parentID":"33d9ab3d-0fad-4fdb-bd4a-0d0b111a31c4","firstParentID":"33d9ab3d-0fad-4fdb-bd4a-0d0b111a31c4","ID":"a875d23c-d2b7-4d9d-a912-f4a25a209af0","childs":{"отдача":{"_level":1,"parentID":"a875d23c-d2b7-4d9d-a912-f4a25a209af0","firstParentID":"33d9ab3d-0fad-4fdb-bd4a-0d0b111a31c4","ID":"c68150c9-3534-40fa-a468-488f8c5dfb23","childs":{"код":{"_level":2,"parentID":"c68150c9-3534-40fa-a468-488f8c5dfb23","firstParentID":"33d9ab3d-0fad-4fdb-bd4a-0d0b111a31c4","ID":"2e6b4ccb-522c-4e3b-bb59-0ddb64ae3108","childs":null,"emcosID":null,"emcosMLID":null,"codMaketTEP":null,"codTEP":null,"WSName":"DB","rangeAddress":"$I$396:$I$433","headAddress":"$I$396","bodyAddress":"$I$397:$I$433","_name":"код"},"основное":{"_level":2,"parentID":"c68150c9-3534-40fa-a468-488f8c5dfb23","firstParentID":"33d9ab3d-0fad-4fdb-bd4a-0d0b111a31c4","ID":"bcce4d50-29bc-4190-8e49-53e7f48ea34e","childs":null,"emcosID":null,"emcosMLID":null,"codMaketTEP":null,"codTEP":null,"WSName":"DB","rangeAddress":"$J$396:$J$433","headAddress":"$J$396","bodyAddress":"$J$397:$J$433","_name":"основное"},"корректировка факт":{"_level":2,"parentID":"c68150c9-3534-40fa-a468-488f8c5dfb23","firstParentID":"33d9ab3d-0fad-4fdb-bd4a-0d0b111a31c4","ID":"b944b639-ee27-4a1e-a5d2-329f8d16e7f4","childs":null,"emcosID":null,"emcosMLID":null,"codMaketTEP":null,"codTEP":null,"WSName":"DB","rangeAddress":"$K$396:$K$433","headAddress":"$K$396","bodyAddress":"$K$397:$K$433","_name":"корректировка факт"},"ручное":{"_level":2,"parentID":"c68150c9-3534-40fa-a468-488f8c5dfb23","firstParentID":"33d9ab3d-0fad-4fdb-bd4a-0d0b111a31c4","ID":"6096c0e1-9d1b-442c-aa15-ed0a315ee96a","childs":null,"emcosID":null,"emcosMLID":null,"codMaketTEP":null,"codTEP":null,"WSName":"DB","rangeAddress":"$L$396:$L$433","headAddress":"$L$396","bodyAddress":"$L$397:$L$433","_name":"ручное"},"счетчик":{"_level":2,"parentID":"c68150c9-3534-40fa-a468-488f8c5dfb23","firstParentID":"33d9ab3d-0fad-4fdb-bd4a-0d0b111a31c4","ID":"2d209542-d2a0-4a95-984e-eba02079d9df","childs":null,"emcosID":null,"emcosMLID":null,"codMaketTEP":null,"codTEP":null,"WSName":"DB","rangeAddress":"$M$396:$M$433","headAddress":"$M$396","bodyAddress":"$M$397:$M$433","_name":"счетчик"},"по счетчику":{"_level":2,"parentID":"c68150c9-3534-40fa-a468-488f8c5dfb23","firstParentID":"33d9ab3d-0fad-4fdb-bd4a-0d0b111a31c4","ID":"c92f4c63-1984-4898-b0a4-e2acf0abdc07","childs":null,"emcosID":null,"emcosMLID":null,"codMaketTEP":null,"codTEP":null,"WSName":"DB","rangeAddress":"$N$396:$N$433","headAddress":"$N$396","bodyAddress":"$N$397:$N$433","_name":"по счетчику"}},"emcosID":null,"emcosMLID":null,"codMaketTEP":null,"codTEP":null,"WSName":"DB","rangeAddress":"$I$395:$N$433","headAddress":"$I$395:$N$395","bodyAddress":"$I$396:$N$433","_name":"отдача"}},"emcosID":null,"emcosMLID":null,"codMaketTEP":null,"codTEP":null,"WSName":"DB","rangeAddress":"$I$394:$N$433","headAddress":"$I$394:$N$394","bodyAddress":"$I$395:$N$433","_name":"ТСН2 ПС149 Талдыкорган ЗЩА"}},"codPlan":null,"meterCoef":"0,08","_name":"ТСН2 ПС149 Талдыкорган ЗЩА"}