{"ID":"3430e424-3a9e-4b25-8649-7ed499ae5477","childs":{"PS":{"_level":0,"parentID":"3430e424-3a9e-4b25-8649-7ed499ae5477","firstParentID":"3430e424-3a9e-4b25-8649-7ed499ae5477","ID":"d55495e3-2531-4f02-b68c-fc524d3758c2","childs":{"прием":{"_level":1,"parentID":"d55495e3-2531-4f02-b68c-fc524d3758c2","firstParentID":"3430e424-3a9e-4b25-8649-7ed499ae5477","ID":"a1cf7c4b-d154-49f3-b178-d44cf9c1d666","childs":{"оперативное":{"_level":2,"parentID":"a1cf7c4b-d154-49f3-b178-d44cf9c1d666","firstParentID":"3430e424-3a9e-4b25-8649-7ed499ae5477","ID":"36d52ac4-b9b7-4713-b496-591642aa4dad","childs":null,"emcosID":null,"emcosMLID":null,"codMaketTEP":null,"codTEP":null,"WSName":"PS","rangeAddress":"$EA$99:$EA$135","headAddress":"$EA$99","bodyAddress":"$EA$100:$EA$135","_name":"оперативное"}},"emcosID":null,"emcosMLID":null,"codMaketTEP":null,"codTEP":null,"WSName":"PS","rangeAddress":"$EA$98:$EA$135","headAddress":"$EA$98","bodyAddress":"$EA$99:$EA$135","_name":"прием"},"отдача":{"_level":1,"parentID":"d55495e3-2531-4f02-b68c-fc524d3758c2","firstParentID":"3430e424-3a9e-4b25-8649-7ed499ae5477","ID":"150ef6a0-f270-441e-a76e-dab925483cf8","childs":{"оперативное":{"_level":2,"parentID":"150ef6a0-f270-441e-a76e-dab925483cf8","firstParentID":"3430e424-3a9e-4b25-8649-7ed499ae5477","ID":"92942a0f-d555-4c02-8733-9e465e0f8a88","childs":null,"emcosID":null,"emcosMLID":null,"codMaketTEP":null,"codTEP":null,"WSName":"PS","rangeAddress":"$EB$99:$EB$135","headAddress":"$EB$99","bodyAddress":"$EB$100:$EB$135","_name":"оперативное"}},"emcosID":null,"emcosMLID":null,"codMaketTEP":null,"codTEP":null,"WSName":"PS","rangeAddress":"$EB$98:$EB$135","headAddress":"$EB$98","bodyAddress":"$EB$99:$EB$135","_name":"отдача"}},"emcosID":null,"emcosMLID":null,"codMaketTEP":null,"codTEP":null,"WSName":"PS","rangeAddress":"$EA$97:$EB$135","headAddress":"$EA$97:$EB$97","bodyAddress":"$EA$98:$EB$135","_name":"Т1 Робот 143А"},"DB":{"_level":0,"parentID":"3430e424-3a9e-4b25-8649-7ed499ae5477","firstParentID":"3430e424-3a9e-4b25-8649-7ed499ae5477","ID":"27fde439-9ec1-4efa-becb-ae8bda7b90fb","childs":{"прием":{"_level":1,"parentID":"27fde439-9ec1-4efa-becb-ae8bda7b90fb","firstParentID":"3430e424-3a9e-4b25-8649-7ed499ae5477","ID":"40e3b431-1b70-492d-b016-3725ef20c7ca","childs":{"код":{"_level":2,"parentID":"40e3b431-1b70-492d-b016-3725ef20c7ca","firstParentID":"3430e424-3a9e-4b25-8649-7ed499ae5477","ID":"87dfc185-c291-409d-be97-bc0caf3f76f0","childs":null,"emcosID":null,"emcosMLID":null,"codMaketTEP":null,"codTEP":null,"WSName":"DB","rangeAddress":"$HI$353:$HI$390","headAddress":"$HI$353","bodyAddress":"$HI$354:$HI$390","_name":"код"},"основное":{"_level":2,"parentID":"40e3b431-1b70-492d-b016-3725ef20c7ca","firstParentID":"3430e424-3a9e-4b25-8649-7ed499ae5477","ID":"9793d7ea-2eba-45f9-a538-2ebe9a8123b7","childs":null,"emcosID":null,"emcosMLID":null,"codMaketTEP":null,"codTEP":null,"WSName":"DB","rangeAddress":"$HJ$353:$HJ$390","headAddress":"$HJ$353","bodyAddress":"$HJ$354:$HJ$390","_name":"основное"},"корректировка факт":{"_level":2,"parentID":"40e3b431-1b70-492d-b016-3725ef20c7ca","firstParentID":"3430e424-3a9e-4b25-8649-7ed499ae5477","ID":"dbf83a6b-7635-4de1-b988-5bcc725bb59a","childs":null,"emcosID":null,"emcosMLID":null,"codMaketTEP":null,"codTEP":null,"WSName":"DB","rangeAddress":"$HK$353:$HK$390","headAddress":"$HK$353","bodyAddress":"$HK$354:$HK$390","_name":"корректировка факт"},"ручное":{"_level":2,"parentID":"40e3b431-1b70-492d-b016-3725ef20c7ca","firstParentID":"3430e424-3a9e-4b25-8649-7ed499ae5477","ID":"6d54a103-3db0-45d5-b8fc-0592241ffd2e","childs":null,"emcosID":null,"emcosMLID":null,"codMaketTEP":null,"codTEP":null,"WSName":"DB","rangeAddress":"$HL$353:$HL$390","headAddress":"$HL$353","bodyAddress":"$HL$354:$HL$390","_name":"ручное"},"оперативное":{"_level":2,"parentID":"40e3b431-1b70-492d-b016-3725ef20c7ca","firstParentID":"3430e424-3a9e-4b25-8649-7ed499ae5477","ID":"2831eda1-d26a-449f-8399-d5c52c2cd8a7","childs":null,"emcosID":null,"emcosMLID":null,"codMaketTEP":null,"codTEP":null,"WSName":"DB","rangeAddress":"$HM$353:$HM$390","headAddress":"$HM$353","bodyAddress":"$HM$354:$HM$390","_name":"оперативное"}},"emcosID":null,"emcosMLID":null,"codMaketTEP":null,"codTEP":null,"WSName":"DB","rangeAddress":"$HI$352:$HM$390","headAddress":"$HI$352:$HM$352","bodyAddress":"$HI$353:$HM$390","_name":"прием"},"отдача":{"_level":1,"parentID":"27fde439-9ec1-4efa-becb-ae8bda7b90fb","firstParentID":"3430e424-3a9e-4b25-8649-7ed499ae5477","ID":"020fdae6-de44-4af0-aebc-8a57d36f7f31","childs":{"код":{"_level":2,"parentID":"020fdae6-de44-4af0-aebc-8a57d36f7f31","firstParentID":"3430e424-3a9e-4b25-8649-7ed499ae5477","ID":"3da0ce1c-ff67-46fe-894b-38fe761739bb","childs":null,"emcosID":null,"emcosMLID":null,"codMaketTEP":null,"codTEP":null,"WSName":"DB","rangeAddress":"$HN$353:$HN$390","headAddress":"$HN$353","bodyAddress":"$HN$354:$HN$390","_name":"код"},"основное":{"_level":2,"parentID":"020fdae6-de44-4af0-aebc-8a57d36f7f31","firstParentID":"3430e424-3a9e-4b25-8649-7ed499ae5477","ID":"412734b9-46b3-4c53-bd78-23c4d197f37d","childs":null,"emcosID":null,"emcosMLID":null,"codMaketTEP":null,"codTEP":null,"WSName":"DB","rangeAddress":"$HO$353:$HO$390","headAddress":"$HO$353","bodyAddress":"$HO$354:$HO$390","_name":"основное"},"корректировка факт":{"_level":2,"parentID":"020fdae6-de44-4af0-aebc-8a57d36f7f31","firstParentID":"3430e424-3a9e-4b25-8649-7ed499ae5477","ID":"07a1c86e-5d34-4f85-8e93-367b2167b881","childs":null,"emcosID":null,"emcosMLID":null,"codMaketTEP":null,"codTEP":null,"WSName":"DB","rangeAddress":"$HP$353:$HP$390","headAddress":"$HP$353","bodyAddress":"$HP$354:$HP$390","_name":"корректировка факт"},"ручное":{"_level":2,"parentID":"020fdae6-de44-4af0-aebc-8a57d36f7f31","firstParentID":"3430e424-3a9e-4b25-8649-7ed499ae5477","ID":"b2956ddc-5986-484f-8aed-264fa29d5897","childs":null,"emcosID":null,"emcosMLID":null,"codMaketTEP":null,"codTEP":null,"WSName":"DB","rangeAddress":"$HQ$353:$HQ$390","headAddress":"$HQ$353","bodyAddress":"$HQ$354:$HQ$390","_name":"ручное"},"оперативное":{"_level":2,"parentID":"020fdae6-de44-4af0-aebc-8a57d36f7f31","firstParentID":"3430e424-3a9e-4b25-8649-7ed499ae5477","ID":"a9f8e1d5-9b1c-4d5e-a78d-709aeba341d4","childs":null,"emcosID":null,"emcosMLID":null,"codMaketTEP":null,"codTEP":null,"WSName":"DB","rangeAddress":"$HR$353:$HR$390","headAddress":"$HR$353","bodyAddress":"$HR$354:$HR$390","_name":"оперативное"}},"emcosID":null,"emcosMLID":null,"codMaketTEP":null,"codTEP":null,"WSName":"DB","rangeAddress":"$HN$352:$HR$390","headAddress":"$HN$352:$HR$352","bodyAddress":"$HN$353:$HR$390","_name":"отдача"}},"emcosID":null,"emcosMLID":null,"codMaketTEP":null,"codTEP":null,"WSName":"DB","rangeAddress":"$HI$351:$HR$390","headAddress":"$HI$351:$HR$351","bodyAddress":"$HI$352:$HR$390","_name":"Т1 Робот 143А"}},"codPlan":null,"meterCoef":null,"_name":"Т1 Робот 143А"}