{"ID":"358a1bf2-77fd-4122-9945-c11d2a51b636","childs":{"PS":{"_level":0,"parentID":"358a1bf2-77fd-4122-9945-c11d2a51b636","firstParentID":"358a1bf2-77fd-4122-9945-c11d2a51b636","ID":"26817641-44b3-4da8-a7cf-7ac588397337","childs":{"отдача":{"_level":1,"parentID":"26817641-44b3-4da8-a7cf-7ac588397337","firstParentID":"358a1bf2-77fd-4122-9945-c11d2a51b636","ID":"3020b395-834a-45c8-a1d1-409289fb92a2","childs":{"по счетчику":{"_level":2,"parentID":"3020b395-834a-45c8-a1d1-409289fb92a2","firstParentID":"358a1bf2-77fd-4122-9945-c11d2a51b636","ID":"0ea5a7fa-7422-485a-9305-2f6cfa74ed4e","childs":null,"emcosID":null,"emcosMLID":null,"codMaketTEP":null,"codTEP":null,"WSName":"PS","rangeAddress":"$CW$99:$CW$135","headAddress":"$CW$99","bodyAddress":"$CW$100:$CW$135","_name":"по счетчику"},"СЧЕТЧИК":{"_level":2,"parentID":"3020b395-834a-45c8-a1d1-409289fb92a2","firstParentID":"358a1bf2-77fd-4122-9945-c11d2a51b636","ID":"948376c7-6695-4cce-868d-ff80c2e67e52","childs":null,"emcosID":null,"emcosMLID":null,"codMaketTEP":null,"codTEP":null,"WSName":"PS","rangeAddress":"$CX$99:$CX$135","headAddress":"$CX$99","bodyAddress":"$CX$100:$CX$135","_name":"СЧЕТЧИК"}},"emcosID":null,"emcosMLID":null,"codMaketTEP":null,"codTEP":null,"WSName":"PS","rangeAddress":"$CW$98:$CX$135","headAddress":"$CW$98:$CX$98","bodyAddress":"$CW$99:$CX$135","_name":"отдача"}},"emcosID":null,"emcosMLID":null,"codMaketTEP":null,"codTEP":null,"WSName":"PS","rangeAddress":"$CW$97:$CX$135","headAddress":"$CW$97:$CX$97","bodyAddress":"$CW$98:$CX$135","_name":"КЛ86 ПС152 Талдыкорган"},"DB":{"_level":0,"parentID":"358a1bf2-77fd-4122-9945-c11d2a51b636","firstParentID":"358a1bf2-77fd-4122-9945-c11d2a51b636","ID":"eda4fd4b-97bf-4ae4-bfbc-5103a4bdcfc4","childs":{"отдача":{"_level":1,"parentID":"eda4fd4b-97bf-4ae4-bfbc-5103a4bdcfc4","firstParentID":"358a1bf2-77fd-4122-9945-c11d2a51b636","ID":"57a83d7f-3820-49a5-ac09-11280d4c2ea7","childs":{"код":{"_level":2,"parentID":"57a83d7f-3820-49a5-ac09-11280d4c2ea7","firstParentID":"358a1bf2-77fd-4122-9945-c11d2a51b636","ID":"02fc6c87-9fff-4f95-b1ea-77a1811a40c7","childs":null,"emcosID":null,"emcosMLID":null,"codMaketTEP":null,"codTEP":null,"WSName":"DB","rangeAddress":"$BA$267:$BA$304","headAddress":"$BA$267","bodyAddress":"$BA$268:$BA$304","_name":"код"},"основное":{"_level":2,"parentID":"57a83d7f-3820-49a5-ac09-11280d4c2ea7","firstParentID":"358a1bf2-77fd-4122-9945-c11d2a51b636","ID":"84e10a51-0197-45ff-bbd7-efa38c5c89bd","childs":null,"emcosID":null,"emcosMLID":null,"codMaketTEP":null,"codTEP":null,"WSName":"DB","rangeAddress":"$BB$267:$BB$304","headAddress":"$BB$267","bodyAddress":"$BB$268:$BB$304","_name":"основное"},"корректировка факт":{"_level":2,"parentID":"57a83d7f-3820-49a5-ac09-11280d4c2ea7","firstParentID":"358a1bf2-77fd-4122-9945-c11d2a51b636","ID":"178a64db-929a-4d87-b4a4-c1c5e2ee2411","childs":null,"emcosID":null,"emcosMLID":null,"codMaketTEP":null,"codTEP":null,"WSName":"DB","rangeAddress":"$BC$267:$BC$304","headAddress":"$BC$267","bodyAddress":"$BC$268:$BC$304","_name":"корректировка факт"},"ручное":{"_level":2,"parentID":"57a83d7f-3820-49a5-ac09-11280d4c2ea7","firstParentID":"358a1bf2-77fd-4122-9945-c11d2a51b636","ID":"e2698dc2-2f86-40e3-90be-56c191b3279c","childs":null,"emcosID":null,"emcosMLID":null,"codMaketTEP":null,"codTEP":null,"WSName":"DB","rangeAddress":"$BD$267:$BD$304","headAddress":"$BD$267","bodyAddress":"$BD$268:$BD$304","_name":"ручное"},"оперативное":{"_level":2,"parentID":"57a83d7f-3820-49a5-ac09-11280d4c2ea7","firstParentID":"358a1bf2-77fd-4122-9945-c11d2a51b636","ID":"a9d51a4c-57ed-4a4e-b797-54953af499ef","childs":null,"emcosID":null,"emcosMLID":null,"codMaketTEP":null,"codTEP":null,"WSName":"DB","rangeAddress":"$BE$267:$BE$304","headAddress":"$BE$267","bodyAddress":"$BE$268:$BE$304","_name":"оперативное"},"счетчик":{"_level":2,"parentID":"57a83d7f-3820-49a5-ac09-11280d4c2ea7","firstParentID":"358a1bf2-77fd-4122-9945-c11d2a51b636","ID":"f74c3fac-6f62-4efe-b5a0-1e0f38b213e9","childs":null,"emcosID":null,"emcosMLID":null,"codMaketTEP":null,"codTEP":null,"WSName":"DB","rangeAddress":"$BF$267:$BF$304","headAddress":"$BF$267","bodyAddress":"$BF$268:$BF$304","_name":"счетчик"},"по счетчику":{"_level":2,"parentID":"57a83d7f-3820-49a5-ac09-11280d4c2ea7","firstParentID":"358a1bf2-77fd-4122-9945-c11d2a51b636","ID":"5029dcd9-8176-41b2-b5ae-2630078dbff5","childs":null,"emcosID":null,"emcosMLID":null,"codMaketTEP":null,"codTEP":null,"WSName":"DB","rangeAddress":"$BG$267:$BG$304","headAddress":"$BG$267","bodyAddress":"$BG$268:$BG$304","_name":"по счетчику"}},"emcosID":null,"emcosMLID":null,"codMaketTEP":null,"codTEP":null,"WSName":"DB","rangeAddress":"$BA$266:$BG$304","headAddress":"$BA$266:$BG$266","bodyAddress":"$BA$267:$BG$304","_name":"отдача"}},"emcosID":null,"emcosMLID":null,"codMaketTEP":null,"codTEP":null,"WSName":"DB","rangeAddress":"$BA$265:$BG$304","headAddress":"$BA$265:$BG$265","bodyAddress":"$BA$266:$BG$304","_name":"КЛ86 ПС152 Талдыкорган"}},"codPlan":null,"meterCoef":"4","_name":"КЛ86 ПС152 Талдыкорган"}