{"ID":"358a01c4-b0ae-40c2-a8b2-91d74b17394c","childs":{"PS":{"_level":0,"parentID":"358a01c4-b0ae-40c2-a8b2-91d74b17394c","firstParentID":"358a01c4-b0ae-40c2-a8b2-91d74b17394c","ID":"c86c91d9-a6fe-4c82-af1e-76a02b13e6e6","childs":{"прием":{"_level":1,"parentID":"c86c91d9-a6fe-4c82-af1e-76a02b13e6e6","firstParentID":"358a01c4-b0ae-40c2-a8b2-91d74b17394c","ID":"55672345-263b-4efc-93be-85c85116ae32","childs":{"ручное":{"_level":2,"parentID":"55672345-263b-4efc-93be-85c85116ae32","firstParentID":"358a01c4-b0ae-40c2-a8b2-91d74b17394c","ID":"0c2df02b-d2eb-4f1e-a8a5-a0f19b3a67e6","childs":null,"emcosID":null,"emcosMLID":null,"codMaketTEP":null,"codTEP":null,"WSName":"PS","rangeAddress":"$GB$99:$GB$135","headAddress":"$GB$99","bodyAddress":"$GB$100:$GB$135","_name":"ручное"}},"emcosID":null,"emcosMLID":null,"codMaketTEP":null,"codTEP":null,"WSName":"PS","rangeAddress":"$GB$98:$GB$135","headAddress":"$GB$98","bodyAddress":"$GB$99:$GB$135","_name":"прием"},"отдача":{"_level":1,"parentID":"c86c91d9-a6fe-4c82-af1e-76a02b13e6e6","firstParentID":"358a01c4-b0ae-40c2-a8b2-91d74b17394c","ID":"27472288-0128-4702-8d88-fe78315af2ed","childs":{"ручное":{"_level":2,"parentID":"27472288-0128-4702-8d88-fe78315af2ed","firstParentID":"358a01c4-b0ae-40c2-a8b2-91d74b17394c","ID":"76cdaac5-3290-4e9d-8bc7-a4baf2a0bff5","childs":null,"emcosID":null,"emcosMLID":null,"codMaketTEP":null,"codTEP":null,"WSName":"PS","rangeAddress":"$GC$99:$GC$135","headAddress":"$GC$99","bodyAddress":"$GC$100:$GC$135","_name":"ручное"}},"emcosID":null,"emcosMLID":null,"codMaketTEP":null,"codTEP":null,"WSName":"PS","rangeAddress":"$GC$98:$GC$135","headAddress":"$GC$98","bodyAddress":"$GC$99:$GC$135","_name":"отдача"}},"emcosID":null,"emcosMLID":null,"codMaketTEP":null,"codTEP":null,"WSName":"PS","rangeAddress":"$GB$97:$GC$135","headAddress":"$GB$97:$GC$97","bodyAddress":"$GB$98:$GC$135","_name":"ТП2 Мын Арал тяга"},"DB":{"_level":0,"parentID":"358a01c4-b0ae-40c2-a8b2-91d74b17394c","firstParentID":"358a01c4-b0ae-40c2-a8b2-91d74b17394c","ID":"eb3bf45a-3090-4fc9-9149-a199b58aa090","childs":{"прием":{"_level":1,"parentID":"eb3bf45a-3090-4fc9-9149-a199b58aa090","firstParentID":"358a01c4-b0ae-40c2-a8b2-91d74b17394c","ID":"f06f43dd-257b-4847-93c6-712690351bc4","childs":{"код":{"_level":2,"parentID":"f06f43dd-257b-4847-93c6-712690351bc4","firstParentID":"358a01c4-b0ae-40c2-a8b2-91d74b17394c","ID":"e3e7a33d-0911-455f-a4ff-d46702f27516","childs":null,"emcosID":null,"emcosMLID":null,"codMaketTEP":null,"codTEP":null,"WSName":"DB","rangeAddress":"$AP$95:$AP$132","headAddress":"$AP$95","bodyAddress":"$AP$96:$AP$132","_name":"код"},"основное":{"_level":2,"parentID":"f06f43dd-257b-4847-93c6-712690351bc4","firstParentID":"358a01c4-b0ae-40c2-a8b2-91d74b17394c","ID":"b944ea55-c5ab-44d2-87d0-bfc14b8983d4","childs":null,"emcosID":null,"emcosMLID":null,"codMaketTEP":null,"codTEP":null,"WSName":"DB","rangeAddress":"$AQ$95:$AQ$132","headAddress":"$AQ$95","bodyAddress":"$AQ$96:$AQ$132","_name":"основное"},"корректировка факт":{"_level":2,"parentID":"f06f43dd-257b-4847-93c6-712690351bc4","firstParentID":"358a01c4-b0ae-40c2-a8b2-91d74b17394c","ID":"a227759a-d7ee-46b5-91ed-c23203025452","childs":null,"emcosID":null,"emcosMLID":null,"codMaketTEP":null,"codTEP":null,"WSName":"DB","rangeAddress":"$AR$95:$AR$132","headAddress":"$AR$95","bodyAddress":"$AR$96:$AR$132","_name":"корректировка факт"},"ручное":{"_level":2,"parentID":"f06f43dd-257b-4847-93c6-712690351bc4","firstParentID":"358a01c4-b0ae-40c2-a8b2-91d74b17394c","ID":"09c1d54a-9a81-4a56-9ff6-229f55abb252","childs":null,"emcosID":null,"emcosMLID":null,"codMaketTEP":null,"codTEP":null,"WSName":"DB","rangeAddress":"$AS$95:$AS$132","headAddress":"$AS$95","bodyAddress":"$AS$96:$AS$132","_name":"ручное"}},"emcosID":null,"emcosMLID":null,"codMaketTEP":null,"codTEP":null,"WSName":"DB","rangeAddress":"$AP$94:$AS$132","headAddress":"$AP$94:$AS$94","bodyAddress":"$AP$95:$AS$132","_name":"прием"},"отдача":{"_level":1,"parentID":"eb3bf45a-3090-4fc9-9149-a199b58aa090","firstParentID":"358a01c4-b0ae-40c2-a8b2-91d74b17394c","ID":"60aef4e4-2b17-4972-b8b2-ce0b2abb3bb8","childs":{"код":{"_level":2,"parentID":"60aef4e4-2b17-4972-b8b2-ce0b2abb3bb8","firstParentID":"358a01c4-b0ae-40c2-a8b2-91d74b17394c","ID":"9a6d899c-f867-49d2-8588-49672838de33","childs":null,"emcosID":null,"emcosMLID":null,"codMaketTEP":null,"codTEP":null,"WSName":"DB","rangeAddress":"$AT$95:$AT$132","headAddress":"$AT$95","bodyAddress":"$AT$96:$AT$132","_name":"код"},"основное":{"_level":2,"parentID":"60aef4e4-2b17-4972-b8b2-ce0b2abb3bb8","firstParentID":"358a01c4-b0ae-40c2-a8b2-91d74b17394c","ID":"1907c56a-c46d-4c3c-8e24-2df295b2449d","childs":null,"emcosID":null,"emcosMLID":null,"codMaketTEP":null,"codTEP":null,"WSName":"DB","rangeAddress":"$AU$95:$AU$132","headAddress":"$AU$95","bodyAddress":"$AU$96:$AU$132","_name":"основное"},"корректировка факт":{"_level":2,"parentID":"60aef4e4-2b17-4972-b8b2-ce0b2abb3bb8","firstParentID":"358a01c4-b0ae-40c2-a8b2-91d74b17394c","ID":"8520c676-9878-46ba-b4d3-129e0791c2cd","childs":null,"emcosID":null,"emcosMLID":null,"codMaketTEP":null,"codTEP":null,"WSName":"DB","rangeAddress":"$AV$95:$AV$132","headAddress":"$AV$95","bodyAddress":"$AV$96:$AV$132","_name":"корректировка факт"},"ручное":{"_level":2,"parentID":"60aef4e4-2b17-4972-b8b2-ce0b2abb3bb8","firstParentID":"358a01c4-b0ae-40c2-a8b2-91d74b17394c","ID":"95bee2ad-bfd1-440e-ac59-26f64b18a9b5","childs":null,"emcosID":null,"emcosMLID":null,"codMaketTEP":null,"codTEP":null,"WSName":"DB","rangeAddress":"$AW$95:$AW$132","headAddress":"$AW$95","bodyAddress":"$AW$96:$AW$132","_name":"ручное"}},"emcosID":null,"emcosMLID":null,"codMaketTEP":null,"codTEP":null,"WSName":"DB","rangeAddress":"$AT$94:$AW$132","headAddress":"$AT$94:$AW$94","bodyAddress":"$AT$95:$AW$132","_name":"отдача"}},"emcosID":null,"emcosMLID":null,"codMaketTEP":null,"codTEP":null,"WSName":"DB","rangeAddress":"$AP$93:$AW$132","headAddress":"$AP$93:$AW$93","bodyAddress":"$AP$94:$AW$132","_name":"ТП2 Мын Арал тяга"}},"codPlan":null,"meterCoef":null,"_name":"ТП2 Мын Арал тяга"}