{"ID":"367f6d0a-9f54-4e56-a3f7-6b69664e6a7d","childs":{"PS":{"_level":0,"parentID":"367f6d0a-9f54-4e56-a3f7-6b69664e6a7d","firstParentID":"367f6d0a-9f54-4e56-a3f7-6b69664e6a7d","ID":"4293f983-d62f-4068-8245-e0b596817aca","childs":{"прием":{"_level":1,"parentID":"4293f983-d62f-4068-8245-e0b596817aca","firstParentID":"367f6d0a-9f54-4e56-a3f7-6b69664e6a7d","ID":"fbc1249e-0bd2-46c4-99a0-6e5310ed48e0","childs":{"оперативное":{"_level":2,"parentID":"fbc1249e-0bd2-46c4-99a0-6e5310ed48e0","firstParentID":"367f6d0a-9f54-4e56-a3f7-6b69664e6a7d","ID":"5af1502b-4e8c-405b-a67f-4e48bbfcfb8a","childs":null,"emcosID":null,"emcosMLID":null,"codMaketTEP":null,"codTEP":null,"WSName":"PS","rangeAddress":"$M$228:$M$264","headAddress":"$M$228","bodyAddress":"$M$229:$M$264","_name":"оперативное"}},"emcosID":null,"emcosMLID":null,"codMaketTEP":null,"codTEP":null,"WSName":"PS","rangeAddress":"$M$227:$M$264","headAddress":"$M$227","bodyAddress":"$M$228:$M$264","_name":"прием"},"план":{"_level":1,"parentID":"4293f983-d62f-4068-8245-e0b596817aca","firstParentID":"367f6d0a-9f54-4e56-a3f7-6b69664e6a7d","ID":"b1423d36-622a-45d1-a24e-e83c94b08048","childs":{"заявка":{"_level":2,"parentID":"b1423d36-622a-45d1-a24e-e83c94b08048","firstParentID":"367f6d0a-9f54-4e56-a3f7-6b69664e6a7d","ID":"a9a3147a-7eca-444b-b9fd-b3ed6ac66e26","childs":null,"emcosID":null,"emcosMLID":null,"codMaketTEP":null,"codTEP":null,"WSName":"PS","rangeAddress":"$N$228:$N$264","headAddress":"$N$228","bodyAddress":"$N$229:$N$264","_name":"заявка"}},"emcosID":null,"emcosMLID":null,"codMaketTEP":null,"codTEP":null,"WSName":"PS","rangeAddress":"$N$227:$N$264","headAddress":"$N$227","bodyAddress":"$N$228:$N$264","_name":"план"}},"emcosID":null,"emcosMLID":null,"codMaketTEP":null,"codTEP":null,"WSName":"PS","rangeAddress":"$M$226:$N$264","headAddress":"$M$226:$N$226","bodyAddress":"$M$227:$N$264","_name":"Потребление АСПМК"},"DB":{"_level":0,"parentID":"367f6d0a-9f54-4e56-a3f7-6b69664e6a7d","firstParentID":"367f6d0a-9f54-4e56-a3f7-6b69664e6a7d","ID":"a6563946-0497-4c53-b76d-d205fb658cf2","childs":{"прием":{"_level":1,"parentID":"a6563946-0497-4c53-b76d-d205fb658cf2","firstParentID":"367f6d0a-9f54-4e56-a3f7-6b69664e6a7d","ID":"60ef99ca-55ec-49c8-8be1-355ca72337ae","childs":{"код":{"_level":2,"parentID":"60ef99ca-55ec-49c8-8be1-355ca72337ae","firstParentID":"367f6d0a-9f54-4e56-a3f7-6b69664e6a7d","ID":"9f97a1ed-7adb-4b87-b607-e5928a5f22c7","childs":null,"emcosID":null,"emcosMLID":null,"codMaketTEP":null,"codTEP":null,"WSName":"DB","rangeAddress":"$DE$267:$DE$304","headAddress":"$DE$267","bodyAddress":"$DE$268:$DE$304","_name":"код"},"основное":{"_level":2,"parentID":"60ef99ca-55ec-49c8-8be1-355ca72337ae","firstParentID":"367f6d0a-9f54-4e56-a3f7-6b69664e6a7d","ID":"e8c6b6db-01c4-41a3-b255-7d5b3a4391d8","childs":null,"emcosID":null,"emcosMLID":null,"codMaketTEP":null,"codTEP":null,"WSName":"DB","rangeAddress":"$DF$267:$DF$304","headAddress":"$DF$267","bodyAddress":"$DF$268:$DF$304","_name":"основное"},"корректировка факт":{"_level":2,"parentID":"60ef99ca-55ec-49c8-8be1-355ca72337ae","firstParentID":"367f6d0a-9f54-4e56-a3f7-6b69664e6a7d","ID":"2cbb147f-6848-4384-8621-9eabecd38dea","childs":null,"emcosID":null,"emcosMLID":null,"codMaketTEP":null,"codTEP":null,"WSName":"DB","rangeAddress":"$DG$267:$DG$304","headAddress":"$DG$267","bodyAddress":"$DG$268:$DG$304","_name":"корректировка факт"},"ручное":{"_level":2,"parentID":"60ef99ca-55ec-49c8-8be1-355ca72337ae","firstParentID":"367f6d0a-9f54-4e56-a3f7-6b69664e6a7d","ID":"9869b3af-5725-4dce-90ab-8bf2d1818102","childs":null,"emcosID":null,"emcosMLID":null,"codMaketTEP":null,"codTEP":null,"WSName":"DB","rangeAddress":"$DH$267:$DH$304","headAddress":"$DH$267","bodyAddress":"$DH$268:$DH$304","_name":"ручное"},"по плану":{"_level":2,"parentID":"60ef99ca-55ec-49c8-8be1-355ca72337ae","firstParentID":"367f6d0a-9f54-4e56-a3f7-6b69664e6a7d","ID":"b0ebb435-d6c2-4d10-83c2-b905ae48e303","childs":null,"emcosID":null,"emcosMLID":null,"codMaketTEP":null,"codTEP":null,"WSName":"DB","rangeAddress":"$DI$267:$DI$304","headAddress":"$DI$267","bodyAddress":"$DI$268:$DI$304","_name":"по плану"},"оперативное":{"_level":2,"parentID":"60ef99ca-55ec-49c8-8be1-355ca72337ae","firstParentID":"367f6d0a-9f54-4e56-a3f7-6b69664e6a7d","ID":"ebc7fa1a-c073-411d-bba6-0efa0b16e114","childs":null,"emcosID":null,"emcosMLID":null,"codMaketTEP":null,"codTEP":null,"WSName":"DB","rangeAddress":"$DJ$267:$DJ$304","headAddress":"$DJ$267","bodyAddress":"$DJ$268:$DJ$304","_name":"оперативное"}},"emcosID":null,"emcosMLID":null,"codMaketTEP":null,"codTEP":null,"WSName":"DB","rangeAddress":"$DE$266:$DJ$304","headAddress":"$DE$266:$DJ$266","bodyAddress":"$DE$267:$DJ$304","_name":"прием"},"план":{"_level":1,"parentID":"a6563946-0497-4c53-b76d-d205fb658cf2","firstParentID":"367f6d0a-9f54-4e56-a3f7-6b69664e6a7d","ID":"c4071969-5402-443e-a14f-7448427691a0","childs":{"код":{"_level":2,"parentID":"c4071969-5402-443e-a14f-7448427691a0","firstParentID":"367f6d0a-9f54-4e56-a3f7-6b69664e6a7d","ID":"0f791e31-e47c-418f-973e-329269c738ef","childs":null,"emcosID":null,"emcosMLID":null,"codMaketTEP":null,"codTEP":null,"WSName":"DB","rangeAddress":"$DK$267:$DK$304","headAddress":"$DK$267","bodyAddress":"$DK$268:$DK$304","_name":"код"},"основное":{"_level":2,"parentID":"c4071969-5402-443e-a14f-7448427691a0","firstParentID":"367f6d0a-9f54-4e56-a3f7-6b69664e6a7d","ID":"6315dbee-5120-4cf3-ad8b-e170c2a38abd","childs":null,"emcosID":null,"emcosMLID":null,"codMaketTEP":null,"codTEP":null,"WSName":"DB","rangeAddress":"$DL$267:$DL$304","headAddress":"$DL$267","bodyAddress":"$DL$268:$DL$304","_name":"основное"},"заявка":{"_level":2,"parentID":"c4071969-5402-443e-a14f-7448427691a0","firstParentID":"367f6d0a-9f54-4e56-a3f7-6b69664e6a7d","ID":"3132add8-3234-4ccc-b450-13f57f13c578","childs":null,"emcosID":null,"emcosMLID":null,"codMaketTEP":null,"codTEP":null,"WSName":"DB","rangeAddress":"$DM$267:$DM$304","headAddress":"$DM$267","bodyAddress":"$DM$268:$DM$304","_name":"заявка"},"утвержденный":{"_level":2,"parentID":"c4071969-5402-443e-a14f-7448427691a0","firstParentID":"367f6d0a-9f54-4e56-a3f7-6b69664e6a7d","ID":"48dd4581-3bce-4252-a542-7800cfe44157","childs":null,"emcosID":null,"emcosMLID":null,"codMaketTEP":null,"codTEP":null,"WSName":"DB","rangeAddress":"$DN$267:$DN$304","headAddress":"$DN$267","bodyAddress":"$DN$268:$DN$304","_name":"утвержденный"},"корректировка":{"_level":2,"parentID":"c4071969-5402-443e-a14f-7448427691a0","firstParentID":"367f6d0a-9f54-4e56-a3f7-6b69664e6a7d","ID":"44b9f7ab-ce48-431d-8146-d795e65b66fc","childs":null,"emcosID":null,"emcosMLID":null,"codMaketTEP":null,"codTEP":null,"WSName":"DB","rangeAddress":"$DO$267:$DO$304","headAddress":"$DO$267","bodyAddress":"$DO$268:$DO$304","_name":"корректировка"}},"emcosID":null,"emcosMLID":null,"codMaketTEP":null,"codTEP":null,"WSName":"DB","rangeAddress":"$DK$266:$DO$304","headAddress":"$DK$266:$DO$266","bodyAddress":"$DK$267:$DO$304","_name":"план"}},"emcosID":null,"emcosMLID":null,"codMaketTEP":null,"codTEP":null,"WSName":"DB","rangeAddress":"$DE$265:$DO$304","headAddress":"$DE$265:$DO$265","bodyAddress":"$DE$266:$DO$304","_name":"Потребление АСПМК"}},"codPlan":13,"meterCoef":null,"_name":"Потребление АСПМК"}