{"ID":"367f6d0a-9f54-4e56-a3f7-6b69664e6a7d","childs":{"PS":{"_level":0,"parentID":"367f6d0a-9f54-4e56-a3f7-6b69664e6a7d","firstParentID":"367f6d0a-9f54-4e56-a3f7-6b69664e6a7d","ID":"4293f983-d62f-4068-8245-e0b596817aca","childs":{"прием":{"_level":1,"parentID":"4293f983-d62f-4068-8245-e0b596817aca","firstParentID":"367f6d0a-9f54-4e56-a3f7-6b69664e6a7d","ID":"fbc1249e-0bd2-46c4-99a0-6e5310ed48e0","childs":{"формула":{"_level":2,"parentID":"fbc1249e-0bd2-46c4-99a0-6e5310ed48e0","firstParentID":"367f6d0a-9f54-4e56-a3f7-6b69664e6a7d","ID":"5af1502b-4e8c-405b-a67f-4e48bbfcfb8a","childs":null,"emcosID":null,"emcosMLID":null,"codMaketTEP":null,"codTEP":null,"WSName":"PS","rangeAddress":"$H$228:$H$264","headAddress":"$H$228","bodyAddress":"$H$229:$H$264","_name":"формула"}},"emcosID":null,"emcosMLID":null,"codMaketTEP":null,"codTEP":null,"WSName":"PS","rangeAddress":"$H$227:$H$264","headAddress":"$H$227","bodyAddress":"$H$228:$H$264","_name":"прием"},"план":{"_level":1,"parentID":"4293f983-d62f-4068-8245-e0b596817aca","firstParentID":"367f6d0a-9f54-4e56-a3f7-6b69664e6a7d","ID":"b1423d36-622a-45d1-a24e-e83c94b08048","childs":{"заявка":{"_level":2,"parentID":"b1423d36-622a-45d1-a24e-e83c94b08048","firstParentID":"367f6d0a-9f54-4e56-a3f7-6b69664e6a7d","ID":"a9a3147a-7eca-444b-b9fd-b3ed6ac66e26","childs":null,"emcosID":null,"emcosMLID":null,"codMaketTEP":null,"codTEP":null,"WSName":"PS","rangeAddress":"$I$228:$I$264","headAddress":"$I$228","bodyAddress":"$I$229:$I$264","_name":"заявка"}},"emcosID":null,"emcosMLID":null,"codMaketTEP":null,"codTEP":null,"WSName":"PS","rangeAddress":"$I$227:$I$264","headAddress":"$I$227","bodyAddress":"$I$228:$I$264","_name":"план"}},"emcosID":null,"emcosMLID":null,"codMaketTEP":null,"codTEP":null,"WSName":"PS","rangeAddress":"$H$226:$I$264","headAddress":"$H$226:$I$226","bodyAddress":"$H$227:$I$264","_name":"Потребление АСПМК"},"DB":{"_level":0,"parentID":"367f6d0a-9f54-4e56-a3f7-6b69664e6a7d","firstParentID":"367f6d0a-9f54-4e56-a3f7-6b69664e6a7d","ID":"a6563946-0497-4c53-b76d-d205fb658cf2","childs":{"прием":{"_level":1,"parentID":"a6563946-0497-4c53-b76d-d205fb658cf2","firstParentID":"367f6d0a-9f54-4e56-a3f7-6b69664e6a7d","ID":"60ef99ca-55ec-49c8-8be1-355ca72337ae","childs":{"код":{"_level":2,"parentID":"60ef99ca-55ec-49c8-8be1-355ca72337ae","firstParentID":"367f6d0a-9f54-4e56-a3f7-6b69664e6a7d","ID":"9f97a1ed-7adb-4b87-b607-e5928a5f22c7","childs":null,"emcosID":null,"emcosMLID":null,"codMaketTEP":null,"codTEP":null,"WSName":"DB","rangeAddress":"$EK$267:$EK$304","headAddress":"$EK$267","bodyAddress":"$EK$268:$EK$304","_name":"код"},"основное":{"_level":2,"parentID":"60ef99ca-55ec-49c8-8be1-355ca72337ae","firstParentID":"367f6d0a-9f54-4e56-a3f7-6b69664e6a7d","ID":"e8c6b6db-01c4-41a3-b255-7d5b3a4391d8","childs":null,"emcosID":null,"emcosMLID":null,"codMaketTEP":null,"codTEP":null,"WSName":"DB","rangeAddress":"$EL$267:$EL$304","headAddress":"$EL$267","bodyAddress":"$EL$268:$EL$304","_name":"основное"},"корректировка факт":{"_level":2,"parentID":"60ef99ca-55ec-49c8-8be1-355ca72337ae","firstParentID":"367f6d0a-9f54-4e56-a3f7-6b69664e6a7d","ID":"2cbb147f-6848-4384-8621-9eabecd38dea","childs":null,"emcosID":null,"emcosMLID":null,"codMaketTEP":null,"codTEP":null,"WSName":"DB","rangeAddress":"$EM$267:$EM$304","headAddress":"$EM$267","bodyAddress":"$EM$268:$EM$304","_name":"корректировка факт"},"ручное":{"_level":2,"parentID":"60ef99ca-55ec-49c8-8be1-355ca72337ae","firstParentID":"367f6d0a-9f54-4e56-a3f7-6b69664e6a7d","ID":"9869b3af-5725-4dce-90ab-8bf2d1818102","childs":null,"emcosID":null,"emcosMLID":null,"codMaketTEP":null,"codTEP":null,"WSName":"DB","rangeAddress":"$EN$267:$EN$304","headAddress":"$EN$267","bodyAddress":"$EN$268:$EN$304","_name":"ручное"},"формула":{"_level":2,"parentID":"60ef99ca-55ec-49c8-8be1-355ca72337ae","firstParentID":"367f6d0a-9f54-4e56-a3f7-6b69664e6a7d","ID":"8633c630-cd6f-4ba0-af85-e03ba9616680","childs":null,"emcosID":null,"emcosMLID":null,"codMaketTEP":null,"codTEP":null,"WSName":"DB","rangeAddress":"$EO$267:$EO$304","headAddress":"$EO$267","bodyAddress":"$EO$268:$EO$304","_name":"формула"},"по плану":{"_level":2,"parentID":"60ef99ca-55ec-49c8-8be1-355ca72337ae","firstParentID":"367f6d0a-9f54-4e56-a3f7-6b69664e6a7d","ID":"b0ebb435-d6c2-4d10-83c2-b905ae48e303","childs":null,"emcosID":null,"emcosMLID":null,"codMaketTEP":null,"codTEP":null,"WSName":"DB","rangeAddress":"$EP$267:$EP$304","headAddress":"$EP$267","bodyAddress":"$EP$268:$EP$304","_name":"по плану"}},"emcosID":null,"emcosMLID":null,"codMaketTEP":null,"codTEP":null,"WSName":"DB","rangeAddress":"$EK$266:$EP$304","headAddress":"$EK$266:$EP$266","bodyAddress":"$EK$267:$EP$304","_name":"прием"},"план":{"_level":1,"parentID":"a6563946-0497-4c53-b76d-d205fb658cf2","firstParentID":"367f6d0a-9f54-4e56-a3f7-6b69664e6a7d","ID":"c4071969-5402-443e-a14f-7448427691a0","childs":{"код":{"_level":2,"parentID":"c4071969-5402-443e-a14f-7448427691a0","firstParentID":"367f6d0a-9f54-4e56-a3f7-6b69664e6a7d","ID":"0f791e31-e47c-418f-973e-329269c738ef","childs":null,"emcosID":null,"emcosMLID":null,"codMaketTEP":null,"codTEP":null,"WSName":"DB","rangeAddress":"$EQ$267:$EQ$304","headAddress":"$EQ$267","bodyAddress":"$EQ$268:$EQ$304","_name":"код"},"основное":{"_level":2,"parentID":"c4071969-5402-443e-a14f-7448427691a0","firstParentID":"367f6d0a-9f54-4e56-a3f7-6b69664e6a7d","ID":"6315dbee-5120-4cf3-ad8b-e170c2a38abd","childs":null,"emcosID":null,"emcosMLID":null,"codMaketTEP":null,"codTEP":null,"WSName":"DB","rangeAddress":"$ER$267:$ER$304","headAddress":"$ER$267","bodyAddress":"$ER$268:$ER$304","_name":"основное"},"заявка":{"_level":2,"parentID":"c4071969-5402-443e-a14f-7448427691a0","firstParentID":"367f6d0a-9f54-4e56-a3f7-6b69664e6a7d","ID":"3132add8-3234-4ccc-b450-13f57f13c578","childs":null,"emcosID":null,"emcosMLID":null,"codMaketTEP":null,"codTEP":null,"WSName":"DB","rangeAddress":"$ES$267:$ES$304","headAddress":"$ES$267","bodyAddress":"$ES$268:$ES$304","_name":"заявка"},"утвержденный":{"_level":2,"parentID":"c4071969-5402-443e-a14f-7448427691a0","firstParentID":"367f6d0a-9f54-4e56-a3f7-6b69664e6a7d","ID":"48dd4581-3bce-4252-a542-7800cfe44157","childs":null,"emcosID":null,"emcosMLID":null,"codMaketTEP":null,"codTEP":null,"WSName":"DB","rangeAddress":"$ET$267:$ET$304","headAddress":"$ET$267","bodyAddress":"$ET$268:$ET$304","_name":"утвержденный"},"корректировка":{"_level":2,"parentID":"c4071969-5402-443e-a14f-7448427691a0","firstParentID":"367f6d0a-9f54-4e56-a3f7-6b69664e6a7d","ID":"44b9f7ab-ce48-431d-8146-d795e65b66fc","childs":null,"emcosID":null,"emcosMLID":null,"codMaketTEP":null,"codTEP":null,"WSName":"DB","rangeAddress":"$EU$267:$EU$304","headAddress":"$EU$267","bodyAddress":"$EU$268:$EU$304","_name":"корректировка"}},"emcosID":null,"emcosMLID":null,"codMaketTEP":null,"codTEP":null,"WSName":"DB","rangeAddress":"$EQ$266:$EU$304","headAddress":"$EQ$266:$EU$266","bodyAddress":"$EQ$267:$EU$304","_name":"план"}},"emcosID":null,"emcosMLID":null,"codMaketTEP":null,"codTEP":null,"WSName":"DB","rangeAddress":"$EK$265:$EU$304","headAddress":"$EK$265:$EU$265","bodyAddress":"$EK$266:$EU$304","_name":"Потребление АСПМК"}},"codPlan":13,"meterCoef":null,"_name":"Потребление АСПМК"}