{"ID":"368983b9-4fb3-4da4-9099-6185b7f6dd58","childs":{"PS":{"_level":0,"parentID":"368983b9-4fb3-4da4-9099-6185b7f6dd58","firstParentID":"368983b9-4fb3-4da4-9099-6185b7f6dd58","ID":"32815378-987d-482c-a98f-2cd672ce6594","childs":{"прием":{"_level":1,"parentID":"32815378-987d-482c-a98f-2cd672ce6594","firstParentID":"368983b9-4fb3-4da4-9099-6185b7f6dd58","ID":"8746709c-49e1-4b98-9298-a49fc02704b7","childs":{"оперативное":{"_level":2,"parentID":"8746709c-49e1-4b98-9298-a49fc02704b7","firstParentID":"368983b9-4fb3-4da4-9099-6185b7f6dd58","ID":"7443190c-14f1-400d-a32b-eee70dee2a38","childs":null,"emcosID":null,"emcosMLID":null,"codMaketTEP":null,"codTEP":null,"WSName":"PS","rangeAddress":"$FD$99:$FD$135","headAddress":"$FD$99","bodyAddress":"$FD$100:$FD$135","_name":"оперативное"}},"emcosID":null,"emcosMLID":null,"codMaketTEP":null,"codTEP":null,"WSName":"PS","rangeAddress":"$FD$98:$FD$135","headAddress":"$FD$98","bodyAddress":"$FD$99:$FD$135","_name":"прием"},"отдача":{"_level":1,"parentID":"32815378-987d-482c-a98f-2cd672ce6594","firstParentID":"368983b9-4fb3-4da4-9099-6185b7f6dd58","ID":"259b7d0f-bf27-4b14-8b8d-9d5227cb1527","childs":{"оперативное":{"_level":2,"parentID":"259b7d0f-bf27-4b14-8b8d-9d5227cb1527","firstParentID":"368983b9-4fb3-4da4-9099-6185b7f6dd58","ID":"665a3819-6e0a-433a-8326-a72e745cdb2f","childs":null,"emcosID":null,"emcosMLID":null,"codMaketTEP":null,"codTEP":null,"WSName":"PS","rangeAddress":"$FE$99:$FE$135","headAddress":"$FE$99","bodyAddress":"$FE$100:$FE$135","_name":"оперативное"}},"emcosID":null,"emcosMLID":null,"codMaketTEP":null,"codTEP":null,"WSName":"PS","rangeAddress":"$FE$98:$FE$135","headAddress":"$FE$98","bodyAddress":"$FE$99:$FE$135","_name":"отдача"}},"emcosID":null,"emcosMLID":null,"codMaketTEP":null,"codTEP":null,"WSName":"PS","rangeAddress":"$FD$97:$FE$135","headAddress":"$FD$97:$FE$97","bodyAddress":"$FD$98:$FE$135","_name":"АТ2 Капчагайская 62А"},"DB":{"_level":0,"parentID":"368983b9-4fb3-4da4-9099-6185b7f6dd58","firstParentID":"368983b9-4fb3-4da4-9099-6185b7f6dd58","ID":"fba57c05-8be4-4361-a69a-50df9a3cfef8","childs":{"прием":{"_level":1,"parentID":"fba57c05-8be4-4361-a69a-50df9a3cfef8","firstParentID":"368983b9-4fb3-4da4-9099-6185b7f6dd58","ID":"abdaa08b-4f25-4c6d-b917-ef6bfdb6dc31","childs":{"код":{"_level":2,"parentID":"abdaa08b-4f25-4c6d-b917-ef6bfdb6dc31","firstParentID":"368983b9-4fb3-4da4-9099-6185b7f6dd58","ID":"abd9f2f6-8ac0-4e2b-9845-ad8e8b8a7036","childs":null,"emcosID":null,"emcosMLID":null,"codMaketTEP":null,"codTEP":null,"WSName":"DB","rangeAddress":"$HG$353:$HG$390","headAddress":"$HG$353","bodyAddress":"$HG$354:$HG$390","_name":"код"},"основное":{"_level":2,"parentID":"abdaa08b-4f25-4c6d-b917-ef6bfdb6dc31","firstParentID":"368983b9-4fb3-4da4-9099-6185b7f6dd58","ID":"65550d27-ae6c-4179-9eaf-d11cc4dbffcc","childs":null,"emcosID":null,"emcosMLID":null,"codMaketTEP":null,"codTEP":null,"WSName":"DB","rangeAddress":"$HH$353:$HH$390","headAddress":"$HH$353","bodyAddress":"$HH$354:$HH$390","_name":"основное"},"корректировка факт":{"_level":2,"parentID":"abdaa08b-4f25-4c6d-b917-ef6bfdb6dc31","firstParentID":"368983b9-4fb3-4da4-9099-6185b7f6dd58","ID":"7d40f4f5-71c0-4d26-b751-b2c4335fc113","childs":null,"emcosID":null,"emcosMLID":null,"codMaketTEP":null,"codTEP":null,"WSName":"DB","rangeAddress":"$HI$353:$HI$390","headAddress":"$HI$353","bodyAddress":"$HI$354:$HI$390","_name":"корректировка факт"},"ручное":{"_level":2,"parentID":"abdaa08b-4f25-4c6d-b917-ef6bfdb6dc31","firstParentID":"368983b9-4fb3-4da4-9099-6185b7f6dd58","ID":"bc05369b-9a0d-4d33-ba14-ab5d7cc24b03","childs":null,"emcosID":null,"emcosMLID":null,"codMaketTEP":null,"codTEP":null,"WSName":"DB","rangeAddress":"$HJ$353:$HJ$390","headAddress":"$HJ$353","bodyAddress":"$HJ$354:$HJ$390","_name":"ручное"},"оперативное":{"_level":2,"parentID":"abdaa08b-4f25-4c6d-b917-ef6bfdb6dc31","firstParentID":"368983b9-4fb3-4da4-9099-6185b7f6dd58","ID":"a594c91b-7cad-4963-8a30-d7d810fa679a","childs":null,"emcosID":null,"emcosMLID":null,"codMaketTEP":null,"codTEP":null,"WSName":"DB","rangeAddress":"$HK$353:$HK$390","headAddress":"$HK$353","bodyAddress":"$HK$354:$HK$390","_name":"оперативное"}},"emcosID":null,"emcosMLID":null,"codMaketTEP":null,"codTEP":null,"WSName":"DB","rangeAddress":"$HG$352:$HK$390","headAddress":"$HG$352:$HK$352","bodyAddress":"$HG$353:$HK$390","_name":"прием"},"отдача":{"_level":1,"parentID":"fba57c05-8be4-4361-a69a-50df9a3cfef8","firstParentID":"368983b9-4fb3-4da4-9099-6185b7f6dd58","ID":"7d4d6a21-35d4-4970-9bce-ed34f73474d0","childs":{"код":{"_level":2,"parentID":"7d4d6a21-35d4-4970-9bce-ed34f73474d0","firstParentID":"368983b9-4fb3-4da4-9099-6185b7f6dd58","ID":"0263e9e3-8b63-4a05-8c50-edbfcf335d09","childs":null,"emcosID":null,"emcosMLID":null,"codMaketTEP":null,"codTEP":null,"WSName":"DB","rangeAddress":"$HL$353:$HL$390","headAddress":"$HL$353","bodyAddress":"$HL$354:$HL$390","_name":"код"},"основное":{"_level":2,"parentID":"7d4d6a21-35d4-4970-9bce-ed34f73474d0","firstParentID":"368983b9-4fb3-4da4-9099-6185b7f6dd58","ID":"df8b911c-062f-4eee-aa80-8bf7d47dda9f","childs":null,"emcosID":null,"emcosMLID":null,"codMaketTEP":null,"codTEP":null,"WSName":"DB","rangeAddress":"$HM$353:$HM$390","headAddress":"$HM$353","bodyAddress":"$HM$354:$HM$390","_name":"основное"},"корректировка факт":{"_level":2,"parentID":"7d4d6a21-35d4-4970-9bce-ed34f73474d0","firstParentID":"368983b9-4fb3-4da4-9099-6185b7f6dd58","ID":"f052c7aa-97de-4d23-8f93-898c6789fa2c","childs":null,"emcosID":null,"emcosMLID":null,"codMaketTEP":null,"codTEP":null,"WSName":"DB","rangeAddress":"$HN$353:$HN$390","headAddress":"$HN$353","bodyAddress":"$HN$354:$HN$390","_name":"корректировка факт"},"ручное":{"_level":2,"parentID":"7d4d6a21-35d4-4970-9bce-ed34f73474d0","firstParentID":"368983b9-4fb3-4da4-9099-6185b7f6dd58","ID":"949974b1-f184-46f3-adac-a2817cb05aa0","childs":null,"emcosID":null,"emcosMLID":null,"codMaketTEP":null,"codTEP":null,"WSName":"DB","rangeAddress":"$HO$353:$HO$390","headAddress":"$HO$353","bodyAddress":"$HO$354:$HO$390","_name":"ручное"},"оперативное":{"_level":2,"parentID":"7d4d6a21-35d4-4970-9bce-ed34f73474d0","firstParentID":"368983b9-4fb3-4da4-9099-6185b7f6dd58","ID":"8a64e3fd-8c07-4e2b-9f8a-45832ce7501d","childs":null,"emcosID":null,"emcosMLID":null,"codMaketTEP":null,"codTEP":null,"WSName":"DB","rangeAddress":"$HP$353:$HP$390","headAddress":"$HP$353","bodyAddress":"$HP$354:$HP$390","_name":"оперативное"}},"emcosID":null,"emcosMLID":null,"codMaketTEP":null,"codTEP":null,"WSName":"DB","rangeAddress":"$HL$352:$HP$390","headAddress":"$HL$352:$HP$352","bodyAddress":"$HL$353:$HP$390","_name":"отдача"}},"emcosID":null,"emcosMLID":null,"codMaketTEP":null,"codTEP":null,"WSName":"DB","rangeAddress":"$HG$351:$HP$390","headAddress":"$HG$351:$HP$351","bodyAddress":"$HG$352:$HP$390","_name":"АТ2 Капчагайская 62А"}},"codPlan":null,"meterCoef":null,"_name":"АТ2 Капчагайская 62А"}