{"ID":"386aa80f-bad7-42b6-87df-847c7af7b72a","childs":{"PS":{"_level":0,"parentID":"386aa80f-bad7-42b6-87df-847c7af7b72a","firstParentID":"386aa80f-bad7-42b6-87df-847c7af7b72a","ID":"c1eb889a-f699-4639-b831-bcabe3c9bfe2","childs":{"прием":{"_level":1,"parentID":"c1eb889a-f699-4639-b831-bcabe3c9bfe2","firstParentID":"386aa80f-bad7-42b6-87df-847c7af7b72a","ID":"bb82613d-953f-4a4a-bfd0-fd0d8883e528","childs":{"ручное":{"_level":2,"parentID":"bb82613d-953f-4a4a-bfd0-fd0d8883e528","firstParentID":"386aa80f-bad7-42b6-87df-847c7af7b72a","ID":"68ea074a-e34d-4c3e-b33a-ad99d434a55b","childs":null,"emcosID":null,"emcosMLID":null,"codMaketTEP":null,"codTEP":null,"WSName":"PS","rangeAddress":"$HK$99:$HK$135","headAddress":"$HK$99","bodyAddress":"$HK$100:$HK$135","_name":"ручное"}},"emcosID":null,"emcosMLID":null,"codMaketTEP":null,"codTEP":null,"WSName":"PS","rangeAddress":"$HK$98:$HK$135","headAddress":"$HK$98","bodyAddress":"$HK$99:$HK$135","_name":"прием"},"отдача":{"_level":1,"parentID":"c1eb889a-f699-4639-b831-bcabe3c9bfe2","firstParentID":"386aa80f-bad7-42b6-87df-847c7af7b72a","ID":"fdc0580b-e855-4c4e-9792-034bfba3fe5d","childs":{"ручное":{"_level":2,"parentID":"fdc0580b-e855-4c4e-9792-034bfba3fe5d","firstParentID":"386aa80f-bad7-42b6-87df-847c7af7b72a","ID":"025a36ac-aba6-49de-87f5-0baa652e2037","childs":null,"emcosID":null,"emcosMLID":null,"codMaketTEP":null,"codTEP":null,"WSName":"PS","rangeAddress":"$HL$99:$HL$135","headAddress":"$HL$99","bodyAddress":"$HL$100:$HL$135","_name":"ручное"}},"emcosID":null,"emcosMLID":null,"codMaketTEP":null,"codTEP":null,"WSName":"PS","rangeAddress":"$HL$98:$HL$135","headAddress":"$HL$98","bodyAddress":"$HL$99:$HL$135","_name":"отдача"}},"emcosID":null,"emcosMLID":null,"codMaketTEP":null,"codTEP":null,"WSName":"PS","rangeAddress":"$HK$97:$HL$135","headAddress":"$HK$97:$HL$97","bodyAddress":"$HK$98:$HL$135","_name":"Л2123 Робот 143А"},"DB":{"_level":0,"parentID":"386aa80f-bad7-42b6-87df-847c7af7b72a","firstParentID":"386aa80f-bad7-42b6-87df-847c7af7b72a","ID":"9eb70a6e-af60-4191-b8b3-fcbf8889223f","childs":{"прием":{"_level":1,"parentID":"9eb70a6e-af60-4191-b8b3-fcbf8889223f","firstParentID":"386aa80f-bad7-42b6-87df-847c7af7b72a","ID":"a5dad230-c5a3-484e-955e-54c9550438f0","childs":{"код":{"_level":2,"parentID":"a5dad230-c5a3-484e-955e-54c9550438f0","firstParentID":"386aa80f-bad7-42b6-87df-847c7af7b72a","ID":"7bab52fd-3562-49ef-9545-931385fee36a","childs":null,"emcosID":null,"emcosMLID":null,"codMaketTEP":null,"codTEP":null,"WSName":"DB","rangeAddress":"$DS$95:$DS$132","headAddress":"$DS$95","bodyAddress":"$DS$96:$DS$132","_name":"код"},"основное":{"_level":2,"parentID":"a5dad230-c5a3-484e-955e-54c9550438f0","firstParentID":"386aa80f-bad7-42b6-87df-847c7af7b72a","ID":"b9616cdd-40a6-4447-92e7-226ad7998044","childs":null,"emcosID":null,"emcosMLID":null,"codMaketTEP":null,"codTEP":null,"WSName":"DB","rangeAddress":"$DT$95:$DT$132","headAddress":"$DT$95","bodyAddress":"$DT$96:$DT$132","_name":"основное"},"корректировка факт":{"_level":2,"parentID":"a5dad230-c5a3-484e-955e-54c9550438f0","firstParentID":"386aa80f-bad7-42b6-87df-847c7af7b72a","ID":"1841a999-794c-48fe-911f-a4dd0293e955","childs":null,"emcosID":null,"emcosMLID":null,"codMaketTEP":null,"codTEP":null,"WSName":"DB","rangeAddress":"$DU$95:$DU$132","headAddress":"$DU$95","bodyAddress":"$DU$96:$DU$132","_name":"корректировка факт"},"ручное":{"_level":2,"parentID":"a5dad230-c5a3-484e-955e-54c9550438f0","firstParentID":"386aa80f-bad7-42b6-87df-847c7af7b72a","ID":"6c1d3131-d368-4186-a917-2e9d0b5ab27c","childs":null,"emcosID":null,"emcosMLID":null,"codMaketTEP":null,"codTEP":null,"WSName":"DB","rangeAddress":"$DV$95:$DV$132","headAddress":"$DV$95","bodyAddress":"$DV$96:$DV$132","_name":"ручное"}},"emcosID":null,"emcosMLID":null,"codMaketTEP":null,"codTEP":null,"WSName":"DB","rangeAddress":"$DS$94:$DV$132","headAddress":"$DS$94:$DV$94","bodyAddress":"$DS$95:$DV$132","_name":"прием"},"отдача":{"_level":1,"parentID":"9eb70a6e-af60-4191-b8b3-fcbf8889223f","firstParentID":"386aa80f-bad7-42b6-87df-847c7af7b72a","ID":"533bc32d-483a-470d-a6da-f55d9e508754","childs":{"код":{"_level":2,"parentID":"533bc32d-483a-470d-a6da-f55d9e508754","firstParentID":"386aa80f-bad7-42b6-87df-847c7af7b72a","ID":"6b087d1b-3dfa-4425-acac-10acdf773633","childs":null,"emcosID":null,"emcosMLID":null,"codMaketTEP":null,"codTEP":null,"WSName":"DB","rangeAddress":"$DW$95:$DW$132","headAddress":"$DW$95","bodyAddress":"$DW$96:$DW$132","_name":"код"},"основное":{"_level":2,"parentID":"533bc32d-483a-470d-a6da-f55d9e508754","firstParentID":"386aa80f-bad7-42b6-87df-847c7af7b72a","ID":"72ce1325-fca6-4451-b8a5-43640ce013ea","childs":null,"emcosID":null,"emcosMLID":null,"codMaketTEP":null,"codTEP":null,"WSName":"DB","rangeAddress":"$DX$95:$DX$132","headAddress":"$DX$95","bodyAddress":"$DX$96:$DX$132","_name":"основное"},"корректировка факт":{"_level":2,"parentID":"533bc32d-483a-470d-a6da-f55d9e508754","firstParentID":"386aa80f-bad7-42b6-87df-847c7af7b72a","ID":"0406309d-3568-4753-a89a-849fd4ad6994","childs":null,"emcosID":null,"emcosMLID":null,"codMaketTEP":null,"codTEP":null,"WSName":"DB","rangeAddress":"$DY$95:$DY$132","headAddress":"$DY$95","bodyAddress":"$DY$96:$DY$132","_name":"корректировка факт"},"ручное":{"_level":2,"parentID":"533bc32d-483a-470d-a6da-f55d9e508754","firstParentID":"386aa80f-bad7-42b6-87df-847c7af7b72a","ID":"afabff1d-7232-49b9-94f9-c4a282fec60e","childs":null,"emcosID":null,"emcosMLID":null,"codMaketTEP":null,"codTEP":null,"WSName":"DB","rangeAddress":"$DZ$95:$DZ$132","headAddress":"$DZ$95","bodyAddress":"$DZ$96:$DZ$132","_name":"ручное"}},"emcosID":null,"emcosMLID":null,"codMaketTEP":null,"codTEP":null,"WSName":"DB","rangeAddress":"$DW$94:$DZ$132","headAddress":"$DW$94:$DZ$94","bodyAddress":"$DW$95:$DZ$132","_name":"отдача"}},"emcosID":null,"emcosMLID":null,"codMaketTEP":null,"codTEP":null,"WSName":"DB","rangeAddress":"$DS$93:$DZ$132","headAddress":"$DS$93:$DZ$93","bodyAddress":"$DS$94:$DZ$132","_name":"Л2123 Робот 143А"}},"codPlan":null,"meterCoef":null,"_name":"Л2123 Робот 143А"}