{"ID":"3ae205af-d1b5-4226-a6f3-818f633a860f","childs":{"PS":{"_level":0,"parentID":"3ae205af-d1b5-4226-a6f3-818f633a860f","firstParentID":"3ae205af-d1b5-4226-a6f3-818f633a860f","ID":"7449a1ea-bf5e-451c-b7af-4942a6a86457","childs":{"сальдо":{"_level":1,"parentID":"7449a1ea-bf5e-451c-b7af-4942a6a86457","firstParentID":"3ae205af-d1b5-4226-a6f3-818f633a860f","ID":"97d96bc1-e44e-427a-a666-8334667951ff","childs":{"формула":{"_level":2,"parentID":"97d96bc1-e44e-427a-a666-8334667951ff","firstParentID":"3ae205af-d1b5-4226-a6f3-818f633a860f","ID":"0f50842a-7878-472c-a1a6-7de4921896e4","childs":null,"emcosID":null,"emcosMLID":null,"codMaketTEP":null,"codTEP":null,"WSName":"PS","rangeAddress":"$Q$13:$Q$49","headAddress":"$Q$13","bodyAddress":"$Q$14:$Q$49","_name":"формула"}},"emcosID":null,"emcosMLID":null,"codMaketTEP":null,"codTEP":null,"WSName":"PS","rangeAddress":"$Q$12:$Q$49","headAddress":"$Q$12","bodyAddress":"$Q$13:$Q$49","_name":"сальдо"}},"emcosID":null,"emcosMLID":null,"codMaketTEP":null,"codTEP":null,"WSName":"PS","rangeAddress":"$Q$11:$Q$49","headAddress":"$Q$11","bodyAddress":"$Q$12:$Q$49","_name":"Сальдо АЖК Общее"},"DB":{"_level":0,"parentID":"3ae205af-d1b5-4226-a6f3-818f633a860f","firstParentID":"3ae205af-d1b5-4226-a6f3-818f633a860f","ID":"6646e26f-ee91-4063-a72b-41b5ddd19325","childs":{"сальдо":{"_level":1,"parentID":"6646e26f-ee91-4063-a72b-41b5ddd19325","firstParentID":"3ae205af-d1b5-4226-a6f3-818f633a860f","ID":"ef3b3473-258f-4d3a-9321-799b25173e8e","childs":{"код":{"_level":2,"parentID":"ef3b3473-258f-4d3a-9321-799b25173e8e","firstParentID":"3ae205af-d1b5-4226-a6f3-818f633a860f","ID":"1572ec74-f87d-4dd8-8b23-c3664c7539a1","childs":null,"emcosID":null,"emcosMLID":null,"codMaketTEP":null,"codTEP":null,"WSName":"DB","rangeAddress":"$DG$138:$DG$175","headAddress":"$DG$138","bodyAddress":"$DG$139:$DG$175","_name":"код"},"основное":{"_level":2,"parentID":"ef3b3473-258f-4d3a-9321-799b25173e8e","firstParentID":"3ae205af-d1b5-4226-a6f3-818f633a860f","ID":"2e415747-ff00-458e-8d0d-7f0e6a5a50b3","childs":null,"emcosID":null,"emcosMLID":null,"codMaketTEP":null,"codTEP":null,"WSName":"DB","rangeAddress":"$DH$138:$DH$175","headAddress":"$DH$138","bodyAddress":"$DH$139:$DH$175","_name":"основное"},"корректировка факт":{"_level":2,"parentID":"ef3b3473-258f-4d3a-9321-799b25173e8e","firstParentID":"3ae205af-d1b5-4226-a6f3-818f633a860f","ID":"a4c52ce4-83d3-4f9c-ab54-c6e92dcfd73e","childs":null,"emcosID":null,"emcosMLID":null,"codMaketTEP":null,"codTEP":null,"WSName":"DB","rangeAddress":"$DI$138:$DI$175","headAddress":"$DI$138","bodyAddress":"$DI$139:$DI$175","_name":"корректировка факт"},"ручное":{"_level":2,"parentID":"ef3b3473-258f-4d3a-9321-799b25173e8e","firstParentID":"3ae205af-d1b5-4226-a6f3-818f633a860f","ID":"164d4219-7914-4517-ad9e-da1d299daa16","childs":null,"emcosID":null,"emcosMLID":null,"codMaketTEP":null,"codTEP":null,"WSName":"DB","rangeAddress":"$DJ$138:$DJ$175","headAddress":"$DJ$138","bodyAddress":"$DJ$139:$DJ$175","_name":"ручное"},"формула":{"_level":2,"parentID":"ef3b3473-258f-4d3a-9321-799b25173e8e","firstParentID":"3ae205af-d1b5-4226-a6f3-818f633a860f","ID":"4c373aee-4ab9-4913-9e35-edd2d7db4f2e","childs":null,"emcosID":null,"emcosMLID":null,"codMaketTEP":null,"codTEP":null,"WSName":"DB","rangeAddress":"$DK$138:$DK$175","headAddress":"$DK$138","bodyAddress":"$DK$139:$DK$175","_name":"формула"}},"emcosID":null,"emcosMLID":null,"codMaketTEP":null,"codTEP":null,"WSName":"DB","rangeAddress":"$DG$137:$DK$175","headAddress":"$DG$137:$DK$137","bodyAddress":"$DG$138:$DK$175","_name":"сальдо"}},"emcosID":null,"emcosMLID":null,"codMaketTEP":null,"codTEP":null,"WSName":"DB","rangeAddress":"$DG$136:$DK$175","headAddress":"$DG$136:$DK$136","bodyAddress":"$DG$137:$DK$175","_name":"Сальдо АЖК Общее"}},"codPlan":null,"meterCoef":null,"_name":"Сальдо АЖК Общее"}