{"ID":"3ae62194-cc1e-4b1c-b83a-b5e8fc8412ee","childs":{"PS":{"_level":0,"parentID":"3ae62194-cc1e-4b1c-b83a-b5e8fc8412ee","firstParentID":"3ae62194-cc1e-4b1c-b83a-b5e8fc8412ee","ID":"077fd979-8051-45c7-a097-070492eaec22","childs":{"отдача":{"_level":1,"parentID":"077fd979-8051-45c7-a097-070492eaec22","firstParentID":"3ae62194-cc1e-4b1c-b83a-b5e8fc8412ee","ID":"a9e5dac0-4e2f-4cb4-8087-6036c9e96267","childs":{"по счетчику":{"_level":2,"parentID":"a9e5dac0-4e2f-4cb4-8087-6036c9e96267","firstParentID":"3ae62194-cc1e-4b1c-b83a-b5e8fc8412ee","ID":"e7bf3e0a-82d8-4375-817d-37aab52c47a3","childs":null,"emcosID":null,"emcosMLID":null,"codMaketTEP":null,"codTEP":null,"WSName":"PS","rangeAddress":"$BF$99:$BF$135","headAddress":"$BF$99","bodyAddress":"$BF$100:$BF$135","_name":"по счетчику"}},"emcosID":null,"emcosMLID":null,"codMaketTEP":null,"codTEP":null,"WSName":"PS","rangeAddress":"$BF$98:$BF$135","headAddress":"$BF$98","bodyAddress":"$BF$99:$BF$135","_name":"отдача"}},"emcosID":null,"emcosMLID":null,"codMaketTEP":null,"codTEP":null,"WSName":"PS","rangeAddress":"$BF$97:$BF$135","headAddress":"$BF$97","bodyAddress":"$BF$98:$BF$135","_name":"Л8 ПС126 Талдыкорган"},"DB":{"_level":0,"parentID":"3ae62194-cc1e-4b1c-b83a-b5e8fc8412ee","firstParentID":"3ae62194-cc1e-4b1c-b83a-b5e8fc8412ee","ID":"2f2e4d08-0e01-418b-93d2-1b22f2d6b74c","childs":{"отдача":{"_level":1,"parentID":"2f2e4d08-0e01-418b-93d2-1b22f2d6b74c","firstParentID":"3ae62194-cc1e-4b1c-b83a-b5e8fc8412ee","ID":"9aa7b789-1250-4b81-9a48-ed939096f2c9","childs":{"код":{"_level":2,"parentID":"9aa7b789-1250-4b81-9a48-ed939096f2c9","firstParentID":"3ae62194-cc1e-4b1c-b83a-b5e8fc8412ee","ID":"784d9a99-ed94-4343-b509-7e56704cdb4e","childs":null,"emcosID":null,"emcosMLID":null,"codMaketTEP":null,"codTEP":null,"WSName":"DB","rangeAddress":"$C$353:$C$390","headAddress":"$C$353","bodyAddress":"$C$354:$C$390","_name":"код"},"основное":{"_level":2,"parentID":"9aa7b789-1250-4b81-9a48-ed939096f2c9","firstParentID":"3ae62194-cc1e-4b1c-b83a-b5e8fc8412ee","ID":"5df95f1b-7e17-4201-a699-1ca651cecd1a","childs":null,"emcosID":null,"emcosMLID":null,"codMaketTEP":null,"codTEP":null,"WSName":"DB","rangeAddress":"$D$353:$D$390","headAddress":"$D$353","bodyAddress":"$D$354:$D$390","_name":"основное"},"корректировка факт":{"_level":2,"parentID":"9aa7b789-1250-4b81-9a48-ed939096f2c9","firstParentID":"3ae62194-cc1e-4b1c-b83a-b5e8fc8412ee","ID":"3dc10b37-5f70-43e9-87b3-b19203ccdbbb","childs":null,"emcosID":null,"emcosMLID":null,"codMaketTEP":null,"codTEP":null,"WSName":"DB","rangeAddress":"$E$353:$E$390","headAddress":"$E$353","bodyAddress":"$E$354:$E$390","_name":"корректировка факт"},"ручное":{"_level":2,"parentID":"9aa7b789-1250-4b81-9a48-ed939096f2c9","firstParentID":"3ae62194-cc1e-4b1c-b83a-b5e8fc8412ee","ID":"79ad3310-dd63-4f9c-849e-a370d735e5cc","childs":null,"emcosID":null,"emcosMLID":null,"codMaketTEP":null,"codTEP":null,"WSName":"DB","rangeAddress":"$F$353:$F$390","headAddress":"$F$353","bodyAddress":"$F$354:$F$390","_name":"ручное"},"счетчик":{"_level":2,"parentID":"9aa7b789-1250-4b81-9a48-ed939096f2c9","firstParentID":"3ae62194-cc1e-4b1c-b83a-b5e8fc8412ee","ID":"7126e35f-1108-4a1b-9fa4-4696e75e7c69","childs":null,"emcosID":null,"emcosMLID":null,"codMaketTEP":null,"codTEP":null,"WSName":"DB","rangeAddress":"$G$353:$G$390","headAddress":"$G$353","bodyAddress":"$G$354:$G$390","_name":"счетчик"},"по счетчику":{"_level":2,"parentID":"9aa7b789-1250-4b81-9a48-ed939096f2c9","firstParentID":"3ae62194-cc1e-4b1c-b83a-b5e8fc8412ee","ID":"43e96f01-8149-40a9-9313-28ef5ee74bcc","childs":null,"emcosID":null,"emcosMLID":null,"codMaketTEP":null,"codTEP":null,"WSName":"DB","rangeAddress":"$H$353:$H$390","headAddress":"$H$353","bodyAddress":"$H$354:$H$390","_name":"по счетчику"}},"emcosID":null,"emcosMLID":null,"codMaketTEP":null,"codTEP":null,"WSName":"DB","rangeAddress":"$C$352:$H$390","headAddress":"$C$352:$H$352","bodyAddress":"$C$353:$H$390","_name":"отдача"}},"emcosID":null,"emcosMLID":null,"codMaketTEP":null,"codTEP":null,"WSName":"DB","rangeAddress":"$C$351:$H$390","headAddress":"$C$351:$H$351","bodyAddress":"$C$352:$H$390","_name":"Л8 ПС126 Талдыкорган"}},"codPlan":null,"meterCoef":"2","_name":"Л8 ПС126 Талдыкорган"}