{"ID":"3c0de697-84f2-45e3-87f8-f851fe2eff8e","childs":{"PS":{"_level":0,"parentID":"3c0de697-84f2-45e3-87f8-f851fe2eff8e","firstParentID":"3c0de697-84f2-45e3-87f8-f851fe2eff8e","ID":"d11ddc94-a964-491b-ba6a-b6a891b8b5a3","childs":{"прием":{"_level":1,"parentID":"d11ddc94-a964-491b-ba6a-b6a891b8b5a3","firstParentID":"3c0de697-84f2-45e3-87f8-f851fe2eff8e","ID":"dd90228b-3666-4284-9771-3192b6b3b41d","childs":{"по плану":{"_level":2,"parentID":"dd90228b-3666-4284-9771-3192b6b3b41d","firstParentID":"3c0de697-84f2-45e3-87f8-f851fe2eff8e","ID":"8bd94fc3-144f-4fe8-a868-0b73c9f30a8d","childs":null,"emcosID":null,"emcosMLID":null,"codMaketTEP":null,"codTEP":null,"WSName":"PS","rangeAddress":"$AE$185:$AE$221","headAddress":"$AE$185","bodyAddress":"$AE$186:$AE$221","_name":"по плану"}},"emcosID":null,"emcosMLID":null,"codMaketTEP":null,"codTEP":null,"WSName":"PS","rangeAddress":"$AE$184:$AE$221","headAddress":"$AE$184","bodyAddress":"$AE$185:$AE$221","_name":"прием"},"план":{"_level":1,"parentID":"d11ddc94-a964-491b-ba6a-b6a891b8b5a3","firstParentID":"3c0de697-84f2-45e3-87f8-f851fe2eff8e","ID":"d5eff10e-f984-4c6d-9d93-2eea427a2faf","childs":{"заявка":{"_level":2,"parentID":"d5eff10e-f984-4c6d-9d93-2eea427a2faf","firstParentID":"3c0de697-84f2-45e3-87f8-f851fe2eff8e","ID":"d57a2bca-8faf-4afe-9861-948adae7dffa","childs":null,"emcosID":null,"emcosMLID":null,"codMaketTEP":null,"codTEP":null,"WSName":"PS","rangeAddress":"$AF$185:$AF$221","headAddress":"$AF$185","bodyAddress":"$AF$186:$AF$221","_name":"заявка"}},"emcosID":null,"emcosMLID":null,"codMaketTEP":null,"codTEP":null,"WSName":"PS","rangeAddress":"$AF$184:$AF$221","headAddress":"$AF$184","bodyAddress":"$AF$185:$AF$221","_name":"план"}},"emcosID":null,"emcosMLID":null,"codMaketTEP":null,"codTEP":null,"WSName":"PS","rangeAddress":"$AE$183:$AF$221","headAddress":"$AE$183:$AF$183","bodyAddress":"$AE$184:$AF$221","_name":"Потребление Энергоснаб XXI Алматы"},"DB":{"_level":0,"parentID":"3c0de697-84f2-45e3-87f8-f851fe2eff8e","firstParentID":"3c0de697-84f2-45e3-87f8-f851fe2eff8e","ID":"29ff2dc1-c950-4f73-9e1e-c0f0991633dc","childs":{"прием":{"_level":1,"parentID":"29ff2dc1-c950-4f73-9e1e-c0f0991633dc","firstParentID":"3c0de697-84f2-45e3-87f8-f851fe2eff8e","ID":"51bb5482-c8f0-4cac-81c4-13007089b1bb","childs":{"код":{"_level":2,"parentID":"51bb5482-c8f0-4cac-81c4-13007089b1bb","firstParentID":"3c0de697-84f2-45e3-87f8-f851fe2eff8e","ID":"5c891d95-b92b-48cd-9d2a-e371e1e004ec","childs":null,"emcosID":null,"emcosMLID":null,"codMaketTEP":null,"codTEP":null,"WSName":"DB","rangeAddress":"$HE$439:$HE$476","headAddress":"$HE$439","bodyAddress":"$HE$440:$HE$476","_name":"код"},"основное":{"_level":2,"parentID":"51bb5482-c8f0-4cac-81c4-13007089b1bb","firstParentID":"3c0de697-84f2-45e3-87f8-f851fe2eff8e","ID":"9ea35bc5-378a-4ae3-8248-0706d711deda","childs":null,"emcosID":null,"emcosMLID":null,"codMaketTEP":null,"codTEP":null,"WSName":"DB","rangeAddress":"$HF$439:$HF$476","headAddress":"$HF$439","bodyAddress":"$HF$440:$HF$476","_name":"основное"},"корректировка факт":{"_level":2,"parentID":"51bb5482-c8f0-4cac-81c4-13007089b1bb","firstParentID":"3c0de697-84f2-45e3-87f8-f851fe2eff8e","ID":"52367c10-3465-42ce-9f55-e72ede73fd32","childs":null,"emcosID":null,"emcosMLID":null,"codMaketTEP":null,"codTEP":null,"WSName":"DB","rangeAddress":"$HG$439:$HG$476","headAddress":"$HG$439","bodyAddress":"$HG$440:$HG$476","_name":"корректировка факт"},"ручное":{"_level":2,"parentID":"51bb5482-c8f0-4cac-81c4-13007089b1bb","firstParentID":"3c0de697-84f2-45e3-87f8-f851fe2eff8e","ID":"b305d211-297d-48bd-bfa5-ad2e21bea22d","childs":null,"emcosID":null,"emcosMLID":null,"codMaketTEP":null,"codTEP":null,"WSName":"DB","rangeAddress":"$HH$439:$HH$476","headAddress":"$HH$439","bodyAddress":"$HH$440:$HH$476","_name":"ручное"},"по плану":{"_level":2,"parentID":"51bb5482-c8f0-4cac-81c4-13007089b1bb","firstParentID":"3c0de697-84f2-45e3-87f8-f851fe2eff8e","ID":"70cbc0d9-132d-4908-bcd1-04d70ac80343","childs":null,"emcosID":null,"emcosMLID":null,"codMaketTEP":null,"codTEP":null,"WSName":"DB","rangeAddress":"$HI$439:$HI$476","headAddress":"$HI$439","bodyAddress":"$HI$440:$HI$476","_name":"по плану"}},"emcosID":null,"emcosMLID":null,"codMaketTEP":null,"codTEP":null,"WSName":"DB","rangeAddress":"$HE$438:$HI$476","headAddress":"$HE$438:$HI$438","bodyAddress":"$HE$439:$HI$476","_name":"прием"},"план":{"_level":1,"parentID":"29ff2dc1-c950-4f73-9e1e-c0f0991633dc","firstParentID":"3c0de697-84f2-45e3-87f8-f851fe2eff8e","ID":"eed66fbc-9213-4600-93a6-859caf1f5e22","childs":{"код":{"_level":2,"parentID":"eed66fbc-9213-4600-93a6-859caf1f5e22","firstParentID":"3c0de697-84f2-45e3-87f8-f851fe2eff8e","ID":"f84769ea-5cec-4670-8a0d-13d8a352bf8f","childs":null,"emcosID":null,"emcosMLID":null,"codMaketTEP":null,"codTEP":null,"WSName":"DB","rangeAddress":"$HJ$439:$HJ$476","headAddress":"$HJ$439","bodyAddress":"$HJ$440:$HJ$476","_name":"код"},"основное":{"_level":2,"parentID":"eed66fbc-9213-4600-93a6-859caf1f5e22","firstParentID":"3c0de697-84f2-45e3-87f8-f851fe2eff8e","ID":"b9b896ab-6e0e-4863-badb-4684083214a6","childs":null,"emcosID":null,"emcosMLID":null,"codMaketTEP":null,"codTEP":null,"WSName":"DB","rangeAddress":"$HK$439:$HK$476","headAddress":"$HK$439","bodyAddress":"$HK$440:$HK$476","_name":"основное"},"заявка":{"_level":2,"parentID":"eed66fbc-9213-4600-93a6-859caf1f5e22","firstParentID":"3c0de697-84f2-45e3-87f8-f851fe2eff8e","ID":"aade4384-592b-49b2-8874-1efe57e31bfb","childs":null,"emcosID":null,"emcosMLID":null,"codMaketTEP":null,"codTEP":null,"WSName":"DB","rangeAddress":"$HL$439:$HL$476","headAddress":"$HL$439","bodyAddress":"$HL$440:$HL$476","_name":"заявка"},"утвержденный":{"_level":2,"parentID":"eed66fbc-9213-4600-93a6-859caf1f5e22","firstParentID":"3c0de697-84f2-45e3-87f8-f851fe2eff8e","ID":"b22c6dfc-5969-4f2f-84f0-e27adb5dc395","childs":null,"emcosID":null,"emcosMLID":null,"codMaketTEP":null,"codTEP":null,"WSName":"DB","rangeAddress":"$HM$439:$HM$476","headAddress":"$HM$439","bodyAddress":"$HM$440:$HM$476","_name":"утвержденный"},"корректировка":{"_level":2,"parentID":"eed66fbc-9213-4600-93a6-859caf1f5e22","firstParentID":"3c0de697-84f2-45e3-87f8-f851fe2eff8e","ID":"19c36d5c-4055-4c01-a862-3d2c3c6124c7","childs":null,"emcosID":null,"emcosMLID":null,"codMaketTEP":null,"codTEP":null,"WSName":"DB","rangeAddress":"$HN$439:$HN$476","headAddress":"$HN$439","bodyAddress":"$HN$440:$HN$476","_name":"корректировка"}},"emcosID":null,"emcosMLID":null,"codMaketTEP":null,"codTEP":null,"WSName":"DB","rangeAddress":"$HJ$438:$HN$476","headAddress":"$HJ$438:$HN$438","bodyAddress":"$HJ$439:$HN$476","_name":"план"}},"emcosID":null,"emcosMLID":null,"codMaketTEP":null,"codTEP":null,"WSName":"DB","rangeAddress":"$HE$437:$HN$476","headAddress":"$HE$437:$HN$437","bodyAddress":"$HE$438:$HN$476","_name":"Потребление Энергоснаб XXI Алматы"}},"codPlan":97,"meterCoef":null,"_name":"Потребление Энергоснаб XXI Алматы"}