{"ID":"3faa9c7f-5674-488e-91b9-4d23a011ad31","childs":{"PS":{"_level":0,"parentID":"3faa9c7f-5674-488e-91b9-4d23a011ad31","firstParentID":"3faa9c7f-5674-488e-91b9-4d23a011ad31","ID":"bb3d1199-6ff0-40a7-b886-a2fd350922af","childs":{"отдача":{"_level":1,"parentID":"bb3d1199-6ff0-40a7-b886-a2fd350922af","firstParentID":"3faa9c7f-5674-488e-91b9-4d23a011ad31","ID":"95148afd-67d6-4b46-abfb-4bd9a50fd675","childs":{"формула":{"_level":2,"parentID":"95148afd-67d6-4b46-abfb-4bd9a50fd675","firstParentID":"3faa9c7f-5674-488e-91b9-4d23a011ad31","ID":"eda812c0-d86a-41ef-b967-8e713c16eb3c","childs":null,"emcosID":null,"emcosMLID":null,"codMaketTEP":null,"codTEP":null,"WSName":"PS","rangeAddress":"$BA$228:$BA$264","headAddress":"$BA$228","bodyAddress":"$BA$229:$BA$264","_name":"формула"}},"emcosID":null,"emcosMLID":null,"codMaketTEP":null,"codTEP":null,"WSName":"PS","rangeAddress":"$BA$227:$BA$264","headAddress":"$BA$227","bodyAddress":"$BA$228:$BA$264","_name":"отдача"}},"emcosID":null,"emcosMLID":null,"codMaketTEP":null,"codTEP":null,"WSName":"PS","rangeAddress":"$BA$226:$BA$264","headAddress":"$BA$226","bodyAddress":"$BA$227:$BA$264","_name":"Отпуск в сеть Текелиский ТЭЦ2 ТТЭЦ2"},"DB":{"_level":0,"parentID":"3faa9c7f-5674-488e-91b9-4d23a011ad31","firstParentID":"3faa9c7f-5674-488e-91b9-4d23a011ad31","ID":"5edb59c5-0c98-4fad-91f7-16b1bb8196b2","childs":{"отдача":{"_level":1,"parentID":"5edb59c5-0c98-4fad-91f7-16b1bb8196b2","firstParentID":"3faa9c7f-5674-488e-91b9-4d23a011ad31","ID":"79eb45b6-d70f-46ca-956e-c592da64ad8a","childs":{"код":{"_level":2,"parentID":"79eb45b6-d70f-46ca-956e-c592da64ad8a","firstParentID":"3faa9c7f-5674-488e-91b9-4d23a011ad31","ID":"406700d1-774f-4d64-9f4c-a951023b9827","childs":null,"emcosID":null,"emcosMLID":null,"codMaketTEP":null,"codTEP":null,"WSName":"DB","rangeAddress":"$M$181:$M$218","headAddress":"$M$181","bodyAddress":"$M$182:$M$218","_name":"код"},"основное":{"_level":2,"parentID":"79eb45b6-d70f-46ca-956e-c592da64ad8a","firstParentID":"3faa9c7f-5674-488e-91b9-4d23a011ad31","ID":"af791ecd-9889-4497-be2d-c0a424bdd093","childs":null,"emcosID":null,"emcosMLID":null,"codMaketTEP":null,"codTEP":null,"WSName":"DB","rangeAddress":"$N$181:$N$218","headAddress":"$N$181","bodyAddress":"$N$182:$N$218","_name":"основное"},"корректировка факт":{"_level":2,"parentID":"79eb45b6-d70f-46ca-956e-c592da64ad8a","firstParentID":"3faa9c7f-5674-488e-91b9-4d23a011ad31","ID":"3e70a6fb-a0b5-4431-823d-6eec525553ba","childs":null,"emcosID":null,"emcosMLID":null,"codMaketTEP":null,"codTEP":null,"WSName":"DB","rangeAddress":"$O$181:$O$218","headAddress":"$O$181","bodyAddress":"$O$182:$O$218","_name":"корректировка факт"},"ручное":{"_level":2,"parentID":"79eb45b6-d70f-46ca-956e-c592da64ad8a","firstParentID":"3faa9c7f-5674-488e-91b9-4d23a011ad31","ID":"1562a2ae-1f70-4a42-bbdc-d358b42fb38b","childs":null,"emcosID":null,"emcosMLID":null,"codMaketTEP":null,"codTEP":null,"WSName":"DB","rangeAddress":"$P$181:$P$218","headAddress":"$P$181","bodyAddress":"$P$182:$P$218","_name":"ручное"},"формула":{"_level":2,"parentID":"79eb45b6-d70f-46ca-956e-c592da64ad8a","firstParentID":"3faa9c7f-5674-488e-91b9-4d23a011ad31","ID":"4e16ccee-357c-464f-93d7-7afea1a5faef","childs":null,"emcosID":null,"emcosMLID":null,"codMaketTEP":null,"codTEP":null,"WSName":"DB","rangeAddress":"$Q$181:$Q$218","headAddress":"$Q$181","bodyAddress":"$Q$182:$Q$218","_name":"формула"}},"emcosID":null,"emcosMLID":null,"codMaketTEP":null,"codTEP":null,"WSName":"DB","rangeAddress":"$M$180:$Q$218","headAddress":"$M$180:$Q$180","bodyAddress":"$M$181:$Q$218","_name":"отдача"}},"emcosID":null,"emcosMLID":null,"codMaketTEP":null,"codTEP":null,"WSName":"DB","rangeAddress":"$M$179:$Q$218","headAddress":"$M$179:$Q$179","bodyAddress":"$M$180:$Q$218","_name":"Отпуск в сеть Текелиский ТЭЦ2 ТТЭЦ2"}},"codPlan":null,"meterCoef":null,"_name":"Отпуск в сеть Текелиский ТЭЦ2 ТТЭЦ2"}