{"ID":"404adf5b-b062-4e3a-9a82-2f1a4904940f","childs":{"PS":{"_level":0,"parentID":"404adf5b-b062-4e3a-9a82-2f1a4904940f","firstParentID":"404adf5b-b062-4e3a-9a82-2f1a4904940f","ID":"691be6f9-ee6b-4ed0-a08c-d277f601ee8d","childs":{"прием":{"_level":1,"parentID":"691be6f9-ee6b-4ed0-a08c-d277f601ee8d","firstParentID":"404adf5b-b062-4e3a-9a82-2f1a4904940f","ID":"2448d40d-97b4-471a-9812-9f4fee47b1bc","childs":{"ручное":{"_level":2,"parentID":"2448d40d-97b4-471a-9812-9f4fee47b1bc","firstParentID":"404adf5b-b062-4e3a-9a82-2f1a4904940f","ID":"8d3fd829-1ef7-4b9f-94ee-229fe7472411","childs":null,"emcosID":null,"emcosMLID":null,"codMaketTEP":null,"codTEP":null,"WSName":"PS","rangeAddress":"$BA$185:$BA$221","headAddress":"$BA$185","bodyAddress":"$BA$186:$BA$221","_name":"ручное"}},"emcosID":null,"emcosMLID":null,"codMaketTEP":null,"codTEP":null,"WSName":"PS","rangeAddress":"$BA$184:$BA$221","headAddress":"$BA$184","bodyAddress":"$BA$185:$BA$221","_name":"прием"},"план":{"_level":1,"parentID":"691be6f9-ee6b-4ed0-a08c-d277f601ee8d","firstParentID":"404adf5b-b062-4e3a-9a82-2f1a4904940f","ID":"470a907a-406f-4b8b-b440-ece03974b9eb","childs":{"заявка":{"_level":2,"parentID":"470a907a-406f-4b8b-b440-ece03974b9eb","firstParentID":"404adf5b-b062-4e3a-9a82-2f1a4904940f","ID":"e733db87-aa61-4bce-8759-6429fe7f9423","childs":null,"emcosID":null,"emcosMLID":null,"codMaketTEP":null,"codTEP":null,"WSName":"PS","rangeAddress":"$BB$185:$BB$221","headAddress":"$BB$185","bodyAddress":"$BB$186:$BB$221","_name":"заявка"}},"emcosID":null,"emcosMLID":null,"codMaketTEP":null,"codTEP":null,"WSName":"PS","rangeAddress":"$BB$184:$BB$221","headAddress":"$BB$184","bodyAddress":"$BB$185:$BB$221","_name":"план"}},"emcosID":null,"emcosMLID":null,"codMaketTEP":null,"codTEP":null,"WSName":"PS","rangeAddress":"$BA$183:$BB$221","headAddress":"$BA$183:$BB$183","bodyAddress":"$BA$184:$BB$221","_name":"Потребление Росэлко трэйд Алматы"},"DB":{"_level":0,"parentID":"404adf5b-b062-4e3a-9a82-2f1a4904940f","firstParentID":"404adf5b-b062-4e3a-9a82-2f1a4904940f","ID":"cccebc89-5bb4-4466-8c29-e5f53e722edd","childs":{"прием":{"_level":1,"parentID":"cccebc89-5bb4-4466-8c29-e5f53e722edd","firstParentID":"404adf5b-b062-4e3a-9a82-2f1a4904940f","ID":"3e5d37d3-d087-4351-92d6-d4e74a69a33f","childs":{"код":{"_level":2,"parentID":"3e5d37d3-d087-4351-92d6-d4e74a69a33f","firstParentID":"404adf5b-b062-4e3a-9a82-2f1a4904940f","ID":"6cb24501-32f6-4946-91a4-6c9cb81f837d","childs":null,"emcosID":null,"emcosMLID":null,"codMaketTEP":null,"codTEP":null,"WSName":"DB","rangeAddress":"$DH$439:$DH$476","headAddress":"$DH$439","bodyAddress":"$DH$440:$DH$476","_name":"код"},"основное":{"_level":2,"parentID":"3e5d37d3-d087-4351-92d6-d4e74a69a33f","firstParentID":"404adf5b-b062-4e3a-9a82-2f1a4904940f","ID":"43a57309-b820-451a-943a-d11a80033ae5","childs":null,"emcosID":null,"emcosMLID":null,"codMaketTEP":null,"codTEP":null,"WSName":"DB","rangeAddress":"$DI$439:$DI$476","headAddress":"$DI$439","bodyAddress":"$DI$440:$DI$476","_name":"основное"},"корректировка факт":{"_level":2,"parentID":"3e5d37d3-d087-4351-92d6-d4e74a69a33f","firstParentID":"404adf5b-b062-4e3a-9a82-2f1a4904940f","ID":"ebd395e2-adc8-4ba3-b2da-0ea912ad1e3b","childs":null,"emcosID":null,"emcosMLID":null,"codMaketTEP":null,"codTEP":null,"WSName":"DB","rangeAddress":"$DJ$439:$DJ$476","headAddress":"$DJ$439","bodyAddress":"$DJ$440:$DJ$476","_name":"корректировка факт"},"ручное":{"_level":2,"parentID":"3e5d37d3-d087-4351-92d6-d4e74a69a33f","firstParentID":"404adf5b-b062-4e3a-9a82-2f1a4904940f","ID":"ebfc9ba3-e2c8-4ebb-9341-94b72c87efa3","childs":null,"emcosID":null,"emcosMLID":null,"codMaketTEP":null,"codTEP":null,"WSName":"DB","rangeAddress":"$DK$439:$DK$476","headAddress":"$DK$439","bodyAddress":"$DK$440:$DK$476","_name":"ручное"},"по плану":{"_level":2,"parentID":"3e5d37d3-d087-4351-92d6-d4e74a69a33f","firstParentID":"404adf5b-b062-4e3a-9a82-2f1a4904940f","ID":"6399bb9b-3813-4107-b243-e8add048e228","childs":null,"emcosID":null,"emcosMLID":null,"codMaketTEP":null,"codTEP":null,"WSName":"DB","rangeAddress":"$DL$439:$DL$476","headAddress":"$DL$439","bodyAddress":"$DL$440:$DL$476","_name":"по плану"}},"emcosID":null,"emcosMLID":null,"codMaketTEP":null,"codTEP":null,"WSName":"DB","rangeAddress":"$DH$438:$DL$476","headAddress":"$DH$438:$DL$438","bodyAddress":"$DH$439:$DL$476","_name":"прием"},"план":{"_level":1,"parentID":"cccebc89-5bb4-4466-8c29-e5f53e722edd","firstParentID":"404adf5b-b062-4e3a-9a82-2f1a4904940f","ID":"6d2de050-7267-4b0a-9f6d-201dbb6504d3","childs":{"код":{"_level":2,"parentID":"6d2de050-7267-4b0a-9f6d-201dbb6504d3","firstParentID":"404adf5b-b062-4e3a-9a82-2f1a4904940f","ID":"ee7d67b3-8f30-41b6-9553-580fb282feb8","childs":null,"emcosID":null,"emcosMLID":null,"codMaketTEP":null,"codTEP":null,"WSName":"DB","rangeAddress":"$DM$439:$DM$476","headAddress":"$DM$439","bodyAddress":"$DM$440:$DM$476","_name":"код"},"основное":{"_level":2,"parentID":"6d2de050-7267-4b0a-9f6d-201dbb6504d3","firstParentID":"404adf5b-b062-4e3a-9a82-2f1a4904940f","ID":"b55de27b-ec95-4945-b0a7-26fdc32e435c","childs":null,"emcosID":null,"emcosMLID":null,"codMaketTEP":null,"codTEP":null,"WSName":"DB","rangeAddress":"$DN$439:$DN$476","headAddress":"$DN$439","bodyAddress":"$DN$440:$DN$476","_name":"основное"},"заявка":{"_level":2,"parentID":"6d2de050-7267-4b0a-9f6d-201dbb6504d3","firstParentID":"404adf5b-b062-4e3a-9a82-2f1a4904940f","ID":"bad9d802-777b-484f-a059-fafbe3f07b3e","childs":null,"emcosID":null,"emcosMLID":null,"codMaketTEP":null,"codTEP":null,"WSName":"DB","rangeAddress":"$DO$439:$DO$476","headAddress":"$DO$439","bodyAddress":"$DO$440:$DO$476","_name":"заявка"},"утвержденный":{"_level":2,"parentID":"6d2de050-7267-4b0a-9f6d-201dbb6504d3","firstParentID":"404adf5b-b062-4e3a-9a82-2f1a4904940f","ID":"18020594-08dc-4ca9-8ded-948add483ca5","childs":null,"emcosID":null,"emcosMLID":null,"codMaketTEP":null,"codTEP":null,"WSName":"DB","rangeAddress":"$DP$439:$DP$476","headAddress":"$DP$439","bodyAddress":"$DP$440:$DP$476","_name":"утвержденный"},"корректировка":{"_level":2,"parentID":"6d2de050-7267-4b0a-9f6d-201dbb6504d3","firstParentID":"404adf5b-b062-4e3a-9a82-2f1a4904940f","ID":"a73a2bf4-1cd2-4031-902f-134d6a37c9f0","childs":null,"emcosID":null,"emcosMLID":null,"codMaketTEP":null,"codTEP":null,"WSName":"DB","rangeAddress":"$DQ$439:$DQ$476","headAddress":"$DQ$439","bodyAddress":"$DQ$440:$DQ$476","_name":"корректировка"}},"emcosID":null,"emcosMLID":null,"codMaketTEP":null,"codTEP":null,"WSName":"DB","rangeAddress":"$DM$438:$DQ$476","headAddress":"$DM$438:$DQ$438","bodyAddress":"$DM$439:$DQ$476","_name":"план"}},"emcosID":null,"emcosMLID":null,"codMaketTEP":null,"codTEP":null,"WSName":"DB","rangeAddress":"$DH$437:$DQ$476","headAddress":"$DH$437:$DQ$437","bodyAddress":"$DH$438:$DQ$476","_name":"Потребление Росэлко трэйд Алматы"}},"codPlan":113,"meterCoef":null,"_name":"Потребление Росэлко трэйд Алматы"}