{"ID":"417b50ea-7f5f-44e1-b9ea-a008619d173a","childs":{"PS":{"_level":0,"parentID":"417b50ea-7f5f-44e1-b9ea-a008619d173a","firstParentID":"417b50ea-7f5f-44e1-b9ea-a008619d173a","ID":"f0a7d67b-4f5f-4921-b12f-c085e4e4465a","childs":{"прием":{"_level":1,"parentID":"f0a7d67b-4f5f-4921-b12f-c085e4e4465a","firstParentID":"417b50ea-7f5f-44e1-b9ea-a008619d173a","ID":"7d28336b-15ff-44bd-8ed6-e529a7e4359f","childs":{"ручное":{"_level":2,"parentID":"7d28336b-15ff-44bd-8ed6-e529a7e4359f","firstParentID":"417b50ea-7f5f-44e1-b9ea-a008619d173a","ID":"e63ec187-26b7-4186-808b-444dd7d2e13c","childs":null,"emcosID":null,"emcosMLID":null,"codMaketTEP":null,"codTEP":null,"WSName":"PS","rangeAddress":"$Z$13:$Z$49","headAddress":"$Z$13","bodyAddress":"$Z$14:$Z$49","_name":"ручное"}},"emcosID":null,"emcosMLID":null,"codMaketTEP":null,"codTEP":null,"WSName":"PS","rangeAddress":"$Z$12:$Z$49","headAddress":"$Z$12","bodyAddress":"$Z$13:$Z$49","_name":"прием"}},"emcosID":null,"emcosMLID":null,"codMaketTEP":null,"codTEP":null,"WSName":"PS","rangeAddress":"$Z$11:$Z$49","headAddress":"$Z$11","bodyAddress":"$Z$12:$Z$49","_name":"с.н. ПС АМЭС Общее"},"DB":{"_level":0,"parentID":"417b50ea-7f5f-44e1-b9ea-a008619d173a","firstParentID":"417b50ea-7f5f-44e1-b9ea-a008619d173a","ID":"42f6718a-7e5c-4376-956a-757fbaa0fb02","childs":{"прием":{"_level":1,"parentID":"42f6718a-7e5c-4376-956a-757fbaa0fb02","firstParentID":"417b50ea-7f5f-44e1-b9ea-a008619d173a","ID":"2aff6a9a-93cd-4e2e-8ff1-66caa13c3d2b","childs":{"код":{"_level":2,"parentID":"2aff6a9a-93cd-4e2e-8ff1-66caa13c3d2b","firstParentID":"417b50ea-7f5f-44e1-b9ea-a008619d173a","ID":"b802530c-93ac-4a59-8c1c-6efd02116368","childs":null,"emcosID":null,"emcosMLID":null,"codMaketTEP":null,"codTEP":null,"WSName":"DB","rangeAddress":"$CN$138:$CN$175","headAddress":"$CN$138","bodyAddress":"$CN$139:$CN$175","_name":"код"},"основное":{"_level":2,"parentID":"2aff6a9a-93cd-4e2e-8ff1-66caa13c3d2b","firstParentID":"417b50ea-7f5f-44e1-b9ea-a008619d173a","ID":"295f306a-35c3-4350-a8b3-4f3716cd0cfe","childs":null,"emcosID":null,"emcosMLID":null,"codMaketTEP":null,"codTEP":null,"WSName":"DB","rangeAddress":"$CO$138:$CO$175","headAddress":"$CO$138","bodyAddress":"$CO$139:$CO$175","_name":"основное"},"корректировка факт":{"_level":2,"parentID":"2aff6a9a-93cd-4e2e-8ff1-66caa13c3d2b","firstParentID":"417b50ea-7f5f-44e1-b9ea-a008619d173a","ID":"80124632-6d41-49f2-b196-88961b646b68","childs":null,"emcosID":null,"emcosMLID":null,"codMaketTEP":null,"codTEP":null,"WSName":"DB","rangeAddress":"$CP$138:$CP$175","headAddress":"$CP$138","bodyAddress":"$CP$139:$CP$175","_name":"корректировка факт"},"ручное":{"_level":2,"parentID":"2aff6a9a-93cd-4e2e-8ff1-66caa13c3d2b","firstParentID":"417b50ea-7f5f-44e1-b9ea-a008619d173a","ID":"28883dfe-a9f1-4cb5-801c-109729909ddc","childs":null,"emcosID":null,"emcosMLID":null,"codMaketTEP":null,"codTEP":null,"WSName":"DB","rangeAddress":"$CQ$138:$CQ$175","headAddress":"$CQ$138","bodyAddress":"$CQ$139:$CQ$175","_name":"ручное"}},"emcosID":null,"emcosMLID":null,"codMaketTEP":null,"codTEP":null,"WSName":"DB","rangeAddress":"$CN$137:$CQ$175","headAddress":"$CN$137:$CQ$137","bodyAddress":"$CN$138:$CQ$175","_name":"прием"}},"emcosID":null,"emcosMLID":null,"codMaketTEP":null,"codTEP":null,"WSName":"DB","rangeAddress":"$CN$136:$CQ$175","headAddress":"$CN$136:$CQ$136","bodyAddress":"$CN$137:$CQ$175","_name":"с.н. ПС АМЭС Общее"}},"codPlan":null,"meterCoef":null,"_name":"с.н. ПС АМЭС Общее"}