{"ID":"418ed2f0-262d-4d42-96f2-2f36e3ebd4e5","childs":{"PS":{"_level":0,"parentID":"418ed2f0-262d-4d42-96f2-2f36e3ebd4e5","firstParentID":"418ed2f0-262d-4d42-96f2-2f36e3ebd4e5","ID":"3ac90ebc-5a1e-40c3-b2fa-2bb2aca7f0fb","childs":{"отдача":{"_level":1,"parentID":"3ac90ebc-5a1e-40c3-b2fa-2bb2aca7f0fb","firstParentID":"418ed2f0-262d-4d42-96f2-2f36e3ebd4e5","ID":"50d41c59-ee14-491a-b7b7-46c416477025","childs":{"оперативное":{"_level":2,"parentID":"50d41c59-ee14-491a-b7b7-46c416477025","firstParentID":"418ed2f0-262d-4d42-96f2-2f36e3ebd4e5","ID":"ecf79dd5-2c65-4394-8235-8ea37cc56915","childs":null,"emcosID":null,"emcosMLID":null,"codMaketTEP":null,"codTEP":null,"WSName":"PS","rangeAddress":"$DT$185:$DT$221","headAddress":"$DT$185","bodyAddress":"$DT$186:$DT$221","_name":"оперативное"}},"emcosID":null,"emcosMLID":null,"codMaketTEP":null,"codTEP":null,"WSName":"PS","rangeAddress":"$DT$184:$DT$221","headAddress":"$DT$184","bodyAddress":"$DT$185:$DT$221","_name":"отдача"}},"emcosID":null,"emcosMLID":null,"codMaketTEP":null,"codTEP":null,"WSName":"PS","rangeAddress":"$DT$183:$DT$221","headAddress":"$DT$183","bodyAddress":"$DT$184:$DT$221","_name":"Генерация Almaty Engineering Талгарская ГЭС"},"DB":{"_level":0,"parentID":"418ed2f0-262d-4d42-96f2-2f36e3ebd4e5","firstParentID":"418ed2f0-262d-4d42-96f2-2f36e3ebd4e5","ID":"176205f0-e7e3-4a89-aec8-9c2820ec4351","childs":{"отдача":{"_level":1,"parentID":"176205f0-e7e3-4a89-aec8-9c2820ec4351","firstParentID":"418ed2f0-262d-4d42-96f2-2f36e3ebd4e5","ID":"633676fa-f1ec-4193-bb5b-4e38b5e7497c","childs":{"код":{"_level":2,"parentID":"633676fa-f1ec-4193-bb5b-4e38b5e7497c","firstParentID":"418ed2f0-262d-4d42-96f2-2f36e3ebd4e5","ID":"a14eb433-c529-4c74-8425-47f8de4389b6","childs":null,"emcosID":null,"emcosMLID":null,"codMaketTEP":null,"codTEP":null,"WSName":"DB","rangeAddress":"$FR$267:$FR$304","headAddress":"$FR$267","bodyAddress":"$FR$268:$FR$304","_name":"код"},"основное":{"_level":2,"parentID":"633676fa-f1ec-4193-bb5b-4e38b5e7497c","firstParentID":"418ed2f0-262d-4d42-96f2-2f36e3ebd4e5","ID":"c6d4ddb2-46af-43d3-a53a-155301132bd5","childs":null,"emcosID":null,"emcosMLID":null,"codMaketTEP":null,"codTEP":null,"WSName":"DB","rangeAddress":"$FS$267:$FS$304","headAddress":"$FS$267","bodyAddress":"$FS$268:$FS$304","_name":"основное"},"корректировка факт":{"_level":2,"parentID":"633676fa-f1ec-4193-bb5b-4e38b5e7497c","firstParentID":"418ed2f0-262d-4d42-96f2-2f36e3ebd4e5","ID":"8f112e03-9047-4b48-9e9c-7951726fdb2d","childs":null,"emcosID":null,"emcosMLID":null,"codMaketTEP":null,"codTEP":null,"WSName":"DB","rangeAddress":"$FT$267:$FT$304","headAddress":"$FT$267","bodyAddress":"$FT$268:$FT$304","_name":"корректировка факт"},"ручное":{"_level":2,"parentID":"633676fa-f1ec-4193-bb5b-4e38b5e7497c","firstParentID":"418ed2f0-262d-4d42-96f2-2f36e3ebd4e5","ID":"d200ceca-3ced-4b8b-9290-5fbfe177da73","childs":null,"emcosID":null,"emcosMLID":null,"codMaketTEP":null,"codTEP":null,"WSName":"DB","rangeAddress":"$FU$267:$FU$304","headAddress":"$FU$267","bodyAddress":"$FU$268:$FU$304","_name":"ручное"},"оперативное":{"_level":2,"parentID":"633676fa-f1ec-4193-bb5b-4e38b5e7497c","firstParentID":"418ed2f0-262d-4d42-96f2-2f36e3ebd4e5","ID":"cfef3e1d-8f77-4e9b-94f8-f45d1ec06d3a","childs":null,"emcosID":null,"emcosMLID":null,"codMaketTEP":null,"codTEP":null,"WSName":"DB","rangeAddress":"$FV$267:$FV$304","headAddress":"$FV$267","bodyAddress":"$FV$268:$FV$304","_name":"оперативное"}},"emcosID":null,"emcosMLID":null,"codMaketTEP":null,"codTEP":null,"WSName":"DB","rangeAddress":"$FR$266:$FV$304","headAddress":"$FR$266:$FV$266","bodyAddress":"$FR$267:$FV$304","_name":"отдача"}},"emcosID":null,"emcosMLID":null,"codMaketTEP":null,"codTEP":null,"WSName":"DB","rangeAddress":"$FR$265:$FV$304","headAddress":"$FR$265:$FV$265","bodyAddress":"$FR$266:$FV$304","_name":"Генерация Almaty Engineering Талгарская ГЭС"}},"codPlan":null,"meterCoef":null,"_name":"Генерация Almaty Engineering Талгарская ГЭС"}