{"ID":"41988751-cfab-4430-a8d9-b08e410cd031","childs":{"PS":{"_level":0,"parentID":"41988751-cfab-4430-a8d9-b08e410cd031","firstParentID":"41988751-cfab-4430-a8d9-b08e410cd031","ID":"9bcbc1de-b6c0-4a4d-93b2-9d84a54b240a","childs":{"прием":{"_level":1,"parentID":"9bcbc1de-b6c0-4a4d-93b2-9d84a54b240a","firstParentID":"41988751-cfab-4430-a8d9-b08e410cd031","ID":"ced59b01-d6f7-4a08-8346-2ebc36b7f164","childs":{"оперативное":{"_level":2,"parentID":"ced59b01-d6f7-4a08-8346-2ebc36b7f164","firstParentID":"41988751-cfab-4430-a8d9-b08e410cd031","ID":"ade055c3-fa39-42f3-9ab8-0ce735859096","childs":null,"emcosID":null,"emcosMLID":null,"codMaketTEP":null,"codTEP":null,"WSName":"PS","rangeAddress":"$Q$228:$Q$264","headAddress":"$Q$228","bodyAddress":"$Q$229:$Q$264","_name":"оперативное"}},"emcosID":null,"emcosMLID":null,"codMaketTEP":null,"codTEP":null,"WSName":"PS","rangeAddress":"$Q$227:$Q$264","headAddress":"$Q$227","bodyAddress":"$Q$228:$Q$264","_name":"прием"}},"emcosID":null,"emcosMLID":null,"codMaketTEP":null,"codTEP":null,"WSName":"PS","rangeAddress":"$Q$226:$Q$264","headAddress":"$Q$226","bodyAddress":"$Q$227:$Q$264","_name":"Потребление Кайнар АКБ"},"DB":{"_level":0,"parentID":"41988751-cfab-4430-a8d9-b08e410cd031","firstParentID":"41988751-cfab-4430-a8d9-b08e410cd031","ID":"eba42c0e-12ad-481d-9647-eb5b756b2895","childs":{"прием":{"_level":1,"parentID":"eba42c0e-12ad-481d-9647-eb5b756b2895","firstParentID":"41988751-cfab-4430-a8d9-b08e410cd031","ID":"e9073e66-b99e-47a8-b47a-a7fac4bb88e2","childs":{"код":{"_level":2,"parentID":"e9073e66-b99e-47a8-b47a-a7fac4bb88e2","firstParentID":"41988751-cfab-4430-a8d9-b08e410cd031","ID":"1a49cfcf-d5bc-4ac5-a477-07980f7a357d","childs":null,"emcosID":null,"emcosMLID":null,"codMaketTEP":null,"codTEP":null,"WSName":"DB","rangeAddress":"$FA$396:$FA$433","headAddress":"$FA$396","bodyAddress":"$FA$397:$FA$433","_name":"код"},"основное":{"_level":2,"parentID":"e9073e66-b99e-47a8-b47a-a7fac4bb88e2","firstParentID":"41988751-cfab-4430-a8d9-b08e410cd031","ID":"0d5de071-eb7b-4c97-83bd-fbe2f533f6b2","childs":null,"emcosID":null,"emcosMLID":null,"codMaketTEP":null,"codTEP":null,"WSName":"DB","rangeAddress":"$FB$396:$FB$433","headAddress":"$FB$396","bodyAddress":"$FB$397:$FB$433","_name":"основное"},"корректировка факт":{"_level":2,"parentID":"e9073e66-b99e-47a8-b47a-a7fac4bb88e2","firstParentID":"41988751-cfab-4430-a8d9-b08e410cd031","ID":"3402d436-8beb-4d90-b42a-be417d32b3e6","childs":null,"emcosID":null,"emcosMLID":null,"codMaketTEP":null,"codTEP":null,"WSName":"DB","rangeAddress":"$FC$396:$FC$433","headAddress":"$FC$396","bodyAddress":"$FC$397:$FC$433","_name":"корректировка факт"},"ручное":{"_level":2,"parentID":"e9073e66-b99e-47a8-b47a-a7fac4bb88e2","firstParentID":"41988751-cfab-4430-a8d9-b08e410cd031","ID":"bb94b96b-880c-43a9-9542-ec4ab51b1811","childs":null,"emcosID":null,"emcosMLID":null,"codMaketTEP":null,"codTEP":null,"WSName":"DB","rangeAddress":"$FD$396:$FD$433","headAddress":"$FD$396","bodyAddress":"$FD$397:$FD$433","_name":"ручное"},"оперативное":{"_level":2,"parentID":"e9073e66-b99e-47a8-b47a-a7fac4bb88e2","firstParentID":"41988751-cfab-4430-a8d9-b08e410cd031","ID":"9c5ef43e-dab1-4898-9266-a0d7163ae6d3","childs":null,"emcosID":null,"emcosMLID":null,"codMaketTEP":null,"codTEP":null,"WSName":"DB","rangeAddress":"$FE$396:$FE$433","headAddress":"$FE$396","bodyAddress":"$FE$397:$FE$433","_name":"оперативное"}},"emcosID":null,"emcosMLID":null,"codMaketTEP":null,"codTEP":null,"WSName":"DB","rangeAddress":"$FA$395:$FE$433","headAddress":"$FA$395:$FE$395","bodyAddress":"$FA$396:$FE$433","_name":"прием"}},"emcosID":null,"emcosMLID":null,"codMaketTEP":null,"codTEP":null,"WSName":"DB","rangeAddress":"$FA$394:$FE$433","headAddress":"$FA$394:$FE$394","bodyAddress":"$FA$395:$FE$433","_name":"Потребление Кайнар АКБ"}},"codPlan":null,"meterCoef":null,"_name":"Потребление Кайнар АКБ"}