{"ID":"425b6464-af5e-42b5-9401-872c8e026a47","childs":{"PS":{"_level":0,"parentID":"425b6464-af5e-42b5-9401-872c8e026a47","firstParentID":"425b6464-af5e-42b5-9401-872c8e026a47","ID":"99d89d75-62b2-45e5-a37e-bb3b5be8226b","childs":{"прием":{"_level":1,"parentID":"99d89d75-62b2-45e5-a37e-bb3b5be8226b","firstParentID":"425b6464-af5e-42b5-9401-872c8e026a47","ID":"ac8dde4d-fcd3-4d68-93e7-f8db233b85c2","childs":{"аскуэ":{"_level":2,"parentID":"ac8dde4d-fcd3-4d68-93e7-f8db233b85c2","firstParentID":"425b6464-af5e-42b5-9401-872c8e026a47","ID":"568a01bf-c2ef-486a-ad0f-d31604cb94da","childs":null,"emcosID":null,"emcosMLID":null,"codMaketTEP":null,"codTEP":null,"WSName":"PS","rangeAddress":"$IO$99:$IO$135","headAddress":"$IO$99","bodyAddress":"$IO$100:$IO$135","_name":"аскуэ"}},"emcosID":null,"emcosMLID":null,"codMaketTEP":null,"codTEP":null,"WSName":"PS","rangeAddress":"$IO$98:$IO$135","headAddress":"$IO$98","bodyAddress":"$IO$99:$IO$135","_name":"прием"},"отдача":{"_level":1,"parentID":"99d89d75-62b2-45e5-a37e-bb3b5be8226b","firstParentID":"425b6464-af5e-42b5-9401-872c8e026a47","ID":"2fdb438c-e9a9-47e3-b728-588e7de29c3b","childs":{"аскуэ":{"_level":2,"parentID":"2fdb438c-e9a9-47e3-b728-588e7de29c3b","firstParentID":"425b6464-af5e-42b5-9401-872c8e026a47","ID":"b6b2a432-95f2-4ce9-a08d-776745fb7135","childs":null,"emcosID":null,"emcosMLID":null,"codMaketTEP":null,"codTEP":null,"WSName":"PS","rangeAddress":"$IP$99:$IP$135","headAddress":"$IP$99","bodyAddress":"$IP$100:$IP$135","_name":"аскуэ"}},"emcosID":null,"emcosMLID":null,"codMaketTEP":null,"codTEP":null,"WSName":"PS","rangeAddress":"$IP$98:$IP$135","headAddress":"$IP$98","bodyAddress":"$IP$99:$IP$135","_name":"отдача"}},"emcosID":null,"emcosMLID":null,"codMaketTEP":null,"codTEP":null,"WSName":"PS","rangeAddress":"$IO$97:$IP$135","headAddress":"$IO$97:$IP$97","bodyAddress":"$IO$98:$IP$135","_name":"Л5400 Актогай"},"DB":{"_level":0,"parentID":"425b6464-af5e-42b5-9401-872c8e026a47","firstParentID":"425b6464-af5e-42b5-9401-872c8e026a47","ID":"68f42bab-2fc5-4324-8fb3-e7effe4b0327","childs":{"прием":{"_level":1,"parentID":"68f42bab-2fc5-4324-8fb3-e7effe4b0327","firstParentID":"425b6464-af5e-42b5-9401-872c8e026a47","ID":"293a0493-d4e2-4a74-bed8-9e4adee66a08","childs":{"код":{"_level":2,"parentID":"293a0493-d4e2-4a74-bed8-9e4adee66a08","firstParentID":"425b6464-af5e-42b5-9401-872c8e026a47","ID":"84b0ea0e-d7a8-451c-8bf2-9b98e451a573","childs":null,"emcosID":null,"emcosMLID":null,"codMaketTEP":null,"codTEP":null,"WSName":"DB","rangeAddress":"$HF$267:$HF$304","headAddress":"$HF$267","bodyAddress":"$HF$268:$HF$304","_name":"код"},"основное":{"_level":2,"parentID":"293a0493-d4e2-4a74-bed8-9e4adee66a08","firstParentID":"425b6464-af5e-42b5-9401-872c8e026a47","ID":"392fe0a3-4d31-49ba-b9e8-d97e57bd6332","childs":null,"emcosID":null,"emcosMLID":null,"codMaketTEP":null,"codTEP":null,"WSName":"DB","rangeAddress":"$HG$267:$HG$304","headAddress":"$HG$267","bodyAddress":"$HG$268:$HG$304","_name":"основное"},"корректировка факт":{"_level":2,"parentID":"293a0493-d4e2-4a74-bed8-9e4adee66a08","firstParentID":"425b6464-af5e-42b5-9401-872c8e026a47","ID":"4e4533f1-65c5-4891-84e8-b0beb66b1903","childs":null,"emcosID":null,"emcosMLID":null,"codMaketTEP":null,"codTEP":null,"WSName":"DB","rangeAddress":"$HH$267:$HH$304","headAddress":"$HH$267","bodyAddress":"$HH$268:$HH$304","_name":"корректировка факт"},"ручное":{"_level":2,"parentID":"293a0493-d4e2-4a74-bed8-9e4adee66a08","firstParentID":"425b6464-af5e-42b5-9401-872c8e026a47","ID":"f550079e-ea8a-40d4-97da-335fbc52a0cc","childs":null,"emcosID":null,"emcosMLID":null,"codMaketTEP":null,"codTEP":null,"WSName":"DB","rangeAddress":"$HI$267:$HI$304","headAddress":"$HI$267","bodyAddress":"$HI$268:$HI$304","_name":"ручное"},"счетчик":{"_level":2,"parentID":"293a0493-d4e2-4a74-bed8-9e4adee66a08","firstParentID":"425b6464-af5e-42b5-9401-872c8e026a47","ID":"41334151-c6ad-43af-a845-512f89ff515c","childs":null,"emcosID":null,"emcosMLID":null,"codMaketTEP":null,"codTEP":null,"WSName":"DB","rangeAddress":"$HJ$267:$HJ$304","headAddress":"$HJ$267","bodyAddress":"$HJ$268:$HJ$304","_name":"счетчик"},"по счетчику":{"_level":2,"parentID":"293a0493-d4e2-4a74-bed8-9e4adee66a08","firstParentID":"425b6464-af5e-42b5-9401-872c8e026a47","ID":"cfb4d9ff-c9de-4942-8c53-110266737051","childs":null,"emcosID":null,"emcosMLID":null,"codMaketTEP":null,"codTEP":null,"WSName":"DB","rangeAddress":"$HK$267:$HK$304","headAddress":"$HK$267","bodyAddress":"$HK$268:$HK$304","_name":"по счетчику"},"аскуэ":{"_level":2,"parentID":"293a0493-d4e2-4a74-bed8-9e4adee66a08","firstParentID":"425b6464-af5e-42b5-9401-872c8e026a47","ID":"756950bc-8a80-4c8c-88a6-bbe474ab2a04","childs":null,"emcosID":null,"emcosMLID":null,"codMaketTEP":null,"codTEP":null,"WSName":"DB","rangeAddress":"$HL$267:$HL$304","headAddress":"$HL$267","bodyAddress":"$HL$268:$HL$304","_name":"аскуэ"}},"emcosID":1532,"emcosMLID":386,"codMaketTEP":null,"codTEP":null,"WSName":"DB","rangeAddress":"$HF$266:$HL$304","headAddress":"$HF$266:$HL$266","bodyAddress":"$HF$267:$HL$304","_name":"прием"},"отдача":{"_level":1,"parentID":"68f42bab-2fc5-4324-8fb3-e7effe4b0327","firstParentID":"425b6464-af5e-42b5-9401-872c8e026a47","ID":"bd00541d-5a56-4b5f-8828-67283f357419","childs":{"код":{"_level":2,"parentID":"bd00541d-5a56-4b5f-8828-67283f357419","firstParentID":"425b6464-af5e-42b5-9401-872c8e026a47","ID":"f257c60b-0f9b-40ee-aa28-2439337de9fe","childs":null,"emcosID":null,"emcosMLID":null,"codMaketTEP":null,"codTEP":null,"WSName":"DB","rangeAddress":"$HM$267:$HM$304","headAddress":"$HM$267","bodyAddress":"$HM$268:$HM$304","_name":"код"},"основное":{"_level":2,"parentID":"bd00541d-5a56-4b5f-8828-67283f357419","firstParentID":"425b6464-af5e-42b5-9401-872c8e026a47","ID":"f67cf325-4a85-4bf1-8105-4ee2a10dace5","childs":null,"emcosID":null,"emcosMLID":null,"codMaketTEP":null,"codTEP":null,"WSName":"DB","rangeAddress":"$HN$267:$HN$304","headAddress":"$HN$267","bodyAddress":"$HN$268:$HN$304","_name":"основное"},"корректировка факт":{"_level":2,"parentID":"bd00541d-5a56-4b5f-8828-67283f357419","firstParentID":"425b6464-af5e-42b5-9401-872c8e026a47","ID":"0ed9ff7a-068b-416a-b5e0-529b092d9f13","childs":null,"emcosID":null,"emcosMLID":null,"codMaketTEP":null,"codTEP":null,"WSName":"DB","rangeAddress":"$HO$267:$HO$304","headAddress":"$HO$267","bodyAddress":"$HO$268:$HO$304","_name":"корректировка факт"},"ручное":{"_level":2,"parentID":"bd00541d-5a56-4b5f-8828-67283f357419","firstParentID":"425b6464-af5e-42b5-9401-872c8e026a47","ID":"e588c1d5-0ff4-4356-8446-5f803c1a73ee","childs":null,"emcosID":null,"emcosMLID":null,"codMaketTEP":null,"codTEP":null,"WSName":"DB","rangeAddress":"$HP$267:$HP$304","headAddress":"$HP$267","bodyAddress":"$HP$268:$HP$304","_name":"ручное"},"счетчик":{"_level":2,"parentID":"bd00541d-5a56-4b5f-8828-67283f357419","firstParentID":"425b6464-af5e-42b5-9401-872c8e026a47","ID":"03769cbc-8ff7-4af5-936a-ce940138568f","childs":null,"emcosID":null,"emcosMLID":null,"codMaketTEP":null,"codTEP":null,"WSName":"DB","rangeAddress":"$HQ$267:$HQ$304","headAddress":"$HQ$267","bodyAddress":"$HQ$268:$HQ$304","_name":"счетчик"},"по счетчику":{"_level":2,"parentID":"bd00541d-5a56-4b5f-8828-67283f357419","firstParentID":"425b6464-af5e-42b5-9401-872c8e026a47","ID":"551d25e6-ac3b-4a15-80f6-5f4c03c0c12e","childs":null,"emcosID":null,"emcosMLID":null,"codMaketTEP":null,"codTEP":null,"WSName":"DB","rangeAddress":"$HR$267:$HR$304","headAddress":"$HR$267","bodyAddress":"$HR$268:$HR$304","_name":"по счетчику"},"аскуэ":{"_level":2,"parentID":"bd00541d-5a56-4b5f-8828-67283f357419","firstParentID":"425b6464-af5e-42b5-9401-872c8e026a47","ID":"aad45426-3a33-4289-8712-28965205085a","childs":null,"emcosID":null,"emcosMLID":null,"codMaketTEP":null,"codTEP":null,"WSName":"DB","rangeAddress":"$HS$267:$HS$304","headAddress":"$HS$267","bodyAddress":"$HS$268:$HS$304","_name":"аскуэ"}},"emcosID":1532,"emcosMLID":385,"codMaketTEP":null,"codTEP":null,"WSName":"DB","rangeAddress":"$HM$266:$HS$304","headAddress":"$HM$266:$HS$266","bodyAddress":"$HM$267:$HS$304","_name":"отдача"}},"emcosID":null,"emcosMLID":null,"codMaketTEP":null,"codTEP":null,"WSName":"DB","rangeAddress":"$HF$265:$HS$304","headAddress":"$HF$265:$HS$265","bodyAddress":"$HF$266:$HS$304","_name":"Л5400 Актогай"}},"codPlan":null,"meterCoef":null,"_name":"Л5400 Актогай"}