{"ID":"42cddaa5-dd91-4833-8c68-5a3b7f1a6351","childs":{"PS":{"_level":0,"parentID":"42cddaa5-dd91-4833-8c68-5a3b7f1a6351","firstParentID":"42cddaa5-dd91-4833-8c68-5a3b7f1a6351","ID":"9cebd6c1-f20f-465f-b3e3-c051f5843979","childs":{"отдача":{"_level":1,"parentID":"9cebd6c1-f20f-465f-b3e3-c051f5843979","firstParentID":"42cddaa5-dd91-4833-8c68-5a3b7f1a6351","ID":"a15f0089-fa0a-4dd3-94ef-a157921c95c8","childs":{"оперативное":{"_level":2,"parentID":"a15f0089-fa0a-4dd3-94ef-a157921c95c8","firstParentID":"42cddaa5-dd91-4833-8c68-5a3b7f1a6351","ID":"06eebf26-ce03-4a27-b5b0-636c6a68921f","childs":null,"emcosID":null,"emcosMLID":null,"codMaketTEP":null,"codTEP":null,"WSName":"PS","rangeAddress":"$DM$185:$DM$221","headAddress":"$DM$185","bodyAddress":"$DM$186:$DM$221","_name":"оперативное"}},"emcosID":null,"emcosMLID":null,"codMaketTEP":null,"codTEP":null,"WSName":"PS","rangeAddress":"$DM$184:$DM$221","headAddress":"$DM$184","bodyAddress":"$DM$185:$DM$221","_name":"отдача"}},"emcosID":null,"emcosMLID":null,"codMaketTEP":null,"codTEP":null,"WSName":"PS","rangeAddress":"$DM$183:$DM$221","headAddress":"$DM$183","bodyAddress":"$DM$184:$DM$221","_name":"Генерация Энергия Алем ИГЭС 3"},"DB":{"_level":0,"parentID":"42cddaa5-dd91-4833-8c68-5a3b7f1a6351","firstParentID":"42cddaa5-dd91-4833-8c68-5a3b7f1a6351","ID":"59d285a7-666a-41e5-999d-78f3e43add30","childs":{"отдача":{"_level":1,"parentID":"59d285a7-666a-41e5-999d-78f3e43add30","firstParentID":"42cddaa5-dd91-4833-8c68-5a3b7f1a6351","ID":"3bd8d2a9-be16-414b-be34-f880c5518fe4","childs":{"код":{"_level":2,"parentID":"3bd8d2a9-be16-414b-be34-f880c5518fe4","firstParentID":"42cddaa5-dd91-4833-8c68-5a3b7f1a6351","ID":"c8641051-b02c-4396-8bf4-38a7f61eb2eb","childs":null,"emcosID":null,"emcosMLID":null,"codMaketTEP":null,"codTEP":null,"WSName":"DB","rangeAddress":"$FI$267:$FI$304","headAddress":"$FI$267","bodyAddress":"$FI$268:$FI$304","_name":"код"},"основное":{"_level":2,"parentID":"3bd8d2a9-be16-414b-be34-f880c5518fe4","firstParentID":"42cddaa5-dd91-4833-8c68-5a3b7f1a6351","ID":"468d7eae-bbc0-4c3e-9c4c-2b072cfe18c8","childs":null,"emcosID":null,"emcosMLID":null,"codMaketTEP":null,"codTEP":null,"WSName":"DB","rangeAddress":"$FJ$267:$FJ$304","headAddress":"$FJ$267","bodyAddress":"$FJ$268:$FJ$304","_name":"основное"},"корректировка факт":{"_level":2,"parentID":"3bd8d2a9-be16-414b-be34-f880c5518fe4","firstParentID":"42cddaa5-dd91-4833-8c68-5a3b7f1a6351","ID":"2d4e33db-d3e5-4f9f-be47-0349fe0b8ceb","childs":null,"emcosID":null,"emcosMLID":null,"codMaketTEP":null,"codTEP":null,"WSName":"DB","rangeAddress":"$FK$267:$FK$304","headAddress":"$FK$267","bodyAddress":"$FK$268:$FK$304","_name":"корректировка факт"},"ручное":{"_level":2,"parentID":"3bd8d2a9-be16-414b-be34-f880c5518fe4","firstParentID":"42cddaa5-dd91-4833-8c68-5a3b7f1a6351","ID":"c3aa360b-8208-4b85-9cb2-e9aa3b582d3b","childs":null,"emcosID":null,"emcosMLID":null,"codMaketTEP":null,"codTEP":null,"WSName":"DB","rangeAddress":"$FL$267:$FL$304","headAddress":"$FL$267","bodyAddress":"$FL$268:$FL$304","_name":"ручное"},"оперативное":{"_level":2,"parentID":"3bd8d2a9-be16-414b-be34-f880c5518fe4","firstParentID":"42cddaa5-dd91-4833-8c68-5a3b7f1a6351","ID":"5835e29b-f305-4022-92f6-70af06267abd","childs":null,"emcosID":null,"emcosMLID":null,"codMaketTEP":null,"codTEP":null,"WSName":"DB","rangeAddress":"$FM$267:$FM$304","headAddress":"$FM$267","bodyAddress":"$FM$268:$FM$304","_name":"оперативное"}},"emcosID":null,"emcosMLID":null,"codMaketTEP":null,"codTEP":null,"WSName":"DB","rangeAddress":"$FI$266:$FM$304","headAddress":"$FI$266:$FM$266","bodyAddress":"$FI$267:$FM$304","_name":"отдача"}},"emcosID":null,"emcosMLID":null,"codMaketTEP":null,"codTEP":null,"WSName":"DB","rangeAddress":"$FI$265:$FM$304","headAddress":"$FI$265:$FM$265","bodyAddress":"$FI$266:$FM$304","_name":"Генерация Энергия Алем ИГЭС 3"}},"codPlan":null,"meterCoef":null,"_name":"Генерация Энергия Алем ИГЭС 3"}