{"ID":"4672f91b-0e33-4eb4-a42c-3e876a49fbd2","childs":{"PS":{"_level":0,"parentID":"4672f91b-0e33-4eb4-a42c-3e876a49fbd2","firstParentID":"4672f91b-0e33-4eb4-a42c-3e876a49fbd2","ID":"08607ee1-93d8-4ca7-bc9d-a03c2a43d804","childs":{"прием":{"_level":1,"parentID":"08607ee1-93d8-4ca7-bc9d-a03c2a43d804","firstParentID":"4672f91b-0e33-4eb4-a42c-3e876a49fbd2","ID":"b9c7c3b1-d790-41d4-833e-4b2f724e8e0b","childs":{"ручное":{"_level":2,"parentID":"b9c7c3b1-d790-41d4-833e-4b2f724e8e0b","firstParentID":"4672f91b-0e33-4eb4-a42c-3e876a49fbd2","ID":"9303c031-631e-482e-ac13-a609bc3eaa89","childs":null,"emcosID":null,"emcosMLID":null,"codMaketTEP":null,"codTEP":null,"WSName":"PS","rangeAddress":"$KX$99:$KX$135","headAddress":"$KX$99","bodyAddress":"$KX$100:$KX$135","_name":"ручное"}},"emcosID":null,"emcosMLID":null,"codMaketTEP":null,"codTEP":null,"WSName":"PS","rangeAddress":"$KX$98:$KX$135","headAddress":"$KX$98","bodyAddress":"$KX$99:$KX$135","_name":"прием"}},"emcosID":null,"emcosMLID":null,"codMaketTEP":null,"codTEP":null,"WSName":"PS","rangeAddress":"$KX$97:$KX$135","headAddress":"$KX$97","bodyAddress":"$KX$98:$KX$135","_name":"ТП2 Кияхты тяга"},"DB":{"_level":0,"parentID":"4672f91b-0e33-4eb4-a42c-3e876a49fbd2","firstParentID":"4672f91b-0e33-4eb4-a42c-3e876a49fbd2","ID":"13ab0ed5-4971-4018-bb46-60eef818541a","childs":{"прием":{"_level":1,"parentID":"13ab0ed5-4971-4018-bb46-60eef818541a","firstParentID":"4672f91b-0e33-4eb4-a42c-3e876a49fbd2","ID":"d0f72ad5-ecc5-47e6-b63c-8b7c11dc5c2e","childs":{"код":{"_level":2,"parentID":"d0f72ad5-ecc5-47e6-b63c-8b7c11dc5c2e","firstParentID":"4672f91b-0e33-4eb4-a42c-3e876a49fbd2","ID":"70719e24-4b42-4b74-a8be-a580da910d97","childs":null,"emcosID":null,"emcosMLID":null,"codMaketTEP":null,"codTEP":null,"WSName":"DB","rangeAddress":"$AH$353:$AH$390","headAddress":"$AH$353","bodyAddress":"$AH$354:$AH$390","_name":"код"},"основное":{"_level":2,"parentID":"d0f72ad5-ecc5-47e6-b63c-8b7c11dc5c2e","firstParentID":"4672f91b-0e33-4eb4-a42c-3e876a49fbd2","ID":"b687c818-6659-4405-ad14-334e8bf8754a","childs":null,"emcosID":null,"emcosMLID":null,"codMaketTEP":null,"codTEP":null,"WSName":"DB","rangeAddress":"$AI$353:$AI$390","headAddress":"$AI$353","bodyAddress":"$AI$354:$AI$390","_name":"основное"},"корректировка факт":{"_level":2,"parentID":"d0f72ad5-ecc5-47e6-b63c-8b7c11dc5c2e","firstParentID":"4672f91b-0e33-4eb4-a42c-3e876a49fbd2","ID":"fa706ec3-beda-48c1-b307-d27e825ce657","childs":null,"emcosID":null,"emcosMLID":null,"codMaketTEP":null,"codTEP":null,"WSName":"DB","rangeAddress":"$AJ$353:$AJ$390","headAddress":"$AJ$353","bodyAddress":"$AJ$354:$AJ$390","_name":"корректировка факт"},"ручное":{"_level":2,"parentID":"d0f72ad5-ecc5-47e6-b63c-8b7c11dc5c2e","firstParentID":"4672f91b-0e33-4eb4-a42c-3e876a49fbd2","ID":"29c92ce2-a252-4243-91c7-a48c327a79de","childs":null,"emcosID":null,"emcosMLID":null,"codMaketTEP":null,"codTEP":null,"WSName":"DB","rangeAddress":"$AK$353:$AK$390","headAddress":"$AK$353","bodyAddress":"$AK$354:$AK$390","_name":"ручное"}},"emcosID":null,"emcosMLID":null,"codMaketTEP":null,"codTEP":null,"WSName":"DB","rangeAddress":"$AH$352:$AK$390","headAddress":"$AH$352:$AK$352","bodyAddress":"$AH$353:$AK$390","_name":"прием"}},"emcosID":null,"emcosMLID":null,"codMaketTEP":null,"codTEP":null,"WSName":"DB","rangeAddress":"$AH$351:$AK$390","headAddress":"$AH$351:$AK$351","bodyAddress":"$AH$352:$AK$390","_name":"ТП2 Кияхты тяга"}},"codPlan":null,"meterCoef":null,"_name":"ТП2 Кияхты тяга"}