{"ID":"4889cffa-cfee-4ffd-8f44-5274cfa42c1f","childs":{"PS":{"_level":0,"parentID":"4889cffa-cfee-4ffd-8f44-5274cfa42c1f","firstParentID":"4889cffa-cfee-4ffd-8f44-5274cfa42c1f","ID":"81e2dc08-fc0a-4686-be12-d0f3518e0e3a","childs":{"прием":{"_level":1,"parentID":"81e2dc08-fc0a-4686-be12-d0f3518e0e3a","firstParentID":"4889cffa-cfee-4ffd-8f44-5274cfa42c1f","ID":"6c5fe1e1-8adb-438c-aee6-ad02bacdb4fb","childs":{"по счетчику":{"_level":2,"parentID":"6c5fe1e1-8adb-438c-aee6-ad02bacdb4fb","firstParentID":"4889cffa-cfee-4ffd-8f44-5274cfa42c1f","ID":"a4a0687a-cab3-4093-807d-d8ab15843c51","childs":null,"emcosID":null,"emcosMLID":null,"codMaketTEP":null,"codTEP":null,"WSName":"PS","rangeAddress":"$AC$99:$AC$135","headAddress":"$AC$99","bodyAddress":"$AC$100:$AC$135","_name":"по счетчику"}},"emcosID":null,"emcosMLID":null,"codMaketTEP":null,"codTEP":null,"WSName":"PS","rangeAddress":"$AC$98:$AC$135","headAddress":"$AC$98","bodyAddress":"$AC$99:$AC$135","_name":"прием"}},"emcosID":null,"emcosMLID":null,"codMaketTEP":null,"codTEP":null,"WSName":"PS","rangeAddress":"$AC$97:$AC$135","headAddress":"$AC$97","bodyAddress":"$AC$98:$AC$135","_name":"ТСН3 ОРУ 220 МГЭС"},"DB":{"_level":0,"parentID":"4889cffa-cfee-4ffd-8f44-5274cfa42c1f","firstParentID":"4889cffa-cfee-4ffd-8f44-5274cfa42c1f","ID":"3c3a85b2-d915-4855-90cd-35d8a4690e1f","childs":{"прием":{"_level":1,"parentID":"3c3a85b2-d915-4855-90cd-35d8a4690e1f","firstParentID":"4889cffa-cfee-4ffd-8f44-5274cfa42c1f","ID":"5401516b-8655-4f25-a07d-36fcd0d3e04c","childs":{"код":{"_level":2,"parentID":"5401516b-8655-4f25-a07d-36fcd0d3e04c","firstParentID":"4889cffa-cfee-4ffd-8f44-5274cfa42c1f","ID":"fb63b743-1a55-4846-b41b-f1de9574e720","childs":null,"emcosID":null,"emcosMLID":null,"codMaketTEP":null,"codTEP":null,"WSName":"DB","rangeAddress":"$DK$353:$DK$390","headAddress":"$DK$353","bodyAddress":"$DK$354:$DK$390","_name":"код"},"основное":{"_level":2,"parentID":"5401516b-8655-4f25-a07d-36fcd0d3e04c","firstParentID":"4889cffa-cfee-4ffd-8f44-5274cfa42c1f","ID":"784cc64b-b9ab-4df5-aa12-366c1cf51ce2","childs":null,"emcosID":null,"emcosMLID":null,"codMaketTEP":null,"codTEP":null,"WSName":"DB","rangeAddress":"$DL$353:$DL$390","headAddress":"$DL$353","bodyAddress":"$DL$354:$DL$390","_name":"основное"},"корректировка факт":{"_level":2,"parentID":"5401516b-8655-4f25-a07d-36fcd0d3e04c","firstParentID":"4889cffa-cfee-4ffd-8f44-5274cfa42c1f","ID":"9baa3ed7-05d1-455b-a7a7-c43aa744a911","childs":null,"emcosID":null,"emcosMLID":null,"codMaketTEP":null,"codTEP":null,"WSName":"DB","rangeAddress":"$DM$353:$DM$390","headAddress":"$DM$353","bodyAddress":"$DM$354:$DM$390","_name":"корректировка факт"},"ручное":{"_level":2,"parentID":"5401516b-8655-4f25-a07d-36fcd0d3e04c","firstParentID":"4889cffa-cfee-4ffd-8f44-5274cfa42c1f","ID":"37485a3a-9874-4681-8b6e-43c97abac57c","childs":null,"emcosID":null,"emcosMLID":null,"codMaketTEP":null,"codTEP":null,"WSName":"DB","rangeAddress":"$DN$353:$DN$390","headAddress":"$DN$353","bodyAddress":"$DN$354:$DN$390","_name":"ручное"},"счетчик":{"_level":2,"parentID":"5401516b-8655-4f25-a07d-36fcd0d3e04c","firstParentID":"4889cffa-cfee-4ffd-8f44-5274cfa42c1f","ID":"c5b2c40b-61ba-4f3d-82b0-9d0ce0c96b6d","childs":null,"emcosID":null,"emcosMLID":null,"codMaketTEP":null,"codTEP":null,"WSName":"DB","rangeAddress":"$DO$353:$DO$390","headAddress":"$DO$353","bodyAddress":"$DO$354:$DO$390","_name":"счетчик"},"по счетчику":{"_level":2,"parentID":"5401516b-8655-4f25-a07d-36fcd0d3e04c","firstParentID":"4889cffa-cfee-4ffd-8f44-5274cfa42c1f","ID":"e0aad1d6-2078-4f56-b99e-50a4219be1ce","childs":null,"emcosID":null,"emcosMLID":null,"codMaketTEP":null,"codTEP":null,"WSName":"DB","rangeAddress":"$DP$353:$DP$390","headAddress":"$DP$353","bodyAddress":"$DP$354:$DP$390","_name":"по счетчику"}},"emcosID":null,"emcosMLID":null,"codMaketTEP":null,"codTEP":null,"WSName":"DB","rangeAddress":"$DK$352:$DP$390","headAddress":"$DK$352:$DP$352","bodyAddress":"$DK$353:$DP$390","_name":"прием"}},"emcosID":null,"emcosMLID":null,"codMaketTEP":null,"codTEP":null,"WSName":"DB","rangeAddress":"$DK$351:$DP$390","headAddress":"$DK$351:$DP$351","bodyAddress":"$DK$352:$DP$390","_name":"ТСН3 ОРУ 220 МГЭС"}},"codPlan":null,"meterCoef":null,"_name":"ТСН3 ОРУ 220 МГЭС"}