{"ID":"49769763-d85b-47c6-b3c1-2118f82ec1b3","childs":{"PS":{"_level":0,"parentID":"49769763-d85b-47c6-b3c1-2118f82ec1b3","firstParentID":"49769763-d85b-47c6-b3c1-2118f82ec1b3","ID":"4ab541e4-5cf8-44d0-b7af-6350c001d781","childs":{"сальдо":{"_level":1,"parentID":"4ab541e4-5cf8-44d0-b7af-6350c001d781","firstParentID":"49769763-d85b-47c6-b3c1-2118f82ec1b3","ID":"b59b5714-50fd-492c-9861-c8c6f8e026ef","childs":{"формула":{"_level":2,"parentID":"b59b5714-50fd-492c-9861-c8c6f8e026ef","firstParentID":"49769763-d85b-47c6-b3c1-2118f82ec1b3","ID":"2bece72e-d500-4bd1-bae6-637f7e151c7e","childs":null,"emcosID":null,"emcosMLID":null,"codMaketTEP":null,"codTEP":null,"WSName":"PS","rangeAddress":"$L$13:$L$49","headAddress":"$L$13","bodyAddress":"$L$14:$L$49","_name":"формула"}},"emcosID":null,"emcosMLID":null,"codMaketTEP":null,"codTEP":null,"WSName":"PS","rangeAddress":"$L$12:$L$49","headAddress":"$L$12","bodyAddress":"$L$13:$L$49","_name":"сальдо"}},"emcosID":null,"emcosMLID":null,"codMaketTEP":null,"codTEP":null,"WSName":"PS","rangeAddress":"$L$11:$L$49","headAddress":"$L$11","bodyAddress":"$L$12:$L$49","_name":"Сальдо Киргизстан Общее"},"DB":{"_level":0,"parentID":"49769763-d85b-47c6-b3c1-2118f82ec1b3","firstParentID":"49769763-d85b-47c6-b3c1-2118f82ec1b3","ID":"b0aebfae-1043-47dc-b71c-4bc4ccb6fb30","childs":{"сальдо":{"_level":1,"parentID":"b0aebfae-1043-47dc-b71c-4bc4ccb6fb30","firstParentID":"49769763-d85b-47c6-b3c1-2118f82ec1b3","ID":"1ceeb216-f3f7-4a08-ad1e-a8f2e326b319","childs":{"код":{"_level":2,"parentID":"1ceeb216-f3f7-4a08-ad1e-a8f2e326b319","firstParentID":"49769763-d85b-47c6-b3c1-2118f82ec1b3","ID":"12417ab4-3c53-4bdf-a3fa-d79a7a360e1a","childs":null,"emcosID":null,"emcosMLID":null,"codMaketTEP":null,"codTEP":null,"WSName":"DB","rangeAddress":"$FK$138:$FK$175","headAddress":"$FK$138","bodyAddress":"$FK$139:$FK$175","_name":"код"},"основное":{"_level":2,"parentID":"1ceeb216-f3f7-4a08-ad1e-a8f2e326b319","firstParentID":"49769763-d85b-47c6-b3c1-2118f82ec1b3","ID":"63f60af5-c5bb-45b2-be2b-a80107e7ec70","childs":null,"emcosID":null,"emcosMLID":null,"codMaketTEP":null,"codTEP":null,"WSName":"DB","rangeAddress":"$FL$138:$FL$175","headAddress":"$FL$138","bodyAddress":"$FL$139:$FL$175","_name":"основное"},"корректировка факт":{"_level":2,"parentID":"1ceeb216-f3f7-4a08-ad1e-a8f2e326b319","firstParentID":"49769763-d85b-47c6-b3c1-2118f82ec1b3","ID":"b892e3eb-5491-4d3d-b298-e61739fe63fc","childs":null,"emcosID":null,"emcosMLID":null,"codMaketTEP":null,"codTEP":null,"WSName":"DB","rangeAddress":"$FM$138:$FM$175","headAddress":"$FM$138","bodyAddress":"$FM$139:$FM$175","_name":"корректировка факт"},"ручное":{"_level":2,"parentID":"1ceeb216-f3f7-4a08-ad1e-a8f2e326b319","firstParentID":"49769763-d85b-47c6-b3c1-2118f82ec1b3","ID":"77f837b7-7309-4fbc-8b50-b69a3dc6872a","childs":null,"emcosID":null,"emcosMLID":null,"codMaketTEP":null,"codTEP":null,"WSName":"DB","rangeAddress":"$FN$138:$FN$175","headAddress":"$FN$138","bodyAddress":"$FN$139:$FN$175","_name":"ручное"},"формула":{"_level":2,"parentID":"1ceeb216-f3f7-4a08-ad1e-a8f2e326b319","firstParentID":"49769763-d85b-47c6-b3c1-2118f82ec1b3","ID":"c2b3e121-e55e-4376-8b32-4ee7cb907c33","childs":null,"emcosID":null,"emcosMLID":null,"codMaketTEP":null,"codTEP":null,"WSName":"DB","rangeAddress":"$FO$138:$FO$175","headAddress":"$FO$138","bodyAddress":"$FO$139:$FO$175","_name":"формула"}},"emcosID":null,"emcosMLID":null,"codMaketTEP":null,"codTEP":null,"WSName":"DB","rangeAddress":"$FK$137:$FO$175","headAddress":"$FK$137:$FO$137","bodyAddress":"$FK$138:$FO$175","_name":"сальдо"}},"emcosID":null,"emcosMLID":null,"codMaketTEP":null,"codTEP":null,"WSName":"DB","rangeAddress":"$FK$136:$FO$175","headAddress":"$FK$136:$FO$136","bodyAddress":"$FK$137:$FO$175","_name":"Сальдо Киргизстан Общее"}},"codPlan":null,"meterCoef":null,"_name":"Сальдо Киргизстан Общее"}