{"ID":"4c062fae-a6cd-4760-abba-e8babc685dcc","childs":{"PS":{"_level":0,"parentID":"4c062fae-a6cd-4760-abba-e8babc685dcc","firstParentID":"4c062fae-a6cd-4760-abba-e8babc685dcc","ID":"d30bea21-36ee-480b-b0a2-52b5298e1839","childs":{"прием":{"_level":1,"parentID":"d30bea21-36ee-480b-b0a2-52b5298e1839","firstParentID":"4c062fae-a6cd-4760-abba-e8babc685dcc","ID":"5ce5dabf-943d-4e54-b53b-496cf0ea94db","childs":{"формула":{"_level":2,"parentID":"5ce5dabf-943d-4e54-b53b-496cf0ea94db","firstParentID":"4c062fae-a6cd-4760-abba-e8babc685dcc","ID":"c33aec82-4985-47f8-9a27-3ac23a6f9419","childs":null,"emcosID":null,"emcosMLID":null,"codMaketTEP":null,"codTEP":null,"WSName":"PS","rangeAddress":"$BU$228:$BU$264","headAddress":"$BU$228","bodyAddress":"$BU$229:$BU$264","_name":"формула"}},"emcosID":null,"emcosMLID":null,"codMaketTEP":null,"codTEP":null,"WSName":"PS","rangeAddress":"$BU$227:$BU$264","headAddress":"$BU$227","bodyAddress":"$BU$228:$BU$264","_name":"прием"},"план":{"_level":1,"parentID":"d30bea21-36ee-480b-b0a2-52b5298e1839","firstParentID":"4c062fae-a6cd-4760-abba-e8babc685dcc","ID":"35bbc6a5-a180-44e3-8709-56a62a5bc591","childs":{"заявка":{"_level":2,"parentID":"35bbc6a5-a180-44e3-8709-56a62a5bc591","firstParentID":"4c062fae-a6cd-4760-abba-e8babc685dcc","ID":"ea6e6152-b52a-4d08-a915-91d48880be8c","childs":null,"emcosID":null,"emcosMLID":null,"codMaketTEP":null,"codTEP":null,"WSName":"PS","rangeAddress":"$BV$228:$BV$264","headAddress":"$BV$228","bodyAddress":"$BV$229:$BV$264","_name":"заявка"}},"emcosID":null,"emcosMLID":null,"codMaketTEP":null,"codTEP":null,"WSName":"PS","rangeAddress":"$BV$227:$BV$264","headAddress":"$BV$227","bodyAddress":"$BV$228:$BV$264","_name":"план"}},"emcosID":null,"emcosMLID":null,"codMaketTEP":null,"codTEP":null,"WSName":"PS","rangeAddress":"$BU$226:$BV$264","headAddress":"$BU$226:$BV$226","bodyAddress":"$BU$227:$BV$264","_name":"Потери KEGOC Жтысуский энергоузел"},"DB":{"_level":0,"parentID":"4c062fae-a6cd-4760-abba-e8babc685dcc","firstParentID":"4c062fae-a6cd-4760-abba-e8babc685dcc","ID":"f8795bfd-dc88-4e1b-9aa6-5f71b36bd3d7","childs":{"прием":{"_level":1,"parentID":"f8795bfd-dc88-4e1b-9aa6-5f71b36bd3d7","firstParentID":"4c062fae-a6cd-4760-abba-e8babc685dcc","ID":"84e0e6ff-7283-4e66-910b-6e5c4ba370e2","childs":{"код":{"_level":2,"parentID":"84e0e6ff-7283-4e66-910b-6e5c4ba370e2","firstParentID":"4c062fae-a6cd-4760-abba-e8babc685dcc","ID":"f25dad81-2bd3-4f6c-b108-d490cfe88fcf","childs":null,"emcosID":null,"emcosMLID":null,"codMaketTEP":null,"codTEP":null,"WSName":"DB","rangeAddress":"$AO$224:$AO$261","headAddress":"$AO$224","bodyAddress":"$AO$225:$AO$261","_name":"код"},"основное":{"_level":2,"parentID":"84e0e6ff-7283-4e66-910b-6e5c4ba370e2","firstParentID":"4c062fae-a6cd-4760-abba-e8babc685dcc","ID":"45f3dbea-53a5-4755-ad97-07a257def552","childs":null,"emcosID":null,"emcosMLID":null,"codMaketTEP":null,"codTEP":null,"WSName":"DB","rangeAddress":"$AP$224:$AP$261","headAddress":"$AP$224","bodyAddress":"$AP$225:$AP$261","_name":"основное"},"корректировка факт":{"_level":2,"parentID":"84e0e6ff-7283-4e66-910b-6e5c4ba370e2","firstParentID":"4c062fae-a6cd-4760-abba-e8babc685dcc","ID":"c2e9e310-e567-448d-87ee-8714f2fe7788","childs":null,"emcosID":null,"emcosMLID":null,"codMaketTEP":null,"codTEP":null,"WSName":"DB","rangeAddress":"$AQ$224:$AQ$261","headAddress":"$AQ$224","bodyAddress":"$AQ$225:$AQ$261","_name":"корректировка факт"},"ручное":{"_level":2,"parentID":"84e0e6ff-7283-4e66-910b-6e5c4ba370e2","firstParentID":"4c062fae-a6cd-4760-abba-e8babc685dcc","ID":"6919d775-b797-432b-ba25-1077eea802fc","childs":null,"emcosID":null,"emcosMLID":null,"codMaketTEP":null,"codTEP":null,"WSName":"DB","rangeAddress":"$AR$224:$AR$261","headAddress":"$AR$224","bodyAddress":"$AR$225:$AR$261","_name":"ручное"},"по плану":{"_level":2,"parentID":"84e0e6ff-7283-4e66-910b-6e5c4ba370e2","firstParentID":"4c062fae-a6cd-4760-abba-e8babc685dcc","ID":"e8eda118-727c-4a7a-91be-e56730f4d45b","childs":null,"emcosID":null,"emcosMLID":null,"codMaketTEP":null,"codTEP":null,"WSName":"DB","rangeAddress":"$AS$224:$AS$261","headAddress":"$AS$224","bodyAddress":"$AS$225:$AS$261","_name":"по плану"},"формула":{"_level":2,"parentID":"84e0e6ff-7283-4e66-910b-6e5c4ba370e2","firstParentID":"4c062fae-a6cd-4760-abba-e8babc685dcc","ID":"a21c8d8f-538d-46f0-bca2-86db8a2213cb","childs":null,"emcosID":null,"emcosMLID":null,"codMaketTEP":null,"codTEP":null,"WSName":"DB","rangeAddress":"$AT$224:$AT$261","headAddress":"$AT$224","bodyAddress":"$AT$225:$AT$261","_name":"формула"}},"emcosID":null,"emcosMLID":null,"codMaketTEP":null,"codTEP":null,"WSName":"DB","rangeAddress":"$AO$223:$AT$261","headAddress":"$AO$223:$AT$223","bodyAddress":"$AO$224:$AT$261","_name":"прием"},"план":{"_level":1,"parentID":"f8795bfd-dc88-4e1b-9aa6-5f71b36bd3d7","firstParentID":"4c062fae-a6cd-4760-abba-e8babc685dcc","ID":"5649b236-a24e-4045-b105-bebf86567a8b","childs":{"код":{"_level":2,"parentID":"5649b236-a24e-4045-b105-bebf86567a8b","firstParentID":"4c062fae-a6cd-4760-abba-e8babc685dcc","ID":"1e137fdf-562c-4c7d-ac2a-6507a1c80231","childs":null,"emcosID":null,"emcosMLID":null,"codMaketTEP":null,"codTEP":null,"WSName":"DB","rangeAddress":"$AU$224:$AU$261","headAddress":"$AU$224","bodyAddress":"$AU$225:$AU$261","_name":"код"},"основное":{"_level":2,"parentID":"5649b236-a24e-4045-b105-bebf86567a8b","firstParentID":"4c062fae-a6cd-4760-abba-e8babc685dcc","ID":"2892295c-4df7-4a85-af96-971eae142cea","childs":null,"emcosID":null,"emcosMLID":null,"codMaketTEP":null,"codTEP":null,"WSName":"DB","rangeAddress":"$AV$224:$AV$261","headAddress":"$AV$224","bodyAddress":"$AV$225:$AV$261","_name":"основное"},"заявка":{"_level":2,"parentID":"5649b236-a24e-4045-b105-bebf86567a8b","firstParentID":"4c062fae-a6cd-4760-abba-e8babc685dcc","ID":"10e299a9-80ef-4b39-ad69-3ddf6ed06452","childs":null,"emcosID":null,"emcosMLID":null,"codMaketTEP":null,"codTEP":null,"WSName":"DB","rangeAddress":"$AW$224:$AW$261","headAddress":"$AW$224","bodyAddress":"$AW$225:$AW$261","_name":"заявка"},"утвержденный":{"_level":2,"parentID":"5649b236-a24e-4045-b105-bebf86567a8b","firstParentID":"4c062fae-a6cd-4760-abba-e8babc685dcc","ID":"270b181b-0e25-4def-9e84-5bea51130533","childs":null,"emcosID":null,"emcosMLID":null,"codMaketTEP":null,"codTEP":null,"WSName":"DB","rangeAddress":"$AX$224:$AX$261","headAddress":"$AX$224","bodyAddress":"$AX$225:$AX$261","_name":"утвержденный"},"корректировка":{"_level":2,"parentID":"5649b236-a24e-4045-b105-bebf86567a8b","firstParentID":"4c062fae-a6cd-4760-abba-e8babc685dcc","ID":"e9789f6c-5e48-4a4c-8d17-8ec86a04b66f","childs":null,"emcosID":null,"emcosMLID":null,"codMaketTEP":null,"codTEP":null,"WSName":"DB","rangeAddress":"$AY$224:$AY$261","headAddress":"$AY$224","bodyAddress":"$AY$225:$AY$261","_name":"корректировка"}},"emcosID":null,"emcosMLID":null,"codMaketTEP":null,"codTEP":null,"WSName":"DB","rangeAddress":"$AU$223:$AY$261","headAddress":"$AU$223:$AY$223","bodyAddress":"$AU$224:$AY$261","_name":"план"}},"emcosID":null,"emcosMLID":null,"codMaketTEP":null,"codTEP":null,"WSName":"DB","rangeAddress":"$AO$222:$AY$261","headAddress":"$AO$222:$AY$222","bodyAddress":"$AO$223:$AY$261","_name":"Потери KEGOC Жтысуский энергоузел"}},"codPlan":29,"meterCoef":null,"_name":"Потери KEGOC Жтысуский энергоузел"}