{"ID":"4f545ac8-df68-4ba2-92f9-ece1833e778a","childs":{"PS":{"_level":0,"parentID":"4f545ac8-df68-4ba2-92f9-ece1833e778a","firstParentID":"4f545ac8-df68-4ba2-92f9-ece1833e778a","ID":"23ac78f9-fde8-4a4e-ae66-5c2ac22c27ca","childs":{"прием":{"_level":1,"parentID":"23ac78f9-fde8-4a4e-ae66-5c2ac22c27ca","firstParentID":"4f545ac8-df68-4ba2-92f9-ece1833e778a","ID":"967ebfaf-be7f-4c98-8b6a-9514682ff0b9","childs":{"формула":{"_level":2,"parentID":"967ebfaf-be7f-4c98-8b6a-9514682ff0b9","firstParentID":"4f545ac8-df68-4ba2-92f9-ece1833e778a","ID":"5d91e713-c6be-4784-9347-94ada016c2fa","childs":null,"emcosID":null,"emcosMLID":null,"codMaketTEP":null,"codTEP":null,"WSName":"PS","rangeAddress":"$FR$99:$FR$135","headAddress":"$FR$99","bodyAddress":"$FR$100:$FR$135","_name":"формула"}},"emcosID":null,"emcosMLID":null,"codMaketTEP":null,"codTEP":null,"WSName":"PS","rangeAddress":"$FR$98:$FR$135","headAddress":"$FR$98","bodyAddress":"$FR$99:$FR$135","_name":"прием"},"отдача":{"_level":1,"parentID":"23ac78f9-fde8-4a4e-ae66-5c2ac22c27ca","firstParentID":"4f545ac8-df68-4ba2-92f9-ece1833e778a","ID":"6a601b6d-abc2-4964-8883-04058d615c38","childs":{"по счетчику":{"_level":2,"parentID":"6a601b6d-abc2-4964-8883-04058d615c38","firstParentID":"4f545ac8-df68-4ba2-92f9-ece1833e778a","ID":"14b13c71-926a-4aaa-9481-01031eda97b4","childs":null,"emcosID":null,"emcosMLID":null,"codMaketTEP":null,"codTEP":null,"WSName":"PS","rangeAddress":"$FS$99:$FS$135","headAddress":"$FS$99","bodyAddress":"$FS$100:$FS$135","_name":"по счетчику"}},"emcosID":null,"emcosMLID":null,"codMaketTEP":null,"codTEP":null,"WSName":"PS","rangeAddress":"$FS$98:$FS$135","headAddress":"$FS$98","bodyAddress":"$FS$99:$FS$135","_name":"отдача"}},"emcosID":null,"emcosMLID":null,"codMaketTEP":null,"codTEP":null,"WSName":"PS","rangeAddress":"$FR$97:$FS$135","headAddress":"$FR$97:$FS$97","bodyAddress":"$FR$98:$FS$135","_name":"Л67А Пионерская Строительная 120А"},"DB":{"_level":0,"parentID":"4f545ac8-df68-4ba2-92f9-ece1833e778a","firstParentID":"4f545ac8-df68-4ba2-92f9-ece1833e778a","ID":"3cc14b7d-60bb-4e0f-bb35-263d1e4eac01","childs":{"прием":{"_level":1,"parentID":"3cc14b7d-60bb-4e0f-bb35-263d1e4eac01","firstParentID":"4f545ac8-df68-4ba2-92f9-ece1833e778a","ID":"0044428e-8c6d-4005-899b-8d788b466257","childs":{"код":{"_level":2,"parentID":"0044428e-8c6d-4005-899b-8d788b466257","firstParentID":"4f545ac8-df68-4ba2-92f9-ece1833e778a","ID":"2e3a09da-3ee2-4c88-af97-e983b19dad0a","childs":null,"emcosID":null,"emcosMLID":null,"codMaketTEP":null,"codTEP":null,"WSName":"DB","rangeAddress":"$CM$353:$CM$390","headAddress":"$CM$353","bodyAddress":"$CM$354:$CM$390","_name":"код"},"основное":{"_level":2,"parentID":"0044428e-8c6d-4005-899b-8d788b466257","firstParentID":"4f545ac8-df68-4ba2-92f9-ece1833e778a","ID":"79911177-2070-4c82-8195-dc97c32021b5","childs":null,"emcosID":null,"emcosMLID":null,"codMaketTEP":null,"codTEP":null,"WSName":"DB","rangeAddress":"$CN$353:$CN$390","headAddress":"$CN$353","bodyAddress":"$CN$354:$CN$390","_name":"основное"},"корректировка факт":{"_level":2,"parentID":"0044428e-8c6d-4005-899b-8d788b466257","firstParentID":"4f545ac8-df68-4ba2-92f9-ece1833e778a","ID":"450c95c5-f354-4359-a6a1-c5857b098e37","childs":null,"emcosID":null,"emcosMLID":null,"codMaketTEP":null,"codTEP":null,"WSName":"DB","rangeAddress":"$CO$353:$CO$390","headAddress":"$CO$353","bodyAddress":"$CO$354:$CO$390","_name":"корректировка факт"},"ручное":{"_level":2,"parentID":"0044428e-8c6d-4005-899b-8d788b466257","firstParentID":"4f545ac8-df68-4ba2-92f9-ece1833e778a","ID":"67ab49c6-cfc1-4f5b-9189-652f02544661","childs":null,"emcosID":null,"emcosMLID":null,"codMaketTEP":null,"codTEP":null,"WSName":"DB","rangeAddress":"$CP$353:$CP$390","headAddress":"$CP$353","bodyAddress":"$CP$354:$CP$390","_name":"ручное"},"счетчик":{"_level":2,"parentID":"0044428e-8c6d-4005-899b-8d788b466257","firstParentID":"4f545ac8-df68-4ba2-92f9-ece1833e778a","ID":"9ea5a192-152c-4d81-8c09-99b241fa96a4","childs":null,"emcosID":null,"emcosMLID":null,"codMaketTEP":null,"codTEP":null,"WSName":"DB","rangeAddress":"$CQ$353:$CQ$390","headAddress":"$CQ$353","bodyAddress":"$CQ$354:$CQ$390","_name":"счетчик"},"по счетчику":{"_level":2,"parentID":"0044428e-8c6d-4005-899b-8d788b466257","firstParentID":"4f545ac8-df68-4ba2-92f9-ece1833e778a","ID":"b3c18d3e-8266-4fdd-84d0-3c2d2be01c68","childs":null,"emcosID":null,"emcosMLID":null,"codMaketTEP":null,"codTEP":null,"WSName":"DB","rangeAddress":"$CR$353:$CR$390","headAddress":"$CR$353","bodyAddress":"$CR$354:$CR$390","_name":"по счетчику"},"формула":{"_level":2,"parentID":"0044428e-8c6d-4005-899b-8d788b466257","firstParentID":"4f545ac8-df68-4ba2-92f9-ece1833e778a","ID":"7abf844e-d2e9-4113-a91f-0a529057f612","childs":null,"emcosID":null,"emcosMLID":null,"codMaketTEP":null,"codTEP":null,"WSName":"DB","rangeAddress":"$CS$353:$CS$390","headAddress":"$CS$353","bodyAddress":"$CS$354:$CS$390","_name":"формула"}},"emcosID":null,"emcosMLID":null,"codMaketTEP":null,"codTEP":null,"WSName":"DB","rangeAddress":"$CM$352:$CS$390","headAddress":"$CM$352:$CS$352","bodyAddress":"$CM$353:$CS$390","_name":"прием"},"отдача":{"_level":1,"parentID":"3cc14b7d-60bb-4e0f-bb35-263d1e4eac01","firstParentID":"4f545ac8-df68-4ba2-92f9-ece1833e778a","ID":"eecede08-fc44-409e-aeef-583d2571c8da","childs":{"код":{"_level":2,"parentID":"eecede08-fc44-409e-aeef-583d2571c8da","firstParentID":"4f545ac8-df68-4ba2-92f9-ece1833e778a","ID":"f3e019f6-a91b-4357-9411-eaa6cbd852a1","childs":null,"emcosID":null,"emcosMLID":null,"codMaketTEP":null,"codTEP":null,"WSName":"DB","rangeAddress":"$CT$353:$CT$390","headAddress":"$CT$353","bodyAddress":"$CT$354:$CT$390","_name":"код"},"основное":{"_level":2,"parentID":"eecede08-fc44-409e-aeef-583d2571c8da","firstParentID":"4f545ac8-df68-4ba2-92f9-ece1833e778a","ID":"ae2f81c0-147a-438d-8358-82ac666b24ce","childs":null,"emcosID":null,"emcosMLID":null,"codMaketTEP":null,"codTEP":null,"WSName":"DB","rangeAddress":"$CU$353:$CU$390","headAddress":"$CU$353","bodyAddress":"$CU$354:$CU$390","_name":"основное"},"корректировка факт":{"_level":2,"parentID":"eecede08-fc44-409e-aeef-583d2571c8da","firstParentID":"4f545ac8-df68-4ba2-92f9-ece1833e778a","ID":"a3060125-8422-47f5-81e7-36d36e2d356a","childs":null,"emcosID":null,"emcosMLID":null,"codMaketTEP":null,"codTEP":null,"WSName":"DB","rangeAddress":"$CV$353:$CV$390","headAddress":"$CV$353","bodyAddress":"$CV$354:$CV$390","_name":"корректировка факт"},"ручное":{"_level":2,"parentID":"eecede08-fc44-409e-aeef-583d2571c8da","firstParentID":"4f545ac8-df68-4ba2-92f9-ece1833e778a","ID":"21d162d8-ef73-4528-a238-f26ff735f130","childs":null,"emcosID":null,"emcosMLID":null,"codMaketTEP":null,"codTEP":null,"WSName":"DB","rangeAddress":"$CW$353:$CW$390","headAddress":"$CW$353","bodyAddress":"$CW$354:$CW$390","_name":"ручное"},"счетчик":{"_level":2,"parentID":"eecede08-fc44-409e-aeef-583d2571c8da","firstParentID":"4f545ac8-df68-4ba2-92f9-ece1833e778a","ID":"85efdb24-3a19-46a6-b0e4-aa8913731fd2","childs":null,"emcosID":null,"emcosMLID":null,"codMaketTEP":null,"codTEP":null,"WSName":"DB","rangeAddress":"$CX$353:$CX$390","headAddress":"$CX$353","bodyAddress":"$CX$354:$CX$390","_name":"счетчик"},"по счетчику":{"_level":2,"parentID":"eecede08-fc44-409e-aeef-583d2571c8da","firstParentID":"4f545ac8-df68-4ba2-92f9-ece1833e778a","ID":"5ce3dbed-fdf1-48ba-81aa-5a39c73a43a2","childs":null,"emcosID":null,"emcosMLID":null,"codMaketTEP":null,"codTEP":null,"WSName":"DB","rangeAddress":"$CY$353:$CY$390","headAddress":"$CY$353","bodyAddress":"$CY$354:$CY$390","_name":"по счетчику"},"формула":{"_level":2,"parentID":"eecede08-fc44-409e-aeef-583d2571c8da","firstParentID":"4f545ac8-df68-4ba2-92f9-ece1833e778a","ID":"5389a655-d193-41b9-9ef9-09bd8bae824d","childs":null,"emcosID":null,"emcosMLID":null,"codMaketTEP":null,"codTEP":null,"WSName":"DB","rangeAddress":"$CZ$353:$CZ$390","headAddress":"$CZ$353","bodyAddress":"$CZ$354:$CZ$390","_name":"формула"}},"emcosID":null,"emcosMLID":null,"codMaketTEP":null,"codTEP":null,"WSName":"DB","rangeAddress":"$CT$352:$CZ$390","headAddress":"$CT$352:$CZ$352","bodyAddress":"$CT$353:$CZ$390","_name":"отдача"}},"emcosID":null,"emcosMLID":null,"codMaketTEP":null,"codTEP":null,"WSName":"DB","rangeAddress":"$CM$351:$CZ$390","headAddress":"$CM$351:$CZ$351","bodyAddress":"$CM$352:$CZ$390","_name":"Л67А Пионерская Строительная 120А"}},"codPlan":null,"meterCoef":null,"_name":"Л67А Пионерская Строительная 120А"}