{"ID":"51422be5-39f2-48ba-b19f-d1542c9ff4c3","childs":{"PS":{"_level":0,"parentID":"51422be5-39f2-48ba-b19f-d1542c9ff4c3","firstParentID":"51422be5-39f2-48ba-b19f-d1542c9ff4c3","ID":"fb331dc0-444b-4d77-aec6-17a11c1fcb87","childs":{"отдача":{"_level":1,"parentID":"fb331dc0-444b-4d77-aec6-17a11c1fcb87","firstParentID":"51422be5-39f2-48ba-b19f-d1542c9ff4c3","ID":"95107a94-cb36-4a9a-b5bb-6c3d15c3f8a3","childs":{"оперативное":{"_level":2,"parentID":"95107a94-cb36-4a9a-b5bb-6c3d15c3f8a3","firstParentID":"51422be5-39f2-48ba-b19f-d1542c9ff4c3","ID":"cdb77450-0958-4ef4-87cc-f99e5d7cf89a","childs":null,"emcosID":null,"emcosMLID":null,"codMaketTEP":null,"codTEP":null,"WSName":"PS","rangeAddress":"$CS$185:$CS$221","headAddress":"$CS$185","bodyAddress":"$CS$186:$CS$221","_name":"оперативное"}},"emcosID":null,"emcosMLID":null,"codMaketTEP":null,"codTEP":null,"WSName":"PS","rangeAddress":"$CS$184:$CS$221","headAddress":"$CS$184","bodyAddress":"$CS$185:$CS$221","_name":"отдача"}},"emcosID":null,"emcosMLID":null,"codMaketTEP":null,"codTEP":null,"WSName":"PS","rangeAddress":"$CS$183:$CS$221","headAddress":"$CS$183","bodyAddress":"$CS$184:$CS$221","_name":"Генерация КазЭлектроЭнергия ИГЭС 2"},"DB":{"_level":0,"parentID":"51422be5-39f2-48ba-b19f-d1542c9ff4c3","firstParentID":"51422be5-39f2-48ba-b19f-d1542c9ff4c3","ID":"39cfde7c-467a-4eeb-aad9-4e99fa7d5a72","childs":{"отдача":{"_level":1,"parentID":"39cfde7c-467a-4eeb-aad9-4e99fa7d5a72","firstParentID":"51422be5-39f2-48ba-b19f-d1542c9ff4c3","ID":"f1ff2e03-70a8-4bf4-857b-e5e5a9ab60e2","childs":{"код":{"_level":2,"parentID":"f1ff2e03-70a8-4bf4-857b-e5e5a9ab60e2","firstParentID":"51422be5-39f2-48ba-b19f-d1542c9ff4c3","ID":"e2a9e44d-b991-481a-a97e-01028b9f1c5e","childs":null,"emcosID":null,"emcosMLID":null,"codMaketTEP":null,"codTEP":null,"WSName":"DB","rangeAddress":"$AG$224:$AG$261","headAddress":"$AG$224","bodyAddress":"$AG$225:$AG$261","_name":"код"},"основное":{"_level":2,"parentID":"f1ff2e03-70a8-4bf4-857b-e5e5a9ab60e2","firstParentID":"51422be5-39f2-48ba-b19f-d1542c9ff4c3","ID":"a2b7e248-773d-4957-9514-531026562c35","childs":null,"emcosID":null,"emcosMLID":null,"codMaketTEP":null,"codTEP":null,"WSName":"DB","rangeAddress":"$AH$224:$AH$261","headAddress":"$AH$224","bodyAddress":"$AH$225:$AH$261","_name":"основное"},"корректировка факт":{"_level":2,"parentID":"f1ff2e03-70a8-4bf4-857b-e5e5a9ab60e2","firstParentID":"51422be5-39f2-48ba-b19f-d1542c9ff4c3","ID":"dcf3ba3a-488a-4073-8050-fc823dbc3a6f","childs":null,"emcosID":null,"emcosMLID":null,"codMaketTEP":null,"codTEP":null,"WSName":"DB","rangeAddress":"$AI$224:$AI$261","headAddress":"$AI$224","bodyAddress":"$AI$225:$AI$261","_name":"корректировка факт"},"ручное":{"_level":2,"parentID":"f1ff2e03-70a8-4bf4-857b-e5e5a9ab60e2","firstParentID":"51422be5-39f2-48ba-b19f-d1542c9ff4c3","ID":"3747002c-cd75-4a7f-9fc1-4c4f39ea1b40","childs":null,"emcosID":null,"emcosMLID":null,"codMaketTEP":null,"codTEP":null,"WSName":"DB","rangeAddress":"$AJ$224:$AJ$261","headAddress":"$AJ$224","bodyAddress":"$AJ$225:$AJ$261","_name":"ручное"},"оперативное":{"_level":2,"parentID":"f1ff2e03-70a8-4bf4-857b-e5e5a9ab60e2","firstParentID":"51422be5-39f2-48ba-b19f-d1542c9ff4c3","ID":"46607165-ffde-4ae8-81b3-167b50ed9241","childs":null,"emcosID":null,"emcosMLID":null,"codMaketTEP":null,"codTEP":null,"WSName":"DB","rangeAddress":"$AK$224:$AK$261","headAddress":"$AK$224","bodyAddress":"$AK$225:$AK$261","_name":"оперативное"}},"emcosID":null,"emcosMLID":null,"codMaketTEP":null,"codTEP":null,"WSName":"DB","rangeAddress":"$AG$223:$AK$261","headAddress":"$AG$223:$AK$223","bodyAddress":"$AG$224:$AK$261","_name":"отдача"}},"emcosID":null,"emcosMLID":null,"codMaketTEP":null,"codTEP":null,"WSName":"DB","rangeAddress":"$AG$222:$AK$261","headAddress":"$AG$222:$AK$222","bodyAddress":"$AG$223:$AK$261","_name":"Генерация КазЭлектроЭнергия ИГЭС 2"}},"codPlan":null,"meterCoef":null,"_name":"Генерация КазЭлектроЭнергия ИГЭС 2"}