{"ID":"51422be5-39f2-48ba-b19f-d1542c9ff4c3","childs":{"PS":{"_level":0,"parentID":"51422be5-39f2-48ba-b19f-d1542c9ff4c3","firstParentID":"51422be5-39f2-48ba-b19f-d1542c9ff4c3","ID":"fb331dc0-444b-4d77-aec6-17a11c1fcb87","childs":{"отдача":{"_level":1,"parentID":"fb331dc0-444b-4d77-aec6-17a11c1fcb87","firstParentID":"51422be5-39f2-48ba-b19f-d1542c9ff4c3","ID":"95107a94-cb36-4a9a-b5bb-6c3d15c3f8a3","childs":{"оперативное":{"_level":2,"parentID":"95107a94-cb36-4a9a-b5bb-6c3d15c3f8a3","firstParentID":"51422be5-39f2-48ba-b19f-d1542c9ff4c3","ID":"cdb77450-0958-4ef4-87cc-f99e5d7cf89a","childs":null,"emcosID":null,"emcosMLID":null,"codMaketTEP":null,"codTEP":null,"WSName":"PS","rangeAddress":"$DM$185:$DM$221","headAddress":"$DM$185","bodyAddress":"$DM$186:$DM$221","_name":"оперативное"}},"emcosID":null,"emcosMLID":null,"codMaketTEP":null,"codTEP":null,"WSName":"PS","rangeAddress":"$DM$184:$DM$221","headAddress":"$DM$184","bodyAddress":"$DM$185:$DM$221","_name":"отдача"}},"emcosID":null,"emcosMLID":null,"codMaketTEP":null,"codTEP":null,"WSName":"PS","rangeAddress":"$DM$183:$DM$221","headAddress":"$DM$183","bodyAddress":"$DM$184:$DM$221","_name":"Генерация КазЭлектроЭнергия ИГЭС 2"},"DB":{"_level":0,"parentID":"51422be5-39f2-48ba-b19f-d1542c9ff4c3","firstParentID":"51422be5-39f2-48ba-b19f-d1542c9ff4c3","ID":"39cfde7c-467a-4eeb-aad9-4e99fa7d5a72","childs":{"отдача":{"_level":1,"parentID":"39cfde7c-467a-4eeb-aad9-4e99fa7d5a72","firstParentID":"51422be5-39f2-48ba-b19f-d1542c9ff4c3","ID":"f1ff2e03-70a8-4bf4-857b-e5e5a9ab60e2","childs":{"код":{"_level":2,"parentID":"f1ff2e03-70a8-4bf4-857b-e5e5a9ab60e2","firstParentID":"51422be5-39f2-48ba-b19f-d1542c9ff4c3","ID":"e2a9e44d-b991-481a-a97e-01028b9f1c5e","childs":null,"emcosID":null,"emcosMLID":null,"codMaketTEP":null,"codTEP":null,"WSName":"DB","rangeAddress":"$AJ$224:$AJ$261","headAddress":"$AJ$224","bodyAddress":"$AJ$225:$AJ$261","_name":"код"},"основное":{"_level":2,"parentID":"f1ff2e03-70a8-4bf4-857b-e5e5a9ab60e2","firstParentID":"51422be5-39f2-48ba-b19f-d1542c9ff4c3","ID":"a2b7e248-773d-4957-9514-531026562c35","childs":null,"emcosID":null,"emcosMLID":null,"codMaketTEP":null,"codTEP":null,"WSName":"DB","rangeAddress":"$AK$224:$AK$261","headAddress":"$AK$224","bodyAddress":"$AK$225:$AK$261","_name":"основное"},"корректировка факт":{"_level":2,"parentID":"f1ff2e03-70a8-4bf4-857b-e5e5a9ab60e2","firstParentID":"51422be5-39f2-48ba-b19f-d1542c9ff4c3","ID":"dcf3ba3a-488a-4073-8050-fc823dbc3a6f","childs":null,"emcosID":null,"emcosMLID":null,"codMaketTEP":null,"codTEP":null,"WSName":"DB","rangeAddress":"$AL$224:$AL$261","headAddress":"$AL$224","bodyAddress":"$AL$225:$AL$261","_name":"корректировка факт"},"ручное":{"_level":2,"parentID":"f1ff2e03-70a8-4bf4-857b-e5e5a9ab60e2","firstParentID":"51422be5-39f2-48ba-b19f-d1542c9ff4c3","ID":"3747002c-cd75-4a7f-9fc1-4c4f39ea1b40","childs":null,"emcosID":null,"emcosMLID":null,"codMaketTEP":null,"codTEP":null,"WSName":"DB","rangeAddress":"$AM$224:$AM$261","headAddress":"$AM$224","bodyAddress":"$AM$225:$AM$261","_name":"ручное"},"оперативное":{"_level":2,"parentID":"f1ff2e03-70a8-4bf4-857b-e5e5a9ab60e2","firstParentID":"51422be5-39f2-48ba-b19f-d1542c9ff4c3","ID":"46607165-ffde-4ae8-81b3-167b50ed9241","childs":null,"emcosID":null,"emcosMLID":null,"codMaketTEP":null,"codTEP":null,"WSName":"DB","rangeAddress":"$AN$224:$AN$261","headAddress":"$AN$224","bodyAddress":"$AN$225:$AN$261","_name":"оперативное"}},"emcosID":null,"emcosMLID":null,"codMaketTEP":null,"codTEP":null,"WSName":"DB","rangeAddress":"$AJ$223:$AN$261","headAddress":"$AJ$223:$AN$223","bodyAddress":"$AJ$224:$AN$261","_name":"отдача"}},"emcosID":null,"emcosMLID":null,"codMaketTEP":null,"codTEP":null,"WSName":"DB","rangeAddress":"$AJ$222:$AN$261","headAddress":"$AJ$222:$AN$222","bodyAddress":"$AJ$223:$AN$261","_name":"Генерация КазЭлектроЭнергия ИГЭС 2"}},"codPlan":null,"meterCoef":null,"_name":"Генерация КазЭлектроЭнергия ИГЭС 2"}