{"ID":"53d96e7a-511f-4850-bd58-550f6ce7cabe","childs":{"PS":{"_level":0,"parentID":"53d96e7a-511f-4850-bd58-550f6ce7cabe","firstParentID":"53d96e7a-511f-4850-bd58-550f6ce7cabe","ID":"d29e06e9-60c9-4f55-8023-d48c0449ceb2","childs":{"прием":{"_level":1,"parentID":"d29e06e9-60c9-4f55-8023-d48c0449ceb2","firstParentID":"53d96e7a-511f-4850-bd58-550f6ce7cabe","ID":"7a4e7dba-4011-46d3-a7ba-e05a8f2f4fb4","childs":{"ручное":{"_level":2,"parentID":"7a4e7dba-4011-46d3-a7ba-e05a8f2f4fb4","firstParentID":"53d96e7a-511f-4850-bd58-550f6ce7cabe","ID":"d0ee8541-0437-4199-b560-843b2e44f0f5","childs":null,"emcosID":null,"emcosMLID":null,"codMaketTEP":null,"codTEP":null,"WSName":"PS","rangeAddress":"$AE$142:$AE$178","headAddress":"$AE$142","bodyAddress":"$AE$143:$AE$178","_name":"ручное"}},"emcosID":null,"emcosMLID":null,"codMaketTEP":null,"codTEP":null,"WSName":"PS","rangeAddress":"$AE$141:$AE$178","headAddress":"$AE$141","bodyAddress":"$AE$142:$AE$178","_name":"прием"},"отдача":{"_level":1,"parentID":"d29e06e9-60c9-4f55-8023-d48c0449ceb2","firstParentID":"53d96e7a-511f-4850-bd58-550f6ce7cabe","ID":"3dc74615-88fd-4191-9be3-f73c97af1c29","childs":{"ручное":{"_level":2,"parentID":"3dc74615-88fd-4191-9be3-f73c97af1c29","firstParentID":"53d96e7a-511f-4850-bd58-550f6ce7cabe","ID":"9e424177-b7d9-499c-b6ea-8788696bddcf","childs":null,"emcosID":null,"emcosMLID":null,"codMaketTEP":null,"codTEP":null,"WSName":"PS","rangeAddress":"$AF$142:$AF$178","headAddress":"$AF$142","bodyAddress":"$AF$143:$AF$178","_name":"ручное"}},"emcosID":null,"emcosMLID":null,"codMaketTEP":null,"codTEP":null,"WSName":"PS","rangeAddress":"$AF$141:$AF$178","headAddress":"$AF$141","bodyAddress":"$AF$142:$AF$178","_name":"отдача"}},"emcosID":null,"emcosMLID":null,"codMaketTEP":null,"codTEP":null,"WSName":"PS","rangeAddress":"$AE$140:$AF$178","headAddress":"$AE$140:$AF$140","bodyAddress":"$AE$141:$AF$178","_name":"Л107 ОРУ КарГЭС4"},"DB":{"_level":0,"parentID":"53d96e7a-511f-4850-bd58-550f6ce7cabe","firstParentID":"53d96e7a-511f-4850-bd58-550f6ce7cabe","ID":"a7e6ed21-8c3c-4363-a8a9-ff9c3424f618","childs":{"прием":{"_level":1,"parentID":"a7e6ed21-8c3c-4363-a8a9-ff9c3424f618","firstParentID":"53d96e7a-511f-4850-bd58-550f6ce7cabe","ID":"5bbc9313-58ce-4ba8-88c7-b63ea41bc32f","childs":{"код":{"_level":2,"parentID":"5bbc9313-58ce-4ba8-88c7-b63ea41bc32f","firstParentID":"53d96e7a-511f-4850-bd58-550f6ce7cabe","ID":"25aa2334-ecc2-4c56-9cc9-5182c8424071","childs":null,"emcosID":null,"emcosMLID":null,"codMaketTEP":null,"codTEP":null,"WSName":"DB","rangeAddress":"$DT$310:$DT$347","headAddress":"$DT$310","bodyAddress":"$DT$311:$DT$347","_name":"код"},"основное":{"_level":2,"parentID":"5bbc9313-58ce-4ba8-88c7-b63ea41bc32f","firstParentID":"53d96e7a-511f-4850-bd58-550f6ce7cabe","ID":"03738e07-e6c6-4a19-be99-60b81fee7549","childs":null,"emcosID":null,"emcosMLID":null,"codMaketTEP":null,"codTEP":null,"WSName":"DB","rangeAddress":"$DU$310:$DU$347","headAddress":"$DU$310","bodyAddress":"$DU$311:$DU$347","_name":"основное"},"корректировка факт":{"_level":2,"parentID":"5bbc9313-58ce-4ba8-88c7-b63ea41bc32f","firstParentID":"53d96e7a-511f-4850-bd58-550f6ce7cabe","ID":"25b332ff-0fbe-443d-9daf-013d6d6f91fe","childs":null,"emcosID":null,"emcosMLID":null,"codMaketTEP":null,"codTEP":null,"WSName":"DB","rangeAddress":"$DV$310:$DV$347","headAddress":"$DV$310","bodyAddress":"$DV$311:$DV$347","_name":"корректировка факт"},"ручное":{"_level":2,"parentID":"5bbc9313-58ce-4ba8-88c7-b63ea41bc32f","firstParentID":"53d96e7a-511f-4850-bd58-550f6ce7cabe","ID":"56626388-9afa-42d9-9fb3-60e449501f4e","childs":null,"emcosID":null,"emcosMLID":null,"codMaketTEP":null,"codTEP":null,"WSName":"DB","rangeAddress":"$DW$310:$DW$347","headAddress":"$DW$310","bodyAddress":"$DW$311:$DW$347","_name":"ручное"}},"emcosID":null,"emcosMLID":null,"codMaketTEP":null,"codTEP":null,"WSName":"DB","rangeAddress":"$DT$309:$DW$347","headAddress":"$DT$309:$DW$309","bodyAddress":"$DT$310:$DW$347","_name":"прием"},"отдача":{"_level":1,"parentID":"a7e6ed21-8c3c-4363-a8a9-ff9c3424f618","firstParentID":"53d96e7a-511f-4850-bd58-550f6ce7cabe","ID":"aef4725f-4b4c-4192-9455-04669a778632","childs":{"код":{"_level":2,"parentID":"aef4725f-4b4c-4192-9455-04669a778632","firstParentID":"53d96e7a-511f-4850-bd58-550f6ce7cabe","ID":"c6332c8a-d268-495f-816a-b5685452514a","childs":null,"emcosID":null,"emcosMLID":null,"codMaketTEP":null,"codTEP":null,"WSName":"DB","rangeAddress":"$DX$310:$DX$347","headAddress":"$DX$310","bodyAddress":"$DX$311:$DX$347","_name":"код"},"основное":{"_level":2,"parentID":"aef4725f-4b4c-4192-9455-04669a778632","firstParentID":"53d96e7a-511f-4850-bd58-550f6ce7cabe","ID":"cf1e6ad8-293e-42e4-ba0a-3e97d69e37df","childs":null,"emcosID":null,"emcosMLID":null,"codMaketTEP":null,"codTEP":null,"WSName":"DB","rangeAddress":"$DY$310:$DY$347","headAddress":"$DY$310","bodyAddress":"$DY$311:$DY$347","_name":"основное"},"корректировка факт":{"_level":2,"parentID":"aef4725f-4b4c-4192-9455-04669a778632","firstParentID":"53d96e7a-511f-4850-bd58-550f6ce7cabe","ID":"0314f912-7e4e-482a-b0c5-f5603f2d3bdd","childs":null,"emcosID":null,"emcosMLID":null,"codMaketTEP":null,"codTEP":null,"WSName":"DB","rangeAddress":"$DZ$310:$DZ$347","headAddress":"$DZ$310","bodyAddress":"$DZ$311:$DZ$347","_name":"корректировка факт"},"ручное":{"_level":2,"parentID":"aef4725f-4b4c-4192-9455-04669a778632","firstParentID":"53d96e7a-511f-4850-bd58-550f6ce7cabe","ID":"a3c21709-95fa-411c-be8e-033ebae6302e","childs":null,"emcosID":null,"emcosMLID":null,"codMaketTEP":null,"codTEP":null,"WSName":"DB","rangeAddress":"$EA$310:$EA$347","headAddress":"$EA$310","bodyAddress":"$EA$311:$EA$347","_name":"ручное"}},"emcosID":null,"emcosMLID":null,"codMaketTEP":null,"codTEP":null,"WSName":"DB","rangeAddress":"$DX$309:$EA$347","headAddress":"$DX$309:$EA$309","bodyAddress":"$DX$310:$EA$347","_name":"отдача"}},"emcosID":null,"emcosMLID":null,"codMaketTEP":null,"codTEP":null,"WSName":"DB","rangeAddress":"$DT$308:$EA$347","headAddress":"$DT$308:$EA$308","bodyAddress":"$DT$309:$EA$347","_name":"Л107 ОРУ КарГЭС4"}},"codPlan":null,"meterCoef":null,"_name":"Л107 ОРУ КарГЭС4"}