{"ID":"545dc9fd-ced2-403e-8821-272978f6d63f","childs":{"PS":{"_level":0,"parentID":"545dc9fd-ced2-403e-8821-272978f6d63f","firstParentID":"545dc9fd-ced2-403e-8821-272978f6d63f","ID":"656cc502-8ab0-4388-a490-05d538130495","childs":{"отдача":{"_level":1,"parentID":"656cc502-8ab0-4388-a490-05d538130495","firstParentID":"545dc9fd-ced2-403e-8821-272978f6d63f","ID":"b81091e6-a9ab-4f5f-85a9-39c4fcc2e8d1","childs":{"ручное":{"_level":2,"parentID":"b81091e6-a9ab-4f5f-85a9-39c4fcc2e8d1","firstParentID":"545dc9fd-ced2-403e-8821-272978f6d63f","ID":"ce5fc107-ba33-47a5-ade3-506c4efeeaa9","childs":null,"emcosID":null,"emcosMLID":null,"codMaketTEP":null,"codTEP":null,"WSName":"PS","rangeAddress":"$CM$185:$CM$221","headAddress":"$CM$185","bodyAddress":"$CM$186:$CM$221","_name":"ручное"}},"emcosID":null,"emcosMLID":null,"codMaketTEP":null,"codTEP":null,"WSName":"PS","rangeAddress":"$CM$184:$CM$221","headAddress":"$CM$184","bodyAddress":"$CM$185:$CM$221","_name":"отдача"}},"emcosID":null,"emcosMLID":null,"codMaketTEP":null,"codTEP":null,"WSName":"PS","rangeAddress":"$CM$183:$CM$221","headAddress":"$CM$183","bodyAddress":"$CM$184:$CM$221","_name":"Генерация Mistral Energy СЭС Каскелен 50"},"DB":{"_level":0,"parentID":"545dc9fd-ced2-403e-8821-272978f6d63f","firstParentID":"545dc9fd-ced2-403e-8821-272978f6d63f","ID":"b4fd4a55-b2d1-4db8-a224-8f7bdf2c2f5c","childs":{"отдача":{"_level":1,"parentID":"b4fd4a55-b2d1-4db8-a224-8f7bdf2c2f5c","firstParentID":"545dc9fd-ced2-403e-8821-272978f6d63f","ID":"19cfc086-6927-4656-a8a6-47ec71a99d64","childs":{"код":{"_level":2,"parentID":"19cfc086-6927-4656-a8a6-47ec71a99d64","firstParentID":"545dc9fd-ced2-403e-8821-272978f6d63f","ID":"827bc252-a522-4287-a3ef-c186c9e4c3dd","childs":null,"emcosID":null,"emcosMLID":null,"codMaketTEP":null,"codTEP":null,"WSName":"DB","rangeAddress":"$DG$396:$DG$433","headAddress":"$DG$396","bodyAddress":"$DG$397:$DG$433","_name":"код"},"основное":{"_level":2,"parentID":"19cfc086-6927-4656-a8a6-47ec71a99d64","firstParentID":"545dc9fd-ced2-403e-8821-272978f6d63f","ID":"cd770eee-b14a-4144-869a-d4f8fd422a8d","childs":null,"emcosID":null,"emcosMLID":null,"codMaketTEP":null,"codTEP":null,"WSName":"DB","rangeAddress":"$DH$396:$DH$433","headAddress":"$DH$396","bodyAddress":"$DH$397:$DH$433","_name":"основное"},"корректировка факт":{"_level":2,"parentID":"19cfc086-6927-4656-a8a6-47ec71a99d64","firstParentID":"545dc9fd-ced2-403e-8821-272978f6d63f","ID":"b4be70a2-d285-4358-a14c-3fa5b355998a","childs":null,"emcosID":null,"emcosMLID":null,"codMaketTEP":null,"codTEP":null,"WSName":"DB","rangeAddress":"$DI$396:$DI$433","headAddress":"$DI$396","bodyAddress":"$DI$397:$DI$433","_name":"корректировка факт"},"ручное":{"_level":2,"parentID":"19cfc086-6927-4656-a8a6-47ec71a99d64","firstParentID":"545dc9fd-ced2-403e-8821-272978f6d63f","ID":"c270bd67-a2c5-49eb-8834-a0c2c866adde","childs":null,"emcosID":null,"emcosMLID":null,"codMaketTEP":null,"codTEP":null,"WSName":"DB","rangeAddress":"$DJ$396:$DJ$433","headAddress":"$DJ$396","bodyAddress":"$DJ$397:$DJ$433","_name":"ручное"},"формула":{"_level":2,"parentID":"19cfc086-6927-4656-a8a6-47ec71a99d64","firstParentID":"545dc9fd-ced2-403e-8821-272978f6d63f","ID":"07a5e242-1095-4b40-a151-63787424c046","childs":null,"emcosID":null,"emcosMLID":null,"codMaketTEP":null,"codTEP":null,"WSName":"DB","rangeAddress":"$DK$396:$DK$433","headAddress":"$DK$396","bodyAddress":"$DK$397:$DK$433","_name":"формула"}},"emcosID":null,"emcosMLID":null,"codMaketTEP":null,"codTEP":null,"WSName":"DB","rangeAddress":"$DG$395:$DK$433","headAddress":"$DG$395:$DK$395","bodyAddress":"$DG$396:$DK$433","_name":"отдача"}},"emcosID":null,"emcosMLID":null,"codMaketTEP":null,"codTEP":null,"WSName":"DB","rangeAddress":"$DG$394:$DK$433","headAddress":"$DG$394:$DK$394","bodyAddress":"$DG$395:$DK$433","_name":"Генерация Mistral Energy СЭС Каскелен 50"}},"codPlan":null,"meterCoef":null,"_name":"Генерация Mistral Energy СЭС Каскелен 50"}