{"ID":"545dc9fd-ced2-403e-8821-272978f6d63f","childs":{"PS":{"_level":0,"parentID":"545dc9fd-ced2-403e-8821-272978f6d63f","firstParentID":"545dc9fd-ced2-403e-8821-272978f6d63f","ID":"656cc502-8ab0-4388-a490-05d538130495","childs":{"отдача":{"_level":1,"parentID":"656cc502-8ab0-4388-a490-05d538130495","firstParentID":"545dc9fd-ced2-403e-8821-272978f6d63f","ID":"b81091e6-a9ab-4f5f-85a9-39c4fcc2e8d1","childs":{"формула":{"_level":2,"parentID":"b81091e6-a9ab-4f5f-85a9-39c4fcc2e8d1","firstParentID":"545dc9fd-ced2-403e-8821-272978f6d63f","ID":"ce5fc107-ba33-47a5-ade3-506c4efeeaa9","childs":null,"emcosID":null,"emcosMLID":null,"codMaketTEP":null,"codTEP":null,"WSName":"PS","rangeAddress":"$CO$185:$CO$221","headAddress":"$CO$185","bodyAddress":"$CO$186:$CO$221","_name":"формула"}},"emcosID":null,"emcosMLID":null,"codMaketTEP":null,"codTEP":null,"WSName":"PS","rangeAddress":"$CO$184:$CO$221","headAddress":"$CO$184","bodyAddress":"$CO$185:$CO$221","_name":"отдача"}},"emcosID":null,"emcosMLID":null,"codMaketTEP":null,"codTEP":null,"WSName":"PS","rangeAddress":"$CO$183:$CO$221","headAddress":"$CO$183","bodyAddress":"$CO$184:$CO$221","_name":"Генерация Mistral Energy СЭС Каскелен 50"},"DB":{"_level":0,"parentID":"545dc9fd-ced2-403e-8821-272978f6d63f","firstParentID":"545dc9fd-ced2-403e-8821-272978f6d63f","ID":"b4fd4a55-b2d1-4db8-a224-8f7bdf2c2f5c","childs":{"отдача":{"_level":1,"parentID":"b4fd4a55-b2d1-4db8-a224-8f7bdf2c2f5c","firstParentID":"545dc9fd-ced2-403e-8821-272978f6d63f","ID":"19cfc086-6927-4656-a8a6-47ec71a99d64","childs":{"код":{"_level":2,"parentID":"19cfc086-6927-4656-a8a6-47ec71a99d64","firstParentID":"545dc9fd-ced2-403e-8821-272978f6d63f","ID":"827bc252-a522-4287-a3ef-c186c9e4c3dd","childs":null,"emcosID":null,"emcosMLID":null,"codMaketTEP":null,"codTEP":null,"WSName":"DB","rangeAddress":"$DT$396:$DT$433","headAddress":"$DT$396","bodyAddress":"$DT$397:$DT$433","_name":"код"},"основное":{"_level":2,"parentID":"19cfc086-6927-4656-a8a6-47ec71a99d64","firstParentID":"545dc9fd-ced2-403e-8821-272978f6d63f","ID":"cd770eee-b14a-4144-869a-d4f8fd422a8d","childs":null,"emcosID":null,"emcosMLID":null,"codMaketTEP":null,"codTEP":null,"WSName":"DB","rangeAddress":"$DU$396:$DU$433","headAddress":"$DU$396","bodyAddress":"$DU$397:$DU$433","_name":"основное"},"корректировка факт":{"_level":2,"parentID":"19cfc086-6927-4656-a8a6-47ec71a99d64","firstParentID":"545dc9fd-ced2-403e-8821-272978f6d63f","ID":"b4be70a2-d285-4358-a14c-3fa5b355998a","childs":null,"emcosID":null,"emcosMLID":null,"codMaketTEP":null,"codTEP":null,"WSName":"DB","rangeAddress":"$DV$396:$DV$433","headAddress":"$DV$396","bodyAddress":"$DV$397:$DV$433","_name":"корректировка факт"},"ручное":{"_level":2,"parentID":"19cfc086-6927-4656-a8a6-47ec71a99d64","firstParentID":"545dc9fd-ced2-403e-8821-272978f6d63f","ID":"c270bd67-a2c5-49eb-8834-a0c2c866adde","childs":null,"emcosID":null,"emcosMLID":null,"codMaketTEP":null,"codTEP":null,"WSName":"DB","rangeAddress":"$DW$396:$DW$433","headAddress":"$DW$396","bodyAddress":"$DW$397:$DW$433","_name":"ручное"},"формула":{"_level":2,"parentID":"19cfc086-6927-4656-a8a6-47ec71a99d64","firstParentID":"545dc9fd-ced2-403e-8821-272978f6d63f","ID":"07a5e242-1095-4b40-a151-63787424c046","childs":null,"emcosID":null,"emcosMLID":null,"codMaketTEP":null,"codTEP":null,"WSName":"DB","rangeAddress":"$DX$396:$DX$433","headAddress":"$DX$396","bodyAddress":"$DX$397:$DX$433","_name":"формула"}},"emcosID":null,"emcosMLID":null,"codMaketTEP":null,"codTEP":null,"WSName":"DB","rangeAddress":"$DT$395:$DX$433","headAddress":"$DT$395:$DX$395","bodyAddress":"$DT$396:$DX$433","_name":"отдача"}},"emcosID":null,"emcosMLID":null,"codMaketTEP":null,"codTEP":null,"WSName":"DB","rangeAddress":"$DT$394:$DX$433","headAddress":"$DT$394:$DX$394","bodyAddress":"$DT$395:$DX$433","_name":"Генерация Mistral Energy СЭС Каскелен 50"}},"codPlan":null,"meterCoef":null,"_name":"Генерация Mistral Energy СЭС Каскелен 50"}