{"ID":"54764423-131c-4e05-bbf9-791ba77373f5","childs":{"PS":{"_level":0,"parentID":"54764423-131c-4e05-bbf9-791ba77373f5","firstParentID":"54764423-131c-4e05-bbf9-791ba77373f5","ID":"c2cb25ce-132a-46b1-898a-107935670cce","childs":{"отдача":{"_level":1,"parentID":"c2cb25ce-132a-46b1-898a-107935670cce","firstParentID":"54764423-131c-4e05-bbf9-791ba77373f5","ID":"eea50e1e-006e-4bd9-8590-7e798c989e2c","childs":{"ручное":{"_level":2,"parentID":"eea50e1e-006e-4bd9-8590-7e798c989e2c","firstParentID":"54764423-131c-4e05-bbf9-791ba77373f5","ID":"10b2bd1c-69d6-46fb-a396-1dc2158646b3","childs":null,"emcosID":null,"emcosMLID":null,"codMaketTEP":null,"codTEP":null,"WSName":"PS","rangeAddress":"$BL$228:$BL$264","headAddress":"$BL$228","bodyAddress":"$BL$229:$BL$264","_name":"ручное"}},"emcosID":null,"emcosMLID":null,"codMaketTEP":null,"codTEP":null,"WSName":"PS","rangeAddress":"$BL$227:$BL$264","headAddress":"$BL$227","bodyAddress":"$BL$228:$BL$264","_name":"отдача"}},"emcosID":null,"emcosMLID":null,"codMaketTEP":null,"codTEP":null,"WSName":"PS","rangeAddress":"$BL$226:$BL$264","headAddress":"$BL$226","bodyAddress":"$BL$227:$BL$264","_name":"Генерация Коринская ГЭС"},"DB":{"_level":0,"parentID":"54764423-131c-4e05-bbf9-791ba77373f5","firstParentID":"54764423-131c-4e05-bbf9-791ba77373f5","ID":"c944b4bb-497c-442c-bc8a-dc97b525323a","childs":{"отдача":{"_level":1,"parentID":"c944b4bb-497c-442c-bc8a-dc97b525323a","firstParentID":"54764423-131c-4e05-bbf9-791ba77373f5","ID":"1e3b893c-263f-4baf-9967-b5538d06515b","childs":{"код":{"_level":2,"parentID":"1e3b893c-263f-4baf-9967-b5538d06515b","firstParentID":"54764423-131c-4e05-bbf9-791ba77373f5","ID":"b7a8d8c8-da24-4cdb-8d4b-3e7f5218a10f","childs":null,"emcosID":null,"emcosMLID":null,"codMaketTEP":null,"codTEP":null,"WSName":"DB","rangeAddress":"$EF$310:$EF$347","headAddress":"$EF$310","bodyAddress":"$EF$311:$EF$347","_name":"код"},"основное":{"_level":2,"parentID":"1e3b893c-263f-4baf-9967-b5538d06515b","firstParentID":"54764423-131c-4e05-bbf9-791ba77373f5","ID":"ee325595-f426-4f53-bab0-4f71f1f01c6b","childs":null,"emcosID":null,"emcosMLID":null,"codMaketTEP":null,"codTEP":null,"WSName":"DB","rangeAddress":"$EG$310:$EG$347","headAddress":"$EG$310","bodyAddress":"$EG$311:$EG$347","_name":"основное"},"корректировка факт":{"_level":2,"parentID":"1e3b893c-263f-4baf-9967-b5538d06515b","firstParentID":"54764423-131c-4e05-bbf9-791ba77373f5","ID":"2a41da83-122d-46e3-af6c-aff80c33e045","childs":null,"emcosID":null,"emcosMLID":null,"codMaketTEP":null,"codTEP":null,"WSName":"DB","rangeAddress":"$EH$310:$EH$347","headAddress":"$EH$310","bodyAddress":"$EH$311:$EH$347","_name":"корректировка факт"},"ручное":{"_level":2,"parentID":"1e3b893c-263f-4baf-9967-b5538d06515b","firstParentID":"54764423-131c-4e05-bbf9-791ba77373f5","ID":"83290921-b980-4fd4-b751-de38c0ac894f","childs":null,"emcosID":null,"emcosMLID":null,"codMaketTEP":null,"codTEP":null,"WSName":"DB","rangeAddress":"$EI$310:$EI$347","headAddress":"$EI$310","bodyAddress":"$EI$311:$EI$347","_name":"ручное"}},"emcosID":null,"emcosMLID":null,"codMaketTEP":null,"codTEP":null,"WSName":"DB","rangeAddress":"$EF$309:$EI$347","headAddress":"$EF$309:$EI$309","bodyAddress":"$EF$310:$EI$347","_name":"отдача"}},"emcosID":null,"emcosMLID":null,"codMaketTEP":null,"codTEP":null,"WSName":"DB","rangeAddress":"$EF$308:$EI$347","headAddress":"$EF$308:$EI$308","bodyAddress":"$EF$309:$EI$347","_name":"Генерация Коринская ГЭС"}},"codPlan":null,"meterCoef":null,"_name":"Генерация Коринская ГЭС"}