{"ID":"5494a448-a521-4f47-9e67-98d1fff5df5c","childs":{"PS":{"_level":0,"parentID":"5494a448-a521-4f47-9e67-98d1fff5df5c","firstParentID":"5494a448-a521-4f47-9e67-98d1fff5df5c","ID":"33493c9c-cb5a-4219-bbb5-d474c4237d54","childs":{"прием":{"_level":1,"parentID":"33493c9c-cb5a-4219-bbb5-d474c4237d54","firstParentID":"5494a448-a521-4f47-9e67-98d1fff5df5c","ID":"69b01c1e-ffdd-4718-8791-5721ad7c654e","childs":{"по счетчику":{"_level":2,"parentID":"69b01c1e-ffdd-4718-8791-5721ad7c654e","firstParentID":"5494a448-a521-4f47-9e67-98d1fff5df5c","ID":"0d026404-d44e-4e4e-b93b-dc9720b4f194","childs":null,"emcosID":null,"emcosMLID":null,"codMaketTEP":null,"codTEP":null,"WSName":"PS","rangeAddress":"$CI$99:$CI$135","headAddress":"$CI$99","bodyAddress":"$CI$100:$CI$135","_name":"по счетчику"},"СЧЕТЧИК":{"_level":2,"parentID":"69b01c1e-ffdd-4718-8791-5721ad7c654e","firstParentID":"5494a448-a521-4f47-9e67-98d1fff5df5c","ID":"b1781807-89ae-4210-a9ee-52f4bbece7bf","childs":null,"emcosID":null,"emcosMLID":null,"codMaketTEP":null,"codTEP":null,"WSName":"PS","rangeAddress":"$CJ$99:$CJ$135","headAddress":"$CJ$99","bodyAddress":"$CJ$100:$CJ$135","_name":"СЧЕТЧИК"}},"emcosID":null,"emcosMLID":null,"codMaketTEP":null,"codTEP":null,"WSName":"PS","rangeAddress":"$CI$98:$CJ$135","headAddress":"$CI$98:$CJ$98","bodyAddress":"$CI$99:$CJ$135","_name":"прием"},"отдача":{"_level":1,"parentID":"33493c9c-cb5a-4219-bbb5-d474c4237d54","firstParentID":"5494a448-a521-4f47-9e67-98d1fff5df5c","ID":"d0b12092-c672-4e84-af66-659e1b062da3","childs":{"по счетчику":{"_level":2,"parentID":"d0b12092-c672-4e84-af66-659e1b062da3","firstParentID":"5494a448-a521-4f47-9e67-98d1fff5df5c","ID":"02b14ef0-9b6d-4d78-a61c-9e10ad6d63ea","childs":null,"emcosID":null,"emcosMLID":null,"codMaketTEP":null,"codTEP":null,"WSName":"PS","rangeAddress":"$CK$99:$CK$135","headAddress":"$CK$99","bodyAddress":"$CK$100:$CK$135","_name":"по счетчику"},"СЧЕТЧИК":{"_level":2,"parentID":"d0b12092-c672-4e84-af66-659e1b062da3","firstParentID":"5494a448-a521-4f47-9e67-98d1fff5df5c","ID":"7f063865-6d35-4df4-8463-1a63e2f37862","childs":null,"emcosID":null,"emcosMLID":null,"codMaketTEP":null,"codTEP":null,"WSName":"PS","rangeAddress":"$CL$99:$CL$135","headAddress":"$CL$99","bodyAddress":"$CL$100:$CL$135","_name":"СЧЕТЧИК"}},"emcosID":null,"emcosMLID":null,"codMaketTEP":null,"codTEP":null,"WSName":"PS","rangeAddress":"$CK$98:$CL$135","headAddress":"$CK$98:$CL$98","bodyAddress":"$CK$99:$CL$135","_name":"отдача"}},"emcosID":null,"emcosMLID":null,"codMaketTEP":null,"codTEP":null,"WSName":"PS","rangeAddress":"$CI$97:$CL$135","headAddress":"$CI$97:$CL$97","bodyAddress":"$CI$98:$CL$135","_name":"КЛ46 ПС149 Талдыкорган ЗЩА"},"DB":{"_level":0,"parentID":"5494a448-a521-4f47-9e67-98d1fff5df5c","firstParentID":"5494a448-a521-4f47-9e67-98d1fff5df5c","ID":"b97e3769-8a4d-4814-9de9-a0bd0a6558b8","childs":{"прием":{"_level":1,"parentID":"b97e3769-8a4d-4814-9de9-a0bd0a6558b8","firstParentID":"5494a448-a521-4f47-9e67-98d1fff5df5c","ID":"6c6c997f-7974-4751-81a5-3edcc982fa81","childs":{"код":{"_level":2,"parentID":"6c6c997f-7974-4751-81a5-3edcc982fa81","firstParentID":"5494a448-a521-4f47-9e67-98d1fff5df5c","ID":"e04f1dc7-0bab-4e8a-b43a-9aeb98be2110","childs":null,"emcosID":null,"emcosMLID":null,"codMaketTEP":null,"codTEP":null,"WSName":"DB","rangeAddress":"$EO$310:$EO$347","headAddress":"$EO$310","bodyAddress":"$EO$311:$EO$347","_name":"код"},"основное":{"_level":2,"parentID":"6c6c997f-7974-4751-81a5-3edcc982fa81","firstParentID":"5494a448-a521-4f47-9e67-98d1fff5df5c","ID":"207b3685-ff73-4359-bb8b-09df9ecb5718","childs":null,"emcosID":null,"emcosMLID":null,"codMaketTEP":null,"codTEP":null,"WSName":"DB","rangeAddress":"$EP$310:$EP$347","headAddress":"$EP$310","bodyAddress":"$EP$311:$EP$347","_name":"основное"},"корректировка факт":{"_level":2,"parentID":"6c6c997f-7974-4751-81a5-3edcc982fa81","firstParentID":"5494a448-a521-4f47-9e67-98d1fff5df5c","ID":"7c4a8019-527d-4437-a843-f021d6438f80","childs":null,"emcosID":null,"emcosMLID":null,"codMaketTEP":null,"codTEP":null,"WSName":"DB","rangeAddress":"$EQ$310:$EQ$347","headAddress":"$EQ$310","bodyAddress":"$EQ$311:$EQ$347","_name":"корректировка факт"},"ручное":{"_level":2,"parentID":"6c6c997f-7974-4751-81a5-3edcc982fa81","firstParentID":"5494a448-a521-4f47-9e67-98d1fff5df5c","ID":"5ed3c72a-d4e0-4d79-94cf-e45c94e2ad4e","childs":null,"emcosID":null,"emcosMLID":null,"codMaketTEP":null,"codTEP":null,"WSName":"DB","rangeAddress":"$ER$310:$ER$347","headAddress":"$ER$310","bodyAddress":"$ER$311:$ER$347","_name":"ручное"},"оперативное":{"_level":2,"parentID":"6c6c997f-7974-4751-81a5-3edcc982fa81","firstParentID":"5494a448-a521-4f47-9e67-98d1fff5df5c","ID":"9d0c8bfd-5159-4a91-b9ec-7fe60041e034","childs":null,"emcosID":null,"emcosMLID":null,"codMaketTEP":null,"codTEP":null,"WSName":"DB","rangeAddress":"$ES$310:$ES$347","headAddress":"$ES$310","bodyAddress":"$ES$311:$ES$347","_name":"оперативное"},"счетчик":{"_level":2,"parentID":"6c6c997f-7974-4751-81a5-3edcc982fa81","firstParentID":"5494a448-a521-4f47-9e67-98d1fff5df5c","ID":"99d77061-3b88-4e98-96b8-3cda3e3f52f5","childs":null,"emcosID":null,"emcosMLID":null,"codMaketTEP":null,"codTEP":null,"WSName":"DB","rangeAddress":"$ET$310:$ET$347","headAddress":"$ET$310","bodyAddress":"$ET$311:$ET$347","_name":"счетчик"},"по счетчику":{"_level":2,"parentID":"6c6c997f-7974-4751-81a5-3edcc982fa81","firstParentID":"5494a448-a521-4f47-9e67-98d1fff5df5c","ID":"cf66c4de-7e00-4901-a7ab-6b04770fda0d","childs":null,"emcosID":null,"emcosMLID":null,"codMaketTEP":null,"codTEP":null,"WSName":"DB","rangeAddress":"$EU$310:$EU$347","headAddress":"$EU$310","bodyAddress":"$EU$311:$EU$347","_name":"по счетчику"}},"emcosID":null,"emcosMLID":null,"codMaketTEP":null,"codTEP":null,"WSName":"DB","rangeAddress":"$EO$309:$EU$347","headAddress":"$EO$309:$EU$309","bodyAddress":"$EO$310:$EU$347","_name":"прием"},"отдача":{"_level":1,"parentID":"b97e3769-8a4d-4814-9de9-a0bd0a6558b8","firstParentID":"5494a448-a521-4f47-9e67-98d1fff5df5c","ID":"3bc2d7ef-0c5b-4eee-88ca-b88a3fe806e7","childs":{"код":{"_level":2,"parentID":"3bc2d7ef-0c5b-4eee-88ca-b88a3fe806e7","firstParentID":"5494a448-a521-4f47-9e67-98d1fff5df5c","ID":"b2ee862e-1c64-4a0b-8c59-3092e52ad751","childs":null,"emcosID":null,"emcosMLID":null,"codMaketTEP":null,"codTEP":null,"WSName":"DB","rangeAddress":"$EV$310:$EV$347","headAddress":"$EV$310","bodyAddress":"$EV$311:$EV$347","_name":"код"},"основное":{"_level":2,"parentID":"3bc2d7ef-0c5b-4eee-88ca-b88a3fe806e7","firstParentID":"5494a448-a521-4f47-9e67-98d1fff5df5c","ID":"a46f26cf-2ee9-4636-8d31-0c6d26492370","childs":null,"emcosID":null,"emcosMLID":null,"codMaketTEP":null,"codTEP":null,"WSName":"DB","rangeAddress":"$EW$310:$EW$347","headAddress":"$EW$310","bodyAddress":"$EW$311:$EW$347","_name":"основное"},"корректировка факт":{"_level":2,"parentID":"3bc2d7ef-0c5b-4eee-88ca-b88a3fe806e7","firstParentID":"5494a448-a521-4f47-9e67-98d1fff5df5c","ID":"3252e995-2b7f-4186-b75c-356ee7d2c9c6","childs":null,"emcosID":null,"emcosMLID":null,"codMaketTEP":null,"codTEP":null,"WSName":"DB","rangeAddress":"$EX$310:$EX$347","headAddress":"$EX$310","bodyAddress":"$EX$311:$EX$347","_name":"корректировка факт"},"ручное":{"_level":2,"parentID":"3bc2d7ef-0c5b-4eee-88ca-b88a3fe806e7","firstParentID":"5494a448-a521-4f47-9e67-98d1fff5df5c","ID":"4c2f635c-d9af-4046-bd58-0a62ca59e8f2","childs":null,"emcosID":null,"emcosMLID":null,"codMaketTEP":null,"codTEP":null,"WSName":"DB","rangeAddress":"$EY$310:$EY$347","headAddress":"$EY$310","bodyAddress":"$EY$311:$EY$347","_name":"ручное"},"оперативное":{"_level":2,"parentID":"3bc2d7ef-0c5b-4eee-88ca-b88a3fe806e7","firstParentID":"5494a448-a521-4f47-9e67-98d1fff5df5c","ID":"aff0adfc-7bed-4d46-a31a-8704afb2fb06","childs":null,"emcosID":null,"emcosMLID":null,"codMaketTEP":null,"codTEP":null,"WSName":"DB","rangeAddress":"$EZ$310:$EZ$347","headAddress":"$EZ$310","bodyAddress":"$EZ$311:$EZ$347","_name":"оперативное"},"счетчик":{"_level":2,"parentID":"3bc2d7ef-0c5b-4eee-88ca-b88a3fe806e7","firstParentID":"5494a448-a521-4f47-9e67-98d1fff5df5c","ID":"56dfb63e-a2a3-4c01-b158-ab2e6626c5b1","childs":null,"emcosID":null,"emcosMLID":null,"codMaketTEP":null,"codTEP":null,"WSName":"DB","rangeAddress":"$FA$310:$FA$347","headAddress":"$FA$310","bodyAddress":"$FA$311:$FA$347","_name":"счетчик"},"по счетчику":{"_level":2,"parentID":"3bc2d7ef-0c5b-4eee-88ca-b88a3fe806e7","firstParentID":"5494a448-a521-4f47-9e67-98d1fff5df5c","ID":"c3d36bfa-95bd-40e2-83bf-e4dfe4111e52","childs":null,"emcosID":null,"emcosMLID":null,"codMaketTEP":null,"codTEP":null,"WSName":"DB","rangeAddress":"$FB$310:$FB$347","headAddress":"$FB$310","bodyAddress":"$FB$311:$FB$347","_name":"по счетчику"}},"emcosID":null,"emcosMLID":null,"codMaketTEP":null,"codTEP":null,"WSName":"DB","rangeAddress":"$EV$309:$FB$347","headAddress":"$EV$309:$FB$309","bodyAddress":"$EV$310:$FB$347","_name":"отдача"}},"emcosID":null,"emcosMLID":null,"codMaketTEP":null,"codTEP":null,"WSName":"DB","rangeAddress":"$EO$308:$FB$347","headAddress":"$EO$308:$FB$308","bodyAddress":"$EO$309:$FB$347","_name":"КЛ46 ПС149 Талдыкорган ЗЩА"}},"codPlan":null,"meterCoef":"3","_name":"КЛ46 ПС149 Талдыкорган ЗЩА"}