{"ID":"54b17e2f-6d87-4ce3-ab68-c40f4ebd8f89","childs":{"PS":{"_level":0,"parentID":"54b17e2f-6d87-4ce3-ab68-c40f4ebd8f89","firstParentID":"54b17e2f-6d87-4ce3-ab68-c40f4ebd8f89","ID":"7be669f0-f435-4894-a0c4-682ac30af1de","childs":{"прием":{"_level":1,"parentID":"7be669f0-f435-4894-a0c4-682ac30af1de","firstParentID":"54b17e2f-6d87-4ce3-ab68-c40f4ebd8f89","ID":"9d549a6e-feac-4794-86fc-b5553d59037a","childs":{"по счетчику":{"_level":2,"parentID":"9d549a6e-feac-4794-86fc-b5553d59037a","firstParentID":"54b17e2f-6d87-4ce3-ab68-c40f4ebd8f89","ID":"2d47c7fb-21a2-4bca-843a-651f55cfc032","childs":null,"emcosID":null,"emcosMLID":null,"codMaketTEP":null,"codTEP":null,"WSName":"PS","rangeAddress":"$DO$99:$DO$135","headAddress":"$DO$99","bodyAddress":"$DO$100:$DO$135","_name":"по счетчику"},"СЧЕТЧИК":{"_level":2,"parentID":"9d549a6e-feac-4794-86fc-b5553d59037a","firstParentID":"54b17e2f-6d87-4ce3-ab68-c40f4ebd8f89","ID":"55afab34-ff32-4232-91e7-dc6edca2f74f","childs":null,"emcosID":null,"emcosMLID":null,"codMaketTEP":null,"codTEP":null,"WSName":"PS","rangeAddress":"$DP$99:$DP$135","headAddress":"$DP$99","bodyAddress":"$DP$100:$DP$135","_name":"СЧЕТЧИК"}},"emcosID":null,"emcosMLID":null,"codMaketTEP":null,"codTEP":null,"WSName":"PS","rangeAddress":"$DO$98:$DP$135","headAddress":"$DO$98:$DP$98","bodyAddress":"$DO$99:$DP$135","_name":"прием"},"отдача":{"_level":1,"parentID":"7be669f0-f435-4894-a0c4-682ac30af1de","firstParentID":"54b17e2f-6d87-4ce3-ab68-c40f4ebd8f89","ID":"629b1a8a-4b97-494f-8c85-7199d2bbd6be","childs":{"по счетчику":{"_level":2,"parentID":"629b1a8a-4b97-494f-8c85-7199d2bbd6be","firstParentID":"54b17e2f-6d87-4ce3-ab68-c40f4ebd8f89","ID":"61ddc9ac-5896-423d-b843-ba45991cdecf","childs":null,"emcosID":null,"emcosMLID":null,"codMaketTEP":null,"codTEP":null,"WSName":"PS","rangeAddress":"$DQ$99:$DQ$135","headAddress":"$DQ$99","bodyAddress":"$DQ$100:$DQ$135","_name":"по счетчику"},"СЧЕТЧИК":{"_level":2,"parentID":"629b1a8a-4b97-494f-8c85-7199d2bbd6be","firstParentID":"54b17e2f-6d87-4ce3-ab68-c40f4ebd8f89","ID":"fb3fc7be-2572-4560-a20e-88f6b0461e84","childs":null,"emcosID":null,"emcosMLID":null,"codMaketTEP":null,"codTEP":null,"WSName":"PS","rangeAddress":"$DR$99:$DR$135","headAddress":"$DR$99","bodyAddress":"$DR$100:$DR$135","_name":"СЧЕТЧИК"}},"emcosID":null,"emcosMLID":null,"codMaketTEP":null,"codTEP":null,"WSName":"PS","rangeAddress":"$DQ$98:$DR$135","headAddress":"$DQ$98:$DR$98","bodyAddress":"$DQ$99:$DR$135","_name":"отдача"}},"emcosID":null,"emcosMLID":null,"codMaketTEP":null,"codTEP":null,"WSName":"PS","rangeAddress":"$DO$97:$DR$135","headAddress":"$DO$97:$DR$97","bodyAddress":"$DO$98:$DR$135","_name":"Л109 ПС152 Талдыкорган"},"DB":{"_level":0,"parentID":"54b17e2f-6d87-4ce3-ab68-c40f4ebd8f89","firstParentID":"54b17e2f-6d87-4ce3-ab68-c40f4ebd8f89","ID":"bf62abf1-33bd-4216-8642-336e1bf25b95","childs":{"прием":{"_level":1,"parentID":"bf62abf1-33bd-4216-8642-336e1bf25b95","firstParentID":"54b17e2f-6d87-4ce3-ab68-c40f4ebd8f89","ID":"0a116b68-d0b4-48b4-a1c8-12189a989302","childs":{"код":{"_level":2,"parentID":"0a116b68-d0b4-48b4-a1c8-12189a989302","firstParentID":"54b17e2f-6d87-4ce3-ab68-c40f4ebd8f89","ID":"02b5bebf-1733-4317-9abe-d61171a1c0b3","childs":null,"emcosID":null,"emcosMLID":null,"codMaketTEP":null,"codTEP":null,"WSName":"DB","rangeAddress":"$FE$310:$FE$347","headAddress":"$FE$310","bodyAddress":"$FE$311:$FE$347","_name":"код"},"основное":{"_level":2,"parentID":"0a116b68-d0b4-48b4-a1c8-12189a989302","firstParentID":"54b17e2f-6d87-4ce3-ab68-c40f4ebd8f89","ID":"aa57b63f-594c-4a27-9744-7828d07db5f5","childs":null,"emcosID":null,"emcosMLID":null,"codMaketTEP":null,"codTEP":null,"WSName":"DB","rangeAddress":"$FF$310:$FF$347","headAddress":"$FF$310","bodyAddress":"$FF$311:$FF$347","_name":"основное"},"корректировка факт":{"_level":2,"parentID":"0a116b68-d0b4-48b4-a1c8-12189a989302","firstParentID":"54b17e2f-6d87-4ce3-ab68-c40f4ebd8f89","ID":"0f7ca9be-3e48-454d-ba10-f700055dfeb8","childs":null,"emcosID":null,"emcosMLID":null,"codMaketTEP":null,"codTEP":null,"WSName":"DB","rangeAddress":"$FG$310:$FG$347","headAddress":"$FG$310","bodyAddress":"$FG$311:$FG$347","_name":"корректировка факт"},"ручное":{"_level":2,"parentID":"0a116b68-d0b4-48b4-a1c8-12189a989302","firstParentID":"54b17e2f-6d87-4ce3-ab68-c40f4ebd8f89","ID":"c6ed4404-f3a1-49df-be89-42710195aeea","childs":null,"emcosID":null,"emcosMLID":null,"codMaketTEP":null,"codTEP":null,"WSName":"DB","rangeAddress":"$FH$310:$FH$347","headAddress":"$FH$310","bodyAddress":"$FH$311:$FH$347","_name":"ручное"},"оперативное":{"_level":2,"parentID":"0a116b68-d0b4-48b4-a1c8-12189a989302","firstParentID":"54b17e2f-6d87-4ce3-ab68-c40f4ebd8f89","ID":"f6346a35-d326-42b4-a94d-24cf472c4283","childs":null,"emcosID":null,"emcosMLID":null,"codMaketTEP":null,"codTEP":null,"WSName":"DB","rangeAddress":"$FI$310:$FI$347","headAddress":"$FI$310","bodyAddress":"$FI$311:$FI$347","_name":"оперативное"},"счетчик":{"_level":2,"parentID":"0a116b68-d0b4-48b4-a1c8-12189a989302","firstParentID":"54b17e2f-6d87-4ce3-ab68-c40f4ebd8f89","ID":"885e723d-5693-4ae8-b4c8-fb7853e355d2","childs":null,"emcosID":null,"emcosMLID":null,"codMaketTEP":null,"codTEP":null,"WSName":"DB","rangeAddress":"$FJ$310:$FJ$347","headAddress":"$FJ$310","bodyAddress":"$FJ$311:$FJ$347","_name":"счетчик"},"по счетчику":{"_level":2,"parentID":"0a116b68-d0b4-48b4-a1c8-12189a989302","firstParentID":"54b17e2f-6d87-4ce3-ab68-c40f4ebd8f89","ID":"b9ad0ece-b37a-45c5-bd55-7e66ebc143ba","childs":null,"emcosID":null,"emcosMLID":null,"codMaketTEP":null,"codTEP":null,"WSName":"DB","rangeAddress":"$FK$310:$FK$347","headAddress":"$FK$310","bodyAddress":"$FK$311:$FK$347","_name":"по счетчику"}},"emcosID":null,"emcosMLID":null,"codMaketTEP":null,"codTEP":null,"WSName":"DB","rangeAddress":"$FE$309:$FK$347","headAddress":"$FE$309:$FK$309","bodyAddress":"$FE$310:$FK$347","_name":"прием"},"отдача":{"_level":1,"parentID":"bf62abf1-33bd-4216-8642-336e1bf25b95","firstParentID":"54b17e2f-6d87-4ce3-ab68-c40f4ebd8f89","ID":"2fb25e96-9f30-4463-92f1-b7b957cbd899","childs":{"код":{"_level":2,"parentID":"2fb25e96-9f30-4463-92f1-b7b957cbd899","firstParentID":"54b17e2f-6d87-4ce3-ab68-c40f4ebd8f89","ID":"f57e1ee8-3df1-408c-9c8c-c3a21e563c41","childs":null,"emcosID":null,"emcosMLID":null,"codMaketTEP":null,"codTEP":null,"WSName":"DB","rangeAddress":"$FL$310:$FL$347","headAddress":"$FL$310","bodyAddress":"$FL$311:$FL$347","_name":"код"},"основное":{"_level":2,"parentID":"2fb25e96-9f30-4463-92f1-b7b957cbd899","firstParentID":"54b17e2f-6d87-4ce3-ab68-c40f4ebd8f89","ID":"f296a585-65bd-474d-ac71-655063e113ce","childs":null,"emcosID":null,"emcosMLID":null,"codMaketTEP":null,"codTEP":null,"WSName":"DB","rangeAddress":"$FM$310:$FM$347","headAddress":"$FM$310","bodyAddress":"$FM$311:$FM$347","_name":"основное"},"корректировка факт":{"_level":2,"parentID":"2fb25e96-9f30-4463-92f1-b7b957cbd899","firstParentID":"54b17e2f-6d87-4ce3-ab68-c40f4ebd8f89","ID":"1af75912-9e29-43e1-af8f-2e5b651732b2","childs":null,"emcosID":null,"emcosMLID":null,"codMaketTEP":null,"codTEP":null,"WSName":"DB","rangeAddress":"$FN$310:$FN$347","headAddress":"$FN$310","bodyAddress":"$FN$311:$FN$347","_name":"корректировка факт"},"ручное":{"_level":2,"parentID":"2fb25e96-9f30-4463-92f1-b7b957cbd899","firstParentID":"54b17e2f-6d87-4ce3-ab68-c40f4ebd8f89","ID":"20432fef-582f-4936-9f25-e084f9ee4203","childs":null,"emcosID":null,"emcosMLID":null,"codMaketTEP":null,"codTEP":null,"WSName":"DB","rangeAddress":"$FO$310:$FO$347","headAddress":"$FO$310","bodyAddress":"$FO$311:$FO$347","_name":"ручное"},"оперативное":{"_level":2,"parentID":"2fb25e96-9f30-4463-92f1-b7b957cbd899","firstParentID":"54b17e2f-6d87-4ce3-ab68-c40f4ebd8f89","ID":"7e30bb55-5937-4bcd-a775-93cc17071cef","childs":null,"emcosID":null,"emcosMLID":null,"codMaketTEP":null,"codTEP":null,"WSName":"DB","rangeAddress":"$FP$310:$FP$347","headAddress":"$FP$310","bodyAddress":"$FP$311:$FP$347","_name":"оперативное"},"счетчик":{"_level":2,"parentID":"2fb25e96-9f30-4463-92f1-b7b957cbd899","firstParentID":"54b17e2f-6d87-4ce3-ab68-c40f4ebd8f89","ID":"85bd0c82-8a8a-43e7-9be6-6b408247bcee","childs":null,"emcosID":null,"emcosMLID":null,"codMaketTEP":null,"codTEP":null,"WSName":"DB","rangeAddress":"$FQ$310:$FQ$347","headAddress":"$FQ$310","bodyAddress":"$FQ$311:$FQ$347","_name":"счетчик"},"по счетчику":{"_level":2,"parentID":"2fb25e96-9f30-4463-92f1-b7b957cbd899","firstParentID":"54b17e2f-6d87-4ce3-ab68-c40f4ebd8f89","ID":"2780eea3-e463-4a69-b345-253c3afa28e4","childs":null,"emcosID":null,"emcosMLID":null,"codMaketTEP":null,"codTEP":null,"WSName":"DB","rangeAddress":"$FR$310:$FR$347","headAddress":"$FR$310","bodyAddress":"$FR$311:$FR$347","_name":"по счетчику"}},"emcosID":null,"emcosMLID":null,"codMaketTEP":null,"codTEP":null,"WSName":"DB","rangeAddress":"$FL$309:$FR$347","headAddress":"$FL$309:$FR$309","bodyAddress":"$FL$310:$FR$347","_name":"отдача"}},"emcosID":null,"emcosMLID":null,"codMaketTEP":null,"codTEP":null,"WSName":"DB","rangeAddress":"$FE$308:$FR$347","headAddress":"$FE$308:$FR$308","bodyAddress":"$FE$309:$FR$347","_name":"Л109 ПС152 Талдыкорган"}},"codPlan":null,"meterCoef":"66","_name":"Л109 ПС152 Талдыкорган"}