{"ID":"54b17e2f-6d87-4ce3-ab68-c40f4ebd8f89","childs":{"PS":{"_level":0,"parentID":"54b17e2f-6d87-4ce3-ab68-c40f4ebd8f89","firstParentID":"54b17e2f-6d87-4ce3-ab68-c40f4ebd8f89","ID":"7be669f0-f435-4894-a0c4-682ac30af1de","childs":{"прием":{"_level":1,"parentID":"7be669f0-f435-4894-a0c4-682ac30af1de","firstParentID":"54b17e2f-6d87-4ce3-ab68-c40f4ebd8f89","ID":"9d549a6e-feac-4794-86fc-b5553d59037a","childs":{"по счетчику":{"_level":2,"parentID":"9d549a6e-feac-4794-86fc-b5553d59037a","firstParentID":"54b17e2f-6d87-4ce3-ab68-c40f4ebd8f89","ID":"2d47c7fb-21a2-4bca-843a-651f55cfc032","childs":null,"emcosID":null,"emcosMLID":null,"codMaketTEP":null,"codTEP":null,"WSName":"PS","rangeAddress":"$EV$99:$EV$135","headAddress":"$EV$99","bodyAddress":"$EV$100:$EV$135","_name":"по счетчику"},"СЧЕТЧИК":{"_level":2,"parentID":"9d549a6e-feac-4794-86fc-b5553d59037a","firstParentID":"54b17e2f-6d87-4ce3-ab68-c40f4ebd8f89","ID":"55afab34-ff32-4232-91e7-dc6edca2f74f","childs":null,"emcosID":null,"emcosMLID":null,"codMaketTEP":null,"codTEP":null,"WSName":"PS","rangeAddress":"$EW$99:$EW$135","headAddress":"$EW$99","bodyAddress":"$EW$100:$EW$135","_name":"СЧЕТЧИК"}},"emcosID":null,"emcosMLID":null,"codMaketTEP":null,"codTEP":null,"WSName":"PS","rangeAddress":"$EV$98:$EW$135","headAddress":"$EV$98:$EW$98","bodyAddress":"$EV$99:$EW$135","_name":"прием"},"отдача":{"_level":1,"parentID":"7be669f0-f435-4894-a0c4-682ac30af1de","firstParentID":"54b17e2f-6d87-4ce3-ab68-c40f4ebd8f89","ID":"629b1a8a-4b97-494f-8c85-7199d2bbd6be","childs":{"по счетчику":{"_level":2,"parentID":"629b1a8a-4b97-494f-8c85-7199d2bbd6be","firstParentID":"54b17e2f-6d87-4ce3-ab68-c40f4ebd8f89","ID":"61ddc9ac-5896-423d-b843-ba45991cdecf","childs":null,"emcosID":null,"emcosMLID":null,"codMaketTEP":null,"codTEP":null,"WSName":"PS","rangeAddress":"$EX$99:$EX$135","headAddress":"$EX$99","bodyAddress":"$EX$100:$EX$135","_name":"по счетчику"},"СЧЕТЧИК":{"_level":2,"parentID":"629b1a8a-4b97-494f-8c85-7199d2bbd6be","firstParentID":"54b17e2f-6d87-4ce3-ab68-c40f4ebd8f89","ID":"fb3fc7be-2572-4560-a20e-88f6b0461e84","childs":null,"emcosID":null,"emcosMLID":null,"codMaketTEP":null,"codTEP":null,"WSName":"PS","rangeAddress":"$EY$99:$EY$135","headAddress":"$EY$99","bodyAddress":"$EY$100:$EY$135","_name":"СЧЕТЧИК"}},"emcosID":null,"emcosMLID":null,"codMaketTEP":null,"codTEP":null,"WSName":"PS","rangeAddress":"$EX$98:$EY$135","headAddress":"$EX$98:$EY$98","bodyAddress":"$EX$99:$EY$135","_name":"отдача"}},"emcosID":null,"emcosMLID":null,"codMaketTEP":null,"codTEP":null,"WSName":"PS","rangeAddress":"$EV$97:$EY$135","headAddress":"$EV$97:$EY$97","bodyAddress":"$EV$98:$EY$135","_name":"Л109 ПС152 Талдыкорган"},"DB":{"_level":0,"parentID":"54b17e2f-6d87-4ce3-ab68-c40f4ebd8f89","firstParentID":"54b17e2f-6d87-4ce3-ab68-c40f4ebd8f89","ID":"bf62abf1-33bd-4216-8642-336e1bf25b95","childs":{"прием":{"_level":1,"parentID":"bf62abf1-33bd-4216-8642-336e1bf25b95","firstParentID":"54b17e2f-6d87-4ce3-ab68-c40f4ebd8f89","ID":"0a116b68-d0b4-48b4-a1c8-12189a989302","childs":{"код":{"_level":2,"parentID":"0a116b68-d0b4-48b4-a1c8-12189a989302","firstParentID":"54b17e2f-6d87-4ce3-ab68-c40f4ebd8f89","ID":"02b5bebf-1733-4317-9abe-d61171a1c0b3","childs":null,"emcosID":null,"emcosMLID":null,"codMaketTEP":null,"codTEP":null,"WSName":"DB","rangeAddress":"$GE$310:$GE$347","headAddress":"$GE$310","bodyAddress":"$GE$311:$GE$347","_name":"код"},"основное":{"_level":2,"parentID":"0a116b68-d0b4-48b4-a1c8-12189a989302","firstParentID":"54b17e2f-6d87-4ce3-ab68-c40f4ebd8f89","ID":"aa57b63f-594c-4a27-9744-7828d07db5f5","childs":null,"emcosID":null,"emcosMLID":null,"codMaketTEP":null,"codTEP":null,"WSName":"DB","rangeAddress":"$GF$310:$GF$347","headAddress":"$GF$310","bodyAddress":"$GF$311:$GF$347","_name":"основное"},"корректировка факт":{"_level":2,"parentID":"0a116b68-d0b4-48b4-a1c8-12189a989302","firstParentID":"54b17e2f-6d87-4ce3-ab68-c40f4ebd8f89","ID":"0f7ca9be-3e48-454d-ba10-f700055dfeb8","childs":null,"emcosID":null,"emcosMLID":null,"codMaketTEP":null,"codTEP":null,"WSName":"DB","rangeAddress":"$GG$310:$GG$347","headAddress":"$GG$310","bodyAddress":"$GG$311:$GG$347","_name":"корректировка факт"},"ручное":{"_level":2,"parentID":"0a116b68-d0b4-48b4-a1c8-12189a989302","firstParentID":"54b17e2f-6d87-4ce3-ab68-c40f4ebd8f89","ID":"c6ed4404-f3a1-49df-be89-42710195aeea","childs":null,"emcosID":null,"emcosMLID":null,"codMaketTEP":null,"codTEP":null,"WSName":"DB","rangeAddress":"$GH$310:$GH$347","headAddress":"$GH$310","bodyAddress":"$GH$311:$GH$347","_name":"ручное"},"оперативное":{"_level":2,"parentID":"0a116b68-d0b4-48b4-a1c8-12189a989302","firstParentID":"54b17e2f-6d87-4ce3-ab68-c40f4ebd8f89","ID":"f6346a35-d326-42b4-a94d-24cf472c4283","childs":null,"emcosID":null,"emcosMLID":null,"codMaketTEP":null,"codTEP":null,"WSName":"DB","rangeAddress":"$GI$310:$GI$347","headAddress":"$GI$310","bodyAddress":"$GI$311:$GI$347","_name":"оперативное"},"счетчик":{"_level":2,"parentID":"0a116b68-d0b4-48b4-a1c8-12189a989302","firstParentID":"54b17e2f-6d87-4ce3-ab68-c40f4ebd8f89","ID":"885e723d-5693-4ae8-b4c8-fb7853e355d2","childs":null,"emcosID":null,"emcosMLID":null,"codMaketTEP":null,"codTEP":null,"WSName":"DB","rangeAddress":"$GJ$310:$GJ$347","headAddress":"$GJ$310","bodyAddress":"$GJ$311:$GJ$347","_name":"счетчик"},"по счетчику":{"_level":2,"parentID":"0a116b68-d0b4-48b4-a1c8-12189a989302","firstParentID":"54b17e2f-6d87-4ce3-ab68-c40f4ebd8f89","ID":"b9ad0ece-b37a-45c5-bd55-7e66ebc143ba","childs":null,"emcosID":null,"emcosMLID":null,"codMaketTEP":null,"codTEP":null,"WSName":"DB","rangeAddress":"$GK$310:$GK$347","headAddress":"$GK$310","bodyAddress":"$GK$311:$GK$347","_name":"по счетчику"}},"emcosID":null,"emcosMLID":null,"codMaketTEP":null,"codTEP":null,"WSName":"DB","rangeAddress":"$GE$309:$GK$347","headAddress":"$GE$309:$GK$309","bodyAddress":"$GE$310:$GK$347","_name":"прием"},"отдача":{"_level":1,"parentID":"bf62abf1-33bd-4216-8642-336e1bf25b95","firstParentID":"54b17e2f-6d87-4ce3-ab68-c40f4ebd8f89","ID":"2fb25e96-9f30-4463-92f1-b7b957cbd899","childs":{"код":{"_level":2,"parentID":"2fb25e96-9f30-4463-92f1-b7b957cbd899","firstParentID":"54b17e2f-6d87-4ce3-ab68-c40f4ebd8f89","ID":"f57e1ee8-3df1-408c-9c8c-c3a21e563c41","childs":null,"emcosID":null,"emcosMLID":null,"codMaketTEP":null,"codTEP":null,"WSName":"DB","rangeAddress":"$GL$310:$GL$347","headAddress":"$GL$310","bodyAddress":"$GL$311:$GL$347","_name":"код"},"основное":{"_level":2,"parentID":"2fb25e96-9f30-4463-92f1-b7b957cbd899","firstParentID":"54b17e2f-6d87-4ce3-ab68-c40f4ebd8f89","ID":"f296a585-65bd-474d-ac71-655063e113ce","childs":null,"emcosID":null,"emcosMLID":null,"codMaketTEP":null,"codTEP":null,"WSName":"DB","rangeAddress":"$GM$310:$GM$347","headAddress":"$GM$310","bodyAddress":"$GM$311:$GM$347","_name":"основное"},"корректировка факт":{"_level":2,"parentID":"2fb25e96-9f30-4463-92f1-b7b957cbd899","firstParentID":"54b17e2f-6d87-4ce3-ab68-c40f4ebd8f89","ID":"1af75912-9e29-43e1-af8f-2e5b651732b2","childs":null,"emcosID":null,"emcosMLID":null,"codMaketTEP":null,"codTEP":null,"WSName":"DB","rangeAddress":"$GN$310:$GN$347","headAddress":"$GN$310","bodyAddress":"$GN$311:$GN$347","_name":"корректировка факт"},"ручное":{"_level":2,"parentID":"2fb25e96-9f30-4463-92f1-b7b957cbd899","firstParentID":"54b17e2f-6d87-4ce3-ab68-c40f4ebd8f89","ID":"20432fef-582f-4936-9f25-e084f9ee4203","childs":null,"emcosID":null,"emcosMLID":null,"codMaketTEP":null,"codTEP":null,"WSName":"DB","rangeAddress":"$GO$310:$GO$347","headAddress":"$GO$310","bodyAddress":"$GO$311:$GO$347","_name":"ручное"},"оперативное":{"_level":2,"parentID":"2fb25e96-9f30-4463-92f1-b7b957cbd899","firstParentID":"54b17e2f-6d87-4ce3-ab68-c40f4ebd8f89","ID":"7e30bb55-5937-4bcd-a775-93cc17071cef","childs":null,"emcosID":null,"emcosMLID":null,"codMaketTEP":null,"codTEP":null,"WSName":"DB","rangeAddress":"$GP$310:$GP$347","headAddress":"$GP$310","bodyAddress":"$GP$311:$GP$347","_name":"оперативное"},"счетчик":{"_level":2,"parentID":"2fb25e96-9f30-4463-92f1-b7b957cbd899","firstParentID":"54b17e2f-6d87-4ce3-ab68-c40f4ebd8f89","ID":"85bd0c82-8a8a-43e7-9be6-6b408247bcee","childs":null,"emcosID":null,"emcosMLID":null,"codMaketTEP":null,"codTEP":null,"WSName":"DB","rangeAddress":"$GQ$310:$GQ$347","headAddress":"$GQ$310","bodyAddress":"$GQ$311:$GQ$347","_name":"счетчик"},"по счетчику":{"_level":2,"parentID":"2fb25e96-9f30-4463-92f1-b7b957cbd899","firstParentID":"54b17e2f-6d87-4ce3-ab68-c40f4ebd8f89","ID":"2780eea3-e463-4a69-b345-253c3afa28e4","childs":null,"emcosID":null,"emcosMLID":null,"codMaketTEP":null,"codTEP":null,"WSName":"DB","rangeAddress":"$GR$310:$GR$347","headAddress":"$GR$310","bodyAddress":"$GR$311:$GR$347","_name":"по счетчику"}},"emcosID":null,"emcosMLID":null,"codMaketTEP":null,"codTEP":null,"WSName":"DB","rangeAddress":"$GL$309:$GR$347","headAddress":"$GL$309:$GR$309","bodyAddress":"$GL$310:$GR$347","_name":"отдача"}},"emcosID":null,"emcosMLID":null,"codMaketTEP":null,"codTEP":null,"WSName":"DB","rangeAddress":"$GE$308:$GR$347","headAddress":"$GE$308:$GR$308","bodyAddress":"$GE$309:$GR$347","_name":"Л109 ПС152 Талдыкорган"}},"codPlan":null,"meterCoef":"66","_name":"Л109 ПС152 Талдыкорган"}