{"ID":"58276761-57d0-4b64-b0a0-86ad7afb5ff3","childs":{"PS":{"_level":0,"parentID":"58276761-57d0-4b64-b0a0-86ad7afb5ff3","firstParentID":"58276761-57d0-4b64-b0a0-86ad7afb5ff3","ID":"ee6af680-e830-46d1-8f7d-6f5526e8ca4e","childs":{"прием":{"_level":1,"parentID":"ee6af680-e830-46d1-8f7d-6f5526e8ca4e","firstParentID":"58276761-57d0-4b64-b0a0-86ad7afb5ff3","ID":"31061568-b445-4d9c-a1fb-9796d235d887","childs":{"ручное":{"_level":2,"parentID":"31061568-b445-4d9c-a1fb-9796d235d887","firstParentID":"58276761-57d0-4b64-b0a0-86ad7afb5ff3","ID":"9df8af9f-071c-4645-8d90-ff2cb064b4b0","childs":null,"emcosID":null,"emcosMLID":null,"codMaketTEP":null,"codTEP":null,"WSName":"PS","rangeAddress":"$AN$185:$AN$221","headAddress":"$AN$185","bodyAddress":"$AN$186:$AN$221","_name":"ручное"}},"emcosID":null,"emcosMLID":null,"codMaketTEP":null,"codTEP":null,"WSName":"PS","rangeAddress":"$AN$184:$AN$221","headAddress":"$AN$184","bodyAddress":"$AN$185:$AN$221","_name":"прием"},"план":{"_level":1,"parentID":"ee6af680-e830-46d1-8f7d-6f5526e8ca4e","firstParentID":"58276761-57d0-4b64-b0a0-86ad7afb5ff3","ID":"6dd8c8f9-187c-470d-a183-62fd86c6c5ea","childs":{"заявка":{"_level":2,"parentID":"6dd8c8f9-187c-470d-a183-62fd86c6c5ea","firstParentID":"58276761-57d0-4b64-b0a0-86ad7afb5ff3","ID":"08d9e15a-609d-42b1-9097-962cc2cb7e76","childs":null,"emcosID":null,"emcosMLID":null,"codMaketTEP":null,"codTEP":null,"WSName":"PS","rangeAddress":"$AO$185:$AO$221","headAddress":"$AO$185","bodyAddress":"$AO$186:$AO$221","_name":"заявка"}},"emcosID":null,"emcosMLID":null,"codMaketTEP":null,"codTEP":null,"WSName":"PS","rangeAddress":"$AO$184:$AO$221","headAddress":"$AO$184","bodyAddress":"$AO$185:$AO$221","_name":"план"}},"emcosID":null,"emcosMLID":null,"codMaketTEP":null,"codTEP":null,"WSName":"PS","rangeAddress":"$AN$183:$AO$221","headAddress":"$AN$183:$AO$183","bodyAddress":"$AN$184:$AO$221","_name":"Потребление Almaty Kuat"},"DB":{"_level":0,"parentID":"58276761-57d0-4b64-b0a0-86ad7afb5ff3","firstParentID":"58276761-57d0-4b64-b0a0-86ad7afb5ff3","ID":"bf1f2d35-1671-4e62-bc28-03059953f23b","childs":{"прием":{"_level":1,"parentID":"bf1f2d35-1671-4e62-bc28-03059953f23b","firstParentID":"58276761-57d0-4b64-b0a0-86ad7afb5ff3","ID":"5d61d55b-5dd1-4746-9cca-50bdc0121145","childs":{"код":{"_level":2,"parentID":"5d61d55b-5dd1-4746-9cca-50bdc0121145","firstParentID":"58276761-57d0-4b64-b0a0-86ad7afb5ff3","ID":"17443ec0-b9a3-4faf-afe5-f2345b17ca48","childs":null,"emcosID":null,"emcosMLID":null,"codMaketTEP":null,"codTEP":null,"WSName":"DB","rangeAddress":"$FR$439:$FR$476","headAddress":"$FR$439","bodyAddress":"$FR$440:$FR$476","_name":"код"},"основное":{"_level":2,"parentID":"5d61d55b-5dd1-4746-9cca-50bdc0121145","firstParentID":"58276761-57d0-4b64-b0a0-86ad7afb5ff3","ID":"2bbc6ca1-c5d0-45ae-b163-efd17caa54d9","childs":null,"emcosID":null,"emcosMLID":null,"codMaketTEP":null,"codTEP":null,"WSName":"DB","rangeAddress":"$FS$439:$FS$476","headAddress":"$FS$439","bodyAddress":"$FS$440:$FS$476","_name":"основное"},"корректировка факт":{"_level":2,"parentID":"5d61d55b-5dd1-4746-9cca-50bdc0121145","firstParentID":"58276761-57d0-4b64-b0a0-86ad7afb5ff3","ID":"1209cdfe-5f15-4cf6-ac65-8db179181f86","childs":null,"emcosID":null,"emcosMLID":null,"codMaketTEP":null,"codTEP":null,"WSName":"DB","rangeAddress":"$FT$439:$FT$476","headAddress":"$FT$439","bodyAddress":"$FT$440:$FT$476","_name":"корректировка факт"},"ручное":{"_level":2,"parentID":"5d61d55b-5dd1-4746-9cca-50bdc0121145","firstParentID":"58276761-57d0-4b64-b0a0-86ad7afb5ff3","ID":"bc5fdbbd-f345-4ef9-8687-b6fed9c03b51","childs":null,"emcosID":null,"emcosMLID":null,"codMaketTEP":null,"codTEP":null,"WSName":"DB","rangeAddress":"$FU$439:$FU$476","headAddress":"$FU$439","bodyAddress":"$FU$440:$FU$476","_name":"ручное"},"по плану":{"_level":2,"parentID":"5d61d55b-5dd1-4746-9cca-50bdc0121145","firstParentID":"58276761-57d0-4b64-b0a0-86ad7afb5ff3","ID":"ae49e419-8673-4a5e-9e0a-3081f3b4e26d","childs":null,"emcosID":null,"emcosMLID":null,"codMaketTEP":null,"codTEP":null,"WSName":"DB","rangeAddress":"$FV$439:$FV$476","headAddress":"$FV$439","bodyAddress":"$FV$440:$FV$476","_name":"по плану"}},"emcosID":null,"emcosMLID":null,"codMaketTEP":null,"codTEP":null,"WSName":"DB","rangeAddress":"$FR$438:$FV$476","headAddress":"$FR$438:$FV$438","bodyAddress":"$FR$439:$FV$476","_name":"прием"},"план":{"_level":1,"parentID":"bf1f2d35-1671-4e62-bc28-03059953f23b","firstParentID":"58276761-57d0-4b64-b0a0-86ad7afb5ff3","ID":"8cbf9e71-b374-429a-b3aa-8ec43f302585","childs":{"код":{"_level":2,"parentID":"8cbf9e71-b374-429a-b3aa-8ec43f302585","firstParentID":"58276761-57d0-4b64-b0a0-86ad7afb5ff3","ID":"4a75266c-320b-4ea0-9919-597d55ee4800","childs":null,"emcosID":null,"emcosMLID":null,"codMaketTEP":null,"codTEP":null,"WSName":"DB","rangeAddress":"$FW$439:$FW$476","headAddress":"$FW$439","bodyAddress":"$FW$440:$FW$476","_name":"код"},"основное":{"_level":2,"parentID":"8cbf9e71-b374-429a-b3aa-8ec43f302585","firstParentID":"58276761-57d0-4b64-b0a0-86ad7afb5ff3","ID":"ef9704c5-055a-4c09-bc82-a4028a59e6dc","childs":null,"emcosID":null,"emcosMLID":null,"codMaketTEP":null,"codTEP":null,"WSName":"DB","rangeAddress":"$FX$439:$FX$476","headAddress":"$FX$439","bodyAddress":"$FX$440:$FX$476","_name":"основное"},"заявка":{"_level":2,"parentID":"8cbf9e71-b374-429a-b3aa-8ec43f302585","firstParentID":"58276761-57d0-4b64-b0a0-86ad7afb5ff3","ID":"dd8a58a0-01b7-4c1b-98ed-c95176b3f64c","childs":null,"emcosID":null,"emcosMLID":null,"codMaketTEP":null,"codTEP":null,"WSName":"DB","rangeAddress":"$FY$439:$FY$476","headAddress":"$FY$439","bodyAddress":"$FY$440:$FY$476","_name":"заявка"},"утвержденный":{"_level":2,"parentID":"8cbf9e71-b374-429a-b3aa-8ec43f302585","firstParentID":"58276761-57d0-4b64-b0a0-86ad7afb5ff3","ID":"ad402083-834d-43cd-b720-9149bca85c1e","childs":null,"emcosID":null,"emcosMLID":null,"codMaketTEP":null,"codTEP":null,"WSName":"DB","rangeAddress":"$FZ$439:$FZ$476","headAddress":"$FZ$439","bodyAddress":"$FZ$440:$FZ$476","_name":"утвержденный"},"корректировка":{"_level":2,"parentID":"8cbf9e71-b374-429a-b3aa-8ec43f302585","firstParentID":"58276761-57d0-4b64-b0a0-86ad7afb5ff3","ID":"0cd69a24-97cf-4757-83ae-8e6e903902e2","childs":null,"emcosID":null,"emcosMLID":null,"codMaketTEP":null,"codTEP":null,"WSName":"DB","rangeAddress":"$GA$439:$GA$476","headAddress":"$GA$439","bodyAddress":"$GA$440:$GA$476","_name":"корректировка"}},"emcosID":null,"emcosMLID":null,"codMaketTEP":null,"codTEP":null,"WSName":"DB","rangeAddress":"$FW$438:$GA$476","headAddress":"$FW$438:$GA$438","bodyAddress":"$FW$439:$GA$476","_name":"план"}},"emcosID":null,"emcosMLID":null,"codMaketTEP":null,"codTEP":null,"WSName":"DB","rangeAddress":"$FR$437:$GA$476","headAddress":"$FR$437:$GA$437","bodyAddress":"$FR$438:$GA$476","_name":"Потребление Almaty Kuat"}},"codPlan":103,"meterCoef":null,"_name":"Потребление Almaty Kuat"}