{"ID":"58276761-57d0-4b64-b0a0-86ad7afb5ff3","childs":{"PS":{"_level":0,"parentID":"58276761-57d0-4b64-b0a0-86ad7afb5ff3","firstParentID":"58276761-57d0-4b64-b0a0-86ad7afb5ff3","ID":"ee6af680-e830-46d1-8f7d-6f5526e8ca4e","childs":{"прием":{"_level":1,"parentID":"ee6af680-e830-46d1-8f7d-6f5526e8ca4e","firstParentID":"58276761-57d0-4b64-b0a0-86ad7afb5ff3","ID":"31061568-b445-4d9c-a1fb-9796d235d887","childs":{"по плану":{"_level":2,"parentID":"31061568-b445-4d9c-a1fb-9796d235d887","firstParentID":"58276761-57d0-4b64-b0a0-86ad7afb5ff3","ID":"9df8af9f-071c-4645-8d90-ff2cb064b4b0","childs":null,"emcosID":null,"emcosMLID":null,"codMaketTEP":null,"codTEP":null,"WSName":"PS","rangeAddress":"$AL$185:$AL$221","headAddress":"$AL$185","bodyAddress":"$AL$186:$AL$221","_name":"по плану"}},"emcosID":null,"emcosMLID":null,"codMaketTEP":null,"codTEP":null,"WSName":"PS","rangeAddress":"$AL$184:$AL$221","headAddress":"$AL$184","bodyAddress":"$AL$185:$AL$221","_name":"прием"},"план":{"_level":1,"parentID":"ee6af680-e830-46d1-8f7d-6f5526e8ca4e","firstParentID":"58276761-57d0-4b64-b0a0-86ad7afb5ff3","ID":"6dd8c8f9-187c-470d-a183-62fd86c6c5ea","childs":{"заявка":{"_level":2,"parentID":"6dd8c8f9-187c-470d-a183-62fd86c6c5ea","firstParentID":"58276761-57d0-4b64-b0a0-86ad7afb5ff3","ID":"08d9e15a-609d-42b1-9097-962cc2cb7e76","childs":null,"emcosID":null,"emcosMLID":null,"codMaketTEP":null,"codTEP":null,"WSName":"PS","rangeAddress":"$AM$185:$AM$221","headAddress":"$AM$185","bodyAddress":"$AM$186:$AM$221","_name":"заявка"}},"emcosID":null,"emcosMLID":null,"codMaketTEP":null,"codTEP":null,"WSName":"PS","rangeAddress":"$AM$184:$AM$221","headAddress":"$AM$184","bodyAddress":"$AM$185:$AM$221","_name":"план"}},"emcosID":null,"emcosMLID":null,"codMaketTEP":null,"codTEP":null,"WSName":"PS","rangeAddress":"$AL$183:$AM$221","headAddress":"$AL$183:$AM$183","bodyAddress":"$AL$184:$AM$221","_name":"Потребление Almaty Kuat"},"DB":{"_level":0,"parentID":"58276761-57d0-4b64-b0a0-86ad7afb5ff3","firstParentID":"58276761-57d0-4b64-b0a0-86ad7afb5ff3","ID":"bf1f2d35-1671-4e62-bc28-03059953f23b","childs":{"прием":{"_level":1,"parentID":"bf1f2d35-1671-4e62-bc28-03059953f23b","firstParentID":"58276761-57d0-4b64-b0a0-86ad7afb5ff3","ID":"5d61d55b-5dd1-4746-9cca-50bdc0121145","childs":{"код":{"_level":2,"parentID":"5d61d55b-5dd1-4746-9cca-50bdc0121145","firstParentID":"58276761-57d0-4b64-b0a0-86ad7afb5ff3","ID":"17443ec0-b9a3-4faf-afe5-f2345b17ca48","childs":null,"emcosID":null,"emcosMLID":null,"codMaketTEP":null,"codTEP":null,"WSName":"DB","rangeAddress":"$GL$439:$GL$476","headAddress":"$GL$439","bodyAddress":"$GL$440:$GL$476","_name":"код"},"основное":{"_level":2,"parentID":"5d61d55b-5dd1-4746-9cca-50bdc0121145","firstParentID":"58276761-57d0-4b64-b0a0-86ad7afb5ff3","ID":"2bbc6ca1-c5d0-45ae-b163-efd17caa54d9","childs":null,"emcosID":null,"emcosMLID":null,"codMaketTEP":null,"codTEP":null,"WSName":"DB","rangeAddress":"$GM$439:$GM$476","headAddress":"$GM$439","bodyAddress":"$GM$440:$GM$476","_name":"основное"},"корректировка факт":{"_level":2,"parentID":"5d61d55b-5dd1-4746-9cca-50bdc0121145","firstParentID":"58276761-57d0-4b64-b0a0-86ad7afb5ff3","ID":"1209cdfe-5f15-4cf6-ac65-8db179181f86","childs":null,"emcosID":null,"emcosMLID":null,"codMaketTEP":null,"codTEP":null,"WSName":"DB","rangeAddress":"$GN$439:$GN$476","headAddress":"$GN$439","bodyAddress":"$GN$440:$GN$476","_name":"корректировка факт"},"ручное":{"_level":2,"parentID":"5d61d55b-5dd1-4746-9cca-50bdc0121145","firstParentID":"58276761-57d0-4b64-b0a0-86ad7afb5ff3","ID":"bc5fdbbd-f345-4ef9-8687-b6fed9c03b51","childs":null,"emcosID":null,"emcosMLID":null,"codMaketTEP":null,"codTEP":null,"WSName":"DB","rangeAddress":"$GO$439:$GO$476","headAddress":"$GO$439","bodyAddress":"$GO$440:$GO$476","_name":"ручное"},"по плану":{"_level":2,"parentID":"5d61d55b-5dd1-4746-9cca-50bdc0121145","firstParentID":"58276761-57d0-4b64-b0a0-86ad7afb5ff3","ID":"ae49e419-8673-4a5e-9e0a-3081f3b4e26d","childs":null,"emcosID":null,"emcosMLID":null,"codMaketTEP":null,"codTEP":null,"WSName":"DB","rangeAddress":"$GP$439:$GP$476","headAddress":"$GP$439","bodyAddress":"$GP$440:$GP$476","_name":"по плану"}},"emcosID":null,"emcosMLID":null,"codMaketTEP":null,"codTEP":null,"WSName":"DB","rangeAddress":"$GL$438:$GP$476","headAddress":"$GL$438:$GP$438","bodyAddress":"$GL$439:$GP$476","_name":"прием"},"план":{"_level":1,"parentID":"bf1f2d35-1671-4e62-bc28-03059953f23b","firstParentID":"58276761-57d0-4b64-b0a0-86ad7afb5ff3","ID":"8cbf9e71-b374-429a-b3aa-8ec43f302585","childs":{"код":{"_level":2,"parentID":"8cbf9e71-b374-429a-b3aa-8ec43f302585","firstParentID":"58276761-57d0-4b64-b0a0-86ad7afb5ff3","ID":"4a75266c-320b-4ea0-9919-597d55ee4800","childs":null,"emcosID":null,"emcosMLID":null,"codMaketTEP":null,"codTEP":null,"WSName":"DB","rangeAddress":"$GQ$439:$GQ$476","headAddress":"$GQ$439","bodyAddress":"$GQ$440:$GQ$476","_name":"код"},"основное":{"_level":2,"parentID":"8cbf9e71-b374-429a-b3aa-8ec43f302585","firstParentID":"58276761-57d0-4b64-b0a0-86ad7afb5ff3","ID":"ef9704c5-055a-4c09-bc82-a4028a59e6dc","childs":null,"emcosID":null,"emcosMLID":null,"codMaketTEP":null,"codTEP":null,"WSName":"DB","rangeAddress":"$GR$439:$GR$476","headAddress":"$GR$439","bodyAddress":"$GR$440:$GR$476","_name":"основное"},"заявка":{"_level":2,"parentID":"8cbf9e71-b374-429a-b3aa-8ec43f302585","firstParentID":"58276761-57d0-4b64-b0a0-86ad7afb5ff3","ID":"dd8a58a0-01b7-4c1b-98ed-c95176b3f64c","childs":null,"emcosID":null,"emcosMLID":null,"codMaketTEP":null,"codTEP":null,"WSName":"DB","rangeAddress":"$GS$439:$GS$476","headAddress":"$GS$439","bodyAddress":"$GS$440:$GS$476","_name":"заявка"},"утвержденный":{"_level":2,"parentID":"8cbf9e71-b374-429a-b3aa-8ec43f302585","firstParentID":"58276761-57d0-4b64-b0a0-86ad7afb5ff3","ID":"ad402083-834d-43cd-b720-9149bca85c1e","childs":null,"emcosID":null,"emcosMLID":null,"codMaketTEP":null,"codTEP":null,"WSName":"DB","rangeAddress":"$GT$439:$GT$476","headAddress":"$GT$439","bodyAddress":"$GT$440:$GT$476","_name":"утвержденный"},"корректировка":{"_level":2,"parentID":"8cbf9e71-b374-429a-b3aa-8ec43f302585","firstParentID":"58276761-57d0-4b64-b0a0-86ad7afb5ff3","ID":"0cd69a24-97cf-4757-83ae-8e6e903902e2","childs":null,"emcosID":null,"emcosMLID":null,"codMaketTEP":null,"codTEP":null,"WSName":"DB","rangeAddress":"$GU$439:$GU$476","headAddress":"$GU$439","bodyAddress":"$GU$440:$GU$476","_name":"корректировка"}},"emcosID":null,"emcosMLID":null,"codMaketTEP":null,"codTEP":null,"WSName":"DB","rangeAddress":"$GQ$438:$GU$476","headAddress":"$GQ$438:$GU$438","bodyAddress":"$GQ$439:$GU$476","_name":"план"}},"emcosID":null,"emcosMLID":null,"codMaketTEP":null,"codTEP":null,"WSName":"DB","rangeAddress":"$GL$437:$GU$476","headAddress":"$GL$437:$GU$437","bodyAddress":"$GL$438:$GU$476","_name":"Потребление Almaty Kuat"}},"codPlan":109,"meterCoef":null,"_name":"Потребление Almaty Kuat"}