{"ID":"595e5be7-0455-4c75-8eec-75587fea8db8","childs":{"PS":{"_level":0,"parentID":"595e5be7-0455-4c75-8eec-75587fea8db8","firstParentID":"595e5be7-0455-4c75-8eec-75587fea8db8","ID":"e4babd29-4536-41a7-a313-ba75f3cce228","childs":{"прием":{"_level":1,"parentID":"e4babd29-4536-41a7-a313-ba75f3cce228","firstParentID":"595e5be7-0455-4c75-8eec-75587fea8db8","ID":"381f9818-e970-4bf9-82f2-0d9497cb5314","childs":{"ручное":{"_level":2,"parentID":"381f9818-e970-4bf9-82f2-0d9497cb5314","firstParentID":"595e5be7-0455-4c75-8eec-75587fea8db8","ID":"9812b437-8126-4cbf-9051-9f02bef81a40","childs":null,"emcosID":null,"emcosMLID":null,"codMaketTEP":null,"codTEP":null,"WSName":"PS","rangeAddress":"$BA$228:$BA$264","headAddress":"$BA$228","bodyAddress":"$BA$229:$BA$264","_name":"ручное"},"ФОРМУЛА":{"_level":2,"parentID":"381f9818-e970-4bf9-82f2-0d9497cb5314","firstParentID":"595e5be7-0455-4c75-8eec-75587fea8db8","ID":"1845afb4-b6d8-4c2a-955e-0fa683585bca","childs":null,"emcosID":null,"emcosMLID":null,"codMaketTEP":null,"codTEP":null,"WSName":"PS","rangeAddress":"$BB$228:$BB$264","headAddress":"$BB$228","bodyAddress":"$BB$229:$BB$264","_name":"ФОРМУЛА"}},"emcosID":null,"emcosMLID":null,"codMaketTEP":1433,"codTEP":null,"WSName":"PS","rangeAddress":"$BA$227:$BB$264","headAddress":"$BA$227:$BB$227","bodyAddress":"$BA$228:$BB$264","_name":"прием"}},"emcosID":null,"emcosMLID":null,"codMaketTEP":null,"codTEP":null,"WSName":"PS","rangeAddress":"$BA$226:$BB$264","headAddress":"$BA$226:$BB$226","bodyAddress":"$BA$227:$BB$264","_name":"Потребление A.F. Эй Эф"},"DB":{"_level":0,"parentID":"595e5be7-0455-4c75-8eec-75587fea8db8","firstParentID":"595e5be7-0455-4c75-8eec-75587fea8db8","ID":"932c2bf1-0782-47fe-8a44-12d41e180c1d","childs":{"прием":{"_level":1,"parentID":"932c2bf1-0782-47fe-8a44-12d41e180c1d","firstParentID":"595e5be7-0455-4c75-8eec-75587fea8db8","ID":"a02e5a03-afa2-455f-8ce9-17ab25857fa7","childs":{"код":{"_level":2,"parentID":"a02e5a03-afa2-455f-8ce9-17ab25857fa7","firstParentID":"595e5be7-0455-4c75-8eec-75587fea8db8","ID":"f482f525-674e-4582-b6f3-e34728fb988b","childs":null,"emcosID":null,"emcosMLID":null,"codMaketTEP":null,"codTEP":null,"WSName":"DB","rangeAddress":"$AA$267:$AA$304","headAddress":"$AA$267","bodyAddress":"$AA$268:$AA$304","_name":"код"},"основное":{"_level":2,"parentID":"a02e5a03-afa2-455f-8ce9-17ab25857fa7","firstParentID":"595e5be7-0455-4c75-8eec-75587fea8db8","ID":"b75b52e8-2585-4c6c-a7b8-ab50222eda92","childs":null,"emcosID":null,"emcosMLID":null,"codMaketTEP":null,"codTEP":null,"WSName":"DB","rangeAddress":"$AB$267:$AB$304","headAddress":"$AB$267","bodyAddress":"$AB$268:$AB$304","_name":"основное"},"корректировка факт":{"_level":2,"parentID":"a02e5a03-afa2-455f-8ce9-17ab25857fa7","firstParentID":"595e5be7-0455-4c75-8eec-75587fea8db8","ID":"6bd4f501-aae6-4914-98a5-0cb788fcd495","childs":null,"emcosID":null,"emcosMLID":null,"codMaketTEP":null,"codTEP":null,"WSName":"DB","rangeAddress":"$AC$267:$AC$304","headAddress":"$AC$267","bodyAddress":"$AC$268:$AC$304","_name":"корректировка факт"},"ручное":{"_level":2,"parentID":"a02e5a03-afa2-455f-8ce9-17ab25857fa7","firstParentID":"595e5be7-0455-4c75-8eec-75587fea8db8","ID":"c97cdc85-dd15-4448-aa6f-c6f28adf2ca2","childs":null,"emcosID":null,"emcosMLID":null,"codMaketTEP":null,"codTEP":null,"WSName":"DB","rangeAddress":"$AD$267:$AD$304","headAddress":"$AD$267","bodyAddress":"$AD$268:$AD$304","_name":"ручное"},"формула":{"_level":2,"parentID":"a02e5a03-afa2-455f-8ce9-17ab25857fa7","firstParentID":"595e5be7-0455-4c75-8eec-75587fea8db8","ID":"aa5959da-930e-4397-bb91-3f0f9e58a009","childs":null,"emcosID":null,"emcosMLID":null,"codMaketTEP":null,"codTEP":null,"WSName":"DB","rangeAddress":"$AE$267:$AE$304","headAddress":"$AE$267","bodyAddress":"$AE$268:$AE$304","_name":"формула"},"оперативное":{"_level":2,"parentID":"a02e5a03-afa2-455f-8ce9-17ab25857fa7","firstParentID":"595e5be7-0455-4c75-8eec-75587fea8db8","ID":"57a9f9d5-47f0-4cd9-a725-a7ad8618503c","childs":null,"emcosID":null,"emcosMLID":null,"codMaketTEP":null,"codTEP":null,"WSName":"DB","rangeAddress":"$AF$267:$AF$304","headAddress":"$AF$267","bodyAddress":"$AF$268:$AF$304","_name":"оперативное"}},"emcosID":null,"emcosMLID":null,"codMaketTEP":null,"codTEP":null,"WSName":"DB","rangeAddress":"$AA$266:$AF$304","headAddress":"$AA$266:$AF$266","bodyAddress":"$AA$267:$AF$304","_name":"прием"}},"emcosID":null,"emcosMLID":null,"codMaketTEP":null,"codTEP":null,"WSName":"DB","rangeAddress":"$AA$265:$AF$304","headAddress":"$AA$265:$AF$265","bodyAddress":"$AA$266:$AF$304","_name":"Потребление A.F. Эй Эф"}},"codPlan":null,"meterCoef":null,"_name":"Потребление A.F. Эй Эф"}