{"ID":"5b28f1a0-10e4-4d12-bbd6-a9fea58e1baf","childs":{"PS":{"_level":0,"parentID":"5b28f1a0-10e4-4d12-bbd6-a9fea58e1baf","firstParentID":"5b28f1a0-10e4-4d12-bbd6-a9fea58e1baf","ID":"ce009955-095b-4dd7-8989-c4f65c0bc6ca","childs":{"отдача":{"_level":1,"parentID":"ce009955-095b-4dd7-8989-c4f65c0bc6ca","firstParentID":"5b28f1a0-10e4-4d12-bbd6-a9fea58e1baf","ID":"2c423fbd-b44c-4d88-a97e-792c59b9679d","childs":{"оперативное":{"_level":2,"parentID":"2c423fbd-b44c-4d88-a97e-792c59b9679d","firstParentID":"5b28f1a0-10e4-4d12-bbd6-a9fea58e1baf","ID":"cb221b66-4cd7-4416-8aeb-810d564ff7c8","childs":null,"emcosID":null,"emcosMLID":null,"codMaketTEP":null,"codTEP":null,"WSName":"PS","rangeAddress":"$BX$185:$BX$221","headAddress":"$BX$185","bodyAddress":"$BX$186:$BX$221","_name":"оперативное"}},"emcosID":null,"emcosMLID":null,"codMaketTEP":null,"codTEP":null,"WSName":"PS","rangeAddress":"$BX$184:$BX$221","headAddress":"$BX$184","bodyAddress":"$BX$185:$BX$221","_name":"отдача"}},"emcosID":null,"emcosMLID":null,"codMaketTEP":null,"codTEP":null,"WSName":"PS","rangeAddress":"$BX$183:$BX$221","headAddress":"$BX$183","bodyAddress":"$BX$184:$BX$221","_name":"ОС Капчагайская ГЭС АлЭС"},"DB":{"_level":0,"parentID":"5b28f1a0-10e4-4d12-bbd6-a9fea58e1baf","firstParentID":"5b28f1a0-10e4-4d12-bbd6-a9fea58e1baf","ID":"967f0840-1f71-44fd-8e35-d734877f2ccc","childs":{"отдача":{"_level":1,"parentID":"967f0840-1f71-44fd-8e35-d734877f2ccc","firstParentID":"5b28f1a0-10e4-4d12-bbd6-a9fea58e1baf","ID":"fbbf0275-5452-49bc-ad34-be1b8a13eef4","childs":{"код":{"_level":2,"parentID":"fbbf0275-5452-49bc-ad34-be1b8a13eef4","firstParentID":"5b28f1a0-10e4-4d12-bbd6-a9fea58e1baf","ID":"d54b5b54-521c-48cc-8f46-dcbbd4164cca","childs":null,"emcosID":null,"emcosMLID":null,"codMaketTEP":null,"codTEP":null,"WSName":"DB","rangeAddress":"$FM$353:$FM$390","headAddress":"$FM$353","bodyAddress":"$FM$354:$FM$390","_name":"код"},"основное":{"_level":2,"parentID":"fbbf0275-5452-49bc-ad34-be1b8a13eef4","firstParentID":"5b28f1a0-10e4-4d12-bbd6-a9fea58e1baf","ID":"760e5ec0-1f55-49c6-b146-4be28570abcd","childs":null,"emcosID":null,"emcosMLID":null,"codMaketTEP":null,"codTEP":null,"WSName":"DB","rangeAddress":"$FN$353:$FN$390","headAddress":"$FN$353","bodyAddress":"$FN$354:$FN$390","_name":"основное"},"корректировка факт":{"_level":2,"parentID":"fbbf0275-5452-49bc-ad34-be1b8a13eef4","firstParentID":"5b28f1a0-10e4-4d12-bbd6-a9fea58e1baf","ID":"1f844fcb-6c4c-46cd-92fb-d13dfd059d51","childs":null,"emcosID":null,"emcosMLID":null,"codMaketTEP":null,"codTEP":null,"WSName":"DB","rangeAddress":"$FO$353:$FO$390","headAddress":"$FO$353","bodyAddress":"$FO$354:$FO$390","_name":"корректировка факт"},"ручное":{"_level":2,"parentID":"fbbf0275-5452-49bc-ad34-be1b8a13eef4","firstParentID":"5b28f1a0-10e4-4d12-bbd6-a9fea58e1baf","ID":"7db34ae8-ed59-4067-9024-8a363233aa3a","childs":null,"emcosID":null,"emcosMLID":null,"codMaketTEP":null,"codTEP":null,"WSName":"DB","rangeAddress":"$FP$353:$FP$390","headAddress":"$FP$353","bodyAddress":"$FP$354:$FP$390","_name":"ручное"},"оперативное":{"_level":2,"parentID":"fbbf0275-5452-49bc-ad34-be1b8a13eef4","firstParentID":"5b28f1a0-10e4-4d12-bbd6-a9fea58e1baf","ID":"dc354790-c66d-4e57-9b83-59bafc39b8f1","childs":null,"emcosID":null,"emcosMLID":null,"codMaketTEP":null,"codTEP":null,"WSName":"DB","rangeAddress":"$FQ$353:$FQ$390","headAddress":"$FQ$353","bodyAddress":"$FQ$354:$FQ$390","_name":"оперативное"}},"emcosID":null,"emcosMLID":null,"codMaketTEP":null,"codTEP":null,"WSName":"DB","rangeAddress":"$FM$352:$FQ$390","headAddress":"$FM$352:$FQ$352","bodyAddress":"$FM$353:$FQ$390","_name":"отдача"}},"emcosID":null,"emcosMLID":null,"codMaketTEP":null,"codTEP":null,"WSName":"DB","rangeAddress":"$FM$351:$FQ$390","headAddress":"$FM$351:$FQ$351","bodyAddress":"$FM$352:$FQ$390","_name":"ОС Капчагайская ГЭС АлЭС"}},"codPlan":null,"meterCoef":null,"_name":"ОС Капчагайская ГЭС АлЭС"}