{"ID":"5eed827c-c505-478a-a27d-11fa833eb8fa","childs":{"PS":{"_level":0,"parentID":"5eed827c-c505-478a-a27d-11fa833eb8fa","firstParentID":"5eed827c-c505-478a-a27d-11fa833eb8fa","ID":"5328d03b-c5f7-4755-ae02-b46a82c37c7c","childs":{"прием":{"_level":1,"parentID":"5328d03b-c5f7-4755-ae02-b46a82c37c7c","firstParentID":"5eed827c-c505-478a-a27d-11fa833eb8fa","ID":"81440d03-2b38-4c87-8b3e-ad38e139b4bb","childs":{"по счетчику":{"_level":2,"parentID":"81440d03-2b38-4c87-8b3e-ad38e139b4bb","firstParentID":"5eed827c-c505-478a-a27d-11fa833eb8fa","ID":"6e584855-7074-4918-8877-5337e30b2c2a","childs":null,"emcosID":null,"emcosMLID":null,"codMaketTEP":null,"codTEP":null,"WSName":"PS","rangeAddress":"$FZ$99:$FZ$135","headAddress":"$FZ$99","bodyAddress":"$FZ$100:$FZ$135","_name":"по счетчику"},"СЧЕТЧИК":{"_level":2,"parentID":"81440d03-2b38-4c87-8b3e-ad38e139b4bb","firstParentID":"5eed827c-c505-478a-a27d-11fa833eb8fa","ID":"cda01c66-d70c-4a96-9f44-77c9731b3eb6","childs":null,"emcosID":null,"emcosMLID":null,"codMaketTEP":null,"codTEP":null,"WSName":"PS","rangeAddress":"$GA$99:$GA$135","headAddress":"$GA$99","bodyAddress":"$GA$100:$GA$135","_name":"СЧЕТЧИК"}},"emcosID":null,"emcosMLID":null,"codMaketTEP":null,"codTEP":null,"WSName":"PS","rangeAddress":"$FZ$98:$GA$135","headAddress":"$FZ$98:$GA$98","bodyAddress":"$FZ$99:$GA$135","_name":"прием"},"отдача":{"_level":1,"parentID":"5328d03b-c5f7-4755-ae02-b46a82c37c7c","firstParentID":"5eed827c-c505-478a-a27d-11fa833eb8fa","ID":"d058d6e5-68cb-4c96-a867-a8232c5b82c0","childs":{"по счетчику":{"_level":2,"parentID":"d058d6e5-68cb-4c96-a867-a8232c5b82c0","firstParentID":"5eed827c-c505-478a-a27d-11fa833eb8fa","ID":"b366ba4b-5b30-4451-9f3b-2a42b494cc5b","childs":null,"emcosID":null,"emcosMLID":null,"codMaketTEP":null,"codTEP":null,"WSName":"PS","rangeAddress":"$GB$99:$GB$135","headAddress":"$GB$99","bodyAddress":"$GB$100:$GB$135","_name":"по счетчику"},"СЧЕТЧИК":{"_level":2,"parentID":"d058d6e5-68cb-4c96-a867-a8232c5b82c0","firstParentID":"5eed827c-c505-478a-a27d-11fa833eb8fa","ID":"9c164b4c-b4b9-418f-8165-b66255b49965","childs":null,"emcosID":null,"emcosMLID":null,"codMaketTEP":null,"codTEP":null,"WSName":"PS","rangeAddress":"$GC$99:$GC$135","headAddress":"$GC$99","bodyAddress":"$GC$100:$GC$135","_name":"СЧЕТЧИК"}},"emcosID":null,"emcosMLID":null,"codMaketTEP":null,"codTEP":null,"WSName":"PS","rangeAddress":"$GB$98:$GC$135","headAddress":"$GB$98:$GC$98","bodyAddress":"$GB$99:$GC$135","_name":"отдача"}},"emcosID":null,"emcosMLID":null,"codMaketTEP":null,"codTEP":null,"WSName":"PS","rangeAddress":"$FZ$97:$GC$135","headAddress":"$FZ$97:$GC$97","bodyAddress":"$FZ$98:$GC$135","_name":"АТ2 110 ПС152 Талдыкорган"},"DB":{"_level":0,"parentID":"5eed827c-c505-478a-a27d-11fa833eb8fa","firstParentID":"5eed827c-c505-478a-a27d-11fa833eb8fa","ID":"fb593d4b-b9f7-44ed-9e26-33e364d345b8","childs":{"прием":{"_level":1,"parentID":"fb593d4b-b9f7-44ed-9e26-33e364d345b8","firstParentID":"5eed827c-c505-478a-a27d-11fa833eb8fa","ID":"634322d7-bef1-41b1-83ad-7f0251d8373b","childs":{"код":{"_level":2,"parentID":"634322d7-bef1-41b1-83ad-7f0251d8373b","firstParentID":"5eed827c-c505-478a-a27d-11fa833eb8fa","ID":"909fef64-4a9a-44da-a2a6-9c0a636f1f4c","childs":null,"emcosID":null,"emcosMLID":null,"codMaketTEP":null,"codTEP":null,"WSName":"DB","rangeAddress":"$O$482:$O$519","headAddress":"$O$482","bodyAddress":"$O$483:$O$519","_name":"код"},"основное":{"_level":2,"parentID":"634322d7-bef1-41b1-83ad-7f0251d8373b","firstParentID":"5eed827c-c505-478a-a27d-11fa833eb8fa","ID":"a8277ae2-b2b9-49a3-9e12-8c8661af7c9b","childs":null,"emcosID":null,"emcosMLID":null,"codMaketTEP":null,"codTEP":null,"WSName":"DB","rangeAddress":"$P$482:$P$519","headAddress":"$P$482","bodyAddress":"$P$483:$P$519","_name":"основное"},"корректировка факт":{"_level":2,"parentID":"634322d7-bef1-41b1-83ad-7f0251d8373b","firstParentID":"5eed827c-c505-478a-a27d-11fa833eb8fa","ID":"6f52d9ff-fc88-4dcc-b4e8-1910293e2da1","childs":null,"emcosID":null,"emcosMLID":null,"codMaketTEP":null,"codTEP":null,"WSName":"DB","rangeAddress":"$Q$482:$Q$519","headAddress":"$Q$482","bodyAddress":"$Q$483:$Q$519","_name":"корректировка факт"},"ручное":{"_level":2,"parentID":"634322d7-bef1-41b1-83ad-7f0251d8373b","firstParentID":"5eed827c-c505-478a-a27d-11fa833eb8fa","ID":"74d6ff7f-bc00-48bf-a6ba-59c01d15e3e3","childs":null,"emcosID":null,"emcosMLID":null,"codMaketTEP":null,"codTEP":null,"WSName":"DB","rangeAddress":"$R$482:$R$519","headAddress":"$R$482","bodyAddress":"$R$483:$R$519","_name":"ручное"},"счетчик":{"_level":2,"parentID":"634322d7-bef1-41b1-83ad-7f0251d8373b","firstParentID":"5eed827c-c505-478a-a27d-11fa833eb8fa","ID":"cd369146-220d-41c0-bc34-983e1011fa30","childs":null,"emcosID":null,"emcosMLID":null,"codMaketTEP":null,"codTEP":null,"WSName":"DB","rangeAddress":"$S$482:$S$519","headAddress":"$S$482","bodyAddress":"$S$483:$S$519","_name":"счетчик"},"по счетчику":{"_level":2,"parentID":"634322d7-bef1-41b1-83ad-7f0251d8373b","firstParentID":"5eed827c-c505-478a-a27d-11fa833eb8fa","ID":"e1e1e73f-453a-4c74-af77-e0d4a4cee764","childs":null,"emcosID":null,"emcosMLID":null,"codMaketTEP":null,"codTEP":null,"WSName":"DB","rangeAddress":"$T$482:$T$519","headAddress":"$T$482","bodyAddress":"$T$483:$T$519","_name":"по счетчику"}},"emcosID":null,"emcosMLID":null,"codMaketTEP":null,"codTEP":null,"WSName":"DB","rangeAddress":"$O$481:$T$519","headAddress":"$O$481:$T$481","bodyAddress":"$O$482:$T$519","_name":"прием"},"отдача":{"_level":1,"parentID":"fb593d4b-b9f7-44ed-9e26-33e364d345b8","firstParentID":"5eed827c-c505-478a-a27d-11fa833eb8fa","ID":"3c750adf-5a28-4849-b432-0316e47d741b","childs":{"код":{"_level":2,"parentID":"3c750adf-5a28-4849-b432-0316e47d741b","firstParentID":"5eed827c-c505-478a-a27d-11fa833eb8fa","ID":"aeb29c5a-babf-4108-9b7a-c9f81cbfbfee","childs":null,"emcosID":null,"emcosMLID":null,"codMaketTEP":null,"codTEP":null,"WSName":"DB","rangeAddress":"$U$482:$U$519","headAddress":"$U$482","bodyAddress":"$U$483:$U$519","_name":"код"},"основное":{"_level":2,"parentID":"3c750adf-5a28-4849-b432-0316e47d741b","firstParentID":"5eed827c-c505-478a-a27d-11fa833eb8fa","ID":"bf4f1db2-ed15-495e-98b1-cf1e9e4a5dfe","childs":null,"emcosID":null,"emcosMLID":null,"codMaketTEP":null,"codTEP":null,"WSName":"DB","rangeAddress":"$V$482:$V$519","headAddress":"$V$482","bodyAddress":"$V$483:$V$519","_name":"основное"},"корректировка факт":{"_level":2,"parentID":"3c750adf-5a28-4849-b432-0316e47d741b","firstParentID":"5eed827c-c505-478a-a27d-11fa833eb8fa","ID":"a137b044-ae4d-4a3b-96ac-fe912edc67e0","childs":null,"emcosID":null,"emcosMLID":null,"codMaketTEP":null,"codTEP":null,"WSName":"DB","rangeAddress":"$W$482:$W$519","headAddress":"$W$482","bodyAddress":"$W$483:$W$519","_name":"корректировка факт"},"ручное":{"_level":2,"parentID":"3c750adf-5a28-4849-b432-0316e47d741b","firstParentID":"5eed827c-c505-478a-a27d-11fa833eb8fa","ID":"5ec85aa8-d23d-4fbb-b2b7-a446312e08f4","childs":null,"emcosID":null,"emcosMLID":null,"codMaketTEP":null,"codTEP":null,"WSName":"DB","rangeAddress":"$X$482:$X$519","headAddress":"$X$482","bodyAddress":"$X$483:$X$519","_name":"ручное"},"счетчик":{"_level":2,"parentID":"3c750adf-5a28-4849-b432-0316e47d741b","firstParentID":"5eed827c-c505-478a-a27d-11fa833eb8fa","ID":"e234f2cd-c80e-4be5-ad85-ae27eb8ebf77","childs":null,"emcosID":null,"emcosMLID":null,"codMaketTEP":null,"codTEP":null,"WSName":"DB","rangeAddress":"$Y$482:$Y$519","headAddress":"$Y$482","bodyAddress":"$Y$483:$Y$519","_name":"счетчик"},"по счетчику":{"_level":2,"parentID":"3c750adf-5a28-4849-b432-0316e47d741b","firstParentID":"5eed827c-c505-478a-a27d-11fa833eb8fa","ID":"7d6c01a0-6005-4356-b82d-2ce3defbc85a","childs":null,"emcosID":null,"emcosMLID":null,"codMaketTEP":null,"codTEP":null,"WSName":"DB","rangeAddress":"$Z$482:$Z$519","headAddress":"$Z$482","bodyAddress":"$Z$483:$Z$519","_name":"по счетчику"}},"emcosID":null,"emcosMLID":null,"codMaketTEP":null,"codTEP":null,"WSName":"DB","rangeAddress":"$U$481:$Z$519","headAddress":"$U$481:$Z$481","bodyAddress":"$U$482:$Z$519","_name":"отдача"}},"emcosID":null,"emcosMLID":null,"codMaketTEP":null,"codTEP":null,"WSName":"DB","rangeAddress":"$O$480:$Z$519","headAddress":"$O$480:$Z$480","bodyAddress":"$O$481:$Z$519","_name":"АТ2 110 ПС152 Талдыкорган"}},"codPlan":null,"meterCoef":"132","_name":"АТ2 110 ПС152 Талдыкорган"}