{"ID":"6027d8fc-2f39-4c8a-90ba-93171eb13c93","childs":{"PS":{"_level":0,"parentID":"6027d8fc-2f39-4c8a-90ba-93171eb13c93","firstParentID":"6027d8fc-2f39-4c8a-90ba-93171eb13c93","ID":"8deee1ac-9c17-48a3-95de-ea4bb9a49750","childs":{"прием":{"_level":1,"parentID":"8deee1ac-9c17-48a3-95de-ea4bb9a49750","firstParentID":"6027d8fc-2f39-4c8a-90ba-93171eb13c93","ID":"66e8cb83-2221-4b14-8762-92d94be96aa8","childs":{"по счетчику":{"_level":2,"parentID":"66e8cb83-2221-4b14-8762-92d94be96aa8","firstParentID":"6027d8fc-2f39-4c8a-90ba-93171eb13c93","ID":"72fc7dfe-3fe4-4618-891c-036574f1e58b","childs":null,"emcosID":null,"emcosMLID":null,"codMaketTEP":null,"codTEP":null,"WSName":"PS","rangeAddress":"$HN$99:$HN$135","headAddress":"$HN$99","bodyAddress":"$HN$100:$HN$135","_name":"по счетчику"},"СЧЕТЧИК":{"_level":2,"parentID":"66e8cb83-2221-4b14-8762-92d94be96aa8","firstParentID":"6027d8fc-2f39-4c8a-90ba-93171eb13c93","ID":"9aaaf060-237c-4690-8723-41cfab2e7f35","childs":null,"emcosID":null,"emcosMLID":null,"codMaketTEP":null,"codTEP":null,"WSName":"PS","rangeAddress":"$HO$99:$HO$135","headAddress":"$HO$99","bodyAddress":"$HO$100:$HO$135","_name":"СЧЕТЧИК"}},"emcosID":null,"emcosMLID":null,"codMaketTEP":null,"codTEP":null,"WSName":"PS","rangeAddress":"$HN$98:$HO$135","headAddress":"$HN$98:$HO$98","bodyAddress":"$HN$99:$HO$135","_name":"прием"},"отдача":{"_level":1,"parentID":"8deee1ac-9c17-48a3-95de-ea4bb9a49750","firstParentID":"6027d8fc-2f39-4c8a-90ba-93171eb13c93","ID":"1ce9c6be-2975-4ddc-bdb3-6bb696b93af1","childs":{"по счетчику":{"_level":2,"parentID":"1ce9c6be-2975-4ddc-bdb3-6bb696b93af1","firstParentID":"6027d8fc-2f39-4c8a-90ba-93171eb13c93","ID":"bc099add-3e74-410f-b114-6329330bbcfb","childs":null,"emcosID":null,"emcosMLID":null,"codMaketTEP":null,"codTEP":null,"WSName":"PS","rangeAddress":"$HP$99:$HP$135","headAddress":"$HP$99","bodyAddress":"$HP$100:$HP$135","_name":"по счетчику"},"СЧЕТЧИК":{"_level":2,"parentID":"1ce9c6be-2975-4ddc-bdb3-6bb696b93af1","firstParentID":"6027d8fc-2f39-4c8a-90ba-93171eb13c93","ID":"78b0e729-1a5a-414e-a952-9e775c9f4ff4","childs":null,"emcosID":null,"emcosMLID":null,"codMaketTEP":null,"codTEP":null,"WSName":"PS","rangeAddress":"$HQ$99:$HQ$135","headAddress":"$HQ$99","bodyAddress":"$HQ$100:$HQ$135","_name":"СЧЕТЧИК"}},"emcosID":null,"emcosMLID":null,"codMaketTEP":null,"codTEP":null,"WSName":"PS","rangeAddress":"$HP$98:$HQ$135","headAddress":"$HP$98:$HQ$98","bodyAddress":"$HP$99:$HQ$135","_name":"отдача"}},"emcosID":null,"emcosMLID":null,"codMaketTEP":null,"codTEP":null,"WSName":"PS","rangeAddress":"$HN$97:$HQ$135","headAddress":"$HN$97:$HQ$97","bodyAddress":"$HN$98:$HQ$135","_name":"КЛ50 ПС152 Талдыкорган"},"DB":{"_level":0,"parentID":"6027d8fc-2f39-4c8a-90ba-93171eb13c93","firstParentID":"6027d8fc-2f39-4c8a-90ba-93171eb13c93","ID":"49ff639f-98d1-467b-8937-c6a0002b348f","childs":{"прием":{"_level":1,"parentID":"49ff639f-98d1-467b-8937-c6a0002b348f","firstParentID":"6027d8fc-2f39-4c8a-90ba-93171eb13c93","ID":"0d3bba05-4a30-46d6-856c-e6582b5e8a4c","childs":{"код":{"_level":2,"parentID":"0d3bba05-4a30-46d6-856c-e6582b5e8a4c","firstParentID":"6027d8fc-2f39-4c8a-90ba-93171eb13c93","ID":"d3eab331-aadc-4f93-9f74-c23704da517c","childs":null,"emcosID":null,"emcosMLID":null,"codMaketTEP":null,"codTEP":null,"WSName":"DB","rangeAddress":"$GK$525:$GK$562","headAddress":"$GK$525","bodyAddress":"$GK$526:$GK$562","_name":"код"},"основное":{"_level":2,"parentID":"0d3bba05-4a30-46d6-856c-e6582b5e8a4c","firstParentID":"6027d8fc-2f39-4c8a-90ba-93171eb13c93","ID":"64c1e1ee-e386-4d39-affb-969a1e86c937","childs":null,"emcosID":null,"emcosMLID":null,"codMaketTEP":null,"codTEP":null,"WSName":"DB","rangeAddress":"$GL$525:$GL$562","headAddress":"$GL$525","bodyAddress":"$GL$526:$GL$562","_name":"основное"},"корректировка факт":{"_level":2,"parentID":"0d3bba05-4a30-46d6-856c-e6582b5e8a4c","firstParentID":"6027d8fc-2f39-4c8a-90ba-93171eb13c93","ID":"2c0f41dc-5c3e-4b93-9746-dd4578f965c4","childs":null,"emcosID":null,"emcosMLID":null,"codMaketTEP":null,"codTEP":null,"WSName":"DB","rangeAddress":"$GM$525:$GM$562","headAddress":"$GM$525","bodyAddress":"$GM$526:$GM$562","_name":"корректировка факт"},"ручное":{"_level":2,"parentID":"0d3bba05-4a30-46d6-856c-e6582b5e8a4c","firstParentID":"6027d8fc-2f39-4c8a-90ba-93171eb13c93","ID":"cef7c438-2610-4e50-aa43-301c78830b57","childs":null,"emcosID":null,"emcosMLID":null,"codMaketTEP":null,"codTEP":null,"WSName":"DB","rangeAddress":"$GN$525:$GN$562","headAddress":"$GN$525","bodyAddress":"$GN$526:$GN$562","_name":"ручное"},"счетчик":{"_level":2,"parentID":"0d3bba05-4a30-46d6-856c-e6582b5e8a4c","firstParentID":"6027d8fc-2f39-4c8a-90ba-93171eb13c93","ID":"6d816204-1fa5-4900-bca4-6ef00cc57a30","childs":null,"emcosID":null,"emcosMLID":null,"codMaketTEP":null,"codTEP":null,"WSName":"DB","rangeAddress":"$GO$525:$GO$562","headAddress":"$GO$525","bodyAddress":"$GO$526:$GO$562","_name":"счетчик"},"по счетчику":{"_level":2,"parentID":"0d3bba05-4a30-46d6-856c-e6582b5e8a4c","firstParentID":"6027d8fc-2f39-4c8a-90ba-93171eb13c93","ID":"80d8e1e2-9dff-4419-b4ce-6b6d9fea98b8","childs":null,"emcosID":null,"emcosMLID":null,"codMaketTEP":null,"codTEP":null,"WSName":"DB","rangeAddress":"$GP$525:$GP$562","headAddress":"$GP$525","bodyAddress":"$GP$526:$GP$562","_name":"по счетчику"}},"emcosID":null,"emcosMLID":null,"codMaketTEP":null,"codTEP":null,"WSName":"DB","rangeAddress":"$GK$524:$GP$562","headAddress":"$GK$524:$GP$524","bodyAddress":"$GK$525:$GP$562","_name":"прием"},"отдача":{"_level":1,"parentID":"49ff639f-98d1-467b-8937-c6a0002b348f","firstParentID":"6027d8fc-2f39-4c8a-90ba-93171eb13c93","ID":"15cbb5dd-8575-4efd-a014-14307cec8baf","childs":{"код":{"_level":2,"parentID":"15cbb5dd-8575-4efd-a014-14307cec8baf","firstParentID":"6027d8fc-2f39-4c8a-90ba-93171eb13c93","ID":"242de0cc-0803-48c8-ad0f-6cd45001dd42","childs":null,"emcosID":null,"emcosMLID":null,"codMaketTEP":null,"codTEP":null,"WSName":"DB","rangeAddress":"$GQ$525:$GQ$562","headAddress":"$GQ$525","bodyAddress":"$GQ$526:$GQ$562","_name":"код"},"основное":{"_level":2,"parentID":"15cbb5dd-8575-4efd-a014-14307cec8baf","firstParentID":"6027d8fc-2f39-4c8a-90ba-93171eb13c93","ID":"17c0879b-e5b8-4da4-9d9e-4aefca282509","childs":null,"emcosID":null,"emcosMLID":null,"codMaketTEP":null,"codTEP":null,"WSName":"DB","rangeAddress":"$GR$525:$GR$562","headAddress":"$GR$525","bodyAddress":"$GR$526:$GR$562","_name":"основное"},"корректировка факт":{"_level":2,"parentID":"15cbb5dd-8575-4efd-a014-14307cec8baf","firstParentID":"6027d8fc-2f39-4c8a-90ba-93171eb13c93","ID":"f1f86454-e298-4b7f-bdff-bde96595343b","childs":null,"emcosID":null,"emcosMLID":null,"codMaketTEP":null,"codTEP":null,"WSName":"DB","rangeAddress":"$GS$525:$GS$562","headAddress":"$GS$525","bodyAddress":"$GS$526:$GS$562","_name":"корректировка факт"},"ручное":{"_level":2,"parentID":"15cbb5dd-8575-4efd-a014-14307cec8baf","firstParentID":"6027d8fc-2f39-4c8a-90ba-93171eb13c93","ID":"a0ca37da-1243-408c-951d-6cc145f196a5","childs":null,"emcosID":null,"emcosMLID":null,"codMaketTEP":null,"codTEP":null,"WSName":"DB","rangeAddress":"$GT$525:$GT$562","headAddress":"$GT$525","bodyAddress":"$GT$526:$GT$562","_name":"ручное"},"счетчик":{"_level":2,"parentID":"15cbb5dd-8575-4efd-a014-14307cec8baf","firstParentID":"6027d8fc-2f39-4c8a-90ba-93171eb13c93","ID":"a187bb17-a0ba-4c9c-aa44-f984b95c81b2","childs":null,"emcosID":null,"emcosMLID":null,"codMaketTEP":null,"codTEP":null,"WSName":"DB","rangeAddress":"$GU$525:$GU$562","headAddress":"$GU$525","bodyAddress":"$GU$526:$GU$562","_name":"счетчик"},"по счетчику":{"_level":2,"parentID":"15cbb5dd-8575-4efd-a014-14307cec8baf","firstParentID":"6027d8fc-2f39-4c8a-90ba-93171eb13c93","ID":"84553532-a556-4c54-bf63-b212e2705583","childs":null,"emcosID":null,"emcosMLID":null,"codMaketTEP":null,"codTEP":null,"WSName":"DB","rangeAddress":"$GV$525:$GV$562","headAddress":"$GV$525","bodyAddress":"$GV$526:$GV$562","_name":"по счетчику"}},"emcosID":null,"emcosMLID":null,"codMaketTEP":null,"codTEP":null,"WSName":"DB","rangeAddress":"$GQ$524:$GV$562","headAddress":"$GQ$524:$GV$524","bodyAddress":"$GQ$525:$GV$562","_name":"отдача"}},"emcosID":null,"emcosMLID":null,"codMaketTEP":null,"codTEP":null,"WSName":"DB","rangeAddress":"$GK$523:$GV$562","headAddress":"$GK$523:$GV$523","bodyAddress":"$GK$524:$GV$562","_name":"КЛ50 ПС152 Талдыкорган"}},"codPlan":null,"meterCoef":"3","_name":"КЛ50 ПС152 Талдыкорган"}