{"ID":"6027d8fc-2f39-4c8a-90ba-93171eb13c93","childs":{"PS":{"_level":0,"parentID":"6027d8fc-2f39-4c8a-90ba-93171eb13c93","firstParentID":"6027d8fc-2f39-4c8a-90ba-93171eb13c93","ID":"8deee1ac-9c17-48a3-95de-ea4bb9a49750","childs":{"прием":{"_level":1,"parentID":"8deee1ac-9c17-48a3-95de-ea4bb9a49750","firstParentID":"6027d8fc-2f39-4c8a-90ba-93171eb13c93","ID":"66e8cb83-2221-4b14-8762-92d94be96aa8","childs":{"по счетчику":{"_level":2,"parentID":"66e8cb83-2221-4b14-8762-92d94be96aa8","firstParentID":"6027d8fc-2f39-4c8a-90ba-93171eb13c93","ID":"72fc7dfe-3fe4-4618-891c-036574f1e58b","childs":null,"emcosID":null,"emcosMLID":null,"codMaketTEP":null,"codTEP":null,"WSName":"PS","rangeAddress":"$GR$99:$GR$135","headAddress":"$GR$99","bodyAddress":"$GR$100:$GR$135","_name":"по счетчику"},"СЧЕТЧИК":{"_level":2,"parentID":"66e8cb83-2221-4b14-8762-92d94be96aa8","firstParentID":"6027d8fc-2f39-4c8a-90ba-93171eb13c93","ID":"9aaaf060-237c-4690-8723-41cfab2e7f35","childs":null,"emcosID":null,"emcosMLID":null,"codMaketTEP":null,"codTEP":null,"WSName":"PS","rangeAddress":"$GS$99:$GS$135","headAddress":"$GS$99","bodyAddress":"$GS$100:$GS$135","_name":"СЧЕТЧИК"}},"emcosID":null,"emcosMLID":null,"codMaketTEP":null,"codTEP":null,"WSName":"PS","rangeAddress":"$GR$98:$GS$135","headAddress":"$GR$98:$GS$98","bodyAddress":"$GR$99:$GS$135","_name":"прием"},"отдача":{"_level":1,"parentID":"8deee1ac-9c17-48a3-95de-ea4bb9a49750","firstParentID":"6027d8fc-2f39-4c8a-90ba-93171eb13c93","ID":"1ce9c6be-2975-4ddc-bdb3-6bb696b93af1","childs":{"по счетчику":{"_level":2,"parentID":"1ce9c6be-2975-4ddc-bdb3-6bb696b93af1","firstParentID":"6027d8fc-2f39-4c8a-90ba-93171eb13c93","ID":"bc099add-3e74-410f-b114-6329330bbcfb","childs":null,"emcosID":null,"emcosMLID":null,"codMaketTEP":null,"codTEP":null,"WSName":"PS","rangeAddress":"$GT$99:$GT$135","headAddress":"$GT$99","bodyAddress":"$GT$100:$GT$135","_name":"по счетчику"},"СЧЕТЧИК":{"_level":2,"parentID":"1ce9c6be-2975-4ddc-bdb3-6bb696b93af1","firstParentID":"6027d8fc-2f39-4c8a-90ba-93171eb13c93","ID":"78b0e729-1a5a-414e-a952-9e775c9f4ff4","childs":null,"emcosID":null,"emcosMLID":null,"codMaketTEP":null,"codTEP":null,"WSName":"PS","rangeAddress":"$GU$99:$GU$135","headAddress":"$GU$99","bodyAddress":"$GU$100:$GU$135","_name":"СЧЕТЧИК"}},"emcosID":null,"emcosMLID":null,"codMaketTEP":null,"codTEP":null,"WSName":"PS","rangeAddress":"$GT$98:$GU$135","headAddress":"$GT$98:$GU$98","bodyAddress":"$GT$99:$GU$135","_name":"отдача"}},"emcosID":null,"emcosMLID":null,"codMaketTEP":null,"codTEP":null,"WSName":"PS","rangeAddress":"$GR$97:$GU$135","headAddress":"$GR$97:$GU$97","bodyAddress":"$GR$98:$GU$135","_name":"КЛ50 ПС152 Талдыкорган"},"DB":{"_level":0,"parentID":"6027d8fc-2f39-4c8a-90ba-93171eb13c93","firstParentID":"6027d8fc-2f39-4c8a-90ba-93171eb13c93","ID":"49ff639f-98d1-467b-8937-c6a0002b348f","childs":{"прием":{"_level":1,"parentID":"49ff639f-98d1-467b-8937-c6a0002b348f","firstParentID":"6027d8fc-2f39-4c8a-90ba-93171eb13c93","ID":"0d3bba05-4a30-46d6-856c-e6582b5e8a4c","childs":{"код":{"_level":2,"parentID":"0d3bba05-4a30-46d6-856c-e6582b5e8a4c","firstParentID":"6027d8fc-2f39-4c8a-90ba-93171eb13c93","ID":"d3eab331-aadc-4f93-9f74-c23704da517c","childs":null,"emcosID":null,"emcosMLID":null,"codMaketTEP":null,"codTEP":null,"WSName":"DB","rangeAddress":"$EO$525:$EO$562","headAddress":"$EO$525","bodyAddress":"$EO$526:$EO$562","_name":"код"},"основное":{"_level":2,"parentID":"0d3bba05-4a30-46d6-856c-e6582b5e8a4c","firstParentID":"6027d8fc-2f39-4c8a-90ba-93171eb13c93","ID":"64c1e1ee-e386-4d39-affb-969a1e86c937","childs":null,"emcosID":null,"emcosMLID":null,"codMaketTEP":null,"codTEP":null,"WSName":"DB","rangeAddress":"$EP$525:$EP$562","headAddress":"$EP$525","bodyAddress":"$EP$526:$EP$562","_name":"основное"},"корректировка факт":{"_level":2,"parentID":"0d3bba05-4a30-46d6-856c-e6582b5e8a4c","firstParentID":"6027d8fc-2f39-4c8a-90ba-93171eb13c93","ID":"2c0f41dc-5c3e-4b93-9746-dd4578f965c4","childs":null,"emcosID":null,"emcosMLID":null,"codMaketTEP":null,"codTEP":null,"WSName":"DB","rangeAddress":"$EQ$525:$EQ$562","headAddress":"$EQ$525","bodyAddress":"$EQ$526:$EQ$562","_name":"корректировка факт"},"ручное":{"_level":2,"parentID":"0d3bba05-4a30-46d6-856c-e6582b5e8a4c","firstParentID":"6027d8fc-2f39-4c8a-90ba-93171eb13c93","ID":"cef7c438-2610-4e50-aa43-301c78830b57","childs":null,"emcosID":null,"emcosMLID":null,"codMaketTEP":null,"codTEP":null,"WSName":"DB","rangeAddress":"$ER$525:$ER$562","headAddress":"$ER$525","bodyAddress":"$ER$526:$ER$562","_name":"ручное"},"счетчик":{"_level":2,"parentID":"0d3bba05-4a30-46d6-856c-e6582b5e8a4c","firstParentID":"6027d8fc-2f39-4c8a-90ba-93171eb13c93","ID":"6d816204-1fa5-4900-bca4-6ef00cc57a30","childs":null,"emcosID":null,"emcosMLID":null,"codMaketTEP":null,"codTEP":null,"WSName":"DB","rangeAddress":"$ES$525:$ES$562","headAddress":"$ES$525","bodyAddress":"$ES$526:$ES$562","_name":"счетчик"},"по счетчику":{"_level":2,"parentID":"0d3bba05-4a30-46d6-856c-e6582b5e8a4c","firstParentID":"6027d8fc-2f39-4c8a-90ba-93171eb13c93","ID":"80d8e1e2-9dff-4419-b4ce-6b6d9fea98b8","childs":null,"emcosID":null,"emcosMLID":null,"codMaketTEP":null,"codTEP":null,"WSName":"DB","rangeAddress":"$ET$525:$ET$562","headAddress":"$ET$525","bodyAddress":"$ET$526:$ET$562","_name":"по счетчику"}},"emcosID":null,"emcosMLID":null,"codMaketTEP":null,"codTEP":null,"WSName":"DB","rangeAddress":"$EO$524:$ET$562","headAddress":"$EO$524:$ET$524","bodyAddress":"$EO$525:$ET$562","_name":"прием"},"отдача":{"_level":1,"parentID":"49ff639f-98d1-467b-8937-c6a0002b348f","firstParentID":"6027d8fc-2f39-4c8a-90ba-93171eb13c93","ID":"15cbb5dd-8575-4efd-a014-14307cec8baf","childs":{"код":{"_level":2,"parentID":"15cbb5dd-8575-4efd-a014-14307cec8baf","firstParentID":"6027d8fc-2f39-4c8a-90ba-93171eb13c93","ID":"242de0cc-0803-48c8-ad0f-6cd45001dd42","childs":null,"emcosID":null,"emcosMLID":null,"codMaketTEP":null,"codTEP":null,"WSName":"DB","rangeAddress":"$EU$525:$EU$562","headAddress":"$EU$525","bodyAddress":"$EU$526:$EU$562","_name":"код"},"основное":{"_level":2,"parentID":"15cbb5dd-8575-4efd-a014-14307cec8baf","firstParentID":"6027d8fc-2f39-4c8a-90ba-93171eb13c93","ID":"17c0879b-e5b8-4da4-9d9e-4aefca282509","childs":null,"emcosID":null,"emcosMLID":null,"codMaketTEP":null,"codTEP":null,"WSName":"DB","rangeAddress":"$EV$525:$EV$562","headAddress":"$EV$525","bodyAddress":"$EV$526:$EV$562","_name":"основное"},"корректировка факт":{"_level":2,"parentID":"15cbb5dd-8575-4efd-a014-14307cec8baf","firstParentID":"6027d8fc-2f39-4c8a-90ba-93171eb13c93","ID":"f1f86454-e298-4b7f-bdff-bde96595343b","childs":null,"emcosID":null,"emcosMLID":null,"codMaketTEP":null,"codTEP":null,"WSName":"DB","rangeAddress":"$EW$525:$EW$562","headAddress":"$EW$525","bodyAddress":"$EW$526:$EW$562","_name":"корректировка факт"},"ручное":{"_level":2,"parentID":"15cbb5dd-8575-4efd-a014-14307cec8baf","firstParentID":"6027d8fc-2f39-4c8a-90ba-93171eb13c93","ID":"a0ca37da-1243-408c-951d-6cc145f196a5","childs":null,"emcosID":null,"emcosMLID":null,"codMaketTEP":null,"codTEP":null,"WSName":"DB","rangeAddress":"$EX$525:$EX$562","headAddress":"$EX$525","bodyAddress":"$EX$526:$EX$562","_name":"ручное"},"счетчик":{"_level":2,"parentID":"15cbb5dd-8575-4efd-a014-14307cec8baf","firstParentID":"6027d8fc-2f39-4c8a-90ba-93171eb13c93","ID":"a187bb17-a0ba-4c9c-aa44-f984b95c81b2","childs":null,"emcosID":null,"emcosMLID":null,"codMaketTEP":null,"codTEP":null,"WSName":"DB","rangeAddress":"$EY$525:$EY$562","headAddress":"$EY$525","bodyAddress":"$EY$526:$EY$562","_name":"счетчик"},"по счетчику":{"_level":2,"parentID":"15cbb5dd-8575-4efd-a014-14307cec8baf","firstParentID":"6027d8fc-2f39-4c8a-90ba-93171eb13c93","ID":"84553532-a556-4c54-bf63-b212e2705583","childs":null,"emcosID":null,"emcosMLID":null,"codMaketTEP":null,"codTEP":null,"WSName":"DB","rangeAddress":"$EZ$525:$EZ$562","headAddress":"$EZ$525","bodyAddress":"$EZ$526:$EZ$562","_name":"по счетчику"}},"emcosID":null,"emcosMLID":null,"codMaketTEP":null,"codTEP":null,"WSName":"DB","rangeAddress":"$EU$524:$EZ$562","headAddress":"$EU$524:$EZ$524","bodyAddress":"$EU$525:$EZ$562","_name":"отдача"}},"emcosID":null,"emcosMLID":null,"codMaketTEP":null,"codTEP":null,"WSName":"DB","rangeAddress":"$EO$523:$EZ$562","headAddress":"$EO$523:$EZ$523","bodyAddress":"$EO$524:$EZ$562","_name":"КЛ50 ПС152 Талдыкорган"}},"codPlan":null,"meterCoef":"3","_name":"КЛ50 ПС152 Талдыкорган"}