{"ID":"62397c69-cfc3-4f48-94d0-cf43916551b1","childs":{"PS":{"_level":0,"parentID":"62397c69-cfc3-4f48-94d0-cf43916551b1","firstParentID":"62397c69-cfc3-4f48-94d0-cf43916551b1","ID":"fddd9ba6-c733-40dc-b6ab-dd8d2c799a6c","childs":{"сальдо":{"_level":1,"parentID":"fddd9ba6-c733-40dc-b6ab-dd8d2c799a6c","firstParentID":"62397c69-cfc3-4f48-94d0-cf43916551b1","ID":"cad106c0-576f-4767-9123-382c8f024756","childs":{"формула":{"_level":2,"parentID":"cad106c0-576f-4767-9123-382c8f024756","firstParentID":"62397c69-cfc3-4f48-94d0-cf43916551b1","ID":"94da5627-22c7-407e-ab5d-633cd123ef49","childs":null,"emcosID":null,"emcosMLID":null,"codMaketTEP":null,"codTEP":null,"WSName":"PS","rangeAddress":"$G$13:$G$49","headAddress":"$G$13","bodyAddress":"$G$14:$G$49","_name":"формула"}},"emcosID":null,"emcosMLID":null,"codMaketTEP":null,"codTEP":null,"WSName":"PS","rangeAddress":"$G$12:$G$49","headAddress":"$G$12","bodyAddress":"$G$13:$G$49","_name":"сальдо"},"план":{"_level":1,"parentID":"fddd9ba6-c733-40dc-b6ab-dd8d2c799a6c","firstParentID":"62397c69-cfc3-4f48-94d0-cf43916551b1","ID":"e036094d-c0de-470e-b451-79de94f530cb","childs":{"заявка":{"_level":2,"parentID":"e036094d-c0de-470e-b451-79de94f530cb","firstParentID":"62397c69-cfc3-4f48-94d0-cf43916551b1","ID":"c6faf3b5-1fe0-434e-9333-2e1ae86c9def","childs":null,"emcosID":null,"emcosMLID":null,"codMaketTEP":null,"codTEP":null,"WSName":"PS","rangeAddress":"$H$13:$H$49","headAddress":"$H$13","bodyAddress":"$H$14:$H$49","_name":"заявка"}},"emcosID":null,"emcosMLID":null,"codMaketTEP":null,"codTEP":null,"WSName":"PS","rangeAddress":"$H$12:$H$49","headAddress":"$H$12","bodyAddress":"$H$13:$H$49","_name":"план"}},"emcosID":null,"emcosMLID":null,"codMaketTEP":null,"codTEP":null,"WSName":"PS","rangeAddress":"$G$11:$H$49","headAddress":"$G$11:$H$11","bodyAddress":"$G$12:$H$49","_name":"Сальдо Алматы + Жетысу"},"DB":{"_level":0,"parentID":"62397c69-cfc3-4f48-94d0-cf43916551b1","firstParentID":"62397c69-cfc3-4f48-94d0-cf43916551b1","ID":"e13c146f-8f92-4ad0-a4a3-f5840848e435","childs":{"сальдо":{"_level":1,"parentID":"e13c146f-8f92-4ad0-a4a3-f5840848e435","firstParentID":"62397c69-cfc3-4f48-94d0-cf43916551b1","ID":"7077e043-1ff2-4758-bc5d-744e5fb311fb","childs":{"код":{"_level":2,"parentID":"7077e043-1ff2-4758-bc5d-744e5fb311fb","firstParentID":"62397c69-cfc3-4f48-94d0-cf43916551b1","ID":"5c10b6bb-1b63-4c87-8164-3b29fdd904bf","childs":null,"emcosID":null,"emcosMLID":null,"codMaketTEP":null,"codTEP":null,"WSName":"DB","rangeAddress":"$ER$138:$ER$175","headAddress":"$ER$138","bodyAddress":"$ER$139:$ER$175","_name":"код"},"основное":{"_level":2,"parentID":"7077e043-1ff2-4758-bc5d-744e5fb311fb","firstParentID":"62397c69-cfc3-4f48-94d0-cf43916551b1","ID":"d4664ea7-5d21-4b5a-bcba-0a060777d390","childs":null,"emcosID":null,"emcosMLID":null,"codMaketTEP":null,"codTEP":null,"WSName":"DB","rangeAddress":"$ES$138:$ES$175","headAddress":"$ES$138","bodyAddress":"$ES$139:$ES$175","_name":"основное"},"корректировка факт":{"_level":2,"parentID":"7077e043-1ff2-4758-bc5d-744e5fb311fb","firstParentID":"62397c69-cfc3-4f48-94d0-cf43916551b1","ID":"0bdcf3dc-a784-401a-9de7-273665b21af7","childs":null,"emcosID":null,"emcosMLID":null,"codMaketTEP":null,"codTEP":null,"WSName":"DB","rangeAddress":"$ET$138:$ET$175","headAddress":"$ET$138","bodyAddress":"$ET$139:$ET$175","_name":"корректировка факт"},"ручное":{"_level":2,"parentID":"7077e043-1ff2-4758-bc5d-744e5fb311fb","firstParentID":"62397c69-cfc3-4f48-94d0-cf43916551b1","ID":"ddc229b8-591a-400b-9ca7-20b1a982157d","childs":null,"emcosID":null,"emcosMLID":null,"codMaketTEP":null,"codTEP":null,"WSName":"DB","rangeAddress":"$EU$138:$EU$175","headAddress":"$EU$138","bodyAddress":"$EU$139:$EU$175","_name":"ручное"},"формула":{"_level":2,"parentID":"7077e043-1ff2-4758-bc5d-744e5fb311fb","firstParentID":"62397c69-cfc3-4f48-94d0-cf43916551b1","ID":"df136a6b-8537-4dd0-9712-8724f140184e","childs":null,"emcosID":null,"emcosMLID":null,"codMaketTEP":null,"codTEP":null,"WSName":"DB","rangeAddress":"$EV$138:$EV$175","headAddress":"$EV$138","bodyAddress":"$EV$139:$EV$175","_name":"формула"},"по плану":{"_level":2,"parentID":"7077e043-1ff2-4758-bc5d-744e5fb311fb","firstParentID":"62397c69-cfc3-4f48-94d0-cf43916551b1","ID":"9317d6cd-57d7-452d-b15d-0b4448121d59","childs":null,"emcosID":null,"emcosMLID":null,"codMaketTEP":null,"codTEP":null,"WSName":"DB","rangeAddress":"$EW$138:$EW$175","headAddress":"$EW$138","bodyAddress":"$EW$139:$EW$175","_name":"по плану"}},"emcosID":null,"emcosMLID":null,"codMaketTEP":null,"codTEP":null,"WSName":"DB","rangeAddress":"$ER$137:$EW$175","headAddress":"$ER$137:$EW$137","bodyAddress":"$ER$138:$EW$175","_name":"сальдо"},"план":{"_level":1,"parentID":"e13c146f-8f92-4ad0-a4a3-f5840848e435","firstParentID":"62397c69-cfc3-4f48-94d0-cf43916551b1","ID":"fec51096-feef-4ad4-b1c7-ca06e1b4780a","childs":{"код":{"_level":2,"parentID":"fec51096-feef-4ad4-b1c7-ca06e1b4780a","firstParentID":"62397c69-cfc3-4f48-94d0-cf43916551b1","ID":"b9dee19a-1f51-4955-bc9a-f0dd1ff981c0","childs":null,"emcosID":null,"emcosMLID":null,"codMaketTEP":null,"codTEP":null,"WSName":"DB","rangeAddress":"$EX$138:$EX$175","headAddress":"$EX$138","bodyAddress":"$EX$139:$EX$175","_name":"код"},"основное":{"_level":2,"parentID":"fec51096-feef-4ad4-b1c7-ca06e1b4780a","firstParentID":"62397c69-cfc3-4f48-94d0-cf43916551b1","ID":"7949e885-9a63-4244-a545-400dea24bc21","childs":null,"emcosID":null,"emcosMLID":null,"codMaketTEP":null,"codTEP":null,"WSName":"DB","rangeAddress":"$EY$138:$EY$175","headAddress":"$EY$138","bodyAddress":"$EY$139:$EY$175","_name":"основное"},"заявка":{"_level":2,"parentID":"fec51096-feef-4ad4-b1c7-ca06e1b4780a","firstParentID":"62397c69-cfc3-4f48-94d0-cf43916551b1","ID":"deed7f8d-176d-42b5-b253-4d241408960f","childs":null,"emcosID":null,"emcosMLID":null,"codMaketTEP":null,"codTEP":null,"WSName":"DB","rangeAddress":"$EZ$138:$EZ$175","headAddress":"$EZ$138","bodyAddress":"$EZ$139:$EZ$175","_name":"заявка"},"утвержденный":{"_level":2,"parentID":"fec51096-feef-4ad4-b1c7-ca06e1b4780a","firstParentID":"62397c69-cfc3-4f48-94d0-cf43916551b1","ID":"8213f925-d43f-41aa-a415-694e030c8557","childs":null,"emcosID":null,"emcosMLID":null,"codMaketTEP":null,"codTEP":null,"WSName":"DB","rangeAddress":"$FA$138:$FA$175","headAddress":"$FA$138","bodyAddress":"$FA$139:$FA$175","_name":"утвержденный"},"корректировка":{"_level":2,"parentID":"fec51096-feef-4ad4-b1c7-ca06e1b4780a","firstParentID":"62397c69-cfc3-4f48-94d0-cf43916551b1","ID":"f5ab271a-ee3b-404b-a0eb-117678fd43b2","childs":null,"emcosID":null,"emcosMLID":null,"codMaketTEP":null,"codTEP":null,"WSName":"DB","rangeAddress":"$FB$138:$FB$175","headAddress":"$FB$138","bodyAddress":"$FB$139:$FB$175","_name":"корректировка"}},"emcosID":null,"emcosMLID":null,"codMaketTEP":null,"codTEP":null,"WSName":"DB","rangeAddress":"$EX$137:$FB$175","headAddress":"$EX$137:$FB$137","bodyAddress":"$EX$138:$FB$175","_name":"план"}},"emcosID":null,"emcosMLID":null,"codMaketTEP":null,"codTEP":null,"WSName":"DB","rangeAddress":"$ER$136:$FB$175","headAddress":"$ER$136:$FB$136","bodyAddress":"$ER$137:$FB$175","_name":"Сальдо Алматы + Жетысу"}},"codPlan":10,"meterCoef":null,"_name":"Сальдо Алматы + Жетысу"}