{"ID":"62e600fb-995f-4c38-a2f6-998d08b92243","childs":{"PS":{"_level":0,"parentID":"62e600fb-995f-4c38-a2f6-998d08b92243","firstParentID":"62e600fb-995f-4c38-a2f6-998d08b92243","ID":"572482c9-6958-4206-b1fe-d61e04a9e04b","childs":{"прием":{"_level":1,"parentID":"572482c9-6958-4206-b1fe-d61e04a9e04b","firstParentID":"62e600fb-995f-4c38-a2f6-998d08b92243","ID":"a3ad37de-8a7b-48c2-8e54-484c54ccd17f","childs":{"формула":{"_level":2,"parentID":"a3ad37de-8a7b-48c2-8e54-484c54ccd17f","firstParentID":"62e600fb-995f-4c38-a2f6-998d08b92243","ID":"64e04b73-45f4-4dea-9d0f-0279527ac18f","childs":null,"emcosID":null,"emcosMLID":null,"codMaketTEP":null,"codTEP":null,"WSName":"PS","rangeAddress":"$JZ$99:$JZ$135","headAddress":"$JZ$99","bodyAddress":"$JZ$100:$JZ$135","_name":"формула"}},"emcosID":null,"emcosMLID":null,"codMaketTEP":null,"codTEP":null,"WSName":"PS","rangeAddress":"$JZ$98:$JZ$135","headAddress":"$JZ$98","bodyAddress":"$JZ$99:$JZ$135","_name":"прием"}},"emcosID":null,"emcosMLID":null,"codMaketTEP":null,"codTEP":null,"WSName":"PS","rangeAddress":"$JZ$97:$JZ$135","headAddress":"$JZ$97","bodyAddress":"$JZ$98:$JZ$135","_name":"Потребление Чиганак тяга"},"DB":{"_level":0,"parentID":"62e600fb-995f-4c38-a2f6-998d08b92243","firstParentID":"62e600fb-995f-4c38-a2f6-998d08b92243","ID":"f4fc4efe-c832-4de5-ab8a-db4f6c543196","childs":{"прием":{"_level":1,"parentID":"f4fc4efe-c832-4de5-ab8a-db4f6c543196","firstParentID":"62e600fb-995f-4c38-a2f6-998d08b92243","ID":"8aa61a61-a575-446f-b35c-5cf7e776324a","childs":{"код":{"_level":2,"parentID":"8aa61a61-a575-446f-b35c-5cf7e776324a","firstParentID":"62e600fb-995f-4c38-a2f6-998d08b92243","ID":"b587a67f-8345-4b25-8753-770af27fb801","childs":null,"emcosID":null,"emcosMLID":null,"codMaketTEP":null,"codTEP":null,"WSName":"DB","rangeAddress":"$GT$138:$GT$175","headAddress":"$GT$138","bodyAddress":"$GT$139:$GT$175","_name":"код"},"основное":{"_level":2,"parentID":"8aa61a61-a575-446f-b35c-5cf7e776324a","firstParentID":"62e600fb-995f-4c38-a2f6-998d08b92243","ID":"67b129cf-2ec7-4ce4-858c-8af69292a47f","childs":null,"emcosID":null,"emcosMLID":null,"codMaketTEP":null,"codTEP":null,"WSName":"DB","rangeAddress":"$GU$138:$GU$175","headAddress":"$GU$138","bodyAddress":"$GU$139:$GU$175","_name":"основное"},"корректировка факт":{"_level":2,"parentID":"8aa61a61-a575-446f-b35c-5cf7e776324a","firstParentID":"62e600fb-995f-4c38-a2f6-998d08b92243","ID":"6b297e5b-d3c2-459b-ae54-cbbd38b6a2f4","childs":null,"emcosID":null,"emcosMLID":null,"codMaketTEP":null,"codTEP":null,"WSName":"DB","rangeAddress":"$GV$138:$GV$175","headAddress":"$GV$138","bodyAddress":"$GV$139:$GV$175","_name":"корректировка факт"},"ручное":{"_level":2,"parentID":"8aa61a61-a575-446f-b35c-5cf7e776324a","firstParentID":"62e600fb-995f-4c38-a2f6-998d08b92243","ID":"8900806c-b14a-41b2-8224-ad1eb76beda9","childs":null,"emcosID":null,"emcosMLID":null,"codMaketTEP":null,"codTEP":null,"WSName":"DB","rangeAddress":"$GW$138:$GW$175","headAddress":"$GW$138","bodyAddress":"$GW$139:$GW$175","_name":"ручное"},"формула":{"_level":2,"parentID":"8aa61a61-a575-446f-b35c-5cf7e776324a","firstParentID":"62e600fb-995f-4c38-a2f6-998d08b92243","ID":"0a2f592a-6576-46bf-b90e-751ab172c262","childs":null,"emcosID":null,"emcosMLID":null,"codMaketTEP":null,"codTEP":null,"WSName":"DB","rangeAddress":"$GX$138:$GX$175","headAddress":"$GX$138","bodyAddress":"$GX$139:$GX$175","_name":"формула"}},"emcosID":null,"emcosMLID":null,"codMaketTEP":null,"codTEP":null,"WSName":"DB","rangeAddress":"$GT$137:$GX$175","headAddress":"$GT$137:$GX$137","bodyAddress":"$GT$138:$GX$175","_name":"прием"}},"emcosID":null,"emcosMLID":null,"codMaketTEP":null,"codTEP":null,"WSName":"DB","rangeAddress":"$GT$136:$GX$175","headAddress":"$GT$136:$GX$136","bodyAddress":"$GT$137:$GX$175","_name":"Потребление Чиганак тяга"}},"codPlan":null,"meterCoef":null,"_name":"Потребление Чиганак тяга"}