{"ID":"6344968c-25fc-45ce-a8d9-1387a16cb16a","childs":{"PS":{"_level":0,"parentID":"6344968c-25fc-45ce-a8d9-1387a16cb16a","firstParentID":"6344968c-25fc-45ce-a8d9-1387a16cb16a","ID":"e7d904dd-24af-41ba-bf21-6163c52cb264","childs":{"прием":{"_level":1,"parentID":"e7d904dd-24af-41ba-bf21-6163c52cb264","firstParentID":"6344968c-25fc-45ce-a8d9-1387a16cb16a","ID":"95a6ab6f-f2d6-4159-b2de-1c3014defd94","childs":{"ручное":{"_level":2,"parentID":"95a6ab6f-f2d6-4159-b2de-1c3014defd94","firstParentID":"6344968c-25fc-45ce-a8d9-1387a16cb16a","ID":"c75c0dca-6b5a-460d-8360-295682945ee9","childs":null,"emcosID":null,"emcosMLID":null,"codMaketTEP":null,"codTEP":null,"WSName":"PS","rangeAddress":"$N$185:$N$221","headAddress":"$N$185","bodyAddress":"$N$186:$N$221","_name":"ручное"}},"emcosID":null,"emcosMLID":null,"codMaketTEP":null,"codTEP":null,"WSName":"PS","rangeAddress":"$N$184:$N$221","headAddress":"$N$184","bodyAddress":"$N$185:$N$221","_name":"прием"},"план":{"_level":1,"parentID":"e7d904dd-24af-41ba-bf21-6163c52cb264","firstParentID":"6344968c-25fc-45ce-a8d9-1387a16cb16a","ID":"7f2b1c32-38fa-473a-96a4-ae38ffcb8e05","childs":{"заявка":{"_level":2,"parentID":"7f2b1c32-38fa-473a-96a4-ae38ffcb8e05","firstParentID":"6344968c-25fc-45ce-a8d9-1387a16cb16a","ID":"38bb07ea-26e6-43b1-b855-8232b8d00aad","childs":null,"emcosID":null,"emcosMLID":null,"codMaketTEP":null,"codTEP":null,"WSName":"PS","rangeAddress":"$O$185:$O$221","headAddress":"$O$185","bodyAddress":"$O$186:$O$221","_name":"заявка"}},"emcosID":null,"emcosMLID":null,"codMaketTEP":null,"codTEP":null,"WSName":"PS","rangeAddress":"$O$184:$O$221","headAddress":"$O$184","bodyAddress":"$O$185:$O$221","_name":"план"}},"emcosID":null,"emcosMLID":null,"codMaketTEP":null,"codTEP":null,"WSName":"PS","rangeAddress":"$N$183:$O$221","headAddress":"$N$183:$O$183","bodyAddress":"$N$184:$O$221","_name":"Потребление АБ Энерго Алматы"},"DB":{"_level":0,"parentID":"6344968c-25fc-45ce-a8d9-1387a16cb16a","firstParentID":"6344968c-25fc-45ce-a8d9-1387a16cb16a","ID":"d46cc729-c7a6-419d-9a98-d9e12765ef68","childs":{"прием":{"_level":1,"parentID":"d46cc729-c7a6-419d-9a98-d9e12765ef68","firstParentID":"6344968c-25fc-45ce-a8d9-1387a16cb16a","ID":"769ceabc-c817-4b03-bd02-877b00e1cb4e","childs":{"код":{"_level":2,"parentID":"769ceabc-c817-4b03-bd02-877b00e1cb4e","firstParentID":"6344968c-25fc-45ce-a8d9-1387a16cb16a","ID":"3aed7e1e-59d8-4e02-be24-1a13ac4044e2","childs":null,"emcosID":null,"emcosMLID":null,"codMaketTEP":null,"codTEP":null,"WSName":"DB","rangeAddress":"$GM$353:$GM$390","headAddress":"$GM$353","bodyAddress":"$GM$354:$GM$390","_name":"код"},"основное":{"_level":2,"parentID":"769ceabc-c817-4b03-bd02-877b00e1cb4e","firstParentID":"6344968c-25fc-45ce-a8d9-1387a16cb16a","ID":"c74d5913-ec59-45fb-84bf-fd11e166137f","childs":null,"emcosID":null,"emcosMLID":null,"codMaketTEP":null,"codTEP":null,"WSName":"DB","rangeAddress":"$GN$353:$GN$390","headAddress":"$GN$353","bodyAddress":"$GN$354:$GN$390","_name":"основное"},"корректировка факт":{"_level":2,"parentID":"769ceabc-c817-4b03-bd02-877b00e1cb4e","firstParentID":"6344968c-25fc-45ce-a8d9-1387a16cb16a","ID":"85c2a6a1-c63e-40f9-bbf2-94828ce36001","childs":null,"emcosID":null,"emcosMLID":null,"codMaketTEP":null,"codTEP":null,"WSName":"DB","rangeAddress":"$GO$353:$GO$390","headAddress":"$GO$353","bodyAddress":"$GO$354:$GO$390","_name":"корректировка факт"},"ручное":{"_level":2,"parentID":"769ceabc-c817-4b03-bd02-877b00e1cb4e","firstParentID":"6344968c-25fc-45ce-a8d9-1387a16cb16a","ID":"2a0aa193-e482-4432-8032-9f3f8e7cb160","childs":null,"emcosID":null,"emcosMLID":null,"codMaketTEP":null,"codTEP":null,"WSName":"DB","rangeAddress":"$GP$353:$GP$390","headAddress":"$GP$353","bodyAddress":"$GP$354:$GP$390","_name":"ручное"},"формула":{"_level":2,"parentID":"769ceabc-c817-4b03-bd02-877b00e1cb4e","firstParentID":"6344968c-25fc-45ce-a8d9-1387a16cb16a","ID":"866903f9-92e5-41fc-9f52-55741fc7f09d","childs":null,"emcosID":null,"emcosMLID":null,"codMaketTEP":null,"codTEP":null,"WSName":"DB","rangeAddress":"$GQ$353:$GQ$390","headAddress":"$GQ$353","bodyAddress":"$GQ$354:$GQ$390","_name":"формула"},"по плану":{"_level":2,"parentID":"769ceabc-c817-4b03-bd02-877b00e1cb4e","firstParentID":"6344968c-25fc-45ce-a8d9-1387a16cb16a","ID":"f22aa2b4-13c1-41dc-a0b8-c26d1a19aee5","childs":null,"emcosID":null,"emcosMLID":null,"codMaketTEP":null,"codTEP":null,"WSName":"DB","rangeAddress":"$GR$353:$GR$390","headAddress":"$GR$353","bodyAddress":"$GR$354:$GR$390","_name":"по плану"}},"emcosID":null,"emcosMLID":null,"codMaketTEP":null,"codTEP":null,"WSName":"DB","rangeAddress":"$GM$352:$GR$390","headAddress":"$GM$352:$GR$352","bodyAddress":"$GM$353:$GR$390","_name":"прием"},"план":{"_level":1,"parentID":"d46cc729-c7a6-419d-9a98-d9e12765ef68","firstParentID":"6344968c-25fc-45ce-a8d9-1387a16cb16a","ID":"6ea4cf57-d01a-426d-a0e1-d8815de33cad","childs":{"код":{"_level":2,"parentID":"6ea4cf57-d01a-426d-a0e1-d8815de33cad","firstParentID":"6344968c-25fc-45ce-a8d9-1387a16cb16a","ID":"11b31ad3-1d10-465b-bc23-31dfadf17aa9","childs":null,"emcosID":null,"emcosMLID":null,"codMaketTEP":null,"codTEP":null,"WSName":"DB","rangeAddress":"$GS$353:$GS$390","headAddress":"$GS$353","bodyAddress":"$GS$354:$GS$390","_name":"код"},"основное":{"_level":2,"parentID":"6ea4cf57-d01a-426d-a0e1-d8815de33cad","firstParentID":"6344968c-25fc-45ce-a8d9-1387a16cb16a","ID":"1e726ca6-e8c6-4b57-b1d7-bbef3a2ec73d","childs":null,"emcosID":null,"emcosMLID":null,"codMaketTEP":null,"codTEP":null,"WSName":"DB","rangeAddress":"$GT$353:$GT$390","headAddress":"$GT$353","bodyAddress":"$GT$354:$GT$390","_name":"основное"},"заявка":{"_level":2,"parentID":"6ea4cf57-d01a-426d-a0e1-d8815de33cad","firstParentID":"6344968c-25fc-45ce-a8d9-1387a16cb16a","ID":"dc94f8ce-0b5e-443c-bde0-188cda78f397","childs":null,"emcosID":null,"emcosMLID":null,"codMaketTEP":null,"codTEP":null,"WSName":"DB","rangeAddress":"$GU$353:$GU$390","headAddress":"$GU$353","bodyAddress":"$GU$354:$GU$390","_name":"заявка"},"утвержденный":{"_level":2,"parentID":"6ea4cf57-d01a-426d-a0e1-d8815de33cad","firstParentID":"6344968c-25fc-45ce-a8d9-1387a16cb16a","ID":"d2ca4682-5894-4d38-8373-8daccb80eff9","childs":null,"emcosID":null,"emcosMLID":null,"codMaketTEP":null,"codTEP":null,"WSName":"DB","rangeAddress":"$GV$353:$GV$390","headAddress":"$GV$353","bodyAddress":"$GV$354:$GV$390","_name":"утвержденный"},"корректировка":{"_level":2,"parentID":"6ea4cf57-d01a-426d-a0e1-d8815de33cad","firstParentID":"6344968c-25fc-45ce-a8d9-1387a16cb16a","ID":"aae48825-5568-4292-b786-2f1a75d259c7","childs":null,"emcosID":null,"emcosMLID":null,"codMaketTEP":null,"codTEP":null,"WSName":"DB","rangeAddress":"$GW$353:$GW$390","headAddress":"$GW$353","bodyAddress":"$GW$354:$GW$390","_name":"корректировка"}},"emcosID":null,"emcosMLID":null,"codMaketTEP":null,"codTEP":null,"WSName":"DB","rangeAddress":"$GS$352:$GW$390","headAddress":"$GS$352:$GW$352","bodyAddress":"$GS$353:$GW$390","_name":"план"}},"emcosID":null,"emcosMLID":null,"codMaketTEP":null,"codTEP":null,"WSName":"DB","rangeAddress":"$GM$351:$GW$390","headAddress":"$GM$351:$GW$351","bodyAddress":"$GM$352:$GW$390","_name":"Потребление АБ Энерго Алматы"}},"codPlan":60,"meterCoef":null,"_name":"Потребление АБ Энерго Алматы"}