{"ID":"6631b0d4-51ff-43da-9a05-28137e5bcfe9","childs":{"PS":{"_level":0,"parentID":"6631b0d4-51ff-43da-9a05-28137e5bcfe9","firstParentID":"6631b0d4-51ff-43da-9a05-28137e5bcfe9","ID":"58f07afe-ddfd-46c9-bcb6-27787d596f48","childs":{"прием":{"_level":1,"parentID":"58f07afe-ddfd-46c9-bcb6-27787d596f48","firstParentID":"6631b0d4-51ff-43da-9a05-28137e5bcfe9","ID":"edf6a054-2b00-455b-a48b-b34890a01a92","childs":{"оперативное":{"_level":2,"parentID":"edf6a054-2b00-455b-a48b-b34890a01a92","firstParentID":"6631b0d4-51ff-43da-9a05-28137e5bcfe9","ID":"9077fb72-58a2-4de6-b188-5fd3b48890ac","childs":null,"emcosID":null,"emcosMLID":null,"codMaketTEP":null,"codTEP":null,"WSName":"PS","rangeAddress":"$M$228:$M$264","headAddress":"$M$228","bodyAddress":"$M$229:$M$264","_name":"оперативное"}},"emcosID":null,"emcosMLID":null,"codMaketTEP":null,"codTEP":null,"WSName":"PS","rangeAddress":"$M$227:$M$264","headAddress":"$M$227","bodyAddress":"$M$228:$M$264","_name":"прием"}},"emcosID":null,"emcosMLID":null,"codMaketTEP":null,"codTEP":null,"WSName":"PS","rangeAddress":"$M$226:$M$264","headAddress":"$M$226","bodyAddress":"$M$227:$M$264","_name":"Потребление Мангыстау Энерго Сату"},"DB":{"_level":0,"parentID":"6631b0d4-51ff-43da-9a05-28137e5bcfe9","firstParentID":"6631b0d4-51ff-43da-9a05-28137e5bcfe9","ID":"8394cfe1-8f73-40b5-a7c7-40344f9fae30","childs":{"прием":{"_level":1,"parentID":"8394cfe1-8f73-40b5-a7c7-40344f9fae30","firstParentID":"6631b0d4-51ff-43da-9a05-28137e5bcfe9","ID":"6998b8b3-3f22-4b98-9689-10f2d153e781","childs":{"код":{"_level":2,"parentID":"6998b8b3-3f22-4b98-9689-10f2d153e781","firstParentID":"6631b0d4-51ff-43da-9a05-28137e5bcfe9","ID":"b1af76b6-b7a8-447f-a420-768c0f8b18ca","childs":null,"emcosID":null,"emcosMLID":null,"codMaketTEP":null,"codTEP":null,"WSName":"DB","rangeAddress":"$DI$396:$DI$433","headAddress":"$DI$396","bodyAddress":"$DI$397:$DI$433","_name":"код"},"основное":{"_level":2,"parentID":"6998b8b3-3f22-4b98-9689-10f2d153e781","firstParentID":"6631b0d4-51ff-43da-9a05-28137e5bcfe9","ID":"8e7b51f0-54b3-48d0-aaeb-1a7b644f6a9a","childs":null,"emcosID":null,"emcosMLID":null,"codMaketTEP":null,"codTEP":null,"WSName":"DB","rangeAddress":"$DJ$396:$DJ$433","headAddress":"$DJ$396","bodyAddress":"$DJ$397:$DJ$433","_name":"основное"},"корректировка факт":{"_level":2,"parentID":"6998b8b3-3f22-4b98-9689-10f2d153e781","firstParentID":"6631b0d4-51ff-43da-9a05-28137e5bcfe9","ID":"bd499734-a8aa-434f-bd9d-7cd116823ebb","childs":null,"emcosID":null,"emcosMLID":null,"codMaketTEP":null,"codTEP":null,"WSName":"DB","rangeAddress":"$DK$396:$DK$433","headAddress":"$DK$396","bodyAddress":"$DK$397:$DK$433","_name":"корректировка факт"},"ручное":{"_level":2,"parentID":"6998b8b3-3f22-4b98-9689-10f2d153e781","firstParentID":"6631b0d4-51ff-43da-9a05-28137e5bcfe9","ID":"c487393b-edce-4dbc-83be-5baee26c7f10","childs":null,"emcosID":null,"emcosMLID":null,"codMaketTEP":null,"codTEP":null,"WSName":"DB","rangeAddress":"$DL$396:$DL$433","headAddress":"$DL$396","bodyAddress":"$DL$397:$DL$433","_name":"ручное"},"оперативное":{"_level":2,"parentID":"6998b8b3-3f22-4b98-9689-10f2d153e781","firstParentID":"6631b0d4-51ff-43da-9a05-28137e5bcfe9","ID":"0080feea-8aa4-404e-bdb7-c22e9e3cd272","childs":null,"emcosID":null,"emcosMLID":null,"codMaketTEP":null,"codTEP":null,"WSName":"DB","rangeAddress":"$DM$396:$DM$433","headAddress":"$DM$396","bodyAddress":"$DM$397:$DM$433","_name":"оперативное"}},"emcosID":null,"emcosMLID":null,"codMaketTEP":null,"codTEP":null,"WSName":"DB","rangeAddress":"$DI$395:$DM$433","headAddress":"$DI$395:$DM$395","bodyAddress":"$DI$396:$DM$433","_name":"прием"}},"emcosID":null,"emcosMLID":null,"codMaketTEP":null,"codTEP":null,"WSName":"DB","rangeAddress":"$DI$394:$DM$433","headAddress":"$DI$394:$DM$394","bodyAddress":"$DI$395:$DM$433","_name":"Потребление Мангыстау Энерго Сату"}},"codPlan":null,"meterCoef":null,"_name":"Потребление Мангыстау Энерго Сату"}