{"ID":"6631b0d4-51ff-43da-9a05-28137e5bcfe9","childs":{"PS":{"_level":0,"parentID":"6631b0d4-51ff-43da-9a05-28137e5bcfe9","firstParentID":"6631b0d4-51ff-43da-9a05-28137e5bcfe9","ID":"58f07afe-ddfd-46c9-bcb6-27787d596f48","childs":{"прием":{"_level":1,"parentID":"58f07afe-ddfd-46c9-bcb6-27787d596f48","firstParentID":"6631b0d4-51ff-43da-9a05-28137e5bcfe9","ID":"edf6a054-2b00-455b-a48b-b34890a01a92","childs":{"оперативное":{"_level":2,"parentID":"edf6a054-2b00-455b-a48b-b34890a01a92","firstParentID":"6631b0d4-51ff-43da-9a05-28137e5bcfe9","ID":"9077fb72-58a2-4de6-b188-5fd3b48890ac","childs":null,"emcosID":null,"emcosMLID":null,"codMaketTEP":null,"codTEP":null,"WSName":"PS","rangeAddress":"$R$228:$R$264","headAddress":"$R$228","bodyAddress":"$R$229:$R$264","_name":"оперативное"}},"emcosID":null,"emcosMLID":null,"codMaketTEP":1446,"codTEP":null,"WSName":"PS","rangeAddress":"$R$227:$R$264","headAddress":"$R$227","bodyAddress":"$R$228:$R$264","_name":"прием"},"план":{"_level":1,"parentID":"58f07afe-ddfd-46c9-bcb6-27787d596f48","firstParentID":"6631b0d4-51ff-43da-9a05-28137e5bcfe9","ID":"bb42578e-0831-4e2d-8891-51374411d111","childs":{"заявка":{"_level":2,"parentID":"bb42578e-0831-4e2d-8891-51374411d111","firstParentID":"6631b0d4-51ff-43da-9a05-28137e5bcfe9","ID":"29507854-2e88-4011-bf57-a4c72568bc07","childs":null,"emcosID":null,"emcosMLID":null,"codMaketTEP":null,"codTEP":null,"WSName":"PS","rangeAddress":"$S$228:$S$264","headAddress":"$S$228","bodyAddress":"$S$229:$S$264","_name":"заявка"}},"emcosID":null,"emcosMLID":null,"codMaketTEP":null,"codTEP":null,"WSName":"PS","rangeAddress":"$S$227:$S$264","headAddress":"$S$227","bodyAddress":"$S$228:$S$264","_name":"план"}},"emcosID":null,"emcosMLID":null,"codMaketTEP":null,"codTEP":null,"WSName":"PS","rangeAddress":"$R$226:$S$264","headAddress":"$R$226:$S$226","bodyAddress":"$R$227:$S$264","_name":"Потребление Мангыстау Энерго Сату"},"DB":{"_level":0,"parentID":"6631b0d4-51ff-43da-9a05-28137e5bcfe9","firstParentID":"6631b0d4-51ff-43da-9a05-28137e5bcfe9","ID":"8394cfe1-8f73-40b5-a7c7-40344f9fae30","childs":{"прием":{"_level":1,"parentID":"8394cfe1-8f73-40b5-a7c7-40344f9fae30","firstParentID":"6631b0d4-51ff-43da-9a05-28137e5bcfe9","ID":"6998b8b3-3f22-4b98-9689-10f2d153e781","childs":{"код":{"_level":2,"parentID":"6998b8b3-3f22-4b98-9689-10f2d153e781","firstParentID":"6631b0d4-51ff-43da-9a05-28137e5bcfe9","ID":"b1af76b6-b7a8-447f-a420-768c0f8b18ca","childs":null,"emcosID":null,"emcosMLID":null,"codMaketTEP":null,"codTEP":null,"WSName":"DB","rangeAddress":"$FE$396:$FE$433","headAddress":"$FE$396","bodyAddress":"$FE$397:$FE$433","_name":"код"},"основное":{"_level":2,"parentID":"6998b8b3-3f22-4b98-9689-10f2d153e781","firstParentID":"6631b0d4-51ff-43da-9a05-28137e5bcfe9","ID":"8e7b51f0-54b3-48d0-aaeb-1a7b644f6a9a","childs":null,"emcosID":null,"emcosMLID":null,"codMaketTEP":null,"codTEP":null,"WSName":"DB","rangeAddress":"$FF$396:$FF$433","headAddress":"$FF$396","bodyAddress":"$FF$397:$FF$433","_name":"основное"},"корректировка факт":{"_level":2,"parentID":"6998b8b3-3f22-4b98-9689-10f2d153e781","firstParentID":"6631b0d4-51ff-43da-9a05-28137e5bcfe9","ID":"bd499734-a8aa-434f-bd9d-7cd116823ebb","childs":null,"emcosID":null,"emcosMLID":null,"codMaketTEP":null,"codTEP":null,"WSName":"DB","rangeAddress":"$FG$396:$FG$433","headAddress":"$FG$396","bodyAddress":"$FG$397:$FG$433","_name":"корректировка факт"},"ручное":{"_level":2,"parentID":"6998b8b3-3f22-4b98-9689-10f2d153e781","firstParentID":"6631b0d4-51ff-43da-9a05-28137e5bcfe9","ID":"c487393b-edce-4dbc-83be-5baee26c7f10","childs":null,"emcosID":null,"emcosMLID":null,"codMaketTEP":null,"codTEP":null,"WSName":"DB","rangeAddress":"$FH$396:$FH$433","headAddress":"$FH$396","bodyAddress":"$FH$397:$FH$433","_name":"ручное"},"оперативное":{"_level":2,"parentID":"6998b8b3-3f22-4b98-9689-10f2d153e781","firstParentID":"6631b0d4-51ff-43da-9a05-28137e5bcfe9","ID":"0080feea-8aa4-404e-bdb7-c22e9e3cd272","childs":null,"emcosID":null,"emcosMLID":null,"codMaketTEP":null,"codTEP":null,"WSName":"DB","rangeAddress":"$FI$396:$FI$433","headAddress":"$FI$396","bodyAddress":"$FI$397:$FI$433","_name":"оперативное"},"по плану":{"_level":2,"parentID":"6998b8b3-3f22-4b98-9689-10f2d153e781","firstParentID":"6631b0d4-51ff-43da-9a05-28137e5bcfe9","ID":"3b847b96-bbbd-4725-b1dd-de4ee32f6dd8","childs":null,"emcosID":null,"emcosMLID":null,"codMaketTEP":null,"codTEP":null,"WSName":"DB","rangeAddress":"$FJ$396:$FJ$433","headAddress":"$FJ$396","bodyAddress":"$FJ$397:$FJ$433","_name":"по плану"}},"emcosID":null,"emcosMLID":null,"codMaketTEP":null,"codTEP":null,"WSName":"DB","rangeAddress":"$FE$395:$FJ$433","headAddress":"$FE$395:$FJ$395","bodyAddress":"$FE$396:$FJ$433","_name":"прием"},"план":{"_level":1,"parentID":"8394cfe1-8f73-40b5-a7c7-40344f9fae30","firstParentID":"6631b0d4-51ff-43da-9a05-28137e5bcfe9","ID":"821ac1c8-e453-4bd1-b4a3-3639b9826eaf","childs":{"код":{"_level":2,"parentID":"821ac1c8-e453-4bd1-b4a3-3639b9826eaf","firstParentID":"6631b0d4-51ff-43da-9a05-28137e5bcfe9","ID":"b6c27be8-e846-4db5-b2d8-2c6dc316927d","childs":null,"emcosID":null,"emcosMLID":null,"codMaketTEP":null,"codTEP":null,"WSName":"DB","rangeAddress":"$FK$396:$FK$433","headAddress":"$FK$396","bodyAddress":"$FK$397:$FK$433","_name":"код"},"основное":{"_level":2,"parentID":"821ac1c8-e453-4bd1-b4a3-3639b9826eaf","firstParentID":"6631b0d4-51ff-43da-9a05-28137e5bcfe9","ID":"19e773fd-f8cc-420c-a7db-bb24dd6bbd20","childs":null,"emcosID":null,"emcosMLID":null,"codMaketTEP":null,"codTEP":null,"WSName":"DB","rangeAddress":"$FL$396:$FL$433","headAddress":"$FL$396","bodyAddress":"$FL$397:$FL$433","_name":"основное"},"заявка":{"_level":2,"parentID":"821ac1c8-e453-4bd1-b4a3-3639b9826eaf","firstParentID":"6631b0d4-51ff-43da-9a05-28137e5bcfe9","ID":"c84ce394-1a4a-4614-8acb-2efa7dc61de3","childs":null,"emcosID":null,"emcosMLID":null,"codMaketTEP":null,"codTEP":null,"WSName":"DB","rangeAddress":"$FM$396:$FM$433","headAddress":"$FM$396","bodyAddress":"$FM$397:$FM$433","_name":"заявка"},"утвержденный":{"_level":2,"parentID":"821ac1c8-e453-4bd1-b4a3-3639b9826eaf","firstParentID":"6631b0d4-51ff-43da-9a05-28137e5bcfe9","ID":"7c8cbbc2-2ebb-4a5a-a256-21de2cb938ff","childs":null,"emcosID":null,"emcosMLID":null,"codMaketTEP":null,"codTEP":null,"WSName":"DB","rangeAddress":"$FN$396:$FN$433","headAddress":"$FN$396","bodyAddress":"$FN$397:$FN$433","_name":"утвержденный"},"корректировка":{"_level":2,"parentID":"821ac1c8-e453-4bd1-b4a3-3639b9826eaf","firstParentID":"6631b0d4-51ff-43da-9a05-28137e5bcfe9","ID":"c0f5f9a5-350e-4e5d-b84e-639957428b19","childs":null,"emcosID":null,"emcosMLID":null,"codMaketTEP":null,"codTEP":null,"WSName":"DB","rangeAddress":"$FO$396:$FO$433","headAddress":"$FO$396","bodyAddress":"$FO$397:$FO$433","_name":"корректировка"}},"emcosID":null,"emcosMLID":null,"codMaketTEP":null,"codTEP":null,"WSName":"DB","rangeAddress":"$FK$395:$FO$433","headAddress":"$FK$395:$FO$395","bodyAddress":"$FK$396:$FO$433","_name":"план"}},"emcosID":null,"emcosMLID":null,"codMaketTEP":null,"codTEP":null,"WSName":"DB","rangeAddress":"$FE$394:$FO$433","headAddress":"$FE$394:$FO$394","bodyAddress":"$FE$395:$FO$433","_name":"Потребление Мангыстау Энерго Сату"}},"codPlan":45,"meterCoef":null,"_name":"Потребление Мангыстау Энерго Сату"}