{"ID":"67ed745c-86a6-4437-bb0f-46dabcc17325","childs":{"PS":{"_level":0,"parentID":"67ed745c-86a6-4437-bb0f-46dabcc17325","firstParentID":"67ed745c-86a6-4437-bb0f-46dabcc17325","ID":"33ebef0b-0019-41a2-a463-9ae3a6679197","childs":{"прием":{"_level":1,"parentID":"33ebef0b-0019-41a2-a463-9ae3a6679197","firstParentID":"67ed745c-86a6-4437-bb0f-46dabcc17325","ID":"f0202ca5-069b-4ccd-b362-013638afdd8a","childs":{"по счетчику":{"_level":2,"parentID":"f0202ca5-069b-4ccd-b362-013638afdd8a","firstParentID":"67ed745c-86a6-4437-bb0f-46dabcc17325","ID":"29907e9b-6bb5-4e9f-ae59-768bb758a9aa","childs":null,"emcosID":null,"emcosMLID":null,"codMaketTEP":null,"codTEP":null,"WSName":"PS","rangeAddress":"$FP$99:$FP$135","headAddress":"$FP$99","bodyAddress":"$FP$100:$FP$135","_name":"по счетчику"},"СЧЕТЧИК":{"_level":2,"parentID":"f0202ca5-069b-4ccd-b362-013638afdd8a","firstParentID":"67ed745c-86a6-4437-bb0f-46dabcc17325","ID":"cbb2820e-f20e-4428-89a4-3c0619bb842b","childs":null,"emcosID":null,"emcosMLID":null,"codMaketTEP":null,"codTEP":null,"WSName":"PS","rangeAddress":"$FQ$99:$FQ$135","headAddress":"$FQ$99","bodyAddress":"$FQ$100:$FQ$135","_name":"СЧЕТЧИК"}},"emcosID":null,"emcosMLID":null,"codMaketTEP":null,"codTEP":null,"WSName":"PS","rangeAddress":"$FP$98:$FQ$135","headAddress":"$FP$98:$FQ$98","bodyAddress":"$FP$99:$FQ$135","_name":"прием"},"отдача":{"_level":1,"parentID":"33ebef0b-0019-41a2-a463-9ae3a6679197","firstParentID":"67ed745c-86a6-4437-bb0f-46dabcc17325","ID":"6cfb83ba-b9d4-4966-b45e-6e9186d9f806","childs":{"по счетчику":{"_level":2,"parentID":"6cfb83ba-b9d4-4966-b45e-6e9186d9f806","firstParentID":"67ed745c-86a6-4437-bb0f-46dabcc17325","ID":"3b6f73b1-5348-4257-a300-fcadf356d9ef","childs":null,"emcosID":null,"emcosMLID":null,"codMaketTEP":null,"codTEP":null,"WSName":"PS","rangeAddress":"$FR$99:$FR$135","headAddress":"$FR$99","bodyAddress":"$FR$100:$FR$135","_name":"по счетчику"},"СЧЕТЧИК":{"_level":2,"parentID":"6cfb83ba-b9d4-4966-b45e-6e9186d9f806","firstParentID":"67ed745c-86a6-4437-bb0f-46dabcc17325","ID":"25fcc10c-580d-4630-8a4f-a164392d3899","childs":null,"emcosID":null,"emcosMLID":null,"codMaketTEP":null,"codTEP":null,"WSName":"PS","rangeAddress":"$FS$99:$FS$135","headAddress":"$FS$99","bodyAddress":"$FS$100:$FS$135","_name":"СЧЕТЧИК"}},"emcosID":null,"emcosMLID":null,"codMaketTEP":null,"codTEP":null,"WSName":"PS","rangeAddress":"$FR$98:$FS$135","headAddress":"$FR$98:$FS$98","bodyAddress":"$FR$99:$FS$135","_name":"отдача"}},"emcosID":null,"emcosMLID":null,"codMaketTEP":null,"codTEP":null,"WSName":"PS","rangeAddress":"$FP$97:$FS$135","headAddress":"$FP$97:$FS$97","bodyAddress":"$FP$98:$FS$135","_name":"АТ1 110 ПС152 Талдыкорган"},"DB":{"_level":0,"parentID":"67ed745c-86a6-4437-bb0f-46dabcc17325","firstParentID":"67ed745c-86a6-4437-bb0f-46dabcc17325","ID":"f6c49b53-e211-4721-9f16-571c30055924","childs":{"прием":{"_level":1,"parentID":"f6c49b53-e211-4721-9f16-571c30055924","firstParentID":"67ed745c-86a6-4437-bb0f-46dabcc17325","ID":"fb1f08fc-1bef-489a-a17c-c8d229a75961","childs":{"код":{"_level":2,"parentID":"fb1f08fc-1bef-489a-a17c-c8d229a75961","firstParentID":"67ed745c-86a6-4437-bb0f-46dabcc17325","ID":"8ebaa50e-800b-4ff8-b50e-980e6617b383","childs":null,"emcosID":null,"emcosMLID":null,"codMaketTEP":null,"codTEP":null,"WSName":"DB","rangeAddress":"$U$482:$U$519","headAddress":"$U$482","bodyAddress":"$U$483:$U$519","_name":"код"},"основное":{"_level":2,"parentID":"fb1f08fc-1bef-489a-a17c-c8d229a75961","firstParentID":"67ed745c-86a6-4437-bb0f-46dabcc17325","ID":"f8855992-cf46-4432-be9a-df4d13c1a059","childs":null,"emcosID":null,"emcosMLID":null,"codMaketTEP":null,"codTEP":null,"WSName":"DB","rangeAddress":"$V$482:$V$519","headAddress":"$V$482","bodyAddress":"$V$483:$V$519","_name":"основное"},"корректировка факт":{"_level":2,"parentID":"fb1f08fc-1bef-489a-a17c-c8d229a75961","firstParentID":"67ed745c-86a6-4437-bb0f-46dabcc17325","ID":"aab466df-f00d-4122-9758-704a1b248836","childs":null,"emcosID":null,"emcosMLID":null,"codMaketTEP":null,"codTEP":null,"WSName":"DB","rangeAddress":"$W$482:$W$519","headAddress":"$W$482","bodyAddress":"$W$483:$W$519","_name":"корректировка факт"},"ручное":{"_level":2,"parentID":"fb1f08fc-1bef-489a-a17c-c8d229a75961","firstParentID":"67ed745c-86a6-4437-bb0f-46dabcc17325","ID":"647a67c0-41fc-475b-b276-b41e3dc9b96a","childs":null,"emcosID":null,"emcosMLID":null,"codMaketTEP":null,"codTEP":null,"WSName":"DB","rangeAddress":"$X$482:$X$519","headAddress":"$X$482","bodyAddress":"$X$483:$X$519","_name":"ручное"},"счетчик":{"_level":2,"parentID":"fb1f08fc-1bef-489a-a17c-c8d229a75961","firstParentID":"67ed745c-86a6-4437-bb0f-46dabcc17325","ID":"796e63cc-12c4-45c0-85db-aa5207713b10","childs":null,"emcosID":null,"emcosMLID":null,"codMaketTEP":null,"codTEP":null,"WSName":"DB","rangeAddress":"$Y$482:$Y$519","headAddress":"$Y$482","bodyAddress":"$Y$483:$Y$519","_name":"счетчик"},"по счетчику":{"_level":2,"parentID":"fb1f08fc-1bef-489a-a17c-c8d229a75961","firstParentID":"67ed745c-86a6-4437-bb0f-46dabcc17325","ID":"cf7eb9f2-c0fe-463e-a700-cb69bb1d03cc","childs":null,"emcosID":null,"emcosMLID":null,"codMaketTEP":null,"codTEP":null,"WSName":"DB","rangeAddress":"$Z$482:$Z$519","headAddress":"$Z$482","bodyAddress":"$Z$483:$Z$519","_name":"по счетчику"}},"emcosID":null,"emcosMLID":null,"codMaketTEP":null,"codTEP":null,"WSName":"DB","rangeAddress":"$U$481:$Z$519","headAddress":"$U$481:$Z$481","bodyAddress":"$U$482:$Z$519","_name":"прием"},"отдача":{"_level":1,"parentID":"f6c49b53-e211-4721-9f16-571c30055924","firstParentID":"67ed745c-86a6-4437-bb0f-46dabcc17325","ID":"eb22847c-7892-4482-9c03-f3bf5fbb3e06","childs":{"код":{"_level":2,"parentID":"eb22847c-7892-4482-9c03-f3bf5fbb3e06","firstParentID":"67ed745c-86a6-4437-bb0f-46dabcc17325","ID":"e33fe19d-a922-4952-8a5e-69c0083b848a","childs":null,"emcosID":null,"emcosMLID":null,"codMaketTEP":null,"codTEP":null,"WSName":"DB","rangeAddress":"$AA$482:$AA$519","headAddress":"$AA$482","bodyAddress":"$AA$483:$AA$519","_name":"код"},"основное":{"_level":2,"parentID":"eb22847c-7892-4482-9c03-f3bf5fbb3e06","firstParentID":"67ed745c-86a6-4437-bb0f-46dabcc17325","ID":"79f4509b-aab1-4627-930a-fcdc0ebfb17c","childs":null,"emcosID":null,"emcosMLID":null,"codMaketTEP":null,"codTEP":null,"WSName":"DB","rangeAddress":"$AB$482:$AB$519","headAddress":"$AB$482","bodyAddress":"$AB$483:$AB$519","_name":"основное"},"корректировка факт":{"_level":2,"parentID":"eb22847c-7892-4482-9c03-f3bf5fbb3e06","firstParentID":"67ed745c-86a6-4437-bb0f-46dabcc17325","ID":"a28913f2-6758-4aa8-b789-2092736b3b75","childs":null,"emcosID":null,"emcosMLID":null,"codMaketTEP":null,"codTEP":null,"WSName":"DB","rangeAddress":"$AC$482:$AC$519","headAddress":"$AC$482","bodyAddress":"$AC$483:$AC$519","_name":"корректировка факт"},"ручное":{"_level":2,"parentID":"eb22847c-7892-4482-9c03-f3bf5fbb3e06","firstParentID":"67ed745c-86a6-4437-bb0f-46dabcc17325","ID":"6192391a-6a78-4faa-b68b-5abd01dca5cb","childs":null,"emcosID":null,"emcosMLID":null,"codMaketTEP":null,"codTEP":null,"WSName":"DB","rangeAddress":"$AD$482:$AD$519","headAddress":"$AD$482","bodyAddress":"$AD$483:$AD$519","_name":"ручное"},"счетчик":{"_level":2,"parentID":"eb22847c-7892-4482-9c03-f3bf5fbb3e06","firstParentID":"67ed745c-86a6-4437-bb0f-46dabcc17325","ID":"5b76cb89-be8b-4680-a371-b5fd1e738b2c","childs":null,"emcosID":null,"emcosMLID":null,"codMaketTEP":null,"codTEP":null,"WSName":"DB","rangeAddress":"$AE$482:$AE$519","headAddress":"$AE$482","bodyAddress":"$AE$483:$AE$519","_name":"счетчик"},"по счетчику":{"_level":2,"parentID":"eb22847c-7892-4482-9c03-f3bf5fbb3e06","firstParentID":"67ed745c-86a6-4437-bb0f-46dabcc17325","ID":"794ce7cd-cd56-4444-863c-7e1b9dd5b5af","childs":null,"emcosID":null,"emcosMLID":null,"codMaketTEP":null,"codTEP":null,"WSName":"DB","rangeAddress":"$AF$482:$AF$519","headAddress":"$AF$482","bodyAddress":"$AF$483:$AF$519","_name":"по счетчику"}},"emcosID":null,"emcosMLID":null,"codMaketTEP":null,"codTEP":null,"WSName":"DB","rangeAddress":"$AA$481:$AF$519","headAddress":"$AA$481:$AF$481","bodyAddress":"$AA$482:$AF$519","_name":"отдача"}},"emcosID":null,"emcosMLID":null,"codMaketTEP":null,"codTEP":null,"WSName":"DB","rangeAddress":"$U$480:$AF$519","headAddress":"$U$480:$AF$480","bodyAddress":"$U$481:$AF$519","_name":"АТ1 110 ПС152 Талдыкорган"}},"codPlan":null,"meterCoef":"132","_name":"АТ1 110 ПС152 Талдыкорган"}