{"ID":"6807dd4b-8322-42a0-9cc8-e04372a6b2a4","childs":{"PS":{"_level":0,"parentID":"6807dd4b-8322-42a0-9cc8-e04372a6b2a4","firstParentID":"6807dd4b-8322-42a0-9cc8-e04372a6b2a4","ID":"9f2e977f-bd51-4467-8fa0-e42cee1698ed","childs":{"отдача":{"_level":1,"parentID":"9f2e977f-bd51-4467-8fa0-e42cee1698ed","firstParentID":"6807dd4b-8322-42a0-9cc8-e04372a6b2a4","ID":"18d95d05-16c1-444c-b947-e57cd53d20b8","childs":{"ручное":{"_level":2,"parentID":"18d95d05-16c1-444c-b947-e57cd53d20b8","firstParentID":"6807dd4b-8322-42a0-9cc8-e04372a6b2a4","ID":"84bbd90d-e42b-4c9d-97ab-1c74da432b50","childs":null,"emcosID":null,"emcosMLID":null,"codMaketTEP":null,"codTEP":null,"WSName":"PS","rangeAddress":"$CM$185:$CM$221","headAddress":"$CM$185","bodyAddress":"$CM$186:$CM$221","_name":"ручное"}},"emcosID":null,"emcosMLID":null,"codMaketTEP":null,"codTEP":null,"WSName":"PS","rangeAddress":"$CM$184:$CM$221","headAddress":"$CM$184","bodyAddress":"$CM$185:$CM$221","_name":"отдача"}},"emcosID":null,"emcosMLID":null,"codMaketTEP":null,"codTEP":null,"WSName":"PS","rangeAddress":"$CM$183:$CM$221","headAddress":"$CM$183","bodyAddress":"$CM$184:$CM$221","_name":"Генерация Eneverse Kunkuat СЭС Капшагай 100"},"DB":{"_level":0,"parentID":"6807dd4b-8322-42a0-9cc8-e04372a6b2a4","firstParentID":"6807dd4b-8322-42a0-9cc8-e04372a6b2a4","ID":"4b278298-a601-479b-813e-6de41c0212ed","childs":{"отдача":{"_level":1,"parentID":"4b278298-a601-479b-813e-6de41c0212ed","firstParentID":"6807dd4b-8322-42a0-9cc8-e04372a6b2a4","ID":"af6cc60d-3c76-4f07-9c2c-0c2aa4d9f555","childs":{"код":{"_level":2,"parentID":"af6cc60d-3c76-4f07-9c2c-0c2aa4d9f555","firstParentID":"6807dd4b-8322-42a0-9cc8-e04372a6b2a4","ID":"0742c580-bf50-46f4-a335-fb87667d823d","childs":null,"emcosID":null,"emcosMLID":null,"codMaketTEP":null,"codTEP":null,"WSName":"DB","rangeAddress":"$C$224:$C$261","headAddress":"$C$224","bodyAddress":"$C$225:$C$261","_name":"код"},"основное":{"_level":2,"parentID":"af6cc60d-3c76-4f07-9c2c-0c2aa4d9f555","firstParentID":"6807dd4b-8322-42a0-9cc8-e04372a6b2a4","ID":"ad9f0c85-a3d6-4cf7-a0b7-c5c57d1c0e3c","childs":null,"emcosID":null,"emcosMLID":null,"codMaketTEP":null,"codTEP":null,"WSName":"DB","rangeAddress":"$D$224:$D$261","headAddress":"$D$224","bodyAddress":"$D$225:$D$261","_name":"основное"},"корректировка факт":{"_level":2,"parentID":"af6cc60d-3c76-4f07-9c2c-0c2aa4d9f555","firstParentID":"6807dd4b-8322-42a0-9cc8-e04372a6b2a4","ID":"516bb0d9-d708-4e6c-b457-60ec3069c72a","childs":null,"emcosID":null,"emcosMLID":null,"codMaketTEP":null,"codTEP":null,"WSName":"DB","rangeAddress":"$E$224:$E$261","headAddress":"$E$224","bodyAddress":"$E$225:$E$261","_name":"корректировка факт"},"ручное":{"_level":2,"parentID":"af6cc60d-3c76-4f07-9c2c-0c2aa4d9f555","firstParentID":"6807dd4b-8322-42a0-9cc8-e04372a6b2a4","ID":"8c137432-2fed-438f-bc3b-6a418c5a4d31","childs":null,"emcosID":null,"emcosMLID":null,"codMaketTEP":null,"codTEP":null,"WSName":"DB","rangeAddress":"$F$224:$F$261","headAddress":"$F$224","bodyAddress":"$F$225:$F$261","_name":"ручное"}},"emcosID":null,"emcosMLID":null,"codMaketTEP":null,"codTEP":null,"WSName":"DB","rangeAddress":"$C$223:$F$261","headAddress":"$C$223:$F$223","bodyAddress":"$C$224:$F$261","_name":"отдача"}},"emcosID":null,"emcosMLID":null,"codMaketTEP":null,"codTEP":null,"WSName":"DB","rangeAddress":"$C$222:$F$261","headAddress":"$C$222:$F$222","bodyAddress":"$C$223:$F$261","_name":"Генерация Eneverse Kunkuat СЭС Капшагай 100"}},"codPlan":null,"meterCoef":null,"_name":"Генерация Eneverse Kunkuat СЭС Капшагай 100"}