{"ID":"699408fb-dee6-444d-ba88-a16fef07dbf5","childs":{"PS":{"_level":0,"parentID":"699408fb-dee6-444d-ba88-a16fef07dbf5","firstParentID":"699408fb-dee6-444d-ba88-a16fef07dbf5","ID":"d924e611-be0e-4470-8d44-94e1378122c1","childs":{"прием":{"_level":1,"parentID":"d924e611-be0e-4470-8d44-94e1378122c1","firstParentID":"699408fb-dee6-444d-ba88-a16fef07dbf5","ID":"d175bda6-d302-4f11-8858-8581db139302","childs":{"формула":{"_level":2,"parentID":"d175bda6-d302-4f11-8858-8581db139302","firstParentID":"699408fb-dee6-444d-ba88-a16fef07dbf5","ID":"6c900f59-65d1-4860-a3f3-8b1a8e1f1301","childs":null,"emcosID":null,"emcosMLID":null,"codMaketTEP":null,"codTEP":null,"WSName":"PS","rangeAddress":"$OW$99:$OW$135","headAddress":"$OW$99","bodyAddress":"$OW$100:$OW$135","_name":"формула"}},"emcosID":null,"emcosMLID":null,"codMaketTEP":null,"codTEP":null,"WSName":"PS","rangeAddress":"$OW$98:$OW$135","headAddress":"$OW$98","bodyAddress":"$OW$99:$OW$135","_name":"прием"}},"emcosID":null,"emcosMLID":null,"codMaketTEP":null,"codTEP":null,"WSName":"PS","rangeAddress":"$OW$97:$OW$135","headAddress":"$OW$97","bodyAddress":"$OW$98:$OW$135","_name":"Потребление Жидели тяга"},"DB":{"_level":0,"parentID":"699408fb-dee6-444d-ba88-a16fef07dbf5","firstParentID":"699408fb-dee6-444d-ba88-a16fef07dbf5","ID":"bda8e0f5-4b75-4d32-9787-b76fa0e318ee","childs":{"прием":{"_level":1,"parentID":"bda8e0f5-4b75-4d32-9787-b76fa0e318ee","firstParentID":"699408fb-dee6-444d-ba88-a16fef07dbf5","ID":"360fa207-92f6-4473-9c8f-278fec9d5d60","childs":{"код":{"_level":2,"parentID":"360fa207-92f6-4473-9c8f-278fec9d5d60","firstParentID":"699408fb-dee6-444d-ba88-a16fef07dbf5","ID":"a495a252-79ff-484c-a747-09aeb56f4ce3","childs":null,"emcosID":null,"emcosMLID":null,"codMaketTEP":null,"codTEP":null,"WSName":"DB","rangeAddress":"$CM$353:$CM$390","headAddress":"$CM$353","bodyAddress":"$CM$354:$CM$390","_name":"код"},"основное":{"_level":2,"parentID":"360fa207-92f6-4473-9c8f-278fec9d5d60","firstParentID":"699408fb-dee6-444d-ba88-a16fef07dbf5","ID":"051751a2-1705-484e-b61a-644e94c405e8","childs":null,"emcosID":null,"emcosMLID":null,"codMaketTEP":null,"codTEP":null,"WSName":"DB","rangeAddress":"$CN$353:$CN$390","headAddress":"$CN$353","bodyAddress":"$CN$354:$CN$390","_name":"основное"},"корректировка факт":{"_level":2,"parentID":"360fa207-92f6-4473-9c8f-278fec9d5d60","firstParentID":"699408fb-dee6-444d-ba88-a16fef07dbf5","ID":"873f46f9-4063-4100-919e-23fe346b9a4e","childs":null,"emcosID":null,"emcosMLID":null,"codMaketTEP":null,"codTEP":null,"WSName":"DB","rangeAddress":"$CO$353:$CO$390","headAddress":"$CO$353","bodyAddress":"$CO$354:$CO$390","_name":"корректировка факт"},"ручное":{"_level":2,"parentID":"360fa207-92f6-4473-9c8f-278fec9d5d60","firstParentID":"699408fb-dee6-444d-ba88-a16fef07dbf5","ID":"2f1fc5a5-fc42-419d-9abf-fcf4c1516149","childs":null,"emcosID":null,"emcosMLID":null,"codMaketTEP":null,"codTEP":null,"WSName":"DB","rangeAddress":"$CP$353:$CP$390","headAddress":"$CP$353","bodyAddress":"$CP$354:$CP$390","_name":"ручное"},"формула":{"_level":2,"parentID":"360fa207-92f6-4473-9c8f-278fec9d5d60","firstParentID":"699408fb-dee6-444d-ba88-a16fef07dbf5","ID":"7b2c5a9e-688e-45da-982c-a733f906ec52","childs":null,"emcosID":null,"emcosMLID":null,"codMaketTEP":null,"codTEP":null,"WSName":"DB","rangeAddress":"$CQ$353:$CQ$390","headAddress":"$CQ$353","bodyAddress":"$CQ$354:$CQ$390","_name":"формула"}},"emcosID":null,"emcosMLID":null,"codMaketTEP":null,"codTEP":null,"WSName":"DB","rangeAddress":"$CM$352:$CQ$390","headAddress":"$CM$352:$CQ$352","bodyAddress":"$CM$353:$CQ$390","_name":"прием"}},"emcosID":null,"emcosMLID":null,"codMaketTEP":null,"codTEP":null,"WSName":"DB","rangeAddress":"$CM$351:$CQ$390","headAddress":"$CM$351:$CQ$351","bodyAddress":"$CM$352:$CQ$390","_name":"Потребление Жидели тяга"}},"codPlan":null,"meterCoef":null,"_name":"Потребление Жидели тяга"}