{"ID":"69da5a65-61dc-414b-ba33-cc84a747b67a","childs":{"PS":{"_level":0,"parentID":"69da5a65-61dc-414b-ba33-cc84a747b67a","firstParentID":"69da5a65-61dc-414b-ba33-cc84a747b67a","ID":"91b53f2a-4987-42e8-9080-346f00923aa7","childs":{"отдача":{"_level":1,"parentID":"91b53f2a-4987-42e8-9080-346f00923aa7","firstParentID":"69da5a65-61dc-414b-ba33-cc84a747b67a","ID":"b5d35e8b-44e6-410f-88ed-d4f0681f5077","childs":{"оперативное":{"_level":2,"parentID":"b5d35e8b-44e6-410f-88ed-d4f0681f5077","firstParentID":"69da5a65-61dc-414b-ba33-cc84a747b67a","ID":"7ca27bb7-661e-4aad-8f12-e4248ffb7496","childs":null,"emcosID":null,"emcosMLID":null,"codMaketTEP":null,"codTEP":null,"WSName":"PS","rangeAddress":"$DJ$185:$DJ$221","headAddress":"$DJ$185","bodyAddress":"$DJ$186:$DJ$221","_name":"оперативное"}},"emcosID":null,"emcosMLID":null,"codMaketTEP":null,"codTEP":null,"WSName":"PS","rangeAddress":"$DJ$184:$DJ$221","headAddress":"$DJ$184","bodyAddress":"$DJ$185:$DJ$221","_name":"отдача"}},"emcosID":null,"emcosMLID":null,"codMaketTEP":null,"codTEP":null,"WSName":"PS","rangeAddress":"$DJ$183:$DJ$221","headAddress":"$DJ$183","bodyAddress":"$DJ$184:$DJ$221","_name":"Генерация Техно Базальт"},"DB":{"_level":0,"parentID":"69da5a65-61dc-414b-ba33-cc84a747b67a","firstParentID":"69da5a65-61dc-414b-ba33-cc84a747b67a","ID":"14916d25-1c71-4b16-923c-1e317f008714","childs":{"отдача":{"_level":1,"parentID":"14916d25-1c71-4b16-923c-1e317f008714","firstParentID":"69da5a65-61dc-414b-ba33-cc84a747b67a","ID":"ba63ce87-efe9-4bbe-93b7-ac445d05008b","childs":{"код":{"_level":2,"parentID":"ba63ce87-efe9-4bbe-93b7-ac445d05008b","firstParentID":"69da5a65-61dc-414b-ba33-cc84a747b67a","ID":"d0546e95-e9ca-460c-a192-e7be0a78c5d9","childs":null,"emcosID":null,"emcosMLID":null,"codMaketTEP":null,"codTEP":null,"WSName":"DB","rangeAddress":"$DF$181:$DF$218","headAddress":"$DF$181","bodyAddress":"$DF$182:$DF$218","_name":"код"},"основное":{"_level":2,"parentID":"ba63ce87-efe9-4bbe-93b7-ac445d05008b","firstParentID":"69da5a65-61dc-414b-ba33-cc84a747b67a","ID":"4575e9e4-647a-4b7d-b9b3-461ecde9898d","childs":null,"emcosID":null,"emcosMLID":null,"codMaketTEP":null,"codTEP":null,"WSName":"DB","rangeAddress":"$DG$181:$DG$218","headAddress":"$DG$181","bodyAddress":"$DG$182:$DG$218","_name":"основное"},"корректировка факт":{"_level":2,"parentID":"ba63ce87-efe9-4bbe-93b7-ac445d05008b","firstParentID":"69da5a65-61dc-414b-ba33-cc84a747b67a","ID":"1a7b97bc-71a5-4b8f-8f62-16aa9e1b749c","childs":null,"emcosID":null,"emcosMLID":null,"codMaketTEP":null,"codTEP":null,"WSName":"DB","rangeAddress":"$DH$181:$DH$218","headAddress":"$DH$181","bodyAddress":"$DH$182:$DH$218","_name":"корректировка факт"},"ручное":{"_level":2,"parentID":"ba63ce87-efe9-4bbe-93b7-ac445d05008b","firstParentID":"69da5a65-61dc-414b-ba33-cc84a747b67a","ID":"1c23f358-b5af-4c4b-93ff-7dd7e3f9c2b1","childs":null,"emcosID":null,"emcosMLID":null,"codMaketTEP":null,"codTEP":null,"WSName":"DB","rangeAddress":"$DI$181:$DI$218","headAddress":"$DI$181","bodyAddress":"$DI$182:$DI$218","_name":"ручное"},"оперативное":{"_level":2,"parentID":"ba63ce87-efe9-4bbe-93b7-ac445d05008b","firstParentID":"69da5a65-61dc-414b-ba33-cc84a747b67a","ID":"0ffd3b69-1cee-45c5-b63b-c982d3a3a5dd","childs":null,"emcosID":null,"emcosMLID":null,"codMaketTEP":null,"codTEP":null,"WSName":"DB","rangeAddress":"$DJ$181:$DJ$218","headAddress":"$DJ$181","bodyAddress":"$DJ$182:$DJ$218","_name":"оперативное"}},"emcosID":null,"emcosMLID":null,"codMaketTEP":null,"codTEP":null,"WSName":"DB","rangeAddress":"$DF$180:$DJ$218","headAddress":"$DF$180:$DJ$180","bodyAddress":"$DF$181:$DJ$218","_name":"отдача"}},"emcosID":null,"emcosMLID":null,"codMaketTEP":null,"codTEP":null,"WSName":"DB","rangeAddress":"$DF$179:$DJ$218","headAddress":"$DF$179:$DJ$179","bodyAddress":"$DF$180:$DJ$218","_name":"Генерация Техно Базальт"}},"codPlan":null,"meterCoef":null,"_name":"Генерация Техно Базальт"}