{"ID":"6a8f699e-51c2-4056-8187-5d9ce06132d9","childs":{"PS":{"_level":0,"parentID":"6a8f699e-51c2-4056-8187-5d9ce06132d9","firstParentID":"6a8f699e-51c2-4056-8187-5d9ce06132d9","ID":"7c6d806e-c37d-48aa-837d-5e258485b32d","childs":{"отдача":{"_level":1,"parentID":"7c6d806e-c37d-48aa-837d-5e258485b32d","firstParentID":"6a8f699e-51c2-4056-8187-5d9ce06132d9","ID":"53457b78-53e7-49d5-a1ce-0d49326297e1","childs":{"формула":{"_level":2,"parentID":"53457b78-53e7-49d5-a1ce-0d49326297e1","firstParentID":"6a8f699e-51c2-4056-8187-5d9ce06132d9","ID":"b025fb91-4966-4bba-afce-de2f729423e9","childs":null,"emcosID":null,"emcosMLID":null,"codMaketTEP":null,"codTEP":null,"WSName":"PS","rangeAddress":"$W$13:$W$49","headAddress":"$W$13","bodyAddress":"$W$14:$W$49","_name":"формула"}},"emcosID":null,"emcosMLID":null,"codMaketTEP":1310,"codTEP":null,"WSName":"PS","rangeAddress":"$W$12:$W$49","headAddress":"$W$12","bodyAddress":"$W$13:$W$49","_name":"отдача"}},"emcosID":null,"emcosMLID":null,"codMaketTEP":null,"codTEP":null,"WSName":"PS","rangeAddress":"$W$11:$W$49","headAddress":"$W$11","bodyAddress":"$W$12:$W$49","_name":"Генерация Алматинского энергоузла Общее"},"DB":{"_level":0,"parentID":"6a8f699e-51c2-4056-8187-5d9ce06132d9","firstParentID":"6a8f699e-51c2-4056-8187-5d9ce06132d9","ID":"11621a84-ad84-4a83-82f5-82cb450183e9","childs":{"отдача":{"_level":1,"parentID":"11621a84-ad84-4a83-82f5-82cb450183e9","firstParentID":"6a8f699e-51c2-4056-8187-5d9ce06132d9","ID":"3bd55bda-ec63-44fb-a6b0-e64d6243f02f","childs":{"код":{"_level":2,"parentID":"3bd55bda-ec63-44fb-a6b0-e64d6243f02f","firstParentID":"6a8f699e-51c2-4056-8187-5d9ce06132d9","ID":"92a107b2-054c-43b0-946d-20853c301123","childs":null,"emcosID":null,"emcosMLID":null,"codMaketTEP":null,"codTEP":null,"WSName":"DB","rangeAddress":"$EB$138:$EB$175","headAddress":"$EB$138","bodyAddress":"$EB$139:$EB$175","_name":"код"},"основное":{"_level":2,"parentID":"3bd55bda-ec63-44fb-a6b0-e64d6243f02f","firstParentID":"6a8f699e-51c2-4056-8187-5d9ce06132d9","ID":"3891ad05-1dfe-449a-8212-0c4bfb55b0ce","childs":null,"emcosID":null,"emcosMLID":null,"codMaketTEP":null,"codTEP":null,"WSName":"DB","rangeAddress":"$EC$138:$EC$175","headAddress":"$EC$138","bodyAddress":"$EC$139:$EC$175","_name":"основное"},"корректировка факт":{"_level":2,"parentID":"3bd55bda-ec63-44fb-a6b0-e64d6243f02f","firstParentID":"6a8f699e-51c2-4056-8187-5d9ce06132d9","ID":"e9ecddad-f926-43b7-8b30-7a79aa2b77dd","childs":null,"emcosID":null,"emcosMLID":null,"codMaketTEP":null,"codTEP":null,"WSName":"DB","rangeAddress":"$ED$138:$ED$175","headAddress":"$ED$138","bodyAddress":"$ED$139:$ED$175","_name":"корректировка факт"},"ручное":{"_level":2,"parentID":"3bd55bda-ec63-44fb-a6b0-e64d6243f02f","firstParentID":"6a8f699e-51c2-4056-8187-5d9ce06132d9","ID":"acbaafe3-da08-4277-b54f-521081e59cb1","childs":null,"emcosID":null,"emcosMLID":null,"codMaketTEP":null,"codTEP":null,"WSName":"DB","rangeAddress":"$EE$138:$EE$175","headAddress":"$EE$138","bodyAddress":"$EE$139:$EE$175","_name":"ручное"},"формула":{"_level":2,"parentID":"3bd55bda-ec63-44fb-a6b0-e64d6243f02f","firstParentID":"6a8f699e-51c2-4056-8187-5d9ce06132d9","ID":"35ce3c17-0c94-4cd2-82f7-e7ad31eaf91d","childs":null,"emcosID":null,"emcosMLID":null,"codMaketTEP":null,"codTEP":null,"WSName":"DB","rangeAddress":"$EF$138:$EF$175","headAddress":"$EF$138","bodyAddress":"$EF$139:$EF$175","_name":"формула"}},"emcosID":null,"emcosMLID":null,"codMaketTEP":null,"codTEP":null,"WSName":"DB","rangeAddress":"$EB$137:$EF$175","headAddress":"$EB$137:$EF$137","bodyAddress":"$EB$138:$EF$175","_name":"отдача"}},"emcosID":null,"emcosMLID":null,"codMaketTEP":null,"codTEP":null,"WSName":"DB","rangeAddress":"$EB$136:$EF$175","headAddress":"$EB$136:$EF$136","bodyAddress":"$EB$137:$EF$175","_name":"Генерация Алматинского энергоузла Общее"}},"codPlan":null,"meterCoef":null,"_name":"Генерация Алматинского энергоузла Общее"}