{"ID":"6b82d644-8c98-4975-95e8-9c70d9f60dc5","childs":{"PS":{"_level":0,"parentID":"6b82d644-8c98-4975-95e8-9c70d9f60dc5","firstParentID":"6b82d644-8c98-4975-95e8-9c70d9f60dc5","ID":"15ed2a12-b33e-4012-a9a3-13c2c2a5dac9","childs":{"прием":{"_level":1,"parentID":"15ed2a12-b33e-4012-a9a3-13c2c2a5dac9","firstParentID":"6b82d644-8c98-4975-95e8-9c70d9f60dc5","ID":"89192f7a-456e-4e0b-a188-fb853505370a","childs":{"ручное":{"_level":2,"parentID":"89192f7a-456e-4e0b-a188-fb853505370a","firstParentID":"6b82d644-8c98-4975-95e8-9c70d9f60dc5","ID":"2263fd64-bf3d-45db-83ca-a6e2b509398a","childs":null,"emcosID":null,"emcosMLID":null,"codMaketTEP":null,"codTEP":null,"WSName":"PS","rangeAddress":"$W$185:$W$221","headAddress":"$W$185","bodyAddress":"$W$186:$W$221","_name":"ручное"}},"emcosID":null,"emcosMLID":null,"codMaketTEP":null,"codTEP":null,"WSName":"PS","rangeAddress":"$W$184:$W$221","headAddress":"$W$184","bodyAddress":"$W$185:$W$221","_name":"прием"}},"emcosID":null,"emcosMLID":null,"codMaketTEP":null,"codTEP":null,"WSName":"PS","rangeAddress":"$W$183:$W$221","headAddress":"$W$183","bodyAddress":"$W$184:$W$221","_name":"Грузовые перевозки КТЖ Алматы"},"DB":{"_level":0,"parentID":"6b82d644-8c98-4975-95e8-9c70d9f60dc5","firstParentID":"6b82d644-8c98-4975-95e8-9c70d9f60dc5","ID":"d7f4a62f-bbdb-4169-b392-35b8e7eb48e1","childs":{"прием":{"_level":1,"parentID":"d7f4a62f-bbdb-4169-b392-35b8e7eb48e1","firstParentID":"6b82d644-8c98-4975-95e8-9c70d9f60dc5","ID":"ce96b6e2-6782-4e3e-832c-9f57a27fb752","childs":{"код":{"_level":2,"parentID":"ce96b6e2-6782-4e3e-832c-9f57a27fb752","firstParentID":"6b82d644-8c98-4975-95e8-9c70d9f60dc5","ID":"0f451208-7c42-40b4-aad0-946b95514ab2","childs":null,"emcosID":null,"emcosMLID":null,"codMaketTEP":null,"codTEP":null,"WSName":"DB","rangeAddress":"$BF$396:$BF$433","headAddress":"$BF$396","bodyAddress":"$BF$397:$BF$433","_name":"код"},"основное":{"_level":2,"parentID":"ce96b6e2-6782-4e3e-832c-9f57a27fb752","firstParentID":"6b82d644-8c98-4975-95e8-9c70d9f60dc5","ID":"a08c0369-2b74-4229-97c6-ee238eeb63fe","childs":null,"emcosID":null,"emcosMLID":null,"codMaketTEP":null,"codTEP":null,"WSName":"DB","rangeAddress":"$BG$396:$BG$433","headAddress":"$BG$396","bodyAddress":"$BG$397:$BG$433","_name":"основное"},"корректировка факт":{"_level":2,"parentID":"ce96b6e2-6782-4e3e-832c-9f57a27fb752","firstParentID":"6b82d644-8c98-4975-95e8-9c70d9f60dc5","ID":"de4f2999-eaf4-4eee-895f-7bf135d05215","childs":null,"emcosID":null,"emcosMLID":null,"codMaketTEP":null,"codTEP":null,"WSName":"DB","rangeAddress":"$BH$396:$BH$433","headAddress":"$BH$396","bodyAddress":"$BH$397:$BH$433","_name":"корректировка факт"},"ручное":{"_level":2,"parentID":"ce96b6e2-6782-4e3e-832c-9f57a27fb752","firstParentID":"6b82d644-8c98-4975-95e8-9c70d9f60dc5","ID":"ce33f475-5d24-45f3-b596-d1a30c11b6a0","childs":null,"emcosID":null,"emcosMLID":null,"codMaketTEP":null,"codTEP":null,"WSName":"DB","rangeAddress":"$BI$396:$BI$433","headAddress":"$BI$396","bodyAddress":"$BI$397:$BI$433","_name":"ручное"}},"emcosID":null,"emcosMLID":null,"codMaketTEP":null,"codTEP":null,"WSName":"DB","rangeAddress":"$BF$395:$BI$433","headAddress":"$BF$395:$BI$395","bodyAddress":"$BF$396:$BI$433","_name":"прием"}},"emcosID":null,"emcosMLID":null,"codMaketTEP":null,"codTEP":null,"WSName":"DB","rangeAddress":"$BF$394:$BI$433","headAddress":"$BF$394:$BI$394","bodyAddress":"$BF$395:$BI$433","_name":"Грузовые перевозки КТЖ Алматы"}},"codPlan":null,"meterCoef":null,"_name":"Грузовые перевозки КТЖ Алматы"}