{"ID":"6c438d79-a336-40ea-a4f5-b32607564a31","childs":{"PS":{"_level":0,"parentID":"6c438d79-a336-40ea-a4f5-b32607564a31","firstParentID":"6c438d79-a336-40ea-a4f5-b32607564a31","ID":"2b163e5e-4466-4bc3-8f6a-41e817d0efdd","childs":{"прием":{"_level":1,"parentID":"2b163e5e-4466-4bc3-8f6a-41e817d0efdd","firstParentID":"6c438d79-a336-40ea-a4f5-b32607564a31","ID":"90d8c07c-eea5-4231-90de-4c74d7ad4e15","childs":{"ручное":{"_level":2,"parentID":"90d8c07c-eea5-4231-90de-4c74d7ad4e15","firstParentID":"6c438d79-a336-40ea-a4f5-b32607564a31","ID":"ab42050b-5afa-42c0-bd99-dd51c239e802","childs":null,"emcosID":null,"emcosMLID":null,"codMaketTEP":null,"codTEP":null,"WSName":"PS","rangeAddress":"$HV$99:$HV$135","headAddress":"$HV$99","bodyAddress":"$HV$100:$HV$135","_name":"ручное"}},"emcosID":null,"emcosMLID":null,"codMaketTEP":null,"codTEP":null,"WSName":"PS","rangeAddress":"$HV$98:$HV$135","headAddress":"$HV$98","bodyAddress":"$HV$99:$HV$135","_name":"прием"},"отдача":{"_level":1,"parentID":"2b163e5e-4466-4bc3-8f6a-41e817d0efdd","firstParentID":"6c438d79-a336-40ea-a4f5-b32607564a31","ID":"8267c64b-5249-4e19-995f-f8b46450faf3","childs":{"ручное":{"_level":2,"parentID":"8267c64b-5249-4e19-995f-f8b46450faf3","firstParentID":"6c438d79-a336-40ea-a4f5-b32607564a31","ID":"8215b505-665b-4af5-a4a4-656b30893c77","childs":null,"emcosID":null,"emcosMLID":null,"codMaketTEP":null,"codTEP":null,"WSName":"PS","rangeAddress":"$HW$99:$HW$135","headAddress":"$HW$99","bodyAddress":"$HW$100:$HW$135","_name":"ручное"}},"emcosID":null,"emcosMLID":null,"codMaketTEP":null,"codTEP":null,"WSName":"PS","rangeAddress":"$HW$98:$HW$135","headAddress":"$HW$98","bodyAddress":"$HW$99:$HW$135","_name":"отдача"}},"emcosID":null,"emcosMLID":null,"codMaketTEP":null,"codTEP":null,"WSName":"PS","rangeAddress":"$HV$97:$HW$135","headAddress":"$HV$97:$HW$97","bodyAddress":"$HV$98:$HW$135","_name":"ТП1 Жидели тяга"},"DB":{"_level":0,"parentID":"6c438d79-a336-40ea-a4f5-b32607564a31","firstParentID":"6c438d79-a336-40ea-a4f5-b32607564a31","ID":"2b1c619a-cbe3-4ea8-b3d1-c785c44d79ef","childs":{"прием":{"_level":1,"parentID":"2b1c619a-cbe3-4ea8-b3d1-c785c44d79ef","firstParentID":"6c438d79-a336-40ea-a4f5-b32607564a31","ID":"e85f8a76-c2c7-4917-8cb8-0e650c25de02","childs":{"код":{"_level":2,"parentID":"e85f8a76-c2c7-4917-8cb8-0e650c25de02","firstParentID":"6c438d79-a336-40ea-a4f5-b32607564a31","ID":"65565ad5-2a98-4bb5-8b49-d3574fed2e49","childs":null,"emcosID":null,"emcosMLID":null,"codMaketTEP":null,"codTEP":null,"WSName":"DB","rangeAddress":"$BZ$353:$BZ$390","headAddress":"$BZ$353","bodyAddress":"$BZ$354:$BZ$390","_name":"код"},"основное":{"_level":2,"parentID":"e85f8a76-c2c7-4917-8cb8-0e650c25de02","firstParentID":"6c438d79-a336-40ea-a4f5-b32607564a31","ID":"1dfb5ebc-01e8-4273-9bef-7aff97b8ab03","childs":null,"emcosID":null,"emcosMLID":null,"codMaketTEP":null,"codTEP":null,"WSName":"DB","rangeAddress":"$CA$353:$CA$390","headAddress":"$CA$353","bodyAddress":"$CA$354:$CA$390","_name":"основное"},"корректировка факт":{"_level":2,"parentID":"e85f8a76-c2c7-4917-8cb8-0e650c25de02","firstParentID":"6c438d79-a336-40ea-a4f5-b32607564a31","ID":"738f8aa6-3f52-4ad1-82cf-3667121e3b68","childs":null,"emcosID":null,"emcosMLID":null,"codMaketTEP":null,"codTEP":null,"WSName":"DB","rangeAddress":"$CB$353:$CB$390","headAddress":"$CB$353","bodyAddress":"$CB$354:$CB$390","_name":"корректировка факт"},"ручное":{"_level":2,"parentID":"e85f8a76-c2c7-4917-8cb8-0e650c25de02","firstParentID":"6c438d79-a336-40ea-a4f5-b32607564a31","ID":"4a9994e0-0f48-4844-aef9-fc52bc287302","childs":null,"emcosID":null,"emcosMLID":null,"codMaketTEP":null,"codTEP":null,"WSName":"DB","rangeAddress":"$CC$353:$CC$390","headAddress":"$CC$353","bodyAddress":"$CC$354:$CC$390","_name":"ручное"}},"emcosID":null,"emcosMLID":null,"codMaketTEP":null,"codTEP":null,"WSName":"DB","rangeAddress":"$BZ$352:$CC$390","headAddress":"$BZ$352:$CC$352","bodyAddress":"$BZ$353:$CC$390","_name":"прием"},"отдача":{"_level":1,"parentID":"2b1c619a-cbe3-4ea8-b3d1-c785c44d79ef","firstParentID":"6c438d79-a336-40ea-a4f5-b32607564a31","ID":"d030c496-3acd-455c-97c5-444af59b834c","childs":{"код":{"_level":2,"parentID":"d030c496-3acd-455c-97c5-444af59b834c","firstParentID":"6c438d79-a336-40ea-a4f5-b32607564a31","ID":"a73517fa-4b5b-44f1-896a-9575f4a5b7ad","childs":null,"emcosID":null,"emcosMLID":null,"codMaketTEP":null,"codTEP":null,"WSName":"DB","rangeAddress":"$CD$353:$CD$390","headAddress":"$CD$353","bodyAddress":"$CD$354:$CD$390","_name":"код"},"основное":{"_level":2,"parentID":"d030c496-3acd-455c-97c5-444af59b834c","firstParentID":"6c438d79-a336-40ea-a4f5-b32607564a31","ID":"b0bb6415-d369-470a-8be1-a26fed33dc12","childs":null,"emcosID":null,"emcosMLID":null,"codMaketTEP":null,"codTEP":null,"WSName":"DB","rangeAddress":"$CE$353:$CE$390","headAddress":"$CE$353","bodyAddress":"$CE$354:$CE$390","_name":"основное"},"корректировка факт":{"_level":2,"parentID":"d030c496-3acd-455c-97c5-444af59b834c","firstParentID":"6c438d79-a336-40ea-a4f5-b32607564a31","ID":"7fbe0ab0-2054-46ad-b166-e92469e38664","childs":null,"emcosID":null,"emcosMLID":null,"codMaketTEP":null,"codTEP":null,"WSName":"DB","rangeAddress":"$CF$353:$CF$390","headAddress":"$CF$353","bodyAddress":"$CF$354:$CF$390","_name":"корректировка факт"},"ручное":{"_level":2,"parentID":"d030c496-3acd-455c-97c5-444af59b834c","firstParentID":"6c438d79-a336-40ea-a4f5-b32607564a31","ID":"49c5bfa2-b449-4ea5-8723-cec44ac19c85","childs":null,"emcosID":null,"emcosMLID":null,"codMaketTEP":null,"codTEP":null,"WSName":"DB","rangeAddress":"$CG$353:$CG$390","headAddress":"$CG$353","bodyAddress":"$CG$354:$CG$390","_name":"ручное"}},"emcosID":null,"emcosMLID":null,"codMaketTEP":null,"codTEP":null,"WSName":"DB","rangeAddress":"$CD$352:$CG$390","headAddress":"$CD$352:$CG$352","bodyAddress":"$CD$353:$CG$390","_name":"отдача"}},"emcosID":null,"emcosMLID":null,"codMaketTEP":null,"codTEP":null,"WSName":"DB","rangeAddress":"$BZ$351:$CG$390","headAddress":"$BZ$351:$CG$351","bodyAddress":"$BZ$352:$CG$390","_name":"ТП1 Жидели тяга"}},"codPlan":null,"meterCoef":null,"_name":"ТП1 Жидели тяга"}