{"ID":"6e392606-ce3a-4b08-a096-f7a611e43e35","childs":{"PS":{"_level":0,"parentID":"6e392606-ce3a-4b08-a096-f7a611e43e35","firstParentID":"6e392606-ce3a-4b08-a096-f7a611e43e35","ID":"52b044fb-bd1a-436c-9933-cd758842f4a2","childs":{"отдача":{"_level":1,"parentID":"52b044fb-bd1a-436c-9933-cd758842f4a2","firstParentID":"6e392606-ce3a-4b08-a096-f7a611e43e35","ID":"32edf2df-537c-4b3b-b73b-6dd921c91927","childs":{"по счетчику":{"_level":2,"parentID":"32edf2df-537c-4b3b-b73b-6dd921c91927","firstParentID":"6e392606-ce3a-4b08-a096-f7a611e43e35","ID":"79eca56a-aa3a-4603-bc48-4010ce8f1eb1","childs":null,"emcosID":null,"emcosMLID":null,"codMaketTEP":null,"codTEP":null,"WSName":"PS","rangeAddress":"$DM$99:$DM$135","headAddress":"$DM$99","bodyAddress":"$DM$100:$DM$135","_name":"по счетчику"},"СЧЕТЧИК":{"_level":2,"parentID":"32edf2df-537c-4b3b-b73b-6dd921c91927","firstParentID":"6e392606-ce3a-4b08-a096-f7a611e43e35","ID":"10ce9396-7755-45fd-8a18-21bd638dc8d9","childs":null,"emcosID":null,"emcosMLID":null,"codMaketTEP":null,"codTEP":null,"WSName":"PS","rangeAddress":"$DN$99:$DN$135","headAddress":"$DN$99","bodyAddress":"$DN$100:$DN$135","_name":"СЧЕТЧИК"}},"emcosID":null,"emcosMLID":null,"codMaketTEP":null,"codTEP":null,"WSName":"PS","rangeAddress":"$DM$98:$DN$135","headAddress":"$DM$98:$DN$98","bodyAddress":"$DM$99:$DN$135","_name":"отдача"}},"emcosID":null,"emcosMLID":null,"codMaketTEP":null,"codTEP":null,"WSName":"PS","rangeAddress":"$DM$97:$DN$135","headAddress":"$DM$97:$DN$97","bodyAddress":"$DM$98:$DN$135","_name":"КЛ46 ПС152 Талдыкорган"},"DB":{"_level":0,"parentID":"6e392606-ce3a-4b08-a096-f7a611e43e35","firstParentID":"6e392606-ce3a-4b08-a096-f7a611e43e35","ID":"b3814981-6192-48ca-afb8-5f883820e34b","childs":{"отдача":{"_level":1,"parentID":"b3814981-6192-48ca-afb8-5f883820e34b","firstParentID":"6e392606-ce3a-4b08-a096-f7a611e43e35","ID":"760630e3-c9a0-4e53-a011-a3be9efdb012","childs":{"код":{"_level":2,"parentID":"760630e3-c9a0-4e53-a011-a3be9efdb012","firstParentID":"6e392606-ce3a-4b08-a096-f7a611e43e35","ID":"e6c421d9-61e5-4103-b60f-9f19a9731616","childs":null,"emcosID":null,"emcosMLID":null,"codMaketTEP":null,"codTEP":null,"WSName":"DB","rangeAddress":"$FS$310:$FS$347","headAddress":"$FS$310","bodyAddress":"$FS$311:$FS$347","_name":"код"},"основное":{"_level":2,"parentID":"760630e3-c9a0-4e53-a011-a3be9efdb012","firstParentID":"6e392606-ce3a-4b08-a096-f7a611e43e35","ID":"5a3ff9b8-b0e5-418b-82a1-d180e56df650","childs":null,"emcosID":null,"emcosMLID":null,"codMaketTEP":null,"codTEP":null,"WSName":"DB","rangeAddress":"$FT$310:$FT$347","headAddress":"$FT$310","bodyAddress":"$FT$311:$FT$347","_name":"основное"},"корректировка факт":{"_level":2,"parentID":"760630e3-c9a0-4e53-a011-a3be9efdb012","firstParentID":"6e392606-ce3a-4b08-a096-f7a611e43e35","ID":"b9b28438-dcd9-453e-ad89-89ba2ea5a629","childs":null,"emcosID":null,"emcosMLID":null,"codMaketTEP":null,"codTEP":null,"WSName":"DB","rangeAddress":"$FU$310:$FU$347","headAddress":"$FU$310","bodyAddress":"$FU$311:$FU$347","_name":"корректировка факт"},"ручное":{"_level":2,"parentID":"760630e3-c9a0-4e53-a011-a3be9efdb012","firstParentID":"6e392606-ce3a-4b08-a096-f7a611e43e35","ID":"57ea04d5-0d07-4221-a74a-d7b6e8bf1aa3","childs":null,"emcosID":null,"emcosMLID":null,"codMaketTEP":null,"codTEP":null,"WSName":"DB","rangeAddress":"$FV$310:$FV$347","headAddress":"$FV$310","bodyAddress":"$FV$311:$FV$347","_name":"ручное"},"оперативное":{"_level":2,"parentID":"760630e3-c9a0-4e53-a011-a3be9efdb012","firstParentID":"6e392606-ce3a-4b08-a096-f7a611e43e35","ID":"7a5f68b3-463f-43e2-817a-afbd1a3aaff9","childs":null,"emcosID":null,"emcosMLID":null,"codMaketTEP":null,"codTEP":null,"WSName":"DB","rangeAddress":"$FW$310:$FW$347","headAddress":"$FW$310","bodyAddress":"$FW$311:$FW$347","_name":"оперативное"},"счетчик":{"_level":2,"parentID":"760630e3-c9a0-4e53-a011-a3be9efdb012","firstParentID":"6e392606-ce3a-4b08-a096-f7a611e43e35","ID":"aadd4321-934f-44fb-bfb0-83f21d01bbe1","childs":null,"emcosID":null,"emcosMLID":null,"codMaketTEP":null,"codTEP":null,"WSName":"DB","rangeAddress":"$FX$310:$FX$347","headAddress":"$FX$310","bodyAddress":"$FX$311:$FX$347","_name":"счетчик"},"по счетчику":{"_level":2,"parentID":"760630e3-c9a0-4e53-a011-a3be9efdb012","firstParentID":"6e392606-ce3a-4b08-a096-f7a611e43e35","ID":"f33ce6e9-eb43-4013-8a2d-cd8690162bf9","childs":null,"emcosID":null,"emcosMLID":null,"codMaketTEP":null,"codTEP":null,"WSName":"DB","rangeAddress":"$FY$310:$FY$347","headAddress":"$FY$310","bodyAddress":"$FY$311:$FY$347","_name":"по счетчику"}},"emcosID":null,"emcosMLID":null,"codMaketTEP":null,"codTEP":null,"WSName":"DB","rangeAddress":"$FS$309:$FY$347","headAddress":"$FS$309:$FY$309","bodyAddress":"$FS$310:$FY$347","_name":"отдача"}},"emcosID":null,"emcosMLID":null,"codMaketTEP":null,"codTEP":null,"WSName":"DB","rangeAddress":"$FS$308:$FY$347","headAddress":"$FS$308:$FY$308","bodyAddress":"$FS$309:$FY$347","_name":"КЛ46 ПС152 Талдыкорган"}},"codPlan":null,"meterCoef":"6","_name":"КЛ46 ПС152 Талдыкорган"}