{"ID":"6e392606-ce3a-4b08-a096-f7a611e43e35","childs":{"PS":{"_level":0,"parentID":"6e392606-ce3a-4b08-a096-f7a611e43e35","firstParentID":"6e392606-ce3a-4b08-a096-f7a611e43e35","ID":"52b044fb-bd1a-436c-9933-cd758842f4a2","childs":{"прием":{"_level":1,"parentID":"52b044fb-bd1a-436c-9933-cd758842f4a2","firstParentID":"6e392606-ce3a-4b08-a096-f7a611e43e35","ID":"04cce5b6-fdae-463d-86a8-81131b3b3b95","childs":{"по счетчику":{"_level":2,"parentID":"04cce5b6-fdae-463d-86a8-81131b3b3b95","firstParentID":"6e392606-ce3a-4b08-a096-f7a611e43e35","ID":"17a781bc-7476-4842-afff-bfb1dd8bcb16","childs":null,"emcosID":null,"emcosMLID":null,"codMaketTEP":null,"codTEP":null,"WSName":"PS","rangeAddress":"$ER$99:$ER$135","headAddress":"$ER$99","bodyAddress":"$ER$100:$ER$135","_name":"по счетчику"},"СЧЕТЧИК":{"_level":2,"parentID":"04cce5b6-fdae-463d-86a8-81131b3b3b95","firstParentID":"6e392606-ce3a-4b08-a096-f7a611e43e35","ID":"c1595f2d-f591-482f-86a5-f330cc686b1c","childs":null,"emcosID":null,"emcosMLID":null,"codMaketTEP":null,"codTEP":null,"WSName":"PS","rangeAddress":"$ES$99:$ES$135","headAddress":"$ES$99","bodyAddress":"$ES$100:$ES$135","_name":"СЧЕТЧИК"}},"emcosID":null,"emcosMLID":null,"codMaketTEP":null,"codTEP":null,"WSName":"PS","rangeAddress":"$ER$98:$ES$135","headAddress":"$ER$98:$ES$98","bodyAddress":"$ER$99:$ES$135","_name":"прием"},"отдача":{"_level":1,"parentID":"52b044fb-bd1a-436c-9933-cd758842f4a2","firstParentID":"6e392606-ce3a-4b08-a096-f7a611e43e35","ID":"32edf2df-537c-4b3b-b73b-6dd921c91927","childs":{"по счетчику":{"_level":2,"parentID":"32edf2df-537c-4b3b-b73b-6dd921c91927","firstParentID":"6e392606-ce3a-4b08-a096-f7a611e43e35","ID":"79eca56a-aa3a-4603-bc48-4010ce8f1eb1","childs":null,"emcosID":null,"emcosMLID":null,"codMaketTEP":null,"codTEP":null,"WSName":"PS","rangeAddress":"$ET$99:$ET$135","headAddress":"$ET$99","bodyAddress":"$ET$100:$ET$135","_name":"по счетчику"},"СЧЕТЧИК":{"_level":2,"parentID":"32edf2df-537c-4b3b-b73b-6dd921c91927","firstParentID":"6e392606-ce3a-4b08-a096-f7a611e43e35","ID":"10ce9396-7755-45fd-8a18-21bd638dc8d9","childs":null,"emcosID":null,"emcosMLID":null,"codMaketTEP":null,"codTEP":null,"WSName":"PS","rangeAddress":"$EU$99:$EU$135","headAddress":"$EU$99","bodyAddress":"$EU$100:$EU$135","_name":"СЧЕТЧИК"}},"emcosID":null,"emcosMLID":null,"codMaketTEP":null,"codTEP":null,"WSName":"PS","rangeAddress":"$ET$98:$EU$135","headAddress":"$ET$98:$EU$98","bodyAddress":"$ET$99:$EU$135","_name":"отдача"}},"emcosID":null,"emcosMLID":null,"codMaketTEP":null,"codTEP":null,"WSName":"PS","rangeAddress":"$ER$97:$EU$135","headAddress":"$ER$97:$EU$97","bodyAddress":"$ER$98:$EU$135","_name":"КЛ46 ПС152 Талдыкорган"},"DB":{"_level":0,"parentID":"6e392606-ce3a-4b08-a096-f7a611e43e35","firstParentID":"6e392606-ce3a-4b08-a096-f7a611e43e35","ID":"b3814981-6192-48ca-afb8-5f883820e34b","childs":{"прием":{"_level":1,"parentID":"b3814981-6192-48ca-afb8-5f883820e34b","firstParentID":"6e392606-ce3a-4b08-a096-f7a611e43e35","ID":"b962ee38-75fb-4c11-887f-ae47e8488264","childs":{"код":{"_level":2,"parentID":"b962ee38-75fb-4c11-887f-ae47e8488264","firstParentID":"6e392606-ce3a-4b08-a096-f7a611e43e35","ID":"f35721e8-7d6e-4d30-9e0c-4dcdca2e4499","childs":null,"emcosID":null,"emcosMLID":null,"codMaketTEP":null,"codTEP":null,"WSName":"DB","rangeAddress":"$GS$310:$GS$347","headAddress":"$GS$310","bodyAddress":"$GS$311:$GS$347","_name":"код"},"основное":{"_level":2,"parentID":"b962ee38-75fb-4c11-887f-ae47e8488264","firstParentID":"6e392606-ce3a-4b08-a096-f7a611e43e35","ID":"9554f9ff-7228-47d2-ac48-8a4eacb08264","childs":null,"emcosID":null,"emcosMLID":null,"codMaketTEP":null,"codTEP":null,"WSName":"DB","rangeAddress":"$GT$310:$GT$347","headAddress":"$GT$310","bodyAddress":"$GT$311:$GT$347","_name":"основное"},"корректировка факт":{"_level":2,"parentID":"b962ee38-75fb-4c11-887f-ae47e8488264","firstParentID":"6e392606-ce3a-4b08-a096-f7a611e43e35","ID":"5540dd69-b889-4909-a1a6-adbade7d9c97","childs":null,"emcosID":null,"emcosMLID":null,"codMaketTEP":null,"codTEP":null,"WSName":"DB","rangeAddress":"$GU$310:$GU$347","headAddress":"$GU$310","bodyAddress":"$GU$311:$GU$347","_name":"корректировка факт"},"ручное":{"_level":2,"parentID":"b962ee38-75fb-4c11-887f-ae47e8488264","firstParentID":"6e392606-ce3a-4b08-a096-f7a611e43e35","ID":"75fb5c9e-7e96-4d61-8729-c30c6a0caefb","childs":null,"emcosID":null,"emcosMLID":null,"codMaketTEP":null,"codTEP":null,"WSName":"DB","rangeAddress":"$GV$310:$GV$347","headAddress":"$GV$310","bodyAddress":"$GV$311:$GV$347","_name":"ручное"},"оперативное":{"_level":2,"parentID":"b962ee38-75fb-4c11-887f-ae47e8488264","firstParentID":"6e392606-ce3a-4b08-a096-f7a611e43e35","ID":"f6e1d64b-67ef-4299-8456-e823a774a3c5","childs":null,"emcosID":null,"emcosMLID":null,"codMaketTEP":null,"codTEP":null,"WSName":"DB","rangeAddress":"$GW$310:$GW$347","headAddress":"$GW$310","bodyAddress":"$GW$311:$GW$347","_name":"оперативное"},"счетчик":{"_level":2,"parentID":"b962ee38-75fb-4c11-887f-ae47e8488264","firstParentID":"6e392606-ce3a-4b08-a096-f7a611e43e35","ID":"9c7eba03-3a0b-4a7a-8925-269b5746fb4a","childs":null,"emcosID":null,"emcosMLID":null,"codMaketTEP":null,"codTEP":null,"WSName":"DB","rangeAddress":"$GX$310:$GX$347","headAddress":"$GX$310","bodyAddress":"$GX$311:$GX$347","_name":"счетчик"},"по счетчику":{"_level":2,"parentID":"b962ee38-75fb-4c11-887f-ae47e8488264","firstParentID":"6e392606-ce3a-4b08-a096-f7a611e43e35","ID":"1adbfe5d-6113-4666-88f9-6ad55b179e97","childs":null,"emcosID":null,"emcosMLID":null,"codMaketTEP":null,"codTEP":null,"WSName":"DB","rangeAddress":"$GY$310:$GY$347","headAddress":"$GY$310","bodyAddress":"$GY$311:$GY$347","_name":"по счетчику"}},"emcosID":null,"emcosMLID":null,"codMaketTEP":null,"codTEP":null,"WSName":"DB","rangeAddress":"$GS$309:$GY$347","headAddress":"$GS$309:$GY$309","bodyAddress":"$GS$310:$GY$347","_name":"прием"},"отдача":{"_level":1,"parentID":"b3814981-6192-48ca-afb8-5f883820e34b","firstParentID":"6e392606-ce3a-4b08-a096-f7a611e43e35","ID":"760630e3-c9a0-4e53-a011-a3be9efdb012","childs":{"код":{"_level":2,"parentID":"760630e3-c9a0-4e53-a011-a3be9efdb012","firstParentID":"6e392606-ce3a-4b08-a096-f7a611e43e35","ID":"e6c421d9-61e5-4103-b60f-9f19a9731616","childs":null,"emcosID":null,"emcosMLID":null,"codMaketTEP":null,"codTEP":null,"WSName":"DB","rangeAddress":"$GZ$310:$GZ$347","headAddress":"$GZ$310","bodyAddress":"$GZ$311:$GZ$347","_name":"код"},"основное":{"_level":2,"parentID":"760630e3-c9a0-4e53-a011-a3be9efdb012","firstParentID":"6e392606-ce3a-4b08-a096-f7a611e43e35","ID":"5a3ff9b8-b0e5-418b-82a1-d180e56df650","childs":null,"emcosID":null,"emcosMLID":null,"codMaketTEP":null,"codTEP":null,"WSName":"DB","rangeAddress":"$HA$310:$HA$347","headAddress":"$HA$310","bodyAddress":"$HA$311:$HA$347","_name":"основное"},"корректировка факт":{"_level":2,"parentID":"760630e3-c9a0-4e53-a011-a3be9efdb012","firstParentID":"6e392606-ce3a-4b08-a096-f7a611e43e35","ID":"b9b28438-dcd9-453e-ad89-89ba2ea5a629","childs":null,"emcosID":null,"emcosMLID":null,"codMaketTEP":null,"codTEP":null,"WSName":"DB","rangeAddress":"$HB$310:$HB$347","headAddress":"$HB$310","bodyAddress":"$HB$311:$HB$347","_name":"корректировка факт"},"ручное":{"_level":2,"parentID":"760630e3-c9a0-4e53-a011-a3be9efdb012","firstParentID":"6e392606-ce3a-4b08-a096-f7a611e43e35","ID":"57ea04d5-0d07-4221-a74a-d7b6e8bf1aa3","childs":null,"emcosID":null,"emcosMLID":null,"codMaketTEP":null,"codTEP":null,"WSName":"DB","rangeAddress":"$HC$310:$HC$347","headAddress":"$HC$310","bodyAddress":"$HC$311:$HC$347","_name":"ручное"},"оперативное":{"_level":2,"parentID":"760630e3-c9a0-4e53-a011-a3be9efdb012","firstParentID":"6e392606-ce3a-4b08-a096-f7a611e43e35","ID":"7a5f68b3-463f-43e2-817a-afbd1a3aaff9","childs":null,"emcosID":null,"emcosMLID":null,"codMaketTEP":null,"codTEP":null,"WSName":"DB","rangeAddress":"$HD$310:$HD$347","headAddress":"$HD$310","bodyAddress":"$HD$311:$HD$347","_name":"оперативное"},"счетчик":{"_level":2,"parentID":"760630e3-c9a0-4e53-a011-a3be9efdb012","firstParentID":"6e392606-ce3a-4b08-a096-f7a611e43e35","ID":"aadd4321-934f-44fb-bfb0-83f21d01bbe1","childs":null,"emcosID":null,"emcosMLID":null,"codMaketTEP":null,"codTEP":null,"WSName":"DB","rangeAddress":"$HE$310:$HE$347","headAddress":"$HE$310","bodyAddress":"$HE$311:$HE$347","_name":"счетчик"},"по счетчику":{"_level":2,"parentID":"760630e3-c9a0-4e53-a011-a3be9efdb012","firstParentID":"6e392606-ce3a-4b08-a096-f7a611e43e35","ID":"f33ce6e9-eb43-4013-8a2d-cd8690162bf9","childs":null,"emcosID":null,"emcosMLID":null,"codMaketTEP":null,"codTEP":null,"WSName":"DB","rangeAddress":"$HF$310:$HF$347","headAddress":"$HF$310","bodyAddress":"$HF$311:$HF$347","_name":"по счетчику"}},"emcosID":null,"emcosMLID":null,"codMaketTEP":null,"codTEP":null,"WSName":"DB","rangeAddress":"$GZ$309:$HF$347","headAddress":"$GZ$309:$HF$309","bodyAddress":"$GZ$310:$HF$347","_name":"отдача"}},"emcosID":null,"emcosMLID":null,"codMaketTEP":null,"codTEP":null,"WSName":"DB","rangeAddress":"$GS$308:$HF$347","headAddress":"$GS$308:$HF$308","bodyAddress":"$GS$309:$HF$347","_name":"КЛ46 ПС152 Талдыкорган"}},"codPlan":null,"meterCoef":"6","_name":"КЛ46 ПС152 Талдыкорган"}