{"ID":"6edcfe04-8495-4ee5-ac09-a3cc44e3b0aa","childs":{"PS":{"_level":0,"parentID":"6edcfe04-8495-4ee5-ac09-a3cc44e3b0aa","firstParentID":"6edcfe04-8495-4ee5-ac09-a3cc44e3b0aa","ID":"3bc95eb3-1c07-4812-804a-493c7e8fd70e","childs":{"прием":{"_level":1,"parentID":"3bc95eb3-1c07-4812-804a-493c7e8fd70e","firstParentID":"6edcfe04-8495-4ee5-ac09-a3cc44e3b0aa","ID":"7e4fcb68-e41b-422f-8a68-7577784b89f7","childs":{"ручное":{"_level":2,"parentID":"7e4fcb68-e41b-422f-8a68-7577784b89f7","firstParentID":"6edcfe04-8495-4ee5-ac09-a3cc44e3b0aa","ID":"5402d26e-edd1-4cdd-a6b5-7c09009e437f","childs":null,"emcosID":null,"emcosMLID":null,"codMaketTEP":null,"codTEP":null,"WSName":"PS","rangeAddress":"$KZ$99:$KZ$135","headAddress":"$KZ$99","bodyAddress":"$KZ$100:$KZ$135","_name":"ручное"}},"emcosID":null,"emcosMLID":null,"codMaketTEP":null,"codTEP":null,"WSName":"PS","rangeAddress":"$KZ$98:$KZ$135","headAddress":"$KZ$98","bodyAddress":"$KZ$99:$KZ$135","_name":"прием"}},"emcosID":null,"emcosMLID":null,"codMaketTEP":null,"codTEP":null,"WSName":"PS","rangeAddress":"$KZ$97:$KZ$135","headAddress":"$KZ$97","bodyAddress":"$KZ$98:$KZ$135","_name":"ТП3 Кияхты тяга"},"DB":{"_level":0,"parentID":"6edcfe04-8495-4ee5-ac09-a3cc44e3b0aa","firstParentID":"6edcfe04-8495-4ee5-ac09-a3cc44e3b0aa","ID":"bd835b2c-dfaa-4a94-80d7-8495302adaeb","childs":{"прием":{"_level":1,"parentID":"bd835b2c-dfaa-4a94-80d7-8495302adaeb","firstParentID":"6edcfe04-8495-4ee5-ac09-a3cc44e3b0aa","ID":"f6a65ceb-ce51-4d94-8f05-e1a5a0c7e142","childs":{"код":{"_level":2,"parentID":"f6a65ceb-ce51-4d94-8f05-e1a5a0c7e142","firstParentID":"6edcfe04-8495-4ee5-ac09-a3cc44e3b0aa","ID":"8812b573-e242-4f46-bcde-5500b32a0522","childs":null,"emcosID":null,"emcosMLID":null,"codMaketTEP":null,"codTEP":null,"WSName":"DB","rangeAddress":"$AJ$353:$AJ$390","headAddress":"$AJ$353","bodyAddress":"$AJ$354:$AJ$390","_name":"код"},"основное":{"_level":2,"parentID":"f6a65ceb-ce51-4d94-8f05-e1a5a0c7e142","firstParentID":"6edcfe04-8495-4ee5-ac09-a3cc44e3b0aa","ID":"517c625b-837d-46b7-a925-9866f5bf2757","childs":null,"emcosID":null,"emcosMLID":null,"codMaketTEP":null,"codTEP":null,"WSName":"DB","rangeAddress":"$AK$353:$AK$390","headAddress":"$AK$353","bodyAddress":"$AK$354:$AK$390","_name":"основное"},"корректировка факт":{"_level":2,"parentID":"f6a65ceb-ce51-4d94-8f05-e1a5a0c7e142","firstParentID":"6edcfe04-8495-4ee5-ac09-a3cc44e3b0aa","ID":"e61ff795-5f2d-42fd-8334-17a387a98629","childs":null,"emcosID":null,"emcosMLID":null,"codMaketTEP":null,"codTEP":null,"WSName":"DB","rangeAddress":"$AL$353:$AL$390","headAddress":"$AL$353","bodyAddress":"$AL$354:$AL$390","_name":"корректировка факт"},"ручное":{"_level":2,"parentID":"f6a65ceb-ce51-4d94-8f05-e1a5a0c7e142","firstParentID":"6edcfe04-8495-4ee5-ac09-a3cc44e3b0aa","ID":"868f1262-22da-44a6-a358-6b7245470d80","childs":null,"emcosID":null,"emcosMLID":null,"codMaketTEP":null,"codTEP":null,"WSName":"DB","rangeAddress":"$AM$353:$AM$390","headAddress":"$AM$353","bodyAddress":"$AM$354:$AM$390","_name":"ручное"}},"emcosID":null,"emcosMLID":null,"codMaketTEP":null,"codTEP":null,"WSName":"DB","rangeAddress":"$AJ$352:$AM$390","headAddress":"$AJ$352:$AM$352","bodyAddress":"$AJ$353:$AM$390","_name":"прием"}},"emcosID":null,"emcosMLID":null,"codMaketTEP":null,"codTEP":null,"WSName":"DB","rangeAddress":"$AJ$351:$AM$390","headAddress":"$AJ$351:$AM$351","bodyAddress":"$AJ$352:$AM$390","_name":"ТП3 Кияхты тяга"}},"codPlan":null,"meterCoef":null,"_name":"ТП3 Кияхты тяга"}