{"ID":"717285f7-4839-479a-b832-0fd92e41c650","childs":{"PS":{"_level":0,"parentID":"717285f7-4839-479a-b832-0fd92e41c650","firstParentID":"717285f7-4839-479a-b832-0fd92e41c650","ID":"395c6e86-542d-4a96-93df-1f0d5c4d6665","childs":{"прием":{"_level":1,"parentID":"395c6e86-542d-4a96-93df-1f0d5c4d6665","firstParentID":"717285f7-4839-479a-b832-0fd92e41c650","ID":"ab1be110-efd8-4f8e-9f90-85d8c787ed48","childs":{"ручное":{"_level":2,"parentID":"ab1be110-efd8-4f8e-9f90-85d8c787ed48","firstParentID":"717285f7-4839-479a-b832-0fd92e41c650","ID":"09388f13-a1ef-46fc-992f-c8bad45e41a1","childs":null,"emcosID":null,"emcosMLID":null,"codMaketTEP":null,"codTEP":null,"WSName":"PS","rangeAddress":"$KW$99:$KW$135","headAddress":"$KW$99","bodyAddress":"$KW$100:$KW$135","_name":"ручное"}},"emcosID":null,"emcosMLID":null,"codMaketTEP":null,"codTEP":null,"WSName":"PS","rangeAddress":"$KW$98:$KW$135","headAddress":"$KW$98","bodyAddress":"$KW$99:$KW$135","_name":"прием"}},"emcosID":null,"emcosMLID":null,"codMaketTEP":null,"codTEP":null,"WSName":"PS","rangeAddress":"$KW$97:$KW$135","headAddress":"$KW$97","bodyAddress":"$KW$98:$KW$135","_name":"ТП1 Кияхты тяга"},"DB":{"_level":0,"parentID":"717285f7-4839-479a-b832-0fd92e41c650","firstParentID":"717285f7-4839-479a-b832-0fd92e41c650","ID":"64825ccf-c125-4e76-8abc-174766b47933","childs":{"прием":{"_level":1,"parentID":"64825ccf-c125-4e76-8abc-174766b47933","firstParentID":"717285f7-4839-479a-b832-0fd92e41c650","ID":"5f61fcc3-4c9e-4ded-b361-bffb383601c5","childs":{"код":{"_level":2,"parentID":"5f61fcc3-4c9e-4ded-b361-bffb383601c5","firstParentID":"717285f7-4839-479a-b832-0fd92e41c650","ID":"d67526de-902a-4f03-bf0b-e19ce43d139e","childs":null,"emcosID":null,"emcosMLID":null,"codMaketTEP":null,"codTEP":null,"WSName":"DB","rangeAddress":"$AL$353:$AL$390","headAddress":"$AL$353","bodyAddress":"$AL$354:$AL$390","_name":"код"},"основное":{"_level":2,"parentID":"5f61fcc3-4c9e-4ded-b361-bffb383601c5","firstParentID":"717285f7-4839-479a-b832-0fd92e41c650","ID":"48e0726f-804e-48c8-b954-ebf3cbfb7716","childs":null,"emcosID":null,"emcosMLID":null,"codMaketTEP":null,"codTEP":null,"WSName":"DB","rangeAddress":"$AM$353:$AM$390","headAddress":"$AM$353","bodyAddress":"$AM$354:$AM$390","_name":"основное"},"корректировка факт":{"_level":2,"parentID":"5f61fcc3-4c9e-4ded-b361-bffb383601c5","firstParentID":"717285f7-4839-479a-b832-0fd92e41c650","ID":"ba571ebf-7cdc-48b1-987d-3c80981afc86","childs":null,"emcosID":null,"emcosMLID":null,"codMaketTEP":null,"codTEP":null,"WSName":"DB","rangeAddress":"$AN$353:$AN$390","headAddress":"$AN$353","bodyAddress":"$AN$354:$AN$390","_name":"корректировка факт"},"ручное":{"_level":2,"parentID":"5f61fcc3-4c9e-4ded-b361-bffb383601c5","firstParentID":"717285f7-4839-479a-b832-0fd92e41c650","ID":"a9ba11af-78ea-4ed5-b834-f3bc5122c9cf","childs":null,"emcosID":null,"emcosMLID":null,"codMaketTEP":null,"codTEP":null,"WSName":"DB","rangeAddress":"$AO$353:$AO$390","headAddress":"$AO$353","bodyAddress":"$AO$354:$AO$390","_name":"ручное"}},"emcosID":null,"emcosMLID":null,"codMaketTEP":null,"codTEP":null,"WSName":"DB","rangeAddress":"$AL$352:$AO$390","headAddress":"$AL$352:$AO$352","bodyAddress":"$AL$353:$AO$390","_name":"прием"}},"emcosID":null,"emcosMLID":null,"codMaketTEP":null,"codTEP":null,"WSName":"DB","rangeAddress":"$AL$351:$AO$390","headAddress":"$AL$351:$AO$351","bodyAddress":"$AL$352:$AO$390","_name":"ТП1 Кияхты тяга"}},"codPlan":null,"meterCoef":null,"_name":"ТП1 Кияхты тяга"}