{"ID":"7235069c-25cb-4f7b-bcb0-b63ae6880700","childs":{"PS":{"_level":0,"parentID":"7235069c-25cb-4f7b-bcb0-b63ae6880700","firstParentID":"7235069c-25cb-4f7b-bcb0-b63ae6880700","ID":"6c36725a-be9b-486b-ac99-919ad1d30767","childs":{"прием":{"_level":1,"parentID":"6c36725a-be9b-486b-ac99-919ad1d30767","firstParentID":"7235069c-25cb-4f7b-bcb0-b63ae6880700","ID":"eb9895f4-7dfd-4254-84c6-869ff74a8021","childs":{"ручное":{"_level":2,"parentID":"eb9895f4-7dfd-4254-84c6-869ff74a8021","firstParentID":"7235069c-25cb-4f7b-bcb0-b63ae6880700","ID":"52f20e02-64bb-4abd-9539-232ee581ab15","childs":null,"emcosID":null,"emcosMLID":null,"codMaketTEP":null,"codTEP":null,"WSName":"PS","rangeAddress":"$F$185:$F$221","headAddress":"$F$185","bodyAddress":"$F$186:$F$221","_name":"ручное"}},"emcosID":null,"emcosMLID":null,"codMaketTEP":null,"codTEP":null,"WSName":"PS","rangeAddress":"$F$184:$F$221","headAddress":"$F$184","bodyAddress":"$F$185:$F$221","_name":"прием"}},"emcosID":null,"emcosMLID":null,"codMaketTEP":null,"codTEP":null,"WSName":"PS","rangeAddress":"$F$183:$F$221","headAddress":"$F$183","bodyAddress":"$F$184:$F$221","_name":"Потери АЖД"},"DB":{"_level":0,"parentID":"7235069c-25cb-4f7b-bcb0-b63ae6880700","firstParentID":"7235069c-25cb-4f7b-bcb0-b63ae6880700","ID":"47b929f8-5746-4866-9e26-7e73a9832ab4","childs":{"прием":{"_level":1,"parentID":"47b929f8-5746-4866-9e26-7e73a9832ab4","firstParentID":"7235069c-25cb-4f7b-bcb0-b63ae6880700","ID":"c15504d3-5c20-4da4-a179-0943195a24a1","childs":{"код":{"_level":2,"parentID":"c15504d3-5c20-4da4-a179-0943195a24a1","firstParentID":"7235069c-25cb-4f7b-bcb0-b63ae6880700","ID":"83a951ab-7e8e-474b-af3f-0f39f873426a","childs":null,"emcosID":null,"emcosMLID":null,"codMaketTEP":null,"codTEP":null,"WSName":"DB","rangeAddress":"$AA$396:$AA$433","headAddress":"$AA$396","bodyAddress":"$AA$397:$AA$433","_name":"код"},"основное":{"_level":2,"parentID":"c15504d3-5c20-4da4-a179-0943195a24a1","firstParentID":"7235069c-25cb-4f7b-bcb0-b63ae6880700","ID":"51a21d67-44c3-4cdb-ac28-00992ddffaab","childs":null,"emcosID":null,"emcosMLID":null,"codMaketTEP":null,"codTEP":null,"WSName":"DB","rangeAddress":"$AB$396:$AB$433","headAddress":"$AB$396","bodyAddress":"$AB$397:$AB$433","_name":"основное"},"корректировка факт":{"_level":2,"parentID":"c15504d3-5c20-4da4-a179-0943195a24a1","firstParentID":"7235069c-25cb-4f7b-bcb0-b63ae6880700","ID":"bf184a53-7f76-4cca-bdae-1e6df92c03cc","childs":null,"emcosID":null,"emcosMLID":null,"codMaketTEP":null,"codTEP":null,"WSName":"DB","rangeAddress":"$AC$396:$AC$433","headAddress":"$AC$396","bodyAddress":"$AC$397:$AC$433","_name":"корректировка факт"},"ручное":{"_level":2,"parentID":"c15504d3-5c20-4da4-a179-0943195a24a1","firstParentID":"7235069c-25cb-4f7b-bcb0-b63ae6880700","ID":"1e7cde03-c487-428c-827b-3c3d59f5b79f","childs":null,"emcosID":null,"emcosMLID":null,"codMaketTEP":null,"codTEP":null,"WSName":"DB","rangeAddress":"$AD$396:$AD$433","headAddress":"$AD$396","bodyAddress":"$AD$397:$AD$433","_name":"ручное"}},"emcosID":null,"emcosMLID":null,"codMaketTEP":null,"codTEP":null,"WSName":"DB","rangeAddress":"$AA$395:$AD$433","headAddress":"$AA$395:$AD$395","bodyAddress":"$AA$396:$AD$433","_name":"прием"}},"emcosID":null,"emcosMLID":null,"codMaketTEP":null,"codTEP":null,"WSName":"DB","rangeAddress":"$AA$394:$AD$433","headAddress":"$AA$394:$AD$394","bodyAddress":"$AA$395:$AD$433","_name":"Потери АЖД"}},"codPlan":null,"meterCoef":null,"_name":"Потери АЖД"}