{"ID":"726607e2-6a50-4dba-b762-525d0a10d77d","childs":{"PS":{"_level":0,"parentID":"726607e2-6a50-4dba-b762-525d0a10d77d","firstParentID":"726607e2-6a50-4dba-b762-525d0a10d77d","ID":"ce0a5126-b6b6-4a8b-b168-5d93f2d73d04","childs":{"прием":{"_level":1,"parentID":"ce0a5126-b6b6-4a8b-b168-5d93f2d73d04","firstParentID":"726607e2-6a50-4dba-b762-525d0a10d77d","ID":"0f413abf-16c5-4c5c-9ef8-9a518206a4a2","childs":{"ручное":{"_level":2,"parentID":"0f413abf-16c5-4c5c-9ef8-9a518206a4a2","firstParentID":"726607e2-6a50-4dba-b762-525d0a10d77d","ID":"a6bfa0a0-f2ca-489d-a95a-68b4ced3ea3c","childs":null,"emcosID":null,"emcosMLID":null,"codMaketTEP":null,"codTEP":null,"WSName":"PS","rangeAddress":"$BI$99:$BI$135","headAddress":"$BI$99","bodyAddress":"$BI$100:$BI$135","_name":"ручное"}},"emcosID":null,"emcosMLID":null,"codMaketTEP":null,"codTEP":null,"WSName":"PS","rangeAddress":"$BI$98:$BI$135","headAddress":"$BI$98","bodyAddress":"$BI$99:$BI$135","_name":"прием"}},"emcosID":null,"emcosMLID":null,"codMaketTEP":null,"codTEP":null,"WSName":"PS","rangeAddress":"$BI$97:$BI$135","headAddress":"$BI$97","bodyAddress":"$BI$98:$BI$135","_name":"Прием из сети ПС149 Талдыкорган ЗЩА"},"DB":{"_level":0,"parentID":"726607e2-6a50-4dba-b762-525d0a10d77d","firstParentID":"726607e2-6a50-4dba-b762-525d0a10d77d","ID":"9a8a1920-a3be-4bf4-ad43-98fa105aa6e6","childs":{"прием":{"_level":1,"parentID":"9a8a1920-a3be-4bf4-ad43-98fa105aa6e6","firstParentID":"726607e2-6a50-4dba-b762-525d0a10d77d","ID":"411c3de4-c297-4351-b0d7-8123cb6b05d4","childs":{"код":{"_level":2,"parentID":"411c3de4-c297-4351-b0d7-8123cb6b05d4","firstParentID":"726607e2-6a50-4dba-b762-525d0a10d77d","ID":"80ab1ed2-86ef-4bb4-b57f-d9aedabfd00f","childs":null,"emcosID":null,"emcosMLID":null,"codMaketTEP":null,"codTEP":null,"WSName":"DB","rangeAddress":"$FU$224:$FU$261","headAddress":"$FU$224","bodyAddress":"$FU$225:$FU$261","_name":"код"},"основное":{"_level":2,"parentID":"411c3de4-c297-4351-b0d7-8123cb6b05d4","firstParentID":"726607e2-6a50-4dba-b762-525d0a10d77d","ID":"067528b1-e279-4538-8373-c92c4156bff9","childs":null,"emcosID":null,"emcosMLID":null,"codMaketTEP":null,"codTEP":null,"WSName":"DB","rangeAddress":"$FV$224:$FV$261","headAddress":"$FV$224","bodyAddress":"$FV$225:$FV$261","_name":"основное"},"корректировка факт":{"_level":2,"parentID":"411c3de4-c297-4351-b0d7-8123cb6b05d4","firstParentID":"726607e2-6a50-4dba-b762-525d0a10d77d","ID":"9e265935-1680-44c4-ac35-eedeb44d6b22","childs":null,"emcosID":null,"emcosMLID":null,"codMaketTEP":null,"codTEP":null,"WSName":"DB","rangeAddress":"$FW$224:$FW$261","headAddress":"$FW$224","bodyAddress":"$FW$225:$FW$261","_name":"корректировка факт"},"ручное":{"_level":2,"parentID":"411c3de4-c297-4351-b0d7-8123cb6b05d4","firstParentID":"726607e2-6a50-4dba-b762-525d0a10d77d","ID":"071e18af-42c9-4502-a214-b5248b87f855","childs":null,"emcosID":null,"emcosMLID":null,"codMaketTEP":null,"codTEP":null,"WSName":"DB","rangeAddress":"$FX$224:$FX$261","headAddress":"$FX$224","bodyAddress":"$FX$225:$FX$261","_name":"ручное"}},"emcosID":null,"emcosMLID":null,"codMaketTEP":null,"codTEP":null,"WSName":"DB","rangeAddress":"$FU$223:$FX$261","headAddress":"$FU$223:$FX$223","bodyAddress":"$FU$224:$FX$261","_name":"прием"}},"emcosID":null,"emcosMLID":null,"codMaketTEP":null,"codTEP":null,"WSName":"DB","rangeAddress":"$FU$222:$FX$261","headAddress":"$FU$222:$FX$222","bodyAddress":"$FU$223:$FX$261","_name":"Прием из сети ПС149 Талдыкорган ЗЩА"}},"codPlan":null,"meterCoef":null,"_name":"Прием из сети ПС149 Талдыкорган ЗЩА"}