{"ID":"748be390-2aed-446a-bd32-1b2969c3439c","childs":{"PS":{"_level":0,"parentID":"748be390-2aed-446a-bd32-1b2969c3439c","firstParentID":"748be390-2aed-446a-bd32-1b2969c3439c","ID":"b3c15521-e8a0-4c43-b531-1afcdcbe3a83","childs":{"прием":{"_level":1,"parentID":"b3c15521-e8a0-4c43-b531-1afcdcbe3a83","firstParentID":"748be390-2aed-446a-bd32-1b2969c3439c","ID":"7003353f-295d-4a8b-aaeb-07ad031d91b9","childs":{"ручное":{"_level":2,"parentID":"7003353f-295d-4a8b-aaeb-07ad031d91b9","firstParentID":"748be390-2aed-446a-bd32-1b2969c3439c","ID":"059374f0-f5c7-4625-91f4-06c9ab6aadb7","childs":null,"emcosID":null,"emcosMLID":null,"codMaketTEP":null,"codTEP":null,"WSName":"PS","rangeAddress":"$BY$56:$BY$92","headAddress":"$BY$56","bodyAddress":"$BY$57:$BY$92","_name":"ручное"}},"emcosID":null,"emcosMLID":null,"codMaketTEP":null,"codTEP":null,"WSName":"PS","rangeAddress":"$BY$55:$BY$92","headAddress":"$BY$55","bodyAddress":"$BY$56:$BY$92","_name":"прием"},"отдача":{"_level":1,"parentID":"b3c15521-e8a0-4c43-b531-1afcdcbe3a83","firstParentID":"748be390-2aed-446a-bd32-1b2969c3439c","ID":"0a05276c-fb50-4234-bfa4-255afb1ac978","childs":{"ручное":{"_level":2,"parentID":"0a05276c-fb50-4234-bfa4-255afb1ac978","firstParentID":"748be390-2aed-446a-bd32-1b2969c3439c","ID":"0690b6ea-6aaa-4c3e-9c70-a91ea92a89b9","childs":null,"emcosID":null,"emcosMLID":null,"codMaketTEP":null,"codTEP":null,"WSName":"PS","rangeAddress":"$BZ$56:$BZ$92","headAddress":"$BZ$56","bodyAddress":"$BZ$57:$BZ$92","_name":"ручное"}},"emcosID":null,"emcosMLID":null,"codMaketTEP":null,"codTEP":null,"WSName":"PS","rangeAddress":"$BZ$55:$BZ$92","headAddress":"$BZ$55","bodyAddress":"$BZ$56:$BZ$92","_name":"отдача"}},"emcosID":null,"emcosMLID":null,"codMaketTEP":null,"codTEP":null,"WSName":"PS","rangeAddress":"$BY$54:$BZ$92","headAddress":"$BY$54:$BZ$54","bodyAddress":"$BY$55:$BZ$92","_name":"ОВ 220 Шу"},"DB":{"_level":0,"parentID":"748be390-2aed-446a-bd32-1b2969c3439c","firstParentID":"748be390-2aed-446a-bd32-1b2969c3439c","ID":"bdf4a092-f43d-48e2-b212-a8298aff6086","childs":{"прием":{"_level":1,"parentID":"bdf4a092-f43d-48e2-b212-a8298aff6086","firstParentID":"748be390-2aed-446a-bd32-1b2969c3439c","ID":"7727cc00-0783-446a-b507-1aada4de59f0","childs":{"код":{"_level":2,"parentID":"7727cc00-0783-446a-b507-1aada4de59f0","firstParentID":"748be390-2aed-446a-bd32-1b2969c3439c","ID":"5344dfbb-c7b4-4512-826c-a5a5631073a9","childs":null,"emcosID":null,"emcosMLID":null,"codMaketTEP":null,"codTEP":null,"WSName":"DB","rangeAddress":"$HL$267:$HL$304","headAddress":"$HL$267","bodyAddress":"$HL$268:$HL$304","_name":"код"},"основное":{"_level":2,"parentID":"7727cc00-0783-446a-b507-1aada4de59f0","firstParentID":"748be390-2aed-446a-bd32-1b2969c3439c","ID":"e7c24383-bcbc-48a0-96ff-5fc917c7ac27","childs":null,"emcosID":null,"emcosMLID":null,"codMaketTEP":null,"codTEP":null,"WSName":"DB","rangeAddress":"$HM$267:$HM$304","headAddress":"$HM$267","bodyAddress":"$HM$268:$HM$304","_name":"основное"},"корректировка факт":{"_level":2,"parentID":"7727cc00-0783-446a-b507-1aada4de59f0","firstParentID":"748be390-2aed-446a-bd32-1b2969c3439c","ID":"63cbbf78-cc80-438a-9a53-831518ecb33a","childs":null,"emcosID":null,"emcosMLID":null,"codMaketTEP":null,"codTEP":null,"WSName":"DB","rangeAddress":"$HN$267:$HN$304","headAddress":"$HN$267","bodyAddress":"$HN$268:$HN$304","_name":"корректировка факт"},"ручное":{"_level":2,"parentID":"7727cc00-0783-446a-b507-1aada4de59f0","firstParentID":"748be390-2aed-446a-bd32-1b2969c3439c","ID":"dae93396-5e69-48ea-819e-d496e52d0b99","childs":null,"emcosID":null,"emcosMLID":null,"codMaketTEP":null,"codTEP":null,"WSName":"DB","rangeAddress":"$HO$267:$HO$304","headAddress":"$HO$267","bodyAddress":"$HO$268:$HO$304","_name":"ручное"}},"emcosID":null,"emcosMLID":null,"codMaketTEP":null,"codTEP":null,"WSName":"DB","rangeAddress":"$HL$266:$HO$304","headAddress":"$HL$266:$HO$266","bodyAddress":"$HL$267:$HO$304","_name":"прием"},"отдача":{"_level":1,"parentID":"bdf4a092-f43d-48e2-b212-a8298aff6086","firstParentID":"748be390-2aed-446a-bd32-1b2969c3439c","ID":"167ca319-098f-4101-8a3e-7cae4874f8e9","childs":{"код":{"_level":2,"parentID":"167ca319-098f-4101-8a3e-7cae4874f8e9","firstParentID":"748be390-2aed-446a-bd32-1b2969c3439c","ID":"0b0e9983-ed11-4a53-af64-5d8479479ad1","childs":null,"emcosID":null,"emcosMLID":null,"codMaketTEP":null,"codTEP":null,"WSName":"DB","rangeAddress":"$HP$267:$HP$304","headAddress":"$HP$267","bodyAddress":"$HP$268:$HP$304","_name":"код"},"основное":{"_level":2,"parentID":"167ca319-098f-4101-8a3e-7cae4874f8e9","firstParentID":"748be390-2aed-446a-bd32-1b2969c3439c","ID":"c454d433-1356-4cbc-acfc-ff07c4b28804","childs":null,"emcosID":null,"emcosMLID":null,"codMaketTEP":null,"codTEP":null,"WSName":"DB","rangeAddress":"$HQ$267:$HQ$304","headAddress":"$HQ$267","bodyAddress":"$HQ$268:$HQ$304","_name":"основное"},"корректировка факт":{"_level":2,"parentID":"167ca319-098f-4101-8a3e-7cae4874f8e9","firstParentID":"748be390-2aed-446a-bd32-1b2969c3439c","ID":"6824514c-fd6d-44b0-a8be-4e13bd4a8812","childs":null,"emcosID":null,"emcosMLID":null,"codMaketTEP":null,"codTEP":null,"WSName":"DB","rangeAddress":"$HR$267:$HR$304","headAddress":"$HR$267","bodyAddress":"$HR$268:$HR$304","_name":"корректировка факт"},"ручное":{"_level":2,"parentID":"167ca319-098f-4101-8a3e-7cae4874f8e9","firstParentID":"748be390-2aed-446a-bd32-1b2969c3439c","ID":"86b6a579-e9cb-46ec-a9a9-db815d9fdf7c","childs":null,"emcosID":null,"emcosMLID":null,"codMaketTEP":null,"codTEP":null,"WSName":"DB","rangeAddress":"$HS$267:$HS$304","headAddress":"$HS$267","bodyAddress":"$HS$268:$HS$304","_name":"ручное"}},"emcosID":null,"emcosMLID":null,"codMaketTEP":null,"codTEP":null,"WSName":"DB","rangeAddress":"$HP$266:$HS$304","headAddress":"$HP$266:$HS$266","bodyAddress":"$HP$267:$HS$304","_name":"отдача"}},"emcosID":null,"emcosMLID":null,"codMaketTEP":null,"codTEP":null,"WSName":"DB","rangeAddress":"$HL$265:$HS$304","headAddress":"$HL$265:$HS$265","bodyAddress":"$HL$266:$HS$304","_name":"ОВ 220 Шу"}},"codPlan":null,"meterCoef":null,"_name":"ОВ 220 Шу"}