{"ID":"75c38be0-bfa6-4f74-949a-d03e51f623af","childs":{"PS":{"_level":0,"parentID":"75c38be0-bfa6-4f74-949a-d03e51f623af","firstParentID":"75c38be0-bfa6-4f74-949a-d03e51f623af","ID":"8fc9d09a-0e01-47c4-8592-15f1b67f3c3f","childs":{"прием":{"_level":1,"parentID":"8fc9d09a-0e01-47c4-8592-15f1b67f3c3f","firstParentID":"75c38be0-bfa6-4f74-949a-d03e51f623af","ID":"e61b0220-bb13-4d3c-9028-cc70d0c5cfb8","childs":{"ручное":{"_level":2,"parentID":"e61b0220-bb13-4d3c-9028-cc70d0c5cfb8","firstParentID":"75c38be0-bfa6-4f74-949a-d03e51f623af","ID":"7df42818-bb4f-420b-8919-cb733aecbf48","childs":null,"emcosID":null,"emcosMLID":null,"codMaketTEP":null,"codTEP":null,"WSName":"PS","rangeAddress":"$AH$185:$AH$221","headAddress":"$AH$185","bodyAddress":"$AH$186:$AH$221","_name":"ручное"}},"emcosID":null,"emcosMLID":null,"codMaketTEP":null,"codTEP":null,"WSName":"PS","rangeAddress":"$AH$184:$AH$221","headAddress":"$AH$184","bodyAddress":"$AH$185:$AH$221","_name":"прием"},"план":{"_level":1,"parentID":"8fc9d09a-0e01-47c4-8592-15f1b67f3c3f","firstParentID":"75c38be0-bfa6-4f74-949a-d03e51f623af","ID":"fefe7506-e10f-4189-ac27-3dd0b55a07aa","childs":{"заявка":{"_level":2,"parentID":"fefe7506-e10f-4189-ac27-3dd0b55a07aa","firstParentID":"75c38be0-bfa6-4f74-949a-d03e51f623af","ID":"d3f76d1e-2535-4412-a39f-d52b6aeaa900","childs":null,"emcosID":null,"emcosMLID":null,"codMaketTEP":null,"codTEP":null,"WSName":"PS","rangeAddress":"$AI$185:$AI$221","headAddress":"$AI$185","bodyAddress":"$AI$186:$AI$221","_name":"заявка"}},"emcosID":null,"emcosMLID":null,"codMaketTEP":null,"codTEP":null,"WSName":"PS","rangeAddress":"$AI$184:$AI$221","headAddress":"$AI$184","bodyAddress":"$AI$185:$AI$221","_name":"план"}},"emcosID":null,"emcosMLID":null,"codMaketTEP":null,"codTEP":null,"WSName":"PS","rangeAddress":"$AH$183:$AI$221","headAddress":"$AH$183:$AI$183","bodyAddress":"$AH$184:$AI$221","_name":"Потребление Каз Энерго Холдинг Алматы"},"DB":{"_level":0,"parentID":"75c38be0-bfa6-4f74-949a-d03e51f623af","firstParentID":"75c38be0-bfa6-4f74-949a-d03e51f623af","ID":"c7cd2025-756c-4621-be6e-52efbfa92670","childs":{"прием":{"_level":1,"parentID":"c7cd2025-756c-4621-be6e-52efbfa92670","firstParentID":"75c38be0-bfa6-4f74-949a-d03e51f623af","ID":"802f763b-874c-4148-bd58-7561d5d07394","childs":{"код":{"_level":2,"parentID":"802f763b-874c-4148-bd58-7561d5d07394","firstParentID":"75c38be0-bfa6-4f74-949a-d03e51f623af","ID":"566d5f2b-1fe5-400d-8a3f-a436d3b219b5","childs":null,"emcosID":null,"emcosMLID":null,"codMaketTEP":null,"codTEP":null,"WSName":"DB","rangeAddress":"$H$396:$H$433","headAddress":"$H$396","bodyAddress":"$H$397:$H$433","_name":"код"},"основное":{"_level":2,"parentID":"802f763b-874c-4148-bd58-7561d5d07394","firstParentID":"75c38be0-bfa6-4f74-949a-d03e51f623af","ID":"87caca4f-437c-450b-bd7a-aef77279e9b5","childs":null,"emcosID":null,"emcosMLID":null,"codMaketTEP":null,"codTEP":null,"WSName":"DB","rangeAddress":"$I$396:$I$433","headAddress":"$I$396","bodyAddress":"$I$397:$I$433","_name":"основное"},"корректировка факт":{"_level":2,"parentID":"802f763b-874c-4148-bd58-7561d5d07394","firstParentID":"75c38be0-bfa6-4f74-949a-d03e51f623af","ID":"5b6a6647-fef7-424a-8a05-1d722004ffcd","childs":null,"emcosID":null,"emcosMLID":null,"codMaketTEP":null,"codTEP":null,"WSName":"DB","rangeAddress":"$J$396:$J$433","headAddress":"$J$396","bodyAddress":"$J$397:$J$433","_name":"корректировка факт"},"ручное":{"_level":2,"parentID":"802f763b-874c-4148-bd58-7561d5d07394","firstParentID":"75c38be0-bfa6-4f74-949a-d03e51f623af","ID":"62b89816-9028-438a-84be-4b8f0c6859f2","childs":null,"emcosID":null,"emcosMLID":null,"codMaketTEP":null,"codTEP":null,"WSName":"DB","rangeAddress":"$K$396:$K$433","headAddress":"$K$396","bodyAddress":"$K$397:$K$433","_name":"ручное"},"по плану":{"_level":2,"parentID":"802f763b-874c-4148-bd58-7561d5d07394","firstParentID":"75c38be0-bfa6-4f74-949a-d03e51f623af","ID":"815a4031-8fa6-4622-939b-6991a04f2fe8","childs":null,"emcosID":null,"emcosMLID":null,"codMaketTEP":null,"codTEP":null,"WSName":"DB","rangeAddress":"$L$396:$L$433","headAddress":"$L$396","bodyAddress":"$L$397:$L$433","_name":"по плану"}},"emcosID":null,"emcosMLID":null,"codMaketTEP":null,"codTEP":null,"WSName":"DB","rangeAddress":"$H$395:$L$433","headAddress":"$H$395:$L$395","bodyAddress":"$H$396:$L$433","_name":"прием"},"план":{"_level":1,"parentID":"c7cd2025-756c-4621-be6e-52efbfa92670","firstParentID":"75c38be0-bfa6-4f74-949a-d03e51f623af","ID":"dc64c5d0-3d23-4478-898f-85aa3eefe287","childs":{"код":{"_level":2,"parentID":"dc64c5d0-3d23-4478-898f-85aa3eefe287","firstParentID":"75c38be0-bfa6-4f74-949a-d03e51f623af","ID":"8c953f4e-f842-4343-8687-fc1f57d1628c","childs":null,"emcosID":null,"emcosMLID":null,"codMaketTEP":null,"codTEP":null,"WSName":"DB","rangeAddress":"$M$396:$M$433","headAddress":"$M$396","bodyAddress":"$M$397:$M$433","_name":"код"},"основное":{"_level":2,"parentID":"dc64c5d0-3d23-4478-898f-85aa3eefe287","firstParentID":"75c38be0-bfa6-4f74-949a-d03e51f623af","ID":"ea867fb4-96e7-4d9b-841e-d5e7225e90bd","childs":null,"emcosID":null,"emcosMLID":null,"codMaketTEP":null,"codTEP":null,"WSName":"DB","rangeAddress":"$N$396:$N$433","headAddress":"$N$396","bodyAddress":"$N$397:$N$433","_name":"основное"},"заявка":{"_level":2,"parentID":"dc64c5d0-3d23-4478-898f-85aa3eefe287","firstParentID":"75c38be0-bfa6-4f74-949a-d03e51f623af","ID":"8507c8cb-9c07-4b4b-8c66-05b7fdfc8171","childs":null,"emcosID":null,"emcosMLID":null,"codMaketTEP":null,"codTEP":null,"WSName":"DB","rangeAddress":"$O$396:$O$433","headAddress":"$O$396","bodyAddress":"$O$397:$O$433","_name":"заявка"},"утвержденный":{"_level":2,"parentID":"dc64c5d0-3d23-4478-898f-85aa3eefe287","firstParentID":"75c38be0-bfa6-4f74-949a-d03e51f623af","ID":"f19cb5c3-d6f0-4b8b-87ef-607065923cd3","childs":null,"emcosID":null,"emcosMLID":null,"codMaketTEP":null,"codTEP":null,"WSName":"DB","rangeAddress":"$P$396:$P$433","headAddress":"$P$396","bodyAddress":"$P$397:$P$433","_name":"утвержденный"},"корректировка":{"_level":2,"parentID":"dc64c5d0-3d23-4478-898f-85aa3eefe287","firstParentID":"75c38be0-bfa6-4f74-949a-d03e51f623af","ID":"0afd56ea-6d58-4d45-a2a5-9634893edcf3","childs":null,"emcosID":null,"emcosMLID":null,"codMaketTEP":null,"codTEP":null,"WSName":"DB","rangeAddress":"$Q$396:$Q$433","headAddress":"$Q$396","bodyAddress":"$Q$397:$Q$433","_name":"корректировка"}},"emcosID":null,"emcosMLID":null,"codMaketTEP":null,"codTEP":null,"WSName":"DB","rangeAddress":"$M$395:$Q$433","headAddress":"$M$395:$Q$395","bodyAddress":"$M$396:$Q$433","_name":"план"}},"emcosID":null,"emcosMLID":null,"codMaketTEP":null,"codTEP":null,"WSName":"DB","rangeAddress":"$H$394:$Q$433","headAddress":"$H$394:$Q$394","bodyAddress":"$H$395:$Q$433","_name":"Потребление Каз Энерго Холдинг Алматы"}},"codPlan":104,"meterCoef":null,"_name":"Потребление Каз Энерго Холдинг Алматы"}