{"ID":"75c38be0-bfa6-4f74-949a-d03e51f623af","childs":{"PS":{"_level":0,"parentID":"75c38be0-bfa6-4f74-949a-d03e51f623af","firstParentID":"75c38be0-bfa6-4f74-949a-d03e51f623af","ID":"8fc9d09a-0e01-47c4-8592-15f1b67f3c3f","childs":{"прием":{"_level":1,"parentID":"8fc9d09a-0e01-47c4-8592-15f1b67f3c3f","firstParentID":"75c38be0-bfa6-4f74-949a-d03e51f623af","ID":"e61b0220-bb13-4d3c-9028-cc70d0c5cfb8","childs":{"по плану":{"_level":2,"parentID":"e61b0220-bb13-4d3c-9028-cc70d0c5cfb8","firstParentID":"75c38be0-bfa6-4f74-949a-d03e51f623af","ID":"7df42818-bb4f-420b-8919-cb733aecbf48","childs":null,"emcosID":null,"emcosMLID":null,"codMaketTEP":null,"codTEP":null,"WSName":"PS","rangeAddress":"$AD$185:$AD$221","headAddress":"$AD$185","bodyAddress":"$AD$186:$AD$221","_name":"по плану"}},"emcosID":null,"emcosMLID":null,"codMaketTEP":1388,"codTEP":null,"WSName":"PS","rangeAddress":"$AD$184:$AD$221","headAddress":"$AD$184","bodyAddress":"$AD$185:$AD$221","_name":"прием"},"план":{"_level":1,"parentID":"8fc9d09a-0e01-47c4-8592-15f1b67f3c3f","firstParentID":"75c38be0-bfa6-4f74-949a-d03e51f623af","ID":"fefe7506-e10f-4189-ac27-3dd0b55a07aa","childs":{"заявка":{"_level":2,"parentID":"fefe7506-e10f-4189-ac27-3dd0b55a07aa","firstParentID":"75c38be0-bfa6-4f74-949a-d03e51f623af","ID":"d3f76d1e-2535-4412-a39f-d52b6aeaa900","childs":null,"emcosID":null,"emcosMLID":null,"codMaketTEP":null,"codTEP":null,"WSName":"PS","rangeAddress":"$AE$185:$AE$221","headAddress":"$AE$185","bodyAddress":"$AE$186:$AE$221","_name":"заявка"}},"emcosID":null,"emcosMLID":null,"codMaketTEP":null,"codTEP":null,"WSName":"PS","rangeAddress":"$AE$184:$AE$221","headAddress":"$AE$184","bodyAddress":"$AE$185:$AE$221","_name":"план"}},"emcosID":null,"emcosMLID":null,"codMaketTEP":null,"codTEP":null,"WSName":"PS","rangeAddress":"$AD$183:$AE$221","headAddress":"$AD$183:$AE$183","bodyAddress":"$AD$184:$AE$221","_name":"Потребление Каз Энерго Холдинг Алматы"},"DB":{"_level":0,"parentID":"75c38be0-bfa6-4f74-949a-d03e51f623af","firstParentID":"75c38be0-bfa6-4f74-949a-d03e51f623af","ID":"c7cd2025-756c-4621-be6e-52efbfa92670","childs":{"прием":{"_level":1,"parentID":"c7cd2025-756c-4621-be6e-52efbfa92670","firstParentID":"75c38be0-bfa6-4f74-949a-d03e51f623af","ID":"802f763b-874c-4148-bd58-7561d5d07394","childs":{"код":{"_level":2,"parentID":"802f763b-874c-4148-bd58-7561d5d07394","firstParentID":"75c38be0-bfa6-4f74-949a-d03e51f623af","ID":"566d5f2b-1fe5-400d-8a3f-a436d3b219b5","childs":null,"emcosID":null,"emcosMLID":null,"codMaketTEP":null,"codTEP":null,"WSName":"DB","rangeAddress":"$Y$396:$Y$433","headAddress":"$Y$396","bodyAddress":"$Y$397:$Y$433","_name":"код"},"основное":{"_level":2,"parentID":"802f763b-874c-4148-bd58-7561d5d07394","firstParentID":"75c38be0-bfa6-4f74-949a-d03e51f623af","ID":"87caca4f-437c-450b-bd7a-aef77279e9b5","childs":null,"emcosID":null,"emcosMLID":null,"codMaketTEP":null,"codTEP":null,"WSName":"DB","rangeAddress":"$Z$396:$Z$433","headAddress":"$Z$396","bodyAddress":"$Z$397:$Z$433","_name":"основное"},"корректировка факт":{"_level":2,"parentID":"802f763b-874c-4148-bd58-7561d5d07394","firstParentID":"75c38be0-bfa6-4f74-949a-d03e51f623af","ID":"5b6a6647-fef7-424a-8a05-1d722004ffcd","childs":null,"emcosID":null,"emcosMLID":null,"codMaketTEP":null,"codTEP":null,"WSName":"DB","rangeAddress":"$AA$396:$AA$433","headAddress":"$AA$396","bodyAddress":"$AA$397:$AA$433","_name":"корректировка факт"},"ручное":{"_level":2,"parentID":"802f763b-874c-4148-bd58-7561d5d07394","firstParentID":"75c38be0-bfa6-4f74-949a-d03e51f623af","ID":"62b89816-9028-438a-84be-4b8f0c6859f2","childs":null,"emcosID":null,"emcosMLID":null,"codMaketTEP":null,"codTEP":null,"WSName":"DB","rangeAddress":"$AB$396:$AB$433","headAddress":"$AB$396","bodyAddress":"$AB$397:$AB$433","_name":"ручное"},"по плану":{"_level":2,"parentID":"802f763b-874c-4148-bd58-7561d5d07394","firstParentID":"75c38be0-bfa6-4f74-949a-d03e51f623af","ID":"815a4031-8fa6-4622-939b-6991a04f2fe8","childs":null,"emcosID":null,"emcosMLID":null,"codMaketTEP":null,"codTEP":null,"WSName":"DB","rangeAddress":"$AC$396:$AC$433","headAddress":"$AC$396","bodyAddress":"$AC$397:$AC$433","_name":"по плану"}},"emcosID":null,"emcosMLID":null,"codMaketTEP":null,"codTEP":null,"WSName":"DB","rangeAddress":"$Y$395:$AC$433","headAddress":"$Y$395:$AC$395","bodyAddress":"$Y$396:$AC$433","_name":"прием"},"план":{"_level":1,"parentID":"c7cd2025-756c-4621-be6e-52efbfa92670","firstParentID":"75c38be0-bfa6-4f74-949a-d03e51f623af","ID":"dc64c5d0-3d23-4478-898f-85aa3eefe287","childs":{"код":{"_level":2,"parentID":"dc64c5d0-3d23-4478-898f-85aa3eefe287","firstParentID":"75c38be0-bfa6-4f74-949a-d03e51f623af","ID":"8c953f4e-f842-4343-8687-fc1f57d1628c","childs":null,"emcosID":null,"emcosMLID":null,"codMaketTEP":null,"codTEP":null,"WSName":"DB","rangeAddress":"$AD$396:$AD$433","headAddress":"$AD$396","bodyAddress":"$AD$397:$AD$433","_name":"код"},"основное":{"_level":2,"parentID":"dc64c5d0-3d23-4478-898f-85aa3eefe287","firstParentID":"75c38be0-bfa6-4f74-949a-d03e51f623af","ID":"ea867fb4-96e7-4d9b-841e-d5e7225e90bd","childs":null,"emcosID":null,"emcosMLID":null,"codMaketTEP":null,"codTEP":null,"WSName":"DB","rangeAddress":"$AE$396:$AE$433","headAddress":"$AE$396","bodyAddress":"$AE$397:$AE$433","_name":"основное"},"заявка":{"_level":2,"parentID":"dc64c5d0-3d23-4478-898f-85aa3eefe287","firstParentID":"75c38be0-bfa6-4f74-949a-d03e51f623af","ID":"8507c8cb-9c07-4b4b-8c66-05b7fdfc8171","childs":null,"emcosID":null,"emcosMLID":null,"codMaketTEP":null,"codTEP":null,"WSName":"DB","rangeAddress":"$AF$396:$AF$433","headAddress":"$AF$396","bodyAddress":"$AF$397:$AF$433","_name":"заявка"},"утвержденный":{"_level":2,"parentID":"dc64c5d0-3d23-4478-898f-85aa3eefe287","firstParentID":"75c38be0-bfa6-4f74-949a-d03e51f623af","ID":"f19cb5c3-d6f0-4b8b-87ef-607065923cd3","childs":null,"emcosID":null,"emcosMLID":null,"codMaketTEP":null,"codTEP":null,"WSName":"DB","rangeAddress":"$AG$396:$AG$433","headAddress":"$AG$396","bodyAddress":"$AG$397:$AG$433","_name":"утвержденный"},"корректировка":{"_level":2,"parentID":"dc64c5d0-3d23-4478-898f-85aa3eefe287","firstParentID":"75c38be0-bfa6-4f74-949a-d03e51f623af","ID":"0afd56ea-6d58-4d45-a2a5-9634893edcf3","childs":null,"emcosID":null,"emcosMLID":null,"codMaketTEP":null,"codTEP":null,"WSName":"DB","rangeAddress":"$AH$396:$AH$433","headAddress":"$AH$396","bodyAddress":"$AH$397:$AH$433","_name":"корректировка"}},"emcosID":null,"emcosMLID":null,"codMaketTEP":null,"codTEP":null,"WSName":"DB","rangeAddress":"$AD$395:$AH$433","headAddress":"$AD$395:$AH$395","bodyAddress":"$AD$396:$AH$433","_name":"план"}},"emcosID":null,"emcosMLID":null,"codMaketTEP":null,"codTEP":null,"WSName":"DB","rangeAddress":"$Y$394:$AH$433","headAddress":"$Y$394:$AH$394","bodyAddress":"$Y$395:$AH$433","_name":"Потребление Каз Энерго Холдинг Алматы"}},"codPlan":104,"meterCoef":null,"_name":"Потребление Каз Энерго Холдинг Алматы"}