{"ID":"75d6c8dd-2a39-4ee7-9002-91a7e216d272","childs":{"PS":{"_level":0,"parentID":"75d6c8dd-2a39-4ee7-9002-91a7e216d272","firstParentID":"75d6c8dd-2a39-4ee7-9002-91a7e216d272","ID":"60b1735e-cfcf-4e2e-948f-a2cee47929e1","childs":{"прием":{"_level":1,"parentID":"60b1735e-cfcf-4e2e-948f-a2cee47929e1","firstParentID":"75d6c8dd-2a39-4ee7-9002-91a7e216d272","ID":"d6e0ca3b-f5c0-4312-a5dc-83fa54aab432","childs":{"оперативное":{"_level":2,"parentID":"d6e0ca3b-f5c0-4312-a5dc-83fa54aab432","firstParentID":"75d6c8dd-2a39-4ee7-9002-91a7e216d272","ID":"f89c584d-77b9-423d-a218-c438836b7588","childs":null,"emcosID":null,"emcosMLID":null,"codMaketTEP":null,"codTEP":null,"WSName":"PS","rangeAddress":"$CD$185:$CD$221","headAddress":"$CD$185","bodyAddress":"$CD$186:$CD$221","_name":"оперативное"}},"emcosID":null,"emcosMLID":null,"codMaketTEP":1323,"codTEP":null,"WSName":"PS","rangeAddress":"$CD$184:$CD$221","headAddress":"$CD$184","bodyAddress":"$CD$185:$CD$221","_name":"прием"}},"emcosID":null,"emcosMLID":null,"codMaketTEP":null,"codTEP":null,"WSName":"PS","rangeAddress":"$CD$183:$CD$221","headAddress":"$CD$183","bodyAddress":"$CD$184:$CD$221","_name":"с.н. АТЭЦ2 АлЭС"},"DB":{"_level":0,"parentID":"75d6c8dd-2a39-4ee7-9002-91a7e216d272","firstParentID":"75d6c8dd-2a39-4ee7-9002-91a7e216d272","ID":"17ba6592-9f6f-4a31-935c-d3dcf6930ccd","childs":{"прием":{"_level":1,"parentID":"17ba6592-9f6f-4a31-935c-d3dcf6930ccd","firstParentID":"75d6c8dd-2a39-4ee7-9002-91a7e216d272","ID":"3804af70-a1e6-44fc-aaaa-df0b6758597c","childs":{"код":{"_level":2,"parentID":"3804af70-a1e6-44fc-aaaa-df0b6758597c","firstParentID":"75d6c8dd-2a39-4ee7-9002-91a7e216d272","ID":"641c6a94-e501-4c49-8040-9344f6d5a189","childs":null,"emcosID":null,"emcosMLID":null,"codMaketTEP":null,"codTEP":null,"WSName":"DB","rangeAddress":"$DP$482:$DP$519","headAddress":"$DP$482","bodyAddress":"$DP$483:$DP$519","_name":"код"},"основное":{"_level":2,"parentID":"3804af70-a1e6-44fc-aaaa-df0b6758597c","firstParentID":"75d6c8dd-2a39-4ee7-9002-91a7e216d272","ID":"86a16d54-d463-4095-9ca9-44067ff3c056","childs":null,"emcosID":null,"emcosMLID":null,"codMaketTEP":null,"codTEP":null,"WSName":"DB","rangeAddress":"$DQ$482:$DQ$519","headAddress":"$DQ$482","bodyAddress":"$DQ$483:$DQ$519","_name":"основное"},"корректировка факт":{"_level":2,"parentID":"3804af70-a1e6-44fc-aaaa-df0b6758597c","firstParentID":"75d6c8dd-2a39-4ee7-9002-91a7e216d272","ID":"aa77f67c-c356-4218-a6da-32f19421e03a","childs":null,"emcosID":null,"emcosMLID":null,"codMaketTEP":null,"codTEP":null,"WSName":"DB","rangeAddress":"$DR$482:$DR$519","headAddress":"$DR$482","bodyAddress":"$DR$483:$DR$519","_name":"корректировка факт"},"ручное":{"_level":2,"parentID":"3804af70-a1e6-44fc-aaaa-df0b6758597c","firstParentID":"75d6c8dd-2a39-4ee7-9002-91a7e216d272","ID":"9ddda544-51b0-4fca-aff6-992e247f7158","childs":null,"emcosID":null,"emcosMLID":null,"codMaketTEP":null,"codTEP":null,"WSName":"DB","rangeAddress":"$DS$482:$DS$519","headAddress":"$DS$482","bodyAddress":"$DS$483:$DS$519","_name":"ручное"},"оперативное":{"_level":2,"parentID":"3804af70-a1e6-44fc-aaaa-df0b6758597c","firstParentID":"75d6c8dd-2a39-4ee7-9002-91a7e216d272","ID":"d0234767-386d-4970-a636-dbebcc3daaa7","childs":null,"emcosID":null,"emcosMLID":null,"codMaketTEP":null,"codTEP":null,"WSName":"DB","rangeAddress":"$DT$482:$DT$519","headAddress":"$DT$482","bodyAddress":"$DT$483:$DT$519","_name":"оперативное"}},"emcosID":null,"emcosMLID":null,"codMaketTEP":null,"codTEP":null,"WSName":"DB","rangeAddress":"$DP$481:$DT$519","headAddress":"$DP$481:$DT$481","bodyAddress":"$DP$482:$DT$519","_name":"прием"}},"emcosID":null,"emcosMLID":null,"codMaketTEP":null,"codTEP":null,"WSName":"DB","rangeAddress":"$DP$480:$DT$519","headAddress":"$DP$480:$DT$480","bodyAddress":"$DP$481:$DT$519","_name":"с.н. АТЭЦ2 АлЭС"}},"codPlan":null,"meterCoef":null,"_name":"с.н. АТЭЦ2 АлЭС"}