{"ID":"7850f25d-734a-4d03-98ad-ce5048a7b6f9","childs":{"PS":{"_level":0,"parentID":"7850f25d-734a-4d03-98ad-ce5048a7b6f9","firstParentID":"7850f25d-734a-4d03-98ad-ce5048a7b6f9","ID":"d19ae650-94a9-4608-9ad6-63b4380c0072","childs":{"прием":{"_level":1,"parentID":"d19ae650-94a9-4608-9ad6-63b4380c0072","firstParentID":"7850f25d-734a-4d03-98ad-ce5048a7b6f9","ID":"4cea50c4-0e6b-4966-85f6-7a91c9f7a624","childs":{"оперативное":{"_level":2,"parentID":"4cea50c4-0e6b-4966-85f6-7a91c9f7a624","firstParentID":"7850f25d-734a-4d03-98ad-ce5048a7b6f9","ID":"3958b52c-5d70-4403-a9dc-216463e8117a","childs":null,"emcosID":null,"emcosMLID":null,"codMaketTEP":null,"codTEP":null,"WSName":"PS","rangeAddress":"$IQ$99:$IQ$135","headAddress":"$IQ$99","bodyAddress":"$IQ$100:$IQ$135","_name":"оперативное"}},"emcosID":null,"emcosMLID":null,"codMaketTEP":null,"codTEP":null,"WSName":"PS","rangeAddress":"$IQ$98:$IQ$135","headAddress":"$IQ$98","bodyAddress":"$IQ$99:$IQ$135","_name":"прием"},"отдача":{"_level":1,"parentID":"d19ae650-94a9-4608-9ad6-63b4380c0072","firstParentID":"7850f25d-734a-4d03-98ad-ce5048a7b6f9","ID":"2f969b7b-3710-4881-a7d4-0e2fe9a959c8","childs":{"оперативное":{"_level":2,"parentID":"2f969b7b-3710-4881-a7d4-0e2fe9a959c8","firstParentID":"7850f25d-734a-4d03-98ad-ce5048a7b6f9","ID":"34258156-63b8-4cf4-bb3a-5e1d36f15306","childs":null,"emcosID":null,"emcosMLID":null,"codMaketTEP":null,"codTEP":null,"WSName":"PS","rangeAddress":"$IR$99:$IR$135","headAddress":"$IR$99","bodyAddress":"$IR$100:$IR$135","_name":"оперативное"}},"emcosID":null,"emcosMLID":null,"codMaketTEP":null,"codTEP":null,"WSName":"PS","rangeAddress":"$IR$98:$IR$135","headAddress":"$IR$98","bodyAddress":"$IR$99:$IR$135","_name":"отдача"}},"emcosID":null,"emcosMLID":null,"codMaketTEP":null,"codTEP":null,"WSName":"PS","rangeAddress":"$IQ$97:$IR$135","headAddress":"$IQ$97:$IR$97","bodyAddress":"$IQ$98:$IR$135","_name":"Л2173 Западная 140А"},"DB":{"_level":0,"parentID":"7850f25d-734a-4d03-98ad-ce5048a7b6f9","firstParentID":"7850f25d-734a-4d03-98ad-ce5048a7b6f9","ID":"ad66f3f0-bdf1-4184-a94a-a217ef9404d5","childs":{"прием":{"_level":1,"parentID":"ad66f3f0-bdf1-4184-a94a-a217ef9404d5","firstParentID":"7850f25d-734a-4d03-98ad-ce5048a7b6f9","ID":"70eadfbd-8382-43bd-a457-3944ab732de2","childs":{"код":{"_level":2,"parentID":"70eadfbd-8382-43bd-a457-3944ab732de2","firstParentID":"7850f25d-734a-4d03-98ad-ce5048a7b6f9","ID":"1f6bf067-7584-43f8-be10-f615c085d3ca","childs":null,"emcosID":null,"emcosMLID":null,"codMaketTEP":null,"codTEP":null,"WSName":"DB","rangeAddress":"$GC$95:$GC$132","headAddress":"$GC$95","bodyAddress":"$GC$96:$GC$132","_name":"код"},"основное":{"_level":2,"parentID":"70eadfbd-8382-43bd-a457-3944ab732de2","firstParentID":"7850f25d-734a-4d03-98ad-ce5048a7b6f9","ID":"44a5c76e-ba56-4d19-8b0c-0ba54b221c70","childs":null,"emcosID":null,"emcosMLID":null,"codMaketTEP":null,"codTEP":null,"WSName":"DB","rangeAddress":"$GD$95:$GD$132","headAddress":"$GD$95","bodyAddress":"$GD$96:$GD$132","_name":"основное"},"корректировка факт":{"_level":2,"parentID":"70eadfbd-8382-43bd-a457-3944ab732de2","firstParentID":"7850f25d-734a-4d03-98ad-ce5048a7b6f9","ID":"1b8b3282-9c43-4a34-9ab5-1daf6ea28a65","childs":null,"emcosID":null,"emcosMLID":null,"codMaketTEP":null,"codTEP":null,"WSName":"DB","rangeAddress":"$GE$95:$GE$132","headAddress":"$GE$95","bodyAddress":"$GE$96:$GE$132","_name":"корректировка факт"},"ручное":{"_level":2,"parentID":"70eadfbd-8382-43bd-a457-3944ab732de2","firstParentID":"7850f25d-734a-4d03-98ad-ce5048a7b6f9","ID":"52d9dd37-bf5b-4882-8f5c-279a2aff15f1","childs":null,"emcosID":null,"emcosMLID":null,"codMaketTEP":null,"codTEP":null,"WSName":"DB","rangeAddress":"$GF$95:$GF$132","headAddress":"$GF$95","bodyAddress":"$GF$96:$GF$132","_name":"ручное"},"оперативное":{"_level":2,"parentID":"70eadfbd-8382-43bd-a457-3944ab732de2","firstParentID":"7850f25d-734a-4d03-98ad-ce5048a7b6f9","ID":"504a321b-b1ab-45d5-9d37-350c99e90e64","childs":null,"emcosID":null,"emcosMLID":null,"codMaketTEP":null,"codTEP":null,"WSName":"DB","rangeAddress":"$GG$95:$GG$132","headAddress":"$GG$95","bodyAddress":"$GG$96:$GG$132","_name":"оперативное"}},"emcosID":null,"emcosMLID":null,"codMaketTEP":null,"codTEP":null,"WSName":"DB","rangeAddress":"$GC$94:$GG$132","headAddress":"$GC$94:$GG$94","bodyAddress":"$GC$95:$GG$132","_name":"прием"},"отдача":{"_level":1,"parentID":"ad66f3f0-bdf1-4184-a94a-a217ef9404d5","firstParentID":"7850f25d-734a-4d03-98ad-ce5048a7b6f9","ID":"ba89349c-128a-4af0-bcb6-2e87b15618ab","childs":{"код":{"_level":2,"parentID":"ba89349c-128a-4af0-bcb6-2e87b15618ab","firstParentID":"7850f25d-734a-4d03-98ad-ce5048a7b6f9","ID":"1b814fe4-6cac-47a7-8566-a0491132944f","childs":null,"emcosID":null,"emcosMLID":null,"codMaketTEP":null,"codTEP":null,"WSName":"DB","rangeAddress":"$GH$95:$GH$132","headAddress":"$GH$95","bodyAddress":"$GH$96:$GH$132","_name":"код"},"основное":{"_level":2,"parentID":"ba89349c-128a-4af0-bcb6-2e87b15618ab","firstParentID":"7850f25d-734a-4d03-98ad-ce5048a7b6f9","ID":"fe983d8c-9c89-469c-81b1-21308b819222","childs":null,"emcosID":null,"emcosMLID":null,"codMaketTEP":null,"codTEP":null,"WSName":"DB","rangeAddress":"$GI$95:$GI$132","headAddress":"$GI$95","bodyAddress":"$GI$96:$GI$132","_name":"основное"},"корректировка факт":{"_level":2,"parentID":"ba89349c-128a-4af0-bcb6-2e87b15618ab","firstParentID":"7850f25d-734a-4d03-98ad-ce5048a7b6f9","ID":"f4ae1f08-d492-4e2b-9d15-064bdd03ab2b","childs":null,"emcosID":null,"emcosMLID":null,"codMaketTEP":null,"codTEP":null,"WSName":"DB","rangeAddress":"$GJ$95:$GJ$132","headAddress":"$GJ$95","bodyAddress":"$GJ$96:$GJ$132","_name":"корректировка факт"},"ручное":{"_level":2,"parentID":"ba89349c-128a-4af0-bcb6-2e87b15618ab","firstParentID":"7850f25d-734a-4d03-98ad-ce5048a7b6f9","ID":"9dafa231-70ba-4599-a603-917f25530d8f","childs":null,"emcosID":null,"emcosMLID":null,"codMaketTEP":null,"codTEP":null,"WSName":"DB","rangeAddress":"$GK$95:$GK$132","headAddress":"$GK$95","bodyAddress":"$GK$96:$GK$132","_name":"ручное"},"оперативное":{"_level":2,"parentID":"ba89349c-128a-4af0-bcb6-2e87b15618ab","firstParentID":"7850f25d-734a-4d03-98ad-ce5048a7b6f9","ID":"a0b573fe-ee83-4edf-993a-1af5a2066888","childs":null,"emcosID":null,"emcosMLID":null,"codMaketTEP":null,"codTEP":null,"WSName":"DB","rangeAddress":"$GL$95:$GL$132","headAddress":"$GL$95","bodyAddress":"$GL$96:$GL$132","_name":"оперативное"}},"emcosID":null,"emcosMLID":null,"codMaketTEP":null,"codTEP":null,"WSName":"DB","rangeAddress":"$GH$94:$GL$132","headAddress":"$GH$94:$GL$94","bodyAddress":"$GH$95:$GL$132","_name":"отдача"}},"emcosID":null,"emcosMLID":null,"codMaketTEP":null,"codTEP":null,"WSName":"DB","rangeAddress":"$GC$93:$GL$132","headAddress":"$GC$93:$GL$93","bodyAddress":"$GC$94:$GL$132","_name":"Л2173 Западная 140А"}},"codPlan":null,"meterCoef":null,"_name":"Л2173 Западная 140А"}