{"ID":"7c8e941f-74e0-4627-9993-5285d620343f","childs":{"PS":{"_level":0,"parentID":"7c8e941f-74e0-4627-9993-5285d620343f","firstParentID":"7c8e941f-74e0-4627-9993-5285d620343f","ID":"c7f62e4d-bf70-4de4-bee9-09eac8aa6016","childs":{"прием":{"_level":1,"parentID":"c7f62e4d-bf70-4de4-bee9-09eac8aa6016","firstParentID":"7c8e941f-74e0-4627-9993-5285d620343f","ID":"51e884f6-2202-4bd4-b73c-7da4500bbc15","childs":{"ручное":{"_level":2,"parentID":"51e884f6-2202-4bd4-b73c-7da4500bbc15","firstParentID":"7c8e941f-74e0-4627-9993-5285d620343f","ID":"fe22757e-603b-46a6-bb8f-bbf45ed89b6a","childs":null,"emcosID":null,"emcosMLID":null,"codMaketTEP":null,"codTEP":null,"WSName":"PS","rangeAddress":"$KC$99:$KC$135","headAddress":"$KC$99","bodyAddress":"$KC$100:$KC$135","_name":"ручное"}},"emcosID":null,"emcosMLID":null,"codMaketTEP":null,"codTEP":null,"WSName":"PS","rangeAddress":"$KC$98:$KC$135","headAddress":"$KC$98","bodyAddress":"$KC$99:$KC$135","_name":"прием"}},"emcosID":null,"emcosMLID":null,"codMaketTEP":null,"codTEP":null,"WSName":"PS","rangeAddress":"$KC$97:$KC$135","headAddress":"$KC$97","bodyAddress":"$KC$98:$KC$135","_name":"ТП3 Чиганак тяга"},"DB":{"_level":0,"parentID":"7c8e941f-74e0-4627-9993-5285d620343f","firstParentID":"7c8e941f-74e0-4627-9993-5285d620343f","ID":"ac2a5018-a173-4ca9-931f-5cf8d8004ccc","childs":{"прием":{"_level":1,"parentID":"ac2a5018-a173-4ca9-931f-5cf8d8004ccc","firstParentID":"7c8e941f-74e0-4627-9993-5285d620343f","ID":"d117c660-e92a-4129-b174-4729cfbf4a6e","childs":{"код":{"_level":2,"parentID":"d117c660-e92a-4129-b174-4729cfbf4a6e","firstParentID":"7c8e941f-74e0-4627-9993-5285d620343f","ID":"3d7980c4-1adc-4a21-aa28-72b38ce25450","childs":null,"emcosID":null,"emcosMLID":null,"codMaketTEP":null,"codTEP":null,"WSName":"DB","rangeAddress":"$GB$138:$GB$175","headAddress":"$GB$138","bodyAddress":"$GB$139:$GB$175","_name":"код"},"основное":{"_level":2,"parentID":"d117c660-e92a-4129-b174-4729cfbf4a6e","firstParentID":"7c8e941f-74e0-4627-9993-5285d620343f","ID":"632e2087-3ba1-4981-9b5f-5964c80712c7","childs":null,"emcosID":null,"emcosMLID":null,"codMaketTEP":null,"codTEP":null,"WSName":"DB","rangeAddress":"$GC$138:$GC$175","headAddress":"$GC$138","bodyAddress":"$GC$139:$GC$175","_name":"основное"},"корректировка факт":{"_level":2,"parentID":"d117c660-e92a-4129-b174-4729cfbf4a6e","firstParentID":"7c8e941f-74e0-4627-9993-5285d620343f","ID":"d7e05788-20da-4e93-8a2b-b4447abb0c54","childs":null,"emcosID":null,"emcosMLID":null,"codMaketTEP":null,"codTEP":null,"WSName":"DB","rangeAddress":"$GD$138:$GD$175","headAddress":"$GD$138","bodyAddress":"$GD$139:$GD$175","_name":"корректировка факт"},"ручное":{"_level":2,"parentID":"d117c660-e92a-4129-b174-4729cfbf4a6e","firstParentID":"7c8e941f-74e0-4627-9993-5285d620343f","ID":"68800334-6903-432b-a26b-a29125105acd","childs":null,"emcosID":null,"emcosMLID":null,"codMaketTEP":null,"codTEP":null,"WSName":"DB","rangeAddress":"$GE$138:$GE$175","headAddress":"$GE$138","bodyAddress":"$GE$139:$GE$175","_name":"ручное"}},"emcosID":null,"emcosMLID":null,"codMaketTEP":null,"codTEP":null,"WSName":"DB","rangeAddress":"$GB$137:$GE$175","headAddress":"$GB$137:$GE$137","bodyAddress":"$GB$138:$GE$175","_name":"прием"}},"emcosID":null,"emcosMLID":null,"codMaketTEP":null,"codTEP":null,"WSName":"DB","rangeAddress":"$GB$136:$GE$175","headAddress":"$GB$136:$GE$136","bodyAddress":"$GB$137:$GE$175","_name":"ТП3 Чиганак тяга"}},"codPlan":null,"meterCoef":null,"_name":"ТП3 Чиганак тяга"}