{"ID":"7c8e941f-74e0-4627-9993-5285d620343f","childs":{"PS":{"_level":0,"parentID":"7c8e941f-74e0-4627-9993-5285d620343f","firstParentID":"7c8e941f-74e0-4627-9993-5285d620343f","ID":"c7f62e4d-bf70-4de4-bee9-09eac8aa6016","childs":{"прием":{"_level":1,"parentID":"c7f62e4d-bf70-4de4-bee9-09eac8aa6016","firstParentID":"7c8e941f-74e0-4627-9993-5285d620343f","ID":"51e884f6-2202-4bd4-b73c-7da4500bbc15","childs":{"ручное":{"_level":2,"parentID":"51e884f6-2202-4bd4-b73c-7da4500bbc15","firstParentID":"7c8e941f-74e0-4627-9993-5285d620343f","ID":"fe22757e-603b-46a6-bb8f-bbf45ed89b6a","childs":null,"emcosID":null,"emcosMLID":null,"codMaketTEP":null,"codTEP":null,"WSName":"PS","rangeAddress":"$GO$99:$GO$135","headAddress":"$GO$99","bodyAddress":"$GO$100:$GO$135","_name":"ручное"}},"emcosID":null,"emcosMLID":null,"codMaketTEP":null,"codTEP":null,"WSName":"PS","rangeAddress":"$GO$98:$GO$135","headAddress":"$GO$98","bodyAddress":"$GO$99:$GO$135","_name":"прием"},"отдача":{"_level":1,"parentID":"c7f62e4d-bf70-4de4-bee9-09eac8aa6016","firstParentID":"7c8e941f-74e0-4627-9993-5285d620343f","ID":"37465578-98a7-499a-9c6b-b0203a460239","childs":{"ручное":{"_level":2,"parentID":"37465578-98a7-499a-9c6b-b0203a460239","firstParentID":"7c8e941f-74e0-4627-9993-5285d620343f","ID":"d36abaeb-9417-45d6-84f5-17f3b0f0f4fe","childs":null,"emcosID":null,"emcosMLID":null,"codMaketTEP":null,"codTEP":null,"WSName":"PS","rangeAddress":"$GP$99:$GP$135","headAddress":"$GP$99","bodyAddress":"$GP$100:$GP$135","_name":"ручное"}},"emcosID":null,"emcosMLID":null,"codMaketTEP":null,"codTEP":null,"WSName":"PS","rangeAddress":"$GP$98:$GP$135","headAddress":"$GP$98","bodyAddress":"$GP$99:$GP$135","_name":"отдача"}},"emcosID":null,"emcosMLID":null,"codMaketTEP":null,"codTEP":null,"WSName":"PS","rangeAddress":"$GO$97:$GP$135","headAddress":"$GO$97:$GP$97","bodyAddress":"$GO$98:$GP$135","_name":"ТП3 Чиганак тяга"},"DB":{"_level":0,"parentID":"7c8e941f-74e0-4627-9993-5285d620343f","firstParentID":"7c8e941f-74e0-4627-9993-5285d620343f","ID":"ac2a5018-a173-4ca9-931f-5cf8d8004ccc","childs":{"прием":{"_level":1,"parentID":"ac2a5018-a173-4ca9-931f-5cf8d8004ccc","firstParentID":"7c8e941f-74e0-4627-9993-5285d620343f","ID":"d117c660-e92a-4129-b174-4729cfbf4a6e","childs":{"код":{"_level":2,"parentID":"d117c660-e92a-4129-b174-4729cfbf4a6e","firstParentID":"7c8e941f-74e0-4627-9993-5285d620343f","ID":"3d7980c4-1adc-4a21-aa28-72b38ce25450","childs":null,"emcosID":null,"emcosMLID":null,"codMaketTEP":null,"codTEP":null,"WSName":"DB","rangeAddress":"$EP$138:$EP$175","headAddress":"$EP$138","bodyAddress":"$EP$139:$EP$175","_name":"код"},"основное":{"_level":2,"parentID":"d117c660-e92a-4129-b174-4729cfbf4a6e","firstParentID":"7c8e941f-74e0-4627-9993-5285d620343f","ID":"632e2087-3ba1-4981-9b5f-5964c80712c7","childs":null,"emcosID":null,"emcosMLID":null,"codMaketTEP":null,"codTEP":null,"WSName":"DB","rangeAddress":"$EQ$138:$EQ$175","headAddress":"$EQ$138","bodyAddress":"$EQ$139:$EQ$175","_name":"основное"},"корректировка факт":{"_level":2,"parentID":"d117c660-e92a-4129-b174-4729cfbf4a6e","firstParentID":"7c8e941f-74e0-4627-9993-5285d620343f","ID":"d7e05788-20da-4e93-8a2b-b4447abb0c54","childs":null,"emcosID":null,"emcosMLID":null,"codMaketTEP":null,"codTEP":null,"WSName":"DB","rangeAddress":"$ER$138:$ER$175","headAddress":"$ER$138","bodyAddress":"$ER$139:$ER$175","_name":"корректировка факт"},"ручное":{"_level":2,"parentID":"d117c660-e92a-4129-b174-4729cfbf4a6e","firstParentID":"7c8e941f-74e0-4627-9993-5285d620343f","ID":"68800334-6903-432b-a26b-a29125105acd","childs":null,"emcosID":null,"emcosMLID":null,"codMaketTEP":null,"codTEP":null,"WSName":"DB","rangeAddress":"$ES$138:$ES$175","headAddress":"$ES$138","bodyAddress":"$ES$139:$ES$175","_name":"ручное"}},"emcosID":null,"emcosMLID":null,"codMaketTEP":null,"codTEP":null,"WSName":"DB","rangeAddress":"$EP$137:$ES$175","headAddress":"$EP$137:$ES$137","bodyAddress":"$EP$138:$ES$175","_name":"прием"},"отдача":{"_level":1,"parentID":"ac2a5018-a173-4ca9-931f-5cf8d8004ccc","firstParentID":"7c8e941f-74e0-4627-9993-5285d620343f","ID":"dcc96c35-d98b-48c1-b478-9f1783234571","childs":{"код":{"_level":2,"parentID":"dcc96c35-d98b-48c1-b478-9f1783234571","firstParentID":"7c8e941f-74e0-4627-9993-5285d620343f","ID":"855bbe4c-7885-4190-b961-2420f584dea5","childs":null,"emcosID":null,"emcosMLID":null,"codMaketTEP":null,"codTEP":null,"WSName":"DB","rangeAddress":"$ET$138:$ET$175","headAddress":"$ET$138","bodyAddress":"$ET$139:$ET$175","_name":"код"},"основное":{"_level":2,"parentID":"dcc96c35-d98b-48c1-b478-9f1783234571","firstParentID":"7c8e941f-74e0-4627-9993-5285d620343f","ID":"f3d825eb-003b-4eba-8b69-cb214856b433","childs":null,"emcosID":null,"emcosMLID":null,"codMaketTEP":null,"codTEP":null,"WSName":"DB","rangeAddress":"$EU$138:$EU$175","headAddress":"$EU$138","bodyAddress":"$EU$139:$EU$175","_name":"основное"},"корректировка факт":{"_level":2,"parentID":"dcc96c35-d98b-48c1-b478-9f1783234571","firstParentID":"7c8e941f-74e0-4627-9993-5285d620343f","ID":"f15ef65a-1ee7-4bd9-8915-4ec12b369570","childs":null,"emcosID":null,"emcosMLID":null,"codMaketTEP":null,"codTEP":null,"WSName":"DB","rangeAddress":"$EV$138:$EV$175","headAddress":"$EV$138","bodyAddress":"$EV$139:$EV$175","_name":"корректировка факт"},"ручное":{"_level":2,"parentID":"dcc96c35-d98b-48c1-b478-9f1783234571","firstParentID":"7c8e941f-74e0-4627-9993-5285d620343f","ID":"03524d51-3bb2-424f-bed1-a5e61ec8a144","childs":null,"emcosID":null,"emcosMLID":null,"codMaketTEP":null,"codTEP":null,"WSName":"DB","rangeAddress":"$EW$138:$EW$175","headAddress":"$EW$138","bodyAddress":"$EW$139:$EW$175","_name":"ручное"}},"emcosID":null,"emcosMLID":null,"codMaketTEP":null,"codTEP":null,"WSName":"DB","rangeAddress":"$ET$137:$EW$175","headAddress":"$ET$137:$EW$137","bodyAddress":"$ET$138:$EW$175","_name":"отдача"}},"emcosID":null,"emcosMLID":null,"codMaketTEP":null,"codTEP":null,"WSName":"DB","rangeAddress":"$EP$136:$EW$175","headAddress":"$EP$136:$EW$136","bodyAddress":"$EP$137:$EW$175","_name":"ТП3 Чиганак тяга"}},"codPlan":null,"meterCoef":null,"_name":"ТП3 Чиганак тяга"}