{"ID":"7dbb1110-6758-490b-aad0-92cbd011e38b","childs":{"PS":{"_level":0,"parentID":"7dbb1110-6758-490b-aad0-92cbd011e38b","firstParentID":"7dbb1110-6758-490b-aad0-92cbd011e38b","ID":"6b3ae9a8-fea1-4dad-96f0-6565a4a4756b","childs":{"прием":{"_level":1,"parentID":"6b3ae9a8-fea1-4dad-96f0-6565a4a4756b","firstParentID":"7dbb1110-6758-490b-aad0-92cbd011e38b","ID":"a7c18c0e-0c7e-48d8-8f0f-49edfd7057c6","childs":{"ручное":{"_level":2,"parentID":"a7c18c0e-0c7e-48d8-8f0f-49edfd7057c6","firstParentID":"7dbb1110-6758-490b-aad0-92cbd011e38b","ID":"4cf46985-f260-4316-ae30-6cb1bed660d4","childs":null,"emcosID":null,"emcosMLID":null,"codMaketTEP":null,"codTEP":null,"WSName":"PS","rangeAddress":"$P$99:$P$135","headAddress":"$P$99","bodyAddress":"$P$100:$P$135","_name":"ручное"}},"emcosID":null,"emcosMLID":null,"codMaketTEP":null,"codTEP":null,"WSName":"PS","rangeAddress":"$P$98:$P$135","headAddress":"$P$98","bodyAddress":"$P$99:$P$135","_name":"прием"},"отдача":{"_level":1,"parentID":"6b3ae9a8-fea1-4dad-96f0-6565a4a4756b","firstParentID":"7dbb1110-6758-490b-aad0-92cbd011e38b","ID":"84d9c963-0483-4848-b070-1bf5195e11ec","childs":{"оперативное":{"_level":2,"parentID":"84d9c963-0483-4848-b070-1bf5195e11ec","firstParentID":"7dbb1110-6758-490b-aad0-92cbd011e38b","ID":"f44addf1-8830-4561-9a1c-06d4e72b3f35","childs":null,"emcosID":null,"emcosMLID":null,"codMaketTEP":null,"codTEP":null,"WSName":"PS","rangeAddress":"$Q$99:$Q$135","headAddress":"$Q$99","bodyAddress":"$Q$100:$Q$135","_name":"оперативное"}},"emcosID":null,"emcosMLID":null,"codMaketTEP":null,"codTEP":null,"WSName":"PS","rangeAddress":"$Q$98:$Q$135","headAddress":"$Q$98","bodyAddress":"$Q$99:$Q$135","_name":"отдача"}},"emcosID":null,"emcosMLID":null,"codMaketTEP":null,"codTEP":null,"WSName":"PS","rangeAddress":"$P$97:$Q$135","headAddress":"$P$97:$Q$97","bodyAddress":"$P$98:$Q$135","_name":"Л168А ОРУ 220 АТЭЦ3"},"DB":{"_level":0,"parentID":"7dbb1110-6758-490b-aad0-92cbd011e38b","firstParentID":"7dbb1110-6758-490b-aad0-92cbd011e38b","ID":"d24c4962-cc4d-4c38-b25e-dc3e782ea46d","childs":{"прием":{"_level":1,"parentID":"d24c4962-cc4d-4c38-b25e-dc3e782ea46d","firstParentID":"7dbb1110-6758-490b-aad0-92cbd011e38b","ID":"fd38dd32-842f-481a-ab8c-c47d7463eedd","childs":{"код":{"_level":2,"parentID":"fd38dd32-842f-481a-ab8c-c47d7463eedd","firstParentID":"7dbb1110-6758-490b-aad0-92cbd011e38b","ID":"67e378c6-4375-4460-b234-560caa31e76f","childs":null,"emcosID":null,"emcosMLID":null,"codMaketTEP":null,"codTEP":null,"WSName":"DB","rangeAddress":"$HF$353:$HF$390","headAddress":"$HF$353","bodyAddress":"$HF$354:$HF$390","_name":"код"},"основное":{"_level":2,"parentID":"fd38dd32-842f-481a-ab8c-c47d7463eedd","firstParentID":"7dbb1110-6758-490b-aad0-92cbd011e38b","ID":"ba01fefc-b1bb-4dfd-a54e-38ce01a87207","childs":null,"emcosID":null,"emcosMLID":null,"codMaketTEP":null,"codTEP":null,"WSName":"DB","rangeAddress":"$HG$353:$HG$390","headAddress":"$HG$353","bodyAddress":"$HG$354:$HG$390","_name":"основное"},"корректировка факт":{"_level":2,"parentID":"fd38dd32-842f-481a-ab8c-c47d7463eedd","firstParentID":"7dbb1110-6758-490b-aad0-92cbd011e38b","ID":"e463a259-3f7e-45f2-a44e-fced6f72cb27","childs":null,"emcosID":null,"emcosMLID":null,"codMaketTEP":null,"codTEP":null,"WSName":"DB","rangeAddress":"$HH$353:$HH$390","headAddress":"$HH$353","bodyAddress":"$HH$354:$HH$390","_name":"корректировка факт"},"ручное":{"_level":2,"parentID":"fd38dd32-842f-481a-ab8c-c47d7463eedd","firstParentID":"7dbb1110-6758-490b-aad0-92cbd011e38b","ID":"98684b6b-b1c1-4f80-bb8f-9e3c94126467","childs":null,"emcosID":null,"emcosMLID":null,"codMaketTEP":null,"codTEP":null,"WSName":"DB","rangeAddress":"$HI$353:$HI$390","headAddress":"$HI$353","bodyAddress":"$HI$354:$HI$390","_name":"ручное"},"оперативное":{"_level":2,"parentID":"fd38dd32-842f-481a-ab8c-c47d7463eedd","firstParentID":"7dbb1110-6758-490b-aad0-92cbd011e38b","ID":"4f1725aa-d477-4c35-b3b3-c2f2184a3a89","childs":null,"emcosID":null,"emcosMLID":null,"codMaketTEP":null,"codTEP":null,"WSName":"DB","rangeAddress":"$HJ$353:$HJ$390","headAddress":"$HJ$353","bodyAddress":"$HJ$354:$HJ$390","_name":"оперативное"}},"emcosID":null,"emcosMLID":null,"codMaketTEP":null,"codTEP":null,"WSName":"DB","rangeAddress":"$HF$352:$HJ$390","headAddress":"$HF$352:$HJ$352","bodyAddress":"$HF$353:$HJ$390","_name":"прием"},"отдача":{"_level":1,"parentID":"d24c4962-cc4d-4c38-b25e-dc3e782ea46d","firstParentID":"7dbb1110-6758-490b-aad0-92cbd011e38b","ID":"3ed4134a-01fb-4b64-88fe-ddadf5a3c6fc","childs":{"код":{"_level":2,"parentID":"3ed4134a-01fb-4b64-88fe-ddadf5a3c6fc","firstParentID":"7dbb1110-6758-490b-aad0-92cbd011e38b","ID":"0c300f02-befc-42ed-a66b-2fd75a2085b9","childs":null,"emcosID":null,"emcosMLID":null,"codMaketTEP":null,"codTEP":null,"WSName":"DB","rangeAddress":"$HK$353:$HK$390","headAddress":"$HK$353","bodyAddress":"$HK$354:$HK$390","_name":"код"},"основное":{"_level":2,"parentID":"3ed4134a-01fb-4b64-88fe-ddadf5a3c6fc","firstParentID":"7dbb1110-6758-490b-aad0-92cbd011e38b","ID":"d7376fcb-26c0-4875-957e-eca25a097fca","childs":null,"emcosID":null,"emcosMLID":null,"codMaketTEP":null,"codTEP":null,"WSName":"DB","rangeAddress":"$HL$353:$HL$390","headAddress":"$HL$353","bodyAddress":"$HL$354:$HL$390","_name":"основное"},"корректировка факт":{"_level":2,"parentID":"3ed4134a-01fb-4b64-88fe-ddadf5a3c6fc","firstParentID":"7dbb1110-6758-490b-aad0-92cbd011e38b","ID":"8d2ed149-c812-4fcb-be68-68ab393b1ef0","childs":null,"emcosID":null,"emcosMLID":null,"codMaketTEP":null,"codTEP":null,"WSName":"DB","rangeAddress":"$HM$353:$HM$390","headAddress":"$HM$353","bodyAddress":"$HM$354:$HM$390","_name":"корректировка факт"},"ручное":{"_level":2,"parentID":"3ed4134a-01fb-4b64-88fe-ddadf5a3c6fc","firstParentID":"7dbb1110-6758-490b-aad0-92cbd011e38b","ID":"9540cf8d-2ac1-4f75-8ea3-dcf19c449b95","childs":null,"emcosID":null,"emcosMLID":null,"codMaketTEP":null,"codTEP":null,"WSName":"DB","rangeAddress":"$HN$353:$HN$390","headAddress":"$HN$353","bodyAddress":"$HN$354:$HN$390","_name":"ручное"},"оперативное":{"_level":2,"parentID":"3ed4134a-01fb-4b64-88fe-ddadf5a3c6fc","firstParentID":"7dbb1110-6758-490b-aad0-92cbd011e38b","ID":"3e31a611-c8a7-49b0-bea2-72423097ea9a","childs":null,"emcosID":null,"emcosMLID":null,"codMaketTEP":null,"codTEP":null,"WSName":"DB","rangeAddress":"$HO$353:$HO$390","headAddress":"$HO$353","bodyAddress":"$HO$354:$HO$390","_name":"оперативное"}},"emcosID":null,"emcosMLID":null,"codMaketTEP":null,"codTEP":null,"WSName":"DB","rangeAddress":"$HK$352:$HO$390","headAddress":"$HK$352:$HO$352","bodyAddress":"$HK$353:$HO$390","_name":"отдача"}},"emcosID":null,"emcosMLID":null,"codMaketTEP":null,"codTEP":null,"WSName":"DB","rangeAddress":"$HF$351:$HO$390","headAddress":"$HF$351:$HO$351","bodyAddress":"$HF$352:$HO$390","_name":"Л168А ОРУ 220 АТЭЦ3"}},"codPlan":null,"meterCoef":null,"_name":"Л168А ОРУ 220 АТЭЦ3"}