{"ID":"7f572749-7605-4bfa-9f58-8e2bbd198321","childs":{"PS":{"_level":0,"parentID":"7f572749-7605-4bfa-9f58-8e2bbd198321","firstParentID":"7f572749-7605-4bfa-9f58-8e2bbd198321","ID":"2fd8d29c-e5fe-488c-945a-ef4de54dd922","childs":{"отдача":{"_level":1,"parentID":"2fd8d29c-e5fe-488c-945a-ef4de54dd922","firstParentID":"7f572749-7605-4bfa-9f58-8e2bbd198321","ID":"80e0310a-68c1-4c55-8cde-168a3ff46549","childs":{"оперативное":{"_level":2,"parentID":"80e0310a-68c1-4c55-8cde-168a3ff46549","firstParentID":"7f572749-7605-4bfa-9f58-8e2bbd198321","ID":"bfa7c3b1-bb38-4a45-af58-ada6c8bc6c00","childs":null,"emcosID":null,"emcosMLID":null,"codMaketTEP":null,"codTEP":null,"WSName":"PS","rangeAddress":"$DQ$185:$DQ$221","headAddress":"$DQ$185","bodyAddress":"$DQ$186:$DQ$221","_name":"оперативное"}},"emcosID":null,"emcosMLID":null,"codMaketTEP":null,"codTEP":null,"WSName":"PS","rangeAddress":"$DQ$184:$DQ$221","headAddress":"$DQ$184","bodyAddress":"$DQ$185:$DQ$221","_name":"отдача"}},"emcosID":null,"emcosMLID":null,"codMaketTEP":null,"codTEP":null,"WSName":"PS","rangeAddress":"$DQ$183:$DQ$221","headAddress":"$DQ$183","bodyAddress":"$DQ$184:$DQ$221","_name":"Генерация ВЭС Шелек Самрук Грин Энерджи"},"DB":{"_level":0,"parentID":"7f572749-7605-4bfa-9f58-8e2bbd198321","firstParentID":"7f572749-7605-4bfa-9f58-8e2bbd198321","ID":"90a394c8-9214-484c-9f73-1773397de248","childs":{"отдача":{"_level":1,"parentID":"90a394c8-9214-484c-9f73-1773397de248","firstParentID":"7f572749-7605-4bfa-9f58-8e2bbd198321","ID":"4c028612-2661-451e-9ef3-e416b7d0bf5c","childs":{"код":{"_level":2,"parentID":"4c028612-2661-451e-9ef3-e416b7d0bf5c","firstParentID":"7f572749-7605-4bfa-9f58-8e2bbd198321","ID":"6832e6da-3242-4f87-bee7-02bb53f5e290","childs":null,"emcosID":null,"emcosMLID":null,"codMaketTEP":null,"codTEP":null,"WSName":"DB","rangeAddress":"$EY$267:$EY$304","headAddress":"$EY$267","bodyAddress":"$EY$268:$EY$304","_name":"код"},"основное":{"_level":2,"parentID":"4c028612-2661-451e-9ef3-e416b7d0bf5c","firstParentID":"7f572749-7605-4bfa-9f58-8e2bbd198321","ID":"7bde5bfc-94f9-4077-9b4b-90779c153604","childs":null,"emcosID":null,"emcosMLID":null,"codMaketTEP":null,"codTEP":null,"WSName":"DB","rangeAddress":"$EZ$267:$EZ$304","headAddress":"$EZ$267","bodyAddress":"$EZ$268:$EZ$304","_name":"основное"},"корректировка факт":{"_level":2,"parentID":"4c028612-2661-451e-9ef3-e416b7d0bf5c","firstParentID":"7f572749-7605-4bfa-9f58-8e2bbd198321","ID":"b37ce055-dafb-4316-a818-1551c88e8317","childs":null,"emcosID":null,"emcosMLID":null,"codMaketTEP":null,"codTEP":null,"WSName":"DB","rangeAddress":"$FA$267:$FA$304","headAddress":"$FA$267","bodyAddress":"$FA$268:$FA$304","_name":"корректировка факт"},"ручное":{"_level":2,"parentID":"4c028612-2661-451e-9ef3-e416b7d0bf5c","firstParentID":"7f572749-7605-4bfa-9f58-8e2bbd198321","ID":"ab0b2559-d523-4d57-8def-c83533c1f025","childs":null,"emcosID":null,"emcosMLID":null,"codMaketTEP":null,"codTEP":null,"WSName":"DB","rangeAddress":"$FB$267:$FB$304","headAddress":"$FB$267","bodyAddress":"$FB$268:$FB$304","_name":"ручное"},"оперативное":{"_level":2,"parentID":"4c028612-2661-451e-9ef3-e416b7d0bf5c","firstParentID":"7f572749-7605-4bfa-9f58-8e2bbd198321","ID":"189ec82f-1157-44d2-8ef9-85e0d2e698ac","childs":null,"emcosID":null,"emcosMLID":null,"codMaketTEP":null,"codTEP":null,"WSName":"DB","rangeAddress":"$FC$267:$FC$304","headAddress":"$FC$267","bodyAddress":"$FC$268:$FC$304","_name":"оперативное"}},"emcosID":null,"emcosMLID":null,"codMaketTEP":null,"codTEP":null,"WSName":"DB","rangeAddress":"$EY$266:$FC$304","headAddress":"$EY$266:$FC$266","bodyAddress":"$EY$267:$FC$304","_name":"отдача"}},"emcosID":null,"emcosMLID":null,"codMaketTEP":null,"codTEP":null,"WSName":"DB","rangeAddress":"$EY$265:$FC$304","headAddress":"$EY$265:$FC$265","bodyAddress":"$EY$266:$FC$304","_name":"Генерация ВЭС Шелек Самрук Грин Энерджи"}},"codPlan":null,"meterCoef":null,"_name":"Генерация ВЭС Шелек Самрук Грин Энерджи"}