{"ID":"7f572749-7605-4bfa-9f58-8e2bbd198321","childs":{"PS":{"_level":0,"parentID":"7f572749-7605-4bfa-9f58-8e2bbd198321","firstParentID":"7f572749-7605-4bfa-9f58-8e2bbd198321","ID":"2fd8d29c-e5fe-488c-945a-ef4de54dd922","childs":{"отдача":{"_level":1,"parentID":"2fd8d29c-e5fe-488c-945a-ef4de54dd922","firstParentID":"7f572749-7605-4bfa-9f58-8e2bbd198321","ID":"80e0310a-68c1-4c55-8cde-168a3ff46549","childs":{"оперативное":{"_level":2,"parentID":"80e0310a-68c1-4c55-8cde-168a3ff46549","firstParentID":"7f572749-7605-4bfa-9f58-8e2bbd198321","ID":"bfa7c3b1-bb38-4a45-af58-ada6c8bc6c00","childs":null,"emcosID":null,"emcosMLID":null,"codMaketTEP":null,"codTEP":null,"WSName":"PS","rangeAddress":"$DO$185:$DO$221","headAddress":"$DO$185","bodyAddress":"$DO$186:$DO$221","_name":"оперативное"}},"emcosID":null,"emcosMLID":null,"codMaketTEP":null,"codTEP":null,"WSName":"PS","rangeAddress":"$DO$184:$DO$221","headAddress":"$DO$184","bodyAddress":"$DO$185:$DO$221","_name":"отдача"}},"emcosID":null,"emcosMLID":null,"codMaketTEP":null,"codTEP":null,"WSName":"PS","rangeAddress":"$DO$183:$DO$221","headAddress":"$DO$183","bodyAddress":"$DO$184:$DO$221","_name":"Генерация ВЭС Шелек Самрук Грин Энерджи"},"DB":{"_level":0,"parentID":"7f572749-7605-4bfa-9f58-8e2bbd198321","firstParentID":"7f572749-7605-4bfa-9f58-8e2bbd198321","ID":"90a394c8-9214-484c-9f73-1773397de248","childs":{"отдача":{"_level":1,"parentID":"90a394c8-9214-484c-9f73-1773397de248","firstParentID":"7f572749-7605-4bfa-9f58-8e2bbd198321","ID":"4c028612-2661-451e-9ef3-e416b7d0bf5c","childs":{"код":{"_level":2,"parentID":"4c028612-2661-451e-9ef3-e416b7d0bf5c","firstParentID":"7f572749-7605-4bfa-9f58-8e2bbd198321","ID":"6832e6da-3242-4f87-bee7-02bb53f5e290","childs":null,"emcosID":null,"emcosMLID":null,"codMaketTEP":null,"codTEP":null,"WSName":"DB","rangeAddress":"$GE$267:$GE$304","headAddress":"$GE$267","bodyAddress":"$GE$268:$GE$304","_name":"код"},"основное":{"_level":2,"parentID":"4c028612-2661-451e-9ef3-e416b7d0bf5c","firstParentID":"7f572749-7605-4bfa-9f58-8e2bbd198321","ID":"7bde5bfc-94f9-4077-9b4b-90779c153604","childs":null,"emcosID":null,"emcosMLID":null,"codMaketTEP":null,"codTEP":null,"WSName":"DB","rangeAddress":"$GF$267:$GF$304","headAddress":"$GF$267","bodyAddress":"$GF$268:$GF$304","_name":"основное"},"корректировка факт":{"_level":2,"parentID":"4c028612-2661-451e-9ef3-e416b7d0bf5c","firstParentID":"7f572749-7605-4bfa-9f58-8e2bbd198321","ID":"b37ce055-dafb-4316-a818-1551c88e8317","childs":null,"emcosID":null,"emcosMLID":null,"codMaketTEP":null,"codTEP":null,"WSName":"DB","rangeAddress":"$GG$267:$GG$304","headAddress":"$GG$267","bodyAddress":"$GG$268:$GG$304","_name":"корректировка факт"},"ручное":{"_level":2,"parentID":"4c028612-2661-451e-9ef3-e416b7d0bf5c","firstParentID":"7f572749-7605-4bfa-9f58-8e2bbd198321","ID":"ab0b2559-d523-4d57-8def-c83533c1f025","childs":null,"emcosID":null,"emcosMLID":null,"codMaketTEP":null,"codTEP":null,"WSName":"DB","rangeAddress":"$GH$267:$GH$304","headAddress":"$GH$267","bodyAddress":"$GH$268:$GH$304","_name":"ручное"},"оперативное":{"_level":2,"parentID":"4c028612-2661-451e-9ef3-e416b7d0bf5c","firstParentID":"7f572749-7605-4bfa-9f58-8e2bbd198321","ID":"189ec82f-1157-44d2-8ef9-85e0d2e698ac","childs":null,"emcosID":null,"emcosMLID":null,"codMaketTEP":null,"codTEP":null,"WSName":"DB","rangeAddress":"$GI$267:$GI$304","headAddress":"$GI$267","bodyAddress":"$GI$268:$GI$304","_name":"оперативное"}},"emcosID":null,"emcosMLID":null,"codMaketTEP":null,"codTEP":null,"WSName":"DB","rangeAddress":"$GE$266:$GI$304","headAddress":"$GE$266:$GI$266","bodyAddress":"$GE$267:$GI$304","_name":"отдача"}},"emcosID":null,"emcosMLID":null,"codMaketTEP":null,"codTEP":null,"WSName":"DB","rangeAddress":"$GE$265:$GI$304","headAddress":"$GE$265:$GI$265","bodyAddress":"$GE$266:$GI$304","_name":"Генерация ВЭС Шелек Самрук Грин Энерджи"}},"codPlan":null,"meterCoef":null,"_name":"Генерация ВЭС Шелек Самрук Грин Энерджи"}