{"ID":"8019ae1f-7321-4e9c-97dd-a01cb81acb24","childs":{"PS":{"_level":0,"parentID":"8019ae1f-7321-4e9c-97dd-a01cb81acb24","firstParentID":"8019ae1f-7321-4e9c-97dd-a01cb81acb24","ID":"bcb09877-9f92-424c-8575-5adb06e4c558","childs":{"отдача":{"_level":1,"parentID":"bcb09877-9f92-424c-8575-5adb06e4c558","firstParentID":"8019ae1f-7321-4e9c-97dd-a01cb81acb24","ID":"19214fcf-f1ad-4c01-81b3-fc8671997cbe","childs":{"формула":{"_level":2,"parentID":"19214fcf-f1ad-4c01-81b3-fc8671997cbe","firstParentID":"8019ae1f-7321-4e9c-97dd-a01cb81acb24","ID":"2cd08c8a-9fb4-40df-a9f2-7829294e3515","childs":null,"emcosID":null,"emcosMLID":null,"codMaketTEP":null,"codTEP":null,"WSName":"PS","rangeAddress":"$AM$185:$AM$221","headAddress":"$AM$185","bodyAddress":"$AM$186:$AM$221","_name":"формула"}},"emcosID":null,"emcosMLID":null,"codMaketTEP":null,"codTEP":null,"WSName":"PS","rangeAddress":"$AM$184:$AM$221","headAddress":"$AM$184","bodyAddress":"$AM$185:$AM$221","_name":"отдача"}},"emcosID":null,"emcosMLID":null,"codMaketTEP":null,"codTEP":null,"WSName":"PS","rangeAddress":"$AM$183:$AM$221","headAddress":"$AM$183","bodyAddress":"$AM$184:$AM$221","_name":"Отпуск в сеть Mistral Energy СЭС Каскелен 50"},"DB":{"_level":0,"parentID":"8019ae1f-7321-4e9c-97dd-a01cb81acb24","firstParentID":"8019ae1f-7321-4e9c-97dd-a01cb81acb24","ID":"a4ccc24e-050b-46f8-aca0-368cd40aa2e5","childs":{"отдача":{"_level":1,"parentID":"a4ccc24e-050b-46f8-aca0-368cd40aa2e5","firstParentID":"8019ae1f-7321-4e9c-97dd-a01cb81acb24","ID":"83e4d8b8-6919-4ee7-a289-aed3157408c4","childs":{"код":{"_level":2,"parentID":"83e4d8b8-6919-4ee7-a289-aed3157408c4","firstParentID":"8019ae1f-7321-4e9c-97dd-a01cb81acb24","ID":"a8c0eb03-077e-40d5-921c-e7b86618a1bb","childs":null,"emcosID":null,"emcosMLID":null,"codMaketTEP":null,"codTEP":null,"WSName":"DB","rangeAddress":"$BY$396:$BY$433","headAddress":"$BY$396","bodyAddress":"$BY$397:$BY$433","_name":"код"},"основное":{"_level":2,"parentID":"83e4d8b8-6919-4ee7-a289-aed3157408c4","firstParentID":"8019ae1f-7321-4e9c-97dd-a01cb81acb24","ID":"289855ef-4a81-455b-92c1-7a605ef5e7b4","childs":null,"emcosID":null,"emcosMLID":null,"codMaketTEP":null,"codTEP":null,"WSName":"DB","rangeAddress":"$BZ$396:$BZ$433","headAddress":"$BZ$396","bodyAddress":"$BZ$397:$BZ$433","_name":"основное"},"корректировка факт":{"_level":2,"parentID":"83e4d8b8-6919-4ee7-a289-aed3157408c4","firstParentID":"8019ae1f-7321-4e9c-97dd-a01cb81acb24","ID":"fa9b92cd-df8c-457e-a526-74dbaaca7f63","childs":null,"emcosID":null,"emcosMLID":null,"codMaketTEP":null,"codTEP":null,"WSName":"DB","rangeAddress":"$CA$396:$CA$433","headAddress":"$CA$396","bodyAddress":"$CA$397:$CA$433","_name":"корректировка факт"},"ручное":{"_level":2,"parentID":"83e4d8b8-6919-4ee7-a289-aed3157408c4","firstParentID":"8019ae1f-7321-4e9c-97dd-a01cb81acb24","ID":"9f48bcbe-720e-4682-873c-5cab8c436752","childs":null,"emcosID":null,"emcosMLID":null,"codMaketTEP":null,"codTEP":null,"WSName":"DB","rangeAddress":"$CB$396:$CB$433","headAddress":"$CB$396","bodyAddress":"$CB$397:$CB$433","_name":"ручное"},"формула":{"_level":2,"parentID":"83e4d8b8-6919-4ee7-a289-aed3157408c4","firstParentID":"8019ae1f-7321-4e9c-97dd-a01cb81acb24","ID":"5af31071-5bce-4ffc-84b5-63ec105741c0","childs":null,"emcosID":null,"emcosMLID":null,"codMaketTEP":null,"codTEP":null,"WSName":"DB","rangeAddress":"$CC$396:$CC$433","headAddress":"$CC$396","bodyAddress":"$CC$397:$CC$433","_name":"формула"}},"emcosID":null,"emcosMLID":null,"codMaketTEP":null,"codTEP":null,"WSName":"DB","rangeAddress":"$BY$395:$CC$433","headAddress":"$BY$395:$CC$395","bodyAddress":"$BY$396:$CC$433","_name":"отдача"}},"emcosID":null,"emcosMLID":null,"codMaketTEP":null,"codTEP":null,"WSName":"DB","rangeAddress":"$BY$394:$CC$433","headAddress":"$BY$394:$CC$394","bodyAddress":"$BY$395:$CC$433","_name":"Отпуск в сеть Mistral Energy СЭС Каскелен 50"}},"codPlan":null,"meterCoef":null,"_name":"Отпуск в сеть Mistral Energy СЭС Каскелен 50"}