{"ID":"81859503-3566-456a-8d20-7a9eba28d564","childs":{"PS":{"_level":0,"parentID":"81859503-3566-456a-8d20-7a9eba28d564","firstParentID":"81859503-3566-456a-8d20-7a9eba28d564","ID":"b3749a39-0ee7-48be-8117-19d554fa2880","childs":{"прием":{"_level":1,"parentID":"b3749a39-0ee7-48be-8117-19d554fa2880","firstParentID":"81859503-3566-456a-8d20-7a9eba28d564","ID":"a1e25fb8-6d50-4e5a-b28d-58a4c7f60f99","childs":{"ручное":{"_level":2,"parentID":"a1e25fb8-6d50-4e5a-b28d-58a4c7f60f99","firstParentID":"81859503-3566-456a-8d20-7a9eba28d564","ID":"97c472ae-a597-4315-8f11-cbdf80e3a933","childs":null,"emcosID":null,"emcosMLID":null,"codMaketTEP":null,"codTEP":null,"WSName":"PS","rangeAddress":"$GY$99:$GY$135","headAddress":"$GY$99","bodyAddress":"$GY$100:$GY$135","_name":"ручное"}},"emcosID":null,"emcosMLID":null,"codMaketTEP":null,"codTEP":null,"WSName":"PS","rangeAddress":"$GY$98:$GY$135","headAddress":"$GY$98","bodyAddress":"$GY$99:$GY$135","_name":"прием"},"отдача":{"_level":1,"parentID":"b3749a39-0ee7-48be-8117-19d554fa2880","firstParentID":"81859503-3566-456a-8d20-7a9eba28d564","ID":"4db60002-cd0c-4423-adb1-17ee65ed1f94","childs":{"ручное":{"_level":2,"parentID":"4db60002-cd0c-4423-adb1-17ee65ed1f94","firstParentID":"81859503-3566-456a-8d20-7a9eba28d564","ID":"1cda1612-fcc0-4125-9690-dded7d4aec90","childs":null,"emcosID":null,"emcosMLID":null,"codMaketTEP":null,"codTEP":null,"WSName":"PS","rangeAddress":"$GZ$99:$GZ$135","headAddress":"$GZ$99","bodyAddress":"$GZ$100:$GZ$135","_name":"ручное"}},"emcosID":null,"emcosMLID":null,"codMaketTEP":null,"codTEP":null,"WSName":"PS","rangeAddress":"$GZ$98:$GZ$135","headAddress":"$GZ$98","bodyAddress":"$GZ$99:$GZ$135","_name":"отдача"}},"emcosID":null,"emcosMLID":null,"codMaketTEP":null,"codTEP":null,"WSName":"PS","rangeAddress":"$GY$97:$GZ$135","headAddress":"$GY$97:$GZ$97","bodyAddress":"$GY$98:$GZ$135","_name":"ТП2 Чиганак тяга"},"DB":{"_level":0,"parentID":"81859503-3566-456a-8d20-7a9eba28d564","firstParentID":"81859503-3566-456a-8d20-7a9eba28d564","ID":"027fbf77-573b-43df-a444-9ab384895151","childs":{"прием":{"_level":1,"parentID":"027fbf77-573b-43df-a444-9ab384895151","firstParentID":"81859503-3566-456a-8d20-7a9eba28d564","ID":"2a97e2da-179c-4220-bb2d-b89d9ea81a76","childs":{"код":{"_level":2,"parentID":"2a97e2da-179c-4220-bb2d-b89d9ea81a76","firstParentID":"81859503-3566-456a-8d20-7a9eba28d564","ID":"44d2a2a1-f906-4b76-8585-1ec12cdeb61e","childs":null,"emcosID":null,"emcosMLID":null,"codMaketTEP":null,"codTEP":null,"WSName":"DB","rangeAddress":"$GJ$138:$GJ$175","headAddress":"$GJ$138","bodyAddress":"$GJ$139:$GJ$175","_name":"код"},"основное":{"_level":2,"parentID":"2a97e2da-179c-4220-bb2d-b89d9ea81a76","firstParentID":"81859503-3566-456a-8d20-7a9eba28d564","ID":"5f594655-fade-4fb1-87f1-67f57564b03c","childs":null,"emcosID":null,"emcosMLID":null,"codMaketTEP":null,"codTEP":null,"WSName":"DB","rangeAddress":"$GK$138:$GK$175","headAddress":"$GK$138","bodyAddress":"$GK$139:$GK$175","_name":"основное"},"корректировка факт":{"_level":2,"parentID":"2a97e2da-179c-4220-bb2d-b89d9ea81a76","firstParentID":"81859503-3566-456a-8d20-7a9eba28d564","ID":"7caede84-6848-4c10-b72c-ed4a9a673f3a","childs":null,"emcosID":null,"emcosMLID":null,"codMaketTEP":null,"codTEP":null,"WSName":"DB","rangeAddress":"$GL$138:$GL$175","headAddress":"$GL$138","bodyAddress":"$GL$139:$GL$175","_name":"корректировка факт"},"ручное":{"_level":2,"parentID":"2a97e2da-179c-4220-bb2d-b89d9ea81a76","firstParentID":"81859503-3566-456a-8d20-7a9eba28d564","ID":"04d2e1ec-bf61-430a-b102-1adde59cfa65","childs":null,"emcosID":null,"emcosMLID":null,"codMaketTEP":null,"codTEP":null,"WSName":"DB","rangeAddress":"$GM$138:$GM$175","headAddress":"$GM$138","bodyAddress":"$GM$139:$GM$175","_name":"ручное"}},"emcosID":null,"emcosMLID":null,"codMaketTEP":null,"codTEP":null,"WSName":"DB","rangeAddress":"$GJ$137:$GM$175","headAddress":"$GJ$137:$GM$137","bodyAddress":"$GJ$138:$GM$175","_name":"прием"},"отдача":{"_level":1,"parentID":"027fbf77-573b-43df-a444-9ab384895151","firstParentID":"81859503-3566-456a-8d20-7a9eba28d564","ID":"f3581f07-d5db-44a9-915d-5b514849d7dc","childs":{"код":{"_level":2,"parentID":"f3581f07-d5db-44a9-915d-5b514849d7dc","firstParentID":"81859503-3566-456a-8d20-7a9eba28d564","ID":"7fb47ddf-929c-4f61-b061-6fd05f564407","childs":null,"emcosID":null,"emcosMLID":null,"codMaketTEP":null,"codTEP":null,"WSName":"DB","rangeAddress":"$GN$138:$GN$175","headAddress":"$GN$138","bodyAddress":"$GN$139:$GN$175","_name":"код"},"основное":{"_level":2,"parentID":"f3581f07-d5db-44a9-915d-5b514849d7dc","firstParentID":"81859503-3566-456a-8d20-7a9eba28d564","ID":"7a7a59ec-dff8-4b8d-b3bb-a6e462bcb89e","childs":null,"emcosID":null,"emcosMLID":null,"codMaketTEP":null,"codTEP":null,"WSName":"DB","rangeAddress":"$GO$138:$GO$175","headAddress":"$GO$138","bodyAddress":"$GO$139:$GO$175","_name":"основное"},"корректировка факт":{"_level":2,"parentID":"f3581f07-d5db-44a9-915d-5b514849d7dc","firstParentID":"81859503-3566-456a-8d20-7a9eba28d564","ID":"994d95e1-c18e-4e26-aef3-9817a46a522c","childs":null,"emcosID":null,"emcosMLID":null,"codMaketTEP":null,"codTEP":null,"WSName":"DB","rangeAddress":"$GP$138:$GP$175","headAddress":"$GP$138","bodyAddress":"$GP$139:$GP$175","_name":"корректировка факт"},"ручное":{"_level":2,"parentID":"f3581f07-d5db-44a9-915d-5b514849d7dc","firstParentID":"81859503-3566-456a-8d20-7a9eba28d564","ID":"7009338f-ce29-4abb-9042-f0ba25658d0b","childs":null,"emcosID":null,"emcosMLID":null,"codMaketTEP":null,"codTEP":null,"WSName":"DB","rangeAddress":"$GQ$138:$GQ$175","headAddress":"$GQ$138","bodyAddress":"$GQ$139:$GQ$175","_name":"ручное"}},"emcosID":null,"emcosMLID":null,"codMaketTEP":null,"codTEP":null,"WSName":"DB","rangeAddress":"$GN$137:$GQ$175","headAddress":"$GN$137:$GQ$137","bodyAddress":"$GN$138:$GQ$175","_name":"отдача"}},"emcosID":null,"emcosMLID":null,"codMaketTEP":null,"codTEP":null,"WSName":"DB","rangeAddress":"$GJ$136:$GQ$175","headAddress":"$GJ$136:$GQ$136","bodyAddress":"$GJ$137:$GQ$175","_name":"ТП2 Чиганак тяга"}},"codPlan":null,"meterCoef":null,"_name":"ТП2 Чиганак тяга"}