{"ID":"81859503-3566-456a-8d20-7a9eba28d564","childs":{"PS":{"_level":0,"parentID":"81859503-3566-456a-8d20-7a9eba28d564","firstParentID":"81859503-3566-456a-8d20-7a9eba28d564","ID":"b3749a39-0ee7-48be-8117-19d554fa2880","childs":{"прием":{"_level":1,"parentID":"b3749a39-0ee7-48be-8117-19d554fa2880","firstParentID":"81859503-3566-456a-8d20-7a9eba28d564","ID":"a1e25fb8-6d50-4e5a-b28d-58a4c7f60f99","childs":{"ручное":{"_level":2,"parentID":"a1e25fb8-6d50-4e5a-b28d-58a4c7f60f99","firstParentID":"81859503-3566-456a-8d20-7a9eba28d564","ID":"97c472ae-a597-4315-8f11-cbdf80e3a933","childs":null,"emcosID":null,"emcosMLID":null,"codMaketTEP":null,"codTEP":null,"WSName":"PS","rangeAddress":"$KB$99:$KB$135","headAddress":"$KB$99","bodyAddress":"$KB$100:$KB$135","_name":"ручное"}},"emcosID":null,"emcosMLID":null,"codMaketTEP":null,"codTEP":null,"WSName":"PS","rangeAddress":"$KB$98:$KB$135","headAddress":"$KB$98","bodyAddress":"$KB$99:$KB$135","_name":"прием"}},"emcosID":null,"emcosMLID":null,"codMaketTEP":null,"codTEP":null,"WSName":"PS","rangeAddress":"$KB$97:$KB$135","headAddress":"$KB$97","bodyAddress":"$KB$98:$KB$135","_name":"ТП2 Чиганак тяга"},"DB":{"_level":0,"parentID":"81859503-3566-456a-8d20-7a9eba28d564","firstParentID":"81859503-3566-456a-8d20-7a9eba28d564","ID":"027fbf77-573b-43df-a444-9ab384895151","childs":{"прием":{"_level":1,"parentID":"027fbf77-573b-43df-a444-9ab384895151","firstParentID":"81859503-3566-456a-8d20-7a9eba28d564","ID":"2a97e2da-179c-4220-bb2d-b89d9ea81a76","childs":{"код":{"_level":2,"parentID":"2a97e2da-179c-4220-bb2d-b89d9ea81a76","firstParentID":"81859503-3566-456a-8d20-7a9eba28d564","ID":"44d2a2a1-f906-4b76-8585-1ec12cdeb61e","childs":null,"emcosID":null,"emcosMLID":null,"codMaketTEP":null,"codTEP":null,"WSName":"DB","rangeAddress":"$GF$138:$GF$175","headAddress":"$GF$138","bodyAddress":"$GF$139:$GF$175","_name":"код"},"основное":{"_level":2,"parentID":"2a97e2da-179c-4220-bb2d-b89d9ea81a76","firstParentID":"81859503-3566-456a-8d20-7a9eba28d564","ID":"5f594655-fade-4fb1-87f1-67f57564b03c","childs":null,"emcosID":null,"emcosMLID":null,"codMaketTEP":null,"codTEP":null,"WSName":"DB","rangeAddress":"$GG$138:$GG$175","headAddress":"$GG$138","bodyAddress":"$GG$139:$GG$175","_name":"основное"},"корректировка факт":{"_level":2,"parentID":"2a97e2da-179c-4220-bb2d-b89d9ea81a76","firstParentID":"81859503-3566-456a-8d20-7a9eba28d564","ID":"7caede84-6848-4c10-b72c-ed4a9a673f3a","childs":null,"emcosID":null,"emcosMLID":null,"codMaketTEP":null,"codTEP":null,"WSName":"DB","rangeAddress":"$GH$138:$GH$175","headAddress":"$GH$138","bodyAddress":"$GH$139:$GH$175","_name":"корректировка факт"},"ручное":{"_level":2,"parentID":"2a97e2da-179c-4220-bb2d-b89d9ea81a76","firstParentID":"81859503-3566-456a-8d20-7a9eba28d564","ID":"04d2e1ec-bf61-430a-b102-1adde59cfa65","childs":null,"emcosID":null,"emcosMLID":null,"codMaketTEP":null,"codTEP":null,"WSName":"DB","rangeAddress":"$GI$138:$GI$175","headAddress":"$GI$138","bodyAddress":"$GI$139:$GI$175","_name":"ручное"}},"emcosID":null,"emcosMLID":null,"codMaketTEP":null,"codTEP":null,"WSName":"DB","rangeAddress":"$GF$137:$GI$175","headAddress":"$GF$137:$GI$137","bodyAddress":"$GF$138:$GI$175","_name":"прием"}},"emcosID":null,"emcosMLID":null,"codMaketTEP":null,"codTEP":null,"WSName":"DB","rangeAddress":"$GF$136:$GI$175","headAddress":"$GF$136:$GI$136","bodyAddress":"$GF$137:$GI$175","_name":"ТП2 Чиганак тяга"}},"codPlan":null,"meterCoef":null,"_name":"ТП2 Чиганак тяга"}