{"ID":"81ff809b-76b2-4213-8e3e-924b5fff8cfb","childs":{"PS":{"_level":0,"parentID":"81ff809b-76b2-4213-8e3e-924b5fff8cfb","firstParentID":"81ff809b-76b2-4213-8e3e-924b5fff8cfb","ID":"e15b972c-0718-4fb9-be94-f7b3b0c4112a","childs":{"отдача":{"_level":1,"parentID":"e15b972c-0718-4fb9-be94-f7b3b0c4112a","firstParentID":"81ff809b-76b2-4213-8e3e-924b5fff8cfb","ID":"5cccc382-2fb6-4159-8d5f-03338e7435ef","childs":{"ручное":{"_level":2,"parentID":"5cccc382-2fb6-4159-8d5f-03338e7435ef","firstParentID":"81ff809b-76b2-4213-8e3e-924b5fff8cfb","ID":"817841ce-c69b-4304-acfc-d14957937701","childs":null,"emcosID":null,"emcosMLID":null,"codMaketTEP":null,"codTEP":null,"WSName":"PS","rangeAddress":"$DD$185:$DD$221","headAddress":"$DD$185","bodyAddress":"$DD$186:$DD$221","_name":"ручное"}},"emcosID":null,"emcosMLID":null,"codMaketTEP":null,"codTEP":null,"WSName":"PS","rangeAddress":"$DD$184:$DD$221","headAddress":"$DD$184","bodyAddress":"$DD$185:$DD$221","_name":"отдача"}},"emcosID":null,"emcosMLID":null,"codMaketTEP":null,"codTEP":null,"WSName":"PS","rangeAddress":"$DD$183:$DD$221","headAddress":"$DD$183","bodyAddress":"$DD$184:$DD$221","_name":"Генерация КазНИИ Чокина"},"DB":{"_level":0,"parentID":"81ff809b-76b2-4213-8e3e-924b5fff8cfb","firstParentID":"81ff809b-76b2-4213-8e3e-924b5fff8cfb","ID":"3252485b-0d07-4b08-a040-1bdd54aaeb7e","childs":{"отдача":{"_level":1,"parentID":"3252485b-0d07-4b08-a040-1bdd54aaeb7e","firstParentID":"81ff809b-76b2-4213-8e3e-924b5fff8cfb","ID":"95d72e7d-f457-416a-a6f1-597840fbe44e","childs":{"код":{"_level":2,"parentID":"95d72e7d-f457-416a-a6f1-597840fbe44e","firstParentID":"81ff809b-76b2-4213-8e3e-924b5fff8cfb","ID":"4ddefaf9-3655-4a04-b37d-9256bc1010df","childs":null,"emcosID":null,"emcosMLID":null,"codMaketTEP":null,"codTEP":null,"WSName":"DB","rangeAddress":"$GL$267:$GL$304","headAddress":"$GL$267","bodyAddress":"$GL$268:$GL$304","_name":"код"},"основное":{"_level":2,"parentID":"95d72e7d-f457-416a-a6f1-597840fbe44e","firstParentID":"81ff809b-76b2-4213-8e3e-924b5fff8cfb","ID":"b98e850f-0031-484d-9645-7e21ab18df53","childs":null,"emcosID":null,"emcosMLID":null,"codMaketTEP":null,"codTEP":null,"WSName":"DB","rangeAddress":"$GM$267:$GM$304","headAddress":"$GM$267","bodyAddress":"$GM$268:$GM$304","_name":"основное"},"корректировка факт":{"_level":2,"parentID":"95d72e7d-f457-416a-a6f1-597840fbe44e","firstParentID":"81ff809b-76b2-4213-8e3e-924b5fff8cfb","ID":"01c524d5-44d1-466e-a25b-b5e5277dfdd5","childs":null,"emcosID":null,"emcosMLID":null,"codMaketTEP":null,"codTEP":null,"WSName":"DB","rangeAddress":"$GN$267:$GN$304","headAddress":"$GN$267","bodyAddress":"$GN$268:$GN$304","_name":"корректировка факт"},"ручное":{"_level":2,"parentID":"95d72e7d-f457-416a-a6f1-597840fbe44e","firstParentID":"81ff809b-76b2-4213-8e3e-924b5fff8cfb","ID":"fca93df7-acb0-443e-861c-d10c85edd9d3","childs":null,"emcosID":null,"emcosMLID":null,"codMaketTEP":null,"codTEP":null,"WSName":"DB","rangeAddress":"$GO$267:$GO$304","headAddress":"$GO$267","bodyAddress":"$GO$268:$GO$304","_name":"ручное"}},"emcosID":null,"emcosMLID":null,"codMaketTEP":null,"codTEP":null,"WSName":"DB","rangeAddress":"$GL$266:$GO$304","headAddress":"$GL$266:$GO$266","bodyAddress":"$GL$267:$GO$304","_name":"отдача"}},"emcosID":null,"emcosMLID":null,"codMaketTEP":null,"codTEP":null,"WSName":"DB","rangeAddress":"$GL$265:$GO$304","headAddress":"$GL$265:$GO$265","bodyAddress":"$GL$266:$GO$304","_name":"Генерация КазНИИ Чокина"}},"codPlan":null,"meterCoef":null,"_name":"Генерация КазНИИ Чокина"}