{"ID":"81ff809b-76b2-4213-8e3e-924b5fff8cfb","childs":{"PS":{"_level":0,"parentID":"81ff809b-76b2-4213-8e3e-924b5fff8cfb","firstParentID":"81ff809b-76b2-4213-8e3e-924b5fff8cfb","ID":"e15b972c-0718-4fb9-be94-f7b3b0c4112a","childs":{"отдача":{"_level":1,"parentID":"e15b972c-0718-4fb9-be94-f7b3b0c4112a","firstParentID":"81ff809b-76b2-4213-8e3e-924b5fff8cfb","ID":"5cccc382-2fb6-4159-8d5f-03338e7435ef","childs":{"оперативное":{"_level":2,"parentID":"5cccc382-2fb6-4159-8d5f-03338e7435ef","firstParentID":"81ff809b-76b2-4213-8e3e-924b5fff8cfb","ID":"817841ce-c69b-4304-acfc-d14957937701","childs":null,"emcosID":null,"emcosMLID":null,"codMaketTEP":null,"codTEP":null,"WSName":"PS","rangeAddress":"$DI$185:$DI$221","headAddress":"$DI$185","bodyAddress":"$DI$186:$DI$221","_name":"оперативное"}},"emcosID":null,"emcosMLID":null,"codMaketTEP":null,"codTEP":null,"WSName":"PS","rangeAddress":"$DI$184:$DI$221","headAddress":"$DI$184","bodyAddress":"$DI$185:$DI$221","_name":"отдача"}},"emcosID":null,"emcosMLID":null,"codMaketTEP":null,"codTEP":null,"WSName":"PS","rangeAddress":"$DI$183:$DI$221","headAddress":"$DI$183","bodyAddress":"$DI$184:$DI$221","_name":"Генерация КазНИИ Чокина и Эетысу Энерго Караш"},"DB":{"_level":0,"parentID":"81ff809b-76b2-4213-8e3e-924b5fff8cfb","firstParentID":"81ff809b-76b2-4213-8e3e-924b5fff8cfb","ID":"3252485b-0d07-4b08-a040-1bdd54aaeb7e","childs":{"отдача":{"_level":1,"parentID":"3252485b-0d07-4b08-a040-1bdd54aaeb7e","firstParentID":"81ff809b-76b2-4213-8e3e-924b5fff8cfb","ID":"95d72e7d-f457-416a-a6f1-597840fbe44e","childs":{"код":{"_level":2,"parentID":"95d72e7d-f457-416a-a6f1-597840fbe44e","firstParentID":"81ff809b-76b2-4213-8e3e-924b5fff8cfb","ID":"4ddefaf9-3655-4a04-b37d-9256bc1010df","childs":null,"emcosID":null,"emcosMLID":null,"codMaketTEP":null,"codTEP":null,"WSName":"DB","rangeAddress":"$GV$267:$GV$304","headAddress":"$GV$267","bodyAddress":"$GV$268:$GV$304","_name":"код"},"основное":{"_level":2,"parentID":"95d72e7d-f457-416a-a6f1-597840fbe44e","firstParentID":"81ff809b-76b2-4213-8e3e-924b5fff8cfb","ID":"b98e850f-0031-484d-9645-7e21ab18df53","childs":null,"emcosID":null,"emcosMLID":null,"codMaketTEP":null,"codTEP":null,"WSName":"DB","rangeAddress":"$GW$267:$GW$304","headAddress":"$GW$267","bodyAddress":"$GW$268:$GW$304","_name":"основное"},"корректировка факт":{"_level":2,"parentID":"95d72e7d-f457-416a-a6f1-597840fbe44e","firstParentID":"81ff809b-76b2-4213-8e3e-924b5fff8cfb","ID":"01c524d5-44d1-466e-a25b-b5e5277dfdd5","childs":null,"emcosID":null,"emcosMLID":null,"codMaketTEP":null,"codTEP":null,"WSName":"DB","rangeAddress":"$GX$267:$GX$304","headAddress":"$GX$267","bodyAddress":"$GX$268:$GX$304","_name":"корректировка факт"},"ручное":{"_level":2,"parentID":"95d72e7d-f457-416a-a6f1-597840fbe44e","firstParentID":"81ff809b-76b2-4213-8e3e-924b5fff8cfb","ID":"fca93df7-acb0-443e-861c-d10c85edd9d3","childs":null,"emcosID":null,"emcosMLID":null,"codMaketTEP":null,"codTEP":null,"WSName":"DB","rangeAddress":"$GY$267:$GY$304","headAddress":"$GY$267","bodyAddress":"$GY$268:$GY$304","_name":"ручное"},"оперативное":{"_level":2,"parentID":"95d72e7d-f457-416a-a6f1-597840fbe44e","firstParentID":"81ff809b-76b2-4213-8e3e-924b5fff8cfb","ID":"7488d557-5a7d-4dd0-8946-99e4fef71d02","childs":null,"emcosID":null,"emcosMLID":null,"codMaketTEP":null,"codTEP":null,"WSName":"DB","rangeAddress":"$GZ$267:$GZ$304","headAddress":"$GZ$267","bodyAddress":"$GZ$268:$GZ$304","_name":"оперативное"}},"emcosID":null,"emcosMLID":null,"codMaketTEP":null,"codTEP":null,"WSName":"DB","rangeAddress":"$GV$266:$GZ$304","headAddress":"$GV$266:$GZ$266","bodyAddress":"$GV$267:$GZ$304","_name":"отдача"}},"emcosID":null,"emcosMLID":null,"codMaketTEP":null,"codTEP":null,"WSName":"DB","rangeAddress":"$GV$265:$GZ$304","headAddress":"$GV$265:$GZ$265","bodyAddress":"$GV$266:$GZ$304","_name":"Генерация КазНИИ Чокина и Эетысу Энерго Караш"}},"codPlan":null,"meterCoef":null,"_name":"Генерация КазНИИ Чокина и Эетысу Энерго Караш"}