{"ID":"81ff809b-76b2-4213-8e3e-924b5fff8cfb","childs":{"PS":{"_level":0,"parentID":"81ff809b-76b2-4213-8e3e-924b5fff8cfb","firstParentID":"81ff809b-76b2-4213-8e3e-924b5fff8cfb","ID":"e15b972c-0718-4fb9-be94-f7b3b0c4112a","childs":{"отдача":{"_level":1,"parentID":"e15b972c-0718-4fb9-be94-f7b3b0c4112a","firstParentID":"81ff809b-76b2-4213-8e3e-924b5fff8cfb","ID":"5cccc382-2fb6-4159-8d5f-03338e7435ef","childs":{"оперативное":{"_level":2,"parentID":"5cccc382-2fb6-4159-8d5f-03338e7435ef","firstParentID":"81ff809b-76b2-4213-8e3e-924b5fff8cfb","ID":"817841ce-c69b-4304-acfc-d14957937701","childs":null,"emcosID":null,"emcosMLID":null,"codMaketTEP":null,"codTEP":null,"WSName":"PS","rangeAddress":"$DO$185:$DO$221","headAddress":"$DO$185","bodyAddress":"$DO$186:$DO$221","_name":"оперативное"}},"emcosID":null,"emcosMLID":null,"codMaketTEP":null,"codTEP":null,"WSName":"PS","rangeAddress":"$DO$184:$DO$221","headAddress":"$DO$184","bodyAddress":"$DO$185:$DO$221","_name":"отдача"}},"emcosID":null,"emcosMLID":null,"codMaketTEP":null,"codTEP":null,"WSName":"PS","rangeAddress":"$DO$183:$DO$221","headAddress":"$DO$183","bodyAddress":"$DO$184:$DO$221","_name":"Генерация КазНИИ Чокина и Эетысу Энерго Караш"},"DB":{"_level":0,"parentID":"81ff809b-76b2-4213-8e3e-924b5fff8cfb","firstParentID":"81ff809b-76b2-4213-8e3e-924b5fff8cfb","ID":"3252485b-0d07-4b08-a040-1bdd54aaeb7e","childs":{"отдача":{"_level":1,"parentID":"3252485b-0d07-4b08-a040-1bdd54aaeb7e","firstParentID":"81ff809b-76b2-4213-8e3e-924b5fff8cfb","ID":"95d72e7d-f457-416a-a6f1-597840fbe44e","childs":{"код":{"_level":2,"parentID":"95d72e7d-f457-416a-a6f1-597840fbe44e","firstParentID":"81ff809b-76b2-4213-8e3e-924b5fff8cfb","ID":"4ddefaf9-3655-4a04-b37d-9256bc1010df","childs":null,"emcosID":null,"emcosMLID":null,"codMaketTEP":null,"codTEP":null,"WSName":"DB","rangeAddress":"$FI$267:$FI$304","headAddress":"$FI$267","bodyAddress":"$FI$268:$FI$304","_name":"код"},"основное":{"_level":2,"parentID":"95d72e7d-f457-416a-a6f1-597840fbe44e","firstParentID":"81ff809b-76b2-4213-8e3e-924b5fff8cfb","ID":"b98e850f-0031-484d-9645-7e21ab18df53","childs":null,"emcosID":null,"emcosMLID":null,"codMaketTEP":null,"codTEP":null,"WSName":"DB","rangeAddress":"$FJ$267:$FJ$304","headAddress":"$FJ$267","bodyAddress":"$FJ$268:$FJ$304","_name":"основное"},"корректировка факт":{"_level":2,"parentID":"95d72e7d-f457-416a-a6f1-597840fbe44e","firstParentID":"81ff809b-76b2-4213-8e3e-924b5fff8cfb","ID":"01c524d5-44d1-466e-a25b-b5e5277dfdd5","childs":null,"emcosID":null,"emcosMLID":null,"codMaketTEP":null,"codTEP":null,"WSName":"DB","rangeAddress":"$FK$267:$FK$304","headAddress":"$FK$267","bodyAddress":"$FK$268:$FK$304","_name":"корректировка факт"},"ручное":{"_level":2,"parentID":"95d72e7d-f457-416a-a6f1-597840fbe44e","firstParentID":"81ff809b-76b2-4213-8e3e-924b5fff8cfb","ID":"fca93df7-acb0-443e-861c-d10c85edd9d3","childs":null,"emcosID":null,"emcosMLID":null,"codMaketTEP":null,"codTEP":null,"WSName":"DB","rangeAddress":"$FL$267:$FL$304","headAddress":"$FL$267","bodyAddress":"$FL$268:$FL$304","_name":"ручное"},"оперативное":{"_level":2,"parentID":"95d72e7d-f457-416a-a6f1-597840fbe44e","firstParentID":"81ff809b-76b2-4213-8e3e-924b5fff8cfb","ID":"7488d557-5a7d-4dd0-8946-99e4fef71d02","childs":null,"emcosID":null,"emcosMLID":null,"codMaketTEP":null,"codTEP":null,"WSName":"DB","rangeAddress":"$FM$267:$FM$304","headAddress":"$FM$267","bodyAddress":"$FM$268:$FM$304","_name":"оперативное"}},"emcosID":null,"emcosMLID":null,"codMaketTEP":null,"codTEP":null,"WSName":"DB","rangeAddress":"$FI$266:$FM$304","headAddress":"$FI$266:$FM$266","bodyAddress":"$FI$267:$FM$304","_name":"отдача"}},"emcosID":null,"emcosMLID":null,"codMaketTEP":null,"codTEP":null,"WSName":"DB","rangeAddress":"$FI$265:$FM$304","headAddress":"$FI$265:$FM$265","bodyAddress":"$FI$266:$FM$304","_name":"Генерация КазНИИ Чокина и Эетысу Энерго Караш"}},"codPlan":null,"meterCoef":null,"_name":"Генерация КазНИИ Чокина и Эетысу Энерго Караш"}