{"ID":"8351ca3e-3fe0-4f51-92d1-fc0d30a26de9","childs":{"PS":{"_level":0,"parentID":"8351ca3e-3fe0-4f51-92d1-fc0d30a26de9","firstParentID":"8351ca3e-3fe0-4f51-92d1-fc0d30a26de9","ID":"2dba7d33-fcf2-4199-92ce-636f1295e55c","childs":{"прием":{"_level":1,"parentID":"2dba7d33-fcf2-4199-92ce-636f1295e55c","firstParentID":"8351ca3e-3fe0-4f51-92d1-fc0d30a26de9","ID":"bc5903dd-a8ae-41e0-96af-a5c35c3ad440","childs":{"ручное":{"_level":2,"parentID":"bc5903dd-a8ae-41e0-96af-a5c35c3ad440","firstParentID":"8351ca3e-3fe0-4f51-92d1-fc0d30a26de9","ID":"41a1d21c-17b0-41f6-89f2-53fa7ed613de","childs":null,"emcosID":null,"emcosMLID":null,"codMaketTEP":null,"codTEP":null,"WSName":"PS","rangeAddress":"$AB$13:$AB$49","headAddress":"$AB$13","bodyAddress":"$AB$14:$AB$49","_name":"ручное"}},"emcosID":null,"emcosMLID":null,"codMaketTEP":null,"codTEP":null,"WSName":"PS","rangeAddress":"$AB$12:$AB$49","headAddress":"$AB$12","bodyAddress":"$AB$13:$AB$49","_name":"прием"}},"emcosID":null,"emcosMLID":null,"codMaketTEP":null,"codTEP":null,"WSName":"PS","rangeAddress":"$AB$11:$AB$49","headAddress":"$AB$11","bodyAddress":"$AB$12:$AB$49","_name":"с.н. ПС Алматинского энергоузла Общее"},"DB":{"_level":0,"parentID":"8351ca3e-3fe0-4f51-92d1-fc0d30a26de9","firstParentID":"8351ca3e-3fe0-4f51-92d1-fc0d30a26de9","ID":"367b55a6-9983-4af6-bc8e-0a3be54a57bf","childs":{"прием":{"_level":1,"parentID":"367b55a6-9983-4af6-bc8e-0a3be54a57bf","firstParentID":"8351ca3e-3fe0-4f51-92d1-fc0d30a26de9","ID":"5f4bec8c-8edd-4949-a912-ee017685be65","childs":{"код":{"_level":2,"parentID":"5f4bec8c-8edd-4949-a912-ee017685be65","firstParentID":"8351ca3e-3fe0-4f51-92d1-fc0d30a26de9","ID":"f073deeb-85af-4da5-ae9b-db08e167113c","childs":null,"emcosID":null,"emcosMLID":null,"codMaketTEP":null,"codTEP":null,"WSName":"DB","rangeAddress":"$CK$138:$CK$175","headAddress":"$CK$138","bodyAddress":"$CK$139:$CK$175","_name":"код"},"основное":{"_level":2,"parentID":"5f4bec8c-8edd-4949-a912-ee017685be65","firstParentID":"8351ca3e-3fe0-4f51-92d1-fc0d30a26de9","ID":"75cc9e4a-1c75-4861-af4e-2d2d1b597fe5","childs":null,"emcosID":null,"emcosMLID":null,"codMaketTEP":null,"codTEP":null,"WSName":"DB","rangeAddress":"$CL$138:$CL$175","headAddress":"$CL$138","bodyAddress":"$CL$139:$CL$175","_name":"основное"},"корректировка факт":{"_level":2,"parentID":"5f4bec8c-8edd-4949-a912-ee017685be65","firstParentID":"8351ca3e-3fe0-4f51-92d1-fc0d30a26de9","ID":"98973fa9-0b5b-4f6c-9502-4d7038930661","childs":null,"emcosID":null,"emcosMLID":null,"codMaketTEP":null,"codTEP":null,"WSName":"DB","rangeAddress":"$CM$138:$CM$175","headAddress":"$CM$138","bodyAddress":"$CM$139:$CM$175","_name":"корректировка факт"},"ручное":{"_level":2,"parentID":"5f4bec8c-8edd-4949-a912-ee017685be65","firstParentID":"8351ca3e-3fe0-4f51-92d1-fc0d30a26de9","ID":"b2d97a74-5ac8-40c0-abdb-0357687287fd","childs":null,"emcosID":null,"emcosMLID":null,"codMaketTEP":null,"codTEP":null,"WSName":"DB","rangeAddress":"$CN$138:$CN$175","headAddress":"$CN$138","bodyAddress":"$CN$139:$CN$175","_name":"ручное"}},"emcosID":null,"emcosMLID":null,"codMaketTEP":null,"codTEP":null,"WSName":"DB","rangeAddress":"$CK$137:$CN$175","headAddress":"$CK$137:$CN$137","bodyAddress":"$CK$138:$CN$175","_name":"прием"}},"emcosID":null,"emcosMLID":null,"codMaketTEP":null,"codTEP":null,"WSName":"DB","rangeAddress":"$CK$136:$CN$175","headAddress":"$CK$136:$CN$136","bodyAddress":"$CK$137:$CN$175","_name":"с.н. ПС Алматинского энергоузла Общее"}},"codPlan":null,"meterCoef":null,"_name":"с.н. ПС Алматинского энергоузла Общее"}