{"ID":"8351ca3e-3fe0-4f51-92d1-fc0d30a26de9","childs":{"PS":{"_level":0,"parentID":"8351ca3e-3fe0-4f51-92d1-fc0d30a26de9","firstParentID":"8351ca3e-3fe0-4f51-92d1-fc0d30a26de9","ID":"2dba7d33-fcf2-4199-92ce-636f1295e55c","childs":{"прием":{"_level":1,"parentID":"2dba7d33-fcf2-4199-92ce-636f1295e55c","firstParentID":"8351ca3e-3fe0-4f51-92d1-fc0d30a26de9","ID":"bc5903dd-a8ae-41e0-96af-a5c35c3ad440","childs":{"ручное":{"_level":2,"parentID":"bc5903dd-a8ae-41e0-96af-a5c35c3ad440","firstParentID":"8351ca3e-3fe0-4f51-92d1-fc0d30a26de9","ID":"41a1d21c-17b0-41f6-89f2-53fa7ed613de","childs":null,"emcosID":null,"emcosMLID":null,"codMaketTEP":null,"codTEP":null,"WSName":"PS","rangeAddress":"$Z$13:$Z$49","headAddress":"$Z$13","bodyAddress":"$Z$14:$Z$49","_name":"ручное"}},"emcosID":null,"emcosMLID":null,"codMaketTEP":null,"codTEP":null,"WSName":"PS","rangeAddress":"$Z$12:$Z$49","headAddress":"$Z$12","bodyAddress":"$Z$13:$Z$49","_name":"прием"}},"emcosID":null,"emcosMLID":null,"codMaketTEP":null,"codTEP":null,"WSName":"PS","rangeAddress":"$Z$11:$Z$49","headAddress":"$Z$11","bodyAddress":"$Z$12:$Z$49","_name":"с.н. ПС Алматинского энергоузла Общее"},"DB":{"_level":0,"parentID":"8351ca3e-3fe0-4f51-92d1-fc0d30a26de9","firstParentID":"8351ca3e-3fe0-4f51-92d1-fc0d30a26de9","ID":"367b55a6-9983-4af6-bc8e-0a3be54a57bf","childs":{"прием":{"_level":1,"parentID":"367b55a6-9983-4af6-bc8e-0a3be54a57bf","firstParentID":"8351ca3e-3fe0-4f51-92d1-fc0d30a26de9","ID":"5f4bec8c-8edd-4949-a912-ee017685be65","childs":{"код":{"_level":2,"parentID":"5f4bec8c-8edd-4949-a912-ee017685be65","firstParentID":"8351ca3e-3fe0-4f51-92d1-fc0d30a26de9","ID":"f073deeb-85af-4da5-ae9b-db08e167113c","childs":null,"emcosID":null,"emcosMLID":null,"codMaketTEP":null,"codTEP":null,"WSName":"DB","rangeAddress":"$BE$138:$BE$175","headAddress":"$BE$138","bodyAddress":"$BE$139:$BE$175","_name":"код"},"основное":{"_level":2,"parentID":"5f4bec8c-8edd-4949-a912-ee017685be65","firstParentID":"8351ca3e-3fe0-4f51-92d1-fc0d30a26de9","ID":"75cc9e4a-1c75-4861-af4e-2d2d1b597fe5","childs":null,"emcosID":null,"emcosMLID":null,"codMaketTEP":null,"codTEP":null,"WSName":"DB","rangeAddress":"$BF$138:$BF$175","headAddress":"$BF$138","bodyAddress":"$BF$139:$BF$175","_name":"основное"},"корректировка факт":{"_level":2,"parentID":"5f4bec8c-8edd-4949-a912-ee017685be65","firstParentID":"8351ca3e-3fe0-4f51-92d1-fc0d30a26de9","ID":"98973fa9-0b5b-4f6c-9502-4d7038930661","childs":null,"emcosID":null,"emcosMLID":null,"codMaketTEP":null,"codTEP":null,"WSName":"DB","rangeAddress":"$BG$138:$BG$175","headAddress":"$BG$138","bodyAddress":"$BG$139:$BG$175","_name":"корректировка факт"},"ручное":{"_level":2,"parentID":"5f4bec8c-8edd-4949-a912-ee017685be65","firstParentID":"8351ca3e-3fe0-4f51-92d1-fc0d30a26de9","ID":"b2d97a74-5ac8-40c0-abdb-0357687287fd","childs":null,"emcosID":null,"emcosMLID":null,"codMaketTEP":null,"codTEP":null,"WSName":"DB","rangeAddress":"$BH$138:$BH$175","headAddress":"$BH$138","bodyAddress":"$BH$139:$BH$175","_name":"ручное"}},"emcosID":null,"emcosMLID":null,"codMaketTEP":null,"codTEP":null,"WSName":"DB","rangeAddress":"$BE$137:$BH$175","headAddress":"$BE$137:$BH$137","bodyAddress":"$BE$138:$BH$175","_name":"прием"}},"emcosID":null,"emcosMLID":null,"codMaketTEP":null,"codTEP":null,"WSName":"DB","rangeAddress":"$BE$136:$BH$175","headAddress":"$BE$136:$BH$136","bodyAddress":"$BE$137:$BH$175","_name":"с.н. ПС Алматинского энергоузла Общее"}},"codPlan":null,"meterCoef":null,"_name":"с.н. ПС Алматинского энергоузла Общее"}