{"ID":"841570b5-bdf0-4847-b176-840aebc79806","childs":{"PS":{"_level":0,"parentID":"841570b5-bdf0-4847-b176-840aebc79806","firstParentID":"841570b5-bdf0-4847-b176-840aebc79806","ID":"90976084-543c-4d5d-bf13-f39a0d8bcb04","childs":{"прием":{"_level":1,"parentID":"90976084-543c-4d5d-bf13-f39a0d8bcb04","firstParentID":"841570b5-bdf0-4847-b176-840aebc79806","ID":"76e88607-1ffa-4c30-a494-a769288d1d69","childs":{"ручное":{"_level":2,"parentID":"76e88607-1ffa-4c30-a494-a769288d1d69","firstParentID":"841570b5-bdf0-4847-b176-840aebc79806","ID":"1ec18e6e-d3fa-4398-affd-ec98f2dc9868","childs":null,"emcosID":null,"emcosMLID":null,"codMaketTEP":null,"codTEP":null,"WSName":"PS","rangeAddress":"$L$142:$L$178","headAddress":"$L$142","bodyAddress":"$L$143:$L$178","_name":"ручное"}},"emcosID":null,"emcosMLID":null,"codMaketTEP":null,"codTEP":null,"WSName":"PS","rangeAddress":"$L$141:$L$178","headAddress":"$L$141","bodyAddress":"$L$142:$L$178","_name":"прием"},"отдача":{"_level":1,"parentID":"90976084-543c-4d5d-bf13-f39a0d8bcb04","firstParentID":"841570b5-bdf0-4847-b176-840aebc79806","ID":"4f77202c-516d-4629-afc0-67b447383d52","childs":{"ручное":{"_level":2,"parentID":"4f77202c-516d-4629-afc0-67b447383d52","firstParentID":"841570b5-bdf0-4847-b176-840aebc79806","ID":"5d13bd37-1516-42cb-b876-90cc6c7aef65","childs":null,"emcosID":null,"emcosMLID":null,"codMaketTEP":null,"codTEP":null,"WSName":"PS","rangeAddress":"$M$142:$M$178","headAddress":"$M$142","bodyAddress":"$M$143:$M$178","_name":"ручное"}},"emcosID":null,"emcosMLID":null,"codMaketTEP":null,"codTEP":null,"WSName":"PS","rangeAddress":"$M$141:$M$178","headAddress":"$M$141","bodyAddress":"$M$142:$M$178","_name":"отдача"}},"emcosID":null,"emcosMLID":null,"codMaketTEP":null,"codTEP":null,"WSName":"PS","rangeAddress":"$L$140:$M$178","headAddress":"$L$140:$M$140","bodyAddress":"$L$141:$M$178","_name":"Л159Т ПС159Т Карабулак"},"DB":{"_level":0,"parentID":"841570b5-bdf0-4847-b176-840aebc79806","firstParentID":"841570b5-bdf0-4847-b176-840aebc79806","ID":"234ce028-3fd3-48f2-998c-e0171c5172f6","childs":{"прием":{"_level":1,"parentID":"234ce028-3fd3-48f2-998c-e0171c5172f6","firstParentID":"841570b5-bdf0-4847-b176-840aebc79806","ID":"c4cce103-61f9-40fb-a284-eb6457a8e376","childs":{"код":{"_level":2,"parentID":"c4cce103-61f9-40fb-a284-eb6457a8e376","firstParentID":"841570b5-bdf0-4847-b176-840aebc79806","ID":"f19595c1-a038-4daa-8f51-1352ae592ea9","childs":null,"emcosID":null,"emcosMLID":null,"codMaketTEP":null,"codTEP":null,"WSName":"DB","rangeAddress":"$EV$224:$EV$261","headAddress":"$EV$224","bodyAddress":"$EV$225:$EV$261","_name":"код"},"основное":{"_level":2,"parentID":"c4cce103-61f9-40fb-a284-eb6457a8e376","firstParentID":"841570b5-bdf0-4847-b176-840aebc79806","ID":"dc5ea5ef-61d4-4388-a7cb-a24f6b0341b5","childs":null,"emcosID":null,"emcosMLID":null,"codMaketTEP":null,"codTEP":null,"WSName":"DB","rangeAddress":"$EW$224:$EW$261","headAddress":"$EW$224","bodyAddress":"$EW$225:$EW$261","_name":"основное"},"корректировка факт":{"_level":2,"parentID":"c4cce103-61f9-40fb-a284-eb6457a8e376","firstParentID":"841570b5-bdf0-4847-b176-840aebc79806","ID":"c6b5fc8a-6b0c-45fc-86d1-05836e7414f1","childs":null,"emcosID":null,"emcosMLID":null,"codMaketTEP":null,"codTEP":null,"WSName":"DB","rangeAddress":"$EX$224:$EX$261","headAddress":"$EX$224","bodyAddress":"$EX$225:$EX$261","_name":"корректировка факт"},"ручное":{"_level":2,"parentID":"c4cce103-61f9-40fb-a284-eb6457a8e376","firstParentID":"841570b5-bdf0-4847-b176-840aebc79806","ID":"a3c7626d-545e-43db-b26a-4c102625b4b7","childs":null,"emcosID":null,"emcosMLID":null,"codMaketTEP":null,"codTEP":null,"WSName":"DB","rangeAddress":"$EY$224:$EY$261","headAddress":"$EY$224","bodyAddress":"$EY$225:$EY$261","_name":"ручное"}},"emcosID":null,"emcosMLID":null,"codMaketTEP":null,"codTEP":null,"WSName":"DB","rangeAddress":"$EV$223:$EY$261","headAddress":"$EV$223:$EY$223","bodyAddress":"$EV$224:$EY$261","_name":"прием"},"отдача":{"_level":1,"parentID":"234ce028-3fd3-48f2-998c-e0171c5172f6","firstParentID":"841570b5-bdf0-4847-b176-840aebc79806","ID":"a7212188-1bcc-4968-94ff-9ebf8bf69418","childs":{"код":{"_level":2,"parentID":"a7212188-1bcc-4968-94ff-9ebf8bf69418","firstParentID":"841570b5-bdf0-4847-b176-840aebc79806","ID":"3af961e4-c78c-40f0-ab8f-00d417368b66","childs":null,"emcosID":null,"emcosMLID":null,"codMaketTEP":null,"codTEP":null,"WSName":"DB","rangeAddress":"$EZ$224:$EZ$261","headAddress":"$EZ$224","bodyAddress":"$EZ$225:$EZ$261","_name":"код"},"основное":{"_level":2,"parentID":"a7212188-1bcc-4968-94ff-9ebf8bf69418","firstParentID":"841570b5-bdf0-4847-b176-840aebc79806","ID":"91494269-ba08-45e4-9d27-9a2a51f690b7","childs":null,"emcosID":null,"emcosMLID":null,"codMaketTEP":null,"codTEP":null,"WSName":"DB","rangeAddress":"$FA$224:$FA$261","headAddress":"$FA$224","bodyAddress":"$FA$225:$FA$261","_name":"основное"},"корректировка факт":{"_level":2,"parentID":"a7212188-1bcc-4968-94ff-9ebf8bf69418","firstParentID":"841570b5-bdf0-4847-b176-840aebc79806","ID":"d7b1774a-6c39-4bfe-9653-1d14da3040f1","childs":null,"emcosID":null,"emcosMLID":null,"codMaketTEP":null,"codTEP":null,"WSName":"DB","rangeAddress":"$FB$224:$FB$261","headAddress":"$FB$224","bodyAddress":"$FB$225:$FB$261","_name":"корректировка факт"},"ручное":{"_level":2,"parentID":"a7212188-1bcc-4968-94ff-9ebf8bf69418","firstParentID":"841570b5-bdf0-4847-b176-840aebc79806","ID":"68473ba3-72c8-4587-b8de-a56183a81652","childs":null,"emcosID":null,"emcosMLID":null,"codMaketTEP":null,"codTEP":null,"WSName":"DB","rangeAddress":"$FC$224:$FC$261","headAddress":"$FC$224","bodyAddress":"$FC$225:$FC$261","_name":"ручное"}},"emcosID":null,"emcosMLID":null,"codMaketTEP":null,"codTEP":null,"WSName":"DB","rangeAddress":"$EZ$223:$FC$261","headAddress":"$EZ$223:$FC$223","bodyAddress":"$EZ$224:$FC$261","_name":"отдача"}},"emcosID":null,"emcosMLID":null,"codMaketTEP":null,"codTEP":null,"WSName":"DB","rangeAddress":"$EV$222:$FC$261","headAddress":"$EV$222:$FC$222","bodyAddress":"$EV$223:$FC$261","_name":"Л159Т ПС159Т Карабулак"}},"codPlan":null,"meterCoef":null,"_name":"Л159Т ПС159Т Карабулак"}