{"ID":"86dfc309-53d4-4ab6-bf31-41f30f83d9c1","childs":{"PS":{"_level":0,"parentID":"86dfc309-53d4-4ab6-bf31-41f30f83d9c1","firstParentID":"86dfc309-53d4-4ab6-bf31-41f30f83d9c1","ID":"9217369b-acb0-4615-a647-37aba05dfac9","childs":{"прием":{"_level":1,"parentID":"9217369b-acb0-4615-a647-37aba05dfac9","firstParentID":"86dfc309-53d4-4ab6-bf31-41f30f83d9c1","ID":"ad11950e-4766-4ba7-ae1f-95f3053aed44","childs":{"по счетчику":{"_level":2,"parentID":"ad11950e-4766-4ba7-ae1f-95f3053aed44","firstParentID":"86dfc309-53d4-4ab6-bf31-41f30f83d9c1","ID":"2d4ce7b7-a45b-4b74-bb13-d4394d72633a","childs":null,"emcosID":null,"emcosMLID":null,"codMaketTEP":null,"codTEP":null,"WSName":"PS","rangeAddress":"$EK$56:$EK$92","headAddress":"$EK$56","bodyAddress":"$EK$57:$EK$92","_name":"по счетчику"}},"emcosID":null,"emcosMLID":null,"codMaketTEP":null,"codTEP":null,"WSName":"PS","rangeAddress":"$EK$55:$EK$92","headAddress":"$EK$55","bodyAddress":"$EK$56:$EK$92","_name":"прием"},"отдача":{"_level":1,"parentID":"9217369b-acb0-4615-a647-37aba05dfac9","firstParentID":"86dfc309-53d4-4ab6-bf31-41f30f83d9c1","ID":"99e1b207-1a89-4f57-9e9d-e70eeb10b79e","childs":{"по счетчику":{"_level":2,"parentID":"99e1b207-1a89-4f57-9e9d-e70eeb10b79e","firstParentID":"86dfc309-53d4-4ab6-bf31-41f30f83d9c1","ID":"f05a237e-02c0-4c5a-9fc3-211f31eb20c8","childs":null,"emcosID":null,"emcosMLID":null,"codMaketTEP":null,"codTEP":null,"WSName":"PS","rangeAddress":"$EL$56:$EL$92","headAddress":"$EL$56","bodyAddress":"$EL$57:$EL$92","_name":"по счетчику"}},"emcosID":null,"emcosMLID":null,"codMaketTEP":null,"codTEP":null,"WSName":"PS","rangeAddress":"$EL$55:$EL$92","headAddress":"$EL$55","bodyAddress":"$EL$56:$EL$92","_name":"отдача"}},"emcosID":null,"emcosMLID":null,"codMaketTEP":null,"codTEP":null,"WSName":"PS","rangeAddress":"$EK$54:$EL$92","headAddress":"$EK$54:$EL$54","bodyAddress":"$EK$55:$EL$92","_name":"Л2463 Алма"},"DB":{"_level":0,"parentID":"86dfc309-53d4-4ab6-bf31-41f30f83d9c1","firstParentID":"86dfc309-53d4-4ab6-bf31-41f30f83d9c1","ID":"e9d49ae5-6433-4bb5-92ed-c18274b1c69e","childs":{"прием":{"_level":1,"parentID":"e9d49ae5-6433-4bb5-92ed-c18274b1c69e","firstParentID":"86dfc309-53d4-4ab6-bf31-41f30f83d9c1","ID":"3ed2be43-df3a-4cd3-9d5f-cc3572d60a44","childs":{"код":{"_level":2,"parentID":"3ed2be43-df3a-4cd3-9d5f-cc3572d60a44","firstParentID":"86dfc309-53d4-4ab6-bf31-41f30f83d9c1","ID":"3bbb6827-ca6f-4a79-96c6-0d621cc9059c","childs":null,"emcosID":null,"emcosMLID":null,"codMaketTEP":null,"codTEP":null,"WSName":"DB","rangeAddress":"$FM$52:$FM$89","headAddress":"$FM$52","bodyAddress":"$FM$53:$FM$89","_name":"код"},"основное":{"_level":2,"parentID":"3ed2be43-df3a-4cd3-9d5f-cc3572d60a44","firstParentID":"86dfc309-53d4-4ab6-bf31-41f30f83d9c1","ID":"16eae507-86db-45c8-a4d1-08662905dd1a","childs":null,"emcosID":null,"emcosMLID":null,"codMaketTEP":null,"codTEP":null,"WSName":"DB","rangeAddress":"$FN$52:$FN$89","headAddress":"$FN$52","bodyAddress":"$FN$53:$FN$89","_name":"основное"},"корректировка факт":{"_level":2,"parentID":"3ed2be43-df3a-4cd3-9d5f-cc3572d60a44","firstParentID":"86dfc309-53d4-4ab6-bf31-41f30f83d9c1","ID":"ef1217bd-8a24-4a4d-8620-5a5b53b7e781","childs":null,"emcosID":null,"emcosMLID":null,"codMaketTEP":null,"codTEP":null,"WSName":"DB","rangeAddress":"$FO$52:$FO$89","headAddress":"$FO$52","bodyAddress":"$FO$53:$FO$89","_name":"корректировка факт"},"ручное":{"_level":2,"parentID":"3ed2be43-df3a-4cd3-9d5f-cc3572d60a44","firstParentID":"86dfc309-53d4-4ab6-bf31-41f30f83d9c1","ID":"2ab420fa-120b-4713-911f-e5a260493a0b","childs":null,"emcosID":null,"emcosMLID":null,"codMaketTEP":null,"codTEP":null,"WSName":"DB","rangeAddress":"$FP$52:$FP$89","headAddress":"$FP$52","bodyAddress":"$FP$53:$FP$89","_name":"ручное"},"счетчик":{"_level":2,"parentID":"3ed2be43-df3a-4cd3-9d5f-cc3572d60a44","firstParentID":"86dfc309-53d4-4ab6-bf31-41f30f83d9c1","ID":"edd607ce-161f-4c5f-b069-878b247a1f54","childs":null,"emcosID":null,"emcosMLID":null,"codMaketTEP":null,"codTEP":null,"WSName":"DB","rangeAddress":"$FQ$52:$FQ$89","headAddress":"$FQ$52","bodyAddress":"$FQ$53:$FQ$89","_name":"счетчик"},"по счетчику":{"_level":2,"parentID":"3ed2be43-df3a-4cd3-9d5f-cc3572d60a44","firstParentID":"86dfc309-53d4-4ab6-bf31-41f30f83d9c1","ID":"127b2117-0b71-421a-9334-0ac4b13fcc34","childs":null,"emcosID":null,"emcosMLID":null,"codMaketTEP":null,"codTEP":null,"WSName":"DB","rangeAddress":"$FR$52:$FR$89","headAddress":"$FR$52","bodyAddress":"$FR$53:$FR$89","_name":"по счетчику"}},"emcosID":null,"emcosMLID":null,"codMaketTEP":null,"codTEP":null,"WSName":"DB","rangeAddress":"$FM$51:$FR$89","headAddress":"$FM$51:$FR$51","bodyAddress":"$FM$52:$FR$89","_name":"прием"},"отдача":{"_level":1,"parentID":"e9d49ae5-6433-4bb5-92ed-c18274b1c69e","firstParentID":"86dfc309-53d4-4ab6-bf31-41f30f83d9c1","ID":"a2e242cd-9fc9-4250-9f82-427505dcaa84","childs":{"код":{"_level":2,"parentID":"a2e242cd-9fc9-4250-9f82-427505dcaa84","firstParentID":"86dfc309-53d4-4ab6-bf31-41f30f83d9c1","ID":"c98dec4d-e4bd-4a7c-a26f-77e08ceabfbb","childs":null,"emcosID":null,"emcosMLID":null,"codMaketTEP":null,"codTEP":null,"WSName":"DB","rangeAddress":"$FS$52:$FS$89","headAddress":"$FS$52","bodyAddress":"$FS$53:$FS$89","_name":"код"},"основное":{"_level":2,"parentID":"a2e242cd-9fc9-4250-9f82-427505dcaa84","firstParentID":"86dfc309-53d4-4ab6-bf31-41f30f83d9c1","ID":"ed3193fc-589d-4dea-98cd-6493a82e69f3","childs":null,"emcosID":null,"emcosMLID":null,"codMaketTEP":null,"codTEP":null,"WSName":"DB","rangeAddress":"$FT$52:$FT$89","headAddress":"$FT$52","bodyAddress":"$FT$53:$FT$89","_name":"основное"},"корректировка факт":{"_level":2,"parentID":"a2e242cd-9fc9-4250-9f82-427505dcaa84","firstParentID":"86dfc309-53d4-4ab6-bf31-41f30f83d9c1","ID":"8c13ab72-5df1-4c2c-a799-8782430bc70c","childs":null,"emcosID":null,"emcosMLID":null,"codMaketTEP":null,"codTEP":null,"WSName":"DB","rangeAddress":"$FU$52:$FU$89","headAddress":"$FU$52","bodyAddress":"$FU$53:$FU$89","_name":"корректировка факт"},"ручное":{"_level":2,"parentID":"a2e242cd-9fc9-4250-9f82-427505dcaa84","firstParentID":"86dfc309-53d4-4ab6-bf31-41f30f83d9c1","ID":"fee94618-43a1-4b81-9631-b68638eaf11a","childs":null,"emcosID":null,"emcosMLID":null,"codMaketTEP":null,"codTEP":null,"WSName":"DB","rangeAddress":"$FV$52:$FV$89","headAddress":"$FV$52","bodyAddress":"$FV$53:$FV$89","_name":"ручное"},"счетчик":{"_level":2,"parentID":"a2e242cd-9fc9-4250-9f82-427505dcaa84","firstParentID":"86dfc309-53d4-4ab6-bf31-41f30f83d9c1","ID":"b9ba371c-1ef7-4412-afb5-bc08ceaef437","childs":null,"emcosID":null,"emcosMLID":null,"codMaketTEP":null,"codTEP":null,"WSName":"DB","rangeAddress":"$FW$52:$FW$89","headAddress":"$FW$52","bodyAddress":"$FW$53:$FW$89","_name":"счетчик"},"по счетчику":{"_level":2,"parentID":"a2e242cd-9fc9-4250-9f82-427505dcaa84","firstParentID":"86dfc309-53d4-4ab6-bf31-41f30f83d9c1","ID":"b6d57d66-8968-46b2-85f7-da45a08c4d79","childs":null,"emcosID":null,"emcosMLID":null,"codMaketTEP":null,"codTEP":null,"WSName":"DB","rangeAddress":"$FX$52:$FX$89","headAddress":"$FX$52","bodyAddress":"$FX$53:$FX$89","_name":"по счетчику"}},"emcosID":null,"emcosMLID":null,"codMaketTEP":null,"codTEP":null,"WSName":"DB","rangeAddress":"$FS$51:$FX$89","headAddress":"$FS$51:$FX$51","bodyAddress":"$FS$52:$FX$89","_name":"отдача"}},"emcosID":null,"emcosMLID":null,"codMaketTEP":null,"codTEP":null,"WSName":"DB","rangeAddress":"$FM$50:$FX$89","headAddress":"$FM$50:$FX$50","bodyAddress":"$FM$51:$FX$89","_name":"Л2463 Алма"}},"codPlan":null,"meterCoef":"2200","_name":"Л2463 Алма"}