{"ID":"871250f4-1e83-41b4-9873-9df641fba705","childs":{"PS":{"_level":0,"parentID":"871250f4-1e83-41b4-9873-9df641fba705","firstParentID":"871250f4-1e83-41b4-9873-9df641fba705","ID":"d7c21d8f-f336-4b75-a289-e833339449e3","childs":{"прием":{"_level":1,"parentID":"d7c21d8f-f336-4b75-a289-e833339449e3","firstParentID":"871250f4-1e83-41b4-9873-9df641fba705","ID":"efea698a-832f-4826-b600-bb95f05ad297","childs":{"ручное":{"_level":2,"parentID":"efea698a-832f-4826-b600-bb95f05ad297","firstParentID":"871250f4-1e83-41b4-9873-9df641fba705","ID":"fc13967a-3ff0-47f5-bf04-31be49a73d6d","childs":null,"emcosID":null,"emcosMLID":null,"codMaketTEP":null,"codTEP":null,"WSName":"PS","rangeAddress":"$AR$185:$AR$221","headAddress":"$AR$185","bodyAddress":"$AR$186:$AR$221","_name":"ручное"}},"emcosID":null,"emcosMLID":null,"codMaketTEP":null,"codTEP":null,"WSName":"PS","rangeAddress":"$AR$184:$AR$221","headAddress":"$AR$184","bodyAddress":"$AR$185:$AR$221","_name":"прием"},"план":{"_level":1,"parentID":"d7c21d8f-f336-4b75-a289-e833339449e3","firstParentID":"871250f4-1e83-41b4-9873-9df641fba705","ID":"bc169c9e-eddf-494c-81f9-e010cdddf6d0","childs":{"заявка":{"_level":2,"parentID":"bc169c9e-eddf-494c-81f9-e010cdddf6d0","firstParentID":"871250f4-1e83-41b4-9873-9df641fba705","ID":"fd7a0d5e-559e-4881-938e-3062b9081836","childs":null,"emcosID":null,"emcosMLID":null,"codMaketTEP":null,"codTEP":null,"WSName":"PS","rangeAddress":"$AS$185:$AS$221","headAddress":"$AS$185","bodyAddress":"$AS$186:$AS$221","_name":"заявка"}},"emcosID":null,"emcosMLID":null,"codMaketTEP":null,"codTEP":null,"WSName":"PS","rangeAddress":"$AS$184:$AS$221","headAddress":"$AS$184","bodyAddress":"$AS$185:$AS$221","_name":"план"}},"emcosID":null,"emcosMLID":null,"codMaketTEP":null,"codTEP":null,"WSName":"PS","rangeAddress":"$AR$183:$AS$221","headAddress":"$AR$183:$AS$183","bodyAddress":"$AR$184:$AS$221","_name":"Потребление Жибек Жолы Оперейтинг Алматы"},"DB":{"_level":0,"parentID":"871250f4-1e83-41b4-9873-9df641fba705","firstParentID":"871250f4-1e83-41b4-9873-9df641fba705","ID":"854939f9-5ce0-41e9-8be6-2916bddbed3c","childs":{"прием":{"_level":1,"parentID":"854939f9-5ce0-41e9-8be6-2916bddbed3c","firstParentID":"871250f4-1e83-41b4-9873-9df641fba705","ID":"0f497b15-02e9-46cd-bbe9-bd2bf69fa2fc","childs":{"код":{"_level":2,"parentID":"0f497b15-02e9-46cd-bbe9-bd2bf69fa2fc","firstParentID":"871250f4-1e83-41b4-9873-9df641fba705","ID":"ce5e051f-a9dd-4ca4-9287-d5cc8718dddb","childs":null,"emcosID":null,"emcosMLID":null,"codMaketTEP":null,"codTEP":null,"WSName":"DB","rangeAddress":"$FQ$439:$FQ$476","headAddress":"$FQ$439","bodyAddress":"$FQ$440:$FQ$476","_name":"код"},"основное":{"_level":2,"parentID":"0f497b15-02e9-46cd-bbe9-bd2bf69fa2fc","firstParentID":"871250f4-1e83-41b4-9873-9df641fba705","ID":"02e814ee-4d96-4e8f-97ca-3ba13b02fce6","childs":null,"emcosID":null,"emcosMLID":null,"codMaketTEP":null,"codTEP":null,"WSName":"DB","rangeAddress":"$FR$439:$FR$476","headAddress":"$FR$439","bodyAddress":"$FR$440:$FR$476","_name":"основное"},"корректировка факт":{"_level":2,"parentID":"0f497b15-02e9-46cd-bbe9-bd2bf69fa2fc","firstParentID":"871250f4-1e83-41b4-9873-9df641fba705","ID":"3bb856b9-0277-4ec7-ae44-3fd5c74fdc72","childs":null,"emcosID":null,"emcosMLID":null,"codMaketTEP":null,"codTEP":null,"WSName":"DB","rangeAddress":"$FS$439:$FS$476","headAddress":"$FS$439","bodyAddress":"$FS$440:$FS$476","_name":"корректировка факт"},"ручное":{"_level":2,"parentID":"0f497b15-02e9-46cd-bbe9-bd2bf69fa2fc","firstParentID":"871250f4-1e83-41b4-9873-9df641fba705","ID":"7c562a9b-b347-42c6-80dd-148b3f56ea84","childs":null,"emcosID":null,"emcosMLID":null,"codMaketTEP":null,"codTEP":null,"WSName":"DB","rangeAddress":"$FT$439:$FT$476","headAddress":"$FT$439","bodyAddress":"$FT$440:$FT$476","_name":"ручное"},"по плану":{"_level":2,"parentID":"0f497b15-02e9-46cd-bbe9-bd2bf69fa2fc","firstParentID":"871250f4-1e83-41b4-9873-9df641fba705","ID":"e5730138-398d-4e81-91b1-1e7a36263b51","childs":null,"emcosID":null,"emcosMLID":null,"codMaketTEP":null,"codTEP":null,"WSName":"DB","rangeAddress":"$FU$439:$FU$476","headAddress":"$FU$439","bodyAddress":"$FU$440:$FU$476","_name":"по плану"}},"emcosID":null,"emcosMLID":null,"codMaketTEP":null,"codTEP":null,"WSName":"DB","rangeAddress":"$FQ$438:$FU$476","headAddress":"$FQ$438:$FU$438","bodyAddress":"$FQ$439:$FU$476","_name":"прием"},"план":{"_level":1,"parentID":"854939f9-5ce0-41e9-8be6-2916bddbed3c","firstParentID":"871250f4-1e83-41b4-9873-9df641fba705","ID":"0d4d1159-252d-463c-be2a-a895a79bc905","childs":{"код":{"_level":2,"parentID":"0d4d1159-252d-463c-be2a-a895a79bc905","firstParentID":"871250f4-1e83-41b4-9873-9df641fba705","ID":"531a9184-f074-414a-b3d1-5aa97978a099","childs":null,"emcosID":null,"emcosMLID":null,"codMaketTEP":null,"codTEP":null,"WSName":"DB","rangeAddress":"$FV$439:$FV$476","headAddress":"$FV$439","bodyAddress":"$FV$440:$FV$476","_name":"код"},"основное":{"_level":2,"parentID":"0d4d1159-252d-463c-be2a-a895a79bc905","firstParentID":"871250f4-1e83-41b4-9873-9df641fba705","ID":"7097a8ef-90ec-407d-ab6d-91f81f8c37f3","childs":null,"emcosID":null,"emcosMLID":null,"codMaketTEP":null,"codTEP":null,"WSName":"DB","rangeAddress":"$FW$439:$FW$476","headAddress":"$FW$439","bodyAddress":"$FW$440:$FW$476","_name":"основное"},"заявка":{"_level":2,"parentID":"0d4d1159-252d-463c-be2a-a895a79bc905","firstParentID":"871250f4-1e83-41b4-9873-9df641fba705","ID":"3867071a-1818-4351-b318-58300d9f8296","childs":null,"emcosID":null,"emcosMLID":null,"codMaketTEP":null,"codTEP":null,"WSName":"DB","rangeAddress":"$FX$439:$FX$476","headAddress":"$FX$439","bodyAddress":"$FX$440:$FX$476","_name":"заявка"},"утвержденный":{"_level":2,"parentID":"0d4d1159-252d-463c-be2a-a895a79bc905","firstParentID":"871250f4-1e83-41b4-9873-9df641fba705","ID":"857f71ca-69fb-449d-a0d4-deeb6631aed1","childs":null,"emcosID":null,"emcosMLID":null,"codMaketTEP":null,"codTEP":null,"WSName":"DB","rangeAddress":"$FY$439:$FY$476","headAddress":"$FY$439","bodyAddress":"$FY$440:$FY$476","_name":"утвержденный"},"корректировка":{"_level":2,"parentID":"0d4d1159-252d-463c-be2a-a895a79bc905","firstParentID":"871250f4-1e83-41b4-9873-9df641fba705","ID":"2a3c0129-1107-4997-9459-ca14f1263342","childs":null,"emcosID":null,"emcosMLID":null,"codMaketTEP":null,"codTEP":null,"WSName":"DB","rangeAddress":"$FZ$439:$FZ$476","headAddress":"$FZ$439","bodyAddress":"$FZ$440:$FZ$476","_name":"корректировка"}},"emcosID":null,"emcosMLID":null,"codMaketTEP":null,"codTEP":null,"WSName":"DB","rangeAddress":"$FV$438:$FZ$476","headAddress":"$FV$438:$FZ$438","bodyAddress":"$FV$439:$FZ$476","_name":"план"}},"emcosID":null,"emcosMLID":null,"codMaketTEP":null,"codTEP":null,"WSName":"DB","rangeAddress":"$FQ$437:$FZ$476","headAddress":"$FQ$437:$FZ$437","bodyAddress":"$FQ$438:$FZ$476","_name":"Потребление Жибек Жолы Оперейтинг Алматы"}},"codPlan":108,"meterCoef":null,"_name":"Потребление Жибек Жолы Оперейтинг Алматы"}