{"ID":"871250f4-1e83-41b4-9873-9df641fba705","childs":{"PS":{"_level":0,"parentID":"871250f4-1e83-41b4-9873-9df641fba705","firstParentID":"871250f4-1e83-41b4-9873-9df641fba705","ID":"d7c21d8f-f336-4b75-a289-e833339449e3","childs":{"прием":{"_level":1,"parentID":"d7c21d8f-f336-4b75-a289-e833339449e3","firstParentID":"871250f4-1e83-41b4-9873-9df641fba705","ID":"efea698a-832f-4826-b600-bb95f05ad297","childs":{"ручное":{"_level":2,"parentID":"efea698a-832f-4826-b600-bb95f05ad297","firstParentID":"871250f4-1e83-41b4-9873-9df641fba705","ID":"fc13967a-3ff0-47f5-bf04-31be49a73d6d","childs":null,"emcosID":null,"emcosMLID":null,"codMaketTEP":null,"codTEP":null,"WSName":"PS","rangeAddress":"$AP$185:$AP$221","headAddress":"$AP$185","bodyAddress":"$AP$186:$AP$221","_name":"ручное"}},"emcosID":null,"emcosMLID":null,"codMaketTEP":null,"codTEP":null,"WSName":"PS","rangeAddress":"$AP$184:$AP$221","headAddress":"$AP$184","bodyAddress":"$AP$185:$AP$221","_name":"прием"},"план":{"_level":1,"parentID":"d7c21d8f-f336-4b75-a289-e833339449e3","firstParentID":"871250f4-1e83-41b4-9873-9df641fba705","ID":"bc169c9e-eddf-494c-81f9-e010cdddf6d0","childs":{"заявка":{"_level":2,"parentID":"bc169c9e-eddf-494c-81f9-e010cdddf6d0","firstParentID":"871250f4-1e83-41b4-9873-9df641fba705","ID":"fd7a0d5e-559e-4881-938e-3062b9081836","childs":null,"emcosID":null,"emcosMLID":null,"codMaketTEP":null,"codTEP":null,"WSName":"PS","rangeAddress":"$AQ$185:$AQ$221","headAddress":"$AQ$185","bodyAddress":"$AQ$186:$AQ$221","_name":"заявка"}},"emcosID":null,"emcosMLID":null,"codMaketTEP":null,"codTEP":null,"WSName":"PS","rangeAddress":"$AQ$184:$AQ$221","headAddress":"$AQ$184","bodyAddress":"$AQ$185:$AQ$221","_name":"план"}},"emcosID":null,"emcosMLID":null,"codMaketTEP":null,"codTEP":null,"WSName":"PS","rangeAddress":"$AP$183:$AQ$221","headAddress":"$AP$183:$AQ$183","bodyAddress":"$AP$184:$AQ$221","_name":"Потребление Жибек Жолы Оперейтинг Алматы"},"DB":{"_level":0,"parentID":"871250f4-1e83-41b4-9873-9df641fba705","firstParentID":"871250f4-1e83-41b4-9873-9df641fba705","ID":"854939f9-5ce0-41e9-8be6-2916bddbed3c","childs":{"прием":{"_level":1,"parentID":"854939f9-5ce0-41e9-8be6-2916bddbed3c","firstParentID":"871250f4-1e83-41b4-9873-9df641fba705","ID":"0f497b15-02e9-46cd-bbe9-bd2bf69fa2fc","childs":{"код":{"_level":2,"parentID":"0f497b15-02e9-46cd-bbe9-bd2bf69fa2fc","firstParentID":"871250f4-1e83-41b4-9873-9df641fba705","ID":"ce5e051f-a9dd-4ca4-9287-d5cc8718dddb","childs":null,"emcosID":null,"emcosMLID":null,"codMaketTEP":null,"codTEP":null,"WSName":"DB","rangeAddress":"$FH$439:$FH$476","headAddress":"$FH$439","bodyAddress":"$FH$440:$FH$476","_name":"код"},"основное":{"_level":2,"parentID":"0f497b15-02e9-46cd-bbe9-bd2bf69fa2fc","firstParentID":"871250f4-1e83-41b4-9873-9df641fba705","ID":"02e814ee-4d96-4e8f-97ca-3ba13b02fce6","childs":null,"emcosID":null,"emcosMLID":null,"codMaketTEP":null,"codTEP":null,"WSName":"DB","rangeAddress":"$FI$439:$FI$476","headAddress":"$FI$439","bodyAddress":"$FI$440:$FI$476","_name":"основное"},"корректировка факт":{"_level":2,"parentID":"0f497b15-02e9-46cd-bbe9-bd2bf69fa2fc","firstParentID":"871250f4-1e83-41b4-9873-9df641fba705","ID":"3bb856b9-0277-4ec7-ae44-3fd5c74fdc72","childs":null,"emcosID":null,"emcosMLID":null,"codMaketTEP":null,"codTEP":null,"WSName":"DB","rangeAddress":"$FJ$439:$FJ$476","headAddress":"$FJ$439","bodyAddress":"$FJ$440:$FJ$476","_name":"корректировка факт"},"ручное":{"_level":2,"parentID":"0f497b15-02e9-46cd-bbe9-bd2bf69fa2fc","firstParentID":"871250f4-1e83-41b4-9873-9df641fba705","ID":"7c562a9b-b347-42c6-80dd-148b3f56ea84","childs":null,"emcosID":null,"emcosMLID":null,"codMaketTEP":null,"codTEP":null,"WSName":"DB","rangeAddress":"$FK$439:$FK$476","headAddress":"$FK$439","bodyAddress":"$FK$440:$FK$476","_name":"ручное"},"по плану":{"_level":2,"parentID":"0f497b15-02e9-46cd-bbe9-bd2bf69fa2fc","firstParentID":"871250f4-1e83-41b4-9873-9df641fba705","ID":"e5730138-398d-4e81-91b1-1e7a36263b51","childs":null,"emcosID":null,"emcosMLID":null,"codMaketTEP":null,"codTEP":null,"WSName":"DB","rangeAddress":"$FL$439:$FL$476","headAddress":"$FL$439","bodyAddress":"$FL$440:$FL$476","_name":"по плану"}},"emcosID":null,"emcosMLID":null,"codMaketTEP":null,"codTEP":null,"WSName":"DB","rangeAddress":"$FH$438:$FL$476","headAddress":"$FH$438:$FL$438","bodyAddress":"$FH$439:$FL$476","_name":"прием"},"план":{"_level":1,"parentID":"854939f9-5ce0-41e9-8be6-2916bddbed3c","firstParentID":"871250f4-1e83-41b4-9873-9df641fba705","ID":"0d4d1159-252d-463c-be2a-a895a79bc905","childs":{"код":{"_level":2,"parentID":"0d4d1159-252d-463c-be2a-a895a79bc905","firstParentID":"871250f4-1e83-41b4-9873-9df641fba705","ID":"531a9184-f074-414a-b3d1-5aa97978a099","childs":null,"emcosID":null,"emcosMLID":null,"codMaketTEP":null,"codTEP":null,"WSName":"DB","rangeAddress":"$FM$439:$FM$476","headAddress":"$FM$439","bodyAddress":"$FM$440:$FM$476","_name":"код"},"основное":{"_level":2,"parentID":"0d4d1159-252d-463c-be2a-a895a79bc905","firstParentID":"871250f4-1e83-41b4-9873-9df641fba705","ID":"7097a8ef-90ec-407d-ab6d-91f81f8c37f3","childs":null,"emcosID":null,"emcosMLID":null,"codMaketTEP":null,"codTEP":null,"WSName":"DB","rangeAddress":"$FN$439:$FN$476","headAddress":"$FN$439","bodyAddress":"$FN$440:$FN$476","_name":"основное"},"заявка":{"_level":2,"parentID":"0d4d1159-252d-463c-be2a-a895a79bc905","firstParentID":"871250f4-1e83-41b4-9873-9df641fba705","ID":"3867071a-1818-4351-b318-58300d9f8296","childs":null,"emcosID":null,"emcosMLID":null,"codMaketTEP":null,"codTEP":null,"WSName":"DB","rangeAddress":"$FO$439:$FO$476","headAddress":"$FO$439","bodyAddress":"$FO$440:$FO$476","_name":"заявка"},"утвержденный":{"_level":2,"parentID":"0d4d1159-252d-463c-be2a-a895a79bc905","firstParentID":"871250f4-1e83-41b4-9873-9df641fba705","ID":"857f71ca-69fb-449d-a0d4-deeb6631aed1","childs":null,"emcosID":null,"emcosMLID":null,"codMaketTEP":null,"codTEP":null,"WSName":"DB","rangeAddress":"$FP$439:$FP$476","headAddress":"$FP$439","bodyAddress":"$FP$440:$FP$476","_name":"утвержденный"},"корректировка":{"_level":2,"parentID":"0d4d1159-252d-463c-be2a-a895a79bc905","firstParentID":"871250f4-1e83-41b4-9873-9df641fba705","ID":"2a3c0129-1107-4997-9459-ca14f1263342","childs":null,"emcosID":null,"emcosMLID":null,"codMaketTEP":null,"codTEP":null,"WSName":"DB","rangeAddress":"$FQ$439:$FQ$476","headAddress":"$FQ$439","bodyAddress":"$FQ$440:$FQ$476","_name":"корректировка"}},"emcosID":null,"emcosMLID":null,"codMaketTEP":null,"codTEP":null,"WSName":"DB","rangeAddress":"$FM$438:$FQ$476","headAddress":"$FM$438:$FQ$438","bodyAddress":"$FM$439:$FQ$476","_name":"план"}},"emcosID":null,"emcosMLID":null,"codMaketTEP":null,"codTEP":null,"WSName":"DB","rangeAddress":"$FH$437:$FQ$476","headAddress":"$FH$437:$FQ$437","bodyAddress":"$FH$438:$FQ$476","_name":"Потребление Жибек Жолы Оперейтинг Алматы"}},"codPlan":108,"meterCoef":null,"_name":"Потребление Жибек Жолы Оперейтинг Алматы"}