{"ID":"880e3acf-c8a0-4d82-807f-f44d70d0a016","childs":{"PS":{"_level":0,"parentID":"880e3acf-c8a0-4d82-807f-f44d70d0a016","firstParentID":"880e3acf-c8a0-4d82-807f-f44d70d0a016","ID":"5259514e-dff9-4b4a-9740-65db456aba25","childs":{"прием":{"_level":1,"parentID":"5259514e-dff9-4b4a-9740-65db456aba25","firstParentID":"880e3acf-c8a0-4d82-807f-f44d70d0a016","ID":"187dc25f-d203-4a19-a573-a11550f43006","childs":{"по счетчику":{"_level":2,"parentID":"187dc25f-d203-4a19-a573-a11550f43006","firstParentID":"880e3acf-c8a0-4d82-807f-f44d70d0a016","ID":"4f41a79e-b110-4072-ba74-7135002f5e75","childs":null,"emcosID":null,"emcosMLID":null,"codMaketTEP":null,"codTEP":null,"WSName":"PS","rangeAddress":"$CA$99:$CA$135","headAddress":"$CA$99","bodyAddress":"$CA$100:$CA$135","_name":"по счетчику"},"СЧЕТЧИК":{"_level":2,"parentID":"187dc25f-d203-4a19-a573-a11550f43006","firstParentID":"880e3acf-c8a0-4d82-807f-f44d70d0a016","ID":"785c667a-7d49-4479-b61d-67af3b9d0081","childs":null,"emcosID":null,"emcosMLID":null,"codMaketTEP":null,"codTEP":null,"WSName":"PS","rangeAddress":"$CB$99:$CB$135","headAddress":"$CB$99","bodyAddress":"$CB$100:$CB$135","_name":"СЧЕТЧИК"}},"emcosID":null,"emcosMLID":null,"codMaketTEP":null,"codTEP":null,"WSName":"PS","rangeAddress":"$CA$98:$CB$135","headAddress":"$CA$98:$CB$98","bodyAddress":"$CA$99:$CB$135","_name":"прием"},"отдача":{"_level":1,"parentID":"5259514e-dff9-4b4a-9740-65db456aba25","firstParentID":"880e3acf-c8a0-4d82-807f-f44d70d0a016","ID":"d6cd83d5-ddcf-4878-9eb9-62d80457e7c0","childs":{"по счетчику":{"_level":2,"parentID":"d6cd83d5-ddcf-4878-9eb9-62d80457e7c0","firstParentID":"880e3acf-c8a0-4d82-807f-f44d70d0a016","ID":"1a7c0f6f-b735-48b2-865d-27e697448ac2","childs":null,"emcosID":null,"emcosMLID":null,"codMaketTEP":null,"codTEP":null,"WSName":"PS","rangeAddress":"$CC$99:$CC$135","headAddress":"$CC$99","bodyAddress":"$CC$100:$CC$135","_name":"по счетчику"},"СЧЕТЧИК":{"_level":2,"parentID":"d6cd83d5-ddcf-4878-9eb9-62d80457e7c0","firstParentID":"880e3acf-c8a0-4d82-807f-f44d70d0a016","ID":"e7389002-25ff-4189-b1f0-ec2d410a3aeb","childs":null,"emcosID":null,"emcosMLID":null,"codMaketTEP":null,"codTEP":null,"WSName":"PS","rangeAddress":"$CD$99:$CD$135","headAddress":"$CD$99","bodyAddress":"$CD$100:$CD$135","_name":"СЧЕТЧИК"}},"emcosID":null,"emcosMLID":null,"codMaketTEP":null,"codTEP":null,"WSName":"PS","rangeAddress":"$CC$98:$CD$135","headAddress":"$CC$98:$CD$98","bodyAddress":"$CC$99:$CD$135","_name":"отдача"}},"emcosID":null,"emcosMLID":null,"codMaketTEP":null,"codTEP":null,"WSName":"PS","rangeAddress":"$CA$97:$CD$135","headAddress":"$CA$97:$CD$97","bodyAddress":"$CA$98:$CD$135","_name":"КЛ50 ПС149 Талдыкорган ЗЩА"},"DB":{"_level":0,"parentID":"880e3acf-c8a0-4d82-807f-f44d70d0a016","firstParentID":"880e3acf-c8a0-4d82-807f-f44d70d0a016","ID":"bf516924-c3ec-4f8a-9175-9d682c7cb858","childs":{"прием":{"_level":1,"parentID":"bf516924-c3ec-4f8a-9175-9d682c7cb858","firstParentID":"880e3acf-c8a0-4d82-807f-f44d70d0a016","ID":"8cb08851-869e-4148-baa1-7f2d15233a23","childs":{"код":{"_level":2,"parentID":"8cb08851-869e-4148-baa1-7f2d15233a23","firstParentID":"880e3acf-c8a0-4d82-807f-f44d70d0a016","ID":"404fd90a-9db4-4a86-9d97-c2407a5e698a","childs":null,"emcosID":null,"emcosMLID":null,"codMaketTEP":null,"codTEP":null,"WSName":"DB","rangeAddress":"$BX$267:$BX$304","headAddress":"$BX$267","bodyAddress":"$BX$268:$BX$304","_name":"код"},"основное":{"_level":2,"parentID":"8cb08851-869e-4148-baa1-7f2d15233a23","firstParentID":"880e3acf-c8a0-4d82-807f-f44d70d0a016","ID":"cb275602-dc1c-4d32-bdc9-bacd9dd23183","childs":null,"emcosID":null,"emcosMLID":null,"codMaketTEP":null,"codTEP":null,"WSName":"DB","rangeAddress":"$BY$267:$BY$304","headAddress":"$BY$267","bodyAddress":"$BY$268:$BY$304","_name":"основное"},"корректировка факт":{"_level":2,"parentID":"8cb08851-869e-4148-baa1-7f2d15233a23","firstParentID":"880e3acf-c8a0-4d82-807f-f44d70d0a016","ID":"c0ee3160-f380-4f93-a01c-ac6820bfe981","childs":null,"emcosID":null,"emcosMLID":null,"codMaketTEP":null,"codTEP":null,"WSName":"DB","rangeAddress":"$BZ$267:$BZ$304","headAddress":"$BZ$267","bodyAddress":"$BZ$268:$BZ$304","_name":"корректировка факт"},"ручное":{"_level":2,"parentID":"8cb08851-869e-4148-baa1-7f2d15233a23","firstParentID":"880e3acf-c8a0-4d82-807f-f44d70d0a016","ID":"e5cc1883-d283-4f31-9b31-493737de410e","childs":null,"emcosID":null,"emcosMLID":null,"codMaketTEP":null,"codTEP":null,"WSName":"DB","rangeAddress":"$CA$267:$CA$304","headAddress":"$CA$267","bodyAddress":"$CA$268:$CA$304","_name":"ручное"},"оперативное":{"_level":2,"parentID":"8cb08851-869e-4148-baa1-7f2d15233a23","firstParentID":"880e3acf-c8a0-4d82-807f-f44d70d0a016","ID":"eeedff3c-ef66-412f-bbb7-0914107fee79","childs":null,"emcosID":null,"emcosMLID":null,"codMaketTEP":null,"codTEP":null,"WSName":"DB","rangeAddress":"$CB$267:$CB$304","headAddress":"$CB$267","bodyAddress":"$CB$268:$CB$304","_name":"оперативное"},"счетчик":{"_level":2,"parentID":"8cb08851-869e-4148-baa1-7f2d15233a23","firstParentID":"880e3acf-c8a0-4d82-807f-f44d70d0a016","ID":"9ad15ca6-9f46-4c2e-8792-b9838839284a","childs":null,"emcosID":null,"emcosMLID":null,"codMaketTEP":null,"codTEP":null,"WSName":"DB","rangeAddress":"$CC$267:$CC$304","headAddress":"$CC$267","bodyAddress":"$CC$268:$CC$304","_name":"счетчик"},"по счетчику":{"_level":2,"parentID":"8cb08851-869e-4148-baa1-7f2d15233a23","firstParentID":"880e3acf-c8a0-4d82-807f-f44d70d0a016","ID":"94d4017a-558b-45b3-95df-8613ec9078ea","childs":null,"emcosID":null,"emcosMLID":null,"codMaketTEP":null,"codTEP":null,"WSName":"DB","rangeAddress":"$CD$267:$CD$304","headAddress":"$CD$267","bodyAddress":"$CD$268:$CD$304","_name":"по счетчику"}},"emcosID":null,"emcosMLID":null,"codMaketTEP":null,"codTEP":null,"WSName":"DB","rangeAddress":"$BX$266:$CD$304","headAddress":"$BX$266:$CD$266","bodyAddress":"$BX$267:$CD$304","_name":"прием"},"отдача":{"_level":1,"parentID":"bf516924-c3ec-4f8a-9175-9d682c7cb858","firstParentID":"880e3acf-c8a0-4d82-807f-f44d70d0a016","ID":"c28c939a-cc11-4c40-ba08-18caa0a09c65","childs":{"код":{"_level":2,"parentID":"c28c939a-cc11-4c40-ba08-18caa0a09c65","firstParentID":"880e3acf-c8a0-4d82-807f-f44d70d0a016","ID":"4db10612-ed87-433c-8009-7c6390a815c9","childs":null,"emcosID":null,"emcosMLID":null,"codMaketTEP":null,"codTEP":null,"WSName":"DB","rangeAddress":"$CE$267:$CE$304","headAddress":"$CE$267","bodyAddress":"$CE$268:$CE$304","_name":"код"},"основное":{"_level":2,"parentID":"c28c939a-cc11-4c40-ba08-18caa0a09c65","firstParentID":"880e3acf-c8a0-4d82-807f-f44d70d0a016","ID":"dd393245-0450-4f11-afb0-eed77c0e48f3","childs":null,"emcosID":null,"emcosMLID":null,"codMaketTEP":null,"codTEP":null,"WSName":"DB","rangeAddress":"$CF$267:$CF$304","headAddress":"$CF$267","bodyAddress":"$CF$268:$CF$304","_name":"основное"},"корректировка факт":{"_level":2,"parentID":"c28c939a-cc11-4c40-ba08-18caa0a09c65","firstParentID":"880e3acf-c8a0-4d82-807f-f44d70d0a016","ID":"7b1c9a09-fe81-4418-906f-eada05632e4f","childs":null,"emcosID":null,"emcosMLID":null,"codMaketTEP":null,"codTEP":null,"WSName":"DB","rangeAddress":"$CG$267:$CG$304","headAddress":"$CG$267","bodyAddress":"$CG$268:$CG$304","_name":"корректировка факт"},"ручное":{"_level":2,"parentID":"c28c939a-cc11-4c40-ba08-18caa0a09c65","firstParentID":"880e3acf-c8a0-4d82-807f-f44d70d0a016","ID":"7a623034-a680-447e-afca-94437f9990d6","childs":null,"emcosID":null,"emcosMLID":null,"codMaketTEP":null,"codTEP":null,"WSName":"DB","rangeAddress":"$CH$267:$CH$304","headAddress":"$CH$267","bodyAddress":"$CH$268:$CH$304","_name":"ручное"},"оперативное":{"_level":2,"parentID":"c28c939a-cc11-4c40-ba08-18caa0a09c65","firstParentID":"880e3acf-c8a0-4d82-807f-f44d70d0a016","ID":"bb9180e6-8c02-40aa-8504-5942b8bd5ed3","childs":null,"emcosID":null,"emcosMLID":null,"codMaketTEP":null,"codTEP":null,"WSName":"DB","rangeAddress":"$CI$267:$CI$304","headAddress":"$CI$267","bodyAddress":"$CI$268:$CI$304","_name":"оперативное"},"счетчик":{"_level":2,"parentID":"c28c939a-cc11-4c40-ba08-18caa0a09c65","firstParentID":"880e3acf-c8a0-4d82-807f-f44d70d0a016","ID":"e57b1e71-02c2-478d-b0a8-f50389818932","childs":null,"emcosID":null,"emcosMLID":null,"codMaketTEP":null,"codTEP":null,"WSName":"DB","rangeAddress":"$CJ$267:$CJ$304","headAddress":"$CJ$267","bodyAddress":"$CJ$268:$CJ$304","_name":"счетчик"},"по счетчику":{"_level":2,"parentID":"c28c939a-cc11-4c40-ba08-18caa0a09c65","firstParentID":"880e3acf-c8a0-4d82-807f-f44d70d0a016","ID":"94b7d1de-4b24-4b26-a131-6d7219b57a69","childs":null,"emcosID":null,"emcosMLID":null,"codMaketTEP":null,"codTEP":null,"WSName":"DB","rangeAddress":"$CK$267:$CK$304","headAddress":"$CK$267","bodyAddress":"$CK$268:$CK$304","_name":"по счетчику"}},"emcosID":null,"emcosMLID":null,"codMaketTEP":null,"codTEP":null,"WSName":"DB","rangeAddress":"$CE$266:$CK$304","headAddress":"$CE$266:$CK$266","bodyAddress":"$CE$267:$CK$304","_name":"отдача"}},"emcosID":null,"emcosMLID":null,"codMaketTEP":null,"codTEP":null,"WSName":"DB","rangeAddress":"$BX$265:$CK$304","headAddress":"$BX$265:$CK$265","bodyAddress":"$BX$266:$CK$304","_name":"КЛ50 ПС149 Талдыкорган ЗЩА"}},"codPlan":null,"meterCoef":"6","_name":"КЛ50 ПС149 Талдыкорган ЗЩА"}