{"ID":"880e3acf-c8a0-4d82-807f-f44d70d0a016","childs":{"PS":{"_level":0,"parentID":"880e3acf-c8a0-4d82-807f-f44d70d0a016","firstParentID":"880e3acf-c8a0-4d82-807f-f44d70d0a016","ID":"5259514e-dff9-4b4a-9740-65db456aba25","childs":{"отдача":{"_level":1,"parentID":"5259514e-dff9-4b4a-9740-65db456aba25","firstParentID":"880e3acf-c8a0-4d82-807f-f44d70d0a016","ID":"d6cd83d5-ddcf-4878-9eb9-62d80457e7c0","childs":{"по счетчику":{"_level":2,"parentID":"d6cd83d5-ddcf-4878-9eb9-62d80457e7c0","firstParentID":"880e3acf-c8a0-4d82-807f-f44d70d0a016","ID":"1a7c0f6f-b735-48b2-865d-27e697448ac2","childs":null,"emcosID":null,"emcosMLID":null,"codMaketTEP":null,"codTEP":null,"WSName":"PS","rangeAddress":"$BR$99:$BR$135","headAddress":"$BR$99","bodyAddress":"$BR$100:$BR$135","_name":"по счетчику"},"СЧЕТЧИК":{"_level":2,"parentID":"d6cd83d5-ddcf-4878-9eb9-62d80457e7c0","firstParentID":"880e3acf-c8a0-4d82-807f-f44d70d0a016","ID":"e7389002-25ff-4189-b1f0-ec2d410a3aeb","childs":null,"emcosID":null,"emcosMLID":null,"codMaketTEP":null,"codTEP":null,"WSName":"PS","rangeAddress":"$BS$99:$BS$135","headAddress":"$BS$99","bodyAddress":"$BS$100:$BS$135","_name":"СЧЕТЧИК"}},"emcosID":null,"emcosMLID":null,"codMaketTEP":null,"codTEP":null,"WSName":"PS","rangeAddress":"$BR$98:$BS$135","headAddress":"$BR$98:$BS$98","bodyAddress":"$BR$99:$BS$135","_name":"отдача"}},"emcosID":null,"emcosMLID":null,"codMaketTEP":null,"codTEP":null,"WSName":"PS","rangeAddress":"$BR$97:$BS$135","headAddress":"$BR$97:$BS$97","bodyAddress":"$BR$98:$BS$135","_name":"КЛ50 ПС149 Талдыкорган ЗЩА"},"DB":{"_level":0,"parentID":"880e3acf-c8a0-4d82-807f-f44d70d0a016","firstParentID":"880e3acf-c8a0-4d82-807f-f44d70d0a016","ID":"bf516924-c3ec-4f8a-9175-9d682c7cb858","childs":{"отдача":{"_level":1,"parentID":"bf516924-c3ec-4f8a-9175-9d682c7cb858","firstParentID":"880e3acf-c8a0-4d82-807f-f44d70d0a016","ID":"c28c939a-cc11-4c40-ba08-18caa0a09c65","childs":{"код":{"_level":2,"parentID":"c28c939a-cc11-4c40-ba08-18caa0a09c65","firstParentID":"880e3acf-c8a0-4d82-807f-f44d70d0a016","ID":"4db10612-ed87-433c-8009-7c6390a815c9","childs":null,"emcosID":null,"emcosMLID":null,"codMaketTEP":null,"codTEP":null,"WSName":"DB","rangeAddress":"$BV$267:$BV$304","headAddress":"$BV$267","bodyAddress":"$BV$268:$BV$304","_name":"код"},"основное":{"_level":2,"parentID":"c28c939a-cc11-4c40-ba08-18caa0a09c65","firstParentID":"880e3acf-c8a0-4d82-807f-f44d70d0a016","ID":"dd393245-0450-4f11-afb0-eed77c0e48f3","childs":null,"emcosID":null,"emcosMLID":null,"codMaketTEP":null,"codTEP":null,"WSName":"DB","rangeAddress":"$BW$267:$BW$304","headAddress":"$BW$267","bodyAddress":"$BW$268:$BW$304","_name":"основное"},"корректировка факт":{"_level":2,"parentID":"c28c939a-cc11-4c40-ba08-18caa0a09c65","firstParentID":"880e3acf-c8a0-4d82-807f-f44d70d0a016","ID":"7b1c9a09-fe81-4418-906f-eada05632e4f","childs":null,"emcosID":null,"emcosMLID":null,"codMaketTEP":null,"codTEP":null,"WSName":"DB","rangeAddress":"$BX$267:$BX$304","headAddress":"$BX$267","bodyAddress":"$BX$268:$BX$304","_name":"корректировка факт"},"ручное":{"_level":2,"parentID":"c28c939a-cc11-4c40-ba08-18caa0a09c65","firstParentID":"880e3acf-c8a0-4d82-807f-f44d70d0a016","ID":"7a623034-a680-447e-afca-94437f9990d6","childs":null,"emcosID":null,"emcosMLID":null,"codMaketTEP":null,"codTEP":null,"WSName":"DB","rangeAddress":"$BY$267:$BY$304","headAddress":"$BY$267","bodyAddress":"$BY$268:$BY$304","_name":"ручное"},"оперативное":{"_level":2,"parentID":"c28c939a-cc11-4c40-ba08-18caa0a09c65","firstParentID":"880e3acf-c8a0-4d82-807f-f44d70d0a016","ID":"bb9180e6-8c02-40aa-8504-5942b8bd5ed3","childs":null,"emcosID":null,"emcosMLID":null,"codMaketTEP":null,"codTEP":null,"WSName":"DB","rangeAddress":"$BZ$267:$BZ$304","headAddress":"$BZ$267","bodyAddress":"$BZ$268:$BZ$304","_name":"оперативное"},"счетчик":{"_level":2,"parentID":"c28c939a-cc11-4c40-ba08-18caa0a09c65","firstParentID":"880e3acf-c8a0-4d82-807f-f44d70d0a016","ID":"e57b1e71-02c2-478d-b0a8-f50389818932","childs":null,"emcosID":null,"emcosMLID":null,"codMaketTEP":null,"codTEP":null,"WSName":"DB","rangeAddress":"$CA$267:$CA$304","headAddress":"$CA$267","bodyAddress":"$CA$268:$CA$304","_name":"счетчик"},"по счетчику":{"_level":2,"parentID":"c28c939a-cc11-4c40-ba08-18caa0a09c65","firstParentID":"880e3acf-c8a0-4d82-807f-f44d70d0a016","ID":"94b7d1de-4b24-4b26-a131-6d7219b57a69","childs":null,"emcosID":null,"emcosMLID":null,"codMaketTEP":null,"codTEP":null,"WSName":"DB","rangeAddress":"$CB$267:$CB$304","headAddress":"$CB$267","bodyAddress":"$CB$268:$CB$304","_name":"по счетчику"}},"emcosID":null,"emcosMLID":null,"codMaketTEP":null,"codTEP":null,"WSName":"DB","rangeAddress":"$BV$266:$CB$304","headAddress":"$BV$266:$CB$266","bodyAddress":"$BV$267:$CB$304","_name":"отдача"}},"emcosID":null,"emcosMLID":null,"codMaketTEP":null,"codTEP":null,"WSName":"DB","rangeAddress":"$BV$265:$CB$304","headAddress":"$BV$265:$CB$265","bodyAddress":"$BV$266:$CB$304","_name":"КЛ50 ПС149 Талдыкорган ЗЩА"}},"codPlan":null,"meterCoef":"6","_name":"КЛ50 ПС149 Талдыкорган ЗЩА"}