{"ID":"880e3acf-c8a0-4d82-807f-f44d70d0a016","childs":{"PS":{"_level":0,"parentID":"880e3acf-c8a0-4d82-807f-f44d70d0a016","firstParentID":"880e3acf-c8a0-4d82-807f-f44d70d0a016","ID":"5259514e-dff9-4b4a-9740-65db456aba25","childs":{"отдача":{"_level":1,"parentID":"5259514e-dff9-4b4a-9740-65db456aba25","firstParentID":"880e3acf-c8a0-4d82-807f-f44d70d0a016","ID":"d6cd83d5-ddcf-4878-9eb9-62d80457e7c0","childs":{"по счетчику":{"_level":2,"parentID":"d6cd83d5-ddcf-4878-9eb9-62d80457e7c0","firstParentID":"880e3acf-c8a0-4d82-807f-f44d70d0a016","ID":"1a7c0f6f-b735-48b2-865d-27e697448ac2","childs":null,"emcosID":null,"emcosMLID":null,"codMaketTEP":null,"codTEP":null,"WSName":"PS","rangeAddress":"$BR$99:$BR$135","headAddress":"$BR$99","bodyAddress":"$BR$100:$BR$135","_name":"по счетчику"},"СЧЕТЧИК":{"_level":2,"parentID":"d6cd83d5-ddcf-4878-9eb9-62d80457e7c0","firstParentID":"880e3acf-c8a0-4d82-807f-f44d70d0a016","ID":"e7389002-25ff-4189-b1f0-ec2d410a3aeb","childs":null,"emcosID":null,"emcosMLID":null,"codMaketTEP":null,"codTEP":null,"WSName":"PS","rangeAddress":"$BS$99:$BS$135","headAddress":"$BS$99","bodyAddress":"$BS$100:$BS$135","_name":"СЧЕТЧИК"}},"emcosID":null,"emcosMLID":null,"codMaketTEP":null,"codTEP":null,"WSName":"PS","rangeAddress":"$BR$98:$BS$135","headAddress":"$BR$98:$BS$98","bodyAddress":"$BR$99:$BS$135","_name":"отдача"}},"emcosID":null,"emcosMLID":null,"codMaketTEP":null,"codTEP":null,"WSName":"PS","rangeAddress":"$BR$97:$BS$135","headAddress":"$BR$97:$BS$97","bodyAddress":"$BR$98:$BS$135","_name":"КЛ50 ПС149 Талдыкорган ЗЩА"},"DB":{"_level":0,"parentID":"880e3acf-c8a0-4d82-807f-f44d70d0a016","firstParentID":"880e3acf-c8a0-4d82-807f-f44d70d0a016","ID":"bf516924-c3ec-4f8a-9175-9d682c7cb858","childs":{"отдача":{"_level":1,"parentID":"bf516924-c3ec-4f8a-9175-9d682c7cb858","firstParentID":"880e3acf-c8a0-4d82-807f-f44d70d0a016","ID":"c28c939a-cc11-4c40-ba08-18caa0a09c65","childs":{"код":{"_level":2,"parentID":"c28c939a-cc11-4c40-ba08-18caa0a09c65","firstParentID":"880e3acf-c8a0-4d82-807f-f44d70d0a016","ID":"4db10612-ed87-433c-8009-7c6390a815c9","childs":null,"emcosID":null,"emcosMLID":null,"codMaketTEP":null,"codTEP":null,"WSName":"DB","rangeAddress":"$DE$267:$DE$304","headAddress":"$DE$267","bodyAddress":"$DE$268:$DE$304","_name":"код"},"основное":{"_level":2,"parentID":"c28c939a-cc11-4c40-ba08-18caa0a09c65","firstParentID":"880e3acf-c8a0-4d82-807f-f44d70d0a016","ID":"dd393245-0450-4f11-afb0-eed77c0e48f3","childs":null,"emcosID":null,"emcosMLID":null,"codMaketTEP":null,"codTEP":null,"WSName":"DB","rangeAddress":"$DF$267:$DF$304","headAddress":"$DF$267","bodyAddress":"$DF$268:$DF$304","_name":"основное"},"корректировка факт":{"_level":2,"parentID":"c28c939a-cc11-4c40-ba08-18caa0a09c65","firstParentID":"880e3acf-c8a0-4d82-807f-f44d70d0a016","ID":"7b1c9a09-fe81-4418-906f-eada05632e4f","childs":null,"emcosID":null,"emcosMLID":null,"codMaketTEP":null,"codTEP":null,"WSName":"DB","rangeAddress":"$DG$267:$DG$304","headAddress":"$DG$267","bodyAddress":"$DG$268:$DG$304","_name":"корректировка факт"},"ручное":{"_level":2,"parentID":"c28c939a-cc11-4c40-ba08-18caa0a09c65","firstParentID":"880e3acf-c8a0-4d82-807f-f44d70d0a016","ID":"7a623034-a680-447e-afca-94437f9990d6","childs":null,"emcosID":null,"emcosMLID":null,"codMaketTEP":null,"codTEP":null,"WSName":"DB","rangeAddress":"$DH$267:$DH$304","headAddress":"$DH$267","bodyAddress":"$DH$268:$DH$304","_name":"ручное"},"оперативное":{"_level":2,"parentID":"c28c939a-cc11-4c40-ba08-18caa0a09c65","firstParentID":"880e3acf-c8a0-4d82-807f-f44d70d0a016","ID":"bb9180e6-8c02-40aa-8504-5942b8bd5ed3","childs":null,"emcosID":null,"emcosMLID":null,"codMaketTEP":null,"codTEP":null,"WSName":"DB","rangeAddress":"$DI$267:$DI$304","headAddress":"$DI$267","bodyAddress":"$DI$268:$DI$304","_name":"оперативное"},"счетчик":{"_level":2,"parentID":"c28c939a-cc11-4c40-ba08-18caa0a09c65","firstParentID":"880e3acf-c8a0-4d82-807f-f44d70d0a016","ID":"e57b1e71-02c2-478d-b0a8-f50389818932","childs":null,"emcosID":null,"emcosMLID":null,"codMaketTEP":null,"codTEP":null,"WSName":"DB","rangeAddress":"$DJ$267:$DJ$304","headAddress":"$DJ$267","bodyAddress":"$DJ$268:$DJ$304","_name":"счетчик"},"по счетчику":{"_level":2,"parentID":"c28c939a-cc11-4c40-ba08-18caa0a09c65","firstParentID":"880e3acf-c8a0-4d82-807f-f44d70d0a016","ID":"94b7d1de-4b24-4b26-a131-6d7219b57a69","childs":null,"emcosID":null,"emcosMLID":null,"codMaketTEP":null,"codTEP":null,"WSName":"DB","rangeAddress":"$DK$267:$DK$304","headAddress":"$DK$267","bodyAddress":"$DK$268:$DK$304","_name":"по счетчику"}},"emcosID":null,"emcosMLID":null,"codMaketTEP":null,"codTEP":null,"WSName":"DB","rangeAddress":"$DE$266:$DK$304","headAddress":"$DE$266:$DK$266","bodyAddress":"$DE$267:$DK$304","_name":"отдача"}},"emcosID":null,"emcosMLID":null,"codMaketTEP":null,"codTEP":null,"WSName":"DB","rangeAddress":"$DE$265:$DK$304","headAddress":"$DE$265:$DK$265","bodyAddress":"$DE$266:$DK$304","_name":"КЛ50 ПС149 Талдыкорган ЗЩА"}},"codPlan":null,"meterCoef":"6","_name":"КЛ50 ПС149 Талдыкорган ЗЩА"}