{"ID":"88a835ae-8916-4b78-9d6f-baf83d582cdc","childs":{"PS":{"_level":0,"parentID":"88a835ae-8916-4b78-9d6f-baf83d582cdc","firstParentID":"88a835ae-8916-4b78-9d6f-baf83d582cdc","ID":"89b4f615-bd01-4cb9-ab54-92041f3136cc","childs":{"отдача":{"_level":1,"parentID":"89b4f615-bd01-4cb9-ab54-92041f3136cc","firstParentID":"88a835ae-8916-4b78-9d6f-baf83d582cdc","ID":"d86470a7-92f4-4e18-90e4-ed81967c0270","childs":{"формула":{"_level":2,"parentID":"d86470a7-92f4-4e18-90e4-ed81967c0270","firstParentID":"88a835ae-8916-4b78-9d6f-baf83d582cdc","ID":"7b10696a-76d9-491d-ab29-f4bbf8019ac0","childs":null,"emcosID":null,"emcosMLID":null,"codMaketTEP":null,"codTEP":null,"WSName":"PS","rangeAddress":"$BG$228:$BG$264","headAddress":"$BG$228","bodyAddress":"$BG$229:$BG$264","_name":"формула"}},"emcosID":null,"emcosMLID":null,"codMaketTEP":null,"codTEP":null,"WSName":"PS","rangeAddress":"$BG$227:$BG$264","headAddress":"$BG$227","bodyAddress":"$BG$228:$BG$264","_name":"отдача"}},"emcosID":null,"emcosMLID":null,"codMaketTEP":null,"codTEP":null,"WSName":"PS","rangeAddress":"$BG$226:$BG$264","headAddress":"$BG$226","bodyAddress":"$BG$227:$BG$264","_name":"Отпуск в сеть Каскад Каратальских ГЭС ККГЭС"},"DB":{"_level":0,"parentID":"88a835ae-8916-4b78-9d6f-baf83d582cdc","firstParentID":"88a835ae-8916-4b78-9d6f-baf83d582cdc","ID":"739380a8-5854-451c-b34b-3c37fe5450a5","childs":{"отдача":{"_level":1,"parentID":"739380a8-5854-451c-b34b-3c37fe5450a5","firstParentID":"88a835ae-8916-4b78-9d6f-baf83d582cdc","ID":"d7563ff4-9ba2-4491-bf3c-ff060e014c1e","childs":{"код":{"_level":2,"parentID":"d7563ff4-9ba2-4491-bf3c-ff060e014c1e","firstParentID":"88a835ae-8916-4b78-9d6f-baf83d582cdc","ID":"7e18b4ef-bd2d-4a26-a786-8d98f30bfa2a","childs":null,"emcosID":null,"emcosMLID":null,"codMaketTEP":null,"codTEP":null,"WSName":"DB","rangeAddress":"$HG$224:$HG$261","headAddress":"$HG$224","bodyAddress":"$HG$225:$HG$261","_name":"код"},"основное":{"_level":2,"parentID":"d7563ff4-9ba2-4491-bf3c-ff060e014c1e","firstParentID":"88a835ae-8916-4b78-9d6f-baf83d582cdc","ID":"b68fd82b-a543-4611-bd91-6a31f5576449","childs":null,"emcosID":null,"emcosMLID":null,"codMaketTEP":null,"codTEP":null,"WSName":"DB","rangeAddress":"$HH$224:$HH$261","headAddress":"$HH$224","bodyAddress":"$HH$225:$HH$261","_name":"основное"},"корректировка факт":{"_level":2,"parentID":"d7563ff4-9ba2-4491-bf3c-ff060e014c1e","firstParentID":"88a835ae-8916-4b78-9d6f-baf83d582cdc","ID":"8c57654c-1a53-4334-8d7e-f749681a4d7a","childs":null,"emcosID":null,"emcosMLID":null,"codMaketTEP":null,"codTEP":null,"WSName":"DB","rangeAddress":"$HI$224:$HI$261","headAddress":"$HI$224","bodyAddress":"$HI$225:$HI$261","_name":"корректировка факт"},"ручное":{"_level":2,"parentID":"d7563ff4-9ba2-4491-bf3c-ff060e014c1e","firstParentID":"88a835ae-8916-4b78-9d6f-baf83d582cdc","ID":"8438fa2a-a743-46f7-8110-94fe2575b743","childs":null,"emcosID":null,"emcosMLID":null,"codMaketTEP":null,"codTEP":null,"WSName":"DB","rangeAddress":"$HJ$224:$HJ$261","headAddress":"$HJ$224","bodyAddress":"$HJ$225:$HJ$261","_name":"ручное"},"формула":{"_level":2,"parentID":"d7563ff4-9ba2-4491-bf3c-ff060e014c1e","firstParentID":"88a835ae-8916-4b78-9d6f-baf83d582cdc","ID":"963a447a-a71a-4305-becf-d0fe04d953dc","childs":null,"emcosID":null,"emcosMLID":null,"codMaketTEP":null,"codTEP":null,"WSName":"DB","rangeAddress":"$HK$224:$HK$261","headAddress":"$HK$224","bodyAddress":"$HK$225:$HK$261","_name":"формула"}},"emcosID":null,"emcosMLID":null,"codMaketTEP":null,"codTEP":null,"WSName":"DB","rangeAddress":"$HG$223:$HK$261","headAddress":"$HG$223:$HK$223","bodyAddress":"$HG$224:$HK$261","_name":"отдача"}},"emcosID":null,"emcosMLID":null,"codMaketTEP":null,"codTEP":null,"WSName":"DB","rangeAddress":"$HG$222:$HK$261","headAddress":"$HG$222:$HK$222","bodyAddress":"$HG$223:$HK$261","_name":"Отпуск в сеть Каскад Каратальских ГЭС ККГЭС"}},"codPlan":null,"meterCoef":null,"_name":"Отпуск в сеть Каскад Каратальских ГЭС ККГЭС"}