{"ID":"899e4c30-671b-4f33-b889-f4537d28c839","childs":{"PS":{"_level":0,"parentID":"899e4c30-671b-4f33-b889-f4537d28c839","firstParentID":"899e4c30-671b-4f33-b889-f4537d28c839","ID":"b42a813b-44e0-4550-8a85-a198a3cd0f8d","childs":{"прием":{"_level":1,"parentID":"b42a813b-44e0-4550-8a85-a198a3cd0f8d","firstParentID":"899e4c30-671b-4f33-b889-f4537d28c839","ID":"175835c2-5249-40eb-b480-e413ae2ac999","childs":{"аскуэ":{"_level":2,"parentID":"175835c2-5249-40eb-b480-e413ae2ac999","firstParentID":"899e4c30-671b-4f33-b889-f4537d28c839","ID":"1671b748-fe55-4d68-bbe5-7e4d0a2ca79c","childs":null,"emcosID":null,"emcosMLID":null,"codMaketTEP":null,"codTEP":null,"WSName":"PS","rangeAddress":"$HB$99:$HB$135","headAddress":"$HB$99","bodyAddress":"$HB$100:$HB$135","_name":"аскуэ"}},"emcosID":null,"emcosMLID":null,"codMaketTEP":null,"codTEP":null,"WSName":"PS","rangeAddress":"$HB$98:$HB$135","headAddress":"$HB$98","bodyAddress":"$HB$99:$HB$135","_name":"прием"},"отдача":{"_level":1,"parentID":"b42a813b-44e0-4550-8a85-a198a3cd0f8d","firstParentID":"899e4c30-671b-4f33-b889-f4537d28c839","ID":"8fc8ea7d-86a4-4706-b0e9-cb86e3f22d41","childs":{"аскуэ":{"_level":2,"parentID":"8fc8ea7d-86a4-4706-b0e9-cb86e3f22d41","firstParentID":"899e4c30-671b-4f33-b889-f4537d28c839","ID":"e1b94429-a3f2-4157-be54-36e57a5b3f01","childs":null,"emcosID":null,"emcosMLID":null,"codMaketTEP":null,"codTEP":null,"WSName":"PS","rangeAddress":"$HC$99:$HC$135","headAddress":"$HC$99","bodyAddress":"$HC$100:$HC$135","_name":"аскуэ"}},"emcosID":null,"emcosMLID":null,"codMaketTEP":null,"codTEP":null,"WSName":"PS","rangeAddress":"$HC$98:$HC$135","headAddress":"$HC$98","bodyAddress":"$HC$99:$HC$135","_name":"отдача"}},"emcosID":null,"emcosMLID":null,"codMaketTEP":null,"codTEP":null,"WSName":"PS","rangeAddress":"$HB$97:$HC$135","headAddress":"$HB$97:$HC$97","bodyAddress":"$HB$98:$HC$135","_name":"Л2183 Западная 140А"},"DB":{"_level":0,"parentID":"899e4c30-671b-4f33-b889-f4537d28c839","firstParentID":"899e4c30-671b-4f33-b889-f4537d28c839","ID":"0a58740f-fd86-4bd8-bada-4776c8271619","childs":{"прием":{"_level":1,"parentID":"0a58740f-fd86-4bd8-bada-4776c8271619","firstParentID":"899e4c30-671b-4f33-b889-f4537d28c839","ID":"d236f7bd-1193-4794-9835-bf4b8934ce25","childs":{"код":{"_level":2,"parentID":"d236f7bd-1193-4794-9835-bf4b8934ce25","firstParentID":"899e4c30-671b-4f33-b889-f4537d28c839","ID":"9363c280-0246-4f17-ba96-1f91b2b76ab7","childs":null,"emcosID":null,"emcosMLID":null,"codMaketTEP":null,"codTEP":null,"WSName":"DB","rangeAddress":"$FE$95:$FE$132","headAddress":"$FE$95","bodyAddress":"$FE$96:$FE$132","_name":"код"},"основное":{"_level":2,"parentID":"d236f7bd-1193-4794-9835-bf4b8934ce25","firstParentID":"899e4c30-671b-4f33-b889-f4537d28c839","ID":"642e4a7a-fae8-4c6e-a0eb-027127c0c48b","childs":null,"emcosID":null,"emcosMLID":null,"codMaketTEP":null,"codTEP":null,"WSName":"DB","rangeAddress":"$FF$95:$FF$132","headAddress":"$FF$95","bodyAddress":"$FF$96:$FF$132","_name":"основное"},"корректировка факт":{"_level":2,"parentID":"d236f7bd-1193-4794-9835-bf4b8934ce25","firstParentID":"899e4c30-671b-4f33-b889-f4537d28c839","ID":"c797c080-3f9d-49b7-8975-d6006777e23d","childs":null,"emcosID":null,"emcosMLID":null,"codMaketTEP":null,"codTEP":null,"WSName":"DB","rangeAddress":"$FG$95:$FG$132","headAddress":"$FG$95","bodyAddress":"$FG$96:$FG$132","_name":"корректировка факт"},"ручное":{"_level":2,"parentID":"d236f7bd-1193-4794-9835-bf4b8934ce25","firstParentID":"899e4c30-671b-4f33-b889-f4537d28c839","ID":"86cba8f5-1d7f-469f-afa6-f7febd6b31ed","childs":null,"emcosID":null,"emcosMLID":null,"codMaketTEP":null,"codTEP":null,"WSName":"DB","rangeAddress":"$FH$95:$FH$132","headAddress":"$FH$95","bodyAddress":"$FH$96:$FH$132","_name":"ручное"},"оперативное":{"_level":2,"parentID":"d236f7bd-1193-4794-9835-bf4b8934ce25","firstParentID":"899e4c30-671b-4f33-b889-f4537d28c839","ID":"5ed54e0a-7cfa-4109-836b-7499e749b599","childs":null,"emcosID":null,"emcosMLID":null,"codMaketTEP":null,"codTEP":null,"WSName":"DB","rangeAddress":"$FI$95:$FI$132","headAddress":"$FI$95","bodyAddress":"$FI$96:$FI$132","_name":"оперативное"},"аскуэ":{"_level":2,"parentID":"d236f7bd-1193-4794-9835-bf4b8934ce25","firstParentID":"899e4c30-671b-4f33-b889-f4537d28c839","ID":"9b55169e-c348-4984-b89c-b180386d7487","childs":null,"emcosID":null,"emcosMLID":null,"codMaketTEP":null,"codTEP":null,"WSName":"DB","rangeAddress":"$FJ$95:$FJ$132","headAddress":"$FJ$95","bodyAddress":"$FJ$96:$FJ$132","_name":"аскуэ"}},"emcosID":680,"emcosMLID":385,"codMaketTEP":null,"codTEP":null,"WSName":"DB","rangeAddress":"$FE$94:$FJ$132","headAddress":"$FE$94:$FJ$94","bodyAddress":"$FE$95:$FJ$132","_name":"прием"},"отдача":{"_level":1,"parentID":"0a58740f-fd86-4bd8-bada-4776c8271619","firstParentID":"899e4c30-671b-4f33-b889-f4537d28c839","ID":"ad223ebd-dc0c-438d-ab38-ab59ad217178","childs":{"код":{"_level":2,"parentID":"ad223ebd-dc0c-438d-ab38-ab59ad217178","firstParentID":"899e4c30-671b-4f33-b889-f4537d28c839","ID":"df8ae9f5-9726-4296-9995-10fbc147e5d9","childs":null,"emcosID":null,"emcosMLID":null,"codMaketTEP":null,"codTEP":null,"WSName":"DB","rangeAddress":"$FK$95:$FK$132","headAddress":"$FK$95","bodyAddress":"$FK$96:$FK$132","_name":"код"},"основное":{"_level":2,"parentID":"ad223ebd-dc0c-438d-ab38-ab59ad217178","firstParentID":"899e4c30-671b-4f33-b889-f4537d28c839","ID":"29d198c7-e667-41d7-839e-e079b3349f88","childs":null,"emcosID":null,"emcosMLID":null,"codMaketTEP":null,"codTEP":null,"WSName":"DB","rangeAddress":"$FL$95:$FL$132","headAddress":"$FL$95","bodyAddress":"$FL$96:$FL$132","_name":"основное"},"корректировка факт":{"_level":2,"parentID":"ad223ebd-dc0c-438d-ab38-ab59ad217178","firstParentID":"899e4c30-671b-4f33-b889-f4537d28c839","ID":"b592b8d0-fa4a-4a18-b816-5dfe9c1e29bb","childs":null,"emcosID":null,"emcosMLID":null,"codMaketTEP":null,"codTEP":null,"WSName":"DB","rangeAddress":"$FM$95:$FM$132","headAddress":"$FM$95","bodyAddress":"$FM$96:$FM$132","_name":"корректировка факт"},"ручное":{"_level":2,"parentID":"ad223ebd-dc0c-438d-ab38-ab59ad217178","firstParentID":"899e4c30-671b-4f33-b889-f4537d28c839","ID":"8d6df6b4-2f38-4ae4-86e6-eeb09923f3c1","childs":null,"emcosID":null,"emcosMLID":null,"codMaketTEP":null,"codTEP":null,"WSName":"DB","rangeAddress":"$FN$95:$FN$132","headAddress":"$FN$95","bodyAddress":"$FN$96:$FN$132","_name":"ручное"},"оперативное":{"_level":2,"parentID":"ad223ebd-dc0c-438d-ab38-ab59ad217178","firstParentID":"899e4c30-671b-4f33-b889-f4537d28c839","ID":"7c687aed-f51c-4fc2-86a2-f2670338a714","childs":null,"emcosID":null,"emcosMLID":null,"codMaketTEP":null,"codTEP":null,"WSName":"DB","rangeAddress":"$FO$95:$FO$132","headAddress":"$FO$95","bodyAddress":"$FO$96:$FO$132","_name":"оперативное"},"аскуэ":{"_level":2,"parentID":"ad223ebd-dc0c-438d-ab38-ab59ad217178","firstParentID":"899e4c30-671b-4f33-b889-f4537d28c839","ID":"2d199461-58ef-4683-8a1c-845b85769ef1","childs":null,"emcosID":null,"emcosMLID":null,"codMaketTEP":null,"codTEP":null,"WSName":"DB","rangeAddress":"$FP$95:$FP$132","headAddress":"$FP$95","bodyAddress":"$FP$96:$FP$132","_name":"аскуэ"}},"emcosID":680,"emcosMLID":386,"codMaketTEP":null,"codTEP":null,"WSName":"DB","rangeAddress":"$FK$94:$FP$132","headAddress":"$FK$94:$FP$94","bodyAddress":"$FK$95:$FP$132","_name":"отдача"}},"emcosID":null,"emcosMLID":null,"codMaketTEP":null,"codTEP":null,"WSName":"DB","rangeAddress":"$FE$93:$FP$132","headAddress":"$FE$93:$FP$93","bodyAddress":"$FE$94:$FP$132","_name":"Л2183 Западная 140А"}},"codPlan":null,"meterCoef":null,"_name":"Л2183 Западная 140А"}