{"ID":"8d35d1ff-bf50-4fbd-9a5c-0f1ad85156cb","childs":{"PS":{"_level":0,"parentID":"8d35d1ff-bf50-4fbd-9a5c-0f1ad85156cb","firstParentID":"8d35d1ff-bf50-4fbd-9a5c-0f1ad85156cb","ID":"8b324868-7e1b-45af-b0e6-e5599d53d31f","childs":{"сальдо":{"_level":1,"parentID":"8b324868-7e1b-45af-b0e6-e5599d53d31f","firstParentID":"8d35d1ff-bf50-4fbd-9a5c-0f1ad85156cb","ID":"fac808a3-e45e-46f8-8916-fb46da7c0406","childs":{"формула":{"_level":2,"parentID":"fac808a3-e45e-46f8-8916-fb46da7c0406","firstParentID":"8d35d1ff-bf50-4fbd-9a5c-0f1ad85156cb","ID":"c77221b8-374f-4c31-a814-a2a1087eb39a","childs":null,"emcosID":null,"emcosMLID":null,"codMaketTEP":null,"codTEP":null,"WSName":"PS","rangeAddress":"$J$13:$J$49","headAddress":"$J$13","bodyAddress":"$J$14:$J$49","_name":"формула"}},"emcosID":null,"emcosMLID":null,"codMaketTEP":null,"codTEP":null,"WSName":"PS","rangeAddress":"$J$12:$J$49","headAddress":"$J$12","bodyAddress":"$J$13:$J$49","_name":"сальдо"}},"emcosID":null,"emcosMLID":null,"codMaketTEP":null,"codTEP":null,"WSName":"PS","rangeAddress":"$J$11:$J$49","headAddress":"$J$11","bodyAddress":"$J$12:$J$49","_name":"Сальдо Алматинского энергоузла Общее"},"DB":{"_level":0,"parentID":"8d35d1ff-bf50-4fbd-9a5c-0f1ad85156cb","firstParentID":"8d35d1ff-bf50-4fbd-9a5c-0f1ad85156cb","ID":"2bfbe873-4555-4bfa-83b9-2fdef9b7f935","childs":{"сальдо":{"_level":1,"parentID":"2bfbe873-4555-4bfa-83b9-2fdef9b7f935","firstParentID":"8d35d1ff-bf50-4fbd-9a5c-0f1ad85156cb","ID":"cdfb3bf7-21d6-46e4-ba65-8684d107bd41","childs":{"код":{"_level":2,"parentID":"cdfb3bf7-21d6-46e4-ba65-8684d107bd41","firstParentID":"8d35d1ff-bf50-4fbd-9a5c-0f1ad85156cb","ID":"90954c4b-9c5c-4ea8-b418-f5aa119a27dc","childs":null,"emcosID":null,"emcosMLID":null,"codMaketTEP":null,"codTEP":null,"WSName":"DB","rangeAddress":"$FN$353:$FN$390","headAddress":"$FN$353","bodyAddress":"$FN$354:$FN$390","_name":"код"},"основное":{"_level":2,"parentID":"cdfb3bf7-21d6-46e4-ba65-8684d107bd41","firstParentID":"8d35d1ff-bf50-4fbd-9a5c-0f1ad85156cb","ID":"4b318a66-33ca-49ea-a3a3-c59b826c3778","childs":null,"emcosID":null,"emcosMLID":null,"codMaketTEP":null,"codTEP":null,"WSName":"DB","rangeAddress":"$FO$353:$FO$390","headAddress":"$FO$353","bodyAddress":"$FO$354:$FO$390","_name":"основное"},"корректировка факт":{"_level":2,"parentID":"cdfb3bf7-21d6-46e4-ba65-8684d107bd41","firstParentID":"8d35d1ff-bf50-4fbd-9a5c-0f1ad85156cb","ID":"dbeca308-5e78-4323-b6f4-128f9ac73676","childs":null,"emcosID":null,"emcosMLID":null,"codMaketTEP":null,"codTEP":null,"WSName":"DB","rangeAddress":"$FP$353:$FP$390","headAddress":"$FP$353","bodyAddress":"$FP$354:$FP$390","_name":"корректировка факт"},"ручное":{"_level":2,"parentID":"cdfb3bf7-21d6-46e4-ba65-8684d107bd41","firstParentID":"8d35d1ff-bf50-4fbd-9a5c-0f1ad85156cb","ID":"63a52dcd-cf28-4fa6-b7d8-f39e6bc6718f","childs":null,"emcosID":null,"emcosMLID":null,"codMaketTEP":null,"codTEP":null,"WSName":"DB","rangeAddress":"$FQ$353:$FQ$390","headAddress":"$FQ$353","bodyAddress":"$FQ$354:$FQ$390","_name":"ручное"},"формула":{"_level":2,"parentID":"cdfb3bf7-21d6-46e4-ba65-8684d107bd41","firstParentID":"8d35d1ff-bf50-4fbd-9a5c-0f1ad85156cb","ID":"9863b3c4-3387-4588-a979-bf81938bb313","childs":null,"emcosID":null,"emcosMLID":null,"codMaketTEP":null,"codTEP":null,"WSName":"DB","rangeAddress":"$FR$353:$FR$390","headAddress":"$FR$353","bodyAddress":"$FR$354:$FR$390","_name":"формула"}},"emcosID":null,"emcosMLID":null,"codMaketTEP":null,"codTEP":null,"WSName":"DB","rangeAddress":"$FN$352:$FR$390","headAddress":"$FN$352:$FR$352","bodyAddress":"$FN$353:$FR$390","_name":"сальдо"}},"emcosID":null,"emcosMLID":null,"codMaketTEP":null,"codTEP":null,"WSName":"DB","rangeAddress":"$FN$351:$FR$390","headAddress":"$FN$351:$FR$351","bodyAddress":"$FN$352:$FR$390","_name":"Сальдо Алматинского энергоузла Общее"}},"codPlan":null,"meterCoef":null,"_name":"Сальдо Алматинского энергоузла Общее"}