{"ID":"8d35d1ff-bf50-4fbd-9a5c-0f1ad85156cb","childs":{"PS":{"_level":0,"parentID":"8d35d1ff-bf50-4fbd-9a5c-0f1ad85156cb","firstParentID":"8d35d1ff-bf50-4fbd-9a5c-0f1ad85156cb","ID":"8b324868-7e1b-45af-b0e6-e5599d53d31f","childs":{"сальдо":{"_level":1,"parentID":"8b324868-7e1b-45af-b0e6-e5599d53d31f","firstParentID":"8d35d1ff-bf50-4fbd-9a5c-0f1ad85156cb","ID":"fac808a3-e45e-46f8-8916-fb46da7c0406","childs":{"формула":{"_level":2,"parentID":"fac808a3-e45e-46f8-8916-fb46da7c0406","firstParentID":"8d35d1ff-bf50-4fbd-9a5c-0f1ad85156cb","ID":"c77221b8-374f-4c31-a814-a2a1087eb39a","childs":null,"emcosID":null,"emcosMLID":null,"codMaketTEP":null,"codTEP":null,"WSName":"PS","rangeAddress":"$K$13:$K$49","headAddress":"$K$13","bodyAddress":"$K$14:$K$49","_name":"формула"}},"emcosID":null,"emcosMLID":null,"codMaketTEP":1330,"codTEP":null,"WSName":"PS","rangeAddress":"$K$12:$K$49","headAddress":"$K$12","bodyAddress":"$K$13:$K$49","_name":"сальдо"}},"emcosID":null,"emcosMLID":null,"codMaketTEP":null,"codTEP":null,"WSName":"PS","rangeAddress":"$K$11:$K$49","headAddress":"$K$11","bodyAddress":"$K$12:$K$49","_name":"Сальдо Алматинского энергоузла Общее"},"DB":{"_level":0,"parentID":"8d35d1ff-bf50-4fbd-9a5c-0f1ad85156cb","firstParentID":"8d35d1ff-bf50-4fbd-9a5c-0f1ad85156cb","ID":"2bfbe873-4555-4bfa-83b9-2fdef9b7f935","childs":{"сальдо":{"_level":1,"parentID":"2bfbe873-4555-4bfa-83b9-2fdef9b7f935","firstParentID":"8d35d1ff-bf50-4fbd-9a5c-0f1ad85156cb","ID":"cdfb3bf7-21d6-46e4-ba65-8684d107bd41","childs":{"код":{"_level":2,"parentID":"cdfb3bf7-21d6-46e4-ba65-8684d107bd41","firstParentID":"8d35d1ff-bf50-4fbd-9a5c-0f1ad85156cb","ID":"90954c4b-9c5c-4ea8-b418-f5aa119a27dc","childs":null,"emcosID":null,"emcosMLID":null,"codMaketTEP":null,"codTEP":null,"WSName":"DB","rangeAddress":"$EL$353:$EL$390","headAddress":"$EL$353","bodyAddress":"$EL$354:$EL$390","_name":"код"},"основное":{"_level":2,"parentID":"cdfb3bf7-21d6-46e4-ba65-8684d107bd41","firstParentID":"8d35d1ff-bf50-4fbd-9a5c-0f1ad85156cb","ID":"4b318a66-33ca-49ea-a3a3-c59b826c3778","childs":null,"emcosID":null,"emcosMLID":null,"codMaketTEP":null,"codTEP":null,"WSName":"DB","rangeAddress":"$EM$353:$EM$390","headAddress":"$EM$353","bodyAddress":"$EM$354:$EM$390","_name":"основное"},"корректировка факт":{"_level":2,"parentID":"cdfb3bf7-21d6-46e4-ba65-8684d107bd41","firstParentID":"8d35d1ff-bf50-4fbd-9a5c-0f1ad85156cb","ID":"dbeca308-5e78-4323-b6f4-128f9ac73676","childs":null,"emcosID":null,"emcosMLID":null,"codMaketTEP":null,"codTEP":null,"WSName":"DB","rangeAddress":"$EN$353:$EN$390","headAddress":"$EN$353","bodyAddress":"$EN$354:$EN$390","_name":"корректировка факт"},"ручное":{"_level":2,"parentID":"cdfb3bf7-21d6-46e4-ba65-8684d107bd41","firstParentID":"8d35d1ff-bf50-4fbd-9a5c-0f1ad85156cb","ID":"63a52dcd-cf28-4fa6-b7d8-f39e6bc6718f","childs":null,"emcosID":null,"emcosMLID":null,"codMaketTEP":null,"codTEP":null,"WSName":"DB","rangeAddress":"$EO$353:$EO$390","headAddress":"$EO$353","bodyAddress":"$EO$354:$EO$390","_name":"ручное"},"формула":{"_level":2,"parentID":"cdfb3bf7-21d6-46e4-ba65-8684d107bd41","firstParentID":"8d35d1ff-bf50-4fbd-9a5c-0f1ad85156cb","ID":"9863b3c4-3387-4588-a979-bf81938bb313","childs":null,"emcosID":null,"emcosMLID":null,"codMaketTEP":null,"codTEP":null,"WSName":"DB","rangeAddress":"$EP$353:$EP$390","headAddress":"$EP$353","bodyAddress":"$EP$354:$EP$390","_name":"формула"}},"emcosID":null,"emcosMLID":null,"codMaketTEP":null,"codTEP":null,"WSName":"DB","rangeAddress":"$EL$352:$EP$390","headAddress":"$EL$352:$EP$352","bodyAddress":"$EL$353:$EP$390","_name":"сальдо"}},"emcosID":null,"emcosMLID":null,"codMaketTEP":null,"codTEP":null,"WSName":"DB","rangeAddress":"$EL$351:$EP$390","headAddress":"$EL$351:$EP$351","bodyAddress":"$EL$352:$EP$390","_name":"Сальдо Алматинского энергоузла Общее"}},"codPlan":null,"meterCoef":null,"_name":"Сальдо Алматинского энергоузла Общее"}