{"ID":"8d5da274-4d44-4ed4-b7ed-17fec3345f23","childs":{"PS":{"_level":0,"parentID":"8d5da274-4d44-4ed4-b7ed-17fec3345f23","firstParentID":"8d5da274-4d44-4ed4-b7ed-17fec3345f23","ID":"702b3f2b-8106-4d23-8f3b-6a0906660488","childs":{"прием":{"_level":1,"parentID":"702b3f2b-8106-4d23-8f3b-6a0906660488","firstParentID":"8d5da274-4d44-4ed4-b7ed-17fec3345f23","ID":"94a94d60-3109-4942-accc-6ff3ed322e9e","childs":{"формула":{"_level":2,"parentID":"94a94d60-3109-4942-accc-6ff3ed322e9e","firstParentID":"8d5da274-4d44-4ed4-b7ed-17fec3345f23","ID":"3f2ff3c8-1a11-431d-9bf1-e42f5618d340","childs":null,"emcosID":null,"emcosMLID":null,"codMaketTEP":null,"codTEP":null,"WSName":"PS","rangeAddress":"$BI$99:$BI$135","headAddress":"$BI$99","bodyAddress":"$BI$100:$BI$135","_name":"формула"}},"emcosID":null,"emcosMLID":null,"codMaketTEP":null,"codTEP":null,"WSName":"PS","rangeAddress":"$BI$98:$BI$135","headAddress":"$BI$98","bodyAddress":"$BI$99:$BI$135","_name":"прием"}},"emcosID":null,"emcosMLID":null,"codMaketTEP":null,"codTEP":null,"WSName":"PS","rangeAddress":"$BI$97:$BI$135","headAddress":"$BI$97","bodyAddress":"$BI$98:$BI$135","_name":"с.н. ПС149 Талдыкорган ЗЩА"},"DB":{"_level":0,"parentID":"8d5da274-4d44-4ed4-b7ed-17fec3345f23","firstParentID":"8d5da274-4d44-4ed4-b7ed-17fec3345f23","ID":"675432b1-818e-46ba-9fbf-6383dfaa8cc2","childs":{"прием":{"_level":1,"parentID":"675432b1-818e-46ba-9fbf-6383dfaa8cc2","firstParentID":"8d5da274-4d44-4ed4-b7ed-17fec3345f23","ID":"e0691c92-7a0a-4967-be1b-a19dade13aee","childs":{"код":{"_level":2,"parentID":"e0691c92-7a0a-4967-be1b-a19dade13aee","firstParentID":"8d5da274-4d44-4ed4-b7ed-17fec3345f23","ID":"6193f322-1e5e-4280-b783-2e4809b252f3","childs":null,"emcosID":null,"emcosMLID":null,"codMaketTEP":null,"codTEP":null,"WSName":"DB","rangeAddress":"$GG$224:$GG$261","headAddress":"$GG$224","bodyAddress":"$GG$225:$GG$261","_name":"код"},"основное":{"_level":2,"parentID":"e0691c92-7a0a-4967-be1b-a19dade13aee","firstParentID":"8d5da274-4d44-4ed4-b7ed-17fec3345f23","ID":"ca1afd39-c77e-44f5-99be-5c6f471a1bf3","childs":null,"emcosID":null,"emcosMLID":null,"codMaketTEP":null,"codTEP":null,"WSName":"DB","rangeAddress":"$GH$224:$GH$261","headAddress":"$GH$224","bodyAddress":"$GH$225:$GH$261","_name":"основное"},"корректировка факт":{"_level":2,"parentID":"e0691c92-7a0a-4967-be1b-a19dade13aee","firstParentID":"8d5da274-4d44-4ed4-b7ed-17fec3345f23","ID":"9f9cdb07-0982-4b98-892c-d6b777893d5b","childs":null,"emcosID":null,"emcosMLID":null,"codMaketTEP":null,"codTEP":null,"WSName":"DB","rangeAddress":"$GI$224:$GI$261","headAddress":"$GI$224","bodyAddress":"$GI$225:$GI$261","_name":"корректировка факт"},"ручное":{"_level":2,"parentID":"e0691c92-7a0a-4967-be1b-a19dade13aee","firstParentID":"8d5da274-4d44-4ed4-b7ed-17fec3345f23","ID":"1676892d-66d4-4afa-9b3e-633c1be84454","childs":null,"emcosID":null,"emcosMLID":null,"codMaketTEP":null,"codTEP":null,"WSName":"DB","rangeAddress":"$GJ$224:$GJ$261","headAddress":"$GJ$224","bodyAddress":"$GJ$225:$GJ$261","_name":"ручное"},"формула":{"_level":2,"parentID":"e0691c92-7a0a-4967-be1b-a19dade13aee","firstParentID":"8d5da274-4d44-4ed4-b7ed-17fec3345f23","ID":"d592b85b-3a16-4fe8-a96a-e4c8af5ffedc","childs":null,"emcosID":null,"emcosMLID":null,"codMaketTEP":null,"codTEP":null,"WSName":"DB","rangeAddress":"$GK$224:$GK$261","headAddress":"$GK$224","bodyAddress":"$GK$225:$GK$261","_name":"формула"}},"emcosID":null,"emcosMLID":null,"codMaketTEP":null,"codTEP":null,"WSName":"DB","rangeAddress":"$GG$223:$GK$261","headAddress":"$GG$223:$GK$223","bodyAddress":"$GG$224:$GK$261","_name":"прием"}},"emcosID":null,"emcosMLID":null,"codMaketTEP":null,"codTEP":null,"WSName":"DB","rangeAddress":"$GG$222:$GK$261","headAddress":"$GG$222:$GK$222","bodyAddress":"$GG$223:$GK$261","_name":"с.н. ПС149 Талдыкорган ЗЩА"}},"codPlan":null,"meterCoef":null,"_name":"с.н. ПС149 Талдыкорган ЗЩА"}