{"ID":"92089e20-7554-4849-9aa0-84cd49cd7d3b","childs":{"PS":{"_level":0,"parentID":"92089e20-7554-4849-9aa0-84cd49cd7d3b","firstParentID":"92089e20-7554-4849-9aa0-84cd49cd7d3b","ID":"aa61748a-4e0b-48d0-a8e3-acca4c254c0c","childs":{"отдача":{"_level":1,"parentID":"aa61748a-4e0b-48d0-a8e3-acca4c254c0c","firstParentID":"92089e20-7554-4849-9aa0-84cd49cd7d3b","ID":"770e3ee4-260c-4b7a-9e85-f557caccd729","childs":{"формула":{"_level":2,"parentID":"770e3ee4-260c-4b7a-9e85-f557caccd729","firstParentID":"92089e20-7554-4849-9aa0-84cd49cd7d3b","ID":"c36187c1-0508-4dc0-a481-0bc71818e78b","childs":null,"emcosID":null,"emcosMLID":null,"codMaketTEP":null,"codTEP":null,"WSName":"PS","rangeAddress":"$W$13:$W$49","headAddress":"$W$13","bodyAddress":"$W$14:$W$49","_name":"формула"}},"emcosID":null,"emcosMLID":null,"codMaketTEP":1410,"codTEP":null,"WSName":"PS","rangeAddress":"$W$12:$W$49","headAddress":"$W$12","bodyAddress":"$W$13:$W$49","_name":"отдача"}},"emcosID":null,"emcosMLID":null,"codMaketTEP":null,"codTEP":null,"WSName":"PS","rangeAddress":"$W$11:$W$49","headAddress":"$W$11","bodyAddress":"$W$12:$W$49","_name":"Генерация Жетысуского энергоузла Общее"},"DB":{"_level":0,"parentID":"92089e20-7554-4849-9aa0-84cd49cd7d3b","firstParentID":"92089e20-7554-4849-9aa0-84cd49cd7d3b","ID":"1e97ecf0-186f-4bb8-8424-fa4c78617a14","childs":{"отдача":{"_level":1,"parentID":"1e97ecf0-186f-4bb8-8424-fa4c78617a14","firstParentID":"92089e20-7554-4849-9aa0-84cd49cd7d3b","ID":"c4366313-1fe6-497f-b7d1-24d2f1116124","childs":{"код":{"_level":2,"parentID":"c4366313-1fe6-497f-b7d1-24d2f1116124","firstParentID":"92089e20-7554-4849-9aa0-84cd49cd7d3b","ID":"65706361-1d1c-4ec6-bdee-c8ab9f0c8b42","childs":null,"emcosID":null,"emcosMLID":null,"codMaketTEP":null,"codTEP":null,"WSName":"DB","rangeAddress":"$DL$138:$DL$175","headAddress":"$DL$138","bodyAddress":"$DL$139:$DL$175","_name":"код"},"основное":{"_level":2,"parentID":"c4366313-1fe6-497f-b7d1-24d2f1116124","firstParentID":"92089e20-7554-4849-9aa0-84cd49cd7d3b","ID":"c6ec8cb1-c3c2-4823-b990-dc9b58f93abf","childs":null,"emcosID":null,"emcosMLID":null,"codMaketTEP":null,"codTEP":null,"WSName":"DB","rangeAddress":"$DM$138:$DM$175","headAddress":"$DM$138","bodyAddress":"$DM$139:$DM$175","_name":"основное"},"корректировка факт":{"_level":2,"parentID":"c4366313-1fe6-497f-b7d1-24d2f1116124","firstParentID":"92089e20-7554-4849-9aa0-84cd49cd7d3b","ID":"d26b01cc-bcea-4086-939d-11fe3ef8a0b2","childs":null,"emcosID":null,"emcosMLID":null,"codMaketTEP":null,"codTEP":null,"WSName":"DB","rangeAddress":"$DN$138:$DN$175","headAddress":"$DN$138","bodyAddress":"$DN$139:$DN$175","_name":"корректировка факт"},"ручное":{"_level":2,"parentID":"c4366313-1fe6-497f-b7d1-24d2f1116124","firstParentID":"92089e20-7554-4849-9aa0-84cd49cd7d3b","ID":"a2b9f70e-6075-4c7a-9282-fb6e146074dd","childs":null,"emcosID":null,"emcosMLID":null,"codMaketTEP":null,"codTEP":null,"WSName":"DB","rangeAddress":"$DO$138:$DO$175","headAddress":"$DO$138","bodyAddress":"$DO$139:$DO$175","_name":"ручное"},"формула":{"_level":2,"parentID":"c4366313-1fe6-497f-b7d1-24d2f1116124","firstParentID":"92089e20-7554-4849-9aa0-84cd49cd7d3b","ID":"f23748cd-bb0b-405c-a4ea-60719dcb2209","childs":null,"emcosID":null,"emcosMLID":null,"codMaketTEP":null,"codTEP":null,"WSName":"DB","rangeAddress":"$DP$138:$DP$175","headAddress":"$DP$138","bodyAddress":"$DP$139:$DP$175","_name":"формула"}},"emcosID":null,"emcosMLID":null,"codMaketTEP":null,"codTEP":null,"WSName":"DB","rangeAddress":"$DL$137:$DP$175","headAddress":"$DL$137:$DP$137","bodyAddress":"$DL$138:$DP$175","_name":"отдача"}},"emcosID":null,"emcosMLID":null,"codMaketTEP":null,"codTEP":null,"WSName":"DB","rangeAddress":"$DL$136:$DP$175","headAddress":"$DL$136:$DP$136","bodyAddress":"$DL$137:$DP$175","_name":"Генерация Жетысуского энергоузла Общее"}},"codPlan":null,"meterCoef":null,"_name":"Генерация Жетысуского энергоузла Общее"}