{"ID":"92089e20-7554-4849-9aa0-84cd49cd7d3b","childs":{"PS":{"_level":0,"parentID":"92089e20-7554-4849-9aa0-84cd49cd7d3b","firstParentID":"92089e20-7554-4849-9aa0-84cd49cd7d3b","ID":"aa61748a-4e0b-48d0-a8e3-acca4c254c0c","childs":{"отдача":{"_level":1,"parentID":"aa61748a-4e0b-48d0-a8e3-acca4c254c0c","firstParentID":"92089e20-7554-4849-9aa0-84cd49cd7d3b","ID":"770e3ee4-260c-4b7a-9e85-f557caccd729","childs":{"формула":{"_level":2,"parentID":"770e3ee4-260c-4b7a-9e85-f557caccd729","firstParentID":"92089e20-7554-4849-9aa0-84cd49cd7d3b","ID":"c36187c1-0508-4dc0-a481-0bc71818e78b","childs":null,"emcosID":null,"emcosMLID":null,"codMaketTEP":null,"codTEP":null,"WSName":"PS","rangeAddress":"$U$13:$U$49","headAddress":"$U$13","bodyAddress":"$U$14:$U$49","_name":"формула"}},"emcosID":null,"emcosMLID":null,"codMaketTEP":null,"codTEP":null,"WSName":"PS","rangeAddress":"$U$12:$U$49","headAddress":"$U$12","bodyAddress":"$U$13:$U$49","_name":"отдача"}},"emcosID":null,"emcosMLID":null,"codMaketTEP":null,"codTEP":null,"WSName":"PS","rangeAddress":"$U$11:$U$49","headAddress":"$U$11","bodyAddress":"$U$12:$U$49","_name":"Генерация Жетысуского энергоузла Общее"},"DB":{"_level":0,"parentID":"92089e20-7554-4849-9aa0-84cd49cd7d3b","firstParentID":"92089e20-7554-4849-9aa0-84cd49cd7d3b","ID":"1e97ecf0-186f-4bb8-8424-fa4c78617a14","childs":{"отдача":{"_level":1,"parentID":"1e97ecf0-186f-4bb8-8424-fa4c78617a14","firstParentID":"92089e20-7554-4849-9aa0-84cd49cd7d3b","ID":"c4366313-1fe6-497f-b7d1-24d2f1116124","childs":{"код":{"_level":2,"parentID":"c4366313-1fe6-497f-b7d1-24d2f1116124","firstParentID":"92089e20-7554-4849-9aa0-84cd49cd7d3b","ID":"65706361-1d1c-4ec6-bdee-c8ab9f0c8b42","childs":null,"emcosID":null,"emcosMLID":null,"codMaketTEP":null,"codTEP":null,"WSName":"DB","rangeAddress":"$CF$138:$CF$175","headAddress":"$CF$138","bodyAddress":"$CF$139:$CF$175","_name":"код"},"основное":{"_level":2,"parentID":"c4366313-1fe6-497f-b7d1-24d2f1116124","firstParentID":"92089e20-7554-4849-9aa0-84cd49cd7d3b","ID":"c6ec8cb1-c3c2-4823-b990-dc9b58f93abf","childs":null,"emcosID":null,"emcosMLID":null,"codMaketTEP":null,"codTEP":null,"WSName":"DB","rangeAddress":"$CG$138:$CG$175","headAddress":"$CG$138","bodyAddress":"$CG$139:$CG$175","_name":"основное"},"корректировка факт":{"_level":2,"parentID":"c4366313-1fe6-497f-b7d1-24d2f1116124","firstParentID":"92089e20-7554-4849-9aa0-84cd49cd7d3b","ID":"d26b01cc-bcea-4086-939d-11fe3ef8a0b2","childs":null,"emcosID":null,"emcosMLID":null,"codMaketTEP":null,"codTEP":null,"WSName":"DB","rangeAddress":"$CH$138:$CH$175","headAddress":"$CH$138","bodyAddress":"$CH$139:$CH$175","_name":"корректировка факт"},"ручное":{"_level":2,"parentID":"c4366313-1fe6-497f-b7d1-24d2f1116124","firstParentID":"92089e20-7554-4849-9aa0-84cd49cd7d3b","ID":"a2b9f70e-6075-4c7a-9282-fb6e146074dd","childs":null,"emcosID":null,"emcosMLID":null,"codMaketTEP":null,"codTEP":null,"WSName":"DB","rangeAddress":"$CI$138:$CI$175","headAddress":"$CI$138","bodyAddress":"$CI$139:$CI$175","_name":"ручное"},"формула":{"_level":2,"parentID":"c4366313-1fe6-497f-b7d1-24d2f1116124","firstParentID":"92089e20-7554-4849-9aa0-84cd49cd7d3b","ID":"f23748cd-bb0b-405c-a4ea-60719dcb2209","childs":null,"emcosID":null,"emcosMLID":null,"codMaketTEP":null,"codTEP":null,"WSName":"DB","rangeAddress":"$CJ$138:$CJ$175","headAddress":"$CJ$138","bodyAddress":"$CJ$139:$CJ$175","_name":"формула"}},"emcosID":null,"emcosMLID":null,"codMaketTEP":null,"codTEP":null,"WSName":"DB","rangeAddress":"$CF$137:$CJ$175","headAddress":"$CF$137:$CJ$137","bodyAddress":"$CF$138:$CJ$175","_name":"отдача"}},"emcosID":null,"emcosMLID":null,"codMaketTEP":null,"codTEP":null,"WSName":"DB","rangeAddress":"$CF$136:$CJ$175","headAddress":"$CF$136:$CJ$136","bodyAddress":"$CF$137:$CJ$175","_name":"Генерация Жетысуского энергоузла Общее"}},"codPlan":null,"meterCoef":null,"_name":"Генерация Жетысуского энергоузла Общее"}