{"ID":"95a0f3a1-692e-4abe-b45b-56eb741dfc16","childs":{"PS":{"_level":0,"parentID":"95a0f3a1-692e-4abe-b45b-56eb741dfc16","firstParentID":"95a0f3a1-692e-4abe-b45b-56eb741dfc16","ID":"ef0ae286-c392-4b36-9f4b-5c4125b5eb94","childs":{"прием":{"_level":1,"parentID":"ef0ae286-c392-4b36-9f4b-5c4125b5eb94","firstParentID":"95a0f3a1-692e-4abe-b45b-56eb741dfc16","ID":"f8e1d511-f911-4dda-b4a6-20f401395a8b","childs":{"ручное":{"_level":2,"parentID":"f8e1d511-f911-4dda-b4a6-20f401395a8b","firstParentID":"95a0f3a1-692e-4abe-b45b-56eb741dfc16","ID":"44485415-79ac-4325-98ae-80288628844a","childs":null,"emcosID":null,"emcosMLID":null,"codMaketTEP":null,"codTEP":null,"WSName":"PS","rangeAddress":"$U$185:$U$221","headAddress":"$U$185","bodyAddress":"$U$186:$U$221","_name":"ручное"}},"emcosID":null,"emcosMLID":null,"codMaketTEP":null,"codTEP":null,"WSName":"PS","rangeAddress":"$U$184:$U$221","headAddress":"$U$184","bodyAddress":"$U$185:$U$221","_name":"прием"},"план":{"_level":1,"parentID":"ef0ae286-c392-4b36-9f4b-5c4125b5eb94","firstParentID":"95a0f3a1-692e-4abe-b45b-56eb741dfc16","ID":"3eb5b695-2e0d-4896-9fb4-b13946cb1269","childs":{"заявка":{"_level":2,"parentID":"3eb5b695-2e0d-4896-9fb4-b13946cb1269","firstParentID":"95a0f3a1-692e-4abe-b45b-56eb741dfc16","ID":"23c89dc0-eba0-4fad-9682-ea1a73025770","childs":null,"emcosID":null,"emcosMLID":null,"codMaketTEP":null,"codTEP":null,"WSName":"PS","rangeAddress":"$V$185:$V$221","headAddress":"$V$185","bodyAddress":"$V$186:$V$221","_name":"заявка"}},"emcosID":null,"emcosMLID":null,"codMaketTEP":null,"codTEP":null,"WSName":"PS","rangeAddress":"$V$184:$V$221","headAddress":"$V$184","bodyAddress":"$V$185:$V$221","_name":"план"}},"emcosID":null,"emcosMLID":null,"codMaketTEP":null,"codTEP":null,"WSName":"PS","rangeAddress":"$U$183:$V$221","headAddress":"$U$183:$V$183","bodyAddress":"$U$184:$V$221","_name":"Пассажирские локомотивы КТЖ Алматы"},"DB":{"_level":0,"parentID":"95a0f3a1-692e-4abe-b45b-56eb741dfc16","firstParentID":"95a0f3a1-692e-4abe-b45b-56eb741dfc16","ID":"608dc18d-631f-4f5e-885e-62ff01de333a","childs":{"прием":{"_level":1,"parentID":"608dc18d-631f-4f5e-885e-62ff01de333a","firstParentID":"95a0f3a1-692e-4abe-b45b-56eb741dfc16","ID":"821b7e18-2d90-454d-bbe8-27fcdc38f19d","childs":{"код":{"_level":2,"parentID":"821b7e18-2d90-454d-bbe8-27fcdc38f19d","firstParentID":"95a0f3a1-692e-4abe-b45b-56eb741dfc16","ID":"8a7b7319-a53a-40a4-b18e-8238f01d2cb8","childs":null,"emcosID":null,"emcosMLID":null,"codMaketTEP":null,"codTEP":null,"WSName":"DB","rangeAddress":"$C$138:$C$175","headAddress":"$C$138","bodyAddress":"$C$139:$C$175","_name":"код"},"основное":{"_level":2,"parentID":"821b7e18-2d90-454d-bbe8-27fcdc38f19d","firstParentID":"95a0f3a1-692e-4abe-b45b-56eb741dfc16","ID":"24e8c01d-c7d2-48dd-a5f6-fe7a58a082f1","childs":null,"emcosID":null,"emcosMLID":null,"codMaketTEP":null,"codTEP":null,"WSName":"DB","rangeAddress":"$D$138:$D$175","headAddress":"$D$138","bodyAddress":"$D$139:$D$175","_name":"основное"},"корректировка факт":{"_level":2,"parentID":"821b7e18-2d90-454d-bbe8-27fcdc38f19d","firstParentID":"95a0f3a1-692e-4abe-b45b-56eb741dfc16","ID":"a3409e8f-c0f0-4e64-84c5-cf3754126936","childs":null,"emcosID":null,"emcosMLID":null,"codMaketTEP":null,"codTEP":null,"WSName":"DB","rangeAddress":"$E$138:$E$175","headAddress":"$E$138","bodyAddress":"$E$139:$E$175","_name":"корректировка факт"},"ручное":{"_level":2,"parentID":"821b7e18-2d90-454d-bbe8-27fcdc38f19d","firstParentID":"95a0f3a1-692e-4abe-b45b-56eb741dfc16","ID":"bfbde6d4-6508-47f1-8e65-b3cf8bb315a4","childs":null,"emcosID":null,"emcosMLID":null,"codMaketTEP":null,"codTEP":null,"WSName":"DB","rangeAddress":"$F$138:$F$175","headAddress":"$F$138","bodyAddress":"$F$139:$F$175","_name":"ручное"},"по плану":{"_level":2,"parentID":"821b7e18-2d90-454d-bbe8-27fcdc38f19d","firstParentID":"95a0f3a1-692e-4abe-b45b-56eb741dfc16","ID":"429dfc42-605f-46b3-97fe-f3c4b8c2418b","childs":null,"emcosID":null,"emcosMLID":null,"codMaketTEP":null,"codTEP":null,"WSName":"DB","rangeAddress":"$G$138:$G$175","headAddress":"$G$138","bodyAddress":"$G$139:$G$175","_name":"по плану"}},"emcosID":null,"emcosMLID":null,"codMaketTEP":null,"codTEP":null,"WSName":"DB","rangeAddress":"$C$137:$G$175","headAddress":"$C$137:$G$137","bodyAddress":"$C$138:$G$175","_name":"прием"},"план":{"_level":1,"parentID":"608dc18d-631f-4f5e-885e-62ff01de333a","firstParentID":"95a0f3a1-692e-4abe-b45b-56eb741dfc16","ID":"d02bea65-9450-4bde-a144-ed770a7f363d","childs":{"код":{"_level":2,"parentID":"d02bea65-9450-4bde-a144-ed770a7f363d","firstParentID":"95a0f3a1-692e-4abe-b45b-56eb741dfc16","ID":"3371dd65-85db-498d-afb8-89f74d3615cc","childs":null,"emcosID":null,"emcosMLID":null,"codMaketTEP":null,"codTEP":null,"WSName":"DB","rangeAddress":"$H$138:$H$175","headAddress":"$H$138","bodyAddress":"$H$139:$H$175","_name":"код"},"основное":{"_level":2,"parentID":"d02bea65-9450-4bde-a144-ed770a7f363d","firstParentID":"95a0f3a1-692e-4abe-b45b-56eb741dfc16","ID":"88fa1305-4812-448d-b694-09b57fd8db3c","childs":null,"emcosID":null,"emcosMLID":null,"codMaketTEP":null,"codTEP":null,"WSName":"DB","rangeAddress":"$I$138:$I$175","headAddress":"$I$138","bodyAddress":"$I$139:$I$175","_name":"основное"},"заявка":{"_level":2,"parentID":"d02bea65-9450-4bde-a144-ed770a7f363d","firstParentID":"95a0f3a1-692e-4abe-b45b-56eb741dfc16","ID":"d4dbe962-a74a-4cf9-8437-0389ad350f7e","childs":null,"emcosID":null,"emcosMLID":null,"codMaketTEP":null,"codTEP":null,"WSName":"DB","rangeAddress":"$J$138:$J$175","headAddress":"$J$138","bodyAddress":"$J$139:$J$175","_name":"заявка"},"утвержденный":{"_level":2,"parentID":"d02bea65-9450-4bde-a144-ed770a7f363d","firstParentID":"95a0f3a1-692e-4abe-b45b-56eb741dfc16","ID":"14fc72a0-46b6-457f-aff8-043310b6208d","childs":null,"emcosID":null,"emcosMLID":null,"codMaketTEP":null,"codTEP":null,"WSName":"DB","rangeAddress":"$K$138:$K$175","headAddress":"$K$138","bodyAddress":"$K$139:$K$175","_name":"утвержденный"},"корректировка":{"_level":2,"parentID":"d02bea65-9450-4bde-a144-ed770a7f363d","firstParentID":"95a0f3a1-692e-4abe-b45b-56eb741dfc16","ID":"91c40204-8d0d-47dd-b8b1-c193a64a481d","childs":null,"emcosID":null,"emcosMLID":null,"codMaketTEP":null,"codTEP":null,"WSName":"DB","rangeAddress":"$L$138:$L$175","headAddress":"$L$138","bodyAddress":"$L$139:$L$175","_name":"корректировка"}},"emcosID":null,"emcosMLID":null,"codMaketTEP":null,"codTEP":null,"WSName":"DB","rangeAddress":"$H$137:$L$175","headAddress":"$H$137:$L$137","bodyAddress":"$H$138:$L$175","_name":"план"}},"emcosID":null,"emcosMLID":null,"codMaketTEP":null,"codTEP":null,"WSName":"DB","rangeAddress":"$C$136:$L$175","headAddress":"$C$136:$L$136","bodyAddress":"$C$137:$L$175","_name":"Пассажирские локомотивы КТЖ Алматы"}},"codPlan":115,"meterCoef":null,"_name":"Пассажирские локомотивы КТЖ Алматы"}