{"ID":"97296603-4e22-4710-8f9e-838555a5b4a3","childs":{"PS":{"_level":0,"parentID":"97296603-4e22-4710-8f9e-838555a5b4a3","firstParentID":"97296603-4e22-4710-8f9e-838555a5b4a3","ID":"7e05a439-16b8-4fd0-b310-014bdeaa9a53","childs":{"отдача":{"_level":1,"parentID":"7e05a439-16b8-4fd0-b310-014bdeaa9a53","firstParentID":"97296603-4e22-4710-8f9e-838555a5b4a3","ID":"12bb8dac-02b3-471d-b54a-a2d08a89aa21","childs":{"оперативное":{"_level":2,"parentID":"12bb8dac-02b3-471d-b54a-a2d08a89aa21","firstParentID":"97296603-4e22-4710-8f9e-838555a5b4a3","ID":"e078b680-f1dd-4cf8-9ca4-f7eba7e17590","childs":null,"emcosID":null,"emcosMLID":null,"codMaketTEP":null,"codTEP":null,"WSName":"PS","rangeAddress":"$DJ$185:$DJ$221","headAddress":"$DJ$185","bodyAddress":"$DJ$186:$DJ$221","_name":"оперативное"}},"emcosID":null,"emcosMLID":null,"codMaketTEP":null,"codTEP":null,"WSName":"PS","rangeAddress":"$DJ$184:$DJ$221","headAddress":"$DJ$184","bodyAddress":"$DJ$185:$DJ$221","_name":"отдача"}},"emcosID":null,"emcosMLID":null,"codMaketTEP":null,"codTEP":null,"WSName":"PS","rangeAddress":"$DJ$183:$DJ$221","headAddress":"$DJ$183","bodyAddress":"$DJ$184:$DJ$221","_name":"Генерация Нурлы 2"},"DB":{"_level":0,"parentID":"97296603-4e22-4710-8f9e-838555a5b4a3","firstParentID":"97296603-4e22-4710-8f9e-838555a5b4a3","ID":"4f1989a0-be25-4fc4-a4e2-69fc07a6c579","childs":{"отдача":{"_level":1,"parentID":"4f1989a0-be25-4fc4-a4e2-69fc07a6c579","firstParentID":"97296603-4e22-4710-8f9e-838555a5b4a3","ID":"80feea2d-90f1-4ac8-8c82-3a3b19488153","childs":{"код":{"_level":2,"parentID":"80feea2d-90f1-4ac8-8c82-3a3b19488153","firstParentID":"97296603-4e22-4710-8f9e-838555a5b4a3","ID":"7eac67a3-9fbe-4d31-9974-0320d2edf785","childs":null,"emcosID":null,"emcosMLID":null,"codMaketTEP":null,"codTEP":null,"WSName":"DB","rangeAddress":"$DO$181:$DO$218","headAddress":"$DO$181","bodyAddress":"$DO$182:$DO$218","_name":"код"},"основное":{"_level":2,"parentID":"80feea2d-90f1-4ac8-8c82-3a3b19488153","firstParentID":"97296603-4e22-4710-8f9e-838555a5b4a3","ID":"8b4fd475-bd69-4b5a-9822-38e7425075e4","childs":null,"emcosID":null,"emcosMLID":null,"codMaketTEP":null,"codTEP":null,"WSName":"DB","rangeAddress":"$DP$181:$DP$218","headAddress":"$DP$181","bodyAddress":"$DP$182:$DP$218","_name":"основное"},"корректировка факт":{"_level":2,"parentID":"80feea2d-90f1-4ac8-8c82-3a3b19488153","firstParentID":"97296603-4e22-4710-8f9e-838555a5b4a3","ID":"17fb0801-b8a3-4b28-a4ec-4e551243e4b6","childs":null,"emcosID":null,"emcosMLID":null,"codMaketTEP":null,"codTEP":null,"WSName":"DB","rangeAddress":"$DQ$181:$DQ$218","headAddress":"$DQ$181","bodyAddress":"$DQ$182:$DQ$218","_name":"корректировка факт"},"ручное":{"_level":2,"parentID":"80feea2d-90f1-4ac8-8c82-3a3b19488153","firstParentID":"97296603-4e22-4710-8f9e-838555a5b4a3","ID":"1f03e008-4cc8-4a57-b77e-a08774d39a14","childs":null,"emcosID":null,"emcosMLID":null,"codMaketTEP":null,"codTEP":null,"WSName":"DB","rangeAddress":"$DR$181:$DR$218","headAddress":"$DR$181","bodyAddress":"$DR$182:$DR$218","_name":"ручное"},"оперативное":{"_level":2,"parentID":"80feea2d-90f1-4ac8-8c82-3a3b19488153","firstParentID":"97296603-4e22-4710-8f9e-838555a5b4a3","ID":"be341179-271b-47af-9e53-d6a8a9b60037","childs":null,"emcosID":null,"emcosMLID":null,"codMaketTEP":null,"codTEP":null,"WSName":"DB","rangeAddress":"$DS$181:$DS$218","headAddress":"$DS$181","bodyAddress":"$DS$182:$DS$218","_name":"оперативное"}},"emcosID":null,"emcosMLID":null,"codMaketTEP":null,"codTEP":null,"WSName":"DB","rangeAddress":"$DO$180:$DS$218","headAddress":"$DO$180:$DS$180","bodyAddress":"$DO$181:$DS$218","_name":"отдача"}},"emcosID":null,"emcosMLID":null,"codMaketTEP":null,"codTEP":null,"WSName":"DB","rangeAddress":"$DO$179:$DS$218","headAddress":"$DO$179:$DS$179","bodyAddress":"$DO$180:$DS$218","_name":"Генерация Нурлы 2"}},"codPlan":null,"meterCoef":null,"_name":"Генерация Нурлы 2"}