{"ID":"98da0c85-4f61-46d0-91a7-e86a488ac7ab","childs":{"PS":{"_level":0,"parentID":"98da0c85-4f61-46d0-91a7-e86a488ac7ab","firstParentID":"98da0c85-4f61-46d0-91a7-e86a488ac7ab","ID":"3602539a-8603-4397-8919-78cf0eff67b6","childs":{"прием":{"_level":1,"parentID":"3602539a-8603-4397-8919-78cf0eff67b6","firstParentID":"98da0c85-4f61-46d0-91a7-e86a488ac7ab","ID":"387bc96b-1e94-48eb-be54-44ad7f655b48","childs":{"оперативное":{"_level":2,"parentID":"387bc96b-1e94-48eb-be54-44ad7f655b48","firstParentID":"98da0c85-4f61-46d0-91a7-e86a488ac7ab","ID":"f57445c2-56bd-4632-b2cc-8c59dcbb5dd2","childs":null,"emcosID":null,"emcosMLID":null,"codMaketTEP":null,"codTEP":null,"WSName":"PS","rangeAddress":"$N$228:$N$264","headAddress":"$N$228","bodyAddress":"$N$229:$N$264","_name":"оперативное"}},"emcosID":null,"emcosMLID":null,"codMaketTEP":null,"codTEP":null,"WSName":"PS","rangeAddress":"$N$227:$N$264","headAddress":"$N$227","bodyAddress":"$N$228:$N$264","_name":"прием"}},"emcosID":null,"emcosMLID":null,"codMaketTEP":null,"codTEP":null,"WSName":"PS","rangeAddress":"$N$226:$N$264","headAddress":"$N$226","bodyAddress":"$N$227:$N$264","_name":"Потребление СТЭМ Жетысу"},"DB":{"_level":0,"parentID":"98da0c85-4f61-46d0-91a7-e86a488ac7ab","firstParentID":"98da0c85-4f61-46d0-91a7-e86a488ac7ab","ID":"e2889e32-97f6-403d-9b9d-ba18d5394be9","childs":{"прием":{"_level":1,"parentID":"e2889e32-97f6-403d-9b9d-ba18d5394be9","firstParentID":"98da0c85-4f61-46d0-91a7-e86a488ac7ab","ID":"90d57be4-0c87-4d85-a4b0-846ebac96584","childs":{"код":{"_level":2,"parentID":"90d57be4-0c87-4d85-a4b0-846ebac96584","firstParentID":"98da0c85-4f61-46d0-91a7-e86a488ac7ab","ID":"a010c53e-74ee-4637-8aca-7f4c9a5af0c2","childs":null,"emcosID":null,"emcosMLID":null,"codMaketTEP":null,"codTEP":null,"WSName":"DB","rangeAddress":"$EJ$396:$EJ$433","headAddress":"$EJ$396","bodyAddress":"$EJ$397:$EJ$433","_name":"код"},"основное":{"_level":2,"parentID":"90d57be4-0c87-4d85-a4b0-846ebac96584","firstParentID":"98da0c85-4f61-46d0-91a7-e86a488ac7ab","ID":"27c92694-7627-4119-897d-be7188f40715","childs":null,"emcosID":null,"emcosMLID":null,"codMaketTEP":null,"codTEP":null,"WSName":"DB","rangeAddress":"$EK$396:$EK$433","headAddress":"$EK$396","bodyAddress":"$EK$397:$EK$433","_name":"основное"},"корректировка факт":{"_level":2,"parentID":"90d57be4-0c87-4d85-a4b0-846ebac96584","firstParentID":"98da0c85-4f61-46d0-91a7-e86a488ac7ab","ID":"292aa4e1-9bf6-4de1-96ca-55393a03fcdb","childs":null,"emcosID":null,"emcosMLID":null,"codMaketTEP":null,"codTEP":null,"WSName":"DB","rangeAddress":"$EL$396:$EL$433","headAddress":"$EL$396","bodyAddress":"$EL$397:$EL$433","_name":"корректировка факт"},"ручное":{"_level":2,"parentID":"90d57be4-0c87-4d85-a4b0-846ebac96584","firstParentID":"98da0c85-4f61-46d0-91a7-e86a488ac7ab","ID":"9b3e6d8b-6ef7-4655-b94d-819d21f65d7a","childs":null,"emcosID":null,"emcosMLID":null,"codMaketTEP":null,"codTEP":null,"WSName":"DB","rangeAddress":"$EM$396:$EM$433","headAddress":"$EM$396","bodyAddress":"$EM$397:$EM$433","_name":"ручное"},"оперативное":{"_level":2,"parentID":"90d57be4-0c87-4d85-a4b0-846ebac96584","firstParentID":"98da0c85-4f61-46d0-91a7-e86a488ac7ab","ID":"c2fa789a-43ec-4b6d-9b32-9baafb0d0df3","childs":null,"emcosID":null,"emcosMLID":null,"codMaketTEP":null,"codTEP":null,"WSName":"DB","rangeAddress":"$EN$396:$EN$433","headAddress":"$EN$396","bodyAddress":"$EN$397:$EN$433","_name":"оперативное"}},"emcosID":null,"emcosMLID":null,"codMaketTEP":null,"codTEP":null,"WSName":"DB","rangeAddress":"$EJ$395:$EN$433","headAddress":"$EJ$395:$EN$395","bodyAddress":"$EJ$396:$EN$433","_name":"прием"}},"emcosID":null,"emcosMLID":null,"codMaketTEP":null,"codTEP":null,"WSName":"DB","rangeAddress":"$EJ$394:$EN$433","headAddress":"$EJ$394:$EN$394","bodyAddress":"$EJ$395:$EN$433","_name":"Потребление СТЭМ Жетысу"}},"codPlan":null,"meterCoef":null,"_name":"Потребление СТЭМ Жетысу"}