{"ID":"9915139b-021e-4909-84a2-d09e4ad58b39","childs":{"PS":{"_level":0,"parentID":"9915139b-021e-4909-84a2-d09e4ad58b39","firstParentID":"9915139b-021e-4909-84a2-d09e4ad58b39","ID":"2d1d2fa7-0605-4166-b44d-ac6cb12a68bd","childs":{"прием":{"_level":1,"parentID":"2d1d2fa7-0605-4166-b44d-ac6cb12a68bd","firstParentID":"9915139b-021e-4909-84a2-d09e4ad58b39","ID":"ec3513fc-722f-453a-9c1e-e19851e07a99","childs":{"ручное":{"_level":2,"parentID":"ec3513fc-722f-453a-9c1e-e19851e07a99","firstParentID":"9915139b-021e-4909-84a2-d09e4ad58b39","ID":"20a0953c-a0c6-46be-bb50-42f58a3e4422","childs":null,"emcosID":null,"emcosMLID":null,"codMaketTEP":null,"codTEP":null,"WSName":"PS","rangeAddress":"$CC$185:$CC$221","headAddress":"$CC$185","bodyAddress":"$CC$186:$CC$221","_name":"ручное"}},"emcosID":null,"emcosMLID":null,"codMaketTEP":null,"codTEP":null,"WSName":"PS","rangeAddress":"$CC$184:$CC$221","headAddress":"$CC$184","bodyAddress":"$CC$185:$CC$221","_name":"прием"}},"emcosID":null,"emcosMLID":null,"codMaketTEP":null,"codTEP":null,"WSName":"PS","rangeAddress":"$CC$183:$CC$221","headAddress":"$CC$183","bodyAddress":"$CC$184:$CC$221","_name":"с.н. Каскад ГЭС АлЭС"},"DB":{"_level":0,"parentID":"9915139b-021e-4909-84a2-d09e4ad58b39","firstParentID":"9915139b-021e-4909-84a2-d09e4ad58b39","ID":"4a908f75-e96e-49c6-b405-3aca9515ba29","childs":{"прием":{"_level":1,"parentID":"4a908f75-e96e-49c6-b405-3aca9515ba29","firstParentID":"9915139b-021e-4909-84a2-d09e4ad58b39","ID":"e2b4c7a4-e268-4091-ac7e-2216612890b0","childs":{"код":{"_level":2,"parentID":"e2b4c7a4-e268-4091-ac7e-2216612890b0","firstParentID":"9915139b-021e-4909-84a2-d09e4ad58b39","ID":"c672e1ca-0eb1-4b37-baba-bdf7ebf81e9a","childs":null,"emcosID":null,"emcosMLID":null,"codMaketTEP":null,"codTEP":null,"WSName":"DB","rangeAddress":"$R$482:$R$519","headAddress":"$R$482","bodyAddress":"$R$483:$R$519","_name":"код"},"основное":{"_level":2,"parentID":"e2b4c7a4-e268-4091-ac7e-2216612890b0","firstParentID":"9915139b-021e-4909-84a2-d09e4ad58b39","ID":"1061fcb8-2c11-4fb8-89fd-ca7209b6038c","childs":null,"emcosID":null,"emcosMLID":null,"codMaketTEP":null,"codTEP":null,"WSName":"DB","rangeAddress":"$S$482:$S$519","headAddress":"$S$482","bodyAddress":"$S$483:$S$519","_name":"основное"},"корректировка факт":{"_level":2,"parentID":"e2b4c7a4-e268-4091-ac7e-2216612890b0","firstParentID":"9915139b-021e-4909-84a2-d09e4ad58b39","ID":"447990d3-7e0d-49ff-b62f-825ec134c414","childs":null,"emcosID":null,"emcosMLID":null,"codMaketTEP":null,"codTEP":null,"WSName":"DB","rangeAddress":"$T$482:$T$519","headAddress":"$T$482","bodyAddress":"$T$483:$T$519","_name":"корректировка факт"},"ручное":{"_level":2,"parentID":"e2b4c7a4-e268-4091-ac7e-2216612890b0","firstParentID":"9915139b-021e-4909-84a2-d09e4ad58b39","ID":"62a6b2d4-34e0-4e8c-b188-bfafc1e445a0","childs":null,"emcosID":null,"emcosMLID":null,"codMaketTEP":null,"codTEP":null,"WSName":"DB","rangeAddress":"$U$482:$U$519","headAddress":"$U$482","bodyAddress":"$U$483:$U$519","_name":"ручное"}},"emcosID":null,"emcosMLID":null,"codMaketTEP":null,"codTEP":null,"WSName":"DB","rangeAddress":"$R$481:$U$519","headAddress":"$R$481:$U$481","bodyAddress":"$R$482:$U$519","_name":"прием"}},"emcosID":null,"emcosMLID":null,"codMaketTEP":null,"codTEP":null,"WSName":"DB","rangeAddress":"$R$480:$U$519","headAddress":"$R$480:$U$480","bodyAddress":"$R$481:$U$519","_name":"с.н. Каскад ГЭС АлЭС"}},"codPlan":null,"meterCoef":null,"_name":"с.н. Каскад ГЭС АлЭС"}