{"ID":"9a8f8152-9583-4ba5-9447-68c39b8d63bb","childs":{"PS":{"_level":0,"parentID":"9a8f8152-9583-4ba5-9447-68c39b8d63bb","firstParentID":"9a8f8152-9583-4ba5-9447-68c39b8d63bb","ID":"bc93c7ef-1969-46eb-acd0-4941c9d994e1","childs":{"прием":{"_level":1,"parentID":"bc93c7ef-1969-46eb-acd0-4941c9d994e1","firstParentID":"9a8f8152-9583-4ba5-9447-68c39b8d63bb","ID":"93c8879a-8bbb-4914-96e4-4e802440deb2","childs":{"ручное":{"_level":2,"parentID":"93c8879a-8bbb-4914-96e4-4e802440deb2","firstParentID":"9a8f8152-9583-4ba5-9447-68c39b8d63bb","ID":"fd7a350e-a519-44f8-928e-ab8bffa00844","childs":null,"emcosID":null,"emcosMLID":null,"codMaketTEP":null,"codTEP":null,"WSName":"PS","rangeAddress":"$GC$99:$GC$135","headAddress":"$GC$99","bodyAddress":"$GC$100:$GC$135","_name":"ручное"}},"emcosID":null,"emcosMLID":null,"codMaketTEP":null,"codTEP":null,"WSName":"PS","rangeAddress":"$GC$98:$GC$135","headAddress":"$GC$98","bodyAddress":"$GC$99:$GC$135","_name":"прием"},"отдача":{"_level":1,"parentID":"bc93c7ef-1969-46eb-acd0-4941c9d994e1","firstParentID":"9a8f8152-9583-4ba5-9447-68c39b8d63bb","ID":"aa75e66e-67ec-423e-bb98-539ccee6eaad","childs":{"ручное":{"_level":2,"parentID":"aa75e66e-67ec-423e-bb98-539ccee6eaad","firstParentID":"9a8f8152-9583-4ba5-9447-68c39b8d63bb","ID":"e808c466-7a97-4379-9fd7-dd70df9ebae6","childs":null,"emcosID":null,"emcosMLID":null,"codMaketTEP":null,"codTEP":null,"WSName":"PS","rangeAddress":"$GD$99:$GD$135","headAddress":"$GD$99","bodyAddress":"$GD$100:$GD$135","_name":"ручное"}},"emcosID":null,"emcosMLID":null,"codMaketTEP":null,"codTEP":null,"WSName":"PS","rangeAddress":"$GD$98:$GD$135","headAddress":"$GD$98","bodyAddress":"$GD$99:$GD$135","_name":"отдача"}},"emcosID":null,"emcosMLID":null,"codMaketTEP":null,"codTEP":null,"WSName":"PS","rangeAddress":"$GC$97:$GD$135","headAddress":"$GC$97:$GD$97","bodyAddress":"$GC$98:$GD$135","_name":"ТП3 Мын Арал тяга"},"DB":{"_level":0,"parentID":"9a8f8152-9583-4ba5-9447-68c39b8d63bb","firstParentID":"9a8f8152-9583-4ba5-9447-68c39b8d63bb","ID":"d04f65c3-248c-4713-a8db-4cccf619670b","childs":{"прием":{"_level":1,"parentID":"d04f65c3-248c-4713-a8db-4cccf619670b","firstParentID":"9a8f8152-9583-4ba5-9447-68c39b8d63bb","ID":"cf3e2307-be3c-4283-996d-39100fb9e246","childs":{"код":{"_level":2,"parentID":"cf3e2307-be3c-4283-996d-39100fb9e246","firstParentID":"9a8f8152-9583-4ba5-9447-68c39b8d63bb","ID":"da19819b-2812-47d1-a0f7-e6ac36b0789c","childs":null,"emcosID":null,"emcosMLID":null,"codMaketTEP":null,"codTEP":null,"WSName":"DB","rangeAddress":"$S$95:$S$132","headAddress":"$S$95","bodyAddress":"$S$96:$S$132","_name":"код"},"основное":{"_level":2,"parentID":"cf3e2307-be3c-4283-996d-39100fb9e246","firstParentID":"9a8f8152-9583-4ba5-9447-68c39b8d63bb","ID":"67737ef2-912e-4ed1-921a-b5bd608f804a","childs":null,"emcosID":null,"emcosMLID":null,"codMaketTEP":null,"codTEP":null,"WSName":"DB","rangeAddress":"$T$95:$T$132","headAddress":"$T$95","bodyAddress":"$T$96:$T$132","_name":"основное"},"корректировка факт":{"_level":2,"parentID":"cf3e2307-be3c-4283-996d-39100fb9e246","firstParentID":"9a8f8152-9583-4ba5-9447-68c39b8d63bb","ID":"c5aebd88-1b2c-4c0c-a2ac-761a792b3295","childs":null,"emcosID":null,"emcosMLID":null,"codMaketTEP":null,"codTEP":null,"WSName":"DB","rangeAddress":"$U$95:$U$132","headAddress":"$U$95","bodyAddress":"$U$96:$U$132","_name":"корректировка факт"},"ручное":{"_level":2,"parentID":"cf3e2307-be3c-4283-996d-39100fb9e246","firstParentID":"9a8f8152-9583-4ba5-9447-68c39b8d63bb","ID":"0ac46f93-9f55-4415-8225-06e7b95a6952","childs":null,"emcosID":null,"emcosMLID":null,"codMaketTEP":null,"codTEP":null,"WSName":"DB","rangeAddress":"$V$95:$V$132","headAddress":"$V$95","bodyAddress":"$V$96:$V$132","_name":"ручное"}},"emcosID":null,"emcosMLID":null,"codMaketTEP":null,"codTEP":null,"WSName":"DB","rangeAddress":"$S$94:$V$132","headAddress":"$S$94:$V$94","bodyAddress":"$S$95:$V$132","_name":"прием"},"отдача":{"_level":1,"parentID":"d04f65c3-248c-4713-a8db-4cccf619670b","firstParentID":"9a8f8152-9583-4ba5-9447-68c39b8d63bb","ID":"3339bca1-57e7-449c-bb4a-c82e49d768ed","childs":{"код":{"_level":2,"parentID":"3339bca1-57e7-449c-bb4a-c82e49d768ed","firstParentID":"9a8f8152-9583-4ba5-9447-68c39b8d63bb","ID":"e2ae8c31-530c-4436-a7f4-ee9086b980a3","childs":null,"emcosID":null,"emcosMLID":null,"codMaketTEP":null,"codTEP":null,"WSName":"DB","rangeAddress":"$W$95:$W$132","headAddress":"$W$95","bodyAddress":"$W$96:$W$132","_name":"код"},"основное":{"_level":2,"parentID":"3339bca1-57e7-449c-bb4a-c82e49d768ed","firstParentID":"9a8f8152-9583-4ba5-9447-68c39b8d63bb","ID":"190e688c-aa87-4d6b-8932-4e8b7c88824a","childs":null,"emcosID":null,"emcosMLID":null,"codMaketTEP":null,"codTEP":null,"WSName":"DB","rangeAddress":"$X$95:$X$132","headAddress":"$X$95","bodyAddress":"$X$96:$X$132","_name":"основное"},"корректировка факт":{"_level":2,"parentID":"3339bca1-57e7-449c-bb4a-c82e49d768ed","firstParentID":"9a8f8152-9583-4ba5-9447-68c39b8d63bb","ID":"ea70eeae-b36e-47a1-a3c4-8fbb82714449","childs":null,"emcosID":null,"emcosMLID":null,"codMaketTEP":null,"codTEP":null,"WSName":"DB","rangeAddress":"$Y$95:$Y$132","headAddress":"$Y$95","bodyAddress":"$Y$96:$Y$132","_name":"корректировка факт"},"ручное":{"_level":2,"parentID":"3339bca1-57e7-449c-bb4a-c82e49d768ed","firstParentID":"9a8f8152-9583-4ba5-9447-68c39b8d63bb","ID":"cda8158b-b6c3-40dc-9f65-934e761e59f3","childs":null,"emcosID":null,"emcosMLID":null,"codMaketTEP":null,"codTEP":null,"WSName":"DB","rangeAddress":"$Z$95:$Z$132","headAddress":"$Z$95","bodyAddress":"$Z$96:$Z$132","_name":"ручное"}},"emcosID":null,"emcosMLID":null,"codMaketTEP":null,"codTEP":null,"WSName":"DB","rangeAddress":"$W$94:$Z$132","headAddress":"$W$94:$Z$94","bodyAddress":"$W$95:$Z$132","_name":"отдача"}},"emcosID":null,"emcosMLID":null,"codMaketTEP":null,"codTEP":null,"WSName":"DB","rangeAddress":"$S$93:$Z$132","headAddress":"$S$93:$Z$93","bodyAddress":"$S$94:$Z$132","_name":"ТП3 Мын Арал тяга"}},"codPlan":null,"meterCoef":null,"_name":"ТП3 Мын Арал тяга"}