{"ID":"9bf44b3e-4d18-47e0-b23b-28c1872ff39e","childs":{"PS":{"_level":0,"parentID":"9bf44b3e-4d18-47e0-b23b-28c1872ff39e","firstParentID":"9bf44b3e-4d18-47e0-b23b-28c1872ff39e","ID":"bdbbcb4f-ecb0-429f-a310-6c67170301c4","childs":{"прием":{"_level":1,"parentID":"bdbbcb4f-ecb0-429f-a310-6c67170301c4","firstParentID":"9bf44b3e-4d18-47e0-b23b-28c1872ff39e","ID":"4438b3ac-c74d-4af9-a819-ee5d20d461ce","childs":{"ручное":{"_level":2,"parentID":"4438b3ac-c74d-4af9-a819-ee5d20d461ce","firstParentID":"9bf44b3e-4d18-47e0-b23b-28c1872ff39e","ID":"00905e97-9c6b-4c9d-9e36-3b5c421fd126","childs":null,"emcosID":null,"emcosMLID":null,"codMaketTEP":null,"codTEP":null,"WSName":"PS","rangeAddress":"$AV$228:$AV$264","headAddress":"$AV$228","bodyAddress":"$AV$229:$AV$264","_name":"ручное"}},"emcosID":null,"emcosMLID":null,"codMaketTEP":null,"codTEP":null,"WSName":"PS","rangeAddress":"$AV$227:$AV$264","headAddress":"$AV$227","bodyAddress":"$AV$228:$AV$264","_name":"прием"}},"emcosID":null,"emcosMLID":null,"codMaketTEP":null,"codTEP":null,"WSName":"PS","rangeAddress":"$AV$226:$AV$264","headAddress":"$AV$226","bodyAddress":"$AV$227:$AV$264","_name":"Потребление Green Oil Жетысу"},"DB":{"_level":0,"parentID":"9bf44b3e-4d18-47e0-b23b-28c1872ff39e","firstParentID":"9bf44b3e-4d18-47e0-b23b-28c1872ff39e","ID":"32c21f9e-22cd-4bfb-8012-7d8ce839f268","childs":{"прием":{"_level":1,"parentID":"32c21f9e-22cd-4bfb-8012-7d8ce839f268","firstParentID":"9bf44b3e-4d18-47e0-b23b-28c1872ff39e","ID":"8d24f1d0-eaa8-4019-94d6-f7e217dcf633","childs":{"код":{"_level":2,"parentID":"8d24f1d0-eaa8-4019-94d6-f7e217dcf633","firstParentID":"9bf44b3e-4d18-47e0-b23b-28c1872ff39e","ID":"367d4a8a-8f36-4126-964a-d5702cdf05bc","childs":null,"emcosID":null,"emcosMLID":null,"codMaketTEP":null,"codTEP":null,"WSName":"DB","rangeAddress":"$DA$482:$DA$519","headAddress":"$DA$482","bodyAddress":"$DA$483:$DA$519","_name":"код"},"основное":{"_level":2,"parentID":"8d24f1d0-eaa8-4019-94d6-f7e217dcf633","firstParentID":"9bf44b3e-4d18-47e0-b23b-28c1872ff39e","ID":"571df3dc-1681-44a5-a193-3f0e2013860c","childs":null,"emcosID":null,"emcosMLID":null,"codMaketTEP":null,"codTEP":null,"WSName":"DB","rangeAddress":"$DB$482:$DB$519","headAddress":"$DB$482","bodyAddress":"$DB$483:$DB$519","_name":"основное"},"корректировка факт":{"_level":2,"parentID":"8d24f1d0-eaa8-4019-94d6-f7e217dcf633","firstParentID":"9bf44b3e-4d18-47e0-b23b-28c1872ff39e","ID":"aa856581-3ddd-475c-9d64-25dfd5751f6e","childs":null,"emcosID":null,"emcosMLID":null,"codMaketTEP":null,"codTEP":null,"WSName":"DB","rangeAddress":"$DC$482:$DC$519","headAddress":"$DC$482","bodyAddress":"$DC$483:$DC$519","_name":"корректировка факт"},"ручное":{"_level":2,"parentID":"8d24f1d0-eaa8-4019-94d6-f7e217dcf633","firstParentID":"9bf44b3e-4d18-47e0-b23b-28c1872ff39e","ID":"662f96d5-2bf0-4b89-a92b-6328a19ba557","childs":null,"emcosID":null,"emcosMLID":null,"codMaketTEP":null,"codTEP":null,"WSName":"DB","rangeAddress":"$DD$482:$DD$519","headAddress":"$DD$482","bodyAddress":"$DD$483:$DD$519","_name":"ручное"}},"emcosID":null,"emcosMLID":null,"codMaketTEP":null,"codTEP":null,"WSName":"DB","rangeAddress":"$DA$481:$DD$519","headAddress":"$DA$481:$DD$481","bodyAddress":"$DA$482:$DD$519","_name":"прием"}},"emcosID":null,"emcosMLID":null,"codMaketTEP":null,"codTEP":null,"WSName":"DB","rangeAddress":"$DA$480:$DD$519","headAddress":"$DA$480:$DD$480","bodyAddress":"$DA$481:$DD$519","_name":"Потребление Green Oil Жетысу"}},"codPlan":null,"meterCoef":null,"_name":"Потребление Green Oil Жетысу"}