{"ID":"9bf44b3e-4d18-47e0-b23b-28c1872ff39e","childs":{"PS":{"_level":0,"parentID":"9bf44b3e-4d18-47e0-b23b-28c1872ff39e","firstParentID":"9bf44b3e-4d18-47e0-b23b-28c1872ff39e","ID":"bdbbcb4f-ecb0-429f-a310-6c67170301c4","childs":{"прием":{"_level":1,"parentID":"bdbbcb4f-ecb0-429f-a310-6c67170301c4","firstParentID":"9bf44b3e-4d18-47e0-b23b-28c1872ff39e","ID":"4438b3ac-c74d-4af9-a819-ee5d20d461ce","childs":{"формула":{"_level":2,"parentID":"4438b3ac-c74d-4af9-a819-ee5d20d461ce","firstParentID":"9bf44b3e-4d18-47e0-b23b-28c1872ff39e","ID":"00905e97-9c6b-4c9d-9e36-3b5c421fd126","childs":null,"emcosID":null,"emcosMLID":null,"codMaketTEP":null,"codTEP":null,"WSName":"PS","rangeAddress":"$AW$228:$AW$264","headAddress":"$AW$228","bodyAddress":"$AW$229:$AW$264","_name":"формула"}},"emcosID":null,"emcosMLID":null,"codMaketTEP":1473,"codTEP":null,"WSName":"PS","rangeAddress":"$AW$227:$AW$264","headAddress":"$AW$227","bodyAddress":"$AW$228:$AW$264","_name":"прием"}},"emcosID":null,"emcosMLID":null,"codMaketTEP":null,"codTEP":null,"WSName":"PS","rangeAddress":"$AW$226:$AW$264","headAddress":"$AW$226","bodyAddress":"$AW$227:$AW$264","_name":"Потребление Green Oil Жетысу"},"DB":{"_level":0,"parentID":"9bf44b3e-4d18-47e0-b23b-28c1872ff39e","firstParentID":"9bf44b3e-4d18-47e0-b23b-28c1872ff39e","ID":"32c21f9e-22cd-4bfb-8012-7d8ce839f268","childs":{"прием":{"_level":1,"parentID":"32c21f9e-22cd-4bfb-8012-7d8ce839f268","firstParentID":"9bf44b3e-4d18-47e0-b23b-28c1872ff39e","ID":"8d24f1d0-eaa8-4019-94d6-f7e217dcf633","childs":{"код":{"_level":2,"parentID":"8d24f1d0-eaa8-4019-94d6-f7e217dcf633","firstParentID":"9bf44b3e-4d18-47e0-b23b-28c1872ff39e","ID":"367d4a8a-8f36-4126-964a-d5702cdf05bc","childs":null,"emcosID":null,"emcosMLID":null,"codMaketTEP":null,"codTEP":null,"WSName":"DB","rangeAddress":"$FX$482:$FX$519","headAddress":"$FX$482","bodyAddress":"$FX$483:$FX$519","_name":"код"},"основное":{"_level":2,"parentID":"8d24f1d0-eaa8-4019-94d6-f7e217dcf633","firstParentID":"9bf44b3e-4d18-47e0-b23b-28c1872ff39e","ID":"571df3dc-1681-44a5-a193-3f0e2013860c","childs":null,"emcosID":null,"emcosMLID":null,"codMaketTEP":null,"codTEP":null,"WSName":"DB","rangeAddress":"$FY$482:$FY$519","headAddress":"$FY$482","bodyAddress":"$FY$483:$FY$519","_name":"основное"},"корректировка факт":{"_level":2,"parentID":"8d24f1d0-eaa8-4019-94d6-f7e217dcf633","firstParentID":"9bf44b3e-4d18-47e0-b23b-28c1872ff39e","ID":"aa856581-3ddd-475c-9d64-25dfd5751f6e","childs":null,"emcosID":null,"emcosMLID":null,"codMaketTEP":null,"codTEP":null,"WSName":"DB","rangeAddress":"$FZ$482:$FZ$519","headAddress":"$FZ$482","bodyAddress":"$FZ$483:$FZ$519","_name":"корректировка факт"},"ручное":{"_level":2,"parentID":"8d24f1d0-eaa8-4019-94d6-f7e217dcf633","firstParentID":"9bf44b3e-4d18-47e0-b23b-28c1872ff39e","ID":"662f96d5-2bf0-4b89-a92b-6328a19ba557","childs":null,"emcosID":null,"emcosMLID":null,"codMaketTEP":null,"codTEP":null,"WSName":"DB","rangeAddress":"$GA$482:$GA$519","headAddress":"$GA$482","bodyAddress":"$GA$483:$GA$519","_name":"ручное"},"формула":{"_level":2,"parentID":"8d24f1d0-eaa8-4019-94d6-f7e217dcf633","firstParentID":"9bf44b3e-4d18-47e0-b23b-28c1872ff39e","ID":"557dbcb2-2f29-4f32-bd05-d1ac18384c74","childs":null,"emcosID":null,"emcosMLID":null,"codMaketTEP":null,"codTEP":null,"WSName":"DB","rangeAddress":"$GB$482:$GB$519","headAddress":"$GB$482","bodyAddress":"$GB$483:$GB$519","_name":"формула"}},"emcosID":null,"emcosMLID":null,"codMaketTEP":null,"codTEP":null,"WSName":"DB","rangeAddress":"$FX$481:$GB$519","headAddress":"$FX$481:$GB$481","bodyAddress":"$FX$482:$GB$519","_name":"прием"}},"emcosID":null,"emcosMLID":null,"codMaketTEP":null,"codTEP":null,"WSName":"DB","rangeAddress":"$FX$480:$GB$519","headAddress":"$FX$480:$GB$480","bodyAddress":"$FX$481:$GB$519","_name":"Потребление Green Oil Жетысу"}},"codPlan":null,"meterCoef":null,"_name":"Потребление Green Oil Жетысу"}