{"ID":"9d0e8fdc-bed9-48b6-8916-440c7fca51ba","childs":{"PS":{"_level":0,"parentID":"9d0e8fdc-bed9-48b6-8916-440c7fca51ba","firstParentID":"9d0e8fdc-bed9-48b6-8916-440c7fca51ba","ID":"6aca38ef-4b7e-4397-9c0d-640a594106d1","childs":{"прием":{"_level":1,"parentID":"6aca38ef-4b7e-4397-9c0d-640a594106d1","firstParentID":"9d0e8fdc-bed9-48b6-8916-440c7fca51ba","ID":"d906983a-3737-4914-a062-659c91827e73","childs":{"ручное":{"_level":2,"parentID":"d906983a-3737-4914-a062-659c91827e73","firstParentID":"9d0e8fdc-bed9-48b6-8916-440c7fca51ba","ID":"55013627-ed51-4253-a0ba-67c0e969d14c","childs":null,"emcosID":null,"emcosMLID":null,"codMaketTEP":null,"codTEP":null,"WSName":"PS","rangeAddress":"$FZ$99:$FZ$135","headAddress":"$FZ$99","bodyAddress":"$FZ$100:$FZ$135","_name":"ручное"}},"emcosID":null,"emcosMLID":null,"codMaketTEP":null,"codTEP":null,"WSName":"PS","rangeAddress":"$FZ$98:$FZ$135","headAddress":"$FZ$98","bodyAddress":"$FZ$99:$FZ$135","_name":"прием"},"отдача":{"_level":1,"parentID":"6aca38ef-4b7e-4397-9c0d-640a594106d1","firstParentID":"9d0e8fdc-bed9-48b6-8916-440c7fca51ba","ID":"223d761f-ba75-405f-b055-46237788f1c2","childs":{"ручное":{"_level":2,"parentID":"223d761f-ba75-405f-b055-46237788f1c2","firstParentID":"9d0e8fdc-bed9-48b6-8916-440c7fca51ba","ID":"fd07ef37-5487-44bb-88d7-4094b090dead","childs":null,"emcosID":null,"emcosMLID":null,"codMaketTEP":null,"codTEP":null,"WSName":"PS","rangeAddress":"$GA$99:$GA$135","headAddress":"$GA$99","bodyAddress":"$GA$100:$GA$135","_name":"ручное"}},"emcosID":null,"emcosMLID":null,"codMaketTEP":null,"codTEP":null,"WSName":"PS","rangeAddress":"$GA$98:$GA$135","headAddress":"$GA$98","bodyAddress":"$GA$99:$GA$135","_name":"отдача"}},"emcosID":null,"emcosMLID":null,"codMaketTEP":null,"codTEP":null,"WSName":"PS","rangeAddress":"$FZ$97:$GA$135","headAddress":"$FZ$97:$GA$97","bodyAddress":"$FZ$98:$GA$135","_name":"Л2293 Строительная 120А"},"DB":{"_level":0,"parentID":"9d0e8fdc-bed9-48b6-8916-440c7fca51ba","firstParentID":"9d0e8fdc-bed9-48b6-8916-440c7fca51ba","ID":"bf9a8136-987e-44c0-99ce-68de6abef1ea","childs":{"прием":{"_level":1,"parentID":"bf9a8136-987e-44c0-99ce-68de6abef1ea","firstParentID":"9d0e8fdc-bed9-48b6-8916-440c7fca51ba","ID":"10d83a8b-8a7a-4787-b55b-22cd624c939f","childs":{"код":{"_level":2,"parentID":"10d83a8b-8a7a-4787-b55b-22cd624c939f","firstParentID":"9d0e8fdc-bed9-48b6-8916-440c7fca51ba","ID":"a9e1400e-9173-411e-83d1-4c91d3467826","childs":null,"emcosID":null,"emcosMLID":null,"codMaketTEP":null,"codTEP":null,"WSName":"DB","rangeAddress":"$AF$181:$AF$218","headAddress":"$AF$181","bodyAddress":"$AF$182:$AF$218","_name":"код"},"основное":{"_level":2,"parentID":"10d83a8b-8a7a-4787-b55b-22cd624c939f","firstParentID":"9d0e8fdc-bed9-48b6-8916-440c7fca51ba","ID":"0bde7992-3cda-48ea-9f51-5e1d46fc1c0b","childs":null,"emcosID":null,"emcosMLID":null,"codMaketTEP":null,"codTEP":null,"WSName":"DB","rangeAddress":"$AG$181:$AG$218","headAddress":"$AG$181","bodyAddress":"$AG$182:$AG$218","_name":"основное"},"корректировка факт":{"_level":2,"parentID":"10d83a8b-8a7a-4787-b55b-22cd624c939f","firstParentID":"9d0e8fdc-bed9-48b6-8916-440c7fca51ba","ID":"e84a186c-feb3-47aa-83f3-8496f9cb9cb5","childs":null,"emcosID":null,"emcosMLID":null,"codMaketTEP":null,"codTEP":null,"WSName":"DB","rangeAddress":"$AH$181:$AH$218","headAddress":"$AH$181","bodyAddress":"$AH$182:$AH$218","_name":"корректировка факт"},"ручное":{"_level":2,"parentID":"10d83a8b-8a7a-4787-b55b-22cd624c939f","firstParentID":"9d0e8fdc-bed9-48b6-8916-440c7fca51ba","ID":"2c6b6998-340d-4ce6-89d4-54a001d67bf0","childs":null,"emcosID":null,"emcosMLID":null,"codMaketTEP":null,"codTEP":null,"WSName":"DB","rangeAddress":"$AI$181:$AI$218","headAddress":"$AI$181","bodyAddress":"$AI$182:$AI$218","_name":"ручное"}},"emcosID":null,"emcosMLID":null,"codMaketTEP":null,"codTEP":null,"WSName":"DB","rangeAddress":"$AF$180:$AI$218","headAddress":"$AF$180:$AI$180","bodyAddress":"$AF$181:$AI$218","_name":"прием"},"отдача":{"_level":1,"parentID":"bf9a8136-987e-44c0-99ce-68de6abef1ea","firstParentID":"9d0e8fdc-bed9-48b6-8916-440c7fca51ba","ID":"10ba1d17-46f7-4bb1-b25a-1dc9baa3841b","childs":{"код":{"_level":2,"parentID":"10ba1d17-46f7-4bb1-b25a-1dc9baa3841b","firstParentID":"9d0e8fdc-bed9-48b6-8916-440c7fca51ba","ID":"f7509723-81d6-44b2-be9c-02f2cc1bd949","childs":null,"emcosID":null,"emcosMLID":null,"codMaketTEP":null,"codTEP":null,"WSName":"DB","rangeAddress":"$AJ$181:$AJ$218","headAddress":"$AJ$181","bodyAddress":"$AJ$182:$AJ$218","_name":"код"},"основное":{"_level":2,"parentID":"10ba1d17-46f7-4bb1-b25a-1dc9baa3841b","firstParentID":"9d0e8fdc-bed9-48b6-8916-440c7fca51ba","ID":"bf7ca836-52e7-4964-bd7b-7d7d42b0d3a5","childs":null,"emcosID":null,"emcosMLID":null,"codMaketTEP":null,"codTEP":null,"WSName":"DB","rangeAddress":"$AK$181:$AK$218","headAddress":"$AK$181","bodyAddress":"$AK$182:$AK$218","_name":"основное"},"корректировка факт":{"_level":2,"parentID":"10ba1d17-46f7-4bb1-b25a-1dc9baa3841b","firstParentID":"9d0e8fdc-bed9-48b6-8916-440c7fca51ba","ID":"669d01c5-6226-4dcf-ba7f-c852248718ae","childs":null,"emcosID":null,"emcosMLID":null,"codMaketTEP":null,"codTEP":null,"WSName":"DB","rangeAddress":"$AL$181:$AL$218","headAddress":"$AL$181","bodyAddress":"$AL$182:$AL$218","_name":"корректировка факт"},"ручное":{"_level":2,"parentID":"10ba1d17-46f7-4bb1-b25a-1dc9baa3841b","firstParentID":"9d0e8fdc-bed9-48b6-8916-440c7fca51ba","ID":"a216ec97-c06b-4570-8674-9344f0828d7c","childs":null,"emcosID":null,"emcosMLID":null,"codMaketTEP":null,"codTEP":null,"WSName":"DB","rangeAddress":"$AM$181:$AM$218","headAddress":"$AM$181","bodyAddress":"$AM$182:$AM$218","_name":"ручное"}},"emcosID":null,"emcosMLID":null,"codMaketTEP":null,"codTEP":null,"WSName":"DB","rangeAddress":"$AJ$180:$AM$218","headAddress":"$AJ$180:$AM$180","bodyAddress":"$AJ$181:$AM$218","_name":"отдача"}},"emcosID":null,"emcosMLID":null,"codMaketTEP":null,"codTEP":null,"WSName":"DB","rangeAddress":"$AF$179:$AM$218","headAddress":"$AF$179:$AM$179","bodyAddress":"$AF$180:$AM$218","_name":"Л2293 Строительная 120А"}},"codPlan":null,"meterCoef":null,"_name":"Л2293 Строительная 120А"}