{"ID":"9f3a557f-45be-4050-8a06-51d4bd83c704","childs":{"PS":{"_level":0,"parentID":"9f3a557f-45be-4050-8a06-51d4bd83c704","firstParentID":"9f3a557f-45be-4050-8a06-51d4bd83c704","ID":"e115fbc0-2e59-49b6-8466-15e11225a233","childs":{"прием":{"_level":1,"parentID":"e115fbc0-2e59-49b6-8466-15e11225a233","firstParentID":"9f3a557f-45be-4050-8a06-51d4bd83c704","ID":"596139a7-1de5-4a16-851a-a07cef79fac5","childs":{"оперативное":{"_level":2,"parentID":"596139a7-1de5-4a16-851a-a07cef79fac5","firstParentID":"9f3a557f-45be-4050-8a06-51d4bd83c704","ID":"d6fea48b-ec5b-4801-a544-97cbe6f8ef10","childs":null,"emcosID":null,"emcosMLID":null,"codMaketTEP":null,"codTEP":null,"WSName":"PS","rangeAddress":"$HP$99:$HP$135","headAddress":"$HP$99","bodyAddress":"$HP$100:$HP$135","_name":"оперативное"}},"emcosID":null,"emcosMLID":null,"codMaketTEP":null,"codTEP":null,"WSName":"PS","rangeAddress":"$HP$98:$HP$135","headAddress":"$HP$98","bodyAddress":"$HP$99:$HP$135","_name":"прием"},"отдача":{"_level":1,"parentID":"e115fbc0-2e59-49b6-8466-15e11225a233","firstParentID":"9f3a557f-45be-4050-8a06-51d4bd83c704","ID":"3da4553d-3490-4011-82fc-09a8e1b7ffe3","childs":{"оперативное":{"_level":2,"parentID":"3da4553d-3490-4011-82fc-09a8e1b7ffe3","firstParentID":"9f3a557f-45be-4050-8a06-51d4bd83c704","ID":"5f2890ca-4ecd-45c5-8732-74e69a9aeb6a","childs":null,"emcosID":null,"emcosMLID":null,"codMaketTEP":null,"codTEP":null,"WSName":"PS","rangeAddress":"$HQ$99:$HQ$135","headAddress":"$HQ$99","bodyAddress":"$HQ$100:$HQ$135","_name":"оперативное"}},"emcosID":null,"emcosMLID":null,"codMaketTEP":null,"codTEP":null,"WSName":"PS","rangeAddress":"$HQ$98:$HQ$135","headAddress":"$HQ$98","bodyAddress":"$HQ$99:$HQ$135","_name":"отдача"}},"emcosID":null,"emcosMLID":null,"codMaketTEP":null,"codTEP":null,"WSName":"PS","rangeAddress":"$HP$97:$HQ$135","headAddress":"$HP$97:$HQ$97","bodyAddress":"$HP$98:$HQ$135","_name":"Л2383 Робот 143А"},"DB":{"_level":0,"parentID":"9f3a557f-45be-4050-8a06-51d4bd83c704","firstParentID":"9f3a557f-45be-4050-8a06-51d4bd83c704","ID":"c30573fa-06ea-4ad3-94ca-5eb2e9ab069e","childs":{"прием":{"_level":1,"parentID":"c30573fa-06ea-4ad3-94ca-5eb2e9ab069e","firstParentID":"9f3a557f-45be-4050-8a06-51d4bd83c704","ID":"0471472b-d382-4853-84b2-b23212dbf4f3","childs":{"код":{"_level":2,"parentID":"0471472b-d382-4853-84b2-b23212dbf4f3","firstParentID":"9f3a557f-45be-4050-8a06-51d4bd83c704","ID":"b54e8664-8392-46bb-a1e1-ecca96fd54e1","childs":null,"emcosID":null,"emcosMLID":null,"codMaketTEP":null,"codTEP":null,"WSName":"DB","rangeAddress":"$DO$95:$DO$132","headAddress":"$DO$95","bodyAddress":"$DO$96:$DO$132","_name":"код"},"основное":{"_level":2,"parentID":"0471472b-d382-4853-84b2-b23212dbf4f3","firstParentID":"9f3a557f-45be-4050-8a06-51d4bd83c704","ID":"ba9f8a8e-e0bc-464c-9066-0a402bdba072","childs":null,"emcosID":null,"emcosMLID":null,"codMaketTEP":null,"codTEP":null,"WSName":"DB","rangeAddress":"$DP$95:$DP$132","headAddress":"$DP$95","bodyAddress":"$DP$96:$DP$132","_name":"основное"},"корректировка факт":{"_level":2,"parentID":"0471472b-d382-4853-84b2-b23212dbf4f3","firstParentID":"9f3a557f-45be-4050-8a06-51d4bd83c704","ID":"985306cc-347c-41d8-b10a-f5b408774179","childs":null,"emcosID":null,"emcosMLID":null,"codMaketTEP":null,"codTEP":null,"WSName":"DB","rangeAddress":"$DQ$95:$DQ$132","headAddress":"$DQ$95","bodyAddress":"$DQ$96:$DQ$132","_name":"корректировка факт"},"ручное":{"_level":2,"parentID":"0471472b-d382-4853-84b2-b23212dbf4f3","firstParentID":"9f3a557f-45be-4050-8a06-51d4bd83c704","ID":"ec86db00-8788-40bc-abcf-4202dec0f655","childs":null,"emcosID":null,"emcosMLID":null,"codMaketTEP":null,"codTEP":null,"WSName":"DB","rangeAddress":"$DR$95:$DR$132","headAddress":"$DR$95","bodyAddress":"$DR$96:$DR$132","_name":"ручное"},"оперативное":{"_level":2,"parentID":"0471472b-d382-4853-84b2-b23212dbf4f3","firstParentID":"9f3a557f-45be-4050-8a06-51d4bd83c704","ID":"26cd2169-ce94-4457-8998-d76b06b3f38c","childs":null,"emcosID":null,"emcosMLID":null,"codMaketTEP":null,"codTEP":null,"WSName":"DB","rangeAddress":"$DS$95:$DS$132","headAddress":"$DS$95","bodyAddress":"$DS$96:$DS$132","_name":"оперативное"}},"emcosID":null,"emcosMLID":null,"codMaketTEP":null,"codTEP":null,"WSName":"DB","rangeAddress":"$DO$94:$DS$132","headAddress":"$DO$94:$DS$94","bodyAddress":"$DO$95:$DS$132","_name":"прием"},"отдача":{"_level":1,"parentID":"c30573fa-06ea-4ad3-94ca-5eb2e9ab069e","firstParentID":"9f3a557f-45be-4050-8a06-51d4bd83c704","ID":"175711d2-df99-47fe-b889-54415cd89718","childs":{"код":{"_level":2,"parentID":"175711d2-df99-47fe-b889-54415cd89718","firstParentID":"9f3a557f-45be-4050-8a06-51d4bd83c704","ID":"5db5d89d-b5cf-4944-9460-6ff945f44295","childs":null,"emcosID":null,"emcosMLID":null,"codMaketTEP":null,"codTEP":null,"WSName":"DB","rangeAddress":"$DT$95:$DT$132","headAddress":"$DT$95","bodyAddress":"$DT$96:$DT$132","_name":"код"},"основное":{"_level":2,"parentID":"175711d2-df99-47fe-b889-54415cd89718","firstParentID":"9f3a557f-45be-4050-8a06-51d4bd83c704","ID":"1c45d116-66be-41a1-a87e-d2c3e5a6b3bf","childs":null,"emcosID":null,"emcosMLID":null,"codMaketTEP":null,"codTEP":null,"WSName":"DB","rangeAddress":"$DU$95:$DU$132","headAddress":"$DU$95","bodyAddress":"$DU$96:$DU$132","_name":"основное"},"корректировка факт":{"_level":2,"parentID":"175711d2-df99-47fe-b889-54415cd89718","firstParentID":"9f3a557f-45be-4050-8a06-51d4bd83c704","ID":"63f105e5-4aa5-4444-b2e0-1ccfc73ea97f","childs":null,"emcosID":null,"emcosMLID":null,"codMaketTEP":null,"codTEP":null,"WSName":"DB","rangeAddress":"$DV$95:$DV$132","headAddress":"$DV$95","bodyAddress":"$DV$96:$DV$132","_name":"корректировка факт"},"ручное":{"_level":2,"parentID":"175711d2-df99-47fe-b889-54415cd89718","firstParentID":"9f3a557f-45be-4050-8a06-51d4bd83c704","ID":"5ec7dde0-ac2a-4d5a-9d6a-c209b5db010a","childs":null,"emcosID":null,"emcosMLID":null,"codMaketTEP":null,"codTEP":null,"WSName":"DB","rangeAddress":"$DW$95:$DW$132","headAddress":"$DW$95","bodyAddress":"$DW$96:$DW$132","_name":"ручное"},"оперативное":{"_level":2,"parentID":"175711d2-df99-47fe-b889-54415cd89718","firstParentID":"9f3a557f-45be-4050-8a06-51d4bd83c704","ID":"f5b80bc9-cc6e-466c-bee3-d9e2a590618c","childs":null,"emcosID":null,"emcosMLID":null,"codMaketTEP":null,"codTEP":null,"WSName":"DB","rangeAddress":"$DX$95:$DX$132","headAddress":"$DX$95","bodyAddress":"$DX$96:$DX$132","_name":"оперативное"}},"emcosID":null,"emcosMLID":null,"codMaketTEP":null,"codTEP":null,"WSName":"DB","rangeAddress":"$DT$94:$DX$132","headAddress":"$DT$94:$DX$94","bodyAddress":"$DT$95:$DX$132","_name":"отдача"}},"emcosID":null,"emcosMLID":null,"codMaketTEP":null,"codTEP":null,"WSName":"DB","rangeAddress":"$DO$93:$DX$132","headAddress":"$DO$93:$DX$93","bodyAddress":"$DO$94:$DX$132","_name":"Л2383 Робот 143А"}},"codPlan":null,"meterCoef":null,"_name":"Л2383 Робот 143А"}