{"ID":"9f3a557f-45be-4050-8a06-51d4bd83c704","childs":{"PS":{"_level":0,"parentID":"9f3a557f-45be-4050-8a06-51d4bd83c704","firstParentID":"9f3a557f-45be-4050-8a06-51d4bd83c704","ID":"e115fbc0-2e59-49b6-8466-15e11225a233","childs":{"прием":{"_level":1,"parentID":"e115fbc0-2e59-49b6-8466-15e11225a233","firstParentID":"9f3a557f-45be-4050-8a06-51d4bd83c704","ID":"596139a7-1de5-4a16-851a-a07cef79fac5","childs":{"оперативное":{"_level":2,"parentID":"596139a7-1de5-4a16-851a-a07cef79fac5","firstParentID":"9f3a557f-45be-4050-8a06-51d4bd83c704","ID":"d6fea48b-ec5b-4801-a544-97cbe6f8ef10","childs":null,"emcosID":null,"emcosMLID":null,"codMaketTEP":null,"codTEP":null,"WSName":"PS","rangeAddress":"$HO$99:$HO$135","headAddress":"$HO$99","bodyAddress":"$HO$100:$HO$135","_name":"оперативное"}},"emcosID":null,"emcosMLID":null,"codMaketTEP":null,"codTEP":null,"WSName":"PS","rangeAddress":"$HO$98:$HO$135","headAddress":"$HO$98","bodyAddress":"$HO$99:$HO$135","_name":"прием"},"отдача":{"_level":1,"parentID":"e115fbc0-2e59-49b6-8466-15e11225a233","firstParentID":"9f3a557f-45be-4050-8a06-51d4bd83c704","ID":"3da4553d-3490-4011-82fc-09a8e1b7ffe3","childs":{"оперативное":{"_level":2,"parentID":"3da4553d-3490-4011-82fc-09a8e1b7ffe3","firstParentID":"9f3a557f-45be-4050-8a06-51d4bd83c704","ID":"5f2890ca-4ecd-45c5-8732-74e69a9aeb6a","childs":null,"emcosID":null,"emcosMLID":null,"codMaketTEP":null,"codTEP":null,"WSName":"PS","rangeAddress":"$HP$99:$HP$135","headAddress":"$HP$99","bodyAddress":"$HP$100:$HP$135","_name":"оперативное"}},"emcosID":null,"emcosMLID":null,"codMaketTEP":null,"codTEP":null,"WSName":"PS","rangeAddress":"$HP$98:$HP$135","headAddress":"$HP$98","bodyAddress":"$HP$99:$HP$135","_name":"отдача"}},"emcosID":null,"emcosMLID":null,"codMaketTEP":null,"codTEP":null,"WSName":"PS","rangeAddress":"$HO$97:$HP$135","headAddress":"$HO$97:$HP$97","bodyAddress":"$HO$98:$HP$135","_name":"Л2383 Робот 143А"},"DB":{"_level":0,"parentID":"9f3a557f-45be-4050-8a06-51d4bd83c704","firstParentID":"9f3a557f-45be-4050-8a06-51d4bd83c704","ID":"c30573fa-06ea-4ad3-94ca-5eb2e9ab069e","childs":{"прием":{"_level":1,"parentID":"c30573fa-06ea-4ad3-94ca-5eb2e9ab069e","firstParentID":"9f3a557f-45be-4050-8a06-51d4bd83c704","ID":"0471472b-d382-4853-84b2-b23212dbf4f3","childs":{"код":{"_level":2,"parentID":"0471472b-d382-4853-84b2-b23212dbf4f3","firstParentID":"9f3a557f-45be-4050-8a06-51d4bd83c704","ID":"b54e8664-8392-46bb-a1e1-ecca96fd54e1","childs":null,"emcosID":null,"emcosMLID":null,"codMaketTEP":null,"codTEP":null,"WSName":"DB","rangeAddress":"$DA$95:$DA$132","headAddress":"$DA$95","bodyAddress":"$DA$96:$DA$132","_name":"код"},"основное":{"_level":2,"parentID":"0471472b-d382-4853-84b2-b23212dbf4f3","firstParentID":"9f3a557f-45be-4050-8a06-51d4bd83c704","ID":"ba9f8a8e-e0bc-464c-9066-0a402bdba072","childs":null,"emcosID":null,"emcosMLID":null,"codMaketTEP":null,"codTEP":null,"WSName":"DB","rangeAddress":"$DB$95:$DB$132","headAddress":"$DB$95","bodyAddress":"$DB$96:$DB$132","_name":"основное"},"корректировка факт":{"_level":2,"parentID":"0471472b-d382-4853-84b2-b23212dbf4f3","firstParentID":"9f3a557f-45be-4050-8a06-51d4bd83c704","ID":"985306cc-347c-41d8-b10a-f5b408774179","childs":null,"emcosID":null,"emcosMLID":null,"codMaketTEP":null,"codTEP":null,"WSName":"DB","rangeAddress":"$DC$95:$DC$132","headAddress":"$DC$95","bodyAddress":"$DC$96:$DC$132","_name":"корректировка факт"},"ручное":{"_level":2,"parentID":"0471472b-d382-4853-84b2-b23212dbf4f3","firstParentID":"9f3a557f-45be-4050-8a06-51d4bd83c704","ID":"ec86db00-8788-40bc-abcf-4202dec0f655","childs":null,"emcosID":null,"emcosMLID":null,"codMaketTEP":null,"codTEP":null,"WSName":"DB","rangeAddress":"$DD$95:$DD$132","headAddress":"$DD$95","bodyAddress":"$DD$96:$DD$132","_name":"ручное"},"оперативное":{"_level":2,"parentID":"0471472b-d382-4853-84b2-b23212dbf4f3","firstParentID":"9f3a557f-45be-4050-8a06-51d4bd83c704","ID":"26cd2169-ce94-4457-8998-d76b06b3f38c","childs":null,"emcosID":null,"emcosMLID":null,"codMaketTEP":null,"codTEP":null,"WSName":"DB","rangeAddress":"$DE$95:$DE$132","headAddress":"$DE$95","bodyAddress":"$DE$96:$DE$132","_name":"оперативное"}},"emcosID":null,"emcosMLID":null,"codMaketTEP":null,"codTEP":null,"WSName":"DB","rangeAddress":"$DA$94:$DE$132","headAddress":"$DA$94:$DE$94","bodyAddress":"$DA$95:$DE$132","_name":"прием"},"отдача":{"_level":1,"parentID":"c30573fa-06ea-4ad3-94ca-5eb2e9ab069e","firstParentID":"9f3a557f-45be-4050-8a06-51d4bd83c704","ID":"175711d2-df99-47fe-b889-54415cd89718","childs":{"код":{"_level":2,"parentID":"175711d2-df99-47fe-b889-54415cd89718","firstParentID":"9f3a557f-45be-4050-8a06-51d4bd83c704","ID":"5db5d89d-b5cf-4944-9460-6ff945f44295","childs":null,"emcosID":null,"emcosMLID":null,"codMaketTEP":null,"codTEP":null,"WSName":"DB","rangeAddress":"$DF$95:$DF$132","headAddress":"$DF$95","bodyAddress":"$DF$96:$DF$132","_name":"код"},"основное":{"_level":2,"parentID":"175711d2-df99-47fe-b889-54415cd89718","firstParentID":"9f3a557f-45be-4050-8a06-51d4bd83c704","ID":"1c45d116-66be-41a1-a87e-d2c3e5a6b3bf","childs":null,"emcosID":null,"emcosMLID":null,"codMaketTEP":null,"codTEP":null,"WSName":"DB","rangeAddress":"$DG$95:$DG$132","headAddress":"$DG$95","bodyAddress":"$DG$96:$DG$132","_name":"основное"},"корректировка факт":{"_level":2,"parentID":"175711d2-df99-47fe-b889-54415cd89718","firstParentID":"9f3a557f-45be-4050-8a06-51d4bd83c704","ID":"63f105e5-4aa5-4444-b2e0-1ccfc73ea97f","childs":null,"emcosID":null,"emcosMLID":null,"codMaketTEP":null,"codTEP":null,"WSName":"DB","rangeAddress":"$DH$95:$DH$132","headAddress":"$DH$95","bodyAddress":"$DH$96:$DH$132","_name":"корректировка факт"},"ручное":{"_level":2,"parentID":"175711d2-df99-47fe-b889-54415cd89718","firstParentID":"9f3a557f-45be-4050-8a06-51d4bd83c704","ID":"5ec7dde0-ac2a-4d5a-9d6a-c209b5db010a","childs":null,"emcosID":null,"emcosMLID":null,"codMaketTEP":null,"codTEP":null,"WSName":"DB","rangeAddress":"$DI$95:$DI$132","headAddress":"$DI$95","bodyAddress":"$DI$96:$DI$132","_name":"ручное"},"оперативное":{"_level":2,"parentID":"175711d2-df99-47fe-b889-54415cd89718","firstParentID":"9f3a557f-45be-4050-8a06-51d4bd83c704","ID":"f5b80bc9-cc6e-466c-bee3-d9e2a590618c","childs":null,"emcosID":null,"emcosMLID":null,"codMaketTEP":null,"codTEP":null,"WSName":"DB","rangeAddress":"$DJ$95:$DJ$132","headAddress":"$DJ$95","bodyAddress":"$DJ$96:$DJ$132","_name":"оперативное"}},"emcosID":null,"emcosMLID":null,"codMaketTEP":null,"codTEP":null,"WSName":"DB","rangeAddress":"$DF$94:$DJ$132","headAddress":"$DF$94:$DJ$94","bodyAddress":"$DF$95:$DJ$132","_name":"отдача"}},"emcosID":null,"emcosMLID":null,"codMaketTEP":null,"codTEP":null,"WSName":"DB","rangeAddress":"$DA$93:$DJ$132","headAddress":"$DA$93:$DJ$93","bodyAddress":"$DA$94:$DJ$132","_name":"Л2383 Робот 143А"}},"codPlan":null,"meterCoef":null,"_name":"Л2383 Робот 143А"}