{"ID":"a15a15a4-bd8b-4a05-88ff-8bb8ccc3b3c5","childs":{"PS":{"_level":0,"parentID":"a15a15a4-bd8b-4a05-88ff-8bb8ccc3b3c5","firstParentID":"a15a15a4-bd8b-4a05-88ff-8bb8ccc3b3c5","ID":"b5b15e2e-d39d-478f-b533-ac07087eb0f3","childs":{"прием":{"_level":1,"parentID":"b5b15e2e-d39d-478f-b533-ac07087eb0f3","firstParentID":"a15a15a4-bd8b-4a05-88ff-8bb8ccc3b3c5","ID":"f678c381-15ad-482a-bf44-be150fd926a5","childs":{"оперативное":{"_level":2,"parentID":"f678c381-15ad-482a-bf44-be150fd926a5","firstParentID":"a15a15a4-bd8b-4a05-88ff-8bb8ccc3b3c5","ID":"e4675b9a-30ab-4c94-b264-ca499285c896","childs":null,"emcosID":null,"emcosMLID":null,"codMaketTEP":null,"codTEP":null,"WSName":"PS","rangeAddress":"$BI$185:$BI$221","headAddress":"$BI$185","bodyAddress":"$BI$186:$BI$221","_name":"оперативное"}},"emcosID":null,"emcosMLID":null,"codMaketTEP":null,"codTEP":null,"WSName":"PS","rangeAddress":"$BI$184:$BI$221","headAddress":"$BI$184","bodyAddress":"$BI$185:$BI$221","_name":"прием"}},"emcosID":null,"emcosMLID":null,"codMaketTEP":null,"codTEP":null,"WSName":"PS","rangeAddress":"$BI$183:$BI$221","headAddress":"$BI$183","bodyAddress":"$BI$184:$BI$221","_name":"Доля потерь АЖК"},"DB":{"_level":0,"parentID":"a15a15a4-bd8b-4a05-88ff-8bb8ccc3b3c5","firstParentID":"a15a15a4-bd8b-4a05-88ff-8bb8ccc3b3c5","ID":"e8bad44d-cab8-4ac1-ad12-542d6a0b3c31","childs":{"прием":{"_level":1,"parentID":"e8bad44d-cab8-4ac1-ad12-542d6a0b3c31","firstParentID":"a15a15a4-bd8b-4a05-88ff-8bb8ccc3b3c5","ID":"9a66cf93-2fbc-4ec8-82ef-d31fe100f6df","childs":{"код":{"_level":2,"parentID":"9a66cf93-2fbc-4ec8-82ef-d31fe100f6df","firstParentID":"a15a15a4-bd8b-4a05-88ff-8bb8ccc3b3c5","ID":"52a953bd-e2e0-4d34-940e-8cb687a65e10","childs":null,"emcosID":null,"emcosMLID":null,"codMaketTEP":null,"codTEP":null,"WSName":"DB","rangeAddress":"$GR$353:$GR$390","headAddress":"$GR$353","bodyAddress":"$GR$354:$GR$390","_name":"код"},"основное":{"_level":2,"parentID":"9a66cf93-2fbc-4ec8-82ef-d31fe100f6df","firstParentID":"a15a15a4-bd8b-4a05-88ff-8bb8ccc3b3c5","ID":"666832b8-451c-4deb-a6fb-96f3909d9ad3","childs":null,"emcosID":null,"emcosMLID":null,"codMaketTEP":null,"codTEP":null,"WSName":"DB","rangeAddress":"$GS$353:$GS$390","headAddress":"$GS$353","bodyAddress":"$GS$354:$GS$390","_name":"основное"},"корректировка факт":{"_level":2,"parentID":"9a66cf93-2fbc-4ec8-82ef-d31fe100f6df","firstParentID":"a15a15a4-bd8b-4a05-88ff-8bb8ccc3b3c5","ID":"e674a871-a2d7-4245-a258-5d94539302ff","childs":null,"emcosID":null,"emcosMLID":null,"codMaketTEP":null,"codTEP":null,"WSName":"DB","rangeAddress":"$GT$353:$GT$390","headAddress":"$GT$353","bodyAddress":"$GT$354:$GT$390","_name":"корректировка факт"},"ручное":{"_level":2,"parentID":"9a66cf93-2fbc-4ec8-82ef-d31fe100f6df","firstParentID":"a15a15a4-bd8b-4a05-88ff-8bb8ccc3b3c5","ID":"eb55e81a-16e3-447f-a1b4-0f41a2367243","childs":null,"emcosID":null,"emcosMLID":null,"codMaketTEP":null,"codTEP":null,"WSName":"DB","rangeAddress":"$GU$353:$GU$390","headAddress":"$GU$353","bodyAddress":"$GU$354:$GU$390","_name":"ручное"},"оперативное":{"_level":2,"parentID":"9a66cf93-2fbc-4ec8-82ef-d31fe100f6df","firstParentID":"a15a15a4-bd8b-4a05-88ff-8bb8ccc3b3c5","ID":"4d6495bd-6089-4e70-a13f-6d6718ec23f8","childs":null,"emcosID":null,"emcosMLID":null,"codMaketTEP":null,"codTEP":null,"WSName":"DB","rangeAddress":"$GV$353:$GV$390","headAddress":"$GV$353","bodyAddress":"$GV$354:$GV$390","_name":"оперативное"}},"emcosID":null,"emcosMLID":null,"codMaketTEP":null,"codTEP":null,"WSName":"DB","rangeAddress":"$GR$352:$GV$390","headAddress":"$GR$352:$GV$352","bodyAddress":"$GR$353:$GV$390","_name":"прием"}},"emcosID":null,"emcosMLID":null,"codMaketTEP":null,"codTEP":null,"WSName":"DB","rangeAddress":"$GR$351:$GV$390","headAddress":"$GR$351:$GV$351","bodyAddress":"$GR$352:$GV$390","_name":"Доля потерь АЖК"}},"codPlan":null,"meterCoef":null,"_name":"Доля потерь АЖК"}