{"ID":"a3f8dbac-3196-493f-a671-2fbe0186194a","childs":{"PS":{"_level":0,"parentID":"a3f8dbac-3196-493f-a671-2fbe0186194a","firstParentID":"a3f8dbac-3196-493f-a671-2fbe0186194a","ID":"80a3b0eb-e942-4c6f-a54b-e6e8630c7c19","childs":{"прием":{"_level":1,"parentID":"80a3b0eb-e942-4c6f-a54b-e6e8630c7c19","firstParentID":"a3f8dbac-3196-493f-a671-2fbe0186194a","ID":"6544cee0-c344-49fd-9545-81e11dd74442","childs":{"ручное":{"_level":2,"parentID":"6544cee0-c344-49fd-9545-81e11dd74442","firstParentID":"a3f8dbac-3196-493f-a671-2fbe0186194a","ID":"9fe802ec-9368-4b59-a321-bf1cf26726a6","childs":null,"emcosID":null,"emcosMLID":null,"codMaketTEP":null,"codTEP":null,"WSName":"PS","rangeAddress":"$HB$99:$HB$135","headAddress":"$HB$99","bodyAddress":"$HB$100:$HB$135","_name":"ручное"}},"emcosID":null,"emcosMLID":null,"codMaketTEP":null,"codTEP":null,"WSName":"PS","rangeAddress":"$HB$98:$HB$135","headAddress":"$HB$98","bodyAddress":"$HB$99:$HB$135","_name":"прием"},"отдача":{"_level":1,"parentID":"80a3b0eb-e942-4c6f-a54b-e6e8630c7c19","firstParentID":"a3f8dbac-3196-493f-a671-2fbe0186194a","ID":"d8d39865-44c0-40f9-88c8-ba04993c8ea7","childs":{"ручное":{"_level":2,"parentID":"d8d39865-44c0-40f9-88c8-ba04993c8ea7","firstParentID":"a3f8dbac-3196-493f-a671-2fbe0186194a","ID":"fc01bf9a-9cee-4af2-b4bf-78709b4af3f0","childs":null,"emcosID":null,"emcosMLID":null,"codMaketTEP":null,"codTEP":null,"WSName":"PS","rangeAddress":"$HC$99:$HC$135","headAddress":"$HC$99","bodyAddress":"$HC$100:$HC$135","_name":"ручное"}},"emcosID":null,"emcosMLID":null,"codMaketTEP":null,"codTEP":null,"WSName":"PS","rangeAddress":"$HC$98:$HC$135","headAddress":"$HC$98","bodyAddress":"$HC$99:$HC$135","_name":"отдача"}},"emcosID":null,"emcosMLID":null,"codMaketTEP":null,"codTEP":null,"WSName":"PS","rangeAddress":"$HB$97:$HC$135","headAddress":"$HB$97:$HC$97","bodyAddress":"$HB$98:$HC$135","_name":"ТП1 Медеу тяга"},"DB":{"_level":0,"parentID":"a3f8dbac-3196-493f-a671-2fbe0186194a","firstParentID":"a3f8dbac-3196-493f-a671-2fbe0186194a","ID":"6a87c4b3-c91c-4f02-a237-035ae8eef54b","childs":{"прием":{"_level":1,"parentID":"6a87c4b3-c91c-4f02-a237-035ae8eef54b","firstParentID":"a3f8dbac-3196-493f-a671-2fbe0186194a","ID":"ab7a9b12-658a-4872-9937-716606616b1a","childs":{"код":{"_level":2,"parentID":"ab7a9b12-658a-4872-9937-716606616b1a","firstParentID":"a3f8dbac-3196-493f-a671-2fbe0186194a","ID":"332d8bdd-6255-4ea9-b42d-6075d943bbb0","childs":null,"emcosID":null,"emcosMLID":null,"codMaketTEP":null,"codTEP":null,"WSName":"DB","rangeAddress":"$CJ$181:$CJ$218","headAddress":"$CJ$181","bodyAddress":"$CJ$182:$CJ$218","_name":"код"},"основное":{"_level":2,"parentID":"ab7a9b12-658a-4872-9937-716606616b1a","firstParentID":"a3f8dbac-3196-493f-a671-2fbe0186194a","ID":"cd5bc833-d76c-4a8b-9de9-88d748c38806","childs":null,"emcosID":null,"emcosMLID":null,"codMaketTEP":null,"codTEP":null,"WSName":"DB","rangeAddress":"$CK$181:$CK$218","headAddress":"$CK$181","bodyAddress":"$CK$182:$CK$218","_name":"основное"},"корректировка факт":{"_level":2,"parentID":"ab7a9b12-658a-4872-9937-716606616b1a","firstParentID":"a3f8dbac-3196-493f-a671-2fbe0186194a","ID":"fb62889f-8072-49fa-bc5b-ebfaeeb6be56","childs":null,"emcosID":null,"emcosMLID":null,"codMaketTEP":null,"codTEP":null,"WSName":"DB","rangeAddress":"$CL$181:$CL$218","headAddress":"$CL$181","bodyAddress":"$CL$182:$CL$218","_name":"корректировка факт"},"ручное":{"_level":2,"parentID":"ab7a9b12-658a-4872-9937-716606616b1a","firstParentID":"a3f8dbac-3196-493f-a671-2fbe0186194a","ID":"bb729e7d-d1c8-4ae9-9568-cb77947061bb","childs":null,"emcosID":null,"emcosMLID":null,"codMaketTEP":null,"codTEP":null,"WSName":"DB","rangeAddress":"$CM$181:$CM$218","headAddress":"$CM$181","bodyAddress":"$CM$182:$CM$218","_name":"ручное"}},"emcosID":null,"emcosMLID":null,"codMaketTEP":null,"codTEP":null,"WSName":"DB","rangeAddress":"$CJ$180:$CM$218","headAddress":"$CJ$180:$CM$180","bodyAddress":"$CJ$181:$CM$218","_name":"прием"},"отдача":{"_level":1,"parentID":"6a87c4b3-c91c-4f02-a237-035ae8eef54b","firstParentID":"a3f8dbac-3196-493f-a671-2fbe0186194a","ID":"9d79ffde-a1d6-4766-ae20-2adf65c383eb","childs":{"код":{"_level":2,"parentID":"9d79ffde-a1d6-4766-ae20-2adf65c383eb","firstParentID":"a3f8dbac-3196-493f-a671-2fbe0186194a","ID":"45bada3b-5375-4c37-9e67-4455f1640ebf","childs":null,"emcosID":null,"emcosMLID":null,"codMaketTEP":null,"codTEP":null,"WSName":"DB","rangeAddress":"$CN$181:$CN$218","headAddress":"$CN$181","bodyAddress":"$CN$182:$CN$218","_name":"код"},"основное":{"_level":2,"parentID":"9d79ffde-a1d6-4766-ae20-2adf65c383eb","firstParentID":"a3f8dbac-3196-493f-a671-2fbe0186194a","ID":"5d602940-cabf-401e-86d6-027cfa462107","childs":null,"emcosID":null,"emcosMLID":null,"codMaketTEP":null,"codTEP":null,"WSName":"DB","rangeAddress":"$CO$181:$CO$218","headAddress":"$CO$181","bodyAddress":"$CO$182:$CO$218","_name":"основное"},"корректировка факт":{"_level":2,"parentID":"9d79ffde-a1d6-4766-ae20-2adf65c383eb","firstParentID":"a3f8dbac-3196-493f-a671-2fbe0186194a","ID":"b2ac453c-f5cd-425d-9fd0-b3e3682d5cd3","childs":null,"emcosID":null,"emcosMLID":null,"codMaketTEP":null,"codTEP":null,"WSName":"DB","rangeAddress":"$CP$181:$CP$218","headAddress":"$CP$181","bodyAddress":"$CP$182:$CP$218","_name":"корректировка факт"},"ручное":{"_level":2,"parentID":"9d79ffde-a1d6-4766-ae20-2adf65c383eb","firstParentID":"a3f8dbac-3196-493f-a671-2fbe0186194a","ID":"ad820c83-5cc5-411c-bad8-e29aaa5cfa3b","childs":null,"emcosID":null,"emcosMLID":null,"codMaketTEP":null,"codTEP":null,"WSName":"DB","rangeAddress":"$CQ$181:$CQ$218","headAddress":"$CQ$181","bodyAddress":"$CQ$182:$CQ$218","_name":"ручное"}},"emcosID":null,"emcosMLID":null,"codMaketTEP":null,"codTEP":null,"WSName":"DB","rangeAddress":"$CN$180:$CQ$218","headAddress":"$CN$180:$CQ$180","bodyAddress":"$CN$181:$CQ$218","_name":"отдача"}},"emcosID":null,"emcosMLID":null,"codMaketTEP":null,"codTEP":null,"WSName":"DB","rangeAddress":"$CJ$179:$CQ$218","headAddress":"$CJ$179:$CQ$179","bodyAddress":"$CJ$180:$CQ$218","_name":"ТП1 Медеу тяга"}},"codPlan":null,"meterCoef":null,"_name":"ТП1 Медеу тяга"}