{"ID":"a3f8dbac-3196-493f-a671-2fbe0186194a","childs":{"PS":{"_level":0,"parentID":"a3f8dbac-3196-493f-a671-2fbe0186194a","firstParentID":"a3f8dbac-3196-493f-a671-2fbe0186194a","ID":"80a3b0eb-e942-4c6f-a54b-e6e8630c7c19","childs":{"прием":{"_level":1,"parentID":"80a3b0eb-e942-4c6f-a54b-e6e8630c7c19","firstParentID":"a3f8dbac-3196-493f-a671-2fbe0186194a","ID":"6544cee0-c344-49fd-9545-81e11dd74442","childs":{"ручное":{"_level":2,"parentID":"6544cee0-c344-49fd-9545-81e11dd74442","firstParentID":"a3f8dbac-3196-493f-a671-2fbe0186194a","ID":"9fe802ec-9368-4b59-a321-bf1cf26726a6","childs":null,"emcosID":null,"emcosMLID":null,"codMaketTEP":null,"codTEP":null,"WSName":"PS","rangeAddress":"$KK$99:$KK$135","headAddress":"$KK$99","bodyAddress":"$KK$100:$KK$135","_name":"ручное"}},"emcosID":null,"emcosMLID":null,"codMaketTEP":null,"codTEP":null,"WSName":"PS","rangeAddress":"$KK$98:$KK$135","headAddress":"$KK$98","bodyAddress":"$KK$99:$KK$135","_name":"прием"}},"emcosID":null,"emcosMLID":null,"codMaketTEP":null,"codTEP":null,"WSName":"PS","rangeAddress":"$KK$97:$KK$135","headAddress":"$KK$97","bodyAddress":"$KK$98:$KK$135","_name":"ТП1 Медеу тяга"},"DB":{"_level":0,"parentID":"a3f8dbac-3196-493f-a671-2fbe0186194a","firstParentID":"a3f8dbac-3196-493f-a671-2fbe0186194a","ID":"6a87c4b3-c91c-4f02-a237-035ae8eef54b","childs":{"прием":{"_level":1,"parentID":"6a87c4b3-c91c-4f02-a237-035ae8eef54b","firstParentID":"a3f8dbac-3196-493f-a671-2fbe0186194a","ID":"ab7a9b12-658a-4872-9937-716606616b1a","childs":{"код":{"_level":2,"parentID":"ab7a9b12-658a-4872-9937-716606616b1a","firstParentID":"a3f8dbac-3196-493f-a671-2fbe0186194a","ID":"332d8bdd-6255-4ea9-b42d-6075d943bbb0","childs":null,"emcosID":null,"emcosMLID":null,"codMaketTEP":null,"codTEP":null,"WSName":"DB","rangeAddress":"$CT$181:$CT$218","headAddress":"$CT$181","bodyAddress":"$CT$182:$CT$218","_name":"код"},"основное":{"_level":2,"parentID":"ab7a9b12-658a-4872-9937-716606616b1a","firstParentID":"a3f8dbac-3196-493f-a671-2fbe0186194a","ID":"cd5bc833-d76c-4a8b-9de9-88d748c38806","childs":null,"emcosID":null,"emcosMLID":null,"codMaketTEP":null,"codTEP":null,"WSName":"DB","rangeAddress":"$CU$181:$CU$218","headAddress":"$CU$181","bodyAddress":"$CU$182:$CU$218","_name":"основное"},"корректировка факт":{"_level":2,"parentID":"ab7a9b12-658a-4872-9937-716606616b1a","firstParentID":"a3f8dbac-3196-493f-a671-2fbe0186194a","ID":"fb62889f-8072-49fa-bc5b-ebfaeeb6be56","childs":null,"emcosID":null,"emcosMLID":null,"codMaketTEP":null,"codTEP":null,"WSName":"DB","rangeAddress":"$CV$181:$CV$218","headAddress":"$CV$181","bodyAddress":"$CV$182:$CV$218","_name":"корректировка факт"},"ручное":{"_level":2,"parentID":"ab7a9b12-658a-4872-9937-716606616b1a","firstParentID":"a3f8dbac-3196-493f-a671-2fbe0186194a","ID":"bb729e7d-d1c8-4ae9-9568-cb77947061bb","childs":null,"emcosID":null,"emcosMLID":null,"codMaketTEP":null,"codTEP":null,"WSName":"DB","rangeAddress":"$CW$181:$CW$218","headAddress":"$CW$181","bodyAddress":"$CW$182:$CW$218","_name":"ручное"}},"emcosID":null,"emcosMLID":null,"codMaketTEP":null,"codTEP":null,"WSName":"DB","rangeAddress":"$CT$180:$CW$218","headAddress":"$CT$180:$CW$180","bodyAddress":"$CT$181:$CW$218","_name":"прием"}},"emcosID":null,"emcosMLID":null,"codMaketTEP":null,"codTEP":null,"WSName":"DB","rangeAddress":"$CT$179:$CW$218","headAddress":"$CT$179:$CW$179","bodyAddress":"$CT$180:$CW$218","_name":"ТП1 Медеу тяга"}},"codPlan":null,"meterCoef":null,"_name":"ТП1 Медеу тяга"}