{"ID":"a3f8dbac-3196-493f-a671-2fbe0186194a","childs":{"PS":{"_level":0,"parentID":"a3f8dbac-3196-493f-a671-2fbe0186194a","firstParentID":"a3f8dbac-3196-493f-a671-2fbe0186194a","ID":"80a3b0eb-e942-4c6f-a54b-e6e8630c7c19","childs":{"прием":{"_level":1,"parentID":"80a3b0eb-e942-4c6f-a54b-e6e8630c7c19","firstParentID":"a3f8dbac-3196-493f-a671-2fbe0186194a","ID":"6544cee0-c344-49fd-9545-81e11dd74442","childs":{"ручное":{"_level":2,"parentID":"6544cee0-c344-49fd-9545-81e11dd74442","firstParentID":"a3f8dbac-3196-493f-a671-2fbe0186194a","ID":"9fe802ec-9368-4b59-a321-bf1cf26726a6","childs":null,"emcosID":null,"emcosMLID":null,"codMaketTEP":null,"codTEP":null,"WSName":"PS","rangeAddress":"$KG$99:$KG$135","headAddress":"$KG$99","bodyAddress":"$KG$100:$KG$135","_name":"ручное"}},"emcosID":null,"emcosMLID":null,"codMaketTEP":null,"codTEP":null,"WSName":"PS","rangeAddress":"$KG$98:$KG$135","headAddress":"$KG$98","bodyAddress":"$KG$99:$KG$135","_name":"прием"}},"emcosID":null,"emcosMLID":null,"codMaketTEP":null,"codTEP":null,"WSName":"PS","rangeAddress":"$KG$97:$KG$135","headAddress":"$KG$97","bodyAddress":"$KG$98:$KG$135","_name":"ТП1 Медеу тяга"},"DB":{"_level":0,"parentID":"a3f8dbac-3196-493f-a671-2fbe0186194a","firstParentID":"a3f8dbac-3196-493f-a671-2fbe0186194a","ID":"6a87c4b3-c91c-4f02-a237-035ae8eef54b","childs":{"прием":{"_level":1,"parentID":"6a87c4b3-c91c-4f02-a237-035ae8eef54b","firstParentID":"a3f8dbac-3196-493f-a671-2fbe0186194a","ID":"ab7a9b12-658a-4872-9937-716606616b1a","childs":{"код":{"_level":2,"parentID":"ab7a9b12-658a-4872-9937-716606616b1a","firstParentID":"a3f8dbac-3196-493f-a671-2fbe0186194a","ID":"332d8bdd-6255-4ea9-b42d-6075d943bbb0","childs":null,"emcosID":null,"emcosMLID":null,"codMaketTEP":null,"codTEP":null,"WSName":"DB","rangeAddress":"$CJ$181:$CJ$218","headAddress":"$CJ$181","bodyAddress":"$CJ$182:$CJ$218","_name":"код"},"основное":{"_level":2,"parentID":"ab7a9b12-658a-4872-9937-716606616b1a","firstParentID":"a3f8dbac-3196-493f-a671-2fbe0186194a","ID":"cd5bc833-d76c-4a8b-9de9-88d748c38806","childs":null,"emcosID":null,"emcosMLID":null,"codMaketTEP":null,"codTEP":null,"WSName":"DB","rangeAddress":"$CK$181:$CK$218","headAddress":"$CK$181","bodyAddress":"$CK$182:$CK$218","_name":"основное"},"корректировка факт":{"_level":2,"parentID":"ab7a9b12-658a-4872-9937-716606616b1a","firstParentID":"a3f8dbac-3196-493f-a671-2fbe0186194a","ID":"fb62889f-8072-49fa-bc5b-ebfaeeb6be56","childs":null,"emcosID":null,"emcosMLID":null,"codMaketTEP":null,"codTEP":null,"WSName":"DB","rangeAddress":"$CL$181:$CL$218","headAddress":"$CL$181","bodyAddress":"$CL$182:$CL$218","_name":"корректировка факт"},"ручное":{"_level":2,"parentID":"ab7a9b12-658a-4872-9937-716606616b1a","firstParentID":"a3f8dbac-3196-493f-a671-2fbe0186194a","ID":"bb729e7d-d1c8-4ae9-9568-cb77947061bb","childs":null,"emcosID":null,"emcosMLID":null,"codMaketTEP":null,"codTEP":null,"WSName":"DB","rangeAddress":"$CM$181:$CM$218","headAddress":"$CM$181","bodyAddress":"$CM$182:$CM$218","_name":"ручное"}},"emcosID":null,"emcosMLID":null,"codMaketTEP":null,"codTEP":null,"WSName":"DB","rangeAddress":"$CJ$180:$CM$218","headAddress":"$CJ$180:$CM$180","bodyAddress":"$CJ$181:$CM$218","_name":"прием"}},"emcosID":null,"emcosMLID":null,"codMaketTEP":null,"codTEP":null,"WSName":"DB","rangeAddress":"$CJ$179:$CM$218","headAddress":"$CJ$179:$CM$179","bodyAddress":"$CJ$180:$CM$218","_name":"ТП1 Медеу тяга"}},"codPlan":null,"meterCoef":null,"_name":"ТП1 Медеу тяга"}