{"ID":"a5b4990c-bf02-4364-b350-6a2578973de1","childs":{"PS":{"_level":0,"parentID":"a5b4990c-bf02-4364-b350-6a2578973de1","firstParentID":"a5b4990c-bf02-4364-b350-6a2578973de1","ID":"fb35833b-9b9f-4fd3-a227-b2a94322cb1c","childs":{"прием":{"_level":1,"parentID":"fb35833b-9b9f-4fd3-a227-b2a94322cb1c","firstParentID":"a5b4990c-bf02-4364-b350-6a2578973de1","ID":"6931b319-91d9-435a-a67a-0115771e64c8","childs":{"формула":{"_level":2,"parentID":"6931b319-91d9-435a-a67a-0115771e64c8","firstParentID":"a5b4990c-bf02-4364-b350-6a2578973de1","ID":"a44ae62e-6ff4-41e0-a2b5-cd3185469260","childs":null,"emcosID":null,"emcosMLID":null,"codMaketTEP":null,"codTEP":null,"WSName":"PS","rangeAddress":"$AQ$185:$AQ$221","headAddress":"$AQ$185","bodyAddress":"$AQ$186:$AQ$221","_name":"формула"}},"emcosID":null,"emcosMLID":null,"codMaketTEP":null,"codTEP":null,"WSName":"PS","rangeAddress":"$AQ$184:$AQ$221","headAddress":"$AQ$184","bodyAddress":"$AQ$185:$AQ$221","_name":"прием"},"план":{"_level":1,"parentID":"fb35833b-9b9f-4fd3-a227-b2a94322cb1c","firstParentID":"a5b4990c-bf02-4364-b350-6a2578973de1","ID":"99035fc0-4735-4620-a041-e39c93e63036","childs":{"заявка":{"_level":2,"parentID":"99035fc0-4735-4620-a041-e39c93e63036","firstParentID":"a5b4990c-bf02-4364-b350-6a2578973de1","ID":"562ef4d0-9112-4520-be70-94607248b588","childs":null,"emcosID":null,"emcosMLID":null,"codMaketTEP":null,"codTEP":null,"WSName":"PS","rangeAddress":"$AR$185:$AR$221","headAddress":"$AR$185","bodyAddress":"$AR$186:$AR$221","_name":"заявка"}},"emcosID":null,"emcosMLID":null,"codMaketTEP":null,"codTEP":null,"WSName":"PS","rangeAddress":"$AR$184:$AR$221","headAddress":"$AR$184","bodyAddress":"$AR$185:$AR$221","_name":"план"}},"emcosID":null,"emcosMLID":null,"codMaketTEP":null,"codTEP":null,"WSName":"PS","rangeAddress":"$AQ$183:$AR$221","headAddress":"$AQ$183:$AR$183","bodyAddress":"$AQ$184:$AR$221","_name":"Потребление Samga Development Алматы"},"DB":{"_level":0,"parentID":"a5b4990c-bf02-4364-b350-6a2578973de1","firstParentID":"a5b4990c-bf02-4364-b350-6a2578973de1","ID":"38dcf7d5-ea8e-4fa4-9ab7-a681933c3dc2","childs":{"прием":{"_level":1,"parentID":"38dcf7d5-ea8e-4fa4-9ab7-a681933c3dc2","firstParentID":"a5b4990c-bf02-4364-b350-6a2578973de1","ID":"02fca956-a646-4af8-b86b-7f584a9a7820","childs":{"код":{"_level":2,"parentID":"02fca956-a646-4af8-b86b-7f584a9a7820","firstParentID":"a5b4990c-bf02-4364-b350-6a2578973de1","ID":"7e5f4b24-48c5-4841-b84c-0e74bd58041a","childs":null,"emcosID":null,"emcosMLID":null,"codMaketTEP":null,"codTEP":null,"WSName":"DB","rangeAddress":"$FM$439:$FM$476","headAddress":"$FM$439","bodyAddress":"$FM$440:$FM$476","_name":"код"},"основное":{"_level":2,"parentID":"02fca956-a646-4af8-b86b-7f584a9a7820","firstParentID":"a5b4990c-bf02-4364-b350-6a2578973de1","ID":"75c44489-4560-48b7-952d-2e0e2e315778","childs":null,"emcosID":null,"emcosMLID":null,"codMaketTEP":null,"codTEP":null,"WSName":"DB","rangeAddress":"$FN$439:$FN$476","headAddress":"$FN$439","bodyAddress":"$FN$440:$FN$476","_name":"основное"},"корректировка факт":{"_level":2,"parentID":"02fca956-a646-4af8-b86b-7f584a9a7820","firstParentID":"a5b4990c-bf02-4364-b350-6a2578973de1","ID":"d9b5797f-dd8a-4643-98e2-0ec6e3cf68c7","childs":null,"emcosID":null,"emcosMLID":null,"codMaketTEP":null,"codTEP":null,"WSName":"DB","rangeAddress":"$FO$439:$FO$476","headAddress":"$FO$439","bodyAddress":"$FO$440:$FO$476","_name":"корректировка факт"},"ручное":{"_level":2,"parentID":"02fca956-a646-4af8-b86b-7f584a9a7820","firstParentID":"a5b4990c-bf02-4364-b350-6a2578973de1","ID":"017b733d-35e8-4b5c-9139-84684f44752f","childs":null,"emcosID":null,"emcosMLID":null,"codMaketTEP":null,"codTEP":null,"WSName":"DB","rangeAddress":"$FP$439:$FP$476","headAddress":"$FP$439","bodyAddress":"$FP$440:$FP$476","_name":"ручное"},"по плану":{"_level":2,"parentID":"02fca956-a646-4af8-b86b-7f584a9a7820","firstParentID":"a5b4990c-bf02-4364-b350-6a2578973de1","ID":"69f67480-a9be-45fc-b09d-e79506b93a43","childs":null,"emcosID":null,"emcosMLID":null,"codMaketTEP":null,"codTEP":null,"WSName":"DB","rangeAddress":"$FQ$439:$FQ$476","headAddress":"$FQ$439","bodyAddress":"$FQ$440:$FQ$476","_name":"по плану"},"формула":{"_level":2,"parentID":"02fca956-a646-4af8-b86b-7f584a9a7820","firstParentID":"a5b4990c-bf02-4364-b350-6a2578973de1","ID":"f0fab303-295f-490b-a060-382eb33b6aa2","childs":null,"emcosID":null,"emcosMLID":null,"codMaketTEP":null,"codTEP":null,"WSName":"DB","rangeAddress":"$FR$439:$FR$476","headAddress":"$FR$439","bodyAddress":"$FR$440:$FR$476","_name":"формула"}},"emcosID":null,"emcosMLID":null,"codMaketTEP":null,"codTEP":null,"WSName":"DB","rangeAddress":"$FM$438:$FR$476","headAddress":"$FM$438:$FR$438","bodyAddress":"$FM$439:$FR$476","_name":"прием"},"план":{"_level":1,"parentID":"38dcf7d5-ea8e-4fa4-9ab7-a681933c3dc2","firstParentID":"a5b4990c-bf02-4364-b350-6a2578973de1","ID":"9f376616-dd5d-498d-a357-6f0d7e2b7aa2","childs":{"код":{"_level":2,"parentID":"9f376616-dd5d-498d-a357-6f0d7e2b7aa2","firstParentID":"a5b4990c-bf02-4364-b350-6a2578973de1","ID":"a8a42ab7-8a29-4942-87e8-55c69dca982d","childs":null,"emcosID":null,"emcosMLID":null,"codMaketTEP":null,"codTEP":null,"WSName":"DB","rangeAddress":"$FS$439:$FS$476","headAddress":"$FS$439","bodyAddress":"$FS$440:$FS$476","_name":"код"},"основное":{"_level":2,"parentID":"9f376616-dd5d-498d-a357-6f0d7e2b7aa2","firstParentID":"a5b4990c-bf02-4364-b350-6a2578973de1","ID":"e3e57604-e587-4442-8fca-8d3667adebd0","childs":null,"emcosID":null,"emcosMLID":null,"codMaketTEP":null,"codTEP":null,"WSName":"DB","rangeAddress":"$FT$439:$FT$476","headAddress":"$FT$439","bodyAddress":"$FT$440:$FT$476","_name":"основное"},"заявка":{"_level":2,"parentID":"9f376616-dd5d-498d-a357-6f0d7e2b7aa2","firstParentID":"a5b4990c-bf02-4364-b350-6a2578973de1","ID":"515b6cba-ec39-407f-9c69-45e915b275be","childs":null,"emcosID":null,"emcosMLID":null,"codMaketTEP":null,"codTEP":null,"WSName":"DB","rangeAddress":"$FU$439:$FU$476","headAddress":"$FU$439","bodyAddress":"$FU$440:$FU$476","_name":"заявка"},"утвержденный":{"_level":2,"parentID":"9f376616-dd5d-498d-a357-6f0d7e2b7aa2","firstParentID":"a5b4990c-bf02-4364-b350-6a2578973de1","ID":"e8f4e32c-64b8-4970-8645-df00ff433ce1","childs":null,"emcosID":null,"emcosMLID":null,"codMaketTEP":null,"codTEP":null,"WSName":"DB","rangeAddress":"$FV$439:$FV$476","headAddress":"$FV$439","bodyAddress":"$FV$440:$FV$476","_name":"утвержденный"},"корректировка":{"_level":2,"parentID":"9f376616-dd5d-498d-a357-6f0d7e2b7aa2","firstParentID":"a5b4990c-bf02-4364-b350-6a2578973de1","ID":"081bdfec-6be9-4e64-acb1-36e8816a1a39","childs":null,"emcosID":null,"emcosMLID":null,"codMaketTEP":null,"codTEP":null,"WSName":"DB","rangeAddress":"$FW$439:$FW$476","headAddress":"$FW$439","bodyAddress":"$FW$440:$FW$476","_name":"корректировка"}},"emcosID":null,"emcosMLID":null,"codMaketTEP":null,"codTEP":null,"WSName":"DB","rangeAddress":"$FS$438:$FW$476","headAddress":"$FS$438:$FW$438","bodyAddress":"$FS$439:$FW$476","_name":"план"}},"emcosID":null,"emcosMLID":null,"codMaketTEP":null,"codTEP":null,"WSName":"DB","rangeAddress":"$FM$437:$FW$476","headAddress":"$FM$437:$FW$437","bodyAddress":"$FM$438:$FW$476","_name":"Потребление Samga Development Алматы"}},"codPlan":82,"meterCoef":null,"_name":"Потребление Samga Development Алматы"}