{"ID":"a7f27051-d703-42d5-b3d9-bce11a53094e","childs":{"PS":{"_level":0,"parentID":"a7f27051-d703-42d5-b3d9-bce11a53094e","firstParentID":"a7f27051-d703-42d5-b3d9-bce11a53094e","ID":"98107cda-d93c-4ad7-b78b-7e929c27966a","childs":{"отдача":{"_level":1,"parentID":"98107cda-d93c-4ad7-b78b-7e929c27966a","firstParentID":"a7f27051-d703-42d5-b3d9-bce11a53094e","ID":"bd642a8e-4218-421f-a1db-c4e7faa2435e","childs":{"по счетчику":{"_level":2,"parentID":"bd642a8e-4218-421f-a1db-c4e7faa2435e","firstParentID":"a7f27051-d703-42d5-b3d9-bce11a53094e","ID":"e2b2559c-6c36-47ed-9287-87ed8c2bceb0","childs":null,"emcosID":null,"emcosMLID":null,"codMaketTEP":null,"codTEP":null,"WSName":"PS","rangeAddress":"$BJ$99:$BJ$135","headAddress":"$BJ$99","bodyAddress":"$BJ$100:$BJ$135","_name":"по счетчику"},"СЧЕТЧИК":{"_level":2,"parentID":"bd642a8e-4218-421f-a1db-c4e7faa2435e","firstParentID":"a7f27051-d703-42d5-b3d9-bce11a53094e","ID":"f7190453-0b87-4bf1-9e58-7a46519b59f2","childs":null,"emcosID":null,"emcosMLID":null,"codMaketTEP":null,"codTEP":null,"WSName":"PS","rangeAddress":"$BK$99:$BK$135","headAddress":"$BK$99","bodyAddress":"$BK$100:$BK$135","_name":"СЧЕТЧИК"}},"emcosID":null,"emcosMLID":null,"codMaketTEP":null,"codTEP":null,"WSName":"PS","rangeAddress":"$BJ$98:$BK$135","headAddress":"$BJ$98:$BK$98","bodyAddress":"$BJ$99:$BK$135","_name":"отдача"}},"emcosID":null,"emcosMLID":null,"codMaketTEP":null,"codTEP":null,"WSName":"PS","rangeAddress":"$BJ$97:$BK$135","headAddress":"$BJ$97:$BK$97","bodyAddress":"$BJ$98:$BK$135","_name":"КЛ22 ПС149 Талдыкорган ЗЩА"},"DB":{"_level":0,"parentID":"a7f27051-d703-42d5-b3d9-bce11a53094e","firstParentID":"a7f27051-d703-42d5-b3d9-bce11a53094e","ID":"9d5a584d-b22e-48a0-b02b-5d02d3173a4b","childs":{"отдача":{"_level":1,"parentID":"9d5a584d-b22e-48a0-b02b-5d02d3173a4b","firstParentID":"a7f27051-d703-42d5-b3d9-bce11a53094e","ID":"a9132f40-737b-41b5-9fdd-579d6c24ddf0","childs":{"код":{"_level":2,"parentID":"a9132f40-737b-41b5-9fdd-579d6c24ddf0","firstParentID":"a7f27051-d703-42d5-b3d9-bce11a53094e","ID":"6f5802b9-714e-4dcb-a61a-ad6b84f804ad","childs":null,"emcosID":null,"emcosMLID":null,"codMaketTEP":null,"codTEP":null,"WSName":"DB","rangeAddress":"$CX$267:$CX$304","headAddress":"$CX$267","bodyAddress":"$CX$268:$CX$304","_name":"код"},"основное":{"_level":2,"parentID":"a9132f40-737b-41b5-9fdd-579d6c24ddf0","firstParentID":"a7f27051-d703-42d5-b3d9-bce11a53094e","ID":"f5349e04-623b-451d-a7e4-c710632f369f","childs":null,"emcosID":null,"emcosMLID":null,"codMaketTEP":null,"codTEP":null,"WSName":"DB","rangeAddress":"$CY$267:$CY$304","headAddress":"$CY$267","bodyAddress":"$CY$268:$CY$304","_name":"основное"},"корректировка факт":{"_level":2,"parentID":"a9132f40-737b-41b5-9fdd-579d6c24ddf0","firstParentID":"a7f27051-d703-42d5-b3d9-bce11a53094e","ID":"0a52ee1b-8bf8-42bf-b331-6de613469861","childs":null,"emcosID":null,"emcosMLID":null,"codMaketTEP":null,"codTEP":null,"WSName":"DB","rangeAddress":"$CZ$267:$CZ$304","headAddress":"$CZ$267","bodyAddress":"$CZ$268:$CZ$304","_name":"корректировка факт"},"ручное":{"_level":2,"parentID":"a9132f40-737b-41b5-9fdd-579d6c24ddf0","firstParentID":"a7f27051-d703-42d5-b3d9-bce11a53094e","ID":"422fa114-39fe-46fd-ab03-9f74b7166d0d","childs":null,"emcosID":null,"emcosMLID":null,"codMaketTEP":null,"codTEP":null,"WSName":"DB","rangeAddress":"$DA$267:$DA$304","headAddress":"$DA$267","bodyAddress":"$DA$268:$DA$304","_name":"ручное"},"оперативное":{"_level":2,"parentID":"a9132f40-737b-41b5-9fdd-579d6c24ddf0","firstParentID":"a7f27051-d703-42d5-b3d9-bce11a53094e","ID":"5d2ce961-8252-49f5-a354-6b2335361449","childs":null,"emcosID":null,"emcosMLID":null,"codMaketTEP":null,"codTEP":null,"WSName":"DB","rangeAddress":"$DB$267:$DB$304","headAddress":"$DB$267","bodyAddress":"$DB$268:$DB$304","_name":"оперативное"},"счетчик":{"_level":2,"parentID":"a9132f40-737b-41b5-9fdd-579d6c24ddf0","firstParentID":"a7f27051-d703-42d5-b3d9-bce11a53094e","ID":"d7dcd54b-75d7-4a51-9823-aac9bce5a7e6","childs":null,"emcosID":null,"emcosMLID":null,"codMaketTEP":null,"codTEP":null,"WSName":"DB","rangeAddress":"$DC$267:$DC$304","headAddress":"$DC$267","bodyAddress":"$DC$268:$DC$304","_name":"счетчик"},"по счетчику":{"_level":2,"parentID":"a9132f40-737b-41b5-9fdd-579d6c24ddf0","firstParentID":"a7f27051-d703-42d5-b3d9-bce11a53094e","ID":"9b288dbc-429f-44f9-8465-b5ae7ec29bfc","childs":null,"emcosID":null,"emcosMLID":null,"codMaketTEP":null,"codTEP":null,"WSName":"DB","rangeAddress":"$DD$267:$DD$304","headAddress":"$DD$267","bodyAddress":"$DD$268:$DD$304","_name":"по счетчику"}},"emcosID":null,"emcosMLID":null,"codMaketTEP":null,"codTEP":null,"WSName":"DB","rangeAddress":"$CX$266:$DD$304","headAddress":"$CX$266:$DD$266","bodyAddress":"$CX$267:$DD$304","_name":"отдача"}},"emcosID":null,"emcosMLID":null,"codMaketTEP":null,"codTEP":null,"WSName":"DB","rangeAddress":"$CX$265:$DD$304","headAddress":"$CX$265:$DD$265","bodyAddress":"$CX$266:$DD$304","_name":"КЛ22 ПС149 Талдыкорган ЗЩА"}},"codPlan":null,"meterCoef":"2","_name":"КЛ22 ПС149 Талдыкорган ЗЩА"}