{"ID":"a8152427-78b8-4040-b16d-60a6a596a277","childs":{"PS":{"_level":0,"parentID":"a8152427-78b8-4040-b16d-60a6a596a277","firstParentID":"a8152427-78b8-4040-b16d-60a6a596a277","ID":"f165d20f-56d7-4540-a6f3-b96ad83795f5","childs":{"прием":{"_level":1,"parentID":"f165d20f-56d7-4540-a6f3-b96ad83795f5","firstParentID":"a8152427-78b8-4040-b16d-60a6a596a277","ID":"7b4b67b4-8792-45b2-a6e5-916ec3b15d0b","childs":{"по плану":{"_level":2,"parentID":"7b4b67b4-8792-45b2-a6e5-916ec3b15d0b","firstParentID":"a8152427-78b8-4040-b16d-60a6a596a277","ID":"286aefa4-b2de-4a85-9149-a73ee0066e6b","childs":null,"emcosID":null,"emcosMLID":null,"codMaketTEP":null,"codTEP":null,"WSName":"PS","rangeAddress":"$H$228:$H$264","headAddress":"$H$228","bodyAddress":"$H$229:$H$264","_name":"по плану"}},"emcosID":null,"emcosMLID":null,"codMaketTEP":null,"codTEP":null,"WSName":"PS","rangeAddress":"$H$227:$H$264","headAddress":"$H$227","bodyAddress":"$H$228:$H$264","_name":"прием"},"план":{"_level":1,"parentID":"f165d20f-56d7-4540-a6f3-b96ad83795f5","firstParentID":"a8152427-78b8-4040-b16d-60a6a596a277","ID":"e930363f-8c71-4a4c-9f3d-e363c64eb4cc","childs":{"заявка":{"_level":2,"parentID":"e930363f-8c71-4a4c-9f3d-e363c64eb4cc","firstParentID":"a8152427-78b8-4040-b16d-60a6a596a277","ID":"3e01c4dd-cda3-4d7b-80dc-0ace35e491c2","childs":null,"emcosID":null,"emcosMLID":null,"codMaketTEP":null,"codTEP":null,"WSName":"PS","rangeAddress":"$I$228:$I$264","headAddress":"$I$228","bodyAddress":"$I$229:$I$264","_name":"заявка"}},"emcosID":null,"emcosMLID":null,"codMaketTEP":null,"codTEP":null,"WSName":"PS","rangeAddress":"$I$227:$I$264","headAddress":"$I$227","bodyAddress":"$I$228:$I$264","_name":"план"}},"emcosID":null,"emcosMLID":null,"codMaketTEP":null,"codTEP":null,"WSName":"PS","rangeAddress":"$H$226:$I$264","headAddress":"$H$226:$I$226","bodyAddress":"$H$227:$I$264","_name":"От Единого Закупщика ТАТЭК"},"DB":{"_level":0,"parentID":"a8152427-78b8-4040-b16d-60a6a596a277","firstParentID":"a8152427-78b8-4040-b16d-60a6a596a277","ID":"21ae2344-f2e6-469f-8786-afd8f5792c56","childs":{"прием":{"_level":1,"parentID":"21ae2344-f2e6-469f-8786-afd8f5792c56","firstParentID":"a8152427-78b8-4040-b16d-60a6a596a277","ID":"4d06da8d-7418-4e9d-ab19-194125e99067","childs":{"код":{"_level":2,"parentID":"4d06da8d-7418-4e9d-ab19-194125e99067","firstParentID":"a8152427-78b8-4040-b16d-60a6a596a277","ID":"929c575f-b611-4ce1-972a-f4d9b6555c41","childs":null,"emcosID":null,"emcosMLID":null,"codMaketTEP":null,"codTEP":null,"WSName":"DB","rangeAddress":"$R$267:$R$304","headAddress":"$R$267","bodyAddress":"$R$268:$R$304","_name":"код"},"основное":{"_level":2,"parentID":"4d06da8d-7418-4e9d-ab19-194125e99067","firstParentID":"a8152427-78b8-4040-b16d-60a6a596a277","ID":"4cea2b83-657e-46c8-b045-b5c0a13b958a","childs":null,"emcosID":null,"emcosMLID":null,"codMaketTEP":null,"codTEP":null,"WSName":"DB","rangeAddress":"$S$267:$S$304","headAddress":"$S$267","bodyAddress":"$S$268:$S$304","_name":"основное"},"корректировка факт":{"_level":2,"parentID":"4d06da8d-7418-4e9d-ab19-194125e99067","firstParentID":"a8152427-78b8-4040-b16d-60a6a596a277","ID":"916c6402-b6cc-47b9-b0ac-3b996c13fc8b","childs":null,"emcosID":null,"emcosMLID":null,"codMaketTEP":null,"codTEP":null,"WSName":"DB","rangeAddress":"$T$267:$T$304","headAddress":"$T$267","bodyAddress":"$T$268:$T$304","_name":"корректировка факт"},"ручное":{"_level":2,"parentID":"4d06da8d-7418-4e9d-ab19-194125e99067","firstParentID":"a8152427-78b8-4040-b16d-60a6a596a277","ID":"05eb30b1-48b0-4d1b-a3d4-4f13dace6fbe","childs":null,"emcosID":null,"emcosMLID":null,"codMaketTEP":null,"codTEP":null,"WSName":"DB","rangeAddress":"$U$267:$U$304","headAddress":"$U$267","bodyAddress":"$U$268:$U$304","_name":"ручное"},"по плану":{"_level":2,"parentID":"4d06da8d-7418-4e9d-ab19-194125e99067","firstParentID":"a8152427-78b8-4040-b16d-60a6a596a277","ID":"af6df968-8182-4946-9832-518488d48b2e","childs":null,"emcosID":null,"emcosMLID":null,"codMaketTEP":null,"codTEP":null,"WSName":"DB","rangeAddress":"$V$267:$V$304","headAddress":"$V$267","bodyAddress":"$V$268:$V$304","_name":"по плану"}},"emcosID":null,"emcosMLID":null,"codMaketTEP":null,"codTEP":null,"WSName":"DB","rangeAddress":"$R$266:$V$304","headAddress":"$R$266:$V$266","bodyAddress":"$R$267:$V$304","_name":"прием"},"план":{"_level":1,"parentID":"21ae2344-f2e6-469f-8786-afd8f5792c56","firstParentID":"a8152427-78b8-4040-b16d-60a6a596a277","ID":"c4c7e4ab-2e32-4d3a-b3eb-2bcf890271fe","childs":{"код":{"_level":2,"parentID":"c4c7e4ab-2e32-4d3a-b3eb-2bcf890271fe","firstParentID":"a8152427-78b8-4040-b16d-60a6a596a277","ID":"1e071d95-cd89-46f0-9e94-37c9d5641b37","childs":null,"emcosID":null,"emcosMLID":null,"codMaketTEP":null,"codTEP":null,"WSName":"DB","rangeAddress":"$W$267:$W$304","headAddress":"$W$267","bodyAddress":"$W$268:$W$304","_name":"код"},"основное":{"_level":2,"parentID":"c4c7e4ab-2e32-4d3a-b3eb-2bcf890271fe","firstParentID":"a8152427-78b8-4040-b16d-60a6a596a277","ID":"3e268b66-88a4-4bfa-b888-7a82fe5baa82","childs":null,"emcosID":null,"emcosMLID":null,"codMaketTEP":null,"codTEP":null,"WSName":"DB","rangeAddress":"$X$267:$X$304","headAddress":"$X$267","bodyAddress":"$X$268:$X$304","_name":"основное"},"заявка":{"_level":2,"parentID":"c4c7e4ab-2e32-4d3a-b3eb-2bcf890271fe","firstParentID":"a8152427-78b8-4040-b16d-60a6a596a277","ID":"46caf780-09a8-49e5-bfac-4480d633f29a","childs":null,"emcosID":null,"emcosMLID":null,"codMaketTEP":null,"codTEP":null,"WSName":"DB","rangeAddress":"$Y$267:$Y$304","headAddress":"$Y$267","bodyAddress":"$Y$268:$Y$304","_name":"заявка"},"утвержденный":{"_level":2,"parentID":"c4c7e4ab-2e32-4d3a-b3eb-2bcf890271fe","firstParentID":"a8152427-78b8-4040-b16d-60a6a596a277","ID":"38f923f8-e989-447c-9762-a605383f3391","childs":null,"emcosID":null,"emcosMLID":null,"codMaketTEP":null,"codTEP":null,"WSName":"DB","rangeAddress":"$Z$267:$Z$304","headAddress":"$Z$267","bodyAddress":"$Z$268:$Z$304","_name":"утвержденный"},"корректировка":{"_level":2,"parentID":"c4c7e4ab-2e32-4d3a-b3eb-2bcf890271fe","firstParentID":"a8152427-78b8-4040-b16d-60a6a596a277","ID":"93d50744-40a1-4a98-bba2-8ddabbe46836","childs":null,"emcosID":null,"emcosMLID":null,"codMaketTEP":null,"codTEP":null,"WSName":"DB","rangeAddress":"$AA$267:$AA$304","headAddress":"$AA$267","bodyAddress":"$AA$268:$AA$304","_name":"корректировка"}},"emcosID":null,"emcosMLID":null,"codMaketTEP":null,"codTEP":null,"WSName":"DB","rangeAddress":"$W$266:$AA$304","headAddress":"$W$266:$AA$266","bodyAddress":"$W$267:$AA$304","_name":"план"}},"emcosID":null,"emcosMLID":null,"codMaketTEP":null,"codTEP":null,"WSName":"DB","rangeAddress":"$R$265:$AA$304","headAddress":"$R$265:$AA$265","bodyAddress":"$R$266:$AA$304","_name":"От Единого Закупщика ТАТЭК"}},"codPlan":32,"meterCoef":null,"_name":"От Единого Закупщика ТАТЭК"}