{"ID":"a8d0a357-5917-4639-8f54-b8e1d5f147b9","childs":{"PS":{"_level":0,"parentID":"a8d0a357-5917-4639-8f54-b8e1d5f147b9","firstParentID":"a8d0a357-5917-4639-8f54-b8e1d5f147b9","ID":"bcfdd0fd-7ef7-4f5b-9905-31b68f1f284e","childs":{"отдача":{"_level":1,"parentID":"bcfdd0fd-7ef7-4f5b-9905-31b68f1f284e","firstParentID":"a8d0a357-5917-4639-8f54-b8e1d5f147b9","ID":"54f1be3d-07bc-4fad-91c9-d69f091fde0a","childs":{"по счетчику":{"_level":2,"parentID":"54f1be3d-07bc-4fad-91c9-d69f091fde0a","firstParentID":"a8d0a357-5917-4639-8f54-b8e1d5f147b9","ID":"b93ecb2a-982c-4275-969f-702a5ee400cd","childs":null,"emcosID":null,"emcosMLID":null,"codMaketTEP":null,"codTEP":null,"WSName":"PS","rangeAddress":"$CU$99:$CU$135","headAddress":"$CU$99","bodyAddress":"$CU$100:$CU$135","_name":"по счетчику"},"СЧЕТЧИК":{"_level":2,"parentID":"54f1be3d-07bc-4fad-91c9-d69f091fde0a","firstParentID":"a8d0a357-5917-4639-8f54-b8e1d5f147b9","ID":"86d4386b-c1af-420a-b2ec-5e7d7c7be829","childs":null,"emcosID":null,"emcosMLID":null,"codMaketTEP":null,"codTEP":null,"WSName":"PS","rangeAddress":"$CV$99:$CV$135","headAddress":"$CV$99","bodyAddress":"$CV$100:$CV$135","_name":"СЧЕТЧИК"}},"emcosID":null,"emcosMLID":null,"codMaketTEP":null,"codTEP":null,"WSName":"PS","rangeAddress":"$CU$98:$CV$135","headAddress":"$CU$98:$CV$98","bodyAddress":"$CU$99:$CV$135","_name":"отдача"}},"emcosID":null,"emcosMLID":null,"codMaketTEP":null,"codTEP":null,"WSName":"PS","rangeAddress":"$CU$97:$CV$135","headAddress":"$CU$97:$CV$97","bodyAddress":"$CU$98:$CV$135","_name":"КЛ84 ПС152 Талдыкорган"},"DB":{"_level":0,"parentID":"a8d0a357-5917-4639-8f54-b8e1d5f147b9","firstParentID":"a8d0a357-5917-4639-8f54-b8e1d5f147b9","ID":"c95a1738-f7fe-4288-9ec0-c186bb5feaae","childs":{"отдача":{"_level":1,"parentID":"c95a1738-f7fe-4288-9ec0-c186bb5feaae","firstParentID":"a8d0a357-5917-4639-8f54-b8e1d5f147b9","ID":"f5794490-ea6f-4da5-827c-364a1bebcb9c","childs":{"код":{"_level":2,"parentID":"f5794490-ea6f-4da5-827c-364a1bebcb9c","firstParentID":"a8d0a357-5917-4639-8f54-b8e1d5f147b9","ID":"ab9690da-210e-4913-8385-37a593977c3c","childs":null,"emcosID":null,"emcosMLID":null,"codMaketTEP":null,"codTEP":null,"WSName":"DB","rangeAddress":"$BH$267:$BH$304","headAddress":"$BH$267","bodyAddress":"$BH$268:$BH$304","_name":"код"},"основное":{"_level":2,"parentID":"f5794490-ea6f-4da5-827c-364a1bebcb9c","firstParentID":"a8d0a357-5917-4639-8f54-b8e1d5f147b9","ID":"aee24772-b529-4e3e-9c4c-bd3b132570ee","childs":null,"emcosID":null,"emcosMLID":null,"codMaketTEP":null,"codTEP":null,"WSName":"DB","rangeAddress":"$BI$267:$BI$304","headAddress":"$BI$267","bodyAddress":"$BI$268:$BI$304","_name":"основное"},"корректировка факт":{"_level":2,"parentID":"f5794490-ea6f-4da5-827c-364a1bebcb9c","firstParentID":"a8d0a357-5917-4639-8f54-b8e1d5f147b9","ID":"f3ddefeb-e38d-4bef-9f54-a3404647ae1b","childs":null,"emcosID":null,"emcosMLID":null,"codMaketTEP":null,"codTEP":null,"WSName":"DB","rangeAddress":"$BJ$267:$BJ$304","headAddress":"$BJ$267","bodyAddress":"$BJ$268:$BJ$304","_name":"корректировка факт"},"ручное":{"_level":2,"parentID":"f5794490-ea6f-4da5-827c-364a1bebcb9c","firstParentID":"a8d0a357-5917-4639-8f54-b8e1d5f147b9","ID":"a035a270-b489-46e3-b354-98176837b5fb","childs":null,"emcosID":null,"emcosMLID":null,"codMaketTEP":null,"codTEP":null,"WSName":"DB","rangeAddress":"$BK$267:$BK$304","headAddress":"$BK$267","bodyAddress":"$BK$268:$BK$304","_name":"ручное"},"оперативное":{"_level":2,"parentID":"f5794490-ea6f-4da5-827c-364a1bebcb9c","firstParentID":"a8d0a357-5917-4639-8f54-b8e1d5f147b9","ID":"30571177-d039-4966-872e-8240d465fd26","childs":null,"emcosID":null,"emcosMLID":null,"codMaketTEP":null,"codTEP":null,"WSName":"DB","rangeAddress":"$BL$267:$BL$304","headAddress":"$BL$267","bodyAddress":"$BL$268:$BL$304","_name":"оперативное"},"счетчик":{"_level":2,"parentID":"f5794490-ea6f-4da5-827c-364a1bebcb9c","firstParentID":"a8d0a357-5917-4639-8f54-b8e1d5f147b9","ID":"07ae05cd-ec3a-4d07-8593-432669bae4b2","childs":null,"emcosID":null,"emcosMLID":null,"codMaketTEP":null,"codTEP":null,"WSName":"DB","rangeAddress":"$BM$267:$BM$304","headAddress":"$BM$267","bodyAddress":"$BM$268:$BM$304","_name":"счетчик"},"по счетчику":{"_level":2,"parentID":"f5794490-ea6f-4da5-827c-364a1bebcb9c","firstParentID":"a8d0a357-5917-4639-8f54-b8e1d5f147b9","ID":"ccb6a898-73b4-45ce-86cf-16ceaa04aed1","childs":null,"emcosID":null,"emcosMLID":null,"codMaketTEP":null,"codTEP":null,"WSName":"DB","rangeAddress":"$BN$267:$BN$304","headAddress":"$BN$267","bodyAddress":"$BN$268:$BN$304","_name":"по счетчику"}},"emcosID":null,"emcosMLID":null,"codMaketTEP":null,"codTEP":null,"WSName":"DB","rangeAddress":"$BH$266:$BN$304","headAddress":"$BH$266:$BN$266","bodyAddress":"$BH$267:$BN$304","_name":"отдача"}},"emcosID":null,"emcosMLID":null,"codMaketTEP":null,"codTEP":null,"WSName":"DB","rangeAddress":"$BH$265:$BN$304","headAddress":"$BH$265:$BN$265","bodyAddress":"$BH$266:$BN$304","_name":"КЛ84 ПС152 Талдыкорган"}},"codPlan":null,"meterCoef":"6","_name":"КЛ84 ПС152 Талдыкорган"}