{"ID":"ac434793-ddae-4047-9aab-e3e3bb8ec97c","childs":{"PS":{"_level":0,"parentID":"ac434793-ddae-4047-9aab-e3e3bb8ec97c","firstParentID":"ac434793-ddae-4047-9aab-e3e3bb8ec97c","ID":"b2c3d867-de51-4dc1-9b8e-32f46f0ce2b6","childs":{"прием":{"_level":1,"parentID":"b2c3d867-de51-4dc1-9b8e-32f46f0ce2b6","firstParentID":"ac434793-ddae-4047-9aab-e3e3bb8ec97c","ID":"3be56655-756a-404d-ab7a-b55ae45e21b7","childs":{"по счетчику":{"_level":2,"parentID":"3be56655-756a-404d-ab7a-b55ae45e21b7","firstParentID":"ac434793-ddae-4047-9aab-e3e3bb8ec97c","ID":"5cfdbeee-4a49-4d7a-916a-70dd658085e1","childs":null,"emcosID":null,"emcosMLID":null,"codMaketTEP":null,"codTEP":null,"WSName":"PS","rangeAddress":"$CZ$56:$CZ$92","headAddress":"$CZ$56","bodyAddress":"$CZ$57:$CZ$92","_name":"по счетчику"}},"emcosID":null,"emcosMLID":null,"codMaketTEP":null,"codTEP":null,"WSName":"PS","rangeAddress":"$CZ$55:$CZ$92","headAddress":"$CZ$55","bodyAddress":"$CZ$56:$CZ$92","_name":"прием"},"отдача":{"_level":1,"parentID":"b2c3d867-de51-4dc1-9b8e-32f46f0ce2b6","firstParentID":"ac434793-ddae-4047-9aab-e3e3bb8ec97c","ID":"435c17d5-c617-4f49-8e31-6819130fb741","childs":{"по счетчику":{"_level":2,"parentID":"435c17d5-c617-4f49-8e31-6819130fb741","firstParentID":"ac434793-ddae-4047-9aab-e3e3bb8ec97c","ID":"eddaa351-9936-4afb-8ae0-500769f3ccbe","childs":null,"emcosID":null,"emcosMLID":null,"codMaketTEP":null,"codTEP":null,"WSName":"PS","rangeAddress":"$DA$56:$DA$92","headAddress":"$DA$56","bodyAddress":"$DA$57:$DA$92","_name":"по счетчику"}},"emcosID":null,"emcosMLID":null,"codMaketTEP":null,"codTEP":null,"WSName":"PS","rangeAddress":"$DA$55:$DA$92","headAddress":"$DA$55","bodyAddress":"$DA$56:$DA$92","_name":"отдача"}},"emcosID":null,"emcosMLID":null,"codMaketTEP":null,"codTEP":null,"WSName":"PS","rangeAddress":"$CZ$54:$DA$92","headAddress":"$CZ$54:$DA$54","bodyAddress":"$CZ$55:$DA$92","_name":"Л2493 Алматы"},"DB":{"_level":0,"parentID":"ac434793-ddae-4047-9aab-e3e3bb8ec97c","firstParentID":"ac434793-ddae-4047-9aab-e3e3bb8ec97c","ID":"fa1d01d3-0933-4376-95ec-9a99735c79f5","childs":{"прием":{"_level":1,"parentID":"fa1d01d3-0933-4376-95ec-9a99735c79f5","firstParentID":"ac434793-ddae-4047-9aab-e3e3bb8ec97c","ID":"bc7759f2-1406-4b56-ba93-7df3d83f4e08","childs":{"код":{"_level":2,"parentID":"bc7759f2-1406-4b56-ba93-7df3d83f4e08","firstParentID":"ac434793-ddae-4047-9aab-e3e3bb8ec97c","ID":"63e7f703-4bf4-45ea-b901-cba970216aca","childs":null,"emcosID":null,"emcosMLID":null,"codMaketTEP":null,"codTEP":null,"WSName":"DB","rangeAddress":"$GP$267:$GP$304","headAddress":"$GP$267","bodyAddress":"$GP$268:$GP$304","_name":"код"},"основное":{"_level":2,"parentID":"bc7759f2-1406-4b56-ba93-7df3d83f4e08","firstParentID":"ac434793-ddae-4047-9aab-e3e3bb8ec97c","ID":"2b8d63b2-312b-4297-ae2b-35a224425b20","childs":null,"emcosID":null,"emcosMLID":null,"codMaketTEP":null,"codTEP":null,"WSName":"DB","rangeAddress":"$GQ$267:$GQ$304","headAddress":"$GQ$267","bodyAddress":"$GQ$268:$GQ$304","_name":"основное"},"корректировка факт":{"_level":2,"parentID":"bc7759f2-1406-4b56-ba93-7df3d83f4e08","firstParentID":"ac434793-ddae-4047-9aab-e3e3bb8ec97c","ID":"8700c463-851a-4d2b-93d1-5e50e6a24d01","childs":null,"emcosID":null,"emcosMLID":null,"codMaketTEP":null,"codTEP":null,"WSName":"DB","rangeAddress":"$GR$267:$GR$304","headAddress":"$GR$267","bodyAddress":"$GR$268:$GR$304","_name":"корректировка факт"},"ручное":{"_level":2,"parentID":"bc7759f2-1406-4b56-ba93-7df3d83f4e08","firstParentID":"ac434793-ddae-4047-9aab-e3e3bb8ec97c","ID":"e12dd2da-b4d2-47e8-9b8a-5e0f7e747f97","childs":null,"emcosID":null,"emcosMLID":null,"codMaketTEP":null,"codTEP":null,"WSName":"DB","rangeAddress":"$GS$267:$GS$304","headAddress":"$GS$267","bodyAddress":"$GS$268:$GS$304","_name":"ручное"},"аскуэ":{"_level":2,"parentID":"bc7759f2-1406-4b56-ba93-7df3d83f4e08","firstParentID":"ac434793-ddae-4047-9aab-e3e3bb8ec97c","ID":"22627353-309f-4e23-8fb0-8ffdd51f9219","childs":null,"emcosID":null,"emcosMLID":null,"codMaketTEP":null,"codTEP":null,"WSName":"DB","rangeAddress":"$GT$267:$GT$304","headAddress":"$GT$267","bodyAddress":"$GT$268:$GT$304","_name":"аскуэ"},"счетчик":{"_level":2,"parentID":"bc7759f2-1406-4b56-ba93-7df3d83f4e08","firstParentID":"ac434793-ddae-4047-9aab-e3e3bb8ec97c","ID":"13653100-66f2-4e9c-b611-0078bd5d4eb5","childs":null,"emcosID":null,"emcosMLID":null,"codMaketTEP":null,"codTEP":null,"WSName":"DB","rangeAddress":"$GU$267:$GU$304","headAddress":"$GU$267","bodyAddress":"$GU$268:$GU$304","_name":"счетчик"},"по счетчику":{"_level":2,"parentID":"bc7759f2-1406-4b56-ba93-7df3d83f4e08","firstParentID":"ac434793-ddae-4047-9aab-e3e3bb8ec97c","ID":"74474520-1119-404f-bf22-4f0a799443be","childs":null,"emcosID":null,"emcosMLID":null,"codMaketTEP":null,"codTEP":null,"WSName":"DB","rangeAddress":"$GV$267:$GV$304","headAddress":"$GV$267","bodyAddress":"$GV$268:$GV$304","_name":"по счетчику"}},"emcosID":null,"emcosMLID":null,"codMaketTEP":null,"codTEP":null,"WSName":"DB","rangeAddress":"$GP$266:$GV$304","headAddress":"$GP$266:$GV$266","bodyAddress":"$GP$267:$GV$304","_name":"прием"},"отдача":{"_level":1,"parentID":"fa1d01d3-0933-4376-95ec-9a99735c79f5","firstParentID":"ac434793-ddae-4047-9aab-e3e3bb8ec97c","ID":"c8c60137-990f-4f9d-910e-0f04f026e4e6","childs":{"код":{"_level":2,"parentID":"c8c60137-990f-4f9d-910e-0f04f026e4e6","firstParentID":"ac434793-ddae-4047-9aab-e3e3bb8ec97c","ID":"d659f8df-2e52-4da6-b29d-18d99b816885","childs":null,"emcosID":null,"emcosMLID":null,"codMaketTEP":null,"codTEP":null,"WSName":"DB","rangeAddress":"$GW$267:$GW$304","headAddress":"$GW$267","bodyAddress":"$GW$268:$GW$304","_name":"код"},"основное":{"_level":2,"parentID":"c8c60137-990f-4f9d-910e-0f04f026e4e6","firstParentID":"ac434793-ddae-4047-9aab-e3e3bb8ec97c","ID":"e311eff7-6bb0-41a2-bbf8-f33975a6ce2c","childs":null,"emcosID":null,"emcosMLID":null,"codMaketTEP":null,"codTEP":null,"WSName":"DB","rangeAddress":"$GX$267:$GX$304","headAddress":"$GX$267","bodyAddress":"$GX$268:$GX$304","_name":"основное"},"корректировка факт":{"_level":2,"parentID":"c8c60137-990f-4f9d-910e-0f04f026e4e6","firstParentID":"ac434793-ddae-4047-9aab-e3e3bb8ec97c","ID":"5406840d-7f84-4979-864f-8ac4bfec3725","childs":null,"emcosID":null,"emcosMLID":null,"codMaketTEP":null,"codTEP":null,"WSName":"DB","rangeAddress":"$GY$267:$GY$304","headAddress":"$GY$267","bodyAddress":"$GY$268:$GY$304","_name":"корректировка факт"},"ручное":{"_level":2,"parentID":"c8c60137-990f-4f9d-910e-0f04f026e4e6","firstParentID":"ac434793-ddae-4047-9aab-e3e3bb8ec97c","ID":"0e89d93b-916c-4d09-bf06-8edacf0ad234","childs":null,"emcosID":null,"emcosMLID":null,"codMaketTEP":null,"codTEP":null,"WSName":"DB","rangeAddress":"$GZ$267:$GZ$304","headAddress":"$GZ$267","bodyAddress":"$GZ$268:$GZ$304","_name":"ручное"},"аскуэ":{"_level":2,"parentID":"c8c60137-990f-4f9d-910e-0f04f026e4e6","firstParentID":"ac434793-ddae-4047-9aab-e3e3bb8ec97c","ID":"e1defe82-4c9b-44e4-82d7-f4226ca93bd3","childs":null,"emcosID":null,"emcosMLID":null,"codMaketTEP":null,"codTEP":null,"WSName":"DB","rangeAddress":"$HA$267:$HA$304","headAddress":"$HA$267","bodyAddress":"$HA$268:$HA$304","_name":"аскуэ"},"счетчик":{"_level":2,"parentID":"c8c60137-990f-4f9d-910e-0f04f026e4e6","firstParentID":"ac434793-ddae-4047-9aab-e3e3bb8ec97c","ID":"4c6dc212-ff3a-4a8f-87a0-202c677d0954","childs":null,"emcosID":null,"emcosMLID":null,"codMaketTEP":null,"codTEP":null,"WSName":"DB","rangeAddress":"$HB$267:$HB$304","headAddress":"$HB$267","bodyAddress":"$HB$268:$HB$304","_name":"счетчик"},"по счетчику":{"_level":2,"parentID":"c8c60137-990f-4f9d-910e-0f04f026e4e6","firstParentID":"ac434793-ddae-4047-9aab-e3e3bb8ec97c","ID":"8254516f-b564-418a-9182-8d9341b6747f","childs":null,"emcosID":null,"emcosMLID":null,"codMaketTEP":null,"codTEP":null,"WSName":"DB","rangeAddress":"$HC$267:$HC$304","headAddress":"$HC$267","bodyAddress":"$HC$268:$HC$304","_name":"по счетчику"}},"emcosID":null,"emcosMLID":null,"codMaketTEP":null,"codTEP":null,"WSName":"DB","rangeAddress":"$GW$266:$HC$304","headAddress":"$GW$266:$HC$266","bodyAddress":"$GW$267:$HC$304","_name":"отдача"}},"emcosID":null,"emcosMLID":null,"codMaketTEP":null,"codTEP":null,"WSName":"DB","rangeAddress":"$GP$265:$HC$304","headAddress":"$GP$265:$HC$265","bodyAddress":"$GP$266:$HC$304","_name":"Л2493 Алматы"}},"codPlan":null,"meterCoef":"2200","_name":"Л2493 Алматы"}