{"ID":"ac434793-ddae-4047-9aab-e3e3bb8ec97c","childs":{"PS":{"_level":0,"parentID":"ac434793-ddae-4047-9aab-e3e3bb8ec97c","firstParentID":"ac434793-ddae-4047-9aab-e3e3bb8ec97c","ID":"b2c3d867-de51-4dc1-9b8e-32f46f0ce2b6","childs":{"прием":{"_level":1,"parentID":"b2c3d867-de51-4dc1-9b8e-32f46f0ce2b6","firstParentID":"ac434793-ddae-4047-9aab-e3e3bb8ec97c","ID":"3be56655-756a-404d-ab7a-b55ae45e21b7","childs":{"по счетчику":{"_level":2,"parentID":"3be56655-756a-404d-ab7a-b55ae45e21b7","firstParentID":"ac434793-ddae-4047-9aab-e3e3bb8ec97c","ID":"5cfdbeee-4a49-4d7a-916a-70dd658085e1","childs":null,"emcosID":null,"emcosMLID":null,"codMaketTEP":null,"codTEP":null,"WSName":"PS","rangeAddress":"$CN$56:$CN$92","headAddress":"$CN$56","bodyAddress":"$CN$57:$CN$92","_name":"по счетчику"}},"emcosID":null,"emcosMLID":null,"codMaketTEP":null,"codTEP":null,"WSName":"PS","rangeAddress":"$CN$55:$CN$92","headAddress":"$CN$55","bodyAddress":"$CN$56:$CN$92","_name":"прием"},"отдача":{"_level":1,"parentID":"b2c3d867-de51-4dc1-9b8e-32f46f0ce2b6","firstParentID":"ac434793-ddae-4047-9aab-e3e3bb8ec97c","ID":"435c17d5-c617-4f49-8e31-6819130fb741","childs":{"по счетчику":{"_level":2,"parentID":"435c17d5-c617-4f49-8e31-6819130fb741","firstParentID":"ac434793-ddae-4047-9aab-e3e3bb8ec97c","ID":"eddaa351-9936-4afb-8ae0-500769f3ccbe","childs":null,"emcosID":null,"emcosMLID":null,"codMaketTEP":null,"codTEP":null,"WSName":"PS","rangeAddress":"$CO$56:$CO$92","headAddress":"$CO$56","bodyAddress":"$CO$57:$CO$92","_name":"по счетчику"}},"emcosID":null,"emcosMLID":null,"codMaketTEP":null,"codTEP":null,"WSName":"PS","rangeAddress":"$CO$55:$CO$92","headAddress":"$CO$55","bodyAddress":"$CO$56:$CO$92","_name":"отдача"}},"emcosID":null,"emcosMLID":null,"codMaketTEP":null,"codTEP":null,"WSName":"PS","rangeAddress":"$CN$54:$CO$92","headAddress":"$CN$54:$CO$54","bodyAddress":"$CN$55:$CO$92","_name":"Л2493 Алматы"},"DB":{"_level":0,"parentID":"ac434793-ddae-4047-9aab-e3e3bb8ec97c","firstParentID":"ac434793-ddae-4047-9aab-e3e3bb8ec97c","ID":"fa1d01d3-0933-4376-95ec-9a99735c79f5","childs":{"прием":{"_level":1,"parentID":"fa1d01d3-0933-4376-95ec-9a99735c79f5","firstParentID":"ac434793-ddae-4047-9aab-e3e3bb8ec97c","ID":"bc7759f2-1406-4b56-ba93-7df3d83f4e08","childs":{"код":{"_level":2,"parentID":"bc7759f2-1406-4b56-ba93-7df3d83f4e08","firstParentID":"ac434793-ddae-4047-9aab-e3e3bb8ec97c","ID":"63e7f703-4bf4-45ea-b901-cba970216aca","childs":null,"emcosID":null,"emcosMLID":null,"codMaketTEP":null,"codTEP":null,"WSName":"DB","rangeAddress":"$HW$267:$HW$304","headAddress":"$HW$267","bodyAddress":"$HW$268:$HW$304","_name":"код"},"основное":{"_level":2,"parentID":"bc7759f2-1406-4b56-ba93-7df3d83f4e08","firstParentID":"ac434793-ddae-4047-9aab-e3e3bb8ec97c","ID":"2b8d63b2-312b-4297-ae2b-35a224425b20","childs":null,"emcosID":null,"emcosMLID":null,"codMaketTEP":null,"codTEP":null,"WSName":"DB","rangeAddress":"$HX$267:$HX$304","headAddress":"$HX$267","bodyAddress":"$HX$268:$HX$304","_name":"основное"},"корректировка факт":{"_level":2,"parentID":"bc7759f2-1406-4b56-ba93-7df3d83f4e08","firstParentID":"ac434793-ddae-4047-9aab-e3e3bb8ec97c","ID":"8700c463-851a-4d2b-93d1-5e50e6a24d01","childs":null,"emcosID":null,"emcosMLID":null,"codMaketTEP":null,"codTEP":null,"WSName":"DB","rangeAddress":"$HY$267:$HY$304","headAddress":"$HY$267","bodyAddress":"$HY$268:$HY$304","_name":"корректировка факт"},"ручное":{"_level":2,"parentID":"bc7759f2-1406-4b56-ba93-7df3d83f4e08","firstParentID":"ac434793-ddae-4047-9aab-e3e3bb8ec97c","ID":"e12dd2da-b4d2-47e8-9b8a-5e0f7e747f97","childs":null,"emcosID":null,"emcosMLID":null,"codMaketTEP":null,"codTEP":null,"WSName":"DB","rangeAddress":"$HZ$267:$HZ$304","headAddress":"$HZ$267","bodyAddress":"$HZ$268:$HZ$304","_name":"ручное"},"аскуэ":{"_level":2,"parentID":"bc7759f2-1406-4b56-ba93-7df3d83f4e08","firstParentID":"ac434793-ddae-4047-9aab-e3e3bb8ec97c","ID":"22627353-309f-4e23-8fb0-8ffdd51f9219","childs":null,"emcosID":null,"emcosMLID":null,"codMaketTEP":null,"codTEP":null,"WSName":"DB","rangeAddress":"$IA$267:$IA$304","headAddress":"$IA$267","bodyAddress":"$IA$268:$IA$304","_name":"аскуэ"},"счетчик":{"_level":2,"parentID":"bc7759f2-1406-4b56-ba93-7df3d83f4e08","firstParentID":"ac434793-ddae-4047-9aab-e3e3bb8ec97c","ID":"13653100-66f2-4e9c-b611-0078bd5d4eb5","childs":null,"emcosID":null,"emcosMLID":null,"codMaketTEP":null,"codTEP":null,"WSName":"DB","rangeAddress":"$IB$267:$IB$304","headAddress":"$IB$267","bodyAddress":"$IB$268:$IB$304","_name":"счетчик"},"по счетчику":{"_level":2,"parentID":"bc7759f2-1406-4b56-ba93-7df3d83f4e08","firstParentID":"ac434793-ddae-4047-9aab-e3e3bb8ec97c","ID":"74474520-1119-404f-bf22-4f0a799443be","childs":null,"emcosID":null,"emcosMLID":null,"codMaketTEP":null,"codTEP":null,"WSName":"DB","rangeAddress":"$IC$267:$IC$304","headAddress":"$IC$267","bodyAddress":"$IC$268:$IC$304","_name":"по счетчику"}},"emcosID":null,"emcosMLID":null,"codMaketTEP":null,"codTEP":null,"WSName":"DB","rangeAddress":"$HW$266:$IC$304","headAddress":"$HW$266:$IC$266","bodyAddress":"$HW$267:$IC$304","_name":"прием"},"отдача":{"_level":1,"parentID":"fa1d01d3-0933-4376-95ec-9a99735c79f5","firstParentID":"ac434793-ddae-4047-9aab-e3e3bb8ec97c","ID":"c8c60137-990f-4f9d-910e-0f04f026e4e6","childs":{"код":{"_level":2,"parentID":"c8c60137-990f-4f9d-910e-0f04f026e4e6","firstParentID":"ac434793-ddae-4047-9aab-e3e3bb8ec97c","ID":"d659f8df-2e52-4da6-b29d-18d99b816885","childs":null,"emcosID":null,"emcosMLID":null,"codMaketTEP":null,"codTEP":null,"WSName":"DB","rangeAddress":"$ID$267:$ID$304","headAddress":"$ID$267","bodyAddress":"$ID$268:$ID$304","_name":"код"},"основное":{"_level":2,"parentID":"c8c60137-990f-4f9d-910e-0f04f026e4e6","firstParentID":"ac434793-ddae-4047-9aab-e3e3bb8ec97c","ID":"e311eff7-6bb0-41a2-bbf8-f33975a6ce2c","childs":null,"emcosID":null,"emcosMLID":null,"codMaketTEP":null,"codTEP":null,"WSName":"DB","rangeAddress":"$IE$267:$IE$304","headAddress":"$IE$267","bodyAddress":"$IE$268:$IE$304","_name":"основное"},"корректировка факт":{"_level":2,"parentID":"c8c60137-990f-4f9d-910e-0f04f026e4e6","firstParentID":"ac434793-ddae-4047-9aab-e3e3bb8ec97c","ID":"5406840d-7f84-4979-864f-8ac4bfec3725","childs":null,"emcosID":null,"emcosMLID":null,"codMaketTEP":null,"codTEP":null,"WSName":"DB","rangeAddress":"$IF$267:$IF$304","headAddress":"$IF$267","bodyAddress":"$IF$268:$IF$304","_name":"корректировка факт"},"ручное":{"_level":2,"parentID":"c8c60137-990f-4f9d-910e-0f04f026e4e6","firstParentID":"ac434793-ddae-4047-9aab-e3e3bb8ec97c","ID":"0e89d93b-916c-4d09-bf06-8edacf0ad234","childs":null,"emcosID":null,"emcosMLID":null,"codMaketTEP":null,"codTEP":null,"WSName":"DB","rangeAddress":"$IG$267:$IG$304","headAddress":"$IG$267","bodyAddress":"$IG$268:$IG$304","_name":"ручное"},"аскуэ":{"_level":2,"parentID":"c8c60137-990f-4f9d-910e-0f04f026e4e6","firstParentID":"ac434793-ddae-4047-9aab-e3e3bb8ec97c","ID":"e1defe82-4c9b-44e4-82d7-f4226ca93bd3","childs":null,"emcosID":null,"emcosMLID":null,"codMaketTEP":null,"codTEP":null,"WSName":"DB","rangeAddress":"$IH$267:$IH$304","headAddress":"$IH$267","bodyAddress":"$IH$268:$IH$304","_name":"аскуэ"},"счетчик":{"_level":2,"parentID":"c8c60137-990f-4f9d-910e-0f04f026e4e6","firstParentID":"ac434793-ddae-4047-9aab-e3e3bb8ec97c","ID":"4c6dc212-ff3a-4a8f-87a0-202c677d0954","childs":null,"emcosID":null,"emcosMLID":null,"codMaketTEP":null,"codTEP":null,"WSName":"DB","rangeAddress":"$II$267:$II$304","headAddress":"$II$267","bodyAddress":"$II$268:$II$304","_name":"счетчик"},"по счетчику":{"_level":2,"parentID":"c8c60137-990f-4f9d-910e-0f04f026e4e6","firstParentID":"ac434793-ddae-4047-9aab-e3e3bb8ec97c","ID":"8254516f-b564-418a-9182-8d9341b6747f","childs":null,"emcosID":null,"emcosMLID":null,"codMaketTEP":null,"codTEP":null,"WSName":"DB","rangeAddress":"$IJ$267:$IJ$304","headAddress":"$IJ$267","bodyAddress":"$IJ$268:$IJ$304","_name":"по счетчику"}},"emcosID":null,"emcosMLID":null,"codMaketTEP":null,"codTEP":null,"WSName":"DB","rangeAddress":"$ID$266:$IJ$304","headAddress":"$ID$266:$IJ$266","bodyAddress":"$ID$267:$IJ$304","_name":"отдача"}},"emcosID":null,"emcosMLID":null,"codMaketTEP":null,"codTEP":null,"WSName":"DB","rangeAddress":"$HW$265:$IJ$304","headAddress":"$HW$265:$IJ$265","bodyAddress":"$HW$266:$IJ$304","_name":"Л2493 Алматы"}},"codPlan":null,"meterCoef":null,"_name":"Л2493 Алматы"}