{"ID":"ac431095-8843-454e-a40e-ab5246dc075e","childs":{"PS":{"_level":0,"parentID":"ac431095-8843-454e-a40e-ab5246dc075e","firstParentID":"ac431095-8843-454e-a40e-ab5246dc075e","ID":"f67ab229-808d-4eb6-8364-c1a570b99c79","childs":{"прием":{"_level":1,"parentID":"f67ab229-808d-4eb6-8364-c1a570b99c79","firstParentID":"ac431095-8843-454e-a40e-ab5246dc075e","ID":"4687fd81-85a5-4d16-ab7d-3e70e1b370d0","childs":{"формула":{"_level":2,"parentID":"4687fd81-85a5-4d16-ab7d-3e70e1b370d0","firstParentID":"ac431095-8843-454e-a40e-ab5246dc075e","ID":"beeebaf7-2bd3-4196-a61b-32e7a744ac7a","childs":null,"emcosID":null,"emcosMLID":null,"codMaketTEP":null,"codTEP":null,"WSName":"PS","rangeAddress":"$B$228:$B$264","headAddress":"$B$228","bodyAddress":"$B$229:$B$264","_name":"формула"},"ОПЕРАТИВНОЕ":{"_level":2,"parentID":"4687fd81-85a5-4d16-ab7d-3e70e1b370d0","firstParentID":"ac431095-8843-454e-a40e-ab5246dc075e","ID":"fcf47da1-da7e-412a-9b4d-7da3aad87a98","childs":null,"emcosID":null,"emcosMLID":null,"codMaketTEP":null,"codTEP":null,"WSName":"PS","rangeAddress":"$C$228:$C$264","headAddress":"$C$228","bodyAddress":"$C$229:$C$264","_name":"ОПЕРАТИВНОЕ"}},"emcosID":null,"emcosMLID":null,"codMaketTEP":null,"codTEP":null,"WSName":"PS","rangeAddress":"$B$227:$C$264","headAddress":"$B$227:$C$227","bodyAddress":"$B$228:$C$264","_name":"прием"},"план":{"_level":1,"parentID":"f67ab229-808d-4eb6-8364-c1a570b99c79","firstParentID":"ac431095-8843-454e-a40e-ab5246dc075e","ID":"bdd414fd-a375-4c27-bedb-e5c1f348050d","childs":{"заявка":{"_level":2,"parentID":"bdd414fd-a375-4c27-bedb-e5c1f348050d","firstParentID":"ac431095-8843-454e-a40e-ab5246dc075e","ID":"32d37f8b-072f-44af-a4e6-4cbe2900f586","childs":null,"emcosID":null,"emcosMLID":null,"codMaketTEP":null,"codTEP":null,"WSName":"PS","rangeAddress":"$D$228:$D$264","headAddress":"$D$228","bodyAddress":"$D$229:$D$264","_name":"заявка"}},"emcosID":null,"emcosMLID":null,"codMaketTEP":null,"codTEP":null,"WSName":"PS","rangeAddress":"$D$227:$D$264","headAddress":"$D$227","bodyAddress":"$D$228:$D$264","_name":"план"}},"emcosID":null,"emcosMLID":null,"codMaketTEP":null,"codTEP":null,"WSName":"PS","rangeAddress":"$B$226:$D$264","headAddress":"$B$226:$D$226","bodyAddress":"$B$227:$D$264","_name":"Потребление ТАТЭК"},"DB":{"_level":0,"parentID":"ac431095-8843-454e-a40e-ab5246dc075e","firstParentID":"ac431095-8843-454e-a40e-ab5246dc075e","ID":"64da23e1-8169-40fc-b261-f842f6c3f09e","childs":{"прием":{"_level":1,"parentID":"64da23e1-8169-40fc-b261-f842f6c3f09e","firstParentID":"ac431095-8843-454e-a40e-ab5246dc075e","ID":"111915f9-0510-4c03-a2da-08358245abcc","childs":{"код":{"_level":2,"parentID":"111915f9-0510-4c03-a2da-08358245abcc","firstParentID":"ac431095-8843-454e-a40e-ab5246dc075e","ID":"9a2a26a0-2191-444f-a9bc-46a2c797ca01","childs":null,"emcosID":null,"emcosMLID":null,"codMaketTEP":null,"codTEP":null,"WSName":"DB","rangeAddress":"$DL$224:$DL$261","headAddress":"$DL$224","bodyAddress":"$DL$225:$DL$261","_name":"код"},"основное":{"_level":2,"parentID":"111915f9-0510-4c03-a2da-08358245abcc","firstParentID":"ac431095-8843-454e-a40e-ab5246dc075e","ID":"8264d016-7854-47ee-87b0-60c1b01a857f","childs":null,"emcosID":null,"emcosMLID":null,"codMaketTEP":null,"codTEP":null,"WSName":"DB","rangeAddress":"$DM$224:$DM$261","headAddress":"$DM$224","bodyAddress":"$DM$225:$DM$261","_name":"основное"},"корректировка факт":{"_level":2,"parentID":"111915f9-0510-4c03-a2da-08358245abcc","firstParentID":"ac431095-8843-454e-a40e-ab5246dc075e","ID":"98080110-f14c-4444-aea5-293f1216f468","childs":null,"emcosID":null,"emcosMLID":null,"codMaketTEP":null,"codTEP":null,"WSName":"DB","rangeAddress":"$DN$224:$DN$261","headAddress":"$DN$224","bodyAddress":"$DN$225:$DN$261","_name":"корректировка факт"},"ручное":{"_level":2,"parentID":"111915f9-0510-4c03-a2da-08358245abcc","firstParentID":"ac431095-8843-454e-a40e-ab5246dc075e","ID":"d1f59ac0-a2af-4cb9-8f96-31d8d3ec187e","childs":null,"emcosID":null,"emcosMLID":null,"codMaketTEP":null,"codTEP":null,"WSName":"DB","rangeAddress":"$DO$224:$DO$261","headAddress":"$DO$224","bodyAddress":"$DO$225:$DO$261","_name":"ручное"},"по плану":{"_level":2,"parentID":"111915f9-0510-4c03-a2da-08358245abcc","firstParentID":"ac431095-8843-454e-a40e-ab5246dc075e","ID":"7d656087-aca3-4160-8894-6524de19e411","childs":null,"emcosID":null,"emcosMLID":null,"codMaketTEP":null,"codTEP":null,"WSName":"DB","rangeAddress":"$DP$224:$DP$261","headAddress":"$DP$224","bodyAddress":"$DP$225:$DP$261","_name":"по плану"},"оперативное":{"_level":2,"parentID":"111915f9-0510-4c03-a2da-08358245abcc","firstParentID":"ac431095-8843-454e-a40e-ab5246dc075e","ID":"7b12976a-2a02-4d82-9201-36ee81f89338","childs":null,"emcosID":null,"emcosMLID":null,"codMaketTEP":null,"codTEP":null,"WSName":"DB","rangeAddress":"$DQ$224:$DQ$261","headAddress":"$DQ$224","bodyAddress":"$DQ$225:$DQ$261","_name":"оперативное"},"формула":{"_level":2,"parentID":"111915f9-0510-4c03-a2da-08358245abcc","firstParentID":"ac431095-8843-454e-a40e-ab5246dc075e","ID":"05f544f8-a0f2-4503-b210-21f1fb21facf","childs":null,"emcosID":null,"emcosMLID":null,"codMaketTEP":null,"codTEP":null,"WSName":"DB","rangeAddress":"$DR$224:$DR$261","headAddress":"$DR$224","bodyAddress":"$DR$225:$DR$261","_name":"формула"}},"emcosID":null,"emcosMLID":null,"codMaketTEP":null,"codTEP":null,"WSName":"DB","rangeAddress":"$DL$223:$DR$261","headAddress":"$DL$223:$DR$223","bodyAddress":"$DL$224:$DR$261","_name":"прием"},"план":{"_level":1,"parentID":"64da23e1-8169-40fc-b261-f842f6c3f09e","firstParentID":"ac431095-8843-454e-a40e-ab5246dc075e","ID":"5b095d5e-b4a8-4c09-8b4e-4072b1598ace","childs":{"код":{"_level":2,"parentID":"5b095d5e-b4a8-4c09-8b4e-4072b1598ace","firstParentID":"ac431095-8843-454e-a40e-ab5246dc075e","ID":"37167e2b-a6e2-4ae9-ab7c-ade34802b6db","childs":null,"emcosID":null,"emcosMLID":null,"codMaketTEP":null,"codTEP":null,"WSName":"DB","rangeAddress":"$DS$224:$DS$261","headAddress":"$DS$224","bodyAddress":"$DS$225:$DS$261","_name":"код"},"основное":{"_level":2,"parentID":"5b095d5e-b4a8-4c09-8b4e-4072b1598ace","firstParentID":"ac431095-8843-454e-a40e-ab5246dc075e","ID":"4f4fe422-b7d0-4f9d-be53-ad61abb48748","childs":null,"emcosID":null,"emcosMLID":null,"codMaketTEP":null,"codTEP":null,"WSName":"DB","rangeAddress":"$DT$224:$DT$261","headAddress":"$DT$224","bodyAddress":"$DT$225:$DT$261","_name":"основное"},"заявка":{"_level":2,"parentID":"5b095d5e-b4a8-4c09-8b4e-4072b1598ace","firstParentID":"ac431095-8843-454e-a40e-ab5246dc075e","ID":"4a97dd0a-d21a-4474-bc26-dda761692ae8","childs":null,"emcosID":null,"emcosMLID":null,"codMaketTEP":null,"codTEP":null,"WSName":"DB","rangeAddress":"$DU$224:$DU$261","headAddress":"$DU$224","bodyAddress":"$DU$225:$DU$261","_name":"заявка"},"утвержденный":{"_level":2,"parentID":"5b095d5e-b4a8-4c09-8b4e-4072b1598ace","firstParentID":"ac431095-8843-454e-a40e-ab5246dc075e","ID":"19cec302-1a79-46ee-81e6-2ab2cacc4310","childs":null,"emcosID":null,"emcosMLID":null,"codMaketTEP":null,"codTEP":null,"WSName":"DB","rangeAddress":"$DV$224:$DV$261","headAddress":"$DV$224","bodyAddress":"$DV$225:$DV$261","_name":"утвержденный"},"корректировка":{"_level":2,"parentID":"5b095d5e-b4a8-4c09-8b4e-4072b1598ace","firstParentID":"ac431095-8843-454e-a40e-ab5246dc075e","ID":"525b6275-5ac7-472b-b61e-25e772c9861f","childs":null,"emcosID":null,"emcosMLID":null,"codMaketTEP":null,"codTEP":null,"WSName":"DB","rangeAddress":"$DW$224:$DW$261","headAddress":"$DW$224","bodyAddress":"$DW$225:$DW$261","_name":"корректировка"}},"emcosID":null,"emcosMLID":null,"codMaketTEP":null,"codTEP":null,"WSName":"DB","rangeAddress":"$DS$223:$DW$261","headAddress":"$DS$223:$DW$223","bodyAddress":"$DS$224:$DW$261","_name":"план"}},"emcosID":null,"emcosMLID":null,"codMaketTEP":null,"codTEP":null,"WSName":"DB","rangeAddress":"$DL$222:$DW$261","headAddress":"$DL$222:$DW$222","bodyAddress":"$DL$223:$DW$261","_name":"Потребление ТАТЭК"}},"codPlan":119,"meterCoef":null,"_name":"Потребление ТАТЭК"}