{"ID":"ad629e3f-ba7b-4d28-8d82-e30483d8d27f","childs":{"PS":{"_level":0,"parentID":"ad629e3f-ba7b-4d28-8d82-e30483d8d27f","firstParentID":"ad629e3f-ba7b-4d28-8d82-e30483d8d27f","ID":"60a958f4-aede-4691-980e-942566e0f9e3","childs":{"отдача":{"_level":1,"parentID":"60a958f4-aede-4691-980e-942566e0f9e3","firstParentID":"ad629e3f-ba7b-4d28-8d82-e30483d8d27f","ID":"b2daf62d-f6b0-48be-841f-477448501747","childs":{"оперативное":{"_level":2,"parentID":"b2daf62d-f6b0-48be-841f-477448501747","firstParentID":"ad629e3f-ba7b-4d28-8d82-e30483d8d27f","ID":"f8c525b1-5587-4689-90f3-2b7b22bff044","childs":null,"emcosID":null,"emcosMLID":null,"codMaketTEP":null,"codTEP":null,"WSName":"PS","rangeAddress":"$DH$185:$DH$221","headAddress":"$DH$185","bodyAddress":"$DH$186:$DH$221","_name":"оперативное"}},"emcosID":null,"emcosMLID":null,"codMaketTEP":null,"codTEP":null,"WSName":"PS","rangeAddress":"$DH$184:$DH$221","headAddress":"$DH$184","bodyAddress":"$DH$185:$DH$221","_name":"отдача"}},"emcosID":null,"emcosMLID":null,"codMaketTEP":null,"codTEP":null,"WSName":"PS","rangeAddress":"$DH$183:$DH$221","headAddress":"$DH$183","bodyAddress":"$DH$184:$DH$221","_name":"Генерация Кербулак 2"},"DB":{"_level":0,"parentID":"ad629e3f-ba7b-4d28-8d82-e30483d8d27f","firstParentID":"ad629e3f-ba7b-4d28-8d82-e30483d8d27f","ID":"0a933a0a-c55c-434b-8766-9ffb513cca72","childs":{"отдача":{"_level":1,"parentID":"0a933a0a-c55c-434b-8766-9ffb513cca72","firstParentID":"ad629e3f-ba7b-4d28-8d82-e30483d8d27f","ID":"9d27ec81-a239-4a7d-9e8f-f8e2a00595a5","childs":{"код":{"_level":2,"parentID":"9d27ec81-a239-4a7d-9e8f-f8e2a00595a5","firstParentID":"ad629e3f-ba7b-4d28-8d82-e30483d8d27f","ID":"3bdec9fa-f7a6-4687-897c-728e2fa150eb","childs":null,"emcosID":null,"emcosMLID":null,"codMaketTEP":null,"codTEP":null,"WSName":"DB","rangeAddress":"$ES$181:$ES$218","headAddress":"$ES$181","bodyAddress":"$ES$182:$ES$218","_name":"код"},"основное":{"_level":2,"parentID":"9d27ec81-a239-4a7d-9e8f-f8e2a00595a5","firstParentID":"ad629e3f-ba7b-4d28-8d82-e30483d8d27f","ID":"8f45482d-c6f0-4217-ac4a-0335aaac63e2","childs":null,"emcosID":null,"emcosMLID":null,"codMaketTEP":null,"codTEP":null,"WSName":"DB","rangeAddress":"$ET$181:$ET$218","headAddress":"$ET$181","bodyAddress":"$ET$182:$ET$218","_name":"основное"},"корректировка факт":{"_level":2,"parentID":"9d27ec81-a239-4a7d-9e8f-f8e2a00595a5","firstParentID":"ad629e3f-ba7b-4d28-8d82-e30483d8d27f","ID":"fa748c6e-68d7-4d69-9cc3-764c414fcbd5","childs":null,"emcosID":null,"emcosMLID":null,"codMaketTEP":null,"codTEP":null,"WSName":"DB","rangeAddress":"$EU$181:$EU$218","headAddress":"$EU$181","bodyAddress":"$EU$182:$EU$218","_name":"корректировка факт"},"ручное":{"_level":2,"parentID":"9d27ec81-a239-4a7d-9e8f-f8e2a00595a5","firstParentID":"ad629e3f-ba7b-4d28-8d82-e30483d8d27f","ID":"9c23ac69-8dcd-4eb8-895c-d34e4c817827","childs":null,"emcosID":null,"emcosMLID":null,"codMaketTEP":null,"codTEP":null,"WSName":"DB","rangeAddress":"$EV$181:$EV$218","headAddress":"$EV$181","bodyAddress":"$EV$182:$EV$218","_name":"ручное"},"оперативное":{"_level":2,"parentID":"9d27ec81-a239-4a7d-9e8f-f8e2a00595a5","firstParentID":"ad629e3f-ba7b-4d28-8d82-e30483d8d27f","ID":"11c27419-9fee-4c91-906d-667c4c0b872e","childs":null,"emcosID":null,"emcosMLID":null,"codMaketTEP":null,"codTEP":null,"WSName":"DB","rangeAddress":"$EW$181:$EW$218","headAddress":"$EW$181","bodyAddress":"$EW$182:$EW$218","_name":"оперативное"}},"emcosID":null,"emcosMLID":null,"codMaketTEP":null,"codTEP":null,"WSName":"DB","rangeAddress":"$ES$180:$EW$218","headAddress":"$ES$180:$EW$180","bodyAddress":"$ES$181:$EW$218","_name":"отдача"}},"emcosID":null,"emcosMLID":null,"codMaketTEP":null,"codTEP":null,"WSName":"DB","rangeAddress":"$ES$179:$EW$218","headAddress":"$ES$179:$EW$179","bodyAddress":"$ES$180:$EW$218","_name":"Генерация Кербулак 2"}},"codPlan":null,"meterCoef":null,"_name":"Генерация Кербулак 2"}