{"ID":"ad629e3f-ba7b-4d28-8d82-e30483d8d27f","childs":{"PS":{"_level":0,"parentID":"ad629e3f-ba7b-4d28-8d82-e30483d8d27f","firstParentID":"ad629e3f-ba7b-4d28-8d82-e30483d8d27f","ID":"60a958f4-aede-4691-980e-942566e0f9e3","childs":{"отдача":{"_level":1,"parentID":"60a958f4-aede-4691-980e-942566e0f9e3","firstParentID":"ad629e3f-ba7b-4d28-8d82-e30483d8d27f","ID":"b2daf62d-f6b0-48be-841f-477448501747","childs":{"оперативное":{"_level":2,"parentID":"b2daf62d-f6b0-48be-841f-477448501747","firstParentID":"ad629e3f-ba7b-4d28-8d82-e30483d8d27f","ID":"f8c525b1-5587-4689-90f3-2b7b22bff044","childs":null,"emcosID":null,"emcosMLID":null,"codMaketTEP":null,"codTEP":null,"WSName":"PS","rangeAddress":"$AQ$185:$AQ$221","headAddress":"$AQ$185","bodyAddress":"$AQ$186:$AQ$221","_name":"оперативное"}},"emcosID":null,"emcosMLID":null,"codMaketTEP":null,"codTEP":null,"WSName":"PS","rangeAddress":"$AQ$184:$AQ$221","headAddress":"$AQ$184","bodyAddress":"$AQ$185:$AQ$221","_name":"отдача"}},"emcosID":null,"emcosMLID":null,"codMaketTEP":null,"codTEP":null,"WSName":"PS","rangeAddress":"$AQ$183:$AQ$221","headAddress":"$AQ$183","bodyAddress":"$AQ$184:$AQ$221","_name":"Генерация Кербулак 2"},"DB":{"_level":0,"parentID":"ad629e3f-ba7b-4d28-8d82-e30483d8d27f","firstParentID":"ad629e3f-ba7b-4d28-8d82-e30483d8d27f","ID":"0a933a0a-c55c-434b-8766-9ffb513cca72","childs":{"отдача":{"_level":1,"parentID":"0a933a0a-c55c-434b-8766-9ffb513cca72","firstParentID":"ad629e3f-ba7b-4d28-8d82-e30483d8d27f","ID":"9d27ec81-a239-4a7d-9e8f-f8e2a00595a5","childs":{"код":{"_level":2,"parentID":"9d27ec81-a239-4a7d-9e8f-f8e2a00595a5","firstParentID":"ad629e3f-ba7b-4d28-8d82-e30483d8d27f","ID":"3bdec9fa-f7a6-4687-897c-728e2fa150eb","childs":null,"emcosID":null,"emcosMLID":null,"codMaketTEP":null,"codTEP":null,"WSName":"DB","rangeAddress":"$EY$181:$EY$218","headAddress":"$EY$181","bodyAddress":"$EY$182:$EY$218","_name":"код"},"основное":{"_level":2,"parentID":"9d27ec81-a239-4a7d-9e8f-f8e2a00595a5","firstParentID":"ad629e3f-ba7b-4d28-8d82-e30483d8d27f","ID":"8f45482d-c6f0-4217-ac4a-0335aaac63e2","childs":null,"emcosID":null,"emcosMLID":null,"codMaketTEP":null,"codTEP":null,"WSName":"DB","rangeAddress":"$EZ$181:$EZ$218","headAddress":"$EZ$181","bodyAddress":"$EZ$182:$EZ$218","_name":"основное"},"корректировка факт":{"_level":2,"parentID":"9d27ec81-a239-4a7d-9e8f-f8e2a00595a5","firstParentID":"ad629e3f-ba7b-4d28-8d82-e30483d8d27f","ID":"fa748c6e-68d7-4d69-9cc3-764c414fcbd5","childs":null,"emcosID":null,"emcosMLID":null,"codMaketTEP":null,"codTEP":null,"WSName":"DB","rangeAddress":"$FA$181:$FA$218","headAddress":"$FA$181","bodyAddress":"$FA$182:$FA$218","_name":"корректировка факт"},"ручное":{"_level":2,"parentID":"9d27ec81-a239-4a7d-9e8f-f8e2a00595a5","firstParentID":"ad629e3f-ba7b-4d28-8d82-e30483d8d27f","ID":"9c23ac69-8dcd-4eb8-895c-d34e4c817827","childs":null,"emcosID":null,"emcosMLID":null,"codMaketTEP":null,"codTEP":null,"WSName":"DB","rangeAddress":"$FB$181:$FB$218","headAddress":"$FB$181","bodyAddress":"$FB$182:$FB$218","_name":"ручное"},"оперативное":{"_level":2,"parentID":"9d27ec81-a239-4a7d-9e8f-f8e2a00595a5","firstParentID":"ad629e3f-ba7b-4d28-8d82-e30483d8d27f","ID":"11c27419-9fee-4c91-906d-667c4c0b872e","childs":null,"emcosID":null,"emcosMLID":null,"codMaketTEP":null,"codTEP":null,"WSName":"DB","rangeAddress":"$FC$181:$FC$218","headAddress":"$FC$181","bodyAddress":"$FC$182:$FC$218","_name":"оперативное"}},"emcosID":null,"emcosMLID":null,"codMaketTEP":null,"codTEP":null,"WSName":"DB","rangeAddress":"$EY$180:$FC$218","headAddress":"$EY$180:$FC$180","bodyAddress":"$EY$181:$FC$218","_name":"отдача"}},"emcosID":null,"emcosMLID":null,"codMaketTEP":null,"codTEP":null,"WSName":"DB","rangeAddress":"$EY$179:$FC$218","headAddress":"$EY$179:$FC$179","bodyAddress":"$EY$180:$FC$218","_name":"Генерация Кербулак 2"}},"codPlan":null,"meterCoef":null,"_name":"Генерация Кербулак 2"}