{"ID":"afb277bb-15d3-4cb0-94ea-551d283bbea3","childs":{"PS":{"_level":0,"parentID":"afb277bb-15d3-4cb0-94ea-551d283bbea3","firstParentID":"afb277bb-15d3-4cb0-94ea-551d283bbea3","ID":"dd817bb2-8172-488b-9ecf-83dcac9c0248","childs":{"прием":{"_level":1,"parentID":"dd817bb2-8172-488b-9ecf-83dcac9c0248","firstParentID":"afb277bb-15d3-4cb0-94ea-551d283bbea3","ID":"c97db657-4911-497c-bffb-4c7490899014","childs":{"формула":{"_level":2,"parentID":"c97db657-4911-497c-bffb-4c7490899014","firstParentID":"afb277bb-15d3-4cb0-94ea-551d283bbea3","ID":"e1e67aa8-0594-43c7-8460-80e758579152","childs":null,"emcosID":null,"emcosMLID":null,"codMaketTEP":null,"codTEP":null,"WSName":"PS","rangeAddress":"$BB$185:$BB$221","headAddress":"$BB$185","bodyAddress":"$BB$186:$BB$221","_name":"формула"}},"emcosID":null,"emcosMLID":null,"codMaketTEP":null,"codTEP":null,"WSName":"PS","rangeAddress":"$BB$184:$BB$221","headAddress":"$BB$184","bodyAddress":"$BB$185:$BB$221","_name":"прием"}},"emcosID":null,"emcosMLID":null,"codMaketTEP":null,"codTEP":null,"WSName":"PS","rangeAddress":"$BB$183:$BB$221","headAddress":"$BB$183","bodyAddress":"$BB$184:$BB$221","_name":"Потребление Компания Эрго Алматы"},"DB":{"_level":0,"parentID":"afb277bb-15d3-4cb0-94ea-551d283bbea3","firstParentID":"afb277bb-15d3-4cb0-94ea-551d283bbea3","ID":"a16fcb9d-257b-4e67-8548-17f3ec193399","childs":{"прием":{"_level":1,"parentID":"a16fcb9d-257b-4e67-8548-17f3ec193399","firstParentID":"afb277bb-15d3-4cb0-94ea-551d283bbea3","ID":"6e78f5ae-412d-4735-a25e-fee5faf235e5","childs":{"код":{"_level":2,"parentID":"6e78f5ae-412d-4735-a25e-fee5faf235e5","firstParentID":"afb277bb-15d3-4cb0-94ea-551d283bbea3","ID":"4f8782ce-b115-411d-92c1-07b11e64d660","childs":null,"emcosID":null,"emcosMLID":null,"codMaketTEP":null,"codTEP":null,"WSName":"DB","rangeAddress":"$DL$439:$DL$476","headAddress":"$DL$439","bodyAddress":"$DL$440:$DL$476","_name":"код"},"основное":{"_level":2,"parentID":"6e78f5ae-412d-4735-a25e-fee5faf235e5","firstParentID":"afb277bb-15d3-4cb0-94ea-551d283bbea3","ID":"929ae1f2-51a5-4f64-aff3-d6df3502f07a","childs":null,"emcosID":null,"emcosMLID":null,"codMaketTEP":null,"codTEP":null,"WSName":"DB","rangeAddress":"$DM$439:$DM$476","headAddress":"$DM$439","bodyAddress":"$DM$440:$DM$476","_name":"основное"},"корректировка факт":{"_level":2,"parentID":"6e78f5ae-412d-4735-a25e-fee5faf235e5","firstParentID":"afb277bb-15d3-4cb0-94ea-551d283bbea3","ID":"08e0f89f-07ba-47ca-a96a-83f18970b947","childs":null,"emcosID":null,"emcosMLID":null,"codMaketTEP":null,"codTEP":null,"WSName":"DB","rangeAddress":"$DN$439:$DN$476","headAddress":"$DN$439","bodyAddress":"$DN$440:$DN$476","_name":"корректировка факт"},"ручное":{"_level":2,"parentID":"6e78f5ae-412d-4735-a25e-fee5faf235e5","firstParentID":"afb277bb-15d3-4cb0-94ea-551d283bbea3","ID":"a0bbc9b3-55d6-445a-a47c-e04f35b78772","childs":null,"emcosID":null,"emcosMLID":null,"codMaketTEP":null,"codTEP":null,"WSName":"DB","rangeAddress":"$DO$439:$DO$476","headAddress":"$DO$439","bodyAddress":"$DO$440:$DO$476","_name":"ручное"},"формула":{"_level":2,"parentID":"6e78f5ae-412d-4735-a25e-fee5faf235e5","firstParentID":"afb277bb-15d3-4cb0-94ea-551d283bbea3","ID":"4e15e93d-f2b4-4916-b7e2-bc1f8350498a","childs":null,"emcosID":null,"emcosMLID":null,"codMaketTEP":null,"codTEP":null,"WSName":"DB","rangeAddress":"$DP$439:$DP$476","headAddress":"$DP$439","bodyAddress":"$DP$440:$DP$476","_name":"формула"}},"emcosID":null,"emcosMLID":null,"codMaketTEP":null,"codTEP":null,"WSName":"DB","rangeAddress":"$DL$438:$DP$476","headAddress":"$DL$438:$DP$438","bodyAddress":"$DL$439:$DP$476","_name":"прием"}},"emcosID":null,"emcosMLID":null,"codMaketTEP":null,"codTEP":null,"WSName":"DB","rangeAddress":"$DL$437:$DP$476","headAddress":"$DL$437:$DP$437","bodyAddress":"$DL$438:$DP$476","_name":"Потребление Компания Эрго Алматы"}},"codPlan":null,"meterCoef":null,"_name":"Потребление Компания Эрго Алматы"}