{"ID":"b1513d3e-a610-44c4-abd0-ac752c4fd87d","childs":{"PS":{"_level":0,"parentID":"b1513d3e-a610-44c4-abd0-ac752c4fd87d","firstParentID":"b1513d3e-a610-44c4-abd0-ac752c4fd87d","ID":"5094d66e-c51d-4c08-9330-ddb5592469e7","childs":{"прием":{"_level":1,"parentID":"5094d66e-c51d-4c08-9330-ddb5592469e7","firstParentID":"b1513d3e-a610-44c4-abd0-ac752c4fd87d","ID":"6283e976-5d96-413a-984c-483423b9970a","childs":{"оперативное":{"_level":2,"parentID":"6283e976-5d96-413a-984c-483423b9970a","firstParentID":"b1513d3e-a610-44c4-abd0-ac752c4fd87d","ID":"a5aa308e-c4ad-45f1-9207-a0de7791515e","childs":null,"emcosID":null,"emcosMLID":null,"codMaketTEP":null,"codTEP":null,"WSName":"PS","rangeAddress":"$IA$99:$IA$135","headAddress":"$IA$99","bodyAddress":"$IA$100:$IA$135","_name":"оперативное"}},"emcosID":null,"emcosMLID":null,"codMaketTEP":null,"codTEP":null,"WSName":"PS","rangeAddress":"$IA$98:$IA$135","headAddress":"$IA$98","bodyAddress":"$IA$99:$IA$135","_name":"прием"},"отдача":{"_level":1,"parentID":"5094d66e-c51d-4c08-9330-ddb5592469e7","firstParentID":"b1513d3e-a610-44c4-abd0-ac752c4fd87d","ID":"9845d191-56c4-4bcf-a431-5c2b0e7161d2","childs":{"оперативное":{"_level":2,"parentID":"9845d191-56c4-4bcf-a431-5c2b0e7161d2","firstParentID":"b1513d3e-a610-44c4-abd0-ac752c4fd87d","ID":"6b10c0eb-34f3-4b62-ab69-4b50208e8dcb","childs":null,"emcosID":null,"emcosMLID":null,"codMaketTEP":null,"codTEP":null,"WSName":"PS","rangeAddress":"$IB$99:$IB$135","headAddress":"$IB$99","bodyAddress":"$IB$100:$IB$135","_name":"оперативное"}},"emcosID":null,"emcosMLID":null,"codMaketTEP":null,"codTEP":null,"WSName":"PS","rangeAddress":"$IB$98:$IB$135","headAddress":"$IB$98","bodyAddress":"$IB$99:$IB$135","_name":"отдача"}},"emcosID":null,"emcosMLID":null,"codMaketTEP":null,"codTEP":null,"WSName":"PS","rangeAddress":"$IA$97:$IB$135","headAddress":"$IA$97:$IB$97","bodyAddress":"$IA$98:$IB$135","_name":"Л2123 КГЭС"},"DB":{"_level":0,"parentID":"b1513d3e-a610-44c4-abd0-ac752c4fd87d","firstParentID":"b1513d3e-a610-44c4-abd0-ac752c4fd87d","ID":"6338435d-253d-4f20-9d94-a4709227601a","childs":{"прием":{"_level":1,"parentID":"6338435d-253d-4f20-9d94-a4709227601a","firstParentID":"b1513d3e-a610-44c4-abd0-ac752c4fd87d","ID":"8e14af8d-a6af-4a6c-9a2c-b8d828210508","childs":{"код":{"_level":2,"parentID":"8e14af8d-a6af-4a6c-9a2c-b8d828210508","firstParentID":"b1513d3e-a610-44c4-abd0-ac752c4fd87d","ID":"8e963249-cfcd-4527-a89e-fa874b8ae30f","childs":null,"emcosID":null,"emcosMLID":null,"codMaketTEP":null,"codTEP":null,"WSName":"DB","rangeAddress":"$HW$95:$HW$132","headAddress":"$HW$95","bodyAddress":"$HW$96:$HW$132","_name":"код"},"основное":{"_level":2,"parentID":"8e14af8d-a6af-4a6c-9a2c-b8d828210508","firstParentID":"b1513d3e-a610-44c4-abd0-ac752c4fd87d","ID":"d1f0d43b-fa4c-45b2-b56e-66988c77b34a","childs":null,"emcosID":null,"emcosMLID":null,"codMaketTEP":null,"codTEP":null,"WSName":"DB","rangeAddress":"$HX$95:$HX$132","headAddress":"$HX$95","bodyAddress":"$HX$96:$HX$132","_name":"основное"},"корректировка факт":{"_level":2,"parentID":"8e14af8d-a6af-4a6c-9a2c-b8d828210508","firstParentID":"b1513d3e-a610-44c4-abd0-ac752c4fd87d","ID":"ea3ba8a4-94c4-4331-ac40-c17aa25c8f9e","childs":null,"emcosID":null,"emcosMLID":null,"codMaketTEP":null,"codTEP":null,"WSName":"DB","rangeAddress":"$HY$95:$HY$132","headAddress":"$HY$95","bodyAddress":"$HY$96:$HY$132","_name":"корректировка факт"},"ручное":{"_level":2,"parentID":"8e14af8d-a6af-4a6c-9a2c-b8d828210508","firstParentID":"b1513d3e-a610-44c4-abd0-ac752c4fd87d","ID":"bab4ec7c-f4ae-45a0-9000-d72f75211f6c","childs":null,"emcosID":null,"emcosMLID":null,"codMaketTEP":null,"codTEP":null,"WSName":"DB","rangeAddress":"$HZ$95:$HZ$132","headAddress":"$HZ$95","bodyAddress":"$HZ$96:$HZ$132","_name":"ручное"},"оперативное":{"_level":2,"parentID":"8e14af8d-a6af-4a6c-9a2c-b8d828210508","firstParentID":"b1513d3e-a610-44c4-abd0-ac752c4fd87d","ID":"bb4a6934-3219-4ef5-b167-486591fcad55","childs":null,"emcosID":null,"emcosMLID":null,"codMaketTEP":null,"codTEP":null,"WSName":"DB","rangeAddress":"$IA$95:$IA$132","headAddress":"$IA$95","bodyAddress":"$IA$96:$IA$132","_name":"оперативное"}},"emcosID":null,"emcosMLID":null,"codMaketTEP":null,"codTEP":null,"WSName":"DB","rangeAddress":"$HW$94:$IA$132","headAddress":"$HW$94:$IA$94","bodyAddress":"$HW$95:$IA$132","_name":"прием"},"отдача":{"_level":1,"parentID":"6338435d-253d-4f20-9d94-a4709227601a","firstParentID":"b1513d3e-a610-44c4-abd0-ac752c4fd87d","ID":"e1254c4b-383c-4d9a-9b22-b16dec185b46","childs":{"код":{"_level":2,"parentID":"e1254c4b-383c-4d9a-9b22-b16dec185b46","firstParentID":"b1513d3e-a610-44c4-abd0-ac752c4fd87d","ID":"1210dce7-d993-45e2-b242-68fb9afdd3de","childs":null,"emcosID":null,"emcosMLID":null,"codMaketTEP":null,"codTEP":null,"WSName":"DB","rangeAddress":"$IB$95:$IB$132","headAddress":"$IB$95","bodyAddress":"$IB$96:$IB$132","_name":"код"},"основное":{"_level":2,"parentID":"e1254c4b-383c-4d9a-9b22-b16dec185b46","firstParentID":"b1513d3e-a610-44c4-abd0-ac752c4fd87d","ID":"537e76bf-ef31-44ac-92c5-9d483a47f282","childs":null,"emcosID":null,"emcosMLID":null,"codMaketTEP":null,"codTEP":null,"WSName":"DB","rangeAddress":"$IC$95:$IC$132","headAddress":"$IC$95","bodyAddress":"$IC$96:$IC$132","_name":"основное"},"корректировка факт":{"_level":2,"parentID":"e1254c4b-383c-4d9a-9b22-b16dec185b46","firstParentID":"b1513d3e-a610-44c4-abd0-ac752c4fd87d","ID":"deb34c28-0af4-4238-9281-040a752fa9dd","childs":null,"emcosID":null,"emcosMLID":null,"codMaketTEP":null,"codTEP":null,"WSName":"DB","rangeAddress":"$ID$95:$ID$132","headAddress":"$ID$95","bodyAddress":"$ID$96:$ID$132","_name":"корректировка факт"},"ручное":{"_level":2,"parentID":"e1254c4b-383c-4d9a-9b22-b16dec185b46","firstParentID":"b1513d3e-a610-44c4-abd0-ac752c4fd87d","ID":"448de11b-a525-47e6-81d7-b37ef0018452","childs":null,"emcosID":null,"emcosMLID":null,"codMaketTEP":null,"codTEP":null,"WSName":"DB","rangeAddress":"$IE$95:$IE$132","headAddress":"$IE$95","bodyAddress":"$IE$96:$IE$132","_name":"ручное"},"оперативное":{"_level":2,"parentID":"e1254c4b-383c-4d9a-9b22-b16dec185b46","firstParentID":"b1513d3e-a610-44c4-abd0-ac752c4fd87d","ID":"c42263b8-f473-463a-8f31-0b7af335a2a0","childs":null,"emcosID":null,"emcosMLID":null,"codMaketTEP":null,"codTEP":null,"WSName":"DB","rangeAddress":"$IF$95:$IF$132","headAddress":"$IF$95","bodyAddress":"$IF$96:$IF$132","_name":"оперативное"}},"emcosID":null,"emcosMLID":null,"codMaketTEP":null,"codTEP":null,"WSName":"DB","rangeAddress":"$IB$94:$IF$132","headAddress":"$IB$94:$IF$94","bodyAddress":"$IB$95:$IF$132","_name":"отдача"}},"emcosID":null,"emcosMLID":null,"codMaketTEP":null,"codTEP":null,"WSName":"DB","rangeAddress":"$HW$93:$IF$132","headAddress":"$HW$93:$IF$93","bodyAddress":"$HW$94:$IF$132","_name":"Л2123 КГЭС"}},"codPlan":null,"meterCoef":null,"_name":"Л2123 КГЭС"}