{"ID":"b1d4bc0e-d770-49ad-ab51-5ace981dcf2f","childs":{"PS":{"_level":0,"parentID":"b1d4bc0e-d770-49ad-ab51-5ace981dcf2f","firstParentID":"b1d4bc0e-d770-49ad-ab51-5ace981dcf2f","ID":"a9be7cef-5162-4a30-975a-a2e24554a75f","childs":{"отдача":{"_level":1,"parentID":"a9be7cef-5162-4a30-975a-a2e24554a75f","firstParentID":"b1d4bc0e-d770-49ad-ab51-5ace981dcf2f","ID":"1d0720cd-5e8a-4323-b044-dbdcf5b2e7ed","childs":{"ручное":{"_level":2,"parentID":"1d0720cd-5e8a-4323-b044-dbdcf5b2e7ed","firstParentID":"b1d4bc0e-d770-49ad-ab51-5ace981dcf2f","ID":"e0de5c46-580f-4a05-9849-9ff0155f5edb","childs":null,"emcosID":null,"emcosMLID":null,"codMaketTEP":null,"codTEP":null,"WSName":"PS","rangeAddress":"$BJ$228:$BJ$264","headAddress":"$BJ$228","bodyAddress":"$BJ$229:$BJ$264","_name":"ручное"}},"emcosID":null,"emcosMLID":null,"codMaketTEP":null,"codTEP":null,"WSName":"PS","rangeAddress":"$BJ$227:$BJ$264","headAddress":"$BJ$227","bodyAddress":"$BJ$228:$BJ$264","_name":"отдача"}},"emcosID":null,"emcosMLID":null,"codMaketTEP":null,"codTEP":null,"WSName":"PS","rangeAddress":"$BJ$226:$BJ$264","headAddress":"$BJ$226","bodyAddress":"$BJ$227:$BJ$264","_name":"Генерация Чижинская ГЭС"},"DB":{"_level":0,"parentID":"b1d4bc0e-d770-49ad-ab51-5ace981dcf2f","firstParentID":"b1d4bc0e-d770-49ad-ab51-5ace981dcf2f","ID":"cca4892e-3286-4988-9255-f05f466aa894","childs":{"отдача":{"_level":1,"parentID":"cca4892e-3286-4988-9255-f05f466aa894","firstParentID":"b1d4bc0e-d770-49ad-ab51-5ace981dcf2f","ID":"598a71cc-e6b9-49cc-a4c3-4c6b6960ebf1","childs":{"код":{"_level":2,"parentID":"598a71cc-e6b9-49cc-a4c3-4c6b6960ebf1","firstParentID":"b1d4bc0e-d770-49ad-ab51-5ace981dcf2f","ID":"0a4ad0b2-c6bd-44fc-bc93-609fb5973b34","childs":null,"emcosID":null,"emcosMLID":null,"codMaketTEP":null,"codTEP":null,"WSName":"DB","rangeAddress":"$BY$482:$BY$519","headAddress":"$BY$482","bodyAddress":"$BY$483:$BY$519","_name":"код"},"основное":{"_level":2,"parentID":"598a71cc-e6b9-49cc-a4c3-4c6b6960ebf1","firstParentID":"b1d4bc0e-d770-49ad-ab51-5ace981dcf2f","ID":"0ec8f60f-193d-42a6-af8c-3143ab009d52","childs":null,"emcosID":null,"emcosMLID":null,"codMaketTEP":null,"codTEP":null,"WSName":"DB","rangeAddress":"$BZ$482:$BZ$519","headAddress":"$BZ$482","bodyAddress":"$BZ$483:$BZ$519","_name":"основное"},"корректировка факт":{"_level":2,"parentID":"598a71cc-e6b9-49cc-a4c3-4c6b6960ebf1","firstParentID":"b1d4bc0e-d770-49ad-ab51-5ace981dcf2f","ID":"8b404c2a-e449-425d-9733-8aa7592ef177","childs":null,"emcosID":null,"emcosMLID":null,"codMaketTEP":null,"codTEP":null,"WSName":"DB","rangeAddress":"$CA$482:$CA$519","headAddress":"$CA$482","bodyAddress":"$CA$483:$CA$519","_name":"корректировка факт"},"ручное":{"_level":2,"parentID":"598a71cc-e6b9-49cc-a4c3-4c6b6960ebf1","firstParentID":"b1d4bc0e-d770-49ad-ab51-5ace981dcf2f","ID":"88e52226-89b9-43da-9bd6-ef0edb1fc449","childs":null,"emcosID":null,"emcosMLID":null,"codMaketTEP":null,"codTEP":null,"WSName":"DB","rangeAddress":"$CB$482:$CB$519","headAddress":"$CB$482","bodyAddress":"$CB$483:$CB$519","_name":"ручное"}},"emcosID":null,"emcosMLID":null,"codMaketTEP":null,"codTEP":null,"WSName":"DB","rangeAddress":"$BY$481:$CB$519","headAddress":"$BY$481:$CB$481","bodyAddress":"$BY$482:$CB$519","_name":"отдача"}},"emcosID":null,"emcosMLID":null,"codMaketTEP":null,"codTEP":null,"WSName":"DB","rangeAddress":"$BY$480:$CB$519","headAddress":"$BY$480:$CB$480","bodyAddress":"$BY$481:$CB$519","_name":"Генерация Чижинская ГЭС"}},"codPlan":null,"meterCoef":null,"_name":"Генерация Чижинская ГЭС"}