{"ID":"b3844add-67f1-44d4-a3cc-42f2876a11df","childs":{"PS":{"_level":0,"parentID":"b3844add-67f1-44d4-a3cc-42f2876a11df","firstParentID":"b3844add-67f1-44d4-a3cc-42f2876a11df","ID":"a39db641-6c2e-491f-a468-702f41f9f725","childs":{"прием":{"_level":1,"parentID":"a39db641-6c2e-491f-a468-702f41f9f725","firstParentID":"b3844add-67f1-44d4-a3cc-42f2876a11df","ID":"87ab65cc-963a-4bb3-8252-0f0d416c0793","childs":{"ручное":{"_level":2,"parentID":"87ab65cc-963a-4bb3-8252-0f0d416c0793","firstParentID":"b3844add-67f1-44d4-a3cc-42f2876a11df","ID":"d05f1f33-6a4b-46fe-8a7a-2f1bdf41b424","childs":null,"emcosID":null,"emcosMLID":null,"codMaketTEP":null,"codTEP":null,"WSName":"PS","rangeAddress":"$F$228:$F$264","headAddress":"$F$228","bodyAddress":"$F$229:$F$264","_name":"ручное"}},"emcosID":null,"emcosMLID":null,"codMaketTEP":null,"codTEP":null,"WSName":"PS","rangeAddress":"$F$227:$F$264","headAddress":"$F$227","bodyAddress":"$F$228:$F$264","_name":"прием"},"план":{"_level":1,"parentID":"a39db641-6c2e-491f-a468-702f41f9f725","firstParentID":"b3844add-67f1-44d4-a3cc-42f2876a11df","ID":"e03b18cf-eb0e-4584-910c-c2a2ada62ee0","childs":{"заявка":{"_level":2,"parentID":"e03b18cf-eb0e-4584-910c-c2a2ada62ee0","firstParentID":"b3844add-67f1-44d4-a3cc-42f2876a11df","ID":"995fce72-2711-43e5-90d9-23e72b560ef7","childs":null,"emcosID":null,"emcosMLID":null,"codMaketTEP":null,"codTEP":null,"WSName":"PS","rangeAddress":"$G$228:$G$264","headAddress":"$G$228","bodyAddress":"$G$229:$G$264","_name":"заявка"}},"emcosID":null,"emcosMLID":null,"codMaketTEP":null,"codTEP":null,"WSName":"PS","rangeAddress":"$G$227:$G$264","headAddress":"$G$227","bodyAddress":"$G$228:$G$264","_name":"план"}},"emcosID":null,"emcosMLID":null,"codMaketTEP":null,"codTEP":null,"WSName":"PS","rangeAddress":"$F$226:$G$264","headAddress":"$F$226:$G$226","bodyAddress":"$F$227:$G$264","_name":"Потребление Жетысу Энерго Трейд ЖЭТ"},"DB":{"_level":0,"parentID":"b3844add-67f1-44d4-a3cc-42f2876a11df","firstParentID":"b3844add-67f1-44d4-a3cc-42f2876a11df","ID":"ed6b95cb-ca40-4fd3-ba4b-de4358998f3b","childs":{"прием":{"_level":1,"parentID":"ed6b95cb-ca40-4fd3-ba4b-de4358998f3b","firstParentID":"b3844add-67f1-44d4-a3cc-42f2876a11df","ID":"7842b212-8199-4e7d-ad83-0a1e9aa8ddb1","childs":{"код":{"_level":2,"parentID":"7842b212-8199-4e7d-ad83-0a1e9aa8ddb1","firstParentID":"b3844add-67f1-44d4-a3cc-42f2876a11df","ID":"1cb4a92f-bcc4-4300-9d5e-0819d5e30190","childs":null,"emcosID":null,"emcosMLID":null,"codMaketTEP":null,"codTEP":null,"WSName":"DB","rangeAddress":"$GJ$396:$GJ$433","headAddress":"$GJ$396","bodyAddress":"$GJ$397:$GJ$433","_name":"код"},"основное":{"_level":2,"parentID":"7842b212-8199-4e7d-ad83-0a1e9aa8ddb1","firstParentID":"b3844add-67f1-44d4-a3cc-42f2876a11df","ID":"845ee718-d0bf-45e3-8175-be23b3d5e003","childs":null,"emcosID":null,"emcosMLID":null,"codMaketTEP":null,"codTEP":null,"WSName":"DB","rangeAddress":"$GK$396:$GK$433","headAddress":"$GK$396","bodyAddress":"$GK$397:$GK$433","_name":"основное"},"корректировка факт":{"_level":2,"parentID":"7842b212-8199-4e7d-ad83-0a1e9aa8ddb1","firstParentID":"b3844add-67f1-44d4-a3cc-42f2876a11df","ID":"60477cd5-6ee8-44b1-8489-a3efc085d176","childs":null,"emcosID":null,"emcosMLID":null,"codMaketTEP":null,"codTEP":null,"WSName":"DB","rangeAddress":"$GL$396:$GL$433","headAddress":"$GL$396","bodyAddress":"$GL$397:$GL$433","_name":"корректировка факт"},"ручное":{"_level":2,"parentID":"7842b212-8199-4e7d-ad83-0a1e9aa8ddb1","firstParentID":"b3844add-67f1-44d4-a3cc-42f2876a11df","ID":"b310bcc2-9eb8-4a48-91b8-390f416dc02e","childs":null,"emcosID":null,"emcosMLID":null,"codMaketTEP":null,"codTEP":null,"WSName":"DB","rangeAddress":"$GM$396:$GM$433","headAddress":"$GM$396","bodyAddress":"$GM$397:$GM$433","_name":"ручное"},"оперативное":{"_level":2,"parentID":"7842b212-8199-4e7d-ad83-0a1e9aa8ddb1","firstParentID":"b3844add-67f1-44d4-a3cc-42f2876a11df","ID":"2befb6dc-525f-424c-a5f2-e95ad931507c","childs":null,"emcosID":null,"emcosMLID":null,"codMaketTEP":null,"codTEP":null,"WSName":"DB","rangeAddress":"$GN$396:$GN$433","headAddress":"$GN$396","bodyAddress":"$GN$397:$GN$433","_name":"оперативное"},"по плану":{"_level":2,"parentID":"7842b212-8199-4e7d-ad83-0a1e9aa8ddb1","firstParentID":"b3844add-67f1-44d4-a3cc-42f2876a11df","ID":"ea9acc71-c64d-4bde-ba37-79ecc900a471","childs":null,"emcosID":null,"emcosMLID":null,"codMaketTEP":null,"codTEP":null,"WSName":"DB","rangeAddress":"$GO$396:$GO$433","headAddress":"$GO$396","bodyAddress":"$GO$397:$GO$433","_name":"по плану"}},"emcosID":null,"emcosMLID":null,"codMaketTEP":null,"codTEP":null,"WSName":"DB","rangeAddress":"$GJ$395:$GO$433","headAddress":"$GJ$395:$GO$395","bodyAddress":"$GJ$396:$GO$433","_name":"прием"},"план":{"_level":1,"parentID":"ed6b95cb-ca40-4fd3-ba4b-de4358998f3b","firstParentID":"b3844add-67f1-44d4-a3cc-42f2876a11df","ID":"cc033d50-5b7b-4406-b9ad-e84205743005","childs":{"код":{"_level":2,"parentID":"cc033d50-5b7b-4406-b9ad-e84205743005","firstParentID":"b3844add-67f1-44d4-a3cc-42f2876a11df","ID":"aaeb6894-3a91-4f67-abca-d6887e6e2959","childs":null,"emcosID":null,"emcosMLID":null,"codMaketTEP":null,"codTEP":null,"WSName":"DB","rangeAddress":"$GP$396:$GP$433","headAddress":"$GP$396","bodyAddress":"$GP$397:$GP$433","_name":"код"},"основное":{"_level":2,"parentID":"cc033d50-5b7b-4406-b9ad-e84205743005","firstParentID":"b3844add-67f1-44d4-a3cc-42f2876a11df","ID":"78ef142a-4afd-4aa7-b2e3-47b5c371b918","childs":null,"emcosID":null,"emcosMLID":null,"codMaketTEP":null,"codTEP":null,"WSName":"DB","rangeAddress":"$GQ$396:$GQ$433","headAddress":"$GQ$396","bodyAddress":"$GQ$397:$GQ$433","_name":"основное"},"заявка":{"_level":2,"parentID":"cc033d50-5b7b-4406-b9ad-e84205743005","firstParentID":"b3844add-67f1-44d4-a3cc-42f2876a11df","ID":"7a44131c-ef41-40e7-b84c-ea225de01158","childs":null,"emcosID":null,"emcosMLID":null,"codMaketTEP":null,"codTEP":null,"WSName":"DB","rangeAddress":"$GR$396:$GR$433","headAddress":"$GR$396","bodyAddress":"$GR$397:$GR$433","_name":"заявка"},"утвержденный":{"_level":2,"parentID":"cc033d50-5b7b-4406-b9ad-e84205743005","firstParentID":"b3844add-67f1-44d4-a3cc-42f2876a11df","ID":"add5f069-d9cf-4408-9af2-3fc06a74e80b","childs":null,"emcosID":null,"emcosMLID":null,"codMaketTEP":null,"codTEP":null,"WSName":"DB","rangeAddress":"$GS$396:$GS$433","headAddress":"$GS$396","bodyAddress":"$GS$397:$GS$433","_name":"утвержденный"},"корректировка":{"_level":2,"parentID":"cc033d50-5b7b-4406-b9ad-e84205743005","firstParentID":"b3844add-67f1-44d4-a3cc-42f2876a11df","ID":"8067b226-5e0d-4284-81b3-1602e49efe75","childs":null,"emcosID":null,"emcosMLID":null,"codMaketTEP":null,"codTEP":null,"WSName":"DB","rangeAddress":"$GT$396:$GT$433","headAddress":"$GT$396","bodyAddress":"$GT$397:$GT$433","_name":"корректировка"}},"emcosID":null,"emcosMLID":null,"codMaketTEP":null,"codTEP":null,"WSName":"DB","rangeAddress":"$GP$395:$GT$433","headAddress":"$GP$395:$GT$395","bodyAddress":"$GP$396:$GT$433","_name":"план"}},"emcosID":null,"emcosMLID":null,"codMaketTEP":null,"codTEP":null,"WSName":"DB","rangeAddress":"$GJ$394:$GT$433","headAddress":"$GJ$394:$GT$394","bodyAddress":"$GJ$395:$GT$433","_name":"Потребление Жетысу Энерго Трейд ЖЭТ"}},"codPlan":26,"meterCoef":null,"_name":"Потребление Жетысу Энерго Трейд ЖЭТ"}