{"ID":"b3c60caf-a6a2-4e83-809e-505c2e039617","childs":{"PS":{"_level":0,"parentID":"b3c60caf-a6a2-4e83-809e-505c2e039617","firstParentID":"b3c60caf-a6a2-4e83-809e-505c2e039617","ID":"5dd9d5c6-fc53-435a-a627-0ab76fbcc9e2","childs":{"отдача":{"_level":1,"parentID":"5dd9d5c6-fc53-435a-a627-0ab76fbcc9e2","firstParentID":"b3c60caf-a6a2-4e83-809e-505c2e039617","ID":"4c7e6bee-b6d1-4284-b976-dd3c56d05b60","childs":{"по счетчику":{"_level":2,"parentID":"4c7e6bee-b6d1-4284-b976-dd3c56d05b60","firstParentID":"b3c60caf-a6a2-4e83-809e-505c2e039617","ID":"2197980b-0afb-4919-9808-3859f4004df8","childs":null,"emcosID":null,"emcosMLID":null,"codMaketTEP":null,"codTEP":null,"WSName":"PS","rangeAddress":"$CF$56:$CF$92","headAddress":"$CF$56","bodyAddress":"$CF$57:$CF$92","_name":"по счетчику"},"СЧЕТЧИК":{"_level":2,"parentID":"4c7e6bee-b6d1-4284-b976-dd3c56d05b60","firstParentID":"b3c60caf-a6a2-4e83-809e-505c2e039617","ID":"3e36b77f-4bbd-4131-8e7e-53271ab5d424","childs":null,"emcosID":null,"emcosMLID":null,"codMaketTEP":null,"codTEP":null,"WSName":"PS","rangeAddress":"$CG$56:$CG$92","headAddress":"$CG$56","bodyAddress":"$CG$57:$CG$92","_name":"СЧЕТЧИК"}},"emcosID":null,"emcosMLID":null,"codMaketTEP":null,"codTEP":null,"WSName":"PS","rangeAddress":"$CF$55:$CG$92","headAddress":"$CF$55:$CG$55","bodyAddress":"$CF$56:$CG$92","_name":"отдача"}},"emcosID":null,"emcosMLID":null,"codMaketTEP":null,"codTEP":null,"WSName":"PS","rangeAddress":"$CF$54:$CG$92","headAddress":"$CF$54:$CG$54","bodyAddress":"$CF$55:$CG$92","_name":"Л134А Шу"},"DB":{"_level":0,"parentID":"b3c60caf-a6a2-4e83-809e-505c2e039617","firstParentID":"b3c60caf-a6a2-4e83-809e-505c2e039617","ID":"ebfc7275-bbc1-4dd8-b8d3-ac402e3c618e","childs":{"отдача":{"_level":1,"parentID":"ebfc7275-bbc1-4dd8-b8d3-ac402e3c618e","firstParentID":"b3c60caf-a6a2-4e83-809e-505c2e039617","ID":"d8a7cfbc-255b-4048-aeb3-e63e51150ebc","childs":{"код":{"_level":2,"parentID":"d8a7cfbc-255b-4048-aeb3-e63e51150ebc","firstParentID":"b3c60caf-a6a2-4e83-809e-505c2e039617","ID":"6fa95a11-f694-4ec2-ab0d-55d71095af66","childs":null,"emcosID":null,"emcosMLID":null,"codMaketTEP":null,"codTEP":null,"WSName":"DB","rangeAddress":"$JC$267:$JC$304","headAddress":"$JC$267","bodyAddress":"$JC$268:$JC$304","_name":"код"},"основное":{"_level":2,"parentID":"d8a7cfbc-255b-4048-aeb3-e63e51150ebc","firstParentID":"b3c60caf-a6a2-4e83-809e-505c2e039617","ID":"adf63611-30f5-43eb-8471-08e996551e68","childs":null,"emcosID":null,"emcosMLID":null,"codMaketTEP":null,"codTEP":null,"WSName":"DB","rangeAddress":"$JD$267:$JD$304","headAddress":"$JD$267","bodyAddress":"$JD$268:$JD$304","_name":"основное"},"корректировка факт":{"_level":2,"parentID":"d8a7cfbc-255b-4048-aeb3-e63e51150ebc","firstParentID":"b3c60caf-a6a2-4e83-809e-505c2e039617","ID":"b90ae950-fbce-4d1c-af5e-7fe9687ce4da","childs":null,"emcosID":null,"emcosMLID":null,"codMaketTEP":null,"codTEP":null,"WSName":"DB","rangeAddress":"$JE$267:$JE$304","headAddress":"$JE$267","bodyAddress":"$JE$268:$JE$304","_name":"корректировка факт"},"ручное":{"_level":2,"parentID":"d8a7cfbc-255b-4048-aeb3-e63e51150ebc","firstParentID":"b3c60caf-a6a2-4e83-809e-505c2e039617","ID":"b2dd3691-fc77-418e-a5dc-44c6b722a045","childs":null,"emcosID":null,"emcosMLID":null,"codMaketTEP":null,"codTEP":null,"WSName":"DB","rangeAddress":"$JF$267:$JF$304","headAddress":"$JF$267","bodyAddress":"$JF$268:$JF$304","_name":"ручное"},"счетчик":{"_level":2,"parentID":"d8a7cfbc-255b-4048-aeb3-e63e51150ebc","firstParentID":"b3c60caf-a6a2-4e83-809e-505c2e039617","ID":"973c30b7-2693-46f7-8833-dcaa2fbb32af","childs":null,"emcosID":null,"emcosMLID":null,"codMaketTEP":null,"codTEP":null,"WSName":"DB","rangeAddress":"$JG$267:$JG$304","headAddress":"$JG$267","bodyAddress":"$JG$268:$JG$304","_name":"счетчик"},"по счетчику":{"_level":2,"parentID":"d8a7cfbc-255b-4048-aeb3-e63e51150ebc","firstParentID":"b3c60caf-a6a2-4e83-809e-505c2e039617","ID":"865370da-8d5f-4661-88f7-b25bd05e1bf1","childs":null,"emcosID":null,"emcosMLID":null,"codMaketTEP":null,"codTEP":null,"WSName":"DB","rangeAddress":"$JH$267:$JH$304","headAddress":"$JH$267","bodyAddress":"$JH$268:$JH$304","_name":"по счетчику"}},"emcosID":null,"emcosMLID":null,"codMaketTEP":null,"codTEP":null,"WSName":"DB","rangeAddress":"$JC$266:$JH$304","headAddress":"$JC$266:$JH$266","bodyAddress":"$JC$267:$JH$304","_name":"отдача"}},"emcosID":null,"emcosMLID":null,"codMaketTEP":null,"codTEP":null,"WSName":"DB","rangeAddress":"$JC$265:$JH$304","headAddress":"$JC$265:$JH$265","bodyAddress":"$JC$266:$JH$304","_name":"Л134А Шу"}},"codPlan":null,"meterCoef":"132","_name":"Л134А Шу"}