{"ID":"b3c60caf-a6a2-4e83-809e-505c2e039617","childs":{"PS":{"_level":0,"parentID":"b3c60caf-a6a2-4e83-809e-505c2e039617","firstParentID":"b3c60caf-a6a2-4e83-809e-505c2e039617","ID":"5dd9d5c6-fc53-435a-a627-0ab76fbcc9e2","childs":{"прием":{"_level":1,"parentID":"5dd9d5c6-fc53-435a-a627-0ab76fbcc9e2","firstParentID":"b3c60caf-a6a2-4e83-809e-505c2e039617","ID":"1698c4c9-7904-40f4-a15e-d791072fe446","childs":{"по счетчику":{"_level":2,"parentID":"1698c4c9-7904-40f4-a15e-d791072fe446","firstParentID":"b3c60caf-a6a2-4e83-809e-505c2e039617","ID":"8de18365-6755-4f54-840f-c2a1e0f54ccd","childs":null,"emcosID":null,"emcosMLID":null,"codMaketTEP":null,"codTEP":null,"WSName":"PS","rangeAddress":"$BY$56:$BY$92","headAddress":"$BY$56","bodyAddress":"$BY$57:$BY$92","_name":"по счетчику"},"СЧЕТЧИК":{"_level":2,"parentID":"1698c4c9-7904-40f4-a15e-d791072fe446","firstParentID":"b3c60caf-a6a2-4e83-809e-505c2e039617","ID":"090f58cf-b130-48da-8e71-71f2286fd0d4","childs":null,"emcosID":null,"emcosMLID":null,"codMaketTEP":null,"codTEP":null,"WSName":"PS","rangeAddress":"$BZ$56:$BZ$92","headAddress":"$BZ$56","bodyAddress":"$BZ$57:$BZ$92","_name":"СЧЕТЧИК"}},"emcosID":null,"emcosMLID":null,"codMaketTEP":null,"codTEP":null,"WSName":"PS","rangeAddress":"$BY$55:$BZ$92","headAddress":"$BY$55:$BZ$55","bodyAddress":"$BY$56:$BZ$92","_name":"прием"},"отдача":{"_level":1,"parentID":"5dd9d5c6-fc53-435a-a627-0ab76fbcc9e2","firstParentID":"b3c60caf-a6a2-4e83-809e-505c2e039617","ID":"4c7e6bee-b6d1-4284-b976-dd3c56d05b60","childs":{"по счетчику":{"_level":2,"parentID":"4c7e6bee-b6d1-4284-b976-dd3c56d05b60","firstParentID":"b3c60caf-a6a2-4e83-809e-505c2e039617","ID":"2197980b-0afb-4919-9808-3859f4004df8","childs":null,"emcosID":null,"emcosMLID":null,"codMaketTEP":null,"codTEP":null,"WSName":"PS","rangeAddress":"$CA$56:$CA$92","headAddress":"$CA$56","bodyAddress":"$CA$57:$CA$92","_name":"по счетчику"},"СЧЕТЧИК":{"_level":2,"parentID":"4c7e6bee-b6d1-4284-b976-dd3c56d05b60","firstParentID":"b3c60caf-a6a2-4e83-809e-505c2e039617","ID":"3e36b77f-4bbd-4131-8e7e-53271ab5d424","childs":null,"emcosID":null,"emcosMLID":null,"codMaketTEP":null,"codTEP":null,"WSName":"PS","rangeAddress":"$CB$56:$CB$92","headAddress":"$CB$56","bodyAddress":"$CB$57:$CB$92","_name":"СЧЕТЧИК"}},"emcosID":null,"emcosMLID":null,"codMaketTEP":null,"codTEP":null,"WSName":"PS","rangeAddress":"$CA$55:$CB$92","headAddress":"$CA$55:$CB$55","bodyAddress":"$CA$56:$CB$92","_name":"отдача"}},"emcosID":null,"emcosMLID":null,"codMaketTEP":null,"codTEP":null,"WSName":"PS","rangeAddress":"$BY$54:$CB$92","headAddress":"$BY$54:$CB$54","bodyAddress":"$BY$55:$CB$92","_name":"Л134А Шу"},"DB":{"_level":0,"parentID":"b3c60caf-a6a2-4e83-809e-505c2e039617","firstParentID":"b3c60caf-a6a2-4e83-809e-505c2e039617","ID":"ebfc7275-bbc1-4dd8-b8d3-ac402e3c618e","childs":{"прием":{"_level":1,"parentID":"ebfc7275-bbc1-4dd8-b8d3-ac402e3c618e","firstParentID":"b3c60caf-a6a2-4e83-809e-505c2e039617","ID":"eaa912cf-3f5b-42ea-a346-c0edb370dafd","childs":{"код":{"_level":2,"parentID":"eaa912cf-3f5b-42ea-a346-c0edb370dafd","firstParentID":"b3c60caf-a6a2-4e83-809e-505c2e039617","ID":"76799e0d-8995-4125-986c-496075e42f99","childs":null,"emcosID":null,"emcosMLID":null,"codMaketTEP":null,"codTEP":null,"WSName":"DB","rangeAddress":"$JE$267:$JE$304","headAddress":"$JE$267","bodyAddress":"$JE$268:$JE$304","_name":"код"},"основное":{"_level":2,"parentID":"eaa912cf-3f5b-42ea-a346-c0edb370dafd","firstParentID":"b3c60caf-a6a2-4e83-809e-505c2e039617","ID":"01e3f04b-5878-4534-a5ab-415991cd2def","childs":null,"emcosID":null,"emcosMLID":null,"codMaketTEP":null,"codTEP":null,"WSName":"DB","rangeAddress":"$JF$267:$JF$304","headAddress":"$JF$267","bodyAddress":"$JF$268:$JF$304","_name":"основное"},"корректировка факт":{"_level":2,"parentID":"eaa912cf-3f5b-42ea-a346-c0edb370dafd","firstParentID":"b3c60caf-a6a2-4e83-809e-505c2e039617","ID":"51cb1bb4-a080-4c11-96f6-8bf485c04d36","childs":null,"emcosID":null,"emcosMLID":null,"codMaketTEP":null,"codTEP":null,"WSName":"DB","rangeAddress":"$JG$267:$JG$304","headAddress":"$JG$267","bodyAddress":"$JG$268:$JG$304","_name":"корректировка факт"},"ручное":{"_level":2,"parentID":"eaa912cf-3f5b-42ea-a346-c0edb370dafd","firstParentID":"b3c60caf-a6a2-4e83-809e-505c2e039617","ID":"b6bc2411-4c09-4aec-a7fe-6796047c509b","childs":null,"emcosID":null,"emcosMLID":null,"codMaketTEP":null,"codTEP":null,"WSName":"DB","rangeAddress":"$JH$267:$JH$304","headAddress":"$JH$267","bodyAddress":"$JH$268:$JH$304","_name":"ручное"},"счетчик":{"_level":2,"parentID":"eaa912cf-3f5b-42ea-a346-c0edb370dafd","firstParentID":"b3c60caf-a6a2-4e83-809e-505c2e039617","ID":"b760ddc8-e2a3-4bc9-8d80-2dba05048795","childs":null,"emcosID":null,"emcosMLID":null,"codMaketTEP":null,"codTEP":null,"WSName":"DB","rangeAddress":"$JI$267:$JI$304","headAddress":"$JI$267","bodyAddress":"$JI$268:$JI$304","_name":"счетчик"},"по счетчику":{"_level":2,"parentID":"eaa912cf-3f5b-42ea-a346-c0edb370dafd","firstParentID":"b3c60caf-a6a2-4e83-809e-505c2e039617","ID":"b96d955e-ece4-4aba-abd9-ffa5e5615ccc","childs":null,"emcosID":null,"emcosMLID":null,"codMaketTEP":null,"codTEP":null,"WSName":"DB","rangeAddress":"$JJ$267:$JJ$304","headAddress":"$JJ$267","bodyAddress":"$JJ$268:$JJ$304","_name":"по счетчику"}},"emcosID":null,"emcosMLID":null,"codMaketTEP":null,"codTEP":null,"WSName":"DB","rangeAddress":"$JE$266:$JJ$304","headAddress":"$JE$266:$JJ$266","bodyAddress":"$JE$267:$JJ$304","_name":"прием"},"отдача":{"_level":1,"parentID":"ebfc7275-bbc1-4dd8-b8d3-ac402e3c618e","firstParentID":"b3c60caf-a6a2-4e83-809e-505c2e039617","ID":"d8a7cfbc-255b-4048-aeb3-e63e51150ebc","childs":{"код":{"_level":2,"parentID":"d8a7cfbc-255b-4048-aeb3-e63e51150ebc","firstParentID":"b3c60caf-a6a2-4e83-809e-505c2e039617","ID":"6fa95a11-f694-4ec2-ab0d-55d71095af66","childs":null,"emcosID":null,"emcosMLID":null,"codMaketTEP":null,"codTEP":null,"WSName":"DB","rangeAddress":"$JK$267:$JK$304","headAddress":"$JK$267","bodyAddress":"$JK$268:$JK$304","_name":"код"},"основное":{"_level":2,"parentID":"d8a7cfbc-255b-4048-aeb3-e63e51150ebc","firstParentID":"b3c60caf-a6a2-4e83-809e-505c2e039617","ID":"adf63611-30f5-43eb-8471-08e996551e68","childs":null,"emcosID":null,"emcosMLID":null,"codMaketTEP":null,"codTEP":null,"WSName":"DB","rangeAddress":"$JL$267:$JL$304","headAddress":"$JL$267","bodyAddress":"$JL$268:$JL$304","_name":"основное"},"корректировка факт":{"_level":2,"parentID":"d8a7cfbc-255b-4048-aeb3-e63e51150ebc","firstParentID":"b3c60caf-a6a2-4e83-809e-505c2e039617","ID":"b90ae950-fbce-4d1c-af5e-7fe9687ce4da","childs":null,"emcosID":null,"emcosMLID":null,"codMaketTEP":null,"codTEP":null,"WSName":"DB","rangeAddress":"$JM$267:$JM$304","headAddress":"$JM$267","bodyAddress":"$JM$268:$JM$304","_name":"корректировка факт"},"ручное":{"_level":2,"parentID":"d8a7cfbc-255b-4048-aeb3-e63e51150ebc","firstParentID":"b3c60caf-a6a2-4e83-809e-505c2e039617","ID":"b2dd3691-fc77-418e-a5dc-44c6b722a045","childs":null,"emcosID":null,"emcosMLID":null,"codMaketTEP":null,"codTEP":null,"WSName":"DB","rangeAddress":"$JN$267:$JN$304","headAddress":"$JN$267","bodyAddress":"$JN$268:$JN$304","_name":"ручное"},"счетчик":{"_level":2,"parentID":"d8a7cfbc-255b-4048-aeb3-e63e51150ebc","firstParentID":"b3c60caf-a6a2-4e83-809e-505c2e039617","ID":"973c30b7-2693-46f7-8833-dcaa2fbb32af","childs":null,"emcosID":null,"emcosMLID":null,"codMaketTEP":null,"codTEP":null,"WSName":"DB","rangeAddress":"$JO$267:$JO$304","headAddress":"$JO$267","bodyAddress":"$JO$268:$JO$304","_name":"счетчик"},"по счетчику":{"_level":2,"parentID":"d8a7cfbc-255b-4048-aeb3-e63e51150ebc","firstParentID":"b3c60caf-a6a2-4e83-809e-505c2e039617","ID":"865370da-8d5f-4661-88f7-b25bd05e1bf1","childs":null,"emcosID":null,"emcosMLID":null,"codMaketTEP":null,"codTEP":null,"WSName":"DB","rangeAddress":"$JP$267:$JP$304","headAddress":"$JP$267","bodyAddress":"$JP$268:$JP$304","_name":"по счетчику"}},"emcosID":null,"emcosMLID":null,"codMaketTEP":null,"codTEP":null,"WSName":"DB","rangeAddress":"$JK$266:$JP$304","headAddress":"$JK$266:$JP$266","bodyAddress":"$JK$267:$JP$304","_name":"отдача"}},"emcosID":null,"emcosMLID":null,"codMaketTEP":null,"codTEP":null,"WSName":"DB","rangeAddress":"$JE$265:$JP$304","headAddress":"$JE$265:$JP$265","bodyAddress":"$JE$266:$JP$304","_name":"Л134А Шу"}},"codPlan":null,"meterCoef":"132","_name":"Л134А Шу"}