{"ID":"b4ba9a2c-e61b-43c5-ba21-dea8897d803c","childs":{"PS":{"_level":0,"parentID":"b4ba9a2c-e61b-43c5-ba21-dea8897d803c","firstParentID":"b4ba9a2c-e61b-43c5-ba21-dea8897d803c","ID":"7c222cfe-3290-461b-8499-b455c7c400f6","childs":{"прием":{"_level":1,"parentID":"7c222cfe-3290-461b-8499-b455c7c400f6","firstParentID":"b4ba9a2c-e61b-43c5-ba21-dea8897d803c","ID":"d5d8f498-a665-4a00-a962-9479b1a8bfab","childs":{"оперативное":{"_level":2,"parentID":"d5d8f498-a665-4a00-a962-9479b1a8bfab","firstParentID":"b4ba9a2c-e61b-43c5-ba21-dea8897d803c","ID":"85ab9978-1575-4df5-aa81-e712b05f6bc8","childs":null,"emcosID":null,"emcosMLID":null,"codMaketTEP":null,"codTEP":null,"WSName":"PS","rangeAddress":"$HY$99:$HY$135","headAddress":"$HY$99","bodyAddress":"$HY$100:$HY$135","_name":"оперативное"}},"emcosID":null,"emcosMLID":null,"codMaketTEP":null,"codTEP":null,"WSName":"PS","rangeAddress":"$HY$98:$HY$135","headAddress":"$HY$98","bodyAddress":"$HY$99:$HY$135","_name":"прием"},"отдача":{"_level":1,"parentID":"7c222cfe-3290-461b-8499-b455c7c400f6","firstParentID":"b4ba9a2c-e61b-43c5-ba21-dea8897d803c","ID":"f2b3e5cf-5b69-4ffe-84db-b242f03e12b7","childs":{"оперативное":{"_level":2,"parentID":"f2b3e5cf-5b69-4ffe-84db-b242f03e12b7","firstParentID":"b4ba9a2c-e61b-43c5-ba21-dea8897d803c","ID":"fc3eb9dc-e5a6-4799-828a-8b94c1c27c66","childs":null,"emcosID":null,"emcosMLID":null,"codMaketTEP":null,"codTEP":null,"WSName":"PS","rangeAddress":"$HZ$99:$HZ$135","headAddress":"$HZ$99","bodyAddress":"$HZ$100:$HZ$135","_name":"оперативное"}},"emcosID":null,"emcosMLID":null,"codMaketTEP":null,"codTEP":null,"WSName":"PS","rangeAddress":"$HZ$98:$HZ$135","headAddress":"$HZ$98","bodyAddress":"$HZ$99:$HZ$135","_name":"отдача"}},"emcosID":null,"emcosMLID":null,"codMaketTEP":null,"codTEP":null,"WSName":"PS","rangeAddress":"$HY$97:$HZ$135","headAddress":"$HY$97:$HZ$97","bodyAddress":"$HY$98:$HZ$135","_name":"Л2043 КГЭС"},"DB":{"_level":0,"parentID":"b4ba9a2c-e61b-43c5-ba21-dea8897d803c","firstParentID":"b4ba9a2c-e61b-43c5-ba21-dea8897d803c","ID":"377e300c-de6b-426e-a36c-4b1d4606e04b","childs":{"прием":{"_level":1,"parentID":"377e300c-de6b-426e-a36c-4b1d4606e04b","firstParentID":"b4ba9a2c-e61b-43c5-ba21-dea8897d803c","ID":"d582f468-8b3e-4ce4-9951-46e575490f5b","childs":{"код":{"_level":2,"parentID":"d582f468-8b3e-4ce4-9951-46e575490f5b","firstParentID":"b4ba9a2c-e61b-43c5-ba21-dea8897d803c","ID":"a8b060b6-a811-4d97-a471-36571b2afafd","childs":null,"emcosID":null,"emcosMLID":null,"codMaketTEP":null,"codTEP":null,"WSName":"DB","rangeAddress":"$IG$95:$IG$132","headAddress":"$IG$95","bodyAddress":"$IG$96:$IG$132","_name":"код"},"основное":{"_level":2,"parentID":"d582f468-8b3e-4ce4-9951-46e575490f5b","firstParentID":"b4ba9a2c-e61b-43c5-ba21-dea8897d803c","ID":"a13aec8e-b06d-4043-8d67-08c6623535f8","childs":null,"emcosID":null,"emcosMLID":null,"codMaketTEP":null,"codTEP":null,"WSName":"DB","rangeAddress":"$IH$95:$IH$132","headAddress":"$IH$95","bodyAddress":"$IH$96:$IH$132","_name":"основное"},"корректировка факт":{"_level":2,"parentID":"d582f468-8b3e-4ce4-9951-46e575490f5b","firstParentID":"b4ba9a2c-e61b-43c5-ba21-dea8897d803c","ID":"57986b77-0ccc-422d-84b6-209503e35d49","childs":null,"emcosID":null,"emcosMLID":null,"codMaketTEP":null,"codTEP":null,"WSName":"DB","rangeAddress":"$II$95:$II$132","headAddress":"$II$95","bodyAddress":"$II$96:$II$132","_name":"корректировка факт"},"ручное":{"_level":2,"parentID":"d582f468-8b3e-4ce4-9951-46e575490f5b","firstParentID":"b4ba9a2c-e61b-43c5-ba21-dea8897d803c","ID":"2493dfab-d826-4aaa-9b0e-d435c0b17e1b","childs":null,"emcosID":null,"emcosMLID":null,"codMaketTEP":null,"codTEP":null,"WSName":"DB","rangeAddress":"$IJ$95:$IJ$132","headAddress":"$IJ$95","bodyAddress":"$IJ$96:$IJ$132","_name":"ручное"},"оперативное":{"_level":2,"parentID":"d582f468-8b3e-4ce4-9951-46e575490f5b","firstParentID":"b4ba9a2c-e61b-43c5-ba21-dea8897d803c","ID":"6dfcb61c-c646-42a0-a50a-1093b98700dc","childs":null,"emcosID":null,"emcosMLID":null,"codMaketTEP":null,"codTEP":null,"WSName":"DB","rangeAddress":"$IK$95:$IK$132","headAddress":"$IK$95","bodyAddress":"$IK$96:$IK$132","_name":"оперативное"}},"emcosID":null,"emcosMLID":null,"codMaketTEP":null,"codTEP":null,"WSName":"DB","rangeAddress":"$IG$94:$IK$132","headAddress":"$IG$94:$IK$94","bodyAddress":"$IG$95:$IK$132","_name":"прием"},"отдача":{"_level":1,"parentID":"377e300c-de6b-426e-a36c-4b1d4606e04b","firstParentID":"b4ba9a2c-e61b-43c5-ba21-dea8897d803c","ID":"7305f058-5696-4b2e-95a5-6486ea07b282","childs":{"код":{"_level":2,"parentID":"7305f058-5696-4b2e-95a5-6486ea07b282","firstParentID":"b4ba9a2c-e61b-43c5-ba21-dea8897d803c","ID":"0c98a9e4-dc3b-4c9a-a7a2-caa954344d80","childs":null,"emcosID":null,"emcosMLID":null,"codMaketTEP":null,"codTEP":null,"WSName":"DB","rangeAddress":"$IL$95:$IL$132","headAddress":"$IL$95","bodyAddress":"$IL$96:$IL$132","_name":"код"},"основное":{"_level":2,"parentID":"7305f058-5696-4b2e-95a5-6486ea07b282","firstParentID":"b4ba9a2c-e61b-43c5-ba21-dea8897d803c","ID":"09c84f60-22b7-40de-99d0-5e3cf8df9a48","childs":null,"emcosID":null,"emcosMLID":null,"codMaketTEP":null,"codTEP":null,"WSName":"DB","rangeAddress":"$IM$95:$IM$132","headAddress":"$IM$95","bodyAddress":"$IM$96:$IM$132","_name":"основное"},"корректировка факт":{"_level":2,"parentID":"7305f058-5696-4b2e-95a5-6486ea07b282","firstParentID":"b4ba9a2c-e61b-43c5-ba21-dea8897d803c","ID":"dd966ffd-8492-40f0-8827-07abe8e76eba","childs":null,"emcosID":null,"emcosMLID":null,"codMaketTEP":null,"codTEP":null,"WSName":"DB","rangeAddress":"$IN$95:$IN$132","headAddress":"$IN$95","bodyAddress":"$IN$96:$IN$132","_name":"корректировка факт"},"ручное":{"_level":2,"parentID":"7305f058-5696-4b2e-95a5-6486ea07b282","firstParentID":"b4ba9a2c-e61b-43c5-ba21-dea8897d803c","ID":"389805f9-7fef-4f4c-b18c-45e5c36e358e","childs":null,"emcosID":null,"emcosMLID":null,"codMaketTEP":null,"codTEP":null,"WSName":"DB","rangeAddress":"$IO$95:$IO$132","headAddress":"$IO$95","bodyAddress":"$IO$96:$IO$132","_name":"ручное"},"оперативное":{"_level":2,"parentID":"7305f058-5696-4b2e-95a5-6486ea07b282","firstParentID":"b4ba9a2c-e61b-43c5-ba21-dea8897d803c","ID":"ff282af7-b4ca-4811-928d-373e30bc323f","childs":null,"emcosID":null,"emcosMLID":null,"codMaketTEP":null,"codTEP":null,"WSName":"DB","rangeAddress":"$IP$95:$IP$132","headAddress":"$IP$95","bodyAddress":"$IP$96:$IP$132","_name":"оперативное"}},"emcosID":null,"emcosMLID":null,"codMaketTEP":null,"codTEP":null,"WSName":"DB","rangeAddress":"$IL$94:$IP$132","headAddress":"$IL$94:$IP$94","bodyAddress":"$IL$95:$IP$132","_name":"отдача"}},"emcosID":null,"emcosMLID":null,"codMaketTEP":null,"codTEP":null,"WSName":"DB","rangeAddress":"$IG$93:$IP$132","headAddress":"$IG$93:$IP$93","bodyAddress":"$IG$94:$IP$132","_name":"Л2043 КГЭС"}},"codPlan":null,"meterCoef":null,"_name":"Л2043 КГЭС"}