{"ID":"b4f288fe-e056-42d6-891e-12d2b06992f1","childs":{"PS":{"_level":0,"parentID":"b4f288fe-e056-42d6-891e-12d2b06992f1","firstParentID":"b4f288fe-e056-42d6-891e-12d2b06992f1","ID":"0fbcd34b-d813-4142-8cbe-479caea3e11a","childs":{"прием":{"_level":1,"parentID":"0fbcd34b-d813-4142-8cbe-479caea3e11a","firstParentID":"b4f288fe-e056-42d6-891e-12d2b06992f1","ID":"4c3c416e-a12c-4289-b1ad-3aa79c66deba","childs":{"по счетчику":{"_level":2,"parentID":"4c3c416e-a12c-4289-b1ad-3aa79c66deba","firstParentID":"b4f288fe-e056-42d6-891e-12d2b06992f1","ID":"32cbc047-4508-411a-831c-f9d52db227ad","childs":null,"emcosID":null,"emcosMLID":null,"codMaketTEP":null,"codTEP":null,"WSName":"PS","rangeAddress":"$AR$99:$AR$135","headAddress":"$AR$99","bodyAddress":"$AR$100:$AR$135","_name":"по счетчику"}},"emcosID":null,"emcosMLID":null,"codMaketTEP":null,"codTEP":null,"WSName":"PS","rangeAddress":"$AR$98:$AR$135","headAddress":"$AR$98","bodyAddress":"$AR$99:$AR$135","_name":"прием"},"отдача":{"_level":1,"parentID":"0fbcd34b-d813-4142-8cbe-479caea3e11a","firstParentID":"b4f288fe-e056-42d6-891e-12d2b06992f1","ID":"673acd2a-325b-470b-80e8-0d9e95c44d45","childs":{"по счетчику":{"_level":2,"parentID":"673acd2a-325b-470b-80e8-0d9e95c44d45","firstParentID":"b4f288fe-e056-42d6-891e-12d2b06992f1","ID":"4528e26f-a314-4bee-81e7-5800852057bf","childs":null,"emcosID":null,"emcosMLID":null,"codMaketTEP":null,"codTEP":null,"WSName":"PS","rangeAddress":"$AS$99:$AS$135","headAddress":"$AS$99","bodyAddress":"$AS$100:$AS$135","_name":"по счетчику"}},"emcosID":null,"emcosMLID":null,"codMaketTEP":null,"codTEP":null,"WSName":"PS","rangeAddress":"$AS$98:$AS$135","headAddress":"$AS$98","bodyAddress":"$AS$99:$AS$135","_name":"отдача"}},"emcosID":null,"emcosMLID":null,"codMaketTEP":null,"codTEP":null,"WSName":"PS","rangeAddress":"$AR$97:$AS$135","headAddress":"$AR$97:$AS$97","bodyAddress":"$AR$98:$AS$135","_name":"Л11 ПС126 Талдыкорган"},"DB":{"_level":0,"parentID":"b4f288fe-e056-42d6-891e-12d2b06992f1","firstParentID":"b4f288fe-e056-42d6-891e-12d2b06992f1","ID":"4a98f884-734e-4424-b6c1-19a13893d8f7","childs":{"прием":{"_level":1,"parentID":"4a98f884-734e-4424-b6c1-19a13893d8f7","firstParentID":"b4f288fe-e056-42d6-891e-12d2b06992f1","ID":"90361515-8f20-4527-95d1-925c8392195a","childs":{"код":{"_level":2,"parentID":"90361515-8f20-4527-95d1-925c8392195a","firstParentID":"b4f288fe-e056-42d6-891e-12d2b06992f1","ID":"bd34232e-7669-4e6a-8482-8ad48bf16342","childs":null,"emcosID":null,"emcosMLID":null,"codMaketTEP":null,"codTEP":null,"WSName":"DB","rangeAddress":"$KM$310:$KM$347","headAddress":"$KM$310","bodyAddress":"$KM$311:$KM$347","_name":"код"},"основное":{"_level":2,"parentID":"90361515-8f20-4527-95d1-925c8392195a","firstParentID":"b4f288fe-e056-42d6-891e-12d2b06992f1","ID":"c605e42f-4818-4c21-b54d-c145b4fad44f","childs":null,"emcosID":null,"emcosMLID":null,"codMaketTEP":null,"codTEP":null,"WSName":"DB","rangeAddress":"$KN$310:$KN$347","headAddress":"$KN$310","bodyAddress":"$KN$311:$KN$347","_name":"основное"},"корректировка факт":{"_level":2,"parentID":"90361515-8f20-4527-95d1-925c8392195a","firstParentID":"b4f288fe-e056-42d6-891e-12d2b06992f1","ID":"de7f5231-7b70-469f-a459-c2c94a5e58bb","childs":null,"emcosID":null,"emcosMLID":null,"codMaketTEP":null,"codTEP":null,"WSName":"DB","rangeAddress":"$KO$310:$KO$347","headAddress":"$KO$310","bodyAddress":"$KO$311:$KO$347","_name":"корректировка факт"},"ручное":{"_level":2,"parentID":"90361515-8f20-4527-95d1-925c8392195a","firstParentID":"b4f288fe-e056-42d6-891e-12d2b06992f1","ID":"4b6737ab-3f61-4a84-a5e9-676989749e22","childs":null,"emcosID":null,"emcosMLID":null,"codMaketTEP":null,"codTEP":null,"WSName":"DB","rangeAddress":"$KP$310:$KP$347","headAddress":"$KP$310","bodyAddress":"$KP$311:$KP$347","_name":"ручное"},"оперативное":{"_level":2,"parentID":"90361515-8f20-4527-95d1-925c8392195a","firstParentID":"b4f288fe-e056-42d6-891e-12d2b06992f1","ID":"2c907104-488c-4cca-a94c-26c94fea665e","childs":null,"emcosID":null,"emcosMLID":null,"codMaketTEP":null,"codTEP":null,"WSName":"DB","rangeAddress":"$KQ$310:$KQ$347","headAddress":"$KQ$310","bodyAddress":"$KQ$311:$KQ$347","_name":"оперативное"},"счетчик":{"_level":2,"parentID":"90361515-8f20-4527-95d1-925c8392195a","firstParentID":"b4f288fe-e056-42d6-891e-12d2b06992f1","ID":"94dcf537-19f1-4bd9-8a03-b9f70d03eb91","childs":null,"emcosID":null,"emcosMLID":null,"codMaketTEP":null,"codTEP":null,"WSName":"DB","rangeAddress":"$KR$310:$KR$347","headAddress":"$KR$310","bodyAddress":"$KR$311:$KR$347","_name":"счетчик"},"по счетчику":{"_level":2,"parentID":"90361515-8f20-4527-95d1-925c8392195a","firstParentID":"b4f288fe-e056-42d6-891e-12d2b06992f1","ID":"15b2209f-0770-4095-8f76-d158fcdf1845","childs":null,"emcosID":null,"emcosMLID":null,"codMaketTEP":null,"codTEP":null,"WSName":"DB","rangeAddress":"$KS$310:$KS$347","headAddress":"$KS$310","bodyAddress":"$KS$311:$KS$347","_name":"по счетчику"}},"emcosID":null,"emcosMLID":null,"codMaketTEP":null,"codTEP":null,"WSName":"DB","rangeAddress":"$KM$309:$KS$347","headAddress":"$KM$309:$KS$309","bodyAddress":"$KM$310:$KS$347","_name":"прием"},"отдача":{"_level":1,"parentID":"4a98f884-734e-4424-b6c1-19a13893d8f7","firstParentID":"b4f288fe-e056-42d6-891e-12d2b06992f1","ID":"6a4ea383-b70b-418c-9565-91aec3aa7ee5","childs":{"код":{"_level":2,"parentID":"6a4ea383-b70b-418c-9565-91aec3aa7ee5","firstParentID":"b4f288fe-e056-42d6-891e-12d2b06992f1","ID":"a4c021e1-f508-4bf0-b7b1-defac5721a97","childs":null,"emcosID":null,"emcosMLID":null,"codMaketTEP":null,"codTEP":null,"WSName":"DB","rangeAddress":"$KT$310:$KT$347","headAddress":"$KT$310","bodyAddress":"$KT$311:$KT$347","_name":"код"},"основное":{"_level":2,"parentID":"6a4ea383-b70b-418c-9565-91aec3aa7ee5","firstParentID":"b4f288fe-e056-42d6-891e-12d2b06992f1","ID":"ea3a89b0-23b3-485b-8833-ec1f4638b34a","childs":null,"emcosID":null,"emcosMLID":null,"codMaketTEP":null,"codTEP":null,"WSName":"DB","rangeAddress":"$KU$310:$KU$347","headAddress":"$KU$310","bodyAddress":"$KU$311:$KU$347","_name":"основное"},"корректировка факт":{"_level":2,"parentID":"6a4ea383-b70b-418c-9565-91aec3aa7ee5","firstParentID":"b4f288fe-e056-42d6-891e-12d2b06992f1","ID":"ab4c4beb-1391-4d58-993f-c30fcbdcf824","childs":null,"emcosID":null,"emcosMLID":null,"codMaketTEP":null,"codTEP":null,"WSName":"DB","rangeAddress":"$KV$310:$KV$347","headAddress":"$KV$310","bodyAddress":"$KV$311:$KV$347","_name":"корректировка факт"},"ручное":{"_level":2,"parentID":"6a4ea383-b70b-418c-9565-91aec3aa7ee5","firstParentID":"b4f288fe-e056-42d6-891e-12d2b06992f1","ID":"8a72dff4-bd13-4f1b-a5e7-c23eb96ab4ae","childs":null,"emcosID":null,"emcosMLID":null,"codMaketTEP":null,"codTEP":null,"WSName":"DB","rangeAddress":"$KW$310:$KW$347","headAddress":"$KW$310","bodyAddress":"$KW$311:$KW$347","_name":"ручное"},"оперативное":{"_level":2,"parentID":"6a4ea383-b70b-418c-9565-91aec3aa7ee5","firstParentID":"b4f288fe-e056-42d6-891e-12d2b06992f1","ID":"2d3f648f-61c5-4a1e-b96a-64aa929657b5","childs":null,"emcosID":null,"emcosMLID":null,"codMaketTEP":null,"codTEP":null,"WSName":"DB","rangeAddress":"$KX$310:$KX$347","headAddress":"$KX$310","bodyAddress":"$KX$311:$KX$347","_name":"оперативное"},"счетчик":{"_level":2,"parentID":"6a4ea383-b70b-418c-9565-91aec3aa7ee5","firstParentID":"b4f288fe-e056-42d6-891e-12d2b06992f1","ID":"4a08812a-0efe-4862-aad9-667fc3534790","childs":null,"emcosID":null,"emcosMLID":null,"codMaketTEP":null,"codTEP":null,"WSName":"DB","rangeAddress":"$KY$310:$KY$347","headAddress":"$KY$310","bodyAddress":"$KY$311:$KY$347","_name":"счетчик"},"по счетчику":{"_level":2,"parentID":"6a4ea383-b70b-418c-9565-91aec3aa7ee5","firstParentID":"b4f288fe-e056-42d6-891e-12d2b06992f1","ID":"cf0d4cd4-7809-4843-a132-4d9de35b85d2","childs":null,"emcosID":null,"emcosMLID":null,"codMaketTEP":null,"codTEP":null,"WSName":"DB","rangeAddress":"$KZ$310:$KZ$347","headAddress":"$KZ$310","bodyAddress":"$KZ$311:$KZ$347","_name":"по счетчику"}},"emcosID":null,"emcosMLID":null,"codMaketTEP":null,"codTEP":null,"WSName":"DB","rangeAddress":"$KT$309:$KZ$347","headAddress":"$KT$309:$KZ$309","bodyAddress":"$KT$310:$KZ$347","_name":"отдача"}},"emcosID":null,"emcosMLID":null,"codMaketTEP":null,"codTEP":null,"WSName":"DB","rangeAddress":"$KM$308:$KZ$347","headAddress":"$KM$308:$KZ$308","bodyAddress":"$KM$309:$KZ$347","_name":"Л11 ПС126 Талдыкорган"}},"codPlan":null,"meterCoef":null,"_name":"Л11 ПС126 Талдыкорган"}