{"ID":"b6f46290-fb3e-43a1-ab49-e9cb76ea8109","childs":{"PS":{"_level":0,"parentID":"b6f46290-fb3e-43a1-ab49-e9cb76ea8109","firstParentID":"b6f46290-fb3e-43a1-ab49-e9cb76ea8109","ID":"06c950b9-d9d0-4d6a-b9fd-ed0ca425decf","childs":{"прием":{"_level":1,"parentID":"06c950b9-d9d0-4d6a-b9fd-ed0ca425decf","firstParentID":"b6f46290-fb3e-43a1-ab49-e9cb76ea8109","ID":"0cb39082-1e18-4e78-bba3-562582ef0837","childs":{"по счетчику":{"_level":2,"parentID":"0cb39082-1e18-4e78-bba3-562582ef0837","firstParentID":"b6f46290-fb3e-43a1-ab49-e9cb76ea8109","ID":"089d29a0-6712-41e1-b783-ebdc60523326","childs":null,"emcosID":null,"emcosMLID":null,"codMaketTEP":null,"codTEP":null,"WSName":"PS","rangeAddress":"$CT$185:$CT$221","headAddress":"$CT$185","bodyAddress":"$CT$186:$CT$221","_name":"по счетчику"},"СЧЕТЧИК":{"_level":2,"parentID":"0cb39082-1e18-4e78-bba3-562582ef0837","firstParentID":"b6f46290-fb3e-43a1-ab49-e9cb76ea8109","ID":"4af60330-6db5-4312-ab4c-da766557b846","childs":null,"emcosID":null,"emcosMLID":null,"codMaketTEP":null,"codTEP":null,"WSName":"PS","rangeAddress":"$CU$185:$CU$221","headAddress":"$CU$185","bodyAddress":"$CU$186:$CU$221","_name":"СЧЕТЧИК"}},"emcosID":null,"emcosMLID":null,"codMaketTEP":null,"codTEP":null,"WSName":"PS","rangeAddress":"$CT$184:$CU$221","headAddress":"$CT$184:$CU$184","bodyAddress":"$CT$185:$CU$221","_name":"прием"},"отдача":{"_level":1,"parentID":"06c950b9-d9d0-4d6a-b9fd-ed0ca425decf","firstParentID":"b6f46290-fb3e-43a1-ab49-e9cb76ea8109","ID":"648db4dd-4c43-4766-923d-34f14ca95e51","childs":{"по счетчику":{"_level":2,"parentID":"648db4dd-4c43-4766-923d-34f14ca95e51","firstParentID":"b6f46290-fb3e-43a1-ab49-e9cb76ea8109","ID":"29a521cf-b6ea-4785-acac-13855c0f0c49","childs":null,"emcosID":null,"emcosMLID":null,"codMaketTEP":null,"codTEP":null,"WSName":"PS","rangeAddress":"$CV$185:$CV$221","headAddress":"$CV$185","bodyAddress":"$CV$186:$CV$221","_name":"по счетчику"},"СЧЕТЧИК":{"_level":2,"parentID":"648db4dd-4c43-4766-923d-34f14ca95e51","firstParentID":"b6f46290-fb3e-43a1-ab49-e9cb76ea8109","ID":"88ab340b-b904-4b05-b320-663c6b2910b9","childs":null,"emcosID":null,"emcosMLID":null,"codMaketTEP":null,"codTEP":null,"WSName":"PS","rangeAddress":"$CW$185:$CW$221","headAddress":"$CW$185","bodyAddress":"$CW$186:$CW$221","_name":"СЧЕТЧИК"}},"emcosID":null,"emcosMLID":null,"codMaketTEP":null,"codTEP":null,"WSName":"PS","rangeAddress":"$CV$184:$CW$221","headAddress":"$CV$184:$CW$184","bodyAddress":"$CV$185:$CW$221","_name":"отдача"}},"emcosID":null,"emcosMLID":null,"codMaketTEP":null,"codTEP":null,"WSName":"PS","rangeAddress":"$CT$183:$CW$221","headAddress":"$CT$183:$CW$183","bodyAddress":"$CT$184:$CW$221","_name":"Т1 Eneverse Kunkuat СЭС Капшагай 100"},"DB":{"_level":0,"parentID":"b6f46290-fb3e-43a1-ab49-e9cb76ea8109","firstParentID":"b6f46290-fb3e-43a1-ab49-e9cb76ea8109","ID":"f0406db1-60ce-4d63-a63d-46f6fc431fc6","childs":{"прием":{"_level":1,"parentID":"f0406db1-60ce-4d63-a63d-46f6fc431fc6","firstParentID":"b6f46290-fb3e-43a1-ab49-e9cb76ea8109","ID":"94fb452b-6a26-43e3-be6b-f9a628d733b2","childs":{"код":{"_level":2,"parentID":"94fb452b-6a26-43e3-be6b-f9a628d733b2","firstParentID":"b6f46290-fb3e-43a1-ab49-e9cb76ea8109","ID":"bba933c2-5089-42a5-98d3-6b5917483b4b","childs":null,"emcosID":null,"emcosMLID":null,"codMaketTEP":null,"codTEP":null,"WSName":"DB","rangeAddress":"$BT$482:$BT$519","headAddress":"$BT$482","bodyAddress":"$BT$483:$BT$519","_name":"код"},"основное":{"_level":2,"parentID":"94fb452b-6a26-43e3-be6b-f9a628d733b2","firstParentID":"b6f46290-fb3e-43a1-ab49-e9cb76ea8109","ID":"d7d1742f-8e1d-46b8-9954-6b9fea3fe8d3","childs":null,"emcosID":null,"emcosMLID":null,"codMaketTEP":null,"codTEP":null,"WSName":"DB","rangeAddress":"$BU$482:$BU$519","headAddress":"$BU$482","bodyAddress":"$BU$483:$BU$519","_name":"основное"},"корректировка факт":{"_level":2,"parentID":"94fb452b-6a26-43e3-be6b-f9a628d733b2","firstParentID":"b6f46290-fb3e-43a1-ab49-e9cb76ea8109","ID":"8e56ea2a-def3-49c1-8ce6-e1518a6976be","childs":null,"emcosID":null,"emcosMLID":null,"codMaketTEP":null,"codTEP":null,"WSName":"DB","rangeAddress":"$BV$482:$BV$519","headAddress":"$BV$482","bodyAddress":"$BV$483:$BV$519","_name":"корректировка факт"},"ручное":{"_level":2,"parentID":"94fb452b-6a26-43e3-be6b-f9a628d733b2","firstParentID":"b6f46290-fb3e-43a1-ab49-e9cb76ea8109","ID":"84007b46-c3b2-4fdb-9921-c942a7c6628f","childs":null,"emcosID":null,"emcosMLID":null,"codMaketTEP":null,"codTEP":null,"WSName":"DB","rangeAddress":"$BW$482:$BW$519","headAddress":"$BW$482","bodyAddress":"$BW$483:$BW$519","_name":"ручное"},"счетчик":{"_level":2,"parentID":"94fb452b-6a26-43e3-be6b-f9a628d733b2","firstParentID":"b6f46290-fb3e-43a1-ab49-e9cb76ea8109","ID":"0513a8c8-d86f-4857-8100-ee094689d54d","childs":null,"emcosID":null,"emcosMLID":null,"codMaketTEP":null,"codTEP":null,"WSName":"DB","rangeAddress":"$BX$482:$BX$519","headAddress":"$BX$482","bodyAddress":"$BX$483:$BX$519","_name":"счетчик"},"по счетчику":{"_level":2,"parentID":"94fb452b-6a26-43e3-be6b-f9a628d733b2","firstParentID":"b6f46290-fb3e-43a1-ab49-e9cb76ea8109","ID":"6478173d-a63f-490e-aa70-d34e383b65a5","childs":null,"emcosID":null,"emcosMLID":null,"codMaketTEP":null,"codTEP":null,"WSName":"DB","rangeAddress":"$BY$482:$BY$519","headAddress":"$BY$482","bodyAddress":"$BY$483:$BY$519","_name":"по счетчику"}},"emcosID":null,"emcosMLID":null,"codMaketTEP":null,"codTEP":null,"WSName":"DB","rangeAddress":"$BT$481:$BY$519","headAddress":"$BT$481:$BY$481","bodyAddress":"$BT$482:$BY$519","_name":"прием"},"отдача":{"_level":1,"parentID":"f0406db1-60ce-4d63-a63d-46f6fc431fc6","firstParentID":"b6f46290-fb3e-43a1-ab49-e9cb76ea8109","ID":"8eb50a90-dc01-4a2a-be17-e2a2a6c0c048","childs":{"код":{"_level":2,"parentID":"8eb50a90-dc01-4a2a-be17-e2a2a6c0c048","firstParentID":"b6f46290-fb3e-43a1-ab49-e9cb76ea8109","ID":"079cbf8a-8647-4ca6-ba56-ca71359793b2","childs":null,"emcosID":null,"emcosMLID":null,"codMaketTEP":null,"codTEP":null,"WSName":"DB","rangeAddress":"$BZ$482:$BZ$519","headAddress":"$BZ$482","bodyAddress":"$BZ$483:$BZ$519","_name":"код"},"основное":{"_level":2,"parentID":"8eb50a90-dc01-4a2a-be17-e2a2a6c0c048","firstParentID":"b6f46290-fb3e-43a1-ab49-e9cb76ea8109","ID":"e6adfc8f-7d38-4979-9a02-8174a21ee34c","childs":null,"emcosID":null,"emcosMLID":null,"codMaketTEP":null,"codTEP":null,"WSName":"DB","rangeAddress":"$CA$482:$CA$519","headAddress":"$CA$482","bodyAddress":"$CA$483:$CA$519","_name":"основное"},"корректировка факт":{"_level":2,"parentID":"8eb50a90-dc01-4a2a-be17-e2a2a6c0c048","firstParentID":"b6f46290-fb3e-43a1-ab49-e9cb76ea8109","ID":"3442317c-d160-4833-b2ca-0c9c54de1df0","childs":null,"emcosID":null,"emcosMLID":null,"codMaketTEP":null,"codTEP":null,"WSName":"DB","rangeAddress":"$CB$482:$CB$519","headAddress":"$CB$482","bodyAddress":"$CB$483:$CB$519","_name":"корректировка факт"},"ручное":{"_level":2,"parentID":"8eb50a90-dc01-4a2a-be17-e2a2a6c0c048","firstParentID":"b6f46290-fb3e-43a1-ab49-e9cb76ea8109","ID":"6e9d0544-94ea-45e9-8135-505cc57411b0","childs":null,"emcosID":null,"emcosMLID":null,"codMaketTEP":null,"codTEP":null,"WSName":"DB","rangeAddress":"$CC$482:$CC$519","headAddress":"$CC$482","bodyAddress":"$CC$483:$CC$519","_name":"ручное"},"счетчик":{"_level":2,"parentID":"8eb50a90-dc01-4a2a-be17-e2a2a6c0c048","firstParentID":"b6f46290-fb3e-43a1-ab49-e9cb76ea8109","ID":"824f4283-ccc9-4efa-8f9f-3e9107163ad1","childs":null,"emcosID":null,"emcosMLID":null,"codMaketTEP":null,"codTEP":null,"WSName":"DB","rangeAddress":"$CD$482:$CD$519","headAddress":"$CD$482","bodyAddress":"$CD$483:$CD$519","_name":"счетчик"},"по счетчику":{"_level":2,"parentID":"8eb50a90-dc01-4a2a-be17-e2a2a6c0c048","firstParentID":"b6f46290-fb3e-43a1-ab49-e9cb76ea8109","ID":"bcb8b68e-b087-4eed-a616-3257f912a0f4","childs":null,"emcosID":null,"emcosMLID":null,"codMaketTEP":null,"codTEP":null,"WSName":"DB","rangeAddress":"$CE$482:$CE$519","headAddress":"$CE$482","bodyAddress":"$CE$483:$CE$519","_name":"по счетчику"}},"emcosID":null,"emcosMLID":null,"codMaketTEP":null,"codTEP":null,"WSName":"DB","rangeAddress":"$BZ$481:$CE$519","headAddress":"$BZ$481:$CE$481","bodyAddress":"$BZ$482:$CE$519","_name":"отдача"}},"emcosID":null,"emcosMLID":null,"codMaketTEP":null,"codTEP":null,"WSName":"DB","rangeAddress":"$BT$480:$CE$519","headAddress":"$BT$480:$CE$480","bodyAddress":"$BT$481:$CE$519","_name":"Т1 Eneverse Kunkuat СЭС Капшагай 100"}},"codPlan":null,"meterCoef":"264","_name":"Т1 Eneverse Kunkuat СЭС Капшагай 100"}