{"ID":"b83af86f-5e99-4999-9182-8b1fccb4b0cf","childs":{"PS":{"_level":0,"parentID":"b83af86f-5e99-4999-9182-8b1fccb4b0cf","firstParentID":"b83af86f-5e99-4999-9182-8b1fccb4b0cf","ID":"d8aa5094-4253-45aa-8c83-02eff737f5af","childs":{"прием":{"_level":1,"parentID":"d8aa5094-4253-45aa-8c83-02eff737f5af","firstParentID":"b83af86f-5e99-4999-9182-8b1fccb4b0cf","ID":"8d54e8ce-5c42-4a7f-bcf0-143d2bfc44c1","childs":{"оперативное":{"_level":2,"parentID":"8d54e8ce-5c42-4a7f-bcf0-143d2bfc44c1","firstParentID":"b83af86f-5e99-4999-9182-8b1fccb4b0cf","ID":"7e4d6375-b474-4d68-abb7-833a43a30d1e","childs":null,"emcosID":null,"emcosMLID":null,"codMaketTEP":null,"codTEP":null,"WSName":"PS","rangeAddress":"$AO$228:$AO$264","headAddress":"$AO$228","bodyAddress":"$AO$229:$AO$264","_name":"оперативное"}},"emcosID":null,"emcosMLID":null,"codMaketTEP":null,"codTEP":null,"WSName":"PS","rangeAddress":"$AO$227:$AO$264","headAddress":"$AO$227","bodyAddress":"$AO$228:$AO$264","_name":"прием"},"план":{"_level":1,"parentID":"d8aa5094-4253-45aa-8c83-02eff737f5af","firstParentID":"b83af86f-5e99-4999-9182-8b1fccb4b0cf","ID":"9c0c57e6-e2c4-4e44-827c-4fa16d9b2103","childs":{"заявка":{"_level":2,"parentID":"9c0c57e6-e2c4-4e44-827c-4fa16d9b2103","firstParentID":"b83af86f-5e99-4999-9182-8b1fccb4b0cf","ID":"76f49768-0349-4295-9330-bfbb8e8c423d","childs":null,"emcosID":null,"emcosMLID":null,"codMaketTEP":null,"codTEP":null,"WSName":"PS","rangeAddress":"$AP$228:$AP$264","headAddress":"$AP$228","bodyAddress":"$AP$229:$AP$264","_name":"заявка"}},"emcosID":null,"emcosMLID":null,"codMaketTEP":null,"codTEP":null,"WSName":"PS","rangeAddress":"$AP$227:$AP$264","headAddress":"$AP$227","bodyAddress":"$AP$228:$AP$264","_name":"план"}},"emcosID":null,"emcosMLID":null,"codMaketTEP":null,"codTEP":null,"WSName":"PS","rangeAddress":"$AO$226:$AP$264","headAddress":"$AO$226:$AP$226","bodyAddress":"$AO$227:$AP$264","_name":"Потребление ENERCO Asia Жетысу"},"DB":{"_level":0,"parentID":"b83af86f-5e99-4999-9182-8b1fccb4b0cf","firstParentID":"b83af86f-5e99-4999-9182-8b1fccb4b0cf","ID":"5a39094f-4f9e-4b7b-90ec-c9e383738e61","childs":{"прием":{"_level":1,"parentID":"5a39094f-4f9e-4b7b-90ec-c9e383738e61","firstParentID":"b83af86f-5e99-4999-9182-8b1fccb4b0cf","ID":"cc7ccc57-1f77-4e2e-91b4-f0b13677768a","childs":{"код":{"_level":2,"parentID":"cc7ccc57-1f77-4e2e-91b4-f0b13677768a","firstParentID":"b83af86f-5e99-4999-9182-8b1fccb4b0cf","ID":"3d1046a8-390d-445e-9c26-79392f49789c","childs":null,"emcosID":null,"emcosMLID":null,"codMaketTEP":null,"codTEP":null,"WSName":"DB","rangeAddress":"$AA$439:$AA$476","headAddress":"$AA$439","bodyAddress":"$AA$440:$AA$476","_name":"код"},"основное":{"_level":2,"parentID":"cc7ccc57-1f77-4e2e-91b4-f0b13677768a","firstParentID":"b83af86f-5e99-4999-9182-8b1fccb4b0cf","ID":"7fe614c9-348b-463c-b694-8d11570b2250","childs":null,"emcosID":null,"emcosMLID":null,"codMaketTEP":null,"codTEP":null,"WSName":"DB","rangeAddress":"$AB$439:$AB$476","headAddress":"$AB$439","bodyAddress":"$AB$440:$AB$476","_name":"основное"},"корректировка факт":{"_level":2,"parentID":"cc7ccc57-1f77-4e2e-91b4-f0b13677768a","firstParentID":"b83af86f-5e99-4999-9182-8b1fccb4b0cf","ID":"59e1b796-17b5-4774-bd5c-ed4d31f733cd","childs":null,"emcosID":null,"emcosMLID":null,"codMaketTEP":null,"codTEP":null,"WSName":"DB","rangeAddress":"$AC$439:$AC$476","headAddress":"$AC$439","bodyAddress":"$AC$440:$AC$476","_name":"корректировка факт"},"ручное":{"_level":2,"parentID":"cc7ccc57-1f77-4e2e-91b4-f0b13677768a","firstParentID":"b83af86f-5e99-4999-9182-8b1fccb4b0cf","ID":"4ab9c600-d344-4b09-8491-fe599670d9d8","childs":null,"emcosID":null,"emcosMLID":null,"codMaketTEP":null,"codTEP":null,"WSName":"DB","rangeAddress":"$AD$439:$AD$476","headAddress":"$AD$439","bodyAddress":"$AD$440:$AD$476","_name":"ручное"},"по плану":{"_level":2,"parentID":"cc7ccc57-1f77-4e2e-91b4-f0b13677768a","firstParentID":"b83af86f-5e99-4999-9182-8b1fccb4b0cf","ID":"05839ac1-18f7-40ef-a229-fed2665ae1f5","childs":null,"emcosID":null,"emcosMLID":null,"codMaketTEP":null,"codTEP":null,"WSName":"DB","rangeAddress":"$AE$439:$AE$476","headAddress":"$AE$439","bodyAddress":"$AE$440:$AE$476","_name":"по плану"},"оперативное":{"_level":2,"parentID":"cc7ccc57-1f77-4e2e-91b4-f0b13677768a","firstParentID":"b83af86f-5e99-4999-9182-8b1fccb4b0cf","ID":"df8ecb92-e8a9-41ff-bdfc-58510ee0f114","childs":null,"emcosID":null,"emcosMLID":null,"codMaketTEP":null,"codTEP":null,"WSName":"DB","rangeAddress":"$AF$439:$AF$476","headAddress":"$AF$439","bodyAddress":"$AF$440:$AF$476","_name":"оперативное"}},"emcosID":null,"emcosMLID":null,"codMaketTEP":null,"codTEP":null,"WSName":"DB","rangeAddress":"$AA$438:$AF$476","headAddress":"$AA$438:$AF$438","bodyAddress":"$AA$439:$AF$476","_name":"прием"},"план":{"_level":1,"parentID":"5a39094f-4f9e-4b7b-90ec-c9e383738e61","firstParentID":"b83af86f-5e99-4999-9182-8b1fccb4b0cf","ID":"7383ca53-10d0-4899-9d8a-9e0ebf9ecee1","childs":{"код":{"_level":2,"parentID":"7383ca53-10d0-4899-9d8a-9e0ebf9ecee1","firstParentID":"b83af86f-5e99-4999-9182-8b1fccb4b0cf","ID":"96d55cd4-3667-401b-b85f-cf2c24e07315","childs":null,"emcosID":null,"emcosMLID":null,"codMaketTEP":null,"codTEP":null,"WSName":"DB","rangeAddress":"$AG$439:$AG$476","headAddress":"$AG$439","bodyAddress":"$AG$440:$AG$476","_name":"код"},"основное":{"_level":2,"parentID":"7383ca53-10d0-4899-9d8a-9e0ebf9ecee1","firstParentID":"b83af86f-5e99-4999-9182-8b1fccb4b0cf","ID":"6291826a-81b2-4384-a412-34c416588727","childs":null,"emcosID":null,"emcosMLID":null,"codMaketTEP":null,"codTEP":null,"WSName":"DB","rangeAddress":"$AH$439:$AH$476","headAddress":"$AH$439","bodyAddress":"$AH$440:$AH$476","_name":"основное"},"заявка":{"_level":2,"parentID":"7383ca53-10d0-4899-9d8a-9e0ebf9ecee1","firstParentID":"b83af86f-5e99-4999-9182-8b1fccb4b0cf","ID":"d964bf56-35e0-464c-b10f-7758e4258fdb","childs":null,"emcosID":null,"emcosMLID":null,"codMaketTEP":null,"codTEP":null,"WSName":"DB","rangeAddress":"$AI$439:$AI$476","headAddress":"$AI$439","bodyAddress":"$AI$440:$AI$476","_name":"заявка"},"утвержденный":{"_level":2,"parentID":"7383ca53-10d0-4899-9d8a-9e0ebf9ecee1","firstParentID":"b83af86f-5e99-4999-9182-8b1fccb4b0cf","ID":"705b7b55-be43-43f6-895a-a2bd697963a5","childs":null,"emcosID":null,"emcosMLID":null,"codMaketTEP":null,"codTEP":null,"WSName":"DB","rangeAddress":"$AJ$439:$AJ$476","headAddress":"$AJ$439","bodyAddress":"$AJ$440:$AJ$476","_name":"утвержденный"},"корректировка":{"_level":2,"parentID":"7383ca53-10d0-4899-9d8a-9e0ebf9ecee1","firstParentID":"b83af86f-5e99-4999-9182-8b1fccb4b0cf","ID":"af158137-2511-4154-a66b-a860d3dcd3b9","childs":null,"emcosID":null,"emcosMLID":null,"codMaketTEP":null,"codTEP":null,"WSName":"DB","rangeAddress":"$AK$439:$AK$476","headAddress":"$AK$439","bodyAddress":"$AK$440:$AK$476","_name":"корректировка"}},"emcosID":null,"emcosMLID":null,"codMaketTEP":null,"codTEP":null,"WSName":"DB","rangeAddress":"$AG$438:$AK$476","headAddress":"$AG$438:$AK$438","bodyAddress":"$AG$439:$AK$476","_name":"план"}},"emcosID":null,"emcosMLID":null,"codMaketTEP":null,"codTEP":null,"WSName":"DB","rangeAddress":"$AA$437:$AK$476","headAddress":"$AA$437:$AK$437","bodyAddress":"$AA$438:$AK$476","_name":"Потребление ENERCO Asia Жетысу"}},"codPlan":123,"meterCoef":null,"_name":"Потребление ENERCO Asia Жетысу"}