{"ID":"b859414a-0d45-4726-9011-7ad0583db0e9","childs":{"PS":{"_level":0,"parentID":"b859414a-0d45-4726-9011-7ad0583db0e9","firstParentID":"b859414a-0d45-4726-9011-7ad0583db0e9","ID":"8a9809be-6cfe-4f2d-ae3f-07e220c5620d","childs":{"прием":{"_level":1,"parentID":"8a9809be-6cfe-4f2d-ae3f-07e220c5620d","firstParentID":"b859414a-0d45-4726-9011-7ad0583db0e9","ID":"f6f546c7-bf6c-44c3-b36e-4916dbc3ae7a","childs":{"оперативное":{"_level":2,"parentID":"f6f546c7-bf6c-44c3-b36e-4916dbc3ae7a","firstParentID":"b859414a-0d45-4726-9011-7ad0583db0e9","ID":"db33cbe7-3db5-47a8-b01f-cff8fe978867","childs":null,"emcosID":null,"emcosMLID":null,"codMaketTEP":null,"codTEP":null,"WSName":"PS","rangeAddress":"$CD$185:$CD$221","headAddress":"$CD$185","bodyAddress":"$CD$186:$CD$221","_name":"оперативное"}},"emcosID":null,"emcosMLID":null,"codMaketTEP":null,"codTEP":null,"WSName":"PS","rangeAddress":"$CD$184:$CD$221","headAddress":"$CD$184","bodyAddress":"$CD$185:$CD$221","_name":"прием"}},"emcosID":null,"emcosMLID":null,"codMaketTEP":null,"codTEP":null,"WSName":"PS","rangeAddress":"$CD$183:$CD$221","headAddress":"$CD$183","bodyAddress":"$CD$184:$CD$221","_name":"с.н. Капчагайской ГЭС АлЭС"},"DB":{"_level":0,"parentID":"b859414a-0d45-4726-9011-7ad0583db0e9","firstParentID":"b859414a-0d45-4726-9011-7ad0583db0e9","ID":"397751c1-d98f-4c5b-ad4c-14a502451523","childs":{"прием":{"_level":1,"parentID":"397751c1-d98f-4c5b-ad4c-14a502451523","firstParentID":"b859414a-0d45-4726-9011-7ad0583db0e9","ID":"018051df-29ba-48f8-9878-c53c47212747","childs":{"код":{"_level":2,"parentID":"018051df-29ba-48f8-9878-c53c47212747","firstParentID":"b859414a-0d45-4726-9011-7ad0583db0e9","ID":"76c1b70b-5d51-46f6-9239-426af5375e60","childs":null,"emcosID":null,"emcosMLID":null,"codMaketTEP":null,"codTEP":null,"WSName":"DB","rangeAddress":"$CW$482:$CW$519","headAddress":"$CW$482","bodyAddress":"$CW$483:$CW$519","_name":"код"},"основное":{"_level":2,"parentID":"018051df-29ba-48f8-9878-c53c47212747","firstParentID":"b859414a-0d45-4726-9011-7ad0583db0e9","ID":"b4d24014-f929-43fe-a510-3e582e060a12","childs":null,"emcosID":null,"emcosMLID":null,"codMaketTEP":null,"codTEP":null,"WSName":"DB","rangeAddress":"$CX$482:$CX$519","headAddress":"$CX$482","bodyAddress":"$CX$483:$CX$519","_name":"основное"},"корректировка факт":{"_level":2,"parentID":"018051df-29ba-48f8-9878-c53c47212747","firstParentID":"b859414a-0d45-4726-9011-7ad0583db0e9","ID":"f0084f96-a504-4803-9ca7-f3423a52e34a","childs":null,"emcosID":null,"emcosMLID":null,"codMaketTEP":null,"codTEP":null,"WSName":"DB","rangeAddress":"$CY$482:$CY$519","headAddress":"$CY$482","bodyAddress":"$CY$483:$CY$519","_name":"корректировка факт"},"ручное":{"_level":2,"parentID":"018051df-29ba-48f8-9878-c53c47212747","firstParentID":"b859414a-0d45-4726-9011-7ad0583db0e9","ID":"557e8ba7-26bd-4488-b6c3-5d97265ce107","childs":null,"emcosID":null,"emcosMLID":null,"codMaketTEP":null,"codTEP":null,"WSName":"DB","rangeAddress":"$CZ$482:$CZ$519","headAddress":"$CZ$482","bodyAddress":"$CZ$483:$CZ$519","_name":"ручное"},"оперативное":{"_level":2,"parentID":"018051df-29ba-48f8-9878-c53c47212747","firstParentID":"b859414a-0d45-4726-9011-7ad0583db0e9","ID":"a61f8d4c-68a4-489e-a2cd-1031c844cdde","childs":null,"emcosID":null,"emcosMLID":null,"codMaketTEP":null,"codTEP":null,"WSName":"DB","rangeAddress":"$DA$482:$DA$519","headAddress":"$DA$482","bodyAddress":"$DA$483:$DA$519","_name":"оперативное"}},"emcosID":null,"emcosMLID":null,"codMaketTEP":null,"codTEP":null,"WSName":"DB","rangeAddress":"$CW$481:$DA$519","headAddress":"$CW$481:$DA$481","bodyAddress":"$CW$482:$DA$519","_name":"прием"}},"emcosID":null,"emcosMLID":null,"codMaketTEP":null,"codTEP":null,"WSName":"DB","rangeAddress":"$CW$480:$DA$519","headAddress":"$CW$480:$DA$480","bodyAddress":"$CW$481:$DA$519","_name":"с.н. Капчагайской ГЭС АлЭС"}},"codPlan":null,"meterCoef":null,"_name":"с.н. Капчагайской ГЭС АлЭС"}