{"ID":"b97139fc-5909-4254-bb57-dc33ac3c79d7","childs":{"PS":{"_level":0,"parentID":"b97139fc-5909-4254-bb57-dc33ac3c79d7","firstParentID":"b97139fc-5909-4254-bb57-dc33ac3c79d7","ID":"201f037c-9683-49f9-a5d4-fff20f4dafad","childs":{"прием":{"_level":1,"parentID":"201f037c-9683-49f9-a5d4-fff20f4dafad","firstParentID":"b97139fc-5909-4254-bb57-dc33ac3c79d7","ID":"998853b5-7f26-46c1-a083-e7bc7e4ede8b","childs":{"ручное":{"_level":2,"parentID":"998853b5-7f26-46c1-a083-e7bc7e4ede8b","firstParentID":"b97139fc-5909-4254-bb57-dc33ac3c79d7","ID":"db99842b-40ad-4833-be77-c7ca8b1dded0","childs":null,"emcosID":null,"emcosMLID":null,"codMaketTEP":null,"codTEP":null,"WSName":"PS","rangeAddress":"$AC$228:$AC$264","headAddress":"$AC$228","bodyAddress":"$AC$229:$AC$264","_name":"ручное"}},"emcosID":null,"emcosMLID":null,"codMaketTEP":null,"codTEP":null,"WSName":"PS","rangeAddress":"$AC$227:$AC$264","headAddress":"$AC$227","bodyAddress":"$AC$228:$AC$264","_name":"прием"},"план":{"_level":1,"parentID":"201f037c-9683-49f9-a5d4-fff20f4dafad","firstParentID":"b97139fc-5909-4254-bb57-dc33ac3c79d7","ID":"f9208925-e20b-4885-bb18-f92aae407047","childs":{"заявка":{"_level":2,"parentID":"f9208925-e20b-4885-bb18-f92aae407047","firstParentID":"b97139fc-5909-4254-bb57-dc33ac3c79d7","ID":"21012b64-8a90-4f2c-b4b2-4b8f3e1ddcb0","childs":null,"emcosID":null,"emcosMLID":null,"codMaketTEP":null,"codTEP":null,"WSName":"PS","rangeAddress":"$AD$228:$AD$264","headAddress":"$AD$228","bodyAddress":"$AD$229:$AD$264","_name":"заявка"}},"emcosID":null,"emcosMLID":null,"codMaketTEP":null,"codTEP":null,"WSName":"PS","rangeAddress":"$AD$227:$AD$264","headAddress":"$AD$227","bodyAddress":"$AD$228:$AD$264","_name":"план"}},"emcosID":null,"emcosMLID":null,"codMaketTEP":null,"codTEP":null,"WSName":"PS","rangeAddress":"$AC$226:$AD$264","headAddress":"$AC$226:$AD$226","bodyAddress":"$AC$227:$AD$264","_name":"ДМС потери КТЖ Жетысу"},"DB":{"_level":0,"parentID":"b97139fc-5909-4254-bb57-dc33ac3c79d7","firstParentID":"b97139fc-5909-4254-bb57-dc33ac3c79d7","ID":"df0b4ea9-d9bb-46db-af59-8c4de648ca77","childs":{"прием":{"_level":1,"parentID":"df0b4ea9-d9bb-46db-af59-8c4de648ca77","firstParentID":"b97139fc-5909-4254-bb57-dc33ac3c79d7","ID":"2518263b-deef-4328-866d-749a5bbb39e9","childs":{"код":{"_level":2,"parentID":"2518263b-deef-4328-866d-749a5bbb39e9","firstParentID":"b97139fc-5909-4254-bb57-dc33ac3c79d7","ID":"a3d0ee78-820e-488a-89c9-fe0c7b1edc64","childs":null,"emcosID":null,"emcosMLID":null,"codMaketTEP":null,"codTEP":null,"WSName":"DB","rangeAddress":"$BQ$439:$BQ$476","headAddress":"$BQ$439","bodyAddress":"$BQ$440:$BQ$476","_name":"код"},"основное":{"_level":2,"parentID":"2518263b-deef-4328-866d-749a5bbb39e9","firstParentID":"b97139fc-5909-4254-bb57-dc33ac3c79d7","ID":"50d9f648-87c9-4264-b04b-cbf8a699ad62","childs":null,"emcosID":null,"emcosMLID":null,"codMaketTEP":null,"codTEP":null,"WSName":"DB","rangeAddress":"$BR$439:$BR$476","headAddress":"$BR$439","bodyAddress":"$BR$440:$BR$476","_name":"основное"},"корректировка факт":{"_level":2,"parentID":"2518263b-deef-4328-866d-749a5bbb39e9","firstParentID":"b97139fc-5909-4254-bb57-dc33ac3c79d7","ID":"0d547bd9-d710-48c3-b5ed-fb027354e394","childs":null,"emcosID":null,"emcosMLID":null,"codMaketTEP":null,"codTEP":null,"WSName":"DB","rangeAddress":"$BS$439:$BS$476","headAddress":"$BS$439","bodyAddress":"$BS$440:$BS$476","_name":"корректировка факт"},"ручное":{"_level":2,"parentID":"2518263b-deef-4328-866d-749a5bbb39e9","firstParentID":"b97139fc-5909-4254-bb57-dc33ac3c79d7","ID":"33984ecb-2216-4821-afa9-8564610551a4","childs":null,"emcosID":null,"emcosMLID":null,"codMaketTEP":null,"codTEP":null,"WSName":"DB","rangeAddress":"$BT$439:$BT$476","headAddress":"$BT$439","bodyAddress":"$BT$440:$BT$476","_name":"ручное"},"по плану":{"_level":2,"parentID":"2518263b-deef-4328-866d-749a5bbb39e9","firstParentID":"b97139fc-5909-4254-bb57-dc33ac3c79d7","ID":"f65c2391-6c39-4ffd-b727-8e16a713f1ed","childs":null,"emcosID":null,"emcosMLID":null,"codMaketTEP":null,"codTEP":null,"WSName":"DB","rangeAddress":"$BU$439:$BU$476","headAddress":"$BU$439","bodyAddress":"$BU$440:$BU$476","_name":"по плану"}},"emcosID":null,"emcosMLID":null,"codMaketTEP":null,"codTEP":null,"WSName":"DB","rangeAddress":"$BQ$438:$BU$476","headAddress":"$BQ$438:$BU$438","bodyAddress":"$BQ$439:$BU$476","_name":"прием"},"план":{"_level":1,"parentID":"df0b4ea9-d9bb-46db-af59-8c4de648ca77","firstParentID":"b97139fc-5909-4254-bb57-dc33ac3c79d7","ID":"80ebe0fe-a2f5-44d8-9004-5783a4e3ff05","childs":{"код":{"_level":2,"parentID":"80ebe0fe-a2f5-44d8-9004-5783a4e3ff05","firstParentID":"b97139fc-5909-4254-bb57-dc33ac3c79d7","ID":"3cc6ad07-f343-4750-aa55-9ecffdd3a0dd","childs":null,"emcosID":null,"emcosMLID":null,"codMaketTEP":null,"codTEP":null,"WSName":"DB","rangeAddress":"$BV$439:$BV$476","headAddress":"$BV$439","bodyAddress":"$BV$440:$BV$476","_name":"код"},"основное":{"_level":2,"parentID":"80ebe0fe-a2f5-44d8-9004-5783a4e3ff05","firstParentID":"b97139fc-5909-4254-bb57-dc33ac3c79d7","ID":"986b6f42-5b41-40eb-9ad2-127c2424ca67","childs":null,"emcosID":null,"emcosMLID":null,"codMaketTEP":null,"codTEP":null,"WSName":"DB","rangeAddress":"$BW$439:$BW$476","headAddress":"$BW$439","bodyAddress":"$BW$440:$BW$476","_name":"основное"},"заявка":{"_level":2,"parentID":"80ebe0fe-a2f5-44d8-9004-5783a4e3ff05","firstParentID":"b97139fc-5909-4254-bb57-dc33ac3c79d7","ID":"1d3ef936-248a-453b-a5bc-01eebd1f38b9","childs":null,"emcosID":null,"emcosMLID":null,"codMaketTEP":null,"codTEP":null,"WSName":"DB","rangeAddress":"$BX$439:$BX$476","headAddress":"$BX$439","bodyAddress":"$BX$440:$BX$476","_name":"заявка"},"утвержденный":{"_level":2,"parentID":"80ebe0fe-a2f5-44d8-9004-5783a4e3ff05","firstParentID":"b97139fc-5909-4254-bb57-dc33ac3c79d7","ID":"269cb438-1489-4cef-a15e-b5cec0060f39","childs":null,"emcosID":null,"emcosMLID":null,"codMaketTEP":null,"codTEP":null,"WSName":"DB","rangeAddress":"$BY$439:$BY$476","headAddress":"$BY$439","bodyAddress":"$BY$440:$BY$476","_name":"утвержденный"},"корректировка":{"_level":2,"parentID":"80ebe0fe-a2f5-44d8-9004-5783a4e3ff05","firstParentID":"b97139fc-5909-4254-bb57-dc33ac3c79d7","ID":"dcda53da-dc55-4b87-badb-0522aa129849","childs":null,"emcosID":null,"emcosMLID":null,"codMaketTEP":null,"codTEP":null,"WSName":"DB","rangeAddress":"$BZ$439:$BZ$476","headAddress":"$BZ$439","bodyAddress":"$BZ$440:$BZ$476","_name":"корректировка"}},"emcosID":null,"emcosMLID":null,"codMaketTEP":null,"codTEP":null,"WSName":"DB","rangeAddress":"$BV$438:$BZ$476","headAddress":"$BV$438:$BZ$438","bodyAddress":"$BV$439:$BZ$476","_name":"план"}},"emcosID":null,"emcosMLID":null,"codMaketTEP":null,"codTEP":null,"WSName":"DB","rangeAddress":"$BQ$437:$BZ$476","headAddress":"$BQ$437:$BZ$437","bodyAddress":"$BQ$438:$BZ$476","_name":"ДМС потери КТЖ Жетысу"}},"codPlan":18,"meterCoef":null,"_name":"ДМС потери КТЖ Жетысу"}