{"ID":"b9795c47-4159-4c88-aedf-20a1769ded25","childs":{"PS":{"_level":0,"parentID":"b9795c47-4159-4c88-aedf-20a1769ded25","firstParentID":"b9795c47-4159-4c88-aedf-20a1769ded25","ID":"c1084c3a-700d-4845-b8a7-80efc3c2bd79","childs":{"отдача":{"_level":1,"parentID":"c1084c3a-700d-4845-b8a7-80efc3c2bd79","firstParentID":"b9795c47-4159-4c88-aedf-20a1769ded25","ID":"c8fac240-22b0-4bbd-b193-38f82c41cfa9","childs":{"по счетчику":{"_level":2,"parentID":"c8fac240-22b0-4bbd-b193-38f82c41cfa9","firstParentID":"b9795c47-4159-4c88-aedf-20a1769ded25","ID":"e308d439-7a3e-4c4d-9ecf-a355254fa7b2","childs":null,"emcosID":null,"emcosMLID":null,"codMaketTEP":null,"codTEP":null,"WSName":"PS","rangeAddress":"$CD$56:$CD$92","headAddress":"$CD$56","bodyAddress":"$CD$57:$CD$92","_name":"по счетчику"},"СЧЕТЧИК":{"_level":2,"parentID":"c8fac240-22b0-4bbd-b193-38f82c41cfa9","firstParentID":"b9795c47-4159-4c88-aedf-20a1769ded25","ID":"f64856c3-932f-4d43-b1e0-c81a329a18e2","childs":null,"emcosID":null,"emcosMLID":null,"codMaketTEP":null,"codTEP":null,"WSName":"PS","rangeAddress":"$CE$56:$CE$92","headAddress":"$CE$56","bodyAddress":"$CE$57:$CE$92","_name":"СЧЕТЧИК"}},"emcosID":null,"emcosMLID":null,"codMaketTEP":null,"codTEP":null,"WSName":"PS","rangeAddress":"$CD$55:$CE$92","headAddress":"$CD$55:$CE$55","bodyAddress":"$CD$56:$CE$92","_name":"отдача"}},"emcosID":null,"emcosMLID":null,"codMaketTEP":null,"codTEP":null,"WSName":"PS","rangeAddress":"$CD$54:$CE$92","headAddress":"$CD$54:$CE$54","bodyAddress":"$CD$55:$CE$92","_name":"Л133А Шу"},"DB":{"_level":0,"parentID":"b9795c47-4159-4c88-aedf-20a1769ded25","firstParentID":"b9795c47-4159-4c88-aedf-20a1769ded25","ID":"8567de2a-e4c4-4ab8-b515-2b0fe1304c7b","childs":{"отдача":{"_level":1,"parentID":"8567de2a-e4c4-4ab8-b515-2b0fe1304c7b","firstParentID":"b9795c47-4159-4c88-aedf-20a1769ded25","ID":"d746b8b4-230a-4971-aca1-ec8fb146b6d4","childs":{"код":{"_level":2,"parentID":"d746b8b4-230a-4971-aca1-ec8fb146b6d4","firstParentID":"b9795c47-4159-4c88-aedf-20a1769ded25","ID":"f0453e68-eb27-4ed3-94fe-e9bc99edb052","childs":null,"emcosID":null,"emcosMLID":null,"codMaketTEP":null,"codTEP":null,"WSName":"DB","rangeAddress":"$JO$267:$JO$304","headAddress":"$JO$267","bodyAddress":"$JO$268:$JO$304","_name":"код"},"основное":{"_level":2,"parentID":"d746b8b4-230a-4971-aca1-ec8fb146b6d4","firstParentID":"b9795c47-4159-4c88-aedf-20a1769ded25","ID":"196c3f0e-4f79-41a1-8ea9-4e48e357202b","childs":null,"emcosID":null,"emcosMLID":null,"codMaketTEP":null,"codTEP":null,"WSName":"DB","rangeAddress":"$JP$267:$JP$304","headAddress":"$JP$267","bodyAddress":"$JP$268:$JP$304","_name":"основное"},"корректировка факт":{"_level":2,"parentID":"d746b8b4-230a-4971-aca1-ec8fb146b6d4","firstParentID":"b9795c47-4159-4c88-aedf-20a1769ded25","ID":"d596a2a8-adc3-4b42-9d18-a457e7e38b8c","childs":null,"emcosID":null,"emcosMLID":null,"codMaketTEP":null,"codTEP":null,"WSName":"DB","rangeAddress":"$JQ$267:$JQ$304","headAddress":"$JQ$267","bodyAddress":"$JQ$268:$JQ$304","_name":"корректировка факт"},"ручное":{"_level":2,"parentID":"d746b8b4-230a-4971-aca1-ec8fb146b6d4","firstParentID":"b9795c47-4159-4c88-aedf-20a1769ded25","ID":"8b536050-b79b-4b8f-ba52-a37dd84e74a1","childs":null,"emcosID":null,"emcosMLID":null,"codMaketTEP":null,"codTEP":null,"WSName":"DB","rangeAddress":"$JR$267:$JR$304","headAddress":"$JR$267","bodyAddress":"$JR$268:$JR$304","_name":"ручное"},"счетчик":{"_level":2,"parentID":"d746b8b4-230a-4971-aca1-ec8fb146b6d4","firstParentID":"b9795c47-4159-4c88-aedf-20a1769ded25","ID":"32dea511-a089-4fd6-a904-9d0b72cd35a4","childs":null,"emcosID":null,"emcosMLID":null,"codMaketTEP":null,"codTEP":null,"WSName":"DB","rangeAddress":"$JS$267:$JS$304","headAddress":"$JS$267","bodyAddress":"$JS$268:$JS$304","_name":"счетчик"},"по счетчику":{"_level":2,"parentID":"d746b8b4-230a-4971-aca1-ec8fb146b6d4","firstParentID":"b9795c47-4159-4c88-aedf-20a1769ded25","ID":"66a04448-710c-4a51-8068-5f565f16eb3a","childs":null,"emcosID":null,"emcosMLID":null,"codMaketTEP":null,"codTEP":null,"WSName":"DB","rangeAddress":"$JT$267:$JT$304","headAddress":"$JT$267","bodyAddress":"$JT$268:$JT$304","_name":"по счетчику"}},"emcosID":null,"emcosMLID":null,"codMaketTEP":null,"codTEP":null,"WSName":"DB","rangeAddress":"$JO$266:$JT$304","headAddress":"$JO$266:$JT$266","bodyAddress":"$JO$267:$JT$304","_name":"отдача"}},"emcosID":null,"emcosMLID":null,"codMaketTEP":null,"codTEP":null,"WSName":"DB","rangeAddress":"$JO$265:$JT$304","headAddress":"$JO$265:$JT$265","bodyAddress":"$JO$266:$JT$304","_name":"Л133А Шу"}},"codPlan":null,"meterCoef":"132","_name":"Л133А Шу"}