{"ID":"b9795c47-4159-4c88-aedf-20a1769ded25","childs":{"PS":{"_level":0,"parentID":"b9795c47-4159-4c88-aedf-20a1769ded25","firstParentID":"b9795c47-4159-4c88-aedf-20a1769ded25","ID":"c1084c3a-700d-4845-b8a7-80efc3c2bd79","childs":{"прием":{"_level":1,"parentID":"c1084c3a-700d-4845-b8a7-80efc3c2bd79","firstParentID":"b9795c47-4159-4c88-aedf-20a1769ded25","ID":"25faec43-52a7-46aa-a932-ef3bf207d449","childs":{"по счетчику":{"_level":2,"parentID":"25faec43-52a7-46aa-a932-ef3bf207d449","firstParentID":"b9795c47-4159-4c88-aedf-20a1769ded25","ID":"b9432e1a-6149-46c3-a896-255f65d0cc80","childs":null,"emcosID":null,"emcosMLID":null,"codMaketTEP":null,"codTEP":null,"WSName":"PS","rangeAddress":"$BU$56:$BU$92","headAddress":"$BU$56","bodyAddress":"$BU$57:$BU$92","_name":"по счетчику"},"СЧЕТЧИК":{"_level":2,"parentID":"25faec43-52a7-46aa-a932-ef3bf207d449","firstParentID":"b9795c47-4159-4c88-aedf-20a1769ded25","ID":"953248a8-5d70-4fbe-90de-0d1fe0fe701f","childs":null,"emcosID":null,"emcosMLID":null,"codMaketTEP":null,"codTEP":null,"WSName":"PS","rangeAddress":"$BV$56:$BV$92","headAddress":"$BV$56","bodyAddress":"$BV$57:$BV$92","_name":"СЧЕТЧИК"}},"emcosID":null,"emcosMLID":null,"codMaketTEP":null,"codTEP":null,"WSName":"PS","rangeAddress":"$BU$55:$BV$92","headAddress":"$BU$55:$BV$55","bodyAddress":"$BU$56:$BV$92","_name":"прием"},"отдача":{"_level":1,"parentID":"c1084c3a-700d-4845-b8a7-80efc3c2bd79","firstParentID":"b9795c47-4159-4c88-aedf-20a1769ded25","ID":"c8fac240-22b0-4bbd-b193-38f82c41cfa9","childs":{"по счетчику":{"_level":2,"parentID":"c8fac240-22b0-4bbd-b193-38f82c41cfa9","firstParentID":"b9795c47-4159-4c88-aedf-20a1769ded25","ID":"e308d439-7a3e-4c4d-9ecf-a355254fa7b2","childs":null,"emcosID":null,"emcosMLID":null,"codMaketTEP":null,"codTEP":null,"WSName":"PS","rangeAddress":"$BW$56:$BW$92","headAddress":"$BW$56","bodyAddress":"$BW$57:$BW$92","_name":"по счетчику"},"СЧЕТЧИК":{"_level":2,"parentID":"c8fac240-22b0-4bbd-b193-38f82c41cfa9","firstParentID":"b9795c47-4159-4c88-aedf-20a1769ded25","ID":"f64856c3-932f-4d43-b1e0-c81a329a18e2","childs":null,"emcosID":null,"emcosMLID":null,"codMaketTEP":null,"codTEP":null,"WSName":"PS","rangeAddress":"$BX$56:$BX$92","headAddress":"$BX$56","bodyAddress":"$BX$57:$BX$92","_name":"СЧЕТЧИК"}},"emcosID":null,"emcosMLID":null,"codMaketTEP":null,"codTEP":null,"WSName":"PS","rangeAddress":"$BW$55:$BX$92","headAddress":"$BW$55:$BX$55","bodyAddress":"$BW$56:$BX$92","_name":"отдача"}},"emcosID":null,"emcosMLID":null,"codMaketTEP":null,"codTEP":null,"WSName":"PS","rangeAddress":"$BU$54:$BX$92","headAddress":"$BU$54:$BX$54","bodyAddress":"$BU$55:$BX$92","_name":"Л133А Шу"},"DB":{"_level":0,"parentID":"b9795c47-4159-4c88-aedf-20a1769ded25","firstParentID":"b9795c47-4159-4c88-aedf-20a1769ded25","ID":"8567de2a-e4c4-4ab8-b515-2b0fe1304c7b","childs":{"прием":{"_level":1,"parentID":"8567de2a-e4c4-4ab8-b515-2b0fe1304c7b","firstParentID":"b9795c47-4159-4c88-aedf-20a1769ded25","ID":"a2fb34c8-654f-439f-afa4-c898022d43b0","childs":{"код":{"_level":2,"parentID":"a2fb34c8-654f-439f-afa4-c898022d43b0","firstParentID":"b9795c47-4159-4c88-aedf-20a1769ded25","ID":"9a0e0c8f-ebef-4e32-b073-5400eebfbf4c","childs":null,"emcosID":null,"emcosMLID":null,"codMaketTEP":null,"codTEP":null,"WSName":"DB","rangeAddress":"$JX$267:$JX$304","headAddress":"$JX$267","bodyAddress":"$JX$268:$JX$304","_name":"код"},"основное":{"_level":2,"parentID":"a2fb34c8-654f-439f-afa4-c898022d43b0","firstParentID":"b9795c47-4159-4c88-aedf-20a1769ded25","ID":"0c199938-e07f-47d4-89da-b77a67058743","childs":null,"emcosID":null,"emcosMLID":null,"codMaketTEP":null,"codTEP":null,"WSName":"DB","rangeAddress":"$JY$267:$JY$304","headAddress":"$JY$267","bodyAddress":"$JY$268:$JY$304","_name":"основное"},"корректировка факт":{"_level":2,"parentID":"a2fb34c8-654f-439f-afa4-c898022d43b0","firstParentID":"b9795c47-4159-4c88-aedf-20a1769ded25","ID":"23df9b21-272f-4e1d-ac43-781435e372b5","childs":null,"emcosID":null,"emcosMLID":null,"codMaketTEP":null,"codTEP":null,"WSName":"DB","rangeAddress":"$JZ$267:$JZ$304","headAddress":"$JZ$267","bodyAddress":"$JZ$268:$JZ$304","_name":"корректировка факт"},"ручное":{"_level":2,"parentID":"a2fb34c8-654f-439f-afa4-c898022d43b0","firstParentID":"b9795c47-4159-4c88-aedf-20a1769ded25","ID":"eb859f3b-943f-49b3-86aa-f12b071da990","childs":null,"emcosID":null,"emcosMLID":null,"codMaketTEP":null,"codTEP":null,"WSName":"DB","rangeAddress":"$KA$267:$KA$304","headAddress":"$KA$267","bodyAddress":"$KA$268:$KA$304","_name":"ручное"},"счетчик":{"_level":2,"parentID":"a2fb34c8-654f-439f-afa4-c898022d43b0","firstParentID":"b9795c47-4159-4c88-aedf-20a1769ded25","ID":"a310f862-760b-4db2-a15c-b88127afd41f","childs":null,"emcosID":null,"emcosMLID":null,"codMaketTEP":null,"codTEP":null,"WSName":"DB","rangeAddress":"$KB$267:$KB$304","headAddress":"$KB$267","bodyAddress":"$KB$268:$KB$304","_name":"счетчик"},"по счетчику":{"_level":2,"parentID":"a2fb34c8-654f-439f-afa4-c898022d43b0","firstParentID":"b9795c47-4159-4c88-aedf-20a1769ded25","ID":"56202c09-6e16-46ce-b282-a62d3d1b395f","childs":null,"emcosID":null,"emcosMLID":null,"codMaketTEP":null,"codTEP":null,"WSName":"DB","rangeAddress":"$KC$267:$KC$304","headAddress":"$KC$267","bodyAddress":"$KC$268:$KC$304","_name":"по счетчику"}},"emcosID":null,"emcosMLID":null,"codMaketTEP":null,"codTEP":null,"WSName":"DB","rangeAddress":"$JX$266:$KC$304","headAddress":"$JX$266:$KC$266","bodyAddress":"$JX$267:$KC$304","_name":"прием"},"отдача":{"_level":1,"parentID":"8567de2a-e4c4-4ab8-b515-2b0fe1304c7b","firstParentID":"b9795c47-4159-4c88-aedf-20a1769ded25","ID":"d746b8b4-230a-4971-aca1-ec8fb146b6d4","childs":{"код":{"_level":2,"parentID":"d746b8b4-230a-4971-aca1-ec8fb146b6d4","firstParentID":"b9795c47-4159-4c88-aedf-20a1769ded25","ID":"f0453e68-eb27-4ed3-94fe-e9bc99edb052","childs":null,"emcosID":null,"emcosMLID":null,"codMaketTEP":null,"codTEP":null,"WSName":"DB","rangeAddress":"$KD$267:$KD$304","headAddress":"$KD$267","bodyAddress":"$KD$268:$KD$304","_name":"код"},"основное":{"_level":2,"parentID":"d746b8b4-230a-4971-aca1-ec8fb146b6d4","firstParentID":"b9795c47-4159-4c88-aedf-20a1769ded25","ID":"196c3f0e-4f79-41a1-8ea9-4e48e357202b","childs":null,"emcosID":null,"emcosMLID":null,"codMaketTEP":null,"codTEP":null,"WSName":"DB","rangeAddress":"$KE$267:$KE$304","headAddress":"$KE$267","bodyAddress":"$KE$268:$KE$304","_name":"основное"},"корректировка факт":{"_level":2,"parentID":"d746b8b4-230a-4971-aca1-ec8fb146b6d4","firstParentID":"b9795c47-4159-4c88-aedf-20a1769ded25","ID":"d596a2a8-adc3-4b42-9d18-a457e7e38b8c","childs":null,"emcosID":null,"emcosMLID":null,"codMaketTEP":null,"codTEP":null,"WSName":"DB","rangeAddress":"$KF$267:$KF$304","headAddress":"$KF$267","bodyAddress":"$KF$268:$KF$304","_name":"корректировка факт"},"ручное":{"_level":2,"parentID":"d746b8b4-230a-4971-aca1-ec8fb146b6d4","firstParentID":"b9795c47-4159-4c88-aedf-20a1769ded25","ID":"8b536050-b79b-4b8f-ba52-a37dd84e74a1","childs":null,"emcosID":null,"emcosMLID":null,"codMaketTEP":null,"codTEP":null,"WSName":"DB","rangeAddress":"$KG$267:$KG$304","headAddress":"$KG$267","bodyAddress":"$KG$268:$KG$304","_name":"ручное"},"счетчик":{"_level":2,"parentID":"d746b8b4-230a-4971-aca1-ec8fb146b6d4","firstParentID":"b9795c47-4159-4c88-aedf-20a1769ded25","ID":"32dea511-a089-4fd6-a904-9d0b72cd35a4","childs":null,"emcosID":null,"emcosMLID":null,"codMaketTEP":null,"codTEP":null,"WSName":"DB","rangeAddress":"$KH$267:$KH$304","headAddress":"$KH$267","bodyAddress":"$KH$268:$KH$304","_name":"счетчик"},"по счетчику":{"_level":2,"parentID":"d746b8b4-230a-4971-aca1-ec8fb146b6d4","firstParentID":"b9795c47-4159-4c88-aedf-20a1769ded25","ID":"66a04448-710c-4a51-8068-5f565f16eb3a","childs":null,"emcosID":null,"emcosMLID":null,"codMaketTEP":null,"codTEP":null,"WSName":"DB","rangeAddress":"$KI$267:$KI$304","headAddress":"$KI$267","bodyAddress":"$KI$268:$KI$304","_name":"по счетчику"}},"emcosID":null,"emcosMLID":null,"codMaketTEP":null,"codTEP":null,"WSName":"DB","rangeAddress":"$KD$266:$KI$304","headAddress":"$KD$266:$KI$266","bodyAddress":"$KD$267:$KI$304","_name":"отдача"}},"emcosID":null,"emcosMLID":null,"codMaketTEP":null,"codTEP":null,"WSName":"DB","rangeAddress":"$JX$265:$KI$304","headAddress":"$JX$265:$KI$265","bodyAddress":"$JX$266:$KI$304","_name":"Л133А Шу"}},"codPlan":null,"meterCoef":"132","_name":"Л133А Шу"}