{"ID":"b9e10a19-43f1-415a-b0f0-b8c2d3fc9670","childs":{"PS":{"_level":0,"parentID":"b9e10a19-43f1-415a-b0f0-b8c2d3fc9670","firstParentID":"b9e10a19-43f1-415a-b0f0-b8c2d3fc9670","ID":"de222bb3-cccb-46e6-af23-a94d13699dd5","childs":{"прием":{"_level":1,"parentID":"de222bb3-cccb-46e6-af23-a94d13699dd5","firstParentID":"b9e10a19-43f1-415a-b0f0-b8c2d3fc9670","ID":"6112e9a6-a17d-468e-b2c2-49d4c8b0b30a","childs":{"оперативное":{"_level":2,"parentID":"6112e9a6-a17d-468e-b2c2-49d4c8b0b30a","firstParentID":"b9e10a19-43f1-415a-b0f0-b8c2d3fc9670","ID":"fe97e49f-3e6d-4d67-b36d-f78960742797","childs":null,"emcosID":null,"emcosMLID":null,"codMaketTEP":null,"codTEP":null,"WSName":"PS","rangeAddress":"$HI$99:$HI$135","headAddress":"$HI$99","bodyAddress":"$HI$100:$HI$135","_name":"оперативное"}},"emcosID":null,"emcosMLID":null,"codMaketTEP":null,"codTEP":null,"WSName":"PS","rangeAddress":"$HI$98:$HI$135","headAddress":"$HI$98","bodyAddress":"$HI$99:$HI$135","_name":"прием"},"отдача":{"_level":1,"parentID":"de222bb3-cccb-46e6-af23-a94d13699dd5","firstParentID":"b9e10a19-43f1-415a-b0f0-b8c2d3fc9670","ID":"5fdc04e7-7c9f-4f22-81e7-7f426fa45a2d","childs":{"оперативное":{"_level":2,"parentID":"5fdc04e7-7c9f-4f22-81e7-7f426fa45a2d","firstParentID":"b9e10a19-43f1-415a-b0f0-b8c2d3fc9670","ID":"de5d48d5-1b71-4ffe-9b03-dcac7cd4632f","childs":null,"emcosID":null,"emcosMLID":null,"codMaketTEP":null,"codTEP":null,"WSName":"PS","rangeAddress":"$HJ$99:$HJ$135","headAddress":"$HJ$99","bodyAddress":"$HJ$100:$HJ$135","_name":"оперативное"}},"emcosID":null,"emcosMLID":null,"codMaketTEP":null,"codTEP":null,"WSName":"PS","rangeAddress":"$HJ$98:$HJ$135","headAddress":"$HJ$98","bodyAddress":"$HJ$99:$HJ$135","_name":"отдача"}},"emcosID":null,"emcosMLID":null,"codMaketTEP":null,"codTEP":null,"WSName":"PS","rangeAddress":"$HI$97:$HJ$135","headAddress":"$HI$97:$HJ$97","bodyAddress":"$HI$98:$HJ$135","_name":"Л2053 Робот 143А"},"DB":{"_level":0,"parentID":"b9e10a19-43f1-415a-b0f0-b8c2d3fc9670","firstParentID":"b9e10a19-43f1-415a-b0f0-b8c2d3fc9670","ID":"37cac750-4894-4466-aa2f-62df83e4e16a","childs":{"прием":{"_level":1,"parentID":"37cac750-4894-4466-aa2f-62df83e4e16a","firstParentID":"b9e10a19-43f1-415a-b0f0-b8c2d3fc9670","ID":"0d59186b-5c0c-4e3d-b69c-492f574cc66a","childs":{"код":{"_level":2,"parentID":"0d59186b-5c0c-4e3d-b69c-492f574cc66a","firstParentID":"b9e10a19-43f1-415a-b0f0-b8c2d3fc9670","ID":"ab19fa2d-57ac-4c10-8864-36ad1f8a3c20","childs":null,"emcosID":null,"emcosMLID":null,"codMaketTEP":null,"codTEP":null,"WSName":"DB","rangeAddress":"$EA$95:$EA$132","headAddress":"$EA$95","bodyAddress":"$EA$96:$EA$132","_name":"код"},"основное":{"_level":2,"parentID":"0d59186b-5c0c-4e3d-b69c-492f574cc66a","firstParentID":"b9e10a19-43f1-415a-b0f0-b8c2d3fc9670","ID":"61a0d5aa-de9e-4f39-b193-875159fdf371","childs":null,"emcosID":null,"emcosMLID":null,"codMaketTEP":null,"codTEP":null,"WSName":"DB","rangeAddress":"$EB$95:$EB$132","headAddress":"$EB$95","bodyAddress":"$EB$96:$EB$132","_name":"основное"},"корректировка факт":{"_level":2,"parentID":"0d59186b-5c0c-4e3d-b69c-492f574cc66a","firstParentID":"b9e10a19-43f1-415a-b0f0-b8c2d3fc9670","ID":"cc666ad8-6330-4c22-b3b1-b1ba61a62b78","childs":null,"emcosID":null,"emcosMLID":null,"codMaketTEP":null,"codTEP":null,"WSName":"DB","rangeAddress":"$EC$95:$EC$132","headAddress":"$EC$95","bodyAddress":"$EC$96:$EC$132","_name":"корректировка факт"},"ручное":{"_level":2,"parentID":"0d59186b-5c0c-4e3d-b69c-492f574cc66a","firstParentID":"b9e10a19-43f1-415a-b0f0-b8c2d3fc9670","ID":"2bf8405a-b412-4e15-9795-9d869990e7b9","childs":null,"emcosID":null,"emcosMLID":null,"codMaketTEP":null,"codTEP":null,"WSName":"DB","rangeAddress":"$ED$95:$ED$132","headAddress":"$ED$95","bodyAddress":"$ED$96:$ED$132","_name":"ручное"},"оперативное":{"_level":2,"parentID":"0d59186b-5c0c-4e3d-b69c-492f574cc66a","firstParentID":"b9e10a19-43f1-415a-b0f0-b8c2d3fc9670","ID":"51f27252-17c7-4d2c-8b49-dff43c61c2b3","childs":null,"emcosID":null,"emcosMLID":null,"codMaketTEP":null,"codTEP":null,"WSName":"DB","rangeAddress":"$EE$95:$EE$132","headAddress":"$EE$95","bodyAddress":"$EE$96:$EE$132","_name":"оперативное"}},"emcosID":null,"emcosMLID":null,"codMaketTEP":null,"codTEP":null,"WSName":"DB","rangeAddress":"$EA$94:$EE$132","headAddress":"$EA$94:$EE$94","bodyAddress":"$EA$95:$EE$132","_name":"прием"},"отдача":{"_level":1,"parentID":"37cac750-4894-4466-aa2f-62df83e4e16a","firstParentID":"b9e10a19-43f1-415a-b0f0-b8c2d3fc9670","ID":"620a9a67-9df1-448b-bc00-0e8fe6b7159f","childs":{"код":{"_level":2,"parentID":"620a9a67-9df1-448b-bc00-0e8fe6b7159f","firstParentID":"b9e10a19-43f1-415a-b0f0-b8c2d3fc9670","ID":"7b1bd829-3aa1-4503-87cf-f673aa59d222","childs":null,"emcosID":null,"emcosMLID":null,"codMaketTEP":null,"codTEP":null,"WSName":"DB","rangeAddress":"$EF$95:$EF$132","headAddress":"$EF$95","bodyAddress":"$EF$96:$EF$132","_name":"код"},"основное":{"_level":2,"parentID":"620a9a67-9df1-448b-bc00-0e8fe6b7159f","firstParentID":"b9e10a19-43f1-415a-b0f0-b8c2d3fc9670","ID":"7d48771c-7d01-4967-8238-07c4e3ab73c2","childs":null,"emcosID":null,"emcosMLID":null,"codMaketTEP":null,"codTEP":null,"WSName":"DB","rangeAddress":"$EG$95:$EG$132","headAddress":"$EG$95","bodyAddress":"$EG$96:$EG$132","_name":"основное"},"корректировка факт":{"_level":2,"parentID":"620a9a67-9df1-448b-bc00-0e8fe6b7159f","firstParentID":"b9e10a19-43f1-415a-b0f0-b8c2d3fc9670","ID":"2ac05725-31c8-4982-9f85-8e20f2be7c06","childs":null,"emcosID":null,"emcosMLID":null,"codMaketTEP":null,"codTEP":null,"WSName":"DB","rangeAddress":"$EH$95:$EH$132","headAddress":"$EH$95","bodyAddress":"$EH$96:$EH$132","_name":"корректировка факт"},"ручное":{"_level":2,"parentID":"620a9a67-9df1-448b-bc00-0e8fe6b7159f","firstParentID":"b9e10a19-43f1-415a-b0f0-b8c2d3fc9670","ID":"9f9fc2d9-a22e-4eb3-9168-5fe47333f08a","childs":null,"emcosID":null,"emcosMLID":null,"codMaketTEP":null,"codTEP":null,"WSName":"DB","rangeAddress":"$EI$95:$EI$132","headAddress":"$EI$95","bodyAddress":"$EI$96:$EI$132","_name":"ручное"},"оперативное":{"_level":2,"parentID":"620a9a67-9df1-448b-bc00-0e8fe6b7159f","firstParentID":"b9e10a19-43f1-415a-b0f0-b8c2d3fc9670","ID":"0c94efa3-86cb-497b-aea0-c0304bf2265c","childs":null,"emcosID":null,"emcosMLID":null,"codMaketTEP":null,"codTEP":null,"WSName":"DB","rangeAddress":"$EJ$95:$EJ$132","headAddress":"$EJ$95","bodyAddress":"$EJ$96:$EJ$132","_name":"оперативное"}},"emcosID":null,"emcosMLID":null,"codMaketTEP":null,"codTEP":null,"WSName":"DB","rangeAddress":"$EF$94:$EJ$132","headAddress":"$EF$94:$EJ$94","bodyAddress":"$EF$95:$EJ$132","_name":"отдача"}},"emcosID":null,"emcosMLID":null,"codMaketTEP":null,"codTEP":null,"WSName":"DB","rangeAddress":"$EA$93:$EJ$132","headAddress":"$EA$93:$EJ$93","bodyAddress":"$EA$94:$EJ$132","_name":"Л2053 Робот 143А"}},"codPlan":null,"meterCoef":null,"_name":"Л2053 Робот 143А"}