{"ID":"b9fe2d15-f997-4444-954a-9efd195a3ca4","childs":{"PS":{"_level":0,"parentID":"b9fe2d15-f997-4444-954a-9efd195a3ca4","firstParentID":"b9fe2d15-f997-4444-954a-9efd195a3ca4","ID":"2616582c-24fb-4f7c-8707-f7629e93d626","childs":{"отдача":{"_level":1,"parentID":"2616582c-24fb-4f7c-8707-f7629e93d626","firstParentID":"b9fe2d15-f997-4444-954a-9efd195a3ca4","ID":"5c8bf0ea-77f2-4c52-a38a-631ee3b5deee","childs":{"ручное":{"_level":2,"parentID":"5c8bf0ea-77f2-4c52-a38a-631ee3b5deee","firstParentID":"b9fe2d15-f997-4444-954a-9efd195a3ca4","ID":"d08a7760-1468-4323-b460-abe57bef5e8c","childs":null,"emcosID":null,"emcosMLID":null,"codMaketTEP":null,"codTEP":null,"WSName":"PS","rangeAddress":"$DC$185:$DC$221","headAddress":"$DC$185","bodyAddress":"$DC$186:$DC$221","_name":"ручное"}},"emcosID":null,"emcosMLID":null,"codMaketTEP":null,"codTEP":null,"WSName":"PS","rangeAddress":"$DC$184:$DC$221","headAddress":"$DC$184","bodyAddress":"$DC$185:$DC$221","_name":"отдача"}},"emcosID":null,"emcosMLID":null,"codMaketTEP":null,"codTEP":null,"WSName":"PS","rangeAddress":"$DC$183:$DC$221","headAddress":"$DC$183","bodyAddress":"$DC$184:$DC$221","_name":"Генерация Жетысу Энерго Караш"},"DB":{"_level":0,"parentID":"b9fe2d15-f997-4444-954a-9efd195a3ca4","firstParentID":"b9fe2d15-f997-4444-954a-9efd195a3ca4","ID":"4a90a0df-6c34-47bc-a001-042ed74edc46","childs":{"отдача":{"_level":1,"parentID":"4a90a0df-6c34-47bc-a001-042ed74edc46","firstParentID":"b9fe2d15-f997-4444-954a-9efd195a3ca4","ID":"e3e4e3de-79f4-4fff-b849-fa1922d72392","childs":{"код":{"_level":2,"parentID":"e3e4e3de-79f4-4fff-b849-fa1922d72392","firstParentID":"b9fe2d15-f997-4444-954a-9efd195a3ca4","ID":"da79b211-caed-4ef9-b4b3-15980762afe1","childs":null,"emcosID":null,"emcosMLID":null,"codMaketTEP":null,"codTEP":null,"WSName":"DB","rangeAddress":"$GH$267:$GH$304","headAddress":"$GH$267","bodyAddress":"$GH$268:$GH$304","_name":"код"},"основное":{"_level":2,"parentID":"e3e4e3de-79f4-4fff-b849-fa1922d72392","firstParentID":"b9fe2d15-f997-4444-954a-9efd195a3ca4","ID":"30c7e492-9d6e-43af-aa90-21a72617f7ec","childs":null,"emcosID":null,"emcosMLID":null,"codMaketTEP":null,"codTEP":null,"WSName":"DB","rangeAddress":"$GI$267:$GI$304","headAddress":"$GI$267","bodyAddress":"$GI$268:$GI$304","_name":"основное"},"корректировка факт":{"_level":2,"parentID":"e3e4e3de-79f4-4fff-b849-fa1922d72392","firstParentID":"b9fe2d15-f997-4444-954a-9efd195a3ca4","ID":"0d941e31-e147-42c4-956e-9b266d614efb","childs":null,"emcosID":null,"emcosMLID":null,"codMaketTEP":null,"codTEP":null,"WSName":"DB","rangeAddress":"$GJ$267:$GJ$304","headAddress":"$GJ$267","bodyAddress":"$GJ$268:$GJ$304","_name":"корректировка факт"},"ручное":{"_level":2,"parentID":"e3e4e3de-79f4-4fff-b849-fa1922d72392","firstParentID":"b9fe2d15-f997-4444-954a-9efd195a3ca4","ID":"5b5b42df-aa52-4b9e-9a9f-fae1d8a03277","childs":null,"emcosID":null,"emcosMLID":null,"codMaketTEP":null,"codTEP":null,"WSName":"DB","rangeAddress":"$GK$267:$GK$304","headAddress":"$GK$267","bodyAddress":"$GK$268:$GK$304","_name":"ручное"}},"emcosID":null,"emcosMLID":null,"codMaketTEP":null,"codTEP":null,"WSName":"DB","rangeAddress":"$GH$266:$GK$304","headAddress":"$GH$266:$GK$266","bodyAddress":"$GH$267:$GK$304","_name":"отдача"}},"emcosID":null,"emcosMLID":null,"codMaketTEP":null,"codTEP":null,"WSName":"DB","rangeAddress":"$GH$265:$GK$304","headAddress":"$GH$265:$GK$265","bodyAddress":"$GH$266:$GK$304","_name":"Генерация Жетысу Энерго Караш"}},"codPlan":null,"meterCoef":null,"_name":"Генерация Жетысу Энерго Караш"}