{"ID":"bab12f50-0fc0-465a-95fd-9f4531a9af8d","childs":{"PS":{"_level":0,"parentID":"bab12f50-0fc0-465a-95fd-9f4531a9af8d","firstParentID":"bab12f50-0fc0-465a-95fd-9f4531a9af8d","ID":"738b0528-6648-4eba-afbe-fe5f8c941132","childs":{"отдача":{"_level":1,"parentID":"738b0528-6648-4eba-afbe-fe5f8c941132","firstParentID":"bab12f50-0fc0-465a-95fd-9f4531a9af8d","ID":"9f041bbc-ac53-4407-a2d5-0a5e9234c9e9","childs":{"оперативное":{"_level":2,"parentID":"9f041bbc-ac53-4407-a2d5-0a5e9234c9e9","firstParentID":"bab12f50-0fc0-465a-95fd-9f4531a9af8d","ID":"9196e6d2-b3f0-4537-90f9-3db5ab05aebe","childs":null,"emcosID":null,"emcosMLID":null,"codMaketTEP":null,"codTEP":null,"WSName":"PS","rangeAddress":"$BX$185:$BX$221","headAddress":"$BX$185","bodyAddress":"$BX$186:$BX$221","_name":"оперативное"}},"emcosID":null,"emcosMLID":null,"codMaketTEP":null,"codTEP":null,"WSName":"PS","rangeAddress":"$BX$184:$BX$221","headAddress":"$BX$184","bodyAddress":"$BX$185:$BX$221","_name":"отдача"},"план":{"_level":1,"parentID":"738b0528-6648-4eba-afbe-fe5f8c941132","firstParentID":"bab12f50-0fc0-465a-95fd-9f4531a9af8d","ID":"d983e5dc-5579-4875-96de-ddf04ff6e6ab","childs":{"заявка":{"_level":2,"parentID":"d983e5dc-5579-4875-96de-ddf04ff6e6ab","firstParentID":"bab12f50-0fc0-465a-95fd-9f4531a9af8d","ID":"6b3f3e05-8f5a-4072-9209-a15b71ceb984","childs":null,"emcosID":null,"emcosMLID":null,"codMaketTEP":null,"codTEP":null,"WSName":"PS","rangeAddress":"$BY$185:$BY$221","headAddress":"$BY$185","bodyAddress":"$BY$186:$BY$221","_name":"заявка"}},"emcosID":null,"emcosMLID":null,"codMaketTEP":null,"codTEP":null,"WSName":"PS","rangeAddress":"$BY$184:$BY$221","headAddress":"$BY$184","bodyAddress":"$BY$185:$BY$221","_name":"план"}},"emcosID":null,"emcosMLID":null,"codMaketTEP":null,"codTEP":null,"WSName":"PS","rangeAddress":"$BX$183:$BY$221","headAddress":"$BX$183:$BY$183","bodyAddress":"$BX$184:$BY$221","_name":"Каскад ГЭС АлЭС"},"DB":{"_level":0,"parentID":"bab12f50-0fc0-465a-95fd-9f4531a9af8d","firstParentID":"bab12f50-0fc0-465a-95fd-9f4531a9af8d","ID":"2372f1ca-cd4a-48ab-9bed-c9ddc9cb6c81","childs":{"отдача":{"_level":1,"parentID":"2372f1ca-cd4a-48ab-9bed-c9ddc9cb6c81","firstParentID":"bab12f50-0fc0-465a-95fd-9f4531a9af8d","ID":"2f440d8e-eba8-4348-82ba-d40cdccd7618","childs":{"код":{"_level":2,"parentID":"2f440d8e-eba8-4348-82ba-d40cdccd7618","firstParentID":"bab12f50-0fc0-465a-95fd-9f4531a9af8d","ID":"ecb1afd8-adcf-4740-b041-c99b1dfdd91e","childs":null,"emcosID":null,"emcosMLID":null,"codMaketTEP":null,"codTEP":null,"WSName":"DB","rangeAddress":"$FO$181:$FO$218","headAddress":"$FO$181","bodyAddress":"$FO$182:$FO$218","_name":"код"},"основное":{"_level":2,"parentID":"2f440d8e-eba8-4348-82ba-d40cdccd7618","firstParentID":"bab12f50-0fc0-465a-95fd-9f4531a9af8d","ID":"5d95f4f8-3736-4b36-a83c-1e4ff98d8e21","childs":null,"emcosID":null,"emcosMLID":null,"codMaketTEP":null,"codTEP":null,"WSName":"DB","rangeAddress":"$FP$181:$FP$218","headAddress":"$FP$181","bodyAddress":"$FP$182:$FP$218","_name":"основное"},"корректировка факт":{"_level":2,"parentID":"2f440d8e-eba8-4348-82ba-d40cdccd7618","firstParentID":"bab12f50-0fc0-465a-95fd-9f4531a9af8d","ID":"41dbb8da-284a-4c3f-9366-df6c795e5759","childs":null,"emcosID":null,"emcosMLID":null,"codMaketTEP":null,"codTEP":null,"WSName":"DB","rangeAddress":"$FQ$181:$FQ$218","headAddress":"$FQ$181","bodyAddress":"$FQ$182:$FQ$218","_name":"корректировка факт"},"ручное":{"_level":2,"parentID":"2f440d8e-eba8-4348-82ba-d40cdccd7618","firstParentID":"bab12f50-0fc0-465a-95fd-9f4531a9af8d","ID":"55fb07ca-f2cb-4739-b0f2-764c85f9a06f","childs":null,"emcosID":null,"emcosMLID":null,"codMaketTEP":null,"codTEP":null,"WSName":"DB","rangeAddress":"$FR$181:$FR$218","headAddress":"$FR$181","bodyAddress":"$FR$182:$FR$218","_name":"ручное"},"оперативное":{"_level":2,"parentID":"2f440d8e-eba8-4348-82ba-d40cdccd7618","firstParentID":"bab12f50-0fc0-465a-95fd-9f4531a9af8d","ID":"5125ffca-d7fb-4a18-a5f8-43a6d471aa2f","childs":null,"emcosID":null,"emcosMLID":null,"codMaketTEP":null,"codTEP":null,"WSName":"DB","rangeAddress":"$FS$181:$FS$218","headAddress":"$FS$181","bodyAddress":"$FS$182:$FS$218","_name":"оперативное"},"по плану":{"_level":2,"parentID":"2f440d8e-eba8-4348-82ba-d40cdccd7618","firstParentID":"bab12f50-0fc0-465a-95fd-9f4531a9af8d","ID":"edac22b8-f5ba-4297-adc8-310639d950e8","childs":null,"emcosID":null,"emcosMLID":null,"codMaketTEP":null,"codTEP":null,"WSName":"DB","rangeAddress":"$FT$181:$FT$218","headAddress":"$FT$181","bodyAddress":"$FT$182:$FT$218","_name":"по плану"}},"emcosID":null,"emcosMLID":null,"codMaketTEP":null,"codTEP":null,"WSName":"DB","rangeAddress":"$FO$180:$FT$218","headAddress":"$FO$180:$FT$180","bodyAddress":"$FO$181:$FT$218","_name":"отдача"},"план":{"_level":1,"parentID":"2372f1ca-cd4a-48ab-9bed-c9ddc9cb6c81","firstParentID":"bab12f50-0fc0-465a-95fd-9f4531a9af8d","ID":"3da240a1-99f2-47a1-8ab8-6ceb286ba15b","childs":{"код":{"_level":2,"parentID":"3da240a1-99f2-47a1-8ab8-6ceb286ba15b","firstParentID":"bab12f50-0fc0-465a-95fd-9f4531a9af8d","ID":"efad8e61-1d95-4041-bbdf-1c4da0a493c0","childs":null,"emcosID":null,"emcosMLID":null,"codMaketTEP":null,"codTEP":null,"WSName":"DB","rangeAddress":"$FU$181:$FU$218","headAddress":"$FU$181","bodyAddress":"$FU$182:$FU$218","_name":"код"},"основное":{"_level":2,"parentID":"3da240a1-99f2-47a1-8ab8-6ceb286ba15b","firstParentID":"bab12f50-0fc0-465a-95fd-9f4531a9af8d","ID":"685cef3a-1824-4853-985f-00dd0b4a7d9f","childs":null,"emcosID":null,"emcosMLID":null,"codMaketTEP":null,"codTEP":null,"WSName":"DB","rangeAddress":"$FV$181:$FV$218","headAddress":"$FV$181","bodyAddress":"$FV$182:$FV$218","_name":"основное"},"заявка":{"_level":2,"parentID":"3da240a1-99f2-47a1-8ab8-6ceb286ba15b","firstParentID":"bab12f50-0fc0-465a-95fd-9f4531a9af8d","ID":"9142d943-4ea0-4722-b9c6-682304d97cba","childs":null,"emcosID":null,"emcosMLID":null,"codMaketTEP":null,"codTEP":null,"WSName":"DB","rangeAddress":"$FW$181:$FW$218","headAddress":"$FW$181","bodyAddress":"$FW$182:$FW$218","_name":"заявка"},"утвержденный":{"_level":2,"parentID":"3da240a1-99f2-47a1-8ab8-6ceb286ba15b","firstParentID":"bab12f50-0fc0-465a-95fd-9f4531a9af8d","ID":"cd3f3536-7f49-42a9-8e5a-7455b50937bd","childs":null,"emcosID":null,"emcosMLID":null,"codMaketTEP":null,"codTEP":null,"WSName":"DB","rangeAddress":"$FX$181:$FX$218","headAddress":"$FX$181","bodyAddress":"$FX$182:$FX$218","_name":"утвержденный"},"корректировка":{"_level":2,"parentID":"3da240a1-99f2-47a1-8ab8-6ceb286ba15b","firstParentID":"bab12f50-0fc0-465a-95fd-9f4531a9af8d","ID":"90bb5c7b-5bc5-4584-9b4c-f6f1c5f103c0","childs":null,"emcosID":null,"emcosMLID":null,"codMaketTEP":null,"codTEP":null,"WSName":"DB","rangeAddress":"$FY$181:$FY$218","headAddress":"$FY$181","bodyAddress":"$FY$182:$FY$218","_name":"корректировка"}},"emcosID":null,"emcosMLID":null,"codMaketTEP":null,"codTEP":null,"WSName":"DB","rangeAddress":"$FU$180:$FY$218","headAddress":"$FU$180:$FY$180","bodyAddress":"$FU$181:$FY$218","_name":"план"}},"emcosID":null,"emcosMLID":null,"codMaketTEP":null,"codTEP":null,"WSName":"DB","rangeAddress":"$FO$179:$FY$218","headAddress":"$FO$179:$FY$179","bodyAddress":"$FO$180:$FY$218","_name":"Каскад ГЭС АлЭС"}},"codPlan":21,"meterCoef":null,"_name":"Каскад ГЭС АлЭС"}