{"ID":"bab12f50-0fc0-465a-95fd-9f4531a9af8d","childs":{"PS":{"_level":0,"parentID":"bab12f50-0fc0-465a-95fd-9f4531a9af8d","firstParentID":"bab12f50-0fc0-465a-95fd-9f4531a9af8d","ID":"738b0528-6648-4eba-afbe-fe5f8c941132","childs":{"отдача":{"_level":1,"parentID":"738b0528-6648-4eba-afbe-fe5f8c941132","firstParentID":"bab12f50-0fc0-465a-95fd-9f4531a9af8d","ID":"9f041bbc-ac53-4407-a2d5-0a5e9234c9e9","childs":{"оперативное":{"_level":2,"parentID":"9f041bbc-ac53-4407-a2d5-0a5e9234c9e9","firstParentID":"bab12f50-0fc0-465a-95fd-9f4531a9af8d","ID":"9196e6d2-b3f0-4537-90f9-3db5ab05aebe","childs":null,"emcosID":null,"emcosMLID":null,"codMaketTEP":null,"codTEP":null,"WSName":"PS","rangeAddress":"$BZ$185:$BZ$221","headAddress":"$BZ$185","bodyAddress":"$BZ$186:$BZ$221","_name":"оперативное"}},"emcosID":null,"emcosMLID":null,"codMaketTEP":1312,"codTEP":null,"WSName":"PS","rangeAddress":"$BZ$184:$BZ$221","headAddress":"$BZ$184","bodyAddress":"$BZ$185:$BZ$221","_name":"отдача"},"план":{"_level":1,"parentID":"738b0528-6648-4eba-afbe-fe5f8c941132","firstParentID":"bab12f50-0fc0-465a-95fd-9f4531a9af8d","ID":"d983e5dc-5579-4875-96de-ddf04ff6e6ab","childs":{"заявка":{"_level":2,"parentID":"d983e5dc-5579-4875-96de-ddf04ff6e6ab","firstParentID":"bab12f50-0fc0-465a-95fd-9f4531a9af8d","ID":"6b3f3e05-8f5a-4072-9209-a15b71ceb984","childs":null,"emcosID":null,"emcosMLID":null,"codMaketTEP":null,"codTEP":null,"WSName":"PS","rangeAddress":"$CA$185:$CA$221","headAddress":"$CA$185","bodyAddress":"$CA$186:$CA$221","_name":"заявка"}},"emcosID":null,"emcosMLID":null,"codMaketTEP":null,"codTEP":null,"WSName":"PS","rangeAddress":"$CA$184:$CA$221","headAddress":"$CA$184","bodyAddress":"$CA$185:$CA$221","_name":"план"}},"emcosID":null,"emcosMLID":null,"codMaketTEP":null,"codTEP":null,"WSName":"PS","rangeAddress":"$BZ$183:$CA$221","headAddress":"$BZ$183:$CA$183","bodyAddress":"$BZ$184:$CA$221","_name":"Каскад ГЭС АлЭС"},"DB":{"_level":0,"parentID":"bab12f50-0fc0-465a-95fd-9f4531a9af8d","firstParentID":"bab12f50-0fc0-465a-95fd-9f4531a9af8d","ID":"2372f1ca-cd4a-48ab-9bed-c9ddc9cb6c81","childs":{"отдача":{"_level":1,"parentID":"2372f1ca-cd4a-48ab-9bed-c9ddc9cb6c81","firstParentID":"bab12f50-0fc0-465a-95fd-9f4531a9af8d","ID":"2f440d8e-eba8-4348-82ba-d40cdccd7618","childs":{"код":{"_level":2,"parentID":"2f440d8e-eba8-4348-82ba-d40cdccd7618","firstParentID":"bab12f50-0fc0-465a-95fd-9f4531a9af8d","ID":"ecb1afd8-adcf-4740-b041-c99b1dfdd91e","childs":null,"emcosID":null,"emcosMLID":null,"codMaketTEP":null,"codTEP":null,"WSName":"DB","rangeAddress":"$FI$181:$FI$218","headAddress":"$FI$181","bodyAddress":"$FI$182:$FI$218","_name":"код"},"основное":{"_level":2,"parentID":"2f440d8e-eba8-4348-82ba-d40cdccd7618","firstParentID":"bab12f50-0fc0-465a-95fd-9f4531a9af8d","ID":"5d95f4f8-3736-4b36-a83c-1e4ff98d8e21","childs":null,"emcosID":null,"emcosMLID":null,"codMaketTEP":null,"codTEP":null,"WSName":"DB","rangeAddress":"$FJ$181:$FJ$218","headAddress":"$FJ$181","bodyAddress":"$FJ$182:$FJ$218","_name":"основное"},"корректировка факт":{"_level":2,"parentID":"2f440d8e-eba8-4348-82ba-d40cdccd7618","firstParentID":"bab12f50-0fc0-465a-95fd-9f4531a9af8d","ID":"41dbb8da-284a-4c3f-9366-df6c795e5759","childs":null,"emcosID":null,"emcosMLID":null,"codMaketTEP":null,"codTEP":null,"WSName":"DB","rangeAddress":"$FK$181:$FK$218","headAddress":"$FK$181","bodyAddress":"$FK$182:$FK$218","_name":"корректировка факт"},"ручное":{"_level":2,"parentID":"2f440d8e-eba8-4348-82ba-d40cdccd7618","firstParentID":"bab12f50-0fc0-465a-95fd-9f4531a9af8d","ID":"55fb07ca-f2cb-4739-b0f2-764c85f9a06f","childs":null,"emcosID":null,"emcosMLID":null,"codMaketTEP":null,"codTEP":null,"WSName":"DB","rangeAddress":"$FL$181:$FL$218","headAddress":"$FL$181","bodyAddress":"$FL$182:$FL$218","_name":"ручное"},"оперативное":{"_level":2,"parentID":"2f440d8e-eba8-4348-82ba-d40cdccd7618","firstParentID":"bab12f50-0fc0-465a-95fd-9f4531a9af8d","ID":"5125ffca-d7fb-4a18-a5f8-43a6d471aa2f","childs":null,"emcosID":null,"emcosMLID":null,"codMaketTEP":null,"codTEP":null,"WSName":"DB","rangeAddress":"$FM$181:$FM$218","headAddress":"$FM$181","bodyAddress":"$FM$182:$FM$218","_name":"оперативное"},"по плану":{"_level":2,"parentID":"2f440d8e-eba8-4348-82ba-d40cdccd7618","firstParentID":"bab12f50-0fc0-465a-95fd-9f4531a9af8d","ID":"edac22b8-f5ba-4297-adc8-310639d950e8","childs":null,"emcosID":null,"emcosMLID":null,"codMaketTEP":null,"codTEP":null,"WSName":"DB","rangeAddress":"$FN$181:$FN$218","headAddress":"$FN$181","bodyAddress":"$FN$182:$FN$218","_name":"по плану"}},"emcosID":null,"emcosMLID":null,"codMaketTEP":null,"codTEP":null,"WSName":"DB","rangeAddress":"$FI$180:$FN$218","headAddress":"$FI$180:$FN$180","bodyAddress":"$FI$181:$FN$218","_name":"отдача"},"план":{"_level":1,"parentID":"2372f1ca-cd4a-48ab-9bed-c9ddc9cb6c81","firstParentID":"bab12f50-0fc0-465a-95fd-9f4531a9af8d","ID":"3da240a1-99f2-47a1-8ab8-6ceb286ba15b","childs":{"код":{"_level":2,"parentID":"3da240a1-99f2-47a1-8ab8-6ceb286ba15b","firstParentID":"bab12f50-0fc0-465a-95fd-9f4531a9af8d","ID":"efad8e61-1d95-4041-bbdf-1c4da0a493c0","childs":null,"emcosID":null,"emcosMLID":null,"codMaketTEP":null,"codTEP":null,"WSName":"DB","rangeAddress":"$FO$181:$FO$218","headAddress":"$FO$181","bodyAddress":"$FO$182:$FO$218","_name":"код"},"основное":{"_level":2,"parentID":"3da240a1-99f2-47a1-8ab8-6ceb286ba15b","firstParentID":"bab12f50-0fc0-465a-95fd-9f4531a9af8d","ID":"685cef3a-1824-4853-985f-00dd0b4a7d9f","childs":null,"emcosID":null,"emcosMLID":null,"codMaketTEP":null,"codTEP":null,"WSName":"DB","rangeAddress":"$FP$181:$FP$218","headAddress":"$FP$181","bodyAddress":"$FP$182:$FP$218","_name":"основное"},"заявка":{"_level":2,"parentID":"3da240a1-99f2-47a1-8ab8-6ceb286ba15b","firstParentID":"bab12f50-0fc0-465a-95fd-9f4531a9af8d","ID":"9142d943-4ea0-4722-b9c6-682304d97cba","childs":null,"emcosID":null,"emcosMLID":null,"codMaketTEP":null,"codTEP":null,"WSName":"DB","rangeAddress":"$FQ$181:$FQ$218","headAddress":"$FQ$181","bodyAddress":"$FQ$182:$FQ$218","_name":"заявка"},"утвержденный":{"_level":2,"parentID":"3da240a1-99f2-47a1-8ab8-6ceb286ba15b","firstParentID":"bab12f50-0fc0-465a-95fd-9f4531a9af8d","ID":"cd3f3536-7f49-42a9-8e5a-7455b50937bd","childs":null,"emcosID":null,"emcosMLID":null,"codMaketTEP":null,"codTEP":null,"WSName":"DB","rangeAddress":"$FR$181:$FR$218","headAddress":"$FR$181","bodyAddress":"$FR$182:$FR$218","_name":"утвержденный"},"корректировка":{"_level":2,"parentID":"3da240a1-99f2-47a1-8ab8-6ceb286ba15b","firstParentID":"bab12f50-0fc0-465a-95fd-9f4531a9af8d","ID":"90bb5c7b-5bc5-4584-9b4c-f6f1c5f103c0","childs":null,"emcosID":null,"emcosMLID":null,"codMaketTEP":null,"codTEP":null,"WSName":"DB","rangeAddress":"$FS$181:$FS$218","headAddress":"$FS$181","bodyAddress":"$FS$182:$FS$218","_name":"корректировка"}},"emcosID":null,"emcosMLID":null,"codMaketTEP":null,"codTEP":null,"WSName":"DB","rangeAddress":"$FO$180:$FS$218","headAddress":"$FO$180:$FS$180","bodyAddress":"$FO$181:$FS$218","_name":"план"}},"emcosID":null,"emcosMLID":null,"codMaketTEP":null,"codTEP":null,"WSName":"DB","rangeAddress":"$FI$179:$FS$218","headAddress":"$FI$179:$FS$179","bodyAddress":"$FI$180:$FS$218","_name":"Каскад ГЭС АлЭС"}},"codPlan":21,"meterCoef":null,"_name":"Каскад ГЭС АлЭС"}