{"ID":"bab27a8c-1d14-4d2d-9cc0-8d79479f3ddc","childs":{"PS":{"_level":0,"parentID":"bab27a8c-1d14-4d2d-9cc0-8d79479f3ddc","firstParentID":"bab27a8c-1d14-4d2d-9cc0-8d79479f3ddc","ID":"af1cd308-518d-497b-a5be-3bb1a913bef9","childs":{"прием":{"_level":1,"parentID":"af1cd308-518d-497b-a5be-3bb1a913bef9","firstParentID":"bab27a8c-1d14-4d2d-9cc0-8d79479f3ddc","ID":"10e85d86-eb28-44c3-a3a3-4e857b17a92e","childs":{"формула":{"_level":2,"parentID":"10e85d86-eb28-44c3-a3a3-4e857b17a92e","firstParentID":"bab27a8c-1d14-4d2d-9cc0-8d79479f3ddc","ID":"8bf13899-2d4e-4248-9906-1abc783bfd6f","childs":null,"emcosID":null,"emcosMLID":null,"codMaketTEP":null,"codTEP":null,"WSName":"PS","rangeAddress":"$LF$99:$LF$135","headAddress":"$LF$99","bodyAddress":"$LF$100:$LF$135","_name":"формула"}},"emcosID":null,"emcosMLID":null,"codMaketTEP":null,"codTEP":null,"WSName":"PS","rangeAddress":"$LF$98:$LF$135","headAddress":"$LF$98","bodyAddress":"$LF$99:$LF$135","_name":"прием"}},"emcosID":null,"emcosMLID":null,"codMaketTEP":null,"codTEP":null,"WSName":"PS","rangeAddress":"$LF$97:$LF$135","headAddress":"$LF$97","bodyAddress":"$LF$98:$LF$135","_name":"Потребление Мын Арал тяга"},"DB":{"_level":0,"parentID":"bab27a8c-1d14-4d2d-9cc0-8d79479f3ddc","firstParentID":"bab27a8c-1d14-4d2d-9cc0-8d79479f3ddc","ID":"9a5638a0-1cd7-49f9-a61a-85ad4528b8f6","childs":{"прием":{"_level":1,"parentID":"9a5638a0-1cd7-49f9-a61a-85ad4528b8f6","firstParentID":"bab27a8c-1d14-4d2d-9cc0-8d79479f3ddc","ID":"db1ac124-5f41-45b9-9811-1425462af8e7","childs":{"код":{"_level":2,"parentID":"db1ac124-5f41-45b9-9811-1425462af8e7","firstParentID":"bab27a8c-1d14-4d2d-9cc0-8d79479f3ddc","ID":"5ce3321d-a3d1-4507-a88a-acc84bff2620","childs":null,"emcosID":null,"emcosMLID":null,"codMaketTEP":null,"codTEP":null,"WSName":"DB","rangeAddress":"$BF$95:$BF$132","headAddress":"$BF$95","bodyAddress":"$BF$96:$BF$132","_name":"код"},"основное":{"_level":2,"parentID":"db1ac124-5f41-45b9-9811-1425462af8e7","firstParentID":"bab27a8c-1d14-4d2d-9cc0-8d79479f3ddc","ID":"e437ddb2-73cc-4f1f-afc9-7c66e7a86ca0","childs":null,"emcosID":null,"emcosMLID":null,"codMaketTEP":null,"codTEP":null,"WSName":"DB","rangeAddress":"$BG$95:$BG$132","headAddress":"$BG$95","bodyAddress":"$BG$96:$BG$132","_name":"основное"},"корректировка факт":{"_level":2,"parentID":"db1ac124-5f41-45b9-9811-1425462af8e7","firstParentID":"bab27a8c-1d14-4d2d-9cc0-8d79479f3ddc","ID":"55dd5332-8545-400e-824d-276ba7550cce","childs":null,"emcosID":null,"emcosMLID":null,"codMaketTEP":null,"codTEP":null,"WSName":"DB","rangeAddress":"$BH$95:$BH$132","headAddress":"$BH$95","bodyAddress":"$BH$96:$BH$132","_name":"корректировка факт"},"ручное":{"_level":2,"parentID":"db1ac124-5f41-45b9-9811-1425462af8e7","firstParentID":"bab27a8c-1d14-4d2d-9cc0-8d79479f3ddc","ID":"28ede648-151e-4053-ba66-9ad19fda9d09","childs":null,"emcosID":null,"emcosMLID":null,"codMaketTEP":null,"codTEP":null,"WSName":"DB","rangeAddress":"$BI$95:$BI$132","headAddress":"$BI$95","bodyAddress":"$BI$96:$BI$132","_name":"ручное"},"формула":{"_level":2,"parentID":"db1ac124-5f41-45b9-9811-1425462af8e7","firstParentID":"bab27a8c-1d14-4d2d-9cc0-8d79479f3ddc","ID":"ebfaa44c-cc99-4d3c-8e33-cd863076884d","childs":null,"emcosID":null,"emcosMLID":null,"codMaketTEP":null,"codTEP":null,"WSName":"DB","rangeAddress":"$BJ$95:$BJ$132","headAddress":"$BJ$95","bodyAddress":"$BJ$96:$BJ$132","_name":"формула"}},"emcosID":null,"emcosMLID":null,"codMaketTEP":null,"codTEP":null,"WSName":"DB","rangeAddress":"$BF$94:$BJ$132","headAddress":"$BF$94:$BJ$94","bodyAddress":"$BF$95:$BJ$132","_name":"прием"}},"emcosID":null,"emcosMLID":null,"codMaketTEP":null,"codTEP":null,"WSName":"DB","rangeAddress":"$BF$93:$BJ$132","headAddress":"$BF$93:$BJ$93","bodyAddress":"$BF$94:$BJ$132","_name":"Потребление Мын Арал тяга"}},"codPlan":null,"meterCoef":null,"_name":"Потребление Мын Арал тяга"}