{"ID":"babf7fef-7c81-4bbe-aa62-e39d66b0e103","childs":{"PS":{"_level":0,"parentID":"babf7fef-7c81-4bbe-aa62-e39d66b0e103","firstParentID":"babf7fef-7c81-4bbe-aa62-e39d66b0e103","ID":"cdfa8019-4b13-44de-b407-e1ead8d1fdbd","childs":{"прием":{"_level":1,"parentID":"cdfa8019-4b13-44de-b407-e1ead8d1fdbd","firstParentID":"babf7fef-7c81-4bbe-aa62-e39d66b0e103","ID":"211e74fc-cd56-4216-b947-49fa376ddca6","childs":{"ручное":{"_level":2,"parentID":"211e74fc-cd56-4216-b947-49fa376ddca6","firstParentID":"babf7fef-7c81-4bbe-aa62-e39d66b0e103","ID":"fbf58956-d5cd-4a9d-9a7e-44903291a747","childs":null,"emcosID":null,"emcosMLID":null,"codMaketTEP":null,"codTEP":null,"WSName":"PS","rangeAddress":"$JP$99:$JP$135","headAddress":"$JP$99","bodyAddress":"$JP$100:$JP$135","_name":"ручное"}},"emcosID":null,"emcosMLID":null,"codMaketTEP":null,"codTEP":null,"WSName":"PS","rangeAddress":"$JP$98:$JP$135","headAddress":"$JP$98","bodyAddress":"$JP$99:$JP$135","_name":"прием"},"отдача":{"_level":1,"parentID":"cdfa8019-4b13-44de-b407-e1ead8d1fdbd","firstParentID":"babf7fef-7c81-4bbe-aa62-e39d66b0e103","ID":"cdd5dc40-5e3f-4156-be81-bb2d40b21dcc","childs":{"ручное":{"_level":2,"parentID":"cdd5dc40-5e3f-4156-be81-bb2d40b21dcc","firstParentID":"babf7fef-7c81-4bbe-aa62-e39d66b0e103","ID":"952be827-b1de-419a-8b75-c7d4a3f71afe","childs":null,"emcosID":null,"emcosMLID":null,"codMaketTEP":null,"codTEP":null,"WSName":"PS","rangeAddress":"$JQ$99:$JQ$135","headAddress":"$JQ$99","bodyAddress":"$JQ$100:$JQ$135","_name":"ручное"}},"emcosID":null,"emcosMLID":null,"codMaketTEP":null,"codTEP":null,"WSName":"PS","rangeAddress":"$JQ$98:$JQ$135","headAddress":"$JQ$98","bodyAddress":"$JQ$99:$JQ$135","_name":"отдача"}},"emcosID":null,"emcosMLID":null,"codMaketTEP":null,"codTEP":null,"WSName":"PS","rangeAddress":"$JP$97:$JQ$135","headAddress":"$JP$97:$JQ$97","bodyAddress":"$JP$98:$JQ$135","_name":"Л2313 Мын Арал тяга"},"DB":{"_level":0,"parentID":"babf7fef-7c81-4bbe-aa62-e39d66b0e103","firstParentID":"babf7fef-7c81-4bbe-aa62-e39d66b0e103","ID":"d53358d5-8816-404c-830d-86fde35267a1","childs":{"прием":{"_level":1,"parentID":"d53358d5-8816-404c-830d-86fde35267a1","firstParentID":"babf7fef-7c81-4bbe-aa62-e39d66b0e103","ID":"940b7f3e-cbf0-4f17-8b5b-4f30e9995507","childs":{"код":{"_level":2,"parentID":"940b7f3e-cbf0-4f17-8b5b-4f30e9995507","firstParentID":"babf7fef-7c81-4bbe-aa62-e39d66b0e103","ID":"29ea7840-7d9c-45be-83bb-01138c894ac8","childs":null,"emcosID":null,"emcosMLID":null,"codMaketTEP":null,"codTEP":null,"WSName":"DB","rangeAddress":"$BW$181:$BW$218","headAddress":"$BW$181","bodyAddress":"$BW$182:$BW$218","_name":"код"},"основное":{"_level":2,"parentID":"940b7f3e-cbf0-4f17-8b5b-4f30e9995507","firstParentID":"babf7fef-7c81-4bbe-aa62-e39d66b0e103","ID":"9fdb0aa6-4cb7-44c6-966f-8ab2ed9d9840","childs":null,"emcosID":null,"emcosMLID":null,"codMaketTEP":null,"codTEP":null,"WSName":"DB","rangeAddress":"$BX$181:$BX$218","headAddress":"$BX$181","bodyAddress":"$BX$182:$BX$218","_name":"основное"},"корректировка факт":{"_level":2,"parentID":"940b7f3e-cbf0-4f17-8b5b-4f30e9995507","firstParentID":"babf7fef-7c81-4bbe-aa62-e39d66b0e103","ID":"30983cfd-ffbf-4d14-9d8b-14c64fd173a8","childs":null,"emcosID":null,"emcosMLID":null,"codMaketTEP":null,"codTEP":null,"WSName":"DB","rangeAddress":"$BY$181:$BY$218","headAddress":"$BY$181","bodyAddress":"$BY$182:$BY$218","_name":"корректировка факт"},"ручное":{"_level":2,"parentID":"940b7f3e-cbf0-4f17-8b5b-4f30e9995507","firstParentID":"babf7fef-7c81-4bbe-aa62-e39d66b0e103","ID":"9c540d5f-6d6b-4a0a-b715-88a7f5dd210f","childs":null,"emcosID":null,"emcosMLID":null,"codMaketTEP":null,"codTEP":null,"WSName":"DB","rangeAddress":"$BZ$181:$BZ$218","headAddress":"$BZ$181","bodyAddress":"$BZ$182:$BZ$218","_name":"ручное"}},"emcosID":null,"emcosMLID":null,"codMaketTEP":null,"codTEP":null,"WSName":"DB","rangeAddress":"$BW$180:$BZ$218","headAddress":"$BW$180:$BZ$180","bodyAddress":"$BW$181:$BZ$218","_name":"прием"},"отдача":{"_level":1,"parentID":"d53358d5-8816-404c-830d-86fde35267a1","firstParentID":"babf7fef-7c81-4bbe-aa62-e39d66b0e103","ID":"df8270f5-2555-4260-af86-fe37a240ab7b","childs":{"код":{"_level":2,"parentID":"df8270f5-2555-4260-af86-fe37a240ab7b","firstParentID":"babf7fef-7c81-4bbe-aa62-e39d66b0e103","ID":"fa4ad427-9a0f-4987-b47f-90c123e8e567","childs":null,"emcosID":null,"emcosMLID":null,"codMaketTEP":null,"codTEP":null,"WSName":"DB","rangeAddress":"$CA$181:$CA$218","headAddress":"$CA$181","bodyAddress":"$CA$182:$CA$218","_name":"код"},"основное":{"_level":2,"parentID":"df8270f5-2555-4260-af86-fe37a240ab7b","firstParentID":"babf7fef-7c81-4bbe-aa62-e39d66b0e103","ID":"fb3b3ad8-f0a5-49b7-b31e-46df28b0153c","childs":null,"emcosID":null,"emcosMLID":null,"codMaketTEP":null,"codTEP":null,"WSName":"DB","rangeAddress":"$CB$181:$CB$218","headAddress":"$CB$181","bodyAddress":"$CB$182:$CB$218","_name":"основное"},"корректировка факт":{"_level":2,"parentID":"df8270f5-2555-4260-af86-fe37a240ab7b","firstParentID":"babf7fef-7c81-4bbe-aa62-e39d66b0e103","ID":"558738fc-b311-400d-bf66-d7b932444cf3","childs":null,"emcosID":null,"emcosMLID":null,"codMaketTEP":null,"codTEP":null,"WSName":"DB","rangeAddress":"$CC$181:$CC$218","headAddress":"$CC$181","bodyAddress":"$CC$182:$CC$218","_name":"корректировка факт"},"ручное":{"_level":2,"parentID":"df8270f5-2555-4260-af86-fe37a240ab7b","firstParentID":"babf7fef-7c81-4bbe-aa62-e39d66b0e103","ID":"c13bd9a5-3e18-4bf4-b422-7284baf7761b","childs":null,"emcosID":null,"emcosMLID":null,"codMaketTEP":null,"codTEP":null,"WSName":"DB","rangeAddress":"$CD$181:$CD$218","headAddress":"$CD$181","bodyAddress":"$CD$182:$CD$218","_name":"ручное"}},"emcosID":null,"emcosMLID":null,"codMaketTEP":null,"codTEP":null,"WSName":"DB","rangeAddress":"$CA$180:$CD$218","headAddress":"$CA$180:$CD$180","bodyAddress":"$CA$181:$CD$218","_name":"отдача"}},"emcosID":null,"emcosMLID":null,"codMaketTEP":null,"codTEP":null,"WSName":"DB","rangeAddress":"$BW$179:$CD$218","headAddress":"$BW$179:$CD$179","bodyAddress":"$BW$180:$CD$218","_name":"Л2313 Мын Арал тяга"}},"codPlan":null,"meterCoef":null,"_name":"Л2313 Мын Арал тяга"}