{"ID":"babf7fef-7c81-4bbe-aa62-e39d66b0e103","childs":{"PS":{"_level":0,"parentID":"babf7fef-7c81-4bbe-aa62-e39d66b0e103","firstParentID":"babf7fef-7c81-4bbe-aa62-e39d66b0e103","ID":"cdfa8019-4b13-44de-b407-e1ead8d1fdbd","childs":{"прием":{"_level":1,"parentID":"cdfa8019-4b13-44de-b407-e1ead8d1fdbd","firstParentID":"babf7fef-7c81-4bbe-aa62-e39d66b0e103","ID":"211e74fc-cd56-4216-b947-49fa376ddca6","childs":{"ручное":{"_level":2,"parentID":"211e74fc-cd56-4216-b947-49fa376ddca6","firstParentID":"babf7fef-7c81-4bbe-aa62-e39d66b0e103","ID":"fbf58956-d5cd-4a9d-9a7e-44903291a747","childs":null,"emcosID":null,"emcosMLID":null,"codMaketTEP":null,"codTEP":null,"WSName":"PS","rangeAddress":"$JK$99:$JK$135","headAddress":"$JK$99","bodyAddress":"$JK$100:$JK$135","_name":"ручное"}},"emcosID":null,"emcosMLID":null,"codMaketTEP":null,"codTEP":null,"WSName":"PS","rangeAddress":"$JK$98:$JK$135","headAddress":"$JK$98","bodyAddress":"$JK$99:$JK$135","_name":"прием"},"отдача":{"_level":1,"parentID":"cdfa8019-4b13-44de-b407-e1ead8d1fdbd","firstParentID":"babf7fef-7c81-4bbe-aa62-e39d66b0e103","ID":"cdd5dc40-5e3f-4156-be81-bb2d40b21dcc","childs":{"ручное":{"_level":2,"parentID":"cdd5dc40-5e3f-4156-be81-bb2d40b21dcc","firstParentID":"babf7fef-7c81-4bbe-aa62-e39d66b0e103","ID":"952be827-b1de-419a-8b75-c7d4a3f71afe","childs":null,"emcosID":null,"emcosMLID":null,"codMaketTEP":null,"codTEP":null,"WSName":"PS","rangeAddress":"$JL$99:$JL$135","headAddress":"$JL$99","bodyAddress":"$JL$100:$JL$135","_name":"ручное"}},"emcosID":null,"emcosMLID":null,"codMaketTEP":null,"codTEP":null,"WSName":"PS","rangeAddress":"$JL$98:$JL$135","headAddress":"$JL$98","bodyAddress":"$JL$99:$JL$135","_name":"отдача"}},"emcosID":null,"emcosMLID":null,"codMaketTEP":null,"codTEP":null,"WSName":"PS","rangeAddress":"$JK$97:$JL$135","headAddress":"$JK$97:$JL$97","bodyAddress":"$JK$98:$JL$135","_name":"Л2313 Мын Арал тяга"},"DB":{"_level":0,"parentID":"babf7fef-7c81-4bbe-aa62-e39d66b0e103","firstParentID":"babf7fef-7c81-4bbe-aa62-e39d66b0e103","ID":"d53358d5-8816-404c-830d-86fde35267a1","childs":{"прием":{"_level":1,"parentID":"d53358d5-8816-404c-830d-86fde35267a1","firstParentID":"babf7fef-7c81-4bbe-aa62-e39d66b0e103","ID":"940b7f3e-cbf0-4f17-8b5b-4f30e9995507","childs":{"код":{"_level":2,"parentID":"940b7f3e-cbf0-4f17-8b5b-4f30e9995507","firstParentID":"babf7fef-7c81-4bbe-aa62-e39d66b0e103","ID":"29ea7840-7d9c-45be-83bb-01138c894ac8","childs":null,"emcosID":null,"emcosMLID":null,"codMaketTEP":null,"codTEP":null,"WSName":"DB","rangeAddress":"$BL$181:$BL$218","headAddress":"$BL$181","bodyAddress":"$BL$182:$BL$218","_name":"код"},"основное":{"_level":2,"parentID":"940b7f3e-cbf0-4f17-8b5b-4f30e9995507","firstParentID":"babf7fef-7c81-4bbe-aa62-e39d66b0e103","ID":"9fdb0aa6-4cb7-44c6-966f-8ab2ed9d9840","childs":null,"emcosID":null,"emcosMLID":null,"codMaketTEP":null,"codTEP":null,"WSName":"DB","rangeAddress":"$BM$181:$BM$218","headAddress":"$BM$181","bodyAddress":"$BM$182:$BM$218","_name":"основное"},"корректировка факт":{"_level":2,"parentID":"940b7f3e-cbf0-4f17-8b5b-4f30e9995507","firstParentID":"babf7fef-7c81-4bbe-aa62-e39d66b0e103","ID":"30983cfd-ffbf-4d14-9d8b-14c64fd173a8","childs":null,"emcosID":null,"emcosMLID":null,"codMaketTEP":null,"codTEP":null,"WSName":"DB","rangeAddress":"$BN$181:$BN$218","headAddress":"$BN$181","bodyAddress":"$BN$182:$BN$218","_name":"корректировка факт"},"ручное":{"_level":2,"parentID":"940b7f3e-cbf0-4f17-8b5b-4f30e9995507","firstParentID":"babf7fef-7c81-4bbe-aa62-e39d66b0e103","ID":"9c540d5f-6d6b-4a0a-b715-88a7f5dd210f","childs":null,"emcosID":null,"emcosMLID":null,"codMaketTEP":null,"codTEP":null,"WSName":"DB","rangeAddress":"$BO$181:$BO$218","headAddress":"$BO$181","bodyAddress":"$BO$182:$BO$218","_name":"ручное"}},"emcosID":null,"emcosMLID":null,"codMaketTEP":null,"codTEP":null,"WSName":"DB","rangeAddress":"$BL$180:$BO$218","headAddress":"$BL$180:$BO$180","bodyAddress":"$BL$181:$BO$218","_name":"прием"},"отдача":{"_level":1,"parentID":"d53358d5-8816-404c-830d-86fde35267a1","firstParentID":"babf7fef-7c81-4bbe-aa62-e39d66b0e103","ID":"df8270f5-2555-4260-af86-fe37a240ab7b","childs":{"код":{"_level":2,"parentID":"df8270f5-2555-4260-af86-fe37a240ab7b","firstParentID":"babf7fef-7c81-4bbe-aa62-e39d66b0e103","ID":"fa4ad427-9a0f-4987-b47f-90c123e8e567","childs":null,"emcosID":null,"emcosMLID":null,"codMaketTEP":null,"codTEP":null,"WSName":"DB","rangeAddress":"$BP$181:$BP$218","headAddress":"$BP$181","bodyAddress":"$BP$182:$BP$218","_name":"код"},"основное":{"_level":2,"parentID":"df8270f5-2555-4260-af86-fe37a240ab7b","firstParentID":"babf7fef-7c81-4bbe-aa62-e39d66b0e103","ID":"fb3b3ad8-f0a5-49b7-b31e-46df28b0153c","childs":null,"emcosID":null,"emcosMLID":null,"codMaketTEP":null,"codTEP":null,"WSName":"DB","rangeAddress":"$BQ$181:$BQ$218","headAddress":"$BQ$181","bodyAddress":"$BQ$182:$BQ$218","_name":"основное"},"корректировка факт":{"_level":2,"parentID":"df8270f5-2555-4260-af86-fe37a240ab7b","firstParentID":"babf7fef-7c81-4bbe-aa62-e39d66b0e103","ID":"558738fc-b311-400d-bf66-d7b932444cf3","childs":null,"emcosID":null,"emcosMLID":null,"codMaketTEP":null,"codTEP":null,"WSName":"DB","rangeAddress":"$BR$181:$BR$218","headAddress":"$BR$181","bodyAddress":"$BR$182:$BR$218","_name":"корректировка факт"},"ручное":{"_level":2,"parentID":"df8270f5-2555-4260-af86-fe37a240ab7b","firstParentID":"babf7fef-7c81-4bbe-aa62-e39d66b0e103","ID":"c13bd9a5-3e18-4bf4-b422-7284baf7761b","childs":null,"emcosID":null,"emcosMLID":null,"codMaketTEP":null,"codTEP":null,"WSName":"DB","rangeAddress":"$BS$181:$BS$218","headAddress":"$BS$181","bodyAddress":"$BS$182:$BS$218","_name":"ручное"}},"emcosID":null,"emcosMLID":null,"codMaketTEP":null,"codTEP":null,"WSName":"DB","rangeAddress":"$BP$180:$BS$218","headAddress":"$BP$180:$BS$180","bodyAddress":"$BP$181:$BS$218","_name":"отдача"}},"emcosID":null,"emcosMLID":null,"codMaketTEP":null,"codTEP":null,"WSName":"DB","rangeAddress":"$BL$179:$BS$218","headAddress":"$BL$179:$BS$179","bodyAddress":"$BL$180:$BS$218","_name":"Л2313 Мын Арал тяга"}},"codPlan":null,"meterCoef":null,"_name":"Л2313 Мын Арал тяга"}