{"ID":"bacd297d-2c9c-447f-944c-3bc254dbc9b1","childs":{"PS":{"_level":0,"parentID":"bacd297d-2c9c-447f-944c-3bc254dbc9b1","firstParentID":"bacd297d-2c9c-447f-944c-3bc254dbc9b1","ID":"cdce5398-07ae-4c42-b297-00726dfee5a9","childs":{"прием":{"_level":1,"parentID":"cdce5398-07ae-4c42-b297-00726dfee5a9","firstParentID":"bacd297d-2c9c-447f-944c-3bc254dbc9b1","ID":"a9ccc10a-dafd-4f12-82da-3e822d6ff4b5","childs":{"по счетчику":{"_level":2,"parentID":"a9ccc10a-dafd-4f12-82da-3e822d6ff4b5","firstParentID":"bacd297d-2c9c-447f-944c-3bc254dbc9b1","ID":"1f9d030b-70d4-4cb1-8916-5c2da60be2c5","childs":null,"emcosID":null,"emcosMLID":null,"codMaketTEP":null,"codTEP":null,"WSName":"PS","rangeAddress":"$BT$99:$BT$135","headAddress":"$BT$99","bodyAddress":"$BT$100:$BT$135","_name":"по счетчику"}},"emcosID":null,"emcosMLID":null,"codMaketTEP":null,"codTEP":null,"WSName":"PS","rangeAddress":"$BT$98:$BT$135","headAddress":"$BT$98","bodyAddress":"$BT$99:$BT$135","_name":"прием"},"отдача":{"_level":1,"parentID":"cdce5398-07ae-4c42-b297-00726dfee5a9","firstParentID":"bacd297d-2c9c-447f-944c-3bc254dbc9b1","ID":"c8f59544-161e-49bf-90e2-6f5aa5cc7b36","childs":{"по счетчику":{"_level":2,"parentID":"c8f59544-161e-49bf-90e2-6f5aa5cc7b36","firstParentID":"bacd297d-2c9c-447f-944c-3bc254dbc9b1","ID":"5eaca98b-754d-4cd0-a3ae-dc6d073ce515","childs":null,"emcosID":null,"emcosMLID":null,"codMaketTEP":null,"codTEP":null,"WSName":"PS","rangeAddress":"$BU$99:$BU$135","headAddress":"$BU$99","bodyAddress":"$BU$100:$BU$135","_name":"по счетчику"}},"emcosID":null,"emcosMLID":null,"codMaketTEP":null,"codTEP":null,"WSName":"PS","rangeAddress":"$BU$98:$BU$135","headAddress":"$BU$98","bodyAddress":"$BU$99:$BU$135","_name":"отдача"}},"emcosID":null,"emcosMLID":null,"codMaketTEP":null,"codTEP":null,"WSName":"PS","rangeAddress":"$BT$97:$BU$135","headAddress":"$BT$97:$BU$97","bodyAddress":"$BT$98:$BU$135","_name":"КЛ82 ПС152 Талдыкорган"},"DB":{"_level":0,"parentID":"bacd297d-2c9c-447f-944c-3bc254dbc9b1","firstParentID":"bacd297d-2c9c-447f-944c-3bc254dbc9b1","ID":"ebcf92fa-d948-40d5-b940-8b838fd94515","childs":{"прием":{"_level":1,"parentID":"ebcf92fa-d948-40d5-b940-8b838fd94515","firstParentID":"bacd297d-2c9c-447f-944c-3bc254dbc9b1","ID":"b6532210-e298-47f0-9f0c-bcd98f562fb3","childs":{"код":{"_level":2,"parentID":"b6532210-e298-47f0-9f0c-bcd98f562fb3","firstParentID":"bacd297d-2c9c-447f-944c-3bc254dbc9b1","ID":"ea04d730-b984-4eab-88cf-f85e1e43775c","childs":null,"emcosID":null,"emcosMLID":null,"codMaketTEP":null,"codTEP":null,"WSName":"DB","rangeAddress":"$BQ$267:$BQ$304","headAddress":"$BQ$267","bodyAddress":"$BQ$268:$BQ$304","_name":"код"},"основное":{"_level":2,"parentID":"b6532210-e298-47f0-9f0c-bcd98f562fb3","firstParentID":"bacd297d-2c9c-447f-944c-3bc254dbc9b1","ID":"0c1cf056-5709-4344-b526-676e5da36aab","childs":null,"emcosID":null,"emcosMLID":null,"codMaketTEP":null,"codTEP":null,"WSName":"DB","rangeAddress":"$BR$267:$BR$304","headAddress":"$BR$267","bodyAddress":"$BR$268:$BR$304","_name":"основное"},"корректировка факт":{"_level":2,"parentID":"b6532210-e298-47f0-9f0c-bcd98f562fb3","firstParentID":"bacd297d-2c9c-447f-944c-3bc254dbc9b1","ID":"5f2c6cff-ec43-491d-836a-2065b7cbc697","childs":null,"emcosID":null,"emcosMLID":null,"codMaketTEP":null,"codTEP":null,"WSName":"DB","rangeAddress":"$BS$267:$BS$304","headAddress":"$BS$267","bodyAddress":"$BS$268:$BS$304","_name":"корректировка факт"},"ручное":{"_level":2,"parentID":"b6532210-e298-47f0-9f0c-bcd98f562fb3","firstParentID":"bacd297d-2c9c-447f-944c-3bc254dbc9b1","ID":"8efa7c6d-3204-4d7a-9710-0b5c41923ed2","childs":null,"emcosID":null,"emcosMLID":null,"codMaketTEP":null,"codTEP":null,"WSName":"DB","rangeAddress":"$BT$267:$BT$304","headAddress":"$BT$267","bodyAddress":"$BT$268:$BT$304","_name":"ручное"},"оперативное":{"_level":2,"parentID":"b6532210-e298-47f0-9f0c-bcd98f562fb3","firstParentID":"bacd297d-2c9c-447f-944c-3bc254dbc9b1","ID":"7b2072ad-d32f-4d7b-96ac-29843999b64e","childs":null,"emcosID":null,"emcosMLID":null,"codMaketTEP":null,"codTEP":null,"WSName":"DB","rangeAddress":"$BU$267:$BU$304","headAddress":"$BU$267","bodyAddress":"$BU$268:$BU$304","_name":"оперативное"},"счетчик":{"_level":2,"parentID":"b6532210-e298-47f0-9f0c-bcd98f562fb3","firstParentID":"bacd297d-2c9c-447f-944c-3bc254dbc9b1","ID":"7a4fb85e-a652-47b4-b5f3-17b8ffdc4ebf","childs":null,"emcosID":null,"emcosMLID":null,"codMaketTEP":null,"codTEP":null,"WSName":"DB","rangeAddress":"$BV$267:$BV$304","headAddress":"$BV$267","bodyAddress":"$BV$268:$BV$304","_name":"счетчик"},"по счетчику":{"_level":2,"parentID":"b6532210-e298-47f0-9f0c-bcd98f562fb3","firstParentID":"bacd297d-2c9c-447f-944c-3bc254dbc9b1","ID":"18411a90-8209-4dfb-aad1-e2f739bd22af","childs":null,"emcosID":null,"emcosMLID":null,"codMaketTEP":null,"codTEP":null,"WSName":"DB","rangeAddress":"$BW$267:$BW$304","headAddress":"$BW$267","bodyAddress":"$BW$268:$BW$304","_name":"по счетчику"}},"emcosID":null,"emcosMLID":null,"codMaketTEP":null,"codTEP":null,"WSName":"DB","rangeAddress":"$BQ$266:$BW$304","headAddress":"$BQ$266:$BW$266","bodyAddress":"$BQ$267:$BW$304","_name":"прием"},"отдача":{"_level":1,"parentID":"ebcf92fa-d948-40d5-b940-8b838fd94515","firstParentID":"bacd297d-2c9c-447f-944c-3bc254dbc9b1","ID":"9f3bd126-0e6c-4d5f-9bb6-9aefc2e601dd","childs":{"код":{"_level":2,"parentID":"9f3bd126-0e6c-4d5f-9bb6-9aefc2e601dd","firstParentID":"bacd297d-2c9c-447f-944c-3bc254dbc9b1","ID":"df3b0402-210c-477d-894e-6641b7517112","childs":null,"emcosID":null,"emcosMLID":null,"codMaketTEP":null,"codTEP":null,"WSName":"DB","rangeAddress":"$BX$267:$BX$304","headAddress":"$BX$267","bodyAddress":"$BX$268:$BX$304","_name":"код"},"основное":{"_level":2,"parentID":"9f3bd126-0e6c-4d5f-9bb6-9aefc2e601dd","firstParentID":"bacd297d-2c9c-447f-944c-3bc254dbc9b1","ID":"4162f441-e159-4f0e-af1d-e90236400470","childs":null,"emcosID":null,"emcosMLID":null,"codMaketTEP":null,"codTEP":null,"WSName":"DB","rangeAddress":"$BY$267:$BY$304","headAddress":"$BY$267","bodyAddress":"$BY$268:$BY$304","_name":"основное"},"корректировка факт":{"_level":2,"parentID":"9f3bd126-0e6c-4d5f-9bb6-9aefc2e601dd","firstParentID":"bacd297d-2c9c-447f-944c-3bc254dbc9b1","ID":"a3d94897-5538-4499-8124-dcc1eb4c78a6","childs":null,"emcosID":null,"emcosMLID":null,"codMaketTEP":null,"codTEP":null,"WSName":"DB","rangeAddress":"$BZ$267:$BZ$304","headAddress":"$BZ$267","bodyAddress":"$BZ$268:$BZ$304","_name":"корректировка факт"},"ручное":{"_level":2,"parentID":"9f3bd126-0e6c-4d5f-9bb6-9aefc2e601dd","firstParentID":"bacd297d-2c9c-447f-944c-3bc254dbc9b1","ID":"63f69b71-e42a-4b94-85c9-525d230bc365","childs":null,"emcosID":null,"emcosMLID":null,"codMaketTEP":null,"codTEP":null,"WSName":"DB","rangeAddress":"$CA$267:$CA$304","headAddress":"$CA$267","bodyAddress":"$CA$268:$CA$304","_name":"ручное"},"оперативное":{"_level":2,"parentID":"9f3bd126-0e6c-4d5f-9bb6-9aefc2e601dd","firstParentID":"bacd297d-2c9c-447f-944c-3bc254dbc9b1","ID":"bc6d4805-9418-4c6d-b039-e422e895217b","childs":null,"emcosID":null,"emcosMLID":null,"codMaketTEP":null,"codTEP":null,"WSName":"DB","rangeAddress":"$CB$267:$CB$304","headAddress":"$CB$267","bodyAddress":"$CB$268:$CB$304","_name":"оперативное"},"счетчик":{"_level":2,"parentID":"9f3bd126-0e6c-4d5f-9bb6-9aefc2e601dd","firstParentID":"bacd297d-2c9c-447f-944c-3bc254dbc9b1","ID":"20499dac-08c8-432d-82e5-854fba9fd071","childs":null,"emcosID":null,"emcosMLID":null,"codMaketTEP":null,"codTEP":null,"WSName":"DB","rangeAddress":"$CC$267:$CC$304","headAddress":"$CC$267","bodyAddress":"$CC$268:$CC$304","_name":"счетчик"},"по счетчику":{"_level":2,"parentID":"9f3bd126-0e6c-4d5f-9bb6-9aefc2e601dd","firstParentID":"bacd297d-2c9c-447f-944c-3bc254dbc9b1","ID":"c1195eb0-f3fb-4889-9246-3a5bf7f0a5f5","childs":null,"emcosID":null,"emcosMLID":null,"codMaketTEP":null,"codTEP":null,"WSName":"DB","rangeAddress":"$CD$267:$CD$304","headAddress":"$CD$267","bodyAddress":"$CD$268:$CD$304","_name":"по счетчику"}},"emcosID":null,"emcosMLID":null,"codMaketTEP":null,"codTEP":null,"WSName":"DB","rangeAddress":"$BX$266:$CD$304","headAddress":"$BX$266:$CD$266","bodyAddress":"$BX$267:$CD$304","_name":"отдача"}},"emcosID":null,"emcosMLID":null,"codMaketTEP":null,"codTEP":null,"WSName":"DB","rangeAddress":"$BQ$265:$CD$304","headAddress":"$BQ$265:$CD$265","bodyAddress":"$BQ$266:$CD$304","_name":"КЛ82 ПС152 Талдыкорган"}},"codPlan":null,"meterCoef":"6","_name":"КЛ82 ПС152 Талдыкорган"}