{"ID":"bb466494-487c-44e8-8477-a1a96e57fff1","childs":{"PS":{"_level":0,"parentID":"bb466494-487c-44e8-8477-a1a96e57fff1","firstParentID":"bb466494-487c-44e8-8477-a1a96e57fff1","ID":"d07f658b-f996-491e-9905-c7c8459d60b0","childs":{"прием":{"_level":1,"parentID":"d07f658b-f996-491e-9905-c7c8459d60b0","firstParentID":"bb466494-487c-44e8-8477-a1a96e57fff1","ID":"e07c8b97-9a12-403d-bd0a-209006f1854e","childs":{"формула":{"_level":2,"parentID":"e07c8b97-9a12-403d-bd0a-209006f1854e","firstParentID":"bb466494-487c-44e8-8477-a1a96e57fff1","ID":"0daf9b02-5cbe-4b26-bd5f-c71c3623e40b","childs":null,"emcosID":null,"emcosMLID":null,"codMaketTEP":null,"codTEP":null,"WSName":"PS","rangeAddress":"$K$228:$K$264","headAddress":"$K$228","bodyAddress":"$K$229:$K$264","_name":"формула"}},"emcosID":null,"emcosMLID":null,"codMaketTEP":null,"codTEP":null,"WSName":"PS","rangeAddress":"$K$227:$K$264","headAddress":"$K$227","bodyAddress":"$K$228:$K$264","_name":"прием"}},"emcosID":null,"emcosMLID":null,"codMaketTEP":null,"codTEP":null,"WSName":"PS","rangeAddress":"$K$226:$K$264","headAddress":"$K$226","bodyAddress":"$K$227:$K$264","_name":"Потребление Qazaq DCS"},"DB":{"_level":0,"parentID":"bb466494-487c-44e8-8477-a1a96e57fff1","firstParentID":"bb466494-487c-44e8-8477-a1a96e57fff1","ID":"f37de399-fda1-4004-96d9-c174c16f37e1","childs":{"прием":{"_level":1,"parentID":"f37de399-fda1-4004-96d9-c174c16f37e1","firstParentID":"bb466494-487c-44e8-8477-a1a96e57fff1","ID":"a295b93b-ff59-4594-928b-4ae02f66e421","childs":{"код":{"_level":2,"parentID":"a295b93b-ff59-4594-928b-4ae02f66e421","firstParentID":"bb466494-487c-44e8-8477-a1a96e57fff1","ID":"f9de5781-a7b8-4236-8b69-e2d2c299c4aa","childs":null,"emcosID":null,"emcosMLID":null,"codMaketTEP":null,"codTEP":null,"WSName":"DB","rangeAddress":"$BO$396:$BO$433","headAddress":"$BO$396","bodyAddress":"$BO$397:$BO$433","_name":"код"},"основное":{"_level":2,"parentID":"a295b93b-ff59-4594-928b-4ae02f66e421","firstParentID":"bb466494-487c-44e8-8477-a1a96e57fff1","ID":"c6ef4ddc-a020-41bc-88ed-d6587dcc367a","childs":null,"emcosID":null,"emcosMLID":null,"codMaketTEP":null,"codTEP":null,"WSName":"DB","rangeAddress":"$BP$396:$BP$433","headAddress":"$BP$396","bodyAddress":"$BP$397:$BP$433","_name":"основное"},"корректировка факт":{"_level":2,"parentID":"a295b93b-ff59-4594-928b-4ae02f66e421","firstParentID":"bb466494-487c-44e8-8477-a1a96e57fff1","ID":"9e03e557-724c-4123-ad46-b7b253f13c78","childs":null,"emcosID":null,"emcosMLID":null,"codMaketTEP":null,"codTEP":null,"WSName":"DB","rangeAddress":"$BQ$396:$BQ$433","headAddress":"$BQ$396","bodyAddress":"$BQ$397:$BQ$433","_name":"корректировка факт"},"ручное":{"_level":2,"parentID":"a295b93b-ff59-4594-928b-4ae02f66e421","firstParentID":"bb466494-487c-44e8-8477-a1a96e57fff1","ID":"363dce27-fc92-4581-b8c9-bdb248ca8f1a","childs":null,"emcosID":null,"emcosMLID":null,"codMaketTEP":null,"codTEP":null,"WSName":"DB","rangeAddress":"$BR$396:$BR$433","headAddress":"$BR$396","bodyAddress":"$BR$397:$BR$433","_name":"ручное"},"формула":{"_level":2,"parentID":"a295b93b-ff59-4594-928b-4ae02f66e421","firstParentID":"bb466494-487c-44e8-8477-a1a96e57fff1","ID":"95143b11-d60c-476c-a984-15452d955340","childs":null,"emcosID":null,"emcosMLID":null,"codMaketTEP":null,"codTEP":null,"WSName":"DB","rangeAddress":"$BS$396:$BS$433","headAddress":"$BS$396","bodyAddress":"$BS$397:$BS$433","_name":"формула"}},"emcosID":null,"emcosMLID":null,"codMaketTEP":null,"codTEP":null,"WSName":"DB","rangeAddress":"$BO$395:$BS$433","headAddress":"$BO$395:$BS$395","bodyAddress":"$BO$396:$BS$433","_name":"прием"}},"emcosID":null,"emcosMLID":null,"codMaketTEP":null,"codTEP":null,"WSName":"DB","rangeAddress":"$BO$394:$BS$433","headAddress":"$BO$394:$BS$394","bodyAddress":"$BO$395:$BS$433","_name":"Потребление Qazaq DCS"}},"codPlan":null,"meterCoef":null,"_name":"Потребление Qazaq DCS"}