{"ID":"bbd1deb1-5e98-4405-8092-2ede4a28fa73","childs":{"PS":{"_level":0,"parentID":"bbd1deb1-5e98-4405-8092-2ede4a28fa73","firstParentID":"bbd1deb1-5e98-4405-8092-2ede4a28fa73","ID":"a61a8cae-bcbb-4834-b684-8f9cc1ab8e18","childs":{"прием":{"_level":1,"parentID":"a61a8cae-bcbb-4834-b684-8f9cc1ab8e18","firstParentID":"bbd1deb1-5e98-4405-8092-2ede4a28fa73","ID":"17f6a6eb-12ec-42b3-8be0-5997d793742d","childs":{"ручное":{"_level":2,"parentID":"17f6a6eb-12ec-42b3-8be0-5997d793742d","firstParentID":"bbd1deb1-5e98-4405-8092-2ede4a28fa73","ID":"5d44085a-13cb-4fca-9ebe-1c6f1714ca0d","childs":null,"emcosID":null,"emcosMLID":null,"codMaketTEP":null,"codTEP":null,"WSName":"PS","rangeAddress":"$M$185:$M$221","headAddress":"$M$185","bodyAddress":"$M$186:$M$221","_name":"ручное"}},"emcosID":null,"emcosMLID":null,"codMaketTEP":null,"codTEP":null,"WSName":"PS","rangeAddress":"$M$184:$M$221","headAddress":"$M$184","bodyAddress":"$M$185:$M$221","_name":"прием"},"план":{"_level":1,"parentID":"a61a8cae-bcbb-4834-b684-8f9cc1ab8e18","firstParentID":"bbd1deb1-5e98-4405-8092-2ede4a28fa73","ID":"ffdcb3b1-4a5f-4cbb-acd5-0969747a4429","childs":{"заявка":{"_level":2,"parentID":"ffdcb3b1-4a5f-4cbb-acd5-0969747a4429","firstParentID":"bbd1deb1-5e98-4405-8092-2ede4a28fa73","ID":"92659e5e-9646-4619-afb7-16a0d2f819bd","childs":null,"emcosID":null,"emcosMLID":null,"codMaketTEP":null,"codTEP":null,"WSName":"PS","rangeAddress":"$N$185:$N$221","headAddress":"$N$185","bodyAddress":"$N$186:$N$221","_name":"заявка"}},"emcosID":null,"emcosMLID":null,"codMaketTEP":null,"codTEP":null,"WSName":"PS","rangeAddress":"$N$184:$N$221","headAddress":"$N$184","bodyAddress":"$N$185:$N$221","_name":"план"}},"emcosID":null,"emcosMLID":null,"codMaketTEP":null,"codTEP":null,"WSName":"PS","rangeAddress":"$M$183:$N$221","headAddress":"$M$183:$N$183","bodyAddress":"$M$184:$N$221","_name":"Потребление Electric Eergy"},"DB":{"_level":0,"parentID":"bbd1deb1-5e98-4405-8092-2ede4a28fa73","firstParentID":"bbd1deb1-5e98-4405-8092-2ede4a28fa73","ID":"9da76595-63f8-42ab-8dd5-a8d3f843ce36","childs":{"прием":{"_level":1,"parentID":"9da76595-63f8-42ab-8dd5-a8d3f843ce36","firstParentID":"bbd1deb1-5e98-4405-8092-2ede4a28fa73","ID":"137405c5-fb97-4cbf-8581-7b5815102ea7","childs":{"код":{"_level":2,"parentID":"137405c5-fb97-4cbf-8581-7b5815102ea7","firstParentID":"bbd1deb1-5e98-4405-8092-2ede4a28fa73","ID":"f80575a0-956c-4cdf-a7d2-90175dcc25d8","childs":null,"emcosID":null,"emcosMLID":null,"codMaketTEP":null,"codTEP":null,"WSName":"DB","rangeAddress":"$AY$396:$AY$433","headAddress":"$AY$396","bodyAddress":"$AY$397:$AY$433","_name":"код"},"основное":{"_level":2,"parentID":"137405c5-fb97-4cbf-8581-7b5815102ea7","firstParentID":"bbd1deb1-5e98-4405-8092-2ede4a28fa73","ID":"8ca35fbe-906e-4235-b4b0-69619b77c21f","childs":null,"emcosID":null,"emcosMLID":null,"codMaketTEP":null,"codTEP":null,"WSName":"DB","rangeAddress":"$AZ$396:$AZ$433","headAddress":"$AZ$396","bodyAddress":"$AZ$397:$AZ$433","_name":"основное"},"корректировка факт":{"_level":2,"parentID":"137405c5-fb97-4cbf-8581-7b5815102ea7","firstParentID":"bbd1deb1-5e98-4405-8092-2ede4a28fa73","ID":"818ed080-743c-47e0-9f53-a5c6ee9836fa","childs":null,"emcosID":null,"emcosMLID":null,"codMaketTEP":null,"codTEP":null,"WSName":"DB","rangeAddress":"$BA$396:$BA$433","headAddress":"$BA$396","bodyAddress":"$BA$397:$BA$433","_name":"корректировка факт"},"ручное":{"_level":2,"parentID":"137405c5-fb97-4cbf-8581-7b5815102ea7","firstParentID":"bbd1deb1-5e98-4405-8092-2ede4a28fa73","ID":"43d8fe8c-d07c-487a-b739-1ae58c87e22d","childs":null,"emcosID":null,"emcosMLID":null,"codMaketTEP":null,"codTEP":null,"WSName":"DB","rangeAddress":"$BB$396:$BB$433","headAddress":"$BB$396","bodyAddress":"$BB$397:$BB$433","_name":"ручное"},"по плану":{"_level":2,"parentID":"137405c5-fb97-4cbf-8581-7b5815102ea7","firstParentID":"bbd1deb1-5e98-4405-8092-2ede4a28fa73","ID":"7d5aab2c-d905-403a-8568-604dbbc8e822","childs":null,"emcosID":null,"emcosMLID":null,"codMaketTEP":null,"codTEP":null,"WSName":"DB","rangeAddress":"$BC$396:$BC$433","headAddress":"$BC$396","bodyAddress":"$BC$397:$BC$433","_name":"по плану"}},"emcosID":null,"emcosMLID":null,"codMaketTEP":null,"codTEP":null,"WSName":"DB","rangeAddress":"$AY$395:$BC$433","headAddress":"$AY$395:$BC$395","bodyAddress":"$AY$396:$BC$433","_name":"прием"},"план":{"_level":1,"parentID":"9da76595-63f8-42ab-8dd5-a8d3f843ce36","firstParentID":"bbd1deb1-5e98-4405-8092-2ede4a28fa73","ID":"f0e0e25d-8e74-4231-b5e2-94d323df9d8e","childs":{"код":{"_level":2,"parentID":"f0e0e25d-8e74-4231-b5e2-94d323df9d8e","firstParentID":"bbd1deb1-5e98-4405-8092-2ede4a28fa73","ID":"73f24dfc-25d1-4382-ae91-2600a211a36a","childs":null,"emcosID":null,"emcosMLID":null,"codMaketTEP":null,"codTEP":null,"WSName":"DB","rangeAddress":"$BD$396:$BD$433","headAddress":"$BD$396","bodyAddress":"$BD$397:$BD$433","_name":"код"},"основное":{"_level":2,"parentID":"f0e0e25d-8e74-4231-b5e2-94d323df9d8e","firstParentID":"bbd1deb1-5e98-4405-8092-2ede4a28fa73","ID":"7ac7ae6e-09ed-4a51-a20b-3932017843b3","childs":null,"emcosID":null,"emcosMLID":null,"codMaketTEP":null,"codTEP":null,"WSName":"DB","rangeAddress":"$BE$396:$BE$433","headAddress":"$BE$396","bodyAddress":"$BE$397:$BE$433","_name":"основное"},"заявка":{"_level":2,"parentID":"f0e0e25d-8e74-4231-b5e2-94d323df9d8e","firstParentID":"bbd1deb1-5e98-4405-8092-2ede4a28fa73","ID":"315e1e3c-2e1c-42f4-b978-98041038e5fb","childs":null,"emcosID":null,"emcosMLID":null,"codMaketTEP":null,"codTEP":null,"WSName":"DB","rangeAddress":"$BF$396:$BF$433","headAddress":"$BF$396","bodyAddress":"$BF$397:$BF$433","_name":"заявка"},"утвержденный":{"_level":2,"parentID":"f0e0e25d-8e74-4231-b5e2-94d323df9d8e","firstParentID":"bbd1deb1-5e98-4405-8092-2ede4a28fa73","ID":"bcb6df81-a872-4b20-93c8-e958dae563b0","childs":null,"emcosID":null,"emcosMLID":null,"codMaketTEP":null,"codTEP":null,"WSName":"DB","rangeAddress":"$BG$396:$BG$433","headAddress":"$BG$396","bodyAddress":"$BG$397:$BG$433","_name":"утвержденный"},"корректировка":{"_level":2,"parentID":"f0e0e25d-8e74-4231-b5e2-94d323df9d8e","firstParentID":"bbd1deb1-5e98-4405-8092-2ede4a28fa73","ID":"641d6201-53de-4014-bf1c-e71ee44727e1","childs":null,"emcosID":null,"emcosMLID":null,"codMaketTEP":null,"codTEP":null,"WSName":"DB","rangeAddress":"$BH$396:$BH$433","headAddress":"$BH$396","bodyAddress":"$BH$397:$BH$433","_name":"корректировка"}},"emcosID":null,"emcosMLID":null,"codMaketTEP":null,"codTEP":null,"WSName":"DB","rangeAddress":"$BD$395:$BH$433","headAddress":"$BD$395:$BH$395","bodyAddress":"$BD$396:$BH$433","_name":"план"}},"emcosID":null,"emcosMLID":null,"codMaketTEP":null,"codTEP":null,"WSName":"DB","rangeAddress":"$AY$394:$BH$433","headAddress":"$AY$394:$BH$394","bodyAddress":"$AY$395:$BH$433","_name":"Потребление Electric Eergy"}},"codPlan":3,"meterCoef":null,"_name":"Потребление Electric Eergy"}