{"ID":"bbd1deb1-5e98-4405-8092-2ede4a28fa73","childs":{"PS":{"_level":0,"parentID":"bbd1deb1-5e98-4405-8092-2ede4a28fa73","firstParentID":"bbd1deb1-5e98-4405-8092-2ede4a28fa73","ID":"a61a8cae-bcbb-4834-b684-8f9cc1ab8e18","childs":{"прием":{"_level":1,"parentID":"a61a8cae-bcbb-4834-b684-8f9cc1ab8e18","firstParentID":"bbd1deb1-5e98-4405-8092-2ede4a28fa73","ID":"17f6a6eb-12ec-42b3-8be0-5997d793742d","childs":{"по плану":{"_level":2,"parentID":"17f6a6eb-12ec-42b3-8be0-5997d793742d","firstParentID":"bbd1deb1-5e98-4405-8092-2ede4a28fa73","ID":"5d44085a-13cb-4fca-9ebe-1c6f1714ca0d","childs":null,"emcosID":null,"emcosMLID":null,"codMaketTEP":null,"codTEP":null,"WSName":"PS","rangeAddress":"$N$185:$N$221","headAddress":"$N$185","bodyAddress":"$N$186:$N$221","_name":"по плану"}},"emcosID":null,"emcosMLID":null,"codMaketTEP":1383,"codTEP":null,"WSName":"PS","rangeAddress":"$N$184:$N$221","headAddress":"$N$184","bodyAddress":"$N$185:$N$221","_name":"прием"},"план":{"_level":1,"parentID":"a61a8cae-bcbb-4834-b684-8f9cc1ab8e18","firstParentID":"bbd1deb1-5e98-4405-8092-2ede4a28fa73","ID":"ffdcb3b1-4a5f-4cbb-acd5-0969747a4429","childs":{"заявка":{"_level":2,"parentID":"ffdcb3b1-4a5f-4cbb-acd5-0969747a4429","firstParentID":"bbd1deb1-5e98-4405-8092-2ede4a28fa73","ID":"92659e5e-9646-4619-afb7-16a0d2f819bd","childs":null,"emcosID":null,"emcosMLID":null,"codMaketTEP":null,"codTEP":null,"WSName":"PS","rangeAddress":"$O$185:$O$221","headAddress":"$O$185","bodyAddress":"$O$186:$O$221","_name":"заявка"}},"emcosID":null,"emcosMLID":null,"codMaketTEP":null,"codTEP":null,"WSName":"PS","rangeAddress":"$O$184:$O$221","headAddress":"$O$184","bodyAddress":"$O$185:$O$221","_name":"план"}},"emcosID":null,"emcosMLID":null,"codMaketTEP":null,"codTEP":null,"WSName":"PS","rangeAddress":"$N$183:$O$221","headAddress":"$N$183:$O$183","bodyAddress":"$N$184:$O$221","_name":"Потребление Elektric Eergy"},"DB":{"_level":0,"parentID":"bbd1deb1-5e98-4405-8092-2ede4a28fa73","firstParentID":"bbd1deb1-5e98-4405-8092-2ede4a28fa73","ID":"9da76595-63f8-42ab-8dd5-a8d3f843ce36","childs":{"прием":{"_level":1,"parentID":"9da76595-63f8-42ab-8dd5-a8d3f843ce36","firstParentID":"bbd1deb1-5e98-4405-8092-2ede4a28fa73","ID":"137405c5-fb97-4cbf-8581-7b5815102ea7","childs":{"код":{"_level":2,"parentID":"137405c5-fb97-4cbf-8581-7b5815102ea7","firstParentID":"bbd1deb1-5e98-4405-8092-2ede4a28fa73","ID":"f80575a0-956c-4cdf-a7d2-90175dcc25d8","childs":null,"emcosID":null,"emcosMLID":null,"codMaketTEP":null,"codTEP":null,"WSName":"DB","rangeAddress":"$CH$396:$CH$433","headAddress":"$CH$396","bodyAddress":"$CH$397:$CH$433","_name":"код"},"основное":{"_level":2,"parentID":"137405c5-fb97-4cbf-8581-7b5815102ea7","firstParentID":"bbd1deb1-5e98-4405-8092-2ede4a28fa73","ID":"8ca35fbe-906e-4235-b4b0-69619b77c21f","childs":null,"emcosID":null,"emcosMLID":null,"codMaketTEP":null,"codTEP":null,"WSName":"DB","rangeAddress":"$CI$396:$CI$433","headAddress":"$CI$396","bodyAddress":"$CI$397:$CI$433","_name":"основное"},"корректировка факт":{"_level":2,"parentID":"137405c5-fb97-4cbf-8581-7b5815102ea7","firstParentID":"bbd1deb1-5e98-4405-8092-2ede4a28fa73","ID":"818ed080-743c-47e0-9f53-a5c6ee9836fa","childs":null,"emcosID":null,"emcosMLID":null,"codMaketTEP":null,"codTEP":null,"WSName":"DB","rangeAddress":"$CJ$396:$CJ$433","headAddress":"$CJ$396","bodyAddress":"$CJ$397:$CJ$433","_name":"корректировка факт"},"ручное":{"_level":2,"parentID":"137405c5-fb97-4cbf-8581-7b5815102ea7","firstParentID":"bbd1deb1-5e98-4405-8092-2ede4a28fa73","ID":"43d8fe8c-d07c-487a-b739-1ae58c87e22d","childs":null,"emcosID":null,"emcosMLID":null,"codMaketTEP":null,"codTEP":null,"WSName":"DB","rangeAddress":"$CK$396:$CK$433","headAddress":"$CK$396","bodyAddress":"$CK$397:$CK$433","_name":"ручное"},"по плану":{"_level":2,"parentID":"137405c5-fb97-4cbf-8581-7b5815102ea7","firstParentID":"bbd1deb1-5e98-4405-8092-2ede4a28fa73","ID":"7d5aab2c-d905-403a-8568-604dbbc8e822","childs":null,"emcosID":null,"emcosMLID":null,"codMaketTEP":null,"codTEP":null,"WSName":"DB","rangeAddress":"$CL$396:$CL$433","headAddress":"$CL$396","bodyAddress":"$CL$397:$CL$433","_name":"по плану"}},"emcosID":null,"emcosMLID":null,"codMaketTEP":null,"codTEP":null,"WSName":"DB","rangeAddress":"$CH$395:$CL$433","headAddress":"$CH$395:$CL$395","bodyAddress":"$CH$396:$CL$433","_name":"прием"},"план":{"_level":1,"parentID":"9da76595-63f8-42ab-8dd5-a8d3f843ce36","firstParentID":"bbd1deb1-5e98-4405-8092-2ede4a28fa73","ID":"f0e0e25d-8e74-4231-b5e2-94d323df9d8e","childs":{"код":{"_level":2,"parentID":"f0e0e25d-8e74-4231-b5e2-94d323df9d8e","firstParentID":"bbd1deb1-5e98-4405-8092-2ede4a28fa73","ID":"73f24dfc-25d1-4382-ae91-2600a211a36a","childs":null,"emcosID":null,"emcosMLID":null,"codMaketTEP":null,"codTEP":null,"WSName":"DB","rangeAddress":"$CM$396:$CM$433","headAddress":"$CM$396","bodyAddress":"$CM$397:$CM$433","_name":"код"},"основное":{"_level":2,"parentID":"f0e0e25d-8e74-4231-b5e2-94d323df9d8e","firstParentID":"bbd1deb1-5e98-4405-8092-2ede4a28fa73","ID":"7ac7ae6e-09ed-4a51-a20b-3932017843b3","childs":null,"emcosID":null,"emcosMLID":null,"codMaketTEP":null,"codTEP":null,"WSName":"DB","rangeAddress":"$CN$396:$CN$433","headAddress":"$CN$396","bodyAddress":"$CN$397:$CN$433","_name":"основное"},"заявка":{"_level":2,"parentID":"f0e0e25d-8e74-4231-b5e2-94d323df9d8e","firstParentID":"bbd1deb1-5e98-4405-8092-2ede4a28fa73","ID":"315e1e3c-2e1c-42f4-b978-98041038e5fb","childs":null,"emcosID":null,"emcosMLID":null,"codMaketTEP":null,"codTEP":null,"WSName":"DB","rangeAddress":"$CO$396:$CO$433","headAddress":"$CO$396","bodyAddress":"$CO$397:$CO$433","_name":"заявка"},"утвержденный":{"_level":2,"parentID":"f0e0e25d-8e74-4231-b5e2-94d323df9d8e","firstParentID":"bbd1deb1-5e98-4405-8092-2ede4a28fa73","ID":"bcb6df81-a872-4b20-93c8-e958dae563b0","childs":null,"emcosID":null,"emcosMLID":null,"codMaketTEP":null,"codTEP":null,"WSName":"DB","rangeAddress":"$CP$396:$CP$433","headAddress":"$CP$396","bodyAddress":"$CP$397:$CP$433","_name":"утвержденный"},"корректировка":{"_level":2,"parentID":"f0e0e25d-8e74-4231-b5e2-94d323df9d8e","firstParentID":"bbd1deb1-5e98-4405-8092-2ede4a28fa73","ID":"641d6201-53de-4014-bf1c-e71ee44727e1","childs":null,"emcosID":null,"emcosMLID":null,"codMaketTEP":null,"codTEP":null,"WSName":"DB","rangeAddress":"$CQ$396:$CQ$433","headAddress":"$CQ$396","bodyAddress":"$CQ$397:$CQ$433","_name":"корректировка"}},"emcosID":null,"emcosMLID":null,"codMaketTEP":null,"codTEP":null,"WSName":"DB","rangeAddress":"$CM$395:$CQ$433","headAddress":"$CM$395:$CQ$395","bodyAddress":"$CM$396:$CQ$433","_name":"план"}},"emcosID":null,"emcosMLID":null,"codMaketTEP":null,"codTEP":null,"WSName":"DB","rangeAddress":"$CH$394:$CQ$433","headAddress":"$CH$394:$CQ$394","bodyAddress":"$CH$395:$CQ$433","_name":"Потребление Elektric Eergy"}},"codPlan":3,"meterCoef":null,"_name":"Потребление Elektric Eergy"}