{"ID":"bbd1deb1-5e98-4405-8092-2ede4a28fa73","childs":{"PS":{"_level":0,"parentID":"bbd1deb1-5e98-4405-8092-2ede4a28fa73","firstParentID":"bbd1deb1-5e98-4405-8092-2ede4a28fa73","ID":"a61a8cae-bcbb-4834-b684-8f9cc1ab8e18","childs":{"прием":{"_level":1,"parentID":"a61a8cae-bcbb-4834-b684-8f9cc1ab8e18","firstParentID":"bbd1deb1-5e98-4405-8092-2ede4a28fa73","ID":"17f6a6eb-12ec-42b3-8be0-5997d793742d","childs":{"ручное":{"_level":2,"parentID":"17f6a6eb-12ec-42b3-8be0-5997d793742d","firstParentID":"bbd1deb1-5e98-4405-8092-2ede4a28fa73","ID":"5d44085a-13cb-4fca-9ebe-1c6f1714ca0d","childs":null,"emcosID":null,"emcosMLID":null,"codMaketTEP":null,"codTEP":null,"WSName":"PS","rangeAddress":"$S$185:$S$221","headAddress":"$S$185","bodyAddress":"$S$186:$S$221","_name":"ручное"}},"emcosID":null,"emcosMLID":null,"codMaketTEP":null,"codTEP":null,"WSName":"PS","rangeAddress":"$S$184:$S$221","headAddress":"$S$184","bodyAddress":"$S$185:$S$221","_name":"прием"},"план":{"_level":1,"parentID":"a61a8cae-bcbb-4834-b684-8f9cc1ab8e18","firstParentID":"bbd1deb1-5e98-4405-8092-2ede4a28fa73","ID":"ffdcb3b1-4a5f-4cbb-acd5-0969747a4429","childs":{"заявка":{"_level":2,"parentID":"ffdcb3b1-4a5f-4cbb-acd5-0969747a4429","firstParentID":"bbd1deb1-5e98-4405-8092-2ede4a28fa73","ID":"92659e5e-9646-4619-afb7-16a0d2f819bd","childs":null,"emcosID":null,"emcosMLID":null,"codMaketTEP":null,"codTEP":null,"WSName":"PS","rangeAddress":"$T$185:$T$221","headAddress":"$T$185","bodyAddress":"$T$186:$T$221","_name":"заявка"}},"emcosID":null,"emcosMLID":null,"codMaketTEP":null,"codTEP":null,"WSName":"PS","rangeAddress":"$T$184:$T$221","headAddress":"$T$184","bodyAddress":"$T$185:$T$221","_name":"план"}},"emcosID":null,"emcosMLID":null,"codMaketTEP":null,"codTEP":null,"WSName":"PS","rangeAddress":"$S$183:$T$221","headAddress":"$S$183:$T$183","bodyAddress":"$S$184:$T$221","_name":"Потребление Electric Eergy"},"DB":{"_level":0,"parentID":"bbd1deb1-5e98-4405-8092-2ede4a28fa73","firstParentID":"bbd1deb1-5e98-4405-8092-2ede4a28fa73","ID":"9da76595-63f8-42ab-8dd5-a8d3f843ce36","childs":{"прием":{"_level":1,"parentID":"9da76595-63f8-42ab-8dd5-a8d3f843ce36","firstParentID":"bbd1deb1-5e98-4405-8092-2ede4a28fa73","ID":"137405c5-fb97-4cbf-8581-7b5815102ea7","childs":{"код":{"_level":2,"parentID":"137405c5-fb97-4cbf-8581-7b5815102ea7","firstParentID":"bbd1deb1-5e98-4405-8092-2ede4a28fa73","ID":"f80575a0-956c-4cdf-a7d2-90175dcc25d8","childs":null,"emcosID":null,"emcosMLID":null,"codMaketTEP":null,"codTEP":null,"WSName":"DB","rangeAddress":"$BT$396:$BT$433","headAddress":"$BT$396","bodyAddress":"$BT$397:$BT$433","_name":"код"},"основное":{"_level":2,"parentID":"137405c5-fb97-4cbf-8581-7b5815102ea7","firstParentID":"bbd1deb1-5e98-4405-8092-2ede4a28fa73","ID":"8ca35fbe-906e-4235-b4b0-69619b77c21f","childs":null,"emcosID":null,"emcosMLID":null,"codMaketTEP":null,"codTEP":null,"WSName":"DB","rangeAddress":"$BU$396:$BU$433","headAddress":"$BU$396","bodyAddress":"$BU$397:$BU$433","_name":"основное"},"корректировка факт":{"_level":2,"parentID":"137405c5-fb97-4cbf-8581-7b5815102ea7","firstParentID":"bbd1deb1-5e98-4405-8092-2ede4a28fa73","ID":"818ed080-743c-47e0-9f53-a5c6ee9836fa","childs":null,"emcosID":null,"emcosMLID":null,"codMaketTEP":null,"codTEP":null,"WSName":"DB","rangeAddress":"$BV$396:$BV$433","headAddress":"$BV$396","bodyAddress":"$BV$397:$BV$433","_name":"корректировка факт"},"ручное":{"_level":2,"parentID":"137405c5-fb97-4cbf-8581-7b5815102ea7","firstParentID":"bbd1deb1-5e98-4405-8092-2ede4a28fa73","ID":"43d8fe8c-d07c-487a-b739-1ae58c87e22d","childs":null,"emcosID":null,"emcosMLID":null,"codMaketTEP":null,"codTEP":null,"WSName":"DB","rangeAddress":"$BW$396:$BW$433","headAddress":"$BW$396","bodyAddress":"$BW$397:$BW$433","_name":"ручное"},"по плану":{"_level":2,"parentID":"137405c5-fb97-4cbf-8581-7b5815102ea7","firstParentID":"bbd1deb1-5e98-4405-8092-2ede4a28fa73","ID":"7d5aab2c-d905-403a-8568-604dbbc8e822","childs":null,"emcosID":null,"emcosMLID":null,"codMaketTEP":null,"codTEP":null,"WSName":"DB","rangeAddress":"$BX$396:$BX$433","headAddress":"$BX$396","bodyAddress":"$BX$397:$BX$433","_name":"по плану"}},"emcosID":null,"emcosMLID":null,"codMaketTEP":null,"codTEP":null,"WSName":"DB","rangeAddress":"$BT$395:$BX$433","headAddress":"$BT$395:$BX$395","bodyAddress":"$BT$396:$BX$433","_name":"прием"},"план":{"_level":1,"parentID":"9da76595-63f8-42ab-8dd5-a8d3f843ce36","firstParentID":"bbd1deb1-5e98-4405-8092-2ede4a28fa73","ID":"f0e0e25d-8e74-4231-b5e2-94d323df9d8e","childs":{"код":{"_level":2,"parentID":"f0e0e25d-8e74-4231-b5e2-94d323df9d8e","firstParentID":"bbd1deb1-5e98-4405-8092-2ede4a28fa73","ID":"73f24dfc-25d1-4382-ae91-2600a211a36a","childs":null,"emcosID":null,"emcosMLID":null,"codMaketTEP":null,"codTEP":null,"WSName":"DB","rangeAddress":"$BY$396:$BY$433","headAddress":"$BY$396","bodyAddress":"$BY$397:$BY$433","_name":"код"},"основное":{"_level":2,"parentID":"f0e0e25d-8e74-4231-b5e2-94d323df9d8e","firstParentID":"bbd1deb1-5e98-4405-8092-2ede4a28fa73","ID":"7ac7ae6e-09ed-4a51-a20b-3932017843b3","childs":null,"emcosID":null,"emcosMLID":null,"codMaketTEP":null,"codTEP":null,"WSName":"DB","rangeAddress":"$BZ$396:$BZ$433","headAddress":"$BZ$396","bodyAddress":"$BZ$397:$BZ$433","_name":"основное"},"заявка":{"_level":2,"parentID":"f0e0e25d-8e74-4231-b5e2-94d323df9d8e","firstParentID":"bbd1deb1-5e98-4405-8092-2ede4a28fa73","ID":"315e1e3c-2e1c-42f4-b978-98041038e5fb","childs":null,"emcosID":null,"emcosMLID":null,"codMaketTEP":null,"codTEP":null,"WSName":"DB","rangeAddress":"$CA$396:$CA$433","headAddress":"$CA$396","bodyAddress":"$CA$397:$CA$433","_name":"заявка"},"утвержденный":{"_level":2,"parentID":"f0e0e25d-8e74-4231-b5e2-94d323df9d8e","firstParentID":"bbd1deb1-5e98-4405-8092-2ede4a28fa73","ID":"bcb6df81-a872-4b20-93c8-e958dae563b0","childs":null,"emcosID":null,"emcosMLID":null,"codMaketTEP":null,"codTEP":null,"WSName":"DB","rangeAddress":"$CB$396:$CB$433","headAddress":"$CB$396","bodyAddress":"$CB$397:$CB$433","_name":"утвержденный"},"корректировка":{"_level":2,"parentID":"f0e0e25d-8e74-4231-b5e2-94d323df9d8e","firstParentID":"bbd1deb1-5e98-4405-8092-2ede4a28fa73","ID":"641d6201-53de-4014-bf1c-e71ee44727e1","childs":null,"emcosID":null,"emcosMLID":null,"codMaketTEP":null,"codTEP":null,"WSName":"DB","rangeAddress":"$CC$396:$CC$433","headAddress":"$CC$396","bodyAddress":"$CC$397:$CC$433","_name":"корректировка"}},"emcosID":null,"emcosMLID":null,"codMaketTEP":null,"codTEP":null,"WSName":"DB","rangeAddress":"$BY$395:$CC$433","headAddress":"$BY$395:$CC$395","bodyAddress":"$BY$396:$CC$433","_name":"план"}},"emcosID":null,"emcosMLID":null,"codMaketTEP":null,"codTEP":null,"WSName":"DB","rangeAddress":"$BT$394:$CC$433","headAddress":"$BT$394:$CC$394","bodyAddress":"$BT$395:$CC$433","_name":"Потребление Electric Eergy"}},"codPlan":3,"meterCoef":null,"_name":"Потребление Electric Eergy"}