{"ID":"bc3e5a97-a0e9-4af8-b06a-bda76f92775c","childs":{"PS":{"_level":0,"parentID":"bc3e5a97-a0e9-4af8-b06a-bda76f92775c","firstParentID":"bc3e5a97-a0e9-4af8-b06a-bda76f92775c","ID":"ff7ca58e-fbc2-4479-bb3d-11d0f168216a","childs":{"прием":{"_level":1,"parentID":"ff7ca58e-fbc2-4479-bb3d-11d0f168216a","firstParentID":"bc3e5a97-a0e9-4af8-b06a-bda76f92775c","ID":"f87d2424-c137-4cdc-bfc9-0030734c262c","childs":{"ручное":{"_level":2,"parentID":"f87d2424-c137-4cdc-bfc9-0030734c262c","firstParentID":"bc3e5a97-a0e9-4af8-b06a-bda76f92775c","ID":"44df6a2d-3692-4a7c-977c-ef28326bd86d","childs":null,"emcosID":null,"emcosMLID":null,"codMaketTEP":null,"codTEP":null,"WSName":"PS","rangeAddress":"$H$185:$H$221","headAddress":"$H$185","bodyAddress":"$H$186:$H$221","_name":"ручное"}},"emcosID":null,"emcosMLID":null,"codMaketTEP":null,"codTEP":null,"WSName":"PS","rangeAddress":"$H$184:$H$221","headAddress":"$H$184","bodyAddress":"$H$185:$H$221","_name":"прием"}},"emcosID":null,"emcosMLID":null,"codMaketTEP":null,"codTEP":null,"WSName":"PS","rangeAddress":"$H$183:$H$221","headAddress":"$H$183","bodyAddress":"$H$184:$H$221","_name":"Потребление Балхашэнерго"},"DB":{"_level":0,"parentID":"bc3e5a97-a0e9-4af8-b06a-bda76f92775c","firstParentID":"bc3e5a97-a0e9-4af8-b06a-bda76f92775c","ID":"2c365385-efe9-4fa6-b1d7-45fc74a05f80","childs":{"прием":{"_level":1,"parentID":"2c365385-efe9-4fa6-b1d7-45fc74a05f80","firstParentID":"bc3e5a97-a0e9-4af8-b06a-bda76f92775c","ID":"d0ba1d6a-d1e9-4a08-af8a-167eed740aab","childs":{"код":{"_level":2,"parentID":"d0ba1d6a-d1e9-4a08-af8a-167eed740aab","firstParentID":"bc3e5a97-a0e9-4af8-b06a-bda76f92775c","ID":"060d95eb-39cc-4d5e-b32f-49990c3e4095","childs":null,"emcosID":null,"emcosMLID":null,"codMaketTEP":null,"codTEP":null,"WSName":"DB","rangeAddress":"$AC$138:$AC$175","headAddress":"$AC$138","bodyAddress":"$AC$139:$AC$175","_name":"код"},"основное":{"_level":2,"parentID":"d0ba1d6a-d1e9-4a08-af8a-167eed740aab","firstParentID":"bc3e5a97-a0e9-4af8-b06a-bda76f92775c","ID":"e1410e90-cd02-4d93-a135-d09698595986","childs":null,"emcosID":null,"emcosMLID":null,"codMaketTEP":null,"codTEP":null,"WSName":"DB","rangeAddress":"$AD$138:$AD$175","headAddress":"$AD$138","bodyAddress":"$AD$139:$AD$175","_name":"основное"},"корректировка факт":{"_level":2,"parentID":"d0ba1d6a-d1e9-4a08-af8a-167eed740aab","firstParentID":"bc3e5a97-a0e9-4af8-b06a-bda76f92775c","ID":"6f9530cc-d9c4-4c00-9604-2f542a7e372f","childs":null,"emcosID":null,"emcosMLID":null,"codMaketTEP":null,"codTEP":null,"WSName":"DB","rangeAddress":"$AE$138:$AE$175","headAddress":"$AE$138","bodyAddress":"$AE$139:$AE$175","_name":"корректировка факт"},"ручное":{"_level":2,"parentID":"d0ba1d6a-d1e9-4a08-af8a-167eed740aab","firstParentID":"bc3e5a97-a0e9-4af8-b06a-bda76f92775c","ID":"4456906e-2f5f-4205-96c6-ff7b7a4424a5","childs":null,"emcosID":null,"emcosMLID":null,"codMaketTEP":null,"codTEP":null,"WSName":"DB","rangeAddress":"$AF$138:$AF$175","headAddress":"$AF$138","bodyAddress":"$AF$139:$AF$175","_name":"ручное"}},"emcosID":null,"emcosMLID":null,"codMaketTEP":null,"codTEP":null,"WSName":"DB","rangeAddress":"$AC$137:$AF$175","headAddress":"$AC$137:$AF$137","bodyAddress":"$AC$138:$AF$175","_name":"прием"}},"emcosID":null,"emcosMLID":null,"codMaketTEP":null,"codTEP":null,"WSName":"DB","rangeAddress":"$AC$136:$AF$175","headAddress":"$AC$136:$AF$136","bodyAddress":"$AC$137:$AF$175","_name":"Потребление Балхашэнерго"}},"codPlan":null,"meterCoef":null,"_name":"Потребление Балхашэнерго"}