{"ID":"bc3e5a97-a0e9-4af8-b06a-bda76f92775c","childs":{"PS":{"_level":0,"parentID":"bc3e5a97-a0e9-4af8-b06a-bda76f92775c","firstParentID":"bc3e5a97-a0e9-4af8-b06a-bda76f92775c","ID":"ff7ca58e-fbc2-4479-bb3d-11d0f168216a","childs":{"прием":{"_level":1,"parentID":"ff7ca58e-fbc2-4479-bb3d-11d0f168216a","firstParentID":"bc3e5a97-a0e9-4af8-b06a-bda76f92775c","ID":"f87d2424-c137-4cdc-bfc9-0030734c262c","childs":{"ручное":{"_level":2,"parentID":"f87d2424-c137-4cdc-bfc9-0030734c262c","firstParentID":"bc3e5a97-a0e9-4af8-b06a-bda76f92775c","ID":"44df6a2d-3692-4a7c-977c-ef28326bd86d","childs":null,"emcosID":null,"emcosMLID":null,"codMaketTEP":null,"codTEP":null,"WSName":"PS","rangeAddress":"$G$185:$G$221","headAddress":"$G$185","bodyAddress":"$G$186:$G$221","_name":"ручное"}},"emcosID":null,"emcosMLID":null,"codMaketTEP":null,"codTEP":null,"WSName":"PS","rangeAddress":"$G$184:$G$221","headAddress":"$G$184","bodyAddress":"$G$185:$G$221","_name":"прием"}},"emcosID":null,"emcosMLID":null,"codMaketTEP":null,"codTEP":null,"WSName":"PS","rangeAddress":"$G$183:$G$221","headAddress":"$G$183","bodyAddress":"$G$184:$G$221","_name":"Потребление Балхашэнерго"},"DB":{"_level":0,"parentID":"bc3e5a97-a0e9-4af8-b06a-bda76f92775c","firstParentID":"bc3e5a97-a0e9-4af8-b06a-bda76f92775c","ID":"2c365385-efe9-4fa6-b1d7-45fc74a05f80","childs":{"прием":{"_level":1,"parentID":"2c365385-efe9-4fa6-b1d7-45fc74a05f80","firstParentID":"bc3e5a97-a0e9-4af8-b06a-bda76f92775c","ID":"d0ba1d6a-d1e9-4a08-af8a-167eed740aab","childs":{"код":{"_level":2,"parentID":"d0ba1d6a-d1e9-4a08-af8a-167eed740aab","firstParentID":"bc3e5a97-a0e9-4af8-b06a-bda76f92775c","ID":"060d95eb-39cc-4d5e-b32f-49990c3e4095","childs":null,"emcosID":null,"emcosMLID":null,"codMaketTEP":null,"codTEP":null,"WSName":"DB","rangeAddress":"$AU$138:$AU$175","headAddress":"$AU$138","bodyAddress":"$AU$139:$AU$175","_name":"код"},"основное":{"_level":2,"parentID":"d0ba1d6a-d1e9-4a08-af8a-167eed740aab","firstParentID":"bc3e5a97-a0e9-4af8-b06a-bda76f92775c","ID":"e1410e90-cd02-4d93-a135-d09698595986","childs":null,"emcosID":null,"emcosMLID":null,"codMaketTEP":null,"codTEP":null,"WSName":"DB","rangeAddress":"$AV$138:$AV$175","headAddress":"$AV$138","bodyAddress":"$AV$139:$AV$175","_name":"основное"},"корректировка факт":{"_level":2,"parentID":"d0ba1d6a-d1e9-4a08-af8a-167eed740aab","firstParentID":"bc3e5a97-a0e9-4af8-b06a-bda76f92775c","ID":"6f9530cc-d9c4-4c00-9604-2f542a7e372f","childs":null,"emcosID":null,"emcosMLID":null,"codMaketTEP":null,"codTEP":null,"WSName":"DB","rangeAddress":"$AW$138:$AW$175","headAddress":"$AW$138","bodyAddress":"$AW$139:$AW$175","_name":"корректировка факт"},"ручное":{"_level":2,"parentID":"d0ba1d6a-d1e9-4a08-af8a-167eed740aab","firstParentID":"bc3e5a97-a0e9-4af8-b06a-bda76f92775c","ID":"4456906e-2f5f-4205-96c6-ff7b7a4424a5","childs":null,"emcosID":null,"emcosMLID":null,"codMaketTEP":null,"codTEP":null,"WSName":"DB","rangeAddress":"$AX$138:$AX$175","headAddress":"$AX$138","bodyAddress":"$AX$139:$AX$175","_name":"ручное"}},"emcosID":null,"emcosMLID":null,"codMaketTEP":null,"codTEP":null,"WSName":"DB","rangeAddress":"$AU$137:$AX$175","headAddress":"$AU$137:$AX$137","bodyAddress":"$AU$138:$AX$175","_name":"прием"}},"emcosID":null,"emcosMLID":null,"codMaketTEP":null,"codTEP":null,"WSName":"DB","rangeAddress":"$AU$136:$AX$175","headAddress":"$AU$136:$AX$136","bodyAddress":"$AU$137:$AX$175","_name":"Потребление Балхашэнерго"}},"codPlan":null,"meterCoef":null,"_name":"Потребление Балхашэнерго"}