{"ID":"bd37605b-2521-491b-9738-0efbe4dc226b","childs":{"PS":{"_level":0,"parentID":"bd37605b-2521-491b-9738-0efbe4dc226b","firstParentID":"bd37605b-2521-491b-9738-0efbe4dc226b","ID":"163c6163-e8a1-4325-957a-af317e8a890a","childs":{"отдача":{"_level":1,"parentID":"163c6163-e8a1-4325-957a-af317e8a890a","firstParentID":"bd37605b-2521-491b-9738-0efbe4dc226b","ID":"811d8e78-ce23-4d6f-b8b6-cb6078e8b047","childs":{"ручное":{"_level":2,"parentID":"811d8e78-ce23-4d6f-b8b6-cb6078e8b047","firstParentID":"bd37605b-2521-491b-9738-0efbe4dc226b","ID":"e43e02b5-682e-4f2e-ac92-6ed171f3638c","childs":null,"emcosID":null,"emcosMLID":null,"codMaketTEP":null,"codTEP":null,"WSName":"PS","rangeAddress":"$DR$185:$DR$221","headAddress":"$DR$185","bodyAddress":"$DR$186:$DR$221","_name":"ручное"}},"emcosID":null,"emcosMLID":null,"codMaketTEP":null,"codTEP":null,"WSName":"PS","rangeAddress":"$DR$184:$DR$221","headAddress":"$DR$184","bodyAddress":"$DR$185:$DR$221","_name":"отдача"}},"emcosID":null,"emcosMLID":null,"codMaketTEP":null,"codTEP":null,"WSName":"PS","rangeAddress":"$DR$183:$DR$221","headAddress":"$DR$183","bodyAddress":"$DR$184:$DR$221","_name":"Генерация ВЭС Алатау Самрук Грин Энерджи"},"DB":{"_level":0,"parentID":"bd37605b-2521-491b-9738-0efbe4dc226b","firstParentID":"bd37605b-2521-491b-9738-0efbe4dc226b","ID":"332569f3-6730-49a1-9219-8f35a393fc34","childs":{"отдача":{"_level":1,"parentID":"332569f3-6730-49a1-9219-8f35a393fc34","firstParentID":"bd37605b-2521-491b-9738-0efbe4dc226b","ID":"3d00f17a-e73f-4f21-925d-0c4c509dff3b","childs":{"код":{"_level":2,"parentID":"3d00f17a-e73f-4f21-925d-0c4c509dff3b","firstParentID":"bd37605b-2521-491b-9738-0efbe4dc226b","ID":"af1cf1b2-3e5c-43f2-8726-ff64e49f65ac","childs":null,"emcosID":null,"emcosMLID":null,"codMaketTEP":null,"codTEP":null,"WSName":"DB","rangeAddress":"$FS$482:$FS$519","headAddress":"$FS$482","bodyAddress":"$FS$483:$FS$519","_name":"код"},"основное":{"_level":2,"parentID":"3d00f17a-e73f-4f21-925d-0c4c509dff3b","firstParentID":"bd37605b-2521-491b-9738-0efbe4dc226b","ID":"09de9463-3d8e-44c7-94bb-2e01677f02af","childs":null,"emcosID":null,"emcosMLID":null,"codMaketTEP":null,"codTEP":null,"WSName":"DB","rangeAddress":"$FT$482:$FT$519","headAddress":"$FT$482","bodyAddress":"$FT$483:$FT$519","_name":"основное"},"корректировка факт":{"_level":2,"parentID":"3d00f17a-e73f-4f21-925d-0c4c509dff3b","firstParentID":"bd37605b-2521-491b-9738-0efbe4dc226b","ID":"f104c55f-ce7d-41e7-9717-363245756253","childs":null,"emcosID":null,"emcosMLID":null,"codMaketTEP":null,"codTEP":null,"WSName":"DB","rangeAddress":"$FU$482:$FU$519","headAddress":"$FU$482","bodyAddress":"$FU$483:$FU$519","_name":"корректировка факт"},"ручное":{"_level":2,"parentID":"3d00f17a-e73f-4f21-925d-0c4c509dff3b","firstParentID":"bd37605b-2521-491b-9738-0efbe4dc226b","ID":"a55d5903-4d5e-4ed9-9bf5-4ae3d24dcd3a","childs":null,"emcosID":null,"emcosMLID":null,"codMaketTEP":null,"codTEP":null,"WSName":"DB","rangeAddress":"$FV$482:$FV$519","headAddress":"$FV$482","bodyAddress":"$FV$483:$FV$519","_name":"ручное"},"оперативное":{"_level":2,"parentID":"3d00f17a-e73f-4f21-925d-0c4c509dff3b","firstParentID":"bd37605b-2521-491b-9738-0efbe4dc226b","ID":"01df0887-f7cf-47e4-b4e2-d435f8bc9803","childs":null,"emcosID":null,"emcosMLID":null,"codMaketTEP":null,"codTEP":null,"WSName":"DB","rangeAddress":"$FW$482:$FW$519","headAddress":"$FW$482","bodyAddress":"$FW$483:$FW$519","_name":"оперативное"}},"emcosID":null,"emcosMLID":null,"codMaketTEP":null,"codTEP":null,"WSName":"DB","rangeAddress":"$FS$481:$FW$519","headAddress":"$FS$481:$FW$481","bodyAddress":"$FS$482:$FW$519","_name":"отдача"}},"emcosID":null,"emcosMLID":null,"codMaketTEP":null,"codTEP":null,"WSName":"DB","rangeAddress":"$FS$480:$FW$519","headAddress":"$FS$480:$FW$480","bodyAddress":"$FS$481:$FW$519","_name":"Генерация ВЭС Алатау Самрук Грин Энерджи"}},"codPlan":null,"meterCoef":null,"_name":"Генерация ВЭС Алатау Самрук Грин Энерджи"}