{"ID":"bea9cc18-7619-48ad-915a-0f5d94bf2f12","childs":{"PS":{"_level":0,"parentID":"bea9cc18-7619-48ad-915a-0f5d94bf2f12","firstParentID":"bea9cc18-7619-48ad-915a-0f5d94bf2f12","ID":"089d4979-5b2d-40c1-bafb-18c27e29bf40","childs":{"прием":{"_level":1,"parentID":"089d4979-5b2d-40c1-bafb-18c27e29bf40","firstParentID":"bea9cc18-7619-48ad-915a-0f5d94bf2f12","ID":"624285d0-8ad0-4007-8133-c6bf823fc85d","childs":{"ручное":{"_level":2,"parentID":"624285d0-8ad0-4007-8133-c6bf823fc85d","firstParentID":"bea9cc18-7619-48ad-915a-0f5d94bf2f12","ID":"6febc221-3057-45d1-ab6b-15adcd84c0ea","childs":null,"emcosID":null,"emcosMLID":null,"codMaketTEP":null,"codTEP":null,"WSName":"PS","rangeAddress":"$CC$185:$CC$221","headAddress":"$CC$185","bodyAddress":"$CC$186:$CC$221","_name":"ручное"}},"emcosID":null,"emcosMLID":null,"codMaketTEP":null,"codTEP":null,"WSName":"PS","rangeAddress":"$CC$184:$CC$221","headAddress":"$CC$184","bodyAddress":"$CC$185:$CC$221","_name":"прием"},"план":{"_level":1,"parentID":"089d4979-5b2d-40c1-bafb-18c27e29bf40","firstParentID":"bea9cc18-7619-48ad-915a-0f5d94bf2f12","ID":"c2a5371d-0ce1-4d89-bb6e-2d707f3aba2d","childs":{"заявка":{"_level":2,"parentID":"c2a5371d-0ce1-4d89-bb6e-2d707f3aba2d","firstParentID":"bea9cc18-7619-48ad-915a-0f5d94bf2f12","ID":"dbe4fba3-20a0-41dd-9a20-586db57491c1","childs":null,"emcosID":null,"emcosMLID":null,"codMaketTEP":null,"codTEP":null,"WSName":"PS","rangeAddress":"$CD$185:$CD$221","headAddress":"$CD$185","bodyAddress":"$CD$186:$CD$221","_name":"заявка"}},"emcosID":null,"emcosMLID":null,"codMaketTEP":null,"codTEP":null,"WSName":"PS","rangeAddress":"$CD$184:$CD$221","headAddress":"$CD$184","bodyAddress":"$CD$185:$CD$221","_name":"план"}},"emcosID":null,"emcosMLID":null,"codMaketTEP":null,"codTEP":null,"WSName":"PS","rangeAddress":"$CC$183:$CD$221","headAddress":"$CC$183:$CD$183","bodyAddress":"$CC$184:$CD$221","_name":"с.н. Мойнак ГЭС МГЭС"},"DB":{"_level":0,"parentID":"bea9cc18-7619-48ad-915a-0f5d94bf2f12","firstParentID":"bea9cc18-7619-48ad-915a-0f5d94bf2f12","ID":"64ce5d57-8ee5-4626-9048-b468d0b74093","childs":{"прием":{"_level":1,"parentID":"64ce5d57-8ee5-4626-9048-b468d0b74093","firstParentID":"bea9cc18-7619-48ad-915a-0f5d94bf2f12","ID":"a14dc3cc-4db6-4b39-a980-7866f0a50981","childs":{"код":{"_level":2,"parentID":"a14dc3cc-4db6-4b39-a980-7866f0a50981","firstParentID":"bea9cc18-7619-48ad-915a-0f5d94bf2f12","ID":"b660a07f-1c05-4c77-afb3-c71eafb85642","childs":null,"emcosID":null,"emcosMLID":null,"codMaketTEP":null,"codTEP":null,"WSName":"DB","rangeAddress":"$EC$353:$EC$390","headAddress":"$EC$353","bodyAddress":"$EC$354:$EC$390","_name":"код"},"основное":{"_level":2,"parentID":"a14dc3cc-4db6-4b39-a980-7866f0a50981","firstParentID":"bea9cc18-7619-48ad-915a-0f5d94bf2f12","ID":"64c4019a-3bd2-46b5-b816-574a6bb972b5","childs":null,"emcosID":null,"emcosMLID":null,"codMaketTEP":null,"codTEP":null,"WSName":"DB","rangeAddress":"$ED$353:$ED$390","headAddress":"$ED$353","bodyAddress":"$ED$354:$ED$390","_name":"основное"},"корректировка факт":{"_level":2,"parentID":"a14dc3cc-4db6-4b39-a980-7866f0a50981","firstParentID":"bea9cc18-7619-48ad-915a-0f5d94bf2f12","ID":"6dccb10f-398f-4c64-bcae-1b9dc00c8e2a","childs":null,"emcosID":null,"emcosMLID":null,"codMaketTEP":null,"codTEP":null,"WSName":"DB","rangeAddress":"$EE$353:$EE$390","headAddress":"$EE$353","bodyAddress":"$EE$354:$EE$390","_name":"корректировка факт"},"ручное":{"_level":2,"parentID":"a14dc3cc-4db6-4b39-a980-7866f0a50981","firstParentID":"bea9cc18-7619-48ad-915a-0f5d94bf2f12","ID":"e35ba4a0-b0c5-4878-9175-be5d4a228efe","childs":null,"emcosID":null,"emcosMLID":null,"codMaketTEP":null,"codTEP":null,"WSName":"DB","rangeAddress":"$EF$353:$EF$390","headAddress":"$EF$353","bodyAddress":"$EF$354:$EF$390","_name":"ручное"},"по плану":{"_level":2,"parentID":"a14dc3cc-4db6-4b39-a980-7866f0a50981","firstParentID":"bea9cc18-7619-48ad-915a-0f5d94bf2f12","ID":"5e7a311f-d463-4845-bad3-1974dffddfbe","childs":null,"emcosID":null,"emcosMLID":null,"codMaketTEP":null,"codTEP":null,"WSName":"DB","rangeAddress":"$EG$353:$EG$390","headAddress":"$EG$353","bodyAddress":"$EG$354:$EG$390","_name":"по плану"}},"emcosID":null,"emcosMLID":null,"codMaketTEP":null,"codTEP":null,"WSName":"DB","rangeAddress":"$EC$352:$EG$390","headAddress":"$EC$352:$EG$352","bodyAddress":"$EC$353:$EG$390","_name":"прием"},"план":{"_level":1,"parentID":"64ce5d57-8ee5-4626-9048-b468d0b74093","firstParentID":"bea9cc18-7619-48ad-915a-0f5d94bf2f12","ID":"16473728-81cf-4a93-9087-db31e68444da","childs":{"код":{"_level":2,"parentID":"16473728-81cf-4a93-9087-db31e68444da","firstParentID":"bea9cc18-7619-48ad-915a-0f5d94bf2f12","ID":"bf0a6976-df8d-4956-9e7b-c0babae47cdd","childs":null,"emcosID":null,"emcosMLID":null,"codMaketTEP":null,"codTEP":null,"WSName":"DB","rangeAddress":"$EH$353:$EH$390","headAddress":"$EH$353","bodyAddress":"$EH$354:$EH$390","_name":"код"},"основное":{"_level":2,"parentID":"16473728-81cf-4a93-9087-db31e68444da","firstParentID":"bea9cc18-7619-48ad-915a-0f5d94bf2f12","ID":"4ea1e9be-6e54-4b5b-8a5e-316848bf3aa8","childs":null,"emcosID":null,"emcosMLID":null,"codMaketTEP":null,"codTEP":null,"WSName":"DB","rangeAddress":"$EI$353:$EI$390","headAddress":"$EI$353","bodyAddress":"$EI$354:$EI$390","_name":"основное"},"заявка":{"_level":2,"parentID":"16473728-81cf-4a93-9087-db31e68444da","firstParentID":"bea9cc18-7619-48ad-915a-0f5d94bf2f12","ID":"ce51b56e-e50d-4223-9b55-895f271b33ab","childs":null,"emcosID":null,"emcosMLID":null,"codMaketTEP":null,"codTEP":null,"WSName":"DB","rangeAddress":"$EJ$353:$EJ$390","headAddress":"$EJ$353","bodyAddress":"$EJ$354:$EJ$390","_name":"заявка"},"утвержденный":{"_level":2,"parentID":"16473728-81cf-4a93-9087-db31e68444da","firstParentID":"bea9cc18-7619-48ad-915a-0f5d94bf2f12","ID":"6477630c-bddb-4949-b0cd-0bb0b36f0e0b","childs":null,"emcosID":null,"emcosMLID":null,"codMaketTEP":null,"codTEP":null,"WSName":"DB","rangeAddress":"$EK$353:$EK$390","headAddress":"$EK$353","bodyAddress":"$EK$354:$EK$390","_name":"утвержденный"},"корректировка":{"_level":2,"parentID":"16473728-81cf-4a93-9087-db31e68444da","firstParentID":"bea9cc18-7619-48ad-915a-0f5d94bf2f12","ID":"08692988-6658-4d8b-b4c4-11423770fc42","childs":null,"emcosID":null,"emcosMLID":null,"codMaketTEP":null,"codTEP":null,"WSName":"DB","rangeAddress":"$EL$353:$EL$390","headAddress":"$EL$353","bodyAddress":"$EL$354:$EL$390","_name":"корректировка"}},"emcosID":null,"emcosMLID":null,"codMaketTEP":null,"codTEP":null,"WSName":"DB","rangeAddress":"$EH$352:$EL$390","headAddress":"$EH$352:$EL$352","bodyAddress":"$EH$353:$EL$390","_name":"план"}},"emcosID":null,"emcosMLID":null,"codMaketTEP":null,"codTEP":null,"WSName":"DB","rangeAddress":"$EC$351:$EL$390","headAddress":"$EC$351:$EL$351","bodyAddress":"$EC$352:$EL$390","_name":"с.н. Мойнак ГЭС МГЭС"}},"codPlan":57,"meterCoef":null,"_name":"с.н. Мойнак ГЭС МГЭС"}