{"ID":"c2e00311-c54a-4a1a-8960-cbfb38e4a73e","childs":{"PS":{"_level":0,"parentID":"c2e00311-c54a-4a1a-8960-cbfb38e4a73e","firstParentID":"c2e00311-c54a-4a1a-8960-cbfb38e4a73e","ID":"92c7c93b-019e-4b8b-a6e5-981ce892db3e","childs":{"отдача":{"_level":1,"parentID":"92c7c93b-019e-4b8b-a6e5-981ce892db3e","firstParentID":"c2e00311-c54a-4a1a-8960-cbfb38e4a73e","ID":"b7951171-9944-4a46-b54d-ae1096241637","childs":{"по счетчику":{"_level":2,"parentID":"b7951171-9944-4a46-b54d-ae1096241637","firstParentID":"c2e00311-c54a-4a1a-8960-cbfb38e4a73e","ID":"b10ffa8f-4307-4e6c-a48c-de053fd56d5d","childs":null,"emcosID":null,"emcosMLID":null,"codMaketTEP":null,"codTEP":null,"WSName":"PS","rangeAddress":"$DC$99:$DC$135","headAddress":"$DC$99","bodyAddress":"$DC$100:$DC$135","_name":"по счетчику"},"СЧЕТЧИК":{"_level":2,"parentID":"b7951171-9944-4a46-b54d-ae1096241637","firstParentID":"c2e00311-c54a-4a1a-8960-cbfb38e4a73e","ID":"4342c336-3031-4c0a-b9ef-5ae0cfebbdc6","childs":null,"emcosID":null,"emcosMLID":null,"codMaketTEP":null,"codTEP":null,"WSName":"PS","rangeAddress":"$DD$99:$DD$135","headAddress":"$DD$99","bodyAddress":"$DD$100:$DD$135","_name":"СЧЕТЧИК"}},"emcosID":null,"emcosMLID":null,"codMaketTEP":null,"codTEP":null,"WSName":"PS","rangeAddress":"$DC$98:$DD$135","headAddress":"$DC$98:$DD$98","bodyAddress":"$DC$99:$DD$135","_name":"отдача"}},"emcosID":null,"emcosMLID":null,"codMaketTEP":null,"codTEP":null,"WSName":"PS","rangeAddress":"$DC$97:$DD$135","headAddress":"$DC$97:$DD$97","bodyAddress":"$DC$98:$DD$135","_name":"КЛ88 ПС152 Талдыкорган"},"DB":{"_level":0,"parentID":"c2e00311-c54a-4a1a-8960-cbfb38e4a73e","firstParentID":"c2e00311-c54a-4a1a-8960-cbfb38e4a73e","ID":"e115aa7b-8d67-4420-a8fe-e7e56fcdc190","childs":{"отдача":{"_level":1,"parentID":"e115aa7b-8d67-4420-a8fe-e7e56fcdc190","firstParentID":"c2e00311-c54a-4a1a-8960-cbfb38e4a73e","ID":"fe5784d3-577e-47a0-b3ca-63ad8f3b6f0d","childs":{"код":{"_level":2,"parentID":"fe5784d3-577e-47a0-b3ca-63ad8f3b6f0d","firstParentID":"c2e00311-c54a-4a1a-8960-cbfb38e4a73e","ID":"b9f60695-45c7-4fdb-9260-fc6d0fee8bce","childs":null,"emcosID":null,"emcosMLID":null,"codMaketTEP":null,"codTEP":null,"WSName":"DB","rangeAddress":"$HI$310:$HI$347","headAddress":"$HI$310","bodyAddress":"$HI$311:$HI$347","_name":"код"},"основное":{"_level":2,"parentID":"fe5784d3-577e-47a0-b3ca-63ad8f3b6f0d","firstParentID":"c2e00311-c54a-4a1a-8960-cbfb38e4a73e","ID":"834eb6ba-fce1-421d-a7c7-4d165950e079","childs":null,"emcosID":null,"emcosMLID":null,"codMaketTEP":null,"codTEP":null,"WSName":"DB","rangeAddress":"$HJ$310:$HJ$347","headAddress":"$HJ$310","bodyAddress":"$HJ$311:$HJ$347","_name":"основное"},"корректировка факт":{"_level":2,"parentID":"fe5784d3-577e-47a0-b3ca-63ad8f3b6f0d","firstParentID":"c2e00311-c54a-4a1a-8960-cbfb38e4a73e","ID":"69272033-f024-432c-b33d-f74845f22122","childs":null,"emcosID":null,"emcosMLID":null,"codMaketTEP":null,"codTEP":null,"WSName":"DB","rangeAddress":"$HK$310:$HK$347","headAddress":"$HK$310","bodyAddress":"$HK$311:$HK$347","_name":"корректировка факт"},"ручное":{"_level":2,"parentID":"fe5784d3-577e-47a0-b3ca-63ad8f3b6f0d","firstParentID":"c2e00311-c54a-4a1a-8960-cbfb38e4a73e","ID":"35c6a69b-3f05-4144-a02c-7b2a24ee1a3e","childs":null,"emcosID":null,"emcosMLID":null,"codMaketTEP":null,"codTEP":null,"WSName":"DB","rangeAddress":"$HL$310:$HL$347","headAddress":"$HL$310","bodyAddress":"$HL$311:$HL$347","_name":"ручное"},"оперативное":{"_level":2,"parentID":"fe5784d3-577e-47a0-b3ca-63ad8f3b6f0d","firstParentID":"c2e00311-c54a-4a1a-8960-cbfb38e4a73e","ID":"fec2b59f-53a0-45ea-8b0a-17695a78606d","childs":null,"emcosID":null,"emcosMLID":null,"codMaketTEP":null,"codTEP":null,"WSName":"DB","rangeAddress":"$HM$310:$HM$347","headAddress":"$HM$310","bodyAddress":"$HM$311:$HM$347","_name":"оперативное"},"счетчик":{"_level":2,"parentID":"fe5784d3-577e-47a0-b3ca-63ad8f3b6f0d","firstParentID":"c2e00311-c54a-4a1a-8960-cbfb38e4a73e","ID":"77148ee8-9eb6-494f-aef3-3af99b7351d2","childs":null,"emcosID":null,"emcosMLID":null,"codMaketTEP":null,"codTEP":null,"WSName":"DB","rangeAddress":"$HN$310:$HN$347","headAddress":"$HN$310","bodyAddress":"$HN$311:$HN$347","_name":"счетчик"},"по счетчику":{"_level":2,"parentID":"fe5784d3-577e-47a0-b3ca-63ad8f3b6f0d","firstParentID":"c2e00311-c54a-4a1a-8960-cbfb38e4a73e","ID":"21eccfb8-db81-4c01-acad-55a3aed455c4","childs":null,"emcosID":null,"emcosMLID":null,"codMaketTEP":null,"codTEP":null,"WSName":"DB","rangeAddress":"$HO$310:$HO$347","headAddress":"$HO$310","bodyAddress":"$HO$311:$HO$347","_name":"по счетчику"}},"emcosID":null,"emcosMLID":null,"codMaketTEP":null,"codTEP":null,"WSName":"DB","rangeAddress":"$HI$309:$HO$347","headAddress":"$HI$309:$HO$309","bodyAddress":"$HI$310:$HO$347","_name":"отдача"}},"emcosID":null,"emcosMLID":null,"codMaketTEP":null,"codTEP":null,"WSName":"DB","rangeAddress":"$HI$308:$HO$347","headAddress":"$HI$308:$HO$308","bodyAddress":"$HI$309:$HO$347","_name":"КЛ88 ПС152 Талдыкорган"}},"codPlan":null,"meterCoef":"8","_name":"КЛ88 ПС152 Талдыкорган"}