{"ID":"c2e00311-c54a-4a1a-8960-cbfb38e4a73e","childs":{"PS":{"_level":0,"parentID":"c2e00311-c54a-4a1a-8960-cbfb38e4a73e","firstParentID":"c2e00311-c54a-4a1a-8960-cbfb38e4a73e","ID":"92c7c93b-019e-4b8b-a6e5-981ce892db3e","childs":{"прием":{"_level":1,"parentID":"92c7c93b-019e-4b8b-a6e5-981ce892db3e","firstParentID":"c2e00311-c54a-4a1a-8960-cbfb38e4a73e","ID":"862f14d4-a694-47f4-887c-9687e3ab9723","childs":{"по счетчику":{"_level":2,"parentID":"862f14d4-a694-47f4-887c-9687e3ab9723","firstParentID":"c2e00311-c54a-4a1a-8960-cbfb38e4a73e","ID":"070ed7ab-0e74-457b-a363-24db94f12689","childs":null,"emcosID":null,"emcosMLID":null,"codMaketTEP":null,"codTEP":null,"WSName":"PS","rangeAddress":"$CD$99:$CD$135","headAddress":"$CD$99","bodyAddress":"$CD$100:$CD$135","_name":"по счетчику"}},"emcosID":null,"emcosMLID":null,"codMaketTEP":null,"codTEP":null,"WSName":"PS","rangeAddress":"$CD$98:$CD$135","headAddress":"$CD$98","bodyAddress":"$CD$99:$CD$135","_name":"прием"},"отдача":{"_level":1,"parentID":"92c7c93b-019e-4b8b-a6e5-981ce892db3e","firstParentID":"c2e00311-c54a-4a1a-8960-cbfb38e4a73e","ID":"b7951171-9944-4a46-b54d-ae1096241637","childs":{"по счетчику":{"_level":2,"parentID":"b7951171-9944-4a46-b54d-ae1096241637","firstParentID":"c2e00311-c54a-4a1a-8960-cbfb38e4a73e","ID":"b10ffa8f-4307-4e6c-a48c-de053fd56d5d","childs":null,"emcosID":null,"emcosMLID":null,"codMaketTEP":null,"codTEP":null,"WSName":"PS","rangeAddress":"$CE$99:$CE$135","headAddress":"$CE$99","bodyAddress":"$CE$100:$CE$135","_name":"по счетчику"}},"emcosID":null,"emcosMLID":null,"codMaketTEP":null,"codTEP":null,"WSName":"PS","rangeAddress":"$CE$98:$CE$135","headAddress":"$CE$98","bodyAddress":"$CE$99:$CE$135","_name":"отдача"}},"emcosID":null,"emcosMLID":null,"codMaketTEP":null,"codTEP":null,"WSName":"PS","rangeAddress":"$CD$97:$CE$135","headAddress":"$CD$97:$CE$97","bodyAddress":"$CD$98:$CE$135","_name":"КЛ88 ПС152 Талдыкорган"},"DB":{"_level":0,"parentID":"c2e00311-c54a-4a1a-8960-cbfb38e4a73e","firstParentID":"c2e00311-c54a-4a1a-8960-cbfb38e4a73e","ID":"e115aa7b-8d67-4420-a8fe-e7e56fcdc190","childs":{"прием":{"_level":1,"parentID":"e115aa7b-8d67-4420-a8fe-e7e56fcdc190","firstParentID":"c2e00311-c54a-4a1a-8960-cbfb38e4a73e","ID":"1cbbe45a-c1db-4286-984d-e6db18b4ebdc","childs":{"код":{"_level":2,"parentID":"1cbbe45a-c1db-4286-984d-e6db18b4ebdc","firstParentID":"c2e00311-c54a-4a1a-8960-cbfb38e4a73e","ID":"eda84a88-6fb1-42be-acdd-56cb35b4ef97","childs":null,"emcosID":null,"emcosMLID":null,"codMaketTEP":null,"codTEP":null,"WSName":"DB","rangeAddress":"$JY$310:$JY$347","headAddress":"$JY$310","bodyAddress":"$JY$311:$JY$347","_name":"код"},"основное":{"_level":2,"parentID":"1cbbe45a-c1db-4286-984d-e6db18b4ebdc","firstParentID":"c2e00311-c54a-4a1a-8960-cbfb38e4a73e","ID":"1f3842a3-6e8c-4a81-b6d9-2cc99e175d3e","childs":null,"emcosID":null,"emcosMLID":null,"codMaketTEP":null,"codTEP":null,"WSName":"DB","rangeAddress":"$JZ$310:$JZ$347","headAddress":"$JZ$310","bodyAddress":"$JZ$311:$JZ$347","_name":"основное"},"корректировка факт":{"_level":2,"parentID":"1cbbe45a-c1db-4286-984d-e6db18b4ebdc","firstParentID":"c2e00311-c54a-4a1a-8960-cbfb38e4a73e","ID":"743ca9da-200a-4d9f-92a6-2aa1eea50e7d","childs":null,"emcosID":null,"emcosMLID":null,"codMaketTEP":null,"codTEP":null,"WSName":"DB","rangeAddress":"$KA$310:$KA$347","headAddress":"$KA$310","bodyAddress":"$KA$311:$KA$347","_name":"корректировка факт"},"ручное":{"_level":2,"parentID":"1cbbe45a-c1db-4286-984d-e6db18b4ebdc","firstParentID":"c2e00311-c54a-4a1a-8960-cbfb38e4a73e","ID":"9db7ea4f-d912-4f86-8b64-129a3aa1301e","childs":null,"emcosID":null,"emcosMLID":null,"codMaketTEP":null,"codTEP":null,"WSName":"DB","rangeAddress":"$KB$310:$KB$347","headAddress":"$KB$310","bodyAddress":"$KB$311:$KB$347","_name":"ручное"},"оперативное":{"_level":2,"parentID":"1cbbe45a-c1db-4286-984d-e6db18b4ebdc","firstParentID":"c2e00311-c54a-4a1a-8960-cbfb38e4a73e","ID":"9d4f53a2-3671-43aa-a770-63a102aafe24","childs":null,"emcosID":null,"emcosMLID":null,"codMaketTEP":null,"codTEP":null,"WSName":"DB","rangeAddress":"$KC$310:$KC$347","headAddress":"$KC$310","bodyAddress":"$KC$311:$KC$347","_name":"оперативное"},"счетчик":{"_level":2,"parentID":"1cbbe45a-c1db-4286-984d-e6db18b4ebdc","firstParentID":"c2e00311-c54a-4a1a-8960-cbfb38e4a73e","ID":"f0365ea8-01ba-478d-b64f-c6adf0e34e03","childs":null,"emcosID":null,"emcosMLID":null,"codMaketTEP":null,"codTEP":null,"WSName":"DB","rangeAddress":"$KD$310:$KD$347","headAddress":"$KD$310","bodyAddress":"$KD$311:$KD$347","_name":"счетчик"},"по счетчику":{"_level":2,"parentID":"1cbbe45a-c1db-4286-984d-e6db18b4ebdc","firstParentID":"c2e00311-c54a-4a1a-8960-cbfb38e4a73e","ID":"ee2292f6-8057-4a64-99ec-58ed72937e3c","childs":null,"emcosID":null,"emcosMLID":null,"codMaketTEP":null,"codTEP":null,"WSName":"DB","rangeAddress":"$KE$310:$KE$347","headAddress":"$KE$310","bodyAddress":"$KE$311:$KE$347","_name":"по счетчику"}},"emcosID":null,"emcosMLID":null,"codMaketTEP":null,"codTEP":null,"WSName":"DB","rangeAddress":"$JY$309:$KE$347","headAddress":"$JY$309:$KE$309","bodyAddress":"$JY$310:$KE$347","_name":"прием"},"отдача":{"_level":1,"parentID":"e115aa7b-8d67-4420-a8fe-e7e56fcdc190","firstParentID":"c2e00311-c54a-4a1a-8960-cbfb38e4a73e","ID":"fe5784d3-577e-47a0-b3ca-63ad8f3b6f0d","childs":{"код":{"_level":2,"parentID":"fe5784d3-577e-47a0-b3ca-63ad8f3b6f0d","firstParentID":"c2e00311-c54a-4a1a-8960-cbfb38e4a73e","ID":"b9f60695-45c7-4fdb-9260-fc6d0fee8bce","childs":null,"emcosID":null,"emcosMLID":null,"codMaketTEP":null,"codTEP":null,"WSName":"DB","rangeAddress":"$KF$310:$KF$347","headAddress":"$KF$310","bodyAddress":"$KF$311:$KF$347","_name":"код"},"основное":{"_level":2,"parentID":"fe5784d3-577e-47a0-b3ca-63ad8f3b6f0d","firstParentID":"c2e00311-c54a-4a1a-8960-cbfb38e4a73e","ID":"834eb6ba-fce1-421d-a7c7-4d165950e079","childs":null,"emcosID":null,"emcosMLID":null,"codMaketTEP":null,"codTEP":null,"WSName":"DB","rangeAddress":"$KG$310:$KG$347","headAddress":"$KG$310","bodyAddress":"$KG$311:$KG$347","_name":"основное"},"корректировка факт":{"_level":2,"parentID":"fe5784d3-577e-47a0-b3ca-63ad8f3b6f0d","firstParentID":"c2e00311-c54a-4a1a-8960-cbfb38e4a73e","ID":"69272033-f024-432c-b33d-f74845f22122","childs":null,"emcosID":null,"emcosMLID":null,"codMaketTEP":null,"codTEP":null,"WSName":"DB","rangeAddress":"$KH$310:$KH$347","headAddress":"$KH$310","bodyAddress":"$KH$311:$KH$347","_name":"корректировка факт"},"ручное":{"_level":2,"parentID":"fe5784d3-577e-47a0-b3ca-63ad8f3b6f0d","firstParentID":"c2e00311-c54a-4a1a-8960-cbfb38e4a73e","ID":"35c6a69b-3f05-4144-a02c-7b2a24ee1a3e","childs":null,"emcosID":null,"emcosMLID":null,"codMaketTEP":null,"codTEP":null,"WSName":"DB","rangeAddress":"$KI$310:$KI$347","headAddress":"$KI$310","bodyAddress":"$KI$311:$KI$347","_name":"ручное"},"оперативное":{"_level":2,"parentID":"fe5784d3-577e-47a0-b3ca-63ad8f3b6f0d","firstParentID":"c2e00311-c54a-4a1a-8960-cbfb38e4a73e","ID":"fec2b59f-53a0-45ea-8b0a-17695a78606d","childs":null,"emcosID":null,"emcosMLID":null,"codMaketTEP":null,"codTEP":null,"WSName":"DB","rangeAddress":"$KJ$310:$KJ$347","headAddress":"$KJ$310","bodyAddress":"$KJ$311:$KJ$347","_name":"оперативное"},"счетчик":{"_level":2,"parentID":"fe5784d3-577e-47a0-b3ca-63ad8f3b6f0d","firstParentID":"c2e00311-c54a-4a1a-8960-cbfb38e4a73e","ID":"77148ee8-9eb6-494f-aef3-3af99b7351d2","childs":null,"emcosID":null,"emcosMLID":null,"codMaketTEP":null,"codTEP":null,"WSName":"DB","rangeAddress":"$KK$310:$KK$347","headAddress":"$KK$310","bodyAddress":"$KK$311:$KK$347","_name":"счетчик"},"по счетчику":{"_level":2,"parentID":"fe5784d3-577e-47a0-b3ca-63ad8f3b6f0d","firstParentID":"c2e00311-c54a-4a1a-8960-cbfb38e4a73e","ID":"21eccfb8-db81-4c01-acad-55a3aed455c4","childs":null,"emcosID":null,"emcosMLID":null,"codMaketTEP":null,"codTEP":null,"WSName":"DB","rangeAddress":"$KL$310:$KL$347","headAddress":"$KL$310","bodyAddress":"$KL$311:$KL$347","_name":"по счетчику"}},"emcosID":null,"emcosMLID":null,"codMaketTEP":null,"codTEP":null,"WSName":"DB","rangeAddress":"$KF$309:$KL$347","headAddress":"$KF$309:$KL$309","bodyAddress":"$KF$310:$KL$347","_name":"отдача"}},"emcosID":null,"emcosMLID":null,"codMaketTEP":null,"codTEP":null,"WSName":"DB","rangeAddress":"$JY$308:$KL$347","headAddress":"$JY$308:$KL$308","bodyAddress":"$JY$309:$KL$347","_name":"КЛ88 ПС152 Талдыкорган"}},"codPlan":null,"meterCoef":null,"_name":"КЛ88 ПС152 Талдыкорган"}