{"ID":"c30397d2-8df5-4ec3-9b5e-c7a2d3d398db","childs":{"PS":{"_level":0,"parentID":"c30397d2-8df5-4ec3-9b5e-c7a2d3d398db","firstParentID":"c30397d2-8df5-4ec3-9b5e-c7a2d3d398db","ID":"646e13e8-94e9-4b85-8cbd-7762afd1addf","childs":{"прием":{"_level":1,"parentID":"646e13e8-94e9-4b85-8cbd-7762afd1addf","firstParentID":"c30397d2-8df5-4ec3-9b5e-c7a2d3d398db","ID":"f35f8526-6c6a-4be9-94ff-4f33c3152654","childs":{"по счетчику":{"_level":2,"parentID":"f35f8526-6c6a-4be9-94ff-4f33c3152654","firstParentID":"c30397d2-8df5-4ec3-9b5e-c7a2d3d398db","ID":"4af7f9b5-b893-4d83-8bd5-cda206dfe3a7","childs":null,"emcosID":null,"emcosMLID":null,"codMaketTEP":null,"codTEP":null,"WSName":"PS","rangeAddress":"$HD$99:$HD$135","headAddress":"$HD$99","bodyAddress":"$HD$100:$HD$135","_name":"по счетчику"},"СЧЕТЧИК":{"_level":2,"parentID":"f35f8526-6c6a-4be9-94ff-4f33c3152654","firstParentID":"c30397d2-8df5-4ec3-9b5e-c7a2d3d398db","ID":"9ebf486d-f6c1-4132-ab45-5c60e18bbb5b","childs":null,"emcosID":null,"emcosMLID":null,"codMaketTEP":null,"codTEP":null,"WSName":"PS","rangeAddress":"$HE$99:$HE$135","headAddress":"$HE$99","bodyAddress":"$HE$100:$HE$135","_name":"СЧЕТЧИК"}},"emcosID":null,"emcosMLID":null,"codMaketTEP":null,"codTEP":null,"WSName":"PS","rangeAddress":"$HD$98:$HE$135","headAddress":"$HD$98:$HE$98","bodyAddress":"$HD$99:$HE$135","_name":"прием"},"отдача":{"_level":1,"parentID":"646e13e8-94e9-4b85-8cbd-7762afd1addf","firstParentID":"c30397d2-8df5-4ec3-9b5e-c7a2d3d398db","ID":"9135035f-7e9a-4cea-9c51-6987f16cc893","childs":{"по счетчику":{"_level":2,"parentID":"9135035f-7e9a-4cea-9c51-6987f16cc893","firstParentID":"c30397d2-8df5-4ec3-9b5e-c7a2d3d398db","ID":"e4ae9a3f-864a-4744-a6ed-beea5f13f9fe","childs":null,"emcosID":null,"emcosMLID":null,"codMaketTEP":null,"codTEP":null,"WSName":"PS","rangeAddress":"$HF$99:$HF$135","headAddress":"$HF$99","bodyAddress":"$HF$100:$HF$135","_name":"по счетчику"},"СЧЕТЧИК":{"_level":2,"parentID":"9135035f-7e9a-4cea-9c51-6987f16cc893","firstParentID":"c30397d2-8df5-4ec3-9b5e-c7a2d3d398db","ID":"03662ad5-0fdf-44ca-97df-353ef762e864","childs":null,"emcosID":null,"emcosMLID":null,"codMaketTEP":null,"codTEP":null,"WSName":"PS","rangeAddress":"$HG$99:$HG$135","headAddress":"$HG$99","bodyAddress":"$HG$100:$HG$135","_name":"СЧЕТЧИК"}},"emcosID":null,"emcosMLID":null,"codMaketTEP":null,"codTEP":null,"WSName":"PS","rangeAddress":"$HF$98:$HG$135","headAddress":"$HF$98:$HG$98","bodyAddress":"$HF$99:$HG$135","_name":"отдача"}},"emcosID":null,"emcosMLID":null,"codMaketTEP":null,"codTEP":null,"WSName":"PS","rangeAddress":"$HD$97:$HG$135","headAddress":"$HD$97:$HG$97","bodyAddress":"$HD$98:$HG$135","_name":"КЛ66 ПС152 Талдыкорган"},"DB":{"_level":0,"parentID":"c30397d2-8df5-4ec3-9b5e-c7a2d3d398db","firstParentID":"c30397d2-8df5-4ec3-9b5e-c7a2d3d398db","ID":"a27fc7bc-9c79-4098-827c-793685664430","childs":{"прием":{"_level":1,"parentID":"a27fc7bc-9c79-4098-827c-793685664430","firstParentID":"c30397d2-8df5-4ec3-9b5e-c7a2d3d398db","ID":"a28178e8-0245-4a03-956a-517a8aa78f79","childs":{"код":{"_level":2,"parentID":"a28178e8-0245-4a03-956a-517a8aa78f79","firstParentID":"c30397d2-8df5-4ec3-9b5e-c7a2d3d398db","ID":"33c30ca8-bb93-4e72-8385-1892b9539972","childs":null,"emcosID":null,"emcosMLID":null,"codMaketTEP":null,"codTEP":null,"WSName":"DB","rangeAddress":"$DE$525:$DE$562","headAddress":"$DE$525","bodyAddress":"$DE$526:$DE$562","_name":"код"},"основное":{"_level":2,"parentID":"a28178e8-0245-4a03-956a-517a8aa78f79","firstParentID":"c30397d2-8df5-4ec3-9b5e-c7a2d3d398db","ID":"079a30d2-efb1-4c7c-8de1-c728a80a9631","childs":null,"emcosID":null,"emcosMLID":null,"codMaketTEP":null,"codTEP":null,"WSName":"DB","rangeAddress":"$DF$525:$DF$562","headAddress":"$DF$525","bodyAddress":"$DF$526:$DF$562","_name":"основное"},"корректировка факт":{"_level":2,"parentID":"a28178e8-0245-4a03-956a-517a8aa78f79","firstParentID":"c30397d2-8df5-4ec3-9b5e-c7a2d3d398db","ID":"41a5bf5b-21ec-4777-b63a-30ef9e13c95a","childs":null,"emcosID":null,"emcosMLID":null,"codMaketTEP":null,"codTEP":null,"WSName":"DB","rangeAddress":"$DG$525:$DG$562","headAddress":"$DG$525","bodyAddress":"$DG$526:$DG$562","_name":"корректировка факт"},"ручное":{"_level":2,"parentID":"a28178e8-0245-4a03-956a-517a8aa78f79","firstParentID":"c30397d2-8df5-4ec3-9b5e-c7a2d3d398db","ID":"e7078207-df89-47c2-9248-92cf9494282a","childs":null,"emcosID":null,"emcosMLID":null,"codMaketTEP":null,"codTEP":null,"WSName":"DB","rangeAddress":"$DH$525:$DH$562","headAddress":"$DH$525","bodyAddress":"$DH$526:$DH$562","_name":"ручное"},"счетчик":{"_level":2,"parentID":"a28178e8-0245-4a03-956a-517a8aa78f79","firstParentID":"c30397d2-8df5-4ec3-9b5e-c7a2d3d398db","ID":"439a2355-a9c6-4fb8-a655-e16827fcc26f","childs":null,"emcosID":null,"emcosMLID":null,"codMaketTEP":null,"codTEP":null,"WSName":"DB","rangeAddress":"$DI$525:$DI$562","headAddress":"$DI$525","bodyAddress":"$DI$526:$DI$562","_name":"счетчик"},"по счетчику":{"_level":2,"parentID":"a28178e8-0245-4a03-956a-517a8aa78f79","firstParentID":"c30397d2-8df5-4ec3-9b5e-c7a2d3d398db","ID":"a7e2afc3-ec63-4a47-91f6-8e0d94eae89d","childs":null,"emcosID":null,"emcosMLID":null,"codMaketTEP":null,"codTEP":null,"WSName":"DB","rangeAddress":"$DJ$525:$DJ$562","headAddress":"$DJ$525","bodyAddress":"$DJ$526:$DJ$562","_name":"по счетчику"}},"emcosID":null,"emcosMLID":null,"codMaketTEP":null,"codTEP":null,"WSName":"DB","rangeAddress":"$DE$524:$DJ$562","headAddress":"$DE$524:$DJ$524","bodyAddress":"$DE$525:$DJ$562","_name":"прием"},"отдача":{"_level":1,"parentID":"a27fc7bc-9c79-4098-827c-793685664430","firstParentID":"c30397d2-8df5-4ec3-9b5e-c7a2d3d398db","ID":"6b0db76e-2239-49d4-a6c1-ec542b004d6d","childs":{"код":{"_level":2,"parentID":"6b0db76e-2239-49d4-a6c1-ec542b004d6d","firstParentID":"c30397d2-8df5-4ec3-9b5e-c7a2d3d398db","ID":"1947eb57-8df4-4a11-b359-e7bb8ba63c32","childs":null,"emcosID":null,"emcosMLID":null,"codMaketTEP":null,"codTEP":null,"WSName":"DB","rangeAddress":"$DK$525:$DK$562","headAddress":"$DK$525","bodyAddress":"$DK$526:$DK$562","_name":"код"},"основное":{"_level":2,"parentID":"6b0db76e-2239-49d4-a6c1-ec542b004d6d","firstParentID":"c30397d2-8df5-4ec3-9b5e-c7a2d3d398db","ID":"b945400e-9076-4a50-a352-721c1869e215","childs":null,"emcosID":null,"emcosMLID":null,"codMaketTEP":null,"codTEP":null,"WSName":"DB","rangeAddress":"$DL$525:$DL$562","headAddress":"$DL$525","bodyAddress":"$DL$526:$DL$562","_name":"основное"},"корректировка факт":{"_level":2,"parentID":"6b0db76e-2239-49d4-a6c1-ec542b004d6d","firstParentID":"c30397d2-8df5-4ec3-9b5e-c7a2d3d398db","ID":"39473dda-cc6e-4e58-bec7-de4a4e789040","childs":null,"emcosID":null,"emcosMLID":null,"codMaketTEP":null,"codTEP":null,"WSName":"DB","rangeAddress":"$DM$525:$DM$562","headAddress":"$DM$525","bodyAddress":"$DM$526:$DM$562","_name":"корректировка факт"},"ручное":{"_level":2,"parentID":"6b0db76e-2239-49d4-a6c1-ec542b004d6d","firstParentID":"c30397d2-8df5-4ec3-9b5e-c7a2d3d398db","ID":"f65bdea3-b99b-4819-ac9e-ab8029d5748d","childs":null,"emcosID":null,"emcosMLID":null,"codMaketTEP":null,"codTEP":null,"WSName":"DB","rangeAddress":"$DN$525:$DN$562","headAddress":"$DN$525","bodyAddress":"$DN$526:$DN$562","_name":"ручное"},"счетчик":{"_level":2,"parentID":"6b0db76e-2239-49d4-a6c1-ec542b004d6d","firstParentID":"c30397d2-8df5-4ec3-9b5e-c7a2d3d398db","ID":"026def98-9065-4cee-a4e8-5d33ea47050d","childs":null,"emcosID":null,"emcosMLID":null,"codMaketTEP":null,"codTEP":null,"WSName":"DB","rangeAddress":"$DO$525:$DO$562","headAddress":"$DO$525","bodyAddress":"$DO$526:$DO$562","_name":"счетчик"},"по счетчику":{"_level":2,"parentID":"6b0db76e-2239-49d4-a6c1-ec542b004d6d","firstParentID":"c30397d2-8df5-4ec3-9b5e-c7a2d3d398db","ID":"43d4af76-48b1-4951-8907-ac606b63d631","childs":null,"emcosID":null,"emcosMLID":null,"codMaketTEP":null,"codTEP":null,"WSName":"DB","rangeAddress":"$DP$525:$DP$562","headAddress":"$DP$525","bodyAddress":"$DP$526:$DP$562","_name":"по счетчику"}},"emcosID":null,"emcosMLID":null,"codMaketTEP":null,"codTEP":null,"WSName":"DB","rangeAddress":"$DK$524:$DP$562","headAddress":"$DK$524:$DP$524","bodyAddress":"$DK$525:$DP$562","_name":"отдача"}},"emcosID":null,"emcosMLID":null,"codMaketTEP":null,"codTEP":null,"WSName":"DB","rangeAddress":"$DE$523:$DP$562","headAddress":"$DE$523:$DP$523","bodyAddress":"$DE$524:$DP$562","_name":"КЛ66 ПС152 Талдыкорган"}},"codPlan":null,"meterCoef":"2","_name":"КЛ66 ПС152 Талдыкорган"}