{"ID":"c5e7ca23-cc1f-457b-a456-65531b6a65c6","childs":{"PS":{"_level":0,"parentID":"c5e7ca23-cc1f-457b-a456-65531b6a65c6","firstParentID":"c5e7ca23-cc1f-457b-a456-65531b6a65c6","ID":"cab145a5-605c-4a8b-a95e-f847b2dfc40f","childs":{"прием":{"_level":1,"parentID":"cab145a5-605c-4a8b-a95e-f847b2dfc40f","firstParentID":"c5e7ca23-cc1f-457b-a456-65531b6a65c6","ID":"af809625-2802-4aac-87f8-f7a58cfedd2f","childs":{"ручное":{"_level":2,"parentID":"af809625-2802-4aac-87f8-f7a58cfedd2f","firstParentID":"c5e7ca23-cc1f-457b-a456-65531b6a65c6","ID":"04e589ff-56fc-43dd-80c9-fc205c256f4d","childs":null,"emcosID":null,"emcosMLID":null,"codMaketTEP":null,"codTEP":null,"WSName":"PS","rangeAddress":"$AB$13:$AB$49","headAddress":"$AB$13","bodyAddress":"$AB$14:$AB$49","_name":"ручное"}},"emcosID":null,"emcosMLID":null,"codMaketTEP":null,"codTEP":null,"WSName":"PS","rangeAddress":"$AB$12:$AB$49","headAddress":"$AB$12","bodyAddress":"$AB$13:$AB$49","_name":"прием"}},"emcosID":null,"emcosMLID":null,"codMaketTEP":null,"codTEP":null,"WSName":"PS","rangeAddress":"$AB$11:$AB$49","headAddress":"$AB$11","bodyAddress":"$AB$12:$AB$49","_name":"test2 Общее"},"DB":{"_level":0,"parentID":"c5e7ca23-cc1f-457b-a456-65531b6a65c6","firstParentID":"c5e7ca23-cc1f-457b-a456-65531b6a65c6","ID":"e72ce825-882e-4968-ae01-44a657072b02","childs":{"прием":{"_level":1,"parentID":"e72ce825-882e-4968-ae01-44a657072b02","firstParentID":"c5e7ca23-cc1f-457b-a456-65531b6a65c6","ID":"f7762371-3d69-4344-8268-308d6e99e02a","childs":{"код":{"_level":2,"parentID":"f7762371-3d69-4344-8268-308d6e99e02a","firstParentID":"c5e7ca23-cc1f-457b-a456-65531b6a65c6","ID":"fbd56048-b2ca-4fbb-9578-887d02237eaa","childs":null,"emcosID":null,"emcosMLID":null,"codMaketTEP":null,"codTEP":null,"WSName":"DB","rangeAddress":"$C$525:$C$562","headAddress":"$C$525","bodyAddress":"$C$526:$C$562","_name":"код"},"основное":{"_level":2,"parentID":"f7762371-3d69-4344-8268-308d6e99e02a","firstParentID":"c5e7ca23-cc1f-457b-a456-65531b6a65c6","ID":"88ac1bbc-f897-4b03-bfa5-c91925a6a7c8","childs":null,"emcosID":null,"emcosMLID":null,"codMaketTEP":null,"codTEP":null,"WSName":"DB","rangeAddress":"$D$525:$D$562","headAddress":"$D$525","bodyAddress":"$D$526:$D$562","_name":"основное"},"корректировка факт":{"_level":2,"parentID":"f7762371-3d69-4344-8268-308d6e99e02a","firstParentID":"c5e7ca23-cc1f-457b-a456-65531b6a65c6","ID":"9d8b7bcc-fade-4ed0-ba6f-2fb8bcf0e947","childs":null,"emcosID":null,"emcosMLID":null,"codMaketTEP":null,"codTEP":null,"WSName":"DB","rangeAddress":"$E$525:$E$562","headAddress":"$E$525","bodyAddress":"$E$526:$E$562","_name":"корректировка факт"},"ручное":{"_level":2,"parentID":"f7762371-3d69-4344-8268-308d6e99e02a","firstParentID":"c5e7ca23-cc1f-457b-a456-65531b6a65c6","ID":"78635404-5ad6-42b6-8269-7a3502f06dba","childs":null,"emcosID":null,"emcosMLID":null,"codMaketTEP":null,"codTEP":null,"WSName":"DB","rangeAddress":"$F$525:$F$562","headAddress":"$F$525","bodyAddress":"$F$526:$F$562","_name":"ручное"}},"emcosID":null,"emcosMLID":null,"codMaketTEP":null,"codTEP":null,"WSName":"DB","rangeAddress":"$C$524:$F$562","headAddress":"$C$524:$F$524","bodyAddress":"$C$525:$F$562","_name":"прием"}},"emcosID":null,"emcosMLID":null,"codMaketTEP":null,"codTEP":null,"WSName":"DB","rangeAddress":"$C$523:$F$562","headAddress":"$C$523:$F$523","bodyAddress":"$C$524:$F$562","_name":"test2 Общее"}},"codPlan":null,"meterCoef":null,"_name":"test2 Общее"}