{"ID":"c662881c-6296-4b12-beb0-fecc7aa021bc","childs":{"PS":{"_level":0,"parentID":"c662881c-6296-4b12-beb0-fecc7aa021bc","firstParentID":"c662881c-6296-4b12-beb0-fecc7aa021bc","ID":"3437cd81-1123-49b0-a8f3-b4d6211dcdd5","childs":{"отдача":{"_level":1,"parentID":"3437cd81-1123-49b0-a8f3-b4d6211dcdd5","firstParentID":"c662881c-6296-4b12-beb0-fecc7aa021bc","ID":"73a22d5d-a088-4094-8f74-9f8f3825d4ed","childs":{"по счетчику":{"_level":2,"parentID":"73a22d5d-a088-4094-8f74-9f8f3825d4ed","firstParentID":"c662881c-6296-4b12-beb0-fecc7aa021bc","ID":"a269b87f-0c09-43f7-ae06-e5b49c63d90f","childs":null,"emcosID":null,"emcosMLID":null,"codMaketTEP":null,"codTEP":null,"WSName":"PS","rangeAddress":"$DS$99:$DS$135","headAddress":"$DS$99","bodyAddress":"$DS$100:$DS$135","_name":"по счетчику"},"СЧЕТЧИК":{"_level":2,"parentID":"73a22d5d-a088-4094-8f74-9f8f3825d4ed","firstParentID":"c662881c-6296-4b12-beb0-fecc7aa021bc","ID":"92228705-8f61-4251-8b35-6a67bd44f792","childs":null,"emcosID":null,"emcosMLID":null,"codMaketTEP":null,"codTEP":null,"WSName":"PS","rangeAddress":"$DT$99:$DT$135","headAddress":"$DT$99","bodyAddress":"$DT$100:$DT$135","_name":"СЧЕТЧИК"}},"emcosID":null,"emcosMLID":null,"codMaketTEP":null,"codTEP":null,"WSName":"PS","rangeAddress":"$DS$98:$DT$135","headAddress":"$DS$98:$DT$98","bodyAddress":"$DS$99:$DT$135","_name":"отдача"}},"emcosID":null,"emcosMLID":null,"codMaketTEP":null,"codTEP":null,"WSName":"PS","rangeAddress":"$DS$97:$DT$135","headAddress":"$DS$97:$DT$97","bodyAddress":"$DS$98:$DT$135","_name":"КЛ57 ПС152 Талдыкорган"},"DB":{"_level":0,"parentID":"c662881c-6296-4b12-beb0-fecc7aa021bc","firstParentID":"c662881c-6296-4b12-beb0-fecc7aa021bc","ID":"a29115bc-4298-4305-adeb-8f8c86f7d685","childs":{"отдача":{"_level":1,"parentID":"a29115bc-4298-4305-adeb-8f8c86f7d685","firstParentID":"c662881c-6296-4b12-beb0-fecc7aa021bc","ID":"b2270eea-72ea-4b60-bc9f-34c877fbbc51","childs":{"код":{"_level":2,"parentID":"b2270eea-72ea-4b60-bc9f-34c877fbbc51","firstParentID":"c662881c-6296-4b12-beb0-fecc7aa021bc","ID":"442a8022-e255-4c8c-a77c-5fea161def69","childs":null,"emcosID":null,"emcosMLID":null,"codMaketTEP":null,"codTEP":null,"WSName":"DB","rangeAddress":"$EX$310:$EX$347","headAddress":"$EX$310","bodyAddress":"$EX$311:$EX$347","_name":"код"},"основное":{"_level":2,"parentID":"b2270eea-72ea-4b60-bc9f-34c877fbbc51","firstParentID":"c662881c-6296-4b12-beb0-fecc7aa021bc","ID":"f33e91a0-81bc-4a34-a21d-691ca582b34b","childs":null,"emcosID":null,"emcosMLID":null,"codMaketTEP":null,"codTEP":null,"WSName":"DB","rangeAddress":"$EY$310:$EY$347","headAddress":"$EY$310","bodyAddress":"$EY$311:$EY$347","_name":"основное"},"корректировка факт":{"_level":2,"parentID":"b2270eea-72ea-4b60-bc9f-34c877fbbc51","firstParentID":"c662881c-6296-4b12-beb0-fecc7aa021bc","ID":"46993ba5-c9ea-48e6-b921-478e9c193f0f","childs":null,"emcosID":null,"emcosMLID":null,"codMaketTEP":null,"codTEP":null,"WSName":"DB","rangeAddress":"$EZ$310:$EZ$347","headAddress":"$EZ$310","bodyAddress":"$EZ$311:$EZ$347","_name":"корректировка факт"},"ручное":{"_level":2,"parentID":"b2270eea-72ea-4b60-bc9f-34c877fbbc51","firstParentID":"c662881c-6296-4b12-beb0-fecc7aa021bc","ID":"5b9b8ea6-597e-44d6-b94c-d2a322dc1b59","childs":null,"emcosID":null,"emcosMLID":null,"codMaketTEP":null,"codTEP":null,"WSName":"DB","rangeAddress":"$FA$310:$FA$347","headAddress":"$FA$310","bodyAddress":"$FA$311:$FA$347","_name":"ручное"},"оперативное":{"_level":2,"parentID":"b2270eea-72ea-4b60-bc9f-34c877fbbc51","firstParentID":"c662881c-6296-4b12-beb0-fecc7aa021bc","ID":"9af04ddd-b255-47c5-baf9-bd5dac32a00d","childs":null,"emcosID":null,"emcosMLID":null,"codMaketTEP":null,"codTEP":null,"WSName":"DB","rangeAddress":"$FB$310:$FB$347","headAddress":"$FB$310","bodyAddress":"$FB$311:$FB$347","_name":"оперативное"},"счетчик":{"_level":2,"parentID":"b2270eea-72ea-4b60-bc9f-34c877fbbc51","firstParentID":"c662881c-6296-4b12-beb0-fecc7aa021bc","ID":"b1f9a003-843c-4656-8cbb-e82c72e2a036","childs":null,"emcosID":null,"emcosMLID":null,"codMaketTEP":null,"codTEP":null,"WSName":"DB","rangeAddress":"$FC$310:$FC$347","headAddress":"$FC$310","bodyAddress":"$FC$311:$FC$347","_name":"счетчик"},"по счетчику":{"_level":2,"parentID":"b2270eea-72ea-4b60-bc9f-34c877fbbc51","firstParentID":"c662881c-6296-4b12-beb0-fecc7aa021bc","ID":"b2b675d2-2a82-4211-910a-f4cf4aca2e15","childs":null,"emcosID":null,"emcosMLID":null,"codMaketTEP":null,"codTEP":null,"WSName":"DB","rangeAddress":"$FD$310:$FD$347","headAddress":"$FD$310","bodyAddress":"$FD$311:$FD$347","_name":"по счетчику"}},"emcosID":null,"emcosMLID":null,"codMaketTEP":null,"codTEP":null,"WSName":"DB","rangeAddress":"$EX$309:$FD$347","headAddress":"$EX$309:$FD$309","bodyAddress":"$EX$310:$FD$347","_name":"отдача"}},"emcosID":null,"emcosMLID":null,"codMaketTEP":null,"codTEP":null,"WSName":"DB","rangeAddress":"$EX$308:$FD$347","headAddress":"$EX$308:$FD$308","bodyAddress":"$EX$309:$FD$347","_name":"КЛ57 ПС152 Талдыкорган"}},"codPlan":null,"meterCoef":"8","_name":"КЛ57 ПС152 Талдыкорган"}