{"ID":"c662881c-6296-4b12-beb0-fecc7aa021bc","childs":{"PS":{"_level":0,"parentID":"c662881c-6296-4b12-beb0-fecc7aa021bc","firstParentID":"c662881c-6296-4b12-beb0-fecc7aa021bc","ID":"3437cd81-1123-49b0-a8f3-b4d6211dcdd5","childs":{"прием":{"_level":1,"parentID":"3437cd81-1123-49b0-a8f3-b4d6211dcdd5","firstParentID":"c662881c-6296-4b12-beb0-fecc7aa021bc","ID":"eecaf4f6-ef82-4e10-85ca-9dfb8975686d","childs":{"по счетчику":{"_level":2,"parentID":"eecaf4f6-ef82-4e10-85ca-9dfb8975686d","firstParentID":"c662881c-6296-4b12-beb0-fecc7aa021bc","ID":"5181093c-43e1-4f64-8bb7-7c4d3048a9a6","childs":null,"emcosID":null,"emcosMLID":null,"codMaketTEP":null,"codTEP":null,"WSName":"PS","rangeAddress":"$FB$99:$FB$135","headAddress":"$FB$99","bodyAddress":"$FB$100:$FB$135","_name":"по счетчику"},"СЧЕТЧИК":{"_level":2,"parentID":"eecaf4f6-ef82-4e10-85ca-9dfb8975686d","firstParentID":"c662881c-6296-4b12-beb0-fecc7aa021bc","ID":"0cfde9b5-ea02-41f8-bd9c-ebd0dc3362b6","childs":null,"emcosID":null,"emcosMLID":null,"codMaketTEP":null,"codTEP":null,"WSName":"PS","rangeAddress":"$FC$99:$FC$135","headAddress":"$FC$99","bodyAddress":"$FC$100:$FC$135","_name":"СЧЕТЧИК"}},"emcosID":null,"emcosMLID":null,"codMaketTEP":null,"codTEP":null,"WSName":"PS","rangeAddress":"$FB$98:$FC$135","headAddress":"$FB$98:$FC$98","bodyAddress":"$FB$99:$FC$135","_name":"прием"},"отдача":{"_level":1,"parentID":"3437cd81-1123-49b0-a8f3-b4d6211dcdd5","firstParentID":"c662881c-6296-4b12-beb0-fecc7aa021bc","ID":"73a22d5d-a088-4094-8f74-9f8f3825d4ed","childs":{"по счетчику":{"_level":2,"parentID":"73a22d5d-a088-4094-8f74-9f8f3825d4ed","firstParentID":"c662881c-6296-4b12-beb0-fecc7aa021bc","ID":"a269b87f-0c09-43f7-ae06-e5b49c63d90f","childs":null,"emcosID":null,"emcosMLID":null,"codMaketTEP":null,"codTEP":null,"WSName":"PS","rangeAddress":"$FD$99:$FD$135","headAddress":"$FD$99","bodyAddress":"$FD$100:$FD$135","_name":"по счетчику"},"СЧЕТЧИК":{"_level":2,"parentID":"73a22d5d-a088-4094-8f74-9f8f3825d4ed","firstParentID":"c662881c-6296-4b12-beb0-fecc7aa021bc","ID":"92228705-8f61-4251-8b35-6a67bd44f792","childs":null,"emcosID":null,"emcosMLID":null,"codMaketTEP":null,"codTEP":null,"WSName":"PS","rangeAddress":"$FE$99:$FE$135","headAddress":"$FE$99","bodyAddress":"$FE$100:$FE$135","_name":"СЧЕТЧИК"}},"emcosID":null,"emcosMLID":null,"codMaketTEP":null,"codTEP":null,"WSName":"PS","rangeAddress":"$FD$98:$FE$135","headAddress":"$FD$98:$FE$98","bodyAddress":"$FD$99:$FE$135","_name":"отдача"}},"emcosID":null,"emcosMLID":null,"codMaketTEP":null,"codTEP":null,"WSName":"PS","rangeAddress":"$FB$97:$FE$135","headAddress":"$FB$97:$FE$97","bodyAddress":"$FB$98:$FE$135","_name":"КЛ57 ПС152 Талдыкорган"},"DB":{"_level":0,"parentID":"c662881c-6296-4b12-beb0-fecc7aa021bc","firstParentID":"c662881c-6296-4b12-beb0-fecc7aa021bc","ID":"a29115bc-4298-4305-adeb-8f8c86f7d685","childs":{"прием":{"_level":1,"parentID":"a29115bc-4298-4305-adeb-8f8c86f7d685","firstParentID":"c662881c-6296-4b12-beb0-fecc7aa021bc","ID":"530583df-6863-48ca-b0d7-97b02aaad195","childs":{"код":{"_level":2,"parentID":"530583df-6863-48ca-b0d7-97b02aaad195","firstParentID":"c662881c-6296-4b12-beb0-fecc7aa021bc","ID":"f60c38c1-a6ab-4547-a130-479623317760","childs":null,"emcosID":null,"emcosMLID":null,"codMaketTEP":null,"codTEP":null,"WSName":"DB","rangeAddress":"$FQ$310:$FQ$347","headAddress":"$FQ$310","bodyAddress":"$FQ$311:$FQ$347","_name":"код"},"основное":{"_level":2,"parentID":"530583df-6863-48ca-b0d7-97b02aaad195","firstParentID":"c662881c-6296-4b12-beb0-fecc7aa021bc","ID":"8f92bcd9-997f-498e-a2ab-8a779477781c","childs":null,"emcosID":null,"emcosMLID":null,"codMaketTEP":null,"codTEP":null,"WSName":"DB","rangeAddress":"$FR$310:$FR$347","headAddress":"$FR$310","bodyAddress":"$FR$311:$FR$347","_name":"основное"},"корректировка факт":{"_level":2,"parentID":"530583df-6863-48ca-b0d7-97b02aaad195","firstParentID":"c662881c-6296-4b12-beb0-fecc7aa021bc","ID":"0a9b441e-bf26-4632-afcf-70deae2dfd40","childs":null,"emcosID":null,"emcosMLID":null,"codMaketTEP":null,"codTEP":null,"WSName":"DB","rangeAddress":"$FS$310:$FS$347","headAddress":"$FS$310","bodyAddress":"$FS$311:$FS$347","_name":"корректировка факт"},"ручное":{"_level":2,"parentID":"530583df-6863-48ca-b0d7-97b02aaad195","firstParentID":"c662881c-6296-4b12-beb0-fecc7aa021bc","ID":"dd7b055f-7a14-4455-ae87-c10cfb8883f7","childs":null,"emcosID":null,"emcosMLID":null,"codMaketTEP":null,"codTEP":null,"WSName":"DB","rangeAddress":"$FT$310:$FT$347","headAddress":"$FT$310","bodyAddress":"$FT$311:$FT$347","_name":"ручное"},"оперативное":{"_level":2,"parentID":"530583df-6863-48ca-b0d7-97b02aaad195","firstParentID":"c662881c-6296-4b12-beb0-fecc7aa021bc","ID":"4bf87392-1cc1-4851-90c4-fa47286a62f3","childs":null,"emcosID":null,"emcosMLID":null,"codMaketTEP":null,"codTEP":null,"WSName":"DB","rangeAddress":"$FU$310:$FU$347","headAddress":"$FU$310","bodyAddress":"$FU$311:$FU$347","_name":"оперативное"},"счетчик":{"_level":2,"parentID":"530583df-6863-48ca-b0d7-97b02aaad195","firstParentID":"c662881c-6296-4b12-beb0-fecc7aa021bc","ID":"747109dc-e485-4c7f-9091-1a13547949e9","childs":null,"emcosID":null,"emcosMLID":null,"codMaketTEP":null,"codTEP":null,"WSName":"DB","rangeAddress":"$FV$310:$FV$347","headAddress":"$FV$310","bodyAddress":"$FV$311:$FV$347","_name":"счетчик"},"по счетчику":{"_level":2,"parentID":"530583df-6863-48ca-b0d7-97b02aaad195","firstParentID":"c662881c-6296-4b12-beb0-fecc7aa021bc","ID":"16e6e55c-5a98-450f-8a9c-e4d04184041f","childs":null,"emcosID":null,"emcosMLID":null,"codMaketTEP":null,"codTEP":null,"WSName":"DB","rangeAddress":"$FW$310:$FW$347","headAddress":"$FW$310","bodyAddress":"$FW$311:$FW$347","_name":"по счетчику"}},"emcosID":null,"emcosMLID":null,"codMaketTEP":null,"codTEP":null,"WSName":"DB","rangeAddress":"$FQ$309:$FW$347","headAddress":"$FQ$309:$FW$309","bodyAddress":"$FQ$310:$FW$347","_name":"прием"},"отдача":{"_level":1,"parentID":"a29115bc-4298-4305-adeb-8f8c86f7d685","firstParentID":"c662881c-6296-4b12-beb0-fecc7aa021bc","ID":"b2270eea-72ea-4b60-bc9f-34c877fbbc51","childs":{"код":{"_level":2,"parentID":"b2270eea-72ea-4b60-bc9f-34c877fbbc51","firstParentID":"c662881c-6296-4b12-beb0-fecc7aa021bc","ID":"442a8022-e255-4c8c-a77c-5fea161def69","childs":null,"emcosID":null,"emcosMLID":null,"codMaketTEP":null,"codTEP":null,"WSName":"DB","rangeAddress":"$FX$310:$FX$347","headAddress":"$FX$310","bodyAddress":"$FX$311:$FX$347","_name":"код"},"основное":{"_level":2,"parentID":"b2270eea-72ea-4b60-bc9f-34c877fbbc51","firstParentID":"c662881c-6296-4b12-beb0-fecc7aa021bc","ID":"f33e91a0-81bc-4a34-a21d-691ca582b34b","childs":null,"emcosID":null,"emcosMLID":null,"codMaketTEP":null,"codTEP":null,"WSName":"DB","rangeAddress":"$FY$310:$FY$347","headAddress":"$FY$310","bodyAddress":"$FY$311:$FY$347","_name":"основное"},"корректировка факт":{"_level":2,"parentID":"b2270eea-72ea-4b60-bc9f-34c877fbbc51","firstParentID":"c662881c-6296-4b12-beb0-fecc7aa021bc","ID":"46993ba5-c9ea-48e6-b921-478e9c193f0f","childs":null,"emcosID":null,"emcosMLID":null,"codMaketTEP":null,"codTEP":null,"WSName":"DB","rangeAddress":"$FZ$310:$FZ$347","headAddress":"$FZ$310","bodyAddress":"$FZ$311:$FZ$347","_name":"корректировка факт"},"ручное":{"_level":2,"parentID":"b2270eea-72ea-4b60-bc9f-34c877fbbc51","firstParentID":"c662881c-6296-4b12-beb0-fecc7aa021bc","ID":"5b9b8ea6-597e-44d6-b94c-d2a322dc1b59","childs":null,"emcosID":null,"emcosMLID":null,"codMaketTEP":null,"codTEP":null,"WSName":"DB","rangeAddress":"$GA$310:$GA$347","headAddress":"$GA$310","bodyAddress":"$GA$311:$GA$347","_name":"ручное"},"оперативное":{"_level":2,"parentID":"b2270eea-72ea-4b60-bc9f-34c877fbbc51","firstParentID":"c662881c-6296-4b12-beb0-fecc7aa021bc","ID":"9af04ddd-b255-47c5-baf9-bd5dac32a00d","childs":null,"emcosID":null,"emcosMLID":null,"codMaketTEP":null,"codTEP":null,"WSName":"DB","rangeAddress":"$GB$310:$GB$347","headAddress":"$GB$310","bodyAddress":"$GB$311:$GB$347","_name":"оперативное"},"счетчик":{"_level":2,"parentID":"b2270eea-72ea-4b60-bc9f-34c877fbbc51","firstParentID":"c662881c-6296-4b12-beb0-fecc7aa021bc","ID":"b1f9a003-843c-4656-8cbb-e82c72e2a036","childs":null,"emcosID":null,"emcosMLID":null,"codMaketTEP":null,"codTEP":null,"WSName":"DB","rangeAddress":"$GC$310:$GC$347","headAddress":"$GC$310","bodyAddress":"$GC$311:$GC$347","_name":"счетчик"},"по счетчику":{"_level":2,"parentID":"b2270eea-72ea-4b60-bc9f-34c877fbbc51","firstParentID":"c662881c-6296-4b12-beb0-fecc7aa021bc","ID":"b2b675d2-2a82-4211-910a-f4cf4aca2e15","childs":null,"emcosID":null,"emcosMLID":null,"codMaketTEP":null,"codTEP":null,"WSName":"DB","rangeAddress":"$GD$310:$GD$347","headAddress":"$GD$310","bodyAddress":"$GD$311:$GD$347","_name":"по счетчику"}},"emcosID":null,"emcosMLID":null,"codMaketTEP":null,"codTEP":null,"WSName":"DB","rangeAddress":"$FX$309:$GD$347","headAddress":"$FX$309:$GD$309","bodyAddress":"$FX$310:$GD$347","_name":"отдача"}},"emcosID":null,"emcosMLID":null,"codMaketTEP":null,"codTEP":null,"WSName":"DB","rangeAddress":"$FQ$308:$GD$347","headAddress":"$FQ$308:$GD$308","bodyAddress":"$FQ$309:$GD$347","_name":"КЛ57 ПС152 Талдыкорган"}},"codPlan":null,"meterCoef":"8","_name":"КЛ57 ПС152 Талдыкорган"}