{"ID":"c7d60e1d-792b-4de7-bc5d-fb6b4e8c897e","childs":{"PS":{"_level":0,"parentID":"c7d60e1d-792b-4de7-bc5d-fb6b4e8c897e","firstParentID":"c7d60e1d-792b-4de7-bc5d-fb6b4e8c897e","ID":"30dbc180-0787-432d-8c3e-5ea5466e8583","childs":{"прием":{"_level":1,"parentID":"30dbc180-0787-432d-8c3e-5ea5466e8583","firstParentID":"c7d60e1d-792b-4de7-bc5d-fb6b4e8c897e","ID":"b19c955c-e7c7-4aea-b5da-45f8afbbf07f","childs":{"формула":{"_level":2,"parentID":"b19c955c-e7c7-4aea-b5da-45f8afbbf07f","firstParentID":"c7d60e1d-792b-4de7-bc5d-fb6b4e8c897e","ID":"f9ad2b76-3234-42d2-8ba0-5414a536beb3","childs":null,"emcosID":null,"emcosMLID":null,"codMaketTEP":null,"codTEP":null,"WSName":"PS","rangeAddress":"$KJ$99:$KJ$135","headAddress":"$KJ$99","bodyAddress":"$KJ$100:$KJ$135","_name":"формула"}},"emcosID":null,"emcosMLID":null,"codMaketTEP":null,"codTEP":null,"WSName":"PS","rangeAddress":"$KJ$98:$KJ$135","headAddress":"$KJ$98","bodyAddress":"$KJ$99:$KJ$135","_name":"прием"}},"emcosID":null,"emcosMLID":null,"codMaketTEP":null,"codTEP":null,"WSName":"PS","rangeAddress":"$KJ$97:$KJ$135","headAddress":"$KJ$97","bodyAddress":"$KJ$98:$KJ$135","_name":"Потребление Медеу тяга"},"DB":{"_level":0,"parentID":"c7d60e1d-792b-4de7-bc5d-fb6b4e8c897e","firstParentID":"c7d60e1d-792b-4de7-bc5d-fb6b4e8c897e","ID":"b1b41dab-af2c-4473-8fc2-ea3f9b2f9547","childs":{"прием":{"_level":1,"parentID":"b1b41dab-af2c-4473-8fc2-ea3f9b2f9547","firstParentID":"c7d60e1d-792b-4de7-bc5d-fb6b4e8c897e","ID":"0a37f949-4325-4907-b4d1-6f7f29de0801","childs":{"код":{"_level":2,"parentID":"0a37f949-4325-4907-b4d1-6f7f29de0801","firstParentID":"c7d60e1d-792b-4de7-bc5d-fb6b4e8c897e","ID":"0218991a-2afa-450d-82da-e01cf5f09a11","childs":null,"emcosID":null,"emcosMLID":null,"codMaketTEP":null,"codTEP":null,"WSName":"DB","rangeAddress":"$DD$181:$DD$218","headAddress":"$DD$181","bodyAddress":"$DD$182:$DD$218","_name":"код"},"основное":{"_level":2,"parentID":"0a37f949-4325-4907-b4d1-6f7f29de0801","firstParentID":"c7d60e1d-792b-4de7-bc5d-fb6b4e8c897e","ID":"afa8fb04-3749-4e50-9beb-f69e74e8440f","childs":null,"emcosID":null,"emcosMLID":null,"codMaketTEP":null,"codTEP":null,"WSName":"DB","rangeAddress":"$DE$181:$DE$218","headAddress":"$DE$181","bodyAddress":"$DE$182:$DE$218","_name":"основное"},"корректировка факт":{"_level":2,"parentID":"0a37f949-4325-4907-b4d1-6f7f29de0801","firstParentID":"c7d60e1d-792b-4de7-bc5d-fb6b4e8c897e","ID":"977d55bf-f823-4126-8df0-2f20aabb38cd","childs":null,"emcosID":null,"emcosMLID":null,"codMaketTEP":null,"codTEP":null,"WSName":"DB","rangeAddress":"$DF$181:$DF$218","headAddress":"$DF$181","bodyAddress":"$DF$182:$DF$218","_name":"корректировка факт"},"ручное":{"_level":2,"parentID":"0a37f949-4325-4907-b4d1-6f7f29de0801","firstParentID":"c7d60e1d-792b-4de7-bc5d-fb6b4e8c897e","ID":"19ddb64d-94a2-46b9-8dd3-a89d9c36808b","childs":null,"emcosID":null,"emcosMLID":null,"codMaketTEP":null,"codTEP":null,"WSName":"DB","rangeAddress":"$DG$181:$DG$218","headAddress":"$DG$181","bodyAddress":"$DG$182:$DG$218","_name":"ручное"},"формула":{"_level":2,"parentID":"0a37f949-4325-4907-b4d1-6f7f29de0801","firstParentID":"c7d60e1d-792b-4de7-bc5d-fb6b4e8c897e","ID":"b789d3fc-b842-4046-a246-3c71ca5e0d45","childs":null,"emcosID":null,"emcosMLID":null,"codMaketTEP":null,"codTEP":null,"WSName":"DB","rangeAddress":"$DH$181:$DH$218","headAddress":"$DH$181","bodyAddress":"$DH$182:$DH$218","_name":"формула"}},"emcosID":null,"emcosMLID":null,"codMaketTEP":null,"codTEP":null,"WSName":"DB","rangeAddress":"$DD$180:$DH$218","headAddress":"$DD$180:$DH$180","bodyAddress":"$DD$181:$DH$218","_name":"прием"}},"emcosID":null,"emcosMLID":null,"codMaketTEP":null,"codTEP":null,"WSName":"DB","rangeAddress":"$DD$179:$DH$218","headAddress":"$DD$179:$DH$179","bodyAddress":"$DD$180:$DH$218","_name":"Потребление Медеу тяга"}},"codPlan":null,"meterCoef":null,"_name":"Потребление Медеу тяга"}