{"ID":"c7d60e1d-792b-4de7-bc5d-fb6b4e8c897e","childs":{"PS":{"_level":0,"parentID":"c7d60e1d-792b-4de7-bc5d-fb6b4e8c897e","firstParentID":"c7d60e1d-792b-4de7-bc5d-fb6b4e8c897e","ID":"30dbc180-0787-432d-8c3e-5ea5466e8583","childs":{"прием":{"_level":1,"parentID":"30dbc180-0787-432d-8c3e-5ea5466e8583","firstParentID":"c7d60e1d-792b-4de7-bc5d-fb6b4e8c897e","ID":"b19c955c-e7c7-4aea-b5da-45f8afbbf07f","childs":{"формула":{"_level":2,"parentID":"b19c955c-e7c7-4aea-b5da-45f8afbbf07f","firstParentID":"c7d60e1d-792b-4de7-bc5d-fb6b4e8c897e","ID":"f9ad2b76-3234-42d2-8ba0-5414a536beb3","childs":null,"emcosID":null,"emcosMLID":null,"codMaketTEP":null,"codTEP":null,"WSName":"PS","rangeAddress":"$KF$99:$KF$135","headAddress":"$KF$99","bodyAddress":"$KF$100:$KF$135","_name":"формула"}},"emcosID":null,"emcosMLID":null,"codMaketTEP":null,"codTEP":null,"WSName":"PS","rangeAddress":"$KF$98:$KF$135","headAddress":"$KF$98","bodyAddress":"$KF$99:$KF$135","_name":"прием"}},"emcosID":null,"emcosMLID":null,"codMaketTEP":null,"codTEP":null,"WSName":"PS","rangeAddress":"$KF$97:$KF$135","headAddress":"$KF$97","bodyAddress":"$KF$98:$KF$135","_name":"Потребление Медеу тяга"},"DB":{"_level":0,"parentID":"c7d60e1d-792b-4de7-bc5d-fb6b4e8c897e","firstParentID":"c7d60e1d-792b-4de7-bc5d-fb6b4e8c897e","ID":"b1b41dab-af2c-4473-8fc2-ea3f9b2f9547","childs":{"прием":{"_level":1,"parentID":"b1b41dab-af2c-4473-8fc2-ea3f9b2f9547","firstParentID":"c7d60e1d-792b-4de7-bc5d-fb6b4e8c897e","ID":"0a37f949-4325-4907-b4d1-6f7f29de0801","childs":{"код":{"_level":2,"parentID":"0a37f949-4325-4907-b4d1-6f7f29de0801","firstParentID":"c7d60e1d-792b-4de7-bc5d-fb6b4e8c897e","ID":"0218991a-2afa-450d-82da-e01cf5f09a11","childs":null,"emcosID":null,"emcosMLID":null,"codMaketTEP":null,"codTEP":null,"WSName":"DB","rangeAddress":"$CN$181:$CN$218","headAddress":"$CN$181","bodyAddress":"$CN$182:$CN$218","_name":"код"},"основное":{"_level":2,"parentID":"0a37f949-4325-4907-b4d1-6f7f29de0801","firstParentID":"c7d60e1d-792b-4de7-bc5d-fb6b4e8c897e","ID":"afa8fb04-3749-4e50-9beb-f69e74e8440f","childs":null,"emcosID":null,"emcosMLID":null,"codMaketTEP":null,"codTEP":null,"WSName":"DB","rangeAddress":"$CO$181:$CO$218","headAddress":"$CO$181","bodyAddress":"$CO$182:$CO$218","_name":"основное"},"корректировка факт":{"_level":2,"parentID":"0a37f949-4325-4907-b4d1-6f7f29de0801","firstParentID":"c7d60e1d-792b-4de7-bc5d-fb6b4e8c897e","ID":"977d55bf-f823-4126-8df0-2f20aabb38cd","childs":null,"emcosID":null,"emcosMLID":null,"codMaketTEP":null,"codTEP":null,"WSName":"DB","rangeAddress":"$CP$181:$CP$218","headAddress":"$CP$181","bodyAddress":"$CP$182:$CP$218","_name":"корректировка факт"},"ручное":{"_level":2,"parentID":"0a37f949-4325-4907-b4d1-6f7f29de0801","firstParentID":"c7d60e1d-792b-4de7-bc5d-fb6b4e8c897e","ID":"19ddb64d-94a2-46b9-8dd3-a89d9c36808b","childs":null,"emcosID":null,"emcosMLID":null,"codMaketTEP":null,"codTEP":null,"WSName":"DB","rangeAddress":"$CQ$181:$CQ$218","headAddress":"$CQ$181","bodyAddress":"$CQ$182:$CQ$218","_name":"ручное"},"формула":{"_level":2,"parentID":"0a37f949-4325-4907-b4d1-6f7f29de0801","firstParentID":"c7d60e1d-792b-4de7-bc5d-fb6b4e8c897e","ID":"b789d3fc-b842-4046-a246-3c71ca5e0d45","childs":null,"emcosID":null,"emcosMLID":null,"codMaketTEP":null,"codTEP":null,"WSName":"DB","rangeAddress":"$CR$181:$CR$218","headAddress":"$CR$181","bodyAddress":"$CR$182:$CR$218","_name":"формула"}},"emcosID":null,"emcosMLID":null,"codMaketTEP":null,"codTEP":null,"WSName":"DB","rangeAddress":"$CN$180:$CR$218","headAddress":"$CN$180:$CR$180","bodyAddress":"$CN$181:$CR$218","_name":"прием"}},"emcosID":null,"emcosMLID":null,"codMaketTEP":null,"codTEP":null,"WSName":"DB","rangeAddress":"$CN$179:$CR$218","headAddress":"$CN$179:$CR$179","bodyAddress":"$CN$180:$CR$218","_name":"Потребление Медеу тяга"}},"codPlan":null,"meterCoef":null,"_name":"Потребление Медеу тяга"}