{"ID":"c8dfabf3-5567-4337-889a-a89bee884104","childs":{"PS":{"_level":0,"parentID":"c8dfabf3-5567-4337-889a-a89bee884104","firstParentID":"c8dfabf3-5567-4337-889a-a89bee884104","ID":"160e64b8-1b7c-4849-a82b-094cc4969ca6","childs":{"сальдо":{"_level":1,"parentID":"160e64b8-1b7c-4849-a82b-094cc4969ca6","firstParentID":"c8dfabf3-5567-4337-889a-a89bee884104","ID":"51e4d519-a7e1-4f7f-b22f-845348583a16","childs":{"формула":{"_level":2,"parentID":"51e4d519-a7e1-4f7f-b22f-845348583a16","firstParentID":"c8dfabf3-5567-4337-889a-a89bee884104","ID":"7342039e-3a20-42df-a1e7-8bb13c31c106","childs":null,"emcosID":null,"emcosMLID":null,"codMaketTEP":null,"codTEP":null,"WSName":"PS","rangeAddress":"$I$13:$I$49","headAddress":"$I$13","bodyAddress":"$I$14:$I$49","_name":"формула"}},"emcosID":null,"emcosMLID":null,"codMaketTEP":null,"codTEP":null,"WSName":"PS","rangeAddress":"$I$12:$I$49","headAddress":"$I$12","bodyAddress":"$I$13:$I$49","_name":"сальдо"}},"emcosID":null,"emcosMLID":null,"codMaketTEP":null,"codTEP":null,"WSName":"PS","rangeAddress":"$I$11:$I$49","headAddress":"$I$11","bodyAddress":"$I$12:$I$49","_name":"Сальдо Алматы - Жетысу Общее"},"DB":{"_level":0,"parentID":"c8dfabf3-5567-4337-889a-a89bee884104","firstParentID":"c8dfabf3-5567-4337-889a-a89bee884104","ID":"e7ed962f-ae49-4296-a6bd-1a93feb78923","childs":{"сальдо":{"_level":1,"parentID":"e7ed962f-ae49-4296-a6bd-1a93feb78923","firstParentID":"c8dfabf3-5567-4337-889a-a89bee884104","ID":"3c4257f3-cee1-4e74-99c3-4ddf2dd36e3a","childs":{"код":{"_level":2,"parentID":"3c4257f3-cee1-4e74-99c3-4ddf2dd36e3a","firstParentID":"c8dfabf3-5567-4337-889a-a89bee884104","ID":"dad25be8-ac05-4f85-9721-f3dade30c95f","childs":null,"emcosID":null,"emcosMLID":null,"codMaketTEP":null,"codTEP":null,"WSName":"DB","rangeAddress":"$BI$396:$BI$433","headAddress":"$BI$396","bodyAddress":"$BI$397:$BI$433","_name":"код"},"основное":{"_level":2,"parentID":"3c4257f3-cee1-4e74-99c3-4ddf2dd36e3a","firstParentID":"c8dfabf3-5567-4337-889a-a89bee884104","ID":"124ff432-9dd1-4cad-9eff-4f699250ed3e","childs":null,"emcosID":null,"emcosMLID":null,"codMaketTEP":null,"codTEP":null,"WSName":"DB","rangeAddress":"$BJ$396:$BJ$433","headAddress":"$BJ$396","bodyAddress":"$BJ$397:$BJ$433","_name":"основное"},"корректировка факт":{"_level":2,"parentID":"3c4257f3-cee1-4e74-99c3-4ddf2dd36e3a","firstParentID":"c8dfabf3-5567-4337-889a-a89bee884104","ID":"0cc3b20a-399e-46d2-a36b-be4f63e2f409","childs":null,"emcosID":null,"emcosMLID":null,"codMaketTEP":null,"codTEP":null,"WSName":"DB","rangeAddress":"$BK$396:$BK$433","headAddress":"$BK$396","bodyAddress":"$BK$397:$BK$433","_name":"корректировка факт"},"ручное":{"_level":2,"parentID":"3c4257f3-cee1-4e74-99c3-4ddf2dd36e3a","firstParentID":"c8dfabf3-5567-4337-889a-a89bee884104","ID":"bd2c71ce-a9d6-4edf-b2c6-778e06c08455","childs":null,"emcosID":null,"emcosMLID":null,"codMaketTEP":null,"codTEP":null,"WSName":"DB","rangeAddress":"$BL$396:$BL$433","headAddress":"$BL$396","bodyAddress":"$BL$397:$BL$433","_name":"ручное"},"формула":{"_level":2,"parentID":"3c4257f3-cee1-4e74-99c3-4ddf2dd36e3a","firstParentID":"c8dfabf3-5567-4337-889a-a89bee884104","ID":"4f76b962-1588-40ed-be1f-502e55a4b7cf","childs":null,"emcosID":null,"emcosMLID":null,"codMaketTEP":null,"codTEP":null,"WSName":"DB","rangeAddress":"$BM$396:$BM$433","headAddress":"$BM$396","bodyAddress":"$BM$397:$BM$433","_name":"формула"}},"emcosID":null,"emcosMLID":null,"codMaketTEP":null,"codTEP":null,"WSName":"DB","rangeAddress":"$BI$395:$BM$433","headAddress":"$BI$395:$BM$395","bodyAddress":"$BI$396:$BM$433","_name":"сальдо"}},"emcosID":null,"emcosMLID":null,"codMaketTEP":null,"codTEP":null,"WSName":"DB","rangeAddress":"$BI$394:$BM$433","headAddress":"$BI$394:$BM$394","bodyAddress":"$BI$395:$BM$433","_name":"Сальдо Алматы - Жетысу Общее"}},"codPlan":null,"meterCoef":null,"_name":"Сальдо Алматы - Жетысу Общее"}