{"ID":"c9b95bb4-389d-4df0-b008-d1c24f857a7d","childs":{"PS":{"_level":0,"parentID":"c9b95bb4-389d-4df0-b008-d1c24f857a7d","firstParentID":"c9b95bb4-389d-4df0-b008-d1c24f857a7d","ID":"e60d5dda-f4be-4bee-96ea-09015ac4ea24","childs":{"прием":{"_level":1,"parentID":"e60d5dda-f4be-4bee-96ea-09015ac4ea24","firstParentID":"c9b95bb4-389d-4df0-b008-d1c24f857a7d","ID":"570f26cb-8c7a-47f6-96dd-86fd0ba1f17c","childs":{"ручное":{"_level":2,"parentID":"570f26cb-8c7a-47f6-96dd-86fd0ba1f17c","firstParentID":"c9b95bb4-389d-4df0-b008-d1c24f857a7d","ID":"ff70863b-040b-4143-a985-856d77ef43ab","childs":null,"emcosID":null,"emcosMLID":null,"codMaketTEP":null,"codTEP":null,"WSName":"PS","rangeAddress":"$DI$185:$DI$221","headAddress":"$DI$185","bodyAddress":"$DI$186:$DI$221","_name":"ручное"}},"emcosID":null,"emcosMLID":null,"codMaketTEP":null,"codTEP":null,"WSName":"PS","rangeAddress":"$DI$184:$DI$221","headAddress":"$DI$184","bodyAddress":"$DI$185:$DI$221","_name":"прием"}},"emcosID":null,"emcosMLID":null,"codMaketTEP":null,"codTEP":null,"WSName":"PS","rangeAddress":"$DI$183:$DI$221","headAddress":"$DI$183","bodyAddress":"$DI$184:$DI$221","_name":"тест тест"},"DB":{"_level":0,"parentID":"c9b95bb4-389d-4df0-b008-d1c24f857a7d","firstParentID":"c9b95bb4-389d-4df0-b008-d1c24f857a7d","ID":"17009d09-fcff-4946-951d-dffa47a80d61","childs":{"прием":{"_level":1,"parentID":"17009d09-fcff-4946-951d-dffa47a80d61","firstParentID":"c9b95bb4-389d-4df0-b008-d1c24f857a7d","ID":"651f33b0-bf2b-405d-ab8d-e9ae2178da1f","childs":{"код":{"_level":2,"parentID":"651f33b0-bf2b-405d-ab8d-e9ae2178da1f","firstParentID":"c9b95bb4-389d-4df0-b008-d1c24f857a7d","ID":"ea31902a-9df6-41b0-8c77-310a8fdd1c77","childs":null,"emcosID":null,"emcosMLID":null,"codMaketTEP":null,"codTEP":null,"WSName":"DB","rangeAddress":"$AU$482:$AU$519","headAddress":"$AU$482","bodyAddress":"$AU$483:$AU$519","_name":"код"},"основное":{"_level":2,"parentID":"651f33b0-bf2b-405d-ab8d-e9ae2178da1f","firstParentID":"c9b95bb4-389d-4df0-b008-d1c24f857a7d","ID":"9a8f5d1d-7177-4c1a-bc00-fec29ca4dddb","childs":null,"emcosID":null,"emcosMLID":null,"codMaketTEP":null,"codTEP":null,"WSName":"DB","rangeAddress":"$AV$482:$AV$519","headAddress":"$AV$482","bodyAddress":"$AV$483:$AV$519","_name":"основное"},"корректировка факт":{"_level":2,"parentID":"651f33b0-bf2b-405d-ab8d-e9ae2178da1f","firstParentID":"c9b95bb4-389d-4df0-b008-d1c24f857a7d","ID":"79c00f6f-631b-42cc-a9f7-0352e19bedac","childs":null,"emcosID":null,"emcosMLID":null,"codMaketTEP":null,"codTEP":null,"WSName":"DB","rangeAddress":"$AW$482:$AW$519","headAddress":"$AW$482","bodyAddress":"$AW$483:$AW$519","_name":"корректировка факт"},"ручное":{"_level":2,"parentID":"651f33b0-bf2b-405d-ab8d-e9ae2178da1f","firstParentID":"c9b95bb4-389d-4df0-b008-d1c24f857a7d","ID":"191b5bc8-838a-40ad-809e-02d089d51e94","childs":null,"emcosID":null,"emcosMLID":null,"codMaketTEP":null,"codTEP":null,"WSName":"DB","rangeAddress":"$AX$482:$AX$519","headAddress":"$AX$482","bodyAddress":"$AX$483:$AX$519","_name":"ручное"}},"emcosID":null,"emcosMLID":null,"codMaketTEP":null,"codTEP":null,"WSName":"DB","rangeAddress":"$AU$481:$AX$519","headAddress":"$AU$481:$AX$481","bodyAddress":"$AU$482:$AX$519","_name":"прием"}},"emcosID":null,"emcosMLID":null,"codMaketTEP":null,"codTEP":null,"WSName":"DB","rangeAddress":"$AU$480:$AX$519","headAddress":"$AU$480:$AX$480","bodyAddress":"$AU$481:$AX$519","_name":"тест тест"}},"codPlan":null,"meterCoef":null,"_name":"тест тест"}