{"ID":"cc0a03c0-0bc5-46ef-b2b3-319312082632","childs":{"PS":{"_level":0,"parentID":"cc0a03c0-0bc5-46ef-b2b3-319312082632","firstParentID":"cc0a03c0-0bc5-46ef-b2b3-319312082632","ID":"ba4e6808-521f-42b6-b463-bc4a515a82dc","childs":{"прием":{"_level":1,"parentID":"ba4e6808-521f-42b6-b463-bc4a515a82dc","firstParentID":"cc0a03c0-0bc5-46ef-b2b3-319312082632","ID":"c8165365-31ab-473f-bdbf-677128335001","childs":{"ручное":{"_level":2,"parentID":"c8165365-31ab-473f-bdbf-677128335001","firstParentID":"cc0a03c0-0bc5-46ef-b2b3-319312082632","ID":"cf732c24-60fd-42ff-b8e2-cb494b9234f5","childs":null,"emcosID":null,"emcosMLID":null,"codMaketTEP":null,"codTEP":null,"WSName":"PS","rangeAddress":"$Q$185:$Q$221","headAddress":"$Q$185","bodyAddress":"$Q$186:$Q$221","_name":"ручное"}},"emcosID":null,"emcosMLID":null,"codMaketTEP":null,"codTEP":null,"WSName":"PS","rangeAddress":"$Q$184:$Q$221","headAddress":"$Q$184","bodyAddress":"$Q$185:$Q$221","_name":"прием"},"план":{"_level":1,"parentID":"ba4e6808-521f-42b6-b463-bc4a515a82dc","firstParentID":"cc0a03c0-0bc5-46ef-b2b3-319312082632","ID":"e8d9e5a5-c2f4-4a60-b56e-12645584f0d8","childs":{"заявка":{"_level":2,"parentID":"e8d9e5a5-c2f4-4a60-b56e-12645584f0d8","firstParentID":"cc0a03c0-0bc5-46ef-b2b3-319312082632","ID":"de569e81-e550-420d-97c4-60923bdcd969","childs":null,"emcosID":null,"emcosMLID":null,"codMaketTEP":null,"codTEP":null,"WSName":"PS","rangeAddress":"$R$185:$R$221","headAddress":"$R$185","bodyAddress":"$R$186:$R$221","_name":"заявка"}},"emcosID":null,"emcosMLID":null,"codMaketTEP":null,"codTEP":null,"WSName":"PS","rangeAddress":"$R$184:$R$221","headAddress":"$R$184","bodyAddress":"$R$185:$R$221","_name":"план"}},"emcosID":null,"emcosMLID":null,"codMaketTEP":null,"codTEP":null,"WSName":"PS","rangeAddress":"$Q$183:$R$221","headAddress":"$Q$183:$R$183","bodyAddress":"$Q$184:$R$221","_name":"Потребление Темиржолэнерго Алматы"},"DB":{"_level":0,"parentID":"cc0a03c0-0bc5-46ef-b2b3-319312082632","firstParentID":"cc0a03c0-0bc5-46ef-b2b3-319312082632","ID":"634a0f2b-da05-4001-8bba-29903d9ed71e","childs":{"прием":{"_level":1,"parentID":"634a0f2b-da05-4001-8bba-29903d9ed71e","firstParentID":"cc0a03c0-0bc5-46ef-b2b3-319312082632","ID":"937b92d2-12f6-445a-884b-9f31cc65b4bc","childs":{"код":{"_level":2,"parentID":"937b92d2-12f6-445a-884b-9f31cc65b4bc","firstParentID":"cc0a03c0-0bc5-46ef-b2b3-319312082632","ID":"baaa3cad-9c30-478c-84b1-d3d599ee09e4","childs":null,"emcosID":null,"emcosMLID":null,"codMaketTEP":null,"codTEP":null,"WSName":"DB","rangeAddress":"$DA$353:$DA$390","headAddress":"$DA$353","bodyAddress":"$DA$354:$DA$390","_name":"код"},"основное":{"_level":2,"parentID":"937b92d2-12f6-445a-884b-9f31cc65b4bc","firstParentID":"cc0a03c0-0bc5-46ef-b2b3-319312082632","ID":"12de26ab-2916-4d35-8958-75c93d41bfe6","childs":null,"emcosID":null,"emcosMLID":null,"codMaketTEP":null,"codTEP":null,"WSName":"DB","rangeAddress":"$DB$353:$DB$390","headAddress":"$DB$353","bodyAddress":"$DB$354:$DB$390","_name":"основное"},"корректировка факт":{"_level":2,"parentID":"937b92d2-12f6-445a-884b-9f31cc65b4bc","firstParentID":"cc0a03c0-0bc5-46ef-b2b3-319312082632","ID":"59e70665-2c80-44b1-8c24-33b3b7a92582","childs":null,"emcosID":null,"emcosMLID":null,"codMaketTEP":null,"codTEP":null,"WSName":"DB","rangeAddress":"$DC$353:$DC$390","headAddress":"$DC$353","bodyAddress":"$DC$354:$DC$390","_name":"корректировка факт"},"ручное":{"_level":2,"parentID":"937b92d2-12f6-445a-884b-9f31cc65b4bc","firstParentID":"cc0a03c0-0bc5-46ef-b2b3-319312082632","ID":"8215d12d-2d81-47be-ab56-986f28dc9999","childs":null,"emcosID":null,"emcosMLID":null,"codMaketTEP":null,"codTEP":null,"WSName":"DB","rangeAddress":"$DD$353:$DD$390","headAddress":"$DD$353","bodyAddress":"$DD$354:$DD$390","_name":"ручное"},"по плану":{"_level":2,"parentID":"937b92d2-12f6-445a-884b-9f31cc65b4bc","firstParentID":"cc0a03c0-0bc5-46ef-b2b3-319312082632","ID":"e324f7de-2bec-4ff0-8b22-757b60207cba","childs":null,"emcosID":null,"emcosMLID":null,"codMaketTEP":null,"codTEP":null,"WSName":"DB","rangeAddress":"$DE$353:$DE$390","headAddress":"$DE$353","bodyAddress":"$DE$354:$DE$390","_name":"по плану"}},"emcosID":null,"emcosMLID":null,"codMaketTEP":null,"codTEP":null,"WSName":"DB","rangeAddress":"$DA$352:$DE$390","headAddress":"$DA$352:$DE$352","bodyAddress":"$DA$353:$DE$390","_name":"прием"},"план":{"_level":1,"parentID":"634a0f2b-da05-4001-8bba-29903d9ed71e","firstParentID":"cc0a03c0-0bc5-46ef-b2b3-319312082632","ID":"76499bd0-c343-4253-ad54-8c36f3bd0de6","childs":{"код":{"_level":2,"parentID":"76499bd0-c343-4253-ad54-8c36f3bd0de6","firstParentID":"cc0a03c0-0bc5-46ef-b2b3-319312082632","ID":"184902c3-7195-4a74-9520-236de5ca17ba","childs":null,"emcosID":null,"emcosMLID":null,"codMaketTEP":null,"codTEP":null,"WSName":"DB","rangeAddress":"$DF$353:$DF$390","headAddress":"$DF$353","bodyAddress":"$DF$354:$DF$390","_name":"код"},"основное":{"_level":2,"parentID":"76499bd0-c343-4253-ad54-8c36f3bd0de6","firstParentID":"cc0a03c0-0bc5-46ef-b2b3-319312082632","ID":"e9b92a1d-0602-4586-8a27-e93240df0791","childs":null,"emcosID":null,"emcosMLID":null,"codMaketTEP":null,"codTEP":null,"WSName":"DB","rangeAddress":"$DG$353:$DG$390","headAddress":"$DG$353","bodyAddress":"$DG$354:$DG$390","_name":"основное"},"заявка":{"_level":2,"parentID":"76499bd0-c343-4253-ad54-8c36f3bd0de6","firstParentID":"cc0a03c0-0bc5-46ef-b2b3-319312082632","ID":"01df8e82-2e8c-4371-8903-5692cfa3075f","childs":null,"emcosID":null,"emcosMLID":null,"codMaketTEP":null,"codTEP":null,"WSName":"DB","rangeAddress":"$DH$353:$DH$390","headAddress":"$DH$353","bodyAddress":"$DH$354:$DH$390","_name":"заявка"},"утвержденный":{"_level":2,"parentID":"76499bd0-c343-4253-ad54-8c36f3bd0de6","firstParentID":"cc0a03c0-0bc5-46ef-b2b3-319312082632","ID":"05717b4b-d23b-486a-82cc-87ec6743f32a","childs":null,"emcosID":null,"emcosMLID":null,"codMaketTEP":null,"codTEP":null,"WSName":"DB","rangeAddress":"$DI$353:$DI$390","headAddress":"$DI$353","bodyAddress":"$DI$354:$DI$390","_name":"утвержденный"},"корректировка":{"_level":2,"parentID":"76499bd0-c343-4253-ad54-8c36f3bd0de6","firstParentID":"cc0a03c0-0bc5-46ef-b2b3-319312082632","ID":"cf51d14b-465e-4048-834e-11515f19bcdc","childs":null,"emcosID":null,"emcosMLID":null,"codMaketTEP":null,"codTEP":null,"WSName":"DB","rangeAddress":"$DJ$353:$DJ$390","headAddress":"$DJ$353","bodyAddress":"$DJ$354:$DJ$390","_name":"корректировка"}},"emcosID":null,"emcosMLID":null,"codMaketTEP":null,"codTEP":null,"WSName":"DB","rangeAddress":"$DF$352:$DJ$390","headAddress":"$DF$352:$DJ$352","bodyAddress":"$DF$353:$DJ$390","_name":"план"}},"emcosID":null,"emcosMLID":null,"codMaketTEP":null,"codTEP":null,"WSName":"DB","rangeAddress":"$DA$351:$DJ$390","headAddress":"$DA$351:$DJ$351","bodyAddress":"$DA$352:$DJ$390","_name":"Потребление Темиржолэнерго Алматы"}},"codPlan":87,"meterCoef":null,"_name":"Потребление Темиржолэнерго Алматы"}