{"ID":"cd9bc991-3dde-4e85-a004-a60eaeca9f68","childs":{"PS":{"_level":0,"parentID":"cd9bc991-3dde-4e85-a004-a60eaeca9f68","firstParentID":"cd9bc991-3dde-4e85-a004-a60eaeca9f68","ID":"00cca899-4e4e-4cba-b14c-c6391663d83f","childs":{"прием":{"_level":1,"parentID":"00cca899-4e4e-4cba-b14c-c6391663d83f","firstParentID":"cd9bc991-3dde-4e85-a004-a60eaeca9f68","ID":"595deec4-cdfe-4ba0-8745-7edce8022a55","childs":{"ручное":{"_level":2,"parentID":"595deec4-cdfe-4ba0-8745-7edce8022a55","firstParentID":"cd9bc991-3dde-4e85-a004-a60eaeca9f68","ID":"8a148863-4486-422b-b7f7-d21bdd564dc3","childs":null,"emcosID":null,"emcosMLID":null,"codMaketTEP":null,"codTEP":null,"WSName":"PS","rangeAddress":"$LZ$99:$LZ$135","headAddress":"$LZ$99","bodyAddress":"$LZ$100:$LZ$135","_name":"ручное"}},"emcosID":null,"emcosMLID":null,"codMaketTEP":null,"codTEP":null,"WSName":"PS","rangeAddress":"$LZ$98:$LZ$135","headAddress":"$LZ$98","bodyAddress":"$LZ$99:$LZ$135","_name":"прием"}},"emcosID":null,"emcosMLID":null,"codMaketTEP":null,"codTEP":null,"WSName":"PS","rangeAddress":"$LZ$97:$LZ$135","headAddress":"$LZ$97","bodyAddress":"$LZ$98:$LZ$135","_name":"ТП3 Узун Агач тяга"},"DB":{"_level":0,"parentID":"cd9bc991-3dde-4e85-a004-a60eaeca9f68","firstParentID":"cd9bc991-3dde-4e85-a004-a60eaeca9f68","ID":"2100911f-0342-4678-8ce0-0f9944ee7420","childs":{"прием":{"_level":1,"parentID":"2100911f-0342-4678-8ce0-0f9944ee7420","firstParentID":"cd9bc991-3dde-4e85-a004-a60eaeca9f68","ID":"e6613c03-dc47-41d7-a4d0-ad82559de8ba","childs":{"код":{"_level":2,"parentID":"e6613c03-dc47-41d7-a4d0-ad82559de8ba","firstParentID":"cd9bc991-3dde-4e85-a004-a60eaeca9f68","ID":"68b2053b-f975-411a-9977-99dc66d49ce4","childs":null,"emcosID":null,"emcosMLID":null,"codMaketTEP":null,"codTEP":null,"WSName":"DB","rangeAddress":"$CO$181:$CO$218","headAddress":"$CO$181","bodyAddress":"$CO$182:$CO$218","_name":"код"},"основное":{"_level":2,"parentID":"e6613c03-dc47-41d7-a4d0-ad82559de8ba","firstParentID":"cd9bc991-3dde-4e85-a004-a60eaeca9f68","ID":"9614c24b-cdc8-4fde-9d1e-6201b2a531d0","childs":null,"emcosID":null,"emcosMLID":null,"codMaketTEP":null,"codTEP":null,"WSName":"DB","rangeAddress":"$CP$181:$CP$218","headAddress":"$CP$181","bodyAddress":"$CP$182:$CP$218","_name":"основное"},"корректировка факт":{"_level":2,"parentID":"e6613c03-dc47-41d7-a4d0-ad82559de8ba","firstParentID":"cd9bc991-3dde-4e85-a004-a60eaeca9f68","ID":"8440ad49-4808-4f48-a913-9aefebef4959","childs":null,"emcosID":null,"emcosMLID":null,"codMaketTEP":null,"codTEP":null,"WSName":"DB","rangeAddress":"$CQ$181:$CQ$218","headAddress":"$CQ$181","bodyAddress":"$CQ$182:$CQ$218","_name":"корректировка факт"},"ручное":{"_level":2,"parentID":"e6613c03-dc47-41d7-a4d0-ad82559de8ba","firstParentID":"cd9bc991-3dde-4e85-a004-a60eaeca9f68","ID":"546614c2-7a66-4fff-8355-a8de260a9c23","childs":null,"emcosID":null,"emcosMLID":null,"codMaketTEP":null,"codTEP":null,"WSName":"DB","rangeAddress":"$CR$181:$CR$218","headAddress":"$CR$181","bodyAddress":"$CR$182:$CR$218","_name":"ручное"}},"emcosID":null,"emcosMLID":null,"codMaketTEP":null,"codTEP":null,"WSName":"DB","rangeAddress":"$CO$180:$CR$218","headAddress":"$CO$180:$CR$180","bodyAddress":"$CO$181:$CR$218","_name":"прием"}},"emcosID":null,"emcosMLID":null,"codMaketTEP":null,"codTEP":null,"WSName":"DB","rangeAddress":"$CO$179:$CR$218","headAddress":"$CO$179:$CR$179","bodyAddress":"$CO$180:$CR$218","_name":"ТП3 Узун Агач тяга"}},"codPlan":null,"meterCoef":null,"_name":"ТП3 Узун Агач тяга"}