{"ID":"cf8ddc17-d763-4476-8875-ca6027102adb","childs":{"PS":{"_level":0,"parentID":"cf8ddc17-d763-4476-8875-ca6027102adb","firstParentID":"cf8ddc17-d763-4476-8875-ca6027102adb","ID":"2561b7c6-8c00-4859-98e2-f7f5dfd7ba37","childs":{"прием":{"_level":1,"parentID":"2561b7c6-8c00-4859-98e2-f7f5dfd7ba37","firstParentID":"cf8ddc17-d763-4476-8875-ca6027102adb","ID":"ff7e90e7-9830-4b3f-bb39-a9a5513c55f8","childs":{"ручное":{"_level":2,"parentID":"ff7e90e7-9830-4b3f-bb39-a9a5513c55f8","firstParentID":"cf8ddc17-d763-4476-8875-ca6027102adb","ID":"3ca6a402-7f02-4804-b478-48d94cff7717","childs":null,"emcosID":null,"emcosMLID":null,"codMaketTEP":null,"codTEP":null,"WSName":"PS","rangeAddress":"$AR$228:$AR$264","headAddress":"$AR$228","bodyAddress":"$AR$229:$AR$264","_name":"ручное"}},"emcosID":null,"emcosMLID":null,"codMaketTEP":null,"codTEP":null,"WSName":"PS","rangeAddress":"$AR$227:$AR$264","headAddress":"$AR$227","bodyAddress":"$AR$228:$AR$264","_name":"прием"}},"emcosID":null,"emcosMLID":null,"codMaketTEP":null,"codTEP":null,"WSName":"PS","rangeAddress":"$AR$226:$AR$264","headAddress":"$AR$226","bodyAddress":"$AR$227:$AR$264","_name":"Потребление Энергоснаб XXI Жетысу"},"DB":{"_level":0,"parentID":"cf8ddc17-d763-4476-8875-ca6027102adb","firstParentID":"cf8ddc17-d763-4476-8875-ca6027102adb","ID":"16aff7c8-aeb6-46b5-b3cd-586f6b1094f9","childs":{"прием":{"_level":1,"parentID":"16aff7c8-aeb6-46b5-b3cd-586f6b1094f9","firstParentID":"cf8ddc17-d763-4476-8875-ca6027102adb","ID":"8796f1ad-a59c-45b9-9353-974b38d701da","childs":{"код":{"_level":2,"parentID":"8796f1ad-a59c-45b9-9353-974b38d701da","firstParentID":"cf8ddc17-d763-4476-8875-ca6027102adb","ID":"329b1498-131f-4ed2-8461-6e7aeca652d3","childs":null,"emcosID":null,"emcosMLID":null,"codMaketTEP":null,"codTEP":null,"WSName":"DB","rangeAddress":"$G$439:$G$476","headAddress":"$G$439","bodyAddress":"$G$440:$G$476","_name":"код"},"основное":{"_level":2,"parentID":"8796f1ad-a59c-45b9-9353-974b38d701da","firstParentID":"cf8ddc17-d763-4476-8875-ca6027102adb","ID":"941affdc-bcc0-471a-8a1c-7fc23bc48ce1","childs":null,"emcosID":null,"emcosMLID":null,"codMaketTEP":null,"codTEP":null,"WSName":"DB","rangeAddress":"$H$439:$H$476","headAddress":"$H$439","bodyAddress":"$H$440:$H$476","_name":"основное"},"корректировка факт":{"_level":2,"parentID":"8796f1ad-a59c-45b9-9353-974b38d701da","firstParentID":"cf8ddc17-d763-4476-8875-ca6027102adb","ID":"e2c27f27-6173-4f74-8fee-35256cc43d08","childs":null,"emcosID":null,"emcosMLID":null,"codMaketTEP":null,"codTEP":null,"WSName":"DB","rangeAddress":"$I$439:$I$476","headAddress":"$I$439","bodyAddress":"$I$440:$I$476","_name":"корректировка факт"},"ручное":{"_level":2,"parentID":"8796f1ad-a59c-45b9-9353-974b38d701da","firstParentID":"cf8ddc17-d763-4476-8875-ca6027102adb","ID":"595493ad-eacb-45a5-afd6-8442c8208c64","childs":null,"emcosID":null,"emcosMLID":null,"codMaketTEP":null,"codTEP":null,"WSName":"DB","rangeAddress":"$J$439:$J$476","headAddress":"$J$439","bodyAddress":"$J$440:$J$476","_name":"ручное"}},"emcosID":null,"emcosMLID":null,"codMaketTEP":null,"codTEP":null,"WSName":"DB","rangeAddress":"$G$438:$J$476","headAddress":"$G$438:$J$438","bodyAddress":"$G$439:$J$476","_name":"прием"}},"emcosID":null,"emcosMLID":null,"codMaketTEP":null,"codTEP":null,"WSName":"DB","rangeAddress":"$G$437:$J$476","headAddress":"$G$437:$J$437","bodyAddress":"$G$438:$J$476","_name":"Потребление Энергоснаб XXI Жетысу"}},"codPlan":null,"meterCoef":null,"_name":"Потребление Энергоснаб XXI Жетысу"}