{"ID":"d031435c-3ee7-463a-a372-67011d5adcea","childs":{"PS":{"_level":0,"parentID":"d031435c-3ee7-463a-a372-67011d5adcea","firstParentID":"d031435c-3ee7-463a-a372-67011d5adcea","ID":"77a67f74-ac57-481e-b293-62d6848293d6","childs":{"прием":{"_level":1,"parentID":"77a67f74-ac57-481e-b293-62d6848293d6","firstParentID":"d031435c-3ee7-463a-a372-67011d5adcea","ID":"cbef06e4-f211-4099-bba4-9547e8e25385","childs":{"оперативное":{"_level":2,"parentID":"cbef06e4-f211-4099-bba4-9547e8e25385","firstParentID":"d031435c-3ee7-463a-a372-67011d5adcea","ID":"b66871ec-6cad-4c19-927f-2e809b001431","childs":null,"emcosID":null,"emcosMLID":null,"codMaketTEP":null,"codTEP":null,"WSName":"PS","rangeAddress":"$CC$185:$CC$221","headAddress":"$CC$185","bodyAddress":"$CC$186:$CC$221","_name":"оперативное"}},"emcosID":null,"emcosMLID":null,"codMaketTEP":null,"codTEP":null,"WSName":"PS","rangeAddress":"$CC$184:$CC$221","headAddress":"$CC$184","bodyAddress":"$CC$185:$CC$221","_name":"прием"}},"emcosID":null,"emcosMLID":null,"codMaketTEP":null,"codTEP":null,"WSName":"PS","rangeAddress":"$CC$183:$CC$221","headAddress":"$CC$183","bodyAddress":"$CC$184:$CC$221","_name":"с.н. АТЭЦ3 АлЭС"},"DB":{"_level":0,"parentID":"d031435c-3ee7-463a-a372-67011d5adcea","firstParentID":"d031435c-3ee7-463a-a372-67011d5adcea","ID":"f79a7490-4880-40bc-90d2-020b85156197","childs":{"прием":{"_level":1,"parentID":"f79a7490-4880-40bc-90d2-020b85156197","firstParentID":"d031435c-3ee7-463a-a372-67011d5adcea","ID":"6eb56a6d-cbf2-4b2e-9b06-d25ec90846da","childs":{"код":{"_level":2,"parentID":"6eb56a6d-cbf2-4b2e-9b06-d25ec90846da","firstParentID":"d031435c-3ee7-463a-a372-67011d5adcea","ID":"373bb0bd-4496-439b-a8e6-39cfdd2d4b07","childs":null,"emcosID":null,"emcosMLID":null,"codMaketTEP":null,"codTEP":null,"WSName":"DB","rangeAddress":"$DB$482:$DB$519","headAddress":"$DB$482","bodyAddress":"$DB$483:$DB$519","_name":"код"},"основное":{"_level":2,"parentID":"6eb56a6d-cbf2-4b2e-9b06-d25ec90846da","firstParentID":"d031435c-3ee7-463a-a372-67011d5adcea","ID":"7dec6efb-4775-4800-a445-eb847272ca86","childs":null,"emcosID":null,"emcosMLID":null,"codMaketTEP":null,"codTEP":null,"WSName":"DB","rangeAddress":"$DC$482:$DC$519","headAddress":"$DC$482","bodyAddress":"$DC$483:$DC$519","_name":"основное"},"корректировка факт":{"_level":2,"parentID":"6eb56a6d-cbf2-4b2e-9b06-d25ec90846da","firstParentID":"d031435c-3ee7-463a-a372-67011d5adcea","ID":"ffe6f224-887d-483d-a863-71c3d9391ac7","childs":null,"emcosID":null,"emcosMLID":null,"codMaketTEP":null,"codTEP":null,"WSName":"DB","rangeAddress":"$DD$482:$DD$519","headAddress":"$DD$482","bodyAddress":"$DD$483:$DD$519","_name":"корректировка факт"},"ручное":{"_level":2,"parentID":"6eb56a6d-cbf2-4b2e-9b06-d25ec90846da","firstParentID":"d031435c-3ee7-463a-a372-67011d5adcea","ID":"973b90fd-d03c-4088-9911-3db34598e66a","childs":null,"emcosID":null,"emcosMLID":null,"codMaketTEP":null,"codTEP":null,"WSName":"DB","rangeAddress":"$DE$482:$DE$519","headAddress":"$DE$482","bodyAddress":"$DE$483:$DE$519","_name":"ручное"},"оперативное":{"_level":2,"parentID":"6eb56a6d-cbf2-4b2e-9b06-d25ec90846da","firstParentID":"d031435c-3ee7-463a-a372-67011d5adcea","ID":"49ec743e-8c36-4625-9dac-bce4b8af6288","childs":null,"emcosID":null,"emcosMLID":null,"codMaketTEP":null,"codTEP":null,"WSName":"DB","rangeAddress":"$DF$482:$DF$519","headAddress":"$DF$482","bodyAddress":"$DF$483:$DF$519","_name":"оперативное"}},"emcosID":null,"emcosMLID":null,"codMaketTEP":null,"codTEP":null,"WSName":"DB","rangeAddress":"$DB$481:$DF$519","headAddress":"$DB$481:$DF$481","bodyAddress":"$DB$482:$DF$519","_name":"прием"}},"emcosID":null,"emcosMLID":null,"codMaketTEP":null,"codTEP":null,"WSName":"DB","rangeAddress":"$DB$480:$DF$519","headAddress":"$DB$480:$DF$480","bodyAddress":"$DB$481:$DF$519","_name":"с.н. АТЭЦ3 АлЭС"}},"codPlan":null,"meterCoef":null,"_name":"с.н. АТЭЦ3 АлЭС"}