{"ID":"d0445bb8-7485-4188-8fe0-0eb08d059bc9","childs":{"PS":{"_level":0,"parentID":"d0445bb8-7485-4188-8fe0-0eb08d059bc9","firstParentID":"d0445bb8-7485-4188-8fe0-0eb08d059bc9","ID":"c5c2d32b-cba5-401b-8ae7-ede8550fb126","childs":{"прием":{"_level":1,"parentID":"c5c2d32b-cba5-401b-8ae7-ede8550fb126","firstParentID":"d0445bb8-7485-4188-8fe0-0eb08d059bc9","ID":"0bf8f76c-ed4e-4935-a8ce-b59a38c0eae3","childs":{"оперативное":{"_level":2,"parentID":"0bf8f76c-ed4e-4935-a8ce-b59a38c0eae3","firstParentID":"d0445bb8-7485-4188-8fe0-0eb08d059bc9","ID":"d90a4fc8-e239-4273-b8fd-fa49f62ecd33","childs":null,"emcosID":null,"emcosMLID":null,"codMaketTEP":null,"codTEP":null,"WSName":"PS","rangeAddress":"$AI$228:$AI$264","headAddress":"$AI$228","bodyAddress":"$AI$229:$AI$264","_name":"оперативное"}},"emcosID":null,"emcosMLID":null,"codMaketTEP":null,"codTEP":null,"WSName":"PS","rangeAddress":"$AI$227:$AI$264","headAddress":"$AI$227","bodyAddress":"$AI$228:$AI$264","_name":"прием"}},"emcosID":null,"emcosMLID":null,"codMaketTEP":null,"codTEP":null,"WSName":"PS","rangeAddress":"$AI$226:$AI$264","headAddress":"$AI$226","bodyAddress":"$AI$227:$AI$264","_name":"Потребление Alatau Power Жетысу"},"DB":{"_level":0,"parentID":"d0445bb8-7485-4188-8fe0-0eb08d059bc9","firstParentID":"d0445bb8-7485-4188-8fe0-0eb08d059bc9","ID":"86e8a0d5-eab6-451f-af04-c6ec89bd7c79","childs":{"прием":{"_level":1,"parentID":"86e8a0d5-eab6-451f-af04-c6ec89bd7c79","firstParentID":"d0445bb8-7485-4188-8fe0-0eb08d059bc9","ID":"3baa30b1-ddd9-47f2-8064-8263b5b5d66f","childs":{"код":{"_level":2,"parentID":"3baa30b1-ddd9-47f2-8064-8263b5b5d66f","firstParentID":"d0445bb8-7485-4188-8fe0-0eb08d059bc9","ID":"ae15eacd-930b-477c-bfc3-762f6679442d","childs":null,"emcosID":null,"emcosMLID":null,"codMaketTEP":null,"codTEP":null,"WSName":"DB","rangeAddress":"$BL$439:$BL$476","headAddress":"$BL$439","bodyAddress":"$BL$440:$BL$476","_name":"код"},"основное":{"_level":2,"parentID":"3baa30b1-ddd9-47f2-8064-8263b5b5d66f","firstParentID":"d0445bb8-7485-4188-8fe0-0eb08d059bc9","ID":"f92c87fd-4a0b-4ddd-9169-5c3c61ed9ed7","childs":null,"emcosID":null,"emcosMLID":null,"codMaketTEP":null,"codTEP":null,"WSName":"DB","rangeAddress":"$BM$439:$BM$476","headAddress":"$BM$439","bodyAddress":"$BM$440:$BM$476","_name":"основное"},"корректировка факт":{"_level":2,"parentID":"3baa30b1-ddd9-47f2-8064-8263b5b5d66f","firstParentID":"d0445bb8-7485-4188-8fe0-0eb08d059bc9","ID":"cd47f5c6-0e54-46e2-b039-234487ccd621","childs":null,"emcosID":null,"emcosMLID":null,"codMaketTEP":null,"codTEP":null,"WSName":"DB","rangeAddress":"$BN$439:$BN$476","headAddress":"$BN$439","bodyAddress":"$BN$440:$BN$476","_name":"корректировка факт"},"ручное":{"_level":2,"parentID":"3baa30b1-ddd9-47f2-8064-8263b5b5d66f","firstParentID":"d0445bb8-7485-4188-8fe0-0eb08d059bc9","ID":"9219d824-d44a-4444-9945-3d8e03bc4fea","childs":null,"emcosID":null,"emcosMLID":null,"codMaketTEP":null,"codTEP":null,"WSName":"DB","rangeAddress":"$BO$439:$BO$476","headAddress":"$BO$439","bodyAddress":"$BO$440:$BO$476","_name":"ручное"},"оперативное":{"_level":2,"parentID":"3baa30b1-ddd9-47f2-8064-8263b5b5d66f","firstParentID":"d0445bb8-7485-4188-8fe0-0eb08d059bc9","ID":"4f4e175f-1317-4426-91a3-26a91941944c","childs":null,"emcosID":null,"emcosMLID":null,"codMaketTEP":null,"codTEP":null,"WSName":"DB","rangeAddress":"$BP$439:$BP$476","headAddress":"$BP$439","bodyAddress":"$BP$440:$BP$476","_name":"оперативное"}},"emcosID":null,"emcosMLID":null,"codMaketTEP":null,"codTEP":null,"WSName":"DB","rangeAddress":"$BL$438:$BP$476","headAddress":"$BL$438:$BP$438","bodyAddress":"$BL$439:$BP$476","_name":"прием"}},"emcosID":null,"emcosMLID":null,"codMaketTEP":null,"codTEP":null,"WSName":"DB","rangeAddress":"$BL$437:$BP$476","headAddress":"$BL$437:$BP$437","bodyAddress":"$BL$438:$BP$476","_name":"Потребление Alatau Power Жетысу"}},"codPlan":null,"meterCoef":null,"_name":"Потребление Alatau Power Жетысу"}