{"ID":"d0a9015f-f3ed-4565-ad74-606e2e389352","childs":{"PS":{"_level":0,"parentID":"d0a9015f-f3ed-4565-ad74-606e2e389352","firstParentID":"d0a9015f-f3ed-4565-ad74-606e2e389352","ID":"cc4769fb-50ac-441c-9f54-d8215abe213b","childs":{"сальдо":{"_level":1,"parentID":"cc4769fb-50ac-441c-9f54-d8215abe213b","firstParentID":"d0a9015f-f3ed-4565-ad74-606e2e389352","ID":"84cc9312-79b9-4db0-8d9e-676515777551","childs":{"формула":{"_level":2,"parentID":"84cc9312-79b9-4db0-8d9e-676515777551","firstParentID":"d0a9015f-f3ed-4565-ad74-606e2e389352","ID":"3979a5d2-09b7-427e-8356-d74d593612e7","childs":null,"emcosID":null,"emcosMLID":null,"codMaketTEP":null,"codTEP":null,"WSName":"PS","rangeAddress":"$J$13:$J$49","headAddress":"$J$13","bodyAddress":"$J$14:$J$49","_name":"формула"}},"emcosID":null,"emcosMLID":null,"codMaketTEP":null,"codTEP":null,"WSName":"PS","rangeAddress":"$J$12:$J$49","headAddress":"$J$12","bodyAddress":"$J$13:$J$49","_name":"сальдо"}},"emcosID":null,"emcosMLID":null,"codMaketTEP":null,"codTEP":null,"WSName":"PS","rangeAddress":"$J$11:$J$49","headAddress":"$J$11","bodyAddress":"$J$12:$J$49","_name":"Сальдо Жетысуского Энергоузла Общее"},"DB":{"_level":0,"parentID":"d0a9015f-f3ed-4565-ad74-606e2e389352","firstParentID":"d0a9015f-f3ed-4565-ad74-606e2e389352","ID":"e2f04e93-756c-444d-9a8f-427ba7e72a4a","childs":{"сальдо":{"_level":1,"parentID":"e2f04e93-756c-444d-9a8f-427ba7e72a4a","firstParentID":"d0a9015f-f3ed-4565-ad74-606e2e389352","ID":"c4155edb-91ca-4977-bf9d-65a8828407b8","childs":{"код":{"_level":2,"parentID":"c4155edb-91ca-4977-bf9d-65a8828407b8","firstParentID":"d0a9015f-f3ed-4565-ad74-606e2e389352","ID":"781a3dae-d2a9-4ccd-95dd-5d44d9847494","childs":null,"emcosID":null,"emcosMLID":null,"codMaketTEP":null,"codTEP":null,"WSName":"DB","rangeAddress":"$CK$138:$CK$175","headAddress":"$CK$138","bodyAddress":"$CK$139:$CK$175","_name":"код"},"основное":{"_level":2,"parentID":"c4155edb-91ca-4977-bf9d-65a8828407b8","firstParentID":"d0a9015f-f3ed-4565-ad74-606e2e389352","ID":"759cfdd9-708c-4a8b-8f2a-40311c90900c","childs":null,"emcosID":null,"emcosMLID":null,"codMaketTEP":null,"codTEP":null,"WSName":"DB","rangeAddress":"$CL$138:$CL$175","headAddress":"$CL$138","bodyAddress":"$CL$139:$CL$175","_name":"основное"},"корректировка факт":{"_level":2,"parentID":"c4155edb-91ca-4977-bf9d-65a8828407b8","firstParentID":"d0a9015f-f3ed-4565-ad74-606e2e389352","ID":"992d6e07-2707-4d1b-9177-5102a11e2d8f","childs":null,"emcosID":null,"emcosMLID":null,"codMaketTEP":null,"codTEP":null,"WSName":"DB","rangeAddress":"$CM$138:$CM$175","headAddress":"$CM$138","bodyAddress":"$CM$139:$CM$175","_name":"корректировка факт"},"ручное":{"_level":2,"parentID":"c4155edb-91ca-4977-bf9d-65a8828407b8","firstParentID":"d0a9015f-f3ed-4565-ad74-606e2e389352","ID":"5713730d-f9b4-4ca9-a584-dc235fff3136","childs":null,"emcosID":null,"emcosMLID":null,"codMaketTEP":null,"codTEP":null,"WSName":"DB","rangeAddress":"$CN$138:$CN$175","headAddress":"$CN$138","bodyAddress":"$CN$139:$CN$175","_name":"ручное"},"формула":{"_level":2,"parentID":"c4155edb-91ca-4977-bf9d-65a8828407b8","firstParentID":"d0a9015f-f3ed-4565-ad74-606e2e389352","ID":"06cb5379-a510-46a1-ac6f-4b457c2dd16c","childs":null,"emcosID":null,"emcosMLID":null,"codMaketTEP":null,"codTEP":null,"WSName":"DB","rangeAddress":"$CO$138:$CO$175","headAddress":"$CO$138","bodyAddress":"$CO$139:$CO$175","_name":"формула"}},"emcosID":null,"emcosMLID":null,"codMaketTEP":null,"codTEP":null,"WSName":"DB","rangeAddress":"$CK$137:$CO$175","headAddress":"$CK$137:$CO$137","bodyAddress":"$CK$138:$CO$175","_name":"сальдо"}},"emcosID":null,"emcosMLID":null,"codMaketTEP":null,"codTEP":null,"WSName":"DB","rangeAddress":"$CK$136:$CO$175","headAddress":"$CK$136:$CO$136","bodyAddress":"$CK$137:$CO$175","_name":"Сальдо Жетысуского Энергоузла Общее"}},"codPlan":null,"meterCoef":null,"_name":"Сальдо Жетысуского Энергоузла Общее"}