{"ID":"d0db3458-053f-436e-8d02-926beb386cae","childs":{"PS":{"_level":0,"parentID":"d0db3458-053f-436e-8d02-926beb386cae","firstParentID":"d0db3458-053f-436e-8d02-926beb386cae","ID":"dae0af3e-b310-477d-a89a-18a10a003e7d","childs":{"прием":{"_level":1,"parentID":"dae0af3e-b310-477d-a89a-18a10a003e7d","firstParentID":"d0db3458-053f-436e-8d02-926beb386cae","ID":"0ddc6c68-f505-44cc-92f5-53d8ef1321eb","childs":{"формула":{"_level":2,"parentID":"0ddc6c68-f505-44cc-92f5-53d8ef1321eb","firstParentID":"d0db3458-053f-436e-8d02-926beb386cae","ID":"bc5035e7-5479-4834-a232-9b1d653c4e34","childs":null,"emcosID":null,"emcosMLID":null,"codMaketTEP":null,"codTEP":null,"WSName":"PS","rangeAddress":"$CO$185:$CO$221","headAddress":"$CO$185","bodyAddress":"$CO$186:$CO$221","_name":"формула"}},"emcosID":null,"emcosMLID":null,"codMaketTEP":null,"codTEP":null,"WSName":"PS","rangeAddress":"$CO$184:$CO$221","headAddress":"$CO$184","bodyAddress":"$CO$185:$CO$221","_name":"прием"},"план":{"_level":1,"parentID":"dae0af3e-b310-477d-a89a-18a10a003e7d","firstParentID":"d0db3458-053f-436e-8d02-926beb386cae","ID":"2b14dd56-60db-44b0-a026-4ee1fed141de","childs":{"заявка":{"_level":2,"parentID":"2b14dd56-60db-44b0-a026-4ee1fed141de","firstParentID":"d0db3458-053f-436e-8d02-926beb386cae","ID":"4da95aa4-3ddb-401b-8729-91087c1f65c4","childs":null,"emcosID":null,"emcosMLID":null,"codMaketTEP":null,"codTEP":null,"WSName":"PS","rangeAddress":"$CP$185:$CP$221","headAddress":"$CP$185","bodyAddress":"$CP$186:$CP$221","_name":"заявка"}},"emcosID":null,"emcosMLID":null,"codMaketTEP":null,"codTEP":null,"WSName":"PS","rangeAddress":"$CP$184:$CP$221","headAddress":"$CP$184","bodyAddress":"$CP$185:$CP$221","_name":"план"}},"emcosID":null,"emcosMLID":null,"codMaketTEP":null,"codTEP":null,"WSName":"PS","rangeAddress":"$CO$183:$CP$221","headAddress":"$CO$183:$CP$183","bodyAddress":"$CO$184:$CP$221","_name":"с.н. Mistral Energy СЭС Каскелен 50"},"DB":{"_level":0,"parentID":"d0db3458-053f-436e-8d02-926beb386cae","firstParentID":"d0db3458-053f-436e-8d02-926beb386cae","ID":"f2094695-2858-45bb-b038-b3063451c5af","childs":{"прием":{"_level":1,"parentID":"f2094695-2858-45bb-b038-b3063451c5af","firstParentID":"d0db3458-053f-436e-8d02-926beb386cae","ID":"b1030035-5825-4291-bd8c-c56a807fcc1c","childs":{"код":{"_level":2,"parentID":"b1030035-5825-4291-bd8c-c56a807fcc1c","firstParentID":"d0db3458-053f-436e-8d02-926beb386cae","ID":"7be407ad-0dc2-4604-8721-841b7b1c29f6","childs":null,"emcosID":null,"emcosMLID":null,"codMaketTEP":null,"codTEP":null,"WSName":"DB","rangeAddress":"$CR$396:$CR$433","headAddress":"$CR$396","bodyAddress":"$CR$397:$CR$433","_name":"код"},"основное":{"_level":2,"parentID":"b1030035-5825-4291-bd8c-c56a807fcc1c","firstParentID":"d0db3458-053f-436e-8d02-926beb386cae","ID":"2b910c5e-1948-4d9e-854f-f85015be250a","childs":null,"emcosID":null,"emcosMLID":null,"codMaketTEP":null,"codTEP":null,"WSName":"DB","rangeAddress":"$CS$396:$CS$433","headAddress":"$CS$396","bodyAddress":"$CS$397:$CS$433","_name":"основное"},"корректировка факт":{"_level":2,"parentID":"b1030035-5825-4291-bd8c-c56a807fcc1c","firstParentID":"d0db3458-053f-436e-8d02-926beb386cae","ID":"0a2b22c9-3be1-4398-afd4-11aefb84e907","childs":null,"emcosID":null,"emcosMLID":null,"codMaketTEP":null,"codTEP":null,"WSName":"DB","rangeAddress":"$CT$396:$CT$433","headAddress":"$CT$396","bodyAddress":"$CT$397:$CT$433","_name":"корректировка факт"},"ручное":{"_level":2,"parentID":"b1030035-5825-4291-bd8c-c56a807fcc1c","firstParentID":"d0db3458-053f-436e-8d02-926beb386cae","ID":"ab086057-05f6-42e9-a066-fabb19574d35","childs":null,"emcosID":null,"emcosMLID":null,"codMaketTEP":null,"codTEP":null,"WSName":"DB","rangeAddress":"$CU$396:$CU$433","headAddress":"$CU$396","bodyAddress":"$CU$397:$CU$433","_name":"ручное"},"по плану":{"_level":2,"parentID":"b1030035-5825-4291-bd8c-c56a807fcc1c","firstParentID":"d0db3458-053f-436e-8d02-926beb386cae","ID":"0705eeae-b1f7-4627-a4cb-7efce20549d4","childs":null,"emcosID":null,"emcosMLID":null,"codMaketTEP":null,"codTEP":null,"WSName":"DB","rangeAddress":"$CV$396:$CV$433","headAddress":"$CV$396","bodyAddress":"$CV$397:$CV$433","_name":"по плану"},"формула":{"_level":2,"parentID":"b1030035-5825-4291-bd8c-c56a807fcc1c","firstParentID":"d0db3458-053f-436e-8d02-926beb386cae","ID":"831d5c0b-14dc-48bf-9ff9-f57c14b22ee6","childs":null,"emcosID":null,"emcosMLID":null,"codMaketTEP":null,"codTEP":null,"WSName":"DB","rangeAddress":"$CW$396:$CW$433","headAddress":"$CW$396","bodyAddress":"$CW$397:$CW$433","_name":"формула"}},"emcosID":null,"emcosMLID":null,"codMaketTEP":null,"codTEP":null,"WSName":"DB","rangeAddress":"$CR$395:$CW$433","headAddress":"$CR$395:$CW$395","bodyAddress":"$CR$396:$CW$433","_name":"прием"},"план":{"_level":1,"parentID":"f2094695-2858-45bb-b038-b3063451c5af","firstParentID":"d0db3458-053f-436e-8d02-926beb386cae","ID":"41f99ee3-ea9b-43d2-8034-080ec372f6c6","childs":{"код":{"_level":2,"parentID":"41f99ee3-ea9b-43d2-8034-080ec372f6c6","firstParentID":"d0db3458-053f-436e-8d02-926beb386cae","ID":"04057662-fb8f-42b0-ae93-09c58afaed2a","childs":null,"emcosID":null,"emcosMLID":null,"codMaketTEP":null,"codTEP":null,"WSName":"DB","rangeAddress":"$CX$396:$CX$433","headAddress":"$CX$396","bodyAddress":"$CX$397:$CX$433","_name":"код"},"основное":{"_level":2,"parentID":"41f99ee3-ea9b-43d2-8034-080ec372f6c6","firstParentID":"d0db3458-053f-436e-8d02-926beb386cae","ID":"e7bdafb5-74e7-4bba-baed-66a43b00c338","childs":null,"emcosID":null,"emcosMLID":null,"codMaketTEP":null,"codTEP":null,"WSName":"DB","rangeAddress":"$CY$396:$CY$433","headAddress":"$CY$396","bodyAddress":"$CY$397:$CY$433","_name":"основное"},"заявка":{"_level":2,"parentID":"41f99ee3-ea9b-43d2-8034-080ec372f6c6","firstParentID":"d0db3458-053f-436e-8d02-926beb386cae","ID":"c71035b3-429b-4616-9a7e-da2d16ddcc71","childs":null,"emcosID":null,"emcosMLID":null,"codMaketTEP":null,"codTEP":null,"WSName":"DB","rangeAddress":"$CZ$396:$CZ$433","headAddress":"$CZ$396","bodyAddress":"$CZ$397:$CZ$433","_name":"заявка"},"утвержденный":{"_level":2,"parentID":"41f99ee3-ea9b-43d2-8034-080ec372f6c6","firstParentID":"d0db3458-053f-436e-8d02-926beb386cae","ID":"d779973d-ce17-4670-a92b-ecd4568636e6","childs":null,"emcosID":null,"emcosMLID":null,"codMaketTEP":null,"codTEP":null,"WSName":"DB","rangeAddress":"$DA$396:$DA$433","headAddress":"$DA$396","bodyAddress":"$DA$397:$DA$433","_name":"утвержденный"},"корректировка":{"_level":2,"parentID":"41f99ee3-ea9b-43d2-8034-080ec372f6c6","firstParentID":"d0db3458-053f-436e-8d02-926beb386cae","ID":"22f85d47-5ae1-4b87-9960-efb8706b6793","childs":null,"emcosID":null,"emcosMLID":null,"codMaketTEP":null,"codTEP":null,"WSName":"DB","rangeAddress":"$DB$396:$DB$433","headAddress":"$DB$396","bodyAddress":"$DB$397:$DB$433","_name":"корректировка"}},"emcosID":null,"emcosMLID":null,"codMaketTEP":null,"codTEP":null,"WSName":"DB","rangeAddress":"$CX$395:$DB$433","headAddress":"$CX$395:$DB$395","bodyAddress":"$CX$396:$DB$433","_name":"план"}},"emcosID":null,"emcosMLID":null,"codMaketTEP":null,"codTEP":null,"WSName":"DB","rangeAddress":"$CR$394:$DB$433","headAddress":"$CR$394:$DB$394","bodyAddress":"$CR$395:$DB$433","_name":"с.н. Mistral Energy СЭС Каскелен 50"}},"codPlan":100,"meterCoef":null,"_name":"с.н. Mistral Energy СЭС Каскелен 50"}