{"ID":"d0f66ba8-b55a-43c6-abbd-2771e7cca7b1","childs":{"PS":{"_level":0,"parentID":"d0f66ba8-b55a-43c6-abbd-2771e7cca7b1","firstParentID":"d0f66ba8-b55a-43c6-abbd-2771e7cca7b1","ID":"ae2eb708-a3b5-4ab5-898c-3020d1944389","childs":{"прием":{"_level":1,"parentID":"ae2eb708-a3b5-4ab5-898c-3020d1944389","firstParentID":"d0f66ba8-b55a-43c6-abbd-2771e7cca7b1","ID":"5e748d80-783c-4df8-a1ea-d066de38a0e1","childs":{"по счетчику":{"_level":2,"parentID":"5e748d80-783c-4df8-a1ea-d066de38a0e1","firstParentID":"d0f66ba8-b55a-43c6-abbd-2771e7cca7b1","ID":"0161104e-1238-4558-af92-2db245074c5d","childs":null,"emcosID":null,"emcosMLID":null,"codMaketTEP":null,"codTEP":null,"WSName":"PS","rangeAddress":"$CB$99:$CB$135","headAddress":"$CB$99","bodyAddress":"$CB$100:$CB$135","_name":"по счетчику"}},"emcosID":null,"emcosMLID":null,"codMaketTEP":null,"codTEP":null,"WSName":"PS","rangeAddress":"$CB$98:$CB$135","headAddress":"$CB$98","bodyAddress":"$CB$99:$CB$135","_name":"прием"},"отдача":{"_level":1,"parentID":"ae2eb708-a3b5-4ab5-898c-3020d1944389","firstParentID":"d0f66ba8-b55a-43c6-abbd-2771e7cca7b1","ID":"3ad4bbe9-929f-42f6-9e20-1d8e3c2bfb30","childs":{"по счетчику":{"_level":2,"parentID":"3ad4bbe9-929f-42f6-9e20-1d8e3c2bfb30","firstParentID":"d0f66ba8-b55a-43c6-abbd-2771e7cca7b1","ID":"69c04680-bd4b-4d5f-9b24-226e2d6a3c4b","childs":null,"emcosID":null,"emcosMLID":null,"codMaketTEP":null,"codTEP":null,"WSName":"PS","rangeAddress":"$CC$99:$CC$135","headAddress":"$CC$99","bodyAddress":"$CC$100:$CC$135","_name":"по счетчику"}},"emcosID":null,"emcosMLID":null,"codMaketTEP":null,"codTEP":null,"WSName":"PS","rangeAddress":"$CC$98:$CC$135","headAddress":"$CC$98","bodyAddress":"$CC$99:$CC$135","_name":"отдача"}},"emcosID":null,"emcosMLID":null,"codMaketTEP":null,"codTEP":null,"WSName":"PS","rangeAddress":"$CB$97:$CC$135","headAddress":"$CB$97:$CC$97","bodyAddress":"$CB$98:$CC$135","_name":"КЛ45 ПС152 Талдыкорган"},"DB":{"_level":0,"parentID":"d0f66ba8-b55a-43c6-abbd-2771e7cca7b1","firstParentID":"d0f66ba8-b55a-43c6-abbd-2771e7cca7b1","ID":"4eb52e38-8a84-471c-9fdc-54200c0e2b46","childs":{"прием":{"_level":1,"parentID":"4eb52e38-8a84-471c-9fdc-54200c0e2b46","firstParentID":"d0f66ba8-b55a-43c6-abbd-2771e7cca7b1","ID":"e89982b5-82e3-459f-8d80-528df1a65912","childs":{"код":{"_level":2,"parentID":"e89982b5-82e3-459f-8d80-528df1a65912","firstParentID":"d0f66ba8-b55a-43c6-abbd-2771e7cca7b1","ID":"cf81a343-a204-4c62-90ff-1cbfcf1a9d52","childs":null,"emcosID":null,"emcosMLID":null,"codMaketTEP":null,"codTEP":null,"WSName":"DB","rangeAddress":"$LA$310:$LA$347","headAddress":"$LA$310","bodyAddress":"$LA$311:$LA$347","_name":"код"},"основное":{"_level":2,"parentID":"e89982b5-82e3-459f-8d80-528df1a65912","firstParentID":"d0f66ba8-b55a-43c6-abbd-2771e7cca7b1","ID":"0b0fe16d-1d3d-4dea-b8fd-8d0dd3b0a367","childs":null,"emcosID":null,"emcosMLID":null,"codMaketTEP":null,"codTEP":null,"WSName":"DB","rangeAddress":"$LB$310:$LB$347","headAddress":"$LB$310","bodyAddress":"$LB$311:$LB$347","_name":"основное"},"корректировка факт":{"_level":2,"parentID":"e89982b5-82e3-459f-8d80-528df1a65912","firstParentID":"d0f66ba8-b55a-43c6-abbd-2771e7cca7b1","ID":"1e6462e7-2bfc-45ac-913d-22d11d984394","childs":null,"emcosID":null,"emcosMLID":null,"codMaketTEP":null,"codTEP":null,"WSName":"DB","rangeAddress":"$LC$310:$LC$347","headAddress":"$LC$310","bodyAddress":"$LC$311:$LC$347","_name":"корректировка факт"},"ручное":{"_level":2,"parentID":"e89982b5-82e3-459f-8d80-528df1a65912","firstParentID":"d0f66ba8-b55a-43c6-abbd-2771e7cca7b1","ID":"14e6b6a1-1155-4e7e-a6bd-9b6f288f4e08","childs":null,"emcosID":null,"emcosMLID":null,"codMaketTEP":null,"codTEP":null,"WSName":"DB","rangeAddress":"$LD$310:$LD$347","headAddress":"$LD$310","bodyAddress":"$LD$311:$LD$347","_name":"ручное"},"оперативное":{"_level":2,"parentID":"e89982b5-82e3-459f-8d80-528df1a65912","firstParentID":"d0f66ba8-b55a-43c6-abbd-2771e7cca7b1","ID":"34fc1475-ef0d-434a-905e-e2c96d62bd37","childs":null,"emcosID":null,"emcosMLID":null,"codMaketTEP":null,"codTEP":null,"WSName":"DB","rangeAddress":"$LE$310:$LE$347","headAddress":"$LE$310","bodyAddress":"$LE$311:$LE$347","_name":"оперативное"},"счетчик":{"_level":2,"parentID":"e89982b5-82e3-459f-8d80-528df1a65912","firstParentID":"d0f66ba8-b55a-43c6-abbd-2771e7cca7b1","ID":"62010d9f-390a-4a49-a7d7-a4b385e7a2e8","childs":null,"emcosID":null,"emcosMLID":null,"codMaketTEP":null,"codTEP":null,"WSName":"DB","rangeAddress":"$LF$310:$LF$347","headAddress":"$LF$310","bodyAddress":"$LF$311:$LF$347","_name":"счетчик"},"по счетчику":{"_level":2,"parentID":"e89982b5-82e3-459f-8d80-528df1a65912","firstParentID":"d0f66ba8-b55a-43c6-abbd-2771e7cca7b1","ID":"fee13a70-a183-42dd-a548-6d3420429b10","childs":null,"emcosID":null,"emcosMLID":null,"codMaketTEP":null,"codTEP":null,"WSName":"DB","rangeAddress":"$LG$310:$LG$347","headAddress":"$LG$310","bodyAddress":"$LG$311:$LG$347","_name":"по счетчику"}},"emcosID":null,"emcosMLID":null,"codMaketTEP":null,"codTEP":null,"WSName":"DB","rangeAddress":"$LA$309:$LG$347","headAddress":"$LA$309:$LG$309","bodyAddress":"$LA$310:$LG$347","_name":"прием"},"отдача":{"_level":1,"parentID":"4eb52e38-8a84-471c-9fdc-54200c0e2b46","firstParentID":"d0f66ba8-b55a-43c6-abbd-2771e7cca7b1","ID":"c59e64e4-e3e7-462a-92c9-938601df864d","childs":{"код":{"_level":2,"parentID":"c59e64e4-e3e7-462a-92c9-938601df864d","firstParentID":"d0f66ba8-b55a-43c6-abbd-2771e7cca7b1","ID":"791a23b4-3a2f-4490-bf95-bcc313ec86fb","childs":null,"emcosID":null,"emcosMLID":null,"codMaketTEP":null,"codTEP":null,"WSName":"DB","rangeAddress":"$LH$310:$LH$347","headAddress":"$LH$310","bodyAddress":"$LH$311:$LH$347","_name":"код"},"основное":{"_level":2,"parentID":"c59e64e4-e3e7-462a-92c9-938601df864d","firstParentID":"d0f66ba8-b55a-43c6-abbd-2771e7cca7b1","ID":"8e519080-219c-4b3f-8d77-2603f8b007e5","childs":null,"emcosID":null,"emcosMLID":null,"codMaketTEP":null,"codTEP":null,"WSName":"DB","rangeAddress":"$LI$310:$LI$347","headAddress":"$LI$310","bodyAddress":"$LI$311:$LI$347","_name":"основное"},"корректировка факт":{"_level":2,"parentID":"c59e64e4-e3e7-462a-92c9-938601df864d","firstParentID":"d0f66ba8-b55a-43c6-abbd-2771e7cca7b1","ID":"98d05d23-0905-4921-8d85-c232e26973e5","childs":null,"emcosID":null,"emcosMLID":null,"codMaketTEP":null,"codTEP":null,"WSName":"DB","rangeAddress":"$LJ$310:$LJ$347","headAddress":"$LJ$310","bodyAddress":"$LJ$311:$LJ$347","_name":"корректировка факт"},"ручное":{"_level":2,"parentID":"c59e64e4-e3e7-462a-92c9-938601df864d","firstParentID":"d0f66ba8-b55a-43c6-abbd-2771e7cca7b1","ID":"2b4c7e1b-1f96-4d45-9b92-446f83edebe9","childs":null,"emcosID":null,"emcosMLID":null,"codMaketTEP":null,"codTEP":null,"WSName":"DB","rangeAddress":"$LK$310:$LK$347","headAddress":"$LK$310","bodyAddress":"$LK$311:$LK$347","_name":"ручное"},"оперативное":{"_level":2,"parentID":"c59e64e4-e3e7-462a-92c9-938601df864d","firstParentID":"d0f66ba8-b55a-43c6-abbd-2771e7cca7b1","ID":"75ffc788-353b-4e79-aac0-61f516efe158","childs":null,"emcosID":null,"emcosMLID":null,"codMaketTEP":null,"codTEP":null,"WSName":"DB","rangeAddress":"$LL$310:$LL$347","headAddress":"$LL$310","bodyAddress":"$LL$311:$LL$347","_name":"оперативное"},"счетчик":{"_level":2,"parentID":"c59e64e4-e3e7-462a-92c9-938601df864d","firstParentID":"d0f66ba8-b55a-43c6-abbd-2771e7cca7b1","ID":"f1e28823-3978-4147-91a6-32ec5303d946","childs":null,"emcosID":null,"emcosMLID":null,"codMaketTEP":null,"codTEP":null,"WSName":"DB","rangeAddress":"$LM$310:$LM$347","headAddress":"$LM$310","bodyAddress":"$LM$311:$LM$347","_name":"счетчик"},"по счетчику":{"_level":2,"parentID":"c59e64e4-e3e7-462a-92c9-938601df864d","firstParentID":"d0f66ba8-b55a-43c6-abbd-2771e7cca7b1","ID":"97ced502-8f1f-4a48-acbf-27558228ab0c","childs":null,"emcosID":null,"emcosMLID":null,"codMaketTEP":null,"codTEP":null,"WSName":"DB","rangeAddress":"$LN$310:$LN$347","headAddress":"$LN$310","bodyAddress":"$LN$311:$LN$347","_name":"по счетчику"}},"emcosID":null,"emcosMLID":null,"codMaketTEP":null,"codTEP":null,"WSName":"DB","rangeAddress":"$LH$309:$LN$347","headAddress":"$LH$309:$LN$309","bodyAddress":"$LH$310:$LN$347","_name":"отдача"}},"emcosID":null,"emcosMLID":null,"codMaketTEP":null,"codTEP":null,"WSName":"DB","rangeAddress":"$LA$308:$LN$347","headAddress":"$LA$308:$LN$308","bodyAddress":"$LA$309:$LN$347","_name":"КЛ45 ПС152 Талдыкорган"}},"codPlan":null,"meterCoef":null,"_name":"КЛ45 ПС152 Талдыкорган"}