{"ID":"d419b1f5-5981-4d50-ac01-853e81c5bc9f","childs":{"PS":{"_level":0,"parentID":"d419b1f5-5981-4d50-ac01-853e81c5bc9f","firstParentID":"d419b1f5-5981-4d50-ac01-853e81c5bc9f","ID":"ba3010e5-660e-4be2-9486-5285712a394a","childs":{"отдача":{"_level":1,"parentID":"ba3010e5-660e-4be2-9486-5285712a394a","firstParentID":"d419b1f5-5981-4d50-ac01-853e81c5bc9f","ID":"e190ea5b-32a5-49b4-98da-516d4a6128ff","childs":{"оперативное":{"_level":2,"parentID":"e190ea5b-32a5-49b4-98da-516d4a6128ff","firstParentID":"d419b1f5-5981-4d50-ac01-853e81c5bc9f","ID":"20e1b157-0d1b-4f4f-9017-589ca38c5e98","childs":null,"emcosID":null,"emcosMLID":null,"codMaketTEP":null,"codTEP":null,"WSName":"PS","rangeAddress":"$BP$228:$BP$264","headAddress":"$BP$228","bodyAddress":"$BP$229:$BP$264","_name":"оперативное"}},"emcosID":null,"emcosMLID":null,"codMaketTEP":null,"codTEP":null,"WSName":"PS","rangeAddress":"$BP$227:$BP$264","headAddress":"$BP$227","bodyAddress":"$BP$228:$BP$264","_name":"отдача"}},"emcosID":null,"emcosMLID":null,"codMaketTEP":null,"codTEP":null,"WSName":"PS","rangeAddress":"$BP$226:$BP$264","headAddress":"$BP$226","bodyAddress":"$BP$227:$BP$264","_name":"Генерация ВИЭ Жетысу"},"DB":{"_level":0,"parentID":"d419b1f5-5981-4d50-ac01-853e81c5bc9f","firstParentID":"d419b1f5-5981-4d50-ac01-853e81c5bc9f","ID":"5d863460-9c71-483a-875c-abb5b83e7553","childs":{"отдача":{"_level":1,"parentID":"5d863460-9c71-483a-875c-abb5b83e7553","firstParentID":"d419b1f5-5981-4d50-ac01-853e81c5bc9f","ID":"57736bb6-fea0-4d17-a901-3c76ac96db52","childs":{"код":{"_level":2,"parentID":"57736bb6-fea0-4d17-a901-3c76ac96db52","firstParentID":"d419b1f5-5981-4d50-ac01-853e81c5bc9f","ID":"93479112-7850-4f52-8568-2921ca5f598b","childs":null,"emcosID":null,"emcosMLID":null,"codMaketTEP":null,"codTEP":null,"WSName":"DB","rangeAddress":"$H$482:$H$519","headAddress":"$H$482","bodyAddress":"$H$483:$H$519","_name":"код"},"основное":{"_level":2,"parentID":"57736bb6-fea0-4d17-a901-3c76ac96db52","firstParentID":"d419b1f5-5981-4d50-ac01-853e81c5bc9f","ID":"a9bb827d-acca-4e63-9640-e14e7de2eef4","childs":null,"emcosID":null,"emcosMLID":null,"codMaketTEP":null,"codTEP":null,"WSName":"DB","rangeAddress":"$I$482:$I$519","headAddress":"$I$482","bodyAddress":"$I$483:$I$519","_name":"основное"},"корректировка факт":{"_level":2,"parentID":"57736bb6-fea0-4d17-a901-3c76ac96db52","firstParentID":"d419b1f5-5981-4d50-ac01-853e81c5bc9f","ID":"03715d10-98be-4863-bee7-9a9dd120e6c7","childs":null,"emcosID":null,"emcosMLID":null,"codMaketTEP":null,"codTEP":null,"WSName":"DB","rangeAddress":"$J$482:$J$519","headAddress":"$J$482","bodyAddress":"$J$483:$J$519","_name":"корректировка факт"},"ручное":{"_level":2,"parentID":"57736bb6-fea0-4d17-a901-3c76ac96db52","firstParentID":"d419b1f5-5981-4d50-ac01-853e81c5bc9f","ID":"ca97b209-60aa-40c2-9051-9ce370984ce5","childs":null,"emcosID":null,"emcosMLID":null,"codMaketTEP":null,"codTEP":null,"WSName":"DB","rangeAddress":"$K$482:$K$519","headAddress":"$K$482","bodyAddress":"$K$483:$K$519","_name":"ручное"},"оперативное":{"_level":2,"parentID":"57736bb6-fea0-4d17-a901-3c76ac96db52","firstParentID":"d419b1f5-5981-4d50-ac01-853e81c5bc9f","ID":"5a6d3b5d-1641-46da-8c27-3298df83190d","childs":null,"emcosID":null,"emcosMLID":null,"codMaketTEP":null,"codTEP":null,"WSName":"DB","rangeAddress":"$L$482:$L$519","headAddress":"$L$482","bodyAddress":"$L$483:$L$519","_name":"оперативное"}},"emcosID":null,"emcosMLID":null,"codMaketTEP":null,"codTEP":null,"WSName":"DB","rangeAddress":"$H$481:$L$519","headAddress":"$H$481:$L$481","bodyAddress":"$H$482:$L$519","_name":"отдача"}},"emcosID":null,"emcosMLID":null,"codMaketTEP":null,"codTEP":null,"WSName":"DB","rangeAddress":"$H$480:$L$519","headAddress":"$H$480:$L$480","bodyAddress":"$H$481:$L$519","_name":"Генерация ВИЭ Жетысу"}},"codPlan":null,"meterCoef":null,"_name":"Генерация ВИЭ Жетысу"}