{"ID":"d440f826-7b5a-4794-bf7c-679a805b24e0","childs":{"PS":{"_level":0,"parentID":"d440f826-7b5a-4794-bf7c-679a805b24e0","firstParentID":"d440f826-7b5a-4794-bf7c-679a805b24e0","ID":"ee0d6f91-51f5-430e-889c-7e7f718bb260","childs":{"прием":{"_level":1,"parentID":"ee0d6f91-51f5-430e-889c-7e7f718bb260","firstParentID":"d440f826-7b5a-4794-bf7c-679a805b24e0","ID":"5d0b8a2c-9537-4ebd-9359-b0c1a003424d","childs":{"по счетчику":{"_level":2,"parentID":"5d0b8a2c-9537-4ebd-9359-b0c1a003424d","firstParentID":"d440f826-7b5a-4794-bf7c-679a805b24e0","ID":"a31334dc-d1eb-470f-9f57-17cea9c3fddd","childs":null,"emcosID":null,"emcosMLID":null,"codMaketTEP":null,"codTEP":null,"WSName":"PS","rangeAddress":"$CW$56:$CW$92","headAddress":"$CW$56","bodyAddress":"$CW$57:$CW$92","_name":"по счетчику"}},"emcosID":null,"emcosMLID":null,"codMaketTEP":null,"codTEP":null,"WSName":"PS","rangeAddress":"$CW$55:$CW$92","headAddress":"$CW$55","bodyAddress":"$CW$56:$CW$92","_name":"прием"},"отдача":{"_level":1,"parentID":"ee0d6f91-51f5-430e-889c-7e7f718bb260","firstParentID":"d440f826-7b5a-4794-bf7c-679a805b24e0","ID":"7838dfaf-0b7f-4aab-b567-239136384eaf","childs":{"по счетчику":{"_level":2,"parentID":"7838dfaf-0b7f-4aab-b567-239136384eaf","firstParentID":"d440f826-7b5a-4794-bf7c-679a805b24e0","ID":"60a289cb-9573-48e9-afbf-0ec531a938a3","childs":null,"emcosID":null,"emcosMLID":null,"codMaketTEP":null,"codTEP":null,"WSName":"PS","rangeAddress":"$CX$56:$CX$92","headAddress":"$CX$56","bodyAddress":"$CX$57:$CX$92","_name":"по счетчику"}},"emcosID":null,"emcosMLID":null,"codMaketTEP":null,"codTEP":null,"WSName":"PS","rangeAddress":"$CX$55:$CX$92","headAddress":"$CX$55","bodyAddress":"$CX$56:$CX$92","_name":"отдача"}},"emcosID":null,"emcosMLID":null,"codMaketTEP":null,"codTEP":null,"WSName":"PS","rangeAddress":"$CW$54:$CX$92","headAddress":"$CW$54:$CX$54","bodyAddress":"$CW$55:$CX$92","_name":"Л2773 Алматы"},"DB":{"_level":0,"parentID":"d440f826-7b5a-4794-bf7c-679a805b24e0","firstParentID":"d440f826-7b5a-4794-bf7c-679a805b24e0","ID":"6073acb7-ad31-44c3-8e81-a31163b6dd10","childs":{"прием":{"_level":1,"parentID":"6073acb7-ad31-44c3-8e81-a31163b6dd10","firstParentID":"d440f826-7b5a-4794-bf7c-679a805b24e0","ID":"023cb9d6-1b1f-464a-95dd-2ea8619f7970","childs":{"код":{"_level":2,"parentID":"023cb9d6-1b1f-464a-95dd-2ea8619f7970","firstParentID":"d440f826-7b5a-4794-bf7c-679a805b24e0","ID":"0a8111c1-4d6d-4d79-8cbe-86b46d2f2b6e","childs":null,"emcosID":null,"emcosMLID":null,"codMaketTEP":null,"codTEP":null,"WSName":"DB","rangeAddress":"$CJ$9:$CJ$46","headAddress":"$CJ$9","bodyAddress":"$CJ$10:$CJ$46","_name":"код"},"основное":{"_level":2,"parentID":"023cb9d6-1b1f-464a-95dd-2ea8619f7970","firstParentID":"d440f826-7b5a-4794-bf7c-679a805b24e0","ID":"702d49c8-a2e7-42be-b0c0-52cf6b7d4f53","childs":null,"emcosID":null,"emcosMLID":null,"codMaketTEP":null,"codTEP":null,"WSName":"DB","rangeAddress":"$CK$9:$CK$46","headAddress":"$CK$9","bodyAddress":"$CK$10:$CK$46","_name":"основное"},"корректировка факт":{"_level":2,"parentID":"023cb9d6-1b1f-464a-95dd-2ea8619f7970","firstParentID":"d440f826-7b5a-4794-bf7c-679a805b24e0","ID":"9429f0ff-62f8-427a-9885-848fe3e1a53f","childs":null,"emcosID":null,"emcosMLID":null,"codMaketTEP":null,"codTEP":null,"WSName":"DB","rangeAddress":"$CL$9:$CL$46","headAddress":"$CL$9","bodyAddress":"$CL$10:$CL$46","_name":"корректировка факт"},"ручное":{"_level":2,"parentID":"023cb9d6-1b1f-464a-95dd-2ea8619f7970","firstParentID":"d440f826-7b5a-4794-bf7c-679a805b24e0","ID":"b5e9288f-c854-488c-9bda-60a9f8f149ea","childs":null,"emcosID":null,"emcosMLID":null,"codMaketTEP":null,"codTEP":null,"WSName":"DB","rangeAddress":"$CM$9:$CM$46","headAddress":"$CM$9","bodyAddress":"$CM$10:$CM$46","_name":"ручное"},"счетчик":{"_level":2,"parentID":"023cb9d6-1b1f-464a-95dd-2ea8619f7970","firstParentID":"d440f826-7b5a-4794-bf7c-679a805b24e0","ID":"44853c19-cf6d-4555-a0da-28da621f98b5","childs":null,"emcosID":null,"emcosMLID":null,"codMaketTEP":null,"codTEP":null,"WSName":"DB","rangeAddress":"$CN$9:$CN$46","headAddress":"$CN$9","bodyAddress":"$CN$10:$CN$46","_name":"счетчик"},"по счетчику":{"_level":2,"parentID":"023cb9d6-1b1f-464a-95dd-2ea8619f7970","firstParentID":"d440f826-7b5a-4794-bf7c-679a805b24e0","ID":"671c8d52-896c-417f-b1c3-8caebc4eb061","childs":null,"emcosID":null,"emcosMLID":null,"codMaketTEP":null,"codTEP":null,"WSName":"DB","rangeAddress":"$CO$9:$CO$46","headAddress":"$CO$9","bodyAddress":"$CO$10:$CO$46","_name":"по счетчику"}},"emcosID":null,"emcosMLID":null,"codMaketTEP":null,"codTEP":null,"WSName":"DB","rangeAddress":"$CJ$8:$CO$46","headAddress":"$CJ$8:$CO$8","bodyAddress":"$CJ$9:$CO$46","_name":"прием"},"отдача":{"_level":1,"parentID":"6073acb7-ad31-44c3-8e81-a31163b6dd10","firstParentID":"d440f826-7b5a-4794-bf7c-679a805b24e0","ID":"870b1fb1-0a99-4092-89cd-bcd44d53066a","childs":{"код":{"_level":2,"parentID":"870b1fb1-0a99-4092-89cd-bcd44d53066a","firstParentID":"d440f826-7b5a-4794-bf7c-679a805b24e0","ID":"f2dce637-cf69-49e4-9936-3250e31ae537","childs":null,"emcosID":null,"emcosMLID":null,"codMaketTEP":null,"codTEP":null,"WSName":"DB","rangeAddress":"$CP$9:$CP$46","headAddress":"$CP$9","bodyAddress":"$CP$10:$CP$46","_name":"код"},"основное":{"_level":2,"parentID":"870b1fb1-0a99-4092-89cd-bcd44d53066a","firstParentID":"d440f826-7b5a-4794-bf7c-679a805b24e0","ID":"c7212122-a124-45ff-8112-b4a61d894cfd","childs":null,"emcosID":null,"emcosMLID":null,"codMaketTEP":null,"codTEP":null,"WSName":"DB","rangeAddress":"$CQ$9:$CQ$46","headAddress":"$CQ$9","bodyAddress":"$CQ$10:$CQ$46","_name":"основное"},"корректировка факт":{"_level":2,"parentID":"870b1fb1-0a99-4092-89cd-bcd44d53066a","firstParentID":"d440f826-7b5a-4794-bf7c-679a805b24e0","ID":"16a0476e-bf5b-4425-b30f-9c10493f7fd7","childs":null,"emcosID":null,"emcosMLID":null,"codMaketTEP":null,"codTEP":null,"WSName":"DB","rangeAddress":"$CR$9:$CR$46","headAddress":"$CR$9","bodyAddress":"$CR$10:$CR$46","_name":"корректировка факт"},"ручное":{"_level":2,"parentID":"870b1fb1-0a99-4092-89cd-bcd44d53066a","firstParentID":"d440f826-7b5a-4794-bf7c-679a805b24e0","ID":"b41bdc6f-82b8-4ea3-aeb2-3da91dd3c878","childs":null,"emcosID":null,"emcosMLID":null,"codMaketTEP":null,"codTEP":null,"WSName":"DB","rangeAddress":"$CS$9:$CS$46","headAddress":"$CS$9","bodyAddress":"$CS$10:$CS$46","_name":"ручное"},"счетчик":{"_level":2,"parentID":"870b1fb1-0a99-4092-89cd-bcd44d53066a","firstParentID":"d440f826-7b5a-4794-bf7c-679a805b24e0","ID":"0c97506e-50f3-4fb3-a5a3-9ff29eead0cd","childs":null,"emcosID":null,"emcosMLID":null,"codMaketTEP":null,"codTEP":null,"WSName":"DB","rangeAddress":"$CT$9:$CT$46","headAddress":"$CT$9","bodyAddress":"$CT$10:$CT$46","_name":"счетчик"},"по счетчику":{"_level":2,"parentID":"870b1fb1-0a99-4092-89cd-bcd44d53066a","firstParentID":"d440f826-7b5a-4794-bf7c-679a805b24e0","ID":"c95e4b10-4555-4d8d-ba36-a68e77c5aafa","childs":null,"emcosID":null,"emcosMLID":null,"codMaketTEP":null,"codTEP":null,"WSName":"DB","rangeAddress":"$CU$9:$CU$46","headAddress":"$CU$9","bodyAddress":"$CU$10:$CU$46","_name":"по счетчику"}},"emcosID":null,"emcosMLID":null,"codMaketTEP":null,"codTEP":null,"WSName":"DB","rangeAddress":"$CP$8:$CU$46","headAddress":"$CP$8:$CU$8","bodyAddress":"$CP$9:$CU$46","_name":"отдача"}},"emcosID":null,"emcosMLID":null,"codMaketTEP":null,"codTEP":null,"WSName":"DB","rangeAddress":"$CJ$7:$CU$46","headAddress":"$CJ$7:$CU$7","bodyAddress":"$CJ$8:$CU$46","_name":"Л2773 Алматы"}},"codPlan":null,"meterCoef":"2200","_name":"Л2773 Алматы"}