{"ID":"d5d4147c-6e30-4b72-ad5e-71a52714bff7","childs":{"PS":{"_level":0,"parentID":"d5d4147c-6e30-4b72-ad5e-71a52714bff7","firstParentID":"d5d4147c-6e30-4b72-ad5e-71a52714bff7","ID":"2830387f-bdbd-4c04-a5aa-9a9a087f660b","childs":{"прием":{"_level":1,"parentID":"2830387f-bdbd-4c04-a5aa-9a9a087f660b","firstParentID":"d5d4147c-6e30-4b72-ad5e-71a52714bff7","ID":"1e626fd6-e66e-4091-8f61-f6dfc3e38a23","childs":{"по плану":{"_level":2,"parentID":"1e626fd6-e66e-4091-8f61-f6dfc3e38a23","firstParentID":"d5d4147c-6e30-4b72-ad5e-71a52714bff7","ID":"9453a275-e86f-4718-96c4-bd16e61ff276","childs":null,"emcosID":null,"emcosMLID":null,"codMaketTEP":null,"codTEP":null,"WSName":"PS","rangeAddress":"$Y$185:$Y$221","headAddress":"$Y$185","bodyAddress":"$Y$186:$Y$221","_name":"по плану"}},"emcosID":null,"emcosMLID":null,"codMaketTEP":null,"codTEP":null,"WSName":"PS","rangeAddress":"$Y$184:$Y$221","headAddress":"$Y$184","bodyAddress":"$Y$185:$Y$221","_name":"прием"},"план":{"_level":1,"parentID":"2830387f-bdbd-4c04-a5aa-9a9a087f660b","firstParentID":"d5d4147c-6e30-4b72-ad5e-71a52714bff7","ID":"c840eb70-ec8e-44f0-b685-1a2dbe642595","childs":{"заявка":{"_level":2,"parentID":"c840eb70-ec8e-44f0-b685-1a2dbe642595","firstParentID":"d5d4147c-6e30-4b72-ad5e-71a52714bff7","ID":"c9c59437-bdaf-4363-9398-4cbfc71c2a4c","childs":null,"emcosID":null,"emcosMLID":null,"codMaketTEP":null,"codTEP":null,"WSName":"PS","rangeAddress":"$Z$185:$Z$221","headAddress":"$Z$185","bodyAddress":"$Z$186:$Z$221","_name":"заявка"}},"emcosID":null,"emcosMLID":null,"codMaketTEP":null,"codTEP":null,"WSName":"PS","rangeAddress":"$Z$184:$Z$221","headAddress":"$Z$184","bodyAddress":"$Z$185:$Z$221","_name":"план"}},"emcosID":null,"emcosMLID":null,"codMaketTEP":null,"codTEP":null,"WSName":"PS","rangeAddress":"$Y$183:$Z$221","headAddress":"$Y$183:$Z$183","bodyAddress":"$Y$184:$Z$221","_name":"Потребление Alfa Power Алматы"},"DB":{"_level":0,"parentID":"d5d4147c-6e30-4b72-ad5e-71a52714bff7","firstParentID":"d5d4147c-6e30-4b72-ad5e-71a52714bff7","ID":"44cc6b2c-f90d-4b6b-b492-146fd748ea09","childs":{"прием":{"_level":1,"parentID":"44cc6b2c-f90d-4b6b-b492-146fd748ea09","firstParentID":"d5d4147c-6e30-4b72-ad5e-71a52714bff7","ID":"d919d66f-c007-4830-9f43-ded80af75fcc","childs":{"код":{"_level":2,"parentID":"d919d66f-c007-4830-9f43-ded80af75fcc","firstParentID":"d5d4147c-6e30-4b72-ad5e-71a52714bff7","ID":"d0b1e4de-84a0-4096-9779-a5ae84a13752","childs":null,"emcosID":null,"emcosMLID":null,"codMaketTEP":null,"codTEP":null,"WSName":"DB","rangeAddress":"$AC$396:$AC$433","headAddress":"$AC$396","bodyAddress":"$AC$397:$AC$433","_name":"код"},"основное":{"_level":2,"parentID":"d919d66f-c007-4830-9f43-ded80af75fcc","firstParentID":"d5d4147c-6e30-4b72-ad5e-71a52714bff7","ID":"984d0437-822e-402a-9529-9b673119c299","childs":null,"emcosID":null,"emcosMLID":null,"codMaketTEP":null,"codTEP":null,"WSName":"DB","rangeAddress":"$AD$396:$AD$433","headAddress":"$AD$396","bodyAddress":"$AD$397:$AD$433","_name":"основное"},"корректировка факт":{"_level":2,"parentID":"d919d66f-c007-4830-9f43-ded80af75fcc","firstParentID":"d5d4147c-6e30-4b72-ad5e-71a52714bff7","ID":"8b934a7a-0dce-4109-8030-9993a1852dc6","childs":null,"emcosID":null,"emcosMLID":null,"codMaketTEP":null,"codTEP":null,"WSName":"DB","rangeAddress":"$AE$396:$AE$433","headAddress":"$AE$396","bodyAddress":"$AE$397:$AE$433","_name":"корректировка факт"},"ручное":{"_level":2,"parentID":"d919d66f-c007-4830-9f43-ded80af75fcc","firstParentID":"d5d4147c-6e30-4b72-ad5e-71a52714bff7","ID":"a8c6413b-41e5-4fa8-bd6b-730b75d39ce4","childs":null,"emcosID":null,"emcosMLID":null,"codMaketTEP":null,"codTEP":null,"WSName":"DB","rangeAddress":"$AF$396:$AF$433","headAddress":"$AF$396","bodyAddress":"$AF$397:$AF$433","_name":"ручное"},"по плану":{"_level":2,"parentID":"d919d66f-c007-4830-9f43-ded80af75fcc","firstParentID":"d5d4147c-6e30-4b72-ad5e-71a52714bff7","ID":"272d6080-7bae-49b7-baba-c59182b2e7ed","childs":null,"emcosID":null,"emcosMLID":null,"codMaketTEP":null,"codTEP":null,"WSName":"DB","rangeAddress":"$AG$396:$AG$433","headAddress":"$AG$396","bodyAddress":"$AG$397:$AG$433","_name":"по плану"}},"emcosID":null,"emcosMLID":null,"codMaketTEP":null,"codTEP":null,"WSName":"DB","rangeAddress":"$AC$395:$AG$433","headAddress":"$AC$395:$AG$395","bodyAddress":"$AC$396:$AG$433","_name":"прием"},"план":{"_level":1,"parentID":"44cc6b2c-f90d-4b6b-b492-146fd748ea09","firstParentID":"d5d4147c-6e30-4b72-ad5e-71a52714bff7","ID":"cf87adab-322c-4f4f-8fe7-30bf052de6b3","childs":{"код":{"_level":2,"parentID":"cf87adab-322c-4f4f-8fe7-30bf052de6b3","firstParentID":"d5d4147c-6e30-4b72-ad5e-71a52714bff7","ID":"23753f2d-27d2-44e8-b01d-5008466a192a","childs":null,"emcosID":null,"emcosMLID":null,"codMaketTEP":null,"codTEP":null,"WSName":"DB","rangeAddress":"$AH$396:$AH$433","headAddress":"$AH$396","bodyAddress":"$AH$397:$AH$433","_name":"код"},"основное":{"_level":2,"parentID":"cf87adab-322c-4f4f-8fe7-30bf052de6b3","firstParentID":"d5d4147c-6e30-4b72-ad5e-71a52714bff7","ID":"6878c30e-b3f9-4cc7-8ef9-78fa6891fa4d","childs":null,"emcosID":null,"emcosMLID":null,"codMaketTEP":null,"codTEP":null,"WSName":"DB","rangeAddress":"$AI$396:$AI$433","headAddress":"$AI$396","bodyAddress":"$AI$397:$AI$433","_name":"основное"},"заявка":{"_level":2,"parentID":"cf87adab-322c-4f4f-8fe7-30bf052de6b3","firstParentID":"d5d4147c-6e30-4b72-ad5e-71a52714bff7","ID":"2dec7b8f-a801-4363-bdf6-46d5bf0a47b4","childs":null,"emcosID":null,"emcosMLID":null,"codMaketTEP":null,"codTEP":null,"WSName":"DB","rangeAddress":"$AJ$396:$AJ$433","headAddress":"$AJ$396","bodyAddress":"$AJ$397:$AJ$433","_name":"заявка"},"утвержденный":{"_level":2,"parentID":"cf87adab-322c-4f4f-8fe7-30bf052de6b3","firstParentID":"d5d4147c-6e30-4b72-ad5e-71a52714bff7","ID":"fb6b62f2-72a3-4a37-bc33-297d38927e98","childs":null,"emcosID":null,"emcosMLID":null,"codMaketTEP":null,"codTEP":null,"WSName":"DB","rangeAddress":"$AK$396:$AK$433","headAddress":"$AK$396","bodyAddress":"$AK$397:$AK$433","_name":"утвержденный"},"корректировка":{"_level":2,"parentID":"cf87adab-322c-4f4f-8fe7-30bf052de6b3","firstParentID":"d5d4147c-6e30-4b72-ad5e-71a52714bff7","ID":"5268f6ad-ef0e-48d5-b053-637ced5ba322","childs":null,"emcosID":null,"emcosMLID":null,"codMaketTEP":null,"codTEP":null,"WSName":"DB","rangeAddress":"$AL$396:$AL$433","headAddress":"$AL$396","bodyAddress":"$AL$397:$AL$433","_name":"корректировка"}},"emcosID":null,"emcosMLID":null,"codMaketTEP":null,"codTEP":null,"WSName":"DB","rangeAddress":"$AH$395:$AL$433","headAddress":"$AH$395:$AL$395","bodyAddress":"$AH$396:$AL$433","_name":"план"}},"emcosID":null,"emcosMLID":null,"codMaketTEP":null,"codTEP":null,"WSName":"DB","rangeAddress":"$AC$394:$AL$433","headAddress":"$AC$394:$AL$394","bodyAddress":"$AC$395:$AL$433","_name":"Потребление Alfa Power Алматы"}},"codPlan":8,"meterCoef":null,"_name":"Потребление Alfa Power Алматы"}