{"ID":"d647a0b5-d1ab-47a1-a893-241fd2e9a11c","childs":{"PS":{"_level":0,"parentID":"d647a0b5-d1ab-47a1-a893-241fd2e9a11c","firstParentID":"d647a0b5-d1ab-47a1-a893-241fd2e9a11c","ID":"3f1a8ea0-bd78-4c37-b192-1be0f304ffcb","childs":{"прием":{"_level":1,"parentID":"3f1a8ea0-bd78-4c37-b192-1be0f304ffcb","firstParentID":"d647a0b5-d1ab-47a1-a893-241fd2e9a11c","ID":"b048e2db-0cf2-4d2f-a9ee-48647a355051","childs":{"формула":{"_level":2,"parentID":"b048e2db-0cf2-4d2f-a9ee-48647a355051","firstParentID":"d647a0b5-d1ab-47a1-a893-241fd2e9a11c","ID":"fbd4f114-4e95-42e3-8bdd-b06d64b22d68","childs":null,"emcosID":null,"emcosMLID":null,"codMaketTEP":null,"codTEP":null,"WSName":"PS","rangeAddress":"$AO$99:$AO$135","headAddress":"$AO$99","bodyAddress":"$AO$100:$AO$135","_name":"формула"}},"emcosID":null,"emcosMLID":null,"codMaketTEP":null,"codTEP":null,"WSName":"PS","rangeAddress":"$AO$98:$AO$135","headAddress":"$AO$98","bodyAddress":"$AO$99:$AO$135","_name":"прием"}},"emcosID":null,"emcosMLID":null,"codMaketTEP":null,"codTEP":null,"WSName":"PS","rangeAddress":"$AO$97:$AO$135","headAddress":"$AO$97","bodyAddress":"$AO$98:$AO$135","_name":"Прием из сети ПС126 Талдыкорган"},"DB":{"_level":0,"parentID":"d647a0b5-d1ab-47a1-a893-241fd2e9a11c","firstParentID":"d647a0b5-d1ab-47a1-a893-241fd2e9a11c","ID":"9edbef26-e3ca-476d-aecf-0057c76801cb","childs":{"прием":{"_level":1,"parentID":"9edbef26-e3ca-476d-aecf-0057c76801cb","firstParentID":"d647a0b5-d1ab-47a1-a893-241fd2e9a11c","ID":"e5738b68-7399-4988-9357-062c8ad787d7","childs":{"код":{"_level":2,"parentID":"e5738b68-7399-4988-9357-062c8ad787d7","firstParentID":"d647a0b5-d1ab-47a1-a893-241fd2e9a11c","ID":"8f4db212-6ba3-4232-a301-dd949afe5bc0","childs":null,"emcosID":null,"emcosMLID":null,"codMaketTEP":null,"codTEP":null,"WSName":"DB","rangeAddress":"$FU$224:$FU$261","headAddress":"$FU$224","bodyAddress":"$FU$225:$FU$261","_name":"код"},"основное":{"_level":2,"parentID":"e5738b68-7399-4988-9357-062c8ad787d7","firstParentID":"d647a0b5-d1ab-47a1-a893-241fd2e9a11c","ID":"15c46c91-7a0b-4a67-bf77-1bb59dea003a","childs":null,"emcosID":null,"emcosMLID":null,"codMaketTEP":null,"codTEP":null,"WSName":"DB","rangeAddress":"$FV$224:$FV$261","headAddress":"$FV$224","bodyAddress":"$FV$225:$FV$261","_name":"основное"},"корректировка факт":{"_level":2,"parentID":"e5738b68-7399-4988-9357-062c8ad787d7","firstParentID":"d647a0b5-d1ab-47a1-a893-241fd2e9a11c","ID":"e918ec48-f2bc-4f48-b4a7-33664e2de4af","childs":null,"emcosID":null,"emcosMLID":null,"codMaketTEP":null,"codTEP":null,"WSName":"DB","rangeAddress":"$FW$224:$FW$261","headAddress":"$FW$224","bodyAddress":"$FW$225:$FW$261","_name":"корректировка факт"},"ручное":{"_level":2,"parentID":"e5738b68-7399-4988-9357-062c8ad787d7","firstParentID":"d647a0b5-d1ab-47a1-a893-241fd2e9a11c","ID":"8cc0559b-829a-4ae8-8f96-4442d2f85e9b","childs":null,"emcosID":null,"emcosMLID":null,"codMaketTEP":null,"codTEP":null,"WSName":"DB","rangeAddress":"$FX$224:$FX$261","headAddress":"$FX$224","bodyAddress":"$FX$225:$FX$261","_name":"ручное"},"формула":{"_level":2,"parentID":"e5738b68-7399-4988-9357-062c8ad787d7","firstParentID":"d647a0b5-d1ab-47a1-a893-241fd2e9a11c","ID":"bc1fb3d5-2c7c-45fa-9fcf-9182d37637f8","childs":null,"emcosID":null,"emcosMLID":null,"codMaketTEP":null,"codTEP":null,"WSName":"DB","rangeAddress":"$FY$224:$FY$261","headAddress":"$FY$224","bodyAddress":"$FY$225:$FY$261","_name":"формула"}},"emcosID":null,"emcosMLID":null,"codMaketTEP":null,"codTEP":null,"WSName":"DB","rangeAddress":"$FU$223:$FY$261","headAddress":"$FU$223:$FY$223","bodyAddress":"$FU$224:$FY$261","_name":"прием"}},"emcosID":null,"emcosMLID":null,"codMaketTEP":null,"codTEP":null,"WSName":"DB","rangeAddress":"$FU$222:$FY$261","headAddress":"$FU$222:$FY$222","bodyAddress":"$FU$223:$FY$261","_name":"Прием из сети ПС126 Талдыкорган"}},"codPlan":null,"meterCoef":null,"_name":"Прием из сети ПС126 Талдыкорган"}