{"ID":"d647a0b5-d1ab-47a1-a893-241fd2e9a11c","childs":{"PS":{"_level":0,"parentID":"d647a0b5-d1ab-47a1-a893-241fd2e9a11c","firstParentID":"d647a0b5-d1ab-47a1-a893-241fd2e9a11c","ID":"3f1a8ea0-bd78-4c37-b192-1be0f304ffcb","childs":{"прием":{"_level":1,"parentID":"3f1a8ea0-bd78-4c37-b192-1be0f304ffcb","firstParentID":"d647a0b5-d1ab-47a1-a893-241fd2e9a11c","ID":"b048e2db-0cf2-4d2f-a9ee-48647a355051","childs":{"ручное":{"_level":2,"parentID":"b048e2db-0cf2-4d2f-a9ee-48647a355051","firstParentID":"d647a0b5-d1ab-47a1-a893-241fd2e9a11c","ID":"fbd4f114-4e95-42e3-8bdd-b06d64b22d68","childs":null,"emcosID":null,"emcosMLID":null,"codMaketTEP":null,"codTEP":null,"WSName":"PS","rangeAddress":"$AE$99:$AE$135","headAddress":"$AE$99","bodyAddress":"$AE$100:$AE$135","_name":"ручное"}},"emcosID":null,"emcosMLID":null,"codMaketTEP":null,"codTEP":null,"WSName":"PS","rangeAddress":"$AE$98:$AE$135","headAddress":"$AE$98","bodyAddress":"$AE$99:$AE$135","_name":"прием"}},"emcosID":null,"emcosMLID":null,"codMaketTEP":null,"codTEP":null,"WSName":"PS","rangeAddress":"$AE$97:$AE$135","headAddress":"$AE$97","bodyAddress":"$AE$98:$AE$135","_name":"Прием из сети ПС126 Талдыкорган"},"DB":{"_level":0,"parentID":"d647a0b5-d1ab-47a1-a893-241fd2e9a11c","firstParentID":"d647a0b5-d1ab-47a1-a893-241fd2e9a11c","ID":"9edbef26-e3ca-476d-aecf-0057c76801cb","childs":{"прием":{"_level":1,"parentID":"9edbef26-e3ca-476d-aecf-0057c76801cb","firstParentID":"d647a0b5-d1ab-47a1-a893-241fd2e9a11c","ID":"e5738b68-7399-4988-9357-062c8ad787d7","childs":{"код":{"_level":2,"parentID":"e5738b68-7399-4988-9357-062c8ad787d7","firstParentID":"d647a0b5-d1ab-47a1-a893-241fd2e9a11c","ID":"8f4db212-6ba3-4232-a301-dd949afe5bc0","childs":null,"emcosID":null,"emcosMLID":null,"codMaketTEP":null,"codTEP":null,"WSName":"DB","rangeAddress":"$FH$224:$FH$261","headAddress":"$FH$224","bodyAddress":"$FH$225:$FH$261","_name":"код"},"основное":{"_level":2,"parentID":"e5738b68-7399-4988-9357-062c8ad787d7","firstParentID":"d647a0b5-d1ab-47a1-a893-241fd2e9a11c","ID":"15c46c91-7a0b-4a67-bf77-1bb59dea003a","childs":null,"emcosID":null,"emcosMLID":null,"codMaketTEP":null,"codTEP":null,"WSName":"DB","rangeAddress":"$FI$224:$FI$261","headAddress":"$FI$224","bodyAddress":"$FI$225:$FI$261","_name":"основное"},"корректировка факт":{"_level":2,"parentID":"e5738b68-7399-4988-9357-062c8ad787d7","firstParentID":"d647a0b5-d1ab-47a1-a893-241fd2e9a11c","ID":"e918ec48-f2bc-4f48-b4a7-33664e2de4af","childs":null,"emcosID":null,"emcosMLID":null,"codMaketTEP":null,"codTEP":null,"WSName":"DB","rangeAddress":"$FJ$224:$FJ$261","headAddress":"$FJ$224","bodyAddress":"$FJ$225:$FJ$261","_name":"корректировка факт"},"ручное":{"_level":2,"parentID":"e5738b68-7399-4988-9357-062c8ad787d7","firstParentID":"d647a0b5-d1ab-47a1-a893-241fd2e9a11c","ID":"8cc0559b-829a-4ae8-8f96-4442d2f85e9b","childs":null,"emcosID":null,"emcosMLID":null,"codMaketTEP":null,"codTEP":null,"WSName":"DB","rangeAddress":"$FK$224:$FK$261","headAddress":"$FK$224","bodyAddress":"$FK$225:$FK$261","_name":"ручное"}},"emcosID":null,"emcosMLID":null,"codMaketTEP":null,"codTEP":null,"WSName":"DB","rangeAddress":"$FH$223:$FK$261","headAddress":"$FH$223:$FK$223","bodyAddress":"$FH$224:$FK$261","_name":"прием"}},"emcosID":null,"emcosMLID":null,"codMaketTEP":null,"codTEP":null,"WSName":"DB","rangeAddress":"$FH$222:$FK$261","headAddress":"$FH$222:$FK$222","bodyAddress":"$FH$223:$FK$261","_name":"Прием из сети ПС126 Талдыкорган"}},"codPlan":null,"meterCoef":null,"_name":"Прием из сети ПС126 Талдыкорган"}