{"ID":"d67fe0c3-59c9-414f-a09d-599da83bfc3c","childs":{"PS":{"_level":0,"parentID":"d67fe0c3-59c9-414f-a09d-599da83bfc3c","firstParentID":"d67fe0c3-59c9-414f-a09d-599da83bfc3c","ID":"caefa3ec-f850-431d-9f98-f7b86f56711d","childs":{"прием":{"_level":1,"parentID":"caefa3ec-f850-431d-9f98-f7b86f56711d","firstParentID":"d67fe0c3-59c9-414f-a09d-599da83bfc3c","ID":"9530d4c7-239b-4041-b564-ca5944f184ad","childs":{"ручное":{"_level":2,"parentID":"9530d4c7-239b-4041-b564-ca5944f184ad","firstParentID":"d67fe0c3-59c9-414f-a09d-599da83bfc3c","ID":"ab9471b7-2932-493b-901d-8a4927db4d83","childs":null,"emcosID":null,"emcosMLID":null,"codMaketTEP":null,"codTEP":null,"WSName":"PS","rangeAddress":"$HW$99:$HW$135","headAddress":"$HW$99","bodyAddress":"$HW$100:$HW$135","_name":"ручное"}},"emcosID":null,"emcosMLID":null,"codMaketTEP":null,"codTEP":null,"WSName":"PS","rangeAddress":"$HW$98:$HW$135","headAddress":"$HW$98","bodyAddress":"$HW$99:$HW$135","_name":"прием"},"отдача":{"_level":1,"parentID":"caefa3ec-f850-431d-9f98-f7b86f56711d","firstParentID":"d67fe0c3-59c9-414f-a09d-599da83bfc3c","ID":"5300aba5-3361-4364-920d-5360a3115d3e","childs":{"ручное":{"_level":2,"parentID":"5300aba5-3361-4364-920d-5360a3115d3e","firstParentID":"d67fe0c3-59c9-414f-a09d-599da83bfc3c","ID":"6b3909bf-8f2f-432c-afa4-59b52be8cc53","childs":null,"emcosID":null,"emcosMLID":null,"codMaketTEP":null,"codTEP":null,"WSName":"PS","rangeAddress":"$HX$99:$HX$135","headAddress":"$HX$99","bodyAddress":"$HX$100:$HX$135","_name":"ручное"}},"emcosID":null,"emcosMLID":null,"codMaketTEP":null,"codTEP":null,"WSName":"PS","rangeAddress":"$HX$98:$HX$135","headAddress":"$HX$98","bodyAddress":"$HX$99:$HX$135","_name":"отдача"}},"emcosID":null,"emcosMLID":null,"codMaketTEP":null,"codTEP":null,"WSName":"PS","rangeAddress":"$HW$97:$HX$135","headAddress":"$HW$97:$HX$97","bodyAddress":"$HW$98:$HX$135","_name":"Л2273 Кияхты тяга"},"DB":{"_level":0,"parentID":"d67fe0c3-59c9-414f-a09d-599da83bfc3c","firstParentID":"d67fe0c3-59c9-414f-a09d-599da83bfc3c","ID":"0ba667e8-f2cf-4268-87ef-250efb5e8eb7","childs":{"прием":{"_level":1,"parentID":"0ba667e8-f2cf-4268-87ef-250efb5e8eb7","firstParentID":"d67fe0c3-59c9-414f-a09d-599da83bfc3c","ID":"87d6a4fe-dede-4cfc-94e3-02482833d30d","childs":{"код":{"_level":2,"parentID":"87d6a4fe-dede-4cfc-94e3-02482833d30d","firstParentID":"d67fe0c3-59c9-414f-a09d-599da83bfc3c","ID":"ab52b5ff-b62f-448d-bbef-96d3006fced4","childs":null,"emcosID":null,"emcosMLID":null,"codMaketTEP":null,"codTEP":null,"WSName":"DB","rangeAddress":"$AN$181:$AN$218","headAddress":"$AN$181","bodyAddress":"$AN$182:$AN$218","_name":"код"},"основное":{"_level":2,"parentID":"87d6a4fe-dede-4cfc-94e3-02482833d30d","firstParentID":"d67fe0c3-59c9-414f-a09d-599da83bfc3c","ID":"3cc2bd5c-de64-4d0b-93c1-5f2013235e75","childs":null,"emcosID":null,"emcosMLID":null,"codMaketTEP":null,"codTEP":null,"WSName":"DB","rangeAddress":"$AO$181:$AO$218","headAddress":"$AO$181","bodyAddress":"$AO$182:$AO$218","_name":"основное"},"корректировка факт":{"_level":2,"parentID":"87d6a4fe-dede-4cfc-94e3-02482833d30d","firstParentID":"d67fe0c3-59c9-414f-a09d-599da83bfc3c","ID":"fd241fcd-6811-4b00-a654-11ec3da41bd5","childs":null,"emcosID":null,"emcosMLID":null,"codMaketTEP":null,"codTEP":null,"WSName":"DB","rangeAddress":"$AP$181:$AP$218","headAddress":"$AP$181","bodyAddress":"$AP$182:$AP$218","_name":"корректировка факт"},"ручное":{"_level":2,"parentID":"87d6a4fe-dede-4cfc-94e3-02482833d30d","firstParentID":"d67fe0c3-59c9-414f-a09d-599da83bfc3c","ID":"56d391ed-dfe1-4564-ac99-17f481dca02c","childs":null,"emcosID":null,"emcosMLID":null,"codMaketTEP":null,"codTEP":null,"WSName":"DB","rangeAddress":"$AQ$181:$AQ$218","headAddress":"$AQ$181","bodyAddress":"$AQ$182:$AQ$218","_name":"ручное"}},"emcosID":null,"emcosMLID":null,"codMaketTEP":null,"codTEP":null,"WSName":"DB","rangeAddress":"$AN$180:$AQ$218","headAddress":"$AN$180:$AQ$180","bodyAddress":"$AN$181:$AQ$218","_name":"прием"},"отдача":{"_level":1,"parentID":"0ba667e8-f2cf-4268-87ef-250efb5e8eb7","firstParentID":"d67fe0c3-59c9-414f-a09d-599da83bfc3c","ID":"63caacb4-dbf2-46c6-a4e0-c4403e050ce4","childs":{"код":{"_level":2,"parentID":"63caacb4-dbf2-46c6-a4e0-c4403e050ce4","firstParentID":"d67fe0c3-59c9-414f-a09d-599da83bfc3c","ID":"78b2edb7-beae-49f8-bfb9-e0a129468733","childs":null,"emcosID":null,"emcosMLID":null,"codMaketTEP":null,"codTEP":null,"WSName":"DB","rangeAddress":"$AR$181:$AR$218","headAddress":"$AR$181","bodyAddress":"$AR$182:$AR$218","_name":"код"},"основное":{"_level":2,"parentID":"63caacb4-dbf2-46c6-a4e0-c4403e050ce4","firstParentID":"d67fe0c3-59c9-414f-a09d-599da83bfc3c","ID":"f98a4b53-5dcd-4285-a3ae-2811b5fb6f2e","childs":null,"emcosID":null,"emcosMLID":null,"codMaketTEP":null,"codTEP":null,"WSName":"DB","rangeAddress":"$AS$181:$AS$218","headAddress":"$AS$181","bodyAddress":"$AS$182:$AS$218","_name":"основное"},"корректировка факт":{"_level":2,"parentID":"63caacb4-dbf2-46c6-a4e0-c4403e050ce4","firstParentID":"d67fe0c3-59c9-414f-a09d-599da83bfc3c","ID":"b8fbfeff-3c2c-4334-958a-3ef5fa31f0cb","childs":null,"emcosID":null,"emcosMLID":null,"codMaketTEP":null,"codTEP":null,"WSName":"DB","rangeAddress":"$AT$181:$AT$218","headAddress":"$AT$181","bodyAddress":"$AT$182:$AT$218","_name":"корректировка факт"},"ручное":{"_level":2,"parentID":"63caacb4-dbf2-46c6-a4e0-c4403e050ce4","firstParentID":"d67fe0c3-59c9-414f-a09d-599da83bfc3c","ID":"e3d937be-3c23-4597-aec6-b4ee563003ed","childs":null,"emcosID":null,"emcosMLID":null,"codMaketTEP":null,"codTEP":null,"WSName":"DB","rangeAddress":"$AU$181:$AU$218","headAddress":"$AU$181","bodyAddress":"$AU$182:$AU$218","_name":"ручное"}},"emcosID":null,"emcosMLID":null,"codMaketTEP":null,"codTEP":null,"WSName":"DB","rangeAddress":"$AR$180:$AU$218","headAddress":"$AR$180:$AU$180","bodyAddress":"$AR$181:$AU$218","_name":"отдача"}},"emcosID":null,"emcosMLID":null,"codMaketTEP":null,"codTEP":null,"WSName":"DB","rangeAddress":"$AN$179:$AU$218","headAddress":"$AN$179:$AU$179","bodyAddress":"$AN$180:$AU$218","_name":"Л2273 Кияхты тяга"}},"codPlan":null,"meterCoef":null,"_name":"Л2273 Кияхты тяга"}