{"ID":"d6d5bbe2-d126-4a59-8bbd-79754ee11491","childs":{"PS":{"_level":0,"parentID":"d6d5bbe2-d126-4a59-8bbd-79754ee11491","firstParentID":"d6d5bbe2-d126-4a59-8bbd-79754ee11491","ID":"2d444e8a-1c6a-4640-a11d-82521ed46fde","childs":{"прием":{"_level":1,"parentID":"2d444e8a-1c6a-4640-a11d-82521ed46fde","firstParentID":"d6d5bbe2-d126-4a59-8bbd-79754ee11491","ID":"1bb4bdee-5f29-45c3-bc21-ec8e37d92248","childs":{"оперативное":{"_level":2,"parentID":"1bb4bdee-5f29-45c3-bc21-ec8e37d92248","firstParentID":"d6d5bbe2-d126-4a59-8bbd-79754ee11491","ID":"86258b15-1ff8-47bf-8740-21e72dbdf5c5","childs":null,"emcosID":null,"emcosMLID":null,"codMaketTEP":null,"codTEP":null,"WSName":"PS","rangeAddress":"$BE$228:$BE$264","headAddress":"$BE$228","bodyAddress":"$BE$229:$BE$264","_name":"оперативное"}},"emcosID":null,"emcosMLID":null,"codMaketTEP":1478,"codTEP":null,"WSName":"PS","rangeAddress":"$BE$227:$BE$264","headAddress":"$BE$227","bodyAddress":"$BE$228:$BE$264","_name":"прием"}},"emcosID":null,"emcosMLID":null,"codMaketTEP":null,"codTEP":null,"WSName":"PS","rangeAddress":"$BE$226:$BE$264","headAddress":"$BE$226","bodyAddress":"$BE$227:$BE$264","_name":"с.н. Текелиский ТЭЦ2 ТТЭЦ2"},"DB":{"_level":0,"parentID":"d6d5bbe2-d126-4a59-8bbd-79754ee11491","firstParentID":"d6d5bbe2-d126-4a59-8bbd-79754ee11491","ID":"64206140-8e1d-4953-925c-3dd3f5d6d01f","childs":{"прием":{"_level":1,"parentID":"64206140-8e1d-4953-925c-3dd3f5d6d01f","firstParentID":"d6d5bbe2-d126-4a59-8bbd-79754ee11491","ID":"507591f7-333b-47f1-a2f2-c4a52c118b6e","childs":{"код":{"_level":2,"parentID":"507591f7-333b-47f1-a2f2-c4a52c118b6e","firstParentID":"d6d5bbe2-d126-4a59-8bbd-79754ee11491","ID":"835cbbbd-56a5-46de-9ad8-07ad4f7e7012","childs":null,"emcosID":null,"emcosMLID":null,"codMaketTEP":null,"codTEP":null,"WSName":"DB","rangeAddress":"$HI$224:$HI$261","headAddress":"$HI$224","bodyAddress":"$HI$225:$HI$261","_name":"код"},"основное":{"_level":2,"parentID":"507591f7-333b-47f1-a2f2-c4a52c118b6e","firstParentID":"d6d5bbe2-d126-4a59-8bbd-79754ee11491","ID":"742e9cbb-2bde-4df9-af26-749113c7bee7","childs":null,"emcosID":null,"emcosMLID":null,"codMaketTEP":null,"codTEP":null,"WSName":"DB","rangeAddress":"$HJ$224:$HJ$261","headAddress":"$HJ$224","bodyAddress":"$HJ$225:$HJ$261","_name":"основное"},"корректировка факт":{"_level":2,"parentID":"507591f7-333b-47f1-a2f2-c4a52c118b6e","firstParentID":"d6d5bbe2-d126-4a59-8bbd-79754ee11491","ID":"193f8512-de26-4a96-8db3-710cf637dddf","childs":null,"emcosID":null,"emcosMLID":null,"codMaketTEP":null,"codTEP":null,"WSName":"DB","rangeAddress":"$HK$224:$HK$261","headAddress":"$HK$224","bodyAddress":"$HK$225:$HK$261","_name":"корректировка факт"},"ручное":{"_level":2,"parentID":"507591f7-333b-47f1-a2f2-c4a52c118b6e","firstParentID":"d6d5bbe2-d126-4a59-8bbd-79754ee11491","ID":"1b6db25d-7933-4884-bdbe-9bd63a3d4f74","childs":null,"emcosID":null,"emcosMLID":null,"codMaketTEP":null,"codTEP":null,"WSName":"DB","rangeAddress":"$HL$224:$HL$261","headAddress":"$HL$224","bodyAddress":"$HL$225:$HL$261","_name":"ручное"},"оперативное":{"_level":2,"parentID":"507591f7-333b-47f1-a2f2-c4a52c118b6e","firstParentID":"d6d5bbe2-d126-4a59-8bbd-79754ee11491","ID":"a8c7d821-3e49-48c8-84c8-4f1a6a897664","childs":null,"emcosID":null,"emcosMLID":null,"codMaketTEP":null,"codTEP":null,"WSName":"DB","rangeAddress":"$HM$224:$HM$261","headAddress":"$HM$224","bodyAddress":"$HM$225:$HM$261","_name":"оперативное"}},"emcosID":null,"emcosMLID":null,"codMaketTEP":null,"codTEP":null,"WSName":"DB","rangeAddress":"$HI$223:$HM$261","headAddress":"$HI$223:$HM$223","bodyAddress":"$HI$224:$HM$261","_name":"прием"}},"emcosID":null,"emcosMLID":null,"codMaketTEP":null,"codTEP":null,"WSName":"DB","rangeAddress":"$HI$222:$HM$261","headAddress":"$HI$222:$HM$222","bodyAddress":"$HI$223:$HM$261","_name":"с.н. Текелиский ТЭЦ2 ТТЭЦ2"}},"codPlan":null,"meterCoef":null,"_name":"с.н. Текелиский ТЭЦ2 ТТЭЦ2"}