{"ID":"d9430a85-a6c9-4f26-9f72-58e664d53907","childs":{"PS":{"_level":0,"parentID":"d9430a85-a6c9-4f26-9f72-58e664d53907","firstParentID":"d9430a85-a6c9-4f26-9f72-58e664d53907","ID":"82393b6d-419f-4027-b442-f091fe971ed0","childs":{"прием":{"_level":1,"parentID":"82393b6d-419f-4027-b442-f091fe971ed0","firstParentID":"d9430a85-a6c9-4f26-9f72-58e664d53907","ID":"49817985-5196-4f1e-953c-8b4b07dd1291","childs":{"ручное":{"_level":2,"parentID":"49817985-5196-4f1e-953c-8b4b07dd1291","firstParentID":"d9430a85-a6c9-4f26-9f72-58e664d53907","ID":"b36b78dc-7615-4b47-9ae2-93a7e6118e18","childs":null,"emcosID":null,"emcosMLID":null,"codMaketTEP":null,"codTEP":null,"WSName":"PS","rangeAddress":"$KD$99:$KD$135","headAddress":"$KD$99","bodyAddress":"$KD$100:$KD$135","_name":"ручное"}},"emcosID":null,"emcosMLID":null,"codMaketTEP":null,"codTEP":null,"WSName":"PS","rangeAddress":"$KD$98:$KD$135","headAddress":"$KD$98","bodyAddress":"$KD$99:$KD$135","_name":"прием"},"отдача":{"_level":1,"parentID":"82393b6d-419f-4027-b442-f091fe971ed0","firstParentID":"d9430a85-a6c9-4f26-9f72-58e664d53907","ID":"b42efb78-22ac-4899-a1ce-43b588e43782","childs":{"ручное":{"_level":2,"parentID":"b42efb78-22ac-4899-a1ce-43b588e43782","firstParentID":"d9430a85-a6c9-4f26-9f72-58e664d53907","ID":"6c5b5ef0-a346-49be-96b0-928a6fdee1ab","childs":null,"emcosID":null,"emcosMLID":null,"codMaketTEP":null,"codTEP":null,"WSName":"PS","rangeAddress":"$KE$99:$KE$135","headAddress":"$KE$99","bodyAddress":"$KE$100:$KE$135","_name":"ручное"}},"emcosID":null,"emcosMLID":null,"codMaketTEP":null,"codTEP":null,"WSName":"PS","rangeAddress":"$KE$98:$KE$135","headAddress":"$KE$98","bodyAddress":"$KE$99:$KE$135","_name":"отдача"},"сальдо":{"_level":1,"parentID":"82393b6d-419f-4027-b442-f091fe971ed0","firstParentID":"d9430a85-a6c9-4f26-9f72-58e664d53907","ID":"e9ef1855-98a7-4e31-9185-6818158d8745","childs":{"оперативное":{"_level":2,"parentID":"e9ef1855-98a7-4e31-9185-6818158d8745","firstParentID":"d9430a85-a6c9-4f26-9f72-58e664d53907","ID":"5e520f3f-d515-4c4e-a8eb-5adb89951289","childs":null,"emcosID":null,"emcosMLID":null,"codMaketTEP":null,"codTEP":null,"WSName":"PS","rangeAddress":"$KF$99:$KF$135","headAddress":"$KF$99","bodyAddress":"$KF$100:$KF$135","_name":"оперативное"}},"emcosID":null,"emcosMLID":null,"codMaketTEP":null,"codTEP":null,"WSName":"PS","rangeAddress":"$KF$98:$KF$135","headAddress":"$KF$98","bodyAddress":"$KF$99:$KF$135","_name":"сальдо"}},"emcosID":null,"emcosMLID":null,"codMaketTEP":null,"codTEP":null,"WSName":"PS","rangeAddress":"$KD$97:$KF$135","headAddress":"$KD$97:$KF$97","bodyAddress":"$KD$98:$KF$135","_name":"Л2433 Шелек 68И"},"DB":{"_level":0,"parentID":"d9430a85-a6c9-4f26-9f72-58e664d53907","firstParentID":"d9430a85-a6c9-4f26-9f72-58e664d53907","ID":"53660903-a969-4ddc-9f00-db329061f417","childs":{"прием":{"_level":1,"parentID":"53660903-a969-4ddc-9f00-db329061f417","firstParentID":"d9430a85-a6c9-4f26-9f72-58e664d53907","ID":"b631d774-8018-43f0-bbf3-a515f03f8292","childs":{"код":{"_level":2,"parentID":"b631d774-8018-43f0-bbf3-a515f03f8292","firstParentID":"d9430a85-a6c9-4f26-9f72-58e664d53907","ID":"dca789ab-1d8d-46bf-83bc-d8e5c64db831","childs":null,"emcosID":null,"emcosMLID":null,"codMaketTEP":null,"codTEP":null,"WSName":"DB","rangeAddress":"$C$95:$C$132","headAddress":"$C$95","bodyAddress":"$C$96:$C$132","_name":"код"},"основное":{"_level":2,"parentID":"b631d774-8018-43f0-bbf3-a515f03f8292","firstParentID":"d9430a85-a6c9-4f26-9f72-58e664d53907","ID":"54798c9e-0c15-43f1-aa9e-9ce6e30fa3b7","childs":null,"emcosID":null,"emcosMLID":null,"codMaketTEP":null,"codTEP":null,"WSName":"DB","rangeAddress":"$D$95:$D$132","headAddress":"$D$95","bodyAddress":"$D$96:$D$132","_name":"основное"},"корректировка факт":{"_level":2,"parentID":"b631d774-8018-43f0-bbf3-a515f03f8292","firstParentID":"d9430a85-a6c9-4f26-9f72-58e664d53907","ID":"43fb7e95-7bda-49a1-aafc-cbaacb133ee0","childs":null,"emcosID":null,"emcosMLID":null,"codMaketTEP":null,"codTEP":null,"WSName":"DB","rangeAddress":"$E$95:$E$132","headAddress":"$E$95","bodyAddress":"$E$96:$E$132","_name":"корректировка факт"},"ручное":{"_level":2,"parentID":"b631d774-8018-43f0-bbf3-a515f03f8292","firstParentID":"d9430a85-a6c9-4f26-9f72-58e664d53907","ID":"fc874ce8-5d8a-4420-a8a2-d3f5c9e66c61","childs":null,"emcosID":null,"emcosMLID":null,"codMaketTEP":null,"codTEP":null,"WSName":"DB","rangeAddress":"$F$95:$F$132","headAddress":"$F$95","bodyAddress":"$F$96:$F$132","_name":"ручное"},"оперативное":{"_level":2,"parentID":"b631d774-8018-43f0-bbf3-a515f03f8292","firstParentID":"d9430a85-a6c9-4f26-9f72-58e664d53907","ID":"161a1747-b173-41ce-b24e-36063e500690","childs":null,"emcosID":null,"emcosMLID":null,"codMaketTEP":null,"codTEP":null,"WSName":"DB","rangeAddress":"$G$95:$G$132","headAddress":"$G$95","bodyAddress":"$G$96:$G$132","_name":"оперативное"}},"emcosID":null,"emcosMLID":null,"codMaketTEP":null,"codTEP":null,"WSName":"DB","rangeAddress":"$C$94:$G$132","headAddress":"$C$94:$G$94","bodyAddress":"$C$95:$G$132","_name":"прием"},"отдача":{"_level":1,"parentID":"53660903-a969-4ddc-9f00-db329061f417","firstParentID":"d9430a85-a6c9-4f26-9f72-58e664d53907","ID":"d6571174-6074-4eec-92a6-256aa65f9726","childs":{"код":{"_level":2,"parentID":"d6571174-6074-4eec-92a6-256aa65f9726","firstParentID":"d9430a85-a6c9-4f26-9f72-58e664d53907","ID":"0ce5d789-eee6-4f90-8fc7-26df5e196e33","childs":null,"emcosID":null,"emcosMLID":null,"codMaketTEP":null,"codTEP":null,"WSName":"DB","rangeAddress":"$H$95:$H$132","headAddress":"$H$95","bodyAddress":"$H$96:$H$132","_name":"код"},"основное":{"_level":2,"parentID":"d6571174-6074-4eec-92a6-256aa65f9726","firstParentID":"d9430a85-a6c9-4f26-9f72-58e664d53907","ID":"1b40af6b-7ce4-4d19-afbc-a6426d180ee5","childs":null,"emcosID":null,"emcosMLID":null,"codMaketTEP":null,"codTEP":null,"WSName":"DB","rangeAddress":"$I$95:$I$132","headAddress":"$I$95","bodyAddress":"$I$96:$I$132","_name":"основное"},"корректировка факт":{"_level":2,"parentID":"d6571174-6074-4eec-92a6-256aa65f9726","firstParentID":"d9430a85-a6c9-4f26-9f72-58e664d53907","ID":"3eba4a1c-d4fe-4195-b892-cedfa5b2a8ee","childs":null,"emcosID":null,"emcosMLID":null,"codMaketTEP":null,"codTEP":null,"WSName":"DB","rangeAddress":"$J$95:$J$132","headAddress":"$J$95","bodyAddress":"$J$96:$J$132","_name":"корректировка факт"},"ручное":{"_level":2,"parentID":"d6571174-6074-4eec-92a6-256aa65f9726","firstParentID":"d9430a85-a6c9-4f26-9f72-58e664d53907","ID":"6e5617a8-6f52-4d7b-92c0-c5b6b58fdde9","childs":null,"emcosID":null,"emcosMLID":null,"codMaketTEP":null,"codTEP":null,"WSName":"DB","rangeAddress":"$K$95:$K$132","headAddress":"$K$95","bodyAddress":"$K$96:$K$132","_name":"ручное"},"оперативное":{"_level":2,"parentID":"d6571174-6074-4eec-92a6-256aa65f9726","firstParentID":"d9430a85-a6c9-4f26-9f72-58e664d53907","ID":"d220a4d8-0042-4478-9b96-a8c87fc1be7c","childs":null,"emcosID":null,"emcosMLID":null,"codMaketTEP":null,"codTEP":null,"WSName":"DB","rangeAddress":"$L$95:$L$132","headAddress":"$L$95","bodyAddress":"$L$96:$L$132","_name":"оперативное"}},"emcosID":null,"emcosMLID":null,"codMaketTEP":null,"codTEP":null,"WSName":"DB","rangeAddress":"$H$94:$L$132","headAddress":"$H$94:$L$94","bodyAddress":"$H$95:$L$132","_name":"отдача"},"сальдо":{"_level":1,"parentID":"53660903-a969-4ddc-9f00-db329061f417","firstParentID":"d9430a85-a6c9-4f26-9f72-58e664d53907","ID":"8baf032a-b2f0-4b7a-a67b-cd70247a301f","childs":{"код":{"_level":2,"parentID":"8baf032a-b2f0-4b7a-a67b-cd70247a301f","firstParentID":"d9430a85-a6c9-4f26-9f72-58e664d53907","ID":"52916572-a4b2-457c-bd3e-254d64ef05f8","childs":null,"emcosID":null,"emcosMLID":null,"codMaketTEP":null,"codTEP":null,"WSName":"DB","rangeAddress":"$M$95:$M$132","headAddress":"$M$95","bodyAddress":"$M$96:$M$132","_name":"код"},"основное":{"_level":2,"parentID":"8baf032a-b2f0-4b7a-a67b-cd70247a301f","firstParentID":"d9430a85-a6c9-4f26-9f72-58e664d53907","ID":"0a304f28-c4c2-4930-9767-922fa8db7b93","childs":null,"emcosID":null,"emcosMLID":null,"codMaketTEP":null,"codTEP":null,"WSName":"DB","rangeAddress":"$N$95:$N$132","headAddress":"$N$95","bodyAddress":"$N$96:$N$132","_name":"основное"},"корректировка факт":{"_level":2,"parentID":"8baf032a-b2f0-4b7a-a67b-cd70247a301f","firstParentID":"d9430a85-a6c9-4f26-9f72-58e664d53907","ID":"109e0205-da43-412f-a61f-eab7ba0d834e","childs":null,"emcosID":null,"emcosMLID":null,"codMaketTEP":null,"codTEP":null,"WSName":"DB","rangeAddress":"$O$95:$O$132","headAddress":"$O$95","bodyAddress":"$O$96:$O$132","_name":"корректировка факт"},"ручное":{"_level":2,"parentID":"8baf032a-b2f0-4b7a-a67b-cd70247a301f","firstParentID":"d9430a85-a6c9-4f26-9f72-58e664d53907","ID":"843e8c4e-ec93-429e-85a3-4713f8f67cb5","childs":null,"emcosID":null,"emcosMLID":null,"codMaketTEP":null,"codTEP":null,"WSName":"DB","rangeAddress":"$P$95:$P$132","headAddress":"$P$95","bodyAddress":"$P$96:$P$132","_name":"ручное"},"оперативное":{"_level":2,"parentID":"8baf032a-b2f0-4b7a-a67b-cd70247a301f","firstParentID":"d9430a85-a6c9-4f26-9f72-58e664d53907","ID":"91915c97-22c7-4734-8842-86b0aef523cc","childs":null,"emcosID":null,"emcosMLID":null,"codMaketTEP":null,"codTEP":null,"WSName":"DB","rangeAddress":"$Q$95:$Q$132","headAddress":"$Q$95","bodyAddress":"$Q$96:$Q$132","_name":"оперативное"}},"emcosID":null,"emcosMLID":null,"codMaketTEP":null,"codTEP":null,"WSName":"DB","rangeAddress":"$M$94:$Q$132","headAddress":"$M$94:$Q$94","bodyAddress":"$M$95:$Q$132","_name":"сальдо"}},"emcosID":null,"emcosMLID":null,"codMaketTEP":null,"codTEP":null,"WSName":"DB","rangeAddress":"$C$93:$Q$132","headAddress":"$C$93:$Q$93","bodyAddress":"$C$94:$Q$132","_name":"Л2433 Шелек 68И"}},"codPlan":null,"meterCoef":null,"_name":"Л2433 Шелек 68И"}