{"ID":"d98ccf1f-4f6f-465c-b59e-4e65619c661b","childs":{"PS":{"_level":0,"parentID":"d98ccf1f-4f6f-465c-b59e-4e65619c661b","firstParentID":"d98ccf1f-4f6f-465c-b59e-4e65619c661b","ID":"87f4aab1-66c5-4bef-8c19-b261b8f40a85","childs":{"прием":{"_level":1,"parentID":"87f4aab1-66c5-4bef-8c19-b261b8f40a85","firstParentID":"d98ccf1f-4f6f-465c-b59e-4e65619c661b","ID":"796b1e50-538b-4f2c-a7ba-560ac3b24189","childs":{"по счетчику":{"_level":2,"parentID":"796b1e50-538b-4f2c-a7ba-560ac3b24189","firstParentID":"d98ccf1f-4f6f-465c-b59e-4e65619c661b","ID":"bd849d28-b037-47c1-b6cc-a3c12b044650","childs":null,"emcosID":null,"emcosMLID":null,"codMaketTEP":null,"codTEP":null,"WSName":"PS","rangeAddress":"$CR$56:$CR$92","headAddress":"$CR$56","bodyAddress":"$CR$57:$CR$92","_name":"по счетчику"}},"emcosID":null,"emcosMLID":null,"codMaketTEP":null,"codTEP":null,"WSName":"PS","rangeAddress":"$CR$55:$CR$92","headAddress":"$CR$55","bodyAddress":"$CR$56:$CR$92","_name":"прием"},"отдача":{"_level":1,"parentID":"87f4aab1-66c5-4bef-8c19-b261b8f40a85","firstParentID":"d98ccf1f-4f6f-465c-b59e-4e65619c661b","ID":"73b36bad-5d30-4c23-ae6f-32e2c11fa221","childs":{"по счетчику":{"_level":2,"parentID":"73b36bad-5d30-4c23-ae6f-32e2c11fa221","firstParentID":"d98ccf1f-4f6f-465c-b59e-4e65619c661b","ID":"058f93c4-a6ec-4c0d-806e-b8222d843c8d","childs":null,"emcosID":null,"emcosMLID":null,"codMaketTEP":null,"codTEP":null,"WSName":"PS","rangeAddress":"$CS$56:$CS$92","headAddress":"$CS$56","bodyAddress":"$CS$57:$CS$92","_name":"по счетчику"}},"emcosID":null,"emcosMLID":null,"codMaketTEP":null,"codTEP":null,"WSName":"PS","rangeAddress":"$CS$55:$CS$92","headAddress":"$CS$55","bodyAddress":"$CS$56:$CS$92","_name":"отдача"}},"emcosID":null,"emcosMLID":null,"codMaketTEP":null,"codTEP":null,"WSName":"PS","rangeAddress":"$CR$54:$CS$92","headAddress":"$CR$54:$CS$54","bodyAddress":"$CR$55:$CS$92","_name":"Л2013 Алматы"},"DB":{"_level":0,"parentID":"d98ccf1f-4f6f-465c-b59e-4e65619c661b","firstParentID":"d98ccf1f-4f6f-465c-b59e-4e65619c661b","ID":"143ea953-b6bc-4a85-b7d4-76de197e7659","childs":{"прием":{"_level":1,"parentID":"143ea953-b6bc-4a85-b7d4-76de197e7659","firstParentID":"d98ccf1f-4f6f-465c-b59e-4e65619c661b","ID":"04184873-3cf2-44f2-b230-4f6e40f883eb","childs":{"код":{"_level":2,"parentID":"04184873-3cf2-44f2-b230-4f6e40f883eb","firstParentID":"d98ccf1f-4f6f-465c-b59e-4e65619c661b","ID":"7fb871ca-7d69-44a1-9706-c69c9483d4bc","childs":null,"emcosID":null,"emcosMLID":null,"codMaketTEP":null,"codTEP":null,"WSName":"DB","rangeAddress":"$BD$9:$BD$46","headAddress":"$BD$9","bodyAddress":"$BD$10:$BD$46","_name":"код"},"основное":{"_level":2,"parentID":"04184873-3cf2-44f2-b230-4f6e40f883eb","firstParentID":"d98ccf1f-4f6f-465c-b59e-4e65619c661b","ID":"491994da-a2c7-43b9-9a6b-56eac7eb6999","childs":null,"emcosID":null,"emcosMLID":null,"codMaketTEP":null,"codTEP":null,"WSName":"DB","rangeAddress":"$BE$9:$BE$46","headAddress":"$BE$9","bodyAddress":"$BE$10:$BE$46","_name":"основное"},"корректировка факт":{"_level":2,"parentID":"04184873-3cf2-44f2-b230-4f6e40f883eb","firstParentID":"d98ccf1f-4f6f-465c-b59e-4e65619c661b","ID":"7c234119-d345-4bea-9752-99ca26c20c9c","childs":null,"emcosID":null,"emcosMLID":null,"codMaketTEP":null,"codTEP":null,"WSName":"DB","rangeAddress":"$BF$9:$BF$46","headAddress":"$BF$9","bodyAddress":"$BF$10:$BF$46","_name":"корректировка факт"},"ручное":{"_level":2,"parentID":"04184873-3cf2-44f2-b230-4f6e40f883eb","firstParentID":"d98ccf1f-4f6f-465c-b59e-4e65619c661b","ID":"23ab1132-977e-462a-99d0-1809ad9bce5c","childs":null,"emcosID":null,"emcosMLID":null,"codMaketTEP":null,"codTEP":null,"WSName":"DB","rangeAddress":"$BG$9:$BG$46","headAddress":"$BG$9","bodyAddress":"$BG$10:$BG$46","_name":"ручное"},"счетчик":{"_level":2,"parentID":"04184873-3cf2-44f2-b230-4f6e40f883eb","firstParentID":"d98ccf1f-4f6f-465c-b59e-4e65619c661b","ID":"b0c223e9-5ffb-4604-8ef6-16b0dfb59bea","childs":null,"emcosID":null,"emcosMLID":null,"codMaketTEP":null,"codTEP":null,"WSName":"DB","rangeAddress":"$BH$9:$BH$46","headAddress":"$BH$9","bodyAddress":"$BH$10:$BH$46","_name":"счетчик"},"по счетчику":{"_level":2,"parentID":"04184873-3cf2-44f2-b230-4f6e40f883eb","firstParentID":"d98ccf1f-4f6f-465c-b59e-4e65619c661b","ID":"3cd06791-913b-4ff2-8596-479d04ca7abe","childs":null,"emcosID":null,"emcosMLID":null,"codMaketTEP":null,"codTEP":null,"WSName":"DB","rangeAddress":"$BI$9:$BI$46","headAddress":"$BI$9","bodyAddress":"$BI$10:$BI$46","_name":"по счетчику"}},"emcosID":null,"emcosMLID":null,"codMaketTEP":null,"codTEP":null,"WSName":"DB","rangeAddress":"$BD$8:$BI$46","headAddress":"$BD$8:$BI$8","bodyAddress":"$BD$9:$BI$46","_name":"прием"},"отдача":{"_level":1,"parentID":"143ea953-b6bc-4a85-b7d4-76de197e7659","firstParentID":"d98ccf1f-4f6f-465c-b59e-4e65619c661b","ID":"a64b8e6b-f209-49a5-a43e-672298e89bce","childs":{"код":{"_level":2,"parentID":"a64b8e6b-f209-49a5-a43e-672298e89bce","firstParentID":"d98ccf1f-4f6f-465c-b59e-4e65619c661b","ID":"52352100-0abe-471f-bc81-875ab8eefb13","childs":null,"emcosID":null,"emcosMLID":null,"codMaketTEP":null,"codTEP":null,"WSName":"DB","rangeAddress":"$BJ$9:$BJ$46","headAddress":"$BJ$9","bodyAddress":"$BJ$10:$BJ$46","_name":"код"},"основное":{"_level":2,"parentID":"a64b8e6b-f209-49a5-a43e-672298e89bce","firstParentID":"d98ccf1f-4f6f-465c-b59e-4e65619c661b","ID":"a9904a91-406b-4196-83a2-f5966d605ee0","childs":null,"emcosID":null,"emcosMLID":null,"codMaketTEP":null,"codTEP":null,"WSName":"DB","rangeAddress":"$BK$9:$BK$46","headAddress":"$BK$9","bodyAddress":"$BK$10:$BK$46","_name":"основное"},"корректировка факт":{"_level":2,"parentID":"a64b8e6b-f209-49a5-a43e-672298e89bce","firstParentID":"d98ccf1f-4f6f-465c-b59e-4e65619c661b","ID":"88813926-9360-49bd-952a-ec2c3fb3a73c","childs":null,"emcosID":null,"emcosMLID":null,"codMaketTEP":null,"codTEP":null,"WSName":"DB","rangeAddress":"$BL$9:$BL$46","headAddress":"$BL$9","bodyAddress":"$BL$10:$BL$46","_name":"корректировка факт"},"ручное":{"_level":2,"parentID":"a64b8e6b-f209-49a5-a43e-672298e89bce","firstParentID":"d98ccf1f-4f6f-465c-b59e-4e65619c661b","ID":"18204df9-56b2-496b-9aae-13c4e3df77d3","childs":null,"emcosID":null,"emcosMLID":null,"codMaketTEP":null,"codTEP":null,"WSName":"DB","rangeAddress":"$BM$9:$BM$46","headAddress":"$BM$9","bodyAddress":"$BM$10:$BM$46","_name":"ручное"},"счетчик":{"_level":2,"parentID":"a64b8e6b-f209-49a5-a43e-672298e89bce","firstParentID":"d98ccf1f-4f6f-465c-b59e-4e65619c661b","ID":"9b07edcf-48d8-4f68-a15c-1adf8db61d55","childs":null,"emcosID":null,"emcosMLID":null,"codMaketTEP":null,"codTEP":null,"WSName":"DB","rangeAddress":"$BN$9:$BN$46","headAddress":"$BN$9","bodyAddress":"$BN$10:$BN$46","_name":"счетчик"},"по счетчику":{"_level":2,"parentID":"a64b8e6b-f209-49a5-a43e-672298e89bce","firstParentID":"d98ccf1f-4f6f-465c-b59e-4e65619c661b","ID":"9c26eceb-b3e0-434c-b0ba-581491ec5c2a","childs":null,"emcosID":null,"emcosMLID":null,"codMaketTEP":null,"codTEP":null,"WSName":"DB","rangeAddress":"$BO$9:$BO$46","headAddress":"$BO$9","bodyAddress":"$BO$10:$BO$46","_name":"по счетчику"}},"emcosID":null,"emcosMLID":null,"codMaketTEP":null,"codTEP":null,"WSName":"DB","rangeAddress":"$BJ$8:$BO$46","headAddress":"$BJ$8:$BO$8","bodyAddress":"$BJ$9:$BO$46","_name":"отдача"}},"emcosID":null,"emcosMLID":null,"codMaketTEP":null,"codTEP":null,"WSName":"DB","rangeAddress":"$BD$7:$BO$46","headAddress":"$BD$7:$BO$7","bodyAddress":"$BD$8:$BO$46","_name":"Л2013 Алматы"}},"codPlan":null,"meterCoef":"2200","_name":"Л2013 Алматы"}