{"ID":"d98ccf1f-4f6f-465c-b59e-4e65619c661b","childs":{"PS":{"_level":0,"parentID":"d98ccf1f-4f6f-465c-b59e-4e65619c661b","firstParentID":"d98ccf1f-4f6f-465c-b59e-4e65619c661b","ID":"87f4aab1-66c5-4bef-8c19-b261b8f40a85","childs":{"прием":{"_level":1,"parentID":"87f4aab1-66c5-4bef-8c19-b261b8f40a85","firstParentID":"d98ccf1f-4f6f-465c-b59e-4e65619c661b","ID":"796b1e50-538b-4f2c-a7ba-560ac3b24189","childs":{"по счетчику":{"_level":2,"parentID":"796b1e50-538b-4f2c-a7ba-560ac3b24189","firstParentID":"d98ccf1f-4f6f-465c-b59e-4e65619c661b","ID":"bd849d28-b037-47c1-b6cc-a3c12b044650","childs":null,"emcosID":null,"emcosMLID":null,"codMaketTEP":null,"codTEP":null,"WSName":"PS","rangeAddress":"$CY$56:$CY$92","headAddress":"$CY$56","bodyAddress":"$CY$57:$CY$92","_name":"по счетчику"}},"emcosID":null,"emcosMLID":null,"codMaketTEP":null,"codTEP":null,"WSName":"PS","rangeAddress":"$CY$55:$CY$92","headAddress":"$CY$55","bodyAddress":"$CY$56:$CY$92","_name":"прием"},"отдача":{"_level":1,"parentID":"87f4aab1-66c5-4bef-8c19-b261b8f40a85","firstParentID":"d98ccf1f-4f6f-465c-b59e-4e65619c661b","ID":"73b36bad-5d30-4c23-ae6f-32e2c11fa221","childs":{"по счетчику":{"_level":2,"parentID":"73b36bad-5d30-4c23-ae6f-32e2c11fa221","firstParentID":"d98ccf1f-4f6f-465c-b59e-4e65619c661b","ID":"058f93c4-a6ec-4c0d-806e-b8222d843c8d","childs":null,"emcosID":null,"emcosMLID":null,"codMaketTEP":null,"codTEP":null,"WSName":"PS","rangeAddress":"$CZ$56:$CZ$92","headAddress":"$CZ$56","bodyAddress":"$CZ$57:$CZ$92","_name":"по счетчику"}},"emcosID":null,"emcosMLID":null,"codMaketTEP":null,"codTEP":null,"WSName":"PS","rangeAddress":"$CZ$55:$CZ$92","headAddress":"$CZ$55","bodyAddress":"$CZ$56:$CZ$92","_name":"отдача"},"сальдо":{"_level":1,"parentID":"87f4aab1-66c5-4bef-8c19-b261b8f40a85","firstParentID":"d98ccf1f-4f6f-465c-b59e-4e65619c661b","ID":"99222f5d-9805-44bb-8eb1-27571d664682","childs":{"формула":{"_level":2,"parentID":"99222f5d-9805-44bb-8eb1-27571d664682","firstParentID":"d98ccf1f-4f6f-465c-b59e-4e65619c661b","ID":"ad4ecc06-5336-46ae-a936-84f7f4440371","childs":null,"emcosID":null,"emcosMLID":null,"codMaketTEP":null,"codTEP":null,"WSName":"PS","rangeAddress":"$DA$56:$DA$92","headAddress":"$DA$56","bodyAddress":"$DA$57:$DA$92","_name":"формула"}},"emcosID":null,"emcosMLID":null,"codMaketTEP":1352,"codTEP":null,"WSName":"PS","rangeAddress":"$DA$55:$DA$92","headAddress":"$DA$55","bodyAddress":"$DA$56:$DA$92","_name":"сальдо"}},"emcosID":null,"emcosMLID":null,"codMaketTEP":null,"codTEP":null,"WSName":"PS","rangeAddress":"$CY$54:$DA$92","headAddress":"$CY$54:$DA$54","bodyAddress":"$CY$55:$DA$92","_name":"Л2013 Алматы"},"DB":{"_level":0,"parentID":"d98ccf1f-4f6f-465c-b59e-4e65619c661b","firstParentID":"d98ccf1f-4f6f-465c-b59e-4e65619c661b","ID":"143ea953-b6bc-4a85-b7d4-76de197e7659","childs":{"прием":{"_level":1,"parentID":"143ea953-b6bc-4a85-b7d4-76de197e7659","firstParentID":"d98ccf1f-4f6f-465c-b59e-4e65619c661b","ID":"04184873-3cf2-44f2-b230-4f6e40f883eb","childs":{"код":{"_level":2,"parentID":"04184873-3cf2-44f2-b230-4f6e40f883eb","firstParentID":"d98ccf1f-4f6f-465c-b59e-4e65619c661b","ID":"7fb871ca-7d69-44a1-9706-c69c9483d4bc","childs":null,"emcosID":null,"emcosMLID":null,"codMaketTEP":null,"codTEP":null,"WSName":"DB","rangeAddress":"$BS$9:$BS$46","headAddress":"$BS$9","bodyAddress":"$BS$10:$BS$46","_name":"код"},"основное":{"_level":2,"parentID":"04184873-3cf2-44f2-b230-4f6e40f883eb","firstParentID":"d98ccf1f-4f6f-465c-b59e-4e65619c661b","ID":"491994da-a2c7-43b9-9a6b-56eac7eb6999","childs":null,"emcosID":null,"emcosMLID":null,"codMaketTEP":null,"codTEP":null,"WSName":"DB","rangeAddress":"$BT$9:$BT$46","headAddress":"$BT$9","bodyAddress":"$BT$10:$BT$46","_name":"основное"},"корректировка факт":{"_level":2,"parentID":"04184873-3cf2-44f2-b230-4f6e40f883eb","firstParentID":"d98ccf1f-4f6f-465c-b59e-4e65619c661b","ID":"7c234119-d345-4bea-9752-99ca26c20c9c","childs":null,"emcosID":null,"emcosMLID":null,"codMaketTEP":null,"codTEP":null,"WSName":"DB","rangeAddress":"$BU$9:$BU$46","headAddress":"$BU$9","bodyAddress":"$BU$10:$BU$46","_name":"корректировка факт"},"ручное":{"_level":2,"parentID":"04184873-3cf2-44f2-b230-4f6e40f883eb","firstParentID":"d98ccf1f-4f6f-465c-b59e-4e65619c661b","ID":"23ab1132-977e-462a-99d0-1809ad9bce5c","childs":null,"emcosID":null,"emcosMLID":null,"codMaketTEP":null,"codTEP":null,"WSName":"DB","rangeAddress":"$BV$9:$BV$46","headAddress":"$BV$9","bodyAddress":"$BV$10:$BV$46","_name":"ручное"},"счетчик":{"_level":2,"parentID":"04184873-3cf2-44f2-b230-4f6e40f883eb","firstParentID":"d98ccf1f-4f6f-465c-b59e-4e65619c661b","ID":"b0c223e9-5ffb-4604-8ef6-16b0dfb59bea","childs":null,"emcosID":null,"emcosMLID":null,"codMaketTEP":null,"codTEP":null,"WSName":"DB","rangeAddress":"$BW$9:$BW$46","headAddress":"$BW$9","bodyAddress":"$BW$10:$BW$46","_name":"счетчик"},"по счетчику":{"_level":2,"parentID":"04184873-3cf2-44f2-b230-4f6e40f883eb","firstParentID":"d98ccf1f-4f6f-465c-b59e-4e65619c661b","ID":"3cd06791-913b-4ff2-8596-479d04ca7abe","childs":null,"emcosID":null,"emcosMLID":null,"codMaketTEP":null,"codTEP":null,"WSName":"DB","rangeAddress":"$BX$9:$BX$46","headAddress":"$BX$9","bodyAddress":"$BX$10:$BX$46","_name":"по счетчику"}},"emcosID":null,"emcosMLID":null,"codMaketTEP":null,"codTEP":null,"WSName":"DB","rangeAddress":"$BS$8:$BX$46","headAddress":"$BS$8:$BX$8","bodyAddress":"$BS$9:$BX$46","_name":"прием"},"отдача":{"_level":1,"parentID":"143ea953-b6bc-4a85-b7d4-76de197e7659","firstParentID":"d98ccf1f-4f6f-465c-b59e-4e65619c661b","ID":"a64b8e6b-f209-49a5-a43e-672298e89bce","childs":{"код":{"_level":2,"parentID":"a64b8e6b-f209-49a5-a43e-672298e89bce","firstParentID":"d98ccf1f-4f6f-465c-b59e-4e65619c661b","ID":"52352100-0abe-471f-bc81-875ab8eefb13","childs":null,"emcosID":null,"emcosMLID":null,"codMaketTEP":null,"codTEP":null,"WSName":"DB","rangeAddress":"$BY$9:$BY$46","headAddress":"$BY$9","bodyAddress":"$BY$10:$BY$46","_name":"код"},"основное":{"_level":2,"parentID":"a64b8e6b-f209-49a5-a43e-672298e89bce","firstParentID":"d98ccf1f-4f6f-465c-b59e-4e65619c661b","ID":"a9904a91-406b-4196-83a2-f5966d605ee0","childs":null,"emcosID":null,"emcosMLID":null,"codMaketTEP":null,"codTEP":null,"WSName":"DB","rangeAddress":"$BZ$9:$BZ$46","headAddress":"$BZ$9","bodyAddress":"$BZ$10:$BZ$46","_name":"основное"},"корректировка факт":{"_level":2,"parentID":"a64b8e6b-f209-49a5-a43e-672298e89bce","firstParentID":"d98ccf1f-4f6f-465c-b59e-4e65619c661b","ID":"88813926-9360-49bd-952a-ec2c3fb3a73c","childs":null,"emcosID":null,"emcosMLID":null,"codMaketTEP":null,"codTEP":null,"WSName":"DB","rangeAddress":"$CA$9:$CA$46","headAddress":"$CA$9","bodyAddress":"$CA$10:$CA$46","_name":"корректировка факт"},"ручное":{"_level":2,"parentID":"a64b8e6b-f209-49a5-a43e-672298e89bce","firstParentID":"d98ccf1f-4f6f-465c-b59e-4e65619c661b","ID":"18204df9-56b2-496b-9aae-13c4e3df77d3","childs":null,"emcosID":null,"emcosMLID":null,"codMaketTEP":null,"codTEP":null,"WSName":"DB","rangeAddress":"$CB$9:$CB$46","headAddress":"$CB$9","bodyAddress":"$CB$10:$CB$46","_name":"ручное"},"счетчик":{"_level":2,"parentID":"a64b8e6b-f209-49a5-a43e-672298e89bce","firstParentID":"d98ccf1f-4f6f-465c-b59e-4e65619c661b","ID":"9b07edcf-48d8-4f68-a15c-1adf8db61d55","childs":null,"emcosID":null,"emcosMLID":null,"codMaketTEP":null,"codTEP":null,"WSName":"DB","rangeAddress":"$CC$9:$CC$46","headAddress":"$CC$9","bodyAddress":"$CC$10:$CC$46","_name":"счетчик"},"по счетчику":{"_level":2,"parentID":"a64b8e6b-f209-49a5-a43e-672298e89bce","firstParentID":"d98ccf1f-4f6f-465c-b59e-4e65619c661b","ID":"9c26eceb-b3e0-434c-b0ba-581491ec5c2a","childs":null,"emcosID":null,"emcosMLID":null,"codMaketTEP":null,"codTEP":null,"WSName":"DB","rangeAddress":"$CD$9:$CD$46","headAddress":"$CD$9","bodyAddress":"$CD$10:$CD$46","_name":"по счетчику"}},"emcosID":null,"emcosMLID":null,"codMaketTEP":null,"codTEP":null,"WSName":"DB","rangeAddress":"$BY$8:$CD$46","headAddress":"$BY$8:$CD$8","bodyAddress":"$BY$9:$CD$46","_name":"отдача"},"сальдо":{"_level":1,"parentID":"143ea953-b6bc-4a85-b7d4-76de197e7659","firstParentID":"d98ccf1f-4f6f-465c-b59e-4e65619c661b","ID":"e8c11ee8-d68e-4d0c-9a61-a6cc318829f5","childs":{"код":{"_level":2,"parentID":"e8c11ee8-d68e-4d0c-9a61-a6cc318829f5","firstParentID":"d98ccf1f-4f6f-465c-b59e-4e65619c661b","ID":"44fafba4-eae5-40a1-9c11-59e5aa12c4a8","childs":null,"emcosID":null,"emcosMLID":null,"codMaketTEP":null,"codTEP":null,"WSName":"DB","rangeAddress":"$CE$9:$CE$46","headAddress":"$CE$9","bodyAddress":"$CE$10:$CE$46","_name":"код"},"основное":{"_level":2,"parentID":"e8c11ee8-d68e-4d0c-9a61-a6cc318829f5","firstParentID":"d98ccf1f-4f6f-465c-b59e-4e65619c661b","ID":"bc457929-67bb-49d2-8ac7-9831e321025a","childs":null,"emcosID":null,"emcosMLID":null,"codMaketTEP":null,"codTEP":null,"WSName":"DB","rangeAddress":"$CF$9:$CF$46","headAddress":"$CF$9","bodyAddress":"$CF$10:$CF$46","_name":"основное"},"корректировка факт":{"_level":2,"parentID":"e8c11ee8-d68e-4d0c-9a61-a6cc318829f5","firstParentID":"d98ccf1f-4f6f-465c-b59e-4e65619c661b","ID":"006f4775-1c2c-4994-87f0-d7efaf375a88","childs":null,"emcosID":null,"emcosMLID":null,"codMaketTEP":null,"codTEP":null,"WSName":"DB","rangeAddress":"$CG$9:$CG$46","headAddress":"$CG$9","bodyAddress":"$CG$10:$CG$46","_name":"корректировка факт"},"ручное":{"_level":2,"parentID":"e8c11ee8-d68e-4d0c-9a61-a6cc318829f5","firstParentID":"d98ccf1f-4f6f-465c-b59e-4e65619c661b","ID":"00a5e776-b99f-480b-a35b-efa81078ccbf","childs":null,"emcosID":null,"emcosMLID":null,"codMaketTEP":null,"codTEP":null,"WSName":"DB","rangeAddress":"$CH$9:$CH$46","headAddress":"$CH$9","bodyAddress":"$CH$10:$CH$46","_name":"ручное"},"формула":{"_level":2,"parentID":"e8c11ee8-d68e-4d0c-9a61-a6cc318829f5","firstParentID":"d98ccf1f-4f6f-465c-b59e-4e65619c661b","ID":"67b48af4-80b8-4dea-9ca9-ba1629649a09","childs":null,"emcosID":null,"emcosMLID":null,"codMaketTEP":null,"codTEP":null,"WSName":"DB","rangeAddress":"$CI$9:$CI$46","headAddress":"$CI$9","bodyAddress":"$CI$10:$CI$46","_name":"формула"}},"emcosID":null,"emcosMLID":null,"codMaketTEP":null,"codTEP":null,"WSName":"DB","rangeAddress":"$CE$8:$CI$46","headAddress":"$CE$8:$CI$8","bodyAddress":"$CE$9:$CI$46","_name":"сальдо"}},"emcosID":null,"emcosMLID":null,"codMaketTEP":null,"codTEP":null,"WSName":"DB","rangeAddress":"$BS$7:$CI$46","headAddress":"$BS$7:$CI$7","bodyAddress":"$BS$8:$CI$46","_name":"Л2013 Алматы"}},"codPlan":null,"meterCoef":"2200","_name":"Л2013 Алматы"}