{"ID":"daafd634-f889-46b6-8573-f286c3b09163","childs":{"PS":{"_level":0,"parentID":"daafd634-f889-46b6-8573-f286c3b09163","firstParentID":"daafd634-f889-46b6-8573-f286c3b09163","ID":"2e7cc5cd-158b-4576-9c52-dcea1dfae824","childs":{"прием":{"_level":1,"parentID":"2e7cc5cd-158b-4576-9c52-dcea1dfae824","firstParentID":"daafd634-f889-46b6-8573-f286c3b09163","ID":"e2dd2a04-40c2-4b2f-9a16-aa4efe980219","childs":{"формула":{"_level":2,"parentID":"e2dd2a04-40c2-4b2f-9a16-aa4efe980219","firstParentID":"daafd634-f889-46b6-8573-f286c3b09163","ID":"01f952a7-2835-46d8-9bbe-7d0729a5d00a","childs":null,"emcosID":null,"emcosMLID":null,"codMaketTEP":null,"codTEP":null,"WSName":"PS","rangeAddress":"$BC$185:$BC$221","headAddress":"$BC$185","bodyAddress":"$BC$186:$BC$221","_name":"формула"}},"emcosID":null,"emcosMLID":null,"codMaketTEP":1399,"codTEP":null,"WSName":"PS","rangeAddress":"$BC$184:$BC$221","headAddress":"$BC$184","bodyAddress":"$BC$185:$BC$221","_name":"прием"}},"emcosID":null,"emcosMLID":null,"codMaketTEP":null,"codTEP":null,"WSName":"PS","rangeAddress":"$BC$183:$BC$221","headAddress":"$BC$183","bodyAddress":"$BC$184:$BC$221","_name":"Потребление ИЗА Алматы"},"DB":{"_level":0,"parentID":"daafd634-f889-46b6-8573-f286c3b09163","firstParentID":"daafd634-f889-46b6-8573-f286c3b09163","ID":"4eac9b83-a70b-4d46-bb1e-1d9341d2f279","childs":{"прием":{"_level":1,"parentID":"4eac9b83-a70b-4d46-bb1e-1d9341d2f279","firstParentID":"daafd634-f889-46b6-8573-f286c3b09163","ID":"ccd70f0a-5ebb-41d5-9ddb-bdfa573b310a","childs":{"код":{"_level":2,"parentID":"ccd70f0a-5ebb-41d5-9ddb-bdfa573b310a","firstParentID":"daafd634-f889-46b6-8573-f286c3b09163","ID":"c40f5b53-f062-420a-9f9f-6985f862afb1","childs":null,"emcosID":null,"emcosMLID":null,"codMaketTEP":null,"codTEP":null,"WSName":"DB","rangeAddress":"$DG$439:$DG$476","headAddress":"$DG$439","bodyAddress":"$DG$440:$DG$476","_name":"код"},"основное":{"_level":2,"parentID":"ccd70f0a-5ebb-41d5-9ddb-bdfa573b310a","firstParentID":"daafd634-f889-46b6-8573-f286c3b09163","ID":"973a59e4-e7d6-4c4a-a664-05cbd0dd0dcc","childs":null,"emcosID":null,"emcosMLID":null,"codMaketTEP":null,"codTEP":null,"WSName":"DB","rangeAddress":"$DH$439:$DH$476","headAddress":"$DH$439","bodyAddress":"$DH$440:$DH$476","_name":"основное"},"корректировка факт":{"_level":2,"parentID":"ccd70f0a-5ebb-41d5-9ddb-bdfa573b310a","firstParentID":"daafd634-f889-46b6-8573-f286c3b09163","ID":"2d945cf4-2084-4f32-8b39-f28b455e3fa5","childs":null,"emcosID":null,"emcosMLID":null,"codMaketTEP":null,"codTEP":null,"WSName":"DB","rangeAddress":"$DI$439:$DI$476","headAddress":"$DI$439","bodyAddress":"$DI$440:$DI$476","_name":"корректировка факт"},"ручное":{"_level":2,"parentID":"ccd70f0a-5ebb-41d5-9ddb-bdfa573b310a","firstParentID":"daafd634-f889-46b6-8573-f286c3b09163","ID":"292a5f9d-677b-43b8-ba45-97206ae2dd56","childs":null,"emcosID":null,"emcosMLID":null,"codMaketTEP":null,"codTEP":null,"WSName":"DB","rangeAddress":"$DJ$439:$DJ$476","headAddress":"$DJ$439","bodyAddress":"$DJ$440:$DJ$476","_name":"ручное"},"формула":{"_level":2,"parentID":"ccd70f0a-5ebb-41d5-9ddb-bdfa573b310a","firstParentID":"daafd634-f889-46b6-8573-f286c3b09163","ID":"a485f40f-7edf-4196-bb28-615d8e9ee4b7","childs":null,"emcosID":null,"emcosMLID":null,"codMaketTEP":null,"codTEP":null,"WSName":"DB","rangeAddress":"$DK$439:$DK$476","headAddress":"$DK$439","bodyAddress":"$DK$440:$DK$476","_name":"формула"}},"emcosID":null,"emcosMLID":null,"codMaketTEP":null,"codTEP":null,"WSName":"DB","rangeAddress":"$DG$438:$DK$476","headAddress":"$DG$438:$DK$438","bodyAddress":"$DG$439:$DK$476","_name":"прием"}},"emcosID":null,"emcosMLID":null,"codMaketTEP":null,"codTEP":null,"WSName":"DB","rangeAddress":"$DG$437:$DK$476","headAddress":"$DG$437:$DK$437","bodyAddress":"$DG$438:$DK$476","_name":"Потребление ИЗА Алматы"}},"codPlan":null,"meterCoef":null,"_name":"Потребление ИЗА Алматы"}