{"ID":"dcebb90c-54a6-436d-909a-6eee607241ea","childs":{"PS":{"_level":0,"parentID":"dcebb90c-54a6-436d-909a-6eee607241ea","firstParentID":"dcebb90c-54a6-436d-909a-6eee607241ea","ID":"54d4546f-f920-4854-8246-8165df804ff3","childs":{"отдача":{"_level":1,"parentID":"54d4546f-f920-4854-8246-8165df804ff3","firstParentID":"dcebb90c-54a6-436d-909a-6eee607241ea","ID":"4cabbdf1-e729-43e6-9f66-d6a2ab80da0c","childs":{"по счетчику":{"_level":2,"parentID":"4cabbdf1-e729-43e6-9f66-d6a2ab80da0c","firstParentID":"dcebb90c-54a6-436d-909a-6eee607241ea","ID":"5b643d64-4448-4a4e-b229-d9556d4d1563","childs":null,"emcosID":null,"emcosMLID":null,"codMaketTEP":null,"codTEP":null,"WSName":"PS","rangeAddress":"$EM$99:$EM$135","headAddress":"$EM$99","bodyAddress":"$EM$100:$EM$135","_name":"по счетчику"},"СЧЕТЧИК":{"_level":2,"parentID":"4cabbdf1-e729-43e6-9f66-d6a2ab80da0c","firstParentID":"dcebb90c-54a6-436d-909a-6eee607241ea","ID":"3b6a877f-710a-406a-a73c-801666580b47","childs":null,"emcosID":null,"emcosMLID":null,"codMaketTEP":null,"codTEP":null,"WSName":"PS","rangeAddress":"$EN$99:$EN$135","headAddress":"$EN$99","bodyAddress":"$EN$100:$EN$135","_name":"СЧЕТЧИК"}},"emcosID":null,"emcosMLID":null,"codMaketTEP":null,"codTEP":null,"WSName":"PS","rangeAddress":"$EM$98:$EN$135","headAddress":"$EM$98:$EN$98","bodyAddress":"$EM$99:$EN$135","_name":"отдача"}},"emcosID":null,"emcosMLID":null,"codMaketTEP":null,"codTEP":null,"WSName":"PS","rangeAddress":"$EM$97:$EN$135","headAddress":"$EM$97:$EN$97","bodyAddress":"$EM$98:$EN$135","_name":"КЛ11 ПС152 Талдыкорган"},"DB":{"_level":0,"parentID":"dcebb90c-54a6-436d-909a-6eee607241ea","firstParentID":"dcebb90c-54a6-436d-909a-6eee607241ea","ID":"9741da58-482a-4c42-b8ef-fc0813a7f04c","childs":{"отдача":{"_level":1,"parentID":"9741da58-482a-4c42-b8ef-fc0813a7f04c","firstParentID":"dcebb90c-54a6-436d-909a-6eee607241ea","ID":"a6d3a7f0-6889-46d3-a8b5-cb830ee2c821","childs":{"код":{"_level":2,"parentID":"a6d3a7f0-6889-46d3-a8b5-cb830ee2c821","firstParentID":"dcebb90c-54a6-436d-909a-6eee607241ea","ID":"d320c089-b322-4a80-90d4-72abefbf0b29","childs":null,"emcosID":null,"emcosMLID":null,"codMaketTEP":null,"codTEP":null,"WSName":"DB","rangeAddress":"$X$482:$X$519","headAddress":"$X$482","bodyAddress":"$X$483:$X$519","_name":"код"},"основное":{"_level":2,"parentID":"a6d3a7f0-6889-46d3-a8b5-cb830ee2c821","firstParentID":"dcebb90c-54a6-436d-909a-6eee607241ea","ID":"3f8db6dc-68cc-4647-8314-b6c140ab059d","childs":null,"emcosID":null,"emcosMLID":null,"codMaketTEP":null,"codTEP":null,"WSName":"DB","rangeAddress":"$Y$482:$Y$519","headAddress":"$Y$482","bodyAddress":"$Y$483:$Y$519","_name":"основное"},"корректировка факт":{"_level":2,"parentID":"a6d3a7f0-6889-46d3-a8b5-cb830ee2c821","firstParentID":"dcebb90c-54a6-436d-909a-6eee607241ea","ID":"283ea391-3e1c-461d-b8d5-e348d43e0b15","childs":null,"emcosID":null,"emcosMLID":null,"codMaketTEP":null,"codTEP":null,"WSName":"DB","rangeAddress":"$Z$482:$Z$519","headAddress":"$Z$482","bodyAddress":"$Z$483:$Z$519","_name":"корректировка факт"},"ручное":{"_level":2,"parentID":"a6d3a7f0-6889-46d3-a8b5-cb830ee2c821","firstParentID":"dcebb90c-54a6-436d-909a-6eee607241ea","ID":"37e79367-f1ad-449c-a90c-24030a96285f","childs":null,"emcosID":null,"emcosMLID":null,"codMaketTEP":null,"codTEP":null,"WSName":"DB","rangeAddress":"$AA$482:$AA$519","headAddress":"$AA$482","bodyAddress":"$AA$483:$AA$519","_name":"ручное"},"счетчик":{"_level":2,"parentID":"a6d3a7f0-6889-46d3-a8b5-cb830ee2c821","firstParentID":"dcebb90c-54a6-436d-909a-6eee607241ea","ID":"cfc87d41-6ba9-47ca-b3cd-e36629269778","childs":null,"emcosID":null,"emcosMLID":null,"codMaketTEP":null,"codTEP":null,"WSName":"DB","rangeAddress":"$AB$482:$AB$519","headAddress":"$AB$482","bodyAddress":"$AB$483:$AB$519","_name":"счетчик"},"по счетчику":{"_level":2,"parentID":"a6d3a7f0-6889-46d3-a8b5-cb830ee2c821","firstParentID":"dcebb90c-54a6-436d-909a-6eee607241ea","ID":"69150be0-f9cc-421f-81a9-49b53f68b6f4","childs":null,"emcosID":null,"emcosMLID":null,"codMaketTEP":null,"codTEP":null,"WSName":"DB","rangeAddress":"$AC$482:$AC$519","headAddress":"$AC$482","bodyAddress":"$AC$483:$AC$519","_name":"по счетчику"}},"emcosID":null,"emcosMLID":null,"codMaketTEP":null,"codTEP":null,"WSName":"DB","rangeAddress":"$X$481:$AC$519","headAddress":"$X$481:$AC$481","bodyAddress":"$X$482:$AC$519","_name":"отдача"}},"emcosID":null,"emcosMLID":null,"codMaketTEP":null,"codTEP":null,"WSName":"DB","rangeAddress":"$X$480:$AC$519","headAddress":"$X$480:$AC$480","bodyAddress":"$X$481:$AC$519","_name":"КЛ11 ПС152 Талдыкорган"}},"codPlan":null,"meterCoef":"3","_name":"КЛ11 ПС152 Талдыкорган"}