{"ID":"dcebb90c-54a6-436d-909a-6eee607241ea","childs":{"PS":{"_level":0,"parentID":"dcebb90c-54a6-436d-909a-6eee607241ea","firstParentID":"dcebb90c-54a6-436d-909a-6eee607241ea","ID":"54d4546f-f920-4854-8246-8165df804ff3","childs":{"отдача":{"_level":1,"parentID":"54d4546f-f920-4854-8246-8165df804ff3","firstParentID":"dcebb90c-54a6-436d-909a-6eee607241ea","ID":"4cabbdf1-e729-43e6-9f66-d6a2ab80da0c","childs":{"по счетчику":{"_level":2,"parentID":"4cabbdf1-e729-43e6-9f66-d6a2ab80da0c","firstParentID":"dcebb90c-54a6-436d-909a-6eee607241ea","ID":"5b643d64-4448-4a4e-b229-d9556d4d1563","childs":null,"emcosID":null,"emcosMLID":null,"codMaketTEP":null,"codTEP":null,"WSName":"PS","rangeAddress":"$GD$99:$GD$135","headAddress":"$GD$99","bodyAddress":"$GD$100:$GD$135","_name":"по счетчику"},"СЧЕТЧИК":{"_level":2,"parentID":"4cabbdf1-e729-43e6-9f66-d6a2ab80da0c","firstParentID":"dcebb90c-54a6-436d-909a-6eee607241ea","ID":"3b6a877f-710a-406a-a73c-801666580b47","childs":null,"emcosID":null,"emcosMLID":null,"codMaketTEP":null,"codTEP":null,"WSName":"PS","rangeAddress":"$GE$99:$GE$135","headAddress":"$GE$99","bodyAddress":"$GE$100:$GE$135","_name":"СЧЕТЧИК"}},"emcosID":null,"emcosMLID":null,"codMaketTEP":null,"codTEP":null,"WSName":"PS","rangeAddress":"$GD$98:$GE$135","headAddress":"$GD$98:$GE$98","bodyAddress":"$GD$99:$GE$135","_name":"отдача"},"прием":{"_level":1,"parentID":"54d4546f-f920-4854-8246-8165df804ff3","firstParentID":"dcebb90c-54a6-436d-909a-6eee607241ea","ID":"6e613117-0448-4f5d-8efe-1b081427a72a","childs":{"по счетчику":{"_level":2,"parentID":"6e613117-0448-4f5d-8efe-1b081427a72a","firstParentID":"dcebb90c-54a6-436d-909a-6eee607241ea","ID":"4411d658-fa95-4fc1-bdc4-637d62147496","childs":null,"emcosID":null,"emcosMLID":null,"codMaketTEP":null,"codTEP":null,"WSName":"PS","rangeAddress":"$GF$99:$GF$135","headAddress":"$GF$99","bodyAddress":"$GF$100:$GF$135","_name":"по счетчику"},"СЧЕТЧИК":{"_level":2,"parentID":"6e613117-0448-4f5d-8efe-1b081427a72a","firstParentID":"dcebb90c-54a6-436d-909a-6eee607241ea","ID":"5e8cc51c-ea96-45ec-986f-178cda247013","childs":null,"emcosID":null,"emcosMLID":null,"codMaketTEP":null,"codTEP":null,"WSName":"PS","rangeAddress":"$GG$99:$GG$135","headAddress":"$GG$99","bodyAddress":"$GG$100:$GG$135","_name":"СЧЕТЧИК"}},"emcosID":null,"emcosMLID":null,"codMaketTEP":null,"codTEP":null,"WSName":"PS","rangeAddress":"$GF$98:$GG$135","headAddress":"$GF$98:$GG$98","bodyAddress":"$GF$99:$GG$135","_name":"прием"}},"emcosID":null,"emcosMLID":null,"codMaketTEP":null,"codTEP":null,"WSName":"PS","rangeAddress":"$GD$97:$GG$135","headAddress":"$GD$97:$GG$97","bodyAddress":"$GD$98:$GG$135","_name":"КЛ11 ПС152 Талдыкорган"},"DB":{"_level":0,"parentID":"dcebb90c-54a6-436d-909a-6eee607241ea","firstParentID":"dcebb90c-54a6-436d-909a-6eee607241ea","ID":"9741da58-482a-4c42-b8ef-fc0813a7f04c","childs":{"отдача":{"_level":1,"parentID":"9741da58-482a-4c42-b8ef-fc0813a7f04c","firstParentID":"dcebb90c-54a6-436d-909a-6eee607241ea","ID":"a6d3a7f0-6889-46d3-a8b5-cb830ee2c821","childs":{"код":{"_level":2,"parentID":"a6d3a7f0-6889-46d3-a8b5-cb830ee2c821","firstParentID":"dcebb90c-54a6-436d-909a-6eee607241ea","ID":"d320c089-b322-4a80-90d4-72abefbf0b29","childs":null,"emcosID":null,"emcosMLID":null,"codMaketTEP":null,"codTEP":null,"WSName":"DB","rangeAddress":"$C$482:$C$519","headAddress":"$C$482","bodyAddress":"$C$483:$C$519","_name":"код"},"основное":{"_level":2,"parentID":"a6d3a7f0-6889-46d3-a8b5-cb830ee2c821","firstParentID":"dcebb90c-54a6-436d-909a-6eee607241ea","ID":"3f8db6dc-68cc-4647-8314-b6c140ab059d","childs":null,"emcosID":null,"emcosMLID":null,"codMaketTEP":null,"codTEP":null,"WSName":"DB","rangeAddress":"$D$482:$D$519","headAddress":"$D$482","bodyAddress":"$D$483:$D$519","_name":"основное"},"корректировка факт":{"_level":2,"parentID":"a6d3a7f0-6889-46d3-a8b5-cb830ee2c821","firstParentID":"dcebb90c-54a6-436d-909a-6eee607241ea","ID":"283ea391-3e1c-461d-b8d5-e348d43e0b15","childs":null,"emcosID":null,"emcosMLID":null,"codMaketTEP":null,"codTEP":null,"WSName":"DB","rangeAddress":"$E$482:$E$519","headAddress":"$E$482","bodyAddress":"$E$483:$E$519","_name":"корректировка факт"},"ручное":{"_level":2,"parentID":"a6d3a7f0-6889-46d3-a8b5-cb830ee2c821","firstParentID":"dcebb90c-54a6-436d-909a-6eee607241ea","ID":"37e79367-f1ad-449c-a90c-24030a96285f","childs":null,"emcosID":null,"emcosMLID":null,"codMaketTEP":null,"codTEP":null,"WSName":"DB","rangeAddress":"$F$482:$F$519","headAddress":"$F$482","bodyAddress":"$F$483:$F$519","_name":"ручное"},"счетчик":{"_level":2,"parentID":"a6d3a7f0-6889-46d3-a8b5-cb830ee2c821","firstParentID":"dcebb90c-54a6-436d-909a-6eee607241ea","ID":"cfc87d41-6ba9-47ca-b3cd-e36629269778","childs":null,"emcosID":null,"emcosMLID":null,"codMaketTEP":null,"codTEP":null,"WSName":"DB","rangeAddress":"$G$482:$G$519","headAddress":"$G$482","bodyAddress":"$G$483:$G$519","_name":"счетчик"},"по счетчику":{"_level":2,"parentID":"a6d3a7f0-6889-46d3-a8b5-cb830ee2c821","firstParentID":"dcebb90c-54a6-436d-909a-6eee607241ea","ID":"69150be0-f9cc-421f-81a9-49b53f68b6f4","childs":null,"emcosID":null,"emcosMLID":null,"codMaketTEP":null,"codTEP":null,"WSName":"DB","rangeAddress":"$H$482:$H$519","headAddress":"$H$482","bodyAddress":"$H$483:$H$519","_name":"по счетчику"}},"emcosID":null,"emcosMLID":null,"codMaketTEP":null,"codTEP":null,"WSName":"DB","rangeAddress":"$C$481:$H$519","headAddress":"$C$481:$H$481","bodyAddress":"$C$482:$H$519","_name":"отдача"},"прием":{"_level":1,"parentID":"9741da58-482a-4c42-b8ef-fc0813a7f04c","firstParentID":"dcebb90c-54a6-436d-909a-6eee607241ea","ID":"9997d623-935d-4b7a-a99e-09e3da6551df","childs":{"код":{"_level":2,"parentID":"9997d623-935d-4b7a-a99e-09e3da6551df","firstParentID":"dcebb90c-54a6-436d-909a-6eee607241ea","ID":"e25f35c0-2869-4106-9904-bd7e2fe36e2a","childs":null,"emcosID":null,"emcosMLID":null,"codMaketTEP":null,"codTEP":null,"WSName":"DB","rangeAddress":"$I$482:$I$519","headAddress":"$I$482","bodyAddress":"$I$483:$I$519","_name":"код"},"основное":{"_level":2,"parentID":"9997d623-935d-4b7a-a99e-09e3da6551df","firstParentID":"dcebb90c-54a6-436d-909a-6eee607241ea","ID":"6cefa23a-5c11-463b-9d71-5fb39dfe978b","childs":null,"emcosID":null,"emcosMLID":null,"codMaketTEP":null,"codTEP":null,"WSName":"DB","rangeAddress":"$J$482:$J$519","headAddress":"$J$482","bodyAddress":"$J$483:$J$519","_name":"основное"},"корректировка факт":{"_level":2,"parentID":"9997d623-935d-4b7a-a99e-09e3da6551df","firstParentID":"dcebb90c-54a6-436d-909a-6eee607241ea","ID":"16886ea2-dbb1-4ffc-a644-fa279089df41","childs":null,"emcosID":null,"emcosMLID":null,"codMaketTEP":null,"codTEP":null,"WSName":"DB","rangeAddress":"$K$482:$K$519","headAddress":"$K$482","bodyAddress":"$K$483:$K$519","_name":"корректировка факт"},"ручное":{"_level":2,"parentID":"9997d623-935d-4b7a-a99e-09e3da6551df","firstParentID":"dcebb90c-54a6-436d-909a-6eee607241ea","ID":"affb3755-4b28-470a-98e0-35c7f1789943","childs":null,"emcosID":null,"emcosMLID":null,"codMaketTEP":null,"codTEP":null,"WSName":"DB","rangeAddress":"$L$482:$L$519","headAddress":"$L$482","bodyAddress":"$L$483:$L$519","_name":"ручное"},"счетчик":{"_level":2,"parentID":"9997d623-935d-4b7a-a99e-09e3da6551df","firstParentID":"dcebb90c-54a6-436d-909a-6eee607241ea","ID":"e3e1f54f-5dff-4144-9788-9f8b53216a11","childs":null,"emcosID":null,"emcosMLID":null,"codMaketTEP":null,"codTEP":null,"WSName":"DB","rangeAddress":"$M$482:$M$519","headAddress":"$M$482","bodyAddress":"$M$483:$M$519","_name":"счетчик"},"по счетчику":{"_level":2,"parentID":"9997d623-935d-4b7a-a99e-09e3da6551df","firstParentID":"dcebb90c-54a6-436d-909a-6eee607241ea","ID":"8df5f732-c9ce-4d74-9b98-81c54dbd87e6","childs":null,"emcosID":null,"emcosMLID":null,"codMaketTEP":null,"codTEP":null,"WSName":"DB","rangeAddress":"$N$482:$N$519","headAddress":"$N$482","bodyAddress":"$N$483:$N$519","_name":"по счетчику"}},"emcosID":null,"emcosMLID":null,"codMaketTEP":null,"codTEP":null,"WSName":"DB","rangeAddress":"$I$481:$N$519","headAddress":"$I$481:$N$481","bodyAddress":"$I$482:$N$519","_name":"прием"}},"emcosID":null,"emcosMLID":null,"codMaketTEP":null,"codTEP":null,"WSName":"DB","rangeAddress":"$C$480:$N$519","headAddress":"$C$480:$N$480","bodyAddress":"$C$481:$N$519","_name":"КЛ11 ПС152 Талдыкорган"}},"codPlan":null,"meterCoef":"3","_name":"КЛ11 ПС152 Талдыкорган"}