{"ID":"dcebb90c-54a6-436d-909a-6eee607241ea","childs":{"PS":{"_level":0,"parentID":"dcebb90c-54a6-436d-909a-6eee607241ea","firstParentID":"dcebb90c-54a6-436d-909a-6eee607241ea","ID":"54d4546f-f920-4854-8246-8165df804ff3","childs":{"отдача":{"_level":1,"parentID":"54d4546f-f920-4854-8246-8165df804ff3","firstParentID":"dcebb90c-54a6-436d-909a-6eee607241ea","ID":"4cabbdf1-e729-43e6-9f66-d6a2ab80da0c","childs":{"по счетчику":{"_level":2,"parentID":"4cabbdf1-e729-43e6-9f66-d6a2ab80da0c","firstParentID":"dcebb90c-54a6-436d-909a-6eee607241ea","ID":"5b643d64-4448-4a4e-b229-d9556d4d1563","childs":null,"emcosID":null,"emcosMLID":null,"codMaketTEP":null,"codTEP":null,"WSName":"PS","rangeAddress":"$FX$99:$FX$135","headAddress":"$FX$99","bodyAddress":"$FX$100:$FX$135","_name":"по счетчику"},"СЧЕТЧИК":{"_level":2,"parentID":"4cabbdf1-e729-43e6-9f66-d6a2ab80da0c","firstParentID":"dcebb90c-54a6-436d-909a-6eee607241ea","ID":"3b6a877f-710a-406a-a73c-801666580b47","childs":null,"emcosID":null,"emcosMLID":null,"codMaketTEP":null,"codTEP":null,"WSName":"PS","rangeAddress":"$FY$99:$FY$135","headAddress":"$FY$99","bodyAddress":"$FY$100:$FY$135","_name":"СЧЕТЧИК"}},"emcosID":null,"emcosMLID":null,"codMaketTEP":null,"codTEP":null,"WSName":"PS","rangeAddress":"$FX$98:$FY$135","headAddress":"$FX$98:$FY$98","bodyAddress":"$FX$99:$FY$135","_name":"отдача"}},"emcosID":null,"emcosMLID":null,"codMaketTEP":null,"codTEP":null,"WSName":"PS","rangeAddress":"$FX$97:$FY$135","headAddress":"$FX$97:$FY$97","bodyAddress":"$FX$98:$FY$135","_name":"КЛ11 ПС152 Талдыкорган"},"DB":{"_level":0,"parentID":"dcebb90c-54a6-436d-909a-6eee607241ea","firstParentID":"dcebb90c-54a6-436d-909a-6eee607241ea","ID":"9741da58-482a-4c42-b8ef-fc0813a7f04c","childs":{"отдача":{"_level":1,"parentID":"9741da58-482a-4c42-b8ef-fc0813a7f04c","firstParentID":"dcebb90c-54a6-436d-909a-6eee607241ea","ID":"a6d3a7f0-6889-46d3-a8b5-cb830ee2c821","childs":{"код":{"_level":2,"parentID":"a6d3a7f0-6889-46d3-a8b5-cb830ee2c821","firstParentID":"dcebb90c-54a6-436d-909a-6eee607241ea","ID":"d320c089-b322-4a80-90d4-72abefbf0b29","childs":null,"emcosID":null,"emcosMLID":null,"codMaketTEP":null,"codTEP":null,"WSName":"DB","rangeAddress":"$C$482:$C$519","headAddress":"$C$482","bodyAddress":"$C$483:$C$519","_name":"код"},"основное":{"_level":2,"parentID":"a6d3a7f0-6889-46d3-a8b5-cb830ee2c821","firstParentID":"dcebb90c-54a6-436d-909a-6eee607241ea","ID":"3f8db6dc-68cc-4647-8314-b6c140ab059d","childs":null,"emcosID":null,"emcosMLID":null,"codMaketTEP":null,"codTEP":null,"WSName":"DB","rangeAddress":"$D$482:$D$519","headAddress":"$D$482","bodyAddress":"$D$483:$D$519","_name":"основное"},"корректировка факт":{"_level":2,"parentID":"a6d3a7f0-6889-46d3-a8b5-cb830ee2c821","firstParentID":"dcebb90c-54a6-436d-909a-6eee607241ea","ID":"283ea391-3e1c-461d-b8d5-e348d43e0b15","childs":null,"emcosID":null,"emcosMLID":null,"codMaketTEP":null,"codTEP":null,"WSName":"DB","rangeAddress":"$E$482:$E$519","headAddress":"$E$482","bodyAddress":"$E$483:$E$519","_name":"корректировка факт"},"ручное":{"_level":2,"parentID":"a6d3a7f0-6889-46d3-a8b5-cb830ee2c821","firstParentID":"dcebb90c-54a6-436d-909a-6eee607241ea","ID":"37e79367-f1ad-449c-a90c-24030a96285f","childs":null,"emcosID":null,"emcosMLID":null,"codMaketTEP":null,"codTEP":null,"WSName":"DB","rangeAddress":"$F$482:$F$519","headAddress":"$F$482","bodyAddress":"$F$483:$F$519","_name":"ручное"},"счетчик":{"_level":2,"parentID":"a6d3a7f0-6889-46d3-a8b5-cb830ee2c821","firstParentID":"dcebb90c-54a6-436d-909a-6eee607241ea","ID":"cfc87d41-6ba9-47ca-b3cd-e36629269778","childs":null,"emcosID":null,"emcosMLID":null,"codMaketTEP":null,"codTEP":null,"WSName":"DB","rangeAddress":"$G$482:$G$519","headAddress":"$G$482","bodyAddress":"$G$483:$G$519","_name":"счетчик"},"по счетчику":{"_level":2,"parentID":"a6d3a7f0-6889-46d3-a8b5-cb830ee2c821","firstParentID":"dcebb90c-54a6-436d-909a-6eee607241ea","ID":"69150be0-f9cc-421f-81a9-49b53f68b6f4","childs":null,"emcosID":null,"emcosMLID":null,"codMaketTEP":null,"codTEP":null,"WSName":"DB","rangeAddress":"$H$482:$H$519","headAddress":"$H$482","bodyAddress":"$H$483:$H$519","_name":"по счетчику"}},"emcosID":null,"emcosMLID":null,"codMaketTEP":null,"codTEP":null,"WSName":"DB","rangeAddress":"$C$481:$H$519","headAddress":"$C$481:$H$481","bodyAddress":"$C$482:$H$519","_name":"отдача"}},"emcosID":null,"emcosMLID":null,"codMaketTEP":null,"codTEP":null,"WSName":"DB","rangeAddress":"$C$480:$H$519","headAddress":"$C$480:$H$480","bodyAddress":"$C$481:$H$519","_name":"КЛ11 ПС152 Талдыкорган"}},"codPlan":null,"meterCoef":"3","_name":"КЛ11 ПС152 Талдыкорган"}