{"ID":"dd9b811d-d6d7-4fa9-a2f4-26a519ef730d","childs":{"PS":{"_level":0,"parentID":"dd9b811d-d6d7-4fa9-a2f4-26a519ef730d","firstParentID":"dd9b811d-d6d7-4fa9-a2f4-26a519ef730d","ID":"b71cb006-8b2a-4fac-a642-891187f7219d","childs":{"прием":{"_level":1,"parentID":"b71cb006-8b2a-4fac-a642-891187f7219d","firstParentID":"dd9b811d-d6d7-4fa9-a2f4-26a519ef730d","ID":"ef8bab94-c5d8-4bf3-a996-c4d485055856","childs":{"оперативное":{"_level":2,"parentID":"ef8bab94-c5d8-4bf3-a996-c4d485055856","firstParentID":"dd9b811d-d6d7-4fa9-a2f4-26a519ef730d","ID":"fd933f9b-b99d-4b1b-8abc-329b0d26d39e","childs":null,"emcosID":null,"emcosMLID":null,"codMaketTEP":null,"codTEP":null,"WSName":"PS","rangeAddress":"$IV$99:$IV$135","headAddress":"$IV$99","bodyAddress":"$IV$100:$IV$135","_name":"оперативное"}},"emcosID":null,"emcosMLID":null,"codMaketTEP":null,"codTEP":null,"WSName":"PS","rangeAddress":"$IV$98:$IV$135","headAddress":"$IV$98","bodyAddress":"$IV$99:$IV$135","_name":"прием"},"отдача":{"_level":1,"parentID":"b71cb006-8b2a-4fac-a642-891187f7219d","firstParentID":"dd9b811d-d6d7-4fa9-a2f4-26a519ef730d","ID":"ef509f34-326d-420f-9cc1-a283de554d1a","childs":{"оперативное":{"_level":2,"parentID":"ef509f34-326d-420f-9cc1-a283de554d1a","firstParentID":"dd9b811d-d6d7-4fa9-a2f4-26a519ef730d","ID":"e4a06dd6-4cc1-468c-be32-d92f48109232","childs":null,"emcosID":null,"emcosMLID":null,"codMaketTEP":null,"codTEP":null,"WSName":"PS","rangeAddress":"$IW$99:$IW$135","headAddress":"$IW$99","bodyAddress":"$IW$100:$IW$135","_name":"оперативное"}},"emcosID":null,"emcosMLID":null,"codMaketTEP":null,"codTEP":null,"WSName":"PS","rangeAddress":"$IW$98:$IW$135","headAddress":"$IW$98","bodyAddress":"$IW$99:$IW$135","_name":"отдача"}},"emcosID":null,"emcosMLID":null,"codMaketTEP":null,"codTEP":null,"WSName":"PS","rangeAddress":"$IV$97:$IW$135","headAddress":"$IV$97:$IW$97","bodyAddress":"$IV$98:$IW$135","_name":"АТ2 Шелек 68И"},"DB":{"_level":0,"parentID":"dd9b811d-d6d7-4fa9-a2f4-26a519ef730d","firstParentID":"dd9b811d-d6d7-4fa9-a2f4-26a519ef730d","ID":"f0f7cbcd-736a-499f-9252-bc4aa13c8c06","childs":{"прием":{"_level":1,"parentID":"f0f7cbcd-736a-499f-9252-bc4aa13c8c06","firstParentID":"dd9b811d-d6d7-4fa9-a2f4-26a519ef730d","ID":"b61715af-5949-45db-951f-e893d729cef4","childs":{"код":{"_level":2,"parentID":"b61715af-5949-45db-951f-e893d729cef4","firstParentID":"dd9b811d-d6d7-4fa9-a2f4-26a519ef730d","ID":"7ecc6d40-d249-4a90-818f-8a02997cbf6c","childs":null,"emcosID":null,"emcosMLID":null,"codMaketTEP":null,"codTEP":null,"WSName":"DB","rangeAddress":"$M$310:$M$347","headAddress":"$M$310","bodyAddress":"$M$311:$M$347","_name":"код"},"основное":{"_level":2,"parentID":"b61715af-5949-45db-951f-e893d729cef4","firstParentID":"dd9b811d-d6d7-4fa9-a2f4-26a519ef730d","ID":"4e3ffffb-e470-4b7c-9782-c1bd1447c7cc","childs":null,"emcosID":null,"emcosMLID":null,"codMaketTEP":null,"codTEP":null,"WSName":"DB","rangeAddress":"$N$310:$N$347","headAddress":"$N$310","bodyAddress":"$N$311:$N$347","_name":"основное"},"корректировка факт":{"_level":2,"parentID":"b61715af-5949-45db-951f-e893d729cef4","firstParentID":"dd9b811d-d6d7-4fa9-a2f4-26a519ef730d","ID":"90d13536-f47f-40a6-9f39-ac139e4c8d6b","childs":null,"emcosID":null,"emcosMLID":null,"codMaketTEP":null,"codTEP":null,"WSName":"DB","rangeAddress":"$O$310:$O$347","headAddress":"$O$310","bodyAddress":"$O$311:$O$347","_name":"корректировка факт"},"ручное":{"_level":2,"parentID":"b61715af-5949-45db-951f-e893d729cef4","firstParentID":"dd9b811d-d6d7-4fa9-a2f4-26a519ef730d","ID":"5224d3f8-b378-4d61-bc5c-ac67606d4c8c","childs":null,"emcosID":null,"emcosMLID":null,"codMaketTEP":null,"codTEP":null,"WSName":"DB","rangeAddress":"$P$310:$P$347","headAddress":"$P$310","bodyAddress":"$P$311:$P$347","_name":"ручное"},"оперативное":{"_level":2,"parentID":"b61715af-5949-45db-951f-e893d729cef4","firstParentID":"dd9b811d-d6d7-4fa9-a2f4-26a519ef730d","ID":"ad428094-c24c-4cb3-af37-8d86b94b0b5d","childs":null,"emcosID":null,"emcosMLID":null,"codMaketTEP":null,"codTEP":null,"WSName":"DB","rangeAddress":"$Q$310:$Q$347","headAddress":"$Q$310","bodyAddress":"$Q$311:$Q$347","_name":"оперативное"}},"emcosID":null,"emcosMLID":null,"codMaketTEP":null,"codTEP":null,"WSName":"DB","rangeAddress":"$M$309:$Q$347","headAddress":"$M$309:$Q$309","bodyAddress":"$M$310:$Q$347","_name":"прием"},"отдача":{"_level":1,"parentID":"f0f7cbcd-736a-499f-9252-bc4aa13c8c06","firstParentID":"dd9b811d-d6d7-4fa9-a2f4-26a519ef730d","ID":"513ec272-6acc-4bab-af99-6f97340b56f7","childs":{"код":{"_level":2,"parentID":"513ec272-6acc-4bab-af99-6f97340b56f7","firstParentID":"dd9b811d-d6d7-4fa9-a2f4-26a519ef730d","ID":"016e7e90-3053-4295-abeb-98cd46a1cad1","childs":null,"emcosID":null,"emcosMLID":null,"codMaketTEP":null,"codTEP":null,"WSName":"DB","rangeAddress":"$R$310:$R$347","headAddress":"$R$310","bodyAddress":"$R$311:$R$347","_name":"код"},"основное":{"_level":2,"parentID":"513ec272-6acc-4bab-af99-6f97340b56f7","firstParentID":"dd9b811d-d6d7-4fa9-a2f4-26a519ef730d","ID":"1fa88721-09a1-4824-97e3-c6acff367f7e","childs":null,"emcosID":null,"emcosMLID":null,"codMaketTEP":null,"codTEP":null,"WSName":"DB","rangeAddress":"$S$310:$S$347","headAddress":"$S$310","bodyAddress":"$S$311:$S$347","_name":"основное"},"корректировка факт":{"_level":2,"parentID":"513ec272-6acc-4bab-af99-6f97340b56f7","firstParentID":"dd9b811d-d6d7-4fa9-a2f4-26a519ef730d","ID":"8814644e-6977-4967-953f-ef54043a0741","childs":null,"emcosID":null,"emcosMLID":null,"codMaketTEP":null,"codTEP":null,"WSName":"DB","rangeAddress":"$T$310:$T$347","headAddress":"$T$310","bodyAddress":"$T$311:$T$347","_name":"корректировка факт"},"ручное":{"_level":2,"parentID":"513ec272-6acc-4bab-af99-6f97340b56f7","firstParentID":"dd9b811d-d6d7-4fa9-a2f4-26a519ef730d","ID":"a474071b-2921-4516-8a5e-3b4b228ff1c1","childs":null,"emcosID":null,"emcosMLID":null,"codMaketTEP":null,"codTEP":null,"WSName":"DB","rangeAddress":"$U$310:$U$347","headAddress":"$U$310","bodyAddress":"$U$311:$U$347","_name":"ручное"},"оперативное":{"_level":2,"parentID":"513ec272-6acc-4bab-af99-6f97340b56f7","firstParentID":"dd9b811d-d6d7-4fa9-a2f4-26a519ef730d","ID":"d30aa0c4-1ddb-48c4-bd1c-36fe6c58c179","childs":null,"emcosID":null,"emcosMLID":null,"codMaketTEP":null,"codTEP":null,"WSName":"DB","rangeAddress":"$V$310:$V$347","headAddress":"$V$310","bodyAddress":"$V$311:$V$347","_name":"оперативное"}},"emcosID":null,"emcosMLID":null,"codMaketTEP":null,"codTEP":null,"WSName":"DB","rangeAddress":"$R$309:$V$347","headAddress":"$R$309:$V$309","bodyAddress":"$R$310:$V$347","_name":"отдача"}},"emcosID":null,"emcosMLID":null,"codMaketTEP":null,"codTEP":null,"WSName":"DB","rangeAddress":"$M$308:$V$347","headAddress":"$M$308:$V$308","bodyAddress":"$M$309:$V$347","_name":"АТ2 Шелек 68И"}},"codPlan":null,"meterCoef":null,"_name":"АТ2 Шелек 68И"}