{"ID":"df09158a-5d8b-449d-8d93-8adb1e174bae","childs":{"PS":{"_level":0,"parentID":"df09158a-5d8b-449d-8d93-8adb1e174bae","firstParentID":"df09158a-5d8b-449d-8d93-8adb1e174bae","ID":"93ef1554-b3dc-440c-bd45-9063ac3adab8","childs":{"отдача":{"_level":1,"parentID":"93ef1554-b3dc-440c-bd45-9063ac3adab8","firstParentID":"df09158a-5d8b-449d-8d93-8adb1e174bae","ID":"84a31e60-73ca-4d57-b943-04e0cae8174a","childs":{"ручное":{"_level":2,"parentID":"84a31e60-73ca-4d57-b943-04e0cae8174a","firstParentID":"df09158a-5d8b-449d-8d93-8adb1e174bae","ID":"feaac6f4-76c6-4fee-8a85-78121e1f510e","childs":null,"emcosID":null,"emcosMLID":null,"codMaketTEP":null,"codTEP":null,"WSName":"PS","rangeAddress":"$BM$228:$BM$264","headAddress":"$BM$228","bodyAddress":"$BM$229:$BM$264","_name":"ручное"}},"emcosID":null,"emcosMLID":null,"codMaketTEP":null,"codTEP":null,"WSName":"PS","rangeAddress":"$BM$227:$BM$264","headAddress":"$BM$227","bodyAddress":"$BM$228:$BM$264","_name":"отдача"}},"emcosID":null,"emcosMLID":null,"codMaketTEP":null,"codTEP":null,"WSName":"PS","rangeAddress":"$BM$226:$BM$264","headAddress":"$BM$226","bodyAddress":"$BM$227:$BM$264","_name":"Отпуск в сеть Коринская ГЭС"},"DB":{"_level":0,"parentID":"df09158a-5d8b-449d-8d93-8adb1e174bae","firstParentID":"df09158a-5d8b-449d-8d93-8adb1e174bae","ID":"1ddd7c05-218e-41f6-b678-c9b13381ea85","childs":{"отдача":{"_level":1,"parentID":"1ddd7c05-218e-41f6-b678-c9b13381ea85","firstParentID":"df09158a-5d8b-449d-8d93-8adb1e174bae","ID":"f66e72bd-9f25-46b3-b740-f01df8cd98a0","childs":{"код":{"_level":2,"parentID":"f66e72bd-9f25-46b3-b740-f01df8cd98a0","firstParentID":"df09158a-5d8b-449d-8d93-8adb1e174bae","ID":"bdd5028d-0e33-4870-951c-da0c419139e8","childs":null,"emcosID":null,"emcosMLID":null,"codMaketTEP":null,"codTEP":null,"WSName":"DB","rangeAddress":"$EB$310:$EB$347","headAddress":"$EB$310","bodyAddress":"$EB$311:$EB$347","_name":"код"},"основное":{"_level":2,"parentID":"f66e72bd-9f25-46b3-b740-f01df8cd98a0","firstParentID":"df09158a-5d8b-449d-8d93-8adb1e174bae","ID":"13ce6aa9-cb79-4d0c-93ed-284c49feec05","childs":null,"emcosID":null,"emcosMLID":null,"codMaketTEP":null,"codTEP":null,"WSName":"DB","rangeAddress":"$EC$310:$EC$347","headAddress":"$EC$310","bodyAddress":"$EC$311:$EC$347","_name":"основное"},"корректировка факт":{"_level":2,"parentID":"f66e72bd-9f25-46b3-b740-f01df8cd98a0","firstParentID":"df09158a-5d8b-449d-8d93-8adb1e174bae","ID":"08c83f1f-75f2-477a-b5f6-d28b74fd23a2","childs":null,"emcosID":null,"emcosMLID":null,"codMaketTEP":null,"codTEP":null,"WSName":"DB","rangeAddress":"$ED$310:$ED$347","headAddress":"$ED$310","bodyAddress":"$ED$311:$ED$347","_name":"корректировка факт"},"ручное":{"_level":2,"parentID":"f66e72bd-9f25-46b3-b740-f01df8cd98a0","firstParentID":"df09158a-5d8b-449d-8d93-8adb1e174bae","ID":"a46faba3-03fe-4735-920f-c6493dd13f85","childs":null,"emcosID":null,"emcosMLID":null,"codMaketTEP":null,"codTEP":null,"WSName":"DB","rangeAddress":"$EE$310:$EE$347","headAddress":"$EE$310","bodyAddress":"$EE$311:$EE$347","_name":"ручное"}},"emcosID":null,"emcosMLID":null,"codMaketTEP":null,"codTEP":null,"WSName":"DB","rangeAddress":"$EB$309:$EE$347","headAddress":"$EB$309:$EE$309","bodyAddress":"$EB$310:$EE$347","_name":"отдача"}},"emcosID":null,"emcosMLID":null,"codMaketTEP":null,"codTEP":null,"WSName":"DB","rangeAddress":"$EB$308:$EE$347","headAddress":"$EB$308:$EE$308","bodyAddress":"$EB$309:$EE$347","_name":"Отпуск в сеть Коринская ГЭС"}},"codPlan":null,"meterCoef":null,"_name":"Отпуск в сеть Коринская ГЭС"}