{"ID":"df8fefe5-9259-4e2c-8fdd-73d6ea3a2293","childs":{"PS":{"_level":0,"parentID":"df8fefe5-9259-4e2c-8fdd-73d6ea3a2293","firstParentID":"df8fefe5-9259-4e2c-8fdd-73d6ea3a2293","ID":"90e64080-68a2-4ef4-8e1f-fb16d748d379","childs":{"прием":{"_level":1,"parentID":"90e64080-68a2-4ef4-8e1f-fb16d748d379","firstParentID":"df8fefe5-9259-4e2c-8fdd-73d6ea3a2293","ID":"ed6628b4-21fb-4aa6-b23b-e8323fc3c0be","childs":{"ручное":{"_level":2,"parentID":"ed6628b4-21fb-4aa6-b23b-e8323fc3c0be","firstParentID":"df8fefe5-9259-4e2c-8fdd-73d6ea3a2293","ID":"2cf6d083-0e2a-4d4c-9025-c34e9c1fa083","childs":null,"emcosID":null,"emcosMLID":null,"codMaketTEP":null,"codTEP":null,"WSName":"PS","rangeAddress":"$R$142:$R$178","headAddress":"$R$142","bodyAddress":"$R$143:$R$178","_name":"ручное"}},"emcosID":null,"emcosMLID":null,"codMaketTEP":null,"codTEP":null,"WSName":"PS","rangeAddress":"$R$141:$R$178","headAddress":"$R$141","bodyAddress":"$R$142:$R$178","_name":"прием"},"отдача":{"_level":1,"parentID":"90e64080-68a2-4ef4-8e1f-fb16d748d379","firstParentID":"df8fefe5-9259-4e2c-8fdd-73d6ea3a2293","ID":"c08e1d92-872e-429c-8dc5-49be44eb0faf","childs":{"ручное":{"_level":2,"parentID":"c08e1d92-872e-429c-8dc5-49be44eb0faf","firstParentID":"df8fefe5-9259-4e2c-8fdd-73d6ea3a2293","ID":"b4e23298-e9eb-410a-a919-f63555804cb2","childs":null,"emcosID":null,"emcosMLID":null,"codMaketTEP":null,"codTEP":null,"WSName":"PS","rangeAddress":"$S$142:$S$178","headAddress":"$S$142","bodyAddress":"$S$143:$S$178","_name":"ручное"}},"emcosID":null,"emcosMLID":null,"codMaketTEP":null,"codTEP":null,"WSName":"PS","rangeAddress":"$S$141:$S$178","headAddress":"$S$141","bodyAddress":"$S$142:$S$178","_name":"отдача"}},"emcosID":null,"emcosMLID":null,"codMaketTEP":null,"codTEP":null,"WSName":"PS","rangeAddress":"$R$140:$S$178","headAddress":"$R$140:$S$140","bodyAddress":"$R$141:$S$178","_name":"Л153Т ПС159Т Карабулак"},"DB":{"_level":0,"parentID":"df8fefe5-9259-4e2c-8fdd-73d6ea3a2293","firstParentID":"df8fefe5-9259-4e2c-8fdd-73d6ea3a2293","ID":"547245f9-50dd-4288-bf23-ed2843a303d2","childs":{"прием":{"_level":1,"parentID":"547245f9-50dd-4288-bf23-ed2843a303d2","firstParentID":"df8fefe5-9259-4e2c-8fdd-73d6ea3a2293","ID":"1eba1df2-f861-4873-b53e-04749b9ba2ce","childs":{"код":{"_level":2,"parentID":"1eba1df2-f861-4873-b53e-04749b9ba2ce","firstParentID":"df8fefe5-9259-4e2c-8fdd-73d6ea3a2293","ID":"8dbb624d-2936-4b48-b394-fffe3c21fce6","childs":null,"emcosID":null,"emcosMLID":null,"codMaketTEP":null,"codTEP":null,"WSName":"DB","rangeAddress":"$EG$224:$EG$261","headAddress":"$EG$224","bodyAddress":"$EG$225:$EG$261","_name":"код"},"основное":{"_level":2,"parentID":"1eba1df2-f861-4873-b53e-04749b9ba2ce","firstParentID":"df8fefe5-9259-4e2c-8fdd-73d6ea3a2293","ID":"9802174a-3c0f-485b-877e-1eb8137276d7","childs":null,"emcosID":null,"emcosMLID":null,"codMaketTEP":null,"codTEP":null,"WSName":"DB","rangeAddress":"$EH$224:$EH$261","headAddress":"$EH$224","bodyAddress":"$EH$225:$EH$261","_name":"основное"},"корректировка факт":{"_level":2,"parentID":"1eba1df2-f861-4873-b53e-04749b9ba2ce","firstParentID":"df8fefe5-9259-4e2c-8fdd-73d6ea3a2293","ID":"c7ed2516-340f-4e3a-ba07-e7630e476e8f","childs":null,"emcosID":null,"emcosMLID":null,"codMaketTEP":null,"codTEP":null,"WSName":"DB","rangeAddress":"$EI$224:$EI$261","headAddress":"$EI$224","bodyAddress":"$EI$225:$EI$261","_name":"корректировка факт"},"ручное":{"_level":2,"parentID":"1eba1df2-f861-4873-b53e-04749b9ba2ce","firstParentID":"df8fefe5-9259-4e2c-8fdd-73d6ea3a2293","ID":"1140c8f6-9fb6-4e09-a637-bda168233658","childs":null,"emcosID":null,"emcosMLID":null,"codMaketTEP":null,"codTEP":null,"WSName":"DB","rangeAddress":"$EJ$224:$EJ$261","headAddress":"$EJ$224","bodyAddress":"$EJ$225:$EJ$261","_name":"ручное"}},"emcosID":null,"emcosMLID":null,"codMaketTEP":null,"codTEP":null,"WSName":"DB","rangeAddress":"$EG$223:$EJ$261","headAddress":"$EG$223:$EJ$223","bodyAddress":"$EG$224:$EJ$261","_name":"прием"},"отдача":{"_level":1,"parentID":"547245f9-50dd-4288-bf23-ed2843a303d2","firstParentID":"df8fefe5-9259-4e2c-8fdd-73d6ea3a2293","ID":"8142d5a1-1450-40b5-a5c0-0be10d19ed13","childs":{"код":{"_level":2,"parentID":"8142d5a1-1450-40b5-a5c0-0be10d19ed13","firstParentID":"df8fefe5-9259-4e2c-8fdd-73d6ea3a2293","ID":"41eaaba2-93d7-4f97-8116-7f626f162057","childs":null,"emcosID":null,"emcosMLID":null,"codMaketTEP":null,"codTEP":null,"WSName":"DB","rangeAddress":"$EK$224:$EK$261","headAddress":"$EK$224","bodyAddress":"$EK$225:$EK$261","_name":"код"},"основное":{"_level":2,"parentID":"8142d5a1-1450-40b5-a5c0-0be10d19ed13","firstParentID":"df8fefe5-9259-4e2c-8fdd-73d6ea3a2293","ID":"c170180d-a03b-4fce-8542-b04f573b9e42","childs":null,"emcosID":null,"emcosMLID":null,"codMaketTEP":null,"codTEP":null,"WSName":"DB","rangeAddress":"$EL$224:$EL$261","headAddress":"$EL$224","bodyAddress":"$EL$225:$EL$261","_name":"основное"},"корректировка факт":{"_level":2,"parentID":"8142d5a1-1450-40b5-a5c0-0be10d19ed13","firstParentID":"df8fefe5-9259-4e2c-8fdd-73d6ea3a2293","ID":"b21885e6-2942-4bb8-ae97-9a064a79508e","childs":null,"emcosID":null,"emcosMLID":null,"codMaketTEP":null,"codTEP":null,"WSName":"DB","rangeAddress":"$EM$224:$EM$261","headAddress":"$EM$224","bodyAddress":"$EM$225:$EM$261","_name":"корректировка факт"},"ручное":{"_level":2,"parentID":"8142d5a1-1450-40b5-a5c0-0be10d19ed13","firstParentID":"df8fefe5-9259-4e2c-8fdd-73d6ea3a2293","ID":"c2e6ef1e-9de3-43f4-976e-c64f7e67c800","childs":null,"emcosID":null,"emcosMLID":null,"codMaketTEP":null,"codTEP":null,"WSName":"DB","rangeAddress":"$EN$224:$EN$261","headAddress":"$EN$224","bodyAddress":"$EN$225:$EN$261","_name":"ручное"}},"emcosID":null,"emcosMLID":null,"codMaketTEP":null,"codTEP":null,"WSName":"DB","rangeAddress":"$EK$223:$EN$261","headAddress":"$EK$223:$EN$223","bodyAddress":"$EK$224:$EN$261","_name":"отдача"}},"emcosID":null,"emcosMLID":null,"codMaketTEP":null,"codTEP":null,"WSName":"DB","rangeAddress":"$EG$222:$EN$261","headAddress":"$EG$222:$EN$222","bodyAddress":"$EG$223:$EN$261","_name":"Л153Т ПС159Т Карабулак"}},"codPlan":null,"meterCoef":null,"_name":"Л153Т ПС159Т Карабулак"}