{"ID":"df8fefe5-9259-4e2c-8fdd-73d6ea3a2293","childs":{"PS":{"_level":0,"parentID":"df8fefe5-9259-4e2c-8fdd-73d6ea3a2293","firstParentID":"df8fefe5-9259-4e2c-8fdd-73d6ea3a2293","ID":"90e64080-68a2-4ef4-8e1f-fb16d748d379","childs":{"прием":{"_level":1,"parentID":"90e64080-68a2-4ef4-8e1f-fb16d748d379","firstParentID":"df8fefe5-9259-4e2c-8fdd-73d6ea3a2293","ID":"ed6628b4-21fb-4aa6-b23b-e8323fc3c0be","childs":{"ручное":{"_level":2,"parentID":"ed6628b4-21fb-4aa6-b23b-e8323fc3c0be","firstParentID":"df8fefe5-9259-4e2c-8fdd-73d6ea3a2293","ID":"2cf6d083-0e2a-4d4c-9025-c34e9c1fa083","childs":null,"emcosID":null,"emcosMLID":null,"codMaketTEP":null,"codTEP":null,"WSName":"PS","rangeAddress":"$N$142:$N$178","headAddress":"$N$142","bodyAddress":"$N$143:$N$178","_name":"ручное"}},"emcosID":null,"emcosMLID":null,"codMaketTEP":null,"codTEP":null,"WSName":"PS","rangeAddress":"$N$141:$N$178","headAddress":"$N$141","bodyAddress":"$N$142:$N$178","_name":"прием"},"отдача":{"_level":1,"parentID":"90e64080-68a2-4ef4-8e1f-fb16d748d379","firstParentID":"df8fefe5-9259-4e2c-8fdd-73d6ea3a2293","ID":"c08e1d92-872e-429c-8dc5-49be44eb0faf","childs":{"ручное":{"_level":2,"parentID":"c08e1d92-872e-429c-8dc5-49be44eb0faf","firstParentID":"df8fefe5-9259-4e2c-8fdd-73d6ea3a2293","ID":"b4e23298-e9eb-410a-a919-f63555804cb2","childs":null,"emcosID":null,"emcosMLID":null,"codMaketTEP":null,"codTEP":null,"WSName":"PS","rangeAddress":"$O$142:$O$178","headAddress":"$O$142","bodyAddress":"$O$143:$O$178","_name":"ручное"}},"emcosID":null,"emcosMLID":null,"codMaketTEP":null,"codTEP":null,"WSName":"PS","rangeAddress":"$O$141:$O$178","headAddress":"$O$141","bodyAddress":"$O$142:$O$178","_name":"отдача"}},"emcosID":null,"emcosMLID":null,"codMaketTEP":null,"codTEP":null,"WSName":"PS","rangeAddress":"$N$140:$O$178","headAddress":"$N$140:$O$140","bodyAddress":"$N$141:$O$178","_name":"Л153Т ПС159Т Карабулак"},"DB":{"_level":0,"parentID":"df8fefe5-9259-4e2c-8fdd-73d6ea3a2293","firstParentID":"df8fefe5-9259-4e2c-8fdd-73d6ea3a2293","ID":"547245f9-50dd-4288-bf23-ed2843a303d2","childs":{"прием":{"_level":1,"parentID":"547245f9-50dd-4288-bf23-ed2843a303d2","firstParentID":"df8fefe5-9259-4e2c-8fdd-73d6ea3a2293","ID":"1eba1df2-f861-4873-b53e-04749b9ba2ce","childs":{"код":{"_level":2,"parentID":"1eba1df2-f861-4873-b53e-04749b9ba2ce","firstParentID":"df8fefe5-9259-4e2c-8fdd-73d6ea3a2293","ID":"8dbb624d-2936-4b48-b394-fffe3c21fce6","childs":null,"emcosID":null,"emcosMLID":null,"codMaketTEP":null,"codTEP":null,"WSName":"DB","rangeAddress":"$EN$224:$EN$261","headAddress":"$EN$224","bodyAddress":"$EN$225:$EN$261","_name":"код"},"основное":{"_level":2,"parentID":"1eba1df2-f861-4873-b53e-04749b9ba2ce","firstParentID":"df8fefe5-9259-4e2c-8fdd-73d6ea3a2293","ID":"9802174a-3c0f-485b-877e-1eb8137276d7","childs":null,"emcosID":null,"emcosMLID":null,"codMaketTEP":null,"codTEP":null,"WSName":"DB","rangeAddress":"$EO$224:$EO$261","headAddress":"$EO$224","bodyAddress":"$EO$225:$EO$261","_name":"основное"},"корректировка факт":{"_level":2,"parentID":"1eba1df2-f861-4873-b53e-04749b9ba2ce","firstParentID":"df8fefe5-9259-4e2c-8fdd-73d6ea3a2293","ID":"c7ed2516-340f-4e3a-ba07-e7630e476e8f","childs":null,"emcosID":null,"emcosMLID":null,"codMaketTEP":null,"codTEP":null,"WSName":"DB","rangeAddress":"$EP$224:$EP$261","headAddress":"$EP$224","bodyAddress":"$EP$225:$EP$261","_name":"корректировка факт"},"ручное":{"_level":2,"parentID":"1eba1df2-f861-4873-b53e-04749b9ba2ce","firstParentID":"df8fefe5-9259-4e2c-8fdd-73d6ea3a2293","ID":"1140c8f6-9fb6-4e09-a637-bda168233658","childs":null,"emcosID":null,"emcosMLID":null,"codMaketTEP":null,"codTEP":null,"WSName":"DB","rangeAddress":"$EQ$224:$EQ$261","headAddress":"$EQ$224","bodyAddress":"$EQ$225:$EQ$261","_name":"ручное"}},"emcosID":null,"emcosMLID":null,"codMaketTEP":null,"codTEP":null,"WSName":"DB","rangeAddress":"$EN$223:$EQ$261","headAddress":"$EN$223:$EQ$223","bodyAddress":"$EN$224:$EQ$261","_name":"прием"},"отдача":{"_level":1,"parentID":"547245f9-50dd-4288-bf23-ed2843a303d2","firstParentID":"df8fefe5-9259-4e2c-8fdd-73d6ea3a2293","ID":"8142d5a1-1450-40b5-a5c0-0be10d19ed13","childs":{"код":{"_level":2,"parentID":"8142d5a1-1450-40b5-a5c0-0be10d19ed13","firstParentID":"df8fefe5-9259-4e2c-8fdd-73d6ea3a2293","ID":"41eaaba2-93d7-4f97-8116-7f626f162057","childs":null,"emcosID":null,"emcosMLID":null,"codMaketTEP":null,"codTEP":null,"WSName":"DB","rangeAddress":"$ER$224:$ER$261","headAddress":"$ER$224","bodyAddress":"$ER$225:$ER$261","_name":"код"},"основное":{"_level":2,"parentID":"8142d5a1-1450-40b5-a5c0-0be10d19ed13","firstParentID":"df8fefe5-9259-4e2c-8fdd-73d6ea3a2293","ID":"c170180d-a03b-4fce-8542-b04f573b9e42","childs":null,"emcosID":null,"emcosMLID":null,"codMaketTEP":null,"codTEP":null,"WSName":"DB","rangeAddress":"$ES$224:$ES$261","headAddress":"$ES$224","bodyAddress":"$ES$225:$ES$261","_name":"основное"},"корректировка факт":{"_level":2,"parentID":"8142d5a1-1450-40b5-a5c0-0be10d19ed13","firstParentID":"df8fefe5-9259-4e2c-8fdd-73d6ea3a2293","ID":"b21885e6-2942-4bb8-ae97-9a064a79508e","childs":null,"emcosID":null,"emcosMLID":null,"codMaketTEP":null,"codTEP":null,"WSName":"DB","rangeAddress":"$ET$224:$ET$261","headAddress":"$ET$224","bodyAddress":"$ET$225:$ET$261","_name":"корректировка факт"},"ручное":{"_level":2,"parentID":"8142d5a1-1450-40b5-a5c0-0be10d19ed13","firstParentID":"df8fefe5-9259-4e2c-8fdd-73d6ea3a2293","ID":"c2e6ef1e-9de3-43f4-976e-c64f7e67c800","childs":null,"emcosID":null,"emcosMLID":null,"codMaketTEP":null,"codTEP":null,"WSName":"DB","rangeAddress":"$EU$224:$EU$261","headAddress":"$EU$224","bodyAddress":"$EU$225:$EU$261","_name":"ручное"}},"emcosID":null,"emcosMLID":null,"codMaketTEP":null,"codTEP":null,"WSName":"DB","rangeAddress":"$ER$223:$EU$261","headAddress":"$ER$223:$EU$223","bodyAddress":"$ER$224:$EU$261","_name":"отдача"}},"emcosID":null,"emcosMLID":null,"codMaketTEP":null,"codTEP":null,"WSName":"DB","rangeAddress":"$EN$222:$EU$261","headAddress":"$EN$222:$EU$222","bodyAddress":"$EN$223:$EU$261","_name":"Л153Т ПС159Т Карабулак"}},"codPlan":null,"meterCoef":null,"_name":"Л153Т ПС159Т Карабулак"}