{"ID":"e1e90d27-b5c3-4138-b688-77543584b167","childs":{"PS":{"_level":0,"parentID":"e1e90d27-b5c3-4138-b688-77543584b167","firstParentID":"e1e90d27-b5c3-4138-b688-77543584b167","ID":"5d95bc36-0a2e-43e0-bb7c-7a37733cbed1","childs":{"прием":{"_level":1,"parentID":"5d95bc36-0a2e-43e0-bb7c-7a37733cbed1","firstParentID":"e1e90d27-b5c3-4138-b688-77543584b167","ID":"63834f13-c1d6-441f-85a3-63c1442fc767","childs":{"формула":{"_level":2,"parentID":"63834f13-c1d6-441f-85a3-63c1442fc767","firstParentID":"e1e90d27-b5c3-4138-b688-77543584b167","ID":"33c5528b-bdca-4dfb-ab7d-7629fe248eb7","childs":null,"emcosID":null,"emcosMLID":null,"codMaketTEP":null,"codTEP":null,"WSName":"PS","rangeAddress":"$X$185:$X$221","headAddress":"$X$185","bodyAddress":"$X$186:$X$221","_name":"формула"}},"emcosID":null,"emcosMLID":null,"codMaketTEP":null,"codTEP":null,"WSName":"PS","rangeAddress":"$X$184:$X$221","headAddress":"$X$184","bodyAddress":"$X$185:$X$221","_name":"прием"}},"emcosID":null,"emcosMLID":null,"codMaketTEP":null,"codTEP":null,"WSName":"PS","rangeAddress":"$X$183:$X$221","headAddress":"$X$183","bodyAddress":"$X$184:$X$221","_name":"ДМС потери и х.н. в границах АЖК КТЖ Алматы"},"DB":{"_level":0,"parentID":"e1e90d27-b5c3-4138-b688-77543584b167","firstParentID":"e1e90d27-b5c3-4138-b688-77543584b167","ID":"4e68a41f-70e7-4201-b1dd-2f0dc55ec71a","childs":{"прием":{"_level":1,"parentID":"4e68a41f-70e7-4201-b1dd-2f0dc55ec71a","firstParentID":"e1e90d27-b5c3-4138-b688-77543584b167","ID":"f8533f97-0693-4e10-ba4f-51a4a322c439","childs":{"код":{"_level":2,"parentID":"f8533f97-0693-4e10-ba4f-51a4a322c439","firstParentID":"e1e90d27-b5c3-4138-b688-77543584b167","ID":"f03a3f83-1d20-4b34-9b3d-64512304cc77","childs":null,"emcosID":null,"emcosMLID":null,"codMaketTEP":null,"codTEP":null,"WSName":"DB","rangeAddress":"$AR$482:$AR$519","headAddress":"$AR$482","bodyAddress":"$AR$483:$AR$519","_name":"код"},"основное":{"_level":2,"parentID":"f8533f97-0693-4e10-ba4f-51a4a322c439","firstParentID":"e1e90d27-b5c3-4138-b688-77543584b167","ID":"3b4e0389-e7da-4e8b-a30d-503fdc8da9c4","childs":null,"emcosID":null,"emcosMLID":null,"codMaketTEP":null,"codTEP":null,"WSName":"DB","rangeAddress":"$AS$482:$AS$519","headAddress":"$AS$482","bodyAddress":"$AS$483:$AS$519","_name":"основное"},"корректировка факт":{"_level":2,"parentID":"f8533f97-0693-4e10-ba4f-51a4a322c439","firstParentID":"e1e90d27-b5c3-4138-b688-77543584b167","ID":"cc891909-74a1-4b0e-9f7d-b17d1c1d8b16","childs":null,"emcosID":null,"emcosMLID":null,"codMaketTEP":null,"codTEP":null,"WSName":"DB","rangeAddress":"$AT$482:$AT$519","headAddress":"$AT$482","bodyAddress":"$AT$483:$AT$519","_name":"корректировка факт"},"ручное":{"_level":2,"parentID":"f8533f97-0693-4e10-ba4f-51a4a322c439","firstParentID":"e1e90d27-b5c3-4138-b688-77543584b167","ID":"df843ad5-03e3-4ad0-aab3-d7b0e26a1cd6","childs":null,"emcosID":null,"emcosMLID":null,"codMaketTEP":null,"codTEP":null,"WSName":"DB","rangeAddress":"$AU$482:$AU$519","headAddress":"$AU$482","bodyAddress":"$AU$483:$AU$519","_name":"ручное"},"формула":{"_level":2,"parentID":"f8533f97-0693-4e10-ba4f-51a4a322c439","firstParentID":"e1e90d27-b5c3-4138-b688-77543584b167","ID":"dc6ec428-cd58-4618-b01f-11acf70ded9c","childs":null,"emcosID":null,"emcosMLID":null,"codMaketTEP":null,"codTEP":null,"WSName":"DB","rangeAddress":"$AV$482:$AV$519","headAddress":"$AV$482","bodyAddress":"$AV$483:$AV$519","_name":"формула"}},"emcosID":null,"emcosMLID":null,"codMaketTEP":null,"codTEP":null,"WSName":"DB","rangeAddress":"$AR$481:$AV$519","headAddress":"$AR$481:$AV$481","bodyAddress":"$AR$482:$AV$519","_name":"прием"}},"emcosID":null,"emcosMLID":null,"codMaketTEP":null,"codTEP":null,"WSName":"DB","rangeAddress":"$AR$480:$AV$519","headAddress":"$AR$480:$AV$480","bodyAddress":"$AR$481:$AV$519","_name":"ДМС потери и х.н. в границах АЖК КТЖ Алматы"}},"codPlan":null,"meterCoef":null,"_name":"ДМС потери и х.н. в границах АЖК КТЖ Алматы"}