{"ID":"e22d6fef-667c-4faa-a082-40010b2bfca5","childs":{"PS":{"_level":0,"parentID":"e22d6fef-667c-4faa-a082-40010b2bfca5","firstParentID":"e22d6fef-667c-4faa-a082-40010b2bfca5","ID":"0cf0bd15-ef3b-44fe-9813-7b8359714027","childs":{"прием":{"_level":1,"parentID":"0cf0bd15-ef3b-44fe-9813-7b8359714027","firstParentID":"e22d6fef-667c-4faa-a082-40010b2bfca5","ID":"03485349-8039-4709-889c-f8a18bab856f","childs":{"по счетчику":{"_level":2,"parentID":"03485349-8039-4709-889c-f8a18bab856f","firstParentID":"e22d6fef-667c-4faa-a082-40010b2bfca5","ID":"0b015ce4-fa92-4e57-88f0-91ab33d07e5c","childs":null,"emcosID":null,"emcosMLID":null,"codMaketTEP":null,"codTEP":null,"WSName":"PS","rangeAddress":"$DY$56:$DY$92","headAddress":"$DY$56","bodyAddress":"$DY$57:$DY$92","_name":"по счетчику"}},"emcosID":null,"emcosMLID":null,"codMaketTEP":null,"codTEP":null,"WSName":"PS","rangeAddress":"$DY$55:$DY$92","headAddress":"$DY$55","bodyAddress":"$DY$56:$DY$92","_name":"прием"},"отдача":{"_level":1,"parentID":"0cf0bd15-ef3b-44fe-9813-7b8359714027","firstParentID":"e22d6fef-667c-4faa-a082-40010b2bfca5","ID":"acce09f3-596b-4a60-88b2-f0323044ae60","childs":{"по счетчику":{"_level":2,"parentID":"acce09f3-596b-4a60-88b2-f0323044ae60","firstParentID":"e22d6fef-667c-4faa-a082-40010b2bfca5","ID":"918d6035-f4a9-42da-860d-82f188d3a21f","childs":null,"emcosID":null,"emcosMLID":null,"codMaketTEP":null,"codTEP":null,"WSName":"PS","rangeAddress":"$DZ$56:$DZ$92","headAddress":"$DZ$56","bodyAddress":"$DZ$57:$DZ$92","_name":"по счетчику"}},"emcosID":null,"emcosMLID":null,"codMaketTEP":null,"codTEP":null,"WSName":"PS","rangeAddress":"$DZ$55:$DZ$92","headAddress":"$DZ$55","bodyAddress":"$DZ$56:$DZ$92","_name":"отдача"}},"emcosID":null,"emcosMLID":null,"codMaketTEP":null,"codTEP":null,"WSName":"PS","rangeAddress":"$DY$54:$DZ$92","headAddress":"$DY$54:$DZ$54","bodyAddress":"$DY$55:$DZ$92","_name":"Л2113 Алма"},"DB":{"_level":0,"parentID":"e22d6fef-667c-4faa-a082-40010b2bfca5","firstParentID":"e22d6fef-667c-4faa-a082-40010b2bfca5","ID":"fca9916f-6431-4470-9ae5-0bba1e4e762b","childs":{"прием":{"_level":1,"parentID":"fca9916f-6431-4470-9ae5-0bba1e4e762b","firstParentID":"e22d6fef-667c-4faa-a082-40010b2bfca5","ID":"07dffd31-4953-4bd0-9261-8ae9085cc744","childs":{"код":{"_level":2,"parentID":"07dffd31-4953-4bd0-9261-8ae9085cc744","firstParentID":"e22d6fef-667c-4faa-a082-40010b2bfca5","ID":"a7b5d691-fa96-4009-8f0f-1fb036aeeda2","childs":null,"emcosID":null,"emcosMLID":null,"codMaketTEP":null,"codTEP":null,"WSName":"DB","rangeAddress":"$HW$52:$HW$89","headAddress":"$HW$52","bodyAddress":"$HW$53:$HW$89","_name":"код"},"основное":{"_level":2,"parentID":"07dffd31-4953-4bd0-9261-8ae9085cc744","firstParentID":"e22d6fef-667c-4faa-a082-40010b2bfca5","ID":"da994c42-9919-4256-92a3-f6bc023afccb","childs":null,"emcosID":null,"emcosMLID":null,"codMaketTEP":null,"codTEP":null,"WSName":"DB","rangeAddress":"$HX$52:$HX$89","headAddress":"$HX$52","bodyAddress":"$HX$53:$HX$89","_name":"основное"},"корректировка факт":{"_level":2,"parentID":"07dffd31-4953-4bd0-9261-8ae9085cc744","firstParentID":"e22d6fef-667c-4faa-a082-40010b2bfca5","ID":"1db45b44-e741-4dc1-a67c-c481e8e8dce2","childs":null,"emcosID":null,"emcosMLID":null,"codMaketTEP":null,"codTEP":null,"WSName":"DB","rangeAddress":"$HY$52:$HY$89","headAddress":"$HY$52","bodyAddress":"$HY$53:$HY$89","_name":"корректировка факт"},"ручное":{"_level":2,"parentID":"07dffd31-4953-4bd0-9261-8ae9085cc744","firstParentID":"e22d6fef-667c-4faa-a082-40010b2bfca5","ID":"125b4362-c9c0-4a8a-8e67-eb2097daca23","childs":null,"emcosID":null,"emcosMLID":null,"codMaketTEP":null,"codTEP":null,"WSName":"DB","rangeAddress":"$HZ$52:$HZ$89","headAddress":"$HZ$52","bodyAddress":"$HZ$53:$HZ$89","_name":"ручное"},"счетчик":{"_level":2,"parentID":"07dffd31-4953-4bd0-9261-8ae9085cc744","firstParentID":"e22d6fef-667c-4faa-a082-40010b2bfca5","ID":"f9dd0ed8-8022-42cc-b48a-4bc69714ffae","childs":null,"emcosID":null,"emcosMLID":null,"codMaketTEP":null,"codTEP":null,"WSName":"DB","rangeAddress":"$IA$52:$IA$89","headAddress":"$IA$52","bodyAddress":"$IA$53:$IA$89","_name":"счетчик"},"по счетчику":{"_level":2,"parentID":"07dffd31-4953-4bd0-9261-8ae9085cc744","firstParentID":"e22d6fef-667c-4faa-a082-40010b2bfca5","ID":"0b54ebdd-c38f-4aed-8cc6-fe730d1ae37c","childs":null,"emcosID":null,"emcosMLID":null,"codMaketTEP":null,"codTEP":null,"WSName":"DB","rangeAddress":"$IB$52:$IB$89","headAddress":"$IB$52","bodyAddress":"$IB$53:$IB$89","_name":"по счетчику"}},"emcosID":null,"emcosMLID":null,"codMaketTEP":null,"codTEP":null,"WSName":"DB","rangeAddress":"$HW$51:$IB$89","headAddress":"$HW$51:$IB$51","bodyAddress":"$HW$52:$IB$89","_name":"прием"},"отдача":{"_level":1,"parentID":"fca9916f-6431-4470-9ae5-0bba1e4e762b","firstParentID":"e22d6fef-667c-4faa-a082-40010b2bfca5","ID":"32189c9a-a344-48ad-a1b6-ec7efd88caf5","childs":{"код":{"_level":2,"parentID":"32189c9a-a344-48ad-a1b6-ec7efd88caf5","firstParentID":"e22d6fef-667c-4faa-a082-40010b2bfca5","ID":"0ec96e22-d4eb-4c5d-afb0-232f44cd2aa0","childs":null,"emcosID":null,"emcosMLID":null,"codMaketTEP":null,"codTEP":null,"WSName":"DB","rangeAddress":"$IC$52:$IC$89","headAddress":"$IC$52","bodyAddress":"$IC$53:$IC$89","_name":"код"},"основное":{"_level":2,"parentID":"32189c9a-a344-48ad-a1b6-ec7efd88caf5","firstParentID":"e22d6fef-667c-4faa-a082-40010b2bfca5","ID":"c05cf8c3-225c-48e5-bd6e-fe6987c40e3d","childs":null,"emcosID":null,"emcosMLID":null,"codMaketTEP":null,"codTEP":null,"WSName":"DB","rangeAddress":"$ID$52:$ID$89","headAddress":"$ID$52","bodyAddress":"$ID$53:$ID$89","_name":"основное"},"корректировка факт":{"_level":2,"parentID":"32189c9a-a344-48ad-a1b6-ec7efd88caf5","firstParentID":"e22d6fef-667c-4faa-a082-40010b2bfca5","ID":"75cea3f9-3b2e-4983-b124-57ab36d03ae1","childs":null,"emcosID":null,"emcosMLID":null,"codMaketTEP":null,"codTEP":null,"WSName":"DB","rangeAddress":"$IE$52:$IE$89","headAddress":"$IE$52","bodyAddress":"$IE$53:$IE$89","_name":"корректировка факт"},"ручное":{"_level":2,"parentID":"32189c9a-a344-48ad-a1b6-ec7efd88caf5","firstParentID":"e22d6fef-667c-4faa-a082-40010b2bfca5","ID":"c0dd0199-3997-4e2e-907e-d86dfc8b4796","childs":null,"emcosID":null,"emcosMLID":null,"codMaketTEP":null,"codTEP":null,"WSName":"DB","rangeAddress":"$IF$52:$IF$89","headAddress":"$IF$52","bodyAddress":"$IF$53:$IF$89","_name":"ручное"},"счетчик":{"_level":2,"parentID":"32189c9a-a344-48ad-a1b6-ec7efd88caf5","firstParentID":"e22d6fef-667c-4faa-a082-40010b2bfca5","ID":"6b0fbac9-6da7-4157-bb09-f0251c628326","childs":null,"emcosID":null,"emcosMLID":null,"codMaketTEP":null,"codTEP":null,"WSName":"DB","rangeAddress":"$IG$52:$IG$89","headAddress":"$IG$52","bodyAddress":"$IG$53:$IG$89","_name":"счетчик"},"по счетчику":{"_level":2,"parentID":"32189c9a-a344-48ad-a1b6-ec7efd88caf5","firstParentID":"e22d6fef-667c-4faa-a082-40010b2bfca5","ID":"8a50d837-4007-430b-ade8-e9fa514cb6d8","childs":null,"emcosID":null,"emcosMLID":null,"codMaketTEP":null,"codTEP":null,"WSName":"DB","rangeAddress":"$IH$52:$IH$89","headAddress":"$IH$52","bodyAddress":"$IH$53:$IH$89","_name":"по счетчику"}},"emcosID":null,"emcosMLID":null,"codMaketTEP":null,"codTEP":null,"WSName":"DB","rangeAddress":"$IC$51:$IH$89","headAddress":"$IC$51:$IH$51","bodyAddress":"$IC$52:$IH$89","_name":"отдача"}},"emcosID":null,"emcosMLID":null,"codMaketTEP":null,"codTEP":null,"WSName":"DB","rangeAddress":"$HW$50:$IH$89","headAddress":"$HW$50:$IH$50","bodyAddress":"$HW$51:$IH$89","_name":"Л2113 Алма"}},"codPlan":null,"meterCoef":"2200","_name":"Л2113 Алма"}