{"ID":"e34a02bd-c148-4a17-b485-6d2d45ad5f37","childs":{"PS":{"_level":0,"parentID":"e34a02bd-c148-4a17-b485-6d2d45ad5f37","firstParentID":"e34a02bd-c148-4a17-b485-6d2d45ad5f37","ID":"e6c532eb-bdf0-42e4-974c-cf459a7d2288","childs":{"прием":{"_level":1,"parentID":"e6c532eb-bdf0-42e4-974c-cf459a7d2288","firstParentID":"e34a02bd-c148-4a17-b485-6d2d45ad5f37","ID":"0390d0c4-bec2-451c-b8ec-26d3858687e3","childs":{"ручное":{"_level":2,"parentID":"0390d0c4-bec2-451c-b8ec-26d3858687e3","firstParentID":"e34a02bd-c148-4a17-b485-6d2d45ad5f37","ID":"cd06e3d2-f0c6-4637-8239-2c99616de027","childs":null,"emcosID":null,"emcosMLID":null,"codMaketTEP":null,"codTEP":null,"WSName":"PS","rangeAddress":"$AJ$142:$AJ$178","headAddress":"$AJ$142","bodyAddress":"$AJ$143:$AJ$178","_name":"ручное"}},"emcosID":null,"emcosMLID":null,"codMaketTEP":null,"codTEP":null,"WSName":"PS","rangeAddress":"$AJ$141:$AJ$178","headAddress":"$AJ$141","bodyAddress":"$AJ$142:$AJ$178","_name":"прием"},"отдача":{"_level":1,"parentID":"e6c532eb-bdf0-42e4-974c-cf459a7d2288","firstParentID":"e34a02bd-c148-4a17-b485-6d2d45ad5f37","ID":"489cf2c1-6b16-4ca6-9ea5-491aaf5d37df","childs":{"ручное":{"_level":2,"parentID":"489cf2c1-6b16-4ca6-9ea5-491aaf5d37df","firstParentID":"e34a02bd-c148-4a17-b485-6d2d45ad5f37","ID":"28bfeaf0-82bc-443c-8dbd-2e1f0d2edf4b","childs":null,"emcosID":null,"emcosMLID":null,"codMaketTEP":null,"codTEP":null,"WSName":"PS","rangeAddress":"$AK$142:$AK$178","headAddress":"$AK$142","bodyAddress":"$AK$143:$AK$178","_name":"ручное"}},"emcosID":null,"emcosMLID":null,"codMaketTEP":null,"codTEP":null,"WSName":"PS","rangeAddress":"$AK$141:$AK$178","headAddress":"$AK$141","bodyAddress":"$AK$142:$AK$178","_name":"отдача"}},"emcosID":null,"emcosMLID":null,"codMaketTEP":null,"codTEP":null,"WSName":"PS","rangeAddress":"$AJ$140:$AK$178","headAddress":"$AJ$140:$AK$140","bodyAddress":"$AJ$141:$AK$178","_name":"Л133А Шу 110 Тяга"},"DB":{"_level":0,"parentID":"e34a02bd-c148-4a17-b485-6d2d45ad5f37","firstParentID":"e34a02bd-c148-4a17-b485-6d2d45ad5f37","ID":"07e18d30-0bca-4504-99f1-80c52a354131","childs":{"прием":{"_level":1,"parentID":"07e18d30-0bca-4504-99f1-80c52a354131","firstParentID":"e34a02bd-c148-4a17-b485-6d2d45ad5f37","ID":"b352d3a8-69ae-42d8-9514-dccc9712b202","childs":{"код":{"_level":2,"parentID":"b352d3a8-69ae-42d8-9514-dccc9712b202","firstParentID":"e34a02bd-c148-4a17-b485-6d2d45ad5f37","ID":"b0f60b55-83d1-4b52-a577-a4cfb6884b4e","childs":null,"emcosID":null,"emcosMLID":null,"codMaketTEP":null,"codTEP":null,"WSName":"DB","rangeAddress":"$CQ$224:$CQ$261","headAddress":"$CQ$224","bodyAddress":"$CQ$225:$CQ$261","_name":"код"},"основное":{"_level":2,"parentID":"b352d3a8-69ae-42d8-9514-dccc9712b202","firstParentID":"e34a02bd-c148-4a17-b485-6d2d45ad5f37","ID":"fe4a100e-0176-47ae-919c-cb94573e8160","childs":null,"emcosID":null,"emcosMLID":null,"codMaketTEP":null,"codTEP":null,"WSName":"DB","rangeAddress":"$CR$224:$CR$261","headAddress":"$CR$224","bodyAddress":"$CR$225:$CR$261","_name":"основное"},"корректировка факт":{"_level":2,"parentID":"b352d3a8-69ae-42d8-9514-dccc9712b202","firstParentID":"e34a02bd-c148-4a17-b485-6d2d45ad5f37","ID":"742aa24f-7fd7-43d2-a1e4-3ba5ce84d573","childs":null,"emcosID":null,"emcosMLID":null,"codMaketTEP":null,"codTEP":null,"WSName":"DB","rangeAddress":"$CS$224:$CS$261","headAddress":"$CS$224","bodyAddress":"$CS$225:$CS$261","_name":"корректировка факт"},"ручное":{"_level":2,"parentID":"b352d3a8-69ae-42d8-9514-dccc9712b202","firstParentID":"e34a02bd-c148-4a17-b485-6d2d45ad5f37","ID":"098d58cb-b47f-4749-bda3-212824a4af2c","childs":null,"emcosID":null,"emcosMLID":null,"codMaketTEP":null,"codTEP":null,"WSName":"DB","rangeAddress":"$CT$224:$CT$261","headAddress":"$CT$224","bodyAddress":"$CT$225:$CT$261","_name":"ручное"}},"emcosID":null,"emcosMLID":null,"codMaketTEP":null,"codTEP":null,"WSName":"DB","rangeAddress":"$CQ$223:$CT$261","headAddress":"$CQ$223:$CT$223","bodyAddress":"$CQ$224:$CT$261","_name":"прием"},"отдача":{"_level":1,"parentID":"07e18d30-0bca-4504-99f1-80c52a354131","firstParentID":"e34a02bd-c148-4a17-b485-6d2d45ad5f37","ID":"160549fa-6638-46aa-8898-09322f8c8aa0","childs":{"код":{"_level":2,"parentID":"160549fa-6638-46aa-8898-09322f8c8aa0","firstParentID":"e34a02bd-c148-4a17-b485-6d2d45ad5f37","ID":"fb8415fc-c297-4ad4-bbfc-20680018fa21","childs":null,"emcosID":null,"emcosMLID":null,"codMaketTEP":null,"codTEP":null,"WSName":"DB","rangeAddress":"$CU$224:$CU$261","headAddress":"$CU$224","bodyAddress":"$CU$225:$CU$261","_name":"код"},"основное":{"_level":2,"parentID":"160549fa-6638-46aa-8898-09322f8c8aa0","firstParentID":"e34a02bd-c148-4a17-b485-6d2d45ad5f37","ID":"1189681a-380e-4ce3-a7d5-8eb0ab32f26c","childs":null,"emcosID":null,"emcosMLID":null,"codMaketTEP":null,"codTEP":null,"WSName":"DB","rangeAddress":"$CV$224:$CV$261","headAddress":"$CV$224","bodyAddress":"$CV$225:$CV$261","_name":"основное"},"корректировка факт":{"_level":2,"parentID":"160549fa-6638-46aa-8898-09322f8c8aa0","firstParentID":"e34a02bd-c148-4a17-b485-6d2d45ad5f37","ID":"41192d76-54fb-4beb-ac8e-0c18b476a7dd","childs":null,"emcosID":null,"emcosMLID":null,"codMaketTEP":null,"codTEP":null,"WSName":"DB","rangeAddress":"$CW$224:$CW$261","headAddress":"$CW$224","bodyAddress":"$CW$225:$CW$261","_name":"корректировка факт"},"ручное":{"_level":2,"parentID":"160549fa-6638-46aa-8898-09322f8c8aa0","firstParentID":"e34a02bd-c148-4a17-b485-6d2d45ad5f37","ID":"dd25d05f-4360-4261-98ec-5dc560284220","childs":null,"emcosID":null,"emcosMLID":null,"codMaketTEP":null,"codTEP":null,"WSName":"DB","rangeAddress":"$CX$224:$CX$261","headAddress":"$CX$224","bodyAddress":"$CX$225:$CX$261","_name":"ручное"}},"emcosID":null,"emcosMLID":null,"codMaketTEP":null,"codTEP":null,"WSName":"DB","rangeAddress":"$CU$223:$CX$261","headAddress":"$CU$223:$CX$223","bodyAddress":"$CU$224:$CX$261","_name":"отдача"}},"emcosID":null,"emcosMLID":null,"codMaketTEP":null,"codTEP":null,"WSName":"DB","rangeAddress":"$CQ$222:$CX$261","headAddress":"$CQ$222:$CX$222","bodyAddress":"$CQ$223:$CX$261","_name":"Л133А Шу 110 Тяга"}},"codPlan":null,"meterCoef":null,"_name":"Л133А Шу 110 Тяга"}