{"ID":"e3b84c83-c704-4deb-be56-bdc00140525f","childs":{"PS":{"_level":0,"parentID":"e3b84c83-c704-4deb-be56-bdc00140525f","firstParentID":"e3b84c83-c704-4deb-be56-bdc00140525f","ID":"aa039445-701b-4a42-9258-aa21f1eb3765","childs":{"отдача":{"_level":1,"parentID":"aa039445-701b-4a42-9258-aa21f1eb3765","firstParentID":"e3b84c83-c704-4deb-be56-bdc00140525f","ID":"3c16152c-889b-4839-b1b5-63f934c3cf91","childs":{"оперативное":{"_level":2,"parentID":"3c16152c-889b-4839-b1b5-63f934c3cf91","firstParentID":"e3b84c83-c704-4deb-be56-bdc00140525f","ID":"fe64caae-92e9-44ce-92fd-a72f1a03e35f","childs":null,"emcosID":null,"emcosMLID":null,"codMaketTEP":null,"codTEP":null,"WSName":"PS","rangeAddress":"$DI$185:$DI$221","headAddress":"$DI$185","bodyAddress":"$DI$186:$DI$221","_name":"оперативное"}},"emcosID":null,"emcosMLID":null,"codMaketTEP":null,"codTEP":null,"WSName":"PS","rangeAddress":"$DI$184:$DI$221","headAddress":"$DI$184","bodyAddress":"$DI$185:$DI$221","_name":"отдача"}},"emcosID":null,"emcosMLID":null,"codMaketTEP":null,"codTEP":null,"WSName":"PS","rangeAddress":"$DI$183:$DI$221","headAddress":"$DI$183","bodyAddress":"$DI$184:$DI$221","_name":"Генерация EC ENERGY Qazaqstan"},"DB":{"_level":0,"parentID":"e3b84c83-c704-4deb-be56-bdc00140525f","firstParentID":"e3b84c83-c704-4deb-be56-bdc00140525f","ID":"9971d7e8-07c1-4368-b010-270e857de5f7","childs":{"отдача":{"_level":1,"parentID":"9971d7e8-07c1-4368-b010-270e857de5f7","firstParentID":"e3b84c83-c704-4deb-be56-bdc00140525f","ID":"5bee16ce-8ddd-4169-84e1-ff5788564b6e","childs":{"код":{"_level":2,"parentID":"5bee16ce-8ddd-4169-84e1-ff5788564b6e","firstParentID":"e3b84c83-c704-4deb-be56-bdc00140525f","ID":"762e5579-7141-4b08-88a8-4f31c1f47037","childs":null,"emcosID":null,"emcosMLID":null,"codMaketTEP":null,"codTEP":null,"WSName":"DB","rangeAddress":"$FO$267:$FO$304","headAddress":"$FO$267","bodyAddress":"$FO$268:$FO$304","_name":"код"},"основное":{"_level":2,"parentID":"5bee16ce-8ddd-4169-84e1-ff5788564b6e","firstParentID":"e3b84c83-c704-4deb-be56-bdc00140525f","ID":"c9ef05f2-7eea-4609-82b1-4bfa4057c760","childs":null,"emcosID":null,"emcosMLID":null,"codMaketTEP":null,"codTEP":null,"WSName":"DB","rangeAddress":"$FP$267:$FP$304","headAddress":"$FP$267","bodyAddress":"$FP$268:$FP$304","_name":"основное"},"корректировка факт":{"_level":2,"parentID":"5bee16ce-8ddd-4169-84e1-ff5788564b6e","firstParentID":"e3b84c83-c704-4deb-be56-bdc00140525f","ID":"fa170e34-af3e-45f1-ae05-b4f987158065","childs":null,"emcosID":null,"emcosMLID":null,"codMaketTEP":null,"codTEP":null,"WSName":"DB","rangeAddress":"$FQ$267:$FQ$304","headAddress":"$FQ$267","bodyAddress":"$FQ$268:$FQ$304","_name":"корректировка факт"},"ручное":{"_level":2,"parentID":"5bee16ce-8ddd-4169-84e1-ff5788564b6e","firstParentID":"e3b84c83-c704-4deb-be56-bdc00140525f","ID":"a8f2ca51-e57f-420e-97e7-dbd013c1c888","childs":null,"emcosID":null,"emcosMLID":null,"codMaketTEP":null,"codTEP":null,"WSName":"DB","rangeAddress":"$FR$267:$FR$304","headAddress":"$FR$267","bodyAddress":"$FR$268:$FR$304","_name":"ручное"},"оперативное":{"_level":2,"parentID":"5bee16ce-8ddd-4169-84e1-ff5788564b6e","firstParentID":"e3b84c83-c704-4deb-be56-bdc00140525f","ID":"f453612a-e90f-48e4-91c7-9feea4f1980a","childs":null,"emcosID":null,"emcosMLID":null,"codMaketTEP":null,"codTEP":null,"WSName":"DB","rangeAddress":"$FS$267:$FS$304","headAddress":"$FS$267","bodyAddress":"$FS$268:$FS$304","_name":"оперативное"}},"emcosID":null,"emcosMLID":null,"codMaketTEP":null,"codTEP":null,"WSName":"DB","rangeAddress":"$FO$266:$FS$304","headAddress":"$FO$266:$FS$266","bodyAddress":"$FO$267:$FS$304","_name":"отдача"}},"emcosID":null,"emcosMLID":null,"codMaketTEP":null,"codTEP":null,"WSName":"DB","rangeAddress":"$FO$265:$FS$304","headAddress":"$FO$265:$FS$265","bodyAddress":"$FO$266:$FS$304","_name":"Генерация EC ENERGY Qazaqstan"}},"codPlan":null,"meterCoef":null,"_name":"Генерация EC ENERGY Qazaqstan"}