{"ID":"e4378b72-46a1-4388-a2bf-8b09fc8a1aa0","childs":{"PS":{"_level":0,"parentID":"e4378b72-46a1-4388-a2bf-8b09fc8a1aa0","firstParentID":"e4378b72-46a1-4388-a2bf-8b09fc8a1aa0","ID":"c703cc62-f600-4729-acdc-5eb73de995ba","childs":{"прием":{"_level":1,"parentID":"c703cc62-f600-4729-acdc-5eb73de995ba","firstParentID":"e4378b72-46a1-4388-a2bf-8b09fc8a1aa0","ID":"77b6026c-7c82-4d55-bda2-8b68238763b3","childs":{"ручное":{"_level":2,"parentID":"77b6026c-7c82-4d55-bda2-8b68238763b3","firstParentID":"e4378b72-46a1-4388-a2bf-8b09fc8a1aa0","ID":"6a04a328-6562-4917-87a1-8a5153d3b72a","childs":null,"emcosID":null,"emcosMLID":null,"codMaketTEP":null,"codTEP":null,"WSName":"PS","rangeAddress":"$AT$228:$AT$264","headAddress":"$AT$228","bodyAddress":"$AT$229:$AT$264","_name":"ручное"}},"emcosID":null,"emcosMLID":null,"codMaketTEP":1432,"codTEP":null,"WSName":"PS","rangeAddress":"$AT$227:$AT$264","headAddress":"$AT$227","bodyAddress":"$AT$228:$AT$264","_name":"прием"}},"emcosID":null,"emcosMLID":null,"codMaketTEP":null,"codTEP":null,"WSName":"PS","rangeAddress":"$AT$226:$AT$264","headAddress":"$AT$226","bodyAddress":"$AT$227:$AT$264","_name":"Потребление Югэнергоимпульс Жетысу"},"DB":{"_level":0,"parentID":"e4378b72-46a1-4388-a2bf-8b09fc8a1aa0","firstParentID":"e4378b72-46a1-4388-a2bf-8b09fc8a1aa0","ID":"62819a9b-2404-418d-887e-5e16ff76b886","childs":{"прием":{"_level":1,"parentID":"62819a9b-2404-418d-887e-5e16ff76b886","firstParentID":"e4378b72-46a1-4388-a2bf-8b09fc8a1aa0","ID":"6652c09a-e27b-4c37-8087-fbc48dddf1b9","childs":{"код":{"_level":2,"parentID":"6652c09a-e27b-4c37-8087-fbc48dddf1b9","firstParentID":"e4378b72-46a1-4388-a2bf-8b09fc8a1aa0","ID":"20198e2b-c2e6-4566-8d1a-00e4dfc0b152","childs":null,"emcosID":null,"emcosMLID":null,"codMaketTEP":null,"codTEP":null,"WSName":"DB","rangeAddress":"$I$439:$I$476","headAddress":"$I$439","bodyAddress":"$I$440:$I$476","_name":"код"},"основное":{"_level":2,"parentID":"6652c09a-e27b-4c37-8087-fbc48dddf1b9","firstParentID":"e4378b72-46a1-4388-a2bf-8b09fc8a1aa0","ID":"0b37bd38-424b-4d38-822c-7db4bc6c2eda","childs":null,"emcosID":null,"emcosMLID":null,"codMaketTEP":null,"codTEP":null,"WSName":"DB","rangeAddress":"$J$439:$J$476","headAddress":"$J$439","bodyAddress":"$J$440:$J$476","_name":"основное"},"корректировка факт":{"_level":2,"parentID":"6652c09a-e27b-4c37-8087-fbc48dddf1b9","firstParentID":"e4378b72-46a1-4388-a2bf-8b09fc8a1aa0","ID":"526e7a5a-ba75-4da2-a85a-ec7389f5d9da","childs":null,"emcosID":null,"emcosMLID":null,"codMaketTEP":null,"codTEP":null,"WSName":"DB","rangeAddress":"$K$439:$K$476","headAddress":"$K$439","bodyAddress":"$K$440:$K$476","_name":"корректировка факт"},"ручное":{"_level":2,"parentID":"6652c09a-e27b-4c37-8087-fbc48dddf1b9","firstParentID":"e4378b72-46a1-4388-a2bf-8b09fc8a1aa0","ID":"85b4cc61-f452-4f11-9507-83f049379457","childs":null,"emcosID":null,"emcosMLID":null,"codMaketTEP":null,"codTEP":null,"WSName":"DB","rangeAddress":"$L$439:$L$476","headAddress":"$L$439","bodyAddress":"$L$440:$L$476","_name":"ручное"}},"emcosID":null,"emcosMLID":null,"codMaketTEP":null,"codTEP":null,"WSName":"DB","rangeAddress":"$I$438:$L$476","headAddress":"$I$438:$L$438","bodyAddress":"$I$439:$L$476","_name":"прием"}},"emcosID":null,"emcosMLID":null,"codMaketTEP":null,"codTEP":null,"WSName":"DB","rangeAddress":"$I$437:$L$476","headAddress":"$I$437:$L$437","bodyAddress":"$I$438:$L$476","_name":"Потребление Югэнергоимпульс Жетысу"}},"codPlan":null,"meterCoef":null,"_name":"Потребление Югэнергоимпульс Жетысу"}