{"ID":"e43c45be-03f5-46a9-824e-cb6ac33f4e0e","childs":{"PS":{"_level":0,"parentID":"e43c45be-03f5-46a9-824e-cb6ac33f4e0e","firstParentID":"e43c45be-03f5-46a9-824e-cb6ac33f4e0e","ID":"85c76d14-4838-4dd5-9a24-61532ee1c65b","childs":{"прием":{"_level":1,"parentID":"85c76d14-4838-4dd5-9a24-61532ee1c65b","firstParentID":"e43c45be-03f5-46a9-824e-cb6ac33f4e0e","ID":"876b2440-7f2f-42b8-a28f-d961c455e44d","childs":{"по счетчику":{"_level":2,"parentID":"876b2440-7f2f-42b8-a28f-d961c455e44d","firstParentID":"e43c45be-03f5-46a9-824e-cb6ac33f4e0e","ID":"d52855c0-93bf-4f07-bc69-6b308c926399","childs":null,"emcosID":null,"emcosMLID":null,"codMaketTEP":null,"codTEP":null,"WSName":"PS","rangeAddress":"$AI$99:$AI$135","headAddress":"$AI$99","bodyAddress":"$AI$100:$AI$135","_name":"по счетчику"},"СЧЕТЧИК":{"_level":2,"parentID":"876b2440-7f2f-42b8-a28f-d961c455e44d","firstParentID":"e43c45be-03f5-46a9-824e-cb6ac33f4e0e","ID":"1a7603e0-3d9c-47fe-a10f-4206ddbc0cdd","childs":null,"emcosID":null,"emcosMLID":null,"codMaketTEP":null,"codTEP":null,"WSName":"PS","rangeAddress":"$AJ$99:$AJ$135","headAddress":"$AJ$99","bodyAddress":"$AJ$100:$AJ$135","_name":"СЧЕТЧИК"}},"emcosID":null,"emcosMLID":null,"codMaketTEP":null,"codTEP":null,"WSName":"PS","rangeAddress":"$AI$98:$AJ$135","headAddress":"$AI$98:$AJ$98","bodyAddress":"$AI$99:$AJ$135","_name":"прием"}},"emcosID":null,"emcosMLID":null,"codMaketTEP":null,"codTEP":null,"WSName":"PS","rangeAddress":"$AI$97:$AJ$135","headAddress":"$AI$97:$AJ$97","bodyAddress":"$AI$98:$AJ$135","_name":"ТСН1 ОРУ 220 МГЭС"},"DB":{"_level":0,"parentID":"e43c45be-03f5-46a9-824e-cb6ac33f4e0e","firstParentID":"e43c45be-03f5-46a9-824e-cb6ac33f4e0e","ID":"2b6388f3-195a-4c76-b6d3-54e7ec64fcea","childs":{"прием":{"_level":1,"parentID":"2b6388f3-195a-4c76-b6d3-54e7ec64fcea","firstParentID":"e43c45be-03f5-46a9-824e-cb6ac33f4e0e","ID":"33818f51-1c2b-4bc8-9b65-c065ecc45e35","childs":{"код":{"_level":2,"parentID":"33818f51-1c2b-4bc8-9b65-c065ecc45e35","firstParentID":"e43c45be-03f5-46a9-824e-cb6ac33f4e0e","ID":"10315023-4c0a-402c-ab7d-6e4c4b2b55d6","childs":null,"emcosID":null,"emcosMLID":null,"codMaketTEP":null,"codTEP":null,"WSName":"DB","rangeAddress":"$DN$353:$DN$390","headAddress":"$DN$353","bodyAddress":"$DN$354:$DN$390","_name":"код"},"основное":{"_level":2,"parentID":"33818f51-1c2b-4bc8-9b65-c065ecc45e35","firstParentID":"e43c45be-03f5-46a9-824e-cb6ac33f4e0e","ID":"3137b8a2-d176-4b8a-96be-203654d6849a","childs":null,"emcosID":null,"emcosMLID":null,"codMaketTEP":null,"codTEP":null,"WSName":"DB","rangeAddress":"$DO$353:$DO$390","headAddress":"$DO$353","bodyAddress":"$DO$354:$DO$390","_name":"основное"},"корректировка факт":{"_level":2,"parentID":"33818f51-1c2b-4bc8-9b65-c065ecc45e35","firstParentID":"e43c45be-03f5-46a9-824e-cb6ac33f4e0e","ID":"7538e7f7-66a7-4c2c-a253-ed45a50968d7","childs":null,"emcosID":null,"emcosMLID":null,"codMaketTEP":null,"codTEP":null,"WSName":"DB","rangeAddress":"$DP$353:$DP$390","headAddress":"$DP$353","bodyAddress":"$DP$354:$DP$390","_name":"корректировка факт"},"ручное":{"_level":2,"parentID":"33818f51-1c2b-4bc8-9b65-c065ecc45e35","firstParentID":"e43c45be-03f5-46a9-824e-cb6ac33f4e0e","ID":"2827d756-5efc-40e0-8c59-35d2d19e9892","childs":null,"emcosID":null,"emcosMLID":null,"codMaketTEP":null,"codTEP":null,"WSName":"DB","rangeAddress":"$DQ$353:$DQ$390","headAddress":"$DQ$353","bodyAddress":"$DQ$354:$DQ$390","_name":"ручное"},"счетчик":{"_level":2,"parentID":"33818f51-1c2b-4bc8-9b65-c065ecc45e35","firstParentID":"e43c45be-03f5-46a9-824e-cb6ac33f4e0e","ID":"6a95248d-223a-46f8-9cd2-fe63fbf4a151","childs":null,"emcosID":null,"emcosMLID":null,"codMaketTEP":null,"codTEP":null,"WSName":"DB","rangeAddress":"$DR$353:$DR$390","headAddress":"$DR$353","bodyAddress":"$DR$354:$DR$390","_name":"счетчик"},"по счетчику":{"_level":2,"parentID":"33818f51-1c2b-4bc8-9b65-c065ecc45e35","firstParentID":"e43c45be-03f5-46a9-824e-cb6ac33f4e0e","ID":"04d3e80c-584c-4355-a1e0-ba60efbe4df0","childs":null,"emcosID":null,"emcosMLID":null,"codMaketTEP":null,"codTEP":null,"WSName":"DB","rangeAddress":"$DS$353:$DS$390","headAddress":"$DS$353","bodyAddress":"$DS$354:$DS$390","_name":"по счетчику"}},"emcosID":null,"emcosMLID":null,"codMaketTEP":null,"codTEP":null,"WSName":"DB","rangeAddress":"$DN$352:$DS$390","headAddress":"$DN$352:$DS$352","bodyAddress":"$DN$353:$DS$390","_name":"прием"}},"emcosID":null,"emcosMLID":null,"codMaketTEP":null,"codTEP":null,"WSName":"DB","rangeAddress":"$DN$351:$DS$390","headAddress":"$DN$351:$DS$351","bodyAddress":"$DN$352:$DS$390","_name":"ТСН1 ОРУ 220 МГЭС"}},"codPlan":null,"meterCoef":null,"_name":"ТСН1 ОРУ 220 МГЭС"}