{"ID":"e53d64e3-141e-4a30-9508-53f92bb33287","childs":{"PS":{"_level":0,"parentID":"e53d64e3-141e-4a30-9508-53f92bb33287","firstParentID":"e53d64e3-141e-4a30-9508-53f92bb33287","ID":"4c9049ab-a93a-4408-be80-f1a471bdc8ed","childs":{"прием":{"_level":1,"parentID":"4c9049ab-a93a-4408-be80-f1a471bdc8ed","firstParentID":"e53d64e3-141e-4a30-9508-53f92bb33287","ID":"13296836-b22d-4e10-91d8-e78a924343c8","childs":{"по счетчику":{"_level":2,"parentID":"13296836-b22d-4e10-91d8-e78a924343c8","firstParentID":"e53d64e3-141e-4a30-9508-53f92bb33287","ID":"e24e8e26-bed1-4366-92c1-5acd98055b30","childs":null,"emcosID":null,"emcosMLID":null,"codMaketTEP":null,"codTEP":null,"WSName":"PS","rangeAddress":"$AS$56:$AS$92","headAddress":"$AS$56","bodyAddress":"$AS$57:$AS$92","_name":"по счетчику"},"СЧЕТЧИК":{"_level":2,"parentID":"13296836-b22d-4e10-91d8-e78a924343c8","firstParentID":"e53d64e3-141e-4a30-9508-53f92bb33287","ID":"6a874d77-37f7-49b6-bfb3-9599c9201c92","childs":null,"emcosID":null,"emcosMLID":null,"codMaketTEP":null,"codTEP":null,"WSName":"PS","rangeAddress":"$AT$56:$AT$92","headAddress":"$AT$56","bodyAddress":"$AT$57:$AT$92","_name":"СЧЕТЧИК"}},"emcosID":null,"emcosMLID":null,"codMaketTEP":null,"codTEP":null,"WSName":"PS","rangeAddress":"$AS$55:$AT$92","headAddress":"$AS$55:$AT$55","bodyAddress":"$AS$56:$AT$92","_name":"прием"},"отдача":{"_level":1,"parentID":"4c9049ab-a93a-4408-be80-f1a471bdc8ed","firstParentID":"e53d64e3-141e-4a30-9508-53f92bb33287","ID":"0d86b896-ae5a-4ce3-93b6-ca710bb03ea9","childs":{"по счетчику":{"_level":2,"parentID":"0d86b896-ae5a-4ce3-93b6-ca710bb03ea9","firstParentID":"e53d64e3-141e-4a30-9508-53f92bb33287","ID":"8c0fbe28-b553-4d82-8cce-9edab9bd1a06","childs":null,"emcosID":null,"emcosMLID":null,"codMaketTEP":null,"codTEP":null,"WSName":"PS","rangeAddress":"$AU$56:$AU$92","headAddress":"$AU$56","bodyAddress":"$AU$57:$AU$92","_name":"по счетчику"},"СЧЕТЧИК":{"_level":2,"parentID":"0d86b896-ae5a-4ce3-93b6-ca710bb03ea9","firstParentID":"e53d64e3-141e-4a30-9508-53f92bb33287","ID":"598aca0b-dfbd-40ea-9cf9-9c36ea80d549","childs":null,"emcosID":null,"emcosMLID":null,"codMaketTEP":null,"codTEP":null,"WSName":"PS","rangeAddress":"$AV$56:$AV$92","headAddress":"$AV$56","bodyAddress":"$AV$57:$AV$92","_name":"СЧЕТЧИК"}},"emcosID":null,"emcosMLID":null,"codMaketTEP":null,"codTEP":null,"WSName":"PS","rangeAddress":"$AU$55:$AV$92","headAddress":"$AU$55:$AV$55","bodyAddress":"$AU$56:$AV$92","_name":"отдача"}},"emcosID":null,"emcosMLID":null,"codMaketTEP":null,"codTEP":null,"WSName":"PS","rangeAddress":"$AS$54:$AV$92","headAddress":"$AS$54:$AV$54","bodyAddress":"$AS$55:$AV$92","_name":"Л2733 Шу"},"DB":{"_level":0,"parentID":"e53d64e3-141e-4a30-9508-53f92bb33287","firstParentID":"e53d64e3-141e-4a30-9508-53f92bb33287","ID":"9d81d4c5-0d01-4527-a115-f3f2b32e5f89","childs":{"прием":{"_level":1,"parentID":"9d81d4c5-0d01-4527-a115-f3f2b32e5f89","firstParentID":"e53d64e3-141e-4a30-9508-53f92bb33287","ID":"87567361-bf9c-4791-8ad9-138f74db6e60","childs":{"код":{"_level":2,"parentID":"87567361-bf9c-4791-8ad9-138f74db6e60","firstParentID":"e53d64e3-141e-4a30-9508-53f92bb33287","ID":"db5705df-ea74-4108-91c6-b5e5084c7fde","childs":null,"emcosID":null,"emcosMLID":null,"codMaketTEP":null,"codTEP":null,"WSName":"DB","rangeAddress":"$GL$9:$GL$46","headAddress":"$GL$9","bodyAddress":"$GL$10:$GL$46","_name":"код"},"основное":{"_level":2,"parentID":"87567361-bf9c-4791-8ad9-138f74db6e60","firstParentID":"e53d64e3-141e-4a30-9508-53f92bb33287","ID":"96eb2da6-5a65-44d8-a0c6-685ffb152464","childs":null,"emcosID":null,"emcosMLID":null,"codMaketTEP":null,"codTEP":null,"WSName":"DB","rangeAddress":"$GM$9:$GM$46","headAddress":"$GM$9","bodyAddress":"$GM$10:$GM$46","_name":"основное"},"корректировка факт":{"_level":2,"parentID":"87567361-bf9c-4791-8ad9-138f74db6e60","firstParentID":"e53d64e3-141e-4a30-9508-53f92bb33287","ID":"adb0e174-fd95-45e6-ad62-2ffa328e6de7","childs":null,"emcosID":null,"emcosMLID":null,"codMaketTEP":null,"codTEP":null,"WSName":"DB","rangeAddress":"$GN$9:$GN$46","headAddress":"$GN$9","bodyAddress":"$GN$10:$GN$46","_name":"корректировка факт"},"ручное":{"_level":2,"parentID":"87567361-bf9c-4791-8ad9-138f74db6e60","firstParentID":"e53d64e3-141e-4a30-9508-53f92bb33287","ID":"307308b2-3598-452b-8025-0a05d58a8e34","childs":null,"emcosID":null,"emcosMLID":null,"codMaketTEP":null,"codTEP":null,"WSName":"DB","rangeAddress":"$GO$9:$GO$46","headAddress":"$GO$9","bodyAddress":"$GO$10:$GO$46","_name":"ручное"},"счетчик":{"_level":2,"parentID":"87567361-bf9c-4791-8ad9-138f74db6e60","firstParentID":"e53d64e3-141e-4a30-9508-53f92bb33287","ID":"72e9c03e-0fe0-477f-9425-d705e2fc0652","childs":null,"emcosID":null,"emcosMLID":null,"codMaketTEP":null,"codTEP":null,"WSName":"DB","rangeAddress":"$GP$9:$GP$46","headAddress":"$GP$9","bodyAddress":"$GP$10:$GP$46","_name":"счетчик"},"по счетчику":{"_level":2,"parentID":"87567361-bf9c-4791-8ad9-138f74db6e60","firstParentID":"e53d64e3-141e-4a30-9508-53f92bb33287","ID":"30cb25eb-0adf-4030-a067-b62bfda2100c","childs":null,"emcosID":null,"emcosMLID":null,"codMaketTEP":null,"codTEP":null,"WSName":"DB","rangeAddress":"$GQ$9:$GQ$46","headAddress":"$GQ$9","bodyAddress":"$GQ$10:$GQ$46","_name":"по счетчику"}},"emcosID":null,"emcosMLID":null,"codMaketTEP":null,"codTEP":null,"WSName":"DB","rangeAddress":"$GL$8:$GQ$46","headAddress":"$GL$8:$GQ$8","bodyAddress":"$GL$9:$GQ$46","_name":"прием"},"отдача":{"_level":1,"parentID":"9d81d4c5-0d01-4527-a115-f3f2b32e5f89","firstParentID":"e53d64e3-141e-4a30-9508-53f92bb33287","ID":"fa3d8ec1-607f-46b3-9f77-9f0b77e8dd66","childs":{"код":{"_level":2,"parentID":"fa3d8ec1-607f-46b3-9f77-9f0b77e8dd66","firstParentID":"e53d64e3-141e-4a30-9508-53f92bb33287","ID":"e6886382-df8a-444c-aca7-a289d08c1f2f","childs":null,"emcosID":null,"emcosMLID":null,"codMaketTEP":null,"codTEP":null,"WSName":"DB","rangeAddress":"$GR$9:$GR$46","headAddress":"$GR$9","bodyAddress":"$GR$10:$GR$46","_name":"код"},"основное":{"_level":2,"parentID":"fa3d8ec1-607f-46b3-9f77-9f0b77e8dd66","firstParentID":"e53d64e3-141e-4a30-9508-53f92bb33287","ID":"25de2c81-a7ad-45e5-87e0-4ba3d9e292cb","childs":null,"emcosID":null,"emcosMLID":null,"codMaketTEP":null,"codTEP":null,"WSName":"DB","rangeAddress":"$GS$9:$GS$46","headAddress":"$GS$9","bodyAddress":"$GS$10:$GS$46","_name":"основное"},"корректировка факт":{"_level":2,"parentID":"fa3d8ec1-607f-46b3-9f77-9f0b77e8dd66","firstParentID":"e53d64e3-141e-4a30-9508-53f92bb33287","ID":"821c858b-bfb0-4414-9d4f-31e9caf9e654","childs":null,"emcosID":null,"emcosMLID":null,"codMaketTEP":null,"codTEP":null,"WSName":"DB","rangeAddress":"$GT$9:$GT$46","headAddress":"$GT$9","bodyAddress":"$GT$10:$GT$46","_name":"корректировка факт"},"ручное":{"_level":2,"parentID":"fa3d8ec1-607f-46b3-9f77-9f0b77e8dd66","firstParentID":"e53d64e3-141e-4a30-9508-53f92bb33287","ID":"cd4eb464-3984-4c94-9db7-5d4c48d51936","childs":null,"emcosID":null,"emcosMLID":null,"codMaketTEP":null,"codTEP":null,"WSName":"DB","rangeAddress":"$GU$9:$GU$46","headAddress":"$GU$9","bodyAddress":"$GU$10:$GU$46","_name":"ручное"},"счетчик":{"_level":2,"parentID":"fa3d8ec1-607f-46b3-9f77-9f0b77e8dd66","firstParentID":"e53d64e3-141e-4a30-9508-53f92bb33287","ID":"62d8c6b3-fd38-4c3a-92b1-986fae08fdf2","childs":null,"emcosID":null,"emcosMLID":null,"codMaketTEP":null,"codTEP":null,"WSName":"DB","rangeAddress":"$GV$9:$GV$46","headAddress":"$GV$9","bodyAddress":"$GV$10:$GV$46","_name":"счетчик"},"по счетчику":{"_level":2,"parentID":"fa3d8ec1-607f-46b3-9f77-9f0b77e8dd66","firstParentID":"e53d64e3-141e-4a30-9508-53f92bb33287","ID":"75668d7d-8871-4ecc-b5f9-c5326597bd70","childs":null,"emcosID":null,"emcosMLID":null,"codMaketTEP":null,"codTEP":null,"WSName":"DB","rangeAddress":"$GW$9:$GW$46","headAddress":"$GW$9","bodyAddress":"$GW$10:$GW$46","_name":"по счетчику"}},"emcosID":null,"emcosMLID":null,"codMaketTEP":null,"codTEP":null,"WSName":"DB","rangeAddress":"$GR$8:$GW$46","headAddress":"$GR$8:$GW$8","bodyAddress":"$GR$9:$GW$46","_name":"отдача"}},"emcosID":null,"emcosMLID":null,"codMaketTEP":null,"codTEP":null,"WSName":"DB","rangeAddress":"$GL$7:$GW$46","headAddress":"$GL$7:$GW$7","bodyAddress":"$GL$8:$GW$46","_name":"Л2733 Шу"}},"codPlan":null,"meterCoef":"2200","_name":"Л2733 Шу"}