{"ID":"e62b0e73-d6fe-4d30-b670-68a0875f0a0a","childs":{"PS":{"_level":0,"parentID":"e62b0e73-d6fe-4d30-b670-68a0875f0a0a","firstParentID":"e62b0e73-d6fe-4d30-b670-68a0875f0a0a","ID":"2d8f36b4-b5a5-4350-be08-cddc3e89ab5a","childs":{"отдача":{"_level":1,"parentID":"2d8f36b4-b5a5-4350-be08-cddc3e89ab5a","firstParentID":"e62b0e73-d6fe-4d30-b670-68a0875f0a0a","ID":"1b45728e-e6d7-4993-838a-d5ad446688de","childs":{"по счетчику":{"_level":2,"parentID":"1b45728e-e6d7-4993-838a-d5ad446688de","firstParentID":"e62b0e73-d6fe-4d30-b670-68a0875f0a0a","ID":"cb4e96c7-b592-413a-91a3-f47d4910d225","childs":null,"emcosID":null,"emcosMLID":null,"codMaketTEP":null,"codTEP":null,"WSName":"PS","rangeAddress":"$BA$99:$BA$135","headAddress":"$BA$99","bodyAddress":"$BA$100:$BA$135","_name":"по счетчику"},"СЧЕТЧИК":{"_level":2,"parentID":"1b45728e-e6d7-4993-838a-d5ad446688de","firstParentID":"e62b0e73-d6fe-4d30-b670-68a0875f0a0a","ID":"3190eaa8-191c-4543-a6e4-62ca1ccca394","childs":null,"emcosID":null,"emcosMLID":null,"codMaketTEP":null,"codTEP":null,"WSName":"PS","rangeAddress":"$BB$99:$BB$135","headAddress":"$BB$99","bodyAddress":"$BB$100:$BB$135","_name":"СЧЕТЧИК"}},"emcosID":null,"emcosMLID":null,"codMaketTEP":null,"codTEP":null,"WSName":"PS","rangeAddress":"$BA$98:$BB$135","headAddress":"$BA$98:$BB$98","bodyAddress":"$BA$99:$BB$135","_name":"отдача"}},"emcosID":null,"emcosMLID":null,"codMaketTEP":null,"codTEP":null,"WSName":"PS","rangeAddress":"$BA$97:$BB$135","headAddress":"$BA$97:$BB$97","bodyAddress":"$BA$98:$BB$135","_name":"ТСН1 ПС126 Талдыкорган"},"DB":{"_level":0,"parentID":"e62b0e73-d6fe-4d30-b670-68a0875f0a0a","firstParentID":"e62b0e73-d6fe-4d30-b670-68a0875f0a0a","ID":"c79af9f4-eaa5-40bd-8a7c-3ae2c3109514","childs":{"отдача":{"_level":1,"parentID":"c79af9f4-eaa5-40bd-8a7c-3ae2c3109514","firstParentID":"e62b0e73-d6fe-4d30-b670-68a0875f0a0a","ID":"8dc51226-4347-40ce-961c-4b800760ea0d","childs":{"код":{"_level":2,"parentID":"8dc51226-4347-40ce-961c-4b800760ea0d","firstParentID":"e62b0e73-d6fe-4d30-b670-68a0875f0a0a","ID":"4457553e-73c7-4a16-9f1c-a798f7508912","childs":null,"emcosID":null,"emcosMLID":null,"codMaketTEP":null,"codTEP":null,"WSName":"DB","rangeAddress":"$AG$525:$AG$562","headAddress":"$AG$525","bodyAddress":"$AG$526:$AG$562","_name":"код"},"основное":{"_level":2,"parentID":"8dc51226-4347-40ce-961c-4b800760ea0d","firstParentID":"e62b0e73-d6fe-4d30-b670-68a0875f0a0a","ID":"6233cc4d-d99d-4eb3-aed3-7e1a1da634b4","childs":null,"emcosID":null,"emcosMLID":null,"codMaketTEP":null,"codTEP":null,"WSName":"DB","rangeAddress":"$AH$525:$AH$562","headAddress":"$AH$525","bodyAddress":"$AH$526:$AH$562","_name":"основное"},"корректировка факт":{"_level":2,"parentID":"8dc51226-4347-40ce-961c-4b800760ea0d","firstParentID":"e62b0e73-d6fe-4d30-b670-68a0875f0a0a","ID":"362b6580-e193-456d-9c91-60e2e411e240","childs":null,"emcosID":null,"emcosMLID":null,"codMaketTEP":null,"codTEP":null,"WSName":"DB","rangeAddress":"$AI$525:$AI$562","headAddress":"$AI$525","bodyAddress":"$AI$526:$AI$562","_name":"корректировка факт"},"ручное":{"_level":2,"parentID":"8dc51226-4347-40ce-961c-4b800760ea0d","firstParentID":"e62b0e73-d6fe-4d30-b670-68a0875f0a0a","ID":"5e2080a6-ca17-4e19-9853-6389f24e57fc","childs":null,"emcosID":null,"emcosMLID":null,"codMaketTEP":null,"codTEP":null,"WSName":"DB","rangeAddress":"$AJ$525:$AJ$562","headAddress":"$AJ$525","bodyAddress":"$AJ$526:$AJ$562","_name":"ручное"},"счетчик":{"_level":2,"parentID":"8dc51226-4347-40ce-961c-4b800760ea0d","firstParentID":"e62b0e73-d6fe-4d30-b670-68a0875f0a0a","ID":"771da78d-64b6-4c3d-9d80-d47351c34a39","childs":null,"emcosID":null,"emcosMLID":null,"codMaketTEP":null,"codTEP":null,"WSName":"DB","rangeAddress":"$AK$525:$AK$562","headAddress":"$AK$525","bodyAddress":"$AK$526:$AK$562","_name":"счетчик"},"по счетчику":{"_level":2,"parentID":"8dc51226-4347-40ce-961c-4b800760ea0d","firstParentID":"e62b0e73-d6fe-4d30-b670-68a0875f0a0a","ID":"2cba8c00-26d3-4f2e-96f7-fad9da7f5f90","childs":null,"emcosID":null,"emcosMLID":null,"codMaketTEP":null,"codTEP":null,"WSName":"DB","rangeAddress":"$AL$525:$AL$562","headAddress":"$AL$525","bodyAddress":"$AL$526:$AL$562","_name":"по счетчику"}},"emcosID":null,"emcosMLID":null,"codMaketTEP":null,"codTEP":null,"WSName":"DB","rangeAddress":"$AG$524:$AL$562","headAddress":"$AG$524:$AL$524","bodyAddress":"$AG$525:$AL$562","_name":"отдача"}},"emcosID":null,"emcosMLID":null,"codMaketTEP":null,"codTEP":null,"WSName":"DB","rangeAddress":"$AG$523:$AL$562","headAddress":"$AG$523:$AL$523","bodyAddress":"$AG$524:$AL$562","_name":"ТСН1 ПС126 Талдыкорган"}},"codPlan":null,"meterCoef":"0,08","_name":"ТСН1 ПС126 Талдыкорган"}