{"ID":"e8a32a3c-9387-48a2-95d2-01890e32b4c6","childs":{"PS":{"_level":0,"parentID":"e8a32a3c-9387-48a2-95d2-01890e32b4c6","firstParentID":"e8a32a3c-9387-48a2-95d2-01890e32b4c6","ID":"413b4ef4-5cc2-4e3a-bead-3319ed8c76c3","childs":{"отдача":{"_level":1,"parentID":"413b4ef4-5cc2-4e3a-bead-3319ed8c76c3","firstParentID":"e8a32a3c-9387-48a2-95d2-01890e32b4c6","ID":"a6698f47-b9c0-4ad2-8322-8c98a561044a","childs":{"по счетчику":{"_level":2,"parentID":"a6698f47-b9c0-4ad2-8322-8c98a561044a","firstParentID":"e8a32a3c-9387-48a2-95d2-01890e32b4c6","ID":"a0630e99-6c86-437e-b8d4-1695461a3539","childs":null,"emcosID":null,"emcosMLID":null,"codMaketTEP":null,"codTEP":null,"WSName":"PS","rangeAddress":"$EW$99:$EW$135","headAddress":"$EW$99","bodyAddress":"$EW$100:$EW$135","_name":"по счетчику"},"СЧЕТЧИК":{"_level":2,"parentID":"a6698f47-b9c0-4ad2-8322-8c98a561044a","firstParentID":"e8a32a3c-9387-48a2-95d2-01890e32b4c6","ID":"e2d4a8cd-34c7-4504-a7be-6cd7639f97bb","childs":null,"emcosID":null,"emcosMLID":null,"codMaketTEP":null,"codTEP":null,"WSName":"PS","rangeAddress":"$EX$99:$EX$135","headAddress":"$EX$99","bodyAddress":"$EX$100:$EX$135","_name":"СЧЕТЧИК"}},"emcosID":null,"emcosMLID":null,"codMaketTEP":null,"codTEP":null,"WSName":"PS","rangeAddress":"$EW$98:$EX$135","headAddress":"$EW$98:$EX$98","bodyAddress":"$EW$99:$EX$135","_name":"отдача"}},"emcosID":null,"emcosMLID":null,"codMaketTEP":null,"codTEP":null,"WSName":"PS","rangeAddress":"$EW$97:$EX$135","headAddress":"$EW$97:$EX$97","bodyAddress":"$EW$98:$EX$135","_name":"КЛ41 ПС152 Талдыкорган"},"DB":{"_level":0,"parentID":"e8a32a3c-9387-48a2-95d2-01890e32b4c6","firstParentID":"e8a32a3c-9387-48a2-95d2-01890e32b4c6","ID":"e86619a5-c98c-4bb4-aa8b-83449d06ae59","childs":{"отдача":{"_level":1,"parentID":"e86619a5-c98c-4bb4-aa8b-83449d06ae59","firstParentID":"e8a32a3c-9387-48a2-95d2-01890e32b4c6","ID":"de5ed54a-e7ef-4ccd-a827-038316c9a1e6","childs":{"код":{"_level":2,"parentID":"de5ed54a-e7ef-4ccd-a827-038316c9a1e6","firstParentID":"e8a32a3c-9387-48a2-95d2-01890e32b4c6","ID":"b8a8b833-3daf-4730-8308-bb64a64b602f","childs":null,"emcosID":null,"emcosMLID":null,"codMaketTEP":null,"codTEP":null,"WSName":"DB","rangeAddress":"$FQ$525:$FQ$562","headAddress":"$FQ$525","bodyAddress":"$FQ$526:$FQ$562","_name":"код"},"основное":{"_level":2,"parentID":"de5ed54a-e7ef-4ccd-a827-038316c9a1e6","firstParentID":"e8a32a3c-9387-48a2-95d2-01890e32b4c6","ID":"42e54d3c-505c-41b5-bde3-3c529c0cae25","childs":null,"emcosID":null,"emcosMLID":null,"codMaketTEP":null,"codTEP":null,"WSName":"DB","rangeAddress":"$FR$525:$FR$562","headAddress":"$FR$525","bodyAddress":"$FR$526:$FR$562","_name":"основное"},"корректировка факт":{"_level":2,"parentID":"de5ed54a-e7ef-4ccd-a827-038316c9a1e6","firstParentID":"e8a32a3c-9387-48a2-95d2-01890e32b4c6","ID":"8a2b6edd-dc11-49da-8a73-3fdedcd65b53","childs":null,"emcosID":null,"emcosMLID":null,"codMaketTEP":null,"codTEP":null,"WSName":"DB","rangeAddress":"$FS$525:$FS$562","headAddress":"$FS$525","bodyAddress":"$FS$526:$FS$562","_name":"корректировка факт"},"ручное":{"_level":2,"parentID":"de5ed54a-e7ef-4ccd-a827-038316c9a1e6","firstParentID":"e8a32a3c-9387-48a2-95d2-01890e32b4c6","ID":"89578688-35d4-4bd1-9065-490e1266760f","childs":null,"emcosID":null,"emcosMLID":null,"codMaketTEP":null,"codTEP":null,"WSName":"DB","rangeAddress":"$FT$525:$FT$562","headAddress":"$FT$525","bodyAddress":"$FT$526:$FT$562","_name":"ручное"},"счетчик":{"_level":2,"parentID":"de5ed54a-e7ef-4ccd-a827-038316c9a1e6","firstParentID":"e8a32a3c-9387-48a2-95d2-01890e32b4c6","ID":"6e58104d-3f48-41ab-a482-7d256c32aa75","childs":null,"emcosID":null,"emcosMLID":null,"codMaketTEP":null,"codTEP":null,"WSName":"DB","rangeAddress":"$FU$525:$FU$562","headAddress":"$FU$525","bodyAddress":"$FU$526:$FU$562","_name":"счетчик"},"по счетчику":{"_level":2,"parentID":"de5ed54a-e7ef-4ccd-a827-038316c9a1e6","firstParentID":"e8a32a3c-9387-48a2-95d2-01890e32b4c6","ID":"8887eb94-6b79-425d-910c-afc1f2c0f5b7","childs":null,"emcosID":null,"emcosMLID":null,"codMaketTEP":null,"codTEP":null,"WSName":"DB","rangeAddress":"$FV$525:$FV$562","headAddress":"$FV$525","bodyAddress":"$FV$526:$FV$562","_name":"по счетчику"}},"emcosID":null,"emcosMLID":null,"codMaketTEP":null,"codTEP":null,"WSName":"DB","rangeAddress":"$FQ$524:$FV$562","headAddress":"$FQ$524:$FV$524","bodyAddress":"$FQ$525:$FV$562","_name":"отдача"}},"emcosID":null,"emcosMLID":null,"codMaketTEP":null,"codTEP":null,"WSName":"DB","rangeAddress":"$FQ$523:$FV$562","headAddress":"$FQ$523:$FV$523","bodyAddress":"$FQ$524:$FV$562","_name":"КЛ41 ПС152 Талдыкорган"}},"codPlan":null,"meterCoef":"6","_name":"КЛ41 ПС152 Талдыкорган"}