{"ID":"e8c66e53-f93f-4c89-a66b-f0ccff38fc71","childs":{"PS":{"_level":0,"parentID":"e8c66e53-f93f-4c89-a66b-f0ccff38fc71","firstParentID":"e8c66e53-f93f-4c89-a66b-f0ccff38fc71","ID":"57fb5522-e6b8-4c39-aba3-eaf6270da6e7","childs":{"отдача":{"_level":1,"parentID":"57fb5522-e6b8-4c39-aba3-eaf6270da6e7","firstParentID":"e8c66e53-f93f-4c89-a66b-f0ccff38fc71","ID":"0212f722-4fba-439d-89a8-80060062b8f1","childs":{"оперативное":{"_level":2,"parentID":"0212f722-4fba-439d-89a8-80060062b8f1","firstParentID":"e8c66e53-f93f-4c89-a66b-f0ccff38fc71","ID":"8f17d391-1385-4aa1-bafe-cf401f96c52b","childs":null,"emcosID":null,"emcosMLID":null,"codMaketTEP":null,"codTEP":null,"WSName":"PS","rangeAddress":"$BU$185:$BU$221","headAddress":"$BU$185","bodyAddress":"$BU$186:$BU$221","_name":"оперативное"}},"emcosID":null,"emcosMLID":null,"codMaketTEP":null,"codTEP":null,"WSName":"PS","rangeAddress":"$BU$184:$BU$221","headAddress":"$BU$184","bodyAddress":"$BU$185:$BU$221","_name":"отдача"},"план":{"_level":1,"parentID":"57fb5522-e6b8-4c39-aba3-eaf6270da6e7","firstParentID":"e8c66e53-f93f-4c89-a66b-f0ccff38fc71","ID":"a4d9006b-343d-4fae-9d7d-df7d238ce04c","childs":{"заявка":{"_level":2,"parentID":"a4d9006b-343d-4fae-9d7d-df7d238ce04c","firstParentID":"e8c66e53-f93f-4c89-a66b-f0ccff38fc71","ID":"c5f90a2f-1000-4155-9ca4-3f244aac8a7d","childs":null,"emcosID":null,"emcosMLID":null,"codMaketTEP":null,"codTEP":null,"WSName":"PS","rangeAddress":"$BV$185:$BV$221","headAddress":"$BV$185","bodyAddress":"$BV$186:$BV$221","_name":"заявка"}},"emcosID":null,"emcosMLID":null,"codMaketTEP":null,"codTEP":null,"WSName":"PS","rangeAddress":"$BV$184:$BV$221","headAddress":"$BV$184","bodyAddress":"$BV$185:$BV$221","_name":"план"}},"emcosID":null,"emcosMLID":null,"codMaketTEP":null,"codTEP":null,"WSName":"PS","rangeAddress":"$BU$183:$BV$221","headAddress":"$BU$183:$BV$183","bodyAddress":"$BU$184:$BV$221","_name":"Капчагайская ГЭС АлЭС"},"DB":{"_level":0,"parentID":"e8c66e53-f93f-4c89-a66b-f0ccff38fc71","firstParentID":"e8c66e53-f93f-4c89-a66b-f0ccff38fc71","ID":"d29b3733-e0ba-4c1f-8071-fb82173e19d8","childs":{"отдача":{"_level":1,"parentID":"d29b3733-e0ba-4c1f-8071-fb82173e19d8","firstParentID":"e8c66e53-f93f-4c89-a66b-f0ccff38fc71","ID":"0259a707-8946-4e89-9cdd-3be1cc076d6b","childs":{"код":{"_level":2,"parentID":"0259a707-8946-4e89-9cdd-3be1cc076d6b","firstParentID":"e8c66e53-f93f-4c89-a66b-f0ccff38fc71","ID":"57b32e37-be15-43af-96c7-d73bd036356e","childs":null,"emcosID":null,"emcosMLID":null,"codMaketTEP":null,"codTEP":null,"WSName":"DB","rangeAddress":"$FF$181:$FF$218","headAddress":"$FF$181","bodyAddress":"$FF$182:$FF$218","_name":"код"},"основное":{"_level":2,"parentID":"0259a707-8946-4e89-9cdd-3be1cc076d6b","firstParentID":"e8c66e53-f93f-4c89-a66b-f0ccff38fc71","ID":"9f714010-bc82-4d35-8a52-2295b53bef45","childs":null,"emcosID":null,"emcosMLID":null,"codMaketTEP":null,"codTEP":null,"WSName":"DB","rangeAddress":"$FG$181:$FG$218","headAddress":"$FG$181","bodyAddress":"$FG$182:$FG$218","_name":"основное"},"корректировка факт":{"_level":2,"parentID":"0259a707-8946-4e89-9cdd-3be1cc076d6b","firstParentID":"e8c66e53-f93f-4c89-a66b-f0ccff38fc71","ID":"8ac1aa76-12ca-48d5-ab94-da33e9b49012","childs":null,"emcosID":null,"emcosMLID":null,"codMaketTEP":null,"codTEP":null,"WSName":"DB","rangeAddress":"$FH$181:$FH$218","headAddress":"$FH$181","bodyAddress":"$FH$182:$FH$218","_name":"корректировка факт"},"ручное":{"_level":2,"parentID":"0259a707-8946-4e89-9cdd-3be1cc076d6b","firstParentID":"e8c66e53-f93f-4c89-a66b-f0ccff38fc71","ID":"07e077c5-36df-4972-9fc7-08f556a7f85e","childs":null,"emcosID":null,"emcosMLID":null,"codMaketTEP":null,"codTEP":null,"WSName":"DB","rangeAddress":"$FI$181:$FI$218","headAddress":"$FI$181","bodyAddress":"$FI$182:$FI$218","_name":"ручное"},"оперативное":{"_level":2,"parentID":"0259a707-8946-4e89-9cdd-3be1cc076d6b","firstParentID":"e8c66e53-f93f-4c89-a66b-f0ccff38fc71","ID":"cd863090-59d3-422b-9513-0dbcb30ddff4","childs":null,"emcosID":null,"emcosMLID":null,"codMaketTEP":null,"codTEP":null,"WSName":"DB","rangeAddress":"$FJ$181:$FJ$218","headAddress":"$FJ$181","bodyAddress":"$FJ$182:$FJ$218","_name":"оперативное"},"по плану":{"_level":2,"parentID":"0259a707-8946-4e89-9cdd-3be1cc076d6b","firstParentID":"e8c66e53-f93f-4c89-a66b-f0ccff38fc71","ID":"dd8e181f-6f01-4ade-8a8d-f734bc3f1ccb","childs":null,"emcosID":null,"emcosMLID":null,"codMaketTEP":null,"codTEP":null,"WSName":"DB","rangeAddress":"$FK$181:$FK$218","headAddress":"$FK$181","bodyAddress":"$FK$182:$FK$218","_name":"по плану"}},"emcosID":null,"emcosMLID":null,"codMaketTEP":null,"codTEP":null,"WSName":"DB","rangeAddress":"$FF$180:$FK$218","headAddress":"$FF$180:$FK$180","bodyAddress":"$FF$181:$FK$218","_name":"отдача"},"план":{"_level":1,"parentID":"d29b3733-e0ba-4c1f-8071-fb82173e19d8","firstParentID":"e8c66e53-f93f-4c89-a66b-f0ccff38fc71","ID":"2e8b00ac-48cb-4554-abae-1e8b2cca4adb","childs":{"код":{"_level":2,"parentID":"2e8b00ac-48cb-4554-abae-1e8b2cca4adb","firstParentID":"e8c66e53-f93f-4c89-a66b-f0ccff38fc71","ID":"d832d123-67de-4cc2-9378-462a296a5cdf","childs":null,"emcosID":null,"emcosMLID":null,"codMaketTEP":null,"codTEP":null,"WSName":"DB","rangeAddress":"$FL$181:$FL$218","headAddress":"$FL$181","bodyAddress":"$FL$182:$FL$218","_name":"код"},"основное":{"_level":2,"parentID":"2e8b00ac-48cb-4554-abae-1e8b2cca4adb","firstParentID":"e8c66e53-f93f-4c89-a66b-f0ccff38fc71","ID":"60b15ca9-24d0-4380-8c7a-10e32137c9b4","childs":null,"emcosID":null,"emcosMLID":null,"codMaketTEP":null,"codTEP":null,"WSName":"DB","rangeAddress":"$FM$181:$FM$218","headAddress":"$FM$181","bodyAddress":"$FM$182:$FM$218","_name":"основное"},"заявка":{"_level":2,"parentID":"2e8b00ac-48cb-4554-abae-1e8b2cca4adb","firstParentID":"e8c66e53-f93f-4c89-a66b-f0ccff38fc71","ID":"f8035642-e712-4894-b2f6-eba78480d4a4","childs":null,"emcosID":null,"emcosMLID":null,"codMaketTEP":null,"codTEP":null,"WSName":"DB","rangeAddress":"$FN$181:$FN$218","headAddress":"$FN$181","bodyAddress":"$FN$182:$FN$218","_name":"заявка"},"утвержденный":{"_level":2,"parentID":"2e8b00ac-48cb-4554-abae-1e8b2cca4adb","firstParentID":"e8c66e53-f93f-4c89-a66b-f0ccff38fc71","ID":"95ab68ee-bf64-4135-89f2-abbfc640352b","childs":null,"emcosID":null,"emcosMLID":null,"codMaketTEP":null,"codTEP":null,"WSName":"DB","rangeAddress":"$FO$181:$FO$218","headAddress":"$FO$181","bodyAddress":"$FO$182:$FO$218","_name":"утвержденный"},"корректировка":{"_level":2,"parentID":"2e8b00ac-48cb-4554-abae-1e8b2cca4adb","firstParentID":"e8c66e53-f93f-4c89-a66b-f0ccff38fc71","ID":"cfd6805e-94cc-40a8-bab4-8f21c0a96709","childs":null,"emcosID":null,"emcosMLID":null,"codMaketTEP":null,"codTEP":null,"WSName":"DB","rangeAddress":"$FP$181:$FP$218","headAddress":"$FP$181","bodyAddress":"$FP$182:$FP$218","_name":"корректировка"}},"emcosID":null,"emcosMLID":null,"codMaketTEP":null,"codTEP":null,"WSName":"DB","rangeAddress":"$FL$180:$FP$218","headAddress":"$FL$180:$FP$180","bodyAddress":"$FL$181:$FP$218","_name":"план"}},"emcosID":null,"emcosMLID":null,"codMaketTEP":null,"codTEP":null,"WSName":"DB","rangeAddress":"$FF$179:$FP$218","headAddress":"$FF$179:$FP$179","bodyAddress":"$FF$180:$FP$218","_name":"Капчагайская ГЭС АлЭС"}},"codPlan":20,"meterCoef":null,"_name":"Капчагайская ГЭС АлЭС"}