{"ID":"e8c66e53-f93f-4c89-a66b-f0ccff38fc71","childs":{"PS":{"_level":0,"parentID":"e8c66e53-f93f-4c89-a66b-f0ccff38fc71","firstParentID":"e8c66e53-f93f-4c89-a66b-f0ccff38fc71","ID":"57fb5522-e6b8-4c39-aba3-eaf6270da6e7","childs":{"отдача":{"_level":1,"parentID":"57fb5522-e6b8-4c39-aba3-eaf6270da6e7","firstParentID":"e8c66e53-f93f-4c89-a66b-f0ccff38fc71","ID":"0212f722-4fba-439d-89a8-80060062b8f1","childs":{"оперативное":{"_level":2,"parentID":"0212f722-4fba-439d-89a8-80060062b8f1","firstParentID":"e8c66e53-f93f-4c89-a66b-f0ccff38fc71","ID":"8f17d391-1385-4aa1-bafe-cf401f96c52b","childs":null,"emcosID":null,"emcosMLID":null,"codMaketTEP":null,"codTEP":null,"WSName":"PS","rangeAddress":"$BQ$185:$BQ$221","headAddress":"$BQ$185","bodyAddress":"$BQ$186:$BQ$221","_name":"оперативное"}},"emcosID":null,"emcosMLID":null,"codMaketTEP":null,"codTEP":null,"WSName":"PS","rangeAddress":"$BQ$184:$BQ$221","headAddress":"$BQ$184","bodyAddress":"$BQ$185:$BQ$221","_name":"отдача"},"план":{"_level":1,"parentID":"57fb5522-e6b8-4c39-aba3-eaf6270da6e7","firstParentID":"e8c66e53-f93f-4c89-a66b-f0ccff38fc71","ID":"a4d9006b-343d-4fae-9d7d-df7d238ce04c","childs":{"заявка":{"_level":2,"parentID":"a4d9006b-343d-4fae-9d7d-df7d238ce04c","firstParentID":"e8c66e53-f93f-4c89-a66b-f0ccff38fc71","ID":"c5f90a2f-1000-4155-9ca4-3f244aac8a7d","childs":null,"emcosID":null,"emcosMLID":null,"codMaketTEP":null,"codTEP":null,"WSName":"PS","rangeAddress":"$BR$185:$BR$221","headAddress":"$BR$185","bodyAddress":"$BR$186:$BR$221","_name":"заявка"}},"emcosID":null,"emcosMLID":null,"codMaketTEP":null,"codTEP":null,"WSName":"PS","rangeAddress":"$BR$184:$BR$221","headAddress":"$BR$184","bodyAddress":"$BR$185:$BR$221","_name":"план"}},"emcosID":null,"emcosMLID":null,"codMaketTEP":null,"codTEP":null,"WSName":"PS","rangeAddress":"$BQ$183:$BR$221","headAddress":"$BQ$183:$BR$183","bodyAddress":"$BQ$184:$BR$221","_name":"Капчагайская ГЭС АлЭС"},"DB":{"_level":0,"parentID":"e8c66e53-f93f-4c89-a66b-f0ccff38fc71","firstParentID":"e8c66e53-f93f-4c89-a66b-f0ccff38fc71","ID":"d29b3733-e0ba-4c1f-8071-fb82173e19d8","childs":{"отдача":{"_level":1,"parentID":"d29b3733-e0ba-4c1f-8071-fb82173e19d8","firstParentID":"e8c66e53-f93f-4c89-a66b-f0ccff38fc71","ID":"0259a707-8946-4e89-9cdd-3be1cc076d6b","childs":{"код":{"_level":2,"parentID":"0259a707-8946-4e89-9cdd-3be1cc076d6b","firstParentID":"e8c66e53-f93f-4c89-a66b-f0ccff38fc71","ID":"57b32e37-be15-43af-96c7-d73bd036356e","childs":null,"emcosID":null,"emcosMLID":null,"codMaketTEP":null,"codTEP":null,"WSName":"DB","rangeAddress":"$FZ$181:$FZ$218","headAddress":"$FZ$181","bodyAddress":"$FZ$182:$FZ$218","_name":"код"},"основное":{"_level":2,"parentID":"0259a707-8946-4e89-9cdd-3be1cc076d6b","firstParentID":"e8c66e53-f93f-4c89-a66b-f0ccff38fc71","ID":"9f714010-bc82-4d35-8a52-2295b53bef45","childs":null,"emcosID":null,"emcosMLID":null,"codMaketTEP":null,"codTEP":null,"WSName":"DB","rangeAddress":"$GA$181:$GA$218","headAddress":"$GA$181","bodyAddress":"$GA$182:$GA$218","_name":"основное"},"корректировка факт":{"_level":2,"parentID":"0259a707-8946-4e89-9cdd-3be1cc076d6b","firstParentID":"e8c66e53-f93f-4c89-a66b-f0ccff38fc71","ID":"8ac1aa76-12ca-48d5-ab94-da33e9b49012","childs":null,"emcosID":null,"emcosMLID":null,"codMaketTEP":null,"codTEP":null,"WSName":"DB","rangeAddress":"$GB$181:$GB$218","headAddress":"$GB$181","bodyAddress":"$GB$182:$GB$218","_name":"корректировка факт"},"ручное":{"_level":2,"parentID":"0259a707-8946-4e89-9cdd-3be1cc076d6b","firstParentID":"e8c66e53-f93f-4c89-a66b-f0ccff38fc71","ID":"07e077c5-36df-4972-9fc7-08f556a7f85e","childs":null,"emcosID":null,"emcosMLID":null,"codMaketTEP":null,"codTEP":null,"WSName":"DB","rangeAddress":"$GC$181:$GC$218","headAddress":"$GC$181","bodyAddress":"$GC$182:$GC$218","_name":"ручное"},"оперативное":{"_level":2,"parentID":"0259a707-8946-4e89-9cdd-3be1cc076d6b","firstParentID":"e8c66e53-f93f-4c89-a66b-f0ccff38fc71","ID":"cd863090-59d3-422b-9513-0dbcb30ddff4","childs":null,"emcosID":null,"emcosMLID":null,"codMaketTEP":null,"codTEP":null,"WSName":"DB","rangeAddress":"$GD$181:$GD$218","headAddress":"$GD$181","bodyAddress":"$GD$182:$GD$218","_name":"оперативное"},"по плану":{"_level":2,"parentID":"0259a707-8946-4e89-9cdd-3be1cc076d6b","firstParentID":"e8c66e53-f93f-4c89-a66b-f0ccff38fc71","ID":"dd8e181f-6f01-4ade-8a8d-f734bc3f1ccb","childs":null,"emcosID":null,"emcosMLID":null,"codMaketTEP":null,"codTEP":null,"WSName":"DB","rangeAddress":"$GE$181:$GE$218","headAddress":"$GE$181","bodyAddress":"$GE$182:$GE$218","_name":"по плану"}},"emcosID":null,"emcosMLID":null,"codMaketTEP":null,"codTEP":null,"WSName":"DB","rangeAddress":"$FZ$180:$GE$218","headAddress":"$FZ$180:$GE$180","bodyAddress":"$FZ$181:$GE$218","_name":"отдача"},"план":{"_level":1,"parentID":"d29b3733-e0ba-4c1f-8071-fb82173e19d8","firstParentID":"e8c66e53-f93f-4c89-a66b-f0ccff38fc71","ID":"2e8b00ac-48cb-4554-abae-1e8b2cca4adb","childs":{"код":{"_level":2,"parentID":"2e8b00ac-48cb-4554-abae-1e8b2cca4adb","firstParentID":"e8c66e53-f93f-4c89-a66b-f0ccff38fc71","ID":"d832d123-67de-4cc2-9378-462a296a5cdf","childs":null,"emcosID":null,"emcosMLID":null,"codMaketTEP":null,"codTEP":null,"WSName":"DB","rangeAddress":"$GF$181:$GF$218","headAddress":"$GF$181","bodyAddress":"$GF$182:$GF$218","_name":"код"},"основное":{"_level":2,"parentID":"2e8b00ac-48cb-4554-abae-1e8b2cca4adb","firstParentID":"e8c66e53-f93f-4c89-a66b-f0ccff38fc71","ID":"60b15ca9-24d0-4380-8c7a-10e32137c9b4","childs":null,"emcosID":null,"emcosMLID":null,"codMaketTEP":null,"codTEP":null,"WSName":"DB","rangeAddress":"$GG$181:$GG$218","headAddress":"$GG$181","bodyAddress":"$GG$182:$GG$218","_name":"основное"},"заявка":{"_level":2,"parentID":"2e8b00ac-48cb-4554-abae-1e8b2cca4adb","firstParentID":"e8c66e53-f93f-4c89-a66b-f0ccff38fc71","ID":"f8035642-e712-4894-b2f6-eba78480d4a4","childs":null,"emcosID":null,"emcosMLID":null,"codMaketTEP":null,"codTEP":null,"WSName":"DB","rangeAddress":"$GH$181:$GH$218","headAddress":"$GH$181","bodyAddress":"$GH$182:$GH$218","_name":"заявка"},"утвержденный":{"_level":2,"parentID":"2e8b00ac-48cb-4554-abae-1e8b2cca4adb","firstParentID":"e8c66e53-f93f-4c89-a66b-f0ccff38fc71","ID":"95ab68ee-bf64-4135-89f2-abbfc640352b","childs":null,"emcosID":null,"emcosMLID":null,"codMaketTEP":null,"codTEP":null,"WSName":"DB","rangeAddress":"$GI$181:$GI$218","headAddress":"$GI$181","bodyAddress":"$GI$182:$GI$218","_name":"утвержденный"},"корректировка":{"_level":2,"parentID":"2e8b00ac-48cb-4554-abae-1e8b2cca4adb","firstParentID":"e8c66e53-f93f-4c89-a66b-f0ccff38fc71","ID":"cfd6805e-94cc-40a8-bab4-8f21c0a96709","childs":null,"emcosID":null,"emcosMLID":null,"codMaketTEP":null,"codTEP":null,"WSName":"DB","rangeAddress":"$GJ$181:$GJ$218","headAddress":"$GJ$181","bodyAddress":"$GJ$182:$GJ$218","_name":"корректировка"}},"emcosID":null,"emcosMLID":null,"codMaketTEP":null,"codTEP":null,"WSName":"DB","rangeAddress":"$GF$180:$GJ$218","headAddress":"$GF$180:$GJ$180","bodyAddress":"$GF$181:$GJ$218","_name":"план"}},"emcosID":null,"emcosMLID":null,"codMaketTEP":null,"codTEP":null,"WSName":"DB","rangeAddress":"$FZ$179:$GJ$218","headAddress":"$FZ$179:$GJ$179","bodyAddress":"$FZ$180:$GJ$218","_name":"Капчагайская ГЭС АлЭС"}},"codPlan":20,"meterCoef":null,"_name":"Капчагайская ГЭС АлЭС"}