{"ID":"ecd95130-fda2-4b5f-b088-2df6f7ad5356","childs":{"PS":{"_level":0,"parentID":"ecd95130-fda2-4b5f-b088-2df6f7ad5356","firstParentID":"ecd95130-fda2-4b5f-b088-2df6f7ad5356","ID":"9d25e8ef-ccb6-401f-ad58-0d96a381eb59","childs":{"прием":{"_level":1,"parentID":"9d25e8ef-ccb6-401f-ad58-0d96a381eb59","firstParentID":"ecd95130-fda2-4b5f-b088-2df6f7ad5356","ID":"1cd66a57-fbb0-47ef-b8dc-06d274951ec3","childs":{"оперативное":{"_level":2,"parentID":"1cd66a57-fbb0-47ef-b8dc-06d274951ec3","firstParentID":"ecd95130-fda2-4b5f-b088-2df6f7ad5356","ID":"b38e118d-9f49-40f3-aa20-9707588c56e1","childs":null,"emcosID":null,"emcosMLID":null,"codMaketTEP":null,"codTEP":null,"WSName":"PS","rangeAddress":"$JF$99:$JF$135","headAddress":"$JF$99","bodyAddress":"$JF$100:$JF$135","_name":"оперативное"}},"emcosID":null,"emcosMLID":null,"codMaketTEP":null,"codTEP":null,"WSName":"PS","rangeAddress":"$JF$98:$JF$135","headAddress":"$JF$98","bodyAddress":"$JF$99:$JF$135","_name":"прием"},"отдача":{"_level":1,"parentID":"9d25e8ef-ccb6-401f-ad58-0d96a381eb59","firstParentID":"ecd95130-fda2-4b5f-b088-2df6f7ad5356","ID":"2517daa0-6559-4471-a139-6e72def94519","childs":{"оперативное":{"_level":2,"parentID":"2517daa0-6559-4471-a139-6e72def94519","firstParentID":"ecd95130-fda2-4b5f-b088-2df6f7ad5356","ID":"8da09ccf-5db4-4d29-91a2-631caa2df292","childs":null,"emcosID":null,"emcosMLID":null,"codMaketTEP":null,"codTEP":null,"WSName":"PS","rangeAddress":"$JG$99:$JG$135","headAddress":"$JG$99","bodyAddress":"$JG$100:$JG$135","_name":"оперативное"}},"emcosID":null,"emcosMLID":null,"codMaketTEP":null,"codTEP":null,"WSName":"PS","rangeAddress":"$JG$98:$JG$135","headAddress":"$JG$98","bodyAddress":"$JG$99:$JG$135","_name":"отдача"}},"emcosID":null,"emcosMLID":null,"codMaketTEP":null,"codTEP":null,"WSName":"PS","rangeAddress":"$JF$97:$JG$135","headAddress":"$JF$97:$JG$97","bodyAddress":"$JF$98:$JG$135","_name":"АТ2 Коян Кос 154А"},"DB":{"_level":0,"parentID":"ecd95130-fda2-4b5f-b088-2df6f7ad5356","firstParentID":"ecd95130-fda2-4b5f-b088-2df6f7ad5356","ID":"51aea8f9-1d62-4f2e-b276-bf03d4ee6983","childs":{"прием":{"_level":1,"parentID":"51aea8f9-1d62-4f2e-b276-bf03d4ee6983","firstParentID":"ecd95130-fda2-4b5f-b088-2df6f7ad5356","ID":"cb33bb03-eb70-4c0d-b3de-761005d6db11","childs":{"код":{"_level":2,"parentID":"cb33bb03-eb70-4c0d-b3de-761005d6db11","firstParentID":"ecd95130-fda2-4b5f-b088-2df6f7ad5356","ID":"ea7ea9aa-64f9-4002-a216-2e4698afbcca","childs":null,"emcosID":null,"emcosMLID":null,"codMaketTEP":null,"codTEP":null,"WSName":"DB","rangeAddress":"$W$310:$W$347","headAddress":"$W$310","bodyAddress":"$W$311:$W$347","_name":"код"},"основное":{"_level":2,"parentID":"cb33bb03-eb70-4c0d-b3de-761005d6db11","firstParentID":"ecd95130-fda2-4b5f-b088-2df6f7ad5356","ID":"07f506f0-3a77-43c6-bcb5-1c41fb9f6a13","childs":null,"emcosID":null,"emcosMLID":null,"codMaketTEP":null,"codTEP":null,"WSName":"DB","rangeAddress":"$X$310:$X$347","headAddress":"$X$310","bodyAddress":"$X$311:$X$347","_name":"основное"},"корректировка факт":{"_level":2,"parentID":"cb33bb03-eb70-4c0d-b3de-761005d6db11","firstParentID":"ecd95130-fda2-4b5f-b088-2df6f7ad5356","ID":"53da3291-fc61-4856-b4d2-ee334431389d","childs":null,"emcosID":null,"emcosMLID":null,"codMaketTEP":null,"codTEP":null,"WSName":"DB","rangeAddress":"$Y$310:$Y$347","headAddress":"$Y$310","bodyAddress":"$Y$311:$Y$347","_name":"корректировка факт"},"ручное":{"_level":2,"parentID":"cb33bb03-eb70-4c0d-b3de-761005d6db11","firstParentID":"ecd95130-fda2-4b5f-b088-2df6f7ad5356","ID":"4f4dd81b-12f7-43f0-a911-c0f348c34877","childs":null,"emcosID":null,"emcosMLID":null,"codMaketTEP":null,"codTEP":null,"WSName":"DB","rangeAddress":"$Z$310:$Z$347","headAddress":"$Z$310","bodyAddress":"$Z$311:$Z$347","_name":"ручное"},"оперативное":{"_level":2,"parentID":"cb33bb03-eb70-4c0d-b3de-761005d6db11","firstParentID":"ecd95130-fda2-4b5f-b088-2df6f7ad5356","ID":"b97c7fdb-511f-447d-85ed-4bd384b638c4","childs":null,"emcosID":null,"emcosMLID":null,"codMaketTEP":null,"codTEP":null,"WSName":"DB","rangeAddress":"$AA$310:$AA$347","headAddress":"$AA$310","bodyAddress":"$AA$311:$AA$347","_name":"оперативное"}},"emcosID":null,"emcosMLID":null,"codMaketTEP":null,"codTEP":null,"WSName":"DB","rangeAddress":"$W$309:$AA$347","headAddress":"$W$309:$AA$309","bodyAddress":"$W$310:$AA$347","_name":"прием"},"отдача":{"_level":1,"parentID":"51aea8f9-1d62-4f2e-b276-bf03d4ee6983","firstParentID":"ecd95130-fda2-4b5f-b088-2df6f7ad5356","ID":"4e3a2ff9-402b-4fc2-869c-7f861eb2a3a6","childs":{"код":{"_level":2,"parentID":"4e3a2ff9-402b-4fc2-869c-7f861eb2a3a6","firstParentID":"ecd95130-fda2-4b5f-b088-2df6f7ad5356","ID":"79f9bfc9-d5bd-4ccb-853d-033627150fa3","childs":null,"emcosID":null,"emcosMLID":null,"codMaketTEP":null,"codTEP":null,"WSName":"DB","rangeAddress":"$AB$310:$AB$347","headAddress":"$AB$310","bodyAddress":"$AB$311:$AB$347","_name":"код"},"основное":{"_level":2,"parentID":"4e3a2ff9-402b-4fc2-869c-7f861eb2a3a6","firstParentID":"ecd95130-fda2-4b5f-b088-2df6f7ad5356","ID":"a22b10a0-f3bf-42df-8f44-aa93bef937f7","childs":null,"emcosID":null,"emcosMLID":null,"codMaketTEP":null,"codTEP":null,"WSName":"DB","rangeAddress":"$AC$310:$AC$347","headAddress":"$AC$310","bodyAddress":"$AC$311:$AC$347","_name":"основное"},"корректировка факт":{"_level":2,"parentID":"4e3a2ff9-402b-4fc2-869c-7f861eb2a3a6","firstParentID":"ecd95130-fda2-4b5f-b088-2df6f7ad5356","ID":"49bc7c2c-0670-4c68-83b0-344672117fca","childs":null,"emcosID":null,"emcosMLID":null,"codMaketTEP":null,"codTEP":null,"WSName":"DB","rangeAddress":"$AD$310:$AD$347","headAddress":"$AD$310","bodyAddress":"$AD$311:$AD$347","_name":"корректировка факт"},"ручное":{"_level":2,"parentID":"4e3a2ff9-402b-4fc2-869c-7f861eb2a3a6","firstParentID":"ecd95130-fda2-4b5f-b088-2df6f7ad5356","ID":"29c3be6f-8869-4ec0-ad0d-b5fd2b2112e2","childs":null,"emcosID":null,"emcosMLID":null,"codMaketTEP":null,"codTEP":null,"WSName":"DB","rangeAddress":"$AE$310:$AE$347","headAddress":"$AE$310","bodyAddress":"$AE$311:$AE$347","_name":"ручное"},"оперативное":{"_level":2,"parentID":"4e3a2ff9-402b-4fc2-869c-7f861eb2a3a6","firstParentID":"ecd95130-fda2-4b5f-b088-2df6f7ad5356","ID":"d12d5be0-0d5b-4fb6-ae13-39df1bdb4aab","childs":null,"emcosID":null,"emcosMLID":null,"codMaketTEP":null,"codTEP":null,"WSName":"DB","rangeAddress":"$AF$310:$AF$347","headAddress":"$AF$310","bodyAddress":"$AF$311:$AF$347","_name":"оперативное"}},"emcosID":null,"emcosMLID":null,"codMaketTEP":null,"codTEP":null,"WSName":"DB","rangeAddress":"$AB$309:$AF$347","headAddress":"$AB$309:$AF$309","bodyAddress":"$AB$310:$AF$347","_name":"отдача"}},"emcosID":null,"emcosMLID":null,"codMaketTEP":null,"codTEP":null,"WSName":"DB","rangeAddress":"$W$308:$AF$347","headAddress":"$W$308:$AF$308","bodyAddress":"$W$309:$AF$347","_name":"АТ2 Коян Кос 154А"}},"codPlan":null,"meterCoef":null,"_name":"АТ2 Коян Кос 154А"}