{"ID":"ed60ff4d-ea97-49e7-b731-698df3ce7c53","childs":{"PS":{"_level":0,"parentID":"ed60ff4d-ea97-49e7-b731-698df3ce7c53","firstParentID":"ed60ff4d-ea97-49e7-b731-698df3ce7c53","ID":"44246803-36bb-4d1e-aefd-88cef66b8814","childs":{"отдача":{"_level":1,"parentID":"44246803-36bb-4d1e-aefd-88cef66b8814","firstParentID":"ed60ff4d-ea97-49e7-b731-698df3ce7c53","ID":"99f69169-949c-40dd-b094-a9ede1738e61","childs":{"оперативное":{"_level":2,"parentID":"99f69169-949c-40dd-b094-a9ede1738e61","firstParentID":"ed60ff4d-ea97-49e7-b731-698df3ce7c53","ID":"79ba7e9b-e958-4599-a101-f0b690d2f094","childs":null,"emcosID":null,"emcosMLID":null,"codMaketTEP":null,"codTEP":null,"WSName":"PS","rangeAddress":"$CW$185:$CW$221","headAddress":"$CW$185","bodyAddress":"$CW$186:$CW$221","_name":"оперативное"}},"emcosID":null,"emcosMLID":null,"codMaketTEP":null,"codTEP":null,"WSName":"PS","rangeAddress":"$CW$184:$CW$221","headAddress":"$CW$184","bodyAddress":"$CW$185:$CW$221","_name":"отдача"}},"emcosID":null,"emcosMLID":null,"codMaketTEP":null,"codTEP":null,"WSName":"PS","rangeAddress":"$CW$183:$CW$221","headAddress":"$CW$183","bodyAddress":"$CW$184:$CW$221","_name":"Генерация 2МВт и 416 кВт Самрук Грин Энерджи"},"DB":{"_level":0,"parentID":"ed60ff4d-ea97-49e7-b731-698df3ce7c53","firstParentID":"ed60ff4d-ea97-49e7-b731-698df3ce7c53","ID":"ec44998b-2142-4c6f-8e97-d6924fbdbb9c","childs":{"отдача":{"_level":1,"parentID":"ec44998b-2142-4c6f-8e97-d6924fbdbb9c","firstParentID":"ed60ff4d-ea97-49e7-b731-698df3ce7c53","ID":"21bbe897-7809-4d0c-8ae2-b433e7fed747","childs":{"код":{"_level":2,"parentID":"21bbe897-7809-4d0c-8ae2-b433e7fed747","firstParentID":"ed60ff4d-ea97-49e7-b731-698df3ce7c53","ID":"b6bbff0f-ae4d-40e6-aad5-b8a5d1c53513","childs":null,"emcosID":null,"emcosMLID":null,"codMaketTEP":null,"codTEP":null,"WSName":"DB","rangeAddress":"$GC$267:$GC$304","headAddress":"$GC$267","bodyAddress":"$GC$268:$GC$304","_name":"код"},"основное":{"_level":2,"parentID":"21bbe897-7809-4d0c-8ae2-b433e7fed747","firstParentID":"ed60ff4d-ea97-49e7-b731-698df3ce7c53","ID":"6e43a54c-8e51-4de0-96ff-f8f0a7cf5047","childs":null,"emcosID":null,"emcosMLID":null,"codMaketTEP":null,"codTEP":null,"WSName":"DB","rangeAddress":"$GD$267:$GD$304","headAddress":"$GD$267","bodyAddress":"$GD$268:$GD$304","_name":"основное"},"корректировка факт":{"_level":2,"parentID":"21bbe897-7809-4d0c-8ae2-b433e7fed747","firstParentID":"ed60ff4d-ea97-49e7-b731-698df3ce7c53","ID":"a68fcc73-0ec0-4472-8617-cab1f0cf192b","childs":null,"emcosID":null,"emcosMLID":null,"codMaketTEP":null,"codTEP":null,"WSName":"DB","rangeAddress":"$GE$267:$GE$304","headAddress":"$GE$267","bodyAddress":"$GE$268:$GE$304","_name":"корректировка факт"},"ручное":{"_level":2,"parentID":"21bbe897-7809-4d0c-8ae2-b433e7fed747","firstParentID":"ed60ff4d-ea97-49e7-b731-698df3ce7c53","ID":"c0f546ee-a1fe-4855-adbf-34f98df12d5c","childs":null,"emcosID":null,"emcosMLID":null,"codMaketTEP":null,"codTEP":null,"WSName":"DB","rangeAddress":"$GF$267:$GF$304","headAddress":"$GF$267","bodyAddress":"$GF$268:$GF$304","_name":"ручное"},"оперативное":{"_level":2,"parentID":"21bbe897-7809-4d0c-8ae2-b433e7fed747","firstParentID":"ed60ff4d-ea97-49e7-b731-698df3ce7c53","ID":"4f337650-19da-4214-97a4-54d2b900683b","childs":null,"emcosID":null,"emcosMLID":null,"codMaketTEP":null,"codTEP":null,"WSName":"DB","rangeAddress":"$GG$267:$GG$304","headAddress":"$GG$267","bodyAddress":"$GG$268:$GG$304","_name":"оперативное"}},"emcosID":null,"emcosMLID":null,"codMaketTEP":null,"codTEP":null,"WSName":"DB","rangeAddress":"$GC$266:$GG$304","headAddress":"$GC$266:$GG$266","bodyAddress":"$GC$267:$GG$304","_name":"отдача"}},"emcosID":null,"emcosMLID":null,"codMaketTEP":null,"codTEP":null,"WSName":"DB","rangeAddress":"$GC$265:$GG$304","headAddress":"$GC$265:$GG$265","bodyAddress":"$GC$266:$GG$304","_name":"Генерация 2МВт и 416 кВт Самрук Грин Энерджи"}},"codPlan":null,"meterCoef":null,"_name":"Генерация 2МВт и 416 кВт Самрук Грин Энерджи"}