{"ID":"ee661c5a-e37c-4bde-8913-f8aadd791e87","childs":{"PS":{"_level":0,"parentID":"ee661c5a-e37c-4bde-8913-f8aadd791e87","firstParentID":"ee661c5a-e37c-4bde-8913-f8aadd791e87","ID":"eda5bd55-9dc0-4f2b-8400-2af4fde556d5","childs":{"прием":{"_level":1,"parentID":"eda5bd55-9dc0-4f2b-8400-2af4fde556d5","firstParentID":"ee661c5a-e37c-4bde-8913-f8aadd791e87","ID":"6d9aa5ee-b9ab-4faa-b142-3e038732883c","childs":{"ручное":{"_level":2,"parentID":"6d9aa5ee-b9ab-4faa-b142-3e038732883c","firstParentID":"ee661c5a-e37c-4bde-8913-f8aadd791e87","ID":"5a6ba2d8-3d46-4ec5-91f4-235d99b02a95","childs":null,"emcosID":null,"emcosMLID":null,"codMaketTEP":null,"codTEP":null,"WSName":"PS","rangeAddress":"$KH$99:$KH$135","headAddress":"$KH$99","bodyAddress":"$KH$100:$KH$135","_name":"ручное"}},"emcosID":null,"emcosMLID":null,"codMaketTEP":null,"codTEP":null,"WSName":"PS","rangeAddress":"$KH$98:$KH$135","headAddress":"$KH$98","bodyAddress":"$KH$99:$KH$135","_name":"прием"}},"emcosID":null,"emcosMLID":null,"codMaketTEP":null,"codTEP":null,"WSName":"PS","rangeAddress":"$KH$97:$KH$135","headAddress":"$KH$97","bodyAddress":"$KH$98:$KH$135","_name":"ТП2 Медеу тяга"},"DB":{"_level":0,"parentID":"ee661c5a-e37c-4bde-8913-f8aadd791e87","firstParentID":"ee661c5a-e37c-4bde-8913-f8aadd791e87","ID":"a7a4e0f6-5541-4bbd-8dac-85086361b597","childs":{"прием":{"_level":1,"parentID":"a7a4e0f6-5541-4bbd-8dac-85086361b597","firstParentID":"ee661c5a-e37c-4bde-8913-f8aadd791e87","ID":"c28dab7a-3d91-4fab-80a2-1f7d29735e24","childs":{"код":{"_level":2,"parentID":"c28dab7a-3d91-4fab-80a2-1f7d29735e24","firstParentID":"ee661c5a-e37c-4bde-8913-f8aadd791e87","ID":"a23f3bbe-974b-44ed-ba87-bd3a28e579a6","childs":null,"emcosID":null,"emcosMLID":null,"codMaketTEP":null,"codTEP":null,"WSName":"DB","rangeAddress":"$CF$181:$CF$218","headAddress":"$CF$181","bodyAddress":"$CF$182:$CF$218","_name":"код"},"основное":{"_level":2,"parentID":"c28dab7a-3d91-4fab-80a2-1f7d29735e24","firstParentID":"ee661c5a-e37c-4bde-8913-f8aadd791e87","ID":"cf404a5b-0c23-47c0-a549-0f982d54e804","childs":null,"emcosID":null,"emcosMLID":null,"codMaketTEP":null,"codTEP":null,"WSName":"DB","rangeAddress":"$CG$181:$CG$218","headAddress":"$CG$181","bodyAddress":"$CG$182:$CG$218","_name":"основное"},"корректировка факт":{"_level":2,"parentID":"c28dab7a-3d91-4fab-80a2-1f7d29735e24","firstParentID":"ee661c5a-e37c-4bde-8913-f8aadd791e87","ID":"fb8a157d-b661-480d-99e5-2af13881ff68","childs":null,"emcosID":null,"emcosMLID":null,"codMaketTEP":null,"codTEP":null,"WSName":"DB","rangeAddress":"$CH$181:$CH$218","headAddress":"$CH$181","bodyAddress":"$CH$182:$CH$218","_name":"корректировка факт"},"ручное":{"_level":2,"parentID":"c28dab7a-3d91-4fab-80a2-1f7d29735e24","firstParentID":"ee661c5a-e37c-4bde-8913-f8aadd791e87","ID":"cbc8dfc4-9653-40dd-8141-e7b648bfc596","childs":null,"emcosID":null,"emcosMLID":null,"codMaketTEP":null,"codTEP":null,"WSName":"DB","rangeAddress":"$CI$181:$CI$218","headAddress":"$CI$181","bodyAddress":"$CI$182:$CI$218","_name":"ручное"}},"emcosID":null,"emcosMLID":null,"codMaketTEP":null,"codTEP":null,"WSName":"DB","rangeAddress":"$CF$180:$CI$218","headAddress":"$CF$180:$CI$180","bodyAddress":"$CF$181:$CI$218","_name":"прием"}},"emcosID":null,"emcosMLID":null,"codMaketTEP":null,"codTEP":null,"WSName":"DB","rangeAddress":"$CF$179:$CI$218","headAddress":"$CF$179:$CI$179","bodyAddress":"$CF$180:$CI$218","_name":"ТП2 Медеу тяга"}},"codPlan":null,"meterCoef":null,"_name":"ТП2 Медеу тяга"}