{"ID":"ee661c5a-e37c-4bde-8913-f8aadd791e87","childs":{"PS":{"_level":0,"parentID":"ee661c5a-e37c-4bde-8913-f8aadd791e87","firstParentID":"ee661c5a-e37c-4bde-8913-f8aadd791e87","ID":"eda5bd55-9dc0-4f2b-8400-2af4fde556d5","childs":{"прием":{"_level":1,"parentID":"eda5bd55-9dc0-4f2b-8400-2af4fde556d5","firstParentID":"ee661c5a-e37c-4bde-8913-f8aadd791e87","ID":"6d9aa5ee-b9ab-4faa-b142-3e038732883c","childs":{"ручное":{"_level":2,"parentID":"6d9aa5ee-b9ab-4faa-b142-3e038732883c","firstParentID":"ee661c5a-e37c-4bde-8913-f8aadd791e87","ID":"5a6ba2d8-3d46-4ec5-91f4-235d99b02a95","childs":null,"emcosID":null,"emcosMLID":null,"codMaketTEP":null,"codTEP":null,"WSName":"PS","rangeAddress":"$KL$99:$KL$135","headAddress":"$KL$99","bodyAddress":"$KL$100:$KL$135","_name":"ручное"}},"emcosID":null,"emcosMLID":null,"codMaketTEP":null,"codTEP":null,"WSName":"PS","rangeAddress":"$KL$98:$KL$135","headAddress":"$KL$98","bodyAddress":"$KL$99:$KL$135","_name":"прием"}},"emcosID":null,"emcosMLID":null,"codMaketTEP":null,"codTEP":null,"WSName":"PS","rangeAddress":"$KL$97:$KL$135","headAddress":"$KL$97","bodyAddress":"$KL$98:$KL$135","_name":"ТП2 Медеу тяга"},"DB":{"_level":0,"parentID":"ee661c5a-e37c-4bde-8913-f8aadd791e87","firstParentID":"ee661c5a-e37c-4bde-8913-f8aadd791e87","ID":"a7a4e0f6-5541-4bbd-8dac-85086361b597","childs":{"прием":{"_level":1,"parentID":"a7a4e0f6-5541-4bbd-8dac-85086361b597","firstParentID":"ee661c5a-e37c-4bde-8913-f8aadd791e87","ID":"c28dab7a-3d91-4fab-80a2-1f7d29735e24","childs":{"код":{"_level":2,"parentID":"c28dab7a-3d91-4fab-80a2-1f7d29735e24","firstParentID":"ee661c5a-e37c-4bde-8913-f8aadd791e87","ID":"a23f3bbe-974b-44ed-ba87-bd3a28e579a6","childs":null,"emcosID":null,"emcosMLID":null,"codMaketTEP":null,"codTEP":null,"WSName":"DB","rangeAddress":"$CP$181:$CP$218","headAddress":"$CP$181","bodyAddress":"$CP$182:$CP$218","_name":"код"},"основное":{"_level":2,"parentID":"c28dab7a-3d91-4fab-80a2-1f7d29735e24","firstParentID":"ee661c5a-e37c-4bde-8913-f8aadd791e87","ID":"cf404a5b-0c23-47c0-a549-0f982d54e804","childs":null,"emcosID":null,"emcosMLID":null,"codMaketTEP":null,"codTEP":null,"WSName":"DB","rangeAddress":"$CQ$181:$CQ$218","headAddress":"$CQ$181","bodyAddress":"$CQ$182:$CQ$218","_name":"основное"},"корректировка факт":{"_level":2,"parentID":"c28dab7a-3d91-4fab-80a2-1f7d29735e24","firstParentID":"ee661c5a-e37c-4bde-8913-f8aadd791e87","ID":"fb8a157d-b661-480d-99e5-2af13881ff68","childs":null,"emcosID":null,"emcosMLID":null,"codMaketTEP":null,"codTEP":null,"WSName":"DB","rangeAddress":"$CR$181:$CR$218","headAddress":"$CR$181","bodyAddress":"$CR$182:$CR$218","_name":"корректировка факт"},"ручное":{"_level":2,"parentID":"c28dab7a-3d91-4fab-80a2-1f7d29735e24","firstParentID":"ee661c5a-e37c-4bde-8913-f8aadd791e87","ID":"cbc8dfc4-9653-40dd-8141-e7b648bfc596","childs":null,"emcosID":null,"emcosMLID":null,"codMaketTEP":null,"codTEP":null,"WSName":"DB","rangeAddress":"$CS$181:$CS$218","headAddress":"$CS$181","bodyAddress":"$CS$182:$CS$218","_name":"ручное"}},"emcosID":null,"emcosMLID":null,"codMaketTEP":null,"codTEP":null,"WSName":"DB","rangeAddress":"$CP$180:$CS$218","headAddress":"$CP$180:$CS$180","bodyAddress":"$CP$181:$CS$218","_name":"прием"}},"emcosID":null,"emcosMLID":null,"codMaketTEP":null,"codTEP":null,"WSName":"DB","rangeAddress":"$CP$179:$CS$218","headAddress":"$CP$179:$CS$179","bodyAddress":"$CP$180:$CS$218","_name":"ТП2 Медеу тяга"}},"codPlan":null,"meterCoef":null,"_name":"ТП2 Медеу тяга"}