{"ID":"ee661c5a-e37c-4bde-8913-f8aadd791e87","childs":{"PS":{"_level":0,"parentID":"ee661c5a-e37c-4bde-8913-f8aadd791e87","firstParentID":"ee661c5a-e37c-4bde-8913-f8aadd791e87","ID":"eda5bd55-9dc0-4f2b-8400-2af4fde556d5","childs":{"прием":{"_level":1,"parentID":"eda5bd55-9dc0-4f2b-8400-2af4fde556d5","firstParentID":"ee661c5a-e37c-4bde-8913-f8aadd791e87","ID":"6d9aa5ee-b9ab-4faa-b142-3e038732883c","childs":{"ручное":{"_level":2,"parentID":"6d9aa5ee-b9ab-4faa-b142-3e038732883c","firstParentID":"ee661c5a-e37c-4bde-8913-f8aadd791e87","ID":"5a6ba2d8-3d46-4ec5-91f4-235d99b02a95","childs":null,"emcosID":null,"emcosMLID":null,"codMaketTEP":null,"codTEP":null,"WSName":"PS","rangeAddress":"$HC$99:$HC$135","headAddress":"$HC$99","bodyAddress":"$HC$100:$HC$135","_name":"ручное"}},"emcosID":null,"emcosMLID":null,"codMaketTEP":null,"codTEP":null,"WSName":"PS","rangeAddress":"$HC$98:$HC$135","headAddress":"$HC$98","bodyAddress":"$HC$99:$HC$135","_name":"прием"},"отдача":{"_level":1,"parentID":"eda5bd55-9dc0-4f2b-8400-2af4fde556d5","firstParentID":"ee661c5a-e37c-4bde-8913-f8aadd791e87","ID":"e8fd275c-2334-4846-a2bc-e800b1d830d1","childs":{"ручное":{"_level":2,"parentID":"e8fd275c-2334-4846-a2bc-e800b1d830d1","firstParentID":"ee661c5a-e37c-4bde-8913-f8aadd791e87","ID":"ee7d0a34-31d6-44ff-b123-1acb2a749050","childs":null,"emcosID":null,"emcosMLID":null,"codMaketTEP":null,"codTEP":null,"WSName":"PS","rangeAddress":"$HD$99:$HD$135","headAddress":"$HD$99","bodyAddress":"$HD$100:$HD$135","_name":"ручное"}},"emcosID":null,"emcosMLID":null,"codMaketTEP":null,"codTEP":null,"WSName":"PS","rangeAddress":"$HD$98:$HD$135","headAddress":"$HD$98","bodyAddress":"$HD$99:$HD$135","_name":"отдача"}},"emcosID":null,"emcosMLID":null,"codMaketTEP":null,"codTEP":null,"WSName":"PS","rangeAddress":"$HC$97:$HD$135","headAddress":"$HC$97:$HD$97","bodyAddress":"$HC$98:$HD$135","_name":"ТП2 Медеу тяга"},"DB":{"_level":0,"parentID":"ee661c5a-e37c-4bde-8913-f8aadd791e87","firstParentID":"ee661c5a-e37c-4bde-8913-f8aadd791e87","ID":"a7a4e0f6-5541-4bbd-8dac-85086361b597","childs":{"прием":{"_level":1,"parentID":"a7a4e0f6-5541-4bbd-8dac-85086361b597","firstParentID":"ee661c5a-e37c-4bde-8913-f8aadd791e87","ID":"c28dab7a-3d91-4fab-80a2-1f7d29735e24","childs":{"код":{"_level":2,"parentID":"c28dab7a-3d91-4fab-80a2-1f7d29735e24","firstParentID":"ee661c5a-e37c-4bde-8913-f8aadd791e87","ID":"a23f3bbe-974b-44ed-ba87-bd3a28e579a6","childs":null,"emcosID":null,"emcosMLID":null,"codMaketTEP":null,"codTEP":null,"WSName":"DB","rangeAddress":"$CB$181:$CB$218","headAddress":"$CB$181","bodyAddress":"$CB$182:$CB$218","_name":"код"},"основное":{"_level":2,"parentID":"c28dab7a-3d91-4fab-80a2-1f7d29735e24","firstParentID":"ee661c5a-e37c-4bde-8913-f8aadd791e87","ID":"cf404a5b-0c23-47c0-a549-0f982d54e804","childs":null,"emcosID":null,"emcosMLID":null,"codMaketTEP":null,"codTEP":null,"WSName":"DB","rangeAddress":"$CC$181:$CC$218","headAddress":"$CC$181","bodyAddress":"$CC$182:$CC$218","_name":"основное"},"корректировка факт":{"_level":2,"parentID":"c28dab7a-3d91-4fab-80a2-1f7d29735e24","firstParentID":"ee661c5a-e37c-4bde-8913-f8aadd791e87","ID":"fb8a157d-b661-480d-99e5-2af13881ff68","childs":null,"emcosID":null,"emcosMLID":null,"codMaketTEP":null,"codTEP":null,"WSName":"DB","rangeAddress":"$CD$181:$CD$218","headAddress":"$CD$181","bodyAddress":"$CD$182:$CD$218","_name":"корректировка факт"},"ручное":{"_level":2,"parentID":"c28dab7a-3d91-4fab-80a2-1f7d29735e24","firstParentID":"ee661c5a-e37c-4bde-8913-f8aadd791e87","ID":"cbc8dfc4-9653-40dd-8141-e7b648bfc596","childs":null,"emcosID":null,"emcosMLID":null,"codMaketTEP":null,"codTEP":null,"WSName":"DB","rangeAddress":"$CE$181:$CE$218","headAddress":"$CE$181","bodyAddress":"$CE$182:$CE$218","_name":"ручное"}},"emcosID":null,"emcosMLID":null,"codMaketTEP":null,"codTEP":null,"WSName":"DB","rangeAddress":"$CB$180:$CE$218","headAddress":"$CB$180:$CE$180","bodyAddress":"$CB$181:$CE$218","_name":"прием"},"отдача":{"_level":1,"parentID":"a7a4e0f6-5541-4bbd-8dac-85086361b597","firstParentID":"ee661c5a-e37c-4bde-8913-f8aadd791e87","ID":"6a690092-7679-4327-aba4-16c68c3b23b2","childs":{"код":{"_level":2,"parentID":"6a690092-7679-4327-aba4-16c68c3b23b2","firstParentID":"ee661c5a-e37c-4bde-8913-f8aadd791e87","ID":"41e3d8f1-9ba4-43da-b289-f4b675e67552","childs":null,"emcosID":null,"emcosMLID":null,"codMaketTEP":null,"codTEP":null,"WSName":"DB","rangeAddress":"$CF$181:$CF$218","headAddress":"$CF$181","bodyAddress":"$CF$182:$CF$218","_name":"код"},"основное":{"_level":2,"parentID":"6a690092-7679-4327-aba4-16c68c3b23b2","firstParentID":"ee661c5a-e37c-4bde-8913-f8aadd791e87","ID":"491e70c1-16e3-4720-8c56-fa58e20a76bd","childs":null,"emcosID":null,"emcosMLID":null,"codMaketTEP":null,"codTEP":null,"WSName":"DB","rangeAddress":"$CG$181:$CG$218","headAddress":"$CG$181","bodyAddress":"$CG$182:$CG$218","_name":"основное"},"корректировка факт":{"_level":2,"parentID":"6a690092-7679-4327-aba4-16c68c3b23b2","firstParentID":"ee661c5a-e37c-4bde-8913-f8aadd791e87","ID":"18550b19-ded1-453e-b4e9-2b4ec511ecda","childs":null,"emcosID":null,"emcosMLID":null,"codMaketTEP":null,"codTEP":null,"WSName":"DB","rangeAddress":"$CH$181:$CH$218","headAddress":"$CH$181","bodyAddress":"$CH$182:$CH$218","_name":"корректировка факт"},"ручное":{"_level":2,"parentID":"6a690092-7679-4327-aba4-16c68c3b23b2","firstParentID":"ee661c5a-e37c-4bde-8913-f8aadd791e87","ID":"a265b5cb-2b06-4836-bc68-67dde66ff181","childs":null,"emcosID":null,"emcosMLID":null,"codMaketTEP":null,"codTEP":null,"WSName":"DB","rangeAddress":"$CI$181:$CI$218","headAddress":"$CI$181","bodyAddress":"$CI$182:$CI$218","_name":"ручное"}},"emcosID":null,"emcosMLID":null,"codMaketTEP":null,"codTEP":null,"WSName":"DB","rangeAddress":"$CF$180:$CI$218","headAddress":"$CF$180:$CI$180","bodyAddress":"$CF$181:$CI$218","_name":"отдача"}},"emcosID":null,"emcosMLID":null,"codMaketTEP":null,"codTEP":null,"WSName":"DB","rangeAddress":"$CB$179:$CI$218","headAddress":"$CB$179:$CI$179","bodyAddress":"$CB$180:$CI$218","_name":"ТП2 Медеу тяга"}},"codPlan":null,"meterCoef":null,"_name":"ТП2 Медеу тяга"}