{"ID":"ee72e8a5-3a01-4e21-96e9-b63b67646331","childs":{"PS":{"_level":0,"parentID":"ee72e8a5-3a01-4e21-96e9-b63b67646331","firstParentID":"ee72e8a5-3a01-4e21-96e9-b63b67646331","ID":"482ccb5b-2439-4732-b175-a0687f92fe46","childs":{"прием":{"_level":1,"parentID":"482ccb5b-2439-4732-b175-a0687f92fe46","firstParentID":"ee72e8a5-3a01-4e21-96e9-b63b67646331","ID":"c4a4afba-da93-422f-ae18-8dd566206759","childs":{"по счетчику":{"_level":2,"parentID":"c4a4afba-da93-422f-ae18-8dd566206759","firstParentID":"ee72e8a5-3a01-4e21-96e9-b63b67646331","ID":"b03946fa-b3b9-4908-a15b-2ae09c0f7704","childs":null,"emcosID":null,"emcosMLID":null,"codMaketTEP":null,"codTEP":null,"WSName":"PS","rangeAddress":"$DB$56:$DB$92","headAddress":"$DB$56","bodyAddress":"$DB$57:$DB$92","_name":"по счетчику"}},"emcosID":null,"emcosMLID":null,"codMaketTEP":null,"codTEP":null,"WSName":"PS","rangeAddress":"$DB$55:$DB$92","headAddress":"$DB$55","bodyAddress":"$DB$56:$DB$92","_name":"прием"},"отдача":{"_level":1,"parentID":"482ccb5b-2439-4732-b175-a0687f92fe46","firstParentID":"ee72e8a5-3a01-4e21-96e9-b63b67646331","ID":"8d0b0345-587d-400a-81de-3b6b39eae219","childs":{"по счетчику":{"_level":2,"parentID":"8d0b0345-587d-400a-81de-3b6b39eae219","firstParentID":"ee72e8a5-3a01-4e21-96e9-b63b67646331","ID":"b6615936-5f6d-48f2-b374-747b05d7b334","childs":null,"emcosID":null,"emcosMLID":null,"codMaketTEP":null,"codTEP":null,"WSName":"PS","rangeAddress":"$DC$56:$DC$92","headAddress":"$DC$56","bodyAddress":"$DC$57:$DC$92","_name":"по счетчику"}},"emcosID":null,"emcosMLID":null,"codMaketTEP":null,"codTEP":null,"WSName":"PS","rangeAddress":"$DC$55:$DC$92","headAddress":"$DC$55","bodyAddress":"$DC$56:$DC$92","_name":"отдача"},"сальдо":{"_level":1,"parentID":"482ccb5b-2439-4732-b175-a0687f92fe46","firstParentID":"ee72e8a5-3a01-4e21-96e9-b63b67646331","ID":"d94e5a76-ed97-4506-9188-35aa75bc727e","childs":{"формула":{"_level":2,"parentID":"d94e5a76-ed97-4506-9188-35aa75bc727e","firstParentID":"ee72e8a5-3a01-4e21-96e9-b63b67646331","ID":"b433bef2-e984-4de1-b2a4-5aec7398aa52","childs":null,"emcosID":null,"emcosMLID":null,"codMaketTEP":null,"codTEP":null,"WSName":"PS","rangeAddress":"$DD$56:$DD$92","headAddress":"$DD$56","bodyAddress":"$DD$57:$DD$92","_name":"формула"}},"emcosID":null,"emcosMLID":null,"codMaketTEP":1355,"codTEP":null,"WSName":"PS","rangeAddress":"$DD$55:$DD$92","headAddress":"$DD$55","bodyAddress":"$DD$56:$DD$92","_name":"сальдо"}},"emcosID":null,"emcosMLID":null,"codMaketTEP":null,"codTEP":null,"WSName":"PS","rangeAddress":"$DB$54:$DD$92","headAddress":"$DB$54:$DD$54","bodyAddress":"$DB$55:$DD$92","_name":"Л2093 Алматы"},"DB":{"_level":0,"parentID":"ee72e8a5-3a01-4e21-96e9-b63b67646331","firstParentID":"ee72e8a5-3a01-4e21-96e9-b63b67646331","ID":"80dae351-670a-4f42-aeee-9335c33e5f2c","childs":{"прием":{"_level":1,"parentID":"80dae351-670a-4f42-aeee-9335c33e5f2c","firstParentID":"ee72e8a5-3a01-4e21-96e9-b63b67646331","ID":"189da366-d11d-4573-9acc-72f445948227","childs":{"код":{"_level":2,"parentID":"189da366-d11d-4573-9acc-72f445948227","firstParentID":"ee72e8a5-3a01-4e21-96e9-b63b67646331","ID":"76801e4b-00ce-41ab-a834-e00ba592f3c5","childs":null,"emcosID":null,"emcosMLID":null,"codMaketTEP":null,"codTEP":null,"WSName":"DB","rangeAddress":"$AZ$9:$AZ$46","headAddress":"$AZ$9","bodyAddress":"$AZ$10:$AZ$46","_name":"код"},"основное":{"_level":2,"parentID":"189da366-d11d-4573-9acc-72f445948227","firstParentID":"ee72e8a5-3a01-4e21-96e9-b63b67646331","ID":"143a1235-86ff-4351-8a07-3f822f0771ab","childs":null,"emcosID":null,"emcosMLID":null,"codMaketTEP":null,"codTEP":null,"WSName":"DB","rangeAddress":"$BA$9:$BA$46","headAddress":"$BA$9","bodyAddress":"$BA$10:$BA$46","_name":"основное"},"корректировка факт":{"_level":2,"parentID":"189da366-d11d-4573-9acc-72f445948227","firstParentID":"ee72e8a5-3a01-4e21-96e9-b63b67646331","ID":"f6a23063-b81d-4cbc-a360-8657f9fa7449","childs":null,"emcosID":null,"emcosMLID":null,"codMaketTEP":null,"codTEP":null,"WSName":"DB","rangeAddress":"$BB$9:$BB$46","headAddress":"$BB$9","bodyAddress":"$BB$10:$BB$46","_name":"корректировка факт"},"ручное":{"_level":2,"parentID":"189da366-d11d-4573-9acc-72f445948227","firstParentID":"ee72e8a5-3a01-4e21-96e9-b63b67646331","ID":"1261284a-dfb9-4b60-8f57-781b64107a6d","childs":null,"emcosID":null,"emcosMLID":null,"codMaketTEP":null,"codTEP":null,"WSName":"DB","rangeAddress":"$BC$9:$BC$46","headAddress":"$BC$9","bodyAddress":"$BC$10:$BC$46","_name":"ручное"},"оперативное":{"_level":2,"parentID":"189da366-d11d-4573-9acc-72f445948227","firstParentID":"ee72e8a5-3a01-4e21-96e9-b63b67646331","ID":"daa8c20b-9eaa-40c2-ad96-eee762913772","childs":null,"emcosID":null,"emcosMLID":null,"codMaketTEP":null,"codTEP":null,"WSName":"DB","rangeAddress":"$BD$9:$BD$46","headAddress":"$BD$9","bodyAddress":"$BD$10:$BD$46","_name":"оперативное"},"счетчик":{"_level":2,"parentID":"189da366-d11d-4573-9acc-72f445948227","firstParentID":"ee72e8a5-3a01-4e21-96e9-b63b67646331","ID":"5aa47536-f1e5-4de8-b80e-2a8cea604b42","childs":null,"emcosID":null,"emcosMLID":null,"codMaketTEP":null,"codTEP":null,"WSName":"DB","rangeAddress":"$BE$9:$BE$46","headAddress":"$BE$9","bodyAddress":"$BE$10:$BE$46","_name":"счетчик"},"по счетчику":{"_level":2,"parentID":"189da366-d11d-4573-9acc-72f445948227","firstParentID":"ee72e8a5-3a01-4e21-96e9-b63b67646331","ID":"08dcef1f-1d83-446a-aaac-b2316d17ab30","childs":null,"emcosID":null,"emcosMLID":null,"codMaketTEP":null,"codTEP":null,"WSName":"DB","rangeAddress":"$BF$9:$BF$46","headAddress":"$BF$9","bodyAddress":"$BF$10:$BF$46","_name":"по счетчику"}},"emcosID":null,"emcosMLID":null,"codMaketTEP":null,"codTEP":null,"WSName":"DB","rangeAddress":"$AZ$8:$BF$46","headAddress":"$AZ$8:$BF$8","bodyAddress":"$AZ$9:$BF$46","_name":"прием"},"отдача":{"_level":1,"parentID":"80dae351-670a-4f42-aeee-9335c33e5f2c","firstParentID":"ee72e8a5-3a01-4e21-96e9-b63b67646331","ID":"a34e3a9b-40fe-49f0-8bdf-043fa669e5bf","childs":{"код":{"_level":2,"parentID":"a34e3a9b-40fe-49f0-8bdf-043fa669e5bf","firstParentID":"ee72e8a5-3a01-4e21-96e9-b63b67646331","ID":"bf8925a5-f369-4e8b-b34b-c79fb83ac101","childs":null,"emcosID":null,"emcosMLID":null,"codMaketTEP":null,"codTEP":null,"WSName":"DB","rangeAddress":"$BG$9:$BG$46","headAddress":"$BG$9","bodyAddress":"$BG$10:$BG$46","_name":"код"},"основное":{"_level":2,"parentID":"a34e3a9b-40fe-49f0-8bdf-043fa669e5bf","firstParentID":"ee72e8a5-3a01-4e21-96e9-b63b67646331","ID":"0e521197-d113-4ce0-9802-d32311f68908","childs":null,"emcosID":null,"emcosMLID":null,"codMaketTEP":null,"codTEP":null,"WSName":"DB","rangeAddress":"$BH$9:$BH$46","headAddress":"$BH$9","bodyAddress":"$BH$10:$BH$46","_name":"основное"},"корректировка факт":{"_level":2,"parentID":"a34e3a9b-40fe-49f0-8bdf-043fa669e5bf","firstParentID":"ee72e8a5-3a01-4e21-96e9-b63b67646331","ID":"d0308f29-4012-4ecf-b86f-70397bdabed7","childs":null,"emcosID":null,"emcosMLID":null,"codMaketTEP":null,"codTEP":null,"WSName":"DB","rangeAddress":"$BI$9:$BI$46","headAddress":"$BI$9","bodyAddress":"$BI$10:$BI$46","_name":"корректировка факт"},"ручное":{"_level":2,"parentID":"a34e3a9b-40fe-49f0-8bdf-043fa669e5bf","firstParentID":"ee72e8a5-3a01-4e21-96e9-b63b67646331","ID":"f38dcf04-85c7-4293-8fab-cfee59ff4ad6","childs":null,"emcosID":null,"emcosMLID":null,"codMaketTEP":null,"codTEP":null,"WSName":"DB","rangeAddress":"$BJ$9:$BJ$46","headAddress":"$BJ$9","bodyAddress":"$BJ$10:$BJ$46","_name":"ручное"},"оперативное":{"_level":2,"parentID":"a34e3a9b-40fe-49f0-8bdf-043fa669e5bf","firstParentID":"ee72e8a5-3a01-4e21-96e9-b63b67646331","ID":"64a3e1b1-4cce-49ce-abc5-30cca7484f96","childs":null,"emcosID":null,"emcosMLID":null,"codMaketTEP":null,"codTEP":null,"WSName":"DB","rangeAddress":"$BK$9:$BK$46","headAddress":"$BK$9","bodyAddress":"$BK$10:$BK$46","_name":"оперативное"},"счетчик":{"_level":2,"parentID":"a34e3a9b-40fe-49f0-8bdf-043fa669e5bf","firstParentID":"ee72e8a5-3a01-4e21-96e9-b63b67646331","ID":"55c396a8-9382-4f3a-9082-4d5e473a1336","childs":null,"emcosID":null,"emcosMLID":null,"codMaketTEP":null,"codTEP":null,"WSName":"DB","rangeAddress":"$BL$9:$BL$46","headAddress":"$BL$9","bodyAddress":"$BL$10:$BL$46","_name":"счетчик"},"по счетчику":{"_level":2,"parentID":"a34e3a9b-40fe-49f0-8bdf-043fa669e5bf","firstParentID":"ee72e8a5-3a01-4e21-96e9-b63b67646331","ID":"97c635d1-980e-442d-8fd6-df7f8a54ae6b","childs":null,"emcosID":null,"emcosMLID":null,"codMaketTEP":null,"codTEP":null,"WSName":"DB","rangeAddress":"$BM$9:$BM$46","headAddress":"$BM$9","bodyAddress":"$BM$10:$BM$46","_name":"по счетчику"}},"emcosID":null,"emcosMLID":null,"codMaketTEP":null,"codTEP":null,"WSName":"DB","rangeAddress":"$BG$8:$BM$46","headAddress":"$BG$8:$BM$8","bodyAddress":"$BG$9:$BM$46","_name":"отдача"},"сальдо":{"_level":1,"parentID":"80dae351-670a-4f42-aeee-9335c33e5f2c","firstParentID":"ee72e8a5-3a01-4e21-96e9-b63b67646331","ID":"fee69d8f-f93a-429f-a8f1-ad01913a4f96","childs":{"код":{"_level":2,"parentID":"fee69d8f-f93a-429f-a8f1-ad01913a4f96","firstParentID":"ee72e8a5-3a01-4e21-96e9-b63b67646331","ID":"d8dcb713-9849-441c-ba62-c84b56679060","childs":null,"emcosID":null,"emcosMLID":null,"codMaketTEP":null,"codTEP":null,"WSName":"DB","rangeAddress":"$BN$9:$BN$46","headAddress":"$BN$9","bodyAddress":"$BN$10:$BN$46","_name":"код"},"основное":{"_level":2,"parentID":"fee69d8f-f93a-429f-a8f1-ad01913a4f96","firstParentID":"ee72e8a5-3a01-4e21-96e9-b63b67646331","ID":"56806fae-c286-428f-9890-67bfa90896ed","childs":null,"emcosID":null,"emcosMLID":null,"codMaketTEP":null,"codTEP":null,"WSName":"DB","rangeAddress":"$BO$9:$BO$46","headAddress":"$BO$9","bodyAddress":"$BO$10:$BO$46","_name":"основное"},"корректировка факт":{"_level":2,"parentID":"fee69d8f-f93a-429f-a8f1-ad01913a4f96","firstParentID":"ee72e8a5-3a01-4e21-96e9-b63b67646331","ID":"66748f13-0460-4328-937e-28df6e0d0237","childs":null,"emcosID":null,"emcosMLID":null,"codMaketTEP":null,"codTEP":null,"WSName":"DB","rangeAddress":"$BP$9:$BP$46","headAddress":"$BP$9","bodyAddress":"$BP$10:$BP$46","_name":"корректировка факт"},"ручное":{"_level":2,"parentID":"fee69d8f-f93a-429f-a8f1-ad01913a4f96","firstParentID":"ee72e8a5-3a01-4e21-96e9-b63b67646331","ID":"7a26b835-e9fd-4ab1-8766-2c6cbcd40a9e","childs":null,"emcosID":null,"emcosMLID":null,"codMaketTEP":null,"codTEP":null,"WSName":"DB","rangeAddress":"$BQ$9:$BQ$46","headAddress":"$BQ$9","bodyAddress":"$BQ$10:$BQ$46","_name":"ручное"},"формула":{"_level":2,"parentID":"fee69d8f-f93a-429f-a8f1-ad01913a4f96","firstParentID":"ee72e8a5-3a01-4e21-96e9-b63b67646331","ID":"0ec2b4a3-802c-482e-b765-8c68b77ade1b","childs":null,"emcosID":null,"emcosMLID":null,"codMaketTEP":null,"codTEP":null,"WSName":"DB","rangeAddress":"$BR$9:$BR$46","headAddress":"$BR$9","bodyAddress":"$BR$10:$BR$46","_name":"формула"}},"emcosID":null,"emcosMLID":null,"codMaketTEP":null,"codTEP":null,"WSName":"DB","rangeAddress":"$BN$8:$BR$46","headAddress":"$BN$8:$BR$8","bodyAddress":"$BN$9:$BR$46","_name":"сальдо"}},"emcosID":null,"emcosMLID":null,"codMaketTEP":null,"codTEP":null,"WSName":"DB","rangeAddress":"$AZ$7:$BR$46","headAddress":"$AZ$7:$BR$7","bodyAddress":"$AZ$8:$BR$46","_name":"Л2093 Алматы"}},"codPlan":null,"meterCoef":"2200","_name":"Л2093 Алматы"}