{"ID":"ef8fee38-33f7-4595-a2fb-7c057d0deb59","childs":{"PS":{"_level":0,"parentID":"ef8fee38-33f7-4595-a2fb-7c057d0deb59","firstParentID":"ef8fee38-33f7-4595-a2fb-7c057d0deb59","ID":"891bc766-1958-4b95-ab73-f27273005bda","childs":{"прием":{"_level":1,"parentID":"891bc766-1958-4b95-ab73-f27273005bda","firstParentID":"ef8fee38-33f7-4595-a2fb-7c057d0deb59","ID":"b86de316-7b36-4bd7-b9aa-f947786f0c36","childs":{"формула":{"_level":2,"parentID":"b86de316-7b36-4bd7-b9aa-f947786f0c36","firstParentID":"ef8fee38-33f7-4595-a2fb-7c057d0deb59","ID":"cbeee6fd-df90-47ec-9800-b291ffa91566","childs":null,"emcosID":null,"emcosMLID":null,"codMaketTEP":null,"codTEP":null,"WSName":"PS","rangeAddress":"$AB$185:$AB$221","headAddress":"$AB$185","bodyAddress":"$AB$186:$AB$221","_name":"формула"}},"emcosID":null,"emcosMLID":null,"codMaketTEP":null,"codTEP":null,"WSName":"PS","rangeAddress":"$AB$184:$AB$221","headAddress":"$AB$184","bodyAddress":"$AB$185:$AB$221","_name":"прием"},"план":{"_level":1,"parentID":"891bc766-1958-4b95-ab73-f27273005bda","firstParentID":"ef8fee38-33f7-4595-a2fb-7c057d0deb59","ID":"f24bd326-5c06-4642-9814-a786113edcef","childs":{"заявка":{"_level":2,"parentID":"f24bd326-5c06-4642-9814-a786113edcef","firstParentID":"ef8fee38-33f7-4595-a2fb-7c057d0deb59","ID":"da67eaea-e677-4f33-a226-bd2f1f62d36f","childs":null,"emcosID":null,"emcosMLID":null,"codMaketTEP":null,"codTEP":null,"WSName":"PS","rangeAddress":"$AC$185:$AC$221","headAddress":"$AC$185","bodyAddress":"$AC$186:$AC$221","_name":"заявка"}},"emcosID":null,"emcosMLID":null,"codMaketTEP":null,"codTEP":null,"WSName":"PS","rangeAddress":"$AC$184:$AC$221","headAddress":"$AC$184","bodyAddress":"$AC$185:$AC$221","_name":"план"}},"emcosID":null,"emcosMLID":null,"codMaketTEP":null,"codTEP":null,"WSName":"PS","rangeAddress":"$AB$183:$AC$221","headAddress":"$AB$183:$AC$183","bodyAddress":"$AB$184:$AC$221","_name":"Потребление СТЭМ Алматы"},"DB":{"_level":0,"parentID":"ef8fee38-33f7-4595-a2fb-7c057d0deb59","firstParentID":"ef8fee38-33f7-4595-a2fb-7c057d0deb59","ID":"dee7fc52-e4cd-474d-8d99-9aed64313a67","childs":{"прием":{"_level":1,"parentID":"dee7fc52-e4cd-474d-8d99-9aed64313a67","firstParentID":"ef8fee38-33f7-4595-a2fb-7c057d0deb59","ID":"3ef52e04-c466-4514-8c6e-353547f42390","childs":{"код":{"_level":2,"parentID":"3ef52e04-c466-4514-8c6e-353547f42390","firstParentID":"ef8fee38-33f7-4595-a2fb-7c057d0deb59","ID":"a1e64c64-4c4b-494a-9618-a50347671f1c","childs":null,"emcosID":null,"emcosMLID":null,"codMaketTEP":null,"codTEP":null,"WSName":"DB","rangeAddress":"$AI$396:$AI$433","headAddress":"$AI$396","bodyAddress":"$AI$397:$AI$433","_name":"код"},"основное":{"_level":2,"parentID":"3ef52e04-c466-4514-8c6e-353547f42390","firstParentID":"ef8fee38-33f7-4595-a2fb-7c057d0deb59","ID":"b3e94eb9-0efd-475f-b269-9ede56781304","childs":null,"emcosID":null,"emcosMLID":null,"codMaketTEP":null,"codTEP":null,"WSName":"DB","rangeAddress":"$AJ$396:$AJ$433","headAddress":"$AJ$396","bodyAddress":"$AJ$397:$AJ$433","_name":"основное"},"корректировка факт":{"_level":2,"parentID":"3ef52e04-c466-4514-8c6e-353547f42390","firstParentID":"ef8fee38-33f7-4595-a2fb-7c057d0deb59","ID":"47266950-00ab-4203-bf77-5bb1d19b640d","childs":null,"emcosID":null,"emcosMLID":null,"codMaketTEP":null,"codTEP":null,"WSName":"DB","rangeAddress":"$AK$396:$AK$433","headAddress":"$AK$396","bodyAddress":"$AK$397:$AK$433","_name":"корректировка факт"},"ручное":{"_level":2,"parentID":"3ef52e04-c466-4514-8c6e-353547f42390","firstParentID":"ef8fee38-33f7-4595-a2fb-7c057d0deb59","ID":"aa2db9da-0db2-4c00-adaf-2fdc2ed97ed0","childs":null,"emcosID":null,"emcosMLID":null,"codMaketTEP":null,"codTEP":null,"WSName":"DB","rangeAddress":"$AL$396:$AL$433","headAddress":"$AL$396","bodyAddress":"$AL$397:$AL$433","_name":"ручное"},"по плану":{"_level":2,"parentID":"3ef52e04-c466-4514-8c6e-353547f42390","firstParentID":"ef8fee38-33f7-4595-a2fb-7c057d0deb59","ID":"ee0c6488-198c-489f-bc5f-75f63e41ec10","childs":null,"emcosID":null,"emcosMLID":null,"codMaketTEP":null,"codTEP":null,"WSName":"DB","rangeAddress":"$AM$396:$AM$433","headAddress":"$AM$396","bodyAddress":"$AM$397:$AM$433","_name":"по плану"},"формула":{"_level":2,"parentID":"3ef52e04-c466-4514-8c6e-353547f42390","firstParentID":"ef8fee38-33f7-4595-a2fb-7c057d0deb59","ID":"70de8666-4b4d-49f0-8a81-3b96c6aafef3","childs":null,"emcosID":null,"emcosMLID":null,"codMaketTEP":null,"codTEP":null,"WSName":"DB","rangeAddress":"$AN$396:$AN$433","headAddress":"$AN$396","bodyAddress":"$AN$397:$AN$433","_name":"формула"}},"emcosID":null,"emcosMLID":null,"codMaketTEP":null,"codTEP":null,"WSName":"DB","rangeAddress":"$AI$395:$AN$433","headAddress":"$AI$395:$AN$395","bodyAddress":"$AI$396:$AN$433","_name":"прием"},"план":{"_level":1,"parentID":"dee7fc52-e4cd-474d-8d99-9aed64313a67","firstParentID":"ef8fee38-33f7-4595-a2fb-7c057d0deb59","ID":"5a0e8e94-cebc-4412-9d57-e6d73867ef3d","childs":{"код":{"_level":2,"parentID":"5a0e8e94-cebc-4412-9d57-e6d73867ef3d","firstParentID":"ef8fee38-33f7-4595-a2fb-7c057d0deb59","ID":"62e9b80d-019e-4398-b922-d7ca6f2b5cf3","childs":null,"emcosID":null,"emcosMLID":null,"codMaketTEP":null,"codTEP":null,"WSName":"DB","rangeAddress":"$AO$396:$AO$433","headAddress":"$AO$396","bodyAddress":"$AO$397:$AO$433","_name":"код"},"основное":{"_level":2,"parentID":"5a0e8e94-cebc-4412-9d57-e6d73867ef3d","firstParentID":"ef8fee38-33f7-4595-a2fb-7c057d0deb59","ID":"357aec29-23c8-4c8e-94c3-3687fbd2bf2b","childs":null,"emcosID":null,"emcosMLID":null,"codMaketTEP":null,"codTEP":null,"WSName":"DB","rangeAddress":"$AP$396:$AP$433","headAddress":"$AP$396","bodyAddress":"$AP$397:$AP$433","_name":"основное"},"заявка":{"_level":2,"parentID":"5a0e8e94-cebc-4412-9d57-e6d73867ef3d","firstParentID":"ef8fee38-33f7-4595-a2fb-7c057d0deb59","ID":"fa05d843-120a-4cfd-bb0b-0941934048b4","childs":null,"emcosID":null,"emcosMLID":null,"codMaketTEP":null,"codTEP":null,"WSName":"DB","rangeAddress":"$AQ$396:$AQ$433","headAddress":"$AQ$396","bodyAddress":"$AQ$397:$AQ$433","_name":"заявка"},"утвержденный":{"_level":2,"parentID":"5a0e8e94-cebc-4412-9d57-e6d73867ef3d","firstParentID":"ef8fee38-33f7-4595-a2fb-7c057d0deb59","ID":"04b1e1e2-6c13-40fd-9eb4-983bad971f24","childs":null,"emcosID":null,"emcosMLID":null,"codMaketTEP":null,"codTEP":null,"WSName":"DB","rangeAddress":"$AR$396:$AR$433","headAddress":"$AR$396","bodyAddress":"$AR$397:$AR$433","_name":"утвержденный"},"корректировка":{"_level":2,"parentID":"5a0e8e94-cebc-4412-9d57-e6d73867ef3d","firstParentID":"ef8fee38-33f7-4595-a2fb-7c057d0deb59","ID":"8d58fc13-9685-445d-84ea-a0c0e07bf99d","childs":null,"emcosID":null,"emcosMLID":null,"codMaketTEP":null,"codTEP":null,"WSName":"DB","rangeAddress":"$AS$396:$AS$433","headAddress":"$AS$396","bodyAddress":"$AS$397:$AS$433","_name":"корректировка"}},"emcosID":null,"emcosMLID":null,"codMaketTEP":null,"codTEP":null,"WSName":"DB","rangeAddress":"$AO$395:$AS$433","headAddress":"$AO$395:$AS$395","bodyAddress":"$AO$396:$AS$433","_name":"план"}},"emcosID":null,"emcosMLID":null,"codMaketTEP":null,"codTEP":null,"WSName":"DB","rangeAddress":"$AI$394:$AS$433","headAddress":"$AI$394:$AS$394","bodyAddress":"$AI$395:$AS$433","_name":"Потребление СТЭМ Алматы"}},"codPlan":25,"meterCoef":null,"_name":"Потребление СТЭМ Алматы"}