{"ID":"f1efe697-5156-4530-9d76-bd48b7334ef3","childs":{"PS":{"_level":0,"parentID":"f1efe697-5156-4530-9d76-bd48b7334ef3","firstParentID":"f1efe697-5156-4530-9d76-bd48b7334ef3","ID":"599361e2-9ae8-4834-830d-6666c0505289","childs":{"прием":{"_level":1,"parentID":"599361e2-9ae8-4834-830d-6666c0505289","firstParentID":"f1efe697-5156-4530-9d76-bd48b7334ef3","ID":"e78f5159-1e23-40a0-a225-e96f8e7b1978","childs":{"формула":{"_level":2,"parentID":"e78f5159-1e23-40a0-a225-e96f8e7b1978","firstParentID":"f1efe697-5156-4530-9d76-bd48b7334ef3","ID":"87dbf03a-feae-4c65-868f-b0f9e5c8b06f","childs":null,"emcosID":null,"emcosMLID":null,"codMaketTEP":null,"codTEP":null,"WSName":"PS","rangeAddress":"$EF$185:$EF$221","headAddress":"$EF$185","bodyAddress":"$EF$186:$EF$221","_name":"формула"}},"emcosID":null,"emcosMLID":null,"codMaketTEP":1304,"codTEP":null,"WSName":"PS","rangeAddress":"$EF$184:$EF$221","headAddress":"$EF$184","bodyAddress":"$EF$185:$EF$221","_name":"прием"}},"emcosID":null,"emcosMLID":null,"codMaketTEP":null,"codTEP":null,"WSName":"PS","rangeAddress":"$EF$183:$EF$221","headAddress":"$EF$183","bodyAddress":"$EF$184:$EF$221","_name":"с.н. Станции Алматинского энергоузла"},"DB":{"_level":0,"parentID":"f1efe697-5156-4530-9d76-bd48b7334ef3","firstParentID":"f1efe697-5156-4530-9d76-bd48b7334ef3","ID":"c0c87a5e-b7b3-45ba-9b60-c10268595445","childs":{"прием":{"_level":1,"parentID":"c0c87a5e-b7b3-45ba-9b60-c10268595445","firstParentID":"f1efe697-5156-4530-9d76-bd48b7334ef3","ID":"4557d4df-238c-4ec1-b335-d584699ab933","childs":{"код":{"_level":2,"parentID":"4557d4df-238c-4ec1-b335-d584699ab933","firstParentID":"f1efe697-5156-4530-9d76-bd48b7334ef3","ID":"72637f2c-8c23-4b63-b7e6-96d6aab1c73e","childs":null,"emcosID":null,"emcosMLID":null,"codMaketTEP":null,"codTEP":null,"WSName":"DB","rangeAddress":"$AV$267:$AV$304","headAddress":"$AV$267","bodyAddress":"$AV$268:$AV$304","_name":"код"},"основное":{"_level":2,"parentID":"4557d4df-238c-4ec1-b335-d584699ab933","firstParentID":"f1efe697-5156-4530-9d76-bd48b7334ef3","ID":"315e7d6c-d51e-40f3-bf84-1757c531080b","childs":null,"emcosID":null,"emcosMLID":null,"codMaketTEP":null,"codTEP":null,"WSName":"DB","rangeAddress":"$AW$267:$AW$304","headAddress":"$AW$267","bodyAddress":"$AW$268:$AW$304","_name":"основное"},"корректировка факт":{"_level":2,"parentID":"4557d4df-238c-4ec1-b335-d584699ab933","firstParentID":"f1efe697-5156-4530-9d76-bd48b7334ef3","ID":"f4e720d7-3b5f-4b05-bf2d-45f3d6936423","childs":null,"emcosID":null,"emcosMLID":null,"codMaketTEP":null,"codTEP":null,"WSName":"DB","rangeAddress":"$AX$267:$AX$304","headAddress":"$AX$267","bodyAddress":"$AX$268:$AX$304","_name":"корректировка факт"},"ручное":{"_level":2,"parentID":"4557d4df-238c-4ec1-b335-d584699ab933","firstParentID":"f1efe697-5156-4530-9d76-bd48b7334ef3","ID":"b125e788-43d9-4ef6-8451-04f0f65aeacc","childs":null,"emcosID":null,"emcosMLID":null,"codMaketTEP":null,"codTEP":null,"WSName":"DB","rangeAddress":"$AY$267:$AY$304","headAddress":"$AY$267","bodyAddress":"$AY$268:$AY$304","_name":"ручное"},"формула":{"_level":2,"parentID":"4557d4df-238c-4ec1-b335-d584699ab933","firstParentID":"f1efe697-5156-4530-9d76-bd48b7334ef3","ID":"a13fdc5f-d568-415d-88b8-9a0211c21e6b","childs":null,"emcosID":null,"emcosMLID":null,"codMaketTEP":null,"codTEP":null,"WSName":"DB","rangeAddress":"$AZ$267:$AZ$304","headAddress":"$AZ$267","bodyAddress":"$AZ$268:$AZ$304","_name":"формула"}},"emcosID":null,"emcosMLID":null,"codMaketTEP":null,"codTEP":null,"WSName":"DB","rangeAddress":"$AV$266:$AZ$304","headAddress":"$AV$266:$AZ$266","bodyAddress":"$AV$267:$AZ$304","_name":"прием"}},"emcosID":null,"emcosMLID":null,"codMaketTEP":null,"codTEP":null,"WSName":"DB","rangeAddress":"$AV$265:$AZ$304","headAddress":"$AV$265:$AZ$265","bodyAddress":"$AV$266:$AZ$304","_name":"с.н. Станции Алматинского энергоузла"}},"codPlan":null,"meterCoef":null,"_name":"с.н. Станции Алматинского энергоузла"}