{"ID":"f23dc7a0-b9f9-408d-845a-23c56a1389d0","childs":{"PS":{"_level":0,"parentID":"f23dc7a0-b9f9-408d-845a-23c56a1389d0","firstParentID":"f23dc7a0-b9f9-408d-845a-23c56a1389d0","ID":"54a3c9e6-2f90-4e46-b78c-8cee001adcde","childs":{"прием":{"_level":1,"parentID":"54a3c9e6-2f90-4e46-b78c-8cee001adcde","firstParentID":"f23dc7a0-b9f9-408d-845a-23c56a1389d0","ID":"f6667a29-f737-4520-9d61-9a93338b5975","childs":{"формула":{"_level":2,"parentID":"f6667a29-f737-4520-9d61-9a93338b5975","firstParentID":"f23dc7a0-b9f9-408d-845a-23c56a1389d0","ID":"30823f07-d276-4d41-b242-96456bb0b4b4","childs":null,"emcosID":null,"emcosMLID":null,"codMaketTEP":null,"codTEP":null,"WSName":"PS","rangeAddress":"$DM$185:$DM$221","headAddress":"$DM$185","bodyAddress":"$DM$186:$DM$221","_name":"формула"}},"emcosID":null,"emcosMLID":null,"codMaketTEP":null,"codTEP":null,"WSName":"PS","rangeAddress":"$DM$184:$DM$221","headAddress":"$DM$184","bodyAddress":"$DM$185:$DM$221","_name":"прием"},"план":{"_level":1,"parentID":"54a3c9e6-2f90-4e46-b78c-8cee001adcde","firstParentID":"f23dc7a0-b9f9-408d-845a-23c56a1389d0","ID":"575df01d-4b7f-478a-b6f6-68621c63b601","childs":{"заявка":{"_level":2,"parentID":"575df01d-4b7f-478a-b6f6-68621c63b601","firstParentID":"f23dc7a0-b9f9-408d-845a-23c56a1389d0","ID":"7b0080be-77ba-44da-a016-dae4eca0d9d3","childs":null,"emcosID":null,"emcosMLID":null,"codMaketTEP":null,"codTEP":null,"WSName":"PS","rangeAddress":"$DN$185:$DN$221","headAddress":"$DN$185","bodyAddress":"$DN$186:$DN$221","_name":"заявка"}},"emcosID":null,"emcosMLID":null,"codMaketTEP":null,"codTEP":null,"WSName":"PS","rangeAddress":"$DN$184:$DN$221","headAddress":"$DN$184","bodyAddress":"$DN$185:$DN$221","_name":"план"}},"emcosID":null,"emcosMLID":null,"codMaketTEP":null,"codTEP":null,"WSName":"PS","rangeAddress":"$DM$183:$DN$221","headAddress":"$DM$183:$DN$183","bodyAddress":"$DM$184:$DN$221","_name":"Потери KEGOC Алматинский энергоузел"},"DB":{"_level":0,"parentID":"f23dc7a0-b9f9-408d-845a-23c56a1389d0","firstParentID":"f23dc7a0-b9f9-408d-845a-23c56a1389d0","ID":"0c216cfc-5022-419e-8107-771390075ee5","childs":{"прием":{"_level":1,"parentID":"0c216cfc-5022-419e-8107-771390075ee5","firstParentID":"f23dc7a0-b9f9-408d-845a-23c56a1389d0","ID":"937941f8-8927-4fbe-b228-cceef18e98e3","childs":{"код":{"_level":2,"parentID":"937941f8-8927-4fbe-b228-cceef18e98e3","firstParentID":"f23dc7a0-b9f9-408d-845a-23c56a1389d0","ID":"d7121b5f-d404-47e1-9e0b-e772e8a5bbc6","childs":null,"emcosID":null,"emcosMLID":null,"codMaketTEP":null,"codTEP":null,"WSName":"DB","rangeAddress":"$GB$353:$GB$390","headAddress":"$GB$353","bodyAddress":"$GB$354:$GB$390","_name":"код"},"основное":{"_level":2,"parentID":"937941f8-8927-4fbe-b228-cceef18e98e3","firstParentID":"f23dc7a0-b9f9-408d-845a-23c56a1389d0","ID":"8af988cc-5d78-45a0-9012-7f7779088370","childs":null,"emcosID":null,"emcosMLID":null,"codMaketTEP":null,"codTEP":null,"WSName":"DB","rangeAddress":"$GC$353:$GC$390","headAddress":"$GC$353","bodyAddress":"$GC$354:$GC$390","_name":"основное"},"корректировка факт":{"_level":2,"parentID":"937941f8-8927-4fbe-b228-cceef18e98e3","firstParentID":"f23dc7a0-b9f9-408d-845a-23c56a1389d0","ID":"de7147f3-61a7-400d-8924-65487d430984","childs":null,"emcosID":null,"emcosMLID":null,"codMaketTEP":null,"codTEP":null,"WSName":"DB","rangeAddress":"$GD$353:$GD$390","headAddress":"$GD$353","bodyAddress":"$GD$354:$GD$390","_name":"корректировка факт"},"ручное":{"_level":2,"parentID":"937941f8-8927-4fbe-b228-cceef18e98e3","firstParentID":"f23dc7a0-b9f9-408d-845a-23c56a1389d0","ID":"ffb72213-333d-401b-9273-4a3766a80316","childs":null,"emcosID":null,"emcosMLID":null,"codMaketTEP":null,"codTEP":null,"WSName":"DB","rangeAddress":"$GE$353:$GE$390","headAddress":"$GE$353","bodyAddress":"$GE$354:$GE$390","_name":"ручное"},"формула":{"_level":2,"parentID":"937941f8-8927-4fbe-b228-cceef18e98e3","firstParentID":"f23dc7a0-b9f9-408d-845a-23c56a1389d0","ID":"bb262bf2-61af-48c4-a8bf-bee2872ecff7","childs":null,"emcosID":null,"emcosMLID":null,"codMaketTEP":null,"codTEP":null,"WSName":"DB","rangeAddress":"$GF$353:$GF$390","headAddress":"$GF$353","bodyAddress":"$GF$354:$GF$390","_name":"формула"},"по плану":{"_level":2,"parentID":"937941f8-8927-4fbe-b228-cceef18e98e3","firstParentID":"f23dc7a0-b9f9-408d-845a-23c56a1389d0","ID":"c3ebc611-c323-43d6-9730-621eb247185c","childs":null,"emcosID":null,"emcosMLID":null,"codMaketTEP":null,"codTEP":null,"WSName":"DB","rangeAddress":"$GG$353:$GG$390","headAddress":"$GG$353","bodyAddress":"$GG$354:$GG$390","_name":"по плану"}},"emcosID":null,"emcosMLID":null,"codMaketTEP":null,"codTEP":null,"WSName":"DB","rangeAddress":"$GB$352:$GG$390","headAddress":"$GB$352:$GG$352","bodyAddress":"$GB$353:$GG$390","_name":"прием"},"план":{"_level":1,"parentID":"0c216cfc-5022-419e-8107-771390075ee5","firstParentID":"f23dc7a0-b9f9-408d-845a-23c56a1389d0","ID":"eac78bbc-b5c5-4066-9a93-a66298ea08f2","childs":{"код":{"_level":2,"parentID":"eac78bbc-b5c5-4066-9a93-a66298ea08f2","firstParentID":"f23dc7a0-b9f9-408d-845a-23c56a1389d0","ID":"c5f673d3-6d0b-46cd-bef7-39d9e7de07ce","childs":null,"emcosID":null,"emcosMLID":null,"codMaketTEP":null,"codTEP":null,"WSName":"DB","rangeAddress":"$GH$353:$GH$390","headAddress":"$GH$353","bodyAddress":"$GH$354:$GH$390","_name":"код"},"основное":{"_level":2,"parentID":"eac78bbc-b5c5-4066-9a93-a66298ea08f2","firstParentID":"f23dc7a0-b9f9-408d-845a-23c56a1389d0","ID":"f86a4867-26c3-48c2-bdc2-bbea91569775","childs":null,"emcosID":null,"emcosMLID":null,"codMaketTEP":null,"codTEP":null,"WSName":"DB","rangeAddress":"$GI$353:$GI$390","headAddress":"$GI$353","bodyAddress":"$GI$354:$GI$390","_name":"основное"},"заявка":{"_level":2,"parentID":"eac78bbc-b5c5-4066-9a93-a66298ea08f2","firstParentID":"f23dc7a0-b9f9-408d-845a-23c56a1389d0","ID":"d58e6c17-e762-440b-a6bc-cd9dbc3066e6","childs":null,"emcosID":null,"emcosMLID":null,"codMaketTEP":null,"codTEP":null,"WSName":"DB","rangeAddress":"$GJ$353:$GJ$390","headAddress":"$GJ$353","bodyAddress":"$GJ$354:$GJ$390","_name":"заявка"},"утвержденный":{"_level":2,"parentID":"eac78bbc-b5c5-4066-9a93-a66298ea08f2","firstParentID":"f23dc7a0-b9f9-408d-845a-23c56a1389d0","ID":"c9db1cf6-626a-4c3b-93da-440d49907a15","childs":null,"emcosID":null,"emcosMLID":null,"codMaketTEP":null,"codTEP":null,"WSName":"DB","rangeAddress":"$GK$353:$GK$390","headAddress":"$GK$353","bodyAddress":"$GK$354:$GK$390","_name":"утвержденный"},"корректировка":{"_level":2,"parentID":"eac78bbc-b5c5-4066-9a93-a66298ea08f2","firstParentID":"f23dc7a0-b9f9-408d-845a-23c56a1389d0","ID":"30780c13-f7bf-476e-ae14-301e53476f1a","childs":null,"emcosID":null,"emcosMLID":null,"codMaketTEP":null,"codTEP":null,"WSName":"DB","rangeAddress":"$GL$353:$GL$390","headAddress":"$GL$353","bodyAddress":"$GL$354:$GL$390","_name":"корректировка"}},"emcosID":null,"emcosMLID":null,"codMaketTEP":null,"codTEP":null,"WSName":"DB","rangeAddress":"$GH$352:$GL$390","headAddress":"$GH$352:$GL$352","bodyAddress":"$GH$353:$GL$390","_name":"план"}},"emcosID":null,"emcosMLID":null,"codMaketTEP":null,"codTEP":null,"WSName":"DB","rangeAddress":"$GB$351:$GL$390","headAddress":"$GB$351:$GL$351","bodyAddress":"$GB$352:$GL$390","_name":"Потери KEGOC Алматинский энергоузел"}},"codPlan":6,"meterCoef":null,"_name":"Потери KEGOC Алматинский энергоузел"}