{"ID":"f23dc7a0-b9f9-408d-845a-23c56a1389d0","childs":{"PS":{"_level":0,"parentID":"f23dc7a0-b9f9-408d-845a-23c56a1389d0","firstParentID":"f23dc7a0-b9f9-408d-845a-23c56a1389d0","ID":"54a3c9e6-2f90-4e46-b78c-8cee001adcde","childs":{"прием":{"_level":1,"parentID":"54a3c9e6-2f90-4e46-b78c-8cee001adcde","firstParentID":"f23dc7a0-b9f9-408d-845a-23c56a1389d0","ID":"f6667a29-f737-4520-9d61-9a93338b5975","childs":{"формула":{"_level":2,"parentID":"f6667a29-f737-4520-9d61-9a93338b5975","firstParentID":"f23dc7a0-b9f9-408d-845a-23c56a1389d0","ID":"30823f07-d276-4d41-b242-96456bb0b4b4","childs":null,"emcosID":null,"emcosMLID":null,"codMaketTEP":null,"codTEP":null,"WSName":"PS","rangeAddress":"$DT$185:$DT$221","headAddress":"$DT$185","bodyAddress":"$DT$186:$DT$221","_name":"формула"}},"emcosID":null,"emcosMLID":null,"codMaketTEP":null,"codTEP":null,"WSName":"PS","rangeAddress":"$DT$184:$DT$221","headAddress":"$DT$184","bodyAddress":"$DT$185:$DT$221","_name":"прием"},"план":{"_level":1,"parentID":"54a3c9e6-2f90-4e46-b78c-8cee001adcde","firstParentID":"f23dc7a0-b9f9-408d-845a-23c56a1389d0","ID":"575df01d-4b7f-478a-b6f6-68621c63b601","childs":{"заявка":{"_level":2,"parentID":"575df01d-4b7f-478a-b6f6-68621c63b601","firstParentID":"f23dc7a0-b9f9-408d-845a-23c56a1389d0","ID":"7b0080be-77ba-44da-a016-dae4eca0d9d3","childs":null,"emcosID":null,"emcosMLID":null,"codMaketTEP":null,"codTEP":null,"WSName":"PS","rangeAddress":"$DU$185:$DU$221","headAddress":"$DU$185","bodyAddress":"$DU$186:$DU$221","_name":"заявка"}},"emcosID":null,"emcosMLID":null,"codMaketTEP":null,"codTEP":null,"WSName":"PS","rangeAddress":"$DU$184:$DU$221","headAddress":"$DU$184","bodyAddress":"$DU$185:$DU$221","_name":"план"}},"emcosID":null,"emcosMLID":null,"codMaketTEP":null,"codTEP":null,"WSName":"PS","rangeAddress":"$DT$183:$DU$221","headAddress":"$DT$183:$DU$183","bodyAddress":"$DT$184:$DU$221","_name":"Потери KEGOC Алматинский энергоузел"},"DB":{"_level":0,"parentID":"f23dc7a0-b9f9-408d-845a-23c56a1389d0","firstParentID":"f23dc7a0-b9f9-408d-845a-23c56a1389d0","ID":"0c216cfc-5022-419e-8107-771390075ee5","childs":{"прием":{"_level":1,"parentID":"0c216cfc-5022-419e-8107-771390075ee5","firstParentID":"f23dc7a0-b9f9-408d-845a-23c56a1389d0","ID":"937941f8-8927-4fbe-b228-cceef18e98e3","childs":{"код":{"_level":2,"parentID":"937941f8-8927-4fbe-b228-cceef18e98e3","firstParentID":"f23dc7a0-b9f9-408d-845a-23c56a1389d0","ID":"d7121b5f-d404-47e1-9e0b-e772e8a5bbc6","childs":null,"emcosID":null,"emcosMLID":null,"codMaketTEP":null,"codTEP":null,"WSName":"DB","rangeAddress":"$FS$353:$FS$390","headAddress":"$FS$353","bodyAddress":"$FS$354:$FS$390","_name":"код"},"основное":{"_level":2,"parentID":"937941f8-8927-4fbe-b228-cceef18e98e3","firstParentID":"f23dc7a0-b9f9-408d-845a-23c56a1389d0","ID":"8af988cc-5d78-45a0-9012-7f7779088370","childs":null,"emcosID":null,"emcosMLID":null,"codMaketTEP":null,"codTEP":null,"WSName":"DB","rangeAddress":"$FT$353:$FT$390","headAddress":"$FT$353","bodyAddress":"$FT$354:$FT$390","_name":"основное"},"корректировка факт":{"_level":2,"parentID":"937941f8-8927-4fbe-b228-cceef18e98e3","firstParentID":"f23dc7a0-b9f9-408d-845a-23c56a1389d0","ID":"de7147f3-61a7-400d-8924-65487d430984","childs":null,"emcosID":null,"emcosMLID":null,"codMaketTEP":null,"codTEP":null,"WSName":"DB","rangeAddress":"$FU$353:$FU$390","headAddress":"$FU$353","bodyAddress":"$FU$354:$FU$390","_name":"корректировка факт"},"ручное":{"_level":2,"parentID":"937941f8-8927-4fbe-b228-cceef18e98e3","firstParentID":"f23dc7a0-b9f9-408d-845a-23c56a1389d0","ID":"ffb72213-333d-401b-9273-4a3766a80316","childs":null,"emcosID":null,"emcosMLID":null,"codMaketTEP":null,"codTEP":null,"WSName":"DB","rangeAddress":"$FV$353:$FV$390","headAddress":"$FV$353","bodyAddress":"$FV$354:$FV$390","_name":"ручное"},"формула":{"_level":2,"parentID":"937941f8-8927-4fbe-b228-cceef18e98e3","firstParentID":"f23dc7a0-b9f9-408d-845a-23c56a1389d0","ID":"bb262bf2-61af-48c4-a8bf-bee2872ecff7","childs":null,"emcosID":null,"emcosMLID":null,"codMaketTEP":null,"codTEP":null,"WSName":"DB","rangeAddress":"$FW$353:$FW$390","headAddress":"$FW$353","bodyAddress":"$FW$354:$FW$390","_name":"формула"},"по плану":{"_level":2,"parentID":"937941f8-8927-4fbe-b228-cceef18e98e3","firstParentID":"f23dc7a0-b9f9-408d-845a-23c56a1389d0","ID":"c3ebc611-c323-43d6-9730-621eb247185c","childs":null,"emcosID":null,"emcosMLID":null,"codMaketTEP":null,"codTEP":null,"WSName":"DB","rangeAddress":"$FX$353:$FX$390","headAddress":"$FX$353","bodyAddress":"$FX$354:$FX$390","_name":"по плану"}},"emcosID":null,"emcosMLID":null,"codMaketTEP":null,"codTEP":null,"WSName":"DB","rangeAddress":"$FS$352:$FX$390","headAddress":"$FS$352:$FX$352","bodyAddress":"$FS$353:$FX$390","_name":"прием"},"план":{"_level":1,"parentID":"0c216cfc-5022-419e-8107-771390075ee5","firstParentID":"f23dc7a0-b9f9-408d-845a-23c56a1389d0","ID":"eac78bbc-b5c5-4066-9a93-a66298ea08f2","childs":{"код":{"_level":2,"parentID":"eac78bbc-b5c5-4066-9a93-a66298ea08f2","firstParentID":"f23dc7a0-b9f9-408d-845a-23c56a1389d0","ID":"c5f673d3-6d0b-46cd-bef7-39d9e7de07ce","childs":null,"emcosID":null,"emcosMLID":null,"codMaketTEP":null,"codTEP":null,"WSName":"DB","rangeAddress":"$FY$353:$FY$390","headAddress":"$FY$353","bodyAddress":"$FY$354:$FY$390","_name":"код"},"основное":{"_level":2,"parentID":"eac78bbc-b5c5-4066-9a93-a66298ea08f2","firstParentID":"f23dc7a0-b9f9-408d-845a-23c56a1389d0","ID":"f86a4867-26c3-48c2-bdc2-bbea91569775","childs":null,"emcosID":null,"emcosMLID":null,"codMaketTEP":null,"codTEP":null,"WSName":"DB","rangeAddress":"$FZ$353:$FZ$390","headAddress":"$FZ$353","bodyAddress":"$FZ$354:$FZ$390","_name":"основное"},"заявка":{"_level":2,"parentID":"eac78bbc-b5c5-4066-9a93-a66298ea08f2","firstParentID":"f23dc7a0-b9f9-408d-845a-23c56a1389d0","ID":"d58e6c17-e762-440b-a6bc-cd9dbc3066e6","childs":null,"emcosID":null,"emcosMLID":null,"codMaketTEP":null,"codTEP":null,"WSName":"DB","rangeAddress":"$GA$353:$GA$390","headAddress":"$GA$353","bodyAddress":"$GA$354:$GA$390","_name":"заявка"},"утвержденный":{"_level":2,"parentID":"eac78bbc-b5c5-4066-9a93-a66298ea08f2","firstParentID":"f23dc7a0-b9f9-408d-845a-23c56a1389d0","ID":"c9db1cf6-626a-4c3b-93da-440d49907a15","childs":null,"emcosID":null,"emcosMLID":null,"codMaketTEP":null,"codTEP":null,"WSName":"DB","rangeAddress":"$GB$353:$GB$390","headAddress":"$GB$353","bodyAddress":"$GB$354:$GB$390","_name":"утвержденный"},"корректировка":{"_level":2,"parentID":"eac78bbc-b5c5-4066-9a93-a66298ea08f2","firstParentID":"f23dc7a0-b9f9-408d-845a-23c56a1389d0","ID":"30780c13-f7bf-476e-ae14-301e53476f1a","childs":null,"emcosID":null,"emcosMLID":null,"codMaketTEP":null,"codTEP":null,"WSName":"DB","rangeAddress":"$GC$353:$GC$390","headAddress":"$GC$353","bodyAddress":"$GC$354:$GC$390","_name":"корректировка"}},"emcosID":null,"emcosMLID":null,"codMaketTEP":null,"codTEP":null,"WSName":"DB","rangeAddress":"$FY$352:$GC$390","headAddress":"$FY$352:$GC$352","bodyAddress":"$FY$353:$GC$390","_name":"план"}},"emcosID":null,"emcosMLID":null,"codMaketTEP":null,"codTEP":null,"WSName":"DB","rangeAddress":"$FS$351:$GC$390","headAddress":"$FS$351:$GC$351","bodyAddress":"$FS$352:$GC$390","_name":"Потери KEGOC Алматинский энергоузел"}},"codPlan":6,"meterCoef":null,"_name":"Потери KEGOC Алматинский энергоузел"}