{"ID":"f2a6ed14-10c5-4d44-8ab0-aeaf4c9dcb5a","childs":{"PS":{"_level":0,"parentID":"f2a6ed14-10c5-4d44-8ab0-aeaf4c9dcb5a","firstParentID":"f2a6ed14-10c5-4d44-8ab0-aeaf4c9dcb5a","ID":"c337caac-fcdc-473c-a57f-8dedff15b56d","childs":{"отдача":{"_level":1,"parentID":"c337caac-fcdc-473c-a57f-8dedff15b56d","firstParentID":"f2a6ed14-10c5-4d44-8ab0-aeaf4c9dcb5a","ID":"663f31d7-f4a4-4814-b725-7386e863d39f","childs":{"оперативное":{"_level":2,"parentID":"663f31d7-f4a4-4814-b725-7386e863d39f","firstParentID":"f2a6ed14-10c5-4d44-8ab0-aeaf4c9dcb5a","ID":"3f4a6168-856d-46c3-9f82-dc2e956084e1","childs":null,"emcosID":null,"emcosMLID":null,"codMaketTEP":null,"codTEP":null,"WSName":"PS","rangeAddress":"$AB$185:$AB$221","headAddress":"$AB$185","bodyAddress":"$AB$186:$AB$221","_name":"оперативное"}},"emcosID":null,"emcosMLID":null,"codMaketTEP":null,"codTEP":null,"WSName":"PS","rangeAddress":"$AB$184:$AB$221","headAddress":"$AB$184","bodyAddress":"$AB$185:$AB$221","_name":"отдача"}},"emcosID":null,"emcosMLID":null,"codMaketTEP":null,"codTEP":null,"WSName":"PS","rangeAddress":"$AB$183:$AB$221","headAddress":"$AB$183","bodyAddress":"$AB$184:$AB$221","_name":"АТЭЦ2 АлЭС"},"DB":{"_level":0,"parentID":"f2a6ed14-10c5-4d44-8ab0-aeaf4c9dcb5a","firstParentID":"f2a6ed14-10c5-4d44-8ab0-aeaf4c9dcb5a","ID":"b7be5b3c-5677-44ce-b3d5-734658e73ddb","childs":{"отдача":{"_level":1,"parentID":"b7be5b3c-5677-44ce-b3d5-734658e73ddb","firstParentID":"f2a6ed14-10c5-4d44-8ab0-aeaf4c9dcb5a","ID":"fa1fce02-071b-492f-9804-8dcb5c19d04c","childs":{"код":{"_level":2,"parentID":"fa1fce02-071b-492f-9804-8dcb5c19d04c","firstParentID":"f2a6ed14-10c5-4d44-8ab0-aeaf4c9dcb5a","ID":"000cfeae-5c4e-493c-ba3b-9e58d64d90bd","childs":null,"emcosID":null,"emcosMLID":null,"codMaketTEP":null,"codTEP":null,"WSName":"DB","rangeAddress":"$M$138:$M$175","headAddress":"$M$138","bodyAddress":"$M$139:$M$175","_name":"код"},"основное":{"_level":2,"parentID":"fa1fce02-071b-492f-9804-8dcb5c19d04c","firstParentID":"f2a6ed14-10c5-4d44-8ab0-aeaf4c9dcb5a","ID":"f3b93e60-bdb2-42a1-a32f-d54378c8331f","childs":null,"emcosID":null,"emcosMLID":null,"codMaketTEP":null,"codTEP":null,"WSName":"DB","rangeAddress":"$N$138:$N$175","headAddress":"$N$138","bodyAddress":"$N$139:$N$175","_name":"основное"},"корректировка факт":{"_level":2,"parentID":"fa1fce02-071b-492f-9804-8dcb5c19d04c","firstParentID":"f2a6ed14-10c5-4d44-8ab0-aeaf4c9dcb5a","ID":"53ca1644-5ba8-4764-8e58-5f64580dce2a","childs":null,"emcosID":null,"emcosMLID":null,"codMaketTEP":null,"codTEP":null,"WSName":"DB","rangeAddress":"$O$138:$O$175","headAddress":"$O$138","bodyAddress":"$O$139:$O$175","_name":"корректировка факт"},"ручное":{"_level":2,"parentID":"fa1fce02-071b-492f-9804-8dcb5c19d04c","firstParentID":"f2a6ed14-10c5-4d44-8ab0-aeaf4c9dcb5a","ID":"e2ce50fc-45d1-4208-982a-e9b5c879b676","childs":null,"emcosID":null,"emcosMLID":null,"codMaketTEP":null,"codTEP":null,"WSName":"DB","rangeAddress":"$P$138:$P$175","headAddress":"$P$138","bodyAddress":"$P$139:$P$175","_name":"ручное"},"оперативное":{"_level":2,"parentID":"fa1fce02-071b-492f-9804-8dcb5c19d04c","firstParentID":"f2a6ed14-10c5-4d44-8ab0-aeaf4c9dcb5a","ID":"24657b78-68be-4b27-bd32-78c6f4f462c3","childs":null,"emcosID":null,"emcosMLID":null,"codMaketTEP":null,"codTEP":null,"WSName":"DB","rangeAddress":"$Q$138:$Q$175","headAddress":"$Q$138","bodyAddress":"$Q$139:$Q$175","_name":"оперативное"}},"emcosID":null,"emcosMLID":null,"codMaketTEP":null,"codTEP":null,"WSName":"DB","rangeAddress":"$M$137:$Q$175","headAddress":"$M$137:$Q$137","bodyAddress":"$M$138:$Q$175","_name":"отдача"}},"emcosID":null,"emcosMLID":null,"codMaketTEP":null,"codTEP":null,"WSName":"DB","rangeAddress":"$M$136:$Q$175","headAddress":"$M$136:$Q$136","bodyAddress":"$M$137:$Q$175","_name":"АТЭЦ2 АлЭС"}},"codPlan":null,"meterCoef":null,"_name":"АТЭЦ2 АлЭС"}