{"ID":"f33d4025-110d-4b93-a549-0dc9f19c0cd1","childs":{"PS":{"_level":0,"parentID":"f33d4025-110d-4b93-a549-0dc9f19c0cd1","firstParentID":"f33d4025-110d-4b93-a549-0dc9f19c0cd1","ID":"c1e5fe13-158f-4c4d-8a81-74f1224f2c11","childs":{"прием":{"_level":1,"parentID":"c1e5fe13-158f-4c4d-8a81-74f1224f2c11","firstParentID":"f33d4025-110d-4b93-a549-0dc9f19c0cd1","ID":"49b8823f-ab08-4ca9-b722-955ad4d87ed9","childs":{"оперативное":{"_level":2,"parentID":"49b8823f-ab08-4ca9-b722-955ad4d87ed9","firstParentID":"f33d4025-110d-4b93-a549-0dc9f19c0cd1","ID":"f4c61446-8838-4806-b9d3-533e526cb535","childs":null,"emcosID":null,"emcosMLID":null,"codMaketTEP":null,"codTEP":null,"WSName":"PS","rangeAddress":"$Z$228:$Z$264","headAddress":"$Z$228","bodyAddress":"$Z$229:$Z$264","_name":"оперативное"}},"emcosID":null,"emcosMLID":null,"codMaketTEP":null,"codTEP":null,"WSName":"PS","rangeAddress":"$Z$227:$Z$264","headAddress":"$Z$227","bodyAddress":"$Z$228:$Z$264","_name":"прием"}},"emcosID":null,"emcosMLID":null,"codMaketTEP":null,"codTEP":null,"WSName":"PS","rangeAddress":"$Z$226:$Z$264","headAddress":"$Z$226","bodyAddress":"$Z$227:$Z$264","_name":"Потребление Хоргос Восточные Ворота"},"DB":{"_level":0,"parentID":"f33d4025-110d-4b93-a549-0dc9f19c0cd1","firstParentID":"f33d4025-110d-4b93-a549-0dc9f19c0cd1","ID":"c8c0bfe6-f53c-45a1-94f5-34ced282bed7","childs":{"прием":{"_level":1,"parentID":"c8c0bfe6-f53c-45a1-94f5-34ced282bed7","firstParentID":"f33d4025-110d-4b93-a549-0dc9f19c0cd1","ID":"7bec458a-0e66-44ea-bc50-03cb021eef52","childs":{"код":{"_level":2,"parentID":"7bec458a-0e66-44ea-bc50-03cb021eef52","firstParentID":"f33d4025-110d-4b93-a549-0dc9f19c0cd1","ID":"e2587b9b-b3ac-49d0-91ea-d31c92f8702a","childs":null,"emcosID":null,"emcosMLID":null,"codMaketTEP":null,"codTEP":null,"WSName":"DB","rangeAddress":"$GU$396:$GU$433","headAddress":"$GU$396","bodyAddress":"$GU$397:$GU$433","_name":"код"},"основное":{"_level":2,"parentID":"7bec458a-0e66-44ea-bc50-03cb021eef52","firstParentID":"f33d4025-110d-4b93-a549-0dc9f19c0cd1","ID":"9ee17ff5-493e-40d6-9e96-df8d88b3553f","childs":null,"emcosID":null,"emcosMLID":null,"codMaketTEP":null,"codTEP":null,"WSName":"DB","rangeAddress":"$GV$396:$GV$433","headAddress":"$GV$396","bodyAddress":"$GV$397:$GV$433","_name":"основное"},"корректировка факт":{"_level":2,"parentID":"7bec458a-0e66-44ea-bc50-03cb021eef52","firstParentID":"f33d4025-110d-4b93-a549-0dc9f19c0cd1","ID":"2b61546b-1063-4b79-9bda-36f9a72d6bf8","childs":null,"emcosID":null,"emcosMLID":null,"codMaketTEP":null,"codTEP":null,"WSName":"DB","rangeAddress":"$GW$396:$GW$433","headAddress":"$GW$396","bodyAddress":"$GW$397:$GW$433","_name":"корректировка факт"},"ручное":{"_level":2,"parentID":"7bec458a-0e66-44ea-bc50-03cb021eef52","firstParentID":"f33d4025-110d-4b93-a549-0dc9f19c0cd1","ID":"fa8f22e6-a250-41a1-971c-a8d2942f39ca","childs":null,"emcosID":null,"emcosMLID":null,"codMaketTEP":null,"codTEP":null,"WSName":"DB","rangeAddress":"$GX$396:$GX$433","headAddress":"$GX$396","bodyAddress":"$GX$397:$GX$433","_name":"ручное"},"оперативное":{"_level":2,"parentID":"7bec458a-0e66-44ea-bc50-03cb021eef52","firstParentID":"f33d4025-110d-4b93-a549-0dc9f19c0cd1","ID":"a97940a4-284c-4c4b-bdc0-c3d8b009a0f6","childs":null,"emcosID":null,"emcosMLID":null,"codMaketTEP":null,"codTEP":null,"WSName":"DB","rangeAddress":"$GY$396:$GY$433","headAddress":"$GY$396","bodyAddress":"$GY$397:$GY$433","_name":"оперативное"}},"emcosID":null,"emcosMLID":null,"codMaketTEP":null,"codTEP":null,"WSName":"DB","rangeAddress":"$GU$395:$GY$433","headAddress":"$GU$395:$GY$395","bodyAddress":"$GU$396:$GY$433","_name":"прием"}},"emcosID":null,"emcosMLID":null,"codMaketTEP":null,"codTEP":null,"WSName":"DB","rangeAddress":"$GU$394:$GY$433","headAddress":"$GU$394:$GY$394","bodyAddress":"$GU$395:$GY$433","_name":"Потребление Хоргос Восточные Ворота"}},"codPlan":null,"meterCoef":null,"_name":"Потребление Хоргос Восточные Ворота"}