{"ID":"f5a205c4-5f39-414a-b1ac-b8e76176857b","childs":{"PS":{"_level":0,"parentID":"f5a205c4-5f39-414a-b1ac-b8e76176857b","firstParentID":"f5a205c4-5f39-414a-b1ac-b8e76176857b","ID":"7cf7a4db-3371-40e5-a0aa-98a91bbdc90d","childs":{"прием":{"_level":1,"parentID":"7cf7a4db-3371-40e5-a0aa-98a91bbdc90d","firstParentID":"f5a205c4-5f39-414a-b1ac-b8e76176857b","ID":"d26e30ce-9b8c-4b1d-b01d-4dec64fd03f9","childs":{"ручное":{"_level":2,"parentID":"d26e30ce-9b8c-4b1d-b01d-4dec64fd03f9","firstParentID":"f5a205c4-5f39-414a-b1ac-b8e76176857b","ID":"1f7d2d82-399c-4048-89d9-f3ae1ace1996","childs":null,"emcosID":null,"emcosMLID":null,"codMaketTEP":null,"codTEP":null,"WSName":"PS","rangeAddress":"$AK$228:$AK$264","headAddress":"$AK$228","bodyAddress":"$AK$229:$AK$264","_name":"ручное"}},"emcosID":null,"emcosMLID":null,"codMaketTEP":null,"codTEP":null,"WSName":"PS","rangeAddress":"$AK$227:$AK$264","headAddress":"$AK$227","bodyAddress":"$AK$228:$AK$264","_name":"прием"}},"emcosID":null,"emcosMLID":null,"codMaketTEP":null,"codTEP":null,"WSName":"PS","rangeAddress":"$AK$226:$AK$264","headAddress":"$AK$226","bodyAddress":"$AK$227:$AK$264","_name":"Потребление Rapid Power Жетысу"},"DB":{"_level":0,"parentID":"f5a205c4-5f39-414a-b1ac-b8e76176857b","firstParentID":"f5a205c4-5f39-414a-b1ac-b8e76176857b","ID":"4445d856-3671-4fb9-8d0d-f6730015ca95","childs":{"прием":{"_level":1,"parentID":"4445d856-3671-4fb9-8d0d-f6730015ca95","firstParentID":"f5a205c4-5f39-414a-b1ac-b8e76176857b","ID":"9d5963cc-fa15-4b43-98bf-1d0c1584f171","childs":{"код":{"_level":2,"parentID":"9d5963cc-fa15-4b43-98bf-1d0c1584f171","firstParentID":"f5a205c4-5f39-414a-b1ac-b8e76176857b","ID":"87141f30-f74d-46a9-8629-641baa9810f3","childs":null,"emcosID":null,"emcosMLID":null,"codMaketTEP":null,"codTEP":null,"WSName":"DB","rangeAddress":"$AK$439:$AK$476","headAddress":"$AK$439","bodyAddress":"$AK$440:$AK$476","_name":"код"},"основное":{"_level":2,"parentID":"9d5963cc-fa15-4b43-98bf-1d0c1584f171","firstParentID":"f5a205c4-5f39-414a-b1ac-b8e76176857b","ID":"ae3fc298-0f2b-4fc8-acaa-b278b2a1d9f8","childs":null,"emcosID":null,"emcosMLID":null,"codMaketTEP":null,"codTEP":null,"WSName":"DB","rangeAddress":"$AL$439:$AL$476","headAddress":"$AL$439","bodyAddress":"$AL$440:$AL$476","_name":"основное"},"корректировка факт":{"_level":2,"parentID":"9d5963cc-fa15-4b43-98bf-1d0c1584f171","firstParentID":"f5a205c4-5f39-414a-b1ac-b8e76176857b","ID":"b5634475-c586-4cb0-84f6-6c770ef4f5f1","childs":null,"emcosID":null,"emcosMLID":null,"codMaketTEP":null,"codTEP":null,"WSName":"DB","rangeAddress":"$AM$439:$AM$476","headAddress":"$AM$439","bodyAddress":"$AM$440:$AM$476","_name":"корректировка факт"},"ручное":{"_level":2,"parentID":"9d5963cc-fa15-4b43-98bf-1d0c1584f171","firstParentID":"f5a205c4-5f39-414a-b1ac-b8e76176857b","ID":"e0c1adcb-87d3-4893-915e-b213aee576a3","childs":null,"emcosID":null,"emcosMLID":null,"codMaketTEP":null,"codTEP":null,"WSName":"DB","rangeAddress":"$AN$439:$AN$476","headAddress":"$AN$439","bodyAddress":"$AN$440:$AN$476","_name":"ручное"}},"emcosID":null,"emcosMLID":null,"codMaketTEP":null,"codTEP":null,"WSName":"DB","rangeAddress":"$AK$438:$AN$476","headAddress":"$AK$438:$AN$438","bodyAddress":"$AK$439:$AN$476","_name":"прием"}},"emcosID":null,"emcosMLID":null,"codMaketTEP":null,"codTEP":null,"WSName":"DB","rangeAddress":"$AK$437:$AN$476","headAddress":"$AK$437:$AN$437","bodyAddress":"$AK$438:$AN$476","_name":"Потребление Rapid Power Жетысу"}},"codPlan":null,"meterCoef":null,"_name":"Потребление Rapid Power Жетысу"}