{"ID":"fa2f6db7-df28-4ac3-90be-af5986c2aa84","childs":{"PS":{"_level":0,"parentID":"fa2f6db7-df28-4ac3-90be-af5986c2aa84","firstParentID":"fa2f6db7-df28-4ac3-90be-af5986c2aa84","ID":"d43df770-d084-4ca2-8f3e-a1185de73dcf","childs":{"прием":{"_level":1,"parentID":"d43df770-d084-4ca2-8f3e-a1185de73dcf","firstParentID":"fa2f6db7-df28-4ac3-90be-af5986c2aa84","ID":"1fada299-6f6c-44fe-aa36-e8d6f79ca55c","childs":{"оперативное":{"_level":2,"parentID":"1fada299-6f6c-44fe-aa36-e8d6f79ca55c","firstParentID":"fa2f6db7-df28-4ac3-90be-af5986c2aa84","ID":"0d20cb4e-d792-430f-829a-75e536955e9d","childs":null,"emcosID":null,"emcosMLID":null,"codMaketTEP":null,"codTEP":null,"WSName":"PS","rangeAddress":"$F$185:$F$221","headAddress":"$F$185","bodyAddress":"$F$186:$F$221","_name":"оперативное"}},"emcosID":null,"emcosMLID":null,"codMaketTEP":null,"codTEP":null,"WSName":"PS","rangeAddress":"$F$184:$F$221","headAddress":"$F$184","bodyAddress":"$F$185:$F$221","_name":"прием"}},"emcosID":null,"emcosMLID":null,"codMaketTEP":null,"codTEP":null,"WSName":"PS","rangeAddress":"$F$183:$F$221","headAddress":"$F$183","bodyAddress":"$F$184:$F$221","_name":"Потребление АЖК"},"DB":{"_level":0,"parentID":"fa2f6db7-df28-4ac3-90be-af5986c2aa84","firstParentID":"fa2f6db7-df28-4ac3-90be-af5986c2aa84","ID":"56f6e8ae-88dd-4659-bc05-f1f4e6db537a","childs":{"прием":{"_level":1,"parentID":"56f6e8ae-88dd-4659-bc05-f1f4e6db537a","firstParentID":"fa2f6db7-df28-4ac3-90be-af5986c2aa84","ID":"9988030f-54c9-4ab4-9127-1216ff55c562","childs":{"код":{"_level":2,"parentID":"9988030f-54c9-4ab4-9127-1216ff55c562","firstParentID":"fa2f6db7-df28-4ac3-90be-af5986c2aa84","ID":"216b6a5d-8762-4300-b662-77b6bc10ff3c","childs":null,"emcosID":null,"emcosMLID":null,"codMaketTEP":null,"codTEP":null,"WSName":"DB","rangeAddress":"$AG$138:$AG$175","headAddress":"$AG$138","bodyAddress":"$AG$139:$AG$175","_name":"код"},"основное":{"_level":2,"parentID":"9988030f-54c9-4ab4-9127-1216ff55c562","firstParentID":"fa2f6db7-df28-4ac3-90be-af5986c2aa84","ID":"96ea7d1e-7c9f-4a29-9fa5-887a84c3fa36","childs":null,"emcosID":null,"emcosMLID":null,"codMaketTEP":null,"codTEP":null,"WSName":"DB","rangeAddress":"$AH$138:$AH$175","headAddress":"$AH$138","bodyAddress":"$AH$139:$AH$175","_name":"основное"},"корректировка факт":{"_level":2,"parentID":"9988030f-54c9-4ab4-9127-1216ff55c562","firstParentID":"fa2f6db7-df28-4ac3-90be-af5986c2aa84","ID":"8932263f-f68f-4adb-a696-d0fd9632946a","childs":null,"emcosID":null,"emcosMLID":null,"codMaketTEP":null,"codTEP":null,"WSName":"DB","rangeAddress":"$AI$138:$AI$175","headAddress":"$AI$138","bodyAddress":"$AI$139:$AI$175","_name":"корректировка факт"},"ручное":{"_level":2,"parentID":"9988030f-54c9-4ab4-9127-1216ff55c562","firstParentID":"fa2f6db7-df28-4ac3-90be-af5986c2aa84","ID":"f0454f62-bf31-4a5c-8a14-556933a545b7","childs":null,"emcosID":null,"emcosMLID":null,"codMaketTEP":null,"codTEP":null,"WSName":"DB","rangeAddress":"$AJ$138:$AJ$175","headAddress":"$AJ$138","bodyAddress":"$AJ$139:$AJ$175","_name":"ручное"},"оперативное":{"_level":2,"parentID":"9988030f-54c9-4ab4-9127-1216ff55c562","firstParentID":"fa2f6db7-df28-4ac3-90be-af5986c2aa84","ID":"afd3f3a7-2519-4708-880a-8bc599218298","childs":null,"emcosID":null,"emcosMLID":null,"codMaketTEP":null,"codTEP":null,"WSName":"DB","rangeAddress":"$AK$138:$AK$175","headAddress":"$AK$138","bodyAddress":"$AK$139:$AK$175","_name":"оперативное"}},"emcosID":null,"emcosMLID":null,"codMaketTEP":null,"codTEP":null,"WSName":"DB","rangeAddress":"$AG$137:$AK$175","headAddress":"$AG$137:$AK$137","bodyAddress":"$AG$138:$AK$175","_name":"прием"}},"emcosID":null,"emcosMLID":null,"codMaketTEP":null,"codTEP":null,"WSName":"DB","rangeAddress":"$AG$136:$AK$175","headAddress":"$AG$136:$AK$136","bodyAddress":"$AG$137:$AK$175","_name":"Потребление АЖК"}},"codPlan":null,"meterCoef":null,"_name":"Потребление АЖК"}