{"ID":"fa3a1311-3c32-4098-8cf3-a1408f99c2be","childs":{"PS":{"_level":0,"parentID":"fa3a1311-3c32-4098-8cf3-a1408f99c2be","firstParentID":"fa3a1311-3c32-4098-8cf3-a1408f99c2be","ID":"3b809d4b-3de0-4c5a-a7e4-7624c054c064","childs":{"прием":{"_level":1,"parentID":"3b809d4b-3de0-4c5a-a7e4-7624c054c064","firstParentID":"fa3a1311-3c32-4098-8cf3-a1408f99c2be","ID":"f316277c-f9bb-4e7b-8d58-c9448973311b","childs":{"по счетчику":{"_level":2,"parentID":"f316277c-f9bb-4e7b-8d58-c9448973311b","firstParentID":"fa3a1311-3c32-4098-8cf3-a1408f99c2be","ID":"37548de8-18ad-4c3e-9d85-6b60d18aa170","childs":null,"emcosID":null,"emcosMLID":null,"codMaketTEP":null,"codTEP":null,"WSName":"PS","rangeAddress":"$KV$99:$KV$135","headAddress":"$KV$99","bodyAddress":"$KV$100:$KV$135","_name":"по счетчику"},"СЧЕТЧИК":{"_level":2,"parentID":"f316277c-f9bb-4e7b-8d58-c9448973311b","firstParentID":"fa3a1311-3c32-4098-8cf3-a1408f99c2be","ID":"c1dc1c21-b008-4c6f-93ad-1cb441021e8d","childs":null,"emcosID":null,"emcosMLID":null,"codMaketTEP":null,"codTEP":null,"WSName":"PS","rangeAddress":"$KW$99:$KW$135","headAddress":"$KW$99","bodyAddress":"$KW$100:$KW$135","_name":"СЧЕТЧИК"}},"emcosID":null,"emcosMLID":null,"codMaketTEP":null,"codTEP":null,"WSName":"PS","rangeAddress":"$KV$98:$KW$135","headAddress":"$KV$98:$KW$98","bodyAddress":"$KV$99:$KW$135","_name":"прием"},"отдача":{"_level":1,"parentID":"3b809d4b-3de0-4c5a-a7e4-7624c054c064","firstParentID":"fa3a1311-3c32-4098-8cf3-a1408f99c2be","ID":"e34d35f7-4efb-4f89-9370-20fb8986ec17","childs":{"по счетчику":{"_level":2,"parentID":"e34d35f7-4efb-4f89-9370-20fb8986ec17","firstParentID":"fa3a1311-3c32-4098-8cf3-a1408f99c2be","ID":"a214e401-366e-490b-824e-5174c47b88e5","childs":null,"emcosID":null,"emcosMLID":null,"codMaketTEP":null,"codTEP":null,"WSName":"PS","rangeAddress":"$KX$99:$KX$135","headAddress":"$KX$99","bodyAddress":"$KX$100:$KX$135","_name":"по счетчику"},"СЧЕТЧИК":{"_level":2,"parentID":"e34d35f7-4efb-4f89-9370-20fb8986ec17","firstParentID":"fa3a1311-3c32-4098-8cf3-a1408f99c2be","ID":"e76d87f2-dba3-4322-a875-65198a4b555d","childs":null,"emcosID":null,"emcosMLID":null,"codMaketTEP":null,"codTEP":null,"WSName":"PS","rangeAddress":"$KY$99:$KY$135","headAddress":"$KY$99","bodyAddress":"$KY$100:$KY$135","_name":"СЧЕТЧИК"}},"emcosID":null,"emcosMLID":null,"codMaketTEP":null,"codTEP":null,"WSName":"PS","rangeAddress":"$KX$98:$KY$135","headAddress":"$KX$98:$KY$98","bodyAddress":"$KX$99:$KY$135","_name":"отдача"}},"emcosID":null,"emcosMLID":null,"codMaketTEP":null,"codTEP":null,"WSName":"PS","rangeAddress":"$KV$97:$KY$135","headAddress":"$KV$97:$KY$97","bodyAddress":"$KV$98:$KY$135","_name":"Л9 Строительная 120А"},"DB":{"_level":0,"parentID":"fa3a1311-3c32-4098-8cf3-a1408f99c2be","firstParentID":"fa3a1311-3c32-4098-8cf3-a1408f99c2be","ID":"0bb660f3-bd43-45fb-8d51-2cd2e6c97ca6","childs":{"прием":{"_level":1,"parentID":"0bb660f3-bd43-45fb-8d51-2cd2e6c97ca6","firstParentID":"fa3a1311-3c32-4098-8cf3-a1408f99c2be","ID":"17a3102f-fb30-42b8-8417-694515de62a2","childs":{"код":{"_level":2,"parentID":"17a3102f-fb30-42b8-8417-694515de62a2","firstParentID":"fa3a1311-3c32-4098-8cf3-a1408f99c2be","ID":"1d455d7a-30f3-4058-900f-9f58e867a6fa","childs":null,"emcosID":null,"emcosMLID":null,"codMaketTEP":null,"codTEP":null,"WSName":"DB","rangeAddress":"$BQ$482:$BQ$519","headAddress":"$BQ$482","bodyAddress":"$BQ$483:$BQ$519","_name":"код"},"основное":{"_level":2,"parentID":"17a3102f-fb30-42b8-8417-694515de62a2","firstParentID":"fa3a1311-3c32-4098-8cf3-a1408f99c2be","ID":"93b25d7b-7155-4b58-82e4-de6649e3fa3c","childs":null,"emcosID":null,"emcosMLID":null,"codMaketTEP":null,"codTEP":null,"WSName":"DB","rangeAddress":"$BR$482:$BR$519","headAddress":"$BR$482","bodyAddress":"$BR$483:$BR$519","_name":"основное"},"корректировка факт":{"_level":2,"parentID":"17a3102f-fb30-42b8-8417-694515de62a2","firstParentID":"fa3a1311-3c32-4098-8cf3-a1408f99c2be","ID":"c006d7e4-40a5-40e8-a6e4-b4c6651ec1b1","childs":null,"emcosID":null,"emcosMLID":null,"codMaketTEP":null,"codTEP":null,"WSName":"DB","rangeAddress":"$BS$482:$BS$519","headAddress":"$BS$482","bodyAddress":"$BS$483:$BS$519","_name":"корректировка факт"},"ручное":{"_level":2,"parentID":"17a3102f-fb30-42b8-8417-694515de62a2","firstParentID":"fa3a1311-3c32-4098-8cf3-a1408f99c2be","ID":"848a62e6-ddd9-400a-9e8c-4915bfeecb8e","childs":null,"emcosID":null,"emcosMLID":null,"codMaketTEP":null,"codTEP":null,"WSName":"DB","rangeAddress":"$BT$482:$BT$519","headAddress":"$BT$482","bodyAddress":"$BT$483:$BT$519","_name":"ручное"},"счетчик":{"_level":2,"parentID":"17a3102f-fb30-42b8-8417-694515de62a2","firstParentID":"fa3a1311-3c32-4098-8cf3-a1408f99c2be","ID":"e568d4c7-703b-4b45-a430-1c3f1dfb5aae","childs":null,"emcosID":null,"emcosMLID":null,"codMaketTEP":null,"codTEP":null,"WSName":"DB","rangeAddress":"$BU$482:$BU$519","headAddress":"$BU$482","bodyAddress":"$BU$483:$BU$519","_name":"счетчик"},"по счетчику":{"_level":2,"parentID":"17a3102f-fb30-42b8-8417-694515de62a2","firstParentID":"fa3a1311-3c32-4098-8cf3-a1408f99c2be","ID":"c3695d52-898a-492c-ad33-1d6438eb8221","childs":null,"emcosID":null,"emcosMLID":null,"codMaketTEP":null,"codTEP":null,"WSName":"DB","rangeAddress":"$BV$482:$BV$519","headAddress":"$BV$482","bodyAddress":"$BV$483:$BV$519","_name":"по счетчику"}},"emcosID":null,"emcosMLID":null,"codMaketTEP":null,"codTEP":null,"WSName":"DB","rangeAddress":"$BQ$481:$BV$519","headAddress":"$BQ$481:$BV$481","bodyAddress":"$BQ$482:$BV$519","_name":"прием"},"отдача":{"_level":1,"parentID":"0bb660f3-bd43-45fb-8d51-2cd2e6c97ca6","firstParentID":"fa3a1311-3c32-4098-8cf3-a1408f99c2be","ID":"0263c995-96b9-4805-89eb-c73fd37d75d1","childs":{"код":{"_level":2,"parentID":"0263c995-96b9-4805-89eb-c73fd37d75d1","firstParentID":"fa3a1311-3c32-4098-8cf3-a1408f99c2be","ID":"c62702f3-d888-4ade-92b2-f0e145412e11","childs":null,"emcosID":null,"emcosMLID":null,"codMaketTEP":null,"codTEP":null,"WSName":"DB","rangeAddress":"$BW$482:$BW$519","headAddress":"$BW$482","bodyAddress":"$BW$483:$BW$519","_name":"код"},"основное":{"_level":2,"parentID":"0263c995-96b9-4805-89eb-c73fd37d75d1","firstParentID":"fa3a1311-3c32-4098-8cf3-a1408f99c2be","ID":"03a53118-2ea2-4888-8108-defc05a72b0a","childs":null,"emcosID":null,"emcosMLID":null,"codMaketTEP":null,"codTEP":null,"WSName":"DB","rangeAddress":"$BX$482:$BX$519","headAddress":"$BX$482","bodyAddress":"$BX$483:$BX$519","_name":"основное"},"корректировка факт":{"_level":2,"parentID":"0263c995-96b9-4805-89eb-c73fd37d75d1","firstParentID":"fa3a1311-3c32-4098-8cf3-a1408f99c2be","ID":"bc29b16d-b1b0-47e5-829b-3a38ddf3d620","childs":null,"emcosID":null,"emcosMLID":null,"codMaketTEP":null,"codTEP":null,"WSName":"DB","rangeAddress":"$BY$482:$BY$519","headAddress":"$BY$482","bodyAddress":"$BY$483:$BY$519","_name":"корректировка факт"},"ручное":{"_level":2,"parentID":"0263c995-96b9-4805-89eb-c73fd37d75d1","firstParentID":"fa3a1311-3c32-4098-8cf3-a1408f99c2be","ID":"1ac91bfc-fd0d-41ff-b683-8d2986843190","childs":null,"emcosID":null,"emcosMLID":null,"codMaketTEP":null,"codTEP":null,"WSName":"DB","rangeAddress":"$BZ$482:$BZ$519","headAddress":"$BZ$482","bodyAddress":"$BZ$483:$BZ$519","_name":"ручное"},"счетчик":{"_level":2,"parentID":"0263c995-96b9-4805-89eb-c73fd37d75d1","firstParentID":"fa3a1311-3c32-4098-8cf3-a1408f99c2be","ID":"31728e96-ad7f-43b9-acf1-c9ed07776a3e","childs":null,"emcosID":null,"emcosMLID":null,"codMaketTEP":null,"codTEP":null,"WSName":"DB","rangeAddress":"$CA$482:$CA$519","headAddress":"$CA$482","bodyAddress":"$CA$483:$CA$519","_name":"счетчик"},"по счетчику":{"_level":2,"parentID":"0263c995-96b9-4805-89eb-c73fd37d75d1","firstParentID":"fa3a1311-3c32-4098-8cf3-a1408f99c2be","ID":"9d356cb0-9195-4429-a6a8-f14c49566d0f","childs":null,"emcosID":null,"emcosMLID":null,"codMaketTEP":null,"codTEP":null,"WSName":"DB","rangeAddress":"$CB$482:$CB$519","headAddress":"$CB$482","bodyAddress":"$CB$483:$CB$519","_name":"по счетчику"}},"emcosID":null,"emcosMLID":null,"codMaketTEP":null,"codTEP":null,"WSName":"DB","rangeAddress":"$BW$481:$CB$519","headAddress":"$BW$481:$CB$481","bodyAddress":"$BW$482:$CB$519","_name":"отдача"}},"emcosID":null,"emcosMLID":null,"codMaketTEP":null,"codTEP":null,"WSName":"DB","rangeAddress":"$BQ$480:$CB$519","headAddress":"$BQ$480:$CB$480","bodyAddress":"$BQ$481:$CB$519","_name":"Л9 Строительная 120А"}},"codPlan":null,"meterCoef":"7","_name":"Л9 Строительная 120А"}