{"ID":"fb3561d9-208f-4948-8a39-1801a14a182b","childs":{"PS":{"_level":0,"parentID":"fb3561d9-208f-4948-8a39-1801a14a182b","firstParentID":"fb3561d9-208f-4948-8a39-1801a14a182b","ID":"008a3f87-c911-4766-820d-c924354a7f5e","childs":{"прием":{"_level":1,"parentID":"008a3f87-c911-4766-820d-c924354a7f5e","firstParentID":"fb3561d9-208f-4948-8a39-1801a14a182b","ID":"4f181bbf-c0c5-4bdd-9507-61e13a0760ab","childs":{"ручное":{"_level":2,"parentID":"4f181bbf-c0c5-4bdd-9507-61e13a0760ab","firstParentID":"fb3561d9-208f-4948-8a39-1801a14a182b","ID":"0c2fd44d-9801-4b4a-892b-53c41903a48a","childs":null,"emcosID":null,"emcosMLID":null,"codMaketTEP":null,"codTEP":null,"WSName":"PS","rangeAddress":"$GQ$99:$GQ$135","headAddress":"$GQ$99","bodyAddress":"$GQ$100:$GQ$135","_name":"ручное"}},"emcosID":null,"emcosMLID":null,"codMaketTEP":null,"codTEP":null,"WSName":"PS","rangeAddress":"$GQ$98:$GQ$135","headAddress":"$GQ$98","bodyAddress":"$GQ$99:$GQ$135","_name":"прием"},"отдача":{"_level":1,"parentID":"008a3f87-c911-4766-820d-c924354a7f5e","firstParentID":"fb3561d9-208f-4948-8a39-1801a14a182b","ID":"f08564c0-fe4b-4f1a-b5f3-d3dc31fc9212","childs":{"ручное":{"_level":2,"parentID":"f08564c0-fe4b-4f1a-b5f3-d3dc31fc9212","firstParentID":"fb3561d9-208f-4948-8a39-1801a14a182b","ID":"e5fddd52-4606-460f-bb9d-948b6b145b79","childs":null,"emcosID":null,"emcosMLID":null,"codMaketTEP":null,"codTEP":null,"WSName":"PS","rangeAddress":"$GR$99:$GR$135","headAddress":"$GR$99","bodyAddress":"$GR$100:$GR$135","_name":"ручное"}},"emcosID":null,"emcosMLID":null,"codMaketTEP":null,"codTEP":null,"WSName":"PS","rangeAddress":"$GR$98:$GR$135","headAddress":"$GR$98","bodyAddress":"$GR$99:$GR$135","_name":"отдача"}},"emcosID":null,"emcosMLID":null,"codMaketTEP":null,"codTEP":null,"WSName":"PS","rangeAddress":"$GQ$97:$GR$135","headAddress":"$GQ$97:$GR$97","bodyAddress":"$GQ$98:$GR$135","_name":"Л2153 АХБК 7А"},"DB":{"_level":0,"parentID":"fb3561d9-208f-4948-8a39-1801a14a182b","firstParentID":"fb3561d9-208f-4948-8a39-1801a14a182b","ID":"26dc41a5-24d4-463c-8f36-719225d7c1ab","childs":{"прием":{"_level":1,"parentID":"26dc41a5-24d4-463c-8f36-719225d7c1ab","firstParentID":"fb3561d9-208f-4948-8a39-1801a14a182b","ID":"f9f80289-5b00-4f4c-b89c-57c306243250","childs":{"код":{"_level":2,"parentID":"f9f80289-5b00-4f4c-b89c-57c306243250","firstParentID":"fb3561d9-208f-4948-8a39-1801a14a182b","ID":"0eec96a9-6f74-4530-9dd3-0bf2248fbeb7","childs":null,"emcosID":null,"emcosMLID":null,"codMaketTEP":null,"codTEP":null,"WSName":"DB","rangeAddress":"$GK$95:$GK$132","headAddress":"$GK$95","bodyAddress":"$GK$96:$GK$132","_name":"код"},"основное":{"_level":2,"parentID":"f9f80289-5b00-4f4c-b89c-57c306243250","firstParentID":"fb3561d9-208f-4948-8a39-1801a14a182b","ID":"4d7646bb-18e1-4962-99d0-30b3d180996f","childs":null,"emcosID":null,"emcosMLID":null,"codMaketTEP":null,"codTEP":null,"WSName":"DB","rangeAddress":"$GL$95:$GL$132","headAddress":"$GL$95","bodyAddress":"$GL$96:$GL$132","_name":"основное"},"корректировка факт":{"_level":2,"parentID":"f9f80289-5b00-4f4c-b89c-57c306243250","firstParentID":"fb3561d9-208f-4948-8a39-1801a14a182b","ID":"01cb962e-dd47-40b6-9520-ca4f536a039d","childs":null,"emcosID":null,"emcosMLID":null,"codMaketTEP":null,"codTEP":null,"WSName":"DB","rangeAddress":"$GM$95:$GM$132","headAddress":"$GM$95","bodyAddress":"$GM$96:$GM$132","_name":"корректировка факт"},"ручное":{"_level":2,"parentID":"f9f80289-5b00-4f4c-b89c-57c306243250","firstParentID":"fb3561d9-208f-4948-8a39-1801a14a182b","ID":"bbbb3a41-d261-4a3e-8e12-8be530c9a876","childs":null,"emcosID":null,"emcosMLID":null,"codMaketTEP":null,"codTEP":null,"WSName":"DB","rangeAddress":"$GN$95:$GN$132","headAddress":"$GN$95","bodyAddress":"$GN$96:$GN$132","_name":"ручное"}},"emcosID":null,"emcosMLID":null,"codMaketTEP":null,"codTEP":null,"WSName":"DB","rangeAddress":"$GK$94:$GN$132","headAddress":"$GK$94:$GN$94","bodyAddress":"$GK$95:$GN$132","_name":"прием"},"отдача":{"_level":1,"parentID":"26dc41a5-24d4-463c-8f36-719225d7c1ab","firstParentID":"fb3561d9-208f-4948-8a39-1801a14a182b","ID":"86c8196b-2124-4830-a783-e130bf70c94b","childs":{"код":{"_level":2,"parentID":"86c8196b-2124-4830-a783-e130bf70c94b","firstParentID":"fb3561d9-208f-4948-8a39-1801a14a182b","ID":"9865d46b-563d-41dd-8b37-c98cd8e1f957","childs":null,"emcosID":null,"emcosMLID":null,"codMaketTEP":null,"codTEP":null,"WSName":"DB","rangeAddress":"$GO$95:$GO$132","headAddress":"$GO$95","bodyAddress":"$GO$96:$GO$132","_name":"код"},"основное":{"_level":2,"parentID":"86c8196b-2124-4830-a783-e130bf70c94b","firstParentID":"fb3561d9-208f-4948-8a39-1801a14a182b","ID":"70d00ecd-8839-439e-9cb7-979e2e92ebdc","childs":null,"emcosID":null,"emcosMLID":null,"codMaketTEP":null,"codTEP":null,"WSName":"DB","rangeAddress":"$GP$95:$GP$132","headAddress":"$GP$95","bodyAddress":"$GP$96:$GP$132","_name":"основное"},"корректировка факт":{"_level":2,"parentID":"86c8196b-2124-4830-a783-e130bf70c94b","firstParentID":"fb3561d9-208f-4948-8a39-1801a14a182b","ID":"a26f77df-daac-4da4-9d45-112ed4af49d7","childs":null,"emcosID":null,"emcosMLID":null,"codMaketTEP":null,"codTEP":null,"WSName":"DB","rangeAddress":"$GQ$95:$GQ$132","headAddress":"$GQ$95","bodyAddress":"$GQ$96:$GQ$132","_name":"корректировка факт"},"ручное":{"_level":2,"parentID":"86c8196b-2124-4830-a783-e130bf70c94b","firstParentID":"fb3561d9-208f-4948-8a39-1801a14a182b","ID":"e3e772d7-0bd4-4d94-8a08-bfbcfccdeb2f","childs":null,"emcosID":null,"emcosMLID":null,"codMaketTEP":null,"codTEP":null,"WSName":"DB","rangeAddress":"$GR$95:$GR$132","headAddress":"$GR$95","bodyAddress":"$GR$96:$GR$132","_name":"ручное"}},"emcosID":null,"emcosMLID":null,"codMaketTEP":null,"codTEP":null,"WSName":"DB","rangeAddress":"$GO$94:$GR$132","headAddress":"$GO$94:$GR$94","bodyAddress":"$GO$95:$GR$132","_name":"отдача"}},"emcosID":null,"emcosMLID":null,"codMaketTEP":null,"codTEP":null,"WSName":"DB","rangeAddress":"$GK$93:$GR$132","headAddress":"$GK$93:$GR$93","bodyAddress":"$GK$94:$GR$132","_name":"Л2153 АХБК 7А"}},"codPlan":null,"meterCoef":null,"_name":"Л2153 АХБК 7А"}