{"ID":"ffbb6bae-80af-4424-92ae-b4d4d4975920","childs":{"PS":{"_level":0,"parentID":"ffbb6bae-80af-4424-92ae-b4d4d4975920","firstParentID":"ffbb6bae-80af-4424-92ae-b4d4d4975920","ID":"0facc1ba-195d-402d-8fb2-693fd289dde3","childs":{"прием":{"_level":1,"parentID":"0facc1ba-195d-402d-8fb2-693fd289dde3","firstParentID":"ffbb6bae-80af-4424-92ae-b4d4d4975920","ID":"46fa005b-6987-406a-aed5-7363d95fe856","childs":{"ручное":{"_level":2,"parentID":"46fa005b-6987-406a-aed5-7363d95fe856","firstParentID":"ffbb6bae-80af-4424-92ae-b4d4d4975920","ID":"7fc52e52-88c1-489f-ac11-1525c41c263d","childs":null,"emcosID":null,"emcosMLID":null,"codMaketTEP":null,"codTEP":null,"WSName":"PS","rangeAddress":"$AC$142:$AC$178","headAddress":"$AC$142","bodyAddress":"$AC$143:$AC$178","_name":"ручное"}},"emcosID":null,"emcosMLID":null,"codMaketTEP":null,"codTEP":null,"WSName":"PS","rangeAddress":"$AC$141:$AC$178","headAddress":"$AC$141","bodyAddress":"$AC$142:$AC$178","_name":"прием"}},"emcosID":null,"emcosMLID":null,"codMaketTEP":null,"codTEP":null,"WSName":"PS","rangeAddress":"$AC$140:$AC$178","headAddress":"$AC$140","bodyAddress":"$AC$141:$AC$178","_name":"Л134А Шу 110 Тяга"},"DB":{"_level":0,"parentID":"ffbb6bae-80af-4424-92ae-b4d4d4975920","firstParentID":"ffbb6bae-80af-4424-92ae-b4d4d4975920","ID":"b81142e8-37b2-4cd1-9788-df59bdcf40c8","childs":{"прием":{"_level":1,"parentID":"b81142e8-37b2-4cd1-9788-df59bdcf40c8","firstParentID":"ffbb6bae-80af-4424-92ae-b4d4d4975920","ID":"91e0db22-5861-415e-bdfc-a65aeb79b14c","childs":{"код":{"_level":2,"parentID":"91e0db22-5861-415e-bdfc-a65aeb79b14c","firstParentID":"ffbb6bae-80af-4424-92ae-b4d4d4975920","ID":"60425265-a001-4e59-97d1-1b04aa4d88ff","childs":null,"emcosID":null,"emcosMLID":null,"codMaketTEP":null,"codTEP":null,"WSName":"DB","rangeAddress":"$O$353:$O$390","headAddress":"$O$353","bodyAddress":"$O$354:$O$390","_name":"код"},"основное":{"_level":2,"parentID":"91e0db22-5861-415e-bdfc-a65aeb79b14c","firstParentID":"ffbb6bae-80af-4424-92ae-b4d4d4975920","ID":"bf072940-6a2b-47f4-9593-0cba79edd69a","childs":null,"emcosID":null,"emcosMLID":null,"codMaketTEP":null,"codTEP":null,"WSName":"DB","rangeAddress":"$P$353:$P$390","headAddress":"$P$353","bodyAddress":"$P$354:$P$390","_name":"основное"},"корректировка факт":{"_level":2,"parentID":"91e0db22-5861-415e-bdfc-a65aeb79b14c","firstParentID":"ffbb6bae-80af-4424-92ae-b4d4d4975920","ID":"e8fe9be3-24f5-4f1e-8191-8b31572cc20b","childs":null,"emcosID":null,"emcosMLID":null,"codMaketTEP":null,"codTEP":null,"WSName":"DB","rangeAddress":"$Q$353:$Q$390","headAddress":"$Q$353","bodyAddress":"$Q$354:$Q$390","_name":"корректировка факт"},"ручное":{"_level":2,"parentID":"91e0db22-5861-415e-bdfc-a65aeb79b14c","firstParentID":"ffbb6bae-80af-4424-92ae-b4d4d4975920","ID":"16690227-fb49-4d30-ab76-e9e584bc9209","childs":null,"emcosID":null,"emcosMLID":null,"codMaketTEP":null,"codTEP":null,"WSName":"DB","rangeAddress":"$R$353:$R$390","headAddress":"$R$353","bodyAddress":"$R$354:$R$390","_name":"ручное"}},"emcosID":null,"emcosMLID":null,"codMaketTEP":null,"codTEP":null,"WSName":"DB","rangeAddress":"$O$352:$R$390","headAddress":"$O$352:$R$352","bodyAddress":"$O$353:$R$390","_name":"прием"}},"emcosID":null,"emcosMLID":null,"codMaketTEP":null,"codTEP":null,"WSName":"DB","rangeAddress":"$O$351:$R$390","headAddress":"$O$351:$R$351","bodyAddress":"$O$352:$R$390","_name":"Л134А Шу 110 Тяга"}},"codPlan":null,"meterCoef":null,"_name":"Л134А Шу 110 Тяга"}