[{"text":"(","ID":"e7029700-6207-4b06-a858-3fb8cc492f9e","type":1},{"text":"Л5300 ЮКГРЭС прием","ID":"99136ec0-8a18-4f18-afe3-6c2371df6110","type":0},{"text":"+","ID":null,"type":2},{"text":"(","ID":"4febfd14-a15d-4882-9622-375b8c210ac0","type":1},{"text":"Л5300 Агадырь отдача","ID":"d91ca84c-de1e-4270-b98e-5e8608b75366","type":0},{"text":"-","ID":null,"type":2},{"text":"Л5300 ЮКГРЭС прием","ID":"99136ec0-8a18-4f18-afe3-6c2371df6110","type":0},{"text":")","ID":"4febfd14-a15d-4882-9622-375b8c210ac0","type":1},{"text":"*","ID":null,"type":2},{"text":"0,312","ID":null,"type":3},{"text":"-","ID":null,"type":2},{"text":"Л5300 ЮКГРЭС отдача","ID":"b965d53e-68df-416d-8600-37c51ba8bf69","type":0},{"text":"+","ID":null,"type":2},{"text":"(","ID":"0eeeb158-b320-4bfd-b1a4-bf81ae57515e","type":1},{"text":"Л5300 ЮКГРЭС отдача","ID":"b965d53e-68df-416d-8600-37c51ba8bf69","type":0},{"text":"-","ID":null,"type":2},{"text":"Л5300 Агадырь прием","ID":"b0816e2f-9af6-4ece-9d8b-b562144a2bcb","type":0},{"text":")","ID":"0eeeb158-b320-4bfd-b1a4-bf81ae57515e","type":1},{"text":"*","ID":null,"type":2},{"text":"0,312","ID":null,"type":3},{"text":")","ID":"e7029700-6207-4b06-a858-3fb8cc492f9e","type":1},{"text":"+","ID":null,"type":2},{"text":"(","ID":"6e4f0b56-7e2f-4db4-9ca4-0e040181f1a7","type":1},{"text":"Л5320 ЮКГРЭС прием","ID":"ff90af43-e9dd-4525-aeff-e2c6cb8b2c7d","type":0},{"text":"+","ID":null,"type":2},{"text":"(","ID":"7d9b7671-6d0b-48b8-9d4e-b10a302cd3e0","type":1},{"text":"Л5320 Агадырь отдача","ID":"4a7f2f2c-0c79-46a6-bd8a-6c0e99cf0d90","type":0},{"text":"-","ID":null,"type":2},{"text":"Л5320 ЮКГРЭС прием","ID":"ff90af43-e9dd-4525-aeff-e2c6cb8b2c7d","type":0},{"text":")","ID":"7d9b7671-6d0b-48b8-9d4e-b10a302cd3e0","type":1},{"text":"*","ID":null,"type":2},{"text":"0,312","ID":null,"type":3},{"text":"-","ID":null,"type":2},{"text":"Л5320 ЮКГРЭС отдача","ID":"f0efc28a-806d-432a-b29c-a65bc854d33e","type":0},{"text":"+","ID":null,"type":2},{"text":"(","ID":"3a1b17f1-f8fc-4ace-8257-5f077eebceda","type":1},{"text":"Л5320 ЮКГРЭС отдача","ID":"f0efc28a-806d-432a-b29c-a65bc854d33e","type":0},{"text":"-","ID":null,"type":2},{"text":"Л5320 Агадырь прием","ID":"4ab32270-6f07-4df3-8c7e-c6ebc7ebddf5","type":0},{"text":")","ID":"3a1b17f1-f8fc-4ace-8257-5f077eebceda","type":1},{"text":"*","ID":null,"type":2},{"text":"0,312","ID":null,"type":3},{"text":")","ID":"6e4f0b56-7e2f-4db4-9ca4-0e040181f1a7","type":1},{"text":"+","ID":null,"type":2},{"text":"Сальдо ЖРЭК Общее сальдо","ID":"fa3805c5-45b5-48b5-b6fd-207521016b84","type":0}]