[{"text":"Л2233 Шу прием","ID":"59f83ce4-8a72-4639-86f0-57d9b50a403a","type":0},{"text":"*","ID":null,"type":2},{"text":"1,0025","ID":null,"type":3},{"text":"-","ID":null,"type":2},{"text":"Л2233 Шу отдача","ID":"0d3eb7e7-8802-4e53-8661-30cbc06cd1f3","type":0},{"text":"*","ID":null,"type":2},{"text":"0,9975","ID":null,"type":3},{"text":"+","ID":null,"type":2},{"text":"Л135А Шу прием","ID":"9ed41927-537d-43ec-947b-cf19bf447b2d","type":0},{"text":"-","ID":null,"type":2},{"text":"Л135А Шу отдача","ID":"be174d53-bef4-4d18-8402-cf4abcb92b9c","type":0},{"text":"+","ID":null,"type":2},{"text":"Л136А Шу прием","ID":"e19b8a0e-a5bf-4db4-bcfa-105a7c79985a","type":0},{"text":"-","ID":null,"type":2},{"text":"Л136А Шу отдача","ID":"27a98d2a-b425-4c3f-9af7-c360103981cf","type":0},{"text":"+","ID":null,"type":2},{"text":"Л137 Шу прием","ID":"c5dafd63-7d7d-4ce5-97d8-b723952612ef","type":0},{"text":"-","ID":null,"type":2},{"text":"Л137 Шу отдача","ID":"b4260737-39e3-4a88-8a76-f5b5e1e87c5c","type":0}]