{"ID":"18c5d090-dddf-4b07-8a5b-3d8523bb4473","childs":{"PS":{"_level":0,"parentID":"18c5d090-dddf-4b07-8a5b-3d8523bb4473","firstParentID":"18c5d090-dddf-4b07-8a5b-3d8523bb4473","ID":"78996703-813b-40f7-9470-22718e29c938","childs":{"прием":{"_level":1,"parentID":"78996703-813b-40f7-9470-22718e29c938","firstParentID":"18c5d090-dddf-4b07-8a5b-3d8523bb4473","ID":"1d3e6de5-af3b-4084-bc38-dbf34133bee1","childs":{"оперативное":{"_level":2,"parentID":"1d3e6de5-af3b-4084-bc38-dbf34133bee1","firstParentID":"18c5d090-dddf-4b07-8a5b-3d8523bb4473","ID":"da1bdaa0-b45e-4bf1-9b21-d1da623c37f8","childs":null,"emcosID":null,"emcosMLID":null,"codMaketTEP":null,"codTEP":null,"WSName":"PS","rangeAddress":"$AP$228:$AP$264","headAddress":"$AP$228","bodyAddress":"$AP$229:$AP$264","_name":"оперативное"}},"emcosID":null,"emcosMLID":null,"codMaketTEP":1447,"codTEP":null,"WSName":"PS","rangeAddress":"$AP$227:$AP$264","headAddress":"$AP$227","bodyAddress":"$AP$228:$AP$264","_name":"прием"},"план":{"_level":1,"parentID":"78996703-813b-40f7-9470-22718e29c938","firstParentID":"18c5d090-dddf-4b07-8a5b-3d8523bb4473","ID":"4bbc15f2-3b98-4eb3-846d-bf42d4cdcd7a","childs":{"заявка":{"_level":2,"parentID":"4bbc15f2-3b98-4eb3-846d-bf42d4cdcd7a","firstParentID":"18c5d090-dddf-4b07-8a5b-3d8523bb4473","ID":"4cfc120b-907d-42f6-833c-4055de14fff4","childs":null,"emcosID":null,"emcosMLID":null,"codMaketTEP":null,"codTEP":null,"WSName":"PS","rangeAddress":"$AQ$228:$AQ$264","headAddress":"$AQ$228","bodyAddress":"$AQ$229:$AQ$264","_name":"заявка"}},"emcosID":null,"emcosMLID":null,"codMaketTEP":null,"codTEP":null,"WSName":"PS","rangeAddress":"$AQ$227:$AQ$264","headAddress":"$AQ$227","bodyAddress":"$AQ$228:$AQ$264","_name":"план"}},"emcosID":null,"emcosMLID":null,"codMaketTEP":null,"codTEP":null,"WSName":"PS","rangeAddress":"$AP$226:$AQ$264","headAddress":"$AP$226:$AQ$226","bodyAddress":"$AP$227:$AQ$264","_name":"Потребление Prime Energy Resources Жетысу"},"DB":{"_level":0,"parentID":"18c5d090-dddf-4b07-8a5b-3d8523bb4473","firstParentID":"18c5d090-dddf-4b07-8a5b-3d8523bb4473","ID":"fb1e4d2f-26e1-49d0-a629-3da8e1af3908","childs":{"прием":{"_level":1,"parentID":"fb1e4d2f-26e1-49d0-a629-3da8e1af3908","firstParentID":"18c5d090-dddf-4b07-8a5b-3d8523bb4473","ID":"265397d5-579f-481d-a900-b43dfe8a05e9","childs":{"код":{"_level":2,"parentID":"265397d5-579f-481d-a900-b43dfe8a05e9","firstParentID":"18c5d090-dddf-4b07-8a5b-3d8523bb4473","ID":"a2ce9e5b-32cb-4675-914a-90a3ad9c428a","childs":null,"emcosID":null,"emcosMLID":null,"codMaketTEP":null,"codTEP":null,"WSName":"DB","rangeAddress":"$BA$439:$BA$476","headAddress":"$BA$439","bodyAddress":"$BA$440:$BA$476","_name":"код"},"основное":{"_level":2,"parentID":"265397d5-579f-481d-a900-b43dfe8a05e9","firstParentID":"18c5d090-dddf-4b07-8a5b-3d8523bb4473","ID":"aeb824f9-97ff-4f88-8f36-59bb3c667ae2","childs":null,"emcosID":null,"emcosMLID":null,"codMaketTEP":null,"codTEP":null,"WSName":"DB","rangeAddress":"$BB$439:$BB$476","headAddress":"$BB$439","bodyAddress":"$BB$440:$BB$476","_name":"основное"},"корректировка факт":{"_level":2,"parentID":"265397d5-579f-481d-a900-b43dfe8a05e9","firstParentID":"18c5d090-dddf-4b07-8a5b-3d8523bb4473","ID":"c361b40e-522f-40b2-86ec-f097185a729a","childs":null,"emcosID":null,"emcosMLID":null,"codMaketTEP":null,"codTEP":null,"WSName":"DB","rangeAddress":"$BC$439:$BC$476","headAddress":"$BC$439","bodyAddress":"$BC$440:$BC$476","_name":"корректировка факт"},"ручное":{"_level":2,"parentID":"265397d5-579f-481d-a900-b43dfe8a05e9","firstParentID":"18c5d090-dddf-4b07-8a5b-3d8523bb4473","ID":"6493bbf0-b535-41c8-8608-711f3aaac02b","childs":null,"emcosID":null,"emcosMLID":null,"codMaketTEP":null,"codTEP":null,"WSName":"DB","rangeAddress":"$BD$439:$BD$476","headAddress":"$BD$439","bodyAddress":"$BD$440:$BD$476","_name":"ручное"},"по плану":{"_level":2,"parentID":"265397d5-579f-481d-a900-b43dfe8a05e9","firstParentID":"18c5d090-dddf-4b07-8a5b-3d8523bb4473","ID":"2f214f05-101b-4da1-92f3-3d89ba68eaad","childs":null,"emcosID":null,"emcosMLID":null,"codMaketTEP":null,"codTEP":null,"WSName":"DB","rangeAddress":"$BE$439:$BE$476","headAddress":"$BE$439","bodyAddress":"$BE$440:$BE$476","_name":"по плану"},"оперативное":{"_level":2,"parentID":"265397d5-579f-481d-a900-b43dfe8a05e9","firstParentID":"18c5d090-dddf-4b07-8a5b-3d8523bb4473","ID":"75830c41-845c-450f-a4ee-b38b55ed48e3","childs":null,"emcosID":null,"emcosMLID":null,"codMaketTEP":null,"codTEP":null,"WSName":"DB","rangeAddress":"$BF$439:$BF$476","headAddress":"$BF$439","bodyAddress":"$BF$440:$BF$476","_name":"оперативное"}},"emcosID":null,"emcosMLID":null,"codMaketTEP":null,"codTEP":null,"WSName":"DB","rangeAddress":"$BA$438:$BF$476","headAddress":"$BA$438:$BF$438","bodyAddress":"$BA$439:$BF$476","_name":"прием"},"план":{"_level":1,"parentID":"fb1e4d2f-26e1-49d0-a629-3da8e1af3908","firstParentID":"18c5d090-dddf-4b07-8a5b-3d8523bb4473","ID":"0a827c56-7425-4ca0-8cfd-2188ca175690","childs":{"код":{"_level":2,"parentID":"0a827c56-7425-4ca0-8cfd-2188ca175690","firstParentID":"18c5d090-dddf-4b07-8a5b-3d8523bb4473","ID":"9c0f1612-52dd-4992-8c89-b25f57e732c9","childs":null,"emcosID":null,"emcosMLID":null,"codMaketTEP":null,"codTEP":null,"WSName":"DB","rangeAddress":"$BG$439:$BG$476","headAddress":"$BG$439","bodyAddress":"$BG$440:$BG$476","_name":"код"},"основное":{"_level":2,"parentID":"0a827c56-7425-4ca0-8cfd-2188ca175690","firstParentID":"18c5d090-dddf-4b07-8a5b-3d8523bb4473","ID":"af26779e-7537-4ca5-b711-ba7ffdc0db47","childs":null,"emcosID":null,"emcosMLID":null,"codMaketTEP":null,"codTEP":null,"WSName":"DB","rangeAddress":"$BH$439:$BH$476","headAddress":"$BH$439","bodyAddress":"$BH$440:$BH$476","_name":"основное"},"заявка":{"_level":2,"parentID":"0a827c56-7425-4ca0-8cfd-2188ca175690","firstParentID":"18c5d090-dddf-4b07-8a5b-3d8523bb4473","ID":"dc5b4eaa-a75e-429c-8d85-9ea392a5dbec","childs":null,"emcosID":null,"emcosMLID":null,"codMaketTEP":null,"codTEP":null,"WSName":"DB","rangeAddress":"$BI$439:$BI$476","headAddress":"$BI$439","bodyAddress":"$BI$440:$BI$476","_name":"заявка"},"утвержденный":{"_level":2,"parentID":"0a827c56-7425-4ca0-8cfd-2188ca175690","firstParentID":"18c5d090-dddf-4b07-8a5b-3d8523bb4473","ID":"cd54d281-f6f0-420f-abfa-cb8c349c51a9","childs":null,"emcosID":null,"emcosMLID":null,"codMaketTEP":null,"codTEP":null,"WSName":"DB","rangeAddress":"$BJ$439:$BJ$476","headAddress":"$BJ$439","bodyAddress":"$BJ$440:$BJ$476","_name":"утвержденный"},"корректировка":{"_level":2,"parentID":"0a827c56-7425-4ca0-8cfd-2188ca175690","firstParentID":"18c5d090-dddf-4b07-8a5b-3d8523bb4473","ID":"54f844a0-7312-4e58-a494-58fc7675ef5e","childs":null,"emcosID":null,"emcosMLID":null,"codMaketTEP":null,"codTEP":null,"WSName":"DB","rangeAddress":"$BK$439:$BK$476","headAddress":"$BK$439","bodyAddress":"$BK$440:$BK$476","_name":"корректировка"}},"emcosID":null,"emcosMLID":null,"codMaketTEP":null,"codTEP":null,"WSName":"DB","rangeAddress":"$BG$438:$BK$476","headAddress":"$BG$438:$BK$438","bodyAddress":"$BG$439:$BK$476","_name":"план"}},"emcosID":null,"emcosMLID":null,"codMaketTEP":null,"codTEP":null,"WSName":"DB","rangeAddress":"$BA$437:$BK$476","headAddress":"$BA$437:$BK$437","bodyAddress":"$BA$438:$BK$476","_name":"Потребление Prime Energy Resources Жетысу"}},"codPlan":111,"meterCoef":null,"_name":"Потребление Prime Energy Resources Жетысу"}