{"ID":"2d363493-2ed9-4365-88e7-ef3e22d3394c","childs":{"PS":{"_level":0,"parentID":"2d363493-2ed9-4365-88e7-ef3e22d3394c","firstParentID":"2d363493-2ed9-4365-88e7-ef3e22d3394c","ID":"5186d1a3-64e3-4bab-a9ab-e1abf56ba09f","childs":{"отдача":{"_level":1,"parentID":"5186d1a3-64e3-4bab-a9ab-e1abf56ba09f","firstParentID":"2d363493-2ed9-4365-88e7-ef3e22d3394c","ID":"1585a1b0-eb4b-4143-a5dc-250d7a2d5db3","childs":{"оперативное":{"_level":2,"parentID":"1585a1b0-eb4b-4143-a5dc-250d7a2d5db3","firstParentID":"2d363493-2ed9-4365-88e7-ef3e22d3394c","ID":"45ee3aa5-d372-4399-9b68-4d1e285174a3","childs":null,"emcosID":null,"emcosMLID":null,"codMaketTEP":null,"codTEP":null,"WSName":"PS","rangeAddress":"$CD$185:$CD$221","headAddress":"$CD$185","bodyAddress":"$CD$186:$CD$221","_name":"оперативное"}},"emcosID":null,"emcosMLID":null,"codMaketTEP":1315,"codTEP":null,"WSName":"PS","rangeAddress":"$CD$184:$CD$221","headAddress":"$CD$184","bodyAddress":"$CD$185:$CD$221","_name":"отдача"},"план":{"_level":1,"parentID":"5186d1a3-64e3-4bab-a9ab-e1abf56ba09f","firstParentID":"2d363493-2ed9-4365-88e7-ef3e22d3394c","ID":"4050919c-522e-45d8-ba23-107bb4446547","childs":{"заявка":{"_level":2,"parentID":"4050919c-522e-45d8-ba23-107bb4446547","firstParentID":"2d363493-2ed9-4365-88e7-ef3e22d3394c","ID":"1b3adb92-e95a-450a-8c76-3924a72238b0","childs":null,"emcosID":null,"emcosMLID":null,"codMaketTEP":null,"codTEP":null,"WSName":"PS","rangeAddress":"$CE$185:$CE$221","headAddress":"$CE$185","bodyAddress":"$CE$186:$CE$221","_name":"заявка"}},"emcosID":null,"emcosMLID":null,"codMaketTEP":null,"codTEP":null,"WSName":"PS","rangeAddress":"$CE$184:$CE$221","headAddress":"$CE$184","bodyAddress":"$CE$185:$CE$221","_name":"план"}},"emcosID":null,"emcosMLID":null,"codMaketTEP":null,"codTEP":null,"WSName":"PS","rangeAddress":"$CD$183:$CE$221","headAddress":"$CD$183:$CE$183","bodyAddress":"$CD$184:$CE$221","_name":"АТЭЦ3 АлЭС"},"DB":{"_level":0,"parentID":"2d363493-2ed9-4365-88e7-ef3e22d3394c","firstParentID":"2d363493-2ed9-4365-88e7-ef3e22d3394c","ID":"b936f1b4-ebe3-492c-b8d5-d2ede1663adb","childs":{"отдача":{"_level":1,"parentID":"b936f1b4-ebe3-492c-b8d5-d2ede1663adb","firstParentID":"2d363493-2ed9-4365-88e7-ef3e22d3394c","ID":"2fb11d91-18b7-4cfd-a5d8-1cfd4344b3ed","childs":{"код":{"_level":2,"parentID":"2fb11d91-18b7-4cfd-a5d8-1cfd4344b3ed","firstParentID":"2d363493-2ed9-4365-88e7-ef3e22d3394c","ID":"ab776ec9-7b88-4dbb-9580-f94a7a652e1f","childs":null,"emcosID":null,"emcosMLID":null,"codMaketTEP":null,"codTEP":null,"WSName":"DB","rangeAddress":"$GQ$181:$GQ$218","headAddress":"$GQ$181","bodyAddress":"$GQ$182:$GQ$218","_name":"код"},"основное":{"_level":2,"parentID":"2fb11d91-18b7-4cfd-a5d8-1cfd4344b3ed","firstParentID":"2d363493-2ed9-4365-88e7-ef3e22d3394c","ID":"ac1a4e3f-ad6c-46d0-ae95-7d135e55dc14","childs":null,"emcosID":null,"emcosMLID":null,"codMaketTEP":null,"codTEP":null,"WSName":"DB","rangeAddress":"$GR$181:$GR$218","headAddress":"$GR$181","bodyAddress":"$GR$182:$GR$218","_name":"основное"},"корректировка факт":{"_level":2,"parentID":"2fb11d91-18b7-4cfd-a5d8-1cfd4344b3ed","firstParentID":"2d363493-2ed9-4365-88e7-ef3e22d3394c","ID":"215ca111-3c91-4d71-ad3e-2b9256708856","childs":null,"emcosID":null,"emcosMLID":null,"codMaketTEP":null,"codTEP":null,"WSName":"DB","rangeAddress":"$GS$181:$GS$218","headAddress":"$GS$181","bodyAddress":"$GS$182:$GS$218","_name":"корректировка факт"},"ручное":{"_level":2,"parentID":"2fb11d91-18b7-4cfd-a5d8-1cfd4344b3ed","firstParentID":"2d363493-2ed9-4365-88e7-ef3e22d3394c","ID":"7580b1b6-2ce1-453a-b8f1-93371a58d726","childs":null,"emcosID":null,"emcosMLID":null,"codMaketTEP":null,"codTEP":null,"WSName":"DB","rangeAddress":"$GT$181:$GT$218","headAddress":"$GT$181","bodyAddress":"$GT$182:$GT$218","_name":"ручное"},"оперативное":{"_level":2,"parentID":"2fb11d91-18b7-4cfd-a5d8-1cfd4344b3ed","firstParentID":"2d363493-2ed9-4365-88e7-ef3e22d3394c","ID":"42229424-9de2-4030-800c-5ea2ec08ed9f","childs":null,"emcosID":null,"emcosMLID":null,"codMaketTEP":null,"codTEP":null,"WSName":"DB","rangeAddress":"$GU$181:$GU$218","headAddress":"$GU$181","bodyAddress":"$GU$182:$GU$218","_name":"оперативное"},"по плану":{"_level":2,"parentID":"2fb11d91-18b7-4cfd-a5d8-1cfd4344b3ed","firstParentID":"2d363493-2ed9-4365-88e7-ef3e22d3394c","ID":"07278599-daa5-4832-a1d2-23e7ecf02524","childs":null,"emcosID":null,"emcosMLID":null,"codMaketTEP":null,"codTEP":null,"WSName":"DB","rangeAddress":"$GV$181:$GV$218","headAddress":"$GV$181","bodyAddress":"$GV$182:$GV$218","_name":"по плану"}},"emcosID":null,"emcosMLID":null,"codMaketTEP":null,"codTEP":null,"WSName":"DB","rangeAddress":"$GQ$180:$GV$218","headAddress":"$GQ$180:$GV$180","bodyAddress":"$GQ$181:$GV$218","_name":"отдача"},"план":{"_level":1,"parentID":"b936f1b4-ebe3-492c-b8d5-d2ede1663adb","firstParentID":"2d363493-2ed9-4365-88e7-ef3e22d3394c","ID":"e33791ba-84fc-4dde-98dc-a9196f7f9f61","childs":{"код":{"_level":2,"parentID":"e33791ba-84fc-4dde-98dc-a9196f7f9f61","firstParentID":"2d363493-2ed9-4365-88e7-ef3e22d3394c","ID":"462f5004-1950-4905-9bc2-3818faed2b99","childs":null,"emcosID":null,"emcosMLID":null,"codMaketTEP":null,"codTEP":null,"WSName":"DB","rangeAddress":"$GW$181:$GW$218","headAddress":"$GW$181","bodyAddress":"$GW$182:$GW$218","_name":"код"},"основное":{"_level":2,"parentID":"e33791ba-84fc-4dde-98dc-a9196f7f9f61","firstParentID":"2d363493-2ed9-4365-88e7-ef3e22d3394c","ID":"cc085e28-87fd-4d2c-b4fe-2dc7d0bc2a9a","childs":null,"emcosID":null,"emcosMLID":null,"codMaketTEP":null,"codTEP":null,"WSName":"DB","rangeAddress":"$GX$181:$GX$218","headAddress":"$GX$181","bodyAddress":"$GX$182:$GX$218","_name":"основное"},"заявка":{"_level":2,"parentID":"e33791ba-84fc-4dde-98dc-a9196f7f9f61","firstParentID":"2d363493-2ed9-4365-88e7-ef3e22d3394c","ID":"75819298-d9ff-4561-9f8f-42e528c3782a","childs":null,"emcosID":null,"emcosMLID":null,"codMaketTEP":null,"codTEP":null,"WSName":"DB","rangeAddress":"$GY$181:$GY$218","headAddress":"$GY$181","bodyAddress":"$GY$182:$GY$218","_name":"заявка"},"утвержденный":{"_level":2,"parentID":"e33791ba-84fc-4dde-98dc-a9196f7f9f61","firstParentID":"2d363493-2ed9-4365-88e7-ef3e22d3394c","ID":"e7ead415-5aab-45e8-8670-4a2e5aaadc73","childs":null,"emcosID":null,"emcosMLID":null,"codMaketTEP":null,"codTEP":null,"WSName":"DB","rangeAddress":"$GZ$181:$GZ$218","headAddress":"$GZ$181","bodyAddress":"$GZ$182:$GZ$218","_name":"утвержденный"},"корректировка":{"_level":2,"parentID":"e33791ba-84fc-4dde-98dc-a9196f7f9f61","firstParentID":"2d363493-2ed9-4365-88e7-ef3e22d3394c","ID":"0257b849-101c-441e-a620-771434b21270","childs":null,"emcosID":null,"emcosMLID":null,"codMaketTEP":null,"codTEP":null,"WSName":"DB","rangeAddress":"$HA$181:$HA$218","headAddress":"$HA$181","bodyAddress":"$HA$182:$HA$218","_name":"корректировка"}},"emcosID":null,"emcosMLID":null,"codMaketTEP":null,"codTEP":null,"WSName":"DB","rangeAddress":"$GW$180:$HA$218","headAddress":"$GW$180:$HA$180","bodyAddress":"$GW$181:$HA$218","_name":"план"}},"emcosID":null,"emcosMLID":null,"codMaketTEP":null,"codTEP":null,"WSName":"DB","rangeAddress":"$GQ$179:$HA$218","headAddress":"$GQ$179:$HA$179","bodyAddress":"$GQ$180:$HA$218","_name":"АТЭЦ3 АлЭС"}},"codPlan":24,"meterCoef":null,"_name":"АТЭЦ3 АлЭС"}