{"ID":"33513c35-9e76-457d-ac24-6e2c4cc739f9","childs":{"PS":{"_level":0,"parentID":"33513c35-9e76-457d-ac24-6e2c4cc739f9","firstParentID":"33513c35-9e76-457d-ac24-6e2c4cc739f9","ID":"f5548ae1-e473-449f-a999-0e0d26c535df","childs":{"отдача":{"_level":1,"parentID":"f5548ae1-e473-449f-a999-0e0d26c535df","firstParentID":"33513c35-9e76-457d-ac24-6e2c4cc739f9","ID":"5a9ce331-ad9d-4fe6-b8a2-babc56d0a073","childs":{"оперативное":{"_level":2,"parentID":"5a9ce331-ad9d-4fe6-b8a2-babc56d0a073","firstParentID":"33513c35-9e76-457d-ac24-6e2c4cc739f9","ID":"e147cf4e-022f-4717-9399-4d31a5188903","childs":null,"emcosID":null,"emcosMLID":null,"codMaketTEP":null,"codTEP":null,"WSName":"PS","rangeAddress":"$DY$185:$DY$221","headAddress":"$DY$185","bodyAddress":"$DY$186:$DY$221","_name":"оперативное"}},"emcosID":null,"emcosMLID":null,"codMaketTEP":null,"codTEP":null,"WSName":"PS","rangeAddress":"$DY$184:$DY$221","headAddress":"$DY$184","bodyAddress":"$DY$185:$DY$221","_name":"отдача"}},"emcosID":null,"emcosMLID":null,"codMaketTEP":null,"codTEP":null,"WSName":"PS","rangeAddress":"$DY$183:$DY$221","headAddress":"$DY$183","bodyAddress":"$DY$184:$DY$221","_name":"Генерация Сарыбулак"},"DB":{"_level":0,"parentID":"33513c35-9e76-457d-ac24-6e2c4cc739f9","firstParentID":"33513c35-9e76-457d-ac24-6e2c4cc739f9","ID":"4d446e9f-0716-4a57-acea-3d35403afe23","childs":{"отдача":{"_level":1,"parentID":"4d446e9f-0716-4a57-acea-3d35403afe23","firstParentID":"33513c35-9e76-457d-ac24-6e2c4cc739f9","ID":"20959032-bc6a-4f8a-a831-2012a5cc0d84","childs":{"код":{"_level":2,"parentID":"20959032-bc6a-4f8a-a831-2012a5cc0d84","firstParentID":"33513c35-9e76-457d-ac24-6e2c4cc739f9","ID":"a7761510-9463-41b9-ba53-9a3cd914e06f","childs":null,"emcosID":null,"emcosMLID":null,"codMaketTEP":null,"codTEP":null,"WSName":"DB","rangeAddress":"$ET$181:$ET$218","headAddress":"$ET$181","bodyAddress":"$ET$182:$ET$218","_name":"код"},"основное":{"_level":2,"parentID":"20959032-bc6a-4f8a-a831-2012a5cc0d84","firstParentID":"33513c35-9e76-457d-ac24-6e2c4cc739f9","ID":"44855c45-c5d5-4a8d-bfc2-b7b070a9c943","childs":null,"emcosID":null,"emcosMLID":null,"codMaketTEP":null,"codTEP":null,"WSName":"DB","rangeAddress":"$EU$181:$EU$218","headAddress":"$EU$181","bodyAddress":"$EU$182:$EU$218","_name":"основное"},"корректировка факт":{"_level":2,"parentID":"20959032-bc6a-4f8a-a831-2012a5cc0d84","firstParentID":"33513c35-9e76-457d-ac24-6e2c4cc739f9","ID":"71228d0a-64d6-47bd-accc-32076e0dfea4","childs":null,"emcosID":null,"emcosMLID":null,"codMaketTEP":null,"codTEP":null,"WSName":"DB","rangeAddress":"$EV$181:$EV$218","headAddress":"$EV$181","bodyAddress":"$EV$182:$EV$218","_name":"корректировка факт"},"ручное":{"_level":2,"parentID":"20959032-bc6a-4f8a-a831-2012a5cc0d84","firstParentID":"33513c35-9e76-457d-ac24-6e2c4cc739f9","ID":"11a8e806-b0d7-40c7-b848-56de6b333a6b","childs":null,"emcosID":null,"emcosMLID":null,"codMaketTEP":null,"codTEP":null,"WSName":"DB","rangeAddress":"$EW$181:$EW$218","headAddress":"$EW$181","bodyAddress":"$EW$182:$EW$218","_name":"ручное"},"оперативное":{"_level":2,"parentID":"20959032-bc6a-4f8a-a831-2012a5cc0d84","firstParentID":"33513c35-9e76-457d-ac24-6e2c4cc739f9","ID":"967fed1a-a1c8-4a16-a8e7-f1579f655212","childs":null,"emcosID":null,"emcosMLID":null,"codMaketTEP":null,"codTEP":null,"WSName":"DB","rangeAddress":"$EX$181:$EX$218","headAddress":"$EX$181","bodyAddress":"$EX$182:$EX$218","_name":"оперативное"}},"emcosID":null,"emcosMLID":null,"codMaketTEP":null,"codTEP":null,"WSName":"DB","rangeAddress":"$ET$180:$EX$218","headAddress":"$ET$180:$EX$180","bodyAddress":"$ET$181:$EX$218","_name":"отдача"}},"emcosID":null,"emcosMLID":null,"codMaketTEP":null,"codTEP":null,"WSName":"DB","rangeAddress":"$ET$179:$EX$218","headAddress":"$ET$179:$EX$179","bodyAddress":"$ET$180:$EX$218","_name":"Генерация Сарыбулак"}},"codPlan":null,"meterCoef":null,"_name":"Генерация Сарыбулак"}