{"ID":"381890f0-cb75-4bda-b9fd-eb3c0587105a","childs":{"PS":{"_level":0,"parentID":"381890f0-cb75-4bda-b9fd-eb3c0587105a","firstParentID":"381890f0-cb75-4bda-b9fd-eb3c0587105a","ID":"f63d5030-9d45-4d11-a2f7-d86a48481994","childs":{"прием":{"_level":1,"parentID":"f63d5030-9d45-4d11-a2f7-d86a48481994","firstParentID":"381890f0-cb75-4bda-b9fd-eb3c0587105a","ID":"bb429921-ece6-485c-9ab2-c58520137257","childs":{"по плану":{"_level":2,"parentID":"bb429921-ece6-485c-9ab2-c58520137257","firstParentID":"381890f0-cb75-4bda-b9fd-eb3c0587105a","ID":"71af413f-565a-488b-bf84-d16636ea85e0","childs":null,"emcosID":null,"emcosMLID":null,"codMaketTEP":null,"codTEP":null,"WSName":"PS","rangeAddress":"$EJ$185:$EJ$221","headAddress":"$EJ$185","bodyAddress":"$EJ$186:$EJ$221","_name":"по плану"}},"emcosID":null,"emcosMLID":null,"codMaketTEP":1366,"codTEP":null,"WSName":"PS","rangeAddress":"$EJ$184:$EJ$221","headAddress":"$EJ$184","bodyAddress":"$EJ$185:$EJ$221","_name":"прием"},"план":{"_level":1,"parentID":"f63d5030-9d45-4d11-a2f7-d86a48481994","firstParentID":"381890f0-cb75-4bda-b9fd-eb3c0587105a","ID":"c3e22e82-e54a-45cf-8438-05fef2e9dc2e","childs":{"заявка":{"_level":2,"parentID":"c3e22e82-e54a-45cf-8438-05fef2e9dc2e","firstParentID":"381890f0-cb75-4bda-b9fd-eb3c0587105a","ID":"ea8016ac-ca1a-4f45-80c4-ec4025a39a4a","childs":null,"emcosID":null,"emcosMLID":null,"codMaketTEP":null,"codTEP":null,"WSName":"PS","rangeAddress":"$EK$185:$EK$221","headAddress":"$EK$185","bodyAddress":"$EK$186:$EK$221","_name":"заявка"}},"emcosID":null,"emcosMLID":null,"codMaketTEP":null,"codTEP":null,"WSName":"PS","rangeAddress":"$EK$184:$EK$221","headAddress":"$EK$184","bodyAddress":"$EK$185:$EK$221","_name":"план"}},"emcosID":null,"emcosMLID":null,"codMaketTEP":null,"codTEP":null,"WSName":"PS","rangeAddress":"$EJ$183:$EK$221","headAddress":"$EJ$183:$EK$183","bodyAddress":"$EJ$184:$EK$221","_name":"с.н. ВСЭ Шелек Самрук Грин Энерджи"},"DB":{"_level":0,"parentID":"381890f0-cb75-4bda-b9fd-eb3c0587105a","firstParentID":"381890f0-cb75-4bda-b9fd-eb3c0587105a","ID":"74614ef9-9218-4c6a-9b52-278794f53128","childs":{"прием":{"_level":1,"parentID":"74614ef9-9218-4c6a-9b52-278794f53128","firstParentID":"381890f0-cb75-4bda-b9fd-eb3c0587105a","ID":"7fbc1c4b-eabc-44bb-b4ad-32b917493182","childs":{"код":{"_level":2,"parentID":"7fbc1c4b-eabc-44bb-b4ad-32b917493182","firstParentID":"381890f0-cb75-4bda-b9fd-eb3c0587105a","ID":"c1538f28-c588-4ef9-9744-319518e963ed","childs":null,"emcosID":null,"emcosMLID":null,"codMaketTEP":null,"codTEP":null,"WSName":"DB","rangeAddress":"$M$525:$M$562","headAddress":"$M$525","bodyAddress":"$M$526:$M$562","_name":"код"},"основное":{"_level":2,"parentID":"7fbc1c4b-eabc-44bb-b4ad-32b917493182","firstParentID":"381890f0-cb75-4bda-b9fd-eb3c0587105a","ID":"ee5171d2-ecce-487b-86ae-755cb35949c2","childs":null,"emcosID":null,"emcosMLID":null,"codMaketTEP":null,"codTEP":null,"WSName":"DB","rangeAddress":"$N$525:$N$562","headAddress":"$N$525","bodyAddress":"$N$526:$N$562","_name":"основное"},"корректировка факт":{"_level":2,"parentID":"7fbc1c4b-eabc-44bb-b4ad-32b917493182","firstParentID":"381890f0-cb75-4bda-b9fd-eb3c0587105a","ID":"6f5345dc-4e1a-45a6-8938-a4bac35894a9","childs":null,"emcosID":null,"emcosMLID":null,"codMaketTEP":null,"codTEP":null,"WSName":"DB","rangeAddress":"$O$525:$O$562","headAddress":"$O$525","bodyAddress":"$O$526:$O$562","_name":"корректировка факт"},"ручное":{"_level":2,"parentID":"7fbc1c4b-eabc-44bb-b4ad-32b917493182","firstParentID":"381890f0-cb75-4bda-b9fd-eb3c0587105a","ID":"6143d53b-d8ab-4132-af58-1d6eec44550a","childs":null,"emcosID":null,"emcosMLID":null,"codMaketTEP":null,"codTEP":null,"WSName":"DB","rangeAddress":"$P$525:$P$562","headAddress":"$P$525","bodyAddress":"$P$526:$P$562","_name":"ручное"},"по плану":{"_level":2,"parentID":"7fbc1c4b-eabc-44bb-b4ad-32b917493182","firstParentID":"381890f0-cb75-4bda-b9fd-eb3c0587105a","ID":"47750818-87f8-4f3a-b96e-239a268c3e68","childs":null,"emcosID":null,"emcosMLID":null,"codMaketTEP":null,"codTEP":null,"WSName":"DB","rangeAddress":"$Q$525:$Q$562","headAddress":"$Q$525","bodyAddress":"$Q$526:$Q$562","_name":"по плану"}},"emcosID":null,"emcosMLID":null,"codMaketTEP":null,"codTEP":null,"WSName":"DB","rangeAddress":"$M$524:$Q$562","headAddress":"$M$524:$Q$524","bodyAddress":"$M$525:$Q$562","_name":"прием"},"план":{"_level":1,"parentID":"74614ef9-9218-4c6a-9b52-278794f53128","firstParentID":"381890f0-cb75-4bda-b9fd-eb3c0587105a","ID":"0f8408dd-b27b-4421-9f05-0e28077ccc3d","childs":{"код":{"_level":2,"parentID":"0f8408dd-b27b-4421-9f05-0e28077ccc3d","firstParentID":"381890f0-cb75-4bda-b9fd-eb3c0587105a","ID":"5d0c31c4-dfee-49e0-8f7f-5c63602ce601","childs":null,"emcosID":null,"emcosMLID":null,"codMaketTEP":null,"codTEP":null,"WSName":"DB","rangeAddress":"$R$525:$R$562","headAddress":"$R$525","bodyAddress":"$R$526:$R$562","_name":"код"},"основное":{"_level":2,"parentID":"0f8408dd-b27b-4421-9f05-0e28077ccc3d","firstParentID":"381890f0-cb75-4bda-b9fd-eb3c0587105a","ID":"7279c8b3-98c3-4b2e-a752-a775dafb7b7e","childs":null,"emcosID":null,"emcosMLID":null,"codMaketTEP":null,"codTEP":null,"WSName":"DB","rangeAddress":"$S$525:$S$562","headAddress":"$S$525","bodyAddress":"$S$526:$S$562","_name":"основное"},"заявка":{"_level":2,"parentID":"0f8408dd-b27b-4421-9f05-0e28077ccc3d","firstParentID":"381890f0-cb75-4bda-b9fd-eb3c0587105a","ID":"78e3386c-9910-49ff-9abd-89898b13ae1b","childs":null,"emcosID":null,"emcosMLID":null,"codMaketTEP":null,"codTEP":null,"WSName":"DB","rangeAddress":"$T$525:$T$562","headAddress":"$T$525","bodyAddress":"$T$526:$T$562","_name":"заявка"},"утвержденный":{"_level":2,"parentID":"0f8408dd-b27b-4421-9f05-0e28077ccc3d","firstParentID":"381890f0-cb75-4bda-b9fd-eb3c0587105a","ID":"25ef2d0d-0e99-4eaf-9d1b-87f06f440382","childs":null,"emcosID":null,"emcosMLID":null,"codMaketTEP":null,"codTEP":null,"WSName":"DB","rangeAddress":"$U$525:$U$562","headAddress":"$U$525","bodyAddress":"$U$526:$U$562","_name":"утвержденный"},"корректировка":{"_level":2,"parentID":"0f8408dd-b27b-4421-9f05-0e28077ccc3d","firstParentID":"381890f0-cb75-4bda-b9fd-eb3c0587105a","ID":"b4cb7306-8a7c-49af-a512-aa60c76a88ef","childs":null,"emcosID":null,"emcosMLID":null,"codMaketTEP":null,"codTEP":null,"WSName":"DB","rangeAddress":"$V$525:$V$562","headAddress":"$V$525","bodyAddress":"$V$526:$V$562","_name":"корректировка"}},"emcosID":null,"emcosMLID":null,"codMaketTEP":null,"codTEP":null,"WSName":"DB","rangeAddress":"$R$524:$V$562","headAddress":"$R$524:$V$524","bodyAddress":"$R$525:$V$562","_name":"план"}},"emcosID":null,"emcosMLID":null,"codMaketTEP":null,"codTEP":null,"WSName":"DB","rangeAddress":"$M$523:$V$562","headAddress":"$M$523:$V$523","bodyAddress":"$M$524:$V$562","_name":"с.н. ВСЭ Шелек Самрук Грин Энерджи"}},"codPlan":132,"meterCoef":null,"_name":"с.н. ВСЭ Шелек Самрук Грин Энерджи"}