{"ID":"44dc3962-79c8-4415-8475-af84c72d097b","childs":{"PS":{"_level":0,"parentID":"44dc3962-79c8-4415-8475-af84c72d097b","firstParentID":"44dc3962-79c8-4415-8475-af84c72d097b","ID":"bf4dfec9-ad15-4b2e-95b9-de6c6893bc9e","childs":{"прием":{"_level":1,"parentID":"bf4dfec9-ad15-4b2e-95b9-de6c6893bc9e","firstParentID":"44dc3962-79c8-4415-8475-af84c72d097b","ID":"7590a0a3-6d0c-4081-93b8-c129de67020e","childs":{"по плану":{"_level":2,"parentID":"7590a0a3-6d0c-4081-93b8-c129de67020e","firstParentID":"44dc3962-79c8-4415-8475-af84c72d097b","ID":"c263e7d7-7d6b-403f-b025-c6f8a96f4289","childs":null,"emcosID":null,"emcosMLID":null,"codMaketTEP":null,"codTEP":null,"WSName":"PS","rangeAddress":"$BT$185:$BT$221","headAddress":"$BT$185","bodyAddress":"$BT$186:$BT$221","_name":"по плану"}},"emcosID":null,"emcosMLID":null,"codMaketTEP":1362,"codTEP":null,"WSName":"PS","rangeAddress":"$BT$184:$BT$221","headAddress":"$BT$184","bodyAddress":"$BT$185:$BT$221","_name":"прием"},"план":{"_level":1,"parentID":"bf4dfec9-ad15-4b2e-95b9-de6c6893bc9e","firstParentID":"44dc3962-79c8-4415-8475-af84c72d097b","ID":"1a645556-bb5e-4a98-8edc-2013566e6d06","childs":{"заявка":{"_level":2,"parentID":"1a645556-bb5e-4a98-8edc-2013566e6d06","firstParentID":"44dc3962-79c8-4415-8475-af84c72d097b","ID":"467b8f5f-f66c-4ffb-951d-c5ffb9cceea0","childs":null,"emcosID":null,"emcosMLID":null,"codMaketTEP":null,"codTEP":null,"WSName":"PS","rangeAddress":"$BU$185:$BU$221","headAddress":"$BU$185","bodyAddress":"$BU$186:$BU$221","_name":"заявка"}},"emcosID":null,"emcosMLID":null,"codMaketTEP":null,"codTEP":null,"WSName":"PS","rangeAddress":"$BU$184:$BU$221","headAddress":"$BU$184","bodyAddress":"$BU$185:$BU$221","_name":"план"}},"emcosID":null,"emcosMLID":null,"codMaketTEP":null,"codTEP":null,"WSName":"PS","rangeAddress":"$BT$183:$BU$221","headAddress":"$BT$183:$BU$183","bodyAddress":"$BT$184:$BU$221","_name":"потребление MTG Energy"},"DB":{"_level":0,"parentID":"44dc3962-79c8-4415-8475-af84c72d097b","firstParentID":"44dc3962-79c8-4415-8475-af84c72d097b","ID":"c97b890e-e9c5-4ec4-954d-bdd085f027d3","childs":{"прием":{"_level":1,"parentID":"c97b890e-e9c5-4ec4-954d-bdd085f027d3","firstParentID":"44dc3962-79c8-4415-8475-af84c72d097b","ID":"bcfe155f-1177-427f-8c14-241c90f53e1d","childs":{"код":{"_level":2,"parentID":"bcfe155f-1177-427f-8c14-241c90f53e1d","firstParentID":"44dc3962-79c8-4415-8475-af84c72d097b","ID":"aa69ebda-5eb5-4858-82fe-6697771f2452","childs":null,"emcosID":null,"emcosMLID":null,"codMaketTEP":null,"codTEP":null,"WSName":"DB","rangeAddress":"$C$568:$C$605","headAddress":"$C$568","bodyAddress":"$C$569:$C$605","_name":"код"},"основное":{"_level":2,"parentID":"bcfe155f-1177-427f-8c14-241c90f53e1d","firstParentID":"44dc3962-79c8-4415-8475-af84c72d097b","ID":"c88daf4a-9c5b-43d3-9c67-b945443637ae","childs":null,"emcosID":null,"emcosMLID":null,"codMaketTEP":null,"codTEP":null,"WSName":"DB","rangeAddress":"$D$568:$D$605","headAddress":"$D$568","bodyAddress":"$D$569:$D$605","_name":"основное"},"корректировка факт":{"_level":2,"parentID":"bcfe155f-1177-427f-8c14-241c90f53e1d","firstParentID":"44dc3962-79c8-4415-8475-af84c72d097b","ID":"edf88e62-f83e-4122-b8fa-5b662222002d","childs":null,"emcosID":null,"emcosMLID":null,"codMaketTEP":null,"codTEP":null,"WSName":"DB","rangeAddress":"$E$568:$E$605","headAddress":"$E$568","bodyAddress":"$E$569:$E$605","_name":"корректировка факт"},"ручное":{"_level":2,"parentID":"bcfe155f-1177-427f-8c14-241c90f53e1d","firstParentID":"44dc3962-79c8-4415-8475-af84c72d097b","ID":"73227ed1-f9a1-4d0e-bd4c-918e0c01f068","childs":null,"emcosID":null,"emcosMLID":null,"codMaketTEP":null,"codTEP":null,"WSName":"DB","rangeAddress":"$F$568:$F$605","headAddress":"$F$568","bodyAddress":"$F$569:$F$605","_name":"ручное"},"по плану":{"_level":2,"parentID":"bcfe155f-1177-427f-8c14-241c90f53e1d","firstParentID":"44dc3962-79c8-4415-8475-af84c72d097b","ID":"0e553aad-f5c0-48b8-befa-bc076dfd4394","childs":null,"emcosID":null,"emcosMLID":null,"codMaketTEP":null,"codTEP":null,"WSName":"DB","rangeAddress":"$G$568:$G$605","headAddress":"$G$568","bodyAddress":"$G$569:$G$605","_name":"по плану"}},"emcosID":null,"emcosMLID":null,"codMaketTEP":null,"codTEP":null,"WSName":"DB","rangeAddress":"$C$567:$G$605","headAddress":"$C$567:$G$567","bodyAddress":"$C$568:$G$605","_name":"прием"},"план":{"_level":1,"parentID":"c97b890e-e9c5-4ec4-954d-bdd085f027d3","firstParentID":"44dc3962-79c8-4415-8475-af84c72d097b","ID":"1c7826de-52ef-442c-8782-c51b0440811a","childs":{"код":{"_level":2,"parentID":"1c7826de-52ef-442c-8782-c51b0440811a","firstParentID":"44dc3962-79c8-4415-8475-af84c72d097b","ID":"0986f6e3-7881-4765-be11-2c2af8790c02","childs":null,"emcosID":null,"emcosMLID":null,"codMaketTEP":null,"codTEP":null,"WSName":"DB","rangeAddress":"$H$568:$H$605","headAddress":"$H$568","bodyAddress":"$H$569:$H$605","_name":"код"},"основное":{"_level":2,"parentID":"1c7826de-52ef-442c-8782-c51b0440811a","firstParentID":"44dc3962-79c8-4415-8475-af84c72d097b","ID":"59b7d441-cb3d-49a5-adc2-168adcb67731","childs":null,"emcosID":null,"emcosMLID":null,"codMaketTEP":null,"codTEP":null,"WSName":"DB","rangeAddress":"$I$568:$I$605","headAddress":"$I$568","bodyAddress":"$I$569:$I$605","_name":"основное"},"заявка":{"_level":2,"parentID":"1c7826de-52ef-442c-8782-c51b0440811a","firstParentID":"44dc3962-79c8-4415-8475-af84c72d097b","ID":"5453db7f-3956-488a-a4d3-2b0c4eddee21","childs":null,"emcosID":null,"emcosMLID":null,"codMaketTEP":null,"codTEP":null,"WSName":"DB","rangeAddress":"$J$568:$J$605","headAddress":"$J$568","bodyAddress":"$J$569:$J$605","_name":"заявка"},"утвержденный":{"_level":2,"parentID":"1c7826de-52ef-442c-8782-c51b0440811a","firstParentID":"44dc3962-79c8-4415-8475-af84c72d097b","ID":"1ae4c770-036f-4c80-99de-92bb308e65db","childs":null,"emcosID":null,"emcosMLID":null,"codMaketTEP":null,"codTEP":null,"WSName":"DB","rangeAddress":"$K$568:$K$605","headAddress":"$K$568","bodyAddress":"$K$569:$K$605","_name":"утвержденный"},"корректировка":{"_level":2,"parentID":"1c7826de-52ef-442c-8782-c51b0440811a","firstParentID":"44dc3962-79c8-4415-8475-af84c72d097b","ID":"7ac9e6ca-0cab-4e98-aa6f-09f5a658e2a0","childs":null,"emcosID":null,"emcosMLID":null,"codMaketTEP":null,"codTEP":null,"WSName":"DB","rangeAddress":"$L$568:$L$605","headAddress":"$L$568","bodyAddress":"$L$569:$L$605","_name":"корректировка"}},"emcosID":null,"emcosMLID":null,"codMaketTEP":null,"codTEP":null,"WSName":"DB","rangeAddress":"$H$567:$L$605","headAddress":"$H$567:$L$567","bodyAddress":"$H$568:$L$605","_name":"план"}},"emcosID":null,"emcosMLID":null,"codMaketTEP":null,"codTEP":null,"WSName":"DB","rangeAddress":"$C$566:$L$605","headAddress":"$C$566:$L$566","bodyAddress":"$C$567:$L$605","_name":"потребление MTG Energy"}},"codPlan":141,"meterCoef":null,"_name":"потребление MTG Energy"}