{"ID":"45c72463-f68e-45eb-b67a-b9cd416d357c","childs":{"PS":{"_level":0,"parentID":"45c72463-f68e-45eb-b67a-b9cd416d357c","firstParentID":"45c72463-f68e-45eb-b67a-b9cd416d357c","ID":"10c89cde-0d0d-4a85-92db-662a346276f4","childs":{"прием":{"_level":1,"parentID":"10c89cde-0d0d-4a85-92db-662a346276f4","firstParentID":"45c72463-f68e-45eb-b67a-b9cd416d357c","ID":"ff846d48-1f57-42ad-8ba9-66e9805c2293","childs":{"по плану":{"_level":2,"parentID":"ff846d48-1f57-42ad-8ba9-66e9805c2293","firstParentID":"45c72463-f68e-45eb-b67a-b9cd416d357c","ID":"536b516d-81e3-47aa-8489-089d42a5ef1d","childs":null,"emcosID":null,"emcosMLID":null,"codMaketTEP":null,"codTEP":null,"WSName":"PS","rangeAddress":"$CT$228:$CT$264","headAddress":"$CT$228","bodyAddress":"$CT$229:$CT$264","_name":"по плану"}},"emcosID":null,"emcosMLID":null,"codMaketTEP":null,"codTEP":null,"WSName":"PS","rangeAddress":"$CT$227:$CT$264","headAddress":"$CT$227","bodyAddress":"$CT$228:$CT$264","_name":"прием"},"план":{"_level":1,"parentID":"10c89cde-0d0d-4a85-92db-662a346276f4","firstParentID":"45c72463-f68e-45eb-b67a-b9cd416d357c","ID":"c7ad08ca-01a9-4db7-9fd0-3fb086ecbbde","childs":{"заявка":{"_level":2,"parentID":"c7ad08ca-01a9-4db7-9fd0-3fb086ecbbde","firstParentID":"45c72463-f68e-45eb-b67a-b9cd416d357c","ID":"8b212e88-4c2f-44b5-817c-145a88fdda23","childs":null,"emcosID":null,"emcosMLID":null,"codMaketTEP":null,"codTEP":null,"WSName":"PS","rangeAddress":"$CU$228:$CU$264","headAddress":"$CU$228","bodyAddress":"$CU$229:$CU$264","_name":"заявка"}},"emcosID":null,"emcosMLID":null,"codMaketTEP":null,"codTEP":null,"WSName":"PS","rangeAddress":"$CU$227:$CU$264","headAddress":"$CU$227","bodyAddress":"$CU$228:$CU$264","_name":"план"}},"emcosID":null,"emcosMLID":null,"codMaketTEP":null,"codTEP":null,"WSName":"PS","rangeAddress":"$CT$226:$CU$264","headAddress":"$CT$226:$CU$226","bodyAddress":"$CT$227:$CU$264","_name":"с.н. Саркандская ГЭС"},"DB":{"_level":0,"parentID":"45c72463-f68e-45eb-b67a-b9cd416d357c","firstParentID":"45c72463-f68e-45eb-b67a-b9cd416d357c","ID":"2fa01caf-a710-414f-b5bf-b74e8932cb03","childs":{"прием":{"_level":1,"parentID":"2fa01caf-a710-414f-b5bf-b74e8932cb03","firstParentID":"45c72463-f68e-45eb-b67a-b9cd416d357c","ID":"714b74d6-f47a-4672-b854-d2bdc1666412","childs":{"код":{"_level":2,"parentID":"714b74d6-f47a-4672-b854-d2bdc1666412","firstParentID":"45c72463-f68e-45eb-b67a-b9cd416d357c","ID":"60fb70d6-d826-4f78-b59c-934e253230eb","childs":null,"emcosID":null,"emcosMLID":null,"codMaketTEP":null,"codTEP":null,"WSName":"DB","rangeAddress":"$AB$568:$AB$605","headAddress":"$AB$568","bodyAddress":"$AB$569:$AB$605","_name":"код"},"основное":{"_level":2,"parentID":"714b74d6-f47a-4672-b854-d2bdc1666412","firstParentID":"45c72463-f68e-45eb-b67a-b9cd416d357c","ID":"4e6ed0f0-de56-474d-b387-8136a5273e1c","childs":null,"emcosID":null,"emcosMLID":null,"codMaketTEP":null,"codTEP":null,"WSName":"DB","rangeAddress":"$AC$568:$AC$605","headAddress":"$AC$568","bodyAddress":"$AC$569:$AC$605","_name":"основное"},"корректировка факт":{"_level":2,"parentID":"714b74d6-f47a-4672-b854-d2bdc1666412","firstParentID":"45c72463-f68e-45eb-b67a-b9cd416d357c","ID":"0065b23e-e657-4844-a808-a22109a0c4a0","childs":null,"emcosID":null,"emcosMLID":null,"codMaketTEP":null,"codTEP":null,"WSName":"DB","rangeAddress":"$AD$568:$AD$605","headAddress":"$AD$568","bodyAddress":"$AD$569:$AD$605","_name":"корректировка факт"},"ручное":{"_level":2,"parentID":"714b74d6-f47a-4672-b854-d2bdc1666412","firstParentID":"45c72463-f68e-45eb-b67a-b9cd416d357c","ID":"aa81f9da-ccc3-47c3-9ec1-6542f2565c8d","childs":null,"emcosID":null,"emcosMLID":null,"codMaketTEP":null,"codTEP":null,"WSName":"DB","rangeAddress":"$AE$568:$AE$605","headAddress":"$AE$568","bodyAddress":"$AE$569:$AE$605","_name":"ручное"},"по плану":{"_level":2,"parentID":"714b74d6-f47a-4672-b854-d2bdc1666412","firstParentID":"45c72463-f68e-45eb-b67a-b9cd416d357c","ID":"f9851c74-1444-43b8-a960-03d3a196a334","childs":null,"emcosID":null,"emcosMLID":null,"codMaketTEP":null,"codTEP":null,"WSName":"DB","rangeAddress":"$AF$568:$AF$605","headAddress":"$AF$568","bodyAddress":"$AF$569:$AF$605","_name":"по плану"}},"emcosID":null,"emcosMLID":null,"codMaketTEP":null,"codTEP":null,"WSName":"DB","rangeAddress":"$AB$567:$AF$605","headAddress":"$AB$567:$AF$567","bodyAddress":"$AB$568:$AF$605","_name":"прием"},"план":{"_level":1,"parentID":"2fa01caf-a710-414f-b5bf-b74e8932cb03","firstParentID":"45c72463-f68e-45eb-b67a-b9cd416d357c","ID":"9afb499a-d874-4f93-8efb-23bb83d86ba8","childs":{"код":{"_level":2,"parentID":"9afb499a-d874-4f93-8efb-23bb83d86ba8","firstParentID":"45c72463-f68e-45eb-b67a-b9cd416d357c","ID":"c6f728b4-e882-429f-a8ce-b98058f53be4","childs":null,"emcosID":null,"emcosMLID":null,"codMaketTEP":null,"codTEP":null,"WSName":"DB","rangeAddress":"$AG$568:$AG$605","headAddress":"$AG$568","bodyAddress":"$AG$569:$AG$605","_name":"код"},"основное":{"_level":2,"parentID":"9afb499a-d874-4f93-8efb-23bb83d86ba8","firstParentID":"45c72463-f68e-45eb-b67a-b9cd416d357c","ID":"2feab3ea-7226-41ca-9bfe-c23d77e14d6f","childs":null,"emcosID":null,"emcosMLID":null,"codMaketTEP":null,"codTEP":null,"WSName":"DB","rangeAddress":"$AH$568:$AH$605","headAddress":"$AH$568","bodyAddress":"$AH$569:$AH$605","_name":"основное"},"заявка":{"_level":2,"parentID":"9afb499a-d874-4f93-8efb-23bb83d86ba8","firstParentID":"45c72463-f68e-45eb-b67a-b9cd416d357c","ID":"d05c27a8-3059-4b81-8dda-bacc801d0430","childs":null,"emcosID":null,"emcosMLID":null,"codMaketTEP":null,"codTEP":null,"WSName":"DB","rangeAddress":"$AI$568:$AI$605","headAddress":"$AI$568","bodyAddress":"$AI$569:$AI$605","_name":"заявка"},"утвержденный":{"_level":2,"parentID":"9afb499a-d874-4f93-8efb-23bb83d86ba8","firstParentID":"45c72463-f68e-45eb-b67a-b9cd416d357c","ID":"6f62cf64-0a79-46ee-9282-596805d0235e","childs":null,"emcosID":null,"emcosMLID":null,"codMaketTEP":null,"codTEP":null,"WSName":"DB","rangeAddress":"$AJ$568:$AJ$605","headAddress":"$AJ$568","bodyAddress":"$AJ$569:$AJ$605","_name":"утвержденный"},"корректировка":{"_level":2,"parentID":"9afb499a-d874-4f93-8efb-23bb83d86ba8","firstParentID":"45c72463-f68e-45eb-b67a-b9cd416d357c","ID":"4d0b9afd-bf55-474b-87fc-2e85d5172bfa","childs":null,"emcosID":null,"emcosMLID":null,"codMaketTEP":null,"codTEP":null,"WSName":"DB","rangeAddress":"$AK$568:$AK$605","headAddress":"$AK$568","bodyAddress":"$AK$569:$AK$605","_name":"корректировка"}},"emcosID":null,"emcosMLID":null,"codMaketTEP":null,"codTEP":null,"WSName":"DB","rangeAddress":"$AG$567:$AK$605","headAddress":"$AG$567:$AK$567","bodyAddress":"$AG$568:$AK$605","_name":"план"}},"emcosID":null,"emcosMLID":null,"codMaketTEP":null,"codTEP":null,"WSName":"DB","rangeAddress":"$AB$566:$AK$605","headAddress":"$AB$566:$AK$566","bodyAddress":"$AB$567:$AK$605","_name":"с.н. Саркандская ГЭС"}},"codPlan":139,"meterCoef":null,"_name":"с.н. Саркандская ГЭС"}