{"ID":"46b6f5bc-c137-4730-b09e-8362264fbfcd","childs":{"PS":{"_level":0,"parentID":"46b6f5bc-c137-4730-b09e-8362264fbfcd","firstParentID":"46b6f5bc-c137-4730-b09e-8362264fbfcd","ID":"1fdefdc9-3f80-4d27-b198-749f81f4b700","childs":{"прием":{"_level":1,"parentID":"1fdefdc9-3f80-4d27-b198-749f81f4b700","firstParentID":"46b6f5bc-c137-4730-b09e-8362264fbfcd","ID":"bd9e757d-55aa-4014-804c-98fcec2630ee","childs":{"по плану":{"_level":2,"parentID":"bd9e757d-55aa-4014-804c-98fcec2630ee","firstParentID":"46b6f5bc-c137-4730-b09e-8362264fbfcd","ID":"71c1e3b9-cfed-4968-b981-41c1a9004459","childs":null,"emcosID":null,"emcosMLID":null,"codMaketTEP":null,"codTEP":null,"WSName":"PS","rangeAddress":"$BJ$228:$BJ$264","headAddress":"$BJ$228","bodyAddress":"$BJ$229:$BJ$264","_name":"по плану"}},"emcosID":null,"emcosMLID":null,"codMaketTEP":null,"codTEP":null,"WSName":"PS","rangeAddress":"$BJ$227:$BJ$264","headAddress":"$BJ$227","bodyAddress":"$BJ$228:$BJ$264","_name":"прием"},"план":{"_level":1,"parentID":"1fdefdc9-3f80-4d27-b198-749f81f4b700","firstParentID":"46b6f5bc-c137-4730-b09e-8362264fbfcd","ID":"4ddb50f9-0a02-4076-af92-cfdd25d5a5f8","childs":{"заявка":{"_level":2,"parentID":"4ddb50f9-0a02-4076-af92-cfdd25d5a5f8","firstParentID":"46b6f5bc-c137-4730-b09e-8362264fbfcd","ID":"51982a26-c8a0-453b-8f76-f04af45da220","childs":null,"emcosID":null,"emcosMLID":null,"codMaketTEP":null,"codTEP":null,"WSName":"PS","rangeAddress":"$BK$228:$BK$264","headAddress":"$BK$228","bodyAddress":"$BK$229:$BK$264","_name":"заявка"}},"emcosID":null,"emcosMLID":null,"codMaketTEP":null,"codTEP":null,"WSName":"PS","rangeAddress":"$BK$227:$BK$264","headAddress":"$BK$227","bodyAddress":"$BK$228:$BK$264","_name":"план"}},"emcosID":null,"emcosMLID":null,"codMaketTEP":null,"codTEP":null,"WSName":"PS","rangeAddress":"$BJ$226:$BK$264","headAddress":"$BJ$226:$BK$226","bodyAddress":"$BJ$227:$BK$264","_name":"Потребление IB Service"},"DB":{"_level":0,"parentID":"46b6f5bc-c137-4730-b09e-8362264fbfcd","firstParentID":"46b6f5bc-c137-4730-b09e-8362264fbfcd","ID":"900d1fd2-e7ae-4e2d-bda7-4a622d1ffa9c","childs":{"прием":{"_level":1,"parentID":"900d1fd2-e7ae-4e2d-bda7-4a622d1ffa9c","firstParentID":"46b6f5bc-c137-4730-b09e-8362264fbfcd","ID":"5c6d16f8-490d-4921-bdf2-68ab688d9a8c","childs":{"код":{"_level":2,"parentID":"5c6d16f8-490d-4921-bdf2-68ab688d9a8c","firstParentID":"46b6f5bc-c137-4730-b09e-8362264fbfcd","ID":"35a8e0a1-6d01-4f4d-9b18-f855230e8280","childs":null,"emcosID":null,"emcosMLID":null,"codMaketTEP":null,"codTEP":null,"WSName":"DB","rangeAddress":"$BF$568:$BF$605","headAddress":"$BF$568","bodyAddress":"$BF$569:$BF$605","_name":"код"},"основное":{"_level":2,"parentID":"5c6d16f8-490d-4921-bdf2-68ab688d9a8c","firstParentID":"46b6f5bc-c137-4730-b09e-8362264fbfcd","ID":"c3d5d5fa-39aa-4914-932b-9d3678e204cb","childs":null,"emcosID":null,"emcosMLID":null,"codMaketTEP":null,"codTEP":null,"WSName":"DB","rangeAddress":"$BG$568:$BG$605","headAddress":"$BG$568","bodyAddress":"$BG$569:$BG$605","_name":"основное"},"корректировка факт":{"_level":2,"parentID":"5c6d16f8-490d-4921-bdf2-68ab688d9a8c","firstParentID":"46b6f5bc-c137-4730-b09e-8362264fbfcd","ID":"e07a38d4-19d8-4625-9bcd-899e3134460a","childs":null,"emcosID":null,"emcosMLID":null,"codMaketTEP":null,"codTEP":null,"WSName":"DB","rangeAddress":"$BH$568:$BH$605","headAddress":"$BH$568","bodyAddress":"$BH$569:$BH$605","_name":"корректировка факт"},"ручное":{"_level":2,"parentID":"5c6d16f8-490d-4921-bdf2-68ab688d9a8c","firstParentID":"46b6f5bc-c137-4730-b09e-8362264fbfcd","ID":"41f1ca26-41c4-4988-8139-7558c38bef06","childs":null,"emcosID":null,"emcosMLID":null,"codMaketTEP":null,"codTEP":null,"WSName":"DB","rangeAddress":"$BI$568:$BI$605","headAddress":"$BI$568","bodyAddress":"$BI$569:$BI$605","_name":"ручное"},"по плану":{"_level":2,"parentID":"5c6d16f8-490d-4921-bdf2-68ab688d9a8c","firstParentID":"46b6f5bc-c137-4730-b09e-8362264fbfcd","ID":"38e7f660-ecbc-4539-9546-f20e460c316e","childs":null,"emcosID":null,"emcosMLID":null,"codMaketTEP":null,"codTEP":null,"WSName":"DB","rangeAddress":"$BJ$568:$BJ$605","headAddress":"$BJ$568","bodyAddress":"$BJ$569:$BJ$605","_name":"по плану"}},"emcosID":null,"emcosMLID":null,"codMaketTEP":null,"codTEP":null,"WSName":"DB","rangeAddress":"$BF$567:$BJ$605","headAddress":"$BF$567:$BJ$567","bodyAddress":"$BF$568:$BJ$605","_name":"прием"},"план":{"_level":1,"parentID":"900d1fd2-e7ae-4e2d-bda7-4a622d1ffa9c","firstParentID":"46b6f5bc-c137-4730-b09e-8362264fbfcd","ID":"2de6bb45-6560-40b9-b576-74bad2a1aac3","childs":{"код":{"_level":2,"parentID":"2de6bb45-6560-40b9-b576-74bad2a1aac3","firstParentID":"46b6f5bc-c137-4730-b09e-8362264fbfcd","ID":"d28c399c-b24f-4e7e-80eb-82209c3a2888","childs":null,"emcosID":null,"emcosMLID":null,"codMaketTEP":null,"codTEP":null,"WSName":"DB","rangeAddress":"$BK$568:$BK$605","headAddress":"$BK$568","bodyAddress":"$BK$569:$BK$605","_name":"код"},"основное":{"_level":2,"parentID":"2de6bb45-6560-40b9-b576-74bad2a1aac3","firstParentID":"46b6f5bc-c137-4730-b09e-8362264fbfcd","ID":"a5e068e6-1c3a-4072-88c0-4f1263579b5a","childs":null,"emcosID":null,"emcosMLID":null,"codMaketTEP":null,"codTEP":null,"WSName":"DB","rangeAddress":"$BL$568:$BL$605","headAddress":"$BL$568","bodyAddress":"$BL$569:$BL$605","_name":"основное"},"заявка":{"_level":2,"parentID":"2de6bb45-6560-40b9-b576-74bad2a1aac3","firstParentID":"46b6f5bc-c137-4730-b09e-8362264fbfcd","ID":"efb8aa07-4aef-4ae4-8905-cf4699e656e5","childs":null,"emcosID":null,"emcosMLID":null,"codMaketTEP":null,"codTEP":null,"WSName":"DB","rangeAddress":"$BM$568:$BM$605","headAddress":"$BM$568","bodyAddress":"$BM$569:$BM$605","_name":"заявка"},"утвержденный":{"_level":2,"parentID":"2de6bb45-6560-40b9-b576-74bad2a1aac3","firstParentID":"46b6f5bc-c137-4730-b09e-8362264fbfcd","ID":"1caa964c-83b1-4f06-a9df-e5dc60be1396","childs":null,"emcosID":null,"emcosMLID":null,"codMaketTEP":null,"codTEP":null,"WSName":"DB","rangeAddress":"$BN$568:$BN$605","headAddress":"$BN$568","bodyAddress":"$BN$569:$BN$605","_name":"утвержденный"},"корректировка":{"_level":2,"parentID":"2de6bb45-6560-40b9-b576-74bad2a1aac3","firstParentID":"46b6f5bc-c137-4730-b09e-8362264fbfcd","ID":"547a39d2-756a-41ae-877e-10772f635f51","childs":null,"emcosID":null,"emcosMLID":null,"codMaketTEP":null,"codTEP":null,"WSName":"DB","rangeAddress":"$BO$568:$BO$605","headAddress":"$BO$568","bodyAddress":"$BO$569:$BO$605","_name":"корректировка"}},"emcosID":null,"emcosMLID":null,"codMaketTEP":null,"codTEP":null,"WSName":"DB","rangeAddress":"$BK$567:$BO$605","headAddress":"$BK$567:$BO$567","bodyAddress":"$BK$568:$BO$605","_name":"план"}},"emcosID":null,"emcosMLID":null,"codMaketTEP":null,"codTEP":null,"WSName":"DB","rangeAddress":"$BF$566:$BO$605","headAddress":"$BF$566:$BO$566","bodyAddress":"$BF$567:$BO$605","_name":"Потребление IB Service"}},"codPlan":136,"meterCoef":null,"_name":"Потребление IB Service"}