{"ID":"4dc91f89-cced-49d6-9e13-7f2859b26d5b","childs":{"PS":{"_level":0,"parentID":"4dc91f89-cced-49d6-9e13-7f2859b26d5b","firstParentID":"4dc91f89-cced-49d6-9e13-7f2859b26d5b","ID":"6aa13568-f77f-447d-ac0b-a6efb4c827da","childs":{"прием":{"_level":1,"parentID":"6aa13568-f77f-447d-ac0b-a6efb4c827da","firstParentID":"4dc91f89-cced-49d6-9e13-7f2859b26d5b","ID":"6448ca37-ae9d-439b-94c1-eb5e101a8517","childs":{"по плану":{"_level":2,"parentID":"6448ca37-ae9d-439b-94c1-eb5e101a8517","firstParentID":"4dc91f89-cced-49d6-9e13-7f2859b26d5b","ID":"02924368-b913-41bd-91c3-6f1fb2da55d1","childs":null,"emcosID":null,"emcosMLID":null,"codMaketTEP":null,"codTEP":null,"WSName":"PS","rangeAddress":"$L$228:$L$264","headAddress":"$L$228","bodyAddress":"$L$229:$L$264","_name":"по плану"}},"emcosID":null,"emcosMLID":null,"codMaketTEP":null,"codTEP":null,"WSName":"PS","rangeAddress":"$L$227:$L$264","headAddress":"$L$227","bodyAddress":"$L$228:$L$264","_name":"прием"},"план":{"_level":1,"parentID":"6aa13568-f77f-447d-ac0b-a6efb4c827da","firstParentID":"4dc91f89-cced-49d6-9e13-7f2859b26d5b","ID":"9340939c-aa85-4bd5-9e39-88cc03145fe9","childs":{"заявка":{"_level":2,"parentID":"9340939c-aa85-4bd5-9e39-88cc03145fe9","firstParentID":"4dc91f89-cced-49d6-9e13-7f2859b26d5b","ID":"75588da4-7962-41b1-833c-7cd5aa0a5237","childs":null,"emcosID":null,"emcosMLID":null,"codMaketTEP":null,"codTEP":null,"WSName":"PS","rangeAddress":"$M$228:$M$264","headAddress":"$M$228","bodyAddress":"$M$229:$M$264","_name":"заявка"}},"emcosID":null,"emcosMLID":null,"codMaketTEP":null,"codTEP":null,"WSName":"PS","rangeAddress":"$M$227:$M$264","headAddress":"$M$227","bodyAddress":"$M$228:$M$264","_name":"план"}},"emcosID":null,"emcosMLID":null,"codMaketTEP":null,"codTEP":null,"WSName":"PS","rangeAddress":"$L$226:$M$264","headAddress":"$L$226:$M$226","bodyAddress":"$L$227:$M$264","_name":"От Антоновской ГЭС ТАТЭК"},"DB":{"_level":0,"parentID":"4dc91f89-cced-49d6-9e13-7f2859b26d5b","firstParentID":"4dc91f89-cced-49d6-9e13-7f2859b26d5b","ID":"0711d9b2-ba86-46b0-b7d5-87214b5a2b5a","childs":{"прием":{"_level":1,"parentID":"0711d9b2-ba86-46b0-b7d5-87214b5a2b5a","firstParentID":"4dc91f89-cced-49d6-9e13-7f2859b26d5b","ID":"58cf6140-c0b6-46ae-8e13-2c2135759df6","childs":{"код":{"_level":2,"parentID":"58cf6140-c0b6-46ae-8e13-2c2135759df6","firstParentID":"4dc91f89-cced-49d6-9e13-7f2859b26d5b","ID":"e2c75740-6e21-4e25-9a0c-d5023b7e5264","childs":null,"emcosID":null,"emcosMLID":null,"codMaketTEP":null,"codTEP":null,"WSName":"DB","rangeAddress":"$BK$568:$BK$605","headAddress":"$BK$568","bodyAddress":"$BK$569:$BK$605","_name":"код"},"основное":{"_level":2,"parentID":"58cf6140-c0b6-46ae-8e13-2c2135759df6","firstParentID":"4dc91f89-cced-49d6-9e13-7f2859b26d5b","ID":"7b0818b8-27a9-4fe2-8c10-ac12ded7f675","childs":null,"emcosID":null,"emcosMLID":null,"codMaketTEP":null,"codTEP":null,"WSName":"DB","rangeAddress":"$BL$568:$BL$605","headAddress":"$BL$568","bodyAddress":"$BL$569:$BL$605","_name":"основное"},"корректировка факт":{"_level":2,"parentID":"58cf6140-c0b6-46ae-8e13-2c2135759df6","firstParentID":"4dc91f89-cced-49d6-9e13-7f2859b26d5b","ID":"0f1ff5be-ed19-4e07-bfd9-f7bfa7a9f816","childs":null,"emcosID":null,"emcosMLID":null,"codMaketTEP":null,"codTEP":null,"WSName":"DB","rangeAddress":"$BM$568:$BM$605","headAddress":"$BM$568","bodyAddress":"$BM$569:$BM$605","_name":"корректировка факт"},"ручное":{"_level":2,"parentID":"58cf6140-c0b6-46ae-8e13-2c2135759df6","firstParentID":"4dc91f89-cced-49d6-9e13-7f2859b26d5b","ID":"9abaf4e5-223f-4e84-a471-b685cb0c7dee","childs":null,"emcosID":null,"emcosMLID":null,"codMaketTEP":null,"codTEP":null,"WSName":"DB","rangeAddress":"$BN$568:$BN$605","headAddress":"$BN$568","bodyAddress":"$BN$569:$BN$605","_name":"ручное"},"по плану":{"_level":2,"parentID":"58cf6140-c0b6-46ae-8e13-2c2135759df6","firstParentID":"4dc91f89-cced-49d6-9e13-7f2859b26d5b","ID":"411c04cc-7e37-441a-91f6-a1914eae92da","childs":null,"emcosID":null,"emcosMLID":null,"codMaketTEP":null,"codTEP":null,"WSName":"DB","rangeAddress":"$BO$568:$BO$605","headAddress":"$BO$568","bodyAddress":"$BO$569:$BO$605","_name":"по плану"}},"emcosID":null,"emcosMLID":null,"codMaketTEP":null,"codTEP":null,"WSName":"DB","rangeAddress":"$BK$567:$BO$605","headAddress":"$BK$567:$BO$567","bodyAddress":"$BK$568:$BO$605","_name":"прием"},"план":{"_level":1,"parentID":"0711d9b2-ba86-46b0-b7d5-87214b5a2b5a","firstParentID":"4dc91f89-cced-49d6-9e13-7f2859b26d5b","ID":"a9fb6439-8012-4397-a929-fe5738e68ac4","childs":{"код":{"_level":2,"parentID":"a9fb6439-8012-4397-a929-fe5738e68ac4","firstParentID":"4dc91f89-cced-49d6-9e13-7f2859b26d5b","ID":"5c724da2-cde1-466c-9ee9-ff77dae3d722","childs":null,"emcosID":null,"emcosMLID":null,"codMaketTEP":null,"codTEP":null,"WSName":"DB","rangeAddress":"$BP$568:$BP$605","headAddress":"$BP$568","bodyAddress":"$BP$569:$BP$605","_name":"код"},"основное":{"_level":2,"parentID":"a9fb6439-8012-4397-a929-fe5738e68ac4","firstParentID":"4dc91f89-cced-49d6-9e13-7f2859b26d5b","ID":"02dea4c3-842e-4064-87b3-2cf46439732c","childs":null,"emcosID":null,"emcosMLID":null,"codMaketTEP":null,"codTEP":null,"WSName":"DB","rangeAddress":"$BQ$568:$BQ$605","headAddress":"$BQ$568","bodyAddress":"$BQ$569:$BQ$605","_name":"основное"},"заявка":{"_level":2,"parentID":"a9fb6439-8012-4397-a929-fe5738e68ac4","firstParentID":"4dc91f89-cced-49d6-9e13-7f2859b26d5b","ID":"13d9b7b6-7697-457c-b5f9-c39c9896fcff","childs":null,"emcosID":null,"emcosMLID":null,"codMaketTEP":null,"codTEP":null,"WSName":"DB","rangeAddress":"$BR$568:$BR$605","headAddress":"$BR$568","bodyAddress":"$BR$569:$BR$605","_name":"заявка"},"утвержденный":{"_level":2,"parentID":"a9fb6439-8012-4397-a929-fe5738e68ac4","firstParentID":"4dc91f89-cced-49d6-9e13-7f2859b26d5b","ID":"21cc6046-0b4d-430b-b9b8-8379739f3fef","childs":null,"emcosID":null,"emcosMLID":null,"codMaketTEP":null,"codTEP":null,"WSName":"DB","rangeAddress":"$BS$568:$BS$605","headAddress":"$BS$568","bodyAddress":"$BS$569:$BS$605","_name":"утвержденный"},"корректировка":{"_level":2,"parentID":"a9fb6439-8012-4397-a929-fe5738e68ac4","firstParentID":"4dc91f89-cced-49d6-9e13-7f2859b26d5b","ID":"4e4c9afa-b052-4aa5-bc55-26710fd4de53","childs":null,"emcosID":null,"emcosMLID":null,"codMaketTEP":null,"codTEP":null,"WSName":"DB","rangeAddress":"$BT$568:$BT$605","headAddress":"$BT$568","bodyAddress":"$BT$569:$BT$605","_name":"корректировка"}},"emcosID":null,"emcosMLID":null,"codMaketTEP":null,"codTEP":null,"WSName":"DB","rangeAddress":"$BP$567:$BT$605","headAddress":"$BP$567:$BT$567","bodyAddress":"$BP$568:$BT$605","_name":"план"}},"emcosID":null,"emcosMLID":null,"codMaketTEP":null,"codTEP":null,"WSName":"DB","rangeAddress":"$BK$566:$BT$605","headAddress":"$BK$566:$BT$566","bodyAddress":"$BK$567:$BT$605","_name":"От Антоновской ГЭС ТАТЭК"}},"codPlan":134,"meterCoef":null,"_name":"От Антоновской ГЭС ТАТЭК"}