{"ID":"547e25ff-4344-447b-b603-ef5eae025375","childs":{"PS":{"_level":0,"parentID":"547e25ff-4344-447b-b603-ef5eae025375","firstParentID":"547e25ff-4344-447b-b603-ef5eae025375","ID":"4f4c0d3a-629d-4728-be49-0b15512fa098","childs":{"прием":{"_level":1,"parentID":"4f4c0d3a-629d-4728-be49-0b15512fa098","firstParentID":"547e25ff-4344-447b-b603-ef5eae025375","ID":"de790673-85b1-4f00-8a3b-95dd15636ca9","childs":{"по плану":{"_level":2,"parentID":"de790673-85b1-4f00-8a3b-95dd15636ca9","firstParentID":"547e25ff-4344-447b-b603-ef5eae025375","ID":"7b63c8de-0fd4-4366-a05c-1b466473682c","childs":null,"emcosID":null,"emcosMLID":null,"codMaketTEP":null,"codTEP":null,"WSName":"PS","rangeAddress":"$BL$228:$BL$264","headAddress":"$BL$228","bodyAddress":"$BL$229:$BL$264","_name":"по плану"}},"emcosID":null,"emcosMLID":null,"codMaketTEP":null,"codTEP":null,"WSName":"PS","rangeAddress":"$BL$227:$BL$264","headAddress":"$BL$227","bodyAddress":"$BL$228:$BL$264","_name":"прием"},"план":{"_level":1,"parentID":"4f4c0d3a-629d-4728-be49-0b15512fa098","firstParentID":"547e25ff-4344-447b-b603-ef5eae025375","ID":"84e13597-ea56-4afe-b8d4-bed5382333dc","childs":{"заявка":{"_level":2,"parentID":"84e13597-ea56-4afe-b8d4-bed5382333dc","firstParentID":"547e25ff-4344-447b-b603-ef5eae025375","ID":"3d01430f-5cdd-46c5-8f6e-98ee01d1c752","childs":null,"emcosID":null,"emcosMLID":null,"codMaketTEP":null,"codTEP":null,"WSName":"PS","rangeAddress":"$BM$228:$BM$264","headAddress":"$BM$228","bodyAddress":"$BM$229:$BM$264","_name":"заявка"}},"emcosID":null,"emcosMLID":null,"codMaketTEP":null,"codTEP":null,"WSName":"PS","rangeAddress":"$BM$227:$BM$264","headAddress":"$BM$227","bodyAddress":"$BM$228:$BM$264","_name":"план"}},"emcosID":null,"emcosMLID":null,"codMaketTEP":null,"codTEP":null,"WSName":"PS","rangeAddress":"$BL$226:$BM$264","headAddress":"$BL$226:$BM$226","bodyAddress":"$BL$227:$BM$264","_name":"Потребление Samga Development Жетысу"},"DB":{"_level":0,"parentID":"547e25ff-4344-447b-b603-ef5eae025375","firstParentID":"547e25ff-4344-447b-b603-ef5eae025375","ID":"08830490-c1e8-4b8c-8396-3034823a2970","childs":{"прием":{"_level":1,"parentID":"08830490-c1e8-4b8c-8396-3034823a2970","firstParentID":"547e25ff-4344-447b-b603-ef5eae025375","ID":"2cd0d7f5-eec8-40d7-918b-61b9fe9a6b1f","childs":{"код":{"_level":2,"parentID":"2cd0d7f5-eec8-40d7-918b-61b9fe9a6b1f","firstParentID":"547e25ff-4344-447b-b603-ef5eae025375","ID":"7fc4c8df-2781-4b2a-b2ce-479b98de9fe4","childs":null,"emcosID":null,"emcosMLID":null,"codMaketTEP":null,"codTEP":null,"WSName":"DB","rangeAddress":"$C$568:$C$605","headAddress":"$C$568","bodyAddress":"$C$569:$C$605","_name":"код"},"основное":{"_level":2,"parentID":"2cd0d7f5-eec8-40d7-918b-61b9fe9a6b1f","firstParentID":"547e25ff-4344-447b-b603-ef5eae025375","ID":"7dc44ecd-c8e7-457b-ae8f-7c212e65c852","childs":null,"emcosID":null,"emcosMLID":null,"codMaketTEP":null,"codTEP":null,"WSName":"DB","rangeAddress":"$D$568:$D$605","headAddress":"$D$568","bodyAddress":"$D$569:$D$605","_name":"основное"},"корректировка факт":{"_level":2,"parentID":"2cd0d7f5-eec8-40d7-918b-61b9fe9a6b1f","firstParentID":"547e25ff-4344-447b-b603-ef5eae025375","ID":"68ca1a01-ebed-4a80-a241-908a8d809741","childs":null,"emcosID":null,"emcosMLID":null,"codMaketTEP":null,"codTEP":null,"WSName":"DB","rangeAddress":"$E$568:$E$605","headAddress":"$E$568","bodyAddress":"$E$569:$E$605","_name":"корректировка факт"},"ручное":{"_level":2,"parentID":"2cd0d7f5-eec8-40d7-918b-61b9fe9a6b1f","firstParentID":"547e25ff-4344-447b-b603-ef5eae025375","ID":"a750056a-c9df-4ea3-9822-be011c107e19","childs":null,"emcosID":null,"emcosMLID":null,"codMaketTEP":null,"codTEP":null,"WSName":"DB","rangeAddress":"$F$568:$F$605","headAddress":"$F$568","bodyAddress":"$F$569:$F$605","_name":"ручное"},"по плану":{"_level":2,"parentID":"2cd0d7f5-eec8-40d7-918b-61b9fe9a6b1f","firstParentID":"547e25ff-4344-447b-b603-ef5eae025375","ID":"c9ccc02f-82db-47fc-beaa-e06c2812c93b","childs":null,"emcosID":null,"emcosMLID":null,"codMaketTEP":null,"codTEP":null,"WSName":"DB","rangeAddress":"$G$568:$G$605","headAddress":"$G$568","bodyAddress":"$G$569:$G$605","_name":"по плану"}},"emcosID":null,"emcosMLID":null,"codMaketTEP":null,"codTEP":null,"WSName":"DB","rangeAddress":"$C$567:$G$605","headAddress":"$C$567:$G$567","bodyAddress":"$C$568:$G$605","_name":"прием"},"план":{"_level":1,"parentID":"08830490-c1e8-4b8c-8396-3034823a2970","firstParentID":"547e25ff-4344-447b-b603-ef5eae025375","ID":"7b48f4e5-ca73-4360-8e0e-0533ea687a9b","childs":{"код":{"_level":2,"parentID":"7b48f4e5-ca73-4360-8e0e-0533ea687a9b","firstParentID":"547e25ff-4344-447b-b603-ef5eae025375","ID":"ab034de4-e011-4608-bebe-a74dc7d32b57","childs":null,"emcosID":null,"emcosMLID":null,"codMaketTEP":null,"codTEP":null,"WSName":"DB","rangeAddress":"$H$568:$H$605","headAddress":"$H$568","bodyAddress":"$H$569:$H$605","_name":"код"},"основное":{"_level":2,"parentID":"7b48f4e5-ca73-4360-8e0e-0533ea687a9b","firstParentID":"547e25ff-4344-447b-b603-ef5eae025375","ID":"33acd0e9-48ef-4c21-bbee-bb30596564ed","childs":null,"emcosID":null,"emcosMLID":null,"codMaketTEP":null,"codTEP":null,"WSName":"DB","rangeAddress":"$I$568:$I$605","headAddress":"$I$568","bodyAddress":"$I$569:$I$605","_name":"основное"},"заявка":{"_level":2,"parentID":"7b48f4e5-ca73-4360-8e0e-0533ea687a9b","firstParentID":"547e25ff-4344-447b-b603-ef5eae025375","ID":"b128334f-72b2-4327-934f-c2b5777e6ce0","childs":null,"emcosID":null,"emcosMLID":null,"codMaketTEP":null,"codTEP":null,"WSName":"DB","rangeAddress":"$J$568:$J$605","headAddress":"$J$568","bodyAddress":"$J$569:$J$605","_name":"заявка"},"утвержденный":{"_level":2,"parentID":"7b48f4e5-ca73-4360-8e0e-0533ea687a9b","firstParentID":"547e25ff-4344-447b-b603-ef5eae025375","ID":"f3456c27-f663-4f44-90a5-525605ed48bb","childs":null,"emcosID":null,"emcosMLID":null,"codMaketTEP":null,"codTEP":null,"WSName":"DB","rangeAddress":"$K$568:$K$605","headAddress":"$K$568","bodyAddress":"$K$569:$K$605","_name":"утвержденный"},"корректировка":{"_level":2,"parentID":"7b48f4e5-ca73-4360-8e0e-0533ea687a9b","firstParentID":"547e25ff-4344-447b-b603-ef5eae025375","ID":"54c77811-8aa6-4382-841f-d530a302ce5e","childs":null,"emcosID":null,"emcosMLID":null,"codMaketTEP":null,"codTEP":null,"WSName":"DB","rangeAddress":"$L$568:$L$605","headAddress":"$L$568","bodyAddress":"$L$569:$L$605","_name":"корректировка"}},"emcosID":null,"emcosMLID":null,"codMaketTEP":null,"codTEP":null,"WSName":"DB","rangeAddress":"$H$567:$L$605","headAddress":"$H$567:$L$567","bodyAddress":"$H$568:$L$605","_name":"план"}},"emcosID":null,"emcosMLID":null,"codMaketTEP":null,"codTEP":null,"WSName":"DB","rangeAddress":"$C$566:$L$605","headAddress":"$C$566:$L$566","bodyAddress":"$C$567:$L$605","_name":"Потребление Samga Development Жетысу"}},"codPlan":140,"meterCoef":null,"_name":"Потребление Samga Development Жетысу"}