{"ID":"6ce1ca5f-878c-4fe7-a148-31581f4c780b","childs":{"PS":{"_level":0,"parentID":"6ce1ca5f-878c-4fe7-a148-31581f4c780b","firstParentID":"6ce1ca5f-878c-4fe7-a148-31581f4c780b","ID":"d972e23b-959a-477f-b93e-8cee36121d92","childs":{"отдача":{"_level":1,"parentID":"d972e23b-959a-477f-b93e-8cee36121d92","firstParentID":"6ce1ca5f-878c-4fe7-a148-31581f4c780b","ID":"c34adeb7-7982-4b92-9f36-b600613d1854","childs":{"оперативное":{"_level":2,"parentID":"c34adeb7-7982-4b92-9f36-b600613d1854","firstParentID":"6ce1ca5f-878c-4fe7-a148-31581f4c780b","ID":"86241004-2661-4815-87a2-a7da9ec9b701","childs":null,"emcosID":null,"emcosMLID":null,"codMaketTEP":null,"codTEP":null,"WSName":"PS","rangeAddress":"$CV$228:$CV$264","headAddress":"$CV$228","bodyAddress":"$CV$229:$CV$264","_name":"оперативное"}},"emcosID":null,"emcosMLID":null,"codMaketTEP":null,"codTEP":null,"WSName":"PS","rangeAddress":"$CV$227:$CV$264","headAddress":"$CV$227","bodyAddress":"$CV$228:$CV$264","_name":"отдача"}},"emcosID":null,"emcosMLID":null,"codMaketTEP":null,"codTEP":null,"WSName":"PS","rangeAddress":"$CV$226:$CV$264","headAddress":"$CV$226","bodyAddress":"$CV$227:$CV$264","_name":"Генерация Eco Watt AKA"},"DB":{"_level":0,"parentID":"6ce1ca5f-878c-4fe7-a148-31581f4c780b","firstParentID":"6ce1ca5f-878c-4fe7-a148-31581f4c780b","ID":"3913c508-e2a7-41e3-b9bd-6c7e06dabb4a","childs":{"отдача":{"_level":1,"parentID":"3913c508-e2a7-41e3-b9bd-6c7e06dabb4a","firstParentID":"6ce1ca5f-878c-4fe7-a148-31581f4c780b","ID":"2741f718-912f-46db-bc62-df26968d2fca","childs":{"код":{"_level":2,"parentID":"2741f718-912f-46db-bc62-df26968d2fca","firstParentID":"6ce1ca5f-878c-4fe7-a148-31581f4c780b","ID":"137bf60e-640b-458e-b468-461813d9c6d2","childs":null,"emcosID":null,"emcosMLID":null,"codMaketTEP":null,"codTEP":null,"WSName":"DB","rangeAddress":"$M$568:$M$605","headAddress":"$M$568","bodyAddress":"$M$569:$M$605","_name":"код"},"основное":{"_level":2,"parentID":"2741f718-912f-46db-bc62-df26968d2fca","firstParentID":"6ce1ca5f-878c-4fe7-a148-31581f4c780b","ID":"9a336881-1d28-4a65-9d5e-f67d6b20988a","childs":null,"emcosID":null,"emcosMLID":null,"codMaketTEP":null,"codTEP":null,"WSName":"DB","rangeAddress":"$N$568:$N$605","headAddress":"$N$568","bodyAddress":"$N$569:$N$605","_name":"основное"},"корректировка факт":{"_level":2,"parentID":"2741f718-912f-46db-bc62-df26968d2fca","firstParentID":"6ce1ca5f-878c-4fe7-a148-31581f4c780b","ID":"fe5ee7b4-515c-4cd7-8516-f7e527d1edff","childs":null,"emcosID":null,"emcosMLID":null,"codMaketTEP":null,"codTEP":null,"WSName":"DB","rangeAddress":"$O$568:$O$605","headAddress":"$O$568","bodyAddress":"$O$569:$O$605","_name":"корректировка факт"},"ручное":{"_level":2,"parentID":"2741f718-912f-46db-bc62-df26968d2fca","firstParentID":"6ce1ca5f-878c-4fe7-a148-31581f4c780b","ID":"74bab064-7cb2-4381-b444-2b2502fbd663","childs":null,"emcosID":null,"emcosMLID":null,"codMaketTEP":null,"codTEP":null,"WSName":"DB","rangeAddress":"$P$568:$P$605","headAddress":"$P$568","bodyAddress":"$P$569:$P$605","_name":"ручное"},"оперативное":{"_level":2,"parentID":"2741f718-912f-46db-bc62-df26968d2fca","firstParentID":"6ce1ca5f-878c-4fe7-a148-31581f4c780b","ID":"7d7d0fbc-4d96-4650-abb9-14bcd19568ba","childs":null,"emcosID":null,"emcosMLID":null,"codMaketTEP":null,"codTEP":null,"WSName":"DB","rangeAddress":"$Q$568:$Q$605","headAddress":"$Q$568","bodyAddress":"$Q$569:$Q$605","_name":"оперативное"}},"emcosID":null,"emcosMLID":null,"codMaketTEP":null,"codTEP":null,"WSName":"DB","rangeAddress":"$M$567:$Q$605","headAddress":"$M$567:$Q$567","bodyAddress":"$M$568:$Q$605","_name":"отдача"}},"emcosID":null,"emcosMLID":null,"codMaketTEP":null,"codTEP":null,"WSName":"DB","rangeAddress":"$M$566:$Q$605","headAddress":"$M$566:$Q$566","bodyAddress":"$M$567:$Q$605","_name":"Генерация Eco Watt AKA"}},"codPlan":null,"meterCoef":null,"_name":"Генерация Eco Watt AKA"}