{"ID":"808b76d2-87d2-4db8-a381-8b89aaa7e30f","childs":{"PS":{"_level":0,"parentID":"808b76d2-87d2-4db8-a381-8b89aaa7e30f","firstParentID":"808b76d2-87d2-4db8-a381-8b89aaa7e30f","ID":"d973314e-5955-4981-afed-9cd197d073cc","childs":{"прием":{"_level":1,"parentID":"d973314e-5955-4981-afed-9cd197d073cc","firstParentID":"808b76d2-87d2-4db8-a381-8b89aaa7e30f","ID":"21c51e89-f249-4f13-a25c-46e9cd7588d9","childs":{"ручное":{"_level":2,"parentID":"21c51e89-f249-4f13-a25c-46e9cd7588d9","firstParentID":"808b76d2-87d2-4db8-a381-8b89aaa7e30f","ID":"8ce1d0dc-e196-4d33-adc2-49e4c4fd72f6","childs":null,"emcosID":null,"emcosMLID":null,"codMaketTEP":null,"codTEP":null,"WSName":"PS","rangeAddress":"$JO$99:$JO$135","headAddress":"$JO$99","bodyAddress":"$JO$100:$JO$135","_name":"ручное"}},"emcosID":null,"emcosMLID":null,"codMaketTEP":null,"codTEP":null,"WSName":"PS","rangeAddress":"$JO$98:$JO$135","headAddress":"$JO$98","bodyAddress":"$JO$99:$JO$135","_name":"прием"}},"emcosID":null,"emcosMLID":null,"codMaketTEP":null,"codTEP":null,"WSName":"PS","rangeAddress":"$JO$97:$JO$135","headAddress":"$JO$97","bodyAddress":"$JO$98:$JO$135","_name":"с.н. Строительная 120А"},"DB":{"_level":0,"parentID":"808b76d2-87d2-4db8-a381-8b89aaa7e30f","firstParentID":"808b76d2-87d2-4db8-a381-8b89aaa7e30f","ID":"3cac60df-d0f5-4631-8179-8ca4116d8cf2","childs":{"прием":{"_level":1,"parentID":"3cac60df-d0f5-4631-8179-8ca4116d8cf2","firstParentID":"808b76d2-87d2-4db8-a381-8b89aaa7e30f","ID":"5a4d61d5-55fa-4cf0-be2c-c22b62ffa5aa","childs":{"код":{"_level":2,"parentID":"5a4d61d5-55fa-4cf0-be2c-c22b62ffa5aa","firstParentID":"808b76d2-87d2-4db8-a381-8b89aaa7e30f","ID":"e23d83b6-018e-4a3c-a667-a989b48ba002","childs":null,"emcosID":null,"emcosMLID":null,"codMaketTEP":null,"codTEP":null,"WSName":"DB","rangeAddress":"$AH$181:$AH$218","headAddress":"$AH$181","bodyAddress":"$AH$182:$AH$218","_name":"код"},"основное":{"_level":2,"parentID":"5a4d61d5-55fa-4cf0-be2c-c22b62ffa5aa","firstParentID":"808b76d2-87d2-4db8-a381-8b89aaa7e30f","ID":"b912e7ca-c2bf-4c14-a581-6e8774016fd7","childs":null,"emcosID":null,"emcosMLID":null,"codMaketTEP":null,"codTEP":null,"WSName":"DB","rangeAddress":"$AI$181:$AI$218","headAddress":"$AI$181","bodyAddress":"$AI$182:$AI$218","_name":"основное"},"корректировка факт":{"_level":2,"parentID":"5a4d61d5-55fa-4cf0-be2c-c22b62ffa5aa","firstParentID":"808b76d2-87d2-4db8-a381-8b89aaa7e30f","ID":"e5e2e52b-4dcf-44c6-8e14-4294d4b14e0c","childs":null,"emcosID":null,"emcosMLID":null,"codMaketTEP":null,"codTEP":null,"WSName":"DB","rangeAddress":"$AJ$181:$AJ$218","headAddress":"$AJ$181","bodyAddress":"$AJ$182:$AJ$218","_name":"корректировка факт"},"ручное":{"_level":2,"parentID":"5a4d61d5-55fa-4cf0-be2c-c22b62ffa5aa","firstParentID":"808b76d2-87d2-4db8-a381-8b89aaa7e30f","ID":"badee3d0-180c-4b38-8ae3-7617731c5954","childs":null,"emcosID":null,"emcosMLID":null,"codMaketTEP":null,"codTEP":null,"WSName":"DB","rangeAddress":"$AK$181:$AK$218","headAddress":"$AK$181","bodyAddress":"$AK$182:$AK$218","_name":"ручное"}},"emcosID":null,"emcosMLID":null,"codMaketTEP":null,"codTEP":null,"WSName":"DB","rangeAddress":"$AH$180:$AK$218","headAddress":"$AH$180:$AK$180","bodyAddress":"$AH$181:$AK$218","_name":"прием"}},"emcosID":null,"emcosMLID":null,"codMaketTEP":null,"codTEP":null,"WSName":"DB","rangeAddress":"$AH$179:$AK$218","headAddress":"$AH$179:$AK$179","bodyAddress":"$AH$180:$AK$218","_name":"с.н. Строительная 120А"}},"codPlan":null,"meterCoef":null,"_name":"с.н. Строительная 120А"}