{"ID":"837de171-2914-41e4-8e36-8d128ebb1f5b","childs":{"PS":{"_level":0,"parentID":"837de171-2914-41e4-8e36-8d128ebb1f5b","firstParentID":"837de171-2914-41e4-8e36-8d128ebb1f5b","ID":"8ae1e120-be9d-473d-b734-e74959a54964","childs":{"отдача":{"_level":1,"parentID":"8ae1e120-be9d-473d-b734-e74959a54964","firstParentID":"837de171-2914-41e4-8e36-8d128ebb1f5b","ID":"58af8e99-8d07-4606-9fb9-00352e45b483","childs":{"по счетчику":{"_level":2,"parentID":"58af8e99-8d07-4606-9fb9-00352e45b483","firstParentID":"837de171-2914-41e4-8e36-8d128ebb1f5b","ID":"f0f689a9-0e77-4428-a9f7-16a6a10024b0","childs":null,"emcosID":null,"emcosMLID":null,"codMaketTEP":null,"codTEP":null,"WSName":"PS","rangeAddress":"$BN$99:$BN$135","headAddress":"$BN$99","bodyAddress":"$BN$100:$BN$135","_name":"по счетчику"},"СЧЕТЧИК":{"_level":2,"parentID":"58af8e99-8d07-4606-9fb9-00352e45b483","firstParentID":"837de171-2914-41e4-8e36-8d128ebb1f5b","ID":"2d382197-615c-491e-ab0c-f4db8f9b4a59","childs":null,"emcosID":null,"emcosMLID":null,"codMaketTEP":null,"codTEP":null,"WSName":"PS","rangeAddress":"$BO$99:$BO$135","headAddress":"$BO$99","bodyAddress":"$BO$100:$BO$135","_name":"СЧЕТЧИК"}},"emcosID":null,"emcosMLID":null,"codMaketTEP":null,"codTEP":null,"WSName":"PS","rangeAddress":"$BN$98:$BO$135","headAddress":"$BN$98:$BO$98","bodyAddress":"$BN$99:$BO$135","_name":"отдача"}},"emcosID":null,"emcosMLID":null,"codMaketTEP":null,"codTEP":null,"WSName":"PS","rangeAddress":"$BN$97:$BO$135","headAddress":"$BN$97:$BO$97","bodyAddress":"$BN$98:$BO$135","_name":"КЛ10 ПС149 Талдыкорган ЗЩА"},"DB":{"_level":0,"parentID":"837de171-2914-41e4-8e36-8d128ebb1f5b","firstParentID":"837de171-2914-41e4-8e36-8d128ebb1f5b","ID":"2a4e934e-ceb3-4e15-9392-b646c91cd471","childs":{"отдача":{"_level":1,"parentID":"2a4e934e-ceb3-4e15-9392-b646c91cd471","firstParentID":"837de171-2914-41e4-8e36-8d128ebb1f5b","ID":"3f05abff-bd2b-4e93-9c19-0c7822479594","childs":{"код":{"_level":2,"parentID":"3f05abff-bd2b-4e93-9c19-0c7822479594","firstParentID":"837de171-2914-41e4-8e36-8d128ebb1f5b","ID":"8a98a5bb-1f6e-4985-af67-74dea285f4ca","childs":null,"emcosID":null,"emcosMLID":null,"codMaketTEP":null,"codTEP":null,"WSName":"DB","rangeAddress":"$DZ$267:$DZ$304","headAddress":"$DZ$267","bodyAddress":"$DZ$268:$DZ$304","_name":"код"},"основное":{"_level":2,"parentID":"3f05abff-bd2b-4e93-9c19-0c7822479594","firstParentID":"837de171-2914-41e4-8e36-8d128ebb1f5b","ID":"b71a71f2-1730-4c56-8029-ea8606d8e53e","childs":null,"emcosID":null,"emcosMLID":null,"codMaketTEP":null,"codTEP":null,"WSName":"DB","rangeAddress":"$EA$267:$EA$304","headAddress":"$EA$267","bodyAddress":"$EA$268:$EA$304","_name":"основное"},"корректировка факт":{"_level":2,"parentID":"3f05abff-bd2b-4e93-9c19-0c7822479594","firstParentID":"837de171-2914-41e4-8e36-8d128ebb1f5b","ID":"16cd96b3-3a07-4d14-98e4-0b5eb116ef38","childs":null,"emcosID":null,"emcosMLID":null,"codMaketTEP":null,"codTEP":null,"WSName":"DB","rangeAddress":"$EB$267:$EB$304","headAddress":"$EB$267","bodyAddress":"$EB$268:$EB$304","_name":"корректировка факт"},"ручное":{"_level":2,"parentID":"3f05abff-bd2b-4e93-9c19-0c7822479594","firstParentID":"837de171-2914-41e4-8e36-8d128ebb1f5b","ID":"a25ac8f3-facc-42d7-80af-6a243ddf44cd","childs":null,"emcosID":null,"emcosMLID":null,"codMaketTEP":null,"codTEP":null,"WSName":"DB","rangeAddress":"$EC$267:$EC$304","headAddress":"$EC$267","bodyAddress":"$EC$268:$EC$304","_name":"ручное"},"оперативное":{"_level":2,"parentID":"3f05abff-bd2b-4e93-9c19-0c7822479594","firstParentID":"837de171-2914-41e4-8e36-8d128ebb1f5b","ID":"d3c872a5-30ad-40d7-a00f-3aa3e6cabff9","childs":null,"emcosID":null,"emcosMLID":null,"codMaketTEP":null,"codTEP":null,"WSName":"DB","rangeAddress":"$ED$267:$ED$304","headAddress":"$ED$267","bodyAddress":"$ED$268:$ED$304","_name":"оперативное"},"счетчик":{"_level":2,"parentID":"3f05abff-bd2b-4e93-9c19-0c7822479594","firstParentID":"837de171-2914-41e4-8e36-8d128ebb1f5b","ID":"0adc2cae-020e-4ed6-8515-edc3811bf4cd","childs":null,"emcosID":null,"emcosMLID":null,"codMaketTEP":null,"codTEP":null,"WSName":"DB","rangeAddress":"$EE$267:$EE$304","headAddress":"$EE$267","bodyAddress":"$EE$268:$EE$304","_name":"счетчик"},"по счетчику":{"_level":2,"parentID":"3f05abff-bd2b-4e93-9c19-0c7822479594","firstParentID":"837de171-2914-41e4-8e36-8d128ebb1f5b","ID":"c59fd63f-11c2-4d58-9e84-1efc1f532220","childs":null,"emcosID":null,"emcosMLID":null,"codMaketTEP":null,"codTEP":null,"WSName":"DB","rangeAddress":"$EF$267:$EF$304","headAddress":"$EF$267","bodyAddress":"$EF$268:$EF$304","_name":"по счетчику"}},"emcosID":null,"emcosMLID":null,"codMaketTEP":null,"codTEP":null,"WSName":"DB","rangeAddress":"$DZ$266:$EF$304","headAddress":"$DZ$266:$EF$266","bodyAddress":"$DZ$267:$EF$304","_name":"отдача"}},"emcosID":null,"emcosMLID":null,"codMaketTEP":null,"codTEP":null,"WSName":"DB","rangeAddress":"$DZ$265:$EF$304","headAddress":"$DZ$265:$EF$265","bodyAddress":"$DZ$266:$EF$304","_name":"КЛ10 ПС149 Талдыкорган ЗЩА"}},"codPlan":null,"meterCoef":"3","_name":"КЛ10 ПС149 Талдыкорган ЗЩА"}