{"ID":"8afe4636-3092-4785-b7a7-22c85cac50ec","childs":{"PS":{"_level":0,"parentID":"8afe4636-3092-4785-b7a7-22c85cac50ec","firstParentID":"8afe4636-3092-4785-b7a7-22c85cac50ec","ID":"2c0378db-25db-4e53-98e5-795644bf6354","childs":{"прием":{"_level":1,"parentID":"2c0378db-25db-4e53-98e5-795644bf6354","firstParentID":"8afe4636-3092-4785-b7a7-22c85cac50ec","ID":"6c8c39d7-fda6-4aa7-8cf6-16b86cfb83f5","childs":{"ручное":{"_level":2,"parentID":"6c8c39d7-fda6-4aa7-8cf6-16b86cfb83f5","firstParentID":"8afe4636-3092-4785-b7a7-22c85cac50ec","ID":"796cc1f5-f9d6-4ff0-99b5-6b17bc91a70e","childs":null,"emcosID":null,"emcosMLID":null,"codMaketTEP":null,"codTEP":null,"WSName":"PS","rangeAddress":"$BR$185:$BR$221","headAddress":"$BR$185","bodyAddress":"$BR$186:$BR$221","_name":"ручное"}},"emcosID":null,"emcosMLID":null,"codMaketTEP":null,"codTEP":null,"WSName":"PS","rangeAddress":"$BR$184:$BR$221","headAddress":"$BR$184","bodyAddress":"$BR$185:$BR$221","_name":"прием"}},"emcosID":null,"emcosMLID":null,"codMaketTEP":null,"codTEP":null,"WSName":"PS","rangeAddress":"$BR$183:$BR$221","headAddress":"$BR$183","bodyAddress":"$BR$184:$BR$221","_name":"х.н. АЖК"},"DB":{"_level":0,"parentID":"8afe4636-3092-4785-b7a7-22c85cac50ec","firstParentID":"8afe4636-3092-4785-b7a7-22c85cac50ec","ID":"584c3ade-aa22-487d-b5cb-eac4992d48ea","childs":{"прием":{"_level":1,"parentID":"584c3ade-aa22-487d-b5cb-eac4992d48ea","firstParentID":"8afe4636-3092-4785-b7a7-22c85cac50ec","ID":"a69f1d64-d6a2-441a-9460-a804c92cb722","childs":{"код":{"_level":2,"parentID":"a69f1d64-d6a2-441a-9460-a804c92cb722","firstParentID":"8afe4636-3092-4785-b7a7-22c85cac50ec","ID":"99569f8b-aa22-4c83-90fa-975fb3a92f21","childs":null,"emcosID":null,"emcosMLID":null,"codMaketTEP":null,"codTEP":null,"WSName":"DB","rangeAddress":"$C$310:$C$347","headAddress":"$C$310","bodyAddress":"$C$311:$C$347","_name":"код"},"основное":{"_level":2,"parentID":"a69f1d64-d6a2-441a-9460-a804c92cb722","firstParentID":"8afe4636-3092-4785-b7a7-22c85cac50ec","ID":"f5a46f9e-4b88-4fe2-9eeb-b3bbb0a8db4b","childs":null,"emcosID":null,"emcosMLID":null,"codMaketTEP":null,"codTEP":null,"WSName":"DB","rangeAddress":"$D$310:$D$347","headAddress":"$D$310","bodyAddress":"$D$311:$D$347","_name":"основное"},"корректировка факт":{"_level":2,"parentID":"a69f1d64-d6a2-441a-9460-a804c92cb722","firstParentID":"8afe4636-3092-4785-b7a7-22c85cac50ec","ID":"79bd9694-dd19-420f-9427-26445feacb7d","childs":null,"emcosID":null,"emcosMLID":null,"codMaketTEP":null,"codTEP":null,"WSName":"DB","rangeAddress":"$E$310:$E$347","headAddress":"$E$310","bodyAddress":"$E$311:$E$347","_name":"корректировка факт"},"ручное":{"_level":2,"parentID":"a69f1d64-d6a2-441a-9460-a804c92cb722","firstParentID":"8afe4636-3092-4785-b7a7-22c85cac50ec","ID":"f9cf745c-9537-4dce-aa87-86260dd7ad8b","childs":null,"emcosID":null,"emcosMLID":null,"codMaketTEP":null,"codTEP":null,"WSName":"DB","rangeAddress":"$F$310:$F$347","headAddress":"$F$310","bodyAddress":"$F$311:$F$347","_name":"ручное"}},"emcosID":null,"emcosMLID":null,"codMaketTEP":null,"codTEP":null,"WSName":"DB","rangeAddress":"$C$309:$F$347","headAddress":"$C$309:$F$309","bodyAddress":"$C$310:$F$347","_name":"прием"}},"emcosID":null,"emcosMLID":null,"codMaketTEP":null,"codTEP":null,"WSName":"DB","rangeAddress":"$C$308:$F$347","headAddress":"$C$308:$F$308","bodyAddress":"$C$309:$F$347","_name":"х.н. АЖК"}},"codPlan":null,"meterCoef":null,"_name":"х.н. АЖК"}