{"ID":"9985bff0-66ac-40b5-ba5d-42841581c3a6","childs":{"PS":{"_level":0,"parentID":"9985bff0-66ac-40b5-ba5d-42841581c3a6","firstParentID":"9985bff0-66ac-40b5-ba5d-42841581c3a6","ID":"461819d3-697f-496d-bc7b-db4ce75eddef","childs":{"прием":{"_level":1,"parentID":"461819d3-697f-496d-bc7b-db4ce75eddef","firstParentID":"9985bff0-66ac-40b5-ba5d-42841581c3a6","ID":"96075726-7e39-4c6d-b03b-874a3702053c","childs":{"по плану":{"_level":2,"parentID":"96075726-7e39-4c6d-b03b-874a3702053c","firstParentID":"9985bff0-66ac-40b5-ba5d-42841581c3a6","ID":"c6158ae6-b8b1-4538-a16f-063bed2b1ba1","childs":null,"emcosID":null,"emcosMLID":null,"codMaketTEP":null,"codTEP":null,"WSName":"PS","rangeAddress":"$CI$228:$CI$264","headAddress":"$CI$228","bodyAddress":"$CI$229:$CI$264","_name":"по плану"}},"emcosID":null,"emcosMLID":null,"codMaketTEP":null,"codTEP":null,"WSName":"PS","rangeAddress":"$CI$227:$CI$264","headAddress":"$CI$227","bodyAddress":"$CI$228:$CI$264","_name":"прием"},"план":{"_level":1,"parentID":"461819d3-697f-496d-bc7b-db4ce75eddef","firstParentID":"9985bff0-66ac-40b5-ba5d-42841581c3a6","ID":"6ddd8568-743e-42e3-aa62-c5ca5023b77f","childs":{"заявка":{"_level":2,"parentID":"6ddd8568-743e-42e3-aa62-c5ca5023b77f","firstParentID":"9985bff0-66ac-40b5-ba5d-42841581c3a6","ID":"1c5a0f23-e57f-4ac4-a50d-81949e9adbb2","childs":null,"emcosID":null,"emcosMLID":null,"codMaketTEP":null,"codTEP":null,"WSName":"PS","rangeAddress":"$CJ$228:$CJ$264","headAddress":"$CJ$228","bodyAddress":"$CJ$229:$CJ$264","_name":"заявка"}},"emcosID":null,"emcosMLID":null,"codMaketTEP":null,"codTEP":null,"WSName":"PS","rangeAddress":"$CJ$227:$CJ$264","headAddress":"$CJ$227","bodyAddress":"$CJ$228:$CJ$264","_name":"план"}},"emcosID":null,"emcosMLID":null,"codMaketTEP":null,"codTEP":null,"WSName":"PS","rangeAddress":"$CI$226:$CJ$264","headAddress":"$CI$226:$CJ$226","bodyAddress":"$CI$227:$CJ$264","_name":"с.н. Антоновская ГЭС"},"DB":{"_level":0,"parentID":"9985bff0-66ac-40b5-ba5d-42841581c3a6","firstParentID":"9985bff0-66ac-40b5-ba5d-42841581c3a6","ID":"a1fee256-ed0d-43e3-a930-c5a57c34952d","childs":{"прием":{"_level":1,"parentID":"a1fee256-ed0d-43e3-a930-c5a57c34952d","firstParentID":"9985bff0-66ac-40b5-ba5d-42841581c3a6","ID":"a2e8b8cc-755a-43db-9f6f-f991ef45f626","childs":{"код":{"_level":2,"parentID":"a2e8b8cc-755a-43db-9f6f-f991ef45f626","firstParentID":"9985bff0-66ac-40b5-ba5d-42841581c3a6","ID":"932a1cd0-f3b1-4346-89f0-6ad2f0a9ad49","childs":null,"emcosID":null,"emcosMLID":null,"codMaketTEP":null,"codTEP":null,"WSName":"DB","rangeAddress":"$BU$568:$BU$605","headAddress":"$BU$568","bodyAddress":"$BU$569:$BU$605","_name":"код"},"основное":{"_level":2,"parentID":"a2e8b8cc-755a-43db-9f6f-f991ef45f626","firstParentID":"9985bff0-66ac-40b5-ba5d-42841581c3a6","ID":"11b607d0-c793-43d9-a486-53803b964594","childs":null,"emcosID":null,"emcosMLID":null,"codMaketTEP":null,"codTEP":null,"WSName":"DB","rangeAddress":"$BV$568:$BV$605","headAddress":"$BV$568","bodyAddress":"$BV$569:$BV$605","_name":"основное"},"корректировка факт":{"_level":2,"parentID":"a2e8b8cc-755a-43db-9f6f-f991ef45f626","firstParentID":"9985bff0-66ac-40b5-ba5d-42841581c3a6","ID":"96013604-35fd-4c8c-9118-b8d46931df5c","childs":null,"emcosID":null,"emcosMLID":null,"codMaketTEP":null,"codTEP":null,"WSName":"DB","rangeAddress":"$BW$568:$BW$605","headAddress":"$BW$568","bodyAddress":"$BW$569:$BW$605","_name":"корректировка факт"},"ручное":{"_level":2,"parentID":"a2e8b8cc-755a-43db-9f6f-f991ef45f626","firstParentID":"9985bff0-66ac-40b5-ba5d-42841581c3a6","ID":"9b842e11-d849-4a9f-bfc2-e3d40d1db871","childs":null,"emcosID":null,"emcosMLID":null,"codMaketTEP":null,"codTEP":null,"WSName":"DB","rangeAddress":"$BX$568:$BX$605","headAddress":"$BX$568","bodyAddress":"$BX$569:$BX$605","_name":"ручное"},"по плану":{"_level":2,"parentID":"a2e8b8cc-755a-43db-9f6f-f991ef45f626","firstParentID":"9985bff0-66ac-40b5-ba5d-42841581c3a6","ID":"804ad3f2-2b76-434f-bc11-4f624a1217ab","childs":null,"emcosID":null,"emcosMLID":null,"codMaketTEP":null,"codTEP":null,"WSName":"DB","rangeAddress":"$BY$568:$BY$605","headAddress":"$BY$568","bodyAddress":"$BY$569:$BY$605","_name":"по плану"}},"emcosID":null,"emcosMLID":null,"codMaketTEP":null,"codTEP":null,"WSName":"DB","rangeAddress":"$BU$567:$BY$605","headAddress":"$BU$567:$BY$567","bodyAddress":"$BU$568:$BY$605","_name":"прием"},"план":{"_level":1,"parentID":"a1fee256-ed0d-43e3-a930-c5a57c34952d","firstParentID":"9985bff0-66ac-40b5-ba5d-42841581c3a6","ID":"e0e68cac-ad35-49ae-bbdc-2723172b8e9a","childs":{"код":{"_level":2,"parentID":"e0e68cac-ad35-49ae-bbdc-2723172b8e9a","firstParentID":"9985bff0-66ac-40b5-ba5d-42841581c3a6","ID":"e34b795c-990f-4ef8-afe1-46030a70508d","childs":null,"emcosID":null,"emcosMLID":null,"codMaketTEP":null,"codTEP":null,"WSName":"DB","rangeAddress":"$BZ$568:$BZ$605","headAddress":"$BZ$568","bodyAddress":"$BZ$569:$BZ$605","_name":"код"},"основное":{"_level":2,"parentID":"e0e68cac-ad35-49ae-bbdc-2723172b8e9a","firstParentID":"9985bff0-66ac-40b5-ba5d-42841581c3a6","ID":"5225015d-6335-4e6f-961c-4b93ebab3e5e","childs":null,"emcosID":null,"emcosMLID":null,"codMaketTEP":null,"codTEP":null,"WSName":"DB","rangeAddress":"$CA$568:$CA$605","headAddress":"$CA$568","bodyAddress":"$CA$569:$CA$605","_name":"основное"},"заявка":{"_level":2,"parentID":"e0e68cac-ad35-49ae-bbdc-2723172b8e9a","firstParentID":"9985bff0-66ac-40b5-ba5d-42841581c3a6","ID":"0f92c11c-54e1-4732-95fa-23f4528a0672","childs":null,"emcosID":null,"emcosMLID":null,"codMaketTEP":null,"codTEP":null,"WSName":"DB","rangeAddress":"$CB$568:$CB$605","headAddress":"$CB$568","bodyAddress":"$CB$569:$CB$605","_name":"заявка"},"утвержденный":{"_level":2,"parentID":"e0e68cac-ad35-49ae-bbdc-2723172b8e9a","firstParentID":"9985bff0-66ac-40b5-ba5d-42841581c3a6","ID":"a6839b62-ada7-456a-bf30-78c17a81cd80","childs":null,"emcosID":null,"emcosMLID":null,"codMaketTEP":null,"codTEP":null,"WSName":"DB","rangeAddress":"$CC$568:$CC$605","headAddress":"$CC$568","bodyAddress":"$CC$569:$CC$605","_name":"утвержденный"},"корректировка":{"_level":2,"parentID":"e0e68cac-ad35-49ae-bbdc-2723172b8e9a","firstParentID":"9985bff0-66ac-40b5-ba5d-42841581c3a6","ID":"f9157fed-b5c6-4002-9ff7-160f95d6b087","childs":null,"emcosID":null,"emcosMLID":null,"codMaketTEP":null,"codTEP":null,"WSName":"DB","rangeAddress":"$CD$568:$CD$605","headAddress":"$CD$568","bodyAddress":"$CD$569:$CD$605","_name":"корректировка"}},"emcosID":null,"emcosMLID":null,"codMaketTEP":null,"codTEP":null,"WSName":"DB","rangeAddress":"$BZ$567:$CD$605","headAddress":"$BZ$567:$CD$567","bodyAddress":"$BZ$568:$CD$605","_name":"план"}},"emcosID":null,"emcosMLID":null,"codMaketTEP":null,"codTEP":null,"WSName":"DB","rangeAddress":"$BU$566:$CD$605","headAddress":"$BU$566:$CD$566","bodyAddress":"$BU$567:$CD$605","_name":"с.н. Антоновская ГЭС"}},"codPlan":138,"meterCoef":null,"_name":"с.н. Антоновская ГЭС"}