{"ID":"9ad77922-b907-43a8-a4ca-99ac6dc047f5","childs":{"PS":{"_level":0,"parentID":"9ad77922-b907-43a8-a4ca-99ac6dc047f5","firstParentID":"9ad77922-b907-43a8-a4ca-99ac6dc047f5","ID":"f0b56328-9391-466b-999c-986d1b14f3f9","childs":{"прием":{"_level":1,"parentID":"f0b56328-9391-466b-999c-986d1b14f3f9","firstParentID":"9ad77922-b907-43a8-a4ca-99ac6dc047f5","ID":"8829e337-2926-478a-80d7-eecb6a7173f1","childs":{"ручное":{"_level":2,"parentID":"8829e337-2926-478a-80d7-eecb6a7173f1","firstParentID":"9ad77922-b907-43a8-a4ca-99ac6dc047f5","ID":"5f3e2cca-c6e2-4c0a-9107-88752857041c","childs":null,"emcosID":null,"emcosMLID":null,"codMaketTEP":null,"codTEP":null,"WSName":"PS","rangeAddress":"$JZ$99:$JZ$135","headAddress":"$JZ$99","bodyAddress":"$JZ$100:$JZ$135","_name":"ручное"}},"emcosID":null,"emcosMLID":null,"codMaketTEP":null,"codTEP":null,"WSName":"PS","rangeAddress":"$JZ$98:$JZ$135","headAddress":"$JZ$98","bodyAddress":"$JZ$99:$JZ$135","_name":"прием"},"отдача":{"_level":1,"parentID":"f0b56328-9391-466b-999c-986d1b14f3f9","firstParentID":"9ad77922-b907-43a8-a4ca-99ac6dc047f5","ID":"d7d89fbc-1aad-4129-bcfa-e09f77e13fdc","childs":{"ручное":{"_level":2,"parentID":"d7d89fbc-1aad-4129-bcfa-e09f77e13fdc","firstParentID":"9ad77922-b907-43a8-a4ca-99ac6dc047f5","ID":"8b682bef-9c78-4188-9ccb-1252ad56aec0","childs":null,"emcosID":null,"emcosMLID":null,"codMaketTEP":null,"codTEP":null,"WSName":"PS","rangeAddress":"$KA$99:$KA$135","headAddress":"$KA$99","bodyAddress":"$KA$100:$KA$135","_name":"ручное"}},"emcosID":null,"emcosMLID":null,"codMaketTEP":null,"codTEP":null,"WSName":"PS","rangeAddress":"$KA$98:$KA$135","headAddress":"$KA$98","bodyAddress":"$KA$99:$KA$135","_name":"отдача"}},"emcosID":null,"emcosMLID":null,"codMaketTEP":null,"codTEP":null,"WSName":"PS","rangeAddress":"$JZ$97:$KA$135","headAddress":"$JZ$97:$KA$97","bodyAddress":"$JZ$98:$KA$135","_name":"Л2283 Чиганак тяга"},"DB":{"_level":0,"parentID":"9ad77922-b907-43a8-a4ca-99ac6dc047f5","firstParentID":"9ad77922-b907-43a8-a4ca-99ac6dc047f5","ID":"f0a270c1-a38f-4695-b502-949ff39f06b0","childs":{"прием":{"_level":1,"parentID":"f0a270c1-a38f-4695-b502-949ff39f06b0","firstParentID":"9ad77922-b907-43a8-a4ca-99ac6dc047f5","ID":"484e3557-8ddb-4d7d-9827-f55fcc531f9b","childs":{"код":{"_level":2,"parentID":"484e3557-8ddb-4d7d-9827-f55fcc531f9b","firstParentID":"9ad77922-b907-43a8-a4ca-99ac6dc047f5","ID":"6863926f-b030-4990-a563-c5d9a33065bf","childs":null,"emcosID":null,"emcosMLID":null,"codMaketTEP":null,"codTEP":null,"WSName":"DB","rangeAddress":"$R$95:$R$132","headAddress":"$R$95","bodyAddress":"$R$96:$R$132","_name":"код"},"основное":{"_level":2,"parentID":"484e3557-8ddb-4d7d-9827-f55fcc531f9b","firstParentID":"9ad77922-b907-43a8-a4ca-99ac6dc047f5","ID":"a84d2a9a-d995-416a-8868-b6d1e579e5b4","childs":null,"emcosID":null,"emcosMLID":null,"codMaketTEP":null,"codTEP":null,"WSName":"DB","rangeAddress":"$S$95:$S$132","headAddress":"$S$95","bodyAddress":"$S$96:$S$132","_name":"основное"},"корректировка факт":{"_level":2,"parentID":"484e3557-8ddb-4d7d-9827-f55fcc531f9b","firstParentID":"9ad77922-b907-43a8-a4ca-99ac6dc047f5","ID":"5bb34039-2bed-4063-8bbb-11b806b97dbc","childs":null,"emcosID":null,"emcosMLID":null,"codMaketTEP":null,"codTEP":null,"WSName":"DB","rangeAddress":"$T$95:$T$132","headAddress":"$T$95","bodyAddress":"$T$96:$T$132","_name":"корректировка факт"},"ручное":{"_level":2,"parentID":"484e3557-8ddb-4d7d-9827-f55fcc531f9b","firstParentID":"9ad77922-b907-43a8-a4ca-99ac6dc047f5","ID":"148fc7d3-0272-404f-aaac-6d500d948909","childs":null,"emcosID":null,"emcosMLID":null,"codMaketTEP":null,"codTEP":null,"WSName":"DB","rangeAddress":"$U$95:$U$132","headAddress":"$U$95","bodyAddress":"$U$96:$U$132","_name":"ручное"}},"emcosID":null,"emcosMLID":null,"codMaketTEP":null,"codTEP":null,"WSName":"DB","rangeAddress":"$R$94:$U$132","headAddress":"$R$94:$U$94","bodyAddress":"$R$95:$U$132","_name":"прием"},"отдача":{"_level":1,"parentID":"f0a270c1-a38f-4695-b502-949ff39f06b0","firstParentID":"9ad77922-b907-43a8-a4ca-99ac6dc047f5","ID":"8489d099-4f9f-440e-b6a2-c57146d07bc1","childs":{"код":{"_level":2,"parentID":"8489d099-4f9f-440e-b6a2-c57146d07bc1","firstParentID":"9ad77922-b907-43a8-a4ca-99ac6dc047f5","ID":"f4ac928f-8fd2-4bb1-b414-03ec0caff2d1","childs":null,"emcosID":null,"emcosMLID":null,"codMaketTEP":null,"codTEP":null,"WSName":"DB","rangeAddress":"$V$95:$V$132","headAddress":"$V$95","bodyAddress":"$V$96:$V$132","_name":"код"},"основное":{"_level":2,"parentID":"8489d099-4f9f-440e-b6a2-c57146d07bc1","firstParentID":"9ad77922-b907-43a8-a4ca-99ac6dc047f5","ID":"b97f19fd-0fec-4e6b-8666-f11412673469","childs":null,"emcosID":null,"emcosMLID":null,"codMaketTEP":null,"codTEP":null,"WSName":"DB","rangeAddress":"$W$95:$W$132","headAddress":"$W$95","bodyAddress":"$W$96:$W$132","_name":"основное"},"корректировка факт":{"_level":2,"parentID":"8489d099-4f9f-440e-b6a2-c57146d07bc1","firstParentID":"9ad77922-b907-43a8-a4ca-99ac6dc047f5","ID":"f9dface6-61f3-4c32-a8d1-f1991be6b1f2","childs":null,"emcosID":null,"emcosMLID":null,"codMaketTEP":null,"codTEP":null,"WSName":"DB","rangeAddress":"$X$95:$X$132","headAddress":"$X$95","bodyAddress":"$X$96:$X$132","_name":"корректировка факт"},"ручное":{"_level":2,"parentID":"8489d099-4f9f-440e-b6a2-c57146d07bc1","firstParentID":"9ad77922-b907-43a8-a4ca-99ac6dc047f5","ID":"dd5d0fb6-b75e-47a8-be44-fa99e938c481","childs":null,"emcosID":null,"emcosMLID":null,"codMaketTEP":null,"codTEP":null,"WSName":"DB","rangeAddress":"$Y$95:$Y$132","headAddress":"$Y$95","bodyAddress":"$Y$96:$Y$132","_name":"ручное"}},"emcosID":null,"emcosMLID":null,"codMaketTEP":null,"codTEP":null,"WSName":"DB","rangeAddress":"$V$94:$Y$132","headAddress":"$V$94:$Y$94","bodyAddress":"$V$95:$Y$132","_name":"отдача"}},"emcosID":null,"emcosMLID":null,"codMaketTEP":null,"codTEP":null,"WSName":"DB","rangeAddress":"$R$93:$Y$132","headAddress":"$R$93:$Y$93","bodyAddress":"$R$94:$Y$132","_name":"Л2283 Чиганак тяга"}},"codPlan":null,"meterCoef":null,"_name":"Л2283 Чиганак тяга"}