{"ID":"9b81b48e-e9af-406b-ba1f-b99bf641b0db","childs":{"PS":{"_level":0,"parentID":"9b81b48e-e9af-406b-ba1f-b99bf641b0db","firstParentID":"9b81b48e-e9af-406b-ba1f-b99bf641b0db","ID":"1b69561a-611d-41be-8c4e-0179dc8090ec","childs":{"отдача":{"_level":1,"parentID":"1b69561a-611d-41be-8c4e-0179dc8090ec","firstParentID":"9b81b48e-e9af-406b-ba1f-b99bf641b0db","ID":"d8074604-2322-434e-a65b-73d785dcb619","childs":{"формула":{"_level":2,"parentID":"d8074604-2322-434e-a65b-73d785dcb619","firstParentID":"9b81b48e-e9af-406b-ba1f-b99bf641b0db","ID":"8be1cd0f-c1f4-4c2e-b6ee-014a6abbbf35","childs":null,"emcosID":null,"emcosMLID":null,"codMaketTEP":null,"codTEP":null,"WSName":"PS","rangeAddress":"$CH$228:$CH$264","headAddress":"$CH$228","bodyAddress":"$CH$229:$CH$264","_name":"формула"}},"emcosID":null,"emcosMLID":null,"codMaketTEP":null,"codTEP":null,"WSName":"PS","rangeAddress":"$CH$227:$CH$264","headAddress":"$CH$227","bodyAddress":"$CH$228:$CH$264","_name":"отдача"}},"emcosID":null,"emcosMLID":null,"codMaketTEP":null,"codTEP":null,"WSName":"PS","rangeAddress":"$CH$226:$CH$264","headAddress":"$CH$226","bodyAddress":"$CH$227:$CH$264","_name":"Отпуск в сеть Антоновская ГЭС"},"DB":{"_level":0,"parentID":"9b81b48e-e9af-406b-ba1f-b99bf641b0db","firstParentID":"9b81b48e-e9af-406b-ba1f-b99bf641b0db","ID":"dd0ec7b1-fad2-4f7b-81ee-f99691df28c9","childs":{"отдача":{"_level":1,"parentID":"dd0ec7b1-fad2-4f7b-81ee-f99691df28c9","firstParentID":"9b81b48e-e9af-406b-ba1f-b99bf641b0db","ID":"bb257d41-091d-4dbc-9f5c-bc281cd4755c","childs":{"код":{"_level":2,"parentID":"bb257d41-091d-4dbc-9f5c-bc281cd4755c","firstParentID":"9b81b48e-e9af-406b-ba1f-b99bf641b0db","ID":"563b4ec2-58cd-4d9f-8164-97922741a712","childs":null,"emcosID":null,"emcosMLID":null,"codMaketTEP":null,"codTEP":null,"WSName":"DB","rangeAddress":"$R$568:$R$605","headAddress":"$R$568","bodyAddress":"$R$569:$R$605","_name":"код"},"основное":{"_level":2,"parentID":"bb257d41-091d-4dbc-9f5c-bc281cd4755c","firstParentID":"9b81b48e-e9af-406b-ba1f-b99bf641b0db","ID":"d3c34cfe-2048-403c-bb22-35a6b3e702bd","childs":null,"emcosID":null,"emcosMLID":null,"codMaketTEP":null,"codTEP":null,"WSName":"DB","rangeAddress":"$S$568:$S$605","headAddress":"$S$568","bodyAddress":"$S$569:$S$605","_name":"основное"},"корректировка факт":{"_level":2,"parentID":"bb257d41-091d-4dbc-9f5c-bc281cd4755c","firstParentID":"9b81b48e-e9af-406b-ba1f-b99bf641b0db","ID":"48d635d6-33a7-4ecb-88be-ebb4d818f99c","childs":null,"emcosID":null,"emcosMLID":null,"codMaketTEP":null,"codTEP":null,"WSName":"DB","rangeAddress":"$T$568:$T$605","headAddress":"$T$568","bodyAddress":"$T$569:$T$605","_name":"корректировка факт"},"ручное":{"_level":2,"parentID":"bb257d41-091d-4dbc-9f5c-bc281cd4755c","firstParentID":"9b81b48e-e9af-406b-ba1f-b99bf641b0db","ID":"5f0a7382-d489-4b1d-9a0c-71097097de14","childs":null,"emcosID":null,"emcosMLID":null,"codMaketTEP":null,"codTEP":null,"WSName":"DB","rangeAddress":"$U$568:$U$605","headAddress":"$U$568","bodyAddress":"$U$569:$U$605","_name":"ручное"},"формула":{"_level":2,"parentID":"bb257d41-091d-4dbc-9f5c-bc281cd4755c","firstParentID":"9b81b48e-e9af-406b-ba1f-b99bf641b0db","ID":"af6db3cc-08dd-477d-a7c0-a770bebd39b3","childs":null,"emcosID":null,"emcosMLID":null,"codMaketTEP":null,"codTEP":null,"WSName":"DB","rangeAddress":"$V$568:$V$605","headAddress":"$V$568","bodyAddress":"$V$569:$V$605","_name":"формула"}},"emcosID":null,"emcosMLID":null,"codMaketTEP":null,"codTEP":null,"WSName":"DB","rangeAddress":"$R$567:$V$605","headAddress":"$R$567:$V$567","bodyAddress":"$R$568:$V$605","_name":"отдача"}},"emcosID":null,"emcosMLID":null,"codMaketTEP":null,"codTEP":null,"WSName":"DB","rangeAddress":"$R$566:$V$605","headAddress":"$R$566:$V$566","bodyAddress":"$R$567:$V$605","_name":"Отпуск в сеть Антоновская ГЭС"}},"codPlan":null,"meterCoef":null,"_name":"Отпуск в сеть Антоновская ГЭС"}