{"ID":"9b81b48e-e9af-406b-ba1f-b99bf641b0db","childs":{"PS":{"_level":0,"parentID":"9b81b48e-e9af-406b-ba1f-b99bf641b0db","firstParentID":"9b81b48e-e9af-406b-ba1f-b99bf641b0db","ID":"1b69561a-611d-41be-8c4e-0179dc8090ec","childs":{"отдача":{"_level":1,"parentID":"1b69561a-611d-41be-8c4e-0179dc8090ec","firstParentID":"9b81b48e-e9af-406b-ba1f-b99bf641b0db","ID":"d8074604-2322-434e-a65b-73d785dcb619","childs":{"формула":{"_level":2,"parentID":"d8074604-2322-434e-a65b-73d785dcb619","firstParentID":"9b81b48e-e9af-406b-ba1f-b99bf641b0db","ID":"8be1cd0f-c1f4-4c2e-b6ee-014a6abbbf35","childs":null,"emcosID":null,"emcosMLID":null,"codMaketTEP":null,"codTEP":null,"WSName":"PS","rangeAddress":"$CH$228:$CH$264","headAddress":"$CH$228","bodyAddress":"$CH$229:$CH$264","_name":"формула"}},"emcosID":null,"emcosMLID":null,"codMaketTEP":null,"codTEP":null,"WSName":"PS","rangeAddress":"$CH$227:$CH$264","headAddress":"$CH$227","bodyAddress":"$CH$228:$CH$264","_name":"отдача"}},"emcosID":null,"emcosMLID":null,"codMaketTEP":null,"codTEP":null,"WSName":"PS","rangeAddress":"$CH$226:$CH$264","headAddress":"$CH$226","bodyAddress":"$CH$227:$CH$264","_name":"Отпуск в сеть Антоновская ГЭС"},"DB":{"_level":0,"parentID":"9b81b48e-e9af-406b-ba1f-b99bf641b0db","firstParentID":"9b81b48e-e9af-406b-ba1f-b99bf641b0db","ID":"dd0ec7b1-fad2-4f7b-81ee-f99691df28c9","childs":{"отдача":{"_level":1,"parentID":"dd0ec7b1-fad2-4f7b-81ee-f99691df28c9","firstParentID":"9b81b48e-e9af-406b-ba1f-b99bf641b0db","ID":"bb257d41-091d-4dbc-9f5c-bc281cd4755c","childs":{"код":{"_level":2,"parentID":"bb257d41-091d-4dbc-9f5c-bc281cd4755c","firstParentID":"9b81b48e-e9af-406b-ba1f-b99bf641b0db","ID":"563b4ec2-58cd-4d9f-8164-97922741a712","childs":null,"emcosID":null,"emcosMLID":null,"codMaketTEP":null,"codTEP":null,"WSName":"DB","rangeAddress":"$AB$568:$AB$605","headAddress":"$AB$568","bodyAddress":"$AB$569:$AB$605","_name":"код"},"основное":{"_level":2,"parentID":"bb257d41-091d-4dbc-9f5c-bc281cd4755c","firstParentID":"9b81b48e-e9af-406b-ba1f-b99bf641b0db","ID":"d3c34cfe-2048-403c-bb22-35a6b3e702bd","childs":null,"emcosID":null,"emcosMLID":null,"codMaketTEP":null,"codTEP":null,"WSName":"DB","rangeAddress":"$AC$568:$AC$605","headAddress":"$AC$568","bodyAddress":"$AC$569:$AC$605","_name":"основное"},"корректировка факт":{"_level":2,"parentID":"bb257d41-091d-4dbc-9f5c-bc281cd4755c","firstParentID":"9b81b48e-e9af-406b-ba1f-b99bf641b0db","ID":"48d635d6-33a7-4ecb-88be-ebb4d818f99c","childs":null,"emcosID":null,"emcosMLID":null,"codMaketTEP":null,"codTEP":null,"WSName":"DB","rangeAddress":"$AD$568:$AD$605","headAddress":"$AD$568","bodyAddress":"$AD$569:$AD$605","_name":"корректировка факт"},"ручное":{"_level":2,"parentID":"bb257d41-091d-4dbc-9f5c-bc281cd4755c","firstParentID":"9b81b48e-e9af-406b-ba1f-b99bf641b0db","ID":"5f0a7382-d489-4b1d-9a0c-71097097de14","childs":null,"emcosID":null,"emcosMLID":null,"codMaketTEP":null,"codTEP":null,"WSName":"DB","rangeAddress":"$AE$568:$AE$605","headAddress":"$AE$568","bodyAddress":"$AE$569:$AE$605","_name":"ручное"},"формула":{"_level":2,"parentID":"bb257d41-091d-4dbc-9f5c-bc281cd4755c","firstParentID":"9b81b48e-e9af-406b-ba1f-b99bf641b0db","ID":"af6db3cc-08dd-477d-a7c0-a770bebd39b3","childs":null,"emcosID":null,"emcosMLID":null,"codMaketTEP":null,"codTEP":null,"WSName":"DB","rangeAddress":"$AF$568:$AF$605","headAddress":"$AF$568","bodyAddress":"$AF$569:$AF$605","_name":"формула"}},"emcosID":null,"emcosMLID":null,"codMaketTEP":null,"codTEP":null,"WSName":"DB","rangeAddress":"$AB$567:$AF$605","headAddress":"$AB$567:$AF$567","bodyAddress":"$AB$568:$AF$605","_name":"отдача"}},"emcosID":null,"emcosMLID":null,"codMaketTEP":null,"codTEP":null,"WSName":"DB","rangeAddress":"$AB$566:$AF$605","headAddress":"$AB$566:$AF$566","bodyAddress":"$AB$567:$AF$605","_name":"Отпуск в сеть Антоновская ГЭС"}},"codPlan":null,"meterCoef":null,"_name":"Отпуск в сеть Антоновская ГЭС"}