{"ID":"b9e10a19-43f1-415a-b0f0-b8c2d3fc9670","childs":{"PS":{"_level":0,"parentID":"b9e10a19-43f1-415a-b0f0-b8c2d3fc9670","firstParentID":"b9e10a19-43f1-415a-b0f0-b8c2d3fc9670","ID":"de222bb3-cccb-46e6-af23-a94d13699dd5","childs":{"прием":{"_level":1,"parentID":"de222bb3-cccb-46e6-af23-a94d13699dd5","firstParentID":"b9e10a19-43f1-415a-b0f0-b8c2d3fc9670","ID":"6112e9a6-a17d-468e-b2c2-49d4c8b0b30a","childs":{"оперативное":{"_level":2,"parentID":"6112e9a6-a17d-468e-b2c2-49d4c8b0b30a","firstParentID":"b9e10a19-43f1-415a-b0f0-b8c2d3fc9670","ID":"fe97e49f-3e6d-4d67-b36d-f78960742797","childs":null,"emcosID":null,"emcosMLID":null,"codMaketTEP":null,"codTEP":null,"WSName":"PS","rangeAddress":"$HL$99:$HL$135","headAddress":"$HL$99","bodyAddress":"$HL$100:$HL$135","_name":"оперативное"}},"emcosID":null,"emcosMLID":null,"codMaketTEP":null,"codTEP":null,"WSName":"PS","rangeAddress":"$HL$98:$HL$135","headAddress":"$HL$98","bodyAddress":"$HL$99:$HL$135","_name":"прием"},"отдача":{"_level":1,"parentID":"de222bb3-cccb-46e6-af23-a94d13699dd5","firstParentID":"b9e10a19-43f1-415a-b0f0-b8c2d3fc9670","ID":"5fdc04e7-7c9f-4f22-81e7-7f426fa45a2d","childs":{"оперативное":{"_level":2,"parentID":"5fdc04e7-7c9f-4f22-81e7-7f426fa45a2d","firstParentID":"b9e10a19-43f1-415a-b0f0-b8c2d3fc9670","ID":"de5d48d5-1b71-4ffe-9b03-dcac7cd4632f","childs":null,"emcosID":null,"emcosMLID":null,"codMaketTEP":null,"codTEP":null,"WSName":"PS","rangeAddress":"$HM$99:$HM$135","headAddress":"$HM$99","bodyAddress":"$HM$100:$HM$135","_name":"оперативное"}},"emcosID":null,"emcosMLID":null,"codMaketTEP":null,"codTEP":null,"WSName":"PS","rangeAddress":"$HM$98:$HM$135","headAddress":"$HM$98","bodyAddress":"$HM$99:$HM$135","_name":"отдача"}},"emcosID":null,"emcosMLID":null,"codMaketTEP":null,"codTEP":null,"WSName":"PS","rangeAddress":"$HL$97:$HM$135","headAddress":"$HL$97:$HM$97","bodyAddress":"$HL$98:$HM$135","_name":"Л2053 Робот 143А"},"DB":{"_level":0,"parentID":"b9e10a19-43f1-415a-b0f0-b8c2d3fc9670","firstParentID":"b9e10a19-43f1-415a-b0f0-b8c2d3fc9670","ID":"37cac750-4894-4466-aa2f-62df83e4e16a","childs":{"прием":{"_level":1,"parentID":"37cac750-4894-4466-aa2f-62df83e4e16a","firstParentID":"b9e10a19-43f1-415a-b0f0-b8c2d3fc9670","ID":"0d59186b-5c0c-4e3d-b69c-492f574cc66a","childs":{"код":{"_level":2,"parentID":"0d59186b-5c0c-4e3d-b69c-492f574cc66a","firstParentID":"b9e10a19-43f1-415a-b0f0-b8c2d3fc9670","ID":"ab19fa2d-57ac-4c10-8864-36ad1f8a3c20","childs":null,"emcosID":null,"emcosMLID":null,"codMaketTEP":null,"codTEP":null,"WSName":"DB","rangeAddress":"$EO$95:$EO$132","headAddress":"$EO$95","bodyAddress":"$EO$96:$EO$132","_name":"код"},"основное":{"_level":2,"parentID":"0d59186b-5c0c-4e3d-b69c-492f574cc66a","firstParentID":"b9e10a19-43f1-415a-b0f0-b8c2d3fc9670","ID":"61a0d5aa-de9e-4f39-b193-875159fdf371","childs":null,"emcosID":null,"emcosMLID":null,"codMaketTEP":null,"codTEP":null,"WSName":"DB","rangeAddress":"$EP$95:$EP$132","headAddress":"$EP$95","bodyAddress":"$EP$96:$EP$132","_name":"основное"},"корректировка факт":{"_level":2,"parentID":"0d59186b-5c0c-4e3d-b69c-492f574cc66a","firstParentID":"b9e10a19-43f1-415a-b0f0-b8c2d3fc9670","ID":"cc666ad8-6330-4c22-b3b1-b1ba61a62b78","childs":null,"emcosID":null,"emcosMLID":null,"codMaketTEP":null,"codTEP":null,"WSName":"DB","rangeAddress":"$EQ$95:$EQ$132","headAddress":"$EQ$95","bodyAddress":"$EQ$96:$EQ$132","_name":"корректировка факт"},"ручное":{"_level":2,"parentID":"0d59186b-5c0c-4e3d-b69c-492f574cc66a","firstParentID":"b9e10a19-43f1-415a-b0f0-b8c2d3fc9670","ID":"2bf8405a-b412-4e15-9795-9d869990e7b9","childs":null,"emcosID":null,"emcosMLID":null,"codMaketTEP":null,"codTEP":null,"WSName":"DB","rangeAddress":"$ER$95:$ER$132","headAddress":"$ER$95","bodyAddress":"$ER$96:$ER$132","_name":"ручное"},"оперативное":{"_level":2,"parentID":"0d59186b-5c0c-4e3d-b69c-492f574cc66a","firstParentID":"b9e10a19-43f1-415a-b0f0-b8c2d3fc9670","ID":"51f27252-17c7-4d2c-8b49-dff43c61c2b3","childs":null,"emcosID":null,"emcosMLID":null,"codMaketTEP":null,"codTEP":null,"WSName":"DB","rangeAddress":"$ES$95:$ES$132","headAddress":"$ES$95","bodyAddress":"$ES$96:$ES$132","_name":"оперативное"}},"emcosID":null,"emcosMLID":null,"codMaketTEP":null,"codTEP":null,"WSName":"DB","rangeAddress":"$EO$94:$ES$132","headAddress":"$EO$94:$ES$94","bodyAddress":"$EO$95:$ES$132","_name":"прием"},"отдача":{"_level":1,"parentID":"37cac750-4894-4466-aa2f-62df83e4e16a","firstParentID":"b9e10a19-43f1-415a-b0f0-b8c2d3fc9670","ID":"620a9a67-9df1-448b-bc00-0e8fe6b7159f","childs":{"код":{"_level":2,"parentID":"620a9a67-9df1-448b-bc00-0e8fe6b7159f","firstParentID":"b9e10a19-43f1-415a-b0f0-b8c2d3fc9670","ID":"7b1bd829-3aa1-4503-87cf-f673aa59d222","childs":null,"emcosID":null,"emcosMLID":null,"codMaketTEP":null,"codTEP":null,"WSName":"DB","rangeAddress":"$ET$95:$ET$132","headAddress":"$ET$95","bodyAddress":"$ET$96:$ET$132","_name":"код"},"основное":{"_level":2,"parentID":"620a9a67-9df1-448b-bc00-0e8fe6b7159f","firstParentID":"b9e10a19-43f1-415a-b0f0-b8c2d3fc9670","ID":"7d48771c-7d01-4967-8238-07c4e3ab73c2","childs":null,"emcosID":null,"emcosMLID":null,"codMaketTEP":null,"codTEP":null,"WSName":"DB","rangeAddress":"$EU$95:$EU$132","headAddress":"$EU$95","bodyAddress":"$EU$96:$EU$132","_name":"основное"},"корректировка факт":{"_level":2,"parentID":"620a9a67-9df1-448b-bc00-0e8fe6b7159f","firstParentID":"b9e10a19-43f1-415a-b0f0-b8c2d3fc9670","ID":"2ac05725-31c8-4982-9f85-8e20f2be7c06","childs":null,"emcosID":null,"emcosMLID":null,"codMaketTEP":null,"codTEP":null,"WSName":"DB","rangeAddress":"$EV$95:$EV$132","headAddress":"$EV$95","bodyAddress":"$EV$96:$EV$132","_name":"корректировка факт"},"ручное":{"_level":2,"parentID":"620a9a67-9df1-448b-bc00-0e8fe6b7159f","firstParentID":"b9e10a19-43f1-415a-b0f0-b8c2d3fc9670","ID":"9f9fc2d9-a22e-4eb3-9168-5fe47333f08a","childs":null,"emcosID":null,"emcosMLID":null,"codMaketTEP":null,"codTEP":null,"WSName":"DB","rangeAddress":"$EW$95:$EW$132","headAddress":"$EW$95","bodyAddress":"$EW$96:$EW$132","_name":"ручное"},"оперативное":{"_level":2,"parentID":"620a9a67-9df1-448b-bc00-0e8fe6b7159f","firstParentID":"b9e10a19-43f1-415a-b0f0-b8c2d3fc9670","ID":"0c94efa3-86cb-497b-aea0-c0304bf2265c","childs":null,"emcosID":null,"emcosMLID":null,"codMaketTEP":null,"codTEP":null,"WSName":"DB","rangeAddress":"$EX$95:$EX$132","headAddress":"$EX$95","bodyAddress":"$EX$96:$EX$132","_name":"оперативное"}},"emcosID":null,"emcosMLID":null,"codMaketTEP":null,"codTEP":null,"WSName":"DB","rangeAddress":"$ET$94:$EX$132","headAddress":"$ET$94:$EX$94","bodyAddress":"$ET$95:$EX$132","_name":"отдача"}},"emcosID":null,"emcosMLID":null,"codMaketTEP":null,"codTEP":null,"WSName":"DB","rangeAddress":"$EO$93:$EX$132","headAddress":"$EO$93:$EX$93","bodyAddress":"$EO$94:$EX$132","_name":"Л2053 Робот 143А"}},"codPlan":null,"meterCoef":null,"_name":"Л2053 Робот 143А"}