{"ID":"cbae55e1-7847-4210-82ed-53f3862a6c3a","childs":{"PS":{"_level":0,"parentID":"cbae55e1-7847-4210-82ed-53f3862a6c3a","firstParentID":"cbae55e1-7847-4210-82ed-53f3862a6c3a","ID":"f0d7b8d1-cc53-4be4-a23f-421c25bab8e6","childs":{"прием":{"_level":1,"parentID":"f0d7b8d1-cc53-4be4-a23f-421c25bab8e6","firstParentID":"cbae55e1-7847-4210-82ed-53f3862a6c3a","ID":"109009a2-c1d3-4590-9e7d-4a7bb8700a54","childs":{"оперативное":{"_level":2,"parentID":"109009a2-c1d3-4590-9e7d-4a7bb8700a54","firstParentID":"cbae55e1-7847-4210-82ed-53f3862a6c3a","ID":"c968edd1-7f18-4340-9342-ac2a024902b2","childs":null,"emcosID":null,"emcosMLID":null,"codMaketTEP":null,"codTEP":null,"WSName":"PS","rangeAddress":"$BI$228:$BI$264","headAddress":"$BI$228","bodyAddress":"$BI$229:$BI$264","_name":"оперативное"}},"emcosID":null,"emcosMLID":null,"codMaketTEP":null,"codTEP":null,"WSName":"PS","rangeAddress":"$BI$227:$BI$264","headAddress":"$BI$227","bodyAddress":"$BI$228:$BI$264","_name":"прием"}},"emcosID":null,"emcosMLID":null,"codMaketTEP":null,"codTEP":null,"WSName":"PS","rangeAddress":"$BI$226:$BI$264","headAddress":"$BI$226","bodyAddress":"$BI$227:$BI$264","_name":"Потребление Казэнергоцентр"},"DB":{"_level":0,"parentID":"cbae55e1-7847-4210-82ed-53f3862a6c3a","firstParentID":"cbae55e1-7847-4210-82ed-53f3862a6c3a","ID":"d3b35577-c0dd-4787-af0d-d49f397c30fd","childs":{"прием":{"_level":1,"parentID":"d3b35577-c0dd-4787-af0d-d49f397c30fd","firstParentID":"cbae55e1-7847-4210-82ed-53f3862a6c3a","ID":"88c775bd-99f1-48b2-a369-0738cbff922c","childs":{"код":{"_level":2,"parentID":"88c775bd-99f1-48b2-a369-0738cbff922c","firstParentID":"cbae55e1-7847-4210-82ed-53f3862a6c3a","ID":"89a55e4f-c747-4a30-9497-dbfd013376c7","childs":null,"emcosID":null,"emcosMLID":null,"codMaketTEP":null,"codTEP":null,"WSName":"DB","rangeAddress":"$BF$568:$BF$605","headAddress":"$BF$568","bodyAddress":"$BF$569:$BF$605","_name":"код"},"основное":{"_level":2,"parentID":"88c775bd-99f1-48b2-a369-0738cbff922c","firstParentID":"cbae55e1-7847-4210-82ed-53f3862a6c3a","ID":"cd4f12b0-b42d-4e82-82e0-b7df64c2d084","childs":null,"emcosID":null,"emcosMLID":null,"codMaketTEP":null,"codTEP":null,"WSName":"DB","rangeAddress":"$BG$568:$BG$605","headAddress":"$BG$568","bodyAddress":"$BG$569:$BG$605","_name":"основное"},"корректировка факт":{"_level":2,"parentID":"88c775bd-99f1-48b2-a369-0738cbff922c","firstParentID":"cbae55e1-7847-4210-82ed-53f3862a6c3a","ID":"283ad9a4-fd6b-4a89-b116-3e0b7bb495b5","childs":null,"emcosID":null,"emcosMLID":null,"codMaketTEP":null,"codTEP":null,"WSName":"DB","rangeAddress":"$BH$568:$BH$605","headAddress":"$BH$568","bodyAddress":"$BH$569:$BH$605","_name":"корректировка факт"},"ручное":{"_level":2,"parentID":"88c775bd-99f1-48b2-a369-0738cbff922c","firstParentID":"cbae55e1-7847-4210-82ed-53f3862a6c3a","ID":"1a6859a1-0b3f-4506-9a82-05b3b5e20c34","childs":null,"emcosID":null,"emcosMLID":null,"codMaketTEP":null,"codTEP":null,"WSName":"DB","rangeAddress":"$BI$568:$BI$605","headAddress":"$BI$568","bodyAddress":"$BI$569:$BI$605","_name":"ручное"},"оперативное":{"_level":2,"parentID":"88c775bd-99f1-48b2-a369-0738cbff922c","firstParentID":"cbae55e1-7847-4210-82ed-53f3862a6c3a","ID":"d28e49d2-08fc-4394-845b-fe8858f45a78","childs":null,"emcosID":null,"emcosMLID":null,"codMaketTEP":null,"codTEP":null,"WSName":"DB","rangeAddress":"$BJ$568:$BJ$605","headAddress":"$BJ$568","bodyAddress":"$BJ$569:$BJ$605","_name":"оперативное"}},"emcosID":null,"emcosMLID":null,"codMaketTEP":null,"codTEP":null,"WSName":"DB","rangeAddress":"$BF$567:$BJ$605","headAddress":"$BF$567:$BJ$567","bodyAddress":"$BF$568:$BJ$605","_name":"прием"}},"emcosID":null,"emcosMLID":null,"codMaketTEP":null,"codTEP":null,"WSName":"DB","rangeAddress":"$BF$566:$BJ$605","headAddress":"$BF$566:$BJ$566","bodyAddress":"$BF$567:$BJ$605","_name":"Потребление Казэнергоцентр"}},"codPlan":null,"meterCoef":null,"_name":"Потребление Казэнергоцентр"}