{"ID":"d0db3458-053f-436e-8d02-926beb386cae","childs":{"PS":{"_level":0,"parentID":"d0db3458-053f-436e-8d02-926beb386cae","firstParentID":"d0db3458-053f-436e-8d02-926beb386cae","ID":"dae0af3e-b310-477d-a89a-18a10a003e7d","childs":{"прием":{"_level":1,"parentID":"dae0af3e-b310-477d-a89a-18a10a003e7d","firstParentID":"d0db3458-053f-436e-8d02-926beb386cae","ID":"0ddc6c68-f505-44cc-92f5-53d8ef1321eb","childs":{"формула":{"_level":2,"parentID":"0ddc6c68-f505-44cc-92f5-53d8ef1321eb","firstParentID":"d0db3458-053f-436e-8d02-926beb386cae","ID":"bc5035e7-5479-4834-a232-9b1d653c4e34","childs":null,"emcosID":null,"emcosMLID":null,"codMaketTEP":null,"codTEP":null,"WSName":"PS","rangeAddress":"$DC$185:$DC$221","headAddress":"$DC$185","bodyAddress":"$DC$186:$DC$221","_name":"формула"}},"emcosID":null,"emcosMLID":null,"codMaketTEP":1391,"codTEP":null,"WSName":"PS","rangeAddress":"$DC$184:$DC$221","headAddress":"$DC$184","bodyAddress":"$DC$185:$DC$221","_name":"прием"},"план":{"_level":1,"parentID":"dae0af3e-b310-477d-a89a-18a10a003e7d","firstParentID":"d0db3458-053f-436e-8d02-926beb386cae","ID":"2b14dd56-60db-44b0-a026-4ee1fed141de","childs":{"заявка":{"_level":2,"parentID":"2b14dd56-60db-44b0-a026-4ee1fed141de","firstParentID":"d0db3458-053f-436e-8d02-926beb386cae","ID":"4da95aa4-3ddb-401b-8729-91087c1f65c4","childs":null,"emcosID":null,"emcosMLID":null,"codMaketTEP":null,"codTEP":null,"WSName":"PS","rangeAddress":"$DD$185:$DD$221","headAddress":"$DD$185","bodyAddress":"$DD$186:$DD$221","_name":"заявка"}},"emcosID":null,"emcosMLID":null,"codMaketTEP":null,"codTEP":null,"WSName":"PS","rangeAddress":"$DD$184:$DD$221","headAddress":"$DD$184","bodyAddress":"$DD$185:$DD$221","_name":"план"}},"emcosID":null,"emcosMLID":null,"codMaketTEP":null,"codTEP":null,"WSName":"PS","rangeAddress":"$DC$183:$DD$221","headAddress":"$DC$183:$DD$183","bodyAddress":"$DC$184:$DD$221","_name":"с.н. Mistral Energy СЭС Каскелен 50"},"DB":{"_level":0,"parentID":"d0db3458-053f-436e-8d02-926beb386cae","firstParentID":"d0db3458-053f-436e-8d02-926beb386cae","ID":"f2094695-2858-45bb-b038-b3063451c5af","childs":{"прием":{"_level":1,"parentID":"f2094695-2858-45bb-b038-b3063451c5af","firstParentID":"d0db3458-053f-436e-8d02-926beb386cae","ID":"b1030035-5825-4291-bd8c-c56a807fcc1c","childs":{"код":{"_level":2,"parentID":"b1030035-5825-4291-bd8c-c56a807fcc1c","firstParentID":"d0db3458-053f-436e-8d02-926beb386cae","ID":"7be407ad-0dc2-4604-8721-841b7b1c29f6","childs":null,"emcosID":null,"emcosMLID":null,"codMaketTEP":null,"codTEP":null,"WSName":"DB","rangeAddress":"$DD$396:$DD$433","headAddress":"$DD$396","bodyAddress":"$DD$397:$DD$433","_name":"код"},"основное":{"_level":2,"parentID":"b1030035-5825-4291-bd8c-c56a807fcc1c","firstParentID":"d0db3458-053f-436e-8d02-926beb386cae","ID":"2b910c5e-1948-4d9e-854f-f85015be250a","childs":null,"emcosID":null,"emcosMLID":null,"codMaketTEP":null,"codTEP":null,"WSName":"DB","rangeAddress":"$DE$396:$DE$433","headAddress":"$DE$396","bodyAddress":"$DE$397:$DE$433","_name":"основное"},"корректировка факт":{"_level":2,"parentID":"b1030035-5825-4291-bd8c-c56a807fcc1c","firstParentID":"d0db3458-053f-436e-8d02-926beb386cae","ID":"0a2b22c9-3be1-4398-afd4-11aefb84e907","childs":null,"emcosID":null,"emcosMLID":null,"codMaketTEP":null,"codTEP":null,"WSName":"DB","rangeAddress":"$DF$396:$DF$433","headAddress":"$DF$396","bodyAddress":"$DF$397:$DF$433","_name":"корректировка факт"},"ручное":{"_level":2,"parentID":"b1030035-5825-4291-bd8c-c56a807fcc1c","firstParentID":"d0db3458-053f-436e-8d02-926beb386cae","ID":"ab086057-05f6-42e9-a066-fabb19574d35","childs":null,"emcosID":null,"emcosMLID":null,"codMaketTEP":null,"codTEP":null,"WSName":"DB","rangeAddress":"$DG$396:$DG$433","headAddress":"$DG$396","bodyAddress":"$DG$397:$DG$433","_name":"ручное"},"по плану":{"_level":2,"parentID":"b1030035-5825-4291-bd8c-c56a807fcc1c","firstParentID":"d0db3458-053f-436e-8d02-926beb386cae","ID":"0705eeae-b1f7-4627-a4cb-7efce20549d4","childs":null,"emcosID":null,"emcosMLID":null,"codMaketTEP":null,"codTEP":null,"WSName":"DB","rangeAddress":"$DH$396:$DH$433","headAddress":"$DH$396","bodyAddress":"$DH$397:$DH$433","_name":"по плану"},"формула":{"_level":2,"parentID":"b1030035-5825-4291-bd8c-c56a807fcc1c","firstParentID":"d0db3458-053f-436e-8d02-926beb386cae","ID":"831d5c0b-14dc-48bf-9ff9-f57c14b22ee6","childs":null,"emcosID":null,"emcosMLID":null,"codMaketTEP":null,"codTEP":null,"WSName":"DB","rangeAddress":"$DI$396:$DI$433","headAddress":"$DI$396","bodyAddress":"$DI$397:$DI$433","_name":"формула"}},"emcosID":null,"emcosMLID":null,"codMaketTEP":null,"codTEP":null,"WSName":"DB","rangeAddress":"$DD$395:$DI$433","headAddress":"$DD$395:$DI$395","bodyAddress":"$DD$396:$DI$433","_name":"прием"},"план":{"_level":1,"parentID":"f2094695-2858-45bb-b038-b3063451c5af","firstParentID":"d0db3458-053f-436e-8d02-926beb386cae","ID":"41f99ee3-ea9b-43d2-8034-080ec372f6c6","childs":{"код":{"_level":2,"parentID":"41f99ee3-ea9b-43d2-8034-080ec372f6c6","firstParentID":"d0db3458-053f-436e-8d02-926beb386cae","ID":"04057662-fb8f-42b0-ae93-09c58afaed2a","childs":null,"emcosID":null,"emcosMLID":null,"codMaketTEP":null,"codTEP":null,"WSName":"DB","rangeAddress":"$DJ$396:$DJ$433","headAddress":"$DJ$396","bodyAddress":"$DJ$397:$DJ$433","_name":"код"},"основное":{"_level":2,"parentID":"41f99ee3-ea9b-43d2-8034-080ec372f6c6","firstParentID":"d0db3458-053f-436e-8d02-926beb386cae","ID":"e7bdafb5-74e7-4bba-baed-66a43b00c338","childs":null,"emcosID":null,"emcosMLID":null,"codMaketTEP":null,"codTEP":null,"WSName":"DB","rangeAddress":"$DK$396:$DK$433","headAddress":"$DK$396","bodyAddress":"$DK$397:$DK$433","_name":"основное"},"заявка":{"_level":2,"parentID":"41f99ee3-ea9b-43d2-8034-080ec372f6c6","firstParentID":"d0db3458-053f-436e-8d02-926beb386cae","ID":"c71035b3-429b-4616-9a7e-da2d16ddcc71","childs":null,"emcosID":null,"emcosMLID":null,"codMaketTEP":null,"codTEP":null,"WSName":"DB","rangeAddress":"$DL$396:$DL$433","headAddress":"$DL$396","bodyAddress":"$DL$397:$DL$433","_name":"заявка"},"утвержденный":{"_level":2,"parentID":"41f99ee3-ea9b-43d2-8034-080ec372f6c6","firstParentID":"d0db3458-053f-436e-8d02-926beb386cae","ID":"d779973d-ce17-4670-a92b-ecd4568636e6","childs":null,"emcosID":null,"emcosMLID":null,"codMaketTEP":null,"codTEP":null,"WSName":"DB","rangeAddress":"$DM$396:$DM$433","headAddress":"$DM$396","bodyAddress":"$DM$397:$DM$433","_name":"утвержденный"},"корректировка":{"_level":2,"parentID":"41f99ee3-ea9b-43d2-8034-080ec372f6c6","firstParentID":"d0db3458-053f-436e-8d02-926beb386cae","ID":"22f85d47-5ae1-4b87-9960-efb8706b6793","childs":null,"emcosID":null,"emcosMLID":null,"codMaketTEP":null,"codTEP":null,"WSName":"DB","rangeAddress":"$DN$396:$DN$433","headAddress":"$DN$396","bodyAddress":"$DN$397:$DN$433","_name":"корректировка"}},"emcosID":null,"emcosMLID":null,"codMaketTEP":null,"codTEP":null,"WSName":"DB","rangeAddress":"$DJ$395:$DN$433","headAddress":"$DJ$395:$DN$395","bodyAddress":"$DJ$396:$DN$433","_name":"план"}},"emcosID":null,"emcosMLID":null,"codMaketTEP":null,"codTEP":null,"WSName":"DB","rangeAddress":"$DD$394:$DN$433","headAddress":"$DD$394:$DN$394","bodyAddress":"$DD$395:$DN$433","_name":"с.н. Mistral Energy СЭС Каскелен 50"}},"codPlan":100,"meterCoef":null,"_name":"с.н. Mistral Energy СЭС Каскелен 50"}