{"ID":"d0f66ba8-b55a-43c6-abbd-2771e7cca7b1","childs":{"PS":{"_level":0,"parentID":"d0f66ba8-b55a-43c6-abbd-2771e7cca7b1","firstParentID":"d0f66ba8-b55a-43c6-abbd-2771e7cca7b1","ID":"ae2eb708-a3b5-4ab5-898c-3020d1944389","childs":{"отдача":{"_level":1,"parentID":"ae2eb708-a3b5-4ab5-898c-3020d1944389","firstParentID":"d0f66ba8-b55a-43c6-abbd-2771e7cca7b1","ID":"3ad4bbe9-929f-42f6-9e20-1d8e3c2bfb30","childs":{"по счетчику":{"_level":2,"parentID":"3ad4bbe9-929f-42f6-9e20-1d8e3c2bfb30","firstParentID":"d0f66ba8-b55a-43c6-abbd-2771e7cca7b1","ID":"69c04680-bd4b-4d5f-9b24-226e2d6a3c4b","childs":null,"emcosID":null,"emcosMLID":null,"codMaketTEP":null,"codTEP":null,"WSName":"PS","rangeAddress":"$DA$99:$DA$135","headAddress":"$DA$99","bodyAddress":"$DA$100:$DA$135","_name":"по счетчику"},"СЧЕТЧИК":{"_level":2,"parentID":"3ad4bbe9-929f-42f6-9e20-1d8e3c2bfb30","firstParentID":"d0f66ba8-b55a-43c6-abbd-2771e7cca7b1","ID":"cd142c94-dfb4-4bb0-9c74-6f6f42debe2e","childs":null,"emcosID":null,"emcosMLID":null,"codMaketTEP":null,"codTEP":null,"WSName":"PS","rangeAddress":"$DB$99:$DB$135","headAddress":"$DB$99","bodyAddress":"$DB$100:$DB$135","_name":"СЧЕТЧИК"}},"emcosID":null,"emcosMLID":null,"codMaketTEP":null,"codTEP":null,"WSName":"PS","rangeAddress":"$DA$98:$DB$135","headAddress":"$DA$98:$DB$98","bodyAddress":"$DA$99:$DB$135","_name":"отдача"}},"emcosID":null,"emcosMLID":null,"codMaketTEP":null,"codTEP":null,"WSName":"PS","rangeAddress":"$DA$97:$DB$135","headAddress":"$DA$97:$DB$97","bodyAddress":"$DA$98:$DB$135","_name":"КЛ45 ПС152 Талдыкорган"},"DB":{"_level":0,"parentID":"d0f66ba8-b55a-43c6-abbd-2771e7cca7b1","firstParentID":"d0f66ba8-b55a-43c6-abbd-2771e7cca7b1","ID":"4eb52e38-8a84-471c-9fdc-54200c0e2b46","childs":{"отдача":{"_level":1,"parentID":"4eb52e38-8a84-471c-9fdc-54200c0e2b46","firstParentID":"d0f66ba8-b55a-43c6-abbd-2771e7cca7b1","ID":"c59e64e4-e3e7-462a-92c9-938601df864d","childs":{"код":{"_level":2,"parentID":"c59e64e4-e3e7-462a-92c9-938601df864d","firstParentID":"d0f66ba8-b55a-43c6-abbd-2771e7cca7b1","ID":"791a23b4-3a2f-4490-bf95-bcc313ec86fb","childs":null,"emcosID":null,"emcosMLID":null,"codMaketTEP":null,"codTEP":null,"WSName":"DB","rangeAddress":"$IA$310:$IA$347","headAddress":"$IA$310","bodyAddress":"$IA$311:$IA$347","_name":"код"},"основное":{"_level":2,"parentID":"c59e64e4-e3e7-462a-92c9-938601df864d","firstParentID":"d0f66ba8-b55a-43c6-abbd-2771e7cca7b1","ID":"8e519080-219c-4b3f-8d77-2603f8b007e5","childs":null,"emcosID":null,"emcosMLID":null,"codMaketTEP":null,"codTEP":null,"WSName":"DB","rangeAddress":"$IB$310:$IB$347","headAddress":"$IB$310","bodyAddress":"$IB$311:$IB$347","_name":"основное"},"корректировка факт":{"_level":2,"parentID":"c59e64e4-e3e7-462a-92c9-938601df864d","firstParentID":"d0f66ba8-b55a-43c6-abbd-2771e7cca7b1","ID":"98d05d23-0905-4921-8d85-c232e26973e5","childs":null,"emcosID":null,"emcosMLID":null,"codMaketTEP":null,"codTEP":null,"WSName":"DB","rangeAddress":"$IC$310:$IC$347","headAddress":"$IC$310","bodyAddress":"$IC$311:$IC$347","_name":"корректировка факт"},"ручное":{"_level":2,"parentID":"c59e64e4-e3e7-462a-92c9-938601df864d","firstParentID":"d0f66ba8-b55a-43c6-abbd-2771e7cca7b1","ID":"2b4c7e1b-1f96-4d45-9b92-446f83edebe9","childs":null,"emcosID":null,"emcosMLID":null,"codMaketTEP":null,"codTEP":null,"WSName":"DB","rangeAddress":"$ID$310:$ID$347","headAddress":"$ID$310","bodyAddress":"$ID$311:$ID$347","_name":"ручное"},"оперативное":{"_level":2,"parentID":"c59e64e4-e3e7-462a-92c9-938601df864d","firstParentID":"d0f66ba8-b55a-43c6-abbd-2771e7cca7b1","ID":"75ffc788-353b-4e79-aac0-61f516efe158","childs":null,"emcosID":null,"emcosMLID":null,"codMaketTEP":null,"codTEP":null,"WSName":"DB","rangeAddress":"$IE$310:$IE$347","headAddress":"$IE$310","bodyAddress":"$IE$311:$IE$347","_name":"оперативное"},"счетчик":{"_level":2,"parentID":"c59e64e4-e3e7-462a-92c9-938601df864d","firstParentID":"d0f66ba8-b55a-43c6-abbd-2771e7cca7b1","ID":"f1e28823-3978-4147-91a6-32ec5303d946","childs":null,"emcosID":null,"emcosMLID":null,"codMaketTEP":null,"codTEP":null,"WSName":"DB","rangeAddress":"$IF$310:$IF$347","headAddress":"$IF$310","bodyAddress":"$IF$311:$IF$347","_name":"счетчик"},"по счетчику":{"_level":2,"parentID":"c59e64e4-e3e7-462a-92c9-938601df864d","firstParentID":"d0f66ba8-b55a-43c6-abbd-2771e7cca7b1","ID":"97ced502-8f1f-4a48-acbf-27558228ab0c","childs":null,"emcosID":null,"emcosMLID":null,"codMaketTEP":null,"codTEP":null,"WSName":"DB","rangeAddress":"$IG$310:$IG$347","headAddress":"$IG$310","bodyAddress":"$IG$311:$IG$347","_name":"по счетчику"}},"emcosID":null,"emcosMLID":null,"codMaketTEP":null,"codTEP":null,"WSName":"DB","rangeAddress":"$IA$309:$IG$347","headAddress":"$IA$309:$IG$309","bodyAddress":"$IA$310:$IG$347","_name":"отдача"}},"emcosID":null,"emcosMLID":null,"codMaketTEP":null,"codTEP":null,"WSName":"DB","rangeAddress":"$IA$308:$IG$347","headAddress":"$IA$308:$IG$308","bodyAddress":"$IA$309:$IG$347","_name":"КЛ45 ПС152 Талдыкорган"}},"codPlan":null,"meterCoef":"4","_name":"КЛ45 ПС152 Талдыкорган"}