{"ID":"d6d5bbe2-d126-4a59-8bbd-79754ee11491","childs":{"PS":{"_level":0,"parentID":"d6d5bbe2-d126-4a59-8bbd-79754ee11491","firstParentID":"d6d5bbe2-d126-4a59-8bbd-79754ee11491","ID":"2d444e8a-1c6a-4640-a11d-82521ed46fde","childs":{"прием":{"_level":1,"parentID":"2d444e8a-1c6a-4640-a11d-82521ed46fde","firstParentID":"d6d5bbe2-d126-4a59-8bbd-79754ee11491","ID":"1bb4bdee-5f29-45c3-bc21-ec8e37d92248","childs":{"оперативное":{"_level":2,"parentID":"1bb4bdee-5f29-45c3-bc21-ec8e37d92248","firstParentID":"d6d5bbe2-d126-4a59-8bbd-79754ee11491","ID":"86258b15-1ff8-47bf-8740-21e72dbdf5c5","childs":null,"emcosID":null,"emcosMLID":null,"codMaketTEP":null,"codTEP":null,"WSName":"PS","rangeAddress":"$BQ$228:$BQ$264","headAddress":"$BQ$228","bodyAddress":"$BQ$229:$BQ$264","_name":"оперативное"}},"emcosID":null,"emcosMLID":null,"codMaketTEP":1478,"codTEP":null,"WSName":"PS","rangeAddress":"$BQ$227:$BQ$264","headAddress":"$BQ$227","bodyAddress":"$BQ$228:$BQ$264","_name":"прием"}},"emcosID":null,"emcosMLID":null,"codMaketTEP":null,"codTEP":null,"WSName":"PS","rangeAddress":"$BQ$226:$BQ$264","headAddress":"$BQ$226","bodyAddress":"$BQ$227:$BQ$264","_name":"с.н. Текелиский ТЭЦ2 ТТЭЦ2"},"DB":{"_level":0,"parentID":"d6d5bbe2-d126-4a59-8bbd-79754ee11491","firstParentID":"d6d5bbe2-d126-4a59-8bbd-79754ee11491","ID":"64206140-8e1d-4953-925c-3dd3f5d6d01f","childs":{"прием":{"_level":1,"parentID":"64206140-8e1d-4953-925c-3dd3f5d6d01f","firstParentID":"d6d5bbe2-d126-4a59-8bbd-79754ee11491","ID":"507591f7-333b-47f1-a2f2-c4a52c118b6e","childs":{"код":{"_level":2,"parentID":"507591f7-333b-47f1-a2f2-c4a52c118b6e","firstParentID":"d6d5bbe2-d126-4a59-8bbd-79754ee11491","ID":"835cbbbd-56a5-46de-9ad8-07ad4f7e7012","childs":null,"emcosID":null,"emcosMLID":null,"codMaketTEP":null,"codTEP":null,"WSName":"DB","rangeAddress":"$HO$224:$HO$261","headAddress":"$HO$224","bodyAddress":"$HO$225:$HO$261","_name":"код"},"основное":{"_level":2,"parentID":"507591f7-333b-47f1-a2f2-c4a52c118b6e","firstParentID":"d6d5bbe2-d126-4a59-8bbd-79754ee11491","ID":"742e9cbb-2bde-4df9-af26-749113c7bee7","childs":null,"emcosID":null,"emcosMLID":null,"codMaketTEP":null,"codTEP":null,"WSName":"DB","rangeAddress":"$HP$224:$HP$261","headAddress":"$HP$224","bodyAddress":"$HP$225:$HP$261","_name":"основное"},"корректировка факт":{"_level":2,"parentID":"507591f7-333b-47f1-a2f2-c4a52c118b6e","firstParentID":"d6d5bbe2-d126-4a59-8bbd-79754ee11491","ID":"193f8512-de26-4a96-8db3-710cf637dddf","childs":null,"emcosID":null,"emcosMLID":null,"codMaketTEP":null,"codTEP":null,"WSName":"DB","rangeAddress":"$HQ$224:$HQ$261","headAddress":"$HQ$224","bodyAddress":"$HQ$225:$HQ$261","_name":"корректировка факт"},"ручное":{"_level":2,"parentID":"507591f7-333b-47f1-a2f2-c4a52c118b6e","firstParentID":"d6d5bbe2-d126-4a59-8bbd-79754ee11491","ID":"1b6db25d-7933-4884-bdbe-9bd63a3d4f74","childs":null,"emcosID":null,"emcosMLID":null,"codMaketTEP":null,"codTEP":null,"WSName":"DB","rangeAddress":"$HR$224:$HR$261","headAddress":"$HR$224","bodyAddress":"$HR$225:$HR$261","_name":"ручное"},"оперативное":{"_level":2,"parentID":"507591f7-333b-47f1-a2f2-c4a52c118b6e","firstParentID":"d6d5bbe2-d126-4a59-8bbd-79754ee11491","ID":"a8c7d821-3e49-48c8-84c8-4f1a6a897664","childs":null,"emcosID":null,"emcosMLID":null,"codMaketTEP":null,"codTEP":null,"WSName":"DB","rangeAddress":"$HS$224:$HS$261","headAddress":"$HS$224","bodyAddress":"$HS$225:$HS$261","_name":"оперативное"}},"emcosID":null,"emcosMLID":null,"codMaketTEP":null,"codTEP":null,"WSName":"DB","rangeAddress":"$HO$223:$HS$261","headAddress":"$HO$223:$HS$223","bodyAddress":"$HO$224:$HS$261","_name":"прием"}},"emcosID":null,"emcosMLID":null,"codMaketTEP":null,"codTEP":null,"WSName":"DB","rangeAddress":"$HO$222:$HS$261","headAddress":"$HO$222:$HS$222","bodyAddress":"$HO$223:$HS$261","_name":"с.н. Текелиский ТЭЦ2 ТТЭЦ2"}},"codPlan":null,"meterCoef":null,"_name":"с.н. Текелиский ТЭЦ2 ТТЭЦ2"}