[{"text":"Потребление Alfa Power Жетысу прием","ID":"10fed840-18cb-47ec-87a2-911e860094c3","type":0},{"text":"+","ID":null,"type":2},{"text":"Потребление Мангыстау Энерго Сату прием","ID":"8e7b51f0-54b3-48d0-aaeb-1a7b644f6a9a","type":0},{"text":"+","ID":null,"type":2},{"text":"Потребление Prime Energy Resources Жетысу прием","ID":"aeb824f9-97ff-4f88-8f36-59bb3c667ae2","type":0},{"text":"+","ID":null,"type":2},{"text":"Потребление Rapid Power Жетысу прием","ID":"ae3fc298-0f2b-4fc8-acaa-b278b2a1d9f8","type":0},{"text":"+","ID":null,"type":2},{"text":"Потребление Каз Экотранс Жетысу  прием","ID":"9e72f123-d055-481a-90ed-53b9a63724d4","type":0},{"text":"+","ID":null,"type":2},{"text":"Потребление СТЭМ Жетысу прием","ID":"27c92694-7627-4119-897d-be7188f40715","type":0},{"text":"+","ID":null,"type":2},{"text":"Потребление Жетысу Водоканал прием","ID":"05e470f6-2867-40db-9d61-a964360fdbea","type":0},{"text":"+","ID":null,"type":2},{"text":"Потребление Green Oil Жетысу прием","ID":"571df3dc-1681-44a5-a193-3f0e2013860c","type":0},{"text":"+","ID":null,"type":2},{"text":"Потребление Alatau Power Жетысу прием","ID":"f92c87fd-4a0b-4ddd-9169-5c3c61ed9ed7","type":0},{"text":"+","ID":null,"type":2},{"text":"Потребление Энергокомпания Qaz Energy Жетысу прием","ID":"60104c9d-3458-47c3-aa23-03a2d356db3f","type":0},{"text":"+","ID":null,"type":2},{"text":"Потребление SilkWayEnergy Жетысу прием","ID":"a5422b01-5037-4e40-ae19-66bbcda8ac3a","type":0},{"text":"+","ID":null,"type":2},{"text":"Потребление Хоргос Энерго прием","ID":"0f411f66-40e7-476e-8516-c11d3a874463","type":0},{"text":"+","ID":null,"type":2},{"text":"Потребление АСПМК прием","ID":"e8c6b6db-01c4-41a3-b255-7d5b3a4391d8","type":0},{"text":"+","ID":null,"type":2},{"text":"Потребление Хоргос Восточные Ворота прием","ID":"9ee17ff5-493e-40d6-9e96-df8d88b3553f","type":0},{"text":"+","ID":null,"type":2},{"text":"Потребление Тенгри Энерджи Жетысу прием","ID":"d90468b7-fb55-48ad-83ac-bf999ea049c2","type":0},{"text":"+","ID":null,"type":2},{"text":"Потребление Темиржолэнерго Жетысу прием","ID":"f673ee83-3dda-4b2c-8be9-7cc38bda9dc3","type":0},{"text":"+","ID":null,"type":2},{"text":"ДМС потери КТЖ Жетысу прием","ID":"50d9f648-87c9-4264-b04b-cbf8a699ad62","type":0},{"text":"+","ID":null,"type":2},{"text":"Грузовые перевозки КТЖ Жетысу прием","ID":"a821c11c-28e8-4cde-93ed-6133953714e0","type":0},{"text":"+","ID":null,"type":2},{"text":"ДМС хоз нужды КТЖ Жетысу прием","ID":"105aeb06-6fd5-4c6c-8a4f-d0247b15c105","type":0},{"text":"+","ID":null,"type":2},{"text":"Потребление ENERCO Asia Жетысу прием","ID":"7fe614c9-348b-463c-b694-8d11570b2250","type":0},{"text":"+","ID":null,"type":2},{"text":"Потребление АБ Энерго Жетысу прием","ID":"b0e98632-61be-4b27-8db7-50d4a87182b4","type":0},{"text":"+","ID":null,"type":2},{"text":"Потребление Т-Генерация  Жетысу прием","ID":"a42eb76b-025c-4153-90c2-6d91570999ef","type":0},{"text":"+","ID":null,"type":2},{"text":"Потребление Каратал Транзит прием","ID":"9d8a3de3-3ee5-45e9-9d48-9af1bac0ff77","type":0},{"text":"+","ID":null,"type":2},{"text":"Потребление A.F. Эй Эф прием","ID":"b75b52e8-2585-4c6c-a7b8-ab50222eda92","type":0},{"text":"+","ID":null,"type":2},{"text":"Потребление ЧК TT Tech Limited прием","ID":"dc3e0778-ebae-4c32-8c1a-663d9af3b7dd","type":0},{"text":"+","ID":null,"type":2},{"text":"Потребление Казэнергоцентр прием","ID":"cd4f12b0-b42d-4e82-82e0-b7df64c2d084","type":0},{"text":"+","ID":null,"type":2},{"text":"Потребление IB Service прием","ID":"c3d5d5fa-39aa-4914-932b-9d3678e204cb","type":0},{"text":"+","ID":null,"type":2},{"text":"Потребление Samga Development Жетысу прием","ID":"7dc44ecd-c8e7-457b-ae8f-7c212e65c852","type":0}]