{"ID":"125e6f42-5f9d-4de2-b2c9-e36e18700fee","childs":{"PS":{"_level":0,"parentID":"125e6f42-5f9d-4de2-b2c9-e36e18700fee","firstParentID":"125e6f42-5f9d-4de2-b2c9-e36e18700fee","ID":"4d8ec728-976c-454d-aa16-4141e975db46","childs":{"отдача":{"_level":1,"parentID":"4d8ec728-976c-454d-aa16-4141e975db46","firstParentID":"125e6f42-5f9d-4de2-b2c9-e36e18700fee","ID":"946263a3-76a2-4476-9d12-979d77c7d13a","childs":{"по счетчику":{"_level":2,"parentID":"946263a3-76a2-4476-9d12-979d77c7d13a","firstParentID":"125e6f42-5f9d-4de2-b2c9-e36e18700fee","ID":"c47ca4bb-2a61-4b42-9175-d52fefedd6b5","childs":null,"emcosID":null,"emcosMLID":null,"codMaketTEP":null,"codTEP":null,"WSName":"PS","rangeAddress":"$CY$99:$CY$135","headAddress":"$CY$99","bodyAddress":"$CY$100:$CY$135","_name":"по счетчику"},"СЧЕТЧИК":{"_level":2,"parentID":"946263a3-76a2-4476-9d12-979d77c7d13a","firstParentID":"125e6f42-5f9d-4de2-b2c9-e36e18700fee","ID":"c26111d6-2e13-409a-aa1d-dd4912132a13","childs":null,"emcosID":null,"emcosMLID":null,"codMaketTEP":null,"codTEP":null,"WSName":"PS","rangeAddress":"$CZ$99:$CZ$135","headAddress":"$CZ$99","bodyAddress":"$CZ$100:$CZ$135","_name":"СЧЕТЧИК"}},"emcosID":null,"emcosMLID":null,"codMaketTEP":null,"codTEP":null,"WSName":"PS","rangeAddress":"$CY$98:$CZ$135","headAddress":"$CY$98:$CZ$98","bodyAddress":"$CY$99:$CZ$135","_name":"отдача"}},"emcosID":null,"emcosMLID":null,"codMaketTEP":null,"codTEP":null,"WSName":"PS","rangeAddress":"$CY$97:$CZ$135","headAddress":"$CY$97:$CZ$97","bodyAddress":"$CY$98:$CZ$135","_name":"КЛ38 ПС152 Талдыкорган"},"DB":{"_level":0,"parentID":"125e6f42-5f9d-4de2-b2c9-e36e18700fee","firstParentID":"125e6f42-5f9d-4de2-b2c9-e36e18700fee","ID":"077a4a83-6b12-4d8f-8dd4-20c635ede81e","childs":{"отдача":{"_level":1,"parentID":"077a4a83-6b12-4d8f-8dd4-20c635ede81e","firstParentID":"125e6f42-5f9d-4de2-b2c9-e36e18700fee","ID":"d19adf78-7e02-42c2-ae90-15908bced6be","childs":{"код":{"_level":2,"parentID":"d19adf78-7e02-42c2-ae90-15908bced6be","firstParentID":"125e6f42-5f9d-4de2-b2c9-e36e18700fee","ID":"9ad5e460-6df7-4c2e-87d6-9a4c01561660","childs":null,"emcosID":null,"emcosMLID":null,"codMaketTEP":null,"codTEP":null,"WSName":"DB","rangeAddress":"$CI$267:$CI$304","headAddress":"$CI$267","bodyAddress":"$CI$268:$CI$304","_name":"код"},"основное":{"_level":2,"parentID":"d19adf78-7e02-42c2-ae90-15908bced6be","firstParentID":"125e6f42-5f9d-4de2-b2c9-e36e18700fee","ID":"1fa1ae61-80b9-4a5b-a00e-3fbffd9325eb","childs":null,"emcosID":null,"emcosMLID":null,"codMaketTEP":null,"codTEP":null,"WSName":"DB","rangeAddress":"$CJ$267:$CJ$304","headAddress":"$CJ$267","bodyAddress":"$CJ$268:$CJ$304","_name":"основное"},"корректировка факт":{"_level":2,"parentID":"d19adf78-7e02-42c2-ae90-15908bced6be","firstParentID":"125e6f42-5f9d-4de2-b2c9-e36e18700fee","ID":"ae9e2175-937e-48be-9fbe-31805716975b","childs":null,"emcosID":null,"emcosMLID":null,"codMaketTEP":null,"codTEP":null,"WSName":"DB","rangeAddress":"$CK$267:$CK$304","headAddress":"$CK$267","bodyAddress":"$CK$268:$CK$304","_name":"корректировка факт"},"ручное":{"_level":2,"parentID":"d19adf78-7e02-42c2-ae90-15908bced6be","firstParentID":"125e6f42-5f9d-4de2-b2c9-e36e18700fee","ID":"f91d2123-1c49-4f2d-bdf7-f221bbc16c8f","childs":null,"emcosID":null,"emcosMLID":null,"codMaketTEP":null,"codTEP":null,"WSName":"DB","rangeAddress":"$CL$267:$CL$304","headAddress":"$CL$267","bodyAddress":"$CL$268:$CL$304","_name":"ручное"},"оперативное":{"_level":2,"parentID":"d19adf78-7e02-42c2-ae90-15908bced6be","firstParentID":"125e6f42-5f9d-4de2-b2c9-e36e18700fee","ID":"851bc09b-f0a4-43ba-bc1d-8b899cdc93fc","childs":null,"emcosID":null,"emcosMLID":null,"codMaketTEP":null,"codTEP":null,"WSName":"DB","rangeAddress":"$CM$267:$CM$304","headAddress":"$CM$267","bodyAddress":"$CM$268:$CM$304","_name":"оперативное"},"счетчик":{"_level":2,"parentID":"d19adf78-7e02-42c2-ae90-15908bced6be","firstParentID":"125e6f42-5f9d-4de2-b2c9-e36e18700fee","ID":"e6ad1cb0-7227-494b-a5f9-ecbd2256aa58","childs":null,"emcosID":null,"emcosMLID":null,"codMaketTEP":null,"codTEP":null,"WSName":"DB","rangeAddress":"$CN$267:$CN$304","headAddress":"$CN$267","bodyAddress":"$CN$268:$CN$304","_name":"счетчик"},"по счетчику":{"_level":2,"parentID":"d19adf78-7e02-42c2-ae90-15908bced6be","firstParentID":"125e6f42-5f9d-4de2-b2c9-e36e18700fee","ID":"71b62c5b-2190-4818-b4c8-cf5d95457930","childs":null,"emcosID":null,"emcosMLID":null,"codMaketTEP":null,"codTEP":null,"WSName":"DB","rangeAddress":"$CO$267:$CO$304","headAddress":"$CO$267","bodyAddress":"$CO$268:$CO$304","_name":"по счетчику"}},"emcosID":null,"emcosMLID":null,"codMaketTEP":null,"codTEP":null,"WSName":"DB","rangeAddress":"$CI$266:$CO$304","headAddress":"$CI$266:$CO$266","bodyAddress":"$CI$267:$CO$304","_name":"отдача"}},"emcosID":null,"emcosMLID":null,"codMaketTEP":null,"codTEP":null,"WSName":"DB","rangeAddress":"$CI$265:$CO$304","headAddress":"$CI$265:$CO$265","bodyAddress":"$CI$266:$CO$304","_name":"КЛ38 ПС152 Талдыкорган"}},"codPlan":null,"meterCoef":"8","_name":"КЛ38 ПС152 Талдыкорган"}