{"ID":"4c062fae-a6cd-4760-abba-e8babc685dcc","childs":{"PS":{"_level":0,"parentID":"4c062fae-a6cd-4760-abba-e8babc685dcc","firstParentID":"4c062fae-a6cd-4760-abba-e8babc685dcc","ID":"d30bea21-36ee-480b-b0a2-52b5298e1839","childs":{"прием":{"_level":1,"parentID":"d30bea21-36ee-480b-b0a2-52b5298e1839","firstParentID":"4c062fae-a6cd-4760-abba-e8babc685dcc","ID":"5ce5dabf-943d-4e54-b53b-496cf0ea94db","childs":{"формула":{"_level":2,"parentID":"5ce5dabf-943d-4e54-b53b-496cf0ea94db","firstParentID":"4c062fae-a6cd-4760-abba-e8babc685dcc","ID":"c33aec82-4985-47f8-9a27-3ac23a6f9419","childs":null,"emcosID":null,"emcosMLID":null,"codMaketTEP":null,"codTEP":null,"WSName":"PS","rangeAddress":"$CE$228:$CE$264","headAddress":"$CE$228","bodyAddress":"$CE$229:$CE$264","_name":"формула"}},"emcosID":null,"emcosMLID":null,"codMaketTEP":1405,"codTEP":null,"WSName":"PS","rangeAddress":"$CE$227:$CE$264","headAddress":"$CE$227","bodyAddress":"$CE$228:$CE$264","_name":"прием"},"план":{"_level":1,"parentID":"d30bea21-36ee-480b-b0a2-52b5298e1839","firstParentID":"4c062fae-a6cd-4760-abba-e8babc685dcc","ID":"35bbc6a5-a180-44e3-8709-56a62a5bc591","childs":{"заявка":{"_level":2,"parentID":"35bbc6a5-a180-44e3-8709-56a62a5bc591","firstParentID":"4c062fae-a6cd-4760-abba-e8babc685dcc","ID":"ea6e6152-b52a-4d08-a915-91d48880be8c","childs":null,"emcosID":null,"emcosMLID":null,"codMaketTEP":null,"codTEP":null,"WSName":"PS","rangeAddress":"$CF$228:$CF$264","headAddress":"$CF$228","bodyAddress":"$CF$229:$CF$264","_name":"заявка"}},"emcosID":null,"emcosMLID":null,"codMaketTEP":null,"codTEP":null,"WSName":"PS","rangeAddress":"$CF$227:$CF$264","headAddress":"$CF$227","bodyAddress":"$CF$228:$CF$264","_name":"план"}},"emcosID":null,"emcosMLID":null,"codMaketTEP":null,"codTEP":null,"WSName":"PS","rangeAddress":"$CE$226:$CF$264","headAddress":"$CE$226:$CF$226","bodyAddress":"$CE$227:$CF$264","_name":"Потери KEGOC Жтысуский энергоузел"},"DB":{"_level":0,"parentID":"4c062fae-a6cd-4760-abba-e8babc685dcc","firstParentID":"4c062fae-a6cd-4760-abba-e8babc685dcc","ID":"f8795bfd-dc88-4e1b-9aa6-5f71b36bd3d7","childs":{"прием":{"_level":1,"parentID":"f8795bfd-dc88-4e1b-9aa6-5f71b36bd3d7","firstParentID":"4c062fae-a6cd-4760-abba-e8babc685dcc","ID":"84e0e6ff-7283-4e66-910b-6e5c4ba370e2","childs":{"код":{"_level":2,"parentID":"84e0e6ff-7283-4e66-910b-6e5c4ba370e2","firstParentID":"4c062fae-a6cd-4760-abba-e8babc685dcc","ID":"f25dad81-2bd3-4f6c-b108-d490cfe88fcf","childs":null,"emcosID":null,"emcosMLID":null,"codMaketTEP":null,"codTEP":null,"WSName":"DB","rangeAddress":"$AU$224:$AU$261","headAddress":"$AU$224","bodyAddress":"$AU$225:$AU$261","_name":"код"},"основное":{"_level":2,"parentID":"84e0e6ff-7283-4e66-910b-6e5c4ba370e2","firstParentID":"4c062fae-a6cd-4760-abba-e8babc685dcc","ID":"45f3dbea-53a5-4755-ad97-07a257def552","childs":null,"emcosID":null,"emcosMLID":null,"codMaketTEP":null,"codTEP":null,"WSName":"DB","rangeAddress":"$AV$224:$AV$261","headAddress":"$AV$224","bodyAddress":"$AV$225:$AV$261","_name":"основное"},"корректировка факт":{"_level":2,"parentID":"84e0e6ff-7283-4e66-910b-6e5c4ba370e2","firstParentID":"4c062fae-a6cd-4760-abba-e8babc685dcc","ID":"c2e9e310-e567-448d-87ee-8714f2fe7788","childs":null,"emcosID":null,"emcosMLID":null,"codMaketTEP":null,"codTEP":null,"WSName":"DB","rangeAddress":"$AW$224:$AW$261","headAddress":"$AW$224","bodyAddress":"$AW$225:$AW$261","_name":"корректировка факт"},"ручное":{"_level":2,"parentID":"84e0e6ff-7283-4e66-910b-6e5c4ba370e2","firstParentID":"4c062fae-a6cd-4760-abba-e8babc685dcc","ID":"6919d775-b797-432b-ba25-1077eea802fc","childs":null,"emcosID":null,"emcosMLID":null,"codMaketTEP":null,"codTEP":null,"WSName":"DB","rangeAddress":"$AX$224:$AX$261","headAddress":"$AX$224","bodyAddress":"$AX$225:$AX$261","_name":"ручное"},"по плану":{"_level":2,"parentID":"84e0e6ff-7283-4e66-910b-6e5c4ba370e2","firstParentID":"4c062fae-a6cd-4760-abba-e8babc685dcc","ID":"e8eda118-727c-4a7a-91be-e56730f4d45b","childs":null,"emcosID":null,"emcosMLID":null,"codMaketTEP":null,"codTEP":null,"WSName":"DB","rangeAddress":"$AY$224:$AY$261","headAddress":"$AY$224","bodyAddress":"$AY$225:$AY$261","_name":"по плану"},"формула":{"_level":2,"parentID":"84e0e6ff-7283-4e66-910b-6e5c4ba370e2","firstParentID":"4c062fae-a6cd-4760-abba-e8babc685dcc","ID":"a21c8d8f-538d-46f0-bca2-86db8a2213cb","childs":null,"emcosID":null,"emcosMLID":null,"codMaketTEP":null,"codTEP":null,"WSName":"DB","rangeAddress":"$AZ$224:$AZ$261","headAddress":"$AZ$224","bodyAddress":"$AZ$225:$AZ$261","_name":"формула"}},"emcosID":null,"emcosMLID":null,"codMaketTEP":null,"codTEP":null,"WSName":"DB","rangeAddress":"$AU$223:$AZ$261","headAddress":"$AU$223:$AZ$223","bodyAddress":"$AU$224:$AZ$261","_name":"прием"},"план":{"_level":1,"parentID":"f8795bfd-dc88-4e1b-9aa6-5f71b36bd3d7","firstParentID":"4c062fae-a6cd-4760-abba-e8babc685dcc","ID":"5649b236-a24e-4045-b105-bebf86567a8b","childs":{"код":{"_level":2,"parentID":"5649b236-a24e-4045-b105-bebf86567a8b","firstParentID":"4c062fae-a6cd-4760-abba-e8babc685dcc","ID":"1e137fdf-562c-4c7d-ac2a-6507a1c80231","childs":null,"emcosID":null,"emcosMLID":null,"codMaketTEP":null,"codTEP":null,"WSName":"DB","rangeAddress":"$BA$224:$BA$261","headAddress":"$BA$224","bodyAddress":"$BA$225:$BA$261","_name":"код"},"основное":{"_level":2,"parentID":"5649b236-a24e-4045-b105-bebf86567a8b","firstParentID":"4c062fae-a6cd-4760-abba-e8babc685dcc","ID":"2892295c-4df7-4a85-af96-971eae142cea","childs":null,"emcosID":null,"emcosMLID":null,"codMaketTEP":null,"codTEP":null,"WSName":"DB","rangeAddress":"$BB$224:$BB$261","headAddress":"$BB$224","bodyAddress":"$BB$225:$BB$261","_name":"основное"},"заявка":{"_level":2,"parentID":"5649b236-a24e-4045-b105-bebf86567a8b","firstParentID":"4c062fae-a6cd-4760-abba-e8babc685dcc","ID":"10e299a9-80ef-4b39-ad69-3ddf6ed06452","childs":null,"emcosID":null,"emcosMLID":null,"codMaketTEP":null,"codTEP":null,"WSName":"DB","rangeAddress":"$BC$224:$BC$261","headAddress":"$BC$224","bodyAddress":"$BC$225:$BC$261","_name":"заявка"},"утвержденный":{"_level":2,"parentID":"5649b236-a24e-4045-b105-bebf86567a8b","firstParentID":"4c062fae-a6cd-4760-abba-e8babc685dcc","ID":"270b181b-0e25-4def-9e84-5bea51130533","childs":null,"emcosID":null,"emcosMLID":null,"codMaketTEP":null,"codTEP":null,"WSName":"DB","rangeAddress":"$BD$224:$BD$261","headAddress":"$BD$224","bodyAddress":"$BD$225:$BD$261","_name":"утвержденный"},"корректировка":{"_level":2,"parentID":"5649b236-a24e-4045-b105-bebf86567a8b","firstParentID":"4c062fae-a6cd-4760-abba-e8babc685dcc","ID":"e9789f6c-5e48-4a4c-8d17-8ec86a04b66f","childs":null,"emcosID":null,"emcosMLID":null,"codMaketTEP":null,"codTEP":null,"WSName":"DB","rangeAddress":"$BE$224:$BE$261","headAddress":"$BE$224","bodyAddress":"$BE$225:$BE$261","_name":"корректировка"}},"emcosID":null,"emcosMLID":null,"codMaketTEP":null,"codTEP":null,"WSName":"DB","rangeAddress":"$BA$223:$BE$261","headAddress":"$BA$223:$BE$223","bodyAddress":"$BA$224:$BE$261","_name":"план"}},"emcosID":null,"emcosMLID":null,"codMaketTEP":null,"codTEP":null,"WSName":"DB","rangeAddress":"$AU$222:$BE$261","headAddress":"$AU$222:$BE$222","bodyAddress":"$AU$223:$BE$261","_name":"Потери KEGOC Жтысуский энергоузел"}},"codPlan":29,"meterCoef":null,"_name":"Потери KEGOC Жтысуский энергоузел"}