{"ID":"6f5bbcdb-6f81-4939-86db-4e400066a983","childs":{"PS":{"_level":0,"parentID":"6f5bbcdb-6f81-4939-86db-4e400066a983","firstParentID":"6f5bbcdb-6f81-4939-86db-4e400066a983","ID":"45cbced1-dc8e-4bcc-97a4-3df444123c53","childs":{"отдача":{"_level":1,"parentID":"45cbced1-dc8e-4bcc-97a4-3df444123c53","firstParentID":"6f5bbcdb-6f81-4939-86db-4e400066a983","ID":"79918450-8983-40f5-b29b-d9dd2729e80c","childs":{"по счетчику":{"_level":2,"parentID":"79918450-8983-40f5-b29b-d9dd2729e80c","firstParentID":"6f5bbcdb-6f81-4939-86db-4e400066a983","ID":"634df6f5-550a-47c9-8958-a84bbc3713aa","childs":null,"emcosID":null,"emcosMLID":null,"codMaketTEP":null,"codTEP":null,"WSName":"PS","rangeAddress":"$ES$99:$ES$135","headAddress":"$ES$99","bodyAddress":"$ES$100:$ES$135","_name":"по счетчику"},"СЧЕТЧИК":{"_level":2,"parentID":"79918450-8983-40f5-b29b-d9dd2729e80c","firstParentID":"6f5bbcdb-6f81-4939-86db-4e400066a983","ID":"65fc293a-a550-4f92-bfd2-c8366661ee1d","childs":null,"emcosID":null,"emcosMLID":null,"codMaketTEP":null,"codTEP":null,"WSName":"PS","rangeAddress":"$ET$99:$ET$135","headAddress":"$ET$99","bodyAddress":"$ET$100:$ET$135","_name":"СЧЕТЧИК"}},"emcosID":null,"emcosMLID":null,"codMaketTEP":null,"codTEP":null,"WSName":"PS","rangeAddress":"$ES$98:$ET$135","headAddress":"$ES$98:$ET$98","bodyAddress":"$ES$99:$ET$135","_name":"отдача"}},"emcosID":null,"emcosMLID":null,"codMaketTEP":null,"codTEP":null,"WSName":"PS","rangeAddress":"$ES$97:$ET$135","headAddress":"$ES$97:$ET$97","bodyAddress":"$ES$98:$ET$135","_name":"КЛ37 ПС152 Талдыкорган"},"DB":{"_level":0,"parentID":"6f5bbcdb-6f81-4939-86db-4e400066a983","firstParentID":"6f5bbcdb-6f81-4939-86db-4e400066a983","ID":"f0c44f0c-df6d-4ed9-9f80-755bbd31f953","childs":{"отдача":{"_level":1,"parentID":"f0c44f0c-df6d-4ed9-9f80-755bbd31f953","firstParentID":"6f5bbcdb-6f81-4939-86db-4e400066a983","ID":"75e6f8c8-bead-455e-a92f-4cca71c6bbcd","childs":{"код":{"_level":2,"parentID":"75e6f8c8-bead-455e-a92f-4cca71c6bbcd","firstParentID":"6f5bbcdb-6f81-4939-86db-4e400066a983","ID":"52afd1b4-3391-4cfc-9f33-be5f97e461fc","childs":null,"emcosID":null,"emcosMLID":null,"codMaketTEP":null,"codTEP":null,"WSName":"DB","rangeAddress":"$GC$525:$GC$562","headAddress":"$GC$525","bodyAddress":"$GC$526:$GC$562","_name":"код"},"основное":{"_level":2,"parentID":"75e6f8c8-bead-455e-a92f-4cca71c6bbcd","firstParentID":"6f5bbcdb-6f81-4939-86db-4e400066a983","ID":"9b4a6fbf-dcc0-4403-b788-105ff78e069b","childs":null,"emcosID":null,"emcosMLID":null,"codMaketTEP":null,"codTEP":null,"WSName":"DB","rangeAddress":"$GD$525:$GD$562","headAddress":"$GD$525","bodyAddress":"$GD$526:$GD$562","_name":"основное"},"корректировка факт":{"_level":2,"parentID":"75e6f8c8-bead-455e-a92f-4cca71c6bbcd","firstParentID":"6f5bbcdb-6f81-4939-86db-4e400066a983","ID":"56005f97-9423-4a47-be65-5630c2cc53f5","childs":null,"emcosID":null,"emcosMLID":null,"codMaketTEP":null,"codTEP":null,"WSName":"DB","rangeAddress":"$GE$525:$GE$562","headAddress":"$GE$525","bodyAddress":"$GE$526:$GE$562","_name":"корректировка факт"},"ручное":{"_level":2,"parentID":"75e6f8c8-bead-455e-a92f-4cca71c6bbcd","firstParentID":"6f5bbcdb-6f81-4939-86db-4e400066a983","ID":"845b57da-7ff2-411d-8ff7-b51c061a55a8","childs":null,"emcosID":null,"emcosMLID":null,"codMaketTEP":null,"codTEP":null,"WSName":"DB","rangeAddress":"$GF$525:$GF$562","headAddress":"$GF$525","bodyAddress":"$GF$526:$GF$562","_name":"ручное"},"счетчик":{"_level":2,"parentID":"75e6f8c8-bead-455e-a92f-4cca71c6bbcd","firstParentID":"6f5bbcdb-6f81-4939-86db-4e400066a983","ID":"d19afd08-5c49-41df-85ad-e94d8e035d8c","childs":null,"emcosID":null,"emcosMLID":null,"codMaketTEP":null,"codTEP":null,"WSName":"DB","rangeAddress":"$GG$525:$GG$562","headAddress":"$GG$525","bodyAddress":"$GG$526:$GG$562","_name":"счетчик"},"по счетчику":{"_level":2,"parentID":"75e6f8c8-bead-455e-a92f-4cca71c6bbcd","firstParentID":"6f5bbcdb-6f81-4939-86db-4e400066a983","ID":"c53c5c4d-3ad5-45b0-8ae4-f042f93395b4","childs":null,"emcosID":null,"emcosMLID":null,"codMaketTEP":null,"codTEP":null,"WSName":"DB","rangeAddress":"$GH$525:$GH$562","headAddress":"$GH$525","bodyAddress":"$GH$526:$GH$562","_name":"по счетчику"}},"emcosID":null,"emcosMLID":null,"codMaketTEP":null,"codTEP":null,"WSName":"DB","rangeAddress":"$GC$524:$GH$562","headAddress":"$GC$524:$GH$524","bodyAddress":"$GC$525:$GH$562","_name":"отдача"}},"emcosID":null,"emcosMLID":null,"codMaketTEP":null,"codTEP":null,"WSName":"DB","rangeAddress":"$GC$523:$GH$562","headAddress":"$GC$523:$GH$523","bodyAddress":"$GC$524:$GH$562","_name":"КЛ37 ПС152 Талдыкорган"}},"codPlan":null,"meterCoef":"8","_name":"КЛ37 ПС152 Талдыкорган"}