{"ID":"8c2a37cb-79b3-45aa-a4e0-bec86c19dd65","childs":{"PS":{"_level":0,"parentID":"8c2a37cb-79b3-45aa-a4e0-bec86c19dd65","firstParentID":"8c2a37cb-79b3-45aa-a4e0-bec86c19dd65","ID":"65253d0d-1b9a-4351-8982-eed48b0c1dcc","childs":{"прием":{"_level":1,"parentID":"65253d0d-1b9a-4351-8982-eed48b0c1dcc","firstParentID":"8c2a37cb-79b3-45aa-a4e0-bec86c19dd65","ID":"9d50bad8-98b1-46ec-8244-d96db1053cd0","childs":{"по счетчику":{"_level":2,"parentID":"9d50bad8-98b1-46ec-8244-d96db1053cd0","firstParentID":"8c2a37cb-79b3-45aa-a4e0-bec86c19dd65","ID":"77aaf216-c865-47e1-b8e2-f6033d5b2390","childs":null,"emcosID":null,"emcosMLID":null,"codMaketTEP":null,"codTEP":null,"WSName":"PS","rangeAddress":"$CR$56:$CR$92","headAddress":"$CR$56","bodyAddress":"$CR$57:$CR$92","_name":"по счетчику"}},"emcosID":null,"emcosMLID":null,"codMaketTEP":null,"codTEP":null,"WSName":"PS","rangeAddress":"$CR$55:$CR$92","headAddress":"$CR$55","bodyAddress":"$CR$56:$CR$92","_name":"прием"},"отдача":{"_level":1,"parentID":"65253d0d-1b9a-4351-8982-eed48b0c1dcc","firstParentID":"8c2a37cb-79b3-45aa-a4e0-bec86c19dd65","ID":"15e8e143-6de8-4135-9c14-5c1e1ec0eedd","childs":{"по счетчику":{"_level":2,"parentID":"15e8e143-6de8-4135-9c14-5c1e1ec0eedd","firstParentID":"8c2a37cb-79b3-45aa-a4e0-bec86c19dd65","ID":"a70b7d10-d913-4da0-a4b8-e24cbc4f28a0","childs":null,"emcosID":null,"emcosMLID":null,"codMaketTEP":null,"codTEP":null,"WSName":"PS","rangeAddress":"$CS$56:$CS$92","headAddress":"$CS$56","bodyAddress":"$CS$57:$CS$92","_name":"по счетчику"}},"emcosID":null,"emcosMLID":null,"codMaketTEP":null,"codTEP":null,"WSName":"PS","rangeAddress":"$CS$55:$CS$92","headAddress":"$CS$55","bodyAddress":"$CS$56:$CS$92","_name":"отдача"},"сальдо":{"_level":1,"parentID":"65253d0d-1b9a-4351-8982-eed48b0c1dcc","firstParentID":"8c2a37cb-79b3-45aa-a4e0-bec86c19dd65","ID":"025f2584-af39-4259-b6cd-573533fba110","childs":{"формула":{"_level":2,"parentID":"025f2584-af39-4259-b6cd-573533fba110","firstParentID":"8c2a37cb-79b3-45aa-a4e0-bec86c19dd65","ID":"205764ab-f56a-4c58-8afd-1b929251c932","childs":null,"emcosID":null,"emcosMLID":null,"codMaketTEP":null,"codTEP":null,"WSName":"PS","rangeAddress":"$CT$56:$CT$92","headAddress":"$CT$56","bodyAddress":"$CT$57:$CT$92","_name":"формула"}},"emcosID":null,"emcosMLID":null,"codMaketTEP":1342,"codTEP":null,"WSName":"PS","rangeAddress":"$CT$55:$CT$92","headAddress":"$CT$55","bodyAddress":"$CT$56:$CT$92","_name":"сальдо"}},"emcosID":null,"emcosMLID":null,"codMaketTEP":null,"codTEP":null,"WSName":"PS","rangeAddress":"$CR$54:$CT$92","headAddress":"$CR$54:$CT$54","bodyAddress":"$CR$55:$CT$92","_name":"Л5313 Алматы"},"DB":{"_level":0,"parentID":"8c2a37cb-79b3-45aa-a4e0-bec86c19dd65","firstParentID":"8c2a37cb-79b3-45aa-a4e0-bec86c19dd65","ID":"f2e0bb60-220e-4f97-aee4-1e88a2536a60","childs":{"прием":{"_level":1,"parentID":"f2e0bb60-220e-4f97-aee4-1e88a2536a60","firstParentID":"8c2a37cb-79b3-45aa-a4e0-bec86c19dd65","ID":"719ea1c0-cd9a-4b00-a8c8-ee020a252616","childs":{"код":{"_level":2,"parentID":"719ea1c0-cd9a-4b00-a8c8-ee020a252616","firstParentID":"8c2a37cb-79b3-45aa-a4e0-bec86c19dd65","ID":"941dbc75-9d34-4746-8420-53b13dc2b148","childs":null,"emcosID":null,"emcosMLID":null,"codMaketTEP":null,"codTEP":null,"WSName":"DB","rangeAddress":"$DM$9:$DM$46","headAddress":"$DM$9","bodyAddress":"$DM$10:$DM$46","_name":"код"},"основное":{"_level":2,"parentID":"719ea1c0-cd9a-4b00-a8c8-ee020a252616","firstParentID":"8c2a37cb-79b3-45aa-a4e0-bec86c19dd65","ID":"8b0ec37c-d49b-436e-aa19-860553a42831","childs":null,"emcosID":null,"emcosMLID":null,"codMaketTEP":null,"codTEP":null,"WSName":"DB","rangeAddress":"$DN$9:$DN$46","headAddress":"$DN$9","bodyAddress":"$DN$10:$DN$46","_name":"основное"},"корректировка факт":{"_level":2,"parentID":"719ea1c0-cd9a-4b00-a8c8-ee020a252616","firstParentID":"8c2a37cb-79b3-45aa-a4e0-bec86c19dd65","ID":"c836d34c-2293-4aa7-b5d4-b3a88307fe13","childs":null,"emcosID":null,"emcosMLID":null,"codMaketTEP":null,"codTEP":null,"WSName":"DB","rangeAddress":"$DO$9:$DO$46","headAddress":"$DO$9","bodyAddress":"$DO$10:$DO$46","_name":"корректировка факт"},"ручное":{"_level":2,"parentID":"719ea1c0-cd9a-4b00-a8c8-ee020a252616","firstParentID":"8c2a37cb-79b3-45aa-a4e0-bec86c19dd65","ID":"19a71e7b-85f4-4426-92cd-1ba33a60cd8c","childs":null,"emcosID":null,"emcosMLID":null,"codMaketTEP":null,"codTEP":null,"WSName":"DB","rangeAddress":"$DP$9:$DP$46","headAddress":"$DP$9","bodyAddress":"$DP$10:$DP$46","_name":"ручное"},"счетчик":{"_level":2,"parentID":"719ea1c0-cd9a-4b00-a8c8-ee020a252616","firstParentID":"8c2a37cb-79b3-45aa-a4e0-bec86c19dd65","ID":"dcf0aaaf-8daa-4d8a-980e-587e4c0c0f8f","childs":null,"emcosID":null,"emcosMLID":null,"codMaketTEP":null,"codTEP":null,"WSName":"DB","rangeAddress":"$DQ$9:$DQ$46","headAddress":"$DQ$9","bodyAddress":"$DQ$10:$DQ$46","_name":"счетчик"},"по счетчику":{"_level":2,"parentID":"719ea1c0-cd9a-4b00-a8c8-ee020a252616","firstParentID":"8c2a37cb-79b3-45aa-a4e0-bec86c19dd65","ID":"ee99e732-07b4-42ca-b50c-606c25d91227","childs":null,"emcosID":null,"emcosMLID":null,"codMaketTEP":null,"codTEP":null,"WSName":"DB","rangeAddress":"$DR$9:$DR$46","headAddress":"$DR$9","bodyAddress":"$DR$10:$DR$46","_name":"по счетчику"}},"emcosID":null,"emcosMLID":null,"codMaketTEP":null,"codTEP":null,"WSName":"DB","rangeAddress":"$DM$8:$DR$46","headAddress":"$DM$8:$DR$8","bodyAddress":"$DM$9:$DR$46","_name":"прием"},"отдача":{"_level":1,"parentID":"f2e0bb60-220e-4f97-aee4-1e88a2536a60","firstParentID":"8c2a37cb-79b3-45aa-a4e0-bec86c19dd65","ID":"46351b88-d59e-44b0-88c9-69aff731effd","childs":{"код":{"_level":2,"parentID":"46351b88-d59e-44b0-88c9-69aff731effd","firstParentID":"8c2a37cb-79b3-45aa-a4e0-bec86c19dd65","ID":"3cdbef80-7bf9-4c1a-99fb-434f56eb2235","childs":null,"emcosID":null,"emcosMLID":null,"codMaketTEP":null,"codTEP":null,"WSName":"DB","rangeAddress":"$DS$9:$DS$46","headAddress":"$DS$9","bodyAddress":"$DS$10:$DS$46","_name":"код"},"основное":{"_level":2,"parentID":"46351b88-d59e-44b0-88c9-69aff731effd","firstParentID":"8c2a37cb-79b3-45aa-a4e0-bec86c19dd65","ID":"64575dde-53bc-4bda-a634-5eef9bcd6631","childs":null,"emcosID":null,"emcosMLID":null,"codMaketTEP":null,"codTEP":null,"WSName":"DB","rangeAddress":"$DT$9:$DT$46","headAddress":"$DT$9","bodyAddress":"$DT$10:$DT$46","_name":"основное"},"корректировка факт":{"_level":2,"parentID":"46351b88-d59e-44b0-88c9-69aff731effd","firstParentID":"8c2a37cb-79b3-45aa-a4e0-bec86c19dd65","ID":"d4de3e50-b95e-4742-99bb-32a73374638e","childs":null,"emcosID":null,"emcosMLID":null,"codMaketTEP":null,"codTEP":null,"WSName":"DB","rangeAddress":"$DU$9:$DU$46","headAddress":"$DU$9","bodyAddress":"$DU$10:$DU$46","_name":"корректировка факт"},"ручное":{"_level":2,"parentID":"46351b88-d59e-44b0-88c9-69aff731effd","firstParentID":"8c2a37cb-79b3-45aa-a4e0-bec86c19dd65","ID":"d99e5254-23e9-41e8-8683-b55ecb89598e","childs":null,"emcosID":null,"emcosMLID":null,"codMaketTEP":null,"codTEP":null,"WSName":"DB","rangeAddress":"$DV$9:$DV$46","headAddress":"$DV$9","bodyAddress":"$DV$10:$DV$46","_name":"ручное"},"счетчик":{"_level":2,"parentID":"46351b88-d59e-44b0-88c9-69aff731effd","firstParentID":"8c2a37cb-79b3-45aa-a4e0-bec86c19dd65","ID":"94cc0241-734a-4901-b981-6ae9e64d3b51","childs":null,"emcosID":null,"emcosMLID":null,"codMaketTEP":null,"codTEP":null,"WSName":"DB","rangeAddress":"$DW$9:$DW$46","headAddress":"$DW$9","bodyAddress":"$DW$10:$DW$46","_name":"счетчик"},"по счетчику":{"_level":2,"parentID":"46351b88-d59e-44b0-88c9-69aff731effd","firstParentID":"8c2a37cb-79b3-45aa-a4e0-bec86c19dd65","ID":"6ba2b582-7c0c-4fb8-99a3-f218924798e1","childs":null,"emcosID":null,"emcosMLID":null,"codMaketTEP":null,"codTEP":null,"WSName":"DB","rangeAddress":"$DX$9:$DX$46","headAddress":"$DX$9","bodyAddress":"$DX$10:$DX$46","_name":"по счетчику"}},"emcosID":null,"emcosMLID":null,"codMaketTEP":null,"codTEP":null,"WSName":"DB","rangeAddress":"$DS$8:$DX$46","headAddress":"$DS$8:$DX$8","bodyAddress":"$DS$9:$DX$46","_name":"отдача"},"сальдо":{"_level":1,"parentID":"f2e0bb60-220e-4f97-aee4-1e88a2536a60","firstParentID":"8c2a37cb-79b3-45aa-a4e0-bec86c19dd65","ID":"f8a530ac-938a-4c0d-8086-6be914d89a5f","childs":{"код":{"_level":2,"parentID":"f8a530ac-938a-4c0d-8086-6be914d89a5f","firstParentID":"8c2a37cb-79b3-45aa-a4e0-bec86c19dd65","ID":"298811dc-15b8-4059-b823-5ebcd59e4202","childs":null,"emcosID":null,"emcosMLID":null,"codMaketTEP":null,"codTEP":null,"WSName":"DB","rangeAddress":"$DY$9:$DY$46","headAddress":"$DY$9","bodyAddress":"$DY$10:$DY$46","_name":"код"},"основное":{"_level":2,"parentID":"f8a530ac-938a-4c0d-8086-6be914d89a5f","firstParentID":"8c2a37cb-79b3-45aa-a4e0-bec86c19dd65","ID":"12166b25-dc1b-460c-96a5-88152ba5a3f1","childs":null,"emcosID":null,"emcosMLID":null,"codMaketTEP":null,"codTEP":null,"WSName":"DB","rangeAddress":"$DZ$9:$DZ$46","headAddress":"$DZ$9","bodyAddress":"$DZ$10:$DZ$46","_name":"основное"},"корректировка факт":{"_level":2,"parentID":"f8a530ac-938a-4c0d-8086-6be914d89a5f","firstParentID":"8c2a37cb-79b3-45aa-a4e0-bec86c19dd65","ID":"74058a95-890b-4576-9a07-bea4026dff43","childs":null,"emcosID":null,"emcosMLID":null,"codMaketTEP":null,"codTEP":null,"WSName":"DB","rangeAddress":"$EA$9:$EA$46","headAddress":"$EA$9","bodyAddress":"$EA$10:$EA$46","_name":"корректировка факт"},"ручное":{"_level":2,"parentID":"f8a530ac-938a-4c0d-8086-6be914d89a5f","firstParentID":"8c2a37cb-79b3-45aa-a4e0-bec86c19dd65","ID":"4aa4d2e1-75c3-4ef6-929a-ff9a1f5e0924","childs":null,"emcosID":null,"emcosMLID":null,"codMaketTEP":null,"codTEP":null,"WSName":"DB","rangeAddress":"$EB$9:$EB$46","headAddress":"$EB$9","bodyAddress":"$EB$10:$EB$46","_name":"ручное"},"формула":{"_level":2,"parentID":"f8a530ac-938a-4c0d-8086-6be914d89a5f","firstParentID":"8c2a37cb-79b3-45aa-a4e0-bec86c19dd65","ID":"de4f7277-9508-4dda-af81-e509f5a3259e","childs":null,"emcosID":null,"emcosMLID":null,"codMaketTEP":null,"codTEP":null,"WSName":"DB","rangeAddress":"$EC$9:$EC$46","headAddress":"$EC$9","bodyAddress":"$EC$10:$EC$46","_name":"формула"}},"emcosID":null,"emcosMLID":null,"codMaketTEP":null,"codTEP":null,"WSName":"DB","rangeAddress":"$DY$8:$EC$46","headAddress":"$DY$8:$EC$8","bodyAddress":"$DY$9:$EC$46","_name":"сальдо"}},"emcosID":null,"emcosMLID":null,"codMaketTEP":null,"codTEP":null,"WSName":"DB","rangeAddress":"$DM$7:$EC$46","headAddress":"$DM$7:$EC$7","bodyAddress":"$DM$8:$EC$46","_name":"Л5313 Алматы"}},"codPlan":null,"meterCoef":"10000","_name":"Л5313 Алматы"}