{"ID":"12049f80-ee0b-486d-b7b6-115ea78ddfd4","childs":{"PS":{"_level":0,"parentID":"12049f80-ee0b-486d-b7b6-115ea78ddfd4","firstParentID":"12049f80-ee0b-486d-b7b6-115ea78ddfd4","ID":"2ebd2f6b-fc3a-49dd-a48e-36d3071c6019","childs":{"прием":{"_level":1,"parentID":"2ebd2f6b-fc3a-49dd-a48e-36d3071c6019","firstParentID":"12049f80-ee0b-486d-b7b6-115ea78ddfd4","ID":"feeff3be-4fee-416a-ba6b-2b03a77c1210","childs":{"оперативное":{"_level":2,"parentID":"feeff3be-4fee-416a-ba6b-2b03a77c1210","firstParentID":"12049f80-ee0b-486d-b7b6-115ea78ddfd4","ID":"805bcef5-6568-4641-88ca-037a78489d03","childs":null,"emcosID":null,"emcosMLID":null,"WSName":"PS","rangeAddress":"$O$228:$O$264","headAddress":"$O$228","bodyAddress":"$O$229:$O$264","_name":"оперативное"}},"emcosID":null,"emcosMLID":null,"WSName":"PS","rangeAddress":"$O$227:$O$264","headAddress":"$O$227","bodyAddress":"$O$228:$O$264","_name":"прием"}},"emcosID":null,"emcosMLID":null,"WSName":"PS","rangeAddress":"$O$226:$O$264","headAddress":"$O$226","bodyAddress":"$O$227:$O$264","_name":"Потребление Жетысу Водоканал"},"DB":{"_level":0,"parentID":"12049f80-ee0b-486d-b7b6-115ea78ddfd4","firstParentID":"12049f80-ee0b-486d-b7b6-115ea78ddfd4","ID":"2936b494-a840-4b1d-b23b-cf735e08b384","childs":{"прием":{"_level":1,"parentID":"2936b494-a840-4b1d-b23b-cf735e08b384","firstParentID":"12049f80-ee0b-486d-b7b6-115ea78ddfd4","ID":"86727ce4-e01d-4281-9427-d58890ebcd92","childs":{"код":{"_level":2,"parentID":"86727ce4-e01d-4281-9427-d58890ebcd92","firstParentID":"12049f80-ee0b-486d-b7b6-115ea78ddfd4","ID":"9d088208-eaae-46f0-a5fa-b7bbc1c7c3dd","childs":null,"emcosID":null,"emcosMLID":null,"WSName":"DB","rangeAddress":"$CE$396:$CE$433","headAddress":"$CE$396","bodyAddress":"$CE$397:$CE$433","_name":"код"},"основное":{"_level":2,"parentID":"86727ce4-e01d-4281-9427-d58890ebcd92","firstParentID":"12049f80-ee0b-486d-b7b6-115ea78ddfd4","ID":"05e470f6-2867-40db-9d61-a964360fdbea","childs":null,"emcosID":null,"emcosMLID":null,"WSName":"DB","rangeAddress":"$CF$396:$CF$433","headAddress":"$CF$396","bodyAddress":"$CF$397:$CF$433","_name":"основное"},"корректировка факт":{"_level":2,"parentID":"86727ce4-e01d-4281-9427-d58890ebcd92","firstParentID":"12049f80-ee0b-486d-b7b6-115ea78ddfd4","ID":"d1e0f3d4-de05-4126-8fdf-b8ccdc3b6c4e","childs":null,"emcosID":null,"emcosMLID":null,"WSName":"DB","rangeAddress":"$CG$396:$CG$433","headAddress":"$CG$396","bodyAddress":"$CG$397:$CG$433","_name":"корректировка факт"},"ручное":{"_level":2,"parentID":"86727ce4-e01d-4281-9427-d58890ebcd92","firstParentID":"12049f80-ee0b-486d-b7b6-115ea78ddfd4","ID":"952a0ee0-476f-4417-bc54-94dc3a914d92","childs":null,"emcosID":null,"emcosMLID":null,"WSName":"DB","rangeAddress":"$CH$396:$CH$433","headAddress":"$CH$396","bodyAddress":"$CH$397:$CH$433","_name":"ручное"},"оперативное":{"_level":2,"parentID":"86727ce4-e01d-4281-9427-d58890ebcd92","firstParentID":"12049f80-ee0b-486d-b7b6-115ea78ddfd4","ID":"710db174-1c3b-44ac-be04-e70311b188cf","childs":null,"emcosID":null,"emcosMLID":null,"WSName":"DB","rangeAddress":"$CI$396:$CI$433","headAddress":"$CI$396","bodyAddress":"$CI$397:$CI$433","_name":"оперативное"}},"emcosID":null,"emcosMLID":null,"WSName":"DB","rangeAddress":"$CE$395:$CI$433","headAddress":"$CE$395:$CI$395","bodyAddress":"$CE$396:$CI$433","_name":"прием"}},"emcosID":null,"emcosMLID":null,"WSName":"DB","rangeAddress":"$CE$394:$CI$433","headAddress":"$CE$394:$CI$394","bodyAddress":"$CE$395:$CI$433","_name":"Потребление Жетысу Водоканал"}},"codPlan":null,"meterCoef":null,"_name":"Потребление Жетысу Водоканал"}