{"ID":"1f73b93b-287b-4722-af05-ca2f2434e5ea","childs":{"PS":{"_level":0,"parentID":"1f73b93b-287b-4722-af05-ca2f2434e5ea","firstParentID":"1f73b93b-287b-4722-af05-ca2f2434e5ea","ID":"26ba445d-97ff-41f8-acda-5f85f995cfa4","childs":{"прием":{"_level":1,"parentID":"26ba445d-97ff-41f8-acda-5f85f995cfa4","firstParentID":"1f73b93b-287b-4722-af05-ca2f2434e5ea","ID":"ed46f8ec-e67d-4641-8f12-2919209a013c","childs":{"ручное":{"_level":2,"parentID":"ed46f8ec-e67d-4641-8f12-2919209a013c","firstParentID":"1f73b93b-287b-4722-af05-ca2f2434e5ea","ID":"930dc774-f946-4d24-b7ee-18a2eb47db28","childs":null,"emcosID":null,"emcosMLID":null,"WSName":"PS","rangeAddress":"$EK$99:$EK$135","headAddress":"$EK$99","bodyAddress":"$EK$100:$EK$135","_name":"ручное"}},"emcosID":null,"emcosMLID":null,"WSName":"PS","rangeAddress":"$EK$98:$EK$135","headAddress":"$EK$98","bodyAddress":"$EK$99:$EK$135","_name":"прием"},"отдача":{"_level":1,"parentID":"26ba445d-97ff-41f8-acda-5f85f995cfa4","firstParentID":"1f73b93b-287b-4722-af05-ca2f2434e5ea","ID":"56bf5498-a2dd-4e8b-a900-08c24fd054aa","childs":{"ручное":{"_level":2,"parentID":"56bf5498-a2dd-4e8b-a900-08c24fd054aa","firstParentID":"1f73b93b-287b-4722-af05-ca2f2434e5ea","ID":"41bc225e-951e-41a2-b5a8-e9afccf6aaec","childs":null,"emcosID":null,"emcosMLID":null,"WSName":"PS","rangeAddress":"$EL$99:$EL$135","headAddress":"$EL$99","bodyAddress":"$EL$100:$EL$135","_name":"ручное"}},"emcosID":null,"emcosMLID":null,"WSName":"PS","rangeAddress":"$EL$98:$EL$135","headAddress":"$EL$98","bodyAddress":"$EL$99:$EL$135","_name":"отдача"}},"emcosID":null,"emcosMLID":null,"WSName":"PS","rangeAddress":"$EK$97:$EL$135","headAddress":"$EK$97:$EL$97","bodyAddress":"$EK$98:$EL$135","_name":"Л2183 Кемин"},"DB":{"_level":0,"parentID":"1f73b93b-287b-4722-af05-ca2f2434e5ea","firstParentID":"1f73b93b-287b-4722-af05-ca2f2434e5ea","ID":"48e6d74b-1e46-434d-aed4-09aa3bf1d1d1","childs":{"прием":{"_level":1,"parentID":"48e6d74b-1e46-434d-aed4-09aa3bf1d1d1","firstParentID":"1f73b93b-287b-4722-af05-ca2f2434e5ea","ID":"39292be3-1254-4003-b711-176c934f2a55","childs":{"код":{"_level":2,"parentID":"39292be3-1254-4003-b711-176c934f2a55","firstParentID":"1f73b93b-287b-4722-af05-ca2f2434e5ea","ID":"f98325c6-c55f-47b7-bbe9-94b64d882a9e","childs":null,"emcosID":null,"emcosMLID":null,"WSName":"DB","rangeAddress":"$CJ$95:$CJ$132","headAddress":"$CJ$95","bodyAddress":"$CJ$96:$CJ$132","_name":"код"},"основное":{"_level":2,"parentID":"39292be3-1254-4003-b711-176c934f2a55","firstParentID":"1f73b93b-287b-4722-af05-ca2f2434e5ea","ID":"01fefc8b-e142-4af5-b63f-2ff3c1d80dac","childs":null,"emcosID":null,"emcosMLID":null,"WSName":"DB","rangeAddress":"$CK$95:$CK$132","headAddress":"$CK$95","bodyAddress":"$CK$96:$CK$132","_name":"основное"},"корректировка факт":{"_level":2,"parentID":"39292be3-1254-4003-b711-176c934f2a55","firstParentID":"1f73b93b-287b-4722-af05-ca2f2434e5ea","ID":"b46865cd-84b7-4304-9c1e-5e53d14a4ead","childs":null,"emcosID":null,"emcosMLID":null,"WSName":"DB","rangeAddress":"$CL$95:$CL$132","headAddress":"$CL$95","bodyAddress":"$CL$96:$CL$132","_name":"корректировка факт"},"ручное":{"_level":2,"parentID":"39292be3-1254-4003-b711-176c934f2a55","firstParentID":"1f73b93b-287b-4722-af05-ca2f2434e5ea","ID":"fe14b96f-0670-4e6f-beb9-a6fb5d7e3f2d","childs":null,"emcosID":null,"emcosMLID":null,"WSName":"DB","rangeAddress":"$CM$95:$CM$132","headAddress":"$CM$95","bodyAddress":"$CM$96:$CM$132","_name":"ручное"}},"emcosID":null,"emcosMLID":null,"WSName":"DB","rangeAddress":"$CJ$94:$CM$132","headAddress":"$CJ$94:$CM$94","bodyAddress":"$CJ$95:$CM$132","_name":"прием"},"отдача":{"_level":1,"parentID":"48e6d74b-1e46-434d-aed4-09aa3bf1d1d1","firstParentID":"1f73b93b-287b-4722-af05-ca2f2434e5ea","ID":"41ccc3f9-f2da-4899-ab1f-87b3df4f99f7","childs":{"код":{"_level":2,"parentID":"41ccc3f9-f2da-4899-ab1f-87b3df4f99f7","firstParentID":"1f73b93b-287b-4722-af05-ca2f2434e5ea","ID":"3bf20725-a05e-49bf-8865-3c5ff8700c51","childs":null,"emcosID":null,"emcosMLID":null,"WSName":"DB","rangeAddress":"$CN$95:$CN$132","headAddress":"$CN$95","bodyAddress":"$CN$96:$CN$132","_name":"код"},"основное":{"_level":2,"parentID":"41ccc3f9-f2da-4899-ab1f-87b3df4f99f7","firstParentID":"1f73b93b-287b-4722-af05-ca2f2434e5ea","ID":"7e137e83-ce0a-426b-8a01-b0f44fb8a0c7","childs":null,"emcosID":null,"emcosMLID":null,"WSName":"DB","rangeAddress":"$CO$95:$CO$132","headAddress":"$CO$95","bodyAddress":"$CO$96:$CO$132","_name":"основное"},"корректировка факт":{"_level":2,"parentID":"41ccc3f9-f2da-4899-ab1f-87b3df4f99f7","firstParentID":"1f73b93b-287b-4722-af05-ca2f2434e5ea","ID":"5f40ee44-9752-4f84-b81d-e4208508e9d8","childs":null,"emcosID":null,"emcosMLID":null,"WSName":"DB","rangeAddress":"$CP$95:$CP$132","headAddress":"$CP$95","bodyAddress":"$CP$96:$CP$132","_name":"корректировка факт"},"ручное":{"_level":2,"parentID":"41ccc3f9-f2da-4899-ab1f-87b3df4f99f7","firstParentID":"1f73b93b-287b-4722-af05-ca2f2434e5ea","ID":"43136e48-a6f4-447f-8a60-b6e46b985fe1","childs":null,"emcosID":null,"emcosMLID":null,"WSName":"DB","rangeAddress":"$CQ$95:$CQ$132","headAddress":"$CQ$95","bodyAddress":"$CQ$96:$CQ$132","_name":"ручное"}},"emcosID":null,"emcosMLID":null,"WSName":"DB","rangeAddress":"$CN$94:$CQ$132","headAddress":"$CN$94:$CQ$94","bodyAddress":"$CN$95:$CQ$132","_name":"отдача"}},"emcosID":null,"emcosMLID":null,"WSName":"DB","rangeAddress":"$CJ$93:$CQ$132","headAddress":"$CJ$93:$CQ$93","bodyAddress":"$CJ$94:$CQ$132","_name":"Л2183 Кемин"}},"codPlan":null,"meterCoef":null,"_name":"Л2183 Кемин"}