{"ID":"2e431fb5-817c-449b-b51f-ac113abbe15d","childs":{"PS":{"_level":0,"parentID":"2e431fb5-817c-449b-b51f-ac113abbe15d","firstParentID":"2e431fb5-817c-449b-b51f-ac113abbe15d","ID":"7b61dd16-483a-4dcc-bcfe-43b167056b5b","childs":{"прием":{"_level":1,"parentID":"7b61dd16-483a-4dcc-bcfe-43b167056b5b","firstParentID":"2e431fb5-817c-449b-b51f-ac113abbe15d","ID":"0a43a4a0-3e07-46d8-9033-ff7f78e770d2","childs":{"по счетчику":{"_level":2,"parentID":"0a43a4a0-3e07-46d8-9033-ff7f78e770d2","firstParentID":"2e431fb5-817c-449b-b51f-ac113abbe15d","ID":"69086e0b-4451-4ffc-9a76-ff68ba96bd14","childs":null,"emcosID":null,"emcosMLID":null,"WSName":"PS","rangeAddress":"$AE$56:$AE$92","headAddress":"$AE$56","bodyAddress":"$AE$57:$AE$92","_name":"по счетчику"}},"emcosID":null,"emcosMLID":null,"WSName":"PS","rangeAddress":"$AE$55:$AE$92","headAddress":"$AE$55","bodyAddress":"$AE$56:$AE$92","_name":"прием"},"отдача":{"_level":1,"parentID":"7b61dd16-483a-4dcc-bcfe-43b167056b5b","firstParentID":"2e431fb5-817c-449b-b51f-ac113abbe15d","ID":"06df7b31-2ec5-43a9-8943-a6492a37873c","childs":{"по счетчику":{"_level":2,"parentID":"06df7b31-2ec5-43a9-8943-a6492a37873c","firstParentID":"2e431fb5-817c-449b-b51f-ac113abbe15d","ID":"585984cd-a2e0-4cb1-bcba-3bc98b63f483","childs":null,"emcosID":null,"emcosMLID":null,"WSName":"PS","rangeAddress":"$AF$56:$AF$92","headAddress":"$AF$56","bodyAddress":"$AF$57:$AF$92","_name":"по счетчику"}},"emcosID":null,"emcosMLID":null,"WSName":"PS","rangeAddress":"$AF$55:$AF$92","headAddress":"$AF$55","bodyAddress":"$AF$56:$AF$92","_name":"отдача"}},"emcosID":null,"emcosMLID":null,"WSName":"PS","rangeAddress":"$AE$54:$AF$92","headAddress":"$AE$54:$AF$54","bodyAddress":"$AE$55:$AF$92","_name":"Л2303 ЮКГРЭС"},"DB":{"_level":0,"parentID":"2e431fb5-817c-449b-b51f-ac113abbe15d","firstParentID":"2e431fb5-817c-449b-b51f-ac113abbe15d","ID":"3e412f2e-1a66-4289-a299-7ae2ced6a2d0","childs":{"прием":{"_level":1,"parentID":"3e412f2e-1a66-4289-a299-7ae2ced6a2d0","firstParentID":"2e431fb5-817c-449b-b51f-ac113abbe15d","ID":"91b0876f-5fae-4390-81ea-e2ba99f2f635","childs":{"код":{"_level":2,"parentID":"91b0876f-5fae-4390-81ea-e2ba99f2f635","firstParentID":"2e431fb5-817c-449b-b51f-ac113abbe15d","ID":"79aa5e01-7c72-440e-b36b-1dffb75b93ea","childs":null,"emcosID":null,"emcosMLID":null,"WSName":"DB","rangeAddress":"$IH$9:$IH$46","headAddress":"$IH$9","bodyAddress":"$IH$10:$IH$46","_name":"код"},"основное":{"_level":2,"parentID":"91b0876f-5fae-4390-81ea-e2ba99f2f635","firstParentID":"2e431fb5-817c-449b-b51f-ac113abbe15d","ID":"b81082de-a771-4e85-b371-c67fdaef4361","childs":null,"emcosID":null,"emcosMLID":null,"WSName":"DB","rangeAddress":"$II$9:$II$46","headAddress":"$II$9","bodyAddress":"$II$10:$II$46","_name":"основное"},"корректировка факт":{"_level":2,"parentID":"91b0876f-5fae-4390-81ea-e2ba99f2f635","firstParentID":"2e431fb5-817c-449b-b51f-ac113abbe15d","ID":"04d315dd-e474-4045-9dc4-32ea4f4e8754","childs":null,"emcosID":null,"emcosMLID":null,"WSName":"DB","rangeAddress":"$IJ$9:$IJ$46","headAddress":"$IJ$9","bodyAddress":"$IJ$10:$IJ$46","_name":"корректировка факт"},"ручное":{"_level":2,"parentID":"91b0876f-5fae-4390-81ea-e2ba99f2f635","firstParentID":"2e431fb5-817c-449b-b51f-ac113abbe15d","ID":"9b6e5874-4f5c-428c-b559-82f32954e9d4","childs":null,"emcosID":null,"emcosMLID":null,"WSName":"DB","rangeAddress":"$IK$9:$IK$46","headAddress":"$IK$9","bodyAddress":"$IK$10:$IK$46","_name":"ручное"},"счетчик":{"_level":2,"parentID":"91b0876f-5fae-4390-81ea-e2ba99f2f635","firstParentID":"2e431fb5-817c-449b-b51f-ac113abbe15d","ID":"a5cc7ddb-962c-4c0d-acf3-2d9bdeb2d839","childs":null,"emcosID":null,"emcosMLID":null,"WSName":"DB","rangeAddress":"$IL$9:$IL$46","headAddress":"$IL$9","bodyAddress":"$IL$10:$IL$46","_name":"счетчик"},"по счетчику":{"_level":2,"parentID":"91b0876f-5fae-4390-81ea-e2ba99f2f635","firstParentID":"2e431fb5-817c-449b-b51f-ac113abbe15d","ID":"76e5b609-af6f-41ce-819a-a518416ca834","childs":null,"emcosID":null,"emcosMLID":null,"WSName":"DB","rangeAddress":"$IM$9:$IM$46","headAddress":"$IM$9","bodyAddress":"$IM$10:$IM$46","_name":"по счетчику"}},"emcosID":null,"emcosMLID":null,"WSName":"DB","rangeAddress":"$IH$8:$IM$46","headAddress":"$IH$8:$IM$8","bodyAddress":"$IH$9:$IM$46","_name":"прием"},"отдача":{"_level":1,"parentID":"3e412f2e-1a66-4289-a299-7ae2ced6a2d0","firstParentID":"2e431fb5-817c-449b-b51f-ac113abbe15d","ID":"3ebd3bb5-8b60-44ce-863e-30ce5b098f8f","childs":{"код":{"_level":2,"parentID":"3ebd3bb5-8b60-44ce-863e-30ce5b098f8f","firstParentID":"2e431fb5-817c-449b-b51f-ac113abbe15d","ID":"361c42b8-cc65-482a-aff5-50346c7311b1","childs":null,"emcosID":null,"emcosMLID":null,"WSName":"DB","rangeAddress":"$IN$9:$IN$46","headAddress":"$IN$9","bodyAddress":"$IN$10:$IN$46","_name":"код"},"основное":{"_level":2,"parentID":"3ebd3bb5-8b60-44ce-863e-30ce5b098f8f","firstParentID":"2e431fb5-817c-449b-b51f-ac113abbe15d","ID":"a12a6df2-f439-41f0-bcd0-1154e9d88d27","childs":null,"emcosID":null,"emcosMLID":null,"WSName":"DB","rangeAddress":"$IO$9:$IO$46","headAddress":"$IO$9","bodyAddress":"$IO$10:$IO$46","_name":"основное"},"корректировка факт":{"_level":2,"parentID":"3ebd3bb5-8b60-44ce-863e-30ce5b098f8f","firstParentID":"2e431fb5-817c-449b-b51f-ac113abbe15d","ID":"3be598aa-93fb-4162-ae71-56c20ebb80ca","childs":null,"emcosID":null,"emcosMLID":null,"WSName":"DB","rangeAddress":"$IP$9:$IP$46","headAddress":"$IP$9","bodyAddress":"$IP$10:$IP$46","_name":"корректировка факт"},"ручное":{"_level":2,"parentID":"3ebd3bb5-8b60-44ce-863e-30ce5b098f8f","firstParentID":"2e431fb5-817c-449b-b51f-ac113abbe15d","ID":"c429b7e4-6643-4466-9434-b8891ec05c30","childs":null,"emcosID":null,"emcosMLID":null,"WSName":"DB","rangeAddress":"$IQ$9:$IQ$46","headAddress":"$IQ$9","bodyAddress":"$IQ$10:$IQ$46","_name":"ручное"},"счетчик":{"_level":2,"parentID":"3ebd3bb5-8b60-44ce-863e-30ce5b098f8f","firstParentID":"2e431fb5-817c-449b-b51f-ac113abbe15d","ID":"39829907-6ac4-405a-883b-a1b365b34a24","childs":null,"emcosID":null,"emcosMLID":null,"WSName":"DB","rangeAddress":"$IR$9:$IR$46","headAddress":"$IR$9","bodyAddress":"$IR$10:$IR$46","_name":"счетчик"},"по счетчику":{"_level":2,"parentID":"3ebd3bb5-8b60-44ce-863e-30ce5b098f8f","firstParentID":"2e431fb5-817c-449b-b51f-ac113abbe15d","ID":"f34d3ddb-030b-4a75-a860-93381de41103","childs":null,"emcosID":null,"emcosMLID":null,"WSName":"DB","rangeAddress":"$IS$9:$IS$46","headAddress":"$IS$9","bodyAddress":"$IS$10:$IS$46","_name":"по счетчику"}},"emcosID":null,"emcosMLID":null,"WSName":"DB","rangeAddress":"$IN$8:$IS$46","headAddress":"$IN$8:$IS$8","bodyAddress":"$IN$9:$IS$46","_name":"отдача"}},"emcosID":null,"emcosMLID":null,"WSName":"DB","rangeAddress":"$IH$7:$IS$46","headAddress":"$IH$7:$IS$7","bodyAddress":"$IH$8:$IS$46","_name":"Л2303 ЮКГРЭС"}},"codPlan":null,"meterCoef":null,"_name":"Л2303 ЮКГРЭС"}