{"ID":"3ade63a5-d13d-4513-8ee2-3c996fc04809","childs":{"PS":{"_level":0,"parentID":"3ade63a5-d13d-4513-8ee2-3c996fc04809","firstParentID":"3ade63a5-d13d-4513-8ee2-3c996fc04809","ID":"9a872e41-3a0c-40a6-93aa-da17531acff5","childs":{"прием":{"_level":1,"parentID":"9a872e41-3a0c-40a6-93aa-da17531acff5","firstParentID":"3ade63a5-d13d-4513-8ee2-3c996fc04809","ID":"9cc3d1a1-3ff2-4752-8a78-9236f69efedf","childs":{"формула":{"_level":2,"parentID":"9cc3d1a1-3ff2-4752-8a78-9236f69efedf","firstParentID":"3ade63a5-d13d-4513-8ee2-3c996fc04809","ID":"c1fe94e1-2013-4e97-bb27-0996da8f9b57","childs":null,"emcosID":null,"emcosMLID":null,"WSName":"PS","rangeAddress":"$E$13:$E$49","headAddress":"$E$13","bodyAddress":"$E$14:$E$49","_name":"формула"}},"emcosID":null,"emcosMLID":null,"WSName":"PS","rangeAddress":"$E$12:$E$49","headAddress":"$E$12","bodyAddress":"$E$13:$E$49","_name":"прием"}},"emcosID":null,"emcosMLID":null,"WSName":"PS","rangeAddress":"$E$11:$E$49","headAddress":"$E$11","bodyAddress":"$E$12:$E$49","_name":"Потребление Жетысуского Энергоузла Общее"},"DB":{"_level":0,"parentID":"3ade63a5-d13d-4513-8ee2-3c996fc04809","firstParentID":"3ade63a5-d13d-4513-8ee2-3c996fc04809","ID":"fa2529d1-8a64-4591-83d5-16f36b85fe29","childs":{"прием":{"_level":1,"parentID":"fa2529d1-8a64-4591-83d5-16f36b85fe29","firstParentID":"3ade63a5-d13d-4513-8ee2-3c996fc04809","ID":"f2fc0d86-310c-49e4-90ed-588e06423488","childs":{"код":{"_level":2,"parentID":"f2fc0d86-310c-49e4-90ed-588e06423488","firstParentID":"3ade63a5-d13d-4513-8ee2-3c996fc04809","ID":"877b38f5-ea16-40f3-8802-8315d31cbc8c","childs":null,"emcosID":null,"emcosMLID":null,"WSName":"DB","rangeAddress":"$EF$138:$EF$175","headAddress":"$EF$138","bodyAddress":"$EF$139:$EF$175","_name":"код"},"основное":{"_level":2,"parentID":"f2fc0d86-310c-49e4-90ed-588e06423488","firstParentID":"3ade63a5-d13d-4513-8ee2-3c996fc04809","ID":"3528f213-2395-45f4-bed4-27badf442c23","childs":null,"emcosID":null,"emcosMLID":null,"WSName":"DB","rangeAddress":"$EG$138:$EG$175","headAddress":"$EG$138","bodyAddress":"$EG$139:$EG$175","_name":"основное"},"корректировка факт":{"_level":2,"parentID":"f2fc0d86-310c-49e4-90ed-588e06423488","firstParentID":"3ade63a5-d13d-4513-8ee2-3c996fc04809","ID":"cba7a376-694c-4f2f-a27d-d870919bd7d3","childs":null,"emcosID":null,"emcosMLID":null,"WSName":"DB","rangeAddress":"$EH$138:$EH$175","headAddress":"$EH$138","bodyAddress":"$EH$139:$EH$175","_name":"корректировка факт"},"ручное":{"_level":2,"parentID":"f2fc0d86-310c-49e4-90ed-588e06423488","firstParentID":"3ade63a5-d13d-4513-8ee2-3c996fc04809","ID":"c7b62460-474b-448a-93a7-4c7a77eb016a","childs":null,"emcosID":null,"emcosMLID":null,"WSName":"DB","rangeAddress":"$EI$138:$EI$175","headAddress":"$EI$138","bodyAddress":"$EI$139:$EI$175","_name":"ручное"},"формула":{"_level":2,"parentID":"f2fc0d86-310c-49e4-90ed-588e06423488","firstParentID":"3ade63a5-d13d-4513-8ee2-3c996fc04809","ID":"270c0de1-7539-451f-9883-8a1fca2cd6a6","childs":null,"emcosID":null,"emcosMLID":null,"WSName":"DB","rangeAddress":"$EJ$138:$EJ$175","headAddress":"$EJ$138","bodyAddress":"$EJ$139:$EJ$175","_name":"формула"}},"emcosID":null,"emcosMLID":null,"WSName":"DB","rangeAddress":"$EF$137:$EJ$175","headAddress":"$EF$137:$EJ$137","bodyAddress":"$EF$138:$EJ$175","_name":"прием"}},"emcosID":null,"emcosMLID":null,"WSName":"DB","rangeAddress":"$EF$136:$EJ$175","headAddress":"$EF$136:$EJ$136","bodyAddress":"$EF$137:$EJ$175","_name":"Потребление Жетысуского Энергоузла Общее"}},"codPlan":null,"meterCoef":null,"_name":"Потребление Жетысуского Энергоузла Общее"}