{"ID":"8c2a37cb-79b3-45aa-a4e0-bec86c19dd65","childs":{"PS":{"_level":0,"parentID":"8c2a37cb-79b3-45aa-a4e0-bec86c19dd65","firstParentID":"8c2a37cb-79b3-45aa-a4e0-bec86c19dd65","ID":"65253d0d-1b9a-4351-8982-eed48b0c1dcc","childs":{"прием":{"_level":1,"parentID":"65253d0d-1b9a-4351-8982-eed48b0c1dcc","firstParentID":"8c2a37cb-79b3-45aa-a4e0-bec86c19dd65","ID":"9d50bad8-98b1-46ec-8244-d96db1053cd0","childs":{"по счетчику":{"_level":2,"parentID":"9d50bad8-98b1-46ec-8244-d96db1053cd0","firstParentID":"8c2a37cb-79b3-45aa-a4e0-bec86c19dd65","ID":"77aaf216-c865-47e1-b8e2-f6033d5b2390","childs":null,"emcosID":null,"emcosMLID":null,"WSName":"PS","rangeAddress":"$BT$56:$BT$92","headAddress":"$BT$56","bodyAddress":"$BT$57:$BT$92","_name":"по счетчику"}},"emcosID":null,"emcosMLID":null,"WSName":"PS","rangeAddress":"$BT$55:$BT$92","headAddress":"$BT$55","bodyAddress":"$BT$56:$BT$92","_name":"прием"},"отдача":{"_level":1,"parentID":"65253d0d-1b9a-4351-8982-eed48b0c1dcc","firstParentID":"8c2a37cb-79b3-45aa-a4e0-bec86c19dd65","ID":"15e8e143-6de8-4135-9c14-5c1e1ec0eedd","childs":{"по счетчику":{"_level":2,"parentID":"15e8e143-6de8-4135-9c14-5c1e1ec0eedd","firstParentID":"8c2a37cb-79b3-45aa-a4e0-bec86c19dd65","ID":"a70b7d10-d913-4da0-a4b8-e24cbc4f28a0","childs":null,"emcosID":null,"emcosMLID":null,"WSName":"PS","rangeAddress":"$BU$56:$BU$92","headAddress":"$BU$56","bodyAddress":"$BU$57:$BU$92","_name":"по счетчику"}},"emcosID":null,"emcosMLID":null,"WSName":"PS","rangeAddress":"$BU$55:$BU$92","headAddress":"$BU$55","bodyAddress":"$BU$56:$BU$92","_name":"отдача"}},"emcosID":null,"emcosMLID":null,"WSName":"PS","rangeAddress":"$BT$54:$BU$92","headAddress":"$BT$54:$BU$54","bodyAddress":"$BT$55:$BU$92","_name":"Л5313 Алматы"},"DB":{"_level":0,"parentID":"8c2a37cb-79b3-45aa-a4e0-bec86c19dd65","firstParentID":"8c2a37cb-79b3-45aa-a4e0-bec86c19dd65","ID":"f2e0bb60-220e-4f97-aee4-1e88a2536a60","childs":{"прием":{"_level":1,"parentID":"f2e0bb60-220e-4f97-aee4-1e88a2536a60","firstParentID":"8c2a37cb-79b3-45aa-a4e0-bec86c19dd65","ID":"719ea1c0-cd9a-4b00-a8c8-ee020a252616","childs":{"код":{"_level":2,"parentID":"719ea1c0-cd9a-4b00-a8c8-ee020a252616","firstParentID":"8c2a37cb-79b3-45aa-a4e0-bec86c19dd65","ID":"941dbc75-9d34-4746-8420-53b13dc2b148","childs":null,"emcosID":null,"emcosMLID":null,"WSName":"DB","rangeAddress":"$CL$9:$CL$46","headAddress":"$CL$9","bodyAddress":"$CL$10:$CL$46","_name":"код"},"основное":{"_level":2,"parentID":"719ea1c0-cd9a-4b00-a8c8-ee020a252616","firstParentID":"8c2a37cb-79b3-45aa-a4e0-bec86c19dd65","ID":"8b0ec37c-d49b-436e-aa19-860553a42831","childs":null,"emcosID":null,"emcosMLID":null,"WSName":"DB","rangeAddress":"$CM$9:$CM$46","headAddress":"$CM$9","bodyAddress":"$CM$10:$CM$46","_name":"основное"},"корректировка факт":{"_level":2,"parentID":"719ea1c0-cd9a-4b00-a8c8-ee020a252616","firstParentID":"8c2a37cb-79b3-45aa-a4e0-bec86c19dd65","ID":"c836d34c-2293-4aa7-b5d4-b3a88307fe13","childs":null,"emcosID":null,"emcosMLID":null,"WSName":"DB","rangeAddress":"$CN$9:$CN$46","headAddress":"$CN$9","bodyAddress":"$CN$10:$CN$46","_name":"корректировка факт"},"ручное":{"_level":2,"parentID":"719ea1c0-cd9a-4b00-a8c8-ee020a252616","firstParentID":"8c2a37cb-79b3-45aa-a4e0-bec86c19dd65","ID":"19a71e7b-85f4-4426-92cd-1ba33a60cd8c","childs":null,"emcosID":null,"emcosMLID":null,"WSName":"DB","rangeAddress":"$CO$9:$CO$46","headAddress":"$CO$9","bodyAddress":"$CO$10:$CO$46","_name":"ручное"},"счетчик":{"_level":2,"parentID":"719ea1c0-cd9a-4b00-a8c8-ee020a252616","firstParentID":"8c2a37cb-79b3-45aa-a4e0-bec86c19dd65","ID":"dcf0aaaf-8daa-4d8a-980e-587e4c0c0f8f","childs":null,"emcosID":null,"emcosMLID":null,"WSName":"DB","rangeAddress":"$CP$9:$CP$46","headAddress":"$CP$9","bodyAddress":"$CP$10:$CP$46","_name":"счетчик"},"по счетчику":{"_level":2,"parentID":"719ea1c0-cd9a-4b00-a8c8-ee020a252616","firstParentID":"8c2a37cb-79b3-45aa-a4e0-bec86c19dd65","ID":"ee99e732-07b4-42ca-b50c-606c25d91227","childs":null,"emcosID":null,"emcosMLID":null,"WSName":"DB","rangeAddress":"$CQ$9:$CQ$46","headAddress":"$CQ$9","bodyAddress":"$CQ$10:$CQ$46","_name":"по счетчику"}},"emcosID":null,"emcosMLID":null,"WSName":"DB","rangeAddress":"$CL$8:$CQ$46","headAddress":"$CL$8:$CQ$8","bodyAddress":"$CL$9:$CQ$46","_name":"прием"},"отдача":{"_level":1,"parentID":"f2e0bb60-220e-4f97-aee4-1e88a2536a60","firstParentID":"8c2a37cb-79b3-45aa-a4e0-bec86c19dd65","ID":"46351b88-d59e-44b0-88c9-69aff731effd","childs":{"код":{"_level":2,"parentID":"46351b88-d59e-44b0-88c9-69aff731effd","firstParentID":"8c2a37cb-79b3-45aa-a4e0-bec86c19dd65","ID":"3cdbef80-7bf9-4c1a-99fb-434f56eb2235","childs":null,"emcosID":null,"emcosMLID":null,"WSName":"DB","rangeAddress":"$CR$9:$CR$46","headAddress":"$CR$9","bodyAddress":"$CR$10:$CR$46","_name":"код"},"основное":{"_level":2,"parentID":"46351b88-d59e-44b0-88c9-69aff731effd","firstParentID":"8c2a37cb-79b3-45aa-a4e0-bec86c19dd65","ID":"64575dde-53bc-4bda-a634-5eef9bcd6631","childs":null,"emcosID":null,"emcosMLID":null,"WSName":"DB","rangeAddress":"$CS$9:$CS$46","headAddress":"$CS$9","bodyAddress":"$CS$10:$CS$46","_name":"основное"},"корректировка факт":{"_level":2,"parentID":"46351b88-d59e-44b0-88c9-69aff731effd","firstParentID":"8c2a37cb-79b3-45aa-a4e0-bec86c19dd65","ID":"d4de3e50-b95e-4742-99bb-32a73374638e","childs":null,"emcosID":null,"emcosMLID":null,"WSName":"DB","rangeAddress":"$CT$9:$CT$46","headAddress":"$CT$9","bodyAddress":"$CT$10:$CT$46","_name":"корректировка факт"},"ручное":{"_level":2,"parentID":"46351b88-d59e-44b0-88c9-69aff731effd","firstParentID":"8c2a37cb-79b3-45aa-a4e0-bec86c19dd65","ID":"d99e5254-23e9-41e8-8683-b55ecb89598e","childs":null,"emcosID":null,"emcosMLID":null,"WSName":"DB","rangeAddress":"$CU$9:$CU$46","headAddress":"$CU$9","bodyAddress":"$CU$10:$CU$46","_name":"ручное"},"счетчик":{"_level":2,"parentID":"46351b88-d59e-44b0-88c9-69aff731effd","firstParentID":"8c2a37cb-79b3-45aa-a4e0-bec86c19dd65","ID":"94cc0241-734a-4901-b981-6ae9e64d3b51","childs":null,"emcosID":null,"emcosMLID":null,"WSName":"DB","rangeAddress":"$CV$9:$CV$46","headAddress":"$CV$9","bodyAddress":"$CV$10:$CV$46","_name":"счетчик"},"по счетчику":{"_level":2,"parentID":"46351b88-d59e-44b0-88c9-69aff731effd","firstParentID":"8c2a37cb-79b3-45aa-a4e0-bec86c19dd65","ID":"6ba2b582-7c0c-4fb8-99a3-f218924798e1","childs":null,"emcosID":null,"emcosMLID":null,"WSName":"DB","rangeAddress":"$CW$9:$CW$46","headAddress":"$CW$9","bodyAddress":"$CW$10:$CW$46","_name":"по счетчику"}},"emcosID":null,"emcosMLID":null,"WSName":"DB","rangeAddress":"$CR$8:$CW$46","headAddress":"$CR$8:$CW$8","bodyAddress":"$CR$9:$CW$46","_name":"отдача"}},"emcosID":null,"emcosMLID":null,"WSName":"DB","rangeAddress":"$CL$7:$CW$46","headAddress":"$CL$7:$CW$7","bodyAddress":"$CL$8:$CW$46","_name":"Л5313 Алматы"}},"codPlan":null,"meterCoef":null,"_name":"Л5313 Алматы"}