{"ID":"d6d5bbe2-d126-4a59-8bbd-79754ee11491","childs":{"PS":{"_level":0,"parentID":"d6d5bbe2-d126-4a59-8bbd-79754ee11491","firstParentID":"d6d5bbe2-d126-4a59-8bbd-79754ee11491","ID":"2d444e8a-1c6a-4640-a11d-82521ed46fde","childs":{"прием":{"_level":1,"parentID":"2d444e8a-1c6a-4640-a11d-82521ed46fde","firstParentID":"d6d5bbe2-d126-4a59-8bbd-79754ee11491","ID":"1bb4bdee-5f29-45c3-bc21-ec8e37d92248","childs":{"ручное":{"_level":2,"parentID":"1bb4bdee-5f29-45c3-bc21-ec8e37d92248","firstParentID":"d6d5bbe2-d126-4a59-8bbd-79754ee11491","ID":"86258b15-1ff8-47bf-8740-21e72dbdf5c5","childs":null,"emcosID":null,"emcosMLID":null,"WSName":"PS","rangeAddress":"$Y$228:$Y$264","headAddress":"$Y$228","bodyAddress":"$Y$229:$Y$264","_name":"ручное"}},"emcosID":null,"emcosMLID":null,"WSName":"PS","rangeAddress":"$Y$227:$Y$264","headAddress":"$Y$227","bodyAddress":"$Y$228:$Y$264","_name":"прием"}},"emcosID":null,"emcosMLID":null,"WSName":"PS","rangeAddress":"$Y$226:$Y$264","headAddress":"$Y$226","bodyAddress":"$Y$227:$Y$264","_name":"с.н. Текелиский ТЭЦ2 ТТЭЦ2"},"DB":{"_level":0,"parentID":"d6d5bbe2-d126-4a59-8bbd-79754ee11491","firstParentID":"d6d5bbe2-d126-4a59-8bbd-79754ee11491","ID":"64206140-8e1d-4953-925c-3dd3f5d6d01f","childs":{"прием":{"_level":1,"parentID":"64206140-8e1d-4953-925c-3dd3f5d6d01f","firstParentID":"d6d5bbe2-d126-4a59-8bbd-79754ee11491","ID":"507591f7-333b-47f1-a2f2-c4a52c118b6e","childs":{"код":{"_level":2,"parentID":"507591f7-333b-47f1-a2f2-c4a52c118b6e","firstParentID":"d6d5bbe2-d126-4a59-8bbd-79754ee11491","ID":"835cbbbd-56a5-46de-9ad8-07ad4f7e7012","childs":null,"emcosID":null,"emcosMLID":null,"WSName":"DB","rangeAddress":"$FL$224:$FL$261","headAddress":"$FL$224","bodyAddress":"$FL$225:$FL$261","_name":"код"},"основное":{"_level":2,"parentID":"507591f7-333b-47f1-a2f2-c4a52c118b6e","firstParentID":"d6d5bbe2-d126-4a59-8bbd-79754ee11491","ID":"742e9cbb-2bde-4df9-af26-749113c7bee7","childs":null,"emcosID":null,"emcosMLID":null,"WSName":"DB","rangeAddress":"$FM$224:$FM$261","headAddress":"$FM$224","bodyAddress":"$FM$225:$FM$261","_name":"основное"},"корректировка факт":{"_level":2,"parentID":"507591f7-333b-47f1-a2f2-c4a52c118b6e","firstParentID":"d6d5bbe2-d126-4a59-8bbd-79754ee11491","ID":"193f8512-de26-4a96-8db3-710cf637dddf","childs":null,"emcosID":null,"emcosMLID":null,"WSName":"DB","rangeAddress":"$FN$224:$FN$261","headAddress":"$FN$224","bodyAddress":"$FN$225:$FN$261","_name":"корректировка факт"},"ручное":{"_level":2,"parentID":"507591f7-333b-47f1-a2f2-c4a52c118b6e","firstParentID":"d6d5bbe2-d126-4a59-8bbd-79754ee11491","ID":"1b6db25d-7933-4884-bdbe-9bd63a3d4f74","childs":null,"emcosID":null,"emcosMLID":null,"WSName":"DB","rangeAddress":"$FO$224:$FO$261","headAddress":"$FO$224","bodyAddress":"$FO$225:$FO$261","_name":"ручное"}},"emcosID":null,"emcosMLID":null,"WSName":"DB","rangeAddress":"$FL$223:$FO$261","headAddress":"$FL$223:$FO$223","bodyAddress":"$FL$224:$FO$261","_name":"прием"}},"emcosID":null,"emcosMLID":null,"WSName":"DB","rangeAddress":"$FL$222:$FO$261","headAddress":"$FL$222:$FO$222","bodyAddress":"$FL$223:$FO$261","_name":"с.н. Текелиский ТЭЦ2 ТТЭЦ2"}},"codPlan":null,"meterCoef":null,"_name":"с.н. Текелиский ТЭЦ2 ТТЭЦ2"}