{"ID":"1d0babc9-de3a-4d3a-aaee-70dfc34600f4","childs":{"PS":{"_level":0,"parentID":"1d0babc9-de3a-4d3a-aaee-70dfc34600f4","firstParentID":"1d0babc9-de3a-4d3a-aaee-70dfc34600f4","ID":"8fa47954-332f-459a-bd9b-019eea26dd31","childs":{"прием":{"_level":1,"parentID":"8fa47954-332f-459a-bd9b-019eea26dd31","firstParentID":"1d0babc9-de3a-4d3a-aaee-70dfc34600f4","ID":"4a951e22-6dbb-4bf0-b934-b1099de5b434","childs":{"ручное":{"_level":2,"parentID":"4a951e22-6dbb-4bf0-b934-b1099de5b434","firstParentID":"1d0babc9-de3a-4d3a-aaee-70dfc34600f4","ID":"db1861fc-5e83-41b5-be40-b6fdf5879e41","childs":null,"emcosID":null,"emcosMLID":null,"codMaketTEP":null,"codTEP":null,"WSName":"PS","rangeAddress":"$HS$99:$HS$135","headAddress":"$HS$99","bodyAddress":"$HS$100:$HS$135","_name":"ручное"}},"emcosID":null,"emcosMLID":null,"codMaketTEP":null,"codTEP":null,"WSName":"PS","rangeAddress":"$HS$98:$HS$135","headAddress":"$HS$98","bodyAddress":"$HS$99:$HS$135","_name":"прием"},"отдача":{"_level":1,"parentID":"8fa47954-332f-459a-bd9b-019eea26dd31","firstParentID":"1d0babc9-de3a-4d3a-aaee-70dfc34600f4","ID":"450007f9-3fbc-489d-a608-8a80d25b2f93","childs":{"ручное":{"_level":2,"parentID":"450007f9-3fbc-489d-a608-8a80d25b2f93","firstParentID":"1d0babc9-de3a-4d3a-aaee-70dfc34600f4","ID":"761a19bf-afb9-44d2-8405-e1c6f72fd5aa","childs":null,"emcosID":null,"emcosMLID":null,"codMaketTEP":null,"codTEP":null,"WSName":"PS","rangeAddress":"$HT$99:$HT$135","headAddress":"$HT$99","bodyAddress":"$HT$100:$HT$135","_name":"ручное"}},"emcosID":null,"emcosMLID":null,"codMaketTEP":null,"codTEP":null,"WSName":"PS","rangeAddress":"$HT$98:$HT$135","headAddress":"$HT$98","bodyAddress":"$HT$99:$HT$135","_name":"отдача"}},"emcosID":null,"emcosMLID":null,"codMaketTEP":null,"codTEP":null,"WSName":"PS","rangeAddress":"$HS$97:$HT$135","headAddress":"$HS$97:$HT$97","bodyAddress":"$HS$98:$HT$135","_name":"Л2463 Робот 143А"},"DB":{"_level":0,"parentID":"1d0babc9-de3a-4d3a-aaee-70dfc34600f4","firstParentID":"1d0babc9-de3a-4d3a-aaee-70dfc34600f4","ID":"a871486c-c28a-4167-9695-c07b9970518a","childs":{"прием":{"_level":1,"parentID":"a871486c-c28a-4167-9695-c07b9970518a","firstParentID":"1d0babc9-de3a-4d3a-aaee-70dfc34600f4","ID":"58815745-aea4-4108-945e-690211d91960","childs":{"код":{"_level":2,"parentID":"58815745-aea4-4108-945e-690211d91960","firstParentID":"1d0babc9-de3a-4d3a-aaee-70dfc34600f4","ID":"6368a4c1-78d1-41b8-abd9-2c1148712b7d","childs":null,"emcosID":null,"emcosMLID":null,"codMaketTEP":null,"codTEP":null,"WSName":"DB","rangeAddress":"$DG$95:$DG$132","headAddress":"$DG$95","bodyAddress":"$DG$96:$DG$132","_name":"код"},"основное":{"_level":2,"parentID":"58815745-aea4-4108-945e-690211d91960","firstParentID":"1d0babc9-de3a-4d3a-aaee-70dfc34600f4","ID":"90f256f6-5b1c-49ff-b85b-6d306530a356","childs":null,"emcosID":null,"emcosMLID":null,"codMaketTEP":null,"codTEP":null,"WSName":"DB","rangeAddress":"$DH$95:$DH$132","headAddress":"$DH$95","bodyAddress":"$DH$96:$DH$132","_name":"основное"},"корректировка факт":{"_level":2,"parentID":"58815745-aea4-4108-945e-690211d91960","firstParentID":"1d0babc9-de3a-4d3a-aaee-70dfc34600f4","ID":"b9d218e5-b039-436f-b2ee-51bd79680395","childs":null,"emcosID":null,"emcosMLID":null,"codMaketTEP":null,"codTEP":null,"WSName":"DB","rangeAddress":"$DI$95:$DI$132","headAddress":"$DI$95","bodyAddress":"$DI$96:$DI$132","_name":"корректировка факт"},"ручное":{"_level":2,"parentID":"58815745-aea4-4108-945e-690211d91960","firstParentID":"1d0babc9-de3a-4d3a-aaee-70dfc34600f4","ID":"708e0479-81d7-44d6-b582-84295e3fe763","childs":null,"emcosID":null,"emcosMLID":null,"codMaketTEP":null,"codTEP":null,"WSName":"DB","rangeAddress":"$DJ$95:$DJ$132","headAddress":"$DJ$95","bodyAddress":"$DJ$96:$DJ$132","_name":"ручное"}},"emcosID":null,"emcosMLID":null,"codMaketTEP":null,"codTEP":null,"WSName":"DB","rangeAddress":"$DG$94:$DJ$132","headAddress":"$DG$94:$DJ$94","bodyAddress":"$DG$95:$DJ$132","_name":"прием"},"отдача":{"_level":1,"parentID":"a871486c-c28a-4167-9695-c07b9970518a","firstParentID":"1d0babc9-de3a-4d3a-aaee-70dfc34600f4","ID":"9ca7c861-aa46-4760-ae12-6fcfe0c71d55","childs":{"код":{"_level":2,"parentID":"9ca7c861-aa46-4760-ae12-6fcfe0c71d55","firstParentID":"1d0babc9-de3a-4d3a-aaee-70dfc34600f4","ID":"2cfd8d0f-7f92-4ac1-a2f2-b3a21612cc2f","childs":null,"emcosID":null,"emcosMLID":null,"codMaketTEP":null,"codTEP":null,"WSName":"DB","rangeAddress":"$DK$95:$DK$132","headAddress":"$DK$95","bodyAddress":"$DK$96:$DK$132","_name":"код"},"основное":{"_level":2,"parentID":"9ca7c861-aa46-4760-ae12-6fcfe0c71d55","firstParentID":"1d0babc9-de3a-4d3a-aaee-70dfc34600f4","ID":"5fdc7991-3aeb-4e66-a5f9-42ccaad9a9bf","childs":null,"emcosID":null,"emcosMLID":null,"codMaketTEP":null,"codTEP":null,"WSName":"DB","rangeAddress":"$DL$95:$DL$132","headAddress":"$DL$95","bodyAddress":"$DL$96:$DL$132","_name":"основное"},"корректировка факт":{"_level":2,"parentID":"9ca7c861-aa46-4760-ae12-6fcfe0c71d55","firstParentID":"1d0babc9-de3a-4d3a-aaee-70dfc34600f4","ID":"1bee3311-a5b9-49b5-88c7-f29daa784fc2","childs":null,"emcosID":null,"emcosMLID":null,"codMaketTEP":null,"codTEP":null,"WSName":"DB","rangeAddress":"$DM$95:$DM$132","headAddress":"$DM$95","bodyAddress":"$DM$96:$DM$132","_name":"корректировка факт"},"ручное":{"_level":2,"parentID":"9ca7c861-aa46-4760-ae12-6fcfe0c71d55","firstParentID":"1d0babc9-de3a-4d3a-aaee-70dfc34600f4","ID":"3e9b093c-7e7d-4de6-8b8d-7b7d6df6c21d","childs":null,"emcosID":null,"emcosMLID":null,"codMaketTEP":null,"codTEP":null,"WSName":"DB","rangeAddress":"$DN$95:$DN$132","headAddress":"$DN$95","bodyAddress":"$DN$96:$DN$132","_name":"ручное"}},"emcosID":null,"emcosMLID":null,"codMaketTEP":null,"codTEP":null,"WSName":"DB","rangeAddress":"$DK$94:$DN$132","headAddress":"$DK$94:$DN$94","bodyAddress":"$DK$95:$DN$132","_name":"отдача"}},"emcosID":null,"emcosMLID":null,"codMaketTEP":null,"codTEP":null,"WSName":"DB","rangeAddress":"$DG$93:$DN$132","headAddress":"$DG$93:$DN$93","bodyAddress":"$DG$94:$DN$132","_name":"Л2463 Робот 143А"}},"codPlan":null,"meterCoef":null,"_name":"Л2463 Робот 143А"}