{"ID":"5eed827c-c505-478a-a27d-11fa833eb8fa","childs":{"PS":{"_level":0,"parentID":"5eed827c-c505-478a-a27d-11fa833eb8fa","firstParentID":"5eed827c-c505-478a-a27d-11fa833eb8fa","ID":"5328d03b-c5f7-4755-ae02-b46a82c37c7c","childs":{"прием":{"_level":1,"parentID":"5328d03b-c5f7-4755-ae02-b46a82c37c7c","firstParentID":"5eed827c-c505-478a-a27d-11fa833eb8fa","ID":"81440d03-2b38-4c87-8b3e-ad38e139b4bb","childs":{"по счетчику":{"_level":2,"parentID":"81440d03-2b38-4c87-8b3e-ad38e139b4bb","firstParentID":"5eed827c-c505-478a-a27d-11fa833eb8fa","ID":"6e584855-7074-4918-8877-5337e30b2c2a","childs":null,"emcosID":null,"emcosMLID":null,"codMaketTEP":null,"codTEP":null,"WSName":"PS","rangeAddress":"$EI$99:$EI$135","headAddress":"$EI$99","bodyAddress":"$EI$100:$EI$135","_name":"по счетчику"},"СЧЕТЧИК":{"_level":2,"parentID":"81440d03-2b38-4c87-8b3e-ad38e139b4bb","firstParentID":"5eed827c-c505-478a-a27d-11fa833eb8fa","ID":"cda01c66-d70c-4a96-9f44-77c9731b3eb6","childs":null,"emcosID":null,"emcosMLID":null,"codMaketTEP":null,"codTEP":null,"WSName":"PS","rangeAddress":"$EJ$99:$EJ$135","headAddress":"$EJ$99","bodyAddress":"$EJ$100:$EJ$135","_name":"СЧЕТЧИК"}},"emcosID":null,"emcosMLID":null,"codMaketTEP":null,"codTEP":null,"WSName":"PS","rangeAddress":"$EI$98:$EJ$135","headAddress":"$EI$98:$EJ$98","bodyAddress":"$EI$99:$EJ$135","_name":"прием"},"отдача":{"_level":1,"parentID":"5328d03b-c5f7-4755-ae02-b46a82c37c7c","firstParentID":"5eed827c-c505-478a-a27d-11fa833eb8fa","ID":"d058d6e5-68cb-4c96-a867-a8232c5b82c0","childs":{"по счетчику":{"_level":2,"parentID":"d058d6e5-68cb-4c96-a867-a8232c5b82c0","firstParentID":"5eed827c-c505-478a-a27d-11fa833eb8fa","ID":"b366ba4b-5b30-4451-9f3b-2a42b494cc5b","childs":null,"emcosID":null,"emcosMLID":null,"codMaketTEP":null,"codTEP":null,"WSName":"PS","rangeAddress":"$EK$99:$EK$135","headAddress":"$EK$99","bodyAddress":"$EK$100:$EK$135","_name":"по счетчику"},"СЧЕТЧИК":{"_level":2,"parentID":"d058d6e5-68cb-4c96-a867-a8232c5b82c0","firstParentID":"5eed827c-c505-478a-a27d-11fa833eb8fa","ID":"9c164b4c-b4b9-418f-8165-b66255b49965","childs":null,"emcosID":null,"emcosMLID":null,"codMaketTEP":null,"codTEP":null,"WSName":"PS","rangeAddress":"$EL$99:$EL$135","headAddress":"$EL$99","bodyAddress":"$EL$100:$EL$135","_name":"СЧЕТЧИК"}},"emcosID":null,"emcosMLID":null,"codMaketTEP":null,"codTEP":null,"WSName":"PS","rangeAddress":"$EK$98:$EL$135","headAddress":"$EK$98:$EL$98","bodyAddress":"$EK$99:$EL$135","_name":"отдача"}},"emcosID":null,"emcosMLID":null,"codMaketTEP":null,"codTEP":null,"WSName":"PS","rangeAddress":"$EI$97:$EL$135","headAddress":"$EI$97:$EL$97","bodyAddress":"$EI$98:$EL$135","_name":"АТ2 110 ПС152 Талдыкорган"},"DB":{"_level":0,"parentID":"5eed827c-c505-478a-a27d-11fa833eb8fa","firstParentID":"5eed827c-c505-478a-a27d-11fa833eb8fa","ID":"fb593d4b-b9f7-44ed-9e26-33e364d345b8","childs":{"прием":{"_level":1,"parentID":"fb593d4b-b9f7-44ed-9e26-33e364d345b8","firstParentID":"5eed827c-c505-478a-a27d-11fa833eb8fa","ID":"634322d7-bef1-41b1-83ad-7f0251d8373b","childs":{"код":{"_level":2,"parentID":"634322d7-bef1-41b1-83ad-7f0251d8373b","firstParentID":"5eed827c-c505-478a-a27d-11fa833eb8fa","ID":"909fef64-4a9a-44da-a2a6-9c0a636f1f4c","childs":null,"emcosID":null,"emcosMLID":null,"codMaketTEP":null,"codTEP":null,"WSName":"DB","rangeAddress":"$AD$482:$AD$519","headAddress":"$AD$482","bodyAddress":"$AD$483:$AD$519","_name":"код"},"основное":{"_level":2,"parentID":"634322d7-bef1-41b1-83ad-7f0251d8373b","firstParentID":"5eed827c-c505-478a-a27d-11fa833eb8fa","ID":"a8277ae2-b2b9-49a3-9e12-8c8661af7c9b","childs":null,"emcosID":null,"emcosMLID":null,"codMaketTEP":null,"codTEP":null,"WSName":"DB","rangeAddress":"$AE$482:$AE$519","headAddress":"$AE$482","bodyAddress":"$AE$483:$AE$519","_name":"основное"},"корректировка факт":{"_level":2,"parentID":"634322d7-bef1-41b1-83ad-7f0251d8373b","firstParentID":"5eed827c-c505-478a-a27d-11fa833eb8fa","ID":"6f52d9ff-fc88-4dcc-b4e8-1910293e2da1","childs":null,"emcosID":null,"emcosMLID":null,"codMaketTEP":null,"codTEP":null,"WSName":"DB","rangeAddress":"$AF$482:$AF$519","headAddress":"$AF$482","bodyAddress":"$AF$483:$AF$519","_name":"корректировка факт"},"ручное":{"_level":2,"parentID":"634322d7-bef1-41b1-83ad-7f0251d8373b","firstParentID":"5eed827c-c505-478a-a27d-11fa833eb8fa","ID":"74d6ff7f-bc00-48bf-a6ba-59c01d15e3e3","childs":null,"emcosID":null,"emcosMLID":null,"codMaketTEP":null,"codTEP":null,"WSName":"DB","rangeAddress":"$AG$482:$AG$519","headAddress":"$AG$482","bodyAddress":"$AG$483:$AG$519","_name":"ручное"},"счетчик":{"_level":2,"parentID":"634322d7-bef1-41b1-83ad-7f0251d8373b","firstParentID":"5eed827c-c505-478a-a27d-11fa833eb8fa","ID":"cd369146-220d-41c0-bc34-983e1011fa30","childs":null,"emcosID":null,"emcosMLID":null,"codMaketTEP":null,"codTEP":null,"WSName":"DB","rangeAddress":"$AH$482:$AH$519","headAddress":"$AH$482","bodyAddress":"$AH$483:$AH$519","_name":"счетчик"},"по счетчику":{"_level":2,"parentID":"634322d7-bef1-41b1-83ad-7f0251d8373b","firstParentID":"5eed827c-c505-478a-a27d-11fa833eb8fa","ID":"e1e1e73f-453a-4c74-af77-e0d4a4cee764","childs":null,"emcosID":null,"emcosMLID":null,"codMaketTEP":null,"codTEP":null,"WSName":"DB","rangeAddress":"$AI$482:$AI$519","headAddress":"$AI$482","bodyAddress":"$AI$483:$AI$519","_name":"по счетчику"}},"emcosID":null,"emcosMLID":null,"codMaketTEP":null,"codTEP":null,"WSName":"DB","rangeAddress":"$AD$481:$AI$519","headAddress":"$AD$481:$AI$481","bodyAddress":"$AD$482:$AI$519","_name":"прием"},"отдача":{"_level":1,"parentID":"fb593d4b-b9f7-44ed-9e26-33e364d345b8","firstParentID":"5eed827c-c505-478a-a27d-11fa833eb8fa","ID":"3c750adf-5a28-4849-b432-0316e47d741b","childs":{"код":{"_level":2,"parentID":"3c750adf-5a28-4849-b432-0316e47d741b","firstParentID":"5eed827c-c505-478a-a27d-11fa833eb8fa","ID":"aeb29c5a-babf-4108-9b7a-c9f81cbfbfee","childs":null,"emcosID":null,"emcosMLID":null,"codMaketTEP":null,"codTEP":null,"WSName":"DB","rangeAddress":"$AJ$482:$AJ$519","headAddress":"$AJ$482","bodyAddress":"$AJ$483:$AJ$519","_name":"код"},"основное":{"_level":2,"parentID":"3c750adf-5a28-4849-b432-0316e47d741b","firstParentID":"5eed827c-c505-478a-a27d-11fa833eb8fa","ID":"bf4f1db2-ed15-495e-98b1-cf1e9e4a5dfe","childs":null,"emcosID":null,"emcosMLID":null,"codMaketTEP":null,"codTEP":null,"WSName":"DB","rangeAddress":"$AK$482:$AK$519","headAddress":"$AK$482","bodyAddress":"$AK$483:$AK$519","_name":"основное"},"корректировка факт":{"_level":2,"parentID":"3c750adf-5a28-4849-b432-0316e47d741b","firstParentID":"5eed827c-c505-478a-a27d-11fa833eb8fa","ID":"a137b044-ae4d-4a3b-96ac-fe912edc67e0","childs":null,"emcosID":null,"emcosMLID":null,"codMaketTEP":null,"codTEP":null,"WSName":"DB","rangeAddress":"$AL$482:$AL$519","headAddress":"$AL$482","bodyAddress":"$AL$483:$AL$519","_name":"корректировка факт"},"ручное":{"_level":2,"parentID":"3c750adf-5a28-4849-b432-0316e47d741b","firstParentID":"5eed827c-c505-478a-a27d-11fa833eb8fa","ID":"5ec85aa8-d23d-4fbb-b2b7-a446312e08f4","childs":null,"emcosID":null,"emcosMLID":null,"codMaketTEP":null,"codTEP":null,"WSName":"DB","rangeAddress":"$AM$482:$AM$519","headAddress":"$AM$482","bodyAddress":"$AM$483:$AM$519","_name":"ручное"},"счетчик":{"_level":2,"parentID":"3c750adf-5a28-4849-b432-0316e47d741b","firstParentID":"5eed827c-c505-478a-a27d-11fa833eb8fa","ID":"e234f2cd-c80e-4be5-ad85-ae27eb8ebf77","childs":null,"emcosID":null,"emcosMLID":null,"codMaketTEP":null,"codTEP":null,"WSName":"DB","rangeAddress":"$AN$482:$AN$519","headAddress":"$AN$482","bodyAddress":"$AN$483:$AN$519","_name":"счетчик"},"по счетчику":{"_level":2,"parentID":"3c750adf-5a28-4849-b432-0316e47d741b","firstParentID":"5eed827c-c505-478a-a27d-11fa833eb8fa","ID":"7d6c01a0-6005-4356-b82d-2ce3defbc85a","childs":null,"emcosID":null,"emcosMLID":null,"codMaketTEP":null,"codTEP":null,"WSName":"DB","rangeAddress":"$AO$482:$AO$519","headAddress":"$AO$482","bodyAddress":"$AO$483:$AO$519","_name":"по счетчику"}},"emcosID":null,"emcosMLID":null,"codMaketTEP":null,"codTEP":null,"WSName":"DB","rangeAddress":"$AJ$481:$AO$519","headAddress":"$AJ$481:$AO$481","bodyAddress":"$AJ$482:$AO$519","_name":"отдача"}},"emcosID":null,"emcosMLID":null,"codMaketTEP":null,"codTEP":null,"WSName":"DB","rangeAddress":"$AD$480:$AO$519","headAddress":"$AD$480:$AO$480","bodyAddress":"$AD$481:$AO$519","_name":"АТ2 110 ПС152 Талдыкорган"}},"codPlan":null,"meterCoef":"132","_name":"АТ2 110 ПС152 Талдыкорган"}