{"ID":"754d81f0-5fb8-4ced-b383-c4fa7481b36f","childs":{"PS":{"_level":0,"parentID":"754d81f0-5fb8-4ced-b383-c4fa7481b36f","firstParentID":"754d81f0-5fb8-4ced-b383-c4fa7481b36f","ID":"a1434f10-04a0-4dcb-a5c3-1e48de96f704","childs":{"прием":{"_level":1,"parentID":"a1434f10-04a0-4dcb-a5c3-1e48de96f704","firstParentID":"754d81f0-5fb8-4ced-b383-c4fa7481b36f","ID":"068d0870-6cbe-4928-b0d7-294a3e786ddb","childs":{"по счетчику":{"_level":2,"parentID":"068d0870-6cbe-4928-b0d7-294a3e786ddb","firstParentID":"754d81f0-5fb8-4ced-b383-c4fa7481b36f","ID":"2f070ddd-8a2a-4910-b86a-1b01aaf69dff","childs":null,"emcosID":null,"emcosMLID":null,"codMaketTEP":null,"codTEP":null,"WSName":"PS","rangeAddress":"$AS$99:$AS$135","headAddress":"$AS$99","bodyAddress":"$AS$100:$AS$135","_name":"по счетчику"},"СЧЕТЧИК":{"_level":2,"parentID":"068d0870-6cbe-4928-b0d7-294a3e786ddb","firstParentID":"754d81f0-5fb8-4ced-b383-c4fa7481b36f","ID":"c3043c65-5044-4fd9-bc8c-054251aa9e98","childs":null,"emcosID":null,"emcosMLID":null,"codMaketTEP":null,"codTEP":null,"WSName":"PS","rangeAddress":"$AT$99:$AT$135","headAddress":"$AT$99","bodyAddress":"$AT$100:$AT$135","_name":"СЧЕТЧИК"}},"emcosID":null,"emcosMLID":null,"codMaketTEP":null,"codTEP":null,"WSName":"PS","rangeAddress":"$AS$98:$AT$135","headAddress":"$AS$98:$AT$98","bodyAddress":"$AS$99:$AT$135","_name":"прием"},"отдача":{"_level":1,"parentID":"a1434f10-04a0-4dcb-a5c3-1e48de96f704","firstParentID":"754d81f0-5fb8-4ced-b383-c4fa7481b36f","ID":"3528cdb0-1fe4-4cf1-874a-bb4d9775d3c0","childs":{"по счетчику":{"_level":2,"parentID":"3528cdb0-1fe4-4cf1-874a-bb4d9775d3c0","firstParentID":"754d81f0-5fb8-4ced-b383-c4fa7481b36f","ID":"1d523315-fffd-4bc6-932f-42ec44f4b659","childs":null,"emcosID":null,"emcosMLID":null,"codMaketTEP":null,"codTEP":null,"WSName":"PS","rangeAddress":"$AU$99:$AU$135","headAddress":"$AU$99","bodyAddress":"$AU$100:$AU$135","_name":"по счетчику"},"СЧЕТЧИК":{"_level":2,"parentID":"3528cdb0-1fe4-4cf1-874a-bb4d9775d3c0","firstParentID":"754d81f0-5fb8-4ced-b383-c4fa7481b36f","ID":"8afbc1f0-8190-4996-8a32-0806e56f5809","childs":null,"emcosID":null,"emcosMLID":null,"codMaketTEP":null,"codTEP":null,"WSName":"PS","rangeAddress":"$AV$99:$AV$135","headAddress":"$AV$99","bodyAddress":"$AV$100:$AV$135","_name":"СЧЕТЧИК"}},"emcosID":null,"emcosMLID":null,"codMaketTEP":null,"codTEP":null,"WSName":"PS","rangeAddress":"$AU$98:$AV$135","headAddress":"$AU$98:$AV$98","bodyAddress":"$AU$99:$AV$135","_name":"отдача"}},"emcosID":null,"emcosMLID":null,"codMaketTEP":null,"codTEP":null,"WSName":"PS","rangeAddress":"$AS$97:$AV$135","headAddress":"$AS$97:$AV$97","bodyAddress":"$AS$98:$AV$135","_name":"АТ1 110 ПС126 Талдыкорган"},"DB":{"_level":0,"parentID":"754d81f0-5fb8-4ced-b383-c4fa7481b36f","firstParentID":"754d81f0-5fb8-4ced-b383-c4fa7481b36f","ID":"73d1eab5-2189-42d5-a0d6-bfdd8052c44e","childs":{"прием":{"_level":1,"parentID":"73d1eab5-2189-42d5-a0d6-bfdd8052c44e","firstParentID":"754d81f0-5fb8-4ced-b383-c4fa7481b36f","ID":"d6bbd98a-57f0-4937-88c6-a95ce5ccd9ac","childs":{"код":{"_level":2,"parentID":"d6bbd98a-57f0-4937-88c6-a95ce5ccd9ac","firstParentID":"754d81f0-5fb8-4ced-b383-c4fa7481b36f","ID":"5a9e5206-500e-4d2f-9c5f-d5062258ef1c","childs":null,"emcosID":null,"emcosMLID":null,"codMaketTEP":null,"codTEP":null,"WSName":"DB","rangeAddress":"$BS$525:$BS$562","headAddress":"$BS$525","bodyAddress":"$BS$526:$BS$562","_name":"код"},"основное":{"_level":2,"parentID":"d6bbd98a-57f0-4937-88c6-a95ce5ccd9ac","firstParentID":"754d81f0-5fb8-4ced-b383-c4fa7481b36f","ID":"2f164d99-6d57-4441-ad50-7dd02f5b082a","childs":null,"emcosID":null,"emcosMLID":null,"codMaketTEP":null,"codTEP":null,"WSName":"DB","rangeAddress":"$BT$525:$BT$562","headAddress":"$BT$525","bodyAddress":"$BT$526:$BT$562","_name":"основное"},"корректировка факт":{"_level":2,"parentID":"d6bbd98a-57f0-4937-88c6-a95ce5ccd9ac","firstParentID":"754d81f0-5fb8-4ced-b383-c4fa7481b36f","ID":"06eb521c-b176-4f8c-9e8d-eb5188fd063b","childs":null,"emcosID":null,"emcosMLID":null,"codMaketTEP":null,"codTEP":null,"WSName":"DB","rangeAddress":"$BU$525:$BU$562","headAddress":"$BU$525","bodyAddress":"$BU$526:$BU$562","_name":"корректировка факт"},"ручное":{"_level":2,"parentID":"d6bbd98a-57f0-4937-88c6-a95ce5ccd9ac","firstParentID":"754d81f0-5fb8-4ced-b383-c4fa7481b36f","ID":"0502e083-b2da-426b-94d1-3140594e545b","childs":null,"emcosID":null,"emcosMLID":null,"codMaketTEP":null,"codTEP":null,"WSName":"DB","rangeAddress":"$BV$525:$BV$562","headAddress":"$BV$525","bodyAddress":"$BV$526:$BV$562","_name":"ручное"},"счетчик":{"_level":2,"parentID":"d6bbd98a-57f0-4937-88c6-a95ce5ccd9ac","firstParentID":"754d81f0-5fb8-4ced-b383-c4fa7481b36f","ID":"6586ca58-7803-4342-9a9e-18059565d6e7","childs":null,"emcosID":null,"emcosMLID":null,"codMaketTEP":null,"codTEP":null,"WSName":"DB","rangeAddress":"$BW$525:$BW$562","headAddress":"$BW$525","bodyAddress":"$BW$526:$BW$562","_name":"счетчик"},"по счетчику":{"_level":2,"parentID":"d6bbd98a-57f0-4937-88c6-a95ce5ccd9ac","firstParentID":"754d81f0-5fb8-4ced-b383-c4fa7481b36f","ID":"829a3db9-b132-430b-a761-bd853e5621d8","childs":null,"emcosID":null,"emcosMLID":null,"codMaketTEP":null,"codTEP":null,"WSName":"DB","rangeAddress":"$BX$525:$BX$562","headAddress":"$BX$525","bodyAddress":"$BX$526:$BX$562","_name":"по счетчику"}},"emcosID":null,"emcosMLID":null,"codMaketTEP":null,"codTEP":null,"WSName":"DB","rangeAddress":"$BS$524:$BX$562","headAddress":"$BS$524:$BX$524","bodyAddress":"$BS$525:$BX$562","_name":"прием"},"отдача":{"_level":1,"parentID":"73d1eab5-2189-42d5-a0d6-bfdd8052c44e","firstParentID":"754d81f0-5fb8-4ced-b383-c4fa7481b36f","ID":"e95e6af3-f0b4-4240-87e2-fd2a54dcfbc1","childs":{"код":{"_level":2,"parentID":"e95e6af3-f0b4-4240-87e2-fd2a54dcfbc1","firstParentID":"754d81f0-5fb8-4ced-b383-c4fa7481b36f","ID":"c1cb4289-43a7-4a14-8ff1-47bebf46b286","childs":null,"emcosID":null,"emcosMLID":null,"codMaketTEP":null,"codTEP":null,"WSName":"DB","rangeAddress":"$BY$525:$BY$562","headAddress":"$BY$525","bodyAddress":"$BY$526:$BY$562","_name":"код"},"основное":{"_level":2,"parentID":"e95e6af3-f0b4-4240-87e2-fd2a54dcfbc1","firstParentID":"754d81f0-5fb8-4ced-b383-c4fa7481b36f","ID":"718b2f39-c464-40b3-b712-65c42c6ad55f","childs":null,"emcosID":null,"emcosMLID":null,"codMaketTEP":null,"codTEP":null,"WSName":"DB","rangeAddress":"$BZ$525:$BZ$562","headAddress":"$BZ$525","bodyAddress":"$BZ$526:$BZ$562","_name":"основное"},"корректировка факт":{"_level":2,"parentID":"e95e6af3-f0b4-4240-87e2-fd2a54dcfbc1","firstParentID":"754d81f0-5fb8-4ced-b383-c4fa7481b36f","ID":"43172c42-5477-4fff-bcab-df718eb80bfb","childs":null,"emcosID":null,"emcosMLID":null,"codMaketTEP":null,"codTEP":null,"WSName":"DB","rangeAddress":"$CA$525:$CA$562","headAddress":"$CA$525","bodyAddress":"$CA$526:$CA$562","_name":"корректировка факт"},"ручное":{"_level":2,"parentID":"e95e6af3-f0b4-4240-87e2-fd2a54dcfbc1","firstParentID":"754d81f0-5fb8-4ced-b383-c4fa7481b36f","ID":"399f2105-ae99-4855-adfd-6dc671a56b9a","childs":null,"emcosID":null,"emcosMLID":null,"codMaketTEP":null,"codTEP":null,"WSName":"DB","rangeAddress":"$CB$525:$CB$562","headAddress":"$CB$525","bodyAddress":"$CB$526:$CB$562","_name":"ручное"},"счетчик":{"_level":2,"parentID":"e95e6af3-f0b4-4240-87e2-fd2a54dcfbc1","firstParentID":"754d81f0-5fb8-4ced-b383-c4fa7481b36f","ID":"e0627584-a685-43e0-9724-0aa9129aa6cd","childs":null,"emcosID":null,"emcosMLID":null,"codMaketTEP":null,"codTEP":null,"WSName":"DB","rangeAddress":"$CC$525:$CC$562","headAddress":"$CC$525","bodyAddress":"$CC$526:$CC$562","_name":"счетчик"},"по счетчику":{"_level":2,"parentID":"e95e6af3-f0b4-4240-87e2-fd2a54dcfbc1","firstParentID":"754d81f0-5fb8-4ced-b383-c4fa7481b36f","ID":"4ca7a5f7-4a33-4399-97a0-8446538ec6ed","childs":null,"emcosID":null,"emcosMLID":null,"codMaketTEP":null,"codTEP":null,"WSName":"DB","rangeAddress":"$CD$525:$CD$562","headAddress":"$CD$525","bodyAddress":"$CD$526:$CD$562","_name":"по счетчику"}},"emcosID":null,"emcosMLID":null,"codMaketTEP":null,"codTEP":null,"WSName":"DB","rangeAddress":"$BY$524:$CD$562","headAddress":"$BY$524:$CD$524","bodyAddress":"$BY$525:$CD$562","_name":"отдача"}},"emcosID":null,"emcosMLID":null,"codMaketTEP":null,"codTEP":null,"WSName":"DB","rangeAddress":"$BS$523:$CD$562","headAddress":"$BS$523:$CD$523","bodyAddress":"$BS$524:$CD$562","_name":"АТ1 110 ПС126 Талдыкорган"}},"codPlan":null,"meterCoef":"66","_name":"АТ1 110 ПС126 Талдыкорган"}