{"ID":"099a4a89-dc97-4a6b-a74f-aed883c35f35","childs":{"PS":{"_level":0,"parentID":"099a4a89-dc97-4a6b-a74f-aed883c35f35","firstParentID":"099a4a89-dc97-4a6b-a74f-aed883c35f35","ID":"cd34ef41-c06a-458a-b3bb-d240fcc728e1","childs":{"прием":{"_level":1,"parentID":"cd34ef41-c06a-458a-b3bb-d240fcc728e1","firstParentID":"099a4a89-dc97-4a6b-a74f-aed883c35f35","ID":"d5542dd7-8f6e-4046-aa18-7d0ea9219ddc","childs":{"оперативное":{"_level":2,"parentID":"d5542dd7-8f6e-4046-aa18-7d0ea9219ddc","firstParentID":"099a4a89-dc97-4a6b-a74f-aed883c35f35","ID":"f56f544c-5f9b-47f7-a11e-b0942a27f7c4","childs":null,"emcosID":null,"emcosMLID":null,"codMaketTEP":null,"codTEP":null,"WSName":"PS","rangeAddress":"$EB$56:$EB$92","headAddress":"$EB$56","bodyAddress":"$EB$57:$EB$92","_name":"оперативное"}},"emcosID":null,"emcosMLID":null,"codMaketTEP":null,"codTEP":null,"WSName":"PS","rangeAddress":"$EB$55:$EB$92","headAddress":"$EB$55","bodyAddress":"$EB$56:$EB$92","_name":"прием"},"отдача":{"_level":1,"parentID":"cd34ef41-c06a-458a-b3bb-d240fcc728e1","firstParentID":"099a4a89-dc97-4a6b-a74f-aed883c35f35","ID":"e2b8cbc3-f9d1-4e9a-91cc-d62fb84c989e","childs":{"оперативное":{"_level":2,"parentID":"e2b8cbc3-f9d1-4e9a-91cc-d62fb84c989e","firstParentID":"099a4a89-dc97-4a6b-a74f-aed883c35f35","ID":"b0a46656-099e-48a6-bfe4-dbe6967dadf0","childs":null,"emcosID":null,"emcosMLID":null,"codMaketTEP":null,"codTEP":null,"WSName":"PS","rangeAddress":"$EC$56:$EC$92","headAddress":"$EC$56","bodyAddress":"$EC$57:$EC$92","_name":"оперативное"}},"emcosID":null,"emcosMLID":null,"codMaketTEP":null,"codTEP":null,"WSName":"PS","rangeAddress":"$EC$55:$EC$92","headAddress":"$EC$55","bodyAddress":"$EC$56:$EC$92","_name":"отдача"}},"emcosID":null,"emcosMLID":null,"codMaketTEP":null,"codTEP":null,"WSName":"PS","rangeAddress":"$EB$54:$EC$92","headAddress":"$EB$54:$EC$54","bodyAddress":"$EB$55:$EC$92","_name":"Л2043 Талдыкорган"},"DB":{"_level":0,"parentID":"099a4a89-dc97-4a6b-a74f-aed883c35f35","firstParentID":"099a4a89-dc97-4a6b-a74f-aed883c35f35","ID":"340a1fa5-65e6-4704-bf00-04165a0543a3","childs":{"прием":{"_level":1,"parentID":"340a1fa5-65e6-4704-bf00-04165a0543a3","firstParentID":"099a4a89-dc97-4a6b-a74f-aed883c35f35","ID":"4584a2f2-52d8-47a4-a711-3f0b18c77afd","childs":{"код":{"_level":2,"parentID":"4584a2f2-52d8-47a4-a711-3f0b18c77afd","firstParentID":"099a4a89-dc97-4a6b-a74f-aed883c35f35","ID":"87b79a53-d64b-4da0-9d18-cba8982d7170","childs":null,"emcosID":null,"emcosMLID":null,"codMaketTEP":null,"codTEP":null,"WSName":"DB","rangeAddress":"$KX$52:$KX$89","headAddress":"$KX$52","bodyAddress":"$KX$53:$KX$89","_name":"код"},"основное":{"_level":2,"parentID":"4584a2f2-52d8-47a4-a711-3f0b18c77afd","firstParentID":"099a4a89-dc97-4a6b-a74f-aed883c35f35","ID":"6b1d4448-abb1-42ae-b6a6-330516346381","childs":null,"emcosID":null,"emcosMLID":null,"codMaketTEP":null,"codTEP":null,"WSName":"DB","rangeAddress":"$KY$52:$KY$89","headAddress":"$KY$52","bodyAddress":"$KY$53:$KY$89","_name":"основное"},"корректировка факт":{"_level":2,"parentID":"4584a2f2-52d8-47a4-a711-3f0b18c77afd","firstParentID":"099a4a89-dc97-4a6b-a74f-aed883c35f35","ID":"7e84c13f-1a1b-4927-a692-337aa0527549","childs":null,"emcosID":null,"emcosMLID":null,"codMaketTEP":null,"codTEP":null,"WSName":"DB","rangeAddress":"$KZ$52:$KZ$89","headAddress":"$KZ$52","bodyAddress":"$KZ$53:$KZ$89","_name":"корректировка факт"},"ручное":{"_level":2,"parentID":"4584a2f2-52d8-47a4-a711-3f0b18c77afd","firstParentID":"099a4a89-dc97-4a6b-a74f-aed883c35f35","ID":"d17fb2c4-a2a7-410e-9b82-11b8c3c95433","childs":null,"emcosID":null,"emcosMLID":null,"codMaketTEP":null,"codTEP":null,"WSName":"DB","rangeAddress":"$LA$52:$LA$89","headAddress":"$LA$52","bodyAddress":"$LA$53:$LA$89","_name":"ручное"},"оперативное":{"_level":2,"parentID":"4584a2f2-52d8-47a4-a711-3f0b18c77afd","firstParentID":"099a4a89-dc97-4a6b-a74f-aed883c35f35","ID":"63753f23-194f-4809-82b3-217e8ba1d20c","childs":null,"emcosID":null,"emcosMLID":null,"codMaketTEP":null,"codTEP":null,"WSName":"DB","rangeAddress":"$LB$52:$LB$89","headAddress":"$LB$52","bodyAddress":"$LB$53:$LB$89","_name":"оперативное"}},"emcosID":null,"emcosMLID":null,"codMaketTEP":null,"codTEP":null,"WSName":"DB","rangeAddress":"$KX$51:$LB$89","headAddress":"$KX$51:$LB$51","bodyAddress":"$KX$52:$LB$89","_name":"прием"},"отдача":{"_level":1,"parentID":"340a1fa5-65e6-4704-bf00-04165a0543a3","firstParentID":"099a4a89-dc97-4a6b-a74f-aed883c35f35","ID":"6630a124-3af2-4215-afe4-7c334f245245","childs":{"код":{"_level":2,"parentID":"6630a124-3af2-4215-afe4-7c334f245245","firstParentID":"099a4a89-dc97-4a6b-a74f-aed883c35f35","ID":"29f34099-75eb-427a-8001-aaa6602815cd","childs":null,"emcosID":null,"emcosMLID":null,"codMaketTEP":null,"codTEP":null,"WSName":"DB","rangeAddress":"$LC$52:$LC$89","headAddress":"$LC$52","bodyAddress":"$LC$53:$LC$89","_name":"код"},"основное":{"_level":2,"parentID":"6630a124-3af2-4215-afe4-7c334f245245","firstParentID":"099a4a89-dc97-4a6b-a74f-aed883c35f35","ID":"03d648a1-8b5f-472f-9a5e-0f5ddae12ff7","childs":null,"emcosID":null,"emcosMLID":null,"codMaketTEP":null,"codTEP":null,"WSName":"DB","rangeAddress":"$LD$52:$LD$89","headAddress":"$LD$52","bodyAddress":"$LD$53:$LD$89","_name":"основное"},"корректировка факт":{"_level":2,"parentID":"6630a124-3af2-4215-afe4-7c334f245245","firstParentID":"099a4a89-dc97-4a6b-a74f-aed883c35f35","ID":"b5b96c9d-af7d-451a-845d-32cc9f303463","childs":null,"emcosID":null,"emcosMLID":null,"codMaketTEP":null,"codTEP":null,"WSName":"DB","rangeAddress":"$LE$52:$LE$89","headAddress":"$LE$52","bodyAddress":"$LE$53:$LE$89","_name":"корректировка факт"},"ручное":{"_level":2,"parentID":"6630a124-3af2-4215-afe4-7c334f245245","firstParentID":"099a4a89-dc97-4a6b-a74f-aed883c35f35","ID":"05d483b2-7d34-46f1-a298-d9abdf85ada2","childs":null,"emcosID":null,"emcosMLID":null,"codMaketTEP":null,"codTEP":null,"WSName":"DB","rangeAddress":"$LF$52:$LF$89","headAddress":"$LF$52","bodyAddress":"$LF$53:$LF$89","_name":"ручное"},"оперативное":{"_level":2,"parentID":"6630a124-3af2-4215-afe4-7c334f245245","firstParentID":"099a4a89-dc97-4a6b-a74f-aed883c35f35","ID":"2b214a06-be17-4e6d-9b12-10edabac0a5a","childs":null,"emcosID":null,"emcosMLID":null,"codMaketTEP":null,"codTEP":null,"WSName":"DB","rangeAddress":"$LG$52:$LG$89","headAddress":"$LG$52","bodyAddress":"$LG$53:$LG$89","_name":"оперативное"}},"emcosID":null,"emcosMLID":null,"codMaketTEP":null,"codTEP":null,"WSName":"DB","rangeAddress":"$LC$51:$LG$89","headAddress":"$LC$51:$LG$51","bodyAddress":"$LC$52:$LG$89","_name":"отдача"}},"emcosID":null,"emcosMLID":null,"codMaketTEP":null,"codTEP":null,"WSName":"DB","rangeAddress":"$KX$50:$LG$89","headAddress":"$KX$50:$LG$50","bodyAddress":"$KX$51:$LG$89","_name":"Л2043 Талдыкорган"}},"codPlan":null,"meterCoef":null,"_name":"Л2043 Талдыкорган"}