{"ID":"0d3d4903-b40d-4899-9bdb-5b02a9a6f36e","childs":{"PS":{"_level":0,"parentID":"0d3d4903-b40d-4899-9bdb-5b02a9a6f36e","firstParentID":"0d3d4903-b40d-4899-9bdb-5b02a9a6f36e","ID":"80ee49a2-7df0-48f2-98b6-8cb17e52949d","childs":{"прием":{"_level":1,"parentID":"80ee49a2-7df0-48f2-98b6-8cb17e52949d","firstParentID":"0d3d4903-b40d-4899-9bdb-5b02a9a6f36e","ID":"5ba7ecdf-b9d5-42a7-9c1f-1b6f0083d4bf","childs":{"по счетчику":{"_level":2,"parentID":"5ba7ecdf-b9d5-42a7-9c1f-1b6f0083d4bf","firstParentID":"0d3d4903-b40d-4899-9bdb-5b02a9a6f36e","ID":"bbf1de37-58a5-49c0-804f-3a1b3ec1e521","childs":null,"emcosID":null,"emcosMLID":null,"codMaketTEP":null,"codTEP":null,"WSName":"PS","rangeAddress":"$EN$56:$EN$92","headAddress":"$EN$56","bodyAddress":"$EN$57:$EN$92","_name":"по счетчику"}},"emcosID":null,"emcosMLID":null,"codMaketTEP":null,"codTEP":null,"WSName":"PS","rangeAddress":"$EN$55:$EN$92","headAddress":"$EN$55","bodyAddress":"$EN$56:$EN$92","_name":"прием"},"отдача":{"_level":1,"parentID":"80ee49a2-7df0-48f2-98b6-8cb17e52949d","firstParentID":"0d3d4903-b40d-4899-9bdb-5b02a9a6f36e","ID":"716ebc2c-af12-4cb7-a17a-6a971b09f576","childs":{"по счетчику":{"_level":2,"parentID":"716ebc2c-af12-4cb7-a17a-6a971b09f576","firstParentID":"0d3d4903-b40d-4899-9bdb-5b02a9a6f36e","ID":"8ee33e2a-da00-440d-b779-d816cd7f9e02","childs":null,"emcosID":null,"emcosMLID":null,"codMaketTEP":null,"codTEP":null,"WSName":"PS","rangeAddress":"$EO$56:$EO$92","headAddress":"$EO$56","bodyAddress":"$EO$57:$EO$92","_name":"по счетчику"}},"emcosID":null,"emcosMLID":null,"codMaketTEP":null,"codTEP":null,"WSName":"PS","rangeAddress":"$EO$55:$EO$92","headAddress":"$EO$55","bodyAddress":"$EO$56:$EO$92","_name":"отдача"}},"emcosID":null,"emcosMLID":null,"codMaketTEP":null,"codTEP":null,"WSName":"PS","rangeAddress":"$EN$54:$EO$92","headAddress":"$EN$54:$EO$54","bodyAddress":"$EN$55:$EO$92","_name":"Л5353 Алма"},"DB":{"_level":0,"parentID":"0d3d4903-b40d-4899-9bdb-5b02a9a6f36e","firstParentID":"0d3d4903-b40d-4899-9bdb-5b02a9a6f36e","ID":"35c71e79-4d5e-4564-bb54-eee12931e7cd","childs":{"прием":{"_level":1,"parentID":"35c71e79-4d5e-4564-bb54-eee12931e7cd","firstParentID":"0d3d4903-b40d-4899-9bdb-5b02a9a6f36e","ID":"a4bb547c-cf06-4b27-ac14-538bec08ccb0","childs":{"код":{"_level":2,"parentID":"a4bb547c-cf06-4b27-ac14-538bec08ccb0","firstParentID":"0d3d4903-b40d-4899-9bdb-5b02a9a6f36e","ID":"35c28c98-6474-414a-b47f-8a95e699e9f6","childs":null,"emcosID":null,"emcosMLID":null,"codMaketTEP":null,"codTEP":null,"WSName":"DB","rangeAddress":"$IZ$52:$IZ$89","headAddress":"$IZ$52","bodyAddress":"$IZ$53:$IZ$89","_name":"код"},"основное":{"_level":2,"parentID":"a4bb547c-cf06-4b27-ac14-538bec08ccb0","firstParentID":"0d3d4903-b40d-4899-9bdb-5b02a9a6f36e","ID":"c9d85e17-2c44-4820-9842-fe970bcdce3b","childs":null,"emcosID":null,"emcosMLID":null,"codMaketTEP":null,"codTEP":null,"WSName":"DB","rangeAddress":"$JA$52:$JA$89","headAddress":"$JA$52","bodyAddress":"$JA$53:$JA$89","_name":"основное"},"корректировка факт":{"_level":2,"parentID":"a4bb547c-cf06-4b27-ac14-538bec08ccb0","firstParentID":"0d3d4903-b40d-4899-9bdb-5b02a9a6f36e","ID":"4aa90d03-6e44-4955-9b56-c01fd3c351ef","childs":null,"emcosID":null,"emcosMLID":null,"codMaketTEP":null,"codTEP":null,"WSName":"DB","rangeAddress":"$JB$52:$JB$89","headAddress":"$JB$52","bodyAddress":"$JB$53:$JB$89","_name":"корректировка факт"},"ручное":{"_level":2,"parentID":"a4bb547c-cf06-4b27-ac14-538bec08ccb0","firstParentID":"0d3d4903-b40d-4899-9bdb-5b02a9a6f36e","ID":"a6b41fa7-254e-4298-a26f-d76e7d397a2f","childs":null,"emcosID":null,"emcosMLID":null,"codMaketTEP":null,"codTEP":null,"WSName":"DB","rangeAddress":"$JC$52:$JC$89","headAddress":"$JC$52","bodyAddress":"$JC$53:$JC$89","_name":"ручное"},"счетчик":{"_level":2,"parentID":"a4bb547c-cf06-4b27-ac14-538bec08ccb0","firstParentID":"0d3d4903-b40d-4899-9bdb-5b02a9a6f36e","ID":"459c861d-28b4-45fd-ba20-499f72f90da6","childs":null,"emcosID":null,"emcosMLID":null,"codMaketTEP":null,"codTEP":null,"WSName":"DB","rangeAddress":"$JD$52:$JD$89","headAddress":"$JD$52","bodyAddress":"$JD$53:$JD$89","_name":"счетчик"},"по счетчику":{"_level":2,"parentID":"a4bb547c-cf06-4b27-ac14-538bec08ccb0","firstParentID":"0d3d4903-b40d-4899-9bdb-5b02a9a6f36e","ID":"0f58e58a-58d9-49b6-b22e-d09ce883389b","childs":null,"emcosID":null,"emcosMLID":null,"codMaketTEP":null,"codTEP":null,"WSName":"DB","rangeAddress":"$JE$52:$JE$89","headAddress":"$JE$52","bodyAddress":"$JE$53:$JE$89","_name":"по счетчику"}},"emcosID":null,"emcosMLID":null,"codMaketTEP":null,"codTEP":null,"WSName":"DB","rangeAddress":"$IZ$51:$JE$89","headAddress":"$IZ$51:$JE$51","bodyAddress":"$IZ$52:$JE$89","_name":"прием"},"отдача":{"_level":1,"parentID":"35c71e79-4d5e-4564-bb54-eee12931e7cd","firstParentID":"0d3d4903-b40d-4899-9bdb-5b02a9a6f36e","ID":"42ba42e0-f0ed-4c89-a6e0-c7c946c40cb6","childs":{"код":{"_level":2,"parentID":"42ba42e0-f0ed-4c89-a6e0-c7c946c40cb6","firstParentID":"0d3d4903-b40d-4899-9bdb-5b02a9a6f36e","ID":"ae878660-61f2-412c-a233-e8d77463b464","childs":null,"emcosID":null,"emcosMLID":null,"codMaketTEP":null,"codTEP":null,"WSName":"DB","rangeAddress":"$JF$52:$JF$89","headAddress":"$JF$52","bodyAddress":"$JF$53:$JF$89","_name":"код"},"основное":{"_level":2,"parentID":"42ba42e0-f0ed-4c89-a6e0-c7c946c40cb6","firstParentID":"0d3d4903-b40d-4899-9bdb-5b02a9a6f36e","ID":"1353c9e8-d112-4746-acf3-45ce8229aff7","childs":null,"emcosID":null,"emcosMLID":null,"codMaketTEP":null,"codTEP":null,"WSName":"DB","rangeAddress":"$JG$52:$JG$89","headAddress":"$JG$52","bodyAddress":"$JG$53:$JG$89","_name":"основное"},"корректировка факт":{"_level":2,"parentID":"42ba42e0-f0ed-4c89-a6e0-c7c946c40cb6","firstParentID":"0d3d4903-b40d-4899-9bdb-5b02a9a6f36e","ID":"655acff4-bf2d-4f77-9f29-18bb16a30828","childs":null,"emcosID":null,"emcosMLID":null,"codMaketTEP":null,"codTEP":null,"WSName":"DB","rangeAddress":"$JH$52:$JH$89","headAddress":"$JH$52","bodyAddress":"$JH$53:$JH$89","_name":"корректировка факт"},"ручное":{"_level":2,"parentID":"42ba42e0-f0ed-4c89-a6e0-c7c946c40cb6","firstParentID":"0d3d4903-b40d-4899-9bdb-5b02a9a6f36e","ID":"6cd4c80c-f429-4e3e-969c-8a93f2adfda3","childs":null,"emcosID":null,"emcosMLID":null,"codMaketTEP":null,"codTEP":null,"WSName":"DB","rangeAddress":"$JI$52:$JI$89","headAddress":"$JI$52","bodyAddress":"$JI$53:$JI$89","_name":"ручное"},"счетчик":{"_level":2,"parentID":"42ba42e0-f0ed-4c89-a6e0-c7c946c40cb6","firstParentID":"0d3d4903-b40d-4899-9bdb-5b02a9a6f36e","ID":"13f631fa-3514-4bf4-bb19-c6585e676048","childs":null,"emcosID":null,"emcosMLID":null,"codMaketTEP":null,"codTEP":null,"WSName":"DB","rangeAddress":"$JJ$52:$JJ$89","headAddress":"$JJ$52","bodyAddress":"$JJ$53:$JJ$89","_name":"счетчик"},"по счетчику":{"_level":2,"parentID":"42ba42e0-f0ed-4c89-a6e0-c7c946c40cb6","firstParentID":"0d3d4903-b40d-4899-9bdb-5b02a9a6f36e","ID":"7e60a0b8-d05c-4666-a3eb-f0caadb5b9a4","childs":null,"emcosID":null,"emcosMLID":null,"codMaketTEP":null,"codTEP":null,"WSName":"DB","rangeAddress":"$JK$52:$JK$89","headAddress":"$JK$52","bodyAddress":"$JK$53:$JK$89","_name":"по счетчику"}},"emcosID":null,"emcosMLID":null,"codMaketTEP":null,"codTEP":null,"WSName":"DB","rangeAddress":"$JF$51:$JK$89","headAddress":"$JF$51:$JK$51","bodyAddress":"$JF$52:$JK$89","_name":"отдача"}},"emcosID":null,"emcosMLID":null,"codMaketTEP":null,"codTEP":null,"WSName":"DB","rangeAddress":"$IZ$50:$JK$89","headAddress":"$IZ$50:$JK$50","bodyAddress":"$IZ$51:$JK$89","_name":"Л5353 Алма"}},"codPlan":null,"meterCoef":"10000","_name":"Л5353 Алма"}