{"ID":"25ad5bed-f803-413a-bf69-fc6787587583","childs":{"PS":{"_level":0,"parentID":"25ad5bed-f803-413a-bf69-fc6787587583","firstParentID":"25ad5bed-f803-413a-bf69-fc6787587583","ID":"38d8ddcd-46c5-4ae0-9e5e-8755c98e5dd8","childs":{"прием":{"_level":1,"parentID":"38d8ddcd-46c5-4ae0-9e5e-8755c98e5dd8","firstParentID":"25ad5bed-f803-413a-bf69-fc6787587583","ID":"8214ae8d-490c-4081-aa5c-4b4c0068855b","childs":{"формула":{"_level":2,"parentID":"8214ae8d-490c-4081-aa5c-4b4c0068855b","firstParentID":"25ad5bed-f803-413a-bf69-fc6787587583","ID":"37c9ffb1-3b67-47b1-82fd-9d88312f4656","childs":null,"emcosID":null,"emcosMLID":null,"codMaketTEP":null,"codTEP":null,"WSName":"PS","rangeAddress":"$E$185:$E$221","headAddress":"$E$185","bodyAddress":"$E$186:$E$221","_name":"формула"}},"emcosID":null,"emcosMLID":null,"codMaketTEP":1360,"codTEP":null,"WSName":"PS","rangeAddress":"$E$184:$E$221","headAddress":"$E$184","bodyAddress":"$E$185:$E$221","_name":"прием"},"план":{"_level":1,"parentID":"38d8ddcd-46c5-4ae0-9e5e-8755c98e5dd8","firstParentID":"25ad5bed-f803-413a-bf69-fc6787587583","ID":"4b1bd02f-2979-4080-be59-e63a997ee463","childs":{"заявка":{"_level":2,"parentID":"4b1bd02f-2979-4080-be59-e63a997ee463","firstParentID":"25ad5bed-f803-413a-bf69-fc6787587583","ID":"cc98abb4-bbbf-4fc8-91a7-c2e031494e8a","childs":null,"emcosID":null,"emcosMLID":null,"codMaketTEP":null,"codTEP":null,"WSName":"PS","rangeAddress":"$F$185:$F$221","headAddress":"$F$185","bodyAddress":"$F$186:$F$221","_name":"заявка"}},"emcosID":null,"emcosMLID":null,"codMaketTEP":null,"codTEP":null,"WSName":"PS","rangeAddress":"$F$184:$F$221","headAddress":"$F$184","bodyAddress":"$F$185:$F$221","_name":"план"}},"emcosID":null,"emcosMLID":null,"codMaketTEP":null,"codTEP":null,"WSName":"PS","rangeAddress":"$E$183:$F$221","headAddress":"$E$183:$F$183","bodyAddress":"$E$184:$F$221","_name":"Потребление Алматыэнергосбыт"},"DB":{"_level":0,"parentID":"25ad5bed-f803-413a-bf69-fc6787587583","firstParentID":"25ad5bed-f803-413a-bf69-fc6787587583","ID":"4b2eb4bb-de18-45ae-8aa8-ef02de5464e6","childs":{"прием":{"_level":1,"parentID":"4b2eb4bb-de18-45ae-8aa8-ef02de5464e6","firstParentID":"25ad5bed-f803-413a-bf69-fc6787587583","ID":"e2d821df-90dc-407c-bdcc-06f84eeea761","childs":{"код":{"_level":2,"parentID":"e2d821df-90dc-407c-bdcc-06f84eeea761","firstParentID":"25ad5bed-f803-413a-bf69-fc6787587583","ID":"a54d4232-e1c3-47b8-8ef2-8c2a7326744e","childs":null,"emcosID":null,"emcosMLID":null,"codMaketTEP":null,"codTEP":null,"WSName":"DB","rangeAddress":"$BK$138:$BK$175","headAddress":"$BK$138","bodyAddress":"$BK$139:$BK$175","_name":"код"},"основное":{"_level":2,"parentID":"e2d821df-90dc-407c-bdcc-06f84eeea761","firstParentID":"25ad5bed-f803-413a-bf69-fc6787587583","ID":"3990989d-830b-4bee-a424-f41b4b58f59d","childs":null,"emcosID":null,"emcosMLID":null,"codMaketTEP":null,"codTEP":null,"WSName":"DB","rangeAddress":"$BL$138:$BL$175","headAddress":"$BL$138","bodyAddress":"$BL$139:$BL$175","_name":"основное"},"корректировка факт":{"_level":2,"parentID":"e2d821df-90dc-407c-bdcc-06f84eeea761","firstParentID":"25ad5bed-f803-413a-bf69-fc6787587583","ID":"ebec6b3d-06c0-45ef-b8f9-c0dba2941a9e","childs":null,"emcosID":null,"emcosMLID":null,"codMaketTEP":null,"codTEP":null,"WSName":"DB","rangeAddress":"$BM$138:$BM$175","headAddress":"$BM$138","bodyAddress":"$BM$139:$BM$175","_name":"корректировка факт"},"ручное":{"_level":2,"parentID":"e2d821df-90dc-407c-bdcc-06f84eeea761","firstParentID":"25ad5bed-f803-413a-bf69-fc6787587583","ID":"4da5d83e-c1b1-413d-85c6-3984059aae3a","childs":null,"emcosID":null,"emcosMLID":null,"codMaketTEP":null,"codTEP":null,"WSName":"DB","rangeAddress":"$BN$138:$BN$175","headAddress":"$BN$138","bodyAddress":"$BN$139:$BN$175","_name":"ручное"},"по плану":{"_level":2,"parentID":"e2d821df-90dc-407c-bdcc-06f84eeea761","firstParentID":"25ad5bed-f803-413a-bf69-fc6787587583","ID":"3386530c-0ae2-44ab-af15-c17b647972a7","childs":null,"emcosID":null,"emcosMLID":null,"codMaketTEP":null,"codTEP":null,"WSName":"DB","rangeAddress":"$BO$138:$BO$175","headAddress":"$BO$138","bodyAddress":"$BO$139:$BO$175","_name":"по плану"},"формула":{"_level":2,"parentID":"e2d821df-90dc-407c-bdcc-06f84eeea761","firstParentID":"25ad5bed-f803-413a-bf69-fc6787587583","ID":"ae2c779f-1bf1-4135-875d-ae3ce7976b6a","childs":null,"emcosID":null,"emcosMLID":null,"codMaketTEP":null,"codTEP":null,"WSName":"DB","rangeAddress":"$BP$138:$BP$175","headAddress":"$BP$138","bodyAddress":"$BP$139:$BP$175","_name":"формула"}},"emcosID":null,"emcosMLID":null,"codMaketTEP":null,"codTEP":null,"WSName":"DB","rangeAddress":"$BK$137:$BP$175","headAddress":"$BK$137:$BP$137","bodyAddress":"$BK$138:$BP$175","_name":"прием"},"план":{"_level":1,"parentID":"4b2eb4bb-de18-45ae-8aa8-ef02de5464e6","firstParentID":"25ad5bed-f803-413a-bf69-fc6787587583","ID":"bf2f0b4a-4b81-49b2-86fb-87925969979e","childs":{"код":{"_level":2,"parentID":"bf2f0b4a-4b81-49b2-86fb-87925969979e","firstParentID":"25ad5bed-f803-413a-bf69-fc6787587583","ID":"1fc6fa63-c1e8-40d6-a10c-2f6a542cea89","childs":null,"emcosID":null,"emcosMLID":null,"codMaketTEP":null,"codTEP":null,"WSName":"DB","rangeAddress":"$BQ$138:$BQ$175","headAddress":"$BQ$138","bodyAddress":"$BQ$139:$BQ$175","_name":"код"},"основное":{"_level":2,"parentID":"bf2f0b4a-4b81-49b2-86fb-87925969979e","firstParentID":"25ad5bed-f803-413a-bf69-fc6787587583","ID":"190dc51a-eb02-4d54-8c18-77ec9f426120","childs":null,"emcosID":null,"emcosMLID":null,"codMaketTEP":null,"codTEP":null,"WSName":"DB","rangeAddress":"$BR$138:$BR$175","headAddress":"$BR$138","bodyAddress":"$BR$139:$BR$175","_name":"основное"},"заявка":{"_level":2,"parentID":"bf2f0b4a-4b81-49b2-86fb-87925969979e","firstParentID":"25ad5bed-f803-413a-bf69-fc6787587583","ID":"947160d3-3fa2-4b00-9b15-6a8a2e7f22eb","childs":null,"emcosID":null,"emcosMLID":null,"codMaketTEP":null,"codTEP":null,"WSName":"DB","rangeAddress":"$BS$138:$BS$175","headAddress":"$BS$138","bodyAddress":"$BS$139:$BS$175","_name":"заявка"},"утвержденный":{"_level":2,"parentID":"bf2f0b4a-4b81-49b2-86fb-87925969979e","firstParentID":"25ad5bed-f803-413a-bf69-fc6787587583","ID":"b46dc88f-5d3c-4cb0-910e-dbd2354068ce","childs":null,"emcosID":null,"emcosMLID":null,"codMaketTEP":null,"codTEP":null,"WSName":"DB","rangeAddress":"$BT$138:$BT$175","headAddress":"$BT$138","bodyAddress":"$BT$139:$BT$175","_name":"утвержденный"},"корректировка":{"_level":2,"parentID":"bf2f0b4a-4b81-49b2-86fb-87925969979e","firstParentID":"25ad5bed-f803-413a-bf69-fc6787587583","ID":"f628975e-b76b-4650-a960-1e0acee8fb25","childs":null,"emcosID":null,"emcosMLID":null,"codMaketTEP":null,"codTEP":null,"WSName":"DB","rangeAddress":"$BU$138:$BU$175","headAddress":"$BU$138","bodyAddress":"$BU$139:$BU$175","_name":"корректировка"}},"emcosID":null,"emcosMLID":null,"codMaketTEP":null,"codTEP":null,"WSName":"DB","rangeAddress":"$BQ$137:$BU$175","headAddress":"$BQ$137:$BU$137","bodyAddress":"$BQ$138:$BU$175","_name":"план"}},"emcosID":null,"emcosMLID":null,"codMaketTEP":null,"codTEP":null,"WSName":"DB","rangeAddress":"$BK$136:$BU$175","headAddress":"$BK$136:$BU$136","bodyAddress":"$BK$137:$BU$175","_name":"Потребление Алматыэнергосбыт"}},"codPlan":67,"meterCoef":null,"_name":"Потребление Алматыэнергосбыт"}