{"ID":"33f92c86-e189-4282-b372-d06af9e86140","childs":{"PS":{"_level":0,"parentID":"33f92c86-e189-4282-b372-d06af9e86140","firstParentID":"33f92c86-e189-4282-b372-d06af9e86140","ID":"6297b0a7-c3bc-4eaa-8edb-0520c5eb7195","childs":{"прием":{"_level":1,"parentID":"6297b0a7-c3bc-4eaa-8edb-0520c5eb7195","firstParentID":"33f92c86-e189-4282-b372-d06af9e86140","ID":"213a63e9-e7b9-4ff2-9150-5efc70e56174","childs":{"ручное":{"_level":2,"parentID":"213a63e9-e7b9-4ff2-9150-5efc70e56174","firstParentID":"33f92c86-e189-4282-b372-d06af9e86140","ID":"c597f261-420e-486f-9272-73c533076ba6","childs":null,"emcosID":null,"emcosMLID":null,"codMaketTEP":null,"codTEP":null,"WSName":"PS","rangeAddress":"$AS$56:$AS$92","headAddress":"$AS$56","bodyAddress":"$AS$57:$AS$92","_name":"ручное"}},"emcosID":null,"emcosMLID":null,"codMaketTEP":null,"codTEP":null,"WSName":"PS","rangeAddress":"$AS$55:$AS$92","headAddress":"$AS$55","bodyAddress":"$AS$56:$AS$92","_name":"прием"}},"emcosID":null,"emcosMLID":null,"codMaketTEP":null,"codTEP":null,"WSName":"PS","rangeAddress":"$AS$54:$AS$92","headAddress":"$AS$54","bodyAddress":"$AS$55:$AS$92","_name":"с.н. ЮКГРЭС"},"DB":{"_level":0,"parentID":"33f92c86-e189-4282-b372-d06af9e86140","firstParentID":"33f92c86-e189-4282-b372-d06af9e86140","ID":"842b43ac-f965-4554-a193-368f28f3bce8","childs":{"прием":{"_level":1,"parentID":"842b43ac-f965-4554-a193-368f28f3bce8","firstParentID":"33f92c86-e189-4282-b372-d06af9e86140","ID":"67ff2c8b-c582-4d1c-b22a-ab0b6aea9314","childs":{"код":{"_level":2,"parentID":"67ff2c8b-c582-4d1c-b22a-ab0b6aea9314","firstParentID":"33f92c86-e189-4282-b372-d06af9e86140","ID":"23a7bfa0-eeba-4e0c-a3cf-3ba00960822a","childs":null,"emcosID":null,"emcosMLID":null,"codMaketTEP":null,"codTEP":null,"WSName":"DB","rangeAddress":"$AL$181:$AL$218","headAddress":"$AL$181","bodyAddress":"$AL$182:$AL$218","_name":"код"},"основное":{"_level":2,"parentID":"67ff2c8b-c582-4d1c-b22a-ab0b6aea9314","firstParentID":"33f92c86-e189-4282-b372-d06af9e86140","ID":"49b18dd7-e98f-4a12-a45d-5c3defffef5f","childs":null,"emcosID":null,"emcosMLID":null,"codMaketTEP":null,"codTEP":null,"WSName":"DB","rangeAddress":"$AM$181:$AM$218","headAddress":"$AM$181","bodyAddress":"$AM$182:$AM$218","_name":"основное"},"корректировка факт":{"_level":2,"parentID":"67ff2c8b-c582-4d1c-b22a-ab0b6aea9314","firstParentID":"33f92c86-e189-4282-b372-d06af9e86140","ID":"e12b781b-576e-460b-8910-b6676c63c242","childs":null,"emcosID":null,"emcosMLID":null,"codMaketTEP":null,"codTEP":null,"WSName":"DB","rangeAddress":"$AN$181:$AN$218","headAddress":"$AN$181","bodyAddress":"$AN$182:$AN$218","_name":"корректировка факт"},"ручное":{"_level":2,"parentID":"67ff2c8b-c582-4d1c-b22a-ab0b6aea9314","firstParentID":"33f92c86-e189-4282-b372-d06af9e86140","ID":"31245788-34ae-4878-847c-47567799613d","childs":null,"emcosID":null,"emcosMLID":null,"codMaketTEP":null,"codTEP":null,"WSName":"DB","rangeAddress":"$AO$181:$AO$218","headAddress":"$AO$181","bodyAddress":"$AO$182:$AO$218","_name":"ручное"}},"emcosID":null,"emcosMLID":null,"codMaketTEP":null,"codTEP":null,"WSName":"DB","rangeAddress":"$AL$180:$AO$218","headAddress":"$AL$180:$AO$180","bodyAddress":"$AL$181:$AO$218","_name":"прием"}},"emcosID":null,"emcosMLID":null,"codMaketTEP":null,"codTEP":null,"WSName":"DB","rangeAddress":"$AL$179:$AO$218","headAddress":"$AL$179:$AO$179","bodyAddress":"$AL$180:$AO$218","_name":"с.н. ЮКГРЭС"}},"codPlan":null,"meterCoef":null,"_name":"с.н. ЮКГРЭС"}