{"ID":"4c79a900-c5df-4833-b086-0eddec3d0eb3","childs":{"PS":{"_level":0,"parentID":"4c79a900-c5df-4833-b086-0eddec3d0eb3","firstParentID":"4c79a900-c5df-4833-b086-0eddec3d0eb3","ID":"297aad7f-b68c-4225-b2ed-bd3f05520492","childs":{"прием":{"_level":1,"parentID":"297aad7f-b68c-4225-b2ed-bd3f05520492","firstParentID":"4c79a900-c5df-4833-b086-0eddec3d0eb3","ID":"9afa3ea7-acdc-414d-aa2a-26b133b8d734","childs":{"оперативное":{"_level":2,"parentID":"9afa3ea7-acdc-414d-aa2a-26b133b8d734","firstParentID":"4c79a900-c5df-4833-b086-0eddec3d0eb3","ID":"f6a38838-a9b2-4ce6-8b84-c9dab87fb14b","childs":null,"emcosID":null,"emcosMLID":null,"codMaketTEP":null,"codTEP":null,"WSName":"PS","rangeAddress":"$IK$99:$IK$135","headAddress":"$IK$99","bodyAddress":"$IK$100:$IK$135","_name":"оперативное"}},"emcosID":null,"emcosMLID":null,"codMaketTEP":null,"codTEP":null,"WSName":"PS","rangeAddress":"$IK$98:$IK$135","headAddress":"$IK$98","bodyAddress":"$IK$99:$IK$135","_name":"прием"},"отдача":{"_level":1,"parentID":"297aad7f-b68c-4225-b2ed-bd3f05520492","firstParentID":"4c79a900-c5df-4833-b086-0eddec3d0eb3","ID":"1e1984b1-2f70-437b-8030-bd4862668b57","childs":{"оперативное":{"_level":2,"parentID":"1e1984b1-2f70-437b-8030-bd4862668b57","firstParentID":"4c79a900-c5df-4833-b086-0eddec3d0eb3","ID":"c7a7f042-4e83-4bd7-8817-587b739027d4","childs":null,"emcosID":null,"emcosMLID":null,"codMaketTEP":null,"codTEP":null,"WSName":"PS","rangeAddress":"$IL$99:$IL$135","headAddress":"$IL$99","bodyAddress":"$IL$100:$IL$135","_name":"оперативное"}},"emcosID":null,"emcosMLID":null,"codMaketTEP":null,"codTEP":null,"WSName":"PS","rangeAddress":"$IL$98:$IL$135","headAddress":"$IL$98","bodyAddress":"$IL$99:$IL$135","_name":"отдача"}},"emcosID":null,"emcosMLID":null,"codMaketTEP":null,"codTEP":null,"WSName":"PS","rangeAddress":"$IK$97:$IL$135","headAddress":"$IK$97:$IL$97","bodyAddress":"$IK$98:$IL$135","_name":"Л2413 Бесагаш Кенсай 166А"},"DB":{"_level":0,"parentID":"4c79a900-c5df-4833-b086-0eddec3d0eb3","firstParentID":"4c79a900-c5df-4833-b086-0eddec3d0eb3","ID":"18ac0eb8-e552-4281-b8df-de2c3f260bf9","childs":{"прием":{"_level":1,"parentID":"18ac0eb8-e552-4281-b8df-de2c3f260bf9","firstParentID":"4c79a900-c5df-4833-b086-0eddec3d0eb3","ID":"6fbdbf09-59fd-4abb-bc19-d2b13f6b0352","childs":{"код":{"_level":2,"parentID":"6fbdbf09-59fd-4abb-bc19-d2b13f6b0352","firstParentID":"4c79a900-c5df-4833-b086-0eddec3d0eb3","ID":"e327cc97-df2e-434d-a9c1-48ad844613d0","childs":null,"emcosID":null,"emcosMLID":null,"codMaketTEP":null,"codTEP":null,"WSName":"DB","rangeAddress":"$BS$95:$BS$132","headAddress":"$BS$95","bodyAddress":"$BS$96:$BS$132","_name":"код"},"основное":{"_level":2,"parentID":"6fbdbf09-59fd-4abb-bc19-d2b13f6b0352","firstParentID":"4c79a900-c5df-4833-b086-0eddec3d0eb3","ID":"de30c0f2-a2ce-45bf-8b3b-b405aeb17789","childs":null,"emcosID":null,"emcosMLID":null,"codMaketTEP":null,"codTEP":null,"WSName":"DB","rangeAddress":"$BT$95:$BT$132","headAddress":"$BT$95","bodyAddress":"$BT$96:$BT$132","_name":"основное"},"корректировка факт":{"_level":2,"parentID":"6fbdbf09-59fd-4abb-bc19-d2b13f6b0352","firstParentID":"4c79a900-c5df-4833-b086-0eddec3d0eb3","ID":"8f9697c7-f45b-4617-a792-9fc834ed775a","childs":null,"emcosID":null,"emcosMLID":null,"codMaketTEP":null,"codTEP":null,"WSName":"DB","rangeAddress":"$BU$95:$BU$132","headAddress":"$BU$95","bodyAddress":"$BU$96:$BU$132","_name":"корректировка факт"},"ручное":{"_level":2,"parentID":"6fbdbf09-59fd-4abb-bc19-d2b13f6b0352","firstParentID":"4c79a900-c5df-4833-b086-0eddec3d0eb3","ID":"7da76f82-2efe-4387-a75c-f8a4d4e74b0d","childs":null,"emcosID":null,"emcosMLID":null,"codMaketTEP":null,"codTEP":null,"WSName":"DB","rangeAddress":"$BV$95:$BV$132","headAddress":"$BV$95","bodyAddress":"$BV$96:$BV$132","_name":"ручное"},"оперативное":{"_level":2,"parentID":"6fbdbf09-59fd-4abb-bc19-d2b13f6b0352","firstParentID":"4c79a900-c5df-4833-b086-0eddec3d0eb3","ID":"139c602e-9c60-4603-8d6c-97505d9d1c17","childs":null,"emcosID":null,"emcosMLID":null,"codMaketTEP":null,"codTEP":null,"WSName":"DB","rangeAddress":"$BW$95:$BW$132","headAddress":"$BW$95","bodyAddress":"$BW$96:$BW$132","_name":"оперативное"}},"emcosID":null,"emcosMLID":null,"codMaketTEP":null,"codTEP":null,"WSName":"DB","rangeAddress":"$BS$94:$BW$132","headAddress":"$BS$94:$BW$94","bodyAddress":"$BS$95:$BW$132","_name":"прием"},"отдача":{"_level":1,"parentID":"18ac0eb8-e552-4281-b8df-de2c3f260bf9","firstParentID":"4c79a900-c5df-4833-b086-0eddec3d0eb3","ID":"0f0ee1ba-54c6-43e4-860f-88f694cd28bf","childs":{"код":{"_level":2,"parentID":"0f0ee1ba-54c6-43e4-860f-88f694cd28bf","firstParentID":"4c79a900-c5df-4833-b086-0eddec3d0eb3","ID":"59de6dfd-d404-479f-beec-2969c7d16f94","childs":null,"emcosID":null,"emcosMLID":null,"codMaketTEP":null,"codTEP":null,"WSName":"DB","rangeAddress":"$BX$95:$BX$132","headAddress":"$BX$95","bodyAddress":"$BX$96:$BX$132","_name":"код"},"основное":{"_level":2,"parentID":"0f0ee1ba-54c6-43e4-860f-88f694cd28bf","firstParentID":"4c79a900-c5df-4833-b086-0eddec3d0eb3","ID":"0eb9e8c9-6914-46db-9693-a17905fe368a","childs":null,"emcosID":null,"emcosMLID":null,"codMaketTEP":null,"codTEP":null,"WSName":"DB","rangeAddress":"$BY$95:$BY$132","headAddress":"$BY$95","bodyAddress":"$BY$96:$BY$132","_name":"основное"},"корректировка факт":{"_level":2,"parentID":"0f0ee1ba-54c6-43e4-860f-88f694cd28bf","firstParentID":"4c79a900-c5df-4833-b086-0eddec3d0eb3","ID":"6bf528fb-2f97-4406-b8c4-a5b470e2cf8d","childs":null,"emcosID":null,"emcosMLID":null,"codMaketTEP":null,"codTEP":null,"WSName":"DB","rangeAddress":"$BZ$95:$BZ$132","headAddress":"$BZ$95","bodyAddress":"$BZ$96:$BZ$132","_name":"корректировка факт"},"ручное":{"_level":2,"parentID":"0f0ee1ba-54c6-43e4-860f-88f694cd28bf","firstParentID":"4c79a900-c5df-4833-b086-0eddec3d0eb3","ID":"cfaaa55e-1f53-4383-8863-93075704b66d","childs":null,"emcosID":null,"emcosMLID":null,"codMaketTEP":null,"codTEP":null,"WSName":"DB","rangeAddress":"$CA$95:$CA$132","headAddress":"$CA$95","bodyAddress":"$CA$96:$CA$132","_name":"ручное"},"оперативное":{"_level":2,"parentID":"0f0ee1ba-54c6-43e4-860f-88f694cd28bf","firstParentID":"4c79a900-c5df-4833-b086-0eddec3d0eb3","ID":"b57693ca-6cf9-4f29-9a44-232b09d27e39","childs":null,"emcosID":null,"emcosMLID":null,"codMaketTEP":null,"codTEP":null,"WSName":"DB","rangeAddress":"$CB$95:$CB$132","headAddress":"$CB$95","bodyAddress":"$CB$96:$CB$132","_name":"оперативное"}},"emcosID":null,"emcosMLID":null,"codMaketTEP":null,"codTEP":null,"WSName":"DB","rangeAddress":"$BX$94:$CB$132","headAddress":"$BX$94:$CB$94","bodyAddress":"$BX$95:$CB$132","_name":"отдача"}},"emcosID":null,"emcosMLID":null,"codMaketTEP":null,"codTEP":null,"WSName":"DB","rangeAddress":"$BS$93:$CB$132","headAddress":"$BS$93:$CB$93","bodyAddress":"$BS$94:$CB$132","_name":"Л2413 Бесагаш Кенсай 166А"}},"codPlan":null,"meterCoef":null,"_name":"Л2413 Бесагаш Кенсай 166А"}