{"ID":"58276761-57d0-4b64-b0a0-86ad7afb5ff3","childs":{"PS":{"_level":0,"parentID":"58276761-57d0-4b64-b0a0-86ad7afb5ff3","firstParentID":"58276761-57d0-4b64-b0a0-86ad7afb5ff3","ID":"ee6af680-e830-46d1-8f7d-6f5526e8ca4e","childs":{"прием":{"_level":1,"parentID":"ee6af680-e830-46d1-8f7d-6f5526e8ca4e","firstParentID":"58276761-57d0-4b64-b0a0-86ad7afb5ff3","ID":"31061568-b445-4d9c-a1fb-9796d235d887","childs":{"по плану":{"_level":2,"parentID":"31061568-b445-4d9c-a1fb-9796d235d887","firstParentID":"58276761-57d0-4b64-b0a0-86ad7afb5ff3","ID":"9df8af9f-071c-4645-8d90-ff2cb064b4b0","childs":null,"emcosID":null,"emcosMLID":null,"codMaketTEP":null,"codTEP":null,"WSName":"PS","rangeAddress":"$AM$185:$AM$221","headAddress":"$AM$185","bodyAddress":"$AM$186:$AM$221","_name":"по плану"}},"emcosID":null,"emcosMLID":null,"codMaketTEP":1308,"codTEP":null,"WSName":"PS","rangeAddress":"$AM$184:$AM$221","headAddress":"$AM$184","bodyAddress":"$AM$185:$AM$221","_name":"прием"},"план":{"_level":1,"parentID":"ee6af680-e830-46d1-8f7d-6f5526e8ca4e","firstParentID":"58276761-57d0-4b64-b0a0-86ad7afb5ff3","ID":"6dd8c8f9-187c-470d-a183-62fd86c6c5ea","childs":{"заявка":{"_level":2,"parentID":"6dd8c8f9-187c-470d-a183-62fd86c6c5ea","firstParentID":"58276761-57d0-4b64-b0a0-86ad7afb5ff3","ID":"08d9e15a-609d-42b1-9097-962cc2cb7e76","childs":null,"emcosID":null,"emcosMLID":null,"codMaketTEP":null,"codTEP":null,"WSName":"PS","rangeAddress":"$AN$185:$AN$221","headAddress":"$AN$185","bodyAddress":"$AN$186:$AN$221","_name":"заявка"}},"emcosID":null,"emcosMLID":null,"codMaketTEP":null,"codTEP":null,"WSName":"PS","rangeAddress":"$AN$184:$AN$221","headAddress":"$AN$184","bodyAddress":"$AN$185:$AN$221","_name":"план"}},"emcosID":null,"emcosMLID":null,"codMaketTEP":null,"codTEP":null,"WSName":"PS","rangeAddress":"$AM$183:$AN$221","headAddress":"$AM$183:$AN$183","bodyAddress":"$AM$184:$AN$221","_name":"Потребление Almaty Kuat"},"DB":{"_level":0,"parentID":"58276761-57d0-4b64-b0a0-86ad7afb5ff3","firstParentID":"58276761-57d0-4b64-b0a0-86ad7afb5ff3","ID":"bf1f2d35-1671-4e62-bc28-03059953f23b","childs":{"прием":{"_level":1,"parentID":"bf1f2d35-1671-4e62-bc28-03059953f23b","firstParentID":"58276761-57d0-4b64-b0a0-86ad7afb5ff3","ID":"5d61d55b-5dd1-4746-9cca-50bdc0121145","childs":{"код":{"_level":2,"parentID":"5d61d55b-5dd1-4746-9cca-50bdc0121145","firstParentID":"58276761-57d0-4b64-b0a0-86ad7afb5ff3","ID":"17443ec0-b9a3-4faf-afe5-f2345b17ca48","childs":null,"emcosID":null,"emcosMLID":null,"codMaketTEP":null,"codTEP":null,"WSName":"DB","rangeAddress":"$GX$439:$GX$476","headAddress":"$GX$439","bodyAddress":"$GX$440:$GX$476","_name":"код"},"основное":{"_level":2,"parentID":"5d61d55b-5dd1-4746-9cca-50bdc0121145","firstParentID":"58276761-57d0-4b64-b0a0-86ad7afb5ff3","ID":"2bbc6ca1-c5d0-45ae-b163-efd17caa54d9","childs":null,"emcosID":null,"emcosMLID":null,"codMaketTEP":null,"codTEP":null,"WSName":"DB","rangeAddress":"$GY$439:$GY$476","headAddress":"$GY$439","bodyAddress":"$GY$440:$GY$476","_name":"основное"},"корректировка факт":{"_level":2,"parentID":"5d61d55b-5dd1-4746-9cca-50bdc0121145","firstParentID":"58276761-57d0-4b64-b0a0-86ad7afb5ff3","ID":"1209cdfe-5f15-4cf6-ac65-8db179181f86","childs":null,"emcosID":null,"emcosMLID":null,"codMaketTEP":null,"codTEP":null,"WSName":"DB","rangeAddress":"$GZ$439:$GZ$476","headAddress":"$GZ$439","bodyAddress":"$GZ$440:$GZ$476","_name":"корректировка факт"},"ручное":{"_level":2,"parentID":"5d61d55b-5dd1-4746-9cca-50bdc0121145","firstParentID":"58276761-57d0-4b64-b0a0-86ad7afb5ff3","ID":"bc5fdbbd-f345-4ef9-8687-b6fed9c03b51","childs":null,"emcosID":null,"emcosMLID":null,"codMaketTEP":null,"codTEP":null,"WSName":"DB","rangeAddress":"$HA$439:$HA$476","headAddress":"$HA$439","bodyAddress":"$HA$440:$HA$476","_name":"ручное"},"по плану":{"_level":2,"parentID":"5d61d55b-5dd1-4746-9cca-50bdc0121145","firstParentID":"58276761-57d0-4b64-b0a0-86ad7afb5ff3","ID":"ae49e419-8673-4a5e-9e0a-3081f3b4e26d","childs":null,"emcosID":null,"emcosMLID":null,"codMaketTEP":null,"codTEP":null,"WSName":"DB","rangeAddress":"$HB$439:$HB$476","headAddress":"$HB$439","bodyAddress":"$HB$440:$HB$476","_name":"по плану"}},"emcosID":null,"emcosMLID":null,"codMaketTEP":null,"codTEP":null,"WSName":"DB","rangeAddress":"$GX$438:$HB$476","headAddress":"$GX$438:$HB$438","bodyAddress":"$GX$439:$HB$476","_name":"прием"},"план":{"_level":1,"parentID":"bf1f2d35-1671-4e62-bc28-03059953f23b","firstParentID":"58276761-57d0-4b64-b0a0-86ad7afb5ff3","ID":"8cbf9e71-b374-429a-b3aa-8ec43f302585","childs":{"код":{"_level":2,"parentID":"8cbf9e71-b374-429a-b3aa-8ec43f302585","firstParentID":"58276761-57d0-4b64-b0a0-86ad7afb5ff3","ID":"4a75266c-320b-4ea0-9919-597d55ee4800","childs":null,"emcosID":null,"emcosMLID":null,"codMaketTEP":null,"codTEP":null,"WSName":"DB","rangeAddress":"$HC$439:$HC$476","headAddress":"$HC$439","bodyAddress":"$HC$440:$HC$476","_name":"код"},"основное":{"_level":2,"parentID":"8cbf9e71-b374-429a-b3aa-8ec43f302585","firstParentID":"58276761-57d0-4b64-b0a0-86ad7afb5ff3","ID":"ef9704c5-055a-4c09-bc82-a4028a59e6dc","childs":null,"emcosID":null,"emcosMLID":null,"codMaketTEP":null,"codTEP":null,"WSName":"DB","rangeAddress":"$HD$439:$HD$476","headAddress":"$HD$439","bodyAddress":"$HD$440:$HD$476","_name":"основное"},"заявка":{"_level":2,"parentID":"8cbf9e71-b374-429a-b3aa-8ec43f302585","firstParentID":"58276761-57d0-4b64-b0a0-86ad7afb5ff3","ID":"dd8a58a0-01b7-4c1b-98ed-c95176b3f64c","childs":null,"emcosID":null,"emcosMLID":null,"codMaketTEP":null,"codTEP":null,"WSName":"DB","rangeAddress":"$HE$439:$HE$476","headAddress":"$HE$439","bodyAddress":"$HE$440:$HE$476","_name":"заявка"},"утвержденный":{"_level":2,"parentID":"8cbf9e71-b374-429a-b3aa-8ec43f302585","firstParentID":"58276761-57d0-4b64-b0a0-86ad7afb5ff3","ID":"ad402083-834d-43cd-b720-9149bca85c1e","childs":null,"emcosID":null,"emcosMLID":null,"codMaketTEP":null,"codTEP":null,"WSName":"DB","rangeAddress":"$HF$439:$HF$476","headAddress":"$HF$439","bodyAddress":"$HF$440:$HF$476","_name":"утвержденный"},"корректировка":{"_level":2,"parentID":"8cbf9e71-b374-429a-b3aa-8ec43f302585","firstParentID":"58276761-57d0-4b64-b0a0-86ad7afb5ff3","ID":"0cd69a24-97cf-4757-83ae-8e6e903902e2","childs":null,"emcosID":null,"emcosMLID":null,"codMaketTEP":null,"codTEP":null,"WSName":"DB","rangeAddress":"$HG$439:$HG$476","headAddress":"$HG$439","bodyAddress":"$HG$440:$HG$476","_name":"корректировка"}},"emcosID":null,"emcosMLID":null,"codMaketTEP":null,"codTEP":null,"WSName":"DB","rangeAddress":"$HC$438:$HG$476","headAddress":"$HC$438:$HG$438","bodyAddress":"$HC$439:$HG$476","_name":"план"}},"emcosID":null,"emcosMLID":null,"codMaketTEP":null,"codTEP":null,"WSName":"DB","rangeAddress":"$GX$437:$HG$476","headAddress":"$GX$437:$HG$437","bodyAddress":"$GX$438:$HG$476","_name":"Потребление Almaty Kuat"}},"codPlan":109,"meterCoef":null,"_name":"Потребление Almaty Kuat"}