{"ID":"831b8434-e0fc-49a2-a9fd-eac37593f199","childs":{"PS":{"_level":0,"parentID":"831b8434-e0fc-49a2-a9fd-eac37593f199","firstParentID":"831b8434-e0fc-49a2-a9fd-eac37593f199","ID":"67b6da45-26aa-4c45-84d6-928a8c183013","childs":{"прием":{"_level":1,"parentID":"67b6da45-26aa-4c45-84d6-928a8c183013","firstParentID":"831b8434-e0fc-49a2-a9fd-eac37593f199","ID":"5ea23fe7-c761-4bcb-add2-0d2855e72736","childs":{"по счетчику":{"_level":2,"parentID":"5ea23fe7-c761-4bcb-add2-0d2855e72736","firstParentID":"831b8434-e0fc-49a2-a9fd-eac37593f199","ID":"074d6a3d-fa08-4e49-bc48-3b585ebc7068","childs":null,"emcosID":null,"emcosMLID":null,"codMaketTEP":null,"codTEP":null,"WSName":"PS","rangeAddress":"$AF$56:$AF$92","headAddress":"$AF$56","bodyAddress":"$AF$57:$AF$92","_name":"по счетчику"}},"emcosID":null,"emcosMLID":null,"codMaketTEP":null,"codTEP":null,"WSName":"PS","rangeAddress":"$AF$55:$AF$92","headAddress":"$AF$55","bodyAddress":"$AF$56:$AF$92","_name":"прием"},"отдача":{"_level":1,"parentID":"67b6da45-26aa-4c45-84d6-928a8c183013","firstParentID":"831b8434-e0fc-49a2-a9fd-eac37593f199","ID":"a13e6897-32c4-4372-84db-60e28bfeba75","childs":{"по счетчику":{"_level":2,"parentID":"a13e6897-32c4-4372-84db-60e28bfeba75","firstParentID":"831b8434-e0fc-49a2-a9fd-eac37593f199","ID":"6f275eee-cee6-4cb9-8f22-a16730f94943","childs":null,"emcosID":null,"emcosMLID":null,"codMaketTEP":null,"codTEP":null,"WSName":"PS","rangeAddress":"$AG$56:$AG$92","headAddress":"$AG$56","bodyAddress":"$AG$57:$AG$92","_name":"по счетчику"}},"emcosID":null,"emcosMLID":null,"codMaketTEP":null,"codTEP":null,"WSName":"PS","rangeAddress":"$AG$55:$AG$92","headAddress":"$AG$55","bodyAddress":"$AG$56:$AG$92","_name":"отдача"}},"emcosID":null,"emcosMLID":null,"codMaketTEP":null,"codTEP":null,"WSName":"PS","rangeAddress":"$AF$54:$AG$92","headAddress":"$AF$54:$AG$54","bodyAddress":"$AF$55:$AG$92","_name":"Л2223 ЮКГРЭС"},"DB":{"_level":0,"parentID":"831b8434-e0fc-49a2-a9fd-eac37593f199","firstParentID":"831b8434-e0fc-49a2-a9fd-eac37593f199","ID":"9bfac24d-2390-45b0-a8ea-41973d18133d","childs":{"прием":{"_level":1,"parentID":"9bfac24d-2390-45b0-a8ea-41973d18133d","firstParentID":"831b8434-e0fc-49a2-a9fd-eac37593f199","ID":"4b304bdc-8d9e-4df3-85c3-128abda1b0ed","childs":{"код":{"_level":2,"parentID":"4b304bdc-8d9e-4df3-85c3-128abda1b0ed","firstParentID":"831b8434-e0fc-49a2-a9fd-eac37593f199","ID":"d747eb14-5579-4c03-bbf7-6a251870f429","childs":null,"emcosID":null,"emcosMLID":null,"codMaketTEP":null,"codTEP":null,"WSName":"DB","rangeAddress":"$LK$9:$LK$46","headAddress":"$LK$9","bodyAddress":"$LK$10:$LK$46","_name":"код"},"основное":{"_level":2,"parentID":"4b304bdc-8d9e-4df3-85c3-128abda1b0ed","firstParentID":"831b8434-e0fc-49a2-a9fd-eac37593f199","ID":"440364a9-e16c-46ab-93a0-60d476d23655","childs":null,"emcosID":null,"emcosMLID":null,"codMaketTEP":null,"codTEP":null,"WSName":"DB","rangeAddress":"$LL$9:$LL$46","headAddress":"$LL$9","bodyAddress":"$LL$10:$LL$46","_name":"основное"},"корректировка факт":{"_level":2,"parentID":"4b304bdc-8d9e-4df3-85c3-128abda1b0ed","firstParentID":"831b8434-e0fc-49a2-a9fd-eac37593f199","ID":"6a6fc045-0dc7-492f-b25d-3bb0dedfb635","childs":null,"emcosID":null,"emcosMLID":null,"codMaketTEP":null,"codTEP":null,"WSName":"DB","rangeAddress":"$LM$9:$LM$46","headAddress":"$LM$9","bodyAddress":"$LM$10:$LM$46","_name":"корректировка факт"},"ручное":{"_level":2,"parentID":"4b304bdc-8d9e-4df3-85c3-128abda1b0ed","firstParentID":"831b8434-e0fc-49a2-a9fd-eac37593f199","ID":"a375b590-93bc-4283-8c8a-faf43b28d1ae","childs":null,"emcosID":null,"emcosMLID":null,"codMaketTEP":null,"codTEP":null,"WSName":"DB","rangeAddress":"$LN$9:$LN$46","headAddress":"$LN$9","bodyAddress":"$LN$10:$LN$46","_name":"ручное"},"счетчик":{"_level":2,"parentID":"4b304bdc-8d9e-4df3-85c3-128abda1b0ed","firstParentID":"831b8434-e0fc-49a2-a9fd-eac37593f199","ID":"f3b9a299-6523-4b10-9a0f-4e005637fa33","childs":null,"emcosID":null,"emcosMLID":null,"codMaketTEP":null,"codTEP":null,"WSName":"DB","rangeAddress":"$LO$9:$LO$46","headAddress":"$LO$9","bodyAddress":"$LO$10:$LO$46","_name":"счетчик"},"по счетчику":{"_level":2,"parentID":"4b304bdc-8d9e-4df3-85c3-128abda1b0ed","firstParentID":"831b8434-e0fc-49a2-a9fd-eac37593f199","ID":"e7ab0d4d-f497-4613-86d7-a427f2529a1d","childs":null,"emcosID":null,"emcosMLID":null,"codMaketTEP":null,"codTEP":null,"WSName":"DB","rangeAddress":"$LP$9:$LP$46","headAddress":"$LP$9","bodyAddress":"$LP$10:$LP$46","_name":"по счетчику"}},"emcosID":null,"emcosMLID":null,"codMaketTEP":null,"codTEP":null,"WSName":"DB","rangeAddress":"$LK$8:$LP$46","headAddress":"$LK$8:$LP$8","bodyAddress":"$LK$9:$LP$46","_name":"прием"},"отдача":{"_level":1,"parentID":"9bfac24d-2390-45b0-a8ea-41973d18133d","firstParentID":"831b8434-e0fc-49a2-a9fd-eac37593f199","ID":"c10a938c-a466-4b52-8ece-85372dd3558b","childs":{"код":{"_level":2,"parentID":"c10a938c-a466-4b52-8ece-85372dd3558b","firstParentID":"831b8434-e0fc-49a2-a9fd-eac37593f199","ID":"82ad5fd8-b1d3-4bea-8151-8eb10efdaecf","childs":null,"emcosID":null,"emcosMLID":null,"codMaketTEP":null,"codTEP":null,"WSName":"DB","rangeAddress":"$LQ$9:$LQ$46","headAddress":"$LQ$9","bodyAddress":"$LQ$10:$LQ$46","_name":"код"},"основное":{"_level":2,"parentID":"c10a938c-a466-4b52-8ece-85372dd3558b","firstParentID":"831b8434-e0fc-49a2-a9fd-eac37593f199","ID":"55e77a17-e91a-4d8e-beb9-b6aed155c80f","childs":null,"emcosID":null,"emcosMLID":null,"codMaketTEP":null,"codTEP":null,"WSName":"DB","rangeAddress":"$LR$9:$LR$46","headAddress":"$LR$9","bodyAddress":"$LR$10:$LR$46","_name":"основное"},"корректировка факт":{"_level":2,"parentID":"c10a938c-a466-4b52-8ece-85372dd3558b","firstParentID":"831b8434-e0fc-49a2-a9fd-eac37593f199","ID":"cca08374-3168-4c1e-950e-15c5f0c1eb02","childs":null,"emcosID":null,"emcosMLID":null,"codMaketTEP":null,"codTEP":null,"WSName":"DB","rangeAddress":"$LS$9:$LS$46","headAddress":"$LS$9","bodyAddress":"$LS$10:$LS$46","_name":"корректировка факт"},"ручное":{"_level":2,"parentID":"c10a938c-a466-4b52-8ece-85372dd3558b","firstParentID":"831b8434-e0fc-49a2-a9fd-eac37593f199","ID":"403b5960-7641-4fea-8b74-217c9d7c7cde","childs":null,"emcosID":null,"emcosMLID":null,"codMaketTEP":null,"codTEP":null,"WSName":"DB","rangeAddress":"$LT$9:$LT$46","headAddress":"$LT$9","bodyAddress":"$LT$10:$LT$46","_name":"ручное"},"счетчик":{"_level":2,"parentID":"c10a938c-a466-4b52-8ece-85372dd3558b","firstParentID":"831b8434-e0fc-49a2-a9fd-eac37593f199","ID":"ab8f3b74-a917-4b51-b23b-952dbfdd98b0","childs":null,"emcosID":null,"emcosMLID":null,"codMaketTEP":null,"codTEP":null,"WSName":"DB","rangeAddress":"$LU$9:$LU$46","headAddress":"$LU$9","bodyAddress":"$LU$10:$LU$46","_name":"счетчик"},"по счетчику":{"_level":2,"parentID":"c10a938c-a466-4b52-8ece-85372dd3558b","firstParentID":"831b8434-e0fc-49a2-a9fd-eac37593f199","ID":"be56f131-a5ba-42f4-9c0b-7a8799d3f15e","childs":null,"emcosID":null,"emcosMLID":null,"codMaketTEP":null,"codTEP":null,"WSName":"DB","rangeAddress":"$LV$9:$LV$46","headAddress":"$LV$9","bodyAddress":"$LV$10:$LV$46","_name":"по счетчику"}},"emcosID":null,"emcosMLID":null,"codMaketTEP":null,"codTEP":null,"WSName":"DB","rangeAddress":"$LQ$8:$LV$46","headAddress":"$LQ$8:$LV$8","bodyAddress":"$LQ$9:$LV$46","_name":"отдача"}},"emcosID":null,"emcosMLID":null,"codMaketTEP":null,"codTEP":null,"WSName":"DB","rangeAddress":"$LK$7:$LV$46","headAddress":"$LK$7:$LV$7","bodyAddress":"$LK$8:$LV$46","_name":"Л2223 ЮКГРЭС"}},"codPlan":null,"meterCoef":"2200","_name":"Л2223 ЮКГРЭС"}