{"ID":"a46221d3-5884-47b2-886e-b14eda99c32e","childs":{"PS":{"_level":0,"parentID":"a46221d3-5884-47b2-886e-b14eda99c32e","firstParentID":"a46221d3-5884-47b2-886e-b14eda99c32e","ID":"81215d34-1b61-4fa3-9f71-a6f500835728","childs":{"прием":{"_level":1,"parentID":"81215d34-1b61-4fa3-9f71-a6f500835728","firstParentID":"a46221d3-5884-47b2-886e-b14eda99c32e","ID":"77bfc8fe-651b-4ced-aefc-bd4c93cc9538","childs":{"формула":{"_level":2,"parentID":"77bfc8fe-651b-4ced-aefc-bd4c93cc9538","firstParentID":"a46221d3-5884-47b2-886e-b14eda99c32e","ID":"cf577b41-35a6-490a-9431-1e606eb05284","childs":null,"emcosID":null,"emcosMLID":null,"codMaketTEP":null,"codTEP":null,"WSName":"PS","rangeAddress":"$AP$99:$AP$135","headAddress":"$AP$99","bodyAddress":"$AP$100:$AP$135","_name":"формула"}},"emcosID":null,"emcosMLID":null,"codMaketTEP":null,"codTEP":null,"WSName":"PS","rangeAddress":"$AP$98:$AP$135","headAddress":"$AP$98","bodyAddress":"$AP$99:$AP$135","_name":"прием"}},"emcosID":null,"emcosMLID":null,"codMaketTEP":null,"codTEP":null,"WSName":"PS","rangeAddress":"$AP$97:$AP$135","headAddress":"$AP$97","bodyAddress":"$AP$98:$AP$135","_name":"с.н. ПС126 Талдыкорган"},"DB":{"_level":0,"parentID":"a46221d3-5884-47b2-886e-b14eda99c32e","firstParentID":"a46221d3-5884-47b2-886e-b14eda99c32e","ID":"ede1b16b-6da6-4cb0-82cf-19aca78d6bff","childs":{"прием":{"_level":1,"parentID":"ede1b16b-6da6-4cb0-82cf-19aca78d6bff","firstParentID":"a46221d3-5884-47b2-886e-b14eda99c32e","ID":"1476621d-2f19-46a1-bfd0-dbe9a4862778","childs":{"код":{"_level":2,"parentID":"1476621d-2f19-46a1-bfd0-dbe9a4862778","firstParentID":"a46221d3-5884-47b2-886e-b14eda99c32e","ID":"cfa080de-deb0-471c-b4f9-2385148af4ba","childs":null,"emcosID":null,"emcosMLID":null,"codMaketTEP":null,"codTEP":null,"WSName":"DB","rangeAddress":"$GC$224:$GC$261","headAddress":"$GC$224","bodyAddress":"$GC$225:$GC$261","_name":"код"},"основное":{"_level":2,"parentID":"1476621d-2f19-46a1-bfd0-dbe9a4862778","firstParentID":"a46221d3-5884-47b2-886e-b14eda99c32e","ID":"81d61fd5-1f0f-4a87-b07e-aa98e39513ef","childs":null,"emcosID":null,"emcosMLID":null,"codMaketTEP":null,"codTEP":null,"WSName":"DB","rangeAddress":"$GD$224:$GD$261","headAddress":"$GD$224","bodyAddress":"$GD$225:$GD$261","_name":"основное"},"корректировка факт":{"_level":2,"parentID":"1476621d-2f19-46a1-bfd0-dbe9a4862778","firstParentID":"a46221d3-5884-47b2-886e-b14eda99c32e","ID":"14453dd7-b2c6-44ab-91e6-56dbad95da34","childs":null,"emcosID":null,"emcosMLID":null,"codMaketTEP":null,"codTEP":null,"WSName":"DB","rangeAddress":"$GE$224:$GE$261","headAddress":"$GE$224","bodyAddress":"$GE$225:$GE$261","_name":"корректировка факт"},"ручное":{"_level":2,"parentID":"1476621d-2f19-46a1-bfd0-dbe9a4862778","firstParentID":"a46221d3-5884-47b2-886e-b14eda99c32e","ID":"c468984f-729b-45cf-a8f7-153b772a86da","childs":null,"emcosID":null,"emcosMLID":null,"codMaketTEP":null,"codTEP":null,"WSName":"DB","rangeAddress":"$GF$224:$GF$261","headAddress":"$GF$224","bodyAddress":"$GF$225:$GF$261","_name":"ручное"},"формула":{"_level":2,"parentID":"1476621d-2f19-46a1-bfd0-dbe9a4862778","firstParentID":"a46221d3-5884-47b2-886e-b14eda99c32e","ID":"adf32016-01f6-48e1-984f-ccaaf15c8a83","childs":null,"emcosID":null,"emcosMLID":null,"codMaketTEP":null,"codTEP":null,"WSName":"DB","rangeAddress":"$GG$224:$GG$261","headAddress":"$GG$224","bodyAddress":"$GG$225:$GG$261","_name":"формула"}},"emcosID":null,"emcosMLID":null,"codMaketTEP":null,"codTEP":null,"WSName":"DB","rangeAddress":"$GC$223:$GG$261","headAddress":"$GC$223:$GG$223","bodyAddress":"$GC$224:$GG$261","_name":"прием"}},"emcosID":null,"emcosMLID":null,"codMaketTEP":null,"codTEP":null,"WSName":"DB","rangeAddress":"$GC$222:$GG$261","headAddress":"$GC$222:$GG$222","bodyAddress":"$GC$223:$GG$261","_name":"с.н. ПС126 Талдыкорган"}},"codPlan":null,"meterCoef":null,"_name":"с.н. ПС126 Талдыкорган"}