{"ID":"a7f9f165-0e9b-46cd-a643-8dc05a69ec26","childs":{"PS":{"_level":0,"parentID":"a7f9f165-0e9b-46cd-a643-8dc05a69ec26","firstParentID":"a7f9f165-0e9b-46cd-a643-8dc05a69ec26","ID":"8c02dfa1-f185-4615-b372-1518a39ff9a8","childs":{"прием":{"_level":1,"parentID":"8c02dfa1-f185-4615-b372-1518a39ff9a8","firstParentID":"a7f9f165-0e9b-46cd-a643-8dc05a69ec26","ID":"05dd22c9-0210-4f99-a19e-11ede1185140","childs":{"оперативное":{"_level":2,"parentID":"05dd22c9-0210-4f99-a19e-11ede1185140","firstParentID":"a7f9f165-0e9b-46cd-a643-8dc05a69ec26","ID":"bbb3110b-0f40-4dd8-819a-7090967a7d23","childs":null,"emcosID":null,"emcosMLID":null,"codMaketTEP":null,"codTEP":null,"WSName":"PS","rangeAddress":"$IZ$99:$IZ$135","headAddress":"$IZ$99","bodyAddress":"$IZ$100:$IZ$135","_name":"оперативное"}},"emcosID":null,"emcosMLID":null,"codMaketTEP":null,"codTEP":null,"WSName":"PS","rangeAddress":"$IZ$98:$IZ$135","headAddress":"$IZ$98","bodyAddress":"$IZ$99:$IZ$135","_name":"прием"},"отдача":{"_level":1,"parentID":"8c02dfa1-f185-4615-b372-1518a39ff9a8","firstParentID":"a7f9f165-0e9b-46cd-a643-8dc05a69ec26","ID":"13ab8b0b-0461-493a-b7c9-f42d8003a4aa","childs":{"оперативное":{"_level":2,"parentID":"13ab8b0b-0461-493a-b7c9-f42d8003a4aa","firstParentID":"a7f9f165-0e9b-46cd-a643-8dc05a69ec26","ID":"b57b9d69-c5f6-402c-8037-99dfaa54c36b","childs":null,"emcosID":null,"emcosMLID":null,"codMaketTEP":null,"codTEP":null,"WSName":"PS","rangeAddress":"$JA$99:$JA$135","headAddress":"$JA$99","bodyAddress":"$JA$100:$JA$135","_name":"оперативное"}},"emcosID":null,"emcosMLID":null,"codMaketTEP":null,"codTEP":null,"WSName":"PS","rangeAddress":"$JA$98:$JA$135","headAddress":"$JA$98","bodyAddress":"$JA$99:$JA$135","_name":"отдача"}},"emcosID":null,"emcosMLID":null,"codMaketTEP":null,"codTEP":null,"WSName":"PS","rangeAddress":"$IZ$97:$JA$135","headAddress":"$IZ$97:$JA$97","bodyAddress":"$IZ$98:$JA$135","_name":"АТ1 Капчагайская 62А"},"DB":{"_level":0,"parentID":"a7f9f165-0e9b-46cd-a643-8dc05a69ec26","firstParentID":"a7f9f165-0e9b-46cd-a643-8dc05a69ec26","ID":"2359551d-6dea-475d-8841-bb3627d2af6a","childs":{"прием":{"_level":1,"parentID":"2359551d-6dea-475d-8841-bb3627d2af6a","firstParentID":"a7f9f165-0e9b-46cd-a643-8dc05a69ec26","ID":"4c949a85-5a74-4148-993a-76366a326b39","childs":{"код":{"_level":2,"parentID":"4c949a85-5a74-4148-993a-76366a326b39","firstParentID":"a7f9f165-0e9b-46cd-a643-8dc05a69ec26","ID":"b2d13da6-59cf-432d-996b-f170ac1b7b5e","childs":null,"emcosID":null,"emcosMLID":null,"codMaketTEP":null,"codTEP":null,"WSName":"DB","rangeAddress":"$BA$310:$BA$347","headAddress":"$BA$310","bodyAddress":"$BA$311:$BA$347","_name":"код"},"основное":{"_level":2,"parentID":"4c949a85-5a74-4148-993a-76366a326b39","firstParentID":"a7f9f165-0e9b-46cd-a643-8dc05a69ec26","ID":"9ea2a66a-3968-40e7-9fc5-c1c39e0fe680","childs":null,"emcosID":null,"emcosMLID":null,"codMaketTEP":null,"codTEP":null,"WSName":"DB","rangeAddress":"$BB$310:$BB$347","headAddress":"$BB$310","bodyAddress":"$BB$311:$BB$347","_name":"основное"},"корректировка факт":{"_level":2,"parentID":"4c949a85-5a74-4148-993a-76366a326b39","firstParentID":"a7f9f165-0e9b-46cd-a643-8dc05a69ec26","ID":"94d48212-1f9c-4cc0-835b-3d117a5c82f8","childs":null,"emcosID":null,"emcosMLID":null,"codMaketTEP":null,"codTEP":null,"WSName":"DB","rangeAddress":"$BC$310:$BC$347","headAddress":"$BC$310","bodyAddress":"$BC$311:$BC$347","_name":"корректировка факт"},"ручное":{"_level":2,"parentID":"4c949a85-5a74-4148-993a-76366a326b39","firstParentID":"a7f9f165-0e9b-46cd-a643-8dc05a69ec26","ID":"7b8d8108-2002-4705-8a99-1d3b1fd3f8bf","childs":null,"emcosID":null,"emcosMLID":null,"codMaketTEP":null,"codTEP":null,"WSName":"DB","rangeAddress":"$BD$310:$BD$347","headAddress":"$BD$310","bodyAddress":"$BD$311:$BD$347","_name":"ручное"},"оперативное":{"_level":2,"parentID":"4c949a85-5a74-4148-993a-76366a326b39","firstParentID":"a7f9f165-0e9b-46cd-a643-8dc05a69ec26","ID":"f3d99312-56d1-4e83-9651-c57124765f03","childs":null,"emcosID":null,"emcosMLID":null,"codMaketTEP":null,"codTEP":null,"WSName":"DB","rangeAddress":"$BE$310:$BE$347","headAddress":"$BE$310","bodyAddress":"$BE$311:$BE$347","_name":"оперативное"}},"emcosID":null,"emcosMLID":null,"codMaketTEP":null,"codTEP":null,"WSName":"DB","rangeAddress":"$BA$309:$BE$347","headAddress":"$BA$309:$BE$309","bodyAddress":"$BA$310:$BE$347","_name":"прием"},"отдача":{"_level":1,"parentID":"2359551d-6dea-475d-8841-bb3627d2af6a","firstParentID":"a7f9f165-0e9b-46cd-a643-8dc05a69ec26","ID":"77a35bee-7568-4ef0-9ab9-a1ef6ba653e9","childs":{"код":{"_level":2,"parentID":"77a35bee-7568-4ef0-9ab9-a1ef6ba653e9","firstParentID":"a7f9f165-0e9b-46cd-a643-8dc05a69ec26","ID":"9dbd4ddd-a0b6-4439-adc3-f36b0d981f33","childs":null,"emcosID":null,"emcosMLID":null,"codMaketTEP":null,"codTEP":null,"WSName":"DB","rangeAddress":"$BF$310:$BF$347","headAddress":"$BF$310","bodyAddress":"$BF$311:$BF$347","_name":"код"},"основное":{"_level":2,"parentID":"77a35bee-7568-4ef0-9ab9-a1ef6ba653e9","firstParentID":"a7f9f165-0e9b-46cd-a643-8dc05a69ec26","ID":"c35bbf84-b0a1-4d11-9927-24d9cd7cbb3d","childs":null,"emcosID":null,"emcosMLID":null,"codMaketTEP":null,"codTEP":null,"WSName":"DB","rangeAddress":"$BG$310:$BG$347","headAddress":"$BG$310","bodyAddress":"$BG$311:$BG$347","_name":"основное"},"корректировка факт":{"_level":2,"parentID":"77a35bee-7568-4ef0-9ab9-a1ef6ba653e9","firstParentID":"a7f9f165-0e9b-46cd-a643-8dc05a69ec26","ID":"a36075c9-d342-4f4c-a16f-35cae6cacc38","childs":null,"emcosID":null,"emcosMLID":null,"codMaketTEP":null,"codTEP":null,"WSName":"DB","rangeAddress":"$BH$310:$BH$347","headAddress":"$BH$310","bodyAddress":"$BH$311:$BH$347","_name":"корректировка факт"},"ручное":{"_level":2,"parentID":"77a35bee-7568-4ef0-9ab9-a1ef6ba653e9","firstParentID":"a7f9f165-0e9b-46cd-a643-8dc05a69ec26","ID":"63147524-8782-45ab-b685-7d514392a1f5","childs":null,"emcosID":null,"emcosMLID":null,"codMaketTEP":null,"codTEP":null,"WSName":"DB","rangeAddress":"$BI$310:$BI$347","headAddress":"$BI$310","bodyAddress":"$BI$311:$BI$347","_name":"ручное"},"оперативное":{"_level":2,"parentID":"77a35bee-7568-4ef0-9ab9-a1ef6ba653e9","firstParentID":"a7f9f165-0e9b-46cd-a643-8dc05a69ec26","ID":"1f90f4af-f31e-409a-964a-15f6d4f7a204","childs":null,"emcosID":null,"emcosMLID":null,"codMaketTEP":null,"codTEP":null,"WSName":"DB","rangeAddress":"$BJ$310:$BJ$347","headAddress":"$BJ$310","bodyAddress":"$BJ$311:$BJ$347","_name":"оперативное"}},"emcosID":null,"emcosMLID":null,"codMaketTEP":null,"codTEP":null,"WSName":"DB","rangeAddress":"$BF$309:$BJ$347","headAddress":"$BF$309:$BJ$309","bodyAddress":"$BF$310:$BJ$347","_name":"отдача"}},"emcosID":null,"emcosMLID":null,"codMaketTEP":null,"codTEP":null,"WSName":"DB","rangeAddress":"$BA$308:$BJ$347","headAddress":"$BA$308:$BJ$308","bodyAddress":"$BA$309:$BJ$347","_name":"АТ1 Капчагайская 62А"}},"codPlan":null,"meterCoef":null,"_name":"АТ1 Капчагайская 62А"}