{"ID":"a986993b-d6a3-474b-bd68-a6e9b2dceecf","childs":{"PS":{"_level":0,"parentID":"a986993b-d6a3-474b-bd68-a6e9b2dceecf","firstParentID":"a986993b-d6a3-474b-bd68-a6e9b2dceecf","ID":"5796dbef-02ea-4bba-bc0e-4673377a6e99","childs":{"прием":{"_level":1,"parentID":"5796dbef-02ea-4bba-bc0e-4673377a6e99","firstParentID":"a986993b-d6a3-474b-bd68-a6e9b2dceecf","ID":"13c179fb-69a7-435a-bdef-be1ccab6f0db","childs":{"формула":{"_level":2,"parentID":"13c179fb-69a7-435a-bdef-be1ccab6f0db","firstParentID":"a986993b-d6a3-474b-bd68-a6e9b2dceecf","ID":"52c5ba80-d4ac-4154-88a4-6f4145f357e6","childs":null,"emcosID":null,"emcosMLID":null,"codMaketTEP":null,"codTEP":null,"WSName":"PS","rangeAddress":"$BC$185:$BC$221","headAddress":"$BC$185","bodyAddress":"$BC$186:$BC$221","_name":"формула"}},"emcosID":null,"emcosMLID":null,"codMaketTEP":1367,"codTEP":null,"WSName":"PS","rangeAddress":"$BC$184:$BC$221","headAddress":"$BC$184","bodyAddress":"$BC$185:$BC$221","_name":"прием"}},"emcosID":null,"emcosMLID":null,"codMaketTEP":null,"codTEP":null,"WSName":"PS","rangeAddress":"$BC$183:$BC$221","headAddress":"$BC$183","bodyAddress":"$BC$184:$BC$221","_name":"Потребление Green Oil Алматы"},"DB":{"_level":0,"parentID":"a986993b-d6a3-474b-bd68-a6e9b2dceecf","firstParentID":"a986993b-d6a3-474b-bd68-a6e9b2dceecf","ID":"4602a529-ff9e-4971-ac6d-2bc4d098fb6e","childs":{"прием":{"_level":1,"parentID":"4602a529-ff9e-4971-ac6d-2bc4d098fb6e","firstParentID":"a986993b-d6a3-474b-bd68-a6e9b2dceecf","ID":"77c28f37-865d-4cb0-baff-49ab3de7919f","childs":{"код":{"_level":2,"parentID":"77c28f37-865d-4cb0-baff-49ab3de7919f","firstParentID":"a986993b-d6a3-474b-bd68-a6e9b2dceecf","ID":"2e69eb9a-24ba-4497-b3a4-4f0a373c9ead","childs":null,"emcosID":null,"emcosMLID":null,"codMaketTEP":null,"codTEP":null,"WSName":"DB","rangeAddress":"$DW$439:$DW$476","headAddress":"$DW$439","bodyAddress":"$DW$440:$DW$476","_name":"код"},"основное":{"_level":2,"parentID":"77c28f37-865d-4cb0-baff-49ab3de7919f","firstParentID":"a986993b-d6a3-474b-bd68-a6e9b2dceecf","ID":"33b00f65-5e3b-4d8c-b55e-afd05f652a42","childs":null,"emcosID":null,"emcosMLID":null,"codMaketTEP":null,"codTEP":null,"WSName":"DB","rangeAddress":"$DX$439:$DX$476","headAddress":"$DX$439","bodyAddress":"$DX$440:$DX$476","_name":"основное"},"корректировка факт":{"_level":2,"parentID":"77c28f37-865d-4cb0-baff-49ab3de7919f","firstParentID":"a986993b-d6a3-474b-bd68-a6e9b2dceecf","ID":"5a553cdc-6046-4363-bfd9-7f22288a4a88","childs":null,"emcosID":null,"emcosMLID":null,"codMaketTEP":null,"codTEP":null,"WSName":"DB","rangeAddress":"$DY$439:$DY$476","headAddress":"$DY$439","bodyAddress":"$DY$440:$DY$476","_name":"корректировка факт"},"ручное":{"_level":2,"parentID":"77c28f37-865d-4cb0-baff-49ab3de7919f","firstParentID":"a986993b-d6a3-474b-bd68-a6e9b2dceecf","ID":"fa65d496-3347-4bd2-a966-ad5ab2caebb9","childs":null,"emcosID":null,"emcosMLID":null,"codMaketTEP":null,"codTEP":null,"WSName":"DB","rangeAddress":"$DZ$439:$DZ$476","headAddress":"$DZ$439","bodyAddress":"$DZ$440:$DZ$476","_name":"ручное"},"формула":{"_level":2,"parentID":"77c28f37-865d-4cb0-baff-49ab3de7919f","firstParentID":"a986993b-d6a3-474b-bd68-a6e9b2dceecf","ID":"3275a438-a33b-4720-9715-d9691cc6b75c","childs":null,"emcosID":null,"emcosMLID":null,"codMaketTEP":null,"codTEP":null,"WSName":"DB","rangeAddress":"$EA$439:$EA$476","headAddress":"$EA$439","bodyAddress":"$EA$440:$EA$476","_name":"формула"}},"emcosID":null,"emcosMLID":null,"codMaketTEP":null,"codTEP":null,"WSName":"DB","rangeAddress":"$DW$438:$EA$476","headAddress":"$DW$438:$EA$438","bodyAddress":"$DW$439:$EA$476","_name":"прием"}},"emcosID":null,"emcosMLID":null,"codMaketTEP":null,"codTEP":null,"WSName":"DB","rangeAddress":"$DW$437:$EA$476","headAddress":"$DW$437:$EA$437","bodyAddress":"$DW$438:$EA$476","_name":"Потребление Green Oil Алматы"}},"codPlan":null,"meterCoef":null,"_name":"Потребление Green Oil Алматы"}