{"ID":"d5d4147c-6e30-4b72-ad5e-71a52714bff7","childs":{"PS":{"_level":0,"parentID":"d5d4147c-6e30-4b72-ad5e-71a52714bff7","firstParentID":"d5d4147c-6e30-4b72-ad5e-71a52714bff7","ID":"2830387f-bdbd-4c04-a5aa-9a9a087f660b","childs":{"прием":{"_level":1,"parentID":"2830387f-bdbd-4c04-a5aa-9a9a087f660b","firstParentID":"d5d4147c-6e30-4b72-ad5e-71a52714bff7","ID":"1e626fd6-e66e-4091-8f61-f6dfc3e38a23","childs":{"по плану":{"_level":2,"parentID":"1e626fd6-e66e-4091-8f61-f6dfc3e38a23","firstParentID":"d5d4147c-6e30-4b72-ad5e-71a52714bff7","ID":"9453a275-e86f-4718-96c4-bd16e61ff276","childs":null,"emcosID":null,"emcosMLID":null,"codMaketTEP":null,"codTEP":null,"WSName":"PS","rangeAddress":"$AA$185:$AA$221","headAddress":"$AA$185","bodyAddress":"$AA$186:$AA$221","_name":"по плану"}},"emcosID":null,"emcosMLID":null,"codMaketTEP":1387,"codTEP":null,"WSName":"PS","rangeAddress":"$AA$184:$AA$221","headAddress":"$AA$184","bodyAddress":"$AA$185:$AA$221","_name":"прием"},"план":{"_level":1,"parentID":"2830387f-bdbd-4c04-a5aa-9a9a087f660b","firstParentID":"d5d4147c-6e30-4b72-ad5e-71a52714bff7","ID":"c840eb70-ec8e-44f0-b685-1a2dbe642595","childs":{"заявка":{"_level":2,"parentID":"c840eb70-ec8e-44f0-b685-1a2dbe642595","firstParentID":"d5d4147c-6e30-4b72-ad5e-71a52714bff7","ID":"c9c59437-bdaf-4363-9398-4cbfc71c2a4c","childs":null,"emcosID":null,"emcosMLID":null,"codMaketTEP":null,"codTEP":null,"WSName":"PS","rangeAddress":"$AB$185:$AB$221","headAddress":"$AB$185","bodyAddress":"$AB$186:$AB$221","_name":"заявка"}},"emcosID":null,"emcosMLID":null,"codMaketTEP":null,"codTEP":null,"WSName":"PS","rangeAddress":"$AB$184:$AB$221","headAddress":"$AB$184","bodyAddress":"$AB$185:$AB$221","_name":"план"}},"emcosID":null,"emcosMLID":null,"codMaketTEP":null,"codTEP":null,"WSName":"PS","rangeAddress":"$AA$183:$AB$221","headAddress":"$AA$183:$AB$183","bodyAddress":"$AA$184:$AB$221","_name":"Потребление Alfa Power Алматы"},"DB":{"_level":0,"parentID":"d5d4147c-6e30-4b72-ad5e-71a52714bff7","firstParentID":"d5d4147c-6e30-4b72-ad5e-71a52714bff7","ID":"44cc6b2c-f90d-4b6b-b492-146fd748ea09","childs":{"прием":{"_level":1,"parentID":"44cc6b2c-f90d-4b6b-b492-146fd748ea09","firstParentID":"d5d4147c-6e30-4b72-ad5e-71a52714bff7","ID":"d919d66f-c007-4830-9f43-ded80af75fcc","childs":{"код":{"_level":2,"parentID":"d919d66f-c007-4830-9f43-ded80af75fcc","firstParentID":"d5d4147c-6e30-4b72-ad5e-71a52714bff7","ID":"d0b1e4de-84a0-4096-9779-a5ae84a13752","childs":null,"emcosID":null,"emcosMLID":null,"codMaketTEP":null,"codTEP":null,"WSName":"DB","rangeAddress":"$AT$396:$AT$433","headAddress":"$AT$396","bodyAddress":"$AT$397:$AT$433","_name":"код"},"основное":{"_level":2,"parentID":"d919d66f-c007-4830-9f43-ded80af75fcc","firstParentID":"d5d4147c-6e30-4b72-ad5e-71a52714bff7","ID":"984d0437-822e-402a-9529-9b673119c299","childs":null,"emcosID":null,"emcosMLID":null,"codMaketTEP":null,"codTEP":null,"WSName":"DB","rangeAddress":"$AU$396:$AU$433","headAddress":"$AU$396","bodyAddress":"$AU$397:$AU$433","_name":"основное"},"корректировка факт":{"_level":2,"parentID":"d919d66f-c007-4830-9f43-ded80af75fcc","firstParentID":"d5d4147c-6e30-4b72-ad5e-71a52714bff7","ID":"8b934a7a-0dce-4109-8030-9993a1852dc6","childs":null,"emcosID":null,"emcosMLID":null,"codMaketTEP":null,"codTEP":null,"WSName":"DB","rangeAddress":"$AV$396:$AV$433","headAddress":"$AV$396","bodyAddress":"$AV$397:$AV$433","_name":"корректировка факт"},"ручное":{"_level":2,"parentID":"d919d66f-c007-4830-9f43-ded80af75fcc","firstParentID":"d5d4147c-6e30-4b72-ad5e-71a52714bff7","ID":"a8c6413b-41e5-4fa8-bd6b-730b75d39ce4","childs":null,"emcosID":null,"emcosMLID":null,"codMaketTEP":null,"codTEP":null,"WSName":"DB","rangeAddress":"$AW$396:$AW$433","headAddress":"$AW$396","bodyAddress":"$AW$397:$AW$433","_name":"ручное"},"по плану":{"_level":2,"parentID":"d919d66f-c007-4830-9f43-ded80af75fcc","firstParentID":"d5d4147c-6e30-4b72-ad5e-71a52714bff7","ID":"272d6080-7bae-49b7-baba-c59182b2e7ed","childs":null,"emcosID":null,"emcosMLID":null,"codMaketTEP":null,"codTEP":null,"WSName":"DB","rangeAddress":"$AX$396:$AX$433","headAddress":"$AX$396","bodyAddress":"$AX$397:$AX$433","_name":"по плану"}},"emcosID":null,"emcosMLID":null,"codMaketTEP":null,"codTEP":null,"WSName":"DB","rangeAddress":"$AT$395:$AX$433","headAddress":"$AT$395:$AX$395","bodyAddress":"$AT$396:$AX$433","_name":"прием"},"план":{"_level":1,"parentID":"44cc6b2c-f90d-4b6b-b492-146fd748ea09","firstParentID":"d5d4147c-6e30-4b72-ad5e-71a52714bff7","ID":"cf87adab-322c-4f4f-8fe7-30bf052de6b3","childs":{"код":{"_level":2,"parentID":"cf87adab-322c-4f4f-8fe7-30bf052de6b3","firstParentID":"d5d4147c-6e30-4b72-ad5e-71a52714bff7","ID":"23753f2d-27d2-44e8-b01d-5008466a192a","childs":null,"emcosID":null,"emcosMLID":null,"codMaketTEP":null,"codTEP":null,"WSName":"DB","rangeAddress":"$AY$396:$AY$433","headAddress":"$AY$396","bodyAddress":"$AY$397:$AY$433","_name":"код"},"основное":{"_level":2,"parentID":"cf87adab-322c-4f4f-8fe7-30bf052de6b3","firstParentID":"d5d4147c-6e30-4b72-ad5e-71a52714bff7","ID":"6878c30e-b3f9-4cc7-8ef9-78fa6891fa4d","childs":null,"emcosID":null,"emcosMLID":null,"codMaketTEP":null,"codTEP":null,"WSName":"DB","rangeAddress":"$AZ$396:$AZ$433","headAddress":"$AZ$396","bodyAddress":"$AZ$397:$AZ$433","_name":"основное"},"заявка":{"_level":2,"parentID":"cf87adab-322c-4f4f-8fe7-30bf052de6b3","firstParentID":"d5d4147c-6e30-4b72-ad5e-71a52714bff7","ID":"2dec7b8f-a801-4363-bdf6-46d5bf0a47b4","childs":null,"emcosID":null,"emcosMLID":null,"codMaketTEP":null,"codTEP":null,"WSName":"DB","rangeAddress":"$BA$396:$BA$433","headAddress":"$BA$396","bodyAddress":"$BA$397:$BA$433","_name":"заявка"},"утвержденный":{"_level":2,"parentID":"cf87adab-322c-4f4f-8fe7-30bf052de6b3","firstParentID":"d5d4147c-6e30-4b72-ad5e-71a52714bff7","ID":"fb6b62f2-72a3-4a37-bc33-297d38927e98","childs":null,"emcosID":null,"emcosMLID":null,"codMaketTEP":null,"codTEP":null,"WSName":"DB","rangeAddress":"$BB$396:$BB$433","headAddress":"$BB$396","bodyAddress":"$BB$397:$BB$433","_name":"утвержденный"},"корректировка":{"_level":2,"parentID":"cf87adab-322c-4f4f-8fe7-30bf052de6b3","firstParentID":"d5d4147c-6e30-4b72-ad5e-71a52714bff7","ID":"5268f6ad-ef0e-48d5-b053-637ced5ba322","childs":null,"emcosID":null,"emcosMLID":null,"codMaketTEP":null,"codTEP":null,"WSName":"DB","rangeAddress":"$BC$396:$BC$433","headAddress":"$BC$396","bodyAddress":"$BC$397:$BC$433","_name":"корректировка"}},"emcosID":null,"emcosMLID":null,"codMaketTEP":null,"codTEP":null,"WSName":"DB","rangeAddress":"$AY$395:$BC$433","headAddress":"$AY$395:$BC$395","bodyAddress":"$AY$396:$BC$433","_name":"план"}},"emcosID":null,"emcosMLID":null,"codMaketTEP":null,"codTEP":null,"WSName":"DB","rangeAddress":"$AT$394:$BC$433","headAddress":"$AT$394:$BC$394","bodyAddress":"$AT$395:$BC$433","_name":"Потребление Alfa Power Алматы"}},"codPlan":8,"meterCoef":null,"_name":"Потребление Alfa Power Алматы"}