{"ID":"358a01c4-b0ae-40c2-a8b2-91d74b17394c","childs":{"PS":{"_level":0,"parentID":"358a01c4-b0ae-40c2-a8b2-91d74b17394c","firstParentID":"358a01c4-b0ae-40c2-a8b2-91d74b17394c","ID":"c86c91d9-a6fe-4c82-af1e-76a02b13e6e6","childs":{"прием":{"_level":1,"parentID":"c86c91d9-a6fe-4c82-af1e-76a02b13e6e6","firstParentID":"358a01c4-b0ae-40c2-a8b2-91d74b17394c","ID":"55672345-263b-4efc-93be-85c85116ae32","childs":{"ручное":{"_level":2,"parentID":"55672345-263b-4efc-93be-85c85116ae32","firstParentID":"358a01c4-b0ae-40c2-a8b2-91d74b17394c","ID":"0c2df02b-d2eb-4f1e-a8a5-a0f19b3a67e6","childs":null,"emcosID":null,"emcosMLID":null,"codMaketTEP":null,"codTEP":null,"WSName":"PS","rangeAddress":"$JT$99:$JT$135","headAddress":"$JT$99","bodyAddress":"$JT$100:$JT$135","_name":"ручное"}},"emcosID":null,"emcosMLID":null,"codMaketTEP":null,"codTEP":null,"WSName":"PS","rangeAddress":"$JT$98:$JT$135","headAddress":"$JT$98","bodyAddress":"$JT$99:$JT$135","_name":"прием"}},"emcosID":null,"emcosMLID":null,"codMaketTEP":null,"codTEP":null,"WSName":"PS","rangeAddress":"$JT$97:$JT$135","headAddress":"$JT$97","bodyAddress":"$JT$98:$JT$135","_name":"ТП2 Мын Арал тяга"},"DB":{"_level":0,"parentID":"358a01c4-b0ae-40c2-a8b2-91d74b17394c","firstParentID":"358a01c4-b0ae-40c2-a8b2-91d74b17394c","ID":"eb3bf45a-3090-4fc9-9149-a199b58aa090","childs":{"прием":{"_level":1,"parentID":"eb3bf45a-3090-4fc9-9149-a199b58aa090","firstParentID":"358a01c4-b0ae-40c2-a8b2-91d74b17394c","ID":"f06f43dd-257b-4847-93c6-712690351bc4","childs":{"код":{"_level":2,"parentID":"f06f43dd-257b-4847-93c6-712690351bc4","firstParentID":"358a01c4-b0ae-40c2-a8b2-91d74b17394c","ID":"e3e7a33d-0911-455f-a4ff-d46702f27516","childs":null,"emcosID":null,"emcosMLID":null,"codMaketTEP":null,"codTEP":null,"WSName":"DB","rangeAddress":"$AL$95:$AL$132","headAddress":"$AL$95","bodyAddress":"$AL$96:$AL$132","_name":"код"},"основное":{"_level":2,"parentID":"f06f43dd-257b-4847-93c6-712690351bc4","firstParentID":"358a01c4-b0ae-40c2-a8b2-91d74b17394c","ID":"b944ea55-c5ab-44d2-87d0-bfc14b8983d4","childs":null,"emcosID":null,"emcosMLID":null,"codMaketTEP":null,"codTEP":null,"WSName":"DB","rangeAddress":"$AM$95:$AM$132","headAddress":"$AM$95","bodyAddress":"$AM$96:$AM$132","_name":"основное"},"корректировка факт":{"_level":2,"parentID":"f06f43dd-257b-4847-93c6-712690351bc4","firstParentID":"358a01c4-b0ae-40c2-a8b2-91d74b17394c","ID":"a227759a-d7ee-46b5-91ed-c23203025452","childs":null,"emcosID":null,"emcosMLID":null,"codMaketTEP":null,"codTEP":null,"WSName":"DB","rangeAddress":"$AN$95:$AN$132","headAddress":"$AN$95","bodyAddress":"$AN$96:$AN$132","_name":"корректировка факт"},"ручное":{"_level":2,"parentID":"f06f43dd-257b-4847-93c6-712690351bc4","firstParentID":"358a01c4-b0ae-40c2-a8b2-91d74b17394c","ID":"09c1d54a-9a81-4a56-9ff6-229f55abb252","childs":null,"emcosID":null,"emcosMLID":null,"codMaketTEP":null,"codTEP":null,"WSName":"DB","rangeAddress":"$AO$95:$AO$132","headAddress":"$AO$95","bodyAddress":"$AO$96:$AO$132","_name":"ручное"}},"emcosID":null,"emcosMLID":null,"codMaketTEP":null,"codTEP":null,"WSName":"DB","rangeAddress":"$AL$94:$AO$132","headAddress":"$AL$94:$AO$94","bodyAddress":"$AL$95:$AO$132","_name":"прием"}},"emcosID":null,"emcosMLID":null,"codMaketTEP":null,"codTEP":null,"WSName":"DB","rangeAddress":"$AL$93:$AO$132","headAddress":"$AL$93:$AO$93","bodyAddress":"$AL$94:$AO$132","_name":"ТП2 Мын Арал тяга"}},"codPlan":null,"meterCoef":null,"_name":"ТП2 Мын Арал тяга"}