{"ID":"3c0de697-84f2-45e3-87f8-f851fe2eff8e","childs":{"PS":{"_level":0,"parentID":"3c0de697-84f2-45e3-87f8-f851fe2eff8e","firstParentID":"3c0de697-84f2-45e3-87f8-f851fe2eff8e","ID":"d11ddc94-a964-491b-ba6a-b6a891b8b5a3","childs":{"прием":{"_level":1,"parentID":"d11ddc94-a964-491b-ba6a-b6a891b8b5a3","firstParentID":"3c0de697-84f2-45e3-87f8-f851fe2eff8e","ID":"dd90228b-3666-4284-9771-3192b6b3b41d","childs":{"по плану":{"_level":2,"parentID":"dd90228b-3666-4284-9771-3192b6b3b41d","firstParentID":"3c0de697-84f2-45e3-87f8-f851fe2eff8e","ID":"8bd94fc3-144f-4fe8-a868-0b73c9f30a8d","childs":null,"emcosID":null,"emcosMLID":null,"codMaketTEP":null,"codTEP":null,"WSName":"PS","rangeAddress":"$AG$185:$AG$221","headAddress":"$AG$185","bodyAddress":"$AG$186:$AG$221","_name":"по плану"}},"emcosID":null,"emcosMLID":null,"codMaketTEP":1395,"codTEP":null,"WSName":"PS","rangeAddress":"$AG$184:$AG$221","headAddress":"$AG$184","bodyAddress":"$AG$185:$AG$221","_name":"прием"},"план":{"_level":1,"parentID":"d11ddc94-a964-491b-ba6a-b6a891b8b5a3","firstParentID":"3c0de697-84f2-45e3-87f8-f851fe2eff8e","ID":"d5eff10e-f984-4c6d-9d93-2eea427a2faf","childs":{"заявка":{"_level":2,"parentID":"d5eff10e-f984-4c6d-9d93-2eea427a2faf","firstParentID":"3c0de697-84f2-45e3-87f8-f851fe2eff8e","ID":"d57a2bca-8faf-4afe-9861-948adae7dffa","childs":null,"emcosID":null,"emcosMLID":null,"codMaketTEP":null,"codTEP":null,"WSName":"PS","rangeAddress":"$AH$185:$AH$221","headAddress":"$AH$185","bodyAddress":"$AH$186:$AH$221","_name":"заявка"}},"emcosID":null,"emcosMLID":null,"codMaketTEP":null,"codTEP":null,"WSName":"PS","rangeAddress":"$AH$184:$AH$221","headAddress":"$AH$184","bodyAddress":"$AH$185:$AH$221","_name":"план"}},"emcosID":null,"emcosMLID":null,"codMaketTEP":null,"codTEP":null,"WSName":"PS","rangeAddress":"$AG$183:$AH$221","headAddress":"$AG$183:$AH$183","bodyAddress":"$AG$184:$AH$221","_name":"Потребление Энергоснаб XXI Алматы"},"DB":{"_level":0,"parentID":"3c0de697-84f2-45e3-87f8-f851fe2eff8e","firstParentID":"3c0de697-84f2-45e3-87f8-f851fe2eff8e","ID":"29ff2dc1-c950-4f73-9e1e-c0f0991633dc","childs":{"прием":{"_level":1,"parentID":"29ff2dc1-c950-4f73-9e1e-c0f0991633dc","firstParentID":"3c0de697-84f2-45e3-87f8-f851fe2eff8e","ID":"51bb5482-c8f0-4cac-81c4-13007089b1bb","childs":{"код":{"_level":2,"parentID":"51bb5482-c8f0-4cac-81c4-13007089b1bb","firstParentID":"3c0de697-84f2-45e3-87f8-f851fe2eff8e","ID":"5c891d95-b92b-48cd-9d2a-e371e1e004ec","childs":null,"emcosID":null,"emcosMLID":null,"codMaketTEP":null,"codTEP":null,"WSName":"DB","rangeAddress":"$IB$439:$IB$476","headAddress":"$IB$439","bodyAddress":"$IB$440:$IB$476","_name":"код"},"основное":{"_level":2,"parentID":"51bb5482-c8f0-4cac-81c4-13007089b1bb","firstParentID":"3c0de697-84f2-45e3-87f8-f851fe2eff8e","ID":"9ea35bc5-378a-4ae3-8248-0706d711deda","childs":null,"emcosID":null,"emcosMLID":null,"codMaketTEP":null,"codTEP":null,"WSName":"DB","rangeAddress":"$IC$439:$IC$476","headAddress":"$IC$439","bodyAddress":"$IC$440:$IC$476","_name":"основное"},"корректировка факт":{"_level":2,"parentID":"51bb5482-c8f0-4cac-81c4-13007089b1bb","firstParentID":"3c0de697-84f2-45e3-87f8-f851fe2eff8e","ID":"52367c10-3465-42ce-9f55-e72ede73fd32","childs":null,"emcosID":null,"emcosMLID":null,"codMaketTEP":null,"codTEP":null,"WSName":"DB","rangeAddress":"$ID$439:$ID$476","headAddress":"$ID$439","bodyAddress":"$ID$440:$ID$476","_name":"корректировка факт"},"ручное":{"_level":2,"parentID":"51bb5482-c8f0-4cac-81c4-13007089b1bb","firstParentID":"3c0de697-84f2-45e3-87f8-f851fe2eff8e","ID":"b305d211-297d-48bd-bfa5-ad2e21bea22d","childs":null,"emcosID":null,"emcosMLID":null,"codMaketTEP":null,"codTEP":null,"WSName":"DB","rangeAddress":"$IE$439:$IE$476","headAddress":"$IE$439","bodyAddress":"$IE$440:$IE$476","_name":"ручное"},"по плану":{"_level":2,"parentID":"51bb5482-c8f0-4cac-81c4-13007089b1bb","firstParentID":"3c0de697-84f2-45e3-87f8-f851fe2eff8e","ID":"70cbc0d9-132d-4908-bcd1-04d70ac80343","childs":null,"emcosID":null,"emcosMLID":null,"codMaketTEP":null,"codTEP":null,"WSName":"DB","rangeAddress":"$IF$439:$IF$476","headAddress":"$IF$439","bodyAddress":"$IF$440:$IF$476","_name":"по плану"}},"emcosID":null,"emcosMLID":null,"codMaketTEP":null,"codTEP":null,"WSName":"DB","rangeAddress":"$IB$438:$IF$476","headAddress":"$IB$438:$IF$438","bodyAddress":"$IB$439:$IF$476","_name":"прием"},"план":{"_level":1,"parentID":"29ff2dc1-c950-4f73-9e1e-c0f0991633dc","firstParentID":"3c0de697-84f2-45e3-87f8-f851fe2eff8e","ID":"eed66fbc-9213-4600-93a6-859caf1f5e22","childs":{"код":{"_level":2,"parentID":"eed66fbc-9213-4600-93a6-859caf1f5e22","firstParentID":"3c0de697-84f2-45e3-87f8-f851fe2eff8e","ID":"f84769ea-5cec-4670-8a0d-13d8a352bf8f","childs":null,"emcosID":null,"emcosMLID":null,"codMaketTEP":null,"codTEP":null,"WSName":"DB","rangeAddress":"$IG$439:$IG$476","headAddress":"$IG$439","bodyAddress":"$IG$440:$IG$476","_name":"код"},"основное":{"_level":2,"parentID":"eed66fbc-9213-4600-93a6-859caf1f5e22","firstParentID":"3c0de697-84f2-45e3-87f8-f851fe2eff8e","ID":"b9b896ab-6e0e-4863-badb-4684083214a6","childs":null,"emcosID":null,"emcosMLID":null,"codMaketTEP":null,"codTEP":null,"WSName":"DB","rangeAddress":"$IH$439:$IH$476","headAddress":"$IH$439","bodyAddress":"$IH$440:$IH$476","_name":"основное"},"заявка":{"_level":2,"parentID":"eed66fbc-9213-4600-93a6-859caf1f5e22","firstParentID":"3c0de697-84f2-45e3-87f8-f851fe2eff8e","ID":"aade4384-592b-49b2-8874-1efe57e31bfb","childs":null,"emcosID":null,"emcosMLID":null,"codMaketTEP":null,"codTEP":null,"WSName":"DB","rangeAddress":"$II$439:$II$476","headAddress":"$II$439","bodyAddress":"$II$440:$II$476","_name":"заявка"},"утвержденный":{"_level":2,"parentID":"eed66fbc-9213-4600-93a6-859caf1f5e22","firstParentID":"3c0de697-84f2-45e3-87f8-f851fe2eff8e","ID":"b22c6dfc-5969-4f2f-84f0-e27adb5dc395","childs":null,"emcosID":null,"emcosMLID":null,"codMaketTEP":null,"codTEP":null,"WSName":"DB","rangeAddress":"$IJ$439:$IJ$476","headAddress":"$IJ$439","bodyAddress":"$IJ$440:$IJ$476","_name":"утвержденный"},"корректировка":{"_level":2,"parentID":"eed66fbc-9213-4600-93a6-859caf1f5e22","firstParentID":"3c0de697-84f2-45e3-87f8-f851fe2eff8e","ID":"19c36d5c-4055-4c01-a862-3d2c3c6124c7","childs":null,"emcosID":null,"emcosMLID":null,"codMaketTEP":null,"codTEP":null,"WSName":"DB","rangeAddress":"$IK$439:$IK$476","headAddress":"$IK$439","bodyAddress":"$IK$440:$IK$476","_name":"корректировка"}},"emcosID":null,"emcosMLID":null,"codMaketTEP":null,"codTEP":null,"WSName":"DB","rangeAddress":"$IG$438:$IK$476","headAddress":"$IG$438:$IK$438","bodyAddress":"$IG$439:$IK$476","_name":"план"}},"emcosID":null,"emcosMLID":null,"codMaketTEP":null,"codTEP":null,"WSName":"DB","rangeAddress":"$IB$437:$IK$476","headAddress":"$IB$437:$IK$437","bodyAddress":"$IB$438:$IK$476","_name":"Потребление Энергоснаб XXI Алматы"}},"codPlan":97,"meterCoef":null,"_name":"Потребление Энергоснаб XXI Алматы"}