{"ID":"7dbb1110-6758-490b-aad0-92cbd011e38b","childs":{"PS":{"_level":0,"parentID":"7dbb1110-6758-490b-aad0-92cbd011e38b","firstParentID":"7dbb1110-6758-490b-aad0-92cbd011e38b","ID":"6b3ae9a8-fea1-4dad-96f0-6565a4a4756b","childs":{"отдача":{"_level":1,"parentID":"6b3ae9a8-fea1-4dad-96f0-6565a4a4756b","firstParentID":"7dbb1110-6758-490b-aad0-92cbd011e38b","ID":"84d9c963-0483-4848-b070-1bf5195e11ec","childs":{"оперативное":{"_level":2,"parentID":"84d9c963-0483-4848-b070-1bf5195e11ec","firstParentID":"7dbb1110-6758-490b-aad0-92cbd011e38b","ID":"f44addf1-8830-4561-9a1c-06d4e72b3f35","childs":null,"emcosID":null,"emcosMLID":null,"codMaketTEP":null,"codTEP":null,"WSName":"PS","rangeAddress":"$P$99:$P$135","headAddress":"$P$99","bodyAddress":"$P$100:$P$135","_name":"оперативное"}},"emcosID":null,"emcosMLID":null,"codMaketTEP":null,"codTEP":null,"WSName":"PS","rangeAddress":"$P$98:$P$135","headAddress":"$P$98","bodyAddress":"$P$99:$P$135","_name":"отдача"}},"emcosID":null,"emcosMLID":null,"codMaketTEP":null,"codTEP":null,"WSName":"PS","rangeAddress":"$P$97:$P$135","headAddress":"$P$97","bodyAddress":"$P$98:$P$135","_name":"Л168А ОРУ 220 АТЭЦ3"},"DB":{"_level":0,"parentID":"7dbb1110-6758-490b-aad0-92cbd011e38b","firstParentID":"7dbb1110-6758-490b-aad0-92cbd011e38b","ID":"d24c4962-cc4d-4c38-b25e-dc3e782ea46d","childs":{"отдача":{"_level":1,"parentID":"d24c4962-cc4d-4c38-b25e-dc3e782ea46d","firstParentID":"7dbb1110-6758-490b-aad0-92cbd011e38b","ID":"3ed4134a-01fb-4b64-88fe-ddadf5a3c6fc","childs":{"код":{"_level":2,"parentID":"3ed4134a-01fb-4b64-88fe-ddadf5a3c6fc","firstParentID":"7dbb1110-6758-490b-aad0-92cbd011e38b","ID":"0c300f02-befc-42ed-a66b-2fd75a2085b9","childs":null,"emcosID":null,"emcosMLID":null,"codMaketTEP":null,"codTEP":null,"WSName":"DB","rangeAddress":"$HT$353:$HT$390","headAddress":"$HT$353","bodyAddress":"$HT$354:$HT$390","_name":"код"},"основное":{"_level":2,"parentID":"3ed4134a-01fb-4b64-88fe-ddadf5a3c6fc","firstParentID":"7dbb1110-6758-490b-aad0-92cbd011e38b","ID":"d7376fcb-26c0-4875-957e-eca25a097fca","childs":null,"emcosID":null,"emcosMLID":null,"codMaketTEP":null,"codTEP":null,"WSName":"DB","rangeAddress":"$HU$353:$HU$390","headAddress":"$HU$353","bodyAddress":"$HU$354:$HU$390","_name":"основное"},"корректировка факт":{"_level":2,"parentID":"3ed4134a-01fb-4b64-88fe-ddadf5a3c6fc","firstParentID":"7dbb1110-6758-490b-aad0-92cbd011e38b","ID":"8d2ed149-c812-4fcb-be68-68ab393b1ef0","childs":null,"emcosID":null,"emcosMLID":null,"codMaketTEP":null,"codTEP":null,"WSName":"DB","rangeAddress":"$HV$353:$HV$390","headAddress":"$HV$353","bodyAddress":"$HV$354:$HV$390","_name":"корректировка факт"},"ручное":{"_level":2,"parentID":"3ed4134a-01fb-4b64-88fe-ddadf5a3c6fc","firstParentID":"7dbb1110-6758-490b-aad0-92cbd011e38b","ID":"9540cf8d-2ac1-4f75-8ea3-dcf19c449b95","childs":null,"emcosID":null,"emcosMLID":null,"codMaketTEP":null,"codTEP":null,"WSName":"DB","rangeAddress":"$HW$353:$HW$390","headAddress":"$HW$353","bodyAddress":"$HW$354:$HW$390","_name":"ручное"},"оперативное":{"_level":2,"parentID":"3ed4134a-01fb-4b64-88fe-ddadf5a3c6fc","firstParentID":"7dbb1110-6758-490b-aad0-92cbd011e38b","ID":"3e31a611-c8a7-49b0-bea2-72423097ea9a","childs":null,"emcosID":null,"emcosMLID":null,"codMaketTEP":null,"codTEP":null,"WSName":"DB","rangeAddress":"$HX$353:$HX$390","headAddress":"$HX$353","bodyAddress":"$HX$354:$HX$390","_name":"оперативное"}},"emcosID":null,"emcosMLID":null,"codMaketTEP":null,"codTEP":null,"WSName":"DB","rangeAddress":"$HT$352:$HX$390","headAddress":"$HT$352:$HX$352","bodyAddress":"$HT$353:$HX$390","_name":"отдача"}},"emcosID":null,"emcosMLID":null,"codMaketTEP":null,"codTEP":null,"WSName":"DB","rangeAddress":"$HT$351:$HX$390","headAddress":"$HT$351:$HX$351","bodyAddress":"$HT$352:$HX$390","_name":"Л168А ОРУ 220 АТЭЦ3"}},"codPlan":null,"meterCoef":null,"_name":"Л168А ОРУ 220 АТЭЦ3"}