{"ID":"1952d52e-c335-4ae4-a311-3efe167a3c7c","childs":{"PS":{"_level":0,"parentID":"1952d52e-c335-4ae4-a311-3efe167a3c7c","firstParentID":"1952d52e-c335-4ae4-a311-3efe167a3c7c","ID":"4d2ee492-7ab6-4fd1-ab3b-2efae37d5ede","childs":{"прием":{"_level":1,"parentID":"4d2ee492-7ab6-4fd1-ab3b-2efae37d5ede","firstParentID":"1952d52e-c335-4ae4-a311-3efe167a3c7c","ID":"008cae9e-0ea7-4bdb-9adb-5d3a9726f848","childs":{"по счетчику":{"_level":2,"parentID":"008cae9e-0ea7-4bdb-9adb-5d3a9726f848","firstParentID":"1952d52e-c335-4ae4-a311-3efe167a3c7c","ID":"8b8fd47d-fb62-4307-8dae-671168e6adc9","childs":null,"emcosID":null,"emcosMLID":null,"WSName":"PS","rangeAddress":"$BP$56:$BP$92","headAddress":"$BP$56","bodyAddress":"$BP$57:$BP$92","_name":"по счетчику"}},"emcosID":null,"emcosMLID":null,"WSName":"PS","rangeAddress":"$BP$55:$BP$92","headAddress":"$BP$55","bodyAddress":"$BP$56:$BP$92","_name":"прием"},"отдача":{"_level":1,"parentID":"4d2ee492-7ab6-4fd1-ab3b-2efae37d5ede","firstParentID":"1952d52e-c335-4ae4-a311-3efe167a3c7c","ID":"556c6ca0-61bd-48e5-8df4-81a5de8f4c7d","childs":{"по счетчику":{"_level":2,"parentID":"556c6ca0-61bd-48e5-8df4-81a5de8f4c7d","firstParentID":"1952d52e-c335-4ae4-a311-3efe167a3c7c","ID":"cf8a37e7-c9b6-4d41-a03e-b307eb777209","childs":null,"emcosID":null,"emcosMLID":null,"WSName":"PS","rangeAddress":"$BQ$56:$BQ$92","headAddress":"$BQ$56","bodyAddress":"$BQ$57:$BQ$92","_name":"по счетчику"}},"emcosID":null,"emcosMLID":null,"WSName":"PS","rangeAddress":"$BQ$55:$BQ$92","headAddress":"$BQ$55","bodyAddress":"$BQ$56:$BQ$92","_name":"отдача"}},"emcosID":null,"emcosMLID":null,"WSName":"PS","rangeAddress":"$BP$54:$BQ$92","headAddress":"$BP$54:$BQ$54","bodyAddress":"$BP$55:$BQ$92","_name":"Л5353 Алматы"},"DB":{"_level":0,"parentID":"1952d52e-c335-4ae4-a311-3efe167a3c7c","firstParentID":"1952d52e-c335-4ae4-a311-3efe167a3c7c","ID":"5ff9e8c7-88c1-49d2-a1ba-7236750b2a27","childs":{"прием":{"_level":1,"parentID":"5ff9e8c7-88c1-49d2-a1ba-7236750b2a27","firstParentID":"1952d52e-c335-4ae4-a311-3efe167a3c7c","ID":"9f498c30-68a3-4e79-9b10-64613e1c1b33","childs":{"код":{"_level":2,"parentID":"9f498c30-68a3-4e79-9b10-64613e1c1b33","firstParentID":"1952d52e-c335-4ae4-a311-3efe167a3c7c","ID":"56889fe6-629d-4596-9fbc-6f77ff26b911","childs":null,"emcosID":null,"emcosMLID":null,"WSName":"DB","rangeAddress":"$DD$9:$DD$46","headAddress":"$DD$9","bodyAddress":"$DD$10:$DD$46","_name":"код"},"основное":{"_level":2,"parentID":"9f498c30-68a3-4e79-9b10-64613e1c1b33","firstParentID":"1952d52e-c335-4ae4-a311-3efe167a3c7c","ID":"76f49899-956a-48dd-98d8-0cd9bfe9a493","childs":null,"emcosID":null,"emcosMLID":null,"WSName":"DB","rangeAddress":"$DE$9:$DE$46","headAddress":"$DE$9","bodyAddress":"$DE$10:$DE$46","_name":"основное"},"корректировка факт":{"_level":2,"parentID":"9f498c30-68a3-4e79-9b10-64613e1c1b33","firstParentID":"1952d52e-c335-4ae4-a311-3efe167a3c7c","ID":"5ce4dfd0-99c5-429e-9a20-6d0aa8ad939d","childs":null,"emcosID":null,"emcosMLID":null,"WSName":"DB","rangeAddress":"$DF$9:$DF$46","headAddress":"$DF$9","bodyAddress":"$DF$10:$DF$46","_name":"корректировка факт"},"ручное":{"_level":2,"parentID":"9f498c30-68a3-4e79-9b10-64613e1c1b33","firstParentID":"1952d52e-c335-4ae4-a311-3efe167a3c7c","ID":"be3dae46-4d8d-438c-835c-16f2bd1512dd","childs":null,"emcosID":null,"emcosMLID":null,"WSName":"DB","rangeAddress":"$DG$9:$DG$46","headAddress":"$DG$9","bodyAddress":"$DG$10:$DG$46","_name":"ручное"},"счетчик":{"_level":2,"parentID":"9f498c30-68a3-4e79-9b10-64613e1c1b33","firstParentID":"1952d52e-c335-4ae4-a311-3efe167a3c7c","ID":"62660d72-6bb9-4f4c-a9b4-b34dc0a14753","childs":null,"emcosID":null,"emcosMLID":null,"WSName":"DB","rangeAddress":"$DH$9:$DH$46","headAddress":"$DH$9","bodyAddress":"$DH$10:$DH$46","_name":"счетчик"},"по счетчику":{"_level":2,"parentID":"9f498c30-68a3-4e79-9b10-64613e1c1b33","firstParentID":"1952d52e-c335-4ae4-a311-3efe167a3c7c","ID":"6b8e8820-978f-46d3-a853-a35fd150b9c9","childs":null,"emcosID":null,"emcosMLID":null,"WSName":"DB","rangeAddress":"$DI$9:$DI$46","headAddress":"$DI$9","bodyAddress":"$DI$10:$DI$46","_name":"по счетчику"}},"emcosID":null,"emcosMLID":null,"WSName":"DB","rangeAddress":"$DD$8:$DI$46","headAddress":"$DD$8:$DI$8","bodyAddress":"$DD$9:$DI$46","_name":"прием"},"отдача":{"_level":1,"parentID":"5ff9e8c7-88c1-49d2-a1ba-7236750b2a27","firstParentID":"1952d52e-c335-4ae4-a311-3efe167a3c7c","ID":"249a3db0-3855-4e8b-97bd-9f93cb95c163","childs":{"код":{"_level":2,"parentID":"249a3db0-3855-4e8b-97bd-9f93cb95c163","firstParentID":"1952d52e-c335-4ae4-a311-3efe167a3c7c","ID":"f5f91902-b719-4a03-bee1-8c5b0165d4db","childs":null,"emcosID":null,"emcosMLID":null,"WSName":"DB","rangeAddress":"$DJ$9:$DJ$46","headAddress":"$DJ$9","bodyAddress":"$DJ$10:$DJ$46","_name":"код"},"основное":{"_level":2,"parentID":"249a3db0-3855-4e8b-97bd-9f93cb95c163","firstParentID":"1952d52e-c335-4ae4-a311-3efe167a3c7c","ID":"c1120995-92b5-4283-9a2c-8784017f6c01","childs":null,"emcosID":null,"emcosMLID":null,"WSName":"DB","rangeAddress":"$DK$9:$DK$46","headAddress":"$DK$9","bodyAddress":"$DK$10:$DK$46","_name":"основное"},"корректировка факт":{"_level":2,"parentID":"249a3db0-3855-4e8b-97bd-9f93cb95c163","firstParentID":"1952d52e-c335-4ae4-a311-3efe167a3c7c","ID":"e1385ea1-a15e-4584-9397-e81bd0103f39","childs":null,"emcosID":null,"emcosMLID":null,"WSName":"DB","rangeAddress":"$DL$9:$DL$46","headAddress":"$DL$9","bodyAddress":"$DL$10:$DL$46","_name":"корректировка факт"},"ручное":{"_level":2,"parentID":"249a3db0-3855-4e8b-97bd-9f93cb95c163","firstParentID":"1952d52e-c335-4ae4-a311-3efe167a3c7c","ID":"3080be3a-27e6-41a2-8411-347b8e4452e4","childs":null,"emcosID":null,"emcosMLID":null,"WSName":"DB","rangeAddress":"$DM$9:$DM$46","headAddress":"$DM$9","bodyAddress":"$DM$10:$DM$46","_name":"ручное"},"счетчик":{"_level":2,"parentID":"249a3db0-3855-4e8b-97bd-9f93cb95c163","firstParentID":"1952d52e-c335-4ae4-a311-3efe167a3c7c","ID":"944d000e-2ebf-4fbd-84e5-279aacb9a8a0","childs":null,"emcosID":null,"emcosMLID":null,"WSName":"DB","rangeAddress":"$DN$9:$DN$46","headAddress":"$DN$9","bodyAddress":"$DN$10:$DN$46","_name":"счетчик"},"по счетчику":{"_level":2,"parentID":"249a3db0-3855-4e8b-97bd-9f93cb95c163","firstParentID":"1952d52e-c335-4ae4-a311-3efe167a3c7c","ID":"2a44b278-ae23-4476-a54f-823f03454959","childs":null,"emcosID":null,"emcosMLID":null,"WSName":"DB","rangeAddress":"$DO$9:$DO$46","headAddress":"$DO$9","bodyAddress":"$DO$10:$DO$46","_name":"по счетчику"}},"emcosID":null,"emcosMLID":null,"WSName":"DB","rangeAddress":"$DJ$8:$DO$46","headAddress":"$DJ$8:$DO$8","bodyAddress":"$DJ$9:$DO$46","_name":"отдача"}},"emcosID":null,"emcosMLID":null,"WSName":"DB","rangeAddress":"$DD$7:$DO$46","headAddress":"$DD$7:$DO$7","bodyAddress":"$DD$8:$DO$46","_name":"Л5353 Алматы"}},"codPlan":null,"meterCoef":null,"_name":"Л5353 Алматы"}