{"ID":"8d35d1ff-bf50-4fbd-9a5c-0f1ad85156cb","childs":{"PS":{"_level":0,"parentID":"8d35d1ff-bf50-4fbd-9a5c-0f1ad85156cb","firstParentID":"8d35d1ff-bf50-4fbd-9a5c-0f1ad85156cb","ID":"8b324868-7e1b-45af-b0e6-e5599d53d31f","childs":{"сальдо":{"_level":1,"parentID":"8b324868-7e1b-45af-b0e6-e5599d53d31f","firstParentID":"8d35d1ff-bf50-4fbd-9a5c-0f1ad85156cb","ID":"fac808a3-e45e-46f8-8916-fb46da7c0406","childs":{"формула":{"_level":2,"parentID":"fac808a3-e45e-46f8-8916-fb46da7c0406","firstParentID":"8d35d1ff-bf50-4fbd-9a5c-0f1ad85156cb","ID":"c77221b8-374f-4c31-a814-a2a1087eb39a","childs":null,"emcosID":null,"emcosMLID":null,"WSName":"PS","rangeAddress":"$G$13:$G$49","headAddress":"$G$13","bodyAddress":"$G$14:$G$49","_name":"формула"}},"emcosID":null,"emcosMLID":null,"WSName":"PS","rangeAddress":"$G$12:$G$49","headAddress":"$G$12","bodyAddress":"$G$13:$G$49","_name":"сальдо"}},"emcosID":null,"emcosMLID":null,"WSName":"PS","rangeAddress":"$G$11:$G$49","headAddress":"$G$11","bodyAddress":"$G$12:$G$49","_name":"Сальдо Алматинского энергоузла Общее"},"DB":{"_level":0,"parentID":"8d35d1ff-bf50-4fbd-9a5c-0f1ad85156cb","firstParentID":"8d35d1ff-bf50-4fbd-9a5c-0f1ad85156cb","ID":"2bfbe873-4555-4bfa-83b9-2fdef9b7f935","childs":{"сальдо":{"_level":1,"parentID":"2bfbe873-4555-4bfa-83b9-2fdef9b7f935","firstParentID":"8d35d1ff-bf50-4fbd-9a5c-0f1ad85156cb","ID":"cdfb3bf7-21d6-46e4-ba65-8684d107bd41","childs":{"код":{"_level":2,"parentID":"cdfb3bf7-21d6-46e4-ba65-8684d107bd41","firstParentID":"8d35d1ff-bf50-4fbd-9a5c-0f1ad85156cb","ID":"90954c4b-9c5c-4ea8-b418-f5aa119a27dc","childs":null,"emcosID":null,"emcosMLID":null,"WSName":"DB","rangeAddress":"$FK$353:$FK$390","headAddress":"$FK$353","bodyAddress":"$FK$354:$FK$390","_name":"код"},"основное":{"_level":2,"parentID":"cdfb3bf7-21d6-46e4-ba65-8684d107bd41","firstParentID":"8d35d1ff-bf50-4fbd-9a5c-0f1ad85156cb","ID":"4b318a66-33ca-49ea-a3a3-c59b826c3778","childs":null,"emcosID":null,"emcosMLID":null,"WSName":"DB","rangeAddress":"$FL$353:$FL$390","headAddress":"$FL$353","bodyAddress":"$FL$354:$FL$390","_name":"основное"},"корректировка факт":{"_level":2,"parentID":"cdfb3bf7-21d6-46e4-ba65-8684d107bd41","firstParentID":"8d35d1ff-bf50-4fbd-9a5c-0f1ad85156cb","ID":"dbeca308-5e78-4323-b6f4-128f9ac73676","childs":null,"emcosID":null,"emcosMLID":null,"WSName":"DB","rangeAddress":"$FM$353:$FM$390","headAddress":"$FM$353","bodyAddress":"$FM$354:$FM$390","_name":"корректировка факт"},"ручное":{"_level":2,"parentID":"cdfb3bf7-21d6-46e4-ba65-8684d107bd41","firstParentID":"8d35d1ff-bf50-4fbd-9a5c-0f1ad85156cb","ID":"63a52dcd-cf28-4fa6-b7d8-f39e6bc6718f","childs":null,"emcosID":null,"emcosMLID":null,"WSName":"DB","rangeAddress":"$FN$353:$FN$390","headAddress":"$FN$353","bodyAddress":"$FN$354:$FN$390","_name":"ручное"},"формула":{"_level":2,"parentID":"cdfb3bf7-21d6-46e4-ba65-8684d107bd41","firstParentID":"8d35d1ff-bf50-4fbd-9a5c-0f1ad85156cb","ID":"9863b3c4-3387-4588-a979-bf81938bb313","childs":null,"emcosID":null,"emcosMLID":null,"WSName":"DB","rangeAddress":"$FO$353:$FO$390","headAddress":"$FO$353","bodyAddress":"$FO$354:$FO$390","_name":"формула"}},"emcosID":null,"emcosMLID":null,"WSName":"DB","rangeAddress":"$FK$352:$FO$390","headAddress":"$FK$352:$FO$352","bodyAddress":"$FK$353:$FO$390","_name":"сальдо"}},"emcosID":null,"emcosMLID":null,"WSName":"DB","rangeAddress":"$FK$351:$FO$390","headAddress":"$FK$351:$FO$351","bodyAddress":"$FK$352:$FO$390","_name":"Сальдо Алматинского энергоузла Общее"}},"codPlan":null,"meterCoef":null,"_name":"Сальдо Алматинского энергоузла Общее"}