{"ID":"25c717d7-bf84-447f-b5c4-838414005e21","childs":{"PS":{"_level":0,"parentID":"25c717d7-bf84-447f-b5c4-838414005e21","firstParentID":"25c717d7-bf84-447f-b5c4-838414005e21","ID":"7d839e66-01d9-4810-9b01-bb46b11a539a","childs":{"сальдо":{"_level":1,"parentID":"7d839e66-01d9-4810-9b01-bb46b11a539a","firstParentID":"25c717d7-bf84-447f-b5c4-838414005e21","ID":"58c44478-a9c4-4e36-89d5-05be1719c081","childs":{"формула":{"_level":2,"parentID":"58c44478-a9c4-4e36-89d5-05be1719c081","firstParentID":"25c717d7-bf84-447f-b5c4-838414005e21","ID":"935c95c2-b55a-439f-b19d-4c92474c281e","childs":null,"emcosID":null,"emcosMLID":null,"codMaketTEP":null,"codTEP":null,"WSName":"PS","rangeAddress":"$S$13:$S$49","headAddress":"$S$13","bodyAddress":"$S$14:$S$49","_name":"формула"}},"emcosID":null,"emcosMLID":null,"codMaketTEP":1335,"codTEP":null,"WSName":"PS","rangeAddress":"$S$12:$S$49","headAddress":"$S$12","bodyAddress":"$S$13:$S$49","_name":"сальдо"},"план":{"_level":1,"parentID":"7d839e66-01d9-4810-9b01-bb46b11a539a","firstParentID":"25c717d7-bf84-447f-b5c4-838414005e21","ID":"c800c440-23fc-43b3-a8f5-24496518ec08","childs":{"заявка":{"_level":2,"parentID":"c800c440-23fc-43b3-a8f5-24496518ec08","firstParentID":"25c717d7-bf84-447f-b5c4-838414005e21","ID":"a5485061-f398-4023-a525-18fa1bb787c3","childs":null,"emcosID":null,"emcosMLID":null,"codMaketTEP":null,"codTEP":null,"WSName":"PS","rangeAddress":"$T$13:$T$49","headAddress":"$T$13","bodyAddress":"$T$14:$T$49","_name":"заявка"}},"emcosID":null,"emcosMLID":null,"codMaketTEP":null,"codTEP":null,"WSName":"PS","rangeAddress":"$T$12:$T$49","headAddress":"$T$12","bodyAddress":"$T$13:$T$49","_name":"план"}},"emcosID":null,"emcosMLID":null,"codMaketTEP":null,"codTEP":null,"WSName":"PS","rangeAddress":"$S$11:$T$49","headAddress":"$S$11:$T$11","bodyAddress":"$S$12:$T$49","_name":"Сальдо АЖК без КГЭС Общее"},"DB":{"_level":0,"parentID":"25c717d7-bf84-447f-b5c4-838414005e21","firstParentID":"25c717d7-bf84-447f-b5c4-838414005e21","ID":"9278f42b-2c68-4fc4-9463-7e26669d4cff","childs":{"сальдо":{"_level":1,"parentID":"9278f42b-2c68-4fc4-9463-7e26669d4cff","firstParentID":"25c717d7-bf84-447f-b5c4-838414005e21","ID":"d9b65a66-b185-4e56-be66-3b9af00319c5","childs":{"код":{"_level":2,"parentID":"d9b65a66-b185-4e56-be66-3b9af00319c5","firstParentID":"25c717d7-bf84-447f-b5c4-838414005e21","ID":"8468c8d8-ecfc-4343-b08d-247cbb6c2e30","childs":null,"emcosID":null,"emcosMLID":null,"codMaketTEP":null,"codTEP":null,"WSName":"DB","rangeAddress":"$FX$353:$FX$390","headAddress":"$FX$353","bodyAddress":"$FX$354:$FX$390","_name":"код"},"основное":{"_level":2,"parentID":"d9b65a66-b185-4e56-be66-3b9af00319c5","firstParentID":"25c717d7-bf84-447f-b5c4-838414005e21","ID":"474956fe-42c1-4d03-bafe-6a8f30f5897a","childs":null,"emcosID":null,"emcosMLID":null,"codMaketTEP":null,"codTEP":null,"WSName":"DB","rangeAddress":"$FY$353:$FY$390","headAddress":"$FY$353","bodyAddress":"$FY$354:$FY$390","_name":"основное"},"корректировка факт":{"_level":2,"parentID":"d9b65a66-b185-4e56-be66-3b9af00319c5","firstParentID":"25c717d7-bf84-447f-b5c4-838414005e21","ID":"e5133834-8564-4d48-ae10-dab6c945608e","childs":null,"emcosID":null,"emcosMLID":null,"codMaketTEP":null,"codTEP":null,"WSName":"DB","rangeAddress":"$FZ$353:$FZ$390","headAddress":"$FZ$353","bodyAddress":"$FZ$354:$FZ$390","_name":"корректировка факт"},"ручное":{"_level":2,"parentID":"d9b65a66-b185-4e56-be66-3b9af00319c5","firstParentID":"25c717d7-bf84-447f-b5c4-838414005e21","ID":"5c1a3eb7-c95e-4ef4-8f7e-ca4600394f98","childs":null,"emcosID":null,"emcosMLID":null,"codMaketTEP":null,"codTEP":null,"WSName":"DB","rangeAddress":"$GA$353:$GA$390","headAddress":"$GA$353","bodyAddress":"$GA$354:$GA$390","_name":"ручное"},"формула":{"_level":2,"parentID":"d9b65a66-b185-4e56-be66-3b9af00319c5","firstParentID":"25c717d7-bf84-447f-b5c4-838414005e21","ID":"f1a55982-997b-4aa5-ad8f-a316423e8383","childs":null,"emcosID":null,"emcosMLID":null,"codMaketTEP":null,"codTEP":null,"WSName":"DB","rangeAddress":"$GB$353:$GB$390","headAddress":"$GB$353","bodyAddress":"$GB$354:$GB$390","_name":"формула"},"оперативное":{"_level":2,"parentID":"d9b65a66-b185-4e56-be66-3b9af00319c5","firstParentID":"25c717d7-bf84-447f-b5c4-838414005e21","ID":"af90a584-4f99-423d-b8a8-b31c710d6790","childs":null,"emcosID":null,"emcosMLID":null,"codMaketTEP":null,"codTEP":null,"WSName":"DB","rangeAddress":"$GC$353:$GC$390","headAddress":"$GC$353","bodyAddress":"$GC$354:$GC$390","_name":"оперативное"},"по плану":{"_level":2,"parentID":"d9b65a66-b185-4e56-be66-3b9af00319c5","firstParentID":"25c717d7-bf84-447f-b5c4-838414005e21","ID":"c21e5284-079f-4127-945b-f55b20b791a7","childs":null,"emcosID":null,"emcosMLID":null,"codMaketTEP":null,"codTEP":null,"WSName":"DB","rangeAddress":"$GD$353:$GD$390","headAddress":"$GD$353","bodyAddress":"$GD$354:$GD$390","_name":"по плану"}},"emcosID":null,"emcosMLID":null,"codMaketTEP":null,"codTEP":null,"WSName":"DB","rangeAddress":"$FX$352:$GD$390","headAddress":"$FX$352:$GD$352","bodyAddress":"$FX$353:$GD$390","_name":"сальдо"},"план":{"_level":1,"parentID":"9278f42b-2c68-4fc4-9463-7e26669d4cff","firstParentID":"25c717d7-bf84-447f-b5c4-838414005e21","ID":"2d86d4c3-2ab1-40af-b10b-122102ba36bb","childs":{"код":{"_level":2,"parentID":"2d86d4c3-2ab1-40af-b10b-122102ba36bb","firstParentID":"25c717d7-bf84-447f-b5c4-838414005e21","ID":"f2596fa1-bdbd-4237-b6f9-03df4c3125c2","childs":null,"emcosID":null,"emcosMLID":null,"codMaketTEP":null,"codTEP":null,"WSName":"DB","rangeAddress":"$GE$353:$GE$390","headAddress":"$GE$353","bodyAddress":"$GE$354:$GE$390","_name":"код"},"основное":{"_level":2,"parentID":"2d86d4c3-2ab1-40af-b10b-122102ba36bb","firstParentID":"25c717d7-bf84-447f-b5c4-838414005e21","ID":"87d9a7dc-6a3b-4433-b4cf-1b664f385f53","childs":null,"emcosID":null,"emcosMLID":null,"codMaketTEP":null,"codTEP":null,"WSName":"DB","rangeAddress":"$GF$353:$GF$390","headAddress":"$GF$353","bodyAddress":"$GF$354:$GF$390","_name":"основное"},"заявка":{"_level":2,"parentID":"2d86d4c3-2ab1-40af-b10b-122102ba36bb","firstParentID":"25c717d7-bf84-447f-b5c4-838414005e21","ID":"6fcbd135-d47a-4998-a2ef-8625f405c7df","childs":null,"emcosID":null,"emcosMLID":null,"codMaketTEP":null,"codTEP":null,"WSName":"DB","rangeAddress":"$GG$353:$GG$390","headAddress":"$GG$353","bodyAddress":"$GG$354:$GG$390","_name":"заявка"},"утвержденный":{"_level":2,"parentID":"2d86d4c3-2ab1-40af-b10b-122102ba36bb","firstParentID":"25c717d7-bf84-447f-b5c4-838414005e21","ID":"69f73b17-ce1e-4029-85bf-2239666aee23","childs":null,"emcosID":null,"emcosMLID":null,"codMaketTEP":null,"codTEP":null,"WSName":"DB","rangeAddress":"$GH$353:$GH$390","headAddress":"$GH$353","bodyAddress":"$GH$354:$GH$390","_name":"утвержденный"},"корректировка":{"_level":2,"parentID":"2d86d4c3-2ab1-40af-b10b-122102ba36bb","firstParentID":"25c717d7-bf84-447f-b5c4-838414005e21","ID":"c7167e1f-415d-4990-843e-ff2682a834a9","childs":null,"emcosID":null,"emcosMLID":null,"codMaketTEP":null,"codTEP":null,"WSName":"DB","rangeAddress":"$GI$353:$GI$390","headAddress":"$GI$353","bodyAddress":"$GI$354:$GI$390","_name":"корректировка"}},"emcosID":null,"emcosMLID":null,"codMaketTEP":null,"codTEP":null,"WSName":"DB","rangeAddress":"$GE$352:$GI$390","headAddress":"$GE$352:$GI$352","bodyAddress":"$GE$353:$GI$390","_name":"план"}},"emcosID":null,"emcosMLID":null,"codMaketTEP":null,"codTEP":null,"WSName":"DB","rangeAddress":"$FX$351:$GI$390","headAddress":"$FX$351:$GI$351","bodyAddress":"$FX$352:$GI$390","_name":"Сальдо АЖК без КГЭС Общее"}},"codPlan":12,"meterCoef":null,"_name":"Сальдо АЖК без КГЭС Общее"}