{"ID":"6ce1ca5f-878c-4fe7-a148-31581f4c780b","childs":{"PS":{"_level":0,"parentID":"6ce1ca5f-878c-4fe7-a148-31581f4c780b","firstParentID":"6ce1ca5f-878c-4fe7-a148-31581f4c780b","ID":"d972e23b-959a-477f-b93e-8cee36121d92","childs":{"отдача":{"_level":1,"parentID":"d972e23b-959a-477f-b93e-8cee36121d92","firstParentID":"6ce1ca5f-878c-4fe7-a148-31581f4c780b","ID":"c34adeb7-7982-4b92-9f36-b600613d1854","childs":{"оперативное":{"_level":2,"parentID":"c34adeb7-7982-4b92-9f36-b600613d1854","firstParentID":"6ce1ca5f-878c-4fe7-a148-31581f4c780b","ID":"86241004-2661-4815-87a2-a7da9ec9b701","childs":null,"emcosID":null,"emcosMLID":null,"codMaketTEP":null,"codTEP":null,"WSName":"PS","rangeAddress":"$CT$228:$CT$264","headAddress":"$CT$228","bodyAddress":"$CT$229:$CT$264","_name":"оперативное"}},"emcosID":null,"emcosMLID":null,"codMaketTEP":null,"codTEP":null,"WSName":"PS","rangeAddress":"$CT$227:$CT$264","headAddress":"$CT$227","bodyAddress":"$CT$228:$CT$264","_name":"отдача"}},"emcosID":null,"emcosMLID":null,"codMaketTEP":null,"codTEP":null,"WSName":"PS","rangeAddress":"$CT$226:$CT$264","headAddress":"$CT$226","bodyAddress":"$CT$227:$CT$264","_name":"Генерация Eco Watt AKA"},"DB":{"_level":0,"parentID":"6ce1ca5f-878c-4fe7-a148-31581f4c780b","firstParentID":"6ce1ca5f-878c-4fe7-a148-31581f4c780b","ID":"3913c508-e2a7-41e3-b9bd-6c7e06dabb4a","childs":{"отдача":{"_level":1,"parentID":"3913c508-e2a7-41e3-b9bd-6c7e06dabb4a","firstParentID":"6ce1ca5f-878c-4fe7-a148-31581f4c780b","ID":"2741f718-912f-46db-bc62-df26968d2fca","childs":{"код":{"_level":2,"parentID":"2741f718-912f-46db-bc62-df26968d2fca","firstParentID":"6ce1ca5f-878c-4fe7-a148-31581f4c780b","ID":"137bf60e-640b-458e-b468-461813d9c6d2","childs":null,"emcosID":null,"emcosMLID":null,"codMaketTEP":null,"codTEP":null,"WSName":"DB","rangeAddress":"$C$568:$C$605","headAddress":"$C$568","bodyAddress":"$C$569:$C$605","_name":"код"},"основное":{"_level":2,"parentID":"2741f718-912f-46db-bc62-df26968d2fca","firstParentID":"6ce1ca5f-878c-4fe7-a148-31581f4c780b","ID":"9a336881-1d28-4a65-9d5e-f67d6b20988a","childs":null,"emcosID":null,"emcosMLID":null,"codMaketTEP":null,"codTEP":null,"WSName":"DB","rangeAddress":"$D$568:$D$605","headAddress":"$D$568","bodyAddress":"$D$569:$D$605","_name":"основное"},"корректировка факт":{"_level":2,"parentID":"2741f718-912f-46db-bc62-df26968d2fca","firstParentID":"6ce1ca5f-878c-4fe7-a148-31581f4c780b","ID":"fe5ee7b4-515c-4cd7-8516-f7e527d1edff","childs":null,"emcosID":null,"emcosMLID":null,"codMaketTEP":null,"codTEP":null,"WSName":"DB","rangeAddress":"$E$568:$E$605","headAddress":"$E$568","bodyAddress":"$E$569:$E$605","_name":"корректировка факт"},"ручное":{"_level":2,"parentID":"2741f718-912f-46db-bc62-df26968d2fca","firstParentID":"6ce1ca5f-878c-4fe7-a148-31581f4c780b","ID":"74bab064-7cb2-4381-b444-2b2502fbd663","childs":null,"emcosID":null,"emcosMLID":null,"codMaketTEP":null,"codTEP":null,"WSName":"DB","rangeAddress":"$F$568:$F$605","headAddress":"$F$568","bodyAddress":"$F$569:$F$605","_name":"ручное"},"оперативное":{"_level":2,"parentID":"2741f718-912f-46db-bc62-df26968d2fca","firstParentID":"6ce1ca5f-878c-4fe7-a148-31581f4c780b","ID":"7d7d0fbc-4d96-4650-abb9-14bcd19568ba","childs":null,"emcosID":null,"emcosMLID":null,"codMaketTEP":null,"codTEP":null,"WSName":"DB","rangeAddress":"$G$568:$G$605","headAddress":"$G$568","bodyAddress":"$G$569:$G$605","_name":"оперативное"}},"emcosID":null,"emcosMLID":null,"codMaketTEP":null,"codTEP":null,"WSName":"DB","rangeAddress":"$C$567:$G$605","headAddress":"$C$567:$G$567","bodyAddress":"$C$568:$G$605","_name":"отдача"}},"emcosID":null,"emcosMLID":null,"codMaketTEP":null,"codTEP":null,"WSName":"DB","rangeAddress":"$C$566:$G$605","headAddress":"$C$566:$G$566","bodyAddress":"$C$567:$G$605","_name":"Генерация Eco Watt AKA"}},"codPlan":null,"meterCoef":null,"_name":"Генерация Eco Watt AKA"}