{"ID":"79f23ae6-57a1-4fe3-be39-8f9c931062f1","childs":{"PS":{"_level":0,"parentID":"79f23ae6-57a1-4fe3-be39-8f9c931062f1","firstParentID":"79f23ae6-57a1-4fe3-be39-8f9c931062f1","ID":"665a20ee-02c5-4a49-b4a3-f6a99da0c7a6","childs":{"отдача":{"_level":1,"parentID":"665a20ee-02c5-4a49-b4a3-f6a99da0c7a6","firstParentID":"79f23ae6-57a1-4fe3-be39-8f9c931062f1","ID":"8788ef21-bfb2-4f1c-94bc-d46aba24cef8","childs":{"по счетчику":{"_level":2,"parentID":"8788ef21-bfb2-4f1c-94bc-d46aba24cef8","firstParentID":"79f23ae6-57a1-4fe3-be39-8f9c931062f1","ID":"cb5358c1-1dc1-4baf-8c20-f75759b9216c","childs":null,"emcosID":null,"emcosMLID":null,"codMaketTEP":null,"codTEP":null,"WSName":"PS","rangeAddress":"$DI$99:$DI$135","headAddress":"$DI$99","bodyAddress":"$DI$100:$DI$135","_name":"по счетчику"},"СЧЕТЧИК":{"_level":2,"parentID":"8788ef21-bfb2-4f1c-94bc-d46aba24cef8","firstParentID":"79f23ae6-57a1-4fe3-be39-8f9c931062f1","ID":"d7e58c6b-a67c-44fa-8e4f-55c7e6840159","childs":null,"emcosID":null,"emcosMLID":null,"codMaketTEP":null,"codTEP":null,"WSName":"PS","rangeAddress":"$DJ$99:$DJ$135","headAddress":"$DJ$99","bodyAddress":"$DJ$100:$DJ$135","_name":"СЧЕТЧИК"}},"emcosID":null,"emcosMLID":null,"codMaketTEP":null,"codTEP":null,"WSName":"PS","rangeAddress":"$DI$98:$DJ$135","headAddress":"$DI$98:$DJ$98","bodyAddress":"$DI$99:$DJ$135","_name":"отдача"}},"emcosID":null,"emcosMLID":null,"codMaketTEP":null,"codTEP":null,"WSName":"PS","rangeAddress":"$DI$97:$DJ$135","headAddress":"$DI$97:$DJ$97","bodyAddress":"$DI$98:$DJ$135","_name":"КЛ39 ПС152 Талдыкорган"},"DB":{"_level":0,"parentID":"79f23ae6-57a1-4fe3-be39-8f9c931062f1","firstParentID":"79f23ae6-57a1-4fe3-be39-8f9c931062f1","ID":"f426993f-2f85-4f27-afb0-7a7728fb02c4","childs":{"отдача":{"_level":1,"parentID":"f426993f-2f85-4f27-afb0-7a7728fb02c4","firstParentID":"79f23ae6-57a1-4fe3-be39-8f9c931062f1","ID":"fe75fcb8-7f5d-46fe-9f0b-c95d6122210c","childs":{"код":{"_level":2,"parentID":"fe75fcb8-7f5d-46fe-9f0b-c95d6122210c","firstParentID":"79f23ae6-57a1-4fe3-be39-8f9c931062f1","ID":"ec627a62-a106-41bf-b8cd-e69dc0ee7e75","childs":null,"emcosID":null,"emcosMLID":null,"codMaketTEP":null,"codTEP":null,"WSName":"DB","rangeAddress":"$GR$310:$GR$347","headAddress":"$GR$310","bodyAddress":"$GR$311:$GR$347","_name":"код"},"основное":{"_level":2,"parentID":"fe75fcb8-7f5d-46fe-9f0b-c95d6122210c","firstParentID":"79f23ae6-57a1-4fe3-be39-8f9c931062f1","ID":"3585031e-8f77-4bf8-ace7-28a584b95712","childs":null,"emcosID":null,"emcosMLID":null,"codMaketTEP":null,"codTEP":null,"WSName":"DB","rangeAddress":"$GS$310:$GS$347","headAddress":"$GS$310","bodyAddress":"$GS$311:$GS$347","_name":"основное"},"корректировка факт":{"_level":2,"parentID":"fe75fcb8-7f5d-46fe-9f0b-c95d6122210c","firstParentID":"79f23ae6-57a1-4fe3-be39-8f9c931062f1","ID":"eadf6eb7-c839-4438-bf45-8d8b05de9b24","childs":null,"emcosID":null,"emcosMLID":null,"codMaketTEP":null,"codTEP":null,"WSName":"DB","rangeAddress":"$GT$310:$GT$347","headAddress":"$GT$310","bodyAddress":"$GT$311:$GT$347","_name":"корректировка факт"},"ручное":{"_level":2,"parentID":"fe75fcb8-7f5d-46fe-9f0b-c95d6122210c","firstParentID":"79f23ae6-57a1-4fe3-be39-8f9c931062f1","ID":"704354cd-0c00-4f5b-a203-ab30cf80f026","childs":null,"emcosID":null,"emcosMLID":null,"codMaketTEP":null,"codTEP":null,"WSName":"DB","rangeAddress":"$GU$310:$GU$347","headAddress":"$GU$310","bodyAddress":"$GU$311:$GU$347","_name":"ручное"},"оперативное":{"_level":2,"parentID":"fe75fcb8-7f5d-46fe-9f0b-c95d6122210c","firstParentID":"79f23ae6-57a1-4fe3-be39-8f9c931062f1","ID":"79a1c07a-4e1b-4bce-bac6-42f2d3ee2592","childs":null,"emcosID":null,"emcosMLID":null,"codMaketTEP":null,"codTEP":null,"WSName":"DB","rangeAddress":"$GV$310:$GV$347","headAddress":"$GV$310","bodyAddress":"$GV$311:$GV$347","_name":"оперативное"},"счетчик":{"_level":2,"parentID":"fe75fcb8-7f5d-46fe-9f0b-c95d6122210c","firstParentID":"79f23ae6-57a1-4fe3-be39-8f9c931062f1","ID":"aa457cba-cf0d-4bf7-9291-a8028f042360","childs":null,"emcosID":null,"emcosMLID":null,"codMaketTEP":null,"codTEP":null,"WSName":"DB","rangeAddress":"$GW$310:$GW$347","headAddress":"$GW$310","bodyAddress":"$GW$311:$GW$347","_name":"счетчик"},"по счетчику":{"_level":2,"parentID":"fe75fcb8-7f5d-46fe-9f0b-c95d6122210c","firstParentID":"79f23ae6-57a1-4fe3-be39-8f9c931062f1","ID":"187b9f8c-5a69-4d16-9e49-5bc4ef313e42","childs":null,"emcosID":null,"emcosMLID":null,"codMaketTEP":null,"codTEP":null,"WSName":"DB","rangeAddress":"$GX$310:$GX$347","headAddress":"$GX$310","bodyAddress":"$GX$311:$GX$347","_name":"по счетчику"}},"emcosID":null,"emcosMLID":null,"codMaketTEP":null,"codTEP":null,"WSName":"DB","rangeAddress":"$GR$309:$GX$347","headAddress":"$GR$309:$GX$309","bodyAddress":"$GR$310:$GX$347","_name":"отдача"}},"emcosID":null,"emcosMLID":null,"codMaketTEP":null,"codTEP":null,"WSName":"DB","rangeAddress":"$GR$308:$GX$347","headAddress":"$GR$308:$GX$308","bodyAddress":"$GR$309:$GX$347","_name":"КЛ39 ПС152 Талдыкорган"}},"codPlan":null,"meterCoef":"4","_name":"КЛ39 ПС152 Талдыкорган"}