{"ID":"81859503-3566-456a-8d20-7a9eba28d564","childs":{"PS":{"_level":0,"parentID":"81859503-3566-456a-8d20-7a9eba28d564","firstParentID":"81859503-3566-456a-8d20-7a9eba28d564","ID":"b3749a39-0ee7-48be-8117-19d554fa2880","childs":{"прием":{"_level":1,"parentID":"b3749a39-0ee7-48be-8117-19d554fa2880","firstParentID":"81859503-3566-456a-8d20-7a9eba28d564","ID":"a1e25fb8-6d50-4e5a-b28d-58a4c7f60f99","childs":{"ручное":{"_level":2,"parentID":"a1e25fb8-6d50-4e5a-b28d-58a4c7f60f99","firstParentID":"81859503-3566-456a-8d20-7a9eba28d564","ID":"97c472ae-a597-4315-8f11-cbdf80e3a933","childs":null,"emcosID":null,"emcosMLID":null,"codMaketTEP":null,"codTEP":null,"WSName":"PS","rangeAddress":"$KD$99:$KD$135","headAddress":"$KD$99","bodyAddress":"$KD$100:$KD$135","_name":"ручное"}},"emcosID":null,"emcosMLID":null,"codMaketTEP":null,"codTEP":null,"WSName":"PS","rangeAddress":"$KD$98:$KD$135","headAddress":"$KD$98","bodyAddress":"$KD$99:$KD$135","_name":"прием"}},"emcosID":null,"emcosMLID":null,"codMaketTEP":null,"codTEP":null,"WSName":"PS","rangeAddress":"$KD$97:$KD$135","headAddress":"$KD$97","bodyAddress":"$KD$98:$KD$135","_name":"ТП2 Чиганак тяга"},"DB":{"_level":0,"parentID":"81859503-3566-456a-8d20-7a9eba28d564","firstParentID":"81859503-3566-456a-8d20-7a9eba28d564","ID":"027fbf77-573b-43df-a444-9ab384895151","childs":{"прием":{"_level":1,"parentID":"027fbf77-573b-43df-a444-9ab384895151","firstParentID":"81859503-3566-456a-8d20-7a9eba28d564","ID":"2a97e2da-179c-4220-bb2d-b89d9ea81a76","childs":{"код":{"_level":2,"parentID":"2a97e2da-179c-4220-bb2d-b89d9ea81a76","firstParentID":"81859503-3566-456a-8d20-7a9eba28d564","ID":"44d2a2a1-f906-4b76-8585-1ec12cdeb61e","childs":null,"emcosID":null,"emcosMLID":null,"codMaketTEP":null,"codTEP":null,"WSName":"DB","rangeAddress":"$GL$138:$GL$175","headAddress":"$GL$138","bodyAddress":"$GL$139:$GL$175","_name":"код"},"основное":{"_level":2,"parentID":"2a97e2da-179c-4220-bb2d-b89d9ea81a76","firstParentID":"81859503-3566-456a-8d20-7a9eba28d564","ID":"5f594655-fade-4fb1-87f1-67f57564b03c","childs":null,"emcosID":null,"emcosMLID":null,"codMaketTEP":null,"codTEP":null,"WSName":"DB","rangeAddress":"$GM$138:$GM$175","headAddress":"$GM$138","bodyAddress":"$GM$139:$GM$175","_name":"основное"},"корректировка факт":{"_level":2,"parentID":"2a97e2da-179c-4220-bb2d-b89d9ea81a76","firstParentID":"81859503-3566-456a-8d20-7a9eba28d564","ID":"7caede84-6848-4c10-b72c-ed4a9a673f3a","childs":null,"emcosID":null,"emcosMLID":null,"codMaketTEP":null,"codTEP":null,"WSName":"DB","rangeAddress":"$GN$138:$GN$175","headAddress":"$GN$138","bodyAddress":"$GN$139:$GN$175","_name":"корректировка факт"},"ручное":{"_level":2,"parentID":"2a97e2da-179c-4220-bb2d-b89d9ea81a76","firstParentID":"81859503-3566-456a-8d20-7a9eba28d564","ID":"04d2e1ec-bf61-430a-b102-1adde59cfa65","childs":null,"emcosID":null,"emcosMLID":null,"codMaketTEP":null,"codTEP":null,"WSName":"DB","rangeAddress":"$GO$138:$GO$175","headAddress":"$GO$138","bodyAddress":"$GO$139:$GO$175","_name":"ручное"}},"emcosID":null,"emcosMLID":null,"codMaketTEP":null,"codTEP":null,"WSName":"DB","rangeAddress":"$GL$137:$GO$175","headAddress":"$GL$137:$GO$137","bodyAddress":"$GL$138:$GO$175","_name":"прием"}},"emcosID":null,"emcosMLID":null,"codMaketTEP":null,"codTEP":null,"WSName":"DB","rangeAddress":"$GL$136:$GO$175","headAddress":"$GL$136:$GO$136","bodyAddress":"$GL$137:$GO$175","_name":"ТП2 Чиганак тяга"}},"codPlan":null,"meterCoef":null,"_name":"ТП2 Чиганак тяга"}