[{"text":"Л2443 Алма прием","ID":"da62c5e2-a891-4a51-9f42-e31efad9fb50","type":0,"borderColor":"","borderSize":0},{"text":"-","ID":null,"type":2,"borderColor":"","borderSize":0},{"text":"Л2443 Алма отдача","ID":"c50bdf5d-887b-4010-a4f1-7e94b4910d6d","type":0,"borderColor":"","borderSize":0},{"text":"+","ID":null,"type":2,"borderColor":"","borderSize":0},{"text":"с.н. Mistral Energy СЭС Каскелен 50 прием","ID":"2b910c5e-1948-4d9e-854f-f85015be250a","type":0,"borderColor":"","borderSize":0}]