[{"text":"Прием из сети ПС126 Талдыкорган прием","ID":"15c46c91-7a0b-4a67-bf77-1bb59dea003a","type":0,"borderColor":"","borderSize":0},{"text":"+","ID":null,"type":2,"borderColor":"","borderSize":0},{"text":"Прием из сети ПС149 Талдыкорган ЗЩА прием","ID":"067528b1-e279-4538-8373-c92c4156bff9","type":0,"borderColor":"","borderSize":0},{"text":"+","ID":null,"type":2,"borderColor":"","borderSize":0},{"text":"Прием из сети ПС152 Талдыкорган прием","ID":"d535dd38-d216-4a49-8357-73e9a6714a21","type":0,"borderColor":"","borderSize":0}]