[{"text":"ТП1 Кияхты тяга прием","ID":"48e0726f-804e-48c8-b954-ebf3cbfb7716","type":0,"borderColor":"","borderSize":0},{"text":"+","ID":null,"type":2,"borderColor":"","borderSize":0},{"text":"ТП2 Кияхты тяга прием","ID":"b687c818-6659-4405-ad14-334e8bf8754a","type":0,"borderColor":"","borderSize":0},{"text":"+","ID":null,"type":2,"borderColor":"","borderSize":0},{"text":"ТП3 Кияхты тяга прием","ID":"517c625b-837d-46b7-a925-9866f5bf2757","type":0,"borderColor":"","borderSize":0}]