[{"text":"Сальдо ВМЭС Общее сальдо","ID":"4747283e-654a-40d6-8e31-8e05570a2512","type":0,"borderColor":"","borderSize":0},{"text":"+","ID":null,"type":2,"borderColor":"","borderSize":0},{"text":"Сальдо ЦМЭС Общее сальдо","ID":"f9575630-11ac-46dd-a072-c99744cc65a1","type":0,"borderColor":"","borderSize":0},{"text":"+","ID":null,"type":2,"borderColor":"","borderSize":0},{"text":"Сальдо ЮМЭС Общее сальдо","ID":"cad80d63-2906-491a-8b27-acbfd451fe86","type":0,"borderColor":"","borderSize":0},{"text":"+","ID":null,"type":2,"borderColor":"","borderSize":0},{"text":"Сальдо Киргизстан Общее сальдо","ID":"63f60af5-c5bb-45b2-be2b-a80107e7ec70","type":0,"borderColor":"","borderSize":0}]