[{"text":"Л2393 ОРУ 220 МГЭС прием","ID":"296f1f7f-6d3f-4664-8369-54a22ae6df54","type":0,"borderColor":"","borderSize":0},{"text":"-","ID":null,"type":2,"borderColor":"","borderSize":0},{"text":"Л2393 ОРУ 220 МГЭС отдача","ID":"df1ed773-942c-43f1-a367-09156709eba1","type":0,"borderColor":"","borderSize":0},{"text":"+","ID":null,"type":2,"borderColor":"","borderSize":0},{"text":"Л2403 ОРУ 220 МГЭС прием","ID":"f751380e-ccc7-4462-b8e8-b996fa177571","type":0,"borderColor":"","borderSize":0},{"text":"-","ID":null,"type":2,"borderColor":"","borderSize":0},{"text":"Л2403 ОРУ 220 МГЭС отдача","ID":"d1819af9-def3-4be7-bdf2-b70261e323bf","type":0,"borderColor":"","borderSize":0},{"text":"+","ID":null,"type":2,"borderColor":"","borderSize":0},{"text":"с.н. Мойнак ГЭС МГЭС прием","ID":"64c4019a-3bd2-46b5-b816-574a6bb972b5","type":0,"borderColor":"","borderSize":0}]