[{"text":"Потребление в границах Алатау Жарык Компаниясы прием","ID":"a221024c-6fd7-42e7-88eb-6e18acf40862","type":0,"borderColor":"","borderSize":0},{"text":"-","ID":null,"type":2,"borderColor":"","borderSize":0},{"text":"с.н. АТЭЦ1 АлЭС прием","ID":"6a40a894-9d5d-42b6-a637-fb59eac7f80e","type":0,"borderColor":"","borderSize":0},{"text":"-","ID":null,"type":2,"borderColor":"","borderSize":0},{"text":"с.н. АТЭЦ2 АлЭС прием","ID":"86a16d54-d463-4095-9ca9-44067ff3c056","type":0,"borderColor":"","borderSize":0},{"text":"-","ID":null,"type":2,"borderColor":"","borderSize":0},{"text":"с.н. АТЭЦ3 АлЭС прием","ID":"7dec6efb-4775-4800-a445-eb847272ca86","type":0,"borderColor":"","borderSize":0},{"text":"-","ID":null,"type":2,"borderColor":"","borderSize":0},{"text":"с.н. Каскад ГЭС АлЭС прием","ID":"1061fcb8-2c11-4fb8-89fd-ca7209b6038c","type":0,"borderColor":"","borderSize":0}]