[{"text":"Потребление Алматинского энергоузла Общее прием","ID":"1b9c4806-8aa5-4a05-b34c-f697b7f45cc7","type":0,"borderColor":"","borderSize":0},{"text":"-","ID":null,"type":2,"borderColor":"","borderSize":0},{"text":"Потребление Балхашэнерго прием","ID":"e1410e90-cd02-4d93-a135-d09698595986","type":0,"borderColor":"","borderSize":0},{"text":"-","ID":null,"type":2,"borderColor":"","borderSize":0},{"text":"Потребление Казэнергоцентр Алматы прием","ID":"642beb56-ef12-4808-aa47-3ef6f0e6d3a9","type":0,"borderColor":"","borderSize":0},{"text":"-","ID":null,"type":2,"borderColor":"","borderSize":0},{"text":"Потребление ИЗА Алматы прием","ID":"973a59e4-e7d6-4c4a-a664-05cbd0dd0dcc","type":0,"borderColor":"","borderSize":0},{"text":"-","ID":null,"type":2,"borderColor":"","borderSize":0},{"text":"Потребление Каз Ферро Сталь прием","ID":"0ef8ac0b-f413-475f-b1ef-305a4359b653","type":0,"borderColor":"","borderSize":0},{"text":"-","ID":null,"type":2,"borderColor":"","borderSize":0},{"text":"Потребление Международный аэропорт Алматы прием","ID":"656be4f1-e12b-49b7-839b-bb7bb82ecb45","type":0,"borderColor":"","borderSize":0},{"text":"-","ID":null,"type":2,"borderColor":"","borderSize":0},{"text":"Потребление АЖК прием","ID":"96ea7d1e-7c9f-4a29-9fa5-887a84c3fa36","type":0,"borderColor":"","borderSize":0},{"text":"-","ID":null,"type":2,"borderColor":"","borderSize":0},{"text":"Потребление Алматыэнергосбыт прием","ID":"3990989d-830b-4bee-a424-f41b4b58f59d","type":0,"borderColor":"","borderSize":0},{"text":"-","ID":null,"type":2,"borderColor":"","borderSize":0},{"text":"ДМС потери КТЖ Алматы прием","ID":"91e10ffa-d9b0-4dc1-a0dc-2608525f8bf6","type":0,"borderColor":"","borderSize":0},{"text":"-","ID":null,"type":2,"borderColor":"","borderSize":0},{"text":"Пассажирские локомотивы КТЖ Алматы прием","ID":"24e8c01d-c7d2-48dd-a5f6-fe7a58a082f1","type":0,"borderColor":"","borderSize":0},{"text":"-","ID":null,"type":2,"borderColor":"","borderSize":0},{"text":"Грузовые перевозки КТЖ Алматы прием","ID":"a08c0369-2b74-4229-97c6-ee238eeb63fe","type":0,"borderColor":"","borderSize":0},{"text":"-","ID":null,"type":2,"borderColor":"","borderSize":0},{"text":"ДМС хоз нужды КТЖ Алматы прием","ID":"1f57c014-f6bb-4463-b965-4d6c9c79b968","type":0,"borderColor":"","borderSize":0},{"text":"-","ID":null,"type":2,"borderColor":"","borderSize":0},{"text":"х.н. Мойнак ГЭС МГЭС прием","ID":"36b11f3b-278e-41ca-bcb1-5851495119ac","type":0,"borderColor":"","borderSize":0},{"text":"-","ID":null,"type":2,"borderColor":"","borderSize":0},{"text":"с.н. Станции Алматинского энергоузла прием","ID":"315e7d6c-d51e-40f3-bf84-1757c531080b","type":0,"borderColor":"","borderSize":0},{"text":"-","ID":null,"type":2,"borderColor":"","borderSize":0},{"text":"Потребление Жамбыл Жарык Сауда прием","ID":"5dc60ee6-d464-4040-a649-334dfb5fd154","type":0,"borderColor":"","borderSize":0},{"text":"-","ID":null,"type":2,"borderColor":"","borderSize":0},{"text":"Потребление Корпорация Казахмыс прием","ID":"9bdaa4ed-06ce-439f-ae6c-46c70883fe23","type":0,"borderColor":"","borderSize":0}]