[{"text":"ТП1 Мын Арал тяга прием","ID":"59152068-e71f-426d-8c27-1dbdb74008ec","type":0,"borderColor":"","borderSize":0},{"text":"+","ID":null,"type":2,"borderColor":"","borderSize":0},{"text":"ТП2 Мын Арал тяга прием","ID":"b944ea55-c5ab-44d2-87d0-bfc14b8983d4","type":0,"borderColor":"","borderSize":0},{"text":"+","ID":null,"type":2,"borderColor":"","borderSize":0},{"text":"ТП3 Мын Арал тяга прием","ID":"67737ef2-912e-4ed1-921a-b5bd608f804a","type":0,"borderColor":"","borderSize":0}]