{"ID":"16074114-ad8b-453a-a6e6-1d37c741b244","childs":{"PS":{"_level":0,"parentID":"16074114-ad8b-453a-a6e6-1d37c741b244","firstParentID":"16074114-ad8b-453a-a6e6-1d37c741b244","ID":"10c5f5d9-aaf2-4396-85e9-96423f37615e","childs":{"прием":{"_level":1,"parentID":"10c5f5d9-aaf2-4396-85e9-96423f37615e","firstParentID":"16074114-ad8b-453a-a6e6-1d37c741b244","ID":"b817eee0-f281-4151-8a5c-036480f46373","childs":{"ручное":{"_level":2,"parentID":"b817eee0-f281-4151-8a5c-036480f46373","firstParentID":"16074114-ad8b-453a-a6e6-1d37c741b244","ID":"adff13cb-abdb-4b82-a166-3bebab9ac2d4","childs":null,"emcosID":null,"emcosMLID":null,"WSName":"PS","rangeAddress":"$CW$99:$CW$135","headAddress":"$CW$99","bodyAddress":"$CW$100:$CW$135","_name":"ручное"}},"emcosID":null,"emcosMLID":null,"WSName":"PS","rangeAddress":"$CW$98:$CW$135","headAddress":"$CW$98","bodyAddress":"$CW$99:$CW$135","_name":"прием"},"отдача":{"_level":1,"parentID":"10c5f5d9-aaf2-4396-85e9-96423f37615e","firstParentID":"16074114-ad8b-453a-a6e6-1d37c741b244","ID":"b9b19ff8-6c3e-47d8-8084-db722e43393b","childs":{"ручное":{"_level":2,"parentID":"b9b19ff8-6c3e-47d8-8084-db722e43393b","firstParentID":"16074114-ad8b-453a-a6e6-1d37c741b244","ID":"e73450b2-916d-4f47-82aa-09690aa01353","childs":null,"emcosID":null,"emcosMLID":null,"WSName":"PS","rangeAddress":"$CX$99:$CX$135","headAddress":"$CX$99","bodyAddress":"$CX$100:$CX$135","_name":"ручное"}},"emcosID":null,"emcosMLID":null,"WSName":"PS","rangeAddress":"$CX$98:$CX$135","headAddress":"$CX$98","bodyAddress":"$CX$99:$CX$135","_name":"отдача"}},"emcosID":null,"emcosMLID":null,"WSName":"PS","rangeAddress":"$CW$97:$CX$135","headAddress":"$CW$97:$CX$97","bodyAddress":"$CW$98:$CX$135","_name":"Л2143 АХБК 7А"},"DB":{"_level":0,"parentID":"16074114-ad8b-453a-a6e6-1d37c741b244","firstParentID":"16074114-ad8b-453a-a6e6-1d37c741b244","ID":"bb9d4d9e-dc27-498d-9182-20a29e8e8e3c","childs":{"прием":{"_level":1,"parentID":"bb9d4d9e-dc27-498d-9182-20a29e8e8e3c","firstParentID":"16074114-ad8b-453a-a6e6-1d37c741b244","ID":"c8e235e4-f432-4c9b-92ba-404dc470e68c","childs":{"код":{"_level":2,"parentID":"c8e235e4-f432-4c9b-92ba-404dc470e68c","firstParentID":"16074114-ad8b-453a-a6e6-1d37c741b244","ID":"79d36d7a-052d-4b31-89e4-7b52ca819e97","childs":null,"emcosID":null,"emcosMLID":null,"WSName":"DB","rangeAddress":"$GX$95:$GX$132","headAddress":"$GX$95","bodyAddress":"$GX$96:$GX$132","_name":"код"},"основное":{"_level":2,"parentID":"c8e235e4-f432-4c9b-92ba-404dc470e68c","firstParentID":"16074114-ad8b-453a-a6e6-1d37c741b244","ID":"b38845c4-dbda-434e-96a7-92243ac43da9","childs":null,"emcosID":null,"emcosMLID":null,"WSName":"DB","rangeAddress":"$GY$95:$GY$132","headAddress":"$GY$95","bodyAddress":"$GY$96:$GY$132","_name":"основное"},"корректировка факт":{"_level":2,"parentID":"c8e235e4-f432-4c9b-92ba-404dc470e68c","firstParentID":"16074114-ad8b-453a-a6e6-1d37c741b244","ID":"bae84f9c-73da-4a18-b0e1-bec60a26891d","childs":null,"emcosID":null,"emcosMLID":null,"WSName":"DB","rangeAddress":"$GZ$95:$GZ$132","headAddress":"$GZ$95","bodyAddress":"$GZ$96:$GZ$132","_name":"корректировка факт"},"ручное":{"_level":2,"parentID":"c8e235e4-f432-4c9b-92ba-404dc470e68c","firstParentID":"16074114-ad8b-453a-a6e6-1d37c741b244","ID":"abc18ede-cbea-496a-b8f1-08c781fb3a9b","childs":null,"emcosID":null,"emcosMLID":null,"WSName":"DB","rangeAddress":"$HA$95:$HA$132","headAddress":"$HA$95","bodyAddress":"$HA$96:$HA$132","_name":"ручное"}},"emcosID":null,"emcosMLID":null,"WSName":"DB","rangeAddress":"$GX$94:$HA$132","headAddress":"$GX$94:$HA$94","bodyAddress":"$GX$95:$HA$132","_name":"прием"},"отдача":{"_level":1,"parentID":"bb9d4d9e-dc27-498d-9182-20a29e8e8e3c","firstParentID":"16074114-ad8b-453a-a6e6-1d37c741b244","ID":"8536b0e4-214c-4db6-8b07-650c1d919b81","childs":{"код":{"_level":2,"parentID":"8536b0e4-214c-4db6-8b07-650c1d919b81","firstParentID":"16074114-ad8b-453a-a6e6-1d37c741b244","ID":"99801969-b8be-4584-8b46-f9f78b759124","childs":null,"emcosID":null,"emcosMLID":null,"WSName":"DB","rangeAddress":"$HB$95:$HB$132","headAddress":"$HB$95","bodyAddress":"$HB$96:$HB$132","_name":"код"},"основное":{"_level":2,"parentID":"8536b0e4-214c-4db6-8b07-650c1d919b81","firstParentID":"16074114-ad8b-453a-a6e6-1d37c741b244","ID":"d951dcaf-34ff-4899-9a19-02d8bd487aee","childs":null,"emcosID":null,"emcosMLID":null,"WSName":"DB","rangeAddress":"$HC$95:$HC$132","headAddress":"$HC$95","bodyAddress":"$HC$96:$HC$132","_name":"основное"},"корректировка факт":{"_level":2,"parentID":"8536b0e4-214c-4db6-8b07-650c1d919b81","firstParentID":"16074114-ad8b-453a-a6e6-1d37c741b244","ID":"05010ab9-bc73-4b94-aa23-f5cf8a65ec32","childs":null,"emcosID":null,"emcosMLID":null,"WSName":"DB","rangeAddress":"$HD$95:$HD$132","headAddress":"$HD$95","bodyAddress":"$HD$96:$HD$132","_name":"корректировка факт"},"ручное":{"_level":2,"parentID":"8536b0e4-214c-4db6-8b07-650c1d919b81","firstParentID":"16074114-ad8b-453a-a6e6-1d37c741b244","ID":"cb69b221-4414-4fc7-b4b9-5e56f06d7df0","childs":null,"emcosID":null,"emcosMLID":null,"WSName":"DB","rangeAddress":"$HE$95:$HE$132","headAddress":"$HE$95","bodyAddress":"$HE$96:$HE$132","_name":"ручное"}},"emcosID":null,"emcosMLID":null,"WSName":"DB","rangeAddress":"$HB$94:$HE$132","headAddress":"$HB$94:$HE$94","bodyAddress":"$HB$95:$HE$132","_name":"отдача"}},"emcosID":null,"emcosMLID":null,"WSName":"DB","rangeAddress":"$GX$93:$HE$132","headAddress":"$GX$93:$HE$93","bodyAddress":"$GX$94:$HE$132","_name":"Л2143 АХБК 7А"}},"codPlan":null,"meterCoef":null,"_name":"Л2143 АХБК 7А"}