{"ID":"79e4713b-2895-4a74-8118-16a80f35819c","childs":{"PS":{"_level":0,"parentID":"79e4713b-2895-4a74-8118-16a80f35819c","firstParentID":"79e4713b-2895-4a74-8118-16a80f35819c","ID":"02b6913d-1c55-4da7-bd56-447674632572","childs":{"прием":{"_level":1,"parentID":"02b6913d-1c55-4da7-bd56-447674632572","firstParentID":"79e4713b-2895-4a74-8118-16a80f35819c","ID":"1d3465ab-332c-42b3-ad7f-f107dcd65f45","childs":{"по счетчику":{"_level":2,"parentID":"1d3465ab-332c-42b3-ad7f-f107dcd65f45","firstParentID":"79e4713b-2895-4a74-8118-16a80f35819c","ID":"13964cd3-d707-423a-817d-96fe747f130a","childs":null,"emcosID":null,"emcosMLID":null,"WSName":"PS","rangeAddress":"$CR$56:$CR$92","headAddress":"$CR$56","bodyAddress":"$CR$57:$CR$92","_name":"по счетчику"}},"emcosID":null,"emcosMLID":null,"WSName":"PS","rangeAddress":"$CR$55:$CR$92","headAddress":"$CR$55","bodyAddress":"$CR$56:$CR$92","_name":"прием"},"отдача":{"_level":1,"parentID":"02b6913d-1c55-4da7-bd56-447674632572","firstParentID":"79e4713b-2895-4a74-8118-16a80f35819c","ID":"e3e35c0e-6c1c-4b6a-a110-47bdd434f8a3","childs":{"по счетчику":{"_level":2,"parentID":"e3e35c0e-6c1c-4b6a-a110-47bdd434f8a3","firstParentID":"79e4713b-2895-4a74-8118-16a80f35819c","ID":"40fbbca0-a80d-4bd3-8804-229e2e2e5432","childs":null,"emcosID":null,"emcosMLID":null,"WSName":"PS","rangeAddress":"$CS$56:$CS$92","headAddress":"$CS$56","bodyAddress":"$CS$57:$CS$92","_name":"по счетчику"}},"emcosID":null,"emcosMLID":null,"WSName":"PS","rangeAddress":"$CS$55:$CS$92","headAddress":"$CS$55","bodyAddress":"$CS$56:$CS$92","_name":"отдача"}},"emcosID":null,"emcosMLID":null,"WSName":"PS","rangeAddress":"$CR$54:$CS$92","headAddress":"$CR$54:$CS$54","bodyAddress":"$CR$55:$CS$92","_name":"Л5403 Талдыкорган"},"DB":{"_level":0,"parentID":"79e4713b-2895-4a74-8118-16a80f35819c","firstParentID":"79e4713b-2895-4a74-8118-16a80f35819c","ID":"8b26c4ff-23c4-4ad0-afe8-1ea4fd794cce","childs":{"прием":{"_level":1,"parentID":"8b26c4ff-23c4-4ad0-afe8-1ea4fd794cce","firstParentID":"79e4713b-2895-4a74-8118-16a80f35819c","ID":"f1832f4f-1981-42f0-baf7-3121337d1151","childs":{"код":{"_level":2,"parentID":"f1832f4f-1981-42f0-baf7-3121337d1151","firstParentID":"79e4713b-2895-4a74-8118-16a80f35819c","ID":"84061eda-564f-45f7-b68a-cab5ce7070a8","childs":null,"emcosID":null,"emcosMLID":null,"WSName":"DB","rangeAddress":"$O$52:$O$89","headAddress":"$O$52","bodyAddress":"$O$53:$O$89","_name":"код"},"основное":{"_level":2,"parentID":"f1832f4f-1981-42f0-baf7-3121337d1151","firstParentID":"79e4713b-2895-4a74-8118-16a80f35819c","ID":"67b404da-1de1-4bdd-9570-fb45b79ef306","childs":null,"emcosID":null,"emcosMLID":null,"WSName":"DB","rangeAddress":"$P$52:$P$89","headAddress":"$P$52","bodyAddress":"$P$53:$P$89","_name":"основное"},"корректировка факт":{"_level":2,"parentID":"f1832f4f-1981-42f0-baf7-3121337d1151","firstParentID":"79e4713b-2895-4a74-8118-16a80f35819c","ID":"998dd4bd-d5a8-40b3-8d09-be5a02b0a94f","childs":null,"emcosID":null,"emcosMLID":null,"WSName":"DB","rangeAddress":"$Q$52:$Q$89","headAddress":"$Q$52","bodyAddress":"$Q$53:$Q$89","_name":"корректировка факт"},"ручное":{"_level":2,"parentID":"f1832f4f-1981-42f0-baf7-3121337d1151","firstParentID":"79e4713b-2895-4a74-8118-16a80f35819c","ID":"2f31ae85-eca7-4336-bc99-91bd8a33357b","childs":null,"emcosID":null,"emcosMLID":null,"WSName":"DB","rangeAddress":"$R$52:$R$89","headAddress":"$R$52","bodyAddress":"$R$53:$R$89","_name":"ручное"},"счетчик":{"_level":2,"parentID":"f1832f4f-1981-42f0-baf7-3121337d1151","firstParentID":"79e4713b-2895-4a74-8118-16a80f35819c","ID":"e7ab08cc-361f-4ef5-94dd-89e9e77de9d6","childs":null,"emcosID":null,"emcosMLID":null,"WSName":"DB","rangeAddress":"$S$52:$S$89","headAddress":"$S$52","bodyAddress":"$S$53:$S$89","_name":"счетчик"},"по счетчику":{"_level":2,"parentID":"f1832f4f-1981-42f0-baf7-3121337d1151","firstParentID":"79e4713b-2895-4a74-8118-16a80f35819c","ID":"cf3791b0-ba55-4c97-acc1-1fab2fad0000","childs":null,"emcosID":null,"emcosMLID":null,"WSName":"DB","rangeAddress":"$T$52:$T$89","headAddress":"$T$52","bodyAddress":"$T$53:$T$89","_name":"по счетчику"}},"emcosID":null,"emcosMLID":null,"WSName":"DB","rangeAddress":"$O$51:$T$89","headAddress":"$O$51:$T$51","bodyAddress":"$O$52:$T$89","_name":"прием"},"отдача":{"_level":1,"parentID":"8b26c4ff-23c4-4ad0-afe8-1ea4fd794cce","firstParentID":"79e4713b-2895-4a74-8118-16a80f35819c","ID":"a2647835-7c40-413f-a939-87117fbd8afb","childs":{"код":{"_level":2,"parentID":"a2647835-7c40-413f-a939-87117fbd8afb","firstParentID":"79e4713b-2895-4a74-8118-16a80f35819c","ID":"e74fdba7-5fae-4296-9efd-4f514c078266","childs":null,"emcosID":null,"emcosMLID":null,"WSName":"DB","rangeAddress":"$U$52:$U$89","headAddress":"$U$52","bodyAddress":"$U$53:$U$89","_name":"код"},"основное":{"_level":2,"parentID":"a2647835-7c40-413f-a939-87117fbd8afb","firstParentID":"79e4713b-2895-4a74-8118-16a80f35819c","ID":"700a1314-42ca-43ab-9e06-d78508dca6fe","childs":null,"emcosID":null,"emcosMLID":null,"WSName":"DB","rangeAddress":"$V$52:$V$89","headAddress":"$V$52","bodyAddress":"$V$53:$V$89","_name":"основное"},"корректировка факт":{"_level":2,"parentID":"a2647835-7c40-413f-a939-87117fbd8afb","firstParentID":"79e4713b-2895-4a74-8118-16a80f35819c","ID":"d3bb1aa2-1534-48be-a2b1-f7e14069694a","childs":null,"emcosID":null,"emcosMLID":null,"WSName":"DB","rangeAddress":"$W$52:$W$89","headAddress":"$W$52","bodyAddress":"$W$53:$W$89","_name":"корректировка факт"},"ручное":{"_level":2,"parentID":"a2647835-7c40-413f-a939-87117fbd8afb","firstParentID":"79e4713b-2895-4a74-8118-16a80f35819c","ID":"8af1fd88-5578-40b3-98c8-11ebfbccb269","childs":null,"emcosID":null,"emcosMLID":null,"WSName":"DB","rangeAddress":"$X$52:$X$89","headAddress":"$X$52","bodyAddress":"$X$53:$X$89","_name":"ручное"},"счетчик":{"_level":2,"parentID":"a2647835-7c40-413f-a939-87117fbd8afb","firstParentID":"79e4713b-2895-4a74-8118-16a80f35819c","ID":"e2e08761-77a5-4e17-a5af-841bc06dfd81","childs":null,"emcosID":null,"emcosMLID":null,"WSName":"DB","rangeAddress":"$Y$52:$Y$89","headAddress":"$Y$52","bodyAddress":"$Y$53:$Y$89","_name":"счетчик"},"по счетчику":{"_level":2,"parentID":"a2647835-7c40-413f-a939-87117fbd8afb","firstParentID":"79e4713b-2895-4a74-8118-16a80f35819c","ID":"64cc3846-b81b-4021-8c50-7db44ac46845","childs":null,"emcosID":null,"emcosMLID":null,"WSName":"DB","rangeAddress":"$Z$52:$Z$89","headAddress":"$Z$52","bodyAddress":"$Z$53:$Z$89","_name":"по счетчику"}},"emcosID":null,"emcosMLID":null,"WSName":"DB","rangeAddress":"$U$51:$Z$89","headAddress":"$U$51:$Z$51","bodyAddress":"$U$52:$Z$89","_name":"отдача"}},"emcosID":null,"emcosMLID":null,"WSName":"DB","rangeAddress":"$O$50:$Z$89","headAddress":"$O$50:$Z$50","bodyAddress":"$O$51:$Z$89","_name":"Л5403 Талдыкорган"}},"codPlan":null,"meterCoef":null,"_name":"Л5403 Талдыкорган"}