{"ID":"0157136a-b023-462a-b296-1f3108bff936","childs":{"PS":{"_level":0,"parentID":"0157136a-b023-462a-b296-1f3108bff936","firstParentID":"0157136a-b023-462a-b296-1f3108bff936","ID":"7934ac43-7454-4871-a2c5-8e33981536c3","childs":{"прием":{"_level":1,"parentID":"7934ac43-7454-4871-a2c5-8e33981536c3","firstParentID":"0157136a-b023-462a-b296-1f3108bff936","ID":"10830342-77ac-4155-81e2-172728684617","childs":{"оперативное":{"_level":2,"parentID":"10830342-77ac-4155-81e2-172728684617","firstParentID":"0157136a-b023-462a-b296-1f3108bff936","ID":"5fa9402f-e5b2-49ea-b201-016246c024aa","childs":null,"emcosID":null,"emcosMLID":null,"codMaketTEP":null,"codTEP":null,"WSName":"PS","rangeAddress":"$G$228:$G$264","headAddress":"$G$228","bodyAddress":"$G$229:$G$264","_name":"оперативное"}},"emcosID":null,"emcosMLID":null,"codMaketTEP":1417,"codTEP":null,"WSName":"PS","rangeAddress":"$G$227:$G$264","headAddress":"$G$227","bodyAddress":"$G$228:$G$264","_name":"прием"}},"emcosID":null,"emcosMLID":null,"codMaketTEP":null,"codTEP":null,"WSName":"PS","rangeAddress":"$G$226:$G$264","headAddress":"$G$226","bodyAddress":"$G$227:$G$264","_name":"От Успеновской ГЭС ТАТЭК"},"DB":{"_level":0,"parentID":"0157136a-b023-462a-b296-1f3108bff936","firstParentID":"0157136a-b023-462a-b296-1f3108bff936","ID":"7bf29270-d708-40fd-871c-967da5e094d9","childs":{"прием":{"_level":1,"parentID":"7bf29270-d708-40fd-871c-967da5e094d9","firstParentID":"0157136a-b023-462a-b296-1f3108bff936","ID":"984458a9-ff8f-4e7b-be2f-076bd97f86e2","childs":{"код":{"_level":2,"parentID":"984458a9-ff8f-4e7b-be2f-076bd97f86e2","firstParentID":"0157136a-b023-462a-b296-1f3108bff936","ID":"b3968d58-ddb6-4847-92f2-74dec55f096f","childs":null,"emcosID":null,"emcosMLID":null,"codMaketTEP":null,"codTEP":null,"WSName":"DB","rangeAddress":"$T$482:$T$519","headAddress":"$T$482","bodyAddress":"$T$483:$T$519","_name":"код"},"основное":{"_level":2,"parentID":"984458a9-ff8f-4e7b-be2f-076bd97f86e2","firstParentID":"0157136a-b023-462a-b296-1f3108bff936","ID":"9925bcbf-3f73-4e05-9afb-3eecaa93bfe8","childs":null,"emcosID":null,"emcosMLID":null,"codMaketTEP":null,"codTEP":null,"WSName":"DB","rangeAddress":"$U$482:$U$519","headAddress":"$U$482","bodyAddress":"$U$483:$U$519","_name":"основное"},"корректировка факт":{"_level":2,"parentID":"984458a9-ff8f-4e7b-be2f-076bd97f86e2","firstParentID":"0157136a-b023-462a-b296-1f3108bff936","ID":"a92860d8-726f-4f8e-b702-00f416966def","childs":null,"emcosID":null,"emcosMLID":null,"codMaketTEP":null,"codTEP":null,"WSName":"DB","rangeAddress":"$V$482:$V$519","headAddress":"$V$482","bodyAddress":"$V$483:$V$519","_name":"корректировка факт"},"ручное":{"_level":2,"parentID":"984458a9-ff8f-4e7b-be2f-076bd97f86e2","firstParentID":"0157136a-b023-462a-b296-1f3108bff936","ID":"18ba3d7a-29af-466a-be22-e26acc80285e","childs":null,"emcosID":null,"emcosMLID":null,"codMaketTEP":null,"codTEP":null,"WSName":"DB","rangeAddress":"$W$482:$W$519","headAddress":"$W$482","bodyAddress":"$W$483:$W$519","_name":"ручное"},"оперативное":{"_level":2,"parentID":"984458a9-ff8f-4e7b-be2f-076bd97f86e2","firstParentID":"0157136a-b023-462a-b296-1f3108bff936","ID":"f2478ed2-ff04-41d7-9929-acf1184a2ebc","childs":null,"emcosID":null,"emcosMLID":null,"codMaketTEP":null,"codTEP":null,"WSName":"DB","rangeAddress":"$X$482:$X$519","headAddress":"$X$482","bodyAddress":"$X$483:$X$519","_name":"оперативное"}},"emcosID":null,"emcosMLID":null,"codMaketTEP":null,"codTEP":null,"WSName":"DB","rangeAddress":"$T$481:$X$519","headAddress":"$T$481:$X$481","bodyAddress":"$T$482:$X$519","_name":"прием"}},"emcosID":null,"emcosMLID":null,"codMaketTEP":null,"codTEP":null,"WSName":"DB","rangeAddress":"$T$480:$X$519","headAddress":"$T$480:$X$480","bodyAddress":"$T$481:$X$519","_name":"От Успеновской ГЭС ТАТЭК"}},"codPlan":null,"meterCoef":null,"_name":"От Успеновской ГЭС ТАТЭК"}