{"ID":"039792f8-e470-4423-8feb-439e7b8dc4b1","childs":{"PS":{"_level":0,"parentID":"039792f8-e470-4423-8feb-439e7b8dc4b1","firstParentID":"039792f8-e470-4423-8feb-439e7b8dc4b1","ID":"0fc28c28-876c-47c1-b008-d084eafa778a","childs":{"отдача":{"_level":1,"parentID":"0fc28c28-876c-47c1-b008-d084eafa778a","firstParentID":"039792f8-e470-4423-8feb-439e7b8dc4b1","ID":"e2817ee7-4293-4807-8950-aa59f3bbf636","childs":{"по счетчику":{"_level":2,"parentID":"e2817ee7-4293-4807-8950-aa59f3bbf636","firstParentID":"039792f8-e470-4423-8feb-439e7b8dc4b1","ID":"f3fcfdcc-bfd4-4b76-8a0d-4292bbc98226","childs":null,"emcosID":null,"emcosMLID":null,"codMaketTEP":null,"codTEP":null,"WSName":"PS","rangeAddress":"$BX$99:$BX$135","headAddress":"$BX$99","bodyAddress":"$BX$100:$BX$135","_name":"по счетчику"},"СЧЕТЧИК":{"_level":2,"parentID":"e2817ee7-4293-4807-8950-aa59f3bbf636","firstParentID":"039792f8-e470-4423-8feb-439e7b8dc4b1","ID":"ce2f7b89-f104-4918-a73b-f3f445d3fd92","childs":null,"emcosID":null,"emcosMLID":null,"codMaketTEP":null,"codTEP":null,"WSName":"PS","rangeAddress":"$BY$99:$BY$135","headAddress":"$BY$99","bodyAddress":"$BY$100:$BY$135","_name":"СЧЕТЧИК"}},"emcosID":null,"emcosMLID":null,"codMaketTEP":null,"codTEP":null,"WSName":"PS","rangeAddress":"$BX$98:$BY$135","headAddress":"$BX$98:$BY$98","bodyAddress":"$BX$99:$BY$135","_name":"отдача"}},"emcosID":null,"emcosMLID":null,"codMaketTEP":null,"codTEP":null,"WSName":"PS","rangeAddress":"$BX$97:$BY$135","headAddress":"$BX$97:$BY$97","bodyAddress":"$BX$98:$BY$135","_name":"Т1 10 1В ПС149 Талдыкорган ЗЩА"},"DB":{"_level":0,"parentID":"039792f8-e470-4423-8feb-439e7b8dc4b1","firstParentID":"039792f8-e470-4423-8feb-439e7b8dc4b1","ID":"5e11088f-cee9-4a43-9cb3-0624b5c37c4c","childs":{"отдача":{"_level":1,"parentID":"5e11088f-cee9-4a43-9cb3-0624b5c37c4c","firstParentID":"039792f8-e470-4423-8feb-439e7b8dc4b1","ID":"058e9654-bfa3-4d82-b9f4-82b4d45b0caa","childs":{"код":{"_level":2,"parentID":"058e9654-bfa3-4d82-b9f4-82b4d45b0caa","firstParentID":"039792f8-e470-4423-8feb-439e7b8dc4b1","ID":"1ce4dde3-1bea-4920-91ec-16177127b7f2","childs":null,"emcosID":null,"emcosMLID":null,"codMaketTEP":null,"codTEP":null,"WSName":"DB","rangeAddress":"$AO$525:$AO$562","headAddress":"$AO$525","bodyAddress":"$AO$526:$AO$562","_name":"код"},"основное":{"_level":2,"parentID":"058e9654-bfa3-4d82-b9f4-82b4d45b0caa","firstParentID":"039792f8-e470-4423-8feb-439e7b8dc4b1","ID":"44d9af46-b21d-4f7a-a0c7-d278e1d29477","childs":null,"emcosID":null,"emcosMLID":null,"codMaketTEP":null,"codTEP":null,"WSName":"DB","rangeAddress":"$AP$525:$AP$562","headAddress":"$AP$525","bodyAddress":"$AP$526:$AP$562","_name":"основное"},"корректировка факт":{"_level":2,"parentID":"058e9654-bfa3-4d82-b9f4-82b4d45b0caa","firstParentID":"039792f8-e470-4423-8feb-439e7b8dc4b1","ID":"e0c484c0-5e59-4ffd-a5fd-8100f01cc636","childs":null,"emcosID":null,"emcosMLID":null,"codMaketTEP":null,"codTEP":null,"WSName":"DB","rangeAddress":"$AQ$525:$AQ$562","headAddress":"$AQ$525","bodyAddress":"$AQ$526:$AQ$562","_name":"корректировка факт"},"ручное":{"_level":2,"parentID":"058e9654-bfa3-4d82-b9f4-82b4d45b0caa","firstParentID":"039792f8-e470-4423-8feb-439e7b8dc4b1","ID":"773fdeba-20d9-4822-b25c-81c04d82dfa1","childs":null,"emcosID":null,"emcosMLID":null,"codMaketTEP":null,"codTEP":null,"WSName":"DB","rangeAddress":"$AR$525:$AR$562","headAddress":"$AR$525","bodyAddress":"$AR$526:$AR$562","_name":"ручное"},"счетчик":{"_level":2,"parentID":"058e9654-bfa3-4d82-b9f4-82b4d45b0caa","firstParentID":"039792f8-e470-4423-8feb-439e7b8dc4b1","ID":"4ce60929-b62f-4430-b480-2bdf05a70f00","childs":null,"emcosID":null,"emcosMLID":null,"codMaketTEP":null,"codTEP":null,"WSName":"DB","rangeAddress":"$AS$525:$AS$562","headAddress":"$AS$525","bodyAddress":"$AS$526:$AS$562","_name":"счетчик"},"по счетчику":{"_level":2,"parentID":"058e9654-bfa3-4d82-b9f4-82b4d45b0caa","firstParentID":"039792f8-e470-4423-8feb-439e7b8dc4b1","ID":"8eafe8f2-8555-4aeb-8767-677f66bb7844","childs":null,"emcosID":null,"emcosMLID":null,"codMaketTEP":null,"codTEP":null,"WSName":"DB","rangeAddress":"$AT$525:$AT$562","headAddress":"$AT$525","bodyAddress":"$AT$526:$AT$562","_name":"по счетчику"}},"emcosID":null,"emcosMLID":null,"codMaketTEP":null,"codTEP":null,"WSName":"DB","rangeAddress":"$AO$524:$AT$562","headAddress":"$AO$524:$AT$524","bodyAddress":"$AO$525:$AT$562","_name":"отдача"}},"emcosID":null,"emcosMLID":null,"codMaketTEP":null,"codTEP":null,"WSName":"DB","rangeAddress":"$AO$523:$AT$562","headAddress":"$AO$523:$AT$523","bodyAddress":"$AO$524:$AT$562","_name":"Т1 10 1В ПС149 Талдыкорган ЗЩА"}},"codPlan":null,"meterCoef":"60","_name":"Т1 10 1В ПС149 Талдыкорган ЗЩА"}