{"ID":"061c6cd9-0de2-4d17-8480-814503c85689","childs":{"PS":{"_level":0,"parentID":"061c6cd9-0de2-4d17-8480-814503c85689","firstParentID":"061c6cd9-0de2-4d17-8480-814503c85689","ID":"1f140f61-e83f-45fd-aded-572d6a830428","childs":{"отдача":{"_level":1,"parentID":"1f140f61-e83f-45fd-aded-572d6a830428","firstParentID":"061c6cd9-0de2-4d17-8480-814503c85689","ID":"fbf10811-6716-4113-9637-bc37dde3b202","childs":{"по счетчику":{"_level":2,"parentID":"fbf10811-6716-4113-9637-bc37dde3b202","firstParentID":"061c6cd9-0de2-4d17-8480-814503c85689","ID":"84c992c8-8890-413b-abce-2525e0aedf49","childs":null,"emcosID":null,"emcosMLID":null,"codMaketTEP":null,"codTEP":null,"WSName":"PS","rangeAddress":"$EC$99:$EC$135","headAddress":"$EC$99","bodyAddress":"$EC$100:$EC$135","_name":"по счетчику"},"СЧЕТЧИК":{"_level":2,"parentID":"fbf10811-6716-4113-9637-bc37dde3b202","firstParentID":"061c6cd9-0de2-4d17-8480-814503c85689","ID":"7c1e60ec-8ab1-4da5-b57f-7003e43554fc","childs":null,"emcosID":null,"emcosMLID":null,"codMaketTEP":null,"codTEP":null,"WSName":"PS","rangeAddress":"$ED$99:$ED$135","headAddress":"$ED$99","bodyAddress":"$ED$100:$ED$135","_name":"СЧЕТЧИК"}},"emcosID":null,"emcosMLID":null,"codMaketTEP":null,"codTEP":null,"WSName":"PS","rangeAddress":"$EC$98:$ED$135","headAddress":"$EC$98:$ED$98","bodyAddress":"$EC$99:$ED$135","_name":"отдача"}},"emcosID":null,"emcosMLID":null,"codMaketTEP":null,"codTEP":null,"WSName":"PS","rangeAddress":"$EC$97:$ED$135","headAddress":"$EC$97:$ED$97","bodyAddress":"$EC$98:$ED$135","_name":"КЛ1 ПС152 Талдыкорган"},"DB":{"_level":0,"parentID":"061c6cd9-0de2-4d17-8480-814503c85689","firstParentID":"061c6cd9-0de2-4d17-8480-814503c85689","ID":"dc8d34ab-ddf7-4148-8b83-44dc388ff70f","childs":{"отдача":{"_level":1,"parentID":"dc8d34ab-ddf7-4148-8b83-44dc388ff70f","firstParentID":"061c6cd9-0de2-4d17-8480-814503c85689","ID":"2d575cb6-0b29-421f-9be6-d89987a76494","childs":{"код":{"_level":2,"parentID":"2d575cb6-0b29-421f-9be6-d89987a76494","firstParentID":"061c6cd9-0de2-4d17-8480-814503c85689","ID":"05f04a59-d64a-4a3c-93b7-b014f42e6edf","childs":null,"emcosID":null,"emcosMLID":null,"codMaketTEP":null,"codTEP":null,"WSName":"DB","rangeAddress":"$BC$482:$BC$519","headAddress":"$BC$482","bodyAddress":"$BC$483:$BC$519","_name":"код"},"основное":{"_level":2,"parentID":"2d575cb6-0b29-421f-9be6-d89987a76494","firstParentID":"061c6cd9-0de2-4d17-8480-814503c85689","ID":"cdb48f1c-10eb-43ff-97f6-20b8b9561c40","childs":null,"emcosID":null,"emcosMLID":null,"codMaketTEP":null,"codTEP":null,"WSName":"DB","rangeAddress":"$BD$482:$BD$519","headAddress":"$BD$482","bodyAddress":"$BD$483:$BD$519","_name":"основное"},"корректировка факт":{"_level":2,"parentID":"2d575cb6-0b29-421f-9be6-d89987a76494","firstParentID":"061c6cd9-0de2-4d17-8480-814503c85689","ID":"71d442d0-831f-4031-815e-be237005b309","childs":null,"emcosID":null,"emcosMLID":null,"codMaketTEP":null,"codTEP":null,"WSName":"DB","rangeAddress":"$BE$482:$BE$519","headAddress":"$BE$482","bodyAddress":"$BE$483:$BE$519","_name":"корректировка факт"},"ручное":{"_level":2,"parentID":"2d575cb6-0b29-421f-9be6-d89987a76494","firstParentID":"061c6cd9-0de2-4d17-8480-814503c85689","ID":"7ce8510a-4a93-40a1-be68-afb5c36c6191","childs":null,"emcosID":null,"emcosMLID":null,"codMaketTEP":null,"codTEP":null,"WSName":"DB","rangeAddress":"$BF$482:$BF$519","headAddress":"$BF$482","bodyAddress":"$BF$483:$BF$519","_name":"ручное"},"счетчик":{"_level":2,"parentID":"2d575cb6-0b29-421f-9be6-d89987a76494","firstParentID":"061c6cd9-0de2-4d17-8480-814503c85689","ID":"f20a7b13-6be0-4cb7-9fe9-b3688495a8af","childs":null,"emcosID":null,"emcosMLID":null,"codMaketTEP":null,"codTEP":null,"WSName":"DB","rangeAddress":"$BG$482:$BG$519","headAddress":"$BG$482","bodyAddress":"$BG$483:$BG$519","_name":"счетчик"},"по счетчику":{"_level":2,"parentID":"2d575cb6-0b29-421f-9be6-d89987a76494","firstParentID":"061c6cd9-0de2-4d17-8480-814503c85689","ID":"64dfcfbf-d98b-4020-93ea-a189d024b2ba","childs":null,"emcosID":null,"emcosMLID":null,"codMaketTEP":null,"codTEP":null,"WSName":"DB","rangeAddress":"$BH$482:$BH$519","headAddress":"$BH$482","bodyAddress":"$BH$483:$BH$519","_name":"по счетчику"}},"emcosID":null,"emcosMLID":null,"codMaketTEP":null,"codTEP":null,"WSName":"DB","rangeAddress":"$BC$481:$BH$519","headAddress":"$BC$481:$BH$481","bodyAddress":"$BC$482:$BH$519","_name":"отдача"}},"emcosID":null,"emcosMLID":null,"codMaketTEP":null,"codTEP":null,"WSName":"DB","rangeAddress":"$BC$480:$BH$519","headAddress":"$BC$480:$BH$480","bodyAddress":"$BC$481:$BH$519","_name":"КЛ1 ПС152 Талдыкорган"}},"codPlan":null,"meterCoef":"6","_name":"КЛ1 ПС152 Талдыкорган"}