{"ID":"08bbc1ee-f17e-4c2c-9def-22d7a39212b8","childs":{"PS":{"_level":0,"parentID":"08bbc1ee-f17e-4c2c-9def-22d7a39212b8","firstParentID":"08bbc1ee-f17e-4c2c-9def-22d7a39212b8","ID":"0ac6dcaf-6a51-49b0-bc8d-562dce097fac","childs":{"отдача":{"_level":1,"parentID":"0ac6dcaf-6a51-49b0-bc8d-562dce097fac","firstParentID":"08bbc1ee-f17e-4c2c-9def-22d7a39212b8","ID":"8c01cac3-5270-48a7-b392-7c5247d6c965","childs":{"по счетчику":{"_level":2,"parentID":"8c01cac3-5270-48a7-b392-7c5247d6c965","firstParentID":"08bbc1ee-f17e-4c2c-9def-22d7a39212b8","ID":"b6922c40-9390-420a-ab46-6d57a8db4e21","childs":null,"emcosID":null,"emcosMLID":null,"codMaketTEP":null,"codTEP":null,"WSName":"PS","rangeAddress":"$EO$99:$EO$135","headAddress":"$EO$99","bodyAddress":"$EO$100:$EO$135","_name":"по счетчику"},"СЧЕТЧИК":{"_level":2,"parentID":"8c01cac3-5270-48a7-b392-7c5247d6c965","firstParentID":"08bbc1ee-f17e-4c2c-9def-22d7a39212b8","ID":"d57e0ab2-b7da-4383-848d-4d527f99952f","childs":null,"emcosID":null,"emcosMLID":null,"codMaketTEP":null,"codTEP":null,"WSName":"PS","rangeAddress":"$EP$99:$EP$135","headAddress":"$EP$99","bodyAddress":"$EP$100:$EP$135","_name":"СЧЕТЧИК"}},"emcosID":null,"emcosMLID":null,"codMaketTEP":null,"codTEP":null,"WSName":"PS","rangeAddress":"$EO$98:$EP$135","headAddress":"$EO$98:$EP$98","bodyAddress":"$EO$99:$EP$135","_name":"отдача"}},"emcosID":null,"emcosMLID":null,"codMaketTEP":null,"codTEP":null,"WSName":"PS","rangeAddress":"$EO$97:$EP$135","headAddress":"$EO$97:$EP$97","bodyAddress":"$EO$98:$EP$135","_name":"КЛ2 ПС152 Талдыкорган"},"DB":{"_level":0,"parentID":"08bbc1ee-f17e-4c2c-9def-22d7a39212b8","firstParentID":"08bbc1ee-f17e-4c2c-9def-22d7a39212b8","ID":"a78f598f-73ab-4957-a75a-13e91fc097aa","childs":{"отдача":{"_level":1,"parentID":"a78f598f-73ab-4957-a75a-13e91fc097aa","firstParentID":"08bbc1ee-f17e-4c2c-9def-22d7a39212b8","ID":"08051bfa-b507-45f1-b417-9eaa09eb2b24","childs":{"код":{"_level":2,"parentID":"08051bfa-b507-45f1-b417-9eaa09eb2b24","firstParentID":"08bbc1ee-f17e-4c2c-9def-22d7a39212b8","ID":"6ba3cf0a-e6cf-47d2-a0e7-78964f91cec1","childs":null,"emcosID":null,"emcosMLID":null,"codMaketTEP":null,"codTEP":null,"WSName":"DB","rangeAddress":"$GO$525:$GO$562","headAddress":"$GO$525","bodyAddress":"$GO$526:$GO$562","_name":"код"},"основное":{"_level":2,"parentID":"08051bfa-b507-45f1-b417-9eaa09eb2b24","firstParentID":"08bbc1ee-f17e-4c2c-9def-22d7a39212b8","ID":"11a68b74-8cfb-479e-b590-17392fbb5ccd","childs":null,"emcosID":null,"emcosMLID":null,"codMaketTEP":null,"codTEP":null,"WSName":"DB","rangeAddress":"$GP$525:$GP$562","headAddress":"$GP$525","bodyAddress":"$GP$526:$GP$562","_name":"основное"},"корректировка факт":{"_level":2,"parentID":"08051bfa-b507-45f1-b417-9eaa09eb2b24","firstParentID":"08bbc1ee-f17e-4c2c-9def-22d7a39212b8","ID":"e5589a9d-e1ee-4d46-a5b7-f2be2c9822be","childs":null,"emcosID":null,"emcosMLID":null,"codMaketTEP":null,"codTEP":null,"WSName":"DB","rangeAddress":"$GQ$525:$GQ$562","headAddress":"$GQ$525","bodyAddress":"$GQ$526:$GQ$562","_name":"корректировка факт"},"ручное":{"_level":2,"parentID":"08051bfa-b507-45f1-b417-9eaa09eb2b24","firstParentID":"08bbc1ee-f17e-4c2c-9def-22d7a39212b8","ID":"87ebcfcd-fa5e-4497-ada9-09e14bc0bd4e","childs":null,"emcosID":null,"emcosMLID":null,"codMaketTEP":null,"codTEP":null,"WSName":"DB","rangeAddress":"$GR$525:$GR$562","headAddress":"$GR$525","bodyAddress":"$GR$526:$GR$562","_name":"ручное"},"счетчик":{"_level":2,"parentID":"08051bfa-b507-45f1-b417-9eaa09eb2b24","firstParentID":"08bbc1ee-f17e-4c2c-9def-22d7a39212b8","ID":"e5ca7265-0a61-4499-83f2-90b0b6be1074","childs":null,"emcosID":null,"emcosMLID":null,"codMaketTEP":null,"codTEP":null,"WSName":"DB","rangeAddress":"$GS$525:$GS$562","headAddress":"$GS$525","bodyAddress":"$GS$526:$GS$562","_name":"счетчик"},"по счетчику":{"_level":2,"parentID":"08051bfa-b507-45f1-b417-9eaa09eb2b24","firstParentID":"08bbc1ee-f17e-4c2c-9def-22d7a39212b8","ID":"9ea67d67-df21-40fc-9c60-81a579026697","childs":null,"emcosID":null,"emcosMLID":null,"codMaketTEP":null,"codTEP":null,"WSName":"DB","rangeAddress":"$GT$525:$GT$562","headAddress":"$GT$525","bodyAddress":"$GT$526:$GT$562","_name":"по счетчику"}},"emcosID":null,"emcosMLID":null,"codMaketTEP":null,"codTEP":null,"WSName":"DB","rangeAddress":"$GO$524:$GT$562","headAddress":"$GO$524:$GT$524","bodyAddress":"$GO$525:$GT$562","_name":"отдача"}},"emcosID":null,"emcosMLID":null,"codMaketTEP":null,"codTEP":null,"WSName":"DB","rangeAddress":"$GO$523:$GT$562","headAddress":"$GO$523:$GT$523","bodyAddress":"$GO$524:$GT$562","_name":"КЛ2 ПС152 Талдыкорган"}},"codPlan":null,"meterCoef":"6","_name":"КЛ2 ПС152 Талдыкорган"}