{"ID":"099a4a89-dc97-4a6b-a74f-aed883c35f35","childs":{"PS":{"_level":0,"parentID":"099a4a89-dc97-4a6b-a74f-aed883c35f35","firstParentID":"099a4a89-dc97-4a6b-a74f-aed883c35f35","ID":"cd34ef41-c06a-458a-b3bb-d240fcc728e1","childs":{"прием":{"_level":1,"parentID":"cd34ef41-c06a-458a-b3bb-d240fcc728e1","firstParentID":"099a4a89-dc97-4a6b-a74f-aed883c35f35","ID":"d5542dd7-8f6e-4046-aa18-7d0ea9219ddc","childs":{"аскуэ":{"_level":2,"parentID":"d5542dd7-8f6e-4046-aa18-7d0ea9219ddc","firstParentID":"099a4a89-dc97-4a6b-a74f-aed883c35f35","ID":"f56f544c-5f9b-47f7-a11e-b0942a27f7c4","childs":null,"emcosID":null,"emcosMLID":null,"codMaketTEP":null,"codTEP":null,"WSName":"PS","rangeAddress":"$EL$56:$EL$92","headAddress":"$EL$56","bodyAddress":"$EL$57:$EL$92","_name":"аскуэ"}},"emcosID":null,"emcosMLID":null,"codMaketTEP":null,"codTEP":null,"WSName":"PS","rangeAddress":"$EL$55:$EL$92","headAddress":"$EL$55","bodyAddress":"$EL$56:$EL$92","_name":"прием"},"отдача":{"_level":1,"parentID":"cd34ef41-c06a-458a-b3bb-d240fcc728e1","firstParentID":"099a4a89-dc97-4a6b-a74f-aed883c35f35","ID":"e2b8cbc3-f9d1-4e9a-91cc-d62fb84c989e","childs":{"аскуэ":{"_level":2,"parentID":"e2b8cbc3-f9d1-4e9a-91cc-d62fb84c989e","firstParentID":"099a4a89-dc97-4a6b-a74f-aed883c35f35","ID":"b0a46656-099e-48a6-bfe4-dbe6967dadf0","childs":null,"emcosID":null,"emcosMLID":null,"codMaketTEP":null,"codTEP":null,"WSName":"PS","rangeAddress":"$EM$56:$EM$92","headAddress":"$EM$56","bodyAddress":"$EM$57:$EM$92","_name":"аскуэ"}},"emcosID":null,"emcosMLID":null,"codMaketTEP":null,"codTEP":null,"WSName":"PS","rangeAddress":"$EM$55:$EM$92","headAddress":"$EM$55","bodyAddress":"$EM$56:$EM$92","_name":"отдача"}},"emcosID":null,"emcosMLID":null,"codMaketTEP":null,"codTEP":null,"WSName":"PS","rangeAddress":"$EL$54:$EM$92","headAddress":"$EL$54:$EM$54","bodyAddress":"$EL$55:$EM$92","_name":"Л2043 Талдыкорган"},"DB":{"_level":0,"parentID":"099a4a89-dc97-4a6b-a74f-aed883c35f35","firstParentID":"099a4a89-dc97-4a6b-a74f-aed883c35f35","ID":"340a1fa5-65e6-4704-bf00-04165a0543a3","childs":{"прием":{"_level":1,"parentID":"340a1fa5-65e6-4704-bf00-04165a0543a3","firstParentID":"099a4a89-dc97-4a6b-a74f-aed883c35f35","ID":"4584a2f2-52d8-47a4-a711-3f0b18c77afd","childs":{"код":{"_level":2,"parentID":"4584a2f2-52d8-47a4-a711-3f0b18c77afd","firstParentID":"099a4a89-dc97-4a6b-a74f-aed883c35f35","ID":"87b79a53-d64b-4da0-9d18-cba8982d7170","childs":null,"emcosID":null,"emcosMLID":null,"codMaketTEP":null,"codTEP":null,"WSName":"DB","rangeAddress":"$LD$52:$LD$89","headAddress":"$LD$52","bodyAddress":"$LD$53:$LD$89","_name":"код"},"основное":{"_level":2,"parentID":"4584a2f2-52d8-47a4-a711-3f0b18c77afd","firstParentID":"099a4a89-dc97-4a6b-a74f-aed883c35f35","ID":"6b1d4448-abb1-42ae-b6a6-330516346381","childs":null,"emcosID":null,"emcosMLID":null,"codMaketTEP":null,"codTEP":null,"WSName":"DB","rangeAddress":"$LE$52:$LE$89","headAddress":"$LE$52","bodyAddress":"$LE$53:$LE$89","_name":"основное"},"корректировка факт":{"_level":2,"parentID":"4584a2f2-52d8-47a4-a711-3f0b18c77afd","firstParentID":"099a4a89-dc97-4a6b-a74f-aed883c35f35","ID":"7e84c13f-1a1b-4927-a692-337aa0527549","childs":null,"emcosID":null,"emcosMLID":null,"codMaketTEP":null,"codTEP":null,"WSName":"DB","rangeAddress":"$LF$52:$LF$89","headAddress":"$LF$52","bodyAddress":"$LF$53:$LF$89","_name":"корректировка факт"},"ручное":{"_level":2,"parentID":"4584a2f2-52d8-47a4-a711-3f0b18c77afd","firstParentID":"099a4a89-dc97-4a6b-a74f-aed883c35f35","ID":"d17fb2c4-a2a7-410e-9b82-11b8c3c95433","childs":null,"emcosID":null,"emcosMLID":null,"codMaketTEP":null,"codTEP":null,"WSName":"DB","rangeAddress":"$LG$52:$LG$89","headAddress":"$LG$52","bodyAddress":"$LG$53:$LG$89","_name":"ручное"},"оперативное":{"_level":2,"parentID":"4584a2f2-52d8-47a4-a711-3f0b18c77afd","firstParentID":"099a4a89-dc97-4a6b-a74f-aed883c35f35","ID":"63753f23-194f-4809-82b3-217e8ba1d20c","childs":null,"emcosID":null,"emcosMLID":null,"codMaketTEP":null,"codTEP":null,"WSName":"DB","rangeAddress":"$LH$52:$LH$89","headAddress":"$LH$52","bodyAddress":"$LH$53:$LH$89","_name":"оперативное"},"аскуэ":{"_level":2,"parentID":"4584a2f2-52d8-47a4-a711-3f0b18c77afd","firstParentID":"099a4a89-dc97-4a6b-a74f-aed883c35f35","ID":"e1e6f8b5-3811-458e-8047-8f1c2f4a820b","childs":null,"emcosID":null,"emcosMLID":null,"codMaketTEP":null,"codTEP":null,"WSName":"DB","rangeAddress":"$LI$52:$LI$89","headAddress":"$LI$52","bodyAddress":"$LI$53:$LI$89","_name":"аскуэ"}},"emcosID":1587,"emcosMLID":385,"codMaketTEP":null,"codTEP":null,"WSName":"DB","rangeAddress":"$LD$51:$LI$89","headAddress":"$LD$51:$LI$51","bodyAddress":"$LD$52:$LI$89","_name":"прием"},"отдача":{"_level":1,"parentID":"340a1fa5-65e6-4704-bf00-04165a0543a3","firstParentID":"099a4a89-dc97-4a6b-a74f-aed883c35f35","ID":"6630a124-3af2-4215-afe4-7c334f245245","childs":{"код":{"_level":2,"parentID":"6630a124-3af2-4215-afe4-7c334f245245","firstParentID":"099a4a89-dc97-4a6b-a74f-aed883c35f35","ID":"29f34099-75eb-427a-8001-aaa6602815cd","childs":null,"emcosID":null,"emcosMLID":null,"codMaketTEP":null,"codTEP":null,"WSName":"DB","rangeAddress":"$LJ$52:$LJ$89","headAddress":"$LJ$52","bodyAddress":"$LJ$53:$LJ$89","_name":"код"},"основное":{"_level":2,"parentID":"6630a124-3af2-4215-afe4-7c334f245245","firstParentID":"099a4a89-dc97-4a6b-a74f-aed883c35f35","ID":"03d648a1-8b5f-472f-9a5e-0f5ddae12ff7","childs":null,"emcosID":null,"emcosMLID":null,"codMaketTEP":null,"codTEP":null,"WSName":"DB","rangeAddress":"$LK$52:$LK$89","headAddress":"$LK$52","bodyAddress":"$LK$53:$LK$89","_name":"основное"},"корректировка факт":{"_level":2,"parentID":"6630a124-3af2-4215-afe4-7c334f245245","firstParentID":"099a4a89-dc97-4a6b-a74f-aed883c35f35","ID":"b5b96c9d-af7d-451a-845d-32cc9f303463","childs":null,"emcosID":null,"emcosMLID":null,"codMaketTEP":null,"codTEP":null,"WSName":"DB","rangeAddress":"$LL$52:$LL$89","headAddress":"$LL$52","bodyAddress":"$LL$53:$LL$89","_name":"корректировка факт"},"ручное":{"_level":2,"parentID":"6630a124-3af2-4215-afe4-7c334f245245","firstParentID":"099a4a89-dc97-4a6b-a74f-aed883c35f35","ID":"05d483b2-7d34-46f1-a298-d9abdf85ada2","childs":null,"emcosID":null,"emcosMLID":null,"codMaketTEP":null,"codTEP":null,"WSName":"DB","rangeAddress":"$LM$52:$LM$89","headAddress":"$LM$52","bodyAddress":"$LM$53:$LM$89","_name":"ручное"},"оперативное":{"_level":2,"parentID":"6630a124-3af2-4215-afe4-7c334f245245","firstParentID":"099a4a89-dc97-4a6b-a74f-aed883c35f35","ID":"2b214a06-be17-4e6d-9b12-10edabac0a5a","childs":null,"emcosID":null,"emcosMLID":null,"codMaketTEP":null,"codTEP":null,"WSName":"DB","rangeAddress":"$LN$52:$LN$89","headAddress":"$LN$52","bodyAddress":"$LN$53:$LN$89","_name":"оперативное"},"аскуэ":{"_level":2,"parentID":"6630a124-3af2-4215-afe4-7c334f245245","firstParentID":"099a4a89-dc97-4a6b-a74f-aed883c35f35","ID":"82394f2f-4ff6-436b-b9c6-7ba048fb5df2","childs":null,"emcosID":null,"emcosMLID":null,"codMaketTEP":null,"codTEP":null,"WSName":"DB","rangeAddress":"$LO$52:$LO$89","headAddress":"$LO$52","bodyAddress":"$LO$53:$LO$89","_name":"аскуэ"}},"emcosID":1587,"emcosMLID":386,"codMaketTEP":null,"codTEP":null,"WSName":"DB","rangeAddress":"$LJ$51:$LO$89","headAddress":"$LJ$51:$LO$51","bodyAddress":"$LJ$52:$LO$89","_name":"отдача"}},"emcosID":null,"emcosMLID":null,"codMaketTEP":null,"codTEP":null,"WSName":"DB","rangeAddress":"$LD$50:$LO$89","headAddress":"$LD$50:$LO$50","bodyAddress":"$LD$51:$LO$89","_name":"Л2043 Талдыкорган"}},"codPlan":null,"meterCoef":null,"_name":"Л2043 Талдыкорган"}