{"ID":"0e1c55be-eac1-4c30-a3d2-d26f0be17318","childs":{"PS":{"_level":0,"parentID":"0e1c55be-eac1-4c30-a3d2-d26f0be17318","firstParentID":"0e1c55be-eac1-4c30-a3d2-d26f0be17318","ID":"a8cea3b7-509d-4945-91de-bd12c474c2bb","childs":{"прием":{"_level":1,"parentID":"a8cea3b7-509d-4945-91de-bd12c474c2bb","firstParentID":"0e1c55be-eac1-4c30-a3d2-d26f0be17318","ID":"084d2c5e-5ba7-4d81-82fc-3089f0b9d0e6","childs":{"по счетчику":{"_level":2,"parentID":"084d2c5e-5ba7-4d81-82fc-3089f0b9d0e6","firstParentID":"0e1c55be-eac1-4c30-a3d2-d26f0be17318","ID":"01b41a55-40a2-41ea-bc24-8b19124ddf55","childs":null,"emcosID":null,"emcosMLID":null,"codMaketTEP":null,"codTEP":null,"WSName":"PS","rangeAddress":"$BO$56:$BO$92","headAddress":"$BO$56","bodyAddress":"$BO$57:$BO$92","_name":"по счетчику"}},"emcosID":null,"emcosMLID":null,"codMaketTEP":null,"codTEP":null,"WSName":"PS","rangeAddress":"$BO$55:$BO$92","headAddress":"$BO$55","bodyAddress":"$BO$56:$BO$92","_name":"прием"},"отдача":{"_level":1,"parentID":"a8cea3b7-509d-4945-91de-bd12c474c2bb","firstParentID":"0e1c55be-eac1-4c30-a3d2-d26f0be17318","ID":"6c136927-d12a-4e83-b052-52500b62e7d0","childs":{"по счетчику":{"_level":2,"parentID":"6c136927-d12a-4e83-b052-52500b62e7d0","firstParentID":"0e1c55be-eac1-4c30-a3d2-d26f0be17318","ID":"e6e3dc56-584f-4ba0-bd1f-02620888301b","childs":null,"emcosID":null,"emcosMLID":null,"codMaketTEP":null,"codTEP":null,"WSName":"PS","rangeAddress":"$BP$56:$BP$92","headAddress":"$BP$56","bodyAddress":"$BP$57:$BP$92","_name":"по счетчику"}},"emcosID":null,"emcosMLID":null,"codMaketTEP":null,"codTEP":null,"WSName":"PS","rangeAddress":"$BP$55:$BP$92","headAddress":"$BP$55","bodyAddress":"$BP$56:$BP$92","_name":"отдача"}},"emcosID":null,"emcosMLID":null,"codMaketTEP":null,"codTEP":null,"WSName":"PS","rangeAddress":"$BO$54:$BP$92","headAddress":"$BO$54:$BP$54","bodyAddress":"$BO$55:$BP$92","_name":"Л5333 Шу"},"DB":{"_level":0,"parentID":"0e1c55be-eac1-4c30-a3d2-d26f0be17318","firstParentID":"0e1c55be-eac1-4c30-a3d2-d26f0be17318","ID":"775f97aa-951a-45a9-ba62-3eec451323c9","childs":{"прием":{"_level":1,"parentID":"775f97aa-951a-45a9-ba62-3eec451323c9","firstParentID":"0e1c55be-eac1-4c30-a3d2-d26f0be17318","ID":"ddd7c423-0554-4815-8716-a23125e993bc","childs":{"код":{"_level":2,"parentID":"ddd7c423-0554-4815-8716-a23125e993bc","firstParentID":"0e1c55be-eac1-4c30-a3d2-d26f0be17318","ID":"ff8ebfc0-44be-410c-ab12-924691415a38","childs":null,"emcosID":null,"emcosMLID":null,"codMaketTEP":null,"codTEP":null,"WSName":"DB","rangeAddress":"$FB$9:$FB$46","headAddress":"$FB$9","bodyAddress":"$FB$10:$FB$46","_name":"код"},"основное":{"_level":2,"parentID":"ddd7c423-0554-4815-8716-a23125e993bc","firstParentID":"0e1c55be-eac1-4c30-a3d2-d26f0be17318","ID":"626c68b5-c5dc-4bd4-b87f-118959d0522b","childs":null,"emcosID":null,"emcosMLID":null,"codMaketTEP":null,"codTEP":null,"WSName":"DB","rangeAddress":"$FC$9:$FC$46","headAddress":"$FC$9","bodyAddress":"$FC$10:$FC$46","_name":"основное"},"корректировка факт":{"_level":2,"parentID":"ddd7c423-0554-4815-8716-a23125e993bc","firstParentID":"0e1c55be-eac1-4c30-a3d2-d26f0be17318","ID":"b378394a-e135-499f-aff7-bfe456e9a545","childs":null,"emcosID":null,"emcosMLID":null,"codMaketTEP":null,"codTEP":null,"WSName":"DB","rangeAddress":"$FD$9:$FD$46","headAddress":"$FD$9","bodyAddress":"$FD$10:$FD$46","_name":"корректировка факт"},"ручное":{"_level":2,"parentID":"ddd7c423-0554-4815-8716-a23125e993bc","firstParentID":"0e1c55be-eac1-4c30-a3d2-d26f0be17318","ID":"2c23044e-1f16-47e9-a354-8495292570ae","childs":null,"emcosID":null,"emcosMLID":null,"codMaketTEP":null,"codTEP":null,"WSName":"DB","rangeAddress":"$FE$9:$FE$46","headAddress":"$FE$9","bodyAddress":"$FE$10:$FE$46","_name":"ручное"},"счетчик":{"_level":2,"parentID":"ddd7c423-0554-4815-8716-a23125e993bc","firstParentID":"0e1c55be-eac1-4c30-a3d2-d26f0be17318","ID":"962bb4cf-25a8-47b5-8e3b-778604de4b22","childs":null,"emcosID":null,"emcosMLID":null,"codMaketTEP":null,"codTEP":null,"WSName":"DB","rangeAddress":"$FF$9:$FF$46","headAddress":"$FF$9","bodyAddress":"$FF$10:$FF$46","_name":"счетчик"},"по счетчику":{"_level":2,"parentID":"ddd7c423-0554-4815-8716-a23125e993bc","firstParentID":"0e1c55be-eac1-4c30-a3d2-d26f0be17318","ID":"cbb1ce69-6b7e-4e41-8f6d-670ec92fb222","childs":null,"emcosID":null,"emcosMLID":null,"codMaketTEP":null,"codTEP":null,"WSName":"DB","rangeAddress":"$FG$9:$FG$46","headAddress":"$FG$9","bodyAddress":"$FG$10:$FG$46","_name":"по счетчику"}},"emcosID":null,"emcosMLID":null,"codMaketTEP":null,"codTEP":null,"WSName":"DB","rangeAddress":"$FB$8:$FG$46","headAddress":"$FB$8:$FG$8","bodyAddress":"$FB$9:$FG$46","_name":"прием"},"отдача":{"_level":1,"parentID":"775f97aa-951a-45a9-ba62-3eec451323c9","firstParentID":"0e1c55be-eac1-4c30-a3d2-d26f0be17318","ID":"b2d5774c-452b-460c-a3d2-47028012a508","childs":{"код":{"_level":2,"parentID":"b2d5774c-452b-460c-a3d2-47028012a508","firstParentID":"0e1c55be-eac1-4c30-a3d2-d26f0be17318","ID":"b8f984b9-4a56-483f-a719-bad80259b2c2","childs":null,"emcosID":null,"emcosMLID":null,"codMaketTEP":null,"codTEP":null,"WSName":"DB","rangeAddress":"$FH$9:$FH$46","headAddress":"$FH$9","bodyAddress":"$FH$10:$FH$46","_name":"код"},"основное":{"_level":2,"parentID":"b2d5774c-452b-460c-a3d2-47028012a508","firstParentID":"0e1c55be-eac1-4c30-a3d2-d26f0be17318","ID":"fbba4196-0073-4088-a121-11e55c6e6ea3","childs":null,"emcosID":null,"emcosMLID":null,"codMaketTEP":null,"codTEP":null,"WSName":"DB","rangeAddress":"$FI$9:$FI$46","headAddress":"$FI$9","bodyAddress":"$FI$10:$FI$46","_name":"основное"},"корректировка факт":{"_level":2,"parentID":"b2d5774c-452b-460c-a3d2-47028012a508","firstParentID":"0e1c55be-eac1-4c30-a3d2-d26f0be17318","ID":"e5fc919a-ec84-4944-a65e-b2b2b9c87890","childs":null,"emcosID":null,"emcosMLID":null,"codMaketTEP":null,"codTEP":null,"WSName":"DB","rangeAddress":"$FJ$9:$FJ$46","headAddress":"$FJ$9","bodyAddress":"$FJ$10:$FJ$46","_name":"корректировка факт"},"ручное":{"_level":2,"parentID":"b2d5774c-452b-460c-a3d2-47028012a508","firstParentID":"0e1c55be-eac1-4c30-a3d2-d26f0be17318","ID":"9f388efb-fee5-4134-a918-6e369dff3d74","childs":null,"emcosID":null,"emcosMLID":null,"codMaketTEP":null,"codTEP":null,"WSName":"DB","rangeAddress":"$FK$9:$FK$46","headAddress":"$FK$9","bodyAddress":"$FK$10:$FK$46","_name":"ручное"},"счетчик":{"_level":2,"parentID":"b2d5774c-452b-460c-a3d2-47028012a508","firstParentID":"0e1c55be-eac1-4c30-a3d2-d26f0be17318","ID":"b0a2ba20-91f3-4d04-b431-041eb47d652a","childs":null,"emcosID":null,"emcosMLID":null,"codMaketTEP":null,"codTEP":null,"WSName":"DB","rangeAddress":"$FL$9:$FL$46","headAddress":"$FL$9","bodyAddress":"$FL$10:$FL$46","_name":"счетчик"},"по счетчику":{"_level":2,"parentID":"b2d5774c-452b-460c-a3d2-47028012a508","firstParentID":"0e1c55be-eac1-4c30-a3d2-d26f0be17318","ID":"24bd8c02-6d7f-44ee-b3c7-fed8c2e19b0c","childs":null,"emcosID":null,"emcosMLID":null,"codMaketTEP":null,"codTEP":null,"WSName":"DB","rangeAddress":"$FM$9:$FM$46","headAddress":"$FM$9","bodyAddress":"$FM$10:$FM$46","_name":"по счетчику"}},"emcosID":null,"emcosMLID":null,"codMaketTEP":null,"codTEP":null,"WSName":"DB","rangeAddress":"$FH$8:$FM$46","headAddress":"$FH$8:$FM$8","bodyAddress":"$FH$9:$FM$46","_name":"отдача"}},"emcosID":null,"emcosMLID":null,"codMaketTEP":null,"codTEP":null,"WSName":"DB","rangeAddress":"$FB$7:$FM$46","headAddress":"$FB$7:$FM$7","bodyAddress":"$FB$8:$FM$46","_name":"Л5333 Шу"}},"codPlan":null,"meterCoef":"10000","_name":"Л5333 Шу"}