{"ID":"0e5c18b5-8b9f-4632-81e4-fe733fa28ab3","childs":{"PS":{"_level":0,"parentID":"0e5c18b5-8b9f-4632-81e4-fe733fa28ab3","firstParentID":"0e5c18b5-8b9f-4632-81e4-fe733fa28ab3","ID":"34ee12c9-138e-4b01-aece-6c0081419d18","childs":{"прием":{"_level":1,"parentID":"34ee12c9-138e-4b01-aece-6c0081419d18","firstParentID":"0e5c18b5-8b9f-4632-81e4-fe733fa28ab3","ID":"08eba5a6-a337-4c08-bdcf-b2d038791eee","childs":{"ручное":{"_level":2,"parentID":"08eba5a6-a337-4c08-bdcf-b2d038791eee","firstParentID":"0e5c18b5-8b9f-4632-81e4-fe733fa28ab3","ID":"d5bb7650-6c6b-4dcb-8942-ef0beecd07ee","childs":null,"emcosID":null,"emcosMLID":null,"codMaketTEP":null,"codTEP":null,"WSName":"PS","rangeAddress":"$BR$228:$BR$264","headAddress":"$BR$228","bodyAddress":"$BR$229:$BR$264","_name":"ручное"}},"emcosID":null,"emcosMLID":null,"codMaketTEP":1458,"codTEP":null,"WSName":"PS","rangeAddress":"$BR$227:$BR$264","headAddress":"$BR$227","bodyAddress":"$BR$228:$BR$264","_name":"прием"}},"emcosID":null,"emcosMLID":null,"codMaketTEP":null,"codTEP":null,"WSName":"PS","rangeAddress":"$BR$226:$BR$264","headAddress":"$BR$226","bodyAddress":"$BR$227:$BR$264","_name":"с.н. Успеновская ГЭС"},"DB":{"_level":0,"parentID":"0e5c18b5-8b9f-4632-81e4-fe733fa28ab3","firstParentID":"0e5c18b5-8b9f-4632-81e4-fe733fa28ab3","ID":"38e1d60e-81d5-4547-aa3e-62fbfcaadd94","childs":{"прием":{"_level":1,"parentID":"38e1d60e-81d5-4547-aa3e-62fbfcaadd94","firstParentID":"0e5c18b5-8b9f-4632-81e4-fe733fa28ab3","ID":"167693bd-48cf-45e7-885f-8f593679e311","childs":{"код":{"_level":2,"parentID":"167693bd-48cf-45e7-885f-8f593679e311","firstParentID":"0e5c18b5-8b9f-4632-81e4-fe733fa28ab3","ID":"c1e2e5f2-e250-4383-9a94-76e1b66083ab","childs":null,"emcosID":null,"emcosMLID":null,"codMaketTEP":null,"codTEP":null,"WSName":"DB","rangeAddress":"$C$52:$C$89","headAddress":"$C$52","bodyAddress":"$C$53:$C$89","_name":"код"},"основное":{"_level":2,"parentID":"167693bd-48cf-45e7-885f-8f593679e311","firstParentID":"0e5c18b5-8b9f-4632-81e4-fe733fa28ab3","ID":"71a4b8aa-d235-488a-b922-3f81552bc2ef","childs":null,"emcosID":null,"emcosMLID":null,"codMaketTEP":null,"codTEP":null,"WSName":"DB","rangeAddress":"$D$52:$D$89","headAddress":"$D$52","bodyAddress":"$D$53:$D$89","_name":"основное"},"корректировка факт":{"_level":2,"parentID":"167693bd-48cf-45e7-885f-8f593679e311","firstParentID":"0e5c18b5-8b9f-4632-81e4-fe733fa28ab3","ID":"3f395206-901e-400e-925a-7f74a2b4d8a4","childs":null,"emcosID":null,"emcosMLID":null,"codMaketTEP":null,"codTEP":null,"WSName":"DB","rangeAddress":"$E$52:$E$89","headAddress":"$E$52","bodyAddress":"$E$53:$E$89","_name":"корректировка факт"},"ручное":{"_level":2,"parentID":"167693bd-48cf-45e7-885f-8f593679e311","firstParentID":"0e5c18b5-8b9f-4632-81e4-fe733fa28ab3","ID":"0ef19f31-c7a4-4be2-87b8-444ba36f9543","childs":null,"emcosID":null,"emcosMLID":null,"codMaketTEP":null,"codTEP":null,"WSName":"DB","rangeAddress":"$F$52:$F$89","headAddress":"$F$52","bodyAddress":"$F$53:$F$89","_name":"ручное"}},"emcosID":null,"emcosMLID":null,"codMaketTEP":null,"codTEP":null,"WSName":"DB","rangeAddress":"$C$51:$F$89","headAddress":"$C$51:$F$51","bodyAddress":"$C$52:$F$89","_name":"прием"}},"emcosID":null,"emcosMLID":null,"codMaketTEP":null,"codTEP":null,"WSName":"DB","rangeAddress":"$C$50:$F$89","headAddress":"$C$50:$F$50","bodyAddress":"$C$51:$F$89","_name":"с.н. Успеновская ГЭС"}},"codPlan":null,"meterCoef":null,"_name":"с.н. Успеновская ГЭС"}