{"ID":"13b74b33-5d52-4450-8efb-45dbc88a219e","childs":{"PS":{"_level":0,"parentID":"13b74b33-5d52-4450-8efb-45dbc88a219e","firstParentID":"13b74b33-5d52-4450-8efb-45dbc88a219e","ID":"bc236864-19de-4c54-9a93-344bf5b1e1b1","childs":{"прием":{"_level":1,"parentID":"bc236864-19de-4c54-9a93-344bf5b1e1b1","firstParentID":"13b74b33-5d52-4450-8efb-45dbc88a219e","ID":"778525d8-2df6-43f3-bd98-269db5dca1d6","childs":{"аскуэ":{"_level":2,"parentID":"778525d8-2df6-43f3-bd98-269db5dca1d6","firstParentID":"13b74b33-5d52-4450-8efb-45dbc88a219e","ID":"378b46b9-ed19-4c0a-a6ad-14b2d88e1c5e","childs":null,"emcosID":null,"emcosMLID":null,"codMaketTEP":null,"codTEP":null,"WSName":"PS","rangeAddress":"$ER$56:$ER$92","headAddress":"$ER$56","bodyAddress":"$ER$57:$ER$92","_name":"аскуэ"}},"emcosID":null,"emcosMLID":null,"codMaketTEP":null,"codTEP":null,"WSName":"PS","rangeAddress":"$ER$55:$ER$92","headAddress":"$ER$55","bodyAddress":"$ER$56:$ER$92","_name":"прием"},"отдача":{"_level":1,"parentID":"bc236864-19de-4c54-9a93-344bf5b1e1b1","firstParentID":"13b74b33-5d52-4450-8efb-45dbc88a219e","ID":"0a2c96a7-c53a-4926-b092-da48f5a9ccbb","childs":{"аскуэ":{"_level":2,"parentID":"0a2c96a7-c53a-4926-b092-da48f5a9ccbb","firstParentID":"13b74b33-5d52-4450-8efb-45dbc88a219e","ID":"d5a71202-57e8-44a4-96cc-f9f49fda4d44","childs":null,"emcosID":null,"emcosMLID":null,"codMaketTEP":null,"codTEP":null,"WSName":"PS","rangeAddress":"$ES$56:$ES$92","headAddress":"$ES$56","bodyAddress":"$ES$57:$ES$92","_name":"аскуэ"}},"emcosID":null,"emcosMLID":null,"codMaketTEP":null,"codTEP":null,"WSName":"PS","rangeAddress":"$ES$55:$ES$92","headAddress":"$ES$55","bodyAddress":"$ES$56:$ES$92","_name":"отдача"}},"emcosID":null,"emcosMLID":null,"codMaketTEP":null,"codTEP":null,"WSName":"PS","rangeAddress":"$ER$54:$ES$92","headAddress":"$ER$54:$ES$54","bodyAddress":"$ER$55:$ES$92","_name":"Л2533 Талдыкорган"},"DB":{"_level":0,"parentID":"13b74b33-5d52-4450-8efb-45dbc88a219e","firstParentID":"13b74b33-5d52-4450-8efb-45dbc88a219e","ID":"faa318ae-0118-43e7-81b4-9e175b9aac0a","childs":{"прием":{"_level":1,"parentID":"faa318ae-0118-43e7-81b4-9e175b9aac0a","firstParentID":"13b74b33-5d52-4450-8efb-45dbc88a219e","ID":"a2b82073-053c-4004-a0a7-27aa9fa20735","childs":{"код":{"_level":2,"parentID":"a2b82073-053c-4004-a0a7-27aa9fa20735","firstParentID":"13b74b33-5d52-4450-8efb-45dbc88a219e","ID":"49ed104d-e385-4eb5-8b34-e5de54bea208","childs":null,"emcosID":null,"emcosMLID":null,"codMaketTEP":null,"codTEP":null,"WSName":"DB","rangeAddress":"$JX$52:$JX$89","headAddress":"$JX$52","bodyAddress":"$JX$53:$JX$89","_name":"код"},"основное":{"_level":2,"parentID":"a2b82073-053c-4004-a0a7-27aa9fa20735","firstParentID":"13b74b33-5d52-4450-8efb-45dbc88a219e","ID":"cf0891bb-e1c2-4012-8fda-b1ed0c65cb3a","childs":null,"emcosID":null,"emcosMLID":null,"codMaketTEP":null,"codTEP":null,"WSName":"DB","rangeAddress":"$JY$52:$JY$89","headAddress":"$JY$52","bodyAddress":"$JY$53:$JY$89","_name":"основное"},"корректировка факт":{"_level":2,"parentID":"a2b82073-053c-4004-a0a7-27aa9fa20735","firstParentID":"13b74b33-5d52-4450-8efb-45dbc88a219e","ID":"a8b4a0e3-35be-4429-a7a4-f3296ab781bb","childs":null,"emcosID":null,"emcosMLID":null,"codMaketTEP":null,"codTEP":null,"WSName":"DB","rangeAddress":"$JZ$52:$JZ$89","headAddress":"$JZ$52","bodyAddress":"$JZ$53:$JZ$89","_name":"корректировка факт"},"ручное":{"_level":2,"parentID":"a2b82073-053c-4004-a0a7-27aa9fa20735","firstParentID":"13b74b33-5d52-4450-8efb-45dbc88a219e","ID":"0cc52e71-05c6-4c06-a7ea-9a50462d2da4","childs":null,"emcosID":null,"emcosMLID":null,"codMaketTEP":null,"codTEP":null,"WSName":"DB","rangeAddress":"$KA$52:$KA$89","headAddress":"$KA$52","bodyAddress":"$KA$53:$KA$89","_name":"ручное"},"аскуэ":{"_level":2,"parentID":"a2b82073-053c-4004-a0a7-27aa9fa20735","firstParentID":"13b74b33-5d52-4450-8efb-45dbc88a219e","ID":"10807cd5-bbc1-4731-bc45-3bc132465eff","childs":null,"emcosID":null,"emcosMLID":null,"codMaketTEP":null,"codTEP":null,"WSName":"DB","rangeAddress":"$KB$52:$KB$89","headAddress":"$KB$52","bodyAddress":"$KB$53:$KB$89","_name":"аскуэ"}},"emcosID":1588,"emcosMLID":385,"codMaketTEP":null,"codTEP":null,"WSName":"DB","rangeAddress":"$JX$51:$KB$89","headAddress":"$JX$51:$KB$51","bodyAddress":"$JX$52:$KB$89","_name":"прием"},"отдача":{"_level":1,"parentID":"faa318ae-0118-43e7-81b4-9e175b9aac0a","firstParentID":"13b74b33-5d52-4450-8efb-45dbc88a219e","ID":"fa209530-ac44-4478-9ec0-539c69c53938","childs":{"код":{"_level":2,"parentID":"fa209530-ac44-4478-9ec0-539c69c53938","firstParentID":"13b74b33-5d52-4450-8efb-45dbc88a219e","ID":"a1947baf-b624-42ff-a603-4ecd2e195901","childs":null,"emcosID":null,"emcosMLID":null,"codMaketTEP":null,"codTEP":null,"WSName":"DB","rangeAddress":"$KC$52:$KC$89","headAddress":"$KC$52","bodyAddress":"$KC$53:$KC$89","_name":"код"},"основное":{"_level":2,"parentID":"fa209530-ac44-4478-9ec0-539c69c53938","firstParentID":"13b74b33-5d52-4450-8efb-45dbc88a219e","ID":"981975fc-d1aa-4aac-882a-4f582e824b94","childs":null,"emcosID":null,"emcosMLID":null,"codMaketTEP":null,"codTEP":null,"WSName":"DB","rangeAddress":"$KD$52:$KD$89","headAddress":"$KD$52","bodyAddress":"$KD$53:$KD$89","_name":"основное"},"корректировка факт":{"_level":2,"parentID":"fa209530-ac44-4478-9ec0-539c69c53938","firstParentID":"13b74b33-5d52-4450-8efb-45dbc88a219e","ID":"5e05b198-feca-4ca6-b4e0-c81af767d5af","childs":null,"emcosID":null,"emcosMLID":null,"codMaketTEP":null,"codTEP":null,"WSName":"DB","rangeAddress":"$KE$52:$KE$89","headAddress":"$KE$52","bodyAddress":"$KE$53:$KE$89","_name":"корректировка факт"},"ручное":{"_level":2,"parentID":"fa209530-ac44-4478-9ec0-539c69c53938","firstParentID":"13b74b33-5d52-4450-8efb-45dbc88a219e","ID":"16eef1d4-f2b2-4750-9946-042aa24d225e","childs":null,"emcosID":null,"emcosMLID":null,"codMaketTEP":null,"codTEP":null,"WSName":"DB","rangeAddress":"$KF$52:$KF$89","headAddress":"$KF$52","bodyAddress":"$KF$53:$KF$89","_name":"ручное"},"аскуэ":{"_level":2,"parentID":"fa209530-ac44-4478-9ec0-539c69c53938","firstParentID":"13b74b33-5d52-4450-8efb-45dbc88a219e","ID":"d7d5c404-25a3-4379-9e3b-ddde11b9b659","childs":null,"emcosID":null,"emcosMLID":null,"codMaketTEP":null,"codTEP":null,"WSName":"DB","rangeAddress":"$KG$52:$KG$89","headAddress":"$KG$52","bodyAddress":"$KG$53:$KG$89","_name":"аскуэ"}},"emcosID":1588,"emcosMLID":386,"codMaketTEP":null,"codTEP":null,"WSName":"DB","rangeAddress":"$KC$51:$KG$89","headAddress":"$KC$51:$KG$51","bodyAddress":"$KC$52:$KG$89","_name":"отдача"}},"emcosID":null,"emcosMLID":null,"codMaketTEP":null,"codTEP":null,"WSName":"DB","rangeAddress":"$JX$50:$KG$89","headAddress":"$JX$50:$KG$50","bodyAddress":"$JX$51:$KG$89","_name":"Л2533 Талдыкорган"}},"codPlan":null,"meterCoef":null,"_name":"Л2533 Талдыкорган"}