{"ID":"1642ed2d-021d-42e2-98e5-ca37ea6ddcc5","childs":{"PS":{"_level":0,"parentID":"1642ed2d-021d-42e2-98e5-ca37ea6ddcc5","firstParentID":"1642ed2d-021d-42e2-98e5-ca37ea6ddcc5","ID":"8408265b-e5b3-4743-971f-0071863d7e0e","childs":{"прием":{"_level":1,"parentID":"8408265b-e5b3-4743-971f-0071863d7e0e","firstParentID":"1642ed2d-021d-42e2-98e5-ca37ea6ddcc5","ID":"a0ba207d-6eaf-4c9b-ab56-1e0bf8b71326","childs":{"аскуэ":{"_level":2,"parentID":"a0ba207d-6eaf-4c9b-ab56-1e0bf8b71326","firstParentID":"1642ed2d-021d-42e2-98e5-ca37ea6ddcc5","ID":"47203101-0837-4fda-a8e5-67d11f43a3e4","childs":null,"emcosID":null,"emcosMLID":null,"codMaketTEP":null,"codTEP":null,"WSName":"PS","rangeAddress":"$BH$56:$BH$92","headAddress":"$BH$56","bodyAddress":"$BH$57:$BH$92","_name":"аскуэ"}},"emcosID":null,"emcosMLID":null,"codMaketTEP":null,"codTEP":null,"WSName":"PS","rangeAddress":"$BH$55:$BH$92","headAddress":"$BH$55","bodyAddress":"$BH$56:$BH$92","_name":"прием"},"отдача":{"_level":1,"parentID":"8408265b-e5b3-4743-971f-0071863d7e0e","firstParentID":"1642ed2d-021d-42e2-98e5-ca37ea6ddcc5","ID":"b9f66fa1-fe83-4c4c-833f-709158ac7055","childs":{"аскуэ":{"_level":2,"parentID":"b9f66fa1-fe83-4c4c-833f-709158ac7055","firstParentID":"1642ed2d-021d-42e2-98e5-ca37ea6ddcc5","ID":"ff2e32f8-7dcf-4b29-940c-aded0283f5f7","childs":null,"emcosID":null,"emcosMLID":null,"codMaketTEP":null,"codTEP":null,"WSName":"PS","rangeAddress":"$BI$56:$BI$92","headAddress":"$BI$56","bodyAddress":"$BI$57:$BI$92","_name":"аскуэ"}},"emcosID":null,"emcosMLID":null,"codMaketTEP":null,"codTEP":null,"WSName":"PS","rangeAddress":"$BI$55:$BI$92","headAddress":"$BI$55","bodyAddress":"$BI$56:$BI$92","_name":"отдача"},"сальдо":{"_level":1,"parentID":"8408265b-e5b3-4743-971f-0071863d7e0e","firstParentID":"1642ed2d-021d-42e2-98e5-ca37ea6ddcc5","ID":"4092f00e-0b5e-47d2-bada-5753c577ebda","childs":{"формула":{"_level":2,"parentID":"4092f00e-0b5e-47d2-bada-5753c577ebda","firstParentID":"1642ed2d-021d-42e2-98e5-ca37ea6ddcc5","ID":"c7242bdc-e4c7-41c4-ae7a-37ca85c87b3a","childs":null,"emcosID":null,"emcosMLID":null,"codMaketTEP":null,"codTEP":null,"WSName":"PS","rangeAddress":"$BJ$56:$BJ$92","headAddress":"$BJ$56","bodyAddress":"$BJ$57:$BJ$92","_name":"формула"}},"emcosID":null,"emcosMLID":null,"codMaketTEP":1345,"codTEP":null,"WSName":"PS","rangeAddress":"$BJ$55:$BJ$92","headAddress":"$BJ$55","bodyAddress":"$BJ$56:$BJ$92","_name":"сальдо"}},"emcosID":null,"emcosMLID":null,"codMaketTEP":null,"codTEP":null,"WSName":"PS","rangeAddress":"$BH$54:$BJ$92","headAddress":"$BH$54:$BJ$54","bodyAddress":"$BH$55:$BJ$92","_name":"Л5143 Шу"},"DB":{"_level":0,"parentID":"1642ed2d-021d-42e2-98e5-ca37ea6ddcc5","firstParentID":"1642ed2d-021d-42e2-98e5-ca37ea6ddcc5","ID":"2e4e170b-4850-48d2-90fc-b0231b74f9aa","childs":{"прием":{"_level":1,"parentID":"2e4e170b-4850-48d2-90fc-b0231b74f9aa","firstParentID":"1642ed2d-021d-42e2-98e5-ca37ea6ddcc5","ID":"aa87146e-676a-467c-8741-d278ee09e7fc","childs":{"код":{"_level":2,"parentID":"aa87146e-676a-467c-8741-d278ee09e7fc","firstParentID":"1642ed2d-021d-42e2-98e5-ca37ea6ddcc5","ID":"f8583d90-09e9-49d1-97a2-5820d0302a81","childs":null,"emcosID":null,"emcosMLID":null,"codMaketTEP":null,"codTEP":null,"WSName":"DB","rangeAddress":"$FZ$9:$FZ$46","headAddress":"$FZ$9","bodyAddress":"$FZ$10:$FZ$46","_name":"код"},"основное":{"_level":2,"parentID":"aa87146e-676a-467c-8741-d278ee09e7fc","firstParentID":"1642ed2d-021d-42e2-98e5-ca37ea6ddcc5","ID":"41700900-99e1-472b-8bde-db52774e3896","childs":null,"emcosID":null,"emcosMLID":null,"codMaketTEP":null,"codTEP":null,"WSName":"DB","rangeAddress":"$GA$9:$GA$46","headAddress":"$GA$9","bodyAddress":"$GA$10:$GA$46","_name":"основное"},"корректировка факт":{"_level":2,"parentID":"aa87146e-676a-467c-8741-d278ee09e7fc","firstParentID":"1642ed2d-021d-42e2-98e5-ca37ea6ddcc5","ID":"ca3d6ec8-9de1-4e58-95ba-6c221f0fd1eb","childs":null,"emcosID":null,"emcosMLID":null,"codMaketTEP":null,"codTEP":null,"WSName":"DB","rangeAddress":"$GB$9:$GB$46","headAddress":"$GB$9","bodyAddress":"$GB$10:$GB$46","_name":"корректировка факт"},"ручное":{"_level":2,"parentID":"aa87146e-676a-467c-8741-d278ee09e7fc","firstParentID":"1642ed2d-021d-42e2-98e5-ca37ea6ddcc5","ID":"00160152-7fbe-4294-b5eb-7d9b78099296","childs":null,"emcosID":null,"emcosMLID":null,"codMaketTEP":null,"codTEP":null,"WSName":"DB","rangeAddress":"$GC$9:$GC$46","headAddress":"$GC$9","bodyAddress":"$GC$10:$GC$46","_name":"ручное"},"счетчик":{"_level":2,"parentID":"aa87146e-676a-467c-8741-d278ee09e7fc","firstParentID":"1642ed2d-021d-42e2-98e5-ca37ea6ddcc5","ID":"e94e32b7-5269-4fce-a359-4af141744d0a","childs":null,"emcosID":null,"emcosMLID":null,"codMaketTEP":null,"codTEP":null,"WSName":"DB","rangeAddress":"$GD$9:$GD$46","headAddress":"$GD$9","bodyAddress":"$GD$10:$GD$46","_name":"счетчик"},"по счетчику":{"_level":2,"parentID":"aa87146e-676a-467c-8741-d278ee09e7fc","firstParentID":"1642ed2d-021d-42e2-98e5-ca37ea6ddcc5","ID":"7c70e35a-645c-4dfb-8b06-a37a73d06244","childs":null,"emcosID":null,"emcosMLID":null,"codMaketTEP":null,"codTEP":null,"WSName":"DB","rangeAddress":"$GE$9:$GE$46","headAddress":"$GE$9","bodyAddress":"$GE$10:$GE$46","_name":"по счетчику"},"аскуэ":{"_level":2,"parentID":"aa87146e-676a-467c-8741-d278ee09e7fc","firstParentID":"1642ed2d-021d-42e2-98e5-ca37ea6ddcc5","ID":"88e689f0-8c56-4d9a-ac52-76870a854cf4","childs":null,"emcosID":null,"emcosMLID":null,"codMaketTEP":null,"codTEP":null,"WSName":"DB","rangeAddress":"$GF$9:$GF$46","headAddress":"$GF$9","bodyAddress":"$GF$10:$GF$46","_name":"аскуэ"}},"emcosID":399,"emcosMLID":386,"codMaketTEP":null,"codTEP":null,"WSName":"DB","rangeAddress":"$FZ$8:$GF$46","headAddress":"$FZ$8:$GF$8","bodyAddress":"$FZ$9:$GF$46","_name":"прием"},"отдача":{"_level":1,"parentID":"2e4e170b-4850-48d2-90fc-b0231b74f9aa","firstParentID":"1642ed2d-021d-42e2-98e5-ca37ea6ddcc5","ID":"9c2b5967-0486-4c19-a2f3-fedc838a7f4b","childs":{"код":{"_level":2,"parentID":"9c2b5967-0486-4c19-a2f3-fedc838a7f4b","firstParentID":"1642ed2d-021d-42e2-98e5-ca37ea6ddcc5","ID":"45796898-58ba-4d1a-90ee-1709ac21083e","childs":null,"emcosID":null,"emcosMLID":null,"codMaketTEP":null,"codTEP":null,"WSName":"DB","rangeAddress":"$GG$9:$GG$46","headAddress":"$GG$9","bodyAddress":"$GG$10:$GG$46","_name":"код"},"основное":{"_level":2,"parentID":"9c2b5967-0486-4c19-a2f3-fedc838a7f4b","firstParentID":"1642ed2d-021d-42e2-98e5-ca37ea6ddcc5","ID":"ac8fa1bb-ea47-4ae1-a062-ba3e7e722550","childs":null,"emcosID":null,"emcosMLID":null,"codMaketTEP":null,"codTEP":null,"WSName":"DB","rangeAddress":"$GH$9:$GH$46","headAddress":"$GH$9","bodyAddress":"$GH$10:$GH$46","_name":"основное"},"корректировка факт":{"_level":2,"parentID":"9c2b5967-0486-4c19-a2f3-fedc838a7f4b","firstParentID":"1642ed2d-021d-42e2-98e5-ca37ea6ddcc5","ID":"5c614510-b568-4175-832b-697851b34be4","childs":null,"emcosID":null,"emcosMLID":null,"codMaketTEP":null,"codTEP":null,"WSName":"DB","rangeAddress":"$GI$9:$GI$46","headAddress":"$GI$9","bodyAddress":"$GI$10:$GI$46","_name":"корректировка факт"},"ручное":{"_level":2,"parentID":"9c2b5967-0486-4c19-a2f3-fedc838a7f4b","firstParentID":"1642ed2d-021d-42e2-98e5-ca37ea6ddcc5","ID":"4871f42f-9ec0-4e9f-8066-f9d978240b79","childs":null,"emcosID":null,"emcosMLID":null,"codMaketTEP":null,"codTEP":null,"WSName":"DB","rangeAddress":"$GJ$9:$GJ$46","headAddress":"$GJ$9","bodyAddress":"$GJ$10:$GJ$46","_name":"ручное"},"счетчик":{"_level":2,"parentID":"9c2b5967-0486-4c19-a2f3-fedc838a7f4b","firstParentID":"1642ed2d-021d-42e2-98e5-ca37ea6ddcc5","ID":"96b7eda1-186e-4d9d-bfdb-979d3c716057","childs":null,"emcosID":null,"emcosMLID":null,"codMaketTEP":null,"codTEP":null,"WSName":"DB","rangeAddress":"$GK$9:$GK$46","headAddress":"$GK$9","bodyAddress":"$GK$10:$GK$46","_name":"счетчик"},"по счетчику":{"_level":2,"parentID":"9c2b5967-0486-4c19-a2f3-fedc838a7f4b","firstParentID":"1642ed2d-021d-42e2-98e5-ca37ea6ddcc5","ID":"9918345b-e3fe-43f8-8ea5-2ec84bd4ab9f","childs":null,"emcosID":null,"emcosMLID":null,"codMaketTEP":null,"codTEP":null,"WSName":"DB","rangeAddress":"$GL$9:$GL$46","headAddress":"$GL$9","bodyAddress":"$GL$10:$GL$46","_name":"по счетчику"},"аскуэ":{"_level":2,"parentID":"9c2b5967-0486-4c19-a2f3-fedc838a7f4b","firstParentID":"1642ed2d-021d-42e2-98e5-ca37ea6ddcc5","ID":"0a99dc04-70d6-4137-9577-afbf38190299","childs":null,"emcosID":null,"emcosMLID":null,"codMaketTEP":null,"codTEP":null,"WSName":"DB","rangeAddress":"$GM$9:$GM$46","headAddress":"$GM$9","bodyAddress":"$GM$10:$GM$46","_name":"аскуэ"}},"emcosID":399,"emcosMLID":385,"codMaketTEP":null,"codTEP":null,"WSName":"DB","rangeAddress":"$GG$8:$GM$46","headAddress":"$GG$8:$GM$8","bodyAddress":"$GG$9:$GM$46","_name":"отдача"},"сальдо":{"_level":1,"parentID":"2e4e170b-4850-48d2-90fc-b0231b74f9aa","firstParentID":"1642ed2d-021d-42e2-98e5-ca37ea6ddcc5","ID":"26547475-c249-4c24-a441-aac3c2c7226d","childs":{"код":{"_level":2,"parentID":"26547475-c249-4c24-a441-aac3c2c7226d","firstParentID":"1642ed2d-021d-42e2-98e5-ca37ea6ddcc5","ID":"ff21de31-27e3-4761-ae03-e8215cd5a1e8","childs":null,"emcosID":null,"emcosMLID":null,"codMaketTEP":null,"codTEP":null,"WSName":"DB","rangeAddress":"$GN$9:$GN$46","headAddress":"$GN$9","bodyAddress":"$GN$10:$GN$46","_name":"код"},"основное":{"_level":2,"parentID":"26547475-c249-4c24-a441-aac3c2c7226d","firstParentID":"1642ed2d-021d-42e2-98e5-ca37ea6ddcc5","ID":"dfafb295-4514-476e-9e53-a4258bd6d0b4","childs":null,"emcosID":null,"emcosMLID":null,"codMaketTEP":null,"codTEP":null,"WSName":"DB","rangeAddress":"$GO$9:$GO$46","headAddress":"$GO$9","bodyAddress":"$GO$10:$GO$46","_name":"основное"},"корректировка факт":{"_level":2,"parentID":"26547475-c249-4c24-a441-aac3c2c7226d","firstParentID":"1642ed2d-021d-42e2-98e5-ca37ea6ddcc5","ID":"82b151a3-db6a-441e-8568-e52c039066d3","childs":null,"emcosID":null,"emcosMLID":null,"codMaketTEP":null,"codTEP":null,"WSName":"DB","rangeAddress":"$GP$9:$GP$46","headAddress":"$GP$9","bodyAddress":"$GP$10:$GP$46","_name":"корректировка факт"},"ручное":{"_level":2,"parentID":"26547475-c249-4c24-a441-aac3c2c7226d","firstParentID":"1642ed2d-021d-42e2-98e5-ca37ea6ddcc5","ID":"45f4d04d-47c6-49eb-90e9-c1a3862ac7f4","childs":null,"emcosID":null,"emcosMLID":null,"codMaketTEP":null,"codTEP":null,"WSName":"DB","rangeAddress":"$GQ$9:$GQ$46","headAddress":"$GQ$9","bodyAddress":"$GQ$10:$GQ$46","_name":"ручное"},"формула":{"_level":2,"parentID":"26547475-c249-4c24-a441-aac3c2c7226d","firstParentID":"1642ed2d-021d-42e2-98e5-ca37ea6ddcc5","ID":"07c0d216-3d5e-4044-b398-126d8d5ed998","childs":null,"emcosID":null,"emcosMLID":null,"codMaketTEP":null,"codTEP":null,"WSName":"DB","rangeAddress":"$GR$9:$GR$46","headAddress":"$GR$9","bodyAddress":"$GR$10:$GR$46","_name":"формула"}},"emcosID":null,"emcosMLID":null,"codMaketTEP":null,"codTEP":null,"WSName":"DB","rangeAddress":"$GN$8:$GR$46","headAddress":"$GN$8:$GR$8","bodyAddress":"$GN$9:$GR$46","_name":"сальдо"}},"emcosID":null,"emcosMLID":null,"codMaketTEP":null,"codTEP":null,"WSName":"DB","rangeAddress":"$FZ$7:$GR$46","headAddress":"$FZ$7:$GR$7","bodyAddress":"$FZ$8:$GR$46","_name":"Л5143 Шу"}},"codPlan":null,"meterCoef":null,"_name":"Л5143 Шу"}