{"ID":"1d95e2d2-2cb3-4d2d-bf64-86b468ca22b4","childs":{"PS":{"_level":0,"parentID":"1d95e2d2-2cb3-4d2d-bf64-86b468ca22b4","firstParentID":"1d95e2d2-2cb3-4d2d-bf64-86b468ca22b4","ID":"973f0583-9b57-44c9-806d-ba683b0a5b36","childs":{"отдача":{"_level":1,"parentID":"973f0583-9b57-44c9-806d-ba683b0a5b36","firstParentID":"1d95e2d2-2cb3-4d2d-bf64-86b468ca22b4","ID":"20e3deed-ce5e-4eae-8cc8-4167d39b060b","childs":{"оперативное":{"_level":2,"parentID":"20e3deed-ce5e-4eae-8cc8-4167d39b060b","firstParentID":"1d95e2d2-2cb3-4d2d-bf64-86b468ca22b4","ID":"2a2192c5-85d3-4d15-b8ce-f8e18ca95264","childs":null,"emcosID":null,"emcosMLID":null,"codMaketTEP":null,"codTEP":null,"WSName":"PS","rangeAddress":"$DJ$185:$DJ$221","headAddress":"$DJ$185","bodyAddress":"$DJ$186:$DJ$221","_name":"оперативное"}},"emcosID":null,"emcosMLID":null,"codMaketTEP":null,"codTEP":null,"WSName":"PS","rangeAddress":"$DJ$184:$DJ$221","headAddress":"$DJ$184","bodyAddress":"$DJ$185:$DJ$221","_name":"отдача"}},"emcosID":null,"emcosMLID":null,"codMaketTEP":null,"codTEP":null,"WSName":"PS","rangeAddress":"$DJ$183:$DJ$221","headAddress":"$DJ$183","bodyAddress":"$DJ$184:$DJ$221","_name":"Генерация Капшагай Солар Парк"},"DB":{"_level":0,"parentID":"1d95e2d2-2cb3-4d2d-bf64-86b468ca22b4","firstParentID":"1d95e2d2-2cb3-4d2d-bf64-86b468ca22b4","ID":"819135c5-1e29-4dac-a06d-706a62437829","childs":{"отдача":{"_level":1,"parentID":"819135c5-1e29-4dac-a06d-706a62437829","firstParentID":"1d95e2d2-2cb3-4d2d-bf64-86b468ca22b4","ID":"2c29ceb1-21d1-4706-8917-4387b242b6c4","childs":{"код":{"_level":2,"parentID":"2c29ceb1-21d1-4706-8917-4387b242b6c4","firstParentID":"1d95e2d2-2cb3-4d2d-bf64-86b468ca22b4","ID":"64dd7043-4114-4e11-9d3d-122aa186d658","childs":null,"emcosID":null,"emcosMLID":null,"codMaketTEP":null,"codTEP":null,"WSName":"DB","rangeAddress":"$EU$267:$EU$304","headAddress":"$EU$267","bodyAddress":"$EU$268:$EU$304","_name":"код"},"основное":{"_level":2,"parentID":"2c29ceb1-21d1-4706-8917-4387b242b6c4","firstParentID":"1d95e2d2-2cb3-4d2d-bf64-86b468ca22b4","ID":"0f2904f5-3390-4781-82a8-dc3775fb9901","childs":null,"emcosID":null,"emcosMLID":null,"codMaketTEP":null,"codTEP":null,"WSName":"DB","rangeAddress":"$EV$267:$EV$304","headAddress":"$EV$267","bodyAddress":"$EV$268:$EV$304","_name":"основное"},"корректировка факт":{"_level":2,"parentID":"2c29ceb1-21d1-4706-8917-4387b242b6c4","firstParentID":"1d95e2d2-2cb3-4d2d-bf64-86b468ca22b4","ID":"66ec5423-b5e3-47dd-bb01-59701fd297b6","childs":null,"emcosID":null,"emcosMLID":null,"codMaketTEP":null,"codTEP":null,"WSName":"DB","rangeAddress":"$EW$267:$EW$304","headAddress":"$EW$267","bodyAddress":"$EW$268:$EW$304","_name":"корректировка факт"},"ручное":{"_level":2,"parentID":"2c29ceb1-21d1-4706-8917-4387b242b6c4","firstParentID":"1d95e2d2-2cb3-4d2d-bf64-86b468ca22b4","ID":"53af8217-85f6-4006-9972-abbe08764170","childs":null,"emcosID":null,"emcosMLID":null,"codMaketTEP":null,"codTEP":null,"WSName":"DB","rangeAddress":"$EX$267:$EX$304","headAddress":"$EX$267","bodyAddress":"$EX$268:$EX$304","_name":"ручное"},"оперативное":{"_level":2,"parentID":"2c29ceb1-21d1-4706-8917-4387b242b6c4","firstParentID":"1d95e2d2-2cb3-4d2d-bf64-86b468ca22b4","ID":"8e048dca-fc66-468c-b3f5-f424f93a02de","childs":null,"emcosID":null,"emcosMLID":null,"codMaketTEP":null,"codTEP":null,"WSName":"DB","rangeAddress":"$EY$267:$EY$304","headAddress":"$EY$267","bodyAddress":"$EY$268:$EY$304","_name":"оперативное"}},"emcosID":null,"emcosMLID":null,"codMaketTEP":null,"codTEP":null,"WSName":"DB","rangeAddress":"$EU$266:$EY$304","headAddress":"$EU$266:$EY$266","bodyAddress":"$EU$267:$EY$304","_name":"отдача"}},"emcosID":null,"emcosMLID":null,"codMaketTEP":null,"codTEP":null,"WSName":"DB","rangeAddress":"$EU$265:$EY$304","headAddress":"$EU$265:$EY$265","bodyAddress":"$EU$266:$EY$304","_name":"Генерация Капшагай Солар Парк"}},"codPlan":null,"meterCoef":null,"_name":"Генерация Капшагай Солар Парк"}