{"ID":"1f14e2f7-021f-4a65-8e5d-fa3b85093914","childs":{"PS":{"_level":0,"parentID":"1f14e2f7-021f-4a65-8e5d-fa3b85093914","firstParentID":"1f14e2f7-021f-4a65-8e5d-fa3b85093914","ID":"789c821a-a81d-4196-9f9f-70bea0807026","childs":{"прием":{"_level":1,"parentID":"789c821a-a81d-4196-9f9f-70bea0807026","firstParentID":"1f14e2f7-021f-4a65-8e5d-fa3b85093914","ID":"abe8aa90-a017-42fa-aa92-d6f9fa249708","childs":{"ручное":{"_level":2,"parentID":"abe8aa90-a017-42fa-aa92-d6f9fa249708","firstParentID":"1f14e2f7-021f-4a65-8e5d-fa3b85093914","ID":"2e25f703-06f3-4cdc-ac9f-8a028da08457","childs":null,"emcosID":null,"emcosMLID":null,"codMaketTEP":null,"codTEP":null,"WSName":"PS","rangeAddress":"$LE$99:$LE$135","headAddress":"$LE$99","bodyAddress":"$LE$100:$LE$135","_name":"ручное"}},"emcosID":null,"emcosMLID":null,"codMaketTEP":null,"codTEP":null,"WSName":"PS","rangeAddress":"$LE$98:$LE$135","headAddress":"$LE$98","bodyAddress":"$LE$99:$LE$135","_name":"прием"}},"emcosID":null,"emcosMLID":null,"codMaketTEP":null,"codTEP":null,"WSName":"PS","rangeAddress":"$LE$97:$LE$135","headAddress":"$LE$97","bodyAddress":"$LE$98:$LE$135","_name":"ТП3 Жидели тяга"},"DB":{"_level":0,"parentID":"1f14e2f7-021f-4a65-8e5d-fa3b85093914","firstParentID":"1f14e2f7-021f-4a65-8e5d-fa3b85093914","ID":"2f12d549-f8fb-46ab-b666-2033b887528f","childs":{"прием":{"_level":1,"parentID":"2f12d549-f8fb-46ab-b666-2033b887528f","firstParentID":"1f14e2f7-021f-4a65-8e5d-fa3b85093914","ID":"8f64cf21-5b43-47b9-a4da-20dd5f981c8d","childs":{"код":{"_level":2,"parentID":"8f64cf21-5b43-47b9-a4da-20dd5f981c8d","firstParentID":"1f14e2f7-021f-4a65-8e5d-fa3b85093914","ID":"3928ae29-9106-4687-802e-180fd5fd7cf6","childs":null,"emcosID":null,"emcosMLID":null,"codMaketTEP":null,"codTEP":null,"WSName":"DB","rangeAddress":"$BG$353:$BG$390","headAddress":"$BG$353","bodyAddress":"$BG$354:$BG$390","_name":"код"},"основное":{"_level":2,"parentID":"8f64cf21-5b43-47b9-a4da-20dd5f981c8d","firstParentID":"1f14e2f7-021f-4a65-8e5d-fa3b85093914","ID":"0cfc482c-a31a-4167-a45a-f78229b6fd72","childs":null,"emcosID":null,"emcosMLID":null,"codMaketTEP":null,"codTEP":null,"WSName":"DB","rangeAddress":"$BH$353:$BH$390","headAddress":"$BH$353","bodyAddress":"$BH$354:$BH$390","_name":"основное"},"корректировка факт":{"_level":2,"parentID":"8f64cf21-5b43-47b9-a4da-20dd5f981c8d","firstParentID":"1f14e2f7-021f-4a65-8e5d-fa3b85093914","ID":"ae7015d1-7388-4f1c-9697-65f22dc75cf7","childs":null,"emcosID":null,"emcosMLID":null,"codMaketTEP":null,"codTEP":null,"WSName":"DB","rangeAddress":"$BI$353:$BI$390","headAddress":"$BI$353","bodyAddress":"$BI$354:$BI$390","_name":"корректировка факт"},"ручное":{"_level":2,"parentID":"8f64cf21-5b43-47b9-a4da-20dd5f981c8d","firstParentID":"1f14e2f7-021f-4a65-8e5d-fa3b85093914","ID":"84f65fb6-150e-4f50-a799-98a664b29a9c","childs":null,"emcosID":null,"emcosMLID":null,"codMaketTEP":null,"codTEP":null,"WSName":"DB","rangeAddress":"$BJ$353:$BJ$390","headAddress":"$BJ$353","bodyAddress":"$BJ$354:$BJ$390","_name":"ручное"}},"emcosID":null,"emcosMLID":null,"codMaketTEP":null,"codTEP":null,"WSName":"DB","rangeAddress":"$BG$352:$BJ$390","headAddress":"$BG$352:$BJ$352","bodyAddress":"$BG$353:$BJ$390","_name":"прием"}},"emcosID":null,"emcosMLID":null,"codMaketTEP":null,"codTEP":null,"WSName":"DB","rangeAddress":"$BG$351:$BJ$390","headAddress":"$BG$351:$BJ$351","bodyAddress":"$BG$352:$BJ$390","_name":"ТП3 Жидели тяга"}},"codPlan":null,"meterCoef":null,"_name":"ТП3 Жидели тяга"}