{"ID":"211e2151-8aa9-46c8-b50f-27d7e53ceeaf","childs":{"PS":{"_level":0,"parentID":"211e2151-8aa9-46c8-b50f-27d7e53ceeaf","firstParentID":"211e2151-8aa9-46c8-b50f-27d7e53ceeaf","ID":"ca305b55-b8a1-4b71-b580-f74f8de9385d","childs":{"прием":{"_level":1,"parentID":"ca305b55-b8a1-4b71-b580-f74f8de9385d","firstParentID":"211e2151-8aa9-46c8-b50f-27d7e53ceeaf","ID":"e0f1f70d-5f64-491f-b7f1-e3f6caf1e99b","childs":{"формула":{"_level":2,"parentID":"e0f1f70d-5f64-491f-b7f1-e3f6caf1e99b","firstParentID":"211e2151-8aa9-46c8-b50f-27d7e53ceeaf","ID":"19329987-a3cb-480b-ab63-94782a9705ee","childs":null,"emcosID":null,"emcosMLID":null,"codMaketTEP":null,"codTEP":null,"WSName":"PS","rangeAddress":"$Q$185:$Q$221","headAddress":"$Q$185","bodyAddress":"$Q$186:$Q$221","_name":"формула"}},"emcosID":null,"emcosMLID":null,"codMaketTEP":null,"codTEP":null,"WSName":"PS","rangeAddress":"$Q$184:$Q$221","headAddress":"$Q$184","bodyAddress":"$Q$185:$Q$221","_name":"прием"}},"emcosID":null,"emcosMLID":null,"codMaketTEP":null,"codTEP":null,"WSName":"PS","rangeAddress":"$Q$183:$Q$221","headAddress":"$Q$183","bodyAddress":"$Q$184:$Q$221","_name":"Грузовые перевозки в границах АЖК КТЖ Алматы"},"DB":{"_level":0,"parentID":"211e2151-8aa9-46c8-b50f-27d7e53ceeaf","firstParentID":"211e2151-8aa9-46c8-b50f-27d7e53ceeaf","ID":"05c83d60-3d89-4a32-944f-fd9fa1d225df","childs":{"прием":{"_level":1,"parentID":"05c83d60-3d89-4a32-944f-fd9fa1d225df","firstParentID":"211e2151-8aa9-46c8-b50f-27d7e53ceeaf","ID":"085002d8-7178-4df0-9b9f-fd2830e43126","childs":{"код":{"_level":2,"parentID":"085002d8-7178-4df0-9b9f-fd2830e43126","firstParentID":"211e2151-8aa9-46c8-b50f-27d7e53ceeaf","ID":"df2e98f9-e486-487d-82c5-37b0f02bedf1","childs":null,"emcosID":null,"emcosMLID":null,"codMaketTEP":null,"codTEP":null,"WSName":"DB","rangeAddress":"$AU$396:$AU$433","headAddress":"$AU$396","bodyAddress":"$AU$397:$AU$433","_name":"код"},"основное":{"_level":2,"parentID":"085002d8-7178-4df0-9b9f-fd2830e43126","firstParentID":"211e2151-8aa9-46c8-b50f-27d7e53ceeaf","ID":"d8ad87f7-2761-4f13-a43f-20b7cd5f2569","childs":null,"emcosID":null,"emcosMLID":null,"codMaketTEP":null,"codTEP":null,"WSName":"DB","rangeAddress":"$AV$396:$AV$433","headAddress":"$AV$396","bodyAddress":"$AV$397:$AV$433","_name":"основное"},"корректировка факт":{"_level":2,"parentID":"085002d8-7178-4df0-9b9f-fd2830e43126","firstParentID":"211e2151-8aa9-46c8-b50f-27d7e53ceeaf","ID":"5096bd66-febb-4bca-84f9-e1c3b0144597","childs":null,"emcosID":null,"emcosMLID":null,"codMaketTEP":null,"codTEP":null,"WSName":"DB","rangeAddress":"$AW$396:$AW$433","headAddress":"$AW$396","bodyAddress":"$AW$397:$AW$433","_name":"корректировка факт"},"ручное":{"_level":2,"parentID":"085002d8-7178-4df0-9b9f-fd2830e43126","firstParentID":"211e2151-8aa9-46c8-b50f-27d7e53ceeaf","ID":"6a6780d0-639b-47a1-9ca8-ef56b14268d9","childs":null,"emcosID":null,"emcosMLID":null,"codMaketTEP":null,"codTEP":null,"WSName":"DB","rangeAddress":"$AX$396:$AX$433","headAddress":"$AX$396","bodyAddress":"$AX$397:$AX$433","_name":"ручное"},"формула":{"_level":2,"parentID":"085002d8-7178-4df0-9b9f-fd2830e43126","firstParentID":"211e2151-8aa9-46c8-b50f-27d7e53ceeaf","ID":"5ccf208a-d0bb-4589-842d-cef4bb1e7113","childs":null,"emcosID":null,"emcosMLID":null,"codMaketTEP":null,"codTEP":null,"WSName":"DB","rangeAddress":"$AY$396:$AY$433","headAddress":"$AY$396","bodyAddress":"$AY$397:$AY$433","_name":"формула"}},"emcosID":null,"emcosMLID":null,"codMaketTEP":null,"codTEP":null,"WSName":"DB","rangeAddress":"$AU$395:$AY$433","headAddress":"$AU$395:$AY$395","bodyAddress":"$AU$396:$AY$433","_name":"прием"}},"emcosID":null,"emcosMLID":null,"codMaketTEP":null,"codTEP":null,"WSName":"DB","rangeAddress":"$AU$394:$AY$433","headAddress":"$AU$394:$AY$394","bodyAddress":"$AU$395:$AY$433","_name":"Грузовые перевозки в границах АЖК КТЖ Алматы"}},"codPlan":null,"meterCoef":null,"_name":"Грузовые перевозки в границах АЖК КТЖ Алматы"}