{"ID":"25c717d7-bf84-447f-b5c4-838414005e21","childs":{"PS":{"_level":0,"parentID":"25c717d7-bf84-447f-b5c4-838414005e21","firstParentID":"25c717d7-bf84-447f-b5c4-838414005e21","ID":"7d839e66-01d9-4810-9b01-bb46b11a539a","childs":{"сальдо":{"_level":1,"parentID":"7d839e66-01d9-4810-9b01-bb46b11a539a","firstParentID":"25c717d7-bf84-447f-b5c4-838414005e21","ID":"58c44478-a9c4-4e36-89d5-05be1719c081","childs":{"формула":{"_level":2,"parentID":"58c44478-a9c4-4e36-89d5-05be1719c081","firstParentID":"25c717d7-bf84-447f-b5c4-838414005e21","ID":"935c95c2-b55a-439f-b19d-4c92474c281e","childs":null,"emcosID":null,"emcosMLID":null,"codMaketTEP":null,"codTEP":null,"WSName":"PS","rangeAddress":"$S$13:$S$49","headAddress":"$S$13","bodyAddress":"$S$14:$S$49","_name":"формула"}},"emcosID":null,"emcosMLID":null,"codMaketTEP":1335,"codTEP":null,"WSName":"PS","rangeAddress":"$S$12:$S$49","headAddress":"$S$12","bodyAddress":"$S$13:$S$49","_name":"сальдо"},"план":{"_level":1,"parentID":"7d839e66-01d9-4810-9b01-bb46b11a539a","firstParentID":"25c717d7-bf84-447f-b5c4-838414005e21","ID":"c800c440-23fc-43b3-a8f5-24496518ec08","childs":{"заявка":{"_level":2,"parentID":"c800c440-23fc-43b3-a8f5-24496518ec08","firstParentID":"25c717d7-bf84-447f-b5c4-838414005e21","ID":"a5485061-f398-4023-a525-18fa1bb787c3","childs":null,"emcosID":null,"emcosMLID":null,"codMaketTEP":null,"codTEP":null,"WSName":"PS","rangeAddress":"$T$13:$T$49","headAddress":"$T$13","bodyAddress":"$T$14:$T$49","_name":"заявка"}},"emcosID":null,"emcosMLID":null,"codMaketTEP":null,"codTEP":null,"WSName":"PS","rangeAddress":"$T$12:$T$49","headAddress":"$T$12","bodyAddress":"$T$13:$T$49","_name":"план"}},"emcosID":null,"emcosMLID":null,"codMaketTEP":null,"codTEP":null,"WSName":"PS","rangeAddress":"$S$11:$T$49","headAddress":"$S$11:$T$11","bodyAddress":"$S$12:$T$49","_name":"Сальдо АЖК без КГЭС Общее"},"DB":{"_level":0,"parentID":"25c717d7-bf84-447f-b5c4-838414005e21","firstParentID":"25c717d7-bf84-447f-b5c4-838414005e21","ID":"9278f42b-2c68-4fc4-9463-7e26669d4cff","childs":{"сальдо":{"_level":1,"parentID":"9278f42b-2c68-4fc4-9463-7e26669d4cff","firstParentID":"25c717d7-bf84-447f-b5c4-838414005e21","ID":"d9b65a66-b185-4e56-be66-3b9af00319c5","childs":{"код":{"_level":2,"parentID":"d9b65a66-b185-4e56-be66-3b9af00319c5","firstParentID":"25c717d7-bf84-447f-b5c4-838414005e21","ID":"8468c8d8-ecfc-4343-b08d-247cbb6c2e30","childs":null,"emcosID":null,"emcosMLID":null,"codMaketTEP":null,"codTEP":null,"WSName":"DB","rangeAddress":"$FI$353:$FI$390","headAddress":"$FI$353","bodyAddress":"$FI$354:$FI$390","_name":"код"},"основное":{"_level":2,"parentID":"d9b65a66-b185-4e56-be66-3b9af00319c5","firstParentID":"25c717d7-bf84-447f-b5c4-838414005e21","ID":"474956fe-42c1-4d03-bafe-6a8f30f5897a","childs":null,"emcosID":null,"emcosMLID":null,"codMaketTEP":null,"codTEP":null,"WSName":"DB","rangeAddress":"$FJ$353:$FJ$390","headAddress":"$FJ$353","bodyAddress":"$FJ$354:$FJ$390","_name":"основное"},"корректировка факт":{"_level":2,"parentID":"d9b65a66-b185-4e56-be66-3b9af00319c5","firstParentID":"25c717d7-bf84-447f-b5c4-838414005e21","ID":"e5133834-8564-4d48-ae10-dab6c945608e","childs":null,"emcosID":null,"emcosMLID":null,"codMaketTEP":null,"codTEP":null,"WSName":"DB","rangeAddress":"$FK$353:$FK$390","headAddress":"$FK$353","bodyAddress":"$FK$354:$FK$390","_name":"корректировка факт"},"ручное":{"_level":2,"parentID":"d9b65a66-b185-4e56-be66-3b9af00319c5","firstParentID":"25c717d7-bf84-447f-b5c4-838414005e21","ID":"5c1a3eb7-c95e-4ef4-8f7e-ca4600394f98","childs":null,"emcosID":null,"emcosMLID":null,"codMaketTEP":null,"codTEP":null,"WSName":"DB","rangeAddress":"$FL$353:$FL$390","headAddress":"$FL$353","bodyAddress":"$FL$354:$FL$390","_name":"ручное"},"формула":{"_level":2,"parentID":"d9b65a66-b185-4e56-be66-3b9af00319c5","firstParentID":"25c717d7-bf84-447f-b5c4-838414005e21","ID":"f1a55982-997b-4aa5-ad8f-a316423e8383","childs":null,"emcosID":null,"emcosMLID":null,"codMaketTEP":null,"codTEP":null,"WSName":"DB","rangeAddress":"$FM$353:$FM$390","headAddress":"$FM$353","bodyAddress":"$FM$354:$FM$390","_name":"формула"},"оперативное":{"_level":2,"parentID":"d9b65a66-b185-4e56-be66-3b9af00319c5","firstParentID":"25c717d7-bf84-447f-b5c4-838414005e21","ID":"af90a584-4f99-423d-b8a8-b31c710d6790","childs":null,"emcosID":null,"emcosMLID":null,"codMaketTEP":null,"codTEP":null,"WSName":"DB","rangeAddress":"$FN$353:$FN$390","headAddress":"$FN$353","bodyAddress":"$FN$354:$FN$390","_name":"оперативное"},"по плану":{"_level":2,"parentID":"d9b65a66-b185-4e56-be66-3b9af00319c5","firstParentID":"25c717d7-bf84-447f-b5c4-838414005e21","ID":"c21e5284-079f-4127-945b-f55b20b791a7","childs":null,"emcosID":null,"emcosMLID":null,"codMaketTEP":null,"codTEP":null,"WSName":"DB","rangeAddress":"$FO$353:$FO$390","headAddress":"$FO$353","bodyAddress":"$FO$354:$FO$390","_name":"по плану"}},"emcosID":null,"emcosMLID":null,"codMaketTEP":null,"codTEP":null,"WSName":"DB","rangeAddress":"$FI$352:$FO$390","headAddress":"$FI$352:$FO$352","bodyAddress":"$FI$353:$FO$390","_name":"сальдо"},"план":{"_level":1,"parentID":"9278f42b-2c68-4fc4-9463-7e26669d4cff","firstParentID":"25c717d7-bf84-447f-b5c4-838414005e21","ID":"2d86d4c3-2ab1-40af-b10b-122102ba36bb","childs":{"код":{"_level":2,"parentID":"2d86d4c3-2ab1-40af-b10b-122102ba36bb","firstParentID":"25c717d7-bf84-447f-b5c4-838414005e21","ID":"f2596fa1-bdbd-4237-b6f9-03df4c3125c2","childs":null,"emcosID":null,"emcosMLID":null,"codMaketTEP":null,"codTEP":null,"WSName":"DB","rangeAddress":"$FP$353:$FP$390","headAddress":"$FP$353","bodyAddress":"$FP$354:$FP$390","_name":"код"},"основное":{"_level":2,"parentID":"2d86d4c3-2ab1-40af-b10b-122102ba36bb","firstParentID":"25c717d7-bf84-447f-b5c4-838414005e21","ID":"87d9a7dc-6a3b-4433-b4cf-1b664f385f53","childs":null,"emcosID":null,"emcosMLID":null,"codMaketTEP":null,"codTEP":null,"WSName":"DB","rangeAddress":"$FQ$353:$FQ$390","headAddress":"$FQ$353","bodyAddress":"$FQ$354:$FQ$390","_name":"основное"},"заявка":{"_level":2,"parentID":"2d86d4c3-2ab1-40af-b10b-122102ba36bb","firstParentID":"25c717d7-bf84-447f-b5c4-838414005e21","ID":"6fcbd135-d47a-4998-a2ef-8625f405c7df","childs":null,"emcosID":null,"emcosMLID":null,"codMaketTEP":null,"codTEP":null,"WSName":"DB","rangeAddress":"$FR$353:$FR$390","headAddress":"$FR$353","bodyAddress":"$FR$354:$FR$390","_name":"заявка"},"утвержденный":{"_level":2,"parentID":"2d86d4c3-2ab1-40af-b10b-122102ba36bb","firstParentID":"25c717d7-bf84-447f-b5c4-838414005e21","ID":"69f73b17-ce1e-4029-85bf-2239666aee23","childs":null,"emcosID":null,"emcosMLID":null,"codMaketTEP":null,"codTEP":null,"WSName":"DB","rangeAddress":"$FS$353:$FS$390","headAddress":"$FS$353","bodyAddress":"$FS$354:$FS$390","_name":"утвержденный"},"корректировка":{"_level":2,"parentID":"2d86d4c3-2ab1-40af-b10b-122102ba36bb","firstParentID":"25c717d7-bf84-447f-b5c4-838414005e21","ID":"c7167e1f-415d-4990-843e-ff2682a834a9","childs":null,"emcosID":null,"emcosMLID":null,"codMaketTEP":null,"codTEP":null,"WSName":"DB","rangeAddress":"$FT$353:$FT$390","headAddress":"$FT$353","bodyAddress":"$FT$354:$FT$390","_name":"корректировка"}},"emcosID":null,"emcosMLID":null,"codMaketTEP":null,"codTEP":null,"WSName":"DB","rangeAddress":"$FP$352:$FT$390","headAddress":"$FP$352:$FT$352","bodyAddress":"$FP$353:$FT$390","_name":"план"}},"emcosID":null,"emcosMLID":null,"codMaketTEP":null,"codTEP":null,"WSName":"DB","rangeAddress":"$FI$351:$FT$390","headAddress":"$FI$351:$FT$351","bodyAddress":"$FI$352:$FT$390","_name":"Сальдо АЖК без КГЭС Общее"}},"codPlan":12,"meterCoef":null,"_name":"Сальдо АЖК без КГЭС Общее"}