{"ID":"2648f7f7-b135-4f07-bda0-79d339a2b52d","childs":{"PS":{"_level":0,"parentID":"2648f7f7-b135-4f07-bda0-79d339a2b52d","firstParentID":"2648f7f7-b135-4f07-bda0-79d339a2b52d","ID":"6913666e-25fc-4daa-afe7-f045bea4386e","childs":{"прием":{"_level":1,"parentID":"6913666e-25fc-4daa-afe7-f045bea4386e","firstParentID":"2648f7f7-b135-4f07-bda0-79d339a2b52d","ID":"a8badb78-6a01-4056-9ad5-f2bb8cc3c0d3","childs":{"аскуэ":{"_level":2,"parentID":"a8badb78-6a01-4056-9ad5-f2bb8cc3c0d3","firstParentID":"2648f7f7-b135-4f07-bda0-79d339a2b52d","ID":"8b9fd0da-dd26-42fe-b0b4-999a823fb9c7","childs":null,"emcosID":null,"emcosMLID":null,"codMaketTEP":null,"codTEP":null,"WSName":"PS","rangeAddress":"$BX$56:$BX$92","headAddress":"$BX$56","bodyAddress":"$BX$57:$BX$92","_name":"аскуэ"}},"emcosID":null,"emcosMLID":null,"codMaketTEP":null,"codTEP":null,"WSName":"PS","rangeAddress":"$BX$55:$BX$92","headAddress":"$BX$55","bodyAddress":"$BX$56:$BX$92","_name":"прием"},"отдача":{"_level":1,"parentID":"6913666e-25fc-4daa-afe7-f045bea4386e","firstParentID":"2648f7f7-b135-4f07-bda0-79d339a2b52d","ID":"ccd363d4-d64a-48ce-9e2f-5bc506d2d89f","childs":{"аскуэ":{"_level":2,"parentID":"ccd363d4-d64a-48ce-9e2f-5bc506d2d89f","firstParentID":"2648f7f7-b135-4f07-bda0-79d339a2b52d","ID":"f3c206e4-ee80-4db5-8462-8d8e04b5f076","childs":null,"emcosID":null,"emcosMLID":null,"codMaketTEP":null,"codTEP":null,"WSName":"PS","rangeAddress":"$BY$56:$BY$92","headAddress":"$BY$56","bodyAddress":"$BY$57:$BY$92","_name":"аскуэ"}},"emcosID":null,"emcosMLID":null,"codMaketTEP":null,"codTEP":null,"WSName":"PS","rangeAddress":"$BY$55:$BY$92","headAddress":"$BY$55","bodyAddress":"$BY$56:$BY$92","_name":"отдача"}},"emcosID":null,"emcosMLID":null,"codMaketTEP":null,"codTEP":null,"WSName":"PS","rangeAddress":"$BX$54:$BY$92","headAddress":"$BX$54:$BY$54","bodyAddress":"$BX$55:$BY$92","_name":"Л137 Шу"},"DB":{"_level":0,"parentID":"2648f7f7-b135-4f07-bda0-79d339a2b52d","firstParentID":"2648f7f7-b135-4f07-bda0-79d339a2b52d","ID":"0acd06f3-796e-4500-92eb-a07ccf5b3753","childs":{"прием":{"_level":1,"parentID":"0acd06f3-796e-4500-92eb-a07ccf5b3753","firstParentID":"2648f7f7-b135-4f07-bda0-79d339a2b52d","ID":"d1f13808-d262-480a-b300-378156000be8","childs":{"код":{"_level":2,"parentID":"d1f13808-d262-480a-b300-378156000be8","firstParentID":"2648f7f7-b135-4f07-bda0-79d339a2b52d","ID":"2e0abcec-0026-4d42-9827-b3ced35ba28a","childs":null,"emcosID":null,"emcosMLID":null,"codMaketTEP":null,"codTEP":null,"WSName":"DB","rangeAddress":"$BF$224:$BF$261","headAddress":"$BF$224","bodyAddress":"$BF$225:$BF$261","_name":"код"},"основное":{"_level":2,"parentID":"d1f13808-d262-480a-b300-378156000be8","firstParentID":"2648f7f7-b135-4f07-bda0-79d339a2b52d","ID":"c5dafd63-7d7d-4ce5-97d8-b723952612ef","childs":null,"emcosID":null,"emcosMLID":null,"codMaketTEP":null,"codTEP":null,"WSName":"DB","rangeAddress":"$BG$224:$BG$261","headAddress":"$BG$224","bodyAddress":"$BG$225:$BG$261","_name":"основное"},"корректировка факт":{"_level":2,"parentID":"d1f13808-d262-480a-b300-378156000be8","firstParentID":"2648f7f7-b135-4f07-bda0-79d339a2b52d","ID":"9ce99e6d-acbc-476f-b2a2-c5a4b5efb1c6","childs":null,"emcosID":null,"emcosMLID":null,"codMaketTEP":null,"codTEP":null,"WSName":"DB","rangeAddress":"$BH$224:$BH$261","headAddress":"$BH$224","bodyAddress":"$BH$225:$BH$261","_name":"корректировка факт"},"ручное":{"_level":2,"parentID":"d1f13808-d262-480a-b300-378156000be8","firstParentID":"2648f7f7-b135-4f07-bda0-79d339a2b52d","ID":"f13e2192-4894-4216-95a8-de6024164235","childs":null,"emcosID":null,"emcosMLID":null,"codMaketTEP":null,"codTEP":null,"WSName":"DB","rangeAddress":"$BI$224:$BI$261","headAddress":"$BI$224","bodyAddress":"$BI$225:$BI$261","_name":"ручное"},"счетчик":{"_level":2,"parentID":"d1f13808-d262-480a-b300-378156000be8","firstParentID":"2648f7f7-b135-4f07-bda0-79d339a2b52d","ID":"a18a98f3-1c93-4924-b4a6-3b8cef0d5b73","childs":null,"emcosID":null,"emcosMLID":null,"codMaketTEP":null,"codTEP":null,"WSName":"DB","rangeAddress":"$BJ$224:$BJ$261","headAddress":"$BJ$224","bodyAddress":"$BJ$225:$BJ$261","_name":"счетчик"},"по счетчику":{"_level":2,"parentID":"d1f13808-d262-480a-b300-378156000be8","firstParentID":"2648f7f7-b135-4f07-bda0-79d339a2b52d","ID":"b2c6c15f-809b-4f84-95bd-a9a0c3dd0dcf","childs":null,"emcosID":null,"emcosMLID":null,"codMaketTEP":null,"codTEP":null,"WSName":"DB","rangeAddress":"$BK$224:$BK$261","headAddress":"$BK$224","bodyAddress":"$BK$225:$BK$261","_name":"по счетчику"},"аскуэ":{"_level":2,"parentID":"d1f13808-d262-480a-b300-378156000be8","firstParentID":"2648f7f7-b135-4f07-bda0-79d339a2b52d","ID":"2f8a0f18-ee3f-44d6-96ee-95ed7dbe73da","childs":null,"emcosID":null,"emcosMLID":null,"codMaketTEP":null,"codTEP":null,"WSName":"DB","rangeAddress":"$BL$224:$BL$261","headAddress":"$BL$224","bodyAddress":"$BL$225:$BL$261","_name":"аскуэ"}},"emcosID":416,"emcosMLID":386,"codMaketTEP":null,"codTEP":null,"WSName":"DB","rangeAddress":"$BF$223:$BL$261","headAddress":"$BF$223:$BL$223","bodyAddress":"$BF$224:$BL$261","_name":"прием"},"отдача":{"_level":1,"parentID":"0acd06f3-796e-4500-92eb-a07ccf5b3753","firstParentID":"2648f7f7-b135-4f07-bda0-79d339a2b52d","ID":"28709803-f8b6-41ed-aef5-75e6bb841315","childs":{"код":{"_level":2,"parentID":"28709803-f8b6-41ed-aef5-75e6bb841315","firstParentID":"2648f7f7-b135-4f07-bda0-79d339a2b52d","ID":"900d59b6-75f1-4c1c-8da5-f8ed080c1b0e","childs":null,"emcosID":null,"emcosMLID":null,"codMaketTEP":null,"codTEP":null,"WSName":"DB","rangeAddress":"$BM$224:$BM$261","headAddress":"$BM$224","bodyAddress":"$BM$225:$BM$261","_name":"код"},"основное":{"_level":2,"parentID":"28709803-f8b6-41ed-aef5-75e6bb841315","firstParentID":"2648f7f7-b135-4f07-bda0-79d339a2b52d","ID":"b4260737-39e3-4a88-8a76-f5b5e1e87c5c","childs":null,"emcosID":null,"emcosMLID":null,"codMaketTEP":null,"codTEP":null,"WSName":"DB","rangeAddress":"$BN$224:$BN$261","headAddress":"$BN$224","bodyAddress":"$BN$225:$BN$261","_name":"основное"},"корректировка факт":{"_level":2,"parentID":"28709803-f8b6-41ed-aef5-75e6bb841315","firstParentID":"2648f7f7-b135-4f07-bda0-79d339a2b52d","ID":"ac4ca411-5db6-46cb-8d84-ccd56f4b3fc1","childs":null,"emcosID":null,"emcosMLID":null,"codMaketTEP":null,"codTEP":null,"WSName":"DB","rangeAddress":"$BO$224:$BO$261","headAddress":"$BO$224","bodyAddress":"$BO$225:$BO$261","_name":"корректировка факт"},"ручное":{"_level":2,"parentID":"28709803-f8b6-41ed-aef5-75e6bb841315","firstParentID":"2648f7f7-b135-4f07-bda0-79d339a2b52d","ID":"b8a8b360-724c-41d5-b47c-c67aa85b3501","childs":null,"emcosID":null,"emcosMLID":null,"codMaketTEP":null,"codTEP":null,"WSName":"DB","rangeAddress":"$BP$224:$BP$261","headAddress":"$BP$224","bodyAddress":"$BP$225:$BP$261","_name":"ручное"},"счетчик":{"_level":2,"parentID":"28709803-f8b6-41ed-aef5-75e6bb841315","firstParentID":"2648f7f7-b135-4f07-bda0-79d339a2b52d","ID":"e2eb3409-3562-4cf5-95cc-a20e5c252421","childs":null,"emcosID":null,"emcosMLID":null,"codMaketTEP":null,"codTEP":null,"WSName":"DB","rangeAddress":"$BQ$224:$BQ$261","headAddress":"$BQ$224","bodyAddress":"$BQ$225:$BQ$261","_name":"счетчик"},"по счетчику":{"_level":2,"parentID":"28709803-f8b6-41ed-aef5-75e6bb841315","firstParentID":"2648f7f7-b135-4f07-bda0-79d339a2b52d","ID":"31f87ee0-ba7e-479c-baa7-1a5cdff06171","childs":null,"emcosID":null,"emcosMLID":null,"codMaketTEP":null,"codTEP":null,"WSName":"DB","rangeAddress":"$BR$224:$BR$261","headAddress":"$BR$224","bodyAddress":"$BR$225:$BR$261","_name":"по счетчику"},"аскуэ":{"_level":2,"parentID":"28709803-f8b6-41ed-aef5-75e6bb841315","firstParentID":"2648f7f7-b135-4f07-bda0-79d339a2b52d","ID":"f26b3282-74a1-4707-b521-461c114d7fb0","childs":null,"emcosID":null,"emcosMLID":null,"codMaketTEP":null,"codTEP":null,"WSName":"DB","rangeAddress":"$BS$224:$BS$261","headAddress":"$BS$224","bodyAddress":"$BS$225:$BS$261","_name":"аскуэ"}},"emcosID":416,"emcosMLID":385,"codMaketTEP":null,"codTEP":null,"WSName":"DB","rangeAddress":"$BM$223:$BS$261","headAddress":"$BM$223:$BS$223","bodyAddress":"$BM$224:$BS$261","_name":"отдача"}},"emcosID":null,"emcosMLID":null,"codMaketTEP":null,"codTEP":null,"WSName":"DB","rangeAddress":"$BF$222:$BS$261","headAddress":"$BF$222:$BS$222","bodyAddress":"$BF$223:$BS$261","_name":"Л137 Шу"}},"codPlan":null,"meterCoef":null,"_name":"Л137 Шу"}