{"ID":"2825d0e1-3081-4a12-a99a-0af10aef28ae","childs":{"PS":{"_level":0,"parentID":"2825d0e1-3081-4a12-a99a-0af10aef28ae","firstParentID":"2825d0e1-3081-4a12-a99a-0af10aef28ae","ID":"a5ab0d3c-8b41-4b2c-bc5c-6b8a4a9b1dfb","childs":{"прием":{"_level":1,"parentID":"a5ab0d3c-8b41-4b2c-bc5c-6b8a4a9b1dfb","firstParentID":"2825d0e1-3081-4a12-a99a-0af10aef28ae","ID":"d8045d25-673a-4ebc-82fa-e524c79f1577","childs":{"по счетчику":{"_level":2,"parentID":"d8045d25-673a-4ebc-82fa-e524c79f1577","firstParentID":"2825d0e1-3081-4a12-a99a-0af10aef28ae","ID":"be203c90-f06b-48f3-b14b-437b3ea177d5","childs":null,"emcosID":null,"emcosMLID":null,"codMaketTEP":null,"codTEP":null,"WSName":"PS","rangeAddress":"$DW$99:$DW$135","headAddress":"$DW$99","bodyAddress":"$DW$100:$DW$135","_name":"по счетчику"},"СЧЕТЧИК":{"_level":2,"parentID":"d8045d25-673a-4ebc-82fa-e524c79f1577","firstParentID":"2825d0e1-3081-4a12-a99a-0af10aef28ae","ID":"5d25399e-52c6-4dcf-890e-4c906f0e4e05","childs":null,"emcosID":null,"emcosMLID":null,"codMaketTEP":null,"codTEP":null,"WSName":"PS","rangeAddress":"$DX$99:$DX$135","headAddress":"$DX$99","bodyAddress":"$DX$100:$DX$135","_name":"СЧЕТЧИК"}},"emcosID":null,"emcosMLID":null,"codMaketTEP":null,"codTEP":null,"WSName":"PS","rangeAddress":"$DW$98:$DX$135","headAddress":"$DW$98:$DX$98","bodyAddress":"$DW$99:$DX$135","_name":"прием"},"отдача":{"_level":1,"parentID":"a5ab0d3c-8b41-4b2c-bc5c-6b8a4a9b1dfb","firstParentID":"2825d0e1-3081-4a12-a99a-0af10aef28ae","ID":"121d5e03-7fb7-4fb1-8851-e104592824a9","childs":{"по счетчику":{"_level":2,"parentID":"121d5e03-7fb7-4fb1-8851-e104592824a9","firstParentID":"2825d0e1-3081-4a12-a99a-0af10aef28ae","ID":"0ca65a54-b2ce-410f-bf0a-28a56d5baf9b","childs":null,"emcosID":null,"emcosMLID":null,"codMaketTEP":null,"codTEP":null,"WSName":"PS","rangeAddress":"$DY$99:$DY$135","headAddress":"$DY$99","bodyAddress":"$DY$100:$DY$135","_name":"по счетчику"},"СЧЕТЧИК":{"_level":2,"parentID":"121d5e03-7fb7-4fb1-8851-e104592824a9","firstParentID":"2825d0e1-3081-4a12-a99a-0af10aef28ae","ID":"02dfbfb3-36c7-4b2b-86ff-162a5b5e8f03","childs":null,"emcosID":null,"emcosMLID":null,"codMaketTEP":null,"codTEP":null,"WSName":"PS","rangeAddress":"$DZ$99:$DZ$135","headAddress":"$DZ$99","bodyAddress":"$DZ$100:$DZ$135","_name":"СЧЕТЧИК"}},"emcosID":null,"emcosMLID":null,"codMaketTEP":null,"codTEP":null,"WSName":"PS","rangeAddress":"$DY$98:$DZ$135","headAddress":"$DY$98:$DZ$98","bodyAddress":"$DY$99:$DZ$135","_name":"отдача"}},"emcosID":null,"emcosMLID":null,"codMaketTEP":null,"codTEP":null,"WSName":"PS","rangeAddress":"$DW$97:$DZ$135","headAddress":"$DW$97:$DZ$97","bodyAddress":"$DW$98:$DZ$135","_name":"Л112 ПС152 Талдыкорган"},"DB":{"_level":0,"parentID":"2825d0e1-3081-4a12-a99a-0af10aef28ae","firstParentID":"2825d0e1-3081-4a12-a99a-0af10aef28ae","ID":"ab1d9830-38a8-49d5-a1ad-d0f8a36a5db2","childs":{"прием":{"_level":1,"parentID":"ab1d9830-38a8-49d5-a1ad-d0f8a36a5db2","firstParentID":"2825d0e1-3081-4a12-a99a-0af10aef28ae","ID":"4c906d6c-0900-4f06-bc85-7f38fe6879a0","childs":{"код":{"_level":2,"parentID":"4c906d6c-0900-4f06-bc85-7f38fe6879a0","firstParentID":"2825d0e1-3081-4a12-a99a-0af10aef28ae","ID":"3ab8bfeb-b8e0-45b2-8428-cb4dab847ae9","childs":null,"emcosID":null,"emcosMLID":null,"codMaketTEP":null,"codTEP":null,"WSName":"DB","rangeAddress":"$CN$310:$CN$347","headAddress":"$CN$310","bodyAddress":"$CN$311:$CN$347","_name":"код"},"основное":{"_level":2,"parentID":"4c906d6c-0900-4f06-bc85-7f38fe6879a0","firstParentID":"2825d0e1-3081-4a12-a99a-0af10aef28ae","ID":"79f5cd31-d978-43e9-a176-cadf1bb26705","childs":null,"emcosID":null,"emcosMLID":null,"codMaketTEP":null,"codTEP":null,"WSName":"DB","rangeAddress":"$CO$310:$CO$347","headAddress":"$CO$310","bodyAddress":"$CO$311:$CO$347","_name":"основное"},"корректировка факт":{"_level":2,"parentID":"4c906d6c-0900-4f06-bc85-7f38fe6879a0","firstParentID":"2825d0e1-3081-4a12-a99a-0af10aef28ae","ID":"8e6a24b6-af1a-4f04-871c-fb4a532c6076","childs":null,"emcosID":null,"emcosMLID":null,"codMaketTEP":null,"codTEP":null,"WSName":"DB","rangeAddress":"$CP$310:$CP$347","headAddress":"$CP$310","bodyAddress":"$CP$311:$CP$347","_name":"корректировка факт"},"ручное":{"_level":2,"parentID":"4c906d6c-0900-4f06-bc85-7f38fe6879a0","firstParentID":"2825d0e1-3081-4a12-a99a-0af10aef28ae","ID":"77796128-ecde-4eea-adb2-448344ba7b52","childs":null,"emcosID":null,"emcosMLID":null,"codMaketTEP":null,"codTEP":null,"WSName":"DB","rangeAddress":"$CQ$310:$CQ$347","headAddress":"$CQ$310","bodyAddress":"$CQ$311:$CQ$347","_name":"ручное"},"счетчик":{"_level":2,"parentID":"4c906d6c-0900-4f06-bc85-7f38fe6879a0","firstParentID":"2825d0e1-3081-4a12-a99a-0af10aef28ae","ID":"3dea4297-c170-4632-82fb-09ee038d77dd","childs":null,"emcosID":null,"emcosMLID":null,"codMaketTEP":null,"codTEP":null,"WSName":"DB","rangeAddress":"$CR$310:$CR$347","headAddress":"$CR$310","bodyAddress":"$CR$311:$CR$347","_name":"счетчик"},"по счетчику":{"_level":2,"parentID":"4c906d6c-0900-4f06-bc85-7f38fe6879a0","firstParentID":"2825d0e1-3081-4a12-a99a-0af10aef28ae","ID":"731f31a2-254f-42b0-bafe-d54fe3e404b3","childs":null,"emcosID":null,"emcosMLID":null,"codMaketTEP":null,"codTEP":null,"WSName":"DB","rangeAddress":"$CS$310:$CS$347","headAddress":"$CS$310","bodyAddress":"$CS$311:$CS$347","_name":"по счетчику"}},"emcosID":null,"emcosMLID":null,"codMaketTEP":null,"codTEP":null,"WSName":"DB","rangeAddress":"$CN$309:$CS$347","headAddress":"$CN$309:$CS$309","bodyAddress":"$CN$310:$CS$347","_name":"прием"},"отдача":{"_level":1,"parentID":"ab1d9830-38a8-49d5-a1ad-d0f8a36a5db2","firstParentID":"2825d0e1-3081-4a12-a99a-0af10aef28ae","ID":"72c5643e-311b-455b-961a-a0f5b053849d","childs":{"код":{"_level":2,"parentID":"72c5643e-311b-455b-961a-a0f5b053849d","firstParentID":"2825d0e1-3081-4a12-a99a-0af10aef28ae","ID":"dcd509ed-ef2a-4f96-95b6-2a6397baf4db","childs":null,"emcosID":null,"emcosMLID":null,"codMaketTEP":null,"codTEP":null,"WSName":"DB","rangeAddress":"$CT$310:$CT$347","headAddress":"$CT$310","bodyAddress":"$CT$311:$CT$347","_name":"код"},"основное":{"_level":2,"parentID":"72c5643e-311b-455b-961a-a0f5b053849d","firstParentID":"2825d0e1-3081-4a12-a99a-0af10aef28ae","ID":"581ce433-3ae5-4159-bd76-fde60a399dd6","childs":null,"emcosID":null,"emcosMLID":null,"codMaketTEP":null,"codTEP":null,"WSName":"DB","rangeAddress":"$CU$310:$CU$347","headAddress":"$CU$310","bodyAddress":"$CU$311:$CU$347","_name":"основное"},"корректировка факт":{"_level":2,"parentID":"72c5643e-311b-455b-961a-a0f5b053849d","firstParentID":"2825d0e1-3081-4a12-a99a-0af10aef28ae","ID":"b94a8089-eaa0-4933-b17f-5ae4bffc026d","childs":null,"emcosID":null,"emcosMLID":null,"codMaketTEP":null,"codTEP":null,"WSName":"DB","rangeAddress":"$CV$310:$CV$347","headAddress":"$CV$310","bodyAddress":"$CV$311:$CV$347","_name":"корректировка факт"},"ручное":{"_level":2,"parentID":"72c5643e-311b-455b-961a-a0f5b053849d","firstParentID":"2825d0e1-3081-4a12-a99a-0af10aef28ae","ID":"6abffe81-bea1-4a4c-a7f6-51ad6a002027","childs":null,"emcosID":null,"emcosMLID":null,"codMaketTEP":null,"codTEP":null,"WSName":"DB","rangeAddress":"$CW$310:$CW$347","headAddress":"$CW$310","bodyAddress":"$CW$311:$CW$347","_name":"ручное"},"счетчик":{"_level":2,"parentID":"72c5643e-311b-455b-961a-a0f5b053849d","firstParentID":"2825d0e1-3081-4a12-a99a-0af10aef28ae","ID":"8b3bbd99-74f2-416d-8a46-0e059ba5727e","childs":null,"emcosID":null,"emcosMLID":null,"codMaketTEP":null,"codTEP":null,"WSName":"DB","rangeAddress":"$CX$310:$CX$347","headAddress":"$CX$310","bodyAddress":"$CX$311:$CX$347","_name":"счетчик"},"по счетчику":{"_level":2,"parentID":"72c5643e-311b-455b-961a-a0f5b053849d","firstParentID":"2825d0e1-3081-4a12-a99a-0af10aef28ae","ID":"ac0c77b1-e092-46f9-a0e7-32866745c49c","childs":null,"emcosID":null,"emcosMLID":null,"codMaketTEP":null,"codTEP":null,"WSName":"DB","rangeAddress":"$CY$310:$CY$347","headAddress":"$CY$310","bodyAddress":"$CY$311:$CY$347","_name":"по счетчику"}},"emcosID":null,"emcosMLID":null,"codMaketTEP":null,"codTEP":null,"WSName":"DB","rangeAddress":"$CT$309:$CY$347","headAddress":"$CT$309:$CY$309","bodyAddress":"$CT$310:$CY$347","_name":"отдача"}},"emcosID":null,"emcosMLID":null,"codMaketTEP":null,"codTEP":null,"WSName":"DB","rangeAddress":"$CN$308:$CY$347","headAddress":"$CN$308:$CY$308","bodyAddress":"$CN$309:$CY$347","_name":"Л112 ПС152 Талдыкорган"}},"codPlan":null,"meterCoef":"66","_name":"Л112 ПС152 Талдыкорган"}