{"ID":"2b1f991c-4434-4926-b718-6d4db4553d3c","childs":{"PS":{"_level":0,"parentID":"2b1f991c-4434-4926-b718-6d4db4553d3c","firstParentID":"2b1f991c-4434-4926-b718-6d4db4553d3c","ID":"21f3322f-7aab-4e42-817b-6913d1436482","childs":{"прием":{"_level":1,"parentID":"21f3322f-7aab-4e42-817b-6913d1436482","firstParentID":"2b1f991c-4434-4926-b718-6d4db4553d3c","ID":"9ce7ffc6-f26f-4c8a-b03c-0cd8678b6852","childs":{"по счетчику":{"_level":2,"parentID":"9ce7ffc6-f26f-4c8a-b03c-0cd8678b6852","firstParentID":"2b1f991c-4434-4926-b718-6d4db4553d3c","ID":"1d0b43cd-2629-4a43-ad11-d3a842ff8f2c","childs":null,"emcosID":null,"emcosMLID":null,"codMaketTEP":null,"codTEP":null,"WSName":"PS","rangeAddress":"$AI$142:$AI$178","headAddress":"$AI$142","bodyAddress":"$AI$143:$AI$178","_name":"по счетчику"},"СЧЕТЧИК":{"_level":2,"parentID":"9ce7ffc6-f26f-4c8a-b03c-0cd8678b6852","firstParentID":"2b1f991c-4434-4926-b718-6d4db4553d3c","ID":"38c3ad80-978e-4132-a282-6a14db35c00e","childs":null,"emcosID":null,"emcosMLID":null,"codMaketTEP":null,"codTEP":null,"WSName":"PS","rangeAddress":"$AJ$142:$AJ$178","headAddress":"$AJ$142","bodyAddress":"$AJ$143:$AJ$178","_name":"СЧЕТЧИК"}},"emcosID":null,"emcosMLID":null,"codMaketTEP":null,"codTEP":null,"WSName":"PS","rangeAddress":"$AI$141:$AJ$178","headAddress":"$AI$141:$AJ$141","bodyAddress":"$AI$142:$AJ$178","_name":"прием"}},"emcosID":null,"emcosMLID":null,"codMaketTEP":null,"codTEP":null,"WSName":"PS","rangeAddress":"$AI$140:$AJ$178","headAddress":"$AI$140:$AJ$140","bodyAddress":"$AI$141:$AJ$178","_name":"Л67А Пионерная"},"DB":{"_level":0,"parentID":"2b1f991c-4434-4926-b718-6d4db4553d3c","firstParentID":"2b1f991c-4434-4926-b718-6d4db4553d3c","ID":"7ca3249d-f1dc-4f09-8c4d-bfdd738cc9ab","childs":{"прием":{"_level":1,"parentID":"7ca3249d-f1dc-4f09-8c4d-bfdd738cc9ab","firstParentID":"2b1f991c-4434-4926-b718-6d4db4553d3c","ID":"1021bdf7-243a-4dac-8af4-9b474c75597d","childs":{"код":{"_level":2,"parentID":"1021bdf7-243a-4dac-8af4-9b474c75597d","firstParentID":"2b1f991c-4434-4926-b718-6d4db4553d3c","ID":"8cc12bef-cd0a-430d-8ddc-c02c81d83196","childs":null,"emcosID":null,"emcosMLID":null,"codMaketTEP":null,"codTEP":null,"WSName":"DB","rangeAddress":"$BR$267:$BR$304","headAddress":"$BR$267","bodyAddress":"$BR$268:$BR$304","_name":"код"},"основное":{"_level":2,"parentID":"1021bdf7-243a-4dac-8af4-9b474c75597d","firstParentID":"2b1f991c-4434-4926-b718-6d4db4553d3c","ID":"4cd81924-8ecc-4457-b1d2-106a4bebeaf7","childs":null,"emcosID":null,"emcosMLID":null,"codMaketTEP":null,"codTEP":null,"WSName":"DB","rangeAddress":"$BS$267:$BS$304","headAddress":"$BS$267","bodyAddress":"$BS$268:$BS$304","_name":"основное"},"корректировка факт":{"_level":2,"parentID":"1021bdf7-243a-4dac-8af4-9b474c75597d","firstParentID":"2b1f991c-4434-4926-b718-6d4db4553d3c","ID":"a805829a-772c-49fa-b7de-4df0a46d54ec","childs":null,"emcosID":null,"emcosMLID":null,"codMaketTEP":null,"codTEP":null,"WSName":"DB","rangeAddress":"$BT$267:$BT$304","headAddress":"$BT$267","bodyAddress":"$BT$268:$BT$304","_name":"корректировка факт"},"ручное":{"_level":2,"parentID":"1021bdf7-243a-4dac-8af4-9b474c75597d","firstParentID":"2b1f991c-4434-4926-b718-6d4db4553d3c","ID":"fe5efd75-7640-495e-96a8-f1532dc1b1b8","childs":null,"emcosID":null,"emcosMLID":null,"codMaketTEP":null,"codTEP":null,"WSName":"DB","rangeAddress":"$BU$267:$BU$304","headAddress":"$BU$267","bodyAddress":"$BU$268:$BU$304","_name":"ручное"},"счетчик":{"_level":2,"parentID":"1021bdf7-243a-4dac-8af4-9b474c75597d","firstParentID":"2b1f991c-4434-4926-b718-6d4db4553d3c","ID":"6e5ee166-c958-4b7e-85e3-6f01ed385d67","childs":null,"emcosID":null,"emcosMLID":null,"codMaketTEP":null,"codTEP":null,"WSName":"DB","rangeAddress":"$BV$267:$BV$304","headAddress":"$BV$267","bodyAddress":"$BV$268:$BV$304","_name":"счетчик"},"по счетчику":{"_level":2,"parentID":"1021bdf7-243a-4dac-8af4-9b474c75597d","firstParentID":"2b1f991c-4434-4926-b718-6d4db4553d3c","ID":"e52668e9-807d-45b2-bce3-f11f8fb8db9b","childs":null,"emcosID":null,"emcosMLID":null,"codMaketTEP":null,"codTEP":null,"WSName":"DB","rangeAddress":"$BW$267:$BW$304","headAddress":"$BW$267","bodyAddress":"$BW$268:$BW$304","_name":"по счетчику"}},"emcosID":null,"emcosMLID":null,"codMaketTEP":null,"codTEP":null,"WSName":"DB","rangeAddress":"$BR$266:$BW$304","headAddress":"$BR$266:$BW$266","bodyAddress":"$BR$267:$BW$304","_name":"прием"}},"emcosID":null,"emcosMLID":null,"codMaketTEP":null,"codTEP":null,"WSName":"DB","rangeAddress":"$BR$265:$BW$304","headAddress":"$BR$265:$BW$265","bodyAddress":"$BR$266:$BW$304","_name":"Л67А Пионерная"}},"codPlan":null,"meterCoef":"3,5","_name":"Л67А Пионерная"}