{"ID":"2b7f8b39-b50a-4748-ae0f-849fdf05002f","childs":{"PS":{"_level":0,"parentID":"2b7f8b39-b50a-4748-ae0f-849fdf05002f","firstParentID":"2b7f8b39-b50a-4748-ae0f-849fdf05002f","ID":"f7ad07a8-5118-4f7d-bfe7-fe19beef8da0","childs":{"отдача":{"_level":1,"parentID":"f7ad07a8-5118-4f7d-bfe7-fe19beef8da0","firstParentID":"2b7f8b39-b50a-4748-ae0f-849fdf05002f","ID":"7e9c8294-f385-4030-a1e3-6c4f14239c1d","childs":{"ручное":{"_level":2,"parentID":"7e9c8294-f385-4030-a1e3-6c4f14239c1d","firstParentID":"2b7f8b39-b50a-4748-ae0f-849fdf05002f","ID":"9b8296bb-6fb3-42ee-8b66-1150a91398d1","childs":null,"emcosID":null,"emcosMLID":null,"codMaketTEP":null,"codTEP":null,"WSName":"PS","rangeAddress":"$AY$228:$AY$264","headAddress":"$AY$228","bodyAddress":"$AY$229:$AY$264","_name":"ручное"},"КОРРЕКТИРОВКА ФАКТ":{"_level":2,"parentID":"7e9c8294-f385-4030-a1e3-6c4f14239c1d","firstParentID":"2b7f8b39-b50a-4748-ae0f-849fdf05002f","ID":"9465ac44-a846-487d-b3e6-005c099a37ec","childs":null,"emcosID":null,"emcosMLID":null,"codMaketTEP":null,"codTEP":null,"WSName":"PS","rangeAddress":"$AZ$228:$AZ$264","headAddress":"$AZ$228","bodyAddress":"$AZ$229:$AZ$264","_name":"КОРРЕКТИРОВКА ФАКТ"}},"emcosID":null,"emcosMLID":null,"codMaketTEP":1412,"codTEP":null,"WSName":"PS","rangeAddress":"$AY$227:$AZ$264","headAddress":"$AY$227:$AZ$227","bodyAddress":"$AY$228:$AZ$264","_name":"отдача"}},"emcosID":null,"emcosMLID":null,"codMaketTEP":null,"codTEP":null,"WSName":"PS","rangeAddress":"$AY$226:$AZ$264","headAddress":"$AY$226:$AZ$226","bodyAddress":"$AY$227:$AZ$264","_name":"Генерация Каскад Каратальских ГЭС ККГЭС"},"DB":{"_level":0,"parentID":"2b7f8b39-b50a-4748-ae0f-849fdf05002f","firstParentID":"2b7f8b39-b50a-4748-ae0f-849fdf05002f","ID":"18d17be4-6528-4839-aef6-13c973e861be","childs":{"отдача":{"_level":1,"parentID":"18d17be4-6528-4839-aef6-13c973e861be","firstParentID":"2b7f8b39-b50a-4748-ae0f-849fdf05002f","ID":"235bb553-2fff-4ecc-89ac-7fe506e2ca13","childs":{"код":{"_level":2,"parentID":"235bb553-2fff-4ecc-89ac-7fe506e2ca13","firstParentID":"2b7f8b39-b50a-4748-ae0f-849fdf05002f","ID":"25785780-fdf0-4aab-a83d-00bed139d22b","childs":null,"emcosID":null,"emcosMLID":null,"codMaketTEP":null,"codTEP":null,"WSName":"DB","rangeAddress":"$ID$224:$ID$261","headAddress":"$ID$224","bodyAddress":"$ID$225:$ID$261","_name":"код"},"основное":{"_level":2,"parentID":"235bb553-2fff-4ecc-89ac-7fe506e2ca13","firstParentID":"2b7f8b39-b50a-4748-ae0f-849fdf05002f","ID":"389c491d-058e-43d1-86ff-1d997d7e2eda","childs":null,"emcosID":null,"emcosMLID":null,"codMaketTEP":null,"codTEP":null,"WSName":"DB","rangeAddress":"$IE$224:$IE$261","headAddress":"$IE$224","bodyAddress":"$IE$225:$IE$261","_name":"основное"},"корректировка факт":{"_level":2,"parentID":"235bb553-2fff-4ecc-89ac-7fe506e2ca13","firstParentID":"2b7f8b39-b50a-4748-ae0f-849fdf05002f","ID":"a358a1e6-2212-4bb5-9880-6dc7e663dc95","childs":null,"emcosID":null,"emcosMLID":null,"codMaketTEP":null,"codTEP":null,"WSName":"DB","rangeAddress":"$IF$224:$IF$261","headAddress":"$IF$224","bodyAddress":"$IF$225:$IF$261","_name":"корректировка факт"},"ручное":{"_level":2,"parentID":"235bb553-2fff-4ecc-89ac-7fe506e2ca13","firstParentID":"2b7f8b39-b50a-4748-ae0f-849fdf05002f","ID":"c1b7529d-f765-4d01-93c6-1a92f00b16a0","childs":null,"emcosID":null,"emcosMLID":null,"codMaketTEP":null,"codTEP":null,"WSName":"DB","rangeAddress":"$IG$224:$IG$261","headAddress":"$IG$224","bodyAddress":"$IG$225:$IG$261","_name":"ручное"}},"emcosID":null,"emcosMLID":null,"codMaketTEP":null,"codTEP":null,"WSName":"DB","rangeAddress":"$ID$223:$IG$261","headAddress":"$ID$223:$IG$223","bodyAddress":"$ID$224:$IG$261","_name":"отдача"}},"emcosID":null,"emcosMLID":null,"codMaketTEP":null,"codTEP":null,"WSName":"DB","rangeAddress":"$ID$222:$IG$261","headAddress":"$ID$222:$IG$222","bodyAddress":"$ID$223:$IG$261","_name":"Генерация Каскад Каратальских ГЭС ККГЭС"}},"codPlan":null,"meterCoef":null,"_name":"Генерация Каскад Каратальских ГЭС ККГЭС"}