{"ID":"3023d843-ca96-4996-acad-c4031fde4d66","childs":{"PS":{"_level":0,"parentID":"3023d843-ca96-4996-acad-c4031fde4d66","firstParentID":"3023d843-ca96-4996-acad-c4031fde4d66","ID":"a77bb8eb-da5e-4977-b4be-83cbe8e8c048","childs":{"отдача":{"_level":1,"parentID":"a77bb8eb-da5e-4977-b4be-83cbe8e8c048","firstParentID":"3023d843-ca96-4996-acad-c4031fde4d66","ID":"b1a4495c-5149-471a-a6fc-7b07772d2e60","childs":{"по счетчику":{"_level":2,"parentID":"b1a4495c-5149-471a-a6fc-7b07772d2e60","firstParentID":"3023d843-ca96-4996-acad-c4031fde4d66","ID":"80bcbfc6-4f90-4fa8-9723-da7a7645bcde","childs":null,"emcosID":null,"emcosMLID":null,"codMaketTEP":null,"codTEP":null,"WSName":"PS","rangeAddress":"$FG$99:$FG$135","headAddress":"$FG$99","bodyAddress":"$FG$100:$FG$135","_name":"по счетчику"},"СЧЕТЧИК":{"_level":2,"parentID":"b1a4495c-5149-471a-a6fc-7b07772d2e60","firstParentID":"3023d843-ca96-4996-acad-c4031fde4d66","ID":"f2dc09a4-d4db-42ac-86c8-897510857b8a","childs":null,"emcosID":null,"emcosMLID":null,"codMaketTEP":null,"codTEP":null,"WSName":"PS","rangeAddress":"$FH$99:$FH$135","headAddress":"$FH$99","bodyAddress":"$FH$100:$FH$135","_name":"СЧЕТЧИК"}},"emcosID":null,"emcosMLID":null,"codMaketTEP":null,"codTEP":null,"WSName":"PS","rangeAddress":"$FG$98:$FH$135","headAddress":"$FG$98:$FH$98","bodyAddress":"$FG$99:$FH$135","_name":"отдача"}},"emcosID":null,"emcosMLID":null,"codMaketTEP":null,"codTEP":null,"WSName":"PS","rangeAddress":"$FG$97:$FH$135","headAddress":"$FG$97:$FH$97","bodyAddress":"$FG$98:$FH$135","_name":"КЛ59 ПС152 Талдыкорган"},"DB":{"_level":0,"parentID":"3023d843-ca96-4996-acad-c4031fde4d66","firstParentID":"3023d843-ca96-4996-acad-c4031fde4d66","ID":"be7ef5df-087f-43cc-a098-d14ad3940c8d","childs":{"отдача":{"_level":1,"parentID":"be7ef5df-087f-43cc-a098-d14ad3940c8d","firstParentID":"3023d843-ca96-4996-acad-c4031fde4d66","ID":"9be3f219-390d-435b-991a-bf0f8b90b080","childs":{"код":{"_level":2,"parentID":"9be3f219-390d-435b-991a-bf0f8b90b080","firstParentID":"3023d843-ca96-4996-acad-c4031fde4d66","ID":"c73bcf44-a620-4a4b-96a5-2951265aaed5","childs":null,"emcosID":null,"emcosMLID":null,"codMaketTEP":null,"codTEP":null,"WSName":"DB","rangeAddress":"$EM$525:$EM$562","headAddress":"$EM$525","bodyAddress":"$EM$526:$EM$562","_name":"код"},"основное":{"_level":2,"parentID":"9be3f219-390d-435b-991a-bf0f8b90b080","firstParentID":"3023d843-ca96-4996-acad-c4031fde4d66","ID":"11741b3c-18ce-494b-87e9-276586109ea8","childs":null,"emcosID":null,"emcosMLID":null,"codMaketTEP":null,"codTEP":null,"WSName":"DB","rangeAddress":"$EN$525:$EN$562","headAddress":"$EN$525","bodyAddress":"$EN$526:$EN$562","_name":"основное"},"корректировка факт":{"_level":2,"parentID":"9be3f219-390d-435b-991a-bf0f8b90b080","firstParentID":"3023d843-ca96-4996-acad-c4031fde4d66","ID":"2280f7d4-363f-4cb7-8a21-f7ab3700bc5a","childs":null,"emcosID":null,"emcosMLID":null,"codMaketTEP":null,"codTEP":null,"WSName":"DB","rangeAddress":"$EO$525:$EO$562","headAddress":"$EO$525","bodyAddress":"$EO$526:$EO$562","_name":"корректировка факт"},"ручное":{"_level":2,"parentID":"9be3f219-390d-435b-991a-bf0f8b90b080","firstParentID":"3023d843-ca96-4996-acad-c4031fde4d66","ID":"80692ea0-e3f6-40d8-8d2f-455a462d0b32","childs":null,"emcosID":null,"emcosMLID":null,"codMaketTEP":null,"codTEP":null,"WSName":"DB","rangeAddress":"$EP$525:$EP$562","headAddress":"$EP$525","bodyAddress":"$EP$526:$EP$562","_name":"ручное"},"счетчик":{"_level":2,"parentID":"9be3f219-390d-435b-991a-bf0f8b90b080","firstParentID":"3023d843-ca96-4996-acad-c4031fde4d66","ID":"ab4391f7-7092-4c3e-828a-6549ef823b39","childs":null,"emcosID":null,"emcosMLID":null,"codMaketTEP":null,"codTEP":null,"WSName":"DB","rangeAddress":"$EQ$525:$EQ$562","headAddress":"$EQ$525","bodyAddress":"$EQ$526:$EQ$562","_name":"счетчик"},"по счетчику":{"_level":2,"parentID":"9be3f219-390d-435b-991a-bf0f8b90b080","firstParentID":"3023d843-ca96-4996-acad-c4031fde4d66","ID":"bf07e312-2783-47d3-850e-dcbc0e730220","childs":null,"emcosID":null,"emcosMLID":null,"codMaketTEP":null,"codTEP":null,"WSName":"DB","rangeAddress":"$ER$525:$ER$562","headAddress":"$ER$525","bodyAddress":"$ER$526:$ER$562","_name":"по счетчику"}},"emcosID":null,"emcosMLID":null,"codMaketTEP":null,"codTEP":null,"WSName":"DB","rangeAddress":"$EM$524:$ER$562","headAddress":"$EM$524:$ER$524","bodyAddress":"$EM$525:$ER$562","_name":"отдача"}},"emcosID":null,"emcosMLID":null,"codMaketTEP":null,"codTEP":null,"WSName":"DB","rangeAddress":"$EM$523:$ER$562","headAddress":"$EM$523:$ER$523","bodyAddress":"$EM$524:$ER$562","_name":"КЛ59 ПС152 Талдыкорган"}},"codPlan":null,"meterCoef":"4","_name":"КЛ59 ПС152 Талдыкорган"}