{"ID":"3174ee57-2266-4ea4-9970-0aa735015fa0","childs":{"PS":{"_level":0,"parentID":"3174ee57-2266-4ea4-9970-0aa735015fa0","firstParentID":"3174ee57-2266-4ea4-9970-0aa735015fa0","ID":"8b63b4ac-a584-4792-a65d-9bf45967056c","childs":{"отдача":{"_level":1,"parentID":"8b63b4ac-a584-4792-a65d-9bf45967056c","firstParentID":"3174ee57-2266-4ea4-9970-0aa735015fa0","ID":"0be8562a-451d-4506-a9d1-5f321ba3fb23","childs":{"оперативное":{"_level":2,"parentID":"0be8562a-451d-4506-a9d1-5f321ba3fb23","firstParentID":"3174ee57-2266-4ea4-9970-0aa735015fa0","ID":"e4032e2e-7ab9-44c9-92c6-5de88e5fb9f4","childs":null,"emcosID":null,"emcosMLID":null,"codMaketTEP":null,"codTEP":null,"WSName":"PS","rangeAddress":"$CC$185:$CC$221","headAddress":"$CC$185","bodyAddress":"$CC$186:$CC$221","_name":"оперативное"}},"emcosID":null,"emcosMLID":null,"codMaketTEP":null,"codTEP":null,"WSName":"PS","rangeAddress":"$CC$184:$CC$221","headAddress":"$CC$184","bodyAddress":"$CC$185:$CC$221","_name":"отдача"},"план":{"_level":1,"parentID":"8b63b4ac-a584-4792-a65d-9bf45967056c","firstParentID":"3174ee57-2266-4ea4-9970-0aa735015fa0","ID":"84ee1bcc-184e-4577-82d4-c11c7c6325ff","childs":{"заявка":{"_level":2,"parentID":"84ee1bcc-184e-4577-82d4-c11c7c6325ff","firstParentID":"3174ee57-2266-4ea4-9970-0aa735015fa0","ID":"30765174-759b-4835-bcec-f2e7a84f06d0","childs":null,"emcosID":null,"emcosMLID":null,"codMaketTEP":null,"codTEP":null,"WSName":"PS","rangeAddress":"$CD$185:$CD$221","headAddress":"$CD$185","bodyAddress":"$CD$186:$CD$221","_name":"заявка"}},"emcosID":null,"emcosMLID":null,"codMaketTEP":null,"codTEP":null,"WSName":"PS","rangeAddress":"$CD$184:$CD$221","headAddress":"$CD$184","bodyAddress":"$CD$185:$CD$221","_name":"план"}},"emcosID":null,"emcosMLID":null,"codMaketTEP":null,"codTEP":null,"WSName":"PS","rangeAddress":"$CC$183:$CD$221","headAddress":"$CC$183:$CD$183","bodyAddress":"$CC$184:$CD$221","_name":"Генерация Энергия Семиречья"},"DB":{"_level":0,"parentID":"3174ee57-2266-4ea4-9970-0aa735015fa0","firstParentID":"3174ee57-2266-4ea4-9970-0aa735015fa0","ID":"6a1aea0c-a28c-4d8a-9197-8f311b57b7c3","childs":{"отдача":{"_level":1,"parentID":"6a1aea0c-a28c-4d8a-9197-8f311b57b7c3","firstParentID":"3174ee57-2266-4ea4-9970-0aa735015fa0","ID":"ce977f0f-98f4-4267-80b4-b93ab4769ffd","childs":{"код":{"_level":2,"parentID":"ce977f0f-98f4-4267-80b4-b93ab4769ffd","firstParentID":"3174ee57-2266-4ea4-9970-0aa735015fa0","ID":"946d5c33-e14f-402d-9a32-99c7809cd2f7","childs":null,"emcosID":null,"emcosMLID":null,"codMaketTEP":null,"codTEP":null,"WSName":"DB","rangeAddress":"$FW$482:$FW$519","headAddress":"$FW$482","bodyAddress":"$FW$483:$FW$519","_name":"код"},"основное":{"_level":2,"parentID":"ce977f0f-98f4-4267-80b4-b93ab4769ffd","firstParentID":"3174ee57-2266-4ea4-9970-0aa735015fa0","ID":"bbae3c6b-5f82-47a2-a9be-ce1866712dcf","childs":null,"emcosID":null,"emcosMLID":null,"codMaketTEP":null,"codTEP":null,"WSName":"DB","rangeAddress":"$FX$482:$FX$519","headAddress":"$FX$482","bodyAddress":"$FX$483:$FX$519","_name":"основное"},"корректировка факт":{"_level":2,"parentID":"ce977f0f-98f4-4267-80b4-b93ab4769ffd","firstParentID":"3174ee57-2266-4ea4-9970-0aa735015fa0","ID":"206f03c8-bfc3-4666-b9f1-0828f86e8316","childs":null,"emcosID":null,"emcosMLID":null,"codMaketTEP":null,"codTEP":null,"WSName":"DB","rangeAddress":"$FY$482:$FY$519","headAddress":"$FY$482","bodyAddress":"$FY$483:$FY$519","_name":"корректировка факт"},"ручное":{"_level":2,"parentID":"ce977f0f-98f4-4267-80b4-b93ab4769ffd","firstParentID":"3174ee57-2266-4ea4-9970-0aa735015fa0","ID":"8803aa91-929c-4ea3-8117-39ae3d00a711","childs":null,"emcosID":null,"emcosMLID":null,"codMaketTEP":null,"codTEP":null,"WSName":"DB","rangeAddress":"$FZ$482:$FZ$519","headAddress":"$FZ$482","bodyAddress":"$FZ$483:$FZ$519","_name":"ручное"},"оперативное":{"_level":2,"parentID":"ce977f0f-98f4-4267-80b4-b93ab4769ffd","firstParentID":"3174ee57-2266-4ea4-9970-0aa735015fa0","ID":"5f476785-ca30-42ba-8a2f-ea0665340542","childs":null,"emcosID":null,"emcosMLID":null,"codMaketTEP":null,"codTEP":null,"WSName":"DB","rangeAddress":"$GA$482:$GA$519","headAddress":"$GA$482","bodyAddress":"$GA$483:$GA$519","_name":"оперативное"},"по плану":{"_level":2,"parentID":"ce977f0f-98f4-4267-80b4-b93ab4769ffd","firstParentID":"3174ee57-2266-4ea4-9970-0aa735015fa0","ID":"68a3fc4f-efb4-473f-91d0-c8df8149a956","childs":null,"emcosID":null,"emcosMLID":null,"codMaketTEP":null,"codTEP":null,"WSName":"DB","rangeAddress":"$GB$482:$GB$519","headAddress":"$GB$482","bodyAddress":"$GB$483:$GB$519","_name":"по плану"}},"emcosID":null,"emcosMLID":null,"codMaketTEP":null,"codTEP":null,"WSName":"DB","rangeAddress":"$FW$481:$GB$519","headAddress":"$FW$481:$GB$481","bodyAddress":"$FW$482:$GB$519","_name":"отдача"},"план":{"_level":1,"parentID":"6a1aea0c-a28c-4d8a-9197-8f311b57b7c3","firstParentID":"3174ee57-2266-4ea4-9970-0aa735015fa0","ID":"6d8aa43b-5b7e-4570-bed0-d2a5c497ca48","childs":{"код":{"_level":2,"parentID":"6d8aa43b-5b7e-4570-bed0-d2a5c497ca48","firstParentID":"3174ee57-2266-4ea4-9970-0aa735015fa0","ID":"d5e751ee-6a9f-436b-8c2e-8f5d69b484b5","childs":null,"emcosID":null,"emcosMLID":null,"codMaketTEP":null,"codTEP":null,"WSName":"DB","rangeAddress":"$GC$482:$GC$519","headAddress":"$GC$482","bodyAddress":"$GC$483:$GC$519","_name":"код"},"основное":{"_level":2,"parentID":"6d8aa43b-5b7e-4570-bed0-d2a5c497ca48","firstParentID":"3174ee57-2266-4ea4-9970-0aa735015fa0","ID":"b340655a-d9bf-484f-a71a-a666913931e2","childs":null,"emcosID":null,"emcosMLID":null,"codMaketTEP":null,"codTEP":null,"WSName":"DB","rangeAddress":"$GD$482:$GD$519","headAddress":"$GD$482","bodyAddress":"$GD$483:$GD$519","_name":"основное"},"заявка":{"_level":2,"parentID":"6d8aa43b-5b7e-4570-bed0-d2a5c497ca48","firstParentID":"3174ee57-2266-4ea4-9970-0aa735015fa0","ID":"6ac03353-4481-42c9-b2ec-12183076f015","childs":null,"emcosID":null,"emcosMLID":null,"codMaketTEP":null,"codTEP":null,"WSName":"DB","rangeAddress":"$GE$482:$GE$519","headAddress":"$GE$482","bodyAddress":"$GE$483:$GE$519","_name":"заявка"},"утвержденный":{"_level":2,"parentID":"6d8aa43b-5b7e-4570-bed0-d2a5c497ca48","firstParentID":"3174ee57-2266-4ea4-9970-0aa735015fa0","ID":"56680698-1ab6-4009-b6d2-95eb1eb5b3ea","childs":null,"emcosID":null,"emcosMLID":null,"codMaketTEP":null,"codTEP":null,"WSName":"DB","rangeAddress":"$GF$482:$GF$519","headAddress":"$GF$482","bodyAddress":"$GF$483:$GF$519","_name":"утвержденный"},"корректировка":{"_level":2,"parentID":"6d8aa43b-5b7e-4570-bed0-d2a5c497ca48","firstParentID":"3174ee57-2266-4ea4-9970-0aa735015fa0","ID":"bd3280f4-4d75-4f9a-a034-ee910370d4c0","childs":null,"emcosID":null,"emcosMLID":null,"codMaketTEP":null,"codTEP":null,"WSName":"DB","rangeAddress":"$GG$482:$GG$519","headAddress":"$GG$482","bodyAddress":"$GG$483:$GG$519","_name":"корректировка"}},"emcosID":null,"emcosMLID":null,"codMaketTEP":null,"codTEP":null,"WSName":"DB","rangeAddress":"$GC$481:$GG$519","headAddress":"$GC$481:$GG$481","bodyAddress":"$GC$482:$GG$519","_name":"план"}},"emcosID":null,"emcosMLID":null,"codMaketTEP":null,"codTEP":null,"WSName":"DB","rangeAddress":"$FW$480:$GG$519","headAddress":"$FW$480:$GG$480","bodyAddress":"$FW$481:$GG$519","_name":"Генерация Энергия Семиречья"}},"codPlan":121,"meterCoef":null,"_name":"Генерация Энергия Семиречья"}