{"ID":"3187e2fd-c30a-4b51-9d75-5b997d7f4216","childs":{"PS":{"_level":0,"parentID":"3187e2fd-c30a-4b51-9d75-5b997d7f4216","firstParentID":"3187e2fd-c30a-4b51-9d75-5b997d7f4216","ID":"b250f6f0-3095-4639-a405-9ae971147123","childs":{"прием":{"_level":1,"parentID":"b250f6f0-3095-4639-a405-9ae971147123","firstParentID":"3187e2fd-c30a-4b51-9d75-5b997d7f4216","ID":"7b88b0e5-9a3e-43b3-a121-3f6977a79de9","childs":{"по плану":{"_level":2,"parentID":"7b88b0e5-9a3e-43b3-a121-3f6977a79de9","firstParentID":"3187e2fd-c30a-4b51-9d75-5b997d7f4216","ID":"89e79683-eedd-4611-a5ab-6bd5efbb5bdd","childs":null,"emcosID":null,"emcosMLID":null,"codMaketTEP":null,"codTEP":null,"WSName":"PS","rangeAddress":"$AB$228:$AB$264","headAddress":"$AB$228","bodyAddress":"$AB$229:$AB$264","_name":"по плану"}},"emcosID":null,"emcosMLID":null,"codMaketTEP":1480,"codTEP":null,"WSName":"PS","rangeAddress":"$AB$227:$AB$264","headAddress":"$AB$227","bodyAddress":"$AB$228:$AB$264","_name":"прием"},"план":{"_level":1,"parentID":"b250f6f0-3095-4639-a405-9ae971147123","firstParentID":"3187e2fd-c30a-4b51-9d75-5b997d7f4216","ID":"556ffefe-cec1-45ae-9b9e-cf0db119b41b","childs":{"заявка":{"_level":2,"parentID":"556ffefe-cec1-45ae-9b9e-cf0db119b41b","firstParentID":"3187e2fd-c30a-4b51-9d75-5b997d7f4216","ID":"32c34a98-1692-454c-bfc7-6ada7583144d","childs":null,"emcosID":null,"emcosMLID":null,"codMaketTEP":null,"codTEP":null,"WSName":"PS","rangeAddress":"$AC$228:$AC$264","headAddress":"$AC$228","bodyAddress":"$AC$229:$AC$264","_name":"заявка"}},"emcosID":null,"emcosMLID":null,"codMaketTEP":null,"codTEP":null,"WSName":"PS","rangeAddress":"$AC$227:$AC$264","headAddress":"$AC$227","bodyAddress":"$AC$228:$AC$264","_name":"план"}},"emcosID":null,"emcosMLID":null,"codMaketTEP":null,"codTEP":null,"WSName":"PS","rangeAddress":"$AB$226:$AC$264","headAddress":"$AB$226:$AC$226","bodyAddress":"$AB$227:$AC$264","_name":"ДМС хоз нужды КТЖ Жетысу"},"DB":{"_level":0,"parentID":"3187e2fd-c30a-4b51-9d75-5b997d7f4216","firstParentID":"3187e2fd-c30a-4b51-9d75-5b997d7f4216","ID":"e25ac7a8-b8d0-49ea-ac20-231acf8db41d","childs":{"прием":{"_level":1,"parentID":"e25ac7a8-b8d0-49ea-ac20-231acf8db41d","firstParentID":"3187e2fd-c30a-4b51-9d75-5b997d7f4216","ID":"63b8d2f8-fee1-4478-91d5-e802e72a07cf","childs":{"код":{"_level":2,"parentID":"63b8d2f8-fee1-4478-91d5-e802e72a07cf","firstParentID":"3187e2fd-c30a-4b51-9d75-5b997d7f4216","ID":"81c4ca7e-9959-42e1-b6d8-1378e3ba681f","childs":null,"emcosID":null,"emcosMLID":null,"codMaketTEP":null,"codTEP":null,"WSName":"DB","rangeAddress":"$I$439:$I$476","headAddress":"$I$439","bodyAddress":"$I$440:$I$476","_name":"код"},"основное":{"_level":2,"parentID":"63b8d2f8-fee1-4478-91d5-e802e72a07cf","firstParentID":"3187e2fd-c30a-4b51-9d75-5b997d7f4216","ID":"105aeb06-6fd5-4c6c-8a4f-d0247b15c105","childs":null,"emcosID":null,"emcosMLID":null,"codMaketTEP":null,"codTEP":null,"WSName":"DB","rangeAddress":"$J$439:$J$476","headAddress":"$J$439","bodyAddress":"$J$440:$J$476","_name":"основное"},"корректировка факт":{"_level":2,"parentID":"63b8d2f8-fee1-4478-91d5-e802e72a07cf","firstParentID":"3187e2fd-c30a-4b51-9d75-5b997d7f4216","ID":"83cad482-6c3f-469f-a60e-a378b568a3a1","childs":null,"emcosID":null,"emcosMLID":null,"codMaketTEP":null,"codTEP":null,"WSName":"DB","rangeAddress":"$K$439:$K$476","headAddress":"$K$439","bodyAddress":"$K$440:$K$476","_name":"корректировка факт"},"ручное":{"_level":2,"parentID":"63b8d2f8-fee1-4478-91d5-e802e72a07cf","firstParentID":"3187e2fd-c30a-4b51-9d75-5b997d7f4216","ID":"e35b4097-f6dd-4e47-b760-309bb646b0b5","childs":null,"emcosID":null,"emcosMLID":null,"codMaketTEP":null,"codTEP":null,"WSName":"DB","rangeAddress":"$L$439:$L$476","headAddress":"$L$439","bodyAddress":"$L$440:$L$476","_name":"ручное"},"по плану":{"_level":2,"parentID":"63b8d2f8-fee1-4478-91d5-e802e72a07cf","firstParentID":"3187e2fd-c30a-4b51-9d75-5b997d7f4216","ID":"33f68155-cdff-4259-9226-4d633899fb41","childs":null,"emcosID":null,"emcosMLID":null,"codMaketTEP":null,"codTEP":null,"WSName":"DB","rangeAddress":"$M$439:$M$476","headAddress":"$M$439","bodyAddress":"$M$440:$M$476","_name":"по плану"}},"emcosID":null,"emcosMLID":null,"codMaketTEP":null,"codTEP":null,"WSName":"DB","rangeAddress":"$I$438:$M$476","headAddress":"$I$438:$M$438","bodyAddress":"$I$439:$M$476","_name":"прием"},"план":{"_level":1,"parentID":"e25ac7a8-b8d0-49ea-ac20-231acf8db41d","firstParentID":"3187e2fd-c30a-4b51-9d75-5b997d7f4216","ID":"d8ace494-0e18-43f6-955d-a641303e1520","childs":{"код":{"_level":2,"parentID":"d8ace494-0e18-43f6-955d-a641303e1520","firstParentID":"3187e2fd-c30a-4b51-9d75-5b997d7f4216","ID":"9407cf60-a94c-4ea9-979c-11d29187a6ef","childs":null,"emcosID":null,"emcosMLID":null,"codMaketTEP":null,"codTEP":null,"WSName":"DB","rangeAddress":"$N$439:$N$476","headAddress":"$N$439","bodyAddress":"$N$440:$N$476","_name":"код"},"основное":{"_level":2,"parentID":"d8ace494-0e18-43f6-955d-a641303e1520","firstParentID":"3187e2fd-c30a-4b51-9d75-5b997d7f4216","ID":"f1103e54-5eff-487d-b1a1-f810b6ab7f84","childs":null,"emcosID":null,"emcosMLID":null,"codMaketTEP":null,"codTEP":null,"WSName":"DB","rangeAddress":"$O$439:$O$476","headAddress":"$O$439","bodyAddress":"$O$440:$O$476","_name":"основное"},"заявка":{"_level":2,"parentID":"d8ace494-0e18-43f6-955d-a641303e1520","firstParentID":"3187e2fd-c30a-4b51-9d75-5b997d7f4216","ID":"d9e6cff1-12b1-4fce-a9e5-e1dbb9985ea3","childs":null,"emcosID":null,"emcosMLID":null,"codMaketTEP":null,"codTEP":null,"WSName":"DB","rangeAddress":"$P$439:$P$476","headAddress":"$P$439","bodyAddress":"$P$440:$P$476","_name":"заявка"},"утвержденный":{"_level":2,"parentID":"d8ace494-0e18-43f6-955d-a641303e1520","firstParentID":"3187e2fd-c30a-4b51-9d75-5b997d7f4216","ID":"3390c629-bfa0-4a5a-b055-74a4cfbad815","childs":null,"emcosID":null,"emcosMLID":null,"codMaketTEP":null,"codTEP":null,"WSName":"DB","rangeAddress":"$Q$439:$Q$476","headAddress":"$Q$439","bodyAddress":"$Q$440:$Q$476","_name":"утвержденный"},"корректировка":{"_level":2,"parentID":"d8ace494-0e18-43f6-955d-a641303e1520","firstParentID":"3187e2fd-c30a-4b51-9d75-5b997d7f4216","ID":"c6eaaa56-9f48-45c0-a29d-a885303dda54","childs":null,"emcosID":null,"emcosMLID":null,"codMaketTEP":null,"codTEP":null,"WSName":"DB","rangeAddress":"$R$439:$R$476","headAddress":"$R$439","bodyAddress":"$R$440:$R$476","_name":"корректировка"}},"emcosID":null,"emcosMLID":null,"codMaketTEP":null,"codTEP":null,"WSName":"DB","rangeAddress":"$N$438:$R$476","headAddress":"$N$438:$R$438","bodyAddress":"$N$439:$R$476","_name":"план"}},"emcosID":null,"emcosMLID":null,"codMaketTEP":null,"codTEP":null,"WSName":"DB","rangeAddress":"$I$437:$R$476","headAddress":"$I$437:$R$437","bodyAddress":"$I$438:$R$476","_name":"ДМС хоз нужды КТЖ Жетысу"}},"codPlan":117,"meterCoef":null,"_name":"ДМС хоз нужды КТЖ Жетысу"}