{"ID":"3330f327-93a1-4295-992a-62894eb52838","childs":{"PS":{"_level":0,"parentID":"3330f327-93a1-4295-992a-62894eb52838","firstParentID":"3330f327-93a1-4295-992a-62894eb52838","ID":"404f9562-98a5-4fe8-ae80-8a4593dd210a","childs":{"прием":{"_level":1,"parentID":"404f9562-98a5-4fe8-ae80-8a4593dd210a","firstParentID":"3330f327-93a1-4295-992a-62894eb52838","ID":"288e623e-0afe-4f8a-a03b-ca7b169c736b","childs":{"по плану":{"_level":2,"parentID":"288e623e-0afe-4f8a-a03b-ca7b169c736b","firstParentID":"3330f327-93a1-4295-992a-62894eb52838","ID":"e4e1110e-adab-41d1-a273-21a9e15e892c","childs":null,"emcosID":null,"emcosMLID":null,"codMaketTEP":null,"codTEP":null,"WSName":"PS","rangeAddress":"$AS$228:$AS$264","headAddress":"$AS$228","bodyAddress":"$AS$229:$AS$264","_name":"по плану"}},"emcosID":null,"emcosMLID":null,"codMaketTEP":1482,"codTEP":null,"WSName":"PS","rangeAddress":"$AS$227:$AS$264","headAddress":"$AS$227","bodyAddress":"$AS$228:$AS$264","_name":"прием"},"план":{"_level":1,"parentID":"404f9562-98a5-4fe8-ae80-8a4593dd210a","firstParentID":"3330f327-93a1-4295-992a-62894eb52838","ID":"ba4a2d5c-dbfe-4a40-8cd0-f85118d3d4a4","childs":{"заявка":{"_level":2,"parentID":"ba4a2d5c-dbfe-4a40-8cd0-f85118d3d4a4","firstParentID":"3330f327-93a1-4295-992a-62894eb52838","ID":"28b7a772-7b8c-428c-94e8-4ebb44b9decf","childs":null,"emcosID":null,"emcosMLID":null,"codMaketTEP":null,"codTEP":null,"WSName":"PS","rangeAddress":"$AT$228:$AT$264","headAddress":"$AT$228","bodyAddress":"$AT$229:$AT$264","_name":"заявка"}},"emcosID":null,"emcosMLID":null,"codMaketTEP":null,"codTEP":null,"WSName":"PS","rangeAddress":"$AT$227:$AT$264","headAddress":"$AT$227","bodyAddress":"$AT$228:$AT$264","_name":"план"}},"emcosID":null,"emcosMLID":null,"codMaketTEP":null,"codTEP":null,"WSName":"PS","rangeAddress":"$AS$226:$AT$264","headAddress":"$AS$226:$AT$226","bodyAddress":"$AS$227:$AT$264","_name":"Производственные нужды Текелиский ТЭЦ2 ТТЭЦ2"},"DB":{"_level":0,"parentID":"3330f327-93a1-4295-992a-62894eb52838","firstParentID":"3330f327-93a1-4295-992a-62894eb52838","ID":"72f222f2-b8a7-4b62-acd2-6879b63a0c2d","childs":{"прием":{"_level":1,"parentID":"72f222f2-b8a7-4b62-acd2-6879b63a0c2d","firstParentID":"3330f327-93a1-4295-992a-62894eb52838","ID":"9cbd37c1-f40e-4ef1-8190-8db43e1b202b","childs":{"код":{"_level":2,"parentID":"9cbd37c1-f40e-4ef1-8190-8db43e1b202b","firstParentID":"3330f327-93a1-4295-992a-62894eb52838","ID":"7ef6f9af-e579-4bd4-8a9a-1ce3cdcbe26d","childs":null,"emcosID":null,"emcosMLID":null,"codMaketTEP":null,"codTEP":null,"WSName":"DB","rangeAddress":"$AG$568:$AG$605","headAddress":"$AG$568","bodyAddress":"$AG$569:$AG$605","_name":"код"},"основное":{"_level":2,"parentID":"9cbd37c1-f40e-4ef1-8190-8db43e1b202b","firstParentID":"3330f327-93a1-4295-992a-62894eb52838","ID":"73a3ea22-65b9-405e-8b7b-800872246365","childs":null,"emcosID":null,"emcosMLID":null,"codMaketTEP":null,"codTEP":null,"WSName":"DB","rangeAddress":"$AH$568:$AH$605","headAddress":"$AH$568","bodyAddress":"$AH$569:$AH$605","_name":"основное"},"корректировка факт":{"_level":2,"parentID":"9cbd37c1-f40e-4ef1-8190-8db43e1b202b","firstParentID":"3330f327-93a1-4295-992a-62894eb52838","ID":"8d0b360d-4665-4b23-a121-85ecb44e860e","childs":null,"emcosID":null,"emcosMLID":null,"codMaketTEP":null,"codTEP":null,"WSName":"DB","rangeAddress":"$AI$568:$AI$605","headAddress":"$AI$568","bodyAddress":"$AI$569:$AI$605","_name":"корректировка факт"},"ручное":{"_level":2,"parentID":"9cbd37c1-f40e-4ef1-8190-8db43e1b202b","firstParentID":"3330f327-93a1-4295-992a-62894eb52838","ID":"087adba8-e893-4409-aec6-f904deb6acec","childs":null,"emcosID":null,"emcosMLID":null,"codMaketTEP":null,"codTEP":null,"WSName":"DB","rangeAddress":"$AJ$568:$AJ$605","headAddress":"$AJ$568","bodyAddress":"$AJ$569:$AJ$605","_name":"ручное"},"по плану":{"_level":2,"parentID":"9cbd37c1-f40e-4ef1-8190-8db43e1b202b","firstParentID":"3330f327-93a1-4295-992a-62894eb52838","ID":"a1ce90c2-f340-4345-bac8-812a973f5535","childs":null,"emcosID":null,"emcosMLID":null,"codMaketTEP":null,"codTEP":null,"WSName":"DB","rangeAddress":"$AK$568:$AK$605","headAddress":"$AK$568","bodyAddress":"$AK$569:$AK$605","_name":"по плану"},"оперативное":{"_level":2,"parentID":"9cbd37c1-f40e-4ef1-8190-8db43e1b202b","firstParentID":"3330f327-93a1-4295-992a-62894eb52838","ID":"f2c38693-2018-4976-b858-4297a7107336","childs":null,"emcosID":null,"emcosMLID":null,"codMaketTEP":null,"codTEP":null,"WSName":"DB","rangeAddress":"$AL$568:$AL$605","headAddress":"$AL$568","bodyAddress":"$AL$569:$AL$605","_name":"оперативное"}},"emcosID":null,"emcosMLID":null,"codMaketTEP":null,"codTEP":null,"WSName":"DB","rangeAddress":"$AG$567:$AL$605","headAddress":"$AG$567:$AL$567","bodyAddress":"$AG$568:$AL$605","_name":"прием"},"план":{"_level":1,"parentID":"72f222f2-b8a7-4b62-acd2-6879b63a0c2d","firstParentID":"3330f327-93a1-4295-992a-62894eb52838","ID":"cf8d3de8-1750-4799-9179-81129fdaedfc","childs":{"код":{"_level":2,"parentID":"cf8d3de8-1750-4799-9179-81129fdaedfc","firstParentID":"3330f327-93a1-4295-992a-62894eb52838","ID":"c37a9734-1b6b-4048-9e94-b8a2d622bba1","childs":null,"emcosID":null,"emcosMLID":null,"codMaketTEP":null,"codTEP":null,"WSName":"DB","rangeAddress":"$AM$568:$AM$605","headAddress":"$AM$568","bodyAddress":"$AM$569:$AM$605","_name":"код"},"основное":{"_level":2,"parentID":"cf8d3de8-1750-4799-9179-81129fdaedfc","firstParentID":"3330f327-93a1-4295-992a-62894eb52838","ID":"b0abc502-49ac-45e4-82c1-5f9fe8abd607","childs":null,"emcosID":null,"emcosMLID":null,"codMaketTEP":null,"codTEP":null,"WSName":"DB","rangeAddress":"$AN$568:$AN$605","headAddress":"$AN$568","bodyAddress":"$AN$569:$AN$605","_name":"основное"},"заявка":{"_level":2,"parentID":"cf8d3de8-1750-4799-9179-81129fdaedfc","firstParentID":"3330f327-93a1-4295-992a-62894eb52838","ID":"737abcb9-352f-4431-8cd4-13bc81f740ec","childs":null,"emcosID":null,"emcosMLID":null,"codMaketTEP":null,"codTEP":null,"WSName":"DB","rangeAddress":"$AO$568:$AO$605","headAddress":"$AO$568","bodyAddress":"$AO$569:$AO$605","_name":"заявка"},"утвержденный":{"_level":2,"parentID":"cf8d3de8-1750-4799-9179-81129fdaedfc","firstParentID":"3330f327-93a1-4295-992a-62894eb52838","ID":"cccb46a6-260a-4990-9293-bac5cccf2a6f","childs":null,"emcosID":null,"emcosMLID":null,"codMaketTEP":null,"codTEP":null,"WSName":"DB","rangeAddress":"$AP$568:$AP$605","headAddress":"$AP$568","bodyAddress":"$AP$569:$AP$605","_name":"утвержденный"},"корректировка":{"_level":2,"parentID":"cf8d3de8-1750-4799-9179-81129fdaedfc","firstParentID":"3330f327-93a1-4295-992a-62894eb52838","ID":"a631509d-306a-4bbb-9e64-e688372594c5","childs":null,"emcosID":null,"emcosMLID":null,"codMaketTEP":null,"codTEP":null,"WSName":"DB","rangeAddress":"$AQ$568:$AQ$605","headAddress":"$AQ$568","bodyAddress":"$AQ$569:$AQ$605","_name":"корректировка"}},"emcosID":null,"emcosMLID":null,"codMaketTEP":null,"codTEP":null,"WSName":"DB","rangeAddress":"$AM$567:$AQ$605","headAddress":"$AM$567:$AQ$567","bodyAddress":"$AM$568:$AQ$605","_name":"план"}},"emcosID":null,"emcosMLID":null,"codMaketTEP":null,"codTEP":null,"WSName":"DB","rangeAddress":"$AG$566:$AQ$605","headAddress":"$AG$566:$AQ$566","bodyAddress":"$AG$567:$AQ$605","_name":"Производственные нужды Текелиский ТЭЦ2 ТТЭЦ2"}},"codPlan":135,"meterCoef":null,"_name":"Производственные нужды Текелиский ТЭЦ2 ТТЭЦ2"}