{"ID":"37f35185-9f02-42fc-85af-1854a2f3de01","childs":{"PS":{"_level":0,"parentID":"37f35185-9f02-42fc-85af-1854a2f3de01","firstParentID":"37f35185-9f02-42fc-85af-1854a2f3de01","ID":"a7607e07-698c-472b-a1dc-f3d6c5079321","childs":{"прием":{"_level":1,"parentID":"a7607e07-698c-472b-a1dc-f3d6c5079321","firstParentID":"37f35185-9f02-42fc-85af-1854a2f3de01","ID":"8c1d2f11-d438-4654-bcb2-e4ae249d7361","childs":{"по счетчику":{"_level":2,"parentID":"8c1d2f11-d438-4654-bcb2-e4ae249d7361","firstParentID":"37f35185-9f02-42fc-85af-1854a2f3de01","ID":"46babeeb-223c-43f8-878c-bc648380f97f","childs":null,"emcosID":null,"emcosMLID":null,"codMaketTEP":null,"codTEP":null,"WSName":"PS","rangeAddress":"$Y$56:$Y$92","headAddress":"$Y$56","bodyAddress":"$Y$57:$Y$92","_name":"по счетчику"}},"emcosID":null,"emcosMLID":null,"codMaketTEP":null,"codTEP":null,"WSName":"PS","rangeAddress":"$Y$55:$Y$92","headAddress":"$Y$55","bodyAddress":"$Y$56:$Y$92","_name":"прием"},"отдача":{"_level":1,"parentID":"a7607e07-698c-472b-a1dc-f3d6c5079321","firstParentID":"37f35185-9f02-42fc-85af-1854a2f3de01","ID":"364418e9-443b-426a-8dfb-7318b1b52673","childs":{"по счетчику":{"_level":2,"parentID":"364418e9-443b-426a-8dfb-7318b1b52673","firstParentID":"37f35185-9f02-42fc-85af-1854a2f3de01","ID":"b7b95c48-9898-4584-9d7f-d67d94d34b22","childs":null,"emcosID":null,"emcosMLID":null,"codMaketTEP":null,"codTEP":null,"WSName":"PS","rangeAddress":"$Z$56:$Z$92","headAddress":"$Z$56","bodyAddress":"$Z$57:$Z$92","_name":"по счетчику"},"СЧЕТЧИК":{"_level":2,"parentID":"364418e9-443b-426a-8dfb-7318b1b52673","firstParentID":"37f35185-9f02-42fc-85af-1854a2f3de01","ID":"2bb4194a-d962-4d1b-8ecf-055ce939ff0a","childs":null,"emcosID":null,"emcosMLID":null,"codMaketTEP":null,"codTEP":null,"WSName":"PS","rangeAddress":"$AA$56:$AA$92","headAddress":"$AA$56","bodyAddress":"$AA$57:$AA$92","_name":"СЧЕТЧИК"}},"emcosID":null,"emcosMLID":null,"codMaketTEP":null,"codTEP":null,"WSName":"PS","rangeAddress":"$Z$55:$AA$92","headAddress":"$Z$55:$AA$55","bodyAddress":"$Z$56:$AA$92","_name":"отдача"},"сальдо":{"_level":1,"parentID":"a7607e07-698c-472b-a1dc-f3d6c5079321","firstParentID":"37f35185-9f02-42fc-85af-1854a2f3de01","ID":"ade1a985-6bfb-4aea-87a0-0cf04de02bff","childs":{"формула":{"_level":2,"parentID":"ade1a985-6bfb-4aea-87a0-0cf04de02bff","firstParentID":"37f35185-9f02-42fc-85af-1854a2f3de01","ID":"414343ce-7a4a-4f9b-9ef1-f372beb41ffe","childs":null,"emcosID":null,"emcosMLID":null,"codMaketTEP":null,"codTEP":null,"WSName":"PS","rangeAddress":"$AB$56:$AB$92","headAddress":"$AB$56","bodyAddress":"$AB$57:$AB$92","_name":"формула"}},"emcosID":null,"emcosMLID":null,"codMaketTEP":1356,"codTEP":null,"WSName":"PS","rangeAddress":"$AB$55:$AB$92","headAddress":"$AB$55","bodyAddress":"$AB$56:$AB$92","_name":"сальдо"}},"emcosID":null,"emcosMLID":null,"codMaketTEP":null,"codTEP":null,"WSName":"PS","rangeAddress":"$Y$54:$AB$92","headAddress":"$Y$54:$AB$54","bodyAddress":"$Y$55:$AB$92","_name":"Л2283 ЮКГРЭС"},"DB":{"_level":0,"parentID":"37f35185-9f02-42fc-85af-1854a2f3de01","firstParentID":"37f35185-9f02-42fc-85af-1854a2f3de01","ID":"fde22228-f767-4bc5-8b21-c7378a522bb7","childs":{"прием":{"_level":1,"parentID":"fde22228-f767-4bc5-8b21-c7378a522bb7","firstParentID":"37f35185-9f02-42fc-85af-1854a2f3de01","ID":"b8f72fb9-6c28-4927-9721-b50f70e25475","childs":{"код":{"_level":2,"parentID":"b8f72fb9-6c28-4927-9721-b50f70e25475","firstParentID":"37f35185-9f02-42fc-85af-1854a2f3de01","ID":"6a2468e5-4897-47b5-aeec-4e334bc4f923","childs":null,"emcosID":null,"emcosMLID":null,"codMaketTEP":null,"codTEP":null,"WSName":"DB","rangeAddress":"$MP$9:$MP$46","headAddress":"$MP$9","bodyAddress":"$MP$10:$MP$46","_name":"код"},"основное":{"_level":2,"parentID":"b8f72fb9-6c28-4927-9721-b50f70e25475","firstParentID":"37f35185-9f02-42fc-85af-1854a2f3de01","ID":"406d11ed-bd7c-4bbd-b606-af3e25d4c58f","childs":null,"emcosID":null,"emcosMLID":null,"codMaketTEP":null,"codTEP":null,"WSName":"DB","rangeAddress":"$MQ$9:$MQ$46","headAddress":"$MQ$9","bodyAddress":"$MQ$10:$MQ$46","_name":"основное"},"корректировка факт":{"_level":2,"parentID":"b8f72fb9-6c28-4927-9721-b50f70e25475","firstParentID":"37f35185-9f02-42fc-85af-1854a2f3de01","ID":"26c33035-5574-44ac-a178-7af02fc72b22","childs":null,"emcosID":null,"emcosMLID":null,"codMaketTEP":null,"codTEP":null,"WSName":"DB","rangeAddress":"$MR$9:$MR$46","headAddress":"$MR$9","bodyAddress":"$MR$10:$MR$46","_name":"корректировка факт"},"ручное":{"_level":2,"parentID":"b8f72fb9-6c28-4927-9721-b50f70e25475","firstParentID":"37f35185-9f02-42fc-85af-1854a2f3de01","ID":"4a84a74d-5b27-4074-aae5-952dd25d8b9f","childs":null,"emcosID":null,"emcosMLID":null,"codMaketTEP":null,"codTEP":null,"WSName":"DB","rangeAddress":"$MS$9:$MS$46","headAddress":"$MS$9","bodyAddress":"$MS$10:$MS$46","_name":"ручное"},"счетчик":{"_level":2,"parentID":"b8f72fb9-6c28-4927-9721-b50f70e25475","firstParentID":"37f35185-9f02-42fc-85af-1854a2f3de01","ID":"1f84d38a-3d79-441a-8e1d-02240da4721d","childs":null,"emcosID":null,"emcosMLID":null,"codMaketTEP":null,"codTEP":null,"WSName":"DB","rangeAddress":"$MT$9:$MT$46","headAddress":"$MT$9","bodyAddress":"$MT$10:$MT$46","_name":"счетчик"},"по счетчику":{"_level":2,"parentID":"b8f72fb9-6c28-4927-9721-b50f70e25475","firstParentID":"37f35185-9f02-42fc-85af-1854a2f3de01","ID":"e04163f4-7e2c-4cad-9887-e83b83f53a4c","childs":null,"emcosID":null,"emcosMLID":null,"codMaketTEP":null,"codTEP":null,"WSName":"DB","rangeAddress":"$MU$9:$MU$46","headAddress":"$MU$9","bodyAddress":"$MU$10:$MU$46","_name":"по счетчику"}},"emcosID":null,"emcosMLID":null,"codMaketTEP":null,"codTEP":null,"WSName":"DB","rangeAddress":"$MP$8:$MU$46","headAddress":"$MP$8:$MU$8","bodyAddress":"$MP$9:$MU$46","_name":"прием"},"отдача":{"_level":1,"parentID":"fde22228-f767-4bc5-8b21-c7378a522bb7","firstParentID":"37f35185-9f02-42fc-85af-1854a2f3de01","ID":"292762e7-4183-4bac-aaa5-1e51146bf797","childs":{"код":{"_level":2,"parentID":"292762e7-4183-4bac-aaa5-1e51146bf797","firstParentID":"37f35185-9f02-42fc-85af-1854a2f3de01","ID":"14d56857-4f96-4318-b857-71ec3af9888f","childs":null,"emcosID":null,"emcosMLID":null,"codMaketTEP":null,"codTEP":null,"WSName":"DB","rangeAddress":"$MV$9:$MV$46","headAddress":"$MV$9","bodyAddress":"$MV$10:$MV$46","_name":"код"},"основное":{"_level":2,"parentID":"292762e7-4183-4bac-aaa5-1e51146bf797","firstParentID":"37f35185-9f02-42fc-85af-1854a2f3de01","ID":"6edaf657-f7cb-4f4d-a5b1-5eef2510c326","childs":null,"emcosID":null,"emcosMLID":null,"codMaketTEP":null,"codTEP":null,"WSName":"DB","rangeAddress":"$MW$9:$MW$46","headAddress":"$MW$9","bodyAddress":"$MW$10:$MW$46","_name":"основное"},"корректировка факт":{"_level":2,"parentID":"292762e7-4183-4bac-aaa5-1e51146bf797","firstParentID":"37f35185-9f02-42fc-85af-1854a2f3de01","ID":"a2de7ca6-bd37-4e38-9794-169dc24ac15c","childs":null,"emcosID":null,"emcosMLID":null,"codMaketTEP":null,"codTEP":null,"WSName":"DB","rangeAddress":"$MX$9:$MX$46","headAddress":"$MX$9","bodyAddress":"$MX$10:$MX$46","_name":"корректировка факт"},"ручное":{"_level":2,"parentID":"292762e7-4183-4bac-aaa5-1e51146bf797","firstParentID":"37f35185-9f02-42fc-85af-1854a2f3de01","ID":"91f0d5a0-8c76-4f71-99ca-eb984113040e","childs":null,"emcosID":null,"emcosMLID":null,"codMaketTEP":null,"codTEP":null,"WSName":"DB","rangeAddress":"$MY$9:$MY$46","headAddress":"$MY$9","bodyAddress":"$MY$10:$MY$46","_name":"ручное"},"счетчик":{"_level":2,"parentID":"292762e7-4183-4bac-aaa5-1e51146bf797","firstParentID":"37f35185-9f02-42fc-85af-1854a2f3de01","ID":"44452b31-37d5-4ebe-8108-29458744fe07","childs":null,"emcosID":null,"emcosMLID":null,"codMaketTEP":null,"codTEP":null,"WSName":"DB","rangeAddress":"$MZ$9:$MZ$46","headAddress":"$MZ$9","bodyAddress":"$MZ$10:$MZ$46","_name":"счетчик"},"по счетчику":{"_level":2,"parentID":"292762e7-4183-4bac-aaa5-1e51146bf797","firstParentID":"37f35185-9f02-42fc-85af-1854a2f3de01","ID":"90813f3d-8e76-4851-a3c5-8195181e15cc","childs":null,"emcosID":null,"emcosMLID":null,"codMaketTEP":null,"codTEP":null,"WSName":"DB","rangeAddress":"$NA$9:$NA$46","headAddress":"$NA$9","bodyAddress":"$NA$10:$NA$46","_name":"по счетчику"}},"emcosID":null,"emcosMLID":null,"codMaketTEP":null,"codTEP":null,"WSName":"DB","rangeAddress":"$MV$8:$NA$46","headAddress":"$MV$8:$NA$8","bodyAddress":"$MV$9:$NA$46","_name":"отдача"},"сальдо":{"_level":1,"parentID":"fde22228-f767-4bc5-8b21-c7378a522bb7","firstParentID":"37f35185-9f02-42fc-85af-1854a2f3de01","ID":"10c375a8-501f-4c3b-b976-2b092cd57631","childs":{"код":{"_level":2,"parentID":"10c375a8-501f-4c3b-b976-2b092cd57631","firstParentID":"37f35185-9f02-42fc-85af-1854a2f3de01","ID":"393195e7-fbce-47b9-87ef-2cb1f468305e","childs":null,"emcosID":null,"emcosMLID":null,"codMaketTEP":null,"codTEP":null,"WSName":"DB","rangeAddress":"$NB$9:$NB$46","headAddress":"$NB$9","bodyAddress":"$NB$10:$NB$46","_name":"код"},"основное":{"_level":2,"parentID":"10c375a8-501f-4c3b-b976-2b092cd57631","firstParentID":"37f35185-9f02-42fc-85af-1854a2f3de01","ID":"7dfa5613-1395-42ed-89c3-714e236ce2ae","childs":null,"emcosID":null,"emcosMLID":null,"codMaketTEP":null,"codTEP":null,"WSName":"DB","rangeAddress":"$NC$9:$NC$46","headAddress":"$NC$9","bodyAddress":"$NC$10:$NC$46","_name":"основное"},"корректировка факт":{"_level":2,"parentID":"10c375a8-501f-4c3b-b976-2b092cd57631","firstParentID":"37f35185-9f02-42fc-85af-1854a2f3de01","ID":"a3f15255-f6f0-479d-b339-fe70c7f80fca","childs":null,"emcosID":null,"emcosMLID":null,"codMaketTEP":null,"codTEP":null,"WSName":"DB","rangeAddress":"$ND$9:$ND$46","headAddress":"$ND$9","bodyAddress":"$ND$10:$ND$46","_name":"корректировка факт"},"ручное":{"_level":2,"parentID":"10c375a8-501f-4c3b-b976-2b092cd57631","firstParentID":"37f35185-9f02-42fc-85af-1854a2f3de01","ID":"49d15298-fa12-453b-9a94-b4b3a0c72c75","childs":null,"emcosID":null,"emcosMLID":null,"codMaketTEP":null,"codTEP":null,"WSName":"DB","rangeAddress":"$NE$9:$NE$46","headAddress":"$NE$9","bodyAddress":"$NE$10:$NE$46","_name":"ручное"},"формула":{"_level":2,"parentID":"10c375a8-501f-4c3b-b976-2b092cd57631","firstParentID":"37f35185-9f02-42fc-85af-1854a2f3de01","ID":"b11e542b-ca25-47c1-bc2e-92542a77eb61","childs":null,"emcosID":null,"emcosMLID":null,"codMaketTEP":null,"codTEP":null,"WSName":"DB","rangeAddress":"$NF$9:$NF$46","headAddress":"$NF$9","bodyAddress":"$NF$10:$NF$46","_name":"формула"}},"emcosID":null,"emcosMLID":null,"codMaketTEP":null,"codTEP":null,"WSName":"DB","rangeAddress":"$NB$8:$NF$46","headAddress":"$NB$8:$NF$8","bodyAddress":"$NB$9:$NF$46","_name":"сальдо"}},"emcosID":null,"emcosMLID":null,"codMaketTEP":null,"codTEP":null,"WSName":"DB","rangeAddress":"$MP$7:$NF$46","headAddress":"$MP$7:$NF$7","bodyAddress":"$MP$8:$NF$46","_name":"Л2283 ЮКГРЭС"}},"codPlan":null,"meterCoef":"2200","_name":"Л2283 ЮКГРЭС"}