{"ID":"48109191-9f65-4749-b37e-9b9631174fe7","childs":{"PS":{"_level":0,"parentID":"48109191-9f65-4749-b37e-9b9631174fe7","firstParentID":"48109191-9f65-4749-b37e-9b9631174fe7","ID":"7344d32b-f816-491f-a596-530d7ac24e3e","childs":{"прием":{"_level":1,"parentID":"7344d32b-f816-491f-a596-530d7ac24e3e","firstParentID":"48109191-9f65-4749-b37e-9b9631174fe7","ID":"bb1e604b-5bca-4f97-81fd-6991cdfc33ce","childs":{"по счетчику":{"_level":2,"parentID":"bb1e604b-5bca-4f97-81fd-6991cdfc33ce","firstParentID":"48109191-9f65-4749-b37e-9b9631174fe7","ID":"54c9c6d9-f3cb-432d-93e1-0c37e3ad7f36","childs":null,"emcosID":null,"emcosMLID":null,"codMaketTEP":null,"codTEP":null,"WSName":"PS","rangeAddress":"$DA$56:$DA$92","headAddress":"$DA$56","bodyAddress":"$DA$57:$DA$92","_name":"по счетчику"}},"emcosID":null,"emcosMLID":null,"codMaketTEP":null,"codTEP":null,"WSName":"PS","rangeAddress":"$DA$55:$DA$92","headAddress":"$DA$55","bodyAddress":"$DA$56:$DA$92","_name":"прием"},"отдача":{"_level":1,"parentID":"7344d32b-f816-491f-a596-530d7ac24e3e","firstParentID":"48109191-9f65-4749-b37e-9b9631174fe7","ID":"07cd712c-3c17-4ee2-a243-a99cf7410f14","childs":{"по счетчику":{"_level":2,"parentID":"07cd712c-3c17-4ee2-a243-a99cf7410f14","firstParentID":"48109191-9f65-4749-b37e-9b9631174fe7","ID":"fd0e8557-dd9d-4a45-8e3e-8ff786ea420f","childs":null,"emcosID":null,"emcosMLID":null,"codMaketTEP":null,"codTEP":null,"WSName":"PS","rangeAddress":"$DB$56:$DB$92","headAddress":"$DB$56","bodyAddress":"$DB$57:$DB$92","_name":"по счетчику"}},"emcosID":null,"emcosMLID":null,"codMaketTEP":null,"codTEP":null,"WSName":"PS","rangeAddress":"$DB$55:$DB$92","headAddress":"$DB$55","bodyAddress":"$DB$56:$DB$92","_name":"отдача"}},"emcosID":null,"emcosMLID":null,"codMaketTEP":null,"codTEP":null,"WSName":"PS","rangeAddress":"$DA$54:$DB$92","headAddress":"$DA$54:$DB$54","bodyAddress":"$DA$55:$DB$92","_name":"Л5343 Алматы"},"DB":{"_level":0,"parentID":"48109191-9f65-4749-b37e-9b9631174fe7","firstParentID":"48109191-9f65-4749-b37e-9b9631174fe7","ID":"075d851a-fb65-488b-955d-d2421bd07597","childs":{"прием":{"_level":1,"parentID":"075d851a-fb65-488b-955d-d2421bd07597","firstParentID":"48109191-9f65-4749-b37e-9b9631174fe7","ID":"db6bf274-815c-417e-a28c-274cf0c728b1","childs":{"код":{"_level":2,"parentID":"db6bf274-815c-417e-a28c-274cf0c728b1","firstParentID":"48109191-9f65-4749-b37e-9b9631174fe7","ID":"1b79f8c8-9197-49d8-ab30-953fa2298e2a","childs":null,"emcosID":null,"emcosMLID":null,"codMaketTEP":null,"codTEP":null,"WSName":"DB","rangeAddress":"$ED$9:$ED$46","headAddress":"$ED$9","bodyAddress":"$ED$10:$ED$46","_name":"код"},"основное":{"_level":2,"parentID":"db6bf274-815c-417e-a28c-274cf0c728b1","firstParentID":"48109191-9f65-4749-b37e-9b9631174fe7","ID":"aeb7492b-f28c-4fd2-8857-02b8a4234a7a","childs":null,"emcosID":null,"emcosMLID":null,"codMaketTEP":null,"codTEP":null,"WSName":"DB","rangeAddress":"$EE$9:$EE$46","headAddress":"$EE$9","bodyAddress":"$EE$10:$EE$46","_name":"основное"},"корректировка факт":{"_level":2,"parentID":"db6bf274-815c-417e-a28c-274cf0c728b1","firstParentID":"48109191-9f65-4749-b37e-9b9631174fe7","ID":"fd8f9d48-71e6-41f1-9192-86938980bc57","childs":null,"emcosID":null,"emcosMLID":null,"codMaketTEP":null,"codTEP":null,"WSName":"DB","rangeAddress":"$EF$9:$EF$46","headAddress":"$EF$9","bodyAddress":"$EF$10:$EF$46","_name":"корректировка факт"},"ручное":{"_level":2,"parentID":"db6bf274-815c-417e-a28c-274cf0c728b1","firstParentID":"48109191-9f65-4749-b37e-9b9631174fe7","ID":"7cf5860e-0598-4268-993e-8a99c68f9269","childs":null,"emcosID":null,"emcosMLID":null,"codMaketTEP":null,"codTEP":null,"WSName":"DB","rangeAddress":"$EG$9:$EG$46","headAddress":"$EG$9","bodyAddress":"$EG$10:$EG$46","_name":"ручное"},"счетчик":{"_level":2,"parentID":"db6bf274-815c-417e-a28c-274cf0c728b1","firstParentID":"48109191-9f65-4749-b37e-9b9631174fe7","ID":"c097b46b-1730-44b9-a764-9bfb59e14c47","childs":null,"emcosID":null,"emcosMLID":null,"codMaketTEP":null,"codTEP":null,"WSName":"DB","rangeAddress":"$EH$9:$EH$46","headAddress":"$EH$9","bodyAddress":"$EH$10:$EH$46","_name":"счетчик"},"по счетчику":{"_level":2,"parentID":"db6bf274-815c-417e-a28c-274cf0c728b1","firstParentID":"48109191-9f65-4749-b37e-9b9631174fe7","ID":"5b99909c-ef48-455e-a20e-6cb50837843c","childs":null,"emcosID":null,"emcosMLID":null,"codMaketTEP":null,"codTEP":null,"WSName":"DB","rangeAddress":"$EI$9:$EI$46","headAddress":"$EI$9","bodyAddress":"$EI$10:$EI$46","_name":"по счетчику"}},"emcosID":null,"emcosMLID":null,"codMaketTEP":null,"codTEP":null,"WSName":"DB","rangeAddress":"$ED$8:$EI$46","headAddress":"$ED$8:$EI$8","bodyAddress":"$ED$9:$EI$46","_name":"прием"},"отдача":{"_level":1,"parentID":"075d851a-fb65-488b-955d-d2421bd07597","firstParentID":"48109191-9f65-4749-b37e-9b9631174fe7","ID":"53bf8116-39ea-4da7-b04e-2e7677e4d26c","childs":{"код":{"_level":2,"parentID":"53bf8116-39ea-4da7-b04e-2e7677e4d26c","firstParentID":"48109191-9f65-4749-b37e-9b9631174fe7","ID":"a492bd22-0faf-4425-9d76-ce8542c4672a","childs":null,"emcosID":null,"emcosMLID":null,"codMaketTEP":null,"codTEP":null,"WSName":"DB","rangeAddress":"$EJ$9:$EJ$46","headAddress":"$EJ$9","bodyAddress":"$EJ$10:$EJ$46","_name":"код"},"основное":{"_level":2,"parentID":"53bf8116-39ea-4da7-b04e-2e7677e4d26c","firstParentID":"48109191-9f65-4749-b37e-9b9631174fe7","ID":"17b7b10d-7327-4b59-b92b-eb2fd5ea2052","childs":null,"emcosID":null,"emcosMLID":null,"codMaketTEP":null,"codTEP":null,"WSName":"DB","rangeAddress":"$EK$9:$EK$46","headAddress":"$EK$9","bodyAddress":"$EK$10:$EK$46","_name":"основное"},"корректировка факт":{"_level":2,"parentID":"53bf8116-39ea-4da7-b04e-2e7677e4d26c","firstParentID":"48109191-9f65-4749-b37e-9b9631174fe7","ID":"42d99113-389c-4f78-9147-8d7453c761eb","childs":null,"emcosID":null,"emcosMLID":null,"codMaketTEP":null,"codTEP":null,"WSName":"DB","rangeAddress":"$EL$9:$EL$46","headAddress":"$EL$9","bodyAddress":"$EL$10:$EL$46","_name":"корректировка факт"},"ручное":{"_level":2,"parentID":"53bf8116-39ea-4da7-b04e-2e7677e4d26c","firstParentID":"48109191-9f65-4749-b37e-9b9631174fe7","ID":"1a6491c0-ec9f-428a-8310-5cd1c1cafe70","childs":null,"emcosID":null,"emcosMLID":null,"codMaketTEP":null,"codTEP":null,"WSName":"DB","rangeAddress":"$EM$9:$EM$46","headAddress":"$EM$9","bodyAddress":"$EM$10:$EM$46","_name":"ручное"},"счетчик":{"_level":2,"parentID":"53bf8116-39ea-4da7-b04e-2e7677e4d26c","firstParentID":"48109191-9f65-4749-b37e-9b9631174fe7","ID":"eccd7795-71f0-423c-9ed9-d9be46523ae8","childs":null,"emcosID":null,"emcosMLID":null,"codMaketTEP":null,"codTEP":null,"WSName":"DB","rangeAddress":"$EN$9:$EN$46","headAddress":"$EN$9","bodyAddress":"$EN$10:$EN$46","_name":"счетчик"},"по счетчику":{"_level":2,"parentID":"53bf8116-39ea-4da7-b04e-2e7677e4d26c","firstParentID":"48109191-9f65-4749-b37e-9b9631174fe7","ID":"db8c4894-5b40-4d2d-b14d-05f1629d3c91","childs":null,"emcosID":null,"emcosMLID":null,"codMaketTEP":null,"codTEP":null,"WSName":"DB","rangeAddress":"$EO$9:$EO$46","headAddress":"$EO$9","bodyAddress":"$EO$10:$EO$46","_name":"по счетчику"}},"emcosID":null,"emcosMLID":null,"codMaketTEP":null,"codTEP":null,"WSName":"DB","rangeAddress":"$EJ$8:$EO$46","headAddress":"$EJ$8:$EO$8","bodyAddress":"$EJ$9:$EO$46","_name":"отдача"}},"emcosID":null,"emcosMLID":null,"codMaketTEP":null,"codTEP":null,"WSName":"DB","rangeAddress":"$ED$7:$EO$46","headAddress":"$ED$7:$EO$7","bodyAddress":"$ED$8:$EO$46","_name":"Л5343 Алматы"}},"codPlan":null,"meterCoef":"10000","_name":"Л5343 Алматы"}