{"ID":"4889cffa-cfee-4ffd-8f44-5274cfa42c1f","childs":{"PS":{"_level":0,"parentID":"4889cffa-cfee-4ffd-8f44-5274cfa42c1f","firstParentID":"4889cffa-cfee-4ffd-8f44-5274cfa42c1f","ID":"81e2dc08-fc0a-4686-be12-d0f3518e0e3a","childs":{"прием":{"_level":1,"parentID":"81e2dc08-fc0a-4686-be12-d0f3518e0e3a","firstParentID":"4889cffa-cfee-4ffd-8f44-5274cfa42c1f","ID":"6c5fe1e1-8adb-438c-aee6-ad02bacdb4fb","childs":{"по счетчику":{"_level":2,"parentID":"6c5fe1e1-8adb-438c-aee6-ad02bacdb4fb","firstParentID":"4889cffa-cfee-4ffd-8f44-5274cfa42c1f","ID":"a4a0687a-cab3-4093-807d-d8ab15843c51","childs":null,"emcosID":null,"emcosMLID":null,"codMaketTEP":null,"codTEP":null,"WSName":"PS","rangeAddress":"$AL$99:$AL$135","headAddress":"$AL$99","bodyAddress":"$AL$100:$AL$135","_name":"по счетчику"},"СЧЕТЧИК":{"_level":2,"parentID":"6c5fe1e1-8adb-438c-aee6-ad02bacdb4fb","firstParentID":"4889cffa-cfee-4ffd-8f44-5274cfa42c1f","ID":"efd152cb-b827-4f24-ae7b-04ea71a195b9","childs":null,"emcosID":null,"emcosMLID":null,"codMaketTEP":null,"codTEP":null,"WSName":"PS","rangeAddress":"$AM$99:$AM$135","headAddress":"$AM$99","bodyAddress":"$AM$100:$AM$135","_name":"СЧЕТЧИК"}},"emcosID":null,"emcosMLID":null,"codMaketTEP":null,"codTEP":null,"WSName":"PS","rangeAddress":"$AL$98:$AM$135","headAddress":"$AL$98:$AM$98","bodyAddress":"$AL$99:$AM$135","_name":"прием"}},"emcosID":null,"emcosMLID":null,"codMaketTEP":null,"codTEP":null,"WSName":"PS","rangeAddress":"$AL$97:$AM$135","headAddress":"$AL$97:$AM$97","bodyAddress":"$AL$98:$AM$135","_name":"ТСН3 ОРУ 220 МГЭС"},"DB":{"_level":0,"parentID":"4889cffa-cfee-4ffd-8f44-5274cfa42c1f","firstParentID":"4889cffa-cfee-4ffd-8f44-5274cfa42c1f","ID":"3c3a85b2-d915-4855-90cd-35d8a4690e1f","childs":{"прием":{"_level":1,"parentID":"3c3a85b2-d915-4855-90cd-35d8a4690e1f","firstParentID":"4889cffa-cfee-4ffd-8f44-5274cfa42c1f","ID":"5401516b-8655-4f25-a07d-36fcd0d3e04c","childs":{"код":{"_level":2,"parentID":"5401516b-8655-4f25-a07d-36fcd0d3e04c","firstParentID":"4889cffa-cfee-4ffd-8f44-5274cfa42c1f","ID":"fb63b743-1a55-4846-b41b-f1de9574e720","childs":null,"emcosID":null,"emcosMLID":null,"codMaketTEP":null,"codTEP":null,"WSName":"DB","rangeAddress":"$BX$353:$BX$390","headAddress":"$BX$353","bodyAddress":"$BX$354:$BX$390","_name":"код"},"основное":{"_level":2,"parentID":"5401516b-8655-4f25-a07d-36fcd0d3e04c","firstParentID":"4889cffa-cfee-4ffd-8f44-5274cfa42c1f","ID":"784cc64b-b9ab-4df5-aa12-366c1cf51ce2","childs":null,"emcosID":null,"emcosMLID":null,"codMaketTEP":null,"codTEP":null,"WSName":"DB","rangeAddress":"$BY$353:$BY$390","headAddress":"$BY$353","bodyAddress":"$BY$354:$BY$390","_name":"основное"},"корректировка факт":{"_level":2,"parentID":"5401516b-8655-4f25-a07d-36fcd0d3e04c","firstParentID":"4889cffa-cfee-4ffd-8f44-5274cfa42c1f","ID":"9baa3ed7-05d1-455b-a7a7-c43aa744a911","childs":null,"emcosID":null,"emcosMLID":null,"codMaketTEP":null,"codTEP":null,"WSName":"DB","rangeAddress":"$BZ$353:$BZ$390","headAddress":"$BZ$353","bodyAddress":"$BZ$354:$BZ$390","_name":"корректировка факт"},"ручное":{"_level":2,"parentID":"5401516b-8655-4f25-a07d-36fcd0d3e04c","firstParentID":"4889cffa-cfee-4ffd-8f44-5274cfa42c1f","ID":"37485a3a-9874-4681-8b6e-43c97abac57c","childs":null,"emcosID":null,"emcosMLID":null,"codMaketTEP":null,"codTEP":null,"WSName":"DB","rangeAddress":"$CA$353:$CA$390","headAddress":"$CA$353","bodyAddress":"$CA$354:$CA$390","_name":"ручное"},"счетчик":{"_level":2,"parentID":"5401516b-8655-4f25-a07d-36fcd0d3e04c","firstParentID":"4889cffa-cfee-4ffd-8f44-5274cfa42c1f","ID":"c5b2c40b-61ba-4f3d-82b0-9d0ce0c96b6d","childs":null,"emcosID":null,"emcosMLID":null,"codMaketTEP":null,"codTEP":null,"WSName":"DB","rangeAddress":"$CB$353:$CB$390","headAddress":"$CB$353","bodyAddress":"$CB$354:$CB$390","_name":"счетчик"},"по счетчику":{"_level":2,"parentID":"5401516b-8655-4f25-a07d-36fcd0d3e04c","firstParentID":"4889cffa-cfee-4ffd-8f44-5274cfa42c1f","ID":"e0aad1d6-2078-4f56-b99e-50a4219be1ce","childs":null,"emcosID":null,"emcosMLID":null,"codMaketTEP":null,"codTEP":null,"WSName":"DB","rangeAddress":"$CC$353:$CC$390","headAddress":"$CC$353","bodyAddress":"$CC$354:$CC$390","_name":"по счетчику"}},"emcosID":null,"emcosMLID":null,"codMaketTEP":null,"codTEP":null,"WSName":"DB","rangeAddress":"$BX$352:$CC$390","headAddress":"$BX$352:$CC$352","bodyAddress":"$BX$353:$CC$390","_name":"прием"}},"emcosID":null,"emcosMLID":null,"codMaketTEP":null,"codTEP":null,"WSName":"DB","rangeAddress":"$BX$351:$CC$390","headAddress":"$BX$351:$CC$351","bodyAddress":"$BX$352:$CC$390","_name":"ТСН3 ОРУ 220 МГЭС"}},"codPlan":null,"meterCoef":null,"_name":"ТСН3 ОРУ 220 МГЭС"}