{"ID":"49f74837-c00c-46c0-af8b-64ea6051383f","childs":{"PS":{"_level":0,"parentID":"49f74837-c00c-46c0-af8b-64ea6051383f","firstParentID":"49f74837-c00c-46c0-af8b-64ea6051383f","ID":"ef06069c-60aa-40af-b71c-a17e5ff75fb7","childs":{"отдача":{"_level":1,"parentID":"ef06069c-60aa-40af-b71c-a17e5ff75fb7","firstParentID":"49f74837-c00c-46c0-af8b-64ea6051383f","ID":"bcd404d0-714e-4e17-9640-c5537c70ff5b","childs":{"по счетчику":{"_level":2,"parentID":"bcd404d0-714e-4e17-9640-c5537c70ff5b","firstParentID":"49f74837-c00c-46c0-af8b-64ea6051383f","ID":"a9e096a8-1d8e-4c18-92e6-d1b0c6362c66","childs":null,"emcosID":null,"emcosMLID":null,"codMaketTEP":null,"codTEP":null,"WSName":"PS","rangeAddress":"$GC$99:$GC$135","headAddress":"$GC$99","bodyAddress":"$GC$100:$GC$135","_name":"по счетчику"}},"emcosID":null,"emcosMLID":null,"codMaketTEP":null,"codTEP":null,"WSName":"PS","rangeAddress":"$GC$98:$GC$135","headAddress":"$GC$98","bodyAddress":"$GC$99:$GC$135","_name":"отдача"}},"emcosID":null,"emcosMLID":null,"codMaketTEP":null,"codTEP":null,"WSName":"PS","rangeAddress":"$GC$97:$GC$135","headAddress":"$GC$97","bodyAddress":"$GC$98:$GC$135","_name":"ТСН1 ПС152 Талдыкорган"},"DB":{"_level":0,"parentID":"49f74837-c00c-46c0-af8b-64ea6051383f","firstParentID":"49f74837-c00c-46c0-af8b-64ea6051383f","ID":"b1800896-d178-48d5-bd8c-d9c98972603a","childs":{"отдача":{"_level":1,"parentID":"b1800896-d178-48d5-bd8c-d9c98972603a","firstParentID":"49f74837-c00c-46c0-af8b-64ea6051383f","ID":"c07ed47b-665f-41bd-990a-12d8f2a74288","childs":{"код":{"_level":2,"parentID":"c07ed47b-665f-41bd-990a-12d8f2a74288","firstParentID":"49f74837-c00c-46c0-af8b-64ea6051383f","ID":"7a21b6c8-bdde-4f21-88ea-8635a6c9e40c","childs":null,"emcosID":null,"emcosMLID":null,"codMaketTEP":null,"codTEP":null,"WSName":"DB","rangeAddress":"$W$396:$W$433","headAddress":"$W$396","bodyAddress":"$W$397:$W$433","_name":"код"},"основное":{"_level":2,"parentID":"c07ed47b-665f-41bd-990a-12d8f2a74288","firstParentID":"49f74837-c00c-46c0-af8b-64ea6051383f","ID":"623e4325-d3c5-4ee8-a526-7e6bbc0fd54d","childs":null,"emcosID":null,"emcosMLID":null,"codMaketTEP":null,"codTEP":null,"WSName":"DB","rangeAddress":"$X$396:$X$433","headAddress":"$X$396","bodyAddress":"$X$397:$X$433","_name":"основное"},"корректировка факт":{"_level":2,"parentID":"c07ed47b-665f-41bd-990a-12d8f2a74288","firstParentID":"49f74837-c00c-46c0-af8b-64ea6051383f","ID":"932efb2b-c04d-4dd2-af4c-8b58fed3fab8","childs":null,"emcosID":null,"emcosMLID":null,"codMaketTEP":null,"codTEP":null,"WSName":"DB","rangeAddress":"$Y$396:$Y$433","headAddress":"$Y$396","bodyAddress":"$Y$397:$Y$433","_name":"корректировка факт"},"ручное":{"_level":2,"parentID":"c07ed47b-665f-41bd-990a-12d8f2a74288","firstParentID":"49f74837-c00c-46c0-af8b-64ea6051383f","ID":"576ba9c8-d8f4-456c-9a56-bbfac5a9b40f","childs":null,"emcosID":null,"emcosMLID":null,"codMaketTEP":null,"codTEP":null,"WSName":"DB","rangeAddress":"$Z$396:$Z$433","headAddress":"$Z$396","bodyAddress":"$Z$397:$Z$433","_name":"ручное"},"счетчик":{"_level":2,"parentID":"c07ed47b-665f-41bd-990a-12d8f2a74288","firstParentID":"49f74837-c00c-46c0-af8b-64ea6051383f","ID":"aef12cd1-15b6-44f8-a255-032067a5bca0","childs":null,"emcosID":null,"emcosMLID":null,"codMaketTEP":null,"codTEP":null,"WSName":"DB","rangeAddress":"$AA$396:$AA$433","headAddress":"$AA$396","bodyAddress":"$AA$397:$AA$433","_name":"счетчик"},"по счетчику":{"_level":2,"parentID":"c07ed47b-665f-41bd-990a-12d8f2a74288","firstParentID":"49f74837-c00c-46c0-af8b-64ea6051383f","ID":"49a43a06-451d-4e39-8def-6d8d40039455","childs":null,"emcosID":null,"emcosMLID":null,"codMaketTEP":null,"codTEP":null,"WSName":"DB","rangeAddress":"$AB$396:$AB$433","headAddress":"$AB$396","bodyAddress":"$AB$397:$AB$433","_name":"по счетчику"}},"emcosID":null,"emcosMLID":null,"codMaketTEP":null,"codTEP":null,"WSName":"DB","rangeAddress":"$W$395:$AB$433","headAddress":"$W$395:$AB$395","bodyAddress":"$W$396:$AB$433","_name":"отдача"}},"emcosID":null,"emcosMLID":null,"codMaketTEP":null,"codTEP":null,"WSName":"DB","rangeAddress":"$W$394:$AB$433","headAddress":"$W$394:$AB$394","bodyAddress":"$W$395:$AB$433","_name":"ТСН1 ПС152 Талдыкорган"}},"codPlan":null,"meterCoef":"2","_name":"ТСН1 ПС152 Талдыкорган"}