{"ID":"4da8e03d-9b36-42b0-9978-089d63919271","childs":{"PS":{"_level":0,"parentID":"4da8e03d-9b36-42b0-9978-089d63919271","firstParentID":"4da8e03d-9b36-42b0-9978-089d63919271","ID":"aa314a2c-713f-4e03-bd5b-df5d17b91256","childs":{"прием":{"_level":1,"parentID":"aa314a2c-713f-4e03-bd5b-df5d17b91256","firstParentID":"4da8e03d-9b36-42b0-9978-089d63919271","ID":"fdd8a40e-1287-4c53-8666-dccef61b616c","childs":{"оперативное":{"_level":2,"parentID":"fdd8a40e-1287-4c53-8666-dccef61b616c","firstParentID":"4da8e03d-9b36-42b0-9978-089d63919271","ID":"22b852e9-64ae-4d56-8a68-f2ba69dfab6a","childs":null,"emcosID":null,"emcosMLID":null,"codMaketTEP":null,"codTEP":null,"WSName":"PS","rangeAddress":"$AK$228:$AK$264","headAddress":"$AK$228","bodyAddress":"$AK$229:$AK$264","_name":"оперативное"}},"emcosID":null,"emcosMLID":null,"codMaketTEP":1444,"codTEP":null,"WSName":"PS","rangeAddress":"$AK$227:$AK$264","headAddress":"$AK$227","bodyAddress":"$AK$228:$AK$264","_name":"прием"}},"emcosID":null,"emcosMLID":null,"codMaketTEP":null,"codTEP":null,"WSName":"PS","rangeAddress":"$AK$226:$AK$264","headAddress":"$AK$226","bodyAddress":"$AK$227:$AK$264","_name":"Потребление Темирбетон Жетысу"},"DB":{"_level":0,"parentID":"4da8e03d-9b36-42b0-9978-089d63919271","firstParentID":"4da8e03d-9b36-42b0-9978-089d63919271","ID":"5426603b-86fe-4fa3-a2f6-de28e59217c9","childs":{"прием":{"_level":1,"parentID":"5426603b-86fe-4fa3-a2f6-de28e59217c9","firstParentID":"4da8e03d-9b36-42b0-9978-089d63919271","ID":"66147ae4-f079-4ae7-8ed8-096a51d8eb25","childs":{"код":{"_level":2,"parentID":"66147ae4-f079-4ae7-8ed8-096a51d8eb25","firstParentID":"4da8e03d-9b36-42b0-9978-089d63919271","ID":"6e53b885-281f-4c54-a3c8-13575b887b3f","childs":null,"emcosID":null,"emcosMLID":null,"codMaketTEP":null,"codTEP":null,"WSName":"DB","rangeAddress":"$AD$396:$AD$433","headAddress":"$AD$396","bodyAddress":"$AD$397:$AD$433","_name":"код"},"основное":{"_level":2,"parentID":"66147ae4-f079-4ae7-8ed8-096a51d8eb25","firstParentID":"4da8e03d-9b36-42b0-9978-089d63919271","ID":"f4023b92-1206-49cd-993f-704845f124c8","childs":null,"emcosID":null,"emcosMLID":null,"codMaketTEP":null,"codTEP":null,"WSName":"DB","rangeAddress":"$AE$396:$AE$433","headAddress":"$AE$396","bodyAddress":"$AE$397:$AE$433","_name":"основное"},"корректировка факт":{"_level":2,"parentID":"66147ae4-f079-4ae7-8ed8-096a51d8eb25","firstParentID":"4da8e03d-9b36-42b0-9978-089d63919271","ID":"9d910973-514d-4e46-b1c9-a3cd8bb1f78b","childs":null,"emcosID":null,"emcosMLID":null,"codMaketTEP":null,"codTEP":null,"WSName":"DB","rangeAddress":"$AF$396:$AF$433","headAddress":"$AF$396","bodyAddress":"$AF$397:$AF$433","_name":"корректировка факт"},"ручное":{"_level":2,"parentID":"66147ae4-f079-4ae7-8ed8-096a51d8eb25","firstParentID":"4da8e03d-9b36-42b0-9978-089d63919271","ID":"c04797bb-8336-407b-a8ce-8cc18b883304","childs":null,"emcosID":null,"emcosMLID":null,"codMaketTEP":null,"codTEP":null,"WSName":"DB","rangeAddress":"$AG$396:$AG$433","headAddress":"$AG$396","bodyAddress":"$AG$397:$AG$433","_name":"ручное"},"оперативное":{"_level":2,"parentID":"66147ae4-f079-4ae7-8ed8-096a51d8eb25","firstParentID":"4da8e03d-9b36-42b0-9978-089d63919271","ID":"30afadf8-0dae-4629-8d18-0512ea2a728a","childs":null,"emcosID":null,"emcosMLID":null,"codMaketTEP":null,"codTEP":null,"WSName":"DB","rangeAddress":"$AH$396:$AH$433","headAddress":"$AH$396","bodyAddress":"$AH$397:$AH$433","_name":"оперативное"}},"emcosID":null,"emcosMLID":null,"codMaketTEP":null,"codTEP":null,"WSName":"DB","rangeAddress":"$AD$395:$AH$433","headAddress":"$AD$395:$AH$395","bodyAddress":"$AD$396:$AH$433","_name":"прием"}},"emcosID":null,"emcosMLID":null,"codMaketTEP":null,"codTEP":null,"WSName":"DB","rangeAddress":"$AD$394:$AH$433","headAddress":"$AD$394:$AH$394","bodyAddress":"$AD$395:$AH$433","_name":"Потребление Темирбетон Жетысу"}},"codPlan":null,"meterCoef":null,"_name":"Потребление Темирбетон Жетысу"}