{"ID":"4ffe196e-2e57-47d1-95c9-869b229f3269","childs":{"PS":{"_level":0,"parentID":"4ffe196e-2e57-47d1-95c9-869b229f3269","firstParentID":"4ffe196e-2e57-47d1-95c9-869b229f3269","ID":"669bd43d-0792-43bf-a4dd-cc191b0dde4b","childs":{"прием":{"_level":1,"parentID":"669bd43d-0792-43bf-a4dd-cc191b0dde4b","firstParentID":"4ffe196e-2e57-47d1-95c9-869b229f3269","ID":"7a48cf51-ded9-4b94-bdf3-c1038b9a1ec4","childs":{"формула":{"_level":2,"parentID":"7a48cf51-ded9-4b94-bdf3-c1038b9a1ec4","firstParentID":"4ffe196e-2e57-47d1-95c9-869b229f3269","ID":"e9b3a5a1-6703-42f0-a95c-728d8f71a2a0","childs":null,"emcosID":null,"emcosMLID":null,"codMaketTEP":null,"codTEP":null,"WSName":"PS","rangeAddress":"$CI$99:$CI$135","headAddress":"$CI$99","bodyAddress":"$CI$100:$CI$135","_name":"формула"}},"emcosID":null,"emcosMLID":null,"codMaketTEP":null,"codTEP":null,"WSName":"PS","rangeAddress":"$CI$98:$CI$135","headAddress":"$CI$98","bodyAddress":"$CI$99:$CI$135","_name":"прием"}},"emcosID":null,"emcosMLID":null,"codMaketTEP":null,"codTEP":null,"WSName":"PS","rangeAddress":"$CI$97:$CI$135","headAddress":"$CI$97","bodyAddress":"$CI$98:$CI$135","_name":"Прием из сети ПС152 Талдыкорган"},"DB":{"_level":0,"parentID":"4ffe196e-2e57-47d1-95c9-869b229f3269","firstParentID":"4ffe196e-2e57-47d1-95c9-869b229f3269","ID":"33da24bb-217c-409b-9606-4d69498430d5","childs":{"прием":{"_level":1,"parentID":"33da24bb-217c-409b-9606-4d69498430d5","firstParentID":"4ffe196e-2e57-47d1-95c9-869b229f3269","ID":"8d7ad53b-eb74-4c3f-9af4-b106b18378cd","childs":{"код":{"_level":2,"parentID":"8d7ad53b-eb74-4c3f-9af4-b106b18378cd","firstParentID":"4ffe196e-2e57-47d1-95c9-869b229f3269","ID":"ffd78f1e-7dcf-4947-a96c-e51fa90a5c85","childs":null,"emcosID":null,"emcosMLID":null,"codMaketTEP":null,"codTEP":null,"WSName":"DB","rangeAddress":"$HG$224:$HG$261","headAddress":"$HG$224","bodyAddress":"$HG$225:$HG$261","_name":"код"},"основное":{"_level":2,"parentID":"8d7ad53b-eb74-4c3f-9af4-b106b18378cd","firstParentID":"4ffe196e-2e57-47d1-95c9-869b229f3269","ID":"d535dd38-d216-4a49-8357-73e9a6714a21","childs":null,"emcosID":null,"emcosMLID":null,"codMaketTEP":null,"codTEP":null,"WSName":"DB","rangeAddress":"$HH$224:$HH$261","headAddress":"$HH$224","bodyAddress":"$HH$225:$HH$261","_name":"основное"},"корректировка факт":{"_level":2,"parentID":"8d7ad53b-eb74-4c3f-9af4-b106b18378cd","firstParentID":"4ffe196e-2e57-47d1-95c9-869b229f3269","ID":"d0e1bd23-73c1-44e0-b7a9-9aa115328599","childs":null,"emcosID":null,"emcosMLID":null,"codMaketTEP":null,"codTEP":null,"WSName":"DB","rangeAddress":"$HI$224:$HI$261","headAddress":"$HI$224","bodyAddress":"$HI$225:$HI$261","_name":"корректировка факт"},"ручное":{"_level":2,"parentID":"8d7ad53b-eb74-4c3f-9af4-b106b18378cd","firstParentID":"4ffe196e-2e57-47d1-95c9-869b229f3269","ID":"35cf8740-80ac-4bc7-92fa-dafc77f0883e","childs":null,"emcosID":null,"emcosMLID":null,"codMaketTEP":null,"codTEP":null,"WSName":"DB","rangeAddress":"$HJ$224:$HJ$261","headAddress":"$HJ$224","bodyAddress":"$HJ$225:$HJ$261","_name":"ручное"},"формула":{"_level":2,"parentID":"8d7ad53b-eb74-4c3f-9af4-b106b18378cd","firstParentID":"4ffe196e-2e57-47d1-95c9-869b229f3269","ID":"b73b32c8-78e0-4079-91ad-03e12aa68ae4","childs":null,"emcosID":null,"emcosMLID":null,"codMaketTEP":null,"codTEP":null,"WSName":"DB","rangeAddress":"$HK$224:$HK$261","headAddress":"$HK$224","bodyAddress":"$HK$225:$HK$261","_name":"формула"}},"emcosID":null,"emcosMLID":null,"codMaketTEP":null,"codTEP":null,"WSName":"DB","rangeAddress":"$HG$223:$HK$261","headAddress":"$HG$223:$HK$223","bodyAddress":"$HG$224:$HK$261","_name":"прием"}},"emcosID":null,"emcosMLID":null,"codMaketTEP":null,"codTEP":null,"WSName":"DB","rangeAddress":"$HG$222:$HK$261","headAddress":"$HG$222:$HK$222","bodyAddress":"$HG$223:$HK$261","_name":"Прием из сети ПС152 Талдыкорган"}},"codPlan":null,"meterCoef":null,"_name":"Прием из сети ПС152 Талдыкорган"}