{"ID":"59c3cebf-2cb5-48ef-9886-977f0169feb6","childs":{"PS":{"_level":0,"parentID":"59c3cebf-2cb5-48ef-9886-977f0169feb6","firstParentID":"59c3cebf-2cb5-48ef-9886-977f0169feb6","ID":"130a475f-3c2d-4610-8d08-d13adfedaaad","childs":{"прием":{"_level":1,"parentID":"130a475f-3c2d-4610-8d08-d13adfedaaad","firstParentID":"59c3cebf-2cb5-48ef-9886-977f0169feb6","ID":"f31a9b0e-9acd-490a-a577-0872d76703c6","childs":{"по счетчику":{"_level":2,"parentID":"f31a9b0e-9acd-490a-a577-0872d76703c6","firstParentID":"59c3cebf-2cb5-48ef-9886-977f0169feb6","ID":"7133868a-89b6-4126-83d3-3d15d69852a5","childs":null,"emcosID":null,"emcosMLID":null,"codMaketTEP":null,"codTEP":null,"WSName":"PS","rangeAddress":"$T$56:$T$92","headAddress":"$T$56","bodyAddress":"$T$57:$T$92","_name":"по счетчику"}},"emcosID":null,"emcosMLID":null,"codMaketTEP":null,"codTEP":null,"WSName":"PS","rangeAddress":"$T$55:$T$92","headAddress":"$T$55","bodyAddress":"$T$56:$T$92","_name":"прием"},"отдача":{"_level":1,"parentID":"130a475f-3c2d-4610-8d08-d13adfedaaad","firstParentID":"59c3cebf-2cb5-48ef-9886-977f0169feb6","ID":"6e1ef9c0-9f51-4432-8459-656b6c828618","childs":{"по счетчику":{"_level":2,"parentID":"6e1ef9c0-9f51-4432-8459-656b6c828618","firstParentID":"59c3cebf-2cb5-48ef-9886-977f0169feb6","ID":"6ca732be-fbaf-4bf3-ac75-59495f9c8de8","childs":null,"emcosID":null,"emcosMLID":null,"codMaketTEP":null,"codTEP":null,"WSName":"PS","rangeAddress":"$U$56:$U$92","headAddress":"$U$56","bodyAddress":"$U$57:$U$92","_name":"по счетчику"}},"emcosID":null,"emcosMLID":null,"codMaketTEP":null,"codTEP":null,"WSName":"PS","rangeAddress":"$U$55:$U$92","headAddress":"$U$55","bodyAddress":"$U$56:$U$92","_name":"отдача"},"сальдо":{"_level":1,"parentID":"130a475f-3c2d-4610-8d08-d13adfedaaad","firstParentID":"59c3cebf-2cb5-48ef-9886-977f0169feb6","ID":"d691fdb7-c51b-4055-8cc5-a2e33945be69","childs":{"формула":{"_level":2,"parentID":"d691fdb7-c51b-4055-8cc5-a2e33945be69","firstParentID":"59c3cebf-2cb5-48ef-9886-977f0169feb6","ID":"6a46b8fd-20cc-4180-931c-1e55ffbf46d3","childs":null,"emcosID":null,"emcosMLID":null,"codMaketTEP":null,"codTEP":null,"WSName":"PS","rangeAddress":"$V$56:$V$92","headAddress":"$V$56","bodyAddress":"$V$57:$V$92","_name":"формула"}},"emcosID":null,"emcosMLID":null,"codMaketTEP":1343,"codTEP":null,"WSName":"PS","rangeAddress":"$V$55:$V$92","headAddress":"$V$55","bodyAddress":"$V$56:$V$92","_name":"сальдо"}},"emcosID":null,"emcosMLID":null,"codMaketTEP":null,"codTEP":null,"WSName":"PS","rangeAddress":"$T$54:$V$92","headAddress":"$T$54:$V$54","bodyAddress":"$T$55:$V$92","_name":"Л5313 ЮКГРЭС"},"DB":{"_level":0,"parentID":"59c3cebf-2cb5-48ef-9886-977f0169feb6","firstParentID":"59c3cebf-2cb5-48ef-9886-977f0169feb6","ID":"0d548f3c-5540-43d4-8ecd-72820d502188","childs":{"прием":{"_level":1,"parentID":"0d548f3c-5540-43d4-8ecd-72820d502188","firstParentID":"59c3cebf-2cb5-48ef-9886-977f0169feb6","ID":"2b29f935-9704-4186-ba4a-5761b6f0925d","childs":{"код":{"_level":2,"parentID":"2b29f935-9704-4186-ba4a-5761b6f0925d","firstParentID":"59c3cebf-2cb5-48ef-9886-977f0169feb6","ID":"72e05c7a-2e82-4c61-86e8-ca5c3dcb9259","childs":null,"emcosID":null,"emcosMLID":null,"codMaketTEP":null,"codTEP":null,"WSName":"DB","rangeAddress":"$PE$9:$PE$46","headAddress":"$PE$9","bodyAddress":"$PE$10:$PE$46","_name":"код"},"основное":{"_level":2,"parentID":"2b29f935-9704-4186-ba4a-5761b6f0925d","firstParentID":"59c3cebf-2cb5-48ef-9886-977f0169feb6","ID":"91339b26-7634-43e0-bd8a-3f0c4d06bafd","childs":null,"emcosID":null,"emcosMLID":null,"codMaketTEP":null,"codTEP":null,"WSName":"DB","rangeAddress":"$PF$9:$PF$46","headAddress":"$PF$9","bodyAddress":"$PF$10:$PF$46","_name":"основное"},"корректировка факт":{"_level":2,"parentID":"2b29f935-9704-4186-ba4a-5761b6f0925d","firstParentID":"59c3cebf-2cb5-48ef-9886-977f0169feb6","ID":"687675b9-4a1d-4704-9b1a-7e8db85ea8f9","childs":null,"emcosID":null,"emcosMLID":null,"codMaketTEP":null,"codTEP":null,"WSName":"DB","rangeAddress":"$PG$9:$PG$46","headAddress":"$PG$9","bodyAddress":"$PG$10:$PG$46","_name":"корректировка факт"},"ручное":{"_level":2,"parentID":"2b29f935-9704-4186-ba4a-5761b6f0925d","firstParentID":"59c3cebf-2cb5-48ef-9886-977f0169feb6","ID":"e6bd2725-dda9-46fd-aecf-1ab329034872","childs":null,"emcosID":null,"emcosMLID":null,"codMaketTEP":null,"codTEP":null,"WSName":"DB","rangeAddress":"$PH$9:$PH$46","headAddress":"$PH$9","bodyAddress":"$PH$10:$PH$46","_name":"ручное"},"счетчик":{"_level":2,"parentID":"2b29f935-9704-4186-ba4a-5761b6f0925d","firstParentID":"59c3cebf-2cb5-48ef-9886-977f0169feb6","ID":"41d385b3-179c-43d9-b58b-4050df2f5cae","childs":null,"emcosID":null,"emcosMLID":null,"codMaketTEP":null,"codTEP":null,"WSName":"DB","rangeAddress":"$PI$9:$PI$46","headAddress":"$PI$9","bodyAddress":"$PI$10:$PI$46","_name":"счетчик"},"по счетчику":{"_level":2,"parentID":"2b29f935-9704-4186-ba4a-5761b6f0925d","firstParentID":"59c3cebf-2cb5-48ef-9886-977f0169feb6","ID":"bae221e5-7252-407d-acfe-f17afd9a28dc","childs":null,"emcosID":null,"emcosMLID":null,"codMaketTEP":null,"codTEP":null,"WSName":"DB","rangeAddress":"$PJ$9:$PJ$46","headAddress":"$PJ$9","bodyAddress":"$PJ$10:$PJ$46","_name":"по счетчику"}},"emcosID":null,"emcosMLID":null,"codMaketTEP":null,"codTEP":null,"WSName":"DB","rangeAddress":"$PE$8:$PJ$46","headAddress":"$PE$8:$PJ$8","bodyAddress":"$PE$9:$PJ$46","_name":"прием"},"отдача":{"_level":1,"parentID":"0d548f3c-5540-43d4-8ecd-72820d502188","firstParentID":"59c3cebf-2cb5-48ef-9886-977f0169feb6","ID":"b57dd0f9-39b5-4ffb-9ead-b2389d1e4e91","childs":{"код":{"_level":2,"parentID":"b57dd0f9-39b5-4ffb-9ead-b2389d1e4e91","firstParentID":"59c3cebf-2cb5-48ef-9886-977f0169feb6","ID":"24c17d52-b800-4100-adf2-7fabbe0db9b6","childs":null,"emcosID":null,"emcosMLID":null,"codMaketTEP":null,"codTEP":null,"WSName":"DB","rangeAddress":"$PK$9:$PK$46","headAddress":"$PK$9","bodyAddress":"$PK$10:$PK$46","_name":"код"},"основное":{"_level":2,"parentID":"b57dd0f9-39b5-4ffb-9ead-b2389d1e4e91","firstParentID":"59c3cebf-2cb5-48ef-9886-977f0169feb6","ID":"04d12c3d-57b6-4a86-9860-e569a22a75dc","childs":null,"emcosID":null,"emcosMLID":null,"codMaketTEP":null,"codTEP":null,"WSName":"DB","rangeAddress":"$PL$9:$PL$46","headAddress":"$PL$9","bodyAddress":"$PL$10:$PL$46","_name":"основное"},"корректировка факт":{"_level":2,"parentID":"b57dd0f9-39b5-4ffb-9ead-b2389d1e4e91","firstParentID":"59c3cebf-2cb5-48ef-9886-977f0169feb6","ID":"fcc4afc8-9d16-44ad-8e98-4ee80c29a1a1","childs":null,"emcosID":null,"emcosMLID":null,"codMaketTEP":null,"codTEP":null,"WSName":"DB","rangeAddress":"$PM$9:$PM$46","headAddress":"$PM$9","bodyAddress":"$PM$10:$PM$46","_name":"корректировка факт"},"ручное":{"_level":2,"parentID":"b57dd0f9-39b5-4ffb-9ead-b2389d1e4e91","firstParentID":"59c3cebf-2cb5-48ef-9886-977f0169feb6","ID":"9e2f28db-2db0-457e-805b-9376c0efeb16","childs":null,"emcosID":null,"emcosMLID":null,"codMaketTEP":null,"codTEP":null,"WSName":"DB","rangeAddress":"$PN$9:$PN$46","headAddress":"$PN$9","bodyAddress":"$PN$10:$PN$46","_name":"ручное"},"счетчик":{"_level":2,"parentID":"b57dd0f9-39b5-4ffb-9ead-b2389d1e4e91","firstParentID":"59c3cebf-2cb5-48ef-9886-977f0169feb6","ID":"96e80822-ebf1-4efc-9792-f8bd2de2c1b1","childs":null,"emcosID":null,"emcosMLID":null,"codMaketTEP":null,"codTEP":null,"WSName":"DB","rangeAddress":"$PO$9:$PO$46","headAddress":"$PO$9","bodyAddress":"$PO$10:$PO$46","_name":"счетчик"},"по счетчику":{"_level":2,"parentID":"b57dd0f9-39b5-4ffb-9ead-b2389d1e4e91","firstParentID":"59c3cebf-2cb5-48ef-9886-977f0169feb6","ID":"c4618b8c-a6f3-4d53-b27e-0e9d519f55de","childs":null,"emcosID":null,"emcosMLID":null,"codMaketTEP":null,"codTEP":null,"WSName":"DB","rangeAddress":"$PP$9:$PP$46","headAddress":"$PP$9","bodyAddress":"$PP$10:$PP$46","_name":"по счетчику"}},"emcosID":null,"emcosMLID":null,"codMaketTEP":null,"codTEP":null,"WSName":"DB","rangeAddress":"$PK$8:$PP$46","headAddress":"$PK$8:$PP$8","bodyAddress":"$PK$9:$PP$46","_name":"отдача"},"сальдо":{"_level":1,"parentID":"0d548f3c-5540-43d4-8ecd-72820d502188","firstParentID":"59c3cebf-2cb5-48ef-9886-977f0169feb6","ID":"0f5ae87e-d82a-4cab-b41c-1981bf37840d","childs":{"код":{"_level":2,"parentID":"0f5ae87e-d82a-4cab-b41c-1981bf37840d","firstParentID":"59c3cebf-2cb5-48ef-9886-977f0169feb6","ID":"a02e0426-231f-4a3a-b04a-abcbf1c722f9","childs":null,"emcosID":null,"emcosMLID":null,"codMaketTEP":null,"codTEP":null,"WSName":"DB","rangeAddress":"$PQ$9:$PQ$46","headAddress":"$PQ$9","bodyAddress":"$PQ$10:$PQ$46","_name":"код"},"основное":{"_level":2,"parentID":"0f5ae87e-d82a-4cab-b41c-1981bf37840d","firstParentID":"59c3cebf-2cb5-48ef-9886-977f0169feb6","ID":"54604c8c-afee-4db6-a88e-25b0e4977b73","childs":null,"emcosID":null,"emcosMLID":null,"codMaketTEP":null,"codTEP":null,"WSName":"DB","rangeAddress":"$PR$9:$PR$46","headAddress":"$PR$9","bodyAddress":"$PR$10:$PR$46","_name":"основное"},"корректировка факт":{"_level":2,"parentID":"0f5ae87e-d82a-4cab-b41c-1981bf37840d","firstParentID":"59c3cebf-2cb5-48ef-9886-977f0169feb6","ID":"703715ca-1a4d-43a3-8c5c-c41d372b73e9","childs":null,"emcosID":null,"emcosMLID":null,"codMaketTEP":null,"codTEP":null,"WSName":"DB","rangeAddress":"$PS$9:$PS$46","headAddress":"$PS$9","bodyAddress":"$PS$10:$PS$46","_name":"корректировка факт"},"ручное":{"_level":2,"parentID":"0f5ae87e-d82a-4cab-b41c-1981bf37840d","firstParentID":"59c3cebf-2cb5-48ef-9886-977f0169feb6","ID":"3280a5e3-c4b5-4e06-8443-b481ef25461f","childs":null,"emcosID":null,"emcosMLID":null,"codMaketTEP":null,"codTEP":null,"WSName":"DB","rangeAddress":"$PT$9:$PT$46","headAddress":"$PT$9","bodyAddress":"$PT$10:$PT$46","_name":"ручное"},"формула":{"_level":2,"parentID":"0f5ae87e-d82a-4cab-b41c-1981bf37840d","firstParentID":"59c3cebf-2cb5-48ef-9886-977f0169feb6","ID":"3f11444a-452f-4291-9c1c-024612239d76","childs":null,"emcosID":null,"emcosMLID":null,"codMaketTEP":null,"codTEP":null,"WSName":"DB","rangeAddress":"$PU$9:$PU$46","headAddress":"$PU$9","bodyAddress":"$PU$10:$PU$46","_name":"формула"}},"emcosID":null,"emcosMLID":null,"codMaketTEP":null,"codTEP":null,"WSName":"DB","rangeAddress":"$PQ$8:$PU$46","headAddress":"$PQ$8:$PU$8","bodyAddress":"$PQ$9:$PU$46","_name":"сальдо"}},"emcosID":null,"emcosMLID":null,"codMaketTEP":null,"codTEP":null,"WSName":"DB","rangeAddress":"$PE$7:$PU$46","headAddress":"$PE$7:$PU$7","bodyAddress":"$PE$8:$PU$46","_name":"Л5313 ЮКГРЭС"}},"codPlan":null,"meterCoef":"10000","_name":"Л5313 ЮКГРЭС"}