{"ID":"5e10b57d-77ab-44eb-9545-db027d8e79f0","childs":{"PS":{"_level":0,"parentID":"5e10b57d-77ab-44eb-9545-db027d8e79f0","firstParentID":"5e10b57d-77ab-44eb-9545-db027d8e79f0","ID":"db3c81c2-ffd5-480d-b31a-f06600a7663c","childs":{"прием":{"_level":1,"parentID":"db3c81c2-ffd5-480d-b31a-f06600a7663c","firstParentID":"5e10b57d-77ab-44eb-9545-db027d8e79f0","ID":"2931ca4f-d4fb-42ac-a4b5-df83546eaa6d","childs":{"ручное":{"_level":2,"parentID":"2931ca4f-d4fb-42ac-a4b5-df83546eaa6d","firstParentID":"5e10b57d-77ab-44eb-9545-db027d8e79f0","ID":"65616700-2d8e-40a1-a37c-f6cede33c1e9","childs":null,"emcosID":null,"emcosMLID":null,"codMaketTEP":null,"codTEP":null,"WSName":"PS","rangeAddress":"$BB$228:$BB$264","headAddress":"$BB$228","bodyAddress":"$BB$229:$BB$264","_name":"ручное"},"КОРРЕКТИРОВКА ФАКТ":{"_level":2,"parentID":"2931ca4f-d4fb-42ac-a4b5-df83546eaa6d","firstParentID":"5e10b57d-77ab-44eb-9545-db027d8e79f0","ID":"7731fcfd-2927-4642-bd49-c67c23a8a7d5","childs":null,"emcosID":null,"emcosMLID":null,"codMaketTEP":null,"codTEP":null,"WSName":"PS","rangeAddress":"$BC$228:$BC$264","headAddress":"$BC$228","bodyAddress":"$BC$229:$BC$264","_name":"КОРРЕКТИРОВКА ФАКТ"}},"emcosID":null,"emcosMLID":null,"codMaketTEP":1460,"codTEP":null,"WSName":"PS","rangeAddress":"$BB$227:$BC$264","headAddress":"$BB$227:$BC$227","bodyAddress":"$BB$228:$BC$264","_name":"прием"}},"emcosID":null,"emcosMLID":null,"codMaketTEP":null,"codTEP":null,"WSName":"PS","rangeAddress":"$BB$226:$BC$264","headAddress":"$BB$226:$BC$226","bodyAddress":"$BB$227:$BC$264","_name":"с.н. Каскад Каратальских ГЭС ККГЭС"},"DB":{"_level":0,"parentID":"5e10b57d-77ab-44eb-9545-db027d8e79f0","firstParentID":"5e10b57d-77ab-44eb-9545-db027d8e79f0","ID":"e27f119f-3ccc-45f0-a61d-79ee22c50068","childs":{"прием":{"_level":1,"parentID":"e27f119f-3ccc-45f0-a61d-79ee22c50068","firstParentID":"5e10b57d-77ab-44eb-9545-db027d8e79f0","ID":"dab63216-c871-42bd-a638-6c01c3863d7c","childs":{"код":{"_level":2,"parentID":"dab63216-c871-42bd-a638-6c01c3863d7c","firstParentID":"5e10b57d-77ab-44eb-9545-db027d8e79f0","ID":"b289e879-5c90-4786-b304-ee7c184ba435","childs":null,"emcosID":null,"emcosMLID":null,"codMaketTEP":null,"codTEP":null,"WSName":"DB","rangeAddress":"$HL$224:$HL$261","headAddress":"$HL$224","bodyAddress":"$HL$225:$HL$261","_name":"код"},"основное":{"_level":2,"parentID":"dab63216-c871-42bd-a638-6c01c3863d7c","firstParentID":"5e10b57d-77ab-44eb-9545-db027d8e79f0","ID":"c83ca8cf-fb8f-42fe-adaa-916b1c5044e4","childs":null,"emcosID":null,"emcosMLID":null,"codMaketTEP":null,"codTEP":null,"WSName":"DB","rangeAddress":"$HM$224:$HM$261","headAddress":"$HM$224","bodyAddress":"$HM$225:$HM$261","_name":"основное"},"корректировка факт":{"_level":2,"parentID":"dab63216-c871-42bd-a638-6c01c3863d7c","firstParentID":"5e10b57d-77ab-44eb-9545-db027d8e79f0","ID":"3ebd00b9-700d-4097-b4a9-00f5c0da3c06","childs":null,"emcosID":null,"emcosMLID":null,"codMaketTEP":null,"codTEP":null,"WSName":"DB","rangeAddress":"$HN$224:$HN$261","headAddress":"$HN$224","bodyAddress":"$HN$225:$HN$261","_name":"корректировка факт"},"ручное":{"_level":2,"parentID":"dab63216-c871-42bd-a638-6c01c3863d7c","firstParentID":"5e10b57d-77ab-44eb-9545-db027d8e79f0","ID":"d0da93be-4a5d-4550-a454-710c9737009b","childs":null,"emcosID":null,"emcosMLID":null,"codMaketTEP":null,"codTEP":null,"WSName":"DB","rangeAddress":"$HO$224:$HO$261","headAddress":"$HO$224","bodyAddress":"$HO$225:$HO$261","_name":"ручное"}},"emcosID":null,"emcosMLID":null,"codMaketTEP":null,"codTEP":null,"WSName":"DB","rangeAddress":"$HL$223:$HO$261","headAddress":"$HL$223:$HO$223","bodyAddress":"$HL$224:$HO$261","_name":"прием"}},"emcosID":null,"emcosMLID":null,"codMaketTEP":null,"codTEP":null,"WSName":"DB","rangeAddress":"$HL$222:$HO$261","headAddress":"$HL$222:$HO$222","bodyAddress":"$HL$223:$HO$261","_name":"с.н. Каскад Каратальских ГЭС ККГЭС"}},"codPlan":null,"meterCoef":null,"_name":"с.н. Каскад Каратальских ГЭС ККГЭС"}