{"ID":"62a1dc55-9912-42de-8097-a5c7a962f3b2","childs":{"PS":{"_level":0,"parentID":"62a1dc55-9912-42de-8097-a5c7a962f3b2","firstParentID":"62a1dc55-9912-42de-8097-a5c7a962f3b2","ID":"52e8e0b7-79a4-4c57-bd8c-3374c6a4c64d","childs":{"прием":{"_level":1,"parentID":"52e8e0b7-79a4-4c57-bd8c-3374c6a4c64d","firstParentID":"62a1dc55-9912-42de-8097-a5c7a962f3b2","ID":"09891d0a-fbaf-473a-8ae0-a5dd03d3caeb","childs":{"аскуэ":{"_level":2,"parentID":"09891d0a-fbaf-473a-8ae0-a5dd03d3caeb","firstParentID":"62a1dc55-9912-42de-8097-a5c7a962f3b2","ID":"fb716aca-31ed-4bef-b27b-5293b223e369","childs":null,"emcosID":null,"emcosMLID":null,"codMaketTEP":null,"codTEP":null,"WSName":"PS","rangeAddress":"$AD$99:$AD$135","headAddress":"$AD$99","bodyAddress":"$AD$100:$AD$135","_name":"аскуэ"},"ПО СЧЕТЧИКУ":{"_level":2,"parentID":"09891d0a-fbaf-473a-8ae0-a5dd03d3caeb","firstParentID":"62a1dc55-9912-42de-8097-a5c7a962f3b2","ID":"82eb200e-7cdf-4c43-8f4a-2698d323243b","childs":null,"emcosID":null,"emcosMLID":null,"codMaketTEP":null,"codTEP":null,"WSName":"PS","rangeAddress":"$AE$99:$AE$135","headAddress":"$AE$99","bodyAddress":"$AE$100:$AE$135","_name":"ПО СЧЕТЧИКУ"}},"emcosID":null,"emcosMLID":null,"codMaketTEP":null,"codTEP":null,"WSName":"PS","rangeAddress":"$AD$98:$AE$135","headAddress":"$AD$98:$AE$98","bodyAddress":"$AD$99:$AE$135","_name":"прием"},"отдача":{"_level":1,"parentID":"52e8e0b7-79a4-4c57-bd8c-3374c6a4c64d","firstParentID":"62a1dc55-9912-42de-8097-a5c7a962f3b2","ID":"b13416ae-082b-4e83-8b49-47bcc2887876","childs":{"аскуэ":{"_level":2,"parentID":"b13416ae-082b-4e83-8b49-47bcc2887876","firstParentID":"62a1dc55-9912-42de-8097-a5c7a962f3b2","ID":"2598f8cd-32f4-4094-ae34-bc17c76d9ad7","childs":null,"emcosID":null,"emcosMLID":null,"codMaketTEP":null,"codTEP":null,"WSName":"PS","rangeAddress":"$AF$99:$AF$135","headAddress":"$AF$99","bodyAddress":"$AF$100:$AF$135","_name":"аскуэ"},"ПО СЧЕТЧИКУ":{"_level":2,"parentID":"b13416ae-082b-4e83-8b49-47bcc2887876","firstParentID":"62a1dc55-9912-42de-8097-a5c7a962f3b2","ID":"8f1e9bfb-1391-4dac-9327-9e9e336e5fe0","childs":null,"emcosID":null,"emcosMLID":null,"codMaketTEP":null,"codTEP":null,"WSName":"PS","rangeAddress":"$AG$99:$AG$135","headAddress":"$AG$99","bodyAddress":"$AG$100:$AG$135","_name":"ПО СЧЕТЧИКУ"}},"emcosID":null,"emcosMLID":null,"codMaketTEP":null,"codTEP":null,"WSName":"PS","rangeAddress":"$AF$98:$AG$135","headAddress":"$AF$98:$AG$98","bodyAddress":"$AF$99:$AG$135","_name":"отдача"}},"emcosID":null,"emcosMLID":null,"codMaketTEP":null,"codTEP":null,"WSName":"PS","rangeAddress":"$AD$97:$AG$135","headAddress":"$AD$97:$AG$97","bodyAddress":"$AD$98:$AG$135","_name":"Л2403 ОРУ 220 МГЭС"},"DB":{"_level":0,"parentID":"62a1dc55-9912-42de-8097-a5c7a962f3b2","firstParentID":"62a1dc55-9912-42de-8097-a5c7a962f3b2","ID":"1ab0b49e-950f-46bc-9772-3952bc9fb6af","childs":{"прием":{"_level":1,"parentID":"1ab0b49e-950f-46bc-9772-3952bc9fb6af","firstParentID":"62a1dc55-9912-42de-8097-a5c7a962f3b2","ID":"e92e4bea-405f-4a62-afc8-84f3253d1d17","childs":{"код":{"_level":2,"parentID":"e92e4bea-405f-4a62-afc8-84f3253d1d17","firstParentID":"62a1dc55-9912-42de-8097-a5c7a962f3b2","ID":"e94f7d3a-1e12-4841-8998-37163b0eda81","childs":null,"emcosID":null,"emcosMLID":null,"codMaketTEP":null,"codTEP":null,"WSName":"DB","rangeAddress":"$CZ$353:$CZ$390","headAddress":"$CZ$353","bodyAddress":"$CZ$354:$CZ$390","_name":"код"},"основное":{"_level":2,"parentID":"e92e4bea-405f-4a62-afc8-84f3253d1d17","firstParentID":"62a1dc55-9912-42de-8097-a5c7a962f3b2","ID":"f751380e-ccc7-4462-b8e8-b996fa177571","childs":null,"emcosID":null,"emcosMLID":null,"codMaketTEP":null,"codTEP":null,"WSName":"DB","rangeAddress":"$DA$353:$DA$390","headAddress":"$DA$353","bodyAddress":"$DA$354:$DA$390","_name":"основное"},"корректировка факт":{"_level":2,"parentID":"e92e4bea-405f-4a62-afc8-84f3253d1d17","firstParentID":"62a1dc55-9912-42de-8097-a5c7a962f3b2","ID":"74a6942c-1c8a-4213-81e4-de7fe8fcd9be","childs":null,"emcosID":null,"emcosMLID":null,"codMaketTEP":null,"codTEP":null,"WSName":"DB","rangeAddress":"$DB$353:$DB$390","headAddress":"$DB$353","bodyAddress":"$DB$354:$DB$390","_name":"корректировка факт"},"ручное":{"_level":2,"parentID":"e92e4bea-405f-4a62-afc8-84f3253d1d17","firstParentID":"62a1dc55-9912-42de-8097-a5c7a962f3b2","ID":"2e430101-033f-423c-a994-f00b4912feae","childs":null,"emcosID":null,"emcosMLID":null,"codMaketTEP":null,"codTEP":null,"WSName":"DB","rangeAddress":"$DC$353:$DC$390","headAddress":"$DC$353","bodyAddress":"$DC$354:$DC$390","_name":"ручное"},"счетчик":{"_level":2,"parentID":"e92e4bea-405f-4a62-afc8-84f3253d1d17","firstParentID":"62a1dc55-9912-42de-8097-a5c7a962f3b2","ID":"f600ea0c-b131-4eac-97fc-f28ab356d17c","childs":null,"emcosID":null,"emcosMLID":null,"codMaketTEP":null,"codTEP":null,"WSName":"DB","rangeAddress":"$DD$353:$DD$390","headAddress":"$DD$353","bodyAddress":"$DD$354:$DD$390","_name":"счетчик"},"по счетчику":{"_level":2,"parentID":"e92e4bea-405f-4a62-afc8-84f3253d1d17","firstParentID":"62a1dc55-9912-42de-8097-a5c7a962f3b2","ID":"9bd87959-57ba-4c54-8a47-17ecaf83cc45","childs":null,"emcosID":null,"emcosMLID":null,"codMaketTEP":null,"codTEP":null,"WSName":"DB","rangeAddress":"$DE$353:$DE$390","headAddress":"$DE$353","bodyAddress":"$DE$354:$DE$390","_name":"по счетчику"},"аскуэ":{"_level":2,"parentID":"e92e4bea-405f-4a62-afc8-84f3253d1d17","firstParentID":"62a1dc55-9912-42de-8097-a5c7a962f3b2","ID":"e2b3f580-ed80-4d49-8c58-80380a80a970","childs":null,"emcosID":null,"emcosMLID":null,"codMaketTEP":null,"codTEP":null,"WSName":"DB","rangeAddress":"$DF$353:$DF$390","headAddress":"$DF$353","bodyAddress":"$DF$354:$DF$390","_name":"аскуэ"}},"emcosID":551,"emcosMLID":385,"codMaketTEP":null,"codTEP":null,"WSName":"DB","rangeAddress":"$CZ$352:$DF$390","headAddress":"$CZ$352:$DF$352","bodyAddress":"$CZ$353:$DF$390","_name":"прием"},"отдача":{"_level":1,"parentID":"1ab0b49e-950f-46bc-9772-3952bc9fb6af","firstParentID":"62a1dc55-9912-42de-8097-a5c7a962f3b2","ID":"eadfed6c-636b-43b1-ad2d-46ad09a22947","childs":{"код":{"_level":2,"parentID":"eadfed6c-636b-43b1-ad2d-46ad09a22947","firstParentID":"62a1dc55-9912-42de-8097-a5c7a962f3b2","ID":"60753b2d-964c-4f2b-aabd-001055b2fdf0","childs":null,"emcosID":null,"emcosMLID":null,"codMaketTEP":null,"codTEP":null,"WSName":"DB","rangeAddress":"$DG$353:$DG$390","headAddress":"$DG$353","bodyAddress":"$DG$354:$DG$390","_name":"код"},"основное":{"_level":2,"parentID":"eadfed6c-636b-43b1-ad2d-46ad09a22947","firstParentID":"62a1dc55-9912-42de-8097-a5c7a962f3b2","ID":"d1819af9-def3-4be7-bdf2-b70261e323bf","childs":null,"emcosID":null,"emcosMLID":null,"codMaketTEP":null,"codTEP":null,"WSName":"DB","rangeAddress":"$DH$353:$DH$390","headAddress":"$DH$353","bodyAddress":"$DH$354:$DH$390","_name":"основное"},"корректировка факт":{"_level":2,"parentID":"eadfed6c-636b-43b1-ad2d-46ad09a22947","firstParentID":"62a1dc55-9912-42de-8097-a5c7a962f3b2","ID":"9094f4c4-3f26-4ba5-9f26-4d7bffbf266b","childs":null,"emcosID":null,"emcosMLID":null,"codMaketTEP":null,"codTEP":null,"WSName":"DB","rangeAddress":"$DI$353:$DI$390","headAddress":"$DI$353","bodyAddress":"$DI$354:$DI$390","_name":"корректировка факт"},"ручное":{"_level":2,"parentID":"eadfed6c-636b-43b1-ad2d-46ad09a22947","firstParentID":"62a1dc55-9912-42de-8097-a5c7a962f3b2","ID":"aba0d750-e55c-4b00-a059-84f545f47fb3","childs":null,"emcosID":null,"emcosMLID":null,"codMaketTEP":null,"codTEP":null,"WSName":"DB","rangeAddress":"$DJ$353:$DJ$390","headAddress":"$DJ$353","bodyAddress":"$DJ$354:$DJ$390","_name":"ручное"},"счетчик":{"_level":2,"parentID":"eadfed6c-636b-43b1-ad2d-46ad09a22947","firstParentID":"62a1dc55-9912-42de-8097-a5c7a962f3b2","ID":"e8115232-b9e9-4f28-a4ea-36bbf2f3f38b","childs":null,"emcosID":null,"emcosMLID":null,"codMaketTEP":null,"codTEP":null,"WSName":"DB","rangeAddress":"$DK$353:$DK$390","headAddress":"$DK$353","bodyAddress":"$DK$354:$DK$390","_name":"счетчик"},"по счетчику":{"_level":2,"parentID":"eadfed6c-636b-43b1-ad2d-46ad09a22947","firstParentID":"62a1dc55-9912-42de-8097-a5c7a962f3b2","ID":"d29f090f-b049-49a1-8e2a-c85a1d89594b","childs":null,"emcosID":null,"emcosMLID":null,"codMaketTEP":null,"codTEP":null,"WSName":"DB","rangeAddress":"$DL$353:$DL$390","headAddress":"$DL$353","bodyAddress":"$DL$354:$DL$390","_name":"по счетчику"},"аскуэ":{"_level":2,"parentID":"eadfed6c-636b-43b1-ad2d-46ad09a22947","firstParentID":"62a1dc55-9912-42de-8097-a5c7a962f3b2","ID":"ebe39658-3231-42e3-a01a-aaa56b979595","childs":null,"emcosID":null,"emcosMLID":null,"codMaketTEP":null,"codTEP":null,"WSName":"DB","rangeAddress":"$DM$353:$DM$390","headAddress":"$DM$353","bodyAddress":"$DM$354:$DM$390","_name":"аскуэ"}},"emcosID":551,"emcosMLID":386,"codMaketTEP":null,"codTEP":null,"WSName":"DB","rangeAddress":"$DG$352:$DM$390","headAddress":"$DG$352:$DM$352","bodyAddress":"$DG$353:$DM$390","_name":"отдача"}},"emcosID":null,"emcosMLID":null,"codMaketTEP":null,"codTEP":null,"WSName":"DB","rangeAddress":"$CZ$351:$DM$390","headAddress":"$CZ$351:$DM$351","bodyAddress":"$CZ$352:$DM$390","_name":"Л2403 ОРУ 220 МГЭС"}},"codPlan":null,"meterCoef":"2200","_name":"Л2403 ОРУ 220 МГЭС"}