{"ID":"6c438d79-a336-40ea-a4f5-b32607564a31","childs":{"PS":{"_level":0,"parentID":"6c438d79-a336-40ea-a4f5-b32607564a31","firstParentID":"6c438d79-a336-40ea-a4f5-b32607564a31","ID":"2b163e5e-4466-4bc3-8f6a-41e817d0efdd","childs":{"прием":{"_level":1,"parentID":"2b163e5e-4466-4bc3-8f6a-41e817d0efdd","firstParentID":"6c438d79-a336-40ea-a4f5-b32607564a31","ID":"90d8c07c-eea5-4231-90de-4c74d7ad4e15","childs":{"ручное":{"_level":2,"parentID":"90d8c07c-eea5-4231-90de-4c74d7ad4e15","firstParentID":"6c438d79-a336-40ea-a4f5-b32607564a31","ID":"ab42050b-5afa-42c0-bd99-dd51c239e802","childs":null,"emcosID":null,"emcosMLID":null,"codMaketTEP":null,"codTEP":null,"WSName":"PS","rangeAddress":"$LC$99:$LC$135","headAddress":"$LC$99","bodyAddress":"$LC$100:$LC$135","_name":"ручное"}},"emcosID":null,"emcosMLID":null,"codMaketTEP":null,"codTEP":null,"WSName":"PS","rangeAddress":"$LC$98:$LC$135","headAddress":"$LC$98","bodyAddress":"$LC$99:$LC$135","_name":"прием"}},"emcosID":null,"emcosMLID":null,"codMaketTEP":null,"codTEP":null,"WSName":"PS","rangeAddress":"$LC$97:$LC$135","headAddress":"$LC$97","bodyAddress":"$LC$98:$LC$135","_name":"ТП1 Жидели тяга"},"DB":{"_level":0,"parentID":"6c438d79-a336-40ea-a4f5-b32607564a31","firstParentID":"6c438d79-a336-40ea-a4f5-b32607564a31","ID":"2b1c619a-cbe3-4ea8-b3d1-c785c44d79ef","childs":{"прием":{"_level":1,"parentID":"2b1c619a-cbe3-4ea8-b3d1-c785c44d79ef","firstParentID":"6c438d79-a336-40ea-a4f5-b32607564a31","ID":"e85f8a76-c2c7-4917-8cb8-0e650c25de02","childs":{"код":{"_level":2,"parentID":"e85f8a76-c2c7-4917-8cb8-0e650c25de02","firstParentID":"6c438d79-a336-40ea-a4f5-b32607564a31","ID":"65565ad5-2a98-4bb5-8b49-d3574fed2e49","childs":null,"emcosID":null,"emcosMLID":null,"codMaketTEP":null,"codTEP":null,"WSName":"DB","rangeAddress":"$BO$353:$BO$390","headAddress":"$BO$353","bodyAddress":"$BO$354:$BO$390","_name":"код"},"основное":{"_level":2,"parentID":"e85f8a76-c2c7-4917-8cb8-0e650c25de02","firstParentID":"6c438d79-a336-40ea-a4f5-b32607564a31","ID":"1dfb5ebc-01e8-4273-9bef-7aff97b8ab03","childs":null,"emcosID":null,"emcosMLID":null,"codMaketTEP":null,"codTEP":null,"WSName":"DB","rangeAddress":"$BP$353:$BP$390","headAddress":"$BP$353","bodyAddress":"$BP$354:$BP$390","_name":"основное"},"корректировка факт":{"_level":2,"parentID":"e85f8a76-c2c7-4917-8cb8-0e650c25de02","firstParentID":"6c438d79-a336-40ea-a4f5-b32607564a31","ID":"738f8aa6-3f52-4ad1-82cf-3667121e3b68","childs":null,"emcosID":null,"emcosMLID":null,"codMaketTEP":null,"codTEP":null,"WSName":"DB","rangeAddress":"$BQ$353:$BQ$390","headAddress":"$BQ$353","bodyAddress":"$BQ$354:$BQ$390","_name":"корректировка факт"},"ручное":{"_level":2,"parentID":"e85f8a76-c2c7-4917-8cb8-0e650c25de02","firstParentID":"6c438d79-a336-40ea-a4f5-b32607564a31","ID":"4a9994e0-0f48-4844-aef9-fc52bc287302","childs":null,"emcosID":null,"emcosMLID":null,"codMaketTEP":null,"codTEP":null,"WSName":"DB","rangeAddress":"$BR$353:$BR$390","headAddress":"$BR$353","bodyAddress":"$BR$354:$BR$390","_name":"ручное"}},"emcosID":null,"emcosMLID":null,"codMaketTEP":null,"codTEP":null,"WSName":"DB","rangeAddress":"$BO$352:$BR$390","headAddress":"$BO$352:$BR$352","bodyAddress":"$BO$353:$BR$390","_name":"прием"}},"emcosID":null,"emcosMLID":null,"codMaketTEP":null,"codTEP":null,"WSName":"DB","rangeAddress":"$BO$351:$BR$390","headAddress":"$BO$351:$BR$351","bodyAddress":"$BO$352:$BR$390","_name":"ТП1 Жидели тяга"}},"codPlan":null,"meterCoef":null,"_name":"ТП1 Жидели тяга"}