{"ID":"6ef06252-3ee8-4fcc-92d6-81404ecf86ff","childs":{"PS":{"_level":0,"parentID":"6ef06252-3ee8-4fcc-92d6-81404ecf86ff","firstParentID":"6ef06252-3ee8-4fcc-92d6-81404ecf86ff","ID":"779639e5-abc6-4d5d-abfd-081f868bebec","childs":{"прием":{"_level":1,"parentID":"779639e5-abc6-4d5d-abfd-081f868bebec","firstParentID":"6ef06252-3ee8-4fcc-92d6-81404ecf86ff","ID":"4bee82dd-7cc8-4fec-abac-d7d2d521e6c5","childs":{"по счетчику":{"_level":2,"parentID":"4bee82dd-7cc8-4fec-abac-d7d2d521e6c5","firstParentID":"6ef06252-3ee8-4fcc-92d6-81404ecf86ff","ID":"a0feda1d-f42c-4198-bb43-287c9ac779ad","childs":null,"emcosID":null,"emcosMLID":null,"codMaketTEP":null,"codTEP":null,"WSName":"PS","rangeAddress":"$V$99:$V$135","headAddress":"$V$99","bodyAddress":"$V$100:$V$135","_name":"по счетчику"},"СЧЕТЧИК":{"_level":2,"parentID":"4bee82dd-7cc8-4fec-abac-d7d2d521e6c5","firstParentID":"6ef06252-3ee8-4fcc-92d6-81404ecf86ff","ID":"8c314d58-f49b-4e3b-93eb-fcf7b27caf1a","childs":null,"emcosID":null,"emcosMLID":null,"codMaketTEP":null,"codTEP":null,"WSName":"PS","rangeAddress":"$W$99:$W$135","headAddress":"$W$99","bodyAddress":"$W$100:$W$135","_name":"СЧЕТЧИК"}},"emcosID":null,"emcosMLID":null,"codMaketTEP":null,"codTEP":null,"WSName":"PS","rangeAddress":"$V$98:$W$135","headAddress":"$V$98:$W$98","bodyAddress":"$V$99:$W$135","_name":"прием"},"отдача":{"_level":1,"parentID":"779639e5-abc6-4d5d-abfd-081f868bebec","firstParentID":"6ef06252-3ee8-4fcc-92d6-81404ecf86ff","ID":"3029f0e0-de39-4986-b85b-0ecb456b3b82","childs":{"по счетчику":{"_level":2,"parentID":"3029f0e0-de39-4986-b85b-0ecb456b3b82","firstParentID":"6ef06252-3ee8-4fcc-92d6-81404ecf86ff","ID":"16097443-bdb1-4b6f-a615-660d35c2b8e1","childs":null,"emcosID":null,"emcosMLID":null,"codMaketTEP":null,"codTEP":null,"WSName":"PS","rangeAddress":"$X$99:$X$135","headAddress":"$X$99","bodyAddress":"$X$100:$X$135","_name":"по счетчику"},"СЧЕТЧИК":{"_level":2,"parentID":"3029f0e0-de39-4986-b85b-0ecb456b3b82","firstParentID":"6ef06252-3ee8-4fcc-92d6-81404ecf86ff","ID":"1b2fb2ae-4ff0-4143-9d1c-7021383d2533","childs":null,"emcosID":null,"emcosMLID":null,"codMaketTEP":null,"codTEP":null,"WSName":"PS","rangeAddress":"$Y$99:$Y$135","headAddress":"$Y$99","bodyAddress":"$Y$100:$Y$135","_name":"СЧЕТЧИК"}},"emcosID":null,"emcosMLID":null,"codMaketTEP":null,"codTEP":null,"WSName":"PS","rangeAddress":"$X$98:$Y$135","headAddress":"$X$98:$Y$98","bodyAddress":"$X$99:$Y$135","_name":"отдача"}},"emcosID":null,"emcosMLID":null,"codMaketTEP":null,"codTEP":null,"WSName":"PS","rangeAddress":"$V$97:$Y$135","headAddress":"$V$97:$Y$97","bodyAddress":"$V$98:$Y$135","_name":"Л2383 ОРУ 220 МГЭС"},"DB":{"_level":0,"parentID":"6ef06252-3ee8-4fcc-92d6-81404ecf86ff","firstParentID":"6ef06252-3ee8-4fcc-92d6-81404ecf86ff","ID":"6e686638-a92d-4bce-8ced-a27eb1100117","childs":{"прием":{"_level":1,"parentID":"6e686638-a92d-4bce-8ced-a27eb1100117","firstParentID":"6ef06252-3ee8-4fcc-92d6-81404ecf86ff","ID":"12e80cb1-e28f-41a5-adaa-9c5d9e2b6fed","childs":{"код":{"_level":2,"parentID":"12e80cb1-e28f-41a5-adaa-9c5d9e2b6fed","firstParentID":"6ef06252-3ee8-4fcc-92d6-81404ecf86ff","ID":"66e0f6fd-4710-421b-8cee-6f4574cece5d","childs":null,"emcosID":null,"emcosMLID":null,"codMaketTEP":null,"codTEP":null,"WSName":"DB","rangeAddress":"$EB$353:$EB$390","headAddress":"$EB$353","bodyAddress":"$EB$354:$EB$390","_name":"код"},"основное":{"_level":2,"parentID":"12e80cb1-e28f-41a5-adaa-9c5d9e2b6fed","firstParentID":"6ef06252-3ee8-4fcc-92d6-81404ecf86ff","ID":"e3b3bc5f-e81c-46f7-8f32-a12c41e6672d","childs":null,"emcosID":null,"emcosMLID":null,"codMaketTEP":null,"codTEP":null,"WSName":"DB","rangeAddress":"$EC$353:$EC$390","headAddress":"$EC$353","bodyAddress":"$EC$354:$EC$390","_name":"основное"},"корректировка факт":{"_level":2,"parentID":"12e80cb1-e28f-41a5-adaa-9c5d9e2b6fed","firstParentID":"6ef06252-3ee8-4fcc-92d6-81404ecf86ff","ID":"bc1f3326-1b32-46bd-9805-49f98b656de2","childs":null,"emcosID":null,"emcosMLID":null,"codMaketTEP":null,"codTEP":null,"WSName":"DB","rangeAddress":"$ED$353:$ED$390","headAddress":"$ED$353","bodyAddress":"$ED$354:$ED$390","_name":"корректировка факт"},"ручное":{"_level":2,"parentID":"12e80cb1-e28f-41a5-adaa-9c5d9e2b6fed","firstParentID":"6ef06252-3ee8-4fcc-92d6-81404ecf86ff","ID":"070e05c8-5f2b-43dd-a61d-da553cbef814","childs":null,"emcosID":null,"emcosMLID":null,"codMaketTEP":null,"codTEP":null,"WSName":"DB","rangeAddress":"$EE$353:$EE$390","headAddress":"$EE$353","bodyAddress":"$EE$354:$EE$390","_name":"ручное"},"счетчик":{"_level":2,"parentID":"12e80cb1-e28f-41a5-adaa-9c5d9e2b6fed","firstParentID":"6ef06252-3ee8-4fcc-92d6-81404ecf86ff","ID":"b8f779d5-b21f-4eb3-8b26-b57b266e37c8","childs":null,"emcosID":null,"emcosMLID":null,"codMaketTEP":null,"codTEP":null,"WSName":"DB","rangeAddress":"$EF$353:$EF$390","headAddress":"$EF$353","bodyAddress":"$EF$354:$EF$390","_name":"счетчик"},"по счетчику":{"_level":2,"parentID":"12e80cb1-e28f-41a5-adaa-9c5d9e2b6fed","firstParentID":"6ef06252-3ee8-4fcc-92d6-81404ecf86ff","ID":"54134495-565e-473d-98e8-90ab1a4727f3","childs":null,"emcosID":null,"emcosMLID":null,"codMaketTEP":null,"codTEP":null,"WSName":"DB","rangeAddress":"$EG$353:$EG$390","headAddress":"$EG$353","bodyAddress":"$EG$354:$EG$390","_name":"по счетчику"}},"emcosID":null,"emcosMLID":null,"codMaketTEP":null,"codTEP":null,"WSName":"DB","rangeAddress":"$EB$352:$EG$390","headAddress":"$EB$352:$EG$352","bodyAddress":"$EB$353:$EG$390","_name":"прием"},"отдача":{"_level":1,"parentID":"6e686638-a92d-4bce-8ced-a27eb1100117","firstParentID":"6ef06252-3ee8-4fcc-92d6-81404ecf86ff","ID":"094507c9-3746-40c4-9ce0-7163325a0b96","childs":{"код":{"_level":2,"parentID":"094507c9-3746-40c4-9ce0-7163325a0b96","firstParentID":"6ef06252-3ee8-4fcc-92d6-81404ecf86ff","ID":"be69918c-92c7-4524-b601-343fcaf897f3","childs":null,"emcosID":null,"emcosMLID":null,"codMaketTEP":null,"codTEP":null,"WSName":"DB","rangeAddress":"$EH$353:$EH$390","headAddress":"$EH$353","bodyAddress":"$EH$354:$EH$390","_name":"код"},"основное":{"_level":2,"parentID":"094507c9-3746-40c4-9ce0-7163325a0b96","firstParentID":"6ef06252-3ee8-4fcc-92d6-81404ecf86ff","ID":"58565d0c-aedb-4937-8587-580f6e8c786a","childs":null,"emcosID":null,"emcosMLID":null,"codMaketTEP":null,"codTEP":null,"WSName":"DB","rangeAddress":"$EI$353:$EI$390","headAddress":"$EI$353","bodyAddress":"$EI$354:$EI$390","_name":"основное"},"корректировка факт":{"_level":2,"parentID":"094507c9-3746-40c4-9ce0-7163325a0b96","firstParentID":"6ef06252-3ee8-4fcc-92d6-81404ecf86ff","ID":"0a55fb2f-312b-4a2c-8525-4ace82c3ec0f","childs":null,"emcosID":null,"emcosMLID":null,"codMaketTEP":null,"codTEP":null,"WSName":"DB","rangeAddress":"$EJ$353:$EJ$390","headAddress":"$EJ$353","bodyAddress":"$EJ$354:$EJ$390","_name":"корректировка факт"},"ручное":{"_level":2,"parentID":"094507c9-3746-40c4-9ce0-7163325a0b96","firstParentID":"6ef06252-3ee8-4fcc-92d6-81404ecf86ff","ID":"3451fc6c-2a1a-49af-bf3d-c31d246ab40e","childs":null,"emcosID":null,"emcosMLID":null,"codMaketTEP":null,"codTEP":null,"WSName":"DB","rangeAddress":"$EK$353:$EK$390","headAddress":"$EK$353","bodyAddress":"$EK$354:$EK$390","_name":"ручное"},"счетчик":{"_level":2,"parentID":"094507c9-3746-40c4-9ce0-7163325a0b96","firstParentID":"6ef06252-3ee8-4fcc-92d6-81404ecf86ff","ID":"91452726-6c2f-4607-ae55-d3ba20f3c0d7","childs":null,"emcosID":null,"emcosMLID":null,"codMaketTEP":null,"codTEP":null,"WSName":"DB","rangeAddress":"$EL$353:$EL$390","headAddress":"$EL$353","bodyAddress":"$EL$354:$EL$390","_name":"счетчик"},"по счетчику":{"_level":2,"parentID":"094507c9-3746-40c4-9ce0-7163325a0b96","firstParentID":"6ef06252-3ee8-4fcc-92d6-81404ecf86ff","ID":"736804de-6373-41cc-a79e-6cc46ae45450","childs":null,"emcosID":null,"emcosMLID":null,"codMaketTEP":null,"codTEP":null,"WSName":"DB","rangeAddress":"$EM$353:$EM$390","headAddress":"$EM$353","bodyAddress":"$EM$354:$EM$390","_name":"по счетчику"}},"emcosID":null,"emcosMLID":null,"codMaketTEP":null,"codTEP":null,"WSName":"DB","rangeAddress":"$EH$352:$EM$390","headAddress":"$EH$352:$EM$352","bodyAddress":"$EH$353:$EM$390","_name":"отдача"}},"emcosID":null,"emcosMLID":null,"codMaketTEP":null,"codTEP":null,"WSName":"DB","rangeAddress":"$EB$351:$EM$390","headAddress":"$EB$351:$EM$351","bodyAddress":"$EB$352:$EM$390","_name":"Л2383 ОРУ 220 МГЭС"}},"codPlan":null,"meterCoef":"2200","_name":"Л2383 ОРУ 220 МГЭС"}