{"ID":"79e4713b-2895-4a74-8118-16a80f35819c","childs":{"PS":{"_level":0,"parentID":"79e4713b-2895-4a74-8118-16a80f35819c","firstParentID":"79e4713b-2895-4a74-8118-16a80f35819c","ID":"02b6913d-1c55-4da7-bd56-447674632572","childs":{"прием":{"_level":1,"parentID":"02b6913d-1c55-4da7-bd56-447674632572","firstParentID":"79e4713b-2895-4a74-8118-16a80f35819c","ID":"1d3465ab-332c-42b3-ad7f-f107dcd65f45","childs":{"аскуэ":{"_level":2,"parentID":"1d3465ab-332c-42b3-ad7f-f107dcd65f45","firstParentID":"79e4713b-2895-4a74-8118-16a80f35819c","ID":"13964cd3-d707-423a-817d-96fe747f130a","childs":null,"emcosID":null,"emcosMLID":null,"codMaketTEP":null,"codTEP":null,"WSName":"PS","rangeAddress":"$EJ$56:$EJ$92","headAddress":"$EJ$56","bodyAddress":"$EJ$57:$EJ$92","_name":"аскуэ"}},"emcosID":null,"emcosMLID":null,"codMaketTEP":null,"codTEP":null,"WSName":"PS","rangeAddress":"$EJ$55:$EJ$92","headAddress":"$EJ$55","bodyAddress":"$EJ$56:$EJ$92","_name":"прием"},"отдача":{"_level":1,"parentID":"02b6913d-1c55-4da7-bd56-447674632572","firstParentID":"79e4713b-2895-4a74-8118-16a80f35819c","ID":"e3e35c0e-6c1c-4b6a-a110-47bdd434f8a3","childs":{"аскуэ":{"_level":2,"parentID":"e3e35c0e-6c1c-4b6a-a110-47bdd434f8a3","firstParentID":"79e4713b-2895-4a74-8118-16a80f35819c","ID":"40fbbca0-a80d-4bd3-8804-229e2e2e5432","childs":null,"emcosID":null,"emcosMLID":null,"codMaketTEP":null,"codTEP":null,"WSName":"PS","rangeAddress":"$EK$56:$EK$92","headAddress":"$EK$56","bodyAddress":"$EK$57:$EK$92","_name":"аскуэ"}},"emcosID":null,"emcosMLID":null,"codMaketTEP":null,"codTEP":null,"WSName":"PS","rangeAddress":"$EK$55:$EK$92","headAddress":"$EK$55","bodyAddress":"$EK$56:$EK$92","_name":"отдача"}},"emcosID":null,"emcosMLID":null,"codMaketTEP":null,"codTEP":null,"WSName":"PS","rangeAddress":"$EJ$54:$EK$92","headAddress":"$EJ$54:$EK$54","bodyAddress":"$EJ$55:$EK$92","_name":"Л5400 Талдыкорган"},"DB":{"_level":0,"parentID":"79e4713b-2895-4a74-8118-16a80f35819c","firstParentID":"79e4713b-2895-4a74-8118-16a80f35819c","ID":"8b26c4ff-23c4-4ad0-afe8-1ea4fd794cce","childs":{"прием":{"_level":1,"parentID":"8b26c4ff-23c4-4ad0-afe8-1ea4fd794cce","firstParentID":"79e4713b-2895-4a74-8118-16a80f35819c","ID":"f1832f4f-1981-42f0-baf7-3121337d1151","childs":{"код":{"_level":2,"parentID":"f1832f4f-1981-42f0-baf7-3121337d1151","firstParentID":"79e4713b-2895-4a74-8118-16a80f35819c","ID":"84061eda-564f-45f7-b68a-cab5ce7070a8","childs":null,"emcosID":null,"emcosMLID":null,"codMaketTEP":null,"codTEP":null,"WSName":"DB","rangeAddress":"$AK$52:$AK$89","headAddress":"$AK$52","bodyAddress":"$AK$53:$AK$89","_name":"код"},"основное":{"_level":2,"parentID":"f1832f4f-1981-42f0-baf7-3121337d1151","firstParentID":"79e4713b-2895-4a74-8118-16a80f35819c","ID":"67b404da-1de1-4bdd-9570-fb45b79ef306","childs":null,"emcosID":null,"emcosMLID":null,"codMaketTEP":null,"codTEP":null,"WSName":"DB","rangeAddress":"$AL$52:$AL$89","headAddress":"$AL$52","bodyAddress":"$AL$53:$AL$89","_name":"основное"},"корректировка факт":{"_level":2,"parentID":"f1832f4f-1981-42f0-baf7-3121337d1151","firstParentID":"79e4713b-2895-4a74-8118-16a80f35819c","ID":"998dd4bd-d5a8-40b3-8d09-be5a02b0a94f","childs":null,"emcosID":null,"emcosMLID":null,"codMaketTEP":null,"codTEP":null,"WSName":"DB","rangeAddress":"$AM$52:$AM$89","headAddress":"$AM$52","bodyAddress":"$AM$53:$AM$89","_name":"корректировка факт"},"ручное":{"_level":2,"parentID":"f1832f4f-1981-42f0-baf7-3121337d1151","firstParentID":"79e4713b-2895-4a74-8118-16a80f35819c","ID":"2f31ae85-eca7-4336-bc99-91bd8a33357b","childs":null,"emcosID":null,"emcosMLID":null,"codMaketTEP":null,"codTEP":null,"WSName":"DB","rangeAddress":"$AN$52:$AN$89","headAddress":"$AN$52","bodyAddress":"$AN$53:$AN$89","_name":"ручное"},"счетчик":{"_level":2,"parentID":"f1832f4f-1981-42f0-baf7-3121337d1151","firstParentID":"79e4713b-2895-4a74-8118-16a80f35819c","ID":"e7ab08cc-361f-4ef5-94dd-89e9e77de9d6","childs":null,"emcosID":null,"emcosMLID":null,"codMaketTEP":null,"codTEP":null,"WSName":"DB","rangeAddress":"$AO$52:$AO$89","headAddress":"$AO$52","bodyAddress":"$AO$53:$AO$89","_name":"счетчик"},"по счетчику":{"_level":2,"parentID":"f1832f4f-1981-42f0-baf7-3121337d1151","firstParentID":"79e4713b-2895-4a74-8118-16a80f35819c","ID":"cf3791b0-ba55-4c97-acc1-1fab2fad0000","childs":null,"emcosID":null,"emcosMLID":null,"codMaketTEP":null,"codTEP":null,"WSName":"DB","rangeAddress":"$AP$52:$AP$89","headAddress":"$AP$52","bodyAddress":"$AP$53:$AP$89","_name":"по счетчику"},"аскуэ":{"_level":2,"parentID":"f1832f4f-1981-42f0-baf7-3121337d1151","firstParentID":"79e4713b-2895-4a74-8118-16a80f35819c","ID":"3afd0cd0-abc0-4c45-b421-cf6c2302241c","childs":null,"emcosID":null,"emcosMLID":null,"codMaketTEP":null,"codTEP":null,"WSName":"DB","rangeAddress":"$AQ$52:$AQ$89","headAddress":"$AQ$52","bodyAddress":"$AQ$53:$AQ$89","_name":"аскуэ"}},"emcosID":1579,"emcosMLID":385,"codMaketTEP":null,"codTEP":null,"WSName":"DB","rangeAddress":"$AK$51:$AQ$89","headAddress":"$AK$51:$AQ$51","bodyAddress":"$AK$52:$AQ$89","_name":"прием"},"отдача":{"_level":1,"parentID":"8b26c4ff-23c4-4ad0-afe8-1ea4fd794cce","firstParentID":"79e4713b-2895-4a74-8118-16a80f35819c","ID":"a2647835-7c40-413f-a939-87117fbd8afb","childs":{"код":{"_level":2,"parentID":"a2647835-7c40-413f-a939-87117fbd8afb","firstParentID":"79e4713b-2895-4a74-8118-16a80f35819c","ID":"e74fdba7-5fae-4296-9efd-4f514c078266","childs":null,"emcosID":null,"emcosMLID":null,"codMaketTEP":null,"codTEP":null,"WSName":"DB","rangeAddress":"$AR$52:$AR$89","headAddress":"$AR$52","bodyAddress":"$AR$53:$AR$89","_name":"код"},"основное":{"_level":2,"parentID":"a2647835-7c40-413f-a939-87117fbd8afb","firstParentID":"79e4713b-2895-4a74-8118-16a80f35819c","ID":"700a1314-42ca-43ab-9e06-d78508dca6fe","childs":null,"emcosID":null,"emcosMLID":null,"codMaketTEP":null,"codTEP":null,"WSName":"DB","rangeAddress":"$AS$52:$AS$89","headAddress":"$AS$52","bodyAddress":"$AS$53:$AS$89","_name":"основное"},"корректировка факт":{"_level":2,"parentID":"a2647835-7c40-413f-a939-87117fbd8afb","firstParentID":"79e4713b-2895-4a74-8118-16a80f35819c","ID":"d3bb1aa2-1534-48be-a2b1-f7e14069694a","childs":null,"emcosID":null,"emcosMLID":null,"codMaketTEP":null,"codTEP":null,"WSName":"DB","rangeAddress":"$AT$52:$AT$89","headAddress":"$AT$52","bodyAddress":"$AT$53:$AT$89","_name":"корректировка факт"},"ручное":{"_level":2,"parentID":"a2647835-7c40-413f-a939-87117fbd8afb","firstParentID":"79e4713b-2895-4a74-8118-16a80f35819c","ID":"8af1fd88-5578-40b3-98c8-11ebfbccb269","childs":null,"emcosID":null,"emcosMLID":null,"codMaketTEP":null,"codTEP":null,"WSName":"DB","rangeAddress":"$AU$52:$AU$89","headAddress":"$AU$52","bodyAddress":"$AU$53:$AU$89","_name":"ручное"},"счетчик":{"_level":2,"parentID":"a2647835-7c40-413f-a939-87117fbd8afb","firstParentID":"79e4713b-2895-4a74-8118-16a80f35819c","ID":"e2e08761-77a5-4e17-a5af-841bc06dfd81","childs":null,"emcosID":null,"emcosMLID":null,"codMaketTEP":null,"codTEP":null,"WSName":"DB","rangeAddress":"$AV$52:$AV$89","headAddress":"$AV$52","bodyAddress":"$AV$53:$AV$89","_name":"счетчик"},"по счетчику":{"_level":2,"parentID":"a2647835-7c40-413f-a939-87117fbd8afb","firstParentID":"79e4713b-2895-4a74-8118-16a80f35819c","ID":"64cc3846-b81b-4021-8c50-7db44ac46845","childs":null,"emcosID":null,"emcosMLID":null,"codMaketTEP":null,"codTEP":null,"WSName":"DB","rangeAddress":"$AW$52:$AW$89","headAddress":"$AW$52","bodyAddress":"$AW$53:$AW$89","_name":"по счетчику"},"аскуэ":{"_level":2,"parentID":"a2647835-7c40-413f-a939-87117fbd8afb","firstParentID":"79e4713b-2895-4a74-8118-16a80f35819c","ID":"a7785484-2753-43f9-9889-0de8811f1c4c","childs":null,"emcosID":null,"emcosMLID":null,"codMaketTEP":null,"codTEP":null,"WSName":"DB","rangeAddress":"$AX$52:$AX$89","headAddress":"$AX$52","bodyAddress":"$AX$53:$AX$89","_name":"аскуэ"}},"emcosID":1579,"emcosMLID":386,"codMaketTEP":null,"codTEP":null,"WSName":"DB","rangeAddress":"$AR$51:$AX$89","headAddress":"$AR$51:$AX$51","bodyAddress":"$AR$52:$AX$89","_name":"отдача"}},"emcosID":null,"emcosMLID":null,"codMaketTEP":null,"codTEP":null,"WSName":"DB","rangeAddress":"$AK$50:$AX$89","headAddress":"$AK$50:$AX$50","bodyAddress":"$AK$51:$AX$89","_name":"Л5400 Талдыкорган"}},"codPlan":null,"meterCoef":null,"_name":"Л5400 Талдыкорган"}