{"ID":"87225c34-c937-45f0-a73a-861716332e9e","childs":{"PS":{"_level":0,"parentID":"87225c34-c937-45f0-a73a-861716332e9e","firstParentID":"87225c34-c937-45f0-a73a-861716332e9e","ID":"18443ad7-a3e7-4420-9fdf-f18598865776","childs":{"прием":{"_level":1,"parentID":"18443ad7-a3e7-4420-9fdf-f18598865776","firstParentID":"87225c34-c937-45f0-a73a-861716332e9e","ID":"4fbfeda0-03e2-42dc-8e52-f02d87f1adc4","childs":{"по счетчику":{"_level":2,"parentID":"4fbfeda0-03e2-42dc-8e52-f02d87f1adc4","firstParentID":"87225c34-c937-45f0-a73a-861716332e9e","ID":"b1bb88ef-e42a-44de-80e5-f9d73aaafe70","childs":null,"emcosID":null,"emcosMLID":null,"codMaketTEP":null,"codTEP":null,"WSName":"PS","rangeAddress":"$BK$56:$BK$92","headAddress":"$BK$56","bodyAddress":"$BK$57:$BK$92","_name":"по счетчику"}},"emcosID":null,"emcosMLID":null,"codMaketTEP":null,"codTEP":null,"WSName":"PS","rangeAddress":"$BK$55:$BK$92","headAddress":"$BK$55","bodyAddress":"$BK$56:$BK$92","_name":"прием"},"отдача":{"_level":1,"parentID":"18443ad7-a3e7-4420-9fdf-f18598865776","firstParentID":"87225c34-c937-45f0-a73a-861716332e9e","ID":"017b3a93-3cde-4d56-af9c-dc2a98d6ffd4","childs":{"по счетчику":{"_level":2,"parentID":"017b3a93-3cde-4d56-af9c-dc2a98d6ffd4","firstParentID":"87225c34-c937-45f0-a73a-861716332e9e","ID":"d9f5dd29-bf04-4a9e-886f-b96dada5dc9d","childs":null,"emcosID":null,"emcosMLID":null,"codMaketTEP":null,"codTEP":null,"WSName":"PS","rangeAddress":"$BL$56:$BL$92","headAddress":"$BL$56","bodyAddress":"$BL$57:$BL$92","_name":"по счетчику"}},"emcosID":null,"emcosMLID":null,"codMaketTEP":null,"codTEP":null,"WSName":"PS","rangeAddress":"$BL$55:$BL$92","headAddress":"$BL$55","bodyAddress":"$BL$56:$BL$92","_name":"отдача"}},"emcosID":null,"emcosMLID":null,"codMaketTEP":null,"codTEP":null,"WSName":"PS","rangeAddress":"$BK$54:$BL$92","headAddress":"$BK$54:$BL$54","bodyAddress":"$BK$55:$BL$92","_name":"Л2253 Шу"},"DB":{"_level":0,"parentID":"87225c34-c937-45f0-a73a-861716332e9e","firstParentID":"87225c34-c937-45f0-a73a-861716332e9e","ID":"3b29bcb1-c739-4dd0-8177-d44b077587f0","childs":{"прием":{"_level":1,"parentID":"3b29bcb1-c739-4dd0-8177-d44b077587f0","firstParentID":"87225c34-c937-45f0-a73a-861716332e9e","ID":"0bfdd43a-94ce-4cd9-a645-940ab0b157a9","childs":{"код":{"_level":2,"parentID":"0bfdd43a-94ce-4cd9-a645-940ab0b157a9","firstParentID":"87225c34-c937-45f0-a73a-861716332e9e","ID":"c6b7b978-19f5-45b7-a5e7-fd16df3f921d","childs":null,"emcosID":null,"emcosMLID":null,"codMaketTEP":null,"codTEP":null,"WSName":"DB","rangeAddress":"$FN$9:$FN$46","headAddress":"$FN$9","bodyAddress":"$FN$10:$FN$46","_name":"код"},"основное":{"_level":2,"parentID":"0bfdd43a-94ce-4cd9-a645-940ab0b157a9","firstParentID":"87225c34-c937-45f0-a73a-861716332e9e","ID":"6244462d-4052-44e6-9357-e0b76b466e39","childs":null,"emcosID":null,"emcosMLID":null,"codMaketTEP":null,"codTEP":null,"WSName":"DB","rangeAddress":"$FO$9:$FO$46","headAddress":"$FO$9","bodyAddress":"$FO$10:$FO$46","_name":"основное"},"корректировка факт":{"_level":2,"parentID":"0bfdd43a-94ce-4cd9-a645-940ab0b157a9","firstParentID":"87225c34-c937-45f0-a73a-861716332e9e","ID":"f30f23ed-5e9b-4a5b-8d96-fcd1c3d9ff7e","childs":null,"emcosID":null,"emcosMLID":null,"codMaketTEP":null,"codTEP":null,"WSName":"DB","rangeAddress":"$FP$9:$FP$46","headAddress":"$FP$9","bodyAddress":"$FP$10:$FP$46","_name":"корректировка факт"},"ручное":{"_level":2,"parentID":"0bfdd43a-94ce-4cd9-a645-940ab0b157a9","firstParentID":"87225c34-c937-45f0-a73a-861716332e9e","ID":"b9ca4d80-c588-437d-8c7e-3bd65095bbb5","childs":null,"emcosID":null,"emcosMLID":null,"codMaketTEP":null,"codTEP":null,"WSName":"DB","rangeAddress":"$FQ$9:$FQ$46","headAddress":"$FQ$9","bodyAddress":"$FQ$10:$FQ$46","_name":"ручное"},"счетчик":{"_level":2,"parentID":"0bfdd43a-94ce-4cd9-a645-940ab0b157a9","firstParentID":"87225c34-c937-45f0-a73a-861716332e9e","ID":"ac36e52c-1887-4d85-bae6-268b03b12f9b","childs":null,"emcosID":null,"emcosMLID":null,"codMaketTEP":null,"codTEP":null,"WSName":"DB","rangeAddress":"$FR$9:$FR$46","headAddress":"$FR$9","bodyAddress":"$FR$10:$FR$46","_name":"счетчик"},"по счетчику":{"_level":2,"parentID":"0bfdd43a-94ce-4cd9-a645-940ab0b157a9","firstParentID":"87225c34-c937-45f0-a73a-861716332e9e","ID":"62eb5f91-1c7b-4d48-82de-1be44e9a755e","childs":null,"emcosID":null,"emcosMLID":null,"codMaketTEP":null,"codTEP":null,"WSName":"DB","rangeAddress":"$FS$9:$FS$46","headAddress":"$FS$9","bodyAddress":"$FS$10:$FS$46","_name":"по счетчику"}},"emcosID":null,"emcosMLID":null,"codMaketTEP":null,"codTEP":null,"WSName":"DB","rangeAddress":"$FN$8:$FS$46","headAddress":"$FN$8:$FS$8","bodyAddress":"$FN$9:$FS$46","_name":"прием"},"отдача":{"_level":1,"parentID":"3b29bcb1-c739-4dd0-8177-d44b077587f0","firstParentID":"87225c34-c937-45f0-a73a-861716332e9e","ID":"b32448ae-1478-4356-a71a-669e320f56a6","childs":{"код":{"_level":2,"parentID":"b32448ae-1478-4356-a71a-669e320f56a6","firstParentID":"87225c34-c937-45f0-a73a-861716332e9e","ID":"f7cb3583-bb28-43b7-9c3d-e270a0522ac4","childs":null,"emcosID":null,"emcosMLID":null,"codMaketTEP":null,"codTEP":null,"WSName":"DB","rangeAddress":"$FT$9:$FT$46","headAddress":"$FT$9","bodyAddress":"$FT$10:$FT$46","_name":"код"},"основное":{"_level":2,"parentID":"b32448ae-1478-4356-a71a-669e320f56a6","firstParentID":"87225c34-c937-45f0-a73a-861716332e9e","ID":"9f597582-4d85-45d4-836a-d20451a48f9a","childs":null,"emcosID":null,"emcosMLID":null,"codMaketTEP":null,"codTEP":null,"WSName":"DB","rangeAddress":"$FU$9:$FU$46","headAddress":"$FU$9","bodyAddress":"$FU$10:$FU$46","_name":"основное"},"корректировка факт":{"_level":2,"parentID":"b32448ae-1478-4356-a71a-669e320f56a6","firstParentID":"87225c34-c937-45f0-a73a-861716332e9e","ID":"63c49b73-4714-4cc5-8da9-bfccc1736ea0","childs":null,"emcosID":null,"emcosMLID":null,"codMaketTEP":null,"codTEP":null,"WSName":"DB","rangeAddress":"$FV$9:$FV$46","headAddress":"$FV$9","bodyAddress":"$FV$10:$FV$46","_name":"корректировка факт"},"ручное":{"_level":2,"parentID":"b32448ae-1478-4356-a71a-669e320f56a6","firstParentID":"87225c34-c937-45f0-a73a-861716332e9e","ID":"0cc08741-51e2-499a-acdb-5e2bb5c7283d","childs":null,"emcosID":null,"emcosMLID":null,"codMaketTEP":null,"codTEP":null,"WSName":"DB","rangeAddress":"$FW$9:$FW$46","headAddress":"$FW$9","bodyAddress":"$FW$10:$FW$46","_name":"ручное"},"счетчик":{"_level":2,"parentID":"b32448ae-1478-4356-a71a-669e320f56a6","firstParentID":"87225c34-c937-45f0-a73a-861716332e9e","ID":"00042c88-a6f5-4921-93a9-e56f28540fb2","childs":null,"emcosID":null,"emcosMLID":null,"codMaketTEP":null,"codTEP":null,"WSName":"DB","rangeAddress":"$FX$9:$FX$46","headAddress":"$FX$9","bodyAddress":"$FX$10:$FX$46","_name":"счетчик"},"по счетчику":{"_level":2,"parentID":"b32448ae-1478-4356-a71a-669e320f56a6","firstParentID":"87225c34-c937-45f0-a73a-861716332e9e","ID":"163fe99d-1f36-46d4-9f10-14005d109472","childs":null,"emcosID":null,"emcosMLID":null,"codMaketTEP":null,"codTEP":null,"WSName":"DB","rangeAddress":"$FY$9:$FY$46","headAddress":"$FY$9","bodyAddress":"$FY$10:$FY$46","_name":"по счетчику"}},"emcosID":null,"emcosMLID":null,"codMaketTEP":null,"codTEP":null,"WSName":"DB","rangeAddress":"$FT$8:$FY$46","headAddress":"$FT$8:$FY$8","bodyAddress":"$FT$9:$FY$46","_name":"отдача"}},"emcosID":null,"emcosMLID":null,"codMaketTEP":null,"codTEP":null,"WSName":"DB","rangeAddress":"$FN$7:$FY$46","headAddress":"$FN$7:$FY$7","bodyAddress":"$FN$8:$FY$46","_name":"Л2253 Шу"}},"codPlan":null,"meterCoef":"2200","_name":"Л2253 Шу"}