{"ID":"88a835ae-8916-4b78-9d6f-baf83d582cdc","childs":{"PS":{"_level":0,"parentID":"88a835ae-8916-4b78-9d6f-baf83d582cdc","firstParentID":"88a835ae-8916-4b78-9d6f-baf83d582cdc","ID":"89b4f615-bd01-4cb9-ab54-92041f3136cc","childs":{"отдача":{"_level":1,"parentID":"89b4f615-bd01-4cb9-ab54-92041f3136cc","firstParentID":"88a835ae-8916-4b78-9d6f-baf83d582cdc","ID":"d86470a7-92f4-4e18-90e4-ed81967c0270","childs":{"формула":{"_level":2,"parentID":"d86470a7-92f4-4e18-90e4-ed81967c0270","firstParentID":"88a835ae-8916-4b78-9d6f-baf83d582cdc","ID":"7b10696a-76d9-491d-ab29-f4bbf8019ac0","childs":null,"emcosID":null,"emcosMLID":null,"codMaketTEP":null,"codTEP":null,"WSName":"PS","rangeAddress":"$BA$228:$BA$264","headAddress":"$BA$228","bodyAddress":"$BA$229:$BA$264","_name":"формула"}},"emcosID":null,"emcosMLID":null,"codMaketTEP":null,"codTEP":null,"WSName":"PS","rangeAddress":"$BA$227:$BA$264","headAddress":"$BA$227","bodyAddress":"$BA$228:$BA$264","_name":"отдача"}},"emcosID":null,"emcosMLID":null,"codMaketTEP":null,"codTEP":null,"WSName":"PS","rangeAddress":"$BA$226:$BA$264","headAddress":"$BA$226","bodyAddress":"$BA$227:$BA$264","_name":"Отпуск в сеть Каскад Каратальских ГЭС ККГЭС"},"DB":{"_level":0,"parentID":"88a835ae-8916-4b78-9d6f-baf83d582cdc","firstParentID":"88a835ae-8916-4b78-9d6f-baf83d582cdc","ID":"739380a8-5854-451c-b34b-3c37fe5450a5","childs":{"отдача":{"_level":1,"parentID":"739380a8-5854-451c-b34b-3c37fe5450a5","firstParentID":"88a835ae-8916-4b78-9d6f-baf83d582cdc","ID":"d7563ff4-9ba2-4491-bf3c-ff060e014c1e","childs":{"код":{"_level":2,"parentID":"d7563ff4-9ba2-4491-bf3c-ff060e014c1e","firstParentID":"88a835ae-8916-4b78-9d6f-baf83d582cdc","ID":"7e18b4ef-bd2d-4a26-a786-8d98f30bfa2a","childs":null,"emcosID":null,"emcosMLID":null,"codMaketTEP":null,"codTEP":null,"WSName":"DB","rangeAddress":"$HY$224:$HY$261","headAddress":"$HY$224","bodyAddress":"$HY$225:$HY$261","_name":"код"},"основное":{"_level":2,"parentID":"d7563ff4-9ba2-4491-bf3c-ff060e014c1e","firstParentID":"88a835ae-8916-4b78-9d6f-baf83d582cdc","ID":"b68fd82b-a543-4611-bd91-6a31f5576449","childs":null,"emcosID":null,"emcosMLID":null,"codMaketTEP":null,"codTEP":null,"WSName":"DB","rangeAddress":"$HZ$224:$HZ$261","headAddress":"$HZ$224","bodyAddress":"$HZ$225:$HZ$261","_name":"основное"},"корректировка факт":{"_level":2,"parentID":"d7563ff4-9ba2-4491-bf3c-ff060e014c1e","firstParentID":"88a835ae-8916-4b78-9d6f-baf83d582cdc","ID":"8c57654c-1a53-4334-8d7e-f749681a4d7a","childs":null,"emcosID":null,"emcosMLID":null,"codMaketTEP":null,"codTEP":null,"WSName":"DB","rangeAddress":"$IA$224:$IA$261","headAddress":"$IA$224","bodyAddress":"$IA$225:$IA$261","_name":"корректировка факт"},"ручное":{"_level":2,"parentID":"d7563ff4-9ba2-4491-bf3c-ff060e014c1e","firstParentID":"88a835ae-8916-4b78-9d6f-baf83d582cdc","ID":"8438fa2a-a743-46f7-8110-94fe2575b743","childs":null,"emcosID":null,"emcosMLID":null,"codMaketTEP":null,"codTEP":null,"WSName":"DB","rangeAddress":"$IB$224:$IB$261","headAddress":"$IB$224","bodyAddress":"$IB$225:$IB$261","_name":"ручное"},"формула":{"_level":2,"parentID":"d7563ff4-9ba2-4491-bf3c-ff060e014c1e","firstParentID":"88a835ae-8916-4b78-9d6f-baf83d582cdc","ID":"963a447a-a71a-4305-becf-d0fe04d953dc","childs":null,"emcosID":null,"emcosMLID":null,"codMaketTEP":null,"codTEP":null,"WSName":"DB","rangeAddress":"$IC$224:$IC$261","headAddress":"$IC$224","bodyAddress":"$IC$225:$IC$261","_name":"формула"}},"emcosID":null,"emcosMLID":null,"codMaketTEP":null,"codTEP":null,"WSName":"DB","rangeAddress":"$HY$223:$IC$261","headAddress":"$HY$223:$IC$223","bodyAddress":"$HY$224:$IC$261","_name":"отдача"}},"emcosID":null,"emcosMLID":null,"codMaketTEP":null,"codTEP":null,"WSName":"DB","rangeAddress":"$HY$222:$IC$261","headAddress":"$HY$222:$IC$222","bodyAddress":"$HY$223:$IC$261","_name":"Отпуск в сеть Каскад Каратальских ГЭС ККГЭС"}},"codPlan":null,"meterCoef":null,"_name":"Отпуск в сеть Каскад Каратальских ГЭС ККГЭС"}