{"ID":"8c6ed8ce-af37-40f7-aa2b-7e6a07f2016d","childs":{"PS":{"_level":0,"parentID":"8c6ed8ce-af37-40f7-aa2b-7e6a07f2016d","firstParentID":"8c6ed8ce-af37-40f7-aa2b-7e6a07f2016d","ID":"72257051-55a4-47bd-a3bf-069d8928ad88","childs":{"прием":{"_level":1,"parentID":"72257051-55a4-47bd-a3bf-069d8928ad88","firstParentID":"8c6ed8ce-af37-40f7-aa2b-7e6a07f2016d","ID":"360b14f6-7b2b-4c85-bc35-c7810c2dab7c","childs":{"формула":{"_level":2,"parentID":"360b14f6-7b2b-4c85-bc35-c7810c2dab7c","firstParentID":"8c6ed8ce-af37-40f7-aa2b-7e6a07f2016d","ID":"70127da0-5240-47c0-a0cb-1c41c9869087","childs":null,"emcosID":null,"emcosMLID":null,"codMaketTEP":null,"codTEP":null,"WSName":"PS","rangeAddress":"$Z$185:$Z$221","headAddress":"$Z$185","bodyAddress":"$Z$186:$Z$221","_name":"формула"}},"emcosID":null,"emcosMLID":null,"codMaketTEP":1329,"codTEP":null,"WSName":"PS","rangeAddress":"$Z$184:$Z$221","headAddress":"$Z$184","bodyAddress":"$Z$185:$Z$221","_name":"прием"}},"emcosID":null,"emcosMLID":null,"codMaketTEP":null,"codTEP":null,"WSName":"PS","rangeAddress":"$Z$183:$Z$221","headAddress":"$Z$183","bodyAddress":"$Z$184:$Z$221","_name":"Потребление Корпорация Казахмыс"},"DB":{"_level":0,"parentID":"8c6ed8ce-af37-40f7-aa2b-7e6a07f2016d","firstParentID":"8c6ed8ce-af37-40f7-aa2b-7e6a07f2016d","ID":"8ebdad29-6055-4f80-af7f-1c1ac3689466","childs":{"прием":{"_level":1,"parentID":"8ebdad29-6055-4f80-af7f-1c1ac3689466","firstParentID":"8c6ed8ce-af37-40f7-aa2b-7e6a07f2016d","ID":"2ce714ff-8175-4a7a-b803-b8ea93056ee5","childs":{"код":{"_level":2,"parentID":"2ce714ff-8175-4a7a-b803-b8ea93056ee5","firstParentID":"8c6ed8ce-af37-40f7-aa2b-7e6a07f2016d","ID":"a0c4cb61-8ad1-4ed3-9765-e19e766132bf","childs":null,"emcosID":null,"emcosMLID":null,"codMaketTEP":null,"codTEP":null,"WSName":"DB","rangeAddress":"$O$353:$O$390","headAddress":"$O$353","bodyAddress":"$O$354:$O$390","_name":"код"},"основное":{"_level":2,"parentID":"2ce714ff-8175-4a7a-b803-b8ea93056ee5","firstParentID":"8c6ed8ce-af37-40f7-aa2b-7e6a07f2016d","ID":"9bdaa4ed-06ce-439f-ae6c-46c70883fe23","childs":null,"emcosID":null,"emcosMLID":null,"codMaketTEP":null,"codTEP":null,"WSName":"DB","rangeAddress":"$P$353:$P$390","headAddress":"$P$353","bodyAddress":"$P$354:$P$390","_name":"основное"},"корректировка факт":{"_level":2,"parentID":"2ce714ff-8175-4a7a-b803-b8ea93056ee5","firstParentID":"8c6ed8ce-af37-40f7-aa2b-7e6a07f2016d","ID":"d655ed29-b17a-43ce-9cbd-13a0718d0a10","childs":null,"emcosID":null,"emcosMLID":null,"codMaketTEP":null,"codTEP":null,"WSName":"DB","rangeAddress":"$Q$353:$Q$390","headAddress":"$Q$353","bodyAddress":"$Q$354:$Q$390","_name":"корректировка факт"},"ручное":{"_level":2,"parentID":"2ce714ff-8175-4a7a-b803-b8ea93056ee5","firstParentID":"8c6ed8ce-af37-40f7-aa2b-7e6a07f2016d","ID":"c32cfecf-2f28-427b-90bf-f0e34411c9f2","childs":null,"emcosID":null,"emcosMLID":null,"codMaketTEP":null,"codTEP":null,"WSName":"DB","rangeAddress":"$R$353:$R$390","headAddress":"$R$353","bodyAddress":"$R$354:$R$390","_name":"ручное"},"формула":{"_level":2,"parentID":"2ce714ff-8175-4a7a-b803-b8ea93056ee5","firstParentID":"8c6ed8ce-af37-40f7-aa2b-7e6a07f2016d","ID":"72adfdbf-cae9-42ba-8c7c-32bf992f2b99","childs":null,"emcosID":null,"emcosMLID":null,"codMaketTEP":null,"codTEP":null,"WSName":"DB","rangeAddress":"$S$353:$S$390","headAddress":"$S$353","bodyAddress":"$S$354:$S$390","_name":"формула"}},"emcosID":null,"emcosMLID":null,"codMaketTEP":null,"codTEP":null,"WSName":"DB","rangeAddress":"$O$352:$S$390","headAddress":"$O$352:$S$352","bodyAddress":"$O$353:$S$390","_name":"прием"}},"emcosID":null,"emcosMLID":null,"codMaketTEP":null,"codTEP":null,"WSName":"DB","rangeAddress":"$O$351:$S$390","headAddress":"$O$351:$S$351","bodyAddress":"$O$352:$S$390","_name":"Потребление Корпорация Казахмыс"}},"codPlan":null,"meterCoef":null,"_name":"Потребление Корпорация Казахмыс"}