{"ID":"92089e20-7554-4849-9aa0-84cd49cd7d3b","childs":{"PS":{"_level":0,"parentID":"92089e20-7554-4849-9aa0-84cd49cd7d3b","firstParentID":"92089e20-7554-4849-9aa0-84cd49cd7d3b","ID":"aa61748a-4e0b-48d0-a8e3-acca4c254c0c","childs":{"отдача":{"_level":1,"parentID":"aa61748a-4e0b-48d0-a8e3-acca4c254c0c","firstParentID":"92089e20-7554-4849-9aa0-84cd49cd7d3b","ID":"770e3ee4-260c-4b7a-9e85-f557caccd729","childs":{"формула":{"_level":2,"parentID":"770e3ee4-260c-4b7a-9e85-f557caccd729","firstParentID":"92089e20-7554-4849-9aa0-84cd49cd7d3b","ID":"c36187c1-0508-4dc0-a481-0bc71818e78b","childs":null,"emcosID":null,"emcosMLID":null,"codMaketTEP":null,"codTEP":null,"WSName":"PS","rangeAddress":"$X$13:$X$49","headAddress":"$X$13","bodyAddress":"$X$14:$X$49","_name":"формула"}},"emcosID":null,"emcosMLID":null,"codMaketTEP":1410,"codTEP":null,"WSName":"PS","rangeAddress":"$X$12:$X$49","headAddress":"$X$12","bodyAddress":"$X$13:$X$49","_name":"отдача"},"план":{"_level":1,"parentID":"aa61748a-4e0b-48d0-a8e3-acca4c254c0c","firstParentID":"92089e20-7554-4849-9aa0-84cd49cd7d3b","ID":"7e12e506-7156-4801-a1ed-632e151577ea","childs":{"заявка":{"_level":2,"parentID":"7e12e506-7156-4801-a1ed-632e151577ea","firstParentID":"92089e20-7554-4849-9aa0-84cd49cd7d3b","ID":"87737ada-8efc-4ae2-89e3-78b63d07a150","childs":null,"emcosID":null,"emcosMLID":null,"codMaketTEP":null,"codTEP":null,"WSName":"PS","rangeAddress":"$Y$13:$Y$49","headAddress":"$Y$13","bodyAddress":"$Y$14:$Y$49","_name":"заявка"}},"emcosID":null,"emcosMLID":null,"codMaketTEP":null,"codTEP":null,"WSName":"PS","rangeAddress":"$Y$12:$Y$49","headAddress":"$Y$12","bodyAddress":"$Y$13:$Y$49","_name":"план"}},"emcosID":null,"emcosMLID":null,"codMaketTEP":null,"codTEP":null,"WSName":"PS","rangeAddress":"$X$11:$Y$49","headAddress":"$X$11:$Y$11","bodyAddress":"$X$12:$Y$49","_name":"Генерация Жетысуского энергоузла Общее"},"DB":{"_level":0,"parentID":"92089e20-7554-4849-9aa0-84cd49cd7d3b","firstParentID":"92089e20-7554-4849-9aa0-84cd49cd7d3b","ID":"1e97ecf0-186f-4bb8-8424-fa4c78617a14","childs":{"отдача":{"_level":1,"parentID":"1e97ecf0-186f-4bb8-8424-fa4c78617a14","firstParentID":"92089e20-7554-4849-9aa0-84cd49cd7d3b","ID":"c4366313-1fe6-497f-b7d1-24d2f1116124","childs":{"код":{"_level":2,"parentID":"c4366313-1fe6-497f-b7d1-24d2f1116124","firstParentID":"92089e20-7554-4849-9aa0-84cd49cd7d3b","ID":"65706361-1d1c-4ec6-bdee-c8ab9f0c8b42","childs":null,"emcosID":null,"emcosMLID":null,"codMaketTEP":null,"codTEP":null,"WSName":"DB","rangeAddress":"$DL$138:$DL$175","headAddress":"$DL$138","bodyAddress":"$DL$139:$DL$175","_name":"код"},"основное":{"_level":2,"parentID":"c4366313-1fe6-497f-b7d1-24d2f1116124","firstParentID":"92089e20-7554-4849-9aa0-84cd49cd7d3b","ID":"c6ec8cb1-c3c2-4823-b990-dc9b58f93abf","childs":null,"emcosID":null,"emcosMLID":null,"codMaketTEP":null,"codTEP":null,"WSName":"DB","rangeAddress":"$DM$138:$DM$175","headAddress":"$DM$138","bodyAddress":"$DM$139:$DM$175","_name":"основное"},"корректировка факт":{"_level":2,"parentID":"c4366313-1fe6-497f-b7d1-24d2f1116124","firstParentID":"92089e20-7554-4849-9aa0-84cd49cd7d3b","ID":"d26b01cc-bcea-4086-939d-11fe3ef8a0b2","childs":null,"emcosID":null,"emcosMLID":null,"codMaketTEP":null,"codTEP":null,"WSName":"DB","rangeAddress":"$DN$138:$DN$175","headAddress":"$DN$138","bodyAddress":"$DN$139:$DN$175","_name":"корректировка факт"},"ручное":{"_level":2,"parentID":"c4366313-1fe6-497f-b7d1-24d2f1116124","firstParentID":"92089e20-7554-4849-9aa0-84cd49cd7d3b","ID":"a2b9f70e-6075-4c7a-9282-fb6e146074dd","childs":null,"emcosID":null,"emcosMLID":null,"codMaketTEP":null,"codTEP":null,"WSName":"DB","rangeAddress":"$DO$138:$DO$175","headAddress":"$DO$138","bodyAddress":"$DO$139:$DO$175","_name":"ручное"},"формула":{"_level":2,"parentID":"c4366313-1fe6-497f-b7d1-24d2f1116124","firstParentID":"92089e20-7554-4849-9aa0-84cd49cd7d3b","ID":"f23748cd-bb0b-405c-a4ea-60719dcb2209","childs":null,"emcosID":null,"emcosMLID":null,"codMaketTEP":null,"codTEP":null,"WSName":"DB","rangeAddress":"$DP$138:$DP$175","headAddress":"$DP$138","bodyAddress":"$DP$139:$DP$175","_name":"формула"},"по плану":{"_level":2,"parentID":"c4366313-1fe6-497f-b7d1-24d2f1116124","firstParentID":"92089e20-7554-4849-9aa0-84cd49cd7d3b","ID":"53a21280-503d-480e-87c1-ad68980fd06a","childs":null,"emcosID":null,"emcosMLID":null,"codMaketTEP":null,"codTEP":null,"WSName":"DB","rangeAddress":"$DQ$138:$DQ$175","headAddress":"$DQ$138","bodyAddress":"$DQ$139:$DQ$175","_name":"по плану"}},"emcosID":null,"emcosMLID":null,"codMaketTEP":null,"codTEP":null,"WSName":"DB","rangeAddress":"$DL$137:$DQ$175","headAddress":"$DL$137:$DQ$137","bodyAddress":"$DL$138:$DQ$175","_name":"отдача"},"план":{"_level":1,"parentID":"1e97ecf0-186f-4bb8-8424-fa4c78617a14","firstParentID":"92089e20-7554-4849-9aa0-84cd49cd7d3b","ID":"ee0d1fe9-79c0-41b9-8249-06609e4cddd9","childs":{"код":{"_level":2,"parentID":"ee0d1fe9-79c0-41b9-8249-06609e4cddd9","firstParentID":"92089e20-7554-4849-9aa0-84cd49cd7d3b","ID":"2276feea-ee79-4617-a193-f329e2d813c8","childs":null,"emcosID":null,"emcosMLID":null,"codMaketTEP":null,"codTEP":null,"WSName":"DB","rangeAddress":"$DR$138:$DR$175","headAddress":"$DR$138","bodyAddress":"$DR$139:$DR$175","_name":"код"},"основное":{"_level":2,"parentID":"ee0d1fe9-79c0-41b9-8249-06609e4cddd9","firstParentID":"92089e20-7554-4849-9aa0-84cd49cd7d3b","ID":"2dc7d0a2-3379-4e98-9426-dd8019fb9e0a","childs":null,"emcosID":null,"emcosMLID":null,"codMaketTEP":null,"codTEP":null,"WSName":"DB","rangeAddress":"$DS$138:$DS$175","headAddress":"$DS$138","bodyAddress":"$DS$139:$DS$175","_name":"основное"},"заявка":{"_level":2,"parentID":"ee0d1fe9-79c0-41b9-8249-06609e4cddd9","firstParentID":"92089e20-7554-4849-9aa0-84cd49cd7d3b","ID":"48a93a90-af20-48b6-b3a6-1d25cd07552f","childs":null,"emcosID":null,"emcosMLID":null,"codMaketTEP":null,"codTEP":null,"WSName":"DB","rangeAddress":"$DT$138:$DT$175","headAddress":"$DT$138","bodyAddress":"$DT$139:$DT$175","_name":"заявка"},"утвержденный":{"_level":2,"parentID":"ee0d1fe9-79c0-41b9-8249-06609e4cddd9","firstParentID":"92089e20-7554-4849-9aa0-84cd49cd7d3b","ID":"d4323a1d-56b5-4786-ab28-c9780c268fbb","childs":null,"emcosID":null,"emcosMLID":null,"codMaketTEP":null,"codTEP":null,"WSName":"DB","rangeAddress":"$DU$138:$DU$175","headAddress":"$DU$138","bodyAddress":"$DU$139:$DU$175","_name":"утвержденный"},"корректировка":{"_level":2,"parentID":"ee0d1fe9-79c0-41b9-8249-06609e4cddd9","firstParentID":"92089e20-7554-4849-9aa0-84cd49cd7d3b","ID":"b96f7dda-076c-4dda-84b2-1d533dcf73c5","childs":null,"emcosID":null,"emcosMLID":null,"codMaketTEP":null,"codTEP":null,"WSName":"DB","rangeAddress":"$DV$138:$DV$175","headAddress":"$DV$138","bodyAddress":"$DV$139:$DV$175","_name":"корректировка"}},"emcosID":null,"emcosMLID":null,"codMaketTEP":null,"codTEP":null,"WSName":"DB","rangeAddress":"$DR$137:$DV$175","headAddress":"$DR$137:$DV$137","bodyAddress":"$DR$138:$DV$175","_name":"план"}},"emcosID":null,"emcosMLID":null,"codMaketTEP":null,"codTEP":null,"WSName":"DB","rangeAddress":"$DL$136:$DV$175","headAddress":"$DL$136:$DV$136","bodyAddress":"$DL$137:$DV$175","_name":"Генерация Жетысуского энергоузла Общее"}},"codPlan":92,"meterCoef":null,"_name":"Генерация Жетысуского энергоузла Общее"}