{"ID":"9985bff0-66ac-40b5-ba5d-42841581c3a6","childs":{"PS":{"_level":0,"parentID":"9985bff0-66ac-40b5-ba5d-42841581c3a6","firstParentID":"9985bff0-66ac-40b5-ba5d-42841581c3a6","ID":"461819d3-697f-496d-bc7b-db4ce75eddef","childs":{"прием":{"_level":1,"parentID":"461819d3-697f-496d-bc7b-db4ce75eddef","firstParentID":"9985bff0-66ac-40b5-ba5d-42841581c3a6","ID":"96075726-7e39-4c6d-b03b-874a3702053c","childs":{"по плану":{"_level":2,"parentID":"96075726-7e39-4c6d-b03b-874a3702053c","firstParentID":"9985bff0-66ac-40b5-ba5d-42841581c3a6","ID":"c6158ae6-b8b1-4538-a16f-063bed2b1ba1","childs":null,"emcosID":null,"emcosMLID":null,"codMaketTEP":null,"codTEP":null,"WSName":"PS","rangeAddress":"$BJ$228:$BJ$264","headAddress":"$BJ$228","bodyAddress":"$BJ$229:$BJ$264","_name":"по плану"}},"emcosID":null,"emcosMLID":null,"codMaketTEP":1421,"codTEP":null,"WSName":"PS","rangeAddress":"$BJ$227:$BJ$264","headAddress":"$BJ$227","bodyAddress":"$BJ$228:$BJ$264","_name":"прием"},"план":{"_level":1,"parentID":"461819d3-697f-496d-bc7b-db4ce75eddef","firstParentID":"9985bff0-66ac-40b5-ba5d-42841581c3a6","ID":"6ddd8568-743e-42e3-aa62-c5ca5023b77f","childs":{"заявка":{"_level":2,"parentID":"6ddd8568-743e-42e3-aa62-c5ca5023b77f","firstParentID":"9985bff0-66ac-40b5-ba5d-42841581c3a6","ID":"1c5a0f23-e57f-4ac4-a50d-81949e9adbb2","childs":null,"emcosID":null,"emcosMLID":null,"codMaketTEP":null,"codTEP":null,"WSName":"PS","rangeAddress":"$BK$228:$BK$264","headAddress":"$BK$228","bodyAddress":"$BK$229:$BK$264","_name":"заявка"}},"emcosID":null,"emcosMLID":null,"codMaketTEP":null,"codTEP":null,"WSName":"PS","rangeAddress":"$BK$227:$BK$264","headAddress":"$BK$227","bodyAddress":"$BK$228:$BK$264","_name":"план"}},"emcosID":null,"emcosMLID":null,"codMaketTEP":null,"codTEP":null,"WSName":"PS","rangeAddress":"$BJ$226:$BK$264","headAddress":"$BJ$226:$BK$226","bodyAddress":"$BJ$227:$BK$264","_name":"с.н. Антоновская ГЭС"},"DB":{"_level":0,"parentID":"9985bff0-66ac-40b5-ba5d-42841581c3a6","firstParentID":"9985bff0-66ac-40b5-ba5d-42841581c3a6","ID":"a1fee256-ed0d-43e3-a930-c5a57c34952d","childs":{"прием":{"_level":1,"parentID":"a1fee256-ed0d-43e3-a930-c5a57c34952d","firstParentID":"9985bff0-66ac-40b5-ba5d-42841581c3a6","ID":"a2e8b8cc-755a-43db-9f6f-f991ef45f626","childs":{"код":{"_level":2,"parentID":"a2e8b8cc-755a-43db-9f6f-f991ef45f626","firstParentID":"9985bff0-66ac-40b5-ba5d-42841581c3a6","ID":"932a1cd0-f3b1-4346-89f0-6ad2f0a9ad49","childs":null,"emcosID":null,"emcosMLID":null,"codMaketTEP":null,"codTEP":null,"WSName":"DB","rangeAddress":"$BG$568:$BG$605","headAddress":"$BG$568","bodyAddress":"$BG$569:$BG$605","_name":"код"},"основное":{"_level":2,"parentID":"a2e8b8cc-755a-43db-9f6f-f991ef45f626","firstParentID":"9985bff0-66ac-40b5-ba5d-42841581c3a6","ID":"11b607d0-c793-43d9-a486-53803b964594","childs":null,"emcosID":null,"emcosMLID":null,"codMaketTEP":null,"codTEP":null,"WSName":"DB","rangeAddress":"$BH$568:$BH$605","headAddress":"$BH$568","bodyAddress":"$BH$569:$BH$605","_name":"основное"},"корректировка факт":{"_level":2,"parentID":"a2e8b8cc-755a-43db-9f6f-f991ef45f626","firstParentID":"9985bff0-66ac-40b5-ba5d-42841581c3a6","ID":"96013604-35fd-4c8c-9118-b8d46931df5c","childs":null,"emcosID":null,"emcosMLID":null,"codMaketTEP":null,"codTEP":null,"WSName":"DB","rangeAddress":"$BI$568:$BI$605","headAddress":"$BI$568","bodyAddress":"$BI$569:$BI$605","_name":"корректировка факт"},"ручное":{"_level":2,"parentID":"a2e8b8cc-755a-43db-9f6f-f991ef45f626","firstParentID":"9985bff0-66ac-40b5-ba5d-42841581c3a6","ID":"9b842e11-d849-4a9f-bfc2-e3d40d1db871","childs":null,"emcosID":null,"emcosMLID":null,"codMaketTEP":null,"codTEP":null,"WSName":"DB","rangeAddress":"$BJ$568:$BJ$605","headAddress":"$BJ$568","bodyAddress":"$BJ$569:$BJ$605","_name":"ручное"},"по плану":{"_level":2,"parentID":"a2e8b8cc-755a-43db-9f6f-f991ef45f626","firstParentID":"9985bff0-66ac-40b5-ba5d-42841581c3a6","ID":"804ad3f2-2b76-434f-bc11-4f624a1217ab","childs":null,"emcosID":null,"emcosMLID":null,"codMaketTEP":null,"codTEP":null,"WSName":"DB","rangeAddress":"$BK$568:$BK$605","headAddress":"$BK$568","bodyAddress":"$BK$569:$BK$605","_name":"по плану"}},"emcosID":null,"emcosMLID":null,"codMaketTEP":null,"codTEP":null,"WSName":"DB","rangeAddress":"$BG$567:$BK$605","headAddress":"$BG$567:$BK$567","bodyAddress":"$BG$568:$BK$605","_name":"прием"},"план":{"_level":1,"parentID":"a1fee256-ed0d-43e3-a930-c5a57c34952d","firstParentID":"9985bff0-66ac-40b5-ba5d-42841581c3a6","ID":"e0e68cac-ad35-49ae-bbdc-2723172b8e9a","childs":{"код":{"_level":2,"parentID":"e0e68cac-ad35-49ae-bbdc-2723172b8e9a","firstParentID":"9985bff0-66ac-40b5-ba5d-42841581c3a6","ID":"e34b795c-990f-4ef8-afe1-46030a70508d","childs":null,"emcosID":null,"emcosMLID":null,"codMaketTEP":null,"codTEP":null,"WSName":"DB","rangeAddress":"$BL$568:$BL$605","headAddress":"$BL$568","bodyAddress":"$BL$569:$BL$605","_name":"код"},"основное":{"_level":2,"parentID":"e0e68cac-ad35-49ae-bbdc-2723172b8e9a","firstParentID":"9985bff0-66ac-40b5-ba5d-42841581c3a6","ID":"5225015d-6335-4e6f-961c-4b93ebab3e5e","childs":null,"emcosID":null,"emcosMLID":null,"codMaketTEP":null,"codTEP":null,"WSName":"DB","rangeAddress":"$BM$568:$BM$605","headAddress":"$BM$568","bodyAddress":"$BM$569:$BM$605","_name":"основное"},"заявка":{"_level":2,"parentID":"e0e68cac-ad35-49ae-bbdc-2723172b8e9a","firstParentID":"9985bff0-66ac-40b5-ba5d-42841581c3a6","ID":"0f92c11c-54e1-4732-95fa-23f4528a0672","childs":null,"emcosID":null,"emcosMLID":null,"codMaketTEP":null,"codTEP":null,"WSName":"DB","rangeAddress":"$BN$568:$BN$605","headAddress":"$BN$568","bodyAddress":"$BN$569:$BN$605","_name":"заявка"},"утвержденный":{"_level":2,"parentID":"e0e68cac-ad35-49ae-bbdc-2723172b8e9a","firstParentID":"9985bff0-66ac-40b5-ba5d-42841581c3a6","ID":"a6839b62-ada7-456a-bf30-78c17a81cd80","childs":null,"emcosID":null,"emcosMLID":null,"codMaketTEP":null,"codTEP":null,"WSName":"DB","rangeAddress":"$BO$568:$BO$605","headAddress":"$BO$568","bodyAddress":"$BO$569:$BO$605","_name":"утвержденный"},"корректировка":{"_level":2,"parentID":"e0e68cac-ad35-49ae-bbdc-2723172b8e9a","firstParentID":"9985bff0-66ac-40b5-ba5d-42841581c3a6","ID":"f9157fed-b5c6-4002-9ff7-160f95d6b087","childs":null,"emcosID":null,"emcosMLID":null,"codMaketTEP":null,"codTEP":null,"WSName":"DB","rangeAddress":"$BP$568:$BP$605","headAddress":"$BP$568","bodyAddress":"$BP$569:$BP$605","_name":"корректировка"}},"emcosID":null,"emcosMLID":null,"codMaketTEP":null,"codTEP":null,"WSName":"DB","rangeAddress":"$BL$567:$BP$605","headAddress":"$BL$567:$BP$567","bodyAddress":"$BL$568:$BP$605","_name":"план"}},"emcosID":null,"emcosMLID":null,"codMaketTEP":null,"codTEP":null,"WSName":"DB","rangeAddress":"$BG$566:$BP$605","headAddress":"$BG$566:$BP$566","bodyAddress":"$BG$567:$BP$605","_name":"с.н. Антоновская ГЭС"}},"codPlan":138,"meterCoef":null,"_name":"с.н. Антоновская ГЭС"}