{"ID":"9bfc08e9-d827-42c1-8c2e-5249f59a831b","childs":{"PS":{"_level":0,"parentID":"9bfc08e9-d827-42c1-8c2e-5249f59a831b","firstParentID":"9bfc08e9-d827-42c1-8c2e-5249f59a831b","ID":"8a5e4c50-ab8d-4d23-8d14-9ccdd4a51022","childs":{"отдача":{"_level":1,"parentID":"8a5e4c50-ab8d-4d23-8d14-9ccdd4a51022","firstParentID":"9bfc08e9-d827-42c1-8c2e-5249f59a831b","ID":"801554c6-896f-4d49-92b7-2b9c9846a674","childs":{"по счетчику":{"_level":2,"parentID":"801554c6-896f-4d49-92b7-2b9c9846a674","firstParentID":"9bfc08e9-d827-42c1-8c2e-5249f59a831b","ID":"d9bdb2d3-75a7-4ae5-8fad-4448e794722f","childs":null,"emcosID":null,"emcosMLID":null,"codMaketTEP":null,"codTEP":null,"WSName":"PS","rangeAddress":"$BP$99:$BP$135","headAddress":"$BP$99","bodyAddress":"$BP$100:$BP$135","_name":"по счетчику"},"СЧЕТЧИК":{"_level":2,"parentID":"801554c6-896f-4d49-92b7-2b9c9846a674","firstParentID":"9bfc08e9-d827-42c1-8c2e-5249f59a831b","ID":"bc5efc32-66b7-45d0-a76c-1a41048d50d2","childs":null,"emcosID":null,"emcosMLID":null,"codMaketTEP":null,"codTEP":null,"WSName":"PS","rangeAddress":"$BQ$99:$BQ$135","headAddress":"$BQ$99","bodyAddress":"$BQ$100:$BQ$135","_name":"СЧЕТЧИК"}},"emcosID":null,"emcosMLID":null,"codMaketTEP":null,"codTEP":null,"WSName":"PS","rangeAddress":"$BP$98:$BQ$135","headAddress":"$BP$98:$BQ$98","bodyAddress":"$BP$99:$BQ$135","_name":"отдача"}},"emcosID":null,"emcosMLID":null,"codMaketTEP":null,"codTEP":null,"WSName":"PS","rangeAddress":"$BP$97:$BQ$135","headAddress":"$BP$97:$BQ$97","bodyAddress":"$BP$98:$BQ$135","_name":"КЛ48 ПС149 Талдыкорган ЗЩА"},"DB":{"_level":0,"parentID":"9bfc08e9-d827-42c1-8c2e-5249f59a831b","firstParentID":"9bfc08e9-d827-42c1-8c2e-5249f59a831b","ID":"45db3b18-8215-4993-bf70-e1b21d8d2492","childs":{"отдача":{"_level":1,"parentID":"45db3b18-8215-4993-bf70-e1b21d8d2492","firstParentID":"9bfc08e9-d827-42c1-8c2e-5249f59a831b","ID":"5d644fa8-1338-4e28-b9e3-0589a025474f","childs":{"код":{"_level":2,"parentID":"5d644fa8-1338-4e28-b9e3-0589a025474f","firstParentID":"9bfc08e9-d827-42c1-8c2e-5249f59a831b","ID":"06267a7d-8633-417b-88da-e20685947c33","childs":null,"emcosID":null,"emcosMLID":null,"codMaketTEP":null,"codTEP":null,"WSName":"DB","rangeAddress":"$DS$267:$DS$304","headAddress":"$DS$267","bodyAddress":"$DS$268:$DS$304","_name":"код"},"основное":{"_level":2,"parentID":"5d644fa8-1338-4e28-b9e3-0589a025474f","firstParentID":"9bfc08e9-d827-42c1-8c2e-5249f59a831b","ID":"980377c2-de04-4973-9b2c-e0e4d189364c","childs":null,"emcosID":null,"emcosMLID":null,"codMaketTEP":null,"codTEP":null,"WSName":"DB","rangeAddress":"$DT$267:$DT$304","headAddress":"$DT$267","bodyAddress":"$DT$268:$DT$304","_name":"основное"},"корректировка факт":{"_level":2,"parentID":"5d644fa8-1338-4e28-b9e3-0589a025474f","firstParentID":"9bfc08e9-d827-42c1-8c2e-5249f59a831b","ID":"906564d5-e22c-40e9-bff6-521831497467","childs":null,"emcosID":null,"emcosMLID":null,"codMaketTEP":null,"codTEP":null,"WSName":"DB","rangeAddress":"$DU$267:$DU$304","headAddress":"$DU$267","bodyAddress":"$DU$268:$DU$304","_name":"корректировка факт"},"ручное":{"_level":2,"parentID":"5d644fa8-1338-4e28-b9e3-0589a025474f","firstParentID":"9bfc08e9-d827-42c1-8c2e-5249f59a831b","ID":"d7e50e56-35db-4af5-9f47-b660a79897e9","childs":null,"emcosID":null,"emcosMLID":null,"codMaketTEP":null,"codTEP":null,"WSName":"DB","rangeAddress":"$DV$267:$DV$304","headAddress":"$DV$267","bodyAddress":"$DV$268:$DV$304","_name":"ручное"},"оперативное":{"_level":2,"parentID":"5d644fa8-1338-4e28-b9e3-0589a025474f","firstParentID":"9bfc08e9-d827-42c1-8c2e-5249f59a831b","ID":"0825a032-bcc6-46f0-9bc8-32bc79d8c5ca","childs":null,"emcosID":null,"emcosMLID":null,"codMaketTEP":null,"codTEP":null,"WSName":"DB","rangeAddress":"$DW$267:$DW$304","headAddress":"$DW$267","bodyAddress":"$DW$268:$DW$304","_name":"оперативное"},"счетчик":{"_level":2,"parentID":"5d644fa8-1338-4e28-b9e3-0589a025474f","firstParentID":"9bfc08e9-d827-42c1-8c2e-5249f59a831b","ID":"4b17306b-e38a-494c-a14b-101b9e89754f","childs":null,"emcosID":null,"emcosMLID":null,"codMaketTEP":null,"codTEP":null,"WSName":"DB","rangeAddress":"$DX$267:$DX$304","headAddress":"$DX$267","bodyAddress":"$DX$268:$DX$304","_name":"счетчик"},"по счетчику":{"_level":2,"parentID":"5d644fa8-1338-4e28-b9e3-0589a025474f","firstParentID":"9bfc08e9-d827-42c1-8c2e-5249f59a831b","ID":"b9a4ba49-bfd8-4eb2-a60a-06669aa3fcc6","childs":null,"emcosID":null,"emcosMLID":null,"codMaketTEP":null,"codTEP":null,"WSName":"DB","rangeAddress":"$DY$267:$DY$304","headAddress":"$DY$267","bodyAddress":"$DY$268:$DY$304","_name":"по счетчику"}},"emcosID":null,"emcosMLID":null,"codMaketTEP":null,"codTEP":null,"WSName":"DB","rangeAddress":"$DS$266:$DY$304","headAddress":"$DS$266:$DY$266","bodyAddress":"$DS$267:$DY$304","_name":"отдача"}},"emcosID":null,"emcosMLID":null,"codMaketTEP":null,"codTEP":null,"WSName":"DB","rangeAddress":"$DS$265:$DY$304","headAddress":"$DS$265:$DY$265","bodyAddress":"$DS$266:$DY$304","_name":"КЛ48 ПС149 Талдыкорган ЗЩА"}},"codPlan":null,"meterCoef":"2","_name":"КЛ48 ПС149 Талдыкорган ЗЩА"}