{"ID":"a0e17a79-1b2a-4d13-96bd-ba6b3f397771","childs":{"PS":{"_level":0,"parentID":"a0e17a79-1b2a-4d13-96bd-ba6b3f397771","firstParentID":"a0e17a79-1b2a-4d13-96bd-ba6b3f397771","ID":"f3dda841-4bd2-4343-9492-abe0bcd60cf6","childs":{"отдача":{"_level":1,"parentID":"f3dda841-4bd2-4343-9492-abe0bcd60cf6","firstParentID":"a0e17a79-1b2a-4d13-96bd-ba6b3f397771","ID":"0a10d6a3-7ed4-416e-8182-e12fb8eaf57a","childs":{"по счетчику":{"_level":2,"parentID":"0a10d6a3-7ed4-416e-8182-e12fb8eaf57a","firstParentID":"a0e17a79-1b2a-4d13-96bd-ba6b3f397771","ID":"c2a266a6-68a3-40c8-af1c-5645b0b9cdad","childs":null,"emcosID":null,"emcosMLID":null,"codMaketTEP":null,"codTEP":null,"WSName":"PS","rangeAddress":"$BE$99:$BE$135","headAddress":"$BE$99","bodyAddress":"$BE$100:$BE$135","_name":"по счетчику"}},"emcosID":null,"emcosMLID":null,"codMaketTEP":null,"codTEP":null,"WSName":"PS","rangeAddress":"$BE$98:$BE$135","headAddress":"$BE$98","bodyAddress":"$BE$99:$BE$135","_name":"отдача"}},"emcosID":null,"emcosMLID":null,"codMaketTEP":null,"codTEP":null,"WSName":"PS","rangeAddress":"$BE$97:$BE$135","headAddress":"$BE$97","bodyAddress":"$BE$98:$BE$135","_name":"Л3 ПС126 Талдыкорган"},"DB":{"_level":0,"parentID":"a0e17a79-1b2a-4d13-96bd-ba6b3f397771","firstParentID":"a0e17a79-1b2a-4d13-96bd-ba6b3f397771","ID":"ef2a3fe9-edfe-49c0-890b-df9fa4d1d440","childs":{"отдача":{"_level":1,"parentID":"ef2a3fe9-edfe-49c0-890b-df9fa4d1d440","firstParentID":"a0e17a79-1b2a-4d13-96bd-ba6b3f397771","ID":"e3c7953b-7a5d-450f-a017-ef0d07d0d5a4","childs":{"код":{"_level":2,"parentID":"e3c7953b-7a5d-450f-a017-ef0d07d0d5a4","firstParentID":"a0e17a79-1b2a-4d13-96bd-ba6b3f397771","ID":"11ab337a-0d4b-4d74-a54e-4de5a9aaaf8a","childs":null,"emcosID":null,"emcosMLID":null,"codMaketTEP":null,"codTEP":null,"WSName":"DB","rangeAddress":"$Z$353:$Z$390","headAddress":"$Z$353","bodyAddress":"$Z$354:$Z$390","_name":"код"},"основное":{"_level":2,"parentID":"e3c7953b-7a5d-450f-a017-ef0d07d0d5a4","firstParentID":"a0e17a79-1b2a-4d13-96bd-ba6b3f397771","ID":"54af2d4e-35c0-4241-9de0-3db29a401494","childs":null,"emcosID":null,"emcosMLID":null,"codMaketTEP":null,"codTEP":null,"WSName":"DB","rangeAddress":"$AA$353:$AA$390","headAddress":"$AA$353","bodyAddress":"$AA$354:$AA$390","_name":"основное"},"корректировка факт":{"_level":2,"parentID":"e3c7953b-7a5d-450f-a017-ef0d07d0d5a4","firstParentID":"a0e17a79-1b2a-4d13-96bd-ba6b3f397771","ID":"3208253e-f3a4-42e8-a863-be87faf5e701","childs":null,"emcosID":null,"emcosMLID":null,"codMaketTEP":null,"codTEP":null,"WSName":"DB","rangeAddress":"$AB$353:$AB$390","headAddress":"$AB$353","bodyAddress":"$AB$354:$AB$390","_name":"корректировка факт"},"ручное":{"_level":2,"parentID":"e3c7953b-7a5d-450f-a017-ef0d07d0d5a4","firstParentID":"a0e17a79-1b2a-4d13-96bd-ba6b3f397771","ID":"6ca41b27-a023-4251-884a-8dd241d85951","childs":null,"emcosID":null,"emcosMLID":null,"codMaketTEP":null,"codTEP":null,"WSName":"DB","rangeAddress":"$AC$353:$AC$390","headAddress":"$AC$353","bodyAddress":"$AC$354:$AC$390","_name":"ручное"},"счетчик":{"_level":2,"parentID":"e3c7953b-7a5d-450f-a017-ef0d07d0d5a4","firstParentID":"a0e17a79-1b2a-4d13-96bd-ba6b3f397771","ID":"8b6b3b43-c2cd-4b7b-92bc-25ecb7851fa4","childs":null,"emcosID":null,"emcosMLID":null,"codMaketTEP":null,"codTEP":null,"WSName":"DB","rangeAddress":"$AD$353:$AD$390","headAddress":"$AD$353","bodyAddress":"$AD$354:$AD$390","_name":"счетчик"},"по счетчику":{"_level":2,"parentID":"e3c7953b-7a5d-450f-a017-ef0d07d0d5a4","firstParentID":"a0e17a79-1b2a-4d13-96bd-ba6b3f397771","ID":"73c786c4-3d08-4362-92eb-304b1fe38453","childs":null,"emcosID":null,"emcosMLID":null,"codMaketTEP":null,"codTEP":null,"WSName":"DB","rangeAddress":"$AE$353:$AE$390","headAddress":"$AE$353","bodyAddress":"$AE$354:$AE$390","_name":"по счетчику"}},"emcosID":null,"emcosMLID":null,"codMaketTEP":null,"codTEP":null,"WSName":"DB","rangeAddress":"$Z$352:$AE$390","headAddress":"$Z$352:$AE$352","bodyAddress":"$Z$353:$AE$390","_name":"отдача"}},"emcosID":null,"emcosMLID":null,"codMaketTEP":null,"codTEP":null,"WSName":"DB","rangeAddress":"$Z$351:$AE$390","headAddress":"$Z$351:$AE$351","bodyAddress":"$Z$352:$AE$390","_name":"Л3 ПС126 Талдыкорган"}},"codPlan":null,"meterCoef":"3","_name":"Л3 ПС126 Талдыкорган"}