{"ID":"a2967b9e-4b37-49d6-a3d4-d938da14396e","childs":{"PS":{"_level":0,"parentID":"a2967b9e-4b37-49d6-a3d4-d938da14396e","firstParentID":"a2967b9e-4b37-49d6-a3d4-d938da14396e","ID":"76db17d7-63c7-4fdf-9a1f-e51510faa359","childs":{"сальдо":{"_level":1,"parentID":"76db17d7-63c7-4fdf-9a1f-e51510faa359","firstParentID":"a2967b9e-4b37-49d6-a3d4-d938da14396e","ID":"bde49836-5d46-472f-8215-04afa02c14e6","childs":{"формула":{"_level":2,"parentID":"bde49836-5d46-472f-8215-04afa02c14e6","firstParentID":"a2967b9e-4b37-49d6-a3d4-d938da14396e","ID":"da409e9d-f666-4e4e-88b6-7665810ef486","childs":null,"emcosID":null,"emcosMLID":null,"codMaketTEP":null,"codTEP":null,"WSName":"PS","rangeAddress":"$N$13:$N$49","headAddress":"$N$13","bodyAddress":"$N$14:$N$49","_name":"формула"}},"emcosID":null,"emcosMLID":null,"codMaketTEP":1455,"codTEP":null,"WSName":"PS","rangeAddress":"$N$12:$N$49","headAddress":"$N$12","bodyAddress":"$N$13:$N$49","_name":"сальдо"}},"emcosID":null,"emcosMLID":null,"codMaketTEP":null,"codTEP":null,"WSName":"PS","rangeAddress":"$N$11:$N$49","headAddress":"$N$11","bodyAddress":"$N$12:$N$49","_name":"Сальдо ВМЭС Общее"},"DB":{"_level":0,"parentID":"a2967b9e-4b37-49d6-a3d4-d938da14396e","firstParentID":"a2967b9e-4b37-49d6-a3d4-d938da14396e","ID":"c9dbe38b-83e9-4464-aeca-6fc533ea63bc","childs":{"сальдо":{"_level":1,"parentID":"c9dbe38b-83e9-4464-aeca-6fc533ea63bc","firstParentID":"a2967b9e-4b37-49d6-a3d4-d938da14396e","ID":"67e10f6d-c1ce-4fe5-972c-ccc8e05c4b58","childs":{"код":{"_level":2,"parentID":"67e10f6d-c1ce-4fe5-972c-ccc8e05c4b58","firstParentID":"a2967b9e-4b37-49d6-a3d4-d938da14396e","ID":"c4253b8f-22a9-45bb-863f-e652dfb28b8c","childs":null,"emcosID":null,"emcosMLID":null,"codMaketTEP":null,"codTEP":null,"WSName":"DB","rangeAddress":"$FM$138:$FM$175","headAddress":"$FM$138","bodyAddress":"$FM$139:$FM$175","_name":"код"},"основное":{"_level":2,"parentID":"67e10f6d-c1ce-4fe5-972c-ccc8e05c4b58","firstParentID":"a2967b9e-4b37-49d6-a3d4-d938da14396e","ID":"4747283e-654a-40d6-8e31-8e05570a2512","childs":null,"emcosID":null,"emcosMLID":null,"codMaketTEP":null,"codTEP":null,"WSName":"DB","rangeAddress":"$FN$138:$FN$175","headAddress":"$FN$138","bodyAddress":"$FN$139:$FN$175","_name":"основное"},"корректировка факт":{"_level":2,"parentID":"67e10f6d-c1ce-4fe5-972c-ccc8e05c4b58","firstParentID":"a2967b9e-4b37-49d6-a3d4-d938da14396e","ID":"5b338c6e-d216-4347-91b2-d736463fb3da","childs":null,"emcosID":null,"emcosMLID":null,"codMaketTEP":null,"codTEP":null,"WSName":"DB","rangeAddress":"$FO$138:$FO$175","headAddress":"$FO$138","bodyAddress":"$FO$139:$FO$175","_name":"корректировка факт"},"ручное":{"_level":2,"parentID":"67e10f6d-c1ce-4fe5-972c-ccc8e05c4b58","firstParentID":"a2967b9e-4b37-49d6-a3d4-d938da14396e","ID":"8d3309ce-5202-48b0-bfb4-fddd03851d9a","childs":null,"emcosID":null,"emcosMLID":null,"codMaketTEP":null,"codTEP":null,"WSName":"DB","rangeAddress":"$FP$138:$FP$175","headAddress":"$FP$138","bodyAddress":"$FP$139:$FP$175","_name":"ручное"},"формула":{"_level":2,"parentID":"67e10f6d-c1ce-4fe5-972c-ccc8e05c4b58","firstParentID":"a2967b9e-4b37-49d6-a3d4-d938da14396e","ID":"536b684a-c3a9-4da0-a2c2-475d58a46fe6","childs":null,"emcosID":null,"emcosMLID":null,"codMaketTEP":null,"codTEP":null,"WSName":"DB","rangeAddress":"$FQ$138:$FQ$175","headAddress":"$FQ$138","bodyAddress":"$FQ$139:$FQ$175","_name":"формула"}},"emcosID":null,"emcosMLID":null,"codMaketTEP":null,"codTEP":null,"WSName":"DB","rangeAddress":"$FM$137:$FQ$175","headAddress":"$FM$137:$FQ$137","bodyAddress":"$FM$138:$FQ$175","_name":"сальдо"}},"emcosID":null,"emcosMLID":null,"codMaketTEP":null,"codTEP":null,"WSName":"DB","rangeAddress":"$FM$136:$FQ$175","headAddress":"$FM$136:$FQ$136","bodyAddress":"$FM$137:$FQ$175","_name":"Сальдо ВМЭС Общее"}},"codPlan":null,"meterCoef":null,"_name":"Сальдо ВМЭС Общее"}