{"ID":"a46221d3-5884-47b2-886e-b14eda99c32e","childs":{"PS":{"_level":0,"parentID":"a46221d3-5884-47b2-886e-b14eda99c32e","firstParentID":"a46221d3-5884-47b2-886e-b14eda99c32e","ID":"81215d34-1b61-4fa3-9f71-a6f500835728","childs":{"прием":{"_level":1,"parentID":"81215d34-1b61-4fa3-9f71-a6f500835728","firstParentID":"a46221d3-5884-47b2-886e-b14eda99c32e","ID":"77bfc8fe-651b-4ced-aefc-bd4c93cc9538","childs":{"формула":{"_level":2,"parentID":"77bfc8fe-651b-4ced-aefc-bd4c93cc9538","firstParentID":"a46221d3-5884-47b2-886e-b14eda99c32e","ID":"cf577b41-35a6-490a-9431-1e606eb05284","childs":null,"emcosID":null,"emcosMLID":null,"codMaketTEP":null,"codTEP":null,"WSName":"PS","rangeAddress":"$AP$99:$AP$135","headAddress":"$AP$99","bodyAddress":"$AP$100:$AP$135","_name":"формула"}},"emcosID":null,"emcosMLID":null,"codMaketTEP":null,"codTEP":null,"WSName":"PS","rangeAddress":"$AP$98:$AP$135","headAddress":"$AP$98","bodyAddress":"$AP$99:$AP$135","_name":"прием"}},"emcosID":null,"emcosMLID":null,"codMaketTEP":null,"codTEP":null,"WSName":"PS","rangeAddress":"$AP$97:$AP$135","headAddress":"$AP$97","bodyAddress":"$AP$98:$AP$135","_name":"с.н. ПС126 Талдыкорган"},"DB":{"_level":0,"parentID":"a46221d3-5884-47b2-886e-b14eda99c32e","firstParentID":"a46221d3-5884-47b2-886e-b14eda99c32e","ID":"ede1b16b-6da6-4cb0-82cf-19aca78d6bff","childs":{"прием":{"_level":1,"parentID":"ede1b16b-6da6-4cb0-82cf-19aca78d6bff","firstParentID":"a46221d3-5884-47b2-886e-b14eda99c32e","ID":"1476621d-2f19-46a1-bfd0-dbe9a4862778","childs":{"код":{"_level":2,"parentID":"1476621d-2f19-46a1-bfd0-dbe9a4862778","firstParentID":"a46221d3-5884-47b2-886e-b14eda99c32e","ID":"cfa080de-deb0-471c-b4f9-2385148af4ba","childs":null,"emcosID":null,"emcosMLID":null,"codMaketTEP":null,"codTEP":null,"WSName":"DB","rangeAddress":"$GH$224:$GH$261","headAddress":"$GH$224","bodyAddress":"$GH$225:$GH$261","_name":"код"},"основное":{"_level":2,"parentID":"1476621d-2f19-46a1-bfd0-dbe9a4862778","firstParentID":"a46221d3-5884-47b2-886e-b14eda99c32e","ID":"81d61fd5-1f0f-4a87-b07e-aa98e39513ef","childs":null,"emcosID":null,"emcosMLID":null,"codMaketTEP":null,"codTEP":null,"WSName":"DB","rangeAddress":"$GI$224:$GI$261","headAddress":"$GI$224","bodyAddress":"$GI$225:$GI$261","_name":"основное"},"корректировка факт":{"_level":2,"parentID":"1476621d-2f19-46a1-bfd0-dbe9a4862778","firstParentID":"a46221d3-5884-47b2-886e-b14eda99c32e","ID":"14453dd7-b2c6-44ab-91e6-56dbad95da34","childs":null,"emcosID":null,"emcosMLID":null,"codMaketTEP":null,"codTEP":null,"WSName":"DB","rangeAddress":"$GJ$224:$GJ$261","headAddress":"$GJ$224","bodyAddress":"$GJ$225:$GJ$261","_name":"корректировка факт"},"ручное":{"_level":2,"parentID":"1476621d-2f19-46a1-bfd0-dbe9a4862778","firstParentID":"a46221d3-5884-47b2-886e-b14eda99c32e","ID":"c468984f-729b-45cf-a8f7-153b772a86da","childs":null,"emcosID":null,"emcosMLID":null,"codMaketTEP":null,"codTEP":null,"WSName":"DB","rangeAddress":"$GK$224:$GK$261","headAddress":"$GK$224","bodyAddress":"$GK$225:$GK$261","_name":"ручное"},"формула":{"_level":2,"parentID":"1476621d-2f19-46a1-bfd0-dbe9a4862778","firstParentID":"a46221d3-5884-47b2-886e-b14eda99c32e","ID":"adf32016-01f6-48e1-984f-ccaaf15c8a83","childs":null,"emcosID":null,"emcosMLID":null,"codMaketTEP":null,"codTEP":null,"WSName":"DB","rangeAddress":"$GL$224:$GL$261","headAddress":"$GL$224","bodyAddress":"$GL$225:$GL$261","_name":"формула"}},"emcosID":null,"emcosMLID":null,"codMaketTEP":null,"codTEP":null,"WSName":"DB","rangeAddress":"$GH$223:$GL$261","headAddress":"$GH$223:$GL$223","bodyAddress":"$GH$224:$GL$261","_name":"прием"}},"emcosID":null,"emcosMLID":null,"codMaketTEP":null,"codTEP":null,"WSName":"DB","rangeAddress":"$GH$222:$GL$261","headAddress":"$GH$222:$GL$222","bodyAddress":"$GH$223:$GL$261","_name":"с.н. ПС126 Талдыкорган"}},"codPlan":null,"meterCoef":null,"_name":"с.н. ПС126 Талдыкорган"}