{"ID":"a5b4990c-bf02-4364-b350-6a2578973de1","childs":{"PS":{"_level":0,"parentID":"a5b4990c-bf02-4364-b350-6a2578973de1","firstParentID":"a5b4990c-bf02-4364-b350-6a2578973de1","ID":"fb35833b-9b9f-4fd3-a227-b2a94322cb1c","childs":{"прием":{"_level":1,"parentID":"fb35833b-9b9f-4fd3-a227-b2a94322cb1c","firstParentID":"a5b4990c-bf02-4364-b350-6a2578973de1","ID":"6931b319-91d9-435a-a67a-0115771e64c8","childs":{"формула":{"_level":2,"parentID":"6931b319-91d9-435a-a67a-0115771e64c8","firstParentID":"a5b4990c-bf02-4364-b350-6a2578973de1","ID":"a44ae62e-6ff4-41e0-a2b5-cd3185469260","childs":null,"emcosID":null,"emcosMLID":null,"codMaketTEP":null,"codTEP":null,"WSName":"PS","rangeAddress":"$AS$185:$AS$221","headAddress":"$AS$185","bodyAddress":"$AS$186:$AS$221","_name":"формула"}},"emcosID":null,"emcosMLID":null,"codMaketTEP":1394,"codTEP":null,"WSName":"PS","rangeAddress":"$AS$184:$AS$221","headAddress":"$AS$184","bodyAddress":"$AS$185:$AS$221","_name":"прием"},"план":{"_level":1,"parentID":"fb35833b-9b9f-4fd3-a227-b2a94322cb1c","firstParentID":"a5b4990c-bf02-4364-b350-6a2578973de1","ID":"99035fc0-4735-4620-a041-e39c93e63036","childs":{"заявка":{"_level":2,"parentID":"99035fc0-4735-4620-a041-e39c93e63036","firstParentID":"a5b4990c-bf02-4364-b350-6a2578973de1","ID":"562ef4d0-9112-4520-be70-94607248b588","childs":null,"emcosID":null,"emcosMLID":null,"codMaketTEP":null,"codTEP":null,"WSName":"PS","rangeAddress":"$AT$185:$AT$221","headAddress":"$AT$185","bodyAddress":"$AT$186:$AT$221","_name":"заявка"}},"emcosID":null,"emcosMLID":null,"codMaketTEP":null,"codTEP":null,"WSName":"PS","rangeAddress":"$AT$184:$AT$221","headAddress":"$AT$184","bodyAddress":"$AT$185:$AT$221","_name":"план"}},"emcosID":null,"emcosMLID":null,"codMaketTEP":null,"codTEP":null,"WSName":"PS","rangeAddress":"$AS$183:$AT$221","headAddress":"$AS$183:$AT$183","bodyAddress":"$AS$184:$AT$221","_name":"Потребление Samga Development Алматы"},"DB":{"_level":0,"parentID":"a5b4990c-bf02-4364-b350-6a2578973de1","firstParentID":"a5b4990c-bf02-4364-b350-6a2578973de1","ID":"38dcf7d5-ea8e-4fa4-9ab7-a681933c3dc2","childs":{"прием":{"_level":1,"parentID":"38dcf7d5-ea8e-4fa4-9ab7-a681933c3dc2","firstParentID":"a5b4990c-bf02-4364-b350-6a2578973de1","ID":"02fca956-a646-4af8-b86b-7f584a9a7820","childs":{"код":{"_level":2,"parentID":"02fca956-a646-4af8-b86b-7f584a9a7820","firstParentID":"a5b4990c-bf02-4364-b350-6a2578973de1","ID":"7e5f4b24-48c5-4841-b84c-0e74bd58041a","childs":null,"emcosID":null,"emcosMLID":null,"codMaketTEP":null,"codTEP":null,"WSName":"DB","rangeAddress":"$DF$439:$DF$476","headAddress":"$DF$439","bodyAddress":"$DF$440:$DF$476","_name":"код"},"основное":{"_level":2,"parentID":"02fca956-a646-4af8-b86b-7f584a9a7820","firstParentID":"a5b4990c-bf02-4364-b350-6a2578973de1","ID":"75c44489-4560-48b7-952d-2e0e2e315778","childs":null,"emcosID":null,"emcosMLID":null,"codMaketTEP":null,"codTEP":null,"WSName":"DB","rangeAddress":"$DG$439:$DG$476","headAddress":"$DG$439","bodyAddress":"$DG$440:$DG$476","_name":"основное"},"корректировка факт":{"_level":2,"parentID":"02fca956-a646-4af8-b86b-7f584a9a7820","firstParentID":"a5b4990c-bf02-4364-b350-6a2578973de1","ID":"d9b5797f-dd8a-4643-98e2-0ec6e3cf68c7","childs":null,"emcosID":null,"emcosMLID":null,"codMaketTEP":null,"codTEP":null,"WSName":"DB","rangeAddress":"$DH$439:$DH$476","headAddress":"$DH$439","bodyAddress":"$DH$440:$DH$476","_name":"корректировка факт"},"ручное":{"_level":2,"parentID":"02fca956-a646-4af8-b86b-7f584a9a7820","firstParentID":"a5b4990c-bf02-4364-b350-6a2578973de1","ID":"017b733d-35e8-4b5c-9139-84684f44752f","childs":null,"emcosID":null,"emcosMLID":null,"codMaketTEP":null,"codTEP":null,"WSName":"DB","rangeAddress":"$DI$439:$DI$476","headAddress":"$DI$439","bodyAddress":"$DI$440:$DI$476","_name":"ручное"},"по плану":{"_level":2,"parentID":"02fca956-a646-4af8-b86b-7f584a9a7820","firstParentID":"a5b4990c-bf02-4364-b350-6a2578973de1","ID":"69f67480-a9be-45fc-b09d-e79506b93a43","childs":null,"emcosID":null,"emcosMLID":null,"codMaketTEP":null,"codTEP":null,"WSName":"DB","rangeAddress":"$DJ$439:$DJ$476","headAddress":"$DJ$439","bodyAddress":"$DJ$440:$DJ$476","_name":"по плану"},"формула":{"_level":2,"parentID":"02fca956-a646-4af8-b86b-7f584a9a7820","firstParentID":"a5b4990c-bf02-4364-b350-6a2578973de1","ID":"f0fab303-295f-490b-a060-382eb33b6aa2","childs":null,"emcosID":null,"emcosMLID":null,"codMaketTEP":null,"codTEP":null,"WSName":"DB","rangeAddress":"$DK$439:$DK$476","headAddress":"$DK$439","bodyAddress":"$DK$440:$DK$476","_name":"формула"}},"emcosID":null,"emcosMLID":null,"codMaketTEP":null,"codTEP":null,"WSName":"DB","rangeAddress":"$DF$438:$DK$476","headAddress":"$DF$438:$DK$438","bodyAddress":"$DF$439:$DK$476","_name":"прием"},"план":{"_level":1,"parentID":"38dcf7d5-ea8e-4fa4-9ab7-a681933c3dc2","firstParentID":"a5b4990c-bf02-4364-b350-6a2578973de1","ID":"9f376616-dd5d-498d-a357-6f0d7e2b7aa2","childs":{"код":{"_level":2,"parentID":"9f376616-dd5d-498d-a357-6f0d7e2b7aa2","firstParentID":"a5b4990c-bf02-4364-b350-6a2578973de1","ID":"a8a42ab7-8a29-4942-87e8-55c69dca982d","childs":null,"emcosID":null,"emcosMLID":null,"codMaketTEP":null,"codTEP":null,"WSName":"DB","rangeAddress":"$DL$439:$DL$476","headAddress":"$DL$439","bodyAddress":"$DL$440:$DL$476","_name":"код"},"основное":{"_level":2,"parentID":"9f376616-dd5d-498d-a357-6f0d7e2b7aa2","firstParentID":"a5b4990c-bf02-4364-b350-6a2578973de1","ID":"e3e57604-e587-4442-8fca-8d3667adebd0","childs":null,"emcosID":null,"emcosMLID":null,"codMaketTEP":null,"codTEP":null,"WSName":"DB","rangeAddress":"$DM$439:$DM$476","headAddress":"$DM$439","bodyAddress":"$DM$440:$DM$476","_name":"основное"},"заявка":{"_level":2,"parentID":"9f376616-dd5d-498d-a357-6f0d7e2b7aa2","firstParentID":"a5b4990c-bf02-4364-b350-6a2578973de1","ID":"515b6cba-ec39-407f-9c69-45e915b275be","childs":null,"emcosID":null,"emcosMLID":null,"codMaketTEP":null,"codTEP":null,"WSName":"DB","rangeAddress":"$DN$439:$DN$476","headAddress":"$DN$439","bodyAddress":"$DN$440:$DN$476","_name":"заявка"},"утвержденный":{"_level":2,"parentID":"9f376616-dd5d-498d-a357-6f0d7e2b7aa2","firstParentID":"a5b4990c-bf02-4364-b350-6a2578973de1","ID":"e8f4e32c-64b8-4970-8645-df00ff433ce1","childs":null,"emcosID":null,"emcosMLID":null,"codMaketTEP":null,"codTEP":null,"WSName":"DB","rangeAddress":"$DO$439:$DO$476","headAddress":"$DO$439","bodyAddress":"$DO$440:$DO$476","_name":"утвержденный"},"корректировка":{"_level":2,"parentID":"9f376616-dd5d-498d-a357-6f0d7e2b7aa2","firstParentID":"a5b4990c-bf02-4364-b350-6a2578973de1","ID":"081bdfec-6be9-4e64-acb1-36e8816a1a39","childs":null,"emcosID":null,"emcosMLID":null,"codMaketTEP":null,"codTEP":null,"WSName":"DB","rangeAddress":"$DP$439:$DP$476","headAddress":"$DP$439","bodyAddress":"$DP$440:$DP$476","_name":"корректировка"}},"emcosID":null,"emcosMLID":null,"codMaketTEP":null,"codTEP":null,"WSName":"DB","rangeAddress":"$DL$438:$DP$476","headAddress":"$DL$438:$DP$438","bodyAddress":"$DL$439:$DP$476","_name":"план"}},"emcosID":null,"emcosMLID":null,"codMaketTEP":null,"codTEP":null,"WSName":"DB","rangeAddress":"$DF$437:$DP$476","headAddress":"$DF$437:$DP$437","bodyAddress":"$DF$438:$DP$476","_name":"Потребление Samga Development Алматы"}},"codPlan":82,"meterCoef":null,"_name":"Потребление Samga Development Алматы"}