{"ID":"a8d0a357-5917-4639-8f54-b8e1d5f147b9","childs":{"PS":{"_level":0,"parentID":"a8d0a357-5917-4639-8f54-b8e1d5f147b9","firstParentID":"a8d0a357-5917-4639-8f54-b8e1d5f147b9","ID":"bcfdd0fd-7ef7-4f5b-9905-31b68f1f284e","childs":{"отдача":{"_level":1,"parentID":"bcfdd0fd-7ef7-4f5b-9905-31b68f1f284e","firstParentID":"a8d0a357-5917-4639-8f54-b8e1d5f147b9","ID":"54f1be3d-07bc-4fad-91c9-d69f091fde0a","childs":{"по счетчику":{"_level":2,"parentID":"54f1be3d-07bc-4fad-91c9-d69f091fde0a","firstParentID":"a8d0a357-5917-4639-8f54-b8e1d5f147b9","ID":"b93ecb2a-982c-4275-969f-702a5ee400cd","childs":null,"emcosID":null,"emcosMLID":null,"codMaketTEP":null,"codTEP":null,"WSName":"PS","rangeAddress":"$CU$99:$CU$135","headAddress":"$CU$99","bodyAddress":"$CU$100:$CU$135","_name":"по счетчику"},"СЧЕТЧИК":{"_level":2,"parentID":"54f1be3d-07bc-4fad-91c9-d69f091fde0a","firstParentID":"a8d0a357-5917-4639-8f54-b8e1d5f147b9","ID":"86d4386b-c1af-420a-b2ec-5e7d7c7be829","childs":null,"emcosID":null,"emcosMLID":null,"codMaketTEP":null,"codTEP":null,"WSName":"PS","rangeAddress":"$CV$99:$CV$135","headAddress":"$CV$99","bodyAddress":"$CV$100:$CV$135","_name":"СЧЕТЧИК"}},"emcosID":null,"emcosMLID":null,"codMaketTEP":null,"codTEP":null,"WSName":"PS","rangeAddress":"$CU$98:$CV$135","headAddress":"$CU$98:$CV$98","bodyAddress":"$CU$99:$CV$135","_name":"отдача"}},"emcosID":null,"emcosMLID":null,"codMaketTEP":null,"codTEP":null,"WSName":"PS","rangeAddress":"$CU$97:$CV$135","headAddress":"$CU$97:$CV$97","bodyAddress":"$CU$98:$CV$135","_name":"КЛ84 ПС152 Талдыкорган"},"DB":{"_level":0,"parentID":"a8d0a357-5917-4639-8f54-b8e1d5f147b9","firstParentID":"a8d0a357-5917-4639-8f54-b8e1d5f147b9","ID":"c95a1738-f7fe-4288-9ec0-c186bb5feaae","childs":{"отдача":{"_level":1,"parentID":"c95a1738-f7fe-4288-9ec0-c186bb5feaae","firstParentID":"a8d0a357-5917-4639-8f54-b8e1d5f147b9","ID":"f5794490-ea6f-4da5-827c-364a1bebcb9c","childs":{"код":{"_level":2,"parentID":"f5794490-ea6f-4da5-827c-364a1bebcb9c","firstParentID":"a8d0a357-5917-4639-8f54-b8e1d5f147b9","ID":"ab9690da-210e-4913-8385-37a593977c3c","childs":null,"emcosID":null,"emcosMLID":null,"codMaketTEP":null,"codTEP":null,"WSName":"DB","rangeAddress":"$CX$267:$CX$304","headAddress":"$CX$267","bodyAddress":"$CX$268:$CX$304","_name":"код"},"основное":{"_level":2,"parentID":"f5794490-ea6f-4da5-827c-364a1bebcb9c","firstParentID":"a8d0a357-5917-4639-8f54-b8e1d5f147b9","ID":"aee24772-b529-4e3e-9c4c-bd3b132570ee","childs":null,"emcosID":null,"emcosMLID":null,"codMaketTEP":null,"codTEP":null,"WSName":"DB","rangeAddress":"$CY$267:$CY$304","headAddress":"$CY$267","bodyAddress":"$CY$268:$CY$304","_name":"основное"},"корректировка факт":{"_level":2,"parentID":"f5794490-ea6f-4da5-827c-364a1bebcb9c","firstParentID":"a8d0a357-5917-4639-8f54-b8e1d5f147b9","ID":"f3ddefeb-e38d-4bef-9f54-a3404647ae1b","childs":null,"emcosID":null,"emcosMLID":null,"codMaketTEP":null,"codTEP":null,"WSName":"DB","rangeAddress":"$CZ$267:$CZ$304","headAddress":"$CZ$267","bodyAddress":"$CZ$268:$CZ$304","_name":"корректировка факт"},"ручное":{"_level":2,"parentID":"f5794490-ea6f-4da5-827c-364a1bebcb9c","firstParentID":"a8d0a357-5917-4639-8f54-b8e1d5f147b9","ID":"a035a270-b489-46e3-b354-98176837b5fb","childs":null,"emcosID":null,"emcosMLID":null,"codMaketTEP":null,"codTEP":null,"WSName":"DB","rangeAddress":"$DA$267:$DA$304","headAddress":"$DA$267","bodyAddress":"$DA$268:$DA$304","_name":"ручное"},"оперативное":{"_level":2,"parentID":"f5794490-ea6f-4da5-827c-364a1bebcb9c","firstParentID":"a8d0a357-5917-4639-8f54-b8e1d5f147b9","ID":"30571177-d039-4966-872e-8240d465fd26","childs":null,"emcosID":null,"emcosMLID":null,"codMaketTEP":null,"codTEP":null,"WSName":"DB","rangeAddress":"$DB$267:$DB$304","headAddress":"$DB$267","bodyAddress":"$DB$268:$DB$304","_name":"оперативное"},"счетчик":{"_level":2,"parentID":"f5794490-ea6f-4da5-827c-364a1bebcb9c","firstParentID":"a8d0a357-5917-4639-8f54-b8e1d5f147b9","ID":"07ae05cd-ec3a-4d07-8593-432669bae4b2","childs":null,"emcosID":null,"emcosMLID":null,"codMaketTEP":null,"codTEP":null,"WSName":"DB","rangeAddress":"$DC$267:$DC$304","headAddress":"$DC$267","bodyAddress":"$DC$268:$DC$304","_name":"счетчик"},"по счетчику":{"_level":2,"parentID":"f5794490-ea6f-4da5-827c-364a1bebcb9c","firstParentID":"a8d0a357-5917-4639-8f54-b8e1d5f147b9","ID":"ccb6a898-73b4-45ce-86cf-16ceaa04aed1","childs":null,"emcosID":null,"emcosMLID":null,"codMaketTEP":null,"codTEP":null,"WSName":"DB","rangeAddress":"$DD$267:$DD$304","headAddress":"$DD$267","bodyAddress":"$DD$268:$DD$304","_name":"по счетчику"}},"emcosID":null,"emcosMLID":null,"codMaketTEP":null,"codTEP":null,"WSName":"DB","rangeAddress":"$CX$266:$DD$304","headAddress":"$CX$266:$DD$266","bodyAddress":"$CX$267:$DD$304","_name":"отдача"}},"emcosID":null,"emcosMLID":null,"codMaketTEP":null,"codTEP":null,"WSName":"DB","rangeAddress":"$CX$265:$DD$304","headAddress":"$CX$265:$DD$265","bodyAddress":"$CX$266:$DD$304","_name":"КЛ84 ПС152 Талдыкорган"}},"codPlan":null,"meterCoef":"6","_name":"КЛ84 ПС152 Талдыкорган"}