{"ID":"af673ab4-ab4f-48f1-9ed0-1139db4cae16","childs":{"PS":{"_level":0,"parentID":"af673ab4-ab4f-48f1-9ed0-1139db4cae16","firstParentID":"af673ab4-ab4f-48f1-9ed0-1139db4cae16","ID":"d74788b4-384d-46d4-a52c-bb183bc95f59","childs":{"прием":{"_level":1,"parentID":"d74788b4-384d-46d4-a52c-bb183bc95f59","firstParentID":"af673ab4-ab4f-48f1-9ed0-1139db4cae16","ID":"80f66002-7374-4b39-a358-6552cfdc32c8","childs":{"по счетчику":{"_level":2,"parentID":"80f66002-7374-4b39-a358-6552cfdc32c8","firstParentID":"af673ab4-ab4f-48f1-9ed0-1139db4cae16","ID":"99fa9ac1-8f40-41e4-8107-0ca3f40e7646","childs":null,"emcosID":null,"emcosMLID":null,"codMaketTEP":null,"codTEP":null,"WSName":"PS","rangeAddress":"$R$56:$R$92","headAddress":"$R$56","bodyAddress":"$R$57:$R$92","_name":"по счетчику"}},"emcosID":null,"emcosMLID":null,"codMaketTEP":null,"codTEP":null,"WSName":"PS","rangeAddress":"$R$55:$R$92","headAddress":"$R$55","bodyAddress":"$R$56:$R$92","_name":"прием"},"отдача":{"_level":1,"parentID":"d74788b4-384d-46d4-a52c-bb183bc95f59","firstParentID":"af673ab4-ab4f-48f1-9ed0-1139db4cae16","ID":"e59622e8-bb89-4bb8-83e7-42c6e82a45f3","childs":{"по счетчику":{"_level":2,"parentID":"e59622e8-bb89-4bb8-83e7-42c6e82a45f3","firstParentID":"af673ab4-ab4f-48f1-9ed0-1139db4cae16","ID":"16f40ea8-8a08-4595-a3b5-fed3116dfd6e","childs":null,"emcosID":null,"emcosMLID":null,"codMaketTEP":null,"codTEP":null,"WSName":"PS","rangeAddress":"$S$56:$S$92","headAddress":"$S$56","bodyAddress":"$S$57:$S$92","_name":"по счетчику"}},"emcosID":null,"emcosMLID":null,"codMaketTEP":null,"codTEP":null,"WSName":"PS","rangeAddress":"$S$55:$S$92","headAddress":"$S$55","bodyAddress":"$S$56:$S$92","_name":"отдача"}},"emcosID":null,"emcosMLID":null,"codMaketTEP":null,"codTEP":null,"WSName":"PS","rangeAddress":"$R$54:$S$92","headAddress":"$R$54:$S$54","bodyAddress":"$R$55:$S$92","_name":"Л5363 ЮКГРЭС"},"DB":{"_level":0,"parentID":"af673ab4-ab4f-48f1-9ed0-1139db4cae16","firstParentID":"af673ab4-ab4f-48f1-9ed0-1139db4cae16","ID":"a03a8f63-2fa7-418e-ab55-d7bf35756483","childs":{"прием":{"_level":1,"parentID":"a03a8f63-2fa7-418e-ab55-d7bf35756483","firstParentID":"af673ab4-ab4f-48f1-9ed0-1139db4cae16","ID":"77e4548b-84c2-4d8f-bc5d-3025690776be","childs":{"код":{"_level":2,"parentID":"77e4548b-84c2-4d8f-bc5d-3025690776be","firstParentID":"af673ab4-ab4f-48f1-9ed0-1139db4cae16","ID":"310863ba-b487-46d1-82a3-691d15690aba","childs":null,"emcosID":null,"emcosMLID":null,"codMaketTEP":null,"codTEP":null,"WSName":"DB","rangeAddress":"$PV$9:$PV$46","headAddress":"$PV$9","bodyAddress":"$PV$10:$PV$46","_name":"код"},"основное":{"_level":2,"parentID":"77e4548b-84c2-4d8f-bc5d-3025690776be","firstParentID":"af673ab4-ab4f-48f1-9ed0-1139db4cae16","ID":"3b0e91fa-ced4-456c-a1e5-036935a4d505","childs":null,"emcosID":null,"emcosMLID":null,"codMaketTEP":null,"codTEP":null,"WSName":"DB","rangeAddress":"$PW$9:$PW$46","headAddress":"$PW$9","bodyAddress":"$PW$10:$PW$46","_name":"основное"},"корректировка факт":{"_level":2,"parentID":"77e4548b-84c2-4d8f-bc5d-3025690776be","firstParentID":"af673ab4-ab4f-48f1-9ed0-1139db4cae16","ID":"5348eb1d-dd2f-4f1d-bc79-a86d6d467222","childs":null,"emcosID":null,"emcosMLID":null,"codMaketTEP":null,"codTEP":null,"WSName":"DB","rangeAddress":"$PX$9:$PX$46","headAddress":"$PX$9","bodyAddress":"$PX$10:$PX$46","_name":"корректировка факт"},"ручное":{"_level":2,"parentID":"77e4548b-84c2-4d8f-bc5d-3025690776be","firstParentID":"af673ab4-ab4f-48f1-9ed0-1139db4cae16","ID":"91a6820c-4d6a-48be-b703-743cba4c40df","childs":null,"emcosID":null,"emcosMLID":null,"codMaketTEP":null,"codTEP":null,"WSName":"DB","rangeAddress":"$PY$9:$PY$46","headAddress":"$PY$9","bodyAddress":"$PY$10:$PY$46","_name":"ручное"},"счетчик":{"_level":2,"parentID":"77e4548b-84c2-4d8f-bc5d-3025690776be","firstParentID":"af673ab4-ab4f-48f1-9ed0-1139db4cae16","ID":"48ce0363-4f60-4a56-aef7-df5ba38dcce3","childs":null,"emcosID":null,"emcosMLID":null,"codMaketTEP":null,"codTEP":null,"WSName":"DB","rangeAddress":"$PZ$9:$PZ$46","headAddress":"$PZ$9","bodyAddress":"$PZ$10:$PZ$46","_name":"счетчик"},"по счетчику":{"_level":2,"parentID":"77e4548b-84c2-4d8f-bc5d-3025690776be","firstParentID":"af673ab4-ab4f-48f1-9ed0-1139db4cae16","ID":"0282d6e1-3292-4c94-9d9a-d579213fa450","childs":null,"emcosID":null,"emcosMLID":null,"codMaketTEP":null,"codTEP":null,"WSName":"DB","rangeAddress":"$QA$9:$QA$46","headAddress":"$QA$9","bodyAddress":"$QA$10:$QA$46","_name":"по счетчику"}},"emcosID":null,"emcosMLID":null,"codMaketTEP":null,"codTEP":null,"WSName":"DB","rangeAddress":"$PV$8:$QA$46","headAddress":"$PV$8:$QA$8","bodyAddress":"$PV$9:$QA$46","_name":"прием"},"отдача":{"_level":1,"parentID":"a03a8f63-2fa7-418e-ab55-d7bf35756483","firstParentID":"af673ab4-ab4f-48f1-9ed0-1139db4cae16","ID":"eabc4fd7-b7b2-4c44-a35c-e7ad4141b0e8","childs":{"код":{"_level":2,"parentID":"eabc4fd7-b7b2-4c44-a35c-e7ad4141b0e8","firstParentID":"af673ab4-ab4f-48f1-9ed0-1139db4cae16","ID":"212cfcf1-d36a-4084-86b9-a28674d46f54","childs":null,"emcosID":null,"emcosMLID":null,"codMaketTEP":null,"codTEP":null,"WSName":"DB","rangeAddress":"$QB$9:$QB$46","headAddress":"$QB$9","bodyAddress":"$QB$10:$QB$46","_name":"код"},"основное":{"_level":2,"parentID":"eabc4fd7-b7b2-4c44-a35c-e7ad4141b0e8","firstParentID":"af673ab4-ab4f-48f1-9ed0-1139db4cae16","ID":"f859db34-2ed0-4020-8411-d67973d2ee24","childs":null,"emcosID":null,"emcosMLID":null,"codMaketTEP":null,"codTEP":null,"WSName":"DB","rangeAddress":"$QC$9:$QC$46","headAddress":"$QC$9","bodyAddress":"$QC$10:$QC$46","_name":"основное"},"корректировка факт":{"_level":2,"parentID":"eabc4fd7-b7b2-4c44-a35c-e7ad4141b0e8","firstParentID":"af673ab4-ab4f-48f1-9ed0-1139db4cae16","ID":"1692fa8f-2f55-4a15-a195-54eff73d607d","childs":null,"emcosID":null,"emcosMLID":null,"codMaketTEP":null,"codTEP":null,"WSName":"DB","rangeAddress":"$QD$9:$QD$46","headAddress":"$QD$9","bodyAddress":"$QD$10:$QD$46","_name":"корректировка факт"},"ручное":{"_level":2,"parentID":"eabc4fd7-b7b2-4c44-a35c-e7ad4141b0e8","firstParentID":"af673ab4-ab4f-48f1-9ed0-1139db4cae16","ID":"1cb2b919-7c9a-4078-8b86-883cf1745929","childs":null,"emcosID":null,"emcosMLID":null,"codMaketTEP":null,"codTEP":null,"WSName":"DB","rangeAddress":"$QE$9:$QE$46","headAddress":"$QE$9","bodyAddress":"$QE$10:$QE$46","_name":"ручное"},"счетчик":{"_level":2,"parentID":"eabc4fd7-b7b2-4c44-a35c-e7ad4141b0e8","firstParentID":"af673ab4-ab4f-48f1-9ed0-1139db4cae16","ID":"c72284d2-a804-4f69-8d81-20be8d3ff442","childs":null,"emcosID":null,"emcosMLID":null,"codMaketTEP":null,"codTEP":null,"WSName":"DB","rangeAddress":"$QF$9:$QF$46","headAddress":"$QF$9","bodyAddress":"$QF$10:$QF$46","_name":"счетчик"},"по счетчику":{"_level":2,"parentID":"eabc4fd7-b7b2-4c44-a35c-e7ad4141b0e8","firstParentID":"af673ab4-ab4f-48f1-9ed0-1139db4cae16","ID":"5590ea5f-0d4c-4b25-affa-1b318cae35f9","childs":null,"emcosID":null,"emcosMLID":null,"codMaketTEP":null,"codTEP":null,"WSName":"DB","rangeAddress":"$QG$9:$QG$46","headAddress":"$QG$9","bodyAddress":"$QG$10:$QG$46","_name":"по счетчику"}},"emcosID":null,"emcosMLID":null,"codMaketTEP":null,"codTEP":null,"WSName":"DB","rangeAddress":"$QB$8:$QG$46","headAddress":"$QB$8:$QG$8","bodyAddress":"$QB$9:$QG$46","_name":"отдача"}},"emcosID":null,"emcosMLID":null,"codMaketTEP":null,"codTEP":null,"WSName":"DB","rangeAddress":"$PV$7:$QG$46","headAddress":"$PV$7:$QG$7","bodyAddress":"$PV$8:$QG$46","_name":"Л5363 ЮКГРЭС"}},"codPlan":null,"meterCoef":"10000","_name":"Л5363 ЮКГРЭС"}