{"ID":"b3844add-67f1-44d4-a3cc-42f2876a11df","childs":{"PS":{"_level":0,"parentID":"b3844add-67f1-44d4-a3cc-42f2876a11df","firstParentID":"b3844add-67f1-44d4-a3cc-42f2876a11df","ID":"a39db641-6c2e-491f-a468-702f41f9f725","childs":{"прием":{"_level":1,"parentID":"a39db641-6c2e-491f-a468-702f41f9f725","firstParentID":"b3844add-67f1-44d4-a3cc-42f2876a11df","ID":"87ab65cc-963a-4bb3-8252-0f0d416c0793","childs":{"формула":{"_level":2,"parentID":"87ab65cc-963a-4bb3-8252-0f0d416c0793","firstParentID":"b3844add-67f1-44d4-a3cc-42f2876a11df","ID":"d05f1f33-6a4b-46fe-8a7a-2f1bdf41b424","childs":null,"emcosID":null,"emcosMLID":null,"codMaketTEP":null,"codTEP":null,"WSName":"PS","rangeAddress":"$N$228:$N$264","headAddress":"$N$228","bodyAddress":"$N$229:$N$264","_name":"формула"},"ОПЕРАТИВНОЕ":{"_level":2,"parentID":"87ab65cc-963a-4bb3-8252-0f0d416c0793","firstParentID":"b3844add-67f1-44d4-a3cc-42f2876a11df","ID":"8fab09f4-4df3-4b26-aac1-bc022a297e9a","childs":null,"emcosID":null,"emcosMLID":null,"codMaketTEP":null,"codTEP":null,"WSName":"PS","rangeAddress":"$O$228:$O$264","headAddress":"$O$228","bodyAddress":"$O$229:$O$264","_name":"ОПЕРАТИВНОЕ"}},"emcosID":null,"emcosMLID":null,"codMaketTEP":1440,"codTEP":null,"WSName":"PS","rangeAddress":"$N$227:$O$264","headAddress":"$N$227:$O$227","bodyAddress":"$N$228:$O$264","_name":"прием"},"план":{"_level":1,"parentID":"a39db641-6c2e-491f-a468-702f41f9f725","firstParentID":"b3844add-67f1-44d4-a3cc-42f2876a11df","ID":"e03b18cf-eb0e-4584-910c-c2a2ada62ee0","childs":{"заявка":{"_level":2,"parentID":"e03b18cf-eb0e-4584-910c-c2a2ada62ee0","firstParentID":"b3844add-67f1-44d4-a3cc-42f2876a11df","ID":"995fce72-2711-43e5-90d9-23e72b560ef7","childs":null,"emcosID":null,"emcosMLID":null,"codMaketTEP":null,"codTEP":null,"WSName":"PS","rangeAddress":"$P$228:$P$264","headAddress":"$P$228","bodyAddress":"$P$229:$P$264","_name":"заявка"}},"emcosID":null,"emcosMLID":null,"codMaketTEP":null,"codTEP":null,"WSName":"PS","rangeAddress":"$P$227:$P$264","headAddress":"$P$227","bodyAddress":"$P$228:$P$264","_name":"план"}},"emcosID":null,"emcosMLID":null,"codMaketTEP":null,"codTEP":null,"WSName":"PS","rangeAddress":"$N$226:$P$264","headAddress":"$N$226:$P$226","bodyAddress":"$N$227:$P$264","_name":"Потребление Жетысу Энерго Трейд ЖЭТ"},"DB":{"_level":0,"parentID":"b3844add-67f1-44d4-a3cc-42f2876a11df","firstParentID":"b3844add-67f1-44d4-a3cc-42f2876a11df","ID":"ed6b95cb-ca40-4fd3-ba4b-de4358998f3b","childs":{"прием":{"_level":1,"parentID":"ed6b95cb-ca40-4fd3-ba4b-de4358998f3b","firstParentID":"b3844add-67f1-44d4-a3cc-42f2876a11df","ID":"7842b212-8199-4e7d-ad83-0a1e9aa8ddb1","childs":{"код":{"_level":2,"parentID":"7842b212-8199-4e7d-ad83-0a1e9aa8ddb1","firstParentID":"b3844add-67f1-44d4-a3cc-42f2876a11df","ID":"1cb4a92f-bcc4-4300-9d5e-0819d5e30190","childs":null,"emcosID":null,"emcosMLID":null,"codMaketTEP":null,"codTEP":null,"WSName":"DB","rangeAddress":"$FS$396:$FS$433","headAddress":"$FS$396","bodyAddress":"$FS$397:$FS$433","_name":"код"},"основное":{"_level":2,"parentID":"7842b212-8199-4e7d-ad83-0a1e9aa8ddb1","firstParentID":"b3844add-67f1-44d4-a3cc-42f2876a11df","ID":"845ee718-d0bf-45e3-8175-be23b3d5e003","childs":null,"emcosID":null,"emcosMLID":null,"codMaketTEP":null,"codTEP":null,"WSName":"DB","rangeAddress":"$FT$396:$FT$433","headAddress":"$FT$396","bodyAddress":"$FT$397:$FT$433","_name":"основное"},"корректировка факт":{"_level":2,"parentID":"7842b212-8199-4e7d-ad83-0a1e9aa8ddb1","firstParentID":"b3844add-67f1-44d4-a3cc-42f2876a11df","ID":"60477cd5-6ee8-44b1-8489-a3efc085d176","childs":null,"emcosID":null,"emcosMLID":null,"codMaketTEP":null,"codTEP":null,"WSName":"DB","rangeAddress":"$FU$396:$FU$433","headAddress":"$FU$396","bodyAddress":"$FU$397:$FU$433","_name":"корректировка факт"},"ручное":{"_level":2,"parentID":"7842b212-8199-4e7d-ad83-0a1e9aa8ddb1","firstParentID":"b3844add-67f1-44d4-a3cc-42f2876a11df","ID":"b310bcc2-9eb8-4a48-91b8-390f416dc02e","childs":null,"emcosID":null,"emcosMLID":null,"codMaketTEP":null,"codTEP":null,"WSName":"DB","rangeAddress":"$FV$396:$FV$433","headAddress":"$FV$396","bodyAddress":"$FV$397:$FV$433","_name":"ручное"},"оперативное":{"_level":2,"parentID":"7842b212-8199-4e7d-ad83-0a1e9aa8ddb1","firstParentID":"b3844add-67f1-44d4-a3cc-42f2876a11df","ID":"2befb6dc-525f-424c-a5f2-e95ad931507c","childs":null,"emcosID":null,"emcosMLID":null,"codMaketTEP":null,"codTEP":null,"WSName":"DB","rangeAddress":"$FW$396:$FW$433","headAddress":"$FW$396","bodyAddress":"$FW$397:$FW$433","_name":"оперативное"},"по плану":{"_level":2,"parentID":"7842b212-8199-4e7d-ad83-0a1e9aa8ddb1","firstParentID":"b3844add-67f1-44d4-a3cc-42f2876a11df","ID":"ea9acc71-c64d-4bde-ba37-79ecc900a471","childs":null,"emcosID":null,"emcosMLID":null,"codMaketTEP":null,"codTEP":null,"WSName":"DB","rangeAddress":"$FX$396:$FX$433","headAddress":"$FX$396","bodyAddress":"$FX$397:$FX$433","_name":"по плану"},"формула":{"_level":2,"parentID":"7842b212-8199-4e7d-ad83-0a1e9aa8ddb1","firstParentID":"b3844add-67f1-44d4-a3cc-42f2876a11df","ID":"60c5fda2-de5d-4625-b714-fc973c88e48d","childs":null,"emcosID":null,"emcosMLID":null,"codMaketTEP":null,"codTEP":null,"WSName":"DB","rangeAddress":"$FY$396:$FY$433","headAddress":"$FY$396","bodyAddress":"$FY$397:$FY$433","_name":"формула"}},"emcosID":null,"emcosMLID":null,"codMaketTEP":null,"codTEP":null,"WSName":"DB","rangeAddress":"$FS$395:$FY$433","headAddress":"$FS$395:$FY$395","bodyAddress":"$FS$396:$FY$433","_name":"прием"},"план":{"_level":1,"parentID":"ed6b95cb-ca40-4fd3-ba4b-de4358998f3b","firstParentID":"b3844add-67f1-44d4-a3cc-42f2876a11df","ID":"cc033d50-5b7b-4406-b9ad-e84205743005","childs":{"код":{"_level":2,"parentID":"cc033d50-5b7b-4406-b9ad-e84205743005","firstParentID":"b3844add-67f1-44d4-a3cc-42f2876a11df","ID":"aaeb6894-3a91-4f67-abca-d6887e6e2959","childs":null,"emcosID":null,"emcosMLID":null,"codMaketTEP":null,"codTEP":null,"WSName":"DB","rangeAddress":"$FZ$396:$FZ$433","headAddress":"$FZ$396","bodyAddress":"$FZ$397:$FZ$433","_name":"код"},"основное":{"_level":2,"parentID":"cc033d50-5b7b-4406-b9ad-e84205743005","firstParentID":"b3844add-67f1-44d4-a3cc-42f2876a11df","ID":"78ef142a-4afd-4aa7-b2e3-47b5c371b918","childs":null,"emcosID":null,"emcosMLID":null,"codMaketTEP":null,"codTEP":null,"WSName":"DB","rangeAddress":"$GA$396:$GA$433","headAddress":"$GA$396","bodyAddress":"$GA$397:$GA$433","_name":"основное"},"заявка":{"_level":2,"parentID":"cc033d50-5b7b-4406-b9ad-e84205743005","firstParentID":"b3844add-67f1-44d4-a3cc-42f2876a11df","ID":"7a44131c-ef41-40e7-b84c-ea225de01158","childs":null,"emcosID":null,"emcosMLID":null,"codMaketTEP":null,"codTEP":null,"WSName":"DB","rangeAddress":"$GB$396:$GB$433","headAddress":"$GB$396","bodyAddress":"$GB$397:$GB$433","_name":"заявка"},"утвержденный":{"_level":2,"parentID":"cc033d50-5b7b-4406-b9ad-e84205743005","firstParentID":"b3844add-67f1-44d4-a3cc-42f2876a11df","ID":"add5f069-d9cf-4408-9af2-3fc06a74e80b","childs":null,"emcosID":null,"emcosMLID":null,"codMaketTEP":null,"codTEP":null,"WSName":"DB","rangeAddress":"$GC$396:$GC$433","headAddress":"$GC$396","bodyAddress":"$GC$397:$GC$433","_name":"утвержденный"},"корректировка":{"_level":2,"parentID":"cc033d50-5b7b-4406-b9ad-e84205743005","firstParentID":"b3844add-67f1-44d4-a3cc-42f2876a11df","ID":"8067b226-5e0d-4284-81b3-1602e49efe75","childs":null,"emcosID":null,"emcosMLID":null,"codMaketTEP":null,"codTEP":null,"WSName":"DB","rangeAddress":"$GD$396:$GD$433","headAddress":"$GD$396","bodyAddress":"$GD$397:$GD$433","_name":"корректировка"}},"emcosID":null,"emcosMLID":null,"codMaketTEP":null,"codTEP":null,"WSName":"DB","rangeAddress":"$FZ$395:$GD$433","headAddress":"$FZ$395:$GD$395","bodyAddress":"$FZ$396:$GD$433","_name":"план"}},"emcosID":null,"emcosMLID":null,"codMaketTEP":null,"codTEP":null,"WSName":"DB","rangeAddress":"$FS$394:$GD$433","headAddress":"$FS$394:$GD$394","bodyAddress":"$FS$395:$GD$433","_name":"Потребление Жетысу Энерго Трейд ЖЭТ"}},"codPlan":26,"meterCoef":null,"_name":"Потребление Жетысу Энерго Трейд ЖЭТ"}