{"ID":"b5364fdd-b1c5-4c14-a784-c5892e67b285","childs":{"PS":{"_level":0,"parentID":"b5364fdd-b1c5-4c14-a784-c5892e67b285","firstParentID":"b5364fdd-b1c5-4c14-a784-c5892e67b285","ID":"9272b805-46a1-4bcd-b71d-276a1f2d2189","childs":{"прием":{"_level":1,"parentID":"9272b805-46a1-4bcd-b71d-276a1f2d2189","firstParentID":"b5364fdd-b1c5-4c14-a784-c5892e67b285","ID":"a86f2093-132f-4a06-9bd3-0d460dff8789","childs":{"по счетчику":{"_level":2,"parentID":"a86f2093-132f-4a06-9bd3-0d460dff8789","firstParentID":"b5364fdd-b1c5-4c14-a784-c5892e67b285","ID":"f54cd5e2-a2aa-40f9-ab8a-365bd64b3f39","childs":null,"emcosID":null,"emcosMLID":null,"codMaketTEP":null,"codTEP":null,"WSName":"PS","rangeAddress":"$BA$56:$BA$92","headAddress":"$BA$56","bodyAddress":"$BA$57:$BA$92","_name":"по счетчику"}},"emcosID":null,"emcosMLID":null,"codMaketTEP":null,"codTEP":null,"WSName":"PS","rangeAddress":"$BA$55:$BA$92","headAddress":"$BA$55","bodyAddress":"$BA$56:$BA$92","_name":"прием"},"отдача":{"_level":1,"parentID":"9272b805-46a1-4bcd-b71d-276a1f2d2189","firstParentID":"b5364fdd-b1c5-4c14-a784-c5892e67b285","ID":"fb656755-302e-4d89-9e9e-a9e9272ffe2b","childs":{"по счетчику":{"_level":2,"parentID":"fb656755-302e-4d89-9e9e-a9e9272ffe2b","firstParentID":"b5364fdd-b1c5-4c14-a784-c5892e67b285","ID":"376822ae-6ae2-4b07-ac77-f6227dac78d3","childs":null,"emcosID":null,"emcosMLID":null,"codMaketTEP":null,"codTEP":null,"WSName":"PS","rangeAddress":"$BB$56:$BB$92","headAddress":"$BB$56","bodyAddress":"$BB$57:$BB$92","_name":"по счетчику"}},"emcosID":null,"emcosMLID":null,"codMaketTEP":null,"codTEP":null,"WSName":"PS","rangeAddress":"$BB$55:$BB$92","headAddress":"$BB$55","bodyAddress":"$BB$56:$BB$92","_name":"отдача"}},"emcosID":null,"emcosMLID":null,"codMaketTEP":null,"codTEP":null,"WSName":"PS","rangeAddress":"$BA$54:$BB$92","headAddress":"$BA$54:$BB$54","bodyAddress":"$BA$55:$BB$92","_name":"Л5343 Шу"},"DB":{"_level":0,"parentID":"b5364fdd-b1c5-4c14-a784-c5892e67b285","firstParentID":"b5364fdd-b1c5-4c14-a784-c5892e67b285","ID":"5ae52620-ee55-4ab9-9b3c-56b8ff923bd3","childs":{"прием":{"_level":1,"parentID":"5ae52620-ee55-4ab9-9b3c-56b8ff923bd3","firstParentID":"b5364fdd-b1c5-4c14-a784-c5892e67b285","ID":"67b05cef-abe7-47d5-8299-437274cf7a4b","childs":{"код":{"_level":2,"parentID":"67b05cef-abe7-47d5-8299-437274cf7a4b","firstParentID":"b5364fdd-b1c5-4c14-a784-c5892e67b285","ID":"b6242088-94e0-427b-bc1e-5c1bf683831a","childs":null,"emcosID":null,"emcosMLID":null,"codMaketTEP":null,"codTEP":null,"WSName":"DB","rangeAddress":"$IL$9:$IL$46","headAddress":"$IL$9","bodyAddress":"$IL$10:$IL$46","_name":"код"},"основное":{"_level":2,"parentID":"67b05cef-abe7-47d5-8299-437274cf7a4b","firstParentID":"b5364fdd-b1c5-4c14-a784-c5892e67b285","ID":"b409b316-263b-4c28-a9ad-e2dd08ef37de","childs":null,"emcosID":null,"emcosMLID":null,"codMaketTEP":null,"codTEP":null,"WSName":"DB","rangeAddress":"$IM$9:$IM$46","headAddress":"$IM$9","bodyAddress":"$IM$10:$IM$46","_name":"основное"},"корректировка факт":{"_level":2,"parentID":"67b05cef-abe7-47d5-8299-437274cf7a4b","firstParentID":"b5364fdd-b1c5-4c14-a784-c5892e67b285","ID":"a88cd2ac-de3d-407f-9603-7156313cb16d","childs":null,"emcosID":null,"emcosMLID":null,"codMaketTEP":null,"codTEP":null,"WSName":"DB","rangeAddress":"$IN$9:$IN$46","headAddress":"$IN$9","bodyAddress":"$IN$10:$IN$46","_name":"корректировка факт"},"ручное":{"_level":2,"parentID":"67b05cef-abe7-47d5-8299-437274cf7a4b","firstParentID":"b5364fdd-b1c5-4c14-a784-c5892e67b285","ID":"37250a76-6ca5-4ad5-8541-2d8184fcb30f","childs":null,"emcosID":null,"emcosMLID":null,"codMaketTEP":null,"codTEP":null,"WSName":"DB","rangeAddress":"$IO$9:$IO$46","headAddress":"$IO$9","bodyAddress":"$IO$10:$IO$46","_name":"ручное"},"счетчик":{"_level":2,"parentID":"67b05cef-abe7-47d5-8299-437274cf7a4b","firstParentID":"b5364fdd-b1c5-4c14-a784-c5892e67b285","ID":"d0da2f83-6bb9-41d3-bba6-43cf76dbd944","childs":null,"emcosID":null,"emcosMLID":null,"codMaketTEP":null,"codTEP":null,"WSName":"DB","rangeAddress":"$IP$9:$IP$46","headAddress":"$IP$9","bodyAddress":"$IP$10:$IP$46","_name":"счетчик"},"по счетчику":{"_level":2,"parentID":"67b05cef-abe7-47d5-8299-437274cf7a4b","firstParentID":"b5364fdd-b1c5-4c14-a784-c5892e67b285","ID":"e4f38d40-80c9-4479-87eb-4600cee64049","childs":null,"emcosID":null,"emcosMLID":null,"codMaketTEP":null,"codTEP":null,"WSName":"DB","rangeAddress":"$IQ$9:$IQ$46","headAddress":"$IQ$9","bodyAddress":"$IQ$10:$IQ$46","_name":"по счетчику"}},"emcosID":null,"emcosMLID":null,"codMaketTEP":null,"codTEP":null,"WSName":"DB","rangeAddress":"$IL$8:$IQ$46","headAddress":"$IL$8:$IQ$8","bodyAddress":"$IL$9:$IQ$46","_name":"прием"},"отдача":{"_level":1,"parentID":"5ae52620-ee55-4ab9-9b3c-56b8ff923bd3","firstParentID":"b5364fdd-b1c5-4c14-a784-c5892e67b285","ID":"01d0aa27-1ac7-45af-a717-7381d6e42911","childs":{"код":{"_level":2,"parentID":"01d0aa27-1ac7-45af-a717-7381d6e42911","firstParentID":"b5364fdd-b1c5-4c14-a784-c5892e67b285","ID":"a1c9ee99-ebe1-42ff-8143-0754725e3d99","childs":null,"emcosID":null,"emcosMLID":null,"codMaketTEP":null,"codTEP":null,"WSName":"DB","rangeAddress":"$IR$9:$IR$46","headAddress":"$IR$9","bodyAddress":"$IR$10:$IR$46","_name":"код"},"основное":{"_level":2,"parentID":"01d0aa27-1ac7-45af-a717-7381d6e42911","firstParentID":"b5364fdd-b1c5-4c14-a784-c5892e67b285","ID":"13e17a4c-11bc-4908-a70b-7c298c5ee706","childs":null,"emcosID":null,"emcosMLID":null,"codMaketTEP":null,"codTEP":null,"WSName":"DB","rangeAddress":"$IS$9:$IS$46","headAddress":"$IS$9","bodyAddress":"$IS$10:$IS$46","_name":"основное"},"корректировка факт":{"_level":2,"parentID":"01d0aa27-1ac7-45af-a717-7381d6e42911","firstParentID":"b5364fdd-b1c5-4c14-a784-c5892e67b285","ID":"c3e1fdb1-e1cb-4b21-bbd1-2287834ff631","childs":null,"emcosID":null,"emcosMLID":null,"codMaketTEP":null,"codTEP":null,"WSName":"DB","rangeAddress":"$IT$9:$IT$46","headAddress":"$IT$9","bodyAddress":"$IT$10:$IT$46","_name":"корректировка факт"},"ручное":{"_level":2,"parentID":"01d0aa27-1ac7-45af-a717-7381d6e42911","firstParentID":"b5364fdd-b1c5-4c14-a784-c5892e67b285","ID":"78df98d7-f63a-43e5-a4ca-700f6c58433c","childs":null,"emcosID":null,"emcosMLID":null,"codMaketTEP":null,"codTEP":null,"WSName":"DB","rangeAddress":"$IU$9:$IU$46","headAddress":"$IU$9","bodyAddress":"$IU$10:$IU$46","_name":"ручное"},"счетчик":{"_level":2,"parentID":"01d0aa27-1ac7-45af-a717-7381d6e42911","firstParentID":"b5364fdd-b1c5-4c14-a784-c5892e67b285","ID":"adaa9b8f-084a-4c96-b604-beea335568f6","childs":null,"emcosID":null,"emcosMLID":null,"codMaketTEP":null,"codTEP":null,"WSName":"DB","rangeAddress":"$IV$9:$IV$46","headAddress":"$IV$9","bodyAddress":"$IV$10:$IV$46","_name":"счетчик"},"по счетчику":{"_level":2,"parentID":"01d0aa27-1ac7-45af-a717-7381d6e42911","firstParentID":"b5364fdd-b1c5-4c14-a784-c5892e67b285","ID":"4ca35c72-1dfe-4dae-b677-601b77af00c9","childs":null,"emcosID":null,"emcosMLID":null,"codMaketTEP":null,"codTEP":null,"WSName":"DB","rangeAddress":"$IW$9:$IW$46","headAddress":"$IW$9","bodyAddress":"$IW$10:$IW$46","_name":"по счетчику"}},"emcosID":null,"emcosMLID":null,"codMaketTEP":null,"codTEP":null,"WSName":"DB","rangeAddress":"$IR$8:$IW$46","headAddress":"$IR$8:$IW$8","bodyAddress":"$IR$9:$IW$46","_name":"отдача"}},"emcosID":null,"emcosMLID":null,"codMaketTEP":null,"codTEP":null,"WSName":"DB","rangeAddress":"$IL$7:$IW$46","headAddress":"$IL$7:$IW$7","bodyAddress":"$IL$8:$IW$46","_name":"Л5343 Шу"}},"codPlan":null,"meterCoef":"10000","_name":"Л5343 Шу"}