{"ID":"c47a64c8-3d0c-4256-b4b6-b2c5a1ce3507","childs":{"PS":{"_level":0,"parentID":"c47a64c8-3d0c-4256-b4b6-b2c5a1ce3507","firstParentID":"c47a64c8-3d0c-4256-b4b6-b2c5a1ce3507","ID":"cbc85309-175f-4787-b035-7388911e86ba","childs":{"прием":{"_level":1,"parentID":"cbc85309-175f-4787-b035-7388911e86ba","firstParentID":"c47a64c8-3d0c-4256-b4b6-b2c5a1ce3507","ID":"4403886f-9959-43d3-82f2-55ff98debd7d","childs":{"аскуэ":{"_level":2,"parentID":"4403886f-9959-43d3-82f2-55ff98debd7d","firstParentID":"c47a64c8-3d0c-4256-b4b6-b2c5a1ce3507","ID":"7582e1e1-c168-4868-802f-0538df2afd50","childs":null,"emcosID":null,"emcosMLID":null,"codMaketTEP":null,"codTEP":null,"WSName":"PS","rangeAddress":"$H$56:$H$92","headAddress":"$H$56","bodyAddress":"$H$57:$H$92","_name":"аскуэ"},"ПО СЧЕТЧИКУ":{"_level":2,"parentID":"4403886f-9959-43d3-82f2-55ff98debd7d","firstParentID":"c47a64c8-3d0c-4256-b4b6-b2c5a1ce3507","ID":"378b2f72-1b46-4f8b-8048-3faa6354d263","childs":null,"emcosID":null,"emcosMLID":null,"codMaketTEP":null,"codTEP":null,"WSName":"PS","rangeAddress":"$I$56:$I$92","headAddress":"$I$56","bodyAddress":"$I$57:$I$92","_name":"ПО СЧЕТЧИКУ"}},"emcosID":null,"emcosMLID":null,"codMaketTEP":null,"codTEP":null,"WSName":"PS","rangeAddress":"$H$55:$I$92","headAddress":"$H$55:$I$55","bodyAddress":"$H$56:$I$92","_name":"прием"},"отдача":{"_level":1,"parentID":"cbc85309-175f-4787-b035-7388911e86ba","firstParentID":"c47a64c8-3d0c-4256-b4b6-b2c5a1ce3507","ID":"23d484c2-3b5d-469c-b0e4-d1fdd8dd9678","childs":{"аскуэ":{"_level":2,"parentID":"23d484c2-3b5d-469c-b0e4-d1fdd8dd9678","firstParentID":"c47a64c8-3d0c-4256-b4b6-b2c5a1ce3507","ID":"8d7e649f-5823-4bf1-a6b7-724fa07a198f","childs":null,"emcosID":null,"emcosMLID":null,"codMaketTEP":null,"codTEP":null,"WSName":"PS","rangeAddress":"$J$56:$J$92","headAddress":"$J$56","bodyAddress":"$J$57:$J$92","_name":"аскуэ"},"ПО СЧЕТЧИКУ":{"_level":2,"parentID":"23d484c2-3b5d-469c-b0e4-d1fdd8dd9678","firstParentID":"c47a64c8-3d0c-4256-b4b6-b2c5a1ce3507","ID":"2759e77b-4732-407c-a959-9d5a6e4df5ae","childs":null,"emcosID":null,"emcosMLID":null,"codMaketTEP":null,"codTEP":null,"WSName":"PS","rangeAddress":"$K$56:$K$92","headAddress":"$K$56","bodyAddress":"$K$57:$K$92","_name":"ПО СЧЕТЧИКУ"}},"emcosID":null,"emcosMLID":null,"codMaketTEP":null,"codTEP":null,"WSName":"PS","rangeAddress":"$J$55:$K$92","headAddress":"$J$55:$K$55","bodyAddress":"$J$56:$K$92","_name":"отдача"},"сальдо":{"_level":1,"parentID":"cbc85309-175f-4787-b035-7388911e86ba","firstParentID":"c47a64c8-3d0c-4256-b4b6-b2c5a1ce3507","ID":"3211f3e6-4927-4833-af8a-e4ca97bd8a18","childs":{"формула":{"_level":2,"parentID":"3211f3e6-4927-4833-af8a-e4ca97bd8a18","firstParentID":"c47a64c8-3d0c-4256-b4b6-b2c5a1ce3507","ID":"5792de38-ee4c-420f-bbf6-3c9208f58622","childs":null,"emcosID":null,"emcosMLID":null,"codMaketTEP":null,"codTEP":null,"WSName":"PS","rangeAddress":"$L$56:$L$92","headAddress":"$L$56","bodyAddress":"$L$57:$L$92","_name":"формула"}},"emcosID":null,"emcosMLID":null,"codMaketTEP":1341,"codTEP":null,"WSName":"PS","rangeAddress":"$L$55:$L$92","headAddress":"$L$55","bodyAddress":"$L$56:$L$92","_name":"сальдо"}},"emcosID":null,"emcosMLID":null,"codMaketTEP":null,"codTEP":null,"WSName":"PS","rangeAddress":"$H$54:$L$92","headAddress":"$H$54:$L$54","bodyAddress":"$H$55:$L$92","_name":"Л5300 ЮКГРЭС"},"DB":{"_level":0,"parentID":"c47a64c8-3d0c-4256-b4b6-b2c5a1ce3507","firstParentID":"c47a64c8-3d0c-4256-b4b6-b2c5a1ce3507","ID":"d845fe5e-f0ff-4890-85a7-c667ade273fa","childs":{"прием":{"_level":1,"parentID":"d845fe5e-f0ff-4890-85a7-c667ade273fa","firstParentID":"c47a64c8-3d0c-4256-b4b6-b2c5a1ce3507","ID":"ea898142-67cc-4dca-ae26-f2628510b5b0","childs":{"код":{"_level":2,"parentID":"ea898142-67cc-4dca-ae26-f2628510b5b0","firstParentID":"c47a64c8-3d0c-4256-b4b6-b2c5a1ce3507","ID":"939cc3af-a7e6-4d8a-8db7-af1904107cec","childs":null,"emcosID":null,"emcosMLID":null,"codMaketTEP":null,"codTEP":null,"WSName":"DB","rangeAddress":"$NS$9:$NS$46","headAddress":"$NS$9","bodyAddress":"$NS$10:$NS$46","_name":"код"},"основное":{"_level":2,"parentID":"ea898142-67cc-4dca-ae26-f2628510b5b0","firstParentID":"c47a64c8-3d0c-4256-b4b6-b2c5a1ce3507","ID":"99136ec0-8a18-4f18-afe3-6c2371df6110","childs":null,"emcosID":null,"emcosMLID":null,"codMaketTEP":null,"codTEP":null,"WSName":"DB","rangeAddress":"$NT$9:$NT$46","headAddress":"$NT$9","bodyAddress":"$NT$10:$NT$46","_name":"основное"},"корректировка факт":{"_level":2,"parentID":"ea898142-67cc-4dca-ae26-f2628510b5b0","firstParentID":"c47a64c8-3d0c-4256-b4b6-b2c5a1ce3507","ID":"a99ece59-8646-446b-a62d-dab83dc313bc","childs":null,"emcosID":null,"emcosMLID":null,"codMaketTEP":null,"codTEP":null,"WSName":"DB","rangeAddress":"$NU$9:$NU$46","headAddress":"$NU$9","bodyAddress":"$NU$10:$NU$46","_name":"корректировка факт"},"ручное":{"_level":2,"parentID":"ea898142-67cc-4dca-ae26-f2628510b5b0","firstParentID":"c47a64c8-3d0c-4256-b4b6-b2c5a1ce3507","ID":"8a24c4ca-7666-49be-9719-28f5f9660716","childs":null,"emcosID":null,"emcosMLID":null,"codMaketTEP":null,"codTEP":null,"WSName":"DB","rangeAddress":"$NV$9:$NV$46","headAddress":"$NV$9","bodyAddress":"$NV$10:$NV$46","_name":"ручное"},"аскуэ":{"_level":2,"parentID":"ea898142-67cc-4dca-ae26-f2628510b5b0","firstParentID":"c47a64c8-3d0c-4256-b4b6-b2c5a1ce3507","ID":"2a52ae69-e3c9-40fe-824c-b8e3e67b4afb","childs":null,"emcosID":null,"emcosMLID":null,"codMaketTEP":null,"codTEP":null,"WSName":"DB","rangeAddress":"$NW$9:$NW$46","headAddress":"$NW$9","bodyAddress":"$NW$10:$NW$46","_name":"аскуэ"},"счетчик":{"_level":2,"parentID":"ea898142-67cc-4dca-ae26-f2628510b5b0","firstParentID":"c47a64c8-3d0c-4256-b4b6-b2c5a1ce3507","ID":"e300e381-0c29-4599-9c4f-12ca0bdaf514","childs":null,"emcosID":null,"emcosMLID":null,"codMaketTEP":null,"codTEP":null,"WSName":"DB","rangeAddress":"$NX$9:$NX$46","headAddress":"$NX$9","bodyAddress":"$NX$10:$NX$46","_name":"счетчик"},"по счетчику":{"_level":2,"parentID":"ea898142-67cc-4dca-ae26-f2628510b5b0","firstParentID":"c47a64c8-3d0c-4256-b4b6-b2c5a1ce3507","ID":"59345106-73d1-43f3-98d4-d585d59be1cb","childs":null,"emcosID":null,"emcosMLID":null,"codMaketTEP":null,"codTEP":null,"WSName":"DB","rangeAddress":"$NY$9:$NY$46","headAddress":"$NY$9","bodyAddress":"$NY$10:$NY$46","_name":"по счетчику"}},"emcosID":331,"emcosMLID":385,"codMaketTEP":null,"codTEP":null,"WSName":"DB","rangeAddress":"$NS$8:$NY$46","headAddress":"$NS$8:$NY$8","bodyAddress":"$NS$9:$NY$46","_name":"прием"},"отдача":{"_level":1,"parentID":"d845fe5e-f0ff-4890-85a7-c667ade273fa","firstParentID":"c47a64c8-3d0c-4256-b4b6-b2c5a1ce3507","ID":"e571075c-d0df-4e0e-a542-cd7598b8b76b","childs":{"код":{"_level":2,"parentID":"e571075c-d0df-4e0e-a542-cd7598b8b76b","firstParentID":"c47a64c8-3d0c-4256-b4b6-b2c5a1ce3507","ID":"cfee0942-0637-45eb-b082-501b38276b0a","childs":null,"emcosID":null,"emcosMLID":null,"codMaketTEP":null,"codTEP":null,"WSName":"DB","rangeAddress":"$NZ$9:$NZ$46","headAddress":"$NZ$9","bodyAddress":"$NZ$10:$NZ$46","_name":"код"},"основное":{"_level":2,"parentID":"e571075c-d0df-4e0e-a542-cd7598b8b76b","firstParentID":"c47a64c8-3d0c-4256-b4b6-b2c5a1ce3507","ID":"b965d53e-68df-416d-8600-37c51ba8bf69","childs":null,"emcosID":null,"emcosMLID":null,"codMaketTEP":null,"codTEP":null,"WSName":"DB","rangeAddress":"$OA$9:$OA$46","headAddress":"$OA$9","bodyAddress":"$OA$10:$OA$46","_name":"основное"},"корректировка факт":{"_level":2,"parentID":"e571075c-d0df-4e0e-a542-cd7598b8b76b","firstParentID":"c47a64c8-3d0c-4256-b4b6-b2c5a1ce3507","ID":"423e70be-8995-4258-af87-4a597fc08c76","childs":null,"emcosID":null,"emcosMLID":null,"codMaketTEP":null,"codTEP":null,"WSName":"DB","rangeAddress":"$OB$9:$OB$46","headAddress":"$OB$9","bodyAddress":"$OB$10:$OB$46","_name":"корректировка факт"},"ручное":{"_level":2,"parentID":"e571075c-d0df-4e0e-a542-cd7598b8b76b","firstParentID":"c47a64c8-3d0c-4256-b4b6-b2c5a1ce3507","ID":"ac41c161-31e7-4f6c-ad62-900e04231f33","childs":null,"emcosID":null,"emcosMLID":null,"codMaketTEP":null,"codTEP":null,"WSName":"DB","rangeAddress":"$OC$9:$OC$46","headAddress":"$OC$9","bodyAddress":"$OC$10:$OC$46","_name":"ручное"},"аскуэ":{"_level":2,"parentID":"e571075c-d0df-4e0e-a542-cd7598b8b76b","firstParentID":"c47a64c8-3d0c-4256-b4b6-b2c5a1ce3507","ID":"b69f5cd0-28f3-4063-9be6-a9af95ebdc3d","childs":null,"emcosID":null,"emcosMLID":null,"codMaketTEP":null,"codTEP":null,"WSName":"DB","rangeAddress":"$OD$9:$OD$46","headAddress":"$OD$9","bodyAddress":"$OD$10:$OD$46","_name":"аскуэ"},"счетчик":{"_level":2,"parentID":"e571075c-d0df-4e0e-a542-cd7598b8b76b","firstParentID":"c47a64c8-3d0c-4256-b4b6-b2c5a1ce3507","ID":"06302264-c405-4136-a882-6880ff79c072","childs":null,"emcosID":null,"emcosMLID":null,"codMaketTEP":null,"codTEP":null,"WSName":"DB","rangeAddress":"$OE$9:$OE$46","headAddress":"$OE$9","bodyAddress":"$OE$10:$OE$46","_name":"счетчик"},"по счетчику":{"_level":2,"parentID":"e571075c-d0df-4e0e-a542-cd7598b8b76b","firstParentID":"c47a64c8-3d0c-4256-b4b6-b2c5a1ce3507","ID":"7efd5353-c564-46f4-ab04-2ceac2426f05","childs":null,"emcosID":null,"emcosMLID":null,"codMaketTEP":null,"codTEP":null,"WSName":"DB","rangeAddress":"$OF$9:$OF$46","headAddress":"$OF$9","bodyAddress":"$OF$10:$OF$46","_name":"по счетчику"}},"emcosID":331,"emcosMLID":386,"codMaketTEP":null,"codTEP":null,"WSName":"DB","rangeAddress":"$NZ$8:$OF$46","headAddress":"$NZ$8:$OF$8","bodyAddress":"$NZ$9:$OF$46","_name":"отдача"},"сальдо":{"_level":1,"parentID":"d845fe5e-f0ff-4890-85a7-c667ade273fa","firstParentID":"c47a64c8-3d0c-4256-b4b6-b2c5a1ce3507","ID":"484111b9-5a74-4ac2-b521-c163f9a09cbf","childs":{"код":{"_level":2,"parentID":"484111b9-5a74-4ac2-b521-c163f9a09cbf","firstParentID":"c47a64c8-3d0c-4256-b4b6-b2c5a1ce3507","ID":"ebfea7d1-da50-4404-ac32-db664dbc021d","childs":null,"emcosID":null,"emcosMLID":null,"codMaketTEP":null,"codTEP":null,"WSName":"DB","rangeAddress":"$OG$9:$OG$46","headAddress":"$OG$9","bodyAddress":"$OG$10:$OG$46","_name":"код"},"основное":{"_level":2,"parentID":"484111b9-5a74-4ac2-b521-c163f9a09cbf","firstParentID":"c47a64c8-3d0c-4256-b4b6-b2c5a1ce3507","ID":"f96424cc-9da4-4231-b0ba-d752d949e266","childs":null,"emcosID":null,"emcosMLID":null,"codMaketTEP":null,"codTEP":null,"WSName":"DB","rangeAddress":"$OH$9:$OH$46","headAddress":"$OH$9","bodyAddress":"$OH$10:$OH$46","_name":"основное"},"корректировка факт":{"_level":2,"parentID":"484111b9-5a74-4ac2-b521-c163f9a09cbf","firstParentID":"c47a64c8-3d0c-4256-b4b6-b2c5a1ce3507","ID":"6ac49473-7d47-4891-9fea-c260d7426f5f","childs":null,"emcosID":null,"emcosMLID":null,"codMaketTEP":null,"codTEP":null,"WSName":"DB","rangeAddress":"$OI$9:$OI$46","headAddress":"$OI$9","bodyAddress":"$OI$10:$OI$46","_name":"корректировка факт"},"ручное":{"_level":2,"parentID":"484111b9-5a74-4ac2-b521-c163f9a09cbf","firstParentID":"c47a64c8-3d0c-4256-b4b6-b2c5a1ce3507","ID":"1db8cd3b-7954-4b0d-999c-9edc82b15c9a","childs":null,"emcosID":null,"emcosMLID":null,"codMaketTEP":null,"codTEP":null,"WSName":"DB","rangeAddress":"$OJ$9:$OJ$46","headAddress":"$OJ$9","bodyAddress":"$OJ$10:$OJ$46","_name":"ручное"},"формула":{"_level":2,"parentID":"484111b9-5a74-4ac2-b521-c163f9a09cbf","firstParentID":"c47a64c8-3d0c-4256-b4b6-b2c5a1ce3507","ID":"ffbb0c7c-5faa-4ea4-8862-0042827a7364","childs":null,"emcosID":null,"emcosMLID":null,"codMaketTEP":null,"codTEP":null,"WSName":"DB","rangeAddress":"$OK$9:$OK$46","headAddress":"$OK$9","bodyAddress":"$OK$10:$OK$46","_name":"формула"}},"emcosID":null,"emcosMLID":null,"codMaketTEP":null,"codTEP":null,"WSName":"DB","rangeAddress":"$OG$8:$OK$46","headAddress":"$OG$8:$OK$8","bodyAddress":"$OG$9:$OK$46","_name":"сальдо"}},"emcosID":null,"emcosMLID":null,"codMaketTEP":null,"codTEP":null,"WSName":"DB","rangeAddress":"$NS$7:$OK$46","headAddress":"$NS$7:$OK$7","bodyAddress":"$NS$8:$OK$46","_name":"Л5300 ЮКГРЭС"}},"codPlan":null,"meterCoef":"10000","_name":"Л5300 ЮКГРЭС"}