{"ID":"cb0a14df-4f16-49df-9470-243045c34bb9","childs":{"PS":{"_level":0,"parentID":"cb0a14df-4f16-49df-9470-243045c34bb9","firstParentID":"cb0a14df-4f16-49df-9470-243045c34bb9","ID":"ded583b6-ddd2-4dbc-98cf-4ffc0606a195","childs":{"прием":{"_level":1,"parentID":"ded583b6-ddd2-4dbc-98cf-4ffc0606a195","firstParentID":"cb0a14df-4f16-49df-9470-243045c34bb9","ID":"ccdfddec-56f0-465c-b49d-9e3f3b5d5381","childs":{"формула":{"_level":2,"parentID":"ccdfddec-56f0-465c-b49d-9e3f3b5d5381","firstParentID":"cb0a14df-4f16-49df-9470-243045c34bb9","ID":"19137d94-de9d-4965-9634-defb23877462","childs":null,"emcosID":null,"emcosMLID":null,"codMaketTEP":null,"codTEP":null,"WSName":"PS","rangeAddress":"$D$13:$D$49","headAddress":"$D$13","bodyAddress":"$D$14:$D$49","_name":"формула"}},"emcosID":null,"emcosMLID":null,"codMaketTEP":1301,"codTEP":null,"WSName":"PS","rangeAddress":"$D$12:$D$49","headAddress":"$D$12","bodyAddress":"$D$13:$D$49","_name":"прием"}},"emcosID":null,"emcosMLID":null,"codMaketTEP":null,"codTEP":null,"WSName":"PS","rangeAddress":"$D$11:$D$49","headAddress":"$D$11","bodyAddress":"$D$12:$D$49","_name":"Потребление Алматинского энергоузла Общее"},"DB":{"_level":0,"parentID":"cb0a14df-4f16-49df-9470-243045c34bb9","firstParentID":"cb0a14df-4f16-49df-9470-243045c34bb9","ID":"ab997a06-075f-44dd-8b48-f1fb49a660a2","childs":{"прием":{"_level":1,"parentID":"ab997a06-075f-44dd-8b48-f1fb49a660a2","firstParentID":"cb0a14df-4f16-49df-9470-243045c34bb9","ID":"905d1cae-20c0-42f6-953a-d438c3c80567","childs":{"код":{"_level":2,"parentID":"905d1cae-20c0-42f6-953a-d438c3c80567","firstParentID":"cb0a14df-4f16-49df-9470-243045c34bb9","ID":"00e448ec-60f0-48e5-9287-77bc87384644","childs":null,"emcosID":null,"emcosMLID":null,"codMaketTEP":null,"codTEP":null,"WSName":"DB","rangeAddress":"$AJ$353:$AJ$390","headAddress":"$AJ$353","bodyAddress":"$AJ$354:$AJ$390","_name":"код"},"основное":{"_level":2,"parentID":"905d1cae-20c0-42f6-953a-d438c3c80567","firstParentID":"cb0a14df-4f16-49df-9470-243045c34bb9","ID":"1b9c4806-8aa5-4a05-b34c-f697b7f45cc7","childs":null,"emcosID":null,"emcosMLID":null,"codMaketTEP":null,"codTEP":null,"WSName":"DB","rangeAddress":"$AK$353:$AK$390","headAddress":"$AK$353","bodyAddress":"$AK$354:$AK$390","_name":"основное"},"корректировка факт":{"_level":2,"parentID":"905d1cae-20c0-42f6-953a-d438c3c80567","firstParentID":"cb0a14df-4f16-49df-9470-243045c34bb9","ID":"dbc0d526-f370-46f3-965f-78537a1116d2","childs":null,"emcosID":null,"emcosMLID":null,"codMaketTEP":null,"codTEP":null,"WSName":"DB","rangeAddress":"$AL$353:$AL$390","headAddress":"$AL$353","bodyAddress":"$AL$354:$AL$390","_name":"корректировка факт"},"ручное":{"_level":2,"parentID":"905d1cae-20c0-42f6-953a-d438c3c80567","firstParentID":"cb0a14df-4f16-49df-9470-243045c34bb9","ID":"3442eff3-dbee-4206-928e-6c5a10e11ece","childs":null,"emcosID":null,"emcosMLID":null,"codMaketTEP":null,"codTEP":null,"WSName":"DB","rangeAddress":"$AM$353:$AM$390","headAddress":"$AM$353","bodyAddress":"$AM$354:$AM$390","_name":"ручное"},"формула":{"_level":2,"parentID":"905d1cae-20c0-42f6-953a-d438c3c80567","firstParentID":"cb0a14df-4f16-49df-9470-243045c34bb9","ID":"52f6159a-81b1-4407-a9de-fa247a63357d","childs":null,"emcosID":null,"emcosMLID":null,"codMaketTEP":null,"codTEP":null,"WSName":"DB","rangeAddress":"$AN$353:$AN$390","headAddress":"$AN$353","bodyAddress":"$AN$354:$AN$390","_name":"формула"},"аскуэ":{"_level":2,"parentID":"905d1cae-20c0-42f6-953a-d438c3c80567","firstParentID":"cb0a14df-4f16-49df-9470-243045c34bb9","ID":"d1768129-36b9-4784-99a8-de5203c07728","childs":null,"emcosID":null,"emcosMLID":null,"codMaketTEP":null,"codTEP":null,"WSName":"DB","rangeAddress":"$AO$353:$AO$390","headAddress":"$AO$353","bodyAddress":"$AO$354:$AO$390","_name":"аскуэ"}},"emcosID":null,"emcosMLID":null,"codMaketTEP":null,"codTEP":null,"WSName":"DB","rangeAddress":"$AJ$352:$AO$390","headAddress":"$AJ$352:$AO$352","bodyAddress":"$AJ$353:$AO$390","_name":"прием"}},"emcosID":null,"emcosMLID":null,"codMaketTEP":null,"codTEP":null,"WSName":"DB","rangeAddress":"$AJ$351:$AO$390","headAddress":"$AJ$351:$AO$351","bodyAddress":"$AJ$352:$AO$390","_name":"Потребление Алматинского энергоузла Общее"}},"codPlan":null,"meterCoef":null,"_name":"Потребление Алматинского энергоузла Общее"}