{"ID":"cbf59367-0b0d-40c7-aa51-81989ba8384c","childs":{"PS":{"_level":0,"parentID":"cbf59367-0b0d-40c7-aa51-81989ba8384c","firstParentID":"cbf59367-0b0d-40c7-aa51-81989ba8384c","ID":"a9b52cca-9855-489e-a86b-fcbc351a1569","childs":{"прием":{"_level":1,"parentID":"a9b52cca-9855-489e-a86b-fcbc351a1569","firstParentID":"cbf59367-0b0d-40c7-aa51-81989ba8384c","ID":"386dc360-6157-482c-847f-a8c6e56c475c","childs":{"оперативное":{"_level":2,"parentID":"386dc360-6157-482c-847f-a8c6e56c475c","firstParentID":"cbf59367-0b0d-40c7-aa51-81989ba8384c","ID":"a8bfa255-f954-43e9-bb04-270142cb25a4","childs":null,"emcosID":null,"emcosMLID":null,"codMaketTEP":null,"codTEP":null,"WSName":"PS","rangeAddress":"$X$228:$X$264","headAddress":"$X$228","bodyAddress":"$X$229:$X$264","_name":"оперативное"}},"emcosID":null,"emcosMLID":null,"codMaketTEP":1470,"codTEP":null,"WSName":"PS","rangeAddress":"$X$227:$X$264","headAddress":"$X$227","bodyAddress":"$X$228:$X$264","_name":"прием"},"план":{"_level":1,"parentID":"a9b52cca-9855-489e-a86b-fcbc351a1569","firstParentID":"cbf59367-0b0d-40c7-aa51-81989ba8384c","ID":"f57a4ff2-e529-4049-8464-2e4962c4ca0e","childs":{"заявка":{"_level":2,"parentID":"f57a4ff2-e529-4049-8464-2e4962c4ca0e","firstParentID":"cbf59367-0b0d-40c7-aa51-81989ba8384c","ID":"7e68dcfe-d098-4ba2-9b46-8a67f1e785a8","childs":null,"emcosID":null,"emcosMLID":null,"codMaketTEP":null,"codTEP":null,"WSName":"PS","rangeAddress":"$Y$228:$Y$264","headAddress":"$Y$228","bodyAddress":"$Y$229:$Y$264","_name":"заявка"}},"emcosID":null,"emcosMLID":null,"codMaketTEP":null,"codTEP":null,"WSName":"PS","rangeAddress":"$Y$227:$Y$264","headAddress":"$Y$227","bodyAddress":"$Y$228:$Y$264","_name":"план"}},"emcosID":null,"emcosMLID":null,"codMaketTEP":null,"codTEP":null,"WSName":"PS","rangeAddress":"$X$226:$Y$264","headAddress":"$X$226:$Y$226","bodyAddress":"$X$227:$Y$264","_name":"Грузовые перевозки КТЖ Жетысу"},"DB":{"_level":0,"parentID":"cbf59367-0b0d-40c7-aa51-81989ba8384c","firstParentID":"cbf59367-0b0d-40c7-aa51-81989ba8384c","ID":"26b56061-af0f-4d00-bcfd-d2d910fdba84","childs":{"прием":{"_level":1,"parentID":"26b56061-af0f-4d00-bcfd-d2d910fdba84","firstParentID":"cbf59367-0b0d-40c7-aa51-81989ba8384c","ID":"77fc2076-d078-466a-8365-493a25373cc2","childs":{"код":{"_level":2,"parentID":"77fc2076-d078-466a-8365-493a25373cc2","firstParentID":"cbf59367-0b0d-40c7-aa51-81989ba8384c","ID":"ad3e6ccd-f914-4e31-80c0-ef667b6ef113","childs":null,"emcosID":null,"emcosMLID":null,"codMaketTEP":null,"codTEP":null,"WSName":"DB","rangeAddress":"$AD$439:$AD$476","headAddress":"$AD$439","bodyAddress":"$AD$440:$AD$476","_name":"код"},"основное":{"_level":2,"parentID":"77fc2076-d078-466a-8365-493a25373cc2","firstParentID":"cbf59367-0b0d-40c7-aa51-81989ba8384c","ID":"a821c11c-28e8-4cde-93ed-6133953714e0","childs":null,"emcosID":null,"emcosMLID":null,"codMaketTEP":null,"codTEP":null,"WSName":"DB","rangeAddress":"$AE$439:$AE$476","headAddress":"$AE$439","bodyAddress":"$AE$440:$AE$476","_name":"основное"},"корректировка факт":{"_level":2,"parentID":"77fc2076-d078-466a-8365-493a25373cc2","firstParentID":"cbf59367-0b0d-40c7-aa51-81989ba8384c","ID":"bd9ca271-5a54-4858-a02c-d1e720d8665e","childs":null,"emcosID":null,"emcosMLID":null,"codMaketTEP":null,"codTEP":null,"WSName":"DB","rangeAddress":"$AF$439:$AF$476","headAddress":"$AF$439","bodyAddress":"$AF$440:$AF$476","_name":"корректировка факт"},"ручное":{"_level":2,"parentID":"77fc2076-d078-466a-8365-493a25373cc2","firstParentID":"cbf59367-0b0d-40c7-aa51-81989ba8384c","ID":"3465a66c-bfb9-4f3d-95da-966d5a01a490","childs":null,"emcosID":null,"emcosMLID":null,"codMaketTEP":null,"codTEP":null,"WSName":"DB","rangeAddress":"$AG$439:$AG$476","headAddress":"$AG$439","bodyAddress":"$AG$440:$AG$476","_name":"ручное"},"по плану":{"_level":2,"parentID":"77fc2076-d078-466a-8365-493a25373cc2","firstParentID":"cbf59367-0b0d-40c7-aa51-81989ba8384c","ID":"889c8821-af20-4731-bec6-af9e14814f45","childs":null,"emcosID":null,"emcosMLID":null,"codMaketTEP":null,"codTEP":null,"WSName":"DB","rangeAddress":"$AH$439:$AH$476","headAddress":"$AH$439","bodyAddress":"$AH$440:$AH$476","_name":"по плану"},"оперативное":{"_level":2,"parentID":"77fc2076-d078-466a-8365-493a25373cc2","firstParentID":"cbf59367-0b0d-40c7-aa51-81989ba8384c","ID":"08ed4e27-b061-4a11-bcfd-3387183cbe79","childs":null,"emcosID":null,"emcosMLID":null,"codMaketTEP":null,"codTEP":null,"WSName":"DB","rangeAddress":"$AI$439:$AI$476","headAddress":"$AI$439","bodyAddress":"$AI$440:$AI$476","_name":"оперативное"}},"emcosID":null,"emcosMLID":null,"codMaketTEP":null,"codTEP":null,"WSName":"DB","rangeAddress":"$AD$438:$AI$476","headAddress":"$AD$438:$AI$438","bodyAddress":"$AD$439:$AI$476","_name":"прием"},"план":{"_level":1,"parentID":"26b56061-af0f-4d00-bcfd-d2d910fdba84","firstParentID":"cbf59367-0b0d-40c7-aa51-81989ba8384c","ID":"b675fafd-f222-43d9-8d37-5b81052feee8","childs":{"код":{"_level":2,"parentID":"b675fafd-f222-43d9-8d37-5b81052feee8","firstParentID":"cbf59367-0b0d-40c7-aa51-81989ba8384c","ID":"2252efc5-1e80-4084-96f7-a1e918639313","childs":null,"emcosID":null,"emcosMLID":null,"codMaketTEP":null,"codTEP":null,"WSName":"DB","rangeAddress":"$AJ$439:$AJ$476","headAddress":"$AJ$439","bodyAddress":"$AJ$440:$AJ$476","_name":"код"},"основное":{"_level":2,"parentID":"b675fafd-f222-43d9-8d37-5b81052feee8","firstParentID":"cbf59367-0b0d-40c7-aa51-81989ba8384c","ID":"c9009a91-a8fd-4744-add1-e10aa7e92883","childs":null,"emcosID":null,"emcosMLID":null,"codMaketTEP":null,"codTEP":null,"WSName":"DB","rangeAddress":"$AK$439:$AK$476","headAddress":"$AK$439","bodyAddress":"$AK$440:$AK$476","_name":"основное"},"заявка":{"_level":2,"parentID":"b675fafd-f222-43d9-8d37-5b81052feee8","firstParentID":"cbf59367-0b0d-40c7-aa51-81989ba8384c","ID":"97e8274f-862c-4161-9e4f-f3e39d585cf9","childs":null,"emcosID":null,"emcosMLID":null,"codMaketTEP":null,"codTEP":null,"WSName":"DB","rangeAddress":"$AL$439:$AL$476","headAddress":"$AL$439","bodyAddress":"$AL$440:$AL$476","_name":"заявка"},"утвержденный":{"_level":2,"parentID":"b675fafd-f222-43d9-8d37-5b81052feee8","firstParentID":"cbf59367-0b0d-40c7-aa51-81989ba8384c","ID":"90bdd410-edf1-4a8b-9d44-0a491e0be54d","childs":null,"emcosID":null,"emcosMLID":null,"codMaketTEP":null,"codTEP":null,"WSName":"DB","rangeAddress":"$AM$439:$AM$476","headAddress":"$AM$439","bodyAddress":"$AM$440:$AM$476","_name":"утвержденный"},"корректировка":{"_level":2,"parentID":"b675fafd-f222-43d9-8d37-5b81052feee8","firstParentID":"cbf59367-0b0d-40c7-aa51-81989ba8384c","ID":"fa6e2f75-45ac-4be0-963f-449ba897030e","childs":null,"emcosID":null,"emcosMLID":null,"codMaketTEP":null,"codTEP":null,"WSName":"DB","rangeAddress":"$AN$439:$AN$476","headAddress":"$AN$439","bodyAddress":"$AN$440:$AN$476","_name":"корректировка"}},"emcosID":null,"emcosMLID":null,"codMaketTEP":null,"codTEP":null,"WSName":"DB","rangeAddress":"$AJ$438:$AN$476","headAddress":"$AJ$438:$AN$438","bodyAddress":"$AJ$439:$AN$476","_name":"план"}},"emcosID":null,"emcosMLID":null,"codMaketTEP":null,"codTEP":null,"WSName":"DB","rangeAddress":"$AD$437:$AN$476","headAddress":"$AD$437:$AN$437","bodyAddress":"$AD$438:$AN$476","_name":"Грузовые перевозки КТЖ Жетысу"}},"codPlan":34,"meterCoef":null,"_name":"Грузовые перевозки КТЖ Жетысу"}