{"ID":"d4827278-0412-4683-9033-6cb676893fa0","childs":{"PS":{"_level":0,"parentID":"d4827278-0412-4683-9033-6cb676893fa0","firstParentID":"d4827278-0412-4683-9033-6cb676893fa0","ID":"c1d6754b-f430-43e0-ba2d-b3f72dfbb2ab","childs":{"прием":{"_level":1,"parentID":"c1d6754b-f430-43e0-ba2d-b3f72dfbb2ab","firstParentID":"d4827278-0412-4683-9033-6cb676893fa0","ID":"970193c0-5f8c-4da9-bdd1-956f47298038","childs":{"по счетчику":{"_level":2,"parentID":"970193c0-5f8c-4da9-bdd1-956f47298038","firstParentID":"d4827278-0412-4683-9033-6cb676893fa0","ID":"27146386-1bc0-4894-90c4-5192238ad35b","childs":null,"emcosID":null,"emcosMLID":null,"codMaketTEP":null,"codTEP":null,"WSName":"PS","rangeAddress":"$AC$56:$AC$92","headAddress":"$AC$56","bodyAddress":"$AC$57:$AC$92","_name":"по счетчику"}},"emcosID":null,"emcosMLID":null,"codMaketTEP":null,"codTEP":null,"WSName":"PS","rangeAddress":"$AC$55:$AC$92","headAddress":"$AC$55","bodyAddress":"$AC$56:$AC$92","_name":"прием"},"отдача":{"_level":1,"parentID":"c1d6754b-f430-43e0-ba2d-b3f72dfbb2ab","firstParentID":"d4827278-0412-4683-9033-6cb676893fa0","ID":"3e10dc28-0884-4814-8aa1-68412c30422f","childs":{"по счетчику":{"_level":2,"parentID":"3e10dc28-0884-4814-8aa1-68412c30422f","firstParentID":"d4827278-0412-4683-9033-6cb676893fa0","ID":"470e47de-13ad-46e4-b352-0753599dbeaf","childs":null,"emcosID":null,"emcosMLID":null,"codMaketTEP":null,"codTEP":null,"WSName":"PS","rangeAddress":"$AD$56:$AD$92","headAddress":"$AD$56","bodyAddress":"$AD$57:$AD$92","_name":"по счетчику"}},"emcosID":null,"emcosMLID":null,"codMaketTEP":null,"codTEP":null,"WSName":"PS","rangeAddress":"$AD$55:$AD$92","headAddress":"$AD$55","bodyAddress":"$AD$56:$AD$92","_name":"отдача"},"сальдо":{"_level":1,"parentID":"c1d6754b-f430-43e0-ba2d-b3f72dfbb2ab","firstParentID":"d4827278-0412-4683-9033-6cb676893fa0","ID":"f5448141-0392-4f8c-959b-e9d8120dbd67","childs":{"формула":{"_level":2,"parentID":"f5448141-0392-4f8c-959b-e9d8120dbd67","firstParentID":"d4827278-0412-4683-9033-6cb676893fa0","ID":"ac7ff929-11c4-40ca-8a6b-c4368e1acff4","childs":null,"emcosID":null,"emcosMLID":null,"codMaketTEP":null,"codTEP":null,"WSName":"PS","rangeAddress":"$AE$56:$AE$92","headAddress":"$AE$56","bodyAddress":"$AE$57:$AE$92","_name":"формула"}},"emcosID":null,"emcosMLID":null,"codMaketTEP":1357,"codTEP":null,"WSName":"PS","rangeAddress":"$AE$55:$AE$92","headAddress":"$AE$55","bodyAddress":"$AE$56:$AE$92","_name":"сальдо"}},"emcosID":null,"emcosMLID":null,"codMaketTEP":null,"codTEP":null,"WSName":"PS","rangeAddress":"$AC$54:$AE$92","headAddress":"$AC$54:$AE$54","bodyAddress":"$AC$55:$AE$92","_name":"Л2293 ЮКГРЭС"},"DB":{"_level":0,"parentID":"d4827278-0412-4683-9033-6cb676893fa0","firstParentID":"d4827278-0412-4683-9033-6cb676893fa0","ID":"cc17583e-98d1-4853-a345-7e7b435c4c13","childs":{"прием":{"_level":1,"parentID":"cc17583e-98d1-4853-a345-7e7b435c4c13","firstParentID":"d4827278-0412-4683-9033-6cb676893fa0","ID":"66b0cc39-3fb5-486a-afe6-402d1d83765c","childs":{"код":{"_level":2,"parentID":"66b0cc39-3fb5-486a-afe6-402d1d83765c","firstParentID":"d4827278-0412-4683-9033-6cb676893fa0","ID":"294341e5-a736-43f0-9148-453db740fab5","childs":null,"emcosID":null,"emcosMLID":null,"codMaketTEP":null,"codTEP":null,"WSName":"DB","rangeAddress":"$LY$9:$LY$46","headAddress":"$LY$9","bodyAddress":"$LY$10:$LY$46","_name":"код"},"основное":{"_level":2,"parentID":"66b0cc39-3fb5-486a-afe6-402d1d83765c","firstParentID":"d4827278-0412-4683-9033-6cb676893fa0","ID":"20a636d4-ffaf-42dc-ac83-de71318602f0","childs":null,"emcosID":null,"emcosMLID":null,"codMaketTEP":null,"codTEP":null,"WSName":"DB","rangeAddress":"$LZ$9:$LZ$46","headAddress":"$LZ$9","bodyAddress":"$LZ$10:$LZ$46","_name":"основное"},"корректировка факт":{"_level":2,"parentID":"66b0cc39-3fb5-486a-afe6-402d1d83765c","firstParentID":"d4827278-0412-4683-9033-6cb676893fa0","ID":"6211fea6-5c02-4bc2-96a7-dbfb259d98e6","childs":null,"emcosID":null,"emcosMLID":null,"codMaketTEP":null,"codTEP":null,"WSName":"DB","rangeAddress":"$MA$9:$MA$46","headAddress":"$MA$9","bodyAddress":"$MA$10:$MA$46","_name":"корректировка факт"},"ручное":{"_level":2,"parentID":"66b0cc39-3fb5-486a-afe6-402d1d83765c","firstParentID":"d4827278-0412-4683-9033-6cb676893fa0","ID":"e66246b3-1eca-486c-921e-a470e8f5df9b","childs":null,"emcosID":null,"emcosMLID":null,"codMaketTEP":null,"codTEP":null,"WSName":"DB","rangeAddress":"$MB$9:$MB$46","headAddress":"$MB$9","bodyAddress":"$MB$10:$MB$46","_name":"ручное"},"счетчик":{"_level":2,"parentID":"66b0cc39-3fb5-486a-afe6-402d1d83765c","firstParentID":"d4827278-0412-4683-9033-6cb676893fa0","ID":"3c5135fd-4115-4e1f-b7e5-9e44b8e36b43","childs":null,"emcosID":null,"emcosMLID":null,"codMaketTEP":null,"codTEP":null,"WSName":"DB","rangeAddress":"$MC$9:$MC$46","headAddress":"$MC$9","bodyAddress":"$MC$10:$MC$46","_name":"счетчик"},"по счетчику":{"_level":2,"parentID":"66b0cc39-3fb5-486a-afe6-402d1d83765c","firstParentID":"d4827278-0412-4683-9033-6cb676893fa0","ID":"02708cb3-b383-46a7-9738-6b9022bc2379","childs":null,"emcosID":null,"emcosMLID":null,"codMaketTEP":null,"codTEP":null,"WSName":"DB","rangeAddress":"$MD$9:$MD$46","headAddress":"$MD$9","bodyAddress":"$MD$10:$MD$46","_name":"по счетчику"}},"emcosID":null,"emcosMLID":null,"codMaketTEP":null,"codTEP":null,"WSName":"DB","rangeAddress":"$LY$8:$MD$46","headAddress":"$LY$8:$MD$8","bodyAddress":"$LY$9:$MD$46","_name":"прием"},"отдача":{"_level":1,"parentID":"cc17583e-98d1-4853-a345-7e7b435c4c13","firstParentID":"d4827278-0412-4683-9033-6cb676893fa0","ID":"6fc25f36-45c0-4d62-b429-c1126fe0a312","childs":{"код":{"_level":2,"parentID":"6fc25f36-45c0-4d62-b429-c1126fe0a312","firstParentID":"d4827278-0412-4683-9033-6cb676893fa0","ID":"7b879c5f-78ba-45c9-9455-7c37e051f333","childs":null,"emcosID":null,"emcosMLID":null,"codMaketTEP":null,"codTEP":null,"WSName":"DB","rangeAddress":"$ME$9:$ME$46","headAddress":"$ME$9","bodyAddress":"$ME$10:$ME$46","_name":"код"},"основное":{"_level":2,"parentID":"6fc25f36-45c0-4d62-b429-c1126fe0a312","firstParentID":"d4827278-0412-4683-9033-6cb676893fa0","ID":"b7f438cb-96f7-4e1d-b2ea-40bc011364b3","childs":null,"emcosID":null,"emcosMLID":null,"codMaketTEP":null,"codTEP":null,"WSName":"DB","rangeAddress":"$MF$9:$MF$46","headAddress":"$MF$9","bodyAddress":"$MF$10:$MF$46","_name":"основное"},"корректировка факт":{"_level":2,"parentID":"6fc25f36-45c0-4d62-b429-c1126fe0a312","firstParentID":"d4827278-0412-4683-9033-6cb676893fa0","ID":"775fe1f9-df57-4374-a36a-bb1ef96f3889","childs":null,"emcosID":null,"emcosMLID":null,"codMaketTEP":null,"codTEP":null,"WSName":"DB","rangeAddress":"$MG$9:$MG$46","headAddress":"$MG$9","bodyAddress":"$MG$10:$MG$46","_name":"корректировка факт"},"ручное":{"_level":2,"parentID":"6fc25f36-45c0-4d62-b429-c1126fe0a312","firstParentID":"d4827278-0412-4683-9033-6cb676893fa0","ID":"2de68fad-ae53-490c-b82e-09d7261b625d","childs":null,"emcosID":null,"emcosMLID":null,"codMaketTEP":null,"codTEP":null,"WSName":"DB","rangeAddress":"$MH$9:$MH$46","headAddress":"$MH$9","bodyAddress":"$MH$10:$MH$46","_name":"ручное"},"счетчик":{"_level":2,"parentID":"6fc25f36-45c0-4d62-b429-c1126fe0a312","firstParentID":"d4827278-0412-4683-9033-6cb676893fa0","ID":"cf27afa7-2c89-4d2f-a87b-bcfd7b3aa8d9","childs":null,"emcosID":null,"emcosMLID":null,"codMaketTEP":null,"codTEP":null,"WSName":"DB","rangeAddress":"$MI$9:$MI$46","headAddress":"$MI$9","bodyAddress":"$MI$10:$MI$46","_name":"счетчик"},"по счетчику":{"_level":2,"parentID":"6fc25f36-45c0-4d62-b429-c1126fe0a312","firstParentID":"d4827278-0412-4683-9033-6cb676893fa0","ID":"5a5e4537-cb74-4aeb-843c-36cf0beea87d","childs":null,"emcosID":null,"emcosMLID":null,"codMaketTEP":null,"codTEP":null,"WSName":"DB","rangeAddress":"$MJ$9:$MJ$46","headAddress":"$MJ$9","bodyAddress":"$MJ$10:$MJ$46","_name":"по счетчику"}},"emcosID":null,"emcosMLID":null,"codMaketTEP":null,"codTEP":null,"WSName":"DB","rangeAddress":"$ME$8:$MJ$46","headAddress":"$ME$8:$MJ$8","bodyAddress":"$ME$9:$MJ$46","_name":"отдача"},"сальдо":{"_level":1,"parentID":"cc17583e-98d1-4853-a345-7e7b435c4c13","firstParentID":"d4827278-0412-4683-9033-6cb676893fa0","ID":"a71ea246-1350-4a17-bd21-09d6724f0538","childs":{"код":{"_level":2,"parentID":"a71ea246-1350-4a17-bd21-09d6724f0538","firstParentID":"d4827278-0412-4683-9033-6cb676893fa0","ID":"9463580d-559a-4b75-80f3-9fabc8c1789c","childs":null,"emcosID":null,"emcosMLID":null,"codMaketTEP":null,"codTEP":null,"WSName":"DB","rangeAddress":"$MK$9:$MK$46","headAddress":"$MK$9","bodyAddress":"$MK$10:$MK$46","_name":"код"},"основное":{"_level":2,"parentID":"a71ea246-1350-4a17-bd21-09d6724f0538","firstParentID":"d4827278-0412-4683-9033-6cb676893fa0","ID":"714efabb-8416-4eda-b636-bcf684b4b1f5","childs":null,"emcosID":null,"emcosMLID":null,"codMaketTEP":null,"codTEP":null,"WSName":"DB","rangeAddress":"$ML$9:$ML$46","headAddress":"$ML$9","bodyAddress":"$ML$10:$ML$46","_name":"основное"},"корректировка факт":{"_level":2,"parentID":"a71ea246-1350-4a17-bd21-09d6724f0538","firstParentID":"d4827278-0412-4683-9033-6cb676893fa0","ID":"9e50c727-281c-49b7-a912-9569e6ae466d","childs":null,"emcosID":null,"emcosMLID":null,"codMaketTEP":null,"codTEP":null,"WSName":"DB","rangeAddress":"$MM$9:$MM$46","headAddress":"$MM$9","bodyAddress":"$MM$10:$MM$46","_name":"корректировка факт"},"ручное":{"_level":2,"parentID":"a71ea246-1350-4a17-bd21-09d6724f0538","firstParentID":"d4827278-0412-4683-9033-6cb676893fa0","ID":"29ef79e5-fa3a-4982-9107-e8cd491d6f76","childs":null,"emcosID":null,"emcosMLID":null,"codMaketTEP":null,"codTEP":null,"WSName":"DB","rangeAddress":"$MN$9:$MN$46","headAddress":"$MN$9","bodyAddress":"$MN$10:$MN$46","_name":"ручное"},"формула":{"_level":2,"parentID":"a71ea246-1350-4a17-bd21-09d6724f0538","firstParentID":"d4827278-0412-4683-9033-6cb676893fa0","ID":"a60bbec3-882a-4dad-8317-fc043abe9a02","childs":null,"emcosID":null,"emcosMLID":null,"codMaketTEP":null,"codTEP":null,"WSName":"DB","rangeAddress":"$MO$9:$MO$46","headAddress":"$MO$9","bodyAddress":"$MO$10:$MO$46","_name":"формула"}},"emcosID":null,"emcosMLID":null,"codMaketTEP":null,"codTEP":null,"WSName":"DB","rangeAddress":"$MK$8:$MO$46","headAddress":"$MK$8:$MO$8","bodyAddress":"$MK$9:$MO$46","_name":"сальдо"}},"emcosID":null,"emcosMLID":null,"codMaketTEP":null,"codTEP":null,"WSName":"DB","rangeAddress":"$LY$7:$MO$46","headAddress":"$LY$7:$MO$7","bodyAddress":"$LY$8:$MO$46","_name":"Л2293 ЮКГРЭС"}},"codPlan":null,"meterCoef":"2200","_name":"Л2293 ЮКГРЭС"}