{"ID":"e2ce675d-f53d-48b7-9e03-393ce84e9f2d","childs":{"PS":{"_level":0,"parentID":"e2ce675d-f53d-48b7-9e03-393ce84e9f2d","firstParentID":"e2ce675d-f53d-48b7-9e03-393ce84e9f2d","ID":"2a46da8d-2c6f-4fa4-9aed-4abb9f9ba779","childs":{"прием":{"_level":1,"parentID":"2a46da8d-2c6f-4fa4-9aed-4abb9f9ba779","firstParentID":"e2ce675d-f53d-48b7-9e03-393ce84e9f2d","ID":"de2350a6-16c5-4312-be2c-ef1b7d03a5d7","childs":{"формула":{"_level":2,"parentID":"de2350a6-16c5-4312-be2c-ef1b7d03a5d7","firstParentID":"e2ce675d-f53d-48b7-9e03-393ce84e9f2d","ID":"561cfb20-6b32-4cdf-ab70-299fe7363dce","childs":null,"emcosID":null,"emcosMLID":null,"codMaketTEP":null,"codTEP":null,"WSName":"PS","rangeAddress":"$AI$185:$AI$221","headAddress":"$AI$185","bodyAddress":"$AI$186:$AI$221","_name":"формула"}},"emcosID":null,"emcosMLID":null,"codMaketTEP":1392,"codTEP":null,"WSName":"PS","rangeAddress":"$AI$184:$AI$221","headAddress":"$AI$184","bodyAddress":"$AI$185:$AI$221","_name":"прием"}},"emcosID":null,"emcosMLID":null,"codMaketTEP":null,"codTEP":null,"WSName":"PS","rangeAddress":"$AI$183:$AI$221","headAddress":"$AI$183","bodyAddress":"$AI$184:$AI$221","_name":"Потребление Алматы Су и Международный аэропорт Алматы"},"DB":{"_level":0,"parentID":"e2ce675d-f53d-48b7-9e03-393ce84e9f2d","firstParentID":"e2ce675d-f53d-48b7-9e03-393ce84e9f2d","ID":"f6602793-7344-41ca-a4e3-cf4e1ca34338","childs":{"прием":{"_level":1,"parentID":"f6602793-7344-41ca-a4e3-cf4e1ca34338","firstParentID":"e2ce675d-f53d-48b7-9e03-393ce84e9f2d","ID":"cc18fe5f-e95e-4051-8075-21c32f3a9e1d","childs":{"код":{"_level":2,"parentID":"cc18fe5f-e95e-4051-8075-21c32f3a9e1d","firstParentID":"e2ce675d-f53d-48b7-9e03-393ce84e9f2d","ID":"c94a6999-d445-4ff4-8cad-d3ce9bafc300","childs":null,"emcosID":null,"emcosMLID":null,"codMaketTEP":null,"codTEP":null,"WSName":"DB","rangeAddress":"$R$267:$R$304","headAddress":"$R$267","bodyAddress":"$R$268:$R$304","_name":"код"},"основное":{"_level":2,"parentID":"cc18fe5f-e95e-4051-8075-21c32f3a9e1d","firstParentID":"e2ce675d-f53d-48b7-9e03-393ce84e9f2d","ID":"6a3f626b-df14-4970-8233-370d08cae9bf","childs":null,"emcosID":null,"emcosMLID":null,"codMaketTEP":null,"codTEP":null,"WSName":"DB","rangeAddress":"$S$267:$S$304","headAddress":"$S$267","bodyAddress":"$S$268:$S$304","_name":"основное"},"корректировка факт":{"_level":2,"parentID":"cc18fe5f-e95e-4051-8075-21c32f3a9e1d","firstParentID":"e2ce675d-f53d-48b7-9e03-393ce84e9f2d","ID":"968bf8bc-8b88-495c-bc87-60bd8ed0af59","childs":null,"emcosID":null,"emcosMLID":null,"codMaketTEP":null,"codTEP":null,"WSName":"DB","rangeAddress":"$T$267:$T$304","headAddress":"$T$267","bodyAddress":"$T$268:$T$304","_name":"корректировка факт"},"ручное":{"_level":2,"parentID":"cc18fe5f-e95e-4051-8075-21c32f3a9e1d","firstParentID":"e2ce675d-f53d-48b7-9e03-393ce84e9f2d","ID":"ef8c14c2-d3c0-45c7-9d18-a9d7a850e815","childs":null,"emcosID":null,"emcosMLID":null,"codMaketTEP":null,"codTEP":null,"WSName":"DB","rangeAddress":"$U$267:$U$304","headAddress":"$U$267","bodyAddress":"$U$268:$U$304","_name":"ручное"},"формула":{"_level":2,"parentID":"cc18fe5f-e95e-4051-8075-21c32f3a9e1d","firstParentID":"e2ce675d-f53d-48b7-9e03-393ce84e9f2d","ID":"04a5a00f-5ea4-480d-8937-fd80b3ee0887","childs":null,"emcosID":null,"emcosMLID":null,"codMaketTEP":null,"codTEP":null,"WSName":"DB","rangeAddress":"$V$267:$V$304","headAddress":"$V$267","bodyAddress":"$V$268:$V$304","_name":"формула"}},"emcosID":null,"emcosMLID":null,"codMaketTEP":null,"codTEP":null,"WSName":"DB","rangeAddress":"$R$266:$V$304","headAddress":"$R$266:$V$266","bodyAddress":"$R$267:$V$304","_name":"прием"}},"emcosID":null,"emcosMLID":null,"codMaketTEP":null,"codTEP":null,"WSName":"DB","rangeAddress":"$R$265:$V$304","headAddress":"$R$265:$V$265","bodyAddress":"$R$266:$V$304","_name":"Потребление Алматы Су и Международный аэропорт Алматы"}},"codPlan":null,"meterCoef":null,"_name":"Потребление Алматы Су и Международный аэропорт Алматы"}