{"ID":"e34a02bd-c148-4a17-b485-6d2d45ad5f37","childs":{"PS":{"_level":0,"parentID":"e34a02bd-c148-4a17-b485-6d2d45ad5f37","firstParentID":"e34a02bd-c148-4a17-b485-6d2d45ad5f37","ID":"e6c532eb-bdf0-42e4-974c-cf459a7d2288","childs":{"прием":{"_level":1,"parentID":"e6c532eb-bdf0-42e4-974c-cf459a7d2288","firstParentID":"e34a02bd-c148-4a17-b485-6d2d45ad5f37","ID":"0390d0c4-bec2-451c-b8ec-26d3858687e3","childs":{"ручное":{"_level":2,"parentID":"0390d0c4-bec2-451c-b8ec-26d3858687e3","firstParentID":"e34a02bd-c148-4a17-b485-6d2d45ad5f37","ID":"cd06e3d2-f0c6-4637-8239-2c99616de027","childs":null,"emcosID":null,"emcosMLID":null,"codMaketTEP":null,"codTEP":null,"WSName":"PS","rangeAddress":"$AC$142:$AC$178","headAddress":"$AC$142","bodyAddress":"$AC$143:$AC$178","_name":"ручное"}},"emcosID":null,"emcosMLID":null,"codMaketTEP":null,"codTEP":null,"WSName":"PS","rangeAddress":"$AC$141:$AC$178","headAddress":"$AC$141","bodyAddress":"$AC$142:$AC$178","_name":"прием"}},"emcosID":null,"emcosMLID":null,"codMaketTEP":null,"codTEP":null,"WSName":"PS","rangeAddress":"$AC$140:$AC$178","headAddress":"$AC$140","bodyAddress":"$AC$141:$AC$178","_name":"Л133А Шу 110 Тяга"},"DB":{"_level":0,"parentID":"e34a02bd-c148-4a17-b485-6d2d45ad5f37","firstParentID":"e34a02bd-c148-4a17-b485-6d2d45ad5f37","ID":"07e18d30-0bca-4504-99f1-80c52a354131","childs":{"прием":{"_level":1,"parentID":"07e18d30-0bca-4504-99f1-80c52a354131","firstParentID":"e34a02bd-c148-4a17-b485-6d2d45ad5f37","ID":"b352d3a8-69ae-42d8-9514-dccc9712b202","childs":{"код":{"_level":2,"parentID":"b352d3a8-69ae-42d8-9514-dccc9712b202","firstParentID":"e34a02bd-c148-4a17-b485-6d2d45ad5f37","ID":"b0f60b55-83d1-4b52-a577-a4cfb6884b4e","childs":null,"emcosID":null,"emcosMLID":null,"codMaketTEP":null,"codTEP":null,"WSName":"DB","rangeAddress":"$DF$224:$DF$261","headAddress":"$DF$224","bodyAddress":"$DF$225:$DF$261","_name":"код"},"основное":{"_level":2,"parentID":"b352d3a8-69ae-42d8-9514-dccc9712b202","firstParentID":"e34a02bd-c148-4a17-b485-6d2d45ad5f37","ID":"fe4a100e-0176-47ae-919c-cb94573e8160","childs":null,"emcosID":null,"emcosMLID":null,"codMaketTEP":null,"codTEP":null,"WSName":"DB","rangeAddress":"$DG$224:$DG$261","headAddress":"$DG$224","bodyAddress":"$DG$225:$DG$261","_name":"основное"},"корректировка факт":{"_level":2,"parentID":"b352d3a8-69ae-42d8-9514-dccc9712b202","firstParentID":"e34a02bd-c148-4a17-b485-6d2d45ad5f37","ID":"742aa24f-7fd7-43d2-a1e4-3ba5ce84d573","childs":null,"emcosID":null,"emcosMLID":null,"codMaketTEP":null,"codTEP":null,"WSName":"DB","rangeAddress":"$DH$224:$DH$261","headAddress":"$DH$224","bodyAddress":"$DH$225:$DH$261","_name":"корректировка факт"},"ручное":{"_level":2,"parentID":"b352d3a8-69ae-42d8-9514-dccc9712b202","firstParentID":"e34a02bd-c148-4a17-b485-6d2d45ad5f37","ID":"098d58cb-b47f-4749-bda3-212824a4af2c","childs":null,"emcosID":null,"emcosMLID":null,"codMaketTEP":null,"codTEP":null,"WSName":"DB","rangeAddress":"$DI$224:$DI$261","headAddress":"$DI$224","bodyAddress":"$DI$225:$DI$261","_name":"ручное"}},"emcosID":null,"emcosMLID":null,"codMaketTEP":null,"codTEP":null,"WSName":"DB","rangeAddress":"$DF$223:$DI$261","headAddress":"$DF$223:$DI$223","bodyAddress":"$DF$224:$DI$261","_name":"прием"}},"emcosID":null,"emcosMLID":null,"codMaketTEP":null,"codTEP":null,"WSName":"DB","rangeAddress":"$DF$222:$DI$261","headAddress":"$DF$222:$DI$222","bodyAddress":"$DF$223:$DI$261","_name":"Л133А Шу 110 Тяга"}},"codPlan":null,"meterCoef":null,"_name":"Л133А Шу 110 Тяга"}