{"ID":"e8d003fd-745b-4d77-9735-65cf4bb980ac","childs":{"PS":{"_level":0,"parentID":"e8d003fd-745b-4d77-9735-65cf4bb980ac","firstParentID":"e8d003fd-745b-4d77-9735-65cf4bb980ac","ID":"1de8dd5b-a8c6-4bb3-b5fd-2b3a6aabfef6","childs":{"прием":{"_level":1,"parentID":"1de8dd5b-a8c6-4bb3-b5fd-2b3a6aabfef6","firstParentID":"e8d003fd-745b-4d77-9735-65cf4bb980ac","ID":"35476478-6d05-43f2-b232-7c6d3113ac2d","childs":{"оперативное":{"_level":2,"parentID":"35476478-6d05-43f2-b232-7c6d3113ac2d","firstParentID":"e8d003fd-745b-4d77-9735-65cf4bb980ac","ID":"a3c3e0d5-4a09-4be4-ba05-425d8f93376b","childs":null,"emcosID":null,"emcosMLID":null,"codMaketTEP":null,"codTEP":null,"WSName":"PS","rangeAddress":"$HW$99:$HW$135","headAddress":"$HW$99","bodyAddress":"$HW$100:$HW$135","_name":"оперативное"}},"emcosID":null,"emcosMLID":null,"codMaketTEP":null,"codTEP":null,"WSName":"PS","rangeAddress":"$HW$98:$HW$135","headAddress":"$HW$98","bodyAddress":"$HW$99:$HW$135","_name":"прием"},"отдача":{"_level":1,"parentID":"1de8dd5b-a8c6-4bb3-b5fd-2b3a6aabfef6","firstParentID":"e8d003fd-745b-4d77-9735-65cf4bb980ac","ID":"0312c98e-f6d9-4fc6-96aa-e08687db299f","childs":{"оперативное":{"_level":2,"parentID":"0312c98e-f6d9-4fc6-96aa-e08687db299f","firstParentID":"e8d003fd-745b-4d77-9735-65cf4bb980ac","ID":"c3d15db2-72a4-4393-bc5c-d3ce27ecc8ea","childs":null,"emcosID":null,"emcosMLID":null,"codMaketTEP":null,"codTEP":null,"WSName":"PS","rangeAddress":"$HX$99:$HX$135","headAddress":"$HX$99","bodyAddress":"$HX$100:$HX$135","_name":"оперативное"}},"emcosID":null,"emcosMLID":null,"codMaketTEP":null,"codTEP":null,"WSName":"PS","rangeAddress":"$HX$98:$HX$135","headAddress":"$HX$98","bodyAddress":"$HX$99:$HX$135","_name":"отдача"}},"emcosID":null,"emcosMLID":null,"codMaketTEP":null,"codTEP":null,"WSName":"PS","rangeAddress":"$HW$97:$HX$135","headAddress":"$HW$97:$HX$97","bodyAddress":"$HW$98:$HX$135","_name":"Т2 Робот 143А"},"DB":{"_level":0,"parentID":"e8d003fd-745b-4d77-9735-65cf4bb980ac","firstParentID":"e8d003fd-745b-4d77-9735-65cf4bb980ac","ID":"cfa1de40-308d-4735-9ce6-81377e2ca9ff","childs":{"прием":{"_level":1,"parentID":"cfa1de40-308d-4735-9ce6-81377e2ca9ff","firstParentID":"e8d003fd-745b-4d77-9735-65cf4bb980ac","ID":"cdb68115-974b-4a55-bb15-a2acc0c91465","childs":{"код":{"_level":2,"parentID":"cdb68115-974b-4a55-bb15-a2acc0c91465","firstParentID":"e8d003fd-745b-4d77-9735-65cf4bb980ac","ID":"1a3d2d52-ea21-4416-b70b-0346dfcc687d","childs":null,"emcosID":null,"emcosMLID":null,"codMaketTEP":null,"codTEP":null,"WSName":"DB","rangeAddress":"$BY$310:$BY$347","headAddress":"$BY$310","bodyAddress":"$BY$311:$BY$347","_name":"код"},"основное":{"_level":2,"parentID":"cdb68115-974b-4a55-bb15-a2acc0c91465","firstParentID":"e8d003fd-745b-4d77-9735-65cf4bb980ac","ID":"d9b6398e-35d3-49a1-b6fb-15314409c0c2","childs":null,"emcosID":null,"emcosMLID":null,"codMaketTEP":null,"codTEP":null,"WSName":"DB","rangeAddress":"$BZ$310:$BZ$347","headAddress":"$BZ$310","bodyAddress":"$BZ$311:$BZ$347","_name":"основное"},"корректировка факт":{"_level":2,"parentID":"cdb68115-974b-4a55-bb15-a2acc0c91465","firstParentID":"e8d003fd-745b-4d77-9735-65cf4bb980ac","ID":"c205a96b-3a5c-4621-b5da-1b69717b29e5","childs":null,"emcosID":null,"emcosMLID":null,"codMaketTEP":null,"codTEP":null,"WSName":"DB","rangeAddress":"$CA$310:$CA$347","headAddress":"$CA$310","bodyAddress":"$CA$311:$CA$347","_name":"корректировка факт"},"ручное":{"_level":2,"parentID":"cdb68115-974b-4a55-bb15-a2acc0c91465","firstParentID":"e8d003fd-745b-4d77-9735-65cf4bb980ac","ID":"97b2a388-b66a-4080-842e-40ff30766bec","childs":null,"emcosID":null,"emcosMLID":null,"codMaketTEP":null,"codTEP":null,"WSName":"DB","rangeAddress":"$CB$310:$CB$347","headAddress":"$CB$310","bodyAddress":"$CB$311:$CB$347","_name":"ручное"},"оперативное":{"_level":2,"parentID":"cdb68115-974b-4a55-bb15-a2acc0c91465","firstParentID":"e8d003fd-745b-4d77-9735-65cf4bb980ac","ID":"8b680738-a80a-4bd5-912d-f000ca6fc097","childs":null,"emcosID":null,"emcosMLID":null,"codMaketTEP":null,"codTEP":null,"WSName":"DB","rangeAddress":"$CC$310:$CC$347","headAddress":"$CC$310","bodyAddress":"$CC$311:$CC$347","_name":"оперативное"}},"emcosID":null,"emcosMLID":null,"codMaketTEP":null,"codTEP":null,"WSName":"DB","rangeAddress":"$BY$309:$CC$347","headAddress":"$BY$309:$CC$309","bodyAddress":"$BY$310:$CC$347","_name":"прием"},"отдача":{"_level":1,"parentID":"cfa1de40-308d-4735-9ce6-81377e2ca9ff","firstParentID":"e8d003fd-745b-4d77-9735-65cf4bb980ac","ID":"9d00028c-ddc8-4d07-ab3f-18975ab497c8","childs":{"код":{"_level":2,"parentID":"9d00028c-ddc8-4d07-ab3f-18975ab497c8","firstParentID":"e8d003fd-745b-4d77-9735-65cf4bb980ac","ID":"32c0bcec-5421-406f-abe2-5f43219cde0e","childs":null,"emcosID":null,"emcosMLID":null,"codMaketTEP":null,"codTEP":null,"WSName":"DB","rangeAddress":"$CD$310:$CD$347","headAddress":"$CD$310","bodyAddress":"$CD$311:$CD$347","_name":"код"},"основное":{"_level":2,"parentID":"9d00028c-ddc8-4d07-ab3f-18975ab497c8","firstParentID":"e8d003fd-745b-4d77-9735-65cf4bb980ac","ID":"96ce4342-b4a8-4569-b6a9-aa246233da62","childs":null,"emcosID":null,"emcosMLID":null,"codMaketTEP":null,"codTEP":null,"WSName":"DB","rangeAddress":"$CE$310:$CE$347","headAddress":"$CE$310","bodyAddress":"$CE$311:$CE$347","_name":"основное"},"корректировка факт":{"_level":2,"parentID":"9d00028c-ddc8-4d07-ab3f-18975ab497c8","firstParentID":"e8d003fd-745b-4d77-9735-65cf4bb980ac","ID":"d5f4dd83-5eeb-435d-ab21-53b90b98cea6","childs":null,"emcosID":null,"emcosMLID":null,"codMaketTEP":null,"codTEP":null,"WSName":"DB","rangeAddress":"$CF$310:$CF$347","headAddress":"$CF$310","bodyAddress":"$CF$311:$CF$347","_name":"корректировка факт"},"ручное":{"_level":2,"parentID":"9d00028c-ddc8-4d07-ab3f-18975ab497c8","firstParentID":"e8d003fd-745b-4d77-9735-65cf4bb980ac","ID":"c2387c3a-90c6-4312-a198-d9cfe10b4dd9","childs":null,"emcosID":null,"emcosMLID":null,"codMaketTEP":null,"codTEP":null,"WSName":"DB","rangeAddress":"$CG$310:$CG$347","headAddress":"$CG$310","bodyAddress":"$CG$311:$CG$347","_name":"ручное"},"оперативное":{"_level":2,"parentID":"9d00028c-ddc8-4d07-ab3f-18975ab497c8","firstParentID":"e8d003fd-745b-4d77-9735-65cf4bb980ac","ID":"3828d0d6-3e66-4dc1-842c-4c0fa12added","childs":null,"emcosID":null,"emcosMLID":null,"codMaketTEP":null,"codTEP":null,"WSName":"DB","rangeAddress":"$CH$310:$CH$347","headAddress":"$CH$310","bodyAddress":"$CH$311:$CH$347","_name":"оперативное"}},"emcosID":null,"emcosMLID":null,"codMaketTEP":null,"codTEP":null,"WSName":"DB","rangeAddress":"$CD$309:$CH$347","headAddress":"$CD$309:$CH$309","bodyAddress":"$CD$310:$CH$347","_name":"отдача"}},"emcosID":null,"emcosMLID":null,"codMaketTEP":null,"codTEP":null,"WSName":"DB","rangeAddress":"$BY$308:$CH$347","headAddress":"$BY$308:$CH$308","bodyAddress":"$BY$309:$CH$347","_name":"Т2 Робот 143А"}},"codPlan":null,"meterCoef":null,"_name":"Т2 Робот 143А"}