{"ID":"f23dc7a0-b9f9-408d-845a-23c56a1389d0","childs":{"PS":{"_level":0,"parentID":"f23dc7a0-b9f9-408d-845a-23c56a1389d0","firstParentID":"f23dc7a0-b9f9-408d-845a-23c56a1389d0","ID":"54a3c9e6-2f90-4e46-b78c-8cee001adcde","childs":{"прием":{"_level":1,"parentID":"54a3c9e6-2f90-4e46-b78c-8cee001adcde","firstParentID":"f23dc7a0-b9f9-408d-845a-23c56a1389d0","ID":"f6667a29-f737-4520-9d61-9a93338b5975","childs":{"формула":{"_level":2,"parentID":"f6667a29-f737-4520-9d61-9a93338b5975","firstParentID":"f23dc7a0-b9f9-408d-845a-23c56a1389d0","ID":"30823f07-d276-4d41-b242-96456bb0b4b4","childs":null,"emcosID":null,"emcosMLID":null,"codMaketTEP":null,"codTEP":null,"WSName":"PS","rangeAddress":"$DM$185:$DM$221","headAddress":"$DM$185","bodyAddress":"$DM$186:$DM$221","_name":"формула"}},"emcosID":null,"emcosMLID":null,"codMaketTEP":1305,"codTEP":null,"WSName":"PS","rangeAddress":"$DM$184:$DM$221","headAddress":"$DM$184","bodyAddress":"$DM$185:$DM$221","_name":"прием"},"план":{"_level":1,"parentID":"54a3c9e6-2f90-4e46-b78c-8cee001adcde","firstParentID":"f23dc7a0-b9f9-408d-845a-23c56a1389d0","ID":"575df01d-4b7f-478a-b6f6-68621c63b601","childs":{"заявка":{"_level":2,"parentID":"575df01d-4b7f-478a-b6f6-68621c63b601","firstParentID":"f23dc7a0-b9f9-408d-845a-23c56a1389d0","ID":"7b0080be-77ba-44da-a016-dae4eca0d9d3","childs":null,"emcosID":null,"emcosMLID":null,"codMaketTEP":null,"codTEP":null,"WSName":"PS","rangeAddress":"$DN$185:$DN$221","headAddress":"$DN$185","bodyAddress":"$DN$186:$DN$221","_name":"заявка"}},"emcosID":null,"emcosMLID":null,"codMaketTEP":null,"codTEP":null,"WSName":"PS","rangeAddress":"$DN$184:$DN$221","headAddress":"$DN$184","bodyAddress":"$DN$185:$DN$221","_name":"план"}},"emcosID":null,"emcosMLID":null,"codMaketTEP":null,"codTEP":null,"WSName":"PS","rangeAddress":"$DM$183:$DN$221","headAddress":"$DM$183:$DN$183","bodyAddress":"$DM$184:$DN$221","_name":"Потери KEGOC Алматинский энергоузел"},"DB":{"_level":0,"parentID":"f23dc7a0-b9f9-408d-845a-23c56a1389d0","firstParentID":"f23dc7a0-b9f9-408d-845a-23c56a1389d0","ID":"0c216cfc-5022-419e-8107-771390075ee5","childs":{"прием":{"_level":1,"parentID":"0c216cfc-5022-419e-8107-771390075ee5","firstParentID":"f23dc7a0-b9f9-408d-845a-23c56a1389d0","ID":"937941f8-8927-4fbe-b228-cceef18e98e3","childs":{"код":{"_level":2,"parentID":"937941f8-8927-4fbe-b228-cceef18e98e3","firstParentID":"f23dc7a0-b9f9-408d-845a-23c56a1389d0","ID":"d7121b5f-d404-47e1-9e0b-e772e8a5bbc6","childs":null,"emcosID":null,"emcosMLID":null,"codMaketTEP":null,"codTEP":null,"WSName":"DB","rangeAddress":"$ES$353:$ES$390","headAddress":"$ES$353","bodyAddress":"$ES$354:$ES$390","_name":"код"},"основное":{"_level":2,"parentID":"937941f8-8927-4fbe-b228-cceef18e98e3","firstParentID":"f23dc7a0-b9f9-408d-845a-23c56a1389d0","ID":"8af988cc-5d78-45a0-9012-7f7779088370","childs":null,"emcosID":null,"emcosMLID":null,"codMaketTEP":null,"codTEP":null,"WSName":"DB","rangeAddress":"$ET$353:$ET$390","headAddress":"$ET$353","bodyAddress":"$ET$354:$ET$390","_name":"основное"},"корректировка факт":{"_level":2,"parentID":"937941f8-8927-4fbe-b228-cceef18e98e3","firstParentID":"f23dc7a0-b9f9-408d-845a-23c56a1389d0","ID":"de7147f3-61a7-400d-8924-65487d430984","childs":null,"emcosID":null,"emcosMLID":null,"codMaketTEP":null,"codTEP":null,"WSName":"DB","rangeAddress":"$EU$353:$EU$390","headAddress":"$EU$353","bodyAddress":"$EU$354:$EU$390","_name":"корректировка факт"},"ручное":{"_level":2,"parentID":"937941f8-8927-4fbe-b228-cceef18e98e3","firstParentID":"f23dc7a0-b9f9-408d-845a-23c56a1389d0","ID":"ffb72213-333d-401b-9273-4a3766a80316","childs":null,"emcosID":null,"emcosMLID":null,"codMaketTEP":null,"codTEP":null,"WSName":"DB","rangeAddress":"$EV$353:$EV$390","headAddress":"$EV$353","bodyAddress":"$EV$354:$EV$390","_name":"ручное"},"формула":{"_level":2,"parentID":"937941f8-8927-4fbe-b228-cceef18e98e3","firstParentID":"f23dc7a0-b9f9-408d-845a-23c56a1389d0","ID":"bb262bf2-61af-48c4-a8bf-bee2872ecff7","childs":null,"emcosID":null,"emcosMLID":null,"codMaketTEP":null,"codTEP":null,"WSName":"DB","rangeAddress":"$EW$353:$EW$390","headAddress":"$EW$353","bodyAddress":"$EW$354:$EW$390","_name":"формула"},"по плану":{"_level":2,"parentID":"937941f8-8927-4fbe-b228-cceef18e98e3","firstParentID":"f23dc7a0-b9f9-408d-845a-23c56a1389d0","ID":"c3ebc611-c323-43d6-9730-621eb247185c","childs":null,"emcosID":null,"emcosMLID":null,"codMaketTEP":null,"codTEP":null,"WSName":"DB","rangeAddress":"$EX$353:$EX$390","headAddress":"$EX$353","bodyAddress":"$EX$354:$EX$390","_name":"по плану"}},"emcosID":null,"emcosMLID":null,"codMaketTEP":null,"codTEP":null,"WSName":"DB","rangeAddress":"$ES$352:$EX$390","headAddress":"$ES$352:$EX$352","bodyAddress":"$ES$353:$EX$390","_name":"прием"},"план":{"_level":1,"parentID":"0c216cfc-5022-419e-8107-771390075ee5","firstParentID":"f23dc7a0-b9f9-408d-845a-23c56a1389d0","ID":"eac78bbc-b5c5-4066-9a93-a66298ea08f2","childs":{"код":{"_level":2,"parentID":"eac78bbc-b5c5-4066-9a93-a66298ea08f2","firstParentID":"f23dc7a0-b9f9-408d-845a-23c56a1389d0","ID":"c5f673d3-6d0b-46cd-bef7-39d9e7de07ce","childs":null,"emcosID":null,"emcosMLID":null,"codMaketTEP":null,"codTEP":null,"WSName":"DB","rangeAddress":"$EY$353:$EY$390","headAddress":"$EY$353","bodyAddress":"$EY$354:$EY$390","_name":"код"},"основное":{"_level":2,"parentID":"eac78bbc-b5c5-4066-9a93-a66298ea08f2","firstParentID":"f23dc7a0-b9f9-408d-845a-23c56a1389d0","ID":"f86a4867-26c3-48c2-bdc2-bbea91569775","childs":null,"emcosID":null,"emcosMLID":null,"codMaketTEP":null,"codTEP":null,"WSName":"DB","rangeAddress":"$EZ$353:$EZ$390","headAddress":"$EZ$353","bodyAddress":"$EZ$354:$EZ$390","_name":"основное"},"заявка":{"_level":2,"parentID":"eac78bbc-b5c5-4066-9a93-a66298ea08f2","firstParentID":"f23dc7a0-b9f9-408d-845a-23c56a1389d0","ID":"d58e6c17-e762-440b-a6bc-cd9dbc3066e6","childs":null,"emcosID":null,"emcosMLID":null,"codMaketTEP":null,"codTEP":null,"WSName":"DB","rangeAddress":"$FA$353:$FA$390","headAddress":"$FA$353","bodyAddress":"$FA$354:$FA$390","_name":"заявка"},"утвержденный":{"_level":2,"parentID":"eac78bbc-b5c5-4066-9a93-a66298ea08f2","firstParentID":"f23dc7a0-b9f9-408d-845a-23c56a1389d0","ID":"c9db1cf6-626a-4c3b-93da-440d49907a15","childs":null,"emcosID":null,"emcosMLID":null,"codMaketTEP":null,"codTEP":null,"WSName":"DB","rangeAddress":"$FB$353:$FB$390","headAddress":"$FB$353","bodyAddress":"$FB$354:$FB$390","_name":"утвержденный"},"корректировка":{"_level":2,"parentID":"eac78bbc-b5c5-4066-9a93-a66298ea08f2","firstParentID":"f23dc7a0-b9f9-408d-845a-23c56a1389d0","ID":"30780c13-f7bf-476e-ae14-301e53476f1a","childs":null,"emcosID":null,"emcosMLID":null,"codMaketTEP":null,"codTEP":null,"WSName":"DB","rangeAddress":"$FC$353:$FC$390","headAddress":"$FC$353","bodyAddress":"$FC$354:$FC$390","_name":"корректировка"}},"emcosID":null,"emcosMLID":null,"codMaketTEP":null,"codTEP":null,"WSName":"DB","rangeAddress":"$EY$352:$FC$390","headAddress":"$EY$352:$FC$352","bodyAddress":"$EY$353:$FC$390","_name":"план"}},"emcosID":null,"emcosMLID":null,"codMaketTEP":null,"codTEP":null,"WSName":"DB","rangeAddress":"$ES$351:$FC$390","headAddress":"$ES$351:$FC$351","bodyAddress":"$ES$352:$FC$390","_name":"Потери KEGOC Алматинский энергоузел"}},"codPlan":6,"meterCoef":null,"_name":"Потери KEGOC Алматинский энергоузел"}