{"ID":"f2a6ed14-10c5-4d44-8ab0-aeaf4c9dcb5a","childs":{"PS":{"_level":0,"parentID":"f2a6ed14-10c5-4d44-8ab0-aeaf4c9dcb5a","firstParentID":"f2a6ed14-10c5-4d44-8ab0-aeaf4c9dcb5a","ID":"c337caac-fcdc-473c-a57f-8dedff15b56d","childs":{"отдача":{"_level":1,"parentID":"c337caac-fcdc-473c-a57f-8dedff15b56d","firstParentID":"f2a6ed14-10c5-4d44-8ab0-aeaf4c9dcb5a","ID":"663f31d7-f4a4-4814-b725-7386e863d39f","childs":{"оперативное":{"_level":2,"parentID":"663f31d7-f4a4-4814-b725-7386e863d39f","firstParentID":"f2a6ed14-10c5-4d44-8ab0-aeaf4c9dcb5a","ID":"3f4a6168-856d-46c3-9f82-dc2e956084e1","childs":null,"emcosID":null,"emcosMLID":null,"codMaketTEP":null,"codTEP":null,"WSName":"PS","rangeAddress":"$AP$185:$AP$221","headAddress":"$AP$185","bodyAddress":"$AP$186:$AP$221","_name":"оперативное"}},"emcosID":null,"emcosMLID":null,"codMaketTEP":1314,"codTEP":null,"WSName":"PS","rangeAddress":"$AP$184:$AP$221","headAddress":"$AP$184","bodyAddress":"$AP$185:$AP$221","_name":"отдача"},"план":{"_level":1,"parentID":"c337caac-fcdc-473c-a57f-8dedff15b56d","firstParentID":"f2a6ed14-10c5-4d44-8ab0-aeaf4c9dcb5a","ID":"c027f727-1d52-4592-b0bd-68ab0eb3fb2a","childs":{"заявка":{"_level":2,"parentID":"c027f727-1d52-4592-b0bd-68ab0eb3fb2a","firstParentID":"f2a6ed14-10c5-4d44-8ab0-aeaf4c9dcb5a","ID":"153cb8df-9da0-4f1a-825d-94b52ab2aa3d","childs":null,"emcosID":null,"emcosMLID":null,"codMaketTEP":null,"codTEP":null,"WSName":"PS","rangeAddress":"$AQ$185:$AQ$221","headAddress":"$AQ$185","bodyAddress":"$AQ$186:$AQ$221","_name":"заявка"}},"emcosID":null,"emcosMLID":null,"codMaketTEP":null,"codTEP":null,"WSName":"PS","rangeAddress":"$AQ$184:$AQ$221","headAddress":"$AQ$184","bodyAddress":"$AQ$185:$AQ$221","_name":"план"}},"emcosID":null,"emcosMLID":null,"codMaketTEP":null,"codTEP":null,"WSName":"PS","rangeAddress":"$AP$183:$AQ$221","headAddress":"$AP$183:$AQ$183","bodyAddress":"$AP$184:$AQ$221","_name":"АТЭЦ2 АлЭС"},"DB":{"_level":0,"parentID":"f2a6ed14-10c5-4d44-8ab0-aeaf4c9dcb5a","firstParentID":"f2a6ed14-10c5-4d44-8ab0-aeaf4c9dcb5a","ID":"b7be5b3c-5677-44ce-b3d5-734658e73ddb","childs":{"отдача":{"_level":1,"parentID":"b7be5b3c-5677-44ce-b3d5-734658e73ddb","firstParentID":"f2a6ed14-10c5-4d44-8ab0-aeaf4c9dcb5a","ID":"fa1fce02-071b-492f-9804-8dcb5c19d04c","childs":{"код":{"_level":2,"parentID":"fa1fce02-071b-492f-9804-8dcb5c19d04c","firstParentID":"f2a6ed14-10c5-4d44-8ab0-aeaf4c9dcb5a","ID":"000cfeae-5c4e-493c-ba3b-9e58d64d90bd","childs":null,"emcosID":null,"emcosMLID":null,"codMaketTEP":null,"codTEP":null,"WSName":"DB","rangeAddress":"$M$138:$M$175","headAddress":"$M$138","bodyAddress":"$M$139:$M$175","_name":"код"},"основное":{"_level":2,"parentID":"fa1fce02-071b-492f-9804-8dcb5c19d04c","firstParentID":"f2a6ed14-10c5-4d44-8ab0-aeaf4c9dcb5a","ID":"f3b93e60-bdb2-42a1-a32f-d54378c8331f","childs":null,"emcosID":null,"emcosMLID":null,"codMaketTEP":null,"codTEP":null,"WSName":"DB","rangeAddress":"$N$138:$N$175","headAddress":"$N$138","bodyAddress":"$N$139:$N$175","_name":"основное"},"корректировка факт":{"_level":2,"parentID":"fa1fce02-071b-492f-9804-8dcb5c19d04c","firstParentID":"f2a6ed14-10c5-4d44-8ab0-aeaf4c9dcb5a","ID":"53ca1644-5ba8-4764-8e58-5f64580dce2a","childs":null,"emcosID":null,"emcosMLID":null,"codMaketTEP":null,"codTEP":null,"WSName":"DB","rangeAddress":"$O$138:$O$175","headAddress":"$O$138","bodyAddress":"$O$139:$O$175","_name":"корректировка факт"},"ручное":{"_level":2,"parentID":"fa1fce02-071b-492f-9804-8dcb5c19d04c","firstParentID":"f2a6ed14-10c5-4d44-8ab0-aeaf4c9dcb5a","ID":"e2ce50fc-45d1-4208-982a-e9b5c879b676","childs":null,"emcosID":null,"emcosMLID":null,"codMaketTEP":null,"codTEP":null,"WSName":"DB","rangeAddress":"$P$138:$P$175","headAddress":"$P$138","bodyAddress":"$P$139:$P$175","_name":"ручное"},"оперативное":{"_level":2,"parentID":"fa1fce02-071b-492f-9804-8dcb5c19d04c","firstParentID":"f2a6ed14-10c5-4d44-8ab0-aeaf4c9dcb5a","ID":"24657b78-68be-4b27-bd32-78c6f4f462c3","childs":null,"emcosID":null,"emcosMLID":null,"codMaketTEP":null,"codTEP":null,"WSName":"DB","rangeAddress":"$Q$138:$Q$175","headAddress":"$Q$138","bodyAddress":"$Q$139:$Q$175","_name":"оперативное"},"по плану":{"_level":2,"parentID":"fa1fce02-071b-492f-9804-8dcb5c19d04c","firstParentID":"f2a6ed14-10c5-4d44-8ab0-aeaf4c9dcb5a","ID":"d2aa0fcf-889a-4800-994b-bc37934a70fc","childs":null,"emcosID":null,"emcosMLID":null,"codMaketTEP":null,"codTEP":null,"WSName":"DB","rangeAddress":"$R$138:$R$175","headAddress":"$R$138","bodyAddress":"$R$139:$R$175","_name":"по плану"}},"emcosID":null,"emcosMLID":null,"codMaketTEP":null,"codTEP":null,"WSName":"DB","rangeAddress":"$M$137:$R$175","headAddress":"$M$137:$R$137","bodyAddress":"$M$138:$R$175","_name":"отдача"},"план":{"_level":1,"parentID":"b7be5b3c-5677-44ce-b3d5-734658e73ddb","firstParentID":"f2a6ed14-10c5-4d44-8ab0-aeaf4c9dcb5a","ID":"6576fa7e-9661-4173-ae66-e4b951cf2155","childs":{"код":{"_level":2,"parentID":"6576fa7e-9661-4173-ae66-e4b951cf2155","firstParentID":"f2a6ed14-10c5-4d44-8ab0-aeaf4c9dcb5a","ID":"0af5e137-9137-41e7-8a8a-1e383248092b","childs":null,"emcosID":null,"emcosMLID":null,"codMaketTEP":null,"codTEP":null,"WSName":"DB","rangeAddress":"$S$138:$S$175","headAddress":"$S$138","bodyAddress":"$S$139:$S$175","_name":"код"},"основное":{"_level":2,"parentID":"6576fa7e-9661-4173-ae66-e4b951cf2155","firstParentID":"f2a6ed14-10c5-4d44-8ab0-aeaf4c9dcb5a","ID":"603c9ea3-a564-4889-a3cb-13ecd3fe07ec","childs":null,"emcosID":null,"emcosMLID":null,"codMaketTEP":null,"codTEP":null,"WSName":"DB","rangeAddress":"$T$138:$T$175","headAddress":"$T$138","bodyAddress":"$T$139:$T$175","_name":"основное"},"заявка":{"_level":2,"parentID":"6576fa7e-9661-4173-ae66-e4b951cf2155","firstParentID":"f2a6ed14-10c5-4d44-8ab0-aeaf4c9dcb5a","ID":"54391a4f-1f76-47c8-bea6-8e540e7ef36a","childs":null,"emcosID":null,"emcosMLID":null,"codMaketTEP":null,"codTEP":null,"WSName":"DB","rangeAddress":"$U$138:$U$175","headAddress":"$U$138","bodyAddress":"$U$139:$U$175","_name":"заявка"},"утвержденный":{"_level":2,"parentID":"6576fa7e-9661-4173-ae66-e4b951cf2155","firstParentID":"f2a6ed14-10c5-4d44-8ab0-aeaf4c9dcb5a","ID":"4be93b86-3eb4-45c9-8768-67e42b08e541","childs":null,"emcosID":null,"emcosMLID":null,"codMaketTEP":null,"codTEP":null,"WSName":"DB","rangeAddress":"$V$138:$V$175","headAddress":"$V$138","bodyAddress":"$V$139:$V$175","_name":"утвержденный"},"корректировка":{"_level":2,"parentID":"6576fa7e-9661-4173-ae66-e4b951cf2155","firstParentID":"f2a6ed14-10c5-4d44-8ab0-aeaf4c9dcb5a","ID":"1e81179d-e741-44b9-9198-eabab4ba08db","childs":null,"emcosID":null,"emcosMLID":null,"codMaketTEP":null,"codTEP":null,"WSName":"DB","rangeAddress":"$W$138:$W$175","headAddress":"$W$138","bodyAddress":"$W$139:$W$175","_name":"корректировка"}},"emcosID":null,"emcosMLID":null,"codMaketTEP":null,"codTEP":null,"WSName":"DB","rangeAddress":"$S$137:$W$175","headAddress":"$S$137:$W$137","bodyAddress":"$S$138:$W$175","_name":"план"}},"emcosID":null,"emcosMLID":null,"codMaketTEP":null,"codTEP":null,"WSName":"DB","rangeAddress":"$M$136:$W$175","headAddress":"$M$136:$W$136","bodyAddress":"$M$137:$W$175","_name":"АТЭЦ2 АлЭС"}},"codPlan":23,"meterCoef":null,"_name":"АТЭЦ2 АлЭС"}