{"ID":"f43d5096-38f8-4cb1-8490-4d2c0e174d5a","childs":{"PS":{"_level":0,"parentID":"f43d5096-38f8-4cb1-8490-4d2c0e174d5a","firstParentID":"f43d5096-38f8-4cb1-8490-4d2c0e174d5a","ID":"dda2e689-de90-4720-8e51-e0711f6ff0be","childs":{"прием":{"_level":1,"parentID":"dda2e689-de90-4720-8e51-e0711f6ff0be","firstParentID":"f43d5096-38f8-4cb1-8490-4d2c0e174d5a","ID":"10c9a904-eeb8-4226-9fb4-399e53f3356e","childs":{"формула":{"_level":2,"parentID":"10c9a904-eeb8-4226-9fb4-399e53f3356e","firstParentID":"f43d5096-38f8-4cb1-8490-4d2c0e174d5a","ID":"f203127e-1ecf-4903-a8f3-5a31140d71bc","childs":null,"emcosID":null,"emcosMLID":null,"codMaketTEP":null,"codTEP":null,"WSName":"PS","rangeAddress":"$C$185:$C$221","headAddress":"$C$185","bodyAddress":"$C$186:$C$221","_name":"формула"}},"emcosID":null,"emcosMLID":null,"codMaketTEP":null,"codTEP":null,"WSName":"PS","rangeAddress":"$C$184:$C$221","headAddress":"$C$184","bodyAddress":"$C$185:$C$221","_name":"прием"}},"emcosID":null,"emcosMLID":null,"codMaketTEP":null,"codTEP":null,"WSName":"PS","rangeAddress":"$C$183:$C$221","headAddress":"$C$183","bodyAddress":"$C$184:$C$221","_name":"Потребление ЭЧ22"},"DB":{"_level":0,"parentID":"f43d5096-38f8-4cb1-8490-4d2c0e174d5a","firstParentID":"f43d5096-38f8-4cb1-8490-4d2c0e174d5a","ID":"943345c2-d01c-4b03-a143-f57307332dda","childs":{"прием":{"_level":1,"parentID":"943345c2-d01c-4b03-a143-f57307332dda","firstParentID":"f43d5096-38f8-4cb1-8490-4d2c0e174d5a","ID":"22e60f5f-fdd7-41bf-988e-d7cdcf6acc67","childs":{"код":{"_level":2,"parentID":"22e60f5f-fdd7-41bf-988e-d7cdcf6acc67","firstParentID":"f43d5096-38f8-4cb1-8490-4d2c0e174d5a","ID":"151185a4-2bd4-4de8-831e-f01cc4d66eb2","childs":null,"emcosID":null,"emcosMLID":null,"codMaketTEP":null,"codTEP":null,"WSName":"DB","rangeAddress":"$CA$138:$CA$175","headAddress":"$CA$138","bodyAddress":"$CA$139:$CA$175","_name":"код"},"основное":{"_level":2,"parentID":"22e60f5f-fdd7-41bf-988e-d7cdcf6acc67","firstParentID":"f43d5096-38f8-4cb1-8490-4d2c0e174d5a","ID":"e3786116-bc64-4493-90fa-d3d3bf7aa027","childs":null,"emcosID":null,"emcosMLID":null,"codMaketTEP":null,"codTEP":null,"WSName":"DB","rangeAddress":"$CB$138:$CB$175","headAddress":"$CB$138","bodyAddress":"$CB$139:$CB$175","_name":"основное"},"корректировка факт":{"_level":2,"parentID":"22e60f5f-fdd7-41bf-988e-d7cdcf6acc67","firstParentID":"f43d5096-38f8-4cb1-8490-4d2c0e174d5a","ID":"8c76e311-312d-489a-aa88-1ff7cf3c6892","childs":null,"emcosID":null,"emcosMLID":null,"codMaketTEP":null,"codTEP":null,"WSName":"DB","rangeAddress":"$CC$138:$CC$175","headAddress":"$CC$138","bodyAddress":"$CC$139:$CC$175","_name":"корректировка факт"},"ручное":{"_level":2,"parentID":"22e60f5f-fdd7-41bf-988e-d7cdcf6acc67","firstParentID":"f43d5096-38f8-4cb1-8490-4d2c0e174d5a","ID":"050002cb-e50b-4b43-8783-3c73641b421a","childs":null,"emcosID":null,"emcosMLID":null,"codMaketTEP":null,"codTEP":null,"WSName":"DB","rangeAddress":"$CD$138:$CD$175","headAddress":"$CD$138","bodyAddress":"$CD$139:$CD$175","_name":"ручное"},"формула":{"_level":2,"parentID":"22e60f5f-fdd7-41bf-988e-d7cdcf6acc67","firstParentID":"f43d5096-38f8-4cb1-8490-4d2c0e174d5a","ID":"0f2a2fc4-f076-46fc-9fe9-3eaec080bf5c","childs":null,"emcosID":null,"emcosMLID":null,"codMaketTEP":null,"codTEP":null,"WSName":"DB","rangeAddress":"$CE$138:$CE$175","headAddress":"$CE$138","bodyAddress":"$CE$139:$CE$175","_name":"формула"}},"emcosID":null,"emcosMLID":null,"codMaketTEP":null,"codTEP":null,"WSName":"DB","rangeAddress":"$CA$137:$CE$175","headAddress":"$CA$137:$CE$137","bodyAddress":"$CA$138:$CE$175","_name":"прием"}},"emcosID":null,"emcosMLID":null,"codMaketTEP":null,"codTEP":null,"WSName":"DB","rangeAddress":"$CA$136:$CE$175","headAddress":"$CA$136:$CE$136","bodyAddress":"$CA$137:$CE$175","_name":"Потребление ЭЧ22"}},"codPlan":null,"meterCoef":null,"_name":"Потребление ЭЧ22"}