{"ID":"f4e3c9f9-08c2-4ca4-8769-bf727716d6db","childs":{"PS":{"_level":0,"parentID":"f4e3c9f9-08c2-4ca4-8769-bf727716d6db","firstParentID":"f4e3c9f9-08c2-4ca4-8769-bf727716d6db","ID":"7c5ddd4c-1f36-417a-a917-c4549c36bb5f","childs":{"прием":{"_level":1,"parentID":"7c5ddd4c-1f36-417a-a917-c4549c36bb5f","firstParentID":"f4e3c9f9-08c2-4ca4-8769-bf727716d6db","ID":"e32c08eb-91fe-446a-942f-8f2460b4ff79","childs":{"ручное":{"_level":2,"parentID":"e32c08eb-91fe-446a-942f-8f2460b4ff79","firstParentID":"f4e3c9f9-08c2-4ca4-8769-bf727716d6db","ID":"99b6edf4-0ad1-41cc-a51b-b4ac57545f72","childs":null,"emcosID":null,"emcosMLID":null,"codMaketTEP":null,"codTEP":null,"WSName":"PS","rangeAddress":"$P$142:$P$178","headAddress":"$P$142","bodyAddress":"$P$143:$P$178","_name":"ручное"}},"emcosID":null,"emcosMLID":null,"codMaketTEP":null,"codTEP":null,"WSName":"PS","rangeAddress":"$P$141:$P$178","headAddress":"$P$141","bodyAddress":"$P$142:$P$178","_name":"прием"}},"emcosID":null,"emcosMLID":null,"codMaketTEP":null,"codTEP":null,"WSName":"PS","rangeAddress":"$P$140:$P$178","headAddress":"$P$140","bodyAddress":"$P$141:$P$178","_name":"Потребление ПС159Т Карабулак"},"DB":{"_level":0,"parentID":"f4e3c9f9-08c2-4ca4-8769-bf727716d6db","firstParentID":"f4e3c9f9-08c2-4ca4-8769-bf727716d6db","ID":"2c18fd9a-508f-42f9-94df-7c32050762ab","childs":{"прием":{"_level":1,"parentID":"2c18fd9a-508f-42f9-94df-7c32050762ab","firstParentID":"f4e3c9f9-08c2-4ca4-8769-bf727716d6db","ID":"05e7d63a-f1e1-4051-b459-d7be5bf2ee49","childs":{"код":{"_level":2,"parentID":"05e7d63a-f1e1-4051-b459-d7be5bf2ee49","firstParentID":"f4e3c9f9-08c2-4ca4-8769-bf727716d6db","ID":"b4ec3810-5bc1-42d3-a7fb-523bc0f81050","childs":null,"emcosID":null,"emcosMLID":null,"codMaketTEP":null,"codTEP":null,"WSName":"DB","rangeAddress":"$EP$224:$EP$261","headAddress":"$EP$224","bodyAddress":"$EP$225:$EP$261","_name":"код"},"основное":{"_level":2,"parentID":"05e7d63a-f1e1-4051-b459-d7be5bf2ee49","firstParentID":"f4e3c9f9-08c2-4ca4-8769-bf727716d6db","ID":"ba284225-54d2-41b6-9380-0b9055fef551","childs":null,"emcosID":null,"emcosMLID":null,"codMaketTEP":null,"codTEP":null,"WSName":"DB","rangeAddress":"$EQ$224:$EQ$261","headAddress":"$EQ$224","bodyAddress":"$EQ$225:$EQ$261","_name":"основное"},"корректировка факт":{"_level":2,"parentID":"05e7d63a-f1e1-4051-b459-d7be5bf2ee49","firstParentID":"f4e3c9f9-08c2-4ca4-8769-bf727716d6db","ID":"d887b928-69f5-423a-87b7-c5f014fea37c","childs":null,"emcosID":null,"emcosMLID":null,"codMaketTEP":null,"codTEP":null,"WSName":"DB","rangeAddress":"$ER$224:$ER$261","headAddress":"$ER$224","bodyAddress":"$ER$225:$ER$261","_name":"корректировка факт"},"ручное":{"_level":2,"parentID":"05e7d63a-f1e1-4051-b459-d7be5bf2ee49","firstParentID":"f4e3c9f9-08c2-4ca4-8769-bf727716d6db","ID":"eef0e6e1-91d2-41bd-9909-574ea3b0d30a","childs":null,"emcosID":null,"emcosMLID":null,"codMaketTEP":null,"codTEP":null,"WSName":"DB","rangeAddress":"$ES$224:$ES$261","headAddress":"$ES$224","bodyAddress":"$ES$225:$ES$261","_name":"ручное"}},"emcosID":null,"emcosMLID":null,"codMaketTEP":null,"codTEP":null,"WSName":"DB","rangeAddress":"$EP$223:$ES$261","headAddress":"$EP$223:$ES$223","bodyAddress":"$EP$224:$ES$261","_name":"прием"}},"emcosID":null,"emcosMLID":null,"codMaketTEP":null,"codTEP":null,"WSName":"DB","rangeAddress":"$EP$222:$ES$261","headAddress":"$EP$222:$ES$222","bodyAddress":"$EP$223:$ES$261","_name":"Потребление ПС159Т Карабулак"}},"codPlan":null,"meterCoef":null,"_name":"Потребление ПС159Т Карабулак"}