{"ID":"fa3a1311-3c32-4098-8cf3-a1408f99c2be","childs":{"PS":{"_level":0,"parentID":"fa3a1311-3c32-4098-8cf3-a1408f99c2be","firstParentID":"fa3a1311-3c32-4098-8cf3-a1408f99c2be","ID":"3b809d4b-3de0-4c5a-a7e4-7624c054c064","childs":{"отдача":{"_level":1,"parentID":"3b809d4b-3de0-4c5a-a7e4-7624c054c064","firstParentID":"fa3a1311-3c32-4098-8cf3-a1408f99c2be","ID":"e34d35f7-4efb-4f89-9370-20fb8986ec17","childs":{"по счетчику":{"_level":2,"parentID":"e34d35f7-4efb-4f89-9370-20fb8986ec17","firstParentID":"fa3a1311-3c32-4098-8cf3-a1408f99c2be","ID":"a214e401-366e-490b-824e-5174c47b88e5","childs":null,"emcosID":null,"emcosMLID":null,"codMaketTEP":null,"codTEP":null,"WSName":"PS","rangeAddress":"$JJ$99:$JJ$135","headAddress":"$JJ$99","bodyAddress":"$JJ$100:$JJ$135","_name":"по счетчику"},"СЧЕТЧИК":{"_level":2,"parentID":"e34d35f7-4efb-4f89-9370-20fb8986ec17","firstParentID":"fa3a1311-3c32-4098-8cf3-a1408f99c2be","ID":"e76d87f2-dba3-4322-a875-65198a4b555d","childs":null,"emcosID":null,"emcosMLID":null,"codMaketTEP":null,"codTEP":null,"WSName":"PS","rangeAddress":"$JK$99:$JK$135","headAddress":"$JK$99","bodyAddress":"$JK$100:$JK$135","_name":"СЧЕТЧИК"}},"emcosID":null,"emcosMLID":null,"codMaketTEP":null,"codTEP":null,"WSName":"PS","rangeAddress":"$JJ$98:$JK$135","headAddress":"$JJ$98:$JK$98","bodyAddress":"$JJ$99:$JK$135","_name":"отдача"}},"emcosID":null,"emcosMLID":null,"codMaketTEP":null,"codTEP":null,"WSName":"PS","rangeAddress":"$JJ$97:$JK$135","headAddress":"$JJ$97:$JK$97","bodyAddress":"$JJ$98:$JK$135","_name":"Л9 Строительная 120А"},"DB":{"_level":0,"parentID":"fa3a1311-3c32-4098-8cf3-a1408f99c2be","firstParentID":"fa3a1311-3c32-4098-8cf3-a1408f99c2be","ID":"0bb660f3-bd43-45fb-8d51-2cd2e6c97ca6","childs":{"отдача":{"_level":1,"parentID":"0bb660f3-bd43-45fb-8d51-2cd2e6c97ca6","firstParentID":"fa3a1311-3c32-4098-8cf3-a1408f99c2be","ID":"0263c995-96b9-4805-89eb-c73fd37d75d1","childs":{"код":{"_level":2,"parentID":"0263c995-96b9-4805-89eb-c73fd37d75d1","firstParentID":"fa3a1311-3c32-4098-8cf3-a1408f99c2be","ID":"c62702f3-d888-4ade-92b2-f0e145412e11","childs":null,"emcosID":null,"emcosMLID":null,"codMaketTEP":null,"codTEP":null,"WSName":"DB","rangeAddress":"$CM$482:$CM$519","headAddress":"$CM$482","bodyAddress":"$CM$483:$CM$519","_name":"код"},"основное":{"_level":2,"parentID":"0263c995-96b9-4805-89eb-c73fd37d75d1","firstParentID":"fa3a1311-3c32-4098-8cf3-a1408f99c2be","ID":"03a53118-2ea2-4888-8108-defc05a72b0a","childs":null,"emcosID":null,"emcosMLID":null,"codMaketTEP":null,"codTEP":null,"WSName":"DB","rangeAddress":"$CN$482:$CN$519","headAddress":"$CN$482","bodyAddress":"$CN$483:$CN$519","_name":"основное"},"корректировка факт":{"_level":2,"parentID":"0263c995-96b9-4805-89eb-c73fd37d75d1","firstParentID":"fa3a1311-3c32-4098-8cf3-a1408f99c2be","ID":"bc29b16d-b1b0-47e5-829b-3a38ddf3d620","childs":null,"emcosID":null,"emcosMLID":null,"codMaketTEP":null,"codTEP":null,"WSName":"DB","rangeAddress":"$CO$482:$CO$519","headAddress":"$CO$482","bodyAddress":"$CO$483:$CO$519","_name":"корректировка факт"},"ручное":{"_level":2,"parentID":"0263c995-96b9-4805-89eb-c73fd37d75d1","firstParentID":"fa3a1311-3c32-4098-8cf3-a1408f99c2be","ID":"1ac91bfc-fd0d-41ff-b683-8d2986843190","childs":null,"emcosID":null,"emcosMLID":null,"codMaketTEP":null,"codTEP":null,"WSName":"DB","rangeAddress":"$CP$482:$CP$519","headAddress":"$CP$482","bodyAddress":"$CP$483:$CP$519","_name":"ручное"},"счетчик":{"_level":2,"parentID":"0263c995-96b9-4805-89eb-c73fd37d75d1","firstParentID":"fa3a1311-3c32-4098-8cf3-a1408f99c2be","ID":"31728e96-ad7f-43b9-acf1-c9ed07776a3e","childs":null,"emcosID":null,"emcosMLID":null,"codMaketTEP":null,"codTEP":null,"WSName":"DB","rangeAddress":"$CQ$482:$CQ$519","headAddress":"$CQ$482","bodyAddress":"$CQ$483:$CQ$519","_name":"счетчик"},"по счетчику":{"_level":2,"parentID":"0263c995-96b9-4805-89eb-c73fd37d75d1","firstParentID":"fa3a1311-3c32-4098-8cf3-a1408f99c2be","ID":"9d356cb0-9195-4429-a6a8-f14c49566d0f","childs":null,"emcosID":null,"emcosMLID":null,"codMaketTEP":null,"codTEP":null,"WSName":"DB","rangeAddress":"$CR$482:$CR$519","headAddress":"$CR$482","bodyAddress":"$CR$483:$CR$519","_name":"по счетчику"}},"emcosID":null,"emcosMLID":null,"codMaketTEP":null,"codTEP":null,"WSName":"DB","rangeAddress":"$CM$481:$CR$519","headAddress":"$CM$481:$CR$481","bodyAddress":"$CM$482:$CR$519","_name":"отдача"}},"emcosID":null,"emcosMLID":null,"codMaketTEP":null,"codTEP":null,"WSName":"DB","rangeAddress":"$CM$480:$CR$519","headAddress":"$CM$480:$CR$480","bodyAddress":"$CM$481:$CR$519","_name":"Л9 Строительная 120А"}},"codPlan":null,"meterCoef":"7","_name":"Л9 Строительная 120А"}