{"ID":"fc787a84-b057-4da9-aebc-084c420d8e6f","childs":{"PS":{"_level":0,"parentID":"fc787a84-b057-4da9-aebc-084c420d8e6f","firstParentID":"fc787a84-b057-4da9-aebc-084c420d8e6f","ID":"33da8116-dddc-4d3c-98dc-49d54757bdbd","childs":{"отдача":{"_level":1,"parentID":"33da8116-dddc-4d3c-98dc-49d54757bdbd","firstParentID":"fc787a84-b057-4da9-aebc-084c420d8e6f","ID":"1c3c3ea4-dc3d-4a65-8b36-e34a433e743a","childs":{"по счетчику":{"_level":2,"parentID":"1c3c3ea4-dc3d-4a65-8b36-e34a433e743a","firstParentID":"fc787a84-b057-4da9-aebc-084c420d8e6f","ID":"87bd0780-64ba-423b-99fb-67dce5e7c71a","childs":null,"emcosID":null,"emcosMLID":null,"codMaketTEP":null,"codTEP":null,"WSName":"PS","rangeAddress":"$EY$99:$EY$135","headAddress":"$EY$99","bodyAddress":"$EY$100:$EY$135","_name":"по счетчику"},"СЧЕТЧИК":{"_level":2,"parentID":"1c3c3ea4-dc3d-4a65-8b36-e34a433e743a","firstParentID":"fc787a84-b057-4da9-aebc-084c420d8e6f","ID":"1adaaeb3-9f8e-4cbe-83d3-5a56c9fff7c5","childs":null,"emcosID":null,"emcosMLID":null,"codMaketTEP":null,"codTEP":null,"WSName":"PS","rangeAddress":"$EZ$99:$EZ$135","headAddress":"$EZ$99","bodyAddress":"$EZ$100:$EZ$135","_name":"СЧЕТЧИК"}},"emcosID":null,"emcosMLID":null,"codMaketTEP":null,"codTEP":null,"WSName":"PS","rangeAddress":"$EY$98:$EZ$135","headAddress":"$EY$98:$EZ$98","bodyAddress":"$EY$99:$EZ$135","_name":"отдача"}},"emcosID":null,"emcosMLID":null,"codMaketTEP":null,"codTEP":null,"WSName":"PS","rangeAddress":"$EY$97:$EZ$135","headAddress":"$EY$97:$EZ$97","bodyAddress":"$EY$98:$EZ$135","_name":"КЛ47 ПС152 Талдыкорган"},"DB":{"_level":0,"parentID":"fc787a84-b057-4da9-aebc-084c420d8e6f","firstParentID":"fc787a84-b057-4da9-aebc-084c420d8e6f","ID":"714aadba-b72b-47e5-8692-97170c3b62af","childs":{"отдача":{"_level":1,"parentID":"714aadba-b72b-47e5-8692-97170c3b62af","firstParentID":"fc787a84-b057-4da9-aebc-084c420d8e6f","ID":"8ac9bb85-116b-4674-9991-b5ba41247249","childs":{"код":{"_level":2,"parentID":"8ac9bb85-116b-4674-9991-b5ba41247249","firstParentID":"fc787a84-b057-4da9-aebc-084c420d8e6f","ID":"2617d090-5ad6-4578-82ec-c8b6ee541405","childs":null,"emcosID":null,"emcosMLID":null,"codMaketTEP":null,"codTEP":null,"WSName":"DB","rangeAddress":"$FK$525:$FK$562","headAddress":"$FK$525","bodyAddress":"$FK$526:$FK$562","_name":"код"},"основное":{"_level":2,"parentID":"8ac9bb85-116b-4674-9991-b5ba41247249","firstParentID":"fc787a84-b057-4da9-aebc-084c420d8e6f","ID":"56022610-f52e-4d2d-95cc-99f4d8ace9d8","childs":null,"emcosID":null,"emcosMLID":null,"codMaketTEP":null,"codTEP":null,"WSName":"DB","rangeAddress":"$FL$525:$FL$562","headAddress":"$FL$525","bodyAddress":"$FL$526:$FL$562","_name":"основное"},"корректировка факт":{"_level":2,"parentID":"8ac9bb85-116b-4674-9991-b5ba41247249","firstParentID":"fc787a84-b057-4da9-aebc-084c420d8e6f","ID":"00998dd7-2048-46b2-882c-88226101d306","childs":null,"emcosID":null,"emcosMLID":null,"codMaketTEP":null,"codTEP":null,"WSName":"DB","rangeAddress":"$FM$525:$FM$562","headAddress":"$FM$525","bodyAddress":"$FM$526:$FM$562","_name":"корректировка факт"},"ручное":{"_level":2,"parentID":"8ac9bb85-116b-4674-9991-b5ba41247249","firstParentID":"fc787a84-b057-4da9-aebc-084c420d8e6f","ID":"87ba1695-5304-467b-b463-f43a1d7faccc","childs":null,"emcosID":null,"emcosMLID":null,"codMaketTEP":null,"codTEP":null,"WSName":"DB","rangeAddress":"$FN$525:$FN$562","headAddress":"$FN$525","bodyAddress":"$FN$526:$FN$562","_name":"ручное"},"счетчик":{"_level":2,"parentID":"8ac9bb85-116b-4674-9991-b5ba41247249","firstParentID":"fc787a84-b057-4da9-aebc-084c420d8e6f","ID":"47d1c301-c328-49be-ae88-6abf7c802991","childs":null,"emcosID":null,"emcosMLID":null,"codMaketTEP":null,"codTEP":null,"WSName":"DB","rangeAddress":"$FO$525:$FO$562","headAddress":"$FO$525","bodyAddress":"$FO$526:$FO$562","_name":"счетчик"},"по счетчику":{"_level":2,"parentID":"8ac9bb85-116b-4674-9991-b5ba41247249","firstParentID":"fc787a84-b057-4da9-aebc-084c420d8e6f","ID":"cc3c45ff-f390-4161-9632-e1b0d9cb837a","childs":null,"emcosID":null,"emcosMLID":null,"codMaketTEP":null,"codTEP":null,"WSName":"DB","rangeAddress":"$FP$525:$FP$562","headAddress":"$FP$525","bodyAddress":"$FP$526:$FP$562","_name":"по счетчику"}},"emcosID":null,"emcosMLID":null,"codMaketTEP":null,"codTEP":null,"WSName":"DB","rangeAddress":"$FK$524:$FP$562","headAddress":"$FK$524:$FP$524","bodyAddress":"$FK$525:$FP$562","_name":"отдача"}},"emcosID":null,"emcosMLID":null,"codMaketTEP":null,"codTEP":null,"WSName":"DB","rangeAddress":"$FK$523:$FP$562","headAddress":"$FK$523:$FP$523","bodyAddress":"$FK$524:$FP$562","_name":"КЛ47 ПС152 Талдыкорган"}},"codPlan":null,"meterCoef":"3","_name":"КЛ47 ПС152 Талдыкорган"}