{"ID":"fd83bc04-9c16-4592-96bd-e224acefb827","childs":{"PS":{"_level":0,"parentID":"fd83bc04-9c16-4592-96bd-e224acefb827","firstParentID":"fd83bc04-9c16-4592-96bd-e224acefb827","ID":"284ab59d-f089-46be-8e4e-d1a2ab2027ce","childs":{"сальдо":{"_level":1,"parentID":"284ab59d-f089-46be-8e4e-d1a2ab2027ce","firstParentID":"fd83bc04-9c16-4592-96bd-e224acefb827","ID":"6af598ef-1774-4bc2-a8e0-2829eb42c005","childs":{"формула":{"_level":2,"parentID":"6af598ef-1774-4bc2-a8e0-2829eb42c005","firstParentID":"fd83bc04-9c16-4592-96bd-e224acefb827","ID":"268608a5-a27a-467b-a687-9041b3488472","childs":null,"emcosID":null,"emcosMLID":null,"codMaketTEP":null,"codTEP":null,"WSName":"PS","rangeAddress":"$Q$13:$Q$49","headAddress":"$Q$13","bodyAddress":"$Q$14:$Q$49","_name":"формула"}},"emcosID":null,"emcosMLID":null,"codMaketTEP":null,"codTEP":null,"WSName":"PS","rangeAddress":"$Q$12:$Q$49","headAddress":"$Q$12","bodyAddress":"$Q$13:$Q$49","_name":"сальдо"}},"emcosID":null,"emcosMLID":null,"codMaketTEP":null,"codTEP":null,"WSName":"PS","rangeAddress":"$Q$11:$Q$49","headAddress":"$Q$11","bodyAddress":"$Q$12:$Q$49","_name":"Сальдо ЖРЭК Общее"},"DB":{"_level":0,"parentID":"fd83bc04-9c16-4592-96bd-e224acefb827","firstParentID":"fd83bc04-9c16-4592-96bd-e224acefb827","ID":"c0af6c54-9b6c-4167-81d9-5e9c098cf33d","childs":{"сальдо":{"_level":1,"parentID":"c0af6c54-9b6c-4167-81d9-5e9c098cf33d","firstParentID":"fd83bc04-9c16-4592-96bd-e224acefb827","ID":"11d2fe55-710b-4116-8ccc-dbcd304a79c8","childs":{"код":{"_level":2,"parentID":"11d2fe55-710b-4116-8ccc-dbcd304a79c8","firstParentID":"fd83bc04-9c16-4592-96bd-e224acefb827","ID":"4933d0f3-83d8-4985-ad66-a6a914567f3f","childs":null,"emcosID":null,"emcosMLID":null,"codMaketTEP":null,"codTEP":null,"WSName":"DB","rangeAddress":"$AC$181:$AC$218","headAddress":"$AC$181","bodyAddress":"$AC$182:$AC$218","_name":"код"},"основное":{"_level":2,"parentID":"11d2fe55-710b-4116-8ccc-dbcd304a79c8","firstParentID":"fd83bc04-9c16-4592-96bd-e224acefb827","ID":"fa3805c5-45b5-48b5-b6fd-207521016b84","childs":null,"emcosID":null,"emcosMLID":null,"codMaketTEP":null,"codTEP":null,"WSName":"DB","rangeAddress":"$AD$181:$AD$218","headAddress":"$AD$181","bodyAddress":"$AD$182:$AD$218","_name":"основное"},"корректировка факт":{"_level":2,"parentID":"11d2fe55-710b-4116-8ccc-dbcd304a79c8","firstParentID":"fd83bc04-9c16-4592-96bd-e224acefb827","ID":"f24d273a-28f5-4419-9a7b-198382dc66e4","childs":null,"emcosID":null,"emcosMLID":null,"codMaketTEP":null,"codTEP":null,"WSName":"DB","rangeAddress":"$AE$181:$AE$218","headAddress":"$AE$181","bodyAddress":"$AE$182:$AE$218","_name":"корректировка факт"},"ручное":{"_level":2,"parentID":"11d2fe55-710b-4116-8ccc-dbcd304a79c8","firstParentID":"fd83bc04-9c16-4592-96bd-e224acefb827","ID":"7f864294-dff0-4515-a547-7c9325301b4c","childs":null,"emcosID":null,"emcosMLID":null,"codMaketTEP":null,"codTEP":null,"WSName":"DB","rangeAddress":"$AF$181:$AF$218","headAddress":"$AF$181","bodyAddress":"$AF$182:$AF$218","_name":"ручное"},"формула":{"_level":2,"parentID":"11d2fe55-710b-4116-8ccc-dbcd304a79c8","firstParentID":"fd83bc04-9c16-4592-96bd-e224acefb827","ID":"082312b2-d40e-4a28-9cd3-b981453617c0","childs":null,"emcosID":null,"emcosMLID":null,"codMaketTEP":null,"codTEP":null,"WSName":"DB","rangeAddress":"$AG$181:$AG$218","headAddress":"$AG$181","bodyAddress":"$AG$182:$AG$218","_name":"формула"}},"emcosID":null,"emcosMLID":null,"codMaketTEP":null,"codTEP":null,"WSName":"DB","rangeAddress":"$AC$180:$AG$218","headAddress":"$AC$180:$AG$180","bodyAddress":"$AC$181:$AG$218","_name":"сальдо"}},"emcosID":null,"emcosMLID":null,"codMaketTEP":null,"codTEP":null,"WSName":"DB","rangeAddress":"$AC$179:$AG$218","headAddress":"$AC$179:$AG$179","bodyAddress":"$AC$180:$AG$218","_name":"Сальдо ЖРЭК Общее"}},"codPlan":null,"meterCoef":null,"_name":"Сальдо ЖРЭК Общее"}