{"ID":"fed91af4-bf9f-4771-ac56-a5597bbb6702","childs":{"PS":{"_level":0,"parentID":"fed91af4-bf9f-4771-ac56-a5597bbb6702","firstParentID":"fed91af4-bf9f-4771-ac56-a5597bbb6702","ID":"363f4482-35c5-44c1-a359-a8c274dfff41","childs":{"прием":{"_level":1,"parentID":"363f4482-35c5-44c1-a359-a8c274dfff41","firstParentID":"fed91af4-bf9f-4771-ac56-a5597bbb6702","ID":"6f9126a5-9c80-488f-8048-454356546e5f","childs":{"по плану":{"_level":2,"parentID":"6f9126a5-9c80-488f-8048-454356546e5f","firstParentID":"fed91af4-bf9f-4771-ac56-a5597bbb6702","ID":"adc0e87c-e82b-47e5-a781-40c7b5b25c30","childs":null,"emcosID":null,"emcosMLID":null,"codMaketTEP":null,"codTEP":null,"WSName":"PS","rangeAddress":"$M$185:$M$221","headAddress":"$M$185","bodyAddress":"$M$186:$M$221","_name":"по плану"}},"emcosID":null,"emcosMLID":null,"codMaketTEP":1385,"codTEP":null,"WSName":"PS","rangeAddress":"$M$184:$M$221","headAddress":"$M$184","bodyAddress":"$M$185:$M$221","_name":"прием"},"план":{"_level":1,"parentID":"363f4482-35c5-44c1-a359-a8c274dfff41","firstParentID":"fed91af4-bf9f-4771-ac56-a5597bbb6702","ID":"0902b431-f408-49be-b3d5-b0ce53d89509","childs":{"заявка":{"_level":2,"parentID":"0902b431-f408-49be-b3d5-b0ce53d89509","firstParentID":"fed91af4-bf9f-4771-ac56-a5597bbb6702","ID":"7cc16ea6-6404-41a1-a947-e03552ad536a","childs":null,"emcosID":null,"emcosMLID":null,"codMaketTEP":null,"codTEP":null,"WSName":"PS","rangeAddress":"$N$185:$N$221","headAddress":"$N$185","bodyAddress":"$N$186:$N$221","_name":"заявка"}},"emcosID":null,"emcosMLID":null,"codMaketTEP":null,"codTEP":null,"WSName":"PS","rangeAddress":"$N$184:$N$221","headAddress":"$N$184","bodyAddress":"$N$185:$N$221","_name":"план"}},"emcosID":null,"emcosMLID":null,"codMaketTEP":null,"codTEP":null,"WSName":"PS","rangeAddress":"$M$183:$N$221","headAddress":"$M$183:$N$183","bodyAddress":"$M$184:$N$221","_name":"ДМС потери КТЖ Алматы"},"DB":{"_level":0,"parentID":"fed91af4-bf9f-4771-ac56-a5597bbb6702","firstParentID":"fed91af4-bf9f-4771-ac56-a5597bbb6702","ID":"30056d96-1143-4bb8-bebc-06aae993b5b1","childs":{"прием":{"_level":1,"parentID":"30056d96-1143-4bb8-bebc-06aae993b5b1","firstParentID":"fed91af4-bf9f-4771-ac56-a5597bbb6702","ID":"ace7dcd8-13a2-4b2c-b1a0-f329b320d28b","childs":{"код":{"_level":2,"parentID":"ace7dcd8-13a2-4b2c-b1a0-f329b320d28b","firstParentID":"fed91af4-bf9f-4771-ac56-a5597bbb6702","ID":"0e3fe91c-d25d-43c0-aea5-047fe764cdcf","childs":null,"emcosID":null,"emcosMLID":null,"codMaketTEP":null,"codTEP":null,"WSName":"DB","rangeAddress":"$BJ$396:$BJ$433","headAddress":"$BJ$396","bodyAddress":"$BJ$397:$BJ$433","_name":"код"},"основное":{"_level":2,"parentID":"ace7dcd8-13a2-4b2c-b1a0-f329b320d28b","firstParentID":"fed91af4-bf9f-4771-ac56-a5597bbb6702","ID":"91e10ffa-d9b0-4dc1-a0dc-2608525f8bf6","childs":null,"emcosID":null,"emcosMLID":null,"codMaketTEP":null,"codTEP":null,"WSName":"DB","rangeAddress":"$BK$396:$BK$433","headAddress":"$BK$396","bodyAddress":"$BK$397:$BK$433","_name":"основное"},"корректировка факт":{"_level":2,"parentID":"ace7dcd8-13a2-4b2c-b1a0-f329b320d28b","firstParentID":"fed91af4-bf9f-4771-ac56-a5597bbb6702","ID":"529728dd-3450-41fc-a950-5507c1b8cb84","childs":null,"emcosID":null,"emcosMLID":null,"codMaketTEP":null,"codTEP":null,"WSName":"DB","rangeAddress":"$BL$396:$BL$433","headAddress":"$BL$396","bodyAddress":"$BL$397:$BL$433","_name":"корректировка факт"},"ручное":{"_level":2,"parentID":"ace7dcd8-13a2-4b2c-b1a0-f329b320d28b","firstParentID":"fed91af4-bf9f-4771-ac56-a5597bbb6702","ID":"719fff0a-58d9-4d3f-9fd8-346e653f32b2","childs":null,"emcosID":null,"emcosMLID":null,"codMaketTEP":null,"codTEP":null,"WSName":"DB","rangeAddress":"$BM$396:$BM$433","headAddress":"$BM$396","bodyAddress":"$BM$397:$BM$433","_name":"ручное"},"по плану":{"_level":2,"parentID":"ace7dcd8-13a2-4b2c-b1a0-f329b320d28b","firstParentID":"fed91af4-bf9f-4771-ac56-a5597bbb6702","ID":"d65bb3bb-93a3-47ca-a3ef-500e6d2be8aa","childs":null,"emcosID":null,"emcosMLID":null,"codMaketTEP":null,"codTEP":null,"WSName":"DB","rangeAddress":"$BN$396:$BN$433","headAddress":"$BN$396","bodyAddress":"$BN$397:$BN$433","_name":"по плану"}},"emcosID":null,"emcosMLID":null,"codMaketTEP":null,"codTEP":null,"WSName":"DB","rangeAddress":"$BJ$395:$BN$433","headAddress":"$BJ$395:$BN$395","bodyAddress":"$BJ$396:$BN$433","_name":"прием"},"план":{"_level":1,"parentID":"30056d96-1143-4bb8-bebc-06aae993b5b1","firstParentID":"fed91af4-bf9f-4771-ac56-a5597bbb6702","ID":"cca7b86e-f03b-4f47-9862-b3ef49181eb7","childs":{"код":{"_level":2,"parentID":"cca7b86e-f03b-4f47-9862-b3ef49181eb7","firstParentID":"fed91af4-bf9f-4771-ac56-a5597bbb6702","ID":"a6ddc6ee-4ccc-49dd-9dd9-bab241924961","childs":null,"emcosID":null,"emcosMLID":null,"codMaketTEP":null,"codTEP":null,"WSName":"DB","rangeAddress":"$BO$396:$BO$433","headAddress":"$BO$396","bodyAddress":"$BO$397:$BO$433","_name":"код"},"основное":{"_level":2,"parentID":"cca7b86e-f03b-4f47-9862-b3ef49181eb7","firstParentID":"fed91af4-bf9f-4771-ac56-a5597bbb6702","ID":"0805079d-084f-4c18-be49-1eb2205cc43e","childs":null,"emcosID":null,"emcosMLID":null,"codMaketTEP":null,"codTEP":null,"WSName":"DB","rangeAddress":"$BP$396:$BP$433","headAddress":"$BP$396","bodyAddress":"$BP$397:$BP$433","_name":"основное"},"заявка":{"_level":2,"parentID":"cca7b86e-f03b-4f47-9862-b3ef49181eb7","firstParentID":"fed91af4-bf9f-4771-ac56-a5597bbb6702","ID":"5e1740ba-ffea-4d90-af4e-dc2f78830aeb","childs":null,"emcosID":null,"emcosMLID":null,"codMaketTEP":null,"codTEP":null,"WSName":"DB","rangeAddress":"$BQ$396:$BQ$433","headAddress":"$BQ$396","bodyAddress":"$BQ$397:$BQ$433","_name":"заявка"},"утвержденный":{"_level":2,"parentID":"cca7b86e-f03b-4f47-9862-b3ef49181eb7","firstParentID":"fed91af4-bf9f-4771-ac56-a5597bbb6702","ID":"af66d128-ff56-45c9-a0de-d2274aa629c0","childs":null,"emcosID":null,"emcosMLID":null,"codMaketTEP":null,"codTEP":null,"WSName":"DB","rangeAddress":"$BR$396:$BR$433","headAddress":"$BR$396","bodyAddress":"$BR$397:$BR$433","_name":"утвержденный"},"корректировка":{"_level":2,"parentID":"cca7b86e-f03b-4f47-9862-b3ef49181eb7","firstParentID":"fed91af4-bf9f-4771-ac56-a5597bbb6702","ID":"c063eca4-175c-41a1-a764-ff7ce3c503ba","childs":null,"emcosID":null,"emcosMLID":null,"codMaketTEP":null,"codTEP":null,"WSName":"DB","rangeAddress":"$BS$396:$BS$433","headAddress":"$BS$396","bodyAddress":"$BS$397:$BS$433","_name":"корректировка"}},"emcosID":null,"emcosMLID":null,"codMaketTEP":null,"codTEP":null,"WSName":"DB","rangeAddress":"$BO$395:$BS$433","headAddress":"$BO$395:$BS$395","bodyAddress":"$BO$396:$BS$433","_name":"план"}},"emcosID":null,"emcosMLID":null,"codMaketTEP":null,"codTEP":null,"WSName":"DB","rangeAddress":"$BJ$394:$BS$433","headAddress":"$BJ$394:$BS$394","bodyAddress":"$BJ$395:$BS$433","_name":"ДМС потери КТЖ Алматы"}},"codPlan":2,"meterCoef":null,"_name":"ДМС потери КТЖ Алматы"}