[{"text":"Л5413 Талдыкорган отдача","ID":"90434a9b-d13d-4f5d-94a2-8f8e7df0da34","type":0},{"text":"-","ID":null,"type":2},{"text":"Л5413 Талдыкорган прием","ID":"410aa23e-129d-47c8-9638-bbff1e01aae2","type":0},{"text":"+","ID":null,"type":2},{"text":"Л2043 КГЭС прием","ID":"a13aec8e-b06d-4043-8d67-08c6623535f8","type":0},{"text":"-","ID":null,"type":2},{"text":"Л2043 КГЭС отдача","ID":"09c84f60-22b7-40de-99d0-5e3cf8df9a48","type":0},{"text":"+","ID":null,"type":2},{"text":"Л2333 КГЭС прием","ID":"0094cb93-1799-4639-bb77-0671d496be35","type":0},{"text":"-","ID":null,"type":2},{"text":"Л2333 КГЭС отдача","ID":"1a752802-486b-40f3-ac71-100a70b03b5b","type":0}]