{"ID":"cbf59367-0b0d-40c7-aa51-81989ba8384c","childs":{"PS":{"_level":0,"parentID":"cbf59367-0b0d-40c7-aa51-81989ba8384c","firstParentID":"cbf59367-0b0d-40c7-aa51-81989ba8384c","ID":"a9b52cca-9855-489e-a86b-fcbc351a1569","childs":{"прием":{"_level":1,"parentID":"a9b52cca-9855-489e-a86b-fcbc351a1569","firstParentID":"cbf59367-0b0d-40c7-aa51-81989ba8384c","ID":"386dc360-6157-482c-847f-a8c6e56c475c","childs":{"по плану":{"_level":2,"parentID":"386dc360-6157-482c-847f-a8c6e56c475c","firstParentID":"cbf59367-0b0d-40c7-aa51-81989ba8384c","ID":"a8bfa255-f954-43e9-bb04-270142cb25a4","childs":null,"emcosID":null,"emcosMLID":null,"codMaketTEP":null,"codTEP":null,"WSName":"PS","rangeAddress":"$AC$228:$AC$264","headAddress":"$AC$228","bodyAddress":"$AC$229:$AC$264","_name":"по плану"}},"emcosID":null,"emcosMLID":null,"codMaketTEP":1470,"codTEP":null,"WSName":"PS","rangeAddress":"$AC$227:$AC$264","headAddress":"$AC$227","bodyAddress":"$AC$228:$AC$264","_name":"прием"},"план":{"_level":1,"parentID":"a9b52cca-9855-489e-a86b-fcbc351a1569","firstParentID":"cbf59367-0b0d-40c7-aa51-81989ba8384c","ID":"f57a4ff2-e529-4049-8464-2e4962c4ca0e","childs":{"заявка":{"_level":2,"parentID":"f57a4ff2-e529-4049-8464-2e4962c4ca0e","firstParentID":"cbf59367-0b0d-40c7-aa51-81989ba8384c","ID":"7e68dcfe-d098-4ba2-9b46-8a67f1e785a8","childs":null,"emcosID":null,"emcosMLID":null,"codMaketTEP":null,"codTEP":null,"WSName":"PS","rangeAddress":"$AD$228:$AD$264","headAddress":"$AD$228","bodyAddress":"$AD$229:$AD$264","_name":"заявка"}},"emcosID":null,"emcosMLID":null,"codMaketTEP":null,"codTEP":null,"WSName":"PS","rangeAddress":"$AD$227:$AD$264","headAddress":"$AD$227","bodyAddress":"$AD$228:$AD$264","_name":"план"}},"emcosID":null,"emcosMLID":null,"codMaketTEP":null,"codTEP":null,"WSName":"PS","rangeAddress":"$AC$226:$AD$264","headAddress":"$AC$226:$AD$226","bodyAddress":"$AC$227:$AD$264","_name":"Грузовые перевозки КТЖ Жетысу"},"DB":{"_level":0,"parentID":"cbf59367-0b0d-40c7-aa51-81989ba8384c","firstParentID":"cbf59367-0b0d-40c7-aa51-81989ba8384c","ID":"26b56061-af0f-4d00-bcfd-d2d910fdba84","childs":{"прием":{"_level":1,"parentID":"26b56061-af0f-4d00-bcfd-d2d910fdba84","firstParentID":"cbf59367-0b0d-40c7-aa51-81989ba8384c","ID":"77fc2076-d078-466a-8365-493a25373cc2","childs":{"код":{"_level":2,"parentID":"77fc2076-d078-466a-8365-493a25373cc2","firstParentID":"cbf59367-0b0d-40c7-aa51-81989ba8384c","ID":"ad3e6ccd-f914-4e31-80c0-ef667b6ef113","childs":null,"emcosID":null,"emcosMLID":null,"codMaketTEP":null,"codTEP":null,"WSName":"DB","rangeAddress":"$CR$439:$CR$476","headAddress":"$CR$439","bodyAddress":"$CR$440:$CR$476","_name":"код"},"основное":{"_level":2,"parentID":"77fc2076-d078-466a-8365-493a25373cc2","firstParentID":"cbf59367-0b0d-40c7-aa51-81989ba8384c","ID":"a821c11c-28e8-4cde-93ed-6133953714e0","childs":null,"emcosID":null,"emcosMLID":null,"codMaketTEP":null,"codTEP":null,"WSName":"DB","rangeAddress":"$CS$439:$CS$476","headAddress":"$CS$439","bodyAddress":"$CS$440:$CS$476","_name":"основное"},"корректировка факт":{"_level":2,"parentID":"77fc2076-d078-466a-8365-493a25373cc2","firstParentID":"cbf59367-0b0d-40c7-aa51-81989ba8384c","ID":"bd9ca271-5a54-4858-a02c-d1e720d8665e","childs":null,"emcosID":null,"emcosMLID":null,"codMaketTEP":null,"codTEP":null,"WSName":"DB","rangeAddress":"$CT$439:$CT$476","headAddress":"$CT$439","bodyAddress":"$CT$440:$CT$476","_name":"корректировка факт"},"ручное":{"_level":2,"parentID":"77fc2076-d078-466a-8365-493a25373cc2","firstParentID":"cbf59367-0b0d-40c7-aa51-81989ba8384c","ID":"3465a66c-bfb9-4f3d-95da-966d5a01a490","childs":null,"emcosID":null,"emcosMLID":null,"codMaketTEP":null,"codTEP":null,"WSName":"DB","rangeAddress":"$CU$439:$CU$476","headAddress":"$CU$439","bodyAddress":"$CU$440:$CU$476","_name":"ручное"},"по плану":{"_level":2,"parentID":"77fc2076-d078-466a-8365-493a25373cc2","firstParentID":"cbf59367-0b0d-40c7-aa51-81989ba8384c","ID":"889c8821-af20-4731-bec6-af9e14814f45","childs":null,"emcosID":null,"emcosMLID":null,"codMaketTEP":null,"codTEP":null,"WSName":"DB","rangeAddress":"$CV$439:$CV$476","headAddress":"$CV$439","bodyAddress":"$CV$440:$CV$476","_name":"по плану"}},"emcosID":null,"emcosMLID":null,"codMaketTEP":null,"codTEP":null,"WSName":"DB","rangeAddress":"$CR$438:$CV$476","headAddress":"$CR$438:$CV$438","bodyAddress":"$CR$439:$CV$476","_name":"прием"},"план":{"_level":1,"parentID":"26b56061-af0f-4d00-bcfd-d2d910fdba84","firstParentID":"cbf59367-0b0d-40c7-aa51-81989ba8384c","ID":"b675fafd-f222-43d9-8d37-5b81052feee8","childs":{"код":{"_level":2,"parentID":"b675fafd-f222-43d9-8d37-5b81052feee8","firstParentID":"cbf59367-0b0d-40c7-aa51-81989ba8384c","ID":"2252efc5-1e80-4084-96f7-a1e918639313","childs":null,"emcosID":null,"emcosMLID":null,"codMaketTEP":null,"codTEP":null,"WSName":"DB","rangeAddress":"$CW$439:$CW$476","headAddress":"$CW$439","bodyAddress":"$CW$440:$CW$476","_name":"код"},"основное":{"_level":2,"parentID":"b675fafd-f222-43d9-8d37-5b81052feee8","firstParentID":"cbf59367-0b0d-40c7-aa51-81989ba8384c","ID":"c9009a91-a8fd-4744-add1-e10aa7e92883","childs":null,"emcosID":null,"emcosMLID":null,"codMaketTEP":null,"codTEP":null,"WSName":"DB","rangeAddress":"$CX$439:$CX$476","headAddress":"$CX$439","bodyAddress":"$CX$440:$CX$476","_name":"основное"},"заявка":{"_level":2,"parentID":"b675fafd-f222-43d9-8d37-5b81052feee8","firstParentID":"cbf59367-0b0d-40c7-aa51-81989ba8384c","ID":"97e8274f-862c-4161-9e4f-f3e39d585cf9","childs":null,"emcosID":null,"emcosMLID":null,"codMaketTEP":null,"codTEP":null,"WSName":"DB","rangeAddress":"$CY$439:$CY$476","headAddress":"$CY$439","bodyAddress":"$CY$440:$CY$476","_name":"заявка"},"утвержденный":{"_level":2,"parentID":"b675fafd-f222-43d9-8d37-5b81052feee8","firstParentID":"cbf59367-0b0d-40c7-aa51-81989ba8384c","ID":"90bdd410-edf1-4a8b-9d44-0a491e0be54d","childs":null,"emcosID":null,"emcosMLID":null,"codMaketTEP":null,"codTEP":null,"WSName":"DB","rangeAddress":"$CZ$439:$CZ$476","headAddress":"$CZ$439","bodyAddress":"$CZ$440:$CZ$476","_name":"утвержденный"},"корректировка":{"_level":2,"parentID":"b675fafd-f222-43d9-8d37-5b81052feee8","firstParentID":"cbf59367-0b0d-40c7-aa51-81989ba8384c","ID":"fa6e2f75-45ac-4be0-963f-449ba897030e","childs":null,"emcosID":null,"emcosMLID":null,"codMaketTEP":null,"codTEP":null,"WSName":"DB","rangeAddress":"$DA$439:$DA$476","headAddress":"$DA$439","bodyAddress":"$DA$440:$DA$476","_name":"корректировка"}},"emcosID":null,"emcosMLID":null,"codMaketTEP":null,"codTEP":null,"WSName":"DB","rangeAddress":"$CW$438:$DA$476","headAddress":"$CW$438:$DA$438","bodyAddress":"$CW$439:$DA$476","_name":"план"}},"emcosID":null,"emcosMLID":null,"codMaketTEP":null,"codTEP":null,"WSName":"DB","rangeAddress":"$CR$437:$DA$476","headAddress":"$CR$437:$DA$437","bodyAddress":"$CR$438:$DA$476","_name":"Грузовые перевозки КТЖ Жетысу"}},"codPlan":34,"meterCoef":null,"_name":"Грузовые перевозки КТЖ Жетысу"}