{"ID":"295ee9e6-41bc-49f1-b1d3-f8057a413135","childs":{"PS":{"_level":0,"parentID":"295ee9e6-41bc-49f1-b1d3-f8057a413135","firstParentID":"295ee9e6-41bc-49f1-b1d3-f8057a413135","ID":"a8a1ec78-8ebb-48ac-8bca-d7da57d3c0e3","childs":{"прием":{"_level":1,"parentID":"a8a1ec78-8ebb-48ac-8bca-d7da57d3c0e3","firstParentID":"295ee9e6-41bc-49f1-b1d3-f8057a413135","ID":"eefd2357-33e9-4ab3-8345-7efcaf4a9f14","childs":{"аскуэ":{"_level":2,"parentID":"eefd2357-33e9-4ab3-8345-7efcaf4a9f14","firstParentID":"295ee9e6-41bc-49f1-b1d3-f8057a413135","ID":"c13b29d5-fb43-474e-81b3-c41b2532c5c0","childs":null,"emcosID":null,"emcosMLID":null,"WSName":"PS","rangeAddress":"$D$56:$D$92","headAddress":"$D$56","bodyAddress":"$D$57:$D$92","_name":"аскуэ"}},"emcosID":null,"emcosMLID":null,"WSName":"PS","rangeAddress":"$D$55:$D$92","headAddress":"$D$55","bodyAddress":"$D$56:$D$92","_name":"прием"},"отдача":{"_level":1,"parentID":"a8a1ec78-8ebb-48ac-8bca-d7da57d3c0e3","firstParentID":"295ee9e6-41bc-49f1-b1d3-f8057a413135","ID":"a4878f58-b00c-4400-ae37-2471a671bd73","childs":{"аскуэ":{"_level":2,"parentID":"a4878f58-b00c-4400-ae37-2471a671bd73","firstParentID":"295ee9e6-41bc-49f1-b1d3-f8057a413135","ID":"b09c1252-381d-4621-96e9-a58c2459d28a","childs":null,"emcosID":null,"emcosMLID":null,"WSName":"PS","rangeAddress":"$E$56:$E$92","headAddress":"$E$56","bodyAddress":"$E$57:$E$92","_name":"аскуэ"}},"emcosID":null,"emcosMLID":null,"WSName":"PS","rangeAddress":"$E$55:$E$92","headAddress":"$E$55","bodyAddress":"$E$56:$E$92","_name":"отдача"}},"emcosID":null,"emcosMLID":null,"WSName":"PS","rangeAddress":"$D$54:$E$92","headAddress":"$D$54:$E$54","bodyAddress":"$D$55:$E$92","_name":"Л5320 Агадырь"},"DB":{"_level":0,"parentID":"295ee9e6-41bc-49f1-b1d3-f8057a413135","firstParentID":"295ee9e6-41bc-49f1-b1d3-f8057a413135","ID":"9ac7b834-36c7-485b-9d60-a72104fadd74","childs":{"прием":{"_level":1,"parentID":"9ac7b834-36c7-485b-9d60-a72104fadd74","firstParentID":"295ee9e6-41bc-49f1-b1d3-f8057a413135","ID":"4835d080-f587-4d77-8f40-9b3a0bad2310","childs":{"код":{"_level":2,"parentID":"4835d080-f587-4d77-8f40-9b3a0bad2310","firstParentID":"295ee9e6-41bc-49f1-b1d3-f8057a413135","ID":"ca782e3a-51fa-4fdb-9f63-86009087a85b","childs":null,"emcosID":null,"emcosMLID":null,"WSName":"DB","rangeAddress":"$EM$52:$EM$89","headAddress":"$EM$52","bodyAddress":"$EM$53:$EM$89","_name":"код"},"основное":{"_level":2,"parentID":"4835d080-f587-4d77-8f40-9b3a0bad2310","firstParentID":"295ee9e6-41bc-49f1-b1d3-f8057a413135","ID":"4ab32270-6f07-4df3-8c7e-c6ebc7ebddf5","childs":null,"emcosID":null,"emcosMLID":null,"WSName":"DB","rangeAddress":"$EN$52:$EN$89","headAddress":"$EN$52","bodyAddress":"$EN$53:$EN$89","_name":"основное"},"корректировка факт":{"_level":2,"parentID":"4835d080-f587-4d77-8f40-9b3a0bad2310","firstParentID":"295ee9e6-41bc-49f1-b1d3-f8057a413135","ID":"9868b302-5687-4700-ac7f-b80a1ed72df1","childs":null,"emcosID":null,"emcosMLID":null,"WSName":"DB","rangeAddress":"$EO$52:$EO$89","headAddress":"$EO$52","bodyAddress":"$EO$53:$EO$89","_name":"корректировка факт"},"ручное":{"_level":2,"parentID":"4835d080-f587-4d77-8f40-9b3a0bad2310","firstParentID":"295ee9e6-41bc-49f1-b1d3-f8057a413135","ID":"f447e39f-c8be-4842-9676-d55e5e7d1175","childs":null,"emcosID":null,"emcosMLID":null,"WSName":"DB","rangeAddress":"$EP$52:$EP$89","headAddress":"$EP$52","bodyAddress":"$EP$53:$EP$89","_name":"ручное"},"счетчик":{"_level":2,"parentID":"4835d080-f587-4d77-8f40-9b3a0bad2310","firstParentID":"295ee9e6-41bc-49f1-b1d3-f8057a413135","ID":"c8c14cb5-fd88-4094-a284-a42e7de90492","childs":null,"emcosID":null,"emcosMLID":null,"WSName":"DB","rangeAddress":"$EQ$52:$EQ$89","headAddress":"$EQ$52","bodyAddress":"$EQ$53:$EQ$89","_name":"счетчик"},"по счетчику":{"_level":2,"parentID":"4835d080-f587-4d77-8f40-9b3a0bad2310","firstParentID":"295ee9e6-41bc-49f1-b1d3-f8057a413135","ID":"c2678393-b36e-485d-a3ed-3888bd7019ae","childs":null,"emcosID":null,"emcosMLID":null,"WSName":"DB","rangeAddress":"$ER$52:$ER$89","headAddress":"$ER$52","bodyAddress":"$ER$53:$ER$89","_name":"по счетчику"},"аскуэ":{"_level":2,"parentID":"4835d080-f587-4d77-8f40-9b3a0bad2310","firstParentID":"295ee9e6-41bc-49f1-b1d3-f8057a413135","ID":"ce48d768-9df1-4df6-aa25-c70ff5905712","childs":null,"emcosID":null,"emcosMLID":null,"WSName":"DB","rangeAddress":"$ES$52:$ES$89","headAddress":"$ES$52","bodyAddress":"$ES$53:$ES$89","_name":"аскуэ"}},"emcosID":560,"emcosMLID":386,"WSName":"DB","rangeAddress":"$EM$51:$ES$89","headAddress":"$EM$51:$ES$51","bodyAddress":"$EM$52:$ES$89","_name":"прием"},"отдача":{"_level":1,"parentID":"9ac7b834-36c7-485b-9d60-a72104fadd74","firstParentID":"295ee9e6-41bc-49f1-b1d3-f8057a413135","ID":"518436c0-395e-412b-86f0-0ce3fb39aa5b","childs":{"код":{"_level":2,"parentID":"518436c0-395e-412b-86f0-0ce3fb39aa5b","firstParentID":"295ee9e6-41bc-49f1-b1d3-f8057a413135","ID":"b72c5052-e34e-49a1-8901-b4cc274926fb","childs":null,"emcosID":null,"emcosMLID":null,"WSName":"DB","rangeAddress":"$ET$52:$ET$89","headAddress":"$ET$52","bodyAddress":"$ET$53:$ET$89","_name":"код"},"основное":{"_level":2,"parentID":"518436c0-395e-412b-86f0-0ce3fb39aa5b","firstParentID":"295ee9e6-41bc-49f1-b1d3-f8057a413135","ID":"4a7f2f2c-0c79-46a6-bd8a-6c0e99cf0d90","childs":null,"emcosID":null,"emcosMLID":null,"WSName":"DB","rangeAddress":"$EU$52:$EU$89","headAddress":"$EU$52","bodyAddress":"$EU$53:$EU$89","_name":"основное"},"корректировка факт":{"_level":2,"parentID":"518436c0-395e-412b-86f0-0ce3fb39aa5b","firstParentID":"295ee9e6-41bc-49f1-b1d3-f8057a413135","ID":"5fbe8f7a-3d4f-40b6-a82c-646330c3d0a1","childs":null,"emcosID":null,"emcosMLID":null,"WSName":"DB","rangeAddress":"$EV$52:$EV$89","headAddress":"$EV$52","bodyAddress":"$EV$53:$EV$89","_name":"корректировка факт"},"ручное":{"_level":2,"parentID":"518436c0-395e-412b-86f0-0ce3fb39aa5b","firstParentID":"295ee9e6-41bc-49f1-b1d3-f8057a413135","ID":"fb07f0c0-0baa-4d0e-9841-caed9db90b37","childs":null,"emcosID":null,"emcosMLID":null,"WSName":"DB","rangeAddress":"$EW$52:$EW$89","headAddress":"$EW$52","bodyAddress":"$EW$53:$EW$89","_name":"ручное"},"счетчик":{"_level":2,"parentID":"518436c0-395e-412b-86f0-0ce3fb39aa5b","firstParentID":"295ee9e6-41bc-49f1-b1d3-f8057a413135","ID":"315a1ec6-3ce0-4dc5-a4fc-6f7f51b18776","childs":null,"emcosID":null,"emcosMLID":null,"WSName":"DB","rangeAddress":"$EX$52:$EX$89","headAddress":"$EX$52","bodyAddress":"$EX$53:$EX$89","_name":"счетчик"},"по счетчику":{"_level":2,"parentID":"518436c0-395e-412b-86f0-0ce3fb39aa5b","firstParentID":"295ee9e6-41bc-49f1-b1d3-f8057a413135","ID":"018abf72-0928-4e79-bc0b-485c0034b59c","childs":null,"emcosID":null,"emcosMLID":null,"WSName":"DB","rangeAddress":"$EY$52:$EY$89","headAddress":"$EY$52","bodyAddress":"$EY$53:$EY$89","_name":"по счетчику"},"аскуэ":{"_level":2,"parentID":"518436c0-395e-412b-86f0-0ce3fb39aa5b","firstParentID":"295ee9e6-41bc-49f1-b1d3-f8057a413135","ID":"6df29f85-56f2-4ed7-b1c3-b11a3b5b2095","childs":null,"emcosID":null,"emcosMLID":null,"WSName":"DB","rangeAddress":"$EZ$52:$EZ$89","headAddress":"$EZ$52","bodyAddress":"$EZ$53:$EZ$89","_name":"аскуэ"}},"emcosID":560,"emcosMLID":385,"WSName":"DB","rangeAddress":"$ET$51:$EZ$89","headAddress":"$ET$51:$EZ$51","bodyAddress":"$ET$52:$EZ$89","_name":"отдача"}},"emcosID":null,"emcosMLID":null,"WSName":"DB","rangeAddress":"$EM$50:$EZ$89","headAddress":"$EM$50:$EZ$50","bodyAddress":"$EM$51:$EZ$89","_name":"Л5320 Агадырь"}},"codPlan":null,"meterCoef":null,"_name":"Л5320 Агадырь"}