{"ID":"726607e2-6a50-4dba-b762-525d0a10d77d","childs":{"PS":{"_level":0,"parentID":"726607e2-6a50-4dba-b762-525d0a10d77d","firstParentID":"726607e2-6a50-4dba-b762-525d0a10d77d","ID":"ce0a5126-b6b6-4a8b-b168-5d93f2d73d04","childs":{"прием":{"_level":1,"parentID":"ce0a5126-b6b6-4a8b-b168-5d93f2d73d04","firstParentID":"726607e2-6a50-4dba-b762-525d0a10d77d","ID":"0f413abf-16c5-4c5c-9ef8-9a518206a4a2","childs":{"ручное":{"_level":2,"parentID":"0f413abf-16c5-4c5c-9ef8-9a518206a4a2","firstParentID":"726607e2-6a50-4dba-b762-525d0a10d77d","ID":"a6bfa0a0-f2ca-489d-a95a-68b4ced3ea3c","childs":null,"emcosID":null,"emcosMLID":null,"WSName":"PS","rangeAddress":"$AJ$99:$AJ$135","headAddress":"$AJ$99","bodyAddress":"$AJ$100:$AJ$135","_name":"ручное"}},"emcosID":null,"emcosMLID":null,"WSName":"PS","rangeAddress":"$AJ$98:$AJ$135","headAddress":"$AJ$98","bodyAddress":"$AJ$99:$AJ$135","_name":"прием"}},"emcosID":null,"emcosMLID":null,"WSName":"PS","rangeAddress":"$AJ$97:$AJ$135","headAddress":"$AJ$97","bodyAddress":"$AJ$98:$AJ$135","_name":"Прием из сети ПС149 Талдыкорган ЗЩА"},"DB":{"_level":0,"parentID":"726607e2-6a50-4dba-b762-525d0a10d77d","firstParentID":"726607e2-6a50-4dba-b762-525d0a10d77d","ID":"9a8a1920-a3be-4bf4-ad43-98fa105aa6e6","childs":{"прием":{"_level":1,"parentID":"9a8a1920-a3be-4bf4-ad43-98fa105aa6e6","firstParentID":"726607e2-6a50-4dba-b762-525d0a10d77d","ID":"411c3de4-c297-4351-b0d7-8123cb6b05d4","childs":{"код":{"_level":2,"parentID":"411c3de4-c297-4351-b0d7-8123cb6b05d4","firstParentID":"726607e2-6a50-4dba-b762-525d0a10d77d","ID":"80ab1ed2-86ef-4bb4-b57f-d9aedabfd00f","childs":null,"emcosID":null,"emcosMLID":null,"WSName":"DB","rangeAddress":"$EX$224:$EX$261","headAddress":"$EX$224","bodyAddress":"$EX$225:$EX$261","_name":"код"},"основное":{"_level":2,"parentID":"411c3de4-c297-4351-b0d7-8123cb6b05d4","firstParentID":"726607e2-6a50-4dba-b762-525d0a10d77d","ID":"067528b1-e279-4538-8373-c92c4156bff9","childs":null,"emcosID":null,"emcosMLID":null,"WSName":"DB","rangeAddress":"$EY$224:$EY$261","headAddress":"$EY$224","bodyAddress":"$EY$225:$EY$261","_name":"основное"},"корректировка факт":{"_level":2,"parentID":"411c3de4-c297-4351-b0d7-8123cb6b05d4","firstParentID":"726607e2-6a50-4dba-b762-525d0a10d77d","ID":"9e265935-1680-44c4-ac35-eedeb44d6b22","childs":null,"emcosID":null,"emcosMLID":null,"WSName":"DB","rangeAddress":"$EZ$224:$EZ$261","headAddress":"$EZ$224","bodyAddress":"$EZ$225:$EZ$261","_name":"корректировка факт"},"ручное":{"_level":2,"parentID":"411c3de4-c297-4351-b0d7-8123cb6b05d4","firstParentID":"726607e2-6a50-4dba-b762-525d0a10d77d","ID":"071e18af-42c9-4502-a214-b5248b87f855","childs":null,"emcosID":null,"emcosMLID":null,"WSName":"DB","rangeAddress":"$FA$224:$FA$261","headAddress":"$FA$224","bodyAddress":"$FA$225:$FA$261","_name":"ручное"}},"emcosID":null,"emcosMLID":null,"WSName":"DB","rangeAddress":"$EX$223:$FA$261","headAddress":"$EX$223:$FA$223","bodyAddress":"$EX$224:$FA$261","_name":"прием"}},"emcosID":null,"emcosMLID":null,"WSName":"DB","rangeAddress":"$EX$222:$FA$261","headAddress":"$EX$222:$FA$222","bodyAddress":"$EX$223:$FA$261","_name":"Прием из сети ПС149 Талдыкорган ЗЩА"}},"codPlan":null,"meterCoef":null,"_name":"Прием из сети ПС149 Талдыкорган ЗЩА"}