{"ID":"9c6f29af-524b-405e-b991-c8270dc08b41","childs":{"PS":{"_level":0,"parentID":"9c6f29af-524b-405e-b991-c8270dc08b41","firstParentID":"9c6f29af-524b-405e-b991-c8270dc08b41","ID":"deb5bcfa-454b-45ff-9d4f-4660e5f1818f","childs":{"прием":{"_level":1,"parentID":"deb5bcfa-454b-45ff-9d4f-4660e5f1818f","firstParentID":"9c6f29af-524b-405e-b991-c8270dc08b41","ID":"5a4b989f-8292-4cac-a0bc-a76902403721","childs":{"аскуэ":{"_level":2,"parentID":"5a4b989f-8292-4cac-a0bc-a76902403721","firstParentID":"9c6f29af-524b-405e-b991-c8270dc08b41","ID":"b13d08af-ae1c-44d0-bd13-b1ecbe30e6d2","childs":null,"emcosID":null,"emcosMLID":null,"WSName":"PS","rangeAddress":"$CP$56:$CP$92","headAddress":"$CP$56","bodyAddress":"$CP$57:$CP$92","_name":"аскуэ"}},"emcosID":null,"emcosMLID":null,"WSName":"PS","rangeAddress":"$CP$55:$CP$92","headAddress":"$CP$55","bodyAddress":"$CP$56:$CP$92","_name":"прием"},"отдача":{"_level":1,"parentID":"deb5bcfa-454b-45ff-9d4f-4660e5f1818f","firstParentID":"9c6f29af-524b-405e-b991-c8270dc08b41","ID":"088407b4-f927-438f-b937-c69680e10fe7","childs":{"аскуэ":{"_level":2,"parentID":"088407b4-f927-438f-b937-c69680e10fe7","firstParentID":"9c6f29af-524b-405e-b991-c8270dc08b41","ID":"5cbe691b-444d-4f35-b8a5-1e02eacfa040","childs":null,"emcosID":null,"emcosMLID":null,"WSName":"PS","rangeAddress":"$CQ$56:$CQ$92","headAddress":"$CQ$56","bodyAddress":"$CQ$57:$CQ$92","_name":"аскуэ"}},"emcosID":null,"emcosMLID":null,"WSName":"PS","rangeAddress":"$CQ$55:$CQ$92","headAddress":"$CQ$55","bodyAddress":"$CQ$56:$CQ$92","_name":"отдача"}},"emcosID":null,"emcosMLID":null,"WSName":"PS","rangeAddress":"$CP$54:$CQ$92","headAddress":"$CP$54:$CQ$54","bodyAddress":"$CP$55:$CQ$92","_name":"Л5413 Талдыкорган"},"DB":{"_level":0,"parentID":"9c6f29af-524b-405e-b991-c8270dc08b41","firstParentID":"9c6f29af-524b-405e-b991-c8270dc08b41","ID":"7a984a61-cbcf-4272-a2c1-a6ea8225e945","childs":{"прием":{"_level":1,"parentID":"7a984a61-cbcf-4272-a2c1-a6ea8225e945","firstParentID":"9c6f29af-524b-405e-b991-c8270dc08b41","ID":"717fbfad-dc2d-4ef5-81d3-8dab33a86651","childs":{"код":{"_level":2,"parentID":"717fbfad-dc2d-4ef5-81d3-8dab33a86651","firstParentID":"9c6f29af-524b-405e-b991-c8270dc08b41","ID":"dd211dfd-e03c-48eb-9c1a-62c640a702b6","childs":null,"emcosID":null,"emcosMLID":null,"WSName":"DB","rangeAddress":"$C$52:$C$89","headAddress":"$C$52","bodyAddress":"$C$53:$C$89","_name":"код"},"основное":{"_level":2,"parentID":"717fbfad-dc2d-4ef5-81d3-8dab33a86651","firstParentID":"9c6f29af-524b-405e-b991-c8270dc08b41","ID":"410aa23e-129d-47c8-9638-bbff1e01aae2","childs":null,"emcosID":null,"emcosMLID":null,"WSName":"DB","rangeAddress":"$D$52:$D$89","headAddress":"$D$52","bodyAddress":"$D$53:$D$89","_name":"основное"},"корректировка факт":{"_level":2,"parentID":"717fbfad-dc2d-4ef5-81d3-8dab33a86651","firstParentID":"9c6f29af-524b-405e-b991-c8270dc08b41","ID":"7f8d41b1-9d08-4dc9-b504-bfe037d076cb","childs":null,"emcosID":null,"emcosMLID":null,"WSName":"DB","rangeAddress":"$E$52:$E$89","headAddress":"$E$52","bodyAddress":"$E$53:$E$89","_name":"корректировка факт"},"ручное":{"_level":2,"parentID":"717fbfad-dc2d-4ef5-81d3-8dab33a86651","firstParentID":"9c6f29af-524b-405e-b991-c8270dc08b41","ID":"b06feb3e-b8fa-49c0-a71a-a0a1852861d2","childs":null,"emcosID":null,"emcosMLID":null,"WSName":"DB","rangeAddress":"$F$52:$F$89","headAddress":"$F$52","bodyAddress":"$F$53:$F$89","_name":"ручное"},"счетчик":{"_level":2,"parentID":"717fbfad-dc2d-4ef5-81d3-8dab33a86651","firstParentID":"9c6f29af-524b-405e-b991-c8270dc08b41","ID":"8ed6b911-7847-42ec-bb06-e9846ceb54da","childs":null,"emcosID":null,"emcosMLID":null,"WSName":"DB","rangeAddress":"$G$52:$G$89","headAddress":"$G$52","bodyAddress":"$G$53:$G$89","_name":"счетчик"},"по счетчику":{"_level":2,"parentID":"717fbfad-dc2d-4ef5-81d3-8dab33a86651","firstParentID":"9c6f29af-524b-405e-b991-c8270dc08b41","ID":"41c998be-198c-4a28-b36c-a6e1e7444dd1","childs":null,"emcosID":null,"emcosMLID":null,"WSName":"DB","rangeAddress":"$H$52:$H$89","headAddress":"$H$52","bodyAddress":"$H$53:$H$89","_name":"по счетчику"},"аскуэ":{"_level":2,"parentID":"717fbfad-dc2d-4ef5-81d3-8dab33a86651","firstParentID":"9c6f29af-524b-405e-b991-c8270dc08b41","ID":"9b0be452-0201-4fe4-92bc-0c9b5ac41bd5","childs":null,"emcosID":null,"emcosMLID":null,"WSName":"DB","rangeAddress":"$I$52:$I$89","headAddress":"$I$52","bodyAddress":"$I$53:$I$89","_name":"аскуэ"}},"emcosID":1578,"emcosMLID":385,"WSName":"DB","rangeAddress":"$C$51:$I$89","headAddress":"$C$51:$I$51","bodyAddress":"$C$52:$I$89","_name":"прием"},"отдача":{"_level":1,"parentID":"7a984a61-cbcf-4272-a2c1-a6ea8225e945","firstParentID":"9c6f29af-524b-405e-b991-c8270dc08b41","ID":"6280e524-40e6-4953-9ca6-5fb052b9c452","childs":{"код":{"_level":2,"parentID":"6280e524-40e6-4953-9ca6-5fb052b9c452","firstParentID":"9c6f29af-524b-405e-b991-c8270dc08b41","ID":"265c50d6-c18f-4d98-b094-3a10dce9287d","childs":null,"emcosID":null,"emcosMLID":null,"WSName":"DB","rangeAddress":"$J$52:$J$89","headAddress":"$J$52","bodyAddress":"$J$53:$J$89","_name":"код"},"основное":{"_level":2,"parentID":"6280e524-40e6-4953-9ca6-5fb052b9c452","firstParentID":"9c6f29af-524b-405e-b991-c8270dc08b41","ID":"90434a9b-d13d-4f5d-94a2-8f8e7df0da34","childs":null,"emcosID":null,"emcosMLID":null,"WSName":"DB","rangeAddress":"$K$52:$K$89","headAddress":"$K$52","bodyAddress":"$K$53:$K$89","_name":"основное"},"корректировка факт":{"_level":2,"parentID":"6280e524-40e6-4953-9ca6-5fb052b9c452","firstParentID":"9c6f29af-524b-405e-b991-c8270dc08b41","ID":"527e88d2-cdcf-46be-bfe5-31dcce042979","childs":null,"emcosID":null,"emcosMLID":null,"WSName":"DB","rangeAddress":"$L$52:$L$89","headAddress":"$L$52","bodyAddress":"$L$53:$L$89","_name":"корректировка факт"},"ручное":{"_level":2,"parentID":"6280e524-40e6-4953-9ca6-5fb052b9c452","firstParentID":"9c6f29af-524b-405e-b991-c8270dc08b41","ID":"f8c729b8-7fdb-46f1-b2c0-fc8f423bc528","childs":null,"emcosID":null,"emcosMLID":null,"WSName":"DB","rangeAddress":"$M$52:$M$89","headAddress":"$M$52","bodyAddress":"$M$53:$M$89","_name":"ручное"},"счетчик":{"_level":2,"parentID":"6280e524-40e6-4953-9ca6-5fb052b9c452","firstParentID":"9c6f29af-524b-405e-b991-c8270dc08b41","ID":"58a7c5cc-c0ad-4f84-b47e-7ca64d7b5fe6","childs":null,"emcosID":null,"emcosMLID":null,"WSName":"DB","rangeAddress":"$N$52:$N$89","headAddress":"$N$52","bodyAddress":"$N$53:$N$89","_name":"счетчик"},"по счетчику":{"_level":2,"parentID":"6280e524-40e6-4953-9ca6-5fb052b9c452","firstParentID":"9c6f29af-524b-405e-b991-c8270dc08b41","ID":"ecb51679-4a55-4fb6-809b-980967dfc78d","childs":null,"emcosID":null,"emcosMLID":null,"WSName":"DB","rangeAddress":"$O$52:$O$89","headAddress":"$O$52","bodyAddress":"$O$53:$O$89","_name":"по счетчику"},"аскуэ":{"_level":2,"parentID":"6280e524-40e6-4953-9ca6-5fb052b9c452","firstParentID":"9c6f29af-524b-405e-b991-c8270dc08b41","ID":"8f59e55f-4b8c-4c24-8db2-867ab75efc93","childs":null,"emcosID":null,"emcosMLID":null,"WSName":"DB","rangeAddress":"$P$52:$P$89","headAddress":"$P$52","bodyAddress":"$P$53:$P$89","_name":"аскуэ"}},"emcosID":1578,"emcosMLID":386,"WSName":"DB","rangeAddress":"$J$51:$P$89","headAddress":"$J$51:$P$51","bodyAddress":"$J$52:$P$89","_name":"отдача"}},"emcosID":null,"emcosMLID":null,"WSName":"DB","rangeAddress":"$C$50:$P$89","headAddress":"$C$50:$P$50","bodyAddress":"$C$51:$P$89","_name":"Л5413 Талдыкорган"}},"codPlan":null,"meterCoef":null,"_name":"Л5413 Талдыкорган"}