{"ID":"a2967b9e-4b37-49d6-a3d4-d938da14396e","childs":{"PS":{"_level":0,"parentID":"a2967b9e-4b37-49d6-a3d4-d938da14396e","firstParentID":"a2967b9e-4b37-49d6-a3d4-d938da14396e","ID":"76db17d7-63c7-4fdf-9a1f-e51510faa359","childs":{"сальдо":{"_level":1,"parentID":"76db17d7-63c7-4fdf-9a1f-e51510faa359","firstParentID":"a2967b9e-4b37-49d6-a3d4-d938da14396e","ID":"bde49836-5d46-472f-8215-04afa02c14e6","childs":{"формула":{"_level":2,"parentID":"bde49836-5d46-472f-8215-04afa02c14e6","firstParentID":"a2967b9e-4b37-49d6-a3d4-d938da14396e","ID":"da409e9d-f666-4e4e-88b6-7665810ef486","childs":null,"emcosID":null,"emcosMLID":null,"WSName":"PS","rangeAddress":"$K$13:$K$49","headAddress":"$K$13","bodyAddress":"$K$14:$K$49","_name":"формула"}},"emcosID":null,"emcosMLID":null,"WSName":"PS","rangeAddress":"$K$12:$K$49","headAddress":"$K$12","bodyAddress":"$K$13:$K$49","_name":"сальдо"}},"emcosID":null,"emcosMLID":null,"WSName":"PS","rangeAddress":"$K$11:$K$49","headAddress":"$K$11","bodyAddress":"$K$12:$K$49","_name":"Сальдо ВМЭС Общее"},"DB":{"_level":0,"parentID":"a2967b9e-4b37-49d6-a3d4-d938da14396e","firstParentID":"a2967b9e-4b37-49d6-a3d4-d938da14396e","ID":"c9dbe38b-83e9-4464-aeca-6fc533ea63bc","childs":{"сальдо":{"_level":1,"parentID":"c9dbe38b-83e9-4464-aeca-6fc533ea63bc","firstParentID":"a2967b9e-4b37-49d6-a3d4-d938da14396e","ID":"67e10f6d-c1ce-4fe5-972c-ccc8e05c4b58","childs":{"код":{"_level":2,"parentID":"67e10f6d-c1ce-4fe5-972c-ccc8e05c4b58","firstParentID":"a2967b9e-4b37-49d6-a3d4-d938da14396e","ID":"c4253b8f-22a9-45bb-863f-e652dfb28b8c","childs":null,"emcosID":null,"emcosMLID":null,"WSName":"DB","rangeAddress":"$DV$138:$DV$175","headAddress":"$DV$138","bodyAddress":"$DV$139:$DV$175","_name":"код"},"основное":{"_level":2,"parentID":"67e10f6d-c1ce-4fe5-972c-ccc8e05c4b58","firstParentID":"a2967b9e-4b37-49d6-a3d4-d938da14396e","ID":"4747283e-654a-40d6-8e31-8e05570a2512","childs":null,"emcosID":null,"emcosMLID":null,"WSName":"DB","rangeAddress":"$DW$138:$DW$175","headAddress":"$DW$138","bodyAddress":"$DW$139:$DW$175","_name":"основное"},"корректировка факт":{"_level":2,"parentID":"67e10f6d-c1ce-4fe5-972c-ccc8e05c4b58","firstParentID":"a2967b9e-4b37-49d6-a3d4-d938da14396e","ID":"5b338c6e-d216-4347-91b2-d736463fb3da","childs":null,"emcosID":null,"emcosMLID":null,"WSName":"DB","rangeAddress":"$DX$138:$DX$175","headAddress":"$DX$138","bodyAddress":"$DX$139:$DX$175","_name":"корректировка факт"},"ручное":{"_level":2,"parentID":"67e10f6d-c1ce-4fe5-972c-ccc8e05c4b58","firstParentID":"a2967b9e-4b37-49d6-a3d4-d938da14396e","ID":"8d3309ce-5202-48b0-bfb4-fddd03851d9a","childs":null,"emcosID":null,"emcosMLID":null,"WSName":"DB","rangeAddress":"$DY$138:$DY$175","headAddress":"$DY$138","bodyAddress":"$DY$139:$DY$175","_name":"ручное"},"формула":{"_level":2,"parentID":"67e10f6d-c1ce-4fe5-972c-ccc8e05c4b58","firstParentID":"a2967b9e-4b37-49d6-a3d4-d938da14396e","ID":"536b684a-c3a9-4da0-a2c2-475d58a46fe6","childs":null,"emcosID":null,"emcosMLID":null,"WSName":"DB","rangeAddress":"$DZ$138:$DZ$175","headAddress":"$DZ$138","bodyAddress":"$DZ$139:$DZ$175","_name":"формула"}},"emcosID":null,"emcosMLID":null,"WSName":"DB","rangeAddress":"$DV$137:$DZ$175","headAddress":"$DV$137:$DZ$137","bodyAddress":"$DV$138:$DZ$175","_name":"сальдо"}},"emcosID":null,"emcosMLID":null,"WSName":"DB","rangeAddress":"$DV$136:$DZ$175","headAddress":"$DV$136:$DZ$136","bodyAddress":"$DV$137:$DZ$175","_name":"Сальдо ВМЭС Общее"}},"codPlan":null,"meterCoef":null,"_name":"Сальдо ВМЭС Общее"}