{"ID":"e24dcf94-9762-4a47-8a1f-d20778fa24e8","childs":{"PS":{"_level":0,"parentID":"e24dcf94-9762-4a47-8a1f-d20778fa24e8","firstParentID":"e24dcf94-9762-4a47-8a1f-d20778fa24e8","ID":"168da227-584d-4317-b637-283cc998b9cf","childs":{"прием":{"_level":1,"parentID":"168da227-584d-4317-b637-283cc998b9cf","firstParentID":"e24dcf94-9762-4a47-8a1f-d20778fa24e8","ID":"279e4ee3-fe55-4d3b-8005-fbc7af22e9f9","childs":{"аскуэ":{"_level":2,"parentID":"279e4ee3-fe55-4d3b-8005-fbc7af22e9f9","firstParentID":"e24dcf94-9762-4a47-8a1f-d20778fa24e8","ID":"60f5dea2-9186-46f6-b35b-29e69bd8d586","childs":null,"emcosID":null,"emcosMLID":null,"WSName":"PS","rangeAddress":"$CF$56:$CF$92","headAddress":"$CF$56","bodyAddress":"$CF$57:$CF$92","_name":"аскуэ"}},"emcosID":null,"emcosMLID":null,"WSName":"PS","rangeAddress":"$CF$55:$CF$92","headAddress":"$CF$55","bodyAddress":"$CF$56:$CF$92","_name":"прием"},"отдача":{"_level":1,"parentID":"168da227-584d-4317-b637-283cc998b9cf","firstParentID":"e24dcf94-9762-4a47-8a1f-d20778fa24e8","ID":"bedaf84b-e27e-4b61-8685-6c5ab6257486","childs":{"аскуэ":{"_level":2,"parentID":"bedaf84b-e27e-4b61-8685-6c5ab6257486","firstParentID":"e24dcf94-9762-4a47-8a1f-d20778fa24e8","ID":"1f2140e7-0299-4a5d-b7e2-c6b59e571c13","childs":null,"emcosID":null,"emcosMLID":null,"WSName":"PS","rangeAddress":"$CG$56:$CG$92","headAddress":"$CG$56","bodyAddress":"$CG$57:$CG$92","_name":"аскуэ"}},"emcosID":null,"emcosMLID":null,"WSName":"PS","rangeAddress":"$CG$55:$CG$92","headAddress":"$CG$55","bodyAddress":"$CG$56:$CG$92","_name":"отдача"}},"emcosID":null,"emcosMLID":null,"WSName":"PS","rangeAddress":"$CF$54:$CG$92","headAddress":"$CF$54:$CG$54","bodyAddress":"$CF$55:$CG$92","_name":"Л2193 Алматы"},"DB":{"_level":0,"parentID":"e24dcf94-9762-4a47-8a1f-d20778fa24e8","firstParentID":"e24dcf94-9762-4a47-8a1f-d20778fa24e8","ID":"463b9caf-5fc4-4e5b-813f-0284de760847","childs":{"прием":{"_level":1,"parentID":"463b9caf-5fc4-4e5b-813f-0284de760847","firstParentID":"e24dcf94-9762-4a47-8a1f-d20778fa24e8","ID":"4a07824a-cc23-4e78-8a94-66a4da66fe8d","childs":{"код":{"_level":2,"parentID":"4a07824a-cc23-4e78-8a94-66a4da66fe8d","firstParentID":"e24dcf94-9762-4a47-8a1f-d20778fa24e8","ID":"8d9e3681-5d44-4876-99da-c3b1fe92566a","childs":null,"emcosID":null,"emcosMLID":null,"WSName":"DB","rangeAddress":"$N$9:$N$46","headAddress":"$N$9","bodyAddress":"$N$10:$N$46","_name":"код"},"основное":{"_level":2,"parentID":"4a07824a-cc23-4e78-8a94-66a4da66fe8d","firstParentID":"e24dcf94-9762-4a47-8a1f-d20778fa24e8","ID":"9d12bcef-4aef-4248-b7d2-fc1d4e4fefd5","childs":null,"emcosID":null,"emcosMLID":null,"WSName":"DB","rangeAddress":"$O$9:$O$46","headAddress":"$O$9","bodyAddress":"$O$10:$O$46","_name":"основное"},"корректировка факт":{"_level":2,"parentID":"4a07824a-cc23-4e78-8a94-66a4da66fe8d","firstParentID":"e24dcf94-9762-4a47-8a1f-d20778fa24e8","ID":"39fd94dc-4563-408e-839c-bc349990dbad","childs":null,"emcosID":null,"emcosMLID":null,"WSName":"DB","rangeAddress":"$P$9:$P$46","headAddress":"$P$9","bodyAddress":"$P$10:$P$46","_name":"корректировка факт"},"ручное":{"_level":2,"parentID":"4a07824a-cc23-4e78-8a94-66a4da66fe8d","firstParentID":"e24dcf94-9762-4a47-8a1f-d20778fa24e8","ID":"a06e84ee-5d8c-4b70-a441-a06f82cffe1c","childs":null,"emcosID":null,"emcosMLID":null,"WSName":"DB","rangeAddress":"$Q$9:$Q$46","headAddress":"$Q$9","bodyAddress":"$Q$10:$Q$46","_name":"ручное"},"счетчик":{"_level":2,"parentID":"4a07824a-cc23-4e78-8a94-66a4da66fe8d","firstParentID":"e24dcf94-9762-4a47-8a1f-d20778fa24e8","ID":"a2024dc8-01bd-4532-b160-dcca77f9bc3c","childs":null,"emcosID":null,"emcosMLID":null,"WSName":"DB","rangeAddress":"$R$9:$R$46","headAddress":"$R$9","bodyAddress":"$R$10:$R$46","_name":"счетчик"},"по счетчику":{"_level":2,"parentID":"4a07824a-cc23-4e78-8a94-66a4da66fe8d","firstParentID":"e24dcf94-9762-4a47-8a1f-d20778fa24e8","ID":"de6c85c0-f6af-496a-a095-ec67f818a6c8","childs":null,"emcosID":null,"emcosMLID":null,"WSName":"DB","rangeAddress":"$S$9:$S$46","headAddress":"$S$9","bodyAddress":"$S$10:$S$46","_name":"по счетчику"},"аскуэ":{"_level":2,"parentID":"4a07824a-cc23-4e78-8a94-66a4da66fe8d","firstParentID":"e24dcf94-9762-4a47-8a1f-d20778fa24e8","ID":"abdd1462-7147-4350-b43e-5bf4a0bd4be5","childs":null,"emcosID":null,"emcosMLID":null,"WSName":"DB","rangeAddress":"$T$9:$T$46","headAddress":"$T$9","bodyAddress":"$T$10:$T$46","_name":"аскуэ"}},"emcosID":287,"emcosMLID":385,"WSName":"DB","rangeAddress":"$N$8:$T$46","headAddress":"$N$8:$T$8","bodyAddress":"$N$9:$T$46","_name":"прием"},"отдача":{"_level":1,"parentID":"463b9caf-5fc4-4e5b-813f-0284de760847","firstParentID":"e24dcf94-9762-4a47-8a1f-d20778fa24e8","ID":"9321548c-265b-4472-88b7-213b1b2f2ed3","childs":{"код":{"_level":2,"parentID":"9321548c-265b-4472-88b7-213b1b2f2ed3","firstParentID":"e24dcf94-9762-4a47-8a1f-d20778fa24e8","ID":"c88b5320-7c46-469d-a3f0-ada78c51e6d3","childs":null,"emcosID":null,"emcosMLID":null,"WSName":"DB","rangeAddress":"$U$9:$U$46","headAddress":"$U$9","bodyAddress":"$U$10:$U$46","_name":"код"},"основное":{"_level":2,"parentID":"9321548c-265b-4472-88b7-213b1b2f2ed3","firstParentID":"e24dcf94-9762-4a47-8a1f-d20778fa24e8","ID":"d2c87dc7-c2db-4014-8a96-aca591b01566","childs":null,"emcosID":null,"emcosMLID":null,"WSName":"DB","rangeAddress":"$V$9:$V$46","headAddress":"$V$9","bodyAddress":"$V$10:$V$46","_name":"основное"},"корректировка факт":{"_level":2,"parentID":"9321548c-265b-4472-88b7-213b1b2f2ed3","firstParentID":"e24dcf94-9762-4a47-8a1f-d20778fa24e8","ID":"d09b2d80-0d96-43a5-b2ff-f79f1e7c9014","childs":null,"emcosID":null,"emcosMLID":null,"WSName":"DB","rangeAddress":"$W$9:$W$46","headAddress":"$W$9","bodyAddress":"$W$10:$W$46","_name":"корректировка факт"},"ручное":{"_level":2,"parentID":"9321548c-265b-4472-88b7-213b1b2f2ed3","firstParentID":"e24dcf94-9762-4a47-8a1f-d20778fa24e8","ID":"ae05bed0-b1a6-4337-a9c6-8df388194a59","childs":null,"emcosID":null,"emcosMLID":null,"WSName":"DB","rangeAddress":"$X$9:$X$46","headAddress":"$X$9","bodyAddress":"$X$10:$X$46","_name":"ручное"},"счетчик":{"_level":2,"parentID":"9321548c-265b-4472-88b7-213b1b2f2ed3","firstParentID":"e24dcf94-9762-4a47-8a1f-d20778fa24e8","ID":"e5bf1b8c-0a63-44a1-99a3-29c40788d013","childs":null,"emcosID":null,"emcosMLID":null,"WSName":"DB","rangeAddress":"$Y$9:$Y$46","headAddress":"$Y$9","bodyAddress":"$Y$10:$Y$46","_name":"счетчик"},"по счетчику":{"_level":2,"parentID":"9321548c-265b-4472-88b7-213b1b2f2ed3","firstParentID":"e24dcf94-9762-4a47-8a1f-d20778fa24e8","ID":"a1b3523a-736a-458c-8b37-b725ad0dcf14","childs":null,"emcosID":null,"emcosMLID":null,"WSName":"DB","rangeAddress":"$Z$9:$Z$46","headAddress":"$Z$9","bodyAddress":"$Z$10:$Z$46","_name":"по счетчику"},"аскуэ":{"_level":2,"parentID":"9321548c-265b-4472-88b7-213b1b2f2ed3","firstParentID":"e24dcf94-9762-4a47-8a1f-d20778fa24e8","ID":"af8162ed-f05b-4c7f-9881-28d7aaf1b291","childs":null,"emcosID":null,"emcosMLID":null,"WSName":"DB","rangeAddress":"$AA$9:$AA$46","headAddress":"$AA$9","bodyAddress":"$AA$10:$AA$46","_name":"аскуэ"}},"emcosID":287,"emcosMLID":386,"WSName":"DB","rangeAddress":"$U$8:$AA$46","headAddress":"$U$8:$AA$8","bodyAddress":"$U$9:$AA$46","_name":"отдача"}},"emcosID":null,"emcosMLID":null,"WSName":"DB","rangeAddress":"$N$7:$AA$46","headAddress":"$N$7:$AA$7","bodyAddress":"$N$8:$AA$46","_name":"Л2193 Алматы"}},"codPlan":null,"meterCoef":null,"_name":"Л2193 Алматы"}