{"ID":"19018615-3b68-4e93-8236-03b792ebbe93","childs":{"PS":{"_level":0,"parentID":"19018615-3b68-4e93-8236-03b792ebbe93","firstParentID":"19018615-3b68-4e93-8236-03b792ebbe93","ID":"0f28115a-f08d-4a9c-8e54-d88908de5f37","childs":{"прием":{"_level":1,"parentID":"0f28115a-f08d-4a9c-8e54-d88908de5f37","firstParentID":"19018615-3b68-4e93-8236-03b792ebbe93","ID":"576f7e50-8567-4aa8-9399-1afac0ff7ef5","childs":{"формула":{"_level":2,"parentID":"576f7e50-8567-4aa8-9399-1afac0ff7ef5","firstParentID":"19018615-3b68-4e93-8236-03b792ebbe93","ID":"9637b9cb-8bb3-44b0-9f5b-9ca21473ad8a","childs":null,"emcosID":null,"emcosMLID":null,"codMaketTEP":null,"codTEP":null,"WSName":"PS","rangeAddress":"$CJ$99:$CJ$135","headAddress":"$CJ$99","bodyAddress":"$CJ$100:$CJ$135","_name":"формула"}},"emcosID":null,"emcosMLID":null,"codMaketTEP":null,"codTEP":null,"WSName":"PS","rangeAddress":"$CJ$98:$CJ$135","headAddress":"$CJ$98","bodyAddress":"$CJ$99:$CJ$135","_name":"прием"}},"emcosID":null,"emcosMLID":null,"codMaketTEP":null,"codTEP":null,"WSName":"PS","rangeAddress":"$CJ$97:$CJ$135","headAddress":"$CJ$97","bodyAddress":"$CJ$98:$CJ$135","_name":"с.н. ПС152 Талдыкорган"},"DB":{"_level":0,"parentID":"19018615-3b68-4e93-8236-03b792ebbe93","firstParentID":"19018615-3b68-4e93-8236-03b792ebbe93","ID":"c41b64ce-e460-4420-8c87-2730964bb6b1","childs":{"прием":{"_level":1,"parentID":"c41b64ce-e460-4420-8c87-2730964bb6b1","firstParentID":"19018615-3b68-4e93-8236-03b792ebbe93","ID":"f494539a-8ab0-4813-9ada-2ebae72f641f","childs":{"код":{"_level":2,"parentID":"f494539a-8ab0-4813-9ada-2ebae72f641f","firstParentID":"19018615-3b68-4e93-8236-03b792ebbe93","ID":"cad76290-e513-4e95-bf8f-3a051ea99bee","childs":null,"emcosID":null,"emcosMLID":null,"codMaketTEP":null,"codTEP":null,"WSName":"DB","rangeAddress":"$GW$224:$GW$261","headAddress":"$GW$224","bodyAddress":"$GW$225:$GW$261","_name":"код"},"основное":{"_level":2,"parentID":"f494539a-8ab0-4813-9ada-2ebae72f641f","firstParentID":"19018615-3b68-4e93-8236-03b792ebbe93","ID":"269e852a-0211-4188-8d22-7eb1923f9baa","childs":null,"emcosID":null,"emcosMLID":null,"codMaketTEP":null,"codTEP":null,"WSName":"DB","rangeAddress":"$GX$224:$GX$261","headAddress":"$GX$224","bodyAddress":"$GX$225:$GX$261","_name":"основное"},"корректировка факт":{"_level":2,"parentID":"f494539a-8ab0-4813-9ada-2ebae72f641f","firstParentID":"19018615-3b68-4e93-8236-03b792ebbe93","ID":"7519495c-a090-4165-ad88-fc16f04ab927","childs":null,"emcosID":null,"emcosMLID":null,"codMaketTEP":null,"codTEP":null,"WSName":"DB","rangeAddress":"$GY$224:$GY$261","headAddress":"$GY$224","bodyAddress":"$GY$225:$GY$261","_name":"корректировка факт"},"ручное":{"_level":2,"parentID":"f494539a-8ab0-4813-9ada-2ebae72f641f","firstParentID":"19018615-3b68-4e93-8236-03b792ebbe93","ID":"851fa365-a09a-49e1-b139-e7f7728725ad","childs":null,"emcosID":null,"emcosMLID":null,"codMaketTEP":null,"codTEP":null,"WSName":"DB","rangeAddress":"$GZ$224:$GZ$261","headAddress":"$GZ$224","bodyAddress":"$GZ$225:$GZ$261","_name":"ручное"},"формула":{"_level":2,"parentID":"f494539a-8ab0-4813-9ada-2ebae72f641f","firstParentID":"19018615-3b68-4e93-8236-03b792ebbe93","ID":"957f2fa7-7ccf-41dd-9e3f-ffe95090ccc7","childs":null,"emcosID":null,"emcosMLID":null,"codMaketTEP":null,"codTEP":null,"WSName":"DB","rangeAddress":"$HA$224:$HA$261","headAddress":"$HA$224","bodyAddress":"$HA$225:$HA$261","_name":"формула"}},"emcosID":null,"emcosMLID":null,"codMaketTEP":null,"codTEP":null,"WSName":"DB","rangeAddress":"$GW$223:$HA$261","headAddress":"$GW$223:$HA$223","bodyAddress":"$GW$224:$HA$261","_name":"прием"}},"emcosID":null,"emcosMLID":null,"codMaketTEP":null,"codTEP":null,"WSName":"DB","rangeAddress":"$GW$222:$HA$261","headAddress":"$GW$222:$HA$222","bodyAddress":"$GW$223:$HA$261","_name":"с.н. ПС152 Талдыкорган"}},"codPlan":null,"meterCoef":null,"_name":"с.н. ПС152 Талдыкорган"}