{"ID":"211e2151-8aa9-46c8-b50f-27d7e53ceeaf","childs":{"PS":{"_level":0,"parentID":"211e2151-8aa9-46c8-b50f-27d7e53ceeaf","firstParentID":"211e2151-8aa9-46c8-b50f-27d7e53ceeaf","ID":"ca305b55-b8a1-4b71-b580-f74f8de9385d","childs":{"прием":{"_level":1,"parentID":"ca305b55-b8a1-4b71-b580-f74f8de9385d","firstParentID":"211e2151-8aa9-46c8-b50f-27d7e53ceeaf","ID":"e0f1f70d-5f64-491f-b7f1-e3f6caf1e99b","childs":{"формула":{"_level":2,"parentID":"e0f1f70d-5f64-491f-b7f1-e3f6caf1e99b","firstParentID":"211e2151-8aa9-46c8-b50f-27d7e53ceeaf","ID":"19329987-a3cb-480b-ab63-94782a9705ee","childs":null,"emcosID":null,"emcosMLID":null,"codMaketTEP":null,"codTEP":null,"WSName":"PS","rangeAddress":"$Y$185:$Y$221","headAddress":"$Y$185","bodyAddress":"$Y$186:$Y$221","_name":"формула"}},"emcosID":null,"emcosMLID":null,"codMaketTEP":null,"codTEP":null,"WSName":"PS","rangeAddress":"$Y$184:$Y$221","headAddress":"$Y$184","bodyAddress":"$Y$185:$Y$221","_name":"прием"}},"emcosID":null,"emcosMLID":null,"codMaketTEP":null,"codTEP":null,"WSName":"PS","rangeAddress":"$Y$183:$Y$221","headAddress":"$Y$183","bodyAddress":"$Y$184:$Y$221","_name":"Грузовые перевозки в границах АЖК КТЖ Алматы"},"DB":{"_level":0,"parentID":"211e2151-8aa9-46c8-b50f-27d7e53ceeaf","firstParentID":"211e2151-8aa9-46c8-b50f-27d7e53ceeaf","ID":"05c83d60-3d89-4a32-944f-fd9fa1d225df","childs":{"прием":{"_level":1,"parentID":"05c83d60-3d89-4a32-944f-fd9fa1d225df","firstParentID":"211e2151-8aa9-46c8-b50f-27d7e53ceeaf","ID":"085002d8-7178-4df0-9b9f-fd2830e43126","childs":{"код":{"_level":2,"parentID":"085002d8-7178-4df0-9b9f-fd2830e43126","firstParentID":"211e2151-8aa9-46c8-b50f-27d7e53ceeaf","ID":"df2e98f9-e486-487d-82c5-37b0f02bedf1","childs":null,"emcosID":null,"emcosMLID":null,"codMaketTEP":null,"codTEP":null,"WSName":"DB","rangeAddress":"$T$396:$T$433","headAddress":"$T$396","bodyAddress":"$T$397:$T$433","_name":"код"},"основное":{"_level":2,"parentID":"085002d8-7178-4df0-9b9f-fd2830e43126","firstParentID":"211e2151-8aa9-46c8-b50f-27d7e53ceeaf","ID":"d8ad87f7-2761-4f13-a43f-20b7cd5f2569","childs":null,"emcosID":null,"emcosMLID":null,"codMaketTEP":null,"codTEP":null,"WSName":"DB","rangeAddress":"$U$396:$U$433","headAddress":"$U$396","bodyAddress":"$U$397:$U$433","_name":"основное"},"корректировка факт":{"_level":2,"parentID":"085002d8-7178-4df0-9b9f-fd2830e43126","firstParentID":"211e2151-8aa9-46c8-b50f-27d7e53ceeaf","ID":"5096bd66-febb-4bca-84f9-e1c3b0144597","childs":null,"emcosID":null,"emcosMLID":null,"codMaketTEP":null,"codTEP":null,"WSName":"DB","rangeAddress":"$V$396:$V$433","headAddress":"$V$396","bodyAddress":"$V$397:$V$433","_name":"корректировка факт"},"ручное":{"_level":2,"parentID":"085002d8-7178-4df0-9b9f-fd2830e43126","firstParentID":"211e2151-8aa9-46c8-b50f-27d7e53ceeaf","ID":"6a6780d0-639b-47a1-9ca8-ef56b14268d9","childs":null,"emcosID":null,"emcosMLID":null,"codMaketTEP":null,"codTEP":null,"WSName":"DB","rangeAddress":"$W$396:$W$433","headAddress":"$W$396","bodyAddress":"$W$397:$W$433","_name":"ручное"},"формула":{"_level":2,"parentID":"085002d8-7178-4df0-9b9f-fd2830e43126","firstParentID":"211e2151-8aa9-46c8-b50f-27d7e53ceeaf","ID":"5ccf208a-d0bb-4589-842d-cef4bb1e7113","childs":null,"emcosID":null,"emcosMLID":null,"codMaketTEP":null,"codTEP":null,"WSName":"DB","rangeAddress":"$X$396:$X$433","headAddress":"$X$396","bodyAddress":"$X$397:$X$433","_name":"формула"}},"emcosID":null,"emcosMLID":null,"codMaketTEP":null,"codTEP":null,"WSName":"DB","rangeAddress":"$T$395:$X$433","headAddress":"$T$395:$X$395","bodyAddress":"$T$396:$X$433","_name":"прием"}},"emcosID":null,"emcosMLID":null,"codMaketTEP":null,"codTEP":null,"WSName":"DB","rangeAddress":"$T$394:$X$433","headAddress":"$T$394:$X$394","bodyAddress":"$T$395:$X$433","_name":"Грузовые перевозки в границах АЖК КТЖ Алматы"}},"codPlan":null,"meterCoef":null,"_name":"Грузовые перевозки в границах АЖК КТЖ Алматы"}