{"ID":"4672f91b-0e33-4eb4-a42c-3e876a49fbd2","childs":{"PS":{"_level":0,"parentID":"4672f91b-0e33-4eb4-a42c-3e876a49fbd2","firstParentID":"4672f91b-0e33-4eb4-a42c-3e876a49fbd2","ID":"08607ee1-93d8-4ca7-bc9d-a03c2a43d804","childs":{"прием":{"_level":1,"parentID":"08607ee1-93d8-4ca7-bc9d-a03c2a43d804","firstParentID":"4672f91b-0e33-4eb4-a42c-3e876a49fbd2","ID":"b9c7c3b1-d790-41d4-833e-4b2f724e8e0b","childs":{"ручное":{"_level":2,"parentID":"b9c7c3b1-d790-41d4-833e-4b2f724e8e0b","firstParentID":"4672f91b-0e33-4eb4-a42c-3e876a49fbd2","ID":"9303c031-631e-482e-ac13-a609bc3eaa89","childs":null,"emcosID":null,"emcosMLID":null,"codMaketTEP":null,"codTEP":null,"WSName":"PS","rangeAddress":"$KY$99:$KY$135","headAddress":"$KY$99","bodyAddress":"$KY$100:$KY$135","_name":"ручное"}},"emcosID":null,"emcosMLID":null,"codMaketTEP":null,"codTEP":null,"WSName":"PS","rangeAddress":"$KY$98:$KY$135","headAddress":"$KY$98","bodyAddress":"$KY$99:$KY$135","_name":"прием"}},"emcosID":null,"emcosMLID":null,"codMaketTEP":null,"codTEP":null,"WSName":"PS","rangeAddress":"$KY$97:$KY$135","headAddress":"$KY$97","bodyAddress":"$KY$98:$KY$135","_name":"ТП2 Кияхты тяга"},"DB":{"_level":0,"parentID":"4672f91b-0e33-4eb4-a42c-3e876a49fbd2","firstParentID":"4672f91b-0e33-4eb4-a42c-3e876a49fbd2","ID":"13ab0ed5-4971-4018-bb46-60eef818541a","childs":{"прием":{"_level":1,"parentID":"13ab0ed5-4971-4018-bb46-60eef818541a","firstParentID":"4672f91b-0e33-4eb4-a42c-3e876a49fbd2","ID":"d0f72ad5-ecc5-47e6-b63c-8b7c11dc5c2e","childs":{"код":{"_level":2,"parentID":"d0f72ad5-ecc5-47e6-b63c-8b7c11dc5c2e","firstParentID":"4672f91b-0e33-4eb4-a42c-3e876a49fbd2","ID":"70719e24-4b42-4b74-a8be-a580da910d97","childs":null,"emcosID":null,"emcosMLID":null,"codMaketTEP":null,"codTEP":null,"WSName":"DB","rangeAddress":"$AN$353:$AN$390","headAddress":"$AN$353","bodyAddress":"$AN$354:$AN$390","_name":"код"},"основное":{"_level":2,"parentID":"d0f72ad5-ecc5-47e6-b63c-8b7c11dc5c2e","firstParentID":"4672f91b-0e33-4eb4-a42c-3e876a49fbd2","ID":"b687c818-6659-4405-ad14-334e8bf8754a","childs":null,"emcosID":null,"emcosMLID":null,"codMaketTEP":null,"codTEP":null,"WSName":"DB","rangeAddress":"$AO$353:$AO$390","headAddress":"$AO$353","bodyAddress":"$AO$354:$AO$390","_name":"основное"},"корректировка факт":{"_level":2,"parentID":"d0f72ad5-ecc5-47e6-b63c-8b7c11dc5c2e","firstParentID":"4672f91b-0e33-4eb4-a42c-3e876a49fbd2","ID":"fa706ec3-beda-48c1-b307-d27e825ce657","childs":null,"emcosID":null,"emcosMLID":null,"codMaketTEP":null,"codTEP":null,"WSName":"DB","rangeAddress":"$AP$353:$AP$390","headAddress":"$AP$353","bodyAddress":"$AP$354:$AP$390","_name":"корректировка факт"},"ручное":{"_level":2,"parentID":"d0f72ad5-ecc5-47e6-b63c-8b7c11dc5c2e","firstParentID":"4672f91b-0e33-4eb4-a42c-3e876a49fbd2","ID":"29c92ce2-a252-4243-91c7-a48c327a79de","childs":null,"emcosID":null,"emcosMLID":null,"codMaketTEP":null,"codTEP":null,"WSName":"DB","rangeAddress":"$AQ$353:$AQ$390","headAddress":"$AQ$353","bodyAddress":"$AQ$354:$AQ$390","_name":"ручное"}},"emcosID":null,"emcosMLID":null,"codMaketTEP":null,"codTEP":null,"WSName":"DB","rangeAddress":"$AN$352:$AQ$390","headAddress":"$AN$352:$AQ$352","bodyAddress":"$AN$353:$AQ$390","_name":"прием"}},"emcosID":null,"emcosMLID":null,"codMaketTEP":null,"codTEP":null,"WSName":"DB","rangeAddress":"$AN$351:$AQ$390","headAddress":"$AN$351:$AQ$351","bodyAddress":"$AN$352:$AQ$390","_name":"ТП2 Кияхты тяга"}},"codPlan":null,"meterCoef":null,"_name":"ТП2 Кияхты тяга"}