[{"text":"АТЭЦ1 АлЭС отдача","ID":"82794e45-4d69-4871-a36e-6df669c3f93e","type":0},{"text":"+","ID":null,"type":2},{"text":"АТЭЦ2 АлЭС отдача","ID":"f3b93e60-bdb2-42a1-a32f-d54378c8331f","type":0},{"text":"+","ID":null,"type":2},{"text":"АТЭЦ3 АлЭС отдача","ID":"ac1a4e3f-ad6c-46d0-ae95-7d135e55dc14","type":0},{"text":"+","ID":null,"type":2},{"text":"Каскад ГЭС АлЭС отдача","ID":"5d95f4f8-3736-4b36-a83c-1e4ff98d8e21","type":0},{"text":"+","ID":null,"type":2},{"text":"Генерация КазНИИ Чокина и Эетысу Энерго Караш отдача","ID":"b98e850f-0031-484d-9645-7e21ab18df53","type":0},{"text":"+","ID":null,"type":2},{"text":"Генерация Almaty Engineering Талгарская ГЭС отдача","ID":"c6d4ddb2-46af-43d3-a53a-155301132bd5","type":0},{"text":"+","ID":null,"type":2},{"text":"Генерация ВИЭ Алматы отдача","ID":"8d297bf2-77a6-4b6f-ba8f-2afa296b7844","type":0},{"text":"-","ID":null,"type":2},{"text":"Генерация Eneverse Kunkuat СЭС Капшагай 100 отдача","ID":"ad9f0c85-a3d6-4cf7-a0b7-c5c57d1c0e3c","type":0},{"text":"-","ID":null,"type":2},{"text":"Генерация M Kat Green СЭС Шу 100 отдача","ID":"21c8e967-fa81-49ee-a0c2-878da9526a3b","type":0},{"text":"-","ID":null,"type":2},{"text":"Генерация Mistral Energy СЭС Каскелен 50 отдача","ID":"cd770eee-b14a-4144-869a-d4f8fd422a8d","type":0}]