{"ID":"09d4111c-5fd8-4346-917a-846bef2843ff","childs":{"PS":{"_level":0,"parentID":"09d4111c-5fd8-4346-917a-846bef2843ff","firstParentID":"09d4111c-5fd8-4346-917a-846bef2843ff","ID":"4b96fa66-f11e-4dc4-b57f-d806f6f56338","childs":{"прием":{"_level":1,"parentID":"4b96fa66-f11e-4dc4-b57f-d806f6f56338","firstParentID":"09d4111c-5fd8-4346-917a-846bef2843ff","ID":"2e8f2d02-03d3-4f55-9a70-30213b6f31e0","childs":{"по счетчику":{"_level":2,"parentID":"2e8f2d02-03d3-4f55-9a70-30213b6f31e0","firstParentID":"09d4111c-5fd8-4346-917a-846bef2843ff","ID":"2c089a75-b1c1-45ff-b73b-7489aab503a0","childs":null,"emcosID":null,"emcosMLID":null,"codMaketTEP":null,"codTEP":null,"WSName":"PS","rangeAddress":"$DG$56:$DG$92","headAddress":"$DG$56","bodyAddress":"$DG$57:$DG$92","_name":"по счетчику"}},"emcosID":null,"emcosMLID":null,"codMaketTEP":null,"codTEP":null,"WSName":"PS","rangeAddress":"$DG$55:$DG$92","headAddress":"$DG$55","bodyAddress":"$DG$56:$DG$92","_name":"прием"},"отдача":{"_level":1,"parentID":"4b96fa66-f11e-4dc4-b57f-d806f6f56338","firstParentID":"09d4111c-5fd8-4346-917a-846bef2843ff","ID":"150bbcfc-7ee7-4588-9c9a-e7f85fe59c42","childs":{"по счетчику":{"_level":2,"parentID":"150bbcfc-7ee7-4588-9c9a-e7f85fe59c42","firstParentID":"09d4111c-5fd8-4346-917a-846bef2843ff","ID":"5dc693d1-34f6-4116-8aa6-10744eccc422","childs":null,"emcosID":null,"emcosMLID":null,"codMaketTEP":null,"codTEP":null,"WSName":"PS","rangeAddress":"$DH$56:$DH$92","headAddress":"$DH$56","bodyAddress":"$DH$57:$DH$92","_name":"по счетчику"}},"emcosID":null,"emcosMLID":null,"codMaketTEP":null,"codTEP":null,"WSName":"PS","rangeAddress":"$DH$55:$DH$92","headAddress":"$DH$55","bodyAddress":"$DH$56:$DH$92","_name":"отдача"}},"emcosID":null,"emcosMLID":null,"codMaketTEP":null,"codTEP":null,"WSName":"PS","rangeAddress":"$DG$54:$DH$92","headAddress":"$DG$54:$DH$54","bodyAddress":"$DG$55:$DH$92","_name":"Л5413 Алма"},"DB":{"_level":0,"parentID":"09d4111c-5fd8-4346-917a-846bef2843ff","firstParentID":"09d4111c-5fd8-4346-917a-846bef2843ff","ID":"02f4c081-d764-485e-80cb-1ec1122e079a","childs":{"прием":{"_level":1,"parentID":"02f4c081-d764-485e-80cb-1ec1122e079a","firstParentID":"09d4111c-5fd8-4346-917a-846bef2843ff","ID":"45d5fa48-6dad-4cb8-b29c-8e69ac80392d","childs":{"код":{"_level":2,"parentID":"45d5fa48-6dad-4cb8-b29c-8e69ac80392d","firstParentID":"09d4111c-5fd8-4346-917a-846bef2843ff","ID":"02085ba3-5d85-4ead-937c-92f3b8a6eab5","childs":null,"emcosID":null,"emcosMLID":null,"codMaketTEP":null,"codTEP":null,"WSName":"DB","rangeAddress":"$IU$52:$IU$89","headAddress":"$IU$52","bodyAddress":"$IU$53:$IU$89","_name":"код"},"основное":{"_level":2,"parentID":"45d5fa48-6dad-4cb8-b29c-8e69ac80392d","firstParentID":"09d4111c-5fd8-4346-917a-846bef2843ff","ID":"85827122-0050-44a2-88d9-8e460a3e6892","childs":null,"emcosID":null,"emcosMLID":null,"codMaketTEP":null,"codTEP":null,"WSName":"DB","rangeAddress":"$IV$52:$IV$89","headAddress":"$IV$52","bodyAddress":"$IV$53:$IV$89","_name":"основное"},"корректировка факт":{"_level":2,"parentID":"45d5fa48-6dad-4cb8-b29c-8e69ac80392d","firstParentID":"09d4111c-5fd8-4346-917a-846bef2843ff","ID":"c0c4eb64-5335-427a-8565-0582828dc227","childs":null,"emcosID":null,"emcosMLID":null,"codMaketTEP":null,"codTEP":null,"WSName":"DB","rangeAddress":"$IW$52:$IW$89","headAddress":"$IW$52","bodyAddress":"$IW$53:$IW$89","_name":"корректировка факт"},"ручное":{"_level":2,"parentID":"45d5fa48-6dad-4cb8-b29c-8e69ac80392d","firstParentID":"09d4111c-5fd8-4346-917a-846bef2843ff","ID":"25bce5aa-d66f-4fdc-ba4d-8d8f351fcd8a","childs":null,"emcosID":null,"emcosMLID":null,"codMaketTEP":null,"codTEP":null,"WSName":"DB","rangeAddress":"$IX$52:$IX$89","headAddress":"$IX$52","bodyAddress":"$IX$53:$IX$89","_name":"ручное"},"счетчик":{"_level":2,"parentID":"45d5fa48-6dad-4cb8-b29c-8e69ac80392d","firstParentID":"09d4111c-5fd8-4346-917a-846bef2843ff","ID":"f04cfff4-3f5f-44f1-8a3a-98eff80b36c4","childs":null,"emcosID":null,"emcosMLID":null,"codMaketTEP":null,"codTEP":null,"WSName":"DB","rangeAddress":"$IY$52:$IY$89","headAddress":"$IY$52","bodyAddress":"$IY$53:$IY$89","_name":"счетчик"},"по счетчику":{"_level":2,"parentID":"45d5fa48-6dad-4cb8-b29c-8e69ac80392d","firstParentID":"09d4111c-5fd8-4346-917a-846bef2843ff","ID":"a0cd419f-8876-4da2-91ea-ef5eb0944236","childs":null,"emcosID":null,"emcosMLID":null,"codMaketTEP":null,"codTEP":null,"WSName":"DB","rangeAddress":"$IZ$52:$IZ$89","headAddress":"$IZ$52","bodyAddress":"$IZ$53:$IZ$89","_name":"по счетчику"}},"emcosID":null,"emcosMLID":null,"codMaketTEP":null,"codTEP":null,"WSName":"DB","rangeAddress":"$IU$51:$IZ$89","headAddress":"$IU$51:$IZ$51","bodyAddress":"$IU$52:$IZ$89","_name":"прием"},"отдача":{"_level":1,"parentID":"02f4c081-d764-485e-80cb-1ec1122e079a","firstParentID":"09d4111c-5fd8-4346-917a-846bef2843ff","ID":"41adf158-fd8e-453d-9bfe-f999d05f7215","childs":{"код":{"_level":2,"parentID":"41adf158-fd8e-453d-9bfe-f999d05f7215","firstParentID":"09d4111c-5fd8-4346-917a-846bef2843ff","ID":"b99ed4bb-83c8-40c4-bf8c-8672b524ae8a","childs":null,"emcosID":null,"emcosMLID":null,"codMaketTEP":null,"codTEP":null,"WSName":"DB","rangeAddress":"$JA$52:$JA$89","headAddress":"$JA$52","bodyAddress":"$JA$53:$JA$89","_name":"код"},"основное":{"_level":2,"parentID":"41adf158-fd8e-453d-9bfe-f999d05f7215","firstParentID":"09d4111c-5fd8-4346-917a-846bef2843ff","ID":"b171d283-611b-48e7-947f-de82bff1f789","childs":null,"emcosID":null,"emcosMLID":null,"codMaketTEP":null,"codTEP":null,"WSName":"DB","rangeAddress":"$JB$52:$JB$89","headAddress":"$JB$52","bodyAddress":"$JB$53:$JB$89","_name":"основное"},"корректировка факт":{"_level":2,"parentID":"41adf158-fd8e-453d-9bfe-f999d05f7215","firstParentID":"09d4111c-5fd8-4346-917a-846bef2843ff","ID":"2ae3c68c-c761-4d59-a49a-653ecc8e57cf","childs":null,"emcosID":null,"emcosMLID":null,"codMaketTEP":null,"codTEP":null,"WSName":"DB","rangeAddress":"$JC$52:$JC$89","headAddress":"$JC$52","bodyAddress":"$JC$53:$JC$89","_name":"корректировка факт"},"ручное":{"_level":2,"parentID":"41adf158-fd8e-453d-9bfe-f999d05f7215","firstParentID":"09d4111c-5fd8-4346-917a-846bef2843ff","ID":"8db198c4-85a4-4e9b-b4f5-222427c80832","childs":null,"emcosID":null,"emcosMLID":null,"codMaketTEP":null,"codTEP":null,"WSName":"DB","rangeAddress":"$JD$52:$JD$89","headAddress":"$JD$52","bodyAddress":"$JD$53:$JD$89","_name":"ручное"},"счетчик":{"_level":2,"parentID":"41adf158-fd8e-453d-9bfe-f999d05f7215","firstParentID":"09d4111c-5fd8-4346-917a-846bef2843ff","ID":"73a60825-1c26-477e-b1fd-2b72d548d3ad","childs":null,"emcosID":null,"emcosMLID":null,"codMaketTEP":null,"codTEP":null,"WSName":"DB","rangeAddress":"$JE$52:$JE$89","headAddress":"$JE$52","bodyAddress":"$JE$53:$JE$89","_name":"счетчик"},"по счетчику":{"_level":2,"parentID":"41adf158-fd8e-453d-9bfe-f999d05f7215","firstParentID":"09d4111c-5fd8-4346-917a-846bef2843ff","ID":"9497987c-4353-44fa-b424-b1615766dc2a","childs":null,"emcosID":null,"emcosMLID":null,"codMaketTEP":null,"codTEP":null,"WSName":"DB","rangeAddress":"$JF$52:$JF$89","headAddress":"$JF$52","bodyAddress":"$JF$53:$JF$89","_name":"по счетчику"}},"emcosID":null,"emcosMLID":null,"codMaketTEP":null,"codTEP":null,"WSName":"DB","rangeAddress":"$JA$51:$JF$89","headAddress":"$JA$51:$JF$51","bodyAddress":"$JA$52:$JF$89","_name":"отдача"}},"emcosID":null,"emcosMLID":null,"codMaketTEP":null,"codTEP":null,"WSName":"DB","rangeAddress":"$IU$50:$JF$89","headAddress":"$IU$50:$JF$50","bodyAddress":"$IU$51:$JF$89","_name":"Л5413 Алма"}},"codPlan":null,"meterCoef":null,"_name":"Л5413 Алма"}