{"ID":"0a6d0332-288d-4326-8859-5d8c6ded3593","childs":{"PS":{"_level":0,"parentID":"0a6d0332-288d-4326-8859-5d8c6ded3593","firstParentID":"0a6d0332-288d-4326-8859-5d8c6ded3593","ID":"ce4235f4-3b7d-4153-9564-15fe1540f9c7","childs":{"прием":{"_level":1,"parentID":"ce4235f4-3b7d-4153-9564-15fe1540f9c7","firstParentID":"0a6d0332-288d-4326-8859-5d8c6ded3593","ID":"332b4f55-2e24-404a-818c-d5fa69272198","childs":{"по счетчику":{"_level":2,"parentID":"332b4f55-2e24-404a-818c-d5fa69272198","firstParentID":"0a6d0332-288d-4326-8859-5d8c6ded3593","ID":"f0f56475-8aac-4d62-9786-0e5a30ea0582","childs":null,"emcosID":null,"emcosMLID":null,"codMaketTEP":null,"codTEP":null,"WSName":"PS","rangeAddress":"$W$99:$W$135","headAddress":"$W$99","bodyAddress":"$W$100:$W$135","_name":"по счетчику"}},"emcosID":null,"emcosMLID":null,"codMaketTEP":null,"codTEP":null,"WSName":"PS","rangeAddress":"$W$98:$W$135","headAddress":"$W$98","bodyAddress":"$W$99:$W$135","_name":"прием"},"отдача":{"_level":1,"parentID":"ce4235f4-3b7d-4153-9564-15fe1540f9c7","firstParentID":"0a6d0332-288d-4326-8859-5d8c6ded3593","ID":"5a272195-e61f-41a5-9d3a-0d2f2b340575","childs":{"по счетчику":{"_level":2,"parentID":"5a272195-e61f-41a5-9d3a-0d2f2b340575","firstParentID":"0a6d0332-288d-4326-8859-5d8c6ded3593","ID":"d82b5ad6-a793-43df-80a8-61a635886a5d","childs":null,"emcosID":null,"emcosMLID":null,"codMaketTEP":null,"codTEP":null,"WSName":"PS","rangeAddress":"$X$99:$X$135","headAddress":"$X$99","bodyAddress":"$X$100:$X$135","_name":"по счетчику"}},"emcosID":null,"emcosMLID":null,"codMaketTEP":null,"codTEP":null,"WSName":"PS","rangeAddress":"$X$98:$X$135","headAddress":"$X$98","bodyAddress":"$X$99:$X$135","_name":"отдача"}},"emcosID":null,"emcosMLID":null,"codMaketTEP":null,"codTEP":null,"WSName":"PS","rangeAddress":"$W$97:$X$135","headAddress":"$W$97:$X$97","bodyAddress":"$W$98:$X$135","_name":"Л2393 ОРУ 220 МГЭС"},"DB":{"_level":0,"parentID":"0a6d0332-288d-4326-8859-5d8c6ded3593","firstParentID":"0a6d0332-288d-4326-8859-5d8c6ded3593","ID":"168e291f-5f78-4f81-b40c-be5d6f211045","childs":{"прием":{"_level":1,"parentID":"168e291f-5f78-4f81-b40c-be5d6f211045","firstParentID":"0a6d0332-288d-4326-8859-5d8c6ded3593","ID":"2e902e16-0434-4e06-b2a2-46a2c6c34618","childs":{"код":{"_level":2,"parentID":"2e902e16-0434-4e06-b2a2-46a2c6c34618","firstParentID":"0a6d0332-288d-4326-8859-5d8c6ded3593","ID":"c87db47c-c8fe-4ae3-8275-5da3547aba0f","childs":null,"emcosID":null,"emcosMLID":null,"codMaketTEP":null,"codTEP":null,"WSName":"DB","rangeAddress":"$EM$353:$EM$390","headAddress":"$EM$353","bodyAddress":"$EM$354:$EM$390","_name":"код"},"основное":{"_level":2,"parentID":"2e902e16-0434-4e06-b2a2-46a2c6c34618","firstParentID":"0a6d0332-288d-4326-8859-5d8c6ded3593","ID":"296f1f7f-6d3f-4664-8369-54a22ae6df54","childs":null,"emcosID":null,"emcosMLID":null,"codMaketTEP":null,"codTEP":null,"WSName":"DB","rangeAddress":"$EN$353:$EN$390","headAddress":"$EN$353","bodyAddress":"$EN$354:$EN$390","_name":"основное"},"корректировка факт":{"_level":2,"parentID":"2e902e16-0434-4e06-b2a2-46a2c6c34618","firstParentID":"0a6d0332-288d-4326-8859-5d8c6ded3593","ID":"1c5e6746-cbc4-4093-bf01-483ead24f738","childs":null,"emcosID":null,"emcosMLID":null,"codMaketTEP":null,"codTEP":null,"WSName":"DB","rangeAddress":"$EO$353:$EO$390","headAddress":"$EO$353","bodyAddress":"$EO$354:$EO$390","_name":"корректировка факт"},"ручное":{"_level":2,"parentID":"2e902e16-0434-4e06-b2a2-46a2c6c34618","firstParentID":"0a6d0332-288d-4326-8859-5d8c6ded3593","ID":"4a4e914f-f3a2-4e80-a97c-38116c4a2af6","childs":null,"emcosID":null,"emcosMLID":null,"codMaketTEP":null,"codTEP":null,"WSName":"DB","rangeAddress":"$EP$353:$EP$390","headAddress":"$EP$353","bodyAddress":"$EP$354:$EP$390","_name":"ручное"},"счетчик":{"_level":2,"parentID":"2e902e16-0434-4e06-b2a2-46a2c6c34618","firstParentID":"0a6d0332-288d-4326-8859-5d8c6ded3593","ID":"9deaa374-3e23-4726-ba3d-6804b8e7b25f","childs":null,"emcosID":null,"emcosMLID":null,"codMaketTEP":null,"codTEP":null,"WSName":"DB","rangeAddress":"$EQ$353:$EQ$390","headAddress":"$EQ$353","bodyAddress":"$EQ$354:$EQ$390","_name":"счетчик"},"по счетчику":{"_level":2,"parentID":"2e902e16-0434-4e06-b2a2-46a2c6c34618","firstParentID":"0a6d0332-288d-4326-8859-5d8c6ded3593","ID":"21949f2f-e9eb-4a79-a51d-658e1048d581","childs":null,"emcosID":null,"emcosMLID":null,"codMaketTEP":null,"codTEP":null,"WSName":"DB","rangeAddress":"$ER$353:$ER$390","headAddress":"$ER$353","bodyAddress":"$ER$354:$ER$390","_name":"по счетчику"}},"emcosID":null,"emcosMLID":null,"codMaketTEP":null,"codTEP":null,"WSName":"DB","rangeAddress":"$EM$352:$ER$390","headAddress":"$EM$352:$ER$352","bodyAddress":"$EM$353:$ER$390","_name":"прием"},"отдача":{"_level":1,"parentID":"168e291f-5f78-4f81-b40c-be5d6f211045","firstParentID":"0a6d0332-288d-4326-8859-5d8c6ded3593","ID":"16b772d2-509c-47a5-ad8d-90cd6392f579","childs":{"код":{"_level":2,"parentID":"16b772d2-509c-47a5-ad8d-90cd6392f579","firstParentID":"0a6d0332-288d-4326-8859-5d8c6ded3593","ID":"9c220632-8242-46f8-aeed-3605c23f9cfe","childs":null,"emcosID":null,"emcosMLID":null,"codMaketTEP":null,"codTEP":null,"WSName":"DB","rangeAddress":"$ES$353:$ES$390","headAddress":"$ES$353","bodyAddress":"$ES$354:$ES$390","_name":"код"},"основное":{"_level":2,"parentID":"16b772d2-509c-47a5-ad8d-90cd6392f579","firstParentID":"0a6d0332-288d-4326-8859-5d8c6ded3593","ID":"df1ed773-942c-43f1-a367-09156709eba1","childs":null,"emcosID":null,"emcosMLID":null,"codMaketTEP":null,"codTEP":null,"WSName":"DB","rangeAddress":"$ET$353:$ET$390","headAddress":"$ET$353","bodyAddress":"$ET$354:$ET$390","_name":"основное"},"корректировка факт":{"_level":2,"parentID":"16b772d2-509c-47a5-ad8d-90cd6392f579","firstParentID":"0a6d0332-288d-4326-8859-5d8c6ded3593","ID":"f9d0f5d0-e9c9-445e-9f1a-8094c142e881","childs":null,"emcosID":null,"emcosMLID":null,"codMaketTEP":null,"codTEP":null,"WSName":"DB","rangeAddress":"$EU$353:$EU$390","headAddress":"$EU$353","bodyAddress":"$EU$354:$EU$390","_name":"корректировка факт"},"ручное":{"_level":2,"parentID":"16b772d2-509c-47a5-ad8d-90cd6392f579","firstParentID":"0a6d0332-288d-4326-8859-5d8c6ded3593","ID":"e0d631ce-b242-4b2e-95d6-0631e8eb1736","childs":null,"emcosID":null,"emcosMLID":null,"codMaketTEP":null,"codTEP":null,"WSName":"DB","rangeAddress":"$EV$353:$EV$390","headAddress":"$EV$353","bodyAddress":"$EV$354:$EV$390","_name":"ручное"},"счетчик":{"_level":2,"parentID":"16b772d2-509c-47a5-ad8d-90cd6392f579","firstParentID":"0a6d0332-288d-4326-8859-5d8c6ded3593","ID":"3dafc54c-dc8d-4174-a59d-26d425e466e5","childs":null,"emcosID":null,"emcosMLID":null,"codMaketTEP":null,"codTEP":null,"WSName":"DB","rangeAddress":"$EW$353:$EW$390","headAddress":"$EW$353","bodyAddress":"$EW$354:$EW$390","_name":"счетчик"},"по счетчику":{"_level":2,"parentID":"16b772d2-509c-47a5-ad8d-90cd6392f579","firstParentID":"0a6d0332-288d-4326-8859-5d8c6ded3593","ID":"a66811fe-8749-4eaa-bdbd-c4582ef77ffa","childs":null,"emcosID":null,"emcosMLID":null,"codMaketTEP":null,"codTEP":null,"WSName":"DB","rangeAddress":"$EX$353:$EX$390","headAddress":"$EX$353","bodyAddress":"$EX$354:$EX$390","_name":"по счетчику"}},"emcosID":null,"emcosMLID":null,"codMaketTEP":null,"codTEP":null,"WSName":"DB","rangeAddress":"$ES$352:$EX$390","headAddress":"$ES$352:$EX$352","bodyAddress":"$ES$353:$EX$390","_name":"отдача"}},"emcosID":null,"emcosMLID":null,"codMaketTEP":null,"codTEP":null,"WSName":"DB","rangeAddress":"$EM$351:$EX$390","headAddress":"$EM$351:$EX$351","bodyAddress":"$EM$352:$EX$390","_name":"Л2393 ОРУ 220 МГЭС"}},"codPlan":null,"meterCoef":null,"_name":"Л2393 ОРУ 220 МГЭС"}