{"ID":"1de9d9f8-1804-45d3-ad90-ef7995a8ddca","childs":{"PS":{"_level":0,"parentID":"1de9d9f8-1804-45d3-ad90-ef7995a8ddca","firstParentID":"1de9d9f8-1804-45d3-ad90-ef7995a8ddca","ID":"de5853e8-f05e-42e8-a4fe-f1dbe1458ca9","childs":{"прием":{"_level":1,"parentID":"de5853e8-f05e-42e8-a4fe-f1dbe1458ca9","firstParentID":"1de9d9f8-1804-45d3-ad90-ef7995a8ddca","ID":"5721ba7f-ac11-4e8b-ba22-f73be39e0650","childs":{"ручное":{"_level":2,"parentID":"5721ba7f-ac11-4e8b-ba22-f73be39e0650","firstParentID":"1de9d9f8-1804-45d3-ad90-ef7995a8ddca","ID":"4cab0c69-08a6-4559-a628-0afcb1b21188","childs":null,"emcosID":null,"emcosMLID":null,"codMaketTEP":null,"codTEP":null,"WSName":"PS","rangeAddress":"$DU$99:$DU$135","headAddress":"$DU$99","bodyAddress":"$DU$100:$DU$135","_name":"ручное"}},"emcosID":null,"emcosMLID":null,"codMaketTEP":null,"codTEP":null,"WSName":"PS","rangeAddress":"$DU$98:$DU$135","headAddress":"$DU$98","bodyAddress":"$DU$99:$DU$135","_name":"прием"},"отдача":{"_level":1,"parentID":"de5853e8-f05e-42e8-a4fe-f1dbe1458ca9","firstParentID":"1de9d9f8-1804-45d3-ad90-ef7995a8ddca","ID":"b881a5e8-4a5d-459d-b507-423bde427bdb","childs":{"ручное":{"_level":2,"parentID":"b881a5e8-4a5d-459d-b507-423bde427bdb","firstParentID":"1de9d9f8-1804-45d3-ad90-ef7995a8ddca","ID":"46ba969f-9fcc-4690-8bb3-e9380e5c5da1","childs":null,"emcosID":null,"emcosMLID":null,"codMaketTEP":null,"codTEP":null,"WSName":"PS","rangeAddress":"$DV$99:$DV$135","headAddress":"$DV$99","bodyAddress":"$DV$100:$DV$135","_name":"ручное"}},"emcosID":null,"emcosMLID":null,"codMaketTEP":null,"codTEP":null,"WSName":"PS","rangeAddress":"$DV$98:$DV$135","headAddress":"$DV$98","bodyAddress":"$DV$99:$DV$135","_name":"отдача"}},"emcosID":null,"emcosMLID":null,"codMaketTEP":null,"codTEP":null,"WSName":"PS","rangeAddress":"$DU$97:$DV$135","headAddress":"$DU$97:$DV$97","bodyAddress":"$DU$98:$DV$135","_name":"Л2133 Робот 143А"},"DB":{"_level":0,"parentID":"1de9d9f8-1804-45d3-ad90-ef7995a8ddca","firstParentID":"1de9d9f8-1804-45d3-ad90-ef7995a8ddca","ID":"13f1f153-07b1-4ba2-95e4-69073f4bbf96","childs":{"прием":{"_level":1,"parentID":"13f1f153-07b1-4ba2-95e4-69073f4bbf96","firstParentID":"1de9d9f8-1804-45d3-ad90-ef7995a8ddca","ID":"513f1d6d-786a-4df6-bb98-5cdb8e4f23f7","childs":{"код":{"_level":2,"parentID":"513f1d6d-786a-4df6-bb98-5cdb8e4f23f7","firstParentID":"1de9d9f8-1804-45d3-ad90-ef7995a8ddca","ID":"4f991fc0-b5d5-4a40-90bb-6b3fca66c867","childs":null,"emcosID":null,"emcosMLID":null,"codMaketTEP":null,"codTEP":null,"WSName":"DB","rangeAddress":"$DR$95:$DR$132","headAddress":"$DR$95","bodyAddress":"$DR$96:$DR$132","_name":"код"},"основное":{"_level":2,"parentID":"513f1d6d-786a-4df6-bb98-5cdb8e4f23f7","firstParentID":"1de9d9f8-1804-45d3-ad90-ef7995a8ddca","ID":"fd46162c-7a94-4e25-a538-deb05a48e9bb","childs":null,"emcosID":null,"emcosMLID":null,"codMaketTEP":null,"codTEP":null,"WSName":"DB","rangeAddress":"$DS$95:$DS$132","headAddress":"$DS$95","bodyAddress":"$DS$96:$DS$132","_name":"основное"},"корректировка факт":{"_level":2,"parentID":"513f1d6d-786a-4df6-bb98-5cdb8e4f23f7","firstParentID":"1de9d9f8-1804-45d3-ad90-ef7995a8ddca","ID":"540a7d1b-03e9-4d63-b51d-d514601baf7d","childs":null,"emcosID":null,"emcosMLID":null,"codMaketTEP":null,"codTEP":null,"WSName":"DB","rangeAddress":"$DT$95:$DT$132","headAddress":"$DT$95","bodyAddress":"$DT$96:$DT$132","_name":"корректировка факт"},"ручное":{"_level":2,"parentID":"513f1d6d-786a-4df6-bb98-5cdb8e4f23f7","firstParentID":"1de9d9f8-1804-45d3-ad90-ef7995a8ddca","ID":"c4a9edc6-d0a2-4d0d-bb0d-3f6a1f03f30d","childs":null,"emcosID":null,"emcosMLID":null,"codMaketTEP":null,"codTEP":null,"WSName":"DB","rangeAddress":"$DU$95:$DU$132","headAddress":"$DU$95","bodyAddress":"$DU$96:$DU$132","_name":"ручное"}},"emcosID":null,"emcosMLID":null,"codMaketTEP":null,"codTEP":null,"WSName":"DB","rangeAddress":"$DR$94:$DU$132","headAddress":"$DR$94:$DU$94","bodyAddress":"$DR$95:$DU$132","_name":"прием"},"отдача":{"_level":1,"parentID":"13f1f153-07b1-4ba2-95e4-69073f4bbf96","firstParentID":"1de9d9f8-1804-45d3-ad90-ef7995a8ddca","ID":"87ed3fda-1436-4af6-8b24-3bf42babb106","childs":{"код":{"_level":2,"parentID":"87ed3fda-1436-4af6-8b24-3bf42babb106","firstParentID":"1de9d9f8-1804-45d3-ad90-ef7995a8ddca","ID":"d3d2c0e7-68fa-41a4-8172-99da653f777d","childs":null,"emcosID":null,"emcosMLID":null,"codMaketTEP":null,"codTEP":null,"WSName":"DB","rangeAddress":"$DV$95:$DV$132","headAddress":"$DV$95","bodyAddress":"$DV$96:$DV$132","_name":"код"},"основное":{"_level":2,"parentID":"87ed3fda-1436-4af6-8b24-3bf42babb106","firstParentID":"1de9d9f8-1804-45d3-ad90-ef7995a8ddca","ID":"7790dd63-90da-42f2-ade1-5068044d7484","childs":null,"emcosID":null,"emcosMLID":null,"codMaketTEP":null,"codTEP":null,"WSName":"DB","rangeAddress":"$DW$95:$DW$132","headAddress":"$DW$95","bodyAddress":"$DW$96:$DW$132","_name":"основное"},"корректировка факт":{"_level":2,"parentID":"87ed3fda-1436-4af6-8b24-3bf42babb106","firstParentID":"1de9d9f8-1804-45d3-ad90-ef7995a8ddca","ID":"cb8b2b34-d575-43cc-839f-d5b264becdf8","childs":null,"emcosID":null,"emcosMLID":null,"codMaketTEP":null,"codTEP":null,"WSName":"DB","rangeAddress":"$DX$95:$DX$132","headAddress":"$DX$95","bodyAddress":"$DX$96:$DX$132","_name":"корректировка факт"},"ручное":{"_level":2,"parentID":"87ed3fda-1436-4af6-8b24-3bf42babb106","firstParentID":"1de9d9f8-1804-45d3-ad90-ef7995a8ddca","ID":"34063c93-54d1-47d4-98a9-0c21c2330610","childs":null,"emcosID":null,"emcosMLID":null,"codMaketTEP":null,"codTEP":null,"WSName":"DB","rangeAddress":"$DY$95:$DY$132","headAddress":"$DY$95","bodyAddress":"$DY$96:$DY$132","_name":"ручное"}},"emcosID":null,"emcosMLID":null,"codMaketTEP":null,"codTEP":null,"WSName":"DB","rangeAddress":"$DV$94:$DY$132","headAddress":"$DV$94:$DY$94","bodyAddress":"$DV$95:$DY$132","_name":"отдача"}},"emcosID":null,"emcosMLID":null,"codMaketTEP":null,"codTEP":null,"WSName":"DB","rangeAddress":"$DR$93:$DY$132","headAddress":"$DR$93:$DY$93","bodyAddress":"$DR$94:$DY$132","_name":"Л2133 Робот 143А"}},"codPlan":null,"meterCoef":null,"_name":"Л2133 Робот 143А"}