{"ID":"20653aa6-f6af-496b-9ec0-b70b912016b6","childs":{"PS":{"_level":0,"parentID":"20653aa6-f6af-496b-9ec0-b70b912016b6","firstParentID":"20653aa6-f6af-496b-9ec0-b70b912016b6","ID":"b7e71fdf-27ff-4eed-ad90-e590e5ea996d","childs":{"прием":{"_level":1,"parentID":"b7e71fdf-27ff-4eed-ad90-e590e5ea996d","firstParentID":"20653aa6-f6af-496b-9ec0-b70b912016b6","ID":"ee65a93c-fe70-43da-a6a7-c8f73b998db2","childs":{"оперативное":{"_level":2,"parentID":"ee65a93c-fe70-43da-a6a7-c8f73b998db2","firstParentID":"20653aa6-f6af-496b-9ec0-b70b912016b6","ID":"e4fc8a41-d32f-41c4-af0a-32d33ba2950c","childs":null,"emcosID":null,"emcosMLID":null,"codMaketTEP":null,"codTEP":null,"WSName":"PS","rangeAddress":"$N$99:$N$135","headAddress":"$N$99","bodyAddress":"$N$100:$N$135","_name":"оперативное"}},"emcosID":null,"emcosMLID":null,"codMaketTEP":null,"codTEP":null,"WSName":"PS","rangeAddress":"$N$98:$N$135","headAddress":"$N$98","bodyAddress":"$N$99:$N$135","_name":"прием"},"отдача":{"_level":1,"parentID":"b7e71fdf-27ff-4eed-ad90-e590e5ea996d","firstParentID":"20653aa6-f6af-496b-9ec0-b70b912016b6","ID":"d96a4e28-d31d-4958-a7e3-cada8d781bec","childs":{"оперативное":{"_level":2,"parentID":"d96a4e28-d31d-4958-a7e3-cada8d781bec","firstParentID":"20653aa6-f6af-496b-9ec0-b70b912016b6","ID":"58da3802-084f-4e15-9ab6-871206ff3c40","childs":null,"emcosID":null,"emcosMLID":null,"codMaketTEP":null,"codTEP":null,"WSName":"PS","rangeAddress":"$O$99:$O$135","headAddress":"$O$99","bodyAddress":"$O$100:$O$135","_name":"оперативное"}},"emcosID":null,"emcosMLID":null,"codMaketTEP":null,"codTEP":null,"WSName":"PS","rangeAddress":"$O$98:$O$135","headAddress":"$O$98","bodyAddress":"$O$99:$O$135","_name":"отдача"}},"emcosID":null,"emcosMLID":null,"codMaketTEP":null,"codTEP":null,"WSName":"PS","rangeAddress":"$N$97:$O$135","headAddress":"$N$97:$O$97","bodyAddress":"$N$98:$O$135","_name":"Л2113 ОРУ 220 АТЭЦ3"},"DB":{"_level":0,"parentID":"20653aa6-f6af-496b-9ec0-b70b912016b6","firstParentID":"20653aa6-f6af-496b-9ec0-b70b912016b6","ID":"a7122bfc-ba28-49d7-9641-66eb37075d5f","childs":{"прием":{"_level":1,"parentID":"a7122bfc-ba28-49d7-9641-66eb37075d5f","firstParentID":"20653aa6-f6af-496b-9ec0-b70b912016b6","ID":"33cf60d7-c75e-46b1-b611-9437611827c2","childs":{"код":{"_level":2,"parentID":"33cf60d7-c75e-46b1-b611-9437611827c2","firstParentID":"20653aa6-f6af-496b-9ec0-b70b912016b6","ID":"f1ab4999-e534-4454-9eb9-c6d4912bcdac","childs":null,"emcosID":null,"emcosMLID":null,"codMaketTEP":null,"codTEP":null,"WSName":"DB","rangeAddress":"$IL$95:$IL$132","headAddress":"$IL$95","bodyAddress":"$IL$96:$IL$132","_name":"код"},"основное":{"_level":2,"parentID":"33cf60d7-c75e-46b1-b611-9437611827c2","firstParentID":"20653aa6-f6af-496b-9ec0-b70b912016b6","ID":"8a9d12c6-0432-40f6-9eb6-531bd7cee113","childs":null,"emcosID":null,"emcosMLID":null,"codMaketTEP":null,"codTEP":null,"WSName":"DB","rangeAddress":"$IM$95:$IM$132","headAddress":"$IM$95","bodyAddress":"$IM$96:$IM$132","_name":"основное"},"корректировка факт":{"_level":2,"parentID":"33cf60d7-c75e-46b1-b611-9437611827c2","firstParentID":"20653aa6-f6af-496b-9ec0-b70b912016b6","ID":"4ce53130-6428-4251-845c-2ad4a414fcad","childs":null,"emcosID":null,"emcosMLID":null,"codMaketTEP":null,"codTEP":null,"WSName":"DB","rangeAddress":"$IN$95:$IN$132","headAddress":"$IN$95","bodyAddress":"$IN$96:$IN$132","_name":"корректировка факт"},"ручное":{"_level":2,"parentID":"33cf60d7-c75e-46b1-b611-9437611827c2","firstParentID":"20653aa6-f6af-496b-9ec0-b70b912016b6","ID":"2754181e-7ef4-4f95-8862-88d886b7a935","childs":null,"emcosID":null,"emcosMLID":null,"codMaketTEP":null,"codTEP":null,"WSName":"DB","rangeAddress":"$IO$95:$IO$132","headAddress":"$IO$95","bodyAddress":"$IO$96:$IO$132","_name":"ручное"},"оперативное":{"_level":2,"parentID":"33cf60d7-c75e-46b1-b611-9437611827c2","firstParentID":"20653aa6-f6af-496b-9ec0-b70b912016b6","ID":"98398724-2772-484f-90a7-505b7e31066c","childs":null,"emcosID":null,"emcosMLID":null,"codMaketTEP":null,"codTEP":null,"WSName":"DB","rangeAddress":"$IP$95:$IP$132","headAddress":"$IP$95","bodyAddress":"$IP$96:$IP$132","_name":"оперативное"}},"emcosID":null,"emcosMLID":null,"codMaketTEP":null,"codTEP":null,"WSName":"DB","rangeAddress":"$IL$94:$IP$132","headAddress":"$IL$94:$IP$94","bodyAddress":"$IL$95:$IP$132","_name":"прием"},"отдача":{"_level":1,"parentID":"a7122bfc-ba28-49d7-9641-66eb37075d5f","firstParentID":"20653aa6-f6af-496b-9ec0-b70b912016b6","ID":"075c4b27-3d45-43c3-8998-60502e1bc6ff","childs":{"код":{"_level":2,"parentID":"075c4b27-3d45-43c3-8998-60502e1bc6ff","firstParentID":"20653aa6-f6af-496b-9ec0-b70b912016b6","ID":"2a1d1bc7-afd9-4cb6-8a76-69863ca89091","childs":null,"emcosID":null,"emcosMLID":null,"codMaketTEP":null,"codTEP":null,"WSName":"DB","rangeAddress":"$IQ$95:$IQ$132","headAddress":"$IQ$95","bodyAddress":"$IQ$96:$IQ$132","_name":"код"},"основное":{"_level":2,"parentID":"075c4b27-3d45-43c3-8998-60502e1bc6ff","firstParentID":"20653aa6-f6af-496b-9ec0-b70b912016b6","ID":"4e300639-962f-4ba5-aaed-934df74ceac9","childs":null,"emcosID":null,"emcosMLID":null,"codMaketTEP":null,"codTEP":null,"WSName":"DB","rangeAddress":"$IR$95:$IR$132","headAddress":"$IR$95","bodyAddress":"$IR$96:$IR$132","_name":"основное"},"корректировка факт":{"_level":2,"parentID":"075c4b27-3d45-43c3-8998-60502e1bc6ff","firstParentID":"20653aa6-f6af-496b-9ec0-b70b912016b6","ID":"e347fccc-605d-4c4e-8c31-efc4a08bb985","childs":null,"emcosID":null,"emcosMLID":null,"codMaketTEP":null,"codTEP":null,"WSName":"DB","rangeAddress":"$IS$95:$IS$132","headAddress":"$IS$95","bodyAddress":"$IS$96:$IS$132","_name":"корректировка факт"},"ручное":{"_level":2,"parentID":"075c4b27-3d45-43c3-8998-60502e1bc6ff","firstParentID":"20653aa6-f6af-496b-9ec0-b70b912016b6","ID":"22a03a9b-96f2-4314-9865-cbe884f8ca6e","childs":null,"emcosID":null,"emcosMLID":null,"codMaketTEP":null,"codTEP":null,"WSName":"DB","rangeAddress":"$IT$95:$IT$132","headAddress":"$IT$95","bodyAddress":"$IT$96:$IT$132","_name":"ручное"},"оперативное":{"_level":2,"parentID":"075c4b27-3d45-43c3-8998-60502e1bc6ff","firstParentID":"20653aa6-f6af-496b-9ec0-b70b912016b6","ID":"1747af22-3e64-46f4-a067-223afc00ffd9","childs":null,"emcosID":null,"emcosMLID":null,"codMaketTEP":null,"codTEP":null,"WSName":"DB","rangeAddress":"$IU$95:$IU$132","headAddress":"$IU$95","bodyAddress":"$IU$96:$IU$132","_name":"оперативное"}},"emcosID":null,"emcosMLID":null,"codMaketTEP":null,"codTEP":null,"WSName":"DB","rangeAddress":"$IQ$94:$IU$132","headAddress":"$IQ$94:$IU$94","bodyAddress":"$IQ$95:$IU$132","_name":"отдача"}},"emcosID":null,"emcosMLID":null,"codMaketTEP":null,"codTEP":null,"WSName":"DB","rangeAddress":"$IL$93:$IU$132","headAddress":"$IL$93:$IU$93","bodyAddress":"$IL$94:$IU$132","_name":"Л2113 ОРУ 220 АТЭЦ3"}},"codPlan":null,"meterCoef":null,"_name":"Л2113 ОРУ 220 АТЭЦ3"}