{"ID":"2648f7f7-b135-4f07-bda0-79d339a2b52d","childs":{"PS":{"_level":0,"parentID":"2648f7f7-b135-4f07-bda0-79d339a2b52d","firstParentID":"2648f7f7-b135-4f07-bda0-79d339a2b52d","ID":"6913666e-25fc-4daa-afe7-f045bea4386e","childs":{"прием":{"_level":1,"parentID":"6913666e-25fc-4daa-afe7-f045bea4386e","firstParentID":"2648f7f7-b135-4f07-bda0-79d339a2b52d","ID":"a8badb78-6a01-4056-9ad5-f2bb8cc3c0d3","childs":{"аскуэ":{"_level":2,"parentID":"a8badb78-6a01-4056-9ad5-f2bb8cc3c0d3","firstParentID":"2648f7f7-b135-4f07-bda0-79d339a2b52d","ID":"8b9fd0da-dd26-42fe-b0b4-999a823fb9c7","childs":null,"emcosID":null,"emcosMLID":null,"codMaketTEP":null,"codTEP":null,"WSName":"PS","rangeAddress":"$BE$56:$BE$92","headAddress":"$BE$56","bodyAddress":"$BE$57:$BE$92","_name":"аскуэ"}},"emcosID":null,"emcosMLID":null,"codMaketTEP":null,"codTEP":null,"WSName":"PS","rangeAddress":"$BE$55:$BE$92","headAddress":"$BE$55","bodyAddress":"$BE$56:$BE$92","_name":"прием"},"отдача":{"_level":1,"parentID":"6913666e-25fc-4daa-afe7-f045bea4386e","firstParentID":"2648f7f7-b135-4f07-bda0-79d339a2b52d","ID":"ccd363d4-d64a-48ce-9e2f-5bc506d2d89f","childs":{"аскуэ":{"_level":2,"parentID":"ccd363d4-d64a-48ce-9e2f-5bc506d2d89f","firstParentID":"2648f7f7-b135-4f07-bda0-79d339a2b52d","ID":"f3c206e4-ee80-4db5-8462-8d8e04b5f076","childs":null,"emcosID":null,"emcosMLID":null,"codMaketTEP":null,"codTEP":null,"WSName":"PS","rangeAddress":"$BF$56:$BF$92","headAddress":"$BF$56","bodyAddress":"$BF$57:$BF$92","_name":"аскуэ"}},"emcosID":null,"emcosMLID":null,"codMaketTEP":null,"codTEP":null,"WSName":"PS","rangeAddress":"$BF$55:$BF$92","headAddress":"$BF$55","bodyAddress":"$BF$56:$BF$92","_name":"отдача"}},"emcosID":null,"emcosMLID":null,"codMaketTEP":null,"codTEP":null,"WSName":"PS","rangeAddress":"$BE$54:$BF$92","headAddress":"$BE$54:$BF$54","bodyAddress":"$BE$55:$BF$92","_name":"Л137 Шу"},"DB":{"_level":0,"parentID":"2648f7f7-b135-4f07-bda0-79d339a2b52d","firstParentID":"2648f7f7-b135-4f07-bda0-79d339a2b52d","ID":"0acd06f3-796e-4500-92eb-a07ccf5b3753","childs":{"прием":{"_level":1,"parentID":"0acd06f3-796e-4500-92eb-a07ccf5b3753","firstParentID":"2648f7f7-b135-4f07-bda0-79d339a2b52d","ID":"d1f13808-d262-480a-b300-378156000be8","childs":{"код":{"_level":2,"parentID":"d1f13808-d262-480a-b300-378156000be8","firstParentID":"2648f7f7-b135-4f07-bda0-79d339a2b52d","ID":"2e0abcec-0026-4d42-9827-b3ced35ba28a","childs":null,"emcosID":null,"emcosMLID":null,"codMaketTEP":null,"codTEP":null,"WSName":"DB","rangeAddress":"$AB$224:$AB$261","headAddress":"$AB$224","bodyAddress":"$AB$225:$AB$261","_name":"код"},"основное":{"_level":2,"parentID":"d1f13808-d262-480a-b300-378156000be8","firstParentID":"2648f7f7-b135-4f07-bda0-79d339a2b52d","ID":"c5dafd63-7d7d-4ce5-97d8-b723952612ef","childs":null,"emcosID":null,"emcosMLID":null,"codMaketTEP":null,"codTEP":null,"WSName":"DB","rangeAddress":"$AC$224:$AC$261","headAddress":"$AC$224","bodyAddress":"$AC$225:$AC$261","_name":"основное"},"корректировка факт":{"_level":2,"parentID":"d1f13808-d262-480a-b300-378156000be8","firstParentID":"2648f7f7-b135-4f07-bda0-79d339a2b52d","ID":"9ce99e6d-acbc-476f-b2a2-c5a4b5efb1c6","childs":null,"emcosID":null,"emcosMLID":null,"codMaketTEP":null,"codTEP":null,"WSName":"DB","rangeAddress":"$AD$224:$AD$261","headAddress":"$AD$224","bodyAddress":"$AD$225:$AD$261","_name":"корректировка факт"},"ручное":{"_level":2,"parentID":"d1f13808-d262-480a-b300-378156000be8","firstParentID":"2648f7f7-b135-4f07-bda0-79d339a2b52d","ID":"f13e2192-4894-4216-95a8-de6024164235","childs":null,"emcosID":null,"emcosMLID":null,"codMaketTEP":null,"codTEP":null,"WSName":"DB","rangeAddress":"$AE$224:$AE$261","headAddress":"$AE$224","bodyAddress":"$AE$225:$AE$261","_name":"ручное"},"счетчик":{"_level":2,"parentID":"d1f13808-d262-480a-b300-378156000be8","firstParentID":"2648f7f7-b135-4f07-bda0-79d339a2b52d","ID":"a18a98f3-1c93-4924-b4a6-3b8cef0d5b73","childs":null,"emcosID":null,"emcosMLID":null,"codMaketTEP":null,"codTEP":null,"WSName":"DB","rangeAddress":"$AF$224:$AF$261","headAddress":"$AF$224","bodyAddress":"$AF$225:$AF$261","_name":"счетчик"},"по счетчику":{"_level":2,"parentID":"d1f13808-d262-480a-b300-378156000be8","firstParentID":"2648f7f7-b135-4f07-bda0-79d339a2b52d","ID":"b2c6c15f-809b-4f84-95bd-a9a0c3dd0dcf","childs":null,"emcosID":null,"emcosMLID":null,"codMaketTEP":null,"codTEP":null,"WSName":"DB","rangeAddress":"$AG$224:$AG$261","headAddress":"$AG$224","bodyAddress":"$AG$225:$AG$261","_name":"по счетчику"},"аскуэ":{"_level":2,"parentID":"d1f13808-d262-480a-b300-378156000be8","firstParentID":"2648f7f7-b135-4f07-bda0-79d339a2b52d","ID":"2f8a0f18-ee3f-44d6-96ee-95ed7dbe73da","childs":null,"emcosID":null,"emcosMLID":null,"codMaketTEP":null,"codTEP":null,"WSName":"DB","rangeAddress":"$AH$224:$AH$261","headAddress":"$AH$224","bodyAddress":"$AH$225:$AH$261","_name":"аскуэ"}},"emcosID":416,"emcosMLID":386,"codMaketTEP":null,"codTEP":null,"WSName":"DB","rangeAddress":"$AB$223:$AH$261","headAddress":"$AB$223:$AH$223","bodyAddress":"$AB$224:$AH$261","_name":"прием"},"отдача":{"_level":1,"parentID":"0acd06f3-796e-4500-92eb-a07ccf5b3753","firstParentID":"2648f7f7-b135-4f07-bda0-79d339a2b52d","ID":"28709803-f8b6-41ed-aef5-75e6bb841315","childs":{"код":{"_level":2,"parentID":"28709803-f8b6-41ed-aef5-75e6bb841315","firstParentID":"2648f7f7-b135-4f07-bda0-79d339a2b52d","ID":"900d59b6-75f1-4c1c-8da5-f8ed080c1b0e","childs":null,"emcosID":null,"emcosMLID":null,"codMaketTEP":null,"codTEP":null,"WSName":"DB","rangeAddress":"$AI$224:$AI$261","headAddress":"$AI$224","bodyAddress":"$AI$225:$AI$261","_name":"код"},"основное":{"_level":2,"parentID":"28709803-f8b6-41ed-aef5-75e6bb841315","firstParentID":"2648f7f7-b135-4f07-bda0-79d339a2b52d","ID":"b4260737-39e3-4a88-8a76-f5b5e1e87c5c","childs":null,"emcosID":null,"emcosMLID":null,"codMaketTEP":null,"codTEP":null,"WSName":"DB","rangeAddress":"$AJ$224:$AJ$261","headAddress":"$AJ$224","bodyAddress":"$AJ$225:$AJ$261","_name":"основное"},"корректировка факт":{"_level":2,"parentID":"28709803-f8b6-41ed-aef5-75e6bb841315","firstParentID":"2648f7f7-b135-4f07-bda0-79d339a2b52d","ID":"ac4ca411-5db6-46cb-8d84-ccd56f4b3fc1","childs":null,"emcosID":null,"emcosMLID":null,"codMaketTEP":null,"codTEP":null,"WSName":"DB","rangeAddress":"$AK$224:$AK$261","headAddress":"$AK$224","bodyAddress":"$AK$225:$AK$261","_name":"корректировка факт"},"ручное":{"_level":2,"parentID":"28709803-f8b6-41ed-aef5-75e6bb841315","firstParentID":"2648f7f7-b135-4f07-bda0-79d339a2b52d","ID":"b8a8b360-724c-41d5-b47c-c67aa85b3501","childs":null,"emcosID":null,"emcosMLID":null,"codMaketTEP":null,"codTEP":null,"WSName":"DB","rangeAddress":"$AL$224:$AL$261","headAddress":"$AL$224","bodyAddress":"$AL$225:$AL$261","_name":"ручное"},"счетчик":{"_level":2,"parentID":"28709803-f8b6-41ed-aef5-75e6bb841315","firstParentID":"2648f7f7-b135-4f07-bda0-79d339a2b52d","ID":"e2eb3409-3562-4cf5-95cc-a20e5c252421","childs":null,"emcosID":null,"emcosMLID":null,"codMaketTEP":null,"codTEP":null,"WSName":"DB","rangeAddress":"$AM$224:$AM$261","headAddress":"$AM$224","bodyAddress":"$AM$225:$AM$261","_name":"счетчик"},"по счетчику":{"_level":2,"parentID":"28709803-f8b6-41ed-aef5-75e6bb841315","firstParentID":"2648f7f7-b135-4f07-bda0-79d339a2b52d","ID":"31f87ee0-ba7e-479c-baa7-1a5cdff06171","childs":null,"emcosID":null,"emcosMLID":null,"codMaketTEP":null,"codTEP":null,"WSName":"DB","rangeAddress":"$AN$224:$AN$261","headAddress":"$AN$224","bodyAddress":"$AN$225:$AN$261","_name":"по счетчику"},"аскуэ":{"_level":2,"parentID":"28709803-f8b6-41ed-aef5-75e6bb841315","firstParentID":"2648f7f7-b135-4f07-bda0-79d339a2b52d","ID":"f26b3282-74a1-4707-b521-461c114d7fb0","childs":null,"emcosID":null,"emcosMLID":null,"codMaketTEP":null,"codTEP":null,"WSName":"DB","rangeAddress":"$AO$224:$AO$261","headAddress":"$AO$224","bodyAddress":"$AO$225:$AO$261","_name":"аскуэ"}},"emcosID":416,"emcosMLID":385,"codMaketTEP":null,"codTEP":null,"WSName":"DB","rangeAddress":"$AI$223:$AO$261","headAddress":"$AI$223:$AO$223","bodyAddress":"$AI$224:$AO$261","_name":"отдача"}},"emcosID":null,"emcosMLID":null,"codMaketTEP":null,"codTEP":null,"WSName":"DB","rangeAddress":"$AB$222:$AO$261","headAddress":"$AB$222:$AO$222","bodyAddress":"$AB$223:$AO$261","_name":"Л137 Шу"}},"codPlan":null,"meterCoef":null,"_name":"Л137 Шу"}