{"ID":"3112cc96-b2e8-4918-b54d-f597b7bc178e","childs":{"PS":{"_level":0,"parentID":"3112cc96-b2e8-4918-b54d-f597b7bc178e","firstParentID":"3112cc96-b2e8-4918-b54d-f597b7bc178e","ID":"bb6a71ab-7f35-4d13-bcba-0448150d9612","childs":{"прием":{"_level":1,"parentID":"bb6a71ab-7f35-4d13-bcba-0448150d9612","firstParentID":"3112cc96-b2e8-4918-b54d-f597b7bc178e","ID":"b47042cf-5395-47d3-8359-5d123e7c2d08","childs":{"ручное":{"_level":2,"parentID":"b47042cf-5395-47d3-8359-5d123e7c2d08","firstParentID":"3112cc96-b2e8-4918-b54d-f597b7bc178e","ID":"4865f9bf-fd5e-41c9-9b24-244e8e4f1d0d","childs":null,"emcosID":null,"emcosMLID":null,"WSName":"PS","rangeAddress":"$BE$99:$BE$135","headAddress":"$BE$99","bodyAddress":"$BE$100:$BE$135","_name":"ручное"}},"emcosID":null,"emcosMLID":null,"WSName":"PS","rangeAddress":"$BE$98:$BE$135","headAddress":"$BE$98","bodyAddress":"$BE$99:$BE$135","_name":"прием"},"отдача":{"_level":1,"parentID":"bb6a71ab-7f35-4d13-bcba-0448150d9612","firstParentID":"3112cc96-b2e8-4918-b54d-f597b7bc178e","ID":"35a55890-50dc-45cd-a1dd-84c467793239","childs":{"ручное":{"_level":2,"parentID":"35a55890-50dc-45cd-a1dd-84c467793239","firstParentID":"3112cc96-b2e8-4918-b54d-f597b7bc178e","ID":"2ce63fae-6f46-4bae-b2e4-7f5d000eb9f7","childs":null,"emcosID":null,"emcosMLID":null,"WSName":"PS","rangeAddress":"$BF$99:$BF$135","headAddress":"$BF$99","bodyAddress":"$BF$100:$BF$135","_name":"ручное"}},"emcosID":null,"emcosMLID":null,"WSName":"PS","rangeAddress":"$BF$98:$BF$135","headAddress":"$BF$98","bodyAddress":"$BF$99:$BF$135","_name":"отдача"}},"emcosID":null,"emcosMLID":null,"WSName":"PS","rangeAddress":"$BE$97:$BF$135","headAddress":"$BE$97:$BF$97","bodyAddress":"$BE$98:$BF$135","_name":"Л2543 ПС152 Талдыкорган"},"DB":{"_level":0,"parentID":"3112cc96-b2e8-4918-b54d-f597b7bc178e","firstParentID":"3112cc96-b2e8-4918-b54d-f597b7bc178e","ID":"13361958-1b23-4251-904e-6e63d0e9f283","childs":{"прием":{"_level":1,"parentID":"13361958-1b23-4251-904e-6e63d0e9f283","firstParentID":"3112cc96-b2e8-4918-b54d-f597b7bc178e","ID":"04602c88-9dcb-4912-995e-c00a1c847719","childs":{"код":{"_level":2,"parentID":"04602c88-9dcb-4912-995e-c00a1c847719","firstParentID":"3112cc96-b2e8-4918-b54d-f597b7bc178e","ID":"187f75db-76e4-4f9a-be11-2f4c01ac6727","childs":null,"emcosID":null,"emcosMLID":null,"WSName":"DB","rangeAddress":"$CY$52:$CY$89","headAddress":"$CY$52","bodyAddress":"$CY$53:$CY$89","_name":"код"},"основное":{"_level":2,"parentID":"04602c88-9dcb-4912-995e-c00a1c847719","firstParentID":"3112cc96-b2e8-4918-b54d-f597b7bc178e","ID":"a878a707-a6b4-4d96-9201-1dfe567e7ae6","childs":null,"emcosID":null,"emcosMLID":null,"WSName":"DB","rangeAddress":"$CZ$52:$CZ$89","headAddress":"$CZ$52","bodyAddress":"$CZ$53:$CZ$89","_name":"основное"},"корректировка факт":{"_level":2,"parentID":"04602c88-9dcb-4912-995e-c00a1c847719","firstParentID":"3112cc96-b2e8-4918-b54d-f597b7bc178e","ID":"daa0d7f4-2585-4aa1-ba34-19aaf3bc7834","childs":null,"emcosID":null,"emcosMLID":null,"WSName":"DB","rangeAddress":"$DA$52:$DA$89","headAddress":"$DA$52","bodyAddress":"$DA$53:$DA$89","_name":"корректировка факт"},"ручное":{"_level":2,"parentID":"04602c88-9dcb-4912-995e-c00a1c847719","firstParentID":"3112cc96-b2e8-4918-b54d-f597b7bc178e","ID":"0cfe6017-c9a7-418e-988d-66b6a8e6d73c","childs":null,"emcosID":null,"emcosMLID":null,"WSName":"DB","rangeAddress":"$DB$52:$DB$89","headAddress":"$DB$52","bodyAddress":"$DB$53:$DB$89","_name":"ручное"}},"emcosID":null,"emcosMLID":null,"WSName":"DB","rangeAddress":"$CY$51:$DB$89","headAddress":"$CY$51:$DB$51","bodyAddress":"$CY$52:$DB$89","_name":"прием"},"отдача":{"_level":1,"parentID":"13361958-1b23-4251-904e-6e63d0e9f283","firstParentID":"3112cc96-b2e8-4918-b54d-f597b7bc178e","ID":"54794788-fa7b-446e-a0f0-6c6dd8a0b9d2","childs":{"код":{"_level":2,"parentID":"54794788-fa7b-446e-a0f0-6c6dd8a0b9d2","firstParentID":"3112cc96-b2e8-4918-b54d-f597b7bc178e","ID":"ec8f0b4d-ec4a-4677-af72-d8c2bbacfc0b","childs":null,"emcosID":null,"emcosMLID":null,"WSName":"DB","rangeAddress":"$DC$52:$DC$89","headAddress":"$DC$52","bodyAddress":"$DC$53:$DC$89","_name":"код"},"основное":{"_level":2,"parentID":"54794788-fa7b-446e-a0f0-6c6dd8a0b9d2","firstParentID":"3112cc96-b2e8-4918-b54d-f597b7bc178e","ID":"95b869fa-11dd-493e-9ad1-3e9facbfe2b7","childs":null,"emcosID":null,"emcosMLID":null,"WSName":"DB","rangeAddress":"$DD$52:$DD$89","headAddress":"$DD$52","bodyAddress":"$DD$53:$DD$89","_name":"основное"},"корректировка факт":{"_level":2,"parentID":"54794788-fa7b-446e-a0f0-6c6dd8a0b9d2","firstParentID":"3112cc96-b2e8-4918-b54d-f597b7bc178e","ID":"046c15cb-8d9a-4441-beda-d2ccfaa3cb15","childs":null,"emcosID":null,"emcosMLID":null,"WSName":"DB","rangeAddress":"$DE$52:$DE$89","headAddress":"$DE$52","bodyAddress":"$DE$53:$DE$89","_name":"корректировка факт"},"ручное":{"_level":2,"parentID":"54794788-fa7b-446e-a0f0-6c6dd8a0b9d2","firstParentID":"3112cc96-b2e8-4918-b54d-f597b7bc178e","ID":"72ac8872-08e8-4f36-988e-c88fac3735eb","childs":null,"emcosID":null,"emcosMLID":null,"WSName":"DB","rangeAddress":"$DF$52:$DF$89","headAddress":"$DF$52","bodyAddress":"$DF$53:$DF$89","_name":"ручное"}},"emcosID":null,"emcosMLID":null,"WSName":"DB","rangeAddress":"$DC$51:$DF$89","headAddress":"$DC$51:$DF$51","bodyAddress":"$DC$52:$DF$89","_name":"отдача"}},"emcosID":null,"emcosMLID":null,"WSName":"DB","rangeAddress":"$CY$50:$DF$89","headAddress":"$CY$50:$DF$50","bodyAddress":"$CY$51:$DF$89","_name":"Л2543 ПС152 Талдыкорган"}},"codPlan":null,"meterCoef":null,"_name":"Л2543 ПС152 Талдыкорган"}