{"ID":"550aec77-9395-4d12-938e-c7e65810196e","childs":{"PS":{"_level":0,"parentID":"550aec77-9395-4d12-938e-c7e65810196e","firstParentID":"550aec77-9395-4d12-938e-c7e65810196e","ID":"b09d8c98-13a4-4071-9ea0-acc16b8a8d0a","childs":{"прием":{"_level":1,"parentID":"b09d8c98-13a4-4071-9ea0-acc16b8a8d0a","firstParentID":"550aec77-9395-4d12-938e-c7e65810196e","ID":"ec79ddf4-0dce-42b8-b49b-51639ff36516","childs":{"по счетчику":{"_level":2,"parentID":"ec79ddf4-0dce-42b8-b49b-51639ff36516","firstParentID":"550aec77-9395-4d12-938e-c7e65810196e","ID":"d6266482-2651-4b2b-972c-27ed364a4503","childs":null,"emcosID":null,"emcosMLID":null,"codMaketTEP":null,"codTEP":null,"WSName":"PS","rangeAddress":"$HF$99:$HF$135","headAddress":"$HF$99","bodyAddress":"$HF$100:$HF$135","_name":"по счетчику"},"СЧЕТЧИК":{"_level":2,"parentID":"ec79ddf4-0dce-42b8-b49b-51639ff36516","firstParentID":"550aec77-9395-4d12-938e-c7e65810196e","ID":"7adf0722-1be9-46f7-a378-13e4a00dc56a","childs":null,"emcosID":null,"emcosMLID":null,"codMaketTEP":null,"codTEP":null,"WSName":"PS","rangeAddress":"$HG$99:$HG$135","headAddress":"$HG$99","bodyAddress":"$HG$100:$HG$135","_name":"СЧЕТЧИК"}},"emcosID":null,"emcosMLID":null,"codMaketTEP":null,"codTEP":null,"WSName":"PS","rangeAddress":"$HF$98:$HG$135","headAddress":"$HF$98:$HG$98","bodyAddress":"$HF$99:$HG$135","_name":"прием"},"отдача":{"_level":1,"parentID":"b09d8c98-13a4-4071-9ea0-acc16b8a8d0a","firstParentID":"550aec77-9395-4d12-938e-c7e65810196e","ID":"ca12235d-0a24-466b-b37a-ee3651daa1d8","childs":{"по счетчику":{"_level":2,"parentID":"ca12235d-0a24-466b-b37a-ee3651daa1d8","firstParentID":"550aec77-9395-4d12-938e-c7e65810196e","ID":"9b9b1958-c9ec-464c-9331-f0ad3e2390f9","childs":null,"emcosID":null,"emcosMLID":null,"codMaketTEP":null,"codTEP":null,"WSName":"PS","rangeAddress":"$HH$99:$HH$135","headAddress":"$HH$99","bodyAddress":"$HH$100:$HH$135","_name":"по счетчику"},"СЧЕТЧИК":{"_level":2,"parentID":"ca12235d-0a24-466b-b37a-ee3651daa1d8","firstParentID":"550aec77-9395-4d12-938e-c7e65810196e","ID":"72d99bdf-8d45-434c-b335-140134dae904","childs":null,"emcosID":null,"emcosMLID":null,"codMaketTEP":null,"codTEP":null,"WSName":"PS","rangeAddress":"$HI$99:$HI$135","headAddress":"$HI$99","bodyAddress":"$HI$100:$HI$135","_name":"СЧЕТЧИК"}},"emcosID":null,"emcosMLID":null,"codMaketTEP":null,"codTEP":null,"WSName":"PS","rangeAddress":"$HH$98:$HI$135","headAddress":"$HH$98:$HI$98","bodyAddress":"$HH$99:$HI$135","_name":"отдача"}},"emcosID":null,"emcosMLID":null,"codMaketTEP":null,"codTEP":null,"WSName":"PS","rangeAddress":"$HF$97:$HI$135","headAddress":"$HF$97:$HI$97","bodyAddress":"$HF$98:$HI$135","_name":"Л2313 Сары Шаган тяга"},"DB":{"_level":0,"parentID":"550aec77-9395-4d12-938e-c7e65810196e","firstParentID":"550aec77-9395-4d12-938e-c7e65810196e","ID":"73940ad3-0657-4cd9-a1e0-d93a41fdde9b","childs":{"прием":{"_level":1,"parentID":"73940ad3-0657-4cd9-a1e0-d93a41fdde9b","firstParentID":"550aec77-9395-4d12-938e-c7e65810196e","ID":"39bde4fd-dac9-47ef-b5e3-773abcb97da2","childs":{"код":{"_level":2,"parentID":"39bde4fd-dac9-47ef-b5e3-773abcb97da2","firstParentID":"550aec77-9395-4d12-938e-c7e65810196e","ID":"010eda08-fe82-4c8f-ad3c-1245e37d6782","childs":null,"emcosID":null,"emcosMLID":null,"codMaketTEP":null,"codTEP":null,"WSName":"DB","rangeAddress":"$AV$181:$AV$218","headAddress":"$AV$181","bodyAddress":"$AV$182:$AV$218","_name":"код"},"основное":{"_level":2,"parentID":"39bde4fd-dac9-47ef-b5e3-773abcb97da2","firstParentID":"550aec77-9395-4d12-938e-c7e65810196e","ID":"b085b405-31e9-4b26-ba01-8b74c85bcef0","childs":null,"emcosID":null,"emcosMLID":null,"codMaketTEP":null,"codTEP":null,"WSName":"DB","rangeAddress":"$AW$181:$AW$218","headAddress":"$AW$181","bodyAddress":"$AW$182:$AW$218","_name":"основное"},"корректировка факт":{"_level":2,"parentID":"39bde4fd-dac9-47ef-b5e3-773abcb97da2","firstParentID":"550aec77-9395-4d12-938e-c7e65810196e","ID":"082d5010-cbec-4df7-8bb3-e447abadeeb8","childs":null,"emcosID":null,"emcosMLID":null,"codMaketTEP":null,"codTEP":null,"WSName":"DB","rangeAddress":"$AX$181:$AX$218","headAddress":"$AX$181","bodyAddress":"$AX$182:$AX$218","_name":"корректировка факт"},"ручное":{"_level":2,"parentID":"39bde4fd-dac9-47ef-b5e3-773abcb97da2","firstParentID":"550aec77-9395-4d12-938e-c7e65810196e","ID":"73013b26-43fd-4de1-b599-ee5b77f3d7c9","childs":null,"emcosID":null,"emcosMLID":null,"codMaketTEP":null,"codTEP":null,"WSName":"DB","rangeAddress":"$AY$181:$AY$218","headAddress":"$AY$181","bodyAddress":"$AY$182:$AY$218","_name":"ручное"},"счетчик":{"_level":2,"parentID":"39bde4fd-dac9-47ef-b5e3-773abcb97da2","firstParentID":"550aec77-9395-4d12-938e-c7e65810196e","ID":"94364c36-349e-491c-9d4a-c0032cba4dca","childs":null,"emcosID":null,"emcosMLID":null,"codMaketTEP":null,"codTEP":null,"WSName":"DB","rangeAddress":"$AZ$181:$AZ$218","headAddress":"$AZ$181","bodyAddress":"$AZ$182:$AZ$218","_name":"счетчик"},"по счетчику":{"_level":2,"parentID":"39bde4fd-dac9-47ef-b5e3-773abcb97da2","firstParentID":"550aec77-9395-4d12-938e-c7e65810196e","ID":"c4b3f718-071a-4c5a-ac30-10803a798765","childs":null,"emcosID":null,"emcosMLID":null,"codMaketTEP":null,"codTEP":null,"WSName":"DB","rangeAddress":"$BA$181:$BA$218","headAddress":"$BA$181","bodyAddress":"$BA$182:$BA$218","_name":"по счетчику"}},"emcosID":null,"emcosMLID":null,"codMaketTEP":null,"codTEP":null,"WSName":"DB","rangeAddress":"$AV$180:$BA$218","headAddress":"$AV$180:$BA$180","bodyAddress":"$AV$181:$BA$218","_name":"прием"},"отдача":{"_level":1,"parentID":"73940ad3-0657-4cd9-a1e0-d93a41fdde9b","firstParentID":"550aec77-9395-4d12-938e-c7e65810196e","ID":"92f38897-1321-4190-9f74-6bd73d91dcaa","childs":{"код":{"_level":2,"parentID":"92f38897-1321-4190-9f74-6bd73d91dcaa","firstParentID":"550aec77-9395-4d12-938e-c7e65810196e","ID":"2c0a4907-ed68-4ba3-a367-46bf681708af","childs":null,"emcosID":null,"emcosMLID":null,"codMaketTEP":null,"codTEP":null,"WSName":"DB","rangeAddress":"$BB$181:$BB$218","headAddress":"$BB$181","bodyAddress":"$BB$182:$BB$218","_name":"код"},"основное":{"_level":2,"parentID":"92f38897-1321-4190-9f74-6bd73d91dcaa","firstParentID":"550aec77-9395-4d12-938e-c7e65810196e","ID":"2b3622d1-275e-4def-9b2a-1f5885674a25","childs":null,"emcosID":null,"emcosMLID":null,"codMaketTEP":null,"codTEP":null,"WSName":"DB","rangeAddress":"$BC$181:$BC$218","headAddress":"$BC$181","bodyAddress":"$BC$182:$BC$218","_name":"основное"},"корректировка факт":{"_level":2,"parentID":"92f38897-1321-4190-9f74-6bd73d91dcaa","firstParentID":"550aec77-9395-4d12-938e-c7e65810196e","ID":"2ac21efb-121d-48c8-8924-0eeb4caa7c43","childs":null,"emcosID":null,"emcosMLID":null,"codMaketTEP":null,"codTEP":null,"WSName":"DB","rangeAddress":"$BD$181:$BD$218","headAddress":"$BD$181","bodyAddress":"$BD$182:$BD$218","_name":"корректировка факт"},"ручное":{"_level":2,"parentID":"92f38897-1321-4190-9f74-6bd73d91dcaa","firstParentID":"550aec77-9395-4d12-938e-c7e65810196e","ID":"80fc1b15-bef9-4617-96a1-21b6d84bef49","childs":null,"emcosID":null,"emcosMLID":null,"codMaketTEP":null,"codTEP":null,"WSName":"DB","rangeAddress":"$BE$181:$BE$218","headAddress":"$BE$181","bodyAddress":"$BE$182:$BE$218","_name":"ручное"},"счетчик":{"_level":2,"parentID":"92f38897-1321-4190-9f74-6bd73d91dcaa","firstParentID":"550aec77-9395-4d12-938e-c7e65810196e","ID":"4d1d8558-6420-4c5e-8225-71ec510cb259","childs":null,"emcosID":null,"emcosMLID":null,"codMaketTEP":null,"codTEP":null,"WSName":"DB","rangeAddress":"$BF$181:$BF$218","headAddress":"$BF$181","bodyAddress":"$BF$182:$BF$218","_name":"счетчик"},"по счетчику":{"_level":2,"parentID":"92f38897-1321-4190-9f74-6bd73d91dcaa","firstParentID":"550aec77-9395-4d12-938e-c7e65810196e","ID":"1b279ef7-b71d-456f-8232-23cdccf10570","childs":null,"emcosID":null,"emcosMLID":null,"codMaketTEP":null,"codTEP":null,"WSName":"DB","rangeAddress":"$BG$181:$BG$218","headAddress":"$BG$181","bodyAddress":"$BG$182:$BG$218","_name":"по счетчику"}},"emcosID":null,"emcosMLID":null,"codMaketTEP":null,"codTEP":null,"WSName":"DB","rangeAddress":"$BB$180:$BG$218","headAddress":"$BB$180:$BG$180","bodyAddress":"$BB$181:$BG$218","_name":"отдача"}},"emcosID":null,"emcosMLID":null,"codMaketTEP":null,"codTEP":null,"WSName":"DB","rangeAddress":"$AV$179:$BG$218","headAddress":"$AV$179:$BG$179","bodyAddress":"$AV$180:$BG$218","_name":"Л2313 Сары Шаган тяга"}},"codPlan":null,"meterCoef":"264","_name":"Л2313 Сары Шаган тяга"}