{"ID":"79f23ae6-57a1-4fe3-be39-8f9c931062f1","childs":{"PS":{"_level":0,"parentID":"79f23ae6-57a1-4fe3-be39-8f9c931062f1","firstParentID":"79f23ae6-57a1-4fe3-be39-8f9c931062f1","ID":"665a20ee-02c5-4a49-b4a3-f6a99da0c7a6","childs":{"прием":{"_level":1,"parentID":"665a20ee-02c5-4a49-b4a3-f6a99da0c7a6","firstParentID":"79f23ae6-57a1-4fe3-be39-8f9c931062f1","ID":"5ce24a12-6b63-49c3-a12d-7141fbe78d4f","childs":{"по счетчику":{"_level":2,"parentID":"5ce24a12-6b63-49c3-a12d-7141fbe78d4f","firstParentID":"79f23ae6-57a1-4fe3-be39-8f9c931062f1","ID":"3109a0a5-a118-446d-a4c1-9de49c9943a6","childs":null,"emcosID":null,"emcosMLID":null,"codMaketTEP":null,"codTEP":null,"WSName":"PS","rangeAddress":"$BY$99:$BY$135","headAddress":"$BY$99","bodyAddress":"$BY$100:$BY$135","_name":"по счетчику"}},"emcosID":null,"emcosMLID":null,"codMaketTEP":null,"codTEP":null,"WSName":"PS","rangeAddress":"$BY$98:$BY$135","headAddress":"$BY$98","bodyAddress":"$BY$99:$BY$135","_name":"прием"},"отдача":{"_level":1,"parentID":"665a20ee-02c5-4a49-b4a3-f6a99da0c7a6","firstParentID":"79f23ae6-57a1-4fe3-be39-8f9c931062f1","ID":"8788ef21-bfb2-4f1c-94bc-d46aba24cef8","childs":{"по счетчику":{"_level":2,"parentID":"8788ef21-bfb2-4f1c-94bc-d46aba24cef8","firstParentID":"79f23ae6-57a1-4fe3-be39-8f9c931062f1","ID":"cb5358c1-1dc1-4baf-8c20-f75759b9216c","childs":null,"emcosID":null,"emcosMLID":null,"codMaketTEP":null,"codTEP":null,"WSName":"PS","rangeAddress":"$BZ$99:$BZ$135","headAddress":"$BZ$99","bodyAddress":"$BZ$100:$BZ$135","_name":"по счетчику"}},"emcosID":null,"emcosMLID":null,"codMaketTEP":null,"codTEP":null,"WSName":"PS","rangeAddress":"$BZ$98:$BZ$135","headAddress":"$BZ$98","bodyAddress":"$BZ$99:$BZ$135","_name":"отдача"}},"emcosID":null,"emcosMLID":null,"codMaketTEP":null,"codTEP":null,"WSName":"PS","rangeAddress":"$BY$97:$BZ$135","headAddress":"$BY$97:$BZ$97","bodyAddress":"$BY$98:$BZ$135","_name":"КЛ39 ПС152 Талдыкорган"},"DB":{"_level":0,"parentID":"79f23ae6-57a1-4fe3-be39-8f9c931062f1","firstParentID":"79f23ae6-57a1-4fe3-be39-8f9c931062f1","ID":"f426993f-2f85-4f27-afb0-7a7728fb02c4","childs":{"прием":{"_level":1,"parentID":"f426993f-2f85-4f27-afb0-7a7728fb02c4","firstParentID":"79f23ae6-57a1-4fe3-be39-8f9c931062f1","ID":"b9a6b56f-6a18-4325-9e09-8f45057aed17","childs":{"код":{"_level":2,"parentID":"b9a6b56f-6a18-4325-9e09-8f45057aed17","firstParentID":"79f23ae6-57a1-4fe3-be39-8f9c931062f1","ID":"55ba6b4e-7ba2-4111-b24b-9b10d3fdd568","childs":null,"emcosID":null,"emcosMLID":null,"codMaketTEP":null,"codTEP":null,"WSName":"DB","rangeAddress":"$II$310:$II$347","headAddress":"$II$310","bodyAddress":"$II$311:$II$347","_name":"код"},"основное":{"_level":2,"parentID":"b9a6b56f-6a18-4325-9e09-8f45057aed17","firstParentID":"79f23ae6-57a1-4fe3-be39-8f9c931062f1","ID":"1d106d56-a9fb-4443-8645-7c8bde4a5666","childs":null,"emcosID":null,"emcosMLID":null,"codMaketTEP":null,"codTEP":null,"WSName":"DB","rangeAddress":"$IJ$310:$IJ$347","headAddress":"$IJ$310","bodyAddress":"$IJ$311:$IJ$347","_name":"основное"},"корректировка факт":{"_level":2,"parentID":"b9a6b56f-6a18-4325-9e09-8f45057aed17","firstParentID":"79f23ae6-57a1-4fe3-be39-8f9c931062f1","ID":"00efa650-5249-4e4f-9ca2-a06aebaf8bdc","childs":null,"emcosID":null,"emcosMLID":null,"codMaketTEP":null,"codTEP":null,"WSName":"DB","rangeAddress":"$IK$310:$IK$347","headAddress":"$IK$310","bodyAddress":"$IK$311:$IK$347","_name":"корректировка факт"},"ручное":{"_level":2,"parentID":"b9a6b56f-6a18-4325-9e09-8f45057aed17","firstParentID":"79f23ae6-57a1-4fe3-be39-8f9c931062f1","ID":"e38c3613-c18e-439b-a8b8-4889bc72a4ec","childs":null,"emcosID":null,"emcosMLID":null,"codMaketTEP":null,"codTEP":null,"WSName":"DB","rangeAddress":"$IL$310:$IL$347","headAddress":"$IL$310","bodyAddress":"$IL$311:$IL$347","_name":"ручное"},"оперативное":{"_level":2,"parentID":"b9a6b56f-6a18-4325-9e09-8f45057aed17","firstParentID":"79f23ae6-57a1-4fe3-be39-8f9c931062f1","ID":"cd3db1e5-0b12-4ac4-9cb8-033e4ec4b16f","childs":null,"emcosID":null,"emcosMLID":null,"codMaketTEP":null,"codTEP":null,"WSName":"DB","rangeAddress":"$IM$310:$IM$347","headAddress":"$IM$310","bodyAddress":"$IM$311:$IM$347","_name":"оперативное"},"счетчик":{"_level":2,"parentID":"b9a6b56f-6a18-4325-9e09-8f45057aed17","firstParentID":"79f23ae6-57a1-4fe3-be39-8f9c931062f1","ID":"1b56d741-1b37-4b8a-af7a-3bbf221896a4","childs":null,"emcosID":null,"emcosMLID":null,"codMaketTEP":null,"codTEP":null,"WSName":"DB","rangeAddress":"$IN$310:$IN$347","headAddress":"$IN$310","bodyAddress":"$IN$311:$IN$347","_name":"счетчик"},"по счетчику":{"_level":2,"parentID":"b9a6b56f-6a18-4325-9e09-8f45057aed17","firstParentID":"79f23ae6-57a1-4fe3-be39-8f9c931062f1","ID":"60864b67-47f5-41d7-bffa-98a1a90a7697","childs":null,"emcosID":null,"emcosMLID":null,"codMaketTEP":null,"codTEP":null,"WSName":"DB","rangeAddress":"$IO$310:$IO$347","headAddress":"$IO$310","bodyAddress":"$IO$311:$IO$347","_name":"по счетчику"}},"emcosID":null,"emcosMLID":null,"codMaketTEP":null,"codTEP":null,"WSName":"DB","rangeAddress":"$II$309:$IO$347","headAddress":"$II$309:$IO$309","bodyAddress":"$II$310:$IO$347","_name":"прием"},"отдача":{"_level":1,"parentID":"f426993f-2f85-4f27-afb0-7a7728fb02c4","firstParentID":"79f23ae6-57a1-4fe3-be39-8f9c931062f1","ID":"fe75fcb8-7f5d-46fe-9f0b-c95d6122210c","childs":{"код":{"_level":2,"parentID":"fe75fcb8-7f5d-46fe-9f0b-c95d6122210c","firstParentID":"79f23ae6-57a1-4fe3-be39-8f9c931062f1","ID":"ec627a62-a106-41bf-b8cd-e69dc0ee7e75","childs":null,"emcosID":null,"emcosMLID":null,"codMaketTEP":null,"codTEP":null,"WSName":"DB","rangeAddress":"$IP$310:$IP$347","headAddress":"$IP$310","bodyAddress":"$IP$311:$IP$347","_name":"код"},"основное":{"_level":2,"parentID":"fe75fcb8-7f5d-46fe-9f0b-c95d6122210c","firstParentID":"79f23ae6-57a1-4fe3-be39-8f9c931062f1","ID":"3585031e-8f77-4bf8-ace7-28a584b95712","childs":null,"emcosID":null,"emcosMLID":null,"codMaketTEP":null,"codTEP":null,"WSName":"DB","rangeAddress":"$IQ$310:$IQ$347","headAddress":"$IQ$310","bodyAddress":"$IQ$311:$IQ$347","_name":"основное"},"корректировка факт":{"_level":2,"parentID":"fe75fcb8-7f5d-46fe-9f0b-c95d6122210c","firstParentID":"79f23ae6-57a1-4fe3-be39-8f9c931062f1","ID":"eadf6eb7-c839-4438-bf45-8d8b05de9b24","childs":null,"emcosID":null,"emcosMLID":null,"codMaketTEP":null,"codTEP":null,"WSName":"DB","rangeAddress":"$IR$310:$IR$347","headAddress":"$IR$310","bodyAddress":"$IR$311:$IR$347","_name":"корректировка факт"},"ручное":{"_level":2,"parentID":"fe75fcb8-7f5d-46fe-9f0b-c95d6122210c","firstParentID":"79f23ae6-57a1-4fe3-be39-8f9c931062f1","ID":"704354cd-0c00-4f5b-a203-ab30cf80f026","childs":null,"emcosID":null,"emcosMLID":null,"codMaketTEP":null,"codTEP":null,"WSName":"DB","rangeAddress":"$IS$310:$IS$347","headAddress":"$IS$310","bodyAddress":"$IS$311:$IS$347","_name":"ручное"},"оперативное":{"_level":2,"parentID":"fe75fcb8-7f5d-46fe-9f0b-c95d6122210c","firstParentID":"79f23ae6-57a1-4fe3-be39-8f9c931062f1","ID":"79a1c07a-4e1b-4bce-bac6-42f2d3ee2592","childs":null,"emcosID":null,"emcosMLID":null,"codMaketTEP":null,"codTEP":null,"WSName":"DB","rangeAddress":"$IT$310:$IT$347","headAddress":"$IT$310","bodyAddress":"$IT$311:$IT$347","_name":"оперативное"},"счетчик":{"_level":2,"parentID":"fe75fcb8-7f5d-46fe-9f0b-c95d6122210c","firstParentID":"79f23ae6-57a1-4fe3-be39-8f9c931062f1","ID":"aa457cba-cf0d-4bf7-9291-a8028f042360","childs":null,"emcosID":null,"emcosMLID":null,"codMaketTEP":null,"codTEP":null,"WSName":"DB","rangeAddress":"$IU$310:$IU$347","headAddress":"$IU$310","bodyAddress":"$IU$311:$IU$347","_name":"счетчик"},"по счетчику":{"_level":2,"parentID":"fe75fcb8-7f5d-46fe-9f0b-c95d6122210c","firstParentID":"79f23ae6-57a1-4fe3-be39-8f9c931062f1","ID":"187b9f8c-5a69-4d16-9e49-5bc4ef313e42","childs":null,"emcosID":null,"emcosMLID":null,"codMaketTEP":null,"codTEP":null,"WSName":"DB","rangeAddress":"$IV$310:$IV$347","headAddress":"$IV$310","bodyAddress":"$IV$311:$IV$347","_name":"по счетчику"}},"emcosID":null,"emcosMLID":null,"codMaketTEP":null,"codTEP":null,"WSName":"DB","rangeAddress":"$IP$309:$IV$347","headAddress":"$IP$309:$IV$309","bodyAddress":"$IP$310:$IV$347","_name":"отдача"}},"emcosID":null,"emcosMLID":null,"codMaketTEP":null,"codTEP":null,"WSName":"DB","rangeAddress":"$II$308:$IV$347","headAddress":"$II$308:$IV$308","bodyAddress":"$II$309:$IV$347","_name":"КЛ39 ПС152 Талдыкорган"}},"codPlan":null,"meterCoef":null,"_name":"КЛ39 ПС152 Талдыкорган"}