{"ID":"7dbb1110-6758-490b-aad0-92cbd011e38b","childs":{"PS":{"_level":0,"parentID":"7dbb1110-6758-490b-aad0-92cbd011e38b","firstParentID":"7dbb1110-6758-490b-aad0-92cbd011e38b","ID":"6b3ae9a8-fea1-4dad-96f0-6565a4a4756b","childs":{"прием":{"_level":1,"parentID":"6b3ae9a8-fea1-4dad-96f0-6565a4a4756b","firstParentID":"7dbb1110-6758-490b-aad0-92cbd011e38b","ID":"a7c18c0e-0c7e-48d8-8f0f-49edfd7057c6","childs":{"оперативное":{"_level":2,"parentID":"a7c18c0e-0c7e-48d8-8f0f-49edfd7057c6","firstParentID":"7dbb1110-6758-490b-aad0-92cbd011e38b","ID":"4cf46985-f260-4316-ae30-6cb1bed660d4","childs":null,"emcosID":null,"emcosMLID":null,"codMaketTEP":null,"codTEP":null,"WSName":"PS","rangeAddress":"$P$99:$P$135","headAddress":"$P$99","bodyAddress":"$P$100:$P$135","_name":"оперативное"}},"emcosID":null,"emcosMLID":null,"codMaketTEP":null,"codTEP":null,"WSName":"PS","rangeAddress":"$P$98:$P$135","headAddress":"$P$98","bodyAddress":"$P$99:$P$135","_name":"прием"},"отдача":{"_level":1,"parentID":"6b3ae9a8-fea1-4dad-96f0-6565a4a4756b","firstParentID":"7dbb1110-6758-490b-aad0-92cbd011e38b","ID":"84d9c963-0483-4848-b070-1bf5195e11ec","childs":{"оперативное":{"_level":2,"parentID":"84d9c963-0483-4848-b070-1bf5195e11ec","firstParentID":"7dbb1110-6758-490b-aad0-92cbd011e38b","ID":"f44addf1-8830-4561-9a1c-06d4e72b3f35","childs":null,"emcosID":null,"emcosMLID":null,"codMaketTEP":null,"codTEP":null,"WSName":"PS","rangeAddress":"$Q$99:$Q$135","headAddress":"$Q$99","bodyAddress":"$Q$100:$Q$135","_name":"оперативное"}},"emcosID":null,"emcosMLID":null,"codMaketTEP":null,"codTEP":null,"WSName":"PS","rangeAddress":"$Q$98:$Q$135","headAddress":"$Q$98","bodyAddress":"$Q$99:$Q$135","_name":"отдача"}},"emcosID":null,"emcosMLID":null,"codMaketTEP":null,"codTEP":null,"WSName":"PS","rangeAddress":"$P$97:$Q$135","headAddress":"$P$97:$Q$97","bodyAddress":"$P$98:$Q$135","_name":"Л168А ОРУ 220 АТЭЦ3"},"DB":{"_level":0,"parentID":"7dbb1110-6758-490b-aad0-92cbd011e38b","firstParentID":"7dbb1110-6758-490b-aad0-92cbd011e38b","ID":"d24c4962-cc4d-4c38-b25e-dc3e782ea46d","childs":{"прием":{"_level":1,"parentID":"d24c4962-cc4d-4c38-b25e-dc3e782ea46d","firstParentID":"7dbb1110-6758-490b-aad0-92cbd011e38b","ID":"fd38dd32-842f-481a-ab8c-c47d7463eedd","childs":{"код":{"_level":2,"parentID":"fd38dd32-842f-481a-ab8c-c47d7463eedd","firstParentID":"7dbb1110-6758-490b-aad0-92cbd011e38b","ID":"67e378c6-4375-4460-b234-560caa31e76f","childs":null,"emcosID":null,"emcosMLID":null,"codMaketTEP":null,"codTEP":null,"WSName":"DB","rangeAddress":"$HU$353:$HU$390","headAddress":"$HU$353","bodyAddress":"$HU$354:$HU$390","_name":"код"},"основное":{"_level":2,"parentID":"fd38dd32-842f-481a-ab8c-c47d7463eedd","firstParentID":"7dbb1110-6758-490b-aad0-92cbd011e38b","ID":"ba01fefc-b1bb-4dfd-a54e-38ce01a87207","childs":null,"emcosID":null,"emcosMLID":null,"codMaketTEP":null,"codTEP":null,"WSName":"DB","rangeAddress":"$HV$353:$HV$390","headAddress":"$HV$353","bodyAddress":"$HV$354:$HV$390","_name":"основное"},"корректировка факт":{"_level":2,"parentID":"fd38dd32-842f-481a-ab8c-c47d7463eedd","firstParentID":"7dbb1110-6758-490b-aad0-92cbd011e38b","ID":"e463a259-3f7e-45f2-a44e-fced6f72cb27","childs":null,"emcosID":null,"emcosMLID":null,"codMaketTEP":null,"codTEP":null,"WSName":"DB","rangeAddress":"$HW$353:$HW$390","headAddress":"$HW$353","bodyAddress":"$HW$354:$HW$390","_name":"корректировка факт"},"ручное":{"_level":2,"parentID":"fd38dd32-842f-481a-ab8c-c47d7463eedd","firstParentID":"7dbb1110-6758-490b-aad0-92cbd011e38b","ID":"98684b6b-b1c1-4f80-bb8f-9e3c94126467","childs":null,"emcosID":null,"emcosMLID":null,"codMaketTEP":null,"codTEP":null,"WSName":"DB","rangeAddress":"$HX$353:$HX$390","headAddress":"$HX$353","bodyAddress":"$HX$354:$HX$390","_name":"ручное"},"оперативное":{"_level":2,"parentID":"fd38dd32-842f-481a-ab8c-c47d7463eedd","firstParentID":"7dbb1110-6758-490b-aad0-92cbd011e38b","ID":"4f1725aa-d477-4c35-b3b3-c2f2184a3a89","childs":null,"emcosID":null,"emcosMLID":null,"codMaketTEP":null,"codTEP":null,"WSName":"DB","rangeAddress":"$HY$353:$HY$390","headAddress":"$HY$353","bodyAddress":"$HY$354:$HY$390","_name":"оперативное"}},"emcosID":null,"emcosMLID":null,"codMaketTEP":null,"codTEP":null,"WSName":"DB","rangeAddress":"$HU$352:$HY$390","headAddress":"$HU$352:$HY$352","bodyAddress":"$HU$353:$HY$390","_name":"прием"},"отдача":{"_level":1,"parentID":"d24c4962-cc4d-4c38-b25e-dc3e782ea46d","firstParentID":"7dbb1110-6758-490b-aad0-92cbd011e38b","ID":"3ed4134a-01fb-4b64-88fe-ddadf5a3c6fc","childs":{"код":{"_level":2,"parentID":"3ed4134a-01fb-4b64-88fe-ddadf5a3c6fc","firstParentID":"7dbb1110-6758-490b-aad0-92cbd011e38b","ID":"0c300f02-befc-42ed-a66b-2fd75a2085b9","childs":null,"emcosID":null,"emcosMLID":null,"codMaketTEP":null,"codTEP":null,"WSName":"DB","rangeAddress":"$HZ$353:$HZ$390","headAddress":"$HZ$353","bodyAddress":"$HZ$354:$HZ$390","_name":"код"},"основное":{"_level":2,"parentID":"3ed4134a-01fb-4b64-88fe-ddadf5a3c6fc","firstParentID":"7dbb1110-6758-490b-aad0-92cbd011e38b","ID":"d7376fcb-26c0-4875-957e-eca25a097fca","childs":null,"emcosID":null,"emcosMLID":null,"codMaketTEP":null,"codTEP":null,"WSName":"DB","rangeAddress":"$IA$353:$IA$390","headAddress":"$IA$353","bodyAddress":"$IA$354:$IA$390","_name":"основное"},"корректировка факт":{"_level":2,"parentID":"3ed4134a-01fb-4b64-88fe-ddadf5a3c6fc","firstParentID":"7dbb1110-6758-490b-aad0-92cbd011e38b","ID":"8d2ed149-c812-4fcb-be68-68ab393b1ef0","childs":null,"emcosID":null,"emcosMLID":null,"codMaketTEP":null,"codTEP":null,"WSName":"DB","rangeAddress":"$IB$353:$IB$390","headAddress":"$IB$353","bodyAddress":"$IB$354:$IB$390","_name":"корректировка факт"},"ручное":{"_level":2,"parentID":"3ed4134a-01fb-4b64-88fe-ddadf5a3c6fc","firstParentID":"7dbb1110-6758-490b-aad0-92cbd011e38b","ID":"9540cf8d-2ac1-4f75-8ea3-dcf19c449b95","childs":null,"emcosID":null,"emcosMLID":null,"codMaketTEP":null,"codTEP":null,"WSName":"DB","rangeAddress":"$IC$353:$IC$390","headAddress":"$IC$353","bodyAddress":"$IC$354:$IC$390","_name":"ручное"},"оперативное":{"_level":2,"parentID":"3ed4134a-01fb-4b64-88fe-ddadf5a3c6fc","firstParentID":"7dbb1110-6758-490b-aad0-92cbd011e38b","ID":"3e31a611-c8a7-49b0-bea2-72423097ea9a","childs":null,"emcosID":null,"emcosMLID":null,"codMaketTEP":null,"codTEP":null,"WSName":"DB","rangeAddress":"$ID$353:$ID$390","headAddress":"$ID$353","bodyAddress":"$ID$354:$ID$390","_name":"оперативное"}},"emcosID":null,"emcosMLID":null,"codMaketTEP":null,"codTEP":null,"WSName":"DB","rangeAddress":"$HZ$352:$ID$390","headAddress":"$HZ$352:$ID$352","bodyAddress":"$HZ$353:$ID$390","_name":"отдача"}},"emcosID":null,"emcosMLID":null,"codMaketTEP":null,"codTEP":null,"WSName":"DB","rangeAddress":"$HU$351:$ID$390","headAddress":"$HU$351:$ID$351","bodyAddress":"$HU$352:$ID$390","_name":"Л168А ОРУ 220 АТЭЦ3"}},"codPlan":null,"meterCoef":null,"_name":"Л168А ОРУ 220 АТЭЦ3"}