{"ID":"80eddf41-6a07-43c9-8662-2fdd74bf588e","childs":{"PS":{"_level":0,"parentID":"80eddf41-6a07-43c9-8662-2fdd74bf588e","firstParentID":"80eddf41-6a07-43c9-8662-2fdd74bf588e","ID":"2bc062b2-e828-407f-abb1-95a36a38d965","childs":{"прием":{"_level":1,"parentID":"2bc062b2-e828-407f-abb1-95a36a38d965","firstParentID":"80eddf41-6a07-43c9-8662-2fdd74bf588e","ID":"13377963-b1c0-485f-bea7-b064d321ef27","childs":{"оперативное":{"_level":2,"parentID":"13377963-b1c0-485f-bea7-b064d321ef27","firstParentID":"80eddf41-6a07-43c9-8662-2fdd74bf588e","ID":"d659e255-c196-41af-a3bb-a8182451ffaa","childs":null,"emcosID":null,"emcosMLID":null,"codMaketTEP":null,"codTEP":null,"WSName":"PS","rangeAddress":"$EU$99:$EU$135","headAddress":"$EU$99","bodyAddress":"$EU$100:$EU$135","_name":"оперативное"}},"emcosID":null,"emcosMLID":null,"codMaketTEP":null,"codTEP":null,"WSName":"PS","rangeAddress":"$EU$98:$EU$135","headAddress":"$EU$98","bodyAddress":"$EU$99:$EU$135","_name":"прием"},"отдача":{"_level":1,"parentID":"2bc062b2-e828-407f-abb1-95a36a38d965","firstParentID":"80eddf41-6a07-43c9-8662-2fdd74bf588e","ID":"3a4170f8-3b60-4c85-b62a-ff71f482615c","childs":{"оперативное":{"_level":2,"parentID":"3a4170f8-3b60-4c85-b62a-ff71f482615c","firstParentID":"80eddf41-6a07-43c9-8662-2fdd74bf588e","ID":"c74f135b-eb08-4ff8-875a-112c9946d1f1","childs":null,"emcosID":null,"emcosMLID":null,"codMaketTEP":null,"codTEP":null,"WSName":"PS","rangeAddress":"$EV$99:$EV$135","headAddress":"$EV$99","bodyAddress":"$EV$100:$EV$135","_name":"оперативное"}},"emcosID":null,"emcosMLID":null,"codMaketTEP":null,"codTEP":null,"WSName":"PS","rangeAddress":"$EV$98:$EV$135","headAddress":"$EV$98","bodyAddress":"$EV$99:$EV$135","_name":"отдача"}},"emcosID":null,"emcosMLID":null,"codMaketTEP":null,"codTEP":null,"WSName":"PS","rangeAddress":"$EU$97:$EV$135","headAddress":"$EU$97:$EV$97","bodyAddress":"$EU$98:$EV$135","_name":"Л2433 Шелек 68И"},"DB":{"_level":0,"parentID":"80eddf41-6a07-43c9-8662-2fdd74bf588e","firstParentID":"80eddf41-6a07-43c9-8662-2fdd74bf588e","ID":"b8406b8a-8ff8-416f-90d1-7852a7335b94","childs":{"прием":{"_level":1,"parentID":"b8406b8a-8ff8-416f-90d1-7852a7335b94","firstParentID":"80eddf41-6a07-43c9-8662-2fdd74bf588e","ID":"8883f0ee-4d25-42bb-92e2-05151eb85f5b","childs":{"код":{"_level":2,"parentID":"8883f0ee-4d25-42bb-92e2-05151eb85f5b","firstParentID":"80eddf41-6a07-43c9-8662-2fdd74bf588e","ID":"64abe40f-ae22-4dd8-b4e0-6cb41c752c18","childs":null,"emcosID":null,"emcosMLID":null,"codMaketTEP":null,"codTEP":null,"WSName":"DB","rangeAddress":"$AV$95:$AV$132","headAddress":"$AV$95","bodyAddress":"$AV$96:$AV$132","_name":"код"},"основное":{"_level":2,"parentID":"8883f0ee-4d25-42bb-92e2-05151eb85f5b","firstParentID":"80eddf41-6a07-43c9-8662-2fdd74bf588e","ID":"1b2b2df2-dca0-4076-a073-c54ebf724298","childs":null,"emcosID":null,"emcosMLID":null,"codMaketTEP":null,"codTEP":null,"WSName":"DB","rangeAddress":"$AW$95:$AW$132","headAddress":"$AW$95","bodyAddress":"$AW$96:$AW$132","_name":"основное"},"корректировка факт":{"_level":2,"parentID":"8883f0ee-4d25-42bb-92e2-05151eb85f5b","firstParentID":"80eddf41-6a07-43c9-8662-2fdd74bf588e","ID":"56ceedef-c00d-4fe4-ba7f-1a823987bd34","childs":null,"emcosID":null,"emcosMLID":null,"codMaketTEP":null,"codTEP":null,"WSName":"DB","rangeAddress":"$AX$95:$AX$132","headAddress":"$AX$95","bodyAddress":"$AX$96:$AX$132","_name":"корректировка факт"},"ручное":{"_level":2,"parentID":"8883f0ee-4d25-42bb-92e2-05151eb85f5b","firstParentID":"80eddf41-6a07-43c9-8662-2fdd74bf588e","ID":"9076494d-1b64-4bc9-9b6a-e5668c6609be","childs":null,"emcosID":null,"emcosMLID":null,"codMaketTEP":null,"codTEP":null,"WSName":"DB","rangeAddress":"$AY$95:$AY$132","headAddress":"$AY$95","bodyAddress":"$AY$96:$AY$132","_name":"ручное"},"оперативное":{"_level":2,"parentID":"8883f0ee-4d25-42bb-92e2-05151eb85f5b","firstParentID":"80eddf41-6a07-43c9-8662-2fdd74bf588e","ID":"4e523199-14d7-4ac7-927a-ed9d2543efd5","childs":null,"emcosID":null,"emcosMLID":null,"codMaketTEP":null,"codTEP":null,"WSName":"DB","rangeAddress":"$AZ$95:$AZ$132","headAddress":"$AZ$95","bodyAddress":"$AZ$96:$AZ$132","_name":"оперативное"}},"emcosID":null,"emcosMLID":null,"codMaketTEP":null,"codTEP":null,"WSName":"DB","rangeAddress":"$AV$94:$AZ$132","headAddress":"$AV$94:$AZ$94","bodyAddress":"$AV$95:$AZ$132","_name":"прием"},"отдача":{"_level":1,"parentID":"b8406b8a-8ff8-416f-90d1-7852a7335b94","firstParentID":"80eddf41-6a07-43c9-8662-2fdd74bf588e","ID":"2fd0e345-e092-447b-a716-9e81c53b9cbc","childs":{"код":{"_level":2,"parentID":"2fd0e345-e092-447b-a716-9e81c53b9cbc","firstParentID":"80eddf41-6a07-43c9-8662-2fdd74bf588e","ID":"dc7f8b60-b647-46e2-b92c-ef61804309d6","childs":null,"emcosID":null,"emcosMLID":null,"codMaketTEP":null,"codTEP":null,"WSName":"DB","rangeAddress":"$BA$95:$BA$132","headAddress":"$BA$95","bodyAddress":"$BA$96:$BA$132","_name":"код"},"основное":{"_level":2,"parentID":"2fd0e345-e092-447b-a716-9e81c53b9cbc","firstParentID":"80eddf41-6a07-43c9-8662-2fdd74bf588e","ID":"81f3bbe3-a653-413e-867e-844b14867006","childs":null,"emcosID":null,"emcosMLID":null,"codMaketTEP":null,"codTEP":null,"WSName":"DB","rangeAddress":"$BB$95:$BB$132","headAddress":"$BB$95","bodyAddress":"$BB$96:$BB$132","_name":"основное"},"корректировка факт":{"_level":2,"parentID":"2fd0e345-e092-447b-a716-9e81c53b9cbc","firstParentID":"80eddf41-6a07-43c9-8662-2fdd74bf588e","ID":"ee501f7a-00ff-4176-923a-ae71bca78f38","childs":null,"emcosID":null,"emcosMLID":null,"codMaketTEP":null,"codTEP":null,"WSName":"DB","rangeAddress":"$BC$95:$BC$132","headAddress":"$BC$95","bodyAddress":"$BC$96:$BC$132","_name":"корректировка факт"},"ручное":{"_level":2,"parentID":"2fd0e345-e092-447b-a716-9e81c53b9cbc","firstParentID":"80eddf41-6a07-43c9-8662-2fdd74bf588e","ID":"fb9116fa-b92d-49a0-a5a4-4802ee3665a2","childs":null,"emcosID":null,"emcosMLID":null,"codMaketTEP":null,"codTEP":null,"WSName":"DB","rangeAddress":"$BD$95:$BD$132","headAddress":"$BD$95","bodyAddress":"$BD$96:$BD$132","_name":"ручное"},"оперативное":{"_level":2,"parentID":"2fd0e345-e092-447b-a716-9e81c53b9cbc","firstParentID":"80eddf41-6a07-43c9-8662-2fdd74bf588e","ID":"13aec5f0-4f80-4b37-9d78-e6ef6dba8775","childs":null,"emcosID":null,"emcosMLID":null,"codMaketTEP":null,"codTEP":null,"WSName":"DB","rangeAddress":"$BE$95:$BE$132","headAddress":"$BE$95","bodyAddress":"$BE$96:$BE$132","_name":"оперативное"}},"emcosID":null,"emcosMLID":null,"codMaketTEP":null,"codTEP":null,"WSName":"DB","rangeAddress":"$BA$94:$BE$132","headAddress":"$BA$94:$BE$94","bodyAddress":"$BA$95:$BE$132","_name":"отдача"}},"emcosID":null,"emcosMLID":null,"codMaketTEP":null,"codTEP":null,"WSName":"DB","rangeAddress":"$AV$93:$BE$132","headAddress":"$AV$93:$BE$93","bodyAddress":"$AV$94:$BE$132","_name":"Л2433 Шелек 68И"}},"codPlan":null,"meterCoef":null,"_name":"Л2433 Шелек 68И"}