{"ID":"81393d55-5e11-4a11-bfda-824064e5c0d9","childs":{"PS":{"_level":0,"parentID":"81393d55-5e11-4a11-bfda-824064e5c0d9","firstParentID":"81393d55-5e11-4a11-bfda-824064e5c0d9","ID":"6c7ad14e-3a2c-403b-ae40-a4b85b789449","childs":{"отдача":{"_level":1,"parentID":"6c7ad14e-3a2c-403b-ae40-a4b85b789449","firstParentID":"81393d55-5e11-4a11-bfda-824064e5c0d9","ID":"c9e8ab33-aa3a-43d0-995e-ab4bb0d548c9","childs":{"формула":{"_level":2,"parentID":"c9e8ab33-aa3a-43d0-995e-ab4bb0d548c9","firstParentID":"81393d55-5e11-4a11-bfda-824064e5c0d9","ID":"28590166-c6cb-48af-8809-b2defd110a92","childs":null,"emcosID":null,"emcosMLID":null,"codMaketTEP":null,"codTEP":null,"WSName":"PS","rangeAddress":"$Y$185:$Y$221","headAddress":"$Y$185","bodyAddress":"$Y$186:$Y$221","_name":"формула"}},"emcosID":null,"emcosMLID":null,"codMaketTEP":null,"codTEP":null,"WSName":"PS","rangeAddress":"$Y$184:$Y$221","headAddress":"$Y$184","bodyAddress":"$Y$185:$Y$221","_name":"отдача"}},"emcosID":null,"emcosMLID":null,"codMaketTEP":null,"codTEP":null,"WSName":"PS","rangeAddress":"$Y$183:$Y$221","headAddress":"$Y$183","bodyAddress":"$Y$184:$Y$221","_name":"Генерация M Kat Green СЭС Шу 100"},"DB":{"_level":0,"parentID":"81393d55-5e11-4a11-bfda-824064e5c0d9","firstParentID":"81393d55-5e11-4a11-bfda-824064e5c0d9","ID":"fa66437a-c25b-468d-9be4-d202124c4a2e","childs":{"отдача":{"_level":1,"parentID":"fa66437a-c25b-468d-9be4-d202124c4a2e","firstParentID":"81393d55-5e11-4a11-bfda-824064e5c0d9","ID":"42582dcd-e796-42dc-95ed-390b6cd36396","childs":{"код":{"_level":2,"parentID":"42582dcd-e796-42dc-95ed-390b6cd36396","firstParentID":"81393d55-5e11-4a11-bfda-824064e5c0d9","ID":"ecc36f6c-c937-454c-be65-d868d72321e2","childs":null,"emcosID":null,"emcosMLID":null,"codMaketTEP":null,"codTEP":null,"WSName":"DB","rangeAddress":"$BD$396:$BD$433","headAddress":"$BD$396","bodyAddress":"$BD$397:$BD$433","_name":"код"},"основное":{"_level":2,"parentID":"42582dcd-e796-42dc-95ed-390b6cd36396","firstParentID":"81393d55-5e11-4a11-bfda-824064e5c0d9","ID":"21c8e967-fa81-49ee-a0c2-878da9526a3b","childs":null,"emcosID":null,"emcosMLID":null,"codMaketTEP":null,"codTEP":null,"WSName":"DB","rangeAddress":"$BE$396:$BE$433","headAddress":"$BE$396","bodyAddress":"$BE$397:$BE$433","_name":"основное"},"корректировка факт":{"_level":2,"parentID":"42582dcd-e796-42dc-95ed-390b6cd36396","firstParentID":"81393d55-5e11-4a11-bfda-824064e5c0d9","ID":"e37de2fb-ad22-41d3-ad55-50757b58cb72","childs":null,"emcosID":null,"emcosMLID":null,"codMaketTEP":null,"codTEP":null,"WSName":"DB","rangeAddress":"$BF$396:$BF$433","headAddress":"$BF$396","bodyAddress":"$BF$397:$BF$433","_name":"корректировка факт"},"ручное":{"_level":2,"parentID":"42582dcd-e796-42dc-95ed-390b6cd36396","firstParentID":"81393d55-5e11-4a11-bfda-824064e5c0d9","ID":"c8669bcf-0f00-436f-9d6a-e537330b6c85","childs":null,"emcosID":null,"emcosMLID":null,"codMaketTEP":null,"codTEP":null,"WSName":"DB","rangeAddress":"$BG$396:$BG$433","headAddress":"$BG$396","bodyAddress":"$BG$397:$BG$433","_name":"ручное"},"счетчик":{"_level":2,"parentID":"42582dcd-e796-42dc-95ed-390b6cd36396","firstParentID":"81393d55-5e11-4a11-bfda-824064e5c0d9","ID":"fd16a31b-6f58-4164-bdc3-ed46132cff2e","childs":null,"emcosID":null,"emcosMLID":null,"codMaketTEP":null,"codTEP":null,"WSName":"DB","rangeAddress":"$BH$396:$BH$433","headAddress":"$BH$396","bodyAddress":"$BH$397:$BH$433","_name":"счетчик"},"по счетчику":{"_level":2,"parentID":"42582dcd-e796-42dc-95ed-390b6cd36396","firstParentID":"81393d55-5e11-4a11-bfda-824064e5c0d9","ID":"ff37415a-4455-49fb-bbb7-18c4a2820a60","childs":null,"emcosID":null,"emcosMLID":null,"codMaketTEP":null,"codTEP":null,"WSName":"DB","rangeAddress":"$BI$396:$BI$433","headAddress":"$BI$396","bodyAddress":"$BI$397:$BI$433","_name":"по счетчику"},"формула":{"_level":2,"parentID":"42582dcd-e796-42dc-95ed-390b6cd36396","firstParentID":"81393d55-5e11-4a11-bfda-824064e5c0d9","ID":"540a802e-d840-4242-83ba-cd908e109664","childs":null,"emcosID":null,"emcosMLID":null,"codMaketTEP":null,"codTEP":null,"WSName":"DB","rangeAddress":"$BJ$396:$BJ$433","headAddress":"$BJ$396","bodyAddress":"$BJ$397:$BJ$433","_name":"формула"}},"emcosID":null,"emcosMLID":null,"codMaketTEP":null,"codTEP":null,"WSName":"DB","rangeAddress":"$BD$395:$BJ$433","headAddress":"$BD$395:$BJ$395","bodyAddress":"$BD$396:$BJ$433","_name":"отдача"}},"emcosID":null,"emcosMLID":null,"codMaketTEP":null,"codTEP":null,"WSName":"DB","rangeAddress":"$BD$394:$BJ$433","headAddress":"$BD$394:$BJ$394","bodyAddress":"$BD$395:$BJ$433","_name":"Генерация M Kat Green СЭС Шу 100"}},"codPlan":null,"meterCoef":null,"_name":"Генерация M Kat Green СЭС Шу 100"}