{"ID":"a8d0a357-5917-4639-8f54-b8e1d5f147b9","childs":{"PS":{"_level":0,"parentID":"a8d0a357-5917-4639-8f54-b8e1d5f147b9","firstParentID":"a8d0a357-5917-4639-8f54-b8e1d5f147b9","ID":"bcfdd0fd-7ef7-4f5b-9905-31b68f1f284e","childs":{"прием":{"_level":1,"parentID":"bcfdd0fd-7ef7-4f5b-9905-31b68f1f284e","firstParentID":"a8d0a357-5917-4639-8f54-b8e1d5f147b9","ID":"3a0cae94-9722-4f7d-901c-f924ef97e628","childs":{"по счетчику":{"_level":2,"parentID":"3a0cae94-9722-4f7d-901c-f924ef97e628","firstParentID":"a8d0a357-5917-4639-8f54-b8e1d5f147b9","ID":"d70e609d-4ac4-4134-ae8e-24271dc1d882","childs":null,"emcosID":null,"emcosMLID":null,"WSName":"PS","rangeAddress":"$BK$99:$BK$135","headAddress":"$BK$99","bodyAddress":"$BK$100:$BK$135","_name":"по счетчику"}},"emcosID":null,"emcosMLID":null,"WSName":"PS","rangeAddress":"$BK$98:$BK$135","headAddress":"$BK$98","bodyAddress":"$BK$99:$BK$135","_name":"прием"},"отдача":{"_level":1,"parentID":"bcfdd0fd-7ef7-4f5b-9905-31b68f1f284e","firstParentID":"a8d0a357-5917-4639-8f54-b8e1d5f147b9","ID":"54f1be3d-07bc-4fad-91c9-d69f091fde0a","childs":{"по счетчику":{"_level":2,"parentID":"54f1be3d-07bc-4fad-91c9-d69f091fde0a","firstParentID":"a8d0a357-5917-4639-8f54-b8e1d5f147b9","ID":"b93ecb2a-982c-4275-969f-702a5ee400cd","childs":null,"emcosID":null,"emcosMLID":null,"WSName":"PS","rangeAddress":"$BL$99:$BL$135","headAddress":"$BL$99","bodyAddress":"$BL$100:$BL$135","_name":"по счетчику"}},"emcosID":null,"emcosMLID":null,"WSName":"PS","rangeAddress":"$BL$98:$BL$135","headAddress":"$BL$98","bodyAddress":"$BL$99:$BL$135","_name":"отдача"}},"emcosID":null,"emcosMLID":null,"WSName":"PS","rangeAddress":"$BK$97:$BL$135","headAddress":"$BK$97:$BL$97","bodyAddress":"$BK$98:$BL$135","_name":"КЛ84 ПС152 Талдыкорган"},"DB":{"_level":0,"parentID":"a8d0a357-5917-4639-8f54-b8e1d5f147b9","firstParentID":"a8d0a357-5917-4639-8f54-b8e1d5f147b9","ID":"c95a1738-f7fe-4288-9ec0-c186bb5feaae","childs":{"прием":{"_level":1,"parentID":"c95a1738-f7fe-4288-9ec0-c186bb5feaae","firstParentID":"a8d0a357-5917-4639-8f54-b8e1d5f147b9","ID":"aeb90423-e774-4c9d-a691-e3cb9d3af542","childs":{"код":{"_level":2,"parentID":"aeb90423-e774-4c9d-a691-e3cb9d3af542","firstParentID":"a8d0a357-5917-4639-8f54-b8e1d5f147b9","ID":"723bfd5d-ae30-4be2-9d60-9406f8e2b878","childs":null,"emcosID":null,"emcosMLID":null,"WSName":"DB","rangeAddress":"$AQ$267:$AQ$304","headAddress":"$AQ$267","bodyAddress":"$AQ$268:$AQ$304","_name":"код"},"основное":{"_level":2,"parentID":"aeb90423-e774-4c9d-a691-e3cb9d3af542","firstParentID":"a8d0a357-5917-4639-8f54-b8e1d5f147b9","ID":"ea6ffeeb-577e-4ac1-99e4-1985cacc9575","childs":null,"emcosID":null,"emcosMLID":null,"WSName":"DB","rangeAddress":"$AR$267:$AR$304","headAddress":"$AR$267","bodyAddress":"$AR$268:$AR$304","_name":"основное"},"корректировка факт":{"_level":2,"parentID":"aeb90423-e774-4c9d-a691-e3cb9d3af542","firstParentID":"a8d0a357-5917-4639-8f54-b8e1d5f147b9","ID":"95c09557-e9b2-4cc3-a4c8-490e25e67d4a","childs":null,"emcosID":null,"emcosMLID":null,"WSName":"DB","rangeAddress":"$AS$267:$AS$304","headAddress":"$AS$267","bodyAddress":"$AS$268:$AS$304","_name":"корректировка факт"},"ручное":{"_level":2,"parentID":"aeb90423-e774-4c9d-a691-e3cb9d3af542","firstParentID":"a8d0a357-5917-4639-8f54-b8e1d5f147b9","ID":"13671ebf-f28a-4d99-8678-f56171f2ceea","childs":null,"emcosID":null,"emcosMLID":null,"WSName":"DB","rangeAddress":"$AT$267:$AT$304","headAddress":"$AT$267","bodyAddress":"$AT$268:$AT$304","_name":"ручное"},"оперативное":{"_level":2,"parentID":"aeb90423-e774-4c9d-a691-e3cb9d3af542","firstParentID":"a8d0a357-5917-4639-8f54-b8e1d5f147b9","ID":"6e38a52c-e5de-4494-a22c-ca46ecd98d6a","childs":null,"emcosID":null,"emcosMLID":null,"WSName":"DB","rangeAddress":"$AU$267:$AU$304","headAddress":"$AU$267","bodyAddress":"$AU$268:$AU$304","_name":"оперативное"},"счетчик":{"_level":2,"parentID":"aeb90423-e774-4c9d-a691-e3cb9d3af542","firstParentID":"a8d0a357-5917-4639-8f54-b8e1d5f147b9","ID":"ef29cb9a-a433-409f-afb3-d803681c8e9f","childs":null,"emcosID":null,"emcosMLID":null,"WSName":"DB","rangeAddress":"$AV$267:$AV$304","headAddress":"$AV$267","bodyAddress":"$AV$268:$AV$304","_name":"счетчик"},"по счетчику":{"_level":2,"parentID":"aeb90423-e774-4c9d-a691-e3cb9d3af542","firstParentID":"a8d0a357-5917-4639-8f54-b8e1d5f147b9","ID":"aae77ef2-71a5-418b-a3e5-0d998c049e44","childs":null,"emcosID":null,"emcosMLID":null,"WSName":"DB","rangeAddress":"$AW$267:$AW$304","headAddress":"$AW$267","bodyAddress":"$AW$268:$AW$304","_name":"по счетчику"}},"emcosID":null,"emcosMLID":null,"WSName":"DB","rangeAddress":"$AQ$266:$AW$304","headAddress":"$AQ$266:$AW$266","bodyAddress":"$AQ$267:$AW$304","_name":"прием"},"отдача":{"_level":1,"parentID":"c95a1738-f7fe-4288-9ec0-c186bb5feaae","firstParentID":"a8d0a357-5917-4639-8f54-b8e1d5f147b9","ID":"f5794490-ea6f-4da5-827c-364a1bebcb9c","childs":{"код":{"_level":2,"parentID":"f5794490-ea6f-4da5-827c-364a1bebcb9c","firstParentID":"a8d0a357-5917-4639-8f54-b8e1d5f147b9","ID":"ab9690da-210e-4913-8385-37a593977c3c","childs":null,"emcosID":null,"emcosMLID":null,"WSName":"DB","rangeAddress":"$AX$267:$AX$304","headAddress":"$AX$267","bodyAddress":"$AX$268:$AX$304","_name":"код"},"основное":{"_level":2,"parentID":"f5794490-ea6f-4da5-827c-364a1bebcb9c","firstParentID":"a8d0a357-5917-4639-8f54-b8e1d5f147b9","ID":"aee24772-b529-4e3e-9c4c-bd3b132570ee","childs":null,"emcosID":null,"emcosMLID":null,"WSName":"DB","rangeAddress":"$AY$267:$AY$304","headAddress":"$AY$267","bodyAddress":"$AY$268:$AY$304","_name":"основное"},"корректировка факт":{"_level":2,"parentID":"f5794490-ea6f-4da5-827c-364a1bebcb9c","firstParentID":"a8d0a357-5917-4639-8f54-b8e1d5f147b9","ID":"f3ddefeb-e38d-4bef-9f54-a3404647ae1b","childs":null,"emcosID":null,"emcosMLID":null,"WSName":"DB","rangeAddress":"$AZ$267:$AZ$304","headAddress":"$AZ$267","bodyAddress":"$AZ$268:$AZ$304","_name":"корректировка факт"},"ручное":{"_level":2,"parentID":"f5794490-ea6f-4da5-827c-364a1bebcb9c","firstParentID":"a8d0a357-5917-4639-8f54-b8e1d5f147b9","ID":"a035a270-b489-46e3-b354-98176837b5fb","childs":null,"emcosID":null,"emcosMLID":null,"WSName":"DB","rangeAddress":"$BA$267:$BA$304","headAddress":"$BA$267","bodyAddress":"$BA$268:$BA$304","_name":"ручное"},"оперативное":{"_level":2,"parentID":"f5794490-ea6f-4da5-827c-364a1bebcb9c","firstParentID":"a8d0a357-5917-4639-8f54-b8e1d5f147b9","ID":"30571177-d039-4966-872e-8240d465fd26","childs":null,"emcosID":null,"emcosMLID":null,"WSName":"DB","rangeAddress":"$BB$267:$BB$304","headAddress":"$BB$267","bodyAddress":"$BB$268:$BB$304","_name":"оперативное"},"счетчик":{"_level":2,"parentID":"f5794490-ea6f-4da5-827c-364a1bebcb9c","firstParentID":"a8d0a357-5917-4639-8f54-b8e1d5f147b9","ID":"07ae05cd-ec3a-4d07-8593-432669bae4b2","childs":null,"emcosID":null,"emcosMLID":null,"WSName":"DB","rangeAddress":"$BC$267:$BC$304","headAddress":"$BC$267","bodyAddress":"$BC$268:$BC$304","_name":"счетчик"},"по счетчику":{"_level":2,"parentID":"f5794490-ea6f-4da5-827c-364a1bebcb9c","firstParentID":"a8d0a357-5917-4639-8f54-b8e1d5f147b9","ID":"ccb6a898-73b4-45ce-86cf-16ceaa04aed1","childs":null,"emcosID":null,"emcosMLID":null,"WSName":"DB","rangeAddress":"$BD$267:$BD$304","headAddress":"$BD$267","bodyAddress":"$BD$268:$BD$304","_name":"по счетчику"}},"emcosID":null,"emcosMLID":null,"WSName":"DB","rangeAddress":"$AX$266:$BD$304","headAddress":"$AX$266:$BD$266","bodyAddress":"$AX$267:$BD$304","_name":"отдача"}},"emcosID":null,"emcosMLID":null,"WSName":"DB","rangeAddress":"$AQ$265:$BD$304","headAddress":"$AQ$265:$BD$265","bodyAddress":"$AQ$266:$BD$304","_name":"КЛ84 ПС152 Талдыкорган"}},"codPlan":null,"meterCoef":null,"_name":"КЛ84 ПС152 Талдыкорган"}