{"ID":"b3c60caf-a6a2-4e83-809e-505c2e039617","childs":{"PS":{"_level":0,"parentID":"b3c60caf-a6a2-4e83-809e-505c2e039617","firstParentID":"b3c60caf-a6a2-4e83-809e-505c2e039617","ID":"5dd9d5c6-fc53-435a-a627-0ab76fbcc9e2","childs":{"прием":{"_level":1,"parentID":"5dd9d5c6-fc53-435a-a627-0ab76fbcc9e2","firstParentID":"b3c60caf-a6a2-4e83-809e-505c2e039617","ID":"1698c4c9-7904-40f4-a15e-d791072fe446","childs":{"по счетчику":{"_level":2,"parentID":"1698c4c9-7904-40f4-a15e-d791072fe446","firstParentID":"b3c60caf-a6a2-4e83-809e-505c2e039617","ID":"8de18365-6755-4f54-840f-c2a1e0f54ccd","childs":null,"emcosID":null,"emcosMLID":null,"codMaketTEP":null,"codTEP":null,"WSName":"PS","rangeAddress":"$BM$56:$BM$92","headAddress":"$BM$56","bodyAddress":"$BM$57:$BM$92","_name":"по счетчику"}},"emcosID":null,"emcosMLID":null,"codMaketTEP":null,"codTEP":null,"WSName":"PS","rangeAddress":"$BM$55:$BM$92","headAddress":"$BM$55","bodyAddress":"$BM$56:$BM$92","_name":"прием"},"отдача":{"_level":1,"parentID":"5dd9d5c6-fc53-435a-a627-0ab76fbcc9e2","firstParentID":"b3c60caf-a6a2-4e83-809e-505c2e039617","ID":"4c7e6bee-b6d1-4284-b976-dd3c56d05b60","childs":{"по счетчику":{"_level":2,"parentID":"4c7e6bee-b6d1-4284-b976-dd3c56d05b60","firstParentID":"b3c60caf-a6a2-4e83-809e-505c2e039617","ID":"2197980b-0afb-4919-9808-3859f4004df8","childs":null,"emcosID":null,"emcosMLID":null,"codMaketTEP":null,"codTEP":null,"WSName":"PS","rangeAddress":"$BN$56:$BN$92","headAddress":"$BN$56","bodyAddress":"$BN$57:$BN$92","_name":"по счетчику"}},"emcosID":null,"emcosMLID":null,"codMaketTEP":null,"codTEP":null,"WSName":"PS","rangeAddress":"$BN$55:$BN$92","headAddress":"$BN$55","bodyAddress":"$BN$56:$BN$92","_name":"отдача"}},"emcosID":null,"emcosMLID":null,"codMaketTEP":null,"codTEP":null,"WSName":"PS","rangeAddress":"$BM$54:$BN$92","headAddress":"$BM$54:$BN$54","bodyAddress":"$BM$55:$BN$92","_name":"Л134А Шу"},"DB":{"_level":0,"parentID":"b3c60caf-a6a2-4e83-809e-505c2e039617","firstParentID":"b3c60caf-a6a2-4e83-809e-505c2e039617","ID":"ebfc7275-bbc1-4dd8-b8d3-ac402e3c618e","childs":{"прием":{"_level":1,"parentID":"ebfc7275-bbc1-4dd8-b8d3-ac402e3c618e","firstParentID":"b3c60caf-a6a2-4e83-809e-505c2e039617","ID":"eaa912cf-3f5b-42ea-a346-c0edb370dafd","childs":{"код":{"_level":2,"parentID":"eaa912cf-3f5b-42ea-a346-c0edb370dafd","firstParentID":"b3c60caf-a6a2-4e83-809e-505c2e039617","ID":"76799e0d-8995-4125-986c-496075e42f99","childs":null,"emcosID":null,"emcosMLID":null,"codMaketTEP":null,"codTEP":null,"WSName":"DB","rangeAddress":"$IU$267:$IU$304","headAddress":"$IU$267","bodyAddress":"$IU$268:$IU$304","_name":"код"},"основное":{"_level":2,"parentID":"eaa912cf-3f5b-42ea-a346-c0edb370dafd","firstParentID":"b3c60caf-a6a2-4e83-809e-505c2e039617","ID":"01e3f04b-5878-4534-a5ab-415991cd2def","childs":null,"emcosID":null,"emcosMLID":null,"codMaketTEP":null,"codTEP":null,"WSName":"DB","rangeAddress":"$IV$267:$IV$304","headAddress":"$IV$267","bodyAddress":"$IV$268:$IV$304","_name":"основное"},"корректировка факт":{"_level":2,"parentID":"eaa912cf-3f5b-42ea-a346-c0edb370dafd","firstParentID":"b3c60caf-a6a2-4e83-809e-505c2e039617","ID":"51cb1bb4-a080-4c11-96f6-8bf485c04d36","childs":null,"emcosID":null,"emcosMLID":null,"codMaketTEP":null,"codTEP":null,"WSName":"DB","rangeAddress":"$IW$267:$IW$304","headAddress":"$IW$267","bodyAddress":"$IW$268:$IW$304","_name":"корректировка факт"},"ручное":{"_level":2,"parentID":"eaa912cf-3f5b-42ea-a346-c0edb370dafd","firstParentID":"b3c60caf-a6a2-4e83-809e-505c2e039617","ID":"b6bc2411-4c09-4aec-a7fe-6796047c509b","childs":null,"emcosID":null,"emcosMLID":null,"codMaketTEP":null,"codTEP":null,"WSName":"DB","rangeAddress":"$IX$267:$IX$304","headAddress":"$IX$267","bodyAddress":"$IX$268:$IX$304","_name":"ручное"},"счетчик":{"_level":2,"parentID":"eaa912cf-3f5b-42ea-a346-c0edb370dafd","firstParentID":"b3c60caf-a6a2-4e83-809e-505c2e039617","ID":"b760ddc8-e2a3-4bc9-8d80-2dba05048795","childs":null,"emcosID":null,"emcosMLID":null,"codMaketTEP":null,"codTEP":null,"WSName":"DB","rangeAddress":"$IY$267:$IY$304","headAddress":"$IY$267","bodyAddress":"$IY$268:$IY$304","_name":"счетчик"},"по счетчику":{"_level":2,"parentID":"eaa912cf-3f5b-42ea-a346-c0edb370dafd","firstParentID":"b3c60caf-a6a2-4e83-809e-505c2e039617","ID":"b96d955e-ece4-4aba-abd9-ffa5e5615ccc","childs":null,"emcosID":null,"emcosMLID":null,"codMaketTEP":null,"codTEP":null,"WSName":"DB","rangeAddress":"$IZ$267:$IZ$304","headAddress":"$IZ$267","bodyAddress":"$IZ$268:$IZ$304","_name":"по счетчику"}},"emcosID":null,"emcosMLID":null,"codMaketTEP":null,"codTEP":null,"WSName":"DB","rangeAddress":"$IU$266:$IZ$304","headAddress":"$IU$266:$IZ$266","bodyAddress":"$IU$267:$IZ$304","_name":"прием"},"отдача":{"_level":1,"parentID":"ebfc7275-bbc1-4dd8-b8d3-ac402e3c618e","firstParentID":"b3c60caf-a6a2-4e83-809e-505c2e039617","ID":"d8a7cfbc-255b-4048-aeb3-e63e51150ebc","childs":{"код":{"_level":2,"parentID":"d8a7cfbc-255b-4048-aeb3-e63e51150ebc","firstParentID":"b3c60caf-a6a2-4e83-809e-505c2e039617","ID":"6fa95a11-f694-4ec2-ab0d-55d71095af66","childs":null,"emcosID":null,"emcosMLID":null,"codMaketTEP":null,"codTEP":null,"WSName":"DB","rangeAddress":"$JA$267:$JA$304","headAddress":"$JA$267","bodyAddress":"$JA$268:$JA$304","_name":"код"},"основное":{"_level":2,"parentID":"d8a7cfbc-255b-4048-aeb3-e63e51150ebc","firstParentID":"b3c60caf-a6a2-4e83-809e-505c2e039617","ID":"adf63611-30f5-43eb-8471-08e996551e68","childs":null,"emcosID":null,"emcosMLID":null,"codMaketTEP":null,"codTEP":null,"WSName":"DB","rangeAddress":"$JB$267:$JB$304","headAddress":"$JB$267","bodyAddress":"$JB$268:$JB$304","_name":"основное"},"корректировка факт":{"_level":2,"parentID":"d8a7cfbc-255b-4048-aeb3-e63e51150ebc","firstParentID":"b3c60caf-a6a2-4e83-809e-505c2e039617","ID":"b90ae950-fbce-4d1c-af5e-7fe9687ce4da","childs":null,"emcosID":null,"emcosMLID":null,"codMaketTEP":null,"codTEP":null,"WSName":"DB","rangeAddress":"$JC$267:$JC$304","headAddress":"$JC$267","bodyAddress":"$JC$268:$JC$304","_name":"корректировка факт"},"ручное":{"_level":2,"parentID":"d8a7cfbc-255b-4048-aeb3-e63e51150ebc","firstParentID":"b3c60caf-a6a2-4e83-809e-505c2e039617","ID":"b2dd3691-fc77-418e-a5dc-44c6b722a045","childs":null,"emcosID":null,"emcosMLID":null,"codMaketTEP":null,"codTEP":null,"WSName":"DB","rangeAddress":"$JD$267:$JD$304","headAddress":"$JD$267","bodyAddress":"$JD$268:$JD$304","_name":"ручное"},"счетчик":{"_level":2,"parentID":"d8a7cfbc-255b-4048-aeb3-e63e51150ebc","firstParentID":"b3c60caf-a6a2-4e83-809e-505c2e039617","ID":"973c30b7-2693-46f7-8833-dcaa2fbb32af","childs":null,"emcosID":null,"emcosMLID":null,"codMaketTEP":null,"codTEP":null,"WSName":"DB","rangeAddress":"$JE$267:$JE$304","headAddress":"$JE$267","bodyAddress":"$JE$268:$JE$304","_name":"счетчик"},"по счетчику":{"_level":2,"parentID":"d8a7cfbc-255b-4048-aeb3-e63e51150ebc","firstParentID":"b3c60caf-a6a2-4e83-809e-505c2e039617","ID":"865370da-8d5f-4661-88f7-b25bd05e1bf1","childs":null,"emcosID":null,"emcosMLID":null,"codMaketTEP":null,"codTEP":null,"WSName":"DB","rangeAddress":"$JF$267:$JF$304","headAddress":"$JF$267","bodyAddress":"$JF$268:$JF$304","_name":"по счетчику"}},"emcosID":null,"emcosMLID":null,"codMaketTEP":null,"codTEP":null,"WSName":"DB","rangeAddress":"$JA$266:$JF$304","headAddress":"$JA$266:$JF$266","bodyAddress":"$JA$267:$JF$304","_name":"отдача"}},"emcosID":null,"emcosMLID":null,"codMaketTEP":null,"codTEP":null,"WSName":"DB","rangeAddress":"$IU$265:$JF$304","headAddress":"$IU$265:$JF$265","bodyAddress":"$IU$266:$JF$304","_name":"Л134А Шу"}},"codPlan":null,"meterCoef":null,"_name":"Л134А Шу"}