{"ID":"b9795c47-4159-4c88-aedf-20a1769ded25","childs":{"PS":{"_level":0,"parentID":"b9795c47-4159-4c88-aedf-20a1769ded25","firstParentID":"b9795c47-4159-4c88-aedf-20a1769ded25","ID":"c1084c3a-700d-4845-b8a7-80efc3c2bd79","childs":{"прием":{"_level":1,"parentID":"c1084c3a-700d-4845-b8a7-80efc3c2bd79","firstParentID":"b9795c47-4159-4c88-aedf-20a1769ded25","ID":"25faec43-52a7-46aa-a932-ef3bf207d449","childs":{"по счетчику":{"_level":2,"parentID":"25faec43-52a7-46aa-a932-ef3bf207d449","firstParentID":"b9795c47-4159-4c88-aedf-20a1769ded25","ID":"b9432e1a-6149-46c3-a896-255f65d0cc80","childs":null,"emcosID":null,"emcosMLID":null,"codMaketTEP":null,"codTEP":null,"WSName":"PS","rangeAddress":"$BK$56:$BK$92","headAddress":"$BK$56","bodyAddress":"$BK$57:$BK$92","_name":"по счетчику"}},"emcosID":null,"emcosMLID":null,"codMaketTEP":null,"codTEP":null,"WSName":"PS","rangeAddress":"$BK$55:$BK$92","headAddress":"$BK$55","bodyAddress":"$BK$56:$BK$92","_name":"прием"},"отдача":{"_level":1,"parentID":"c1084c3a-700d-4845-b8a7-80efc3c2bd79","firstParentID":"b9795c47-4159-4c88-aedf-20a1769ded25","ID":"c8fac240-22b0-4bbd-b193-38f82c41cfa9","childs":{"по счетчику":{"_level":2,"parentID":"c8fac240-22b0-4bbd-b193-38f82c41cfa9","firstParentID":"b9795c47-4159-4c88-aedf-20a1769ded25","ID":"e308d439-7a3e-4c4d-9ecf-a355254fa7b2","childs":null,"emcosID":null,"emcosMLID":null,"codMaketTEP":null,"codTEP":null,"WSName":"PS","rangeAddress":"$BL$56:$BL$92","headAddress":"$BL$56","bodyAddress":"$BL$57:$BL$92","_name":"по счетчику"}},"emcosID":null,"emcosMLID":null,"codMaketTEP":null,"codTEP":null,"WSName":"PS","rangeAddress":"$BL$55:$BL$92","headAddress":"$BL$55","bodyAddress":"$BL$56:$BL$92","_name":"отдача"}},"emcosID":null,"emcosMLID":null,"codMaketTEP":null,"codTEP":null,"WSName":"PS","rangeAddress":"$BK$54:$BL$92","headAddress":"$BK$54:$BL$54","bodyAddress":"$BK$55:$BL$92","_name":"Л133А Шу"},"DB":{"_level":0,"parentID":"b9795c47-4159-4c88-aedf-20a1769ded25","firstParentID":"b9795c47-4159-4c88-aedf-20a1769ded25","ID":"8567de2a-e4c4-4ab8-b515-2b0fe1304c7b","childs":{"прием":{"_level":1,"parentID":"8567de2a-e4c4-4ab8-b515-2b0fe1304c7b","firstParentID":"b9795c47-4159-4c88-aedf-20a1769ded25","ID":"a2fb34c8-654f-439f-afa4-c898022d43b0","childs":{"код":{"_level":2,"parentID":"a2fb34c8-654f-439f-afa4-c898022d43b0","firstParentID":"b9795c47-4159-4c88-aedf-20a1769ded25","ID":"9a0e0c8f-ebef-4e32-b073-5400eebfbf4c","childs":null,"emcosID":null,"emcosMLID":null,"codMaketTEP":null,"codTEP":null,"WSName":"DB","rangeAddress":"$JG$267:$JG$304","headAddress":"$JG$267","bodyAddress":"$JG$268:$JG$304","_name":"код"},"основное":{"_level":2,"parentID":"a2fb34c8-654f-439f-afa4-c898022d43b0","firstParentID":"b9795c47-4159-4c88-aedf-20a1769ded25","ID":"0c199938-e07f-47d4-89da-b77a67058743","childs":null,"emcosID":null,"emcosMLID":null,"codMaketTEP":null,"codTEP":null,"WSName":"DB","rangeAddress":"$JH$267:$JH$304","headAddress":"$JH$267","bodyAddress":"$JH$268:$JH$304","_name":"основное"},"корректировка факт":{"_level":2,"parentID":"a2fb34c8-654f-439f-afa4-c898022d43b0","firstParentID":"b9795c47-4159-4c88-aedf-20a1769ded25","ID":"23df9b21-272f-4e1d-ac43-781435e372b5","childs":null,"emcosID":null,"emcosMLID":null,"codMaketTEP":null,"codTEP":null,"WSName":"DB","rangeAddress":"$JI$267:$JI$304","headAddress":"$JI$267","bodyAddress":"$JI$268:$JI$304","_name":"корректировка факт"},"ручное":{"_level":2,"parentID":"a2fb34c8-654f-439f-afa4-c898022d43b0","firstParentID":"b9795c47-4159-4c88-aedf-20a1769ded25","ID":"eb859f3b-943f-49b3-86aa-f12b071da990","childs":null,"emcosID":null,"emcosMLID":null,"codMaketTEP":null,"codTEP":null,"WSName":"DB","rangeAddress":"$JJ$267:$JJ$304","headAddress":"$JJ$267","bodyAddress":"$JJ$268:$JJ$304","_name":"ручное"},"счетчик":{"_level":2,"parentID":"a2fb34c8-654f-439f-afa4-c898022d43b0","firstParentID":"b9795c47-4159-4c88-aedf-20a1769ded25","ID":"a310f862-760b-4db2-a15c-b88127afd41f","childs":null,"emcosID":null,"emcosMLID":null,"codMaketTEP":null,"codTEP":null,"WSName":"DB","rangeAddress":"$JK$267:$JK$304","headAddress":"$JK$267","bodyAddress":"$JK$268:$JK$304","_name":"счетчик"},"по счетчику":{"_level":2,"parentID":"a2fb34c8-654f-439f-afa4-c898022d43b0","firstParentID":"b9795c47-4159-4c88-aedf-20a1769ded25","ID":"56202c09-6e16-46ce-b282-a62d3d1b395f","childs":null,"emcosID":null,"emcosMLID":null,"codMaketTEP":null,"codTEP":null,"WSName":"DB","rangeAddress":"$JL$267:$JL$304","headAddress":"$JL$267","bodyAddress":"$JL$268:$JL$304","_name":"по счетчику"}},"emcosID":null,"emcosMLID":null,"codMaketTEP":null,"codTEP":null,"WSName":"DB","rangeAddress":"$JG$266:$JL$304","headAddress":"$JG$266:$JL$266","bodyAddress":"$JG$267:$JL$304","_name":"прием"},"отдача":{"_level":1,"parentID":"8567de2a-e4c4-4ab8-b515-2b0fe1304c7b","firstParentID":"b9795c47-4159-4c88-aedf-20a1769ded25","ID":"d746b8b4-230a-4971-aca1-ec8fb146b6d4","childs":{"код":{"_level":2,"parentID":"d746b8b4-230a-4971-aca1-ec8fb146b6d4","firstParentID":"b9795c47-4159-4c88-aedf-20a1769ded25","ID":"f0453e68-eb27-4ed3-94fe-e9bc99edb052","childs":null,"emcosID":null,"emcosMLID":null,"codMaketTEP":null,"codTEP":null,"WSName":"DB","rangeAddress":"$JM$267:$JM$304","headAddress":"$JM$267","bodyAddress":"$JM$268:$JM$304","_name":"код"},"основное":{"_level":2,"parentID":"d746b8b4-230a-4971-aca1-ec8fb146b6d4","firstParentID":"b9795c47-4159-4c88-aedf-20a1769ded25","ID":"196c3f0e-4f79-41a1-8ea9-4e48e357202b","childs":null,"emcosID":null,"emcosMLID":null,"codMaketTEP":null,"codTEP":null,"WSName":"DB","rangeAddress":"$JN$267:$JN$304","headAddress":"$JN$267","bodyAddress":"$JN$268:$JN$304","_name":"основное"},"корректировка факт":{"_level":2,"parentID":"d746b8b4-230a-4971-aca1-ec8fb146b6d4","firstParentID":"b9795c47-4159-4c88-aedf-20a1769ded25","ID":"d596a2a8-adc3-4b42-9d18-a457e7e38b8c","childs":null,"emcosID":null,"emcosMLID":null,"codMaketTEP":null,"codTEP":null,"WSName":"DB","rangeAddress":"$JO$267:$JO$304","headAddress":"$JO$267","bodyAddress":"$JO$268:$JO$304","_name":"корректировка факт"},"ручное":{"_level":2,"parentID":"d746b8b4-230a-4971-aca1-ec8fb146b6d4","firstParentID":"b9795c47-4159-4c88-aedf-20a1769ded25","ID":"8b536050-b79b-4b8f-ba52-a37dd84e74a1","childs":null,"emcosID":null,"emcosMLID":null,"codMaketTEP":null,"codTEP":null,"WSName":"DB","rangeAddress":"$JP$267:$JP$304","headAddress":"$JP$267","bodyAddress":"$JP$268:$JP$304","_name":"ручное"},"счетчик":{"_level":2,"parentID":"d746b8b4-230a-4971-aca1-ec8fb146b6d4","firstParentID":"b9795c47-4159-4c88-aedf-20a1769ded25","ID":"32dea511-a089-4fd6-a904-9d0b72cd35a4","childs":null,"emcosID":null,"emcosMLID":null,"codMaketTEP":null,"codTEP":null,"WSName":"DB","rangeAddress":"$JQ$267:$JQ$304","headAddress":"$JQ$267","bodyAddress":"$JQ$268:$JQ$304","_name":"счетчик"},"по счетчику":{"_level":2,"parentID":"d746b8b4-230a-4971-aca1-ec8fb146b6d4","firstParentID":"b9795c47-4159-4c88-aedf-20a1769ded25","ID":"66a04448-710c-4a51-8068-5f565f16eb3a","childs":null,"emcosID":null,"emcosMLID":null,"codMaketTEP":null,"codTEP":null,"WSName":"DB","rangeAddress":"$JR$267:$JR$304","headAddress":"$JR$267","bodyAddress":"$JR$268:$JR$304","_name":"по счетчику"}},"emcosID":null,"emcosMLID":null,"codMaketTEP":null,"codTEP":null,"WSName":"DB","rangeAddress":"$JM$266:$JR$304","headAddress":"$JM$266:$JR$266","bodyAddress":"$JM$267:$JR$304","_name":"отдача"}},"emcosID":null,"emcosMLID":null,"codMaketTEP":null,"codTEP":null,"WSName":"DB","rangeAddress":"$JG$265:$JR$304","headAddress":"$JG$265:$JR$265","bodyAddress":"$JG$266:$JR$304","_name":"Л133А Шу"}},"codPlan":null,"meterCoef":null,"_name":"Л133А Шу"}