{"ID":"cc0a03c0-0bc5-46ef-b2b3-319312082632","childs":{"PS":{"_level":0,"parentID":"cc0a03c0-0bc5-46ef-b2b3-319312082632","firstParentID":"cc0a03c0-0bc5-46ef-b2b3-319312082632","ID":"ba4e6808-521f-42b6-b463-bc4a515a82dc","childs":{"прием":{"_level":1,"parentID":"ba4e6808-521f-42b6-b463-bc4a515a82dc","firstParentID":"cc0a03c0-0bc5-46ef-b2b3-319312082632","ID":"c8165365-31ab-473f-bdbf-677128335001","childs":{"ручное":{"_level":2,"parentID":"c8165365-31ab-473f-bdbf-677128335001","firstParentID":"cc0a03c0-0bc5-46ef-b2b3-319312082632","ID":"cf732c24-60fd-42ff-b8e2-cb494b9234f5","childs":null,"emcosID":null,"emcosMLID":null,"WSName":"PS","rangeAddress":"$M$185:$M$221","headAddress":"$M$185","bodyAddress":"$M$186:$M$221","_name":"ручное"}},"emcosID":null,"emcosMLID":null,"WSName":"PS","rangeAddress":"$M$184:$M$221","headAddress":"$M$184","bodyAddress":"$M$185:$M$221","_name":"прием"}},"emcosID":null,"emcosMLID":null,"WSName":"PS","rangeAddress":"$M$183:$M$221","headAddress":"$M$183","bodyAddress":"$M$184:$M$221","_name":"Потребление Темиржолэнерго"},"DB":{"_level":0,"parentID":"cc0a03c0-0bc5-46ef-b2b3-319312082632","firstParentID":"cc0a03c0-0bc5-46ef-b2b3-319312082632","ID":"634a0f2b-da05-4001-8bba-29903d9ed71e","childs":{"прием":{"_level":1,"parentID":"634a0f2b-da05-4001-8bba-29903d9ed71e","firstParentID":"cc0a03c0-0bc5-46ef-b2b3-319312082632","ID":"937b92d2-12f6-445a-884b-9f31cc65b4bc","childs":{"код":{"_level":2,"parentID":"937b92d2-12f6-445a-884b-9f31cc65b4bc","firstParentID":"cc0a03c0-0bc5-46ef-b2b3-319312082632","ID":"baaa3cad-9c30-478c-84b1-d3d599ee09e4","childs":null,"emcosID":null,"emcosMLID":null,"WSName":"DB","rangeAddress":"$DA$353:$DA$390","headAddress":"$DA$353","bodyAddress":"$DA$354:$DA$390","_name":"код"},"основное":{"_level":2,"parentID":"937b92d2-12f6-445a-884b-9f31cc65b4bc","firstParentID":"cc0a03c0-0bc5-46ef-b2b3-319312082632","ID":"12de26ab-2916-4d35-8958-75c93d41bfe6","childs":null,"emcosID":null,"emcosMLID":null,"WSName":"DB","rangeAddress":"$DB$353:$DB$390","headAddress":"$DB$353","bodyAddress":"$DB$354:$DB$390","_name":"основное"},"корректировка факт":{"_level":2,"parentID":"937b92d2-12f6-445a-884b-9f31cc65b4bc","firstParentID":"cc0a03c0-0bc5-46ef-b2b3-319312082632","ID":"59e70665-2c80-44b1-8c24-33b3b7a92582","childs":null,"emcosID":null,"emcosMLID":null,"WSName":"DB","rangeAddress":"$DC$353:$DC$390","headAddress":"$DC$353","bodyAddress":"$DC$354:$DC$390","_name":"корректировка факт"},"ручное":{"_level":2,"parentID":"937b92d2-12f6-445a-884b-9f31cc65b4bc","firstParentID":"cc0a03c0-0bc5-46ef-b2b3-319312082632","ID":"8215d12d-2d81-47be-ab56-986f28dc9999","childs":null,"emcosID":null,"emcosMLID":null,"WSName":"DB","rangeAddress":"$DD$353:$DD$390","headAddress":"$DD$353","bodyAddress":"$DD$354:$DD$390","_name":"ручное"}},"emcosID":null,"emcosMLID":null,"WSName":"DB","rangeAddress":"$DA$352:$DD$390","headAddress":"$DA$352:$DD$352","bodyAddress":"$DA$353:$DD$390","_name":"прием"}},"emcosID":null,"emcosMLID":null,"WSName":"DB","rangeAddress":"$DA$351:$DD$390","headAddress":"$DA$351:$DD$351","bodyAddress":"$DA$352:$DD$390","_name":"Потребление Темиржолэнерго"}},"codPlan":null,"meterCoef":null,"_name":"Потребление Темиржолэнерго"}