{
    "allColors": [
      "255, 80, 80",
      "240, 240, 0",
      "0, 176, 80",
      "142, 169, 219",
      "217, 225, 242",
      "215, 225, 242",
      "102, 255, 102",
      "124, 255, 124",
      "103, 255, 102",
      "125, 255, 124",
      "255, 102, 0",
      "255, 124, 38",
      "254, 102, 0",
      "254, 124, 38",
      "51, 153, 255",
      "81, 168, 255",
      "52, 153, 255",
      "82, 168, 255",
      "255, 102, 255",
      "255, 124, 255",
      "254, 102, 255",
      "254, 124, 255",
      "0, 208, 168",
      "38, 215, 181",
      "1, 208, 168",
      "39, 215, 181",
      "255, 217, 102",
      "255, 222, 124",
      "254, 217, 102",
      "254, 222, 124",
      "255, 200, 25",
      "255, 208, 59",
      "254, 200, 25",
      "254, 208, 59",
      "47, 117, 181",
      "78, 137, 192",
      "48, 117, 181",
      "79, 137, 192",
      "148, 255, 41",
      "164, 255, 73",
      "149, 255, 41",
      "113, 226, 0",
      "134, 230, 38",
      "114, 226, 0",
      "135, 230, 38",
      "170, 230, 0",
      "182, 233, 38",
      "171, 230, 0",
      "183, 233, 38"
    ],
    "subColors": {
      "colorUp1": "255, 80, 80",
      "colorUp2": "240, 240, 0",
      "colorUp3": "0, 176, 80"
    },
    "main": {
      "subject": "142, 169, 219",
      "прием": "217, 225, 242",
      "отдача": "216, 225, 242",
      "сальдо": "215, 225, 242",
      "план": "214, 225, 242"
    },
    "mainTitle": {
      "аскуэ": "102, 255, 102",
      "формула": "255, 102, 0",
      "ручное": "51, 153, 255",
      "оперативное": "255, 102, 255",
      "по плану": "0, 208, 168",
      "по счетчику": "255, 217, 102",
      "счетчик": "255, 200, 25",
      "корректировка факт": "47, 117, 181",
      "утвержденный": "148, 255, 41",
      "корректировка": "113, 226, 0",
      "заявка": "170, 230, 0"
    },
    "mainSubtitle": {
      "аскуэ": "153, 255, 153",
      "формула": "255, 153, 102",
      "ручное": "102, 204, 255",
      "оперативное": "255, 153, 255",
      "по плану": "0, 255, 204",
      "по счетчику": "255, 230, 153",
      "счетчик": "255, 212, 75",
      "корректировка факт": "76, 145, 208",
      "утвержденный": "204, 255, 153",
      "корректировка": "153, 255, 51",
      "заявка": "204, 255, 51"
    },
    "extraTitle": {
      "АСКУЭ": "101, 255, 102",
      "ФОРМУЛА": "254, 102, 0",
      "РУЧНОЕ": "50, 153, 255",
      "ОПЕРАТИВНОЕ": "254, 102, 255",
      "ПО ПЛАНУ": "Black",
      "ПО СЧЕТЧИКУ": "254, 217, 102",
      "СЧЕТЧИК": "253, 200, 25",
      "КОРРЕКТИРОВКА ФАКТ": "48, 117, 181",
      "УТВЕРЖДЕННЫЙ": "147, 255, 41",
      "КОРРЕКТИРОВКА": "112, 226, 0",
      "ЗАЯВКА": "169, 230, 0"
    },
    "extraSubtitle": {
      "АСКУЭ": "152, 255, 153",
      "ФОРМУЛА": "254, 153, 102",
      "РУЧНОЕ": "101, 204, 255",
      "ОПЕРАТИВНОЕ": "254, 153, 255",
      "ПО ПЛАНУ": "Black",
      "ПО СЧЕТЧИКУ": "254, 230, 153",
      "СЧЕТЧИК": "253, 212, 75",
      "КОРРЕКТИРОВКА ФАКТ": "77, 145, 208",
      "УТВЕРЖДЕННЫЙ": "203, 255, 153",
      "КОРРЕКТИРОВКА": "152, 255, 51",
      "ЗАЯВКА": "203, 255, 51"
    },
    "sumColor": "255, 242, 204"
  }
  