{"heads":{"Общие для АлмМЭС":{"_level":0,"_name":"Общие для АлмМЭС","WSName":"PS","rangeAddress":"$B$8:$AD$8","childs":{"заголовок U2":{"_level":1,"_name":"заголовок U2","WSName":"PS","rangeAddress":"$B$9:$AD$9","childs":{"Общее":{"_level":2,"_name":"Общее","WSName":"PS","rangeAddress":"$B$10:$AD$10","childs":null}}}}},"Подстанции 500 кВ":{"_level":0,"_name":"Подстанции 500 кВ","WSName":"PS","rangeAddress":"$B$51:$FO$51","childs":{"ПС 500 кВ":{"_level":1,"_name":"ПС 500 кВ","WSName":"PS","rangeAddress":"$B$52:$FO$52","childs":{"Агадырь":{"_level":2,"_name":"Агадырь","WSName":"PS","rangeAddress":"$B$53:$F$53","childs":null},"ЮКГРЭС":{"_level":2,"_name":"ЮКГРЭС","WSName":"PS","rangeAddress":"$H$53:$AS$53","childs":null},"Шу":{"_level":2,"_name":"Шу","WSName":"PS","rangeAddress":"$AU$53:$CM$53","childs":null},"Алматы":{"_level":2,"_name":"Алматы","WSName":"PS","rangeAddress":"$CO$53:$DV$53","childs":null},"Талдыкорган":{"_level":2,"_name":"Талдыкорган","WSName":"PS","rangeAddress":"$DX$53:$EJ$53","childs":null},"Алма":{"_level":2,"_name":"Алма","WSName":"PS","rangeAddress":"$EL$53:$FI$53","childs":null},"Фрунзе":{"_level":2,"_name":"Фрунзе","WSName":"PS","rangeAddress":"$FK$53:$FO$53","childs":null}}}}},"Подстанции 220 кВ":{"_level":0,"_name":"Подстанции 220 кВ","WSName":"PS","rangeAddress":"$B$94:$LH$94","childs":{"ПС 220 кВ":{"_level":1,"_name":"ПС 220 кВ","WSName":"PS","rangeAddress":"$B$95:$LH$95","childs":{"ОРУ 220 АТЭЦ3":{"_level":2,"_name":"ОРУ 220 АТЭЦ3","WSName":"PS","rangeAddress":"$B$96:$P$96","childs":null},"ОРУ 220 МГЭС":{"_level":2,"_name":"ОРУ 220 МГЭС","WSName":"PS","rangeAddress":"$R$96:$AM$96","childs":null},"ПС126 Талдыкорган":{"_level":2,"_name":"ПС126 Талдыкорган","WSName":"PS","rangeAddress":"$AO$96:$BF$96","childs":null},"ПС149 Талдыкорган ЗЩА":{"_level":2,"_name":"ПС149 Талдыкорган ЗЩА","WSName":"PS","rangeAddress":"$BH$96:$CG$96","childs":null},"ПС152 Талдыкорган":{"_level":2,"_name":"ПС152 Талдыкорган","WSName":"PS","rangeAddress":"$CI$96:$GD$96","childs":null},"КГЭС":{"_level":2,"_name":"КГЭС","WSName":"PS","rangeAddress":"$GF$96:$GN$96","childs":null},"АХБК 7А":{"_level":2,"_name":"АХБК 7А","WSName":"PS","rangeAddress":"$GP$96:$GY$96","childs":null},"Западная 140А":{"_level":2,"_name":"Западная 140А","WSName":"PS","rangeAddress":"$HA$96:$HI$96","childs":null},"Робот 143А":{"_level":2,"_name":"Робот 143А","WSName":"PS","rangeAddress":"$HK$96:$HX$96","childs":null},"Главная":{"_level":2,"_name":"Главная","WSName":"PS","rangeAddress":"$HZ$96:$IE$96","childs":null},"Кемин":{"_level":2,"_name":"Кемин","WSName":"PS","rangeAddress":"$IG$96:$II$96","childs":null},"Бесагаш Кенсай 166А":{"_level":2,"_name":"Бесагаш Кенсай 166А","WSName":"PS","rangeAddress":"$IK$96:$IN$96","childs":null},"Шелек 68И":{"_level":2,"_name":"Шелек 68И","WSName":"PS","rangeAddress":"$IP$96:$IX$96","childs":null},"Капчагайская 62А":{"_level":2,"_name":"Капчагайская 62А","WSName":"PS","rangeAddress":"$IZ$96:$JC$96","childs":null},"Коян Кос 154А":{"_level":2,"_name":"Коян Кос 154А","WSName":"PS","rangeAddress":"$JE$96:$JH$96","childs":null},"Строительная 120А":{"_level":2,"_name":"Строительная 120А","WSName":"PS","rangeAddress":"$JJ$96:$JN$96","childs":null},"Мын Арал тяга":{"_level":2,"_name":"Мын Арал тяга","WSName":"PS","rangeAddress":"$JP$96:$JU$96","childs":null},"Чиганак тяга":{"_level":2,"_name":"Чиганак тяга","WSName":"PS","rangeAddress":"$JW$96:$KD$96","childs":null},"Узун Агач тяга":{"_level":2,"_name":"Узун Агач тяга","WSName":"PS","rangeAddress":"$KF$96:$KI$96","childs":null},"Медеу тяга":{"_level":2,"_name":"Медеу тяга","WSName":"PS","rangeAddress":"$KK$96:$KM$96","childs":null},"Сары Шаган тяга":{"_level":2,"_name":"Сары Шаган тяга","WSName":"PS","rangeAddress":"$KO$96:$KS$96","childs":null},"Кияхты тяга":{"_level":2,"_name":"Кияхты тяга","WSName":"PS","rangeAddress":"$KU$96:$KZ$96","childs":null},"Жидели тяга":{"_level":2,"_name":"Жидели тяга","WSName":"PS","rangeAddress":"$LB$96:$LE$96","childs":null},"Актогай":{"_level":2,"_name":"Актогай","WSName":"PS","rangeAddress":"$LG$96:$LH$96","childs":null}}}}},"Подстанции 110 35 10 кВ":{"_level":0,"_name":"Подстанции 110 35 10 кВ","WSName":"PS","rangeAddress":"$B$137:$AI$137","childs":{"ПС 110 35 10 кВ":{"_level":1,"_name":"ПС 110 35 10 кВ","WSName":"PS","rangeAddress":"$B$138:$AI$138","childs":{"Жилпоселок":{"_level":2,"_name":"Жилпоселок","WSName":"PS","rangeAddress":"$B$139:$E$139","childs":null},"Водозабор":{"_level":2,"_name":"Водозабор","WSName":"PS","rangeAddress":"$G$139:$J$139","childs":null},"ПС159Т Карабулак":{"_level":2,"_name":"ПС159Т Карабулак","WSName":"PS","rangeAddress":"$L$139:$P$139","childs":null},"РУ ТТЭЦ2":{"_level":2,"_name":"РУ ТТЭЦ2","WSName":"PS","rangeAddress":"$R$139:$Y$139","childs":null},"Шу 110 Тяга":{"_level":2,"_name":"Шу 110 Тяга","WSName":"PS","rangeAddress":"$AA$139:$AC$139","childs":null},"ОРУ КарГЭС4":{"_level":2,"_name":"ОРУ КарГЭС4","WSName":"PS","rangeAddress":"$AE$139:$AF$139","childs":null},"Пионерная":{"_level":2,"_name":"Пионерная","WSName":"PS","rangeAddress":"$AH$139:$AI$139","childs":null}}}}},"Алматинский энергоузел":{"_level":0,"_name":"Алматинский энергоузел","WSName":"PS","rangeAddress":"$B$180:$EX$180","childs":{"Потребление Алматинского Узла":{"_level":1,"_name":"Потребление Алматинского Узла","WSName":"PS","rangeAddress":"$B$181:$BG$181","childs":{"ЭЧ19":{"_level":2,"_name":"ЭЧ19","WSName":"PS","rangeAddress":"$B$182","childs":null},"ЭЧ22":{"_level":2,"_name":"ЭЧ22","WSName":"PS","rangeAddress":"$C$182","childs":null},"ЭЧ23":{"_level":2,"_name":"ЭЧ23","WSName":"PS","rangeAddress":"$D$182","childs":null},"КТЖ Алматы":{"_level":2,"_name":"КТЖ Алматы","WSName":"PS","rangeAddress":"$Q$182:$Z$182","childs":null},"Алматыэнергосбыт":{"_level":2,"_name":"Алматыэнергосбыт","WSName":"PS","rangeAddress":"$E$182:$F$182","childs":null},"Балхашэнерго":{"_level":2,"_name":"Балхашэнерго","WSName":"PS","rangeAddress":"$G$182","childs":null},"Каз Ферро Сталь":{"_level":2,"_name":"Каз Ферро Сталь","WSName":"PS","rangeAddress":"$H$182:$I$182","childs":null},"АБ Энерго Алматы":{"_level":2,"_name":"АБ Энерго Алматы","WSName":"PS","rangeAddress":"$J$182:$L$182","childs":null},"Темиржолэнерго Алматы":{"_level":2,"_name":"Темиржолэнерго Алматы","WSName":"PS","rangeAddress":"$M$182:$N$182","childs":null},"Elektric Eergy":{"_level":2,"_name":"Elektric Eergy","WSName":"PS","rangeAddress":"$O$182:$P$182","childs":null},"Alfa Power Алматы":{"_level":2,"_name":"Alfa Power Алматы","WSName":"PS","rangeAddress":"$AA$182:$AB$182","childs":null},"СТЭМ Алматы":{"_level":2,"_name":"СТЭМ Алматы","WSName":"PS","rangeAddress":"$AC$182:$AD$182","childs":null},"Каз Энерго Холдинг Алматы":{"_level":2,"_name":"Каз Энерго Холдинг Алматы","WSName":"PS","rangeAddress":"$AE$182:$AF$182","childs":null},"Энергоснаб XXI Алматы":{"_level":2,"_name":"Энергоснаб XXI Алматы","WSName":"PS","rangeAddress":"$AG$182:$AH$182","childs":null},"С.А.Petro Group Алматы":{"_level":2,"_name":"С.А.Petro Group Алматы","WSName":"PS","rangeAddress":"$AI$182:$AJ$182","childs":null},"Энергопромтехно":{"_level":2,"_name":"Энергопромтехно","WSName":"PS","rangeAddress":"$AK$182:$AL$182","childs":null},"Almaty Kuat":{"_level":2,"_name":"Almaty Kuat","WSName":"PS","rangeAddress":"$AM$182:$AN$182","childs":null},"Жибек Жолы Оперейтинг Алматы":{"_level":2,"_name":"Жибек Жолы Оперейтинг Алматы","WSName":"PS","rangeAddress":"$AO$182:$AP$182","childs":null},"Энергокомпания Qaz Energy Алматы":{"_level":2,"_name":"Энергокомпания Qaz Energy Алматы","WSName":"PS","rangeAddress":"$AQ$182:$AR$182","childs":null},"Samga Development Алматы":{"_level":2,"_name":"Samga Development Алматы","WSName":"PS","rangeAddress":"$AS$182:$AT$182","childs":null},"Международный аэропорт Алматы":{"_level":2,"_name":"Международный аэропорт Алматы","WSName":"PS","rangeAddress":"$AU$182","childs":null},"Алматы Су":{"_level":2,"_name":"Алматы Су","WSName":"PS","rangeAddress":"$AV$182","childs":null},"Prime Energy Resources Алматы":{"_level":2,"_name":"Prime Energy Resources Алматы","WSName":"PS","rangeAddress":"$AW$182:$AX$182","childs":null},"Каз Экотранс Алматы":{"_level":2,"_name":"Каз Экотранс Алматы","WSName":"PS","rangeAddress":"$AY$182:$AZ$182","childs":null},"Росэлко трэйд Алматы":{"_level":2,"_name":"Росэлко трэйд Алматы","WSName":"PS","rangeAddress":"$BA$182:$BB$182","childs":null},"Green Oil Алматы":{"_level":2,"_name":"Green Oil Алматы","WSName":"PS","rangeAddress":"$BC$182","childs":null},"Компания Эрго Алматы":{"_level":2,"_name":"Компания Эрго Алматы","WSName":"PS","rangeAddress":"$BD$182","childs":null},"ИЗА Алматы":{"_level":2,"_name":"ИЗА Алматы","WSName":"PS","rangeAddress":"$BE$182","childs":null},"SilkWayEnergy Алматы":{"_level":2,"_name":"SilkWayEnergy Алматы","WSName":"PS","rangeAddress":"$BF$182:$BG$182","childs":null}}},"Генерация Алматинского Узла":{"_level":1,"_name":"Генерация Алматинского Узла","WSName":"PS","rangeAddress":"$BT$181:$DR$181","childs":{"АлЭС":{"_level":2,"_name":"АлЭС","WSName":"PS","rangeAddress":"$BT$182:$CM$182","childs":null},"Мойнак ГЭС МГЭС":{"_level":2,"_name":"Мойнак ГЭС МГЭС","WSName":"PS","rangeAddress":"$CN$182:$CR$182","childs":null},"M Kat Green СЭС Шу 100":{"_level":2,"_name":"M Kat Green СЭС Шу 100","WSName":"PS","rangeAddress":"$CS$182:$CV$182","childs":null},"Mistral Energy СЭС Каскелен 50":{"_level":2,"_name":"Mistral Energy СЭС Каскелен 50","WSName":"PS","rangeAddress":"$CW$182:$DA$182","childs":null},"Eneverse Kunkuat СЭС Капшагай 100":{"_level":2,"_name":"Eneverse Kunkuat СЭС Капшагай 100","WSName":"PS","rangeAddress":"$DB$182:$DK$182","childs":null},"Энергия Семиречья":{"_level":2,"_name":"Энергия Семиречья","WSName":"PS","rangeAddress":"$DL$182:$DM$182","childs":null},"Жеруйык Энерго":{"_level":2,"_name":"Жеруйык Энерго","WSName":"PS","rangeAddress":"$DN$182:$DO$182","childs":null},"Какпакская ГЭС":{"_level":2,"_name":"Какпакская ГЭС","WSName":"PS","rangeAddress":"$DP$182","childs":null},"ВИЭ Алматы":{"_level":2,"_name":"ВИЭ Алматы","WSName":"PS","rangeAddress":"$DQ$182:$DR$182","childs":null}}},"ВИЭ Алматинского Узла":{"_level":1,"_name":"ВИЭ Алматинского Узла","WSName":"PS","rangeAddress":"$DT$181:$ES$181","childs":{"Кербулак":{"_level":2,"_name":"Кербулак","WSName":"PS","rangeAddress":"$DT$182","childs":null},"Кербулак 2":{"_level":2,"_name":"Кербулак 2","WSName":"PS","rangeAddress":"$DU$182","childs":null},"Сарыбулак":{"_level":2,"_name":"Сарыбулак","WSName":"PS","rangeAddress":"$DV$182","childs":null},"Сарыбулак 2":{"_level":2,"_name":"Сарыбулак 2","WSName":"PS","rangeAddress":"$DW$182","childs":null},"Нурлы":{"_level":2,"_name":"Нурлы","WSName":"PS","rangeAddress":"$DX$182","childs":null},"Нурлы 2":{"_level":2,"_name":"Нурлы 2","WSName":"PS","rangeAddress":"$DY$182","childs":null},"Техно Базальт":{"_level":2,"_name":"Техно Базальт","WSName":"PS","rangeAddress":"$DZ$182","childs":null},"КазЭлектроЭнергия ИГЭС 2":{"_level":2,"_name":"КазЭлектроЭнергия ИГЭС 2","WSName":"PS","rangeAddress":"$EA$182","childs":null},"Энергия Алем ИГЭС 3":{"_level":2,"_name":"Энергия Алем ИГЭС 3","WSName":"PS","rangeAddress":"$EB$182","childs":null},"КазНИИ Чокина и Эетысу Энерго Караш":{"_level":2,"_name":"КазНИИ Чокина и Эетысу Энерго Караш","WSName":"PS","rangeAddress":"$EC$182","childs":null},"Самрук Грин Энерджи":{"_level":2,"_name":"Самрук Грин Энерджи","WSName":"PS","rangeAddress":"$ED$182:$EL$182","childs":null},"Аннар":{"_level":2,"_name":"Аннар","WSName":"PS","rangeAddress":"$EM$182","childs":null},"EC ENERGY Qazaqstan":{"_level":2,"_name":"EC ENERGY Qazaqstan","WSName":"PS","rangeAddress":"$EN$182","childs":null},"DEF GES":{"_level":2,"_name":"DEF GES","WSName":"PS","rangeAddress":"$EO$182","childs":null},"Almaty Engineering Талгарская ГЭС":{"_level":2,"_name":"Almaty Engineering Талгарская ГЭС","WSName":"PS","rangeAddress":"$EP$182:$EQ$182","childs":null},"Гидро Пауэр":{"_level":2,"_name":"Гидро Пауэр","WSName":"PS","rangeAddress":"$ER$182","childs":null},"Капшагай Солар Парк":{"_level":2,"_name":"Капшагай Солар Парк","WSName":"PS","rangeAddress":"$ES$182","childs":null}}},"Общее для Алматинского энергозла":{"_level":1,"_name":"Общее для Алматинского энергозла","WSName":"PS","rangeAddress":"$EU$181:$EX$181","childs":{"KEGOC Алматинский энергоузел":{"_level":2,"_name":"KEGOC Алматинский энергоузел","WSName":"PS","rangeAddress":"$EU$182:$EW$182","childs":null},"Станции Алматинского энергоузла":{"_level":2,"_name":"Станции Алматинского энергоузла","WSName":"PS","rangeAddress":"$EX$182","childs":null}}},"Зона АЖК":{"_level":1,"_name":"Зона АЖК","WSName":"PS","rangeAddress":"$BI$181:$BR$181","childs":{"АЖК":{"_level":2,"_name":"АЖК","WSName":"PS","rangeAddress":"$BI$182:$BQ$182","childs":null},"Алматы Су и Международный аэропорт Алматы":{"_level":2,"_name":"Алматы Су и Международный аэропорт Алматы","WSName":"PS","rangeAddress":"$BR$182","childs":null}}}}},"Жетысуский энергоузел":{"_level":0,"_name":"Жетысуский энергоузел","WSName":"PS","rangeAddress":"$B$223:$CI$223","childs":{"Потребление Жетысуского Узла":{"_level":1,"_name":"Потребление Жетысуского Узла","WSName":"PS","rangeAddress":"$B$224:$BC$224","childs":{"ТАТЭК":{"_level":2,"_name":"ТАТЭК","WSName":"PS","rangeAddress":"$B$225:$I$225","childs":null},"Жетысу Энерго Трейд ЖЭТ":{"_level":2,"_name":"Жетысу Энерго Трейд ЖЭТ","WSName":"PS","rangeAddress":"$J$225:$L$225","childs":null},"АСПМК":{"_level":2,"_name":"АСПМК","WSName":"PS","rangeAddress":"$M$225:$N$225","childs":null},"Alfa Power Жетысу":{"_level":2,"_name":"Alfa Power Жетысу","WSName":"PS","rangeAddress":"$O$225:$P$225","childs":null},"СТЭМ Жетысу":{"_level":2,"_name":"СТЭМ Жетысу","WSName":"PS","rangeAddress":"$Q$225:$R$225","childs":null},"Мангыстау Энерго Сату":{"_level":2,"_name":"Мангыстау Энерго Сату","WSName":"PS","rangeAddress":"$S$225:$T$225","childs":null},"Кайнар АКБ":{"_level":2,"_name":"Кайнар АКБ","WSName":"PS","rangeAddress":"$U$225","childs":null},"Жетысу Водоканал":{"_level":2,"_name":"Жетысу Водоканал","WSName":"PS","rangeAddress":"$V$225:$W$225","childs":null},"Энергокомпания Qaz Energy Жетысу":{"_level":2,"_name":"Энергокомпания Qaz Energy Жетысу","WSName":"PS","rangeAddress":"$X$225","childs":null},"SilkWayEnergy Жетысу":{"_level":2,"_name":"SilkWayEnergy Жетысу","WSName":"PS","rangeAddress":"$Y$225","childs":null},"Хоргос Энерго":{"_level":2,"_name":"Хоргос Энерго","WSName":"PS","rangeAddress":"$Z$225","childs":null},"Хоргос Восточные Ворота":{"_level":2,"_name":"Хоргос Восточные Ворота","WSName":"PS","rangeAddress":"$AA$225","childs":null},"Каратал Транзит":{"_level":2,"_name":"Каратал Транзит","WSName":"PS","rangeAddress":"$AB$225","childs":null},"КТЖ Жетысу":{"_level":2,"_name":"КТЖ Жетысу","WSName":"PS","rangeAddress":"$AC$225:$AI$225","childs":null},"Alatau Power Жетысу":{"_level":2,"_name":"Alatau Power Жетысу","WSName":"PS","rangeAddress":"$AJ$225:$AK$225","childs":null},"Prime Energy Resources Жетысу":{"_level":2,"_name":"Prime Energy Resources Жетысу","WSName":"PS","rangeAddress":"$AL$225:$AM$225","childs":null},"Rapid Power Жетысу":{"_level":2,"_name":"Rapid Power Жетысу","WSName":"PS","rangeAddress":"$AN$225","childs":null},"Тенгри Энерджи Жетысу":{"_level":2,"_name":"Тенгри Энерджи Жетысу","WSName":"PS","rangeAddress":"$AO$225","childs":null},"Каз Экотранс Жетысу ":{"_level":2,"_name":"Каз Экотранс Жетысу ","WSName":"PS","rangeAddress":"$AP$225","childs":null},"ENERCO Asia Жетысу":{"_level":2,"_name":"ENERCO Asia Жетысу","WSName":"PS","rangeAddress":"$AQ$225:$AR$225","childs":null},"Темиржолэнерго Жетысу":{"_level":2,"_name":"Темиржолэнерго Жетысу","WSName":"PS","rangeAddress":"$AS$225","childs":null},"АБ Энерго Жетысу":{"_level":2,"_name":"АБ Энерго Жетысу","WSName":"PS","rangeAddress":"$AT$225","childs":null},"Энергоснаб XXI Жетысу":{"_level":2,"_name":"Энергоснаб XXI Жетысу","WSName":"PS","rangeAddress":"$AU$225","childs":null},"Югэнергоимпульс Жетысу":{"_level":2,"_name":"Югэнергоимпульс Жетысу","WSName":"PS","rangeAddress":"$AV$225","childs":null},"Т-Генерация  Жетысу":{"_level":2,"_name":"Т-Генерация  Жетысу","WSName":"PS","rangeAddress":"$AW$225","childs":null},"С.А.Petro Group Жетысу":{"_level":2,"_name":"С.А.Petro Group Жетысу","WSName":"PS","rangeAddress":"$AX$225","childs":null},"Green Oil Жетысу":{"_level":2,"_name":"Green Oil Жетысу","WSName":"PS","rangeAddress":"$AY$225","childs":null},"КТЖ Грузовые перевозки и Темиржолэнерго":{"_level":2,"_name":"КТЖ Грузовые перевозки и Темиржолэнерго","WSName":"PS","rangeAddress":"$AZ$225","childs":null},"A.F. Эй Эф":{"_level":2,"_name":"A.F. Эй Эф","WSName":"PS","rangeAddress":"$BA$225:$BB$225","childs":null},"ТАТЭК + ЖЭТ + AlfaPower":{"_level":2,"_name":"ТАТЭК + ЖЭТ + AlfaPower","WSName":"PS","rangeAddress":"$BC$225","childs":null}}},"Генерация Жетысуского узла":{"_level":1,"_name":"Генерация Жетысуского узла","WSName":"PS","rangeAddress":"$BE$224:$CC$224","childs":{"Текелиский ТЭЦ2 ТТЭЦ2":{"_level":2,"_name":"Текелиский ТЭЦ2 ТТЭЦ2","WSName":"PS","rangeAddress":"$BE$225:$BG$225","childs":null},"Аксу ГЭС":{"_level":2,"_name":"Аксу ГЭС","WSName":"PS","rangeAddress":"$BH$225:$BK$225","childs":null},"Каскад Каратальских ГЭС ККГЭС":{"_level":2,"_name":"Каскад Каратальских ГЭС ККГЭС","WSName":"PS","rangeAddress":"$BL$225:$BP$225","childs":null},"Коринская ГЭС":{"_level":2,"_name":"Коринская ГЭС","WSName":"PS","rangeAddress":"$BQ$225:$BR$225","childs":null},"Baskan Power Верхне Басканская ГЭС":{"_level":2,"_name":"Baskan Power Верхне Басканская ГЭС","WSName":"PS","rangeAddress":"$BS$225","childs":null},"Чижинская ГЭС":{"_level":2,"_name":"Чижинская ГЭС","WSName":"PS","rangeAddress":"$BT$225","childs":null},"Антоновская ГЭС":{"_level":2,"_name":"Антоновская ГЭС","WSName":"PS","rangeAddress":"$BU$225","childs":null},"АлмытЭнергоПроджект СЭС Уштобе":{"_level":2,"_name":"АлмытЭнергоПроджект СЭС Уштобе","WSName":"PS","rangeAddress":"$BV$225","childs":null},"ГЭС Лепсы-2":{"_level":2,"_name":"ГЭС Лепсы-2","WSName":"PS","rangeAddress":"$BW$225","childs":null},"ВИЭ Жетысу":{"_level":2,"_name":"ВИЭ Жетысу","WSName":"PS","rangeAddress":"$BX$225:$BY$225","childs":null},"Успеновская ГЭС":{"_level":2,"_name":"Успеновская ГЭС","WSName":"PS","rangeAddress":"$BZ$225:$CB$225","childs":null},"Саркандская ГЭС":{"_level":2,"_name":"Саркандская ГЭС","WSName":"PS","rangeAddress":"$CC$225","childs":null}}},"Общее для Жетысуского энергоузла":{"_level":1,"_name":"Общее для Жетысуского энергоузла","WSName":"PS","rangeAddress":"$CE$224:$CI$224","childs":{"KEGOC Жтысуский энергоузел":{"_level":2,"_name":"KEGOC Жтысуский энергоузел","WSName":"PS","rangeAddress":"$CE$225:$CG$225","childs":null},"Станции Жетысуского энергоузла":{"_level":2,"_name":"Станции Жетысуского энергоузла","WSName":"PS","rangeAddress":"$CH$225:$CI$225","childs":null}}}}}}}