{"ID":"056094b4-e26d-40f8-9106-b313e6f6b7e5","childs":{"PS":{"_level":0,"parentID":"056094b4-e26d-40f8-9106-b313e6f6b7e5","firstParentID":"056094b4-e26d-40f8-9106-b313e6f6b7e5","ID":"163543d4-ac72-4d9b-b44b-2bd9ede1a22d","childs":{"прием":{"_level":1,"parentID":"163543d4-ac72-4d9b-b44b-2bd9ede1a22d","firstParentID":"056094b4-e26d-40f8-9106-b313e6f6b7e5","ID":"a40447a6-5891-4066-8ca1-609bc525c755","childs":{"по плану":{"_level":2,"parentID":"a40447a6-5891-4066-8ca1-609bc525c755","firstParentID":"056094b4-e26d-40f8-9106-b313e6f6b7e5","ID":"6f8c574a-04a3-44cb-bd65-47fab610fdcf","childs":null,"emcosID":null,"emcosMLID":null,"codMaketTEP":null,"codTEP":null,"WSName":"PS","rangeAddress":"$BH$185:$BH$221","headAddress":"$BH$185","bodyAddress":"$BH$186:$BH$221","_name":"по плану"}},"emcosID":null,"emcosMLID":null,"codMaketTEP":1369,"codTEP":null,"WSName":"PS","rangeAddress":"$BH$184:$BH$221","headAddress":"$BH$184","bodyAddress":"$BH$185:$BH$221","_name":"прием"},"план":{"_level":1,"parentID":"163543d4-ac72-4d9b-b44b-2bd9ede1a22d","firstParentID":"056094b4-e26d-40f8-9106-b313e6f6b7e5","ID":"a62f3e43-0368-463b-ad95-5aa1d7ccba90","childs":{"заявка":{"_level":2,"parentID":"a62f3e43-0368-463b-ad95-5aa1d7ccba90","firstParentID":"056094b4-e26d-40f8-9106-b313e6f6b7e5","ID":"ca2cc02c-88e0-4b01-9952-228958172fdb","childs":null,"emcosID":null,"emcosMLID":null,"codMaketTEP":null,"codTEP":null,"WSName":"PS","rangeAddress":"$BI$185:$BI$221","headAddress":"$BI$185","bodyAddress":"$BI$186:$BI$221","_name":"заявка"}},"emcosID":null,"emcosMLID":null,"codMaketTEP":null,"codTEP":null,"WSName":"PS","rangeAddress":"$BI$184:$BI$221","headAddress":"$BI$184","bodyAddress":"$BI$185:$BI$221","_name":"план"}},"emcosID":null,"emcosMLID":null,"codMaketTEP":null,"codTEP":null,"WSName":"PS","rangeAddress":"$BH$183:$BI$221","headAddress":"$BH$183:$BI$183","bodyAddress":"$BH$184:$BI$221","_name":"Потребление Жамбыл Жарык Сауда"},"DB":{"_level":0,"parentID":"056094b4-e26d-40f8-9106-b313e6f6b7e5","firstParentID":"056094b4-e26d-40f8-9106-b313e6f6b7e5","ID":"07e7926e-4431-4e15-be63-24b1e72dfac0","childs":{"прием":{"_level":1,"parentID":"07e7926e-4431-4e15-be63-24b1e72dfac0","firstParentID":"056094b4-e26d-40f8-9106-b313e6f6b7e5","ID":"8bde381f-3ed2-4ea2-935b-8cf27161f2d1","childs":{"код":{"_level":2,"parentID":"8bde381f-3ed2-4ea2-935b-8cf27161f2d1","firstParentID":"056094b4-e26d-40f8-9106-b313e6f6b7e5","ID":"ea259755-df7b-4e43-b8d8-7e1173c755d7","childs":null,"emcosID":null,"emcosMLID":null,"codMaketTEP":null,"codTEP":null,"WSName":"DB","rangeAddress":"$EL$568:$EL$605","headAddress":"$EL$568","bodyAddress":"$EL$569:$EL$605","_name":"код"},"основное":{"_level":2,"parentID":"8bde381f-3ed2-4ea2-935b-8cf27161f2d1","firstParentID":"056094b4-e26d-40f8-9106-b313e6f6b7e5","ID":"5dc60ee6-d464-4040-a649-334dfb5fd154","childs":null,"emcosID":null,"emcosMLID":null,"codMaketTEP":null,"codTEP":null,"WSName":"DB","rangeAddress":"$EM$568:$EM$605","headAddress":"$EM$568","bodyAddress":"$EM$569:$EM$605","_name":"основное"},"корректировка факт":{"_level":2,"parentID":"8bde381f-3ed2-4ea2-935b-8cf27161f2d1","firstParentID":"056094b4-e26d-40f8-9106-b313e6f6b7e5","ID":"2ca0e56c-349e-499e-8b51-ec0e5bd766f3","childs":null,"emcosID":null,"emcosMLID":null,"codMaketTEP":null,"codTEP":null,"WSName":"DB","rangeAddress":"$EN$568:$EN$605","headAddress":"$EN$568","bodyAddress":"$EN$569:$EN$605","_name":"корректировка факт"},"ручное":{"_level":2,"parentID":"8bde381f-3ed2-4ea2-935b-8cf27161f2d1","firstParentID":"056094b4-e26d-40f8-9106-b313e6f6b7e5","ID":"1f00efda-7414-4a5d-937c-4a20c58360b9","childs":null,"emcosID":null,"emcosMLID":null,"codMaketTEP":null,"codTEP":null,"WSName":"DB","rangeAddress":"$EO$568:$EO$605","headAddress":"$EO$568","bodyAddress":"$EO$569:$EO$605","_name":"ручное"},"по плану":{"_level":2,"parentID":"8bde381f-3ed2-4ea2-935b-8cf27161f2d1","firstParentID":"056094b4-e26d-40f8-9106-b313e6f6b7e5","ID":"d8561754-c340-47b0-befb-8e71243572f5","childs":null,"emcosID":null,"emcosMLID":null,"codMaketTEP":null,"codTEP":null,"WSName":"DB","rangeAddress":"$EP$568:$EP$605","headAddress":"$EP$568","bodyAddress":"$EP$569:$EP$605","_name":"по плану"}},"emcosID":null,"emcosMLID":null,"codMaketTEP":null,"codTEP":null,"WSName":"DB","rangeAddress":"$EL$567:$EP$605","headAddress":"$EL$567:$EP$567","bodyAddress":"$EL$568:$EP$605","_name":"прием"},"план":{"_level":1,"parentID":"07e7926e-4431-4e15-be63-24b1e72dfac0","firstParentID":"056094b4-e26d-40f8-9106-b313e6f6b7e5","ID":"442bcc99-4bf4-4eb2-becf-fa5d4068023c","childs":{"код":{"_level":2,"parentID":"442bcc99-4bf4-4eb2-becf-fa5d4068023c","firstParentID":"056094b4-e26d-40f8-9106-b313e6f6b7e5","ID":"510020d5-b4e5-4402-baa6-b6875dfdf99c","childs":null,"emcosID":null,"emcosMLID":null,"codMaketTEP":null,"codTEP":null,"WSName":"DB","rangeAddress":"$EQ$568:$EQ$605","headAddress":"$EQ$568","bodyAddress":"$EQ$569:$EQ$605","_name":"код"},"основное":{"_level":2,"parentID":"442bcc99-4bf4-4eb2-becf-fa5d4068023c","firstParentID":"056094b4-e26d-40f8-9106-b313e6f6b7e5","ID":"9737177d-472d-4150-bd81-1732ddd98373","childs":null,"emcosID":null,"emcosMLID":null,"codMaketTEP":null,"codTEP":null,"WSName":"DB","rangeAddress":"$ER$568:$ER$605","headAddress":"$ER$568","bodyAddress":"$ER$569:$ER$605","_name":"основное"},"заявка":{"_level":2,"parentID":"442bcc99-4bf4-4eb2-becf-fa5d4068023c","firstParentID":"056094b4-e26d-40f8-9106-b313e6f6b7e5","ID":"9dfd6215-38f1-4b7b-87f1-6af68b6200e3","childs":null,"emcosID":null,"emcosMLID":null,"codMaketTEP":null,"codTEP":null,"WSName":"DB","rangeAddress":"$ES$568:$ES$605","headAddress":"$ES$568","bodyAddress":"$ES$569:$ES$605","_name":"заявка"},"утвержденный":{"_level":2,"parentID":"442bcc99-4bf4-4eb2-becf-fa5d4068023c","firstParentID":"056094b4-e26d-40f8-9106-b313e6f6b7e5","ID":"bb0e3359-d0c8-48fc-9c3f-f299a62ba884","childs":null,"emcosID":null,"emcosMLID":null,"codMaketTEP":null,"codTEP":null,"WSName":"DB","rangeAddress":"$ET$568:$ET$605","headAddress":"$ET$568","bodyAddress":"$ET$569:$ET$605","_name":"утвержденный"},"корректировка":{"_level":2,"parentID":"442bcc99-4bf4-4eb2-becf-fa5d4068023c","firstParentID":"056094b4-e26d-40f8-9106-b313e6f6b7e5","ID":"7511032e-d7b8-4a86-93f0-97963fbc7720","childs":null,"emcosID":null,"emcosMLID":null,"codMaketTEP":null,"codTEP":null,"WSName":"DB","rangeAddress":"$EU$568:$EU$605","headAddress":"$EU$568","bodyAddress":"$EU$569:$EU$605","_name":"корректировка"}},"emcosID":null,"emcosMLID":null,"codMaketTEP":null,"codTEP":null,"WSName":"DB","rangeAddress":"$EQ$567:$EU$605","headAddress":"$EQ$567:$EU$567","bodyAddress":"$EQ$568:$EU$605","_name":"план"}},"emcosID":null,"emcosMLID":null,"codMaketTEP":null,"codTEP":null,"WSName":"DB","rangeAddress":"$EL$566:$EU$605","headAddress":"$EL$566:$EU$566","bodyAddress":"$EL$567:$EU$605","_name":"Потребление Жамбыл Жарык Сауда"}},"codPlan":128,"meterCoef":null,"_name":"Потребление Жамбыл Жарык Сауда"}