{"ID":"080df6da-1dce-489f-a647-e305676e10d0","childs":{"PS":{"_level":0,"parentID":"080df6da-1dce-489f-a647-e305676e10d0","firstParentID":"080df6da-1dce-489f-a647-e305676e10d0","ID":"51d8457c-845e-4c70-a8ea-8749d00604fb","childs":{"прием":{"_level":1,"parentID":"51d8457c-845e-4c70-a8ea-8749d00604fb","firstParentID":"080df6da-1dce-489f-a647-e305676e10d0","ID":"cf65b3fc-9d69-4ff7-bc76-1bd2343a725c","childs":{"оперативное":{"_level":2,"parentID":"cf65b3fc-9d69-4ff7-bc76-1bd2343a725c","firstParentID":"080df6da-1dce-489f-a647-e305676e10d0","ID":"a1f32c6e-2a47-405c-9d0c-807107569637","childs":null,"emcosID":null,"emcosMLID":null,"codMaketTEP":null,"codTEP":null,"WSName":"PS","rangeAddress":"$CN$185:$CN$221","headAddress":"$CN$185","bodyAddress":"$CN$186:$CN$221","_name":"оперативное"}},"emcosID":null,"emcosMLID":null,"codMaketTEP":1322,"codTEP":null,"WSName":"PS","rangeAddress":"$CN$184:$CN$221","headAddress":"$CN$184","bodyAddress":"$CN$185:$CN$221","_name":"прием"}},"emcosID":null,"emcosMLID":null,"codMaketTEP":null,"codTEP":null,"WSName":"PS","rangeAddress":"$CN$183:$CN$221","headAddress":"$CN$183","bodyAddress":"$CN$184:$CN$221","_name":"с.н. АТЭЦ1 АлЭС"},"DB":{"_level":0,"parentID":"080df6da-1dce-489f-a647-e305676e10d0","firstParentID":"080df6da-1dce-489f-a647-e305676e10d0","ID":"5b16ac2d-f565-406f-bf72-af903174c495","childs":{"прием":{"_level":1,"parentID":"5b16ac2d-f565-406f-bf72-af903174c495","firstParentID":"080df6da-1dce-489f-a647-e305676e10d0","ID":"97d70923-f1f0-4876-a79c-19a44f7733d6","childs":{"код":{"_level":2,"parentID":"97d70923-f1f0-4876-a79c-19a44f7733d6","firstParentID":"080df6da-1dce-489f-a647-e305676e10d0","ID":"0d1ad4e1-a175-4807-b0a6-fbc4280cfe6a","childs":null,"emcosID":null,"emcosMLID":null,"codMaketTEP":null,"codTEP":null,"WSName":"DB","rangeAddress":"$EA$482:$EA$519","headAddress":"$EA$482","bodyAddress":"$EA$483:$EA$519","_name":"код"},"основное":{"_level":2,"parentID":"97d70923-f1f0-4876-a79c-19a44f7733d6","firstParentID":"080df6da-1dce-489f-a647-e305676e10d0","ID":"6a40a894-9d5d-42b6-a637-fb59eac7f80e","childs":null,"emcosID":null,"emcosMLID":null,"codMaketTEP":null,"codTEP":null,"WSName":"DB","rangeAddress":"$EB$482:$EB$519","headAddress":"$EB$482","bodyAddress":"$EB$483:$EB$519","_name":"основное"},"корректировка факт":{"_level":2,"parentID":"97d70923-f1f0-4876-a79c-19a44f7733d6","firstParentID":"080df6da-1dce-489f-a647-e305676e10d0","ID":"09fdc42a-98a2-48bc-bb86-0971f2626b42","childs":null,"emcosID":null,"emcosMLID":null,"codMaketTEP":null,"codTEP":null,"WSName":"DB","rangeAddress":"$EC$482:$EC$519","headAddress":"$EC$482","bodyAddress":"$EC$483:$EC$519","_name":"корректировка факт"},"ручное":{"_level":2,"parentID":"97d70923-f1f0-4876-a79c-19a44f7733d6","firstParentID":"080df6da-1dce-489f-a647-e305676e10d0","ID":"55a88d25-0ff5-451d-b9ea-58952620e8bf","childs":null,"emcosID":null,"emcosMLID":null,"codMaketTEP":null,"codTEP":null,"WSName":"DB","rangeAddress":"$ED$482:$ED$519","headAddress":"$ED$482","bodyAddress":"$ED$483:$ED$519","_name":"ручное"},"оперативное":{"_level":2,"parentID":"97d70923-f1f0-4876-a79c-19a44f7733d6","firstParentID":"080df6da-1dce-489f-a647-e305676e10d0","ID":"18b43af1-120e-4768-845d-9ad24d72d51e","childs":null,"emcosID":null,"emcosMLID":null,"codMaketTEP":null,"codTEP":null,"WSName":"DB","rangeAddress":"$EE$482:$EE$519","headAddress":"$EE$482","bodyAddress":"$EE$483:$EE$519","_name":"оперативное"}},"emcosID":null,"emcosMLID":null,"codMaketTEP":null,"codTEP":null,"WSName":"DB","rangeAddress":"$EA$481:$EE$519","headAddress":"$EA$481:$EE$481","bodyAddress":"$EA$482:$EE$519","_name":"прием"}},"emcosID":null,"emcosMLID":null,"codMaketTEP":null,"codTEP":null,"WSName":"DB","rangeAddress":"$EA$480:$EE$519","headAddress":"$EA$480:$EE$480","bodyAddress":"$EA$481:$EE$519","_name":"с.н. АТЭЦ1 АлЭС"}},"codPlan":null,"meterCoef":null,"_name":"с.н. АТЭЦ1 АлЭС"}