{"ID":"2c745d88-26b8-4ff7-bef4-a2274391c4f8","childs":{"PS":{"_level":0,"parentID":"2c745d88-26b8-4ff7-bef4-a2274391c4f8","firstParentID":"2c745d88-26b8-4ff7-bef4-a2274391c4f8","ID":"ddc1800e-aecf-4aea-b37d-15252842add2","childs":{"прием":{"_level":1,"parentID":"ddc1800e-aecf-4aea-b37d-15252842add2","firstParentID":"2c745d88-26b8-4ff7-bef4-a2274391c4f8","ID":"2069cdf4-1948-4049-be25-9b1a5bc57954","childs":{"формула":{"_level":2,"parentID":"2069cdf4-1948-4049-be25-9b1a5bc57954","firstParentID":"2c745d88-26b8-4ff7-bef4-a2274391c4f8","ID":"44e792af-9785-4c8f-a9c5-335317f10df6","childs":null,"emcosID":null,"emcosMLID":null,"codMaketTEP":null,"codTEP":null,"WSName":"PS","rangeAddress":"$AI$185:$AI$221","headAddress":"$AI$185","bodyAddress":"$AI$186:$AI$221","_name":"формула"}},"emcosID":null,"emcosMLID":null,"codMaketTEP":1396,"codTEP":null,"WSName":"PS","rangeAddress":"$AI$184:$AI$221","headAddress":"$AI$184","bodyAddress":"$AI$185:$AI$221","_name":"прием"},"план":{"_level":1,"parentID":"ddc1800e-aecf-4aea-b37d-15252842add2","firstParentID":"2c745d88-26b8-4ff7-bef4-a2274391c4f8","ID":"0c131b2d-ff1b-49e4-b68c-1dd8caf80e72","childs":{"заявка":{"_level":2,"parentID":"0c131b2d-ff1b-49e4-b68c-1dd8caf80e72","firstParentID":"2c745d88-26b8-4ff7-bef4-a2274391c4f8","ID":"1946453f-2be6-4ac6-9496-31b33c18af00","childs":null,"emcosID":null,"emcosMLID":null,"codMaketTEP":null,"codTEP":null,"WSName":"PS","rangeAddress":"$AJ$185:$AJ$221","headAddress":"$AJ$185","bodyAddress":"$AJ$186:$AJ$221","_name":"заявка"}},"emcosID":null,"emcosMLID":null,"codMaketTEP":null,"codTEP":null,"WSName":"PS","rangeAddress":"$AJ$184:$AJ$221","headAddress":"$AJ$184","bodyAddress":"$AJ$185:$AJ$221","_name":"план"}},"emcosID":null,"emcosMLID":null,"codMaketTEP":null,"codTEP":null,"WSName":"PS","rangeAddress":"$AI$183:$AJ$221","headAddress":"$AI$183:$AJ$183","bodyAddress":"$AI$184:$AJ$221","_name":"Потребление Halyk Energy Алматы"},"DB":{"_level":0,"parentID":"2c745d88-26b8-4ff7-bef4-a2274391c4f8","firstParentID":"2c745d88-26b8-4ff7-bef4-a2274391c4f8","ID":"6d253c81-917c-4702-82bc-da4d9aa832a2","childs":{"прием":{"_level":1,"parentID":"6d253c81-917c-4702-82bc-da4d9aa832a2","firstParentID":"2c745d88-26b8-4ff7-bef4-a2274391c4f8","ID":"a049d9f9-370c-4794-a8a8-4fff4dff03fa","childs":{"код":{"_level":2,"parentID":"a049d9f9-370c-4794-a8a8-4fff4dff03fa","firstParentID":"2c745d88-26b8-4ff7-bef4-a2274391c4f8","ID":"afaf9b90-d4fb-4126-896b-d489412e44d4","childs":null,"emcosID":null,"emcosMLID":null,"codMaketTEP":null,"codTEP":null,"WSName":"DB","rangeAddress":"$HR$439:$HR$476","headAddress":"$HR$439","bodyAddress":"$HR$440:$HR$476","_name":"код"},"основное":{"_level":2,"parentID":"a049d9f9-370c-4794-a8a8-4fff4dff03fa","firstParentID":"2c745d88-26b8-4ff7-bef4-a2274391c4f8","ID":"97cebd66-9254-48aa-b28e-6762b9f53e5c","childs":null,"emcosID":null,"emcosMLID":null,"codMaketTEP":null,"codTEP":null,"WSName":"DB","rangeAddress":"$HS$439:$HS$476","headAddress":"$HS$439","bodyAddress":"$HS$440:$HS$476","_name":"основное"},"корректировка факт":{"_level":2,"parentID":"a049d9f9-370c-4794-a8a8-4fff4dff03fa","firstParentID":"2c745d88-26b8-4ff7-bef4-a2274391c4f8","ID":"acb621e2-dab3-4e2c-bb0d-090c731b816c","childs":null,"emcosID":null,"emcosMLID":null,"codMaketTEP":null,"codTEP":null,"WSName":"DB","rangeAddress":"$HT$439:$HT$476","headAddress":"$HT$439","bodyAddress":"$HT$440:$HT$476","_name":"корректировка факт"},"ручное":{"_level":2,"parentID":"a049d9f9-370c-4794-a8a8-4fff4dff03fa","firstParentID":"2c745d88-26b8-4ff7-bef4-a2274391c4f8","ID":"666248b5-d49c-4905-b052-0842e859d1cf","childs":null,"emcosID":null,"emcosMLID":null,"codMaketTEP":null,"codTEP":null,"WSName":"DB","rangeAddress":"$HU$439:$HU$476","headAddress":"$HU$439","bodyAddress":"$HU$440:$HU$476","_name":"ручное"},"по плану":{"_level":2,"parentID":"a049d9f9-370c-4794-a8a8-4fff4dff03fa","firstParentID":"2c745d88-26b8-4ff7-bef4-a2274391c4f8","ID":"d29cf971-6f76-48b1-b356-2b8e947c38f8","childs":null,"emcosID":null,"emcosMLID":null,"codMaketTEP":null,"codTEP":null,"WSName":"DB","rangeAddress":"$HV$439:$HV$476","headAddress":"$HV$439","bodyAddress":"$HV$440:$HV$476","_name":"по плану"},"формула":{"_level":2,"parentID":"a049d9f9-370c-4794-a8a8-4fff4dff03fa","firstParentID":"2c745d88-26b8-4ff7-bef4-a2274391c4f8","ID":"410d4fb2-afd1-4085-9d45-f2c455876687","childs":null,"emcosID":null,"emcosMLID":null,"codMaketTEP":null,"codTEP":null,"WSName":"DB","rangeAddress":"$HW$439:$HW$476","headAddress":"$HW$439","bodyAddress":"$HW$440:$HW$476","_name":"формула"}},"emcosID":null,"emcosMLID":null,"codMaketTEP":null,"codTEP":null,"WSName":"DB","rangeAddress":"$HR$438:$HW$476","headAddress":"$HR$438:$HW$438","bodyAddress":"$HR$439:$HW$476","_name":"прием"},"план":{"_level":1,"parentID":"6d253c81-917c-4702-82bc-da4d9aa832a2","firstParentID":"2c745d88-26b8-4ff7-bef4-a2274391c4f8","ID":"472a4c75-036e-44ca-a15d-552c54676c7c","childs":{"код":{"_level":2,"parentID":"472a4c75-036e-44ca-a15d-552c54676c7c","firstParentID":"2c745d88-26b8-4ff7-bef4-a2274391c4f8","ID":"89b75944-d6bb-4b7c-b1ea-2e53c996c466","childs":null,"emcosID":null,"emcosMLID":null,"codMaketTEP":null,"codTEP":null,"WSName":"DB","rangeAddress":"$HX$439:$HX$476","headAddress":"$HX$439","bodyAddress":"$HX$440:$HX$476","_name":"код"},"основное":{"_level":2,"parentID":"472a4c75-036e-44ca-a15d-552c54676c7c","firstParentID":"2c745d88-26b8-4ff7-bef4-a2274391c4f8","ID":"c35086c8-c371-4386-bf3b-844b3aae10af","childs":null,"emcosID":null,"emcosMLID":null,"codMaketTEP":null,"codTEP":null,"WSName":"DB","rangeAddress":"$HY$439:$HY$476","headAddress":"$HY$439","bodyAddress":"$HY$440:$HY$476","_name":"основное"},"заявка":{"_level":2,"parentID":"472a4c75-036e-44ca-a15d-552c54676c7c","firstParentID":"2c745d88-26b8-4ff7-bef4-a2274391c4f8","ID":"ffec01e9-379f-4da7-b79d-d27739360b56","childs":null,"emcosID":null,"emcosMLID":null,"codMaketTEP":null,"codTEP":null,"WSName":"DB","rangeAddress":"$HZ$439:$HZ$476","headAddress":"$HZ$439","bodyAddress":"$HZ$440:$HZ$476","_name":"заявка"},"утвержденный":{"_level":2,"parentID":"472a4c75-036e-44ca-a15d-552c54676c7c","firstParentID":"2c745d88-26b8-4ff7-bef4-a2274391c4f8","ID":"223d4116-f457-44ad-bdb3-299d195a0705","childs":null,"emcosID":null,"emcosMLID":null,"codMaketTEP":null,"codTEP":null,"WSName":"DB","rangeAddress":"$IA$439:$IA$476","headAddress":"$IA$439","bodyAddress":"$IA$440:$IA$476","_name":"утвержденный"},"корректировка":{"_level":2,"parentID":"472a4c75-036e-44ca-a15d-552c54676c7c","firstParentID":"2c745d88-26b8-4ff7-bef4-a2274391c4f8","ID":"4c326036-66eb-43a6-b7cd-dbe4adc5706b","childs":null,"emcosID":null,"emcosMLID":null,"codMaketTEP":null,"codTEP":null,"WSName":"DB","rangeAddress":"$IB$439:$IB$476","headAddress":"$IB$439","bodyAddress":"$IB$440:$IB$476","_name":"корректировка"}},"emcosID":null,"emcosMLID":null,"codMaketTEP":null,"codTEP":null,"WSName":"DB","rangeAddress":"$HX$438:$IB$476","headAddress":"$HX$438:$IB$438","bodyAddress":"$HX$439:$IB$476","_name":"план"}},"emcosID":null,"emcosMLID":null,"codMaketTEP":null,"codTEP":null,"WSName":"DB","rangeAddress":"$HR$437:$IB$476","headAddress":"$HR$437:$IB$437","bodyAddress":"$HR$438:$IB$476","_name":"Потребление Halyk Energy Алматы"}},"codPlan":105,"meterCoef":null,"_name":"Потребление Halyk Energy Алматы"}