{"ID":"44dc3962-79c8-4415-8475-af84c72d097b","childs":{"PS":{"_level":0,"parentID":"44dc3962-79c8-4415-8475-af84c72d097b","firstParentID":"44dc3962-79c8-4415-8475-af84c72d097b","ID":"bf4dfec9-ad15-4b2e-95b9-de6c6893bc9e","childs":{"прием":{"_level":1,"parentID":"bf4dfec9-ad15-4b2e-95b9-de6c6893bc9e","firstParentID":"44dc3962-79c8-4415-8475-af84c72d097b","ID":"7590a0a3-6d0c-4081-93b8-c129de67020e","childs":{"по плану":{"_level":2,"parentID":"7590a0a3-6d0c-4081-93b8-c129de67020e","firstParentID":"44dc3962-79c8-4415-8475-af84c72d097b","ID":"c263e7d7-7d6b-403f-b025-c6f8a96f4289","childs":null,"emcosID":null,"emcosMLID":null,"codMaketTEP":null,"codTEP":null,"WSName":"PS","rangeAddress":"$BV$185:$BV$221","headAddress":"$BV$185","bodyAddress":"$BV$186:$BV$221","_name":"по плану"}},"emcosID":null,"emcosMLID":null,"codMaketTEP":1362,"codTEP":null,"WSName":"PS","rangeAddress":"$BV$184:$BV$221","headAddress":"$BV$184","bodyAddress":"$BV$185:$BV$221","_name":"прием"},"план":{"_level":1,"parentID":"bf4dfec9-ad15-4b2e-95b9-de6c6893bc9e","firstParentID":"44dc3962-79c8-4415-8475-af84c72d097b","ID":"1a645556-bb5e-4a98-8edc-2013566e6d06","childs":{"заявка":{"_level":2,"parentID":"1a645556-bb5e-4a98-8edc-2013566e6d06","firstParentID":"44dc3962-79c8-4415-8475-af84c72d097b","ID":"467b8f5f-f66c-4ffb-951d-c5ffb9cceea0","childs":null,"emcosID":null,"emcosMLID":null,"codMaketTEP":null,"codTEP":null,"WSName":"PS","rangeAddress":"$BW$185:$BW$221","headAddress":"$BW$185","bodyAddress":"$BW$186:$BW$221","_name":"заявка"}},"emcosID":null,"emcosMLID":null,"codMaketTEP":null,"codTEP":null,"WSName":"PS","rangeAddress":"$BW$184:$BW$221","headAddress":"$BW$184","bodyAddress":"$BW$185:$BW$221","_name":"план"}},"emcosID":null,"emcosMLID":null,"codMaketTEP":null,"codTEP":null,"WSName":"PS","rangeAddress":"$BV$183:$BW$221","headAddress":"$BV$183:$BW$183","bodyAddress":"$BV$184:$BW$221","_name":"потребление MTG Energy"},"DB":{"_level":0,"parentID":"44dc3962-79c8-4415-8475-af84c72d097b","firstParentID":"44dc3962-79c8-4415-8475-af84c72d097b","ID":"c97b890e-e9c5-4ec4-954d-bdd085f027d3","childs":{"прием":{"_level":1,"parentID":"c97b890e-e9c5-4ec4-954d-bdd085f027d3","firstParentID":"44dc3962-79c8-4415-8475-af84c72d097b","ID":"bcfe155f-1177-427f-8c14-241c90f53e1d","childs":{"код":{"_level":2,"parentID":"bcfe155f-1177-427f-8c14-241c90f53e1d","firstParentID":"44dc3962-79c8-4415-8475-af84c72d097b","ID":"aa69ebda-5eb5-4858-82fe-6697771f2452","childs":null,"emcosID":null,"emcosMLID":null,"codMaketTEP":null,"codTEP":null,"WSName":"DB","rangeAddress":"$AU$568:$AU$605","headAddress":"$AU$568","bodyAddress":"$AU$569:$AU$605","_name":"код"},"основное":{"_level":2,"parentID":"bcfe155f-1177-427f-8c14-241c90f53e1d","firstParentID":"44dc3962-79c8-4415-8475-af84c72d097b","ID":"c88daf4a-9c5b-43d3-9c67-b945443637ae","childs":null,"emcosID":null,"emcosMLID":null,"codMaketTEP":null,"codTEP":null,"WSName":"DB","rangeAddress":"$AV$568:$AV$605","headAddress":"$AV$568","bodyAddress":"$AV$569:$AV$605","_name":"основное"},"корректировка факт":{"_level":2,"parentID":"bcfe155f-1177-427f-8c14-241c90f53e1d","firstParentID":"44dc3962-79c8-4415-8475-af84c72d097b","ID":"edf88e62-f83e-4122-b8fa-5b662222002d","childs":null,"emcosID":null,"emcosMLID":null,"codMaketTEP":null,"codTEP":null,"WSName":"DB","rangeAddress":"$AW$568:$AW$605","headAddress":"$AW$568","bodyAddress":"$AW$569:$AW$605","_name":"корректировка факт"},"ручное":{"_level":2,"parentID":"bcfe155f-1177-427f-8c14-241c90f53e1d","firstParentID":"44dc3962-79c8-4415-8475-af84c72d097b","ID":"73227ed1-f9a1-4d0e-bd4c-918e0c01f068","childs":null,"emcosID":null,"emcosMLID":null,"codMaketTEP":null,"codTEP":null,"WSName":"DB","rangeAddress":"$AX$568:$AX$605","headAddress":"$AX$568","bodyAddress":"$AX$569:$AX$605","_name":"ручное"},"по плану":{"_level":2,"parentID":"bcfe155f-1177-427f-8c14-241c90f53e1d","firstParentID":"44dc3962-79c8-4415-8475-af84c72d097b","ID":"0e553aad-f5c0-48b8-befa-bc076dfd4394","childs":null,"emcosID":null,"emcosMLID":null,"codMaketTEP":null,"codTEP":null,"WSName":"DB","rangeAddress":"$AY$568:$AY$605","headAddress":"$AY$568","bodyAddress":"$AY$569:$AY$605","_name":"по плану"}},"emcosID":null,"emcosMLID":null,"codMaketTEP":null,"codTEP":null,"WSName":"DB","rangeAddress":"$AU$567:$AY$605","headAddress":"$AU$567:$AY$567","bodyAddress":"$AU$568:$AY$605","_name":"прием"},"план":{"_level":1,"parentID":"c97b890e-e9c5-4ec4-954d-bdd085f027d3","firstParentID":"44dc3962-79c8-4415-8475-af84c72d097b","ID":"1c7826de-52ef-442c-8782-c51b0440811a","childs":{"код":{"_level":2,"parentID":"1c7826de-52ef-442c-8782-c51b0440811a","firstParentID":"44dc3962-79c8-4415-8475-af84c72d097b","ID":"0986f6e3-7881-4765-be11-2c2af8790c02","childs":null,"emcosID":null,"emcosMLID":null,"codMaketTEP":null,"codTEP":null,"WSName":"DB","rangeAddress":"$AZ$568:$AZ$605","headAddress":"$AZ$568","bodyAddress":"$AZ$569:$AZ$605","_name":"код"},"основное":{"_level":2,"parentID":"1c7826de-52ef-442c-8782-c51b0440811a","firstParentID":"44dc3962-79c8-4415-8475-af84c72d097b","ID":"59b7d441-cb3d-49a5-adc2-168adcb67731","childs":null,"emcosID":null,"emcosMLID":null,"codMaketTEP":null,"codTEP":null,"WSName":"DB","rangeAddress":"$BA$568:$BA$605","headAddress":"$BA$568","bodyAddress":"$BA$569:$BA$605","_name":"основное"},"заявка":{"_level":2,"parentID":"1c7826de-52ef-442c-8782-c51b0440811a","firstParentID":"44dc3962-79c8-4415-8475-af84c72d097b","ID":"5453db7f-3956-488a-a4d3-2b0c4eddee21","childs":null,"emcosID":null,"emcosMLID":null,"codMaketTEP":null,"codTEP":null,"WSName":"DB","rangeAddress":"$BB$568:$BB$605","headAddress":"$BB$568","bodyAddress":"$BB$569:$BB$605","_name":"заявка"},"утвержденный":{"_level":2,"parentID":"1c7826de-52ef-442c-8782-c51b0440811a","firstParentID":"44dc3962-79c8-4415-8475-af84c72d097b","ID":"1ae4c770-036f-4c80-99de-92bb308e65db","childs":null,"emcosID":null,"emcosMLID":null,"codMaketTEP":null,"codTEP":null,"WSName":"DB","rangeAddress":"$BC$568:$BC$605","headAddress":"$BC$568","bodyAddress":"$BC$569:$BC$605","_name":"утвержденный"},"корректировка":{"_level":2,"parentID":"1c7826de-52ef-442c-8782-c51b0440811a","firstParentID":"44dc3962-79c8-4415-8475-af84c72d097b","ID":"7ac9e6ca-0cab-4e98-aa6f-09f5a658e2a0","childs":null,"emcosID":null,"emcosMLID":null,"codMaketTEP":null,"codTEP":null,"WSName":"DB","rangeAddress":"$BD$568:$BD$605","headAddress":"$BD$568","bodyAddress":"$BD$569:$BD$605","_name":"корректировка"}},"emcosID":null,"emcosMLID":null,"codMaketTEP":null,"codTEP":null,"WSName":"DB","rangeAddress":"$AZ$567:$BD$605","headAddress":"$AZ$567:$BD$567","bodyAddress":"$AZ$568:$BD$605","_name":"план"}},"emcosID":null,"emcosMLID":null,"codMaketTEP":null,"codTEP":null,"WSName":"DB","rangeAddress":"$AU$566:$BD$605","headAddress":"$AU$566:$BD$566","bodyAddress":"$AU$567:$BD$605","_name":"потребление MTG Energy"}},"codPlan":141,"meterCoef":null,"_name":"потребление MTG Energy"}