{"ID":"46b6f5bc-c137-4730-b09e-8362264fbfcd","childs":{"PS":{"_level":0,"parentID":"46b6f5bc-c137-4730-b09e-8362264fbfcd","firstParentID":"46b6f5bc-c137-4730-b09e-8362264fbfcd","ID":"1fdefdc9-3f80-4d27-b198-749f81f4b700","childs":{"прием":{"_level":1,"parentID":"1fdefdc9-3f80-4d27-b198-749f81f4b700","firstParentID":"46b6f5bc-c137-4730-b09e-8362264fbfcd","ID":"bd9e757d-55aa-4014-804c-98fcec2630ee","childs":{"по плану":{"_level":2,"parentID":"bd9e757d-55aa-4014-804c-98fcec2630ee","firstParentID":"46b6f5bc-c137-4730-b09e-8362264fbfcd","ID":"71c1e3b9-cfed-4968-b981-41c1a9004459","childs":null,"emcosID":null,"emcosMLID":null,"codMaketTEP":null,"codTEP":null,"WSName":"PS","rangeAddress":"$BJ$228:$BJ$264","headAddress":"$BJ$228","bodyAddress":"$BJ$229:$BJ$264","_name":"по плану"}},"emcosID":null,"emcosMLID":null,"codMaketTEP":null,"codTEP":null,"WSName":"PS","rangeAddress":"$BJ$227:$BJ$264","headAddress":"$BJ$227","bodyAddress":"$BJ$228:$BJ$264","_name":"прием"},"план":{"_level":1,"parentID":"1fdefdc9-3f80-4d27-b198-749f81f4b700","firstParentID":"46b6f5bc-c137-4730-b09e-8362264fbfcd","ID":"4ddb50f9-0a02-4076-af92-cfdd25d5a5f8","childs":{"заявка":{"_level":2,"parentID":"4ddb50f9-0a02-4076-af92-cfdd25d5a5f8","firstParentID":"46b6f5bc-c137-4730-b09e-8362264fbfcd","ID":"51982a26-c8a0-453b-8f76-f04af45da220","childs":null,"emcosID":null,"emcosMLID":null,"codMaketTEP":null,"codTEP":null,"WSName":"PS","rangeAddress":"$BK$228:$BK$264","headAddress":"$BK$228","bodyAddress":"$BK$229:$BK$264","_name":"заявка"}},"emcosID":null,"emcosMLID":null,"codMaketTEP":null,"codTEP":null,"WSName":"PS","rangeAddress":"$BK$227:$BK$264","headAddress":"$BK$227","bodyAddress":"$BK$228:$BK$264","_name":"план"}},"emcosID":null,"emcosMLID":null,"codMaketTEP":null,"codTEP":null,"WSName":"PS","rangeAddress":"$BJ$226:$BK$264","headAddress":"$BJ$226:$BK$226","bodyAddress":"$BJ$227:$BK$264","_name":"Потребление IB Service"},"DB":{"_level":0,"parentID":"46b6f5bc-c137-4730-b09e-8362264fbfcd","firstParentID":"46b6f5bc-c137-4730-b09e-8362264fbfcd","ID":"900d1fd2-e7ae-4e2d-bda7-4a622d1ffa9c","childs":{"прием":{"_level":1,"parentID":"900d1fd2-e7ae-4e2d-bda7-4a622d1ffa9c","firstParentID":"46b6f5bc-c137-4730-b09e-8362264fbfcd","ID":"5c6d16f8-490d-4921-bdf2-68ab688d9a8c","childs":{"код":{"_level":2,"parentID":"5c6d16f8-490d-4921-bdf2-68ab688d9a8c","firstParentID":"46b6f5bc-c137-4730-b09e-8362264fbfcd","ID":"35a8e0a1-6d01-4f4d-9b18-f855230e8280","childs":null,"emcosID":null,"emcosMLID":null,"codMaketTEP":null,"codTEP":null,"WSName":"DB","rangeAddress":"$CJ$568:$CJ$605","headAddress":"$CJ$568","bodyAddress":"$CJ$569:$CJ$605","_name":"код"},"основное":{"_level":2,"parentID":"5c6d16f8-490d-4921-bdf2-68ab688d9a8c","firstParentID":"46b6f5bc-c137-4730-b09e-8362264fbfcd","ID":"c3d5d5fa-39aa-4914-932b-9d3678e204cb","childs":null,"emcosID":null,"emcosMLID":null,"codMaketTEP":null,"codTEP":null,"WSName":"DB","rangeAddress":"$CK$568:$CK$605","headAddress":"$CK$568","bodyAddress":"$CK$569:$CK$605","_name":"основное"},"корректировка факт":{"_level":2,"parentID":"5c6d16f8-490d-4921-bdf2-68ab688d9a8c","firstParentID":"46b6f5bc-c137-4730-b09e-8362264fbfcd","ID":"e07a38d4-19d8-4625-9bcd-899e3134460a","childs":null,"emcosID":null,"emcosMLID":null,"codMaketTEP":null,"codTEP":null,"WSName":"DB","rangeAddress":"$CL$568:$CL$605","headAddress":"$CL$568","bodyAddress":"$CL$569:$CL$605","_name":"корректировка факт"},"ручное":{"_level":2,"parentID":"5c6d16f8-490d-4921-bdf2-68ab688d9a8c","firstParentID":"46b6f5bc-c137-4730-b09e-8362264fbfcd","ID":"41f1ca26-41c4-4988-8139-7558c38bef06","childs":null,"emcosID":null,"emcosMLID":null,"codMaketTEP":null,"codTEP":null,"WSName":"DB","rangeAddress":"$CM$568:$CM$605","headAddress":"$CM$568","bodyAddress":"$CM$569:$CM$605","_name":"ручное"},"по плану":{"_level":2,"parentID":"5c6d16f8-490d-4921-bdf2-68ab688d9a8c","firstParentID":"46b6f5bc-c137-4730-b09e-8362264fbfcd","ID":"38e7f660-ecbc-4539-9546-f20e460c316e","childs":null,"emcosID":null,"emcosMLID":null,"codMaketTEP":null,"codTEP":null,"WSName":"DB","rangeAddress":"$CN$568:$CN$605","headAddress":"$CN$568","bodyAddress":"$CN$569:$CN$605","_name":"по плану"}},"emcosID":null,"emcosMLID":null,"codMaketTEP":null,"codTEP":null,"WSName":"DB","rangeAddress":"$CJ$567:$CN$605","headAddress":"$CJ$567:$CN$567","bodyAddress":"$CJ$568:$CN$605","_name":"прием"},"план":{"_level":1,"parentID":"900d1fd2-e7ae-4e2d-bda7-4a622d1ffa9c","firstParentID":"46b6f5bc-c137-4730-b09e-8362264fbfcd","ID":"2de6bb45-6560-40b9-b576-74bad2a1aac3","childs":{"код":{"_level":2,"parentID":"2de6bb45-6560-40b9-b576-74bad2a1aac3","firstParentID":"46b6f5bc-c137-4730-b09e-8362264fbfcd","ID":"d28c399c-b24f-4e7e-80eb-82209c3a2888","childs":null,"emcosID":null,"emcosMLID":null,"codMaketTEP":null,"codTEP":null,"WSName":"DB","rangeAddress":"$CO$568:$CO$605","headAddress":"$CO$568","bodyAddress":"$CO$569:$CO$605","_name":"код"},"основное":{"_level":2,"parentID":"2de6bb45-6560-40b9-b576-74bad2a1aac3","firstParentID":"46b6f5bc-c137-4730-b09e-8362264fbfcd","ID":"a5e068e6-1c3a-4072-88c0-4f1263579b5a","childs":null,"emcosID":null,"emcosMLID":null,"codMaketTEP":null,"codTEP":null,"WSName":"DB","rangeAddress":"$CP$568:$CP$605","headAddress":"$CP$568","bodyAddress":"$CP$569:$CP$605","_name":"основное"},"заявка":{"_level":2,"parentID":"2de6bb45-6560-40b9-b576-74bad2a1aac3","firstParentID":"46b6f5bc-c137-4730-b09e-8362264fbfcd","ID":"efb8aa07-4aef-4ae4-8905-cf4699e656e5","childs":null,"emcosID":null,"emcosMLID":null,"codMaketTEP":null,"codTEP":null,"WSName":"DB","rangeAddress":"$CQ$568:$CQ$605","headAddress":"$CQ$568","bodyAddress":"$CQ$569:$CQ$605","_name":"заявка"},"утвержденный":{"_level":2,"parentID":"2de6bb45-6560-40b9-b576-74bad2a1aac3","firstParentID":"46b6f5bc-c137-4730-b09e-8362264fbfcd","ID":"1caa964c-83b1-4f06-a9df-e5dc60be1396","childs":null,"emcosID":null,"emcosMLID":null,"codMaketTEP":null,"codTEP":null,"WSName":"DB","rangeAddress":"$CR$568:$CR$605","headAddress":"$CR$568","bodyAddress":"$CR$569:$CR$605","_name":"утвержденный"},"корректировка":{"_level":2,"parentID":"2de6bb45-6560-40b9-b576-74bad2a1aac3","firstParentID":"46b6f5bc-c137-4730-b09e-8362264fbfcd","ID":"547a39d2-756a-41ae-877e-10772f635f51","childs":null,"emcosID":null,"emcosMLID":null,"codMaketTEP":null,"codTEP":null,"WSName":"DB","rangeAddress":"$CS$568:$CS$605","headAddress":"$CS$568","bodyAddress":"$CS$569:$CS$605","_name":"корректировка"}},"emcosID":null,"emcosMLID":null,"codMaketTEP":null,"codTEP":null,"WSName":"DB","rangeAddress":"$CO$567:$CS$605","headAddress":"$CO$567:$CS$567","bodyAddress":"$CO$568:$CS$605","_name":"план"}},"emcosID":null,"emcosMLID":null,"codMaketTEP":null,"codTEP":null,"WSName":"DB","rangeAddress":"$CJ$566:$CS$605","headAddress":"$CJ$566:$CS$566","bodyAddress":"$CJ$567:$CS$605","_name":"Потребление IB Service"}},"codPlan":136,"meterCoef":null,"_name":"Потребление IB Service"}