{"ID":"46b6f5bc-c137-4730-b09e-8362264fbfcd","childs":{"PS":{"_level":0,"parentID":"46b6f5bc-c137-4730-b09e-8362264fbfcd","firstParentID":"46b6f5bc-c137-4730-b09e-8362264fbfcd","ID":"1fdefdc9-3f80-4d27-b198-749f81f4b700","childs":{"прием":{"_level":1,"parentID":"1fdefdc9-3f80-4d27-b198-749f81f4b700","firstParentID":"46b6f5bc-c137-4730-b09e-8362264fbfcd","ID":"bd9e757d-55aa-4014-804c-98fcec2630ee","childs":{"по плану":{"_level":2,"parentID":"bd9e757d-55aa-4014-804c-98fcec2630ee","firstParentID":"46b6f5bc-c137-4730-b09e-8362264fbfcd","ID":"71c1e3b9-cfed-4968-b981-41c1a9004459","childs":null,"emcosID":null,"emcosMLID":null,"codMaketTEP":null,"codTEP":null,"WSName":"PS","rangeAddress":"$BJ$228:$BJ$264","headAddress":"$BJ$228","bodyAddress":"$BJ$229:$BJ$264","_name":"по плану"}},"emcosID":null,"emcosMLID":null,"codMaketTEP":1481,"codTEP":null,"WSName":"PS","rangeAddress":"$BJ$227:$BJ$264","headAddress":"$BJ$227","bodyAddress":"$BJ$228:$BJ$264","_name":"прием"},"план":{"_level":1,"parentID":"1fdefdc9-3f80-4d27-b198-749f81f4b700","firstParentID":"46b6f5bc-c137-4730-b09e-8362264fbfcd","ID":"4ddb50f9-0a02-4076-af92-cfdd25d5a5f8","childs":{"заявка":{"_level":2,"parentID":"4ddb50f9-0a02-4076-af92-cfdd25d5a5f8","firstParentID":"46b6f5bc-c137-4730-b09e-8362264fbfcd","ID":"51982a26-c8a0-453b-8f76-f04af45da220","childs":null,"emcosID":null,"emcosMLID":null,"codMaketTEP":null,"codTEP":null,"WSName":"PS","rangeAddress":"$BK$228:$BK$264","headAddress":"$BK$228","bodyAddress":"$BK$229:$BK$264","_name":"заявка"}},"emcosID":null,"emcosMLID":null,"codMaketTEP":null,"codTEP":null,"WSName":"PS","rangeAddress":"$BK$227:$BK$264","headAddress":"$BK$227","bodyAddress":"$BK$228:$BK$264","_name":"план"}},"emcosID":null,"emcosMLID":null,"codMaketTEP":null,"codTEP":null,"WSName":"PS","rangeAddress":"$BJ$226:$BK$264","headAddress":"$BJ$226:$BK$226","bodyAddress":"$BJ$227:$BK$264","_name":"Потребление IB Service"},"DB":{"_level":0,"parentID":"46b6f5bc-c137-4730-b09e-8362264fbfcd","firstParentID":"46b6f5bc-c137-4730-b09e-8362264fbfcd","ID":"900d1fd2-e7ae-4e2d-bda7-4a622d1ffa9c","childs":{"прием":{"_level":1,"parentID":"900d1fd2-e7ae-4e2d-bda7-4a622d1ffa9c","firstParentID":"46b6f5bc-c137-4730-b09e-8362264fbfcd","ID":"5c6d16f8-490d-4921-bdf2-68ab688d9a8c","childs":{"код":{"_level":2,"parentID":"5c6d16f8-490d-4921-bdf2-68ab688d9a8c","firstParentID":"46b6f5bc-c137-4730-b09e-8362264fbfcd","ID":"35a8e0a1-6d01-4f4d-9b18-f855230e8280","childs":null,"emcosID":null,"emcosMLID":null,"codMaketTEP":null,"codTEP":null,"WSName":"DB","rangeAddress":"$CX$568:$CX$605","headAddress":"$CX$568","bodyAddress":"$CX$569:$CX$605","_name":"код"},"основное":{"_level":2,"parentID":"5c6d16f8-490d-4921-bdf2-68ab688d9a8c","firstParentID":"46b6f5bc-c137-4730-b09e-8362264fbfcd","ID":"c3d5d5fa-39aa-4914-932b-9d3678e204cb","childs":null,"emcosID":null,"emcosMLID":null,"codMaketTEP":null,"codTEP":null,"WSName":"DB","rangeAddress":"$CY$568:$CY$605","headAddress":"$CY$568","bodyAddress":"$CY$569:$CY$605","_name":"основное"},"корректировка факт":{"_level":2,"parentID":"5c6d16f8-490d-4921-bdf2-68ab688d9a8c","firstParentID":"46b6f5bc-c137-4730-b09e-8362264fbfcd","ID":"e07a38d4-19d8-4625-9bcd-899e3134460a","childs":null,"emcosID":null,"emcosMLID":null,"codMaketTEP":null,"codTEP":null,"WSName":"DB","rangeAddress":"$CZ$568:$CZ$605","headAddress":"$CZ$568","bodyAddress":"$CZ$569:$CZ$605","_name":"корректировка факт"},"ручное":{"_level":2,"parentID":"5c6d16f8-490d-4921-bdf2-68ab688d9a8c","firstParentID":"46b6f5bc-c137-4730-b09e-8362264fbfcd","ID":"41f1ca26-41c4-4988-8139-7558c38bef06","childs":null,"emcosID":null,"emcosMLID":null,"codMaketTEP":null,"codTEP":null,"WSName":"DB","rangeAddress":"$DA$568:$DA$605","headAddress":"$DA$568","bodyAddress":"$DA$569:$DA$605","_name":"ручное"},"по плану":{"_level":2,"parentID":"5c6d16f8-490d-4921-bdf2-68ab688d9a8c","firstParentID":"46b6f5bc-c137-4730-b09e-8362264fbfcd","ID":"38e7f660-ecbc-4539-9546-f20e460c316e","childs":null,"emcosID":null,"emcosMLID":null,"codMaketTEP":null,"codTEP":null,"WSName":"DB","rangeAddress":"$DB$568:$DB$605","headAddress":"$DB$568","bodyAddress":"$DB$569:$DB$605","_name":"по плану"}},"emcosID":null,"emcosMLID":null,"codMaketTEP":null,"codTEP":null,"WSName":"DB","rangeAddress":"$CX$567:$DB$605","headAddress":"$CX$567:$DB$567","bodyAddress":"$CX$568:$DB$605","_name":"прием"},"план":{"_level":1,"parentID":"900d1fd2-e7ae-4e2d-bda7-4a622d1ffa9c","firstParentID":"46b6f5bc-c137-4730-b09e-8362264fbfcd","ID":"2de6bb45-6560-40b9-b576-74bad2a1aac3","childs":{"код":{"_level":2,"parentID":"2de6bb45-6560-40b9-b576-74bad2a1aac3","firstParentID":"46b6f5bc-c137-4730-b09e-8362264fbfcd","ID":"d28c399c-b24f-4e7e-80eb-82209c3a2888","childs":null,"emcosID":null,"emcosMLID":null,"codMaketTEP":null,"codTEP":null,"WSName":"DB","rangeAddress":"$DC$568:$DC$605","headAddress":"$DC$568","bodyAddress":"$DC$569:$DC$605","_name":"код"},"основное":{"_level":2,"parentID":"2de6bb45-6560-40b9-b576-74bad2a1aac3","firstParentID":"46b6f5bc-c137-4730-b09e-8362264fbfcd","ID":"a5e068e6-1c3a-4072-88c0-4f1263579b5a","childs":null,"emcosID":null,"emcosMLID":null,"codMaketTEP":null,"codTEP":null,"WSName":"DB","rangeAddress":"$DD$568:$DD$605","headAddress":"$DD$568","bodyAddress":"$DD$569:$DD$605","_name":"основное"},"заявка":{"_level":2,"parentID":"2de6bb45-6560-40b9-b576-74bad2a1aac3","firstParentID":"46b6f5bc-c137-4730-b09e-8362264fbfcd","ID":"efb8aa07-4aef-4ae4-8905-cf4699e656e5","childs":null,"emcosID":null,"emcosMLID":null,"codMaketTEP":null,"codTEP":null,"WSName":"DB","rangeAddress":"$DE$568:$DE$605","headAddress":"$DE$568","bodyAddress":"$DE$569:$DE$605","_name":"заявка"},"утвержденный":{"_level":2,"parentID":"2de6bb45-6560-40b9-b576-74bad2a1aac3","firstParentID":"46b6f5bc-c137-4730-b09e-8362264fbfcd","ID":"1caa964c-83b1-4f06-a9df-e5dc60be1396","childs":null,"emcosID":null,"emcosMLID":null,"codMaketTEP":null,"codTEP":null,"WSName":"DB","rangeAddress":"$DF$568:$DF$605","headAddress":"$DF$568","bodyAddress":"$DF$569:$DF$605","_name":"утвержденный"},"корректировка":{"_level":2,"parentID":"2de6bb45-6560-40b9-b576-74bad2a1aac3","firstParentID":"46b6f5bc-c137-4730-b09e-8362264fbfcd","ID":"547a39d2-756a-41ae-877e-10772f635f51","childs":null,"emcosID":null,"emcosMLID":null,"codMaketTEP":null,"codTEP":null,"WSName":"DB","rangeAddress":"$DG$568:$DG$605","headAddress":"$DG$568","bodyAddress":"$DG$569:$DG$605","_name":"корректировка"}},"emcosID":null,"emcosMLID":null,"codMaketTEP":null,"codTEP":null,"WSName":"DB","rangeAddress":"$DC$567:$DG$605","headAddress":"$DC$567:$DG$567","bodyAddress":"$DC$568:$DG$605","_name":"план"}},"emcosID":null,"emcosMLID":null,"codMaketTEP":null,"codTEP":null,"WSName":"DB","rangeAddress":"$CX$566:$DG$605","headAddress":"$CX$566:$DG$566","bodyAddress":"$CX$567:$DG$605","_name":"Потребление IB Service"}},"codPlan":136,"meterCoef":null,"_name":"Потребление IB Service"}