{"ID":"4eadb333-588f-4c82-ae47-8f3405c84bfa","childs":{"PS":{"_level":0,"parentID":"4eadb333-588f-4c82-ae47-8f3405c84bfa","firstParentID":"4eadb333-588f-4c82-ae47-8f3405c84bfa","ID":"7318f409-f167-4d34-8506-df6b055c761d","childs":{"отдача":{"_level":1,"parentID":"7318f409-f167-4d34-8506-df6b055c761d","firstParentID":"4eadb333-588f-4c82-ae47-8f3405c84bfa","ID":"1e3920dd-67d5-4896-80a7-f964212e81a9","childs":{"формула":{"_level":2,"parentID":"1e3920dd-67d5-4896-80a7-f964212e81a9","firstParentID":"4eadb333-588f-4c82-ae47-8f3405c84bfa","ID":"e2b249fd-dc8d-43c0-aeb1-af47ce9cfead","childs":null,"emcosID":null,"emcosMLID":null,"codMaketTEP":null,"codTEP":null,"WSName":"PS","rangeAddress":"$CB$228:$CB$264","headAddress":"$CB$228","bodyAddress":"$CB$229:$CB$264","_name":"формула"}},"emcosID":null,"emcosMLID":null,"codMaketTEP":null,"codTEP":null,"WSName":"PS","rangeAddress":"$CB$227:$CB$264","headAddress":"$CB$227","bodyAddress":"$CB$228:$CB$264","_name":"отдача"}},"emcosID":null,"emcosMLID":null,"codMaketTEP":null,"codTEP":null,"WSName":"PS","rangeAddress":"$CB$226:$CB$264","headAddress":"$CB$226","bodyAddress":"$CB$227:$CB$264","_name":"Отпуск в сеть Аксу ГЭС"},"DB":{"_level":0,"parentID":"4eadb333-588f-4c82-ae47-8f3405c84bfa","firstParentID":"4eadb333-588f-4c82-ae47-8f3405c84bfa","ID":"75a080b7-83ce-43bc-a5aa-ccc537dcbfe0","childs":{"отдача":{"_level":1,"parentID":"75a080b7-83ce-43bc-a5aa-ccc537dcbfe0","firstParentID":"4eadb333-588f-4c82-ae47-8f3405c84bfa","ID":"7c7b734c-c2cc-4e08-b581-b400f56314f4","childs":{"код":{"_level":2,"parentID":"7c7b734c-c2cc-4e08-b581-b400f56314f4","firstParentID":"4eadb333-588f-4c82-ae47-8f3405c84bfa","ID":"750dd9ca-954a-417f-81c8-50638decd128","childs":null,"emcosID":null,"emcosMLID":null,"codMaketTEP":null,"codTEP":null,"WSName":"DB","rangeAddress":"$C$181:$C$218","headAddress":"$C$181","bodyAddress":"$C$182:$C$218","_name":"код"},"основное":{"_level":2,"parentID":"7c7b734c-c2cc-4e08-b581-b400f56314f4","firstParentID":"4eadb333-588f-4c82-ae47-8f3405c84bfa","ID":"f9ac1b5d-737b-45aa-9028-96c2be13dc32","childs":null,"emcosID":null,"emcosMLID":null,"codMaketTEP":null,"codTEP":null,"WSName":"DB","rangeAddress":"$D$181:$D$218","headAddress":"$D$181","bodyAddress":"$D$182:$D$218","_name":"основное"},"корректировка факт":{"_level":2,"parentID":"7c7b734c-c2cc-4e08-b581-b400f56314f4","firstParentID":"4eadb333-588f-4c82-ae47-8f3405c84bfa","ID":"ff6b44c2-d9ea-4643-862f-2e5f1b75e0a5","childs":null,"emcosID":null,"emcosMLID":null,"codMaketTEP":null,"codTEP":null,"WSName":"DB","rangeAddress":"$E$181:$E$218","headAddress":"$E$181","bodyAddress":"$E$182:$E$218","_name":"корректировка факт"},"ручное":{"_level":2,"parentID":"7c7b734c-c2cc-4e08-b581-b400f56314f4","firstParentID":"4eadb333-588f-4c82-ae47-8f3405c84bfa","ID":"039f3b7c-95f8-44f7-9be8-ac8d958ed17f","childs":null,"emcosID":null,"emcosMLID":null,"codMaketTEP":null,"codTEP":null,"WSName":"DB","rangeAddress":"$F$181:$F$218","headAddress":"$F$181","bodyAddress":"$F$182:$F$218","_name":"ручное"},"формула":{"_level":2,"parentID":"7c7b734c-c2cc-4e08-b581-b400f56314f4","firstParentID":"4eadb333-588f-4c82-ae47-8f3405c84bfa","ID":"740bb527-cf55-4e1d-85b3-f31bb24d3781","childs":null,"emcosID":null,"emcosMLID":null,"codMaketTEP":null,"codTEP":null,"WSName":"DB","rangeAddress":"$G$181:$G$218","headAddress":"$G$181","bodyAddress":"$G$182:$G$218","_name":"формула"}},"emcosID":null,"emcosMLID":null,"codMaketTEP":null,"codTEP":null,"WSName":"DB","rangeAddress":"$C$180:$G$218","headAddress":"$C$180:$G$180","bodyAddress":"$C$181:$G$218","_name":"отдача"}},"emcosID":null,"emcosMLID":null,"codMaketTEP":null,"codTEP":null,"WSName":"DB","rangeAddress":"$C$179:$G$218","headAddress":"$C$179:$G$179","bodyAddress":"$C$180:$G$218","_name":"Отпуск в сеть Аксу ГЭС"}},"codPlan":null,"meterCoef":null,"_name":"Отпуск в сеть Аксу ГЭС"}