{"ID":"550aec77-9395-4d12-938e-c7e65810196e","childs":{"PS":{"_level":0,"parentID":"550aec77-9395-4d12-938e-c7e65810196e","firstParentID":"550aec77-9395-4d12-938e-c7e65810196e","ID":"b09d8c98-13a4-4071-9ea0-acc16b8a8d0a","childs":{"прием":{"_level":1,"parentID":"b09d8c98-13a4-4071-9ea0-acc16b8a8d0a","firstParentID":"550aec77-9395-4d12-938e-c7e65810196e","ID":"ec79ddf4-0dce-42b8-b49b-51639ff36516","childs":{"по счетчику":{"_level":2,"parentID":"ec79ddf4-0dce-42b8-b49b-51639ff36516","firstParentID":"550aec77-9395-4d12-938e-c7e65810196e","ID":"d6266482-2651-4b2b-972c-27ed364a4503","childs":null,"emcosID":null,"emcosMLID":null,"codMaketTEP":null,"codTEP":null,"WSName":"PS","rangeAddress":"$KP$99:$KP$135","headAddress":"$KP$99","bodyAddress":"$KP$100:$KP$135","_name":"по счетчику"},"СЧЕТЧИК":{"_level":2,"parentID":"ec79ddf4-0dce-42b8-b49b-51639ff36516","firstParentID":"550aec77-9395-4d12-938e-c7e65810196e","ID":"d7a9ebc0-4bd4-4455-85a9-5fcb58c5b5e5","childs":null,"emcosID":null,"emcosMLID":null,"codMaketTEP":null,"codTEP":null,"WSName":"PS","rangeAddress":"$KQ$99:$KQ$135","headAddress":"$KQ$99","bodyAddress":"$KQ$100:$KQ$135","_name":"СЧЕТЧИК"}},"emcosID":null,"emcosMLID":null,"codMaketTEP":null,"codTEP":null,"WSName":"PS","rangeAddress":"$KP$98:$KQ$135","headAddress":"$KP$98:$KQ$98","bodyAddress":"$KP$99:$KQ$135","_name":"прием"},"отдача":{"_level":1,"parentID":"b09d8c98-13a4-4071-9ea0-acc16b8a8d0a","firstParentID":"550aec77-9395-4d12-938e-c7e65810196e","ID":"ca12235d-0a24-466b-b37a-ee3651daa1d8","childs":{"по счетчику":{"_level":2,"parentID":"ca12235d-0a24-466b-b37a-ee3651daa1d8","firstParentID":"550aec77-9395-4d12-938e-c7e65810196e","ID":"9b9b1958-c9ec-464c-9331-f0ad3e2390f9","childs":null,"emcosID":null,"emcosMLID":null,"codMaketTEP":null,"codTEP":null,"WSName":"PS","rangeAddress":"$KR$99:$KR$135","headAddress":"$KR$99","bodyAddress":"$KR$100:$KR$135","_name":"по счетчику"},"СЧЕТЧИК":{"_level":2,"parentID":"ca12235d-0a24-466b-b37a-ee3651daa1d8","firstParentID":"550aec77-9395-4d12-938e-c7e65810196e","ID":"06a444ba-75bb-4df7-b6d0-a8768acbaf59","childs":null,"emcosID":null,"emcosMLID":null,"codMaketTEP":null,"codTEP":null,"WSName":"PS","rangeAddress":"$KS$99:$KS$135","headAddress":"$KS$99","bodyAddress":"$KS$100:$KS$135","_name":"СЧЕТЧИК"}},"emcosID":null,"emcosMLID":null,"codMaketTEP":null,"codTEP":null,"WSName":"PS","rangeAddress":"$KR$98:$KS$135","headAddress":"$KR$98:$KS$98","bodyAddress":"$KR$99:$KS$135","_name":"отдача"},"сальдо":{"_level":1,"parentID":"b09d8c98-13a4-4071-9ea0-acc16b8a8d0a","firstParentID":"550aec77-9395-4d12-938e-c7e65810196e","ID":"eb1ac6e8-0003-4ee2-ae51-178004190481","childs":{"формула":{"_level":2,"parentID":"eb1ac6e8-0003-4ee2-ae51-178004190481","firstParentID":"550aec77-9395-4d12-938e-c7e65810196e","ID":"f3bea00f-e7c9-4033-b899-44b3968d379e","childs":null,"emcosID":null,"emcosMLID":null,"codMaketTEP":null,"codTEP":null,"WSName":"PS","rangeAddress":"$KT$99:$KT$135","headAddress":"$KT$99","bodyAddress":"$KT$100:$KT$135","_name":"формула"}},"emcosID":null,"emcosMLID":null,"codMaketTEP":1359,"codTEP":null,"WSName":"PS","rangeAddress":"$KT$98:$KT$135","headAddress":"$KT$98","bodyAddress":"$KT$99:$KT$135","_name":"сальдо"}},"emcosID":null,"emcosMLID":null,"codMaketTEP":null,"codTEP":null,"WSName":"PS","rangeAddress":"$KP$97:$KT$135","headAddress":"$KP$97:$KT$97","bodyAddress":"$KP$98:$KT$135","_name":"Л2313 Сары Шаган тяга"},"DB":{"_level":0,"parentID":"550aec77-9395-4d12-938e-c7e65810196e","firstParentID":"550aec77-9395-4d12-938e-c7e65810196e","ID":"73940ad3-0657-4cd9-a1e0-d93a41fdde9b","childs":{"прием":{"_level":1,"parentID":"73940ad3-0657-4cd9-a1e0-d93a41fdde9b","firstParentID":"550aec77-9395-4d12-938e-c7e65810196e","ID":"39bde4fd-dac9-47ef-b5e3-773abcb97da2","childs":{"код":{"_level":2,"parentID":"39bde4fd-dac9-47ef-b5e3-773abcb97da2","firstParentID":"550aec77-9395-4d12-938e-c7e65810196e","ID":"010eda08-fe82-4c8f-ad3c-1245e37d6782","childs":null,"emcosID":null,"emcosMLID":null,"codMaketTEP":null,"codTEP":null,"WSName":"DB","rangeAddress":"$BF$181:$BF$218","headAddress":"$BF$181","bodyAddress":"$BF$182:$BF$218","_name":"код"},"основное":{"_level":2,"parentID":"39bde4fd-dac9-47ef-b5e3-773abcb97da2","firstParentID":"550aec77-9395-4d12-938e-c7e65810196e","ID":"b085b405-31e9-4b26-ba01-8b74c85bcef0","childs":null,"emcosID":null,"emcosMLID":null,"codMaketTEP":null,"codTEP":null,"WSName":"DB","rangeAddress":"$BG$181:$BG$218","headAddress":"$BG$181","bodyAddress":"$BG$182:$BG$218","_name":"основное"},"корректировка факт":{"_level":2,"parentID":"39bde4fd-dac9-47ef-b5e3-773abcb97da2","firstParentID":"550aec77-9395-4d12-938e-c7e65810196e","ID":"082d5010-cbec-4df7-8bb3-e447abadeeb8","childs":null,"emcosID":null,"emcosMLID":null,"codMaketTEP":null,"codTEP":null,"WSName":"DB","rangeAddress":"$BH$181:$BH$218","headAddress":"$BH$181","bodyAddress":"$BH$182:$BH$218","_name":"корректировка факт"},"ручное":{"_level":2,"parentID":"39bde4fd-dac9-47ef-b5e3-773abcb97da2","firstParentID":"550aec77-9395-4d12-938e-c7e65810196e","ID":"73013b26-43fd-4de1-b599-ee5b77f3d7c9","childs":null,"emcosID":null,"emcosMLID":null,"codMaketTEP":null,"codTEP":null,"WSName":"DB","rangeAddress":"$BI$181:$BI$218","headAddress":"$BI$181","bodyAddress":"$BI$182:$BI$218","_name":"ручное"},"счетчик":{"_level":2,"parentID":"39bde4fd-dac9-47ef-b5e3-773abcb97da2","firstParentID":"550aec77-9395-4d12-938e-c7e65810196e","ID":"94364c36-349e-491c-9d4a-c0032cba4dca","childs":null,"emcosID":null,"emcosMLID":null,"codMaketTEP":null,"codTEP":null,"WSName":"DB","rangeAddress":"$BJ$181:$BJ$218","headAddress":"$BJ$181","bodyAddress":"$BJ$182:$BJ$218","_name":"счетчик"},"по счетчику":{"_level":2,"parentID":"39bde4fd-dac9-47ef-b5e3-773abcb97da2","firstParentID":"550aec77-9395-4d12-938e-c7e65810196e","ID":"c4b3f718-071a-4c5a-ac30-10803a798765","childs":null,"emcosID":null,"emcosMLID":null,"codMaketTEP":null,"codTEP":null,"WSName":"DB","rangeAddress":"$BK$181:$BK$218","headAddress":"$BK$181","bodyAddress":"$BK$182:$BK$218","_name":"по счетчику"}},"emcosID":null,"emcosMLID":null,"codMaketTEP":null,"codTEP":null,"WSName":"DB","rangeAddress":"$BF$180:$BK$218","headAddress":"$BF$180:$BK$180","bodyAddress":"$BF$181:$BK$218","_name":"прием"},"отдача":{"_level":1,"parentID":"73940ad3-0657-4cd9-a1e0-d93a41fdde9b","firstParentID":"550aec77-9395-4d12-938e-c7e65810196e","ID":"92f38897-1321-4190-9f74-6bd73d91dcaa","childs":{"код":{"_level":2,"parentID":"92f38897-1321-4190-9f74-6bd73d91dcaa","firstParentID":"550aec77-9395-4d12-938e-c7e65810196e","ID":"2c0a4907-ed68-4ba3-a367-46bf681708af","childs":null,"emcosID":null,"emcosMLID":null,"codMaketTEP":null,"codTEP":null,"WSName":"DB","rangeAddress":"$BL$181:$BL$218","headAddress":"$BL$181","bodyAddress":"$BL$182:$BL$218","_name":"код"},"основное":{"_level":2,"parentID":"92f38897-1321-4190-9f74-6bd73d91dcaa","firstParentID":"550aec77-9395-4d12-938e-c7e65810196e","ID":"2b3622d1-275e-4def-9b2a-1f5885674a25","childs":null,"emcosID":null,"emcosMLID":null,"codMaketTEP":null,"codTEP":null,"WSName":"DB","rangeAddress":"$BM$181:$BM$218","headAddress":"$BM$181","bodyAddress":"$BM$182:$BM$218","_name":"основное"},"корректировка факт":{"_level":2,"parentID":"92f38897-1321-4190-9f74-6bd73d91dcaa","firstParentID":"550aec77-9395-4d12-938e-c7e65810196e","ID":"2ac21efb-121d-48c8-8924-0eeb4caa7c43","childs":null,"emcosID":null,"emcosMLID":null,"codMaketTEP":null,"codTEP":null,"WSName":"DB","rangeAddress":"$BN$181:$BN$218","headAddress":"$BN$181","bodyAddress":"$BN$182:$BN$218","_name":"корректировка факт"},"ручное":{"_level":2,"parentID":"92f38897-1321-4190-9f74-6bd73d91dcaa","firstParentID":"550aec77-9395-4d12-938e-c7e65810196e","ID":"80fc1b15-bef9-4617-96a1-21b6d84bef49","childs":null,"emcosID":null,"emcosMLID":null,"codMaketTEP":null,"codTEP":null,"WSName":"DB","rangeAddress":"$BO$181:$BO$218","headAddress":"$BO$181","bodyAddress":"$BO$182:$BO$218","_name":"ручное"},"счетчик":{"_level":2,"parentID":"92f38897-1321-4190-9f74-6bd73d91dcaa","firstParentID":"550aec77-9395-4d12-938e-c7e65810196e","ID":"4d1d8558-6420-4c5e-8225-71ec510cb259","childs":null,"emcosID":null,"emcosMLID":null,"codMaketTEP":null,"codTEP":null,"WSName":"DB","rangeAddress":"$BP$181:$BP$218","headAddress":"$BP$181","bodyAddress":"$BP$182:$BP$218","_name":"счетчик"},"по счетчику":{"_level":2,"parentID":"92f38897-1321-4190-9f74-6bd73d91dcaa","firstParentID":"550aec77-9395-4d12-938e-c7e65810196e","ID":"1b279ef7-b71d-456f-8232-23cdccf10570","childs":null,"emcosID":null,"emcosMLID":null,"codMaketTEP":null,"codTEP":null,"WSName":"DB","rangeAddress":"$BQ$181:$BQ$218","headAddress":"$BQ$181","bodyAddress":"$BQ$182:$BQ$218","_name":"по счетчику"}},"emcosID":null,"emcosMLID":null,"codMaketTEP":null,"codTEP":null,"WSName":"DB","rangeAddress":"$BL$180:$BQ$218","headAddress":"$BL$180:$BQ$180","bodyAddress":"$BL$181:$BQ$218","_name":"отдача"},"сальдо":{"_level":1,"parentID":"73940ad3-0657-4cd9-a1e0-d93a41fdde9b","firstParentID":"550aec77-9395-4d12-938e-c7e65810196e","ID":"e1e1e704-7c5b-444e-93e3-30952828c757","childs":{"код":{"_level":2,"parentID":"e1e1e704-7c5b-444e-93e3-30952828c757","firstParentID":"550aec77-9395-4d12-938e-c7e65810196e","ID":"496141b9-68d6-4e89-9285-277164fabfa7","childs":null,"emcosID":null,"emcosMLID":null,"codMaketTEP":null,"codTEP":null,"WSName":"DB","rangeAddress":"$BR$181:$BR$218","headAddress":"$BR$181","bodyAddress":"$BR$182:$BR$218","_name":"код"},"основное":{"_level":2,"parentID":"e1e1e704-7c5b-444e-93e3-30952828c757","firstParentID":"550aec77-9395-4d12-938e-c7e65810196e","ID":"a573519f-5523-4889-9a10-5064b9bf999c","childs":null,"emcosID":null,"emcosMLID":null,"codMaketTEP":null,"codTEP":null,"WSName":"DB","rangeAddress":"$BS$181:$BS$218","headAddress":"$BS$181","bodyAddress":"$BS$182:$BS$218","_name":"основное"},"корректировка факт":{"_level":2,"parentID":"e1e1e704-7c5b-444e-93e3-30952828c757","firstParentID":"550aec77-9395-4d12-938e-c7e65810196e","ID":"8a8cc585-5fda-4949-b226-03993da9ab0d","childs":null,"emcosID":null,"emcosMLID":null,"codMaketTEP":null,"codTEP":null,"WSName":"DB","rangeAddress":"$BT$181:$BT$218","headAddress":"$BT$181","bodyAddress":"$BT$182:$BT$218","_name":"корректировка факт"},"ручное":{"_level":2,"parentID":"e1e1e704-7c5b-444e-93e3-30952828c757","firstParentID":"550aec77-9395-4d12-938e-c7e65810196e","ID":"ad28e1b2-950c-4857-81e0-9a380d9e7225","childs":null,"emcosID":null,"emcosMLID":null,"codMaketTEP":null,"codTEP":null,"WSName":"DB","rangeAddress":"$BU$181:$BU$218","headAddress":"$BU$181","bodyAddress":"$BU$182:$BU$218","_name":"ручное"},"формула":{"_level":2,"parentID":"e1e1e704-7c5b-444e-93e3-30952828c757","firstParentID":"550aec77-9395-4d12-938e-c7e65810196e","ID":"5b991137-37c6-453e-9f27-990dea7e7c3a","childs":null,"emcosID":null,"emcosMLID":null,"codMaketTEP":null,"codTEP":null,"WSName":"DB","rangeAddress":"$BV$181:$BV$218","headAddress":"$BV$181","bodyAddress":"$BV$182:$BV$218","_name":"формула"}},"emcosID":null,"emcosMLID":null,"codMaketTEP":null,"codTEP":null,"WSName":"DB","rangeAddress":"$BR$180:$BV$218","headAddress":"$BR$180:$BV$180","bodyAddress":"$BR$181:$BV$218","_name":"сальдо"}},"emcosID":null,"emcosMLID":null,"codMaketTEP":null,"codTEP":null,"WSName":"DB","rangeAddress":"$BF$179:$BV$218","headAddress":"$BF$179:$BV$179","bodyAddress":"$BF$180:$BV$218","_name":"Л2313 Сары Шаган тяга"}},"codPlan":null,"meterCoef":"264","_name":"Л2313 Сары Шаган тяга"}