{"ID":"6807dd4b-8322-42a0-9cc8-e04372a6b2a4","childs":{"PS":{"_level":0,"parentID":"6807dd4b-8322-42a0-9cc8-e04372a6b2a4","firstParentID":"6807dd4b-8322-42a0-9cc8-e04372a6b2a4","ID":"9f2e977f-bd51-4467-8fa0-e42cee1698ed","childs":{"отдача":{"_level":1,"parentID":"9f2e977f-bd51-4467-8fa0-e42cee1698ed","firstParentID":"6807dd4b-8322-42a0-9cc8-e04372a6b2a4","ID":"18d95d05-16c1-444c-b947-e57cd53d20b8","childs":{"формула":{"_level":2,"parentID":"18d95d05-16c1-444c-b947-e57cd53d20b8","firstParentID":"6807dd4b-8322-42a0-9cc8-e04372a6b2a4","ID":"84bbd90d-e42b-4c9d-97ab-1c74da432b50","childs":null,"emcosID":null,"emcosMLID":null,"codMaketTEP":null,"codTEP":null,"WSName":"PS","rangeAddress":"$DG$185:$DG$221","headAddress":"$DG$185","bodyAddress":"$DG$186:$DG$221","_name":"формула"}},"emcosID":null,"emcosMLID":null,"codMaketTEP":null,"codTEP":null,"WSName":"PS","rangeAddress":"$DG$184:$DG$221","headAddress":"$DG$184","bodyAddress":"$DG$185:$DG$221","_name":"отдача"},"план":{"_level":1,"parentID":"9f2e977f-bd51-4467-8fa0-e42cee1698ed","firstParentID":"6807dd4b-8322-42a0-9cc8-e04372a6b2a4","ID":"7a810e49-6ddd-4205-8bf4-c4501f8932d4","childs":{"заявка":{"_level":2,"parentID":"7a810e49-6ddd-4205-8bf4-c4501f8932d4","firstParentID":"6807dd4b-8322-42a0-9cc8-e04372a6b2a4","ID":"1661770f-eb68-4fb3-93c1-5ba746cef52d","childs":null,"emcosID":null,"emcosMLID":null,"codMaketTEP":null,"codTEP":null,"WSName":"PS","rangeAddress":"$DH$185:$DH$221","headAddress":"$DH$185","bodyAddress":"$DH$186:$DH$221","_name":"заявка"}},"emcosID":null,"emcosMLID":null,"codMaketTEP":null,"codTEP":null,"WSName":"PS","rangeAddress":"$DH$184:$DH$221","headAddress":"$DH$184","bodyAddress":"$DH$185:$DH$221","_name":"план"}},"emcosID":null,"emcosMLID":null,"codMaketTEP":null,"codTEP":null,"WSName":"PS","rangeAddress":"$DG$183:$DH$221","headAddress":"$DG$183:$DH$183","bodyAddress":"$DG$184:$DH$221","_name":"Генерация Eneverse Kunkuat СЭС Капшагай 100"},"DB":{"_level":0,"parentID":"6807dd4b-8322-42a0-9cc8-e04372a6b2a4","firstParentID":"6807dd4b-8322-42a0-9cc8-e04372a6b2a4","ID":"4b278298-a601-479b-813e-6de41c0212ed","childs":{"отдача":{"_level":1,"parentID":"4b278298-a601-479b-813e-6de41c0212ed","firstParentID":"6807dd4b-8322-42a0-9cc8-e04372a6b2a4","ID":"af6cc60d-3c76-4f07-9c2c-0c2aa4d9f555","childs":{"код":{"_level":2,"parentID":"af6cc60d-3c76-4f07-9c2c-0c2aa4d9f555","firstParentID":"6807dd4b-8322-42a0-9cc8-e04372a6b2a4","ID":"0742c580-bf50-46f4-a335-fb87667d823d","childs":null,"emcosID":null,"emcosMLID":null,"codMaketTEP":null,"codTEP":null,"WSName":"DB","rangeAddress":"$C$224:$C$261","headAddress":"$C$224","bodyAddress":"$C$225:$C$261","_name":"код"},"основное":{"_level":2,"parentID":"af6cc60d-3c76-4f07-9c2c-0c2aa4d9f555","firstParentID":"6807dd4b-8322-42a0-9cc8-e04372a6b2a4","ID":"ad9f0c85-a3d6-4cf7-a0b7-c5c57d1c0e3c","childs":null,"emcosID":null,"emcosMLID":null,"codMaketTEP":null,"codTEP":null,"WSName":"DB","rangeAddress":"$D$224:$D$261","headAddress":"$D$224","bodyAddress":"$D$225:$D$261","_name":"основное"},"корректировка факт":{"_level":2,"parentID":"af6cc60d-3c76-4f07-9c2c-0c2aa4d9f555","firstParentID":"6807dd4b-8322-42a0-9cc8-e04372a6b2a4","ID":"516bb0d9-d708-4e6c-b457-60ec3069c72a","childs":null,"emcosID":null,"emcosMLID":null,"codMaketTEP":null,"codTEP":null,"WSName":"DB","rangeAddress":"$E$224:$E$261","headAddress":"$E$224","bodyAddress":"$E$225:$E$261","_name":"корректировка факт"},"ручное":{"_level":2,"parentID":"af6cc60d-3c76-4f07-9c2c-0c2aa4d9f555","firstParentID":"6807dd4b-8322-42a0-9cc8-e04372a6b2a4","ID":"8c137432-2fed-438f-bc3b-6a418c5a4d31","childs":null,"emcosID":null,"emcosMLID":null,"codMaketTEP":null,"codTEP":null,"WSName":"DB","rangeAddress":"$F$224:$F$261","headAddress":"$F$224","bodyAddress":"$F$225:$F$261","_name":"ручное"},"формула":{"_level":2,"parentID":"af6cc60d-3c76-4f07-9c2c-0c2aa4d9f555","firstParentID":"6807dd4b-8322-42a0-9cc8-e04372a6b2a4","ID":"ae1d2f93-7bc3-498d-ae77-8482d6518e2c","childs":null,"emcosID":null,"emcosMLID":null,"codMaketTEP":null,"codTEP":null,"WSName":"DB","rangeAddress":"$G$224:$G$261","headAddress":"$G$224","bodyAddress":"$G$225:$G$261","_name":"формула"},"по плану":{"_level":2,"parentID":"af6cc60d-3c76-4f07-9c2c-0c2aa4d9f555","firstParentID":"6807dd4b-8322-42a0-9cc8-e04372a6b2a4","ID":"aa597f9e-a22d-46cb-b804-f6c062e1dc22","childs":null,"emcosID":null,"emcosMLID":null,"codMaketTEP":null,"codTEP":null,"WSName":"DB","rangeAddress":"$H$224:$H$261","headAddress":"$H$224","bodyAddress":"$H$225:$H$261","_name":"по плану"}},"emcosID":null,"emcosMLID":null,"codMaketTEP":null,"codTEP":null,"WSName":"DB","rangeAddress":"$C$223:$H$261","headAddress":"$C$223:$H$223","bodyAddress":"$C$224:$H$261","_name":"отдача"},"план":{"_level":1,"parentID":"4b278298-a601-479b-813e-6de41c0212ed","firstParentID":"6807dd4b-8322-42a0-9cc8-e04372a6b2a4","ID":"ef653f2e-f66a-48f5-9b40-f00dcd415f2f","childs":{"код":{"_level":2,"parentID":"ef653f2e-f66a-48f5-9b40-f00dcd415f2f","firstParentID":"6807dd4b-8322-42a0-9cc8-e04372a6b2a4","ID":"1bb0182f-689b-4dda-947e-8b39494e494d","childs":null,"emcosID":null,"emcosMLID":null,"codMaketTEP":null,"codTEP":null,"WSName":"DB","rangeAddress":"$I$224:$I$261","headAddress":"$I$224","bodyAddress":"$I$225:$I$261","_name":"код"},"основное":{"_level":2,"parentID":"ef653f2e-f66a-48f5-9b40-f00dcd415f2f","firstParentID":"6807dd4b-8322-42a0-9cc8-e04372a6b2a4","ID":"e13fbbe1-d603-4301-bb67-03dc8793b178","childs":null,"emcosID":null,"emcosMLID":null,"codMaketTEP":null,"codTEP":null,"WSName":"DB","rangeAddress":"$J$224:$J$261","headAddress":"$J$224","bodyAddress":"$J$225:$J$261","_name":"основное"},"заявка":{"_level":2,"parentID":"ef653f2e-f66a-48f5-9b40-f00dcd415f2f","firstParentID":"6807dd4b-8322-42a0-9cc8-e04372a6b2a4","ID":"bced1bda-87b4-4394-8cf5-7cff89502594","childs":null,"emcosID":null,"emcosMLID":null,"codMaketTEP":null,"codTEP":null,"WSName":"DB","rangeAddress":"$K$224:$K$261","headAddress":"$K$224","bodyAddress":"$K$225:$K$261","_name":"заявка"},"утвержденный":{"_level":2,"parentID":"ef653f2e-f66a-48f5-9b40-f00dcd415f2f","firstParentID":"6807dd4b-8322-42a0-9cc8-e04372a6b2a4","ID":"dd2e6ef5-8aeb-4e2c-9d12-14cab911bb9f","childs":null,"emcosID":null,"emcosMLID":null,"codMaketTEP":null,"codTEP":null,"WSName":"DB","rangeAddress":"$L$224:$L$261","headAddress":"$L$224","bodyAddress":"$L$225:$L$261","_name":"утвержденный"},"корректировка":{"_level":2,"parentID":"ef653f2e-f66a-48f5-9b40-f00dcd415f2f","firstParentID":"6807dd4b-8322-42a0-9cc8-e04372a6b2a4","ID":"e3e0a1fd-c591-48e2-b94a-595c1a884308","childs":null,"emcosID":null,"emcosMLID":null,"codMaketTEP":null,"codTEP":null,"WSName":"DB","rangeAddress":"$M$224:$M$261","headAddress":"$M$224","bodyAddress":"$M$225:$M$261","_name":"корректировка"}},"emcosID":null,"emcosMLID":null,"codMaketTEP":null,"codTEP":null,"WSName":"DB","rangeAddress":"$I$223:$M$261","headAddress":"$I$223:$M$223","bodyAddress":"$I$224:$M$261","_name":"план"}},"emcosID":null,"emcosMLID":null,"codMaketTEP":null,"codTEP":null,"WSName":"DB","rangeAddress":"$C$222:$M$261","headAddress":"$C$222:$M$222","bodyAddress":"$C$223:$M$261","_name":"Генерация Eneverse Kunkuat СЭС Капшагай 100"}},"codPlan":90,"meterCoef":null,"_name":"Генерация Eneverse Kunkuat СЭС Капшагай 100"}