{"ID":"73ca656c-3809-47b9-b1da-b4f98984b24f","childs":{"PS":{"_level":0,"parentID":"73ca656c-3809-47b9-b1da-b4f98984b24f","firstParentID":"73ca656c-3809-47b9-b1da-b4f98984b24f","ID":"626828f0-f9c6-4f66-bae5-db6c983d6860","childs":{"прием":{"_level":1,"parentID":"626828f0-f9c6-4f66-bae5-db6c983d6860","firstParentID":"73ca656c-3809-47b9-b1da-b4f98984b24f","ID":"64dac693-c0ea-4ae8-9e38-e7e1f9ec021e","childs":{"формула":{"_level":2,"parentID":"64dac693-c0ea-4ae8-9e38-e7e1f9ec021e","firstParentID":"73ca656c-3809-47b9-b1da-b4f98984b24f","ID":"ae0c97a7-26b5-4031-8f1b-1c833107e1c4","childs":null,"emcosID":null,"emcosMLID":null,"codMaketTEP":null,"codTEP":null,"WSName":"PS","rangeAddress":"$KX$99:$KX$135","headAddress":"$KX$99","bodyAddress":"$KX$100:$KX$135","_name":"формула"}},"emcosID":null,"emcosMLID":null,"codMaketTEP":null,"codTEP":null,"WSName":"PS","rangeAddress":"$KX$98:$KX$135","headAddress":"$KX$98","bodyAddress":"$KX$99:$KX$135","_name":"прием"}},"emcosID":null,"emcosMLID":null,"codMaketTEP":null,"codTEP":null,"WSName":"PS","rangeAddress":"$KX$97:$KX$135","headAddress":"$KX$97","bodyAddress":"$KX$98:$KX$135","_name":"Потребление Кияхты тяга"},"DB":{"_level":0,"parentID":"73ca656c-3809-47b9-b1da-b4f98984b24f","firstParentID":"73ca656c-3809-47b9-b1da-b4f98984b24f","ID":"6947c013-bc0e-492d-bd73-2605f228b73d","childs":{"прием":{"_level":1,"parentID":"6947c013-bc0e-492d-bd73-2605f228b73d","firstParentID":"73ca656c-3809-47b9-b1da-b4f98984b24f","ID":"434144f8-6d1e-427e-b2f5-8392c92a2bc0","childs":{"код":{"_level":2,"parentID":"434144f8-6d1e-427e-b2f5-8392c92a2bc0","firstParentID":"73ca656c-3809-47b9-b1da-b4f98984b24f","ID":"127041db-2a01-4ae7-9380-a5f6ef148de8","childs":null,"emcosID":null,"emcosMLID":null,"codMaketTEP":null,"codTEP":null,"WSName":"DB","rangeAddress":"$AV$353:$AV$390","headAddress":"$AV$353","bodyAddress":"$AV$354:$AV$390","_name":"код"},"основное":{"_level":2,"parentID":"434144f8-6d1e-427e-b2f5-8392c92a2bc0","firstParentID":"73ca656c-3809-47b9-b1da-b4f98984b24f","ID":"834022b6-fb99-4fd0-9a6d-6f070f9bccf4","childs":null,"emcosID":null,"emcosMLID":null,"codMaketTEP":null,"codTEP":null,"WSName":"DB","rangeAddress":"$AW$353:$AW$390","headAddress":"$AW$353","bodyAddress":"$AW$354:$AW$390","_name":"основное"},"корректировка факт":{"_level":2,"parentID":"434144f8-6d1e-427e-b2f5-8392c92a2bc0","firstParentID":"73ca656c-3809-47b9-b1da-b4f98984b24f","ID":"c691a4ef-8da3-4e92-95a6-25a6be290cb7","childs":null,"emcosID":null,"emcosMLID":null,"codMaketTEP":null,"codTEP":null,"WSName":"DB","rangeAddress":"$AX$353:$AX$390","headAddress":"$AX$353","bodyAddress":"$AX$354:$AX$390","_name":"корректировка факт"},"ручное":{"_level":2,"parentID":"434144f8-6d1e-427e-b2f5-8392c92a2bc0","firstParentID":"73ca656c-3809-47b9-b1da-b4f98984b24f","ID":"be107ec5-a708-43ea-8a26-ad7a37370fe0","childs":null,"emcosID":null,"emcosMLID":null,"codMaketTEP":null,"codTEP":null,"WSName":"DB","rangeAddress":"$AY$353:$AY$390","headAddress":"$AY$353","bodyAddress":"$AY$354:$AY$390","_name":"ручное"},"формула":{"_level":2,"parentID":"434144f8-6d1e-427e-b2f5-8392c92a2bc0","firstParentID":"73ca656c-3809-47b9-b1da-b4f98984b24f","ID":"0b6dc59d-203c-4c7d-aa97-e66811e86e5a","childs":null,"emcosID":null,"emcosMLID":null,"codMaketTEP":null,"codTEP":null,"WSName":"DB","rangeAddress":"$AZ$353:$AZ$390","headAddress":"$AZ$353","bodyAddress":"$AZ$354:$AZ$390","_name":"формула"}},"emcosID":null,"emcosMLID":null,"codMaketTEP":null,"codTEP":null,"WSName":"DB","rangeAddress":"$AV$352:$AZ$390","headAddress":"$AV$352:$AZ$352","bodyAddress":"$AV$353:$AZ$390","_name":"прием"}},"emcosID":null,"emcosMLID":null,"codMaketTEP":null,"codTEP":null,"WSName":"DB","rangeAddress":"$AV$351:$AZ$390","headAddress":"$AV$351:$AZ$351","bodyAddress":"$AV$352:$AZ$390","_name":"Потребление Кияхты тяга"}},"codPlan":null,"meterCoef":null,"_name":"Потребление Кияхты тяга"}