{"ID":"75d6c8dd-2a39-4ee7-9002-91a7e216d272","childs":{"PS":{"_level":0,"parentID":"75d6c8dd-2a39-4ee7-9002-91a7e216d272","firstParentID":"75d6c8dd-2a39-4ee7-9002-91a7e216d272","ID":"60b1735e-cfcf-4e2e-948f-a2cee47929e1","childs":{"прием":{"_level":1,"parentID":"60b1735e-cfcf-4e2e-948f-a2cee47929e1","firstParentID":"75d6c8dd-2a39-4ee7-9002-91a7e216d272","ID":"d6e0ca3b-f5c0-4312-a5dc-83fa54aab432","childs":{"оперативное":{"_level":2,"parentID":"d6e0ca3b-f5c0-4312-a5dc-83fa54aab432","firstParentID":"75d6c8dd-2a39-4ee7-9002-91a7e216d272","ID":"f89c584d-77b9-423d-a218-c438836b7588","childs":null,"emcosID":null,"emcosMLID":null,"codMaketTEP":null,"codTEP":null,"WSName":"PS","rangeAddress":"$CO$185:$CO$221","headAddress":"$CO$185","bodyAddress":"$CO$186:$CO$221","_name":"оперативное"}},"emcosID":null,"emcosMLID":null,"codMaketTEP":1323,"codTEP":null,"WSName":"PS","rangeAddress":"$CO$184:$CO$221","headAddress":"$CO$184","bodyAddress":"$CO$185:$CO$221","_name":"прием"}},"emcosID":null,"emcosMLID":null,"codMaketTEP":null,"codTEP":null,"WSName":"PS","rangeAddress":"$CO$183:$CO$221","headAddress":"$CO$183","bodyAddress":"$CO$184:$CO$221","_name":"с.н. АТЭЦ2 АлЭС"},"DB":{"_level":0,"parentID":"75d6c8dd-2a39-4ee7-9002-91a7e216d272","firstParentID":"75d6c8dd-2a39-4ee7-9002-91a7e216d272","ID":"17ba6592-9f6f-4a31-935c-d3dcf6930ccd","childs":{"прием":{"_level":1,"parentID":"17ba6592-9f6f-4a31-935c-d3dcf6930ccd","firstParentID":"75d6c8dd-2a39-4ee7-9002-91a7e216d272","ID":"3804af70-a1e6-44fc-aaaa-df0b6758597c","childs":{"код":{"_level":2,"parentID":"3804af70-a1e6-44fc-aaaa-df0b6758597c","firstParentID":"75d6c8dd-2a39-4ee7-9002-91a7e216d272","ID":"641c6a94-e501-4c49-8040-9344f6d5a189","childs":null,"emcosID":null,"emcosMLID":null,"codMaketTEP":null,"codTEP":null,"WSName":"DB","rangeAddress":"$DV$482:$DV$519","headAddress":"$DV$482","bodyAddress":"$DV$483:$DV$519","_name":"код"},"основное":{"_level":2,"parentID":"3804af70-a1e6-44fc-aaaa-df0b6758597c","firstParentID":"75d6c8dd-2a39-4ee7-9002-91a7e216d272","ID":"86a16d54-d463-4095-9ca9-44067ff3c056","childs":null,"emcosID":null,"emcosMLID":null,"codMaketTEP":null,"codTEP":null,"WSName":"DB","rangeAddress":"$DW$482:$DW$519","headAddress":"$DW$482","bodyAddress":"$DW$483:$DW$519","_name":"основное"},"корректировка факт":{"_level":2,"parentID":"3804af70-a1e6-44fc-aaaa-df0b6758597c","firstParentID":"75d6c8dd-2a39-4ee7-9002-91a7e216d272","ID":"aa77f67c-c356-4218-a6da-32f19421e03a","childs":null,"emcosID":null,"emcosMLID":null,"codMaketTEP":null,"codTEP":null,"WSName":"DB","rangeAddress":"$DX$482:$DX$519","headAddress":"$DX$482","bodyAddress":"$DX$483:$DX$519","_name":"корректировка факт"},"ручное":{"_level":2,"parentID":"3804af70-a1e6-44fc-aaaa-df0b6758597c","firstParentID":"75d6c8dd-2a39-4ee7-9002-91a7e216d272","ID":"9ddda544-51b0-4fca-aff6-992e247f7158","childs":null,"emcosID":null,"emcosMLID":null,"codMaketTEP":null,"codTEP":null,"WSName":"DB","rangeAddress":"$DY$482:$DY$519","headAddress":"$DY$482","bodyAddress":"$DY$483:$DY$519","_name":"ручное"},"оперативное":{"_level":2,"parentID":"3804af70-a1e6-44fc-aaaa-df0b6758597c","firstParentID":"75d6c8dd-2a39-4ee7-9002-91a7e216d272","ID":"d0234767-386d-4970-a636-dbebcc3daaa7","childs":null,"emcosID":null,"emcosMLID":null,"codMaketTEP":null,"codTEP":null,"WSName":"DB","rangeAddress":"$DZ$482:$DZ$519","headAddress":"$DZ$482","bodyAddress":"$DZ$483:$DZ$519","_name":"оперативное"}},"emcosID":null,"emcosMLID":null,"codMaketTEP":null,"codTEP":null,"WSName":"DB","rangeAddress":"$DV$481:$DZ$519","headAddress":"$DV$481:$DZ$481","bodyAddress":"$DV$482:$DZ$519","_name":"прием"}},"emcosID":null,"emcosMLID":null,"codMaketTEP":null,"codTEP":null,"WSName":"DB","rangeAddress":"$DV$480:$DZ$519","headAddress":"$DV$480:$DZ$480","bodyAddress":"$DV$481:$DZ$519","_name":"с.н. АТЭЦ2 АлЭС"}},"codPlan":null,"meterCoef":null,"_name":"с.н. АТЭЦ2 АлЭС"}