{"ID":"82865f20-47fd-40f1-b667-12de31b8e5a4","childs":{"PS":{"_level":0,"parentID":"82865f20-47fd-40f1-b667-12de31b8e5a4","firstParentID":"82865f20-47fd-40f1-b667-12de31b8e5a4","ID":"917d4713-a358-4ee7-81ef-89e6b737ba50","childs":{"прием":{"_level":1,"parentID":"917d4713-a358-4ee7-81ef-89e6b737ba50","firstParentID":"82865f20-47fd-40f1-b667-12de31b8e5a4","ID":"497b0aa2-bea4-4ede-a19d-d519d0d42cf1","childs":{"по плану":{"_level":2,"parentID":"497b0aa2-bea4-4ede-a19d-d519d0d42cf1","firstParentID":"82865f20-47fd-40f1-b667-12de31b8e5a4","ID":"2675375d-5eaf-4adc-ae96-b8fae3f7c4ae","childs":null,"emcosID":null,"emcosMLID":null,"codMaketTEP":null,"codTEP":null,"WSName":"PS","rangeAddress":"$BP$228:$BP$264","headAddress":"$BP$228","bodyAddress":"$BP$229:$BP$264","_name":"по плану"}},"emcosID":null,"emcosMLID":null,"codMaketTEP":null,"codTEP":null,"WSName":"PS","rangeAddress":"$BP$227:$BP$264","headAddress":"$BP$227","bodyAddress":"$BP$228:$BP$264","_name":"прием"},"план":{"_level":1,"parentID":"917d4713-a358-4ee7-81ef-89e6b737ba50","firstParentID":"82865f20-47fd-40f1-b667-12de31b8e5a4","ID":"e4d78c95-14f4-4459-8ee8-9a144a064ebb","childs":{"заявка":{"_level":2,"parentID":"e4d78c95-14f4-4459-8ee8-9a144a064ebb","firstParentID":"82865f20-47fd-40f1-b667-12de31b8e5a4","ID":"8c4d6196-9ad8-4aca-b32c-dc8436582eaa","childs":null,"emcosID":null,"emcosMLID":null,"codMaketTEP":null,"codTEP":null,"WSName":"PS","rangeAddress":"$BQ$228:$BQ$264","headAddress":"$BQ$228","bodyAddress":"$BQ$229:$BQ$264","_name":"заявка"}},"emcosID":null,"emcosMLID":null,"codMaketTEP":null,"codTEP":null,"WSName":"PS","rangeAddress":"$BQ$227:$BQ$264","headAddress":"$BQ$227","bodyAddress":"$BQ$228:$BQ$264","_name":"план"}},"emcosID":null,"emcosMLID":null,"codMaketTEP":null,"codTEP":null,"WSName":"PS","rangeAddress":"$BP$226:$BQ$264","headAddress":"$BP$226:$BQ$226","bodyAddress":"$BP$227:$BQ$264","_name":"Потребление ЭнерджиКоммерц Жетысу"},"DB":{"_level":0,"parentID":"82865f20-47fd-40f1-b667-12de31b8e5a4","firstParentID":"82865f20-47fd-40f1-b667-12de31b8e5a4","ID":"61fd4132-17b9-443e-b944-fcf1c5854756","childs":{"прием":{"_level":1,"parentID":"61fd4132-17b9-443e-b944-fcf1c5854756","firstParentID":"82865f20-47fd-40f1-b667-12de31b8e5a4","ID":"293a005b-8589-47ca-bcb7-ba5f1cf02e2c","childs":{"код":{"_level":2,"parentID":"293a005b-8589-47ca-bcb7-ba5f1cf02e2c","firstParentID":"82865f20-47fd-40f1-b667-12de31b8e5a4","ID":"75772c86-e2eb-49c5-b237-c6bcc3418e7e","childs":null,"emcosID":null,"emcosMLID":null,"codMaketTEP":null,"codTEP":null,"WSName":"DB","rangeAddress":"$M$568:$M$605","headAddress":"$M$568","bodyAddress":"$M$569:$M$605","_name":"код"},"основное":{"_level":2,"parentID":"293a005b-8589-47ca-bcb7-ba5f1cf02e2c","firstParentID":"82865f20-47fd-40f1-b667-12de31b8e5a4","ID":"fd855b65-3e09-4eca-966d-1510fc6792b0","childs":null,"emcosID":null,"emcosMLID":null,"codMaketTEP":null,"codTEP":null,"WSName":"DB","rangeAddress":"$N$568:$N$605","headAddress":"$N$568","bodyAddress":"$N$569:$N$605","_name":"основное"},"корректировка факт":{"_level":2,"parentID":"293a005b-8589-47ca-bcb7-ba5f1cf02e2c","firstParentID":"82865f20-47fd-40f1-b667-12de31b8e5a4","ID":"73be6d29-2f22-44d5-8b37-064b9a53ffe6","childs":null,"emcosID":null,"emcosMLID":null,"codMaketTEP":null,"codTEP":null,"WSName":"DB","rangeAddress":"$O$568:$O$605","headAddress":"$O$568","bodyAddress":"$O$569:$O$605","_name":"корректировка факт"},"ручное":{"_level":2,"parentID":"293a005b-8589-47ca-bcb7-ba5f1cf02e2c","firstParentID":"82865f20-47fd-40f1-b667-12de31b8e5a4","ID":"068cd906-b705-4bd8-87f5-3fb2c9a12e49","childs":null,"emcosID":null,"emcosMLID":null,"codMaketTEP":null,"codTEP":null,"WSName":"DB","rangeAddress":"$P$568:$P$605","headAddress":"$P$568","bodyAddress":"$P$569:$P$605","_name":"ручное"},"по плану":{"_level":2,"parentID":"293a005b-8589-47ca-bcb7-ba5f1cf02e2c","firstParentID":"82865f20-47fd-40f1-b667-12de31b8e5a4","ID":"4b2684b9-f97f-419a-89b2-f4f3fd23e971","childs":null,"emcosID":null,"emcosMLID":null,"codMaketTEP":null,"codTEP":null,"WSName":"DB","rangeAddress":"$Q$568:$Q$605","headAddress":"$Q$568","bodyAddress":"$Q$569:$Q$605","_name":"по плану"}},"emcosID":null,"emcosMLID":null,"codMaketTEP":null,"codTEP":null,"WSName":"DB","rangeAddress":"$M$567:$Q$605","headAddress":"$M$567:$Q$567","bodyAddress":"$M$568:$Q$605","_name":"прием"},"план":{"_level":1,"parentID":"61fd4132-17b9-443e-b944-fcf1c5854756","firstParentID":"82865f20-47fd-40f1-b667-12de31b8e5a4","ID":"51eb7a4b-40ee-4df7-ac84-050eda14ecc6","childs":{"код":{"_level":2,"parentID":"51eb7a4b-40ee-4df7-ac84-050eda14ecc6","firstParentID":"82865f20-47fd-40f1-b667-12de31b8e5a4","ID":"32d12dea-c275-4a96-9523-91e334c11524","childs":null,"emcosID":null,"emcosMLID":null,"codMaketTEP":null,"codTEP":null,"WSName":"DB","rangeAddress":"$R$568:$R$605","headAddress":"$R$568","bodyAddress":"$R$569:$R$605","_name":"код"},"основное":{"_level":2,"parentID":"51eb7a4b-40ee-4df7-ac84-050eda14ecc6","firstParentID":"82865f20-47fd-40f1-b667-12de31b8e5a4","ID":"fa34ecb6-d784-4bfa-8d2e-2f6695e9e952","childs":null,"emcosID":null,"emcosMLID":null,"codMaketTEP":null,"codTEP":null,"WSName":"DB","rangeAddress":"$S$568:$S$605","headAddress":"$S$568","bodyAddress":"$S$569:$S$605","_name":"основное"},"заявка":{"_level":2,"parentID":"51eb7a4b-40ee-4df7-ac84-050eda14ecc6","firstParentID":"82865f20-47fd-40f1-b667-12de31b8e5a4","ID":"7a855f67-2369-494a-ab1f-11bc44d62f21","childs":null,"emcosID":null,"emcosMLID":null,"codMaketTEP":null,"codTEP":null,"WSName":"DB","rangeAddress":"$T$568:$T$605","headAddress":"$T$568","bodyAddress":"$T$569:$T$605","_name":"заявка"},"утвержденный":{"_level":2,"parentID":"51eb7a4b-40ee-4df7-ac84-050eda14ecc6","firstParentID":"82865f20-47fd-40f1-b667-12de31b8e5a4","ID":"f4495db9-358d-4e70-95c5-18bdd9f5e247","childs":null,"emcosID":null,"emcosMLID":null,"codMaketTEP":null,"codTEP":null,"WSName":"DB","rangeAddress":"$U$568:$U$605","headAddress":"$U$568","bodyAddress":"$U$569:$U$605","_name":"утвержденный"},"корректировка":{"_level":2,"parentID":"51eb7a4b-40ee-4df7-ac84-050eda14ecc6","firstParentID":"82865f20-47fd-40f1-b667-12de31b8e5a4","ID":"f41b3c98-07f1-4eab-b6dd-8e099e171ba5","childs":null,"emcosID":null,"emcosMLID":null,"codMaketTEP":null,"codTEP":null,"WSName":"DB","rangeAddress":"$V$568:$V$605","headAddress":"$V$568","bodyAddress":"$V$569:$V$605","_name":"корректировка"}},"emcosID":null,"emcosMLID":null,"codMaketTEP":null,"codTEP":null,"WSName":"DB","rangeAddress":"$R$567:$V$605","headAddress":"$R$567:$V$567","bodyAddress":"$R$568:$V$605","_name":"план"}},"emcosID":null,"emcosMLID":null,"codMaketTEP":null,"codTEP":null,"WSName":"DB","rangeAddress":"$M$566:$V$605","headAddress":"$M$566:$V$566","bodyAddress":"$M$567:$V$605","_name":"Потребление ЭнерджиКоммерц Жетысу"}},"codPlan":145,"meterCoef":null,"_name":"Потребление ЭнерджиКоммерц Жетысу"}