{"ID":"8f0981ab-e616-4be7-9191-fd5402c0d55e","childs":{"PS":{"_level":0,"parentID":"8f0981ab-e616-4be7-9191-fd5402c0d55e","firstParentID":"8f0981ab-e616-4be7-9191-fd5402c0d55e","ID":"7f2f1c9c-b76b-4520-80e6-c731f191da1b","childs":{"отдача":{"_level":1,"parentID":"7f2f1c9c-b76b-4520-80e6-c731f191da1b","firstParentID":"8f0981ab-e616-4be7-9191-fd5402c0d55e","ID":"e31a5202-c14a-4499-9816-4eb2eddfa455","childs":{"формула":{"_level":2,"parentID":"e31a5202-c14a-4499-9816-4eb2eddfa455","firstParentID":"8f0981ab-e616-4be7-9191-fd5402c0d55e","ID":"f8d7d8bd-d106-4e94-9e02-fc8d6acf24cc","childs":null,"emcosID":null,"emcosMLID":null,"codMaketTEP":null,"codTEP":null,"WSName":"PS","rangeAddress":"$CY$228:$CY$264","headAddress":"$CY$228","bodyAddress":"$CY$229:$CY$264","_name":"формула"}},"emcosID":null,"emcosMLID":null,"codMaketTEP":null,"codTEP":null,"WSName":"PS","rangeAddress":"$CY$227:$CY$264","headAddress":"$CY$227","bodyAddress":"$CY$228:$CY$264","_name":"отдача"}},"emcosID":null,"emcosMLID":null,"codMaketTEP":null,"codTEP":null,"WSName":"PS","rangeAddress":"$CY$226:$CY$264","headAddress":"$CY$226","bodyAddress":"$CY$227:$CY$264","_name":"Отпуск в сеть Саркандская ГЭС"},"DB":{"_level":0,"parentID":"8f0981ab-e616-4be7-9191-fd5402c0d55e","firstParentID":"8f0981ab-e616-4be7-9191-fd5402c0d55e","ID":"fe040fff-df3d-42df-bb04-c8fffc1c6fd1","childs":{"отдача":{"_level":1,"parentID":"fe040fff-df3d-42df-bb04-c8fffc1c6fd1","firstParentID":"8f0981ab-e616-4be7-9191-fd5402c0d55e","ID":"345362b8-b107-45ae-91fb-ab73ec5a9bb0","childs":{"код":{"_level":2,"parentID":"345362b8-b107-45ae-91fb-ab73ec5a9bb0","firstParentID":"8f0981ab-e616-4be7-9191-fd5402c0d55e","ID":"7a1f9582-c34b-4df3-8530-843b80bdf225","childs":null,"emcosID":null,"emcosMLID":null,"codMaketTEP":null,"codTEP":null,"WSName":"DB","rangeAddress":"$BZ$568:$BZ$605","headAddress":"$BZ$568","bodyAddress":"$BZ$569:$BZ$605","_name":"код"},"основное":{"_level":2,"parentID":"345362b8-b107-45ae-91fb-ab73ec5a9bb0","firstParentID":"8f0981ab-e616-4be7-9191-fd5402c0d55e","ID":"69ff02e7-f5c0-420b-9d45-61e3f073c312","childs":null,"emcosID":null,"emcosMLID":null,"codMaketTEP":null,"codTEP":null,"WSName":"DB","rangeAddress":"$CA$568:$CA$605","headAddress":"$CA$568","bodyAddress":"$CA$569:$CA$605","_name":"основное"},"корректировка факт":{"_level":2,"parentID":"345362b8-b107-45ae-91fb-ab73ec5a9bb0","firstParentID":"8f0981ab-e616-4be7-9191-fd5402c0d55e","ID":"f3ef27ac-6277-4bf6-ad7b-80c033467d51","childs":null,"emcosID":null,"emcosMLID":null,"codMaketTEP":null,"codTEP":null,"WSName":"DB","rangeAddress":"$CB$568:$CB$605","headAddress":"$CB$568","bodyAddress":"$CB$569:$CB$605","_name":"корректировка факт"},"ручное":{"_level":2,"parentID":"345362b8-b107-45ae-91fb-ab73ec5a9bb0","firstParentID":"8f0981ab-e616-4be7-9191-fd5402c0d55e","ID":"eccd0fef-862b-402a-b5ff-c064562e0a36","childs":null,"emcosID":null,"emcosMLID":null,"codMaketTEP":null,"codTEP":null,"WSName":"DB","rangeAddress":"$CC$568:$CC$605","headAddress":"$CC$568","bodyAddress":"$CC$569:$CC$605","_name":"ручное"},"формула":{"_level":2,"parentID":"345362b8-b107-45ae-91fb-ab73ec5a9bb0","firstParentID":"8f0981ab-e616-4be7-9191-fd5402c0d55e","ID":"00ea6ac2-c93c-4c9a-9043-0bda58e524e6","childs":null,"emcosID":null,"emcosMLID":null,"codMaketTEP":null,"codTEP":null,"WSName":"DB","rangeAddress":"$CD$568:$CD$605","headAddress":"$CD$568","bodyAddress":"$CD$569:$CD$605","_name":"формула"}},"emcosID":null,"emcosMLID":null,"codMaketTEP":null,"codTEP":null,"WSName":"DB","rangeAddress":"$BZ$567:$CD$605","headAddress":"$BZ$567:$CD$567","bodyAddress":"$BZ$568:$CD$605","_name":"отдача"}},"emcosID":null,"emcosMLID":null,"codMaketTEP":null,"codTEP":null,"WSName":"DB","rangeAddress":"$BZ$566:$CD$605","headAddress":"$BZ$566:$CD$566","bodyAddress":"$BZ$567:$CD$605","_name":"Отпуск в сеть Саркандская ГЭС"}},"codPlan":null,"meterCoef":null,"_name":"Отпуск в сеть Саркандская ГЭС"}