{"ID":"99af7403-cd82-4f52-a3c9-4aed12f556f8","childs":{"PS":{"_level":0,"parentID":"99af7403-cd82-4f52-a3c9-4aed12f556f8","firstParentID":"99af7403-cd82-4f52-a3c9-4aed12f556f8","ID":"69383802-cca2-4927-b1b9-35d920d650f9","childs":{"прием":{"_level":1,"parentID":"69383802-cca2-4927-b1b9-35d920d650f9","firstParentID":"99af7403-cd82-4f52-a3c9-4aed12f556f8","ID":"073090a3-d093-4cd8-a6fc-61cf93c429de","childs":{"оперативное":{"_level":2,"parentID":"073090a3-d093-4cd8-a6fc-61cf93c429de","firstParentID":"99af7403-cd82-4f52-a3c9-4aed12f556f8","ID":"f29d0c44-d2aa-41e7-9661-f908b808e6bc","childs":null,"emcosID":null,"emcosMLID":null,"codMaketTEP":null,"codTEP":null,"WSName":"PS","rangeAddress":"$BH$228:$BH$264","headAddress":"$BH$228","bodyAddress":"$BH$229:$BH$264","_name":"оперативное"}},"emcosID":null,"emcosMLID":null,"codMaketTEP":1432,"codTEP":null,"WSName":"PS","rangeAddress":"$BH$227:$BH$264","headAddress":"$BH$227","bodyAddress":"$BH$228:$BH$264","_name":"прием"}},"emcosID":null,"emcosMLID":null,"codMaketTEP":null,"codTEP":null,"WSName":"PS","rangeAddress":"$BH$226:$BH$264","headAddress":"$BH$226","bodyAddress":"$BH$227:$BH$264","_name":"Потребление ЧК TT Tech Limited"},"DB":{"_level":0,"parentID":"99af7403-cd82-4f52-a3c9-4aed12f556f8","firstParentID":"99af7403-cd82-4f52-a3c9-4aed12f556f8","ID":"45294447-d5c8-4f18-83a8-1dacc3db6dbb","childs":{"прием":{"_level":1,"parentID":"45294447-d5c8-4f18-83a8-1dacc3db6dbb","firstParentID":"99af7403-cd82-4f52-a3c9-4aed12f556f8","ID":"f078e17a-f250-489b-9356-c0f78d5988b5","childs":{"код":{"_level":2,"parentID":"f078e17a-f250-489b-9356-c0f78d5988b5","firstParentID":"99af7403-cd82-4f52-a3c9-4aed12f556f8","ID":"d1e5e72b-0314-4170-b31f-4d084c23ae41","childs":null,"emcosID":null,"emcosMLID":null,"codMaketTEP":null,"codTEP":null,"WSName":"DB","rangeAddress":"$EQ$568:$EQ$605","headAddress":"$EQ$568","bodyAddress":"$EQ$569:$EQ$605","_name":"код"},"основное":{"_level":2,"parentID":"f078e17a-f250-489b-9356-c0f78d5988b5","firstParentID":"99af7403-cd82-4f52-a3c9-4aed12f556f8","ID":"dc3e0778-ebae-4c32-8c1a-663d9af3b7dd","childs":null,"emcosID":null,"emcosMLID":null,"codMaketTEP":null,"codTEP":null,"WSName":"DB","rangeAddress":"$ER$568:$ER$605","headAddress":"$ER$568","bodyAddress":"$ER$569:$ER$605","_name":"основное"},"корректировка факт":{"_level":2,"parentID":"f078e17a-f250-489b-9356-c0f78d5988b5","firstParentID":"99af7403-cd82-4f52-a3c9-4aed12f556f8","ID":"e7159e4a-55c1-48aa-9329-d1f0f856c9e1","childs":null,"emcosID":null,"emcosMLID":null,"codMaketTEP":null,"codTEP":null,"WSName":"DB","rangeAddress":"$ES$568:$ES$605","headAddress":"$ES$568","bodyAddress":"$ES$569:$ES$605","_name":"корректировка факт"},"ручное":{"_level":2,"parentID":"f078e17a-f250-489b-9356-c0f78d5988b5","firstParentID":"99af7403-cd82-4f52-a3c9-4aed12f556f8","ID":"7ff17694-a882-483f-8acc-f85bbc6371ec","childs":null,"emcosID":null,"emcosMLID":null,"codMaketTEP":null,"codTEP":null,"WSName":"DB","rangeAddress":"$ET$568:$ET$605","headAddress":"$ET$568","bodyAddress":"$ET$569:$ET$605","_name":"ручное"},"оперативное":{"_level":2,"parentID":"f078e17a-f250-489b-9356-c0f78d5988b5","firstParentID":"99af7403-cd82-4f52-a3c9-4aed12f556f8","ID":"b1d63f11-d0fe-401f-9b01-e2520c852a0a","childs":null,"emcosID":null,"emcosMLID":null,"codMaketTEP":null,"codTEP":null,"WSName":"DB","rangeAddress":"$EU$568:$EU$605","headAddress":"$EU$568","bodyAddress":"$EU$569:$EU$605","_name":"оперативное"}},"emcosID":null,"emcosMLID":null,"codMaketTEP":null,"codTEP":null,"WSName":"DB","rangeAddress":"$EQ$567:$EU$605","headAddress":"$EQ$567:$EU$567","bodyAddress":"$EQ$568:$EU$605","_name":"прием"}},"emcosID":null,"emcosMLID":null,"codMaketTEP":null,"codTEP":null,"WSName":"DB","rangeAddress":"$EQ$566:$EU$605","headAddress":"$EQ$566:$EU$566","bodyAddress":"$EQ$567:$EU$605","_name":"Потребление ЧК TT Tech Limited"}},"codPlan":null,"meterCoef":null,"_name":"Потребление ЧК TT Tech Limited"}