{"ID":"9b81b48e-e9af-406b-ba1f-b99bf641b0db","childs":{"PS":{"_level":0,"parentID":"9b81b48e-e9af-406b-ba1f-b99bf641b0db","firstParentID":"9b81b48e-e9af-406b-ba1f-b99bf641b0db","ID":"1b69561a-611d-41be-8c4e-0179dc8090ec","childs":{"отдача":{"_level":1,"parentID":"1b69561a-611d-41be-8c4e-0179dc8090ec","firstParentID":"9b81b48e-e9af-406b-ba1f-b99bf641b0db","ID":"d8074604-2322-434e-a65b-73d785dcb619","childs":{"формула":{"_level":2,"parentID":"d8074604-2322-434e-a65b-73d785dcb619","firstParentID":"9b81b48e-e9af-406b-ba1f-b99bf641b0db","ID":"8be1cd0f-c1f4-4c2e-b6ee-014a6abbbf35","childs":null,"emcosID":null,"emcosMLID":null,"codMaketTEP":null,"codTEP":null,"WSName":"PS","rangeAddress":"$CN$228:$CN$264","headAddress":"$CN$228","bodyAddress":"$CN$229:$CN$264","_name":"формула"}},"emcosID":null,"emcosMLID":null,"codMaketTEP":null,"codTEP":null,"WSName":"PS","rangeAddress":"$CN$227:$CN$264","headAddress":"$CN$227","bodyAddress":"$CN$228:$CN$264","_name":"отдача"}},"emcosID":null,"emcosMLID":null,"codMaketTEP":null,"codTEP":null,"WSName":"PS","rangeAddress":"$CN$226:$CN$264","headAddress":"$CN$226","bodyAddress":"$CN$227:$CN$264","_name":"Отпуск в сеть Антоновская ГЭС"},"DB":{"_level":0,"parentID":"9b81b48e-e9af-406b-ba1f-b99bf641b0db","firstParentID":"9b81b48e-e9af-406b-ba1f-b99bf641b0db","ID":"dd0ec7b1-fad2-4f7b-81ee-f99691df28c9","childs":{"отдача":{"_level":1,"parentID":"dd0ec7b1-fad2-4f7b-81ee-f99691df28c9","firstParentID":"9b81b48e-e9af-406b-ba1f-b99bf641b0db","ID":"bb257d41-091d-4dbc-9f5c-bc281cd4755c","childs":{"код":{"_level":2,"parentID":"bb257d41-091d-4dbc-9f5c-bc281cd4755c","firstParentID":"9b81b48e-e9af-406b-ba1f-b99bf641b0db","ID":"563b4ec2-58cd-4d9f-8164-97922741a712","childs":null,"emcosID":null,"emcosMLID":null,"codMaketTEP":null,"codTEP":null,"WSName":"DB","rangeAddress":"$BF$568:$BF$605","headAddress":"$BF$568","bodyAddress":"$BF$569:$BF$605","_name":"код"},"основное":{"_level":2,"parentID":"bb257d41-091d-4dbc-9f5c-bc281cd4755c","firstParentID":"9b81b48e-e9af-406b-ba1f-b99bf641b0db","ID":"d3c34cfe-2048-403c-bb22-35a6b3e702bd","childs":null,"emcosID":null,"emcosMLID":null,"codMaketTEP":null,"codTEP":null,"WSName":"DB","rangeAddress":"$BG$568:$BG$605","headAddress":"$BG$568","bodyAddress":"$BG$569:$BG$605","_name":"основное"},"корректировка факт":{"_level":2,"parentID":"bb257d41-091d-4dbc-9f5c-bc281cd4755c","firstParentID":"9b81b48e-e9af-406b-ba1f-b99bf641b0db","ID":"48d635d6-33a7-4ecb-88be-ebb4d818f99c","childs":null,"emcosID":null,"emcosMLID":null,"codMaketTEP":null,"codTEP":null,"WSName":"DB","rangeAddress":"$BH$568:$BH$605","headAddress":"$BH$568","bodyAddress":"$BH$569:$BH$605","_name":"корректировка факт"},"ручное":{"_level":2,"parentID":"bb257d41-091d-4dbc-9f5c-bc281cd4755c","firstParentID":"9b81b48e-e9af-406b-ba1f-b99bf641b0db","ID":"5f0a7382-d489-4b1d-9a0c-71097097de14","childs":null,"emcosID":null,"emcosMLID":null,"codMaketTEP":null,"codTEP":null,"WSName":"DB","rangeAddress":"$BI$568:$BI$605","headAddress":"$BI$568","bodyAddress":"$BI$569:$BI$605","_name":"ручное"},"формула":{"_level":2,"parentID":"bb257d41-091d-4dbc-9f5c-bc281cd4755c","firstParentID":"9b81b48e-e9af-406b-ba1f-b99bf641b0db","ID":"af6db3cc-08dd-477d-a7c0-a770bebd39b3","childs":null,"emcosID":null,"emcosMLID":null,"codMaketTEP":null,"codTEP":null,"WSName":"DB","rangeAddress":"$BJ$568:$BJ$605","headAddress":"$BJ$568","bodyAddress":"$BJ$569:$BJ$605","_name":"формула"}},"emcosID":null,"emcosMLID":null,"codMaketTEP":null,"codTEP":null,"WSName":"DB","rangeAddress":"$BF$567:$BJ$605","headAddress":"$BF$567:$BJ$567","bodyAddress":"$BF$568:$BJ$605","_name":"отдача"}},"emcosID":null,"emcosMLID":null,"codMaketTEP":null,"codTEP":null,"WSName":"DB","rangeAddress":"$BF$566:$BJ$605","headAddress":"$BF$566:$BJ$566","bodyAddress":"$BF$567:$BJ$605","_name":"Отпуск в сеть Антоновская ГЭС"}},"codPlan":null,"meterCoef":null,"_name":"Отпуск в сеть Антоновская ГЭС"}