{"ID":"a7f27051-d703-42d5-b3d9-bce11a53094e","childs":{"PS":{"_level":0,"parentID":"a7f27051-d703-42d5-b3d9-bce11a53094e","firstParentID":"a7f27051-d703-42d5-b3d9-bce11a53094e","ID":"98107cda-d93c-4ad7-b78b-7e929c27966a","childs":{"отдача":{"_level":1,"parentID":"98107cda-d93c-4ad7-b78b-7e929c27966a","firstParentID":"a7f27051-d703-42d5-b3d9-bce11a53094e","ID":"bd642a8e-4218-421f-a1db-c4e7faa2435e","childs":{"по счетчику":{"_level":2,"parentID":"bd642a8e-4218-421f-a1db-c4e7faa2435e","firstParentID":"a7f27051-d703-42d5-b3d9-bce11a53094e","ID":"e2b2559c-6c36-47ed-9287-87ed8c2bceb0","childs":null,"emcosID":null,"emcosMLID":null,"codMaketTEP":null,"codTEP":null,"WSName":"PS","rangeAddress":"$BJ$99:$BJ$135","headAddress":"$BJ$99","bodyAddress":"$BJ$100:$BJ$135","_name":"по счетчику"},"СЧЕТЧИК":{"_level":2,"parentID":"bd642a8e-4218-421f-a1db-c4e7faa2435e","firstParentID":"a7f27051-d703-42d5-b3d9-bce11a53094e","ID":"f7190453-0b87-4bf1-9e58-7a46519b59f2","childs":null,"emcosID":null,"emcosMLID":null,"codMaketTEP":null,"codTEP":null,"WSName":"PS","rangeAddress":"$BK$99:$BK$135","headAddress":"$BK$99","bodyAddress":"$BK$100:$BK$135","_name":"СЧЕТЧИК"}},"emcosID":null,"emcosMLID":null,"codMaketTEP":null,"codTEP":null,"WSName":"PS","rangeAddress":"$BJ$98:$BK$135","headAddress":"$BJ$98:$BK$98","bodyAddress":"$BJ$99:$BK$135","_name":"отдача"}},"emcosID":null,"emcosMLID":null,"codMaketTEP":null,"codTEP":null,"WSName":"PS","rangeAddress":"$BJ$97:$BK$135","headAddress":"$BJ$97:$BK$97","bodyAddress":"$BJ$98:$BK$135","_name":"КЛ22 ПС149 Талдыкорган ЗЩА"},"DB":{"_level":0,"parentID":"a7f27051-d703-42d5-b3d9-bce11a53094e","firstParentID":"a7f27051-d703-42d5-b3d9-bce11a53094e","ID":"9d5a584d-b22e-48a0-b02b-5d02d3173a4b","childs":{"отдача":{"_level":1,"parentID":"9d5a584d-b22e-48a0-b02b-5d02d3173a4b","firstParentID":"a7f27051-d703-42d5-b3d9-bce11a53094e","ID":"a9132f40-737b-41b5-9fdd-579d6c24ddf0","childs":{"код":{"_level":2,"parentID":"a9132f40-737b-41b5-9fdd-579d6c24ddf0","firstParentID":"a7f27051-d703-42d5-b3d9-bce11a53094e","ID":"6f5802b9-714e-4dcb-a61a-ad6b84f804ad","childs":null,"emcosID":null,"emcosMLID":null,"codMaketTEP":null,"codTEP":null,"WSName":"DB","rangeAddress":"$EN$267:$EN$304","headAddress":"$EN$267","bodyAddress":"$EN$268:$EN$304","_name":"код"},"основное":{"_level":2,"parentID":"a9132f40-737b-41b5-9fdd-579d6c24ddf0","firstParentID":"a7f27051-d703-42d5-b3d9-bce11a53094e","ID":"f5349e04-623b-451d-a7e4-c710632f369f","childs":null,"emcosID":null,"emcosMLID":null,"codMaketTEP":null,"codTEP":null,"WSName":"DB","rangeAddress":"$EO$267:$EO$304","headAddress":"$EO$267","bodyAddress":"$EO$268:$EO$304","_name":"основное"},"корректировка факт":{"_level":2,"parentID":"a9132f40-737b-41b5-9fdd-579d6c24ddf0","firstParentID":"a7f27051-d703-42d5-b3d9-bce11a53094e","ID":"0a52ee1b-8bf8-42bf-b331-6de613469861","childs":null,"emcosID":null,"emcosMLID":null,"codMaketTEP":null,"codTEP":null,"WSName":"DB","rangeAddress":"$EP$267:$EP$304","headAddress":"$EP$267","bodyAddress":"$EP$268:$EP$304","_name":"корректировка факт"},"ручное":{"_level":2,"parentID":"a9132f40-737b-41b5-9fdd-579d6c24ddf0","firstParentID":"a7f27051-d703-42d5-b3d9-bce11a53094e","ID":"422fa114-39fe-46fd-ab03-9f74b7166d0d","childs":null,"emcosID":null,"emcosMLID":null,"codMaketTEP":null,"codTEP":null,"WSName":"DB","rangeAddress":"$EQ$267:$EQ$304","headAddress":"$EQ$267","bodyAddress":"$EQ$268:$EQ$304","_name":"ручное"},"оперативное":{"_level":2,"parentID":"a9132f40-737b-41b5-9fdd-579d6c24ddf0","firstParentID":"a7f27051-d703-42d5-b3d9-bce11a53094e","ID":"5d2ce961-8252-49f5-a354-6b2335361449","childs":null,"emcosID":null,"emcosMLID":null,"codMaketTEP":null,"codTEP":null,"WSName":"DB","rangeAddress":"$ER$267:$ER$304","headAddress":"$ER$267","bodyAddress":"$ER$268:$ER$304","_name":"оперативное"},"счетчик":{"_level":2,"parentID":"a9132f40-737b-41b5-9fdd-579d6c24ddf0","firstParentID":"a7f27051-d703-42d5-b3d9-bce11a53094e","ID":"d7dcd54b-75d7-4a51-9823-aac9bce5a7e6","childs":null,"emcosID":null,"emcosMLID":null,"codMaketTEP":null,"codTEP":null,"WSName":"DB","rangeAddress":"$ES$267:$ES$304","headAddress":"$ES$267","bodyAddress":"$ES$268:$ES$304","_name":"счетчик"},"по счетчику":{"_level":2,"parentID":"a9132f40-737b-41b5-9fdd-579d6c24ddf0","firstParentID":"a7f27051-d703-42d5-b3d9-bce11a53094e","ID":"9b288dbc-429f-44f9-8465-b5ae7ec29bfc","childs":null,"emcosID":null,"emcosMLID":null,"codMaketTEP":null,"codTEP":null,"WSName":"DB","rangeAddress":"$ET$267:$ET$304","headAddress":"$ET$267","bodyAddress":"$ET$268:$ET$304","_name":"по счетчику"}},"emcosID":null,"emcosMLID":null,"codMaketTEP":null,"codTEP":null,"WSName":"DB","rangeAddress":"$EN$266:$ET$304","headAddress":"$EN$266:$ET$266","bodyAddress":"$EN$267:$ET$304","_name":"отдача"}},"emcosID":null,"emcosMLID":null,"codMaketTEP":null,"codTEP":null,"WSName":"DB","rangeAddress":"$EN$265:$ET$304","headAddress":"$EN$265:$ET$265","bodyAddress":"$EN$266:$ET$304","_name":"КЛ22 ПС149 Талдыкорган ЗЩА"}},"codPlan":null,"meterCoef":"2","_name":"КЛ22 ПС149 Талдыкорган ЗЩА"}