{"ID":"b3c60caf-a6a2-4e83-809e-505c2e039617","childs":{"PS":{"_level":0,"parentID":"b3c60caf-a6a2-4e83-809e-505c2e039617","firstParentID":"b3c60caf-a6a2-4e83-809e-505c2e039617","ID":"5dd9d5c6-fc53-435a-a627-0ab76fbcc9e2","childs":{"отдача":{"_level":1,"parentID":"5dd9d5c6-fc53-435a-a627-0ab76fbcc9e2","firstParentID":"b3c60caf-a6a2-4e83-809e-505c2e039617","ID":"4c7e6bee-b6d1-4284-b976-dd3c56d05b60","childs":{"по счетчику":{"_level":2,"parentID":"4c7e6bee-b6d1-4284-b976-dd3c56d05b60","firstParentID":"b3c60caf-a6a2-4e83-809e-505c2e039617","ID":"2197980b-0afb-4919-9808-3859f4004df8","childs":null,"emcosID":null,"emcosMLID":null,"codMaketTEP":null,"codTEP":null,"WSName":"PS","rangeAddress":"$CH$56:$CH$92","headAddress":"$CH$56","bodyAddress":"$CH$57:$CH$92","_name":"по счетчику"},"СЧЕТЧИК":{"_level":2,"parentID":"4c7e6bee-b6d1-4284-b976-dd3c56d05b60","firstParentID":"b3c60caf-a6a2-4e83-809e-505c2e039617","ID":"3e36b77f-4bbd-4131-8e7e-53271ab5d424","childs":null,"emcosID":null,"emcosMLID":null,"codMaketTEP":null,"codTEP":null,"WSName":"PS","rangeAddress":"$CI$56:$CI$92","headAddress":"$CI$56","bodyAddress":"$CI$57:$CI$92","_name":"СЧЕТЧИК"}},"emcosID":null,"emcosMLID":null,"codMaketTEP":null,"codTEP":null,"WSName":"PS","rangeAddress":"$CH$55:$CI$92","headAddress":"$CH$55:$CI$55","bodyAddress":"$CH$56:$CI$92","_name":"отдача"}},"emcosID":null,"emcosMLID":null,"codMaketTEP":null,"codTEP":null,"WSName":"PS","rangeAddress":"$CH$54:$CI$92","headAddress":"$CH$54:$CI$54","bodyAddress":"$CH$55:$CI$92","_name":"Л134А Шу"},"DB":{"_level":0,"parentID":"b3c60caf-a6a2-4e83-809e-505c2e039617","firstParentID":"b3c60caf-a6a2-4e83-809e-505c2e039617","ID":"ebfc7275-bbc1-4dd8-b8d3-ac402e3c618e","childs":{"отдача":{"_level":1,"parentID":"ebfc7275-bbc1-4dd8-b8d3-ac402e3c618e","firstParentID":"b3c60caf-a6a2-4e83-809e-505c2e039617","ID":"d8a7cfbc-255b-4048-aeb3-e63e51150ebc","childs":{"код":{"_level":2,"parentID":"d8a7cfbc-255b-4048-aeb3-e63e51150ebc","firstParentID":"b3c60caf-a6a2-4e83-809e-505c2e039617","ID":"6fa95a11-f694-4ec2-ab0d-55d71095af66","childs":null,"emcosID":null,"emcosMLID":null,"codMaketTEP":null,"codTEP":null,"WSName":"DB","rangeAddress":"$JP$267:$JP$304","headAddress":"$JP$267","bodyAddress":"$JP$268:$JP$304","_name":"код"},"основное":{"_level":2,"parentID":"d8a7cfbc-255b-4048-aeb3-e63e51150ebc","firstParentID":"b3c60caf-a6a2-4e83-809e-505c2e039617","ID":"adf63611-30f5-43eb-8471-08e996551e68","childs":null,"emcosID":null,"emcosMLID":null,"codMaketTEP":null,"codTEP":null,"WSName":"DB","rangeAddress":"$JQ$267:$JQ$304","headAddress":"$JQ$267","bodyAddress":"$JQ$268:$JQ$304","_name":"основное"},"корректировка факт":{"_level":2,"parentID":"d8a7cfbc-255b-4048-aeb3-e63e51150ebc","firstParentID":"b3c60caf-a6a2-4e83-809e-505c2e039617","ID":"b90ae950-fbce-4d1c-af5e-7fe9687ce4da","childs":null,"emcosID":null,"emcosMLID":null,"codMaketTEP":null,"codTEP":null,"WSName":"DB","rangeAddress":"$JR$267:$JR$304","headAddress":"$JR$267","bodyAddress":"$JR$268:$JR$304","_name":"корректировка факт"},"ручное":{"_level":2,"parentID":"d8a7cfbc-255b-4048-aeb3-e63e51150ebc","firstParentID":"b3c60caf-a6a2-4e83-809e-505c2e039617","ID":"b2dd3691-fc77-418e-a5dc-44c6b722a045","childs":null,"emcosID":null,"emcosMLID":null,"codMaketTEP":null,"codTEP":null,"WSName":"DB","rangeAddress":"$JS$267:$JS$304","headAddress":"$JS$267","bodyAddress":"$JS$268:$JS$304","_name":"ручное"},"счетчик":{"_level":2,"parentID":"d8a7cfbc-255b-4048-aeb3-e63e51150ebc","firstParentID":"b3c60caf-a6a2-4e83-809e-505c2e039617","ID":"973c30b7-2693-46f7-8833-dcaa2fbb32af","childs":null,"emcosID":null,"emcosMLID":null,"codMaketTEP":null,"codTEP":null,"WSName":"DB","rangeAddress":"$JT$267:$JT$304","headAddress":"$JT$267","bodyAddress":"$JT$268:$JT$304","_name":"счетчик"},"по счетчику":{"_level":2,"parentID":"d8a7cfbc-255b-4048-aeb3-e63e51150ebc","firstParentID":"b3c60caf-a6a2-4e83-809e-505c2e039617","ID":"865370da-8d5f-4661-88f7-b25bd05e1bf1","childs":null,"emcosID":null,"emcosMLID":null,"codMaketTEP":null,"codTEP":null,"WSName":"DB","rangeAddress":"$JU$267:$JU$304","headAddress":"$JU$267","bodyAddress":"$JU$268:$JU$304","_name":"по счетчику"}},"emcosID":null,"emcosMLID":null,"codMaketTEP":null,"codTEP":null,"WSName":"DB","rangeAddress":"$JP$266:$JU$304","headAddress":"$JP$266:$JU$266","bodyAddress":"$JP$267:$JU$304","_name":"отдача"}},"emcosID":null,"emcosMLID":null,"codMaketTEP":null,"codTEP":null,"WSName":"DB","rangeAddress":"$JP$265:$JU$304","headAddress":"$JP$265:$JU$265","bodyAddress":"$JP$266:$JU$304","_name":"Л134А Шу"}},"codPlan":null,"meterCoef":"132","_name":"Л134А Шу"}