{"ID":"cc9bceb6-4c0f-43f2-a995-45b0f5f48680","childs":{"PS":{"_level":0,"parentID":"cc9bceb6-4c0f-43f2-a995-45b0f5f48680","firstParentID":"cc9bceb6-4c0f-43f2-a995-45b0f5f48680","ID":"4c193503-c15d-4b3d-9f84-c875b7168713","childs":{"отдача":{"_level":1,"parentID":"4c193503-c15d-4b3d-9f84-c875b7168713","firstParentID":"cc9bceb6-4c0f-43f2-a995-45b0f5f48680","ID":"5d9198fd-fa5f-402c-ba49-2c3f96bbacd6","childs":{"по счетчику":{"_level":2,"parentID":"5d9198fd-fa5f-402c-ba49-2c3f96bbacd6","firstParentID":"cc9bceb6-4c0f-43f2-a995-45b0f5f48680","ID":"cd4d21e0-44d1-416e-ae13-daf2dff09d79","childs":null,"emcosID":null,"emcosMLID":null,"codMaketTEP":null,"codTEP":null,"WSName":"PS","rangeAddress":"$DE$99:$DE$135","headAddress":"$DE$99","bodyAddress":"$DE$100:$DE$135","_name":"по счетчику"},"СЧЕТЧИК":{"_level":2,"parentID":"5d9198fd-fa5f-402c-ba49-2c3f96bbacd6","firstParentID":"cc9bceb6-4c0f-43f2-a995-45b0f5f48680","ID":"0c98d1d9-e1d0-42d3-9eb9-4e06f4851312","childs":null,"emcosID":null,"emcosMLID":null,"codMaketTEP":null,"codTEP":null,"WSName":"PS","rangeAddress":"$DF$99:$DF$135","headAddress":"$DF$99","bodyAddress":"$DF$100:$DF$135","_name":"СЧЕТЧИК"}},"emcosID":null,"emcosMLID":null,"codMaketTEP":null,"codTEP":null,"WSName":"PS","rangeAddress":"$DE$98:$DF$135","headAddress":"$DE$98:$DF$98","bodyAddress":"$DE$99:$DF$135","_name":"отдача"}},"emcosID":null,"emcosMLID":null,"codMaketTEP":null,"codTEP":null,"WSName":"PS","rangeAddress":"$DE$97:$DF$135","headAddress":"$DE$97:$DF$97","bodyAddress":"$DE$98:$DF$135","_name":"КЛ81 ПС152 Талдыкорган"},"DB":{"_level":0,"parentID":"cc9bceb6-4c0f-43f2-a995-45b0f5f48680","firstParentID":"cc9bceb6-4c0f-43f2-a995-45b0f5f48680","ID":"513240c4-6f4c-4492-b0e3-9fe9b221164b","childs":{"отдача":{"_level":1,"parentID":"513240c4-6f4c-4492-b0e3-9fe9b221164b","firstParentID":"cc9bceb6-4c0f-43f2-a995-45b0f5f48680","ID":"b5c73e79-d90d-4672-99d9-28455130fbeb","childs":{"код":{"_level":2,"parentID":"b5c73e79-d90d-4672-99d9-28455130fbeb","firstParentID":"cc9bceb6-4c0f-43f2-a995-45b0f5f48680","ID":"a8975cc4-3dfa-4632-8036-0fd29af0dde0","childs":null,"emcosID":null,"emcosMLID":null,"codMaketTEP":null,"codTEP":null,"WSName":"DB","rangeAddress":"$HF$310:$HF$347","headAddress":"$HF$310","bodyAddress":"$HF$311:$HF$347","_name":"код"},"основное":{"_level":2,"parentID":"b5c73e79-d90d-4672-99d9-28455130fbeb","firstParentID":"cc9bceb6-4c0f-43f2-a995-45b0f5f48680","ID":"b89a4007-a08b-400a-851f-005c28b189ab","childs":null,"emcosID":null,"emcosMLID":null,"codMaketTEP":null,"codTEP":null,"WSName":"DB","rangeAddress":"$HG$310:$HG$347","headAddress":"$HG$310","bodyAddress":"$HG$311:$HG$347","_name":"основное"},"корректировка факт":{"_level":2,"parentID":"b5c73e79-d90d-4672-99d9-28455130fbeb","firstParentID":"cc9bceb6-4c0f-43f2-a995-45b0f5f48680","ID":"58fa14d7-e31d-43b3-80ba-67470a078ec2","childs":null,"emcosID":null,"emcosMLID":null,"codMaketTEP":null,"codTEP":null,"WSName":"DB","rangeAddress":"$HH$310:$HH$347","headAddress":"$HH$310","bodyAddress":"$HH$311:$HH$347","_name":"корректировка факт"},"ручное":{"_level":2,"parentID":"b5c73e79-d90d-4672-99d9-28455130fbeb","firstParentID":"cc9bceb6-4c0f-43f2-a995-45b0f5f48680","ID":"c9c1fae3-ebbd-4f92-9ca6-d4f853dc432e","childs":null,"emcosID":null,"emcosMLID":null,"codMaketTEP":null,"codTEP":null,"WSName":"DB","rangeAddress":"$HI$310:$HI$347","headAddress":"$HI$310","bodyAddress":"$HI$311:$HI$347","_name":"ручное"},"оперативное":{"_level":2,"parentID":"b5c73e79-d90d-4672-99d9-28455130fbeb","firstParentID":"cc9bceb6-4c0f-43f2-a995-45b0f5f48680","ID":"e46bff96-ea13-4619-9923-12fda6be63ff","childs":null,"emcosID":null,"emcosMLID":null,"codMaketTEP":null,"codTEP":null,"WSName":"DB","rangeAddress":"$HJ$310:$HJ$347","headAddress":"$HJ$310","bodyAddress":"$HJ$311:$HJ$347","_name":"оперативное"},"счетчик":{"_level":2,"parentID":"b5c73e79-d90d-4672-99d9-28455130fbeb","firstParentID":"cc9bceb6-4c0f-43f2-a995-45b0f5f48680","ID":"537c4e21-5962-4d2f-9857-0ab5c2d8e697","childs":null,"emcosID":null,"emcosMLID":null,"codMaketTEP":null,"codTEP":null,"WSName":"DB","rangeAddress":"$HK$310:$HK$347","headAddress":"$HK$310","bodyAddress":"$HK$311:$HK$347","_name":"счетчик"},"по счетчику":{"_level":2,"parentID":"b5c73e79-d90d-4672-99d9-28455130fbeb","firstParentID":"cc9bceb6-4c0f-43f2-a995-45b0f5f48680","ID":"2950bca3-b5f2-4f52-988c-2180e16b0e47","childs":null,"emcosID":null,"emcosMLID":null,"codMaketTEP":null,"codTEP":null,"WSName":"DB","rangeAddress":"$HL$310:$HL$347","headAddress":"$HL$310","bodyAddress":"$HL$311:$HL$347","_name":"по счетчику"}},"emcosID":null,"emcosMLID":null,"codMaketTEP":null,"codTEP":null,"WSName":"DB","rangeAddress":"$HF$309:$HL$347","headAddress":"$HF$309:$HL$309","bodyAddress":"$HF$310:$HL$347","_name":"отдача"}},"emcosID":null,"emcosMLID":null,"codMaketTEP":null,"codTEP":null,"WSName":"DB","rangeAddress":"$HF$308:$HL$347","headAddress":"$HF$308:$HL$308","bodyAddress":"$HF$309:$HL$347","_name":"КЛ81 ПС152 Талдыкорган"}},"codPlan":null,"meterCoef":"6","_name":"КЛ81 ПС152 Талдыкорган"}