{"ID":"d1d87a1c-93d1-460f-9d28-d426387261e2","childs":{"PS":{"_level":0,"parentID":"d1d87a1c-93d1-460f-9d28-d426387261e2","firstParentID":"d1d87a1c-93d1-460f-9d28-d426387261e2","ID":"027159a3-aeb9-4a82-afe8-c1848d5ba6ff","childs":{"прием":{"_level":1,"parentID":"027159a3-aeb9-4a82-afe8-c1848d5ba6ff","firstParentID":"d1d87a1c-93d1-460f-9d28-d426387261e2","ID":"ad6e2382-b4af-421b-aef7-62237f731176","childs":{"по плану":{"_level":2,"parentID":"ad6e2382-b4af-421b-aef7-62237f731176","firstParentID":"d1d87a1c-93d1-460f-9d28-d426387261e2","ID":"65fbeaea-9ec7-4878-baec-272024b4761b","childs":null,"emcosID":null,"emcosMLID":null,"codMaketTEP":null,"codTEP":null,"WSName":"PS","rangeAddress":"$BR$228:$BR$264","headAddress":"$BR$228","bodyAddress":"$BR$229:$BR$264","_name":"по плану"}},"emcosID":null,"emcosMLID":null,"codMaketTEP":null,"codTEP":null,"WSName":"PS","rangeAddress":"$BR$227:$BR$264","headAddress":"$BR$227","bodyAddress":"$BR$228:$BR$264","_name":"прием"},"план":{"_level":1,"parentID":"027159a3-aeb9-4a82-afe8-c1848d5ba6ff","firstParentID":"d1d87a1c-93d1-460f-9d28-d426387261e2","ID":"792d0140-27b4-4d1d-9739-c639c2ec10c1","childs":{"заявка":{"_level":2,"parentID":"792d0140-27b4-4d1d-9739-c639c2ec10c1","firstParentID":"d1d87a1c-93d1-460f-9d28-d426387261e2","ID":"398db2fc-a107-4265-bae8-a2e394ee1bf3","childs":null,"emcosID":null,"emcosMLID":null,"codMaketTEP":null,"codTEP":null,"WSName":"PS","rangeAddress":"$BS$228:$BS$264","headAddress":"$BS$228","bodyAddress":"$BS$229:$BS$264","_name":"заявка"}},"emcosID":null,"emcosMLID":null,"codMaketTEP":null,"codTEP":null,"WSName":"PS","rangeAddress":"$BS$227:$BS$264","headAddress":"$BS$227","bodyAddress":"$BS$228:$BS$264","_name":"план"}},"emcosID":null,"emcosMLID":null,"codMaketTEP":null,"codTEP":null,"WSName":"PS","rangeAddress":"$BR$226:$BS$264","headAddress":"$BR$226:$BS$226","bodyAddress":"$BR$227:$BS$264","_name":"Потребление Qamqor Energy Жетысу"},"DB":{"_level":0,"parentID":"d1d87a1c-93d1-460f-9d28-d426387261e2","firstParentID":"d1d87a1c-93d1-460f-9d28-d426387261e2","ID":"a2269c58-b968-41fd-a973-1ba623c62da6","childs":{"прием":{"_level":1,"parentID":"a2269c58-b968-41fd-a973-1ba623c62da6","firstParentID":"d1d87a1c-93d1-460f-9d28-d426387261e2","ID":"2b64196d-3d35-4851-9099-185ed539eae2","childs":{"код":{"_level":2,"parentID":"2b64196d-3d35-4851-9099-185ed539eae2","firstParentID":"d1d87a1c-93d1-460f-9d28-d426387261e2","ID":"b8209461-3250-452e-8e43-4b1d90d3cca4","childs":null,"emcosID":null,"emcosMLID":null,"codMaketTEP":null,"codTEP":null,"WSName":"DB","rangeAddress":"$C$568:$C$605","headAddress":"$C$568","bodyAddress":"$C$569:$C$605","_name":"код"},"основное":{"_level":2,"parentID":"2b64196d-3d35-4851-9099-185ed539eae2","firstParentID":"d1d87a1c-93d1-460f-9d28-d426387261e2","ID":"5e53421b-6739-4b0f-9170-a55893d8c676","childs":null,"emcosID":null,"emcosMLID":null,"codMaketTEP":null,"codTEP":null,"WSName":"DB","rangeAddress":"$D$568:$D$605","headAddress":"$D$568","bodyAddress":"$D$569:$D$605","_name":"основное"},"корректировка факт":{"_level":2,"parentID":"2b64196d-3d35-4851-9099-185ed539eae2","firstParentID":"d1d87a1c-93d1-460f-9d28-d426387261e2","ID":"c824ce0c-4e7d-457d-ba48-e9b7d1e244af","childs":null,"emcosID":null,"emcosMLID":null,"codMaketTEP":null,"codTEP":null,"WSName":"DB","rangeAddress":"$E$568:$E$605","headAddress":"$E$568","bodyAddress":"$E$569:$E$605","_name":"корректировка факт"},"ручное":{"_level":2,"parentID":"2b64196d-3d35-4851-9099-185ed539eae2","firstParentID":"d1d87a1c-93d1-460f-9d28-d426387261e2","ID":"5e45308f-069f-430e-aa02-1e65a3f233f0","childs":null,"emcosID":null,"emcosMLID":null,"codMaketTEP":null,"codTEP":null,"WSName":"DB","rangeAddress":"$F$568:$F$605","headAddress":"$F$568","bodyAddress":"$F$569:$F$605","_name":"ручное"},"по плану":{"_level":2,"parentID":"2b64196d-3d35-4851-9099-185ed539eae2","firstParentID":"d1d87a1c-93d1-460f-9d28-d426387261e2","ID":"ce848d44-95d8-4852-bbae-82ad0c1000f4","childs":null,"emcosID":null,"emcosMLID":null,"codMaketTEP":null,"codTEP":null,"WSName":"DB","rangeAddress":"$G$568:$G$605","headAddress":"$G$568","bodyAddress":"$G$569:$G$605","_name":"по плану"}},"emcosID":null,"emcosMLID":null,"codMaketTEP":null,"codTEP":null,"WSName":"DB","rangeAddress":"$C$567:$G$605","headAddress":"$C$567:$G$567","bodyAddress":"$C$568:$G$605","_name":"прием"},"план":{"_level":1,"parentID":"a2269c58-b968-41fd-a973-1ba623c62da6","firstParentID":"d1d87a1c-93d1-460f-9d28-d426387261e2","ID":"dde6b3e2-91f7-4f37-8f09-33ddff90314a","childs":{"код":{"_level":2,"parentID":"dde6b3e2-91f7-4f37-8f09-33ddff90314a","firstParentID":"d1d87a1c-93d1-460f-9d28-d426387261e2","ID":"d194f503-90b3-48d5-be45-236fb3e2bfd0","childs":null,"emcosID":null,"emcosMLID":null,"codMaketTEP":null,"codTEP":null,"WSName":"DB","rangeAddress":"$H$568:$H$605","headAddress":"$H$568","bodyAddress":"$H$569:$H$605","_name":"код"},"основное":{"_level":2,"parentID":"dde6b3e2-91f7-4f37-8f09-33ddff90314a","firstParentID":"d1d87a1c-93d1-460f-9d28-d426387261e2","ID":"ae53ec62-8a6e-4623-baad-7d7e1038e845","childs":null,"emcosID":null,"emcosMLID":null,"codMaketTEP":null,"codTEP":null,"WSName":"DB","rangeAddress":"$I$568:$I$605","headAddress":"$I$568","bodyAddress":"$I$569:$I$605","_name":"основное"},"заявка":{"_level":2,"parentID":"dde6b3e2-91f7-4f37-8f09-33ddff90314a","firstParentID":"d1d87a1c-93d1-460f-9d28-d426387261e2","ID":"62414d63-9054-4bac-8b63-47ae435d31b4","childs":null,"emcosID":null,"emcosMLID":null,"codMaketTEP":null,"codTEP":null,"WSName":"DB","rangeAddress":"$J$568:$J$605","headAddress":"$J$568","bodyAddress":"$J$569:$J$605","_name":"заявка"},"утвержденный":{"_level":2,"parentID":"dde6b3e2-91f7-4f37-8f09-33ddff90314a","firstParentID":"d1d87a1c-93d1-460f-9d28-d426387261e2","ID":"959f7633-9253-4c3d-a7bb-1ec67a5837fd","childs":null,"emcosID":null,"emcosMLID":null,"codMaketTEP":null,"codTEP":null,"WSName":"DB","rangeAddress":"$K$568:$K$605","headAddress":"$K$568","bodyAddress":"$K$569:$K$605","_name":"утвержденный"},"корректировка":{"_level":2,"parentID":"dde6b3e2-91f7-4f37-8f09-33ddff90314a","firstParentID":"d1d87a1c-93d1-460f-9d28-d426387261e2","ID":"b63884a3-f802-4b77-a560-2c1dc1237136","childs":null,"emcosID":null,"emcosMLID":null,"codMaketTEP":null,"codTEP":null,"WSName":"DB","rangeAddress":"$L$568:$L$605","headAddress":"$L$568","bodyAddress":"$L$569:$L$605","_name":"корректировка"}},"emcosID":null,"emcosMLID":null,"codMaketTEP":null,"codTEP":null,"WSName":"DB","rangeAddress":"$H$567:$L$605","headAddress":"$H$567:$L$567","bodyAddress":"$H$568:$L$605","_name":"план"}},"emcosID":null,"emcosMLID":null,"codMaketTEP":null,"codTEP":null,"WSName":"DB","rangeAddress":"$C$566:$L$605","headAddress":"$C$566:$L$566","bodyAddress":"$C$567:$L$605","_name":"Потребление Qamqor Energy Жетысу"}},"codPlan":143,"meterCoef":null,"_name":"Потребление Qamqor Energy Жетысу"}