{"ID":"d1d87a1c-93d1-460f-9d28-d426387261e2","childs":{"PS":{"_level":0,"parentID":"d1d87a1c-93d1-460f-9d28-d426387261e2","firstParentID":"d1d87a1c-93d1-460f-9d28-d426387261e2","ID":"027159a3-aeb9-4a82-afe8-c1848d5ba6ff","childs":{"прием":{"_level":1,"parentID":"027159a3-aeb9-4a82-afe8-c1848d5ba6ff","firstParentID":"d1d87a1c-93d1-460f-9d28-d426387261e2","ID":"ad6e2382-b4af-421b-aef7-62237f731176","childs":{"по плану":{"_level":2,"parentID":"ad6e2382-b4af-421b-aef7-62237f731176","firstParentID":"d1d87a1c-93d1-460f-9d28-d426387261e2","ID":"65fbeaea-9ec7-4878-baec-272024b4761b","childs":null,"emcosID":null,"emcosMLID":null,"codMaketTEP":null,"codTEP":null,"WSName":"PS","rangeAddress":"$BR$228:$BR$264","headAddress":"$BR$228","bodyAddress":"$BR$229:$BR$264","_name":"по плану"}},"emcosID":null,"emcosMLID":null,"codMaketTEP":1463,"codTEP":null,"WSName":"PS","rangeAddress":"$BR$227:$BR$264","headAddress":"$BR$227","bodyAddress":"$BR$228:$BR$264","_name":"прием"},"план":{"_level":1,"parentID":"027159a3-aeb9-4a82-afe8-c1848d5ba6ff","firstParentID":"d1d87a1c-93d1-460f-9d28-d426387261e2","ID":"792d0140-27b4-4d1d-9739-c639c2ec10c1","childs":{"заявка":{"_level":2,"parentID":"792d0140-27b4-4d1d-9739-c639c2ec10c1","firstParentID":"d1d87a1c-93d1-460f-9d28-d426387261e2","ID":"398db2fc-a107-4265-bae8-a2e394ee1bf3","childs":null,"emcosID":null,"emcosMLID":null,"codMaketTEP":null,"codTEP":null,"WSName":"PS","rangeAddress":"$BS$228:$BS$264","headAddress":"$BS$228","bodyAddress":"$BS$229:$BS$264","_name":"заявка"}},"emcosID":null,"emcosMLID":null,"codMaketTEP":null,"codTEP":null,"WSName":"PS","rangeAddress":"$BS$227:$BS$264","headAddress":"$BS$227","bodyAddress":"$BS$228:$BS$264","_name":"план"}},"emcosID":null,"emcosMLID":null,"codMaketTEP":null,"codTEP":null,"WSName":"PS","rangeAddress":"$BR$226:$BS$264","headAddress":"$BR$226:$BS$226","bodyAddress":"$BR$227:$BS$264","_name":"Потребление Qamqor Energy Жетысу"},"DB":{"_level":0,"parentID":"d1d87a1c-93d1-460f-9d28-d426387261e2","firstParentID":"d1d87a1c-93d1-460f-9d28-d426387261e2","ID":"a2269c58-b968-41fd-a973-1ba623c62da6","childs":{"прием":{"_level":1,"parentID":"a2269c58-b968-41fd-a973-1ba623c62da6","firstParentID":"d1d87a1c-93d1-460f-9d28-d426387261e2","ID":"2b64196d-3d35-4851-9099-185ed539eae2","childs":{"код":{"_level":2,"parentID":"2b64196d-3d35-4851-9099-185ed539eae2","firstParentID":"d1d87a1c-93d1-460f-9d28-d426387261e2","ID":"b8209461-3250-452e-8e43-4b1d90d3cca4","childs":null,"emcosID":null,"emcosMLID":null,"codMaketTEP":null,"codTEP":null,"WSName":"DB","rangeAddress":"$Q$568:$Q$605","headAddress":"$Q$568","bodyAddress":"$Q$569:$Q$605","_name":"код"},"основное":{"_level":2,"parentID":"2b64196d-3d35-4851-9099-185ed539eae2","firstParentID":"d1d87a1c-93d1-460f-9d28-d426387261e2","ID":"5e53421b-6739-4b0f-9170-a55893d8c676","childs":null,"emcosID":null,"emcosMLID":null,"codMaketTEP":null,"codTEP":null,"WSName":"DB","rangeAddress":"$R$568:$R$605","headAddress":"$R$568","bodyAddress":"$R$569:$R$605","_name":"основное"},"корректировка факт":{"_level":2,"parentID":"2b64196d-3d35-4851-9099-185ed539eae2","firstParentID":"d1d87a1c-93d1-460f-9d28-d426387261e2","ID":"c824ce0c-4e7d-457d-ba48-e9b7d1e244af","childs":null,"emcosID":null,"emcosMLID":null,"codMaketTEP":null,"codTEP":null,"WSName":"DB","rangeAddress":"$S$568:$S$605","headAddress":"$S$568","bodyAddress":"$S$569:$S$605","_name":"корректировка факт"},"ручное":{"_level":2,"parentID":"2b64196d-3d35-4851-9099-185ed539eae2","firstParentID":"d1d87a1c-93d1-460f-9d28-d426387261e2","ID":"5e45308f-069f-430e-aa02-1e65a3f233f0","childs":null,"emcosID":null,"emcosMLID":null,"codMaketTEP":null,"codTEP":null,"WSName":"DB","rangeAddress":"$T$568:$T$605","headAddress":"$T$568","bodyAddress":"$T$569:$T$605","_name":"ручное"},"по плану":{"_level":2,"parentID":"2b64196d-3d35-4851-9099-185ed539eae2","firstParentID":"d1d87a1c-93d1-460f-9d28-d426387261e2","ID":"ce848d44-95d8-4852-bbae-82ad0c1000f4","childs":null,"emcosID":null,"emcosMLID":null,"codMaketTEP":null,"codTEP":null,"WSName":"DB","rangeAddress":"$U$568:$U$605","headAddress":"$U$568","bodyAddress":"$U$569:$U$605","_name":"по плану"}},"emcosID":null,"emcosMLID":null,"codMaketTEP":null,"codTEP":null,"WSName":"DB","rangeAddress":"$Q$567:$U$605","headAddress":"$Q$567:$U$567","bodyAddress":"$Q$568:$U$605","_name":"прием"},"план":{"_level":1,"parentID":"a2269c58-b968-41fd-a973-1ba623c62da6","firstParentID":"d1d87a1c-93d1-460f-9d28-d426387261e2","ID":"dde6b3e2-91f7-4f37-8f09-33ddff90314a","childs":{"код":{"_level":2,"parentID":"dde6b3e2-91f7-4f37-8f09-33ddff90314a","firstParentID":"d1d87a1c-93d1-460f-9d28-d426387261e2","ID":"d194f503-90b3-48d5-be45-236fb3e2bfd0","childs":null,"emcosID":null,"emcosMLID":null,"codMaketTEP":null,"codTEP":null,"WSName":"DB","rangeAddress":"$V$568:$V$605","headAddress":"$V$568","bodyAddress":"$V$569:$V$605","_name":"код"},"основное":{"_level":2,"parentID":"dde6b3e2-91f7-4f37-8f09-33ddff90314a","firstParentID":"d1d87a1c-93d1-460f-9d28-d426387261e2","ID":"ae53ec62-8a6e-4623-baad-7d7e1038e845","childs":null,"emcosID":null,"emcosMLID":null,"codMaketTEP":null,"codTEP":null,"WSName":"DB","rangeAddress":"$W$568:$W$605","headAddress":"$W$568","bodyAddress":"$W$569:$W$605","_name":"основное"},"заявка":{"_level":2,"parentID":"dde6b3e2-91f7-4f37-8f09-33ddff90314a","firstParentID":"d1d87a1c-93d1-460f-9d28-d426387261e2","ID":"62414d63-9054-4bac-8b63-47ae435d31b4","childs":null,"emcosID":null,"emcosMLID":null,"codMaketTEP":null,"codTEP":null,"WSName":"DB","rangeAddress":"$X$568:$X$605","headAddress":"$X$568","bodyAddress":"$X$569:$X$605","_name":"заявка"},"утвержденный":{"_level":2,"parentID":"dde6b3e2-91f7-4f37-8f09-33ddff90314a","firstParentID":"d1d87a1c-93d1-460f-9d28-d426387261e2","ID":"959f7633-9253-4c3d-a7bb-1ec67a5837fd","childs":null,"emcosID":null,"emcosMLID":null,"codMaketTEP":null,"codTEP":null,"WSName":"DB","rangeAddress":"$Y$568:$Y$605","headAddress":"$Y$568","bodyAddress":"$Y$569:$Y$605","_name":"утвержденный"},"корректировка":{"_level":2,"parentID":"dde6b3e2-91f7-4f37-8f09-33ddff90314a","firstParentID":"d1d87a1c-93d1-460f-9d28-d426387261e2","ID":"b63884a3-f802-4b77-a560-2c1dc1237136","childs":null,"emcosID":null,"emcosMLID":null,"codMaketTEP":null,"codTEP":null,"WSName":"DB","rangeAddress":"$Z$568:$Z$605","headAddress":"$Z$568","bodyAddress":"$Z$569:$Z$605","_name":"корректировка"}},"emcosID":null,"emcosMLID":null,"codMaketTEP":null,"codTEP":null,"WSName":"DB","rangeAddress":"$V$567:$Z$605","headAddress":"$V$567:$Z$567","bodyAddress":"$V$568:$Z$605","_name":"план"}},"emcosID":null,"emcosMLID":null,"codMaketTEP":null,"codTEP":null,"WSName":"DB","rangeAddress":"$Q$566:$Z$605","headAddress":"$Q$566:$Z$566","bodyAddress":"$Q$567:$Z$605","_name":"Потребление Qamqor Energy Жетысу"}},"codPlan":143,"meterCoef":null,"_name":"Потребление Qamqor Energy Жетысу"}