{"ID":"d2a58886-359a-4724-9282-7b11e442357c","childs":{"PS":{"_level":0,"parentID":"d2a58886-359a-4724-9282-7b11e442357c","firstParentID":"d2a58886-359a-4724-9282-7b11e442357c","ID":"fa31283c-947a-43c3-81cd-1c48f45d7f39","childs":{"отдача":{"_level":1,"parentID":"fa31283c-947a-43c3-81cd-1c48f45d7f39","firstParentID":"d2a58886-359a-4724-9282-7b11e442357c","ID":"581c357a-8fa9-4920-a517-9248adc12764","childs":{"ручное":{"_level":2,"parentID":"581c357a-8fa9-4920-a517-9248adc12764","firstParentID":"d2a58886-359a-4724-9282-7b11e442357c","ID":"fd588549-73f9-4543-8b13-3ca192424b67","childs":null,"emcosID":null,"emcosMLID":null,"codMaketTEP":null,"codTEP":null,"WSName":"PS","rangeAddress":"$EY$185:$EY$221","headAddress":"$EY$185","bodyAddress":"$EY$186:$EY$221","_name":"ручное"}},"emcosID":null,"emcosMLID":null,"codMaketTEP":1368,"codTEP":null,"WSName":"PS","rangeAddress":"$EY$184:$EY$221","headAddress":"$EY$184","bodyAddress":"$EY$185:$EY$221","_name":"отдача"}},"emcosID":null,"emcosMLID":null,"codMaketTEP":null,"codTEP":null,"WSName":"PS","rangeAddress":"$EY$183:$EY$221","headAddress":"$EY$183","bodyAddress":"$EY$184:$EY$221","_name":"Генерация Бастау Энерго Медеу ГЭС"},"DB":{"_level":0,"parentID":"d2a58886-359a-4724-9282-7b11e442357c","firstParentID":"d2a58886-359a-4724-9282-7b11e442357c","ID":"38991c27-7cb3-499e-bb2a-542f47cb33ca","childs":{"отдача":{"_level":1,"parentID":"38991c27-7cb3-499e-bb2a-542f47cb33ca","firstParentID":"d2a58886-359a-4724-9282-7b11e442357c","ID":"840eb152-61b4-411a-9021-e1f870d2ee80","childs":{"код":{"_level":2,"parentID":"840eb152-61b4-411a-9021-e1f870d2ee80","firstParentID":"d2a58886-359a-4724-9282-7b11e442357c","ID":"a5c29403-1dc9-4723-86ab-73a0d2868646","childs":null,"emcosID":null,"emcosMLID":null,"codMaketTEP":null,"codTEP":null,"WSName":"DB","rangeAddress":"$FG$568:$FG$605","headAddress":"$FG$568","bodyAddress":"$FG$569:$FG$605","_name":"код"},"основное":{"_level":2,"parentID":"840eb152-61b4-411a-9021-e1f870d2ee80","firstParentID":"d2a58886-359a-4724-9282-7b11e442357c","ID":"0f810da5-81f1-4641-8781-0f4be2cea5ca","childs":null,"emcosID":null,"emcosMLID":null,"codMaketTEP":null,"codTEP":null,"WSName":"DB","rangeAddress":"$FH$568:$FH$605","headAddress":"$FH$568","bodyAddress":"$FH$569:$FH$605","_name":"основное"},"корректировка факт":{"_level":2,"parentID":"840eb152-61b4-411a-9021-e1f870d2ee80","firstParentID":"d2a58886-359a-4724-9282-7b11e442357c","ID":"2933fc75-d817-432d-beec-346c14bc0749","childs":null,"emcosID":null,"emcosMLID":null,"codMaketTEP":null,"codTEP":null,"WSName":"DB","rangeAddress":"$FI$568:$FI$605","headAddress":"$FI$568","bodyAddress":"$FI$569:$FI$605","_name":"корректировка факт"},"ручное":{"_level":2,"parentID":"840eb152-61b4-411a-9021-e1f870d2ee80","firstParentID":"d2a58886-359a-4724-9282-7b11e442357c","ID":"a3734503-918a-482a-8383-9808b6170336","childs":null,"emcosID":null,"emcosMLID":null,"codMaketTEP":null,"codTEP":null,"WSName":"DB","rangeAddress":"$FJ$568:$FJ$605","headAddress":"$FJ$568","bodyAddress":"$FJ$569:$FJ$605","_name":"ручное"}},"emcosID":null,"emcosMLID":null,"codMaketTEP":null,"codTEP":null,"WSName":"DB","rangeAddress":"$FG$567:$FJ$605","headAddress":"$FG$567:$FJ$567","bodyAddress":"$FG$568:$FJ$605","_name":"отдача"}},"emcosID":null,"emcosMLID":null,"codMaketTEP":null,"codTEP":null,"WSName":"DB","rangeAddress":"$FG$566:$FJ$605","headAddress":"$FG$566:$FJ$566","bodyAddress":"$FG$567:$FJ$605","_name":"Генерация Бастау Энерго Медеу ГЭС"}},"codPlan":null,"meterCoef":null,"_name":"Генерация Бастау Энерго Медеу ГЭС"}