{"ID":"d319e403-1490-49bb-9a33-53bd08eda8ce","childs":{"PS":{"_level":0,"parentID":"d319e403-1490-49bb-9a33-53bd08eda8ce","firstParentID":"d319e403-1490-49bb-9a33-53bd08eda8ce","ID":"7d9d2387-fe2b-4796-ae9f-0c27795055cf","childs":{"прием":{"_level":1,"parentID":"7d9d2387-fe2b-4796-ae9f-0c27795055cf","firstParentID":"d319e403-1490-49bb-9a33-53bd08eda8ce","ID":"ec53af90-f540-4a4f-97dd-299669d57d8f","childs":{"оперативное":{"_level":2,"parentID":"ec53af90-f540-4a4f-97dd-299669d57d8f","firstParentID":"d319e403-1490-49bb-9a33-53bd08eda8ce","ID":"ea6304cb-fead-49d0-926e-3f26d02b9e70","childs":null,"emcosID":null,"emcosMLID":null,"codMaketTEP":null,"codTEP":null,"WSName":"PS","rangeAddress":"$AF$228:$AF$264","headAddress":"$AF$228","bodyAddress":"$AF$229:$AF$264","_name":"оперативное"}},"emcosID":null,"emcosMLID":null,"codMaketTEP":1418,"codTEP":null,"WSName":"PS","rangeAddress":"$AF$227:$AF$264","headAddress":"$AF$227","bodyAddress":"$AF$228:$AF$264","_name":"прием"}},"emcosID":null,"emcosMLID":null,"codMaketTEP":null,"codTEP":null,"WSName":"PS","rangeAddress":"$AF$226:$AF$264","headAddress":"$AF$226","bodyAddress":"$AF$227:$AF$264","_name":"Потребление Каратал Транзит"},"DB":{"_level":0,"parentID":"d319e403-1490-49bb-9a33-53bd08eda8ce","firstParentID":"d319e403-1490-49bb-9a33-53bd08eda8ce","ID":"ca07a281-86af-4864-9d25-f0846e92c6ac","childs":{"прием":{"_level":1,"parentID":"ca07a281-86af-4864-9d25-f0846e92c6ac","firstParentID":"d319e403-1490-49bb-9a33-53bd08eda8ce","ID":"5992d9a4-cf88-42b6-a9f4-a36775cf12d0","childs":{"код":{"_level":2,"parentID":"5992d9a4-cf88-42b6-a9f4-a36775cf12d0","firstParentID":"d319e403-1490-49bb-9a33-53bd08eda8ce","ID":"15e3921e-f214-4558-8d78-0d92f0f4304e","childs":null,"emcosID":null,"emcosMLID":null,"codMaketTEP":null,"codTEP":null,"WSName":"DB","rangeAddress":"$N$224:$N$261","headAddress":"$N$224","bodyAddress":"$N$225:$N$261","_name":"код"},"основное":{"_level":2,"parentID":"5992d9a4-cf88-42b6-a9f4-a36775cf12d0","firstParentID":"d319e403-1490-49bb-9a33-53bd08eda8ce","ID":"9d8a3de3-3ee5-45e9-9d48-9af1bac0ff77","childs":null,"emcosID":null,"emcosMLID":null,"codMaketTEP":null,"codTEP":null,"WSName":"DB","rangeAddress":"$O$224:$O$261","headAddress":"$O$224","bodyAddress":"$O$225:$O$261","_name":"основное"},"корректировка факт":{"_level":2,"parentID":"5992d9a4-cf88-42b6-a9f4-a36775cf12d0","firstParentID":"d319e403-1490-49bb-9a33-53bd08eda8ce","ID":"8263c9d1-77ab-41fb-a04c-e1c7725640d8","childs":null,"emcosID":null,"emcosMLID":null,"codMaketTEP":null,"codTEP":null,"WSName":"DB","rangeAddress":"$P$224:$P$261","headAddress":"$P$224","bodyAddress":"$P$225:$P$261","_name":"корректировка факт"},"ручное":{"_level":2,"parentID":"5992d9a4-cf88-42b6-a9f4-a36775cf12d0","firstParentID":"d319e403-1490-49bb-9a33-53bd08eda8ce","ID":"432e1f9f-d0c0-4921-afcb-e7bbf277ae59","childs":null,"emcosID":null,"emcosMLID":null,"codMaketTEP":null,"codTEP":null,"WSName":"DB","rangeAddress":"$Q$224:$Q$261","headAddress":"$Q$224","bodyAddress":"$Q$225:$Q$261","_name":"ручное"},"оперативное":{"_level":2,"parentID":"5992d9a4-cf88-42b6-a9f4-a36775cf12d0","firstParentID":"d319e403-1490-49bb-9a33-53bd08eda8ce","ID":"e2842d09-d04f-4da1-ac12-c6cc8ad47b27","childs":null,"emcosID":null,"emcosMLID":null,"codMaketTEP":null,"codTEP":null,"WSName":"DB","rangeAddress":"$R$224:$R$261","headAddress":"$R$224","bodyAddress":"$R$225:$R$261","_name":"оперативное"}},"emcosID":null,"emcosMLID":null,"codMaketTEP":null,"codTEP":null,"WSName":"DB","rangeAddress":"$N$223:$R$261","headAddress":"$N$223:$R$223","bodyAddress":"$N$224:$R$261","_name":"прием"}},"emcosID":null,"emcosMLID":null,"codMaketTEP":null,"codTEP":null,"WSName":"DB","rangeAddress":"$N$222:$R$261","headAddress":"$N$222:$R$222","bodyAddress":"$N$223:$R$261","_name":"Потребление Каратал Транзит"}},"codPlan":null,"meterCoef":null,"_name":"Потребление Каратал Транзит"}