{"ID":"d937ed53-a8f1-4974-9d7f-5b9848a40b21","childs":{"PS":{"_level":0,"parentID":"d937ed53-a8f1-4974-9d7f-5b9848a40b21","firstParentID":"d937ed53-a8f1-4974-9d7f-5b9848a40b21","ID":"1ca2f669-d39d-493d-9b9a-901379f09ab5","childs":{"отдача":{"_level":1,"parentID":"1ca2f669-d39d-493d-9b9a-901379f09ab5","firstParentID":"d937ed53-a8f1-4974-9d7f-5b9848a40b21","ID":"7221b66f-af55-434a-a850-6685baa35964","childs":{"оперативное":{"_level":2,"parentID":"7221b66f-af55-434a-a850-6685baa35964","firstParentID":"d937ed53-a8f1-4974-9d7f-5b9848a40b21","ID":"7cda2dfa-421a-4399-b05f-63ed655c9e1b","childs":null,"emcosID":null,"emcosMLID":null,"codMaketTEP":null,"codTEP":null,"WSName":"PS","rangeAddress":"$EW$185:$EW$221","headAddress":"$EW$185","bodyAddress":"$EW$186:$EW$221","_name":"оперативное"}},"emcosID":null,"emcosMLID":null,"codMaketTEP":null,"codTEP":null,"WSName":"PS","rangeAddress":"$EW$184:$EW$221","headAddress":"$EW$184","bodyAddress":"$EW$185:$EW$221","_name":"отдача"}},"emcosID":null,"emcosMLID":null,"codMaketTEP":null,"codTEP":null,"WSName":"PS","rangeAddress":"$EW$183:$EW$221","headAddress":"$EW$183","bodyAddress":"$EW$184:$EW$221","_name":"Генерация Гидро Пауэр"},"DB":{"_level":0,"parentID":"d937ed53-a8f1-4974-9d7f-5b9848a40b21","firstParentID":"d937ed53-a8f1-4974-9d7f-5b9848a40b21","ID":"a110400a-34bb-4921-b7ed-db74b0a327aa","childs":{"отдача":{"_level":1,"parentID":"a110400a-34bb-4921-b7ed-db74b0a327aa","firstParentID":"d937ed53-a8f1-4974-9d7f-5b9848a40b21","ID":"c5f485b3-3680-4a15-bf44-0022760383cd","childs":{"код":{"_level":2,"parentID":"c5f485b3-3680-4a15-bf44-0022760383cd","firstParentID":"d937ed53-a8f1-4974-9d7f-5b9848a40b21","ID":"904c277d-2490-4c3a-a997-98fe422fabdf","childs":null,"emcosID":null,"emcosMLID":null,"codMaketTEP":null,"codTEP":null,"WSName":"DB","rangeAddress":"$FK$267:$FK$304","headAddress":"$FK$267","bodyAddress":"$FK$268:$FK$304","_name":"код"},"основное":{"_level":2,"parentID":"c5f485b3-3680-4a15-bf44-0022760383cd","firstParentID":"d937ed53-a8f1-4974-9d7f-5b9848a40b21","ID":"78c7e47f-c40d-4a6a-bcf4-30e5a919942a","childs":null,"emcosID":null,"emcosMLID":null,"codMaketTEP":null,"codTEP":null,"WSName":"DB","rangeAddress":"$FL$267:$FL$304","headAddress":"$FL$267","bodyAddress":"$FL$268:$FL$304","_name":"основное"},"корректировка факт":{"_level":2,"parentID":"c5f485b3-3680-4a15-bf44-0022760383cd","firstParentID":"d937ed53-a8f1-4974-9d7f-5b9848a40b21","ID":"2aa45f2d-a218-497e-9a61-fd5f9c704aa1","childs":null,"emcosID":null,"emcosMLID":null,"codMaketTEP":null,"codTEP":null,"WSName":"DB","rangeAddress":"$FM$267:$FM$304","headAddress":"$FM$267","bodyAddress":"$FM$268:$FM$304","_name":"корректировка факт"},"ручное":{"_level":2,"parentID":"c5f485b3-3680-4a15-bf44-0022760383cd","firstParentID":"d937ed53-a8f1-4974-9d7f-5b9848a40b21","ID":"39868452-5a58-4cbe-9b90-ad02fc75adf6","childs":null,"emcosID":null,"emcosMLID":null,"codMaketTEP":null,"codTEP":null,"WSName":"DB","rangeAddress":"$FN$267:$FN$304","headAddress":"$FN$267","bodyAddress":"$FN$268:$FN$304","_name":"ручное"},"оперативное":{"_level":2,"parentID":"c5f485b3-3680-4a15-bf44-0022760383cd","firstParentID":"d937ed53-a8f1-4974-9d7f-5b9848a40b21","ID":"d5fdd166-251d-481e-b63c-4cf45876105f","childs":null,"emcosID":null,"emcosMLID":null,"codMaketTEP":null,"codTEP":null,"WSName":"DB","rangeAddress":"$FO$267:$FO$304","headAddress":"$FO$267","bodyAddress":"$FO$268:$FO$304","_name":"оперативное"}},"emcosID":null,"emcosMLID":null,"codMaketTEP":null,"codTEP":null,"WSName":"DB","rangeAddress":"$FK$266:$FO$304","headAddress":"$FK$266:$FO$266","bodyAddress":"$FK$267:$FO$304","_name":"отдача"}},"emcosID":null,"emcosMLID":null,"codMaketTEP":null,"codTEP":null,"WSName":"DB","rangeAddress":"$FK$265:$FO$304","headAddress":"$FK$265:$FO$265","bodyAddress":"$FK$266:$FO$304","_name":"Генерация Гидро Пауэр"}},"codPlan":null,"meterCoef":null,"_name":"Генерация Гидро Пауэр"}