{"ID":"022652f9-fd9a-4387-a056-d1535918a037","childs":{"PS":{"_level":0,"parentID":"022652f9-fd9a-4387-a056-d1535918a037","firstParentID":"022652f9-fd9a-4387-a056-d1535918a037","ID":"a6e42c0c-e576-4bb0-bf8a-dd34bb06d67a","childs":{"прием":{"_level":1,"parentID":"a6e42c0c-e576-4bb0-bf8a-dd34bb06d67a","firstParentID":"022652f9-fd9a-4387-a056-d1535918a037","ID":"8b074b78-56fe-4397-92db-e8264bded91e","childs":{"формула":{"_level":2,"parentID":"8b074b78-56fe-4397-92db-e8264bded91e","firstParentID":"022652f9-fd9a-4387-a056-d1535918a037","ID":"29740e53-939d-4552-8796-5e49da8dec87","childs":null,"emcosID":null,"emcosMLID":null,"codMaketTEP":null,"codTEP":null,"WSName":"PS","rangeAddress":"$ET$185:$ET$221","headAddress":"$ET$185","bodyAddress":"$ET$186:$ET$221","_name":"формула"}},"emcosID":null,"emcosMLID":null,"codMaketTEP":1303,"codTEP":null,"WSName":"PS","rangeAddress":"$ET$184:$ET$221","headAddress":"$ET$184","bodyAddress":"$ET$185:$ET$221","_name":"прием"}},"emcosID":null,"emcosMLID":null,"codMaketTEP":null,"codTEP":null,"WSName":"PS","rangeAddress":"$ET$183:$ET$221","headAddress":"$ET$183","bodyAddress":"$ET$184:$ET$221","_name":"Прочие потребители контроль KEGOC Алматинский энергоузел"},"DB":{"_level":0,"parentID":"022652f9-fd9a-4387-a056-d1535918a037","firstParentID":"022652f9-fd9a-4387-a056-d1535918a037","ID":"d7d68c8b-c1a7-453c-89ad-5db82c35d0ad","childs":{"прием":{"_level":1,"parentID":"d7d68c8b-c1a7-453c-89ad-5db82c35d0ad","firstParentID":"022652f9-fd9a-4387-a056-d1535918a037","ID":"dfb7af66-c352-4989-b235-65ed387cc0c3","childs":{"код":{"_level":2,"parentID":"dfb7af66-c352-4989-b235-65ed387cc0c3","firstParentID":"022652f9-fd9a-4387-a056-d1535918a037","ID":"0daf94fb-2f63-49e3-8781-6e0c3f6c67c6","childs":null,"emcosID":null,"emcosMLID":null,"codMaketTEP":null,"codTEP":null,"WSName":"DB","rangeAddress":"$AS$267:$AS$304","headAddress":"$AS$267","bodyAddress":"$AS$268:$AS$304","_name":"код"},"основное":{"_level":2,"parentID":"dfb7af66-c352-4989-b235-65ed387cc0c3","firstParentID":"022652f9-fd9a-4387-a056-d1535918a037","ID":"44644ad4-9b6d-4d01-8033-381e93665f82","childs":null,"emcosID":null,"emcosMLID":null,"codMaketTEP":null,"codTEP":null,"WSName":"DB","rangeAddress":"$AT$267:$AT$304","headAddress":"$AT$267","bodyAddress":"$AT$268:$AT$304","_name":"основное"},"корректировка факт":{"_level":2,"parentID":"dfb7af66-c352-4989-b235-65ed387cc0c3","firstParentID":"022652f9-fd9a-4387-a056-d1535918a037","ID":"94d7463c-27d6-445f-8ec7-0138ae5bbaff","childs":null,"emcosID":null,"emcosMLID":null,"codMaketTEP":null,"codTEP":null,"WSName":"DB","rangeAddress":"$AU$267:$AU$304","headAddress":"$AU$267","bodyAddress":"$AU$268:$AU$304","_name":"корректировка факт"},"ручное":{"_level":2,"parentID":"dfb7af66-c352-4989-b235-65ed387cc0c3","firstParentID":"022652f9-fd9a-4387-a056-d1535918a037","ID":"b264ceab-51bc-46dc-b1f9-41374e1ec922","childs":null,"emcosID":null,"emcosMLID":null,"codMaketTEP":null,"codTEP":null,"WSName":"DB","rangeAddress":"$AV$267:$AV$304","headAddress":"$AV$267","bodyAddress":"$AV$268:$AV$304","_name":"ручное"},"формула":{"_level":2,"parentID":"dfb7af66-c352-4989-b235-65ed387cc0c3","firstParentID":"022652f9-fd9a-4387-a056-d1535918a037","ID":"c6c9b5b5-2123-4e87-92a6-05dd1cf021ff","childs":null,"emcosID":null,"emcosMLID":null,"codMaketTEP":null,"codTEP":null,"WSName":"DB","rangeAddress":"$AW$267:$AW$304","headAddress":"$AW$267","bodyAddress":"$AW$268:$AW$304","_name":"формула"}},"emcosID":null,"emcosMLID":null,"codMaketTEP":null,"codTEP":null,"WSName":"DB","rangeAddress":"$AS$266:$AW$304","headAddress":"$AS$266:$AW$266","bodyAddress":"$AS$267:$AW$304","_name":"прием"}},"emcosID":null,"emcosMLID":null,"codMaketTEP":null,"codTEP":null,"WSName":"DB","rangeAddress":"$AS$265:$AW$304","headAddress":"$AS$265:$AW$265","bodyAddress":"$AS$266:$AW$304","_name":"Прочие потребители контроль KEGOC Алматинский энергоузел"}},"codPlan":null,"meterCoef":null,"_name":"Прочие потребители контроль KEGOC Алматинский энергоузел"}