{"ID":"064a761e-ca2b-40ff-b6fe-31856dcfe6ad","childs":{"PS":{"_level":0,"parentID":"064a761e-ca2b-40ff-b6fe-31856dcfe6ad","firstParentID":"064a761e-ca2b-40ff-b6fe-31856dcfe6ad","ID":"3a19b21b-6d8d-42fd-a0df-cb5f77b9361f","childs":{"прием":{"_level":1,"parentID":"3a19b21b-6d8d-42fd-a0df-cb5f77b9361f","firstParentID":"064a761e-ca2b-40ff-b6fe-31856dcfe6ad","ID":"9ef6aa41-dc17-4088-b8b0-66c648f38ecf","childs":{"по плану":{"_level":2,"parentID":"9ef6aa41-dc17-4088-b8b0-66c648f38ecf","firstParentID":"064a761e-ca2b-40ff-b6fe-31856dcfe6ad","ID":"3aed7a7f-0993-45ec-9f16-eb6a3bf2ad8d","childs":null,"emcosID":null,"emcosMLID":null,"codMaketTEP":null,"codTEP":null,"WSName":"PS","rangeAddress":"$AC$185:$AC$221","headAddress":"$AC$185","bodyAddress":"$AC$186:$AC$221","_name":"по плану"}},"emcosID":null,"emcosMLID":null,"codMaketTEP":1306,"codTEP":null,"WSName":"PS","rangeAddress":"$AC$184:$AC$221","headAddress":"$AC$184","bodyAddress":"$AC$185:$AC$221","_name":"прием"},"план":{"_level":1,"parentID":"3a19b21b-6d8d-42fd-a0df-cb5f77b9361f","firstParentID":"064a761e-ca2b-40ff-b6fe-31856dcfe6ad","ID":"e9d9061a-cfcd-46bd-873f-53bc6e75a65b","childs":{"заявка":{"_level":2,"parentID":"e9d9061a-cfcd-46bd-873f-53bc6e75a65b","firstParentID":"064a761e-ca2b-40ff-b6fe-31856dcfe6ad","ID":"c7dda40a-087e-4ffb-b3f6-e3708dab2692","childs":null,"emcosID":null,"emcosMLID":null,"codMaketTEP":null,"codTEP":null,"WSName":"PS","rangeAddress":"$AD$185:$AD$221","headAddress":"$AD$185","bodyAddress":"$AD$186:$AD$221","_name":"заявка"}},"emcosID":null,"emcosMLID":null,"codMaketTEP":null,"codTEP":null,"WSName":"PS","rangeAddress":"$AD$184:$AD$221","headAddress":"$AD$184","bodyAddress":"$AD$185:$AD$221","_name":"план"}},"emcosID":null,"emcosMLID":null,"codMaketTEP":null,"codTEP":null,"WSName":"PS","rangeAddress":"$AC$183:$AD$221","headAddress":"$AC$183:$AD$183","bodyAddress":"$AC$184:$AD$221","_name":"Потребление Энергопромтехно"},"DB":{"_level":0,"parentID":"064a761e-ca2b-40ff-b6fe-31856dcfe6ad","firstParentID":"064a761e-ca2b-40ff-b6fe-31856dcfe6ad","ID":"f0eebdc1-b5e3-452b-87d4-821725615543","childs":{"прием":{"_level":1,"parentID":"f0eebdc1-b5e3-452b-87d4-821725615543","firstParentID":"064a761e-ca2b-40ff-b6fe-31856dcfe6ad","ID":"68d0b86c-6a63-4054-a9da-befdfd2c9ad5","childs":{"код":{"_level":2,"parentID":"68d0b86c-6a63-4054-a9da-befdfd2c9ad5","firstParentID":"064a761e-ca2b-40ff-b6fe-31856dcfe6ad","ID":"8e9680fc-b424-4f81-95cf-b4bbdb7443fd","childs":null,"emcosID":null,"emcosMLID":null,"codMaketTEP":null,"codTEP":null,"WSName":"DB","rangeAddress":"$EU$439:$EU$476","headAddress":"$EU$439","bodyAddress":"$EU$440:$EU$476","_name":"код"},"основное":{"_level":2,"parentID":"68d0b86c-6a63-4054-a9da-befdfd2c9ad5","firstParentID":"064a761e-ca2b-40ff-b6fe-31856dcfe6ad","ID":"642beb56-ef12-4808-aa47-3ef6f0e6d3a9","childs":null,"emcosID":null,"emcosMLID":null,"codMaketTEP":null,"codTEP":null,"WSName":"DB","rangeAddress":"$EV$439:$EV$476","headAddress":"$EV$439","bodyAddress":"$EV$440:$EV$476","_name":"основное"},"корректировка факт":{"_level":2,"parentID":"68d0b86c-6a63-4054-a9da-befdfd2c9ad5","firstParentID":"064a761e-ca2b-40ff-b6fe-31856dcfe6ad","ID":"ed43505e-202b-44e8-a814-82546363ade2","childs":null,"emcosID":null,"emcosMLID":null,"codMaketTEP":null,"codTEP":null,"WSName":"DB","rangeAddress":"$EW$439:$EW$476","headAddress":"$EW$439","bodyAddress":"$EW$440:$EW$476","_name":"корректировка факт"},"ручное":{"_level":2,"parentID":"68d0b86c-6a63-4054-a9da-befdfd2c9ad5","firstParentID":"064a761e-ca2b-40ff-b6fe-31856dcfe6ad","ID":"e2860b53-6ab5-4bf6-a009-52c6850eeec3","childs":null,"emcosID":null,"emcosMLID":null,"codMaketTEP":null,"codTEP":null,"WSName":"DB","rangeAddress":"$EX$439:$EX$476","headAddress":"$EX$439","bodyAddress":"$EX$440:$EX$476","_name":"ручное"},"по плану":{"_level":2,"parentID":"68d0b86c-6a63-4054-a9da-befdfd2c9ad5","firstParentID":"064a761e-ca2b-40ff-b6fe-31856dcfe6ad","ID":"46d4d3ef-aaa2-4f0a-baeb-105639e96a78","childs":null,"emcosID":null,"emcosMLID":null,"codMaketTEP":null,"codTEP":null,"WSName":"DB","rangeAddress":"$EY$439:$EY$476","headAddress":"$EY$439","bodyAddress":"$EY$440:$EY$476","_name":"по плану"}},"emcosID":null,"emcosMLID":null,"codMaketTEP":null,"codTEP":null,"WSName":"DB","rangeAddress":"$EU$438:$EY$476","headAddress":"$EU$438:$EY$438","bodyAddress":"$EU$439:$EY$476","_name":"прием"},"план":{"_level":1,"parentID":"f0eebdc1-b5e3-452b-87d4-821725615543","firstParentID":"064a761e-ca2b-40ff-b6fe-31856dcfe6ad","ID":"4735bbfe-7c96-4eb3-a893-e34bea1f37f3","childs":{"код":{"_level":2,"parentID":"4735bbfe-7c96-4eb3-a893-e34bea1f37f3","firstParentID":"064a761e-ca2b-40ff-b6fe-31856dcfe6ad","ID":"2445196d-8f8b-49b2-97b3-64da02113094","childs":null,"emcosID":null,"emcosMLID":null,"codMaketTEP":null,"codTEP":null,"WSName":"DB","rangeAddress":"$EZ$439:$EZ$476","headAddress":"$EZ$439","bodyAddress":"$EZ$440:$EZ$476","_name":"код"},"основное":{"_level":2,"parentID":"4735bbfe-7c96-4eb3-a893-e34bea1f37f3","firstParentID":"064a761e-ca2b-40ff-b6fe-31856dcfe6ad","ID":"fde5757e-2e54-41e1-88cf-ef42d50d62b3","childs":null,"emcosID":null,"emcosMLID":null,"codMaketTEP":null,"codTEP":null,"WSName":"DB","rangeAddress":"$FA$439:$FA$476","headAddress":"$FA$439","bodyAddress":"$FA$440:$FA$476","_name":"основное"},"заявка":{"_level":2,"parentID":"4735bbfe-7c96-4eb3-a893-e34bea1f37f3","firstParentID":"064a761e-ca2b-40ff-b6fe-31856dcfe6ad","ID":"3600d634-b4cf-4a99-a489-7d16ef62f4f5","childs":null,"emcosID":null,"emcosMLID":null,"codMaketTEP":null,"codTEP":null,"WSName":"DB","rangeAddress":"$FB$439:$FB$476","headAddress":"$FB$439","bodyAddress":"$FB$440:$FB$476","_name":"заявка"},"утвержденный":{"_level":2,"parentID":"4735bbfe-7c96-4eb3-a893-e34bea1f37f3","firstParentID":"064a761e-ca2b-40ff-b6fe-31856dcfe6ad","ID":"6e33515f-c957-49bf-a6dd-4a60f65d1c88","childs":null,"emcosID":null,"emcosMLID":null,"codMaketTEP":null,"codTEP":null,"WSName":"DB","rangeAddress":"$FC$439:$FC$476","headAddress":"$FC$439","bodyAddress":"$FC$440:$FC$476","_name":"утвержденный"},"корректировка":{"_level":2,"parentID":"4735bbfe-7c96-4eb3-a893-e34bea1f37f3","firstParentID":"064a761e-ca2b-40ff-b6fe-31856dcfe6ad","ID":"f97bae54-87f4-41b9-ac63-9967a7ab80d6","childs":null,"emcosID":null,"emcosMLID":null,"codMaketTEP":null,"codTEP":null,"WSName":"DB","rangeAddress":"$FD$439:$FD$476","headAddress":"$FD$439","bodyAddress":"$FD$440:$FD$476","_name":"корректировка"}},"emcosID":null,"emcosMLID":null,"codMaketTEP":null,"codTEP":null,"WSName":"DB","rangeAddress":"$EZ$438:$FD$476","headAddress":"$EZ$438:$FD$438","bodyAddress":"$EZ$439:$FD$476","_name":"план"}},"emcosID":null,"emcosMLID":null,"codMaketTEP":null,"codTEP":null,"WSName":"DB","rangeAddress":"$EU$437:$FD$476","headAddress":"$EU$437:$FD$437","bodyAddress":"$EU$438:$FD$476","_name":"Потребление Энергопромтехно"}},"codPlan":103,"meterCoef":null,"_name":"Потребление Энергопромтехно"}