{"ID":"080df6da-1dce-489f-a647-e305676e10d0","childs":{"PS":{"_level":0,"parentID":"080df6da-1dce-489f-a647-e305676e10d0","firstParentID":"080df6da-1dce-489f-a647-e305676e10d0","ID":"51d8457c-845e-4c70-a8ea-8749d00604fb","childs":{"прием":{"_level":1,"parentID":"51d8457c-845e-4c70-a8ea-8749d00604fb","firstParentID":"080df6da-1dce-489f-a647-e305676e10d0","ID":"cf65b3fc-9d69-4ff7-bc76-1bd2343a725c","childs":{"оперативное":{"_level":2,"parentID":"cf65b3fc-9d69-4ff7-bc76-1bd2343a725c","firstParentID":"080df6da-1dce-489f-a647-e305676e10d0","ID":"a1f32c6e-2a47-405c-9d0c-807107569637","childs":null,"emcosID":null,"emcosMLID":null,"codMaketTEP":null,"codTEP":null,"WSName":"PS","rangeAddress":"$AZ$185:$AZ$221","headAddress":"$AZ$185","bodyAddress":"$AZ$186:$AZ$221","_name":"оперативное"}},"emcosID":null,"emcosMLID":null,"codMaketTEP":1322,"codTEP":null,"WSName":"PS","rangeAddress":"$AZ$184:$AZ$221","headAddress":"$AZ$184","bodyAddress":"$AZ$185:$AZ$221","_name":"прием"}},"emcosID":null,"emcosMLID":null,"codMaketTEP":null,"codTEP":null,"WSName":"PS","rangeAddress":"$AZ$183:$AZ$221","headAddress":"$AZ$183","bodyAddress":"$AZ$184:$AZ$221","_name":"с.н. АТЭЦ1 АлЭС"},"DB":{"_level":0,"parentID":"080df6da-1dce-489f-a647-e305676e10d0","firstParentID":"080df6da-1dce-489f-a647-e305676e10d0","ID":"5b16ac2d-f565-406f-bf72-af903174c495","childs":{"прием":{"_level":1,"parentID":"5b16ac2d-f565-406f-bf72-af903174c495","firstParentID":"080df6da-1dce-489f-a647-e305676e10d0","ID":"97d70923-f1f0-4876-a79c-19a44f7733d6","childs":{"код":{"_level":2,"parentID":"97d70923-f1f0-4876-a79c-19a44f7733d6","firstParentID":"080df6da-1dce-489f-a647-e305676e10d0","ID":"0d1ad4e1-a175-4807-b0a6-fbc4280cfe6a","childs":null,"emcosID":null,"emcosMLID":null,"codMaketTEP":null,"codTEP":null,"WSName":"DB","rangeAddress":"$DW$482:$DW$519","headAddress":"$DW$482","bodyAddress":"$DW$483:$DW$519","_name":"код"},"основное":{"_level":2,"parentID":"97d70923-f1f0-4876-a79c-19a44f7733d6","firstParentID":"080df6da-1dce-489f-a647-e305676e10d0","ID":"6a40a894-9d5d-42b6-a637-fb59eac7f80e","childs":null,"emcosID":null,"emcosMLID":null,"codMaketTEP":null,"codTEP":null,"WSName":"DB","rangeAddress":"$DX$482:$DX$519","headAddress":"$DX$482","bodyAddress":"$DX$483:$DX$519","_name":"основное"},"корректировка факт":{"_level":2,"parentID":"97d70923-f1f0-4876-a79c-19a44f7733d6","firstParentID":"080df6da-1dce-489f-a647-e305676e10d0","ID":"09fdc42a-98a2-48bc-bb86-0971f2626b42","childs":null,"emcosID":null,"emcosMLID":null,"codMaketTEP":null,"codTEP":null,"WSName":"DB","rangeAddress":"$DY$482:$DY$519","headAddress":"$DY$482","bodyAddress":"$DY$483:$DY$519","_name":"корректировка факт"},"ручное":{"_level":2,"parentID":"97d70923-f1f0-4876-a79c-19a44f7733d6","firstParentID":"080df6da-1dce-489f-a647-e305676e10d0","ID":"55a88d25-0ff5-451d-b9ea-58952620e8bf","childs":null,"emcosID":null,"emcosMLID":null,"codMaketTEP":null,"codTEP":null,"WSName":"DB","rangeAddress":"$DZ$482:$DZ$519","headAddress":"$DZ$482","bodyAddress":"$DZ$483:$DZ$519","_name":"ручное"},"оперативное":{"_level":2,"parentID":"97d70923-f1f0-4876-a79c-19a44f7733d6","firstParentID":"080df6da-1dce-489f-a647-e305676e10d0","ID":"18b43af1-120e-4768-845d-9ad24d72d51e","childs":null,"emcosID":null,"emcosMLID":null,"codMaketTEP":null,"codTEP":null,"WSName":"DB","rangeAddress":"$EA$482:$EA$519","headAddress":"$EA$482","bodyAddress":"$EA$483:$EA$519","_name":"оперативное"}},"emcosID":null,"emcosMLID":null,"codMaketTEP":null,"codTEP":null,"WSName":"DB","rangeAddress":"$DW$481:$EA$519","headAddress":"$DW$481:$EA$481","bodyAddress":"$DW$482:$EA$519","_name":"прием"}},"emcosID":null,"emcosMLID":null,"codMaketTEP":null,"codTEP":null,"WSName":"DB","rangeAddress":"$DW$480:$EA$519","headAddress":"$DW$480:$EA$480","bodyAddress":"$DW$481:$EA$519","_name":"с.н. АТЭЦ1 АлЭС"}},"codPlan":null,"meterCoef":null,"_name":"с.н. АТЭЦ1 АлЭС"}