{"ID":"0a5640e6-7af6-478c-989f-0dbc2cab8d14","childs":{"PS":{"_level":0,"parentID":"0a5640e6-7af6-478c-989f-0dbc2cab8d14","firstParentID":"0a5640e6-7af6-478c-989f-0dbc2cab8d14","ID":"18593477-12d3-4cd2-8894-e781bcb21a37","childs":{"отдача":{"_level":1,"parentID":"18593477-12d3-4cd2-8894-e781bcb21a37","firstParentID":"0a5640e6-7af6-478c-989f-0dbc2cab8d14","ID":"66c1a92f-2ded-4e58-beed-eecf4097b5cf","childs":{"ручное":{"_level":2,"parentID":"66c1a92f-2ded-4e58-beed-eecf4097b5cf","firstParentID":"0a5640e6-7af6-478c-989f-0dbc2cab8d14","ID":"f9a49278-5a15-45e5-90d4-5df51cc9adf0","childs":null,"emcosID":null,"emcosMLID":null,"codMaketTEP":null,"codTEP":null,"WSName":"PS","rangeAddress":"$BN$228:$BN$264","headAddress":"$BN$228","bodyAddress":"$BN$229:$BN$264","_name":"ручное"}},"emcosID":null,"emcosMLID":null,"codMaketTEP":null,"codTEP":null,"WSName":"PS","rangeAddress":"$BN$227:$BN$264","headAddress":"$BN$227","bodyAddress":"$BN$228:$BN$264","_name":"отдача"}},"emcosID":null,"emcosMLID":null,"codMaketTEP":null,"codTEP":null,"WSName":"PS","rangeAddress":"$BN$226:$BN$264","headAddress":"$BN$226","bodyAddress":"$BN$227:$BN$264","_name":"Генерация ГЭС Лепсы-2"},"DB":{"_level":0,"parentID":"0a5640e6-7af6-478c-989f-0dbc2cab8d14","firstParentID":"0a5640e6-7af6-478c-989f-0dbc2cab8d14","ID":"d928dd01-52e2-4b76-86ac-1354c5da1e56","childs":{"отдача":{"_level":1,"parentID":"d928dd01-52e2-4b76-86ac-1354c5da1e56","firstParentID":"0a5640e6-7af6-478c-989f-0dbc2cab8d14","ID":"b1c8299f-bd60-47f1-9db0-1ed55f709d92","childs":{"код":{"_level":2,"parentID":"b1c8299f-bd60-47f1-9db0-1ed55f709d92","firstParentID":"0a5640e6-7af6-478c-989f-0dbc2cab8d14","ID":"738ca4af-e01c-4352-940c-b43c33fbbeba","childs":null,"emcosID":null,"emcosMLID":null,"codMaketTEP":null,"codTEP":null,"WSName":"DB","rangeAddress":"$EL$482:$EL$519","headAddress":"$EL$482","bodyAddress":"$EL$483:$EL$519","_name":"код"},"основное":{"_level":2,"parentID":"b1c8299f-bd60-47f1-9db0-1ed55f709d92","firstParentID":"0a5640e6-7af6-478c-989f-0dbc2cab8d14","ID":"debadcf2-dd25-47eb-822f-9717f67c84bc","childs":null,"emcosID":null,"emcosMLID":null,"codMaketTEP":null,"codTEP":null,"WSName":"DB","rangeAddress":"$EM$482:$EM$519","headAddress":"$EM$482","bodyAddress":"$EM$483:$EM$519","_name":"основное"},"корректировка факт":{"_level":2,"parentID":"b1c8299f-bd60-47f1-9db0-1ed55f709d92","firstParentID":"0a5640e6-7af6-478c-989f-0dbc2cab8d14","ID":"2ff126da-c7fd-465e-b0ea-ef915e59c93b","childs":null,"emcosID":null,"emcosMLID":null,"codMaketTEP":null,"codTEP":null,"WSName":"DB","rangeAddress":"$EN$482:$EN$519","headAddress":"$EN$482","bodyAddress":"$EN$483:$EN$519","_name":"корректировка факт"},"ручное":{"_level":2,"parentID":"b1c8299f-bd60-47f1-9db0-1ed55f709d92","firstParentID":"0a5640e6-7af6-478c-989f-0dbc2cab8d14","ID":"805d3bc9-8f1c-449b-82e4-f2ec80916f59","childs":null,"emcosID":null,"emcosMLID":null,"codMaketTEP":null,"codTEP":null,"WSName":"DB","rangeAddress":"$EO$482:$EO$519","headAddress":"$EO$482","bodyAddress":"$EO$483:$EO$519","_name":"ручное"}},"emcosID":null,"emcosMLID":null,"codMaketTEP":null,"codTEP":null,"WSName":"DB","rangeAddress":"$EL$481:$EO$519","headAddress":"$EL$481:$EO$481","bodyAddress":"$EL$482:$EO$519","_name":"отдача"}},"emcosID":null,"emcosMLID":null,"codMaketTEP":null,"codTEP":null,"WSName":"DB","rangeAddress":"$EL$480:$EO$519","headAddress":"$EL$480:$EO$480","bodyAddress":"$EL$481:$EO$519","_name":"Генерация ГЭС Лепсы-2"}},"codPlan":null,"meterCoef":null,"_name":"Генерация ГЭС Лепсы-2"}