{"ID":"135b06cd-fbd8-4bd4-92a2-5f1f6134dafa","childs":{"PS":{"_level":0,"parentID":"135b06cd-fbd8-4bd4-92a2-5f1f6134dafa","firstParentID":"135b06cd-fbd8-4bd4-92a2-5f1f6134dafa","ID":"82ac130f-4b1f-4329-a5ee-0eaa5a3a33a5","childs":{"отдача":{"_level":1,"parentID":"82ac130f-4b1f-4329-a5ee-0eaa5a3a33a5","firstParentID":"135b06cd-fbd8-4bd4-92a2-5f1f6134dafa","ID":"874a11bc-b144-48d4-8f91-eba27700998a","childs":{"ручное":{"_level":2,"parentID":"874a11bc-b144-48d4-8f91-eba27700998a","firstParentID":"135b06cd-fbd8-4bd4-92a2-5f1f6134dafa","ID":"9884044f-1375-4fa2-a270-aea10879086d","childs":null,"emcosID":null,"emcosMLID":null,"codMaketTEP":null,"codTEP":null,"WSName":"PS","rangeAddress":"$BG$228:$BG$264","headAddress":"$BG$228","bodyAddress":"$BG$229:$BG$264","_name":"ручное"}},"emcosID":null,"emcosMLID":null,"codMaketTEP":null,"codTEP":null,"WSName":"PS","rangeAddress":"$BG$227:$BG$264","headAddress":"$BG$227","bodyAddress":"$BG$228:$BG$264","_name":"отдача"}},"emcosID":null,"emcosMLID":null,"codMaketTEP":null,"codTEP":null,"WSName":"PS","rangeAddress":"$BG$226:$BG$264","headAddress":"$BG$226","bodyAddress":"$BG$227:$BG$264","_name":"Генерация Baskan Power Верхне Басканская ГЭС"},"DB":{"_level":0,"parentID":"135b06cd-fbd8-4bd4-92a2-5f1f6134dafa","firstParentID":"135b06cd-fbd8-4bd4-92a2-5f1f6134dafa","ID":"86f5c380-7ae7-40c9-b883-9f0707b5eea4","childs":{"отдача":{"_level":1,"parentID":"86f5c380-7ae7-40c9-b883-9f0707b5eea4","firstParentID":"135b06cd-fbd8-4bd4-92a2-5f1f6134dafa","ID":"daf44e33-9334-4118-b0f4-8635d6c25824","childs":{"код":{"_level":2,"parentID":"daf44e33-9334-4118-b0f4-8635d6c25824","firstParentID":"135b06cd-fbd8-4bd4-92a2-5f1f6134dafa","ID":"446bf462-2ed9-499d-876d-3cb5689e3b9a","childs":null,"emcosID":null,"emcosMLID":null,"codMaketTEP":null,"codTEP":null,"WSName":"DB","rangeAddress":"$FC$482:$FC$519","headAddress":"$FC$482","bodyAddress":"$FC$483:$FC$519","_name":"код"},"основное":{"_level":2,"parentID":"daf44e33-9334-4118-b0f4-8635d6c25824","firstParentID":"135b06cd-fbd8-4bd4-92a2-5f1f6134dafa","ID":"0f20058d-828b-4339-8952-a4d7f78e4174","childs":null,"emcosID":null,"emcosMLID":null,"codMaketTEP":null,"codTEP":null,"WSName":"DB","rangeAddress":"$FD$482:$FD$519","headAddress":"$FD$482","bodyAddress":"$FD$483:$FD$519","_name":"основное"},"корректировка факт":{"_level":2,"parentID":"daf44e33-9334-4118-b0f4-8635d6c25824","firstParentID":"135b06cd-fbd8-4bd4-92a2-5f1f6134dafa","ID":"24015cb2-694d-4239-a837-12d64f391cc7","childs":null,"emcosID":null,"emcosMLID":null,"codMaketTEP":null,"codTEP":null,"WSName":"DB","rangeAddress":"$FE$482:$FE$519","headAddress":"$FE$482","bodyAddress":"$FE$483:$FE$519","_name":"корректировка факт"},"ручное":{"_level":2,"parentID":"daf44e33-9334-4118-b0f4-8635d6c25824","firstParentID":"135b06cd-fbd8-4bd4-92a2-5f1f6134dafa","ID":"6765da2e-8480-4261-9669-3dacf1724534","childs":null,"emcosID":null,"emcosMLID":null,"codMaketTEP":null,"codTEP":null,"WSName":"DB","rangeAddress":"$FF$482:$FF$519","headAddress":"$FF$482","bodyAddress":"$FF$483:$FF$519","_name":"ручное"}},"emcosID":null,"emcosMLID":null,"codMaketTEP":null,"codTEP":null,"WSName":"DB","rangeAddress":"$FC$481:$FF$519","headAddress":"$FC$481:$FF$481","bodyAddress":"$FC$482:$FF$519","_name":"отдача"}},"emcosID":null,"emcosMLID":null,"codMaketTEP":null,"codTEP":null,"WSName":"DB","rangeAddress":"$FC$480:$FF$519","headAddress":"$FC$480:$FF$480","bodyAddress":"$FC$481:$FF$519","_name":"Генерация Baskan Power Верхне Басканская ГЭС"}},"codPlan":null,"meterCoef":null,"_name":"Генерация Baskan Power Верхне Басканская ГЭС"}