{"ID":"1a6faf11-aa23-40a7-ba63-fd07dd34526a","childs":{"PS":{"_level":0,"parentID":"1a6faf11-aa23-40a7-ba63-fd07dd34526a","firstParentID":"1a6faf11-aa23-40a7-ba63-fd07dd34526a","ID":"c2a1a33d-90da-49f3-bbee-856d9daa7220","childs":{"прием":{"_level":1,"parentID":"c2a1a33d-90da-49f3-bbee-856d9daa7220","firstParentID":"1a6faf11-aa23-40a7-ba63-fd07dd34526a","ID":"61550376-82f5-4fdb-9840-77796fc0b63a","childs":{"по плану":{"_level":2,"parentID":"61550376-82f5-4fdb-9840-77796fc0b63a","firstParentID":"1a6faf11-aa23-40a7-ba63-fd07dd34526a","ID":"faeffa9e-d0cc-4220-ad15-c0a8617552d0","childs":null,"emcosID":null,"emcosMLID":null,"codMaketTEP":null,"codTEP":null,"WSName":"PS","rangeAddress":"$AI$185:$AI$221","headAddress":"$AI$185","bodyAddress":"$AI$186:$AI$221","_name":"по плану"}},"emcosID":null,"emcosMLID":null,"codMaketTEP":null,"codTEP":null,"WSName":"PS","rangeAddress":"$AI$184:$AI$221","headAddress":"$AI$184","bodyAddress":"$AI$185:$AI$221","_name":"прием"},"план":{"_level":1,"parentID":"c2a1a33d-90da-49f3-bbee-856d9daa7220","firstParentID":"1a6faf11-aa23-40a7-ba63-fd07dd34526a","ID":"4e07f6a5-dd3b-4484-a933-3ee73d52c816","childs":{"заявка":{"_level":2,"parentID":"4e07f6a5-dd3b-4484-a933-3ee73d52c816","firstParentID":"1a6faf11-aa23-40a7-ba63-fd07dd34526a","ID":"b5f6c56b-8d3f-43a1-a71f-479ae665c0cc","childs":null,"emcosID":null,"emcosMLID":null,"codMaketTEP":null,"codTEP":null,"WSName":"PS","rangeAddress":"$AJ$185:$AJ$221","headAddress":"$AJ$185","bodyAddress":"$AJ$186:$AJ$221","_name":"заявка"}},"emcosID":null,"emcosMLID":null,"codMaketTEP":null,"codTEP":null,"WSName":"PS","rangeAddress":"$AJ$184:$AJ$221","headAddress":"$AJ$184","bodyAddress":"$AJ$185:$AJ$221","_name":"план"}},"emcosID":null,"emcosMLID":null,"codMaketTEP":null,"codTEP":null,"WSName":"PS","rangeAddress":"$AI$183:$AJ$221","headAddress":"$AI$183:$AJ$183","bodyAddress":"$AI$184:$AJ$221","_name":"Потребление Энергокомпания Qaz Energy Алматы"},"DB":{"_level":0,"parentID":"1a6faf11-aa23-40a7-ba63-fd07dd34526a","firstParentID":"1a6faf11-aa23-40a7-ba63-fd07dd34526a","ID":"9facc03f-e5fc-483e-992a-bd8924aa9538","childs":{"прием":{"_level":1,"parentID":"9facc03f-e5fc-483e-992a-bd8924aa9538","firstParentID":"1a6faf11-aa23-40a7-ba63-fd07dd34526a","ID":"29ffc32e-0425-4a52-b08c-82dad5ac9e9b","childs":{"код":{"_level":2,"parentID":"29ffc32e-0425-4a52-b08c-82dad5ac9e9b","firstParentID":"1a6faf11-aa23-40a7-ba63-fd07dd34526a","ID":"33cd6638-a213-4b0f-a9ab-5f17df940937","childs":null,"emcosID":null,"emcosMLID":null,"codMaketTEP":null,"codTEP":null,"WSName":"DB","rangeAddress":"$DQ$439:$DQ$476","headAddress":"$DQ$439","bodyAddress":"$DQ$440:$DQ$476","_name":"код"},"основное":{"_level":2,"parentID":"29ffc32e-0425-4a52-b08c-82dad5ac9e9b","firstParentID":"1a6faf11-aa23-40a7-ba63-fd07dd34526a","ID":"82462194-4c7a-4dcb-a7b3-cf1dcb7ea84f","childs":null,"emcosID":null,"emcosMLID":null,"codMaketTEP":null,"codTEP":null,"WSName":"DB","rangeAddress":"$DR$439:$DR$476","headAddress":"$DR$439","bodyAddress":"$DR$440:$DR$476","_name":"основное"},"корректировка факт":{"_level":2,"parentID":"29ffc32e-0425-4a52-b08c-82dad5ac9e9b","firstParentID":"1a6faf11-aa23-40a7-ba63-fd07dd34526a","ID":"6df345d8-a4f3-494f-b235-b50fb22ddb4b","childs":null,"emcosID":null,"emcosMLID":null,"codMaketTEP":null,"codTEP":null,"WSName":"DB","rangeAddress":"$DS$439:$DS$476","headAddress":"$DS$439","bodyAddress":"$DS$440:$DS$476","_name":"корректировка факт"},"ручное":{"_level":2,"parentID":"29ffc32e-0425-4a52-b08c-82dad5ac9e9b","firstParentID":"1a6faf11-aa23-40a7-ba63-fd07dd34526a","ID":"69f5bddf-f2a0-42cf-b113-8834d6eb7a5f","childs":null,"emcosID":null,"emcosMLID":null,"codMaketTEP":null,"codTEP":null,"WSName":"DB","rangeAddress":"$DT$439:$DT$476","headAddress":"$DT$439","bodyAddress":"$DT$440:$DT$476","_name":"ручное"},"по плану":{"_level":2,"parentID":"29ffc32e-0425-4a52-b08c-82dad5ac9e9b","firstParentID":"1a6faf11-aa23-40a7-ba63-fd07dd34526a","ID":"7af4610d-b4ed-48a4-aab7-28a355508eb2","childs":null,"emcosID":null,"emcosMLID":null,"codMaketTEP":null,"codTEP":null,"WSName":"DB","rangeAddress":"$DU$439:$DU$476","headAddress":"$DU$439","bodyAddress":"$DU$440:$DU$476","_name":"по плану"}},"emcosID":null,"emcosMLID":null,"codMaketTEP":null,"codTEP":null,"WSName":"DB","rangeAddress":"$DQ$438:$DU$476","headAddress":"$DQ$438:$DU$438","bodyAddress":"$DQ$439:$DU$476","_name":"прием"},"план":{"_level":1,"parentID":"9facc03f-e5fc-483e-992a-bd8924aa9538","firstParentID":"1a6faf11-aa23-40a7-ba63-fd07dd34526a","ID":"9f39fb57-a80b-4346-b4b4-5d955dd3ae61","childs":{"код":{"_level":2,"parentID":"9f39fb57-a80b-4346-b4b4-5d955dd3ae61","firstParentID":"1a6faf11-aa23-40a7-ba63-fd07dd34526a","ID":"f76190b8-cca5-410d-8ee3-e2c5eeefd3c2","childs":null,"emcosID":null,"emcosMLID":null,"codMaketTEP":null,"codTEP":null,"WSName":"DB","rangeAddress":"$DV$439:$DV$476","headAddress":"$DV$439","bodyAddress":"$DV$440:$DV$476","_name":"код"},"основное":{"_level":2,"parentID":"9f39fb57-a80b-4346-b4b4-5d955dd3ae61","firstParentID":"1a6faf11-aa23-40a7-ba63-fd07dd34526a","ID":"9394efa5-ec56-46cf-88f4-869f9a920a0e","childs":null,"emcosID":null,"emcosMLID":null,"codMaketTEP":null,"codTEP":null,"WSName":"DB","rangeAddress":"$DW$439:$DW$476","headAddress":"$DW$439","bodyAddress":"$DW$440:$DW$476","_name":"основное"},"заявка":{"_level":2,"parentID":"9f39fb57-a80b-4346-b4b4-5d955dd3ae61","firstParentID":"1a6faf11-aa23-40a7-ba63-fd07dd34526a","ID":"cd307e29-3855-4e4c-a7e8-0e98cf800d2f","childs":null,"emcosID":null,"emcosMLID":null,"codMaketTEP":null,"codTEP":null,"WSName":"DB","rangeAddress":"$DX$439:$DX$476","headAddress":"$DX$439","bodyAddress":"$DX$440:$DX$476","_name":"заявка"},"утвержденный":{"_level":2,"parentID":"9f39fb57-a80b-4346-b4b4-5d955dd3ae61","firstParentID":"1a6faf11-aa23-40a7-ba63-fd07dd34526a","ID":"218a065c-7c14-4e99-8612-dd85094d323e","childs":null,"emcosID":null,"emcosMLID":null,"codMaketTEP":null,"codTEP":null,"WSName":"DB","rangeAddress":"$DY$439:$DY$476","headAddress":"$DY$439","bodyAddress":"$DY$440:$DY$476","_name":"утвержденный"},"корректировка":{"_level":2,"parentID":"9f39fb57-a80b-4346-b4b4-5d955dd3ae61","firstParentID":"1a6faf11-aa23-40a7-ba63-fd07dd34526a","ID":"19fd810c-8e93-4482-8af4-1e8f0f221463","childs":null,"emcosID":null,"emcosMLID":null,"codMaketTEP":null,"codTEP":null,"WSName":"DB","rangeAddress":"$DZ$439:$DZ$476","headAddress":"$DZ$439","bodyAddress":"$DZ$440:$DZ$476","_name":"корректировка"}},"emcosID":null,"emcosMLID":null,"codMaketTEP":null,"codTEP":null,"WSName":"DB","rangeAddress":"$DV$438:$DZ$476","headAddress":"$DV$438:$DZ$438","bodyAddress":"$DV$439:$DZ$476","_name":"план"}},"emcosID":null,"emcosMLID":null,"codMaketTEP":null,"codTEP":null,"WSName":"DB","rangeAddress":"$DQ$437:$DZ$476","headAddress":"$DQ$437:$DZ$437","bodyAddress":"$DQ$438:$DZ$476","_name":"Потребление Энергокомпания Qaz Energy Алматы"}},"codPlan":101,"meterCoef":null,"_name":"Потребление Энергокомпания Qaz Energy Алматы"}