{"ID":"24088964-e47c-41b8-b293-fb684b7f691b","childs":{"PS":{"_level":0,"parentID":"24088964-e47c-41b8-b293-fb684b7f691b","firstParentID":"24088964-e47c-41b8-b293-fb684b7f691b","ID":"8ccd3357-561f-4f65-b00f-fc57953e7177","childs":{"прием":{"_level":1,"parentID":"8ccd3357-561f-4f65-b00f-fc57953e7177","firstParentID":"24088964-e47c-41b8-b293-fb684b7f691b","ID":"d3806bcc-4b84-4a1c-9137-10ecee70a886","childs":{"формула":{"_level":2,"parentID":"d3806bcc-4b84-4a1c-9137-10ecee70a886","firstParentID":"24088964-e47c-41b8-b293-fb684b7f691b","ID":"5b987580-cc12-45d4-a96a-c94cb987a14e","childs":null,"emcosID":null,"emcosMLID":null,"codMaketTEP":null,"codTEP":null,"WSName":"PS","rangeAddress":"$H$185:$H$221","headAddress":"$H$185","bodyAddress":"$H$186:$H$221","_name":"формула"}},"emcosID":null,"emcosMLID":null,"codMaketTEP":1398,"codTEP":null,"WSName":"PS","rangeAddress":"$H$184:$H$221","headAddress":"$H$184","bodyAddress":"$H$185:$H$221","_name":"прием"},"план":{"_level":1,"parentID":"8ccd3357-561f-4f65-b00f-fc57953e7177","firstParentID":"24088964-e47c-41b8-b293-fb684b7f691b","ID":"8a0d91a2-9924-4736-9dc0-5e464e03ebd7","childs":{"заявка":{"_level":2,"parentID":"8a0d91a2-9924-4736-9dc0-5e464e03ebd7","firstParentID":"24088964-e47c-41b8-b293-fb684b7f691b","ID":"62b411d2-e977-4bc8-b2b7-7c4d831437a0","childs":null,"emcosID":null,"emcosMLID":null,"codMaketTEP":null,"codTEP":null,"WSName":"PS","rangeAddress":"$I$185:$I$221","headAddress":"$I$185","bodyAddress":"$I$186:$I$221","_name":"заявка"}},"emcosID":null,"emcosMLID":null,"codMaketTEP":null,"codTEP":null,"WSName":"PS","rangeAddress":"$I$184:$I$221","headAddress":"$I$184","bodyAddress":"$I$185:$I$221","_name":"план"}},"emcosID":null,"emcosMLID":null,"codMaketTEP":null,"codTEP":null,"WSName":"PS","rangeAddress":"$H$183:$I$221","headAddress":"$H$183:$I$183","bodyAddress":"$H$184:$I$221","_name":"Потребление Каз Ферро Сталь"},"DB":{"_level":0,"parentID":"24088964-e47c-41b8-b293-fb684b7f691b","firstParentID":"24088964-e47c-41b8-b293-fb684b7f691b","ID":"d30a49fe-088d-4b10-b673-603ddcf1aff7","childs":{"прием":{"_level":1,"parentID":"d30a49fe-088d-4b10-b673-603ddcf1aff7","firstParentID":"24088964-e47c-41b8-b293-fb684b7f691b","ID":"18368fd5-fccd-41c2-84d6-1bf68ae1be7a","childs":{"код":{"_level":2,"parentID":"18368fd5-fccd-41c2-84d6-1bf68ae1be7a","firstParentID":"24088964-e47c-41b8-b293-fb684b7f691b","ID":"f0a70d74-9b9e-4a3b-b594-f469d61b5885","childs":null,"emcosID":null,"emcosMLID":null,"codMaketTEP":null,"codTEP":null,"WSName":"DB","rangeAddress":"$GT$353:$GT$390","headAddress":"$GT$353","bodyAddress":"$GT$354:$GT$390","_name":"код"},"основное":{"_level":2,"parentID":"18368fd5-fccd-41c2-84d6-1bf68ae1be7a","firstParentID":"24088964-e47c-41b8-b293-fb684b7f691b","ID":"0ef8ac0b-f413-475f-b1ef-305a4359b653","childs":null,"emcosID":null,"emcosMLID":null,"codMaketTEP":null,"codTEP":null,"WSName":"DB","rangeAddress":"$GU$353:$GU$390","headAddress":"$GU$353","bodyAddress":"$GU$354:$GU$390","_name":"основное"},"корректировка факт":{"_level":2,"parentID":"18368fd5-fccd-41c2-84d6-1bf68ae1be7a","firstParentID":"24088964-e47c-41b8-b293-fb684b7f691b","ID":"287f1519-7520-4e12-8455-d8996fa95fdf","childs":null,"emcosID":null,"emcosMLID":null,"codMaketTEP":null,"codTEP":null,"WSName":"DB","rangeAddress":"$GV$353:$GV$390","headAddress":"$GV$353","bodyAddress":"$GV$354:$GV$390","_name":"корректировка факт"},"ручное":{"_level":2,"parentID":"18368fd5-fccd-41c2-84d6-1bf68ae1be7a","firstParentID":"24088964-e47c-41b8-b293-fb684b7f691b","ID":"dab85988-3113-4ce3-b9a2-9673e3b3eee1","childs":null,"emcosID":null,"emcosMLID":null,"codMaketTEP":null,"codTEP":null,"WSName":"DB","rangeAddress":"$GW$353:$GW$390","headAddress":"$GW$353","bodyAddress":"$GW$354:$GW$390","_name":"ручное"},"формула":{"_level":2,"parentID":"18368fd5-fccd-41c2-84d6-1bf68ae1be7a","firstParentID":"24088964-e47c-41b8-b293-fb684b7f691b","ID":"dccfc55b-d321-4185-836f-3081acf4d5b3","childs":null,"emcosID":null,"emcosMLID":null,"codMaketTEP":null,"codTEP":null,"WSName":"DB","rangeAddress":"$GX$353:$GX$390","headAddress":"$GX$353","bodyAddress":"$GX$354:$GX$390","_name":"формула"},"по плану":{"_level":2,"parentID":"18368fd5-fccd-41c2-84d6-1bf68ae1be7a","firstParentID":"24088964-e47c-41b8-b293-fb684b7f691b","ID":"d8e129be-5567-49cf-bbe3-4db3104bbc7f","childs":null,"emcosID":null,"emcosMLID":null,"codMaketTEP":null,"codTEP":null,"WSName":"DB","rangeAddress":"$GY$353:$GY$390","headAddress":"$GY$353","bodyAddress":"$GY$354:$GY$390","_name":"по плану"}},"emcosID":null,"emcosMLID":null,"codMaketTEP":null,"codTEP":null,"WSName":"DB","rangeAddress":"$GT$352:$GY$390","headAddress":"$GT$352:$GY$352","bodyAddress":"$GT$353:$GY$390","_name":"прием"},"план":{"_level":1,"parentID":"d30a49fe-088d-4b10-b673-603ddcf1aff7","firstParentID":"24088964-e47c-41b8-b293-fb684b7f691b","ID":"ce73bd2b-8e42-4acc-8179-605d14bcf04f","childs":{"код":{"_level":2,"parentID":"ce73bd2b-8e42-4acc-8179-605d14bcf04f","firstParentID":"24088964-e47c-41b8-b293-fb684b7f691b","ID":"da055b0c-bb3c-47e8-93f9-f9b697b1b5a9","childs":null,"emcosID":null,"emcosMLID":null,"codMaketTEP":null,"codTEP":null,"WSName":"DB","rangeAddress":"$GZ$353:$GZ$390","headAddress":"$GZ$353","bodyAddress":"$GZ$354:$GZ$390","_name":"код"},"основное":{"_level":2,"parentID":"ce73bd2b-8e42-4acc-8179-605d14bcf04f","firstParentID":"24088964-e47c-41b8-b293-fb684b7f691b","ID":"c67f3dcd-eb99-4274-af50-75226f38faf3","childs":null,"emcosID":null,"emcosMLID":null,"codMaketTEP":null,"codTEP":null,"WSName":"DB","rangeAddress":"$HA$353:$HA$390","headAddress":"$HA$353","bodyAddress":"$HA$354:$HA$390","_name":"основное"},"заявка":{"_level":2,"parentID":"ce73bd2b-8e42-4acc-8179-605d14bcf04f","firstParentID":"24088964-e47c-41b8-b293-fb684b7f691b","ID":"1656abb0-fe62-4c27-aa0c-4c3588b1822e","childs":null,"emcosID":null,"emcosMLID":null,"codMaketTEP":null,"codTEP":null,"WSName":"DB","rangeAddress":"$HB$353:$HB$390","headAddress":"$HB$353","bodyAddress":"$HB$354:$HB$390","_name":"заявка"},"утвержденный":{"_level":2,"parentID":"ce73bd2b-8e42-4acc-8179-605d14bcf04f","firstParentID":"24088964-e47c-41b8-b293-fb684b7f691b","ID":"662d4779-72e2-4d95-b19d-5c63164cc5e9","childs":null,"emcosID":null,"emcosMLID":null,"codMaketTEP":null,"codTEP":null,"WSName":"DB","rangeAddress":"$HC$353:$HC$390","headAddress":"$HC$353","bodyAddress":"$HC$354:$HC$390","_name":"утвержденный"},"корректировка":{"_level":2,"parentID":"ce73bd2b-8e42-4acc-8179-605d14bcf04f","firstParentID":"24088964-e47c-41b8-b293-fb684b7f691b","ID":"83ba9f20-de2c-47ce-9170-4dc30c0681e3","childs":null,"emcosID":null,"emcosMLID":null,"codMaketTEP":null,"codTEP":null,"WSName":"DB","rangeAddress":"$HD$353:$HD$390","headAddress":"$HD$353","bodyAddress":"$HD$354:$HD$390","_name":"корректировка"}},"emcosID":null,"emcosMLID":null,"codMaketTEP":null,"codTEP":null,"WSName":"DB","rangeAddress":"$GZ$352:$HD$390","headAddress":"$GZ$352:$HD$352","bodyAddress":"$GZ$353:$HD$390","_name":"план"}},"emcosID":null,"emcosMLID":null,"codMaketTEP":null,"codTEP":null,"WSName":"DB","rangeAddress":"$GT$351:$HD$390","headAddress":"$GT$351:$HD$351","bodyAddress":"$GT$352:$HD$390","_name":"Потребление Каз Ферро Сталь"}},"codPlan":110,"meterCoef":null,"_name":"Потребление Каз Ферро Сталь"}