{"ID":"248c65cf-3627-4075-8af7-139e2acf5e24","childs":{"PS":{"_level":0,"parentID":"248c65cf-3627-4075-8af7-139e2acf5e24","firstParentID":"248c65cf-3627-4075-8af7-139e2acf5e24","ID":"c16e8691-398f-47a6-8d3e-5bccab4ac64a","childs":{"отдача":{"_level":1,"parentID":"c16e8691-398f-47a6-8d3e-5bccab4ac64a","firstParentID":"248c65cf-3627-4075-8af7-139e2acf5e24","ID":"93a5a1a4-0adc-4c8a-bbb1-d13bb7dc79f6","childs":{"по счетчику":{"_level":2,"parentID":"93a5a1a4-0adc-4c8a-bbb1-d13bb7dc79f6","firstParentID":"248c65cf-3627-4075-8af7-139e2acf5e24","ID":"c6c633aa-4c2a-41d9-8689-316ead1d5b08","childs":null,"emcosID":null,"emcosMLID":null,"codMaketTEP":null,"codTEP":null,"WSName":"PS","rangeAddress":"$BT$99:$BT$135","headAddress":"$BT$99","bodyAddress":"$BT$100:$BT$135","_name":"по счетчику"},"СЧЕТЧИК":{"_level":2,"parentID":"93a5a1a4-0adc-4c8a-bbb1-d13bb7dc79f6","firstParentID":"248c65cf-3627-4075-8af7-139e2acf5e24","ID":"9035f26e-287d-4f84-b434-bd34a298506c","childs":null,"emcosID":null,"emcosMLID":null,"codMaketTEP":null,"codTEP":null,"WSName":"PS","rangeAddress":"$BU$99:$BU$135","headAddress":"$BU$99","bodyAddress":"$BU$100:$BU$135","_name":"СЧЕТЧИК"}},"emcosID":null,"emcosMLID":null,"codMaketTEP":null,"codTEP":null,"WSName":"PS","rangeAddress":"$BT$98:$BU$135","headAddress":"$BT$98:$BU$98","bodyAddress":"$BT$99:$BU$135","_name":"отдача"}},"emcosID":null,"emcosMLID":null,"codMaketTEP":null,"codTEP":null,"WSName":"PS","rangeAddress":"$BT$97:$BU$135","headAddress":"$BT$97:$BU$97","bodyAddress":"$BT$98:$BU$135","_name":"КЛ16 ПС149 Талдыкорган ЗЩА"},"DB":{"_level":0,"parentID":"248c65cf-3627-4075-8af7-139e2acf5e24","firstParentID":"248c65cf-3627-4075-8af7-139e2acf5e24","ID":"c4b2f2a8-2f56-46d9-874f-fe7f26bb6292","childs":{"отдача":{"_level":1,"parentID":"c4b2f2a8-2f56-46d9-874f-fe7f26bb6292","firstParentID":"248c65cf-3627-4075-8af7-139e2acf5e24","ID":"73cd4b27-4331-4583-a926-c03b04f2089c","childs":{"код":{"_level":2,"parentID":"73cd4b27-4331-4583-a926-c03b04f2089c","firstParentID":"248c65cf-3627-4075-8af7-139e2acf5e24","ID":"8adbadd3-01bd-4e4a-99b7-3e3da83561da","childs":null,"emcosID":null,"emcosMLID":null,"codMaketTEP":null,"codTEP":null,"WSName":"DB","rangeAddress":"$GD$310:$GD$347","headAddress":"$GD$310","bodyAddress":"$GD$311:$GD$347","_name":"код"},"основное":{"_level":2,"parentID":"73cd4b27-4331-4583-a926-c03b04f2089c","firstParentID":"248c65cf-3627-4075-8af7-139e2acf5e24","ID":"844b615c-e58f-4842-b434-24588f4272ce","childs":null,"emcosID":null,"emcosMLID":null,"codMaketTEP":null,"codTEP":null,"WSName":"DB","rangeAddress":"$GE$310:$GE$347","headAddress":"$GE$310","bodyAddress":"$GE$311:$GE$347","_name":"основное"},"корректировка факт":{"_level":2,"parentID":"73cd4b27-4331-4583-a926-c03b04f2089c","firstParentID":"248c65cf-3627-4075-8af7-139e2acf5e24","ID":"19c51dcd-1e25-458d-97f3-db77955b795a","childs":null,"emcosID":null,"emcosMLID":null,"codMaketTEP":null,"codTEP":null,"WSName":"DB","rangeAddress":"$GF$310:$GF$347","headAddress":"$GF$310","bodyAddress":"$GF$311:$GF$347","_name":"корректировка факт"},"ручное":{"_level":2,"parentID":"73cd4b27-4331-4583-a926-c03b04f2089c","firstParentID":"248c65cf-3627-4075-8af7-139e2acf5e24","ID":"e5ba66dd-8c62-44fb-8d0a-8aa9c87c6906","childs":null,"emcosID":null,"emcosMLID":null,"codMaketTEP":null,"codTEP":null,"WSName":"DB","rangeAddress":"$GG$310:$GG$347","headAddress":"$GG$310","bodyAddress":"$GG$311:$GG$347","_name":"ручное"},"оперативное":{"_level":2,"parentID":"73cd4b27-4331-4583-a926-c03b04f2089c","firstParentID":"248c65cf-3627-4075-8af7-139e2acf5e24","ID":"efd86422-e96b-42e3-bfe0-22385ad6ea85","childs":null,"emcosID":null,"emcosMLID":null,"codMaketTEP":null,"codTEP":null,"WSName":"DB","rangeAddress":"$GH$310:$GH$347","headAddress":"$GH$310","bodyAddress":"$GH$311:$GH$347","_name":"оперативное"},"счетчик":{"_level":2,"parentID":"73cd4b27-4331-4583-a926-c03b04f2089c","firstParentID":"248c65cf-3627-4075-8af7-139e2acf5e24","ID":"04b3336f-9145-459b-b326-0e139eb601d7","childs":null,"emcosID":null,"emcosMLID":null,"codMaketTEP":null,"codTEP":null,"WSName":"DB","rangeAddress":"$GI$310:$GI$347","headAddress":"$GI$310","bodyAddress":"$GI$311:$GI$347","_name":"счетчик"},"по счетчику":{"_level":2,"parentID":"73cd4b27-4331-4583-a926-c03b04f2089c","firstParentID":"248c65cf-3627-4075-8af7-139e2acf5e24","ID":"5f9ec9a9-890e-4fb3-a4c0-7ab9ad04f432","childs":null,"emcosID":null,"emcosMLID":null,"codMaketTEP":null,"codTEP":null,"WSName":"DB","rangeAddress":"$GJ$310:$GJ$347","headAddress":"$GJ$310","bodyAddress":"$GJ$311:$GJ$347","_name":"по счетчику"}},"emcosID":null,"emcosMLID":null,"codMaketTEP":null,"codTEP":null,"WSName":"DB","rangeAddress":"$GD$309:$GJ$347","headAddress":"$GD$309:$GJ$309","bodyAddress":"$GD$310:$GJ$347","_name":"отдача"}},"emcosID":null,"emcosMLID":null,"codMaketTEP":null,"codTEP":null,"WSName":"DB","rangeAddress":"$GD$308:$GJ$347","headAddress":"$GD$308:$GJ$308","bodyAddress":"$GD$309:$GJ$347","_name":"КЛ16 ПС149 Талдыкорган ЗЩА"}},"codPlan":null,"meterCoef":"4","_name":"КЛ16 ПС149 Талдыкорган ЗЩА"}