{"ID":"2aa86864-94bd-477d-b751-6dfe0bc2d028","childs":{"PS":{"_level":0,"parentID":"2aa86864-94bd-477d-b751-6dfe0bc2d028","firstParentID":"2aa86864-94bd-477d-b751-6dfe0bc2d028","ID":"57114adc-1718-4fc4-bb26-bf7dcc46a803","childs":{"отдача":{"_level":1,"parentID":"57114adc-1718-4fc4-bb26-bf7dcc46a803","firstParentID":"2aa86864-94bd-477d-b751-6dfe0bc2d028","ID":"2729f8b2-1ca8-4aa8-b061-55aad5e66fda","childs":{"формула":{"_level":2,"parentID":"2729f8b2-1ca8-4aa8-b061-55aad5e66fda","firstParentID":"2aa86864-94bd-477d-b751-6dfe0bc2d028","ID":"6aef1629-e4e2-47da-a510-0464dfbb80d0","childs":null,"emcosID":null,"emcosMLID":null,"codMaketTEP":null,"codTEP":null,"WSName":"PS","rangeAddress":"$CJ$185:$CJ$221","headAddress":"$CJ$185","bodyAddress":"$CJ$186:$CJ$221","_name":"формула"}},"emcosID":null,"emcosMLID":null,"codMaketTEP":1316,"codTEP":null,"WSName":"PS","rangeAddress":"$CJ$184:$CJ$221","headAddress":"$CJ$184","bodyAddress":"$CJ$185:$CJ$221","_name":"отдача"},"план":{"_level":1,"parentID":"57114adc-1718-4fc4-bb26-bf7dcc46a803","firstParentID":"2aa86864-94bd-477d-b751-6dfe0bc2d028","ID":"8be2e931-93c0-4d10-852e-79c865899516","childs":{"заявка":{"_level":2,"parentID":"8be2e931-93c0-4d10-852e-79c865899516","firstParentID":"2aa86864-94bd-477d-b751-6dfe0bc2d028","ID":"46922deb-d7b7-437e-95f0-bc83739f1e5d","childs":null,"emcosID":null,"emcosMLID":null,"codMaketTEP":null,"codTEP":null,"WSName":"PS","rangeAddress":"$CK$185:$CK$221","headAddress":"$CK$185","bodyAddress":"$CK$186:$CK$221","_name":"заявка"}},"emcosID":null,"emcosMLID":null,"codMaketTEP":null,"codTEP":null,"WSName":"PS","rangeAddress":"$CK$184:$CK$221","headAddress":"$CK$184","bodyAddress":"$CK$185:$CK$221","_name":"план"}},"emcosID":null,"emcosMLID":null,"codMaketTEP":null,"codTEP":null,"WSName":"PS","rangeAddress":"$CJ$183:$CK$221","headAddress":"$CJ$183:$CK$183","bodyAddress":"$CJ$184:$CK$221","_name":"Генерация Мойнак ГЭС МГЭС"},"DB":{"_level":0,"parentID":"2aa86864-94bd-477d-b751-6dfe0bc2d028","firstParentID":"2aa86864-94bd-477d-b751-6dfe0bc2d028","ID":"ef9a0b28-879a-4bf5-9c80-75b9c5a8dc86","childs":{"отдача":{"_level":1,"parentID":"ef9a0b28-879a-4bf5-9c80-75b9c5a8dc86","firstParentID":"2aa86864-94bd-477d-b751-6dfe0bc2d028","ID":"771bcc90-e9c8-4cbb-b744-508f7efcbec9","childs":{"код":{"_level":2,"parentID":"771bcc90-e9c8-4cbb-b744-508f7efcbec9","firstParentID":"2aa86864-94bd-477d-b751-6dfe0bc2d028","ID":"37e75b05-c79f-45c0-9708-166c5b301185","childs":null,"emcosID":null,"emcosMLID":null,"codMaketTEP":null,"codTEP":null,"WSName":"DB","rangeAddress":"$FI$181:$FI$218","headAddress":"$FI$181","bodyAddress":"$FI$182:$FI$218","_name":"код"},"основное":{"_level":2,"parentID":"771bcc90-e9c8-4cbb-b744-508f7efcbec9","firstParentID":"2aa86864-94bd-477d-b751-6dfe0bc2d028","ID":"b25a8e0d-ce1a-4b2d-82f4-7a047cefdc61","childs":null,"emcosID":null,"emcosMLID":null,"codMaketTEP":null,"codTEP":null,"WSName":"DB","rangeAddress":"$FJ$181:$FJ$218","headAddress":"$FJ$181","bodyAddress":"$FJ$182:$FJ$218","_name":"основное"},"корректировка факт":{"_level":2,"parentID":"771bcc90-e9c8-4cbb-b744-508f7efcbec9","firstParentID":"2aa86864-94bd-477d-b751-6dfe0bc2d028","ID":"2976ac58-6002-4f21-a2f4-b7f36b771454","childs":null,"emcosID":null,"emcosMLID":null,"codMaketTEP":null,"codTEP":null,"WSName":"DB","rangeAddress":"$FK$181:$FK$218","headAddress":"$FK$181","bodyAddress":"$FK$182:$FK$218","_name":"корректировка факт"},"ручное":{"_level":2,"parentID":"771bcc90-e9c8-4cbb-b744-508f7efcbec9","firstParentID":"2aa86864-94bd-477d-b751-6dfe0bc2d028","ID":"b7b9428b-ebae-428f-b894-085ecfb86098","childs":null,"emcosID":null,"emcosMLID":null,"codMaketTEP":null,"codTEP":null,"WSName":"DB","rangeAddress":"$FL$181:$FL$218","headAddress":"$FL$181","bodyAddress":"$FL$182:$FL$218","_name":"ручное"},"оперативное":{"_level":2,"parentID":"771bcc90-e9c8-4cbb-b744-508f7efcbec9","firstParentID":"2aa86864-94bd-477d-b751-6dfe0bc2d028","ID":"6c8b00f7-fbad-4878-b86e-cf9cdfc3d7c0","childs":null,"emcosID":null,"emcosMLID":null,"codMaketTEP":null,"codTEP":null,"WSName":"DB","rangeAddress":"$FM$181:$FM$218","headAddress":"$FM$181","bodyAddress":"$FM$182:$FM$218","_name":"оперативное"},"формула":{"_level":2,"parentID":"771bcc90-e9c8-4cbb-b744-508f7efcbec9","firstParentID":"2aa86864-94bd-477d-b751-6dfe0bc2d028","ID":"2d7e56fb-ac03-4378-aefc-ef2a40126356","childs":null,"emcosID":null,"emcosMLID":null,"codMaketTEP":null,"codTEP":null,"WSName":"DB","rangeAddress":"$FN$181:$FN$218","headAddress":"$FN$181","bodyAddress":"$FN$182:$FN$218","_name":"формула"},"по плану":{"_level":2,"parentID":"771bcc90-e9c8-4cbb-b744-508f7efcbec9","firstParentID":"2aa86864-94bd-477d-b751-6dfe0bc2d028","ID":"14947d01-51a8-48d6-8953-355482611d54","childs":null,"emcosID":null,"emcosMLID":null,"codMaketTEP":null,"codTEP":null,"WSName":"DB","rangeAddress":"$FO$181:$FO$218","headAddress":"$FO$181","bodyAddress":"$FO$182:$FO$218","_name":"по плану"}},"emcosID":null,"emcosMLID":null,"codMaketTEP":null,"codTEP":null,"WSName":"DB","rangeAddress":"$FI$180:$FO$218","headAddress":"$FI$180:$FO$180","bodyAddress":"$FI$181:$FO$218","_name":"отдача"},"план":{"_level":1,"parentID":"ef9a0b28-879a-4bf5-9c80-75b9c5a8dc86","firstParentID":"2aa86864-94bd-477d-b751-6dfe0bc2d028","ID":"d3f07117-0a88-441e-866a-414ff4c53a40","childs":{"код":{"_level":2,"parentID":"d3f07117-0a88-441e-866a-414ff4c53a40","firstParentID":"2aa86864-94bd-477d-b751-6dfe0bc2d028","ID":"75bb5e0f-0647-4102-bb47-9603dbd0ed34","childs":null,"emcosID":null,"emcosMLID":null,"codMaketTEP":null,"codTEP":null,"WSName":"DB","rangeAddress":"$FP$181:$FP$218","headAddress":"$FP$181","bodyAddress":"$FP$182:$FP$218","_name":"код"},"основное":{"_level":2,"parentID":"d3f07117-0a88-441e-866a-414ff4c53a40","firstParentID":"2aa86864-94bd-477d-b751-6dfe0bc2d028","ID":"6a3deb54-5be8-414e-98a8-dae092643d8a","childs":null,"emcosID":null,"emcosMLID":null,"codMaketTEP":null,"codTEP":null,"WSName":"DB","rangeAddress":"$FQ$181:$FQ$218","headAddress":"$FQ$181","bodyAddress":"$FQ$182:$FQ$218","_name":"основное"},"заявка":{"_level":2,"parentID":"d3f07117-0a88-441e-866a-414ff4c53a40","firstParentID":"2aa86864-94bd-477d-b751-6dfe0bc2d028","ID":"338e29b7-8840-4d4e-a624-c427d01ef9e3","childs":null,"emcosID":null,"emcosMLID":null,"codMaketTEP":null,"codTEP":null,"WSName":"DB","rangeAddress":"$FR$181:$FR$218","headAddress":"$FR$181","bodyAddress":"$FR$182:$FR$218","_name":"заявка"},"утвержденный":{"_level":2,"parentID":"d3f07117-0a88-441e-866a-414ff4c53a40","firstParentID":"2aa86864-94bd-477d-b751-6dfe0bc2d028","ID":"bf32502d-3749-4e19-881c-7385bf2eab09","childs":null,"emcosID":null,"emcosMLID":null,"codMaketTEP":null,"codTEP":null,"WSName":"DB","rangeAddress":"$FS$181:$FS$218","headAddress":"$FS$181","bodyAddress":"$FS$182:$FS$218","_name":"утвержденный"},"корректировка":{"_level":2,"parentID":"d3f07117-0a88-441e-866a-414ff4c53a40","firstParentID":"2aa86864-94bd-477d-b751-6dfe0bc2d028","ID":"8081609c-a71f-471e-80a9-caf70a486184","childs":null,"emcosID":null,"emcosMLID":null,"codMaketTEP":null,"codTEP":null,"WSName":"DB","rangeAddress":"$FT$181:$FT$218","headAddress":"$FT$181","bodyAddress":"$FT$182:$FT$218","_name":"корректировка"}},"emcosID":null,"emcosMLID":null,"codMaketTEP":null,"codTEP":null,"WSName":"DB","rangeAddress":"$FP$180:$FT$218","headAddress":"$FP$180:$FT$180","bodyAddress":"$FP$181:$FT$218","_name":"план"}},"emcosID":null,"emcosMLID":null,"codMaketTEP":null,"codTEP":null,"WSName":"DB","rangeAddress":"$FI$179:$FT$218","headAddress":"$FI$179:$FT$179","bodyAddress":"$FI$180:$FT$218","_name":"Генерация Мойнак ГЭС МГЭС"}},"codPlan":19,"meterCoef":null,"_name":"Генерация Мойнак ГЭС МГЭС"}