{"ID":"2d126521-cc78-4135-bc72-3669f20f81eb","childs":{"PS":{"_level":0,"parentID":"2d126521-cc78-4135-bc72-3669f20f81eb","firstParentID":"2d126521-cc78-4135-bc72-3669f20f81eb","ID":"6ff5f883-3f21-42ca-ae26-062df6e861d7","childs":{"прием":{"_level":1,"parentID":"6ff5f883-3f21-42ca-ae26-062df6e861d7","firstParentID":"2d126521-cc78-4135-bc72-3669f20f81eb","ID":"077318bb-f779-481d-af6b-a2c99f6a1de5","childs":{"формула":{"_level":2,"parentID":"077318bb-f779-481d-af6b-a2c99f6a1de5","firstParentID":"2d126521-cc78-4135-bc72-3669f20f81eb","ID":"57889a66-f6d6-4ba8-8e31-e5c39eb98363","childs":null,"emcosID":null,"emcosMLID":null,"codMaketTEP":null,"codTEP":null,"WSName":"PS","rangeAddress":"$AW$185:$AW$221","headAddress":"$AW$185","bodyAddress":"$AW$186:$AW$221","_name":"формула"}},"emcosID":null,"emcosMLID":null,"codMaketTEP":1397,"codTEP":null,"WSName":"PS","rangeAddress":"$AW$184:$AW$221","headAddress":"$AW$184","bodyAddress":"$AW$185:$AW$221","_name":"прием"},"план":{"_level":1,"parentID":"6ff5f883-3f21-42ca-ae26-062df6e861d7","firstParentID":"2d126521-cc78-4135-bc72-3669f20f81eb","ID":"e6610471-7c9f-4c12-95fb-8ce56e332831","childs":{"заявка":{"_level":2,"parentID":"e6610471-7c9f-4c12-95fb-8ce56e332831","firstParentID":"2d126521-cc78-4135-bc72-3669f20f81eb","ID":"fb6740f7-5af8-4610-b56f-ee0b26685433","childs":null,"emcosID":null,"emcosMLID":null,"codMaketTEP":null,"codTEP":null,"WSName":"PS","rangeAddress":"$AX$185:$AX$221","headAddress":"$AX$185","bodyAddress":"$AX$186:$AX$221","_name":"заявка"}},"emcosID":null,"emcosMLID":null,"codMaketTEP":null,"codTEP":null,"WSName":"PS","rangeAddress":"$AX$184:$AX$221","headAddress":"$AX$184","bodyAddress":"$AX$185:$AX$221","_name":"план"}},"emcosID":null,"emcosMLID":null,"codMaketTEP":null,"codTEP":null,"WSName":"PS","rangeAddress":"$AW$183:$AX$221","headAddress":"$AW$183:$AX$183","bodyAddress":"$AW$184:$AX$221","_name":"Потребление Prime Energy Resources Алматы"},"DB":{"_level":0,"parentID":"2d126521-cc78-4135-bc72-3669f20f81eb","firstParentID":"2d126521-cc78-4135-bc72-3669f20f81eb","ID":"c192f9ba-3148-439a-9226-4005c9d92a40","childs":{"прием":{"_level":1,"parentID":"c192f9ba-3148-439a-9226-4005c9d92a40","firstParentID":"2d126521-cc78-4135-bc72-3669f20f81eb","ID":"6d2bf0ed-1a7a-4b19-a8e2-dab814a77d93","childs":{"код":{"_level":2,"parentID":"6d2bf0ed-1a7a-4b19-a8e2-dab814a77d93","firstParentID":"2d126521-cc78-4135-bc72-3669f20f81eb","ID":"8fa6b719-dc6a-444f-91ac-2ecae0d4a8da","childs":null,"emcosID":null,"emcosMLID":null,"codMaketTEP":null,"codTEP":null,"WSName":"DB","rangeAddress":"$CK$439:$CK$476","headAddress":"$CK$439","bodyAddress":"$CK$440:$CK$476","_name":"код"},"основное":{"_level":2,"parentID":"6d2bf0ed-1a7a-4b19-a8e2-dab814a77d93","firstParentID":"2d126521-cc78-4135-bc72-3669f20f81eb","ID":"0a7604a1-d682-4264-a898-326e0f07a164","childs":null,"emcosID":null,"emcosMLID":null,"codMaketTEP":null,"codTEP":null,"WSName":"DB","rangeAddress":"$CL$439:$CL$476","headAddress":"$CL$439","bodyAddress":"$CL$440:$CL$476","_name":"основное"},"корректировка факт":{"_level":2,"parentID":"6d2bf0ed-1a7a-4b19-a8e2-dab814a77d93","firstParentID":"2d126521-cc78-4135-bc72-3669f20f81eb","ID":"b1232ead-4770-450d-9b3f-22797e02dbeb","childs":null,"emcosID":null,"emcosMLID":null,"codMaketTEP":null,"codTEP":null,"WSName":"DB","rangeAddress":"$CM$439:$CM$476","headAddress":"$CM$439","bodyAddress":"$CM$440:$CM$476","_name":"корректировка факт"},"ручное":{"_level":2,"parentID":"6d2bf0ed-1a7a-4b19-a8e2-dab814a77d93","firstParentID":"2d126521-cc78-4135-bc72-3669f20f81eb","ID":"bff2d287-74cb-45e0-bd6a-008b3a69fb24","childs":null,"emcosID":null,"emcosMLID":null,"codMaketTEP":null,"codTEP":null,"WSName":"DB","rangeAddress":"$CN$439:$CN$476","headAddress":"$CN$439","bodyAddress":"$CN$440:$CN$476","_name":"ручное"},"по плану":{"_level":2,"parentID":"6d2bf0ed-1a7a-4b19-a8e2-dab814a77d93","firstParentID":"2d126521-cc78-4135-bc72-3669f20f81eb","ID":"72eca1e8-b706-4d27-a87d-69ed86d1bf32","childs":null,"emcosID":null,"emcosMLID":null,"codMaketTEP":null,"codTEP":null,"WSName":"DB","rangeAddress":"$CO$439:$CO$476","headAddress":"$CO$439","bodyAddress":"$CO$440:$CO$476","_name":"по плану"},"формула":{"_level":2,"parentID":"6d2bf0ed-1a7a-4b19-a8e2-dab814a77d93","firstParentID":"2d126521-cc78-4135-bc72-3669f20f81eb","ID":"cb0d4c0d-309b-4515-bd6f-12f472b3dd8e","childs":null,"emcosID":null,"emcosMLID":null,"codMaketTEP":null,"codTEP":null,"WSName":"DB","rangeAddress":"$CP$439:$CP$476","headAddress":"$CP$439","bodyAddress":"$CP$440:$CP$476","_name":"формула"}},"emcosID":null,"emcosMLID":null,"codMaketTEP":null,"codTEP":null,"WSName":"DB","rangeAddress":"$CK$438:$CP$476","headAddress":"$CK$438:$CP$438","bodyAddress":"$CK$439:$CP$476","_name":"прием"},"план":{"_level":1,"parentID":"c192f9ba-3148-439a-9226-4005c9d92a40","firstParentID":"2d126521-cc78-4135-bc72-3669f20f81eb","ID":"0bca1bcc-2b5f-4608-a239-718af8a6e54a","childs":{"код":{"_level":2,"parentID":"0bca1bcc-2b5f-4608-a239-718af8a6e54a","firstParentID":"2d126521-cc78-4135-bc72-3669f20f81eb","ID":"309aa6e7-7ac7-4e55-8b4b-2b3772785a3d","childs":null,"emcosID":null,"emcosMLID":null,"codMaketTEP":null,"codTEP":null,"WSName":"DB","rangeAddress":"$CQ$439:$CQ$476","headAddress":"$CQ$439","bodyAddress":"$CQ$440:$CQ$476","_name":"код"},"основное":{"_level":2,"parentID":"0bca1bcc-2b5f-4608-a239-718af8a6e54a","firstParentID":"2d126521-cc78-4135-bc72-3669f20f81eb","ID":"9b3c2295-fdd7-4c04-9ff8-8e6170fbc98f","childs":null,"emcosID":null,"emcosMLID":null,"codMaketTEP":null,"codTEP":null,"WSName":"DB","rangeAddress":"$CR$439:$CR$476","headAddress":"$CR$439","bodyAddress":"$CR$440:$CR$476","_name":"основное"},"заявка":{"_level":2,"parentID":"0bca1bcc-2b5f-4608-a239-718af8a6e54a","firstParentID":"2d126521-cc78-4135-bc72-3669f20f81eb","ID":"46f473b0-33b0-4f26-862c-49be410c54aa","childs":null,"emcosID":null,"emcosMLID":null,"codMaketTEP":null,"codTEP":null,"WSName":"DB","rangeAddress":"$CS$439:$CS$476","headAddress":"$CS$439","bodyAddress":"$CS$440:$CS$476","_name":"заявка"},"утвержденный":{"_level":2,"parentID":"0bca1bcc-2b5f-4608-a239-718af8a6e54a","firstParentID":"2d126521-cc78-4135-bc72-3669f20f81eb","ID":"083ce114-1940-4938-b96a-d6e236c814cb","childs":null,"emcosID":null,"emcosMLID":null,"codMaketTEP":null,"codTEP":null,"WSName":"DB","rangeAddress":"$CT$439:$CT$476","headAddress":"$CT$439","bodyAddress":"$CT$440:$CT$476","_name":"утвержденный"},"корректировка":{"_level":2,"parentID":"0bca1bcc-2b5f-4608-a239-718af8a6e54a","firstParentID":"2d126521-cc78-4135-bc72-3669f20f81eb","ID":"67f01370-bd0a-4e99-aff7-16bc0affe164","childs":null,"emcosID":null,"emcosMLID":null,"codMaketTEP":null,"codTEP":null,"WSName":"DB","rangeAddress":"$CU$439:$CU$476","headAddress":"$CU$439","bodyAddress":"$CU$440:$CU$476","_name":"корректировка"}},"emcosID":null,"emcosMLID":null,"codMaketTEP":null,"codTEP":null,"WSName":"DB","rangeAddress":"$CQ$438:$CU$476","headAddress":"$CQ$438:$CU$438","bodyAddress":"$CQ$439:$CU$476","_name":"план"}},"emcosID":null,"emcosMLID":null,"codMaketTEP":null,"codTEP":null,"WSName":"DB","rangeAddress":"$CK$437:$CU$476","headAddress":"$CK$437:$CU$437","bodyAddress":"$CK$438:$CU$476","_name":"Потребление Prime Energy Resources Алматы"}},"codPlan":102,"meterCoef":null,"_name":"Потребление Prime Energy Resources Алматы"}