{"ID":"2f7a29ae-5eb2-4da4-b11e-b0b62acb5e16","childs":{"PS":{"_level":0,"parentID":"2f7a29ae-5eb2-4da4-b11e-b0b62acb5e16","firstParentID":"2f7a29ae-5eb2-4da4-b11e-b0b62acb5e16","ID":"2a6c0ed7-0794-4095-8bf0-72768476062a","childs":{"отдача":{"_level":1,"parentID":"2a6c0ed7-0794-4095-8bf0-72768476062a","firstParentID":"2f7a29ae-5eb2-4da4-b11e-b0b62acb5e16","ID":"2e1bdfa9-bd23-4d73-9f7b-71bb30ecfd2c","childs":{"формула":{"_level":2,"parentID":"2e1bdfa9-bd23-4d73-9f7b-71bb30ecfd2c","firstParentID":"2f7a29ae-5eb2-4da4-b11e-b0b62acb5e16","ID":"00e90455-3c0d-4745-89d4-f4ebd32bb5ec","childs":null,"emcosID":null,"emcosMLID":null,"codMaketTEP":null,"codTEP":null,"WSName":"PS","rangeAddress":"$DM$185:$DM$221","headAddress":"$DM$185","bodyAddress":"$DM$186:$DM$221","_name":"формула"}},"emcosID":null,"emcosMLID":null,"codMaketTEP":1318,"codTEP":null,"WSName":"PS","rangeAddress":"$DM$184:$DM$221","headAddress":"$DM$184","bodyAddress":"$DM$185:$DM$221","_name":"отдача"},"план":{"_level":1,"parentID":"2a6c0ed7-0794-4095-8bf0-72768476062a","firstParentID":"2f7a29ae-5eb2-4da4-b11e-b0b62acb5e16","ID":"28b09bee-fc6c-4e63-9721-5ea96eb08bf2","childs":{"заявка":{"_level":2,"parentID":"28b09bee-fc6c-4e63-9721-5ea96eb08bf2","firstParentID":"2f7a29ae-5eb2-4da4-b11e-b0b62acb5e16","ID":"fd94afe0-ba6b-4dea-a1ef-eef6d48a5262","childs":null,"emcosID":null,"emcosMLID":null,"codMaketTEP":null,"codTEP":null,"WSName":"PS","rangeAddress":"$DN$185:$DN$221","headAddress":"$DN$185","bodyAddress":"$DN$186:$DN$221","_name":"заявка"}},"emcosID":null,"emcosMLID":null,"codMaketTEP":null,"codTEP":null,"WSName":"PS","rangeAddress":"$DN$184:$DN$221","headAddress":"$DN$184","bodyAddress":"$DN$185:$DN$221","_name":"план"}},"emcosID":null,"emcosMLID":null,"codMaketTEP":null,"codTEP":null,"WSName":"PS","rangeAddress":"$DM$183:$DN$221","headAddress":"$DM$183:$DN$183","bodyAddress":"$DM$184:$DN$221","_name":"Генерация ВИЭ Алматы"},"DB":{"_level":0,"parentID":"2f7a29ae-5eb2-4da4-b11e-b0b62acb5e16","firstParentID":"2f7a29ae-5eb2-4da4-b11e-b0b62acb5e16","ID":"383be8d7-01b8-440e-a4b6-600eb6fb1ada","childs":{"отдача":{"_level":1,"parentID":"383be8d7-01b8-440e-a4b6-600eb6fb1ada","firstParentID":"2f7a29ae-5eb2-4da4-b11e-b0b62acb5e16","ID":"5892a75b-0cc9-4f9b-8f37-d0de206be047","childs":{"код":{"_level":2,"parentID":"5892a75b-0cc9-4f9b-8f37-d0de206be047","firstParentID":"2f7a29ae-5eb2-4da4-b11e-b0b62acb5e16","ID":"b3fb55ff-1c68-48c3-9f0b-e0539ac650f6","childs":null,"emcosID":null,"emcosMLID":null,"codMaketTEP":null,"codTEP":null,"WSName":"DB","rangeAddress":"$AH$267:$AH$304","headAddress":"$AH$267","bodyAddress":"$AH$268:$AH$304","_name":"код"},"основное":{"_level":2,"parentID":"5892a75b-0cc9-4f9b-8f37-d0de206be047","firstParentID":"2f7a29ae-5eb2-4da4-b11e-b0b62acb5e16","ID":"8d297bf2-77a6-4b6f-ba8f-2afa296b7844","childs":null,"emcosID":null,"emcosMLID":null,"codMaketTEP":null,"codTEP":null,"WSName":"DB","rangeAddress":"$AI$267:$AI$304","headAddress":"$AI$267","bodyAddress":"$AI$268:$AI$304","_name":"основное"},"корректировка факт":{"_level":2,"parentID":"5892a75b-0cc9-4f9b-8f37-d0de206be047","firstParentID":"2f7a29ae-5eb2-4da4-b11e-b0b62acb5e16","ID":"6cf99e5e-1232-4c96-ad3a-ac579cf7f723","childs":null,"emcosID":null,"emcosMLID":null,"codMaketTEP":null,"codTEP":null,"WSName":"DB","rangeAddress":"$AJ$267:$AJ$304","headAddress":"$AJ$267","bodyAddress":"$AJ$268:$AJ$304","_name":"корректировка факт"},"ручное":{"_level":2,"parentID":"5892a75b-0cc9-4f9b-8f37-d0de206be047","firstParentID":"2f7a29ae-5eb2-4da4-b11e-b0b62acb5e16","ID":"ef9692a7-683f-4b05-8ad7-596388ad492e","childs":null,"emcosID":null,"emcosMLID":null,"codMaketTEP":null,"codTEP":null,"WSName":"DB","rangeAddress":"$AK$267:$AK$304","headAddress":"$AK$267","bodyAddress":"$AK$268:$AK$304","_name":"ручное"},"формула":{"_level":2,"parentID":"5892a75b-0cc9-4f9b-8f37-d0de206be047","firstParentID":"2f7a29ae-5eb2-4da4-b11e-b0b62acb5e16","ID":"2b2018c9-2955-41d8-b764-1f9950865664","childs":null,"emcosID":null,"emcosMLID":null,"codMaketTEP":null,"codTEP":null,"WSName":"DB","rangeAddress":"$AL$267:$AL$304","headAddress":"$AL$267","bodyAddress":"$AL$268:$AL$304","_name":"формула"},"по плану":{"_level":2,"parentID":"5892a75b-0cc9-4f9b-8f37-d0de206be047","firstParentID":"2f7a29ae-5eb2-4da4-b11e-b0b62acb5e16","ID":"ef79165b-110d-4666-8f3a-d3a020670b33","childs":null,"emcosID":null,"emcosMLID":null,"codMaketTEP":null,"codTEP":null,"WSName":"DB","rangeAddress":"$AM$267:$AM$304","headAddress":"$AM$267","bodyAddress":"$AM$268:$AM$304","_name":"по плану"}},"emcosID":null,"emcosMLID":null,"codMaketTEP":null,"codTEP":null,"WSName":"DB","rangeAddress":"$AH$266:$AM$304","headAddress":"$AH$266:$AM$266","bodyAddress":"$AH$267:$AM$304","_name":"отдача"},"план":{"_level":1,"parentID":"383be8d7-01b8-440e-a4b6-600eb6fb1ada","firstParentID":"2f7a29ae-5eb2-4da4-b11e-b0b62acb5e16","ID":"2ed7c4f6-40a9-4f1e-9e7f-422dedda7010","childs":{"код":{"_level":2,"parentID":"2ed7c4f6-40a9-4f1e-9e7f-422dedda7010","firstParentID":"2f7a29ae-5eb2-4da4-b11e-b0b62acb5e16","ID":"0c31bc74-8284-4181-b197-26305fba01d2","childs":null,"emcosID":null,"emcosMLID":null,"codMaketTEP":null,"codTEP":null,"WSName":"DB","rangeAddress":"$AN$267:$AN$304","headAddress":"$AN$267","bodyAddress":"$AN$268:$AN$304","_name":"код"},"основное":{"_level":2,"parentID":"2ed7c4f6-40a9-4f1e-9e7f-422dedda7010","firstParentID":"2f7a29ae-5eb2-4da4-b11e-b0b62acb5e16","ID":"922e35e6-ec6a-4321-a81c-4acd678d8429","childs":null,"emcosID":null,"emcosMLID":null,"codMaketTEP":null,"codTEP":null,"WSName":"DB","rangeAddress":"$AO$267:$AO$304","headAddress":"$AO$267","bodyAddress":"$AO$268:$AO$304","_name":"основное"},"заявка":{"_level":2,"parentID":"2ed7c4f6-40a9-4f1e-9e7f-422dedda7010","firstParentID":"2f7a29ae-5eb2-4da4-b11e-b0b62acb5e16","ID":"1c4ebcf6-14aa-41f7-9cd0-53af75ce9ef5","childs":null,"emcosID":null,"emcosMLID":null,"codMaketTEP":null,"codTEP":null,"WSName":"DB","rangeAddress":"$AP$267:$AP$304","headAddress":"$AP$267","bodyAddress":"$AP$268:$AP$304","_name":"заявка"},"утвержденный":{"_level":2,"parentID":"2ed7c4f6-40a9-4f1e-9e7f-422dedda7010","firstParentID":"2f7a29ae-5eb2-4da4-b11e-b0b62acb5e16","ID":"178a5c28-7df6-45d5-8a71-26cde7e5216d","childs":null,"emcosID":null,"emcosMLID":null,"codMaketTEP":null,"codTEP":null,"WSName":"DB","rangeAddress":"$AQ$267:$AQ$304","headAddress":"$AQ$267","bodyAddress":"$AQ$268:$AQ$304","_name":"утвержденный"},"корректировка":{"_level":2,"parentID":"2ed7c4f6-40a9-4f1e-9e7f-422dedda7010","firstParentID":"2f7a29ae-5eb2-4da4-b11e-b0b62acb5e16","ID":"f5dc45cf-3538-4765-9d12-8e17268d5609","childs":null,"emcosID":null,"emcosMLID":null,"codMaketTEP":null,"codTEP":null,"WSName":"DB","rangeAddress":"$AR$267:$AR$304","headAddress":"$AR$267","bodyAddress":"$AR$268:$AR$304","_name":"корректировка"}},"emcosID":null,"emcosMLID":null,"codMaketTEP":null,"codTEP":null,"WSName":"DB","rangeAddress":"$AN$266:$AR$304","headAddress":"$AN$266:$AR$266","bodyAddress":"$AN$267:$AR$304","_name":"план"}},"emcosID":null,"emcosMLID":null,"codMaketTEP":null,"codTEP":null,"WSName":"DB","rangeAddress":"$AH$265:$AR$304","headAddress":"$AH$265:$AR$265","bodyAddress":"$AH$266:$AR$304","_name":"Генерация ВИЭ Алматы"}},"codPlan":61,"meterCoef":null,"_name":"Генерация ВИЭ Алматы"}