{"ID":"305f6960-3e9f-48a0-9bf9-0872d5b97295","childs":{"PS":{"_level":0,"parentID":"305f6960-3e9f-48a0-9bf9-0872d5b97295","firstParentID":"305f6960-3e9f-48a0-9bf9-0872d5b97295","ID":"0e254696-bcac-477a-80f2-068321ef71af","childs":{"отдача":{"_level":1,"parentID":"0e254696-bcac-477a-80f2-068321ef71af","firstParentID":"305f6960-3e9f-48a0-9bf9-0872d5b97295","ID":"c2d25729-1987-41c5-9a25-b9f02924913e","childs":{"оперативное":{"_level":2,"parentID":"c2d25729-1987-41c5-9a25-b9f02924913e","firstParentID":"305f6960-3e9f-48a0-9bf9-0872d5b97295","ID":"744e0681-e5db-4039-a862-f00a6e9e2884","childs":null,"emcosID":null,"emcosMLID":null,"codMaketTEP":null,"codTEP":null,"WSName":"PS","rangeAddress":"$DJ$185:$DJ$221","headAddress":"$DJ$185","bodyAddress":"$DJ$186:$DJ$221","_name":"оперативное"}},"emcosID":null,"emcosMLID":null,"codMaketTEP":null,"codTEP":null,"WSName":"PS","rangeAddress":"$DJ$184:$DJ$221","headAddress":"$DJ$184","bodyAddress":"$DJ$185:$DJ$221","_name":"отдача"},"план":{"_level":1,"parentID":"0e254696-bcac-477a-80f2-068321ef71af","firstParentID":"305f6960-3e9f-48a0-9bf9-0872d5b97295","ID":"7220d03c-ff2f-46f1-b457-67ff25964ca6","childs":{"заявка":{"_level":2,"parentID":"7220d03c-ff2f-46f1-b457-67ff25964ca6","firstParentID":"305f6960-3e9f-48a0-9bf9-0872d5b97295","ID":"d2f59c7b-c5ef-403a-abae-12f39f0e93f9","childs":null,"emcosID":null,"emcosMLID":null,"codMaketTEP":null,"codTEP":null,"WSName":"PS","rangeAddress":"$DK$185:$DK$221","headAddress":"$DK$185","bodyAddress":"$DK$186:$DK$221","_name":"заявка"}},"emcosID":null,"emcosMLID":null,"codMaketTEP":null,"codTEP":null,"WSName":"PS","rangeAddress":"$DK$184:$DK$221","headAddress":"$DK$184","bodyAddress":"$DK$185:$DK$221","_name":"план"}},"emcosID":null,"emcosMLID":null,"codMaketTEP":null,"codTEP":null,"WSName":"PS","rangeAddress":"$DJ$183:$DK$221","headAddress":"$DJ$183:$DK$183","bodyAddress":"$DJ$184:$DK$221","_name":"Генерация Жеруйык Энерго"},"DB":{"_level":0,"parentID":"305f6960-3e9f-48a0-9bf9-0872d5b97295","firstParentID":"305f6960-3e9f-48a0-9bf9-0872d5b97295","ID":"8243a2f8-7559-464c-be48-5aac6ed9a5c5","childs":{"отдача":{"_level":1,"parentID":"8243a2f8-7559-464c-be48-5aac6ed9a5c5","firstParentID":"305f6960-3e9f-48a0-9bf9-0872d5b97295","ID":"1e4d662d-2881-4769-a579-f6a2cee9733c","childs":{"код":{"_level":2,"parentID":"1e4d662d-2881-4769-a579-f6a2cee9733c","firstParentID":"305f6960-3e9f-48a0-9bf9-0872d5b97295","ID":"c7315b0a-13e4-4a6f-8f51-0cbc06e20b89","childs":null,"emcosID":null,"emcosMLID":null,"codMaketTEP":null,"codTEP":null,"WSName":"DB","rangeAddress":"$FL$482:$FL$519","headAddress":"$FL$482","bodyAddress":"$FL$483:$FL$519","_name":"код"},"основное":{"_level":2,"parentID":"1e4d662d-2881-4769-a579-f6a2cee9733c","firstParentID":"305f6960-3e9f-48a0-9bf9-0872d5b97295","ID":"44e40774-b09d-48cf-bd1c-20dfd5419971","childs":null,"emcosID":null,"emcosMLID":null,"codMaketTEP":null,"codTEP":null,"WSName":"DB","rangeAddress":"$FM$482:$FM$519","headAddress":"$FM$482","bodyAddress":"$FM$483:$FM$519","_name":"основное"},"корректировка факт":{"_level":2,"parentID":"1e4d662d-2881-4769-a579-f6a2cee9733c","firstParentID":"305f6960-3e9f-48a0-9bf9-0872d5b97295","ID":"1358c586-673b-4927-a058-abfc3d21e35c","childs":null,"emcosID":null,"emcosMLID":null,"codMaketTEP":null,"codTEP":null,"WSName":"DB","rangeAddress":"$FN$482:$FN$519","headAddress":"$FN$482","bodyAddress":"$FN$483:$FN$519","_name":"корректировка факт"},"ручное":{"_level":2,"parentID":"1e4d662d-2881-4769-a579-f6a2cee9733c","firstParentID":"305f6960-3e9f-48a0-9bf9-0872d5b97295","ID":"3fa89e48-ef2d-4593-82f5-c63fbb1eea47","childs":null,"emcosID":null,"emcosMLID":null,"codMaketTEP":null,"codTEP":null,"WSName":"DB","rangeAddress":"$FO$482:$FO$519","headAddress":"$FO$482","bodyAddress":"$FO$483:$FO$519","_name":"ручное"},"оперативное":{"_level":2,"parentID":"1e4d662d-2881-4769-a579-f6a2cee9733c","firstParentID":"305f6960-3e9f-48a0-9bf9-0872d5b97295","ID":"a37b2514-5e76-4949-ba58-d2bd95594ec2","childs":null,"emcosID":null,"emcosMLID":null,"codMaketTEP":null,"codTEP":null,"WSName":"DB","rangeAddress":"$FP$482:$FP$519","headAddress":"$FP$482","bodyAddress":"$FP$483:$FP$519","_name":"оперативное"},"по плану":{"_level":2,"parentID":"1e4d662d-2881-4769-a579-f6a2cee9733c","firstParentID":"305f6960-3e9f-48a0-9bf9-0872d5b97295","ID":"c8a48a0e-1e0d-4608-a960-2e3c9a1e8f1c","childs":null,"emcosID":null,"emcosMLID":null,"codMaketTEP":null,"codTEP":null,"WSName":"DB","rangeAddress":"$FQ$482:$FQ$519","headAddress":"$FQ$482","bodyAddress":"$FQ$483:$FQ$519","_name":"по плану"}},"emcosID":null,"emcosMLID":null,"codMaketTEP":null,"codTEP":null,"WSName":"DB","rangeAddress":"$FL$481:$FQ$519","headAddress":"$FL$481:$FQ$481","bodyAddress":"$FL$482:$FQ$519","_name":"отдача"},"план":{"_level":1,"parentID":"8243a2f8-7559-464c-be48-5aac6ed9a5c5","firstParentID":"305f6960-3e9f-48a0-9bf9-0872d5b97295","ID":"f86ad451-d6f1-4038-9264-268677826343","childs":{"код":{"_level":2,"parentID":"f86ad451-d6f1-4038-9264-268677826343","firstParentID":"305f6960-3e9f-48a0-9bf9-0872d5b97295","ID":"0b225213-7ef4-4e26-9322-4e9c05cd43c6","childs":null,"emcosID":null,"emcosMLID":null,"codMaketTEP":null,"codTEP":null,"WSName":"DB","rangeAddress":"$FR$482:$FR$519","headAddress":"$FR$482","bodyAddress":"$FR$483:$FR$519","_name":"код"},"основное":{"_level":2,"parentID":"f86ad451-d6f1-4038-9264-268677826343","firstParentID":"305f6960-3e9f-48a0-9bf9-0872d5b97295","ID":"bbd7e0b0-ecd7-4113-a460-a1738366b821","childs":null,"emcosID":null,"emcosMLID":null,"codMaketTEP":null,"codTEP":null,"WSName":"DB","rangeAddress":"$FS$482:$FS$519","headAddress":"$FS$482","bodyAddress":"$FS$483:$FS$519","_name":"основное"},"заявка":{"_level":2,"parentID":"f86ad451-d6f1-4038-9264-268677826343","firstParentID":"305f6960-3e9f-48a0-9bf9-0872d5b97295","ID":"e2606828-6c83-4fe6-a8c8-538f3cc56aa5","childs":null,"emcosID":null,"emcosMLID":null,"codMaketTEP":null,"codTEP":null,"WSName":"DB","rangeAddress":"$FT$482:$FT$519","headAddress":"$FT$482","bodyAddress":"$FT$483:$FT$519","_name":"заявка"},"утвержденный":{"_level":2,"parentID":"f86ad451-d6f1-4038-9264-268677826343","firstParentID":"305f6960-3e9f-48a0-9bf9-0872d5b97295","ID":"25d803c5-8ee5-4a1d-b2dc-9dfe5f3db9ea","childs":null,"emcosID":null,"emcosMLID":null,"codMaketTEP":null,"codTEP":null,"WSName":"DB","rangeAddress":"$FU$482:$FU$519","headAddress":"$FU$482","bodyAddress":"$FU$483:$FU$519","_name":"утвержденный"},"корректировка":{"_level":2,"parentID":"f86ad451-d6f1-4038-9264-268677826343","firstParentID":"305f6960-3e9f-48a0-9bf9-0872d5b97295","ID":"e4d3dbba-d6d9-4a7a-9686-ea0cdb3834c6","childs":null,"emcosID":null,"emcosMLID":null,"codMaketTEP":null,"codTEP":null,"WSName":"DB","rangeAddress":"$FV$482:$FV$519","headAddress":"$FV$482","bodyAddress":"$FV$483:$FV$519","_name":"корректировка"}},"emcosID":null,"emcosMLID":null,"codMaketTEP":null,"codTEP":null,"WSName":"DB","rangeAddress":"$FR$481:$FV$519","headAddress":"$FR$481:$FV$481","bodyAddress":"$FR$482:$FV$519","_name":"план"}},"emcosID":null,"emcosMLID":null,"codMaketTEP":null,"codTEP":null,"WSName":"DB","rangeAddress":"$FL$480:$FV$519","headAddress":"$FL$480:$FV$480","bodyAddress":"$FL$481:$FV$519","_name":"Генерация Жеруйык Энерго"}},"codPlan":122,"meterCoef":null,"_name":"Генерация Жеруйык Энерго"}