{"ID":"3430e424-3a9e-4b25-8649-7ed499ae5477","childs":{"PS":{"_level":0,"parentID":"3430e424-3a9e-4b25-8649-7ed499ae5477","firstParentID":"3430e424-3a9e-4b25-8649-7ed499ae5477","ID":"d55495e3-2531-4f02-b68c-fc524d3758c2","childs":{"прием":{"_level":1,"parentID":"d55495e3-2531-4f02-b68c-fc524d3758c2","firstParentID":"3430e424-3a9e-4b25-8649-7ed499ae5477","ID":"a1cf7c4b-d154-49f3-b178-d44cf9c1d666","childs":{"оперативное":{"_level":2,"parentID":"a1cf7c4b-d154-49f3-b178-d44cf9c1d666","firstParentID":"3430e424-3a9e-4b25-8649-7ed499ae5477","ID":"36d52ac4-b9b7-4713-b496-591642aa4dad","childs":null,"emcosID":null,"emcosMLID":null,"codMaketTEP":null,"codTEP":null,"WSName":"PS","rangeAddress":"$HU$99:$HU$135","headAddress":"$HU$99","bodyAddress":"$HU$100:$HU$135","_name":"оперативное"}},"emcosID":null,"emcosMLID":null,"codMaketTEP":null,"codTEP":null,"WSName":"PS","rangeAddress":"$HU$98:$HU$135","headAddress":"$HU$98","bodyAddress":"$HU$99:$HU$135","_name":"прием"},"отдача":{"_level":1,"parentID":"d55495e3-2531-4f02-b68c-fc524d3758c2","firstParentID":"3430e424-3a9e-4b25-8649-7ed499ae5477","ID":"150ef6a0-f270-441e-a76e-dab925483cf8","childs":{"оперативное":{"_level":2,"parentID":"150ef6a0-f270-441e-a76e-dab925483cf8","firstParentID":"3430e424-3a9e-4b25-8649-7ed499ae5477","ID":"92942a0f-d555-4c02-8733-9e465e0f8a88","childs":null,"emcosID":null,"emcosMLID":null,"codMaketTEP":null,"codTEP":null,"WSName":"PS","rangeAddress":"$HV$99:$HV$135","headAddress":"$HV$99","bodyAddress":"$HV$100:$HV$135","_name":"оперативное"}},"emcosID":null,"emcosMLID":null,"codMaketTEP":null,"codTEP":null,"WSName":"PS","rangeAddress":"$HV$98:$HV$135","headAddress":"$HV$98","bodyAddress":"$HV$99:$HV$135","_name":"отдача"}},"emcosID":null,"emcosMLID":null,"codMaketTEP":null,"codTEP":null,"WSName":"PS","rangeAddress":"$HU$97:$HV$135","headAddress":"$HU$97:$HV$97","bodyAddress":"$HU$98:$HV$135","_name":"Т1 Робот 143А"},"DB":{"_level":0,"parentID":"3430e424-3a9e-4b25-8649-7ed499ae5477","firstParentID":"3430e424-3a9e-4b25-8649-7ed499ae5477","ID":"27fde439-9ec1-4efa-becb-ae8bda7b90fb","childs":{"прием":{"_level":1,"parentID":"27fde439-9ec1-4efa-becb-ae8bda7b90fb","firstParentID":"3430e424-3a9e-4b25-8649-7ed499ae5477","ID":"40e3b431-1b70-492d-b016-3725ef20c7ca","childs":{"код":{"_level":2,"parentID":"40e3b431-1b70-492d-b016-3725ef20c7ca","firstParentID":"3430e424-3a9e-4b25-8649-7ed499ae5477","ID":"87dfc185-c291-409d-be97-bc0caf3f76f0","childs":null,"emcosID":null,"emcosMLID":null,"codMaketTEP":null,"codTEP":null,"WSName":"DB","rangeAddress":"$FO$353:$FO$390","headAddress":"$FO$353","bodyAddress":"$FO$354:$FO$390","_name":"код"},"основное":{"_level":2,"parentID":"40e3b431-1b70-492d-b016-3725ef20c7ca","firstParentID":"3430e424-3a9e-4b25-8649-7ed499ae5477","ID":"9793d7ea-2eba-45f9-a538-2ebe9a8123b7","childs":null,"emcosID":null,"emcosMLID":null,"codMaketTEP":null,"codTEP":null,"WSName":"DB","rangeAddress":"$FP$353:$FP$390","headAddress":"$FP$353","bodyAddress":"$FP$354:$FP$390","_name":"основное"},"корректировка факт":{"_level":2,"parentID":"40e3b431-1b70-492d-b016-3725ef20c7ca","firstParentID":"3430e424-3a9e-4b25-8649-7ed499ae5477","ID":"dbf83a6b-7635-4de1-b988-5bcc725bb59a","childs":null,"emcosID":null,"emcosMLID":null,"codMaketTEP":null,"codTEP":null,"WSName":"DB","rangeAddress":"$FQ$353:$FQ$390","headAddress":"$FQ$353","bodyAddress":"$FQ$354:$FQ$390","_name":"корректировка факт"},"ручное":{"_level":2,"parentID":"40e3b431-1b70-492d-b016-3725ef20c7ca","firstParentID":"3430e424-3a9e-4b25-8649-7ed499ae5477","ID":"6d54a103-3db0-45d5-b8fc-0592241ffd2e","childs":null,"emcosID":null,"emcosMLID":null,"codMaketTEP":null,"codTEP":null,"WSName":"DB","rangeAddress":"$FR$353:$FR$390","headAddress":"$FR$353","bodyAddress":"$FR$354:$FR$390","_name":"ручное"},"оперативное":{"_level":2,"parentID":"40e3b431-1b70-492d-b016-3725ef20c7ca","firstParentID":"3430e424-3a9e-4b25-8649-7ed499ae5477","ID":"2831eda1-d26a-449f-8399-d5c52c2cd8a7","childs":null,"emcosID":null,"emcosMLID":null,"codMaketTEP":null,"codTEP":null,"WSName":"DB","rangeAddress":"$FS$353:$FS$390","headAddress":"$FS$353","bodyAddress":"$FS$354:$FS$390","_name":"оперативное"}},"emcosID":null,"emcosMLID":null,"codMaketTEP":null,"codTEP":null,"WSName":"DB","rangeAddress":"$FO$352:$FS$390","headAddress":"$FO$352:$FS$352","bodyAddress":"$FO$353:$FS$390","_name":"прием"},"отдача":{"_level":1,"parentID":"27fde439-9ec1-4efa-becb-ae8bda7b90fb","firstParentID":"3430e424-3a9e-4b25-8649-7ed499ae5477","ID":"020fdae6-de44-4af0-aebc-8a57d36f7f31","childs":{"код":{"_level":2,"parentID":"020fdae6-de44-4af0-aebc-8a57d36f7f31","firstParentID":"3430e424-3a9e-4b25-8649-7ed499ae5477","ID":"3da0ce1c-ff67-46fe-894b-38fe761739bb","childs":null,"emcosID":null,"emcosMLID":null,"codMaketTEP":null,"codTEP":null,"WSName":"DB","rangeAddress":"$FT$353:$FT$390","headAddress":"$FT$353","bodyAddress":"$FT$354:$FT$390","_name":"код"},"основное":{"_level":2,"parentID":"020fdae6-de44-4af0-aebc-8a57d36f7f31","firstParentID":"3430e424-3a9e-4b25-8649-7ed499ae5477","ID":"412734b9-46b3-4c53-bd78-23c4d197f37d","childs":null,"emcosID":null,"emcosMLID":null,"codMaketTEP":null,"codTEP":null,"WSName":"DB","rangeAddress":"$FU$353:$FU$390","headAddress":"$FU$353","bodyAddress":"$FU$354:$FU$390","_name":"основное"},"корректировка факт":{"_level":2,"parentID":"020fdae6-de44-4af0-aebc-8a57d36f7f31","firstParentID":"3430e424-3a9e-4b25-8649-7ed499ae5477","ID":"07a1c86e-5d34-4f85-8e93-367b2167b881","childs":null,"emcosID":null,"emcosMLID":null,"codMaketTEP":null,"codTEP":null,"WSName":"DB","rangeAddress":"$FV$353:$FV$390","headAddress":"$FV$353","bodyAddress":"$FV$354:$FV$390","_name":"корректировка факт"},"ручное":{"_level":2,"parentID":"020fdae6-de44-4af0-aebc-8a57d36f7f31","firstParentID":"3430e424-3a9e-4b25-8649-7ed499ae5477","ID":"b2956ddc-5986-484f-8aed-264fa29d5897","childs":null,"emcosID":null,"emcosMLID":null,"codMaketTEP":null,"codTEP":null,"WSName":"DB","rangeAddress":"$FW$353:$FW$390","headAddress":"$FW$353","bodyAddress":"$FW$354:$FW$390","_name":"ручное"},"оперативное":{"_level":2,"parentID":"020fdae6-de44-4af0-aebc-8a57d36f7f31","firstParentID":"3430e424-3a9e-4b25-8649-7ed499ae5477","ID":"a9f8e1d5-9b1c-4d5e-a78d-709aeba341d4","childs":null,"emcosID":null,"emcosMLID":null,"codMaketTEP":null,"codTEP":null,"WSName":"DB","rangeAddress":"$FX$353:$FX$390","headAddress":"$FX$353","bodyAddress":"$FX$354:$FX$390","_name":"оперативное"}},"emcosID":null,"emcosMLID":null,"codMaketTEP":null,"codTEP":null,"WSName":"DB","rangeAddress":"$FT$352:$FX$390","headAddress":"$FT$352:$FX$352","bodyAddress":"$FT$353:$FX$390","_name":"отдача"}},"emcosID":null,"emcosMLID":null,"codMaketTEP":null,"codTEP":null,"WSName":"DB","rangeAddress":"$FO$351:$FX$390","headAddress":"$FO$351:$FX$351","bodyAddress":"$FO$352:$FX$390","_name":"Т1 Робот 143А"}},"codPlan":null,"meterCoef":null,"_name":"Т1 Робот 143А"}