{"ID":"368983b9-4fb3-4da4-9099-6185b7f6dd58","childs":{"PS":{"_level":0,"parentID":"368983b9-4fb3-4da4-9099-6185b7f6dd58","firstParentID":"368983b9-4fb3-4da4-9099-6185b7f6dd58","ID":"32815378-987d-482c-a98f-2cd672ce6594","childs":{"прием":{"_level":1,"parentID":"32815378-987d-482c-a98f-2cd672ce6594","firstParentID":"368983b9-4fb3-4da4-9099-6185b7f6dd58","ID":"8746709c-49e1-4b98-9298-a49fc02704b7","childs":{"оперативное":{"_level":2,"parentID":"8746709c-49e1-4b98-9298-a49fc02704b7","firstParentID":"368983b9-4fb3-4da4-9099-6185b7f6dd58","ID":"7443190c-14f1-400d-a32b-eee70dee2a38","childs":null,"emcosID":null,"emcosMLID":null,"codMaketTEP":null,"codTEP":null,"WSName":"PS","rangeAddress":"$JB$99:$JB$135","headAddress":"$JB$99","bodyAddress":"$JB$100:$JB$135","_name":"оперативное"}},"emcosID":null,"emcosMLID":null,"codMaketTEP":null,"codTEP":null,"WSName":"PS","rangeAddress":"$JB$98:$JB$135","headAddress":"$JB$98","bodyAddress":"$JB$99:$JB$135","_name":"прием"},"отдача":{"_level":1,"parentID":"32815378-987d-482c-a98f-2cd672ce6594","firstParentID":"368983b9-4fb3-4da4-9099-6185b7f6dd58","ID":"259b7d0f-bf27-4b14-8b8d-9d5227cb1527","childs":{"оперативное":{"_level":2,"parentID":"259b7d0f-bf27-4b14-8b8d-9d5227cb1527","firstParentID":"368983b9-4fb3-4da4-9099-6185b7f6dd58","ID":"665a3819-6e0a-433a-8326-a72e745cdb2f","childs":null,"emcosID":null,"emcosMLID":null,"codMaketTEP":null,"codTEP":null,"WSName":"PS","rangeAddress":"$JC$99:$JC$135","headAddress":"$JC$99","bodyAddress":"$JC$100:$JC$135","_name":"оперативное"}},"emcosID":null,"emcosMLID":null,"codMaketTEP":null,"codTEP":null,"WSName":"PS","rangeAddress":"$JC$98:$JC$135","headAddress":"$JC$98","bodyAddress":"$JC$99:$JC$135","_name":"отдача"}},"emcosID":null,"emcosMLID":null,"codMaketTEP":null,"codTEP":null,"WSName":"PS","rangeAddress":"$JB$97:$JC$135","headAddress":"$JB$97:$JC$97","bodyAddress":"$JB$98:$JC$135","_name":"АТ2 Капчагайская 62А"},"DB":{"_level":0,"parentID":"368983b9-4fb3-4da4-9099-6185b7f6dd58","firstParentID":"368983b9-4fb3-4da4-9099-6185b7f6dd58","ID":"fba57c05-8be4-4361-a69a-50df9a3cfef8","childs":{"прием":{"_level":1,"parentID":"fba57c05-8be4-4361-a69a-50df9a3cfef8","firstParentID":"368983b9-4fb3-4da4-9099-6185b7f6dd58","ID":"abdaa08b-4f25-4c6d-b917-ef6bfdb6dc31","childs":{"код":{"_level":2,"parentID":"abdaa08b-4f25-4c6d-b917-ef6bfdb6dc31","firstParentID":"368983b9-4fb3-4da4-9099-6185b7f6dd58","ID":"abd9f2f6-8ac0-4e2b-9845-ad8e8b8a7036","childs":null,"emcosID":null,"emcosMLID":null,"codMaketTEP":null,"codTEP":null,"WSName":"DB","rangeAddress":"$FY$353:$FY$390","headAddress":"$FY$353","bodyAddress":"$FY$354:$FY$390","_name":"код"},"основное":{"_level":2,"parentID":"abdaa08b-4f25-4c6d-b917-ef6bfdb6dc31","firstParentID":"368983b9-4fb3-4da4-9099-6185b7f6dd58","ID":"65550d27-ae6c-4179-9eaf-d11cc4dbffcc","childs":null,"emcosID":null,"emcosMLID":null,"codMaketTEP":null,"codTEP":null,"WSName":"DB","rangeAddress":"$FZ$353:$FZ$390","headAddress":"$FZ$353","bodyAddress":"$FZ$354:$FZ$390","_name":"основное"},"корректировка факт":{"_level":2,"parentID":"abdaa08b-4f25-4c6d-b917-ef6bfdb6dc31","firstParentID":"368983b9-4fb3-4da4-9099-6185b7f6dd58","ID":"7d40f4f5-71c0-4d26-b751-b2c4335fc113","childs":null,"emcosID":null,"emcosMLID":null,"codMaketTEP":null,"codTEP":null,"WSName":"DB","rangeAddress":"$GA$353:$GA$390","headAddress":"$GA$353","bodyAddress":"$GA$354:$GA$390","_name":"корректировка факт"},"ручное":{"_level":2,"parentID":"abdaa08b-4f25-4c6d-b917-ef6bfdb6dc31","firstParentID":"368983b9-4fb3-4da4-9099-6185b7f6dd58","ID":"bc05369b-9a0d-4d33-ba14-ab5d7cc24b03","childs":null,"emcosID":null,"emcosMLID":null,"codMaketTEP":null,"codTEP":null,"WSName":"DB","rangeAddress":"$GB$353:$GB$390","headAddress":"$GB$353","bodyAddress":"$GB$354:$GB$390","_name":"ручное"},"оперативное":{"_level":2,"parentID":"abdaa08b-4f25-4c6d-b917-ef6bfdb6dc31","firstParentID":"368983b9-4fb3-4da4-9099-6185b7f6dd58","ID":"a594c91b-7cad-4963-8a30-d7d810fa679a","childs":null,"emcosID":null,"emcosMLID":null,"codMaketTEP":null,"codTEP":null,"WSName":"DB","rangeAddress":"$GC$353:$GC$390","headAddress":"$GC$353","bodyAddress":"$GC$354:$GC$390","_name":"оперативное"}},"emcosID":null,"emcosMLID":null,"codMaketTEP":null,"codTEP":null,"WSName":"DB","rangeAddress":"$FY$352:$GC$390","headAddress":"$FY$352:$GC$352","bodyAddress":"$FY$353:$GC$390","_name":"прием"},"отдача":{"_level":1,"parentID":"fba57c05-8be4-4361-a69a-50df9a3cfef8","firstParentID":"368983b9-4fb3-4da4-9099-6185b7f6dd58","ID":"7d4d6a21-35d4-4970-9bce-ed34f73474d0","childs":{"код":{"_level":2,"parentID":"7d4d6a21-35d4-4970-9bce-ed34f73474d0","firstParentID":"368983b9-4fb3-4da4-9099-6185b7f6dd58","ID":"0263e9e3-8b63-4a05-8c50-edbfcf335d09","childs":null,"emcosID":null,"emcosMLID":null,"codMaketTEP":null,"codTEP":null,"WSName":"DB","rangeAddress":"$GD$353:$GD$390","headAddress":"$GD$353","bodyAddress":"$GD$354:$GD$390","_name":"код"},"основное":{"_level":2,"parentID":"7d4d6a21-35d4-4970-9bce-ed34f73474d0","firstParentID":"368983b9-4fb3-4da4-9099-6185b7f6dd58","ID":"df8b911c-062f-4eee-aa80-8bf7d47dda9f","childs":null,"emcosID":null,"emcosMLID":null,"codMaketTEP":null,"codTEP":null,"WSName":"DB","rangeAddress":"$GE$353:$GE$390","headAddress":"$GE$353","bodyAddress":"$GE$354:$GE$390","_name":"основное"},"корректировка факт":{"_level":2,"parentID":"7d4d6a21-35d4-4970-9bce-ed34f73474d0","firstParentID":"368983b9-4fb3-4da4-9099-6185b7f6dd58","ID":"f052c7aa-97de-4d23-8f93-898c6789fa2c","childs":null,"emcosID":null,"emcosMLID":null,"codMaketTEP":null,"codTEP":null,"WSName":"DB","rangeAddress":"$GF$353:$GF$390","headAddress":"$GF$353","bodyAddress":"$GF$354:$GF$390","_name":"корректировка факт"},"ручное":{"_level":2,"parentID":"7d4d6a21-35d4-4970-9bce-ed34f73474d0","firstParentID":"368983b9-4fb3-4da4-9099-6185b7f6dd58","ID":"949974b1-f184-46f3-adac-a2817cb05aa0","childs":null,"emcosID":null,"emcosMLID":null,"codMaketTEP":null,"codTEP":null,"WSName":"DB","rangeAddress":"$GG$353:$GG$390","headAddress":"$GG$353","bodyAddress":"$GG$354:$GG$390","_name":"ручное"},"оперативное":{"_level":2,"parentID":"7d4d6a21-35d4-4970-9bce-ed34f73474d0","firstParentID":"368983b9-4fb3-4da4-9099-6185b7f6dd58","ID":"8a64e3fd-8c07-4e2b-9f8a-45832ce7501d","childs":null,"emcosID":null,"emcosMLID":null,"codMaketTEP":null,"codTEP":null,"WSName":"DB","rangeAddress":"$GH$353:$GH$390","headAddress":"$GH$353","bodyAddress":"$GH$354:$GH$390","_name":"оперативное"}},"emcosID":null,"emcosMLID":null,"codMaketTEP":null,"codTEP":null,"WSName":"DB","rangeAddress":"$GD$352:$GH$390","headAddress":"$GD$352:$GH$352","bodyAddress":"$GD$353:$GH$390","_name":"отдача"}},"emcosID":null,"emcosMLID":null,"codMaketTEP":null,"codTEP":null,"WSName":"DB","rangeAddress":"$FY$351:$GH$390","headAddress":"$FY$351:$GH$351","bodyAddress":"$FY$352:$GH$390","_name":"АТ2 Капчагайская 62А"}},"codPlan":null,"meterCoef":null,"_name":"АТ2 Капчагайская 62А"}