{"ID":"3ae62194-cc1e-4b1c-b83a-b5e8fc8412ee","childs":{"PS":{"_level":0,"parentID":"3ae62194-cc1e-4b1c-b83a-b5e8fc8412ee","firstParentID":"3ae62194-cc1e-4b1c-b83a-b5e8fc8412ee","ID":"077fd979-8051-45c7-a097-070492eaec22","childs":{"отдача":{"_level":1,"parentID":"077fd979-8051-45c7-a097-070492eaec22","firstParentID":"3ae62194-cc1e-4b1c-b83a-b5e8fc8412ee","ID":"a9e5dac0-4e2f-4cb4-8087-6036c9e96267","childs":{"по счетчику":{"_level":2,"parentID":"a9e5dac0-4e2f-4cb4-8087-6036c9e96267","firstParentID":"3ae62194-cc1e-4b1c-b83a-b5e8fc8412ee","ID":"e7bf3e0a-82d8-4375-817d-37aab52c47a3","childs":null,"emcosID":null,"emcosMLID":null,"codMaketTEP":null,"codTEP":null,"WSName":"PS","rangeAddress":"$BF$99:$BF$135","headAddress":"$BF$99","bodyAddress":"$BF$100:$BF$135","_name":"по счетчику"}},"emcosID":null,"emcosMLID":null,"codMaketTEP":null,"codTEP":null,"WSName":"PS","rangeAddress":"$BF$98:$BF$135","headAddress":"$BF$98","bodyAddress":"$BF$99:$BF$135","_name":"отдача"}},"emcosID":null,"emcosMLID":null,"codMaketTEP":null,"codTEP":null,"WSName":"PS","rangeAddress":"$BF$97:$BF$135","headAddress":"$BF$97","bodyAddress":"$BF$98:$BF$135","_name":"Л8 ПС126 Талдыкорган"},"DB":{"_level":0,"parentID":"3ae62194-cc1e-4b1c-b83a-b5e8fc8412ee","firstParentID":"3ae62194-cc1e-4b1c-b83a-b5e8fc8412ee","ID":"2f2e4d08-0e01-418b-93d2-1b22f2d6b74c","childs":{"отдача":{"_level":1,"parentID":"2f2e4d08-0e01-418b-93d2-1b22f2d6b74c","firstParentID":"3ae62194-cc1e-4b1c-b83a-b5e8fc8412ee","ID":"9aa7b789-1250-4b81-9a48-ed939096f2c9","childs":{"код":{"_level":2,"parentID":"9aa7b789-1250-4b81-9a48-ed939096f2c9","firstParentID":"3ae62194-cc1e-4b1c-b83a-b5e8fc8412ee","ID":"784d9a99-ed94-4343-b509-7e56704cdb4e","childs":null,"emcosID":null,"emcosMLID":null,"codMaketTEP":null,"codTEP":null,"WSName":"DB","rangeAddress":"$T$353:$T$390","headAddress":"$T$353","bodyAddress":"$T$354:$T$390","_name":"код"},"основное":{"_level":2,"parentID":"9aa7b789-1250-4b81-9a48-ed939096f2c9","firstParentID":"3ae62194-cc1e-4b1c-b83a-b5e8fc8412ee","ID":"5df95f1b-7e17-4201-a699-1ca651cecd1a","childs":null,"emcosID":null,"emcosMLID":null,"codMaketTEP":null,"codTEP":null,"WSName":"DB","rangeAddress":"$U$353:$U$390","headAddress":"$U$353","bodyAddress":"$U$354:$U$390","_name":"основное"},"корректировка факт":{"_level":2,"parentID":"9aa7b789-1250-4b81-9a48-ed939096f2c9","firstParentID":"3ae62194-cc1e-4b1c-b83a-b5e8fc8412ee","ID":"3dc10b37-5f70-43e9-87b3-b19203ccdbbb","childs":null,"emcosID":null,"emcosMLID":null,"codMaketTEP":null,"codTEP":null,"WSName":"DB","rangeAddress":"$V$353:$V$390","headAddress":"$V$353","bodyAddress":"$V$354:$V$390","_name":"корректировка факт"},"ручное":{"_level":2,"parentID":"9aa7b789-1250-4b81-9a48-ed939096f2c9","firstParentID":"3ae62194-cc1e-4b1c-b83a-b5e8fc8412ee","ID":"79ad3310-dd63-4f9c-849e-a370d735e5cc","childs":null,"emcosID":null,"emcosMLID":null,"codMaketTEP":null,"codTEP":null,"WSName":"DB","rangeAddress":"$W$353:$W$390","headAddress":"$W$353","bodyAddress":"$W$354:$W$390","_name":"ручное"},"счетчик":{"_level":2,"parentID":"9aa7b789-1250-4b81-9a48-ed939096f2c9","firstParentID":"3ae62194-cc1e-4b1c-b83a-b5e8fc8412ee","ID":"7126e35f-1108-4a1b-9fa4-4696e75e7c69","childs":null,"emcosID":null,"emcosMLID":null,"codMaketTEP":null,"codTEP":null,"WSName":"DB","rangeAddress":"$X$353:$X$390","headAddress":"$X$353","bodyAddress":"$X$354:$X$390","_name":"счетчик"},"по счетчику":{"_level":2,"parentID":"9aa7b789-1250-4b81-9a48-ed939096f2c9","firstParentID":"3ae62194-cc1e-4b1c-b83a-b5e8fc8412ee","ID":"43e96f01-8149-40a9-9313-28ef5ee74bcc","childs":null,"emcosID":null,"emcosMLID":null,"codMaketTEP":null,"codTEP":null,"WSName":"DB","rangeAddress":"$Y$353:$Y$390","headAddress":"$Y$353","bodyAddress":"$Y$354:$Y$390","_name":"по счетчику"}},"emcosID":null,"emcosMLID":null,"codMaketTEP":null,"codTEP":null,"WSName":"DB","rangeAddress":"$T$352:$Y$390","headAddress":"$T$352:$Y$352","bodyAddress":"$T$353:$Y$390","_name":"отдача"}},"emcosID":null,"emcosMLID":null,"codMaketTEP":null,"codTEP":null,"WSName":"DB","rangeAddress":"$T$351:$Y$390","headAddress":"$T$351:$Y$351","bodyAddress":"$T$352:$Y$390","_name":"Л8 ПС126 Талдыкорган"}},"codPlan":null,"meterCoef":"2","_name":"Л8 ПС126 Талдыкорган"}