{"ID":"3c0de697-84f2-45e3-87f8-f851fe2eff8e","childs":{"PS":{"_level":0,"parentID":"3c0de697-84f2-45e3-87f8-f851fe2eff8e","firstParentID":"3c0de697-84f2-45e3-87f8-f851fe2eff8e","ID":"d11ddc94-a964-491b-ba6a-b6a891b8b5a3","childs":{"прием":{"_level":1,"parentID":"d11ddc94-a964-491b-ba6a-b6a891b8b5a3","firstParentID":"3c0de697-84f2-45e3-87f8-f851fe2eff8e","ID":"dd90228b-3666-4284-9771-3192b6b3b41d","childs":{"по плану":{"_level":2,"parentID":"dd90228b-3666-4284-9771-3192b6b3b41d","firstParentID":"3c0de697-84f2-45e3-87f8-f851fe2eff8e","ID":"8bd94fc3-144f-4fe8-a868-0b73c9f30a8d","childs":null,"emcosID":null,"emcosMLID":null,"codMaketTEP":null,"codTEP":null,"WSName":"PS","rangeAddress":"$Y$185:$Y$221","headAddress":"$Y$185","bodyAddress":"$Y$186:$Y$221","_name":"по плану"}},"emcosID":null,"emcosMLID":null,"codMaketTEP":1395,"codTEP":null,"WSName":"PS","rangeAddress":"$Y$184:$Y$221","headAddress":"$Y$184","bodyAddress":"$Y$185:$Y$221","_name":"прием"},"план":{"_level":1,"parentID":"d11ddc94-a964-491b-ba6a-b6a891b8b5a3","firstParentID":"3c0de697-84f2-45e3-87f8-f851fe2eff8e","ID":"d5eff10e-f984-4c6d-9d93-2eea427a2faf","childs":{"заявка":{"_level":2,"parentID":"d5eff10e-f984-4c6d-9d93-2eea427a2faf","firstParentID":"3c0de697-84f2-45e3-87f8-f851fe2eff8e","ID":"d57a2bca-8faf-4afe-9861-948adae7dffa","childs":null,"emcosID":null,"emcosMLID":null,"codMaketTEP":null,"codTEP":null,"WSName":"PS","rangeAddress":"$Z$185:$Z$221","headAddress":"$Z$185","bodyAddress":"$Z$186:$Z$221","_name":"заявка"}},"emcosID":null,"emcosMLID":null,"codMaketTEP":null,"codTEP":null,"WSName":"PS","rangeAddress":"$Z$184:$Z$221","headAddress":"$Z$184","bodyAddress":"$Z$185:$Z$221","_name":"план"}},"emcosID":null,"emcosMLID":null,"codMaketTEP":null,"codTEP":null,"WSName":"PS","rangeAddress":"$Y$183:$Z$221","headAddress":"$Y$183:$Z$183","bodyAddress":"$Y$184:$Z$221","_name":"Потребление Энергоснаб XXI Алматы"},"DB":{"_level":0,"parentID":"3c0de697-84f2-45e3-87f8-f851fe2eff8e","firstParentID":"3c0de697-84f2-45e3-87f8-f851fe2eff8e","ID":"29ff2dc1-c950-4f73-9e1e-c0f0991633dc","childs":{"прием":{"_level":1,"parentID":"29ff2dc1-c950-4f73-9e1e-c0f0991633dc","firstParentID":"3c0de697-84f2-45e3-87f8-f851fe2eff8e","ID":"51bb5482-c8f0-4cac-81c4-13007089b1bb","childs":{"код":{"_level":2,"parentID":"51bb5482-c8f0-4cac-81c4-13007089b1bb","firstParentID":"3c0de697-84f2-45e3-87f8-f851fe2eff8e","ID":"5c891d95-b92b-48cd-9d2a-e371e1e004ec","childs":null,"emcosID":null,"emcosMLID":null,"codMaketTEP":null,"codTEP":null,"WSName":"DB","rangeAddress":"$FP$439:$FP$476","headAddress":"$FP$439","bodyAddress":"$FP$440:$FP$476","_name":"код"},"основное":{"_level":2,"parentID":"51bb5482-c8f0-4cac-81c4-13007089b1bb","firstParentID":"3c0de697-84f2-45e3-87f8-f851fe2eff8e","ID":"9ea35bc5-378a-4ae3-8248-0706d711deda","childs":null,"emcosID":null,"emcosMLID":null,"codMaketTEP":null,"codTEP":null,"WSName":"DB","rangeAddress":"$FQ$439:$FQ$476","headAddress":"$FQ$439","bodyAddress":"$FQ$440:$FQ$476","_name":"основное"},"корректировка факт":{"_level":2,"parentID":"51bb5482-c8f0-4cac-81c4-13007089b1bb","firstParentID":"3c0de697-84f2-45e3-87f8-f851fe2eff8e","ID":"52367c10-3465-42ce-9f55-e72ede73fd32","childs":null,"emcosID":null,"emcosMLID":null,"codMaketTEP":null,"codTEP":null,"WSName":"DB","rangeAddress":"$FR$439:$FR$476","headAddress":"$FR$439","bodyAddress":"$FR$440:$FR$476","_name":"корректировка факт"},"ручное":{"_level":2,"parentID":"51bb5482-c8f0-4cac-81c4-13007089b1bb","firstParentID":"3c0de697-84f2-45e3-87f8-f851fe2eff8e","ID":"b305d211-297d-48bd-bfa5-ad2e21bea22d","childs":null,"emcosID":null,"emcosMLID":null,"codMaketTEP":null,"codTEP":null,"WSName":"DB","rangeAddress":"$FS$439:$FS$476","headAddress":"$FS$439","bodyAddress":"$FS$440:$FS$476","_name":"ручное"},"по плану":{"_level":2,"parentID":"51bb5482-c8f0-4cac-81c4-13007089b1bb","firstParentID":"3c0de697-84f2-45e3-87f8-f851fe2eff8e","ID":"70cbc0d9-132d-4908-bcd1-04d70ac80343","childs":null,"emcosID":null,"emcosMLID":null,"codMaketTEP":null,"codTEP":null,"WSName":"DB","rangeAddress":"$FT$439:$FT$476","headAddress":"$FT$439","bodyAddress":"$FT$440:$FT$476","_name":"по плану"}},"emcosID":null,"emcosMLID":null,"codMaketTEP":null,"codTEP":null,"WSName":"DB","rangeAddress":"$FP$438:$FT$476","headAddress":"$FP$438:$FT$438","bodyAddress":"$FP$439:$FT$476","_name":"прием"},"план":{"_level":1,"parentID":"29ff2dc1-c950-4f73-9e1e-c0f0991633dc","firstParentID":"3c0de697-84f2-45e3-87f8-f851fe2eff8e","ID":"eed66fbc-9213-4600-93a6-859caf1f5e22","childs":{"код":{"_level":2,"parentID":"eed66fbc-9213-4600-93a6-859caf1f5e22","firstParentID":"3c0de697-84f2-45e3-87f8-f851fe2eff8e","ID":"f84769ea-5cec-4670-8a0d-13d8a352bf8f","childs":null,"emcosID":null,"emcosMLID":null,"codMaketTEP":null,"codTEP":null,"WSName":"DB","rangeAddress":"$FU$439:$FU$476","headAddress":"$FU$439","bodyAddress":"$FU$440:$FU$476","_name":"код"},"основное":{"_level":2,"parentID":"eed66fbc-9213-4600-93a6-859caf1f5e22","firstParentID":"3c0de697-84f2-45e3-87f8-f851fe2eff8e","ID":"b9b896ab-6e0e-4863-badb-4684083214a6","childs":null,"emcosID":null,"emcosMLID":null,"codMaketTEP":null,"codTEP":null,"WSName":"DB","rangeAddress":"$FV$439:$FV$476","headAddress":"$FV$439","bodyAddress":"$FV$440:$FV$476","_name":"основное"},"заявка":{"_level":2,"parentID":"eed66fbc-9213-4600-93a6-859caf1f5e22","firstParentID":"3c0de697-84f2-45e3-87f8-f851fe2eff8e","ID":"aade4384-592b-49b2-8874-1efe57e31bfb","childs":null,"emcosID":null,"emcosMLID":null,"codMaketTEP":null,"codTEP":null,"WSName":"DB","rangeAddress":"$FW$439:$FW$476","headAddress":"$FW$439","bodyAddress":"$FW$440:$FW$476","_name":"заявка"},"утвержденный":{"_level":2,"parentID":"eed66fbc-9213-4600-93a6-859caf1f5e22","firstParentID":"3c0de697-84f2-45e3-87f8-f851fe2eff8e","ID":"b22c6dfc-5969-4f2f-84f0-e27adb5dc395","childs":null,"emcosID":null,"emcosMLID":null,"codMaketTEP":null,"codTEP":null,"WSName":"DB","rangeAddress":"$FX$439:$FX$476","headAddress":"$FX$439","bodyAddress":"$FX$440:$FX$476","_name":"утвержденный"},"корректировка":{"_level":2,"parentID":"eed66fbc-9213-4600-93a6-859caf1f5e22","firstParentID":"3c0de697-84f2-45e3-87f8-f851fe2eff8e","ID":"19c36d5c-4055-4c01-a862-3d2c3c6124c7","childs":null,"emcosID":null,"emcosMLID":null,"codMaketTEP":null,"codTEP":null,"WSName":"DB","rangeAddress":"$FY$439:$FY$476","headAddress":"$FY$439","bodyAddress":"$FY$440:$FY$476","_name":"корректировка"}},"emcosID":null,"emcosMLID":null,"codMaketTEP":null,"codTEP":null,"WSName":"DB","rangeAddress":"$FU$438:$FY$476","headAddress":"$FU$438:$FY$438","bodyAddress":"$FU$439:$FY$476","_name":"план"}},"emcosID":null,"emcosMLID":null,"codMaketTEP":null,"codTEP":null,"WSName":"DB","rangeAddress":"$FP$437:$FY$476","headAddress":"$FP$437:$FY$437","bodyAddress":"$FP$438:$FY$476","_name":"Потребление Энергоснаб XXI Алматы"}},"codPlan":97,"meterCoef":null,"_name":"Потребление Энергоснаб XXI Алматы"}