{"ID":"404adf5b-b062-4e3a-9a82-2f1a4904940f","childs":{"PS":{"_level":0,"parentID":"404adf5b-b062-4e3a-9a82-2f1a4904940f","firstParentID":"404adf5b-b062-4e3a-9a82-2f1a4904940f","ID":"691be6f9-ee6b-4ed0-a08c-d277f601ee8d","childs":{"прием":{"_level":1,"parentID":"691be6f9-ee6b-4ed0-a08c-d277f601ee8d","firstParentID":"404adf5b-b062-4e3a-9a82-2f1a4904940f","ID":"2448d40d-97b4-471a-9812-9f4fee47b1bc","childs":{"формула":{"_level":2,"parentID":"2448d40d-97b4-471a-9812-9f4fee47b1bc","firstParentID":"404adf5b-b062-4e3a-9a82-2f1a4904940f","ID":"8d3fd829-1ef7-4b9f-94ee-229fe7472411","childs":null,"emcosID":null,"emcosMLID":null,"codMaketTEP":null,"codTEP":null,"WSName":"PS","rangeAddress":"$AS$185:$AS$221","headAddress":"$AS$185","bodyAddress":"$AS$186:$AS$221","_name":"формула"}},"emcosID":null,"emcosMLID":null,"codMaketTEP":1329,"codTEP":null,"WSName":"PS","rangeAddress":"$AS$184:$AS$221","headAddress":"$AS$184","bodyAddress":"$AS$185:$AS$221","_name":"прием"},"план":{"_level":1,"parentID":"691be6f9-ee6b-4ed0-a08c-d277f601ee8d","firstParentID":"404adf5b-b062-4e3a-9a82-2f1a4904940f","ID":"470a907a-406f-4b8b-b440-ece03974b9eb","childs":{"заявка":{"_level":2,"parentID":"470a907a-406f-4b8b-b440-ece03974b9eb","firstParentID":"404adf5b-b062-4e3a-9a82-2f1a4904940f","ID":"e733db87-aa61-4bce-8759-6429fe7f9423","childs":null,"emcosID":null,"emcosMLID":null,"codMaketTEP":null,"codTEP":null,"WSName":"PS","rangeAddress":"$AT$185:$AT$221","headAddress":"$AT$185","bodyAddress":"$AT$186:$AT$221","_name":"заявка"}},"emcosID":null,"emcosMLID":null,"codMaketTEP":null,"codTEP":null,"WSName":"PS","rangeAddress":"$AT$184:$AT$221","headAddress":"$AT$184","bodyAddress":"$AT$185:$AT$221","_name":"план"}},"emcosID":null,"emcosMLID":null,"codMaketTEP":null,"codTEP":null,"WSName":"PS","rangeAddress":"$AS$183:$AT$221","headAddress":"$AS$183:$AT$183","bodyAddress":"$AS$184:$AT$221","_name":"Потребление Росэлко трэйд Алматы"},"DB":{"_level":0,"parentID":"404adf5b-b062-4e3a-9a82-2f1a4904940f","firstParentID":"404adf5b-b062-4e3a-9a82-2f1a4904940f","ID":"cccebc89-5bb4-4466-8c29-e5f53e722edd","childs":{"прием":{"_level":1,"parentID":"cccebc89-5bb4-4466-8c29-e5f53e722edd","firstParentID":"404adf5b-b062-4e3a-9a82-2f1a4904940f","ID":"3e5d37d3-d087-4351-92d6-d4e74a69a33f","childs":{"код":{"_level":2,"parentID":"3e5d37d3-d087-4351-92d6-d4e74a69a33f","firstParentID":"404adf5b-b062-4e3a-9a82-2f1a4904940f","ID":"6cb24501-32f6-4946-91a4-6c9cb81f837d","childs":null,"emcosID":null,"emcosMLID":null,"codMaketTEP":null,"codTEP":null,"WSName":"DB","rangeAddress":"$BO$439:$BO$476","headAddress":"$BO$439","bodyAddress":"$BO$440:$BO$476","_name":"код"},"основное":{"_level":2,"parentID":"3e5d37d3-d087-4351-92d6-d4e74a69a33f","firstParentID":"404adf5b-b062-4e3a-9a82-2f1a4904940f","ID":"43a57309-b820-451a-943a-d11a80033ae5","childs":null,"emcosID":null,"emcosMLID":null,"codMaketTEP":null,"codTEP":null,"WSName":"DB","rangeAddress":"$BP$439:$BP$476","headAddress":"$BP$439","bodyAddress":"$BP$440:$BP$476","_name":"основное"},"корректировка факт":{"_level":2,"parentID":"3e5d37d3-d087-4351-92d6-d4e74a69a33f","firstParentID":"404adf5b-b062-4e3a-9a82-2f1a4904940f","ID":"ebd395e2-adc8-4ba3-b2da-0ea912ad1e3b","childs":null,"emcosID":null,"emcosMLID":null,"codMaketTEP":null,"codTEP":null,"WSName":"DB","rangeAddress":"$BQ$439:$BQ$476","headAddress":"$BQ$439","bodyAddress":"$BQ$440:$BQ$476","_name":"корректировка факт"},"ручное":{"_level":2,"parentID":"3e5d37d3-d087-4351-92d6-d4e74a69a33f","firstParentID":"404adf5b-b062-4e3a-9a82-2f1a4904940f","ID":"ebfc9ba3-e2c8-4ebb-9341-94b72c87efa3","childs":null,"emcosID":null,"emcosMLID":null,"codMaketTEP":null,"codTEP":null,"WSName":"DB","rangeAddress":"$BR$439:$BR$476","headAddress":"$BR$439","bodyAddress":"$BR$440:$BR$476","_name":"ручное"},"по плану":{"_level":2,"parentID":"3e5d37d3-d087-4351-92d6-d4e74a69a33f","firstParentID":"404adf5b-b062-4e3a-9a82-2f1a4904940f","ID":"6399bb9b-3813-4107-b243-e8add048e228","childs":null,"emcosID":null,"emcosMLID":null,"codMaketTEP":null,"codTEP":null,"WSName":"DB","rangeAddress":"$BS$439:$BS$476","headAddress":"$BS$439","bodyAddress":"$BS$440:$BS$476","_name":"по плану"},"формула":{"_level":2,"parentID":"3e5d37d3-d087-4351-92d6-d4e74a69a33f","firstParentID":"404adf5b-b062-4e3a-9a82-2f1a4904940f","ID":"2acd7d29-d073-47c7-9c84-41d6d026b049","childs":null,"emcosID":null,"emcosMLID":null,"codMaketTEP":null,"codTEP":null,"WSName":"DB","rangeAddress":"$BT$439:$BT$476","headAddress":"$BT$439","bodyAddress":"$BT$440:$BT$476","_name":"формула"}},"emcosID":null,"emcosMLID":null,"codMaketTEP":null,"codTEP":null,"WSName":"DB","rangeAddress":"$BO$438:$BT$476","headAddress":"$BO$438:$BT$438","bodyAddress":"$BO$439:$BT$476","_name":"прием"},"план":{"_level":1,"parentID":"cccebc89-5bb4-4466-8c29-e5f53e722edd","firstParentID":"404adf5b-b062-4e3a-9a82-2f1a4904940f","ID":"6d2de050-7267-4b0a-9f6d-201dbb6504d3","childs":{"код":{"_level":2,"parentID":"6d2de050-7267-4b0a-9f6d-201dbb6504d3","firstParentID":"404adf5b-b062-4e3a-9a82-2f1a4904940f","ID":"ee7d67b3-8f30-41b6-9553-580fb282feb8","childs":null,"emcosID":null,"emcosMLID":null,"codMaketTEP":null,"codTEP":null,"WSName":"DB","rangeAddress":"$BU$439:$BU$476","headAddress":"$BU$439","bodyAddress":"$BU$440:$BU$476","_name":"код"},"основное":{"_level":2,"parentID":"6d2de050-7267-4b0a-9f6d-201dbb6504d3","firstParentID":"404adf5b-b062-4e3a-9a82-2f1a4904940f","ID":"b55de27b-ec95-4945-b0a7-26fdc32e435c","childs":null,"emcosID":null,"emcosMLID":null,"codMaketTEP":null,"codTEP":null,"WSName":"DB","rangeAddress":"$BV$439:$BV$476","headAddress":"$BV$439","bodyAddress":"$BV$440:$BV$476","_name":"основное"},"заявка":{"_level":2,"parentID":"6d2de050-7267-4b0a-9f6d-201dbb6504d3","firstParentID":"404adf5b-b062-4e3a-9a82-2f1a4904940f","ID":"bad9d802-777b-484f-a059-fafbe3f07b3e","childs":null,"emcosID":null,"emcosMLID":null,"codMaketTEP":null,"codTEP":null,"WSName":"DB","rangeAddress":"$BW$439:$BW$476","headAddress":"$BW$439","bodyAddress":"$BW$440:$BW$476","_name":"заявка"},"утвержденный":{"_level":2,"parentID":"6d2de050-7267-4b0a-9f6d-201dbb6504d3","firstParentID":"404adf5b-b062-4e3a-9a82-2f1a4904940f","ID":"18020594-08dc-4ca9-8ded-948add483ca5","childs":null,"emcosID":null,"emcosMLID":null,"codMaketTEP":null,"codTEP":null,"WSName":"DB","rangeAddress":"$BX$439:$BX$476","headAddress":"$BX$439","bodyAddress":"$BX$440:$BX$476","_name":"утвержденный"},"корректировка":{"_level":2,"parentID":"6d2de050-7267-4b0a-9f6d-201dbb6504d3","firstParentID":"404adf5b-b062-4e3a-9a82-2f1a4904940f","ID":"a73a2bf4-1cd2-4031-902f-134d6a37c9f0","childs":null,"emcosID":null,"emcosMLID":null,"codMaketTEP":null,"codTEP":null,"WSName":"DB","rangeAddress":"$BY$439:$BY$476","headAddress":"$BY$439","bodyAddress":"$BY$440:$BY$476","_name":"корректировка"}},"emcosID":null,"emcosMLID":null,"codMaketTEP":null,"codTEP":null,"WSName":"DB","rangeAddress":"$BU$438:$BY$476","headAddress":"$BU$438:$BY$438","bodyAddress":"$BU$439:$BY$476","_name":"план"}},"emcosID":null,"emcosMLID":null,"codMaketTEP":null,"codTEP":null,"WSName":"DB","rangeAddress":"$BO$437:$BY$476","headAddress":"$BO$437:$BY$437","bodyAddress":"$BO$438:$BY$476","_name":"Потребление Росэлко трэйд Алматы"}},"codPlan":113,"meterCoef":null,"_name":"Потребление Росэлко трэйд Алматы"}