{"ID":"43abf702-57ad-43ef-b82f-84f3168cc3f6","childs":{"PS":{"_level":0,"parentID":"43abf702-57ad-43ef-b82f-84f3168cc3f6","firstParentID":"43abf702-57ad-43ef-b82f-84f3168cc3f6","ID":"34cf4c06-d98a-438c-84b3-c89b6c654cb4","childs":{"прием":{"_level":1,"parentID":"34cf4c06-d98a-438c-84b3-c89b6c654cb4","firstParentID":"43abf702-57ad-43ef-b82f-84f3168cc3f6","ID":"bb242c2f-290b-430f-acfa-00199289f069","childs":{"по плану":{"_level":2,"parentID":"bb242c2f-290b-430f-acfa-00199289f069","firstParentID":"43abf702-57ad-43ef-b82f-84f3168cc3f6","ID":"4fee5f6f-246d-48e5-8ef8-3d6107af4d55","childs":null,"emcosID":null,"emcosMLID":null,"codMaketTEP":null,"codTEP":null,"WSName":"PS","rangeAddress":"$AX$185:$AX$221","headAddress":"$AX$185","bodyAddress":"$AX$186:$AX$221","_name":"по плану"}},"emcosID":null,"emcosMLID":null,"codMaketTEP":1390,"codTEP":null,"WSName":"PS","rangeAddress":"$AX$184:$AX$221","headAddress":"$AX$184","bodyAddress":"$AX$185:$AX$221","_name":"прием"},"план":{"_level":1,"parentID":"34cf4c06-d98a-438c-84b3-c89b6c654cb4","firstParentID":"43abf702-57ad-43ef-b82f-84f3168cc3f6","ID":"b96ebf22-ebb9-4992-91a6-9c11261e9ae7","childs":{"заявка":{"_level":2,"parentID":"b96ebf22-ebb9-4992-91a6-9c11261e9ae7","firstParentID":"43abf702-57ad-43ef-b82f-84f3168cc3f6","ID":"ebbcde6b-9ca5-476a-a7ea-6fff942d1c6b","childs":null,"emcosID":null,"emcosMLID":null,"codMaketTEP":null,"codTEP":null,"WSName":"PS","rangeAddress":"$AY$185:$AY$221","headAddress":"$AY$185","bodyAddress":"$AY$186:$AY$221","_name":"заявка"}},"emcosID":null,"emcosMLID":null,"codMaketTEP":null,"codTEP":null,"WSName":"PS","rangeAddress":"$AY$184:$AY$221","headAddress":"$AY$184","bodyAddress":"$AY$185:$AY$221","_name":"план"}},"emcosID":null,"emcosMLID":null,"codMaketTEP":null,"codTEP":null,"WSName":"PS","rangeAddress":"$AX$183:$AY$221","headAddress":"$AX$183:$AY$183","bodyAddress":"$AX$184:$AY$221","_name":"Потребление SilkWayEnergy Алматы"},"DB":{"_level":0,"parentID":"43abf702-57ad-43ef-b82f-84f3168cc3f6","firstParentID":"43abf702-57ad-43ef-b82f-84f3168cc3f6","ID":"ee9f514e-44c4-4e30-ba89-30739b3c2e1c","childs":{"прием":{"_level":1,"parentID":"ee9f514e-44c4-4e30-ba89-30739b3c2e1c","firstParentID":"43abf702-57ad-43ef-b82f-84f3168cc3f6","ID":"56853b36-3e3e-423f-9e48-fae2ca002bd2","childs":{"код":{"_level":2,"parentID":"56853b36-3e3e-423f-9e48-fae2ca002bd2","firstParentID":"43abf702-57ad-43ef-b82f-84f3168cc3f6","ID":"7596b966-b2c9-4949-b134-4fdc8453cb29","childs":null,"emcosID":null,"emcosMLID":null,"codMaketTEP":null,"codTEP":null,"WSName":"DB","rangeAddress":"$S$353:$S$390","headAddress":"$S$353","bodyAddress":"$S$354:$S$390","_name":"код"},"основное":{"_level":2,"parentID":"56853b36-3e3e-423f-9e48-fae2ca002bd2","firstParentID":"43abf702-57ad-43ef-b82f-84f3168cc3f6","ID":"87ac89e7-426c-42ec-aa0f-3253e37fb260","childs":null,"emcosID":null,"emcosMLID":null,"codMaketTEP":null,"codTEP":null,"WSName":"DB","rangeAddress":"$T$353:$T$390","headAddress":"$T$353","bodyAddress":"$T$354:$T$390","_name":"основное"},"корректировка факт":{"_level":2,"parentID":"56853b36-3e3e-423f-9e48-fae2ca002bd2","firstParentID":"43abf702-57ad-43ef-b82f-84f3168cc3f6","ID":"ca30db39-13b3-41aa-ba08-abc3553878ed","childs":null,"emcosID":null,"emcosMLID":null,"codMaketTEP":null,"codTEP":null,"WSName":"DB","rangeAddress":"$U$353:$U$390","headAddress":"$U$353","bodyAddress":"$U$354:$U$390","_name":"корректировка факт"},"ручное":{"_level":2,"parentID":"56853b36-3e3e-423f-9e48-fae2ca002bd2","firstParentID":"43abf702-57ad-43ef-b82f-84f3168cc3f6","ID":"f8136e0c-4340-4650-bb10-1a9f290be073","childs":null,"emcosID":null,"emcosMLID":null,"codMaketTEP":null,"codTEP":null,"WSName":"DB","rangeAddress":"$V$353:$V$390","headAddress":"$V$353","bodyAddress":"$V$354:$V$390","_name":"ручное"},"формула":{"_level":2,"parentID":"56853b36-3e3e-423f-9e48-fae2ca002bd2","firstParentID":"43abf702-57ad-43ef-b82f-84f3168cc3f6","ID":"ab7f304d-a321-42cc-8f35-fd9fb6ac8a32","childs":null,"emcosID":null,"emcosMLID":null,"codMaketTEP":null,"codTEP":null,"WSName":"DB","rangeAddress":"$W$353:$W$390","headAddress":"$W$353","bodyAddress":"$W$354:$W$390","_name":"формула"},"по плану":{"_level":2,"parentID":"56853b36-3e3e-423f-9e48-fae2ca002bd2","firstParentID":"43abf702-57ad-43ef-b82f-84f3168cc3f6","ID":"ab260c4b-f47f-4fe5-915e-3abc74abb9fc","childs":null,"emcosID":null,"emcosMLID":null,"codMaketTEP":null,"codTEP":null,"WSName":"DB","rangeAddress":"$X$353:$X$390","headAddress":"$X$353","bodyAddress":"$X$354:$X$390","_name":"по плану"}},"emcosID":null,"emcosMLID":null,"codMaketTEP":null,"codTEP":null,"WSName":"DB","rangeAddress":"$S$352:$X$390","headAddress":"$S$352:$X$352","bodyAddress":"$S$353:$X$390","_name":"прием"},"план":{"_level":1,"parentID":"ee9f514e-44c4-4e30-ba89-30739b3c2e1c","firstParentID":"43abf702-57ad-43ef-b82f-84f3168cc3f6","ID":"93325288-b28e-45e8-b5e9-4ab79044db63","childs":{"код":{"_level":2,"parentID":"93325288-b28e-45e8-b5e9-4ab79044db63","firstParentID":"43abf702-57ad-43ef-b82f-84f3168cc3f6","ID":"73d2cec1-5903-460f-bec8-ed4b8981a0f8","childs":null,"emcosID":null,"emcosMLID":null,"codMaketTEP":null,"codTEP":null,"WSName":"DB","rangeAddress":"$Y$353:$Y$390","headAddress":"$Y$353","bodyAddress":"$Y$354:$Y$390","_name":"код"},"основное":{"_level":2,"parentID":"93325288-b28e-45e8-b5e9-4ab79044db63","firstParentID":"43abf702-57ad-43ef-b82f-84f3168cc3f6","ID":"e3e10804-3933-4a12-9db3-c79e2eaa92f7","childs":null,"emcosID":null,"emcosMLID":null,"codMaketTEP":null,"codTEP":null,"WSName":"DB","rangeAddress":"$Z$353:$Z$390","headAddress":"$Z$353","bodyAddress":"$Z$354:$Z$390","_name":"основное"},"заявка":{"_level":2,"parentID":"93325288-b28e-45e8-b5e9-4ab79044db63","firstParentID":"43abf702-57ad-43ef-b82f-84f3168cc3f6","ID":"6e8664ba-20a0-488a-9421-67a2974dfac3","childs":null,"emcosID":null,"emcosMLID":null,"codMaketTEP":null,"codTEP":null,"WSName":"DB","rangeAddress":"$AA$353:$AA$390","headAddress":"$AA$353","bodyAddress":"$AA$354:$AA$390","_name":"заявка"},"утвержденный":{"_level":2,"parentID":"93325288-b28e-45e8-b5e9-4ab79044db63","firstParentID":"43abf702-57ad-43ef-b82f-84f3168cc3f6","ID":"26dc8770-3797-440d-85b8-0480a920cc48","childs":null,"emcosID":null,"emcosMLID":null,"codMaketTEP":null,"codTEP":null,"WSName":"DB","rangeAddress":"$AB$353:$AB$390","headAddress":"$AB$353","bodyAddress":"$AB$354:$AB$390","_name":"утвержденный"},"корректировка":{"_level":2,"parentID":"93325288-b28e-45e8-b5e9-4ab79044db63","firstParentID":"43abf702-57ad-43ef-b82f-84f3168cc3f6","ID":"5c4a55a2-9d13-4c88-b4e1-3597705abf4e","childs":null,"emcosID":null,"emcosMLID":null,"codMaketTEP":null,"codTEP":null,"WSName":"DB","rangeAddress":"$AC$353:$AC$390","headAddress":"$AC$353","bodyAddress":"$AC$354:$AC$390","_name":"корректировка"}},"emcosID":null,"emcosMLID":null,"codMaketTEP":null,"codTEP":null,"WSName":"DB","rangeAddress":"$Y$352:$AC$390","headAddress":"$Y$352:$AC$352","bodyAddress":"$Y$353:$AC$390","_name":"план"}},"emcosID":null,"emcosMLID":null,"codMaketTEP":null,"codTEP":null,"WSName":"DB","rangeAddress":"$S$351:$AC$390","headAddress":"$S$351:$AC$351","bodyAddress":"$S$352:$AC$390","_name":"Потребление SilkWayEnergy Алматы"}},"codPlan":127,"meterCoef":null,"_name":"Потребление SilkWayEnergy Алматы"}