{"ID":"58276761-57d0-4b64-b0a0-86ad7afb5ff3","childs":{"PS":{"_level":0,"parentID":"58276761-57d0-4b64-b0a0-86ad7afb5ff3","firstParentID":"58276761-57d0-4b64-b0a0-86ad7afb5ff3","ID":"ee6af680-e830-46d1-8f7d-6f5526e8ca4e","childs":{"прием":{"_level":1,"parentID":"ee6af680-e830-46d1-8f7d-6f5526e8ca4e","firstParentID":"58276761-57d0-4b64-b0a0-86ad7afb5ff3","ID":"31061568-b445-4d9c-a1fb-9796d235d887","childs":{"по плану":{"_level":2,"parentID":"31061568-b445-4d9c-a1fb-9796d235d887","firstParentID":"58276761-57d0-4b64-b0a0-86ad7afb5ff3","ID":"9df8af9f-071c-4645-8d90-ff2cb064b4b0","childs":null,"emcosID":null,"emcosMLID":null,"codMaketTEP":null,"codTEP":null,"WSName":"PS","rangeAddress":"$AE$185:$AE$221","headAddress":"$AE$185","bodyAddress":"$AE$186:$AE$221","_name":"по плану"}},"emcosID":null,"emcosMLID":null,"codMaketTEP":1308,"codTEP":null,"WSName":"PS","rangeAddress":"$AE$184:$AE$221","headAddress":"$AE$184","bodyAddress":"$AE$185:$AE$221","_name":"прием"},"план":{"_level":1,"parentID":"ee6af680-e830-46d1-8f7d-6f5526e8ca4e","firstParentID":"58276761-57d0-4b64-b0a0-86ad7afb5ff3","ID":"6dd8c8f9-187c-470d-a183-62fd86c6c5ea","childs":{"заявка":{"_level":2,"parentID":"6dd8c8f9-187c-470d-a183-62fd86c6c5ea","firstParentID":"58276761-57d0-4b64-b0a0-86ad7afb5ff3","ID":"08d9e15a-609d-42b1-9097-962cc2cb7e76","childs":null,"emcosID":null,"emcosMLID":null,"codMaketTEP":null,"codTEP":null,"WSName":"PS","rangeAddress":"$AF$185:$AF$221","headAddress":"$AF$185","bodyAddress":"$AF$186:$AF$221","_name":"заявка"}},"emcosID":null,"emcosMLID":null,"codMaketTEP":null,"codTEP":null,"WSName":"PS","rangeAddress":"$AF$184:$AF$221","headAddress":"$AF$184","bodyAddress":"$AF$185:$AF$221","_name":"план"}},"emcosID":null,"emcosMLID":null,"codMaketTEP":null,"codTEP":null,"WSName":"PS","rangeAddress":"$AE$183:$AF$221","headAddress":"$AE$183:$AF$183","bodyAddress":"$AE$184:$AF$221","_name":"Потребление Almaty Kuat"},"DB":{"_level":0,"parentID":"58276761-57d0-4b64-b0a0-86ad7afb5ff3","firstParentID":"58276761-57d0-4b64-b0a0-86ad7afb5ff3","ID":"bf1f2d35-1671-4e62-bc28-03059953f23b","childs":{"прием":{"_level":1,"parentID":"bf1f2d35-1671-4e62-bc28-03059953f23b","firstParentID":"58276761-57d0-4b64-b0a0-86ad7afb5ff3","ID":"5d61d55b-5dd1-4746-9cca-50bdc0121145","childs":{"код":{"_level":2,"parentID":"5d61d55b-5dd1-4746-9cca-50bdc0121145","firstParentID":"58276761-57d0-4b64-b0a0-86ad7afb5ff3","ID":"17443ec0-b9a3-4faf-afe5-f2345b17ca48","childs":null,"emcosID":null,"emcosMLID":null,"codMaketTEP":null,"codTEP":null,"WSName":"DB","rangeAddress":"$EK$439:$EK$476","headAddress":"$EK$439","bodyAddress":"$EK$440:$EK$476","_name":"код"},"основное":{"_level":2,"parentID":"5d61d55b-5dd1-4746-9cca-50bdc0121145","firstParentID":"58276761-57d0-4b64-b0a0-86ad7afb5ff3","ID":"2bbc6ca1-c5d0-45ae-b163-efd17caa54d9","childs":null,"emcosID":null,"emcosMLID":null,"codMaketTEP":null,"codTEP":null,"WSName":"DB","rangeAddress":"$EL$439:$EL$476","headAddress":"$EL$439","bodyAddress":"$EL$440:$EL$476","_name":"основное"},"корректировка факт":{"_level":2,"parentID":"5d61d55b-5dd1-4746-9cca-50bdc0121145","firstParentID":"58276761-57d0-4b64-b0a0-86ad7afb5ff3","ID":"1209cdfe-5f15-4cf6-ac65-8db179181f86","childs":null,"emcosID":null,"emcosMLID":null,"codMaketTEP":null,"codTEP":null,"WSName":"DB","rangeAddress":"$EM$439:$EM$476","headAddress":"$EM$439","bodyAddress":"$EM$440:$EM$476","_name":"корректировка факт"},"ручное":{"_level":2,"parentID":"5d61d55b-5dd1-4746-9cca-50bdc0121145","firstParentID":"58276761-57d0-4b64-b0a0-86ad7afb5ff3","ID":"bc5fdbbd-f345-4ef9-8687-b6fed9c03b51","childs":null,"emcosID":null,"emcosMLID":null,"codMaketTEP":null,"codTEP":null,"WSName":"DB","rangeAddress":"$EN$439:$EN$476","headAddress":"$EN$439","bodyAddress":"$EN$440:$EN$476","_name":"ручное"},"по плану":{"_level":2,"parentID":"5d61d55b-5dd1-4746-9cca-50bdc0121145","firstParentID":"58276761-57d0-4b64-b0a0-86ad7afb5ff3","ID":"ae49e419-8673-4a5e-9e0a-3081f3b4e26d","childs":null,"emcosID":null,"emcosMLID":null,"codMaketTEP":null,"codTEP":null,"WSName":"DB","rangeAddress":"$EO$439:$EO$476","headAddress":"$EO$439","bodyAddress":"$EO$440:$EO$476","_name":"по плану"}},"emcosID":null,"emcosMLID":null,"codMaketTEP":null,"codTEP":null,"WSName":"DB","rangeAddress":"$EK$438:$EO$476","headAddress":"$EK$438:$EO$438","bodyAddress":"$EK$439:$EO$476","_name":"прием"},"план":{"_level":1,"parentID":"bf1f2d35-1671-4e62-bc28-03059953f23b","firstParentID":"58276761-57d0-4b64-b0a0-86ad7afb5ff3","ID":"8cbf9e71-b374-429a-b3aa-8ec43f302585","childs":{"код":{"_level":2,"parentID":"8cbf9e71-b374-429a-b3aa-8ec43f302585","firstParentID":"58276761-57d0-4b64-b0a0-86ad7afb5ff3","ID":"4a75266c-320b-4ea0-9919-597d55ee4800","childs":null,"emcosID":null,"emcosMLID":null,"codMaketTEP":null,"codTEP":null,"WSName":"DB","rangeAddress":"$EP$439:$EP$476","headAddress":"$EP$439","bodyAddress":"$EP$440:$EP$476","_name":"код"},"основное":{"_level":2,"parentID":"8cbf9e71-b374-429a-b3aa-8ec43f302585","firstParentID":"58276761-57d0-4b64-b0a0-86ad7afb5ff3","ID":"ef9704c5-055a-4c09-bc82-a4028a59e6dc","childs":null,"emcosID":null,"emcosMLID":null,"codMaketTEP":null,"codTEP":null,"WSName":"DB","rangeAddress":"$EQ$439:$EQ$476","headAddress":"$EQ$439","bodyAddress":"$EQ$440:$EQ$476","_name":"основное"},"заявка":{"_level":2,"parentID":"8cbf9e71-b374-429a-b3aa-8ec43f302585","firstParentID":"58276761-57d0-4b64-b0a0-86ad7afb5ff3","ID":"dd8a58a0-01b7-4c1b-98ed-c95176b3f64c","childs":null,"emcosID":null,"emcosMLID":null,"codMaketTEP":null,"codTEP":null,"WSName":"DB","rangeAddress":"$ER$439:$ER$476","headAddress":"$ER$439","bodyAddress":"$ER$440:$ER$476","_name":"заявка"},"утвержденный":{"_level":2,"parentID":"8cbf9e71-b374-429a-b3aa-8ec43f302585","firstParentID":"58276761-57d0-4b64-b0a0-86ad7afb5ff3","ID":"ad402083-834d-43cd-b720-9149bca85c1e","childs":null,"emcosID":null,"emcosMLID":null,"codMaketTEP":null,"codTEP":null,"WSName":"DB","rangeAddress":"$ES$439:$ES$476","headAddress":"$ES$439","bodyAddress":"$ES$440:$ES$476","_name":"утвержденный"},"корректировка":{"_level":2,"parentID":"8cbf9e71-b374-429a-b3aa-8ec43f302585","firstParentID":"58276761-57d0-4b64-b0a0-86ad7afb5ff3","ID":"0cd69a24-97cf-4757-83ae-8e6e903902e2","childs":null,"emcosID":null,"emcosMLID":null,"codMaketTEP":null,"codTEP":null,"WSName":"DB","rangeAddress":"$ET$439:$ET$476","headAddress":"$ET$439","bodyAddress":"$ET$440:$ET$476","_name":"корректировка"}},"emcosID":null,"emcosMLID":null,"codMaketTEP":null,"codTEP":null,"WSName":"DB","rangeAddress":"$EP$438:$ET$476","headAddress":"$EP$438:$ET$438","bodyAddress":"$EP$439:$ET$476","_name":"план"}},"emcosID":null,"emcosMLID":null,"codMaketTEP":null,"codTEP":null,"WSName":"DB","rangeAddress":"$EK$437:$ET$476","headAddress":"$EK$437:$ET$437","bodyAddress":"$EK$438:$ET$476","_name":"Потребление Almaty Kuat"}},"codPlan":109,"meterCoef":null,"_name":"Потребление Almaty Kuat"}