{"ID":"5b28f1a0-10e4-4d12-bbd6-a9fea58e1baf","childs":{"PS":{"_level":0,"parentID":"5b28f1a0-10e4-4d12-bbd6-a9fea58e1baf","firstParentID":"5b28f1a0-10e4-4d12-bbd6-a9fea58e1baf","ID":"ce009955-095b-4dd7-8989-c4f65c0bc6ca","childs":{"отдача":{"_level":1,"parentID":"ce009955-095b-4dd7-8989-c4f65c0bc6ca","firstParentID":"5b28f1a0-10e4-4d12-bbd6-a9fea58e1baf","ID":"2c423fbd-b44c-4d88-a97e-792c59b9679d","childs":{"оперативное":{"_level":2,"parentID":"2c423fbd-b44c-4d88-a97e-792c59b9679d","firstParentID":"5b28f1a0-10e4-4d12-bbd6-a9fea58e1baf","ID":"cb221b66-4cd7-4416-8aeb-810d564ff7c8","childs":null,"emcosID":null,"emcosMLID":null,"codMaketTEP":null,"codTEP":null,"WSName":"PS","rangeAddress":"$CA$185:$CA$221","headAddress":"$CA$185","bodyAddress":"$CA$186:$CA$221","_name":"оперативное"}},"emcosID":null,"emcosMLID":null,"codMaketTEP":null,"codTEP":null,"WSName":"PS","rangeAddress":"$CA$184:$CA$221","headAddress":"$CA$184","bodyAddress":"$CA$185:$CA$221","_name":"отдача"}},"emcosID":null,"emcosMLID":null,"codMaketTEP":null,"codTEP":null,"WSName":"PS","rangeAddress":"$CA$183:$CA$221","headAddress":"$CA$183","bodyAddress":"$CA$184:$CA$221","_name":"ОС Капчагайская ГЭС АлЭС"},"DB":{"_level":0,"parentID":"5b28f1a0-10e4-4d12-bbd6-a9fea58e1baf","firstParentID":"5b28f1a0-10e4-4d12-bbd6-a9fea58e1baf","ID":"967f0840-1f71-44fd-8e35-d734877f2ccc","childs":{"отдача":{"_level":1,"parentID":"967f0840-1f71-44fd-8e35-d734877f2ccc","firstParentID":"5b28f1a0-10e4-4d12-bbd6-a9fea58e1baf","ID":"fbbf0275-5452-49bc-ad34-be1b8a13eef4","childs":{"код":{"_level":2,"parentID":"fbbf0275-5452-49bc-ad34-be1b8a13eef4","firstParentID":"5b28f1a0-10e4-4d12-bbd6-a9fea58e1baf","ID":"d54b5b54-521c-48cc-8f46-dcbbd4164cca","childs":null,"emcosID":null,"emcosMLID":null,"codMaketTEP":null,"codTEP":null,"WSName":"DB","rangeAddress":"$EX$353:$EX$390","headAddress":"$EX$353","bodyAddress":"$EX$354:$EX$390","_name":"код"},"основное":{"_level":2,"parentID":"fbbf0275-5452-49bc-ad34-be1b8a13eef4","firstParentID":"5b28f1a0-10e4-4d12-bbd6-a9fea58e1baf","ID":"760e5ec0-1f55-49c6-b146-4be28570abcd","childs":null,"emcosID":null,"emcosMLID":null,"codMaketTEP":null,"codTEP":null,"WSName":"DB","rangeAddress":"$EY$353:$EY$390","headAddress":"$EY$353","bodyAddress":"$EY$354:$EY$390","_name":"основное"},"корректировка факт":{"_level":2,"parentID":"fbbf0275-5452-49bc-ad34-be1b8a13eef4","firstParentID":"5b28f1a0-10e4-4d12-bbd6-a9fea58e1baf","ID":"1f844fcb-6c4c-46cd-92fb-d13dfd059d51","childs":null,"emcosID":null,"emcosMLID":null,"codMaketTEP":null,"codTEP":null,"WSName":"DB","rangeAddress":"$EZ$353:$EZ$390","headAddress":"$EZ$353","bodyAddress":"$EZ$354:$EZ$390","_name":"корректировка факт"},"ручное":{"_level":2,"parentID":"fbbf0275-5452-49bc-ad34-be1b8a13eef4","firstParentID":"5b28f1a0-10e4-4d12-bbd6-a9fea58e1baf","ID":"7db34ae8-ed59-4067-9024-8a363233aa3a","childs":null,"emcosID":null,"emcosMLID":null,"codMaketTEP":null,"codTEP":null,"WSName":"DB","rangeAddress":"$FA$353:$FA$390","headAddress":"$FA$353","bodyAddress":"$FA$354:$FA$390","_name":"ручное"},"оперативное":{"_level":2,"parentID":"fbbf0275-5452-49bc-ad34-be1b8a13eef4","firstParentID":"5b28f1a0-10e4-4d12-bbd6-a9fea58e1baf","ID":"dc354790-c66d-4e57-9b83-59bafc39b8f1","childs":null,"emcosID":null,"emcosMLID":null,"codMaketTEP":null,"codTEP":null,"WSName":"DB","rangeAddress":"$FB$353:$FB$390","headAddress":"$FB$353","bodyAddress":"$FB$354:$FB$390","_name":"оперативное"}},"emcosID":null,"emcosMLID":null,"codMaketTEP":null,"codTEP":null,"WSName":"DB","rangeAddress":"$EX$352:$FB$390","headAddress":"$EX$352:$FB$352","bodyAddress":"$EX$353:$FB$390","_name":"отдача"}},"emcosID":null,"emcosMLID":null,"codMaketTEP":null,"codTEP":null,"WSName":"DB","rangeAddress":"$EX$351:$FB$390","headAddress":"$EX$351:$FB$351","bodyAddress":"$EX$352:$FB$390","_name":"ОС Капчагайская ГЭС АлЭС"}},"codPlan":null,"meterCoef":null,"_name":"ОС Капчагайская ГЭС АлЭС"}