{"ID":"610e49e0-5b4f-4d30-9128-d5b1eaa40236","childs":{"PS":{"_level":0,"parentID":"610e49e0-5b4f-4d30-9128-d5b1eaa40236","firstParentID":"610e49e0-5b4f-4d30-9128-d5b1eaa40236","ID":"249f6235-21a2-4779-a653-5eabc856a4ae","childs":{"прием":{"_level":1,"parentID":"249f6235-21a2-4779-a653-5eabc856a4ae","firstParentID":"610e49e0-5b4f-4d30-9128-d5b1eaa40236","ID":"8b472508-08fa-4c5e-971d-e8fc9b821750","childs":{"по счетчику":{"_level":2,"parentID":"8b472508-08fa-4c5e-971d-e8fc9b821750","firstParentID":"610e49e0-5b4f-4d30-9128-d5b1eaa40236","ID":"1804c2f6-5810-47b4-929a-7d2136c25dc9","childs":null,"emcosID":null,"emcosMLID":null,"codMaketTEP":null,"codTEP":null,"WSName":"PS","rangeAddress":"$AJ$99:$AJ$135","headAddress":"$AJ$99","bodyAddress":"$AJ$100:$AJ$135","_name":"по счетчику"},"СЧЕТЧИК":{"_level":2,"parentID":"8b472508-08fa-4c5e-971d-e8fc9b821750","firstParentID":"610e49e0-5b4f-4d30-9128-d5b1eaa40236","ID":"30e9b7fc-b05d-492f-8f1b-eb0a7b3f3f25","childs":null,"emcosID":null,"emcosMLID":null,"codMaketTEP":null,"codTEP":null,"WSName":"PS","rangeAddress":"$AK$99:$AK$135","headAddress":"$AK$99","bodyAddress":"$AK$100:$AK$135","_name":"СЧЕТЧИК"}},"emcosID":null,"emcosMLID":null,"codMaketTEP":null,"codTEP":null,"WSName":"PS","rangeAddress":"$AJ$98:$AK$135","headAddress":"$AJ$98:$AK$98","bodyAddress":"$AJ$99:$AK$135","_name":"прием"}},"emcosID":null,"emcosMLID":null,"codMaketTEP":null,"codTEP":null,"WSName":"PS","rangeAddress":"$AJ$97:$AK$135","headAddress":"$AJ$97:$AK$97","bodyAddress":"$AJ$98:$AK$135","_name":"ТСН2 ОРУ 220 МГЭС"},"DB":{"_level":0,"parentID":"610e49e0-5b4f-4d30-9128-d5b1eaa40236","firstParentID":"610e49e0-5b4f-4d30-9128-d5b1eaa40236","ID":"e3af31b1-84aa-45a1-b9a4-32ee11a6e4be","childs":{"прием":{"_level":1,"parentID":"e3af31b1-84aa-45a1-b9a4-32ee11a6e4be","firstParentID":"610e49e0-5b4f-4d30-9128-d5b1eaa40236","ID":"89ba1c86-e5a6-4060-aa3e-86a04196eb8a","childs":{"код":{"_level":2,"parentID":"89ba1c86-e5a6-4060-aa3e-86a04196eb8a","firstParentID":"610e49e0-5b4f-4d30-9128-d5b1eaa40236","ID":"c9a40a57-9991-4b06-b8bc-02fb34b2d183","childs":null,"emcosID":null,"emcosMLID":null,"codMaketTEP":null,"codTEP":null,"WSName":"DB","rangeAddress":"$BX$353:$BX$390","headAddress":"$BX$353","bodyAddress":"$BX$354:$BX$390","_name":"код"},"основное":{"_level":2,"parentID":"89ba1c86-e5a6-4060-aa3e-86a04196eb8a","firstParentID":"610e49e0-5b4f-4d30-9128-d5b1eaa40236","ID":"1a4ab209-c7ea-4b34-879a-185b08ad44d9","childs":null,"emcosID":null,"emcosMLID":null,"codMaketTEP":null,"codTEP":null,"WSName":"DB","rangeAddress":"$BY$353:$BY$390","headAddress":"$BY$353","bodyAddress":"$BY$354:$BY$390","_name":"основное"},"корректировка факт":{"_level":2,"parentID":"89ba1c86-e5a6-4060-aa3e-86a04196eb8a","firstParentID":"610e49e0-5b4f-4d30-9128-d5b1eaa40236","ID":"eac620f8-39ac-4bfa-b629-cf3e75e46afa","childs":null,"emcosID":null,"emcosMLID":null,"codMaketTEP":null,"codTEP":null,"WSName":"DB","rangeAddress":"$BZ$353:$BZ$390","headAddress":"$BZ$353","bodyAddress":"$BZ$354:$BZ$390","_name":"корректировка факт"},"ручное":{"_level":2,"parentID":"89ba1c86-e5a6-4060-aa3e-86a04196eb8a","firstParentID":"610e49e0-5b4f-4d30-9128-d5b1eaa40236","ID":"066d6c4f-c61e-4318-854c-d01c0f9c5d4c","childs":null,"emcosID":null,"emcosMLID":null,"codMaketTEP":null,"codTEP":null,"WSName":"DB","rangeAddress":"$CA$353:$CA$390","headAddress":"$CA$353","bodyAddress":"$CA$354:$CA$390","_name":"ручное"},"счетчик":{"_level":2,"parentID":"89ba1c86-e5a6-4060-aa3e-86a04196eb8a","firstParentID":"610e49e0-5b4f-4d30-9128-d5b1eaa40236","ID":"dd9b8d0f-fe94-442c-964d-5f53b3e6e9c9","childs":null,"emcosID":null,"emcosMLID":null,"codMaketTEP":null,"codTEP":null,"WSName":"DB","rangeAddress":"$CB$353:$CB$390","headAddress":"$CB$353","bodyAddress":"$CB$354:$CB$390","_name":"счетчик"},"по счетчику":{"_level":2,"parentID":"89ba1c86-e5a6-4060-aa3e-86a04196eb8a","firstParentID":"610e49e0-5b4f-4d30-9128-d5b1eaa40236","ID":"dc7c1107-8893-493c-80e7-41d5a0c7b529","childs":null,"emcosID":null,"emcosMLID":null,"codMaketTEP":null,"codTEP":null,"WSName":"DB","rangeAddress":"$CC$353:$CC$390","headAddress":"$CC$353","bodyAddress":"$CC$354:$CC$390","_name":"по счетчику"}},"emcosID":null,"emcosMLID":null,"codMaketTEP":null,"codTEP":null,"WSName":"DB","rangeAddress":"$BX$352:$CC$390","headAddress":"$BX$352:$CC$352","bodyAddress":"$BX$353:$CC$390","_name":"прием"}},"emcosID":null,"emcosMLID":null,"codMaketTEP":null,"codTEP":null,"WSName":"DB","rangeAddress":"$BX$351:$CC$390","headAddress":"$BX$351:$CC$351","bodyAddress":"$BX$352:$CC$390","_name":"ТСН2 ОРУ 220 МГЭС"}},"codPlan":null,"meterCoef":null,"_name":"ТСН2 ОРУ 220 МГЭС"}