{"ID":"65e24b1b-d834-41ed-92fa-ca028ddbe0ab","childs":{"PS":{"_level":0,"parentID":"65e24b1b-d834-41ed-92fa-ca028ddbe0ab","firstParentID":"65e24b1b-d834-41ed-92fa-ca028ddbe0ab","ID":"50c50ea5-e34a-43af-8653-4616147de21d","childs":{"прием":{"_level":1,"parentID":"50c50ea5-e34a-43af-8653-4616147de21d","firstParentID":"65e24b1b-d834-41ed-92fa-ca028ddbe0ab","ID":"8847b8b5-dcc5-4e28-8ea0-a8ba2f2623c0","childs":{"оперативное":{"_level":2,"parentID":"8847b8b5-dcc5-4e28-8ea0-a8ba2f2623c0","firstParentID":"65e24b1b-d834-41ed-92fa-ca028ddbe0ab","ID":"85e9b345-dcec-4862-a5e9-d0749e13b373","childs":null,"emcosID":null,"emcosMLID":null,"codMaketTEP":null,"codTEP":null,"WSName":"PS","rangeAddress":"$AM$228:$AM$264","headAddress":"$AM$228","bodyAddress":"$AM$229:$AM$264","_name":"оперативное"}},"emcosID":null,"emcosMLID":null,"codMaketTEP":null,"codTEP":null,"WSName":"PS","rangeAddress":"$AM$227:$AM$264","headAddress":"$AM$227","bodyAddress":"$AM$228:$AM$264","_name":"прием"}},"emcosID":null,"emcosMLID":null,"codMaketTEP":null,"codTEP":null,"WSName":"PS","rangeAddress":"$AM$226:$AM$264","headAddress":"$AM$226","bodyAddress":"$AM$227:$AM$264","_name":"Потребление Т-Транзит Жетысу"},"DB":{"_level":0,"parentID":"65e24b1b-d834-41ed-92fa-ca028ddbe0ab","firstParentID":"65e24b1b-d834-41ed-92fa-ca028ddbe0ab","ID":"3ea02479-c93b-4976-b490-f1f18fc80242","childs":{"прием":{"_level":1,"parentID":"3ea02479-c93b-4976-b490-f1f18fc80242","firstParentID":"65e24b1b-d834-41ed-92fa-ca028ddbe0ab","ID":"831d38bd-0d9a-4651-80c0-a4d41f880150","childs":{"код":{"_level":2,"parentID":"831d38bd-0d9a-4651-80c0-a4d41f880150","firstParentID":"65e24b1b-d834-41ed-92fa-ca028ddbe0ab","ID":"153412d0-c99a-4d91-b059-5b327520970a","childs":null,"emcosID":null,"emcosMLID":null,"codMaketTEP":null,"codTEP":null,"WSName":"DB","rangeAddress":"$M$396:$M$433","headAddress":"$M$396","bodyAddress":"$M$397:$M$433","_name":"код"},"основное":{"_level":2,"parentID":"831d38bd-0d9a-4651-80c0-a4d41f880150","firstParentID":"65e24b1b-d834-41ed-92fa-ca028ddbe0ab","ID":"9a54e369-ff04-4450-be2f-6a401e0c23ba","childs":null,"emcosID":null,"emcosMLID":null,"codMaketTEP":null,"codTEP":null,"WSName":"DB","rangeAddress":"$N$396:$N$433","headAddress":"$N$396","bodyAddress":"$N$397:$N$433","_name":"основное"},"корректировка факт":{"_level":2,"parentID":"831d38bd-0d9a-4651-80c0-a4d41f880150","firstParentID":"65e24b1b-d834-41ed-92fa-ca028ddbe0ab","ID":"4f6ee3ad-8116-4495-bbdd-6512b359e714","childs":null,"emcosID":null,"emcosMLID":null,"codMaketTEP":null,"codTEP":null,"WSName":"DB","rangeAddress":"$O$396:$O$433","headAddress":"$O$396","bodyAddress":"$O$397:$O$433","_name":"корректировка факт"},"ручное":{"_level":2,"parentID":"831d38bd-0d9a-4651-80c0-a4d41f880150","firstParentID":"65e24b1b-d834-41ed-92fa-ca028ddbe0ab","ID":"d4eb4484-4efd-4678-93f4-43121e0ffcc1","childs":null,"emcosID":null,"emcosMLID":null,"codMaketTEP":null,"codTEP":null,"WSName":"DB","rangeAddress":"$P$396:$P$433","headAddress":"$P$396","bodyAddress":"$P$397:$P$433","_name":"ручное"},"оперативное":{"_level":2,"parentID":"831d38bd-0d9a-4651-80c0-a4d41f880150","firstParentID":"65e24b1b-d834-41ed-92fa-ca028ddbe0ab","ID":"12647549-31af-4b10-9292-4e3d78a5c5c3","childs":null,"emcosID":null,"emcosMLID":null,"codMaketTEP":null,"codTEP":null,"WSName":"DB","rangeAddress":"$Q$396:$Q$433","headAddress":"$Q$396","bodyAddress":"$Q$397:$Q$433","_name":"оперативное"}},"emcosID":null,"emcosMLID":null,"codMaketTEP":null,"codTEP":null,"WSName":"DB","rangeAddress":"$M$395:$Q$433","headAddress":"$M$395:$Q$395","bodyAddress":"$M$396:$Q$433","_name":"прием"}},"emcosID":null,"emcosMLID":null,"codMaketTEP":null,"codTEP":null,"WSName":"DB","rangeAddress":"$M$394:$Q$433","headAddress":"$M$394:$Q$394","bodyAddress":"$M$395:$Q$433","_name":"Потребление Т-Транзит Жетысу"}},"codPlan":null,"meterCoef":null,"_name":"Потребление Т-Транзит Жетысу"}