{"ID":"8019ae1f-7321-4e9c-97dd-a01cb81acb24","childs":{"PS":{"_level":0,"parentID":"8019ae1f-7321-4e9c-97dd-a01cb81acb24","firstParentID":"8019ae1f-7321-4e9c-97dd-a01cb81acb24","ID":"bcb09877-9f92-424c-8575-5adb06e4c558","childs":{"отдача":{"_level":1,"parentID":"bcb09877-9f92-424c-8575-5adb06e4c558","firstParentID":"8019ae1f-7321-4e9c-97dd-a01cb81acb24","ID":"19214fcf-f1ad-4c01-81b3-fc8671997cbe","childs":{"ручное":{"_level":2,"parentID":"19214fcf-f1ad-4c01-81b3-fc8671997cbe","firstParentID":"8019ae1f-7321-4e9c-97dd-a01cb81acb24","ID":"2cd08c8a-9fb4-40df-a9f2-7829294e3515","childs":null,"emcosID":null,"emcosMLID":null,"codMaketTEP":null,"codTEP":null,"WSName":"PS","rangeAddress":"$CU$185:$CU$221","headAddress":"$CU$185","bodyAddress":"$CU$186:$CU$221","_name":"ручное"}},"emcosID":null,"emcosMLID":null,"codMaketTEP":null,"codTEP":null,"WSName":"PS","rangeAddress":"$CU$184:$CU$221","headAddress":"$CU$184","bodyAddress":"$CU$185:$CU$221","_name":"отдача"}},"emcosID":null,"emcosMLID":null,"codMaketTEP":null,"codTEP":null,"WSName":"PS","rangeAddress":"$CU$183:$CU$221","headAddress":"$CU$183","bodyAddress":"$CU$184:$CU$221","_name":"Отпуск в сеть Mistral Energy СЭС Каскелен 50"},"DB":{"_level":0,"parentID":"8019ae1f-7321-4e9c-97dd-a01cb81acb24","firstParentID":"8019ae1f-7321-4e9c-97dd-a01cb81acb24","ID":"a4ccc24e-050b-46f8-aca0-368cd40aa2e5","childs":{"отдача":{"_level":1,"parentID":"a4ccc24e-050b-46f8-aca0-368cd40aa2e5","firstParentID":"8019ae1f-7321-4e9c-97dd-a01cb81acb24","ID":"83e4d8b8-6919-4ee7-a289-aed3157408c4","childs":{"код":{"_level":2,"parentID":"83e4d8b8-6919-4ee7-a289-aed3157408c4","firstParentID":"8019ae1f-7321-4e9c-97dd-a01cb81acb24","ID":"a8c0eb03-077e-40d5-921c-e7b86618a1bb","childs":null,"emcosID":null,"emcosMLID":null,"codMaketTEP":null,"codTEP":null,"WSName":"DB","rangeAddress":"$DT$396:$DT$433","headAddress":"$DT$396","bodyAddress":"$DT$397:$DT$433","_name":"код"},"основное":{"_level":2,"parentID":"83e4d8b8-6919-4ee7-a289-aed3157408c4","firstParentID":"8019ae1f-7321-4e9c-97dd-a01cb81acb24","ID":"289855ef-4a81-455b-92c1-7a605ef5e7b4","childs":null,"emcosID":null,"emcosMLID":null,"codMaketTEP":null,"codTEP":null,"WSName":"DB","rangeAddress":"$DU$396:$DU$433","headAddress":"$DU$396","bodyAddress":"$DU$397:$DU$433","_name":"основное"},"корректировка факт":{"_level":2,"parentID":"83e4d8b8-6919-4ee7-a289-aed3157408c4","firstParentID":"8019ae1f-7321-4e9c-97dd-a01cb81acb24","ID":"fa9b92cd-df8c-457e-a526-74dbaaca7f63","childs":null,"emcosID":null,"emcosMLID":null,"codMaketTEP":null,"codTEP":null,"WSName":"DB","rangeAddress":"$DV$396:$DV$433","headAddress":"$DV$396","bodyAddress":"$DV$397:$DV$433","_name":"корректировка факт"},"ручное":{"_level":2,"parentID":"83e4d8b8-6919-4ee7-a289-aed3157408c4","firstParentID":"8019ae1f-7321-4e9c-97dd-a01cb81acb24","ID":"9f48bcbe-720e-4682-873c-5cab8c436752","childs":null,"emcosID":null,"emcosMLID":null,"codMaketTEP":null,"codTEP":null,"WSName":"DB","rangeAddress":"$DW$396:$DW$433","headAddress":"$DW$396","bodyAddress":"$DW$397:$DW$433","_name":"ручное"},"формула":{"_level":2,"parentID":"83e4d8b8-6919-4ee7-a289-aed3157408c4","firstParentID":"8019ae1f-7321-4e9c-97dd-a01cb81acb24","ID":"5af31071-5bce-4ffc-84b5-63ec105741c0","childs":null,"emcosID":null,"emcosMLID":null,"codMaketTEP":null,"codTEP":null,"WSName":"DB","rangeAddress":"$DX$396:$DX$433","headAddress":"$DX$396","bodyAddress":"$DX$397:$DX$433","_name":"формула"}},"emcosID":null,"emcosMLID":null,"codMaketTEP":null,"codTEP":null,"WSName":"DB","rangeAddress":"$DT$395:$DX$433","headAddress":"$DT$395:$DX$395","bodyAddress":"$DT$396:$DX$433","_name":"отдача"}},"emcosID":null,"emcosMLID":null,"codMaketTEP":null,"codTEP":null,"WSName":"DB","rangeAddress":"$DT$394:$DX$433","headAddress":"$DT$394:$DX$394","bodyAddress":"$DT$395:$DX$433","_name":"Отпуск в сеть Mistral Energy СЭС Каскелен 50"}},"codPlan":null,"meterCoef":null,"_name":"Отпуск в сеть Mistral Energy СЭС Каскелен 50"}