{"ID":"81393d55-5e11-4a11-bfda-824064e5c0d9","childs":{"PS":{"_level":0,"parentID":"81393d55-5e11-4a11-bfda-824064e5c0d9","firstParentID":"81393d55-5e11-4a11-bfda-824064e5c0d9","ID":"6c7ad14e-3a2c-403b-ae40-a4b85b789449","childs":{"отдача":{"_level":1,"parentID":"6c7ad14e-3a2c-403b-ae40-a4b85b789449","firstParentID":"81393d55-5e11-4a11-bfda-824064e5c0d9","ID":"c9e8ab33-aa3a-43d0-995e-ab4bb0d548c9","childs":{"формула":{"_level":2,"parentID":"c9e8ab33-aa3a-43d0-995e-ab4bb0d548c9","firstParentID":"81393d55-5e11-4a11-bfda-824064e5c0d9","ID":"28590166-c6cb-48af-8809-b2defd110a92","childs":null,"emcosID":null,"emcosMLID":null,"codMaketTEP":null,"codTEP":null,"WSName":"PS","rangeAddress":"$CO$185:$CO$221","headAddress":"$CO$185","bodyAddress":"$CO$186:$CO$221","_name":"формула"}},"emcosID":null,"emcosMLID":null,"codMaketTEP":null,"codTEP":null,"WSName":"PS","rangeAddress":"$CO$184:$CO$221","headAddress":"$CO$184","bodyAddress":"$CO$185:$CO$221","_name":"отдача"},"план":{"_level":1,"parentID":"6c7ad14e-3a2c-403b-ae40-a4b85b789449","firstParentID":"81393d55-5e11-4a11-bfda-824064e5c0d9","ID":"e723b248-7931-4f0c-b372-285a0a9c0069","childs":{"заявка":{"_level":2,"parentID":"e723b248-7931-4f0c-b372-285a0a9c0069","firstParentID":"81393d55-5e11-4a11-bfda-824064e5c0d9","ID":"8ffaddf7-9b5b-4440-94c3-56db77e08efe","childs":null,"emcosID":null,"emcosMLID":null,"codMaketTEP":null,"codTEP":null,"WSName":"PS","rangeAddress":"$CP$185:$CP$221","headAddress":"$CP$185","bodyAddress":"$CP$186:$CP$221","_name":"заявка"}},"emcosID":null,"emcosMLID":null,"codMaketTEP":null,"codTEP":null,"WSName":"PS","rangeAddress":"$CP$184:$CP$221","headAddress":"$CP$184","bodyAddress":"$CP$185:$CP$221","_name":"план"}},"emcosID":null,"emcosMLID":null,"codMaketTEP":null,"codTEP":null,"WSName":"PS","rangeAddress":"$CO$183:$CP$221","headAddress":"$CO$183:$CP$183","bodyAddress":"$CO$184:$CP$221","_name":"Генерация M Kat Green СЭС Шу 100"},"DB":{"_level":0,"parentID":"81393d55-5e11-4a11-bfda-824064e5c0d9","firstParentID":"81393d55-5e11-4a11-bfda-824064e5c0d9","ID":"fa66437a-c25b-468d-9be4-d202124c4a2e","childs":{"отдача":{"_level":1,"parentID":"fa66437a-c25b-468d-9be4-d202124c4a2e","firstParentID":"81393d55-5e11-4a11-bfda-824064e5c0d9","ID":"42582dcd-e796-42dc-95ed-390b6cd36396","childs":{"код":{"_level":2,"parentID":"42582dcd-e796-42dc-95ed-390b6cd36396","firstParentID":"81393d55-5e11-4a11-bfda-824064e5c0d9","ID":"ecc36f6c-c937-454c-be65-d868d72321e2","childs":null,"emcosID":null,"emcosMLID":null,"codMaketTEP":null,"codTEP":null,"WSName":"DB","rangeAddress":"$ES$396:$ES$433","headAddress":"$ES$396","bodyAddress":"$ES$397:$ES$433","_name":"код"},"основное":{"_level":2,"parentID":"42582dcd-e796-42dc-95ed-390b6cd36396","firstParentID":"81393d55-5e11-4a11-bfda-824064e5c0d9","ID":"21c8e967-fa81-49ee-a0c2-878da9526a3b","childs":null,"emcosID":null,"emcosMLID":null,"codMaketTEP":null,"codTEP":null,"WSName":"DB","rangeAddress":"$ET$396:$ET$433","headAddress":"$ET$396","bodyAddress":"$ET$397:$ET$433","_name":"основное"},"корректировка факт":{"_level":2,"parentID":"42582dcd-e796-42dc-95ed-390b6cd36396","firstParentID":"81393d55-5e11-4a11-bfda-824064e5c0d9","ID":"e37de2fb-ad22-41d3-ad55-50757b58cb72","childs":null,"emcosID":null,"emcosMLID":null,"codMaketTEP":null,"codTEP":null,"WSName":"DB","rangeAddress":"$EU$396:$EU$433","headAddress":"$EU$396","bodyAddress":"$EU$397:$EU$433","_name":"корректировка факт"},"ручное":{"_level":2,"parentID":"42582dcd-e796-42dc-95ed-390b6cd36396","firstParentID":"81393d55-5e11-4a11-bfda-824064e5c0d9","ID":"c8669bcf-0f00-436f-9d6a-e537330b6c85","childs":null,"emcosID":null,"emcosMLID":null,"codMaketTEP":null,"codTEP":null,"WSName":"DB","rangeAddress":"$EV$396:$EV$433","headAddress":"$EV$396","bodyAddress":"$EV$397:$EV$433","_name":"ручное"},"счетчик":{"_level":2,"parentID":"42582dcd-e796-42dc-95ed-390b6cd36396","firstParentID":"81393d55-5e11-4a11-bfda-824064e5c0d9","ID":"fd16a31b-6f58-4164-bdc3-ed46132cff2e","childs":null,"emcosID":null,"emcosMLID":null,"codMaketTEP":null,"codTEP":null,"WSName":"DB","rangeAddress":"$EW$396:$EW$433","headAddress":"$EW$396","bodyAddress":"$EW$397:$EW$433","_name":"счетчик"},"по счетчику":{"_level":2,"parentID":"42582dcd-e796-42dc-95ed-390b6cd36396","firstParentID":"81393d55-5e11-4a11-bfda-824064e5c0d9","ID":"ff37415a-4455-49fb-bbb7-18c4a2820a60","childs":null,"emcosID":null,"emcosMLID":null,"codMaketTEP":null,"codTEP":null,"WSName":"DB","rangeAddress":"$EX$396:$EX$433","headAddress":"$EX$396","bodyAddress":"$EX$397:$EX$433","_name":"по счетчику"},"формула":{"_level":2,"parentID":"42582dcd-e796-42dc-95ed-390b6cd36396","firstParentID":"81393d55-5e11-4a11-bfda-824064e5c0d9","ID":"540a802e-d840-4242-83ba-cd908e109664","childs":null,"emcosID":null,"emcosMLID":null,"codMaketTEP":null,"codTEP":null,"WSName":"DB","rangeAddress":"$EY$396:$EY$433","headAddress":"$EY$396","bodyAddress":"$EY$397:$EY$433","_name":"формула"},"по плану":{"_level":2,"parentID":"42582dcd-e796-42dc-95ed-390b6cd36396","firstParentID":"81393d55-5e11-4a11-bfda-824064e5c0d9","ID":"3a9b0fd7-f0a0-43b3-8561-fd1dc9c13f9b","childs":null,"emcosID":null,"emcosMLID":null,"codMaketTEP":null,"codTEP":null,"WSName":"DB","rangeAddress":"$EZ$396:$EZ$433","headAddress":"$EZ$396","bodyAddress":"$EZ$397:$EZ$433","_name":"по плану"}},"emcosID":null,"emcosMLID":null,"codMaketTEP":null,"codTEP":null,"WSName":"DB","rangeAddress":"$ES$395:$EZ$433","headAddress":"$ES$395:$EZ$395","bodyAddress":"$ES$396:$EZ$433","_name":"отдача"},"план":{"_level":1,"parentID":"fa66437a-c25b-468d-9be4-d202124c4a2e","firstParentID":"81393d55-5e11-4a11-bfda-824064e5c0d9","ID":"65be1609-8d19-41a2-987d-c78d5e7cb954","childs":{"код":{"_level":2,"parentID":"65be1609-8d19-41a2-987d-c78d5e7cb954","firstParentID":"81393d55-5e11-4a11-bfda-824064e5c0d9","ID":"be77fd80-d4a4-44b6-80a9-cc44b53e6ad1","childs":null,"emcosID":null,"emcosMLID":null,"codMaketTEP":null,"codTEP":null,"WSName":"DB","rangeAddress":"$FA$396:$FA$433","headAddress":"$FA$396","bodyAddress":"$FA$397:$FA$433","_name":"код"},"основное":{"_level":2,"parentID":"65be1609-8d19-41a2-987d-c78d5e7cb954","firstParentID":"81393d55-5e11-4a11-bfda-824064e5c0d9","ID":"d8426223-065e-49a4-9544-4494617fe7cd","childs":null,"emcosID":null,"emcosMLID":null,"codMaketTEP":null,"codTEP":null,"WSName":"DB","rangeAddress":"$FB$396:$FB$433","headAddress":"$FB$396","bodyAddress":"$FB$397:$FB$433","_name":"основное"},"заявка":{"_level":2,"parentID":"65be1609-8d19-41a2-987d-c78d5e7cb954","firstParentID":"81393d55-5e11-4a11-bfda-824064e5c0d9","ID":"02099e07-58b1-4614-a335-09c3acd72d13","childs":null,"emcosID":null,"emcosMLID":null,"codMaketTEP":null,"codTEP":null,"WSName":"DB","rangeAddress":"$FC$396:$FC$433","headAddress":"$FC$396","bodyAddress":"$FC$397:$FC$433","_name":"заявка"},"утвержденный":{"_level":2,"parentID":"65be1609-8d19-41a2-987d-c78d5e7cb954","firstParentID":"81393d55-5e11-4a11-bfda-824064e5c0d9","ID":"36e1c25d-dde0-4f92-895a-72fabb77cfb4","childs":null,"emcosID":null,"emcosMLID":null,"codMaketTEP":null,"codTEP":null,"WSName":"DB","rangeAddress":"$FD$396:$FD$433","headAddress":"$FD$396","bodyAddress":"$FD$397:$FD$433","_name":"утвержденный"},"корректировка":{"_level":2,"parentID":"65be1609-8d19-41a2-987d-c78d5e7cb954","firstParentID":"81393d55-5e11-4a11-bfda-824064e5c0d9","ID":"9ad69292-d28d-43dc-9f64-ba6a3f8ea2b1","childs":null,"emcosID":null,"emcosMLID":null,"codMaketTEP":null,"codTEP":null,"WSName":"DB","rangeAddress":"$FE$396:$FE$433","headAddress":"$FE$396","bodyAddress":"$FE$397:$FE$433","_name":"корректировка"}},"emcosID":null,"emcosMLID":null,"codMaketTEP":null,"codTEP":null,"WSName":"DB","rangeAddress":"$FA$395:$FE$433","headAddress":"$FA$395:$FE$395","bodyAddress":"$FA$396:$FE$433","_name":"план"}},"emcosID":null,"emcosMLID":null,"codMaketTEP":null,"codTEP":null,"WSName":"DB","rangeAddress":"$ES$394:$FE$433","headAddress":"$ES$394:$FE$394","bodyAddress":"$ES$395:$FE$433","_name":"Генерация M Kat Green СЭС Шу 100"}},"codPlan":98,"meterCoef":null,"_name":"Генерация M Kat Green СЭС Шу 100"}