{"ID":"8beae0ba-d5ca-4442-9a33-44ae3cd002b5","childs":{"PS":{"_level":0,"parentID":"8beae0ba-d5ca-4442-9a33-44ae3cd002b5","firstParentID":"8beae0ba-d5ca-4442-9a33-44ae3cd002b5","ID":"7ffac1a3-cd95-493e-a6cf-45d610d34995","childs":{"отдача":{"_level":1,"parentID":"7ffac1a3-cd95-493e-a6cf-45d610d34995","firstParentID":"8beae0ba-d5ca-4442-9a33-44ae3cd002b5","ID":"132b7b5f-78b5-43e9-8003-f67e10473e4b","childs":{"оперативное":{"_level":2,"parentID":"132b7b5f-78b5-43e9-8003-f67e10473e4b","firstParentID":"8beae0ba-d5ca-4442-9a33-44ae3cd002b5","ID":"54f2c65c-6101-4aac-b822-d5226fcc9224","childs":null,"emcosID":null,"emcosMLID":null,"codMaketTEP":null,"codTEP":null,"WSName":"PS","rangeAddress":"$EI$185:$EI$221","headAddress":"$EI$185","bodyAddress":"$EI$186:$EI$221","_name":"оперативное"}},"emcosID":null,"emcosMLID":null,"codMaketTEP":null,"codTEP":null,"WSName":"PS","rangeAddress":"$EI$184:$EI$221","headAddress":"$EI$184","bodyAddress":"$EI$185:$EI$221","_name":"отдача"}},"emcosID":null,"emcosMLID":null,"codMaketTEP":null,"codTEP":null,"WSName":"PS","rangeAddress":"$EI$183:$EI$221","headAddress":"$EI$183","bodyAddress":"$EI$184:$EI$221","_name":"Генерация Аннар"},"DB":{"_level":0,"parentID":"8beae0ba-d5ca-4442-9a33-44ae3cd002b5","firstParentID":"8beae0ba-d5ca-4442-9a33-44ae3cd002b5","ID":"859eef1f-9eca-4fa1-9b89-6756e462a155","childs":{"отдача":{"_level":1,"parentID":"859eef1f-9eca-4fa1-9b89-6756e462a155","firstParentID":"8beae0ba-d5ca-4442-9a33-44ae3cd002b5","ID":"ae2149b1-a646-40e7-8e6a-2684a44c78e4","childs":{"код":{"_level":2,"parentID":"ae2149b1-a646-40e7-8e6a-2684a44c78e4","firstParentID":"8beae0ba-d5ca-4442-9a33-44ae3cd002b5","ID":"6ce3d89e-8d67-4edc-a1ca-bcea7d079f48","childs":null,"emcosID":null,"emcosMLID":null,"codMaketTEP":null,"codTEP":null,"WSName":"DB","rangeAddress":"$FT$267:$FT$304","headAddress":"$FT$267","bodyAddress":"$FT$268:$FT$304","_name":"код"},"основное":{"_level":2,"parentID":"ae2149b1-a646-40e7-8e6a-2684a44c78e4","firstParentID":"8beae0ba-d5ca-4442-9a33-44ae3cd002b5","ID":"193bc383-9a37-4eae-abc7-e1fe398d0e7b","childs":null,"emcosID":null,"emcosMLID":null,"codMaketTEP":null,"codTEP":null,"WSName":"DB","rangeAddress":"$FU$267:$FU$304","headAddress":"$FU$267","bodyAddress":"$FU$268:$FU$304","_name":"основное"},"корректировка факт":{"_level":2,"parentID":"ae2149b1-a646-40e7-8e6a-2684a44c78e4","firstParentID":"8beae0ba-d5ca-4442-9a33-44ae3cd002b5","ID":"45686dc0-d5f2-44a6-9c71-630d8bce022d","childs":null,"emcosID":null,"emcosMLID":null,"codMaketTEP":null,"codTEP":null,"WSName":"DB","rangeAddress":"$FV$267:$FV$304","headAddress":"$FV$267","bodyAddress":"$FV$268:$FV$304","_name":"корректировка факт"},"ручное":{"_level":2,"parentID":"ae2149b1-a646-40e7-8e6a-2684a44c78e4","firstParentID":"8beae0ba-d5ca-4442-9a33-44ae3cd002b5","ID":"29ef51f6-2588-4f4f-b5dd-01fc8ccb0ac3","childs":null,"emcosID":null,"emcosMLID":null,"codMaketTEP":null,"codTEP":null,"WSName":"DB","rangeAddress":"$FW$267:$FW$304","headAddress":"$FW$267","bodyAddress":"$FW$268:$FW$304","_name":"ручное"},"оперативное":{"_level":2,"parentID":"ae2149b1-a646-40e7-8e6a-2684a44c78e4","firstParentID":"8beae0ba-d5ca-4442-9a33-44ae3cd002b5","ID":"83755318-afc0-4eb1-843c-ed6a08639eb3","childs":null,"emcosID":null,"emcosMLID":null,"codMaketTEP":null,"codTEP":null,"WSName":"DB","rangeAddress":"$FX$267:$FX$304","headAddress":"$FX$267","bodyAddress":"$FX$268:$FX$304","_name":"оперативное"}},"emcosID":null,"emcosMLID":null,"codMaketTEP":null,"codTEP":null,"WSName":"DB","rangeAddress":"$FT$266:$FX$304","headAddress":"$FT$266:$FX$266","bodyAddress":"$FT$267:$FX$304","_name":"отдача"}},"emcosID":null,"emcosMLID":null,"codMaketTEP":null,"codTEP":null,"WSName":"DB","rangeAddress":"$FT$265:$FX$304","headAddress":"$FT$265:$FX$265","bodyAddress":"$FT$266:$FX$304","_name":"Генерация Аннар"}},"codPlan":null,"meterCoef":null,"_name":"Генерация Аннар"}