{"ID":"98823ff2-13c4-401d-a49d-027eaf8577da","childs":{"PS":{"_level":0,"parentID":"98823ff2-13c4-401d-a49d-027eaf8577da","firstParentID":"98823ff2-13c4-401d-a49d-027eaf8577da","ID":"cbe1d629-1e92-458c-a8d7-ffd32bc76746","childs":{"отдача":{"_level":1,"parentID":"cbe1d629-1e92-458c-a8d7-ffd32bc76746","firstParentID":"98823ff2-13c4-401d-a49d-027eaf8577da","ID":"6204c353-a9be-43f9-9301-baf78f8818f9","childs":{"ручное":{"_level":2,"parentID":"6204c353-a9be-43f9-9301-baf78f8818f9","firstParentID":"98823ff2-13c4-401d-a49d-027eaf8577da","ID":"7d8dae4e-1be1-4b24-a53f-ecb991291d09","childs":null,"emcosID":null,"emcosMLID":null,"codMaketTEP":null,"codTEP":null,"WSName":"PS","rangeAddress":"$BM$228:$BM$264","headAddress":"$BM$228","bodyAddress":"$BM$229:$BM$264","_name":"ручное"}},"emcosID":null,"emcosMLID":null,"codMaketTEP":null,"codTEP":null,"WSName":"PS","rangeAddress":"$BM$227:$BM$264","headAddress":"$BM$227","bodyAddress":"$BM$228:$BM$264","_name":"отдача"}},"emcosID":null,"emcosMLID":null,"codMaketTEP":null,"codTEP":null,"WSName":"PS","rangeAddress":"$BM$226:$BM$264","headAddress":"$BM$226","bodyAddress":"$BM$227:$BM$264","_name":"Генерация АлмытЭнергоПроджект СЭС Уштобе"},"DB":{"_level":0,"parentID":"98823ff2-13c4-401d-a49d-027eaf8577da","firstParentID":"98823ff2-13c4-401d-a49d-027eaf8577da","ID":"4c2553a4-6714-44d0-ad73-c95aebc80343","childs":{"отдача":{"_level":1,"parentID":"4c2553a4-6714-44d0-ad73-c95aebc80343","firstParentID":"98823ff2-13c4-401d-a49d-027eaf8577da","ID":"f079ebd9-634b-4572-8bd8-0321e938fdee","childs":{"код":{"_level":2,"parentID":"f079ebd9-634b-4572-8bd8-0321e938fdee","firstParentID":"98823ff2-13c4-401d-a49d-027eaf8577da","ID":"3711e82a-4b2d-4f1d-a349-fa552daede2c","childs":null,"emcosID":null,"emcosMLID":null,"codMaketTEP":null,"codTEP":null,"WSName":"DB","rangeAddress":"$EP$482:$EP$519","headAddress":"$EP$482","bodyAddress":"$EP$483:$EP$519","_name":"код"},"основное":{"_level":2,"parentID":"f079ebd9-634b-4572-8bd8-0321e938fdee","firstParentID":"98823ff2-13c4-401d-a49d-027eaf8577da","ID":"f72374ac-1113-4d0b-aba0-5e2e03137c0f","childs":null,"emcosID":null,"emcosMLID":null,"codMaketTEP":null,"codTEP":null,"WSName":"DB","rangeAddress":"$EQ$482:$EQ$519","headAddress":"$EQ$482","bodyAddress":"$EQ$483:$EQ$519","_name":"основное"},"корректировка факт":{"_level":2,"parentID":"f079ebd9-634b-4572-8bd8-0321e938fdee","firstParentID":"98823ff2-13c4-401d-a49d-027eaf8577da","ID":"06f2a280-e7d2-4f93-918f-b88fe8e4ea9e","childs":null,"emcosID":null,"emcosMLID":null,"codMaketTEP":null,"codTEP":null,"WSName":"DB","rangeAddress":"$ER$482:$ER$519","headAddress":"$ER$482","bodyAddress":"$ER$483:$ER$519","_name":"корректировка факт"},"ручное":{"_level":2,"parentID":"f079ebd9-634b-4572-8bd8-0321e938fdee","firstParentID":"98823ff2-13c4-401d-a49d-027eaf8577da","ID":"fbffe729-c1d5-462b-851c-9c202451fef8","childs":null,"emcosID":null,"emcosMLID":null,"codMaketTEP":null,"codTEP":null,"WSName":"DB","rangeAddress":"$ES$482:$ES$519","headAddress":"$ES$482","bodyAddress":"$ES$483:$ES$519","_name":"ручное"}},"emcosID":null,"emcosMLID":null,"codMaketTEP":null,"codTEP":null,"WSName":"DB","rangeAddress":"$EP$481:$ES$519","headAddress":"$EP$481:$ES$481","bodyAddress":"$EP$482:$ES$519","_name":"отдача"}},"emcosID":null,"emcosMLID":null,"codMaketTEP":null,"codTEP":null,"WSName":"DB","rangeAddress":"$EP$480:$ES$519","headAddress":"$EP$480:$ES$480","bodyAddress":"$EP$481:$ES$519","_name":"Генерация АлмытЭнергоПроджект СЭС Уштобе"}},"codPlan":null,"meterCoef":null,"_name":"Генерация АлмытЭнергоПроджект СЭС Уштобе"}