{"ID":"98da0c85-4f61-46d0-91a7-e86a488ac7ab","childs":{"PS":{"_level":0,"parentID":"98da0c85-4f61-46d0-91a7-e86a488ac7ab","firstParentID":"98da0c85-4f61-46d0-91a7-e86a488ac7ab","ID":"3602539a-8603-4397-8919-78cf0eff67b6","childs":{"прием":{"_level":1,"parentID":"3602539a-8603-4397-8919-78cf0eff67b6","firstParentID":"98da0c85-4f61-46d0-91a7-e86a488ac7ab","ID":"387bc96b-1e94-48eb-be54-44ad7f655b48","childs":{"оперативное":{"_level":2,"parentID":"387bc96b-1e94-48eb-be54-44ad7f655b48","firstParentID":"98da0c85-4f61-46d0-91a7-e86a488ac7ab","ID":"f57445c2-56bd-4632-b2cc-8c59dcbb5dd2","childs":null,"emcosID":null,"emcosMLID":null,"codMaketTEP":null,"codTEP":null,"WSName":"PS","rangeAddress":"$Q$228:$Q$264","headAddress":"$Q$228","bodyAddress":"$Q$229:$Q$264","_name":"оперативное"}},"emcosID":null,"emcosMLID":null,"codMaketTEP":null,"codTEP":null,"WSName":"PS","rangeAddress":"$Q$227:$Q$264","headAddress":"$Q$227","bodyAddress":"$Q$228:$Q$264","_name":"прием"},"план":{"_level":1,"parentID":"3602539a-8603-4397-8919-78cf0eff67b6","firstParentID":"98da0c85-4f61-46d0-91a7-e86a488ac7ab","ID":"164a0784-79f3-44b0-9932-d374efd4a362","childs":{"заявка":{"_level":2,"parentID":"164a0784-79f3-44b0-9932-d374efd4a362","firstParentID":"98da0c85-4f61-46d0-91a7-e86a488ac7ab","ID":"363a9375-540c-4444-88a8-10f493a54789","childs":null,"emcosID":null,"emcosMLID":null,"codMaketTEP":null,"codTEP":null,"WSName":"PS","rangeAddress":"$R$228:$R$264","headAddress":"$R$228","bodyAddress":"$R$229:$R$264","_name":"заявка"}},"emcosID":null,"emcosMLID":null,"codMaketTEP":null,"codTEP":null,"WSName":"PS","rangeAddress":"$R$227:$R$264","headAddress":"$R$227","bodyAddress":"$R$228:$R$264","_name":"план"}},"emcosID":null,"emcosMLID":null,"codMaketTEP":null,"codTEP":null,"WSName":"PS","rangeAddress":"$Q$226:$R$264","headAddress":"$Q$226:$R$226","bodyAddress":"$Q$227:$R$264","_name":"Потребление Теплосервис Жетысу"},"DB":{"_level":0,"parentID":"98da0c85-4f61-46d0-91a7-e86a488ac7ab","firstParentID":"98da0c85-4f61-46d0-91a7-e86a488ac7ab","ID":"e2889e32-97f6-403d-9b9d-ba18d5394be9","childs":{"прием":{"_level":1,"parentID":"e2889e32-97f6-403d-9b9d-ba18d5394be9","firstParentID":"98da0c85-4f61-46d0-91a7-e86a488ac7ab","ID":"90d57be4-0c87-4d85-a4b0-846ebac96584","childs":{"код":{"_level":2,"parentID":"90d57be4-0c87-4d85-a4b0-846ebac96584","firstParentID":"98da0c85-4f61-46d0-91a7-e86a488ac7ab","ID":"a010c53e-74ee-4637-8aca-7f4c9a5af0c2","childs":null,"emcosID":null,"emcosMLID":null,"codMaketTEP":null,"codTEP":null,"WSName":"DB","rangeAddress":"$FF$396:$FF$433","headAddress":"$FF$396","bodyAddress":"$FF$397:$FF$433","_name":"код"},"основное":{"_level":2,"parentID":"90d57be4-0c87-4d85-a4b0-846ebac96584","firstParentID":"98da0c85-4f61-46d0-91a7-e86a488ac7ab","ID":"27c92694-7627-4119-897d-be7188f40715","childs":null,"emcosID":null,"emcosMLID":null,"codMaketTEP":null,"codTEP":null,"WSName":"DB","rangeAddress":"$FG$396:$FG$433","headAddress":"$FG$396","bodyAddress":"$FG$397:$FG$433","_name":"основное"},"корректировка факт":{"_level":2,"parentID":"90d57be4-0c87-4d85-a4b0-846ebac96584","firstParentID":"98da0c85-4f61-46d0-91a7-e86a488ac7ab","ID":"292aa4e1-9bf6-4de1-96ca-55393a03fcdb","childs":null,"emcosID":null,"emcosMLID":null,"codMaketTEP":null,"codTEP":null,"WSName":"DB","rangeAddress":"$FH$396:$FH$433","headAddress":"$FH$396","bodyAddress":"$FH$397:$FH$433","_name":"корректировка факт"},"ручное":{"_level":2,"parentID":"90d57be4-0c87-4d85-a4b0-846ebac96584","firstParentID":"98da0c85-4f61-46d0-91a7-e86a488ac7ab","ID":"9b3e6d8b-6ef7-4655-b94d-819d21f65d7a","childs":null,"emcosID":null,"emcosMLID":null,"codMaketTEP":null,"codTEP":null,"WSName":"DB","rangeAddress":"$FI$396:$FI$433","headAddress":"$FI$396","bodyAddress":"$FI$397:$FI$433","_name":"ручное"},"оперативное":{"_level":2,"parentID":"90d57be4-0c87-4d85-a4b0-846ebac96584","firstParentID":"98da0c85-4f61-46d0-91a7-e86a488ac7ab","ID":"c2fa789a-43ec-4b6d-9b32-9baafb0d0df3","childs":null,"emcosID":null,"emcosMLID":null,"codMaketTEP":null,"codTEP":null,"WSName":"DB","rangeAddress":"$FJ$396:$FJ$433","headAddress":"$FJ$396","bodyAddress":"$FJ$397:$FJ$433","_name":"оперативное"},"по плану":{"_level":2,"parentID":"90d57be4-0c87-4d85-a4b0-846ebac96584","firstParentID":"98da0c85-4f61-46d0-91a7-e86a488ac7ab","ID":"eafcf5c9-ab7a-41d4-be7d-b39aff29c340","childs":null,"emcosID":null,"emcosMLID":null,"codMaketTEP":null,"codTEP":null,"WSName":"DB","rangeAddress":"$FK$396:$FK$433","headAddress":"$FK$396","bodyAddress":"$FK$397:$FK$433","_name":"по плану"}},"emcosID":null,"emcosMLID":null,"codMaketTEP":null,"codTEP":null,"WSName":"DB","rangeAddress":"$FF$395:$FK$433","headAddress":"$FF$395:$FK$395","bodyAddress":"$FF$396:$FK$433","_name":"прием"},"план":{"_level":1,"parentID":"e2889e32-97f6-403d-9b9d-ba18d5394be9","firstParentID":"98da0c85-4f61-46d0-91a7-e86a488ac7ab","ID":"bc2ffe47-9992-42eb-9baa-bdde78dcdbc8","childs":{"код":{"_level":2,"parentID":"bc2ffe47-9992-42eb-9baa-bdde78dcdbc8","firstParentID":"98da0c85-4f61-46d0-91a7-e86a488ac7ab","ID":"59cb04cd-a127-4886-8cbd-5c8b957a8394","childs":null,"emcosID":null,"emcosMLID":null,"codMaketTEP":null,"codTEP":null,"WSName":"DB","rangeAddress":"$FL$396:$FL$433","headAddress":"$FL$396","bodyAddress":"$FL$397:$FL$433","_name":"код"},"основное":{"_level":2,"parentID":"bc2ffe47-9992-42eb-9baa-bdde78dcdbc8","firstParentID":"98da0c85-4f61-46d0-91a7-e86a488ac7ab","ID":"3de2593d-68de-48d7-bf03-608487922ca6","childs":null,"emcosID":null,"emcosMLID":null,"codMaketTEP":null,"codTEP":null,"WSName":"DB","rangeAddress":"$FM$396:$FM$433","headAddress":"$FM$396","bodyAddress":"$FM$397:$FM$433","_name":"основное"},"заявка":{"_level":2,"parentID":"bc2ffe47-9992-42eb-9baa-bdde78dcdbc8","firstParentID":"98da0c85-4f61-46d0-91a7-e86a488ac7ab","ID":"278823a6-6109-45a3-8809-bc9d85a1f4fa","childs":null,"emcosID":null,"emcosMLID":null,"codMaketTEP":null,"codTEP":null,"WSName":"DB","rangeAddress":"$FN$396:$FN$433","headAddress":"$FN$396","bodyAddress":"$FN$397:$FN$433","_name":"заявка"},"утвержденный":{"_level":2,"parentID":"bc2ffe47-9992-42eb-9baa-bdde78dcdbc8","firstParentID":"98da0c85-4f61-46d0-91a7-e86a488ac7ab","ID":"cca852f9-7439-4ddd-917e-9a1baebdea77","childs":null,"emcosID":null,"emcosMLID":null,"codMaketTEP":null,"codTEP":null,"WSName":"DB","rangeAddress":"$FO$396:$FO$433","headAddress":"$FO$396","bodyAddress":"$FO$397:$FO$433","_name":"утвержденный"},"корректировка":{"_level":2,"parentID":"bc2ffe47-9992-42eb-9baa-bdde78dcdbc8","firstParentID":"98da0c85-4f61-46d0-91a7-e86a488ac7ab","ID":"32b6c323-9ed6-4c45-a9c5-2969b5736dd7","childs":null,"emcosID":null,"emcosMLID":null,"codMaketTEP":null,"codTEP":null,"WSName":"DB","rangeAddress":"$FP$396:$FP$433","headAddress":"$FP$396","bodyAddress":"$FP$397:$FP$433","_name":"корректировка"}},"emcosID":null,"emcosMLID":null,"codMaketTEP":null,"codTEP":null,"WSName":"DB","rangeAddress":"$FL$395:$FP$433","headAddress":"$FL$395:$FP$395","bodyAddress":"$FL$396:$FP$433","_name":"план"}},"emcosID":null,"emcosMLID":null,"codMaketTEP":null,"codTEP":null,"WSName":"DB","rangeAddress":"$FF$394:$FP$433","headAddress":"$FF$394:$FP$394","bodyAddress":"$FF$395:$FP$433","_name":"Потребление Теплосервис Жетысу"}},"codPlan":31,"meterCoef":null,"_name":"Потребление Теплосервис Жетысу"}