{"ID":"9bf44b3e-4d18-47e0-b23b-28c1872ff39e","childs":{"PS":{"_level":0,"parentID":"9bf44b3e-4d18-47e0-b23b-28c1872ff39e","firstParentID":"9bf44b3e-4d18-47e0-b23b-28c1872ff39e","ID":"bdbbcb4f-ecb0-429f-a310-6c67170301c4","childs":{"прием":{"_level":1,"parentID":"bdbbcb4f-ecb0-429f-a310-6c67170301c4","firstParentID":"9bf44b3e-4d18-47e0-b23b-28c1872ff39e","ID":"4438b3ac-c74d-4af9-a819-ee5d20d461ce","childs":{"формула":{"_level":2,"parentID":"4438b3ac-c74d-4af9-a819-ee5d20d461ce","firstParentID":"9bf44b3e-4d18-47e0-b23b-28c1872ff39e","ID":"00905e97-9c6b-4c9d-9e36-3b5c421fd126","childs":null,"emcosID":null,"emcosMLID":null,"codMaketTEP":null,"codTEP":null,"WSName":"PS","rangeAddress":"$AE$228:$AE$264","headAddress":"$AE$228","bodyAddress":"$AE$229:$AE$264","_name":"формула"}},"emcosID":null,"emcosMLID":null,"codMaketTEP":1473,"codTEP":null,"WSName":"PS","rangeAddress":"$AE$227:$AE$264","headAddress":"$AE$227","bodyAddress":"$AE$228:$AE$264","_name":"прием"}},"emcosID":null,"emcosMLID":null,"codMaketTEP":null,"codTEP":null,"WSName":"PS","rangeAddress":"$AE$226:$AE$264","headAddress":"$AE$226","bodyAddress":"$AE$227:$AE$264","_name":"Потребление Green Oil Жетысу"},"DB":{"_level":0,"parentID":"9bf44b3e-4d18-47e0-b23b-28c1872ff39e","firstParentID":"9bf44b3e-4d18-47e0-b23b-28c1872ff39e","ID":"32c21f9e-22cd-4bfb-8012-7d8ce839f268","childs":{"прием":{"_level":1,"parentID":"32c21f9e-22cd-4bfb-8012-7d8ce839f268","firstParentID":"9bf44b3e-4d18-47e0-b23b-28c1872ff39e","ID":"8d24f1d0-eaa8-4019-94d6-f7e217dcf633","childs":{"код":{"_level":2,"parentID":"8d24f1d0-eaa8-4019-94d6-f7e217dcf633","firstParentID":"9bf44b3e-4d18-47e0-b23b-28c1872ff39e","ID":"367d4a8a-8f36-4126-964a-d5702cdf05bc","childs":null,"emcosID":null,"emcosMLID":null,"codMaketTEP":null,"codTEP":null,"WSName":"DB","rangeAddress":"$GS$482:$GS$519","headAddress":"$GS$482","bodyAddress":"$GS$483:$GS$519","_name":"код"},"основное":{"_level":2,"parentID":"8d24f1d0-eaa8-4019-94d6-f7e217dcf633","firstParentID":"9bf44b3e-4d18-47e0-b23b-28c1872ff39e","ID":"571df3dc-1681-44a5-a193-3f0e2013860c","childs":null,"emcosID":null,"emcosMLID":null,"codMaketTEP":null,"codTEP":null,"WSName":"DB","rangeAddress":"$GT$482:$GT$519","headAddress":"$GT$482","bodyAddress":"$GT$483:$GT$519","_name":"основное"},"корректировка факт":{"_level":2,"parentID":"8d24f1d0-eaa8-4019-94d6-f7e217dcf633","firstParentID":"9bf44b3e-4d18-47e0-b23b-28c1872ff39e","ID":"aa856581-3ddd-475c-9d64-25dfd5751f6e","childs":null,"emcosID":null,"emcosMLID":null,"codMaketTEP":null,"codTEP":null,"WSName":"DB","rangeAddress":"$GU$482:$GU$519","headAddress":"$GU$482","bodyAddress":"$GU$483:$GU$519","_name":"корректировка факт"},"ручное":{"_level":2,"parentID":"8d24f1d0-eaa8-4019-94d6-f7e217dcf633","firstParentID":"9bf44b3e-4d18-47e0-b23b-28c1872ff39e","ID":"662f96d5-2bf0-4b89-a92b-6328a19ba557","childs":null,"emcosID":null,"emcosMLID":null,"codMaketTEP":null,"codTEP":null,"WSName":"DB","rangeAddress":"$GV$482:$GV$519","headAddress":"$GV$482","bodyAddress":"$GV$483:$GV$519","_name":"ручное"},"формула":{"_level":2,"parentID":"8d24f1d0-eaa8-4019-94d6-f7e217dcf633","firstParentID":"9bf44b3e-4d18-47e0-b23b-28c1872ff39e","ID":"557dbcb2-2f29-4f32-bd05-d1ac18384c74","childs":null,"emcosID":null,"emcosMLID":null,"codMaketTEP":null,"codTEP":null,"WSName":"DB","rangeAddress":"$GW$482:$GW$519","headAddress":"$GW$482","bodyAddress":"$GW$483:$GW$519","_name":"формула"}},"emcosID":null,"emcosMLID":null,"codMaketTEP":null,"codTEP":null,"WSName":"DB","rangeAddress":"$GS$481:$GW$519","headAddress":"$GS$481:$GW$481","bodyAddress":"$GS$482:$GW$519","_name":"прием"}},"emcosID":null,"emcosMLID":null,"codMaketTEP":null,"codTEP":null,"WSName":"DB","rangeAddress":"$GS$480:$GW$519","headAddress":"$GS$480:$GW$480","bodyAddress":"$GS$481:$GW$519","_name":"Потребление Green Oil Жетысу"}},"codPlan":null,"meterCoef":null,"_name":"Потребление Green Oil Жетысу"}