{"ID":"9f8cecea-9c25-4827-9c95-10577f61bc03","childs":{"PS":{"_level":0,"parentID":"9f8cecea-9c25-4827-9c95-10577f61bc03","firstParentID":"9f8cecea-9c25-4827-9c95-10577f61bc03","ID":"3b5f3c09-817a-416a-b7ef-b0290d6a3b41","childs":{"прием":{"_level":1,"parentID":"3b5f3c09-817a-416a-b7ef-b0290d6a3b41","firstParentID":"9f8cecea-9c25-4827-9c95-10577f61bc03","ID":"84a7e79b-9ad9-42a8-a0ef-076f25021bac","childs":{"аскуэ":{"_level":2,"parentID":"84a7e79b-9ad9-42a8-a0ef-076f25021bac","firstParentID":"9f8cecea-9c25-4827-9c95-10577f61bc03","ID":"b3029a5d-a0b8-47fc-ab0e-218d3195d8cf","childs":null,"emcosID":null,"emcosMLID":null,"codMaketTEP":null,"codTEP":null,"WSName":"PS","rangeAddress":"$CL$56:$CL$92","headAddress":"$CL$56","bodyAddress":"$CL$57:$CL$92","_name":"аскуэ"}},"emcosID":null,"emcosMLID":null,"codMaketTEP":null,"codTEP":null,"WSName":"PS","rangeAddress":"$CL$55:$CL$92","headAddress":"$CL$55","bodyAddress":"$CL$56:$CL$92","_name":"прием"},"отдача":{"_level":1,"parentID":"3b5f3c09-817a-416a-b7ef-b0290d6a3b41","firstParentID":"9f8cecea-9c25-4827-9c95-10577f61bc03","ID":"d1c161e0-dbac-4218-911d-838f1a6d2690","childs":{"аскуэ":{"_level":2,"parentID":"d1c161e0-dbac-4218-911d-838f1a6d2690","firstParentID":"9f8cecea-9c25-4827-9c95-10577f61bc03","ID":"408b2e70-8be5-4773-a074-3cfcdc0467b6","childs":null,"emcosID":null,"emcosMLID":null,"codMaketTEP":null,"codTEP":null,"WSName":"PS","rangeAddress":"$CM$56:$CM$92","headAddress":"$CM$56","bodyAddress":"$CM$57:$CM$92","_name":"аскуэ"}},"emcosID":null,"emcosMLID":null,"codMaketTEP":null,"codTEP":null,"WSName":"PS","rangeAddress":"$CM$55:$CM$92","headAddress":"$CM$55","bodyAddress":"$CM$56:$CM$92","_name":"отдача"}},"emcosID":null,"emcosMLID":null,"codMaketTEP":null,"codTEP":null,"WSName":"PS","rangeAddress":"$CL$54:$CM$92","headAddress":"$CL$54:$CM$54","bodyAddress":"$CL$55:$CM$92","_name":"ОВ 110 Шу"},"DB":{"_level":0,"parentID":"9f8cecea-9c25-4827-9c95-10577f61bc03","firstParentID":"9f8cecea-9c25-4827-9c95-10577f61bc03","ID":"d7891419-6d59-4d48-8592-cf4979ce6a47","childs":{"прием":{"_level":1,"parentID":"d7891419-6d59-4d48-8592-cf4979ce6a47","firstParentID":"9f8cecea-9c25-4827-9c95-10577f61bc03","ID":"6870aa2f-7bf6-474b-8980-6b4136c560e4","childs":{"код":{"_level":2,"parentID":"6870aa2f-7bf6-474b-8980-6b4136c560e4","firstParentID":"9f8cecea-9c25-4827-9c95-10577f61bc03","ID":"a4699581-2765-48a9-94df-c755306938fa","childs":null,"emcosID":null,"emcosMLID":null,"codMaketTEP":null,"codTEP":null,"WSName":"DB","rangeAddress":"$IO$267:$IO$304","headAddress":"$IO$267","bodyAddress":"$IO$268:$IO$304","_name":"код"},"основное":{"_level":2,"parentID":"6870aa2f-7bf6-474b-8980-6b4136c560e4","firstParentID":"9f8cecea-9c25-4827-9c95-10577f61bc03","ID":"86622137-5766-409e-847f-9475173228cb","childs":null,"emcosID":null,"emcosMLID":null,"codMaketTEP":null,"codTEP":null,"WSName":"DB","rangeAddress":"$IP$267:$IP$304","headAddress":"$IP$267","bodyAddress":"$IP$268:$IP$304","_name":"основное"},"корректировка факт":{"_level":2,"parentID":"6870aa2f-7bf6-474b-8980-6b4136c560e4","firstParentID":"9f8cecea-9c25-4827-9c95-10577f61bc03","ID":"bcf023cb-6704-4fd4-8fec-919cb6a38aea","childs":null,"emcosID":null,"emcosMLID":null,"codMaketTEP":null,"codTEP":null,"WSName":"DB","rangeAddress":"$IQ$267:$IQ$304","headAddress":"$IQ$267","bodyAddress":"$IQ$268:$IQ$304","_name":"корректировка факт"},"ручное":{"_level":2,"parentID":"6870aa2f-7bf6-474b-8980-6b4136c560e4","firstParentID":"9f8cecea-9c25-4827-9c95-10577f61bc03","ID":"2a577cb9-884b-4e24-b773-3fc68475b241","childs":null,"emcosID":null,"emcosMLID":null,"codMaketTEP":null,"codTEP":null,"WSName":"DB","rangeAddress":"$IR$267:$IR$304","headAddress":"$IR$267","bodyAddress":"$IR$268:$IR$304","_name":"ручное"},"аскуэ":{"_level":2,"parentID":"6870aa2f-7bf6-474b-8980-6b4136c560e4","firstParentID":"9f8cecea-9c25-4827-9c95-10577f61bc03","ID":"6b9f039b-853b-4c91-80b6-3175e6a91e55","childs":null,"emcosID":null,"emcosMLID":null,"codMaketTEP":null,"codTEP":null,"WSName":"DB","rangeAddress":"$IS$267:$IS$304","headAddress":"$IS$267","bodyAddress":"$IS$268:$IS$304","_name":"аскуэ"}},"emcosID":408,"emcosMLID":385,"codMaketTEP":null,"codTEP":null,"WSName":"DB","rangeAddress":"$IO$266:$IS$304","headAddress":"$IO$266:$IS$266","bodyAddress":"$IO$267:$IS$304","_name":"прием"},"отдача":{"_level":1,"parentID":"d7891419-6d59-4d48-8592-cf4979ce6a47","firstParentID":"9f8cecea-9c25-4827-9c95-10577f61bc03","ID":"7f9ad04e-a6e7-4fce-ad92-38a03592aef2","childs":{"код":{"_level":2,"parentID":"7f9ad04e-a6e7-4fce-ad92-38a03592aef2","firstParentID":"9f8cecea-9c25-4827-9c95-10577f61bc03","ID":"238639b6-ecf0-4512-bd36-63ed20b6f163","childs":null,"emcosID":null,"emcosMLID":null,"codMaketTEP":null,"codTEP":null,"WSName":"DB","rangeAddress":"$IT$267:$IT$304","headAddress":"$IT$267","bodyAddress":"$IT$268:$IT$304","_name":"код"},"основное":{"_level":2,"parentID":"7f9ad04e-a6e7-4fce-ad92-38a03592aef2","firstParentID":"9f8cecea-9c25-4827-9c95-10577f61bc03","ID":"efc39036-60d8-4ffe-810b-71f2d63bdc58","childs":null,"emcosID":null,"emcosMLID":null,"codMaketTEP":null,"codTEP":null,"WSName":"DB","rangeAddress":"$IU$267:$IU$304","headAddress":"$IU$267","bodyAddress":"$IU$268:$IU$304","_name":"основное"},"корректировка факт":{"_level":2,"parentID":"7f9ad04e-a6e7-4fce-ad92-38a03592aef2","firstParentID":"9f8cecea-9c25-4827-9c95-10577f61bc03","ID":"554e0b55-3480-4ec5-9295-d371b24c4ec1","childs":null,"emcosID":null,"emcosMLID":null,"codMaketTEP":null,"codTEP":null,"WSName":"DB","rangeAddress":"$IV$267:$IV$304","headAddress":"$IV$267","bodyAddress":"$IV$268:$IV$304","_name":"корректировка факт"},"ручное":{"_level":2,"parentID":"7f9ad04e-a6e7-4fce-ad92-38a03592aef2","firstParentID":"9f8cecea-9c25-4827-9c95-10577f61bc03","ID":"09ee5a5d-9765-412e-ab54-1f3664041b06","childs":null,"emcosID":null,"emcosMLID":null,"codMaketTEP":null,"codTEP":null,"WSName":"DB","rangeAddress":"$IW$267:$IW$304","headAddress":"$IW$267","bodyAddress":"$IW$268:$IW$304","_name":"ручное"},"аскуэ":{"_level":2,"parentID":"7f9ad04e-a6e7-4fce-ad92-38a03592aef2","firstParentID":"9f8cecea-9c25-4827-9c95-10577f61bc03","ID":"4bf4f821-7ad0-480e-87d8-a99ab453c05b","childs":null,"emcosID":null,"emcosMLID":null,"codMaketTEP":null,"codTEP":null,"WSName":"DB","rangeAddress":"$IX$267:$IX$304","headAddress":"$IX$267","bodyAddress":"$IX$268:$IX$304","_name":"аскуэ"}},"emcosID":408,"emcosMLID":386,"codMaketTEP":null,"codTEP":null,"WSName":"DB","rangeAddress":"$IT$266:$IX$304","headAddress":"$IT$266:$IX$266","bodyAddress":"$IT$267:$IX$304","_name":"отдача"}},"emcosID":null,"emcosMLID":null,"codMaketTEP":null,"codTEP":null,"WSName":"DB","rangeAddress":"$IO$265:$IX$304","headAddress":"$IO$265:$IX$265","bodyAddress":"$IO$266:$IX$304","_name":"ОВ 110 Шу"}},"codPlan":null,"meterCoef":null,"_name":"ОВ 110 Шу"}