{"ID":"a15a15a4-bd8b-4a05-88ff-8bb8ccc3b3c5","childs":{"PS":{"_level":0,"parentID":"a15a15a4-bd8b-4a05-88ff-8bb8ccc3b3c5","firstParentID":"a15a15a4-bd8b-4a05-88ff-8bb8ccc3b3c5","ID":"b5b15e2e-d39d-478f-b533-ac07087eb0f3","childs":{"прием":{"_level":1,"parentID":"b5b15e2e-d39d-478f-b533-ac07087eb0f3","firstParentID":"a15a15a4-bd8b-4a05-88ff-8bb8ccc3b3c5","ID":"f678c381-15ad-482a-bf44-be150fd926a5","childs":{"оперативное":{"_level":2,"parentID":"f678c381-15ad-482a-bf44-be150fd926a5","firstParentID":"a15a15a4-bd8b-4a05-88ff-8bb8ccc3b3c5","ID":"e4675b9a-30ab-4c94-b264-ca499285c896","childs":null,"emcosID":null,"emcosMLID":null,"codMaketTEP":null,"codTEP":null,"WSName":"PS","rangeAddress":"$BH$185:$BH$221","headAddress":"$BH$185","bodyAddress":"$BH$186:$BH$221","_name":"оперативное"}},"emcosID":null,"emcosMLID":null,"codMaketTEP":null,"codTEP":null,"WSName":"PS","rangeAddress":"$BH$184:$BH$221","headAddress":"$BH$184","bodyAddress":"$BH$185:$BH$221","_name":"прием"}},"emcosID":null,"emcosMLID":null,"codMaketTEP":null,"codTEP":null,"WSName":"PS","rangeAddress":"$BH$183:$BH$221","headAddress":"$BH$183","bodyAddress":"$BH$184:$BH$221","_name":"Доля потерь АЖК"},"DB":{"_level":0,"parentID":"a15a15a4-bd8b-4a05-88ff-8bb8ccc3b3c5","firstParentID":"a15a15a4-bd8b-4a05-88ff-8bb8ccc3b3c5","ID":"e8bad44d-cab8-4ac1-ad12-542d6a0b3c31","childs":{"прием":{"_level":1,"parentID":"e8bad44d-cab8-4ac1-ad12-542d6a0b3c31","firstParentID":"a15a15a4-bd8b-4a05-88ff-8bb8ccc3b3c5","ID":"9a66cf93-2fbc-4ec8-82ef-d31fe100f6df","childs":{"код":{"_level":2,"parentID":"9a66cf93-2fbc-4ec8-82ef-d31fe100f6df","firstParentID":"a15a15a4-bd8b-4a05-88ff-8bb8ccc3b3c5","ID":"52a953bd-e2e0-4d34-940e-8cb687a65e10","childs":null,"emcosID":null,"emcosMLID":null,"codMaketTEP":null,"codTEP":null,"WSName":"DB","rangeAddress":"$GI$353:$GI$390","headAddress":"$GI$353","bodyAddress":"$GI$354:$GI$390","_name":"код"},"основное":{"_level":2,"parentID":"9a66cf93-2fbc-4ec8-82ef-d31fe100f6df","firstParentID":"a15a15a4-bd8b-4a05-88ff-8bb8ccc3b3c5","ID":"666832b8-451c-4deb-a6fb-96f3909d9ad3","childs":null,"emcosID":null,"emcosMLID":null,"codMaketTEP":null,"codTEP":null,"WSName":"DB","rangeAddress":"$GJ$353:$GJ$390","headAddress":"$GJ$353","bodyAddress":"$GJ$354:$GJ$390","_name":"основное"},"корректировка факт":{"_level":2,"parentID":"9a66cf93-2fbc-4ec8-82ef-d31fe100f6df","firstParentID":"a15a15a4-bd8b-4a05-88ff-8bb8ccc3b3c5","ID":"e674a871-a2d7-4245-a258-5d94539302ff","childs":null,"emcosID":null,"emcosMLID":null,"codMaketTEP":null,"codTEP":null,"WSName":"DB","rangeAddress":"$GK$353:$GK$390","headAddress":"$GK$353","bodyAddress":"$GK$354:$GK$390","_name":"корректировка факт"},"ручное":{"_level":2,"parentID":"9a66cf93-2fbc-4ec8-82ef-d31fe100f6df","firstParentID":"a15a15a4-bd8b-4a05-88ff-8bb8ccc3b3c5","ID":"eb55e81a-16e3-447f-a1b4-0f41a2367243","childs":null,"emcosID":null,"emcosMLID":null,"codMaketTEP":null,"codTEP":null,"WSName":"DB","rangeAddress":"$GL$353:$GL$390","headAddress":"$GL$353","bodyAddress":"$GL$354:$GL$390","_name":"ручное"},"оперативное":{"_level":2,"parentID":"9a66cf93-2fbc-4ec8-82ef-d31fe100f6df","firstParentID":"a15a15a4-bd8b-4a05-88ff-8bb8ccc3b3c5","ID":"4d6495bd-6089-4e70-a13f-6d6718ec23f8","childs":null,"emcosID":null,"emcosMLID":null,"codMaketTEP":null,"codTEP":null,"WSName":"DB","rangeAddress":"$GM$353:$GM$390","headAddress":"$GM$353","bodyAddress":"$GM$354:$GM$390","_name":"оперативное"}},"emcosID":null,"emcosMLID":null,"codMaketTEP":null,"codTEP":null,"WSName":"DB","rangeAddress":"$GI$352:$GM$390","headAddress":"$GI$352:$GM$352","bodyAddress":"$GI$353:$GM$390","_name":"прием"}},"emcosID":null,"emcosMLID":null,"codMaketTEP":null,"codTEP":null,"WSName":"DB","rangeAddress":"$GI$351:$GM$390","headAddress":"$GI$351:$GM$351","bodyAddress":"$GI$352:$GM$390","_name":"Доля потерь АЖК"}},"codPlan":null,"meterCoef":null,"_name":"Доля потерь АЖК"}