{"ID":"ab115f01-e148-411f-bec8-c2eb54c78e50","childs":{"PS":{"_level":0,"parentID":"ab115f01-e148-411f-bec8-c2eb54c78e50","firstParentID":"ab115f01-e148-411f-bec8-c2eb54c78e50","ID":"cfee7291-bd11-4fa0-aca2-b211de43d7ea","childs":{"прием":{"_level":1,"parentID":"cfee7291-bd11-4fa0-aca2-b211de43d7ea","firstParentID":"ab115f01-e148-411f-bec8-c2eb54c78e50","ID":"3ed8bf01-af59-42df-a02c-efccaaee29d3","childs":{"аскуэ":{"_level":2,"parentID":"3ed8bf01-af59-42df-a02c-efccaaee29d3","firstParentID":"ab115f01-e148-411f-bec8-c2eb54c78e50","ID":"85eb427b-083a-4db2-b44d-4b93df368b5a","childs":null,"emcosID":null,"emcosMLID":null,"codMaketTEP":null,"codTEP":null,"WSName":"PS","rangeAddress":"$ED$56:$ED$92","headAddress":"$ED$56","bodyAddress":"$ED$57:$ED$92","_name":"аскуэ"}},"emcosID":null,"emcosMLID":null,"codMaketTEP":null,"codTEP":null,"WSName":"PS","rangeAddress":"$ED$55:$ED$92","headAddress":"$ED$55","bodyAddress":"$ED$56:$ED$92","_name":"прием"},"отдача":{"_level":1,"parentID":"cfee7291-bd11-4fa0-aca2-b211de43d7ea","firstParentID":"ab115f01-e148-411f-bec8-c2eb54c78e50","ID":"ebd3d656-b2c7-480e-9991-9921f4d98baa","childs":{"аскуэ":{"_level":2,"parentID":"ebd3d656-b2c7-480e-9991-9921f4d98baa","firstParentID":"ab115f01-e148-411f-bec8-c2eb54c78e50","ID":"640f613b-2a7f-48e2-bec6-71c524c323df","childs":null,"emcosID":null,"emcosMLID":null,"codMaketTEP":null,"codTEP":null,"WSName":"PS","rangeAddress":"$EE$56:$EE$92","headAddress":"$EE$56","bodyAddress":"$EE$57:$EE$92","_name":"аскуэ"}},"emcosID":null,"emcosMLID":null,"codMaketTEP":null,"codTEP":null,"WSName":"PS","rangeAddress":"$EE$55:$EE$92","headAddress":"$EE$55","bodyAddress":"$EE$56:$EE$92","_name":"отдача"}},"emcosID":null,"emcosMLID":null,"codMaketTEP":null,"codTEP":null,"WSName":"PS","rangeAddress":"$ED$54:$EE$92","headAddress":"$ED$54:$EE$54","bodyAddress":"$ED$55:$EE$92","_name":"Л2333 Талдыкорган"},"DB":{"_level":0,"parentID":"ab115f01-e148-411f-bec8-c2eb54c78e50","firstParentID":"ab115f01-e148-411f-bec8-c2eb54c78e50","ID":"db13bd2e-6af9-4581-b954-1de0587a67c3","childs":{"прием":{"_level":1,"parentID":"db13bd2e-6af9-4581-b954-1de0587a67c3","firstParentID":"ab115f01-e148-411f-bec8-c2eb54c78e50","ID":"194882b8-e981-4b9b-9135-01945a68291e","childs":{"код":{"_level":2,"parentID":"194882b8-e981-4b9b-9135-01945a68291e","firstParentID":"ab115f01-e148-411f-bec8-c2eb54c78e50","ID":"9638d5ee-8343-4e5a-ab9f-88838c3cbaeb","childs":null,"emcosID":null,"emcosMLID":null,"codMaketTEP":null,"codTEP":null,"WSName":"DB","rangeAddress":"$KR$52:$KR$89","headAddress":"$KR$52","bodyAddress":"$KR$53:$KR$89","_name":"код"},"основное":{"_level":2,"parentID":"194882b8-e981-4b9b-9135-01945a68291e","firstParentID":"ab115f01-e148-411f-bec8-c2eb54c78e50","ID":"4ab0760f-fb41-4ef9-8274-bb73eeaebde6","childs":null,"emcosID":null,"emcosMLID":null,"codMaketTEP":null,"codTEP":null,"WSName":"DB","rangeAddress":"$KS$52:$KS$89","headAddress":"$KS$52","bodyAddress":"$KS$53:$KS$89","_name":"основное"},"корректировка факт":{"_level":2,"parentID":"194882b8-e981-4b9b-9135-01945a68291e","firstParentID":"ab115f01-e148-411f-bec8-c2eb54c78e50","ID":"8df34ad6-ca2d-4535-aecc-68782f10fbd9","childs":null,"emcosID":null,"emcosMLID":null,"codMaketTEP":null,"codTEP":null,"WSName":"DB","rangeAddress":"$KT$52:$KT$89","headAddress":"$KT$52","bodyAddress":"$KT$53:$KT$89","_name":"корректировка факт"},"ручное":{"_level":2,"parentID":"194882b8-e981-4b9b-9135-01945a68291e","firstParentID":"ab115f01-e148-411f-bec8-c2eb54c78e50","ID":"e594e389-cd8b-41eb-817f-b739b5d0c74e","childs":null,"emcosID":null,"emcosMLID":null,"codMaketTEP":null,"codTEP":null,"WSName":"DB","rangeAddress":"$KU$52:$KU$89","headAddress":"$KU$52","bodyAddress":"$KU$53:$KU$89","_name":"ручное"},"оперативное":{"_level":2,"parentID":"194882b8-e981-4b9b-9135-01945a68291e","firstParentID":"ab115f01-e148-411f-bec8-c2eb54c78e50","ID":"54d46044-affe-4e90-bb4f-385ae2f4c13f","childs":null,"emcosID":null,"emcosMLID":null,"codMaketTEP":null,"codTEP":null,"WSName":"DB","rangeAddress":"$KV$52:$KV$89","headAddress":"$KV$52","bodyAddress":"$KV$53:$KV$89","_name":"оперативное"},"аскуэ":{"_level":2,"parentID":"194882b8-e981-4b9b-9135-01945a68291e","firstParentID":"ab115f01-e148-411f-bec8-c2eb54c78e50","ID":"cd5ddc46-4bde-4207-8c1f-de03a9331abc","childs":null,"emcosID":null,"emcosMLID":null,"codMaketTEP":null,"codTEP":null,"WSName":"DB","rangeAddress":"$KW$52:$KW$89","headAddress":"$KW$52","bodyAddress":"$KW$53:$KW$89","_name":"аскуэ"}},"emcosID":1584,"emcosMLID":385,"codMaketTEP":null,"codTEP":null,"WSName":"DB","rangeAddress":"$KR$51:$KW$89","headAddress":"$KR$51:$KW$51","bodyAddress":"$KR$52:$KW$89","_name":"прием"},"отдача":{"_level":1,"parentID":"db13bd2e-6af9-4581-b954-1de0587a67c3","firstParentID":"ab115f01-e148-411f-bec8-c2eb54c78e50","ID":"4bfdf41d-26b8-46a3-8fba-8d790ac8f644","childs":{"код":{"_level":2,"parentID":"4bfdf41d-26b8-46a3-8fba-8d790ac8f644","firstParentID":"ab115f01-e148-411f-bec8-c2eb54c78e50","ID":"d25b0ea3-360c-4b94-8983-290fcbfd2563","childs":null,"emcosID":null,"emcosMLID":null,"codMaketTEP":null,"codTEP":null,"WSName":"DB","rangeAddress":"$KX$52:$KX$89","headAddress":"$KX$52","bodyAddress":"$KX$53:$KX$89","_name":"код"},"основное":{"_level":2,"parentID":"4bfdf41d-26b8-46a3-8fba-8d790ac8f644","firstParentID":"ab115f01-e148-411f-bec8-c2eb54c78e50","ID":"89343b32-f64e-4231-b823-60587437398e","childs":null,"emcosID":null,"emcosMLID":null,"codMaketTEP":null,"codTEP":null,"WSName":"DB","rangeAddress":"$KY$52:$KY$89","headAddress":"$KY$52","bodyAddress":"$KY$53:$KY$89","_name":"основное"},"корректировка факт":{"_level":2,"parentID":"4bfdf41d-26b8-46a3-8fba-8d790ac8f644","firstParentID":"ab115f01-e148-411f-bec8-c2eb54c78e50","ID":"56fc002f-621b-49ea-8a65-bc42dc553659","childs":null,"emcosID":null,"emcosMLID":null,"codMaketTEP":null,"codTEP":null,"WSName":"DB","rangeAddress":"$KZ$52:$KZ$89","headAddress":"$KZ$52","bodyAddress":"$KZ$53:$KZ$89","_name":"корректировка факт"},"ручное":{"_level":2,"parentID":"4bfdf41d-26b8-46a3-8fba-8d790ac8f644","firstParentID":"ab115f01-e148-411f-bec8-c2eb54c78e50","ID":"5d8665d2-ea8d-4724-89f0-617dd799bd68","childs":null,"emcosID":null,"emcosMLID":null,"codMaketTEP":null,"codTEP":null,"WSName":"DB","rangeAddress":"$LA$52:$LA$89","headAddress":"$LA$52","bodyAddress":"$LA$53:$LA$89","_name":"ручное"},"оперативное":{"_level":2,"parentID":"4bfdf41d-26b8-46a3-8fba-8d790ac8f644","firstParentID":"ab115f01-e148-411f-bec8-c2eb54c78e50","ID":"6bd39984-4994-491e-82b5-451412b7ac9a","childs":null,"emcosID":null,"emcosMLID":null,"codMaketTEP":null,"codTEP":null,"WSName":"DB","rangeAddress":"$LB$52:$LB$89","headAddress":"$LB$52","bodyAddress":"$LB$53:$LB$89","_name":"оперативное"},"аскуэ":{"_level":2,"parentID":"4bfdf41d-26b8-46a3-8fba-8d790ac8f644","firstParentID":"ab115f01-e148-411f-bec8-c2eb54c78e50","ID":"f25bc7f3-2bf6-4407-8edd-fd52aebba935","childs":null,"emcosID":null,"emcosMLID":null,"codMaketTEP":null,"codTEP":null,"WSName":"DB","rangeAddress":"$LC$52:$LC$89","headAddress":"$LC$52","bodyAddress":"$LC$53:$LC$89","_name":"аскуэ"}},"emcosID":1584,"emcosMLID":386,"codMaketTEP":null,"codTEP":null,"WSName":"DB","rangeAddress":"$KX$51:$LC$89","headAddress":"$KX$51:$LC$51","bodyAddress":"$KX$52:$LC$89","_name":"отдача"}},"emcosID":null,"emcosMLID":null,"codMaketTEP":null,"codTEP":null,"WSName":"DB","rangeAddress":"$KR$50:$LC$89","headAddress":"$KR$50:$LC$50","bodyAddress":"$KR$51:$LC$89","_name":"Л2333 Талдыкорган"}},"codPlan":null,"meterCoef":null,"_name":"Л2333 Талдыкорган"}