{"ID":"bea9cc18-7619-48ad-915a-0f5d94bf2f12","childs":{"PS":{"_level":0,"parentID":"bea9cc18-7619-48ad-915a-0f5d94bf2f12","firstParentID":"bea9cc18-7619-48ad-915a-0f5d94bf2f12","ID":"089d4979-5b2d-40c1-bafb-18c27e29bf40","childs":{"прием":{"_level":1,"parentID":"089d4979-5b2d-40c1-bafb-18c27e29bf40","firstParentID":"bea9cc18-7619-48ad-915a-0f5d94bf2f12","ID":"624285d0-8ad0-4007-8133-c6bf823fc85d","childs":{"ручное":{"_level":2,"parentID":"624285d0-8ad0-4007-8133-c6bf823fc85d","firstParentID":"bea9cc18-7619-48ad-915a-0f5d94bf2f12","ID":"6febc221-3057-45d1-ab6b-15adcd84c0ea","childs":null,"emcosID":null,"emcosMLID":null,"codMaketTEP":null,"codTEP":null,"WSName":"PS","rangeAddress":"$CL$185:$CL$221","headAddress":"$CL$185","bodyAddress":"$CL$186:$CL$221","_name":"ручное"}},"emcosID":null,"emcosMLID":null,"codMaketTEP":1325,"codTEP":null,"WSName":"PS","rangeAddress":"$CL$184:$CL$221","headAddress":"$CL$184","bodyAddress":"$CL$185:$CL$221","_name":"прием"},"план":{"_level":1,"parentID":"089d4979-5b2d-40c1-bafb-18c27e29bf40","firstParentID":"bea9cc18-7619-48ad-915a-0f5d94bf2f12","ID":"c2a5371d-0ce1-4d89-bb6e-2d707f3aba2d","childs":{"заявка":{"_level":2,"parentID":"c2a5371d-0ce1-4d89-bb6e-2d707f3aba2d","firstParentID":"bea9cc18-7619-48ad-915a-0f5d94bf2f12","ID":"dbe4fba3-20a0-41dd-9a20-586db57491c1","childs":null,"emcosID":null,"emcosMLID":null,"codMaketTEP":null,"codTEP":null,"WSName":"PS","rangeAddress":"$CM$185:$CM$221","headAddress":"$CM$185","bodyAddress":"$CM$186:$CM$221","_name":"заявка"}},"emcosID":null,"emcosMLID":null,"codMaketTEP":null,"codTEP":null,"WSName":"PS","rangeAddress":"$CM$184:$CM$221","headAddress":"$CM$184","bodyAddress":"$CM$185:$CM$221","_name":"план"}},"emcosID":null,"emcosMLID":null,"codMaketTEP":null,"codTEP":null,"WSName":"PS","rangeAddress":"$CL$183:$CM$221","headAddress":"$CL$183:$CM$183","bodyAddress":"$CL$184:$CM$221","_name":"с.н. Мойнак ГЭС МГЭС"},"DB":{"_level":0,"parentID":"bea9cc18-7619-48ad-915a-0f5d94bf2f12","firstParentID":"bea9cc18-7619-48ad-915a-0f5d94bf2f12","ID":"64ce5d57-8ee5-4626-9048-b468d0b74093","childs":{"прием":{"_level":1,"parentID":"64ce5d57-8ee5-4626-9048-b468d0b74093","firstParentID":"bea9cc18-7619-48ad-915a-0f5d94bf2f12","ID":"a14dc3cc-4db6-4b39-a980-7866f0a50981","childs":{"код":{"_level":2,"parentID":"a14dc3cc-4db6-4b39-a980-7866f0a50981","firstParentID":"bea9cc18-7619-48ad-915a-0f5d94bf2f12","ID":"b660a07f-1c05-4c77-afb3-c71eafb85642","childs":null,"emcosID":null,"emcosMLID":null,"codMaketTEP":null,"codTEP":null,"WSName":"DB","rangeAddress":"$CJ$353:$CJ$390","headAddress":"$CJ$353","bodyAddress":"$CJ$354:$CJ$390","_name":"код"},"основное":{"_level":2,"parentID":"a14dc3cc-4db6-4b39-a980-7866f0a50981","firstParentID":"bea9cc18-7619-48ad-915a-0f5d94bf2f12","ID":"64c4019a-3bd2-46b5-b816-574a6bb972b5","childs":null,"emcosID":null,"emcosMLID":null,"codMaketTEP":null,"codTEP":null,"WSName":"DB","rangeAddress":"$CK$353:$CK$390","headAddress":"$CK$353","bodyAddress":"$CK$354:$CK$390","_name":"основное"},"корректировка факт":{"_level":2,"parentID":"a14dc3cc-4db6-4b39-a980-7866f0a50981","firstParentID":"bea9cc18-7619-48ad-915a-0f5d94bf2f12","ID":"6dccb10f-398f-4c64-bcae-1b9dc00c8e2a","childs":null,"emcosID":null,"emcosMLID":null,"codMaketTEP":null,"codTEP":null,"WSName":"DB","rangeAddress":"$CL$353:$CL$390","headAddress":"$CL$353","bodyAddress":"$CL$354:$CL$390","_name":"корректировка факт"},"ручное":{"_level":2,"parentID":"a14dc3cc-4db6-4b39-a980-7866f0a50981","firstParentID":"bea9cc18-7619-48ad-915a-0f5d94bf2f12","ID":"e35ba4a0-b0c5-4878-9175-be5d4a228efe","childs":null,"emcosID":null,"emcosMLID":null,"codMaketTEP":null,"codTEP":null,"WSName":"DB","rangeAddress":"$CM$353:$CM$390","headAddress":"$CM$353","bodyAddress":"$CM$354:$CM$390","_name":"ручное"},"по плану":{"_level":2,"parentID":"a14dc3cc-4db6-4b39-a980-7866f0a50981","firstParentID":"bea9cc18-7619-48ad-915a-0f5d94bf2f12","ID":"5e7a311f-d463-4845-bad3-1974dffddfbe","childs":null,"emcosID":null,"emcosMLID":null,"codMaketTEP":null,"codTEP":null,"WSName":"DB","rangeAddress":"$CN$353:$CN$390","headAddress":"$CN$353","bodyAddress":"$CN$354:$CN$390","_name":"по плану"}},"emcosID":null,"emcosMLID":null,"codMaketTEP":null,"codTEP":null,"WSName":"DB","rangeAddress":"$CJ$352:$CN$390","headAddress":"$CJ$352:$CN$352","bodyAddress":"$CJ$353:$CN$390","_name":"прием"},"план":{"_level":1,"parentID":"64ce5d57-8ee5-4626-9048-b468d0b74093","firstParentID":"bea9cc18-7619-48ad-915a-0f5d94bf2f12","ID":"16473728-81cf-4a93-9087-db31e68444da","childs":{"код":{"_level":2,"parentID":"16473728-81cf-4a93-9087-db31e68444da","firstParentID":"bea9cc18-7619-48ad-915a-0f5d94bf2f12","ID":"bf0a6976-df8d-4956-9e7b-c0babae47cdd","childs":null,"emcosID":null,"emcosMLID":null,"codMaketTEP":null,"codTEP":null,"WSName":"DB","rangeAddress":"$CO$353:$CO$390","headAddress":"$CO$353","bodyAddress":"$CO$354:$CO$390","_name":"код"},"основное":{"_level":2,"parentID":"16473728-81cf-4a93-9087-db31e68444da","firstParentID":"bea9cc18-7619-48ad-915a-0f5d94bf2f12","ID":"4ea1e9be-6e54-4b5b-8a5e-316848bf3aa8","childs":null,"emcosID":null,"emcosMLID":null,"codMaketTEP":null,"codTEP":null,"WSName":"DB","rangeAddress":"$CP$353:$CP$390","headAddress":"$CP$353","bodyAddress":"$CP$354:$CP$390","_name":"основное"},"заявка":{"_level":2,"parentID":"16473728-81cf-4a93-9087-db31e68444da","firstParentID":"bea9cc18-7619-48ad-915a-0f5d94bf2f12","ID":"ce51b56e-e50d-4223-9b55-895f271b33ab","childs":null,"emcosID":null,"emcosMLID":null,"codMaketTEP":null,"codTEP":null,"WSName":"DB","rangeAddress":"$CQ$353:$CQ$390","headAddress":"$CQ$353","bodyAddress":"$CQ$354:$CQ$390","_name":"заявка"},"утвержденный":{"_level":2,"parentID":"16473728-81cf-4a93-9087-db31e68444da","firstParentID":"bea9cc18-7619-48ad-915a-0f5d94bf2f12","ID":"6477630c-bddb-4949-b0cd-0bb0b36f0e0b","childs":null,"emcosID":null,"emcosMLID":null,"codMaketTEP":null,"codTEP":null,"WSName":"DB","rangeAddress":"$CR$353:$CR$390","headAddress":"$CR$353","bodyAddress":"$CR$354:$CR$390","_name":"утвержденный"},"корректировка":{"_level":2,"parentID":"16473728-81cf-4a93-9087-db31e68444da","firstParentID":"bea9cc18-7619-48ad-915a-0f5d94bf2f12","ID":"08692988-6658-4d8b-b4c4-11423770fc42","childs":null,"emcosID":null,"emcosMLID":null,"codMaketTEP":null,"codTEP":null,"WSName":"DB","rangeAddress":"$CS$353:$CS$390","headAddress":"$CS$353","bodyAddress":"$CS$354:$CS$390","_name":"корректировка"}},"emcosID":null,"emcosMLID":null,"codMaketTEP":null,"codTEP":null,"WSName":"DB","rangeAddress":"$CO$352:$CS$390","headAddress":"$CO$352:$CS$352","bodyAddress":"$CO$353:$CS$390","_name":"план"}},"emcosID":null,"emcosMLID":null,"codMaketTEP":null,"codTEP":null,"WSName":"DB","rangeAddress":"$CJ$351:$CS$390","headAddress":"$CJ$351:$CS$351","bodyAddress":"$CJ$352:$CS$390","_name":"с.н. Мойнак ГЭС МГЭС"}},"codPlan":57,"meterCoef":null,"_name":"с.н. Мойнак ГЭС МГЭС"}