{"ID":"cbae55e1-7847-4210-82ed-53f3862a6c3a","childs":{"PS":{"_level":0,"parentID":"cbae55e1-7847-4210-82ed-53f3862a6c3a","firstParentID":"cbae55e1-7847-4210-82ed-53f3862a6c3a","ID":"f0d7b8d1-cc53-4be4-a23f-421c25bab8e6","childs":{"прием":{"_level":1,"parentID":"f0d7b8d1-cc53-4be4-a23f-421c25bab8e6","firstParentID":"cbae55e1-7847-4210-82ed-53f3862a6c3a","ID":"109009a2-c1d3-4590-9e7d-4a7bb8700a54","childs":{"оперативное":{"_level":2,"parentID":"109009a2-c1d3-4590-9e7d-4a7bb8700a54","firstParentID":"cbae55e1-7847-4210-82ed-53f3862a6c3a","ID":"c968edd1-7f18-4340-9342-ac2a024902b2","childs":null,"emcosID":null,"emcosMLID":null,"codMaketTEP":null,"codTEP":null,"WSName":"PS","rangeAddress":"$AJ$228:$AJ$264","headAddress":"$AJ$228","bodyAddress":"$AJ$229:$AJ$264","_name":"оперативное"}},"emcosID":null,"emcosMLID":null,"codMaketTEP":1461,"codTEP":null,"WSName":"PS","rangeAddress":"$AJ$227:$AJ$264","headAddress":"$AJ$227","bodyAddress":"$AJ$228:$AJ$264","_name":"прием"}},"emcosID":null,"emcosMLID":null,"codMaketTEP":null,"codTEP":null,"WSName":"PS","rangeAddress":"$AJ$226:$AJ$264","headAddress":"$AJ$226","bodyAddress":"$AJ$227:$AJ$264","_name":"Потребление Казэнергоцентр"},"DB":{"_level":0,"parentID":"cbae55e1-7847-4210-82ed-53f3862a6c3a","firstParentID":"cbae55e1-7847-4210-82ed-53f3862a6c3a","ID":"d3b35577-c0dd-4787-af0d-d49f397c30fd","childs":{"прием":{"_level":1,"parentID":"d3b35577-c0dd-4787-af0d-d49f397c30fd","firstParentID":"cbae55e1-7847-4210-82ed-53f3862a6c3a","ID":"88c775bd-99f1-48b2-a369-0738cbff922c","childs":{"код":{"_level":2,"parentID":"88c775bd-99f1-48b2-a369-0738cbff922c","firstParentID":"cbae55e1-7847-4210-82ed-53f3862a6c3a","ID":"89a55e4f-c747-4a30-9497-dbfd013376c7","childs":null,"emcosID":null,"emcosMLID":null,"codMaketTEP":null,"codTEP":null,"WSName":"DB","rangeAddress":"$BM$568:$BM$605","headAddress":"$BM$568","bodyAddress":"$BM$569:$BM$605","_name":"код"},"основное":{"_level":2,"parentID":"88c775bd-99f1-48b2-a369-0738cbff922c","firstParentID":"cbae55e1-7847-4210-82ed-53f3862a6c3a","ID":"cd4f12b0-b42d-4e82-82e0-b7df64c2d084","childs":null,"emcosID":null,"emcosMLID":null,"codMaketTEP":null,"codTEP":null,"WSName":"DB","rangeAddress":"$BN$568:$BN$605","headAddress":"$BN$568","bodyAddress":"$BN$569:$BN$605","_name":"основное"},"корректировка факт":{"_level":2,"parentID":"88c775bd-99f1-48b2-a369-0738cbff922c","firstParentID":"cbae55e1-7847-4210-82ed-53f3862a6c3a","ID":"283ad9a4-fd6b-4a89-b116-3e0b7bb495b5","childs":null,"emcosID":null,"emcosMLID":null,"codMaketTEP":null,"codTEP":null,"WSName":"DB","rangeAddress":"$BO$568:$BO$605","headAddress":"$BO$568","bodyAddress":"$BO$569:$BO$605","_name":"корректировка факт"},"ручное":{"_level":2,"parentID":"88c775bd-99f1-48b2-a369-0738cbff922c","firstParentID":"cbae55e1-7847-4210-82ed-53f3862a6c3a","ID":"1a6859a1-0b3f-4506-9a82-05b3b5e20c34","childs":null,"emcosID":null,"emcosMLID":null,"codMaketTEP":null,"codTEP":null,"WSName":"DB","rangeAddress":"$BP$568:$BP$605","headAddress":"$BP$568","bodyAddress":"$BP$569:$BP$605","_name":"ручное"},"оперативное":{"_level":2,"parentID":"88c775bd-99f1-48b2-a369-0738cbff922c","firstParentID":"cbae55e1-7847-4210-82ed-53f3862a6c3a","ID":"d28e49d2-08fc-4394-845b-fe8858f45a78","childs":null,"emcosID":null,"emcosMLID":null,"codMaketTEP":null,"codTEP":null,"WSName":"DB","rangeAddress":"$BQ$568:$BQ$605","headAddress":"$BQ$568","bodyAddress":"$BQ$569:$BQ$605","_name":"оперативное"}},"emcosID":null,"emcosMLID":null,"codMaketTEP":null,"codTEP":null,"WSName":"DB","rangeAddress":"$BM$567:$BQ$605","headAddress":"$BM$567:$BQ$567","bodyAddress":"$BM$568:$BQ$605","_name":"прием"}},"emcosID":null,"emcosMLID":null,"codMaketTEP":null,"codTEP":null,"WSName":"DB","rangeAddress":"$BM$566:$BQ$605","headAddress":"$BM$566:$BQ$566","bodyAddress":"$BM$567:$BQ$605","_name":"Потребление Казэнергоцентр"}},"codPlan":null,"meterCoef":null,"_name":"Потребление Казэнергоцентр"}