{"ID":"d406a3f7-263d-4068-92a2-10769f5385f4","childs":{"PS":{"_level":0,"parentID":"d406a3f7-263d-4068-92a2-10769f5385f4","firstParentID":"d406a3f7-263d-4068-92a2-10769f5385f4","ID":"03dc4065-f160-4665-a9e7-58e732e42e0d","childs":{"отдача":{"_level":1,"parentID":"03dc4065-f160-4665-a9e7-58e732e42e0d","firstParentID":"d406a3f7-263d-4068-92a2-10769f5385f4","ID":"3ee56598-12b1-4079-bed4-4ea69ee2f0b2","childs":{"формула":{"_level":2,"parentID":"3ee56598-12b1-4079-bed4-4ea69ee2f0b2","firstParentID":"d406a3f7-263d-4068-92a2-10769f5385f4","ID":"b6adbe33-10cb-4023-b8b0-b14f0f34ca41","childs":null,"emcosID":null,"emcosMLID":null,"codMaketTEP":null,"codTEP":null,"WSName":"PS","rangeAddress":"$BL$185:$BL$221","headAddress":"$BL$185","bodyAddress":"$BL$186:$BL$221","_name":"формула"}},"emcosID":null,"emcosMLID":null,"codMaketTEP":null,"codTEP":null,"WSName":"PS","rangeAddress":"$BL$184:$BL$221","headAddress":"$BL$184","bodyAddress":"$BL$185:$BL$221","_name":"отдача"}},"emcosID":null,"emcosMLID":null,"codMaketTEP":null,"codTEP":null,"WSName":"PS","rangeAddress":"$BL$183:$BL$221","headAddress":"$BL$183","bodyAddress":"$BL$184:$BL$221","_name":"Отпуск в сеть M Kat Green СЭС Шу 100"},"DB":{"_level":0,"parentID":"d406a3f7-263d-4068-92a2-10769f5385f4","firstParentID":"d406a3f7-263d-4068-92a2-10769f5385f4","ID":"9e50d94a-ecdc-43bf-b043-27faa6ec5a5d","childs":{"отдача":{"_level":1,"parentID":"9e50d94a-ecdc-43bf-b043-27faa6ec5a5d","firstParentID":"d406a3f7-263d-4068-92a2-10769f5385f4","ID":"75e5a4d2-7d4f-4c42-93b4-38e4e218bcff","childs":{"код":{"_level":2,"parentID":"75e5a4d2-7d4f-4c42-93b4-38e4e218bcff","firstParentID":"d406a3f7-263d-4068-92a2-10769f5385f4","ID":"4e1e4546-8486-44b9-b238-0814225ccd4c","childs":null,"emcosID":null,"emcosMLID":null,"codMaketTEP":null,"codTEP":null,"WSName":"DB","rangeAddress":"$DU$396:$DU$433","headAddress":"$DU$396","bodyAddress":"$DU$397:$DU$433","_name":"код"},"основное":{"_level":2,"parentID":"75e5a4d2-7d4f-4c42-93b4-38e4e218bcff","firstParentID":"d406a3f7-263d-4068-92a2-10769f5385f4","ID":"ecf09a20-d15d-458d-b084-c4747bf736cf","childs":null,"emcosID":null,"emcosMLID":null,"codMaketTEP":null,"codTEP":null,"WSName":"DB","rangeAddress":"$DV$396:$DV$433","headAddress":"$DV$396","bodyAddress":"$DV$397:$DV$433","_name":"основное"},"корректировка факт":{"_level":2,"parentID":"75e5a4d2-7d4f-4c42-93b4-38e4e218bcff","firstParentID":"d406a3f7-263d-4068-92a2-10769f5385f4","ID":"d0c5818e-c0c8-4aea-bd07-89f0c77b1d13","childs":null,"emcosID":null,"emcosMLID":null,"codMaketTEP":null,"codTEP":null,"WSName":"DB","rangeAddress":"$DW$396:$DW$433","headAddress":"$DW$396","bodyAddress":"$DW$397:$DW$433","_name":"корректировка факт"},"ручное":{"_level":2,"parentID":"75e5a4d2-7d4f-4c42-93b4-38e4e218bcff","firstParentID":"d406a3f7-263d-4068-92a2-10769f5385f4","ID":"5129479c-d2c1-4c9b-94f2-53c514943d2e","childs":null,"emcosID":null,"emcosMLID":null,"codMaketTEP":null,"codTEP":null,"WSName":"DB","rangeAddress":"$DX$396:$DX$433","headAddress":"$DX$396","bodyAddress":"$DX$397:$DX$433","_name":"ручное"},"формула":{"_level":2,"parentID":"75e5a4d2-7d4f-4c42-93b4-38e4e218bcff","firstParentID":"d406a3f7-263d-4068-92a2-10769f5385f4","ID":"543ddc5e-b34e-4188-a1c6-eeacd87f13e3","childs":null,"emcosID":null,"emcosMLID":null,"codMaketTEP":null,"codTEP":null,"WSName":"DB","rangeAddress":"$DY$396:$DY$433","headAddress":"$DY$396","bodyAddress":"$DY$397:$DY$433","_name":"формула"}},"emcosID":null,"emcosMLID":null,"codMaketTEP":null,"codTEP":null,"WSName":"DB","rangeAddress":"$DU$395:$DY$433","headAddress":"$DU$395:$DY$395","bodyAddress":"$DU$396:$DY$433","_name":"отдача"}},"emcosID":null,"emcosMLID":null,"codMaketTEP":null,"codTEP":null,"WSName":"DB","rangeAddress":"$DU$394:$DY$433","headAddress":"$DU$394:$DY$394","bodyAddress":"$DU$395:$DY$433","_name":"Отпуск в сеть M Kat Green СЭС Шу 100"}},"codPlan":null,"meterCoef":null,"_name":"Отпуск в сеть M Kat Green СЭС Шу 100"}