{"ID":"d67fe0c3-59c9-414f-a09d-599da83bfc3c","childs":{"PS":{"_level":0,"parentID":"d67fe0c3-59c9-414f-a09d-599da83bfc3c","firstParentID":"d67fe0c3-59c9-414f-a09d-599da83bfc3c","ID":"caefa3ec-f850-431d-9f98-f7b86f56711d","childs":{"прием":{"_level":1,"parentID":"caefa3ec-f850-431d-9f98-f7b86f56711d","firstParentID":"d67fe0c3-59c9-414f-a09d-599da83bfc3c","ID":"9530d4c7-239b-4041-b564-ca5944f184ad","childs":{"ручное":{"_level":2,"parentID":"9530d4c7-239b-4041-b564-ca5944f184ad","firstParentID":"d67fe0c3-59c9-414f-a09d-599da83bfc3c","ID":"ab9471b7-2932-493b-901d-8a4927db4d83","childs":null,"emcosID":null,"emcosMLID":null,"codMaketTEP":null,"codTEP":null,"WSName":"PS","rangeAddress":"$KU$99:$KU$135","headAddress":"$KU$99","bodyAddress":"$KU$100:$KU$135","_name":"ручное"}},"emcosID":null,"emcosMLID":null,"codMaketTEP":null,"codTEP":null,"WSName":"PS","rangeAddress":"$KU$98:$KU$135","headAddress":"$KU$98","bodyAddress":"$KU$99:$KU$135","_name":"прием"},"отдача":{"_level":1,"parentID":"caefa3ec-f850-431d-9f98-f7b86f56711d","firstParentID":"d67fe0c3-59c9-414f-a09d-599da83bfc3c","ID":"5300aba5-3361-4364-920d-5360a3115d3e","childs":{"ручное":{"_level":2,"parentID":"5300aba5-3361-4364-920d-5360a3115d3e","firstParentID":"d67fe0c3-59c9-414f-a09d-599da83bfc3c","ID":"6b3909bf-8f2f-432c-afa4-59b52be8cc53","childs":null,"emcosID":null,"emcosMLID":null,"codMaketTEP":null,"codTEP":null,"WSName":"PS","rangeAddress":"$KV$99:$KV$135","headAddress":"$KV$99","bodyAddress":"$KV$100:$KV$135","_name":"ручное"}},"emcosID":null,"emcosMLID":null,"codMaketTEP":null,"codTEP":null,"WSName":"PS","rangeAddress":"$KV$98:$KV$135","headAddress":"$KV$98","bodyAddress":"$KV$99:$KV$135","_name":"отдача"}},"emcosID":null,"emcosMLID":null,"codMaketTEP":null,"codTEP":null,"WSName":"PS","rangeAddress":"$KU$97:$KV$135","headAddress":"$KU$97:$KV$97","bodyAddress":"$KU$98:$KV$135","_name":"Л2273 Кияхты тяга"},"DB":{"_level":0,"parentID":"d67fe0c3-59c9-414f-a09d-599da83bfc3c","firstParentID":"d67fe0c3-59c9-414f-a09d-599da83bfc3c","ID":"0ba667e8-f2cf-4268-87ef-250efb5e8eb7","childs":{"прием":{"_level":1,"parentID":"0ba667e8-f2cf-4268-87ef-250efb5e8eb7","firstParentID":"d67fe0c3-59c9-414f-a09d-599da83bfc3c","ID":"87d6a4fe-dede-4cfc-94e3-02482833d30d","childs":{"код":{"_level":2,"parentID":"87d6a4fe-dede-4cfc-94e3-02482833d30d","firstParentID":"d67fe0c3-59c9-414f-a09d-599da83bfc3c","ID":"ab52b5ff-b62f-448d-bbef-96d3006fced4","childs":null,"emcosID":null,"emcosMLID":null,"codMaketTEP":null,"codTEP":null,"WSName":"DB","rangeAddress":"$AX$181:$AX$218","headAddress":"$AX$181","bodyAddress":"$AX$182:$AX$218","_name":"код"},"основное":{"_level":2,"parentID":"87d6a4fe-dede-4cfc-94e3-02482833d30d","firstParentID":"d67fe0c3-59c9-414f-a09d-599da83bfc3c","ID":"3cc2bd5c-de64-4d0b-93c1-5f2013235e75","childs":null,"emcosID":null,"emcosMLID":null,"codMaketTEP":null,"codTEP":null,"WSName":"DB","rangeAddress":"$AY$181:$AY$218","headAddress":"$AY$181","bodyAddress":"$AY$182:$AY$218","_name":"основное"},"корректировка факт":{"_level":2,"parentID":"87d6a4fe-dede-4cfc-94e3-02482833d30d","firstParentID":"d67fe0c3-59c9-414f-a09d-599da83bfc3c","ID":"fd241fcd-6811-4b00-a654-11ec3da41bd5","childs":null,"emcosID":null,"emcosMLID":null,"codMaketTEP":null,"codTEP":null,"WSName":"DB","rangeAddress":"$AZ$181:$AZ$218","headAddress":"$AZ$181","bodyAddress":"$AZ$182:$AZ$218","_name":"корректировка факт"},"ручное":{"_level":2,"parentID":"87d6a4fe-dede-4cfc-94e3-02482833d30d","firstParentID":"d67fe0c3-59c9-414f-a09d-599da83bfc3c","ID":"56d391ed-dfe1-4564-ac99-17f481dca02c","childs":null,"emcosID":null,"emcosMLID":null,"codMaketTEP":null,"codTEP":null,"WSName":"DB","rangeAddress":"$BA$181:$BA$218","headAddress":"$BA$181","bodyAddress":"$BA$182:$BA$218","_name":"ручное"}},"emcosID":null,"emcosMLID":null,"codMaketTEP":null,"codTEP":null,"WSName":"DB","rangeAddress":"$AX$180:$BA$218","headAddress":"$AX$180:$BA$180","bodyAddress":"$AX$181:$BA$218","_name":"прием"},"отдача":{"_level":1,"parentID":"0ba667e8-f2cf-4268-87ef-250efb5e8eb7","firstParentID":"d67fe0c3-59c9-414f-a09d-599da83bfc3c","ID":"63caacb4-dbf2-46c6-a4e0-c4403e050ce4","childs":{"код":{"_level":2,"parentID":"63caacb4-dbf2-46c6-a4e0-c4403e050ce4","firstParentID":"d67fe0c3-59c9-414f-a09d-599da83bfc3c","ID":"78b2edb7-beae-49f8-bfb9-e0a129468733","childs":null,"emcosID":null,"emcosMLID":null,"codMaketTEP":null,"codTEP":null,"WSName":"DB","rangeAddress":"$BB$181:$BB$218","headAddress":"$BB$181","bodyAddress":"$BB$182:$BB$218","_name":"код"},"основное":{"_level":2,"parentID":"63caacb4-dbf2-46c6-a4e0-c4403e050ce4","firstParentID":"d67fe0c3-59c9-414f-a09d-599da83bfc3c","ID":"f98a4b53-5dcd-4285-a3ae-2811b5fb6f2e","childs":null,"emcosID":null,"emcosMLID":null,"codMaketTEP":null,"codTEP":null,"WSName":"DB","rangeAddress":"$BC$181:$BC$218","headAddress":"$BC$181","bodyAddress":"$BC$182:$BC$218","_name":"основное"},"корректировка факт":{"_level":2,"parentID":"63caacb4-dbf2-46c6-a4e0-c4403e050ce4","firstParentID":"d67fe0c3-59c9-414f-a09d-599da83bfc3c","ID":"b8fbfeff-3c2c-4334-958a-3ef5fa31f0cb","childs":null,"emcosID":null,"emcosMLID":null,"codMaketTEP":null,"codTEP":null,"WSName":"DB","rangeAddress":"$BD$181:$BD$218","headAddress":"$BD$181","bodyAddress":"$BD$182:$BD$218","_name":"корректировка факт"},"ручное":{"_level":2,"parentID":"63caacb4-dbf2-46c6-a4e0-c4403e050ce4","firstParentID":"d67fe0c3-59c9-414f-a09d-599da83bfc3c","ID":"e3d937be-3c23-4597-aec6-b4ee563003ed","childs":null,"emcosID":null,"emcosMLID":null,"codMaketTEP":null,"codTEP":null,"WSName":"DB","rangeAddress":"$BE$181:$BE$218","headAddress":"$BE$181","bodyAddress":"$BE$182:$BE$218","_name":"ручное"}},"emcosID":null,"emcosMLID":null,"codMaketTEP":null,"codTEP":null,"WSName":"DB","rangeAddress":"$BB$180:$BE$218","headAddress":"$BB$180:$BE$180","bodyAddress":"$BB$181:$BE$218","_name":"отдача"}},"emcosID":null,"emcosMLID":null,"codMaketTEP":null,"codTEP":null,"WSName":"DB","rangeAddress":"$AX$179:$BE$218","headAddress":"$AX$179:$BE$179","bodyAddress":"$AX$180:$BE$218","_name":"Л2273 Кияхты тяга"}},"codPlan":null,"meterCoef":null,"_name":"Л2273 Кияхты тяга"}