{"ID":"d937ed53-a8f1-4974-9d7f-5b9848a40b21","childs":{"PS":{"_level":0,"parentID":"d937ed53-a8f1-4974-9d7f-5b9848a40b21","firstParentID":"d937ed53-a8f1-4974-9d7f-5b9848a40b21","ID":"1ca2f669-d39d-493d-9b9a-901379f09ab5","childs":{"отдача":{"_level":1,"parentID":"1ca2f669-d39d-493d-9b9a-901379f09ab5","firstParentID":"d937ed53-a8f1-4974-9d7f-5b9848a40b21","ID":"7221b66f-af55-434a-a850-6685baa35964","childs":{"оперативное":{"_level":2,"parentID":"7221b66f-af55-434a-a850-6685baa35964","firstParentID":"d937ed53-a8f1-4974-9d7f-5b9848a40b21","ID":"7cda2dfa-421a-4399-b05f-63ed655c9e1b","childs":null,"emcosID":null,"emcosMLID":null,"codMaketTEP":null,"codTEP":null,"WSName":"PS","rangeAddress":"$EN$185:$EN$221","headAddress":"$EN$185","bodyAddress":"$EN$186:$EN$221","_name":"оперативное"}},"emcosID":null,"emcosMLID":null,"codMaketTEP":null,"codTEP":null,"WSName":"PS","rangeAddress":"$EN$184:$EN$221","headAddress":"$EN$184","bodyAddress":"$EN$185:$EN$221","_name":"отдача"}},"emcosID":null,"emcosMLID":null,"codMaketTEP":null,"codTEP":null,"WSName":"PS","rangeAddress":"$EN$183:$EN$221","headAddress":"$EN$183","bodyAddress":"$EN$184:$EN$221","_name":"Генерация Гидро Пауэр"},"DB":{"_level":0,"parentID":"d937ed53-a8f1-4974-9d7f-5b9848a40b21","firstParentID":"d937ed53-a8f1-4974-9d7f-5b9848a40b21","ID":"a110400a-34bb-4921-b7ed-db74b0a327aa","childs":{"отдача":{"_level":1,"parentID":"a110400a-34bb-4921-b7ed-db74b0a327aa","firstParentID":"d937ed53-a8f1-4974-9d7f-5b9848a40b21","ID":"c5f485b3-3680-4a15-bf44-0022760383cd","childs":{"код":{"_level":2,"parentID":"c5f485b3-3680-4a15-bf44-0022760383cd","firstParentID":"d937ed53-a8f1-4974-9d7f-5b9848a40b21","ID":"904c277d-2490-4c3a-a997-98fe422fabdf","childs":null,"emcosID":null,"emcosMLID":null,"codMaketTEP":null,"codTEP":null,"WSName":"DB","rangeAddress":"$EZ$267:$EZ$304","headAddress":"$EZ$267","bodyAddress":"$EZ$268:$EZ$304","_name":"код"},"основное":{"_level":2,"parentID":"c5f485b3-3680-4a15-bf44-0022760383cd","firstParentID":"d937ed53-a8f1-4974-9d7f-5b9848a40b21","ID":"78c7e47f-c40d-4a6a-bcf4-30e5a919942a","childs":null,"emcosID":null,"emcosMLID":null,"codMaketTEP":null,"codTEP":null,"WSName":"DB","rangeAddress":"$FA$267:$FA$304","headAddress":"$FA$267","bodyAddress":"$FA$268:$FA$304","_name":"основное"},"корректировка факт":{"_level":2,"parentID":"c5f485b3-3680-4a15-bf44-0022760383cd","firstParentID":"d937ed53-a8f1-4974-9d7f-5b9848a40b21","ID":"2aa45f2d-a218-497e-9a61-fd5f9c704aa1","childs":null,"emcosID":null,"emcosMLID":null,"codMaketTEP":null,"codTEP":null,"WSName":"DB","rangeAddress":"$FB$267:$FB$304","headAddress":"$FB$267","bodyAddress":"$FB$268:$FB$304","_name":"корректировка факт"},"ручное":{"_level":2,"parentID":"c5f485b3-3680-4a15-bf44-0022760383cd","firstParentID":"d937ed53-a8f1-4974-9d7f-5b9848a40b21","ID":"39868452-5a58-4cbe-9b90-ad02fc75adf6","childs":null,"emcosID":null,"emcosMLID":null,"codMaketTEP":null,"codTEP":null,"WSName":"DB","rangeAddress":"$FC$267:$FC$304","headAddress":"$FC$267","bodyAddress":"$FC$268:$FC$304","_name":"ручное"},"оперативное":{"_level":2,"parentID":"c5f485b3-3680-4a15-bf44-0022760383cd","firstParentID":"d937ed53-a8f1-4974-9d7f-5b9848a40b21","ID":"d5fdd166-251d-481e-b63c-4cf45876105f","childs":null,"emcosID":null,"emcosMLID":null,"codMaketTEP":null,"codTEP":null,"WSName":"DB","rangeAddress":"$FD$267:$FD$304","headAddress":"$FD$267","bodyAddress":"$FD$268:$FD$304","_name":"оперативное"}},"emcosID":null,"emcosMLID":null,"codMaketTEP":null,"codTEP":null,"WSName":"DB","rangeAddress":"$EZ$266:$FD$304","headAddress":"$EZ$266:$FD$266","bodyAddress":"$EZ$267:$FD$304","_name":"отдача"}},"emcosID":null,"emcosMLID":null,"codMaketTEP":null,"codTEP":null,"WSName":"DB","rangeAddress":"$EZ$265:$FD$304","headAddress":"$EZ$265:$FD$265","bodyAddress":"$EZ$266:$FD$304","_name":"Генерация Гидро Пауэр"}},"codPlan":null,"meterCoef":null,"_name":"Генерация Гидро Пауэр"}