{"ID":"daafd634-f889-46b6-8573-f286c3b09163","childs":{"PS":{"_level":0,"parentID":"daafd634-f889-46b6-8573-f286c3b09163","firstParentID":"daafd634-f889-46b6-8573-f286c3b09163","ID":"2e7cc5cd-158b-4576-9c52-dcea1dfae824","childs":{"прием":{"_level":1,"parentID":"2e7cc5cd-158b-4576-9c52-dcea1dfae824","firstParentID":"daafd634-f889-46b6-8573-f286c3b09163","ID":"e2dd2a04-40c2-4b2f-9a16-aa4efe980219","childs":{"формула":{"_level":2,"parentID":"e2dd2a04-40c2-4b2f-9a16-aa4efe980219","firstParentID":"daafd634-f889-46b6-8573-f286c3b09163","ID":"01f952a7-2835-46d8-9bbe-7d0729a5d00a","childs":null,"emcosID":null,"emcosMLID":null,"codMaketTEP":null,"codTEP":null,"WSName":"PS","rangeAddress":"$AW$185:$AW$221","headAddress":"$AW$185","bodyAddress":"$AW$186:$AW$221","_name":"формула"}},"emcosID":null,"emcosMLID":null,"codMaketTEP":1399,"codTEP":null,"WSName":"PS","rangeAddress":"$AW$184:$AW$221","headAddress":"$AW$184","bodyAddress":"$AW$185:$AW$221","_name":"прием"}},"emcosID":null,"emcosMLID":null,"codMaketTEP":null,"codTEP":null,"WSName":"PS","rangeAddress":"$AW$183:$AW$221","headAddress":"$AW$183","bodyAddress":"$AW$184:$AW$221","_name":"Потребление ИЗА Алматы"},"DB":{"_level":0,"parentID":"daafd634-f889-46b6-8573-f286c3b09163","firstParentID":"daafd634-f889-46b6-8573-f286c3b09163","ID":"4eac9b83-a70b-4d46-bb1e-1d9341d2f279","childs":{"прием":{"_level":1,"parentID":"4eac9b83-a70b-4d46-bb1e-1d9341d2f279","firstParentID":"daafd634-f889-46b6-8573-f286c3b09163","ID":"ccd70f0a-5ebb-41d5-9ddb-bdfa573b310a","childs":{"код":{"_level":2,"parentID":"ccd70f0a-5ebb-41d5-9ddb-bdfa573b310a","firstParentID":"daafd634-f889-46b6-8573-f286c3b09163","ID":"c40f5b53-f062-420a-9f9f-6985f862afb1","childs":null,"emcosID":null,"emcosMLID":null,"codMaketTEP":null,"codTEP":null,"WSName":"DB","rangeAddress":"$AZ$439:$AZ$476","headAddress":"$AZ$439","bodyAddress":"$AZ$440:$AZ$476","_name":"код"},"основное":{"_level":2,"parentID":"ccd70f0a-5ebb-41d5-9ddb-bdfa573b310a","firstParentID":"daafd634-f889-46b6-8573-f286c3b09163","ID":"973a59e4-e7d6-4c4a-a664-05cbd0dd0dcc","childs":null,"emcosID":null,"emcosMLID":null,"codMaketTEP":null,"codTEP":null,"WSName":"DB","rangeAddress":"$BA$439:$BA$476","headAddress":"$BA$439","bodyAddress":"$BA$440:$BA$476","_name":"основное"},"корректировка факт":{"_level":2,"parentID":"ccd70f0a-5ebb-41d5-9ddb-bdfa573b310a","firstParentID":"daafd634-f889-46b6-8573-f286c3b09163","ID":"2d945cf4-2084-4f32-8b39-f28b455e3fa5","childs":null,"emcosID":null,"emcosMLID":null,"codMaketTEP":null,"codTEP":null,"WSName":"DB","rangeAddress":"$BB$439:$BB$476","headAddress":"$BB$439","bodyAddress":"$BB$440:$BB$476","_name":"корректировка факт"},"ручное":{"_level":2,"parentID":"ccd70f0a-5ebb-41d5-9ddb-bdfa573b310a","firstParentID":"daafd634-f889-46b6-8573-f286c3b09163","ID":"292a5f9d-677b-43b8-ba45-97206ae2dd56","childs":null,"emcosID":null,"emcosMLID":null,"codMaketTEP":null,"codTEP":null,"WSName":"DB","rangeAddress":"$BC$439:$BC$476","headAddress":"$BC$439","bodyAddress":"$BC$440:$BC$476","_name":"ручное"},"формула":{"_level":2,"parentID":"ccd70f0a-5ebb-41d5-9ddb-bdfa573b310a","firstParentID":"daafd634-f889-46b6-8573-f286c3b09163","ID":"a485f40f-7edf-4196-bb28-615d8e9ee4b7","childs":null,"emcosID":null,"emcosMLID":null,"codMaketTEP":null,"codTEP":null,"WSName":"DB","rangeAddress":"$BD$439:$BD$476","headAddress":"$BD$439","bodyAddress":"$BD$440:$BD$476","_name":"формула"}},"emcosID":null,"emcosMLID":null,"codMaketTEP":null,"codTEP":null,"WSName":"DB","rangeAddress":"$AZ$438:$BD$476","headAddress":"$AZ$438:$BD$438","bodyAddress":"$AZ$439:$BD$476","_name":"прием"}},"emcosID":null,"emcosMLID":null,"codMaketTEP":null,"codTEP":null,"WSName":"DB","rangeAddress":"$AZ$437:$BD$476","headAddress":"$AZ$437:$BD$437","bodyAddress":"$AZ$438:$BD$476","_name":"Потребление ИЗА Алматы"}},"codPlan":null,"meterCoef":null,"_name":"Потребление ИЗА Алматы"}