{"ID":"e6170cf9-6953-4ae1-9b6d-a554eccda42e","childs":{"PS":{"_level":0,"parentID":"e6170cf9-6953-4ae1-9b6d-a554eccda42e","firstParentID":"e6170cf9-6953-4ae1-9b6d-a554eccda42e","ID":"0ef53d45-4f31-4ef0-bf82-5da2d90aa165","childs":{"прием":{"_level":1,"parentID":"0ef53d45-4f31-4ef0-bf82-5da2d90aa165","firstParentID":"e6170cf9-6953-4ae1-9b6d-a554eccda42e","ID":"920726f2-f7a9-4ff2-bf78-aca1678afece","childs":{"по плану":{"_level":2,"parentID":"920726f2-f7a9-4ff2-bf78-aca1678afece","firstParentID":"e6170cf9-6953-4ae1-9b6d-a554eccda42e","ID":"1bc527a4-c22c-45a0-af7a-2d8ee1e5735d","childs":null,"emcosID":null,"emcosMLID":null,"codMaketTEP":null,"codTEP":null,"WSName":"PS","rangeAddress":"$J$228:$J$264","headAddress":"$J$228","bodyAddress":"$J$229:$J$264","_name":"по плану"}},"emcosID":null,"emcosMLID":null,"codMaketTEP":1474,"codTEP":null,"WSName":"PS","rangeAddress":"$J$227:$J$264","headAddress":"$J$227","bodyAddress":"$J$228:$J$264","_name":"прием"},"план":{"_level":1,"parentID":"0ef53d45-4f31-4ef0-bf82-5da2d90aa165","firstParentID":"e6170cf9-6953-4ae1-9b6d-a554eccda42e","ID":"451fd884-3d02-4faa-a329-62a225c4ac62","childs":{"заявка":{"_level":2,"parentID":"451fd884-3d02-4faa-a329-62a225c4ac62","firstParentID":"e6170cf9-6953-4ae1-9b6d-a554eccda42e","ID":"0aae6356-61a0-45fa-8ed5-0d706aae452b","childs":null,"emcosID":null,"emcosMLID":null,"codMaketTEP":null,"codTEP":null,"WSName":"PS","rangeAddress":"$K$228:$K$264","headAddress":"$K$228","bodyAddress":"$K$229:$K$264","_name":"заявка"}},"emcosID":null,"emcosMLID":null,"codMaketTEP":null,"codTEP":null,"WSName":"PS","rangeAddress":"$K$227:$K$264","headAddress":"$K$227","bodyAddress":"$K$228:$K$264","_name":"план"}},"emcosID":null,"emcosMLID":null,"codMaketTEP":null,"codTEP":null,"WSName":"PS","rangeAddress":"$J$226:$K$264","headAddress":"$J$226:$K$226","bodyAddress":"$J$227:$K$264","_name":"От Сарканской ГЭС ТАТЭК"},"DB":{"_level":0,"parentID":"e6170cf9-6953-4ae1-9b6d-a554eccda42e","firstParentID":"e6170cf9-6953-4ae1-9b6d-a554eccda42e","ID":"93b801a7-22b0-412b-8aa4-cb05788e008e","childs":{"прием":{"_level":1,"parentID":"93b801a7-22b0-412b-8aa4-cb05788e008e","firstParentID":"e6170cf9-6953-4ae1-9b6d-a554eccda42e","ID":"d3c6e1c6-1e65-4c68-93de-210ae8b48899","childs":{"код":{"_level":2,"parentID":"d3c6e1c6-1e65-4c68-93de-210ae8b48899","firstParentID":"e6170cf9-6953-4ae1-9b6d-a554eccda42e","ID":"3a13796e-5179-4dd8-a7cb-b0e5818dbd24","childs":null,"emcosID":null,"emcosMLID":null,"codMaketTEP":null,"codTEP":null,"WSName":"DB","rangeAddress":"$CL$568:$CL$605","headAddress":"$CL$568","bodyAddress":"$CL$569:$CL$605","_name":"код"},"основное":{"_level":2,"parentID":"d3c6e1c6-1e65-4c68-93de-210ae8b48899","firstParentID":"e6170cf9-6953-4ae1-9b6d-a554eccda42e","ID":"a44a11b7-4d3f-430f-a82e-e876f950c696","childs":null,"emcosID":null,"emcosMLID":null,"codMaketTEP":null,"codTEP":null,"WSName":"DB","rangeAddress":"$CM$568:$CM$605","headAddress":"$CM$568","bodyAddress":"$CM$569:$CM$605","_name":"основное"},"корректировка факт":{"_level":2,"parentID":"d3c6e1c6-1e65-4c68-93de-210ae8b48899","firstParentID":"e6170cf9-6953-4ae1-9b6d-a554eccda42e","ID":"930a2258-4e08-4816-8a5d-9d79f7b19bce","childs":null,"emcosID":null,"emcosMLID":null,"codMaketTEP":null,"codTEP":null,"WSName":"DB","rangeAddress":"$CN$568:$CN$605","headAddress":"$CN$568","bodyAddress":"$CN$569:$CN$605","_name":"корректировка факт"},"ручное":{"_level":2,"parentID":"d3c6e1c6-1e65-4c68-93de-210ae8b48899","firstParentID":"e6170cf9-6953-4ae1-9b6d-a554eccda42e","ID":"66d486ea-3fe2-414d-b29f-adf7d88a9edb","childs":null,"emcosID":null,"emcosMLID":null,"codMaketTEP":null,"codTEP":null,"WSName":"DB","rangeAddress":"$CO$568:$CO$605","headAddress":"$CO$568","bodyAddress":"$CO$569:$CO$605","_name":"ручное"},"по плану":{"_level":2,"parentID":"d3c6e1c6-1e65-4c68-93de-210ae8b48899","firstParentID":"e6170cf9-6953-4ae1-9b6d-a554eccda42e","ID":"6afd7b85-45c6-483f-be5c-a9e4aff21d8d","childs":null,"emcosID":null,"emcosMLID":null,"codMaketTEP":null,"codTEP":null,"WSName":"DB","rangeAddress":"$CP$568:$CP$605","headAddress":"$CP$568","bodyAddress":"$CP$569:$CP$605","_name":"по плану"}},"emcosID":null,"emcosMLID":null,"codMaketTEP":null,"codTEP":null,"WSName":"DB","rangeAddress":"$CL$567:$CP$605","headAddress":"$CL$567:$CP$567","bodyAddress":"$CL$568:$CP$605","_name":"прием"},"план":{"_level":1,"parentID":"93b801a7-22b0-412b-8aa4-cb05788e008e","firstParentID":"e6170cf9-6953-4ae1-9b6d-a554eccda42e","ID":"4594d976-36c7-4be2-b88f-39eb85757deb","childs":{"код":{"_level":2,"parentID":"4594d976-36c7-4be2-b88f-39eb85757deb","firstParentID":"e6170cf9-6953-4ae1-9b6d-a554eccda42e","ID":"37e89038-0e5e-40fa-ac76-b5ca8fdf286a","childs":null,"emcosID":null,"emcosMLID":null,"codMaketTEP":null,"codTEP":null,"WSName":"DB","rangeAddress":"$CQ$568:$CQ$605","headAddress":"$CQ$568","bodyAddress":"$CQ$569:$CQ$605","_name":"код"},"основное":{"_level":2,"parentID":"4594d976-36c7-4be2-b88f-39eb85757deb","firstParentID":"e6170cf9-6953-4ae1-9b6d-a554eccda42e","ID":"f4b6e7a8-1163-4364-8770-7ccaccc7ae9a","childs":null,"emcosID":null,"emcosMLID":null,"codMaketTEP":null,"codTEP":null,"WSName":"DB","rangeAddress":"$CR$568:$CR$605","headAddress":"$CR$568","bodyAddress":"$CR$569:$CR$605","_name":"основное"},"заявка":{"_level":2,"parentID":"4594d976-36c7-4be2-b88f-39eb85757deb","firstParentID":"e6170cf9-6953-4ae1-9b6d-a554eccda42e","ID":"e35eed57-aa78-40b0-a1fb-6bfaf630f581","childs":null,"emcosID":null,"emcosMLID":null,"codMaketTEP":null,"codTEP":null,"WSName":"DB","rangeAddress":"$CS$568:$CS$605","headAddress":"$CS$568","bodyAddress":"$CS$569:$CS$605","_name":"заявка"},"утвержденный":{"_level":2,"parentID":"4594d976-36c7-4be2-b88f-39eb85757deb","firstParentID":"e6170cf9-6953-4ae1-9b6d-a554eccda42e","ID":"e3a5c94a-8bfc-488b-a27d-f3293c5ac120","childs":null,"emcosID":null,"emcosMLID":null,"codMaketTEP":null,"codTEP":null,"WSName":"DB","rangeAddress":"$CT$568:$CT$605","headAddress":"$CT$568","bodyAddress":"$CT$569:$CT$605","_name":"утвержденный"},"корректировка":{"_level":2,"parentID":"4594d976-36c7-4be2-b88f-39eb85757deb","firstParentID":"e6170cf9-6953-4ae1-9b6d-a554eccda42e","ID":"b9caaaac-0a55-4a65-885b-7f55417bc169","childs":null,"emcosID":null,"emcosMLID":null,"codMaketTEP":null,"codTEP":null,"WSName":"DB","rangeAddress":"$CU$568:$CU$605","headAddress":"$CU$568","bodyAddress":"$CU$569:$CU$605","_name":"корректировка"}},"emcosID":null,"emcosMLID":null,"codMaketTEP":null,"codTEP":null,"WSName":"DB","rangeAddress":"$CQ$567:$CU$605","headAddress":"$CQ$567:$CU$567","bodyAddress":"$CQ$568:$CU$605","_name":"план"}},"emcosID":null,"emcosMLID":null,"codMaketTEP":null,"codTEP":null,"WSName":"DB","rangeAddress":"$CL$566:$CU$605","headAddress":"$CL$566:$CU$566","bodyAddress":"$CL$567:$CU$605","_name":"От Сарканской ГЭС ТАТЭК"}},"codPlan":137,"meterCoef":null,"_name":"От Сарканской ГЭС ТАТЭК"}