{"ID":"e814a5cd-6b1d-4f24-9113-0950bfb25e39","childs":{"PS":{"_level":0,"parentID":"e814a5cd-6b1d-4f24-9113-0950bfb25e39","firstParentID":"e814a5cd-6b1d-4f24-9113-0950bfb25e39","ID":"c680f2ff-6b1f-477a-b86e-259f9e833b45","childs":{"прием":{"_level":1,"parentID":"c680f2ff-6b1f-477a-b86e-259f9e833b45","firstParentID":"e814a5cd-6b1d-4f24-9113-0950bfb25e39","ID":"9e450a87-f22a-4281-a79c-b9a0e3953521","childs":{"формула":{"_level":2,"parentID":"9e450a87-f22a-4281-a79c-b9a0e3953521","firstParentID":"e814a5cd-6b1d-4f24-9113-0950bfb25e39","ID":"5ace8436-ec62-4a53-9d95-431c181e2609","childs":null,"emcosID":null,"emcosMLID":null,"codMaketTEP":null,"codTEP":null,"WSName":"PS","rangeAddress":"$AN$185:$AN$221","headAddress":"$AN$185","bodyAddress":"$AN$186:$AN$221","_name":"формула"}},"emcosID":null,"emcosMLID":null,"codMaketTEP":null,"codTEP":null,"WSName":"PS","rangeAddress":"$AN$184:$AN$221","headAddress":"$AN$184","bodyAddress":"$AN$185:$AN$221","_name":"прием"}},"emcosID":null,"emcosMLID":null,"codMaketTEP":null,"codTEP":null,"WSName":"PS","rangeAddress":"$AN$183:$AN$221","headAddress":"$AN$183","bodyAddress":"$AN$184:$AN$221","_name":"Потребление Алматы Су"},"DB":{"_level":0,"parentID":"e814a5cd-6b1d-4f24-9113-0950bfb25e39","firstParentID":"e814a5cd-6b1d-4f24-9113-0950bfb25e39","ID":"15e24df6-9ca0-4d27-a577-58690769fa5c","childs":{"прием":{"_level":1,"parentID":"15e24df6-9ca0-4d27-a577-58690769fa5c","firstParentID":"e814a5cd-6b1d-4f24-9113-0950bfb25e39","ID":"fa54e5d0-ce4d-47cc-925d-1f3372b3ef2b","childs":{"код":{"_level":2,"parentID":"fa54e5d0-ce4d-47cc-925d-1f3372b3ef2b","firstParentID":"e814a5cd-6b1d-4f24-9113-0950bfb25e39","ID":"b9d8b921-5f2b-4587-b721-9e4373b9dc69","childs":null,"emcosID":null,"emcosMLID":null,"codMaketTEP":null,"codTEP":null,"WSName":"DB","rangeAddress":"$CV$439:$CV$476","headAddress":"$CV$439","bodyAddress":"$CV$440:$CV$476","_name":"код"},"основное":{"_level":2,"parentID":"fa54e5d0-ce4d-47cc-925d-1f3372b3ef2b","firstParentID":"e814a5cd-6b1d-4f24-9113-0950bfb25e39","ID":"9868cbdf-f501-4f81-ab57-4af22a827a6c","childs":null,"emcosID":null,"emcosMLID":null,"codMaketTEP":null,"codTEP":null,"WSName":"DB","rangeAddress":"$CW$439:$CW$476","headAddress":"$CW$439","bodyAddress":"$CW$440:$CW$476","_name":"основное"},"корректировка факт":{"_level":2,"parentID":"fa54e5d0-ce4d-47cc-925d-1f3372b3ef2b","firstParentID":"e814a5cd-6b1d-4f24-9113-0950bfb25e39","ID":"4c0f9cb4-3312-48ce-96ba-9a910f1ff2e7","childs":null,"emcosID":null,"emcosMLID":null,"codMaketTEP":null,"codTEP":null,"WSName":"DB","rangeAddress":"$CX$439:$CX$476","headAddress":"$CX$439","bodyAddress":"$CX$440:$CX$476","_name":"корректировка факт"},"ручное":{"_level":2,"parentID":"fa54e5d0-ce4d-47cc-925d-1f3372b3ef2b","firstParentID":"e814a5cd-6b1d-4f24-9113-0950bfb25e39","ID":"2f38e09f-4f89-4825-9936-ba277c53d613","childs":null,"emcosID":null,"emcosMLID":null,"codMaketTEP":null,"codTEP":null,"WSName":"DB","rangeAddress":"$CY$439:$CY$476","headAddress":"$CY$439","bodyAddress":"$CY$440:$CY$476","_name":"ручное"},"формула":{"_level":2,"parentID":"fa54e5d0-ce4d-47cc-925d-1f3372b3ef2b","firstParentID":"e814a5cd-6b1d-4f24-9113-0950bfb25e39","ID":"35bc9f44-9884-44b3-bfb7-d7e8a51e9025","childs":null,"emcosID":null,"emcosMLID":null,"codMaketTEP":null,"codTEP":null,"WSName":"DB","rangeAddress":"$CZ$439:$CZ$476","headAddress":"$CZ$439","bodyAddress":"$CZ$440:$CZ$476","_name":"формула"}},"emcosID":null,"emcosMLID":null,"codMaketTEP":null,"codTEP":null,"WSName":"DB","rangeAddress":"$CV$438:$CZ$476","headAddress":"$CV$438:$CZ$438","bodyAddress":"$CV$439:$CZ$476","_name":"прием"}},"emcosID":null,"emcosMLID":null,"codMaketTEP":null,"codTEP":null,"WSName":"DB","rangeAddress":"$CV$437:$CZ$476","headAddress":"$CV$437:$CZ$437","bodyAddress":"$CV$438:$CZ$476","_name":"Потребление Алматы Су"}},"codPlan":null,"meterCoef":null,"_name":"Потребление Алматы Су"}