{"ID":"e8d34dab-3825-4592-bd46-a28ab07b31ec","childs":{"PS":{"_level":0,"parentID":"e8d34dab-3825-4592-bd46-a28ab07b31ec","firstParentID":"e8d34dab-3825-4592-bd46-a28ab07b31ec","ID":"9a3b0184-9d64-4e98-9185-1e733e9741f0","childs":{"прием":{"_level":1,"parentID":"9a3b0184-9d64-4e98-9185-1e733e9741f0","firstParentID":"e8d34dab-3825-4592-bd46-a28ab07b31ec","ID":"2082b124-a049-4044-802b-a2a994272b30","childs":{"по плану":{"_level":2,"parentID":"2082b124-a049-4044-802b-a2a994272b30","firstParentID":"e8d34dab-3825-4592-bd46-a28ab07b31ec","ID":"7cc7f131-1dae-4a96-a73e-f94517d57882","childs":null,"emcosID":null,"emcosMLID":null,"codMaketTEP":null,"codTEP":null,"WSName":"PS","rangeAddress":"$BB$185:$BB$221","headAddress":"$BB$185","bodyAddress":"$BB$186:$BB$221","_name":"по плану"}},"emcosID":null,"emcosMLID":null,"codMaketTEP":1361,"codTEP":null,"WSName":"PS","rangeAddress":"$BB$184:$BB$221","headAddress":"$BB$184","bodyAddress":"$BB$185:$BB$221","_name":"прием"},"план":{"_level":1,"parentID":"9a3b0184-9d64-4e98-9185-1e733e9741f0","firstParentID":"e8d34dab-3825-4592-bd46-a28ab07b31ec","ID":"9ef980c4-b1df-43ff-8119-c1effbbb0440","childs":{"заявка":{"_level":2,"parentID":"9ef980c4-b1df-43ff-8119-c1effbbb0440","firstParentID":"e8d34dab-3825-4592-bd46-a28ab07b31ec","ID":"b85fa89f-c337-45be-b6f1-18cc29999776","childs":null,"emcosID":null,"emcosMLID":null,"codMaketTEP":null,"codTEP":null,"WSName":"PS","rangeAddress":"$BC$185:$BC$221","headAddress":"$BC$185","bodyAddress":"$BC$186:$BC$221","_name":"заявка"}},"emcosID":null,"emcosMLID":null,"codMaketTEP":null,"codTEP":null,"WSName":"PS","rangeAddress":"$BC$184:$BC$221","headAddress":"$BC$184","bodyAddress":"$BC$185:$BC$221","_name":"план"}},"emcosID":null,"emcosMLID":null,"codMaketTEP":null,"codTEP":null,"WSName":"PS","rangeAddress":"$BB$183:$BC$221","headAddress":"$BB$183:$BC$183","bodyAddress":"$BB$184:$BC$221","_name":"Потребление Восходэнерготрейд"},"DB":{"_level":0,"parentID":"e8d34dab-3825-4592-bd46-a28ab07b31ec","firstParentID":"e8d34dab-3825-4592-bd46-a28ab07b31ec","ID":"ddcf8285-2309-42ef-8f55-69b8c9363bba","childs":{"прием":{"_level":1,"parentID":"ddcf8285-2309-42ef-8f55-69b8c9363bba","firstParentID":"e8d34dab-3825-4592-bd46-a28ab07b31ec","ID":"3b15e23a-b03e-4828-ae40-1192068d6428","childs":{"код":{"_level":2,"parentID":"3b15e23a-b03e-4828-ae40-1192068d6428","firstParentID":"e8d34dab-3825-4592-bd46-a28ab07b31ec","ID":"260b8f57-d57c-4b9f-9def-ae697487d3e3","childs":null,"emcosID":null,"emcosMLID":null,"codMaketTEP":null,"codTEP":null,"WSName":"DB","rangeAddress":"$H$568:$H$605","headAddress":"$H$568","bodyAddress":"$H$569:$H$605","_name":"код"},"основное":{"_level":2,"parentID":"3b15e23a-b03e-4828-ae40-1192068d6428","firstParentID":"e8d34dab-3825-4592-bd46-a28ab07b31ec","ID":"e7bde406-f215-4b10-9c1a-a2eb2067777f","childs":null,"emcosID":null,"emcosMLID":null,"codMaketTEP":null,"codTEP":null,"WSName":"DB","rangeAddress":"$I$568:$I$605","headAddress":"$I$568","bodyAddress":"$I$569:$I$605","_name":"основное"},"корректировка факт":{"_level":2,"parentID":"3b15e23a-b03e-4828-ae40-1192068d6428","firstParentID":"e8d34dab-3825-4592-bd46-a28ab07b31ec","ID":"02aa5fca-c908-4199-b68b-28680bfcf3cd","childs":null,"emcosID":null,"emcosMLID":null,"codMaketTEP":null,"codTEP":null,"WSName":"DB","rangeAddress":"$J$568:$J$605","headAddress":"$J$568","bodyAddress":"$J$569:$J$605","_name":"корректировка факт"},"ручное":{"_level":2,"parentID":"3b15e23a-b03e-4828-ae40-1192068d6428","firstParentID":"e8d34dab-3825-4592-bd46-a28ab07b31ec","ID":"25b81195-cf8f-49be-8190-77dcf6c4cf92","childs":null,"emcosID":null,"emcosMLID":null,"codMaketTEP":null,"codTEP":null,"WSName":"DB","rangeAddress":"$K$568:$K$605","headAddress":"$K$568","bodyAddress":"$K$569:$K$605","_name":"ручное"},"по плану":{"_level":2,"parentID":"3b15e23a-b03e-4828-ae40-1192068d6428","firstParentID":"e8d34dab-3825-4592-bd46-a28ab07b31ec","ID":"76a7fdb7-1a3b-4696-8fd3-6ebbcc383160","childs":null,"emcosID":null,"emcosMLID":null,"codMaketTEP":null,"codTEP":null,"WSName":"DB","rangeAddress":"$L$568:$L$605","headAddress":"$L$568","bodyAddress":"$L$569:$L$605","_name":"по плану"}},"emcosID":null,"emcosMLID":null,"codMaketTEP":null,"codTEP":null,"WSName":"DB","rangeAddress":"$H$567:$L$605","headAddress":"$H$567:$L$567","bodyAddress":"$H$568:$L$605","_name":"прием"},"план":{"_level":1,"parentID":"ddcf8285-2309-42ef-8f55-69b8c9363bba","firstParentID":"e8d34dab-3825-4592-bd46-a28ab07b31ec","ID":"ab9e5c0e-57dc-47a6-8143-e9f144e33bc0","childs":{"код":{"_level":2,"parentID":"ab9e5c0e-57dc-47a6-8143-e9f144e33bc0","firstParentID":"e8d34dab-3825-4592-bd46-a28ab07b31ec","ID":"353afb24-aaad-4d69-aa56-22e023efedd3","childs":null,"emcosID":null,"emcosMLID":null,"codMaketTEP":null,"codTEP":null,"WSName":"DB","rangeAddress":"$M$568:$M$605","headAddress":"$M$568","bodyAddress":"$M$569:$M$605","_name":"код"},"основное":{"_level":2,"parentID":"ab9e5c0e-57dc-47a6-8143-e9f144e33bc0","firstParentID":"e8d34dab-3825-4592-bd46-a28ab07b31ec","ID":"12107935-d2e7-489c-a30d-a1b9e9626e2a","childs":null,"emcosID":null,"emcosMLID":null,"codMaketTEP":null,"codTEP":null,"WSName":"DB","rangeAddress":"$N$568:$N$605","headAddress":"$N$568","bodyAddress":"$N$569:$N$605","_name":"основное"},"заявка":{"_level":2,"parentID":"ab9e5c0e-57dc-47a6-8143-e9f144e33bc0","firstParentID":"e8d34dab-3825-4592-bd46-a28ab07b31ec","ID":"083b6e73-1481-4248-9fd6-d4e1cb379713","childs":null,"emcosID":null,"emcosMLID":null,"codMaketTEP":null,"codTEP":null,"WSName":"DB","rangeAddress":"$O$568:$O$605","headAddress":"$O$568","bodyAddress":"$O$569:$O$605","_name":"заявка"},"утвержденный":{"_level":2,"parentID":"ab9e5c0e-57dc-47a6-8143-e9f144e33bc0","firstParentID":"e8d34dab-3825-4592-bd46-a28ab07b31ec","ID":"0565c966-0bcf-4c41-a34e-9417ab6bd5b0","childs":null,"emcosID":null,"emcosMLID":null,"codMaketTEP":null,"codTEP":null,"WSName":"DB","rangeAddress":"$P$568:$P$605","headAddress":"$P$568","bodyAddress":"$P$569:$P$605","_name":"утвержденный"},"корректировка":{"_level":2,"parentID":"ab9e5c0e-57dc-47a6-8143-e9f144e33bc0","firstParentID":"e8d34dab-3825-4592-bd46-a28ab07b31ec","ID":"8c9e8c05-dbb2-433a-b6c4-1b776c146c0e","childs":null,"emcosID":null,"emcosMLID":null,"codMaketTEP":null,"codTEP":null,"WSName":"DB","rangeAddress":"$Q$568:$Q$605","headAddress":"$Q$568","bodyAddress":"$Q$569:$Q$605","_name":"корректировка"}},"emcosID":null,"emcosMLID":null,"codMaketTEP":null,"codTEP":null,"WSName":"DB","rangeAddress":"$M$567:$Q$605","headAddress":"$M$567:$Q$567","bodyAddress":"$M$568:$Q$605","_name":"план"}},"emcosID":null,"emcosMLID":null,"codMaketTEP":null,"codTEP":null,"WSName":"DB","rangeAddress":"$H$566:$Q$605","headAddress":"$H$566:$Q$566","bodyAddress":"$H$567:$Q$605","_name":"Потребление Восходэнерготрейд"}},"codPlan":142,"meterCoef":null,"_name":"Потребление Восходэнерготрейд"}