{"ID":"ee3675ac-0753-4d11-aa88-8fee990ee755","childs":{"PS":{"_level":0,"parentID":"ee3675ac-0753-4d11-aa88-8fee990ee755","firstParentID":"ee3675ac-0753-4d11-aa88-8fee990ee755","ID":"c2e603ea-d3cd-4b42-8a1d-0e2c58088993","childs":{"прием":{"_level":1,"parentID":"c2e603ea-d3cd-4b42-8a1d-0e2c58088993","firstParentID":"ee3675ac-0753-4d11-aa88-8fee990ee755","ID":"8d26affa-5195-4d14-a076-ac021935d827","childs":{"по плану":{"_level":2,"parentID":"8d26affa-5195-4d14-a076-ac021935d827","firstParentID":"ee3675ac-0753-4d11-aa88-8fee990ee755","ID":"6e79fe6f-edbe-437d-b549-bd7288f63a6e","childs":null,"emcosID":null,"emcosMLID":null,"codMaketTEP":null,"codTEP":null,"WSName":"PS","rangeAddress":"$O$185:$O$221","headAddress":"$O$185","bodyAddress":"$O$186:$O$221","_name":"по плану"}},"emcosID":null,"emcosMLID":null,"codMaketTEP":1377,"codTEP":null,"WSName":"PS","rangeAddress":"$O$184:$O$221","headAddress":"$O$184","bodyAddress":"$O$185:$O$221","_name":"прием"},"план":{"_level":1,"parentID":"c2e603ea-d3cd-4b42-8a1d-0e2c58088993","firstParentID":"ee3675ac-0753-4d11-aa88-8fee990ee755","ID":"7e6ac1ec-13ef-482d-93fe-d66c9a67e068","childs":{"заявка":{"_level":2,"parentID":"7e6ac1ec-13ef-482d-93fe-d66c9a67e068","firstParentID":"ee3675ac-0753-4d11-aa88-8fee990ee755","ID":"f244549f-017f-4f8a-afaf-278cf7840e69","childs":null,"emcosID":null,"emcosMLID":null,"codMaketTEP":null,"codTEP":null,"WSName":"PS","rangeAddress":"$P$185:$P$221","headAddress":"$P$185","bodyAddress":"$P$186:$P$221","_name":"заявка"}},"emcosID":null,"emcosMLID":null,"codMaketTEP":null,"codTEP":null,"WSName":"PS","rangeAddress":"$P$184:$P$221","headAddress":"$P$184","bodyAddress":"$P$185:$P$221","_name":"план"}},"emcosID":null,"emcosMLID":null,"codMaketTEP":null,"codTEP":null,"WSName":"PS","rangeAddress":"$O$183:$P$221","headAddress":"$O$183:$P$183","bodyAddress":"$O$184:$P$221","_name":"ДМС хоз нужды КТЖ Алматы"},"DB":{"_level":0,"parentID":"ee3675ac-0753-4d11-aa88-8fee990ee755","firstParentID":"ee3675ac-0753-4d11-aa88-8fee990ee755","ID":"29f88879-08c7-40d8-9200-664026870df3","childs":{"прием":{"_level":1,"parentID":"29f88879-08c7-40d8-9200-664026870df3","firstParentID":"ee3675ac-0753-4d11-aa88-8fee990ee755","ID":"8bcade67-0dda-403c-8763-9eeb1c03a02e","childs":{"код":{"_level":2,"parentID":"8bcade67-0dda-403c-8763-9eeb1c03a02e","firstParentID":"ee3675ac-0753-4d11-aa88-8fee990ee755","ID":"285b5071-ca52-4993-90da-c942486375a0","childs":null,"emcosID":null,"emcosMLID":null,"codMaketTEP":null,"codTEP":null,"WSName":"DB","rangeAddress":"$BS$396:$BS$433","headAddress":"$BS$396","bodyAddress":"$BS$397:$BS$433","_name":"код"},"основное":{"_level":2,"parentID":"8bcade67-0dda-403c-8763-9eeb1c03a02e","firstParentID":"ee3675ac-0753-4d11-aa88-8fee990ee755","ID":"1f57c014-f6bb-4463-b965-4d6c9c79b968","childs":null,"emcosID":null,"emcosMLID":null,"codMaketTEP":null,"codTEP":null,"WSName":"DB","rangeAddress":"$BT$396:$BT$433","headAddress":"$BT$396","bodyAddress":"$BT$397:$BT$433","_name":"основное"},"корректировка факт":{"_level":2,"parentID":"8bcade67-0dda-403c-8763-9eeb1c03a02e","firstParentID":"ee3675ac-0753-4d11-aa88-8fee990ee755","ID":"287759d7-8ddf-472d-a2b3-239c597a4cdc","childs":null,"emcosID":null,"emcosMLID":null,"codMaketTEP":null,"codTEP":null,"WSName":"DB","rangeAddress":"$BU$396:$BU$433","headAddress":"$BU$396","bodyAddress":"$BU$397:$BU$433","_name":"корректировка факт"},"ручное":{"_level":2,"parentID":"8bcade67-0dda-403c-8763-9eeb1c03a02e","firstParentID":"ee3675ac-0753-4d11-aa88-8fee990ee755","ID":"9fe59e52-a4c5-4a86-92d6-f2d1cc0b28a2","childs":null,"emcosID":null,"emcosMLID":null,"codMaketTEP":null,"codTEP":null,"WSName":"DB","rangeAddress":"$BV$396:$BV$433","headAddress":"$BV$396","bodyAddress":"$BV$397:$BV$433","_name":"ручное"},"по плану":{"_level":2,"parentID":"8bcade67-0dda-403c-8763-9eeb1c03a02e","firstParentID":"ee3675ac-0753-4d11-aa88-8fee990ee755","ID":"dd7dabd9-c0ce-4b34-b011-73c3f55dabf4","childs":null,"emcosID":null,"emcosMLID":null,"codMaketTEP":null,"codTEP":null,"WSName":"DB","rangeAddress":"$BW$396:$BW$433","headAddress":"$BW$396","bodyAddress":"$BW$397:$BW$433","_name":"по плану"}},"emcosID":null,"emcosMLID":null,"codMaketTEP":null,"codTEP":null,"WSName":"DB","rangeAddress":"$BS$395:$BW$433","headAddress":"$BS$395:$BW$395","bodyAddress":"$BS$396:$BW$433","_name":"прием"},"план":{"_level":1,"parentID":"29f88879-08c7-40d8-9200-664026870df3","firstParentID":"ee3675ac-0753-4d11-aa88-8fee990ee755","ID":"14e84f76-df7e-4672-9818-db3009436a22","childs":{"код":{"_level":2,"parentID":"14e84f76-df7e-4672-9818-db3009436a22","firstParentID":"ee3675ac-0753-4d11-aa88-8fee990ee755","ID":"ad3f0b9d-11f9-446d-828b-88301c5efc4a","childs":null,"emcosID":null,"emcosMLID":null,"codMaketTEP":null,"codTEP":null,"WSName":"DB","rangeAddress":"$BX$396:$BX$433","headAddress":"$BX$396","bodyAddress":"$BX$397:$BX$433","_name":"код"},"основное":{"_level":2,"parentID":"14e84f76-df7e-4672-9818-db3009436a22","firstParentID":"ee3675ac-0753-4d11-aa88-8fee990ee755","ID":"cd1a0552-0d21-4ccc-b6f5-0c243bfe204b","childs":null,"emcosID":null,"emcosMLID":null,"codMaketTEP":null,"codTEP":null,"WSName":"DB","rangeAddress":"$BY$396:$BY$433","headAddress":"$BY$396","bodyAddress":"$BY$397:$BY$433","_name":"основное"},"заявка":{"_level":2,"parentID":"14e84f76-df7e-4672-9818-db3009436a22","firstParentID":"ee3675ac-0753-4d11-aa88-8fee990ee755","ID":"d662b53a-93da-42dd-9cb6-1df78415a3de","childs":null,"emcosID":null,"emcosMLID":null,"codMaketTEP":null,"codTEP":null,"WSName":"DB","rangeAddress":"$BZ$396:$BZ$433","headAddress":"$BZ$396","bodyAddress":"$BZ$397:$BZ$433","_name":"заявка"},"утвержденный":{"_level":2,"parentID":"14e84f76-df7e-4672-9818-db3009436a22","firstParentID":"ee3675ac-0753-4d11-aa88-8fee990ee755","ID":"9fb1e57c-fc95-4a65-96ae-e2e85317e436","childs":null,"emcosID":null,"emcosMLID":null,"codMaketTEP":null,"codTEP":null,"WSName":"DB","rangeAddress":"$CA$396:$CA$433","headAddress":"$CA$396","bodyAddress":"$CA$397:$CA$433","_name":"утвержденный"},"корректировка":{"_level":2,"parentID":"14e84f76-df7e-4672-9818-db3009436a22","firstParentID":"ee3675ac-0753-4d11-aa88-8fee990ee755","ID":"b498e81c-f2d3-4620-86ec-8b9aa35ccbf0","childs":null,"emcosID":null,"emcosMLID":null,"codMaketTEP":null,"codTEP":null,"WSName":"DB","rangeAddress":"$CB$396:$CB$433","headAddress":"$CB$396","bodyAddress":"$CB$397:$CB$433","_name":"корректировка"}},"emcosID":null,"emcosMLID":null,"codMaketTEP":null,"codTEP":null,"WSName":"DB","rangeAddress":"$BX$395:$CB$433","headAddress":"$BX$395:$CB$395","bodyAddress":"$BX$396:$CB$433","_name":"план"}},"emcosID":null,"emcosMLID":null,"codMaketTEP":null,"codTEP":null,"WSName":"DB","rangeAddress":"$BS$394:$CB$433","headAddress":"$BS$394:$CB$394","bodyAddress":"$BS$395:$CB$433","_name":"ДМС хоз нужды КТЖ Алматы"}},"codPlan":116,"meterCoef":null,"_name":"ДМС хоз нужды КТЖ Алматы"}