{"ID":"f184f751-fcf8-4b4a-bab8-280185ea2125","childs":{"PS":{"_level":0,"parentID":"f184f751-fcf8-4b4a-bab8-280185ea2125","firstParentID":"f184f751-fcf8-4b4a-bab8-280185ea2125","ID":"6291c88f-c177-4eac-b84b-3dbd317e3ade","childs":{"прием":{"_level":1,"parentID":"6291c88f-c177-4eac-b84b-3dbd317e3ade","firstParentID":"f184f751-fcf8-4b4a-bab8-280185ea2125","ID":"f0d56d6b-fd1f-4660-aa33-50183cb12790","childs":{"ручное":{"_level":2,"parentID":"f0d56d6b-fd1f-4660-aa33-50183cb12790","firstParentID":"f184f751-fcf8-4b4a-bab8-280185ea2125","ID":"7b134dce-b9d2-468f-844d-e63cd04e5609","childs":null,"emcosID":null,"emcosMLID":null,"codMaketTEP":null,"codTEP":null,"WSName":"PS","rangeAddress":"$AB$13:$AB$49","headAddress":"$AB$13","bodyAddress":"$AB$14:$AB$49","_name":"ручное"}},"emcosID":null,"emcosMLID":null,"codMaketTEP":null,"codTEP":null,"WSName":"PS","rangeAddress":"$AB$12:$AB$49","headAddress":"$AB$12","bodyAddress":"$AB$13:$AB$49","_name":"прием"}},"emcosID":null,"emcosMLID":null,"codMaketTEP":null,"codTEP":null,"WSName":"PS","rangeAddress":"$AB$11:$AB$49","headAddress":"$AB$11","bodyAddress":"$AB$12:$AB$49","_name":"потребление ЖД Общее"},"DB":{"_level":0,"parentID":"f184f751-fcf8-4b4a-bab8-280185ea2125","firstParentID":"f184f751-fcf8-4b4a-bab8-280185ea2125","ID":"56d47110-2ade-4146-b3d2-76c53b5d6b2e","childs":{"прием":{"_level":1,"parentID":"56d47110-2ade-4146-b3d2-76c53b5d6b2e","firstParentID":"f184f751-fcf8-4b4a-bab8-280185ea2125","ID":"cf0cc58f-5814-4c42-bfc9-5d4f0fad0fa4","childs":{"код":{"_level":2,"parentID":"cf0cc58f-5814-4c42-bfc9-5d4f0fad0fa4","firstParentID":"f184f751-fcf8-4b4a-bab8-280185ea2125","ID":"63217756-f4ca-4dd1-949d-c655219ce87f","childs":null,"emcosID":null,"emcosMLID":null,"codMaketTEP":null,"codTEP":null,"WSName":"DB","rangeAddress":"$CS$138:$CS$175","headAddress":"$CS$138","bodyAddress":"$CS$139:$CS$175","_name":"код"},"основное":{"_level":2,"parentID":"cf0cc58f-5814-4c42-bfc9-5d4f0fad0fa4","firstParentID":"f184f751-fcf8-4b4a-bab8-280185ea2125","ID":"5dbf0c0a-2aee-432c-bbbb-3663bf5e1b2a","childs":null,"emcosID":null,"emcosMLID":null,"codMaketTEP":null,"codTEP":null,"WSName":"DB","rangeAddress":"$CT$138:$CT$175","headAddress":"$CT$138","bodyAddress":"$CT$139:$CT$175","_name":"основное"},"корректировка факт":{"_level":2,"parentID":"cf0cc58f-5814-4c42-bfc9-5d4f0fad0fa4","firstParentID":"f184f751-fcf8-4b4a-bab8-280185ea2125","ID":"f6e7ba59-6d8f-4026-9af9-f965f1c48d41","childs":null,"emcosID":null,"emcosMLID":null,"codMaketTEP":null,"codTEP":null,"WSName":"DB","rangeAddress":"$CU$138:$CU$175","headAddress":"$CU$138","bodyAddress":"$CU$139:$CU$175","_name":"корректировка факт"},"ручное":{"_level":2,"parentID":"cf0cc58f-5814-4c42-bfc9-5d4f0fad0fa4","firstParentID":"f184f751-fcf8-4b4a-bab8-280185ea2125","ID":"d3b08ec2-2a53-4e1c-afb7-06c777e093ac","childs":null,"emcosID":null,"emcosMLID":null,"codMaketTEP":null,"codTEP":null,"WSName":"DB","rangeAddress":"$CV$138:$CV$175","headAddress":"$CV$138","bodyAddress":"$CV$139:$CV$175","_name":"ручное"}},"emcosID":null,"emcosMLID":null,"codMaketTEP":null,"codTEP":null,"WSName":"DB","rangeAddress":"$CS$137:$CV$175","headAddress":"$CS$137:$CV$137","bodyAddress":"$CS$138:$CV$175","_name":"прием"}},"emcosID":null,"emcosMLID":null,"codMaketTEP":null,"codTEP":null,"WSName":"DB","rangeAddress":"$CS$136:$CV$175","headAddress":"$CS$136:$CV$136","bodyAddress":"$CS$137:$CV$175","_name":"потребление ЖД Общее"}},"codPlan":null,"meterCoef":null,"_name":"потребление ЖД Общее"}