{"ID":"fee6defa-7151-4fb2-be3c-04335a6d5e6c","childs":{"PS":{"_level":0,"parentID":"fee6defa-7151-4fb2-be3c-04335a6d5e6c","firstParentID":"fee6defa-7151-4fb2-be3c-04335a6d5e6c","ID":"d7ace629-04e1-4bef-af46-91f2a7374233","childs":{"отдача":{"_level":1,"parentID":"d7ace629-04e1-4bef-af46-91f2a7374233","firstParentID":"fee6defa-7151-4fb2-be3c-04335a6d5e6c","ID":"5814879b-21db-41d3-bb7e-c7952e1d9fd7","childs":{"по счетчику":{"_level":2,"parentID":"5814879b-21db-41d3-bb7e-c7952e1d9fd7","firstParentID":"fee6defa-7151-4fb2-be3c-04335a6d5e6c","ID":"4243d54a-957f-413e-b2fa-e396981b05d2","childs":null,"emcosID":null,"emcosMLID":null,"codMaketTEP":null,"codTEP":null,"WSName":"PS","rangeAddress":"$FW$99:$FW$135","headAddress":"$FW$99","bodyAddress":"$FW$100:$FW$135","_name":"по счетчику"},"СЧЕТЧИК":{"_level":2,"parentID":"5814879b-21db-41d3-bb7e-c7952e1d9fd7","firstParentID":"fee6defa-7151-4fb2-be3c-04335a6d5e6c","ID":"795aae80-e4c4-4bb3-b5d8-b3ece9b34cbd","childs":null,"emcosID":null,"emcosMLID":null,"codMaketTEP":null,"codTEP":null,"WSName":"PS","rangeAddress":"$FX$99:$FX$135","headAddress":"$FX$99","bodyAddress":"$FX$100:$FX$135","_name":"СЧЕТЧИК"}},"emcosID":null,"emcosMLID":null,"codMaketTEP":null,"codTEP":null,"WSName":"PS","rangeAddress":"$FW$98:$FX$135","headAddress":"$FW$98:$FX$98","bodyAddress":"$FW$99:$FX$135","_name":"отдача"}},"emcosID":null,"emcosMLID":null,"codMaketTEP":null,"codTEP":null,"WSName":"PS","rangeAddress":"$FW$97:$FX$135","headAddress":"$FW$97:$FX$97","bodyAddress":"$FW$98:$FX$135","_name":"КЛ89 ПС152 Талдыкорган"},"DB":{"_level":0,"parentID":"fee6defa-7151-4fb2-be3c-04335a6d5e6c","firstParentID":"fee6defa-7151-4fb2-be3c-04335a6d5e6c","ID":"4ee577cc-740b-4c46-9ec7-07788a9fcba3","childs":{"отдача":{"_level":1,"parentID":"4ee577cc-740b-4c46-9ec7-07788a9fcba3","firstParentID":"fee6defa-7151-4fb2-be3c-04335a6d5e6c","ID":"4145c668-9044-407e-8e93-8c3718fe02aa","childs":{"код":{"_level":2,"parentID":"4145c668-9044-407e-8e93-8c3718fe02aa","firstParentID":"fee6defa-7151-4fb2-be3c-04335a6d5e6c","ID":"2475b515-e6ad-42fe-badb-3ac4a3805619","childs":null,"emcosID":null,"emcosMLID":null,"codMaketTEP":null,"codTEP":null,"WSName":"DB","rangeAddress":"$CQ$525:$CQ$562","headAddress":"$CQ$525","bodyAddress":"$CQ$526:$CQ$562","_name":"код"},"основное":{"_level":2,"parentID":"4145c668-9044-407e-8e93-8c3718fe02aa","firstParentID":"fee6defa-7151-4fb2-be3c-04335a6d5e6c","ID":"07724ce4-a74b-4cfd-bac0-a856e456926e","childs":null,"emcosID":null,"emcosMLID":null,"codMaketTEP":null,"codTEP":null,"WSName":"DB","rangeAddress":"$CR$525:$CR$562","headAddress":"$CR$525","bodyAddress":"$CR$526:$CR$562","_name":"основное"},"корректировка факт":{"_level":2,"parentID":"4145c668-9044-407e-8e93-8c3718fe02aa","firstParentID":"fee6defa-7151-4fb2-be3c-04335a6d5e6c","ID":"300905dc-4812-4418-a335-955f010f0e46","childs":null,"emcosID":null,"emcosMLID":null,"codMaketTEP":null,"codTEP":null,"WSName":"DB","rangeAddress":"$CS$525:$CS$562","headAddress":"$CS$525","bodyAddress":"$CS$526:$CS$562","_name":"корректировка факт"},"ручное":{"_level":2,"parentID":"4145c668-9044-407e-8e93-8c3718fe02aa","firstParentID":"fee6defa-7151-4fb2-be3c-04335a6d5e6c","ID":"fdf9b79a-cbdd-4737-ba27-fdf9e4ba3e64","childs":null,"emcosID":null,"emcosMLID":null,"codMaketTEP":null,"codTEP":null,"WSName":"DB","rangeAddress":"$CT$525:$CT$562","headAddress":"$CT$525","bodyAddress":"$CT$526:$CT$562","_name":"ручное"},"счетчик":{"_level":2,"parentID":"4145c668-9044-407e-8e93-8c3718fe02aa","firstParentID":"fee6defa-7151-4fb2-be3c-04335a6d5e6c","ID":"7f8dc2ab-3f37-4394-8c6b-89d868c3d50e","childs":null,"emcosID":null,"emcosMLID":null,"codMaketTEP":null,"codTEP":null,"WSName":"DB","rangeAddress":"$CU$525:$CU$562","headAddress":"$CU$525","bodyAddress":"$CU$526:$CU$562","_name":"счетчик"},"по счетчику":{"_level":2,"parentID":"4145c668-9044-407e-8e93-8c3718fe02aa","firstParentID":"fee6defa-7151-4fb2-be3c-04335a6d5e6c","ID":"94acffda-dd3e-417b-add2-2c7163191245","childs":null,"emcosID":null,"emcosMLID":null,"codMaketTEP":null,"codTEP":null,"WSName":"DB","rangeAddress":"$CV$525:$CV$562","headAddress":"$CV$525","bodyAddress":"$CV$526:$CV$562","_name":"по счетчику"}},"emcosID":null,"emcosMLID":null,"codMaketTEP":null,"codTEP":null,"WSName":"DB","rangeAddress":"$CQ$524:$CV$562","headAddress":"$CQ$524:$CV$524","bodyAddress":"$CQ$525:$CV$562","_name":"отдача"}},"emcosID":null,"emcosMLID":null,"codMaketTEP":null,"codTEP":null,"WSName":"DB","rangeAddress":"$CQ$523:$CV$562","headAddress":"$CQ$523:$CV$523","bodyAddress":"$CQ$524:$CV$562","_name":"КЛ89 ПС152 Талдыкорган"}},"codPlan":null,"meterCoef":"4","_name":"КЛ89 ПС152 Талдыкорган"}