{"ID":"ffbb6bae-80af-4424-92ae-b4d4d4975920","childs":{"PS":{"_level":0,"parentID":"ffbb6bae-80af-4424-92ae-b4d4d4975920","firstParentID":"ffbb6bae-80af-4424-92ae-b4d4d4975920","ID":"0facc1ba-195d-402d-8fb2-693fd289dde3","childs":{"прием":{"_level":1,"parentID":"0facc1ba-195d-402d-8fb2-693fd289dde3","firstParentID":"ffbb6bae-80af-4424-92ae-b4d4d4975920","ID":"46fa005b-6987-406a-aed5-7363d95fe856","childs":{"ручное":{"_level":2,"parentID":"46fa005b-6987-406a-aed5-7363d95fe856","firstParentID":"ffbb6bae-80af-4424-92ae-b4d4d4975920","ID":"7fc52e52-88c1-489f-ac11-1525c41c263d","childs":null,"emcosID":null,"emcosMLID":null,"codMaketTEP":null,"codTEP":null,"WSName":"PS","rangeAddress":"$AD$142:$AD$178","headAddress":"$AD$142","bodyAddress":"$AD$143:$AD$178","_name":"ручное"}},"emcosID":null,"emcosMLID":null,"codMaketTEP":null,"codTEP":null,"WSName":"PS","rangeAddress":"$AD$141:$AD$178","headAddress":"$AD$141","bodyAddress":"$AD$142:$AD$178","_name":"прием"}},"emcosID":null,"emcosMLID":null,"codMaketTEP":null,"codTEP":null,"WSName":"PS","rangeAddress":"$AD$140:$AD$178","headAddress":"$AD$140","bodyAddress":"$AD$141:$AD$178","_name":"Л134А Шу 110 Тяга"},"DB":{"_level":0,"parentID":"ffbb6bae-80af-4424-92ae-b4d4d4975920","firstParentID":"ffbb6bae-80af-4424-92ae-b4d4d4975920","ID":"b81142e8-37b2-4cd1-9788-df59bdcf40c8","childs":{"прием":{"_level":1,"parentID":"b81142e8-37b2-4cd1-9788-df59bdcf40c8","firstParentID":"ffbb6bae-80af-4424-92ae-b4d4d4975920","ID":"91e0db22-5861-415e-bdfc-a65aeb79b14c","childs":{"код":{"_level":2,"parentID":"91e0db22-5861-415e-bdfc-a65aeb79b14c","firstParentID":"ffbb6bae-80af-4424-92ae-b4d4d4975920","ID":"60425265-a001-4e59-97d1-1b04aa4d88ff","childs":null,"emcosID":null,"emcosMLID":null,"codMaketTEP":null,"codTEP":null,"WSName":"DB","rangeAddress":"$AF$353:$AF$390","headAddress":"$AF$353","bodyAddress":"$AF$354:$AF$390","_name":"код"},"основное":{"_level":2,"parentID":"91e0db22-5861-415e-bdfc-a65aeb79b14c","firstParentID":"ffbb6bae-80af-4424-92ae-b4d4d4975920","ID":"bf072940-6a2b-47f4-9593-0cba79edd69a","childs":null,"emcosID":null,"emcosMLID":null,"codMaketTEP":null,"codTEP":null,"WSName":"DB","rangeAddress":"$AG$353:$AG$390","headAddress":"$AG$353","bodyAddress":"$AG$354:$AG$390","_name":"основное"},"корректировка факт":{"_level":2,"parentID":"91e0db22-5861-415e-bdfc-a65aeb79b14c","firstParentID":"ffbb6bae-80af-4424-92ae-b4d4d4975920","ID":"e8fe9be3-24f5-4f1e-8191-8b31572cc20b","childs":null,"emcosID":null,"emcosMLID":null,"codMaketTEP":null,"codTEP":null,"WSName":"DB","rangeAddress":"$AH$353:$AH$390","headAddress":"$AH$353","bodyAddress":"$AH$354:$AH$390","_name":"корректировка факт"},"ручное":{"_level":2,"parentID":"91e0db22-5861-415e-bdfc-a65aeb79b14c","firstParentID":"ffbb6bae-80af-4424-92ae-b4d4d4975920","ID":"16690227-fb49-4d30-ab76-e9e584bc9209","childs":null,"emcosID":null,"emcosMLID":null,"codMaketTEP":null,"codTEP":null,"WSName":"DB","rangeAddress":"$AI$353:$AI$390","headAddress":"$AI$353","bodyAddress":"$AI$354:$AI$390","_name":"ручное"}},"emcosID":null,"emcosMLID":null,"codMaketTEP":null,"codTEP":null,"WSName":"DB","rangeAddress":"$AF$352:$AI$390","headAddress":"$AF$352:$AI$352","bodyAddress":"$AF$353:$AI$390","_name":"прием"}},"emcosID":null,"emcosMLID":null,"codMaketTEP":null,"codTEP":null,"WSName":"DB","rangeAddress":"$AF$351:$AI$390","headAddress":"$AF$351:$AI$351","bodyAddress":"$AF$352:$AI$390","_name":"Л134А Шу 110 Тяга"}},"codPlan":null,"meterCoef":null,"_name":"Л134А Шу 110 Тяга"}