{"ID":"ffd692c3-b059-4f0f-b66b-84e1777efdc7","childs":{"PS":{"_level":0,"parentID":"ffd692c3-b059-4f0f-b66b-84e1777efdc7","firstParentID":"ffd692c3-b059-4f0f-b66b-84e1777efdc7","ID":"b3cc6ff6-8375-46d6-8a64-0eb1585ab781","childs":{"прием":{"_level":1,"parentID":"b3cc6ff6-8375-46d6-8a64-0eb1585ab781","firstParentID":"ffd692c3-b059-4f0f-b66b-84e1777efdc7","ID":"42371864-5128-4f24-9f20-3b3553e2ceda","childs":{"по счетчику":{"_level":2,"parentID":"42371864-5128-4f24-9f20-3b3553e2ceda","firstParentID":"ffd692c3-b059-4f0f-b66b-84e1777efdc7","ID":"b17b1240-8f97-4183-90df-a63d58107a0b","childs":null,"emcosID":null,"emcosMLID":null,"codMaketTEP":null,"codTEP":null,"WSName":"PS","rangeAddress":"$CL$56:$CL$92","headAddress":"$CL$56","bodyAddress":"$CL$57:$CL$92","_name":"по счетчику"},"СЧЕТЧИК":{"_level":2,"parentID":"42371864-5128-4f24-9f20-3b3553e2ceda","firstParentID":"ffd692c3-b059-4f0f-b66b-84e1777efdc7","ID":"fa5c997b-a098-4f3d-b626-bf029fd69ecc","childs":null,"emcosID":null,"emcosMLID":null,"codMaketTEP":null,"codTEP":null,"WSName":"PS","rangeAddress":"$CM$56:$CM$92","headAddress":"$CM$56","bodyAddress":"$CM$57:$CM$92","_name":"СЧЕТЧИК"}},"emcosID":null,"emcosMLID":null,"codMaketTEP":null,"codTEP":null,"WSName":"PS","rangeAddress":"$CL$55:$CM$92","headAddress":"$CL$55:$CM$55","bodyAddress":"$CL$56:$CM$92","_name":"прием"},"отдача":{"_level":1,"parentID":"b3cc6ff6-8375-46d6-8a64-0eb1585ab781","firstParentID":"ffd692c3-b059-4f0f-b66b-84e1777efdc7","ID":"ad9a37c8-5572-445c-988e-84fdf809313b","childs":{"по счетчику":{"_level":2,"parentID":"ad9a37c8-5572-445c-988e-84fdf809313b","firstParentID":"ffd692c3-b059-4f0f-b66b-84e1777efdc7","ID":"dc2c8a76-55ba-4a9c-a36e-958fd52d5058","childs":null,"emcosID":null,"emcosMLID":null,"codMaketTEP":null,"codTEP":null,"WSName":"PS","rangeAddress":"$CN$56:$CN$92","headAddress":"$CN$56","bodyAddress":"$CN$57:$CN$92","_name":"по счетчику"},"СЧЕТЧИК":{"_level":2,"parentID":"ad9a37c8-5572-445c-988e-84fdf809313b","firstParentID":"ffd692c3-b059-4f0f-b66b-84e1777efdc7","ID":"366ade72-dbe0-4bf4-b103-470b688eb0f9","childs":null,"emcosID":null,"emcosMLID":null,"codMaketTEP":null,"codTEP":null,"WSName":"PS","rangeAddress":"$CO$56:$CO$92","headAddress":"$CO$56","bodyAddress":"$CO$57:$CO$92","_name":"СЧЕТЧИК"}},"emcosID":null,"emcosMLID":null,"codMaketTEP":null,"codTEP":null,"WSName":"PS","rangeAddress":"$CN$55:$CO$92","headAddress":"$CN$55:$CO$55","bodyAddress":"$CN$56:$CO$92","_name":"отдача"}},"emcosID":null,"emcosMLID":null,"codMaketTEP":null,"codTEP":null,"WSName":"PS","rangeAddress":"$CL$54:$CO$92","headAddress":"$CL$54:$CO$54","bodyAddress":"$CL$55:$CO$92","_name":"Л131 Шу"},"DB":{"_level":0,"parentID":"ffd692c3-b059-4f0f-b66b-84e1777efdc7","firstParentID":"ffd692c3-b059-4f0f-b66b-84e1777efdc7","ID":"d3a4e486-abaf-4989-9c9d-4c34ba9d99e9","childs":{"прием":{"_level":1,"parentID":"d3a4e486-abaf-4989-9c9d-4c34ba9d99e9","firstParentID":"ffd692c3-b059-4f0f-b66b-84e1777efdc7","ID":"d79d02ed-b617-4e58-aa98-3d45b6c63529","childs":{"код":{"_level":2,"parentID":"d79d02ed-b617-4e58-aa98-3d45b6c63529","firstParentID":"ffd692c3-b059-4f0f-b66b-84e1777efdc7","ID":"33fb7fc0-5947-4cd6-a6b5-05a47da0f721","childs":null,"emcosID":null,"emcosMLID":null,"codMaketTEP":null,"codTEP":null,"WSName":"DB","rangeAddress":"$C$353:$C$390","headAddress":"$C$353","bodyAddress":"$C$354:$C$390","_name":"код"},"основное":{"_level":2,"parentID":"d79d02ed-b617-4e58-aa98-3d45b6c63529","firstParentID":"ffd692c3-b059-4f0f-b66b-84e1777efdc7","ID":"5de14197-11eb-43cc-b041-2307f296c5fa","childs":null,"emcosID":null,"emcosMLID":null,"codMaketTEP":null,"codTEP":null,"WSName":"DB","rangeAddress":"$D$353:$D$390","headAddress":"$D$353","bodyAddress":"$D$354:$D$390","_name":"основное"},"корректировка факт":{"_level":2,"parentID":"d79d02ed-b617-4e58-aa98-3d45b6c63529","firstParentID":"ffd692c3-b059-4f0f-b66b-84e1777efdc7","ID":"c992ca61-f25d-4296-8cf6-68dc91d792ec","childs":null,"emcosID":null,"emcosMLID":null,"codMaketTEP":null,"codTEP":null,"WSName":"DB","rangeAddress":"$E$353:$E$390","headAddress":"$E$353","bodyAddress":"$E$354:$E$390","_name":"корректировка факт"},"ручное":{"_level":2,"parentID":"d79d02ed-b617-4e58-aa98-3d45b6c63529","firstParentID":"ffd692c3-b059-4f0f-b66b-84e1777efdc7","ID":"45b52dee-c965-4772-8d7b-c89746ba70ac","childs":null,"emcosID":null,"emcosMLID":null,"codMaketTEP":null,"codTEP":null,"WSName":"DB","rangeAddress":"$F$353:$F$390","headAddress":"$F$353","bodyAddress":"$F$354:$F$390","_name":"ручное"},"счетчик":{"_level":2,"parentID":"d79d02ed-b617-4e58-aa98-3d45b6c63529","firstParentID":"ffd692c3-b059-4f0f-b66b-84e1777efdc7","ID":"16212680-bd63-4031-8b13-66646a037006","childs":null,"emcosID":null,"emcosMLID":null,"codMaketTEP":null,"codTEP":null,"WSName":"DB","rangeAddress":"$G$353:$G$390","headAddress":"$G$353","bodyAddress":"$G$354:$G$390","_name":"счетчик"},"по счетчику":{"_level":2,"parentID":"d79d02ed-b617-4e58-aa98-3d45b6c63529","firstParentID":"ffd692c3-b059-4f0f-b66b-84e1777efdc7","ID":"1da2c115-b714-4f66-b50a-d31168da2a22","childs":null,"emcosID":null,"emcosMLID":null,"codMaketTEP":null,"codTEP":null,"WSName":"DB","rangeAddress":"$H$353:$H$390","headAddress":"$H$353","bodyAddress":"$H$354:$H$390","_name":"по счетчику"}},"emcosID":null,"emcosMLID":null,"codMaketTEP":null,"codTEP":null,"WSName":"DB","rangeAddress":"$C$352:$H$390","headAddress":"$C$352:$H$352","bodyAddress":"$C$353:$H$390","_name":"прием"},"отдача":{"_level":1,"parentID":"d3a4e486-abaf-4989-9c9d-4c34ba9d99e9","firstParentID":"ffd692c3-b059-4f0f-b66b-84e1777efdc7","ID":"a5151c73-6ede-4495-b9a0-51643478d5f6","childs":{"код":{"_level":2,"parentID":"a5151c73-6ede-4495-b9a0-51643478d5f6","firstParentID":"ffd692c3-b059-4f0f-b66b-84e1777efdc7","ID":"696e2148-7362-4972-80bb-71320ad0457f","childs":null,"emcosID":null,"emcosMLID":null,"codMaketTEP":null,"codTEP":null,"WSName":"DB","rangeAddress":"$I$353:$I$390","headAddress":"$I$353","bodyAddress":"$I$354:$I$390","_name":"код"},"основное":{"_level":2,"parentID":"a5151c73-6ede-4495-b9a0-51643478d5f6","firstParentID":"ffd692c3-b059-4f0f-b66b-84e1777efdc7","ID":"d78f888f-f0c6-461d-b847-c2d4a93350b8","childs":null,"emcosID":null,"emcosMLID":null,"codMaketTEP":null,"codTEP":null,"WSName":"DB","rangeAddress":"$J$353:$J$390","headAddress":"$J$353","bodyAddress":"$J$354:$J$390","_name":"основное"},"корректировка факт":{"_level":2,"parentID":"a5151c73-6ede-4495-b9a0-51643478d5f6","firstParentID":"ffd692c3-b059-4f0f-b66b-84e1777efdc7","ID":"fb8cdb13-9f89-4352-b948-11e5d3012418","childs":null,"emcosID":null,"emcosMLID":null,"codMaketTEP":null,"codTEP":null,"WSName":"DB","rangeAddress":"$K$353:$K$390","headAddress":"$K$353","bodyAddress":"$K$354:$K$390","_name":"корректировка факт"},"ручное":{"_level":2,"parentID":"a5151c73-6ede-4495-b9a0-51643478d5f6","firstParentID":"ffd692c3-b059-4f0f-b66b-84e1777efdc7","ID":"b3d441d5-f582-4d34-ab18-59c4ed5617f1","childs":null,"emcosID":null,"emcosMLID":null,"codMaketTEP":null,"codTEP":null,"WSName":"DB","rangeAddress":"$L$353:$L$390","headAddress":"$L$353","bodyAddress":"$L$354:$L$390","_name":"ручное"},"счетчик":{"_level":2,"parentID":"a5151c73-6ede-4495-b9a0-51643478d5f6","firstParentID":"ffd692c3-b059-4f0f-b66b-84e1777efdc7","ID":"322beb0d-c2a9-4b4a-8b82-8d5541b079c4","childs":null,"emcosID":null,"emcosMLID":null,"codMaketTEP":null,"codTEP":null,"WSName":"DB","rangeAddress":"$M$353:$M$390","headAddress":"$M$353","bodyAddress":"$M$354:$M$390","_name":"счетчик"},"по счетчику":{"_level":2,"parentID":"a5151c73-6ede-4495-b9a0-51643478d5f6","firstParentID":"ffd692c3-b059-4f0f-b66b-84e1777efdc7","ID":"26c8b51d-ea28-4b41-9848-c95a12643555","childs":null,"emcosID":null,"emcosMLID":null,"codMaketTEP":null,"codTEP":null,"WSName":"DB","rangeAddress":"$N$353:$N$390","headAddress":"$N$353","bodyAddress":"$N$354:$N$390","_name":"по счетчику"}},"emcosID":null,"emcosMLID":null,"codMaketTEP":null,"codTEP":null,"WSName":"DB","rangeAddress":"$I$352:$N$390","headAddress":"$I$352:$N$352","bodyAddress":"$I$353:$N$390","_name":"отдача"}},"emcosID":null,"emcosMLID":null,"codMaketTEP":null,"codTEP":null,"WSName":"DB","rangeAddress":"$C$351:$N$390","headAddress":"$C$351:$N$351","bodyAddress":"$C$352:$N$390","_name":"Л131 Шу"}},"codPlan":null,"meterCoef":"132000","_name":"Л131 Шу"}