{"ID":"4c062fae-a6cd-4760-abba-e8babc685dcc","childs":{"PS":{"_level":0,"parentID":"4c062fae-a6cd-4760-abba-e8babc685dcc","firstParentID":"4c062fae-a6cd-4760-abba-e8babc685dcc","ID":"d30bea21-36ee-480b-b0a2-52b5298e1839","childs":{"прием":{"_level":1,"parentID":"d30bea21-36ee-480b-b0a2-52b5298e1839","firstParentID":"4c062fae-a6cd-4760-abba-e8babc685dcc","ID":"5ce5dabf-943d-4e54-b53b-496cf0ea94db","childs":{"ручное":{"_level":2,"parentID":"5ce5dabf-943d-4e54-b53b-496cf0ea94db","firstParentID":"4c062fae-a6cd-4760-abba-e8babc685dcc","ID":"c33aec82-4985-47f8-9a27-3ac23a6f9419","childs":null,"emcosID":null,"emcosMLID":null,"WSName":"PS","rangeAddress":"$AK$228:$AK$264","headAddress":"$AK$228","bodyAddress":"$AK$229:$AK$264","_name":"ручное"}},"emcosID":null,"emcosMLID":null,"WSName":"PS","rangeAddress":"$AK$227:$AK$264","headAddress":"$AK$227","bodyAddress":"$AK$228:$AK$264","_name":"прием"}},"emcosID":null,"emcosMLID":null,"WSName":"PS","rangeAddress":"$AK$226:$AK$264","headAddress":"$AK$226","bodyAddress":"$AK$227:$AK$264","_name":"Потери KEGOC Талдыкорганский энергоузел"},"DB":{"_level":0,"parentID":"4c062fae-a6cd-4760-abba-e8babc685dcc","firstParentID":"4c062fae-a6cd-4760-abba-e8babc685dcc","ID":"f8795bfd-dc88-4e1b-9aa6-5f71b36bd3d7","childs":{"прием":{"_level":1,"parentID":"f8795bfd-dc88-4e1b-9aa6-5f71b36bd3d7","firstParentID":"4c062fae-a6cd-4760-abba-e8babc685dcc","ID":"84e0e6ff-7283-4e66-910b-6e5c4ba370e2","childs":{"код":{"_level":2,"parentID":"84e0e6ff-7283-4e66-910b-6e5c4ba370e2","firstParentID":"4c062fae-a6cd-4760-abba-e8babc685dcc","ID":"f25dad81-2bd3-4f6c-b108-d490cfe88fcf","childs":null,"emcosID":null,"emcosMLID":null,"WSName":"DB","rangeAddress":"$X$224:$X$261","headAddress":"$X$224","bodyAddress":"$X$225:$X$261","_name":"код"},"основное":{"_level":2,"parentID":"84e0e6ff-7283-4e66-910b-6e5c4ba370e2","firstParentID":"4c062fae-a6cd-4760-abba-e8babc685dcc","ID":"45f3dbea-53a5-4755-ad97-07a257def552","childs":null,"emcosID":null,"emcosMLID":null,"WSName":"DB","rangeAddress":"$Y$224:$Y$261","headAddress":"$Y$224","bodyAddress":"$Y$225:$Y$261","_name":"основное"},"корректировка факт":{"_level":2,"parentID":"84e0e6ff-7283-4e66-910b-6e5c4ba370e2","firstParentID":"4c062fae-a6cd-4760-abba-e8babc685dcc","ID":"c2e9e310-e567-448d-87ee-8714f2fe7788","childs":null,"emcosID":null,"emcosMLID":null,"WSName":"DB","rangeAddress":"$Z$224:$Z$261","headAddress":"$Z$224","bodyAddress":"$Z$225:$Z$261","_name":"корректировка факт"},"ручное":{"_level":2,"parentID":"84e0e6ff-7283-4e66-910b-6e5c4ba370e2","firstParentID":"4c062fae-a6cd-4760-abba-e8babc685dcc","ID":"6919d775-b797-432b-ba25-1077eea802fc","childs":null,"emcosID":null,"emcosMLID":null,"WSName":"DB","rangeAddress":"$AA$224:$AA$261","headAddress":"$AA$224","bodyAddress":"$AA$225:$AA$261","_name":"ручное"}},"emcosID":null,"emcosMLID":null,"WSName":"DB","rangeAddress":"$X$223:$AA$261","headAddress":"$X$223:$AA$223","bodyAddress":"$X$224:$AA$261","_name":"прием"}},"emcosID":null,"emcosMLID":null,"WSName":"DB","rangeAddress":"$X$222:$AA$261","headAddress":"$X$222:$AA$222","bodyAddress":"$X$223:$AA$261","_name":"Потери KEGOC Талдыкорганский энергоузел"}},"codPlan":null,"meterCoef":null,"_name":"Потери KEGOC Талдыкорганский энергоузел"}