{"heads":{"Общие для АлмМЭС":{"_level":0,"_name":"Общие для АлмМЭС","WSName":"PS","rangeAddress":"$B$8:$AD$8","childs":{"заголовок U2":{"_level":1,"_name":"заголовок U2","WSName":"PS","rangeAddress":"$B$9:$AD$9","childs":{"Общее":{"_level":2,"_name":"Общее","WSName":"PS","rangeAddress":"$B$10:$AD$10","childs":null}}}}},"Подстанции 500 кВ":{"_level":0,"_name":"Подстанции 500 кВ","WSName":"PS","rangeAddress":"$B$51:$FN$51","childs":{"ПС 500 кВ":{"_level":1,"_name":"ПС 500 кВ","WSName":"PS","rangeAddress":"$B$52:$FN$52","childs":{"Агадырь":{"_level":2,"_name":"Агадырь","WSName":"PS","rangeAddress":"$B$53:$F$53","childs":null},"ЮКГРЭС":{"_level":2,"_name":"ЮКГРЭС","WSName":"PS","rangeAddress":"$H$53:$AS$53","childs":null},"Шу":{"_level":2,"_name":"Шу","WSName":"PS","rangeAddress":"$AU$53:$CM$53","childs":null},"Алматы":{"_level":2,"_name":"Алматы","WSName":"PS","rangeAddress":"$CO$53:$DV$53","childs":null},"Талдыкорган":{"_level":2,"_name":"Талдыкорган","WSName":"PS","rangeAddress":"$DX$53:$EI$53","childs":null},"Алма":{"_level":2,"_name":"Алма","WSName":"PS","rangeAddress":"$EK$53:$FH$53","childs":null},"Фрунзе":{"_level":2,"_name":"Фрунзе","WSName":"PS","rangeAddress":"$FJ$53:$FN$53","childs":null}}}}},"Подстанции 220 кВ":{"_level":0,"_name":"Подстанции 220 кВ","WSName":"PS","rangeAddress":"$B$94:$LH$94","childs":{"ПС 220 кВ":{"_level":1,"_name":"ПС 220 кВ","WSName":"PS","rangeAddress":"$B$95:$LH$95","childs":{"ОРУ 220 АТЭЦ3":{"_level":2,"_name":"ОРУ 220 АТЭЦ3","WSName":"PS","rangeAddress":"$B$96:$P$96","childs":null},"ОРУ 220 МГЭС":{"_level":2,"_name":"ОРУ 220 МГЭС","WSName":"PS","rangeAddress":"$R$96:$AM$96","childs":null},"ПС126 Талдыкорган":{"_level":2,"_name":"ПС126 Талдыкорган","WSName":"PS","rangeAddress":"$AO$96:$BF$96","childs":null},"ПС149 Талдыкорган ЗЩА":{"_level":2,"_name":"ПС149 Талдыкорган ЗЩА","WSName":"PS","rangeAddress":"$BH$96:$CG$96","childs":null},"ПС152 Талдыкорган":{"_level":2,"_name":"ПС152 Талдыкорган","WSName":"PS","rangeAddress":"$CI$96:$GD$96","childs":null},"КГЭС":{"_level":2,"_name":"КГЭС","WSName":"PS","rangeAddress":"$GF$96:$GM$96","childs":null},"АХБК 7А":{"_level":2,"_name":"АХБК 7А","WSName":"PS","rangeAddress":"$GO$96:$GX$96","childs":null},"Западная 140А":{"_level":2,"_name":"Западная 140А","WSName":"PS","rangeAddress":"$GZ$96:$HI$96","childs":null},"Робот 143А":{"_level":2,"_name":"Робот 143А","WSName":"PS","rangeAddress":"$HK$96:$HX$96","childs":null},"Главная":{"_level":2,"_name":"Главная","WSName":"PS","rangeAddress":"$HZ$96:$IE$96","childs":null},"Кемин":{"_level":2,"_name":"Кемин","WSName":"PS","rangeAddress":"$IG$96:$II$96","childs":null},"Бесагаш Кенсай 166А":{"_level":2,"_name":"Бесагаш Кенсай 166А","WSName":"PS","rangeAddress":"$IK$96:$IN$96","childs":null},"Шелек 68И":{"_level":2,"_name":"Шелек 68И","WSName":"PS","rangeAddress":"$IP$96:$IX$96","childs":null},"Капчагайская 62А":{"_level":2,"_name":"Капчагайская 62А","WSName":"PS","rangeAddress":"$IZ$96:$JC$96","childs":null},"Коян Кос 154А":{"_level":2,"_name":"Коян Кос 154А","WSName":"PS","rangeAddress":"$JE$96:$JH$96","childs":null},"Строительная 120А":{"_level":2,"_name":"Строительная 120А","WSName":"PS","rangeAddress":"$JJ$96:$JN$96","childs":null},"Мын Арал тяга":{"_level":2,"_name":"Мын Арал тяга","WSName":"PS","rangeAddress":"$JP$96:$JU$96","childs":null},"Чиганак тяга":{"_level":2,"_name":"Чиганак тяга","WSName":"PS","rangeAddress":"$JW$96:$KD$96","childs":null},"Узун Агач тяга":{"_level":2,"_name":"Узун Агач тяга","WSName":"PS","rangeAddress":"$KF$96:$KI$96","childs":null},"Медеу тяга":{"_level":2,"_name":"Медеу тяга","WSName":"PS","rangeAddress":"$KK$96:$KM$96","childs":null},"Сары Шаган тяга":{"_level":2,"_name":"Сары Шаган тяга","WSName":"PS","rangeAddress":"$KO$96:$KS$96","childs":null},"Кияхты тяга":{"_level":2,"_name":"Кияхты тяга","WSName":"PS","rangeAddress":"$KU$96:$KZ$96","childs":null},"Жидели тяга":{"_level":2,"_name":"Жидели тяга","WSName":"PS","rangeAddress":"$LB$96:$LE$96","childs":null},"Актогай":{"_level":2,"_name":"Актогай","WSName":"PS","rangeAddress":"$LG$96:$LH$96","childs":null}}}}},"Подстанции 110 35 10 кВ":{"_level":0,"_name":"Подстанции 110 35 10 кВ","WSName":"PS","rangeAddress":"$B$137:$AJ$137","childs":{"ПС 110 35 10 кВ":{"_level":1,"_name":"ПС 110 35 10 кВ","WSName":"PS","rangeAddress":"$B$138:$AJ$138","childs":{"Жилпоселок":{"_level":2,"_name":"Жилпоселок","WSName":"PS","rangeAddress":"$B$139:$E$139","childs":null},"Водозабор":{"_level":2,"_name":"Водозабор","WSName":"PS","rangeAddress":"$G$139:$J$139","childs":null},"ПС159Т Карабулак":{"_level":2,"_name":"ПС159Т Карабулак","WSName":"PS","rangeAddress":"$L$139:$P$139","childs":null},"РУ ТТЭЦ2":{"_level":2,"_name":"РУ ТТЭЦ2","WSName":"PS","rangeAddress":"$R$139:$Z$139","childs":null},"Шу 110 Тяга":{"_level":2,"_name":"Шу 110 Тяга","WSName":"PS","rangeAddress":"$AB$139:$AD$139","childs":null},"ОРУ КарГЭС4":{"_level":2,"_name":"ОРУ КарГЭС4","WSName":"PS","rangeAddress":"$AF$139:$AG$139","childs":null},"Пионерная":{"_level":2,"_name":"Пионерная","WSName":"PS","rangeAddress":"$AI$139:$AJ$139","childs":null}}}}},"Алматинский энергоузел":{"_level":0,"_name":"Алматинский энергоузел","WSName":"PS","rangeAddress":"$B$180:$FD$180","childs":{"Потребление Алматинского Узла":{"_level":1,"_name":"Потребление Алматинского Узла","WSName":"PS","rangeAddress":"$B$181:$BL$181","childs":{"ЭЧ19":{"_level":2,"_name":"ЭЧ19","WSName":"PS","rangeAddress":"$B$182","childs":null},"ЭЧ22":{"_level":2,"_name":"ЭЧ22","WSName":"PS","rangeAddress":"$C$182","childs":null},"ЭЧ23":{"_level":2,"_name":"ЭЧ23","WSName":"PS","rangeAddress":"$D$182","childs":null},"КТЖ Алматы":{"_level":2,"_name":"КТЖ Алматы","WSName":"PS","rangeAddress":"$Q$182:$Z$182","childs":null},"Алматыэнергосбыт":{"_level":2,"_name":"Алматыэнергосбыт","WSName":"PS","rangeAddress":"$E$182:$F$182","childs":null},"Балхашэнерго":{"_level":2,"_name":"Балхашэнерго","WSName":"PS","rangeAddress":"$G$182","childs":null},"Каз Ферро Сталь":{"_level":2,"_name":"Каз Ферро Сталь","WSName":"PS","rangeAddress":"$H$182:$I$182","childs":null},"АБ Энерго Алматы":{"_level":2,"_name":"АБ Энерго Алматы","WSName":"PS","rangeAddress":"$J$182:$L$182","childs":null},"Темиржолэнерго Алматы":{"_level":2,"_name":"Темиржолэнерго Алматы","WSName":"PS","rangeAddress":"$M$182:$N$182","childs":null},"Elektric Eergy":{"_level":2,"_name":"Elektric Eergy","WSName":"PS","rangeAddress":"$O$182:$P$182","childs":null},"Alfa Power Алматы":{"_level":2,"_name":"Alfa Power Алматы","WSName":"PS","rangeAddress":"$AA$182:$AB$182","childs":null},"СТЭМ Алматы":{"_level":2,"_name":"СТЭМ Алматы","WSName":"PS","rangeAddress":"$AC$182:$AD$182","childs":null},"Каз Энерго Холдинг Алматы":{"_level":2,"_name":"Каз Энерго Холдинг Алматы","WSName":"PS","rangeAddress":"$AE$182:$AF$182","childs":null},"Энергоснаб XXI Алматы":{"_level":2,"_name":"Энергоснаб XXI Алматы","WSName":"PS","rangeAddress":"$AG$182:$AH$182","childs":null},"Halyk Energy Алматы":{"_level":2,"_name":"Halyk Energy Алматы","WSName":"PS","rangeAddress":"$AI$182:$AJ$182","childs":null},"Энергопромтехно":{"_level":2,"_name":"Энергопромтехно","WSName":"PS","rangeAddress":"$AK$182:$AL$182","childs":null},"Almaty Kuat":{"_level":2,"_name":"Almaty Kuat","WSName":"PS","rangeAddress":"$AM$182:$AN$182","childs":null},"Жибек Жолы Оперейтинг Алматы":{"_level":2,"_name":"Жибек Жолы Оперейтинг Алматы","WSName":"PS","rangeAddress":"$AO$182:$AP$182","childs":null},"Энергокомпания Qaz Energy Алматы":{"_level":2,"_name":"Энергокомпания Qaz Energy Алматы","WSName":"PS","rangeAddress":"$AQ$182:$AR$182","childs":null},"Samga Development Алматы":{"_level":2,"_name":"Samga Development Алматы","WSName":"PS","rangeAddress":"$AS$182:$AT$182","childs":null},"Международный аэропорт Алматы":{"_level":2,"_name":"Международный аэропорт Алматы","WSName":"PS","rangeAddress":"$AU$182","childs":null},"Алматы Су":{"_level":2,"_name":"Алматы Су","WSName":"PS","rangeAddress":"$AV$182","childs":null},"Prime Energy Resources Алматы":{"_level":2,"_name":"Prime Energy Resources Алматы","WSName":"PS","rangeAddress":"$AW$182:$AX$182","childs":null},"Каз Экотранс Алматы":{"_level":2,"_name":"Каз Экотранс Алматы","WSName":"PS","rangeAddress":"$AY$182:$AZ$182","childs":null},"Росэлко трэйд Алматы":{"_level":2,"_name":"Росэлко трэйд Алматы","WSName":"PS","rangeAddress":"$BA$182:$BB$182","childs":null},"Green Oil Алматы":{"_level":2,"_name":"Green Oil Алматы","WSName":"PS","rangeAddress":"$BC$182","childs":null},"Компания Эрго Алматы":{"_level":2,"_name":"Компания Эрго Алматы","WSName":"PS","rangeAddress":"$BD$182","childs":null},"ИЗА Алматы":{"_level":2,"_name":"ИЗА Алматы","WSName":"PS","rangeAddress":"$BE$182","childs":null},"SilkWayEnergy Алматы":{"_level":2,"_name":"SilkWayEnergy Алматы","WSName":"PS","rangeAddress":"$BF$182:$BG$182","childs":null},"Жамбыл Жарык Сауда":{"_level":2,"_name":"Жамбыл Жарык Сауда","WSName":"PS","rangeAddress":"$BH$182:$BI$182","childs":null},"С.А.Petro Group Алматы":{"_level":2,"_name":"С.А.Petro Group Алматы","WSName":"PS","rangeAddress":"$BL$182","childs":null},"Восходэнерготрейд":{"_level":2,"_name":"Восходэнерготрейд","WSName":"PS","rangeAddress":"$BJ$182:$BK$182","childs":null}}},"Генерация Алматинского Узла":{"_level":1,"_name":"Генерация Алматинского Узла","WSName":"PS","rangeAddress":"$BY$181:$DW$181","childs":{"АлЭС":{"_level":2,"_name":"АлЭС","WSName":"PS","rangeAddress":"$BY$182:$CR$182","childs":null},"Мойнак ГЭС МГЭС":{"_level":2,"_name":"Мойнак ГЭС МГЭС","WSName":"PS","rangeAddress":"$CS$182:$CW$182","childs":null},"M Kat Green СЭС Шу 100":{"_level":2,"_name":"M Kat Green СЭС Шу 100","WSName":"PS","rangeAddress":"$CX$182:$DA$182","childs":null},"Mistral Energy СЭС Каскелен 50":{"_level":2,"_name":"Mistral Energy СЭС Каскелен 50","WSName":"PS","rangeAddress":"$DB$182:$DF$182","childs":null},"Eneverse Kunkuat СЭС Капшагай 100":{"_level":2,"_name":"Eneverse Kunkuat СЭС Капшагай 100","WSName":"PS","rangeAddress":"$DG$182:$DP$182","childs":null},"Энергия Семиречья":{"_level":2,"_name":"Энергия Семиречья","WSName":"PS","rangeAddress":"$DQ$182:$DR$182","childs":null},"Жеруйык Энерго":{"_level":2,"_name":"Жеруйык Энерго","WSName":"PS","rangeAddress":"$DS$182:$DT$182","childs":null},"Какпакская ГЭС":{"_level":2,"_name":"Какпакская ГЭС","WSName":"PS","rangeAddress":"$DU$182","childs":null},"ВИЭ Алматы":{"_level":2,"_name":"ВИЭ Алматы","WSName":"PS","rangeAddress":"$DV$182:$DW$182","childs":null}}},"ВИЭ Алматинского Узла":{"_level":1,"_name":"ВИЭ Алматинского Узла","WSName":"PS","rangeAddress":"$DY$181:$EY$181","childs":{"Кербулак":{"_level":2,"_name":"Кербулак","WSName":"PS","rangeAddress":"$DY$182","childs":null},"Кербулак 2":{"_level":2,"_name":"Кербулак 2","WSName":"PS","rangeAddress":"$DZ$182","childs":null},"Сарыбулак":{"_level":2,"_name":"Сарыбулак","WSName":"PS","rangeAddress":"$EA$182","childs":null},"Сарыбулак 2":{"_level":2,"_name":"Сарыбулак 2","WSName":"PS","rangeAddress":"$EB$182","childs":null},"Нурлы":{"_level":2,"_name":"Нурлы","WSName":"PS","rangeAddress":"$EC$182","childs":null},"Нурлы 2":{"_level":2,"_name":"Нурлы 2","WSName":"PS","rangeAddress":"$ED$182","childs":null},"Техно Базальт":{"_level":2,"_name":"Техно Базальт","WSName":"PS","rangeAddress":"$EE$182","childs":null},"КазЭлектроЭнергия ИГЭС 2":{"_level":2,"_name":"КазЭлектроЭнергия ИГЭС 2","WSName":"PS","rangeAddress":"$EF$182","childs":null},"Энергия Алем ИГЭС 3":{"_level":2,"_name":"Энергия Алем ИГЭС 3","WSName":"PS","rangeAddress":"$EG$182","childs":null},"КазНИИ Чокина и Эетысу Энерго Караш":{"_level":2,"_name":"КазНИИ Чокина и Эетысу Энерго Караш","WSName":"PS","rangeAddress":"$EH$182","childs":null},"Самрук Грин Энерджи":{"_level":2,"_name":"Самрук Грин Энерджи","WSName":"PS","rangeAddress":"$EI$182:$EQ$182","childs":null},"Аннар":{"_level":2,"_name":"Аннар","WSName":"PS","rangeAddress":"$ER$182","childs":null},"EC ENERGY Qazaqstan":{"_level":2,"_name":"EC ENERGY Qazaqstan","WSName":"PS","rangeAddress":"$ES$182","childs":null},"DEF GES":{"_level":2,"_name":"DEF GES","WSName":"PS","rangeAddress":"$ET$182","childs":null},"Almaty Engineering Талгарская ГЭС":{"_level":2,"_name":"Almaty Engineering Талгарская ГЭС","WSName":"PS","rangeAddress":"$EU$182:$EV$182","childs":null},"Гидро Пауэр":{"_level":2,"_name":"Гидро Пауэр","WSName":"PS","rangeAddress":"$EW$182","childs":null},"Капшагай Солар Парк":{"_level":2,"_name":"Капшагай Солар Парк","WSName":"PS","rangeAddress":"$EX$182","childs":null},"Бастау Энерго Медеу ГЭС":{"_level":2,"_name":"Бастау Энерго Медеу ГЭС","WSName":"PS","rangeAddress":"$EY$182","childs":null}}},"Общее для Алматинского энергозла":{"_level":1,"_name":"Общее для Алматинского энергозла","WSName":"PS","rangeAddress":"$FA$181:$FD$181","childs":{"KEGOC Алматинский энергоузел":{"_level":2,"_name":"KEGOC Алматинский энергоузел","WSName":"PS","rangeAddress":"$FA$182:$FC$182","childs":null},"Станции Алматинского энергоузла":{"_level":2,"_name":"Станции Алматинского энергоузла","WSName":"PS","rangeAddress":"$FD$182","childs":null}}},"Зона АЖК":{"_level":1,"_name":"Зона АЖК","WSName":"PS","rangeAddress":"$BN$181:$BW$181","childs":{"АЖК":{"_level":2,"_name":"АЖК","WSName":"PS","rangeAddress":"$BN$182:$BT$182","childs":null},"Алматы Су и Международный аэропорт Алматы":{"_level":2,"_name":"Алматы Су и Международный аэропорт Алматы","WSName":"PS","rangeAddress":"$BU$182","childs":null},"MTG Energy":{"_level":2,"_name":"MTG Energy","WSName":"PS","rangeAddress":"$BV$182:$BW$182","childs":null}}}}},"Жетысуский энергоузел":{"_level":0,"_name":"Жетысуский энергоузел","WSName":"PS","rangeAddress":"$B$223:$CD$223","childs":{"Потребление Жетысуского Узла":{"_level":1,"_name":"Потребление Жетысуского Узла","WSName":"PS","rangeAddress":"$B$224:$AO$224","childs":{"ТАТЭК":{"_level":2,"_name":"ТАТЭК","WSName":"PS","rangeAddress":"$B$225:$M$225","childs":null},"Жетысу Энерго Трейд ЖЭТ":{"_level":2,"_name":"Жетысу Энерго Трейд ЖЭТ","WSName":"PS","rangeAddress":"$N$225:$P$225","childs":null},"Теплосервис Жетысу":{"_level":2,"_name":"Теплосервис Жетысу","WSName":"PS","rangeAddress":"$Q$225:$R$225","childs":null},"Кайнар АКБ":{"_level":2,"_name":"Кайнар АКБ","WSName":"PS","rangeAddress":"$S$225","childs":null},"Жетысу Водоканал":{"_level":2,"_name":"Жетысу Водоканал","WSName":"PS","rangeAddress":"$T$225:$U$225","childs":null},"Хоргос Восточные Ворота":{"_level":2,"_name":"Хоргос Восточные Ворота","WSName":"PS","rangeAddress":"$V$225","childs":null},"Каратал Транзит":{"_level":2,"_name":"Каратал Транзит","WSName":"PS","rangeAddress":"$W$225","childs":null},"КТЖ Жетысу":{"_level":2,"_name":"КТЖ Жетысу","WSName":"PS","rangeAddress":"$X$225:$AD$225","childs":null},"Green Oil Жетысу":{"_level":2,"_name":"Green Oil Жетысу","WSName":"PS","rangeAddress":"$AE$225","childs":null},"A.F. Эй Эф":{"_level":2,"_name":"A.F. Эй Эф","WSName":"PS","rangeAddress":"$AF$225:$AG$225","childs":null},"ТАТЭК + ЖЭТ":{"_level":2,"_name":"ТАТЭК + ЖЭТ","WSName":"PS","rangeAddress":"$AH$225","childs":null},"ЧК TT Tech Limited":{"_level":2,"_name":"ЧК TT Tech Limited","WSName":"PS","rangeAddress":"$AI$225","childs":null},"Казэнергоцентр":{"_level":2,"_name":"Казэнергоцентр","WSName":"PS","rangeAddress":"$AJ$225","childs":null},"ТК Метакон Жетысу":{"_level":2,"_name":"ТК Метакон Жетысу","WSName":"PS","rangeAddress":"$AO$225","childs":null},"Алмаз Керамикс Жетысу":{"_level":2,"_name":"Алмаз Керамикс Жетысу","WSName":"PS","rangeAddress":"$AN$225","childs":null},"Т-Транзит Жетысу":{"_level":2,"_name":"Т-Транзит Жетысу","WSName":"PS","rangeAddress":"$AM$225","childs":null},"Темирбетон Жетысу":{"_level":2,"_name":"Темирбетон Жетысу","WSName":"PS","rangeAddress":"$AL$225","childs":null},"ALACEM":{"_level":2,"_name":"ALACEM","WSName":"PS","rangeAddress":"$AK$225","childs":null}}},"Генерация Жетысуского узла":{"_level":1,"_name":"Генерация Жетысуского узла","WSName":"PS","rangeAddress":"$AQ$224:$BX$224","childs":{"Текелиский ТЭЦ2 ТТЭЦ2":{"_level":2,"_name":"Текелиский ТЭЦ2 ТТЭЦ2","WSName":"PS","rangeAddress":"$AQ$225:$AU$225","childs":null},"Аксу ГЭС":{"_level":2,"_name":"Аксу ГЭС","WSName":"PS","rangeAddress":"$AV$225:$AY$225","childs":null},"Каскад Каратальских ГЭС ККГЭС":{"_level":2,"_name":"Каскад Каратальских ГЭС ККГЭС","WSName":"PS","rangeAddress":"$AZ$225:$BD$225","childs":null},"Коринская ГЭС":{"_level":2,"_name":"Коринская ГЭС","WSName":"PS","rangeAddress":"$BE$225:$BF$225","childs":null},"Baskan Power Верхне Басканская ГЭС":{"_level":2,"_name":"Baskan Power Верхне Басканская ГЭС","WSName":"PS","rangeAddress":"$BG$225","childs":null},"Чижинская ГЭС":{"_level":2,"_name":"Чижинская ГЭС","WSName":"PS","rangeAddress":"$BH$225","childs":null},"Антоновская ГЭС":{"_level":2,"_name":"Антоновская ГЭС","WSName":"PS","rangeAddress":"$BI$225:$BL$225","childs":null},"АлмытЭнергоПроджект СЭС Уштобе":{"_level":2,"_name":"АлмытЭнергоПроджект СЭС Уштобе","WSName":"PS","rangeAddress":"$BM$225","childs":null},"ГЭС Лепсы-2":{"_level":2,"_name":"ГЭС Лепсы-2","WSName":"PS","rangeAddress":"$BN$225","childs":null},"ВИЭ Жетысу":{"_level":2,"_name":"ВИЭ Жетысу","WSName":"PS","rangeAddress":"$BO$225:$BP$225","childs":null},"Успеновская ГЭС":{"_level":2,"_name":"Успеновская ГЭС","WSName":"PS","rangeAddress":"$BQ$225:$BS$225","childs":null},"Саркандская ГЭС":{"_level":2,"_name":"Саркандская ГЭС","WSName":"PS","rangeAddress":"$BT$225:$BW$225","childs":null},"Eco Watt AKA":{"_level":2,"_name":"Eco Watt AKA","WSName":"PS","rangeAddress":"$BX$225","childs":null}}},"Общее для Жетысуского энергоузла":{"_level":1,"_name":"Общее для Жетысуского энергоузла","WSName":"PS","rangeAddress":"$BZ$224:$CD$224","childs":{"KEGOC Жтысуский энергоузел":{"_level":2,"_name":"KEGOC Жтысуский энергоузел","WSName":"PS","rangeAddress":"$BZ$225:$CB$225","childs":null},"Станции Жетысуского энергоузла":{"_level":2,"_name":"Станции Жетысуского энергоузла","WSName":"PS","rangeAddress":"$CC$225:$CD$225","childs":null}}}}}}}