[{"text":"(","ID":"d14ae194-fffc-4605-9e00-1cd9e92b4312","type":1},{"text":"Л5300 ЮКГРЭС прием","ID":"99136ec0-8a18-4f18-afe3-6c2371df6110","type":0},{"text":"+","ID":null,"type":2},{"text":"(","ID":"859d53c9-22fa-4a82-b9d7-7844e2c1ffd0","type":1},{"text":"Л5300 Агадырь отдача","ID":"d91ca84c-de1e-4270-b98e-5e8608b75366","type":0},{"text":"-","ID":null,"type":2},{"text":"Л5300 ЮКГРЭС прием","ID":"99136ec0-8a18-4f18-afe3-6c2371df6110","type":0},{"text":")","ID":"859d53c9-22fa-4a82-b9d7-7844e2c1ffd0","type":1},{"text":"*","ID":null,"type":2},{"text":"0,312","ID":null,"type":3},{"text":"-","ID":null,"type":2},{"text":"Л5300 ЮКГРЭС отдача","ID":"b965d53e-68df-416d-8600-37c51ba8bf69","type":0},{"text":"+","ID":null,"type":2},{"text":"(","ID":"9f08d5b3-49d0-4430-bc1e-a1c74eb89611","type":1},{"text":"Л5300 ЮКГРЭС отдача","ID":"b965d53e-68df-416d-8600-37c51ba8bf69","type":0},{"text":"-","ID":null,"type":2},{"text":"Л5300 Агадырь прием","ID":"b0816e2f-9af6-4ece-9d8b-b562144a2bcb","type":0},{"text":")","ID":"9f08d5b3-49d0-4430-bc1e-a1c74eb89611","type":1},{"text":"*","ID":null,"type":2},{"text":"0,312","ID":null,"type":3},{"text":")","ID":"d14ae194-fffc-4605-9e00-1cd9e92b4312","type":1},{"text":"+","ID":null,"type":2},{"text":"(","ID":"bff3cdfe-3246-46ef-86a6-8e0fd394dd3a","type":1},{"text":"Л5320 ЮКГРЭС прием","ID":"ff90af43-e9dd-4525-aeff-e2c6cb8b2c7d","type":0},{"text":"+","ID":null,"type":2},{"text":"(","ID":"18340a0e-47c4-44e7-938b-9e8a0687bb32","type":1},{"text":"Л5320 Агадырь отдача","ID":"4a7f2f2c-0c79-46a6-bd8a-6c0e99cf0d90","type":0},{"text":"-","ID":null,"type":2},{"text":"Л5320 ЮКГРЭС прием","ID":"ff90af43-e9dd-4525-aeff-e2c6cb8b2c7d","type":0},{"text":")","ID":"18340a0e-47c4-44e7-938b-9e8a0687bb32","type":1},{"text":"*","ID":null,"type":2},{"text":"0,312","ID":null,"type":3},{"text":"-","ID":null,"type":2},{"text":"Л5320 ЮКГРЭС отдача","ID":"f0efc28a-806d-432a-b29c-a65bc854d33e","type":0},{"text":"+","ID":null,"type":2},{"text":"(","ID":"d2ceb121-f61a-4d3e-a7dc-b91715347c89","type":1},{"text":"Л5320 ЮКГРЭС отдача","ID":"f0efc28a-806d-432a-b29c-a65bc854d33e","type":0},{"text":"-","ID":null,"type":2},{"text":"Л5320 Агадырь прием","ID":"4ab32270-6f07-4df3-8c7e-c6ebc7ebddf5","type":0},{"text":")","ID":"d2ceb121-f61a-4d3e-a7dc-b91715347c89","type":1},{"text":"*","ID":null,"type":2},{"text":"0,312","ID":null,"type":3},{"text":")","ID":"bff3cdfe-3246-46ef-86a6-8e0fd394dd3a","type":1},{"text":"+","ID":null,"type":2},{"text":"Сальдо ЖРЭК Общее сальдо","ID":"fa3805c5-45b5-48b5-b6fd-207521016b84","type":0}]