[{"text":"1,15","ID":null,"type":3},{"text":"*","ID":null,"type":2},{"text":"(","ID":"b6e457ed-9405-4d40-a44f-6320654ab1e2","type":1},{"text":"Л21А Жилпоселок отдача","ID":"dafbdfc6-9583-47d0-8f6f-0a45510ffa19","type":0},{"text":"-","ID":null,"type":2},{"text":"Л21А Жилпоселок прием","ID":"9f5cadb5-c1df-4a2e-b61d-8af696a6cded","type":0},{"text":"+","ID":null,"type":2},{"text":"Л20А Жилпоселок отдача","ID":"339a3925-eb5c-4597-82d3-92502bf0bd36","type":0},{"text":"-","ID":null,"type":2},{"text":"Л20А Жилпоселок прием","ID":"b0987c93-e273-4167-ad11-a8a7bd33fd08","type":0},{"text":"+","ID":null,"type":2},{"text":"Л61 Водозабор отдача","ID":"5c015ad8-9617-4ffa-b0eb-8624e5b3f796","type":0},{"text":"-","ID":null,"type":2},{"text":"Л61 Водозабор прием","ID":"eab0b7b2-cc1b-4c91-ab17-dabfccf0ded0","type":0},{"text":"+","ID":null,"type":2},{"text":"Л62 Водозабор отдача","ID":"82c484f5-315e-4c7c-9cdc-af3b24288d6d","type":0},{"text":"-","ID":null,"type":2},{"text":"Л62 Водозабор прием","ID":"efed815d-8baa-4467-a62b-46f2cccab842","type":0},{"text":")","ID":"b6e457ed-9405-4d40-a44f-6320654ab1e2","type":1}]