[{"text":"ТП1 Мын Арал тяга прием","ID":"59152068-e71f-426d-8c27-1dbdb74008ec","type":0},{"text":"-","ID":null,"type":2},{"text":"ТП1 Мын Арал тяга отдача","ID":"1a3e79bd-cb4c-4e3c-aef0-649511deda0f","type":0},{"text":"+","ID":null,"type":2},{"text":"ТП2 Мын Арал тяга прием","ID":"b944ea55-c5ab-44d2-87d0-bfc14b8983d4","type":0},{"text":"-","ID":null,"type":2},{"text":"ТП2 Мын Арал тяга отдача","ID":"1907c56a-c46d-4c3c-8e24-2df295b2449d","type":0},{"text":"+","ID":null,"type":2},{"text":"ТП3 Мын Арал тяга прием","ID":"67737ef2-912e-4ed1-921a-b5bd608f804a","type":0},{"text":"-","ID":null,"type":2},{"text":"ТП3 Мын Арал тяга отдача","ID":"190e688c-aa87-4d6b-8932-4e8b7c88824a","type":0}]