{"ID":"5c0568ce-920d-43c9-abac-b01be95ba350","childs":{"PS":{"_level":0,"parentID":"5c0568ce-920d-43c9-abac-b01be95ba350","firstParentID":"5c0568ce-920d-43c9-abac-b01be95ba350","ID":"7eeedbed-8812-4a5b-87bc-a762a9f58565","childs":{"прием":{"_level":1,"parentID":"7eeedbed-8812-4a5b-87bc-a762a9f58565","firstParentID":"5c0568ce-920d-43c9-abac-b01be95ba350","ID":"fca61fe4-360b-4402-9ee4-c94009066eb4","childs":{"оперативное":{"_level":2,"parentID":"fca61fe4-360b-4402-9ee4-c94009066eb4","firstParentID":"5c0568ce-920d-43c9-abac-b01be95ba350","ID":"67653e0e-af9a-45eb-b7a0-7b98835dcaff","childs":null,"emcosID":null,"emcosMLID":null,"codMaketTEP":null,"codTEP":null,"WSName":"PS","rangeAddress":"$AO$228:$AO$264","headAddress":"$AO$228","bodyAddress":"$AO$229:$AO$264","_name":"оперативное"}},"emcosID":null,"emcosMLID":null,"codMaketTEP":null,"codTEP":null,"WSName":"PS","rangeAddress":"$AO$227:$AO$264","headAddress":"$AO$227","bodyAddress":"$AO$228:$AO$264","_name":"прием"}},"emcosID":null,"emcosMLID":null,"codMaketTEP":null,"codTEP":null,"WSName":"PS","rangeAddress":"$AO$226:$AO$264","headAddress":"$AO$226","bodyAddress":"$AO$227:$AO$264","_name":"Потребление ТК Метакон Жетысу"},"DB":{"_level":0,"parentID":"5c0568ce-920d-43c9-abac-b01be95ba350","firstParentID":"5c0568ce-920d-43c9-abac-b01be95ba350","ID":"8d77dd23-efc1-4236-ace6-8116d8938b82","childs":{"прием":{"_level":1,"parentID":"8d77dd23-efc1-4236-ace6-8116d8938b82","firstParentID":"5c0568ce-920d-43c9-abac-b01be95ba350","ID":"70456687-0d1d-4adb-bb45-39d2285bc55e","childs":{"код":{"_level":2,"parentID":"70456687-0d1d-4adb-bb45-39d2285bc55e","firstParentID":"5c0568ce-920d-43c9-abac-b01be95ba350","ID":"7a91b43e-e64b-472e-8512-e44d9e7390a4","childs":null,"emcosID":null,"emcosMLID":null,"codMaketTEP":null,"codTEP":null,"WSName":"DB","rangeAddress":"$C$396:$C$433","headAddress":"$C$396","bodyAddress":"$C$397:$C$433","_name":"код"},"основное":{"_level":2,"parentID":"70456687-0d1d-4adb-bb45-39d2285bc55e","firstParentID":"5c0568ce-920d-43c9-abac-b01be95ba350","ID":"32e500ca-a9e2-458a-bbcc-932c0019ad1f","childs":null,"emcosID":null,"emcosMLID":null,"codMaketTEP":null,"codTEP":null,"WSName":"DB","rangeAddress":"$D$396:$D$433","headAddress":"$D$396","bodyAddress":"$D$397:$D$433","_name":"основное"},"корректировка факт":{"_level":2,"parentID":"70456687-0d1d-4adb-bb45-39d2285bc55e","firstParentID":"5c0568ce-920d-43c9-abac-b01be95ba350","ID":"f8f55302-34a6-4c0f-9c7a-af2c73b9fda2","childs":null,"emcosID":null,"emcosMLID":null,"codMaketTEP":null,"codTEP":null,"WSName":"DB","rangeAddress":"$E$396:$E$433","headAddress":"$E$396","bodyAddress":"$E$397:$E$433","_name":"корректировка факт"},"ручное":{"_level":2,"parentID":"70456687-0d1d-4adb-bb45-39d2285bc55e","firstParentID":"5c0568ce-920d-43c9-abac-b01be95ba350","ID":"ecac9dff-296e-4b98-8cc1-be4c47d62776","childs":null,"emcosID":null,"emcosMLID":null,"codMaketTEP":null,"codTEP":null,"WSName":"DB","rangeAddress":"$F$396:$F$433","headAddress":"$F$396","bodyAddress":"$F$397:$F$433","_name":"ручное"},"оперативное":{"_level":2,"parentID":"70456687-0d1d-4adb-bb45-39d2285bc55e","firstParentID":"5c0568ce-920d-43c9-abac-b01be95ba350","ID":"244e583e-061f-4b03-aa91-1f0188f15512","childs":null,"emcosID":null,"emcosMLID":null,"codMaketTEP":null,"codTEP":null,"WSName":"DB","rangeAddress":"$G$396:$G$433","headAddress":"$G$396","bodyAddress":"$G$397:$G$433","_name":"оперативное"}},"emcosID":null,"emcosMLID":null,"codMaketTEP":null,"codTEP":null,"WSName":"DB","rangeAddress":"$C$395:$G$433","headAddress":"$C$395:$G$395","bodyAddress":"$C$396:$G$433","_name":"прием"}},"emcosID":null,"emcosMLID":null,"codMaketTEP":null,"codTEP":null,"WSName":"DB","rangeAddress":"$C$394:$G$433","headAddress":"$C$394:$G$394","bodyAddress":"$C$395:$G$433","_name":"Потребление ТК Метакон Жетысу"}},"codPlan":null,"meterCoef":null,"_name":"Потребление ТК Метакон Жетысу"}