{"ID":"871250f4-1e83-41b4-9873-9df641fba705","childs":{"PS":{"_level":0,"parentID":"871250f4-1e83-41b4-9873-9df641fba705","firstParentID":"871250f4-1e83-41b4-9873-9df641fba705","ID":"d7c21d8f-f336-4b75-a289-e833339449e3","childs":{"прием":{"_level":1,"parentID":"d7c21d8f-f336-4b75-a289-e833339449e3","firstParentID":"871250f4-1e83-41b4-9873-9df641fba705","ID":"efea698a-832f-4826-b600-bb95f05ad297","childs":{"ручное":{"_level":2,"parentID":"efea698a-832f-4826-b600-bb95f05ad297","firstParentID":"871250f4-1e83-41b4-9873-9df641fba705","ID":"fc13967a-3ff0-47f5-bf04-31be49a73d6d","childs":null,"emcosID":null,"emcosMLID":null,"codMaketTEP":null,"codTEP":null,"WSName":"PS","rangeAddress":"$AO$185:$AO$221","headAddress":"$AO$185","bodyAddress":"$AO$186:$AO$221","_name":"ручное"}},"emcosID":null,"emcosMLID":null,"codMaketTEP":1307,"codTEP":null,"WSName":"PS","rangeAddress":"$AO$184:$AO$221","headAddress":"$AO$184","bodyAddress":"$AO$185:$AO$221","_name":"прием"},"план":{"_level":1,"parentID":"d7c21d8f-f336-4b75-a289-e833339449e3","firstParentID":"871250f4-1e83-41b4-9873-9df641fba705","ID":"bc169c9e-eddf-494c-81f9-e010cdddf6d0","childs":{"заявка":{"_level":2,"parentID":"bc169c9e-eddf-494c-81f9-e010cdddf6d0","firstParentID":"871250f4-1e83-41b4-9873-9df641fba705","ID":"fd7a0d5e-559e-4881-938e-3062b9081836","childs":null,"emcosID":null,"emcosMLID":null,"codMaketTEP":null,"codTEP":null,"WSName":"PS","rangeAddress":"$AP$185:$AP$221","headAddress":"$AP$185","bodyAddress":"$AP$186:$AP$221","_name":"заявка"}},"emcosID":null,"emcosMLID":null,"codMaketTEP":null,"codTEP":null,"WSName":"PS","rangeAddress":"$AP$184:$AP$221","headAddress":"$AP$184","bodyAddress":"$AP$185:$AP$221","_name":"план"}},"emcosID":null,"emcosMLID":null,"codMaketTEP":null,"codTEP":null,"WSName":"PS","rangeAddress":"$AO$183:$AP$221","headAddress":"$AO$183:$AP$183","bodyAddress":"$AO$184:$AP$221","_name":"Потребление Жибек Жолы Оперейтинг Алматы"},"DB":{"_level":0,"parentID":"871250f4-1e83-41b4-9873-9df641fba705","firstParentID":"871250f4-1e83-41b4-9873-9df641fba705","ID":"854939f9-5ce0-41e9-8be6-2916bddbed3c","childs":{"прием":{"_level":1,"parentID":"854939f9-5ce0-41e9-8be6-2916bddbed3c","firstParentID":"871250f4-1e83-41b4-9873-9df641fba705","ID":"0f497b15-02e9-46cd-bbe9-bd2bf69fa2fc","childs":{"код":{"_level":2,"parentID":"0f497b15-02e9-46cd-bbe9-bd2bf69fa2fc","firstParentID":"871250f4-1e83-41b4-9873-9df641fba705","ID":"ce5e051f-a9dd-4ca4-9287-d5cc8718dddb","childs":null,"emcosID":null,"emcosMLID":null,"codMaketTEP":null,"codTEP":null,"WSName":"DB","rangeAddress":"$EA$439:$EA$476","headAddress":"$EA$439","bodyAddress":"$EA$440:$EA$476","_name":"код"},"основное":{"_level":2,"parentID":"0f497b15-02e9-46cd-bbe9-bd2bf69fa2fc","firstParentID":"871250f4-1e83-41b4-9873-9df641fba705","ID":"02e814ee-4d96-4e8f-97ca-3ba13b02fce6","childs":null,"emcosID":null,"emcosMLID":null,"codMaketTEP":null,"codTEP":null,"WSName":"DB","rangeAddress":"$EB$439:$EB$476","headAddress":"$EB$439","bodyAddress":"$EB$440:$EB$476","_name":"основное"},"корректировка факт":{"_level":2,"parentID":"0f497b15-02e9-46cd-bbe9-bd2bf69fa2fc","firstParentID":"871250f4-1e83-41b4-9873-9df641fba705","ID":"3bb856b9-0277-4ec7-ae44-3fd5c74fdc72","childs":null,"emcosID":null,"emcosMLID":null,"codMaketTEP":null,"codTEP":null,"WSName":"DB","rangeAddress":"$EC$439:$EC$476","headAddress":"$EC$439","bodyAddress":"$EC$440:$EC$476","_name":"корректировка факт"},"ручное":{"_level":2,"parentID":"0f497b15-02e9-46cd-bbe9-bd2bf69fa2fc","firstParentID":"871250f4-1e83-41b4-9873-9df641fba705","ID":"7c562a9b-b347-42c6-80dd-148b3f56ea84","childs":null,"emcosID":null,"emcosMLID":null,"codMaketTEP":null,"codTEP":null,"WSName":"DB","rangeAddress":"$ED$439:$ED$476","headAddress":"$ED$439","bodyAddress":"$ED$440:$ED$476","_name":"ручное"},"по плану":{"_level":2,"parentID":"0f497b15-02e9-46cd-bbe9-bd2bf69fa2fc","firstParentID":"871250f4-1e83-41b4-9873-9df641fba705","ID":"e5730138-398d-4e81-91b1-1e7a36263b51","childs":null,"emcosID":null,"emcosMLID":null,"codMaketTEP":null,"codTEP":null,"WSName":"DB","rangeAddress":"$EE$439:$EE$476","headAddress":"$EE$439","bodyAddress":"$EE$440:$EE$476","_name":"по плану"}},"emcosID":null,"emcosMLID":null,"codMaketTEP":null,"codTEP":null,"WSName":"DB","rangeAddress":"$EA$438:$EE$476","headAddress":"$EA$438:$EE$438","bodyAddress":"$EA$439:$EE$476","_name":"прием"},"план":{"_level":1,"parentID":"854939f9-5ce0-41e9-8be6-2916bddbed3c","firstParentID":"871250f4-1e83-41b4-9873-9df641fba705","ID":"0d4d1159-252d-463c-be2a-a895a79bc905","childs":{"код":{"_level":2,"parentID":"0d4d1159-252d-463c-be2a-a895a79bc905","firstParentID":"871250f4-1e83-41b4-9873-9df641fba705","ID":"531a9184-f074-414a-b3d1-5aa97978a099","childs":null,"emcosID":null,"emcosMLID":null,"codMaketTEP":null,"codTEP":null,"WSName":"DB","rangeAddress":"$EF$439:$EF$476","headAddress":"$EF$439","bodyAddress":"$EF$440:$EF$476","_name":"код"},"основное":{"_level":2,"parentID":"0d4d1159-252d-463c-be2a-a895a79bc905","firstParentID":"871250f4-1e83-41b4-9873-9df641fba705","ID":"7097a8ef-90ec-407d-ab6d-91f81f8c37f3","childs":null,"emcosID":null,"emcosMLID":null,"codMaketTEP":null,"codTEP":null,"WSName":"DB","rangeAddress":"$EG$439:$EG$476","headAddress":"$EG$439","bodyAddress":"$EG$440:$EG$476","_name":"основное"},"заявка":{"_level":2,"parentID":"0d4d1159-252d-463c-be2a-a895a79bc905","firstParentID":"871250f4-1e83-41b4-9873-9df641fba705","ID":"3867071a-1818-4351-b318-58300d9f8296","childs":null,"emcosID":null,"emcosMLID":null,"codMaketTEP":null,"codTEP":null,"WSName":"DB","rangeAddress":"$EH$439:$EH$476","headAddress":"$EH$439","bodyAddress":"$EH$440:$EH$476","_name":"заявка"},"утвержденный":{"_level":2,"parentID":"0d4d1159-252d-463c-be2a-a895a79bc905","firstParentID":"871250f4-1e83-41b4-9873-9df641fba705","ID":"857f71ca-69fb-449d-a0d4-deeb6631aed1","childs":null,"emcosID":null,"emcosMLID":null,"codMaketTEP":null,"codTEP":null,"WSName":"DB","rangeAddress":"$EI$439:$EI$476","headAddress":"$EI$439","bodyAddress":"$EI$440:$EI$476","_name":"утвержденный"},"корректировка":{"_level":2,"parentID":"0d4d1159-252d-463c-be2a-a895a79bc905","firstParentID":"871250f4-1e83-41b4-9873-9df641fba705","ID":"2a3c0129-1107-4997-9459-ca14f1263342","childs":null,"emcosID":null,"emcosMLID":null,"codMaketTEP":null,"codTEP":null,"WSName":"DB","rangeAddress":"$EJ$439:$EJ$476","headAddress":"$EJ$439","bodyAddress":"$EJ$440:$EJ$476","_name":"корректировка"}},"emcosID":null,"emcosMLID":null,"codMaketTEP":null,"codTEP":null,"WSName":"DB","rangeAddress":"$EF$438:$EJ$476","headAddress":"$EF$438:$EJ$438","bodyAddress":"$EF$439:$EJ$476","_name":"план"}},"emcosID":null,"emcosMLID":null,"codMaketTEP":null,"codTEP":null,"WSName":"DB","rangeAddress":"$EA$437:$EJ$476","headAddress":"$EA$437:$EJ$437","bodyAddress":"$EA$438:$EJ$476","_name":"Потребление Жибек Жолы Оперейтинг Алматы"}},"codPlan":108,"meterCoef":null,"_name":"Потребление Жибек Жолы Оперейтинг Алматы"}