{"ID":"d0db3458-053f-436e-8d02-926beb386cae","childs":{"PS":{"_level":0,"parentID":"d0db3458-053f-436e-8d02-926beb386cae","firstParentID":"d0db3458-053f-436e-8d02-926beb386cae","ID":"dae0af3e-b310-477d-a89a-18a10a003e7d","childs":{"прием":{"_level":1,"parentID":"dae0af3e-b310-477d-a89a-18a10a003e7d","firstParentID":"d0db3458-053f-436e-8d02-926beb386cae","ID":"0ddc6c68-f505-44cc-92f5-53d8ef1321eb","childs":{"формула":{"_level":2,"parentID":"0ddc6c68-f505-44cc-92f5-53d8ef1321eb","firstParentID":"d0db3458-053f-436e-8d02-926beb386cae","ID":"bc5035e7-5479-4834-a232-9b1d653c4e34","childs":null,"emcosID":null,"emcosMLID":null,"codMaketTEP":null,"codTEP":null,"WSName":"PS","rangeAddress":"$DE$185:$DE$221","headAddress":"$DE$185","bodyAddress":"$DE$186:$DE$221","_name":"формула"}},"emcosID":null,"emcosMLID":null,"codMaketTEP":null,"codTEP":null,"WSName":"PS","rangeAddress":"$DE$184:$DE$221","headAddress":"$DE$184","bodyAddress":"$DE$185:$DE$221","_name":"прием"},"план":{"_level":1,"parentID":"dae0af3e-b310-477d-a89a-18a10a003e7d","firstParentID":"d0db3458-053f-436e-8d02-926beb386cae","ID":"2b14dd56-60db-44b0-a026-4ee1fed141de","childs":{"заявка":{"_level":2,"parentID":"2b14dd56-60db-44b0-a026-4ee1fed141de","firstParentID":"d0db3458-053f-436e-8d02-926beb386cae","ID":"4da95aa4-3ddb-401b-8729-91087c1f65c4","childs":null,"emcosID":null,"emcosMLID":null,"codMaketTEP":null,"codTEP":null,"WSName":"PS","rangeAddress":"$DF$185:$DF$221","headAddress":"$DF$185","bodyAddress":"$DF$186:$DF$221","_name":"заявка"}},"emcosID":null,"emcosMLID":null,"codMaketTEP":null,"codTEP":null,"WSName":"PS","rangeAddress":"$DF$184:$DF$221","headAddress":"$DF$184","bodyAddress":"$DF$185:$DF$221","_name":"план"}},"emcosID":null,"emcosMLID":null,"codMaketTEP":null,"codTEP":null,"WSName":"PS","rangeAddress":"$DE$183:$DF$221","headAddress":"$DE$183:$DF$183","bodyAddress":"$DE$184:$DF$221","_name":"с.н. Mistral Energy СЭС Каскелен 50"},"DB":{"_level":0,"parentID":"d0db3458-053f-436e-8d02-926beb386cae","firstParentID":"d0db3458-053f-436e-8d02-926beb386cae","ID":"f2094695-2858-45bb-b038-b3063451c5af","childs":{"прием":{"_level":1,"parentID":"f2094695-2858-45bb-b038-b3063451c5af","firstParentID":"d0db3458-053f-436e-8d02-926beb386cae","ID":"b1030035-5825-4291-bd8c-c56a807fcc1c","childs":{"код":{"_level":2,"parentID":"b1030035-5825-4291-bd8c-c56a807fcc1c","firstParentID":"d0db3458-053f-436e-8d02-926beb386cae","ID":"7be407ad-0dc2-4604-8721-841b7b1c29f6","childs":null,"emcosID":null,"emcosMLID":null,"codMaketTEP":null,"codTEP":null,"WSName":"DB","rangeAddress":"$DS$396:$DS$433","headAddress":"$DS$396","bodyAddress":"$DS$397:$DS$433","_name":"код"},"основное":{"_level":2,"parentID":"b1030035-5825-4291-bd8c-c56a807fcc1c","firstParentID":"d0db3458-053f-436e-8d02-926beb386cae","ID":"2b910c5e-1948-4d9e-854f-f85015be250a","childs":null,"emcosID":null,"emcosMLID":null,"codMaketTEP":null,"codTEP":null,"WSName":"DB","rangeAddress":"$DT$396:$DT$433","headAddress":"$DT$396","bodyAddress":"$DT$397:$DT$433","_name":"основное"},"корректировка факт":{"_level":2,"parentID":"b1030035-5825-4291-bd8c-c56a807fcc1c","firstParentID":"d0db3458-053f-436e-8d02-926beb386cae","ID":"0a2b22c9-3be1-4398-afd4-11aefb84e907","childs":null,"emcosID":null,"emcosMLID":null,"codMaketTEP":null,"codTEP":null,"WSName":"DB","rangeAddress":"$DU$396:$DU$433","headAddress":"$DU$396","bodyAddress":"$DU$397:$DU$433","_name":"корректировка факт"},"ручное":{"_level":2,"parentID":"b1030035-5825-4291-bd8c-c56a807fcc1c","firstParentID":"d0db3458-053f-436e-8d02-926beb386cae","ID":"ab086057-05f6-42e9-a066-fabb19574d35","childs":null,"emcosID":null,"emcosMLID":null,"codMaketTEP":null,"codTEP":null,"WSName":"DB","rangeAddress":"$DV$396:$DV$433","headAddress":"$DV$396","bodyAddress":"$DV$397:$DV$433","_name":"ручное"},"по плану":{"_level":2,"parentID":"b1030035-5825-4291-bd8c-c56a807fcc1c","firstParentID":"d0db3458-053f-436e-8d02-926beb386cae","ID":"0705eeae-b1f7-4627-a4cb-7efce20549d4","childs":null,"emcosID":null,"emcosMLID":null,"codMaketTEP":null,"codTEP":null,"WSName":"DB","rangeAddress":"$DW$396:$DW$433","headAddress":"$DW$396","bodyAddress":"$DW$397:$DW$433","_name":"по плану"},"формула":{"_level":2,"parentID":"b1030035-5825-4291-bd8c-c56a807fcc1c","firstParentID":"d0db3458-053f-436e-8d02-926beb386cae","ID":"831d5c0b-14dc-48bf-9ff9-f57c14b22ee6","childs":null,"emcosID":null,"emcosMLID":null,"codMaketTEP":null,"codTEP":null,"WSName":"DB","rangeAddress":"$DX$396:$DX$433","headAddress":"$DX$396","bodyAddress":"$DX$397:$DX$433","_name":"формула"}},"emcosID":null,"emcosMLID":null,"codMaketTEP":null,"codTEP":null,"WSName":"DB","rangeAddress":"$DS$395:$DX$433","headAddress":"$DS$395:$DX$395","bodyAddress":"$DS$396:$DX$433","_name":"прием"},"план":{"_level":1,"parentID":"f2094695-2858-45bb-b038-b3063451c5af","firstParentID":"d0db3458-053f-436e-8d02-926beb386cae","ID":"41f99ee3-ea9b-43d2-8034-080ec372f6c6","childs":{"код":{"_level":2,"parentID":"41f99ee3-ea9b-43d2-8034-080ec372f6c6","firstParentID":"d0db3458-053f-436e-8d02-926beb386cae","ID":"04057662-fb8f-42b0-ae93-09c58afaed2a","childs":null,"emcosID":null,"emcosMLID":null,"codMaketTEP":null,"codTEP":null,"WSName":"DB","rangeAddress":"$DY$396:$DY$433","headAddress":"$DY$396","bodyAddress":"$DY$397:$DY$433","_name":"код"},"основное":{"_level":2,"parentID":"41f99ee3-ea9b-43d2-8034-080ec372f6c6","firstParentID":"d0db3458-053f-436e-8d02-926beb386cae","ID":"e7bdafb5-74e7-4bba-baed-66a43b00c338","childs":null,"emcosID":null,"emcosMLID":null,"codMaketTEP":null,"codTEP":null,"WSName":"DB","rangeAddress":"$DZ$396:$DZ$433","headAddress":"$DZ$396","bodyAddress":"$DZ$397:$DZ$433","_name":"основное"},"заявка":{"_level":2,"parentID":"41f99ee3-ea9b-43d2-8034-080ec372f6c6","firstParentID":"d0db3458-053f-436e-8d02-926beb386cae","ID":"c71035b3-429b-4616-9a7e-da2d16ddcc71","childs":null,"emcosID":null,"emcosMLID":null,"codMaketTEP":null,"codTEP":null,"WSName":"DB","rangeAddress":"$EA$396:$EA$433","headAddress":"$EA$396","bodyAddress":"$EA$397:$EA$433","_name":"заявка"},"утвержденный":{"_level":2,"parentID":"41f99ee3-ea9b-43d2-8034-080ec372f6c6","firstParentID":"d0db3458-053f-436e-8d02-926beb386cae","ID":"d779973d-ce17-4670-a92b-ecd4568636e6","childs":null,"emcosID":null,"emcosMLID":null,"codMaketTEP":null,"codTEP":null,"WSName":"DB","rangeAddress":"$EB$396:$EB$433","headAddress":"$EB$396","bodyAddress":"$EB$397:$EB$433","_name":"утвержденный"},"корректировка":{"_level":2,"parentID":"41f99ee3-ea9b-43d2-8034-080ec372f6c6","firstParentID":"d0db3458-053f-436e-8d02-926beb386cae","ID":"22f85d47-5ae1-4b87-9960-efb8706b6793","childs":null,"emcosID":null,"emcosMLID":null,"codMaketTEP":null,"codTEP":null,"WSName":"DB","rangeAddress":"$EC$396:$EC$433","headAddress":"$EC$396","bodyAddress":"$EC$397:$EC$433","_name":"корректировка"}},"emcosID":null,"emcosMLID":null,"codMaketTEP":null,"codTEP":null,"WSName":"DB","rangeAddress":"$DY$395:$EC$433","headAddress":"$DY$395:$EC$395","bodyAddress":"$DY$396:$EC$433","_name":"план"}},"emcosID":null,"emcosMLID":null,"codMaketTEP":null,"codTEP":null,"WSName":"DB","rangeAddress":"$DS$394:$EC$433","headAddress":"$DS$394:$EC$394","bodyAddress":"$DS$395:$EC$433","_name":"с.н. Mistral Energy СЭС Каскелен 50"}},"codPlan":100,"meterCoef":null,"_name":"с.н. Mistral Energy СЭС Каскелен 50"}