{"ID":"4ffe196e-2e57-47d1-95c9-869b229f3269","childs":{"PS":{"_level":0,"parentID":"4ffe196e-2e57-47d1-95c9-869b229f3269","firstParentID":"4ffe196e-2e57-47d1-95c9-869b229f3269","ID":"669bd43d-0792-43bf-a4dd-cc191b0dde4b","childs":{"прием":{"_level":1,"parentID":"669bd43d-0792-43bf-a4dd-cc191b0dde4b","firstParentID":"4ffe196e-2e57-47d1-95c9-869b229f3269","ID":"7a48cf51-ded9-4b94-bdf3-c1038b9a1ec4","childs":{"ручное":{"_level":2,"parentID":"7a48cf51-ded9-4b94-bdf3-c1038b9a1ec4","firstParentID":"4ffe196e-2e57-47d1-95c9-869b229f3269","ID":"e9b3a5a1-6703-42f0-a95c-728d8f71a2a0","childs":null,"emcosID":null,"emcosMLID":null,"WSName":"PS","rangeAddress":"$BA$99:$BA$135","headAddress":"$BA$99","bodyAddress":"$BA$100:$BA$135","_name":"ручное"}},"emcosID":null,"emcosMLID":null,"WSName":"PS","rangeAddress":"$BA$98:$BA$135","headAddress":"$BA$98","bodyAddress":"$BA$99:$BA$135","_name":"прием"}},"emcosID":null,"emcosMLID":null,"WSName":"PS","rangeAddress":"$BA$97:$BA$135","headAddress":"$BA$97","bodyAddress":"$BA$98:$BA$135","_name":"Прием из сети ПС152 Талдыкорган"},"DB":{"_level":0,"parentID":"4ffe196e-2e57-47d1-95c9-869b229f3269","firstParentID":"4ffe196e-2e57-47d1-95c9-869b229f3269","ID":"33da24bb-217c-409b-9606-4d69498430d5","childs":{"прием":{"_level":1,"parentID":"33da24bb-217c-409b-9606-4d69498430d5","firstParentID":"4ffe196e-2e57-47d1-95c9-869b229f3269","ID":"8d7ad53b-eb74-4c3f-9af4-b106b18378cd","childs":{"код":{"_level":2,"parentID":"8d7ad53b-eb74-4c3f-9af4-b106b18378cd","firstParentID":"4ffe196e-2e57-47d1-95c9-869b229f3269","ID":"ffd78f1e-7dcf-4947-a96c-e51fa90a5c85","childs":null,"emcosID":null,"emcosMLID":null,"WSName":"DB","rangeAddress":"$EZ$224:$EZ$261","headAddress":"$EZ$224","bodyAddress":"$EZ$225:$EZ$261","_name":"код"},"основное":{"_level":2,"parentID":"8d7ad53b-eb74-4c3f-9af4-b106b18378cd","firstParentID":"4ffe196e-2e57-47d1-95c9-869b229f3269","ID":"d535dd38-d216-4a49-8357-73e9a6714a21","childs":null,"emcosID":null,"emcosMLID":null,"WSName":"DB","rangeAddress":"$FA$224:$FA$261","headAddress":"$FA$224","bodyAddress":"$FA$225:$FA$261","_name":"основное"},"корректировка факт":{"_level":2,"parentID":"8d7ad53b-eb74-4c3f-9af4-b106b18378cd","firstParentID":"4ffe196e-2e57-47d1-95c9-869b229f3269","ID":"d0e1bd23-73c1-44e0-b7a9-9aa115328599","childs":null,"emcosID":null,"emcosMLID":null,"WSName":"DB","rangeAddress":"$FB$224:$FB$261","headAddress":"$FB$224","bodyAddress":"$FB$225:$FB$261","_name":"корректировка факт"},"ручное":{"_level":2,"parentID":"8d7ad53b-eb74-4c3f-9af4-b106b18378cd","firstParentID":"4ffe196e-2e57-47d1-95c9-869b229f3269","ID":"35cf8740-80ac-4bc7-92fa-dafc77f0883e","childs":null,"emcosID":null,"emcosMLID":null,"WSName":"DB","rangeAddress":"$FC$224:$FC$261","headAddress":"$FC$224","bodyAddress":"$FC$225:$FC$261","_name":"ручное"}},"emcosID":null,"emcosMLID":null,"WSName":"DB","rangeAddress":"$EZ$223:$FC$261","headAddress":"$EZ$223:$FC$223","bodyAddress":"$EZ$224:$FC$261","_name":"прием"}},"emcosID":null,"emcosMLID":null,"WSName":"DB","rangeAddress":"$EZ$222:$FC$261","headAddress":"$EZ$222:$FC$222","bodyAddress":"$EZ$223:$FC$261","_name":"Прием из сети ПС152 Талдыкорган"}},"codPlan":null,"meterCoef":null,"_name":"Прием из сети ПС152 Талдыкорган"}