{"ID":"f4e3c9f9-08c2-4ca4-8769-bf727716d6db","childs":{"PS":{"_level":0,"parentID":"f4e3c9f9-08c2-4ca4-8769-bf727716d6db","firstParentID":"f4e3c9f9-08c2-4ca4-8769-bf727716d6db","ID":"7c5ddd4c-1f36-417a-a917-c4549c36bb5f","childs":{"прием":{"_level":1,"parentID":"7c5ddd4c-1f36-417a-a917-c4549c36bb5f","firstParentID":"f4e3c9f9-08c2-4ca4-8769-bf727716d6db","ID":"e32c08eb-91fe-446a-942f-8f2460b4ff79","childs":{"ручное":{"_level":2,"parentID":"e32c08eb-91fe-446a-942f-8f2460b4ff79","firstParentID":"f4e3c9f9-08c2-4ca4-8769-bf727716d6db","ID":"99b6edf4-0ad1-41cc-a51b-b4ac57545f72","childs":null,"emcosID":null,"emcosMLID":null,"WSName":"PS","rangeAddress":"$P$142:$P$178","headAddress":"$P$142","bodyAddress":"$P$143:$P$178","_name":"ручное"}},"emcosID":null,"emcosMLID":null,"WSName":"PS","rangeAddress":"$P$141:$P$178","headAddress":"$P$141","bodyAddress":"$P$142:$P$178","_name":"прием"}},"emcosID":null,"emcosMLID":null,"WSName":"PS","rangeAddress":"$P$140:$P$178","headAddress":"$P$140","bodyAddress":"$P$141:$P$178","_name":"Потребление ПС159Т Карабулак"},"DB":{"_level":0,"parentID":"f4e3c9f9-08c2-4ca4-8769-bf727716d6db","firstParentID":"f4e3c9f9-08c2-4ca4-8769-bf727716d6db","ID":"2c18fd9a-508f-42f9-94df-7c32050762ab","childs":{"прием":{"_level":1,"parentID":"2c18fd9a-508f-42f9-94df-7c32050762ab","firstParentID":"f4e3c9f9-08c2-4ca4-8769-bf727716d6db","ID":"05e7d63a-f1e1-4051-b459-d7be5bf2ee49","childs":{"код":{"_level":2,"parentID":"05e7d63a-f1e1-4051-b459-d7be5bf2ee49","firstParentID":"f4e3c9f9-08c2-4ca4-8769-bf727716d6db","ID":"b4ec3810-5bc1-42d3-a7fb-523bc0f81050","childs":null,"emcosID":null,"emcosMLID":null,"WSName":"DB","rangeAddress":"$CV$224:$CV$261","headAddress":"$CV$224","bodyAddress":"$CV$225:$CV$261","_name":"код"},"основное":{"_level":2,"parentID":"05e7d63a-f1e1-4051-b459-d7be5bf2ee49","firstParentID":"f4e3c9f9-08c2-4ca4-8769-bf727716d6db","ID":"ba284225-54d2-41b6-9380-0b9055fef551","childs":null,"emcosID":null,"emcosMLID":null,"WSName":"DB","rangeAddress":"$CW$224:$CW$261","headAddress":"$CW$224","bodyAddress":"$CW$225:$CW$261","_name":"основное"},"корректировка факт":{"_level":2,"parentID":"05e7d63a-f1e1-4051-b459-d7be5bf2ee49","firstParentID":"f4e3c9f9-08c2-4ca4-8769-bf727716d6db","ID":"d887b928-69f5-423a-87b7-c5f014fea37c","childs":null,"emcosID":null,"emcosMLID":null,"WSName":"DB","rangeAddress":"$CX$224:$CX$261","headAddress":"$CX$224","bodyAddress":"$CX$225:$CX$261","_name":"корректировка факт"},"ручное":{"_level":2,"parentID":"05e7d63a-f1e1-4051-b459-d7be5bf2ee49","firstParentID":"f4e3c9f9-08c2-4ca4-8769-bf727716d6db","ID":"eef0e6e1-91d2-41bd-9909-574ea3b0d30a","childs":null,"emcosID":null,"emcosMLID":null,"WSName":"DB","rangeAddress":"$CY$224:$CY$261","headAddress":"$CY$224","bodyAddress":"$CY$225:$CY$261","_name":"ручное"}},"emcosID":null,"emcosMLID":null,"WSName":"DB","rangeAddress":"$CV$223:$CY$261","headAddress":"$CV$223:$CY$223","bodyAddress":"$CV$224:$CY$261","_name":"прием"}},"emcosID":null,"emcosMLID":null,"WSName":"DB","rangeAddress":"$CV$222:$CY$261","headAddress":"$CV$222:$CY$222","bodyAddress":"$CV$223:$CY$261","_name":"Потребление ПС159Т Карабулак"}},"codPlan":null,"meterCoef":null,"_name":"Потребление ПС159Т Карабулак"}