{"ID":"fa2f6db7-df28-4ac3-90be-af5986c2aa84","childs":{"PS":{"_level":0,"parentID":"fa2f6db7-df28-4ac3-90be-af5986c2aa84","firstParentID":"fa2f6db7-df28-4ac3-90be-af5986c2aa84","ID":"d43df770-d084-4ca2-8f3e-a1185de73dcf","childs":{"прием":{"_level":1,"parentID":"d43df770-d084-4ca2-8f3e-a1185de73dcf","firstParentID":"fa2f6db7-df28-4ac3-90be-af5986c2aa84","ID":"1fada299-6f6c-44fe-aa36-e8d6f79ca55c","childs":{"оперативное":{"_level":2,"parentID":"1fada299-6f6c-44fe-aa36-e8d6f79ca55c","firstParentID":"fa2f6db7-df28-4ac3-90be-af5986c2aa84","ID":"0d20cb4e-d792-430f-829a-75e536955e9d","childs":null,"emcosID":null,"emcosMLID":null,"WSName":"PS","rangeAddress":"$H$185:$H$221","headAddress":"$H$185","bodyAddress":"$H$186:$H$221","_name":"оперативное"}},"emcosID":null,"emcosMLID":null,"WSName":"PS","rangeAddress":"$H$184:$H$221","headAddress":"$H$184","bodyAddress":"$H$185:$H$221","_name":"прием"}},"emcosID":null,"emcosMLID":null,"WSName":"PS","rangeAddress":"$H$183:$H$221","headAddress":"$H$183","bodyAddress":"$H$184:$H$221","_name":"Потребление АЖК"},"DB":{"_level":0,"parentID":"fa2f6db7-df28-4ac3-90be-af5986c2aa84","firstParentID":"fa2f6db7-df28-4ac3-90be-af5986c2aa84","ID":"56f6e8ae-88dd-4659-bc05-f1f4e6db537a","childs":{"прием":{"_level":1,"parentID":"56f6e8ae-88dd-4659-bc05-f1f4e6db537a","firstParentID":"fa2f6db7-df28-4ac3-90be-af5986c2aa84","ID":"9988030f-54c9-4ab4-9127-1216ff55c562","childs":{"код":{"_level":2,"parentID":"9988030f-54c9-4ab4-9127-1216ff55c562","firstParentID":"fa2f6db7-df28-4ac3-90be-af5986c2aa84","ID":"216b6a5d-8762-4300-b662-77b6bc10ff3c","childs":null,"emcosID":null,"emcosMLID":null,"WSName":"DB","rangeAddress":"$W$138:$W$175","headAddress":"$W$138","bodyAddress":"$W$139:$W$175","_name":"код"},"основное":{"_level":2,"parentID":"9988030f-54c9-4ab4-9127-1216ff55c562","firstParentID":"fa2f6db7-df28-4ac3-90be-af5986c2aa84","ID":"96ea7d1e-7c9f-4a29-9fa5-887a84c3fa36","childs":null,"emcosID":null,"emcosMLID":null,"WSName":"DB","rangeAddress":"$X$138:$X$175","headAddress":"$X$138","bodyAddress":"$X$139:$X$175","_name":"основное"},"корректировка факт":{"_level":2,"parentID":"9988030f-54c9-4ab4-9127-1216ff55c562","firstParentID":"fa2f6db7-df28-4ac3-90be-af5986c2aa84","ID":"8932263f-f68f-4adb-a696-d0fd9632946a","childs":null,"emcosID":null,"emcosMLID":null,"WSName":"DB","rangeAddress":"$Y$138:$Y$175","headAddress":"$Y$138","bodyAddress":"$Y$139:$Y$175","_name":"корректировка факт"},"ручное":{"_level":2,"parentID":"9988030f-54c9-4ab4-9127-1216ff55c562","firstParentID":"fa2f6db7-df28-4ac3-90be-af5986c2aa84","ID":"f0454f62-bf31-4a5c-8a14-556933a545b7","childs":null,"emcosID":null,"emcosMLID":null,"WSName":"DB","rangeAddress":"$Z$138:$Z$175","headAddress":"$Z$138","bodyAddress":"$Z$139:$Z$175","_name":"ручное"},"оперативное":{"_level":2,"parentID":"9988030f-54c9-4ab4-9127-1216ff55c562","firstParentID":"fa2f6db7-df28-4ac3-90be-af5986c2aa84","ID":"afd3f3a7-2519-4708-880a-8bc599218298","childs":null,"emcosID":null,"emcosMLID":null,"WSName":"DB","rangeAddress":"$AA$138:$AA$175","headAddress":"$AA$138","bodyAddress":"$AA$139:$AA$175","_name":"оперативное"}},"emcosID":null,"emcosMLID":null,"WSName":"DB","rangeAddress":"$W$137:$AA$175","headAddress":"$W$137:$AA$137","bodyAddress":"$W$138:$AA$175","_name":"прием"}},"emcosID":null,"emcosMLID":null,"WSName":"DB","rangeAddress":"$W$136:$AA$175","headAddress":"$W$136:$AA$136","bodyAddress":"$W$137:$AA$175","_name":"Потребление АЖК"}},"codPlan":null,"meterCoef":null,"_name":"Потребление АЖК"}