{"ID":"070b7f2f-ab9f-4d42-b1e4-e730af35192c","childs":{"PS":{"_level":0,"parentID":"070b7f2f-ab9f-4d42-b1e4-e730af35192c","firstParentID":"070b7f2f-ab9f-4d42-b1e4-e730af35192c","ID":"0445ce30-5319-497d-805a-037d0ed1153d","childs":{"прием":{"_level":1,"parentID":"0445ce30-5319-497d-805a-037d0ed1153d","firstParentID":"070b7f2f-ab9f-4d42-b1e4-e730af35192c","ID":"b2886743-db60-4c95-879e-665183f51426","childs":{"формула":{"_level":2,"parentID":"b2886743-db60-4c95-879e-665183f51426","firstParentID":"070b7f2f-ab9f-4d42-b1e4-e730af35192c","ID":"74993de1-2e7c-437f-8fc7-21526cbb108a","childs":null,"emcosID":null,"emcosMLID":null,"codMaketTEP":null,"codTEP":null,"WSName":"PS","rangeAddress":"$AA$142:$AA$178","headAddress":"$AA$142","bodyAddress":"$AA$143:$AA$178","_name":"формула"}},"emcosID":null,"emcosMLID":null,"codMaketTEP":null,"codTEP":null,"WSName":"PS","rangeAddress":"$AA$141:$AA$178","headAddress":"$AA$141","bodyAddress":"$AA$142:$AA$178","_name":"прием"}},"emcosID":null,"emcosMLID":null,"codMaketTEP":null,"codTEP":null,"WSName":"PS","rangeAddress":"$AA$140:$AA$178","headAddress":"$AA$140","bodyAddress":"$AA$141:$AA$178","_name":"Потребление Шу 110 Тяга"},"DB":{"_level":0,"parentID":"070b7f2f-ab9f-4d42-b1e4-e730af35192c","firstParentID":"070b7f2f-ab9f-4d42-b1e4-e730af35192c","ID":"587f1968-9efc-47e9-835e-0441c5d2080e","childs":{"прием":{"_level":1,"parentID":"587f1968-9efc-47e9-835e-0441c5d2080e","firstParentID":"070b7f2f-ab9f-4d42-b1e4-e730af35192c","ID":"27e8b68d-46f9-4f81-8109-0f93dc37fc97","childs":{"код":{"_level":2,"parentID":"27e8b68d-46f9-4f81-8109-0f93dc37fc97","firstParentID":"070b7f2f-ab9f-4d42-b1e4-e730af35192c","ID":"a1bd5ae8-1a41-4fe6-9aae-88e5f48da79d","childs":null,"emcosID":null,"emcosMLID":null,"codMaketTEP":null,"codTEP":null,"WSName":"DB","rangeAddress":"$CV$224:$CV$261","headAddress":"$CV$224","bodyAddress":"$CV$225:$CV$261","_name":"код"},"основное":{"_level":2,"parentID":"27e8b68d-46f9-4f81-8109-0f93dc37fc97","firstParentID":"070b7f2f-ab9f-4d42-b1e4-e730af35192c","ID":"487cba5e-7871-4d18-af55-d70e0977c213","childs":null,"emcosID":null,"emcosMLID":null,"codMaketTEP":null,"codTEP":null,"WSName":"DB","rangeAddress":"$CW$224:$CW$261","headAddress":"$CW$224","bodyAddress":"$CW$225:$CW$261","_name":"основное"},"корректировка факт":{"_level":2,"parentID":"27e8b68d-46f9-4f81-8109-0f93dc37fc97","firstParentID":"070b7f2f-ab9f-4d42-b1e4-e730af35192c","ID":"ba0ca163-6ca2-4a6f-a71e-626aebb013b5","childs":null,"emcosID":null,"emcosMLID":null,"codMaketTEP":null,"codTEP":null,"WSName":"DB","rangeAddress":"$CX$224:$CX$261","headAddress":"$CX$224","bodyAddress":"$CX$225:$CX$261","_name":"корректировка факт"},"ручное":{"_level":2,"parentID":"27e8b68d-46f9-4f81-8109-0f93dc37fc97","firstParentID":"070b7f2f-ab9f-4d42-b1e4-e730af35192c","ID":"64192329-af90-4231-bda6-ead6ae451a20","childs":null,"emcosID":null,"emcosMLID":null,"codMaketTEP":null,"codTEP":null,"WSName":"DB","rangeAddress":"$CY$224:$CY$261","headAddress":"$CY$224","bodyAddress":"$CY$225:$CY$261","_name":"ручное"},"формула":{"_level":2,"parentID":"27e8b68d-46f9-4f81-8109-0f93dc37fc97","firstParentID":"070b7f2f-ab9f-4d42-b1e4-e730af35192c","ID":"2de0e0d8-33c9-4b53-b6f6-7fcc0730e278","childs":null,"emcosID":null,"emcosMLID":null,"codMaketTEP":null,"codTEP":null,"WSName":"DB","rangeAddress":"$CZ$224:$CZ$261","headAddress":"$CZ$224","bodyAddress":"$CZ$225:$CZ$261","_name":"формула"}},"emcosID":null,"emcosMLID":null,"codMaketTEP":null,"codTEP":null,"WSName":"DB","rangeAddress":"$CV$223:$CZ$261","headAddress":"$CV$223:$CZ$223","bodyAddress":"$CV$224:$CZ$261","_name":"прием"}},"emcosID":null,"emcosMLID":null,"codMaketTEP":null,"codTEP":null,"WSName":"DB","rangeAddress":"$CV$222:$CZ$261","headAddress":"$CV$222:$CZ$222","bodyAddress":"$CV$223:$CZ$261","_name":"Потребление Шу 110 Тяга"}},"codPlan":null,"meterCoef":null,"_name":"Потребление Шу 110 Тяга"}