{"ID":"9d0e8fdc-bed9-48b6-8916-440c7fca51ba","childs":{"PS":{"_level":0,"parentID":"9d0e8fdc-bed9-48b6-8916-440c7fca51ba","firstParentID":"9d0e8fdc-bed9-48b6-8916-440c7fca51ba","ID":"6aca38ef-4b7e-4397-9c0d-640a594106d1","childs":{"прием":{"_level":1,"parentID":"6aca38ef-4b7e-4397-9c0d-640a594106d1","firstParentID":"9d0e8fdc-bed9-48b6-8916-440c7fca51ba","ID":"d906983a-3737-4914-a062-659c91827e73","childs":{"ручное":{"_level":2,"parentID":"d906983a-3737-4914-a062-659c91827e73","firstParentID":"9d0e8fdc-bed9-48b6-8916-440c7fca51ba","ID":"55013627-ed51-4253-a0ba-67c0e969d14c","childs":null,"emcosID":null,"emcosMLID":null,"codMaketTEP":null,"codTEP":null,"WSName":"PS","rangeAddress":"$JL$99:$JL$135","headAddress":"$JL$99","bodyAddress":"$JL$100:$JL$135","_name":"ручное"}},"emcosID":null,"emcosMLID":null,"codMaketTEP":null,"codTEP":null,"WSName":"PS","rangeAddress":"$JL$98:$JL$135","headAddress":"$JL$98","bodyAddress":"$JL$99:$JL$135","_name":"прием"},"отдача":{"_level":1,"parentID":"6aca38ef-4b7e-4397-9c0d-640a594106d1","firstParentID":"9d0e8fdc-bed9-48b6-8916-440c7fca51ba","ID":"223d761f-ba75-405f-b055-46237788f1c2","childs":{"ручное":{"_level":2,"parentID":"223d761f-ba75-405f-b055-46237788f1c2","firstParentID":"9d0e8fdc-bed9-48b6-8916-440c7fca51ba","ID":"fd07ef37-5487-44bb-88d7-4094b090dead","childs":null,"emcosID":null,"emcosMLID":null,"codMaketTEP":null,"codTEP":null,"WSName":"PS","rangeAddress":"$JM$99:$JM$135","headAddress":"$JM$99","bodyAddress":"$JM$100:$JM$135","_name":"ручное"}},"emcosID":null,"emcosMLID":null,"codMaketTEP":null,"codTEP":null,"WSName":"PS","rangeAddress":"$JM$98:$JM$135","headAddress":"$JM$98","bodyAddress":"$JM$99:$JM$135","_name":"отдача"}},"emcosID":null,"emcosMLID":null,"codMaketTEP":null,"codTEP":null,"WSName":"PS","rangeAddress":"$JL$97:$JM$135","headAddress":"$JL$97:$JM$97","bodyAddress":"$JL$98:$JM$135","_name":"Л2293 Строительная 120А"},"DB":{"_level":0,"parentID":"9d0e8fdc-bed9-48b6-8916-440c7fca51ba","firstParentID":"9d0e8fdc-bed9-48b6-8916-440c7fca51ba","ID":"bf9a8136-987e-44c0-99ce-68de6abef1ea","childs":{"прием":{"_level":1,"parentID":"bf9a8136-987e-44c0-99ce-68de6abef1ea","firstParentID":"9d0e8fdc-bed9-48b6-8916-440c7fca51ba","ID":"10d83a8b-8a7a-4787-b55b-22cd624c939f","childs":{"код":{"_level":2,"parentID":"10d83a8b-8a7a-4787-b55b-22cd624c939f","firstParentID":"9d0e8fdc-bed9-48b6-8916-440c7fca51ba","ID":"a9e1400e-9173-411e-83d1-4c91d3467826","childs":null,"emcosID":null,"emcosMLID":null,"codMaketTEP":null,"codTEP":null,"WSName":"DB","rangeAddress":"$AP$181:$AP$218","headAddress":"$AP$181","bodyAddress":"$AP$182:$AP$218","_name":"код"},"основное":{"_level":2,"parentID":"10d83a8b-8a7a-4787-b55b-22cd624c939f","firstParentID":"9d0e8fdc-bed9-48b6-8916-440c7fca51ba","ID":"0bde7992-3cda-48ea-9f51-5e1d46fc1c0b","childs":null,"emcosID":null,"emcosMLID":null,"codMaketTEP":null,"codTEP":null,"WSName":"DB","rangeAddress":"$AQ$181:$AQ$218","headAddress":"$AQ$181","bodyAddress":"$AQ$182:$AQ$218","_name":"основное"},"корректировка факт":{"_level":2,"parentID":"10d83a8b-8a7a-4787-b55b-22cd624c939f","firstParentID":"9d0e8fdc-bed9-48b6-8916-440c7fca51ba","ID":"e84a186c-feb3-47aa-83f3-8496f9cb9cb5","childs":null,"emcosID":null,"emcosMLID":null,"codMaketTEP":null,"codTEP":null,"WSName":"DB","rangeAddress":"$AR$181:$AR$218","headAddress":"$AR$181","bodyAddress":"$AR$182:$AR$218","_name":"корректировка факт"},"ручное":{"_level":2,"parentID":"10d83a8b-8a7a-4787-b55b-22cd624c939f","firstParentID":"9d0e8fdc-bed9-48b6-8916-440c7fca51ba","ID":"2c6b6998-340d-4ce6-89d4-54a001d67bf0","childs":null,"emcosID":null,"emcosMLID":null,"codMaketTEP":null,"codTEP":null,"WSName":"DB","rangeAddress":"$AS$181:$AS$218","headAddress":"$AS$181","bodyAddress":"$AS$182:$AS$218","_name":"ручное"}},"emcosID":null,"emcosMLID":null,"codMaketTEP":null,"codTEP":null,"WSName":"DB","rangeAddress":"$AP$180:$AS$218","headAddress":"$AP$180:$AS$180","bodyAddress":"$AP$181:$AS$218","_name":"прием"},"отдача":{"_level":1,"parentID":"bf9a8136-987e-44c0-99ce-68de6abef1ea","firstParentID":"9d0e8fdc-bed9-48b6-8916-440c7fca51ba","ID":"10ba1d17-46f7-4bb1-b25a-1dc9baa3841b","childs":{"код":{"_level":2,"parentID":"10ba1d17-46f7-4bb1-b25a-1dc9baa3841b","firstParentID":"9d0e8fdc-bed9-48b6-8916-440c7fca51ba","ID":"f7509723-81d6-44b2-be9c-02f2cc1bd949","childs":null,"emcosID":null,"emcosMLID":null,"codMaketTEP":null,"codTEP":null,"WSName":"DB","rangeAddress":"$AT$181:$AT$218","headAddress":"$AT$181","bodyAddress":"$AT$182:$AT$218","_name":"код"},"основное":{"_level":2,"parentID":"10ba1d17-46f7-4bb1-b25a-1dc9baa3841b","firstParentID":"9d0e8fdc-bed9-48b6-8916-440c7fca51ba","ID":"bf7ca836-52e7-4964-bd7b-7d7d42b0d3a5","childs":null,"emcosID":null,"emcosMLID":null,"codMaketTEP":null,"codTEP":null,"WSName":"DB","rangeAddress":"$AU$181:$AU$218","headAddress":"$AU$181","bodyAddress":"$AU$182:$AU$218","_name":"основное"},"корректировка факт":{"_level":2,"parentID":"10ba1d17-46f7-4bb1-b25a-1dc9baa3841b","firstParentID":"9d0e8fdc-bed9-48b6-8916-440c7fca51ba","ID":"669d01c5-6226-4dcf-ba7f-c852248718ae","childs":null,"emcosID":null,"emcosMLID":null,"codMaketTEP":null,"codTEP":null,"WSName":"DB","rangeAddress":"$AV$181:$AV$218","headAddress":"$AV$181","bodyAddress":"$AV$182:$AV$218","_name":"корректировка факт"},"ручное":{"_level":2,"parentID":"10ba1d17-46f7-4bb1-b25a-1dc9baa3841b","firstParentID":"9d0e8fdc-bed9-48b6-8916-440c7fca51ba","ID":"a216ec97-c06b-4570-8674-9344f0828d7c","childs":null,"emcosID":null,"emcosMLID":null,"codMaketTEP":null,"codTEP":null,"WSName":"DB","rangeAddress":"$AW$181:$AW$218","headAddress":"$AW$181","bodyAddress":"$AW$182:$AW$218","_name":"ручное"}},"emcosID":null,"emcosMLID":null,"codMaketTEP":null,"codTEP":null,"WSName":"DB","rangeAddress":"$AT$180:$AW$218","headAddress":"$AT$180:$AW$180","bodyAddress":"$AT$181:$AW$218","_name":"отдача"}},"emcosID":null,"emcosMLID":null,"codMaketTEP":null,"codTEP":null,"WSName":"DB","rangeAddress":"$AP$179:$AW$218","headAddress":"$AP$179:$AW$179","bodyAddress":"$AP$180:$AW$218","_name":"Л2293 Строительная 120А"}},"codPlan":null,"meterCoef":null,"_name":"Л2293 Строительная 120А"}