{"ID":"e78552ec-e201-48ae-a96b-d766c71f7493","childs":{"PS":{"_level":0,"parentID":"e78552ec-e201-48ae-a96b-d766c71f7493","firstParentID":"e78552ec-e201-48ae-a96b-d766c71f7493","ID":"1ec1c851-a650-4fd7-98db-b6b03a5f8a74","childs":{"прием":{"_level":1,"parentID":"1ec1c851-a650-4fd7-98db-b6b03a5f8a74","firstParentID":"e78552ec-e201-48ae-a96b-d766c71f7493","ID":"055a536e-9271-4ec5-bcde-d074221c5575","childs":{"оперативное":{"_level":2,"parentID":"055a536e-9271-4ec5-bcde-d074221c5575","firstParentID":"e78552ec-e201-48ae-a96b-d766c71f7493","ID":"33c0b390-3d75-4a13-ba5b-c09a47512e20","childs":null,"emcosID":null,"emcosMLID":null,"codMaketTEP":null,"codTEP":null,"WSName":"PS","rangeAddress":"$JE$99:$JE$135","headAddress":"$JE$99","bodyAddress":"$JE$100:$JE$135","_name":"оперативное"}},"emcosID":null,"emcosMLID":null,"codMaketTEP":null,"codTEP":null,"WSName":"PS","rangeAddress":"$JE$98:$JE$135","headAddress":"$JE$98","bodyAddress":"$JE$99:$JE$135","_name":"прием"},"отдача":{"_level":1,"parentID":"1ec1c851-a650-4fd7-98db-b6b03a5f8a74","firstParentID":"e78552ec-e201-48ae-a96b-d766c71f7493","ID":"2c2fd7aa-7805-442b-9e44-b49212dad9bc","childs":{"оперативное":{"_level":2,"parentID":"2c2fd7aa-7805-442b-9e44-b49212dad9bc","firstParentID":"e78552ec-e201-48ae-a96b-d766c71f7493","ID":"cecd0239-f9db-43b8-8ba2-5a90a44b48ee","childs":null,"emcosID":null,"emcosMLID":null,"codMaketTEP":null,"codTEP":null,"WSName":"PS","rangeAddress":"$JF$99:$JF$135","headAddress":"$JF$99","bodyAddress":"$JF$100:$JF$135","_name":"оперативное"}},"emcosID":null,"emcosMLID":null,"codMaketTEP":null,"codTEP":null,"WSName":"PS","rangeAddress":"$JF$98:$JF$135","headAddress":"$JF$98","bodyAddress":"$JF$99:$JF$135","_name":"отдача"}},"emcosID":null,"emcosMLID":null,"codMaketTEP":null,"codTEP":null,"WSName":"PS","rangeAddress":"$JE$97:$JF$135","headAddress":"$JE$97:$JF$97","bodyAddress":"$JE$98:$JF$135","_name":"АТ1 Коян Кос 154А"},"DB":{"_level":0,"parentID":"e78552ec-e201-48ae-a96b-d766c71f7493","firstParentID":"e78552ec-e201-48ae-a96b-d766c71f7493","ID":"3b10ca4f-d6e7-4a64-804b-da1c26ea2568","childs":{"прием":{"_level":1,"parentID":"3b10ca4f-d6e7-4a64-804b-da1c26ea2568","firstParentID":"e78552ec-e201-48ae-a96b-d766c71f7493","ID":"046e3b2d-71fe-4f2a-9038-e63c0104eb61","childs":{"код":{"_level":2,"parentID":"046e3b2d-71fe-4f2a-9038-e63c0104eb61","firstParentID":"e78552ec-e201-48ae-a96b-d766c71f7493","ID":"0123bbd1-2220-4e32-a95f-37dd7962db54","childs":null,"emcosID":null,"emcosMLID":null,"codMaketTEP":null,"codTEP":null,"WSName":"DB","rangeAddress":"$AQ$310:$AQ$347","headAddress":"$AQ$310","bodyAddress":"$AQ$311:$AQ$347","_name":"код"},"основное":{"_level":2,"parentID":"046e3b2d-71fe-4f2a-9038-e63c0104eb61","firstParentID":"e78552ec-e201-48ae-a96b-d766c71f7493","ID":"d1be9c24-95b0-4ea6-b075-6eed2f1d9070","childs":null,"emcosID":null,"emcosMLID":null,"codMaketTEP":null,"codTEP":null,"WSName":"DB","rangeAddress":"$AR$310:$AR$347","headAddress":"$AR$310","bodyAddress":"$AR$311:$AR$347","_name":"основное"},"корректировка факт":{"_level":2,"parentID":"046e3b2d-71fe-4f2a-9038-e63c0104eb61","firstParentID":"e78552ec-e201-48ae-a96b-d766c71f7493","ID":"972cb466-681f-4f44-be7e-3be041c9102c","childs":null,"emcosID":null,"emcosMLID":null,"codMaketTEP":null,"codTEP":null,"WSName":"DB","rangeAddress":"$AS$310:$AS$347","headAddress":"$AS$310","bodyAddress":"$AS$311:$AS$347","_name":"корректировка факт"},"ручное":{"_level":2,"parentID":"046e3b2d-71fe-4f2a-9038-e63c0104eb61","firstParentID":"e78552ec-e201-48ae-a96b-d766c71f7493","ID":"baf8c64f-0b02-4ebd-8ad9-a5bc50c6a2c9","childs":null,"emcosID":null,"emcosMLID":null,"codMaketTEP":null,"codTEP":null,"WSName":"DB","rangeAddress":"$AT$310:$AT$347","headAddress":"$AT$310","bodyAddress":"$AT$311:$AT$347","_name":"ручное"},"оперативное":{"_level":2,"parentID":"046e3b2d-71fe-4f2a-9038-e63c0104eb61","firstParentID":"e78552ec-e201-48ae-a96b-d766c71f7493","ID":"8c7ef127-a6c3-4ddd-9966-9f17e144e484","childs":null,"emcosID":null,"emcosMLID":null,"codMaketTEP":null,"codTEP":null,"WSName":"DB","rangeAddress":"$AU$310:$AU$347","headAddress":"$AU$310","bodyAddress":"$AU$311:$AU$347","_name":"оперативное"}},"emcosID":null,"emcosMLID":null,"codMaketTEP":null,"codTEP":null,"WSName":"DB","rangeAddress":"$AQ$309:$AU$347","headAddress":"$AQ$309:$AU$309","bodyAddress":"$AQ$310:$AU$347","_name":"прием"},"отдача":{"_level":1,"parentID":"3b10ca4f-d6e7-4a64-804b-da1c26ea2568","firstParentID":"e78552ec-e201-48ae-a96b-d766c71f7493","ID":"410153ab-e810-48ff-9425-9e99468b34d5","childs":{"код":{"_level":2,"parentID":"410153ab-e810-48ff-9425-9e99468b34d5","firstParentID":"e78552ec-e201-48ae-a96b-d766c71f7493","ID":"e7312194-18bb-4289-8895-f8b7f0ad2eca","childs":null,"emcosID":null,"emcosMLID":null,"codMaketTEP":null,"codTEP":null,"WSName":"DB","rangeAddress":"$AV$310:$AV$347","headAddress":"$AV$310","bodyAddress":"$AV$311:$AV$347","_name":"код"},"основное":{"_level":2,"parentID":"410153ab-e810-48ff-9425-9e99468b34d5","firstParentID":"e78552ec-e201-48ae-a96b-d766c71f7493","ID":"5af22ded-6756-40f7-8b9e-4de686fe773d","childs":null,"emcosID":null,"emcosMLID":null,"codMaketTEP":null,"codTEP":null,"WSName":"DB","rangeAddress":"$AW$310:$AW$347","headAddress":"$AW$310","bodyAddress":"$AW$311:$AW$347","_name":"основное"},"корректировка факт":{"_level":2,"parentID":"410153ab-e810-48ff-9425-9e99468b34d5","firstParentID":"e78552ec-e201-48ae-a96b-d766c71f7493","ID":"1c79a332-92c8-42f5-8bd0-44ab99e4b5b3","childs":null,"emcosID":null,"emcosMLID":null,"codMaketTEP":null,"codTEP":null,"WSName":"DB","rangeAddress":"$AX$310:$AX$347","headAddress":"$AX$310","bodyAddress":"$AX$311:$AX$347","_name":"корректировка факт"},"ручное":{"_level":2,"parentID":"410153ab-e810-48ff-9425-9e99468b34d5","firstParentID":"e78552ec-e201-48ae-a96b-d766c71f7493","ID":"31c1569e-4962-4581-9c45-7bb0bd7f3075","childs":null,"emcosID":null,"emcosMLID":null,"codMaketTEP":null,"codTEP":null,"WSName":"DB","rangeAddress":"$AY$310:$AY$347","headAddress":"$AY$310","bodyAddress":"$AY$311:$AY$347","_name":"ручное"},"оперативное":{"_level":2,"parentID":"410153ab-e810-48ff-9425-9e99468b34d5","firstParentID":"e78552ec-e201-48ae-a96b-d766c71f7493","ID":"b72928ab-856b-4015-9b6a-171af8cda61d","childs":null,"emcosID":null,"emcosMLID":null,"codMaketTEP":null,"codTEP":null,"WSName":"DB","rangeAddress":"$AZ$310:$AZ$347","headAddress":"$AZ$310","bodyAddress":"$AZ$311:$AZ$347","_name":"оперативное"}},"emcosID":null,"emcosMLID":null,"codMaketTEP":null,"codTEP":null,"WSName":"DB","rangeAddress":"$AV$309:$AZ$347","headAddress":"$AV$309:$AZ$309","bodyAddress":"$AV$310:$AZ$347","_name":"отдача"}},"emcosID":null,"emcosMLID":null,"codMaketTEP":null,"codTEP":null,"WSName":"DB","rangeAddress":"$AQ$308:$AZ$347","headAddress":"$AQ$308:$AZ$308","bodyAddress":"$AQ$309:$AZ$347","_name":"АТ1 Коян Кос 154А"}},"codPlan":null,"meterCoef":null,"_name":"АТ1 Коян Кос 154А"}