{"ID":"03494712-7e47-4564-b1f3-a8da4952c994","childs":{"PS":{"_level":0,"parentID":"03494712-7e47-4564-b1f3-a8da4952c994","firstParentID":"03494712-7e47-4564-b1f3-a8da4952c994","ID":"524e8283-3c38-41cc-a79c-2479a6af7c5f","childs":{"прием":{"_level":1,"parentID":"524e8283-3c38-41cc-a79c-2479a6af7c5f","firstParentID":"03494712-7e47-4564-b1f3-a8da4952c994","ID":"615afe9e-517a-47c2-8153-11008dcdfea4","childs":{"по счетчику":{"_level":2,"parentID":"615afe9e-517a-47c2-8153-11008dcdfea4","firstParentID":"03494712-7e47-4564-b1f3-a8da4952c994","ID":"86de932a-b596-4ea7-899f-a6196fbb77d2","childs":null,"emcosID":null,"emcosMLID":null,"codMaketTEP":null,"codTEP":null,"WSName":"PS","rangeAddress":"$EH$99:$EH$135","headAddress":"$EH$99","bodyAddress":"$EH$100:$EH$135","_name":"по счетчику"},"СЧЕТЧИК":{"_level":2,"parentID":"615afe9e-517a-47c2-8153-11008dcdfea4","firstParentID":"03494712-7e47-4564-b1f3-a8da4952c994","ID":"21ec650a-5763-4c98-a77d-53f835e70be0","childs":null,"emcosID":null,"emcosMLID":null,"codMaketTEP":null,"codTEP":null,"WSName":"PS","rangeAddress":"$EI$99:$EI$135","headAddress":"$EI$99","bodyAddress":"$EI$100:$EI$135","_name":"СЧЕТЧИК"}},"emcosID":null,"emcosMLID":null,"codMaketTEP":null,"codTEP":null,"WSName":"PS","rangeAddress":"$EH$98:$EI$135","headAddress":"$EH$98:$EI$98","bodyAddress":"$EH$99:$EI$135","_name":"прием"},"отдача":{"_level":1,"parentID":"524e8283-3c38-41cc-a79c-2479a6af7c5f","firstParentID":"03494712-7e47-4564-b1f3-a8da4952c994","ID":"4d6d57c1-cfd6-4317-a2eb-435ec9744dbf","childs":{"по счетчику":{"_level":2,"parentID":"4d6d57c1-cfd6-4317-a2eb-435ec9744dbf","firstParentID":"03494712-7e47-4564-b1f3-a8da4952c994","ID":"1ab82207-5a7d-4d72-ab15-ae87d2fa5ac4","childs":null,"emcosID":null,"emcosMLID":null,"codMaketTEP":null,"codTEP":null,"WSName":"PS","rangeAddress":"$EJ$99:$EJ$135","headAddress":"$EJ$99","bodyAddress":"$EJ$100:$EJ$135","_name":"по счетчику"},"СЧЕТЧИК":{"_level":2,"parentID":"4d6d57c1-cfd6-4317-a2eb-435ec9744dbf","firstParentID":"03494712-7e47-4564-b1f3-a8da4952c994","ID":"4ffbf8de-0c2d-4de0-aacb-91580c83a102","childs":null,"emcosID":null,"emcosMLID":null,"codMaketTEP":null,"codTEP":null,"WSName":"PS","rangeAddress":"$EK$99:$EK$135","headAddress":"$EK$99","bodyAddress":"$EK$100:$EK$135","_name":"СЧЕТЧИК"}},"emcosID":null,"emcosMLID":null,"codMaketTEP":null,"codTEP":null,"WSName":"PS","rangeAddress":"$EJ$98:$EK$135","headAddress":"$EJ$98:$EK$98","bodyAddress":"$EJ$99:$EK$135","_name":"отдача"}},"emcosID":null,"emcosMLID":null,"codMaketTEP":null,"codTEP":null,"WSName":"PS","rangeAddress":"$EH$97:$EK$135","headAddress":"$EH$97:$EK$97","bodyAddress":"$EH$98:$EK$135","_name":"КЛ93 ПС152 Талдыкорган"},"DB":{"_level":0,"parentID":"03494712-7e47-4564-b1f3-a8da4952c994","firstParentID":"03494712-7e47-4564-b1f3-a8da4952c994","ID":"a2d08fd1-e5b6-440a-86be-d7fcdbb2fe17","childs":{"прием":{"_level":1,"parentID":"a2d08fd1-e5b6-440a-86be-d7fcdbb2fe17","firstParentID":"03494712-7e47-4564-b1f3-a8da4952c994","ID":"e206a275-f1d7-490e-8a6a-d027bd05ab7f","childs":{"код":{"_level":2,"parentID":"e206a275-f1d7-490e-8a6a-d027bd05ab7f","firstParentID":"03494712-7e47-4564-b1f3-a8da4952c994","ID":"7c1f4078-c5ba-4b6f-ba0a-74b62cc7bccc","childs":null,"emcosID":null,"emcosMLID":null,"codMaketTEP":null,"codTEP":null,"WSName":"DB","rangeAddress":"$IW$310:$IW$347","headAddress":"$IW$310","bodyAddress":"$IW$311:$IW$347","_name":"код"},"основное":{"_level":2,"parentID":"e206a275-f1d7-490e-8a6a-d027bd05ab7f","firstParentID":"03494712-7e47-4564-b1f3-a8da4952c994","ID":"6ed42daa-d78c-4339-b6e1-304ba189678a","childs":null,"emcosID":null,"emcosMLID":null,"codMaketTEP":null,"codTEP":null,"WSName":"DB","rangeAddress":"$IX$310:$IX$347","headAddress":"$IX$310","bodyAddress":"$IX$311:$IX$347","_name":"основное"},"корректировка факт":{"_level":2,"parentID":"e206a275-f1d7-490e-8a6a-d027bd05ab7f","firstParentID":"03494712-7e47-4564-b1f3-a8da4952c994","ID":"76538404-2c03-4a7f-84ea-53b41e5bff9b","childs":null,"emcosID":null,"emcosMLID":null,"codMaketTEP":null,"codTEP":null,"WSName":"DB","rangeAddress":"$IY$310:$IY$347","headAddress":"$IY$310","bodyAddress":"$IY$311:$IY$347","_name":"корректировка факт"},"ручное":{"_level":2,"parentID":"e206a275-f1d7-490e-8a6a-d027bd05ab7f","firstParentID":"03494712-7e47-4564-b1f3-a8da4952c994","ID":"92431f6b-b517-44c7-aabf-578460c22252","childs":null,"emcosID":null,"emcosMLID":null,"codMaketTEP":null,"codTEP":null,"WSName":"DB","rangeAddress":"$IZ$310:$IZ$347","headAddress":"$IZ$310","bodyAddress":"$IZ$311:$IZ$347","_name":"ручное"},"оперативное":{"_level":2,"parentID":"e206a275-f1d7-490e-8a6a-d027bd05ab7f","firstParentID":"03494712-7e47-4564-b1f3-a8da4952c994","ID":"eb249743-0ed9-42dc-8061-ddfd9f8605ea","childs":null,"emcosID":null,"emcosMLID":null,"codMaketTEP":null,"codTEP":null,"WSName":"DB","rangeAddress":"$JA$310:$JA$347","headAddress":"$JA$310","bodyAddress":"$JA$311:$JA$347","_name":"оперативное"},"счетчик":{"_level":2,"parentID":"e206a275-f1d7-490e-8a6a-d027bd05ab7f","firstParentID":"03494712-7e47-4564-b1f3-a8da4952c994","ID":"a419594c-2ca9-4349-8ca5-820eaabd50ef","childs":null,"emcosID":null,"emcosMLID":null,"codMaketTEP":null,"codTEP":null,"WSName":"DB","rangeAddress":"$JB$310:$JB$347","headAddress":"$JB$310","bodyAddress":"$JB$311:$JB$347","_name":"счетчик"},"по счетчику":{"_level":2,"parentID":"e206a275-f1d7-490e-8a6a-d027bd05ab7f","firstParentID":"03494712-7e47-4564-b1f3-a8da4952c994","ID":"89e93fca-0694-429d-9606-ed6481534ae7","childs":null,"emcosID":null,"emcosMLID":null,"codMaketTEP":null,"codTEP":null,"WSName":"DB","rangeAddress":"$JC$310:$JC$347","headAddress":"$JC$310","bodyAddress":"$JC$311:$JC$347","_name":"по счетчику"}},"emcosID":null,"emcosMLID":null,"codMaketTEP":null,"codTEP":null,"WSName":"DB","rangeAddress":"$IW$309:$JC$347","headAddress":"$IW$309:$JC$309","bodyAddress":"$IW$310:$JC$347","_name":"прием"},"отдача":{"_level":1,"parentID":"a2d08fd1-e5b6-440a-86be-d7fcdbb2fe17","firstParentID":"03494712-7e47-4564-b1f3-a8da4952c994","ID":"32f85439-b000-433d-8dec-2cc632d9e583","childs":{"код":{"_level":2,"parentID":"32f85439-b000-433d-8dec-2cc632d9e583","firstParentID":"03494712-7e47-4564-b1f3-a8da4952c994","ID":"99f2758a-dee2-4d80-ba76-83fe12c86a8b","childs":null,"emcosID":null,"emcosMLID":null,"codMaketTEP":null,"codTEP":null,"WSName":"DB","rangeAddress":"$JD$310:$JD$347","headAddress":"$JD$310","bodyAddress":"$JD$311:$JD$347","_name":"код"},"основное":{"_level":2,"parentID":"32f85439-b000-433d-8dec-2cc632d9e583","firstParentID":"03494712-7e47-4564-b1f3-a8da4952c994","ID":"e9eb63b6-13da-4b55-8876-2207ddc013e5","childs":null,"emcosID":null,"emcosMLID":null,"codMaketTEP":null,"codTEP":null,"WSName":"DB","rangeAddress":"$JE$310:$JE$347","headAddress":"$JE$310","bodyAddress":"$JE$311:$JE$347","_name":"основное"},"корректировка факт":{"_level":2,"parentID":"32f85439-b000-433d-8dec-2cc632d9e583","firstParentID":"03494712-7e47-4564-b1f3-a8da4952c994","ID":"2b47a1e6-50e1-47f9-9c34-a164a9c2fb26","childs":null,"emcosID":null,"emcosMLID":null,"codMaketTEP":null,"codTEP":null,"WSName":"DB","rangeAddress":"$JF$310:$JF$347","headAddress":"$JF$310","bodyAddress":"$JF$311:$JF$347","_name":"корректировка факт"},"ручное":{"_level":2,"parentID":"32f85439-b000-433d-8dec-2cc632d9e583","firstParentID":"03494712-7e47-4564-b1f3-a8da4952c994","ID":"1b97b73d-fc83-4f87-8f8b-899403463e0d","childs":null,"emcosID":null,"emcosMLID":null,"codMaketTEP":null,"codTEP":null,"WSName":"DB","rangeAddress":"$JG$310:$JG$347","headAddress":"$JG$310","bodyAddress":"$JG$311:$JG$347","_name":"ручное"},"оперативное":{"_level":2,"parentID":"32f85439-b000-433d-8dec-2cc632d9e583","firstParentID":"03494712-7e47-4564-b1f3-a8da4952c994","ID":"b710f476-df9b-4750-9a0e-1d6e12c57dba","childs":null,"emcosID":null,"emcosMLID":null,"codMaketTEP":null,"codTEP":null,"WSName":"DB","rangeAddress":"$JH$310:$JH$347","headAddress":"$JH$310","bodyAddress":"$JH$311:$JH$347","_name":"оперативное"},"счетчик":{"_level":2,"parentID":"32f85439-b000-433d-8dec-2cc632d9e583","firstParentID":"03494712-7e47-4564-b1f3-a8da4952c994","ID":"1e1d1a0c-6d87-4524-9882-ddafa02751cc","childs":null,"emcosID":null,"emcosMLID":null,"codMaketTEP":null,"codTEP":null,"WSName":"DB","rangeAddress":"$JI$310:$JI$347","headAddress":"$JI$310","bodyAddress":"$JI$311:$JI$347","_name":"счетчик"},"по счетчику":{"_level":2,"parentID":"32f85439-b000-433d-8dec-2cc632d9e583","firstParentID":"03494712-7e47-4564-b1f3-a8da4952c994","ID":"41da136f-8107-461b-8b90-8d6b64668f10","childs":null,"emcosID":null,"emcosMLID":null,"codMaketTEP":null,"codTEP":null,"WSName":"DB","rangeAddress":"$JJ$310:$JJ$347","headAddress":"$JJ$310","bodyAddress":"$JJ$311:$JJ$347","_name":"по счетчику"}},"emcosID":null,"emcosMLID":null,"codMaketTEP":null,"codTEP":null,"WSName":"DB","rangeAddress":"$JD$309:$JJ$347","headAddress":"$JD$309:$JJ$309","bodyAddress":"$JD$310:$JJ$347","_name":"отдача"}},"emcosID":null,"emcosMLID":null,"codMaketTEP":null,"codTEP":null,"WSName":"DB","rangeAddress":"$IW$308:$JJ$347","headAddress":"$IW$308:$JJ$308","bodyAddress":"$IW$309:$JJ$347","_name":"КЛ93 ПС152 Талдыкорган"}},"codPlan":null,"meterCoef":"4","_name":"КЛ93 ПС152 Талдыкорган"}