{"ID":"039792f8-e470-4423-8feb-439e7b8dc4b1","childs":{"PS":{"_level":0,"parentID":"039792f8-e470-4423-8feb-439e7b8dc4b1","firstParentID":"039792f8-e470-4423-8feb-439e7b8dc4b1","ID":"0fc28c28-876c-47c1-b008-d084eafa778a","childs":{"отдача":{"_level":1,"parentID":"0fc28c28-876c-47c1-b008-d084eafa778a","firstParentID":"039792f8-e470-4423-8feb-439e7b8dc4b1","ID":"e2817ee7-4293-4807-8950-aa59f3bbf636","childs":{"по счетчику":{"_level":2,"parentID":"e2817ee7-4293-4807-8950-aa59f3bbf636","firstParentID":"039792f8-e470-4423-8feb-439e7b8dc4b1","ID":"f3fcfdcc-bfd4-4b76-8a0d-4292bbc98226","childs":null,"emcosID":null,"emcosMLID":null,"codMaketTEP":null,"codTEP":null,"WSName":"PS","rangeAddress":"$CM$99:$CM$135","headAddress":"$CM$99","bodyAddress":"$CM$100:$CM$135","_name":"по счетчику"},"СЧЕТЧИК":{"_level":2,"parentID":"e2817ee7-4293-4807-8950-aa59f3bbf636","firstParentID":"039792f8-e470-4423-8feb-439e7b8dc4b1","ID":"ce2f7b89-f104-4918-a73b-f3f445d3fd92","childs":null,"emcosID":null,"emcosMLID":null,"codMaketTEP":null,"codTEP":null,"WSName":"PS","rangeAddress":"$CN$99:$CN$135","headAddress":"$CN$99","bodyAddress":"$CN$100:$CN$135","_name":"СЧЕТЧИК"}},"emcosID":null,"emcosMLID":null,"codMaketTEP":null,"codTEP":null,"WSName":"PS","rangeAddress":"$CM$98:$CN$135","headAddress":"$CM$98:$CN$98","bodyAddress":"$CM$99:$CN$135","_name":"отдача"}},"emcosID":null,"emcosMLID":null,"codMaketTEP":null,"codTEP":null,"WSName":"PS","rangeAddress":"$CM$97:$CN$135","headAddress":"$CM$97:$CN$97","bodyAddress":"$CM$98:$CN$135","_name":"Т1 10 1В ПС149 Талдыкорган ЗЩА"},"DB":{"_level":0,"parentID":"039792f8-e470-4423-8feb-439e7b8dc4b1","firstParentID":"039792f8-e470-4423-8feb-439e7b8dc4b1","ID":"5e11088f-cee9-4a43-9cb3-0624b5c37c4c","childs":{"отдача":{"_level":1,"parentID":"5e11088f-cee9-4a43-9cb3-0624b5c37c4c","firstParentID":"039792f8-e470-4423-8feb-439e7b8dc4b1","ID":"058e9654-bfa3-4d82-b9f4-82b4d45b0caa","childs":{"код":{"_level":2,"parentID":"058e9654-bfa3-4d82-b9f4-82b4d45b0caa","firstParentID":"039792f8-e470-4423-8feb-439e7b8dc4b1","ID":"1ce4dde3-1bea-4920-91ec-16177127b7f2","childs":null,"emcosID":null,"emcosMLID":null,"codMaketTEP":null,"codTEP":null,"WSName":"DB","rangeAddress":"$AC$525:$AC$562","headAddress":"$AC$525","bodyAddress":"$AC$526:$AC$562","_name":"код"},"основное":{"_level":2,"parentID":"058e9654-bfa3-4d82-b9f4-82b4d45b0caa","firstParentID":"039792f8-e470-4423-8feb-439e7b8dc4b1","ID":"44d9af46-b21d-4f7a-a0c7-d278e1d29477","childs":null,"emcosID":null,"emcosMLID":null,"codMaketTEP":null,"codTEP":null,"WSName":"DB","rangeAddress":"$AD$525:$AD$562","headAddress":"$AD$525","bodyAddress":"$AD$526:$AD$562","_name":"основное"},"корректировка факт":{"_level":2,"parentID":"058e9654-bfa3-4d82-b9f4-82b4d45b0caa","firstParentID":"039792f8-e470-4423-8feb-439e7b8dc4b1","ID":"e0c484c0-5e59-4ffd-a5fd-8100f01cc636","childs":null,"emcosID":null,"emcosMLID":null,"codMaketTEP":null,"codTEP":null,"WSName":"DB","rangeAddress":"$AE$525:$AE$562","headAddress":"$AE$525","bodyAddress":"$AE$526:$AE$562","_name":"корректировка факт"},"ручное":{"_level":2,"parentID":"058e9654-bfa3-4d82-b9f4-82b4d45b0caa","firstParentID":"039792f8-e470-4423-8feb-439e7b8dc4b1","ID":"773fdeba-20d9-4822-b25c-81c04d82dfa1","childs":null,"emcosID":null,"emcosMLID":null,"codMaketTEP":null,"codTEP":null,"WSName":"DB","rangeAddress":"$AF$525:$AF$562","headAddress":"$AF$525","bodyAddress":"$AF$526:$AF$562","_name":"ручное"},"счетчик":{"_level":2,"parentID":"058e9654-bfa3-4d82-b9f4-82b4d45b0caa","firstParentID":"039792f8-e470-4423-8feb-439e7b8dc4b1","ID":"4ce60929-b62f-4430-b480-2bdf05a70f00","childs":null,"emcosID":null,"emcosMLID":null,"codMaketTEP":null,"codTEP":null,"WSName":"DB","rangeAddress":"$AG$525:$AG$562","headAddress":"$AG$525","bodyAddress":"$AG$526:$AG$562","_name":"счетчик"},"по счетчику":{"_level":2,"parentID":"058e9654-bfa3-4d82-b9f4-82b4d45b0caa","firstParentID":"039792f8-e470-4423-8feb-439e7b8dc4b1","ID":"8eafe8f2-8555-4aeb-8767-677f66bb7844","childs":null,"emcosID":null,"emcosMLID":null,"codMaketTEP":null,"codTEP":null,"WSName":"DB","rangeAddress":"$AH$525:$AH$562","headAddress":"$AH$525","bodyAddress":"$AH$526:$AH$562","_name":"по счетчику"}},"emcosID":null,"emcosMLID":null,"codMaketTEP":null,"codTEP":null,"WSName":"DB","rangeAddress":"$AC$524:$AH$562","headAddress":"$AC$524:$AH$524","bodyAddress":"$AC$525:$AH$562","_name":"отдача"}},"emcosID":null,"emcosMLID":null,"codMaketTEP":null,"codTEP":null,"WSName":"DB","rangeAddress":"$AC$523:$AH$562","headAddress":"$AC$523:$AH$523","bodyAddress":"$AC$524:$AH$562","_name":"Т1 10 1В ПС149 Талдыкорган ЗЩА"}},"codPlan":null,"meterCoef":"60","_name":"Т1 10 1В ПС149 Талдыкорган ЗЩА"}