{"ID":"080df6da-1dce-489f-a647-e305676e10d0","childs":{"PS":{"_level":0,"parentID":"080df6da-1dce-489f-a647-e305676e10d0","firstParentID":"080df6da-1dce-489f-a647-e305676e10d0","ID":"51d8457c-845e-4c70-a8ea-8749d00604fb","childs":{"прием":{"_level":1,"parentID":"51d8457c-845e-4c70-a8ea-8749d00604fb","firstParentID":"080df6da-1dce-489f-a647-e305676e10d0","ID":"cf65b3fc-9d69-4ff7-bc76-1bd2343a725c","childs":{"оперативное":{"_level":2,"parentID":"cf65b3fc-9d69-4ff7-bc76-1bd2343a725c","firstParentID":"080df6da-1dce-489f-a647-e305676e10d0","ID":"a1f32c6e-2a47-405c-9d0c-807107569637","childs":null,"emcosID":null,"emcosMLID":null,"codMaketTEP":null,"codTEP":null,"WSName":"PS","rangeAddress":"$CA$185:$CA$221","headAddress":"$CA$185","bodyAddress":"$CA$186:$CA$221","_name":"оперативное"}},"emcosID":null,"emcosMLID":null,"codMaketTEP":null,"codTEP":null,"WSName":"PS","rangeAddress":"$CA$184:$CA$221","headAddress":"$CA$184","bodyAddress":"$CA$185:$CA$221","_name":"прием"}},"emcosID":null,"emcosMLID":null,"codMaketTEP":null,"codTEP":null,"WSName":"PS","rangeAddress":"$CA$183:$CA$221","headAddress":"$CA$183","bodyAddress":"$CA$184:$CA$221","_name":"с.н. АТЭЦ1 АлЭС"},"DB":{"_level":0,"parentID":"080df6da-1dce-489f-a647-e305676e10d0","firstParentID":"080df6da-1dce-489f-a647-e305676e10d0","ID":"5b16ac2d-f565-406f-bf72-af903174c495","childs":{"прием":{"_level":1,"parentID":"5b16ac2d-f565-406f-bf72-af903174c495","firstParentID":"080df6da-1dce-489f-a647-e305676e10d0","ID":"97d70923-f1f0-4876-a79c-19a44f7733d6","childs":{"код":{"_level":2,"parentID":"97d70923-f1f0-4876-a79c-19a44f7733d6","firstParentID":"080df6da-1dce-489f-a647-e305676e10d0","ID":"0d1ad4e1-a175-4807-b0a6-fbc4280cfe6a","childs":null,"emcosID":null,"emcosMLID":null,"codMaketTEP":null,"codTEP":null,"WSName":"DB","rangeAddress":"$BB$482:$BB$519","headAddress":"$BB$482","bodyAddress":"$BB$483:$BB$519","_name":"код"},"основное":{"_level":2,"parentID":"97d70923-f1f0-4876-a79c-19a44f7733d6","firstParentID":"080df6da-1dce-489f-a647-e305676e10d0","ID":"6a40a894-9d5d-42b6-a637-fb59eac7f80e","childs":null,"emcosID":null,"emcosMLID":null,"codMaketTEP":null,"codTEP":null,"WSName":"DB","rangeAddress":"$BC$482:$BC$519","headAddress":"$BC$482","bodyAddress":"$BC$483:$BC$519","_name":"основное"},"корректировка факт":{"_level":2,"parentID":"97d70923-f1f0-4876-a79c-19a44f7733d6","firstParentID":"080df6da-1dce-489f-a647-e305676e10d0","ID":"09fdc42a-98a2-48bc-bb86-0971f2626b42","childs":null,"emcosID":null,"emcosMLID":null,"codMaketTEP":null,"codTEP":null,"WSName":"DB","rangeAddress":"$BD$482:$BD$519","headAddress":"$BD$482","bodyAddress":"$BD$483:$BD$519","_name":"корректировка факт"},"ручное":{"_level":2,"parentID":"97d70923-f1f0-4876-a79c-19a44f7733d6","firstParentID":"080df6da-1dce-489f-a647-e305676e10d0","ID":"55a88d25-0ff5-451d-b9ea-58952620e8bf","childs":null,"emcosID":null,"emcosMLID":null,"codMaketTEP":null,"codTEP":null,"WSName":"DB","rangeAddress":"$BE$482:$BE$519","headAddress":"$BE$482","bodyAddress":"$BE$483:$BE$519","_name":"ручное"},"оперативное":{"_level":2,"parentID":"97d70923-f1f0-4876-a79c-19a44f7733d6","firstParentID":"080df6da-1dce-489f-a647-e305676e10d0","ID":"18b43af1-120e-4768-845d-9ad24d72d51e","childs":null,"emcosID":null,"emcosMLID":null,"codMaketTEP":null,"codTEP":null,"WSName":"DB","rangeAddress":"$BF$482:$BF$519","headAddress":"$BF$482","bodyAddress":"$BF$483:$BF$519","_name":"оперативное"}},"emcosID":null,"emcosMLID":null,"codMaketTEP":null,"codTEP":null,"WSName":"DB","rangeAddress":"$BB$481:$BF$519","headAddress":"$BB$481:$BF$481","bodyAddress":"$BB$482:$BF$519","_name":"прием"}},"emcosID":null,"emcosMLID":null,"codMaketTEP":null,"codTEP":null,"WSName":"DB","rangeAddress":"$BB$480:$BF$519","headAddress":"$BB$480:$BF$480","bodyAddress":"$BB$481:$BF$519","_name":"с.н. АТЭЦ1 АлЭС"}},"codPlan":null,"meterCoef":null,"_name":"с.н. АТЭЦ1 АлЭС"}