{"ID":"08bbc1ee-f17e-4c2c-9def-22d7a39212b8","childs":{"PS":{"_level":0,"parentID":"08bbc1ee-f17e-4c2c-9def-22d7a39212b8","firstParentID":"08bbc1ee-f17e-4c2c-9def-22d7a39212b8","ID":"0ac6dcaf-6a51-49b0-bc8d-562dce097fac","childs":{"прием":{"_level":1,"parentID":"0ac6dcaf-6a51-49b0-bc8d-562dce097fac","firstParentID":"08bbc1ee-f17e-4c2c-9def-22d7a39212b8","ID":"cdbc9d32-a260-4b7c-92ff-ef246197685a","childs":{"по счетчику":{"_level":2,"parentID":"cdbc9d32-a260-4b7c-92ff-ef246197685a","firstParentID":"08bbc1ee-f17e-4c2c-9def-22d7a39212b8","ID":"661636e0-86ec-43a0-b505-89ab902344d6","childs":null,"emcosID":null,"emcosMLID":null,"codMaketTEP":null,"codTEP":null,"WSName":"PS","rangeAddress":"$GH$99:$GH$135","headAddress":"$GH$99","bodyAddress":"$GH$100:$GH$135","_name":"по счетчику"},"СЧЕТЧИК":{"_level":2,"parentID":"cdbc9d32-a260-4b7c-92ff-ef246197685a","firstParentID":"08bbc1ee-f17e-4c2c-9def-22d7a39212b8","ID":"700b5d5f-9a4f-4ef4-ac8f-57e149db1460","childs":null,"emcosID":null,"emcosMLID":null,"codMaketTEP":null,"codTEP":null,"WSName":"PS","rangeAddress":"$GI$99:$GI$135","headAddress":"$GI$99","bodyAddress":"$GI$100:$GI$135","_name":"СЧЕТЧИК"}},"emcosID":null,"emcosMLID":null,"codMaketTEP":null,"codTEP":null,"WSName":"PS","rangeAddress":"$GH$98:$GI$135","headAddress":"$GH$98:$GI$98","bodyAddress":"$GH$99:$GI$135","_name":"прием"},"отдача":{"_level":1,"parentID":"0ac6dcaf-6a51-49b0-bc8d-562dce097fac","firstParentID":"08bbc1ee-f17e-4c2c-9def-22d7a39212b8","ID":"8c01cac3-5270-48a7-b392-7c5247d6c965","childs":{"по счетчику":{"_level":2,"parentID":"8c01cac3-5270-48a7-b392-7c5247d6c965","firstParentID":"08bbc1ee-f17e-4c2c-9def-22d7a39212b8","ID":"b6922c40-9390-420a-ab46-6d57a8db4e21","childs":null,"emcosID":null,"emcosMLID":null,"codMaketTEP":null,"codTEP":null,"WSName":"PS","rangeAddress":"$GJ$99:$GJ$135","headAddress":"$GJ$99","bodyAddress":"$GJ$100:$GJ$135","_name":"по счетчику"},"СЧЕТЧИК":{"_level":2,"parentID":"8c01cac3-5270-48a7-b392-7c5247d6c965","firstParentID":"08bbc1ee-f17e-4c2c-9def-22d7a39212b8","ID":"d57e0ab2-b7da-4383-848d-4d527f99952f","childs":null,"emcosID":null,"emcosMLID":null,"codMaketTEP":null,"codTEP":null,"WSName":"PS","rangeAddress":"$GK$99:$GK$135","headAddress":"$GK$99","bodyAddress":"$GK$100:$GK$135","_name":"СЧЕТЧИК"}},"emcosID":null,"emcosMLID":null,"codMaketTEP":null,"codTEP":null,"WSName":"PS","rangeAddress":"$GJ$98:$GK$135","headAddress":"$GJ$98:$GK$98","bodyAddress":"$GJ$99:$GK$135","_name":"отдача"}},"emcosID":null,"emcosMLID":null,"codMaketTEP":null,"codTEP":null,"WSName":"PS","rangeAddress":"$GH$97:$GK$135","headAddress":"$GH$97:$GK$97","bodyAddress":"$GH$98:$GK$135","_name":"КЛ2 ПС152 Талдыкорган"},"DB":{"_level":0,"parentID":"08bbc1ee-f17e-4c2c-9def-22d7a39212b8","firstParentID":"08bbc1ee-f17e-4c2c-9def-22d7a39212b8","ID":"a78f598f-73ab-4957-a75a-13e91fc097aa","childs":{"прием":{"_level":1,"parentID":"a78f598f-73ab-4957-a75a-13e91fc097aa","firstParentID":"08bbc1ee-f17e-4c2c-9def-22d7a39212b8","ID":"31a07b77-0969-416e-8275-63a9f189476f","childs":{"код":{"_level":2,"parentID":"31a07b77-0969-416e-8275-63a9f189476f","firstParentID":"08bbc1ee-f17e-4c2c-9def-22d7a39212b8","ID":"d6318e89-091f-460a-9415-fdb01b5d54fe","childs":null,"emcosID":null,"emcosMLID":null,"codMaketTEP":null,"codTEP":null,"WSName":"DB","rangeAddress":"$KG$525:$KG$562","headAddress":"$KG$525","bodyAddress":"$KG$526:$KG$562","_name":"код"},"основное":{"_level":2,"parentID":"31a07b77-0969-416e-8275-63a9f189476f","firstParentID":"08bbc1ee-f17e-4c2c-9def-22d7a39212b8","ID":"505ee558-b3f8-40cb-9b8a-5c11c92e6321","childs":null,"emcosID":null,"emcosMLID":null,"codMaketTEP":null,"codTEP":null,"WSName":"DB","rangeAddress":"$KH$525:$KH$562","headAddress":"$KH$525","bodyAddress":"$KH$526:$KH$562","_name":"основное"},"корректировка факт":{"_level":2,"parentID":"31a07b77-0969-416e-8275-63a9f189476f","firstParentID":"08bbc1ee-f17e-4c2c-9def-22d7a39212b8","ID":"75440a8c-1a4e-4bad-8fcc-428896fda749","childs":null,"emcosID":null,"emcosMLID":null,"codMaketTEP":null,"codTEP":null,"WSName":"DB","rangeAddress":"$KI$525:$KI$562","headAddress":"$KI$525","bodyAddress":"$KI$526:$KI$562","_name":"корректировка факт"},"ручное":{"_level":2,"parentID":"31a07b77-0969-416e-8275-63a9f189476f","firstParentID":"08bbc1ee-f17e-4c2c-9def-22d7a39212b8","ID":"7a028abc-9ef4-4c9f-9548-fcb7cea3a1a9","childs":null,"emcosID":null,"emcosMLID":null,"codMaketTEP":null,"codTEP":null,"WSName":"DB","rangeAddress":"$KJ$525:$KJ$562","headAddress":"$KJ$525","bodyAddress":"$KJ$526:$KJ$562","_name":"ручное"},"счетчик":{"_level":2,"parentID":"31a07b77-0969-416e-8275-63a9f189476f","firstParentID":"08bbc1ee-f17e-4c2c-9def-22d7a39212b8","ID":"48649ed3-0704-450a-ad4a-b4a84b633334","childs":null,"emcosID":null,"emcosMLID":null,"codMaketTEP":null,"codTEP":null,"WSName":"DB","rangeAddress":"$KK$525:$KK$562","headAddress":"$KK$525","bodyAddress":"$KK$526:$KK$562","_name":"счетчик"},"по счетчику":{"_level":2,"parentID":"31a07b77-0969-416e-8275-63a9f189476f","firstParentID":"08bbc1ee-f17e-4c2c-9def-22d7a39212b8","ID":"1751773d-15cb-466f-bfe5-99a0753e04da","childs":null,"emcosID":null,"emcosMLID":null,"codMaketTEP":null,"codTEP":null,"WSName":"DB","rangeAddress":"$KL$525:$KL$562","headAddress":"$KL$525","bodyAddress":"$KL$526:$KL$562","_name":"по счетчику"}},"emcosID":null,"emcosMLID":null,"codMaketTEP":null,"codTEP":null,"WSName":"DB","rangeAddress":"$KG$524:$KL$562","headAddress":"$KG$524:$KL$524","bodyAddress":"$KG$525:$KL$562","_name":"прием"},"отдача":{"_level":1,"parentID":"a78f598f-73ab-4957-a75a-13e91fc097aa","firstParentID":"08bbc1ee-f17e-4c2c-9def-22d7a39212b8","ID":"08051bfa-b507-45f1-b417-9eaa09eb2b24","childs":{"код":{"_level":2,"parentID":"08051bfa-b507-45f1-b417-9eaa09eb2b24","firstParentID":"08bbc1ee-f17e-4c2c-9def-22d7a39212b8","ID":"6ba3cf0a-e6cf-47d2-a0e7-78964f91cec1","childs":null,"emcosID":null,"emcosMLID":null,"codMaketTEP":null,"codTEP":null,"WSName":"DB","rangeAddress":"$KM$525:$KM$562","headAddress":"$KM$525","bodyAddress":"$KM$526:$KM$562","_name":"код"},"основное":{"_level":2,"parentID":"08051bfa-b507-45f1-b417-9eaa09eb2b24","firstParentID":"08bbc1ee-f17e-4c2c-9def-22d7a39212b8","ID":"11a68b74-8cfb-479e-b590-17392fbb5ccd","childs":null,"emcosID":null,"emcosMLID":null,"codMaketTEP":null,"codTEP":null,"WSName":"DB","rangeAddress":"$KN$525:$KN$562","headAddress":"$KN$525","bodyAddress":"$KN$526:$KN$562","_name":"основное"},"корректировка факт":{"_level":2,"parentID":"08051bfa-b507-45f1-b417-9eaa09eb2b24","firstParentID":"08bbc1ee-f17e-4c2c-9def-22d7a39212b8","ID":"e5589a9d-e1ee-4d46-a5b7-f2be2c9822be","childs":null,"emcosID":null,"emcosMLID":null,"codMaketTEP":null,"codTEP":null,"WSName":"DB","rangeAddress":"$KO$525:$KO$562","headAddress":"$KO$525","bodyAddress":"$KO$526:$KO$562","_name":"корректировка факт"},"ручное":{"_level":2,"parentID":"08051bfa-b507-45f1-b417-9eaa09eb2b24","firstParentID":"08bbc1ee-f17e-4c2c-9def-22d7a39212b8","ID":"87ebcfcd-fa5e-4497-ada9-09e14bc0bd4e","childs":null,"emcosID":null,"emcosMLID":null,"codMaketTEP":null,"codTEP":null,"WSName":"DB","rangeAddress":"$KP$525:$KP$562","headAddress":"$KP$525","bodyAddress":"$KP$526:$KP$562","_name":"ручное"},"счетчик":{"_level":2,"parentID":"08051bfa-b507-45f1-b417-9eaa09eb2b24","firstParentID":"08bbc1ee-f17e-4c2c-9def-22d7a39212b8","ID":"e5ca7265-0a61-4499-83f2-90b0b6be1074","childs":null,"emcosID":null,"emcosMLID":null,"codMaketTEP":null,"codTEP":null,"WSName":"DB","rangeAddress":"$KQ$525:$KQ$562","headAddress":"$KQ$525","bodyAddress":"$KQ$526:$KQ$562","_name":"счетчик"},"по счетчику":{"_level":2,"parentID":"08051bfa-b507-45f1-b417-9eaa09eb2b24","firstParentID":"08bbc1ee-f17e-4c2c-9def-22d7a39212b8","ID":"9ea67d67-df21-40fc-9c60-81a579026697","childs":null,"emcosID":null,"emcosMLID":null,"codMaketTEP":null,"codTEP":null,"WSName":"DB","rangeAddress":"$KR$525:$KR$562","headAddress":"$KR$525","bodyAddress":"$KR$526:$KR$562","_name":"по счетчику"}},"emcosID":null,"emcosMLID":null,"codMaketTEP":null,"codTEP":null,"WSName":"DB","rangeAddress":"$KM$524:$KR$562","headAddress":"$KM$524:$KR$524","bodyAddress":"$KM$525:$KR$562","_name":"отдача"}},"emcosID":null,"emcosMLID":null,"codMaketTEP":null,"codTEP":null,"WSName":"DB","rangeAddress":"$KG$523:$KR$562","headAddress":"$KG$523:$KR$523","bodyAddress":"$KG$524:$KR$562","_name":"КЛ2 ПС152 Талдыкорган"}},"codPlan":null,"meterCoef":"6","_name":"КЛ2 ПС152 Талдыкорган"}