{"ID":"0a5640e6-7af6-478c-989f-0dbc2cab8d14","childs":{"PS":{"_level":0,"parentID":"0a5640e6-7af6-478c-989f-0dbc2cab8d14","firstParentID":"0a5640e6-7af6-478c-989f-0dbc2cab8d14","ID":"18593477-12d3-4cd2-8894-e781bcb21a37","childs":{"отдача":{"_level":1,"parentID":"18593477-12d3-4cd2-8894-e781bcb21a37","firstParentID":"0a5640e6-7af6-478c-989f-0dbc2cab8d14","ID":"66c1a92f-2ded-4e58-beed-eecf4097b5cf","childs":{"ручное":{"_level":2,"parentID":"66c1a92f-2ded-4e58-beed-eecf4097b5cf","firstParentID":"0a5640e6-7af6-478c-989f-0dbc2cab8d14","ID":"f9a49278-5a15-45e5-90d4-5df51cc9adf0","childs":null,"emcosID":null,"emcosMLID":null,"codMaketTEP":null,"codTEP":null,"WSName":"PS","rangeAddress":"$BM$228:$BM$264","headAddress":"$BM$228","bodyAddress":"$BM$229:$BM$264","_name":"ручное"}},"emcosID":null,"emcosMLID":null,"codMaketTEP":null,"codTEP":null,"WSName":"PS","rangeAddress":"$BM$227:$BM$264","headAddress":"$BM$227","bodyAddress":"$BM$228:$BM$264","_name":"отдача"}},"emcosID":null,"emcosMLID":null,"codMaketTEP":null,"codTEP":null,"WSName":"PS","rangeAddress":"$BM$226:$BM$264","headAddress":"$BM$226","bodyAddress":"$BM$227:$BM$264","_name":"Генерация ГЭС Лепсы-2"},"DB":{"_level":0,"parentID":"0a5640e6-7af6-478c-989f-0dbc2cab8d14","firstParentID":"0a5640e6-7af6-478c-989f-0dbc2cab8d14","ID":"d928dd01-52e2-4b76-86ac-1354c5da1e56","childs":{"отдача":{"_level":1,"parentID":"d928dd01-52e2-4b76-86ac-1354c5da1e56","firstParentID":"0a5640e6-7af6-478c-989f-0dbc2cab8d14","ID":"b1c8299f-bd60-47f1-9db0-1ed55f709d92","childs":{"код":{"_level":2,"parentID":"b1c8299f-bd60-47f1-9db0-1ed55f709d92","firstParentID":"0a5640e6-7af6-478c-989f-0dbc2cab8d14","ID":"738ca4af-e01c-4352-940c-b43c33fbbeba","childs":null,"emcosID":null,"emcosMLID":null,"codMaketTEP":null,"codTEP":null,"WSName":"DB","rangeAddress":"$ES$482:$ES$519","headAddress":"$ES$482","bodyAddress":"$ES$483:$ES$519","_name":"код"},"основное":{"_level":2,"parentID":"b1c8299f-bd60-47f1-9db0-1ed55f709d92","firstParentID":"0a5640e6-7af6-478c-989f-0dbc2cab8d14","ID":"debadcf2-dd25-47eb-822f-9717f67c84bc","childs":null,"emcosID":null,"emcosMLID":null,"codMaketTEP":null,"codTEP":null,"WSName":"DB","rangeAddress":"$ET$482:$ET$519","headAddress":"$ET$482","bodyAddress":"$ET$483:$ET$519","_name":"основное"},"корректировка факт":{"_level":2,"parentID":"b1c8299f-bd60-47f1-9db0-1ed55f709d92","firstParentID":"0a5640e6-7af6-478c-989f-0dbc2cab8d14","ID":"2ff126da-c7fd-465e-b0ea-ef915e59c93b","childs":null,"emcosID":null,"emcosMLID":null,"codMaketTEP":null,"codTEP":null,"WSName":"DB","rangeAddress":"$EU$482:$EU$519","headAddress":"$EU$482","bodyAddress":"$EU$483:$EU$519","_name":"корректировка факт"},"ручное":{"_level":2,"parentID":"b1c8299f-bd60-47f1-9db0-1ed55f709d92","firstParentID":"0a5640e6-7af6-478c-989f-0dbc2cab8d14","ID":"805d3bc9-8f1c-449b-82e4-f2ec80916f59","childs":null,"emcosID":null,"emcosMLID":null,"codMaketTEP":null,"codTEP":null,"WSName":"DB","rangeAddress":"$EV$482:$EV$519","headAddress":"$EV$482","bodyAddress":"$EV$483:$EV$519","_name":"ручное"}},"emcosID":null,"emcosMLID":null,"codMaketTEP":null,"codTEP":null,"WSName":"DB","rangeAddress":"$ES$481:$EV$519","headAddress":"$ES$481:$EV$481","bodyAddress":"$ES$482:$EV$519","_name":"отдача"}},"emcosID":null,"emcosMLID":null,"codMaketTEP":null,"codTEP":null,"WSName":"DB","rangeAddress":"$ES$480:$EV$519","headAddress":"$ES$480:$EV$480","bodyAddress":"$ES$481:$EV$519","_name":"Генерация ГЭС Лепсы-2"}},"codPlan":null,"meterCoef":null,"_name":"Генерация ГЭС Лепсы-2"}