{"ID":"0a58fddb-a18f-452f-b229-5cf6bc24889e","childs":{"PS":{"_level":0,"parentID":"0a58fddb-a18f-452f-b229-5cf6bc24889e","firstParentID":"0a58fddb-a18f-452f-b229-5cf6bc24889e","ID":"d1956713-e63e-4147-a90e-fe5977a1e101","childs":{"прием":{"_level":1,"parentID":"d1956713-e63e-4147-a90e-fe5977a1e101","firstParentID":"0a58fddb-a18f-452f-b229-5cf6bc24889e","ID":"f0d0b52f-ec12-4d56-8dc8-6ac3cc4657ae","childs":{"по счетчику":{"_level":2,"parentID":"f0d0b52f-ec12-4d56-8dc8-6ac3cc4657ae","firstParentID":"0a58fddb-a18f-452f-b229-5cf6bc24889e","ID":"9444417a-1088-4695-8f3e-1bb56c82064b","childs":null,"emcosID":null,"emcosMLID":null,"codMaketTEP":null,"codTEP":null,"WSName":"PS","rangeAddress":"$CT$185:$CT$221","headAddress":"$CT$185","bodyAddress":"$CT$186:$CT$221","_name":"по счетчику"}},"emcosID":null,"emcosMLID":null,"codMaketTEP":null,"codTEP":null,"WSName":"PS","rangeAddress":"$CT$184:$CT$221","headAddress":"$CT$184","bodyAddress":"$CT$185:$CT$221","_name":"прием"},"отдача":{"_level":1,"parentID":"d1956713-e63e-4147-a90e-fe5977a1e101","firstParentID":"0a58fddb-a18f-452f-b229-5cf6bc24889e","ID":"4f9981de-a909-4e40-9740-ea5b289a693e","childs":{"по счетчику":{"_level":2,"parentID":"4f9981de-a909-4e40-9740-ea5b289a693e","firstParentID":"0a58fddb-a18f-452f-b229-5cf6bc24889e","ID":"66b5e393-50b8-4dc8-9629-5920174e9562","childs":null,"emcosID":null,"emcosMLID":null,"codMaketTEP":null,"codTEP":null,"WSName":"PS","rangeAddress":"$CU$185:$CU$221","headAddress":"$CU$185","bodyAddress":"$CU$186:$CU$221","_name":"по счетчику"}},"emcosID":null,"emcosMLID":null,"codMaketTEP":null,"codTEP":null,"WSName":"PS","rangeAddress":"$CU$184:$CU$221","headAddress":"$CU$184","bodyAddress":"$CU$185:$CU$221","_name":"отдача"}},"emcosID":null,"emcosMLID":null,"codMaketTEP":null,"codTEP":null,"WSName":"PS","rangeAddress":"$CT$183:$CU$221","headAddress":"$CT$183:$CU$183","bodyAddress":"$CT$184:$CU$221","_name":"Т2 Eneverse Kunkuat СЭС Капшагай 100"},"DB":{"_level":0,"parentID":"0a58fddb-a18f-452f-b229-5cf6bc24889e","firstParentID":"0a58fddb-a18f-452f-b229-5cf6bc24889e","ID":"7fd26a75-deff-4156-be3a-bc27db821aa7","childs":{"прием":{"_level":1,"parentID":"7fd26a75-deff-4156-be3a-bc27db821aa7","firstParentID":"0a58fddb-a18f-452f-b229-5cf6bc24889e","ID":"ab707e1c-c5ce-4912-af8a-05809b744638","childs":{"код":{"_level":2,"parentID":"ab707e1c-c5ce-4912-af8a-05809b744638","firstParentID":"0a58fddb-a18f-452f-b229-5cf6bc24889e","ID":"11467075-6b88-4200-8c8e-993103263d1c","childs":null,"emcosID":null,"emcosMLID":null,"codMaketTEP":null,"codTEP":null,"WSName":"DB","rangeAddress":"$C$482:$C$519","headAddress":"$C$482","bodyAddress":"$C$483:$C$519","_name":"код"},"основное":{"_level":2,"parentID":"ab707e1c-c5ce-4912-af8a-05809b744638","firstParentID":"0a58fddb-a18f-452f-b229-5cf6bc24889e","ID":"ee510ed7-b778-4472-b725-686941b5b6e7","childs":null,"emcosID":null,"emcosMLID":null,"codMaketTEP":null,"codTEP":null,"WSName":"DB","rangeAddress":"$D$482:$D$519","headAddress":"$D$482","bodyAddress":"$D$483:$D$519","_name":"основное"},"корректировка факт":{"_level":2,"parentID":"ab707e1c-c5ce-4912-af8a-05809b744638","firstParentID":"0a58fddb-a18f-452f-b229-5cf6bc24889e","ID":"5e9bb53e-5767-4efc-88f7-e555670399fd","childs":null,"emcosID":null,"emcosMLID":null,"codMaketTEP":null,"codTEP":null,"WSName":"DB","rangeAddress":"$E$482:$E$519","headAddress":"$E$482","bodyAddress":"$E$483:$E$519","_name":"корректировка факт"},"ручное":{"_level":2,"parentID":"ab707e1c-c5ce-4912-af8a-05809b744638","firstParentID":"0a58fddb-a18f-452f-b229-5cf6bc24889e","ID":"ff40a16c-a0e0-46b0-9070-78e051e91132","childs":null,"emcosID":null,"emcosMLID":null,"codMaketTEP":null,"codTEP":null,"WSName":"DB","rangeAddress":"$F$482:$F$519","headAddress":"$F$482","bodyAddress":"$F$483:$F$519","_name":"ручное"},"счетчик":{"_level":2,"parentID":"ab707e1c-c5ce-4912-af8a-05809b744638","firstParentID":"0a58fddb-a18f-452f-b229-5cf6bc24889e","ID":"9f05cb6f-0d38-4f74-bec2-5e85d434ffb4","childs":null,"emcosID":null,"emcosMLID":null,"codMaketTEP":null,"codTEP":null,"WSName":"DB","rangeAddress":"$G$482:$G$519","headAddress":"$G$482","bodyAddress":"$G$483:$G$519","_name":"счетчик"},"по счетчику":{"_level":2,"parentID":"ab707e1c-c5ce-4912-af8a-05809b744638","firstParentID":"0a58fddb-a18f-452f-b229-5cf6bc24889e","ID":"7ae1694b-c600-41d3-a6eb-1314c9d689a9","childs":null,"emcosID":null,"emcosMLID":null,"codMaketTEP":null,"codTEP":null,"WSName":"DB","rangeAddress":"$H$482:$H$519","headAddress":"$H$482","bodyAddress":"$H$483:$H$519","_name":"по счетчику"}},"emcosID":null,"emcosMLID":null,"codMaketTEP":null,"codTEP":null,"WSName":"DB","rangeAddress":"$C$481:$H$519","headAddress":"$C$481:$H$481","bodyAddress":"$C$482:$H$519","_name":"прием"},"отдача":{"_level":1,"parentID":"7fd26a75-deff-4156-be3a-bc27db821aa7","firstParentID":"0a58fddb-a18f-452f-b229-5cf6bc24889e","ID":"ebcf08db-da93-495d-ad67-d7bf668a72cb","childs":{"код":{"_level":2,"parentID":"ebcf08db-da93-495d-ad67-d7bf668a72cb","firstParentID":"0a58fddb-a18f-452f-b229-5cf6bc24889e","ID":"0120cbc2-449a-48e5-bd82-f77d0a6e7023","childs":null,"emcosID":null,"emcosMLID":null,"codMaketTEP":null,"codTEP":null,"WSName":"DB","rangeAddress":"$I$482:$I$519","headAddress":"$I$482","bodyAddress":"$I$483:$I$519","_name":"код"},"основное":{"_level":2,"parentID":"ebcf08db-da93-495d-ad67-d7bf668a72cb","firstParentID":"0a58fddb-a18f-452f-b229-5cf6bc24889e","ID":"54a08c72-fa6b-4e2e-bb3a-9166ed830d83","childs":null,"emcosID":null,"emcosMLID":null,"codMaketTEP":null,"codTEP":null,"WSName":"DB","rangeAddress":"$J$482:$J$519","headAddress":"$J$482","bodyAddress":"$J$483:$J$519","_name":"основное"},"корректировка факт":{"_level":2,"parentID":"ebcf08db-da93-495d-ad67-d7bf668a72cb","firstParentID":"0a58fddb-a18f-452f-b229-5cf6bc24889e","ID":"da0c7516-4a07-4cfe-a374-7d50d869065b","childs":null,"emcosID":null,"emcosMLID":null,"codMaketTEP":null,"codTEP":null,"WSName":"DB","rangeAddress":"$K$482:$K$519","headAddress":"$K$482","bodyAddress":"$K$483:$K$519","_name":"корректировка факт"},"ручное":{"_level":2,"parentID":"ebcf08db-da93-495d-ad67-d7bf668a72cb","firstParentID":"0a58fddb-a18f-452f-b229-5cf6bc24889e","ID":"055f8007-958e-4ec6-bcbd-aef9cc5bb083","childs":null,"emcosID":null,"emcosMLID":null,"codMaketTEP":null,"codTEP":null,"WSName":"DB","rangeAddress":"$L$482:$L$519","headAddress":"$L$482","bodyAddress":"$L$483:$L$519","_name":"ручное"},"счетчик":{"_level":2,"parentID":"ebcf08db-da93-495d-ad67-d7bf668a72cb","firstParentID":"0a58fddb-a18f-452f-b229-5cf6bc24889e","ID":"19e1fe04-47c8-4377-aba2-3656ca2afcfc","childs":null,"emcosID":null,"emcosMLID":null,"codMaketTEP":null,"codTEP":null,"WSName":"DB","rangeAddress":"$M$482:$M$519","headAddress":"$M$482","bodyAddress":"$M$483:$M$519","_name":"счетчик"},"по счетчику":{"_level":2,"parentID":"ebcf08db-da93-495d-ad67-d7bf668a72cb","firstParentID":"0a58fddb-a18f-452f-b229-5cf6bc24889e","ID":"ef0491d2-9290-40b6-a059-97bc9c5fd151","childs":null,"emcosID":null,"emcosMLID":null,"codMaketTEP":null,"codTEP":null,"WSName":"DB","rangeAddress":"$N$482:$N$519","headAddress":"$N$482","bodyAddress":"$N$483:$N$519","_name":"по счетчику"}},"emcosID":null,"emcosMLID":null,"codMaketTEP":null,"codTEP":null,"WSName":"DB","rangeAddress":"$I$481:$N$519","headAddress":"$I$481:$N$481","bodyAddress":"$I$482:$N$519","_name":"отдача"}},"emcosID":null,"emcosMLID":null,"codMaketTEP":null,"codTEP":null,"WSName":"DB","rangeAddress":"$C$480:$N$519","headAddress":"$C$480:$N$480","bodyAddress":"$C$481:$N$519","_name":"Т2 Eneverse Kunkuat СЭС Капшагай 100"}},"codPlan":null,"meterCoef":"264","_name":"Т2 Eneverse Kunkuat СЭС Капшагай 100"}