{"ID":"0cb4bff6-f0b9-491b-b4c5-978ab9600b86","childs":{"PS":{"_level":0,"parentID":"0cb4bff6-f0b9-491b-b4c5-978ab9600b86","firstParentID":"0cb4bff6-f0b9-491b-b4c5-978ab9600b86","ID":"4798d5a6-5bee-4f2f-a3c6-46acd24a3620","childs":{"прием":{"_level":1,"parentID":"4798d5a6-5bee-4f2f-a3c6-46acd24a3620","firstParentID":"0cb4bff6-f0b9-491b-b4c5-978ab9600b86","ID":"56fd47af-1b2a-4daa-8d4e-30fe3e3b80b8","childs":{"ручное":{"_level":2,"parentID":"56fd47af-1b2a-4daa-8d4e-30fe3e3b80b8","firstParentID":"0cb4bff6-f0b9-491b-b4c5-978ab9600b86","ID":"feb24ec3-4af2-44a8-aea7-2145c26d63a2","childs":null,"emcosID":null,"emcosMLID":null,"codMaketTEP":null,"codTEP":null,"WSName":"PS","rangeAddress":"$HD$99:$HD$135","headAddress":"$HD$99","bodyAddress":"$HD$100:$HD$135","_name":"ручное"}},"emcosID":null,"emcosMLID":null,"codMaketTEP":null,"codTEP":null,"WSName":"PS","rangeAddress":"$HD$98:$HD$135","headAddress":"$HD$98","bodyAddress":"$HD$99:$HD$135","_name":"прием"},"отдача":{"_level":1,"parentID":"4798d5a6-5bee-4f2f-a3c6-46acd24a3620","firstParentID":"0cb4bff6-f0b9-491b-b4c5-978ab9600b86","ID":"98b4b9f2-4a0d-48dc-a726-bef502869d2c","childs":{"ручное":{"_level":2,"parentID":"98b4b9f2-4a0d-48dc-a726-bef502869d2c","firstParentID":"0cb4bff6-f0b9-491b-b4c5-978ab9600b86","ID":"d0716c85-f9dc-41d7-8671-b70ac4355db7","childs":null,"emcosID":null,"emcosMLID":null,"codMaketTEP":null,"codTEP":null,"WSName":"PS","rangeAddress":"$HE$99:$HE$135","headAddress":"$HE$99","bodyAddress":"$HE$100:$HE$135","_name":"ручное"}},"emcosID":null,"emcosMLID":null,"codMaketTEP":null,"codTEP":null,"WSName":"PS","rangeAddress":"$HE$98:$HE$135","headAddress":"$HE$98","bodyAddress":"$HE$99:$HE$135","_name":"отдача"}},"emcosID":null,"emcosMLID":null,"codMaketTEP":null,"codTEP":null,"WSName":"PS","rangeAddress":"$HD$97:$HE$135","headAddress":"$HD$97:$HE$97","bodyAddress":"$HD$98:$HE$135","_name":"ТП2 Узун Агач тяга"},"DB":{"_level":0,"parentID":"0cb4bff6-f0b9-491b-b4c5-978ab9600b86","firstParentID":"0cb4bff6-f0b9-491b-b4c5-978ab9600b86","ID":"698061ba-99d3-4df5-85ac-0f9a17024cd0","childs":{"прием":{"_level":1,"parentID":"698061ba-99d3-4df5-85ac-0f9a17024cd0","firstParentID":"0cb4bff6-f0b9-491b-b4c5-978ab9600b86","ID":"38fa11c1-dc91-4f94-9174-ad636f6ab006","childs":{"код":{"_level":2,"parentID":"38fa11c1-dc91-4f94-9174-ad636f6ab006","firstParentID":"0cb4bff6-f0b9-491b-b4c5-978ab9600b86","ID":"4679a51b-575b-4783-8259-5dceaac79889","childs":null,"emcosID":null,"emcosMLID":null,"codMaketTEP":null,"codTEP":null,"WSName":"DB","rangeAddress":"$DE$181:$DE$218","headAddress":"$DE$181","bodyAddress":"$DE$182:$DE$218","_name":"код"},"основное":{"_level":2,"parentID":"38fa11c1-dc91-4f94-9174-ad636f6ab006","firstParentID":"0cb4bff6-f0b9-491b-b4c5-978ab9600b86","ID":"d8978bdc-7f2b-4364-b178-8b8181e1b554","childs":null,"emcosID":null,"emcosMLID":null,"codMaketTEP":null,"codTEP":null,"WSName":"DB","rangeAddress":"$DF$181:$DF$218","headAddress":"$DF$181","bodyAddress":"$DF$182:$DF$218","_name":"основное"},"корректировка факт":{"_level":2,"parentID":"38fa11c1-dc91-4f94-9174-ad636f6ab006","firstParentID":"0cb4bff6-f0b9-491b-b4c5-978ab9600b86","ID":"50365223-bda6-4b34-b132-d66f1792e0fd","childs":null,"emcosID":null,"emcosMLID":null,"codMaketTEP":null,"codTEP":null,"WSName":"DB","rangeAddress":"$DG$181:$DG$218","headAddress":"$DG$181","bodyAddress":"$DG$182:$DG$218","_name":"корректировка факт"},"ручное":{"_level":2,"parentID":"38fa11c1-dc91-4f94-9174-ad636f6ab006","firstParentID":"0cb4bff6-f0b9-491b-b4c5-978ab9600b86","ID":"5b904408-b59f-46bb-9741-19a616bdca18","childs":null,"emcosID":null,"emcosMLID":null,"codMaketTEP":null,"codTEP":null,"WSName":"DB","rangeAddress":"$DH$181:$DH$218","headAddress":"$DH$181","bodyAddress":"$DH$182:$DH$218","_name":"ручное"}},"emcosID":null,"emcosMLID":null,"codMaketTEP":null,"codTEP":null,"WSName":"DB","rangeAddress":"$DE$180:$DH$218","headAddress":"$DE$180:$DH$180","bodyAddress":"$DE$181:$DH$218","_name":"прием"},"отдача":{"_level":1,"parentID":"698061ba-99d3-4df5-85ac-0f9a17024cd0","firstParentID":"0cb4bff6-f0b9-491b-b4c5-978ab9600b86","ID":"7ae4e10c-02e3-4f37-bebd-251c0353f2db","childs":{"код":{"_level":2,"parentID":"7ae4e10c-02e3-4f37-bebd-251c0353f2db","firstParentID":"0cb4bff6-f0b9-491b-b4c5-978ab9600b86","ID":"edb104c5-4568-4dd6-b141-3597d4600157","childs":null,"emcosID":null,"emcosMLID":null,"codMaketTEP":null,"codTEP":null,"WSName":"DB","rangeAddress":"$DI$181:$DI$218","headAddress":"$DI$181","bodyAddress":"$DI$182:$DI$218","_name":"код"},"основное":{"_level":2,"parentID":"7ae4e10c-02e3-4f37-bebd-251c0353f2db","firstParentID":"0cb4bff6-f0b9-491b-b4c5-978ab9600b86","ID":"c2fa7565-4cb5-43eb-9207-71ef58eda61a","childs":null,"emcosID":null,"emcosMLID":null,"codMaketTEP":null,"codTEP":null,"WSName":"DB","rangeAddress":"$DJ$181:$DJ$218","headAddress":"$DJ$181","bodyAddress":"$DJ$182:$DJ$218","_name":"основное"},"корректировка факт":{"_level":2,"parentID":"7ae4e10c-02e3-4f37-bebd-251c0353f2db","firstParentID":"0cb4bff6-f0b9-491b-b4c5-978ab9600b86","ID":"ec625887-0bb3-48f3-aa2b-b882b4350752","childs":null,"emcosID":null,"emcosMLID":null,"codMaketTEP":null,"codTEP":null,"WSName":"DB","rangeAddress":"$DK$181:$DK$218","headAddress":"$DK$181","bodyAddress":"$DK$182:$DK$218","_name":"корректировка факт"},"ручное":{"_level":2,"parentID":"7ae4e10c-02e3-4f37-bebd-251c0353f2db","firstParentID":"0cb4bff6-f0b9-491b-b4c5-978ab9600b86","ID":"bc8a936b-8547-4670-9f5b-1c7cf84d4828","childs":null,"emcosID":null,"emcosMLID":null,"codMaketTEP":null,"codTEP":null,"WSName":"DB","rangeAddress":"$DL$181:$DL$218","headAddress":"$DL$181","bodyAddress":"$DL$182:$DL$218","_name":"ручное"}},"emcosID":null,"emcosMLID":null,"codMaketTEP":null,"codTEP":null,"WSName":"DB","rangeAddress":"$DI$180:$DL$218","headAddress":"$DI$180:$DL$180","bodyAddress":"$DI$181:$DL$218","_name":"отдача"}},"emcosID":null,"emcosMLID":null,"codMaketTEP":null,"codTEP":null,"WSName":"DB","rangeAddress":"$DE$179:$DL$218","headAddress":"$DE$179:$DL$179","bodyAddress":"$DE$180:$DL$218","_name":"ТП2 Узун Агач тяга"}},"codPlan":null,"meterCoef":null,"_name":"ТП2 Узун Агач тяга"}