{"ID":"0e1e3c77-cdc2-4875-b6c5-9a5e65acc5aa","childs":{"PS":{"_level":0,"parentID":"0e1e3c77-cdc2-4875-b6c5-9a5e65acc5aa","firstParentID":"0e1e3c77-cdc2-4875-b6c5-9a5e65acc5aa","ID":"092f3933-9364-4282-8396-3f7740d5d739","childs":{"прием":{"_level":1,"parentID":"092f3933-9364-4282-8396-3f7740d5d739","firstParentID":"0e1e3c77-cdc2-4875-b6c5-9a5e65acc5aa","ID":"0579d0c2-0975-4a80-aca2-b9e394ffa340","childs":{"ручное":{"_level":2,"parentID":"0579d0c2-0975-4a80-aca2-b9e394ffa340","firstParentID":"0e1e3c77-cdc2-4875-b6c5-9a5e65acc5aa","ID":"675ddd50-59b7-4923-9124-050ea97b9841","childs":null,"emcosID":null,"emcosMLID":null,"codMaketTEP":null,"codTEP":null,"WSName":"PS","rangeAddress":"$IG$99:$IG$135","headAddress":"$IG$99","bodyAddress":"$IG$100:$IG$135","_name":"ручное"}},"emcosID":null,"emcosMLID":null,"codMaketTEP":null,"codTEP":null,"WSName":"PS","rangeAddress":"$IG$98:$IG$135","headAddress":"$IG$98","bodyAddress":"$IG$99:$IG$135","_name":"прием"},"отдача":{"_level":1,"parentID":"092f3933-9364-4282-8396-3f7740d5d739","firstParentID":"0e1e3c77-cdc2-4875-b6c5-9a5e65acc5aa","ID":"8d0022b4-5e2d-4f63-9008-5ddae3c8104c","childs":{"ручное":{"_level":2,"parentID":"8d0022b4-5e2d-4f63-9008-5ddae3c8104c","firstParentID":"0e1e3c77-cdc2-4875-b6c5-9a5e65acc5aa","ID":"2223bc8b-dc10-427d-b053-79bde00a1161","childs":null,"emcosID":null,"emcosMLID":null,"codMaketTEP":null,"codTEP":null,"WSName":"PS","rangeAddress":"$IH$99:$IH$135","headAddress":"$IH$99","bodyAddress":"$IH$100:$IH$135","_name":"ручное"}},"emcosID":null,"emcosMLID":null,"codMaketTEP":null,"codTEP":null,"WSName":"PS","rangeAddress":"$IH$98:$IH$135","headAddress":"$IH$98","bodyAddress":"$IH$99:$IH$135","_name":"отдача"}},"emcosID":null,"emcosMLID":null,"codMaketTEP":null,"codTEP":null,"WSName":"PS","rangeAddress":"$IG$97:$IH$135","headAddress":"$IG$97:$IH$97","bodyAddress":"$IG$98:$IH$135","_name":"ТП2 Жидели тяга"},"DB":{"_level":0,"parentID":"0e1e3c77-cdc2-4875-b6c5-9a5e65acc5aa","firstParentID":"0e1e3c77-cdc2-4875-b6c5-9a5e65acc5aa","ID":"cdfdef2a-2c9f-4d6a-94ee-04975ff4f848","childs":{"прием":{"_level":1,"parentID":"cdfdef2a-2c9f-4d6a-94ee-04975ff4f848","firstParentID":"0e1e3c77-cdc2-4875-b6c5-9a5e65acc5aa","ID":"905d49d3-c799-4df8-8f93-5fe8577dedad","childs":{"код":{"_level":2,"parentID":"905d49d3-c799-4df8-8f93-5fe8577dedad","firstParentID":"0e1e3c77-cdc2-4875-b6c5-9a5e65acc5aa","ID":"8b7a3db5-68c3-463f-b71d-6bf07b6af0bb","childs":null,"emcosID":null,"emcosMLID":null,"codMaketTEP":null,"codTEP":null,"WSName":"DB","rangeAddress":"$BW$353:$BW$390","headAddress":"$BW$353","bodyAddress":"$BW$354:$BW$390","_name":"код"},"основное":{"_level":2,"parentID":"905d49d3-c799-4df8-8f93-5fe8577dedad","firstParentID":"0e1e3c77-cdc2-4875-b6c5-9a5e65acc5aa","ID":"40b29aec-017f-487a-933f-5ec77d4b15be","childs":null,"emcosID":null,"emcosMLID":null,"codMaketTEP":null,"codTEP":null,"WSName":"DB","rangeAddress":"$BX$353:$BX$390","headAddress":"$BX$353","bodyAddress":"$BX$354:$BX$390","_name":"основное"},"корректировка факт":{"_level":2,"parentID":"905d49d3-c799-4df8-8f93-5fe8577dedad","firstParentID":"0e1e3c77-cdc2-4875-b6c5-9a5e65acc5aa","ID":"6cd9adba-9b51-44ba-a74a-a9f2ff4754fc","childs":null,"emcosID":null,"emcosMLID":null,"codMaketTEP":null,"codTEP":null,"WSName":"DB","rangeAddress":"$BY$353:$BY$390","headAddress":"$BY$353","bodyAddress":"$BY$354:$BY$390","_name":"корректировка факт"},"ручное":{"_level":2,"parentID":"905d49d3-c799-4df8-8f93-5fe8577dedad","firstParentID":"0e1e3c77-cdc2-4875-b6c5-9a5e65acc5aa","ID":"c9916aed-c774-4717-94a5-7cd1de16853e","childs":null,"emcosID":null,"emcosMLID":null,"codMaketTEP":null,"codTEP":null,"WSName":"DB","rangeAddress":"$BZ$353:$BZ$390","headAddress":"$BZ$353","bodyAddress":"$BZ$354:$BZ$390","_name":"ручное"}},"emcosID":null,"emcosMLID":null,"codMaketTEP":null,"codTEP":null,"WSName":"DB","rangeAddress":"$BW$352:$BZ$390","headAddress":"$BW$352:$BZ$352","bodyAddress":"$BW$353:$BZ$390","_name":"прием"},"отдача":{"_level":1,"parentID":"cdfdef2a-2c9f-4d6a-94ee-04975ff4f848","firstParentID":"0e1e3c77-cdc2-4875-b6c5-9a5e65acc5aa","ID":"b5dbd882-c5d8-4695-964c-364e160aef47","childs":{"код":{"_level":2,"parentID":"b5dbd882-c5d8-4695-964c-364e160aef47","firstParentID":"0e1e3c77-cdc2-4875-b6c5-9a5e65acc5aa","ID":"a5252716-7b71-41f6-ae9b-fb29bf80b51a","childs":null,"emcosID":null,"emcosMLID":null,"codMaketTEP":null,"codTEP":null,"WSName":"DB","rangeAddress":"$CA$353:$CA$390","headAddress":"$CA$353","bodyAddress":"$CA$354:$CA$390","_name":"код"},"основное":{"_level":2,"parentID":"b5dbd882-c5d8-4695-964c-364e160aef47","firstParentID":"0e1e3c77-cdc2-4875-b6c5-9a5e65acc5aa","ID":"88acc086-de95-46bc-81fb-ab2950c41ca7","childs":null,"emcosID":null,"emcosMLID":null,"codMaketTEP":null,"codTEP":null,"WSName":"DB","rangeAddress":"$CB$353:$CB$390","headAddress":"$CB$353","bodyAddress":"$CB$354:$CB$390","_name":"основное"},"корректировка факт":{"_level":2,"parentID":"b5dbd882-c5d8-4695-964c-364e160aef47","firstParentID":"0e1e3c77-cdc2-4875-b6c5-9a5e65acc5aa","ID":"4b114a3e-f5c3-47e4-8623-3e4e9e600999","childs":null,"emcosID":null,"emcosMLID":null,"codMaketTEP":null,"codTEP":null,"WSName":"DB","rangeAddress":"$CC$353:$CC$390","headAddress":"$CC$353","bodyAddress":"$CC$354:$CC$390","_name":"корректировка факт"},"ручное":{"_level":2,"parentID":"b5dbd882-c5d8-4695-964c-364e160aef47","firstParentID":"0e1e3c77-cdc2-4875-b6c5-9a5e65acc5aa","ID":"89f92328-d647-4a5e-a298-2b8097c606d0","childs":null,"emcosID":null,"emcosMLID":null,"codMaketTEP":null,"codTEP":null,"WSName":"DB","rangeAddress":"$CD$353:$CD$390","headAddress":"$CD$353","bodyAddress":"$CD$354:$CD$390","_name":"ручное"}},"emcosID":null,"emcosMLID":null,"codMaketTEP":null,"codTEP":null,"WSName":"DB","rangeAddress":"$CA$352:$CD$390","headAddress":"$CA$352:$CD$352","bodyAddress":"$CA$353:$CD$390","_name":"отдача"}},"emcosID":null,"emcosMLID":null,"codMaketTEP":null,"codTEP":null,"WSName":"DB","rangeAddress":"$BW$351:$CD$390","headAddress":"$BW$351:$CD$351","bodyAddress":"$BW$352:$CD$390","_name":"ТП2 Жидели тяга"}},"codPlan":null,"meterCoef":null,"_name":"ТП2 Жидели тяга"}