{"ID":"114c2cf2-06d9-44ab-a23b-ecc73fe9188c","childs":{"PS":{"_level":0,"parentID":"114c2cf2-06d9-44ab-a23b-ecc73fe9188c","firstParentID":"114c2cf2-06d9-44ab-a23b-ecc73fe9188c","ID":"930c419c-b328-40c1-94e6-0f6bef47a30a","childs":{"прием":{"_level":1,"parentID":"930c419c-b328-40c1-94e6-0f6bef47a30a","firstParentID":"114c2cf2-06d9-44ab-a23b-ecc73fe9188c","ID":"ff462324-9596-4a04-be87-68c144f09e4a","childs":{"по счетчику":{"_level":2,"parentID":"ff462324-9596-4a04-be87-68c144f09e4a","firstParentID":"114c2cf2-06d9-44ab-a23b-ecc73fe9188c","ID":"a4838131-5c0c-4dd3-80d8-5a2bd7751701","childs":null,"emcosID":null,"emcosMLID":null,"codMaketTEP":null,"codTEP":null,"WSName":"PS","rangeAddress":"$HZ$99:$HZ$135","headAddress":"$HZ$99","bodyAddress":"$HZ$100:$HZ$135","_name":"по счетчику"},"СЧЕТЧИК":{"_level":2,"parentID":"ff462324-9596-4a04-be87-68c144f09e4a","firstParentID":"114c2cf2-06d9-44ab-a23b-ecc73fe9188c","ID":"2d804278-61d0-48c4-9a90-a1c92fcced9f","childs":null,"emcosID":null,"emcosMLID":null,"codMaketTEP":null,"codTEP":null,"WSName":"PS","rangeAddress":"$IA$99:$IA$135","headAddress":"$IA$99","bodyAddress":"$IA$100:$IA$135","_name":"СЧЕТЧИК"}},"emcosID":null,"emcosMLID":null,"codMaketTEP":null,"codTEP":null,"WSName":"PS","rangeAddress":"$HZ$98:$IA$135","headAddress":"$HZ$98:$IA$98","bodyAddress":"$HZ$99:$IA$135","_name":"прием"},"отдача":{"_level":1,"parentID":"930c419c-b328-40c1-94e6-0f6bef47a30a","firstParentID":"114c2cf2-06d9-44ab-a23b-ecc73fe9188c","ID":"4d1bd7e5-2f83-4a5c-a288-0db095680642","childs":{"по счетчику":{"_level":2,"parentID":"4d1bd7e5-2f83-4a5c-a288-0db095680642","firstParentID":"114c2cf2-06d9-44ab-a23b-ecc73fe9188c","ID":"f13a62fa-e72b-4f49-9ea9-c6f1befcaff1","childs":null,"emcosID":null,"emcosMLID":null,"codMaketTEP":null,"codTEP":null,"WSName":"PS","rangeAddress":"$IB$99:$IB$135","headAddress":"$IB$99","bodyAddress":"$IB$100:$IB$135","_name":"по счетчику"},"СЧЕТЧИК":{"_level":2,"parentID":"4d1bd7e5-2f83-4a5c-a288-0db095680642","firstParentID":"114c2cf2-06d9-44ab-a23b-ecc73fe9188c","ID":"fcbeef74-f6c3-4698-a035-f73f0280a8a6","childs":null,"emcosID":null,"emcosMLID":null,"codMaketTEP":null,"codTEP":null,"WSName":"PS","rangeAddress":"$IC$99:$IC$135","headAddress":"$IC$99","bodyAddress":"$IC$100:$IC$135","_name":"СЧЕТЧИК"}},"emcosID":null,"emcosMLID":null,"codMaketTEP":null,"codTEP":null,"WSName":"PS","rangeAddress":"$IB$98:$IC$135","headAddress":"$IB$98:$IC$98","bodyAddress":"$IB$99:$IC$135","_name":"отдача"}},"emcosID":null,"emcosMLID":null,"codMaketTEP":null,"codTEP":null,"WSName":"PS","rangeAddress":"$HZ$97:$IC$135","headAddress":"$HZ$97:$IC$97","bodyAddress":"$HZ$98:$IC$135","_name":"КЛ61 ПС152 Талдыкорган"},"DB":{"_level":0,"parentID":"114c2cf2-06d9-44ab-a23b-ecc73fe9188c","firstParentID":"114c2cf2-06d9-44ab-a23b-ecc73fe9188c","ID":"e5df31f5-c2d1-4349-a402-bfd3b8b38b26","childs":{"прием":{"_level":1,"parentID":"e5df31f5-c2d1-4349-a402-bfd3b8b38b26","firstParentID":"114c2cf2-06d9-44ab-a23b-ecc73fe9188c","ID":"3d91b8e7-072b-46ce-8221-1bca3eb33957","childs":{"код":{"_level":2,"parentID":"3d91b8e7-072b-46ce-8221-1bca3eb33957","firstParentID":"114c2cf2-06d9-44ab-a23b-ecc73fe9188c","ID":"8e1f8ae4-25a7-4309-93c6-f42504c36c06","childs":null,"emcosID":null,"emcosMLID":null,"codMaketTEP":null,"codTEP":null,"WSName":"DB","rangeAddress":"$FA$525:$FA$562","headAddress":"$FA$525","bodyAddress":"$FA$526:$FA$562","_name":"код"},"основное":{"_level":2,"parentID":"3d91b8e7-072b-46ce-8221-1bca3eb33957","firstParentID":"114c2cf2-06d9-44ab-a23b-ecc73fe9188c","ID":"0e23fe0d-3824-4ff5-ba65-f8f85464dc55","childs":null,"emcosID":null,"emcosMLID":null,"codMaketTEP":null,"codTEP":null,"WSName":"DB","rangeAddress":"$FB$525:$FB$562","headAddress":"$FB$525","bodyAddress":"$FB$526:$FB$562","_name":"основное"},"корректировка факт":{"_level":2,"parentID":"3d91b8e7-072b-46ce-8221-1bca3eb33957","firstParentID":"114c2cf2-06d9-44ab-a23b-ecc73fe9188c","ID":"3c4cf9ac-2061-45cb-bece-0e14c0ed6c20","childs":null,"emcosID":null,"emcosMLID":null,"codMaketTEP":null,"codTEP":null,"WSName":"DB","rangeAddress":"$FC$525:$FC$562","headAddress":"$FC$525","bodyAddress":"$FC$526:$FC$562","_name":"корректировка факт"},"ручное":{"_level":2,"parentID":"3d91b8e7-072b-46ce-8221-1bca3eb33957","firstParentID":"114c2cf2-06d9-44ab-a23b-ecc73fe9188c","ID":"1e0c9b94-95c4-4fe6-8b22-41ca98642eac","childs":null,"emcosID":null,"emcosMLID":null,"codMaketTEP":null,"codTEP":null,"WSName":"DB","rangeAddress":"$FD$525:$FD$562","headAddress":"$FD$525","bodyAddress":"$FD$526:$FD$562","_name":"ручное"},"счетчик":{"_level":2,"parentID":"3d91b8e7-072b-46ce-8221-1bca3eb33957","firstParentID":"114c2cf2-06d9-44ab-a23b-ecc73fe9188c","ID":"db490dfe-0328-4568-8516-71c3308be77e","childs":null,"emcosID":null,"emcosMLID":null,"codMaketTEP":null,"codTEP":null,"WSName":"DB","rangeAddress":"$FE$525:$FE$562","headAddress":"$FE$525","bodyAddress":"$FE$526:$FE$562","_name":"счетчик"},"по счетчику":{"_level":2,"parentID":"3d91b8e7-072b-46ce-8221-1bca3eb33957","firstParentID":"114c2cf2-06d9-44ab-a23b-ecc73fe9188c","ID":"234c434d-d47e-40d0-97e4-de10ef0921c3","childs":null,"emcosID":null,"emcosMLID":null,"codMaketTEP":null,"codTEP":null,"WSName":"DB","rangeAddress":"$FF$525:$FF$562","headAddress":"$FF$525","bodyAddress":"$FF$526:$FF$562","_name":"по счетчику"}},"emcosID":null,"emcosMLID":null,"codMaketTEP":null,"codTEP":null,"WSName":"DB","rangeAddress":"$FA$524:$FF$562","headAddress":"$FA$524:$FF$524","bodyAddress":"$FA$525:$FF$562","_name":"прием"},"отдача":{"_level":1,"parentID":"e5df31f5-c2d1-4349-a402-bfd3b8b38b26","firstParentID":"114c2cf2-06d9-44ab-a23b-ecc73fe9188c","ID":"9f2d6f3f-1fa4-4723-bc58-0a2ee535710a","childs":{"код":{"_level":2,"parentID":"9f2d6f3f-1fa4-4723-bc58-0a2ee535710a","firstParentID":"114c2cf2-06d9-44ab-a23b-ecc73fe9188c","ID":"ca0cebde-61e2-4c9f-a707-495c669ce327","childs":null,"emcosID":null,"emcosMLID":null,"codMaketTEP":null,"codTEP":null,"WSName":"DB","rangeAddress":"$FG$525:$FG$562","headAddress":"$FG$525","bodyAddress":"$FG$526:$FG$562","_name":"код"},"основное":{"_level":2,"parentID":"9f2d6f3f-1fa4-4723-bc58-0a2ee535710a","firstParentID":"114c2cf2-06d9-44ab-a23b-ecc73fe9188c","ID":"16f1406e-1be6-4626-bc9c-299055a4aebc","childs":null,"emcosID":null,"emcosMLID":null,"codMaketTEP":null,"codTEP":null,"WSName":"DB","rangeAddress":"$FH$525:$FH$562","headAddress":"$FH$525","bodyAddress":"$FH$526:$FH$562","_name":"основное"},"корректировка факт":{"_level":2,"parentID":"9f2d6f3f-1fa4-4723-bc58-0a2ee535710a","firstParentID":"114c2cf2-06d9-44ab-a23b-ecc73fe9188c","ID":"46430457-8c5a-4409-a853-5029664ac319","childs":null,"emcosID":null,"emcosMLID":null,"codMaketTEP":null,"codTEP":null,"WSName":"DB","rangeAddress":"$FI$525:$FI$562","headAddress":"$FI$525","bodyAddress":"$FI$526:$FI$562","_name":"корректировка факт"},"ручное":{"_level":2,"parentID":"9f2d6f3f-1fa4-4723-bc58-0a2ee535710a","firstParentID":"114c2cf2-06d9-44ab-a23b-ecc73fe9188c","ID":"8f926288-7b27-4913-a1a7-9e1fe3f0a83b","childs":null,"emcosID":null,"emcosMLID":null,"codMaketTEP":null,"codTEP":null,"WSName":"DB","rangeAddress":"$FJ$525:$FJ$562","headAddress":"$FJ$525","bodyAddress":"$FJ$526:$FJ$562","_name":"ручное"},"счетчик":{"_level":2,"parentID":"9f2d6f3f-1fa4-4723-bc58-0a2ee535710a","firstParentID":"114c2cf2-06d9-44ab-a23b-ecc73fe9188c","ID":"83a6ae4f-cad6-417d-ad9f-8b6378366f0c","childs":null,"emcosID":null,"emcosMLID":null,"codMaketTEP":null,"codTEP":null,"WSName":"DB","rangeAddress":"$FK$525:$FK$562","headAddress":"$FK$525","bodyAddress":"$FK$526:$FK$562","_name":"счетчик"},"по счетчику":{"_level":2,"parentID":"9f2d6f3f-1fa4-4723-bc58-0a2ee535710a","firstParentID":"114c2cf2-06d9-44ab-a23b-ecc73fe9188c","ID":"2b4b09f5-08c7-4157-b99a-8539f92899d9","childs":null,"emcosID":null,"emcosMLID":null,"codMaketTEP":null,"codTEP":null,"WSName":"DB","rangeAddress":"$FL$525:$FL$562","headAddress":"$FL$525","bodyAddress":"$FL$526:$FL$562","_name":"по счетчику"}},"emcosID":null,"emcosMLID":null,"codMaketTEP":null,"codTEP":null,"WSName":"DB","rangeAddress":"$FG$524:$FL$562","headAddress":"$FG$524:$FL$524","bodyAddress":"$FG$525:$FL$562","_name":"отдача"}},"emcosID":null,"emcosMLID":null,"codMaketTEP":null,"codTEP":null,"WSName":"DB","rangeAddress":"$FA$523:$FL$562","headAddress":"$FA$523:$FL$523","bodyAddress":"$FA$524:$FL$562","_name":"КЛ61 ПС152 Талдыкорган"}},"codPlan":null,"meterCoef":"6","_name":"КЛ61 ПС152 Талдыкорган"}