{"ID":"16074114-ad8b-453a-a6e6-1d37c741b244","childs":{"PS":{"_level":0,"parentID":"16074114-ad8b-453a-a6e6-1d37c741b244","firstParentID":"16074114-ad8b-453a-a6e6-1d37c741b244","ID":"10c5f5d9-aaf2-4396-85e9-96423f37615e","childs":{"прием":{"_level":1,"parentID":"10c5f5d9-aaf2-4396-85e9-96423f37615e","firstParentID":"16074114-ad8b-453a-a6e6-1d37c741b244","ID":"b817eee0-f281-4151-8a5c-036480f46373","childs":{"ручное":{"_level":2,"parentID":"b817eee0-f281-4151-8a5c-036480f46373","firstParentID":"16074114-ad8b-453a-a6e6-1d37c741b244","ID":"adff13cb-abdb-4b82-a166-3bebab9ac2d4","childs":null,"emcosID":null,"emcosMLID":null,"codMaketTEP":null,"codTEP":null,"WSName":"PS","rangeAddress":"$DE$99:$DE$135","headAddress":"$DE$99","bodyAddress":"$DE$100:$DE$135","_name":"ручное"}},"emcosID":null,"emcosMLID":null,"codMaketTEP":null,"codTEP":null,"WSName":"PS","rangeAddress":"$DE$98:$DE$135","headAddress":"$DE$98","bodyAddress":"$DE$99:$DE$135","_name":"прием"},"отдача":{"_level":1,"parentID":"10c5f5d9-aaf2-4396-85e9-96423f37615e","firstParentID":"16074114-ad8b-453a-a6e6-1d37c741b244","ID":"b9b19ff8-6c3e-47d8-8084-db722e43393b","childs":{"ручное":{"_level":2,"parentID":"b9b19ff8-6c3e-47d8-8084-db722e43393b","firstParentID":"16074114-ad8b-453a-a6e6-1d37c741b244","ID":"e73450b2-916d-4f47-82aa-09690aa01353","childs":null,"emcosID":null,"emcosMLID":null,"codMaketTEP":null,"codTEP":null,"WSName":"PS","rangeAddress":"$DF$99:$DF$135","headAddress":"$DF$99","bodyAddress":"$DF$100:$DF$135","_name":"ручное"}},"emcosID":null,"emcosMLID":null,"codMaketTEP":null,"codTEP":null,"WSName":"PS","rangeAddress":"$DF$98:$DF$135","headAddress":"$DF$98","bodyAddress":"$DF$99:$DF$135","_name":"отдача"}},"emcosID":null,"emcosMLID":null,"codMaketTEP":null,"codTEP":null,"WSName":"PS","rangeAddress":"$DE$97:$DF$135","headAddress":"$DE$97:$DF$97","bodyAddress":"$DE$98:$DF$135","_name":"Л2143 АХБК 7А"},"DB":{"_level":0,"parentID":"16074114-ad8b-453a-a6e6-1d37c741b244","firstParentID":"16074114-ad8b-453a-a6e6-1d37c741b244","ID":"bb9d4d9e-dc27-498d-9182-20a29e8e8e3c","childs":{"прием":{"_level":1,"parentID":"bb9d4d9e-dc27-498d-9182-20a29e8e8e3c","firstParentID":"16074114-ad8b-453a-a6e6-1d37c741b244","ID":"c8e235e4-f432-4c9b-92ba-404dc470e68c","childs":{"код":{"_level":2,"parentID":"c8e235e4-f432-4c9b-92ba-404dc470e68c","firstParentID":"16074114-ad8b-453a-a6e6-1d37c741b244","ID":"79d36d7a-052d-4b31-89e4-7b52ca819e97","childs":null,"emcosID":null,"emcosMLID":null,"codMaketTEP":null,"codTEP":null,"WSName":"DB","rangeAddress":"$HE$95:$HE$132","headAddress":"$HE$95","bodyAddress":"$HE$96:$HE$132","_name":"код"},"основное":{"_level":2,"parentID":"c8e235e4-f432-4c9b-92ba-404dc470e68c","firstParentID":"16074114-ad8b-453a-a6e6-1d37c741b244","ID":"b38845c4-dbda-434e-96a7-92243ac43da9","childs":null,"emcosID":null,"emcosMLID":null,"codMaketTEP":null,"codTEP":null,"WSName":"DB","rangeAddress":"$HF$95:$HF$132","headAddress":"$HF$95","bodyAddress":"$HF$96:$HF$132","_name":"основное"},"корректировка факт":{"_level":2,"parentID":"c8e235e4-f432-4c9b-92ba-404dc470e68c","firstParentID":"16074114-ad8b-453a-a6e6-1d37c741b244","ID":"bae84f9c-73da-4a18-b0e1-bec60a26891d","childs":null,"emcosID":null,"emcosMLID":null,"codMaketTEP":null,"codTEP":null,"WSName":"DB","rangeAddress":"$HG$95:$HG$132","headAddress":"$HG$95","bodyAddress":"$HG$96:$HG$132","_name":"корректировка факт"},"ручное":{"_level":2,"parentID":"c8e235e4-f432-4c9b-92ba-404dc470e68c","firstParentID":"16074114-ad8b-453a-a6e6-1d37c741b244","ID":"abc18ede-cbea-496a-b8f1-08c781fb3a9b","childs":null,"emcosID":null,"emcosMLID":null,"codMaketTEP":null,"codTEP":null,"WSName":"DB","rangeAddress":"$HH$95:$HH$132","headAddress":"$HH$95","bodyAddress":"$HH$96:$HH$132","_name":"ручное"}},"emcosID":null,"emcosMLID":null,"codMaketTEP":null,"codTEP":null,"WSName":"DB","rangeAddress":"$HE$94:$HH$132","headAddress":"$HE$94:$HH$94","bodyAddress":"$HE$95:$HH$132","_name":"прием"},"отдача":{"_level":1,"parentID":"bb9d4d9e-dc27-498d-9182-20a29e8e8e3c","firstParentID":"16074114-ad8b-453a-a6e6-1d37c741b244","ID":"8536b0e4-214c-4db6-8b07-650c1d919b81","childs":{"код":{"_level":2,"parentID":"8536b0e4-214c-4db6-8b07-650c1d919b81","firstParentID":"16074114-ad8b-453a-a6e6-1d37c741b244","ID":"99801969-b8be-4584-8b46-f9f78b759124","childs":null,"emcosID":null,"emcosMLID":null,"codMaketTEP":null,"codTEP":null,"WSName":"DB","rangeAddress":"$HI$95:$HI$132","headAddress":"$HI$95","bodyAddress":"$HI$96:$HI$132","_name":"код"},"основное":{"_level":2,"parentID":"8536b0e4-214c-4db6-8b07-650c1d919b81","firstParentID":"16074114-ad8b-453a-a6e6-1d37c741b244","ID":"d951dcaf-34ff-4899-9a19-02d8bd487aee","childs":null,"emcosID":null,"emcosMLID":null,"codMaketTEP":null,"codTEP":null,"WSName":"DB","rangeAddress":"$HJ$95:$HJ$132","headAddress":"$HJ$95","bodyAddress":"$HJ$96:$HJ$132","_name":"основное"},"корректировка факт":{"_level":2,"parentID":"8536b0e4-214c-4db6-8b07-650c1d919b81","firstParentID":"16074114-ad8b-453a-a6e6-1d37c741b244","ID":"05010ab9-bc73-4b94-aa23-f5cf8a65ec32","childs":null,"emcosID":null,"emcosMLID":null,"codMaketTEP":null,"codTEP":null,"WSName":"DB","rangeAddress":"$HK$95:$HK$132","headAddress":"$HK$95","bodyAddress":"$HK$96:$HK$132","_name":"корректировка факт"},"ручное":{"_level":2,"parentID":"8536b0e4-214c-4db6-8b07-650c1d919b81","firstParentID":"16074114-ad8b-453a-a6e6-1d37c741b244","ID":"cb69b221-4414-4fc7-b4b9-5e56f06d7df0","childs":null,"emcosID":null,"emcosMLID":null,"codMaketTEP":null,"codTEP":null,"WSName":"DB","rangeAddress":"$HL$95:$HL$132","headAddress":"$HL$95","bodyAddress":"$HL$96:$HL$132","_name":"ручное"}},"emcosID":null,"emcosMLID":null,"codMaketTEP":null,"codTEP":null,"WSName":"DB","rangeAddress":"$HI$94:$HL$132","headAddress":"$HI$94:$HL$94","bodyAddress":"$HI$95:$HL$132","_name":"отдача"}},"emcosID":null,"emcosMLID":null,"codMaketTEP":null,"codTEP":null,"WSName":"DB","rangeAddress":"$HE$93:$HL$132","headAddress":"$HE$93:$HL$93","bodyAddress":"$HE$94:$HL$132","_name":"Л2143 АХБК 7А"}},"codPlan":null,"meterCoef":null,"_name":"Л2143 АХБК 7А"}