{"ID":"17054d53-3592-426c-9483-3a591d8e7cf0","childs":{"PS":{"_level":0,"parentID":"17054d53-3592-426c-9483-3a591d8e7cf0","firstParentID":"17054d53-3592-426c-9483-3a591d8e7cf0","ID":"9a9b36e0-67b2-42fa-9016-37ba862a67d1","childs":{"прием":{"_level":1,"parentID":"9a9b36e0-67b2-42fa-9016-37ba862a67d1","firstParentID":"17054d53-3592-426c-9483-3a591d8e7cf0","ID":"a2e84faa-b35e-4901-b220-d8977866903a","childs":{"формула":{"_level":2,"parentID":"a2e84faa-b35e-4901-b220-d8977866903a","firstParentID":"17054d53-3592-426c-9483-3a591d8e7cf0","ID":"b525fab9-3aad-421e-8b35-0fe156674536","childs":null,"emcosID":null,"emcosMLID":null,"codMaketTEP":null,"codTEP":null,"WSName":"PS","rangeAddress":"$AR$185:$AR$221","headAddress":"$AR$185","bodyAddress":"$AR$186:$AR$221","_name":"формула"}},"emcosID":null,"emcosMLID":null,"codMaketTEP":null,"codTEP":null,"WSName":"PS","rangeAddress":"$AR$184:$AR$221","headAddress":"$AR$184","bodyAddress":"$AR$185:$AR$221","_name":"прием"}},"emcosID":null,"emcosMLID":null,"codMaketTEP":null,"codTEP":null,"WSName":"PS","rangeAddress":"$AR$183:$AR$221","headAddress":"$AR$183","bodyAddress":"$AR$184:$AR$221","_name":"Потребление Международный аэропорт Алматы"},"DB":{"_level":0,"parentID":"17054d53-3592-426c-9483-3a591d8e7cf0","firstParentID":"17054d53-3592-426c-9483-3a591d8e7cf0","ID":"ddaec8e7-28aa-4664-a2e7-879c19d55482","childs":{"прием":{"_level":1,"parentID":"ddaec8e7-28aa-4664-a2e7-879c19d55482","firstParentID":"17054d53-3592-426c-9483-3a591d8e7cf0","ID":"d8959ef4-94c5-4012-9625-192f3a020a50","childs":{"код":{"_level":2,"parentID":"d8959ef4-94c5-4012-9625-192f3a020a50","firstParentID":"17054d53-3592-426c-9483-3a591d8e7cf0","ID":"6defb373-43b7-4da4-b3ee-f6cb8c3b2187","childs":null,"emcosID":null,"emcosMLID":null,"codMaketTEP":null,"codTEP":null,"WSName":"DB","rangeAddress":"$EW$439:$EW$476","headAddress":"$EW$439","bodyAddress":"$EW$440:$EW$476","_name":"код"},"основное":{"_level":2,"parentID":"d8959ef4-94c5-4012-9625-192f3a020a50","firstParentID":"17054d53-3592-426c-9483-3a591d8e7cf0","ID":"656be4f1-e12b-49b7-839b-bb7bb82ecb45","childs":null,"emcosID":null,"emcosMLID":null,"codMaketTEP":null,"codTEP":null,"WSName":"DB","rangeAddress":"$EX$439:$EX$476","headAddress":"$EX$439","bodyAddress":"$EX$440:$EX$476","_name":"основное"},"корректировка факт":{"_level":2,"parentID":"d8959ef4-94c5-4012-9625-192f3a020a50","firstParentID":"17054d53-3592-426c-9483-3a591d8e7cf0","ID":"18ddd264-c957-4739-8d92-75621ffbea09","childs":null,"emcosID":null,"emcosMLID":null,"codMaketTEP":null,"codTEP":null,"WSName":"DB","rangeAddress":"$EY$439:$EY$476","headAddress":"$EY$439","bodyAddress":"$EY$440:$EY$476","_name":"корректировка факт"},"ручное":{"_level":2,"parentID":"d8959ef4-94c5-4012-9625-192f3a020a50","firstParentID":"17054d53-3592-426c-9483-3a591d8e7cf0","ID":"5493cfc7-a293-4f98-975f-076f79f1a0de","childs":null,"emcosID":null,"emcosMLID":null,"codMaketTEP":null,"codTEP":null,"WSName":"DB","rangeAddress":"$EZ$439:$EZ$476","headAddress":"$EZ$439","bodyAddress":"$EZ$440:$EZ$476","_name":"ручное"},"формула":{"_level":2,"parentID":"d8959ef4-94c5-4012-9625-192f3a020a50","firstParentID":"17054d53-3592-426c-9483-3a591d8e7cf0","ID":"7295974f-0d76-418b-9240-26881ee1a2a6","childs":null,"emcosID":null,"emcosMLID":null,"codMaketTEP":null,"codTEP":null,"WSName":"DB","rangeAddress":"$FA$439:$FA$476","headAddress":"$FA$439","bodyAddress":"$FA$440:$FA$476","_name":"формула"}},"emcosID":null,"emcosMLID":null,"codMaketTEP":null,"codTEP":null,"WSName":"DB","rangeAddress":"$EW$438:$FA$476","headAddress":"$EW$438:$FA$438","bodyAddress":"$EW$439:$FA$476","_name":"прием"}},"emcosID":null,"emcosMLID":null,"codMaketTEP":null,"codTEP":null,"WSName":"DB","rangeAddress":"$EW$437:$FA$476","headAddress":"$EW$437:$FA$437","bodyAddress":"$EW$438:$FA$476","_name":"Потребление Международный аэропорт Алматы"}},"codPlan":null,"meterCoef":null,"_name":"Потребление Международный аэропорт Алматы"}