{"ID":"17d4ad03-fa8b-4c52-abc3-c00f8df0f5f0","childs":{"PS":{"_level":0,"parentID":"17d4ad03-fa8b-4c52-abc3-c00f8df0f5f0","firstParentID":"17d4ad03-fa8b-4c52-abc3-c00f8df0f5f0","ID":"8f9d339e-74c7-4e14-815f-08e3c014534f","childs":{"прием":{"_level":1,"parentID":"8f9d339e-74c7-4e14-815f-08e3c014534f","firstParentID":"17d4ad03-fa8b-4c52-abc3-c00f8df0f5f0","ID":"81dbd5d3-cee3-4a7c-8585-d38bf7ef5d36","childs":{"ручное":{"_level":2,"parentID":"81dbd5d3-cee3-4a7c-8585-d38bf7ef5d36","firstParentID":"17d4ad03-fa8b-4c52-abc3-c00f8df0f5f0","ID":"5e6bc4b4-3e15-438f-b6f0-30dea8888fd8","childs":null,"emcosID":null,"emcosMLID":null,"codMaketTEP":null,"codTEP":null,"WSName":"PS","rangeAddress":"$R$142:$R$178","headAddress":"$R$142","bodyAddress":"$R$143:$R$178","_name":"ручное"}},"emcosID":null,"emcosMLID":null,"codMaketTEP":null,"codTEP":null,"WSName":"PS","rangeAddress":"$R$141:$R$178","headAddress":"$R$141","bodyAddress":"$R$142:$R$178","_name":"прием"},"отдача":{"_level":1,"parentID":"8f9d339e-74c7-4e14-815f-08e3c014534f","firstParentID":"17d4ad03-fa8b-4c52-abc3-c00f8df0f5f0","ID":"e8e680c3-232f-4fcd-be43-8bb635ea55f5","childs":{"ручное":{"_level":2,"parentID":"e8e680c3-232f-4fcd-be43-8bb635ea55f5","firstParentID":"17d4ad03-fa8b-4c52-abc3-c00f8df0f5f0","ID":"c7bb2d3e-674a-4ef4-b0ab-8a5600abc6ea","childs":null,"emcosID":null,"emcosMLID":null,"codMaketTEP":null,"codTEP":null,"WSName":"PS","rangeAddress":"$S$142:$S$178","headAddress":"$S$142","bodyAddress":"$S$143:$S$178","_name":"ручное"}},"emcosID":null,"emcosMLID":null,"codMaketTEP":null,"codTEP":null,"WSName":"PS","rangeAddress":"$S$141:$S$178","headAddress":"$S$141","bodyAddress":"$S$142:$S$178","_name":"отдача"}},"emcosID":null,"emcosMLID":null,"codMaketTEP":null,"codTEP":null,"WSName":"PS","rangeAddress":"$R$140:$S$178","headAddress":"$R$140:$S$140","bodyAddress":"$R$141:$S$178","_name":"Л153Т РУ ТТЭЦ2"},"DB":{"_level":0,"parentID":"17d4ad03-fa8b-4c52-abc3-c00f8df0f5f0","firstParentID":"17d4ad03-fa8b-4c52-abc3-c00f8df0f5f0","ID":"0daf6366-8e5f-4f5d-be12-d941b8be0902","childs":{"прием":{"_level":1,"parentID":"0daf6366-8e5f-4f5d-be12-d941b8be0902","firstParentID":"17d4ad03-fa8b-4c52-abc3-c00f8df0f5f0","ID":"3daa8052-f0c3-407c-918c-f97d02a15d76","childs":{"код":{"_level":2,"parentID":"3daa8052-f0c3-407c-918c-f97d02a15d76","firstParentID":"17d4ad03-fa8b-4c52-abc3-c00f8df0f5f0","ID":"820bab30-95a2-46cc-b975-921b5138377b","childs":null,"emcosID":null,"emcosMLID":null,"codMaketTEP":null,"codTEP":null,"WSName":"DB","rangeAddress":"$DX$224:$DX$261","headAddress":"$DX$224","bodyAddress":"$DX$225:$DX$261","_name":"код"},"основное":{"_level":2,"parentID":"3daa8052-f0c3-407c-918c-f97d02a15d76","firstParentID":"17d4ad03-fa8b-4c52-abc3-c00f8df0f5f0","ID":"bbdbf4c4-6279-4114-87a8-3e82e79cbef4","childs":null,"emcosID":null,"emcosMLID":null,"codMaketTEP":null,"codTEP":null,"WSName":"DB","rangeAddress":"$DY$224:$DY$261","headAddress":"$DY$224","bodyAddress":"$DY$225:$DY$261","_name":"основное"},"корректировка факт":{"_level":2,"parentID":"3daa8052-f0c3-407c-918c-f97d02a15d76","firstParentID":"17d4ad03-fa8b-4c52-abc3-c00f8df0f5f0","ID":"cf1df737-cfc6-4cf2-b819-8abb20f79718","childs":null,"emcosID":null,"emcosMLID":null,"codMaketTEP":null,"codTEP":null,"WSName":"DB","rangeAddress":"$DZ$224:$DZ$261","headAddress":"$DZ$224","bodyAddress":"$DZ$225:$DZ$261","_name":"корректировка факт"},"ручное":{"_level":2,"parentID":"3daa8052-f0c3-407c-918c-f97d02a15d76","firstParentID":"17d4ad03-fa8b-4c52-abc3-c00f8df0f5f0","ID":"a9ea8a95-d9a8-4210-843a-ce4818ed0eef","childs":null,"emcosID":null,"emcosMLID":null,"codMaketTEP":null,"codTEP":null,"WSName":"DB","rangeAddress":"$EA$224:$EA$261","headAddress":"$EA$224","bodyAddress":"$EA$225:$EA$261","_name":"ручное"}},"emcosID":null,"emcosMLID":null,"codMaketTEP":null,"codTEP":null,"WSName":"DB","rangeAddress":"$DX$223:$EA$261","headAddress":"$DX$223:$EA$223","bodyAddress":"$DX$224:$EA$261","_name":"прием"},"отдача":{"_level":1,"parentID":"0daf6366-8e5f-4f5d-be12-d941b8be0902","firstParentID":"17d4ad03-fa8b-4c52-abc3-c00f8df0f5f0","ID":"70083d74-5760-4e7b-8100-4da4a68c09e8","childs":{"код":{"_level":2,"parentID":"70083d74-5760-4e7b-8100-4da4a68c09e8","firstParentID":"17d4ad03-fa8b-4c52-abc3-c00f8df0f5f0","ID":"da24b45b-1f3a-4365-8248-aa039bc04fc4","childs":null,"emcosID":null,"emcosMLID":null,"codMaketTEP":null,"codTEP":null,"WSName":"DB","rangeAddress":"$EB$224:$EB$261","headAddress":"$EB$224","bodyAddress":"$EB$225:$EB$261","_name":"код"},"основное":{"_level":2,"parentID":"70083d74-5760-4e7b-8100-4da4a68c09e8","firstParentID":"17d4ad03-fa8b-4c52-abc3-c00f8df0f5f0","ID":"46f84bd2-6d0c-4084-85cb-86b7806a5abf","childs":null,"emcosID":null,"emcosMLID":null,"codMaketTEP":null,"codTEP":null,"WSName":"DB","rangeAddress":"$EC$224:$EC$261","headAddress":"$EC$224","bodyAddress":"$EC$225:$EC$261","_name":"основное"},"корректировка факт":{"_level":2,"parentID":"70083d74-5760-4e7b-8100-4da4a68c09e8","firstParentID":"17d4ad03-fa8b-4c52-abc3-c00f8df0f5f0","ID":"67926077-94be-4c9e-92a7-4302dbbd6850","childs":null,"emcosID":null,"emcosMLID":null,"codMaketTEP":null,"codTEP":null,"WSName":"DB","rangeAddress":"$ED$224:$ED$261","headAddress":"$ED$224","bodyAddress":"$ED$225:$ED$261","_name":"корректировка факт"},"ручное":{"_level":2,"parentID":"70083d74-5760-4e7b-8100-4da4a68c09e8","firstParentID":"17d4ad03-fa8b-4c52-abc3-c00f8df0f5f0","ID":"7fbff632-f2d9-437e-997b-b378fa3954b4","childs":null,"emcosID":null,"emcosMLID":null,"codMaketTEP":null,"codTEP":null,"WSName":"DB","rangeAddress":"$EE$224:$EE$261","headAddress":"$EE$224","bodyAddress":"$EE$225:$EE$261","_name":"ручное"}},"emcosID":null,"emcosMLID":null,"codMaketTEP":null,"codTEP":null,"WSName":"DB","rangeAddress":"$EB$223:$EE$261","headAddress":"$EB$223:$EE$223","bodyAddress":"$EB$224:$EE$261","_name":"отдача"}},"emcosID":null,"emcosMLID":null,"codMaketTEP":null,"codTEP":null,"WSName":"DB","rangeAddress":"$DX$222:$EE$261","headAddress":"$DX$222:$EE$222","bodyAddress":"$DX$223:$EE$261","_name":"Л153Т РУ ТТЭЦ2"}},"codPlan":null,"meterCoef":null,"_name":"Л153Т РУ ТТЭЦ2"}