{"ID":"188a3038-54f0-455b-ba1a-3ae29860417f","childs":{"PS":{"_level":0,"parentID":"188a3038-54f0-455b-ba1a-3ae29860417f","firstParentID":"188a3038-54f0-455b-ba1a-3ae29860417f","ID":"82046349-1b3d-4f74-b183-1189f24bd2a0","childs":{"прием":{"_level":1,"parentID":"82046349-1b3d-4f74-b183-1189f24bd2a0","firstParentID":"188a3038-54f0-455b-ba1a-3ae29860417f","ID":"aa10fde9-a15b-440c-a7d6-e6aa4fc78f8f","childs":{"по счетчику":{"_level":2,"parentID":"aa10fde9-a15b-440c-a7d6-e6aa4fc78f8f","firstParentID":"188a3038-54f0-455b-ba1a-3ae29860417f","ID":"dfb56856-56aa-45a8-8bc5-1084987b0868","childs":null,"emcosID":null,"emcosMLID":null,"codMaketTEP":null,"codTEP":null,"WSName":"PS","rangeAddress":"$IP$99:$IP$135","headAddress":"$IP$99","bodyAddress":"$IP$100:$IP$135","_name":"по счетчику"},"СЧЕТЧИК":{"_level":2,"parentID":"aa10fde9-a15b-440c-a7d6-e6aa4fc78f8f","firstParentID":"188a3038-54f0-455b-ba1a-3ae29860417f","ID":"c3bb5b96-32eb-4838-8c57-23eca5abd9ce","childs":null,"emcosID":null,"emcosMLID":null,"codMaketTEP":null,"codTEP":null,"WSName":"PS","rangeAddress":"$IQ$99:$IQ$135","headAddress":"$IQ$99","bodyAddress":"$IQ$100:$IQ$135","_name":"СЧЕТЧИК"}},"emcosID":null,"emcosMLID":null,"codMaketTEP":null,"codTEP":null,"WSName":"PS","rangeAddress":"$IP$98:$IQ$135","headAddress":"$IP$98:$IQ$98","bodyAddress":"$IP$99:$IQ$135","_name":"прием"},"отдача":{"_level":1,"parentID":"82046349-1b3d-4f74-b183-1189f24bd2a0","firstParentID":"188a3038-54f0-455b-ba1a-3ae29860417f","ID":"3fc6c01a-3035-4db4-94ef-c54b0fc72ab2","childs":{"по счетчику":{"_level":2,"parentID":"3fc6c01a-3035-4db4-94ef-c54b0fc72ab2","firstParentID":"188a3038-54f0-455b-ba1a-3ae29860417f","ID":"c58204c9-c06f-4f26-b4c6-592cfff423d4","childs":null,"emcosID":null,"emcosMLID":null,"codMaketTEP":null,"codTEP":null,"WSName":"PS","rangeAddress":"$IR$99:$IR$135","headAddress":"$IR$99","bodyAddress":"$IR$100:$IR$135","_name":"по счетчику"},"СЧЕТЧИК":{"_level":2,"parentID":"3fc6c01a-3035-4db4-94ef-c54b0fc72ab2","firstParentID":"188a3038-54f0-455b-ba1a-3ae29860417f","ID":"cdca2fc4-dc08-4953-86cb-d4ad36e5787c","childs":null,"emcosID":null,"emcosMLID":null,"codMaketTEP":null,"codTEP":null,"WSName":"PS","rangeAddress":"$IS$99:$IS$135","headAddress":"$IS$99","bodyAddress":"$IS$100:$IS$135","_name":"СЧЕТЧИК"}},"emcosID":null,"emcosMLID":null,"codMaketTEP":null,"codTEP":null,"WSName":"PS","rangeAddress":"$IR$98:$IS$135","headAddress":"$IR$98:$IS$98","bodyAddress":"$IR$99:$IS$135","_name":"отдача"}},"emcosID":null,"emcosMLID":null,"codMaketTEP":null,"codTEP":null,"WSName":"PS","rangeAddress":"$IP$97:$IS$135","headAddress":"$IP$97:$IS$97","bodyAddress":"$IP$98:$IS$135","_name":"КЛ79 ПС152 Талдыкорган"},"DB":{"_level":0,"parentID":"188a3038-54f0-455b-ba1a-3ae29860417f","firstParentID":"188a3038-54f0-455b-ba1a-3ae29860417f","ID":"03502afa-88b0-4963-8ec1-bc2e12f987be","childs":{"прием":{"_level":1,"parentID":"03502afa-88b0-4963-8ec1-bc2e12f987be","firstParentID":"188a3038-54f0-455b-ba1a-3ae29860417f","ID":"2c2b55ec-8088-4c20-bb89-3b4f8930d18b","childs":{"код":{"_level":2,"parentID":"2c2b55ec-8088-4c20-bb89-3b4f8930d18b","firstParentID":"188a3038-54f0-455b-ba1a-3ae29860417f","ID":"00a1b26d-1e1d-4f49-bf4d-5d8c69f6ab13","childs":null,"emcosID":null,"emcosMLID":null,"codMaketTEP":null,"codTEP":null,"WSName":"DB","rangeAddress":"$DI$525:$DI$562","headAddress":"$DI$525","bodyAddress":"$DI$526:$DI$562","_name":"код"},"основное":{"_level":2,"parentID":"2c2b55ec-8088-4c20-bb89-3b4f8930d18b","firstParentID":"188a3038-54f0-455b-ba1a-3ae29860417f","ID":"8662b016-b88f-40dd-9d3a-ef7acfb3d42e","childs":null,"emcosID":null,"emcosMLID":null,"codMaketTEP":null,"codTEP":null,"WSName":"DB","rangeAddress":"$DJ$525:$DJ$562","headAddress":"$DJ$525","bodyAddress":"$DJ$526:$DJ$562","_name":"основное"},"корректировка факт":{"_level":2,"parentID":"2c2b55ec-8088-4c20-bb89-3b4f8930d18b","firstParentID":"188a3038-54f0-455b-ba1a-3ae29860417f","ID":"92a52b73-682b-431d-9902-134a0723017c","childs":null,"emcosID":null,"emcosMLID":null,"codMaketTEP":null,"codTEP":null,"WSName":"DB","rangeAddress":"$DK$525:$DK$562","headAddress":"$DK$525","bodyAddress":"$DK$526:$DK$562","_name":"корректировка факт"},"ручное":{"_level":2,"parentID":"2c2b55ec-8088-4c20-bb89-3b4f8930d18b","firstParentID":"188a3038-54f0-455b-ba1a-3ae29860417f","ID":"9849aec6-acf7-4ab6-acaf-d12134795b7d","childs":null,"emcosID":null,"emcosMLID":null,"codMaketTEP":null,"codTEP":null,"WSName":"DB","rangeAddress":"$DL$525:$DL$562","headAddress":"$DL$525","bodyAddress":"$DL$526:$DL$562","_name":"ручное"},"счетчик":{"_level":2,"parentID":"2c2b55ec-8088-4c20-bb89-3b4f8930d18b","firstParentID":"188a3038-54f0-455b-ba1a-3ae29860417f","ID":"ac72e7b4-b08a-4e16-bfab-8cf20f6dbd02","childs":null,"emcosID":null,"emcosMLID":null,"codMaketTEP":null,"codTEP":null,"WSName":"DB","rangeAddress":"$DM$525:$DM$562","headAddress":"$DM$525","bodyAddress":"$DM$526:$DM$562","_name":"счетчик"},"по счетчику":{"_level":2,"parentID":"2c2b55ec-8088-4c20-bb89-3b4f8930d18b","firstParentID":"188a3038-54f0-455b-ba1a-3ae29860417f","ID":"e80d33f6-a175-495b-8773-cac1b39fe1fb","childs":null,"emcosID":null,"emcosMLID":null,"codMaketTEP":null,"codTEP":null,"WSName":"DB","rangeAddress":"$DN$525:$DN$562","headAddress":"$DN$525","bodyAddress":"$DN$526:$DN$562","_name":"по счетчику"}},"emcosID":null,"emcosMLID":null,"codMaketTEP":null,"codTEP":null,"WSName":"DB","rangeAddress":"$DI$524:$DN$562","headAddress":"$DI$524:$DN$524","bodyAddress":"$DI$525:$DN$562","_name":"прием"},"отдача":{"_level":1,"parentID":"03502afa-88b0-4963-8ec1-bc2e12f987be","firstParentID":"188a3038-54f0-455b-ba1a-3ae29860417f","ID":"a368e68f-ed94-478f-9c64-b3386c82953d","childs":{"код":{"_level":2,"parentID":"a368e68f-ed94-478f-9c64-b3386c82953d","firstParentID":"188a3038-54f0-455b-ba1a-3ae29860417f","ID":"951824e7-5341-41bb-b7fc-320e955dd9b6","childs":null,"emcosID":null,"emcosMLID":null,"codMaketTEP":null,"codTEP":null,"WSName":"DB","rangeAddress":"$DO$525:$DO$562","headAddress":"$DO$525","bodyAddress":"$DO$526:$DO$562","_name":"код"},"основное":{"_level":2,"parentID":"a368e68f-ed94-478f-9c64-b3386c82953d","firstParentID":"188a3038-54f0-455b-ba1a-3ae29860417f","ID":"90551543-03fa-4ef2-9bb6-15eed0d8916b","childs":null,"emcosID":null,"emcosMLID":null,"codMaketTEP":null,"codTEP":null,"WSName":"DB","rangeAddress":"$DP$525:$DP$562","headAddress":"$DP$525","bodyAddress":"$DP$526:$DP$562","_name":"основное"},"корректировка факт":{"_level":2,"parentID":"a368e68f-ed94-478f-9c64-b3386c82953d","firstParentID":"188a3038-54f0-455b-ba1a-3ae29860417f","ID":"f689a85a-376d-44c0-8517-63af090b5c01","childs":null,"emcosID":null,"emcosMLID":null,"codMaketTEP":null,"codTEP":null,"WSName":"DB","rangeAddress":"$DQ$525:$DQ$562","headAddress":"$DQ$525","bodyAddress":"$DQ$526:$DQ$562","_name":"корректировка факт"},"ручное":{"_level":2,"parentID":"a368e68f-ed94-478f-9c64-b3386c82953d","firstParentID":"188a3038-54f0-455b-ba1a-3ae29860417f","ID":"61cb25eb-e824-464a-8cb0-8af77770baac","childs":null,"emcosID":null,"emcosMLID":null,"codMaketTEP":null,"codTEP":null,"WSName":"DB","rangeAddress":"$DR$525:$DR$562","headAddress":"$DR$525","bodyAddress":"$DR$526:$DR$562","_name":"ручное"},"счетчик":{"_level":2,"parentID":"a368e68f-ed94-478f-9c64-b3386c82953d","firstParentID":"188a3038-54f0-455b-ba1a-3ae29860417f","ID":"3e6de21a-6f20-4bfb-a24d-6877f22bc37c","childs":null,"emcosID":null,"emcosMLID":null,"codMaketTEP":null,"codTEP":null,"WSName":"DB","rangeAddress":"$DS$525:$DS$562","headAddress":"$DS$525","bodyAddress":"$DS$526:$DS$562","_name":"счетчик"},"по счетчику":{"_level":2,"parentID":"a368e68f-ed94-478f-9c64-b3386c82953d","firstParentID":"188a3038-54f0-455b-ba1a-3ae29860417f","ID":"91667325-eb13-410e-a14e-acea13d81ba1","childs":null,"emcosID":null,"emcosMLID":null,"codMaketTEP":null,"codTEP":null,"WSName":"DB","rangeAddress":"$DT$525:$DT$562","headAddress":"$DT$525","bodyAddress":"$DT$526:$DT$562","_name":"по счетчику"}},"emcosID":null,"emcosMLID":null,"codMaketTEP":null,"codTEP":null,"WSName":"DB","rangeAddress":"$DO$524:$DT$562","headAddress":"$DO$524:$DT$524","bodyAddress":"$DO$525:$DT$562","_name":"отдача"}},"emcosID":null,"emcosMLID":null,"codMaketTEP":null,"codTEP":null,"WSName":"DB","rangeAddress":"$DI$523:$DT$562","headAddress":"$DI$523:$DT$523","bodyAddress":"$DI$524:$DT$562","_name":"КЛ79 ПС152 Талдыкорган"}},"codPlan":null,"meterCoef":"6","_name":"КЛ79 ПС152 Талдыкорган"}