{"ID":"18f32056-7aea-415e-8b5d-c666b9307827","childs":{"PS":{"_level":0,"parentID":"18f32056-7aea-415e-8b5d-c666b9307827","firstParentID":"18f32056-7aea-415e-8b5d-c666b9307827","ID":"776169fb-5726-4cfd-8974-21337b5ec8dd","childs":{"прием":{"_level":1,"parentID":"776169fb-5726-4cfd-8974-21337b5ec8dd","firstParentID":"18f32056-7aea-415e-8b5d-c666b9307827","ID":"4bb2cf9a-31b3-4089-a070-c5657effd927","childs":{"по счетчику":{"_level":2,"parentID":"4bb2cf9a-31b3-4089-a070-c5657effd927","firstParentID":"18f32056-7aea-415e-8b5d-c666b9307827","ID":"e837d562-8a2d-4de6-a56e-b8e985f470b5","childs":null,"emcosID":null,"emcosMLID":null,"codMaketTEP":null,"codTEP":null,"WSName":"PS","rangeAddress":"$HF$99:$HF$135","headAddress":"$HF$99","bodyAddress":"$HF$100:$HF$135","_name":"по счетчику"},"СЧЕТЧИК":{"_level":2,"parentID":"4bb2cf9a-31b3-4089-a070-c5657effd927","firstParentID":"18f32056-7aea-415e-8b5d-c666b9307827","ID":"4806cb8a-c7d8-4360-aa47-c260f0b2e217","childs":null,"emcosID":null,"emcosMLID":null,"codMaketTEP":null,"codTEP":null,"WSName":"PS","rangeAddress":"$HG$99:$HG$135","headAddress":"$HG$99","bodyAddress":"$HG$100:$HG$135","_name":"СЧЕТЧИК"}},"emcosID":null,"emcosMLID":null,"codMaketTEP":null,"codTEP":null,"WSName":"PS","rangeAddress":"$HF$98:$HG$135","headAddress":"$HF$98:$HG$98","bodyAddress":"$HF$99:$HG$135","_name":"прием"},"отдача":{"_level":1,"parentID":"776169fb-5726-4cfd-8974-21337b5ec8dd","firstParentID":"18f32056-7aea-415e-8b5d-c666b9307827","ID":"db6a14b7-e31b-4cd8-92be-6376cb00c146","childs":{"по счетчику":{"_level":2,"parentID":"db6a14b7-e31b-4cd8-92be-6376cb00c146","firstParentID":"18f32056-7aea-415e-8b5d-c666b9307827","ID":"48c803e9-ffee-450f-b82d-a9b4f9bd9c87","childs":null,"emcosID":null,"emcosMLID":null,"codMaketTEP":null,"codTEP":null,"WSName":"PS","rangeAddress":"$HH$99:$HH$135","headAddress":"$HH$99","bodyAddress":"$HH$100:$HH$135","_name":"по счетчику"},"СЧЕТЧИК":{"_level":2,"parentID":"db6a14b7-e31b-4cd8-92be-6376cb00c146","firstParentID":"18f32056-7aea-415e-8b5d-c666b9307827","ID":"f20b4cdc-ed89-4d86-88e9-2b3e68fbd56b","childs":null,"emcosID":null,"emcosMLID":null,"codMaketTEP":null,"codTEP":null,"WSName":"PS","rangeAddress":"$HI$99:$HI$135","headAddress":"$HI$99","bodyAddress":"$HI$100:$HI$135","_name":"СЧЕТЧИК"}},"emcosID":null,"emcosMLID":null,"codMaketTEP":null,"codTEP":null,"WSName":"PS","rangeAddress":"$HH$98:$HI$135","headAddress":"$HH$98:$HI$98","bodyAddress":"$HH$99:$HI$135","_name":"отдача"}},"emcosID":null,"emcosMLID":null,"codMaketTEP":null,"codTEP":null,"WSName":"PS","rangeAddress":"$HF$97:$HI$135","headAddress":"$HF$97:$HI$97","bodyAddress":"$HF$98:$HI$135","_name":"КЛ49 ПС152 Талдыкорган"},"DB":{"_level":0,"parentID":"18f32056-7aea-415e-8b5d-c666b9307827","firstParentID":"18f32056-7aea-415e-8b5d-c666b9307827","ID":"eb71d2ce-40ea-429a-9c65-5dc4e1c4ae7e","childs":{"прием":{"_level":1,"parentID":"eb71d2ce-40ea-429a-9c65-5dc4e1c4ae7e","firstParentID":"18f32056-7aea-415e-8b5d-c666b9307827","ID":"630a2bd8-7683-4a72-a685-1a06c63c127b","childs":{"код":{"_level":2,"parentID":"630a2bd8-7683-4a72-a685-1a06c63c127b","firstParentID":"18f32056-7aea-415e-8b5d-c666b9307827","ID":"4cb6d036-d64b-498d-9566-99c02d64c981","childs":null,"emcosID":null,"emcosMLID":null,"codMaketTEP":null,"codTEP":null,"WSName":"DB","rangeAddress":"$HM$525:$HM$562","headAddress":"$HM$525","bodyAddress":"$HM$526:$HM$562","_name":"код"},"основное":{"_level":2,"parentID":"630a2bd8-7683-4a72-a685-1a06c63c127b","firstParentID":"18f32056-7aea-415e-8b5d-c666b9307827","ID":"d0d11e8f-6c41-45e9-853b-e0c6c3a78fba","childs":null,"emcosID":null,"emcosMLID":null,"codMaketTEP":null,"codTEP":null,"WSName":"DB","rangeAddress":"$HN$525:$HN$562","headAddress":"$HN$525","bodyAddress":"$HN$526:$HN$562","_name":"основное"},"корректировка факт":{"_level":2,"parentID":"630a2bd8-7683-4a72-a685-1a06c63c127b","firstParentID":"18f32056-7aea-415e-8b5d-c666b9307827","ID":"e068e5c7-d05e-4c9a-a24a-b3e9e97415e2","childs":null,"emcosID":null,"emcosMLID":null,"codMaketTEP":null,"codTEP":null,"WSName":"DB","rangeAddress":"$HO$525:$HO$562","headAddress":"$HO$525","bodyAddress":"$HO$526:$HO$562","_name":"корректировка факт"},"ручное":{"_level":2,"parentID":"630a2bd8-7683-4a72-a685-1a06c63c127b","firstParentID":"18f32056-7aea-415e-8b5d-c666b9307827","ID":"b3024853-01ed-4626-b204-644b3cc220f9","childs":null,"emcosID":null,"emcosMLID":null,"codMaketTEP":null,"codTEP":null,"WSName":"DB","rangeAddress":"$HP$525:$HP$562","headAddress":"$HP$525","bodyAddress":"$HP$526:$HP$562","_name":"ручное"},"счетчик":{"_level":2,"parentID":"630a2bd8-7683-4a72-a685-1a06c63c127b","firstParentID":"18f32056-7aea-415e-8b5d-c666b9307827","ID":"4743987c-911a-4abc-b6a2-5982be7f980a","childs":null,"emcosID":null,"emcosMLID":null,"codMaketTEP":null,"codTEP":null,"WSName":"DB","rangeAddress":"$HQ$525:$HQ$562","headAddress":"$HQ$525","bodyAddress":"$HQ$526:$HQ$562","_name":"счетчик"},"по счетчику":{"_level":2,"parentID":"630a2bd8-7683-4a72-a685-1a06c63c127b","firstParentID":"18f32056-7aea-415e-8b5d-c666b9307827","ID":"b7a2a700-9e8c-44e3-a153-e3d1ee487275","childs":null,"emcosID":null,"emcosMLID":null,"codMaketTEP":null,"codTEP":null,"WSName":"DB","rangeAddress":"$HR$525:$HR$562","headAddress":"$HR$525","bodyAddress":"$HR$526:$HR$562","_name":"по счетчику"}},"emcosID":null,"emcosMLID":null,"codMaketTEP":null,"codTEP":null,"WSName":"DB","rangeAddress":"$HM$524:$HR$562","headAddress":"$HM$524:$HR$524","bodyAddress":"$HM$525:$HR$562","_name":"прием"},"отдача":{"_level":1,"parentID":"eb71d2ce-40ea-429a-9c65-5dc4e1c4ae7e","firstParentID":"18f32056-7aea-415e-8b5d-c666b9307827","ID":"4f062d7d-bb23-4159-bd0f-f6b3eff8ee8d","childs":{"код":{"_level":2,"parentID":"4f062d7d-bb23-4159-bd0f-f6b3eff8ee8d","firstParentID":"18f32056-7aea-415e-8b5d-c666b9307827","ID":"834c2bab-fddb-420c-aee0-4517a8928c25","childs":null,"emcosID":null,"emcosMLID":null,"codMaketTEP":null,"codTEP":null,"WSName":"DB","rangeAddress":"$HS$525:$HS$562","headAddress":"$HS$525","bodyAddress":"$HS$526:$HS$562","_name":"код"},"основное":{"_level":2,"parentID":"4f062d7d-bb23-4159-bd0f-f6b3eff8ee8d","firstParentID":"18f32056-7aea-415e-8b5d-c666b9307827","ID":"e5108a5a-db10-442a-bf99-67a396083dd4","childs":null,"emcosID":null,"emcosMLID":null,"codMaketTEP":null,"codTEP":null,"WSName":"DB","rangeAddress":"$HT$525:$HT$562","headAddress":"$HT$525","bodyAddress":"$HT$526:$HT$562","_name":"основное"},"корректировка факт":{"_level":2,"parentID":"4f062d7d-bb23-4159-bd0f-f6b3eff8ee8d","firstParentID":"18f32056-7aea-415e-8b5d-c666b9307827","ID":"48e6c722-ccd1-4330-bf2e-3293e03fd7ac","childs":null,"emcosID":null,"emcosMLID":null,"codMaketTEP":null,"codTEP":null,"WSName":"DB","rangeAddress":"$HU$525:$HU$562","headAddress":"$HU$525","bodyAddress":"$HU$526:$HU$562","_name":"корректировка факт"},"ручное":{"_level":2,"parentID":"4f062d7d-bb23-4159-bd0f-f6b3eff8ee8d","firstParentID":"18f32056-7aea-415e-8b5d-c666b9307827","ID":"eab0c080-f8ea-4654-8d7b-79c8cbae4470","childs":null,"emcosID":null,"emcosMLID":null,"codMaketTEP":null,"codTEP":null,"WSName":"DB","rangeAddress":"$HV$525:$HV$562","headAddress":"$HV$525","bodyAddress":"$HV$526:$HV$562","_name":"ручное"},"счетчик":{"_level":2,"parentID":"4f062d7d-bb23-4159-bd0f-f6b3eff8ee8d","firstParentID":"18f32056-7aea-415e-8b5d-c666b9307827","ID":"f53be3cd-e8f2-4875-acb4-1c7c9e290279","childs":null,"emcosID":null,"emcosMLID":null,"codMaketTEP":null,"codTEP":null,"WSName":"DB","rangeAddress":"$HW$525:$HW$562","headAddress":"$HW$525","bodyAddress":"$HW$526:$HW$562","_name":"счетчик"},"по счетчику":{"_level":2,"parentID":"4f062d7d-bb23-4159-bd0f-f6b3eff8ee8d","firstParentID":"18f32056-7aea-415e-8b5d-c666b9307827","ID":"6f3fd995-98f5-48b0-bcab-aa72b587ff54","childs":null,"emcosID":null,"emcosMLID":null,"codMaketTEP":null,"codTEP":null,"WSName":"DB","rangeAddress":"$HX$525:$HX$562","headAddress":"$HX$525","bodyAddress":"$HX$526:$HX$562","_name":"по счетчику"}},"emcosID":null,"emcosMLID":null,"codMaketTEP":null,"codTEP":null,"WSName":"DB","rangeAddress":"$HS$524:$HX$562","headAddress":"$HS$524:$HX$524","bodyAddress":"$HS$525:$HX$562","_name":"отдача"}},"emcosID":null,"emcosMLID":null,"codMaketTEP":null,"codTEP":null,"WSName":"DB","rangeAddress":"$HM$523:$HX$562","headAddress":"$HM$523:$HX$523","bodyAddress":"$HM$524:$HX$562","_name":"КЛ49 ПС152 Талдыкорган"}},"codPlan":null,"meterCoef":"2","_name":"КЛ49 ПС152 Талдыкорган"}