{"ID":"19018615-3b68-4e93-8236-03b792ebbe93","childs":{"PS":{"_level":0,"parentID":"19018615-3b68-4e93-8236-03b792ebbe93","firstParentID":"19018615-3b68-4e93-8236-03b792ebbe93","ID":"0f28115a-f08d-4a9c-8e54-d88908de5f37","childs":{"прием":{"_level":1,"parentID":"0f28115a-f08d-4a9c-8e54-d88908de5f37","firstParentID":"19018615-3b68-4e93-8236-03b792ebbe93","ID":"576f7e50-8567-4aa8-9399-1afac0ff7ef5","childs":{"ручное":{"_level":2,"parentID":"576f7e50-8567-4aa8-9399-1afac0ff7ef5","firstParentID":"19018615-3b68-4e93-8236-03b792ebbe93","ID":"9637b9cb-8bb3-44b0-9f5b-9ca21473ad8a","childs":null,"emcosID":null,"emcosMLID":null,"codMaketTEP":null,"codTEP":null,"WSName":"PS","rangeAddress":"$BJ$99:$BJ$135","headAddress":"$BJ$99","bodyAddress":"$BJ$100:$BJ$135","_name":"ручное"}},"emcosID":null,"emcosMLID":null,"codMaketTEP":null,"codTEP":null,"WSName":"PS","rangeAddress":"$BJ$98:$BJ$135","headAddress":"$BJ$98","bodyAddress":"$BJ$99:$BJ$135","_name":"прием"}},"emcosID":null,"emcosMLID":null,"codMaketTEP":null,"codTEP":null,"WSName":"PS","rangeAddress":"$BJ$97:$BJ$135","headAddress":"$BJ$97","bodyAddress":"$BJ$98:$BJ$135","_name":"с.н. ПС152 Талдыкорган"},"DB":{"_level":0,"parentID":"19018615-3b68-4e93-8236-03b792ebbe93","firstParentID":"19018615-3b68-4e93-8236-03b792ebbe93","ID":"c41b64ce-e460-4420-8c87-2730964bb6b1","childs":{"прием":{"_level":1,"parentID":"c41b64ce-e460-4420-8c87-2730964bb6b1","firstParentID":"19018615-3b68-4e93-8236-03b792ebbe93","ID":"f494539a-8ab0-4813-9ada-2ebae72f641f","childs":{"код":{"_level":2,"parentID":"f494539a-8ab0-4813-9ada-2ebae72f641f","firstParentID":"19018615-3b68-4e93-8236-03b792ebbe93","ID":"cad76290-e513-4e95-bf8f-3a051ea99bee","childs":null,"emcosID":null,"emcosMLID":null,"codMaketTEP":null,"codTEP":null,"WSName":"DB","rangeAddress":"$FU$224:$FU$261","headAddress":"$FU$224","bodyAddress":"$FU$225:$FU$261","_name":"код"},"основное":{"_level":2,"parentID":"f494539a-8ab0-4813-9ada-2ebae72f641f","firstParentID":"19018615-3b68-4e93-8236-03b792ebbe93","ID":"269e852a-0211-4188-8d22-7eb1923f9baa","childs":null,"emcosID":null,"emcosMLID":null,"codMaketTEP":null,"codTEP":null,"WSName":"DB","rangeAddress":"$FV$224:$FV$261","headAddress":"$FV$224","bodyAddress":"$FV$225:$FV$261","_name":"основное"},"корректировка факт":{"_level":2,"parentID":"f494539a-8ab0-4813-9ada-2ebae72f641f","firstParentID":"19018615-3b68-4e93-8236-03b792ebbe93","ID":"7519495c-a090-4165-ad88-fc16f04ab927","childs":null,"emcosID":null,"emcosMLID":null,"codMaketTEP":null,"codTEP":null,"WSName":"DB","rangeAddress":"$FW$224:$FW$261","headAddress":"$FW$224","bodyAddress":"$FW$225:$FW$261","_name":"корректировка факт"},"ручное":{"_level":2,"parentID":"f494539a-8ab0-4813-9ada-2ebae72f641f","firstParentID":"19018615-3b68-4e93-8236-03b792ebbe93","ID":"851fa365-a09a-49e1-b139-e7f7728725ad","childs":null,"emcosID":null,"emcosMLID":null,"codMaketTEP":null,"codTEP":null,"WSName":"DB","rangeAddress":"$FX$224:$FX$261","headAddress":"$FX$224","bodyAddress":"$FX$225:$FX$261","_name":"ручное"}},"emcosID":null,"emcosMLID":null,"codMaketTEP":null,"codTEP":null,"WSName":"DB","rangeAddress":"$FU$223:$FX$261","headAddress":"$FU$223:$FX$223","bodyAddress":"$FU$224:$FX$261","_name":"прием"}},"emcosID":null,"emcosMLID":null,"codMaketTEP":null,"codTEP":null,"WSName":"DB","rangeAddress":"$FU$222:$FX$261","headAddress":"$FU$222:$FX$222","bodyAddress":"$FU$223:$FX$261","_name":"с.н. ПС152 Талдыкорган"}},"codPlan":null,"meterCoef":null,"_name":"с.н. ПС152 Талдыкорган"}