{"ID":"1952d52e-c335-4ae4-a311-3efe167a3c7c","childs":{"PS":{"_level":0,"parentID":"1952d52e-c335-4ae4-a311-3efe167a3c7c","firstParentID":"1952d52e-c335-4ae4-a311-3efe167a3c7c","ID":"4d2ee492-7ab6-4fd1-ab3b-2efae37d5ede","childs":{"прием":{"_level":1,"parentID":"4d2ee492-7ab6-4fd1-ab3b-2efae37d5ede","firstParentID":"1952d52e-c335-4ae4-a311-3efe167a3c7c","ID":"008cae9e-0ea7-4bdb-9adb-5d3a9726f848","childs":{"по счетчику":{"_level":2,"parentID":"008cae9e-0ea7-4bdb-9adb-5d3a9726f848","firstParentID":"1952d52e-c335-4ae4-a311-3efe167a3c7c","ID":"8b8fd47d-fb62-4307-8dae-671168e6adc9","childs":null,"emcosID":null,"emcosMLID":null,"codMaketTEP":null,"codTEP":null,"WSName":"PS","rangeAddress":"$CH$56:$CH$92","headAddress":"$CH$56","bodyAddress":"$CH$57:$CH$92","_name":"по счетчику"}},"emcosID":null,"emcosMLID":null,"codMaketTEP":null,"codTEP":null,"WSName":"PS","rangeAddress":"$CH$55:$CH$92","headAddress":"$CH$55","bodyAddress":"$CH$56:$CH$92","_name":"прием"},"отдача":{"_level":1,"parentID":"4d2ee492-7ab6-4fd1-ab3b-2efae37d5ede","firstParentID":"1952d52e-c335-4ae4-a311-3efe167a3c7c","ID":"556c6ca0-61bd-48e5-8df4-81a5de8f4c7d","childs":{"по счетчику":{"_level":2,"parentID":"556c6ca0-61bd-48e5-8df4-81a5de8f4c7d","firstParentID":"1952d52e-c335-4ae4-a311-3efe167a3c7c","ID":"cf8a37e7-c9b6-4d41-a03e-b307eb777209","childs":null,"emcosID":null,"emcosMLID":null,"codMaketTEP":null,"codTEP":null,"WSName":"PS","rangeAddress":"$CI$56:$CI$92","headAddress":"$CI$56","bodyAddress":"$CI$57:$CI$92","_name":"по счетчику"}},"emcosID":null,"emcosMLID":null,"codMaketTEP":null,"codTEP":null,"WSName":"PS","rangeAddress":"$CI$55:$CI$92","headAddress":"$CI$55","bodyAddress":"$CI$56:$CI$92","_name":"отдача"}},"emcosID":null,"emcosMLID":null,"codMaketTEP":null,"codTEP":null,"WSName":"PS","rangeAddress":"$CH$54:$CI$92","headAddress":"$CH$54:$CI$54","bodyAddress":"$CH$55:$CI$92","_name":"Л5353 Алматы"},"DB":{"_level":0,"parentID":"1952d52e-c335-4ae4-a311-3efe167a3c7c","firstParentID":"1952d52e-c335-4ae4-a311-3efe167a3c7c","ID":"5ff9e8c7-88c1-49d2-a1ba-7236750b2a27","childs":{"прием":{"_level":1,"parentID":"5ff9e8c7-88c1-49d2-a1ba-7236750b2a27","firstParentID":"1952d52e-c335-4ae4-a311-3efe167a3c7c","ID":"9f498c30-68a3-4e79-9b10-64613e1c1b33","childs":{"код":{"_level":2,"parentID":"9f498c30-68a3-4e79-9b10-64613e1c1b33","firstParentID":"1952d52e-c335-4ae4-a311-3efe167a3c7c","ID":"56889fe6-629d-4596-9fbc-6f77ff26b911","childs":null,"emcosID":null,"emcosMLID":null,"codMaketTEP":null,"codTEP":null,"WSName":"DB","rangeAddress":"$DL$9:$DL$46","headAddress":"$DL$9","bodyAddress":"$DL$10:$DL$46","_name":"код"},"основное":{"_level":2,"parentID":"9f498c30-68a3-4e79-9b10-64613e1c1b33","firstParentID":"1952d52e-c335-4ae4-a311-3efe167a3c7c","ID":"76f49899-956a-48dd-98d8-0cd9bfe9a493","childs":null,"emcosID":null,"emcosMLID":null,"codMaketTEP":null,"codTEP":null,"WSName":"DB","rangeAddress":"$DM$9:$DM$46","headAddress":"$DM$9","bodyAddress":"$DM$10:$DM$46","_name":"основное"},"корректировка факт":{"_level":2,"parentID":"9f498c30-68a3-4e79-9b10-64613e1c1b33","firstParentID":"1952d52e-c335-4ae4-a311-3efe167a3c7c","ID":"5ce4dfd0-99c5-429e-9a20-6d0aa8ad939d","childs":null,"emcosID":null,"emcosMLID":null,"codMaketTEP":null,"codTEP":null,"WSName":"DB","rangeAddress":"$DN$9:$DN$46","headAddress":"$DN$9","bodyAddress":"$DN$10:$DN$46","_name":"корректировка факт"},"ручное":{"_level":2,"parentID":"9f498c30-68a3-4e79-9b10-64613e1c1b33","firstParentID":"1952d52e-c335-4ae4-a311-3efe167a3c7c","ID":"be3dae46-4d8d-438c-835c-16f2bd1512dd","childs":null,"emcosID":null,"emcosMLID":null,"codMaketTEP":null,"codTEP":null,"WSName":"DB","rangeAddress":"$DO$9:$DO$46","headAddress":"$DO$9","bodyAddress":"$DO$10:$DO$46","_name":"ручное"},"счетчик":{"_level":2,"parentID":"9f498c30-68a3-4e79-9b10-64613e1c1b33","firstParentID":"1952d52e-c335-4ae4-a311-3efe167a3c7c","ID":"62660d72-6bb9-4f4c-a9b4-b34dc0a14753","childs":null,"emcosID":null,"emcosMLID":null,"codMaketTEP":null,"codTEP":null,"WSName":"DB","rangeAddress":"$DP$9:$DP$46","headAddress":"$DP$9","bodyAddress":"$DP$10:$DP$46","_name":"счетчик"},"по счетчику":{"_level":2,"parentID":"9f498c30-68a3-4e79-9b10-64613e1c1b33","firstParentID":"1952d52e-c335-4ae4-a311-3efe167a3c7c","ID":"6b8e8820-978f-46d3-a853-a35fd150b9c9","childs":null,"emcosID":null,"emcosMLID":null,"codMaketTEP":null,"codTEP":null,"WSName":"DB","rangeAddress":"$DQ$9:$DQ$46","headAddress":"$DQ$9","bodyAddress":"$DQ$10:$DQ$46","_name":"по счетчику"}},"emcosID":null,"emcosMLID":null,"codMaketTEP":null,"codTEP":null,"WSName":"DB","rangeAddress":"$DL$8:$DQ$46","headAddress":"$DL$8:$DQ$8","bodyAddress":"$DL$9:$DQ$46","_name":"прием"},"отдача":{"_level":1,"parentID":"5ff9e8c7-88c1-49d2-a1ba-7236750b2a27","firstParentID":"1952d52e-c335-4ae4-a311-3efe167a3c7c","ID":"249a3db0-3855-4e8b-97bd-9f93cb95c163","childs":{"код":{"_level":2,"parentID":"249a3db0-3855-4e8b-97bd-9f93cb95c163","firstParentID":"1952d52e-c335-4ae4-a311-3efe167a3c7c","ID":"f5f91902-b719-4a03-bee1-8c5b0165d4db","childs":null,"emcosID":null,"emcosMLID":null,"codMaketTEP":null,"codTEP":null,"WSName":"DB","rangeAddress":"$DR$9:$DR$46","headAddress":"$DR$9","bodyAddress":"$DR$10:$DR$46","_name":"код"},"основное":{"_level":2,"parentID":"249a3db0-3855-4e8b-97bd-9f93cb95c163","firstParentID":"1952d52e-c335-4ae4-a311-3efe167a3c7c","ID":"c1120995-92b5-4283-9a2c-8784017f6c01","childs":null,"emcosID":null,"emcosMLID":null,"codMaketTEP":null,"codTEP":null,"WSName":"DB","rangeAddress":"$DS$9:$DS$46","headAddress":"$DS$9","bodyAddress":"$DS$10:$DS$46","_name":"основное"},"корректировка факт":{"_level":2,"parentID":"249a3db0-3855-4e8b-97bd-9f93cb95c163","firstParentID":"1952d52e-c335-4ae4-a311-3efe167a3c7c","ID":"e1385ea1-a15e-4584-9397-e81bd0103f39","childs":null,"emcosID":null,"emcosMLID":null,"codMaketTEP":null,"codTEP":null,"WSName":"DB","rangeAddress":"$DT$9:$DT$46","headAddress":"$DT$9","bodyAddress":"$DT$10:$DT$46","_name":"корректировка факт"},"ручное":{"_level":2,"parentID":"249a3db0-3855-4e8b-97bd-9f93cb95c163","firstParentID":"1952d52e-c335-4ae4-a311-3efe167a3c7c","ID":"3080be3a-27e6-41a2-8411-347b8e4452e4","childs":null,"emcosID":null,"emcosMLID":null,"codMaketTEP":null,"codTEP":null,"WSName":"DB","rangeAddress":"$DU$9:$DU$46","headAddress":"$DU$9","bodyAddress":"$DU$10:$DU$46","_name":"ручное"},"счетчик":{"_level":2,"parentID":"249a3db0-3855-4e8b-97bd-9f93cb95c163","firstParentID":"1952d52e-c335-4ae4-a311-3efe167a3c7c","ID":"944d000e-2ebf-4fbd-84e5-279aacb9a8a0","childs":null,"emcosID":null,"emcosMLID":null,"codMaketTEP":null,"codTEP":null,"WSName":"DB","rangeAddress":"$DV$9:$DV$46","headAddress":"$DV$9","bodyAddress":"$DV$10:$DV$46","_name":"счетчик"},"по счетчику":{"_level":2,"parentID":"249a3db0-3855-4e8b-97bd-9f93cb95c163","firstParentID":"1952d52e-c335-4ae4-a311-3efe167a3c7c","ID":"2a44b278-ae23-4476-a54f-823f03454959","childs":null,"emcosID":null,"emcosMLID":null,"codMaketTEP":null,"codTEP":null,"WSName":"DB","rangeAddress":"$DW$9:$DW$46","headAddress":"$DW$9","bodyAddress":"$DW$10:$DW$46","_name":"по счетчику"}},"emcosID":null,"emcosMLID":null,"codMaketTEP":null,"codTEP":null,"WSName":"DB","rangeAddress":"$DR$8:$DW$46","headAddress":"$DR$8:$DW$8","bodyAddress":"$DR$9:$DW$46","_name":"отдача"}},"emcosID":null,"emcosMLID":null,"codMaketTEP":null,"codTEP":null,"WSName":"DB","rangeAddress":"$DL$7:$DW$46","headAddress":"$DL$7:$DW$7","bodyAddress":"$DL$8:$DW$46","_name":"Л5353 Алматы"}},"codPlan":null,"meterCoef":null,"_name":"Л5353 Алматы"}