{"ID":"19bb749b-b73f-4bec-b858-808f37d03c5a","childs":{"PS":{"_level":0,"parentID":"19bb749b-b73f-4bec-b858-808f37d03c5a","firstParentID":"19bb749b-b73f-4bec-b858-808f37d03c5a","ID":"a9554ea5-bec5-435a-a755-93d510714fdf","childs":{"прием":{"_level":1,"parentID":"a9554ea5-bec5-435a-a755-93d510714fdf","firstParentID":"19bb749b-b73f-4bec-b858-808f37d03c5a","ID":"6cbc8555-aae8-4625-8571-76e3051d7a2c","childs":{"оперативное":{"_level":2,"parentID":"6cbc8555-aae8-4625-8571-76e3051d7a2c","firstParentID":"19bb749b-b73f-4bec-b858-808f37d03c5a","ID":"c00d9f80-c2b0-4b66-8744-38d42d291fba","childs":null,"emcosID":null,"emcosMLID":null,"codMaketTEP":null,"codTEP":null,"WSName":"PS","rangeAddress":"$T$228:$T$264","headAddress":"$T$228","bodyAddress":"$T$229:$T$264","_name":"оперативное"}},"emcosID":null,"emcosMLID":null,"codMaketTEP":null,"codTEP":null,"WSName":"PS","rangeAddress":"$T$227:$T$264","headAddress":"$T$227","bodyAddress":"$T$228:$T$264","_name":"прием"}},"emcosID":null,"emcosMLID":null,"codMaketTEP":null,"codTEP":null,"WSName":"PS","rangeAddress":"$T$226:$T$264","headAddress":"$T$226","bodyAddress":"$T$227:$T$264","_name":"Потребление Алем Павлодар"},"DB":{"_level":0,"parentID":"19bb749b-b73f-4bec-b858-808f37d03c5a","firstParentID":"19bb749b-b73f-4bec-b858-808f37d03c5a","ID":"5273e295-1535-4f50-a17e-f0c1a3a419dd","childs":{"прием":{"_level":1,"parentID":"5273e295-1535-4f50-a17e-f0c1a3a419dd","firstParentID":"19bb749b-b73f-4bec-b858-808f37d03c5a","ID":"8326fe65-a469-48e0-b5f0-3b656b32c890","childs":{"код":{"_level":2,"parentID":"8326fe65-a469-48e0-b5f0-3b656b32c890","firstParentID":"19bb749b-b73f-4bec-b858-808f37d03c5a","ID":"b0f090ab-ffe8-4044-82e3-310bae38cdd6","childs":null,"emcosID":null,"emcosMLID":null,"codMaketTEP":null,"codTEP":null,"WSName":"DB","rangeAddress":"$FS$396:$FS$433","headAddress":"$FS$396","bodyAddress":"$FS$397:$FS$433","_name":"код"},"основное":{"_level":2,"parentID":"8326fe65-a469-48e0-b5f0-3b656b32c890","firstParentID":"19bb749b-b73f-4bec-b858-808f37d03c5a","ID":"60104c9d-3458-47c3-aa23-03a2d356db3f","childs":null,"emcosID":null,"emcosMLID":null,"codMaketTEP":null,"codTEP":null,"WSName":"DB","rangeAddress":"$FT$396:$FT$433","headAddress":"$FT$396","bodyAddress":"$FT$397:$FT$433","_name":"основное"},"корректировка факт":{"_level":2,"parentID":"8326fe65-a469-48e0-b5f0-3b656b32c890","firstParentID":"19bb749b-b73f-4bec-b858-808f37d03c5a","ID":"61a698b5-cd80-48d5-951f-58c5df72a399","childs":null,"emcosID":null,"emcosMLID":null,"codMaketTEP":null,"codTEP":null,"WSName":"DB","rangeAddress":"$FU$396:$FU$433","headAddress":"$FU$396","bodyAddress":"$FU$397:$FU$433","_name":"корректировка факт"},"ручное":{"_level":2,"parentID":"8326fe65-a469-48e0-b5f0-3b656b32c890","firstParentID":"19bb749b-b73f-4bec-b858-808f37d03c5a","ID":"7f64b1dd-7a8f-4f66-a16a-fdb2f112ca57","childs":null,"emcosID":null,"emcosMLID":null,"codMaketTEP":null,"codTEP":null,"WSName":"DB","rangeAddress":"$FV$396:$FV$433","headAddress":"$FV$396","bodyAddress":"$FV$397:$FV$433","_name":"ручное"},"оперативное":{"_level":2,"parentID":"8326fe65-a469-48e0-b5f0-3b656b32c890","firstParentID":"19bb749b-b73f-4bec-b858-808f37d03c5a","ID":"c5810cf8-e29b-483b-a45a-258484136b18","childs":null,"emcosID":null,"emcosMLID":null,"codMaketTEP":null,"codTEP":null,"WSName":"DB","rangeAddress":"$FW$396:$FW$433","headAddress":"$FW$396","bodyAddress":"$FW$397:$FW$433","_name":"оперативное"}},"emcosID":null,"emcosMLID":null,"codMaketTEP":null,"codTEP":null,"WSName":"DB","rangeAddress":"$FS$395:$FW$433","headAddress":"$FS$395:$FW$395","bodyAddress":"$FS$396:$FW$433","_name":"прием"}},"emcosID":null,"emcosMLID":null,"codMaketTEP":null,"codTEP":null,"WSName":"DB","rangeAddress":"$FS$394:$FW$433","headAddress":"$FS$394:$FW$394","bodyAddress":"$FS$395:$FW$433","_name":"Потребление Алем Павлодар"}},"codPlan":null,"meterCoef":null,"_name":"Потребление Алем Павлодар"}