{"ID":"1a717391-59ed-47b6-9e05-116c224556d2","childs":{"PS":{"_level":0,"parentID":"1a717391-59ed-47b6-9e05-116c224556d2","firstParentID":"1a717391-59ed-47b6-9e05-116c224556d2","ID":"8e5b180a-82f2-48dd-ac1e-8935b92f2c22","childs":{"отдача":{"_level":1,"parentID":"8e5b180a-82f2-48dd-ac1e-8935b92f2c22","firstParentID":"1a717391-59ed-47b6-9e05-116c224556d2","ID":"b5a54332-0d46-44b2-b3bc-d72b9bf3827d","childs":{"по счетчику":{"_level":2,"parentID":"b5a54332-0d46-44b2-b3bc-d72b9bf3827d","firstParentID":"1a717391-59ed-47b6-9e05-116c224556d2","ID":"72e68a8b-b206-414a-ad05-0a0e126b4b62","childs":null,"emcosID":null,"emcosMLID":null,"codMaketTEP":null,"codTEP":null,"WSName":"PS","rangeAddress":"$G$142:$G$178","headAddress":"$G$142","bodyAddress":"$G$143:$G$178","_name":"по счетчику"},"СЧЕТЧИК":{"_level":2,"parentID":"b5a54332-0d46-44b2-b3bc-d72b9bf3827d","firstParentID":"1a717391-59ed-47b6-9e05-116c224556d2","ID":"c815bcd6-3738-4525-ae85-1271e899f0f5","childs":null,"emcosID":null,"emcosMLID":null,"codMaketTEP":null,"codTEP":null,"WSName":"PS","rangeAddress":"$H$142:$H$178","headAddress":"$H$142","bodyAddress":"$H$143:$H$178","_name":"СЧЕТЧИК"}},"emcosID":null,"emcosMLID":null,"codMaketTEP":null,"codTEP":null,"WSName":"PS","rangeAddress":"$G$141:$H$178","headAddress":"$G$141:$H$141","bodyAddress":"$G$142:$H$178","_name":"отдача"}},"emcosID":null,"emcosMLID":null,"codMaketTEP":null,"codTEP":null,"WSName":"PS","rangeAddress":"$G$140:$H$178","headAddress":"$G$140:$H$140","bodyAddress":"$G$141:$H$178","_name":"Л61 Водозабор"},"DB":{"_level":0,"parentID":"1a717391-59ed-47b6-9e05-116c224556d2","firstParentID":"1a717391-59ed-47b6-9e05-116c224556d2","ID":"e87df611-3785-4418-9e0b-399ccf572df7","childs":{"отдача":{"_level":1,"parentID":"e87df611-3785-4418-9e0b-399ccf572df7","firstParentID":"1a717391-59ed-47b6-9e05-116c224556d2","ID":"647ec1f7-4ecc-4424-956a-0e429159163b","childs":{"код":{"_level":2,"parentID":"647ec1f7-4ecc-4424-956a-0e429159163b","firstParentID":"1a717391-59ed-47b6-9e05-116c224556d2","ID":"89b4b807-6f02-486d-b7bd-4934d4262d96","childs":null,"emcosID":null,"emcosMLID":null,"codMaketTEP":null,"codTEP":null,"WSName":"DB","rangeAddress":"$CM$52:$CM$89","headAddress":"$CM$52","bodyAddress":"$CM$53:$CM$89","_name":"код"},"основное":{"_level":2,"parentID":"647ec1f7-4ecc-4424-956a-0e429159163b","firstParentID":"1a717391-59ed-47b6-9e05-116c224556d2","ID":"5c015ad8-9617-4ffa-b0eb-8624e5b3f796","childs":null,"emcosID":null,"emcosMLID":null,"codMaketTEP":null,"codTEP":null,"WSName":"DB","rangeAddress":"$CN$52:$CN$89","headAddress":"$CN$52","bodyAddress":"$CN$53:$CN$89","_name":"основное"},"корректировка факт":{"_level":2,"parentID":"647ec1f7-4ecc-4424-956a-0e429159163b","firstParentID":"1a717391-59ed-47b6-9e05-116c224556d2","ID":"10395735-0ed3-4ad4-be05-c364a13f1d8b","childs":null,"emcosID":null,"emcosMLID":null,"codMaketTEP":null,"codTEP":null,"WSName":"DB","rangeAddress":"$CO$52:$CO$89","headAddress":"$CO$52","bodyAddress":"$CO$53:$CO$89","_name":"корректировка факт"},"ручное":{"_level":2,"parentID":"647ec1f7-4ecc-4424-956a-0e429159163b","firstParentID":"1a717391-59ed-47b6-9e05-116c224556d2","ID":"c0ececcb-1e29-497d-a5c8-6d2c65467fa2","childs":null,"emcosID":null,"emcosMLID":null,"codMaketTEP":null,"codTEP":null,"WSName":"DB","rangeAddress":"$CP$52:$CP$89","headAddress":"$CP$52","bodyAddress":"$CP$53:$CP$89","_name":"ручное"},"счетчик":{"_level":2,"parentID":"647ec1f7-4ecc-4424-956a-0e429159163b","firstParentID":"1a717391-59ed-47b6-9e05-116c224556d2","ID":"b5042136-ae73-4ae0-a55d-c132c1636f7b","childs":null,"emcosID":null,"emcosMLID":null,"codMaketTEP":null,"codTEP":null,"WSName":"DB","rangeAddress":"$CQ$52:$CQ$89","headAddress":"$CQ$52","bodyAddress":"$CQ$53:$CQ$89","_name":"счетчик"},"по счетчику":{"_level":2,"parentID":"647ec1f7-4ecc-4424-956a-0e429159163b","firstParentID":"1a717391-59ed-47b6-9e05-116c224556d2","ID":"a2a646f1-cde3-40f5-8102-0ba1bba9e0ae","childs":null,"emcosID":null,"emcosMLID":null,"codMaketTEP":null,"codTEP":null,"WSName":"DB","rangeAddress":"$CR$52:$CR$89","headAddress":"$CR$52","bodyAddress":"$CR$53:$CR$89","_name":"по счетчику"}},"emcosID":null,"emcosMLID":null,"codMaketTEP":null,"codTEP":null,"WSName":"DB","rangeAddress":"$CM$51:$CR$89","headAddress":"$CM$51:$CR$51","bodyAddress":"$CM$52:$CR$89","_name":"отдача"}},"emcosID":null,"emcosMLID":null,"codMaketTEP":null,"codTEP":null,"WSName":"DB","rangeAddress":"$CM$50:$CR$89","headAddress":"$CM$50:$CR$50","bodyAddress":"$CM$51:$CR$89","_name":"Л61 Водозабор"}},"codPlan":null,"meterCoef":"1,75","_name":"Л61 Водозабор"}