{"ID":"1edb621a-67b8-4b46-8153-e0d3749a6480","childs":{"PS":{"_level":0,"parentID":"1edb621a-67b8-4b46-8153-e0d3749a6480","firstParentID":"1edb621a-67b8-4b46-8153-e0d3749a6480","ID":"9d612f38-9b6c-4b18-8717-8efd4d86481e","childs":{"сальдо":{"_level":1,"parentID":"9d612f38-9b6c-4b18-8717-8efd4d86481e","firstParentID":"1edb621a-67b8-4b46-8153-e0d3749a6480","ID":"4cb6cdaa-b6b8-4125-839f-b969e1a6ccac","childs":{"формула":{"_level":2,"parentID":"4cb6cdaa-b6b8-4125-839f-b969e1a6ccac","firstParentID":"1edb621a-67b8-4b46-8153-e0d3749a6480","ID":"bff87064-4cfe-44ca-9ee6-41c76ffcf4bb","childs":null,"emcosID":null,"emcosMLID":null,"codMaketTEP":null,"codTEP":null,"WSName":"PS","rangeAddress":"$N$13:$N$49","headAddress":"$N$13","bodyAddress":"$N$14:$N$49","_name":"формула"}},"emcosID":null,"emcosMLID":null,"codMaketTEP":null,"codTEP":null,"WSName":"PS","rangeAddress":"$N$12:$N$49","headAddress":"$N$12","bodyAddress":"$N$13:$N$49","_name":"сальдо"}},"emcosID":null,"emcosMLID":null,"codMaketTEP":null,"codTEP":null,"WSName":"PS","rangeAddress":"$N$11:$N$49","headAddress":"$N$11","bodyAddress":"$N$12:$N$49","_name":"Сальдо ЮМЭС Общее"},"DB":{"_level":0,"parentID":"1edb621a-67b8-4b46-8153-e0d3749a6480","firstParentID":"1edb621a-67b8-4b46-8153-e0d3749a6480","ID":"97faa2ae-b45c-45eb-a7bf-9de04594f1a1","childs":{"сальдо":{"_level":1,"parentID":"97faa2ae-b45c-45eb-a7bf-9de04594f1a1","firstParentID":"1edb621a-67b8-4b46-8153-e0d3749a6480","ID":"773f0b92-df20-4693-bfd3-2436e2e85ab8","childs":{"код":{"_level":2,"parentID":"773f0b92-df20-4693-bfd3-2436e2e85ab8","firstParentID":"1edb621a-67b8-4b46-8153-e0d3749a6480","ID":"064b2f26-0050-4faf-a53a-caaf8ac00530","childs":null,"emcosID":null,"emcosMLID":null,"codMaketTEP":null,"codTEP":null,"WSName":"DB","rangeAddress":"$FB$138:$FB$175","headAddress":"$FB$138","bodyAddress":"$FB$139:$FB$175","_name":"код"},"основное":{"_level":2,"parentID":"773f0b92-df20-4693-bfd3-2436e2e85ab8","firstParentID":"1edb621a-67b8-4b46-8153-e0d3749a6480","ID":"cad80d63-2906-491a-8b27-acbfd451fe86","childs":null,"emcosID":null,"emcosMLID":null,"codMaketTEP":null,"codTEP":null,"WSName":"DB","rangeAddress":"$FC$138:$FC$175","headAddress":"$FC$138","bodyAddress":"$FC$139:$FC$175","_name":"основное"},"корректировка факт":{"_level":2,"parentID":"773f0b92-df20-4693-bfd3-2436e2e85ab8","firstParentID":"1edb621a-67b8-4b46-8153-e0d3749a6480","ID":"09202d05-1dd4-472d-9d3b-b37bc700e9e6","childs":null,"emcosID":null,"emcosMLID":null,"codMaketTEP":null,"codTEP":null,"WSName":"DB","rangeAddress":"$FD$138:$FD$175","headAddress":"$FD$138","bodyAddress":"$FD$139:$FD$175","_name":"корректировка факт"},"ручное":{"_level":2,"parentID":"773f0b92-df20-4693-bfd3-2436e2e85ab8","firstParentID":"1edb621a-67b8-4b46-8153-e0d3749a6480","ID":"19bd4964-673b-4e52-bccf-665240fd0c56","childs":null,"emcosID":null,"emcosMLID":null,"codMaketTEP":null,"codTEP":null,"WSName":"DB","rangeAddress":"$FE$138:$FE$175","headAddress":"$FE$138","bodyAddress":"$FE$139:$FE$175","_name":"ручное"},"формула":{"_level":2,"parentID":"773f0b92-df20-4693-bfd3-2436e2e85ab8","firstParentID":"1edb621a-67b8-4b46-8153-e0d3749a6480","ID":"358b330d-07fb-49bb-87eb-5da7d115c430","childs":null,"emcosID":null,"emcosMLID":null,"codMaketTEP":null,"codTEP":null,"WSName":"DB","rangeAddress":"$FF$138:$FF$175","headAddress":"$FF$138","bodyAddress":"$FF$139:$FF$175","_name":"формула"}},"emcosID":null,"emcosMLID":null,"codMaketTEP":null,"codTEP":null,"WSName":"DB","rangeAddress":"$FB$137:$FF$175","headAddress":"$FB$137:$FF$137","bodyAddress":"$FB$138:$FF$175","_name":"сальдо"}},"emcosID":null,"emcosMLID":null,"codMaketTEP":null,"codTEP":null,"WSName":"DB","rangeAddress":"$FB$136:$FF$175","headAddress":"$FB$136:$FF$136","bodyAddress":"$FB$137:$FF$175","_name":"Сальдо ЮМЭС Общее"}},"codPlan":null,"meterCoef":null,"_name":"Сальдо ЮМЭС Общее"}