{"ID":"1f14e2f7-021f-4a65-8e5d-fa3b85093914","childs":{"PS":{"_level":0,"parentID":"1f14e2f7-021f-4a65-8e5d-fa3b85093914","firstParentID":"1f14e2f7-021f-4a65-8e5d-fa3b85093914","ID":"789c821a-a81d-4196-9f9f-70bea0807026","childs":{"прием":{"_level":1,"parentID":"789c821a-a81d-4196-9f9f-70bea0807026","firstParentID":"1f14e2f7-021f-4a65-8e5d-fa3b85093914","ID":"abe8aa90-a017-42fa-aa92-d6f9fa249708","childs":{"ручное":{"_level":2,"parentID":"abe8aa90-a017-42fa-aa92-d6f9fa249708","firstParentID":"1f14e2f7-021f-4a65-8e5d-fa3b85093914","ID":"2e25f703-06f3-4cdc-ac9f-8a028da08457","childs":null,"emcosID":null,"emcosMLID":null,"codMaketTEP":null,"codTEP":null,"WSName":"PS","rangeAddress":"$OT$99:$OT$135","headAddress":"$OT$99","bodyAddress":"$OT$100:$OT$135","_name":"ручное"}},"emcosID":null,"emcosMLID":null,"codMaketTEP":null,"codTEP":null,"WSName":"PS","rangeAddress":"$OT$98:$OT$135","headAddress":"$OT$98","bodyAddress":"$OT$99:$OT$135","_name":"прием"},"отдача":{"_level":1,"parentID":"789c821a-a81d-4196-9f9f-70bea0807026","firstParentID":"1f14e2f7-021f-4a65-8e5d-fa3b85093914","ID":"d575dbd5-d5f5-4a4b-879b-bd27a2131106","childs":{"ручное":{"_level":2,"parentID":"d575dbd5-d5f5-4a4b-879b-bd27a2131106","firstParentID":"1f14e2f7-021f-4a65-8e5d-fa3b85093914","ID":"3246baf4-3ef3-444f-b421-9a177014fbda","childs":null,"emcosID":null,"emcosMLID":null,"codMaketTEP":null,"codTEP":null,"WSName":"PS","rangeAddress":"$OU$99:$OU$135","headAddress":"$OU$99","bodyAddress":"$OU$100:$OU$135","_name":"ручное"}},"emcosID":null,"emcosMLID":null,"codMaketTEP":null,"codTEP":null,"WSName":"PS","rangeAddress":"$OU$98:$OU$135","headAddress":"$OU$98","bodyAddress":"$OU$99:$OU$135","_name":"отдача"}},"emcosID":null,"emcosMLID":null,"codMaketTEP":null,"codTEP":null,"WSName":"PS","rangeAddress":"$OT$97:$OU$135","headAddress":"$OT$97:$OU$97","bodyAddress":"$OT$98:$OU$135","_name":"ТП3 Жидели тяга"},"DB":{"_level":0,"parentID":"1f14e2f7-021f-4a65-8e5d-fa3b85093914","firstParentID":"1f14e2f7-021f-4a65-8e5d-fa3b85093914","ID":"2f12d549-f8fb-46ab-b666-2033b887528f","childs":{"прием":{"_level":1,"parentID":"2f12d549-f8fb-46ab-b666-2033b887528f","firstParentID":"1f14e2f7-021f-4a65-8e5d-fa3b85093914","ID":"8f64cf21-5b43-47b9-a4da-20dd5f981c8d","childs":{"код":{"_level":2,"parentID":"8f64cf21-5b43-47b9-a4da-20dd5f981c8d","firstParentID":"1f14e2f7-021f-4a65-8e5d-fa3b85093914","ID":"3928ae29-9106-4687-802e-180fd5fd7cf6","childs":null,"emcosID":null,"emcosMLID":null,"codMaketTEP":null,"codTEP":null,"WSName":"DB","rangeAddress":"$AQ$353:$AQ$390","headAddress":"$AQ$353","bodyAddress":"$AQ$354:$AQ$390","_name":"код"},"основное":{"_level":2,"parentID":"8f64cf21-5b43-47b9-a4da-20dd5f981c8d","firstParentID":"1f14e2f7-021f-4a65-8e5d-fa3b85093914","ID":"0cfc482c-a31a-4167-a45a-f78229b6fd72","childs":null,"emcosID":null,"emcosMLID":null,"codMaketTEP":null,"codTEP":null,"WSName":"DB","rangeAddress":"$AR$353:$AR$390","headAddress":"$AR$353","bodyAddress":"$AR$354:$AR$390","_name":"основное"},"корректировка факт":{"_level":2,"parentID":"8f64cf21-5b43-47b9-a4da-20dd5f981c8d","firstParentID":"1f14e2f7-021f-4a65-8e5d-fa3b85093914","ID":"ae7015d1-7388-4f1c-9697-65f22dc75cf7","childs":null,"emcosID":null,"emcosMLID":null,"codMaketTEP":null,"codTEP":null,"WSName":"DB","rangeAddress":"$AS$353:$AS$390","headAddress":"$AS$353","bodyAddress":"$AS$354:$AS$390","_name":"корректировка факт"},"ручное":{"_level":2,"parentID":"8f64cf21-5b43-47b9-a4da-20dd5f981c8d","firstParentID":"1f14e2f7-021f-4a65-8e5d-fa3b85093914","ID":"84f65fb6-150e-4f50-a799-98a664b29a9c","childs":null,"emcosID":null,"emcosMLID":null,"codMaketTEP":null,"codTEP":null,"WSName":"DB","rangeAddress":"$AT$353:$AT$390","headAddress":"$AT$353","bodyAddress":"$AT$354:$AT$390","_name":"ручное"}},"emcosID":null,"emcosMLID":null,"codMaketTEP":null,"codTEP":null,"WSName":"DB","rangeAddress":"$AQ$352:$AT$390","headAddress":"$AQ$352:$AT$352","bodyAddress":"$AQ$353:$AT$390","_name":"прием"},"отдача":{"_level":1,"parentID":"2f12d549-f8fb-46ab-b666-2033b887528f","firstParentID":"1f14e2f7-021f-4a65-8e5d-fa3b85093914","ID":"9bd4b789-9afe-493d-a976-2edea83eb59b","childs":{"код":{"_level":2,"parentID":"9bd4b789-9afe-493d-a976-2edea83eb59b","firstParentID":"1f14e2f7-021f-4a65-8e5d-fa3b85093914","ID":"c8e3a4c4-adba-43d4-8e0d-83aeda87a625","childs":null,"emcosID":null,"emcosMLID":null,"codMaketTEP":null,"codTEP":null,"WSName":"DB","rangeAddress":"$AU$353:$AU$390","headAddress":"$AU$353","bodyAddress":"$AU$354:$AU$390","_name":"код"},"основное":{"_level":2,"parentID":"9bd4b789-9afe-493d-a976-2edea83eb59b","firstParentID":"1f14e2f7-021f-4a65-8e5d-fa3b85093914","ID":"d239716f-a00c-45fd-8fa3-61a7318609ef","childs":null,"emcosID":null,"emcosMLID":null,"codMaketTEP":null,"codTEP":null,"WSName":"DB","rangeAddress":"$AV$353:$AV$390","headAddress":"$AV$353","bodyAddress":"$AV$354:$AV$390","_name":"основное"},"корректировка факт":{"_level":2,"parentID":"9bd4b789-9afe-493d-a976-2edea83eb59b","firstParentID":"1f14e2f7-021f-4a65-8e5d-fa3b85093914","ID":"cf8441de-70fa-4062-b642-f23be04aa1c8","childs":null,"emcosID":null,"emcosMLID":null,"codMaketTEP":null,"codTEP":null,"WSName":"DB","rangeAddress":"$AW$353:$AW$390","headAddress":"$AW$353","bodyAddress":"$AW$354:$AW$390","_name":"корректировка факт"},"ручное":{"_level":2,"parentID":"9bd4b789-9afe-493d-a976-2edea83eb59b","firstParentID":"1f14e2f7-021f-4a65-8e5d-fa3b85093914","ID":"fcecb18a-98b8-409d-bcd7-5544e88b292f","childs":null,"emcosID":null,"emcosMLID":null,"codMaketTEP":null,"codTEP":null,"WSName":"DB","rangeAddress":"$AX$353:$AX$390","headAddress":"$AX$353","bodyAddress":"$AX$354:$AX$390","_name":"ручное"}},"emcosID":null,"emcosMLID":null,"codMaketTEP":null,"codTEP":null,"WSName":"DB","rangeAddress":"$AU$352:$AX$390","headAddress":"$AU$352:$AX$352","bodyAddress":"$AU$353:$AX$390","_name":"отдача"}},"emcosID":null,"emcosMLID":null,"codMaketTEP":null,"codTEP":null,"WSName":"DB","rangeAddress":"$AQ$351:$AX$390","headAddress":"$AQ$351:$AX$351","bodyAddress":"$AQ$352:$AX$390","_name":"ТП3 Жидели тяга"}},"codPlan":null,"meterCoef":null,"_name":"ТП3 Жидели тяга"}