{"ID":"213ad53c-d2f9-4f81-8b50-5e450a0d4101","childs":{"PS":{"_level":0,"parentID":"213ad53c-d2f9-4f81-8b50-5e450a0d4101","firstParentID":"213ad53c-d2f9-4f81-8b50-5e450a0d4101","ID":"23202297-410b-4c0c-9622-27ca1557d152","childs":{"прием":{"_level":1,"parentID":"23202297-410b-4c0c-9622-27ca1557d152","firstParentID":"213ad53c-d2f9-4f81-8b50-5e450a0d4101","ID":"d861ab01-b194-4bd4-8ace-e7dfb448627d","childs":{"по счетчику":{"_level":2,"parentID":"d861ab01-b194-4bd4-8ace-e7dfb448627d","firstParentID":"213ad53c-d2f9-4f81-8b50-5e450a0d4101","ID":"43178933-e461-4b34-b400-6be869cf410e","childs":null,"emcosID":null,"emcosMLID":null,"codMaketTEP":null,"codTEP":null,"WSName":"PS","rangeAddress":"$GT$99:$GT$135","headAddress":"$GT$99","bodyAddress":"$GT$100:$GT$135","_name":"по счетчику"},"СЧЕТЧИК":{"_level":2,"parentID":"d861ab01-b194-4bd4-8ace-e7dfb448627d","firstParentID":"213ad53c-d2f9-4f81-8b50-5e450a0d4101","ID":"2209db88-39bf-4e94-9ca7-b96fff1de2ce","childs":null,"emcosID":null,"emcosMLID":null,"codMaketTEP":null,"codTEP":null,"WSName":"PS","rangeAddress":"$GU$99:$GU$135","headAddress":"$GU$99","bodyAddress":"$GU$100:$GU$135","_name":"СЧЕТЧИК"}},"emcosID":null,"emcosMLID":null,"codMaketTEP":null,"codTEP":null,"WSName":"PS","rangeAddress":"$GT$98:$GU$135","headAddress":"$GT$98:$GU$98","bodyAddress":"$GT$99:$GU$135","_name":"прием"},"отдача":{"_level":1,"parentID":"23202297-410b-4c0c-9622-27ca1557d152","firstParentID":"213ad53c-d2f9-4f81-8b50-5e450a0d4101","ID":"f6762f24-6721-4eca-a7eb-102de5d67c7d","childs":{"по счетчику":{"_level":2,"parentID":"f6762f24-6721-4eca-a7eb-102de5d67c7d","firstParentID":"213ad53c-d2f9-4f81-8b50-5e450a0d4101","ID":"bede9041-b728-4468-b383-5547d4bed79b","childs":null,"emcosID":null,"emcosMLID":null,"codMaketTEP":null,"codTEP":null,"WSName":"PS","rangeAddress":"$GV$99:$GV$135","headAddress":"$GV$99","bodyAddress":"$GV$100:$GV$135","_name":"по счетчику"},"СЧЕТЧИК":{"_level":2,"parentID":"f6762f24-6721-4eca-a7eb-102de5d67c7d","firstParentID":"213ad53c-d2f9-4f81-8b50-5e450a0d4101","ID":"c1143cc7-ffd8-475d-96b8-87d49facab4a","childs":null,"emcosID":null,"emcosMLID":null,"codMaketTEP":null,"codTEP":null,"WSName":"PS","rangeAddress":"$GW$99:$GW$135","headAddress":"$GW$99","bodyAddress":"$GW$100:$GW$135","_name":"СЧЕТЧИК"}},"emcosID":null,"emcosMLID":null,"codMaketTEP":null,"codTEP":null,"WSName":"PS","rangeAddress":"$GV$98:$GW$135","headAddress":"$GV$98:$GW$98","bodyAddress":"$GV$99:$GW$135","_name":"отдача"}},"emcosID":null,"emcosMLID":null,"codMaketTEP":null,"codTEP":null,"WSName":"PS","rangeAddress":"$GT$97:$GW$135","headAddress":"$GT$97:$GW$97","bodyAddress":"$GT$98:$GW$135","_name":"КЛ40 ПС152 Талдыкорган"},"DB":{"_level":0,"parentID":"213ad53c-d2f9-4f81-8b50-5e450a0d4101","firstParentID":"213ad53c-d2f9-4f81-8b50-5e450a0d4101","ID":"c5a61a78-91f8-4783-92d9-83378d20016c","childs":{"прием":{"_level":1,"parentID":"c5a61a78-91f8-4783-92d9-83378d20016c","firstParentID":"213ad53c-d2f9-4f81-8b50-5e450a0d4101","ID":"21bead48-f40a-456f-83f0-e1eb1c99a248","childs":{"код":{"_level":2,"parentID":"21bead48-f40a-456f-83f0-e1eb1c99a248","firstParentID":"213ad53c-d2f9-4f81-8b50-5e450a0d4101","ID":"610eb4a8-5bdd-4e89-932b-974b1fa4dbd2","childs":null,"emcosID":null,"emcosMLID":null,"codMaketTEP":null,"codTEP":null,"WSName":"DB","rangeAddress":"$IW$525:$IW$562","headAddress":"$IW$525","bodyAddress":"$IW$526:$IW$562","_name":"код"},"основное":{"_level":2,"parentID":"21bead48-f40a-456f-83f0-e1eb1c99a248","firstParentID":"213ad53c-d2f9-4f81-8b50-5e450a0d4101","ID":"443355f9-dc05-4438-92d2-19b27a2c5328","childs":null,"emcosID":null,"emcosMLID":null,"codMaketTEP":null,"codTEP":null,"WSName":"DB","rangeAddress":"$IX$525:$IX$562","headAddress":"$IX$525","bodyAddress":"$IX$526:$IX$562","_name":"основное"},"корректировка факт":{"_level":2,"parentID":"21bead48-f40a-456f-83f0-e1eb1c99a248","firstParentID":"213ad53c-d2f9-4f81-8b50-5e450a0d4101","ID":"3805fb57-b3a3-494f-baeb-9aa9e84d59f3","childs":null,"emcosID":null,"emcosMLID":null,"codMaketTEP":null,"codTEP":null,"WSName":"DB","rangeAddress":"$IY$525:$IY$562","headAddress":"$IY$525","bodyAddress":"$IY$526:$IY$562","_name":"корректировка факт"},"ручное":{"_level":2,"parentID":"21bead48-f40a-456f-83f0-e1eb1c99a248","firstParentID":"213ad53c-d2f9-4f81-8b50-5e450a0d4101","ID":"6d3c3b29-fa6c-4cea-9211-1e13e1a9f2b4","childs":null,"emcosID":null,"emcosMLID":null,"codMaketTEP":null,"codTEP":null,"WSName":"DB","rangeAddress":"$IZ$525:$IZ$562","headAddress":"$IZ$525","bodyAddress":"$IZ$526:$IZ$562","_name":"ручное"},"счетчик":{"_level":2,"parentID":"21bead48-f40a-456f-83f0-e1eb1c99a248","firstParentID":"213ad53c-d2f9-4f81-8b50-5e450a0d4101","ID":"d055d10b-d96e-4d26-b027-58e46815181f","childs":null,"emcosID":null,"emcosMLID":null,"codMaketTEP":null,"codTEP":null,"WSName":"DB","rangeAddress":"$JA$525:$JA$562","headAddress":"$JA$525","bodyAddress":"$JA$526:$JA$562","_name":"счетчик"},"по счетчику":{"_level":2,"parentID":"21bead48-f40a-456f-83f0-e1eb1c99a248","firstParentID":"213ad53c-d2f9-4f81-8b50-5e450a0d4101","ID":"7bbd9448-0c87-46bc-80d8-819f98f60366","childs":null,"emcosID":null,"emcosMLID":null,"codMaketTEP":null,"codTEP":null,"WSName":"DB","rangeAddress":"$JB$525:$JB$562","headAddress":"$JB$525","bodyAddress":"$JB$526:$JB$562","_name":"по счетчику"}},"emcosID":null,"emcosMLID":null,"codMaketTEP":null,"codTEP":null,"WSName":"DB","rangeAddress":"$IW$524:$JB$562","headAddress":"$IW$524:$JB$524","bodyAddress":"$IW$525:$JB$562","_name":"прием"},"отдача":{"_level":1,"parentID":"c5a61a78-91f8-4783-92d9-83378d20016c","firstParentID":"213ad53c-d2f9-4f81-8b50-5e450a0d4101","ID":"06cb0596-b108-412a-879f-d75e39ff9373","childs":{"код":{"_level":2,"parentID":"06cb0596-b108-412a-879f-d75e39ff9373","firstParentID":"213ad53c-d2f9-4f81-8b50-5e450a0d4101","ID":"05335c64-3a53-4ff4-85e9-6956847fbc2a","childs":null,"emcosID":null,"emcosMLID":null,"codMaketTEP":null,"codTEP":null,"WSName":"DB","rangeAddress":"$JC$525:$JC$562","headAddress":"$JC$525","bodyAddress":"$JC$526:$JC$562","_name":"код"},"основное":{"_level":2,"parentID":"06cb0596-b108-412a-879f-d75e39ff9373","firstParentID":"213ad53c-d2f9-4f81-8b50-5e450a0d4101","ID":"86abac36-e2f2-48c3-aecc-37e356b6f7f9","childs":null,"emcosID":null,"emcosMLID":null,"codMaketTEP":null,"codTEP":null,"WSName":"DB","rangeAddress":"$JD$525:$JD$562","headAddress":"$JD$525","bodyAddress":"$JD$526:$JD$562","_name":"основное"},"корректировка факт":{"_level":2,"parentID":"06cb0596-b108-412a-879f-d75e39ff9373","firstParentID":"213ad53c-d2f9-4f81-8b50-5e450a0d4101","ID":"dbfcdeef-07a0-4eea-a169-8e4cc92efff6","childs":null,"emcosID":null,"emcosMLID":null,"codMaketTEP":null,"codTEP":null,"WSName":"DB","rangeAddress":"$JE$525:$JE$562","headAddress":"$JE$525","bodyAddress":"$JE$526:$JE$562","_name":"корректировка факт"},"ручное":{"_level":2,"parentID":"06cb0596-b108-412a-879f-d75e39ff9373","firstParentID":"213ad53c-d2f9-4f81-8b50-5e450a0d4101","ID":"cae2ba07-8fe6-4189-a614-cf6730c02058","childs":null,"emcosID":null,"emcosMLID":null,"codMaketTEP":null,"codTEP":null,"WSName":"DB","rangeAddress":"$JF$525:$JF$562","headAddress":"$JF$525","bodyAddress":"$JF$526:$JF$562","_name":"ручное"},"счетчик":{"_level":2,"parentID":"06cb0596-b108-412a-879f-d75e39ff9373","firstParentID":"213ad53c-d2f9-4f81-8b50-5e450a0d4101","ID":"fd931aa4-2341-4061-932c-c46371aec62d","childs":null,"emcosID":null,"emcosMLID":null,"codMaketTEP":null,"codTEP":null,"WSName":"DB","rangeAddress":"$JG$525:$JG$562","headAddress":"$JG$525","bodyAddress":"$JG$526:$JG$562","_name":"счетчик"},"по счетчику":{"_level":2,"parentID":"06cb0596-b108-412a-879f-d75e39ff9373","firstParentID":"213ad53c-d2f9-4f81-8b50-5e450a0d4101","ID":"14a3117b-788b-4dae-abe2-d526fd2d0ee0","childs":null,"emcosID":null,"emcosMLID":null,"codMaketTEP":null,"codTEP":null,"WSName":"DB","rangeAddress":"$JH$525:$JH$562","headAddress":"$JH$525","bodyAddress":"$JH$526:$JH$562","_name":"по счетчику"}},"emcosID":null,"emcosMLID":null,"codMaketTEP":null,"codTEP":null,"WSName":"DB","rangeAddress":"$JC$524:$JH$562","headAddress":"$JC$524:$JH$524","bodyAddress":"$JC$525:$JH$562","_name":"отдача"}},"emcosID":null,"emcosMLID":null,"codMaketTEP":null,"codTEP":null,"WSName":"DB","rangeAddress":"$IW$523:$JH$562","headAddress":"$IW$523:$JH$523","bodyAddress":"$IW$524:$JH$562","_name":"КЛ40 ПС152 Талдыкорган"}},"codPlan":null,"meterCoef":"6","_name":"КЛ40 ПС152 Талдыкорган"}