{"ID":"265cf3ec-3f09-497c-b333-13cf35868756","childs":{"PS":{"_level":0,"parentID":"265cf3ec-3f09-497c-b333-13cf35868756","firstParentID":"265cf3ec-3f09-497c-b333-13cf35868756","ID":"065d8d9c-860c-4e4b-b739-ad90f011579b","childs":{"отдача":{"_level":1,"parentID":"065d8d9c-860c-4e4b-b739-ad90f011579b","firstParentID":"265cf3ec-3f09-497c-b333-13cf35868756","ID":"37c11efe-74f4-4d9c-87b4-6e7362bbf138","childs":{"ручное":{"_level":2,"parentID":"37c11efe-74f4-4d9c-87b4-6e7362bbf138","firstParentID":"265cf3ec-3f09-497c-b333-13cf35868756","ID":"3cd41123-6f75-4f42-92bd-7ea8c8b25efa","childs":null,"emcosID":null,"emcosMLID":null,"codMaketTEP":null,"codTEP":null,"WSName":"PS","rangeAddress":"$BK$228:$BK$264","headAddress":"$BK$228","bodyAddress":"$BK$229:$BK$264","_name":"ручное"}},"emcosID":null,"emcosMLID":null,"codMaketTEP":null,"codTEP":null,"WSName":"PS","rangeAddress":"$BK$227:$BK$264","headAddress":"$BK$227","bodyAddress":"$BK$228:$BK$264","_name":"отдача"}},"emcosID":null,"emcosMLID":null,"codMaketTEP":null,"codTEP":null,"WSName":"PS","rangeAddress":"$BK$226:$BK$264","headAddress":"$BK$226","bodyAddress":"$BK$227:$BK$264","_name":"Генерация Антоновская ГЭС"},"DB":{"_level":0,"parentID":"265cf3ec-3f09-497c-b333-13cf35868756","firstParentID":"265cf3ec-3f09-497c-b333-13cf35868756","ID":"7f4eb270-3631-481e-a7ac-89895cdf21c9","childs":{"отдача":{"_level":1,"parentID":"7f4eb270-3631-481e-a7ac-89895cdf21c9","firstParentID":"265cf3ec-3f09-497c-b333-13cf35868756","ID":"af3da12e-5041-43c7-851e-891fe1ec964e","childs":{"код":{"_level":2,"parentID":"af3da12e-5041-43c7-851e-891fe1ec964e","firstParentID":"265cf3ec-3f09-497c-b333-13cf35868756","ID":"bc7de3ae-bba1-4d04-bfb1-46cf18ea8960","childs":null,"emcosID":null,"emcosMLID":null,"codMaketTEP":null,"codTEP":null,"WSName":"DB","rangeAddress":"$BY$482:$BY$519","headAddress":"$BY$482","bodyAddress":"$BY$483:$BY$519","_name":"код"},"основное":{"_level":2,"parentID":"af3da12e-5041-43c7-851e-891fe1ec964e","firstParentID":"265cf3ec-3f09-497c-b333-13cf35868756","ID":"cb417e9f-6aea-4d54-86b6-a6440d9075dd","childs":null,"emcosID":null,"emcosMLID":null,"codMaketTEP":null,"codTEP":null,"WSName":"DB","rangeAddress":"$BZ$482:$BZ$519","headAddress":"$BZ$482","bodyAddress":"$BZ$483:$BZ$519","_name":"основное"},"корректировка факт":{"_level":2,"parentID":"af3da12e-5041-43c7-851e-891fe1ec964e","firstParentID":"265cf3ec-3f09-497c-b333-13cf35868756","ID":"06f4c98a-2055-444b-a401-13c34cb030b7","childs":null,"emcosID":null,"emcosMLID":null,"codMaketTEP":null,"codTEP":null,"WSName":"DB","rangeAddress":"$CA$482:$CA$519","headAddress":"$CA$482","bodyAddress":"$CA$483:$CA$519","_name":"корректировка факт"},"ручное":{"_level":2,"parentID":"af3da12e-5041-43c7-851e-891fe1ec964e","firstParentID":"265cf3ec-3f09-497c-b333-13cf35868756","ID":"6617e124-d544-4b55-99bd-3c053abc5e42","childs":null,"emcosID":null,"emcosMLID":null,"codMaketTEP":null,"codTEP":null,"WSName":"DB","rangeAddress":"$CB$482:$CB$519","headAddress":"$CB$482","bodyAddress":"$CB$483:$CB$519","_name":"ручное"}},"emcosID":null,"emcosMLID":null,"codMaketTEP":null,"codTEP":null,"WSName":"DB","rangeAddress":"$BY$481:$CB$519","headAddress":"$BY$481:$CB$481","bodyAddress":"$BY$482:$CB$519","_name":"отдача"}},"emcosID":null,"emcosMLID":null,"codMaketTEP":null,"codTEP":null,"WSName":"DB","rangeAddress":"$BY$480:$CB$519","headAddress":"$BY$480:$CB$480","bodyAddress":"$BY$481:$CB$519","_name":"Генерация Антоновская ГЭС"}},"codPlan":null,"meterCoef":null,"_name":"Генерация Антоновская ГЭС"}