{"ID":"27d829bc-224d-449a-9f1b-333037aa2c52","childs":{"PS":{"_level":0,"parentID":"27d829bc-224d-449a-9f1b-333037aa2c52","firstParentID":"27d829bc-224d-449a-9f1b-333037aa2c52","ID":"dc9e301e-aca6-4b5b-9b2a-5eb48921964c","childs":{"отдача":{"_level":1,"parentID":"dc9e301e-aca6-4b5b-9b2a-5eb48921964c","firstParentID":"27d829bc-224d-449a-9f1b-333037aa2c52","ID":"e7910b53-c540-4142-8e88-a22831603519","childs":{"по счетчику":{"_level":2,"parentID":"e7910b53-c540-4142-8e88-a22831603519","firstParentID":"27d829bc-224d-449a-9f1b-333037aa2c52","ID":"a9903d3d-5ff3-467d-9d73-2466a9141799","childs":null,"emcosID":null,"emcosMLID":null,"codMaketTEP":null,"codTEP":null,"WSName":"PS","rangeAddress":"$CQ$99:$CQ$135","headAddress":"$CQ$99","bodyAddress":"$CQ$100:$CQ$135","_name":"по счетчику"},"СЧЕТЧИК":{"_level":2,"parentID":"e7910b53-c540-4142-8e88-a22831603519","firstParentID":"27d829bc-224d-449a-9f1b-333037aa2c52","ID":"89ac0fbe-16e5-4726-b392-1c3b3eb789b4","childs":null,"emcosID":null,"emcosMLID":null,"codMaketTEP":null,"codTEP":null,"WSName":"PS","rangeAddress":"$CR$99:$CR$135","headAddress":"$CR$99","bodyAddress":"$CR$100:$CR$135","_name":"СЧЕТЧИК"}},"emcosID":null,"emcosMLID":null,"codMaketTEP":null,"codTEP":null,"WSName":"PS","rangeAddress":"$CQ$98:$CR$135","headAddress":"$CQ$98:$CR$98","bodyAddress":"$CQ$99:$CR$135","_name":"отдача"}},"emcosID":null,"emcosMLID":null,"codMaketTEP":null,"codTEP":null,"WSName":"PS","rangeAddress":"$CQ$97:$CR$135","headAddress":"$CQ$97:$CR$97","bodyAddress":"$CQ$98:$CR$135","_name":"Т1 10 3В ПС149 Талдыкорган ЗЩА"},"DB":{"_level":0,"parentID":"27d829bc-224d-449a-9f1b-333037aa2c52","firstParentID":"27d829bc-224d-449a-9f1b-333037aa2c52","ID":"9885d7f4-bab7-4d20-b002-984b6942f4ec","childs":{"отдача":{"_level":1,"parentID":"9885d7f4-bab7-4d20-b002-984b6942f4ec","firstParentID":"27d829bc-224d-449a-9f1b-333037aa2c52","ID":"b23fc4c9-7eea-4076-af33-896479070d81","childs":{"код":{"_level":2,"parentID":"b23fc4c9-7eea-4076-af33-896479070d81","firstParentID":"27d829bc-224d-449a-9f1b-333037aa2c52","ID":"31f7d9b6-6152-47d2-a2bc-56dfd3d34d5a","childs":null,"emcosID":null,"emcosMLID":null,"codMaketTEP":null,"codTEP":null,"WSName":"DB","rangeAddress":"$M$525:$M$562","headAddress":"$M$525","bodyAddress":"$M$526:$M$562","_name":"код"},"основное":{"_level":2,"parentID":"b23fc4c9-7eea-4076-af33-896479070d81","firstParentID":"27d829bc-224d-449a-9f1b-333037aa2c52","ID":"9dcd0ba7-9943-4edf-beb4-b5024c0a1142","childs":null,"emcosID":null,"emcosMLID":null,"codMaketTEP":null,"codTEP":null,"WSName":"DB","rangeAddress":"$N$525:$N$562","headAddress":"$N$525","bodyAddress":"$N$526:$N$562","_name":"основное"},"корректировка факт":{"_level":2,"parentID":"b23fc4c9-7eea-4076-af33-896479070d81","firstParentID":"27d829bc-224d-449a-9f1b-333037aa2c52","ID":"dd891aed-e48a-42de-ab88-dd83fccbf357","childs":null,"emcosID":null,"emcosMLID":null,"codMaketTEP":null,"codTEP":null,"WSName":"DB","rangeAddress":"$O$525:$O$562","headAddress":"$O$525","bodyAddress":"$O$526:$O$562","_name":"корректировка факт"},"ручное":{"_level":2,"parentID":"b23fc4c9-7eea-4076-af33-896479070d81","firstParentID":"27d829bc-224d-449a-9f1b-333037aa2c52","ID":"8d2f9c46-a3eb-43a5-a839-4d1936fac8b3","childs":null,"emcosID":null,"emcosMLID":null,"codMaketTEP":null,"codTEP":null,"WSName":"DB","rangeAddress":"$P$525:$P$562","headAddress":"$P$525","bodyAddress":"$P$526:$P$562","_name":"ручное"},"счетчик":{"_level":2,"parentID":"b23fc4c9-7eea-4076-af33-896479070d81","firstParentID":"27d829bc-224d-449a-9f1b-333037aa2c52","ID":"59e59b70-d7e7-434e-9998-a31e3521a281","childs":null,"emcosID":null,"emcosMLID":null,"codMaketTEP":null,"codTEP":null,"WSName":"DB","rangeAddress":"$Q$525:$Q$562","headAddress":"$Q$525","bodyAddress":"$Q$526:$Q$562","_name":"счетчик"},"по счетчику":{"_level":2,"parentID":"b23fc4c9-7eea-4076-af33-896479070d81","firstParentID":"27d829bc-224d-449a-9f1b-333037aa2c52","ID":"dcd1a964-9db7-462e-a1f6-583f301e12fe","childs":null,"emcosID":null,"emcosMLID":null,"codMaketTEP":null,"codTEP":null,"WSName":"DB","rangeAddress":"$R$525:$R$562","headAddress":"$R$525","bodyAddress":"$R$526:$R$562","_name":"по счетчику"}},"emcosID":null,"emcosMLID":null,"codMaketTEP":null,"codTEP":null,"WSName":"DB","rangeAddress":"$M$524:$R$562","headAddress":"$M$524:$R$524","bodyAddress":"$M$525:$R$562","_name":"отдача"}},"emcosID":null,"emcosMLID":null,"codMaketTEP":null,"codTEP":null,"WSName":"DB","rangeAddress":"$M$523:$R$562","headAddress":"$M$523:$R$523","bodyAddress":"$M$524:$R$562","_name":"Т1 10 3В ПС149 Талдыкорган ЗЩА"}},"codPlan":null,"meterCoef":"60","_name":"Т1 10 3В ПС149 Талдыкорган ЗЩА"}