{"ID":"294df624-3664-4b3e-b371-c915ed5b78ad","childs":{"PS":{"_level":0,"parentID":"294df624-3664-4b3e-b371-c915ed5b78ad","firstParentID":"294df624-3664-4b3e-b371-c915ed5b78ad","ID":"295b806b-f39b-4cc8-a287-ef4aab0f5757","childs":{"прием":{"_level":1,"parentID":"295b806b-f39b-4cc8-a287-ef4aab0f5757","firstParentID":"294df624-3664-4b3e-b371-c915ed5b78ad","ID":"79e40253-8ae8-4560-8837-ce4e480ade26","childs":{"аскуэ":{"_level":2,"parentID":"79e40253-8ae8-4560-8837-ce4e480ade26","firstParentID":"294df624-3664-4b3e-b371-c915ed5b78ad","ID":"3686f9fe-3a71-4c6d-b511-398c83ce1fe1","childs":null,"emcosID":null,"emcosMLID":null,"codMaketTEP":null,"codTEP":null,"WSName":"PS","rangeAddress":"$B$56:$B$92","headAddress":"$B$56","bodyAddress":"$B$57:$B$92","_name":"аскуэ"}},"emcosID":null,"emcosMLID":null,"codMaketTEP":null,"codTEP":null,"WSName":"PS","rangeAddress":"$B$55:$B$92","headAddress":"$B$55","bodyAddress":"$B$56:$B$92","_name":"прием"},"отдача":{"_level":1,"parentID":"295b806b-f39b-4cc8-a287-ef4aab0f5757","firstParentID":"294df624-3664-4b3e-b371-c915ed5b78ad","ID":"d7af5b69-e341-4f9c-9132-dec9a7b84430","childs":{"аскуэ":{"_level":2,"parentID":"d7af5b69-e341-4f9c-9132-dec9a7b84430","firstParentID":"294df624-3664-4b3e-b371-c915ed5b78ad","ID":"533d497e-7254-434c-8356-29a5ce508f72","childs":null,"emcosID":null,"emcosMLID":null,"codMaketTEP":null,"codTEP":null,"WSName":"PS","rangeAddress":"$C$56:$C$92","headAddress":"$C$56","bodyAddress":"$C$57:$C$92","_name":"аскуэ"}},"emcosID":null,"emcosMLID":null,"codMaketTEP":null,"codTEP":null,"WSName":"PS","rangeAddress":"$C$55:$C$92","headAddress":"$C$55","bodyAddress":"$C$56:$C$92","_name":"отдача"}},"emcosID":null,"emcosMLID":null,"codMaketTEP":null,"codTEP":null,"WSName":"PS","rangeAddress":"$B$54:$C$92","headAddress":"$B$54:$C$54","bodyAddress":"$B$55:$C$92","_name":"Л5300 Агадырь"},"DB":{"_level":0,"parentID":"294df624-3664-4b3e-b371-c915ed5b78ad","firstParentID":"294df624-3664-4b3e-b371-c915ed5b78ad","ID":"5689c656-0bb1-4e4c-82b5-848c0fea63d3","childs":{"прием":{"_level":1,"parentID":"5689c656-0bb1-4e4c-82b5-848c0fea63d3","firstParentID":"294df624-3664-4b3e-b371-c915ed5b78ad","ID":"44168d3a-be3a-4adc-a9ce-d1ecf01f24eb","childs":{"код":{"_level":2,"parentID":"44168d3a-be3a-4adc-a9ce-d1ecf01f24eb","firstParentID":"294df624-3664-4b3e-b371-c915ed5b78ad","ID":"1a6d47c5-e931-4914-9e8c-4299ea07c06e","childs":null,"emcosID":null,"emcosMLID":null,"codMaketTEP":null,"codTEP":null,"WSName":"DB","rangeAddress":"$EO$52:$EO$89","headAddress":"$EO$52","bodyAddress":"$EO$53:$EO$89","_name":"код"},"основное":{"_level":2,"parentID":"44168d3a-be3a-4adc-a9ce-d1ecf01f24eb","firstParentID":"294df624-3664-4b3e-b371-c915ed5b78ad","ID":"b0816e2f-9af6-4ece-9d8b-b562144a2bcb","childs":null,"emcosID":null,"emcosMLID":null,"codMaketTEP":null,"codTEP":null,"WSName":"DB","rangeAddress":"$EP$52:$EP$89","headAddress":"$EP$52","bodyAddress":"$EP$53:$EP$89","_name":"основное"},"корректировка факт":{"_level":2,"parentID":"44168d3a-be3a-4adc-a9ce-d1ecf01f24eb","firstParentID":"294df624-3664-4b3e-b371-c915ed5b78ad","ID":"31a83d61-2dd4-4963-b231-bfab25b0c913","childs":null,"emcosID":null,"emcosMLID":null,"codMaketTEP":null,"codTEP":null,"WSName":"DB","rangeAddress":"$EQ$52:$EQ$89","headAddress":"$EQ$52","bodyAddress":"$EQ$53:$EQ$89","_name":"корректировка факт"},"ручное":{"_level":2,"parentID":"44168d3a-be3a-4adc-a9ce-d1ecf01f24eb","firstParentID":"294df624-3664-4b3e-b371-c915ed5b78ad","ID":"74877d49-45e7-483d-be01-e9bc65409cd7","childs":null,"emcosID":null,"emcosMLID":null,"codMaketTEP":null,"codTEP":null,"WSName":"DB","rangeAddress":"$ER$52:$ER$89","headAddress":"$ER$52","bodyAddress":"$ER$53:$ER$89","_name":"ручное"},"счетчик":{"_level":2,"parentID":"44168d3a-be3a-4adc-a9ce-d1ecf01f24eb","firstParentID":"294df624-3664-4b3e-b371-c915ed5b78ad","ID":"d6f41805-5343-4d95-bfed-9acf34a5361a","childs":null,"emcosID":null,"emcosMLID":null,"codMaketTEP":null,"codTEP":null,"WSName":"DB","rangeAddress":"$ES$52:$ES$89","headAddress":"$ES$52","bodyAddress":"$ES$53:$ES$89","_name":"счетчик"},"по счетчику":{"_level":2,"parentID":"44168d3a-be3a-4adc-a9ce-d1ecf01f24eb","firstParentID":"294df624-3664-4b3e-b371-c915ed5b78ad","ID":"09cf6424-854c-434a-9dbb-ab584319c07c","childs":null,"emcosID":null,"emcosMLID":null,"codMaketTEP":null,"codTEP":null,"WSName":"DB","rangeAddress":"$ET$52:$ET$89","headAddress":"$ET$52","bodyAddress":"$ET$53:$ET$89","_name":"по счетчику"},"аскуэ":{"_level":2,"parentID":"44168d3a-be3a-4adc-a9ce-d1ecf01f24eb","firstParentID":"294df624-3664-4b3e-b371-c915ed5b78ad","ID":"edd26175-914f-43e9-a024-8dc77a2f1091","childs":null,"emcosID":null,"emcosMLID":null,"codMaketTEP":null,"codTEP":null,"WSName":"DB","rangeAddress":"$EU$52:$EU$89","headAddress":"$EU$52","bodyAddress":"$EU$53:$EU$89","_name":"аскуэ"}},"emcosID":557,"emcosMLID":386,"codMaketTEP":null,"codTEP":null,"WSName":"DB","rangeAddress":"$EO$51:$EU$89","headAddress":"$EO$51:$EU$51","bodyAddress":"$EO$52:$EU$89","_name":"прием"},"отдача":{"_level":1,"parentID":"5689c656-0bb1-4e4c-82b5-848c0fea63d3","firstParentID":"294df624-3664-4b3e-b371-c915ed5b78ad","ID":"5bf537d6-cd7d-42d5-84c5-a20c3bc86bfe","childs":{"код":{"_level":2,"parentID":"5bf537d6-cd7d-42d5-84c5-a20c3bc86bfe","firstParentID":"294df624-3664-4b3e-b371-c915ed5b78ad","ID":"111262f6-9a00-41b2-9e05-fd32776302e1","childs":null,"emcosID":null,"emcosMLID":null,"codMaketTEP":null,"codTEP":null,"WSName":"DB","rangeAddress":"$EV$52:$EV$89","headAddress":"$EV$52","bodyAddress":"$EV$53:$EV$89","_name":"код"},"основное":{"_level":2,"parentID":"5bf537d6-cd7d-42d5-84c5-a20c3bc86bfe","firstParentID":"294df624-3664-4b3e-b371-c915ed5b78ad","ID":"d91ca84c-de1e-4270-b98e-5e8608b75366","childs":null,"emcosID":null,"emcosMLID":null,"codMaketTEP":null,"codTEP":null,"WSName":"DB","rangeAddress":"$EW$52:$EW$89","headAddress":"$EW$52","bodyAddress":"$EW$53:$EW$89","_name":"основное"},"корректировка факт":{"_level":2,"parentID":"5bf537d6-cd7d-42d5-84c5-a20c3bc86bfe","firstParentID":"294df624-3664-4b3e-b371-c915ed5b78ad","ID":"bb7c5b45-5116-4c7d-a6db-0381383879e9","childs":null,"emcosID":null,"emcosMLID":null,"codMaketTEP":null,"codTEP":null,"WSName":"DB","rangeAddress":"$EX$52:$EX$89","headAddress":"$EX$52","bodyAddress":"$EX$53:$EX$89","_name":"корректировка факт"},"ручное":{"_level":2,"parentID":"5bf537d6-cd7d-42d5-84c5-a20c3bc86bfe","firstParentID":"294df624-3664-4b3e-b371-c915ed5b78ad","ID":"6ff1cac5-a5e2-40c3-bf2c-0e6ac332e604","childs":null,"emcosID":null,"emcosMLID":null,"codMaketTEP":null,"codTEP":null,"WSName":"DB","rangeAddress":"$EY$52:$EY$89","headAddress":"$EY$52","bodyAddress":"$EY$53:$EY$89","_name":"ручное"},"счетчик":{"_level":2,"parentID":"5bf537d6-cd7d-42d5-84c5-a20c3bc86bfe","firstParentID":"294df624-3664-4b3e-b371-c915ed5b78ad","ID":"2a3db206-51d2-45ce-8abb-8b8cca633ae9","childs":null,"emcosID":null,"emcosMLID":null,"codMaketTEP":null,"codTEP":null,"WSName":"DB","rangeAddress":"$EZ$52:$EZ$89","headAddress":"$EZ$52","bodyAddress":"$EZ$53:$EZ$89","_name":"счетчик"},"по счетчику":{"_level":2,"parentID":"5bf537d6-cd7d-42d5-84c5-a20c3bc86bfe","firstParentID":"294df624-3664-4b3e-b371-c915ed5b78ad","ID":"eb538ce9-ce92-43fd-a69b-26b14131bbcd","childs":null,"emcosID":null,"emcosMLID":null,"codMaketTEP":null,"codTEP":null,"WSName":"DB","rangeAddress":"$FA$52:$FA$89","headAddress":"$FA$52","bodyAddress":"$FA$53:$FA$89","_name":"по счетчику"},"аскуэ":{"_level":2,"parentID":"5bf537d6-cd7d-42d5-84c5-a20c3bc86bfe","firstParentID":"294df624-3664-4b3e-b371-c915ed5b78ad","ID":"8c3efb74-9233-4ae9-abdd-b302c9c48542","childs":null,"emcosID":null,"emcosMLID":null,"codMaketTEP":null,"codTEP":null,"WSName":"DB","rangeAddress":"$FB$52:$FB$89","headAddress":"$FB$52","bodyAddress":"$FB$53:$FB$89","_name":"аскуэ"}},"emcosID":557,"emcosMLID":385,"codMaketTEP":null,"codTEP":null,"WSName":"DB","rangeAddress":"$EV$51:$FB$89","headAddress":"$EV$51:$FB$51","bodyAddress":"$EV$52:$FB$89","_name":"отдача"}},"emcosID":null,"emcosMLID":null,"codMaketTEP":null,"codTEP":null,"WSName":"DB","rangeAddress":"$EO$50:$FB$89","headAddress":"$EO$50:$FB$50","bodyAddress":"$EO$51:$FB$89","_name":"Л5300 Агадырь"}},"codPlan":null,"meterCoef":null,"_name":"Л5300 Агадырь"}