{"ID":"2b1f991c-4434-4926-b718-6d4db4553d3c","childs":{"PS":{"_level":0,"parentID":"2b1f991c-4434-4926-b718-6d4db4553d3c","firstParentID":"2b1f991c-4434-4926-b718-6d4db4553d3c","ID":"21f3322f-7aab-4e42-817b-6913d1436482","childs":{"прием":{"_level":1,"parentID":"21f3322f-7aab-4e42-817b-6913d1436482","firstParentID":"2b1f991c-4434-4926-b718-6d4db4553d3c","ID":"9ce7ffc6-f26f-4c8a-b03c-0cd8678b6852","childs":{"по счетчику":{"_level":2,"parentID":"9ce7ffc6-f26f-4c8a-b03c-0cd8678b6852","firstParentID":"2b1f991c-4434-4926-b718-6d4db4553d3c","ID":"1d0b43cd-2629-4a43-ad11-d3a842ff8f2c","childs":null,"emcosID":null,"emcosMLID":null,"codMaketTEP":null,"codTEP":null,"WSName":"PS","rangeAddress":"$AL$142:$AL$178","headAddress":"$AL$142","bodyAddress":"$AL$143:$AL$178","_name":"по счетчику"},"СЧЕТЧИК":{"_level":2,"parentID":"9ce7ffc6-f26f-4c8a-b03c-0cd8678b6852","firstParentID":"2b1f991c-4434-4926-b718-6d4db4553d3c","ID":"38c3ad80-978e-4132-a282-6a14db35c00e","childs":null,"emcosID":null,"emcosMLID":null,"codMaketTEP":null,"codTEP":null,"WSName":"PS","rangeAddress":"$AM$142:$AM$178","headAddress":"$AM$142","bodyAddress":"$AM$143:$AM$178","_name":"СЧЕТЧИК"}},"emcosID":null,"emcosMLID":null,"codMaketTEP":null,"codTEP":null,"WSName":"PS","rangeAddress":"$AL$141:$AM$178","headAddress":"$AL$141:$AM$141","bodyAddress":"$AL$142:$AM$178","_name":"прием"},"отдача":{"_level":1,"parentID":"21f3322f-7aab-4e42-817b-6913d1436482","firstParentID":"2b1f991c-4434-4926-b718-6d4db4553d3c","ID":"66d65253-836d-419d-b247-0d2897f7da1f","childs":{"по счетчику":{"_level":2,"parentID":"66d65253-836d-419d-b247-0d2897f7da1f","firstParentID":"2b1f991c-4434-4926-b718-6d4db4553d3c","ID":"2708282d-8238-4bb4-98eb-9982cb875b71","childs":null,"emcosID":null,"emcosMLID":null,"codMaketTEP":null,"codTEP":null,"WSName":"PS","rangeAddress":"$AN$142:$AN$178","headAddress":"$AN$142","bodyAddress":"$AN$143:$AN$178","_name":"по счетчику"},"СЧЕТЧИК":{"_level":2,"parentID":"66d65253-836d-419d-b247-0d2897f7da1f","firstParentID":"2b1f991c-4434-4926-b718-6d4db4553d3c","ID":"25afb85b-3859-4b66-b1f9-ce8a1e6a9c56","childs":null,"emcosID":null,"emcosMLID":null,"codMaketTEP":null,"codTEP":null,"WSName":"PS","rangeAddress":"$AO$142:$AO$178","headAddress":"$AO$142","bodyAddress":"$AO$143:$AO$178","_name":"СЧЕТЧИК"}},"emcosID":null,"emcosMLID":null,"codMaketTEP":null,"codTEP":null,"WSName":"PS","rangeAddress":"$AN$141:$AO$178","headAddress":"$AN$141:$AO$141","bodyAddress":"$AN$142:$AO$178","_name":"отдача"}},"emcosID":null,"emcosMLID":null,"codMaketTEP":null,"codTEP":null,"WSName":"PS","rangeAddress":"$AL$140:$AO$178","headAddress":"$AL$140:$AO$140","bodyAddress":"$AL$141:$AO$178","_name":"Л67А Пионерная"},"DB":{"_level":0,"parentID":"2b1f991c-4434-4926-b718-6d4db4553d3c","firstParentID":"2b1f991c-4434-4926-b718-6d4db4553d3c","ID":"7ca3249d-f1dc-4f09-8c4d-bfdd738cc9ab","childs":{"прием":{"_level":1,"parentID":"7ca3249d-f1dc-4f09-8c4d-bfdd738cc9ab","firstParentID":"2b1f991c-4434-4926-b718-6d4db4553d3c","ID":"1021bdf7-243a-4dac-8af4-9b474c75597d","childs":{"код":{"_level":2,"parentID":"1021bdf7-243a-4dac-8af4-9b474c75597d","firstParentID":"2b1f991c-4434-4926-b718-6d4db4553d3c","ID":"8cc12bef-cd0a-430d-8ddc-c02c81d83196","childs":null,"emcosID":null,"emcosMLID":null,"codMaketTEP":null,"codTEP":null,"WSName":"DB","rangeAddress":"$C$267:$C$304","headAddress":"$C$267","bodyAddress":"$C$268:$C$304","_name":"код"},"основное":{"_level":2,"parentID":"1021bdf7-243a-4dac-8af4-9b474c75597d","firstParentID":"2b1f991c-4434-4926-b718-6d4db4553d3c","ID":"4cd81924-8ecc-4457-b1d2-106a4bebeaf7","childs":null,"emcosID":null,"emcosMLID":null,"codMaketTEP":null,"codTEP":null,"WSName":"DB","rangeAddress":"$D$267:$D$304","headAddress":"$D$267","bodyAddress":"$D$268:$D$304","_name":"основное"},"корректировка факт":{"_level":2,"parentID":"1021bdf7-243a-4dac-8af4-9b474c75597d","firstParentID":"2b1f991c-4434-4926-b718-6d4db4553d3c","ID":"a805829a-772c-49fa-b7de-4df0a46d54ec","childs":null,"emcosID":null,"emcosMLID":null,"codMaketTEP":null,"codTEP":null,"WSName":"DB","rangeAddress":"$E$267:$E$304","headAddress":"$E$267","bodyAddress":"$E$268:$E$304","_name":"корректировка факт"},"ручное":{"_level":2,"parentID":"1021bdf7-243a-4dac-8af4-9b474c75597d","firstParentID":"2b1f991c-4434-4926-b718-6d4db4553d3c","ID":"fe5efd75-7640-495e-96a8-f1532dc1b1b8","childs":null,"emcosID":null,"emcosMLID":null,"codMaketTEP":null,"codTEP":null,"WSName":"DB","rangeAddress":"$F$267:$F$304","headAddress":"$F$267","bodyAddress":"$F$268:$F$304","_name":"ручное"},"счетчик":{"_level":2,"parentID":"1021bdf7-243a-4dac-8af4-9b474c75597d","firstParentID":"2b1f991c-4434-4926-b718-6d4db4553d3c","ID":"6e5ee166-c958-4b7e-85e3-6f01ed385d67","childs":null,"emcosID":null,"emcosMLID":null,"codMaketTEP":null,"codTEP":null,"WSName":"DB","rangeAddress":"$G$267:$G$304","headAddress":"$G$267","bodyAddress":"$G$268:$G$304","_name":"счетчик"},"по счетчику":{"_level":2,"parentID":"1021bdf7-243a-4dac-8af4-9b474c75597d","firstParentID":"2b1f991c-4434-4926-b718-6d4db4553d3c","ID":"e52668e9-807d-45b2-bce3-f11f8fb8db9b","childs":null,"emcosID":null,"emcosMLID":null,"codMaketTEP":null,"codTEP":null,"WSName":"DB","rangeAddress":"$H$267:$H$304","headAddress":"$H$267","bodyAddress":"$H$268:$H$304","_name":"по счетчику"}},"emcosID":null,"emcosMLID":null,"codMaketTEP":null,"codTEP":null,"WSName":"DB","rangeAddress":"$C$266:$H$304","headAddress":"$C$266:$H$266","bodyAddress":"$C$267:$H$304","_name":"прием"},"отдача":{"_level":1,"parentID":"7ca3249d-f1dc-4f09-8c4d-bfdd738cc9ab","firstParentID":"2b1f991c-4434-4926-b718-6d4db4553d3c","ID":"df3bda8e-6552-437c-9c5b-95e1c32066ee","childs":{"код":{"_level":2,"parentID":"df3bda8e-6552-437c-9c5b-95e1c32066ee","firstParentID":"2b1f991c-4434-4926-b718-6d4db4553d3c","ID":"63a80d7f-527b-4866-855b-97d01848255e","childs":null,"emcosID":null,"emcosMLID":null,"codMaketTEP":null,"codTEP":null,"WSName":"DB","rangeAddress":"$I$267:$I$304","headAddress":"$I$267","bodyAddress":"$I$268:$I$304","_name":"код"},"основное":{"_level":2,"parentID":"df3bda8e-6552-437c-9c5b-95e1c32066ee","firstParentID":"2b1f991c-4434-4926-b718-6d4db4553d3c","ID":"620a0195-a9e4-4393-8fec-f1d51a2e3b6d","childs":null,"emcosID":null,"emcosMLID":null,"codMaketTEP":null,"codTEP":null,"WSName":"DB","rangeAddress":"$J$267:$J$304","headAddress":"$J$267","bodyAddress":"$J$268:$J$304","_name":"основное"},"корректировка факт":{"_level":2,"parentID":"df3bda8e-6552-437c-9c5b-95e1c32066ee","firstParentID":"2b1f991c-4434-4926-b718-6d4db4553d3c","ID":"87d4934d-6242-44da-b9aa-9acfa7ef25e6","childs":null,"emcosID":null,"emcosMLID":null,"codMaketTEP":null,"codTEP":null,"WSName":"DB","rangeAddress":"$K$267:$K$304","headAddress":"$K$267","bodyAddress":"$K$268:$K$304","_name":"корректировка факт"},"ручное":{"_level":2,"parentID":"df3bda8e-6552-437c-9c5b-95e1c32066ee","firstParentID":"2b1f991c-4434-4926-b718-6d4db4553d3c","ID":"5ec0e920-0408-4474-8c59-8bf4cddf62f9","childs":null,"emcosID":null,"emcosMLID":null,"codMaketTEP":null,"codTEP":null,"WSName":"DB","rangeAddress":"$L$267:$L$304","headAddress":"$L$267","bodyAddress":"$L$268:$L$304","_name":"ручное"},"счетчик":{"_level":2,"parentID":"df3bda8e-6552-437c-9c5b-95e1c32066ee","firstParentID":"2b1f991c-4434-4926-b718-6d4db4553d3c","ID":"24b6085d-5609-44b7-9b9e-ae1e4c873076","childs":null,"emcosID":null,"emcosMLID":null,"codMaketTEP":null,"codTEP":null,"WSName":"DB","rangeAddress":"$M$267:$M$304","headAddress":"$M$267","bodyAddress":"$M$268:$M$304","_name":"счетчик"},"по счетчику":{"_level":2,"parentID":"df3bda8e-6552-437c-9c5b-95e1c32066ee","firstParentID":"2b1f991c-4434-4926-b718-6d4db4553d3c","ID":"6e4764d9-64d6-420a-b798-a128cd676bab","childs":null,"emcosID":null,"emcosMLID":null,"codMaketTEP":null,"codTEP":null,"WSName":"DB","rangeAddress":"$N$267:$N$304","headAddress":"$N$267","bodyAddress":"$N$268:$N$304","_name":"по счетчику"}},"emcosID":null,"emcosMLID":null,"codMaketTEP":null,"codTEP":null,"WSName":"DB","rangeAddress":"$I$266:$N$304","headAddress":"$I$266:$N$266","bodyAddress":"$I$267:$N$304","_name":"отдача"}},"emcosID":null,"emcosMLID":null,"codMaketTEP":null,"codTEP":null,"WSName":"DB","rangeAddress":"$C$265:$N$304","headAddress":"$C$265:$N$265","bodyAddress":"$C$266:$N$304","_name":"Л67А Пионерная"}},"codPlan":null,"meterCoef":"3,5","_name":"Л67А Пионерная"}