{"ID":"2c01db64-3465-4e77-b778-ff721b216dc7","childs":{"PS":{"_level":0,"parentID":"2c01db64-3465-4e77-b778-ff721b216dc7","firstParentID":"2c01db64-3465-4e77-b778-ff721b216dc7","ID":"1d221937-9174-4a26-b607-9add19089bd1","childs":{"прием":{"_level":1,"parentID":"1d221937-9174-4a26-b607-9add19089bd1","firstParentID":"2c01db64-3465-4e77-b778-ff721b216dc7","ID":"d093e874-c423-48e4-8b56-0953b01ae222","childs":{"по счетчику":{"_level":2,"parentID":"d093e874-c423-48e4-8b56-0953b01ae222","firstParentID":"2c01db64-3465-4e77-b778-ff721b216dc7","ID":"21837d74-51c4-4aeb-ae21-d1f841e9bbf6","childs":null,"emcosID":null,"emcosMLID":null,"codMaketTEP":null,"codTEP":null,"WSName":"PS","rangeAddress":"$JB$99:$JB$135","headAddress":"$JB$99","bodyAddress":"$JB$100:$JB$135","_name":"по счетчику"},"СЧЕТЧИК":{"_level":2,"parentID":"d093e874-c423-48e4-8b56-0953b01ae222","firstParentID":"2c01db64-3465-4e77-b778-ff721b216dc7","ID":"5e1f5082-2d50-4c38-b53c-825e6b76b5cc","childs":null,"emcosID":null,"emcosMLID":null,"codMaketTEP":null,"codTEP":null,"WSName":"PS","rangeAddress":"$JC$99:$JC$135","headAddress":"$JC$99","bodyAddress":"$JC$100:$JC$135","_name":"СЧЕТЧИК"}},"emcosID":null,"emcosMLID":null,"codMaketTEP":null,"codTEP":null,"WSName":"PS","rangeAddress":"$JB$98:$JC$135","headAddress":"$JB$98:$JC$98","bodyAddress":"$JB$99:$JC$135","_name":"прием"},"отдача":{"_level":1,"parentID":"1d221937-9174-4a26-b607-9add19089bd1","firstParentID":"2c01db64-3465-4e77-b778-ff721b216dc7","ID":"9248f4eb-8e5c-406c-9338-280cdab8f128","childs":{"по счетчику":{"_level":2,"parentID":"9248f4eb-8e5c-406c-9338-280cdab8f128","firstParentID":"2c01db64-3465-4e77-b778-ff721b216dc7","ID":"7f55e16b-fddd-4367-83fc-701c32b00e4b","childs":null,"emcosID":null,"emcosMLID":null,"codMaketTEP":null,"codTEP":null,"WSName":"PS","rangeAddress":"$JD$99:$JD$135","headAddress":"$JD$99","bodyAddress":"$JD$100:$JD$135","_name":"по счетчику"},"СЧЕТЧИК":{"_level":2,"parentID":"9248f4eb-8e5c-406c-9338-280cdab8f128","firstParentID":"2c01db64-3465-4e77-b778-ff721b216dc7","ID":"61de727a-0820-41d7-a654-4bd6aba7c2a8","childs":null,"emcosID":null,"emcosMLID":null,"codMaketTEP":null,"codTEP":null,"WSName":"PS","rangeAddress":"$JE$99:$JE$135","headAddress":"$JE$99","bodyAddress":"$JE$100:$JE$135","_name":"СЧЕТЧИК"}},"emcosID":null,"emcosMLID":null,"codMaketTEP":null,"codTEP":null,"WSName":"PS","rangeAddress":"$JD$98:$JE$135","headAddress":"$JD$98:$JE$98","bodyAddress":"$JD$99:$JE$135","_name":"отдача"}},"emcosID":null,"emcosMLID":null,"codMaketTEP":null,"codTEP":null,"WSName":"PS","rangeAddress":"$JB$97:$JE$135","headAddress":"$JB$97:$JE$97","bodyAddress":"$JB$98:$JE$135","_name":"КЛ97 ПС152 Талдыкорган"},"DB":{"_level":0,"parentID":"2c01db64-3465-4e77-b778-ff721b216dc7","firstParentID":"2c01db64-3465-4e77-b778-ff721b216dc7","ID":"b7771fe2-bedb-4f18-863c-b1cd2b9a9ede","childs":{"прием":{"_level":1,"parentID":"b7771fe2-bedb-4f18-863c-b1cd2b9a9ede","firstParentID":"2c01db64-3465-4e77-b778-ff721b216dc7","ID":"0ee04eb4-78ff-497e-aebb-2faedf7d4c4b","childs":{"код":{"_level":2,"parentID":"0ee04eb4-78ff-497e-aebb-2faedf7d4c4b","firstParentID":"2c01db64-3465-4e77-b778-ff721b216dc7","ID":"544e59e0-3c1a-4cd6-a67a-edf3c61de99d","childs":null,"emcosID":null,"emcosMLID":null,"codMaketTEP":null,"codTEP":null,"WSName":"DB","rangeAddress":"$BY$525:$BY$562","headAddress":"$BY$525","bodyAddress":"$BY$526:$BY$562","_name":"код"},"основное":{"_level":2,"parentID":"0ee04eb4-78ff-497e-aebb-2faedf7d4c4b","firstParentID":"2c01db64-3465-4e77-b778-ff721b216dc7","ID":"bff33751-a7ee-422d-8ec0-3fc46e966196","childs":null,"emcosID":null,"emcosMLID":null,"codMaketTEP":null,"codTEP":null,"WSName":"DB","rangeAddress":"$BZ$525:$BZ$562","headAddress":"$BZ$525","bodyAddress":"$BZ$526:$BZ$562","_name":"основное"},"корректировка факт":{"_level":2,"parentID":"0ee04eb4-78ff-497e-aebb-2faedf7d4c4b","firstParentID":"2c01db64-3465-4e77-b778-ff721b216dc7","ID":"1a8d29fc-4f19-4192-8892-72e05afc5f02","childs":null,"emcosID":null,"emcosMLID":null,"codMaketTEP":null,"codTEP":null,"WSName":"DB","rangeAddress":"$CA$525:$CA$562","headAddress":"$CA$525","bodyAddress":"$CA$526:$CA$562","_name":"корректировка факт"},"ручное":{"_level":2,"parentID":"0ee04eb4-78ff-497e-aebb-2faedf7d4c4b","firstParentID":"2c01db64-3465-4e77-b778-ff721b216dc7","ID":"c8acbfa9-de6d-4b52-b521-20806334c00a","childs":null,"emcosID":null,"emcosMLID":null,"codMaketTEP":null,"codTEP":null,"WSName":"DB","rangeAddress":"$CB$525:$CB$562","headAddress":"$CB$525","bodyAddress":"$CB$526:$CB$562","_name":"ручное"},"счетчик":{"_level":2,"parentID":"0ee04eb4-78ff-497e-aebb-2faedf7d4c4b","firstParentID":"2c01db64-3465-4e77-b778-ff721b216dc7","ID":"1673d6bc-2f36-4f1d-9523-32e8310226d1","childs":null,"emcosID":null,"emcosMLID":null,"codMaketTEP":null,"codTEP":null,"WSName":"DB","rangeAddress":"$CC$525:$CC$562","headAddress":"$CC$525","bodyAddress":"$CC$526:$CC$562","_name":"счетчик"},"по счетчику":{"_level":2,"parentID":"0ee04eb4-78ff-497e-aebb-2faedf7d4c4b","firstParentID":"2c01db64-3465-4e77-b778-ff721b216dc7","ID":"f6ac08c3-4074-4be1-a1c8-0f4a5c69bff7","childs":null,"emcosID":null,"emcosMLID":null,"codMaketTEP":null,"codTEP":null,"WSName":"DB","rangeAddress":"$CD$525:$CD$562","headAddress":"$CD$525","bodyAddress":"$CD$526:$CD$562","_name":"по счетчику"}},"emcosID":null,"emcosMLID":null,"codMaketTEP":null,"codTEP":null,"WSName":"DB","rangeAddress":"$BY$524:$CD$562","headAddress":"$BY$524:$CD$524","bodyAddress":"$BY$525:$CD$562","_name":"прием"},"отдача":{"_level":1,"parentID":"b7771fe2-bedb-4f18-863c-b1cd2b9a9ede","firstParentID":"2c01db64-3465-4e77-b778-ff721b216dc7","ID":"470660dd-d0f7-4f3b-8c7e-75ef723124cb","childs":{"код":{"_level":2,"parentID":"470660dd-d0f7-4f3b-8c7e-75ef723124cb","firstParentID":"2c01db64-3465-4e77-b778-ff721b216dc7","ID":"b8f408e8-350f-499a-93ac-381cdfda82d8","childs":null,"emcosID":null,"emcosMLID":null,"codMaketTEP":null,"codTEP":null,"WSName":"DB","rangeAddress":"$CE$525:$CE$562","headAddress":"$CE$525","bodyAddress":"$CE$526:$CE$562","_name":"код"},"основное":{"_level":2,"parentID":"470660dd-d0f7-4f3b-8c7e-75ef723124cb","firstParentID":"2c01db64-3465-4e77-b778-ff721b216dc7","ID":"da0ee9fe-2a17-4c60-afad-c73e05a55599","childs":null,"emcosID":null,"emcosMLID":null,"codMaketTEP":null,"codTEP":null,"WSName":"DB","rangeAddress":"$CF$525:$CF$562","headAddress":"$CF$525","bodyAddress":"$CF$526:$CF$562","_name":"основное"},"корректировка факт":{"_level":2,"parentID":"470660dd-d0f7-4f3b-8c7e-75ef723124cb","firstParentID":"2c01db64-3465-4e77-b778-ff721b216dc7","ID":"3fc13ec5-a2c8-430a-8739-7a1062f6d361","childs":null,"emcosID":null,"emcosMLID":null,"codMaketTEP":null,"codTEP":null,"WSName":"DB","rangeAddress":"$CG$525:$CG$562","headAddress":"$CG$525","bodyAddress":"$CG$526:$CG$562","_name":"корректировка факт"},"ручное":{"_level":2,"parentID":"470660dd-d0f7-4f3b-8c7e-75ef723124cb","firstParentID":"2c01db64-3465-4e77-b778-ff721b216dc7","ID":"d419ef0c-13c0-425d-a3a7-178fa7f4b306","childs":null,"emcosID":null,"emcosMLID":null,"codMaketTEP":null,"codTEP":null,"WSName":"DB","rangeAddress":"$CH$525:$CH$562","headAddress":"$CH$525","bodyAddress":"$CH$526:$CH$562","_name":"ручное"},"счетчик":{"_level":2,"parentID":"470660dd-d0f7-4f3b-8c7e-75ef723124cb","firstParentID":"2c01db64-3465-4e77-b778-ff721b216dc7","ID":"961becd5-836f-4fa4-ba23-36308e9fe83f","childs":null,"emcosID":null,"emcosMLID":null,"codMaketTEP":null,"codTEP":null,"WSName":"DB","rangeAddress":"$CI$525:$CI$562","headAddress":"$CI$525","bodyAddress":"$CI$526:$CI$562","_name":"счетчик"},"по счетчику":{"_level":2,"parentID":"470660dd-d0f7-4f3b-8c7e-75ef723124cb","firstParentID":"2c01db64-3465-4e77-b778-ff721b216dc7","ID":"abd5a6ee-e1af-4fb5-b507-d2cb0c9416ca","childs":null,"emcosID":null,"emcosMLID":null,"codMaketTEP":null,"codTEP":null,"WSName":"DB","rangeAddress":"$CJ$525:$CJ$562","headAddress":"$CJ$525","bodyAddress":"$CJ$526:$CJ$562","_name":"по счетчику"}},"emcosID":null,"emcosMLID":null,"codMaketTEP":null,"codTEP":null,"WSName":"DB","rangeAddress":"$CE$524:$CJ$562","headAddress":"$CE$524:$CJ$524","bodyAddress":"$CE$525:$CJ$562","_name":"отдача"}},"emcosID":null,"emcosMLID":null,"codMaketTEP":null,"codTEP":null,"WSName":"DB","rangeAddress":"$BY$523:$CJ$562","headAddress":"$BY$523:$CJ$523","bodyAddress":"$BY$524:$CJ$562","_name":"КЛ97 ПС152 Талдыкорган"}},"codPlan":null,"meterCoef":"3","_name":"КЛ97 ПС152 Талдыкорган"}