{"ID":"305f6960-3e9f-48a0-9bf9-0872d5b97295","childs":{"PS":{"_level":0,"parentID":"305f6960-3e9f-48a0-9bf9-0872d5b97295","firstParentID":"305f6960-3e9f-48a0-9bf9-0872d5b97295","ID":"0e254696-bcac-477a-80f2-068321ef71af","childs":{"отдача":{"_level":1,"parentID":"0e254696-bcac-477a-80f2-068321ef71af","firstParentID":"305f6960-3e9f-48a0-9bf9-0872d5b97295","ID":"c2d25729-1987-41c5-9a25-b9f02924913e","childs":{"оперативное":{"_level":2,"parentID":"c2d25729-1987-41c5-9a25-b9f02924913e","firstParentID":"305f6960-3e9f-48a0-9bf9-0872d5b97295","ID":"744e0681-e5db-4039-a862-f00a6e9e2884","childs":null,"emcosID":null,"emcosMLID":null,"codMaketTEP":null,"codTEP":null,"WSName":"PS","rangeAddress":"$DA$185:$DA$221","headAddress":"$DA$185","bodyAddress":"$DA$186:$DA$221","_name":"оперативное"}},"emcosID":null,"emcosMLID":null,"codMaketTEP":null,"codTEP":null,"WSName":"PS","rangeAddress":"$DA$184:$DA$221","headAddress":"$DA$184","bodyAddress":"$DA$185:$DA$221","_name":"отдача"}},"emcosID":null,"emcosMLID":null,"codMaketTEP":null,"codTEP":null,"WSName":"PS","rangeAddress":"$DA$183:$DA$221","headAddress":"$DA$183","bodyAddress":"$DA$184:$DA$221","_name":"Генерация Жеруйык Энерго"},"DB":{"_level":0,"parentID":"305f6960-3e9f-48a0-9bf9-0872d5b97295","firstParentID":"305f6960-3e9f-48a0-9bf9-0872d5b97295","ID":"8243a2f8-7559-464c-be48-5aac6ed9a5c5","childs":{"отдача":{"_level":1,"parentID":"8243a2f8-7559-464c-be48-5aac6ed9a5c5","firstParentID":"305f6960-3e9f-48a0-9bf9-0872d5b97295","ID":"1e4d662d-2881-4769-a579-f6a2cee9733c","childs":{"код":{"_level":2,"parentID":"1e4d662d-2881-4769-a579-f6a2cee9733c","firstParentID":"305f6960-3e9f-48a0-9bf9-0872d5b97295","ID":"c7315b0a-13e4-4a6f-8f51-0cbc06e20b89","childs":null,"emcosID":null,"emcosMLID":null,"codMaketTEP":null,"codTEP":null,"WSName":"DB","rangeAddress":"$FR$482:$FR$519","headAddress":"$FR$482","bodyAddress":"$FR$483:$FR$519","_name":"код"},"основное":{"_level":2,"parentID":"1e4d662d-2881-4769-a579-f6a2cee9733c","firstParentID":"305f6960-3e9f-48a0-9bf9-0872d5b97295","ID":"44e40774-b09d-48cf-bd1c-20dfd5419971","childs":null,"emcosID":null,"emcosMLID":null,"codMaketTEP":null,"codTEP":null,"WSName":"DB","rangeAddress":"$FS$482:$FS$519","headAddress":"$FS$482","bodyAddress":"$FS$483:$FS$519","_name":"основное"},"корректировка факт":{"_level":2,"parentID":"1e4d662d-2881-4769-a579-f6a2cee9733c","firstParentID":"305f6960-3e9f-48a0-9bf9-0872d5b97295","ID":"1358c586-673b-4927-a058-abfc3d21e35c","childs":null,"emcosID":null,"emcosMLID":null,"codMaketTEP":null,"codTEP":null,"WSName":"DB","rangeAddress":"$FT$482:$FT$519","headAddress":"$FT$482","bodyAddress":"$FT$483:$FT$519","_name":"корректировка факт"},"ручное":{"_level":2,"parentID":"1e4d662d-2881-4769-a579-f6a2cee9733c","firstParentID":"305f6960-3e9f-48a0-9bf9-0872d5b97295","ID":"3fa89e48-ef2d-4593-82f5-c63fbb1eea47","childs":null,"emcosID":null,"emcosMLID":null,"codMaketTEP":null,"codTEP":null,"WSName":"DB","rangeAddress":"$FU$482:$FU$519","headAddress":"$FU$482","bodyAddress":"$FU$483:$FU$519","_name":"ручное"},"оперативное":{"_level":2,"parentID":"1e4d662d-2881-4769-a579-f6a2cee9733c","firstParentID":"305f6960-3e9f-48a0-9bf9-0872d5b97295","ID":"a37b2514-5e76-4949-ba58-d2bd95594ec2","childs":null,"emcosID":null,"emcosMLID":null,"codMaketTEP":null,"codTEP":null,"WSName":"DB","rangeAddress":"$FV$482:$FV$519","headAddress":"$FV$482","bodyAddress":"$FV$483:$FV$519","_name":"оперативное"}},"emcosID":null,"emcosMLID":null,"codMaketTEP":null,"codTEP":null,"WSName":"DB","rangeAddress":"$FR$481:$FV$519","headAddress":"$FR$481:$FV$481","bodyAddress":"$FR$482:$FV$519","_name":"отдача"}},"emcosID":null,"emcosMLID":null,"codMaketTEP":null,"codTEP":null,"WSName":"DB","rangeAddress":"$FR$480:$FV$519","headAddress":"$FR$480:$FV$480","bodyAddress":"$FR$481:$FV$519","_name":"Генерация Жеруйык Энерго"}},"codPlan":null,"meterCoef":null,"_name":"Генерация Жеруйык Энерго"}