{"ID":"305f6960-3e9f-48a0-9bf9-0872d5b97295","childs":{"PS":{"_level":0,"parentID":"305f6960-3e9f-48a0-9bf9-0872d5b97295","firstParentID":"305f6960-3e9f-48a0-9bf9-0872d5b97295","ID":"0e254696-bcac-477a-80f2-068321ef71af","childs":{"отдача":{"_level":1,"parentID":"0e254696-bcac-477a-80f2-068321ef71af","firstParentID":"305f6960-3e9f-48a0-9bf9-0872d5b97295","ID":"c2d25729-1987-41c5-9a25-b9f02924913e","childs":{"оперативное":{"_level":2,"parentID":"c2d25729-1987-41c5-9a25-b9f02924913e","firstParentID":"305f6960-3e9f-48a0-9bf9-0872d5b97295","ID":"744e0681-e5db-4039-a862-f00a6e9e2884","childs":null,"emcosID":null,"emcosMLID":null,"codMaketTEP":null,"codTEP":null,"WSName":"PS","rangeAddress":"$CU$185:$CU$221","headAddress":"$CU$185","bodyAddress":"$CU$186:$CU$221","_name":"оперативное"}},"emcosID":null,"emcosMLID":null,"codMaketTEP":null,"codTEP":null,"WSName":"PS","rangeAddress":"$CU$184:$CU$221","headAddress":"$CU$184","bodyAddress":"$CU$185:$CU$221","_name":"отдача"}},"emcosID":null,"emcosMLID":null,"codMaketTEP":null,"codTEP":null,"WSName":"PS","rangeAddress":"$CU$183:$CU$221","headAddress":"$CU$183","bodyAddress":"$CU$184:$CU$221","_name":"Генерация Жеруйык Энерго"},"DB":{"_level":0,"parentID":"305f6960-3e9f-48a0-9bf9-0872d5b97295","firstParentID":"305f6960-3e9f-48a0-9bf9-0872d5b97295","ID":"8243a2f8-7559-464c-be48-5aac6ed9a5c5","childs":{"отдача":{"_level":1,"parentID":"8243a2f8-7559-464c-be48-5aac6ed9a5c5","firstParentID":"305f6960-3e9f-48a0-9bf9-0872d5b97295","ID":"1e4d662d-2881-4769-a579-f6a2cee9733c","childs":{"код":{"_level":2,"parentID":"1e4d662d-2881-4769-a579-f6a2cee9733c","firstParentID":"305f6960-3e9f-48a0-9bf9-0872d5b97295","ID":"c7315b0a-13e4-4a6f-8f51-0cbc06e20b89","childs":null,"emcosID":null,"emcosMLID":null,"codMaketTEP":null,"codTEP":null,"WSName":"DB","rangeAddress":"$CP$482:$CP$519","headAddress":"$CP$482","bodyAddress":"$CP$483:$CP$519","_name":"код"},"основное":{"_level":2,"parentID":"1e4d662d-2881-4769-a579-f6a2cee9733c","firstParentID":"305f6960-3e9f-48a0-9bf9-0872d5b97295","ID":"44e40774-b09d-48cf-bd1c-20dfd5419971","childs":null,"emcosID":null,"emcosMLID":null,"codMaketTEP":null,"codTEP":null,"WSName":"DB","rangeAddress":"$CQ$482:$CQ$519","headAddress":"$CQ$482","bodyAddress":"$CQ$483:$CQ$519","_name":"основное"},"корректировка факт":{"_level":2,"parentID":"1e4d662d-2881-4769-a579-f6a2cee9733c","firstParentID":"305f6960-3e9f-48a0-9bf9-0872d5b97295","ID":"1358c586-673b-4927-a058-abfc3d21e35c","childs":null,"emcosID":null,"emcosMLID":null,"codMaketTEP":null,"codTEP":null,"WSName":"DB","rangeAddress":"$CR$482:$CR$519","headAddress":"$CR$482","bodyAddress":"$CR$483:$CR$519","_name":"корректировка факт"},"ручное":{"_level":2,"parentID":"1e4d662d-2881-4769-a579-f6a2cee9733c","firstParentID":"305f6960-3e9f-48a0-9bf9-0872d5b97295","ID":"3fa89e48-ef2d-4593-82f5-c63fbb1eea47","childs":null,"emcosID":null,"emcosMLID":null,"codMaketTEP":null,"codTEP":null,"WSName":"DB","rangeAddress":"$CS$482:$CS$519","headAddress":"$CS$482","bodyAddress":"$CS$483:$CS$519","_name":"ручное"},"оперативное":{"_level":2,"parentID":"1e4d662d-2881-4769-a579-f6a2cee9733c","firstParentID":"305f6960-3e9f-48a0-9bf9-0872d5b97295","ID":"a37b2514-5e76-4949-ba58-d2bd95594ec2","childs":null,"emcosID":null,"emcosMLID":null,"codMaketTEP":null,"codTEP":null,"WSName":"DB","rangeAddress":"$CT$482:$CT$519","headAddress":"$CT$482","bodyAddress":"$CT$483:$CT$519","_name":"оперативное"}},"emcosID":null,"emcosMLID":null,"codMaketTEP":null,"codTEP":null,"WSName":"DB","rangeAddress":"$CP$481:$CT$519","headAddress":"$CP$481:$CT$481","bodyAddress":"$CP$482:$CT$519","_name":"отдача"}},"emcosID":null,"emcosMLID":null,"codMaketTEP":null,"codTEP":null,"WSName":"DB","rangeAddress":"$CP$480:$CT$519","headAddress":"$CP$480:$CT$480","bodyAddress":"$CP$481:$CT$519","_name":"Генерация Жеруйык Энерго"}},"codPlan":null,"meterCoef":null,"_name":"Генерация Жеруйык Энерго"}