{"ID":"3112cc96-b2e8-4918-b54d-f597b7bc178e","childs":{"PS":{"_level":0,"parentID":"3112cc96-b2e8-4918-b54d-f597b7bc178e","firstParentID":"3112cc96-b2e8-4918-b54d-f597b7bc178e","ID":"bb6a71ab-7f35-4d13-bcba-0448150d9612","childs":{"прием":{"_level":1,"parentID":"bb6a71ab-7f35-4d13-bcba-0448150d9612","firstParentID":"3112cc96-b2e8-4918-b54d-f597b7bc178e","ID":"b47042cf-5395-47d3-8359-5d123e7c2d08","childs":{"ручное":{"_level":2,"parentID":"b47042cf-5395-47d3-8359-5d123e7c2d08","firstParentID":"3112cc96-b2e8-4918-b54d-f597b7bc178e","ID":"4865f9bf-fd5e-41c9-9b24-244e8e4f1d0d","childs":null,"emcosID":null,"emcosMLID":null,"codMaketTEP":null,"codTEP":null,"WSName":"PS","rangeAddress":"$CZ$99:$CZ$135","headAddress":"$CZ$99","bodyAddress":"$CZ$100:$CZ$135","_name":"ручное"}},"emcosID":null,"emcosMLID":null,"codMaketTEP":null,"codTEP":null,"WSName":"PS","rangeAddress":"$CZ$98:$CZ$135","headAddress":"$CZ$98","bodyAddress":"$CZ$99:$CZ$135","_name":"прием"},"отдача":{"_level":1,"parentID":"bb6a71ab-7f35-4d13-bcba-0448150d9612","firstParentID":"3112cc96-b2e8-4918-b54d-f597b7bc178e","ID":"35a55890-50dc-45cd-a1dd-84c467793239","childs":{"ручное":{"_level":2,"parentID":"35a55890-50dc-45cd-a1dd-84c467793239","firstParentID":"3112cc96-b2e8-4918-b54d-f597b7bc178e","ID":"2ce63fae-6f46-4bae-b2e4-7f5d000eb9f7","childs":null,"emcosID":null,"emcosMLID":null,"codMaketTEP":null,"codTEP":null,"WSName":"PS","rangeAddress":"$DA$99:$DA$135","headAddress":"$DA$99","bodyAddress":"$DA$100:$DA$135","_name":"ручное"}},"emcosID":null,"emcosMLID":null,"codMaketTEP":null,"codTEP":null,"WSName":"PS","rangeAddress":"$DA$98:$DA$135","headAddress":"$DA$98","bodyAddress":"$DA$99:$DA$135","_name":"отдача"}},"emcosID":null,"emcosMLID":null,"codMaketTEP":null,"codTEP":null,"WSName":"PS","rangeAddress":"$CZ$97:$DA$135","headAddress":"$CZ$97:$DA$97","bodyAddress":"$CZ$98:$DA$135","_name":"Л2543 ПС152 Талдыкорган"},"DB":{"_level":0,"parentID":"3112cc96-b2e8-4918-b54d-f597b7bc178e","firstParentID":"3112cc96-b2e8-4918-b54d-f597b7bc178e","ID":"13361958-1b23-4251-904e-6e63d0e9f283","childs":{"прием":{"_level":1,"parentID":"13361958-1b23-4251-904e-6e63d0e9f283","firstParentID":"3112cc96-b2e8-4918-b54d-f597b7bc178e","ID":"04602c88-9dcb-4912-995e-c00a1c847719","childs":{"код":{"_level":2,"parentID":"04602c88-9dcb-4912-995e-c00a1c847719","firstParentID":"3112cc96-b2e8-4918-b54d-f597b7bc178e","ID":"187f75db-76e4-4f9a-be11-2f4c01ac6727","childs":null,"emcosID":null,"emcosMLID":null,"codMaketTEP":null,"codTEP":null,"WSName":"DB","rangeAddress":"$DO$52:$DO$89","headAddress":"$DO$52","bodyAddress":"$DO$53:$DO$89","_name":"код"},"основное":{"_level":2,"parentID":"04602c88-9dcb-4912-995e-c00a1c847719","firstParentID":"3112cc96-b2e8-4918-b54d-f597b7bc178e","ID":"a878a707-a6b4-4d96-9201-1dfe567e7ae6","childs":null,"emcosID":null,"emcosMLID":null,"codMaketTEP":null,"codTEP":null,"WSName":"DB","rangeAddress":"$DP$52:$DP$89","headAddress":"$DP$52","bodyAddress":"$DP$53:$DP$89","_name":"основное"},"корректировка факт":{"_level":2,"parentID":"04602c88-9dcb-4912-995e-c00a1c847719","firstParentID":"3112cc96-b2e8-4918-b54d-f597b7bc178e","ID":"daa0d7f4-2585-4aa1-ba34-19aaf3bc7834","childs":null,"emcosID":null,"emcosMLID":null,"codMaketTEP":null,"codTEP":null,"WSName":"DB","rangeAddress":"$DQ$52:$DQ$89","headAddress":"$DQ$52","bodyAddress":"$DQ$53:$DQ$89","_name":"корректировка факт"},"ручное":{"_level":2,"parentID":"04602c88-9dcb-4912-995e-c00a1c847719","firstParentID":"3112cc96-b2e8-4918-b54d-f597b7bc178e","ID":"0cfe6017-c9a7-418e-988d-66b6a8e6d73c","childs":null,"emcosID":null,"emcosMLID":null,"codMaketTEP":null,"codTEP":null,"WSName":"DB","rangeAddress":"$DR$52:$DR$89","headAddress":"$DR$52","bodyAddress":"$DR$53:$DR$89","_name":"ручное"}},"emcosID":null,"emcosMLID":null,"codMaketTEP":null,"codTEP":null,"WSName":"DB","rangeAddress":"$DO$51:$DR$89","headAddress":"$DO$51:$DR$51","bodyAddress":"$DO$52:$DR$89","_name":"прием"},"отдача":{"_level":1,"parentID":"13361958-1b23-4251-904e-6e63d0e9f283","firstParentID":"3112cc96-b2e8-4918-b54d-f597b7bc178e","ID":"54794788-fa7b-446e-a0f0-6c6dd8a0b9d2","childs":{"код":{"_level":2,"parentID":"54794788-fa7b-446e-a0f0-6c6dd8a0b9d2","firstParentID":"3112cc96-b2e8-4918-b54d-f597b7bc178e","ID":"ec8f0b4d-ec4a-4677-af72-d8c2bbacfc0b","childs":null,"emcosID":null,"emcosMLID":null,"codMaketTEP":null,"codTEP":null,"WSName":"DB","rangeAddress":"$DS$52:$DS$89","headAddress":"$DS$52","bodyAddress":"$DS$53:$DS$89","_name":"код"},"основное":{"_level":2,"parentID":"54794788-fa7b-446e-a0f0-6c6dd8a0b9d2","firstParentID":"3112cc96-b2e8-4918-b54d-f597b7bc178e","ID":"95b869fa-11dd-493e-9ad1-3e9facbfe2b7","childs":null,"emcosID":null,"emcosMLID":null,"codMaketTEP":null,"codTEP":null,"WSName":"DB","rangeAddress":"$DT$52:$DT$89","headAddress":"$DT$52","bodyAddress":"$DT$53:$DT$89","_name":"основное"},"корректировка факт":{"_level":2,"parentID":"54794788-fa7b-446e-a0f0-6c6dd8a0b9d2","firstParentID":"3112cc96-b2e8-4918-b54d-f597b7bc178e","ID":"046c15cb-8d9a-4441-beda-d2ccfaa3cb15","childs":null,"emcosID":null,"emcosMLID":null,"codMaketTEP":null,"codTEP":null,"WSName":"DB","rangeAddress":"$DU$52:$DU$89","headAddress":"$DU$52","bodyAddress":"$DU$53:$DU$89","_name":"корректировка факт"},"ручное":{"_level":2,"parentID":"54794788-fa7b-446e-a0f0-6c6dd8a0b9d2","firstParentID":"3112cc96-b2e8-4918-b54d-f597b7bc178e","ID":"72ac8872-08e8-4f36-988e-c88fac3735eb","childs":null,"emcosID":null,"emcosMLID":null,"codMaketTEP":null,"codTEP":null,"WSName":"DB","rangeAddress":"$DV$52:$DV$89","headAddress":"$DV$52","bodyAddress":"$DV$53:$DV$89","_name":"ручное"}},"emcosID":null,"emcosMLID":null,"codMaketTEP":null,"codTEP":null,"WSName":"DB","rangeAddress":"$DS$51:$DV$89","headAddress":"$DS$51:$DV$51","bodyAddress":"$DS$52:$DV$89","_name":"отдача"}},"emcosID":null,"emcosMLID":null,"codMaketTEP":null,"codTEP":null,"WSName":"DB","rangeAddress":"$DO$50:$DV$89","headAddress":"$DO$50:$DV$50","bodyAddress":"$DO$51:$DV$89","_name":"Л2543 ПС152 Талдыкорган"}},"codPlan":null,"meterCoef":null,"_name":"Л2543 ПС152 Талдыкорган"}