{"ID":"3174ee57-2266-4ea4-9970-0aa735015fa0","childs":{"PS":{"_level":0,"parentID":"3174ee57-2266-4ea4-9970-0aa735015fa0","firstParentID":"3174ee57-2266-4ea4-9970-0aa735015fa0","ID":"8b63b4ac-a584-4792-a65d-9bf45967056c","childs":{"отдача":{"_level":1,"parentID":"8b63b4ac-a584-4792-a65d-9bf45967056c","firstParentID":"3174ee57-2266-4ea4-9970-0aa735015fa0","ID":"0be8562a-451d-4506-a9d1-5f321ba3fb23","childs":{"оперативное":{"_level":2,"parentID":"0be8562a-451d-4506-a9d1-5f321ba3fb23","firstParentID":"3174ee57-2266-4ea4-9970-0aa735015fa0","ID":"e4032e2e-7ab9-44c9-92c6-5de88e5fb9f4","childs":null,"emcosID":null,"emcosMLID":null,"codMaketTEP":null,"codTEP":null,"WSName":"PS","rangeAddress":"$CV$185:$CV$221","headAddress":"$CV$185","bodyAddress":"$CV$186:$CV$221","_name":"оперативное"}},"emcosID":null,"emcosMLID":null,"codMaketTEP":null,"codTEP":null,"WSName":"PS","rangeAddress":"$CV$184:$CV$221","headAddress":"$CV$184","bodyAddress":"$CV$185:$CV$221","_name":"отдача"}},"emcosID":null,"emcosMLID":null,"codMaketTEP":null,"codTEP":null,"WSName":"PS","rangeAddress":"$CV$183:$CV$221","headAddress":"$CV$183","bodyAddress":"$CV$184:$CV$221","_name":"Генерация Энергия Семиречья"},"DB":{"_level":0,"parentID":"3174ee57-2266-4ea4-9970-0aa735015fa0","firstParentID":"3174ee57-2266-4ea4-9970-0aa735015fa0","ID":"6a1aea0c-a28c-4d8a-9197-8f311b57b7c3","childs":{"отдача":{"_level":1,"parentID":"6a1aea0c-a28c-4d8a-9197-8f311b57b7c3","firstParentID":"3174ee57-2266-4ea4-9970-0aa735015fa0","ID":"ce977f0f-98f4-4267-80b4-b93ab4769ffd","childs":{"код":{"_level":2,"parentID":"ce977f0f-98f4-4267-80b4-b93ab4769ffd","firstParentID":"3174ee57-2266-4ea4-9970-0aa735015fa0","ID":"946d5c33-e14f-402d-9a32-99c7809cd2f7","childs":null,"emcosID":null,"emcosMLID":null,"codMaketTEP":null,"codTEP":null,"WSName":"DB","rangeAddress":"$DO$482:$DO$519","headAddress":"$DO$482","bodyAddress":"$DO$483:$DO$519","_name":"код"},"основное":{"_level":2,"parentID":"ce977f0f-98f4-4267-80b4-b93ab4769ffd","firstParentID":"3174ee57-2266-4ea4-9970-0aa735015fa0","ID":"bbae3c6b-5f82-47a2-a9be-ce1866712dcf","childs":null,"emcosID":null,"emcosMLID":null,"codMaketTEP":null,"codTEP":null,"WSName":"DB","rangeAddress":"$DP$482:$DP$519","headAddress":"$DP$482","bodyAddress":"$DP$483:$DP$519","_name":"основное"},"корректировка факт":{"_level":2,"parentID":"ce977f0f-98f4-4267-80b4-b93ab4769ffd","firstParentID":"3174ee57-2266-4ea4-9970-0aa735015fa0","ID":"206f03c8-bfc3-4666-b9f1-0828f86e8316","childs":null,"emcosID":null,"emcosMLID":null,"codMaketTEP":null,"codTEP":null,"WSName":"DB","rangeAddress":"$DQ$482:$DQ$519","headAddress":"$DQ$482","bodyAddress":"$DQ$483:$DQ$519","_name":"корректировка факт"},"ручное":{"_level":2,"parentID":"ce977f0f-98f4-4267-80b4-b93ab4769ffd","firstParentID":"3174ee57-2266-4ea4-9970-0aa735015fa0","ID":"8803aa91-929c-4ea3-8117-39ae3d00a711","childs":null,"emcosID":null,"emcosMLID":null,"codMaketTEP":null,"codTEP":null,"WSName":"DB","rangeAddress":"$DR$482:$DR$519","headAddress":"$DR$482","bodyAddress":"$DR$483:$DR$519","_name":"ручное"},"оперативное":{"_level":2,"parentID":"ce977f0f-98f4-4267-80b4-b93ab4769ffd","firstParentID":"3174ee57-2266-4ea4-9970-0aa735015fa0","ID":"5f476785-ca30-42ba-8a2f-ea0665340542","childs":null,"emcosID":null,"emcosMLID":null,"codMaketTEP":null,"codTEP":null,"WSName":"DB","rangeAddress":"$DS$482:$DS$519","headAddress":"$DS$482","bodyAddress":"$DS$483:$DS$519","_name":"оперативное"}},"emcosID":null,"emcosMLID":null,"codMaketTEP":null,"codTEP":null,"WSName":"DB","rangeAddress":"$DO$481:$DS$519","headAddress":"$DO$481:$DS$481","bodyAddress":"$DO$482:$DS$519","_name":"отдача"}},"emcosID":null,"emcosMLID":null,"codMaketTEP":null,"codTEP":null,"WSName":"DB","rangeAddress":"$DO$480:$DS$519","headAddress":"$DO$480:$DS$480","bodyAddress":"$DO$481:$DS$519","_name":"Генерация Энергия Семиречья"}},"codPlan":null,"meterCoef":null,"_name":"Генерация Энергия Семиречья"}