{"ID":"3187e2fd-c30a-4b51-9d75-5b997d7f4216","childs":{"PS":{"_level":0,"parentID":"3187e2fd-c30a-4b51-9d75-5b997d7f4216","firstParentID":"3187e2fd-c30a-4b51-9d75-5b997d7f4216","ID":"b250f6f0-3095-4639-a405-9ae971147123","childs":{"прием":{"_level":1,"parentID":"b250f6f0-3095-4639-a405-9ae971147123","firstParentID":"3187e2fd-c30a-4b51-9d75-5b997d7f4216","ID":"7b88b0e5-9a3e-43b3-a121-3f6977a79de9","childs":{"ручное":{"_level":2,"parentID":"7b88b0e5-9a3e-43b3-a121-3f6977a79de9","firstParentID":"3187e2fd-c30a-4b51-9d75-5b997d7f4216","ID":"89e79683-eedd-4611-a5ab-6bd5efbb5bdd","childs":null,"emcosID":null,"emcosMLID":null,"codMaketTEP":null,"codTEP":null,"WSName":"PS","rangeAddress":"$AE$228:$AE$264","headAddress":"$AE$228","bodyAddress":"$AE$229:$AE$264","_name":"ручное"}},"emcosID":null,"emcosMLID":null,"codMaketTEP":null,"codTEP":null,"WSName":"PS","rangeAddress":"$AE$227:$AE$264","headAddress":"$AE$227","bodyAddress":"$AE$228:$AE$264","_name":"прием"},"план":{"_level":1,"parentID":"b250f6f0-3095-4639-a405-9ae971147123","firstParentID":"3187e2fd-c30a-4b51-9d75-5b997d7f4216","ID":"556ffefe-cec1-45ae-9b9e-cf0db119b41b","childs":{"заявка":{"_level":2,"parentID":"556ffefe-cec1-45ae-9b9e-cf0db119b41b","firstParentID":"3187e2fd-c30a-4b51-9d75-5b997d7f4216","ID":"32c34a98-1692-454c-bfc7-6ada7583144d","childs":null,"emcosID":null,"emcosMLID":null,"codMaketTEP":null,"codTEP":null,"WSName":"PS","rangeAddress":"$AF$228:$AF$264","headAddress":"$AF$228","bodyAddress":"$AF$229:$AF$264","_name":"заявка"}},"emcosID":null,"emcosMLID":null,"codMaketTEP":null,"codTEP":null,"WSName":"PS","rangeAddress":"$AF$227:$AF$264","headAddress":"$AF$227","bodyAddress":"$AF$228:$AF$264","_name":"план"}},"emcosID":null,"emcosMLID":null,"codMaketTEP":null,"codTEP":null,"WSName":"PS","rangeAddress":"$AE$226:$AF$264","headAddress":"$AE$226:$AF$226","bodyAddress":"$AE$227:$AF$264","_name":"ДМС хоз нужды КТЖ Жетысу"},"DB":{"_level":0,"parentID":"3187e2fd-c30a-4b51-9d75-5b997d7f4216","firstParentID":"3187e2fd-c30a-4b51-9d75-5b997d7f4216","ID":"e25ac7a8-b8d0-49ea-ac20-231acf8db41d","childs":{"прием":{"_level":1,"parentID":"e25ac7a8-b8d0-49ea-ac20-231acf8db41d","firstParentID":"3187e2fd-c30a-4b51-9d75-5b997d7f4216","ID":"63b8d2f8-fee1-4478-91d5-e802e72a07cf","childs":{"код":{"_level":2,"parentID":"63b8d2f8-fee1-4478-91d5-e802e72a07cf","firstParentID":"3187e2fd-c30a-4b51-9d75-5b997d7f4216","ID":"81c4ca7e-9959-42e1-b6d8-1378e3ba681f","childs":null,"emcosID":null,"emcosMLID":null,"codMaketTEP":null,"codTEP":null,"WSName":"DB","rangeAddress":"$BG$439:$BG$476","headAddress":"$BG$439","bodyAddress":"$BG$440:$BG$476","_name":"код"},"основное":{"_level":2,"parentID":"63b8d2f8-fee1-4478-91d5-e802e72a07cf","firstParentID":"3187e2fd-c30a-4b51-9d75-5b997d7f4216","ID":"105aeb06-6fd5-4c6c-8a4f-d0247b15c105","childs":null,"emcosID":null,"emcosMLID":null,"codMaketTEP":null,"codTEP":null,"WSName":"DB","rangeAddress":"$BH$439:$BH$476","headAddress":"$BH$439","bodyAddress":"$BH$440:$BH$476","_name":"основное"},"корректировка факт":{"_level":2,"parentID":"63b8d2f8-fee1-4478-91d5-e802e72a07cf","firstParentID":"3187e2fd-c30a-4b51-9d75-5b997d7f4216","ID":"83cad482-6c3f-469f-a60e-a378b568a3a1","childs":null,"emcosID":null,"emcosMLID":null,"codMaketTEP":null,"codTEP":null,"WSName":"DB","rangeAddress":"$BI$439:$BI$476","headAddress":"$BI$439","bodyAddress":"$BI$440:$BI$476","_name":"корректировка факт"},"ручное":{"_level":2,"parentID":"63b8d2f8-fee1-4478-91d5-e802e72a07cf","firstParentID":"3187e2fd-c30a-4b51-9d75-5b997d7f4216","ID":"e35b4097-f6dd-4e47-b760-309bb646b0b5","childs":null,"emcosID":null,"emcosMLID":null,"codMaketTEP":null,"codTEP":null,"WSName":"DB","rangeAddress":"$BJ$439:$BJ$476","headAddress":"$BJ$439","bodyAddress":"$BJ$440:$BJ$476","_name":"ручное"},"по плану":{"_level":2,"parentID":"63b8d2f8-fee1-4478-91d5-e802e72a07cf","firstParentID":"3187e2fd-c30a-4b51-9d75-5b997d7f4216","ID":"33f68155-cdff-4259-9226-4d633899fb41","childs":null,"emcosID":null,"emcosMLID":null,"codMaketTEP":null,"codTEP":null,"WSName":"DB","rangeAddress":"$BK$439:$BK$476","headAddress":"$BK$439","bodyAddress":"$BK$440:$BK$476","_name":"по плану"}},"emcosID":null,"emcosMLID":null,"codMaketTEP":null,"codTEP":null,"WSName":"DB","rangeAddress":"$BG$438:$BK$476","headAddress":"$BG$438:$BK$438","bodyAddress":"$BG$439:$BK$476","_name":"прием"},"план":{"_level":1,"parentID":"e25ac7a8-b8d0-49ea-ac20-231acf8db41d","firstParentID":"3187e2fd-c30a-4b51-9d75-5b997d7f4216","ID":"d8ace494-0e18-43f6-955d-a641303e1520","childs":{"код":{"_level":2,"parentID":"d8ace494-0e18-43f6-955d-a641303e1520","firstParentID":"3187e2fd-c30a-4b51-9d75-5b997d7f4216","ID":"9407cf60-a94c-4ea9-979c-11d29187a6ef","childs":null,"emcosID":null,"emcosMLID":null,"codMaketTEP":null,"codTEP":null,"WSName":"DB","rangeAddress":"$BL$439:$BL$476","headAddress":"$BL$439","bodyAddress":"$BL$440:$BL$476","_name":"код"},"основное":{"_level":2,"parentID":"d8ace494-0e18-43f6-955d-a641303e1520","firstParentID":"3187e2fd-c30a-4b51-9d75-5b997d7f4216","ID":"f1103e54-5eff-487d-b1a1-f810b6ab7f84","childs":null,"emcosID":null,"emcosMLID":null,"codMaketTEP":null,"codTEP":null,"WSName":"DB","rangeAddress":"$BM$439:$BM$476","headAddress":"$BM$439","bodyAddress":"$BM$440:$BM$476","_name":"основное"},"заявка":{"_level":2,"parentID":"d8ace494-0e18-43f6-955d-a641303e1520","firstParentID":"3187e2fd-c30a-4b51-9d75-5b997d7f4216","ID":"d9e6cff1-12b1-4fce-a9e5-e1dbb9985ea3","childs":null,"emcosID":null,"emcosMLID":null,"codMaketTEP":null,"codTEP":null,"WSName":"DB","rangeAddress":"$BN$439:$BN$476","headAddress":"$BN$439","bodyAddress":"$BN$440:$BN$476","_name":"заявка"},"утвержденный":{"_level":2,"parentID":"d8ace494-0e18-43f6-955d-a641303e1520","firstParentID":"3187e2fd-c30a-4b51-9d75-5b997d7f4216","ID":"3390c629-bfa0-4a5a-b055-74a4cfbad815","childs":null,"emcosID":null,"emcosMLID":null,"codMaketTEP":null,"codTEP":null,"WSName":"DB","rangeAddress":"$BO$439:$BO$476","headAddress":"$BO$439","bodyAddress":"$BO$440:$BO$476","_name":"утвержденный"},"корректировка":{"_level":2,"parentID":"d8ace494-0e18-43f6-955d-a641303e1520","firstParentID":"3187e2fd-c30a-4b51-9d75-5b997d7f4216","ID":"c6eaaa56-9f48-45c0-a29d-a885303dda54","childs":null,"emcosID":null,"emcosMLID":null,"codMaketTEP":null,"codTEP":null,"WSName":"DB","rangeAddress":"$BP$439:$BP$476","headAddress":"$BP$439","bodyAddress":"$BP$440:$BP$476","_name":"корректировка"}},"emcosID":null,"emcosMLID":null,"codMaketTEP":null,"codTEP":null,"WSName":"DB","rangeAddress":"$BL$438:$BP$476","headAddress":"$BL$438:$BP$438","bodyAddress":"$BL$439:$BP$476","_name":"план"}},"emcosID":null,"emcosMLID":null,"codMaketTEP":null,"codTEP":null,"WSName":"DB","rangeAddress":"$BG$437:$BP$476","headAddress":"$BG$437:$BP$437","bodyAddress":"$BG$438:$BP$476","_name":"ДМС хоз нужды КТЖ Жетысу"}},"codPlan":117,"meterCoef":null,"_name":"ДМС хоз нужды КТЖ Жетысу"}