{"ID":"3430e424-3a9e-4b25-8649-7ed499ae5477","childs":{"PS":{"_level":0,"parentID":"3430e424-3a9e-4b25-8649-7ed499ae5477","firstParentID":"3430e424-3a9e-4b25-8649-7ed499ae5477","ID":"d55495e3-2531-4f02-b68c-fc524d3758c2","childs":{"прием":{"_level":1,"parentID":"d55495e3-2531-4f02-b68c-fc524d3758c2","firstParentID":"3430e424-3a9e-4b25-8649-7ed499ae5477","ID":"a1cf7c4b-d154-49f3-b178-d44cf9c1d666","childs":{"оперативное":{"_level":2,"parentID":"a1cf7c4b-d154-49f3-b178-d44cf9c1d666","firstParentID":"3430e424-3a9e-4b25-8649-7ed499ae5477","ID":"36d52ac4-b9b7-4713-b496-591642aa4dad","childs":null,"emcosID":null,"emcosMLID":null,"codMaketTEP":null,"codTEP":null,"WSName":"PS","rangeAddress":"$KV$99:$KV$135","headAddress":"$KV$99","bodyAddress":"$KV$100:$KV$135","_name":"оперативное"}},"emcosID":null,"emcosMLID":null,"codMaketTEP":null,"codTEP":null,"WSName":"PS","rangeAddress":"$KV$98:$KV$135","headAddress":"$KV$98","bodyAddress":"$KV$99:$KV$135","_name":"прием"},"отдача":{"_level":1,"parentID":"d55495e3-2531-4f02-b68c-fc524d3758c2","firstParentID":"3430e424-3a9e-4b25-8649-7ed499ae5477","ID":"150ef6a0-f270-441e-a76e-dab925483cf8","childs":{"оперативное":{"_level":2,"parentID":"150ef6a0-f270-441e-a76e-dab925483cf8","firstParentID":"3430e424-3a9e-4b25-8649-7ed499ae5477","ID":"92942a0f-d555-4c02-8733-9e465e0f8a88","childs":null,"emcosID":null,"emcosMLID":null,"codMaketTEP":null,"codTEP":null,"WSName":"PS","rangeAddress":"$KW$99:$KW$135","headAddress":"$KW$99","bodyAddress":"$KW$100:$KW$135","_name":"оперативное"}},"emcosID":null,"emcosMLID":null,"codMaketTEP":null,"codTEP":null,"WSName":"PS","rangeAddress":"$KW$98:$KW$135","headAddress":"$KW$98","bodyAddress":"$KW$99:$KW$135","_name":"отдача"}},"emcosID":null,"emcosMLID":null,"codMaketTEP":null,"codTEP":null,"WSName":"PS","rangeAddress":"$KV$97:$KW$135","headAddress":"$KV$97:$KW$97","bodyAddress":"$KV$98:$KW$135","_name":"Т1 Робот 143А"},"DB":{"_level":0,"parentID":"3430e424-3a9e-4b25-8649-7ed499ae5477","firstParentID":"3430e424-3a9e-4b25-8649-7ed499ae5477","ID":"27fde439-9ec1-4efa-becb-ae8bda7b90fb","childs":{"прием":{"_level":1,"parentID":"27fde439-9ec1-4efa-becb-ae8bda7b90fb","firstParentID":"3430e424-3a9e-4b25-8649-7ed499ae5477","ID":"40e3b431-1b70-492d-b016-3725ef20c7ca","childs":{"код":{"_level":2,"parentID":"40e3b431-1b70-492d-b016-3725ef20c7ca","firstParentID":"3430e424-3a9e-4b25-8649-7ed499ae5477","ID":"87dfc185-c291-409d-be97-bc0caf3f76f0","childs":null,"emcosID":null,"emcosMLID":null,"codMaketTEP":null,"codTEP":null,"WSName":"DB","rangeAddress":"$GZ$353:$GZ$390","headAddress":"$GZ$353","bodyAddress":"$GZ$354:$GZ$390","_name":"код"},"основное":{"_level":2,"parentID":"40e3b431-1b70-492d-b016-3725ef20c7ca","firstParentID":"3430e424-3a9e-4b25-8649-7ed499ae5477","ID":"9793d7ea-2eba-45f9-a538-2ebe9a8123b7","childs":null,"emcosID":null,"emcosMLID":null,"codMaketTEP":null,"codTEP":null,"WSName":"DB","rangeAddress":"$HA$353:$HA$390","headAddress":"$HA$353","bodyAddress":"$HA$354:$HA$390","_name":"основное"},"корректировка факт":{"_level":2,"parentID":"40e3b431-1b70-492d-b016-3725ef20c7ca","firstParentID":"3430e424-3a9e-4b25-8649-7ed499ae5477","ID":"dbf83a6b-7635-4de1-b988-5bcc725bb59a","childs":null,"emcosID":null,"emcosMLID":null,"codMaketTEP":null,"codTEP":null,"WSName":"DB","rangeAddress":"$HB$353:$HB$390","headAddress":"$HB$353","bodyAddress":"$HB$354:$HB$390","_name":"корректировка факт"},"ручное":{"_level":2,"parentID":"40e3b431-1b70-492d-b016-3725ef20c7ca","firstParentID":"3430e424-3a9e-4b25-8649-7ed499ae5477","ID":"6d54a103-3db0-45d5-b8fc-0592241ffd2e","childs":null,"emcosID":null,"emcosMLID":null,"codMaketTEP":null,"codTEP":null,"WSName":"DB","rangeAddress":"$HC$353:$HC$390","headAddress":"$HC$353","bodyAddress":"$HC$354:$HC$390","_name":"ручное"},"оперативное":{"_level":2,"parentID":"40e3b431-1b70-492d-b016-3725ef20c7ca","firstParentID":"3430e424-3a9e-4b25-8649-7ed499ae5477","ID":"2831eda1-d26a-449f-8399-d5c52c2cd8a7","childs":null,"emcosID":null,"emcosMLID":null,"codMaketTEP":null,"codTEP":null,"WSName":"DB","rangeAddress":"$HD$353:$HD$390","headAddress":"$HD$353","bodyAddress":"$HD$354:$HD$390","_name":"оперативное"}},"emcosID":null,"emcosMLID":null,"codMaketTEP":null,"codTEP":null,"WSName":"DB","rangeAddress":"$GZ$352:$HD$390","headAddress":"$GZ$352:$HD$352","bodyAddress":"$GZ$353:$HD$390","_name":"прием"},"отдача":{"_level":1,"parentID":"27fde439-9ec1-4efa-becb-ae8bda7b90fb","firstParentID":"3430e424-3a9e-4b25-8649-7ed499ae5477","ID":"020fdae6-de44-4af0-aebc-8a57d36f7f31","childs":{"код":{"_level":2,"parentID":"020fdae6-de44-4af0-aebc-8a57d36f7f31","firstParentID":"3430e424-3a9e-4b25-8649-7ed499ae5477","ID":"3da0ce1c-ff67-46fe-894b-38fe761739bb","childs":null,"emcosID":null,"emcosMLID":null,"codMaketTEP":null,"codTEP":null,"WSName":"DB","rangeAddress":"$HE$353:$HE$390","headAddress":"$HE$353","bodyAddress":"$HE$354:$HE$390","_name":"код"},"основное":{"_level":2,"parentID":"020fdae6-de44-4af0-aebc-8a57d36f7f31","firstParentID":"3430e424-3a9e-4b25-8649-7ed499ae5477","ID":"412734b9-46b3-4c53-bd78-23c4d197f37d","childs":null,"emcosID":null,"emcosMLID":null,"codMaketTEP":null,"codTEP":null,"WSName":"DB","rangeAddress":"$HF$353:$HF$390","headAddress":"$HF$353","bodyAddress":"$HF$354:$HF$390","_name":"основное"},"корректировка факт":{"_level":2,"parentID":"020fdae6-de44-4af0-aebc-8a57d36f7f31","firstParentID":"3430e424-3a9e-4b25-8649-7ed499ae5477","ID":"07a1c86e-5d34-4f85-8e93-367b2167b881","childs":null,"emcosID":null,"emcosMLID":null,"codMaketTEP":null,"codTEP":null,"WSName":"DB","rangeAddress":"$HG$353:$HG$390","headAddress":"$HG$353","bodyAddress":"$HG$354:$HG$390","_name":"корректировка факт"},"ручное":{"_level":2,"parentID":"020fdae6-de44-4af0-aebc-8a57d36f7f31","firstParentID":"3430e424-3a9e-4b25-8649-7ed499ae5477","ID":"b2956ddc-5986-484f-8aed-264fa29d5897","childs":null,"emcosID":null,"emcosMLID":null,"codMaketTEP":null,"codTEP":null,"WSName":"DB","rangeAddress":"$HH$353:$HH$390","headAddress":"$HH$353","bodyAddress":"$HH$354:$HH$390","_name":"ручное"},"оперативное":{"_level":2,"parentID":"020fdae6-de44-4af0-aebc-8a57d36f7f31","firstParentID":"3430e424-3a9e-4b25-8649-7ed499ae5477","ID":"a9f8e1d5-9b1c-4d5e-a78d-709aeba341d4","childs":null,"emcosID":null,"emcosMLID":null,"codMaketTEP":null,"codTEP":null,"WSName":"DB","rangeAddress":"$HI$353:$HI$390","headAddress":"$HI$353","bodyAddress":"$HI$354:$HI$390","_name":"оперативное"}},"emcosID":null,"emcosMLID":null,"codMaketTEP":null,"codTEP":null,"WSName":"DB","rangeAddress":"$HE$352:$HI$390","headAddress":"$HE$352:$HI$352","bodyAddress":"$HE$353:$HI$390","_name":"отдача"}},"emcosID":null,"emcosMLID":null,"codMaketTEP":null,"codTEP":null,"WSName":"DB","rangeAddress":"$GZ$351:$HI$390","headAddress":"$GZ$351:$HI$351","bodyAddress":"$GZ$352:$HI$390","_name":"Т1 Робот 143А"}},"codPlan":null,"meterCoef":null,"_name":"Т1 Робот 143А"}