{"ID":"358a1bf2-77fd-4122-9945-c11d2a51b636","childs":{"PS":{"_level":0,"parentID":"358a1bf2-77fd-4122-9945-c11d2a51b636","firstParentID":"358a1bf2-77fd-4122-9945-c11d2a51b636","ID":"26817641-44b3-4da8-a7cf-7ac588397337","childs":{"прием":{"_level":1,"parentID":"26817641-44b3-4da8-a7cf-7ac588397337","firstParentID":"358a1bf2-77fd-4122-9945-c11d2a51b636","ID":"d9451477-e766-4332-b32d-4790487f3ef5","childs":{"по счетчику":{"_level":2,"parentID":"d9451477-e766-4332-b32d-4790487f3ef5","firstParentID":"358a1bf2-77fd-4122-9945-c11d2a51b636","ID":"da87b198-4016-443c-b807-aa3d9a1bda28","childs":null,"emcosID":null,"emcosMLID":null,"codMaketTEP":null,"codTEP":null,"WSName":"PS","rangeAddress":"$DN$99:$DN$135","headAddress":"$DN$99","bodyAddress":"$DN$100:$DN$135","_name":"по счетчику"},"СЧЕТЧИК":{"_level":2,"parentID":"d9451477-e766-4332-b32d-4790487f3ef5","firstParentID":"358a1bf2-77fd-4122-9945-c11d2a51b636","ID":"55735388-4f9f-49fc-af0d-74217a5fc175","childs":null,"emcosID":null,"emcosMLID":null,"codMaketTEP":null,"codTEP":null,"WSName":"PS","rangeAddress":"$DO$99:$DO$135","headAddress":"$DO$99","bodyAddress":"$DO$100:$DO$135","_name":"СЧЕТЧИК"}},"emcosID":null,"emcosMLID":null,"codMaketTEP":null,"codTEP":null,"WSName":"PS","rangeAddress":"$DN$98:$DO$135","headAddress":"$DN$98:$DO$98","bodyAddress":"$DN$99:$DO$135","_name":"прием"},"отдача":{"_level":1,"parentID":"26817641-44b3-4da8-a7cf-7ac588397337","firstParentID":"358a1bf2-77fd-4122-9945-c11d2a51b636","ID":"3020b395-834a-45c8-a1d1-409289fb92a2","childs":{"по счетчику":{"_level":2,"parentID":"3020b395-834a-45c8-a1d1-409289fb92a2","firstParentID":"358a1bf2-77fd-4122-9945-c11d2a51b636","ID":"0ea5a7fa-7422-485a-9305-2f6cfa74ed4e","childs":null,"emcosID":null,"emcosMLID":null,"codMaketTEP":null,"codTEP":null,"WSName":"PS","rangeAddress":"$DP$99:$DP$135","headAddress":"$DP$99","bodyAddress":"$DP$100:$DP$135","_name":"по счетчику"},"СЧЕТЧИК":{"_level":2,"parentID":"3020b395-834a-45c8-a1d1-409289fb92a2","firstParentID":"358a1bf2-77fd-4122-9945-c11d2a51b636","ID":"948376c7-6695-4cce-868d-ff80c2e67e52","childs":null,"emcosID":null,"emcosMLID":null,"codMaketTEP":null,"codTEP":null,"WSName":"PS","rangeAddress":"$DQ$99:$DQ$135","headAddress":"$DQ$99","bodyAddress":"$DQ$100:$DQ$135","_name":"СЧЕТЧИК"}},"emcosID":null,"emcosMLID":null,"codMaketTEP":null,"codTEP":null,"WSName":"PS","rangeAddress":"$DP$98:$DQ$135","headAddress":"$DP$98:$DQ$98","bodyAddress":"$DP$99:$DQ$135","_name":"отдача"}},"emcosID":null,"emcosMLID":null,"codMaketTEP":null,"codTEP":null,"WSName":"PS","rangeAddress":"$DN$97:$DQ$135","headAddress":"$DN$97:$DQ$97","bodyAddress":"$DN$98:$DQ$135","_name":"КЛ86 ПС152 Талдыкорган"},"DB":{"_level":0,"parentID":"358a1bf2-77fd-4122-9945-c11d2a51b636","firstParentID":"358a1bf2-77fd-4122-9945-c11d2a51b636","ID":"eda4fd4b-97bf-4ae4-bfbc-5103a4bdcfc4","childs":{"прием":{"_level":1,"parentID":"eda4fd4b-97bf-4ae4-bfbc-5103a4bdcfc4","firstParentID":"358a1bf2-77fd-4122-9945-c11d2a51b636","ID":"7622b0f2-4e4e-4be3-a8e3-913e8f9c92b5","childs":{"код":{"_level":2,"parentID":"7622b0f2-4e4e-4be3-a8e3-913e8f9c92b5","firstParentID":"358a1bf2-77fd-4122-9945-c11d2a51b636","ID":"2e0a1cb6-f1ec-4d21-9920-2e18fb7e3481","childs":null,"emcosID":null,"emcosMLID":null,"codMaketTEP":null,"codTEP":null,"WSName":"DB","rangeAddress":"$AO$267:$AO$304","headAddress":"$AO$267","bodyAddress":"$AO$268:$AO$304","_name":"код"},"основное":{"_level":2,"parentID":"7622b0f2-4e4e-4be3-a8e3-913e8f9c92b5","firstParentID":"358a1bf2-77fd-4122-9945-c11d2a51b636","ID":"17adabbf-254d-4b56-be18-4b9e35293c80","childs":null,"emcosID":null,"emcosMLID":null,"codMaketTEP":null,"codTEP":null,"WSName":"DB","rangeAddress":"$AP$267:$AP$304","headAddress":"$AP$267","bodyAddress":"$AP$268:$AP$304","_name":"основное"},"корректировка факт":{"_level":2,"parentID":"7622b0f2-4e4e-4be3-a8e3-913e8f9c92b5","firstParentID":"358a1bf2-77fd-4122-9945-c11d2a51b636","ID":"e29fc844-4102-451e-abe8-586e3f6af9e2","childs":null,"emcosID":null,"emcosMLID":null,"codMaketTEP":null,"codTEP":null,"WSName":"DB","rangeAddress":"$AQ$267:$AQ$304","headAddress":"$AQ$267","bodyAddress":"$AQ$268:$AQ$304","_name":"корректировка факт"},"ручное":{"_level":2,"parentID":"7622b0f2-4e4e-4be3-a8e3-913e8f9c92b5","firstParentID":"358a1bf2-77fd-4122-9945-c11d2a51b636","ID":"9f5a5139-cc1c-40c9-826d-5088478dca4d","childs":null,"emcosID":null,"emcosMLID":null,"codMaketTEP":null,"codTEP":null,"WSName":"DB","rangeAddress":"$AR$267:$AR$304","headAddress":"$AR$267","bodyAddress":"$AR$268:$AR$304","_name":"ручное"},"оперативное":{"_level":2,"parentID":"7622b0f2-4e4e-4be3-a8e3-913e8f9c92b5","firstParentID":"358a1bf2-77fd-4122-9945-c11d2a51b636","ID":"2a1c73af-60aa-4a38-9781-934b6c0a044f","childs":null,"emcosID":null,"emcosMLID":null,"codMaketTEP":null,"codTEP":null,"WSName":"DB","rangeAddress":"$AS$267:$AS$304","headAddress":"$AS$267","bodyAddress":"$AS$268:$AS$304","_name":"оперативное"},"счетчик":{"_level":2,"parentID":"7622b0f2-4e4e-4be3-a8e3-913e8f9c92b5","firstParentID":"358a1bf2-77fd-4122-9945-c11d2a51b636","ID":"b69e0a2c-0c63-4b6d-929f-70aff083f7e5","childs":null,"emcosID":null,"emcosMLID":null,"codMaketTEP":null,"codTEP":null,"WSName":"DB","rangeAddress":"$AT$267:$AT$304","headAddress":"$AT$267","bodyAddress":"$AT$268:$AT$304","_name":"счетчик"},"по счетчику":{"_level":2,"parentID":"7622b0f2-4e4e-4be3-a8e3-913e8f9c92b5","firstParentID":"358a1bf2-77fd-4122-9945-c11d2a51b636","ID":"12398a10-1f72-4902-8a63-cc72b1feef98","childs":null,"emcosID":null,"emcosMLID":null,"codMaketTEP":null,"codTEP":null,"WSName":"DB","rangeAddress":"$AU$267:$AU$304","headAddress":"$AU$267","bodyAddress":"$AU$268:$AU$304","_name":"по счетчику"}},"emcosID":null,"emcosMLID":null,"codMaketTEP":null,"codTEP":null,"WSName":"DB","rangeAddress":"$AO$266:$AU$304","headAddress":"$AO$266:$AU$266","bodyAddress":"$AO$267:$AU$304","_name":"прием"},"отдача":{"_level":1,"parentID":"eda4fd4b-97bf-4ae4-bfbc-5103a4bdcfc4","firstParentID":"358a1bf2-77fd-4122-9945-c11d2a51b636","ID":"57a83d7f-3820-49a5-ac09-11280d4c2ea7","childs":{"код":{"_level":2,"parentID":"57a83d7f-3820-49a5-ac09-11280d4c2ea7","firstParentID":"358a1bf2-77fd-4122-9945-c11d2a51b636","ID":"02fc6c87-9fff-4f95-b1ea-77a1811a40c7","childs":null,"emcosID":null,"emcosMLID":null,"codMaketTEP":null,"codTEP":null,"WSName":"DB","rangeAddress":"$AV$267:$AV$304","headAddress":"$AV$267","bodyAddress":"$AV$268:$AV$304","_name":"код"},"основное":{"_level":2,"parentID":"57a83d7f-3820-49a5-ac09-11280d4c2ea7","firstParentID":"358a1bf2-77fd-4122-9945-c11d2a51b636","ID":"84e10a51-0197-45ff-bbd7-efa38c5c89bd","childs":null,"emcosID":null,"emcosMLID":null,"codMaketTEP":null,"codTEP":null,"WSName":"DB","rangeAddress":"$AW$267:$AW$304","headAddress":"$AW$267","bodyAddress":"$AW$268:$AW$304","_name":"основное"},"корректировка факт":{"_level":2,"parentID":"57a83d7f-3820-49a5-ac09-11280d4c2ea7","firstParentID":"358a1bf2-77fd-4122-9945-c11d2a51b636","ID":"178a64db-929a-4d87-b4a4-c1c5e2ee2411","childs":null,"emcosID":null,"emcosMLID":null,"codMaketTEP":null,"codTEP":null,"WSName":"DB","rangeAddress":"$AX$267:$AX$304","headAddress":"$AX$267","bodyAddress":"$AX$268:$AX$304","_name":"корректировка факт"},"ручное":{"_level":2,"parentID":"57a83d7f-3820-49a5-ac09-11280d4c2ea7","firstParentID":"358a1bf2-77fd-4122-9945-c11d2a51b636","ID":"e2698dc2-2f86-40e3-90be-56c191b3279c","childs":null,"emcosID":null,"emcosMLID":null,"codMaketTEP":null,"codTEP":null,"WSName":"DB","rangeAddress":"$AY$267:$AY$304","headAddress":"$AY$267","bodyAddress":"$AY$268:$AY$304","_name":"ручное"},"оперативное":{"_level":2,"parentID":"57a83d7f-3820-49a5-ac09-11280d4c2ea7","firstParentID":"358a1bf2-77fd-4122-9945-c11d2a51b636","ID":"a9d51a4c-57ed-4a4e-b797-54953af499ef","childs":null,"emcosID":null,"emcosMLID":null,"codMaketTEP":null,"codTEP":null,"WSName":"DB","rangeAddress":"$AZ$267:$AZ$304","headAddress":"$AZ$267","bodyAddress":"$AZ$268:$AZ$304","_name":"оперативное"},"счетчик":{"_level":2,"parentID":"57a83d7f-3820-49a5-ac09-11280d4c2ea7","firstParentID":"358a1bf2-77fd-4122-9945-c11d2a51b636","ID":"f74c3fac-6f62-4efe-b5a0-1e0f38b213e9","childs":null,"emcosID":null,"emcosMLID":null,"codMaketTEP":null,"codTEP":null,"WSName":"DB","rangeAddress":"$BA$267:$BA$304","headAddress":"$BA$267","bodyAddress":"$BA$268:$BA$304","_name":"счетчик"},"по счетчику":{"_level":2,"parentID":"57a83d7f-3820-49a5-ac09-11280d4c2ea7","firstParentID":"358a1bf2-77fd-4122-9945-c11d2a51b636","ID":"5029dcd9-8176-41b2-b5ae-2630078dbff5","childs":null,"emcosID":null,"emcosMLID":null,"codMaketTEP":null,"codTEP":null,"WSName":"DB","rangeAddress":"$BB$267:$BB$304","headAddress":"$BB$267","bodyAddress":"$BB$268:$BB$304","_name":"по счетчику"}},"emcosID":null,"emcosMLID":null,"codMaketTEP":null,"codTEP":null,"WSName":"DB","rangeAddress":"$AV$266:$BB$304","headAddress":"$AV$266:$BB$266","bodyAddress":"$AV$267:$BB$304","_name":"отдача"}},"emcosID":null,"emcosMLID":null,"codMaketTEP":null,"codTEP":null,"WSName":"DB","rangeAddress":"$AO$265:$BB$304","headAddress":"$AO$265:$BB$265","bodyAddress":"$AO$266:$BB$304","_name":"КЛ86 ПС152 Талдыкорган"}},"codPlan":null,"meterCoef":"4","_name":"КЛ86 ПС152 Талдыкорган"}