{"ID":"368983b9-4fb3-4da4-9099-6185b7f6dd58","childs":{"PS":{"_level":0,"parentID":"368983b9-4fb3-4da4-9099-6185b7f6dd58","firstParentID":"368983b9-4fb3-4da4-9099-6185b7f6dd58","ID":"32815378-987d-482c-a98f-2cd672ce6594","childs":{"прием":{"_level":1,"parentID":"32815378-987d-482c-a98f-2cd672ce6594","firstParentID":"368983b9-4fb3-4da4-9099-6185b7f6dd58","ID":"8746709c-49e1-4b98-9298-a49fc02704b7","childs":{"оперативное":{"_level":2,"parentID":"8746709c-49e1-4b98-9298-a49fc02704b7","firstParentID":"368983b9-4fb3-4da4-9099-6185b7f6dd58","ID":"7443190c-14f1-400d-a32b-eee70dee2a38","childs":null,"emcosID":null,"emcosMLID":null,"codMaketTEP":null,"codTEP":null,"WSName":"PS","rangeAddress":"$LZ$99:$LZ$135","headAddress":"$LZ$99","bodyAddress":"$LZ$100:$LZ$135","_name":"оперативное"}},"emcosID":null,"emcosMLID":null,"codMaketTEP":null,"codTEP":null,"WSName":"PS","rangeAddress":"$LZ$98:$LZ$135","headAddress":"$LZ$98","bodyAddress":"$LZ$99:$LZ$135","_name":"прием"},"отдача":{"_level":1,"parentID":"32815378-987d-482c-a98f-2cd672ce6594","firstParentID":"368983b9-4fb3-4da4-9099-6185b7f6dd58","ID":"259b7d0f-bf27-4b14-8b8d-9d5227cb1527","childs":{"оперативное":{"_level":2,"parentID":"259b7d0f-bf27-4b14-8b8d-9d5227cb1527","firstParentID":"368983b9-4fb3-4da4-9099-6185b7f6dd58","ID":"665a3819-6e0a-433a-8326-a72e745cdb2f","childs":null,"emcosID":null,"emcosMLID":null,"codMaketTEP":null,"codTEP":null,"WSName":"PS","rangeAddress":"$MA$99:$MA$135","headAddress":"$MA$99","bodyAddress":"$MA$100:$MA$135","_name":"оперативное"}},"emcosID":null,"emcosMLID":null,"codMaketTEP":null,"codTEP":null,"WSName":"PS","rangeAddress":"$MA$98:$MA$135","headAddress":"$MA$98","bodyAddress":"$MA$99:$MA$135","_name":"отдача"}},"emcosID":null,"emcosMLID":null,"codMaketTEP":null,"codTEP":null,"WSName":"PS","rangeAddress":"$LZ$97:$MA$135","headAddress":"$LZ$97:$MA$97","bodyAddress":"$LZ$98:$MA$135","_name":"АТ2 Капчагайская 62А"},"DB":{"_level":0,"parentID":"368983b9-4fb3-4da4-9099-6185b7f6dd58","firstParentID":"368983b9-4fb3-4da4-9099-6185b7f6dd58","ID":"fba57c05-8be4-4361-a69a-50df9a3cfef8","childs":{"прием":{"_level":1,"parentID":"fba57c05-8be4-4361-a69a-50df9a3cfef8","firstParentID":"368983b9-4fb3-4da4-9099-6185b7f6dd58","ID":"abdaa08b-4f25-4c6d-b917-ef6bfdb6dc31","childs":{"код":{"_level":2,"parentID":"abdaa08b-4f25-4c6d-b917-ef6bfdb6dc31","firstParentID":"368983b9-4fb3-4da4-9099-6185b7f6dd58","ID":"abd9f2f6-8ac0-4e2b-9845-ad8e8b8a7036","childs":null,"emcosID":null,"emcosMLID":null,"codMaketTEP":null,"codTEP":null,"WSName":"DB","rangeAddress":"$GL$353:$GL$390","headAddress":"$GL$353","bodyAddress":"$GL$354:$GL$390","_name":"код"},"основное":{"_level":2,"parentID":"abdaa08b-4f25-4c6d-b917-ef6bfdb6dc31","firstParentID":"368983b9-4fb3-4da4-9099-6185b7f6dd58","ID":"65550d27-ae6c-4179-9eaf-d11cc4dbffcc","childs":null,"emcosID":null,"emcosMLID":null,"codMaketTEP":null,"codTEP":null,"WSName":"DB","rangeAddress":"$GM$353:$GM$390","headAddress":"$GM$353","bodyAddress":"$GM$354:$GM$390","_name":"основное"},"корректировка факт":{"_level":2,"parentID":"abdaa08b-4f25-4c6d-b917-ef6bfdb6dc31","firstParentID":"368983b9-4fb3-4da4-9099-6185b7f6dd58","ID":"7d40f4f5-71c0-4d26-b751-b2c4335fc113","childs":null,"emcosID":null,"emcosMLID":null,"codMaketTEP":null,"codTEP":null,"WSName":"DB","rangeAddress":"$GN$353:$GN$390","headAddress":"$GN$353","bodyAddress":"$GN$354:$GN$390","_name":"корректировка факт"},"ручное":{"_level":2,"parentID":"abdaa08b-4f25-4c6d-b917-ef6bfdb6dc31","firstParentID":"368983b9-4fb3-4da4-9099-6185b7f6dd58","ID":"bc05369b-9a0d-4d33-ba14-ab5d7cc24b03","childs":null,"emcosID":null,"emcosMLID":null,"codMaketTEP":null,"codTEP":null,"WSName":"DB","rangeAddress":"$GO$353:$GO$390","headAddress":"$GO$353","bodyAddress":"$GO$354:$GO$390","_name":"ручное"},"оперативное":{"_level":2,"parentID":"abdaa08b-4f25-4c6d-b917-ef6bfdb6dc31","firstParentID":"368983b9-4fb3-4da4-9099-6185b7f6dd58","ID":"a594c91b-7cad-4963-8a30-d7d810fa679a","childs":null,"emcosID":null,"emcosMLID":null,"codMaketTEP":null,"codTEP":null,"WSName":"DB","rangeAddress":"$GP$353:$GP$390","headAddress":"$GP$353","bodyAddress":"$GP$354:$GP$390","_name":"оперативное"}},"emcosID":null,"emcosMLID":null,"codMaketTEP":null,"codTEP":null,"WSName":"DB","rangeAddress":"$GL$352:$GP$390","headAddress":"$GL$352:$GP$352","bodyAddress":"$GL$353:$GP$390","_name":"прием"},"отдача":{"_level":1,"parentID":"fba57c05-8be4-4361-a69a-50df9a3cfef8","firstParentID":"368983b9-4fb3-4da4-9099-6185b7f6dd58","ID":"7d4d6a21-35d4-4970-9bce-ed34f73474d0","childs":{"код":{"_level":2,"parentID":"7d4d6a21-35d4-4970-9bce-ed34f73474d0","firstParentID":"368983b9-4fb3-4da4-9099-6185b7f6dd58","ID":"0263e9e3-8b63-4a05-8c50-edbfcf335d09","childs":null,"emcosID":null,"emcosMLID":null,"codMaketTEP":null,"codTEP":null,"WSName":"DB","rangeAddress":"$GQ$353:$GQ$390","headAddress":"$GQ$353","bodyAddress":"$GQ$354:$GQ$390","_name":"код"},"основное":{"_level":2,"parentID":"7d4d6a21-35d4-4970-9bce-ed34f73474d0","firstParentID":"368983b9-4fb3-4da4-9099-6185b7f6dd58","ID":"df8b911c-062f-4eee-aa80-8bf7d47dda9f","childs":null,"emcosID":null,"emcosMLID":null,"codMaketTEP":null,"codTEP":null,"WSName":"DB","rangeAddress":"$GR$353:$GR$390","headAddress":"$GR$353","bodyAddress":"$GR$354:$GR$390","_name":"основное"},"корректировка факт":{"_level":2,"parentID":"7d4d6a21-35d4-4970-9bce-ed34f73474d0","firstParentID":"368983b9-4fb3-4da4-9099-6185b7f6dd58","ID":"f052c7aa-97de-4d23-8f93-898c6789fa2c","childs":null,"emcosID":null,"emcosMLID":null,"codMaketTEP":null,"codTEP":null,"WSName":"DB","rangeAddress":"$GS$353:$GS$390","headAddress":"$GS$353","bodyAddress":"$GS$354:$GS$390","_name":"корректировка факт"},"ручное":{"_level":2,"parentID":"7d4d6a21-35d4-4970-9bce-ed34f73474d0","firstParentID":"368983b9-4fb3-4da4-9099-6185b7f6dd58","ID":"949974b1-f184-46f3-adac-a2817cb05aa0","childs":null,"emcosID":null,"emcosMLID":null,"codMaketTEP":null,"codTEP":null,"WSName":"DB","rangeAddress":"$GT$353:$GT$390","headAddress":"$GT$353","bodyAddress":"$GT$354:$GT$390","_name":"ручное"},"оперативное":{"_level":2,"parentID":"7d4d6a21-35d4-4970-9bce-ed34f73474d0","firstParentID":"368983b9-4fb3-4da4-9099-6185b7f6dd58","ID":"8a64e3fd-8c07-4e2b-9f8a-45832ce7501d","childs":null,"emcosID":null,"emcosMLID":null,"codMaketTEP":null,"codTEP":null,"WSName":"DB","rangeAddress":"$GU$353:$GU$390","headAddress":"$GU$353","bodyAddress":"$GU$354:$GU$390","_name":"оперативное"}},"emcosID":null,"emcosMLID":null,"codMaketTEP":null,"codTEP":null,"WSName":"DB","rangeAddress":"$GQ$352:$GU$390","headAddress":"$GQ$352:$GU$352","bodyAddress":"$GQ$353:$GU$390","_name":"отдача"}},"emcosID":null,"emcosMLID":null,"codMaketTEP":null,"codTEP":null,"WSName":"DB","rangeAddress":"$GL$351:$GU$390","headAddress":"$GL$351:$GU$351","bodyAddress":"$GL$352:$GU$390","_name":"АТ2 Капчагайская 62А"}},"codPlan":null,"meterCoef":null,"_name":"АТ2 Капчагайская 62А"}