{"ID":"378b2876-ee0a-4b82-97b2-56444e22d55d","childs":{"PS":{"_level":0,"parentID":"378b2876-ee0a-4b82-97b2-56444e22d55d","firstParentID":"378b2876-ee0a-4b82-97b2-56444e22d55d","ID":"da40aba7-f321-485c-9b58-304c682eab57","childs":{"прием":{"_level":1,"parentID":"da40aba7-f321-485c-9b58-304c682eab57","firstParentID":"378b2876-ee0a-4b82-97b2-56444e22d55d","ID":"190e3e8b-56c4-4109-9148-7104d69f6af9","childs":{"по счетчику":{"_level":2,"parentID":"190e3e8b-56c4-4109-9148-7104d69f6af9","firstParentID":"378b2876-ee0a-4b82-97b2-56444e22d55d","ID":"ac0c20e0-fce5-4945-9a99-52732ac275cd","childs":null,"emcosID":null,"emcosMLID":null,"codMaketTEP":null,"codTEP":null,"WSName":"PS","rangeAddress":"$IT$99:$IT$135","headAddress":"$IT$99","bodyAddress":"$IT$100:$IT$135","_name":"по счетчику"},"СЧЕТЧИК":{"_level":2,"parentID":"190e3e8b-56c4-4109-9148-7104d69f6af9","firstParentID":"378b2876-ee0a-4b82-97b2-56444e22d55d","ID":"864f7c40-4db4-4d3c-8d66-b9e044761315","childs":null,"emcosID":null,"emcosMLID":null,"codMaketTEP":null,"codTEP":null,"WSName":"PS","rangeAddress":"$IU$99:$IU$135","headAddress":"$IU$99","bodyAddress":"$IU$100:$IU$135","_name":"СЧЕТЧИК"}},"emcosID":null,"emcosMLID":null,"codMaketTEP":null,"codTEP":null,"WSName":"PS","rangeAddress":"$IT$98:$IU$135","headAddress":"$IT$98:$IU$98","bodyAddress":"$IT$99:$IU$135","_name":"прием"},"отдача":{"_level":1,"parentID":"da40aba7-f321-485c-9b58-304c682eab57","firstParentID":"378b2876-ee0a-4b82-97b2-56444e22d55d","ID":"66d6cbdd-48a9-44b2-b5f5-f29481889364","childs":{"по счетчику":{"_level":2,"parentID":"66d6cbdd-48a9-44b2-b5f5-f29481889364","firstParentID":"378b2876-ee0a-4b82-97b2-56444e22d55d","ID":"e2da49e9-d3b8-47ce-8563-6bdcf56f4419","childs":null,"emcosID":null,"emcosMLID":null,"codMaketTEP":null,"codTEP":null,"WSName":"PS","rangeAddress":"$IV$99:$IV$135","headAddress":"$IV$99","bodyAddress":"$IV$100:$IV$135","_name":"по счетчику"},"СЧЕТЧИК":{"_level":2,"parentID":"66d6cbdd-48a9-44b2-b5f5-f29481889364","firstParentID":"378b2876-ee0a-4b82-97b2-56444e22d55d","ID":"f2aa345d-5525-4fe2-8b49-f3a9632e22b2","childs":null,"emcosID":null,"emcosMLID":null,"codMaketTEP":null,"codTEP":null,"WSName":"PS","rangeAddress":"$IW$99:$IW$135","headAddress":"$IW$99","bodyAddress":"$IW$100:$IW$135","_name":"СЧЕТЧИК"}},"emcosID":null,"emcosMLID":null,"codMaketTEP":null,"codTEP":null,"WSName":"PS","rangeAddress":"$IV$98:$IW$135","headAddress":"$IV$98:$IW$98","bodyAddress":"$IV$99:$IW$135","_name":"отдача"}},"emcosID":null,"emcosMLID":null,"codMaketTEP":null,"codTEP":null,"WSName":"PS","rangeAddress":"$IT$97:$IW$135","headAddress":"$IT$97:$IW$97","bodyAddress":"$IT$98:$IW$135","_name":"КЛ85 ПС152 Талдыкорган"},"DB":{"_level":0,"parentID":"378b2876-ee0a-4b82-97b2-56444e22d55d","firstParentID":"378b2876-ee0a-4b82-97b2-56444e22d55d","ID":"b002743e-05a4-4af8-90d8-3fb3d2dbfb55","childs":{"прием":{"_level":1,"parentID":"b002743e-05a4-4af8-90d8-3fb3d2dbfb55","firstParentID":"378b2876-ee0a-4b82-97b2-56444e22d55d","ID":"14f15875-1f7a-4276-9a27-2e13f1ba0594","childs":{"код":{"_level":2,"parentID":"14f15875-1f7a-4276-9a27-2e13f1ba0594","firstParentID":"378b2876-ee0a-4b82-97b2-56444e22d55d","ID":"f223c00c-5cce-4a0b-95e3-baab654ac96f","childs":null,"emcosID":null,"emcosMLID":null,"codMaketTEP":null,"codTEP":null,"WSName":"DB","rangeAddress":"$CW$525:$CW$562","headAddress":"$CW$525","bodyAddress":"$CW$526:$CW$562","_name":"код"},"основное":{"_level":2,"parentID":"14f15875-1f7a-4276-9a27-2e13f1ba0594","firstParentID":"378b2876-ee0a-4b82-97b2-56444e22d55d","ID":"127b781b-8662-43ed-8664-41496c3f60ab","childs":null,"emcosID":null,"emcosMLID":null,"codMaketTEP":null,"codTEP":null,"WSName":"DB","rangeAddress":"$CX$525:$CX$562","headAddress":"$CX$525","bodyAddress":"$CX$526:$CX$562","_name":"основное"},"корректировка факт":{"_level":2,"parentID":"14f15875-1f7a-4276-9a27-2e13f1ba0594","firstParentID":"378b2876-ee0a-4b82-97b2-56444e22d55d","ID":"15fe37be-bb07-42eb-aac5-98c963b81551","childs":null,"emcosID":null,"emcosMLID":null,"codMaketTEP":null,"codTEP":null,"WSName":"DB","rangeAddress":"$CY$525:$CY$562","headAddress":"$CY$525","bodyAddress":"$CY$526:$CY$562","_name":"корректировка факт"},"ручное":{"_level":2,"parentID":"14f15875-1f7a-4276-9a27-2e13f1ba0594","firstParentID":"378b2876-ee0a-4b82-97b2-56444e22d55d","ID":"1d48bab9-dfb4-49d3-a6c3-80509f52c10a","childs":null,"emcosID":null,"emcosMLID":null,"codMaketTEP":null,"codTEP":null,"WSName":"DB","rangeAddress":"$CZ$525:$CZ$562","headAddress":"$CZ$525","bodyAddress":"$CZ$526:$CZ$562","_name":"ручное"},"счетчик":{"_level":2,"parentID":"14f15875-1f7a-4276-9a27-2e13f1ba0594","firstParentID":"378b2876-ee0a-4b82-97b2-56444e22d55d","ID":"4e6f5d5f-f660-452d-a44d-67cd69ec6568","childs":null,"emcosID":null,"emcosMLID":null,"codMaketTEP":null,"codTEP":null,"WSName":"DB","rangeAddress":"$DA$525:$DA$562","headAddress":"$DA$525","bodyAddress":"$DA$526:$DA$562","_name":"счетчик"},"по счетчику":{"_level":2,"parentID":"14f15875-1f7a-4276-9a27-2e13f1ba0594","firstParentID":"378b2876-ee0a-4b82-97b2-56444e22d55d","ID":"d5d4ca91-d88d-4ffb-80c9-977e6f372bde","childs":null,"emcosID":null,"emcosMLID":null,"codMaketTEP":null,"codTEP":null,"WSName":"DB","rangeAddress":"$DB$525:$DB$562","headAddress":"$DB$525","bodyAddress":"$DB$526:$DB$562","_name":"по счетчику"}},"emcosID":null,"emcosMLID":null,"codMaketTEP":null,"codTEP":null,"WSName":"DB","rangeAddress":"$CW$524:$DB$562","headAddress":"$CW$524:$DB$524","bodyAddress":"$CW$525:$DB$562","_name":"прием"},"отдача":{"_level":1,"parentID":"b002743e-05a4-4af8-90d8-3fb3d2dbfb55","firstParentID":"378b2876-ee0a-4b82-97b2-56444e22d55d","ID":"3c7b2afd-7ff4-4ed9-9be7-2ae4802f6d37","childs":{"код":{"_level":2,"parentID":"3c7b2afd-7ff4-4ed9-9be7-2ae4802f6d37","firstParentID":"378b2876-ee0a-4b82-97b2-56444e22d55d","ID":"7333993e-01a1-450f-a449-76d8e77f5267","childs":null,"emcosID":null,"emcosMLID":null,"codMaketTEP":null,"codTEP":null,"WSName":"DB","rangeAddress":"$DC$525:$DC$562","headAddress":"$DC$525","bodyAddress":"$DC$526:$DC$562","_name":"код"},"основное":{"_level":2,"parentID":"3c7b2afd-7ff4-4ed9-9be7-2ae4802f6d37","firstParentID":"378b2876-ee0a-4b82-97b2-56444e22d55d","ID":"ad674981-58a8-45ad-af2b-faae3e522fbe","childs":null,"emcosID":null,"emcosMLID":null,"codMaketTEP":null,"codTEP":null,"WSName":"DB","rangeAddress":"$DD$525:$DD$562","headAddress":"$DD$525","bodyAddress":"$DD$526:$DD$562","_name":"основное"},"корректировка факт":{"_level":2,"parentID":"3c7b2afd-7ff4-4ed9-9be7-2ae4802f6d37","firstParentID":"378b2876-ee0a-4b82-97b2-56444e22d55d","ID":"bfd8ba3c-131d-4655-b573-0e266ede899f","childs":null,"emcosID":null,"emcosMLID":null,"codMaketTEP":null,"codTEP":null,"WSName":"DB","rangeAddress":"$DE$525:$DE$562","headAddress":"$DE$525","bodyAddress":"$DE$526:$DE$562","_name":"корректировка факт"},"ручное":{"_level":2,"parentID":"3c7b2afd-7ff4-4ed9-9be7-2ae4802f6d37","firstParentID":"378b2876-ee0a-4b82-97b2-56444e22d55d","ID":"28afdd8e-40a6-43b2-aa6e-54d195fd7227","childs":null,"emcosID":null,"emcosMLID":null,"codMaketTEP":null,"codTEP":null,"WSName":"DB","rangeAddress":"$DF$525:$DF$562","headAddress":"$DF$525","bodyAddress":"$DF$526:$DF$562","_name":"ручное"},"счетчик":{"_level":2,"parentID":"3c7b2afd-7ff4-4ed9-9be7-2ae4802f6d37","firstParentID":"378b2876-ee0a-4b82-97b2-56444e22d55d","ID":"1b272545-ca9f-4200-90c0-44a778a0975d","childs":null,"emcosID":null,"emcosMLID":null,"codMaketTEP":null,"codTEP":null,"WSName":"DB","rangeAddress":"$DG$525:$DG$562","headAddress":"$DG$525","bodyAddress":"$DG$526:$DG$562","_name":"счетчик"},"по счетчику":{"_level":2,"parentID":"3c7b2afd-7ff4-4ed9-9be7-2ae4802f6d37","firstParentID":"378b2876-ee0a-4b82-97b2-56444e22d55d","ID":"98a9b98d-ddb0-4103-b809-64bb4334d2cf","childs":null,"emcosID":null,"emcosMLID":null,"codMaketTEP":null,"codTEP":null,"WSName":"DB","rangeAddress":"$DH$525:$DH$562","headAddress":"$DH$525","bodyAddress":"$DH$526:$DH$562","_name":"по счетчику"}},"emcosID":null,"emcosMLID":null,"codMaketTEP":null,"codTEP":null,"WSName":"DB","rangeAddress":"$DC$524:$DH$562","headAddress":"$DC$524:$DH$524","bodyAddress":"$DC$525:$DH$562","_name":"отдача"}},"emcosID":null,"emcosMLID":null,"codMaketTEP":null,"codTEP":null,"WSName":"DB","rangeAddress":"$CW$523:$DH$562","headAddress":"$CW$523:$DH$523","bodyAddress":"$CW$524:$DH$562","_name":"КЛ85 ПС152 Талдыкорган"}},"codPlan":null,"meterCoef":"4","_name":"КЛ85 ПС152 Талдыкорган"}