{"ID":"386aa80f-bad7-42b6-87df-847c7af7b72a","childs":{"PS":{"_level":0,"parentID":"386aa80f-bad7-42b6-87df-847c7af7b72a","firstParentID":"386aa80f-bad7-42b6-87df-847c7af7b72a","ID":"c1eb889a-f699-4639-b831-bcabe3c9bfe2","childs":{"прием":{"_level":1,"parentID":"c1eb889a-f699-4639-b831-bcabe3c9bfe2","firstParentID":"386aa80f-bad7-42b6-87df-847c7af7b72a","ID":"bb82613d-953f-4a4a-bfd0-fd0d8883e528","childs":{"ручное":{"_level":2,"parentID":"bb82613d-953f-4a4a-bfd0-fd0d8883e528","firstParentID":"386aa80f-bad7-42b6-87df-847c7af7b72a","ID":"68ea074a-e34d-4c3e-b33a-ad99d434a55b","childs":null,"emcosID":null,"emcosMLID":null,"codMaketTEP":null,"codTEP":null,"WSName":"PS","rangeAddress":"$KN$99:$KN$135","headAddress":"$KN$99","bodyAddress":"$KN$100:$KN$135","_name":"ручное"}},"emcosID":null,"emcosMLID":null,"codMaketTEP":null,"codTEP":null,"WSName":"PS","rangeAddress":"$KN$98:$KN$135","headAddress":"$KN$98","bodyAddress":"$KN$99:$KN$135","_name":"прием"},"отдача":{"_level":1,"parentID":"c1eb889a-f699-4639-b831-bcabe3c9bfe2","firstParentID":"386aa80f-bad7-42b6-87df-847c7af7b72a","ID":"fdc0580b-e855-4c4e-9792-034bfba3fe5d","childs":{"ручное":{"_level":2,"parentID":"fdc0580b-e855-4c4e-9792-034bfba3fe5d","firstParentID":"386aa80f-bad7-42b6-87df-847c7af7b72a","ID":"025a36ac-aba6-49de-87f5-0baa652e2037","childs":null,"emcosID":null,"emcosMLID":null,"codMaketTEP":null,"codTEP":null,"WSName":"PS","rangeAddress":"$KO$99:$KO$135","headAddress":"$KO$99","bodyAddress":"$KO$100:$KO$135","_name":"ручное"}},"emcosID":null,"emcosMLID":null,"codMaketTEP":null,"codTEP":null,"WSName":"PS","rangeAddress":"$KO$98:$KO$135","headAddress":"$KO$98","bodyAddress":"$KO$99:$KO$135","_name":"отдача"}},"emcosID":null,"emcosMLID":null,"codMaketTEP":null,"codTEP":null,"WSName":"PS","rangeAddress":"$KN$97:$KO$135","headAddress":"$KN$97:$KO$97","bodyAddress":"$KN$98:$KO$135","_name":"Л2123 Робот 143А"},"DB":{"_level":0,"parentID":"386aa80f-bad7-42b6-87df-847c7af7b72a","firstParentID":"386aa80f-bad7-42b6-87df-847c7af7b72a","ID":"9eb70a6e-af60-4191-b8b3-fcbf8889223f","childs":{"прием":{"_level":1,"parentID":"9eb70a6e-af60-4191-b8b3-fcbf8889223f","firstParentID":"386aa80f-bad7-42b6-87df-847c7af7b72a","ID":"a5dad230-c5a3-484e-955e-54c9550438f0","childs":{"код":{"_level":2,"parentID":"a5dad230-c5a3-484e-955e-54c9550438f0","firstParentID":"386aa80f-bad7-42b6-87df-847c7af7b72a","ID":"7bab52fd-3562-49ef-9545-931385fee36a","childs":null,"emcosID":null,"emcosMLID":null,"codMaketTEP":null,"codTEP":null,"WSName":"DB","rangeAddress":"$EE$95:$EE$132","headAddress":"$EE$95","bodyAddress":"$EE$96:$EE$132","_name":"код"},"основное":{"_level":2,"parentID":"a5dad230-c5a3-484e-955e-54c9550438f0","firstParentID":"386aa80f-bad7-42b6-87df-847c7af7b72a","ID":"b9616cdd-40a6-4447-92e7-226ad7998044","childs":null,"emcosID":null,"emcosMLID":null,"codMaketTEP":null,"codTEP":null,"WSName":"DB","rangeAddress":"$EF$95:$EF$132","headAddress":"$EF$95","bodyAddress":"$EF$96:$EF$132","_name":"основное"},"корректировка факт":{"_level":2,"parentID":"a5dad230-c5a3-484e-955e-54c9550438f0","firstParentID":"386aa80f-bad7-42b6-87df-847c7af7b72a","ID":"1841a999-794c-48fe-911f-a4dd0293e955","childs":null,"emcosID":null,"emcosMLID":null,"codMaketTEP":null,"codTEP":null,"WSName":"DB","rangeAddress":"$EG$95:$EG$132","headAddress":"$EG$95","bodyAddress":"$EG$96:$EG$132","_name":"корректировка факт"},"ручное":{"_level":2,"parentID":"a5dad230-c5a3-484e-955e-54c9550438f0","firstParentID":"386aa80f-bad7-42b6-87df-847c7af7b72a","ID":"6c1d3131-d368-4186-a917-2e9d0b5ab27c","childs":null,"emcosID":null,"emcosMLID":null,"codMaketTEP":null,"codTEP":null,"WSName":"DB","rangeAddress":"$EH$95:$EH$132","headAddress":"$EH$95","bodyAddress":"$EH$96:$EH$132","_name":"ручное"}},"emcosID":null,"emcosMLID":null,"codMaketTEP":null,"codTEP":null,"WSName":"DB","rangeAddress":"$EE$94:$EH$132","headAddress":"$EE$94:$EH$94","bodyAddress":"$EE$95:$EH$132","_name":"прием"},"отдача":{"_level":1,"parentID":"9eb70a6e-af60-4191-b8b3-fcbf8889223f","firstParentID":"386aa80f-bad7-42b6-87df-847c7af7b72a","ID":"533bc32d-483a-470d-a6da-f55d9e508754","childs":{"код":{"_level":2,"parentID":"533bc32d-483a-470d-a6da-f55d9e508754","firstParentID":"386aa80f-bad7-42b6-87df-847c7af7b72a","ID":"6b087d1b-3dfa-4425-acac-10acdf773633","childs":null,"emcosID":null,"emcosMLID":null,"codMaketTEP":null,"codTEP":null,"WSName":"DB","rangeAddress":"$EI$95:$EI$132","headAddress":"$EI$95","bodyAddress":"$EI$96:$EI$132","_name":"код"},"основное":{"_level":2,"parentID":"533bc32d-483a-470d-a6da-f55d9e508754","firstParentID":"386aa80f-bad7-42b6-87df-847c7af7b72a","ID":"72ce1325-fca6-4451-b8a5-43640ce013ea","childs":null,"emcosID":null,"emcosMLID":null,"codMaketTEP":null,"codTEP":null,"WSName":"DB","rangeAddress":"$EJ$95:$EJ$132","headAddress":"$EJ$95","bodyAddress":"$EJ$96:$EJ$132","_name":"основное"},"корректировка факт":{"_level":2,"parentID":"533bc32d-483a-470d-a6da-f55d9e508754","firstParentID":"386aa80f-bad7-42b6-87df-847c7af7b72a","ID":"0406309d-3568-4753-a89a-849fd4ad6994","childs":null,"emcosID":null,"emcosMLID":null,"codMaketTEP":null,"codTEP":null,"WSName":"DB","rangeAddress":"$EK$95:$EK$132","headAddress":"$EK$95","bodyAddress":"$EK$96:$EK$132","_name":"корректировка факт"},"ручное":{"_level":2,"parentID":"533bc32d-483a-470d-a6da-f55d9e508754","firstParentID":"386aa80f-bad7-42b6-87df-847c7af7b72a","ID":"afabff1d-7232-49b9-94f9-c4a282fec60e","childs":null,"emcosID":null,"emcosMLID":null,"codMaketTEP":null,"codTEP":null,"WSName":"DB","rangeAddress":"$EL$95:$EL$132","headAddress":"$EL$95","bodyAddress":"$EL$96:$EL$132","_name":"ручное"}},"emcosID":null,"emcosMLID":null,"codMaketTEP":null,"codTEP":null,"WSName":"DB","rangeAddress":"$EI$94:$EL$132","headAddress":"$EI$94:$EL$94","bodyAddress":"$EI$95:$EL$132","_name":"отдача"}},"emcosID":null,"emcosMLID":null,"codMaketTEP":null,"codTEP":null,"WSName":"DB","rangeAddress":"$EE$93:$EL$132","headAddress":"$EE$93:$EL$93","bodyAddress":"$EE$94:$EL$132","_name":"Л2123 Робот 143А"}},"codPlan":null,"meterCoef":null,"_name":"Л2123 Робот 143А"}