{"ID":"3e2ed4ef-4ed0-495c-b8ae-d55e9e2f188d","childs":{"PS":{"_level":0,"parentID":"3e2ed4ef-4ed0-495c-b8ae-d55e9e2f188d","firstParentID":"3e2ed4ef-4ed0-495c-b8ae-d55e9e2f188d","ID":"d295602c-3437-41f3-b14f-448d0f745ec3","childs":{"прием":{"_level":1,"parentID":"d295602c-3437-41f3-b14f-448d0f745ec3","firstParentID":"3e2ed4ef-4ed0-495c-b8ae-d55e9e2f188d","ID":"dc58b7f0-d8f0-418a-9a49-68da98d8b83d","childs":{"ручное":{"_level":2,"parentID":"dc58b7f0-d8f0-418a-9a49-68da98d8b83d","firstParentID":"3e2ed4ef-4ed0-495c-b8ae-d55e9e2f188d","ID":"7b341da4-f5c8-4550-b283-aa9ab73fcdf4","childs":null,"emcosID":null,"emcosMLID":null,"codMaketTEP":null,"codTEP":null,"WSName":"PS","rangeAddress":"$AH$228:$AH$264","headAddress":"$AH$228","bodyAddress":"$AH$229:$AH$264","_name":"ручное"}},"emcosID":null,"emcosMLID":null,"codMaketTEP":null,"codTEP":null,"WSName":"PS","rangeAddress":"$AH$227:$AH$264","headAddress":"$AH$227","bodyAddress":"$AH$228:$AH$264","_name":"прием"}},"emcosID":null,"emcosMLID":null,"codMaketTEP":null,"codTEP":null,"WSName":"PS","rangeAddress":"$AH$226:$AH$264","headAddress":"$AH$226","bodyAddress":"$AH$227:$AH$264","_name":"Потребление Энергокомпания Qaz Energy Жетысу"},"DB":{"_level":0,"parentID":"3e2ed4ef-4ed0-495c-b8ae-d55e9e2f188d","firstParentID":"3e2ed4ef-4ed0-495c-b8ae-d55e9e2f188d","ID":"23a816fb-16bd-40e7-9474-ed1668c852fc","childs":{"прием":{"_level":1,"parentID":"23a816fb-16bd-40e7-9474-ed1668c852fc","firstParentID":"3e2ed4ef-4ed0-495c-b8ae-d55e9e2f188d","ID":"f39bca8a-3d08-4298-acaf-874fee980bc7","childs":{"код":{"_level":2,"parentID":"f39bca8a-3d08-4298-acaf-874fee980bc7","firstParentID":"3e2ed4ef-4ed0-495c-b8ae-d55e9e2f188d","ID":"13f24cf3-0113-47c6-ada2-748f3059894a","childs":null,"emcosID":null,"emcosMLID":null,"codMaketTEP":null,"codTEP":null,"WSName":"DB","rangeAddress":"$AY$439:$AY$476","headAddress":"$AY$439","bodyAddress":"$AY$440:$AY$476","_name":"код"},"основное":{"_level":2,"parentID":"f39bca8a-3d08-4298-acaf-874fee980bc7","firstParentID":"3e2ed4ef-4ed0-495c-b8ae-d55e9e2f188d","ID":"48bc72be-6397-4cf7-a371-c86221808a3c","childs":null,"emcosID":null,"emcosMLID":null,"codMaketTEP":null,"codTEP":null,"WSName":"DB","rangeAddress":"$AZ$439:$AZ$476","headAddress":"$AZ$439","bodyAddress":"$AZ$440:$AZ$476","_name":"основное"},"корректировка факт":{"_level":2,"parentID":"f39bca8a-3d08-4298-acaf-874fee980bc7","firstParentID":"3e2ed4ef-4ed0-495c-b8ae-d55e9e2f188d","ID":"957be74e-c6cc-4ead-9891-451f9dd2a916","childs":null,"emcosID":null,"emcosMLID":null,"codMaketTEP":null,"codTEP":null,"WSName":"DB","rangeAddress":"$BA$439:$BA$476","headAddress":"$BA$439","bodyAddress":"$BA$440:$BA$476","_name":"корректировка факт"},"ручное":{"_level":2,"parentID":"f39bca8a-3d08-4298-acaf-874fee980bc7","firstParentID":"3e2ed4ef-4ed0-495c-b8ae-d55e9e2f188d","ID":"b40df65f-3744-44ff-ab36-5e0b0c9a17a9","childs":null,"emcosID":null,"emcosMLID":null,"codMaketTEP":null,"codTEP":null,"WSName":"DB","rangeAddress":"$BB$439:$BB$476","headAddress":"$BB$439","bodyAddress":"$BB$440:$BB$476","_name":"ручное"}},"emcosID":null,"emcosMLID":null,"codMaketTEP":null,"codTEP":null,"WSName":"DB","rangeAddress":"$AY$438:$BB$476","headAddress":"$AY$438:$BB$438","bodyAddress":"$AY$439:$BB$476","_name":"прием"}},"emcosID":null,"emcosMLID":null,"codMaketTEP":null,"codTEP":null,"WSName":"DB","rangeAddress":"$AY$437:$BB$476","headAddress":"$AY$437:$BB$437","bodyAddress":"$AY$438:$BB$476","_name":"Потребление Энергокомпания Qaz Energy Жетысу"}},"codPlan":null,"meterCoef":null,"_name":"Потребление Энергокомпания Qaz Energy Жетысу"}