{"ID":"4325110e-cf9f-4f4d-b4af-33abd4c997f5","childs":{"PS":{"_level":0,"parentID":"4325110e-cf9f-4f4d-b4af-33abd4c997f5","firstParentID":"4325110e-cf9f-4f4d-b4af-33abd4c997f5","ID":"5cc26e77-6c56-42f5-8afb-222a1fb6f826","childs":{"прием":{"_level":1,"parentID":"5cc26e77-6c56-42f5-8afb-222a1fb6f826","firstParentID":"4325110e-cf9f-4f4d-b4af-33abd4c997f5","ID":"b7d99248-dc49-418a-b865-96e5f4d846e0","childs":{"по счетчику":{"_level":2,"parentID":"b7d99248-dc49-418a-b865-96e5f4d846e0","firstParentID":"4325110e-cf9f-4f4d-b4af-33abd4c997f5","ID":"24249079-80a8-434d-8e8b-e3a48b5638d9","childs":null,"emcosID":null,"emcosMLID":null,"codMaketTEP":null,"codTEP":null,"WSName":"PS","rangeAddress":"$HV$99:$HV$135","headAddress":"$HV$99","bodyAddress":"$HV$100:$HV$135","_name":"по счетчику"},"СЧЕТЧИК":{"_level":2,"parentID":"b7d99248-dc49-418a-b865-96e5f4d846e0","firstParentID":"4325110e-cf9f-4f4d-b4af-33abd4c997f5","ID":"b9f4541c-f47b-4724-bd65-d202b7130609","childs":null,"emcosID":null,"emcosMLID":null,"codMaketTEP":null,"codTEP":null,"WSName":"PS","rangeAddress":"$HW$99:$HW$135","headAddress":"$HW$99","bodyAddress":"$HW$100:$HW$135","_name":"СЧЕТЧИК"}},"emcosID":null,"emcosMLID":null,"codMaketTEP":null,"codTEP":null,"WSName":"PS","rangeAddress":"$HV$98:$HW$135","headAddress":"$HV$98:$HW$98","bodyAddress":"$HV$99:$HW$135","_name":"прием"},"отдача":{"_level":1,"parentID":"5cc26e77-6c56-42f5-8afb-222a1fb6f826","firstParentID":"4325110e-cf9f-4f4d-b4af-33abd4c997f5","ID":"e2322ecb-a891-47cc-857e-d4007695b3f0","childs":{"по счетчику":{"_level":2,"parentID":"e2322ecb-a891-47cc-857e-d4007695b3f0","firstParentID":"4325110e-cf9f-4f4d-b4af-33abd4c997f5","ID":"dfc72ded-1718-467b-8971-36b26e03fb5a","childs":null,"emcosID":null,"emcosMLID":null,"codMaketTEP":null,"codTEP":null,"WSName":"PS","rangeAddress":"$HX$99:$HX$135","headAddress":"$HX$99","bodyAddress":"$HX$100:$HX$135","_name":"по счетчику"},"СЧЕТЧИК":{"_level":2,"parentID":"e2322ecb-a891-47cc-857e-d4007695b3f0","firstParentID":"4325110e-cf9f-4f4d-b4af-33abd4c997f5","ID":"7f0dc659-776a-47e6-bb1e-6e7dd80a0f50","childs":null,"emcosID":null,"emcosMLID":null,"codMaketTEP":null,"codTEP":null,"WSName":"PS","rangeAddress":"$HY$99:$HY$135","headAddress":"$HY$99","bodyAddress":"$HY$100:$HY$135","_name":"СЧЕТЧИК"}},"emcosID":null,"emcosMLID":null,"codMaketTEP":null,"codTEP":null,"WSName":"PS","rangeAddress":"$HX$98:$HY$135","headAddress":"$HX$98:$HY$98","bodyAddress":"$HX$99:$HY$135","_name":"отдача"}},"emcosID":null,"emcosMLID":null,"codMaketTEP":null,"codTEP":null,"WSName":"PS","rangeAddress":"$HV$97:$HY$135","headAddress":"$HV$97:$HY$97","bodyAddress":"$HV$98:$HY$135","_name":"КЛ6 ПС152 Талдыкорган"},"DB":{"_level":0,"parentID":"4325110e-cf9f-4f4d-b4af-33abd4c997f5","firstParentID":"4325110e-cf9f-4f4d-b4af-33abd4c997f5","ID":"a4638201-8541-43d0-9336-9cf974028162","childs":{"прием":{"_level":1,"parentID":"a4638201-8541-43d0-9336-9cf974028162","firstParentID":"4325110e-cf9f-4f4d-b4af-33abd4c997f5","ID":"41182763-d9cd-41c0-b78e-d53596b4aba0","childs":{"код":{"_level":2,"parentID":"41182763-d9cd-41c0-b78e-d53596b4aba0","firstParentID":"4325110e-cf9f-4f4d-b4af-33abd4c997f5","ID":"81996ba9-93de-4f64-979d-338dabcec916","childs":null,"emcosID":null,"emcosMLID":null,"codMaketTEP":null,"codTEP":null,"WSName":"DB","rangeAddress":"$FM$525:$FM$562","headAddress":"$FM$525","bodyAddress":"$FM$526:$FM$562","_name":"код"},"основное":{"_level":2,"parentID":"41182763-d9cd-41c0-b78e-d53596b4aba0","firstParentID":"4325110e-cf9f-4f4d-b4af-33abd4c997f5","ID":"bc07e318-2627-4ebb-b1b4-6706d5120514","childs":null,"emcosID":null,"emcosMLID":null,"codMaketTEP":null,"codTEP":null,"WSName":"DB","rangeAddress":"$FN$525:$FN$562","headAddress":"$FN$525","bodyAddress":"$FN$526:$FN$562","_name":"основное"},"корректировка факт":{"_level":2,"parentID":"41182763-d9cd-41c0-b78e-d53596b4aba0","firstParentID":"4325110e-cf9f-4f4d-b4af-33abd4c997f5","ID":"b37da47d-6a8f-4a93-b29c-786fa8ff8042","childs":null,"emcosID":null,"emcosMLID":null,"codMaketTEP":null,"codTEP":null,"WSName":"DB","rangeAddress":"$FO$525:$FO$562","headAddress":"$FO$525","bodyAddress":"$FO$526:$FO$562","_name":"корректировка факт"},"ручное":{"_level":2,"parentID":"41182763-d9cd-41c0-b78e-d53596b4aba0","firstParentID":"4325110e-cf9f-4f4d-b4af-33abd4c997f5","ID":"13aec475-a336-414e-b586-62be3a4af567","childs":null,"emcosID":null,"emcosMLID":null,"codMaketTEP":null,"codTEP":null,"WSName":"DB","rangeAddress":"$FP$525:$FP$562","headAddress":"$FP$525","bodyAddress":"$FP$526:$FP$562","_name":"ручное"},"счетчик":{"_level":2,"parentID":"41182763-d9cd-41c0-b78e-d53596b4aba0","firstParentID":"4325110e-cf9f-4f4d-b4af-33abd4c997f5","ID":"cde6e016-ab9c-45e6-b8f1-4df19b8e92ea","childs":null,"emcosID":null,"emcosMLID":null,"codMaketTEP":null,"codTEP":null,"WSName":"DB","rangeAddress":"$FQ$525:$FQ$562","headAddress":"$FQ$525","bodyAddress":"$FQ$526:$FQ$562","_name":"счетчик"},"по счетчику":{"_level":2,"parentID":"41182763-d9cd-41c0-b78e-d53596b4aba0","firstParentID":"4325110e-cf9f-4f4d-b4af-33abd4c997f5","ID":"0d876f87-f7c7-472d-b264-5b6fc4f217a4","childs":null,"emcosID":null,"emcosMLID":null,"codMaketTEP":null,"codTEP":null,"WSName":"DB","rangeAddress":"$FR$525:$FR$562","headAddress":"$FR$525","bodyAddress":"$FR$526:$FR$562","_name":"по счетчику"}},"emcosID":null,"emcosMLID":null,"codMaketTEP":null,"codTEP":null,"WSName":"DB","rangeAddress":"$FM$524:$FR$562","headAddress":"$FM$524:$FR$524","bodyAddress":"$FM$525:$FR$562","_name":"прием"},"отдача":{"_level":1,"parentID":"a4638201-8541-43d0-9336-9cf974028162","firstParentID":"4325110e-cf9f-4f4d-b4af-33abd4c997f5","ID":"848dd8aa-e1e2-4ca2-b47b-0c057717b7a4","childs":{"код":{"_level":2,"parentID":"848dd8aa-e1e2-4ca2-b47b-0c057717b7a4","firstParentID":"4325110e-cf9f-4f4d-b4af-33abd4c997f5","ID":"97fca51e-0a07-4653-891c-0f9df16ec846","childs":null,"emcosID":null,"emcosMLID":null,"codMaketTEP":null,"codTEP":null,"WSName":"DB","rangeAddress":"$FS$525:$FS$562","headAddress":"$FS$525","bodyAddress":"$FS$526:$FS$562","_name":"код"},"основное":{"_level":2,"parentID":"848dd8aa-e1e2-4ca2-b47b-0c057717b7a4","firstParentID":"4325110e-cf9f-4f4d-b4af-33abd4c997f5","ID":"1c8caf10-f896-4253-8738-10efcc01628a","childs":null,"emcosID":null,"emcosMLID":null,"codMaketTEP":null,"codTEP":null,"WSName":"DB","rangeAddress":"$FT$525:$FT$562","headAddress":"$FT$525","bodyAddress":"$FT$526:$FT$562","_name":"основное"},"корректировка факт":{"_level":2,"parentID":"848dd8aa-e1e2-4ca2-b47b-0c057717b7a4","firstParentID":"4325110e-cf9f-4f4d-b4af-33abd4c997f5","ID":"38746e3c-1eee-4bad-946f-ef51affcb415","childs":null,"emcosID":null,"emcosMLID":null,"codMaketTEP":null,"codTEP":null,"WSName":"DB","rangeAddress":"$FU$525:$FU$562","headAddress":"$FU$525","bodyAddress":"$FU$526:$FU$562","_name":"корректировка факт"},"ручное":{"_level":2,"parentID":"848dd8aa-e1e2-4ca2-b47b-0c057717b7a4","firstParentID":"4325110e-cf9f-4f4d-b4af-33abd4c997f5","ID":"d4678671-d02e-4e12-9cdd-06b6ab9899cb","childs":null,"emcosID":null,"emcosMLID":null,"codMaketTEP":null,"codTEP":null,"WSName":"DB","rangeAddress":"$FV$525:$FV$562","headAddress":"$FV$525","bodyAddress":"$FV$526:$FV$562","_name":"ручное"},"счетчик":{"_level":2,"parentID":"848dd8aa-e1e2-4ca2-b47b-0c057717b7a4","firstParentID":"4325110e-cf9f-4f4d-b4af-33abd4c997f5","ID":"ba81b913-dece-4db2-b95c-fc044e9168a6","childs":null,"emcosID":null,"emcosMLID":null,"codMaketTEP":null,"codTEP":null,"WSName":"DB","rangeAddress":"$FW$525:$FW$562","headAddress":"$FW$525","bodyAddress":"$FW$526:$FW$562","_name":"счетчик"},"по счетчику":{"_level":2,"parentID":"848dd8aa-e1e2-4ca2-b47b-0c057717b7a4","firstParentID":"4325110e-cf9f-4f4d-b4af-33abd4c997f5","ID":"7a4dade4-8d6e-46d6-b00a-97f8ae4f0fe7","childs":null,"emcosID":null,"emcosMLID":null,"codMaketTEP":null,"codTEP":null,"WSName":"DB","rangeAddress":"$FX$525:$FX$562","headAddress":"$FX$525","bodyAddress":"$FX$526:$FX$562","_name":"по счетчику"}},"emcosID":null,"emcosMLID":null,"codMaketTEP":null,"codTEP":null,"WSName":"DB","rangeAddress":"$FS$524:$FX$562","headAddress":"$FS$524:$FX$524","bodyAddress":"$FS$525:$FX$562","_name":"отдача"}},"emcosID":null,"emcosMLID":null,"codMaketTEP":null,"codTEP":null,"WSName":"DB","rangeAddress":"$FM$523:$FX$562","headAddress":"$FM$523:$FX$523","bodyAddress":"$FM$524:$FX$562","_name":"КЛ6 ПС152 Талдыкорган"}},"codPlan":null,"meterCoef":"6","_name":"КЛ6 ПС152 Талдыкорган"}