{"ID":"43abf702-57ad-43ef-b82f-84f3168cc3f6","childs":{"PS":{"_level":0,"parentID":"43abf702-57ad-43ef-b82f-84f3168cc3f6","firstParentID":"43abf702-57ad-43ef-b82f-84f3168cc3f6","ID":"34cf4c06-d98a-438c-84b3-c89b6c654cb4","childs":{"прием":{"_level":1,"parentID":"34cf4c06-d98a-438c-84b3-c89b6c654cb4","firstParentID":"43abf702-57ad-43ef-b82f-84f3168cc3f6","ID":"bb242c2f-290b-430f-acfa-00199289f069","childs":{"ручное":{"_level":2,"parentID":"bb242c2f-290b-430f-acfa-00199289f069","firstParentID":"43abf702-57ad-43ef-b82f-84f3168cc3f6","ID":"4fee5f6f-246d-48e5-8ef8-3d6107af4d55","childs":null,"emcosID":null,"emcosMLID":null,"codMaketTEP":null,"codTEP":null,"WSName":"PS","rangeAddress":"$BC$185:$BC$221","headAddress":"$BC$185","bodyAddress":"$BC$186:$BC$221","_name":"ручное"}},"emcosID":null,"emcosMLID":null,"codMaketTEP":null,"codTEP":null,"WSName":"PS","rangeAddress":"$BC$184:$BC$221","headAddress":"$BC$184","bodyAddress":"$BC$185:$BC$221","_name":"прием"}},"emcosID":null,"emcosMLID":null,"codMaketTEP":null,"codTEP":null,"WSName":"PS","rangeAddress":"$BC$183:$BC$221","headAddress":"$BC$183","bodyAddress":"$BC$184:$BC$221","_name":"Потребление SilkWayEnergy Алматы"},"DB":{"_level":0,"parentID":"43abf702-57ad-43ef-b82f-84f3168cc3f6","firstParentID":"43abf702-57ad-43ef-b82f-84f3168cc3f6","ID":"ee9f514e-44c4-4e30-ba89-30739b3c2e1c","childs":{"прием":{"_level":1,"parentID":"ee9f514e-44c4-4e30-ba89-30739b3c2e1c","firstParentID":"43abf702-57ad-43ef-b82f-84f3168cc3f6","ID":"56853b36-3e3e-423f-9e48-fae2ca002bd2","childs":{"код":{"_level":2,"parentID":"56853b36-3e3e-423f-9e48-fae2ca002bd2","firstParentID":"43abf702-57ad-43ef-b82f-84f3168cc3f6","ID":"7596b966-b2c9-4949-b134-4fdc8453cb29","childs":null,"emcosID":null,"emcosMLID":null,"codMaketTEP":null,"codTEP":null,"WSName":"DB","rangeAddress":"$C$353:$C$390","headAddress":"$C$353","bodyAddress":"$C$354:$C$390","_name":"код"},"основное":{"_level":2,"parentID":"56853b36-3e3e-423f-9e48-fae2ca002bd2","firstParentID":"43abf702-57ad-43ef-b82f-84f3168cc3f6","ID":"87ac89e7-426c-42ec-aa0f-3253e37fb260","childs":null,"emcosID":null,"emcosMLID":null,"codMaketTEP":null,"codTEP":null,"WSName":"DB","rangeAddress":"$D$353:$D$390","headAddress":"$D$353","bodyAddress":"$D$354:$D$390","_name":"основное"},"корректировка факт":{"_level":2,"parentID":"56853b36-3e3e-423f-9e48-fae2ca002bd2","firstParentID":"43abf702-57ad-43ef-b82f-84f3168cc3f6","ID":"ca30db39-13b3-41aa-ba08-abc3553878ed","childs":null,"emcosID":null,"emcosMLID":null,"codMaketTEP":null,"codTEP":null,"WSName":"DB","rangeAddress":"$E$353:$E$390","headAddress":"$E$353","bodyAddress":"$E$354:$E$390","_name":"корректировка факт"},"ручное":{"_level":2,"parentID":"56853b36-3e3e-423f-9e48-fae2ca002bd2","firstParentID":"43abf702-57ad-43ef-b82f-84f3168cc3f6","ID":"f8136e0c-4340-4650-bb10-1a9f290be073","childs":null,"emcosID":null,"emcosMLID":null,"codMaketTEP":null,"codTEP":null,"WSName":"DB","rangeAddress":"$F$353:$F$390","headAddress":"$F$353","bodyAddress":"$F$354:$F$390","_name":"ручное"},"формула":{"_level":2,"parentID":"56853b36-3e3e-423f-9e48-fae2ca002bd2","firstParentID":"43abf702-57ad-43ef-b82f-84f3168cc3f6","ID":"ab7f304d-a321-42cc-8f35-fd9fb6ac8a32","childs":null,"emcosID":null,"emcosMLID":null,"codMaketTEP":null,"codTEP":null,"WSName":"DB","rangeAddress":"$G$353:$G$390","headAddress":"$G$353","bodyAddress":"$G$354:$G$390","_name":"формула"}},"emcosID":null,"emcosMLID":null,"codMaketTEP":null,"codTEP":null,"WSName":"DB","rangeAddress":"$C$352:$G$390","headAddress":"$C$352:$G$352","bodyAddress":"$C$353:$G$390","_name":"прием"}},"emcosID":null,"emcosMLID":null,"codMaketTEP":null,"codTEP":null,"WSName":"DB","rangeAddress":"$C$351:$G$390","headAddress":"$C$351:$G$351","bodyAddress":"$C$352:$G$390","_name":"Потребление SilkWayEnergy Алматы"}},"codPlan":null,"meterCoef":null,"_name":"Потребление SilkWayEnergy Алматы"}