{"ID":"44730c45-c6c3-410e-b4c9-90f6c5b66bad","childs":{"PS":{"_level":0,"parentID":"44730c45-c6c3-410e-b4c9-90f6c5b66bad","firstParentID":"44730c45-c6c3-410e-b4c9-90f6c5b66bad","ID":"fbd5da2e-18fd-4e2b-8f32-72625dbfc7b6","childs":{"прием":{"_level":1,"parentID":"fbd5da2e-18fd-4e2b-8f32-72625dbfc7b6","firstParentID":"44730c45-c6c3-410e-b4c9-90f6c5b66bad","ID":"27721bec-3d32-49f1-b055-ce9f63735c5d","childs":{"ручное":{"_level":2,"parentID":"27721bec-3d32-49f1-b055-ce9f63735c5d","firstParentID":"44730c45-c6c3-410e-b4c9-90f6c5b66bad","ID":"720df7a1-77d3-43cf-8017-0f82ea66b266","childs":null,"emcosID":null,"emcosMLID":null,"codMaketTEP":null,"codTEP":null,"WSName":"PS","rangeAddress":"$MS$99:$MS$135","headAddress":"$MS$99","bodyAddress":"$MS$100:$MS$135","_name":"ручное"}},"emcosID":null,"emcosMLID":null,"codMaketTEP":null,"codTEP":null,"WSName":"PS","rangeAddress":"$MS$98:$MS$135","headAddress":"$MS$98","bodyAddress":"$MS$99:$MS$135","_name":"прием"},"отдача":{"_level":1,"parentID":"fbd5da2e-18fd-4e2b-8f32-72625dbfc7b6","firstParentID":"44730c45-c6c3-410e-b4c9-90f6c5b66bad","ID":"834e445c-6b69-4986-ac44-5b5079991b48","childs":{"ручное":{"_level":2,"parentID":"834e445c-6b69-4986-ac44-5b5079991b48","firstParentID":"44730c45-c6c3-410e-b4c9-90f6c5b66bad","ID":"3080434b-8609-4ff5-991d-ee7b1bd20900","childs":null,"emcosID":null,"emcosMLID":null,"codMaketTEP":null,"codTEP":null,"WSName":"PS","rangeAddress":"$MT$99:$MT$135","headAddress":"$MT$99","bodyAddress":"$MT$100:$MT$135","_name":"ручное"}},"emcosID":null,"emcosMLID":null,"codMaketTEP":null,"codTEP":null,"WSName":"PS","rangeAddress":"$MT$98:$MT$135","headAddress":"$MT$98","bodyAddress":"$MT$99:$MT$135","_name":"отдача"}},"emcosID":null,"emcosMLID":null,"codMaketTEP":null,"codTEP":null,"WSName":"PS","rangeAddress":"$MS$97:$MT$135","headAddress":"$MS$97:$MT$97","bodyAddress":"$MS$98:$MT$135","_name":"ТП1 Мын Арал тяга"},"DB":{"_level":0,"parentID":"44730c45-c6c3-410e-b4c9-90f6c5b66bad","firstParentID":"44730c45-c6c3-410e-b4c9-90f6c5b66bad","ID":"c34d67ed-2053-4daa-8ed0-6939dfe8c997","childs":{"прием":{"_level":1,"parentID":"c34d67ed-2053-4daa-8ed0-6939dfe8c997","firstParentID":"44730c45-c6c3-410e-b4c9-90f6c5b66bad","ID":"90a951c8-3005-44db-b20d-6e5c47f22593","childs":{"код":{"_level":2,"parentID":"90a951c8-3005-44db-b20d-6e5c47f22593","firstParentID":"44730c45-c6c3-410e-b4c9-90f6c5b66bad","ID":"b543ec23-ef73-4e47-8e55-7bf59b2ec799","childs":null,"emcosID":null,"emcosMLID":null,"codMaketTEP":null,"codTEP":null,"WSName":"DB","rangeAddress":"$AX$95:$AX$132","headAddress":"$AX$95","bodyAddress":"$AX$96:$AX$132","_name":"код"},"основное":{"_level":2,"parentID":"90a951c8-3005-44db-b20d-6e5c47f22593","firstParentID":"44730c45-c6c3-410e-b4c9-90f6c5b66bad","ID":"59152068-e71f-426d-8c27-1dbdb74008ec","childs":null,"emcosID":null,"emcosMLID":null,"codMaketTEP":null,"codTEP":null,"WSName":"DB","rangeAddress":"$AY$95:$AY$132","headAddress":"$AY$95","bodyAddress":"$AY$96:$AY$132","_name":"основное"},"корректировка факт":{"_level":2,"parentID":"90a951c8-3005-44db-b20d-6e5c47f22593","firstParentID":"44730c45-c6c3-410e-b4c9-90f6c5b66bad","ID":"bfce78e0-d984-4f88-a6f4-227e29d4373d","childs":null,"emcosID":null,"emcosMLID":null,"codMaketTEP":null,"codTEP":null,"WSName":"DB","rangeAddress":"$AZ$95:$AZ$132","headAddress":"$AZ$95","bodyAddress":"$AZ$96:$AZ$132","_name":"корректировка факт"},"ручное":{"_level":2,"parentID":"90a951c8-3005-44db-b20d-6e5c47f22593","firstParentID":"44730c45-c6c3-410e-b4c9-90f6c5b66bad","ID":"cb8fe6a6-8cba-4009-8756-63437d7aa974","childs":null,"emcosID":null,"emcosMLID":null,"codMaketTEP":null,"codTEP":null,"WSName":"DB","rangeAddress":"$BA$95:$BA$132","headAddress":"$BA$95","bodyAddress":"$BA$96:$BA$132","_name":"ручное"}},"emcosID":null,"emcosMLID":null,"codMaketTEP":null,"codTEP":null,"WSName":"DB","rangeAddress":"$AX$94:$BA$132","headAddress":"$AX$94:$BA$94","bodyAddress":"$AX$95:$BA$132","_name":"прием"},"отдача":{"_level":1,"parentID":"c34d67ed-2053-4daa-8ed0-6939dfe8c997","firstParentID":"44730c45-c6c3-410e-b4c9-90f6c5b66bad","ID":"ef521011-2055-42f5-8d83-28319fefed52","childs":{"код":{"_level":2,"parentID":"ef521011-2055-42f5-8d83-28319fefed52","firstParentID":"44730c45-c6c3-410e-b4c9-90f6c5b66bad","ID":"b6d087ea-b09b-41d1-87d8-f24586337f3a","childs":null,"emcosID":null,"emcosMLID":null,"codMaketTEP":null,"codTEP":null,"WSName":"DB","rangeAddress":"$BB$95:$BB$132","headAddress":"$BB$95","bodyAddress":"$BB$96:$BB$132","_name":"код"},"основное":{"_level":2,"parentID":"ef521011-2055-42f5-8d83-28319fefed52","firstParentID":"44730c45-c6c3-410e-b4c9-90f6c5b66bad","ID":"1a3e79bd-cb4c-4e3c-aef0-649511deda0f","childs":null,"emcosID":null,"emcosMLID":null,"codMaketTEP":null,"codTEP":null,"WSName":"DB","rangeAddress":"$BC$95:$BC$132","headAddress":"$BC$95","bodyAddress":"$BC$96:$BC$132","_name":"основное"},"корректировка факт":{"_level":2,"parentID":"ef521011-2055-42f5-8d83-28319fefed52","firstParentID":"44730c45-c6c3-410e-b4c9-90f6c5b66bad","ID":"54242ade-1028-4f38-a002-01ecfded643d","childs":null,"emcosID":null,"emcosMLID":null,"codMaketTEP":null,"codTEP":null,"WSName":"DB","rangeAddress":"$BD$95:$BD$132","headAddress":"$BD$95","bodyAddress":"$BD$96:$BD$132","_name":"корректировка факт"},"ручное":{"_level":2,"parentID":"ef521011-2055-42f5-8d83-28319fefed52","firstParentID":"44730c45-c6c3-410e-b4c9-90f6c5b66bad","ID":"8d81a9cb-3207-4e14-aadc-174a20bf2b16","childs":null,"emcosID":null,"emcosMLID":null,"codMaketTEP":null,"codTEP":null,"WSName":"DB","rangeAddress":"$BE$95:$BE$132","headAddress":"$BE$95","bodyAddress":"$BE$96:$BE$132","_name":"ручное"}},"emcosID":null,"emcosMLID":null,"codMaketTEP":null,"codTEP":null,"WSName":"DB","rangeAddress":"$BB$94:$BE$132","headAddress":"$BB$94:$BE$94","bodyAddress":"$BB$95:$BE$132","_name":"отдача"}},"emcosID":null,"emcosMLID":null,"codMaketTEP":null,"codTEP":null,"WSName":"DB","rangeAddress":"$AX$93:$BE$132","headAddress":"$AX$93:$BE$93","bodyAddress":"$AX$94:$BE$132","_name":"ТП1 Мын Арал тяга"}},"codPlan":null,"meterCoef":null,"_name":"ТП1 Мын Арал тяга"}