{"ID":"4672f91b-0e33-4eb4-a42c-3e876a49fbd2","childs":{"PS":{"_level":0,"parentID":"4672f91b-0e33-4eb4-a42c-3e876a49fbd2","firstParentID":"4672f91b-0e33-4eb4-a42c-3e876a49fbd2","ID":"08607ee1-93d8-4ca7-bc9d-a03c2a43d804","childs":{"прием":{"_level":1,"parentID":"08607ee1-93d8-4ca7-bc9d-a03c2a43d804","firstParentID":"4672f91b-0e33-4eb4-a42c-3e876a49fbd2","ID":"b9c7c3b1-d790-41d4-833e-4b2f724e8e0b","childs":{"ручное":{"_level":2,"parentID":"b9c7c3b1-d790-41d4-833e-4b2f724e8e0b","firstParentID":"4672f91b-0e33-4eb4-a42c-3e876a49fbd2","ID":"9303c031-631e-482e-ac13-a609bc3eaa89","childs":null,"emcosID":null,"emcosMLID":null,"codMaketTEP":null,"codTEP":null,"WSName":"PS","rangeAddress":"$HY$99:$HY$135","headAddress":"$HY$99","bodyAddress":"$HY$100:$HY$135","_name":"ручное"}},"emcosID":null,"emcosMLID":null,"codMaketTEP":null,"codTEP":null,"WSName":"PS","rangeAddress":"$HY$98:$HY$135","headAddress":"$HY$98","bodyAddress":"$HY$99:$HY$135","_name":"прием"},"отдача":{"_level":1,"parentID":"08607ee1-93d8-4ca7-bc9d-a03c2a43d804","firstParentID":"4672f91b-0e33-4eb4-a42c-3e876a49fbd2","ID":"90355ac1-eae7-43df-87ff-deb9f8773a8e","childs":{"ручное":{"_level":2,"parentID":"90355ac1-eae7-43df-87ff-deb9f8773a8e","firstParentID":"4672f91b-0e33-4eb4-a42c-3e876a49fbd2","ID":"a4894017-0163-4a89-a48d-e05a8e1a30bb","childs":null,"emcosID":null,"emcosMLID":null,"codMaketTEP":null,"codTEP":null,"WSName":"PS","rangeAddress":"$HZ$99:$HZ$135","headAddress":"$HZ$99","bodyAddress":"$HZ$100:$HZ$135","_name":"ручное"}},"emcosID":null,"emcosMLID":null,"codMaketTEP":null,"codTEP":null,"WSName":"PS","rangeAddress":"$HZ$98:$HZ$135","headAddress":"$HZ$98","bodyAddress":"$HZ$99:$HZ$135","_name":"отдача"}},"emcosID":null,"emcosMLID":null,"codMaketTEP":null,"codTEP":null,"WSName":"PS","rangeAddress":"$HY$97:$HZ$135","headAddress":"$HY$97:$HZ$97","bodyAddress":"$HY$98:$HZ$135","_name":"ТП2 Кияхты тяга"},"DB":{"_level":0,"parentID":"4672f91b-0e33-4eb4-a42c-3e876a49fbd2","firstParentID":"4672f91b-0e33-4eb4-a42c-3e876a49fbd2","ID":"13ab0ed5-4971-4018-bb46-60eef818541a","childs":{"прием":{"_level":1,"parentID":"13ab0ed5-4971-4018-bb46-60eef818541a","firstParentID":"4672f91b-0e33-4eb4-a42c-3e876a49fbd2","ID":"d0f72ad5-ecc5-47e6-b63c-8b7c11dc5c2e","childs":{"код":{"_level":2,"parentID":"d0f72ad5-ecc5-47e6-b63c-8b7c11dc5c2e","firstParentID":"4672f91b-0e33-4eb4-a42c-3e876a49fbd2","ID":"70719e24-4b42-4b74-a8be-a580da910d97","childs":null,"emcosID":null,"emcosMLID":null,"codMaketTEP":null,"codTEP":null,"WSName":"DB","rangeAddress":"$AT$353:$AT$390","headAddress":"$AT$353","bodyAddress":"$AT$354:$AT$390","_name":"код"},"основное":{"_level":2,"parentID":"d0f72ad5-ecc5-47e6-b63c-8b7c11dc5c2e","firstParentID":"4672f91b-0e33-4eb4-a42c-3e876a49fbd2","ID":"b687c818-6659-4405-ad14-334e8bf8754a","childs":null,"emcosID":null,"emcosMLID":null,"codMaketTEP":null,"codTEP":null,"WSName":"DB","rangeAddress":"$AU$353:$AU$390","headAddress":"$AU$353","bodyAddress":"$AU$354:$AU$390","_name":"основное"},"корректировка факт":{"_level":2,"parentID":"d0f72ad5-ecc5-47e6-b63c-8b7c11dc5c2e","firstParentID":"4672f91b-0e33-4eb4-a42c-3e876a49fbd2","ID":"fa706ec3-beda-48c1-b307-d27e825ce657","childs":null,"emcosID":null,"emcosMLID":null,"codMaketTEP":null,"codTEP":null,"WSName":"DB","rangeAddress":"$AV$353:$AV$390","headAddress":"$AV$353","bodyAddress":"$AV$354:$AV$390","_name":"корректировка факт"},"ручное":{"_level":2,"parentID":"d0f72ad5-ecc5-47e6-b63c-8b7c11dc5c2e","firstParentID":"4672f91b-0e33-4eb4-a42c-3e876a49fbd2","ID":"29c92ce2-a252-4243-91c7-a48c327a79de","childs":null,"emcosID":null,"emcosMLID":null,"codMaketTEP":null,"codTEP":null,"WSName":"DB","rangeAddress":"$AW$353:$AW$390","headAddress":"$AW$353","bodyAddress":"$AW$354:$AW$390","_name":"ручное"}},"emcosID":null,"emcosMLID":null,"codMaketTEP":null,"codTEP":null,"WSName":"DB","rangeAddress":"$AT$352:$AW$390","headAddress":"$AT$352:$AW$352","bodyAddress":"$AT$353:$AW$390","_name":"прием"},"отдача":{"_level":1,"parentID":"13ab0ed5-4971-4018-bb46-60eef818541a","firstParentID":"4672f91b-0e33-4eb4-a42c-3e876a49fbd2","ID":"9fe76c86-3b40-4e60-8d86-710177e0d895","childs":{"код":{"_level":2,"parentID":"9fe76c86-3b40-4e60-8d86-710177e0d895","firstParentID":"4672f91b-0e33-4eb4-a42c-3e876a49fbd2","ID":"30622c33-0062-42c1-982b-122f77e6c783","childs":null,"emcosID":null,"emcosMLID":null,"codMaketTEP":null,"codTEP":null,"WSName":"DB","rangeAddress":"$AX$353:$AX$390","headAddress":"$AX$353","bodyAddress":"$AX$354:$AX$390","_name":"код"},"основное":{"_level":2,"parentID":"9fe76c86-3b40-4e60-8d86-710177e0d895","firstParentID":"4672f91b-0e33-4eb4-a42c-3e876a49fbd2","ID":"4eb0f445-cf63-4964-9616-004ae32e2465","childs":null,"emcosID":null,"emcosMLID":null,"codMaketTEP":null,"codTEP":null,"WSName":"DB","rangeAddress":"$AY$353:$AY$390","headAddress":"$AY$353","bodyAddress":"$AY$354:$AY$390","_name":"основное"},"корректировка факт":{"_level":2,"parentID":"9fe76c86-3b40-4e60-8d86-710177e0d895","firstParentID":"4672f91b-0e33-4eb4-a42c-3e876a49fbd2","ID":"9c9e7c09-3293-4b66-8d29-48284c609f55","childs":null,"emcosID":null,"emcosMLID":null,"codMaketTEP":null,"codTEP":null,"WSName":"DB","rangeAddress":"$AZ$353:$AZ$390","headAddress":"$AZ$353","bodyAddress":"$AZ$354:$AZ$390","_name":"корректировка факт"},"ручное":{"_level":2,"parentID":"9fe76c86-3b40-4e60-8d86-710177e0d895","firstParentID":"4672f91b-0e33-4eb4-a42c-3e876a49fbd2","ID":"1f344acc-4e78-4171-ac46-714b110a5634","childs":null,"emcosID":null,"emcosMLID":null,"codMaketTEP":null,"codTEP":null,"WSName":"DB","rangeAddress":"$BA$353:$BA$390","headAddress":"$BA$353","bodyAddress":"$BA$354:$BA$390","_name":"ручное"}},"emcosID":null,"emcosMLID":null,"codMaketTEP":null,"codTEP":null,"WSName":"DB","rangeAddress":"$AX$352:$BA$390","headAddress":"$AX$352:$BA$352","bodyAddress":"$AX$353:$BA$390","_name":"отдача"}},"emcosID":null,"emcosMLID":null,"codMaketTEP":null,"codTEP":null,"WSName":"DB","rangeAddress":"$AT$351:$BA$390","headAddress":"$AT$351:$BA$351","bodyAddress":"$AT$352:$BA$390","_name":"ТП2 Кияхты тяга"}},"codPlan":null,"meterCoef":null,"_name":"ТП2 Кияхты тяга"}