{"ID":"4672f91b-0e33-4eb4-a42c-3e876a49fbd2","childs":{"PS":{"_level":0,"parentID":"4672f91b-0e33-4eb4-a42c-3e876a49fbd2","firstParentID":"4672f91b-0e33-4eb4-a42c-3e876a49fbd2","ID":"08607ee1-93d8-4ca7-bc9d-a03c2a43d804","childs":{"прием":{"_level":1,"parentID":"08607ee1-93d8-4ca7-bc9d-a03c2a43d804","firstParentID":"4672f91b-0e33-4eb4-a42c-3e876a49fbd2","ID":"b9c7c3b1-d790-41d4-833e-4b2f724e8e0b","childs":{"ручное":{"_level":2,"parentID":"b9c7c3b1-d790-41d4-833e-4b2f724e8e0b","firstParentID":"4672f91b-0e33-4eb4-a42c-3e876a49fbd2","ID":"9303c031-631e-482e-ac13-a609bc3eaa89","childs":null,"emcosID":null,"emcosMLID":null,"codMaketTEP":null,"codTEP":null,"WSName":"PS","rangeAddress":"$OJ$99:$OJ$135","headAddress":"$OJ$99","bodyAddress":"$OJ$100:$OJ$135","_name":"ручное"}},"emcosID":null,"emcosMLID":null,"codMaketTEP":null,"codTEP":null,"WSName":"PS","rangeAddress":"$OJ$98:$OJ$135","headAddress":"$OJ$98","bodyAddress":"$OJ$99:$OJ$135","_name":"прием"},"отдача":{"_level":1,"parentID":"08607ee1-93d8-4ca7-bc9d-a03c2a43d804","firstParentID":"4672f91b-0e33-4eb4-a42c-3e876a49fbd2","ID":"90355ac1-eae7-43df-87ff-deb9f8773a8e","childs":{"ручное":{"_level":2,"parentID":"90355ac1-eae7-43df-87ff-deb9f8773a8e","firstParentID":"4672f91b-0e33-4eb4-a42c-3e876a49fbd2","ID":"a4894017-0163-4a89-a48d-e05a8e1a30bb","childs":null,"emcosID":null,"emcosMLID":null,"codMaketTEP":null,"codTEP":null,"WSName":"PS","rangeAddress":"$OK$99:$OK$135","headAddress":"$OK$99","bodyAddress":"$OK$100:$OK$135","_name":"ручное"}},"emcosID":null,"emcosMLID":null,"codMaketTEP":null,"codTEP":null,"WSName":"PS","rangeAddress":"$OK$98:$OK$135","headAddress":"$OK$98","bodyAddress":"$OK$99:$OK$135","_name":"отдача"}},"emcosID":null,"emcosMLID":null,"codMaketTEP":null,"codTEP":null,"WSName":"PS","rangeAddress":"$OJ$97:$OK$135","headAddress":"$OJ$97:$OK$97","bodyAddress":"$OJ$98:$OK$135","_name":"ТП2 Кияхты тяга"},"DB":{"_level":0,"parentID":"4672f91b-0e33-4eb4-a42c-3e876a49fbd2","firstParentID":"4672f91b-0e33-4eb4-a42c-3e876a49fbd2","ID":"13ab0ed5-4971-4018-bb46-60eef818541a","childs":{"прием":{"_level":1,"parentID":"13ab0ed5-4971-4018-bb46-60eef818541a","firstParentID":"4672f91b-0e33-4eb4-a42c-3e876a49fbd2","ID":"d0f72ad5-ecc5-47e6-b63c-8b7c11dc5c2e","childs":{"код":{"_level":2,"parentID":"d0f72ad5-ecc5-47e6-b63c-8b7c11dc5c2e","firstParentID":"4672f91b-0e33-4eb4-a42c-3e876a49fbd2","ID":"70719e24-4b42-4b74-a8be-a580da910d97","childs":null,"emcosID":null,"emcosMLID":null,"codMaketTEP":null,"codTEP":null,"WSName":"DB","rangeAddress":"$V$353:$V$390","headAddress":"$V$353","bodyAddress":"$V$354:$V$390","_name":"код"},"основное":{"_level":2,"parentID":"d0f72ad5-ecc5-47e6-b63c-8b7c11dc5c2e","firstParentID":"4672f91b-0e33-4eb4-a42c-3e876a49fbd2","ID":"b687c818-6659-4405-ad14-334e8bf8754a","childs":null,"emcosID":null,"emcosMLID":null,"codMaketTEP":null,"codTEP":null,"WSName":"DB","rangeAddress":"$W$353:$W$390","headAddress":"$W$353","bodyAddress":"$W$354:$W$390","_name":"основное"},"корректировка факт":{"_level":2,"parentID":"d0f72ad5-ecc5-47e6-b63c-8b7c11dc5c2e","firstParentID":"4672f91b-0e33-4eb4-a42c-3e876a49fbd2","ID":"fa706ec3-beda-48c1-b307-d27e825ce657","childs":null,"emcosID":null,"emcosMLID":null,"codMaketTEP":null,"codTEP":null,"WSName":"DB","rangeAddress":"$X$353:$X$390","headAddress":"$X$353","bodyAddress":"$X$354:$X$390","_name":"корректировка факт"},"ручное":{"_level":2,"parentID":"d0f72ad5-ecc5-47e6-b63c-8b7c11dc5c2e","firstParentID":"4672f91b-0e33-4eb4-a42c-3e876a49fbd2","ID":"29c92ce2-a252-4243-91c7-a48c327a79de","childs":null,"emcosID":null,"emcosMLID":null,"codMaketTEP":null,"codTEP":null,"WSName":"DB","rangeAddress":"$Y$353:$Y$390","headAddress":"$Y$353","bodyAddress":"$Y$354:$Y$390","_name":"ручное"}},"emcosID":null,"emcosMLID":null,"codMaketTEP":null,"codTEP":null,"WSName":"DB","rangeAddress":"$V$352:$Y$390","headAddress":"$V$352:$Y$352","bodyAddress":"$V$353:$Y$390","_name":"прием"},"отдача":{"_level":1,"parentID":"13ab0ed5-4971-4018-bb46-60eef818541a","firstParentID":"4672f91b-0e33-4eb4-a42c-3e876a49fbd2","ID":"9fe76c86-3b40-4e60-8d86-710177e0d895","childs":{"код":{"_level":2,"parentID":"9fe76c86-3b40-4e60-8d86-710177e0d895","firstParentID":"4672f91b-0e33-4eb4-a42c-3e876a49fbd2","ID":"30622c33-0062-42c1-982b-122f77e6c783","childs":null,"emcosID":null,"emcosMLID":null,"codMaketTEP":null,"codTEP":null,"WSName":"DB","rangeAddress":"$Z$353:$Z$390","headAddress":"$Z$353","bodyAddress":"$Z$354:$Z$390","_name":"код"},"основное":{"_level":2,"parentID":"9fe76c86-3b40-4e60-8d86-710177e0d895","firstParentID":"4672f91b-0e33-4eb4-a42c-3e876a49fbd2","ID":"4eb0f445-cf63-4964-9616-004ae32e2465","childs":null,"emcosID":null,"emcosMLID":null,"codMaketTEP":null,"codTEP":null,"WSName":"DB","rangeAddress":"$AA$353:$AA$390","headAddress":"$AA$353","bodyAddress":"$AA$354:$AA$390","_name":"основное"},"корректировка факт":{"_level":2,"parentID":"9fe76c86-3b40-4e60-8d86-710177e0d895","firstParentID":"4672f91b-0e33-4eb4-a42c-3e876a49fbd2","ID":"9c9e7c09-3293-4b66-8d29-48284c609f55","childs":null,"emcosID":null,"emcosMLID":null,"codMaketTEP":null,"codTEP":null,"WSName":"DB","rangeAddress":"$AB$353:$AB$390","headAddress":"$AB$353","bodyAddress":"$AB$354:$AB$390","_name":"корректировка факт"},"ручное":{"_level":2,"parentID":"9fe76c86-3b40-4e60-8d86-710177e0d895","firstParentID":"4672f91b-0e33-4eb4-a42c-3e876a49fbd2","ID":"1f344acc-4e78-4171-ac46-714b110a5634","childs":null,"emcosID":null,"emcosMLID":null,"codMaketTEP":null,"codTEP":null,"WSName":"DB","rangeAddress":"$AC$353:$AC$390","headAddress":"$AC$353","bodyAddress":"$AC$354:$AC$390","_name":"ручное"}},"emcosID":null,"emcosMLID":null,"codMaketTEP":null,"codTEP":null,"WSName":"DB","rangeAddress":"$Z$352:$AC$390","headAddress":"$Z$352:$AC$352","bodyAddress":"$Z$353:$AC$390","_name":"отдача"}},"emcosID":null,"emcosMLID":null,"codMaketTEP":null,"codTEP":null,"WSName":"DB","rangeAddress":"$V$351:$AC$390","headAddress":"$V$351:$AC$351","bodyAddress":"$V$352:$AC$390","_name":"ТП2 Кияхты тяга"}},"codPlan":null,"meterCoef":null,"_name":"ТП2 Кияхты тяга"}