{"ID":"4889cffa-cfee-4ffd-8f44-5274cfa42c1f","childs":{"PS":{"_level":0,"parentID":"4889cffa-cfee-4ffd-8f44-5274cfa42c1f","firstParentID":"4889cffa-cfee-4ffd-8f44-5274cfa42c1f","ID":"81e2dc08-fc0a-4686-be12-d0f3518e0e3a","childs":{"прием":{"_level":1,"parentID":"81e2dc08-fc0a-4686-be12-d0f3518e0e3a","firstParentID":"4889cffa-cfee-4ffd-8f44-5274cfa42c1f","ID":"6c5fe1e1-8adb-438c-aee6-ad02bacdb4fb","childs":{"по счетчику":{"_level":2,"parentID":"6c5fe1e1-8adb-438c-aee6-ad02bacdb4fb","firstParentID":"4889cffa-cfee-4ffd-8f44-5274cfa42c1f","ID":"a4a0687a-cab3-4093-807d-d8ab15843c51","childs":null,"emcosID":null,"emcosMLID":null,"codMaketTEP":null,"codTEP":null,"WSName":"PS","rangeAddress":"$AM$99:$AM$135","headAddress":"$AM$99","bodyAddress":"$AM$100:$AM$135","_name":"по счетчику"},"СЧЕТЧИК":{"_level":2,"parentID":"6c5fe1e1-8adb-438c-aee6-ad02bacdb4fb","firstParentID":"4889cffa-cfee-4ffd-8f44-5274cfa42c1f","ID":"efd152cb-b827-4f24-ae7b-04ea71a195b9","childs":null,"emcosID":null,"emcosMLID":null,"codMaketTEP":null,"codTEP":null,"WSName":"PS","rangeAddress":"$AN$99:$AN$135","headAddress":"$AN$99","bodyAddress":"$AN$100:$AN$135","_name":"СЧЕТЧИК"}},"emcosID":null,"emcosMLID":null,"codMaketTEP":null,"codTEP":null,"WSName":"PS","rangeAddress":"$AM$98:$AN$135","headAddress":"$AM$98:$AN$98","bodyAddress":"$AM$99:$AN$135","_name":"прием"}},"emcosID":null,"emcosMLID":null,"codMaketTEP":null,"codTEP":null,"WSName":"PS","rangeAddress":"$AM$97:$AN$135","headAddress":"$AM$97:$AN$97","bodyAddress":"$AM$98:$AN$135","_name":"ТСН3 ОРУ 220 МГЭС"},"DB":{"_level":0,"parentID":"4889cffa-cfee-4ffd-8f44-5274cfa42c1f","firstParentID":"4889cffa-cfee-4ffd-8f44-5274cfa42c1f","ID":"3c3a85b2-d915-4855-90cd-35d8a4690e1f","childs":{"прием":{"_level":1,"parentID":"3c3a85b2-d915-4855-90cd-35d8a4690e1f","firstParentID":"4889cffa-cfee-4ffd-8f44-5274cfa42c1f","ID":"5401516b-8655-4f25-a07d-36fcd0d3e04c","childs":{"код":{"_level":2,"parentID":"5401516b-8655-4f25-a07d-36fcd0d3e04c","firstParentID":"4889cffa-cfee-4ffd-8f44-5274cfa42c1f","ID":"fb63b743-1a55-4846-b41b-f1de9574e720","childs":null,"emcosID":null,"emcosMLID":null,"codMaketTEP":null,"codTEP":null,"WSName":"DB","rangeAddress":"$CD$353:$CD$390","headAddress":"$CD$353","bodyAddress":"$CD$354:$CD$390","_name":"код"},"основное":{"_level":2,"parentID":"5401516b-8655-4f25-a07d-36fcd0d3e04c","firstParentID":"4889cffa-cfee-4ffd-8f44-5274cfa42c1f","ID":"784cc64b-b9ab-4df5-aa12-366c1cf51ce2","childs":null,"emcosID":null,"emcosMLID":null,"codMaketTEP":null,"codTEP":null,"WSName":"DB","rangeAddress":"$CE$353:$CE$390","headAddress":"$CE$353","bodyAddress":"$CE$354:$CE$390","_name":"основное"},"корректировка факт":{"_level":2,"parentID":"5401516b-8655-4f25-a07d-36fcd0d3e04c","firstParentID":"4889cffa-cfee-4ffd-8f44-5274cfa42c1f","ID":"9baa3ed7-05d1-455b-a7a7-c43aa744a911","childs":null,"emcosID":null,"emcosMLID":null,"codMaketTEP":null,"codTEP":null,"WSName":"DB","rangeAddress":"$CF$353:$CF$390","headAddress":"$CF$353","bodyAddress":"$CF$354:$CF$390","_name":"корректировка факт"},"ручное":{"_level":2,"parentID":"5401516b-8655-4f25-a07d-36fcd0d3e04c","firstParentID":"4889cffa-cfee-4ffd-8f44-5274cfa42c1f","ID":"37485a3a-9874-4681-8b6e-43c97abac57c","childs":null,"emcosID":null,"emcosMLID":null,"codMaketTEP":null,"codTEP":null,"WSName":"DB","rangeAddress":"$CG$353:$CG$390","headAddress":"$CG$353","bodyAddress":"$CG$354:$CG$390","_name":"ручное"},"счетчик":{"_level":2,"parentID":"5401516b-8655-4f25-a07d-36fcd0d3e04c","firstParentID":"4889cffa-cfee-4ffd-8f44-5274cfa42c1f","ID":"c5b2c40b-61ba-4f3d-82b0-9d0ce0c96b6d","childs":null,"emcosID":null,"emcosMLID":null,"codMaketTEP":null,"codTEP":null,"WSName":"DB","rangeAddress":"$CH$353:$CH$390","headAddress":"$CH$353","bodyAddress":"$CH$354:$CH$390","_name":"счетчик"},"по счетчику":{"_level":2,"parentID":"5401516b-8655-4f25-a07d-36fcd0d3e04c","firstParentID":"4889cffa-cfee-4ffd-8f44-5274cfa42c1f","ID":"e0aad1d6-2078-4f56-b99e-50a4219be1ce","childs":null,"emcosID":null,"emcosMLID":null,"codMaketTEP":null,"codTEP":null,"WSName":"DB","rangeAddress":"$CI$353:$CI$390","headAddress":"$CI$353","bodyAddress":"$CI$354:$CI$390","_name":"по счетчику"}},"emcosID":null,"emcosMLID":null,"codMaketTEP":null,"codTEP":null,"WSName":"DB","rangeAddress":"$CD$352:$CI$390","headAddress":"$CD$352:$CI$352","bodyAddress":"$CD$353:$CI$390","_name":"прием"}},"emcosID":null,"emcosMLID":null,"codMaketTEP":null,"codTEP":null,"WSName":"DB","rangeAddress":"$CD$351:$CI$390","headAddress":"$CD$351:$CI$351","bodyAddress":"$CD$352:$CI$390","_name":"ТСН3 ОРУ 220 МГЭС"}},"codPlan":null,"meterCoef":null,"_name":"ТСН3 ОРУ 220 МГЭС"}