{"ID":"4a17be9a-aaef-4169-a99b-ae398c24220f","childs":{"PS":{"_level":0,"parentID":"4a17be9a-aaef-4169-a99b-ae398c24220f","firstParentID":"4a17be9a-aaef-4169-a99b-ae398c24220f","ID":"d038f3c5-5584-4bc1-bb7a-437087c3dee2","childs":{"прием":{"_level":1,"parentID":"d038f3c5-5584-4bc1-bb7a-437087c3dee2","firstParentID":"4a17be9a-aaef-4169-a99b-ae398c24220f","ID":"37d3964b-3334-42ec-bddf-f370f3e4cc24","childs":{"формула":{"_level":2,"parentID":"37d3964b-3334-42ec-bddf-f370f3e4cc24","firstParentID":"4a17be9a-aaef-4169-a99b-ae398c24220f","ID":"4e9061ea-417e-43b6-901f-83030664b7fe","childs":null,"emcosID":null,"emcosMLID":null,"codMaketTEP":null,"codTEP":null,"WSName":"PS","rangeAddress":"$BZ$185:$BZ$221","headAddress":"$BZ$185","bodyAddress":"$BZ$186:$BZ$221","_name":"формула"}},"emcosID":null,"emcosMLID":null,"codMaketTEP":null,"codTEP":null,"WSName":"PS","rangeAddress":"$BZ$184:$BZ$221","headAddress":"$BZ$184","bodyAddress":"$BZ$185:$BZ$221","_name":"прием"}},"emcosID":null,"emcosMLID":null,"codMaketTEP":null,"codTEP":null,"WSName":"PS","rangeAddress":"$BZ$183:$BZ$221","headAddress":"$BZ$183","bodyAddress":"$BZ$184:$BZ$221","_name":"с.н. станции АлЭС"},"DB":{"_level":0,"parentID":"4a17be9a-aaef-4169-a99b-ae398c24220f","firstParentID":"4a17be9a-aaef-4169-a99b-ae398c24220f","ID":"7a5daaee-c859-41a7-9c64-51b777e1c13b","childs":{"прием":{"_level":1,"parentID":"7a5daaee-c859-41a7-9c64-51b777e1c13b","firstParentID":"4a17be9a-aaef-4169-a99b-ae398c24220f","ID":"b479a7f7-8a9d-42c8-ad0f-7f8494c96b75","childs":{"код":{"_level":2,"parentID":"b479a7f7-8a9d-42c8-ad0f-7f8494c96b75","firstParentID":"4a17be9a-aaef-4169-a99b-ae398c24220f","ID":"1c7d78cc-2786-46a0-97ac-3b53fcbfc3e9","childs":null,"emcosID":null,"emcosMLID":null,"codMaketTEP":null,"codTEP":null,"WSName":"DB","rangeAddress":"$BG$482:$BG$519","headAddress":"$BG$482","bodyAddress":"$BG$483:$BG$519","_name":"код"},"основное":{"_level":2,"parentID":"b479a7f7-8a9d-42c8-ad0f-7f8494c96b75","firstParentID":"4a17be9a-aaef-4169-a99b-ae398c24220f","ID":"26eebafa-d4b4-4b31-844c-083e89cdffa2","childs":null,"emcosID":null,"emcosMLID":null,"codMaketTEP":null,"codTEP":null,"WSName":"DB","rangeAddress":"$BH$482:$BH$519","headAddress":"$BH$482","bodyAddress":"$BH$483:$BH$519","_name":"основное"},"корректировка факт":{"_level":2,"parentID":"b479a7f7-8a9d-42c8-ad0f-7f8494c96b75","firstParentID":"4a17be9a-aaef-4169-a99b-ae398c24220f","ID":"530b91e7-9212-4f71-9b4f-43f9de26c6d6","childs":null,"emcosID":null,"emcosMLID":null,"codMaketTEP":null,"codTEP":null,"WSName":"DB","rangeAddress":"$BI$482:$BI$519","headAddress":"$BI$482","bodyAddress":"$BI$483:$BI$519","_name":"корректировка факт"},"ручное":{"_level":2,"parentID":"b479a7f7-8a9d-42c8-ad0f-7f8494c96b75","firstParentID":"4a17be9a-aaef-4169-a99b-ae398c24220f","ID":"733b1e8b-8fbe-462c-89c9-cdfed2aea1c4","childs":null,"emcosID":null,"emcosMLID":null,"codMaketTEP":null,"codTEP":null,"WSName":"DB","rangeAddress":"$BJ$482:$BJ$519","headAddress":"$BJ$482","bodyAddress":"$BJ$483:$BJ$519","_name":"ручное"},"формула":{"_level":2,"parentID":"b479a7f7-8a9d-42c8-ad0f-7f8494c96b75","firstParentID":"4a17be9a-aaef-4169-a99b-ae398c24220f","ID":"bd3765e4-6e10-437a-8dfa-103b9dfc3b99","childs":null,"emcosID":null,"emcosMLID":null,"codMaketTEP":null,"codTEP":null,"WSName":"DB","rangeAddress":"$BK$482:$BK$519","headAddress":"$BK$482","bodyAddress":"$BK$483:$BK$519","_name":"формула"}},"emcosID":null,"emcosMLID":null,"codMaketTEP":null,"codTEP":null,"WSName":"DB","rangeAddress":"$BG$481:$BK$519","headAddress":"$BG$481:$BK$481","bodyAddress":"$BG$482:$BK$519","_name":"прием"}},"emcosID":null,"emcosMLID":null,"codMaketTEP":null,"codTEP":null,"WSName":"DB","rangeAddress":"$BG$480:$BK$519","headAddress":"$BG$480:$BK$480","bodyAddress":"$BG$481:$BK$519","_name":"с.н. станции АлЭС"}},"codPlan":null,"meterCoef":null,"_name":"с.н. станции АлЭС"}