{"ID":"4c79a900-c5df-4833-b086-0eddec3d0eb3","childs":{"PS":{"_level":0,"parentID":"4c79a900-c5df-4833-b086-0eddec3d0eb3","firstParentID":"4c79a900-c5df-4833-b086-0eddec3d0eb3","ID":"297aad7f-b68c-4225-b2ed-bd3f05520492","childs":{"прием":{"_level":1,"parentID":"297aad7f-b68c-4225-b2ed-bd3f05520492","firstParentID":"4c79a900-c5df-4833-b086-0eddec3d0eb3","ID":"9afa3ea7-acdc-414d-aa2a-26b133b8d734","childs":{"оперативное":{"_level":2,"parentID":"9afa3ea7-acdc-414d-aa2a-26b133b8d734","firstParentID":"4c79a900-c5df-4833-b086-0eddec3d0eb3","ID":"f6a38838-a9b2-4ce6-8b84-c9dab87fb14b","childs":null,"emcosID":null,"emcosMLID":null,"codMaketTEP":null,"codTEP":null,"WSName":"PS","rangeAddress":"$EV$99:$EV$135","headAddress":"$EV$99","bodyAddress":"$EV$100:$EV$135","_name":"оперативное"}},"emcosID":null,"emcosMLID":null,"codMaketTEP":null,"codTEP":null,"WSName":"PS","rangeAddress":"$EV$98:$EV$135","headAddress":"$EV$98","bodyAddress":"$EV$99:$EV$135","_name":"прием"},"отдача":{"_level":1,"parentID":"297aad7f-b68c-4225-b2ed-bd3f05520492","firstParentID":"4c79a900-c5df-4833-b086-0eddec3d0eb3","ID":"1e1984b1-2f70-437b-8030-bd4862668b57","childs":{"оперативное":{"_level":2,"parentID":"1e1984b1-2f70-437b-8030-bd4862668b57","firstParentID":"4c79a900-c5df-4833-b086-0eddec3d0eb3","ID":"c7a7f042-4e83-4bd7-8817-587b739027d4","childs":null,"emcosID":null,"emcosMLID":null,"codMaketTEP":null,"codTEP":null,"WSName":"PS","rangeAddress":"$EW$99:$EW$135","headAddress":"$EW$99","bodyAddress":"$EW$100:$EW$135","_name":"оперативное"}},"emcosID":null,"emcosMLID":null,"codMaketTEP":null,"codTEP":null,"WSName":"PS","rangeAddress":"$EW$98:$EW$135","headAddress":"$EW$98","bodyAddress":"$EW$99:$EW$135","_name":"отдача"}},"emcosID":null,"emcosMLID":null,"codMaketTEP":null,"codTEP":null,"WSName":"PS","rangeAddress":"$EV$97:$EW$135","headAddress":"$EV$97:$EW$97","bodyAddress":"$EV$98:$EW$135","_name":"Л2413 Бесагаш Кенсай 166А"},"DB":{"_level":0,"parentID":"4c79a900-c5df-4833-b086-0eddec3d0eb3","firstParentID":"4c79a900-c5df-4833-b086-0eddec3d0eb3","ID":"18ac0eb8-e552-4281-b8df-de2c3f260bf9","childs":{"прием":{"_level":1,"parentID":"18ac0eb8-e552-4281-b8df-de2c3f260bf9","firstParentID":"4c79a900-c5df-4833-b086-0eddec3d0eb3","ID":"6fbdbf09-59fd-4abb-bc19-d2b13f6b0352","childs":{"код":{"_level":2,"parentID":"6fbdbf09-59fd-4abb-bc19-d2b13f6b0352","firstParentID":"4c79a900-c5df-4833-b086-0eddec3d0eb3","ID":"e327cc97-df2e-434d-a9c1-48ad844613d0","childs":null,"emcosID":null,"emcosMLID":null,"codMaketTEP":null,"codTEP":null,"WSName":"DB","rangeAddress":"$CE$95:$CE$132","headAddress":"$CE$95","bodyAddress":"$CE$96:$CE$132","_name":"код"},"основное":{"_level":2,"parentID":"6fbdbf09-59fd-4abb-bc19-d2b13f6b0352","firstParentID":"4c79a900-c5df-4833-b086-0eddec3d0eb3","ID":"de30c0f2-a2ce-45bf-8b3b-b405aeb17789","childs":null,"emcosID":null,"emcosMLID":null,"codMaketTEP":null,"codTEP":null,"WSName":"DB","rangeAddress":"$CF$95:$CF$132","headAddress":"$CF$95","bodyAddress":"$CF$96:$CF$132","_name":"основное"},"корректировка факт":{"_level":2,"parentID":"6fbdbf09-59fd-4abb-bc19-d2b13f6b0352","firstParentID":"4c79a900-c5df-4833-b086-0eddec3d0eb3","ID":"8f9697c7-f45b-4617-a792-9fc834ed775a","childs":null,"emcosID":null,"emcosMLID":null,"codMaketTEP":null,"codTEP":null,"WSName":"DB","rangeAddress":"$CG$95:$CG$132","headAddress":"$CG$95","bodyAddress":"$CG$96:$CG$132","_name":"корректировка факт"},"ручное":{"_level":2,"parentID":"6fbdbf09-59fd-4abb-bc19-d2b13f6b0352","firstParentID":"4c79a900-c5df-4833-b086-0eddec3d0eb3","ID":"7da76f82-2efe-4387-a75c-f8a4d4e74b0d","childs":null,"emcosID":null,"emcosMLID":null,"codMaketTEP":null,"codTEP":null,"WSName":"DB","rangeAddress":"$CH$95:$CH$132","headAddress":"$CH$95","bodyAddress":"$CH$96:$CH$132","_name":"ручное"},"оперативное":{"_level":2,"parentID":"6fbdbf09-59fd-4abb-bc19-d2b13f6b0352","firstParentID":"4c79a900-c5df-4833-b086-0eddec3d0eb3","ID":"139c602e-9c60-4603-8d6c-97505d9d1c17","childs":null,"emcosID":null,"emcosMLID":null,"codMaketTEP":null,"codTEP":null,"WSName":"DB","rangeAddress":"$CI$95:$CI$132","headAddress":"$CI$95","bodyAddress":"$CI$96:$CI$132","_name":"оперативное"}},"emcosID":null,"emcosMLID":null,"codMaketTEP":null,"codTEP":null,"WSName":"DB","rangeAddress":"$CE$94:$CI$132","headAddress":"$CE$94:$CI$94","bodyAddress":"$CE$95:$CI$132","_name":"прием"},"отдача":{"_level":1,"parentID":"18ac0eb8-e552-4281-b8df-de2c3f260bf9","firstParentID":"4c79a900-c5df-4833-b086-0eddec3d0eb3","ID":"0f0ee1ba-54c6-43e4-860f-88f694cd28bf","childs":{"код":{"_level":2,"parentID":"0f0ee1ba-54c6-43e4-860f-88f694cd28bf","firstParentID":"4c79a900-c5df-4833-b086-0eddec3d0eb3","ID":"59de6dfd-d404-479f-beec-2969c7d16f94","childs":null,"emcosID":null,"emcosMLID":null,"codMaketTEP":null,"codTEP":null,"WSName":"DB","rangeAddress":"$CJ$95:$CJ$132","headAddress":"$CJ$95","bodyAddress":"$CJ$96:$CJ$132","_name":"код"},"основное":{"_level":2,"parentID":"0f0ee1ba-54c6-43e4-860f-88f694cd28bf","firstParentID":"4c79a900-c5df-4833-b086-0eddec3d0eb3","ID":"0eb9e8c9-6914-46db-9693-a17905fe368a","childs":null,"emcosID":null,"emcosMLID":null,"codMaketTEP":null,"codTEP":null,"WSName":"DB","rangeAddress":"$CK$95:$CK$132","headAddress":"$CK$95","bodyAddress":"$CK$96:$CK$132","_name":"основное"},"корректировка факт":{"_level":2,"parentID":"0f0ee1ba-54c6-43e4-860f-88f694cd28bf","firstParentID":"4c79a900-c5df-4833-b086-0eddec3d0eb3","ID":"6bf528fb-2f97-4406-b8c4-a5b470e2cf8d","childs":null,"emcosID":null,"emcosMLID":null,"codMaketTEP":null,"codTEP":null,"WSName":"DB","rangeAddress":"$CL$95:$CL$132","headAddress":"$CL$95","bodyAddress":"$CL$96:$CL$132","_name":"корректировка факт"},"ручное":{"_level":2,"parentID":"0f0ee1ba-54c6-43e4-860f-88f694cd28bf","firstParentID":"4c79a900-c5df-4833-b086-0eddec3d0eb3","ID":"cfaaa55e-1f53-4383-8863-93075704b66d","childs":null,"emcosID":null,"emcosMLID":null,"codMaketTEP":null,"codTEP":null,"WSName":"DB","rangeAddress":"$CM$95:$CM$132","headAddress":"$CM$95","bodyAddress":"$CM$96:$CM$132","_name":"ручное"},"оперативное":{"_level":2,"parentID":"0f0ee1ba-54c6-43e4-860f-88f694cd28bf","firstParentID":"4c79a900-c5df-4833-b086-0eddec3d0eb3","ID":"b57693ca-6cf9-4f29-9a44-232b09d27e39","childs":null,"emcosID":null,"emcosMLID":null,"codMaketTEP":null,"codTEP":null,"WSName":"DB","rangeAddress":"$CN$95:$CN$132","headAddress":"$CN$95","bodyAddress":"$CN$96:$CN$132","_name":"оперативное"}},"emcosID":null,"emcosMLID":null,"codMaketTEP":null,"codTEP":null,"WSName":"DB","rangeAddress":"$CJ$94:$CN$132","headAddress":"$CJ$94:$CN$94","bodyAddress":"$CJ$95:$CN$132","_name":"отдача"}},"emcosID":null,"emcosMLID":null,"codMaketTEP":null,"codTEP":null,"WSName":"DB","rangeAddress":"$CE$93:$CN$132","headAddress":"$CE$93:$CN$93","bodyAddress":"$CE$94:$CN$132","_name":"Л2413 Бесагаш Кенсай 166А"}},"codPlan":null,"meterCoef":null,"_name":"Л2413 Бесагаш Кенсай 166А"}