{"ID":"514160fb-5ac9-4446-bce1-5c932bdfb508","childs":{"PS":{"_level":0,"parentID":"514160fb-5ac9-4446-bce1-5c932bdfb508","firstParentID":"514160fb-5ac9-4446-bce1-5c932bdfb508","ID":"7c1b091f-7598-4749-90f6-760191c21a38","childs":{"прием":{"_level":1,"parentID":"7c1b091f-7598-4749-90f6-760191c21a38","firstParentID":"514160fb-5ac9-4446-bce1-5c932bdfb508","ID":"c7108462-5f74-4988-a71e-6b1f7b0adc06","childs":{"по счетчику":{"_level":2,"parentID":"c7108462-5f74-4988-a71e-6b1f7b0adc06","firstParentID":"514160fb-5ac9-4446-bce1-5c932bdfb508","ID":"eca047a3-f3b8-46c0-a52e-d6ad60fb8100","childs":null,"emcosID":null,"emcosMLID":null,"codMaketTEP":null,"codTEP":null,"WSName":"PS","rangeAddress":"$EO$56:$EO$92","headAddress":"$EO$56","bodyAddress":"$EO$57:$EO$92","_name":"по счетчику"},"СЧЕТЧИК":{"_level":2,"parentID":"c7108462-5f74-4988-a71e-6b1f7b0adc06","firstParentID":"514160fb-5ac9-4446-bce1-5c932bdfb508","ID":"a4df5e79-59e8-4568-a8eb-c25a475ac200","childs":null,"emcosID":null,"emcosMLID":null,"codMaketTEP":null,"codTEP":null,"WSName":"PS","rangeAddress":"$EP$56:$EP$92","headAddress":"$EP$56","bodyAddress":"$EP$57:$EP$92","_name":"СЧЕТЧИК"}},"emcosID":null,"emcosMLID":null,"codMaketTEP":null,"codTEP":null,"WSName":"PS","rangeAddress":"$EO$55:$EP$92","headAddress":"$EO$55:$EP$55","bodyAddress":"$EO$56:$EP$92","_name":"прием"},"отдача":{"_level":1,"parentID":"7c1b091f-7598-4749-90f6-760191c21a38","firstParentID":"514160fb-5ac9-4446-bce1-5c932bdfb508","ID":"3a10f060-556c-4944-98bc-21ee8fb6b6cc","childs":{"по счетчику":{"_level":2,"parentID":"3a10f060-556c-4944-98bc-21ee8fb6b6cc","firstParentID":"514160fb-5ac9-4446-bce1-5c932bdfb508","ID":"d5cdb438-873e-4d52-936f-2a245bd1632a","childs":null,"emcosID":null,"emcosMLID":null,"codMaketTEP":null,"codTEP":null,"WSName":"PS","rangeAddress":"$EQ$56:$EQ$92","headAddress":"$EQ$56","bodyAddress":"$EQ$57:$EQ$92","_name":"по счетчику"},"СЧЕТЧИК":{"_level":2,"parentID":"3a10f060-556c-4944-98bc-21ee8fb6b6cc","firstParentID":"514160fb-5ac9-4446-bce1-5c932bdfb508","ID":"8225d67e-a62f-4071-a27d-3db3be8e105f","childs":null,"emcosID":null,"emcosMLID":null,"codMaketTEP":null,"codTEP":null,"WSName":"PS","rangeAddress":"$ER$56:$ER$92","headAddress":"$ER$56","bodyAddress":"$ER$57:$ER$92","_name":"СЧЕТЧИК"}},"emcosID":null,"emcosMLID":null,"codMaketTEP":null,"codTEP":null,"WSName":"PS","rangeAddress":"$EQ$55:$ER$92","headAddress":"$EQ$55:$ER$55","bodyAddress":"$EQ$56:$ER$92","_name":"отдача"}},"emcosID":null,"emcosMLID":null,"codMaketTEP":null,"codTEP":null,"WSName":"PS","rangeAddress":"$EO$54:$ER$92","headAddress":"$EO$54:$ER$54","bodyAddress":"$EO$55:$ER$92","_name":"Л2443 Алма"},"DB":{"_level":0,"parentID":"514160fb-5ac9-4446-bce1-5c932bdfb508","firstParentID":"514160fb-5ac9-4446-bce1-5c932bdfb508","ID":"66a508bb-73c7-445a-abb7-2cafc3a5c5b5","childs":{"прием":{"_level":1,"parentID":"66a508bb-73c7-445a-abb7-2cafc3a5c5b5","firstParentID":"514160fb-5ac9-4446-bce1-5c932bdfb508","ID":"76ad3653-30a6-4745-bae4-c2cab3541b35","childs":{"код":{"_level":2,"parentID":"76ad3653-30a6-4745-bae4-c2cab3541b35","firstParentID":"514160fb-5ac9-4446-bce1-5c932bdfb508","ID":"6367edec-f32b-47db-8d08-de046afcab11","childs":null,"emcosID":null,"emcosMLID":null,"codMaketTEP":null,"codTEP":null,"WSName":"DB","rangeAddress":"$CF$396:$CF$433","headAddress":"$CF$396","bodyAddress":"$CF$397:$CF$433","_name":"код"},"основное":{"_level":2,"parentID":"76ad3653-30a6-4745-bae4-c2cab3541b35","firstParentID":"514160fb-5ac9-4446-bce1-5c932bdfb508","ID":"da62c5e2-a891-4a51-9f42-e31efad9fb50","childs":null,"emcosID":null,"emcosMLID":null,"codMaketTEP":null,"codTEP":null,"WSName":"DB","rangeAddress":"$CG$396:$CG$433","headAddress":"$CG$396","bodyAddress":"$CG$397:$CG$433","_name":"основное"},"корректировка факт":{"_level":2,"parentID":"76ad3653-30a6-4745-bae4-c2cab3541b35","firstParentID":"514160fb-5ac9-4446-bce1-5c932bdfb508","ID":"2a66e67f-e38b-4d47-b1de-b7f772e20927","childs":null,"emcosID":null,"emcosMLID":null,"codMaketTEP":null,"codTEP":null,"WSName":"DB","rangeAddress":"$CH$396:$CH$433","headAddress":"$CH$396","bodyAddress":"$CH$397:$CH$433","_name":"корректировка факт"},"ручное":{"_level":2,"parentID":"76ad3653-30a6-4745-bae4-c2cab3541b35","firstParentID":"514160fb-5ac9-4446-bce1-5c932bdfb508","ID":"05fa1817-12d6-4f14-918b-330cf3e061ff","childs":null,"emcosID":null,"emcosMLID":null,"codMaketTEP":null,"codTEP":null,"WSName":"DB","rangeAddress":"$CI$396:$CI$433","headAddress":"$CI$396","bodyAddress":"$CI$397:$CI$433","_name":"ручное"},"счетчик":{"_level":2,"parentID":"76ad3653-30a6-4745-bae4-c2cab3541b35","firstParentID":"514160fb-5ac9-4446-bce1-5c932bdfb508","ID":"aa01d550-39aa-4079-9855-b886a2c9962c","childs":null,"emcosID":null,"emcosMLID":null,"codMaketTEP":null,"codTEP":null,"WSName":"DB","rangeAddress":"$CJ$396:$CJ$433","headAddress":"$CJ$396","bodyAddress":"$CJ$397:$CJ$433","_name":"счетчик"},"по счетчику":{"_level":2,"parentID":"76ad3653-30a6-4745-bae4-c2cab3541b35","firstParentID":"514160fb-5ac9-4446-bce1-5c932bdfb508","ID":"d758a222-a99e-4081-838a-e02e52d0efae","childs":null,"emcosID":null,"emcosMLID":null,"codMaketTEP":null,"codTEP":null,"WSName":"DB","rangeAddress":"$CK$396:$CK$433","headAddress":"$CK$396","bodyAddress":"$CK$397:$CK$433","_name":"по счетчику"}},"emcosID":null,"emcosMLID":null,"codMaketTEP":null,"codTEP":null,"WSName":"DB","rangeAddress":"$CF$395:$CK$433","headAddress":"$CF$395:$CK$395","bodyAddress":"$CF$396:$CK$433","_name":"прием"},"отдача":{"_level":1,"parentID":"66a508bb-73c7-445a-abb7-2cafc3a5c5b5","firstParentID":"514160fb-5ac9-4446-bce1-5c932bdfb508","ID":"6cbf6557-438b-4854-9506-7f1e6bb02484","childs":{"код":{"_level":2,"parentID":"6cbf6557-438b-4854-9506-7f1e6bb02484","firstParentID":"514160fb-5ac9-4446-bce1-5c932bdfb508","ID":"cbc7d755-891b-4ffb-9955-a5b6d55bd907","childs":null,"emcosID":null,"emcosMLID":null,"codMaketTEP":null,"codTEP":null,"WSName":"DB","rangeAddress":"$CL$396:$CL$433","headAddress":"$CL$396","bodyAddress":"$CL$397:$CL$433","_name":"код"},"основное":{"_level":2,"parentID":"6cbf6557-438b-4854-9506-7f1e6bb02484","firstParentID":"514160fb-5ac9-4446-bce1-5c932bdfb508","ID":"c50bdf5d-887b-4010-a4f1-7e94b4910d6d","childs":null,"emcosID":null,"emcosMLID":null,"codMaketTEP":null,"codTEP":null,"WSName":"DB","rangeAddress":"$CM$396:$CM$433","headAddress":"$CM$396","bodyAddress":"$CM$397:$CM$433","_name":"основное"},"корректировка факт":{"_level":2,"parentID":"6cbf6557-438b-4854-9506-7f1e6bb02484","firstParentID":"514160fb-5ac9-4446-bce1-5c932bdfb508","ID":"ad88774d-8ac6-49c0-901a-d8d7a460ce3f","childs":null,"emcosID":null,"emcosMLID":null,"codMaketTEP":null,"codTEP":null,"WSName":"DB","rangeAddress":"$CN$396:$CN$433","headAddress":"$CN$396","bodyAddress":"$CN$397:$CN$433","_name":"корректировка факт"},"ручное":{"_level":2,"parentID":"6cbf6557-438b-4854-9506-7f1e6bb02484","firstParentID":"514160fb-5ac9-4446-bce1-5c932bdfb508","ID":"d2557ef5-c1ff-48ba-af43-00b255be4896","childs":null,"emcosID":null,"emcosMLID":null,"codMaketTEP":null,"codTEP":null,"WSName":"DB","rangeAddress":"$CO$396:$CO$433","headAddress":"$CO$396","bodyAddress":"$CO$397:$CO$433","_name":"ручное"},"счетчик":{"_level":2,"parentID":"6cbf6557-438b-4854-9506-7f1e6bb02484","firstParentID":"514160fb-5ac9-4446-bce1-5c932bdfb508","ID":"3fc3f621-6f1c-476a-ae3c-baf3b594f328","childs":null,"emcosID":null,"emcosMLID":null,"codMaketTEP":null,"codTEP":null,"WSName":"DB","rangeAddress":"$CP$396:$CP$433","headAddress":"$CP$396","bodyAddress":"$CP$397:$CP$433","_name":"счетчик"},"по счетчику":{"_level":2,"parentID":"6cbf6557-438b-4854-9506-7f1e6bb02484","firstParentID":"514160fb-5ac9-4446-bce1-5c932bdfb508","ID":"4afc1834-e530-438c-8d34-98f83550fddc","childs":null,"emcosID":null,"emcosMLID":null,"codMaketTEP":null,"codTEP":null,"WSName":"DB","rangeAddress":"$CQ$396:$CQ$433","headAddress":"$CQ$396","bodyAddress":"$CQ$397:$CQ$433","_name":"по счетчику"}},"emcosID":null,"emcosMLID":null,"codMaketTEP":null,"codTEP":null,"WSName":"DB","rangeAddress":"$CL$395:$CQ$433","headAddress":"$CL$395:$CQ$395","bodyAddress":"$CL$396:$CQ$433","_name":"отдача"}},"emcosID":null,"emcosMLID":null,"codMaketTEP":null,"codTEP":null,"WSName":"DB","rangeAddress":"$CF$394:$CQ$433","headAddress":"$CF$394:$CQ$394","bodyAddress":"$CF$395:$CQ$433","_name":"Л2443 Алма"}},"codPlan":null,"meterCoef":"2200","_name":"Л2443 Алма"}