{"ID":"51d009c4-f0f8-4f8f-97bd-bacb3b678fec","childs":{"PS":{"_level":0,"parentID":"51d009c4-f0f8-4f8f-97bd-bacb3b678fec","firstParentID":"51d009c4-f0f8-4f8f-97bd-bacb3b678fec","ID":"3043925e-1a82-4dd8-89ac-813767aadde9","childs":{"отдача":{"_level":1,"parentID":"3043925e-1a82-4dd8-89ac-813767aadde9","firstParentID":"51d009c4-f0f8-4f8f-97bd-bacb3b678fec","ID":"d995eaac-3422-4237-87dd-22aa2ad788c2","childs":{"по счетчику":{"_level":2,"parentID":"d995eaac-3422-4237-87dd-22aa2ad788c2","firstParentID":"51d009c4-f0f8-4f8f-97bd-bacb3b678fec","ID":"cc506fb1-7e3d-4e9e-a9e4-8e5967e1b833","childs":null,"emcosID":null,"emcosMLID":null,"codMaketTEP":null,"codTEP":null,"WSName":"PS","rangeAddress":"$BF$99:$BF$135","headAddress":"$BF$99","bodyAddress":"$BF$100:$BF$135","_name":"по счетчику"},"СЧЕТЧИК":{"_level":2,"parentID":"d995eaac-3422-4237-87dd-22aa2ad788c2","firstParentID":"51d009c4-f0f8-4f8f-97bd-bacb3b678fec","ID":"144637d9-7b5d-4594-aa0b-dd0c9e040b30","childs":null,"emcosID":null,"emcosMLID":null,"codMaketTEP":null,"codTEP":null,"WSName":"PS","rangeAddress":"$BG$99:$BG$135","headAddress":"$BG$99","bodyAddress":"$BG$100:$BG$135","_name":"СЧЕТЧИК"}},"emcosID":null,"emcosMLID":null,"codMaketTEP":null,"codTEP":null,"WSName":"PS","rangeAddress":"$BF$98:$BG$135","headAddress":"$BF$98:$BG$98","bodyAddress":"$BF$99:$BG$135","_name":"отдача"}},"emcosID":null,"emcosMLID":null,"codMaketTEP":null,"codTEP":null,"WSName":"PS","rangeAddress":"$BF$97:$BG$135","headAddress":"$BF$97:$BG$97","bodyAddress":"$BF$98:$BG$135","_name":"ТСН2 ПС126 Талдыкорган"},"DB":{"_level":0,"parentID":"51d009c4-f0f8-4f8f-97bd-bacb3b678fec","firstParentID":"51d009c4-f0f8-4f8f-97bd-bacb3b678fec","ID":"08e6f1be-8686-4f71-9663-3e753c59b37d","childs":{"отдача":{"_level":1,"parentID":"08e6f1be-8686-4f71-9663-3e753c59b37d","firstParentID":"51d009c4-f0f8-4f8f-97bd-bacb3b678fec","ID":"3ce27e8e-6af3-41ec-8aa9-3ae17d0a1fbb","childs":{"код":{"_level":2,"parentID":"3ce27e8e-6af3-41ec-8aa9-3ae17d0a1fbb","firstParentID":"51d009c4-f0f8-4f8f-97bd-bacb3b678fec","ID":"d7c00432-2a9c-4ba3-b373-213c26a59130","childs":null,"emcosID":null,"emcosMLID":null,"codMaketTEP":null,"codTEP":null,"WSName":"DB","rangeAddress":"$AI$525:$AI$562","headAddress":"$AI$525","bodyAddress":"$AI$526:$AI$562","_name":"код"},"основное":{"_level":2,"parentID":"3ce27e8e-6af3-41ec-8aa9-3ae17d0a1fbb","firstParentID":"51d009c4-f0f8-4f8f-97bd-bacb3b678fec","ID":"5aeb78dc-6000-4dd7-8e6e-b0ff60a983bb","childs":null,"emcosID":null,"emcosMLID":null,"codMaketTEP":null,"codTEP":null,"WSName":"DB","rangeAddress":"$AJ$525:$AJ$562","headAddress":"$AJ$525","bodyAddress":"$AJ$526:$AJ$562","_name":"основное"},"корректировка факт":{"_level":2,"parentID":"3ce27e8e-6af3-41ec-8aa9-3ae17d0a1fbb","firstParentID":"51d009c4-f0f8-4f8f-97bd-bacb3b678fec","ID":"cb34e088-0ffd-4b6e-8be6-043b2422ce79","childs":null,"emcosID":null,"emcosMLID":null,"codMaketTEP":null,"codTEP":null,"WSName":"DB","rangeAddress":"$AK$525:$AK$562","headAddress":"$AK$525","bodyAddress":"$AK$526:$AK$562","_name":"корректировка факт"},"ручное":{"_level":2,"parentID":"3ce27e8e-6af3-41ec-8aa9-3ae17d0a1fbb","firstParentID":"51d009c4-f0f8-4f8f-97bd-bacb3b678fec","ID":"0c3684fc-c1ad-4dd4-9a6f-50d53a41ed04","childs":null,"emcosID":null,"emcosMLID":null,"codMaketTEP":null,"codTEP":null,"WSName":"DB","rangeAddress":"$AL$525:$AL$562","headAddress":"$AL$525","bodyAddress":"$AL$526:$AL$562","_name":"ручное"},"счетчик":{"_level":2,"parentID":"3ce27e8e-6af3-41ec-8aa9-3ae17d0a1fbb","firstParentID":"51d009c4-f0f8-4f8f-97bd-bacb3b678fec","ID":"5cade733-cfed-417c-9b4e-6f78b8741fa6","childs":null,"emcosID":null,"emcosMLID":null,"codMaketTEP":null,"codTEP":null,"WSName":"DB","rangeAddress":"$AM$525:$AM$562","headAddress":"$AM$525","bodyAddress":"$AM$526:$AM$562","_name":"счетчик"},"по счетчику":{"_level":2,"parentID":"3ce27e8e-6af3-41ec-8aa9-3ae17d0a1fbb","firstParentID":"51d009c4-f0f8-4f8f-97bd-bacb3b678fec","ID":"1705936f-f920-4faa-bfd7-b1e6da6e0ce5","childs":null,"emcosID":null,"emcosMLID":null,"codMaketTEP":null,"codTEP":null,"WSName":"DB","rangeAddress":"$AN$525:$AN$562","headAddress":"$AN$525","bodyAddress":"$AN$526:$AN$562","_name":"по счетчику"}},"emcosID":null,"emcosMLID":null,"codMaketTEP":null,"codTEP":null,"WSName":"DB","rangeAddress":"$AI$524:$AN$562","headAddress":"$AI$524:$AN$524","bodyAddress":"$AI$525:$AN$562","_name":"отдача"}},"emcosID":null,"emcosMLID":null,"codMaketTEP":null,"codTEP":null,"WSName":"DB","rangeAddress":"$AI$523:$AN$562","headAddress":"$AI$523:$AN$523","bodyAddress":"$AI$524:$AN$562","_name":"ТСН2 ПС126 Талдыкорган"}},"codPlan":null,"meterCoef":"0,08","_name":"ТСН2 ПС126 Талдыкорган"}