{"ID":"55e1f392-718b-4431-9bd5-03a78a5da82f","childs":{"PS":{"_level":0,"parentID":"55e1f392-718b-4431-9bd5-03a78a5da82f","firstParentID":"55e1f392-718b-4431-9bd5-03a78a5da82f","ID":"4f433830-6fd9-459c-ac9a-6707db3786b9","childs":{"прием":{"_level":1,"parentID":"4f433830-6fd9-459c-ac9a-6707db3786b9","firstParentID":"55e1f392-718b-4431-9bd5-03a78a5da82f","ID":"421a36e5-8a50-418e-b758-80f5a8b45f3d","childs":{"по счетчику":{"_level":2,"parentID":"421a36e5-8a50-418e-b758-80f5a8b45f3d","firstParentID":"55e1f392-718b-4431-9bd5-03a78a5da82f","ID":"75050231-48bc-4963-b061-91d34b27e3c7","childs":null,"emcosID":null,"emcosMLID":null,"codMaketTEP":null,"codTEP":null,"WSName":"PS","rangeAddress":"$EP$99:$EP$135","headAddress":"$EP$99","bodyAddress":"$EP$100:$EP$135","_name":"по счетчику"},"СЧЕТЧИК":{"_level":2,"parentID":"421a36e5-8a50-418e-b758-80f5a8b45f3d","firstParentID":"55e1f392-718b-4431-9bd5-03a78a5da82f","ID":"cc04d872-231b-4a31-b8ea-4196342a418f","childs":null,"emcosID":null,"emcosMLID":null,"codMaketTEP":null,"codTEP":null,"WSName":"PS","rangeAddress":"$EQ$99:$EQ$135","headAddress":"$EQ$99","bodyAddress":"$EQ$100:$EQ$135","_name":"СЧЕТЧИК"}},"emcosID":null,"emcosMLID":null,"codMaketTEP":null,"codTEP":null,"WSName":"PS","rangeAddress":"$EP$98:$EQ$135","headAddress":"$EP$98:$EQ$98","bodyAddress":"$EP$99:$EQ$135","_name":"прием"},"отдача":{"_level":1,"parentID":"4f433830-6fd9-459c-ac9a-6707db3786b9","firstParentID":"55e1f392-718b-4431-9bd5-03a78a5da82f","ID":"e6a07727-570f-43f7-8f3f-5f5de368d12e","childs":{"по счетчику":{"_level":2,"parentID":"e6a07727-570f-43f7-8f3f-5f5de368d12e","firstParentID":"55e1f392-718b-4431-9bd5-03a78a5da82f","ID":"77d70aaf-ac52-4025-865c-2d1757cbe712","childs":null,"emcosID":null,"emcosMLID":null,"codMaketTEP":null,"codTEP":null,"WSName":"PS","rangeAddress":"$ER$99:$ER$135","headAddress":"$ER$99","bodyAddress":"$ER$100:$ER$135","_name":"по счетчику"},"СЧЕТЧИК":{"_level":2,"parentID":"e6a07727-570f-43f7-8f3f-5f5de368d12e","firstParentID":"55e1f392-718b-4431-9bd5-03a78a5da82f","ID":"b5eebfc7-ff8a-4c3c-8bec-07c562f2ae64","childs":null,"emcosID":null,"emcosMLID":null,"codMaketTEP":null,"codTEP":null,"WSName":"PS","rangeAddress":"$ES$99:$ES$135","headAddress":"$ES$99","bodyAddress":"$ES$100:$ES$135","_name":"СЧЕТЧИК"}},"emcosID":null,"emcosMLID":null,"codMaketTEP":null,"codTEP":null,"WSName":"PS","rangeAddress":"$ER$98:$ES$135","headAddress":"$ER$98:$ES$98","bodyAddress":"$ER$99:$ES$135","_name":"отдача"}},"emcosID":null,"emcosMLID":null,"codMaketTEP":null,"codTEP":null,"WSName":"PS","rangeAddress":"$EP$97:$ES$135","headAddress":"$EP$97:$ES$97","bodyAddress":"$EP$98:$ES$135","_name":"КЛ44 ПС152 Талдыкорган"},"DB":{"_level":0,"parentID":"55e1f392-718b-4431-9bd5-03a78a5da82f","firstParentID":"55e1f392-718b-4431-9bd5-03a78a5da82f","ID":"0669d10f-c054-4b2a-9cef-1dc99281cddd","childs":{"прием":{"_level":1,"parentID":"0669d10f-c054-4b2a-9cef-1dc99281cddd","firstParentID":"55e1f392-718b-4431-9bd5-03a78a5da82f","ID":"658355e9-5591-413a-bc91-4283e0c1a53d","childs":{"код":{"_level":2,"parentID":"658355e9-5591-413a-bc91-4283e0c1a53d","firstParentID":"55e1f392-718b-4431-9bd5-03a78a5da82f","ID":"a10ee3f6-4963-4d10-9df3-b86ec2cd49c8","childs":null,"emcosID":null,"emcosMLID":null,"codMaketTEP":null,"codTEP":null,"WSName":"DB","rangeAddress":"$HU$310:$HU$347","headAddress":"$HU$310","bodyAddress":"$HU$311:$HU$347","_name":"код"},"основное":{"_level":2,"parentID":"658355e9-5591-413a-bc91-4283e0c1a53d","firstParentID":"55e1f392-718b-4431-9bd5-03a78a5da82f","ID":"35122334-c518-4d86-9dcd-4e82d876c35f","childs":null,"emcosID":null,"emcosMLID":null,"codMaketTEP":null,"codTEP":null,"WSName":"DB","rangeAddress":"$HV$310:$HV$347","headAddress":"$HV$310","bodyAddress":"$HV$311:$HV$347","_name":"основное"},"корректировка факт":{"_level":2,"parentID":"658355e9-5591-413a-bc91-4283e0c1a53d","firstParentID":"55e1f392-718b-4431-9bd5-03a78a5da82f","ID":"e0542194-c59a-438f-ab8c-8181cbbdeceb","childs":null,"emcosID":null,"emcosMLID":null,"codMaketTEP":null,"codTEP":null,"WSName":"DB","rangeAddress":"$HW$310:$HW$347","headAddress":"$HW$310","bodyAddress":"$HW$311:$HW$347","_name":"корректировка факт"},"ручное":{"_level":2,"parentID":"658355e9-5591-413a-bc91-4283e0c1a53d","firstParentID":"55e1f392-718b-4431-9bd5-03a78a5da82f","ID":"28a832c6-e208-4de6-8f54-d2516fb8c94f","childs":null,"emcosID":null,"emcosMLID":null,"codMaketTEP":null,"codTEP":null,"WSName":"DB","rangeAddress":"$HX$310:$HX$347","headAddress":"$HX$310","bodyAddress":"$HX$311:$HX$347","_name":"ручное"},"оперативное":{"_level":2,"parentID":"658355e9-5591-413a-bc91-4283e0c1a53d","firstParentID":"55e1f392-718b-4431-9bd5-03a78a5da82f","ID":"6fbdae9b-2e46-48d6-8950-392ff7e09001","childs":null,"emcosID":null,"emcosMLID":null,"codMaketTEP":null,"codTEP":null,"WSName":"DB","rangeAddress":"$HY$310:$HY$347","headAddress":"$HY$310","bodyAddress":"$HY$311:$HY$347","_name":"оперативное"},"счетчик":{"_level":2,"parentID":"658355e9-5591-413a-bc91-4283e0c1a53d","firstParentID":"55e1f392-718b-4431-9bd5-03a78a5da82f","ID":"b222149d-5782-49f1-8ae2-c49299651d0c","childs":null,"emcosID":null,"emcosMLID":null,"codMaketTEP":null,"codTEP":null,"WSName":"DB","rangeAddress":"$HZ$310:$HZ$347","headAddress":"$HZ$310","bodyAddress":"$HZ$311:$HZ$347","_name":"счетчик"},"по счетчику":{"_level":2,"parentID":"658355e9-5591-413a-bc91-4283e0c1a53d","firstParentID":"55e1f392-718b-4431-9bd5-03a78a5da82f","ID":"a91cd669-34be-4803-ac0e-ae3abaa60c28","childs":null,"emcosID":null,"emcosMLID":null,"codMaketTEP":null,"codTEP":null,"WSName":"DB","rangeAddress":"$IA$310:$IA$347","headAddress":"$IA$310","bodyAddress":"$IA$311:$IA$347","_name":"по счетчику"}},"emcosID":null,"emcosMLID":null,"codMaketTEP":null,"codTEP":null,"WSName":"DB","rangeAddress":"$HU$309:$IA$347","headAddress":"$HU$309:$IA$309","bodyAddress":"$HU$310:$IA$347","_name":"прием"},"отдача":{"_level":1,"parentID":"0669d10f-c054-4b2a-9cef-1dc99281cddd","firstParentID":"55e1f392-718b-4431-9bd5-03a78a5da82f","ID":"d3896278-1b7b-4b84-8b52-7b58fced4b99","childs":{"код":{"_level":2,"parentID":"d3896278-1b7b-4b84-8b52-7b58fced4b99","firstParentID":"55e1f392-718b-4431-9bd5-03a78a5da82f","ID":"73559e66-3ace-45a5-911d-f370b631db85","childs":null,"emcosID":null,"emcosMLID":null,"codMaketTEP":null,"codTEP":null,"WSName":"DB","rangeAddress":"$IB$310:$IB$347","headAddress":"$IB$310","bodyAddress":"$IB$311:$IB$347","_name":"код"},"основное":{"_level":2,"parentID":"d3896278-1b7b-4b84-8b52-7b58fced4b99","firstParentID":"55e1f392-718b-4431-9bd5-03a78a5da82f","ID":"c31c09e6-0b5f-41c6-b93b-ea8273bbf32f","childs":null,"emcosID":null,"emcosMLID":null,"codMaketTEP":null,"codTEP":null,"WSName":"DB","rangeAddress":"$IC$310:$IC$347","headAddress":"$IC$310","bodyAddress":"$IC$311:$IC$347","_name":"основное"},"корректировка факт":{"_level":2,"parentID":"d3896278-1b7b-4b84-8b52-7b58fced4b99","firstParentID":"55e1f392-718b-4431-9bd5-03a78a5da82f","ID":"b70c75d8-2baf-4391-b0bf-8de5517cdee2","childs":null,"emcosID":null,"emcosMLID":null,"codMaketTEP":null,"codTEP":null,"WSName":"DB","rangeAddress":"$ID$310:$ID$347","headAddress":"$ID$310","bodyAddress":"$ID$311:$ID$347","_name":"корректировка факт"},"ручное":{"_level":2,"parentID":"d3896278-1b7b-4b84-8b52-7b58fced4b99","firstParentID":"55e1f392-718b-4431-9bd5-03a78a5da82f","ID":"e559eeb6-aa6d-4fb3-aa6c-35d74082473c","childs":null,"emcosID":null,"emcosMLID":null,"codMaketTEP":null,"codTEP":null,"WSName":"DB","rangeAddress":"$IE$310:$IE$347","headAddress":"$IE$310","bodyAddress":"$IE$311:$IE$347","_name":"ручное"},"оперативное":{"_level":2,"parentID":"d3896278-1b7b-4b84-8b52-7b58fced4b99","firstParentID":"55e1f392-718b-4431-9bd5-03a78a5da82f","ID":"ee2d97d6-65d2-467d-ba10-a77790620f33","childs":null,"emcosID":null,"emcosMLID":null,"codMaketTEP":null,"codTEP":null,"WSName":"DB","rangeAddress":"$IF$310:$IF$347","headAddress":"$IF$310","bodyAddress":"$IF$311:$IF$347","_name":"оперативное"},"счетчик":{"_level":2,"parentID":"d3896278-1b7b-4b84-8b52-7b58fced4b99","firstParentID":"55e1f392-718b-4431-9bd5-03a78a5da82f","ID":"50928da7-d9e1-43ea-8afd-0801db99d421","childs":null,"emcosID":null,"emcosMLID":null,"codMaketTEP":null,"codTEP":null,"WSName":"DB","rangeAddress":"$IG$310:$IG$347","headAddress":"$IG$310","bodyAddress":"$IG$311:$IG$347","_name":"счетчик"},"по счетчику":{"_level":2,"parentID":"d3896278-1b7b-4b84-8b52-7b58fced4b99","firstParentID":"55e1f392-718b-4431-9bd5-03a78a5da82f","ID":"694832dd-1c7a-4a1d-af5f-014c312122f5","childs":null,"emcosID":null,"emcosMLID":null,"codMaketTEP":null,"codTEP":null,"WSName":"DB","rangeAddress":"$IH$310:$IH$347","headAddress":"$IH$310","bodyAddress":"$IH$311:$IH$347","_name":"по счетчику"}},"emcosID":null,"emcosMLID":null,"codMaketTEP":null,"codTEP":null,"WSName":"DB","rangeAddress":"$IB$309:$IH$347","headAddress":"$IB$309:$IH$309","bodyAddress":"$IB$310:$IH$347","_name":"отдача"}},"emcosID":null,"emcosMLID":null,"codMaketTEP":null,"codTEP":null,"WSName":"DB","rangeAddress":"$HU$308:$IH$347","headAddress":"$HU$308:$IH$308","bodyAddress":"$HU$309:$IH$347","_name":"КЛ44 ПС152 Талдыкорган"}},"codPlan":null,"meterCoef":"4","_name":"КЛ44 ПС152 Талдыкорган"}