{"ID":"585d09d9-7d2e-4479-8b93-d71e52a70d75","childs":{"PS":{"_level":0,"parentID":"585d09d9-7d2e-4479-8b93-d71e52a70d75","firstParentID":"585d09d9-7d2e-4479-8b93-d71e52a70d75","ID":"00d3aafe-94e5-4483-ae7b-1a9423c3187a","childs":{"прием":{"_level":1,"parentID":"00d3aafe-94e5-4483-ae7b-1a9423c3187a","firstParentID":"585d09d9-7d2e-4479-8b93-d71e52a70d75","ID":"c469c55f-0d5f-4f85-9235-476a5b412470","childs":{"по счетчику":{"_level":2,"parentID":"c469c55f-0d5f-4f85-9235-476a5b412470","firstParentID":"585d09d9-7d2e-4479-8b93-d71e52a70d75","ID":"3399ee40-d2f7-4560-9c1c-dfab77226fab","childs":null,"emcosID":null,"emcosMLID":null,"codMaketTEP":null,"codTEP":null,"WSName":"PS","rangeAddress":"$DU$56:$DU$92","headAddress":"$DU$56","bodyAddress":"$DU$57:$DU$92","_name":"по счетчику"}},"emcosID":null,"emcosMLID":null,"codMaketTEP":null,"codTEP":null,"WSName":"PS","rangeAddress":"$DU$55:$DU$92","headAddress":"$DU$55","bodyAddress":"$DU$56:$DU$92","_name":"прием"},"отдача":{"_level":1,"parentID":"00d3aafe-94e5-4483-ae7b-1a9423c3187a","firstParentID":"585d09d9-7d2e-4479-8b93-d71e52a70d75","ID":"c3ff056f-40f6-4627-a858-0287e91be42e","childs":{"по счетчику":{"_level":2,"parentID":"c3ff056f-40f6-4627-a858-0287e91be42e","firstParentID":"585d09d9-7d2e-4479-8b93-d71e52a70d75","ID":"c0d96bc8-9600-4f1c-94b4-7152726fdf88","childs":null,"emcosID":null,"emcosMLID":null,"codMaketTEP":null,"codTEP":null,"WSName":"PS","rangeAddress":"$DV$56:$DV$92","headAddress":"$DV$56","bodyAddress":"$DV$57:$DV$92","_name":"по счетчику"}},"emcosID":null,"emcosMLID":null,"codMaketTEP":null,"codTEP":null,"WSName":"PS","rangeAddress":"$DV$55:$DV$92","headAddress":"$DV$55","bodyAddress":"$DV$56:$DV$92","_name":"отдача"}},"emcosID":null,"emcosMLID":null,"codMaketTEP":null,"codTEP":null,"WSName":"PS","rangeAddress":"$DU$54:$DV$92","headAddress":"$DU$54:$DV$54","bodyAddress":"$DU$55:$DV$92","_name":"Л2433 Алма"},"DB":{"_level":0,"parentID":"585d09d9-7d2e-4479-8b93-d71e52a70d75","firstParentID":"585d09d9-7d2e-4479-8b93-d71e52a70d75","ID":"780f8017-903b-4c91-b738-1c08e3ca35e8","childs":{"прием":{"_level":1,"parentID":"780f8017-903b-4c91-b738-1c08e3ca35e8","firstParentID":"585d09d9-7d2e-4479-8b93-d71e52a70d75","ID":"bebe0940-2b05-488c-9ab7-e8ddd236ac0f","childs":{"код":{"_level":2,"parentID":"bebe0940-2b05-488c-9ab7-e8ddd236ac0f","firstParentID":"585d09d9-7d2e-4479-8b93-d71e52a70d75","ID":"5f6ebf36-44b5-4555-9851-e68a1b4547c9","childs":null,"emcosID":null,"emcosMLID":null,"codMaketTEP":null,"codTEP":null,"WSName":"DB","rangeAddress":"$GC$52:$GC$89","headAddress":"$GC$52","bodyAddress":"$GC$53:$GC$89","_name":"код"},"основное":{"_level":2,"parentID":"bebe0940-2b05-488c-9ab7-e8ddd236ac0f","firstParentID":"585d09d9-7d2e-4479-8b93-d71e52a70d75","ID":"9632d420-6fd2-4b40-bdd2-df4b1fe15c38","childs":null,"emcosID":null,"emcosMLID":null,"codMaketTEP":null,"codTEP":null,"WSName":"DB","rangeAddress":"$GD$52:$GD$89","headAddress":"$GD$52","bodyAddress":"$GD$53:$GD$89","_name":"основное"},"корректировка факт":{"_level":2,"parentID":"bebe0940-2b05-488c-9ab7-e8ddd236ac0f","firstParentID":"585d09d9-7d2e-4479-8b93-d71e52a70d75","ID":"bc64b047-d530-4d93-9735-2f48abeae326","childs":null,"emcosID":null,"emcosMLID":null,"codMaketTEP":null,"codTEP":null,"WSName":"DB","rangeAddress":"$GE$52:$GE$89","headAddress":"$GE$52","bodyAddress":"$GE$53:$GE$89","_name":"корректировка факт"},"ручное":{"_level":2,"parentID":"bebe0940-2b05-488c-9ab7-e8ddd236ac0f","firstParentID":"585d09d9-7d2e-4479-8b93-d71e52a70d75","ID":"24faf550-65fc-44b0-b294-10ce0fa725eb","childs":null,"emcosID":null,"emcosMLID":null,"codMaketTEP":null,"codTEP":null,"WSName":"DB","rangeAddress":"$GF$52:$GF$89","headAddress":"$GF$52","bodyAddress":"$GF$53:$GF$89","_name":"ручное"},"счетчик":{"_level":2,"parentID":"bebe0940-2b05-488c-9ab7-e8ddd236ac0f","firstParentID":"585d09d9-7d2e-4479-8b93-d71e52a70d75","ID":"13374d1c-b53c-428a-bc4e-a73fa14ddd66","childs":null,"emcosID":null,"emcosMLID":null,"codMaketTEP":null,"codTEP":null,"WSName":"DB","rangeAddress":"$GG$52:$GG$89","headAddress":"$GG$52","bodyAddress":"$GG$53:$GG$89","_name":"счетчик"},"по счетчику":{"_level":2,"parentID":"bebe0940-2b05-488c-9ab7-e8ddd236ac0f","firstParentID":"585d09d9-7d2e-4479-8b93-d71e52a70d75","ID":"be179852-369e-4d40-8e95-b8423690761a","childs":null,"emcosID":null,"emcosMLID":null,"codMaketTEP":null,"codTEP":null,"WSName":"DB","rangeAddress":"$GH$52:$GH$89","headAddress":"$GH$52","bodyAddress":"$GH$53:$GH$89","_name":"по счетчику"}},"emcosID":null,"emcosMLID":null,"codMaketTEP":null,"codTEP":null,"WSName":"DB","rangeAddress":"$GC$51:$GH$89","headAddress":"$GC$51:$GH$51","bodyAddress":"$GC$52:$GH$89","_name":"прием"},"отдача":{"_level":1,"parentID":"780f8017-903b-4c91-b738-1c08e3ca35e8","firstParentID":"585d09d9-7d2e-4479-8b93-d71e52a70d75","ID":"70290981-5115-4f17-a0d3-2295ee40860e","childs":{"код":{"_level":2,"parentID":"70290981-5115-4f17-a0d3-2295ee40860e","firstParentID":"585d09d9-7d2e-4479-8b93-d71e52a70d75","ID":"39334e05-ac3e-468e-91e0-ee222a0d6e1f","childs":null,"emcosID":null,"emcosMLID":null,"codMaketTEP":null,"codTEP":null,"WSName":"DB","rangeAddress":"$GI$52:$GI$89","headAddress":"$GI$52","bodyAddress":"$GI$53:$GI$89","_name":"код"},"основное":{"_level":2,"parentID":"70290981-5115-4f17-a0d3-2295ee40860e","firstParentID":"585d09d9-7d2e-4479-8b93-d71e52a70d75","ID":"46408927-a585-43b9-b556-e2979a244003","childs":null,"emcosID":null,"emcosMLID":null,"codMaketTEP":null,"codTEP":null,"WSName":"DB","rangeAddress":"$GJ$52:$GJ$89","headAddress":"$GJ$52","bodyAddress":"$GJ$53:$GJ$89","_name":"основное"},"корректировка факт":{"_level":2,"parentID":"70290981-5115-4f17-a0d3-2295ee40860e","firstParentID":"585d09d9-7d2e-4479-8b93-d71e52a70d75","ID":"d3866169-3a69-485c-a227-22a0c5ef40e5","childs":null,"emcosID":null,"emcosMLID":null,"codMaketTEP":null,"codTEP":null,"WSName":"DB","rangeAddress":"$GK$52:$GK$89","headAddress":"$GK$52","bodyAddress":"$GK$53:$GK$89","_name":"корректировка факт"},"ручное":{"_level":2,"parentID":"70290981-5115-4f17-a0d3-2295ee40860e","firstParentID":"585d09d9-7d2e-4479-8b93-d71e52a70d75","ID":"9377b8c5-69e2-434f-be5e-ecd6715842fb","childs":null,"emcosID":null,"emcosMLID":null,"codMaketTEP":null,"codTEP":null,"WSName":"DB","rangeAddress":"$GL$52:$GL$89","headAddress":"$GL$52","bodyAddress":"$GL$53:$GL$89","_name":"ручное"},"счетчик":{"_level":2,"parentID":"70290981-5115-4f17-a0d3-2295ee40860e","firstParentID":"585d09d9-7d2e-4479-8b93-d71e52a70d75","ID":"d5f83f3e-3de8-4fa3-ba3a-19686c0215c7","childs":null,"emcosID":null,"emcosMLID":null,"codMaketTEP":null,"codTEP":null,"WSName":"DB","rangeAddress":"$GM$52:$GM$89","headAddress":"$GM$52","bodyAddress":"$GM$53:$GM$89","_name":"счетчик"},"по счетчику":{"_level":2,"parentID":"70290981-5115-4f17-a0d3-2295ee40860e","firstParentID":"585d09d9-7d2e-4479-8b93-d71e52a70d75","ID":"86f2095b-7873-4652-aace-b55bb365424f","childs":null,"emcosID":null,"emcosMLID":null,"codMaketTEP":null,"codTEP":null,"WSName":"DB","rangeAddress":"$GN$52:$GN$89","headAddress":"$GN$52","bodyAddress":"$GN$53:$GN$89","_name":"по счетчику"}},"emcosID":null,"emcosMLID":null,"codMaketTEP":null,"codTEP":null,"WSName":"DB","rangeAddress":"$GI$51:$GN$89","headAddress":"$GI$51:$GN$51","bodyAddress":"$GI$52:$GN$89","_name":"отдача"}},"emcosID":null,"emcosMLID":null,"codMaketTEP":null,"codTEP":null,"WSName":"DB","rangeAddress":"$GC$50:$GN$89","headAddress":"$GC$50:$GN$50","bodyAddress":"$GC$51:$GN$89","_name":"Л2433 Алма"}},"codPlan":null,"meterCoef":null,"_name":"Л2433 Алма"}