{"ID":"5b454161-968b-43fb-9fec-2eac312070d0","childs":{"PS":{"_level":0,"parentID":"5b454161-968b-43fb-9fec-2eac312070d0","firstParentID":"5b454161-968b-43fb-9fec-2eac312070d0","ID":"3c33dd18-a142-4514-8ff4-c5469374360b","childs":{"прием":{"_level":1,"parentID":"3c33dd18-a142-4514-8ff4-c5469374360b","firstParentID":"5b454161-968b-43fb-9fec-2eac312070d0","ID":"752e7244-ed09-49a2-afb9-47b605ff1cb8","childs":{"оперативное":{"_level":2,"parentID":"752e7244-ed09-49a2-afb9-47b605ff1cb8","firstParentID":"5b454161-968b-43fb-9fec-2eac312070d0","ID":"105bf24a-6c6b-4618-9b17-a089696286ab","childs":null,"emcosID":null,"emcosMLID":null,"codMaketTEP":null,"codTEP":null,"WSName":"PS","rangeAddress":"$X$228:$X$264","headAddress":"$X$228","bodyAddress":"$X$229:$X$264","_name":"оперативное"}},"emcosID":null,"emcosMLID":null,"codMaketTEP":null,"codTEP":null,"WSName":"PS","rangeAddress":"$X$227:$X$264","headAddress":"$X$227","bodyAddress":"$X$228:$X$264","_name":"прием"}},"emcosID":null,"emcosMLID":null,"codMaketTEP":null,"codTEP":null,"WSName":"PS","rangeAddress":"$X$226:$X$264","headAddress":"$X$226","bodyAddress":"$X$227:$X$264","_name":"Потребление Adver"},"DB":{"_level":0,"parentID":"5b454161-968b-43fb-9fec-2eac312070d0","firstParentID":"5b454161-968b-43fb-9fec-2eac312070d0","ID":"e7738ef2-8e2e-4b9c-a295-36a4f78a2cf9","childs":{"прием":{"_level":1,"parentID":"e7738ef2-8e2e-4b9c-a295-36a4f78a2cf9","firstParentID":"5b454161-968b-43fb-9fec-2eac312070d0","ID":"e46528e9-297d-462a-8348-f602f322fa71","childs":{"код":{"_level":2,"parentID":"e46528e9-297d-462a-8348-f602f322fa71","firstParentID":"5b454161-968b-43fb-9fec-2eac312070d0","ID":"e5131729-16f3-4b94-8048-cde37bc8d2af","childs":null,"emcosID":null,"emcosMLID":null,"codMaketTEP":null,"codTEP":null,"WSName":"DB","rangeAddress":"$GY$396:$GY$433","headAddress":"$GY$396","bodyAddress":"$GY$397:$GY$433","_name":"код"},"основное":{"_level":2,"parentID":"e46528e9-297d-462a-8348-f602f322fa71","firstParentID":"5b454161-968b-43fb-9fec-2eac312070d0","ID":"dbad2b78-56b7-45eb-85b1-f039afae54c9","childs":null,"emcosID":null,"emcosMLID":null,"codMaketTEP":null,"codTEP":null,"WSName":"DB","rangeAddress":"$GZ$396:$GZ$433","headAddress":"$GZ$396","bodyAddress":"$GZ$397:$GZ$433","_name":"основное"},"корректировка факт":{"_level":2,"parentID":"e46528e9-297d-462a-8348-f602f322fa71","firstParentID":"5b454161-968b-43fb-9fec-2eac312070d0","ID":"107e6916-4d78-4dc7-88fb-aadf73d83265","childs":null,"emcosID":null,"emcosMLID":null,"codMaketTEP":null,"codTEP":null,"WSName":"DB","rangeAddress":"$HA$396:$HA$433","headAddress":"$HA$396","bodyAddress":"$HA$397:$HA$433","_name":"корректировка факт"},"ручное":{"_level":2,"parentID":"e46528e9-297d-462a-8348-f602f322fa71","firstParentID":"5b454161-968b-43fb-9fec-2eac312070d0","ID":"d23adabb-b94f-4ce8-bfa2-378b4a36bcda","childs":null,"emcosID":null,"emcosMLID":null,"codMaketTEP":null,"codTEP":null,"WSName":"DB","rangeAddress":"$HB$396:$HB$433","headAddress":"$HB$396","bodyAddress":"$HB$397:$HB$433","_name":"ручное"},"оперативное":{"_level":2,"parentID":"e46528e9-297d-462a-8348-f602f322fa71","firstParentID":"5b454161-968b-43fb-9fec-2eac312070d0","ID":"992cc74c-b4dd-42bc-b525-b2d33beec273","childs":null,"emcosID":null,"emcosMLID":null,"codMaketTEP":null,"codTEP":null,"WSName":"DB","rangeAddress":"$HC$396:$HC$433","headAddress":"$HC$396","bodyAddress":"$HC$397:$HC$433","_name":"оперативное"}},"emcosID":null,"emcosMLID":null,"codMaketTEP":null,"codTEP":null,"WSName":"DB","rangeAddress":"$GY$395:$HC$433","headAddress":"$GY$395:$HC$395","bodyAddress":"$GY$396:$HC$433","_name":"прием"}},"emcosID":null,"emcosMLID":null,"codMaketTEP":null,"codTEP":null,"WSName":"DB","rangeAddress":"$GY$394:$HC$433","headAddress":"$GY$394:$HC$394","bodyAddress":"$GY$395:$HC$433","_name":"Потребление Adver"}},"codPlan":null,"meterCoef":null,"_name":"Потребление Adver"}