{"ID":"610e49e0-5b4f-4d30-9128-d5b1eaa40236","childs":{"PS":{"_level":0,"parentID":"610e49e0-5b4f-4d30-9128-d5b1eaa40236","firstParentID":"610e49e0-5b4f-4d30-9128-d5b1eaa40236","ID":"249f6235-21a2-4779-a653-5eabc856a4ae","childs":{"прием":{"_level":1,"parentID":"249f6235-21a2-4779-a653-5eabc856a4ae","firstParentID":"610e49e0-5b4f-4d30-9128-d5b1eaa40236","ID":"8b472508-08fa-4c5e-971d-e8fc9b821750","childs":{"по счетчику":{"_level":2,"parentID":"8b472508-08fa-4c5e-971d-e8fc9b821750","firstParentID":"610e49e0-5b4f-4d30-9128-d5b1eaa40236","ID":"1804c2f6-5810-47b4-929a-7d2136c25dc9","childs":null,"emcosID":null,"emcosMLID":null,"codMaketTEP":null,"codTEP":null,"WSName":"PS","rangeAddress":"$AJ$99:$AJ$135","headAddress":"$AJ$99","bodyAddress":"$AJ$100:$AJ$135","_name":"по счетчику"}},"emcosID":null,"emcosMLID":null,"codMaketTEP":null,"codTEP":null,"WSName":"PS","rangeAddress":"$AJ$98:$AJ$135","headAddress":"$AJ$98","bodyAddress":"$AJ$99:$AJ$135","_name":"прием"}},"emcosID":null,"emcosMLID":null,"codMaketTEP":null,"codTEP":null,"WSName":"PS","rangeAddress":"$AJ$97:$AJ$135","headAddress":"$AJ$97","bodyAddress":"$AJ$98:$AJ$135","_name":"ТСН2 ОРУ 220 МГЭС"},"DB":{"_level":0,"parentID":"610e49e0-5b4f-4d30-9128-d5b1eaa40236","firstParentID":"610e49e0-5b4f-4d30-9128-d5b1eaa40236","ID":"e3af31b1-84aa-45a1-b9a4-32ee11a6e4be","childs":{"прием":{"_level":1,"parentID":"e3af31b1-84aa-45a1-b9a4-32ee11a6e4be","firstParentID":"610e49e0-5b4f-4d30-9128-d5b1eaa40236","ID":"89ba1c86-e5a6-4060-aa3e-86a04196eb8a","childs":{"код":{"_level":2,"parentID":"89ba1c86-e5a6-4060-aa3e-86a04196eb8a","firstParentID":"610e49e0-5b4f-4d30-9128-d5b1eaa40236","ID":"c9a40a57-9991-4b06-b8bc-02fb34b2d183","childs":null,"emcosID":null,"emcosMLID":null,"codMaketTEP":null,"codTEP":null,"WSName":"DB","rangeAddress":"$DH$353:$DH$390","headAddress":"$DH$353","bodyAddress":"$DH$354:$DH$390","_name":"код"},"основное":{"_level":2,"parentID":"89ba1c86-e5a6-4060-aa3e-86a04196eb8a","firstParentID":"610e49e0-5b4f-4d30-9128-d5b1eaa40236","ID":"1a4ab209-c7ea-4b34-879a-185b08ad44d9","childs":null,"emcosID":null,"emcosMLID":null,"codMaketTEP":null,"codTEP":null,"WSName":"DB","rangeAddress":"$DI$353:$DI$390","headAddress":"$DI$353","bodyAddress":"$DI$354:$DI$390","_name":"основное"},"корректировка факт":{"_level":2,"parentID":"89ba1c86-e5a6-4060-aa3e-86a04196eb8a","firstParentID":"610e49e0-5b4f-4d30-9128-d5b1eaa40236","ID":"eac620f8-39ac-4bfa-b629-cf3e75e46afa","childs":null,"emcosID":null,"emcosMLID":null,"codMaketTEP":null,"codTEP":null,"WSName":"DB","rangeAddress":"$DJ$353:$DJ$390","headAddress":"$DJ$353","bodyAddress":"$DJ$354:$DJ$390","_name":"корректировка факт"},"ручное":{"_level":2,"parentID":"89ba1c86-e5a6-4060-aa3e-86a04196eb8a","firstParentID":"610e49e0-5b4f-4d30-9128-d5b1eaa40236","ID":"066d6c4f-c61e-4318-854c-d01c0f9c5d4c","childs":null,"emcosID":null,"emcosMLID":null,"codMaketTEP":null,"codTEP":null,"WSName":"DB","rangeAddress":"$DK$353:$DK$390","headAddress":"$DK$353","bodyAddress":"$DK$354:$DK$390","_name":"ручное"},"счетчик":{"_level":2,"parentID":"89ba1c86-e5a6-4060-aa3e-86a04196eb8a","firstParentID":"610e49e0-5b4f-4d30-9128-d5b1eaa40236","ID":"dd9b8d0f-fe94-442c-964d-5f53b3e6e9c9","childs":null,"emcosID":null,"emcosMLID":null,"codMaketTEP":null,"codTEP":null,"WSName":"DB","rangeAddress":"$DL$353:$DL$390","headAddress":"$DL$353","bodyAddress":"$DL$354:$DL$390","_name":"счетчик"},"по счетчику":{"_level":2,"parentID":"89ba1c86-e5a6-4060-aa3e-86a04196eb8a","firstParentID":"610e49e0-5b4f-4d30-9128-d5b1eaa40236","ID":"dc7c1107-8893-493c-80e7-41d5a0c7b529","childs":null,"emcosID":null,"emcosMLID":null,"codMaketTEP":null,"codTEP":null,"WSName":"DB","rangeAddress":"$DM$353:$DM$390","headAddress":"$DM$353","bodyAddress":"$DM$354:$DM$390","_name":"по счетчику"}},"emcosID":null,"emcosMLID":null,"codMaketTEP":null,"codTEP":null,"WSName":"DB","rangeAddress":"$DH$352:$DM$390","headAddress":"$DH$352:$DM$352","bodyAddress":"$DH$353:$DM$390","_name":"прием"}},"emcosID":null,"emcosMLID":null,"codMaketTEP":null,"codTEP":null,"WSName":"DB","rangeAddress":"$DH$351:$DM$390","headAddress":"$DH$351:$DM$351","bodyAddress":"$DH$352:$DM$390","_name":"ТСН2 ОРУ 220 МГЭС"}},"codPlan":null,"meterCoef":null,"_name":"ТСН2 ОРУ 220 МГЭС"}