{"ID":"6631b0d4-51ff-43da-9a05-28137e5bcfe9","childs":{"PS":{"_level":0,"parentID":"6631b0d4-51ff-43da-9a05-28137e5bcfe9","firstParentID":"6631b0d4-51ff-43da-9a05-28137e5bcfe9","ID":"58f07afe-ddfd-46c9-bcb6-27787d596f48","childs":{"прием":{"_level":1,"parentID":"58f07afe-ddfd-46c9-bcb6-27787d596f48","firstParentID":"6631b0d4-51ff-43da-9a05-28137e5bcfe9","ID":"edf6a054-2b00-455b-a48b-b34890a01a92","childs":{"оперативное":{"_level":2,"parentID":"edf6a054-2b00-455b-a48b-b34890a01a92","firstParentID":"6631b0d4-51ff-43da-9a05-28137e5bcfe9","ID":"9077fb72-58a2-4de6-b188-5fd3b48890ac","childs":null,"emcosID":null,"emcosMLID":null,"codMaketTEP":null,"codTEP":null,"WSName":"PS","rangeAddress":"$O$228:$O$264","headAddress":"$O$228","bodyAddress":"$O$229:$O$264","_name":"оперативное"}},"emcosID":null,"emcosMLID":null,"codMaketTEP":null,"codTEP":null,"WSName":"PS","rangeAddress":"$O$227:$O$264","headAddress":"$O$227","bodyAddress":"$O$228:$O$264","_name":"прием"},"план":{"_level":1,"parentID":"58f07afe-ddfd-46c9-bcb6-27787d596f48","firstParentID":"6631b0d4-51ff-43da-9a05-28137e5bcfe9","ID":"bb42578e-0831-4e2d-8891-51374411d111","childs":{"заявка":{"_level":2,"parentID":"bb42578e-0831-4e2d-8891-51374411d111","firstParentID":"6631b0d4-51ff-43da-9a05-28137e5bcfe9","ID":"29507854-2e88-4011-bf57-a4c72568bc07","childs":null,"emcosID":null,"emcosMLID":null,"codMaketTEP":null,"codTEP":null,"WSName":"PS","rangeAddress":"$P$228:$P$264","headAddress":"$P$228","bodyAddress":"$P$229:$P$264","_name":"заявка"}},"emcosID":null,"emcosMLID":null,"codMaketTEP":null,"codTEP":null,"WSName":"PS","rangeAddress":"$P$227:$P$264","headAddress":"$P$227","bodyAddress":"$P$228:$P$264","_name":"план"}},"emcosID":null,"emcosMLID":null,"codMaketTEP":null,"codTEP":null,"WSName":"PS","rangeAddress":"$O$226:$P$264","headAddress":"$O$226:$P$226","bodyAddress":"$O$227:$P$264","_name":"Потребление Мангыстау Энерго Сату"},"DB":{"_level":0,"parentID":"6631b0d4-51ff-43da-9a05-28137e5bcfe9","firstParentID":"6631b0d4-51ff-43da-9a05-28137e5bcfe9","ID":"8394cfe1-8f73-40b5-a7c7-40344f9fae30","childs":{"прием":{"_level":1,"parentID":"8394cfe1-8f73-40b5-a7c7-40344f9fae30","firstParentID":"6631b0d4-51ff-43da-9a05-28137e5bcfe9","ID":"6998b8b3-3f22-4b98-9689-10f2d153e781","childs":{"код":{"_level":2,"parentID":"6998b8b3-3f22-4b98-9689-10f2d153e781","firstParentID":"6631b0d4-51ff-43da-9a05-28137e5bcfe9","ID":"b1af76b6-b7a8-447f-a420-768c0f8b18ca","childs":null,"emcosID":null,"emcosMLID":null,"codMaketTEP":null,"codTEP":null,"WSName":"DB","rangeAddress":"$ES$396:$ES$433","headAddress":"$ES$396","bodyAddress":"$ES$397:$ES$433","_name":"код"},"основное":{"_level":2,"parentID":"6998b8b3-3f22-4b98-9689-10f2d153e781","firstParentID":"6631b0d4-51ff-43da-9a05-28137e5bcfe9","ID":"8e7b51f0-54b3-48d0-aaeb-1a7b644f6a9a","childs":null,"emcosID":null,"emcosMLID":null,"codMaketTEP":null,"codTEP":null,"WSName":"DB","rangeAddress":"$ET$396:$ET$433","headAddress":"$ET$396","bodyAddress":"$ET$397:$ET$433","_name":"основное"},"корректировка факт":{"_level":2,"parentID":"6998b8b3-3f22-4b98-9689-10f2d153e781","firstParentID":"6631b0d4-51ff-43da-9a05-28137e5bcfe9","ID":"bd499734-a8aa-434f-bd9d-7cd116823ebb","childs":null,"emcosID":null,"emcosMLID":null,"codMaketTEP":null,"codTEP":null,"WSName":"DB","rangeAddress":"$EU$396:$EU$433","headAddress":"$EU$396","bodyAddress":"$EU$397:$EU$433","_name":"корректировка факт"},"ручное":{"_level":2,"parentID":"6998b8b3-3f22-4b98-9689-10f2d153e781","firstParentID":"6631b0d4-51ff-43da-9a05-28137e5bcfe9","ID":"c487393b-edce-4dbc-83be-5baee26c7f10","childs":null,"emcosID":null,"emcosMLID":null,"codMaketTEP":null,"codTEP":null,"WSName":"DB","rangeAddress":"$EV$396:$EV$433","headAddress":"$EV$396","bodyAddress":"$EV$397:$EV$433","_name":"ручное"},"оперативное":{"_level":2,"parentID":"6998b8b3-3f22-4b98-9689-10f2d153e781","firstParentID":"6631b0d4-51ff-43da-9a05-28137e5bcfe9","ID":"0080feea-8aa4-404e-bdb7-c22e9e3cd272","childs":null,"emcosID":null,"emcosMLID":null,"codMaketTEP":null,"codTEP":null,"WSName":"DB","rangeAddress":"$EW$396:$EW$433","headAddress":"$EW$396","bodyAddress":"$EW$397:$EW$433","_name":"оперативное"},"по плану":{"_level":2,"parentID":"6998b8b3-3f22-4b98-9689-10f2d153e781","firstParentID":"6631b0d4-51ff-43da-9a05-28137e5bcfe9","ID":"3b847b96-bbbd-4725-b1dd-de4ee32f6dd8","childs":null,"emcosID":null,"emcosMLID":null,"codMaketTEP":null,"codTEP":null,"WSName":"DB","rangeAddress":"$EX$396:$EX$433","headAddress":"$EX$396","bodyAddress":"$EX$397:$EX$433","_name":"по плану"}},"emcosID":null,"emcosMLID":null,"codMaketTEP":null,"codTEP":null,"WSName":"DB","rangeAddress":"$ES$395:$EX$433","headAddress":"$ES$395:$EX$395","bodyAddress":"$ES$396:$EX$433","_name":"прием"},"план":{"_level":1,"parentID":"8394cfe1-8f73-40b5-a7c7-40344f9fae30","firstParentID":"6631b0d4-51ff-43da-9a05-28137e5bcfe9","ID":"821ac1c8-e453-4bd1-b4a3-3639b9826eaf","childs":{"код":{"_level":2,"parentID":"821ac1c8-e453-4bd1-b4a3-3639b9826eaf","firstParentID":"6631b0d4-51ff-43da-9a05-28137e5bcfe9","ID":"b6c27be8-e846-4db5-b2d8-2c6dc316927d","childs":null,"emcosID":null,"emcosMLID":null,"codMaketTEP":null,"codTEP":null,"WSName":"DB","rangeAddress":"$EY$396:$EY$433","headAddress":"$EY$396","bodyAddress":"$EY$397:$EY$433","_name":"код"},"основное":{"_level":2,"parentID":"821ac1c8-e453-4bd1-b4a3-3639b9826eaf","firstParentID":"6631b0d4-51ff-43da-9a05-28137e5bcfe9","ID":"19e773fd-f8cc-420c-a7db-bb24dd6bbd20","childs":null,"emcosID":null,"emcosMLID":null,"codMaketTEP":null,"codTEP":null,"WSName":"DB","rangeAddress":"$EZ$396:$EZ$433","headAddress":"$EZ$396","bodyAddress":"$EZ$397:$EZ$433","_name":"основное"},"заявка":{"_level":2,"parentID":"821ac1c8-e453-4bd1-b4a3-3639b9826eaf","firstParentID":"6631b0d4-51ff-43da-9a05-28137e5bcfe9","ID":"c84ce394-1a4a-4614-8acb-2efa7dc61de3","childs":null,"emcosID":null,"emcosMLID":null,"codMaketTEP":null,"codTEP":null,"WSName":"DB","rangeAddress":"$FA$396:$FA$433","headAddress":"$FA$396","bodyAddress":"$FA$397:$FA$433","_name":"заявка"},"утвержденный":{"_level":2,"parentID":"821ac1c8-e453-4bd1-b4a3-3639b9826eaf","firstParentID":"6631b0d4-51ff-43da-9a05-28137e5bcfe9","ID":"7c8cbbc2-2ebb-4a5a-a256-21de2cb938ff","childs":null,"emcosID":null,"emcosMLID":null,"codMaketTEP":null,"codTEP":null,"WSName":"DB","rangeAddress":"$FB$396:$FB$433","headAddress":"$FB$396","bodyAddress":"$FB$397:$FB$433","_name":"утвержденный"},"корректировка":{"_level":2,"parentID":"821ac1c8-e453-4bd1-b4a3-3639b9826eaf","firstParentID":"6631b0d4-51ff-43da-9a05-28137e5bcfe9","ID":"c0f5f9a5-350e-4e5d-b84e-639957428b19","childs":null,"emcosID":null,"emcosMLID":null,"codMaketTEP":null,"codTEP":null,"WSName":"DB","rangeAddress":"$FC$396:$FC$433","headAddress":"$FC$396","bodyAddress":"$FC$397:$FC$433","_name":"корректировка"}},"emcosID":null,"emcosMLID":null,"codMaketTEP":null,"codTEP":null,"WSName":"DB","rangeAddress":"$EY$395:$FC$433","headAddress":"$EY$395:$FC$395","bodyAddress":"$EY$396:$FC$433","_name":"план"}},"emcosID":null,"emcosMLID":null,"codMaketTEP":null,"codTEP":null,"WSName":"DB","rangeAddress":"$ES$394:$FC$433","headAddress":"$ES$394:$FC$394","bodyAddress":"$ES$395:$FC$433","_name":"Потребление Мангыстау Энерго Сату"}},"codPlan":45,"meterCoef":null,"_name":"Потребление Мангыстау Энерго Сату"}