{"ID":"67ed745c-86a6-4437-bb0f-46dabcc17325","childs":{"PS":{"_level":0,"parentID":"67ed745c-86a6-4437-bb0f-46dabcc17325","firstParentID":"67ed745c-86a6-4437-bb0f-46dabcc17325","ID":"33ebef0b-0019-41a2-a463-9ae3a6679197","childs":{"прием":{"_level":1,"parentID":"33ebef0b-0019-41a2-a463-9ae3a6679197","firstParentID":"67ed745c-86a6-4437-bb0f-46dabcc17325","ID":"f0202ca5-069b-4ccd-b362-013638afdd8a","childs":{"по счетчику":{"_level":2,"parentID":"f0202ca5-069b-4ccd-b362-013638afdd8a","firstParentID":"67ed745c-86a6-4437-bb0f-46dabcc17325","ID":"29907e9b-6bb5-4e9f-ae59-768bb758a9aa","childs":null,"emcosID":null,"emcosMLID":null,"codMaketTEP":null,"codTEP":null,"WSName":"PS","rangeAddress":"$FV$99:$FV$135","headAddress":"$FV$99","bodyAddress":"$FV$100:$FV$135","_name":"по счетчику"},"СЧЕТЧИК":{"_level":2,"parentID":"f0202ca5-069b-4ccd-b362-013638afdd8a","firstParentID":"67ed745c-86a6-4437-bb0f-46dabcc17325","ID":"cbb2820e-f20e-4428-89a4-3c0619bb842b","childs":null,"emcosID":null,"emcosMLID":null,"codMaketTEP":null,"codTEP":null,"WSName":"PS","rangeAddress":"$FW$99:$FW$135","headAddress":"$FW$99","bodyAddress":"$FW$100:$FW$135","_name":"СЧЕТЧИК"}},"emcosID":null,"emcosMLID":null,"codMaketTEP":null,"codTEP":null,"WSName":"PS","rangeAddress":"$FV$98:$FW$135","headAddress":"$FV$98:$FW$98","bodyAddress":"$FV$99:$FW$135","_name":"прием"},"отдача":{"_level":1,"parentID":"33ebef0b-0019-41a2-a463-9ae3a6679197","firstParentID":"67ed745c-86a6-4437-bb0f-46dabcc17325","ID":"6cfb83ba-b9d4-4966-b45e-6e9186d9f806","childs":{"по счетчику":{"_level":2,"parentID":"6cfb83ba-b9d4-4966-b45e-6e9186d9f806","firstParentID":"67ed745c-86a6-4437-bb0f-46dabcc17325","ID":"3b6f73b1-5348-4257-a300-fcadf356d9ef","childs":null,"emcosID":null,"emcosMLID":null,"codMaketTEP":null,"codTEP":null,"WSName":"PS","rangeAddress":"$FX$99:$FX$135","headAddress":"$FX$99","bodyAddress":"$FX$100:$FX$135","_name":"по счетчику"},"СЧЕТЧИК":{"_level":2,"parentID":"6cfb83ba-b9d4-4966-b45e-6e9186d9f806","firstParentID":"67ed745c-86a6-4437-bb0f-46dabcc17325","ID":"25fcc10c-580d-4630-8a4f-a164392d3899","childs":null,"emcosID":null,"emcosMLID":null,"codMaketTEP":null,"codTEP":null,"WSName":"PS","rangeAddress":"$FY$99:$FY$135","headAddress":"$FY$99","bodyAddress":"$FY$100:$FY$135","_name":"СЧЕТЧИК"}},"emcosID":null,"emcosMLID":null,"codMaketTEP":null,"codTEP":null,"WSName":"PS","rangeAddress":"$FX$98:$FY$135","headAddress":"$FX$98:$FY$98","bodyAddress":"$FX$99:$FY$135","_name":"отдача"}},"emcosID":null,"emcosMLID":null,"codMaketTEP":null,"codTEP":null,"WSName":"PS","rangeAddress":"$FV$97:$FY$135","headAddress":"$FV$97:$FY$97","bodyAddress":"$FV$98:$FY$135","_name":"АТ1 110 ПС152 Талдыкорган"},"DB":{"_level":0,"parentID":"67ed745c-86a6-4437-bb0f-46dabcc17325","firstParentID":"67ed745c-86a6-4437-bb0f-46dabcc17325","ID":"f6c49b53-e211-4721-9f16-571c30055924","childs":{"прием":{"_level":1,"parentID":"f6c49b53-e211-4721-9f16-571c30055924","firstParentID":"67ed745c-86a6-4437-bb0f-46dabcc17325","ID":"fb1f08fc-1bef-489a-a17c-c8d229a75961","childs":{"код":{"_level":2,"parentID":"fb1f08fc-1bef-489a-a17c-c8d229a75961","firstParentID":"67ed745c-86a6-4437-bb0f-46dabcc17325","ID":"8ebaa50e-800b-4ff8-b50e-980e6617b383","childs":null,"emcosID":null,"emcosMLID":null,"codMaketTEP":null,"codTEP":null,"WSName":"DB","rangeAddress":"$AA$482:$AA$519","headAddress":"$AA$482","bodyAddress":"$AA$483:$AA$519","_name":"код"},"основное":{"_level":2,"parentID":"fb1f08fc-1bef-489a-a17c-c8d229a75961","firstParentID":"67ed745c-86a6-4437-bb0f-46dabcc17325","ID":"f8855992-cf46-4432-be9a-df4d13c1a059","childs":null,"emcosID":null,"emcosMLID":null,"codMaketTEP":null,"codTEP":null,"WSName":"DB","rangeAddress":"$AB$482:$AB$519","headAddress":"$AB$482","bodyAddress":"$AB$483:$AB$519","_name":"основное"},"корректировка факт":{"_level":2,"parentID":"fb1f08fc-1bef-489a-a17c-c8d229a75961","firstParentID":"67ed745c-86a6-4437-bb0f-46dabcc17325","ID":"aab466df-f00d-4122-9758-704a1b248836","childs":null,"emcosID":null,"emcosMLID":null,"codMaketTEP":null,"codTEP":null,"WSName":"DB","rangeAddress":"$AC$482:$AC$519","headAddress":"$AC$482","bodyAddress":"$AC$483:$AC$519","_name":"корректировка факт"},"ручное":{"_level":2,"parentID":"fb1f08fc-1bef-489a-a17c-c8d229a75961","firstParentID":"67ed745c-86a6-4437-bb0f-46dabcc17325","ID":"647a67c0-41fc-475b-b276-b41e3dc9b96a","childs":null,"emcosID":null,"emcosMLID":null,"codMaketTEP":null,"codTEP":null,"WSName":"DB","rangeAddress":"$AD$482:$AD$519","headAddress":"$AD$482","bodyAddress":"$AD$483:$AD$519","_name":"ручное"},"счетчик":{"_level":2,"parentID":"fb1f08fc-1bef-489a-a17c-c8d229a75961","firstParentID":"67ed745c-86a6-4437-bb0f-46dabcc17325","ID":"796e63cc-12c4-45c0-85db-aa5207713b10","childs":null,"emcosID":null,"emcosMLID":null,"codMaketTEP":null,"codTEP":null,"WSName":"DB","rangeAddress":"$AE$482:$AE$519","headAddress":"$AE$482","bodyAddress":"$AE$483:$AE$519","_name":"счетчик"},"по счетчику":{"_level":2,"parentID":"fb1f08fc-1bef-489a-a17c-c8d229a75961","firstParentID":"67ed745c-86a6-4437-bb0f-46dabcc17325","ID":"cf7eb9f2-c0fe-463e-a700-cb69bb1d03cc","childs":null,"emcosID":null,"emcosMLID":null,"codMaketTEP":null,"codTEP":null,"WSName":"DB","rangeAddress":"$AF$482:$AF$519","headAddress":"$AF$482","bodyAddress":"$AF$483:$AF$519","_name":"по счетчику"}},"emcosID":null,"emcosMLID":null,"codMaketTEP":null,"codTEP":null,"WSName":"DB","rangeAddress":"$AA$481:$AF$519","headAddress":"$AA$481:$AF$481","bodyAddress":"$AA$482:$AF$519","_name":"прием"},"отдача":{"_level":1,"parentID":"f6c49b53-e211-4721-9f16-571c30055924","firstParentID":"67ed745c-86a6-4437-bb0f-46dabcc17325","ID":"eb22847c-7892-4482-9c03-f3bf5fbb3e06","childs":{"код":{"_level":2,"parentID":"eb22847c-7892-4482-9c03-f3bf5fbb3e06","firstParentID":"67ed745c-86a6-4437-bb0f-46dabcc17325","ID":"e33fe19d-a922-4952-8a5e-69c0083b848a","childs":null,"emcosID":null,"emcosMLID":null,"codMaketTEP":null,"codTEP":null,"WSName":"DB","rangeAddress":"$AG$482:$AG$519","headAddress":"$AG$482","bodyAddress":"$AG$483:$AG$519","_name":"код"},"основное":{"_level":2,"parentID":"eb22847c-7892-4482-9c03-f3bf5fbb3e06","firstParentID":"67ed745c-86a6-4437-bb0f-46dabcc17325","ID":"79f4509b-aab1-4627-930a-fcdc0ebfb17c","childs":null,"emcosID":null,"emcosMLID":null,"codMaketTEP":null,"codTEP":null,"WSName":"DB","rangeAddress":"$AH$482:$AH$519","headAddress":"$AH$482","bodyAddress":"$AH$483:$AH$519","_name":"основное"},"корректировка факт":{"_level":2,"parentID":"eb22847c-7892-4482-9c03-f3bf5fbb3e06","firstParentID":"67ed745c-86a6-4437-bb0f-46dabcc17325","ID":"a28913f2-6758-4aa8-b789-2092736b3b75","childs":null,"emcosID":null,"emcosMLID":null,"codMaketTEP":null,"codTEP":null,"WSName":"DB","rangeAddress":"$AI$482:$AI$519","headAddress":"$AI$482","bodyAddress":"$AI$483:$AI$519","_name":"корректировка факт"},"ручное":{"_level":2,"parentID":"eb22847c-7892-4482-9c03-f3bf5fbb3e06","firstParentID":"67ed745c-86a6-4437-bb0f-46dabcc17325","ID":"6192391a-6a78-4faa-b68b-5abd01dca5cb","childs":null,"emcosID":null,"emcosMLID":null,"codMaketTEP":null,"codTEP":null,"WSName":"DB","rangeAddress":"$AJ$482:$AJ$519","headAddress":"$AJ$482","bodyAddress":"$AJ$483:$AJ$519","_name":"ручное"},"счетчик":{"_level":2,"parentID":"eb22847c-7892-4482-9c03-f3bf5fbb3e06","firstParentID":"67ed745c-86a6-4437-bb0f-46dabcc17325","ID":"5b76cb89-be8b-4680-a371-b5fd1e738b2c","childs":null,"emcosID":null,"emcosMLID":null,"codMaketTEP":null,"codTEP":null,"WSName":"DB","rangeAddress":"$AK$482:$AK$519","headAddress":"$AK$482","bodyAddress":"$AK$483:$AK$519","_name":"счетчик"},"по счетчику":{"_level":2,"parentID":"eb22847c-7892-4482-9c03-f3bf5fbb3e06","firstParentID":"67ed745c-86a6-4437-bb0f-46dabcc17325","ID":"794ce7cd-cd56-4444-863c-7e1b9dd5b5af","childs":null,"emcosID":null,"emcosMLID":null,"codMaketTEP":null,"codTEP":null,"WSName":"DB","rangeAddress":"$AL$482:$AL$519","headAddress":"$AL$482","bodyAddress":"$AL$483:$AL$519","_name":"по счетчику"}},"emcosID":null,"emcosMLID":null,"codMaketTEP":null,"codTEP":null,"WSName":"DB","rangeAddress":"$AG$481:$AL$519","headAddress":"$AG$481:$AL$481","bodyAddress":"$AG$482:$AL$519","_name":"отдача"}},"emcosID":null,"emcosMLID":null,"codMaketTEP":null,"codTEP":null,"WSName":"DB","rangeAddress":"$AA$480:$AL$519","headAddress":"$AA$480:$AL$480","bodyAddress":"$AA$481:$AL$519","_name":"АТ1 110 ПС152 Талдыкорган"}},"codPlan":null,"meterCoef":"132","_name":"АТ1 110 ПС152 Талдыкорган"}