{"ID":"6a8f699e-51c2-4056-8187-5d9ce06132d9","childs":{"PS":{"_level":0,"parentID":"6a8f699e-51c2-4056-8187-5d9ce06132d9","firstParentID":"6a8f699e-51c2-4056-8187-5d9ce06132d9","ID":"7c6d806e-c37d-48aa-837d-5e258485b32d","childs":{"отдача":{"_level":1,"parentID":"7c6d806e-c37d-48aa-837d-5e258485b32d","firstParentID":"6a8f699e-51c2-4056-8187-5d9ce06132d9","ID":"53457b78-53e7-49d5-a1ce-0d49326297e1","childs":{"формула":{"_level":2,"parentID":"53457b78-53e7-49d5-a1ce-0d49326297e1","firstParentID":"6a8f699e-51c2-4056-8187-5d9ce06132d9","ID":"b025fb91-4966-4bba-afce-de2f729423e9","childs":null,"emcosID":null,"emcosMLID":null,"codMaketTEP":null,"codTEP":null,"WSName":"PS","rangeAddress":"$U$13:$U$49","headAddress":"$U$13","bodyAddress":"$U$14:$U$49","_name":"формула"}},"emcosID":null,"emcosMLID":null,"codMaketTEP":null,"codTEP":null,"WSName":"PS","rangeAddress":"$U$12:$U$49","headAddress":"$U$12","bodyAddress":"$U$13:$U$49","_name":"отдача"}},"emcosID":null,"emcosMLID":null,"codMaketTEP":null,"codTEP":null,"WSName":"PS","rangeAddress":"$U$11:$U$49","headAddress":"$U$11","bodyAddress":"$U$12:$U$49","_name":"Генерация Алматинского энергоузла Общее"},"DB":{"_level":0,"parentID":"6a8f699e-51c2-4056-8187-5d9ce06132d9","firstParentID":"6a8f699e-51c2-4056-8187-5d9ce06132d9","ID":"11621a84-ad84-4a83-82f5-82cb450183e9","childs":{"отдача":{"_level":1,"parentID":"11621a84-ad84-4a83-82f5-82cb450183e9","firstParentID":"6a8f699e-51c2-4056-8187-5d9ce06132d9","ID":"3bd55bda-ec63-44fb-a6b0-e64d6243f02f","childs":{"код":{"_level":2,"parentID":"3bd55bda-ec63-44fb-a6b0-e64d6243f02f","firstParentID":"6a8f699e-51c2-4056-8187-5d9ce06132d9","ID":"92a107b2-054c-43b0-946d-20853c301123","childs":null,"emcosID":null,"emcosMLID":null,"codMaketTEP":null,"codTEP":null,"WSName":"DB","rangeAddress":"$DV$138:$DV$175","headAddress":"$DV$138","bodyAddress":"$DV$139:$DV$175","_name":"код"},"основное":{"_level":2,"parentID":"3bd55bda-ec63-44fb-a6b0-e64d6243f02f","firstParentID":"6a8f699e-51c2-4056-8187-5d9ce06132d9","ID":"3891ad05-1dfe-449a-8212-0c4bfb55b0ce","childs":null,"emcosID":null,"emcosMLID":null,"codMaketTEP":null,"codTEP":null,"WSName":"DB","rangeAddress":"$DW$138:$DW$175","headAddress":"$DW$138","bodyAddress":"$DW$139:$DW$175","_name":"основное"},"корректировка факт":{"_level":2,"parentID":"3bd55bda-ec63-44fb-a6b0-e64d6243f02f","firstParentID":"6a8f699e-51c2-4056-8187-5d9ce06132d9","ID":"e9ecddad-f926-43b7-8b30-7a79aa2b77dd","childs":null,"emcosID":null,"emcosMLID":null,"codMaketTEP":null,"codTEP":null,"WSName":"DB","rangeAddress":"$DX$138:$DX$175","headAddress":"$DX$138","bodyAddress":"$DX$139:$DX$175","_name":"корректировка факт"},"ручное":{"_level":2,"parentID":"3bd55bda-ec63-44fb-a6b0-e64d6243f02f","firstParentID":"6a8f699e-51c2-4056-8187-5d9ce06132d9","ID":"acbaafe3-da08-4277-b54f-521081e59cb1","childs":null,"emcosID":null,"emcosMLID":null,"codMaketTEP":null,"codTEP":null,"WSName":"DB","rangeAddress":"$DY$138:$DY$175","headAddress":"$DY$138","bodyAddress":"$DY$139:$DY$175","_name":"ручное"},"формула":{"_level":2,"parentID":"3bd55bda-ec63-44fb-a6b0-e64d6243f02f","firstParentID":"6a8f699e-51c2-4056-8187-5d9ce06132d9","ID":"35ce3c17-0c94-4cd2-82f7-e7ad31eaf91d","childs":null,"emcosID":null,"emcosMLID":null,"codMaketTEP":null,"codTEP":null,"WSName":"DB","rangeAddress":"$DZ$138:$DZ$175","headAddress":"$DZ$138","bodyAddress":"$DZ$139:$DZ$175","_name":"формула"}},"emcosID":null,"emcosMLID":null,"codMaketTEP":null,"codTEP":null,"WSName":"DB","rangeAddress":"$DV$137:$DZ$175","headAddress":"$DV$137:$DZ$137","bodyAddress":"$DV$138:$DZ$175","_name":"отдача"}},"emcosID":null,"emcosMLID":null,"codMaketTEP":null,"codTEP":null,"WSName":"DB","rangeAddress":"$DV$136:$DZ$175","headAddress":"$DV$136:$DZ$136","bodyAddress":"$DV$137:$DZ$175","_name":"Генерация Алматинского энергоузла Общее"}},"codPlan":null,"meterCoef":null,"_name":"Генерация Алматинского энергоузла Общее"}