{"ID":"6b82d644-8c98-4975-95e8-9c70d9f60dc5","childs":{"PS":{"_level":0,"parentID":"6b82d644-8c98-4975-95e8-9c70d9f60dc5","firstParentID":"6b82d644-8c98-4975-95e8-9c70d9f60dc5","ID":"15ed2a12-b33e-4012-a9a3-13c2c2a5dac9","childs":{"прием":{"_level":1,"parentID":"15ed2a12-b33e-4012-a9a3-13c2c2a5dac9","firstParentID":"6b82d644-8c98-4975-95e8-9c70d9f60dc5","ID":"89192f7a-456e-4e0b-a188-fb853505370a","childs":{"формула":{"_level":2,"parentID":"89192f7a-456e-4e0b-a188-fb853505370a","firstParentID":"6b82d644-8c98-4975-95e8-9c70d9f60dc5","ID":"2263fd64-bf3d-45db-83ca-a6e2b509398a","childs":null,"emcosID":null,"emcosMLID":null,"codMaketTEP":null,"codTEP":null,"WSName":"PS","rangeAddress":"$R$185:$R$221","headAddress":"$R$185","bodyAddress":"$R$186:$R$221","_name":"формула"}},"emcosID":null,"emcosMLID":null,"codMaketTEP":null,"codTEP":null,"WSName":"PS","rangeAddress":"$R$184:$R$221","headAddress":"$R$184","bodyAddress":"$R$185:$R$221","_name":"прием"}},"emcosID":null,"emcosMLID":null,"codMaketTEP":null,"codTEP":null,"WSName":"PS","rangeAddress":"$R$183:$R$221","headAddress":"$R$183","bodyAddress":"$R$184:$R$221","_name":"Грузовые перевозки КТЖ Алматы"},"DB":{"_level":0,"parentID":"6b82d644-8c98-4975-95e8-9c70d9f60dc5","firstParentID":"6b82d644-8c98-4975-95e8-9c70d9f60dc5","ID":"d7f4a62f-bbdb-4169-b392-35b8e7eb48e1","childs":{"прием":{"_level":1,"parentID":"d7f4a62f-bbdb-4169-b392-35b8e7eb48e1","firstParentID":"6b82d644-8c98-4975-95e8-9c70d9f60dc5","ID":"ce96b6e2-6782-4e3e-832c-9f57a27fb752","childs":{"код":{"_level":2,"parentID":"ce96b6e2-6782-4e3e-832c-9f57a27fb752","firstParentID":"6b82d644-8c98-4975-95e8-9c70d9f60dc5","ID":"0f451208-7c42-40b4-aad0-946b95514ab2","childs":null,"emcosID":null,"emcosMLID":null,"codMaketTEP":null,"codTEP":null,"WSName":"DB","rangeAddress":"$BG$396:$BG$433","headAddress":"$BG$396","bodyAddress":"$BG$397:$BG$433","_name":"код"},"основное":{"_level":2,"parentID":"ce96b6e2-6782-4e3e-832c-9f57a27fb752","firstParentID":"6b82d644-8c98-4975-95e8-9c70d9f60dc5","ID":"a08c0369-2b74-4229-97c6-ee238eeb63fe","childs":null,"emcosID":null,"emcosMLID":null,"codMaketTEP":null,"codTEP":null,"WSName":"DB","rangeAddress":"$BH$396:$BH$433","headAddress":"$BH$396","bodyAddress":"$BH$397:$BH$433","_name":"основное"},"корректировка факт":{"_level":2,"parentID":"ce96b6e2-6782-4e3e-832c-9f57a27fb752","firstParentID":"6b82d644-8c98-4975-95e8-9c70d9f60dc5","ID":"de4f2999-eaf4-4eee-895f-7bf135d05215","childs":null,"emcosID":null,"emcosMLID":null,"codMaketTEP":null,"codTEP":null,"WSName":"DB","rangeAddress":"$BI$396:$BI$433","headAddress":"$BI$396","bodyAddress":"$BI$397:$BI$433","_name":"корректировка факт"},"ручное":{"_level":2,"parentID":"ce96b6e2-6782-4e3e-832c-9f57a27fb752","firstParentID":"6b82d644-8c98-4975-95e8-9c70d9f60dc5","ID":"ce33f475-5d24-45f3-b596-d1a30c11b6a0","childs":null,"emcosID":null,"emcosMLID":null,"codMaketTEP":null,"codTEP":null,"WSName":"DB","rangeAddress":"$BJ$396:$BJ$433","headAddress":"$BJ$396","bodyAddress":"$BJ$397:$BJ$433","_name":"ручное"},"формула":{"_level":2,"parentID":"ce96b6e2-6782-4e3e-832c-9f57a27fb752","firstParentID":"6b82d644-8c98-4975-95e8-9c70d9f60dc5","ID":"bd20ffec-7c49-4b78-a406-797a53cfc4ba","childs":null,"emcosID":null,"emcosMLID":null,"codMaketTEP":null,"codTEP":null,"WSName":"DB","rangeAddress":"$BK$396:$BK$433","headAddress":"$BK$396","bodyAddress":"$BK$397:$BK$433","_name":"формула"}},"emcosID":null,"emcosMLID":null,"codMaketTEP":null,"codTEP":null,"WSName":"DB","rangeAddress":"$BG$395:$BK$433","headAddress":"$BG$395:$BK$395","bodyAddress":"$BG$396:$BK$433","_name":"прием"}},"emcosID":null,"emcosMLID":null,"codMaketTEP":null,"codTEP":null,"WSName":"DB","rangeAddress":"$BG$394:$BK$433","headAddress":"$BG$394:$BK$394","bodyAddress":"$BG$395:$BK$433","_name":"Грузовые перевозки КТЖ Алматы"}},"codPlan":null,"meterCoef":null,"_name":"Грузовые перевозки КТЖ Алматы"}