{"ID":"6c438d79-a336-40ea-a4f5-b32607564a31","childs":{"PS":{"_level":0,"parentID":"6c438d79-a336-40ea-a4f5-b32607564a31","firstParentID":"6c438d79-a336-40ea-a4f5-b32607564a31","ID":"2b163e5e-4466-4bc3-8f6a-41e817d0efdd","childs":{"прием":{"_level":1,"parentID":"2b163e5e-4466-4bc3-8f6a-41e817d0efdd","firstParentID":"6c438d79-a336-40ea-a4f5-b32607564a31","ID":"90d8c07c-eea5-4231-90de-4c74d7ad4e15","childs":{"ручное":{"_level":2,"parentID":"90d8c07c-eea5-4231-90de-4c74d7ad4e15","firstParentID":"6c438d79-a336-40ea-a4f5-b32607564a31","ID":"ab42050b-5afa-42c0-bd99-dd51c239e802","childs":null,"emcosID":null,"emcosMLID":null,"codMaketTEP":null,"codTEP":null,"WSName":"PS","rangeAddress":"$OP$99:$OP$135","headAddress":"$OP$99","bodyAddress":"$OP$100:$OP$135","_name":"ручное"}},"emcosID":null,"emcosMLID":null,"codMaketTEP":null,"codTEP":null,"WSName":"PS","rangeAddress":"$OP$98:$OP$135","headAddress":"$OP$98","bodyAddress":"$OP$99:$OP$135","_name":"прием"},"отдача":{"_level":1,"parentID":"2b163e5e-4466-4bc3-8f6a-41e817d0efdd","firstParentID":"6c438d79-a336-40ea-a4f5-b32607564a31","ID":"8267c64b-5249-4e19-995f-f8b46450faf3","childs":{"ручное":{"_level":2,"parentID":"8267c64b-5249-4e19-995f-f8b46450faf3","firstParentID":"6c438d79-a336-40ea-a4f5-b32607564a31","ID":"8215b505-665b-4af5-a4a4-656b30893c77","childs":null,"emcosID":null,"emcosMLID":null,"codMaketTEP":null,"codTEP":null,"WSName":"PS","rangeAddress":"$OQ$99:$OQ$135","headAddress":"$OQ$99","bodyAddress":"$OQ$100:$OQ$135","_name":"ручное"}},"emcosID":null,"emcosMLID":null,"codMaketTEP":null,"codTEP":null,"WSName":"PS","rangeAddress":"$OQ$98:$OQ$135","headAddress":"$OQ$98","bodyAddress":"$OQ$99:$OQ$135","_name":"отдача"}},"emcosID":null,"emcosMLID":null,"codMaketTEP":null,"codTEP":null,"WSName":"PS","rangeAddress":"$OP$97:$OQ$135","headAddress":"$OP$97:$OQ$97","bodyAddress":"$OP$98:$OQ$135","_name":"ТП1 Жидели тяга"},"DB":{"_level":0,"parentID":"6c438d79-a336-40ea-a4f5-b32607564a31","firstParentID":"6c438d79-a336-40ea-a4f5-b32607564a31","ID":"2b1c619a-cbe3-4ea8-b3d1-c785c44d79ef","childs":{"прием":{"_level":1,"parentID":"2b1c619a-cbe3-4ea8-b3d1-c785c44d79ef","firstParentID":"6c438d79-a336-40ea-a4f5-b32607564a31","ID":"e85f8a76-c2c7-4917-8cb8-0e650c25de02","childs":{"код":{"_level":2,"parentID":"e85f8a76-c2c7-4917-8cb8-0e650c25de02","firstParentID":"6c438d79-a336-40ea-a4f5-b32607564a31","ID":"65565ad5-2a98-4bb5-8b49-d3574fed2e49","childs":null,"emcosID":null,"emcosMLID":null,"codMaketTEP":null,"codTEP":null,"WSName":"DB","rangeAddress":"$BG$353:$BG$390","headAddress":"$BG$353","bodyAddress":"$BG$354:$BG$390","_name":"код"},"основное":{"_level":2,"parentID":"e85f8a76-c2c7-4917-8cb8-0e650c25de02","firstParentID":"6c438d79-a336-40ea-a4f5-b32607564a31","ID":"1dfb5ebc-01e8-4273-9bef-7aff97b8ab03","childs":null,"emcosID":null,"emcosMLID":null,"codMaketTEP":null,"codTEP":null,"WSName":"DB","rangeAddress":"$BH$353:$BH$390","headAddress":"$BH$353","bodyAddress":"$BH$354:$BH$390","_name":"основное"},"корректировка факт":{"_level":2,"parentID":"e85f8a76-c2c7-4917-8cb8-0e650c25de02","firstParentID":"6c438d79-a336-40ea-a4f5-b32607564a31","ID":"738f8aa6-3f52-4ad1-82cf-3667121e3b68","childs":null,"emcosID":null,"emcosMLID":null,"codMaketTEP":null,"codTEP":null,"WSName":"DB","rangeAddress":"$BI$353:$BI$390","headAddress":"$BI$353","bodyAddress":"$BI$354:$BI$390","_name":"корректировка факт"},"ручное":{"_level":2,"parentID":"e85f8a76-c2c7-4917-8cb8-0e650c25de02","firstParentID":"6c438d79-a336-40ea-a4f5-b32607564a31","ID":"4a9994e0-0f48-4844-aef9-fc52bc287302","childs":null,"emcosID":null,"emcosMLID":null,"codMaketTEP":null,"codTEP":null,"WSName":"DB","rangeAddress":"$BJ$353:$BJ$390","headAddress":"$BJ$353","bodyAddress":"$BJ$354:$BJ$390","_name":"ручное"}},"emcosID":null,"emcosMLID":null,"codMaketTEP":null,"codTEP":null,"WSName":"DB","rangeAddress":"$BG$352:$BJ$390","headAddress":"$BG$352:$BJ$352","bodyAddress":"$BG$353:$BJ$390","_name":"прием"},"отдача":{"_level":1,"parentID":"2b1c619a-cbe3-4ea8-b3d1-c785c44d79ef","firstParentID":"6c438d79-a336-40ea-a4f5-b32607564a31","ID":"d030c496-3acd-455c-97c5-444af59b834c","childs":{"код":{"_level":2,"parentID":"d030c496-3acd-455c-97c5-444af59b834c","firstParentID":"6c438d79-a336-40ea-a4f5-b32607564a31","ID":"a73517fa-4b5b-44f1-896a-9575f4a5b7ad","childs":null,"emcosID":null,"emcosMLID":null,"codMaketTEP":null,"codTEP":null,"WSName":"DB","rangeAddress":"$BK$353:$BK$390","headAddress":"$BK$353","bodyAddress":"$BK$354:$BK$390","_name":"код"},"основное":{"_level":2,"parentID":"d030c496-3acd-455c-97c5-444af59b834c","firstParentID":"6c438d79-a336-40ea-a4f5-b32607564a31","ID":"b0bb6415-d369-470a-8be1-a26fed33dc12","childs":null,"emcosID":null,"emcosMLID":null,"codMaketTEP":null,"codTEP":null,"WSName":"DB","rangeAddress":"$BL$353:$BL$390","headAddress":"$BL$353","bodyAddress":"$BL$354:$BL$390","_name":"основное"},"корректировка факт":{"_level":2,"parentID":"d030c496-3acd-455c-97c5-444af59b834c","firstParentID":"6c438d79-a336-40ea-a4f5-b32607564a31","ID":"7fbe0ab0-2054-46ad-b166-e92469e38664","childs":null,"emcosID":null,"emcosMLID":null,"codMaketTEP":null,"codTEP":null,"WSName":"DB","rangeAddress":"$BM$353:$BM$390","headAddress":"$BM$353","bodyAddress":"$BM$354:$BM$390","_name":"корректировка факт"},"ручное":{"_level":2,"parentID":"d030c496-3acd-455c-97c5-444af59b834c","firstParentID":"6c438d79-a336-40ea-a4f5-b32607564a31","ID":"49c5bfa2-b449-4ea5-8723-cec44ac19c85","childs":null,"emcosID":null,"emcosMLID":null,"codMaketTEP":null,"codTEP":null,"WSName":"DB","rangeAddress":"$BN$353:$BN$390","headAddress":"$BN$353","bodyAddress":"$BN$354:$BN$390","_name":"ручное"}},"emcosID":null,"emcosMLID":null,"codMaketTEP":null,"codTEP":null,"WSName":"DB","rangeAddress":"$BK$352:$BN$390","headAddress":"$BK$352:$BN$352","bodyAddress":"$BK$353:$BN$390","_name":"отдача"}},"emcosID":null,"emcosMLID":null,"codMaketTEP":null,"codTEP":null,"WSName":"DB","rangeAddress":"$BG$351:$BN$390","headAddress":"$BG$351:$BN$351","bodyAddress":"$BG$352:$BN$390","_name":"ТП1 Жидели тяга"}},"codPlan":null,"meterCoef":null,"_name":"ТП1 Жидели тяга"}