{"ID":"6edcfe04-8495-4ee5-ac09-a3cc44e3b0aa","childs":{"PS":{"_level":0,"parentID":"6edcfe04-8495-4ee5-ac09-a3cc44e3b0aa","firstParentID":"6edcfe04-8495-4ee5-ac09-a3cc44e3b0aa","ID":"3bc95eb3-1c07-4812-804a-493c7e8fd70e","childs":{"прием":{"_level":1,"parentID":"3bc95eb3-1c07-4812-804a-493c7e8fd70e","firstParentID":"6edcfe04-8495-4ee5-ac09-a3cc44e3b0aa","ID":"7e4fcb68-e41b-422f-8a68-7577784b89f7","childs":{"ручное":{"_level":2,"parentID":"7e4fcb68-e41b-422f-8a68-7577784b89f7","firstParentID":"6edcfe04-8495-4ee5-ac09-a3cc44e3b0aa","ID":"5402d26e-edd1-4cdd-a6b5-7c09009e437f","childs":null,"emcosID":null,"emcosMLID":null,"codMaketTEP":null,"codTEP":null,"WSName":"PS","rangeAddress":"$OL$99:$OL$135","headAddress":"$OL$99","bodyAddress":"$OL$100:$OL$135","_name":"ручное"}},"emcosID":null,"emcosMLID":null,"codMaketTEP":null,"codTEP":null,"WSName":"PS","rangeAddress":"$OL$98:$OL$135","headAddress":"$OL$98","bodyAddress":"$OL$99:$OL$135","_name":"прием"},"отдача":{"_level":1,"parentID":"3bc95eb3-1c07-4812-804a-493c7e8fd70e","firstParentID":"6edcfe04-8495-4ee5-ac09-a3cc44e3b0aa","ID":"c84fd49b-57aa-4e2c-8a1b-9ffd04f7849d","childs":{"ручное":{"_level":2,"parentID":"c84fd49b-57aa-4e2c-8a1b-9ffd04f7849d","firstParentID":"6edcfe04-8495-4ee5-ac09-a3cc44e3b0aa","ID":"820be6b2-2bd9-43c9-ba23-877de8fde513","childs":null,"emcosID":null,"emcosMLID":null,"codMaketTEP":null,"codTEP":null,"WSName":"PS","rangeAddress":"$OM$99:$OM$135","headAddress":"$OM$99","bodyAddress":"$OM$100:$OM$135","_name":"ручное"}},"emcosID":null,"emcosMLID":null,"codMaketTEP":null,"codTEP":null,"WSName":"PS","rangeAddress":"$OM$98:$OM$135","headAddress":"$OM$98","bodyAddress":"$OM$99:$OM$135","_name":"отдача"}},"emcosID":null,"emcosMLID":null,"codMaketTEP":null,"codTEP":null,"WSName":"PS","rangeAddress":"$OL$97:$OM$135","headAddress":"$OL$97:$OM$97","bodyAddress":"$OL$98:$OM$135","_name":"ТП3 Кияхты тяга"},"DB":{"_level":0,"parentID":"6edcfe04-8495-4ee5-ac09-a3cc44e3b0aa","firstParentID":"6edcfe04-8495-4ee5-ac09-a3cc44e3b0aa","ID":"bd835b2c-dfaa-4a94-80d7-8495302adaeb","childs":{"прием":{"_level":1,"parentID":"bd835b2c-dfaa-4a94-80d7-8495302adaeb","firstParentID":"6edcfe04-8495-4ee5-ac09-a3cc44e3b0aa","ID":"f6a65ceb-ce51-4d94-8f05-e1a5a0c7e142","childs":{"код":{"_level":2,"parentID":"f6a65ceb-ce51-4d94-8f05-e1a5a0c7e142","firstParentID":"6edcfe04-8495-4ee5-ac09-a3cc44e3b0aa","ID":"8812b573-e242-4f46-bcde-5500b32a0522","childs":null,"emcosID":null,"emcosMLID":null,"codMaketTEP":null,"codTEP":null,"WSName":"DB","rangeAddress":"$N$353:$N$390","headAddress":"$N$353","bodyAddress":"$N$354:$N$390","_name":"код"},"основное":{"_level":2,"parentID":"f6a65ceb-ce51-4d94-8f05-e1a5a0c7e142","firstParentID":"6edcfe04-8495-4ee5-ac09-a3cc44e3b0aa","ID":"517c625b-837d-46b7-a925-9866f5bf2757","childs":null,"emcosID":null,"emcosMLID":null,"codMaketTEP":null,"codTEP":null,"WSName":"DB","rangeAddress":"$O$353:$O$390","headAddress":"$O$353","bodyAddress":"$O$354:$O$390","_name":"основное"},"корректировка факт":{"_level":2,"parentID":"f6a65ceb-ce51-4d94-8f05-e1a5a0c7e142","firstParentID":"6edcfe04-8495-4ee5-ac09-a3cc44e3b0aa","ID":"e61ff795-5f2d-42fd-8334-17a387a98629","childs":null,"emcosID":null,"emcosMLID":null,"codMaketTEP":null,"codTEP":null,"WSName":"DB","rangeAddress":"$P$353:$P$390","headAddress":"$P$353","bodyAddress":"$P$354:$P$390","_name":"корректировка факт"},"ручное":{"_level":2,"parentID":"f6a65ceb-ce51-4d94-8f05-e1a5a0c7e142","firstParentID":"6edcfe04-8495-4ee5-ac09-a3cc44e3b0aa","ID":"868f1262-22da-44a6-a358-6b7245470d80","childs":null,"emcosID":null,"emcosMLID":null,"codMaketTEP":null,"codTEP":null,"WSName":"DB","rangeAddress":"$Q$353:$Q$390","headAddress":"$Q$353","bodyAddress":"$Q$354:$Q$390","_name":"ручное"}},"emcosID":null,"emcosMLID":null,"codMaketTEP":null,"codTEP":null,"WSName":"DB","rangeAddress":"$N$352:$Q$390","headAddress":"$N$352:$Q$352","bodyAddress":"$N$353:$Q$390","_name":"прием"},"отдача":{"_level":1,"parentID":"bd835b2c-dfaa-4a94-80d7-8495302adaeb","firstParentID":"6edcfe04-8495-4ee5-ac09-a3cc44e3b0aa","ID":"f7d8b425-f0ad-4c5f-bc97-cec724ec745e","childs":{"код":{"_level":2,"parentID":"f7d8b425-f0ad-4c5f-bc97-cec724ec745e","firstParentID":"6edcfe04-8495-4ee5-ac09-a3cc44e3b0aa","ID":"17234d02-840a-42f5-8fd3-01b4c72934ae","childs":null,"emcosID":null,"emcosMLID":null,"codMaketTEP":null,"codTEP":null,"WSName":"DB","rangeAddress":"$R$353:$R$390","headAddress":"$R$353","bodyAddress":"$R$354:$R$390","_name":"код"},"основное":{"_level":2,"parentID":"f7d8b425-f0ad-4c5f-bc97-cec724ec745e","firstParentID":"6edcfe04-8495-4ee5-ac09-a3cc44e3b0aa","ID":"af1c904a-0981-4246-a2cf-e181d03e07c1","childs":null,"emcosID":null,"emcosMLID":null,"codMaketTEP":null,"codTEP":null,"WSName":"DB","rangeAddress":"$S$353:$S$390","headAddress":"$S$353","bodyAddress":"$S$354:$S$390","_name":"основное"},"корректировка факт":{"_level":2,"parentID":"f7d8b425-f0ad-4c5f-bc97-cec724ec745e","firstParentID":"6edcfe04-8495-4ee5-ac09-a3cc44e3b0aa","ID":"f7a3aa37-4cc6-4af5-8f01-ea068ef9f000","childs":null,"emcosID":null,"emcosMLID":null,"codMaketTEP":null,"codTEP":null,"WSName":"DB","rangeAddress":"$T$353:$T$390","headAddress":"$T$353","bodyAddress":"$T$354:$T$390","_name":"корректировка факт"},"ручное":{"_level":2,"parentID":"f7d8b425-f0ad-4c5f-bc97-cec724ec745e","firstParentID":"6edcfe04-8495-4ee5-ac09-a3cc44e3b0aa","ID":"b14f9660-c728-4978-bf05-338cb02737dc","childs":null,"emcosID":null,"emcosMLID":null,"codMaketTEP":null,"codTEP":null,"WSName":"DB","rangeAddress":"$U$353:$U$390","headAddress":"$U$353","bodyAddress":"$U$354:$U$390","_name":"ручное"}},"emcosID":null,"emcosMLID":null,"codMaketTEP":null,"codTEP":null,"WSName":"DB","rangeAddress":"$R$352:$U$390","headAddress":"$R$352:$U$352","bodyAddress":"$R$353:$U$390","_name":"отдача"}},"emcosID":null,"emcosMLID":null,"codMaketTEP":null,"codTEP":null,"WSName":"DB","rangeAddress":"$N$351:$U$390","headAddress":"$N$351:$U$351","bodyAddress":"$N$352:$U$390","_name":"ТП3 Кияхты тяга"}},"codPlan":null,"meterCoef":null,"_name":"ТП3 Кияхты тяга"}