{"ID":"6f5bbcdb-6f81-4939-86db-4e400066a983","childs":{"PS":{"_level":0,"parentID":"6f5bbcdb-6f81-4939-86db-4e400066a983","firstParentID":"6f5bbcdb-6f81-4939-86db-4e400066a983","ID":"45cbced1-dc8e-4bcc-97a4-3df444123c53","childs":{"прием":{"_level":1,"parentID":"45cbced1-dc8e-4bcc-97a4-3df444123c53","firstParentID":"6f5bbcdb-6f81-4939-86db-4e400066a983","ID":"b7449c6c-9577-4a7c-98e1-cb69e046a62e","childs":{"по счетчику":{"_level":2,"parentID":"b7449c6c-9577-4a7c-98e1-cb69e046a62e","firstParentID":"6f5bbcdb-6f81-4939-86db-4e400066a983","ID":"285364f8-b935-44eb-9c63-363157e56bf4","childs":null,"emcosID":null,"emcosMLID":null,"codMaketTEP":null,"codTEP":null,"WSName":"PS","rangeAddress":"$GP$99:$GP$135","headAddress":"$GP$99","bodyAddress":"$GP$100:$GP$135","_name":"по счетчику"},"СЧЕТЧИК":{"_level":2,"parentID":"b7449c6c-9577-4a7c-98e1-cb69e046a62e","firstParentID":"6f5bbcdb-6f81-4939-86db-4e400066a983","ID":"73f16e68-394c-45c4-b8d7-191f69496877","childs":null,"emcosID":null,"emcosMLID":null,"codMaketTEP":null,"codTEP":null,"WSName":"PS","rangeAddress":"$GQ$99:$GQ$135","headAddress":"$GQ$99","bodyAddress":"$GQ$100:$GQ$135","_name":"СЧЕТЧИК"}},"emcosID":null,"emcosMLID":null,"codMaketTEP":null,"codTEP":null,"WSName":"PS","rangeAddress":"$GP$98:$GQ$135","headAddress":"$GP$98:$GQ$98","bodyAddress":"$GP$99:$GQ$135","_name":"прием"},"отдача":{"_level":1,"parentID":"45cbced1-dc8e-4bcc-97a4-3df444123c53","firstParentID":"6f5bbcdb-6f81-4939-86db-4e400066a983","ID":"79918450-8983-40f5-b29b-d9dd2729e80c","childs":{"по счетчику":{"_level":2,"parentID":"79918450-8983-40f5-b29b-d9dd2729e80c","firstParentID":"6f5bbcdb-6f81-4939-86db-4e400066a983","ID":"634df6f5-550a-47c9-8958-a84bbc3713aa","childs":null,"emcosID":null,"emcosMLID":null,"codMaketTEP":null,"codTEP":null,"WSName":"PS","rangeAddress":"$GR$99:$GR$135","headAddress":"$GR$99","bodyAddress":"$GR$100:$GR$135","_name":"по счетчику"},"СЧЕТЧИК":{"_level":2,"parentID":"79918450-8983-40f5-b29b-d9dd2729e80c","firstParentID":"6f5bbcdb-6f81-4939-86db-4e400066a983","ID":"65fc293a-a550-4f92-bfd2-c8366661ee1d","childs":null,"emcosID":null,"emcosMLID":null,"codMaketTEP":null,"codTEP":null,"WSName":"PS","rangeAddress":"$GS$99:$GS$135","headAddress":"$GS$99","bodyAddress":"$GS$100:$GS$135","_name":"СЧЕТЧИК"}},"emcosID":null,"emcosMLID":null,"codMaketTEP":null,"codTEP":null,"WSName":"PS","rangeAddress":"$GR$98:$GS$135","headAddress":"$GR$98:$GS$98","bodyAddress":"$GR$99:$GS$135","_name":"отдача"}},"emcosID":null,"emcosMLID":null,"codMaketTEP":null,"codTEP":null,"WSName":"PS","rangeAddress":"$GP$97:$GS$135","headAddress":"$GP$97:$GS$97","bodyAddress":"$GP$98:$GS$135","_name":"КЛ37 ПС152 Талдыкорган"},"DB":{"_level":0,"parentID":"6f5bbcdb-6f81-4939-86db-4e400066a983","firstParentID":"6f5bbcdb-6f81-4939-86db-4e400066a983","ID":"f0c44f0c-df6d-4ed9-9f80-755bbd31f953","childs":{"прием":{"_level":1,"parentID":"f0c44f0c-df6d-4ed9-9f80-755bbd31f953","firstParentID":"6f5bbcdb-6f81-4939-86db-4e400066a983","ID":"bb26fb84-3e7a-4349-81b8-d71acd30f1e5","childs":{"код":{"_level":2,"parentID":"bb26fb84-3e7a-4349-81b8-d71acd30f1e5","firstParentID":"6f5bbcdb-6f81-4939-86db-4e400066a983","ID":"947b46cf-075a-42a0-a7f2-2609ef88a79b","childs":null,"emcosID":null,"emcosMLID":null,"codMaketTEP":null,"codTEP":null,"WSName":"DB","rangeAddress":"$JE$525:$JE$562","headAddress":"$JE$525","bodyAddress":"$JE$526:$JE$562","_name":"код"},"основное":{"_level":2,"parentID":"bb26fb84-3e7a-4349-81b8-d71acd30f1e5","firstParentID":"6f5bbcdb-6f81-4939-86db-4e400066a983","ID":"c8a98283-c7a8-4c87-a2fe-2ec54d13a4d2","childs":null,"emcosID":null,"emcosMLID":null,"codMaketTEP":null,"codTEP":null,"WSName":"DB","rangeAddress":"$JF$525:$JF$562","headAddress":"$JF$525","bodyAddress":"$JF$526:$JF$562","_name":"основное"},"корректировка факт":{"_level":2,"parentID":"bb26fb84-3e7a-4349-81b8-d71acd30f1e5","firstParentID":"6f5bbcdb-6f81-4939-86db-4e400066a983","ID":"f8c70a56-a225-4d6c-9222-e47e27637c0d","childs":null,"emcosID":null,"emcosMLID":null,"codMaketTEP":null,"codTEP":null,"WSName":"DB","rangeAddress":"$JG$525:$JG$562","headAddress":"$JG$525","bodyAddress":"$JG$526:$JG$562","_name":"корректировка факт"},"ручное":{"_level":2,"parentID":"bb26fb84-3e7a-4349-81b8-d71acd30f1e5","firstParentID":"6f5bbcdb-6f81-4939-86db-4e400066a983","ID":"12cd0a01-b89d-4980-9179-045d4137fcd9","childs":null,"emcosID":null,"emcosMLID":null,"codMaketTEP":null,"codTEP":null,"WSName":"DB","rangeAddress":"$JH$525:$JH$562","headAddress":"$JH$525","bodyAddress":"$JH$526:$JH$562","_name":"ручное"},"счетчик":{"_level":2,"parentID":"bb26fb84-3e7a-4349-81b8-d71acd30f1e5","firstParentID":"6f5bbcdb-6f81-4939-86db-4e400066a983","ID":"6181db2a-372c-47f5-8714-511dff196f27","childs":null,"emcosID":null,"emcosMLID":null,"codMaketTEP":null,"codTEP":null,"WSName":"DB","rangeAddress":"$JI$525:$JI$562","headAddress":"$JI$525","bodyAddress":"$JI$526:$JI$562","_name":"счетчик"},"по счетчику":{"_level":2,"parentID":"bb26fb84-3e7a-4349-81b8-d71acd30f1e5","firstParentID":"6f5bbcdb-6f81-4939-86db-4e400066a983","ID":"3eb4e2c1-84d8-4d56-bf5e-20120c45f3c5","childs":null,"emcosID":null,"emcosMLID":null,"codMaketTEP":null,"codTEP":null,"WSName":"DB","rangeAddress":"$JJ$525:$JJ$562","headAddress":"$JJ$525","bodyAddress":"$JJ$526:$JJ$562","_name":"по счетчику"}},"emcosID":null,"emcosMLID":null,"codMaketTEP":null,"codTEP":null,"WSName":"DB","rangeAddress":"$JE$524:$JJ$562","headAddress":"$JE$524:$JJ$524","bodyAddress":"$JE$525:$JJ$562","_name":"прием"},"отдача":{"_level":1,"parentID":"f0c44f0c-df6d-4ed9-9f80-755bbd31f953","firstParentID":"6f5bbcdb-6f81-4939-86db-4e400066a983","ID":"75e6f8c8-bead-455e-a92f-4cca71c6bbcd","childs":{"код":{"_level":2,"parentID":"75e6f8c8-bead-455e-a92f-4cca71c6bbcd","firstParentID":"6f5bbcdb-6f81-4939-86db-4e400066a983","ID":"52afd1b4-3391-4cfc-9f33-be5f97e461fc","childs":null,"emcosID":null,"emcosMLID":null,"codMaketTEP":null,"codTEP":null,"WSName":"DB","rangeAddress":"$JK$525:$JK$562","headAddress":"$JK$525","bodyAddress":"$JK$526:$JK$562","_name":"код"},"основное":{"_level":2,"parentID":"75e6f8c8-bead-455e-a92f-4cca71c6bbcd","firstParentID":"6f5bbcdb-6f81-4939-86db-4e400066a983","ID":"9b4a6fbf-dcc0-4403-b788-105ff78e069b","childs":null,"emcosID":null,"emcosMLID":null,"codMaketTEP":null,"codTEP":null,"WSName":"DB","rangeAddress":"$JL$525:$JL$562","headAddress":"$JL$525","bodyAddress":"$JL$526:$JL$562","_name":"основное"},"корректировка факт":{"_level":2,"parentID":"75e6f8c8-bead-455e-a92f-4cca71c6bbcd","firstParentID":"6f5bbcdb-6f81-4939-86db-4e400066a983","ID":"56005f97-9423-4a47-be65-5630c2cc53f5","childs":null,"emcosID":null,"emcosMLID":null,"codMaketTEP":null,"codTEP":null,"WSName":"DB","rangeAddress":"$JM$525:$JM$562","headAddress":"$JM$525","bodyAddress":"$JM$526:$JM$562","_name":"корректировка факт"},"ручное":{"_level":2,"parentID":"75e6f8c8-bead-455e-a92f-4cca71c6bbcd","firstParentID":"6f5bbcdb-6f81-4939-86db-4e400066a983","ID":"845b57da-7ff2-411d-8ff7-b51c061a55a8","childs":null,"emcosID":null,"emcosMLID":null,"codMaketTEP":null,"codTEP":null,"WSName":"DB","rangeAddress":"$JN$525:$JN$562","headAddress":"$JN$525","bodyAddress":"$JN$526:$JN$562","_name":"ручное"},"счетчик":{"_level":2,"parentID":"75e6f8c8-bead-455e-a92f-4cca71c6bbcd","firstParentID":"6f5bbcdb-6f81-4939-86db-4e400066a983","ID":"d19afd08-5c49-41df-85ad-e94d8e035d8c","childs":null,"emcosID":null,"emcosMLID":null,"codMaketTEP":null,"codTEP":null,"WSName":"DB","rangeAddress":"$JO$525:$JO$562","headAddress":"$JO$525","bodyAddress":"$JO$526:$JO$562","_name":"счетчик"},"по счетчику":{"_level":2,"parentID":"75e6f8c8-bead-455e-a92f-4cca71c6bbcd","firstParentID":"6f5bbcdb-6f81-4939-86db-4e400066a983","ID":"c53c5c4d-3ad5-45b0-8ae4-f042f93395b4","childs":null,"emcosID":null,"emcosMLID":null,"codMaketTEP":null,"codTEP":null,"WSName":"DB","rangeAddress":"$JP$525:$JP$562","headAddress":"$JP$525","bodyAddress":"$JP$526:$JP$562","_name":"по счетчику"}},"emcosID":null,"emcosMLID":null,"codMaketTEP":null,"codTEP":null,"WSName":"DB","rangeAddress":"$JK$524:$JP$562","headAddress":"$JK$524:$JP$524","bodyAddress":"$JK$525:$JP$562","_name":"отдача"}},"emcosID":null,"emcosMLID":null,"codMaketTEP":null,"codTEP":null,"WSName":"DB","rangeAddress":"$JE$523:$JP$562","headAddress":"$JE$523:$JP$523","bodyAddress":"$JE$524:$JP$562","_name":"КЛ37 ПС152 Талдыкорган"}},"codPlan":null,"meterCoef":"8","_name":"КЛ37 ПС152 Талдыкорган"}