{"ID":"717285f7-4839-479a-b832-0fd92e41c650","childs":{"PS":{"_level":0,"parentID":"717285f7-4839-479a-b832-0fd92e41c650","firstParentID":"717285f7-4839-479a-b832-0fd92e41c650","ID":"395c6e86-542d-4a96-93df-1f0d5c4d6665","childs":{"прием":{"_level":1,"parentID":"395c6e86-542d-4a96-93df-1f0d5c4d6665","firstParentID":"717285f7-4839-479a-b832-0fd92e41c650","ID":"ab1be110-efd8-4f8e-9f90-85d8c787ed48","childs":{"ручное":{"_level":2,"parentID":"ab1be110-efd8-4f8e-9f90-85d8c787ed48","firstParentID":"717285f7-4839-479a-b832-0fd92e41c650","ID":"09388f13-a1ef-46fc-992f-c8bad45e41a1","childs":null,"emcosID":null,"emcosMLID":null,"codMaketTEP":null,"codTEP":null,"WSName":"PS","rangeAddress":"$OH$99:$OH$135","headAddress":"$OH$99","bodyAddress":"$OH$100:$OH$135","_name":"ручное"}},"emcosID":null,"emcosMLID":null,"codMaketTEP":null,"codTEP":null,"WSName":"PS","rangeAddress":"$OH$98:$OH$135","headAddress":"$OH$98","bodyAddress":"$OH$99:$OH$135","_name":"прием"},"отдача":{"_level":1,"parentID":"395c6e86-542d-4a96-93df-1f0d5c4d6665","firstParentID":"717285f7-4839-479a-b832-0fd92e41c650","ID":"bef3f89f-2eb5-4a0c-b7ba-78f528b2c8ec","childs":{"ручное":{"_level":2,"parentID":"bef3f89f-2eb5-4a0c-b7ba-78f528b2c8ec","firstParentID":"717285f7-4839-479a-b832-0fd92e41c650","ID":"c6c9b97b-794b-4ea8-8015-d2454fd4eaab","childs":null,"emcosID":null,"emcosMLID":null,"codMaketTEP":null,"codTEP":null,"WSName":"PS","rangeAddress":"$OI$99:$OI$135","headAddress":"$OI$99","bodyAddress":"$OI$100:$OI$135","_name":"ручное"}},"emcosID":null,"emcosMLID":null,"codMaketTEP":null,"codTEP":null,"WSName":"PS","rangeAddress":"$OI$98:$OI$135","headAddress":"$OI$98","bodyAddress":"$OI$99:$OI$135","_name":"отдача"}},"emcosID":null,"emcosMLID":null,"codMaketTEP":null,"codTEP":null,"WSName":"PS","rangeAddress":"$OH$97:$OI$135","headAddress":"$OH$97:$OI$97","bodyAddress":"$OH$98:$OI$135","_name":"ТП1 Кияхты тяга"},"DB":{"_level":0,"parentID":"717285f7-4839-479a-b832-0fd92e41c650","firstParentID":"717285f7-4839-479a-b832-0fd92e41c650","ID":"64825ccf-c125-4e76-8abc-174766b47933","childs":{"прием":{"_level":1,"parentID":"64825ccf-c125-4e76-8abc-174766b47933","firstParentID":"717285f7-4839-479a-b832-0fd92e41c650","ID":"5f61fcc3-4c9e-4ded-b361-bffb383601c5","childs":{"код":{"_level":2,"parentID":"5f61fcc3-4c9e-4ded-b361-bffb383601c5","firstParentID":"717285f7-4839-479a-b832-0fd92e41c650","ID":"d67526de-902a-4f03-bf0b-e19ce43d139e","childs":null,"emcosID":null,"emcosMLID":null,"codMaketTEP":null,"codTEP":null,"WSName":"DB","rangeAddress":"$AD$353:$AD$390","headAddress":"$AD$353","bodyAddress":"$AD$354:$AD$390","_name":"код"},"основное":{"_level":2,"parentID":"5f61fcc3-4c9e-4ded-b361-bffb383601c5","firstParentID":"717285f7-4839-479a-b832-0fd92e41c650","ID":"48e0726f-804e-48c8-b954-ebf3cbfb7716","childs":null,"emcosID":null,"emcosMLID":null,"codMaketTEP":null,"codTEP":null,"WSName":"DB","rangeAddress":"$AE$353:$AE$390","headAddress":"$AE$353","bodyAddress":"$AE$354:$AE$390","_name":"основное"},"корректировка факт":{"_level":2,"parentID":"5f61fcc3-4c9e-4ded-b361-bffb383601c5","firstParentID":"717285f7-4839-479a-b832-0fd92e41c650","ID":"ba571ebf-7cdc-48b1-987d-3c80981afc86","childs":null,"emcosID":null,"emcosMLID":null,"codMaketTEP":null,"codTEP":null,"WSName":"DB","rangeAddress":"$AF$353:$AF$390","headAddress":"$AF$353","bodyAddress":"$AF$354:$AF$390","_name":"корректировка факт"},"ручное":{"_level":2,"parentID":"5f61fcc3-4c9e-4ded-b361-bffb383601c5","firstParentID":"717285f7-4839-479a-b832-0fd92e41c650","ID":"a9ba11af-78ea-4ed5-b834-f3bc5122c9cf","childs":null,"emcosID":null,"emcosMLID":null,"codMaketTEP":null,"codTEP":null,"WSName":"DB","rangeAddress":"$AG$353:$AG$390","headAddress":"$AG$353","bodyAddress":"$AG$354:$AG$390","_name":"ручное"}},"emcosID":null,"emcosMLID":null,"codMaketTEP":null,"codTEP":null,"WSName":"DB","rangeAddress":"$AD$352:$AG$390","headAddress":"$AD$352:$AG$352","bodyAddress":"$AD$353:$AG$390","_name":"прием"},"отдача":{"_level":1,"parentID":"64825ccf-c125-4e76-8abc-174766b47933","firstParentID":"717285f7-4839-479a-b832-0fd92e41c650","ID":"c002c785-d76a-40c5-a52c-9314c30ecee0","childs":{"код":{"_level":2,"parentID":"c002c785-d76a-40c5-a52c-9314c30ecee0","firstParentID":"717285f7-4839-479a-b832-0fd92e41c650","ID":"d272f6af-7157-48da-9d92-a8e3c797fe1c","childs":null,"emcosID":null,"emcosMLID":null,"codMaketTEP":null,"codTEP":null,"WSName":"DB","rangeAddress":"$AH$353:$AH$390","headAddress":"$AH$353","bodyAddress":"$AH$354:$AH$390","_name":"код"},"основное":{"_level":2,"parentID":"c002c785-d76a-40c5-a52c-9314c30ecee0","firstParentID":"717285f7-4839-479a-b832-0fd92e41c650","ID":"4d73e261-7f7d-4956-a4f0-26b641f40921","childs":null,"emcosID":null,"emcosMLID":null,"codMaketTEP":null,"codTEP":null,"WSName":"DB","rangeAddress":"$AI$353:$AI$390","headAddress":"$AI$353","bodyAddress":"$AI$354:$AI$390","_name":"основное"},"корректировка факт":{"_level":2,"parentID":"c002c785-d76a-40c5-a52c-9314c30ecee0","firstParentID":"717285f7-4839-479a-b832-0fd92e41c650","ID":"a3b3c244-7224-46ba-b862-b2287bf3f36b","childs":null,"emcosID":null,"emcosMLID":null,"codMaketTEP":null,"codTEP":null,"WSName":"DB","rangeAddress":"$AJ$353:$AJ$390","headAddress":"$AJ$353","bodyAddress":"$AJ$354:$AJ$390","_name":"корректировка факт"},"ручное":{"_level":2,"parentID":"c002c785-d76a-40c5-a52c-9314c30ecee0","firstParentID":"717285f7-4839-479a-b832-0fd92e41c650","ID":"5f359f8d-a971-4231-94ea-2b5b042f3b6e","childs":null,"emcosID":null,"emcosMLID":null,"codMaketTEP":null,"codTEP":null,"WSName":"DB","rangeAddress":"$AK$353:$AK$390","headAddress":"$AK$353","bodyAddress":"$AK$354:$AK$390","_name":"ручное"}},"emcosID":null,"emcosMLID":null,"codMaketTEP":null,"codTEP":null,"WSName":"DB","rangeAddress":"$AH$352:$AK$390","headAddress":"$AH$352:$AK$352","bodyAddress":"$AH$353:$AK$390","_name":"отдача"}},"emcosID":null,"emcosMLID":null,"codMaketTEP":null,"codTEP":null,"WSName":"DB","rangeAddress":"$AD$351:$AK$390","headAddress":"$AD$351:$AK$351","bodyAddress":"$AD$352:$AK$390","_name":"ТП1 Кияхты тяга"}},"codPlan":null,"meterCoef":null,"_name":"ТП1 Кияхты тяга"}