{"ID":"717285f7-4839-479a-b832-0fd92e41c650","childs":{"PS":{"_level":0,"parentID":"717285f7-4839-479a-b832-0fd92e41c650","firstParentID":"717285f7-4839-479a-b832-0fd92e41c650","ID":"395c6e86-542d-4a96-93df-1f0d5c4d6665","childs":{"прием":{"_level":1,"parentID":"395c6e86-542d-4a96-93df-1f0d5c4d6665","firstParentID":"717285f7-4839-479a-b832-0fd92e41c650","ID":"ab1be110-efd8-4f8e-9f90-85d8c787ed48","childs":{"ручное":{"_level":2,"parentID":"ab1be110-efd8-4f8e-9f90-85d8c787ed48","firstParentID":"717285f7-4839-479a-b832-0fd92e41c650","ID":"09388f13-a1ef-46fc-992f-c8bad45e41a1","childs":null,"emcosID":null,"emcosMLID":null,"codMaketTEP":null,"codTEP":null,"WSName":"PS","rangeAddress":"$HW$99:$HW$135","headAddress":"$HW$99","bodyAddress":"$HW$100:$HW$135","_name":"ручное"}},"emcosID":null,"emcosMLID":null,"codMaketTEP":null,"codTEP":null,"WSName":"PS","rangeAddress":"$HW$98:$HW$135","headAddress":"$HW$98","bodyAddress":"$HW$99:$HW$135","_name":"прием"},"отдача":{"_level":1,"parentID":"395c6e86-542d-4a96-93df-1f0d5c4d6665","firstParentID":"717285f7-4839-479a-b832-0fd92e41c650","ID":"bef3f89f-2eb5-4a0c-b7ba-78f528b2c8ec","childs":{"ручное":{"_level":2,"parentID":"bef3f89f-2eb5-4a0c-b7ba-78f528b2c8ec","firstParentID":"717285f7-4839-479a-b832-0fd92e41c650","ID":"c6c9b97b-794b-4ea8-8015-d2454fd4eaab","childs":null,"emcosID":null,"emcosMLID":null,"codMaketTEP":null,"codTEP":null,"WSName":"PS","rangeAddress":"$HX$99:$HX$135","headAddress":"$HX$99","bodyAddress":"$HX$100:$HX$135","_name":"ручное"}},"emcosID":null,"emcosMLID":null,"codMaketTEP":null,"codTEP":null,"WSName":"PS","rangeAddress":"$HX$98:$HX$135","headAddress":"$HX$98","bodyAddress":"$HX$99:$HX$135","_name":"отдача"}},"emcosID":null,"emcosMLID":null,"codMaketTEP":null,"codTEP":null,"WSName":"PS","rangeAddress":"$HW$97:$HX$135","headAddress":"$HW$97:$HX$97","bodyAddress":"$HW$98:$HX$135","_name":"ТП1 Кияхты тяга"},"DB":{"_level":0,"parentID":"717285f7-4839-479a-b832-0fd92e41c650","firstParentID":"717285f7-4839-479a-b832-0fd92e41c650","ID":"64825ccf-c125-4e76-8abc-174766b47933","childs":{"прием":{"_level":1,"parentID":"64825ccf-c125-4e76-8abc-174766b47933","firstParentID":"717285f7-4839-479a-b832-0fd92e41c650","ID":"5f61fcc3-4c9e-4ded-b361-bffb383601c5","childs":{"код":{"_level":2,"parentID":"5f61fcc3-4c9e-4ded-b361-bffb383601c5","firstParentID":"717285f7-4839-479a-b832-0fd92e41c650","ID":"d67526de-902a-4f03-bf0b-e19ce43d139e","childs":null,"emcosID":null,"emcosMLID":null,"codMaketTEP":null,"codTEP":null,"WSName":"DB","rangeAddress":"$BB$353:$BB$390","headAddress":"$BB$353","bodyAddress":"$BB$354:$BB$390","_name":"код"},"основное":{"_level":2,"parentID":"5f61fcc3-4c9e-4ded-b361-bffb383601c5","firstParentID":"717285f7-4839-479a-b832-0fd92e41c650","ID":"48e0726f-804e-48c8-b954-ebf3cbfb7716","childs":null,"emcosID":null,"emcosMLID":null,"codMaketTEP":null,"codTEP":null,"WSName":"DB","rangeAddress":"$BC$353:$BC$390","headAddress":"$BC$353","bodyAddress":"$BC$354:$BC$390","_name":"основное"},"корректировка факт":{"_level":2,"parentID":"5f61fcc3-4c9e-4ded-b361-bffb383601c5","firstParentID":"717285f7-4839-479a-b832-0fd92e41c650","ID":"ba571ebf-7cdc-48b1-987d-3c80981afc86","childs":null,"emcosID":null,"emcosMLID":null,"codMaketTEP":null,"codTEP":null,"WSName":"DB","rangeAddress":"$BD$353:$BD$390","headAddress":"$BD$353","bodyAddress":"$BD$354:$BD$390","_name":"корректировка факт"},"ручное":{"_level":2,"parentID":"5f61fcc3-4c9e-4ded-b361-bffb383601c5","firstParentID":"717285f7-4839-479a-b832-0fd92e41c650","ID":"a9ba11af-78ea-4ed5-b834-f3bc5122c9cf","childs":null,"emcosID":null,"emcosMLID":null,"codMaketTEP":null,"codTEP":null,"WSName":"DB","rangeAddress":"$BE$353:$BE$390","headAddress":"$BE$353","bodyAddress":"$BE$354:$BE$390","_name":"ручное"}},"emcosID":null,"emcosMLID":null,"codMaketTEP":null,"codTEP":null,"WSName":"DB","rangeAddress":"$BB$352:$BE$390","headAddress":"$BB$352:$BE$352","bodyAddress":"$BB$353:$BE$390","_name":"прием"},"отдача":{"_level":1,"parentID":"64825ccf-c125-4e76-8abc-174766b47933","firstParentID":"717285f7-4839-479a-b832-0fd92e41c650","ID":"c002c785-d76a-40c5-a52c-9314c30ecee0","childs":{"код":{"_level":2,"parentID":"c002c785-d76a-40c5-a52c-9314c30ecee0","firstParentID":"717285f7-4839-479a-b832-0fd92e41c650","ID":"d272f6af-7157-48da-9d92-a8e3c797fe1c","childs":null,"emcosID":null,"emcosMLID":null,"codMaketTEP":null,"codTEP":null,"WSName":"DB","rangeAddress":"$BF$353:$BF$390","headAddress":"$BF$353","bodyAddress":"$BF$354:$BF$390","_name":"код"},"основное":{"_level":2,"parentID":"c002c785-d76a-40c5-a52c-9314c30ecee0","firstParentID":"717285f7-4839-479a-b832-0fd92e41c650","ID":"4d73e261-7f7d-4956-a4f0-26b641f40921","childs":null,"emcosID":null,"emcosMLID":null,"codMaketTEP":null,"codTEP":null,"WSName":"DB","rangeAddress":"$BG$353:$BG$390","headAddress":"$BG$353","bodyAddress":"$BG$354:$BG$390","_name":"основное"},"корректировка факт":{"_level":2,"parentID":"c002c785-d76a-40c5-a52c-9314c30ecee0","firstParentID":"717285f7-4839-479a-b832-0fd92e41c650","ID":"a3b3c244-7224-46ba-b862-b2287bf3f36b","childs":null,"emcosID":null,"emcosMLID":null,"codMaketTEP":null,"codTEP":null,"WSName":"DB","rangeAddress":"$BH$353:$BH$390","headAddress":"$BH$353","bodyAddress":"$BH$354:$BH$390","_name":"корректировка факт"},"ручное":{"_level":2,"parentID":"c002c785-d76a-40c5-a52c-9314c30ecee0","firstParentID":"717285f7-4839-479a-b832-0fd92e41c650","ID":"5f359f8d-a971-4231-94ea-2b5b042f3b6e","childs":null,"emcosID":null,"emcosMLID":null,"codMaketTEP":null,"codTEP":null,"WSName":"DB","rangeAddress":"$BI$353:$BI$390","headAddress":"$BI$353","bodyAddress":"$BI$354:$BI$390","_name":"ручное"}},"emcosID":null,"emcosMLID":null,"codMaketTEP":null,"codTEP":null,"WSName":"DB","rangeAddress":"$BF$352:$BI$390","headAddress":"$BF$352:$BI$352","bodyAddress":"$BF$353:$BI$390","_name":"отдача"}},"emcosID":null,"emcosMLID":null,"codMaketTEP":null,"codTEP":null,"WSName":"DB","rangeAddress":"$BB$351:$BI$390","headAddress":"$BB$351:$BI$351","bodyAddress":"$BB$352:$BI$390","_name":"ТП1 Кияхты тяга"}},"codPlan":null,"meterCoef":null,"_name":"ТП1 Кияхты тяга"}