{"ID":"7442c59d-26e3-401a-a0bc-148dddd9359b","childs":{"PS":{"_level":0,"parentID":"7442c59d-26e3-401a-a0bc-148dddd9359b","firstParentID":"7442c59d-26e3-401a-a0bc-148dddd9359b","ID":"fa579ebc-0bc4-45c2-b006-12201543a0b1","childs":{"прием":{"_level":1,"parentID":"fa579ebc-0bc4-45c2-b006-12201543a0b1","firstParentID":"7442c59d-26e3-401a-a0bc-148dddd9359b","ID":"b36e4f8d-4268-4c0a-8105-dbcf5602a2c6","childs":{"по счетчику":{"_level":2,"parentID":"b36e4f8d-4268-4c0a-8105-dbcf5602a2c6","firstParentID":"7442c59d-26e3-401a-a0bc-148dddd9359b","ID":"b66b05b5-80a7-46e2-bbb2-102979c62ace","childs":null,"emcosID":null,"emcosMLID":null,"codMaketTEP":null,"codTEP":null,"WSName":"PS","rangeAddress":"$S$99:$S$135","headAddress":"$S$99","bodyAddress":"$S$100:$S$135","_name":"по счетчику"}},"emcosID":null,"emcosMLID":null,"codMaketTEP":null,"codTEP":null,"WSName":"PS","rangeAddress":"$S$98:$S$135","headAddress":"$S$98","bodyAddress":"$S$99:$S$135","_name":"прием"},"отдача":{"_level":1,"parentID":"fa579ebc-0bc4-45c2-b006-12201543a0b1","firstParentID":"7442c59d-26e3-401a-a0bc-148dddd9359b","ID":"601bcb8c-b838-4280-a388-4bb17382c561","childs":{"по счетчику":{"_level":2,"parentID":"601bcb8c-b838-4280-a388-4bb17382c561","firstParentID":"7442c59d-26e3-401a-a0bc-148dddd9359b","ID":"29991f41-2227-423c-a20c-3032683a8ae3","childs":null,"emcosID":null,"emcosMLID":null,"codMaketTEP":null,"codTEP":null,"WSName":"PS","rangeAddress":"$T$99:$T$135","headAddress":"$T$99","bodyAddress":"$T$100:$T$135","_name":"по счетчику"}},"emcosID":null,"emcosMLID":null,"codMaketTEP":null,"codTEP":null,"WSName":"PS","rangeAddress":"$T$98:$T$135","headAddress":"$T$98","bodyAddress":"$T$99:$T$135","_name":"отдача"}},"emcosID":null,"emcosMLID":null,"codMaketTEP":null,"codTEP":null,"WSName":"PS","rangeAddress":"$S$97:$T$135","headAddress":"$S$97:$T$97","bodyAddress":"$S$98:$T$135","_name":"Л2373 ОРУ 220 МГЭС"},"DB":{"_level":0,"parentID":"7442c59d-26e3-401a-a0bc-148dddd9359b","firstParentID":"7442c59d-26e3-401a-a0bc-148dddd9359b","ID":"378b9b87-76d1-41af-ae4a-fad3a56a4413","childs":{"прием":{"_level":1,"parentID":"378b9b87-76d1-41af-ae4a-fad3a56a4413","firstParentID":"7442c59d-26e3-401a-a0bc-148dddd9359b","ID":"28a2e26b-bbca-4793-99ac-66501b5f3a95","childs":{"код":{"_level":2,"parentID":"28a2e26b-bbca-4793-99ac-66501b5f3a95","firstParentID":"7442c59d-26e3-401a-a0bc-148dddd9359b","ID":"9b7c65c6-aa36-460f-9369-9091adcb0aeb","childs":null,"emcosID":null,"emcosMLID":null,"codMaketTEP":null,"codTEP":null,"WSName":"DB","rangeAddress":"$O$267:$O$304","headAddress":"$O$267","bodyAddress":"$O$268:$O$304","_name":"код"},"основное":{"_level":2,"parentID":"28a2e26b-bbca-4793-99ac-66501b5f3a95","firstParentID":"7442c59d-26e3-401a-a0bc-148dddd9359b","ID":"893af43c-4860-419b-8240-3252b3442078","childs":null,"emcosID":null,"emcosMLID":null,"codMaketTEP":null,"codTEP":null,"WSName":"DB","rangeAddress":"$P$267:$P$304","headAddress":"$P$267","bodyAddress":"$P$268:$P$304","_name":"основное"},"корректировка факт":{"_level":2,"parentID":"28a2e26b-bbca-4793-99ac-66501b5f3a95","firstParentID":"7442c59d-26e3-401a-a0bc-148dddd9359b","ID":"7c457378-cb14-4e6c-8b64-575d97900320","childs":null,"emcosID":null,"emcosMLID":null,"codMaketTEP":null,"codTEP":null,"WSName":"DB","rangeAddress":"$Q$267:$Q$304","headAddress":"$Q$267","bodyAddress":"$Q$268:$Q$304","_name":"корректировка факт"},"ручное":{"_level":2,"parentID":"28a2e26b-bbca-4793-99ac-66501b5f3a95","firstParentID":"7442c59d-26e3-401a-a0bc-148dddd9359b","ID":"9c0ca37c-a224-480f-982a-f0f355c6433f","childs":null,"emcosID":null,"emcosMLID":null,"codMaketTEP":null,"codTEP":null,"WSName":"DB","rangeAddress":"$R$267:$R$304","headAddress":"$R$267","bodyAddress":"$R$268:$R$304","_name":"ручное"},"счетчик":{"_level":2,"parentID":"28a2e26b-bbca-4793-99ac-66501b5f3a95","firstParentID":"7442c59d-26e3-401a-a0bc-148dddd9359b","ID":"d07f2f86-9d33-41f1-992b-3aed9a4a01f1","childs":null,"emcosID":null,"emcosMLID":null,"codMaketTEP":null,"codTEP":null,"WSName":"DB","rangeAddress":"$S$267:$S$304","headAddress":"$S$267","bodyAddress":"$S$268:$S$304","_name":"счетчик"},"по счетчику":{"_level":2,"parentID":"28a2e26b-bbca-4793-99ac-66501b5f3a95","firstParentID":"7442c59d-26e3-401a-a0bc-148dddd9359b","ID":"35dbfc35-fb45-4a26-a2f7-4334081041eb","childs":null,"emcosID":null,"emcosMLID":null,"codMaketTEP":null,"codTEP":null,"WSName":"DB","rangeAddress":"$T$267:$T$304","headAddress":"$T$267","bodyAddress":"$T$268:$T$304","_name":"по счетчику"}},"emcosID":null,"emcosMLID":null,"codMaketTEP":null,"codTEP":null,"WSName":"DB","rangeAddress":"$O$266:$T$304","headAddress":"$O$266:$T$266","bodyAddress":"$O$267:$T$304","_name":"прием"},"отдача":{"_level":1,"parentID":"378b9b87-76d1-41af-ae4a-fad3a56a4413","firstParentID":"7442c59d-26e3-401a-a0bc-148dddd9359b","ID":"e56b43ad-8e1e-47fd-ad93-468764dd81dc","childs":{"код":{"_level":2,"parentID":"e56b43ad-8e1e-47fd-ad93-468764dd81dc","firstParentID":"7442c59d-26e3-401a-a0bc-148dddd9359b","ID":"904cca46-984c-43bd-9ef6-cbdbcc004c1d","childs":null,"emcosID":null,"emcosMLID":null,"codMaketTEP":null,"codTEP":null,"WSName":"DB","rangeAddress":"$U$267:$U$304","headAddress":"$U$267","bodyAddress":"$U$268:$U$304","_name":"код"},"основное":{"_level":2,"parentID":"e56b43ad-8e1e-47fd-ad93-468764dd81dc","firstParentID":"7442c59d-26e3-401a-a0bc-148dddd9359b","ID":"293e3df1-ba7f-4950-a76d-d485d1b968ae","childs":null,"emcosID":null,"emcosMLID":null,"codMaketTEP":null,"codTEP":null,"WSName":"DB","rangeAddress":"$V$267:$V$304","headAddress":"$V$267","bodyAddress":"$V$268:$V$304","_name":"основное"},"корректировка факт":{"_level":2,"parentID":"e56b43ad-8e1e-47fd-ad93-468764dd81dc","firstParentID":"7442c59d-26e3-401a-a0bc-148dddd9359b","ID":"beeaa292-60cb-4e0c-8869-774c7934e68b","childs":null,"emcosID":null,"emcosMLID":null,"codMaketTEP":null,"codTEP":null,"WSName":"DB","rangeAddress":"$W$267:$W$304","headAddress":"$W$267","bodyAddress":"$W$268:$W$304","_name":"корректировка факт"},"ручное":{"_level":2,"parentID":"e56b43ad-8e1e-47fd-ad93-468764dd81dc","firstParentID":"7442c59d-26e3-401a-a0bc-148dddd9359b","ID":"350edc48-9364-41c0-a94d-3ba210e13852","childs":null,"emcosID":null,"emcosMLID":null,"codMaketTEP":null,"codTEP":null,"WSName":"DB","rangeAddress":"$X$267:$X$304","headAddress":"$X$267","bodyAddress":"$X$268:$X$304","_name":"ручное"},"счетчик":{"_level":2,"parentID":"e56b43ad-8e1e-47fd-ad93-468764dd81dc","firstParentID":"7442c59d-26e3-401a-a0bc-148dddd9359b","ID":"a57da7d2-1ce5-4074-bcd0-c16c73b1f884","childs":null,"emcosID":null,"emcosMLID":null,"codMaketTEP":null,"codTEP":null,"WSName":"DB","rangeAddress":"$Y$267:$Y$304","headAddress":"$Y$267","bodyAddress":"$Y$268:$Y$304","_name":"счетчик"},"по счетчику":{"_level":2,"parentID":"e56b43ad-8e1e-47fd-ad93-468764dd81dc","firstParentID":"7442c59d-26e3-401a-a0bc-148dddd9359b","ID":"adfed82d-4d2d-4e69-95f2-5fb91c1048f7","childs":null,"emcosID":null,"emcosMLID":null,"codMaketTEP":null,"codTEP":null,"WSName":"DB","rangeAddress":"$Z$267:$Z$304","headAddress":"$Z$267","bodyAddress":"$Z$268:$Z$304","_name":"по счетчику"}},"emcosID":null,"emcosMLID":null,"codMaketTEP":null,"codTEP":null,"WSName":"DB","rangeAddress":"$U$266:$Z$304","headAddress":"$U$266:$Z$266","bodyAddress":"$U$267:$Z$304","_name":"отдача"}},"emcosID":null,"emcosMLID":null,"codMaketTEP":null,"codTEP":null,"WSName":"DB","rangeAddress":"$O$265:$Z$304","headAddress":"$O$265:$Z$265","bodyAddress":"$O$266:$Z$304","_name":"Л2373 ОРУ 220 МГЭС"}},"codPlan":null,"meterCoef":null,"_name":"Л2373 ОРУ 220 МГЭС"}