{"ID":"754d81f0-5fb8-4ced-b383-c4fa7481b36f","childs":{"PS":{"_level":0,"parentID":"754d81f0-5fb8-4ced-b383-c4fa7481b36f","firstParentID":"754d81f0-5fb8-4ced-b383-c4fa7481b36f","ID":"a1434f10-04a0-4dcb-a5c3-1e48de96f704","childs":{"прием":{"_level":1,"parentID":"a1434f10-04a0-4dcb-a5c3-1e48de96f704","firstParentID":"754d81f0-5fb8-4ced-b383-c4fa7481b36f","ID":"068d0870-6cbe-4928-b0d7-294a3e786ddb","childs":{"по счетчику":{"_level":2,"parentID":"068d0870-6cbe-4928-b0d7-294a3e786ddb","firstParentID":"754d81f0-5fb8-4ced-b383-c4fa7481b36f","ID":"2f070ddd-8a2a-4910-b86a-1b01aaf69dff","childs":null,"emcosID":null,"emcosMLID":null,"codMaketTEP":null,"codTEP":null,"WSName":"PS","rangeAddress":"$AV$99:$AV$135","headAddress":"$AV$99","bodyAddress":"$AV$100:$AV$135","_name":"по счетчику"},"СЧЕТЧИК":{"_level":2,"parentID":"068d0870-6cbe-4928-b0d7-294a3e786ddb","firstParentID":"754d81f0-5fb8-4ced-b383-c4fa7481b36f","ID":"c3043c65-5044-4fd9-bc8c-054251aa9e98","childs":null,"emcosID":null,"emcosMLID":null,"codMaketTEP":null,"codTEP":null,"WSName":"PS","rangeAddress":"$AW$99:$AW$135","headAddress":"$AW$99","bodyAddress":"$AW$100:$AW$135","_name":"СЧЕТЧИК"}},"emcosID":null,"emcosMLID":null,"codMaketTEP":null,"codTEP":null,"WSName":"PS","rangeAddress":"$AV$98:$AW$135","headAddress":"$AV$98:$AW$98","bodyAddress":"$AV$99:$AW$135","_name":"прием"},"отдача":{"_level":1,"parentID":"a1434f10-04a0-4dcb-a5c3-1e48de96f704","firstParentID":"754d81f0-5fb8-4ced-b383-c4fa7481b36f","ID":"3528cdb0-1fe4-4cf1-874a-bb4d9775d3c0","childs":{"по счетчику":{"_level":2,"parentID":"3528cdb0-1fe4-4cf1-874a-bb4d9775d3c0","firstParentID":"754d81f0-5fb8-4ced-b383-c4fa7481b36f","ID":"1d523315-fffd-4bc6-932f-42ec44f4b659","childs":null,"emcosID":null,"emcosMLID":null,"codMaketTEP":null,"codTEP":null,"WSName":"PS","rangeAddress":"$AX$99:$AX$135","headAddress":"$AX$99","bodyAddress":"$AX$100:$AX$135","_name":"по счетчику"},"СЧЕТЧИК":{"_level":2,"parentID":"3528cdb0-1fe4-4cf1-874a-bb4d9775d3c0","firstParentID":"754d81f0-5fb8-4ced-b383-c4fa7481b36f","ID":"8afbc1f0-8190-4996-8a32-0806e56f5809","childs":null,"emcosID":null,"emcosMLID":null,"codMaketTEP":null,"codTEP":null,"WSName":"PS","rangeAddress":"$AY$99:$AY$135","headAddress":"$AY$99","bodyAddress":"$AY$100:$AY$135","_name":"СЧЕТЧИК"}},"emcosID":null,"emcosMLID":null,"codMaketTEP":null,"codTEP":null,"WSName":"PS","rangeAddress":"$AX$98:$AY$135","headAddress":"$AX$98:$AY$98","bodyAddress":"$AX$99:$AY$135","_name":"отдача"}},"emcosID":null,"emcosMLID":null,"codMaketTEP":null,"codTEP":null,"WSName":"PS","rangeAddress":"$AV$97:$AY$135","headAddress":"$AV$97:$AY$97","bodyAddress":"$AV$98:$AY$135","_name":"АТ1 110 ПС126 Талдыкорган"},"DB":{"_level":0,"parentID":"754d81f0-5fb8-4ced-b383-c4fa7481b36f","firstParentID":"754d81f0-5fb8-4ced-b383-c4fa7481b36f","ID":"73d1eab5-2189-42d5-a0d6-bfdd8052c44e","childs":{"прием":{"_level":1,"parentID":"73d1eab5-2189-42d5-a0d6-bfdd8052c44e","firstParentID":"754d81f0-5fb8-4ced-b383-c4fa7481b36f","ID":"d6bbd98a-57f0-4937-88c6-a95ce5ccd9ac","childs":{"код":{"_level":2,"parentID":"d6bbd98a-57f0-4937-88c6-a95ce5ccd9ac","firstParentID":"754d81f0-5fb8-4ced-b383-c4fa7481b36f","ID":"5a9e5206-500e-4d2f-9c5f-d5062258ef1c","childs":null,"emcosID":null,"emcosMLID":null,"codMaketTEP":null,"codTEP":null,"WSName":"DB","rangeAddress":"$BG$525:$BG$562","headAddress":"$BG$525","bodyAddress":"$BG$526:$BG$562","_name":"код"},"основное":{"_level":2,"parentID":"d6bbd98a-57f0-4937-88c6-a95ce5ccd9ac","firstParentID":"754d81f0-5fb8-4ced-b383-c4fa7481b36f","ID":"2f164d99-6d57-4441-ad50-7dd02f5b082a","childs":null,"emcosID":null,"emcosMLID":null,"codMaketTEP":null,"codTEP":null,"WSName":"DB","rangeAddress":"$BH$525:$BH$562","headAddress":"$BH$525","bodyAddress":"$BH$526:$BH$562","_name":"основное"},"корректировка факт":{"_level":2,"parentID":"d6bbd98a-57f0-4937-88c6-a95ce5ccd9ac","firstParentID":"754d81f0-5fb8-4ced-b383-c4fa7481b36f","ID":"06eb521c-b176-4f8c-9e8d-eb5188fd063b","childs":null,"emcosID":null,"emcosMLID":null,"codMaketTEP":null,"codTEP":null,"WSName":"DB","rangeAddress":"$BI$525:$BI$562","headAddress":"$BI$525","bodyAddress":"$BI$526:$BI$562","_name":"корректировка факт"},"ручное":{"_level":2,"parentID":"d6bbd98a-57f0-4937-88c6-a95ce5ccd9ac","firstParentID":"754d81f0-5fb8-4ced-b383-c4fa7481b36f","ID":"0502e083-b2da-426b-94d1-3140594e545b","childs":null,"emcosID":null,"emcosMLID":null,"codMaketTEP":null,"codTEP":null,"WSName":"DB","rangeAddress":"$BJ$525:$BJ$562","headAddress":"$BJ$525","bodyAddress":"$BJ$526:$BJ$562","_name":"ручное"},"счетчик":{"_level":2,"parentID":"d6bbd98a-57f0-4937-88c6-a95ce5ccd9ac","firstParentID":"754d81f0-5fb8-4ced-b383-c4fa7481b36f","ID":"6586ca58-7803-4342-9a9e-18059565d6e7","childs":null,"emcosID":null,"emcosMLID":null,"codMaketTEP":null,"codTEP":null,"WSName":"DB","rangeAddress":"$BK$525:$BK$562","headAddress":"$BK$525","bodyAddress":"$BK$526:$BK$562","_name":"счетчик"},"по счетчику":{"_level":2,"parentID":"d6bbd98a-57f0-4937-88c6-a95ce5ccd9ac","firstParentID":"754d81f0-5fb8-4ced-b383-c4fa7481b36f","ID":"829a3db9-b132-430b-a761-bd853e5621d8","childs":null,"emcosID":null,"emcosMLID":null,"codMaketTEP":null,"codTEP":null,"WSName":"DB","rangeAddress":"$BL$525:$BL$562","headAddress":"$BL$525","bodyAddress":"$BL$526:$BL$562","_name":"по счетчику"}},"emcosID":null,"emcosMLID":null,"codMaketTEP":null,"codTEP":null,"WSName":"DB","rangeAddress":"$BG$524:$BL$562","headAddress":"$BG$524:$BL$524","bodyAddress":"$BG$525:$BL$562","_name":"прием"},"отдача":{"_level":1,"parentID":"73d1eab5-2189-42d5-a0d6-bfdd8052c44e","firstParentID":"754d81f0-5fb8-4ced-b383-c4fa7481b36f","ID":"e95e6af3-f0b4-4240-87e2-fd2a54dcfbc1","childs":{"код":{"_level":2,"parentID":"e95e6af3-f0b4-4240-87e2-fd2a54dcfbc1","firstParentID":"754d81f0-5fb8-4ced-b383-c4fa7481b36f","ID":"c1cb4289-43a7-4a14-8ff1-47bebf46b286","childs":null,"emcosID":null,"emcosMLID":null,"codMaketTEP":null,"codTEP":null,"WSName":"DB","rangeAddress":"$BM$525:$BM$562","headAddress":"$BM$525","bodyAddress":"$BM$526:$BM$562","_name":"код"},"основное":{"_level":2,"parentID":"e95e6af3-f0b4-4240-87e2-fd2a54dcfbc1","firstParentID":"754d81f0-5fb8-4ced-b383-c4fa7481b36f","ID":"718b2f39-c464-40b3-b712-65c42c6ad55f","childs":null,"emcosID":null,"emcosMLID":null,"codMaketTEP":null,"codTEP":null,"WSName":"DB","rangeAddress":"$BN$525:$BN$562","headAddress":"$BN$525","bodyAddress":"$BN$526:$BN$562","_name":"основное"},"корректировка факт":{"_level":2,"parentID":"e95e6af3-f0b4-4240-87e2-fd2a54dcfbc1","firstParentID":"754d81f0-5fb8-4ced-b383-c4fa7481b36f","ID":"43172c42-5477-4fff-bcab-df718eb80bfb","childs":null,"emcosID":null,"emcosMLID":null,"codMaketTEP":null,"codTEP":null,"WSName":"DB","rangeAddress":"$BO$525:$BO$562","headAddress":"$BO$525","bodyAddress":"$BO$526:$BO$562","_name":"корректировка факт"},"ручное":{"_level":2,"parentID":"e95e6af3-f0b4-4240-87e2-fd2a54dcfbc1","firstParentID":"754d81f0-5fb8-4ced-b383-c4fa7481b36f","ID":"399f2105-ae99-4855-adfd-6dc671a56b9a","childs":null,"emcosID":null,"emcosMLID":null,"codMaketTEP":null,"codTEP":null,"WSName":"DB","rangeAddress":"$BP$525:$BP$562","headAddress":"$BP$525","bodyAddress":"$BP$526:$BP$562","_name":"ручное"},"счетчик":{"_level":2,"parentID":"e95e6af3-f0b4-4240-87e2-fd2a54dcfbc1","firstParentID":"754d81f0-5fb8-4ced-b383-c4fa7481b36f","ID":"e0627584-a685-43e0-9724-0aa9129aa6cd","childs":null,"emcosID":null,"emcosMLID":null,"codMaketTEP":null,"codTEP":null,"WSName":"DB","rangeAddress":"$BQ$525:$BQ$562","headAddress":"$BQ$525","bodyAddress":"$BQ$526:$BQ$562","_name":"счетчик"},"по счетчику":{"_level":2,"parentID":"e95e6af3-f0b4-4240-87e2-fd2a54dcfbc1","firstParentID":"754d81f0-5fb8-4ced-b383-c4fa7481b36f","ID":"4ca7a5f7-4a33-4399-97a0-8446538ec6ed","childs":null,"emcosID":null,"emcosMLID":null,"codMaketTEP":null,"codTEP":null,"WSName":"DB","rangeAddress":"$BR$525:$BR$562","headAddress":"$BR$525","bodyAddress":"$BR$526:$BR$562","_name":"по счетчику"}},"emcosID":null,"emcosMLID":null,"codMaketTEP":null,"codTEP":null,"WSName":"DB","rangeAddress":"$BM$524:$BR$562","headAddress":"$BM$524:$BR$524","bodyAddress":"$BM$525:$BR$562","_name":"отдача"}},"emcosID":null,"emcosMLID":null,"codMaketTEP":null,"codTEP":null,"WSName":"DB","rangeAddress":"$BG$523:$BR$562","headAddress":"$BG$523:$BR$523","bodyAddress":"$BG$524:$BR$562","_name":"АТ1 110 ПС126 Талдыкорган"}},"codPlan":null,"meterCoef":"66","_name":"АТ1 110 ПС126 Талдыкорган"}