{"ID":"75691b30-c385-4569-8262-fb4cfc9d492e","childs":{"PS":{"_level":0,"parentID":"75691b30-c385-4569-8262-fb4cfc9d492e","firstParentID":"75691b30-c385-4569-8262-fb4cfc9d492e","ID":"b5ce4315-e3a2-4152-bc0f-489f637fa61d","childs":{"прием":{"_level":1,"parentID":"b5ce4315-e3a2-4152-bc0f-489f637fa61d","firstParentID":"75691b30-c385-4569-8262-fb4cfc9d492e","ID":"5a66eec8-0284-419c-bcc0-09015a7c4ef9","childs":{"по счетчику":{"_level":2,"parentID":"5a66eec8-0284-419c-bcc0-09015a7c4ef9","firstParentID":"75691b30-c385-4569-8262-fb4cfc9d492e","ID":"5a6703d0-4957-403d-86d8-8688235c41c4","childs":null,"emcosID":null,"emcosMLID":null,"codMaketTEP":null,"codTEP":null,"WSName":"PS","rangeAddress":"$GA$99:$GA$135","headAddress":"$GA$99","bodyAddress":"$GA$100:$GA$135","_name":"по счетчику"}},"emcosID":null,"emcosMLID":null,"codMaketTEP":null,"codTEP":null,"WSName":"PS","rangeAddress":"$GA$98:$GA$135","headAddress":"$GA$98","bodyAddress":"$GA$99:$GA$135","_name":"прием"},"отдача":{"_level":1,"parentID":"b5ce4315-e3a2-4152-bc0f-489f637fa61d","firstParentID":"75691b30-c385-4569-8262-fb4cfc9d492e","ID":"73db194c-fcb6-468b-b2a4-3e37bc824b7b","childs":{"по счетчику":{"_level":2,"parentID":"73db194c-fcb6-468b-b2a4-3e37bc824b7b","firstParentID":"75691b30-c385-4569-8262-fb4cfc9d492e","ID":"3ca71805-112f-4dff-b24e-a2f5f05e1b3f","childs":null,"emcosID":null,"emcosMLID":null,"codMaketTEP":null,"codTEP":null,"WSName":"PS","rangeAddress":"$GB$99:$GB$135","headAddress":"$GB$99","bodyAddress":"$GB$100:$GB$135","_name":"по счетчику"}},"emcosID":null,"emcosMLID":null,"codMaketTEP":null,"codTEP":null,"WSName":"PS","rangeAddress":"$GB$98:$GB$135","headAddress":"$GB$98","bodyAddress":"$GB$99:$GB$135","_name":"отдача"}},"emcosID":null,"emcosMLID":null,"codMaketTEP":null,"codTEP":null,"WSName":"PS","rangeAddress":"$GA$97:$GB$135","headAddress":"$GA$97:$GB$97","bodyAddress":"$GA$98:$GB$135","_name":"Л21А Жилпоселок Строительная 120А"},"DB":{"_level":0,"parentID":"75691b30-c385-4569-8262-fb4cfc9d492e","firstParentID":"75691b30-c385-4569-8262-fb4cfc9d492e","ID":"84469878-90ca-4e97-ac8f-87771598467c","childs":{"прием":{"_level":1,"parentID":"84469878-90ca-4e97-ac8f-87771598467c","firstParentID":"75691b30-c385-4569-8262-fb4cfc9d492e","ID":"6f252dfe-6758-47ba-a9b2-727815db59cd","childs":{"код":{"_level":2,"parentID":"6f252dfe-6758-47ba-a9b2-727815db59cd","firstParentID":"75691b30-c385-4569-8262-fb4cfc9d492e","ID":"20e83339-a3bb-45ac-a629-9cf873f5d81d","childs":null,"emcosID":null,"emcosMLID":null,"codMaketTEP":null,"codTEP":null,"WSName":"DB","rangeAddress":"$N$353:$N$390","headAddress":"$N$353","bodyAddress":"$N$354:$N$390","_name":"код"},"основное":{"_level":2,"parentID":"6f252dfe-6758-47ba-a9b2-727815db59cd","firstParentID":"75691b30-c385-4569-8262-fb4cfc9d492e","ID":"89dc6412-e0a2-4864-aa74-71d13906ec86","childs":null,"emcosID":null,"emcosMLID":null,"codMaketTEP":null,"codTEP":null,"WSName":"DB","rangeAddress":"$O$353:$O$390","headAddress":"$O$353","bodyAddress":"$O$354:$O$390","_name":"основное"},"корректировка факт":{"_level":2,"parentID":"6f252dfe-6758-47ba-a9b2-727815db59cd","firstParentID":"75691b30-c385-4569-8262-fb4cfc9d492e","ID":"29090ce4-0715-4dc1-9384-624b5d64727a","childs":null,"emcosID":null,"emcosMLID":null,"codMaketTEP":null,"codTEP":null,"WSName":"DB","rangeAddress":"$P$353:$P$390","headAddress":"$P$353","bodyAddress":"$P$354:$P$390","_name":"корректировка факт"},"ручное":{"_level":2,"parentID":"6f252dfe-6758-47ba-a9b2-727815db59cd","firstParentID":"75691b30-c385-4569-8262-fb4cfc9d492e","ID":"28208dbd-8423-4723-93fd-0e32534ff2b0","childs":null,"emcosID":null,"emcosMLID":null,"codMaketTEP":null,"codTEP":null,"WSName":"DB","rangeAddress":"$Q$353:$Q$390","headAddress":"$Q$353","bodyAddress":"$Q$354:$Q$390","_name":"ручное"},"счетчик":{"_level":2,"parentID":"6f252dfe-6758-47ba-a9b2-727815db59cd","firstParentID":"75691b30-c385-4569-8262-fb4cfc9d492e","ID":"ecb0c631-4431-4ff5-9539-faa16605f020","childs":null,"emcosID":null,"emcosMLID":null,"codMaketTEP":null,"codTEP":null,"WSName":"DB","rangeAddress":"$R$353:$R$390","headAddress":"$R$353","bodyAddress":"$R$354:$R$390","_name":"счетчик"},"по счетчику":{"_level":2,"parentID":"6f252dfe-6758-47ba-a9b2-727815db59cd","firstParentID":"75691b30-c385-4569-8262-fb4cfc9d492e","ID":"ce67670c-b99c-488e-b0ac-823f76ed1af4","childs":null,"emcosID":null,"emcosMLID":null,"codMaketTEP":null,"codTEP":null,"WSName":"DB","rangeAddress":"$S$353:$S$390","headAddress":"$S$353","bodyAddress":"$S$354:$S$390","_name":"по счетчику"}},"emcosID":null,"emcosMLID":null,"codMaketTEP":null,"codTEP":null,"WSName":"DB","rangeAddress":"$N$352:$S$390","headAddress":"$N$352:$S$352","bodyAddress":"$N$353:$S$390","_name":"прием"},"отдача":{"_level":1,"parentID":"84469878-90ca-4e97-ac8f-87771598467c","firstParentID":"75691b30-c385-4569-8262-fb4cfc9d492e","ID":"c82979e6-4312-4b37-b628-539b6cac7630","childs":{"код":{"_level":2,"parentID":"c82979e6-4312-4b37-b628-539b6cac7630","firstParentID":"75691b30-c385-4569-8262-fb4cfc9d492e","ID":"2df96c1a-2340-4686-b457-7eee0ff751ff","childs":null,"emcosID":null,"emcosMLID":null,"codMaketTEP":null,"codTEP":null,"WSName":"DB","rangeAddress":"$T$353:$T$390","headAddress":"$T$353","bodyAddress":"$T$354:$T$390","_name":"код"},"основное":{"_level":2,"parentID":"c82979e6-4312-4b37-b628-539b6cac7630","firstParentID":"75691b30-c385-4569-8262-fb4cfc9d492e","ID":"e414850b-4836-4b8a-a12a-6d5a0acab035","childs":null,"emcosID":null,"emcosMLID":null,"codMaketTEP":null,"codTEP":null,"WSName":"DB","rangeAddress":"$U$353:$U$390","headAddress":"$U$353","bodyAddress":"$U$354:$U$390","_name":"основное"},"корректировка факт":{"_level":2,"parentID":"c82979e6-4312-4b37-b628-539b6cac7630","firstParentID":"75691b30-c385-4569-8262-fb4cfc9d492e","ID":"8eea7f6f-09c0-4d62-ae1f-99cade7bf1df","childs":null,"emcosID":null,"emcosMLID":null,"codMaketTEP":null,"codTEP":null,"WSName":"DB","rangeAddress":"$V$353:$V$390","headAddress":"$V$353","bodyAddress":"$V$354:$V$390","_name":"корректировка факт"},"ручное":{"_level":2,"parentID":"c82979e6-4312-4b37-b628-539b6cac7630","firstParentID":"75691b30-c385-4569-8262-fb4cfc9d492e","ID":"f358de61-52a6-48d0-b745-305e32bbe3dc","childs":null,"emcosID":null,"emcosMLID":null,"codMaketTEP":null,"codTEP":null,"WSName":"DB","rangeAddress":"$W$353:$W$390","headAddress":"$W$353","bodyAddress":"$W$354:$W$390","_name":"ручное"},"счетчик":{"_level":2,"parentID":"c82979e6-4312-4b37-b628-539b6cac7630","firstParentID":"75691b30-c385-4569-8262-fb4cfc9d492e","ID":"398b9f74-2ec0-4430-b626-5861710c0f29","childs":null,"emcosID":null,"emcosMLID":null,"codMaketTEP":null,"codTEP":null,"WSName":"DB","rangeAddress":"$X$353:$X$390","headAddress":"$X$353","bodyAddress":"$X$354:$X$390","_name":"счетчик"},"по счетчику":{"_level":2,"parentID":"c82979e6-4312-4b37-b628-539b6cac7630","firstParentID":"75691b30-c385-4569-8262-fb4cfc9d492e","ID":"5bd316be-79da-404c-8d91-59a57de2461b","childs":null,"emcosID":null,"emcosMLID":null,"codMaketTEP":null,"codTEP":null,"WSName":"DB","rangeAddress":"$Y$353:$Y$390","headAddress":"$Y$353","bodyAddress":"$Y$354:$Y$390","_name":"по счетчику"}},"emcosID":null,"emcosMLID":null,"codMaketTEP":null,"codTEP":null,"WSName":"DB","rangeAddress":"$T$352:$Y$390","headAddress":"$T$352:$Y$352","bodyAddress":"$T$353:$Y$390","_name":"отдача"}},"emcosID":null,"emcosMLID":null,"codMaketTEP":null,"codTEP":null,"WSName":"DB","rangeAddress":"$N$351:$Y$390","headAddress":"$N$351:$Y$351","bodyAddress":"$N$352:$Y$390","_name":"Л21А Жилпоселок Строительная 120А"}},"codPlan":null,"meterCoef":null,"_name":"Л21А Жилпоселок Строительная 120А"}