{"ID":"7c8e941f-74e0-4627-9993-5285d620343f","childs":{"PS":{"_level":0,"parentID":"7c8e941f-74e0-4627-9993-5285d620343f","firstParentID":"7c8e941f-74e0-4627-9993-5285d620343f","ID":"c7f62e4d-bf70-4de4-bee9-09eac8aa6016","childs":{"прием":{"_level":1,"parentID":"c7f62e4d-bf70-4de4-bee9-09eac8aa6016","firstParentID":"7c8e941f-74e0-4627-9993-5285d620343f","ID":"51e884f6-2202-4bd4-b73c-7da4500bbc15","childs":{"ручное":{"_level":2,"parentID":"51e884f6-2202-4bd4-b73c-7da4500bbc15","firstParentID":"7c8e941f-74e0-4627-9993-5285d620343f","ID":"fe22757e-603b-46a6-bb8f-bbf45ed89b6a","childs":null,"emcosID":null,"emcosMLID":null,"codMaketTEP":null,"codTEP":null,"WSName":"PS","rangeAddress":"$GX$99:$GX$135","headAddress":"$GX$99","bodyAddress":"$GX$100:$GX$135","_name":"ручное"}},"emcosID":null,"emcosMLID":null,"codMaketTEP":null,"codTEP":null,"WSName":"PS","rangeAddress":"$GX$98:$GX$135","headAddress":"$GX$98","bodyAddress":"$GX$99:$GX$135","_name":"прием"},"отдача":{"_level":1,"parentID":"c7f62e4d-bf70-4de4-bee9-09eac8aa6016","firstParentID":"7c8e941f-74e0-4627-9993-5285d620343f","ID":"37465578-98a7-499a-9c6b-b0203a460239","childs":{"ручное":{"_level":2,"parentID":"37465578-98a7-499a-9c6b-b0203a460239","firstParentID":"7c8e941f-74e0-4627-9993-5285d620343f","ID":"d36abaeb-9417-45d6-84f5-17f3b0f0f4fe","childs":null,"emcosID":null,"emcosMLID":null,"codMaketTEP":null,"codTEP":null,"WSName":"PS","rangeAddress":"$GY$99:$GY$135","headAddress":"$GY$99","bodyAddress":"$GY$100:$GY$135","_name":"ручное"}},"emcosID":null,"emcosMLID":null,"codMaketTEP":null,"codTEP":null,"WSName":"PS","rangeAddress":"$GY$98:$GY$135","headAddress":"$GY$98","bodyAddress":"$GY$99:$GY$135","_name":"отдача"}},"emcosID":null,"emcosMLID":null,"codMaketTEP":null,"codTEP":null,"WSName":"PS","rangeAddress":"$GX$97:$GY$135","headAddress":"$GX$97:$GY$97","bodyAddress":"$GX$98:$GY$135","_name":"ТП3 Чиганак тяга"},"DB":{"_level":0,"parentID":"7c8e941f-74e0-4627-9993-5285d620343f","firstParentID":"7c8e941f-74e0-4627-9993-5285d620343f","ID":"ac2a5018-a173-4ca9-931f-5cf8d8004ccc","childs":{"прием":{"_level":1,"parentID":"ac2a5018-a173-4ca9-931f-5cf8d8004ccc","firstParentID":"7c8e941f-74e0-4627-9993-5285d620343f","ID":"d117c660-e92a-4129-b174-4729cfbf4a6e","childs":{"код":{"_level":2,"parentID":"d117c660-e92a-4129-b174-4729cfbf4a6e","firstParentID":"7c8e941f-74e0-4627-9993-5285d620343f","ID":"3d7980c4-1adc-4a21-aa28-72b38ce25450","childs":null,"emcosID":null,"emcosMLID":null,"codMaketTEP":null,"codTEP":null,"WSName":"DB","rangeAddress":"$GB$138:$GB$175","headAddress":"$GB$138","bodyAddress":"$GB$139:$GB$175","_name":"код"},"основное":{"_level":2,"parentID":"d117c660-e92a-4129-b174-4729cfbf4a6e","firstParentID":"7c8e941f-74e0-4627-9993-5285d620343f","ID":"632e2087-3ba1-4981-9b5f-5964c80712c7","childs":null,"emcosID":null,"emcosMLID":null,"codMaketTEP":null,"codTEP":null,"WSName":"DB","rangeAddress":"$GC$138:$GC$175","headAddress":"$GC$138","bodyAddress":"$GC$139:$GC$175","_name":"основное"},"корректировка факт":{"_level":2,"parentID":"d117c660-e92a-4129-b174-4729cfbf4a6e","firstParentID":"7c8e941f-74e0-4627-9993-5285d620343f","ID":"d7e05788-20da-4e93-8a2b-b4447abb0c54","childs":null,"emcosID":null,"emcosMLID":null,"codMaketTEP":null,"codTEP":null,"WSName":"DB","rangeAddress":"$GD$138:$GD$175","headAddress":"$GD$138","bodyAddress":"$GD$139:$GD$175","_name":"корректировка факт"},"ручное":{"_level":2,"parentID":"d117c660-e92a-4129-b174-4729cfbf4a6e","firstParentID":"7c8e941f-74e0-4627-9993-5285d620343f","ID":"68800334-6903-432b-a26b-a29125105acd","childs":null,"emcosID":null,"emcosMLID":null,"codMaketTEP":null,"codTEP":null,"WSName":"DB","rangeAddress":"$GE$138:$GE$175","headAddress":"$GE$138","bodyAddress":"$GE$139:$GE$175","_name":"ручное"}},"emcosID":null,"emcosMLID":null,"codMaketTEP":null,"codTEP":null,"WSName":"DB","rangeAddress":"$GB$137:$GE$175","headAddress":"$GB$137:$GE$137","bodyAddress":"$GB$138:$GE$175","_name":"прием"},"отдача":{"_level":1,"parentID":"ac2a5018-a173-4ca9-931f-5cf8d8004ccc","firstParentID":"7c8e941f-74e0-4627-9993-5285d620343f","ID":"dcc96c35-d98b-48c1-b478-9f1783234571","childs":{"код":{"_level":2,"parentID":"dcc96c35-d98b-48c1-b478-9f1783234571","firstParentID":"7c8e941f-74e0-4627-9993-5285d620343f","ID":"855bbe4c-7885-4190-b961-2420f584dea5","childs":null,"emcosID":null,"emcosMLID":null,"codMaketTEP":null,"codTEP":null,"WSName":"DB","rangeAddress":"$GF$138:$GF$175","headAddress":"$GF$138","bodyAddress":"$GF$139:$GF$175","_name":"код"},"основное":{"_level":2,"parentID":"dcc96c35-d98b-48c1-b478-9f1783234571","firstParentID":"7c8e941f-74e0-4627-9993-5285d620343f","ID":"f3d825eb-003b-4eba-8b69-cb214856b433","childs":null,"emcosID":null,"emcosMLID":null,"codMaketTEP":null,"codTEP":null,"WSName":"DB","rangeAddress":"$GG$138:$GG$175","headAddress":"$GG$138","bodyAddress":"$GG$139:$GG$175","_name":"основное"},"корректировка факт":{"_level":2,"parentID":"dcc96c35-d98b-48c1-b478-9f1783234571","firstParentID":"7c8e941f-74e0-4627-9993-5285d620343f","ID":"f15ef65a-1ee7-4bd9-8915-4ec12b369570","childs":null,"emcosID":null,"emcosMLID":null,"codMaketTEP":null,"codTEP":null,"WSName":"DB","rangeAddress":"$GH$138:$GH$175","headAddress":"$GH$138","bodyAddress":"$GH$139:$GH$175","_name":"корректировка факт"},"ручное":{"_level":2,"parentID":"dcc96c35-d98b-48c1-b478-9f1783234571","firstParentID":"7c8e941f-74e0-4627-9993-5285d620343f","ID":"03524d51-3bb2-424f-bed1-a5e61ec8a144","childs":null,"emcosID":null,"emcosMLID":null,"codMaketTEP":null,"codTEP":null,"WSName":"DB","rangeAddress":"$GI$138:$GI$175","headAddress":"$GI$138","bodyAddress":"$GI$139:$GI$175","_name":"ручное"}},"emcosID":null,"emcosMLID":null,"codMaketTEP":null,"codTEP":null,"WSName":"DB","rangeAddress":"$GF$137:$GI$175","headAddress":"$GF$137:$GI$137","bodyAddress":"$GF$138:$GI$175","_name":"отдача"}},"emcosID":null,"emcosMLID":null,"codMaketTEP":null,"codTEP":null,"WSName":"DB","rangeAddress":"$GB$136:$GI$175","headAddress":"$GB$136:$GI$136","bodyAddress":"$GB$137:$GI$175","_name":"ТП3 Чиганак тяга"}},"codPlan":null,"meterCoef":null,"_name":"ТП3 Чиганак тяга"}