{"ID":"7f1c07a6-4df2-4783-ac0f-7f961b5314e5","childs":{"PS":{"_level":0,"parentID":"7f1c07a6-4df2-4783-ac0f-7f961b5314e5","firstParentID":"7f1c07a6-4df2-4783-ac0f-7f961b5314e5","ID":"cd920edf-97ed-46c2-b61b-ccbedfa856ba","childs":{"прием":{"_level":1,"parentID":"cd920edf-97ed-46c2-b61b-ccbedfa856ba","firstParentID":"7f1c07a6-4df2-4783-ac0f-7f961b5314e5","ID":"b283a395-9d8d-4f5d-9a3c-426d8a12f62b","childs":{"по счетчику":{"_level":2,"parentID":"b283a395-9d8d-4f5d-9a3c-426d8a12f62b","firstParentID":"7f1c07a6-4df2-4783-ac0f-7f961b5314e5","ID":"ceb74138-b997-4377-9c29-4ff936cc178f","childs":null,"emcosID":null,"emcosMLID":null,"codMaketTEP":null,"codTEP":null,"WSName":"PS","rangeAddress":"$EA$56:$EA$92","headAddress":"$EA$56","bodyAddress":"$EA$57:$EA$92","_name":"по счетчику"}},"emcosID":null,"emcosMLID":null,"codMaketTEP":null,"codTEP":null,"WSName":"PS","rangeAddress":"$EA$55:$EA$92","headAddress":"$EA$55","bodyAddress":"$EA$56:$EA$92","_name":"прием"},"отдача":{"_level":1,"parentID":"cd920edf-97ed-46c2-b61b-ccbedfa856ba","firstParentID":"7f1c07a6-4df2-4783-ac0f-7f961b5314e5","ID":"9fc25dac-a065-4086-b865-5eadd669d575","childs":{"по счетчику":{"_level":2,"parentID":"9fc25dac-a065-4086-b865-5eadd669d575","firstParentID":"7f1c07a6-4df2-4783-ac0f-7f961b5314e5","ID":"42461dc9-d247-4c63-8b53-4656dd4d4317","childs":null,"emcosID":null,"emcosMLID":null,"codMaketTEP":null,"codTEP":null,"WSName":"PS","rangeAddress":"$EB$56:$EB$92","headAddress":"$EB$56","bodyAddress":"$EB$57:$EB$92","_name":"по счетчику"}},"emcosID":null,"emcosMLID":null,"codMaketTEP":null,"codTEP":null,"WSName":"PS","rangeAddress":"$EB$55:$EB$92","headAddress":"$EB$55","bodyAddress":"$EB$56:$EB$92","_name":"отдача"}},"emcosID":null,"emcosMLID":null,"codMaketTEP":null,"codTEP":null,"WSName":"PS","rangeAddress":"$EA$54:$EB$92","headAddress":"$EA$54:$EB$54","bodyAddress":"$EA$55:$EB$92","_name":"Л5363 Алма"},"DB":{"_level":0,"parentID":"7f1c07a6-4df2-4783-ac0f-7f961b5314e5","firstParentID":"7f1c07a6-4df2-4783-ac0f-7f961b5314e5","ID":"c727661c-130c-4c30-b05b-8b3b97e916f9","childs":{"прием":{"_level":1,"parentID":"c727661c-130c-4c30-b05b-8b3b97e916f9","firstParentID":"7f1c07a6-4df2-4783-ac0f-7f961b5314e5","ID":"60e50f9a-62e7-4ec5-9824-526df094662e","childs":{"код":{"_level":2,"parentID":"60e50f9a-62e7-4ec5-9824-526df094662e","firstParentID":"7f1c07a6-4df2-4783-ac0f-7f961b5314e5","ID":"1efafa1b-5905-4c79-9c60-5b4b63789642","childs":null,"emcosID":null,"emcosMLID":null,"codMaketTEP":null,"codTEP":null,"WSName":"DB","rangeAddress":"$IM$52:$IM$89","headAddress":"$IM$52","bodyAddress":"$IM$53:$IM$89","_name":"код"},"основное":{"_level":2,"parentID":"60e50f9a-62e7-4ec5-9824-526df094662e","firstParentID":"7f1c07a6-4df2-4783-ac0f-7f961b5314e5","ID":"3ecb899f-7779-42aa-a7e1-0fb7e2e7d7c3","childs":null,"emcosID":null,"emcosMLID":null,"codMaketTEP":null,"codTEP":null,"WSName":"DB","rangeAddress":"$IN$52:$IN$89","headAddress":"$IN$52","bodyAddress":"$IN$53:$IN$89","_name":"основное"},"корректировка факт":{"_level":2,"parentID":"60e50f9a-62e7-4ec5-9824-526df094662e","firstParentID":"7f1c07a6-4df2-4783-ac0f-7f961b5314e5","ID":"ac95d568-a654-44a7-a15f-8d9fc40dca2a","childs":null,"emcosID":null,"emcosMLID":null,"codMaketTEP":null,"codTEP":null,"WSName":"DB","rangeAddress":"$IO$52:$IO$89","headAddress":"$IO$52","bodyAddress":"$IO$53:$IO$89","_name":"корректировка факт"},"ручное":{"_level":2,"parentID":"60e50f9a-62e7-4ec5-9824-526df094662e","firstParentID":"7f1c07a6-4df2-4783-ac0f-7f961b5314e5","ID":"7a5c5332-a437-4148-a050-3510a8571ddc","childs":null,"emcosID":null,"emcosMLID":null,"codMaketTEP":null,"codTEP":null,"WSName":"DB","rangeAddress":"$IP$52:$IP$89","headAddress":"$IP$52","bodyAddress":"$IP$53:$IP$89","_name":"ручное"},"счетчик":{"_level":2,"parentID":"60e50f9a-62e7-4ec5-9824-526df094662e","firstParentID":"7f1c07a6-4df2-4783-ac0f-7f961b5314e5","ID":"54a9a1fc-91dc-4ee8-b0de-c16f4ca8e5e2","childs":null,"emcosID":null,"emcosMLID":null,"codMaketTEP":null,"codTEP":null,"WSName":"DB","rangeAddress":"$IQ$52:$IQ$89","headAddress":"$IQ$52","bodyAddress":"$IQ$53:$IQ$89","_name":"счетчик"},"по счетчику":{"_level":2,"parentID":"60e50f9a-62e7-4ec5-9824-526df094662e","firstParentID":"7f1c07a6-4df2-4783-ac0f-7f961b5314e5","ID":"0dc5e1ec-961a-4f50-ab81-dbc42a7b2fde","childs":null,"emcosID":null,"emcosMLID":null,"codMaketTEP":null,"codTEP":null,"WSName":"DB","rangeAddress":"$IR$52:$IR$89","headAddress":"$IR$52","bodyAddress":"$IR$53:$IR$89","_name":"по счетчику"}},"emcosID":null,"emcosMLID":null,"codMaketTEP":null,"codTEP":null,"WSName":"DB","rangeAddress":"$IM$51:$IR$89","headAddress":"$IM$51:$IR$51","bodyAddress":"$IM$52:$IR$89","_name":"прием"},"отдача":{"_level":1,"parentID":"c727661c-130c-4c30-b05b-8b3b97e916f9","firstParentID":"7f1c07a6-4df2-4783-ac0f-7f961b5314e5","ID":"b8c71450-39e2-4208-8dab-7c77efeccf4b","childs":{"код":{"_level":2,"parentID":"b8c71450-39e2-4208-8dab-7c77efeccf4b","firstParentID":"7f1c07a6-4df2-4783-ac0f-7f961b5314e5","ID":"3e3bd77c-f745-4a25-814a-8d6724c1e70f","childs":null,"emcosID":null,"emcosMLID":null,"codMaketTEP":null,"codTEP":null,"WSName":"DB","rangeAddress":"$IS$52:$IS$89","headAddress":"$IS$52","bodyAddress":"$IS$53:$IS$89","_name":"код"},"основное":{"_level":2,"parentID":"b8c71450-39e2-4208-8dab-7c77efeccf4b","firstParentID":"7f1c07a6-4df2-4783-ac0f-7f961b5314e5","ID":"9f4c63ff-2c47-4366-95f8-250a3bd7fb37","childs":null,"emcosID":null,"emcosMLID":null,"codMaketTEP":null,"codTEP":null,"WSName":"DB","rangeAddress":"$IT$52:$IT$89","headAddress":"$IT$52","bodyAddress":"$IT$53:$IT$89","_name":"основное"},"корректировка факт":{"_level":2,"parentID":"b8c71450-39e2-4208-8dab-7c77efeccf4b","firstParentID":"7f1c07a6-4df2-4783-ac0f-7f961b5314e5","ID":"71ec5c16-2f72-4972-b612-3d9e9c02ef7a","childs":null,"emcosID":null,"emcosMLID":null,"codMaketTEP":null,"codTEP":null,"WSName":"DB","rangeAddress":"$IU$52:$IU$89","headAddress":"$IU$52","bodyAddress":"$IU$53:$IU$89","_name":"корректировка факт"},"ручное":{"_level":2,"parentID":"b8c71450-39e2-4208-8dab-7c77efeccf4b","firstParentID":"7f1c07a6-4df2-4783-ac0f-7f961b5314e5","ID":"bc04976a-dda8-4223-91c9-e04fbd025d00","childs":null,"emcosID":null,"emcosMLID":null,"codMaketTEP":null,"codTEP":null,"WSName":"DB","rangeAddress":"$IV$52:$IV$89","headAddress":"$IV$52","bodyAddress":"$IV$53:$IV$89","_name":"ручное"},"счетчик":{"_level":2,"parentID":"b8c71450-39e2-4208-8dab-7c77efeccf4b","firstParentID":"7f1c07a6-4df2-4783-ac0f-7f961b5314e5","ID":"90a5f894-9fb7-45e2-8c15-e8783de884c5","childs":null,"emcosID":null,"emcosMLID":null,"codMaketTEP":null,"codTEP":null,"WSName":"DB","rangeAddress":"$IW$52:$IW$89","headAddress":"$IW$52","bodyAddress":"$IW$53:$IW$89","_name":"счетчик"},"по счетчику":{"_level":2,"parentID":"b8c71450-39e2-4208-8dab-7c77efeccf4b","firstParentID":"7f1c07a6-4df2-4783-ac0f-7f961b5314e5","ID":"78cb725c-9f08-4b72-8428-de3909f4e732","childs":null,"emcosID":null,"emcosMLID":null,"codMaketTEP":null,"codTEP":null,"WSName":"DB","rangeAddress":"$IX$52:$IX$89","headAddress":"$IX$52","bodyAddress":"$IX$53:$IX$89","_name":"по счетчику"}},"emcosID":null,"emcosMLID":null,"codMaketTEP":null,"codTEP":null,"WSName":"DB","rangeAddress":"$IS$51:$IX$89","headAddress":"$IS$51:$IX$51","bodyAddress":"$IS$52:$IX$89","_name":"отдача"}},"emcosID":null,"emcosMLID":null,"codMaketTEP":null,"codTEP":null,"WSName":"DB","rangeAddress":"$IM$50:$IX$89","headAddress":"$IM$50:$IX$50","bodyAddress":"$IM$51:$IX$89","_name":"Л5363 Алма"}},"codPlan":null,"meterCoef":null,"_name":"Л5363 Алма"}