{"ID":"7f572749-7605-4bfa-9f58-8e2bbd198321","childs":{"PS":{"_level":0,"parentID":"7f572749-7605-4bfa-9f58-8e2bbd198321","firstParentID":"7f572749-7605-4bfa-9f58-8e2bbd198321","ID":"2fd8d29c-e5fe-488c-945a-ef4de54dd922","childs":{"отдача":{"_level":1,"parentID":"2fd8d29c-e5fe-488c-945a-ef4de54dd922","firstParentID":"7f572749-7605-4bfa-9f58-8e2bbd198321","ID":"80e0310a-68c1-4c55-8cde-168a3ff46549","childs":{"оперативное":{"_level":2,"parentID":"80e0310a-68c1-4c55-8cde-168a3ff46549","firstParentID":"7f572749-7605-4bfa-9f58-8e2bbd198321","ID":"bfa7c3b1-bb38-4a45-af58-ada6c8bc6c00","childs":null,"emcosID":null,"emcosMLID":null,"codMaketTEP":null,"codTEP":null,"WSName":"PS","rangeAddress":"$DI$185:$DI$221","headAddress":"$DI$185","bodyAddress":"$DI$186:$DI$221","_name":"оперативное"}},"emcosID":null,"emcosMLID":null,"codMaketTEP":null,"codTEP":null,"WSName":"PS","rangeAddress":"$DI$184:$DI$221","headAddress":"$DI$184","bodyAddress":"$DI$185:$DI$221","_name":"отдача"}},"emcosID":null,"emcosMLID":null,"codMaketTEP":null,"codTEP":null,"WSName":"PS","rangeAddress":"$DI$183:$DI$221","headAddress":"$DI$183","bodyAddress":"$DI$184:$DI$221","_name":"Генерация ВЭС Шелек Самрук Грин Энерджи"},"DB":{"_level":0,"parentID":"7f572749-7605-4bfa-9f58-8e2bbd198321","firstParentID":"7f572749-7605-4bfa-9f58-8e2bbd198321","ID":"90a394c8-9214-484c-9f73-1773397de248","childs":{"отдача":{"_level":1,"parentID":"90a394c8-9214-484c-9f73-1773397de248","firstParentID":"7f572749-7605-4bfa-9f58-8e2bbd198321","ID":"4c028612-2661-451e-9ef3-e416b7d0bf5c","childs":{"код":{"_level":2,"parentID":"4c028612-2661-451e-9ef3-e416b7d0bf5c","firstParentID":"7f572749-7605-4bfa-9f58-8e2bbd198321","ID":"6832e6da-3242-4f87-bee7-02bb53f5e290","childs":null,"emcosID":null,"emcosMLID":null,"codMaketTEP":null,"codTEP":null,"WSName":"DB","rangeAddress":"$GL$267:$GL$304","headAddress":"$GL$267","bodyAddress":"$GL$268:$GL$304","_name":"код"},"основное":{"_level":2,"parentID":"4c028612-2661-451e-9ef3-e416b7d0bf5c","firstParentID":"7f572749-7605-4bfa-9f58-8e2bbd198321","ID":"7bde5bfc-94f9-4077-9b4b-90779c153604","childs":null,"emcosID":null,"emcosMLID":null,"codMaketTEP":null,"codTEP":null,"WSName":"DB","rangeAddress":"$GM$267:$GM$304","headAddress":"$GM$267","bodyAddress":"$GM$268:$GM$304","_name":"основное"},"корректировка факт":{"_level":2,"parentID":"4c028612-2661-451e-9ef3-e416b7d0bf5c","firstParentID":"7f572749-7605-4bfa-9f58-8e2bbd198321","ID":"b37ce055-dafb-4316-a818-1551c88e8317","childs":null,"emcosID":null,"emcosMLID":null,"codMaketTEP":null,"codTEP":null,"WSName":"DB","rangeAddress":"$GN$267:$GN$304","headAddress":"$GN$267","bodyAddress":"$GN$268:$GN$304","_name":"корректировка факт"},"ручное":{"_level":2,"parentID":"4c028612-2661-451e-9ef3-e416b7d0bf5c","firstParentID":"7f572749-7605-4bfa-9f58-8e2bbd198321","ID":"ab0b2559-d523-4d57-8def-c83533c1f025","childs":null,"emcosID":null,"emcosMLID":null,"codMaketTEP":null,"codTEP":null,"WSName":"DB","rangeAddress":"$GO$267:$GO$304","headAddress":"$GO$267","bodyAddress":"$GO$268:$GO$304","_name":"ручное"},"оперативное":{"_level":2,"parentID":"4c028612-2661-451e-9ef3-e416b7d0bf5c","firstParentID":"7f572749-7605-4bfa-9f58-8e2bbd198321","ID":"189ec82f-1157-44d2-8ef9-85e0d2e698ac","childs":null,"emcosID":null,"emcosMLID":null,"codMaketTEP":null,"codTEP":null,"WSName":"DB","rangeAddress":"$GP$267:$GP$304","headAddress":"$GP$267","bodyAddress":"$GP$268:$GP$304","_name":"оперативное"}},"emcosID":null,"emcosMLID":null,"codMaketTEP":null,"codTEP":null,"WSName":"DB","rangeAddress":"$GL$266:$GP$304","headAddress":"$GL$266:$GP$266","bodyAddress":"$GL$267:$GP$304","_name":"отдача"}},"emcosID":null,"emcosMLID":null,"codMaketTEP":null,"codTEP":null,"WSName":"DB","rangeAddress":"$GL$265:$GP$304","headAddress":"$GL$265:$GP$265","bodyAddress":"$GL$266:$GP$304","_name":"Генерация ВЭС Шелек Самрук Грин Энерджи"}},"codPlan":null,"meterCoef":null,"_name":"Генерация ВЭС Шелек Самрук Грин Энерджи"}