{"ID":"8019ae1f-7321-4e9c-97dd-a01cb81acb24","childs":{"PS":{"_level":0,"parentID":"8019ae1f-7321-4e9c-97dd-a01cb81acb24","firstParentID":"8019ae1f-7321-4e9c-97dd-a01cb81acb24","ID":"bcb09877-9f92-424c-8575-5adb06e4c558","childs":{"отдача":{"_level":1,"parentID":"bcb09877-9f92-424c-8575-5adb06e4c558","firstParentID":"8019ae1f-7321-4e9c-97dd-a01cb81acb24","ID":"19214fcf-f1ad-4c01-81b3-fc8671997cbe","childs":{"ручное":{"_level":2,"parentID":"19214fcf-f1ad-4c01-81b3-fc8671997cbe","firstParentID":"8019ae1f-7321-4e9c-97dd-a01cb81acb24","ID":"2cd08c8a-9fb4-40df-a9f2-7829294e3515","childs":null,"emcosID":null,"emcosMLID":null,"codMaketTEP":null,"codTEP":null,"WSName":"PS","rangeAddress":"$CN$185:$CN$221","headAddress":"$CN$185","bodyAddress":"$CN$186:$CN$221","_name":"ручное"}},"emcosID":null,"emcosMLID":null,"codMaketTEP":null,"codTEP":null,"WSName":"PS","rangeAddress":"$CN$184:$CN$221","headAddress":"$CN$184","bodyAddress":"$CN$185:$CN$221","_name":"отдача"}},"emcosID":null,"emcosMLID":null,"codMaketTEP":null,"codTEP":null,"WSName":"PS","rangeAddress":"$CN$183:$CN$221","headAddress":"$CN$183","bodyAddress":"$CN$184:$CN$221","_name":"Отпуск в сеть Mistral Energy СЭС Каскелен 50"},"DB":{"_level":0,"parentID":"8019ae1f-7321-4e9c-97dd-a01cb81acb24","firstParentID":"8019ae1f-7321-4e9c-97dd-a01cb81acb24","ID":"a4ccc24e-050b-46f8-aca0-368cd40aa2e5","childs":{"отдача":{"_level":1,"parentID":"a4ccc24e-050b-46f8-aca0-368cd40aa2e5","firstParentID":"8019ae1f-7321-4e9c-97dd-a01cb81acb24","ID":"83e4d8b8-6919-4ee7-a289-aed3157408c4","childs":{"код":{"_level":2,"parentID":"83e4d8b8-6919-4ee7-a289-aed3157408c4","firstParentID":"8019ae1f-7321-4e9c-97dd-a01cb81acb24","ID":"a8c0eb03-077e-40d5-921c-e7b86618a1bb","childs":null,"emcosID":null,"emcosMLID":null,"codMaketTEP":null,"codTEP":null,"WSName":"DB","rangeAddress":"$DB$396:$DB$433","headAddress":"$DB$396","bodyAddress":"$DB$397:$DB$433","_name":"код"},"основное":{"_level":2,"parentID":"83e4d8b8-6919-4ee7-a289-aed3157408c4","firstParentID":"8019ae1f-7321-4e9c-97dd-a01cb81acb24","ID":"289855ef-4a81-455b-92c1-7a605ef5e7b4","childs":null,"emcosID":null,"emcosMLID":null,"codMaketTEP":null,"codTEP":null,"WSName":"DB","rangeAddress":"$DC$396:$DC$433","headAddress":"$DC$396","bodyAddress":"$DC$397:$DC$433","_name":"основное"},"корректировка факт":{"_level":2,"parentID":"83e4d8b8-6919-4ee7-a289-aed3157408c4","firstParentID":"8019ae1f-7321-4e9c-97dd-a01cb81acb24","ID":"fa9b92cd-df8c-457e-a526-74dbaaca7f63","childs":null,"emcosID":null,"emcosMLID":null,"codMaketTEP":null,"codTEP":null,"WSName":"DB","rangeAddress":"$DD$396:$DD$433","headAddress":"$DD$396","bodyAddress":"$DD$397:$DD$433","_name":"корректировка факт"},"ручное":{"_level":2,"parentID":"83e4d8b8-6919-4ee7-a289-aed3157408c4","firstParentID":"8019ae1f-7321-4e9c-97dd-a01cb81acb24","ID":"9f48bcbe-720e-4682-873c-5cab8c436752","childs":null,"emcosID":null,"emcosMLID":null,"codMaketTEP":null,"codTEP":null,"WSName":"DB","rangeAddress":"$DE$396:$DE$433","headAddress":"$DE$396","bodyAddress":"$DE$397:$DE$433","_name":"ручное"},"формула":{"_level":2,"parentID":"83e4d8b8-6919-4ee7-a289-aed3157408c4","firstParentID":"8019ae1f-7321-4e9c-97dd-a01cb81acb24","ID":"5af31071-5bce-4ffc-84b5-63ec105741c0","childs":null,"emcosID":null,"emcosMLID":null,"codMaketTEP":null,"codTEP":null,"WSName":"DB","rangeAddress":"$DF$396:$DF$433","headAddress":"$DF$396","bodyAddress":"$DF$397:$DF$433","_name":"формула"}},"emcosID":null,"emcosMLID":null,"codMaketTEP":null,"codTEP":null,"WSName":"DB","rangeAddress":"$DB$395:$DF$433","headAddress":"$DB$395:$DF$395","bodyAddress":"$DB$396:$DF$433","_name":"отдача"}},"emcosID":null,"emcosMLID":null,"codMaketTEP":null,"codTEP":null,"WSName":"DB","rangeAddress":"$DB$394:$DF$433","headAddress":"$DB$394:$DF$394","bodyAddress":"$DB$395:$DF$433","_name":"Отпуск в сеть Mistral Energy СЭС Каскелен 50"}},"codPlan":null,"meterCoef":null,"_name":"Отпуск в сеть Mistral Energy СЭС Каскелен 50"}