{"ID":"81393d55-5e11-4a11-bfda-824064e5c0d9","childs":{"PS":{"_level":0,"parentID":"81393d55-5e11-4a11-bfda-824064e5c0d9","firstParentID":"81393d55-5e11-4a11-bfda-824064e5c0d9","ID":"6c7ad14e-3a2c-403b-ae40-a4b85b789449","childs":{"отдача":{"_level":1,"parentID":"6c7ad14e-3a2c-403b-ae40-a4b85b789449","firstParentID":"81393d55-5e11-4a11-bfda-824064e5c0d9","ID":"c9e8ab33-aa3a-43d0-995e-ab4bb0d548c9","childs":{"ручное":{"_level":2,"parentID":"c9e8ab33-aa3a-43d0-995e-ab4bb0d548c9","firstParentID":"81393d55-5e11-4a11-bfda-824064e5c0d9","ID":"28590166-c6cb-48af-8809-b2defd110a92","childs":null,"emcosID":null,"emcosMLID":null,"codMaketTEP":null,"codTEP":null,"WSName":"PS","rangeAddress":"$CJ$185:$CJ$221","headAddress":"$CJ$185","bodyAddress":"$CJ$186:$CJ$221","_name":"ручное"}},"emcosID":null,"emcosMLID":null,"codMaketTEP":null,"codTEP":null,"WSName":"PS","rangeAddress":"$CJ$184:$CJ$221","headAddress":"$CJ$184","bodyAddress":"$CJ$185:$CJ$221","_name":"отдача"}},"emcosID":null,"emcosMLID":null,"codMaketTEP":null,"codTEP":null,"WSName":"PS","rangeAddress":"$CJ$183:$CJ$221","headAddress":"$CJ$183","bodyAddress":"$CJ$184:$CJ$221","_name":"Генерация M Kat Green СЭС Шу 100"},"DB":{"_level":0,"parentID":"81393d55-5e11-4a11-bfda-824064e5c0d9","firstParentID":"81393d55-5e11-4a11-bfda-824064e5c0d9","ID":"fa66437a-c25b-468d-9be4-d202124c4a2e","childs":{"отдача":{"_level":1,"parentID":"fa66437a-c25b-468d-9be4-d202124c4a2e","firstParentID":"81393d55-5e11-4a11-bfda-824064e5c0d9","ID":"42582dcd-e796-42dc-95ed-390b6cd36396","childs":{"код":{"_level":2,"parentID":"42582dcd-e796-42dc-95ed-390b6cd36396","firstParentID":"81393d55-5e11-4a11-bfda-824064e5c0d9","ID":"ecc36f6c-c937-454c-be65-d868d72321e2","childs":null,"emcosID":null,"emcosMLID":null,"codMaketTEP":null,"codTEP":null,"WSName":"DB","rangeAddress":"$DU$396:$DU$433","headAddress":"$DU$396","bodyAddress":"$DU$397:$DU$433","_name":"код"},"основное":{"_level":2,"parentID":"42582dcd-e796-42dc-95ed-390b6cd36396","firstParentID":"81393d55-5e11-4a11-bfda-824064e5c0d9","ID":"21c8e967-fa81-49ee-a0c2-878da9526a3b","childs":null,"emcosID":null,"emcosMLID":null,"codMaketTEP":null,"codTEP":null,"WSName":"DB","rangeAddress":"$DV$396:$DV$433","headAddress":"$DV$396","bodyAddress":"$DV$397:$DV$433","_name":"основное"},"корректировка факт":{"_level":2,"parentID":"42582dcd-e796-42dc-95ed-390b6cd36396","firstParentID":"81393d55-5e11-4a11-bfda-824064e5c0d9","ID":"e37de2fb-ad22-41d3-ad55-50757b58cb72","childs":null,"emcosID":null,"emcosMLID":null,"codMaketTEP":null,"codTEP":null,"WSName":"DB","rangeAddress":"$DW$396:$DW$433","headAddress":"$DW$396","bodyAddress":"$DW$397:$DW$433","_name":"корректировка факт"},"ручное":{"_level":2,"parentID":"42582dcd-e796-42dc-95ed-390b6cd36396","firstParentID":"81393d55-5e11-4a11-bfda-824064e5c0d9","ID":"c8669bcf-0f00-436f-9d6a-e537330b6c85","childs":null,"emcosID":null,"emcosMLID":null,"codMaketTEP":null,"codTEP":null,"WSName":"DB","rangeAddress":"$DX$396:$DX$433","headAddress":"$DX$396","bodyAddress":"$DX$397:$DX$433","_name":"ручное"},"счетчик":{"_level":2,"parentID":"42582dcd-e796-42dc-95ed-390b6cd36396","firstParentID":"81393d55-5e11-4a11-bfda-824064e5c0d9","ID":"fd16a31b-6f58-4164-bdc3-ed46132cff2e","childs":null,"emcosID":null,"emcosMLID":null,"codMaketTEP":null,"codTEP":null,"WSName":"DB","rangeAddress":"$DY$396:$DY$433","headAddress":"$DY$396","bodyAddress":"$DY$397:$DY$433","_name":"счетчик"},"по счетчику":{"_level":2,"parentID":"42582dcd-e796-42dc-95ed-390b6cd36396","firstParentID":"81393d55-5e11-4a11-bfda-824064e5c0d9","ID":"ff37415a-4455-49fb-bbb7-18c4a2820a60","childs":null,"emcosID":null,"emcosMLID":null,"codMaketTEP":null,"codTEP":null,"WSName":"DB","rangeAddress":"$DZ$396:$DZ$433","headAddress":"$DZ$396","bodyAddress":"$DZ$397:$DZ$433","_name":"по счетчику"},"формула":{"_level":2,"parentID":"42582dcd-e796-42dc-95ed-390b6cd36396","firstParentID":"81393d55-5e11-4a11-bfda-824064e5c0d9","ID":"540a802e-d840-4242-83ba-cd908e109664","childs":null,"emcosID":null,"emcosMLID":null,"codMaketTEP":null,"codTEP":null,"WSName":"DB","rangeAddress":"$EA$396:$EA$433","headAddress":"$EA$396","bodyAddress":"$EA$397:$EA$433","_name":"формула"}},"emcosID":null,"emcosMLID":null,"codMaketTEP":null,"codTEP":null,"WSName":"DB","rangeAddress":"$DU$395:$EA$433","headAddress":"$DU$395:$EA$395","bodyAddress":"$DU$396:$EA$433","_name":"отдача"}},"emcosID":null,"emcosMLID":null,"codMaketTEP":null,"codTEP":null,"WSName":"DB","rangeAddress":"$DU$394:$EA$433","headAddress":"$DU$394:$EA$394","bodyAddress":"$DU$395:$EA$433","_name":"Генерация M Kat Green СЭС Шу 100"}},"codPlan":null,"meterCoef":null,"_name":"Генерация M Kat Green СЭС Шу 100"}