{"ID":"837de171-2914-41e4-8e36-8d128ebb1f5b","childs":{"PS":{"_level":0,"parentID":"837de171-2914-41e4-8e36-8d128ebb1f5b","firstParentID":"837de171-2914-41e4-8e36-8d128ebb1f5b","ID":"8ae1e120-be9d-473d-b734-e74959a54964","childs":{"прием":{"_level":1,"parentID":"8ae1e120-be9d-473d-b734-e74959a54964","firstParentID":"837de171-2914-41e4-8e36-8d128ebb1f5b","ID":"3e6cda02-09c0-40ef-81dc-204030fe7a63","childs":{"по счетчику":{"_level":2,"parentID":"3e6cda02-09c0-40ef-81dc-204030fe7a63","firstParentID":"837de171-2914-41e4-8e36-8d128ebb1f5b","ID":"ee1132a1-e802-4307-b524-caa2a88a0947","childs":null,"emcosID":null,"emcosMLID":null,"codMaketTEP":null,"codTEP":null,"WSName":"PS","rangeAddress":"$AX$99:$AX$135","headAddress":"$AX$99","bodyAddress":"$AX$100:$AX$135","_name":"по счетчику"}},"emcosID":null,"emcosMLID":null,"codMaketTEP":null,"codTEP":null,"WSName":"PS","rangeAddress":"$AX$98:$AX$135","headAddress":"$AX$98","bodyAddress":"$AX$99:$AX$135","_name":"прием"},"отдача":{"_level":1,"parentID":"8ae1e120-be9d-473d-b734-e74959a54964","firstParentID":"837de171-2914-41e4-8e36-8d128ebb1f5b","ID":"58af8e99-8d07-4606-9fb9-00352e45b483","childs":{"по счетчику":{"_level":2,"parentID":"58af8e99-8d07-4606-9fb9-00352e45b483","firstParentID":"837de171-2914-41e4-8e36-8d128ebb1f5b","ID":"f0f689a9-0e77-4428-a9f7-16a6a10024b0","childs":null,"emcosID":null,"emcosMLID":null,"codMaketTEP":null,"codTEP":null,"WSName":"PS","rangeAddress":"$AY$99:$AY$135","headAddress":"$AY$99","bodyAddress":"$AY$100:$AY$135","_name":"по счетчику"}},"emcosID":null,"emcosMLID":null,"codMaketTEP":null,"codTEP":null,"WSName":"PS","rangeAddress":"$AY$98:$AY$135","headAddress":"$AY$98","bodyAddress":"$AY$99:$AY$135","_name":"отдача"}},"emcosID":null,"emcosMLID":null,"codMaketTEP":null,"codTEP":null,"WSName":"PS","rangeAddress":"$AX$97:$AY$135","headAddress":"$AX$97:$AY$97","bodyAddress":"$AX$98:$AY$135","_name":"КЛ10 ПС149 Талдыкорган ЗЩА"},"DB":{"_level":0,"parentID":"837de171-2914-41e4-8e36-8d128ebb1f5b","firstParentID":"837de171-2914-41e4-8e36-8d128ebb1f5b","ID":"2a4e934e-ceb3-4e15-9392-b646c91cd471","childs":{"прием":{"_level":1,"parentID":"2a4e934e-ceb3-4e15-9392-b646c91cd471","firstParentID":"837de171-2914-41e4-8e36-8d128ebb1f5b","ID":"a8fe1651-25bc-4606-b7a8-cd4db6a6cf19","childs":{"код":{"_level":2,"parentID":"a8fe1651-25bc-4606-b7a8-cd4db6a6cf19","firstParentID":"837de171-2914-41e4-8e36-8d128ebb1f5b","ID":"8c8e7d95-347c-4a02-8e29-6fbfa9c856a5","childs":null,"emcosID":null,"emcosMLID":null,"codMaketTEP":null,"codTEP":null,"WSName":"DB","rangeAddress":"$DG$267:$DG$304","headAddress":"$DG$267","bodyAddress":"$DG$268:$DG$304","_name":"код"},"основное":{"_level":2,"parentID":"a8fe1651-25bc-4606-b7a8-cd4db6a6cf19","firstParentID":"837de171-2914-41e4-8e36-8d128ebb1f5b","ID":"4471dff8-7fae-472e-b3d8-e582f081ac4f","childs":null,"emcosID":null,"emcosMLID":null,"codMaketTEP":null,"codTEP":null,"WSName":"DB","rangeAddress":"$DH$267:$DH$304","headAddress":"$DH$267","bodyAddress":"$DH$268:$DH$304","_name":"основное"},"корректировка факт":{"_level":2,"parentID":"a8fe1651-25bc-4606-b7a8-cd4db6a6cf19","firstParentID":"837de171-2914-41e4-8e36-8d128ebb1f5b","ID":"b3c7bbc1-7ff5-4502-ba54-25f03a75e1bd","childs":null,"emcosID":null,"emcosMLID":null,"codMaketTEP":null,"codTEP":null,"WSName":"DB","rangeAddress":"$DI$267:$DI$304","headAddress":"$DI$267","bodyAddress":"$DI$268:$DI$304","_name":"корректировка факт"},"ручное":{"_level":2,"parentID":"a8fe1651-25bc-4606-b7a8-cd4db6a6cf19","firstParentID":"837de171-2914-41e4-8e36-8d128ebb1f5b","ID":"b950cbca-019f-41ba-b91e-23a2abfa3ba7","childs":null,"emcosID":null,"emcosMLID":null,"codMaketTEP":null,"codTEP":null,"WSName":"DB","rangeAddress":"$DJ$267:$DJ$304","headAddress":"$DJ$267","bodyAddress":"$DJ$268:$DJ$304","_name":"ручное"},"оперативное":{"_level":2,"parentID":"a8fe1651-25bc-4606-b7a8-cd4db6a6cf19","firstParentID":"837de171-2914-41e4-8e36-8d128ebb1f5b","ID":"d6e9cd93-ebc4-4930-a7f1-71127aaf8d61","childs":null,"emcosID":null,"emcosMLID":null,"codMaketTEP":null,"codTEP":null,"WSName":"DB","rangeAddress":"$DK$267:$DK$304","headAddress":"$DK$267","bodyAddress":"$DK$268:$DK$304","_name":"оперативное"},"счетчик":{"_level":2,"parentID":"a8fe1651-25bc-4606-b7a8-cd4db6a6cf19","firstParentID":"837de171-2914-41e4-8e36-8d128ebb1f5b","ID":"3f2dd45a-ff30-4beb-867b-86e5a90d2408","childs":null,"emcosID":null,"emcosMLID":null,"codMaketTEP":null,"codTEP":null,"WSName":"DB","rangeAddress":"$DL$267:$DL$304","headAddress":"$DL$267","bodyAddress":"$DL$268:$DL$304","_name":"счетчик"},"по счетчику":{"_level":2,"parentID":"a8fe1651-25bc-4606-b7a8-cd4db6a6cf19","firstParentID":"837de171-2914-41e4-8e36-8d128ebb1f5b","ID":"a37f6e88-8536-48d4-af99-f29a4bfba968","childs":null,"emcosID":null,"emcosMLID":null,"codMaketTEP":null,"codTEP":null,"WSName":"DB","rangeAddress":"$DM$267:$DM$304","headAddress":"$DM$267","bodyAddress":"$DM$268:$DM$304","_name":"по счетчику"}},"emcosID":null,"emcosMLID":null,"codMaketTEP":null,"codTEP":null,"WSName":"DB","rangeAddress":"$DG$266:$DM$304","headAddress":"$DG$266:$DM$266","bodyAddress":"$DG$267:$DM$304","_name":"прием"},"отдача":{"_level":1,"parentID":"2a4e934e-ceb3-4e15-9392-b646c91cd471","firstParentID":"837de171-2914-41e4-8e36-8d128ebb1f5b","ID":"3f05abff-bd2b-4e93-9c19-0c7822479594","childs":{"код":{"_level":2,"parentID":"3f05abff-bd2b-4e93-9c19-0c7822479594","firstParentID":"837de171-2914-41e4-8e36-8d128ebb1f5b","ID":"8a98a5bb-1f6e-4985-af67-74dea285f4ca","childs":null,"emcosID":null,"emcosMLID":null,"codMaketTEP":null,"codTEP":null,"WSName":"DB","rangeAddress":"$DN$267:$DN$304","headAddress":"$DN$267","bodyAddress":"$DN$268:$DN$304","_name":"код"},"основное":{"_level":2,"parentID":"3f05abff-bd2b-4e93-9c19-0c7822479594","firstParentID":"837de171-2914-41e4-8e36-8d128ebb1f5b","ID":"b71a71f2-1730-4c56-8029-ea8606d8e53e","childs":null,"emcosID":null,"emcosMLID":null,"codMaketTEP":null,"codTEP":null,"WSName":"DB","rangeAddress":"$DO$267:$DO$304","headAddress":"$DO$267","bodyAddress":"$DO$268:$DO$304","_name":"основное"},"корректировка факт":{"_level":2,"parentID":"3f05abff-bd2b-4e93-9c19-0c7822479594","firstParentID":"837de171-2914-41e4-8e36-8d128ebb1f5b","ID":"16cd96b3-3a07-4d14-98e4-0b5eb116ef38","childs":null,"emcosID":null,"emcosMLID":null,"codMaketTEP":null,"codTEP":null,"WSName":"DB","rangeAddress":"$DP$267:$DP$304","headAddress":"$DP$267","bodyAddress":"$DP$268:$DP$304","_name":"корректировка факт"},"ручное":{"_level":2,"parentID":"3f05abff-bd2b-4e93-9c19-0c7822479594","firstParentID":"837de171-2914-41e4-8e36-8d128ebb1f5b","ID":"a25ac8f3-facc-42d7-80af-6a243ddf44cd","childs":null,"emcosID":null,"emcosMLID":null,"codMaketTEP":null,"codTEP":null,"WSName":"DB","rangeAddress":"$DQ$267:$DQ$304","headAddress":"$DQ$267","bodyAddress":"$DQ$268:$DQ$304","_name":"ручное"},"оперативное":{"_level":2,"parentID":"3f05abff-bd2b-4e93-9c19-0c7822479594","firstParentID":"837de171-2914-41e4-8e36-8d128ebb1f5b","ID":"d3c872a5-30ad-40d7-a00f-3aa3e6cabff9","childs":null,"emcosID":null,"emcosMLID":null,"codMaketTEP":null,"codTEP":null,"WSName":"DB","rangeAddress":"$DR$267:$DR$304","headAddress":"$DR$267","bodyAddress":"$DR$268:$DR$304","_name":"оперативное"},"счетчик":{"_level":2,"parentID":"3f05abff-bd2b-4e93-9c19-0c7822479594","firstParentID":"837de171-2914-41e4-8e36-8d128ebb1f5b","ID":"0adc2cae-020e-4ed6-8515-edc3811bf4cd","childs":null,"emcosID":null,"emcosMLID":null,"codMaketTEP":null,"codTEP":null,"WSName":"DB","rangeAddress":"$DS$267:$DS$304","headAddress":"$DS$267","bodyAddress":"$DS$268:$DS$304","_name":"счетчик"},"по счетчику":{"_level":2,"parentID":"3f05abff-bd2b-4e93-9c19-0c7822479594","firstParentID":"837de171-2914-41e4-8e36-8d128ebb1f5b","ID":"c59fd63f-11c2-4d58-9e84-1efc1f532220","childs":null,"emcosID":null,"emcosMLID":null,"codMaketTEP":null,"codTEP":null,"WSName":"DB","rangeAddress":"$DT$267:$DT$304","headAddress":"$DT$267","bodyAddress":"$DT$268:$DT$304","_name":"по счетчику"}},"emcosID":null,"emcosMLID":null,"codMaketTEP":null,"codTEP":null,"WSName":"DB","rangeAddress":"$DN$266:$DT$304","headAddress":"$DN$266:$DT$266","bodyAddress":"$DN$267:$DT$304","_name":"отдача"}},"emcosID":null,"emcosMLID":null,"codMaketTEP":null,"codTEP":null,"WSName":"DB","rangeAddress":"$DG$265:$DT$304","headAddress":"$DG$265:$DT$265","bodyAddress":"$DG$266:$DT$304","_name":"КЛ10 ПС149 Талдыкорган ЗЩА"}},"codPlan":null,"meterCoef":null,"_name":"КЛ10 ПС149 Талдыкорган ЗЩА"}