{"ID":"8499a48f-9a5b-425d-b1e2-de4e1c7eb172","childs":{"PS":{"_level":0,"parentID":"8499a48f-9a5b-425d-b1e2-de4e1c7eb172","firstParentID":"8499a48f-9a5b-425d-b1e2-de4e1c7eb172","ID":"1fb86cd9-32b1-4bbb-91da-4ec1e1a96386","childs":{"прием":{"_level":1,"parentID":"1fb86cd9-32b1-4bbb-91da-4ec1e1a96386","firstParentID":"8499a48f-9a5b-425d-b1e2-de4e1c7eb172","ID":"a4b4a519-8164-49e0-abc1-8dd0e986cb8a","childs":{"оперативное":{"_level":2,"parentID":"a4b4a519-8164-49e0-abc1-8dd0e986cb8a","firstParentID":"8499a48f-9a5b-425d-b1e2-de4e1c7eb172","ID":"0ede52a2-a559-416f-86d3-911e207297d0","childs":null,"emcosID":null,"emcosMLID":null,"codMaketTEP":null,"codTEP":null,"WSName":"PS","rangeAddress":"$CV$99:$CV$135","headAddress":"$CV$99","bodyAddress":"$CV$100:$CV$135","_name":"оперативное"}},"emcosID":null,"emcosMLID":null,"codMaketTEP":null,"codTEP":null,"WSName":"PS","rangeAddress":"$CV$98:$CV$135","headAddress":"$CV$98","bodyAddress":"$CV$99:$CV$135","_name":"прием"},"отдача":{"_level":1,"parentID":"1fb86cd9-32b1-4bbb-91da-4ec1e1a96386","firstParentID":"8499a48f-9a5b-425d-b1e2-de4e1c7eb172","ID":"2d252784-5035-447e-aabe-09cd1c7e5f82","childs":{"оперативное":{"_level":2,"parentID":"2d252784-5035-447e-aabe-09cd1c7e5f82","firstParentID":"8499a48f-9a5b-425d-b1e2-de4e1c7eb172","ID":"eb0c641c-e6f4-4b85-a701-9cec81d804ba","childs":null,"emcosID":null,"emcosMLID":null,"codMaketTEP":null,"codTEP":null,"WSName":"PS","rangeAddress":"$CW$99:$CW$135","headAddress":"$CW$99","bodyAddress":"$CW$100:$CW$135","_name":"оперативное"}},"emcosID":null,"emcosMLID":null,"codMaketTEP":null,"codTEP":null,"WSName":"PS","rangeAddress":"$CW$98:$CW$135","headAddress":"$CW$98","bodyAddress":"$CW$99:$CW$135","_name":"отдача"}},"emcosID":null,"emcosMLID":null,"codMaketTEP":null,"codTEP":null,"WSName":"PS","rangeAddress":"$CV$97:$CW$135","headAddress":"$CV$97:$CW$97","bodyAddress":"$CV$98:$CW$135","_name":"Л2333 КГЭС"},"DB":{"_level":0,"parentID":"8499a48f-9a5b-425d-b1e2-de4e1c7eb172","firstParentID":"8499a48f-9a5b-425d-b1e2-de4e1c7eb172","ID":"d68ff000-e439-4d35-b1f1-bb8fce1ad184","childs":{"прием":{"_level":1,"parentID":"d68ff000-e439-4d35-b1f1-bb8fce1ad184","firstParentID":"8499a48f-9a5b-425d-b1e2-de4e1c7eb172","ID":"318dec94-ff76-4358-b60e-2f04d6fe956b","childs":{"код":{"_level":2,"parentID":"318dec94-ff76-4358-b60e-2f04d6fe956b","firstParentID":"8499a48f-9a5b-425d-b1e2-de4e1c7eb172","ID":"1a0f5886-32a8-49f5-b045-e4893a397129","childs":null,"emcosID":null,"emcosMLID":null,"codMaketTEP":null,"codTEP":null,"WSName":"DB","rangeAddress":"$AE$52:$AE$89","headAddress":"$AE$52","bodyAddress":"$AE$53:$AE$89","_name":"код"},"основное":{"_level":2,"parentID":"318dec94-ff76-4358-b60e-2f04d6fe956b","firstParentID":"8499a48f-9a5b-425d-b1e2-de4e1c7eb172","ID":"0094cb93-1799-4639-bb77-0671d496be35","childs":null,"emcosID":null,"emcosMLID":null,"codMaketTEP":null,"codTEP":null,"WSName":"DB","rangeAddress":"$AF$52:$AF$89","headAddress":"$AF$52","bodyAddress":"$AF$53:$AF$89","_name":"основное"},"корректировка факт":{"_level":2,"parentID":"318dec94-ff76-4358-b60e-2f04d6fe956b","firstParentID":"8499a48f-9a5b-425d-b1e2-de4e1c7eb172","ID":"d43544eb-89ae-45e0-bc9f-f9d89e8ea330","childs":null,"emcosID":null,"emcosMLID":null,"codMaketTEP":null,"codTEP":null,"WSName":"DB","rangeAddress":"$AG$52:$AG$89","headAddress":"$AG$52","bodyAddress":"$AG$53:$AG$89","_name":"корректировка факт"},"ручное":{"_level":2,"parentID":"318dec94-ff76-4358-b60e-2f04d6fe956b","firstParentID":"8499a48f-9a5b-425d-b1e2-de4e1c7eb172","ID":"73fa4a74-bb62-4eac-9e11-fe77fddbafd7","childs":null,"emcosID":null,"emcosMLID":null,"codMaketTEP":null,"codTEP":null,"WSName":"DB","rangeAddress":"$AH$52:$AH$89","headAddress":"$AH$52","bodyAddress":"$AH$53:$AH$89","_name":"ручное"},"оперативное":{"_level":2,"parentID":"318dec94-ff76-4358-b60e-2f04d6fe956b","firstParentID":"8499a48f-9a5b-425d-b1e2-de4e1c7eb172","ID":"0aea2c1a-801b-43fc-934a-96823794ac4e","childs":null,"emcosID":null,"emcosMLID":null,"codMaketTEP":null,"codTEP":null,"WSName":"DB","rangeAddress":"$AI$52:$AI$89","headAddress":"$AI$52","bodyAddress":"$AI$53:$AI$89","_name":"оперативное"}},"emcosID":null,"emcosMLID":null,"codMaketTEP":null,"codTEP":null,"WSName":"DB","rangeAddress":"$AE$51:$AI$89","headAddress":"$AE$51:$AI$51","bodyAddress":"$AE$52:$AI$89","_name":"прием"},"отдача":{"_level":1,"parentID":"d68ff000-e439-4d35-b1f1-bb8fce1ad184","firstParentID":"8499a48f-9a5b-425d-b1e2-de4e1c7eb172","ID":"781d5b33-0c3c-41b5-9813-48fdf3659f6d","childs":{"код":{"_level":2,"parentID":"781d5b33-0c3c-41b5-9813-48fdf3659f6d","firstParentID":"8499a48f-9a5b-425d-b1e2-de4e1c7eb172","ID":"05939379-4343-4ba6-97c0-3af8342c05d4","childs":null,"emcosID":null,"emcosMLID":null,"codMaketTEP":null,"codTEP":null,"WSName":"DB","rangeAddress":"$AJ$52:$AJ$89","headAddress":"$AJ$52","bodyAddress":"$AJ$53:$AJ$89","_name":"код"},"основное":{"_level":2,"parentID":"781d5b33-0c3c-41b5-9813-48fdf3659f6d","firstParentID":"8499a48f-9a5b-425d-b1e2-de4e1c7eb172","ID":"1a752802-486b-40f3-ac71-100a70b03b5b","childs":null,"emcosID":null,"emcosMLID":null,"codMaketTEP":null,"codTEP":null,"WSName":"DB","rangeAddress":"$AK$52:$AK$89","headAddress":"$AK$52","bodyAddress":"$AK$53:$AK$89","_name":"основное"},"корректировка факт":{"_level":2,"parentID":"781d5b33-0c3c-41b5-9813-48fdf3659f6d","firstParentID":"8499a48f-9a5b-425d-b1e2-de4e1c7eb172","ID":"4deaba1c-1f3f-41ce-a4fd-87c2fc03fd78","childs":null,"emcosID":null,"emcosMLID":null,"codMaketTEP":null,"codTEP":null,"WSName":"DB","rangeAddress":"$AL$52:$AL$89","headAddress":"$AL$52","bodyAddress":"$AL$53:$AL$89","_name":"корректировка факт"},"ручное":{"_level":2,"parentID":"781d5b33-0c3c-41b5-9813-48fdf3659f6d","firstParentID":"8499a48f-9a5b-425d-b1e2-de4e1c7eb172","ID":"94c6842e-70c3-4a37-86f7-327140e90276","childs":null,"emcosID":null,"emcosMLID":null,"codMaketTEP":null,"codTEP":null,"WSName":"DB","rangeAddress":"$AM$52:$AM$89","headAddress":"$AM$52","bodyAddress":"$AM$53:$AM$89","_name":"ручное"},"оперативное":{"_level":2,"parentID":"781d5b33-0c3c-41b5-9813-48fdf3659f6d","firstParentID":"8499a48f-9a5b-425d-b1e2-de4e1c7eb172","ID":"9ba8d647-1fc5-418b-bfb9-13877862a112","childs":null,"emcosID":null,"emcosMLID":null,"codMaketTEP":null,"codTEP":null,"WSName":"DB","rangeAddress":"$AN$52:$AN$89","headAddress":"$AN$52","bodyAddress":"$AN$53:$AN$89","_name":"оперативное"}},"emcosID":null,"emcosMLID":null,"codMaketTEP":null,"codTEP":null,"WSName":"DB","rangeAddress":"$AJ$51:$AN$89","headAddress":"$AJ$51:$AN$51","bodyAddress":"$AJ$52:$AN$89","_name":"отдача"}},"emcosID":null,"emcosMLID":null,"codMaketTEP":null,"codTEP":null,"WSName":"DB","rangeAddress":"$AE$50:$AN$89","headAddress":"$AE$50:$AN$50","bodyAddress":"$AE$51:$AN$89","_name":"Л2333 КГЭС"}},"codPlan":null,"meterCoef":null,"_name":"Л2333 КГЭС"}