{"ID":"86d9ddf1-6735-45f0-a6e7-c603dfe0ebdf","childs":{"PS":{"_level":0,"parentID":"86d9ddf1-6735-45f0-a6e7-c603dfe0ebdf","firstParentID":"86d9ddf1-6735-45f0-a6e7-c603dfe0ebdf","ID":"742130db-bc21-411c-86e5-a9d941ccc890","childs":{"прием":{"_level":1,"parentID":"742130db-bc21-411c-86e5-a9d941ccc890","firstParentID":"86d9ddf1-6735-45f0-a6e7-c603dfe0ebdf","ID":"cae343a0-62e3-4f90-9a1d-c20db7d0d607","childs":{"по счетчику":{"_level":2,"parentID":"cae343a0-62e3-4f90-9a1d-c20db7d0d607","firstParentID":"86d9ddf1-6735-45f0-a6e7-c603dfe0ebdf","ID":"f0101d77-9209-47d7-beb9-64003a343bec","childs":null,"emcosID":null,"emcosMLID":null,"codMaketTEP":null,"codTEP":null,"WSName":"PS","rangeAddress":"$O$142:$O$178","headAddress":"$O$142","bodyAddress":"$O$143:$O$178","_name":"по счетчику"},"СЧЕТЧИК":{"_level":2,"parentID":"cae343a0-62e3-4f90-9a1d-c20db7d0d607","firstParentID":"86d9ddf1-6735-45f0-a6e7-c603dfe0ebdf","ID":"02094697-204c-4dc7-a3e7-89253c304f82","childs":null,"emcosID":null,"emcosMLID":null,"codMaketTEP":null,"codTEP":null,"WSName":"PS","rangeAddress":"$P$142:$P$178","headAddress":"$P$142","bodyAddress":"$P$143:$P$178","_name":"СЧЕТЧИК"}},"emcosID":null,"emcosMLID":null,"codMaketTEP":null,"codTEP":null,"WSName":"PS","rangeAddress":"$O$141:$P$178","headAddress":"$O$141:$P$141","bodyAddress":"$O$142:$P$178","_name":"прием"},"отдача":{"_level":1,"parentID":"742130db-bc21-411c-86e5-a9d941ccc890","firstParentID":"86d9ddf1-6735-45f0-a6e7-c603dfe0ebdf","ID":"0d93bac6-a9ac-4c36-8dd5-75793f35ef5b","childs":{"по счетчику":{"_level":2,"parentID":"0d93bac6-a9ac-4c36-8dd5-75793f35ef5b","firstParentID":"86d9ddf1-6735-45f0-a6e7-c603dfe0ebdf","ID":"0e11fefe-9df3-44e2-9f27-57d24c734872","childs":null,"emcosID":null,"emcosMLID":null,"codMaketTEP":null,"codTEP":null,"WSName":"PS","rangeAddress":"$Q$142:$Q$178","headAddress":"$Q$142","bodyAddress":"$Q$143:$Q$178","_name":"по счетчику"},"СЧЕТЧИК":{"_level":2,"parentID":"0d93bac6-a9ac-4c36-8dd5-75793f35ef5b","firstParentID":"86d9ddf1-6735-45f0-a6e7-c603dfe0ebdf","ID":"e531a721-ce38-41c0-abb6-96a460c0f83a","childs":null,"emcosID":null,"emcosMLID":null,"codMaketTEP":null,"codTEP":null,"WSName":"PS","rangeAddress":"$R$142:$R$178","headAddress":"$R$142","bodyAddress":"$R$143:$R$178","_name":"СЧЕТЧИК"}},"emcosID":null,"emcosMLID":null,"codMaketTEP":null,"codTEP":null,"WSName":"PS","rangeAddress":"$Q$141:$R$178","headAddress":"$Q$141:$R$141","bodyAddress":"$Q$142:$R$178","_name":"отдача"}},"emcosID":null,"emcosMLID":null,"codMaketTEP":null,"codTEP":null,"WSName":"PS","rangeAddress":"$O$140:$R$178","headAddress":"$O$140:$R$140","bodyAddress":"$O$141:$R$178","_name":"Л62 Водозабор"},"DB":{"_level":0,"parentID":"86d9ddf1-6735-45f0-a6e7-c603dfe0ebdf","firstParentID":"86d9ddf1-6735-45f0-a6e7-c603dfe0ebdf","ID":"b191103e-e0f7-42d2-ad7f-239f1839970a","childs":{"прием":{"_level":1,"parentID":"b191103e-e0f7-42d2-ad7f-239f1839970a","firstParentID":"86d9ddf1-6735-45f0-a6e7-c603dfe0ebdf","ID":"dd99bb48-1e21-4e4e-a2c9-5880aa058091","childs":{"код":{"_level":2,"parentID":"dd99bb48-1e21-4e4e-a2c9-5880aa058091","firstParentID":"86d9ddf1-6735-45f0-a6e7-c603dfe0ebdf","ID":"28b6ddac-2f8b-4808-aa9f-232b6700b3a4","childs":null,"emcosID":null,"emcosMLID":null,"codMaketTEP":null,"codTEP":null,"WSName":"DB","rangeAddress":"$CE$52:$CE$89","headAddress":"$CE$52","bodyAddress":"$CE$53:$CE$89","_name":"код"},"основное":{"_level":2,"parentID":"dd99bb48-1e21-4e4e-a2c9-5880aa058091","firstParentID":"86d9ddf1-6735-45f0-a6e7-c603dfe0ebdf","ID":"efed815d-8baa-4467-a62b-46f2cccab842","childs":null,"emcosID":null,"emcosMLID":null,"codMaketTEP":null,"codTEP":null,"WSName":"DB","rangeAddress":"$CF$52:$CF$89","headAddress":"$CF$52","bodyAddress":"$CF$53:$CF$89","_name":"основное"},"корректировка факт":{"_level":2,"parentID":"dd99bb48-1e21-4e4e-a2c9-5880aa058091","firstParentID":"86d9ddf1-6735-45f0-a6e7-c603dfe0ebdf","ID":"1671366f-9937-4f68-b999-710e5aa6ed49","childs":null,"emcosID":null,"emcosMLID":null,"codMaketTEP":null,"codTEP":null,"WSName":"DB","rangeAddress":"$CG$52:$CG$89","headAddress":"$CG$52","bodyAddress":"$CG$53:$CG$89","_name":"корректировка факт"},"ручное":{"_level":2,"parentID":"dd99bb48-1e21-4e4e-a2c9-5880aa058091","firstParentID":"86d9ddf1-6735-45f0-a6e7-c603dfe0ebdf","ID":"3dcf2014-870f-494f-b1e7-ebf684cc59a4","childs":null,"emcosID":null,"emcosMLID":null,"codMaketTEP":null,"codTEP":null,"WSName":"DB","rangeAddress":"$CH$52:$CH$89","headAddress":"$CH$52","bodyAddress":"$CH$53:$CH$89","_name":"ручное"},"счетчик":{"_level":2,"parentID":"dd99bb48-1e21-4e4e-a2c9-5880aa058091","firstParentID":"86d9ddf1-6735-45f0-a6e7-c603dfe0ebdf","ID":"e02592aa-ba30-4ee2-afaf-047d3ae20e19","childs":null,"emcosID":null,"emcosMLID":null,"codMaketTEP":null,"codTEP":null,"WSName":"DB","rangeAddress":"$CI$52:$CI$89","headAddress":"$CI$52","bodyAddress":"$CI$53:$CI$89","_name":"счетчик"},"по счетчику":{"_level":2,"parentID":"dd99bb48-1e21-4e4e-a2c9-5880aa058091","firstParentID":"86d9ddf1-6735-45f0-a6e7-c603dfe0ebdf","ID":"b5d712ae-f189-4090-87f5-cb0b7c2481a5","childs":null,"emcosID":null,"emcosMLID":null,"codMaketTEP":null,"codTEP":null,"WSName":"DB","rangeAddress":"$CJ$52:$CJ$89","headAddress":"$CJ$52","bodyAddress":"$CJ$53:$CJ$89","_name":"по счетчику"}},"emcosID":null,"emcosMLID":null,"codMaketTEP":null,"codTEP":null,"WSName":"DB","rangeAddress":"$CE$51:$CJ$89","headAddress":"$CE$51:$CJ$51","bodyAddress":"$CE$52:$CJ$89","_name":"прием"},"отдача":{"_level":1,"parentID":"b191103e-e0f7-42d2-ad7f-239f1839970a","firstParentID":"86d9ddf1-6735-45f0-a6e7-c603dfe0ebdf","ID":"69f0de75-9e59-4226-936c-0e208cc32e07","childs":{"код":{"_level":2,"parentID":"69f0de75-9e59-4226-936c-0e208cc32e07","firstParentID":"86d9ddf1-6735-45f0-a6e7-c603dfe0ebdf","ID":"92cd071a-3789-4df1-ad96-423da058b66e","childs":null,"emcosID":null,"emcosMLID":null,"codMaketTEP":null,"codTEP":null,"WSName":"DB","rangeAddress":"$CK$52:$CK$89","headAddress":"$CK$52","bodyAddress":"$CK$53:$CK$89","_name":"код"},"основное":{"_level":2,"parentID":"69f0de75-9e59-4226-936c-0e208cc32e07","firstParentID":"86d9ddf1-6735-45f0-a6e7-c603dfe0ebdf","ID":"82c484f5-315e-4c7c-9cdc-af3b24288d6d","childs":null,"emcosID":null,"emcosMLID":null,"codMaketTEP":null,"codTEP":null,"WSName":"DB","rangeAddress":"$CL$52:$CL$89","headAddress":"$CL$52","bodyAddress":"$CL$53:$CL$89","_name":"основное"},"корректировка факт":{"_level":2,"parentID":"69f0de75-9e59-4226-936c-0e208cc32e07","firstParentID":"86d9ddf1-6735-45f0-a6e7-c603dfe0ebdf","ID":"f0e69119-31ad-4e99-bfbc-2ee8ce2b4ebd","childs":null,"emcosID":null,"emcosMLID":null,"codMaketTEP":null,"codTEP":null,"WSName":"DB","rangeAddress":"$CM$52:$CM$89","headAddress":"$CM$52","bodyAddress":"$CM$53:$CM$89","_name":"корректировка факт"},"ручное":{"_level":2,"parentID":"69f0de75-9e59-4226-936c-0e208cc32e07","firstParentID":"86d9ddf1-6735-45f0-a6e7-c603dfe0ebdf","ID":"a78ced7a-3090-42d9-84a1-e895cb6795cb","childs":null,"emcosID":null,"emcosMLID":null,"codMaketTEP":null,"codTEP":null,"WSName":"DB","rangeAddress":"$CN$52:$CN$89","headAddress":"$CN$52","bodyAddress":"$CN$53:$CN$89","_name":"ручное"},"счетчик":{"_level":2,"parentID":"69f0de75-9e59-4226-936c-0e208cc32e07","firstParentID":"86d9ddf1-6735-45f0-a6e7-c603dfe0ebdf","ID":"e39bc584-559c-4d59-990f-c54e8487621b","childs":null,"emcosID":null,"emcosMLID":null,"codMaketTEP":null,"codTEP":null,"WSName":"DB","rangeAddress":"$CO$52:$CO$89","headAddress":"$CO$52","bodyAddress":"$CO$53:$CO$89","_name":"счетчик"},"по счетчику":{"_level":2,"parentID":"69f0de75-9e59-4226-936c-0e208cc32e07","firstParentID":"86d9ddf1-6735-45f0-a6e7-c603dfe0ebdf","ID":"c31291a3-4895-4f52-ae16-7674dc70f669","childs":null,"emcosID":null,"emcosMLID":null,"codMaketTEP":null,"codTEP":null,"WSName":"DB","rangeAddress":"$CP$52:$CP$89","headAddress":"$CP$52","bodyAddress":"$CP$53:$CP$89","_name":"по счетчику"}},"emcosID":null,"emcosMLID":null,"codMaketTEP":null,"codTEP":null,"WSName":"DB","rangeAddress":"$CK$51:$CP$89","headAddress":"$CK$51:$CP$51","bodyAddress":"$CK$52:$CP$89","_name":"отдача"}},"emcosID":null,"emcosMLID":null,"codMaketTEP":null,"codTEP":null,"WSName":"DB","rangeAddress":"$CE$50:$CP$89","headAddress":"$CE$50:$CP$50","bodyAddress":"$CE$51:$CP$89","_name":"Л62 Водозабор"}},"codPlan":null,"meterCoef":"1,75","_name":"Л62 Водозабор"}