{"ID":"880e3acf-c8a0-4d82-807f-f44d70d0a016","childs":{"PS":{"_level":0,"parentID":"880e3acf-c8a0-4d82-807f-f44d70d0a016","firstParentID":"880e3acf-c8a0-4d82-807f-f44d70d0a016","ID":"5259514e-dff9-4b4a-9740-65db456aba25","childs":{"прием":{"_level":1,"parentID":"5259514e-dff9-4b4a-9740-65db456aba25","firstParentID":"880e3acf-c8a0-4d82-807f-f44d70d0a016","ID":"187dc25f-d203-4a19-a573-a11550f43006","childs":{"по счетчику":{"_level":2,"parentID":"187dc25f-d203-4a19-a573-a11550f43006","firstParentID":"880e3acf-c8a0-4d82-807f-f44d70d0a016","ID":"4f41a79e-b110-4072-ba74-7135002f5e75","childs":null,"emcosID":null,"emcosMLID":null,"codMaketTEP":null,"codTEP":null,"WSName":"PS","rangeAddress":"$AT$99:$AT$135","headAddress":"$AT$99","bodyAddress":"$AT$100:$AT$135","_name":"по счетчику"}},"emcosID":null,"emcosMLID":null,"codMaketTEP":null,"codTEP":null,"WSName":"PS","rangeAddress":"$AT$98:$AT$135","headAddress":"$AT$98","bodyAddress":"$AT$99:$AT$135","_name":"прием"},"отдача":{"_level":1,"parentID":"5259514e-dff9-4b4a-9740-65db456aba25","firstParentID":"880e3acf-c8a0-4d82-807f-f44d70d0a016","ID":"d6cd83d5-ddcf-4878-9eb9-62d80457e7c0","childs":{"по счетчику":{"_level":2,"parentID":"d6cd83d5-ddcf-4878-9eb9-62d80457e7c0","firstParentID":"880e3acf-c8a0-4d82-807f-f44d70d0a016","ID":"1a7c0f6f-b735-48b2-865d-27e697448ac2","childs":null,"emcosID":null,"emcosMLID":null,"codMaketTEP":null,"codTEP":null,"WSName":"PS","rangeAddress":"$AU$99:$AU$135","headAddress":"$AU$99","bodyAddress":"$AU$100:$AU$135","_name":"по счетчику"}},"emcosID":null,"emcosMLID":null,"codMaketTEP":null,"codTEP":null,"WSName":"PS","rangeAddress":"$AU$98:$AU$135","headAddress":"$AU$98","bodyAddress":"$AU$99:$AU$135","_name":"отдача"}},"emcosID":null,"emcosMLID":null,"codMaketTEP":null,"codTEP":null,"WSName":"PS","rangeAddress":"$AT$97:$AU$135","headAddress":"$AT$97:$AU$97","bodyAddress":"$AT$98:$AU$135","_name":"КЛ50 ПС149 Талдыкорган ЗЩА"},"DB":{"_level":0,"parentID":"880e3acf-c8a0-4d82-807f-f44d70d0a016","firstParentID":"880e3acf-c8a0-4d82-807f-f44d70d0a016","ID":"bf516924-c3ec-4f8a-9175-9d682c7cb858","childs":{"прием":{"_level":1,"parentID":"bf516924-c3ec-4f8a-9175-9d682c7cb858","firstParentID":"880e3acf-c8a0-4d82-807f-f44d70d0a016","ID":"8cb08851-869e-4148-baa1-7f2d15233a23","childs":{"код":{"_level":2,"parentID":"8cb08851-869e-4148-baa1-7f2d15233a23","firstParentID":"880e3acf-c8a0-4d82-807f-f44d70d0a016","ID":"404fd90a-9db4-4a86-9d97-c2407a5e698a","childs":null,"emcosID":null,"emcosMLID":null,"codMaketTEP":null,"codTEP":null,"WSName":"DB","rangeAddress":"$CE$267:$CE$304","headAddress":"$CE$267","bodyAddress":"$CE$268:$CE$304","_name":"код"},"основное":{"_level":2,"parentID":"8cb08851-869e-4148-baa1-7f2d15233a23","firstParentID":"880e3acf-c8a0-4d82-807f-f44d70d0a016","ID":"cb275602-dc1c-4d32-bdc9-bacd9dd23183","childs":null,"emcosID":null,"emcosMLID":null,"codMaketTEP":null,"codTEP":null,"WSName":"DB","rangeAddress":"$CF$267:$CF$304","headAddress":"$CF$267","bodyAddress":"$CF$268:$CF$304","_name":"основное"},"корректировка факт":{"_level":2,"parentID":"8cb08851-869e-4148-baa1-7f2d15233a23","firstParentID":"880e3acf-c8a0-4d82-807f-f44d70d0a016","ID":"c0ee3160-f380-4f93-a01c-ac6820bfe981","childs":null,"emcosID":null,"emcosMLID":null,"codMaketTEP":null,"codTEP":null,"WSName":"DB","rangeAddress":"$CG$267:$CG$304","headAddress":"$CG$267","bodyAddress":"$CG$268:$CG$304","_name":"корректировка факт"},"ручное":{"_level":2,"parentID":"8cb08851-869e-4148-baa1-7f2d15233a23","firstParentID":"880e3acf-c8a0-4d82-807f-f44d70d0a016","ID":"e5cc1883-d283-4f31-9b31-493737de410e","childs":null,"emcosID":null,"emcosMLID":null,"codMaketTEP":null,"codTEP":null,"WSName":"DB","rangeAddress":"$CH$267:$CH$304","headAddress":"$CH$267","bodyAddress":"$CH$268:$CH$304","_name":"ручное"},"оперативное":{"_level":2,"parentID":"8cb08851-869e-4148-baa1-7f2d15233a23","firstParentID":"880e3acf-c8a0-4d82-807f-f44d70d0a016","ID":"eeedff3c-ef66-412f-bbb7-0914107fee79","childs":null,"emcosID":null,"emcosMLID":null,"codMaketTEP":null,"codTEP":null,"WSName":"DB","rangeAddress":"$CI$267:$CI$304","headAddress":"$CI$267","bodyAddress":"$CI$268:$CI$304","_name":"оперативное"},"счетчик":{"_level":2,"parentID":"8cb08851-869e-4148-baa1-7f2d15233a23","firstParentID":"880e3acf-c8a0-4d82-807f-f44d70d0a016","ID":"9ad15ca6-9f46-4c2e-8792-b9838839284a","childs":null,"emcosID":null,"emcosMLID":null,"codMaketTEP":null,"codTEP":null,"WSName":"DB","rangeAddress":"$CJ$267:$CJ$304","headAddress":"$CJ$267","bodyAddress":"$CJ$268:$CJ$304","_name":"счетчик"},"по счетчику":{"_level":2,"parentID":"8cb08851-869e-4148-baa1-7f2d15233a23","firstParentID":"880e3acf-c8a0-4d82-807f-f44d70d0a016","ID":"94d4017a-558b-45b3-95df-8613ec9078ea","childs":null,"emcosID":null,"emcosMLID":null,"codMaketTEP":null,"codTEP":null,"WSName":"DB","rangeAddress":"$CK$267:$CK$304","headAddress":"$CK$267","bodyAddress":"$CK$268:$CK$304","_name":"по счетчику"}},"emcosID":null,"emcosMLID":null,"codMaketTEP":null,"codTEP":null,"WSName":"DB","rangeAddress":"$CE$266:$CK$304","headAddress":"$CE$266:$CK$266","bodyAddress":"$CE$267:$CK$304","_name":"прием"},"отдача":{"_level":1,"parentID":"bf516924-c3ec-4f8a-9175-9d682c7cb858","firstParentID":"880e3acf-c8a0-4d82-807f-f44d70d0a016","ID":"c28c939a-cc11-4c40-ba08-18caa0a09c65","childs":{"код":{"_level":2,"parentID":"c28c939a-cc11-4c40-ba08-18caa0a09c65","firstParentID":"880e3acf-c8a0-4d82-807f-f44d70d0a016","ID":"4db10612-ed87-433c-8009-7c6390a815c9","childs":null,"emcosID":null,"emcosMLID":null,"codMaketTEP":null,"codTEP":null,"WSName":"DB","rangeAddress":"$CL$267:$CL$304","headAddress":"$CL$267","bodyAddress":"$CL$268:$CL$304","_name":"код"},"основное":{"_level":2,"parentID":"c28c939a-cc11-4c40-ba08-18caa0a09c65","firstParentID":"880e3acf-c8a0-4d82-807f-f44d70d0a016","ID":"dd393245-0450-4f11-afb0-eed77c0e48f3","childs":null,"emcosID":null,"emcosMLID":null,"codMaketTEP":null,"codTEP":null,"WSName":"DB","rangeAddress":"$CM$267:$CM$304","headAddress":"$CM$267","bodyAddress":"$CM$268:$CM$304","_name":"основное"},"корректировка факт":{"_level":2,"parentID":"c28c939a-cc11-4c40-ba08-18caa0a09c65","firstParentID":"880e3acf-c8a0-4d82-807f-f44d70d0a016","ID":"7b1c9a09-fe81-4418-906f-eada05632e4f","childs":null,"emcosID":null,"emcosMLID":null,"codMaketTEP":null,"codTEP":null,"WSName":"DB","rangeAddress":"$CN$267:$CN$304","headAddress":"$CN$267","bodyAddress":"$CN$268:$CN$304","_name":"корректировка факт"},"ручное":{"_level":2,"parentID":"c28c939a-cc11-4c40-ba08-18caa0a09c65","firstParentID":"880e3acf-c8a0-4d82-807f-f44d70d0a016","ID":"7a623034-a680-447e-afca-94437f9990d6","childs":null,"emcosID":null,"emcosMLID":null,"codMaketTEP":null,"codTEP":null,"WSName":"DB","rangeAddress":"$CO$267:$CO$304","headAddress":"$CO$267","bodyAddress":"$CO$268:$CO$304","_name":"ручное"},"оперативное":{"_level":2,"parentID":"c28c939a-cc11-4c40-ba08-18caa0a09c65","firstParentID":"880e3acf-c8a0-4d82-807f-f44d70d0a016","ID":"bb9180e6-8c02-40aa-8504-5942b8bd5ed3","childs":null,"emcosID":null,"emcosMLID":null,"codMaketTEP":null,"codTEP":null,"WSName":"DB","rangeAddress":"$CP$267:$CP$304","headAddress":"$CP$267","bodyAddress":"$CP$268:$CP$304","_name":"оперативное"},"счетчик":{"_level":2,"parentID":"c28c939a-cc11-4c40-ba08-18caa0a09c65","firstParentID":"880e3acf-c8a0-4d82-807f-f44d70d0a016","ID":"e57b1e71-02c2-478d-b0a8-f50389818932","childs":null,"emcosID":null,"emcosMLID":null,"codMaketTEP":null,"codTEP":null,"WSName":"DB","rangeAddress":"$CQ$267:$CQ$304","headAddress":"$CQ$267","bodyAddress":"$CQ$268:$CQ$304","_name":"счетчик"},"по счетчику":{"_level":2,"parentID":"c28c939a-cc11-4c40-ba08-18caa0a09c65","firstParentID":"880e3acf-c8a0-4d82-807f-f44d70d0a016","ID":"94b7d1de-4b24-4b26-a131-6d7219b57a69","childs":null,"emcosID":null,"emcosMLID":null,"codMaketTEP":null,"codTEP":null,"WSName":"DB","rangeAddress":"$CR$267:$CR$304","headAddress":"$CR$267","bodyAddress":"$CR$268:$CR$304","_name":"по счетчику"}},"emcosID":null,"emcosMLID":null,"codMaketTEP":null,"codTEP":null,"WSName":"DB","rangeAddress":"$CL$266:$CR$304","headAddress":"$CL$266:$CR$266","bodyAddress":"$CL$267:$CR$304","_name":"отдача"}},"emcosID":null,"emcosMLID":null,"codMaketTEP":null,"codTEP":null,"WSName":"DB","rangeAddress":"$CE$265:$CR$304","headAddress":"$CE$265:$CR$265","bodyAddress":"$CE$266:$CR$304","_name":"КЛ50 ПС149 Талдыкорган ЗЩА"}},"codPlan":null,"meterCoef":null,"_name":"КЛ50 ПС149 Талдыкорган ЗЩА"}