{"ID":"88a835ae-8916-4b78-9d6f-baf83d582cdc","childs":{"PS":{"_level":0,"parentID":"88a835ae-8916-4b78-9d6f-baf83d582cdc","firstParentID":"88a835ae-8916-4b78-9d6f-baf83d582cdc","ID":"89b4f615-bd01-4cb9-ab54-92041f3136cc","childs":{"отдача":{"_level":1,"parentID":"89b4f615-bd01-4cb9-ab54-92041f3136cc","firstParentID":"88a835ae-8916-4b78-9d6f-baf83d582cdc","ID":"d86470a7-92f4-4e18-90e4-ed81967c0270","childs":{"ручное":{"_level":2,"parentID":"d86470a7-92f4-4e18-90e4-ed81967c0270","firstParentID":"88a835ae-8916-4b78-9d6f-baf83d582cdc","ID":"7b10696a-76d9-491d-ab29-f4bbf8019ac0","childs":null,"emcosID":null,"emcosMLID":null,"codMaketTEP":null,"codTEP":null,"WSName":"PS","rangeAddress":"$BE$228:$BE$264","headAddress":"$BE$228","bodyAddress":"$BE$229:$BE$264","_name":"ручное"}},"emcosID":null,"emcosMLID":null,"codMaketTEP":null,"codTEP":null,"WSName":"PS","rangeAddress":"$BE$227:$BE$264","headAddress":"$BE$227","bodyAddress":"$BE$228:$BE$264","_name":"отдача"}},"emcosID":null,"emcosMLID":null,"codMaketTEP":null,"codTEP":null,"WSName":"PS","rangeAddress":"$BE$226:$BE$264","headAddress":"$BE$226","bodyAddress":"$BE$227:$BE$264","_name":"Отпуск в сеть Каскад Каратальских ГЭС ККГЭС"},"DB":{"_level":0,"parentID":"88a835ae-8916-4b78-9d6f-baf83d582cdc","firstParentID":"88a835ae-8916-4b78-9d6f-baf83d582cdc","ID":"739380a8-5854-451c-b34b-3c37fe5450a5","childs":{"отдача":{"_level":1,"parentID":"739380a8-5854-451c-b34b-3c37fe5450a5","firstParentID":"88a835ae-8916-4b78-9d6f-baf83d582cdc","ID":"d7563ff4-9ba2-4491-bf3c-ff060e014c1e","childs":{"код":{"_level":2,"parentID":"d7563ff4-9ba2-4491-bf3c-ff060e014c1e","firstParentID":"88a835ae-8916-4b78-9d6f-baf83d582cdc","ID":"7e18b4ef-bd2d-4a26-a786-8d98f30bfa2a","childs":null,"emcosID":null,"emcosMLID":null,"codMaketTEP":null,"codTEP":null,"WSName":"DB","rangeAddress":"$GS$224:$GS$261","headAddress":"$GS$224","bodyAddress":"$GS$225:$GS$261","_name":"код"},"основное":{"_level":2,"parentID":"d7563ff4-9ba2-4491-bf3c-ff060e014c1e","firstParentID":"88a835ae-8916-4b78-9d6f-baf83d582cdc","ID":"b68fd82b-a543-4611-bd91-6a31f5576449","childs":null,"emcosID":null,"emcosMLID":null,"codMaketTEP":null,"codTEP":null,"WSName":"DB","rangeAddress":"$GT$224:$GT$261","headAddress":"$GT$224","bodyAddress":"$GT$225:$GT$261","_name":"основное"},"корректировка факт":{"_level":2,"parentID":"d7563ff4-9ba2-4491-bf3c-ff060e014c1e","firstParentID":"88a835ae-8916-4b78-9d6f-baf83d582cdc","ID":"8c57654c-1a53-4334-8d7e-f749681a4d7a","childs":null,"emcosID":null,"emcosMLID":null,"codMaketTEP":null,"codTEP":null,"WSName":"DB","rangeAddress":"$GU$224:$GU$261","headAddress":"$GU$224","bodyAddress":"$GU$225:$GU$261","_name":"корректировка факт"},"ручное":{"_level":2,"parentID":"d7563ff4-9ba2-4491-bf3c-ff060e014c1e","firstParentID":"88a835ae-8916-4b78-9d6f-baf83d582cdc","ID":"8438fa2a-a743-46f7-8110-94fe2575b743","childs":null,"emcosID":null,"emcosMLID":null,"codMaketTEP":null,"codTEP":null,"WSName":"DB","rangeAddress":"$GV$224:$GV$261","headAddress":"$GV$224","bodyAddress":"$GV$225:$GV$261","_name":"ручное"}},"emcosID":null,"emcosMLID":null,"codMaketTEP":null,"codTEP":null,"WSName":"DB","rangeAddress":"$GS$223:$GV$261","headAddress":"$GS$223:$GV$223","bodyAddress":"$GS$224:$GV$261","_name":"отдача"}},"emcosID":null,"emcosMLID":null,"codMaketTEP":null,"codTEP":null,"WSName":"DB","rangeAddress":"$GS$222:$GV$261","headAddress":"$GS$222:$GV$222","bodyAddress":"$GS$223:$GV$261","_name":"Отпуск в сеть Каскад Каратальских ГЭС ККГЭС"}},"codPlan":null,"meterCoef":null,"_name":"Отпуск в сеть Каскад Каратальских ГЭС ККГЭС"}