{"ID":"8beae0ba-d5ca-4442-9a33-44ae3cd002b5","childs":{"PS":{"_level":0,"parentID":"8beae0ba-d5ca-4442-9a33-44ae3cd002b5","firstParentID":"8beae0ba-d5ca-4442-9a33-44ae3cd002b5","ID":"7ffac1a3-cd95-493e-a6cf-45d610d34995","childs":{"отдача":{"_level":1,"parentID":"7ffac1a3-cd95-493e-a6cf-45d610d34995","firstParentID":"8beae0ba-d5ca-4442-9a33-44ae3cd002b5","ID":"132b7b5f-78b5-43e9-8003-f67e10473e4b","childs":{"оперативное":{"_level":2,"parentID":"132b7b5f-78b5-43e9-8003-f67e10473e4b","firstParentID":"8beae0ba-d5ca-4442-9a33-44ae3cd002b5","ID":"54f2c65c-6101-4aac-b822-d5226fcc9224","childs":null,"emcosID":null,"emcosMLID":null,"codMaketTEP":null,"codTEP":null,"WSName":"PS","rangeAddress":"$DJ$185:$DJ$221","headAddress":"$DJ$185","bodyAddress":"$DJ$186:$DJ$221","_name":"оперативное"}},"emcosID":null,"emcosMLID":null,"codMaketTEP":null,"codTEP":null,"WSName":"PS","rangeAddress":"$DJ$184:$DJ$221","headAddress":"$DJ$184","bodyAddress":"$DJ$185:$DJ$221","_name":"отдача"}},"emcosID":null,"emcosMLID":null,"codMaketTEP":null,"codTEP":null,"WSName":"PS","rangeAddress":"$DJ$183:$DJ$221","headAddress":"$DJ$183","bodyAddress":"$DJ$184:$DJ$221","_name":"Генерация Аннар"},"DB":{"_level":0,"parentID":"8beae0ba-d5ca-4442-9a33-44ae3cd002b5","firstParentID":"8beae0ba-d5ca-4442-9a33-44ae3cd002b5","ID":"859eef1f-9eca-4fa1-9b89-6756e462a155","childs":{"отдача":{"_level":1,"parentID":"859eef1f-9eca-4fa1-9b89-6756e462a155","firstParentID":"8beae0ba-d5ca-4442-9a33-44ae3cd002b5","ID":"ae2149b1-a646-40e7-8e6a-2684a44c78e4","childs":{"код":{"_level":2,"parentID":"ae2149b1-a646-40e7-8e6a-2684a44c78e4","firstParentID":"8beae0ba-d5ca-4442-9a33-44ae3cd002b5","ID":"6ce3d89e-8d67-4edc-a1ca-bcea7d079f48","childs":null,"emcosID":null,"emcosMLID":null,"codMaketTEP":null,"codTEP":null,"WSName":"DB","rangeAddress":"$GG$267:$GG$304","headAddress":"$GG$267","bodyAddress":"$GG$268:$GG$304","_name":"код"},"основное":{"_level":2,"parentID":"ae2149b1-a646-40e7-8e6a-2684a44c78e4","firstParentID":"8beae0ba-d5ca-4442-9a33-44ae3cd002b5","ID":"193bc383-9a37-4eae-abc7-e1fe398d0e7b","childs":null,"emcosID":null,"emcosMLID":null,"codMaketTEP":null,"codTEP":null,"WSName":"DB","rangeAddress":"$GH$267:$GH$304","headAddress":"$GH$267","bodyAddress":"$GH$268:$GH$304","_name":"основное"},"корректировка факт":{"_level":2,"parentID":"ae2149b1-a646-40e7-8e6a-2684a44c78e4","firstParentID":"8beae0ba-d5ca-4442-9a33-44ae3cd002b5","ID":"45686dc0-d5f2-44a6-9c71-630d8bce022d","childs":null,"emcosID":null,"emcosMLID":null,"codMaketTEP":null,"codTEP":null,"WSName":"DB","rangeAddress":"$GI$267:$GI$304","headAddress":"$GI$267","bodyAddress":"$GI$268:$GI$304","_name":"корректировка факт"},"ручное":{"_level":2,"parentID":"ae2149b1-a646-40e7-8e6a-2684a44c78e4","firstParentID":"8beae0ba-d5ca-4442-9a33-44ae3cd002b5","ID":"29ef51f6-2588-4f4f-b5dd-01fc8ccb0ac3","childs":null,"emcosID":null,"emcosMLID":null,"codMaketTEP":null,"codTEP":null,"WSName":"DB","rangeAddress":"$GJ$267:$GJ$304","headAddress":"$GJ$267","bodyAddress":"$GJ$268:$GJ$304","_name":"ручное"},"оперативное":{"_level":2,"parentID":"ae2149b1-a646-40e7-8e6a-2684a44c78e4","firstParentID":"8beae0ba-d5ca-4442-9a33-44ae3cd002b5","ID":"83755318-afc0-4eb1-843c-ed6a08639eb3","childs":null,"emcosID":null,"emcosMLID":null,"codMaketTEP":null,"codTEP":null,"WSName":"DB","rangeAddress":"$GK$267:$GK$304","headAddress":"$GK$267","bodyAddress":"$GK$268:$GK$304","_name":"оперативное"}},"emcosID":null,"emcosMLID":null,"codMaketTEP":null,"codTEP":null,"WSName":"DB","rangeAddress":"$GG$266:$GK$304","headAddress":"$GG$266:$GK$266","bodyAddress":"$GG$267:$GK$304","_name":"отдача"}},"emcosID":null,"emcosMLID":null,"codMaketTEP":null,"codTEP":null,"WSName":"DB","rangeAddress":"$GG$265:$GK$304","headAddress":"$GG$265:$GK$265","bodyAddress":"$GG$266:$GK$304","_name":"Генерация Аннар"}},"codPlan":null,"meterCoef":null,"_name":"Генерация Аннар"}