{"ID":"8c2a37cb-79b3-45aa-a4e0-bec86c19dd65","childs":{"PS":{"_level":0,"parentID":"8c2a37cb-79b3-45aa-a4e0-bec86c19dd65","firstParentID":"8c2a37cb-79b3-45aa-a4e0-bec86c19dd65","ID":"65253d0d-1b9a-4351-8982-eed48b0c1dcc","childs":{"прием":{"_level":1,"parentID":"65253d0d-1b9a-4351-8982-eed48b0c1dcc","firstParentID":"8c2a37cb-79b3-45aa-a4e0-bec86c19dd65","ID":"9d50bad8-98b1-46ec-8244-d96db1053cd0","childs":{"по счетчику":{"_level":2,"parentID":"9d50bad8-98b1-46ec-8244-d96db1053cd0","firstParentID":"8c2a37cb-79b3-45aa-a4e0-bec86c19dd65","ID":"77aaf216-c865-47e1-b8e2-f6033d5b2390","childs":null,"emcosID":null,"emcosMLID":null,"codMaketTEP":null,"codTEP":null,"WSName":"PS","rangeAddress":"$CL$56:$CL$92","headAddress":"$CL$56","bodyAddress":"$CL$57:$CL$92","_name":"по счетчику"}},"emcosID":null,"emcosMLID":null,"codMaketTEP":null,"codTEP":null,"WSName":"PS","rangeAddress":"$CL$55:$CL$92","headAddress":"$CL$55","bodyAddress":"$CL$56:$CL$92","_name":"прием"},"отдача":{"_level":1,"parentID":"65253d0d-1b9a-4351-8982-eed48b0c1dcc","firstParentID":"8c2a37cb-79b3-45aa-a4e0-bec86c19dd65","ID":"15e8e143-6de8-4135-9c14-5c1e1ec0eedd","childs":{"по счетчику":{"_level":2,"parentID":"15e8e143-6de8-4135-9c14-5c1e1ec0eedd","firstParentID":"8c2a37cb-79b3-45aa-a4e0-bec86c19dd65","ID":"a70b7d10-d913-4da0-a4b8-e24cbc4f28a0","childs":null,"emcosID":null,"emcosMLID":null,"codMaketTEP":null,"codTEP":null,"WSName":"PS","rangeAddress":"$CM$56:$CM$92","headAddress":"$CM$56","bodyAddress":"$CM$57:$CM$92","_name":"по счетчику"}},"emcosID":null,"emcosMLID":null,"codMaketTEP":null,"codTEP":null,"WSName":"PS","rangeAddress":"$CM$55:$CM$92","headAddress":"$CM$55","bodyAddress":"$CM$56:$CM$92","_name":"отдача"}},"emcosID":null,"emcosMLID":null,"codMaketTEP":null,"codTEP":null,"WSName":"PS","rangeAddress":"$CL$54:$CM$92","headAddress":"$CL$54:$CM$54","bodyAddress":"$CL$55:$CM$92","_name":"Л5313 Алматы"},"DB":{"_level":0,"parentID":"8c2a37cb-79b3-45aa-a4e0-bec86c19dd65","firstParentID":"8c2a37cb-79b3-45aa-a4e0-bec86c19dd65","ID":"f2e0bb60-220e-4f97-aee4-1e88a2536a60","childs":{"прием":{"_level":1,"parentID":"f2e0bb60-220e-4f97-aee4-1e88a2536a60","firstParentID":"8c2a37cb-79b3-45aa-a4e0-bec86c19dd65","ID":"719ea1c0-cd9a-4b00-a8c8-ee020a252616","childs":{"код":{"_level":2,"parentID":"719ea1c0-cd9a-4b00-a8c8-ee020a252616","firstParentID":"8c2a37cb-79b3-45aa-a4e0-bec86c19dd65","ID":"941dbc75-9d34-4746-8420-53b13dc2b148","childs":null,"emcosID":null,"emcosMLID":null,"codMaketTEP":null,"codTEP":null,"WSName":"DB","rangeAddress":"$CN$9:$CN$46","headAddress":"$CN$9","bodyAddress":"$CN$10:$CN$46","_name":"код"},"основное":{"_level":2,"parentID":"719ea1c0-cd9a-4b00-a8c8-ee020a252616","firstParentID":"8c2a37cb-79b3-45aa-a4e0-bec86c19dd65","ID":"8b0ec37c-d49b-436e-aa19-860553a42831","childs":null,"emcosID":null,"emcosMLID":null,"codMaketTEP":null,"codTEP":null,"WSName":"DB","rangeAddress":"$CO$9:$CO$46","headAddress":"$CO$9","bodyAddress":"$CO$10:$CO$46","_name":"основное"},"корректировка факт":{"_level":2,"parentID":"719ea1c0-cd9a-4b00-a8c8-ee020a252616","firstParentID":"8c2a37cb-79b3-45aa-a4e0-bec86c19dd65","ID":"c836d34c-2293-4aa7-b5d4-b3a88307fe13","childs":null,"emcosID":null,"emcosMLID":null,"codMaketTEP":null,"codTEP":null,"WSName":"DB","rangeAddress":"$CP$9:$CP$46","headAddress":"$CP$9","bodyAddress":"$CP$10:$CP$46","_name":"корректировка факт"},"ручное":{"_level":2,"parentID":"719ea1c0-cd9a-4b00-a8c8-ee020a252616","firstParentID":"8c2a37cb-79b3-45aa-a4e0-bec86c19dd65","ID":"19a71e7b-85f4-4426-92cd-1ba33a60cd8c","childs":null,"emcosID":null,"emcosMLID":null,"codMaketTEP":null,"codTEP":null,"WSName":"DB","rangeAddress":"$CQ$9:$CQ$46","headAddress":"$CQ$9","bodyAddress":"$CQ$10:$CQ$46","_name":"ручное"},"счетчик":{"_level":2,"parentID":"719ea1c0-cd9a-4b00-a8c8-ee020a252616","firstParentID":"8c2a37cb-79b3-45aa-a4e0-bec86c19dd65","ID":"dcf0aaaf-8daa-4d8a-980e-587e4c0c0f8f","childs":null,"emcosID":null,"emcosMLID":null,"codMaketTEP":null,"codTEP":null,"WSName":"DB","rangeAddress":"$CR$9:$CR$46","headAddress":"$CR$9","bodyAddress":"$CR$10:$CR$46","_name":"счетчик"},"по счетчику":{"_level":2,"parentID":"719ea1c0-cd9a-4b00-a8c8-ee020a252616","firstParentID":"8c2a37cb-79b3-45aa-a4e0-bec86c19dd65","ID":"ee99e732-07b4-42ca-b50c-606c25d91227","childs":null,"emcosID":null,"emcosMLID":null,"codMaketTEP":null,"codTEP":null,"WSName":"DB","rangeAddress":"$CS$9:$CS$46","headAddress":"$CS$9","bodyAddress":"$CS$10:$CS$46","_name":"по счетчику"}},"emcosID":null,"emcosMLID":null,"codMaketTEP":null,"codTEP":null,"WSName":"DB","rangeAddress":"$CN$8:$CS$46","headAddress":"$CN$8:$CS$8","bodyAddress":"$CN$9:$CS$46","_name":"прием"},"отдача":{"_level":1,"parentID":"f2e0bb60-220e-4f97-aee4-1e88a2536a60","firstParentID":"8c2a37cb-79b3-45aa-a4e0-bec86c19dd65","ID":"46351b88-d59e-44b0-88c9-69aff731effd","childs":{"код":{"_level":2,"parentID":"46351b88-d59e-44b0-88c9-69aff731effd","firstParentID":"8c2a37cb-79b3-45aa-a4e0-bec86c19dd65","ID":"3cdbef80-7bf9-4c1a-99fb-434f56eb2235","childs":null,"emcosID":null,"emcosMLID":null,"codMaketTEP":null,"codTEP":null,"WSName":"DB","rangeAddress":"$CT$9:$CT$46","headAddress":"$CT$9","bodyAddress":"$CT$10:$CT$46","_name":"код"},"основное":{"_level":2,"parentID":"46351b88-d59e-44b0-88c9-69aff731effd","firstParentID":"8c2a37cb-79b3-45aa-a4e0-bec86c19dd65","ID":"64575dde-53bc-4bda-a634-5eef9bcd6631","childs":null,"emcosID":null,"emcosMLID":null,"codMaketTEP":null,"codTEP":null,"WSName":"DB","rangeAddress":"$CU$9:$CU$46","headAddress":"$CU$9","bodyAddress":"$CU$10:$CU$46","_name":"основное"},"корректировка факт":{"_level":2,"parentID":"46351b88-d59e-44b0-88c9-69aff731effd","firstParentID":"8c2a37cb-79b3-45aa-a4e0-bec86c19dd65","ID":"d4de3e50-b95e-4742-99bb-32a73374638e","childs":null,"emcosID":null,"emcosMLID":null,"codMaketTEP":null,"codTEP":null,"WSName":"DB","rangeAddress":"$CV$9:$CV$46","headAddress":"$CV$9","bodyAddress":"$CV$10:$CV$46","_name":"корректировка факт"},"ручное":{"_level":2,"parentID":"46351b88-d59e-44b0-88c9-69aff731effd","firstParentID":"8c2a37cb-79b3-45aa-a4e0-bec86c19dd65","ID":"d99e5254-23e9-41e8-8683-b55ecb89598e","childs":null,"emcosID":null,"emcosMLID":null,"codMaketTEP":null,"codTEP":null,"WSName":"DB","rangeAddress":"$CW$9:$CW$46","headAddress":"$CW$9","bodyAddress":"$CW$10:$CW$46","_name":"ручное"},"счетчик":{"_level":2,"parentID":"46351b88-d59e-44b0-88c9-69aff731effd","firstParentID":"8c2a37cb-79b3-45aa-a4e0-bec86c19dd65","ID":"94cc0241-734a-4901-b981-6ae9e64d3b51","childs":null,"emcosID":null,"emcosMLID":null,"codMaketTEP":null,"codTEP":null,"WSName":"DB","rangeAddress":"$CX$9:$CX$46","headAddress":"$CX$9","bodyAddress":"$CX$10:$CX$46","_name":"счетчик"},"по счетчику":{"_level":2,"parentID":"46351b88-d59e-44b0-88c9-69aff731effd","firstParentID":"8c2a37cb-79b3-45aa-a4e0-bec86c19dd65","ID":"6ba2b582-7c0c-4fb8-99a3-f218924798e1","childs":null,"emcosID":null,"emcosMLID":null,"codMaketTEP":null,"codTEP":null,"WSName":"DB","rangeAddress":"$CY$9:$CY$46","headAddress":"$CY$9","bodyAddress":"$CY$10:$CY$46","_name":"по счетчику"}},"emcosID":null,"emcosMLID":null,"codMaketTEP":null,"codTEP":null,"WSName":"DB","rangeAddress":"$CT$8:$CY$46","headAddress":"$CT$8:$CY$8","bodyAddress":"$CT$9:$CY$46","_name":"отдача"}},"emcosID":null,"emcosMLID":null,"codMaketTEP":null,"codTEP":null,"WSName":"DB","rangeAddress":"$CN$7:$CY$46","headAddress":"$CN$7:$CY$7","bodyAddress":"$CN$8:$CY$46","_name":"Л5313 Алматы"}},"codPlan":null,"meterCoef":null,"_name":"Л5313 Алматы"}