{"ID":"8d35d1ff-bf50-4fbd-9a5c-0f1ad85156cb","childs":{"PS":{"_level":0,"parentID":"8d35d1ff-bf50-4fbd-9a5c-0f1ad85156cb","firstParentID":"8d35d1ff-bf50-4fbd-9a5c-0f1ad85156cb","ID":"8b324868-7e1b-45af-b0e6-e5599d53d31f","childs":{"сальдо":{"_level":1,"parentID":"8b324868-7e1b-45af-b0e6-e5599d53d31f","firstParentID":"8d35d1ff-bf50-4fbd-9a5c-0f1ad85156cb","ID":"fac808a3-e45e-46f8-8916-fb46da7c0406","childs":{"формула":{"_level":2,"parentID":"fac808a3-e45e-46f8-8916-fb46da7c0406","firstParentID":"8d35d1ff-bf50-4fbd-9a5c-0f1ad85156cb","ID":"c77221b8-374f-4c31-a814-a2a1087eb39a","childs":null,"emcosID":null,"emcosMLID":null,"codMaketTEP":null,"codTEP":null,"WSName":"PS","rangeAddress":"$J$13:$J$49","headAddress":"$J$13","bodyAddress":"$J$14:$J$49","_name":"формула"}},"emcosID":null,"emcosMLID":null,"codMaketTEP":null,"codTEP":null,"WSName":"PS","rangeAddress":"$J$12:$J$49","headAddress":"$J$12","bodyAddress":"$J$13:$J$49","_name":"сальдо"}},"emcosID":null,"emcosMLID":null,"codMaketTEP":null,"codTEP":null,"WSName":"PS","rangeAddress":"$J$11:$J$49","headAddress":"$J$11","bodyAddress":"$J$12:$J$49","_name":"Сальдо Алматинского энергоузла Общее"},"DB":{"_level":0,"parentID":"8d35d1ff-bf50-4fbd-9a5c-0f1ad85156cb","firstParentID":"8d35d1ff-bf50-4fbd-9a5c-0f1ad85156cb","ID":"2bfbe873-4555-4bfa-83b9-2fdef9b7f935","childs":{"сальдо":{"_level":1,"parentID":"2bfbe873-4555-4bfa-83b9-2fdef9b7f935","firstParentID":"8d35d1ff-bf50-4fbd-9a5c-0f1ad85156cb","ID":"cdfb3bf7-21d6-46e4-ba65-8684d107bd41","childs":{"код":{"_level":2,"parentID":"cdfb3bf7-21d6-46e4-ba65-8684d107bd41","firstParentID":"8d35d1ff-bf50-4fbd-9a5c-0f1ad85156cb","ID":"90954c4b-9c5c-4ea8-b418-f5aa119a27dc","childs":null,"emcosID":null,"emcosMLID":null,"codMaketTEP":null,"codTEP":null,"WSName":"DB","rangeAddress":"$EP$353:$EP$390","headAddress":"$EP$353","bodyAddress":"$EP$354:$EP$390","_name":"код"},"основное":{"_level":2,"parentID":"cdfb3bf7-21d6-46e4-ba65-8684d107bd41","firstParentID":"8d35d1ff-bf50-4fbd-9a5c-0f1ad85156cb","ID":"4b318a66-33ca-49ea-a3a3-c59b826c3778","childs":null,"emcosID":null,"emcosMLID":null,"codMaketTEP":null,"codTEP":null,"WSName":"DB","rangeAddress":"$EQ$353:$EQ$390","headAddress":"$EQ$353","bodyAddress":"$EQ$354:$EQ$390","_name":"основное"},"корректировка факт":{"_level":2,"parentID":"cdfb3bf7-21d6-46e4-ba65-8684d107bd41","firstParentID":"8d35d1ff-bf50-4fbd-9a5c-0f1ad85156cb","ID":"dbeca308-5e78-4323-b6f4-128f9ac73676","childs":null,"emcosID":null,"emcosMLID":null,"codMaketTEP":null,"codTEP":null,"WSName":"DB","rangeAddress":"$ER$353:$ER$390","headAddress":"$ER$353","bodyAddress":"$ER$354:$ER$390","_name":"корректировка факт"},"ручное":{"_level":2,"parentID":"cdfb3bf7-21d6-46e4-ba65-8684d107bd41","firstParentID":"8d35d1ff-bf50-4fbd-9a5c-0f1ad85156cb","ID":"63a52dcd-cf28-4fa6-b7d8-f39e6bc6718f","childs":null,"emcosID":null,"emcosMLID":null,"codMaketTEP":null,"codTEP":null,"WSName":"DB","rangeAddress":"$ES$353:$ES$390","headAddress":"$ES$353","bodyAddress":"$ES$354:$ES$390","_name":"ручное"},"формула":{"_level":2,"parentID":"cdfb3bf7-21d6-46e4-ba65-8684d107bd41","firstParentID":"8d35d1ff-bf50-4fbd-9a5c-0f1ad85156cb","ID":"9863b3c4-3387-4588-a979-bf81938bb313","childs":null,"emcosID":null,"emcosMLID":null,"codMaketTEP":null,"codTEP":null,"WSName":"DB","rangeAddress":"$ET$353:$ET$390","headAddress":"$ET$353","bodyAddress":"$ET$354:$ET$390","_name":"формула"}},"emcosID":null,"emcosMLID":null,"codMaketTEP":null,"codTEP":null,"WSName":"DB","rangeAddress":"$EP$352:$ET$390","headAddress":"$EP$352:$ET$352","bodyAddress":"$EP$353:$ET$390","_name":"сальдо"}},"emcosID":null,"emcosMLID":null,"codMaketTEP":null,"codTEP":null,"WSName":"DB","rangeAddress":"$EP$351:$ET$390","headAddress":"$EP$351:$ET$351","bodyAddress":"$EP$352:$ET$390","_name":"Сальдо Алматинского энергоузла Общее"}},"codPlan":null,"meterCoef":null,"_name":"Сальдо Алматинского энергоузла Общее"}