{"ID":"90da739f-a5f8-42fb-9bdc-f7aa9fc41b6d","childs":{"PS":{"_level":0,"parentID":"90da739f-a5f8-42fb-9bdc-f7aa9fc41b6d","firstParentID":"90da739f-a5f8-42fb-9bdc-f7aa9fc41b6d","ID":"aeccfccb-9807-48fa-84f8-8e008e47d85d","childs":{"отдача":{"_level":1,"parentID":"aeccfccb-9807-48fa-84f8-8e008e47d85d","firstParentID":"90da739f-a5f8-42fb-9bdc-f7aa9fc41b6d","ID":"6fa99ccd-d24d-417d-9186-2afe2ea69a63","childs":{"по счетчику":{"_level":2,"parentID":"6fa99ccd-d24d-417d-9186-2afe2ea69a63","firstParentID":"90da739f-a5f8-42fb-9bdc-f7aa9fc41b6d","ID":"21d02fc0-cfc5-4e29-8f2f-76fc52b01acf","childs":null,"emcosID":null,"emcosMLID":null,"codMaketTEP":null,"codTEP":null,"WSName":"PS","rangeAddress":"$JF$99:$JF$135","headAddress":"$JF$99","bodyAddress":"$JF$100:$JF$135","_name":"по счетчику"},"СЧЕТЧИК":{"_level":2,"parentID":"6fa99ccd-d24d-417d-9186-2afe2ea69a63","firstParentID":"90da739f-a5f8-42fb-9bdc-f7aa9fc41b6d","ID":"d3b68089-f907-4c17-8994-da35eeeac7dc","childs":null,"emcosID":null,"emcosMLID":null,"codMaketTEP":null,"codTEP":null,"WSName":"PS","rangeAddress":"$JG$99:$JG$135","headAddress":"$JG$99","bodyAddress":"$JG$100:$JG$135","_name":"СЧЕТЧИК"}},"emcosID":null,"emcosMLID":null,"codMaketTEP":null,"codTEP":null,"WSName":"PS","rangeAddress":"$JF$98:$JG$135","headAddress":"$JF$98:$JG$98","bodyAddress":"$JF$99:$JG$135","_name":"отдача"}},"emcosID":null,"emcosMLID":null,"codMaketTEP":null,"codTEP":null,"WSName":"PS","rangeAddress":"$JF$97:$JG$135","headAddress":"$JF$97:$JG$97","bodyAddress":"$JF$98:$JG$135","_name":"Промбаза ПС152 Талдыкорган"},"DB":{"_level":0,"parentID":"90da739f-a5f8-42fb-9bdc-f7aa9fc41b6d","firstParentID":"90da739f-a5f8-42fb-9bdc-f7aa9fc41b6d","ID":"6486cc2f-709f-4527-9b65-0ed7f7674917","childs":{"отдача":{"_level":1,"parentID":"6486cc2f-709f-4527-9b65-0ed7f7674917","firstParentID":"90da739f-a5f8-42fb-9bdc-f7aa9fc41b6d","ID":"0721e72e-1e48-445f-a229-1c9f5b262fa3","childs":{"код":{"_level":2,"parentID":"0721e72e-1e48-445f-a229-1c9f5b262fa3","firstParentID":"90da739f-a5f8-42fb-9bdc-f7aa9fc41b6d","ID":"a5205601-d209-4227-826c-040f9090313f","childs":null,"emcosID":null,"emcosMLID":null,"codMaketTEP":null,"codTEP":null,"WSName":"DB","rangeAddress":"$BS$525:$BS$562","headAddress":"$BS$525","bodyAddress":"$BS$526:$BS$562","_name":"код"},"основное":{"_level":2,"parentID":"0721e72e-1e48-445f-a229-1c9f5b262fa3","firstParentID":"90da739f-a5f8-42fb-9bdc-f7aa9fc41b6d","ID":"6da23d57-488e-4570-810a-c7319ed6ead3","childs":null,"emcosID":null,"emcosMLID":null,"codMaketTEP":null,"codTEP":null,"WSName":"DB","rangeAddress":"$BT$525:$BT$562","headAddress":"$BT$525","bodyAddress":"$BT$526:$BT$562","_name":"основное"},"корректировка факт":{"_level":2,"parentID":"0721e72e-1e48-445f-a229-1c9f5b262fa3","firstParentID":"90da739f-a5f8-42fb-9bdc-f7aa9fc41b6d","ID":"48e2a065-ed1b-4b92-8a31-d82c499a248d","childs":null,"emcosID":null,"emcosMLID":null,"codMaketTEP":null,"codTEP":null,"WSName":"DB","rangeAddress":"$BU$525:$BU$562","headAddress":"$BU$525","bodyAddress":"$BU$526:$BU$562","_name":"корректировка факт"},"ручное":{"_level":2,"parentID":"0721e72e-1e48-445f-a229-1c9f5b262fa3","firstParentID":"90da739f-a5f8-42fb-9bdc-f7aa9fc41b6d","ID":"3843d1ce-3d0d-4040-88a6-82b6b36db3e6","childs":null,"emcosID":null,"emcosMLID":null,"codMaketTEP":null,"codTEP":null,"WSName":"DB","rangeAddress":"$BV$525:$BV$562","headAddress":"$BV$525","bodyAddress":"$BV$526:$BV$562","_name":"ручное"},"счетчик":{"_level":2,"parentID":"0721e72e-1e48-445f-a229-1c9f5b262fa3","firstParentID":"90da739f-a5f8-42fb-9bdc-f7aa9fc41b6d","ID":"56d502b2-7d51-4ed0-8fc9-c1b8c1c35d82","childs":null,"emcosID":null,"emcosMLID":null,"codMaketTEP":null,"codTEP":null,"WSName":"DB","rangeAddress":"$BW$525:$BW$562","headAddress":"$BW$525","bodyAddress":"$BW$526:$BW$562","_name":"счетчик"},"по счетчику":{"_level":2,"parentID":"0721e72e-1e48-445f-a229-1c9f5b262fa3","firstParentID":"90da739f-a5f8-42fb-9bdc-f7aa9fc41b6d","ID":"907d473c-b96a-4347-b5fc-f303c4f0f7d7","childs":null,"emcosID":null,"emcosMLID":null,"codMaketTEP":null,"codTEP":null,"WSName":"DB","rangeAddress":"$BX$525:$BX$562","headAddress":"$BX$525","bodyAddress":"$BX$526:$BX$562","_name":"по счетчику"}},"emcosID":null,"emcosMLID":null,"codMaketTEP":null,"codTEP":null,"WSName":"DB","rangeAddress":"$BS$524:$BX$562","headAddress":"$BS$524:$BX$524","bodyAddress":"$BS$525:$BX$562","_name":"отдача"}},"emcosID":null,"emcosMLID":null,"codMaketTEP":null,"codTEP":null,"WSName":"DB","rangeAddress":"$BS$523:$BX$562","headAddress":"$BS$523:$BX$523","bodyAddress":"$BS$524:$BX$562","_name":"Промбаза ПС152 Талдыкорган"}},"codPlan":null,"meterCoef":"3","_name":"Промбаза ПС152 Талдыкорган"}