{"ID":"926df19c-7e3e-4961-b80e-39f64082163c","childs":{"PS":{"_level":0,"parentID":"926df19c-7e3e-4961-b80e-39f64082163c","firstParentID":"926df19c-7e3e-4961-b80e-39f64082163c","ID":"69852b17-513f-4ab9-810b-f389cc55a162","childs":{"прием":{"_level":1,"parentID":"69852b17-513f-4ab9-810b-f389cc55a162","firstParentID":"926df19c-7e3e-4961-b80e-39f64082163c","ID":"5d30bdeb-fd1d-428a-a3b6-ae7051963996","childs":{"по счетчику":{"_level":2,"parentID":"5d30bdeb-fd1d-428a-a3b6-ae7051963996","firstParentID":"926df19c-7e3e-4961-b80e-39f64082163c","ID":"8b741f60-f010-43fd-8cbe-3dbb44216f71","childs":null,"emcosID":null,"emcosMLID":null,"codMaketTEP":null,"codTEP":null,"WSName":"PS","rangeAddress":"$IL$99:$IL$135","headAddress":"$IL$99","bodyAddress":"$IL$100:$IL$135","_name":"по счетчику"},"СЧЕТЧИК":{"_level":2,"parentID":"5d30bdeb-fd1d-428a-a3b6-ae7051963996","firstParentID":"926df19c-7e3e-4961-b80e-39f64082163c","ID":"faf0f88e-6be1-4df4-9e33-014df433cd2b","childs":null,"emcosID":null,"emcosMLID":null,"codMaketTEP":null,"codTEP":null,"WSName":"PS","rangeAddress":"$IM$99:$IM$135","headAddress":"$IM$99","bodyAddress":"$IM$100:$IM$135","_name":"СЧЕТЧИК"}},"emcosID":null,"emcosMLID":null,"codMaketTEP":null,"codTEP":null,"WSName":"PS","rangeAddress":"$IL$98:$IM$135","headAddress":"$IL$98:$IM$98","bodyAddress":"$IL$99:$IM$135","_name":"прием"},"отдача":{"_level":1,"parentID":"69852b17-513f-4ab9-810b-f389cc55a162","firstParentID":"926df19c-7e3e-4961-b80e-39f64082163c","ID":"6398c6e3-5d24-4109-aa7f-98a1cd47e46e","childs":{"по счетчику":{"_level":2,"parentID":"6398c6e3-5d24-4109-aa7f-98a1cd47e46e","firstParentID":"926df19c-7e3e-4961-b80e-39f64082163c","ID":"cc5b0764-fff7-4a93-b12d-4cd95248ec46","childs":null,"emcosID":null,"emcosMLID":null,"codMaketTEP":null,"codTEP":null,"WSName":"PS","rangeAddress":"$IN$99:$IN$135","headAddress":"$IN$99","bodyAddress":"$IN$100:$IN$135","_name":"по счетчику"},"СЧЕТЧИК":{"_level":2,"parentID":"6398c6e3-5d24-4109-aa7f-98a1cd47e46e","firstParentID":"926df19c-7e3e-4961-b80e-39f64082163c","ID":"5b6fc76b-90da-42c7-b223-679434c7b97b","childs":null,"emcosID":null,"emcosMLID":null,"codMaketTEP":null,"codTEP":null,"WSName":"PS","rangeAddress":"$IO$99:$IO$135","headAddress":"$IO$99","bodyAddress":"$IO$100:$IO$135","_name":"СЧЕТЧИК"}},"emcosID":null,"emcosMLID":null,"codMaketTEP":null,"codTEP":null,"WSName":"PS","rangeAddress":"$IN$98:$IO$135","headAddress":"$IN$98:$IO$98","bodyAddress":"$IN$99:$IO$135","_name":"отдача"}},"emcosID":null,"emcosMLID":null,"codMaketTEP":null,"codTEP":null,"WSName":"PS","rangeAddress":"$IL$97:$IO$135","headAddress":"$IL$97:$IO$97","bodyAddress":"$IL$98:$IO$135","_name":"КЛ67 ПС152 Талдыкорган"},"DB":{"_level":0,"parentID":"926df19c-7e3e-4961-b80e-39f64082163c","firstParentID":"926df19c-7e3e-4961-b80e-39f64082163c","ID":"f9ee6073-c306-47d4-9792-b5a910b74f00","childs":{"прием":{"_level":1,"parentID":"f9ee6073-c306-47d4-9792-b5a910b74f00","firstParentID":"926df19c-7e3e-4961-b80e-39f64082163c","ID":"d9ccf25f-cec0-4a0a-8fda-ddc6ea936117","childs":{"код":{"_level":2,"parentID":"d9ccf25f-cec0-4a0a-8fda-ddc6ea936117","firstParentID":"926df19c-7e3e-4961-b80e-39f64082163c","ID":"f6d87260-f1de-4f70-803c-e6db32e1a44b","childs":null,"emcosID":null,"emcosMLID":null,"codMaketTEP":null,"codTEP":null,"WSName":"DB","rangeAddress":"$DU$525:$DU$562","headAddress":"$DU$525","bodyAddress":"$DU$526:$DU$562","_name":"код"},"основное":{"_level":2,"parentID":"d9ccf25f-cec0-4a0a-8fda-ddc6ea936117","firstParentID":"926df19c-7e3e-4961-b80e-39f64082163c","ID":"30766362-ce64-41ed-a4a0-f11e1893cdf2","childs":null,"emcosID":null,"emcosMLID":null,"codMaketTEP":null,"codTEP":null,"WSName":"DB","rangeAddress":"$DV$525:$DV$562","headAddress":"$DV$525","bodyAddress":"$DV$526:$DV$562","_name":"основное"},"корректировка факт":{"_level":2,"parentID":"d9ccf25f-cec0-4a0a-8fda-ddc6ea936117","firstParentID":"926df19c-7e3e-4961-b80e-39f64082163c","ID":"943e63b2-4a7a-41bb-a4ac-cda32983227a","childs":null,"emcosID":null,"emcosMLID":null,"codMaketTEP":null,"codTEP":null,"WSName":"DB","rangeAddress":"$DW$525:$DW$562","headAddress":"$DW$525","bodyAddress":"$DW$526:$DW$562","_name":"корректировка факт"},"ручное":{"_level":2,"parentID":"d9ccf25f-cec0-4a0a-8fda-ddc6ea936117","firstParentID":"926df19c-7e3e-4961-b80e-39f64082163c","ID":"6f1ef886-ef80-4ca4-aca0-6f58df66f962","childs":null,"emcosID":null,"emcosMLID":null,"codMaketTEP":null,"codTEP":null,"WSName":"DB","rangeAddress":"$DX$525:$DX$562","headAddress":"$DX$525","bodyAddress":"$DX$526:$DX$562","_name":"ручное"},"счетчик":{"_level":2,"parentID":"d9ccf25f-cec0-4a0a-8fda-ddc6ea936117","firstParentID":"926df19c-7e3e-4961-b80e-39f64082163c","ID":"fe01304e-a6c2-4ba4-b7ea-ecb5b2019583","childs":null,"emcosID":null,"emcosMLID":null,"codMaketTEP":null,"codTEP":null,"WSName":"DB","rangeAddress":"$DY$525:$DY$562","headAddress":"$DY$525","bodyAddress":"$DY$526:$DY$562","_name":"счетчик"},"по счетчику":{"_level":2,"parentID":"d9ccf25f-cec0-4a0a-8fda-ddc6ea936117","firstParentID":"926df19c-7e3e-4961-b80e-39f64082163c","ID":"58d9a226-db14-4c1a-a40c-c57d3677afdb","childs":null,"emcosID":null,"emcosMLID":null,"codMaketTEP":null,"codTEP":null,"WSName":"DB","rangeAddress":"$DZ$525:$DZ$562","headAddress":"$DZ$525","bodyAddress":"$DZ$526:$DZ$562","_name":"по счетчику"}},"emcosID":null,"emcosMLID":null,"codMaketTEP":null,"codTEP":null,"WSName":"DB","rangeAddress":"$DU$524:$DZ$562","headAddress":"$DU$524:$DZ$524","bodyAddress":"$DU$525:$DZ$562","_name":"прием"},"отдача":{"_level":1,"parentID":"f9ee6073-c306-47d4-9792-b5a910b74f00","firstParentID":"926df19c-7e3e-4961-b80e-39f64082163c","ID":"c5e9cef4-aeb4-492c-b6c5-e4652ad35d4f","childs":{"код":{"_level":2,"parentID":"c5e9cef4-aeb4-492c-b6c5-e4652ad35d4f","firstParentID":"926df19c-7e3e-4961-b80e-39f64082163c","ID":"3de263e9-834f-4e9b-8a7a-939f695d262f","childs":null,"emcosID":null,"emcosMLID":null,"codMaketTEP":null,"codTEP":null,"WSName":"DB","rangeAddress":"$EA$525:$EA$562","headAddress":"$EA$525","bodyAddress":"$EA$526:$EA$562","_name":"код"},"основное":{"_level":2,"parentID":"c5e9cef4-aeb4-492c-b6c5-e4652ad35d4f","firstParentID":"926df19c-7e3e-4961-b80e-39f64082163c","ID":"5f8f0e45-c14e-4326-8a78-95b3f37d601c","childs":null,"emcosID":null,"emcosMLID":null,"codMaketTEP":null,"codTEP":null,"WSName":"DB","rangeAddress":"$EB$525:$EB$562","headAddress":"$EB$525","bodyAddress":"$EB$526:$EB$562","_name":"основное"},"корректировка факт":{"_level":2,"parentID":"c5e9cef4-aeb4-492c-b6c5-e4652ad35d4f","firstParentID":"926df19c-7e3e-4961-b80e-39f64082163c","ID":"bf5fd1b3-169e-474c-a3d7-b1bed40310fa","childs":null,"emcosID":null,"emcosMLID":null,"codMaketTEP":null,"codTEP":null,"WSName":"DB","rangeAddress":"$EC$525:$EC$562","headAddress":"$EC$525","bodyAddress":"$EC$526:$EC$562","_name":"корректировка факт"},"ручное":{"_level":2,"parentID":"c5e9cef4-aeb4-492c-b6c5-e4652ad35d4f","firstParentID":"926df19c-7e3e-4961-b80e-39f64082163c","ID":"fb70aaa6-9571-41e7-9693-6c673a1c6f63","childs":null,"emcosID":null,"emcosMLID":null,"codMaketTEP":null,"codTEP":null,"WSName":"DB","rangeAddress":"$ED$525:$ED$562","headAddress":"$ED$525","bodyAddress":"$ED$526:$ED$562","_name":"ручное"},"счетчик":{"_level":2,"parentID":"c5e9cef4-aeb4-492c-b6c5-e4652ad35d4f","firstParentID":"926df19c-7e3e-4961-b80e-39f64082163c","ID":"eb3a6775-40e4-437c-bb4a-155c80d4ae4a","childs":null,"emcosID":null,"emcosMLID":null,"codMaketTEP":null,"codTEP":null,"WSName":"DB","rangeAddress":"$EE$525:$EE$562","headAddress":"$EE$525","bodyAddress":"$EE$526:$EE$562","_name":"счетчик"},"по счетчику":{"_level":2,"parentID":"c5e9cef4-aeb4-492c-b6c5-e4652ad35d4f","firstParentID":"926df19c-7e3e-4961-b80e-39f64082163c","ID":"4c5cde10-89e4-4f0f-a82b-201d0a2a77b8","childs":null,"emcosID":null,"emcosMLID":null,"codMaketTEP":null,"codTEP":null,"WSName":"DB","rangeAddress":"$EF$525:$EF$562","headAddress":"$EF$525","bodyAddress":"$EF$526:$EF$562","_name":"по счетчику"}},"emcosID":null,"emcosMLID":null,"codMaketTEP":null,"codTEP":null,"WSName":"DB","rangeAddress":"$EA$524:$EF$562","headAddress":"$EA$524:$EF$524","bodyAddress":"$EA$525:$EF$562","_name":"отдача"}},"emcosID":null,"emcosMLID":null,"codMaketTEP":null,"codTEP":null,"WSName":"DB","rangeAddress":"$DU$523:$EF$562","headAddress":"$DU$523:$EF$523","bodyAddress":"$DU$524:$EF$562","_name":"КЛ67 ПС152 Талдыкорган"}},"codPlan":null,"meterCoef":"3","_name":"КЛ67 ПС152 Талдыкорган"}