{"ID":"94f38106-687e-45c9-9027-b42b515d2c3a","childs":{"PS":{"_level":0,"parentID":"94f38106-687e-45c9-9027-b42b515d2c3a","firstParentID":"94f38106-687e-45c9-9027-b42b515d2c3a","ID":"2ea76dc7-c811-487c-aeae-28c09d0e39e2","childs":{"прием":{"_level":1,"parentID":"2ea76dc7-c811-487c-aeae-28c09d0e39e2","firstParentID":"94f38106-687e-45c9-9027-b42b515d2c3a","ID":"e68dd2f1-79f9-4af2-a0d3-5144f3d14810","childs":{"ручное":{"_level":2,"parentID":"e68dd2f1-79f9-4af2-a0d3-5144f3d14810","firstParentID":"94f38106-687e-45c9-9027-b42b515d2c3a","ID":"4ee952e3-f006-47fd-b758-ae27e6c112b6","childs":null,"emcosID":null,"emcosMLID":null,"codMaketTEP":null,"codTEP":null,"WSName":"PS","rangeAddress":"$CS$185:$CS$221","headAddress":"$CS$185","bodyAddress":"$CS$186:$CS$221","_name":"ручное"}},"emcosID":null,"emcosMLID":null,"codMaketTEP":null,"codTEP":null,"WSName":"PS","rangeAddress":"$CS$184:$CS$221","headAddress":"$CS$184","bodyAddress":"$CS$185:$CS$221","_name":"прием"}},"emcosID":null,"emcosMLID":null,"codMaketTEP":null,"codTEP":null,"WSName":"PS","rangeAddress":"$CS$183:$CS$221","headAddress":"$CS$183","bodyAddress":"$CS$184:$CS$221","_name":"вр КапшагайСоларПарк"},"DB":{"_level":0,"parentID":"94f38106-687e-45c9-9027-b42b515d2c3a","firstParentID":"94f38106-687e-45c9-9027-b42b515d2c3a","ID":"9b06ecc8-a378-490a-aa31-290f89d8db46","childs":{"прием":{"_level":1,"parentID":"9b06ecc8-a378-490a-aa31-290f89d8db46","firstParentID":"94f38106-687e-45c9-9027-b42b515d2c3a","ID":"6101fbe8-3c50-4299-8a21-78345e77c078","childs":{"код":{"_level":2,"parentID":"6101fbe8-3c50-4299-8a21-78345e77c078","firstParentID":"94f38106-687e-45c9-9027-b42b515d2c3a","ID":"9b948c65-a7b4-4432-9909-4c0a8f2d8a02","childs":null,"emcosID":null,"emcosMLID":null,"codMaketTEP":null,"codTEP":null,"WSName":"DB","rangeAddress":"$C$482:$C$519","headAddress":"$C$482","bodyAddress":"$C$483:$C$519","_name":"код"},"основное":{"_level":2,"parentID":"6101fbe8-3c50-4299-8a21-78345e77c078","firstParentID":"94f38106-687e-45c9-9027-b42b515d2c3a","ID":"4f53fe15-0bc5-4de1-bd79-2f7f8f3f159b","childs":null,"emcosID":null,"emcosMLID":null,"codMaketTEP":null,"codTEP":null,"WSName":"DB","rangeAddress":"$D$482:$D$519","headAddress":"$D$482","bodyAddress":"$D$483:$D$519","_name":"основное"},"корректировка факт":{"_level":2,"parentID":"6101fbe8-3c50-4299-8a21-78345e77c078","firstParentID":"94f38106-687e-45c9-9027-b42b515d2c3a","ID":"aab6a93e-ac62-40fc-ba4c-fdcb79798c75","childs":null,"emcosID":null,"emcosMLID":null,"codMaketTEP":null,"codTEP":null,"WSName":"DB","rangeAddress":"$E$482:$E$519","headAddress":"$E$482","bodyAddress":"$E$483:$E$519","_name":"корректировка факт"},"ручное":{"_level":2,"parentID":"6101fbe8-3c50-4299-8a21-78345e77c078","firstParentID":"94f38106-687e-45c9-9027-b42b515d2c3a","ID":"61830f88-6582-45d1-a546-95cccc6e9d12","childs":null,"emcosID":null,"emcosMLID":null,"codMaketTEP":null,"codTEP":null,"WSName":"DB","rangeAddress":"$F$482:$F$519","headAddress":"$F$482","bodyAddress":"$F$483:$F$519","_name":"ручное"}},"emcosID":null,"emcosMLID":null,"codMaketTEP":null,"codTEP":null,"WSName":"DB","rangeAddress":"$C$481:$F$519","headAddress":"$C$481:$F$481","bodyAddress":"$C$482:$F$519","_name":"прием"}},"emcosID":null,"emcosMLID":null,"codMaketTEP":null,"codTEP":null,"WSName":"DB","rangeAddress":"$C$480:$F$519","headAddress":"$C$480:$F$480","bodyAddress":"$C$481:$F$519","_name":"вр КапшагайСоларПарк"}},"codPlan":null,"meterCoef":null,"_name":"вр КапшагайСоларПарк"}