{"ID":"9915139b-021e-4909-84a2-d09e4ad58b39","childs":{"PS":{"_level":0,"parentID":"9915139b-021e-4909-84a2-d09e4ad58b39","firstParentID":"9915139b-021e-4909-84a2-d09e4ad58b39","ID":"2d1d2fa7-0605-4166-b44d-ac6cb12a68bd","childs":{"прием":{"_level":1,"parentID":"2d1d2fa7-0605-4166-b44d-ac6cb12a68bd","firstParentID":"9915139b-021e-4909-84a2-d09e4ad58b39","ID":"ec3513fc-722f-453a-9c1e-e19851e07a99","childs":{"оперативное":{"_level":2,"parentID":"ec3513fc-722f-453a-9c1e-e19851e07a99","firstParentID":"9915139b-021e-4909-84a2-d09e4ad58b39","ID":"20a0953c-a0c6-46be-bb50-42f58a3e4422","childs":null,"emcosID":null,"emcosMLID":null,"codMaketTEP":null,"codTEP":null,"WSName":"PS","rangeAddress":"$CE$185:$CE$221","headAddress":"$CE$185","bodyAddress":"$CE$186:$CE$221","_name":"оперативное"}},"emcosID":null,"emcosMLID":null,"codMaketTEP":null,"codTEP":null,"WSName":"PS","rangeAddress":"$CE$184:$CE$221","headAddress":"$CE$184","bodyAddress":"$CE$185:$CE$221","_name":"прием"}},"emcosID":null,"emcosMLID":null,"codMaketTEP":null,"codTEP":null,"WSName":"PS","rangeAddress":"$CE$183:$CE$221","headAddress":"$CE$183","bodyAddress":"$CE$184:$CE$221","_name":"с.н. Каскад ГЭС АлЭС"},"DB":{"_level":0,"parentID":"9915139b-021e-4909-84a2-d09e4ad58b39","firstParentID":"9915139b-021e-4909-84a2-d09e4ad58b39","ID":"4a908f75-e96e-49c6-b405-3aca9515ba29","childs":{"прием":{"_level":1,"parentID":"4a908f75-e96e-49c6-b405-3aca9515ba29","firstParentID":"9915139b-021e-4909-84a2-d09e4ad58b39","ID":"e2b4c7a4-e268-4091-ac7e-2216612890b0","childs":{"код":{"_level":2,"parentID":"e2b4c7a4-e268-4091-ac7e-2216612890b0","firstParentID":"9915139b-021e-4909-84a2-d09e4ad58b39","ID":"c672e1ca-0eb1-4b37-baba-bdf7ebf81e9a","childs":null,"emcosID":null,"emcosMLID":null,"codMaketTEP":null,"codTEP":null,"WSName":"DB","rangeAddress":"$DJ$482:$DJ$519","headAddress":"$DJ$482","bodyAddress":"$DJ$483:$DJ$519","_name":"код"},"основное":{"_level":2,"parentID":"e2b4c7a4-e268-4091-ac7e-2216612890b0","firstParentID":"9915139b-021e-4909-84a2-d09e4ad58b39","ID":"1061fcb8-2c11-4fb8-89fd-ca7209b6038c","childs":null,"emcosID":null,"emcosMLID":null,"codMaketTEP":null,"codTEP":null,"WSName":"DB","rangeAddress":"$DK$482:$DK$519","headAddress":"$DK$482","bodyAddress":"$DK$483:$DK$519","_name":"основное"},"корректировка факт":{"_level":2,"parentID":"e2b4c7a4-e268-4091-ac7e-2216612890b0","firstParentID":"9915139b-021e-4909-84a2-d09e4ad58b39","ID":"447990d3-7e0d-49ff-b62f-825ec134c414","childs":null,"emcosID":null,"emcosMLID":null,"codMaketTEP":null,"codTEP":null,"WSName":"DB","rangeAddress":"$DL$482:$DL$519","headAddress":"$DL$482","bodyAddress":"$DL$483:$DL$519","_name":"корректировка факт"},"ручное":{"_level":2,"parentID":"e2b4c7a4-e268-4091-ac7e-2216612890b0","firstParentID":"9915139b-021e-4909-84a2-d09e4ad58b39","ID":"62a6b2d4-34e0-4e8c-b188-bfafc1e445a0","childs":null,"emcosID":null,"emcosMLID":null,"codMaketTEP":null,"codTEP":null,"WSName":"DB","rangeAddress":"$DM$482:$DM$519","headAddress":"$DM$482","bodyAddress":"$DM$483:$DM$519","_name":"ручное"},"оперативное":{"_level":2,"parentID":"e2b4c7a4-e268-4091-ac7e-2216612890b0","firstParentID":"9915139b-021e-4909-84a2-d09e4ad58b39","ID":"8aa87eed-a29a-4e80-a65c-42755d8b1259","childs":null,"emcosID":null,"emcosMLID":null,"codMaketTEP":null,"codTEP":null,"WSName":"DB","rangeAddress":"$DN$482:$DN$519","headAddress":"$DN$482","bodyAddress":"$DN$483:$DN$519","_name":"оперативное"}},"emcosID":null,"emcosMLID":null,"codMaketTEP":null,"codTEP":null,"WSName":"DB","rangeAddress":"$DJ$481:$DN$519","headAddress":"$DJ$481:$DN$481","bodyAddress":"$DJ$482:$DN$519","_name":"прием"}},"emcosID":null,"emcosMLID":null,"codMaketTEP":null,"codTEP":null,"WSName":"DB","rangeAddress":"$DJ$480:$DN$519","headAddress":"$DJ$480:$DN$480","bodyAddress":"$DJ$481:$DN$519","_name":"с.н. Каскад ГЭС АлЭС"}},"codPlan":null,"meterCoef":null,"_name":"с.н. Каскад ГЭС АлЭС"}