{"ID":"9a8f8152-9583-4ba5-9447-68c39b8d63bb","childs":{"PS":{"_level":0,"parentID":"9a8f8152-9583-4ba5-9447-68c39b8d63bb","firstParentID":"9a8f8152-9583-4ba5-9447-68c39b8d63bb","ID":"bc93c7ef-1969-46eb-acd0-4941c9d994e1","childs":{"прием":{"_level":1,"parentID":"bc93c7ef-1969-46eb-acd0-4941c9d994e1","firstParentID":"9a8f8152-9583-4ba5-9447-68c39b8d63bb","ID":"93c8879a-8bbb-4914-96e4-4e802440deb2","childs":{"ручное":{"_level":2,"parentID":"93c8879a-8bbb-4914-96e4-4e802440deb2","firstParentID":"9a8f8152-9583-4ba5-9447-68c39b8d63bb","ID":"fd7a350e-a519-44f8-928e-ab8bffa00844","childs":null,"emcosID":null,"emcosMLID":null,"codMaketTEP":null,"codTEP":null,"WSName":"PS","rangeAddress":"$MW$99:$MW$135","headAddress":"$MW$99","bodyAddress":"$MW$100:$MW$135","_name":"ручное"}},"emcosID":null,"emcosMLID":null,"codMaketTEP":null,"codTEP":null,"WSName":"PS","rangeAddress":"$MW$98:$MW$135","headAddress":"$MW$98","bodyAddress":"$MW$99:$MW$135","_name":"прием"},"отдача":{"_level":1,"parentID":"bc93c7ef-1969-46eb-acd0-4941c9d994e1","firstParentID":"9a8f8152-9583-4ba5-9447-68c39b8d63bb","ID":"aa75e66e-67ec-423e-bb98-539ccee6eaad","childs":{"ручное":{"_level":2,"parentID":"aa75e66e-67ec-423e-bb98-539ccee6eaad","firstParentID":"9a8f8152-9583-4ba5-9447-68c39b8d63bb","ID":"e808c466-7a97-4379-9fd7-dd70df9ebae6","childs":null,"emcosID":null,"emcosMLID":null,"codMaketTEP":null,"codTEP":null,"WSName":"PS","rangeAddress":"$MX$99:$MX$135","headAddress":"$MX$99","bodyAddress":"$MX$100:$MX$135","_name":"ручное"}},"emcosID":null,"emcosMLID":null,"codMaketTEP":null,"codTEP":null,"WSName":"PS","rangeAddress":"$MX$98:$MX$135","headAddress":"$MX$98","bodyAddress":"$MX$99:$MX$135","_name":"отдача"}},"emcosID":null,"emcosMLID":null,"codMaketTEP":null,"codTEP":null,"WSName":"PS","rangeAddress":"$MW$97:$MX$135","headAddress":"$MW$97:$MX$97","bodyAddress":"$MW$98:$MX$135","_name":"ТП3 Мын Арал тяга"},"DB":{"_level":0,"parentID":"9a8f8152-9583-4ba5-9447-68c39b8d63bb","firstParentID":"9a8f8152-9583-4ba5-9447-68c39b8d63bb","ID":"d04f65c3-248c-4713-a8db-4cccf619670b","childs":{"прием":{"_level":1,"parentID":"d04f65c3-248c-4713-a8db-4cccf619670b","firstParentID":"9a8f8152-9583-4ba5-9447-68c39b8d63bb","ID":"cf3e2307-be3c-4283-996d-39100fb9e246","childs":{"код":{"_level":2,"parentID":"cf3e2307-be3c-4283-996d-39100fb9e246","firstParentID":"9a8f8152-9583-4ba5-9447-68c39b8d63bb","ID":"da19819b-2812-47d1-a0f7-e6ac36b0789c","childs":null,"emcosID":null,"emcosMLID":null,"codMaketTEP":null,"codTEP":null,"WSName":"DB","rangeAddress":"$AH$95:$AH$132","headAddress":"$AH$95","bodyAddress":"$AH$96:$AH$132","_name":"код"},"основное":{"_level":2,"parentID":"cf3e2307-be3c-4283-996d-39100fb9e246","firstParentID":"9a8f8152-9583-4ba5-9447-68c39b8d63bb","ID":"67737ef2-912e-4ed1-921a-b5bd608f804a","childs":null,"emcosID":null,"emcosMLID":null,"codMaketTEP":null,"codTEP":null,"WSName":"DB","rangeAddress":"$AI$95:$AI$132","headAddress":"$AI$95","bodyAddress":"$AI$96:$AI$132","_name":"основное"},"корректировка факт":{"_level":2,"parentID":"cf3e2307-be3c-4283-996d-39100fb9e246","firstParentID":"9a8f8152-9583-4ba5-9447-68c39b8d63bb","ID":"c5aebd88-1b2c-4c0c-a2ac-761a792b3295","childs":null,"emcosID":null,"emcosMLID":null,"codMaketTEP":null,"codTEP":null,"WSName":"DB","rangeAddress":"$AJ$95:$AJ$132","headAddress":"$AJ$95","bodyAddress":"$AJ$96:$AJ$132","_name":"корректировка факт"},"ручное":{"_level":2,"parentID":"cf3e2307-be3c-4283-996d-39100fb9e246","firstParentID":"9a8f8152-9583-4ba5-9447-68c39b8d63bb","ID":"0ac46f93-9f55-4415-8225-06e7b95a6952","childs":null,"emcosID":null,"emcosMLID":null,"codMaketTEP":null,"codTEP":null,"WSName":"DB","rangeAddress":"$AK$95:$AK$132","headAddress":"$AK$95","bodyAddress":"$AK$96:$AK$132","_name":"ручное"}},"emcosID":null,"emcosMLID":null,"codMaketTEP":null,"codTEP":null,"WSName":"DB","rangeAddress":"$AH$94:$AK$132","headAddress":"$AH$94:$AK$94","bodyAddress":"$AH$95:$AK$132","_name":"прием"},"отдача":{"_level":1,"parentID":"d04f65c3-248c-4713-a8db-4cccf619670b","firstParentID":"9a8f8152-9583-4ba5-9447-68c39b8d63bb","ID":"3339bca1-57e7-449c-bb4a-c82e49d768ed","childs":{"код":{"_level":2,"parentID":"3339bca1-57e7-449c-bb4a-c82e49d768ed","firstParentID":"9a8f8152-9583-4ba5-9447-68c39b8d63bb","ID":"e2ae8c31-530c-4436-a7f4-ee9086b980a3","childs":null,"emcosID":null,"emcosMLID":null,"codMaketTEP":null,"codTEP":null,"WSName":"DB","rangeAddress":"$AL$95:$AL$132","headAddress":"$AL$95","bodyAddress":"$AL$96:$AL$132","_name":"код"},"основное":{"_level":2,"parentID":"3339bca1-57e7-449c-bb4a-c82e49d768ed","firstParentID":"9a8f8152-9583-4ba5-9447-68c39b8d63bb","ID":"190e688c-aa87-4d6b-8932-4e8b7c88824a","childs":null,"emcosID":null,"emcosMLID":null,"codMaketTEP":null,"codTEP":null,"WSName":"DB","rangeAddress":"$AM$95:$AM$132","headAddress":"$AM$95","bodyAddress":"$AM$96:$AM$132","_name":"основное"},"корректировка факт":{"_level":2,"parentID":"3339bca1-57e7-449c-bb4a-c82e49d768ed","firstParentID":"9a8f8152-9583-4ba5-9447-68c39b8d63bb","ID":"ea70eeae-b36e-47a1-a3c4-8fbb82714449","childs":null,"emcosID":null,"emcosMLID":null,"codMaketTEP":null,"codTEP":null,"WSName":"DB","rangeAddress":"$AN$95:$AN$132","headAddress":"$AN$95","bodyAddress":"$AN$96:$AN$132","_name":"корректировка факт"},"ручное":{"_level":2,"parentID":"3339bca1-57e7-449c-bb4a-c82e49d768ed","firstParentID":"9a8f8152-9583-4ba5-9447-68c39b8d63bb","ID":"cda8158b-b6c3-40dc-9f65-934e761e59f3","childs":null,"emcosID":null,"emcosMLID":null,"codMaketTEP":null,"codTEP":null,"WSName":"DB","rangeAddress":"$AO$95:$AO$132","headAddress":"$AO$95","bodyAddress":"$AO$96:$AO$132","_name":"ручное"}},"emcosID":null,"emcosMLID":null,"codMaketTEP":null,"codTEP":null,"WSName":"DB","rangeAddress":"$AL$94:$AO$132","headAddress":"$AL$94:$AO$94","bodyAddress":"$AL$95:$AO$132","_name":"отдача"}},"emcosID":null,"emcosMLID":null,"codMaketTEP":null,"codTEP":null,"WSName":"DB","rangeAddress":"$AH$93:$AO$132","headAddress":"$AH$93:$AO$93","bodyAddress":"$AH$94:$AO$132","_name":"ТП3 Мын Арал тяга"}},"codPlan":null,"meterCoef":null,"_name":"ТП3 Мын Арал тяга"}