{"ID":"9bfc08e9-d827-42c1-8c2e-5249f59a831b","childs":{"PS":{"_level":0,"parentID":"9bfc08e9-d827-42c1-8c2e-5249f59a831b","firstParentID":"9bfc08e9-d827-42c1-8c2e-5249f59a831b","ID":"8a5e4c50-ab8d-4d23-8d14-9ccdd4a51022","childs":{"прием":{"_level":1,"parentID":"8a5e4c50-ab8d-4d23-8d14-9ccdd4a51022","firstParentID":"9bfc08e9-d827-42c1-8c2e-5249f59a831b","ID":"e37aa5f5-b870-4e2a-a4de-3045d26fed34","childs":{"по счетчику":{"_level":2,"parentID":"e37aa5f5-b870-4e2a-a4de-3045d26fed34","firstParentID":"9bfc08e9-d827-42c1-8c2e-5249f59a831b","ID":"4c360433-768d-4668-bd0b-c59a932f7e6f","childs":null,"emcosID":null,"emcosMLID":null,"codMaketTEP":null,"codTEP":null,"WSName":"PS","rangeAddress":"$AZ$99:$AZ$135","headAddress":"$AZ$99","bodyAddress":"$AZ$100:$AZ$135","_name":"по счетчику"}},"emcosID":null,"emcosMLID":null,"codMaketTEP":null,"codTEP":null,"WSName":"PS","rangeAddress":"$AZ$98:$AZ$135","headAddress":"$AZ$98","bodyAddress":"$AZ$99:$AZ$135","_name":"прием"},"отдача":{"_level":1,"parentID":"8a5e4c50-ab8d-4d23-8d14-9ccdd4a51022","firstParentID":"9bfc08e9-d827-42c1-8c2e-5249f59a831b","ID":"801554c6-896f-4d49-92b7-2b9c9846a674","childs":{"по счетчику":{"_level":2,"parentID":"801554c6-896f-4d49-92b7-2b9c9846a674","firstParentID":"9bfc08e9-d827-42c1-8c2e-5249f59a831b","ID":"d9bdb2d3-75a7-4ae5-8fad-4448e794722f","childs":null,"emcosID":null,"emcosMLID":null,"codMaketTEP":null,"codTEP":null,"WSName":"PS","rangeAddress":"$BA$99:$BA$135","headAddress":"$BA$99","bodyAddress":"$BA$100:$BA$135","_name":"по счетчику"}},"emcosID":null,"emcosMLID":null,"codMaketTEP":null,"codTEP":null,"WSName":"PS","rangeAddress":"$BA$98:$BA$135","headAddress":"$BA$98","bodyAddress":"$BA$99:$BA$135","_name":"отдача"}},"emcosID":null,"emcosMLID":null,"codMaketTEP":null,"codTEP":null,"WSName":"PS","rangeAddress":"$AZ$97:$BA$135","headAddress":"$AZ$97:$BA$97","bodyAddress":"$AZ$98:$BA$135","_name":"КЛ48 ПС149 Талдыкорган ЗЩА"},"DB":{"_level":0,"parentID":"9bfc08e9-d827-42c1-8c2e-5249f59a831b","firstParentID":"9bfc08e9-d827-42c1-8c2e-5249f59a831b","ID":"45db3b18-8215-4993-bf70-e1b21d8d2492","childs":{"прием":{"_level":1,"parentID":"45db3b18-8215-4993-bf70-e1b21d8d2492","firstParentID":"9bfc08e9-d827-42c1-8c2e-5249f59a831b","ID":"5cb93450-3d72-44da-8f21-638e5cb09120","childs":{"код":{"_level":2,"parentID":"5cb93450-3d72-44da-8f21-638e5cb09120","firstParentID":"9bfc08e9-d827-42c1-8c2e-5249f59a831b","ID":"14fbfe19-02b1-4019-bab2-2be9518c9614","childs":null,"emcosID":null,"emcosMLID":null,"codMaketTEP":null,"codTEP":null,"WSName":"DB","rangeAddress":"$CS$267:$CS$304","headAddress":"$CS$267","bodyAddress":"$CS$268:$CS$304","_name":"код"},"основное":{"_level":2,"parentID":"5cb93450-3d72-44da-8f21-638e5cb09120","firstParentID":"9bfc08e9-d827-42c1-8c2e-5249f59a831b","ID":"5b555603-7839-4528-8455-493163f6d23d","childs":null,"emcosID":null,"emcosMLID":null,"codMaketTEP":null,"codTEP":null,"WSName":"DB","rangeAddress":"$CT$267:$CT$304","headAddress":"$CT$267","bodyAddress":"$CT$268:$CT$304","_name":"основное"},"корректировка факт":{"_level":2,"parentID":"5cb93450-3d72-44da-8f21-638e5cb09120","firstParentID":"9bfc08e9-d827-42c1-8c2e-5249f59a831b","ID":"7d0dc73a-174b-46e0-acb5-a437da487c21","childs":null,"emcosID":null,"emcosMLID":null,"codMaketTEP":null,"codTEP":null,"WSName":"DB","rangeAddress":"$CU$267:$CU$304","headAddress":"$CU$267","bodyAddress":"$CU$268:$CU$304","_name":"корректировка факт"},"ручное":{"_level":2,"parentID":"5cb93450-3d72-44da-8f21-638e5cb09120","firstParentID":"9bfc08e9-d827-42c1-8c2e-5249f59a831b","ID":"adfc4473-a6cc-42f4-8745-991aaa7356a4","childs":null,"emcosID":null,"emcosMLID":null,"codMaketTEP":null,"codTEP":null,"WSName":"DB","rangeAddress":"$CV$267:$CV$304","headAddress":"$CV$267","bodyAddress":"$CV$268:$CV$304","_name":"ручное"},"оперативное":{"_level":2,"parentID":"5cb93450-3d72-44da-8f21-638e5cb09120","firstParentID":"9bfc08e9-d827-42c1-8c2e-5249f59a831b","ID":"4e30d8f4-fd46-4cc6-acfb-f9bf083be8c7","childs":null,"emcosID":null,"emcosMLID":null,"codMaketTEP":null,"codTEP":null,"WSName":"DB","rangeAddress":"$CW$267:$CW$304","headAddress":"$CW$267","bodyAddress":"$CW$268:$CW$304","_name":"оперативное"},"счетчик":{"_level":2,"parentID":"5cb93450-3d72-44da-8f21-638e5cb09120","firstParentID":"9bfc08e9-d827-42c1-8c2e-5249f59a831b","ID":"9c61f9e8-4f23-400a-a311-0830799df93d","childs":null,"emcosID":null,"emcosMLID":null,"codMaketTEP":null,"codTEP":null,"WSName":"DB","rangeAddress":"$CX$267:$CX$304","headAddress":"$CX$267","bodyAddress":"$CX$268:$CX$304","_name":"счетчик"},"по счетчику":{"_level":2,"parentID":"5cb93450-3d72-44da-8f21-638e5cb09120","firstParentID":"9bfc08e9-d827-42c1-8c2e-5249f59a831b","ID":"b3d08eeb-8fe7-4817-8624-22df699ff856","childs":null,"emcosID":null,"emcosMLID":null,"codMaketTEP":null,"codTEP":null,"WSName":"DB","rangeAddress":"$CY$267:$CY$304","headAddress":"$CY$267","bodyAddress":"$CY$268:$CY$304","_name":"по счетчику"}},"emcosID":null,"emcosMLID":null,"codMaketTEP":null,"codTEP":null,"WSName":"DB","rangeAddress":"$CS$266:$CY$304","headAddress":"$CS$266:$CY$266","bodyAddress":"$CS$267:$CY$304","_name":"прием"},"отдача":{"_level":1,"parentID":"45db3b18-8215-4993-bf70-e1b21d8d2492","firstParentID":"9bfc08e9-d827-42c1-8c2e-5249f59a831b","ID":"5d644fa8-1338-4e28-b9e3-0589a025474f","childs":{"код":{"_level":2,"parentID":"5d644fa8-1338-4e28-b9e3-0589a025474f","firstParentID":"9bfc08e9-d827-42c1-8c2e-5249f59a831b","ID":"06267a7d-8633-417b-88da-e20685947c33","childs":null,"emcosID":null,"emcosMLID":null,"codMaketTEP":null,"codTEP":null,"WSName":"DB","rangeAddress":"$CZ$267:$CZ$304","headAddress":"$CZ$267","bodyAddress":"$CZ$268:$CZ$304","_name":"код"},"основное":{"_level":2,"parentID":"5d644fa8-1338-4e28-b9e3-0589a025474f","firstParentID":"9bfc08e9-d827-42c1-8c2e-5249f59a831b","ID":"980377c2-de04-4973-9b2c-e0e4d189364c","childs":null,"emcosID":null,"emcosMLID":null,"codMaketTEP":null,"codTEP":null,"WSName":"DB","rangeAddress":"$DA$267:$DA$304","headAddress":"$DA$267","bodyAddress":"$DA$268:$DA$304","_name":"основное"},"корректировка факт":{"_level":2,"parentID":"5d644fa8-1338-4e28-b9e3-0589a025474f","firstParentID":"9bfc08e9-d827-42c1-8c2e-5249f59a831b","ID":"906564d5-e22c-40e9-bff6-521831497467","childs":null,"emcosID":null,"emcosMLID":null,"codMaketTEP":null,"codTEP":null,"WSName":"DB","rangeAddress":"$DB$267:$DB$304","headAddress":"$DB$267","bodyAddress":"$DB$268:$DB$304","_name":"корректировка факт"},"ручное":{"_level":2,"parentID":"5d644fa8-1338-4e28-b9e3-0589a025474f","firstParentID":"9bfc08e9-d827-42c1-8c2e-5249f59a831b","ID":"d7e50e56-35db-4af5-9f47-b660a79897e9","childs":null,"emcosID":null,"emcosMLID":null,"codMaketTEP":null,"codTEP":null,"WSName":"DB","rangeAddress":"$DC$267:$DC$304","headAddress":"$DC$267","bodyAddress":"$DC$268:$DC$304","_name":"ручное"},"оперативное":{"_level":2,"parentID":"5d644fa8-1338-4e28-b9e3-0589a025474f","firstParentID":"9bfc08e9-d827-42c1-8c2e-5249f59a831b","ID":"0825a032-bcc6-46f0-9bc8-32bc79d8c5ca","childs":null,"emcosID":null,"emcosMLID":null,"codMaketTEP":null,"codTEP":null,"WSName":"DB","rangeAddress":"$DD$267:$DD$304","headAddress":"$DD$267","bodyAddress":"$DD$268:$DD$304","_name":"оперативное"},"счетчик":{"_level":2,"parentID":"5d644fa8-1338-4e28-b9e3-0589a025474f","firstParentID":"9bfc08e9-d827-42c1-8c2e-5249f59a831b","ID":"4b17306b-e38a-494c-a14b-101b9e89754f","childs":null,"emcosID":null,"emcosMLID":null,"codMaketTEP":null,"codTEP":null,"WSName":"DB","rangeAddress":"$DE$267:$DE$304","headAddress":"$DE$267","bodyAddress":"$DE$268:$DE$304","_name":"счетчик"},"по счетчику":{"_level":2,"parentID":"5d644fa8-1338-4e28-b9e3-0589a025474f","firstParentID":"9bfc08e9-d827-42c1-8c2e-5249f59a831b","ID":"b9a4ba49-bfd8-4eb2-a60a-06669aa3fcc6","childs":null,"emcosID":null,"emcosMLID":null,"codMaketTEP":null,"codTEP":null,"WSName":"DB","rangeAddress":"$DF$267:$DF$304","headAddress":"$DF$267","bodyAddress":"$DF$268:$DF$304","_name":"по счетчику"}},"emcosID":null,"emcosMLID":null,"codMaketTEP":null,"codTEP":null,"WSName":"DB","rangeAddress":"$CZ$266:$DF$304","headAddress":"$CZ$266:$DF$266","bodyAddress":"$CZ$267:$DF$304","_name":"отдача"}},"emcosID":null,"emcosMLID":null,"codMaketTEP":null,"codTEP":null,"WSName":"DB","rangeAddress":"$CS$265:$DF$304","headAddress":"$CS$265:$DF$265","bodyAddress":"$CS$266:$DF$304","_name":"КЛ48 ПС149 Талдыкорган ЗЩА"}},"codPlan":null,"meterCoef":null,"_name":"КЛ48 ПС149 Талдыкорган ЗЩА"}