{"ID":"9e310fe5-cc96-45dc-bc1b-3e5e4abe9a04","childs":{"PS":{"_level":0,"parentID":"9e310fe5-cc96-45dc-bc1b-3e5e4abe9a04","firstParentID":"9e310fe5-cc96-45dc-bc1b-3e5e4abe9a04","ID":"a13ee5ed-117c-43a0-aa7d-b73b48eea1d2","childs":{"сальдо":{"_level":1,"parentID":"a13ee5ed-117c-43a0-aa7d-b73b48eea1d2","firstParentID":"9e310fe5-cc96-45dc-bc1b-3e5e4abe9a04","ID":"bb2a7ded-4345-483b-b430-4d694863b70d","childs":{"формула":{"_level":2,"parentID":"bb2a7ded-4345-483b-b430-4d694863b70d","firstParentID":"9e310fe5-cc96-45dc-bc1b-3e5e4abe9a04","ID":"58f47792-96e9-49fb-8020-1d94804dca75","childs":null,"emcosID":null,"emcosMLID":null,"codMaketTEP":null,"codTEP":null,"WSName":"PS","rangeAddress":"$O$13:$O$49","headAddress":"$O$13","bodyAddress":"$O$14:$O$49","_name":"формула"}},"emcosID":null,"emcosMLID":null,"codMaketTEP":null,"codTEP":null,"WSName":"PS","rangeAddress":"$O$12:$O$49","headAddress":"$O$12","bodyAddress":"$O$13:$O$49","_name":"сальдо"}},"emcosID":null,"emcosMLID":null,"codMaketTEP":null,"codTEP":null,"WSName":"PS","rangeAddress":"$O$11:$O$49","headAddress":"$O$11","bodyAddress":"$O$12:$O$49","_name":"Сальдо ЦМЭС Общее"},"DB":{"_level":0,"parentID":"9e310fe5-cc96-45dc-bc1b-3e5e4abe9a04","firstParentID":"9e310fe5-cc96-45dc-bc1b-3e5e4abe9a04","ID":"17cf09f3-8393-4459-9484-7ac54d06882e","childs":{"сальдо":{"_level":1,"parentID":"17cf09f3-8393-4459-9484-7ac54d06882e","firstParentID":"9e310fe5-cc96-45dc-bc1b-3e5e4abe9a04","ID":"08fcbf4a-a946-4301-9be6-821e8b52b65e","childs":{"код":{"_level":2,"parentID":"08fcbf4a-a946-4301-9be6-821e8b52b65e","firstParentID":"9e310fe5-cc96-45dc-bc1b-3e5e4abe9a04","ID":"7b40e21d-bad9-4315-be7d-c5c22cd19e0d","childs":null,"emcosID":null,"emcosMLID":null,"codMaketTEP":null,"codTEP":null,"WSName":"DB","rangeAddress":"$EW$138:$EW$175","headAddress":"$EW$138","bodyAddress":"$EW$139:$EW$175","_name":"код"},"основное":{"_level":2,"parentID":"08fcbf4a-a946-4301-9be6-821e8b52b65e","firstParentID":"9e310fe5-cc96-45dc-bc1b-3e5e4abe9a04","ID":"f9575630-11ac-46dd-a072-c99744cc65a1","childs":null,"emcosID":null,"emcosMLID":null,"codMaketTEP":null,"codTEP":null,"WSName":"DB","rangeAddress":"$EX$138:$EX$175","headAddress":"$EX$138","bodyAddress":"$EX$139:$EX$175","_name":"основное"},"корректировка факт":{"_level":2,"parentID":"08fcbf4a-a946-4301-9be6-821e8b52b65e","firstParentID":"9e310fe5-cc96-45dc-bc1b-3e5e4abe9a04","ID":"4b9c0f31-f771-49be-a9c7-40e5a881e113","childs":null,"emcosID":null,"emcosMLID":null,"codMaketTEP":null,"codTEP":null,"WSName":"DB","rangeAddress":"$EY$138:$EY$175","headAddress":"$EY$138","bodyAddress":"$EY$139:$EY$175","_name":"корректировка факт"},"ручное":{"_level":2,"parentID":"08fcbf4a-a946-4301-9be6-821e8b52b65e","firstParentID":"9e310fe5-cc96-45dc-bc1b-3e5e4abe9a04","ID":"471b5d7d-93e8-4642-b60a-a4fe275fa8b2","childs":null,"emcosID":null,"emcosMLID":null,"codMaketTEP":null,"codTEP":null,"WSName":"DB","rangeAddress":"$EZ$138:$EZ$175","headAddress":"$EZ$138","bodyAddress":"$EZ$139:$EZ$175","_name":"ручное"},"формула":{"_level":2,"parentID":"08fcbf4a-a946-4301-9be6-821e8b52b65e","firstParentID":"9e310fe5-cc96-45dc-bc1b-3e5e4abe9a04","ID":"590822ad-6e1b-4fd0-a076-d4b5839760fa","childs":null,"emcosID":null,"emcosMLID":null,"codMaketTEP":null,"codTEP":null,"WSName":"DB","rangeAddress":"$FA$138:$FA$175","headAddress":"$FA$138","bodyAddress":"$FA$139:$FA$175","_name":"формула"}},"emcosID":null,"emcosMLID":null,"codMaketTEP":null,"codTEP":null,"WSName":"DB","rangeAddress":"$EW$137:$FA$175","headAddress":"$EW$137:$FA$137","bodyAddress":"$EW$138:$FA$175","_name":"сальдо"}},"emcosID":null,"emcosMLID":null,"codMaketTEP":null,"codTEP":null,"WSName":"DB","rangeAddress":"$EW$136:$FA$175","headAddress":"$EW$136:$FA$136","bodyAddress":"$EW$137:$FA$175","_name":"Сальдо ЦМЭС Общее"}},"codPlan":null,"meterCoef":null,"_name":"Сальдо ЦМЭС Общее"}