{"ID":"a7f27051-d703-42d5-b3d9-bce11a53094e","childs":{"PS":{"_level":0,"parentID":"a7f27051-d703-42d5-b3d9-bce11a53094e","firstParentID":"a7f27051-d703-42d5-b3d9-bce11a53094e","ID":"98107cda-d93c-4ad7-b78b-7e929c27966a","childs":{"прием":{"_level":1,"parentID":"98107cda-d93c-4ad7-b78b-7e929c27966a","firstParentID":"a7f27051-d703-42d5-b3d9-bce11a53094e","ID":"3ee0c77a-247f-436a-88f0-309f43328011","childs":{"по счетчику":{"_level":2,"parentID":"3ee0c77a-247f-436a-88f0-309f43328011","firstParentID":"a7f27051-d703-42d5-b3d9-bce11a53094e","ID":"971004f4-7c0b-484e-9a1d-de6163512a00","childs":null,"emcosID":null,"emcosMLID":null,"codMaketTEP":null,"codTEP":null,"WSName":"PS","rangeAddress":"$AT$99:$AT$135","headAddress":"$AT$99","bodyAddress":"$AT$100:$AT$135","_name":"по счетчику"}},"emcosID":null,"emcosMLID":null,"codMaketTEP":null,"codTEP":null,"WSName":"PS","rangeAddress":"$AT$98:$AT$135","headAddress":"$AT$98","bodyAddress":"$AT$99:$AT$135","_name":"прием"},"отдача":{"_level":1,"parentID":"98107cda-d93c-4ad7-b78b-7e929c27966a","firstParentID":"a7f27051-d703-42d5-b3d9-bce11a53094e","ID":"bd642a8e-4218-421f-a1db-c4e7faa2435e","childs":{"по счетчику":{"_level":2,"parentID":"bd642a8e-4218-421f-a1db-c4e7faa2435e","firstParentID":"a7f27051-d703-42d5-b3d9-bce11a53094e","ID":"e2b2559c-6c36-47ed-9287-87ed8c2bceb0","childs":null,"emcosID":null,"emcosMLID":null,"codMaketTEP":null,"codTEP":null,"WSName":"PS","rangeAddress":"$AU$99:$AU$135","headAddress":"$AU$99","bodyAddress":"$AU$100:$AU$135","_name":"по счетчику"}},"emcosID":null,"emcosMLID":null,"codMaketTEP":null,"codTEP":null,"WSName":"PS","rangeAddress":"$AU$98:$AU$135","headAddress":"$AU$98","bodyAddress":"$AU$99:$AU$135","_name":"отдача"}},"emcosID":null,"emcosMLID":null,"codMaketTEP":null,"codTEP":null,"WSName":"PS","rangeAddress":"$AT$97:$AU$135","headAddress":"$AT$97:$AU$97","bodyAddress":"$AT$98:$AU$135","_name":"КЛ22 ПС149 Талдыкорган ЗЩА"},"DB":{"_level":0,"parentID":"a7f27051-d703-42d5-b3d9-bce11a53094e","firstParentID":"a7f27051-d703-42d5-b3d9-bce11a53094e","ID":"9d5a584d-b22e-48a0-b02b-5d02d3173a4b","childs":{"прием":{"_level":1,"parentID":"9d5a584d-b22e-48a0-b02b-5d02d3173a4b","firstParentID":"a7f27051-d703-42d5-b3d9-bce11a53094e","ID":"945c1e70-1103-4d7b-a190-b7a05819571f","childs":{"код":{"_level":2,"parentID":"945c1e70-1103-4d7b-a190-b7a05819571f","firstParentID":"a7f27051-d703-42d5-b3d9-bce11a53094e","ID":"f8e9a244-727b-4400-a0a5-801e886f5761","childs":null,"emcosID":null,"emcosMLID":null,"codMaketTEP":null,"codTEP":null,"WSName":"DB","rangeAddress":"$EI$267:$EI$304","headAddress":"$EI$267","bodyAddress":"$EI$268:$EI$304","_name":"код"},"основное":{"_level":2,"parentID":"945c1e70-1103-4d7b-a190-b7a05819571f","firstParentID":"a7f27051-d703-42d5-b3d9-bce11a53094e","ID":"3a6e2c6e-699a-40b0-a6f8-458da87bb9f8","childs":null,"emcosID":null,"emcosMLID":null,"codMaketTEP":null,"codTEP":null,"WSName":"DB","rangeAddress":"$EJ$267:$EJ$304","headAddress":"$EJ$267","bodyAddress":"$EJ$268:$EJ$304","_name":"основное"},"корректировка факт":{"_level":2,"parentID":"945c1e70-1103-4d7b-a190-b7a05819571f","firstParentID":"a7f27051-d703-42d5-b3d9-bce11a53094e","ID":"cb4c67a7-5a18-40ea-b9bd-dce8cc32203d","childs":null,"emcosID":null,"emcosMLID":null,"codMaketTEP":null,"codTEP":null,"WSName":"DB","rangeAddress":"$EK$267:$EK$304","headAddress":"$EK$267","bodyAddress":"$EK$268:$EK$304","_name":"корректировка факт"},"ручное":{"_level":2,"parentID":"945c1e70-1103-4d7b-a190-b7a05819571f","firstParentID":"a7f27051-d703-42d5-b3d9-bce11a53094e","ID":"5cb281a1-8ee6-402d-aa76-42f0e2d0f3ee","childs":null,"emcosID":null,"emcosMLID":null,"codMaketTEP":null,"codTEP":null,"WSName":"DB","rangeAddress":"$EL$267:$EL$304","headAddress":"$EL$267","bodyAddress":"$EL$268:$EL$304","_name":"ручное"},"оперативное":{"_level":2,"parentID":"945c1e70-1103-4d7b-a190-b7a05819571f","firstParentID":"a7f27051-d703-42d5-b3d9-bce11a53094e","ID":"11fee868-910a-4fd2-a8b5-c01140dedfef","childs":null,"emcosID":null,"emcosMLID":null,"codMaketTEP":null,"codTEP":null,"WSName":"DB","rangeAddress":"$EM$267:$EM$304","headAddress":"$EM$267","bodyAddress":"$EM$268:$EM$304","_name":"оперативное"},"счетчик":{"_level":2,"parentID":"945c1e70-1103-4d7b-a190-b7a05819571f","firstParentID":"a7f27051-d703-42d5-b3d9-bce11a53094e","ID":"1be7708c-9acd-4ba8-904e-74c765cb3bf7","childs":null,"emcosID":null,"emcosMLID":null,"codMaketTEP":null,"codTEP":null,"WSName":"DB","rangeAddress":"$EN$267:$EN$304","headAddress":"$EN$267","bodyAddress":"$EN$268:$EN$304","_name":"счетчик"},"по счетчику":{"_level":2,"parentID":"945c1e70-1103-4d7b-a190-b7a05819571f","firstParentID":"a7f27051-d703-42d5-b3d9-bce11a53094e","ID":"605d25e0-32a9-47f5-8879-37f0d6a95a4f","childs":null,"emcosID":null,"emcosMLID":null,"codMaketTEP":null,"codTEP":null,"WSName":"DB","rangeAddress":"$EO$267:$EO$304","headAddress":"$EO$267","bodyAddress":"$EO$268:$EO$304","_name":"по счетчику"}},"emcosID":null,"emcosMLID":null,"codMaketTEP":null,"codTEP":null,"WSName":"DB","rangeAddress":"$EI$266:$EO$304","headAddress":"$EI$266:$EO$266","bodyAddress":"$EI$267:$EO$304","_name":"прием"},"отдача":{"_level":1,"parentID":"9d5a584d-b22e-48a0-b02b-5d02d3173a4b","firstParentID":"a7f27051-d703-42d5-b3d9-bce11a53094e","ID":"a9132f40-737b-41b5-9fdd-579d6c24ddf0","childs":{"код":{"_level":2,"parentID":"a9132f40-737b-41b5-9fdd-579d6c24ddf0","firstParentID":"a7f27051-d703-42d5-b3d9-bce11a53094e","ID":"6f5802b9-714e-4dcb-a61a-ad6b84f804ad","childs":null,"emcosID":null,"emcosMLID":null,"codMaketTEP":null,"codTEP":null,"WSName":"DB","rangeAddress":"$EP$267:$EP$304","headAddress":"$EP$267","bodyAddress":"$EP$268:$EP$304","_name":"код"},"основное":{"_level":2,"parentID":"a9132f40-737b-41b5-9fdd-579d6c24ddf0","firstParentID":"a7f27051-d703-42d5-b3d9-bce11a53094e","ID":"f5349e04-623b-451d-a7e4-c710632f369f","childs":null,"emcosID":null,"emcosMLID":null,"codMaketTEP":null,"codTEP":null,"WSName":"DB","rangeAddress":"$EQ$267:$EQ$304","headAddress":"$EQ$267","bodyAddress":"$EQ$268:$EQ$304","_name":"основное"},"корректировка факт":{"_level":2,"parentID":"a9132f40-737b-41b5-9fdd-579d6c24ddf0","firstParentID":"a7f27051-d703-42d5-b3d9-bce11a53094e","ID":"0a52ee1b-8bf8-42bf-b331-6de613469861","childs":null,"emcosID":null,"emcosMLID":null,"codMaketTEP":null,"codTEP":null,"WSName":"DB","rangeAddress":"$ER$267:$ER$304","headAddress":"$ER$267","bodyAddress":"$ER$268:$ER$304","_name":"корректировка факт"},"ручное":{"_level":2,"parentID":"a9132f40-737b-41b5-9fdd-579d6c24ddf0","firstParentID":"a7f27051-d703-42d5-b3d9-bce11a53094e","ID":"422fa114-39fe-46fd-ab03-9f74b7166d0d","childs":null,"emcosID":null,"emcosMLID":null,"codMaketTEP":null,"codTEP":null,"WSName":"DB","rangeAddress":"$ES$267:$ES$304","headAddress":"$ES$267","bodyAddress":"$ES$268:$ES$304","_name":"ручное"},"оперативное":{"_level":2,"parentID":"a9132f40-737b-41b5-9fdd-579d6c24ddf0","firstParentID":"a7f27051-d703-42d5-b3d9-bce11a53094e","ID":"5d2ce961-8252-49f5-a354-6b2335361449","childs":null,"emcosID":null,"emcosMLID":null,"codMaketTEP":null,"codTEP":null,"WSName":"DB","rangeAddress":"$ET$267:$ET$304","headAddress":"$ET$267","bodyAddress":"$ET$268:$ET$304","_name":"оперативное"},"счетчик":{"_level":2,"parentID":"a9132f40-737b-41b5-9fdd-579d6c24ddf0","firstParentID":"a7f27051-d703-42d5-b3d9-bce11a53094e","ID":"d7dcd54b-75d7-4a51-9823-aac9bce5a7e6","childs":null,"emcosID":null,"emcosMLID":null,"codMaketTEP":null,"codTEP":null,"WSName":"DB","rangeAddress":"$EU$267:$EU$304","headAddress":"$EU$267","bodyAddress":"$EU$268:$EU$304","_name":"счетчик"},"по счетчику":{"_level":2,"parentID":"a9132f40-737b-41b5-9fdd-579d6c24ddf0","firstParentID":"a7f27051-d703-42d5-b3d9-bce11a53094e","ID":"9b288dbc-429f-44f9-8465-b5ae7ec29bfc","childs":null,"emcosID":null,"emcosMLID":null,"codMaketTEP":null,"codTEP":null,"WSName":"DB","rangeAddress":"$EV$267:$EV$304","headAddress":"$EV$267","bodyAddress":"$EV$268:$EV$304","_name":"по счетчику"}},"emcosID":null,"emcosMLID":null,"codMaketTEP":null,"codTEP":null,"WSName":"DB","rangeAddress":"$EP$266:$EV$304","headAddress":"$EP$266:$EV$266","bodyAddress":"$EP$267:$EV$304","_name":"отдача"}},"emcosID":null,"emcosMLID":null,"codMaketTEP":null,"codTEP":null,"WSName":"DB","rangeAddress":"$EI$265:$EV$304","headAddress":"$EI$265:$EV$265","bodyAddress":"$EI$266:$EV$304","_name":"КЛ22 ПС149 Талдыкорган ЗЩА"}},"codPlan":null,"meterCoef":null,"_name":"КЛ22 ПС149 Талдыкорган ЗЩА"}