{"ID":"a8d0a357-5917-4639-8f54-b8e1d5f147b9","childs":{"PS":{"_level":0,"parentID":"a8d0a357-5917-4639-8f54-b8e1d5f147b9","firstParentID":"a8d0a357-5917-4639-8f54-b8e1d5f147b9","ID":"bcfdd0fd-7ef7-4f5b-9905-31b68f1f284e","childs":{"прием":{"_level":1,"parentID":"bcfdd0fd-7ef7-4f5b-9905-31b68f1f284e","firstParentID":"a8d0a357-5917-4639-8f54-b8e1d5f147b9","ID":"3a0cae94-9722-4f7d-901c-f924ef97e628","childs":{"по счетчику":{"_level":2,"parentID":"3a0cae94-9722-4f7d-901c-f924ef97e628","firstParentID":"a8d0a357-5917-4639-8f54-b8e1d5f147b9","ID":"d70e609d-4ac4-4134-ae8e-24271dc1d882","childs":null,"emcosID":null,"emcosMLID":null,"codMaketTEP":null,"codTEP":null,"WSName":"PS","rangeAddress":"$DJ$99:$DJ$135","headAddress":"$DJ$99","bodyAddress":"$DJ$100:$DJ$135","_name":"по счетчику"},"СЧЕТЧИК":{"_level":2,"parentID":"3a0cae94-9722-4f7d-901c-f924ef97e628","firstParentID":"a8d0a357-5917-4639-8f54-b8e1d5f147b9","ID":"0c0f2680-52d2-475b-b2da-74c27bd206e8","childs":null,"emcosID":null,"emcosMLID":null,"codMaketTEP":null,"codTEP":null,"WSName":"PS","rangeAddress":"$DK$99:$DK$135","headAddress":"$DK$99","bodyAddress":"$DK$100:$DK$135","_name":"СЧЕТЧИК"}},"emcosID":null,"emcosMLID":null,"codMaketTEP":null,"codTEP":null,"WSName":"PS","rangeAddress":"$DJ$98:$DK$135","headAddress":"$DJ$98:$DK$98","bodyAddress":"$DJ$99:$DK$135","_name":"прием"},"отдача":{"_level":1,"parentID":"bcfdd0fd-7ef7-4f5b-9905-31b68f1f284e","firstParentID":"a8d0a357-5917-4639-8f54-b8e1d5f147b9","ID":"54f1be3d-07bc-4fad-91c9-d69f091fde0a","childs":{"по счетчику":{"_level":2,"parentID":"54f1be3d-07bc-4fad-91c9-d69f091fde0a","firstParentID":"a8d0a357-5917-4639-8f54-b8e1d5f147b9","ID":"b93ecb2a-982c-4275-969f-702a5ee400cd","childs":null,"emcosID":null,"emcosMLID":null,"codMaketTEP":null,"codTEP":null,"WSName":"PS","rangeAddress":"$DL$99:$DL$135","headAddress":"$DL$99","bodyAddress":"$DL$100:$DL$135","_name":"по счетчику"},"СЧЕТЧИК":{"_level":2,"parentID":"54f1be3d-07bc-4fad-91c9-d69f091fde0a","firstParentID":"a8d0a357-5917-4639-8f54-b8e1d5f147b9","ID":"86d4386b-c1af-420a-b2ec-5e7d7c7be829","childs":null,"emcosID":null,"emcosMLID":null,"codMaketTEP":null,"codTEP":null,"WSName":"PS","rangeAddress":"$DM$99:$DM$135","headAddress":"$DM$99","bodyAddress":"$DM$100:$DM$135","_name":"СЧЕТЧИК"}},"emcosID":null,"emcosMLID":null,"codMaketTEP":null,"codTEP":null,"WSName":"PS","rangeAddress":"$DL$98:$DM$135","headAddress":"$DL$98:$DM$98","bodyAddress":"$DL$99:$DM$135","_name":"отдача"}},"emcosID":null,"emcosMLID":null,"codMaketTEP":null,"codTEP":null,"WSName":"PS","rangeAddress":"$DJ$97:$DM$135","headAddress":"$DJ$97:$DM$97","bodyAddress":"$DJ$98:$DM$135","_name":"КЛ84 ПС152 Талдыкорган"},"DB":{"_level":0,"parentID":"a8d0a357-5917-4639-8f54-b8e1d5f147b9","firstParentID":"a8d0a357-5917-4639-8f54-b8e1d5f147b9","ID":"c95a1738-f7fe-4288-9ec0-c186bb5feaae","childs":{"прием":{"_level":1,"parentID":"c95a1738-f7fe-4288-9ec0-c186bb5feaae","firstParentID":"a8d0a357-5917-4639-8f54-b8e1d5f147b9","ID":"aeb90423-e774-4c9d-a691-e3cb9d3af542","childs":{"код":{"_level":2,"parentID":"aeb90423-e774-4c9d-a691-e3cb9d3af542","firstParentID":"a8d0a357-5917-4639-8f54-b8e1d5f147b9","ID":"723bfd5d-ae30-4be2-9d60-9406f8e2b878","childs":null,"emcosID":null,"emcosMLID":null,"codMaketTEP":null,"codTEP":null,"WSName":"DB","rangeAddress":"$BC$267:$BC$304","headAddress":"$BC$267","bodyAddress":"$BC$268:$BC$304","_name":"код"},"основное":{"_level":2,"parentID":"aeb90423-e774-4c9d-a691-e3cb9d3af542","firstParentID":"a8d0a357-5917-4639-8f54-b8e1d5f147b9","ID":"ea6ffeeb-577e-4ac1-99e4-1985cacc9575","childs":null,"emcosID":null,"emcosMLID":null,"codMaketTEP":null,"codTEP":null,"WSName":"DB","rangeAddress":"$BD$267:$BD$304","headAddress":"$BD$267","bodyAddress":"$BD$268:$BD$304","_name":"основное"},"корректировка факт":{"_level":2,"parentID":"aeb90423-e774-4c9d-a691-e3cb9d3af542","firstParentID":"a8d0a357-5917-4639-8f54-b8e1d5f147b9","ID":"95c09557-e9b2-4cc3-a4c8-490e25e67d4a","childs":null,"emcosID":null,"emcosMLID":null,"codMaketTEP":null,"codTEP":null,"WSName":"DB","rangeAddress":"$BE$267:$BE$304","headAddress":"$BE$267","bodyAddress":"$BE$268:$BE$304","_name":"корректировка факт"},"ручное":{"_level":2,"parentID":"aeb90423-e774-4c9d-a691-e3cb9d3af542","firstParentID":"a8d0a357-5917-4639-8f54-b8e1d5f147b9","ID":"13671ebf-f28a-4d99-8678-f56171f2ceea","childs":null,"emcosID":null,"emcosMLID":null,"codMaketTEP":null,"codTEP":null,"WSName":"DB","rangeAddress":"$BF$267:$BF$304","headAddress":"$BF$267","bodyAddress":"$BF$268:$BF$304","_name":"ручное"},"оперативное":{"_level":2,"parentID":"aeb90423-e774-4c9d-a691-e3cb9d3af542","firstParentID":"a8d0a357-5917-4639-8f54-b8e1d5f147b9","ID":"6e38a52c-e5de-4494-a22c-ca46ecd98d6a","childs":null,"emcosID":null,"emcosMLID":null,"codMaketTEP":null,"codTEP":null,"WSName":"DB","rangeAddress":"$BG$267:$BG$304","headAddress":"$BG$267","bodyAddress":"$BG$268:$BG$304","_name":"оперативное"},"счетчик":{"_level":2,"parentID":"aeb90423-e774-4c9d-a691-e3cb9d3af542","firstParentID":"a8d0a357-5917-4639-8f54-b8e1d5f147b9","ID":"ef29cb9a-a433-409f-afb3-d803681c8e9f","childs":null,"emcosID":null,"emcosMLID":null,"codMaketTEP":null,"codTEP":null,"WSName":"DB","rangeAddress":"$BH$267:$BH$304","headAddress":"$BH$267","bodyAddress":"$BH$268:$BH$304","_name":"счетчик"},"по счетчику":{"_level":2,"parentID":"aeb90423-e774-4c9d-a691-e3cb9d3af542","firstParentID":"a8d0a357-5917-4639-8f54-b8e1d5f147b9","ID":"aae77ef2-71a5-418b-a3e5-0d998c049e44","childs":null,"emcosID":null,"emcosMLID":null,"codMaketTEP":null,"codTEP":null,"WSName":"DB","rangeAddress":"$BI$267:$BI$304","headAddress":"$BI$267","bodyAddress":"$BI$268:$BI$304","_name":"по счетчику"}},"emcosID":null,"emcosMLID":null,"codMaketTEP":null,"codTEP":null,"WSName":"DB","rangeAddress":"$BC$266:$BI$304","headAddress":"$BC$266:$BI$266","bodyAddress":"$BC$267:$BI$304","_name":"прием"},"отдача":{"_level":1,"parentID":"c95a1738-f7fe-4288-9ec0-c186bb5feaae","firstParentID":"a8d0a357-5917-4639-8f54-b8e1d5f147b9","ID":"f5794490-ea6f-4da5-827c-364a1bebcb9c","childs":{"код":{"_level":2,"parentID":"f5794490-ea6f-4da5-827c-364a1bebcb9c","firstParentID":"a8d0a357-5917-4639-8f54-b8e1d5f147b9","ID":"ab9690da-210e-4913-8385-37a593977c3c","childs":null,"emcosID":null,"emcosMLID":null,"codMaketTEP":null,"codTEP":null,"WSName":"DB","rangeAddress":"$BJ$267:$BJ$304","headAddress":"$BJ$267","bodyAddress":"$BJ$268:$BJ$304","_name":"код"},"основное":{"_level":2,"parentID":"f5794490-ea6f-4da5-827c-364a1bebcb9c","firstParentID":"a8d0a357-5917-4639-8f54-b8e1d5f147b9","ID":"aee24772-b529-4e3e-9c4c-bd3b132570ee","childs":null,"emcosID":null,"emcosMLID":null,"codMaketTEP":null,"codTEP":null,"WSName":"DB","rangeAddress":"$BK$267:$BK$304","headAddress":"$BK$267","bodyAddress":"$BK$268:$BK$304","_name":"основное"},"корректировка факт":{"_level":2,"parentID":"f5794490-ea6f-4da5-827c-364a1bebcb9c","firstParentID":"a8d0a357-5917-4639-8f54-b8e1d5f147b9","ID":"f3ddefeb-e38d-4bef-9f54-a3404647ae1b","childs":null,"emcosID":null,"emcosMLID":null,"codMaketTEP":null,"codTEP":null,"WSName":"DB","rangeAddress":"$BL$267:$BL$304","headAddress":"$BL$267","bodyAddress":"$BL$268:$BL$304","_name":"корректировка факт"},"ручное":{"_level":2,"parentID":"f5794490-ea6f-4da5-827c-364a1bebcb9c","firstParentID":"a8d0a357-5917-4639-8f54-b8e1d5f147b9","ID":"a035a270-b489-46e3-b354-98176837b5fb","childs":null,"emcosID":null,"emcosMLID":null,"codMaketTEP":null,"codTEP":null,"WSName":"DB","rangeAddress":"$BM$267:$BM$304","headAddress":"$BM$267","bodyAddress":"$BM$268:$BM$304","_name":"ручное"},"оперативное":{"_level":2,"parentID":"f5794490-ea6f-4da5-827c-364a1bebcb9c","firstParentID":"a8d0a357-5917-4639-8f54-b8e1d5f147b9","ID":"30571177-d039-4966-872e-8240d465fd26","childs":null,"emcosID":null,"emcosMLID":null,"codMaketTEP":null,"codTEP":null,"WSName":"DB","rangeAddress":"$BN$267:$BN$304","headAddress":"$BN$267","bodyAddress":"$BN$268:$BN$304","_name":"оперативное"},"счетчик":{"_level":2,"parentID":"f5794490-ea6f-4da5-827c-364a1bebcb9c","firstParentID":"a8d0a357-5917-4639-8f54-b8e1d5f147b9","ID":"07ae05cd-ec3a-4d07-8593-432669bae4b2","childs":null,"emcosID":null,"emcosMLID":null,"codMaketTEP":null,"codTEP":null,"WSName":"DB","rangeAddress":"$BO$267:$BO$304","headAddress":"$BO$267","bodyAddress":"$BO$268:$BO$304","_name":"счетчик"},"по счетчику":{"_level":2,"parentID":"f5794490-ea6f-4da5-827c-364a1bebcb9c","firstParentID":"a8d0a357-5917-4639-8f54-b8e1d5f147b9","ID":"ccb6a898-73b4-45ce-86cf-16ceaa04aed1","childs":null,"emcosID":null,"emcosMLID":null,"codMaketTEP":null,"codTEP":null,"WSName":"DB","rangeAddress":"$BP$267:$BP$304","headAddress":"$BP$267","bodyAddress":"$BP$268:$BP$304","_name":"по счетчику"}},"emcosID":null,"emcosMLID":null,"codMaketTEP":null,"codTEP":null,"WSName":"DB","rangeAddress":"$BJ$266:$BP$304","headAddress":"$BJ$266:$BP$266","bodyAddress":"$BJ$267:$BP$304","_name":"отдача"}},"emcosID":null,"emcosMLID":null,"codMaketTEP":null,"codTEP":null,"WSName":"DB","rangeAddress":"$BC$265:$BP$304","headAddress":"$BC$265:$BP$265","bodyAddress":"$BC$266:$BP$304","_name":"КЛ84 ПС152 Талдыкорган"}},"codPlan":null,"meterCoef":"6","_name":"КЛ84 ПС152 Талдыкорган"}