{"ID":"b6f46290-fb3e-43a1-ab49-e9cb76ea8109","childs":{"PS":{"_level":0,"parentID":"b6f46290-fb3e-43a1-ab49-e9cb76ea8109","firstParentID":"b6f46290-fb3e-43a1-ab49-e9cb76ea8109","ID":"06c950b9-d9d0-4d6a-b9fd-ed0ca425decf","childs":{"прием":{"_level":1,"parentID":"06c950b9-d9d0-4d6a-b9fd-ed0ca425decf","firstParentID":"b6f46290-fb3e-43a1-ab49-e9cb76ea8109","ID":"0cb39082-1e18-4e78-bba3-562582ef0837","childs":{"по счетчику":{"_level":2,"parentID":"0cb39082-1e18-4e78-bba3-562582ef0837","firstParentID":"b6f46290-fb3e-43a1-ab49-e9cb76ea8109","ID":"089d29a0-6712-41e1-b783-ebdc60523326","childs":null,"emcosID":null,"emcosMLID":null,"codMaketTEP":null,"codTEP":null,"WSName":"PS","rangeAddress":"$CR$185:$CR$221","headAddress":"$CR$185","bodyAddress":"$CR$186:$CR$221","_name":"по счетчику"}},"emcosID":null,"emcosMLID":null,"codMaketTEP":null,"codTEP":null,"WSName":"PS","rangeAddress":"$CR$184:$CR$221","headAddress":"$CR$184","bodyAddress":"$CR$185:$CR$221","_name":"прием"},"отдача":{"_level":1,"parentID":"06c950b9-d9d0-4d6a-b9fd-ed0ca425decf","firstParentID":"b6f46290-fb3e-43a1-ab49-e9cb76ea8109","ID":"648db4dd-4c43-4766-923d-34f14ca95e51","childs":{"по счетчику":{"_level":2,"parentID":"648db4dd-4c43-4766-923d-34f14ca95e51","firstParentID":"b6f46290-fb3e-43a1-ab49-e9cb76ea8109","ID":"29a521cf-b6ea-4785-acac-13855c0f0c49","childs":null,"emcosID":null,"emcosMLID":null,"codMaketTEP":null,"codTEP":null,"WSName":"PS","rangeAddress":"$CS$185:$CS$221","headAddress":"$CS$185","bodyAddress":"$CS$186:$CS$221","_name":"по счетчику"}},"emcosID":null,"emcosMLID":null,"codMaketTEP":null,"codTEP":null,"WSName":"PS","rangeAddress":"$CS$184:$CS$221","headAddress":"$CS$184","bodyAddress":"$CS$185:$CS$221","_name":"отдача"}},"emcosID":null,"emcosMLID":null,"codMaketTEP":null,"codTEP":null,"WSName":"PS","rangeAddress":"$CR$183:$CS$221","headAddress":"$CR$183:$CS$183","bodyAddress":"$CR$184:$CS$221","_name":"Т1 Eneverse Kunkuat СЭС Капшагай 100"},"DB":{"_level":0,"parentID":"b6f46290-fb3e-43a1-ab49-e9cb76ea8109","firstParentID":"b6f46290-fb3e-43a1-ab49-e9cb76ea8109","ID":"f0406db1-60ce-4d63-a63d-46f6fc431fc6","childs":{"прием":{"_level":1,"parentID":"f0406db1-60ce-4d63-a63d-46f6fc431fc6","firstParentID":"b6f46290-fb3e-43a1-ab49-e9cb76ea8109","ID":"94fb452b-6a26-43e3-be6b-f9a628d733b2","childs":{"код":{"_level":2,"parentID":"94fb452b-6a26-43e3-be6b-f9a628d733b2","firstParentID":"b6f46290-fb3e-43a1-ab49-e9cb76ea8109","ID":"bba933c2-5089-42a5-98d3-6b5917483b4b","childs":null,"emcosID":null,"emcosMLID":null,"codMaketTEP":null,"codTEP":null,"WSName":"DB","rangeAddress":"$O$482:$O$519","headAddress":"$O$482","bodyAddress":"$O$483:$O$519","_name":"код"},"основное":{"_level":2,"parentID":"94fb452b-6a26-43e3-be6b-f9a628d733b2","firstParentID":"b6f46290-fb3e-43a1-ab49-e9cb76ea8109","ID":"d7d1742f-8e1d-46b8-9954-6b9fea3fe8d3","childs":null,"emcosID":null,"emcosMLID":null,"codMaketTEP":null,"codTEP":null,"WSName":"DB","rangeAddress":"$P$482:$P$519","headAddress":"$P$482","bodyAddress":"$P$483:$P$519","_name":"основное"},"корректировка факт":{"_level":2,"parentID":"94fb452b-6a26-43e3-be6b-f9a628d733b2","firstParentID":"b6f46290-fb3e-43a1-ab49-e9cb76ea8109","ID":"8e56ea2a-def3-49c1-8ce6-e1518a6976be","childs":null,"emcosID":null,"emcosMLID":null,"codMaketTEP":null,"codTEP":null,"WSName":"DB","rangeAddress":"$Q$482:$Q$519","headAddress":"$Q$482","bodyAddress":"$Q$483:$Q$519","_name":"корректировка факт"},"ручное":{"_level":2,"parentID":"94fb452b-6a26-43e3-be6b-f9a628d733b2","firstParentID":"b6f46290-fb3e-43a1-ab49-e9cb76ea8109","ID":"84007b46-c3b2-4fdb-9921-c942a7c6628f","childs":null,"emcosID":null,"emcosMLID":null,"codMaketTEP":null,"codTEP":null,"WSName":"DB","rangeAddress":"$R$482:$R$519","headAddress":"$R$482","bodyAddress":"$R$483:$R$519","_name":"ручное"},"счетчик":{"_level":2,"parentID":"94fb452b-6a26-43e3-be6b-f9a628d733b2","firstParentID":"b6f46290-fb3e-43a1-ab49-e9cb76ea8109","ID":"0513a8c8-d86f-4857-8100-ee094689d54d","childs":null,"emcosID":null,"emcosMLID":null,"codMaketTEP":null,"codTEP":null,"WSName":"DB","rangeAddress":"$S$482:$S$519","headAddress":"$S$482","bodyAddress":"$S$483:$S$519","_name":"счетчик"},"по счетчику":{"_level":2,"parentID":"94fb452b-6a26-43e3-be6b-f9a628d733b2","firstParentID":"b6f46290-fb3e-43a1-ab49-e9cb76ea8109","ID":"6478173d-a63f-490e-aa70-d34e383b65a5","childs":null,"emcosID":null,"emcosMLID":null,"codMaketTEP":null,"codTEP":null,"WSName":"DB","rangeAddress":"$T$482:$T$519","headAddress":"$T$482","bodyAddress":"$T$483:$T$519","_name":"по счетчику"}},"emcosID":null,"emcosMLID":null,"codMaketTEP":null,"codTEP":null,"WSName":"DB","rangeAddress":"$O$481:$T$519","headAddress":"$O$481:$T$481","bodyAddress":"$O$482:$T$519","_name":"прием"},"отдача":{"_level":1,"parentID":"f0406db1-60ce-4d63-a63d-46f6fc431fc6","firstParentID":"b6f46290-fb3e-43a1-ab49-e9cb76ea8109","ID":"8eb50a90-dc01-4a2a-be17-e2a2a6c0c048","childs":{"код":{"_level":2,"parentID":"8eb50a90-dc01-4a2a-be17-e2a2a6c0c048","firstParentID":"b6f46290-fb3e-43a1-ab49-e9cb76ea8109","ID":"079cbf8a-8647-4ca6-ba56-ca71359793b2","childs":null,"emcosID":null,"emcosMLID":null,"codMaketTEP":null,"codTEP":null,"WSName":"DB","rangeAddress":"$U$482:$U$519","headAddress":"$U$482","bodyAddress":"$U$483:$U$519","_name":"код"},"основное":{"_level":2,"parentID":"8eb50a90-dc01-4a2a-be17-e2a2a6c0c048","firstParentID":"b6f46290-fb3e-43a1-ab49-e9cb76ea8109","ID":"e6adfc8f-7d38-4979-9a02-8174a21ee34c","childs":null,"emcosID":null,"emcosMLID":null,"codMaketTEP":null,"codTEP":null,"WSName":"DB","rangeAddress":"$V$482:$V$519","headAddress":"$V$482","bodyAddress":"$V$483:$V$519","_name":"основное"},"корректировка факт":{"_level":2,"parentID":"8eb50a90-dc01-4a2a-be17-e2a2a6c0c048","firstParentID":"b6f46290-fb3e-43a1-ab49-e9cb76ea8109","ID":"3442317c-d160-4833-b2ca-0c9c54de1df0","childs":null,"emcosID":null,"emcosMLID":null,"codMaketTEP":null,"codTEP":null,"WSName":"DB","rangeAddress":"$W$482:$W$519","headAddress":"$W$482","bodyAddress":"$W$483:$W$519","_name":"корректировка факт"},"ручное":{"_level":2,"parentID":"8eb50a90-dc01-4a2a-be17-e2a2a6c0c048","firstParentID":"b6f46290-fb3e-43a1-ab49-e9cb76ea8109","ID":"6e9d0544-94ea-45e9-8135-505cc57411b0","childs":null,"emcosID":null,"emcosMLID":null,"codMaketTEP":null,"codTEP":null,"WSName":"DB","rangeAddress":"$X$482:$X$519","headAddress":"$X$482","bodyAddress":"$X$483:$X$519","_name":"ручное"},"счетчик":{"_level":2,"parentID":"8eb50a90-dc01-4a2a-be17-e2a2a6c0c048","firstParentID":"b6f46290-fb3e-43a1-ab49-e9cb76ea8109","ID":"824f4283-ccc9-4efa-8f9f-3e9107163ad1","childs":null,"emcosID":null,"emcosMLID":null,"codMaketTEP":null,"codTEP":null,"WSName":"DB","rangeAddress":"$Y$482:$Y$519","headAddress":"$Y$482","bodyAddress":"$Y$483:$Y$519","_name":"счетчик"},"по счетчику":{"_level":2,"parentID":"8eb50a90-dc01-4a2a-be17-e2a2a6c0c048","firstParentID":"b6f46290-fb3e-43a1-ab49-e9cb76ea8109","ID":"bcb8b68e-b087-4eed-a616-3257f912a0f4","childs":null,"emcosID":null,"emcosMLID":null,"codMaketTEP":null,"codTEP":null,"WSName":"DB","rangeAddress":"$Z$482:$Z$519","headAddress":"$Z$482","bodyAddress":"$Z$483:$Z$519","_name":"по счетчику"}},"emcosID":null,"emcosMLID":null,"codMaketTEP":null,"codTEP":null,"WSName":"DB","rangeAddress":"$U$481:$Z$519","headAddress":"$U$481:$Z$481","bodyAddress":"$U$482:$Z$519","_name":"отдача"}},"emcosID":null,"emcosMLID":null,"codMaketTEP":null,"codTEP":null,"WSName":"DB","rangeAddress":"$O$480:$Z$519","headAddress":"$O$480:$Z$480","bodyAddress":"$O$481:$Z$519","_name":"Т1 Eneverse Kunkuat СЭС Капшагай 100"}},"codPlan":null,"meterCoef":"264","_name":"Т1 Eneverse Kunkuat СЭС Капшагай 100"}