{"ID":"b82a0c08-fb6c-43eb-aacc-223460a233e7","childs":{"PS":{"_level":0,"parentID":"b82a0c08-fb6c-43eb-aacc-223460a233e7","firstParentID":"b82a0c08-fb6c-43eb-aacc-223460a233e7","ID":"e9c73b26-d8e6-4c24-bd84-f32081890088","childs":{"прием":{"_level":1,"parentID":"e9c73b26-d8e6-4c24-bd84-f32081890088","firstParentID":"b82a0c08-fb6c-43eb-aacc-223460a233e7","ID":"a7d99223-ff8d-460b-a439-5ea6be0f19ba","childs":{"оперативное":{"_level":2,"parentID":"a7d99223-ff8d-460b-a439-5ea6be0f19ba","firstParentID":"b82a0c08-fb6c-43eb-aacc-223460a233e7","ID":"03a367fd-dab1-4e87-bffe-f0627db1f6ad","childs":null,"emcosID":null,"emcosMLID":null,"codMaketTEP":null,"codTEP":null,"WSName":"PS","rangeAddress":"$LS$99:$LS$135","headAddress":"$LS$99","bodyAddress":"$LS$100:$LS$135","_name":"оперативное"}},"emcosID":null,"emcosMLID":null,"codMaketTEP":null,"codTEP":null,"WSName":"PS","rangeAddress":"$LS$98:$LS$135","headAddress":"$LS$98","bodyAddress":"$LS$99:$LS$135","_name":"прием"},"отдача":{"_level":1,"parentID":"e9c73b26-d8e6-4c24-bd84-f32081890088","firstParentID":"b82a0c08-fb6c-43eb-aacc-223460a233e7","ID":"09939198-8e15-4d4e-bde7-30f04802de4d","childs":{"оперативное":{"_level":2,"parentID":"09939198-8e15-4d4e-bde7-30f04802de4d","firstParentID":"b82a0c08-fb6c-43eb-aacc-223460a233e7","ID":"73294648-b077-429c-8cfd-7681a061cca2","childs":null,"emcosID":null,"emcosMLID":null,"codMaketTEP":null,"codTEP":null,"WSName":"PS","rangeAddress":"$LT$99:$LT$135","headAddress":"$LT$99","bodyAddress":"$LT$100:$LT$135","_name":"оперативное"}},"emcosID":null,"emcosMLID":null,"codMaketTEP":null,"codTEP":null,"WSName":"PS","rangeAddress":"$LT$98:$LT$135","headAddress":"$LT$98","bodyAddress":"$LT$99:$LT$135","_name":"отдача"}},"emcosID":null,"emcosMLID":null,"codMaketTEP":null,"codTEP":null,"WSName":"PS","rangeAddress":"$LS$97:$LT$135","headAddress":"$LS$97:$LT$97","bodyAddress":"$LS$98:$LT$135","_name":"АТ1 Шелек 68И"},"DB":{"_level":0,"parentID":"b82a0c08-fb6c-43eb-aacc-223460a233e7","firstParentID":"b82a0c08-fb6c-43eb-aacc-223460a233e7","ID":"4b3e073f-ae5e-4b28-be2b-439e7ab2eb6c","childs":{"прием":{"_level":1,"parentID":"4b3e073f-ae5e-4b28-be2b-439e7ab2eb6c","firstParentID":"b82a0c08-fb6c-43eb-aacc-223460a233e7","ID":"e72d69bd-9e2b-4d12-b288-6eccddc135dc","childs":{"код":{"_level":2,"parentID":"e72d69bd-9e2b-4d12-b288-6eccddc135dc","firstParentID":"b82a0c08-fb6c-43eb-aacc-223460a233e7","ID":"752c3fb9-8a34-42c5-9a23-a567b17625fb","childs":null,"emcosID":null,"emcosMLID":null,"codMaketTEP":null,"codTEP":null,"WSName":"DB","rangeAddress":"$M$310:$M$347","headAddress":"$M$310","bodyAddress":"$M$311:$M$347","_name":"код"},"основное":{"_level":2,"parentID":"e72d69bd-9e2b-4d12-b288-6eccddc135dc","firstParentID":"b82a0c08-fb6c-43eb-aacc-223460a233e7","ID":"7b669aa6-d93c-496e-8b30-7d073bb2398f","childs":null,"emcosID":null,"emcosMLID":null,"codMaketTEP":null,"codTEP":null,"WSName":"DB","rangeAddress":"$N$310:$N$347","headAddress":"$N$310","bodyAddress":"$N$311:$N$347","_name":"основное"},"корректировка факт":{"_level":2,"parentID":"e72d69bd-9e2b-4d12-b288-6eccddc135dc","firstParentID":"b82a0c08-fb6c-43eb-aacc-223460a233e7","ID":"680d80ac-7b78-424b-b16e-a10a66c87e7b","childs":null,"emcosID":null,"emcosMLID":null,"codMaketTEP":null,"codTEP":null,"WSName":"DB","rangeAddress":"$O$310:$O$347","headAddress":"$O$310","bodyAddress":"$O$311:$O$347","_name":"корректировка факт"},"ручное":{"_level":2,"parentID":"e72d69bd-9e2b-4d12-b288-6eccddc135dc","firstParentID":"b82a0c08-fb6c-43eb-aacc-223460a233e7","ID":"fec35c39-a951-42e1-a5cd-be34563b8649","childs":null,"emcosID":null,"emcosMLID":null,"codMaketTEP":null,"codTEP":null,"WSName":"DB","rangeAddress":"$P$310:$P$347","headAddress":"$P$310","bodyAddress":"$P$311:$P$347","_name":"ручное"},"оперативное":{"_level":2,"parentID":"e72d69bd-9e2b-4d12-b288-6eccddc135dc","firstParentID":"b82a0c08-fb6c-43eb-aacc-223460a233e7","ID":"d13c4ee5-b3be-45d7-b47b-abfc296edbfc","childs":null,"emcosID":null,"emcosMLID":null,"codMaketTEP":null,"codTEP":null,"WSName":"DB","rangeAddress":"$Q$310:$Q$347","headAddress":"$Q$310","bodyAddress":"$Q$311:$Q$347","_name":"оперативное"}},"emcosID":null,"emcosMLID":null,"codMaketTEP":null,"codTEP":null,"WSName":"DB","rangeAddress":"$M$309:$Q$347","headAddress":"$M$309:$Q$309","bodyAddress":"$M$310:$Q$347","_name":"прием"},"отдача":{"_level":1,"parentID":"4b3e073f-ae5e-4b28-be2b-439e7ab2eb6c","firstParentID":"b82a0c08-fb6c-43eb-aacc-223460a233e7","ID":"526d7566-e99c-479b-bbdf-2b8c334d9d03","childs":{"код":{"_level":2,"parentID":"526d7566-e99c-479b-bbdf-2b8c334d9d03","firstParentID":"b82a0c08-fb6c-43eb-aacc-223460a233e7","ID":"09ca3328-e7da-4fce-ac10-5965587cbc56","childs":null,"emcosID":null,"emcosMLID":null,"codMaketTEP":null,"codTEP":null,"WSName":"DB","rangeAddress":"$R$310:$R$347","headAddress":"$R$310","bodyAddress":"$R$311:$R$347","_name":"код"},"основное":{"_level":2,"parentID":"526d7566-e99c-479b-bbdf-2b8c334d9d03","firstParentID":"b82a0c08-fb6c-43eb-aacc-223460a233e7","ID":"6b665fd7-e751-4443-8b5f-0ddccb7bc74a","childs":null,"emcosID":null,"emcosMLID":null,"codMaketTEP":null,"codTEP":null,"WSName":"DB","rangeAddress":"$S$310:$S$347","headAddress":"$S$310","bodyAddress":"$S$311:$S$347","_name":"основное"},"корректировка факт":{"_level":2,"parentID":"526d7566-e99c-479b-bbdf-2b8c334d9d03","firstParentID":"b82a0c08-fb6c-43eb-aacc-223460a233e7","ID":"c556ac86-fac3-4630-a7ed-fa46f92962d6","childs":null,"emcosID":null,"emcosMLID":null,"codMaketTEP":null,"codTEP":null,"WSName":"DB","rangeAddress":"$T$310:$T$347","headAddress":"$T$310","bodyAddress":"$T$311:$T$347","_name":"корректировка факт"},"ручное":{"_level":2,"parentID":"526d7566-e99c-479b-bbdf-2b8c334d9d03","firstParentID":"b82a0c08-fb6c-43eb-aacc-223460a233e7","ID":"c4036a58-148f-4198-8c7e-11de0230bcef","childs":null,"emcosID":null,"emcosMLID":null,"codMaketTEP":null,"codTEP":null,"WSName":"DB","rangeAddress":"$U$310:$U$347","headAddress":"$U$310","bodyAddress":"$U$311:$U$347","_name":"ручное"},"оперативное":{"_level":2,"parentID":"526d7566-e99c-479b-bbdf-2b8c334d9d03","firstParentID":"b82a0c08-fb6c-43eb-aacc-223460a233e7","ID":"a6970e7e-423f-4b45-b314-8eb1e76ad148","childs":null,"emcosID":null,"emcosMLID":null,"codMaketTEP":null,"codTEP":null,"WSName":"DB","rangeAddress":"$V$310:$V$347","headAddress":"$V$310","bodyAddress":"$V$311:$V$347","_name":"оперативное"}},"emcosID":null,"emcosMLID":null,"codMaketTEP":null,"codTEP":null,"WSName":"DB","rangeAddress":"$R$309:$V$347","headAddress":"$R$309:$V$309","bodyAddress":"$R$310:$V$347","_name":"отдача"}},"emcosID":null,"emcosMLID":null,"codMaketTEP":null,"codTEP":null,"WSName":"DB","rangeAddress":"$M$308:$V$347","headAddress":"$M$308:$V$308","bodyAddress":"$M$309:$V$347","_name":"АТ1 Шелек 68И"}},"codPlan":null,"meterCoef":null,"_name":"АТ1 Шелек 68И"}