{"ID":"b859414a-0d45-4726-9011-7ad0583db0e9","childs":{"PS":{"_level":0,"parentID":"b859414a-0d45-4726-9011-7ad0583db0e9","firstParentID":"b859414a-0d45-4726-9011-7ad0583db0e9","ID":"8a9809be-6cfe-4f2d-ae3f-07e220c5620d","childs":{"прием":{"_level":1,"parentID":"8a9809be-6cfe-4f2d-ae3f-07e220c5620d","firstParentID":"b859414a-0d45-4726-9011-7ad0583db0e9","ID":"f6f546c7-bf6c-44c3-b36e-4916dbc3ae7a","childs":{"оперативное":{"_level":2,"parentID":"f6f546c7-bf6c-44c3-b36e-4916dbc3ae7a","firstParentID":"b859414a-0d45-4726-9011-7ad0583db0e9","ID":"db33cbe7-3db5-47a8-b01f-cff8fe978867","childs":null,"emcosID":null,"emcosMLID":null,"codMaketTEP":null,"codTEP":null,"WSName":"PS","rangeAddress":"$CD$185:$CD$221","headAddress":"$CD$185","bodyAddress":"$CD$186:$CD$221","_name":"оперативное"}},"emcosID":null,"emcosMLID":null,"codMaketTEP":null,"codTEP":null,"WSName":"PS","rangeAddress":"$CD$184:$CD$221","headAddress":"$CD$184","bodyAddress":"$CD$185:$CD$221","_name":"прием"}},"emcosID":null,"emcosMLID":null,"codMaketTEP":null,"codTEP":null,"WSName":"PS","rangeAddress":"$CD$183:$CD$221","headAddress":"$CD$183","bodyAddress":"$CD$184:$CD$221","_name":"с.н. Капчагайской ГЭС АлЭС"},"DB":{"_level":0,"parentID":"b859414a-0d45-4726-9011-7ad0583db0e9","firstParentID":"b859414a-0d45-4726-9011-7ad0583db0e9","ID":"397751c1-d98f-4c5b-ad4c-14a502451523","childs":{"прием":{"_level":1,"parentID":"397751c1-d98f-4c5b-ad4c-14a502451523","firstParentID":"b859414a-0d45-4726-9011-7ad0583db0e9","ID":"018051df-29ba-48f8-9878-c53c47212747","childs":{"код":{"_level":2,"parentID":"018051df-29ba-48f8-9878-c53c47212747","firstParentID":"b859414a-0d45-4726-9011-7ad0583db0e9","ID":"76c1b70b-5d51-46f6-9239-426af5375e60","childs":null,"emcosID":null,"emcosMLID":null,"codMaketTEP":null,"codTEP":null,"WSName":"DB","rangeAddress":"$AM$482:$AM$519","headAddress":"$AM$482","bodyAddress":"$AM$483:$AM$519","_name":"код"},"основное":{"_level":2,"parentID":"018051df-29ba-48f8-9878-c53c47212747","firstParentID":"b859414a-0d45-4726-9011-7ad0583db0e9","ID":"b4d24014-f929-43fe-a510-3e582e060a12","childs":null,"emcosID":null,"emcosMLID":null,"codMaketTEP":null,"codTEP":null,"WSName":"DB","rangeAddress":"$AN$482:$AN$519","headAddress":"$AN$482","bodyAddress":"$AN$483:$AN$519","_name":"основное"},"корректировка факт":{"_level":2,"parentID":"018051df-29ba-48f8-9878-c53c47212747","firstParentID":"b859414a-0d45-4726-9011-7ad0583db0e9","ID":"f0084f96-a504-4803-9ca7-f3423a52e34a","childs":null,"emcosID":null,"emcosMLID":null,"codMaketTEP":null,"codTEP":null,"WSName":"DB","rangeAddress":"$AO$482:$AO$519","headAddress":"$AO$482","bodyAddress":"$AO$483:$AO$519","_name":"корректировка факт"},"ручное":{"_level":2,"parentID":"018051df-29ba-48f8-9878-c53c47212747","firstParentID":"b859414a-0d45-4726-9011-7ad0583db0e9","ID":"557e8ba7-26bd-4488-b6c3-5d97265ce107","childs":null,"emcosID":null,"emcosMLID":null,"codMaketTEP":null,"codTEP":null,"WSName":"DB","rangeAddress":"$AP$482:$AP$519","headAddress":"$AP$482","bodyAddress":"$AP$483:$AP$519","_name":"ручное"},"оперативное":{"_level":2,"parentID":"018051df-29ba-48f8-9878-c53c47212747","firstParentID":"b859414a-0d45-4726-9011-7ad0583db0e9","ID":"a61f8d4c-68a4-489e-a2cd-1031c844cdde","childs":null,"emcosID":null,"emcosMLID":null,"codMaketTEP":null,"codTEP":null,"WSName":"DB","rangeAddress":"$AQ$482:$AQ$519","headAddress":"$AQ$482","bodyAddress":"$AQ$483:$AQ$519","_name":"оперативное"}},"emcosID":null,"emcosMLID":null,"codMaketTEP":null,"codTEP":null,"WSName":"DB","rangeAddress":"$AM$481:$AQ$519","headAddress":"$AM$481:$AQ$481","bodyAddress":"$AM$482:$AQ$519","_name":"прием"}},"emcosID":null,"emcosMLID":null,"codMaketTEP":null,"codTEP":null,"WSName":"DB","rangeAddress":"$AM$480:$AQ$519","headAddress":"$AM$480:$AQ$480","bodyAddress":"$AM$481:$AQ$519","_name":"с.н. Капчагайской ГЭС АлЭС"}},"codPlan":null,"meterCoef":null,"_name":"с.н. Капчагайской ГЭС АлЭС"}