{"ID":"ba2c3c82-f2d9-4038-8de6-69ae7acc8f29","childs":{"PS":{"_level":0,"parentID":"ba2c3c82-f2d9-4038-8de6-69ae7acc8f29","firstParentID":"ba2c3c82-f2d9-4038-8de6-69ae7acc8f29","ID":"33a3baae-e35e-4cbf-a7eb-9517436518c8","childs":{"прием":{"_level":1,"parentID":"33a3baae-e35e-4cbf-a7eb-9517436518c8","firstParentID":"ba2c3c82-f2d9-4038-8de6-69ae7acc8f29","ID":"219709f0-77b5-4089-a1f5-6de8e93c1759","childs":{"ручное":{"_level":2,"parentID":"219709f0-77b5-4089-a1f5-6de8e93c1759","firstParentID":"ba2c3c82-f2d9-4038-8de6-69ae7acc8f29","ID":"2e20f906-1837-4f38-9b72-4f13b467c34c","childs":null,"emcosID":null,"emcosMLID":null,"codMaketTEP":null,"codTEP":null,"WSName":"PS","rangeAddress":"$D$228:$D$264","headAddress":"$D$228","bodyAddress":"$D$229:$D$264","_name":"ручное"}},"emcosID":null,"emcosMLID":null,"codMaketTEP":null,"codTEP":null,"WSName":"PS","rangeAddress":"$D$227:$D$264","headAddress":"$D$227","bodyAddress":"$D$228:$D$264","_name":"прием"}},"emcosID":null,"emcosMLID":null,"codMaketTEP":null,"codTEP":null,"WSName":"PS","rangeAddress":"$D$226:$D$264","headAddress":"$D$226","bodyAddress":"$D$227:$D$264","_name":"От ТЭК ТАТЭК"},"DB":{"_level":0,"parentID":"ba2c3c82-f2d9-4038-8de6-69ae7acc8f29","firstParentID":"ba2c3c82-f2d9-4038-8de6-69ae7acc8f29","ID":"989a98e3-a35c-4383-a7bf-2efd79c9a12b","childs":{"прием":{"_level":1,"parentID":"989a98e3-a35c-4383-a7bf-2efd79c9a12b","firstParentID":"ba2c3c82-f2d9-4038-8de6-69ae7acc8f29","ID":"20797efc-c403-479a-8a3c-60b397d75ca9","childs":{"код":{"_level":2,"parentID":"20797efc-c403-479a-8a3c-60b397d75ca9","firstParentID":"ba2c3c82-f2d9-4038-8de6-69ae7acc8f29","ID":"f95d8d6f-090d-48fa-90b3-f22b0e3b0ec7","childs":null,"emcosID":null,"emcosMLID":null,"codMaketTEP":null,"codTEP":null,"WSName":"DB","rangeAddress":"$DG$224:$DG$261","headAddress":"$DG$224","bodyAddress":"$DG$225:$DG$261","_name":"код"},"основное":{"_level":2,"parentID":"20797efc-c403-479a-8a3c-60b397d75ca9","firstParentID":"ba2c3c82-f2d9-4038-8de6-69ae7acc8f29","ID":"8274b1d7-686e-44b1-9943-57595d6c1b3e","childs":null,"emcosID":null,"emcosMLID":null,"codMaketTEP":null,"codTEP":null,"WSName":"DB","rangeAddress":"$DH$224:$DH$261","headAddress":"$DH$224","bodyAddress":"$DH$225:$DH$261","_name":"основное"},"корректировка факт":{"_level":2,"parentID":"20797efc-c403-479a-8a3c-60b397d75ca9","firstParentID":"ba2c3c82-f2d9-4038-8de6-69ae7acc8f29","ID":"835e90d6-78e1-4485-bd6a-d181fd7717d8","childs":null,"emcosID":null,"emcosMLID":null,"codMaketTEP":null,"codTEP":null,"WSName":"DB","rangeAddress":"$DI$224:$DI$261","headAddress":"$DI$224","bodyAddress":"$DI$225:$DI$261","_name":"корректировка факт"},"ручное":{"_level":2,"parentID":"20797efc-c403-479a-8a3c-60b397d75ca9","firstParentID":"ba2c3c82-f2d9-4038-8de6-69ae7acc8f29","ID":"a21dd5c4-fb8b-4462-81d2-666f5809e94a","childs":null,"emcosID":null,"emcosMLID":null,"codMaketTEP":null,"codTEP":null,"WSName":"DB","rangeAddress":"$DJ$224:$DJ$261","headAddress":"$DJ$224","bodyAddress":"$DJ$225:$DJ$261","_name":"ручное"}},"emcosID":null,"emcosMLID":null,"codMaketTEP":null,"codTEP":null,"WSName":"DB","rangeAddress":"$DG$223:$DJ$261","headAddress":"$DG$223:$DJ$223","bodyAddress":"$DG$224:$DJ$261","_name":"прием"}},"emcosID":null,"emcosMLID":null,"codMaketTEP":null,"codTEP":null,"WSName":"DB","rangeAddress":"$DG$222:$DJ$261","headAddress":"$DG$222:$DJ$222","bodyAddress":"$DG$223:$DJ$261","_name":"От ТЭК ТАТЭК"}},"codPlan":null,"meterCoef":null,"_name":"От ТЭК ТАТЭК"}