{"ID":"bc51ceb3-8526-48c5-b3c5-32f24720d60d","childs":{"PS":{"_level":0,"parentID":"bc51ceb3-8526-48c5-b3c5-32f24720d60d","firstParentID":"bc51ceb3-8526-48c5-b3c5-32f24720d60d","ID":"86e1d9bb-ae1d-4aea-bc4e-074dd2d66ec2","childs":{"отдача":{"_level":1,"parentID":"86e1d9bb-ae1d-4aea-bc4e-074dd2d66ec2","firstParentID":"bc51ceb3-8526-48c5-b3c5-32f24720d60d","ID":"2d46fe98-11cd-415a-bd02-a2df9192bca7","childs":{"формула":{"_level":2,"parentID":"2d46fe98-11cd-415a-bd02-a2df9192bca7","firstParentID":"bc51ceb3-8526-48c5-b3c5-32f24720d60d","ID":"9472ddcd-8c0b-434d-b2aa-54cbb55c49d1","childs":null,"emcosID":null,"emcosMLID":null,"codMaketTEP":null,"codTEP":null,"WSName":"PS","rangeAddress":"$W$13:$W$49","headAddress":"$W$13","bodyAddress":"$W$14:$W$49","_name":"формула"}},"emcosID":null,"emcosMLID":null,"codMaketTEP":null,"codTEP":null,"WSName":"PS","rangeAddress":"$W$12:$W$49","headAddress":"$W$12","bodyAddress":"$W$13:$W$49","_name":"отдача"}},"emcosID":null,"emcosMLID":null,"codMaketTEP":null,"codTEP":null,"WSName":"PS","rangeAddress":"$W$11:$W$49","headAddress":"$W$11","bodyAddress":"$W$12:$W$49","_name":"Генерация в границах АЖК Общее"},"DB":{"_level":0,"parentID":"bc51ceb3-8526-48c5-b3c5-32f24720d60d","firstParentID":"bc51ceb3-8526-48c5-b3c5-32f24720d60d","ID":"4fad90b5-c7e7-4f4b-a2e7-47dd5c44df27","childs":{"отдача":{"_level":1,"parentID":"4fad90b5-c7e7-4f4b-a2e7-47dd5c44df27","firstParentID":"bc51ceb3-8526-48c5-b3c5-32f24720d60d","ID":"97d32e28-dafe-4a79-b118-f9ecea389e5c","childs":{"код":{"_level":2,"parentID":"97d32e28-dafe-4a79-b118-f9ecea389e5c","firstParentID":"bc51ceb3-8526-48c5-b3c5-32f24720d60d","ID":"d066a891-4494-4b49-8b52-ad8919932c90","childs":null,"emcosID":null,"emcosMLID":null,"codMaketTEP":null,"codTEP":null,"WSName":"DB","rangeAddress":"$DB$138:$DB$175","headAddress":"$DB$138","bodyAddress":"$DB$139:$DB$175","_name":"код"},"основное":{"_level":2,"parentID":"97d32e28-dafe-4a79-b118-f9ecea389e5c","firstParentID":"bc51ceb3-8526-48c5-b3c5-32f24720d60d","ID":"6fc116a9-a3ed-4c66-9639-54477fa14729","childs":null,"emcosID":null,"emcosMLID":null,"codMaketTEP":null,"codTEP":null,"WSName":"DB","rangeAddress":"$DC$138:$DC$175","headAddress":"$DC$138","bodyAddress":"$DC$139:$DC$175","_name":"основное"},"корректировка факт":{"_level":2,"parentID":"97d32e28-dafe-4a79-b118-f9ecea389e5c","firstParentID":"bc51ceb3-8526-48c5-b3c5-32f24720d60d","ID":"ec94c440-1ce9-419c-bc87-51b744e1b1dc","childs":null,"emcosID":null,"emcosMLID":null,"codMaketTEP":null,"codTEP":null,"WSName":"DB","rangeAddress":"$DD$138:$DD$175","headAddress":"$DD$138","bodyAddress":"$DD$139:$DD$175","_name":"корректировка факт"},"ручное":{"_level":2,"parentID":"97d32e28-dafe-4a79-b118-f9ecea389e5c","firstParentID":"bc51ceb3-8526-48c5-b3c5-32f24720d60d","ID":"0dcdd92f-d04e-4020-8486-0a26b5cdfa69","childs":null,"emcosID":null,"emcosMLID":null,"codMaketTEP":null,"codTEP":null,"WSName":"DB","rangeAddress":"$DE$138:$DE$175","headAddress":"$DE$138","bodyAddress":"$DE$139:$DE$175","_name":"ручное"},"формула":{"_level":2,"parentID":"97d32e28-dafe-4a79-b118-f9ecea389e5c","firstParentID":"bc51ceb3-8526-48c5-b3c5-32f24720d60d","ID":"bef0bf09-d0be-465d-8bb5-69e27f0c8d55","childs":null,"emcosID":null,"emcosMLID":null,"codMaketTEP":null,"codTEP":null,"WSName":"DB","rangeAddress":"$DF$138:$DF$175","headAddress":"$DF$138","bodyAddress":"$DF$139:$DF$175","_name":"формула"}},"emcosID":null,"emcosMLID":null,"codMaketTEP":null,"codTEP":null,"WSName":"DB","rangeAddress":"$DB$137:$DF$175","headAddress":"$DB$137:$DF$137","bodyAddress":"$DB$138:$DF$175","_name":"отдача"}},"emcosID":null,"emcosMLID":null,"codMaketTEP":null,"codTEP":null,"WSName":"DB","rangeAddress":"$DB$136:$DF$175","headAddress":"$DB$136:$DF$136","bodyAddress":"$DB$137:$DF$175","_name":"Генерация в границах АЖК Общее"}},"codPlan":null,"meterCoef":null,"_name":"Генерация в границах АЖК Общее"}