{"ID":"bd37605b-2521-491b-9738-0efbe4dc226b","childs":{"PS":{"_level":0,"parentID":"bd37605b-2521-491b-9738-0efbe4dc226b","firstParentID":"bd37605b-2521-491b-9738-0efbe4dc226b","ID":"163c6163-e8a1-4325-957a-af317e8a890a","childs":{"отдача":{"_level":1,"parentID":"163c6163-e8a1-4325-957a-af317e8a890a","firstParentID":"bd37605b-2521-491b-9738-0efbe4dc226b","ID":"811d8e78-ce23-4d6f-b8b6-cb6078e8b047","childs":{"оперативное":{"_level":2,"parentID":"811d8e78-ce23-4d6f-b8b6-cb6078e8b047","firstParentID":"bd37605b-2521-491b-9738-0efbe4dc226b","ID":"e43e02b5-682e-4f2e-ac92-6ed171f3638c","childs":null,"emcosID":null,"emcosMLID":null,"codMaketTEP":null,"codTEP":null,"WSName":"PS","rangeAddress":"$CR$185:$CR$221","headAddress":"$CR$185","bodyAddress":"$CR$186:$CR$221","_name":"оперативное"}},"emcosID":null,"emcosMLID":null,"codMaketTEP":null,"codTEP":null,"WSName":"PS","rangeAddress":"$CR$184:$CR$221","headAddress":"$CR$184","bodyAddress":"$CR$185:$CR$221","_name":"отдача"}},"emcosID":null,"emcosMLID":null,"codMaketTEP":null,"codTEP":null,"WSName":"PS","rangeAddress":"$CR$183:$CR$221","headAddress":"$CR$183","bodyAddress":"$CR$184:$CR$221","_name":"Генерация ВЭС Алатау КапшагайСоларПарк"},"DB":{"_level":0,"parentID":"bd37605b-2521-491b-9738-0efbe4dc226b","firstParentID":"bd37605b-2521-491b-9738-0efbe4dc226b","ID":"332569f3-6730-49a1-9219-8f35a393fc34","childs":{"отдача":{"_level":1,"parentID":"332569f3-6730-49a1-9219-8f35a393fc34","firstParentID":"bd37605b-2521-491b-9738-0efbe4dc226b","ID":"3d00f17a-e73f-4f21-925d-0c4c509dff3b","childs":{"код":{"_level":2,"parentID":"3d00f17a-e73f-4f21-925d-0c4c509dff3b","firstParentID":"bd37605b-2521-491b-9738-0efbe4dc226b","ID":"af1cf1b2-3e5c-43f2-8726-ff64e49f65ac","childs":null,"emcosID":null,"emcosMLID":null,"codMaketTEP":null,"codTEP":null,"WSName":"DB","rangeAddress":"$CZ$482:$CZ$519","headAddress":"$CZ$482","bodyAddress":"$CZ$483:$CZ$519","_name":"код"},"основное":{"_level":2,"parentID":"3d00f17a-e73f-4f21-925d-0c4c509dff3b","firstParentID":"bd37605b-2521-491b-9738-0efbe4dc226b","ID":"09de9463-3d8e-44c7-94bb-2e01677f02af","childs":null,"emcosID":null,"emcosMLID":null,"codMaketTEP":null,"codTEP":null,"WSName":"DB","rangeAddress":"$DA$482:$DA$519","headAddress":"$DA$482","bodyAddress":"$DA$483:$DA$519","_name":"основное"},"корректировка факт":{"_level":2,"parentID":"3d00f17a-e73f-4f21-925d-0c4c509dff3b","firstParentID":"bd37605b-2521-491b-9738-0efbe4dc226b","ID":"f104c55f-ce7d-41e7-9717-363245756253","childs":null,"emcosID":null,"emcosMLID":null,"codMaketTEP":null,"codTEP":null,"WSName":"DB","rangeAddress":"$DB$482:$DB$519","headAddress":"$DB$482","bodyAddress":"$DB$483:$DB$519","_name":"корректировка факт"},"ручное":{"_level":2,"parentID":"3d00f17a-e73f-4f21-925d-0c4c509dff3b","firstParentID":"bd37605b-2521-491b-9738-0efbe4dc226b","ID":"a55d5903-4d5e-4ed9-9bf5-4ae3d24dcd3a","childs":null,"emcosID":null,"emcosMLID":null,"codMaketTEP":null,"codTEP":null,"WSName":"DB","rangeAddress":"$DC$482:$DC$519","headAddress":"$DC$482","bodyAddress":"$DC$483:$DC$519","_name":"ручное"},"оперативное":{"_level":2,"parentID":"3d00f17a-e73f-4f21-925d-0c4c509dff3b","firstParentID":"bd37605b-2521-491b-9738-0efbe4dc226b","ID":"01df0887-f7cf-47e4-b4e2-d435f8bc9803","childs":null,"emcosID":null,"emcosMLID":null,"codMaketTEP":null,"codTEP":null,"WSName":"DB","rangeAddress":"$DD$482:$DD$519","headAddress":"$DD$482","bodyAddress":"$DD$483:$DD$519","_name":"оперативное"}},"emcosID":null,"emcosMLID":null,"codMaketTEP":null,"codTEP":null,"WSName":"DB","rangeAddress":"$CZ$481:$DD$519","headAddress":"$CZ$481:$DD$481","bodyAddress":"$CZ$482:$DD$519","_name":"отдача"}},"emcosID":null,"emcosMLID":null,"codMaketTEP":null,"codTEP":null,"WSName":"DB","rangeAddress":"$CZ$480:$DD$519","headAddress":"$CZ$480:$DD$480","bodyAddress":"$CZ$481:$DD$519","_name":"Генерация ВЭС Алатау КапшагайСоларПарк"}},"codPlan":null,"meterCoef":null,"_name":"Генерация ВЭС Алатау КапшагайСоларПарк"}