{"ID":"bea9cc18-7619-48ad-915a-0f5d94bf2f12","childs":{"PS":{"_level":0,"parentID":"bea9cc18-7619-48ad-915a-0f5d94bf2f12","firstParentID":"bea9cc18-7619-48ad-915a-0f5d94bf2f12","ID":"089d4979-5b2d-40c1-bafb-18c27e29bf40","childs":{"прием":{"_level":1,"parentID":"089d4979-5b2d-40c1-bafb-18c27e29bf40","firstParentID":"bea9cc18-7619-48ad-915a-0f5d94bf2f12","ID":"624285d0-8ad0-4007-8133-c6bf823fc85d","childs":{"ручное":{"_level":2,"parentID":"624285d0-8ad0-4007-8133-c6bf823fc85d","firstParentID":"bea9cc18-7619-48ad-915a-0f5d94bf2f12","ID":"6febc221-3057-45d1-ab6b-15adcd84c0ea","childs":null,"emcosID":null,"emcosMLID":null,"codMaketTEP":null,"codTEP":null,"WSName":"PS","rangeAddress":"$CG$185:$CG$221","headAddress":"$CG$185","bodyAddress":"$CG$186:$CG$221","_name":"ручное"}},"emcosID":null,"emcosMLID":null,"codMaketTEP":null,"codTEP":null,"WSName":"PS","rangeAddress":"$CG$184:$CG$221","headAddress":"$CG$184","bodyAddress":"$CG$185:$CG$221","_name":"прием"},"план":{"_level":1,"parentID":"089d4979-5b2d-40c1-bafb-18c27e29bf40","firstParentID":"bea9cc18-7619-48ad-915a-0f5d94bf2f12","ID":"c2a5371d-0ce1-4d89-bb6e-2d707f3aba2d","childs":{"заявка":{"_level":2,"parentID":"c2a5371d-0ce1-4d89-bb6e-2d707f3aba2d","firstParentID":"bea9cc18-7619-48ad-915a-0f5d94bf2f12","ID":"dbe4fba3-20a0-41dd-9a20-586db57491c1","childs":null,"emcosID":null,"emcosMLID":null,"codMaketTEP":null,"codTEP":null,"WSName":"PS","rangeAddress":"$CH$185:$CH$221","headAddress":"$CH$185","bodyAddress":"$CH$186:$CH$221","_name":"заявка"}},"emcosID":null,"emcosMLID":null,"codMaketTEP":null,"codTEP":null,"WSName":"PS","rangeAddress":"$CH$184:$CH$221","headAddress":"$CH$184","bodyAddress":"$CH$185:$CH$221","_name":"план"}},"emcosID":null,"emcosMLID":null,"codMaketTEP":null,"codTEP":null,"WSName":"PS","rangeAddress":"$CG$183:$CH$221","headAddress":"$CG$183:$CH$183","bodyAddress":"$CG$184:$CH$221","_name":"с.н. Мойнак ГЭС МГЭС"},"DB":{"_level":0,"parentID":"bea9cc18-7619-48ad-915a-0f5d94bf2f12","firstParentID":"bea9cc18-7619-48ad-915a-0f5d94bf2f12","ID":"64ce5d57-8ee5-4626-9048-b468d0b74093","childs":{"прием":{"_level":1,"parentID":"64ce5d57-8ee5-4626-9048-b468d0b74093","firstParentID":"bea9cc18-7619-48ad-915a-0f5d94bf2f12","ID":"a14dc3cc-4db6-4b39-a980-7866f0a50981","childs":{"код":{"_level":2,"parentID":"a14dc3cc-4db6-4b39-a980-7866f0a50981","firstParentID":"bea9cc18-7619-48ad-915a-0f5d94bf2f12","ID":"b660a07f-1c05-4c77-afb3-c71eafb85642","childs":null,"emcosID":null,"emcosMLID":null,"codMaketTEP":null,"codTEP":null,"WSName":"DB","rangeAddress":"$DT$353:$DT$390","headAddress":"$DT$353","bodyAddress":"$DT$354:$DT$390","_name":"код"},"основное":{"_level":2,"parentID":"a14dc3cc-4db6-4b39-a980-7866f0a50981","firstParentID":"bea9cc18-7619-48ad-915a-0f5d94bf2f12","ID":"64c4019a-3bd2-46b5-b816-574a6bb972b5","childs":null,"emcosID":null,"emcosMLID":null,"codMaketTEP":null,"codTEP":null,"WSName":"DB","rangeAddress":"$DU$353:$DU$390","headAddress":"$DU$353","bodyAddress":"$DU$354:$DU$390","_name":"основное"},"корректировка факт":{"_level":2,"parentID":"a14dc3cc-4db6-4b39-a980-7866f0a50981","firstParentID":"bea9cc18-7619-48ad-915a-0f5d94bf2f12","ID":"6dccb10f-398f-4c64-bcae-1b9dc00c8e2a","childs":null,"emcosID":null,"emcosMLID":null,"codMaketTEP":null,"codTEP":null,"WSName":"DB","rangeAddress":"$DV$353:$DV$390","headAddress":"$DV$353","bodyAddress":"$DV$354:$DV$390","_name":"корректировка факт"},"ручное":{"_level":2,"parentID":"a14dc3cc-4db6-4b39-a980-7866f0a50981","firstParentID":"bea9cc18-7619-48ad-915a-0f5d94bf2f12","ID":"e35ba4a0-b0c5-4878-9175-be5d4a228efe","childs":null,"emcosID":null,"emcosMLID":null,"codMaketTEP":null,"codTEP":null,"WSName":"DB","rangeAddress":"$DW$353:$DW$390","headAddress":"$DW$353","bodyAddress":"$DW$354:$DW$390","_name":"ручное"},"по плану":{"_level":2,"parentID":"a14dc3cc-4db6-4b39-a980-7866f0a50981","firstParentID":"bea9cc18-7619-48ad-915a-0f5d94bf2f12","ID":"5e7a311f-d463-4845-bad3-1974dffddfbe","childs":null,"emcosID":null,"emcosMLID":null,"codMaketTEP":null,"codTEP":null,"WSName":"DB","rangeAddress":"$DX$353:$DX$390","headAddress":"$DX$353","bodyAddress":"$DX$354:$DX$390","_name":"по плану"}},"emcosID":null,"emcosMLID":null,"codMaketTEP":null,"codTEP":null,"WSName":"DB","rangeAddress":"$DT$352:$DX$390","headAddress":"$DT$352:$DX$352","bodyAddress":"$DT$353:$DX$390","_name":"прием"},"план":{"_level":1,"parentID":"64ce5d57-8ee5-4626-9048-b468d0b74093","firstParentID":"bea9cc18-7619-48ad-915a-0f5d94bf2f12","ID":"16473728-81cf-4a93-9087-db31e68444da","childs":{"код":{"_level":2,"parentID":"16473728-81cf-4a93-9087-db31e68444da","firstParentID":"bea9cc18-7619-48ad-915a-0f5d94bf2f12","ID":"bf0a6976-df8d-4956-9e7b-c0babae47cdd","childs":null,"emcosID":null,"emcosMLID":null,"codMaketTEP":null,"codTEP":null,"WSName":"DB","rangeAddress":"$DY$353:$DY$390","headAddress":"$DY$353","bodyAddress":"$DY$354:$DY$390","_name":"код"},"основное":{"_level":2,"parentID":"16473728-81cf-4a93-9087-db31e68444da","firstParentID":"bea9cc18-7619-48ad-915a-0f5d94bf2f12","ID":"4ea1e9be-6e54-4b5b-8a5e-316848bf3aa8","childs":null,"emcosID":null,"emcosMLID":null,"codMaketTEP":null,"codTEP":null,"WSName":"DB","rangeAddress":"$DZ$353:$DZ$390","headAddress":"$DZ$353","bodyAddress":"$DZ$354:$DZ$390","_name":"основное"},"заявка":{"_level":2,"parentID":"16473728-81cf-4a93-9087-db31e68444da","firstParentID":"bea9cc18-7619-48ad-915a-0f5d94bf2f12","ID":"ce51b56e-e50d-4223-9b55-895f271b33ab","childs":null,"emcosID":null,"emcosMLID":null,"codMaketTEP":null,"codTEP":null,"WSName":"DB","rangeAddress":"$EA$353:$EA$390","headAddress":"$EA$353","bodyAddress":"$EA$354:$EA$390","_name":"заявка"},"утвержденный":{"_level":2,"parentID":"16473728-81cf-4a93-9087-db31e68444da","firstParentID":"bea9cc18-7619-48ad-915a-0f5d94bf2f12","ID":"6477630c-bddb-4949-b0cd-0bb0b36f0e0b","childs":null,"emcosID":null,"emcosMLID":null,"codMaketTEP":null,"codTEP":null,"WSName":"DB","rangeAddress":"$EB$353:$EB$390","headAddress":"$EB$353","bodyAddress":"$EB$354:$EB$390","_name":"утвержденный"},"корректировка":{"_level":2,"parentID":"16473728-81cf-4a93-9087-db31e68444da","firstParentID":"bea9cc18-7619-48ad-915a-0f5d94bf2f12","ID":"08692988-6658-4d8b-b4c4-11423770fc42","childs":null,"emcosID":null,"emcosMLID":null,"codMaketTEP":null,"codTEP":null,"WSName":"DB","rangeAddress":"$EC$353:$EC$390","headAddress":"$EC$353","bodyAddress":"$EC$354:$EC$390","_name":"корректировка"}},"emcosID":null,"emcosMLID":null,"codMaketTEP":null,"codTEP":null,"WSName":"DB","rangeAddress":"$DY$352:$EC$390","headAddress":"$DY$352:$EC$352","bodyAddress":"$DY$353:$EC$390","_name":"план"}},"emcosID":null,"emcosMLID":null,"codMaketTEP":null,"codTEP":null,"WSName":"DB","rangeAddress":"$DT$351:$EC$390","headAddress":"$DT$351:$EC$351","bodyAddress":"$DT$352:$EC$390","_name":"с.н. Мойнак ГЭС МГЭС"}},"codPlan":57,"meterCoef":null,"_name":"с.н. Мойнак ГЭС МГЭС"}