{"ID":"c260f95a-59f7-4f8d-b2e4-ec447d237f7e","childs":{"PS":{"_level":0,"parentID":"c260f95a-59f7-4f8d-b2e4-ec447d237f7e","firstParentID":"c260f95a-59f7-4f8d-b2e4-ec447d237f7e","ID":"bb4ce88d-c4f5-43f9-9f0e-7407ecff3048","childs":{"прием":{"_level":1,"parentID":"bb4ce88d-c4f5-43f9-9f0e-7407ecff3048","firstParentID":"c260f95a-59f7-4f8d-b2e4-ec447d237f7e","ID":"90f3fe55-afad-4723-b368-1f6511c6b68c","childs":{"ручное":{"_level":2,"parentID":"90f3fe55-afad-4723-b368-1f6511c6b68c","firstParentID":"c260f95a-59f7-4f8d-b2e4-ec447d237f7e","ID":"fc701711-8b6f-45cc-be64-efedfd37b6bb","childs":null,"emcosID":null,"emcosMLID":null,"codMaketTEP":null,"codTEP":null,"WSName":"PS","rangeAddress":"$BK$99:$BK$135","headAddress":"$BK$99","bodyAddress":"$BK$100:$BK$135","_name":"ручное"}},"emcosID":null,"emcosMLID":null,"codMaketTEP":null,"codTEP":null,"WSName":"PS","rangeAddress":"$BK$98:$BK$135","headAddress":"$BK$98","bodyAddress":"$BK$99:$BK$135","_name":"прием"},"отдача":{"_level":1,"parentID":"bb4ce88d-c4f5-43f9-9f0e-7407ecff3048","firstParentID":"c260f95a-59f7-4f8d-b2e4-ec447d237f7e","ID":"498c3520-6422-488a-a4bd-bd31045e910f","childs":{"ручное":{"_level":2,"parentID":"498c3520-6422-488a-a4bd-bd31045e910f","firstParentID":"c260f95a-59f7-4f8d-b2e4-ec447d237f7e","ID":"b61c2c04-c2dc-4a91-afe0-e427865e5208","childs":null,"emcosID":null,"emcosMLID":null,"codMaketTEP":null,"codTEP":null,"WSName":"PS","rangeAddress":"$BL$99:$BL$135","headAddress":"$BL$99","bodyAddress":"$BL$100:$BL$135","_name":"ручное"}},"emcosID":null,"emcosMLID":null,"codMaketTEP":null,"codTEP":null,"WSName":"PS","rangeAddress":"$BL$98:$BL$135","headAddress":"$BL$98","bodyAddress":"$BL$99:$BL$135","_name":"отдача"}},"emcosID":null,"emcosMLID":null,"codMaketTEP":null,"codTEP":null,"WSName":"PS","rangeAddress":"$BK$97:$BL$135","headAddress":"$BK$97:$BL$97","bodyAddress":"$BK$98:$BL$135","_name":"Л2533 ПС152 Талдыкорган"},"DB":{"_level":0,"parentID":"c260f95a-59f7-4f8d-b2e4-ec447d237f7e","firstParentID":"c260f95a-59f7-4f8d-b2e4-ec447d237f7e","ID":"aa877a55-161c-442e-9d9e-ec0db46a5769","childs":{"прием":{"_level":1,"parentID":"aa877a55-161c-442e-9d9e-ec0db46a5769","firstParentID":"c260f95a-59f7-4f8d-b2e4-ec447d237f7e","ID":"082b967d-27df-45e3-87c2-1ca5fec55619","childs":{"код":{"_level":2,"parentID":"082b967d-27df-45e3-87c2-1ca5fec55619","firstParentID":"c260f95a-59f7-4f8d-b2e4-ec447d237f7e","ID":"1a0c966d-630e-4027-ada4-532ceeed65c4","childs":null,"emcosID":null,"emcosMLID":null,"codMaketTEP":null,"codTEP":null,"WSName":"DB","rangeAddress":"$EG$52:$EG$89","headAddress":"$EG$52","bodyAddress":"$EG$53:$EG$89","_name":"код"},"основное":{"_level":2,"parentID":"082b967d-27df-45e3-87c2-1ca5fec55619","firstParentID":"c260f95a-59f7-4f8d-b2e4-ec447d237f7e","ID":"b713a145-fa76-446d-96d9-5d39455dedca","childs":null,"emcosID":null,"emcosMLID":null,"codMaketTEP":null,"codTEP":null,"WSName":"DB","rangeAddress":"$EH$52:$EH$89","headAddress":"$EH$52","bodyAddress":"$EH$53:$EH$89","_name":"основное"},"корректировка факт":{"_level":2,"parentID":"082b967d-27df-45e3-87c2-1ca5fec55619","firstParentID":"c260f95a-59f7-4f8d-b2e4-ec447d237f7e","ID":"373108fa-6c82-4d3a-afd1-5db17072bc8e","childs":null,"emcosID":null,"emcosMLID":null,"codMaketTEP":null,"codTEP":null,"WSName":"DB","rangeAddress":"$EI$52:$EI$89","headAddress":"$EI$52","bodyAddress":"$EI$53:$EI$89","_name":"корректировка факт"},"ручное":{"_level":2,"parentID":"082b967d-27df-45e3-87c2-1ca5fec55619","firstParentID":"c260f95a-59f7-4f8d-b2e4-ec447d237f7e","ID":"89499689-ef82-480e-9412-5311d0487128","childs":null,"emcosID":null,"emcosMLID":null,"codMaketTEP":null,"codTEP":null,"WSName":"DB","rangeAddress":"$EJ$52:$EJ$89","headAddress":"$EJ$52","bodyAddress":"$EJ$53:$EJ$89","_name":"ручное"}},"emcosID":null,"emcosMLID":null,"codMaketTEP":null,"codTEP":null,"WSName":"DB","rangeAddress":"$EG$51:$EJ$89","headAddress":"$EG$51:$EJ$51","bodyAddress":"$EG$52:$EJ$89","_name":"прием"},"отдача":{"_level":1,"parentID":"aa877a55-161c-442e-9d9e-ec0db46a5769","firstParentID":"c260f95a-59f7-4f8d-b2e4-ec447d237f7e","ID":"1d389a7f-ba74-48ea-8479-e027db0db675","childs":{"код":{"_level":2,"parentID":"1d389a7f-ba74-48ea-8479-e027db0db675","firstParentID":"c260f95a-59f7-4f8d-b2e4-ec447d237f7e","ID":"a9986376-9dc8-45bc-a23d-8eba395d564e","childs":null,"emcosID":null,"emcosMLID":null,"codMaketTEP":null,"codTEP":null,"WSName":"DB","rangeAddress":"$EK$52:$EK$89","headAddress":"$EK$52","bodyAddress":"$EK$53:$EK$89","_name":"код"},"основное":{"_level":2,"parentID":"1d389a7f-ba74-48ea-8479-e027db0db675","firstParentID":"c260f95a-59f7-4f8d-b2e4-ec447d237f7e","ID":"b73076a3-8685-4977-b47a-94f42ad5c673","childs":null,"emcosID":null,"emcosMLID":null,"codMaketTEP":null,"codTEP":null,"WSName":"DB","rangeAddress":"$EL$52:$EL$89","headAddress":"$EL$52","bodyAddress":"$EL$53:$EL$89","_name":"основное"},"корректировка факт":{"_level":2,"parentID":"1d389a7f-ba74-48ea-8479-e027db0db675","firstParentID":"c260f95a-59f7-4f8d-b2e4-ec447d237f7e","ID":"b1be1061-af1d-4ebb-8dd4-62df8f7099cd","childs":null,"emcosID":null,"emcosMLID":null,"codMaketTEP":null,"codTEP":null,"WSName":"DB","rangeAddress":"$EM$52:$EM$89","headAddress":"$EM$52","bodyAddress":"$EM$53:$EM$89","_name":"корректировка факт"},"ручное":{"_level":2,"parentID":"1d389a7f-ba74-48ea-8479-e027db0db675","firstParentID":"c260f95a-59f7-4f8d-b2e4-ec447d237f7e","ID":"c44cb588-924c-4115-88a3-173a9e9288c1","childs":null,"emcosID":null,"emcosMLID":null,"codMaketTEP":null,"codTEP":null,"WSName":"DB","rangeAddress":"$EN$52:$EN$89","headAddress":"$EN$52","bodyAddress":"$EN$53:$EN$89","_name":"ручное"}},"emcosID":null,"emcosMLID":null,"codMaketTEP":null,"codTEP":null,"WSName":"DB","rangeAddress":"$EK$51:$EN$89","headAddress":"$EK$51:$EN$51","bodyAddress":"$EK$52:$EN$89","_name":"отдача"}},"emcosID":null,"emcosMLID":null,"codMaketTEP":null,"codTEP":null,"WSName":"DB","rangeAddress":"$EG$50:$EN$89","headAddress":"$EG$50:$EN$50","bodyAddress":"$EG$51:$EN$89","_name":"Л2533 ПС152 Талдыкорган"}},"codPlan":null,"meterCoef":null,"_name":"Л2533 ПС152 Талдыкорган"}