{"ID":"c30397d2-8df5-4ec3-9b5e-c7a2d3d398db","childs":{"PS":{"_level":0,"parentID":"c30397d2-8df5-4ec3-9b5e-c7a2d3d398db","firstParentID":"c30397d2-8df5-4ec3-9b5e-c7a2d3d398db","ID":"646e13e8-94e9-4b85-8cbd-7762afd1addf","childs":{"прием":{"_level":1,"parentID":"646e13e8-94e9-4b85-8cbd-7762afd1addf","firstParentID":"c30397d2-8df5-4ec3-9b5e-c7a2d3d398db","ID":"f35f8526-6c6a-4be9-94ff-4f33c3152654","childs":{"по счетчику":{"_level":2,"parentID":"f35f8526-6c6a-4be9-94ff-4f33c3152654","firstParentID":"c30397d2-8df5-4ec3-9b5e-c7a2d3d398db","ID":"4af7f9b5-b893-4d83-8bd5-cda206dfe3a7","childs":null,"emcosID":null,"emcosMLID":null,"codMaketTEP":null,"codTEP":null,"WSName":"PS","rangeAddress":"$IH$99:$IH$135","headAddress":"$IH$99","bodyAddress":"$IH$100:$IH$135","_name":"по счетчику"},"СЧЕТЧИК":{"_level":2,"parentID":"f35f8526-6c6a-4be9-94ff-4f33c3152654","firstParentID":"c30397d2-8df5-4ec3-9b5e-c7a2d3d398db","ID":"9ebf486d-f6c1-4132-ab45-5c60e18bbb5b","childs":null,"emcosID":null,"emcosMLID":null,"codMaketTEP":null,"codTEP":null,"WSName":"PS","rangeAddress":"$II$99:$II$135","headAddress":"$II$99","bodyAddress":"$II$100:$II$135","_name":"СЧЕТЧИК"}},"emcosID":null,"emcosMLID":null,"codMaketTEP":null,"codTEP":null,"WSName":"PS","rangeAddress":"$IH$98:$II$135","headAddress":"$IH$98:$II$98","bodyAddress":"$IH$99:$II$135","_name":"прием"},"отдача":{"_level":1,"parentID":"646e13e8-94e9-4b85-8cbd-7762afd1addf","firstParentID":"c30397d2-8df5-4ec3-9b5e-c7a2d3d398db","ID":"9135035f-7e9a-4cea-9c51-6987f16cc893","childs":{"по счетчику":{"_level":2,"parentID":"9135035f-7e9a-4cea-9c51-6987f16cc893","firstParentID":"c30397d2-8df5-4ec3-9b5e-c7a2d3d398db","ID":"e4ae9a3f-864a-4744-a6ed-beea5f13f9fe","childs":null,"emcosID":null,"emcosMLID":null,"codMaketTEP":null,"codTEP":null,"WSName":"PS","rangeAddress":"$IJ$99:$IJ$135","headAddress":"$IJ$99","bodyAddress":"$IJ$100:$IJ$135","_name":"по счетчику"},"СЧЕТЧИК":{"_level":2,"parentID":"9135035f-7e9a-4cea-9c51-6987f16cc893","firstParentID":"c30397d2-8df5-4ec3-9b5e-c7a2d3d398db","ID":"03662ad5-0fdf-44ca-97df-353ef762e864","childs":null,"emcosID":null,"emcosMLID":null,"codMaketTEP":null,"codTEP":null,"WSName":"PS","rangeAddress":"$IK$99:$IK$135","headAddress":"$IK$99","bodyAddress":"$IK$100:$IK$135","_name":"СЧЕТЧИК"}},"emcosID":null,"emcosMLID":null,"codMaketTEP":null,"codTEP":null,"WSName":"PS","rangeAddress":"$IJ$98:$IK$135","headAddress":"$IJ$98:$IK$98","bodyAddress":"$IJ$99:$IK$135","_name":"отдача"}},"emcosID":null,"emcosMLID":null,"codMaketTEP":null,"codTEP":null,"WSName":"PS","rangeAddress":"$IH$97:$IK$135","headAddress":"$IH$97:$IK$97","bodyAddress":"$IH$98:$IK$135","_name":"КЛ66 ПС152 Талдыкорган"},"DB":{"_level":0,"parentID":"c30397d2-8df5-4ec3-9b5e-c7a2d3d398db","firstParentID":"c30397d2-8df5-4ec3-9b5e-c7a2d3d398db","ID":"a27fc7bc-9c79-4098-827c-793685664430","childs":{"прием":{"_level":1,"parentID":"a27fc7bc-9c79-4098-827c-793685664430","firstParentID":"c30397d2-8df5-4ec3-9b5e-c7a2d3d398db","ID":"a28178e8-0245-4a03-956a-517a8aa78f79","childs":{"код":{"_level":2,"parentID":"a28178e8-0245-4a03-956a-517a8aa78f79","firstParentID":"c30397d2-8df5-4ec3-9b5e-c7a2d3d398db","ID":"33c30ca8-bb93-4e72-8385-1892b9539972","childs":null,"emcosID":null,"emcosMLID":null,"codMaketTEP":null,"codTEP":null,"WSName":"DB","rangeAddress":"$EG$525:$EG$562","headAddress":"$EG$525","bodyAddress":"$EG$526:$EG$562","_name":"код"},"основное":{"_level":2,"parentID":"a28178e8-0245-4a03-956a-517a8aa78f79","firstParentID":"c30397d2-8df5-4ec3-9b5e-c7a2d3d398db","ID":"079a30d2-efb1-4c7c-8de1-c728a80a9631","childs":null,"emcosID":null,"emcosMLID":null,"codMaketTEP":null,"codTEP":null,"WSName":"DB","rangeAddress":"$EH$525:$EH$562","headAddress":"$EH$525","bodyAddress":"$EH$526:$EH$562","_name":"основное"},"корректировка факт":{"_level":2,"parentID":"a28178e8-0245-4a03-956a-517a8aa78f79","firstParentID":"c30397d2-8df5-4ec3-9b5e-c7a2d3d398db","ID":"41a5bf5b-21ec-4777-b63a-30ef9e13c95a","childs":null,"emcosID":null,"emcosMLID":null,"codMaketTEP":null,"codTEP":null,"WSName":"DB","rangeAddress":"$EI$525:$EI$562","headAddress":"$EI$525","bodyAddress":"$EI$526:$EI$562","_name":"корректировка факт"},"ручное":{"_level":2,"parentID":"a28178e8-0245-4a03-956a-517a8aa78f79","firstParentID":"c30397d2-8df5-4ec3-9b5e-c7a2d3d398db","ID":"e7078207-df89-47c2-9248-92cf9494282a","childs":null,"emcosID":null,"emcosMLID":null,"codMaketTEP":null,"codTEP":null,"WSName":"DB","rangeAddress":"$EJ$525:$EJ$562","headAddress":"$EJ$525","bodyAddress":"$EJ$526:$EJ$562","_name":"ручное"},"счетчик":{"_level":2,"parentID":"a28178e8-0245-4a03-956a-517a8aa78f79","firstParentID":"c30397d2-8df5-4ec3-9b5e-c7a2d3d398db","ID":"439a2355-a9c6-4fb8-a655-e16827fcc26f","childs":null,"emcosID":null,"emcosMLID":null,"codMaketTEP":null,"codTEP":null,"WSName":"DB","rangeAddress":"$EK$525:$EK$562","headAddress":"$EK$525","bodyAddress":"$EK$526:$EK$562","_name":"счетчик"},"по счетчику":{"_level":2,"parentID":"a28178e8-0245-4a03-956a-517a8aa78f79","firstParentID":"c30397d2-8df5-4ec3-9b5e-c7a2d3d398db","ID":"a7e2afc3-ec63-4a47-91f6-8e0d94eae89d","childs":null,"emcosID":null,"emcosMLID":null,"codMaketTEP":null,"codTEP":null,"WSName":"DB","rangeAddress":"$EL$525:$EL$562","headAddress":"$EL$525","bodyAddress":"$EL$526:$EL$562","_name":"по счетчику"}},"emcosID":null,"emcosMLID":null,"codMaketTEP":null,"codTEP":null,"WSName":"DB","rangeAddress":"$EG$524:$EL$562","headAddress":"$EG$524:$EL$524","bodyAddress":"$EG$525:$EL$562","_name":"прием"},"отдача":{"_level":1,"parentID":"a27fc7bc-9c79-4098-827c-793685664430","firstParentID":"c30397d2-8df5-4ec3-9b5e-c7a2d3d398db","ID":"6b0db76e-2239-49d4-a6c1-ec542b004d6d","childs":{"код":{"_level":2,"parentID":"6b0db76e-2239-49d4-a6c1-ec542b004d6d","firstParentID":"c30397d2-8df5-4ec3-9b5e-c7a2d3d398db","ID":"1947eb57-8df4-4a11-b359-e7bb8ba63c32","childs":null,"emcosID":null,"emcosMLID":null,"codMaketTEP":null,"codTEP":null,"WSName":"DB","rangeAddress":"$EM$525:$EM$562","headAddress":"$EM$525","bodyAddress":"$EM$526:$EM$562","_name":"код"},"основное":{"_level":2,"parentID":"6b0db76e-2239-49d4-a6c1-ec542b004d6d","firstParentID":"c30397d2-8df5-4ec3-9b5e-c7a2d3d398db","ID":"b945400e-9076-4a50-a352-721c1869e215","childs":null,"emcosID":null,"emcosMLID":null,"codMaketTEP":null,"codTEP":null,"WSName":"DB","rangeAddress":"$EN$525:$EN$562","headAddress":"$EN$525","bodyAddress":"$EN$526:$EN$562","_name":"основное"},"корректировка факт":{"_level":2,"parentID":"6b0db76e-2239-49d4-a6c1-ec542b004d6d","firstParentID":"c30397d2-8df5-4ec3-9b5e-c7a2d3d398db","ID":"39473dda-cc6e-4e58-bec7-de4a4e789040","childs":null,"emcosID":null,"emcosMLID":null,"codMaketTEP":null,"codTEP":null,"WSName":"DB","rangeAddress":"$EO$525:$EO$562","headAddress":"$EO$525","bodyAddress":"$EO$526:$EO$562","_name":"корректировка факт"},"ручное":{"_level":2,"parentID":"6b0db76e-2239-49d4-a6c1-ec542b004d6d","firstParentID":"c30397d2-8df5-4ec3-9b5e-c7a2d3d398db","ID":"f65bdea3-b99b-4819-ac9e-ab8029d5748d","childs":null,"emcosID":null,"emcosMLID":null,"codMaketTEP":null,"codTEP":null,"WSName":"DB","rangeAddress":"$EP$525:$EP$562","headAddress":"$EP$525","bodyAddress":"$EP$526:$EP$562","_name":"ручное"},"счетчик":{"_level":2,"parentID":"6b0db76e-2239-49d4-a6c1-ec542b004d6d","firstParentID":"c30397d2-8df5-4ec3-9b5e-c7a2d3d398db","ID":"026def98-9065-4cee-a4e8-5d33ea47050d","childs":null,"emcosID":null,"emcosMLID":null,"codMaketTEP":null,"codTEP":null,"WSName":"DB","rangeAddress":"$EQ$525:$EQ$562","headAddress":"$EQ$525","bodyAddress":"$EQ$526:$EQ$562","_name":"счетчик"},"по счетчику":{"_level":2,"parentID":"6b0db76e-2239-49d4-a6c1-ec542b004d6d","firstParentID":"c30397d2-8df5-4ec3-9b5e-c7a2d3d398db","ID":"43d4af76-48b1-4951-8907-ac606b63d631","childs":null,"emcosID":null,"emcosMLID":null,"codMaketTEP":null,"codTEP":null,"WSName":"DB","rangeAddress":"$ER$525:$ER$562","headAddress":"$ER$525","bodyAddress":"$ER$526:$ER$562","_name":"по счетчику"}},"emcosID":null,"emcosMLID":null,"codMaketTEP":null,"codTEP":null,"WSName":"DB","rangeAddress":"$EM$524:$ER$562","headAddress":"$EM$524:$ER$524","bodyAddress":"$EM$525:$ER$562","_name":"отдача"}},"emcosID":null,"emcosMLID":null,"codMaketTEP":null,"codTEP":null,"WSName":"DB","rangeAddress":"$EG$523:$ER$562","headAddress":"$EG$523:$ER$523","bodyAddress":"$EG$524:$ER$562","_name":"КЛ66 ПС152 Талдыкорган"}},"codPlan":null,"meterCoef":"2","_name":"КЛ66 ПС152 Талдыкорган"}