{"ID":"c30397d2-8df5-4ec3-9b5e-c7a2d3d398db","childs":{"PS":{"_level":0,"parentID":"c30397d2-8df5-4ec3-9b5e-c7a2d3d398db","firstParentID":"c30397d2-8df5-4ec3-9b5e-c7a2d3d398db","ID":"646e13e8-94e9-4b85-8cbd-7762afd1addf","childs":{"отдача":{"_level":1,"parentID":"646e13e8-94e9-4b85-8cbd-7762afd1addf","firstParentID":"c30397d2-8df5-4ec3-9b5e-c7a2d3d398db","ID":"9135035f-7e9a-4cea-9c51-6987f16cc893","childs":{"по счетчику":{"_level":2,"parentID":"9135035f-7e9a-4cea-9c51-6987f16cc893","firstParentID":"c30397d2-8df5-4ec3-9b5e-c7a2d3d398db","ID":"e4ae9a3f-864a-4744-a6ed-beea5f13f9fe","childs":null,"emcosID":null,"emcosMLID":null,"codMaketTEP":null,"codTEP":null,"WSName":"PS","rangeAddress":"$FO$99:$FO$135","headAddress":"$FO$99","bodyAddress":"$FO$100:$FO$135","_name":"по счетчику"},"СЧЕТЧИК":{"_level":2,"parentID":"9135035f-7e9a-4cea-9c51-6987f16cc893","firstParentID":"c30397d2-8df5-4ec3-9b5e-c7a2d3d398db","ID":"03662ad5-0fdf-44ca-97df-353ef762e864","childs":null,"emcosID":null,"emcosMLID":null,"codMaketTEP":null,"codTEP":null,"WSName":"PS","rangeAddress":"$FP$99:$FP$135","headAddress":"$FP$99","bodyAddress":"$FP$100:$FP$135","_name":"СЧЕТЧИК"}},"emcosID":null,"emcosMLID":null,"codMaketTEP":null,"codTEP":null,"WSName":"PS","rangeAddress":"$FO$98:$FP$135","headAddress":"$FO$98:$FP$98","bodyAddress":"$FO$99:$FP$135","_name":"отдача"}},"emcosID":null,"emcosMLID":null,"codMaketTEP":null,"codTEP":null,"WSName":"PS","rangeAddress":"$FO$97:$FP$135","headAddress":"$FO$97:$FP$97","bodyAddress":"$FO$98:$FP$135","_name":"КЛ66 ПС152 Талдыкорган"},"DB":{"_level":0,"parentID":"c30397d2-8df5-4ec3-9b5e-c7a2d3d398db","firstParentID":"c30397d2-8df5-4ec3-9b5e-c7a2d3d398db","ID":"a27fc7bc-9c79-4098-827c-793685664430","childs":{"отдача":{"_level":1,"parentID":"a27fc7bc-9c79-4098-827c-793685664430","firstParentID":"c30397d2-8df5-4ec3-9b5e-c7a2d3d398db","ID":"6b0db76e-2239-49d4-a6c1-ec542b004d6d","childs":{"код":{"_level":2,"parentID":"6b0db76e-2239-49d4-a6c1-ec542b004d6d","firstParentID":"c30397d2-8df5-4ec3-9b5e-c7a2d3d398db","ID":"1947eb57-8df4-4a11-b359-e7bb8ba63c32","childs":null,"emcosID":null,"emcosMLID":null,"codMaketTEP":null,"codTEP":null,"WSName":"DB","rangeAddress":"$DO$525:$DO$562","headAddress":"$DO$525","bodyAddress":"$DO$526:$DO$562","_name":"код"},"основное":{"_level":2,"parentID":"6b0db76e-2239-49d4-a6c1-ec542b004d6d","firstParentID":"c30397d2-8df5-4ec3-9b5e-c7a2d3d398db","ID":"b945400e-9076-4a50-a352-721c1869e215","childs":null,"emcosID":null,"emcosMLID":null,"codMaketTEP":null,"codTEP":null,"WSName":"DB","rangeAddress":"$DP$525:$DP$562","headAddress":"$DP$525","bodyAddress":"$DP$526:$DP$562","_name":"основное"},"корректировка факт":{"_level":2,"parentID":"6b0db76e-2239-49d4-a6c1-ec542b004d6d","firstParentID":"c30397d2-8df5-4ec3-9b5e-c7a2d3d398db","ID":"39473dda-cc6e-4e58-bec7-de4a4e789040","childs":null,"emcosID":null,"emcosMLID":null,"codMaketTEP":null,"codTEP":null,"WSName":"DB","rangeAddress":"$DQ$525:$DQ$562","headAddress":"$DQ$525","bodyAddress":"$DQ$526:$DQ$562","_name":"корректировка факт"},"ручное":{"_level":2,"parentID":"6b0db76e-2239-49d4-a6c1-ec542b004d6d","firstParentID":"c30397d2-8df5-4ec3-9b5e-c7a2d3d398db","ID":"f65bdea3-b99b-4819-ac9e-ab8029d5748d","childs":null,"emcosID":null,"emcosMLID":null,"codMaketTEP":null,"codTEP":null,"WSName":"DB","rangeAddress":"$DR$525:$DR$562","headAddress":"$DR$525","bodyAddress":"$DR$526:$DR$562","_name":"ручное"},"счетчик":{"_level":2,"parentID":"6b0db76e-2239-49d4-a6c1-ec542b004d6d","firstParentID":"c30397d2-8df5-4ec3-9b5e-c7a2d3d398db","ID":"026def98-9065-4cee-a4e8-5d33ea47050d","childs":null,"emcosID":null,"emcosMLID":null,"codMaketTEP":null,"codTEP":null,"WSName":"DB","rangeAddress":"$DS$525:$DS$562","headAddress":"$DS$525","bodyAddress":"$DS$526:$DS$562","_name":"счетчик"},"по счетчику":{"_level":2,"parentID":"6b0db76e-2239-49d4-a6c1-ec542b004d6d","firstParentID":"c30397d2-8df5-4ec3-9b5e-c7a2d3d398db","ID":"43d4af76-48b1-4951-8907-ac606b63d631","childs":null,"emcosID":null,"emcosMLID":null,"codMaketTEP":null,"codTEP":null,"WSName":"DB","rangeAddress":"$DT$525:$DT$562","headAddress":"$DT$525","bodyAddress":"$DT$526:$DT$562","_name":"по счетчику"}},"emcosID":null,"emcosMLID":null,"codMaketTEP":null,"codTEP":null,"WSName":"DB","rangeAddress":"$DO$524:$DT$562","headAddress":"$DO$524:$DT$524","bodyAddress":"$DO$525:$DT$562","_name":"отдача"}},"emcosID":null,"emcosMLID":null,"codMaketTEP":null,"codTEP":null,"WSName":"DB","rangeAddress":"$DO$523:$DT$562","headAddress":"$DO$523:$DT$523","bodyAddress":"$DO$524:$DT$562","_name":"КЛ66 ПС152 Талдыкорган"}},"codPlan":null,"meterCoef":"2","_name":"КЛ66 ПС152 Талдыкорган"}