{"ID":"c46f7819-f7a3-4eae-b006-d498a908293e","childs":{"PS":{"_level":0,"parentID":"c46f7819-f7a3-4eae-b006-d498a908293e","firstParentID":"c46f7819-f7a3-4eae-b006-d498a908293e","ID":"d0b279c9-e80d-407c-a1f6-6c96ebeb8a2f","childs":{"прием":{"_level":1,"parentID":"d0b279c9-e80d-407c-a1f6-6c96ebeb8a2f","firstParentID":"c46f7819-f7a3-4eae-b006-d498a908293e","ID":"12938eb6-e53c-417d-a945-95a6f8821d23","childs":{"ручное":{"_level":2,"parentID":"12938eb6-e53c-417d-a945-95a6f8821d23","firstParentID":"c46f7819-f7a3-4eae-b006-d498a908293e","ID":"0840ffd3-f2b1-4cd3-a84b-de2ae0a922a8","childs":null,"emcosID":null,"emcosMLID":null,"codMaketTEP":null,"codTEP":null,"WSName":"PS","rangeAddress":"$BO$99:$BO$135","headAddress":"$BO$99","bodyAddress":"$BO$100:$BO$135","_name":"ручное"}},"emcosID":null,"emcosMLID":null,"codMaketTEP":null,"codTEP":null,"WSName":"PS","rangeAddress":"$BO$98:$BO$135","headAddress":"$BO$98","bodyAddress":"$BO$99:$BO$135","_name":"прием"},"отдача":{"_level":1,"parentID":"d0b279c9-e80d-407c-a1f6-6c96ebeb8a2f","firstParentID":"c46f7819-f7a3-4eae-b006-d498a908293e","ID":"b939c710-4335-4304-874d-aa093ff19df2","childs":{"ручное":{"_level":2,"parentID":"b939c710-4335-4304-874d-aa093ff19df2","firstParentID":"c46f7819-f7a3-4eae-b006-d498a908293e","ID":"ce821627-585c-463a-8b1e-beafa23f3a42","childs":null,"emcosID":null,"emcosMLID":null,"codMaketTEP":null,"codTEP":null,"WSName":"PS","rangeAddress":"$BP$99:$BP$135","headAddress":"$BP$99","bodyAddress":"$BP$100:$BP$135","_name":"ручное"}},"emcosID":null,"emcosMLID":null,"codMaketTEP":null,"codTEP":null,"WSName":"PS","rangeAddress":"$BP$98:$BP$135","headAddress":"$BP$98","bodyAddress":"$BP$99:$BP$135","_name":"отдача"}},"emcosID":null,"emcosMLID":null,"codMaketTEP":null,"codTEP":null,"WSName":"PS","rangeAddress":"$BO$97:$BP$135","headAddress":"$BO$97:$BP$97","bodyAddress":"$BO$98:$BP$135","_name":"Л159Т ПС152 Талдыкорган"},"DB":{"_level":0,"parentID":"c46f7819-f7a3-4eae-b006-d498a908293e","firstParentID":"c46f7819-f7a3-4eae-b006-d498a908293e","ID":"b839c3db-2090-43fe-b204-33f5bbc5bb2b","childs":{"прием":{"_level":1,"parentID":"b839c3db-2090-43fe-b204-33f5bbc5bb2b","firstParentID":"c46f7819-f7a3-4eae-b006-d498a908293e","ID":"d7e17774-cb37-4875-ba1d-6974f07efcae","childs":{"код":{"_level":2,"parentID":"d7e17774-cb37-4875-ba1d-6974f07efcae","firstParentID":"c46f7819-f7a3-4eae-b006-d498a908293e","ID":"8c8a1cbe-938d-4232-8c43-aa1bcff6b9c9","childs":null,"emcosID":null,"emcosMLID":null,"codMaketTEP":null,"codTEP":null,"WSName":"DB","rangeAddress":"$EW$224:$EW$261","headAddress":"$EW$224","bodyAddress":"$EW$225:$EW$261","_name":"код"},"основное":{"_level":2,"parentID":"d7e17774-cb37-4875-ba1d-6974f07efcae","firstParentID":"c46f7819-f7a3-4eae-b006-d498a908293e","ID":"4a476847-181e-4daf-99f0-2be4256c6077","childs":null,"emcosID":null,"emcosMLID":null,"codMaketTEP":null,"codTEP":null,"WSName":"DB","rangeAddress":"$EX$224:$EX$261","headAddress":"$EX$224","bodyAddress":"$EX$225:$EX$261","_name":"основное"},"корректировка факт":{"_level":2,"parentID":"d7e17774-cb37-4875-ba1d-6974f07efcae","firstParentID":"c46f7819-f7a3-4eae-b006-d498a908293e","ID":"9ff1daa7-1f5e-4a4b-8fa4-98a7081e4f3e","childs":null,"emcosID":null,"emcosMLID":null,"codMaketTEP":null,"codTEP":null,"WSName":"DB","rangeAddress":"$EY$224:$EY$261","headAddress":"$EY$224","bodyAddress":"$EY$225:$EY$261","_name":"корректировка факт"},"ручное":{"_level":2,"parentID":"d7e17774-cb37-4875-ba1d-6974f07efcae","firstParentID":"c46f7819-f7a3-4eae-b006-d498a908293e","ID":"8f2769f9-10bb-49be-9e53-ff79bebacca3","childs":null,"emcosID":null,"emcosMLID":null,"codMaketTEP":null,"codTEP":null,"WSName":"DB","rangeAddress":"$EZ$224:$EZ$261","headAddress":"$EZ$224","bodyAddress":"$EZ$225:$EZ$261","_name":"ручное"}},"emcosID":null,"emcosMLID":null,"codMaketTEP":null,"codTEP":null,"WSName":"DB","rangeAddress":"$EW$223:$EZ$261","headAddress":"$EW$223:$EZ$223","bodyAddress":"$EW$224:$EZ$261","_name":"прием"},"отдача":{"_level":1,"parentID":"b839c3db-2090-43fe-b204-33f5bbc5bb2b","firstParentID":"c46f7819-f7a3-4eae-b006-d498a908293e","ID":"dd512479-76a1-416d-8f31-d0a85dd3a580","childs":{"код":{"_level":2,"parentID":"dd512479-76a1-416d-8f31-d0a85dd3a580","firstParentID":"c46f7819-f7a3-4eae-b006-d498a908293e","ID":"0c2d3ee0-5174-4acb-b1f8-fd9e117d4769","childs":null,"emcosID":null,"emcosMLID":null,"codMaketTEP":null,"codTEP":null,"WSName":"DB","rangeAddress":"$FA$224:$FA$261","headAddress":"$FA$224","bodyAddress":"$FA$225:$FA$261","_name":"код"},"основное":{"_level":2,"parentID":"dd512479-76a1-416d-8f31-d0a85dd3a580","firstParentID":"c46f7819-f7a3-4eae-b006-d498a908293e","ID":"d0888ed6-6df7-4e6f-a9e7-9f373db0e11b","childs":null,"emcosID":null,"emcosMLID":null,"codMaketTEP":null,"codTEP":null,"WSName":"DB","rangeAddress":"$FB$224:$FB$261","headAddress":"$FB$224","bodyAddress":"$FB$225:$FB$261","_name":"основное"},"корректировка факт":{"_level":2,"parentID":"dd512479-76a1-416d-8f31-d0a85dd3a580","firstParentID":"c46f7819-f7a3-4eae-b006-d498a908293e","ID":"52a3343a-cdce-41f5-93b8-96710b0c2701","childs":null,"emcosID":null,"emcosMLID":null,"codMaketTEP":null,"codTEP":null,"WSName":"DB","rangeAddress":"$FC$224:$FC$261","headAddress":"$FC$224","bodyAddress":"$FC$225:$FC$261","_name":"корректировка факт"},"ручное":{"_level":2,"parentID":"dd512479-76a1-416d-8f31-d0a85dd3a580","firstParentID":"c46f7819-f7a3-4eae-b006-d498a908293e","ID":"62fc3003-1c8f-4efa-9dfb-9ead3ffacc52","childs":null,"emcosID":null,"emcosMLID":null,"codMaketTEP":null,"codTEP":null,"WSName":"DB","rangeAddress":"$FD$224:$FD$261","headAddress":"$FD$224","bodyAddress":"$FD$225:$FD$261","_name":"ручное"}},"emcosID":null,"emcosMLID":null,"codMaketTEP":null,"codTEP":null,"WSName":"DB","rangeAddress":"$FA$223:$FD$261","headAddress":"$FA$223:$FD$223","bodyAddress":"$FA$224:$FD$261","_name":"отдача"}},"emcosID":null,"emcosMLID":null,"codMaketTEP":null,"codTEP":null,"WSName":"DB","rangeAddress":"$EW$222:$FD$261","headAddress":"$EW$222:$FD$222","bodyAddress":"$EW$223:$FD$261","_name":"Л159Т ПС152 Талдыкорган"}},"codPlan":null,"meterCoef":null,"_name":"Л159Т ПС152 Талдыкорган"}