{"ID":"c5dc21a3-0b28-444b-a482-3502221796cb","childs":{"PS":{"_level":0,"parentID":"c5dc21a3-0b28-444b-a482-3502221796cb","firstParentID":"c5dc21a3-0b28-444b-a482-3502221796cb","ID":"8417305b-6ffb-4c7c-b8c1-ffd365f676a2","childs":{"прием":{"_level":1,"parentID":"8417305b-6ffb-4c7c-b8c1-ffd365f676a2","firstParentID":"c5dc21a3-0b28-444b-a482-3502221796cb","ID":"8469e9ca-48e8-4add-9c04-ac2c2e970831","childs":{"ручное":{"_level":2,"parentID":"8469e9ca-48e8-4add-9c04-ac2c2e970831","firstParentID":"c5dc21a3-0b28-444b-a482-3502221796cb","ID":"767a8bda-3e04-4df5-90bb-a4dd4b5870f7","childs":null,"emcosID":null,"emcosMLID":null,"codMaketTEP":null,"codTEP":null,"WSName":"PS","rangeAddress":"$NE$99:$NE$135","headAddress":"$NE$99","bodyAddress":"$NE$100:$NE$135","_name":"ручное"}},"emcosID":null,"emcosMLID":null,"codMaketTEP":null,"codTEP":null,"WSName":"PS","rangeAddress":"$NE$98:$NE$135","headAddress":"$NE$98","bodyAddress":"$NE$99:$NE$135","_name":"прием"},"отдача":{"_level":1,"parentID":"8417305b-6ffb-4c7c-b8c1-ffd365f676a2","firstParentID":"c5dc21a3-0b28-444b-a482-3502221796cb","ID":"776b607e-fb07-4285-9dd1-3bf7853707c6","childs":{"ручное":{"_level":2,"parentID":"776b607e-fb07-4285-9dd1-3bf7853707c6","firstParentID":"c5dc21a3-0b28-444b-a482-3502221796cb","ID":"00fad252-62d9-435a-a12a-114a30b4c30c","childs":null,"emcosID":null,"emcosMLID":null,"codMaketTEP":null,"codTEP":null,"WSName":"PS","rangeAddress":"$NF$99:$NF$135","headAddress":"$NF$99","bodyAddress":"$NF$100:$NF$135","_name":"ручное"}},"emcosID":null,"emcosMLID":null,"codMaketTEP":null,"codTEP":null,"WSName":"PS","rangeAddress":"$NF$98:$NF$135","headAddress":"$NF$98","bodyAddress":"$NF$99:$NF$135","_name":"отдача"}},"emcosID":null,"emcosMLID":null,"codMaketTEP":null,"codTEP":null,"WSName":"PS","rangeAddress":"$NE$97:$NF$135","headAddress":"$NE$97:$NF$97","bodyAddress":"$NE$98:$NF$135","_name":"ТП1 Чиганак тяга"},"DB":{"_level":0,"parentID":"c5dc21a3-0b28-444b-a482-3502221796cb","firstParentID":"c5dc21a3-0b28-444b-a482-3502221796cb","ID":"6a984423-0ff6-42c6-8926-271f9320e494","childs":{"прием":{"_level":1,"parentID":"6a984423-0ff6-42c6-8926-271f9320e494","firstParentID":"c5dc21a3-0b28-444b-a482-3502221796cb","ID":"e3a5264a-3277-4bb3-bf1e-7dea63f48ae8","childs":{"код":{"_level":2,"parentID":"e3a5264a-3277-4bb3-bf1e-7dea63f48ae8","firstParentID":"c5dc21a3-0b28-444b-a482-3502221796cb","ID":"febb76c2-9ede-406d-9504-79ddd07f849b","childs":null,"emcosID":null,"emcosMLID":null,"codMaketTEP":null,"codTEP":null,"WSName":"DB","rangeAddress":"$GR$138:$GR$175","headAddress":"$GR$138","bodyAddress":"$GR$139:$GR$175","_name":"код"},"основное":{"_level":2,"parentID":"e3a5264a-3277-4bb3-bf1e-7dea63f48ae8","firstParentID":"c5dc21a3-0b28-444b-a482-3502221796cb","ID":"685b6c6b-dd84-4555-8229-06bc82797f12","childs":null,"emcosID":null,"emcosMLID":null,"codMaketTEP":null,"codTEP":null,"WSName":"DB","rangeAddress":"$GS$138:$GS$175","headAddress":"$GS$138","bodyAddress":"$GS$139:$GS$175","_name":"основное"},"корректировка факт":{"_level":2,"parentID":"e3a5264a-3277-4bb3-bf1e-7dea63f48ae8","firstParentID":"c5dc21a3-0b28-444b-a482-3502221796cb","ID":"1297db6a-c193-430f-9e7f-f5b4034281bd","childs":null,"emcosID":null,"emcosMLID":null,"codMaketTEP":null,"codTEP":null,"WSName":"DB","rangeAddress":"$GT$138:$GT$175","headAddress":"$GT$138","bodyAddress":"$GT$139:$GT$175","_name":"корректировка факт"},"ручное":{"_level":2,"parentID":"e3a5264a-3277-4bb3-bf1e-7dea63f48ae8","firstParentID":"c5dc21a3-0b28-444b-a482-3502221796cb","ID":"a0f4270f-cc4c-4592-80bd-6eed4ba1cb5c","childs":null,"emcosID":null,"emcosMLID":null,"codMaketTEP":null,"codTEP":null,"WSName":"DB","rangeAddress":"$GU$138:$GU$175","headAddress":"$GU$138","bodyAddress":"$GU$139:$GU$175","_name":"ручное"}},"emcosID":null,"emcosMLID":null,"codMaketTEP":null,"codTEP":null,"WSName":"DB","rangeAddress":"$GR$137:$GU$175","headAddress":"$GR$137:$GU$137","bodyAddress":"$GR$138:$GU$175","_name":"прием"},"отдача":{"_level":1,"parentID":"6a984423-0ff6-42c6-8926-271f9320e494","firstParentID":"c5dc21a3-0b28-444b-a482-3502221796cb","ID":"7b32ac60-4cf9-4478-86c6-33fbd6fa67f6","childs":{"код":{"_level":2,"parentID":"7b32ac60-4cf9-4478-86c6-33fbd6fa67f6","firstParentID":"c5dc21a3-0b28-444b-a482-3502221796cb","ID":"63c129a2-47b8-4e69-bc7b-7bc8d2c5c2af","childs":null,"emcosID":null,"emcosMLID":null,"codMaketTEP":null,"codTEP":null,"WSName":"DB","rangeAddress":"$GV$138:$GV$175","headAddress":"$GV$138","bodyAddress":"$GV$139:$GV$175","_name":"код"},"основное":{"_level":2,"parentID":"7b32ac60-4cf9-4478-86c6-33fbd6fa67f6","firstParentID":"c5dc21a3-0b28-444b-a482-3502221796cb","ID":"bc85a89c-9e00-4e79-a7ce-9d11db02ad14","childs":null,"emcosID":null,"emcosMLID":null,"codMaketTEP":null,"codTEP":null,"WSName":"DB","rangeAddress":"$GW$138:$GW$175","headAddress":"$GW$138","bodyAddress":"$GW$139:$GW$175","_name":"основное"},"корректировка факт":{"_level":2,"parentID":"7b32ac60-4cf9-4478-86c6-33fbd6fa67f6","firstParentID":"c5dc21a3-0b28-444b-a482-3502221796cb","ID":"5bd544ce-c032-49b9-abf4-0c662fff41cc","childs":null,"emcosID":null,"emcosMLID":null,"codMaketTEP":null,"codTEP":null,"WSName":"DB","rangeAddress":"$GX$138:$GX$175","headAddress":"$GX$138","bodyAddress":"$GX$139:$GX$175","_name":"корректировка факт"},"ручное":{"_level":2,"parentID":"7b32ac60-4cf9-4478-86c6-33fbd6fa67f6","firstParentID":"c5dc21a3-0b28-444b-a482-3502221796cb","ID":"f6b8a085-32e6-4f53-964c-a5064f89ac3f","childs":null,"emcosID":null,"emcosMLID":null,"codMaketTEP":null,"codTEP":null,"WSName":"DB","rangeAddress":"$GY$138:$GY$175","headAddress":"$GY$138","bodyAddress":"$GY$139:$GY$175","_name":"ручное"}},"emcosID":null,"emcosMLID":null,"codMaketTEP":null,"codTEP":null,"WSName":"DB","rangeAddress":"$GV$137:$GY$175","headAddress":"$GV$137:$GY$137","bodyAddress":"$GV$138:$GY$175","_name":"отдача"}},"emcosID":null,"emcosMLID":null,"codMaketTEP":null,"codTEP":null,"WSName":"DB","rangeAddress":"$GR$136:$GY$175","headAddress":"$GR$136:$GY$136","bodyAddress":"$GR$137:$GY$175","_name":"ТП1 Чиганак тяга"}},"codPlan":null,"meterCoef":null,"_name":"ТП1 Чиганак тяга"}