{"ID":"cb9928cb-573b-4c17-b51c-8fd10b2e81d7","childs":{"PS":{"_level":0,"parentID":"cb9928cb-573b-4c17-b51c-8fd10b2e81d7","firstParentID":"cb9928cb-573b-4c17-b51c-8fd10b2e81d7","ID":"51839888-7a40-45ed-aa7a-e5bade70de3f","childs":{"отдача":{"_level":1,"parentID":"51839888-7a40-45ed-aa7a-e5bade70de3f","firstParentID":"cb9928cb-573b-4c17-b51c-8fd10b2e81d7","ID":"dba3358f-8ed7-495e-b7e8-4d2cb9addc89","childs":{"по счетчику":{"_level":2,"parentID":"dba3358f-8ed7-495e-b7e8-4d2cb9addc89","firstParentID":"cb9928cb-573b-4c17-b51c-8fd10b2e81d7","ID":"af92dbc3-c241-41b5-98f8-809e8a40203d","childs":null,"emcosID":null,"emcosMLID":null,"codMaketTEP":null,"codTEP":null,"WSName":"PS","rangeAddress":"$CO$99:$CO$135","headAddress":"$CO$99","bodyAddress":"$CO$100:$CO$135","_name":"по счетчику"},"СЧЕТЧИК":{"_level":2,"parentID":"dba3358f-8ed7-495e-b7e8-4d2cb9addc89","firstParentID":"cb9928cb-573b-4c17-b51c-8fd10b2e81d7","ID":"1a92a8ce-22d3-4090-83dd-6bc12e8fd0a8","childs":null,"emcosID":null,"emcosMLID":null,"codMaketTEP":null,"codTEP":null,"WSName":"PS","rangeAddress":"$CP$99:$CP$135","headAddress":"$CP$99","bodyAddress":"$CP$100:$CP$135","_name":"СЧЕТЧИК"}},"emcosID":null,"emcosMLID":null,"codMaketTEP":null,"codTEP":null,"WSName":"PS","rangeAddress":"$CO$98:$CP$135","headAddress":"$CO$98:$CP$98","bodyAddress":"$CO$99:$CP$135","_name":"отдача"}},"emcosID":null,"emcosMLID":null,"codMaketTEP":null,"codTEP":null,"WSName":"PS","rangeAddress":"$CO$97:$CP$135","headAddress":"$CO$97:$CP$97","bodyAddress":"$CO$98:$CP$135","_name":"Т1 10 2В ПС149 Талдыкорган ЗЩА"},"DB":{"_level":0,"parentID":"cb9928cb-573b-4c17-b51c-8fd10b2e81d7","firstParentID":"cb9928cb-573b-4c17-b51c-8fd10b2e81d7","ID":"13af15c8-935d-48cd-97d0-5e0a18172bfd","childs":{"отдача":{"_level":1,"parentID":"13af15c8-935d-48cd-97d0-5e0a18172bfd","firstParentID":"cb9928cb-573b-4c17-b51c-8fd10b2e81d7","ID":"5922d362-9eb6-458d-bc33-d876a7081ffb","childs":{"код":{"_level":2,"parentID":"5922d362-9eb6-458d-bc33-d876a7081ffb","firstParentID":"cb9928cb-573b-4c17-b51c-8fd10b2e81d7","ID":"e3875655-5f7d-4397-9392-cfadcc8d4531","childs":null,"emcosID":null,"emcosMLID":null,"codMaketTEP":null,"codTEP":null,"WSName":"DB","rangeAddress":"$S$525:$S$562","headAddress":"$S$525","bodyAddress":"$S$526:$S$562","_name":"код"},"основное":{"_level":2,"parentID":"5922d362-9eb6-458d-bc33-d876a7081ffb","firstParentID":"cb9928cb-573b-4c17-b51c-8fd10b2e81d7","ID":"3882c0c9-d987-4cc2-88f5-43849001f8e4","childs":null,"emcosID":null,"emcosMLID":null,"codMaketTEP":null,"codTEP":null,"WSName":"DB","rangeAddress":"$T$525:$T$562","headAddress":"$T$525","bodyAddress":"$T$526:$T$562","_name":"основное"},"корректировка факт":{"_level":2,"parentID":"5922d362-9eb6-458d-bc33-d876a7081ffb","firstParentID":"cb9928cb-573b-4c17-b51c-8fd10b2e81d7","ID":"b28263cc-e3de-49b2-b82a-a122dbfc63bd","childs":null,"emcosID":null,"emcosMLID":null,"codMaketTEP":null,"codTEP":null,"WSName":"DB","rangeAddress":"$U$525:$U$562","headAddress":"$U$525","bodyAddress":"$U$526:$U$562","_name":"корректировка факт"},"ручное":{"_level":2,"parentID":"5922d362-9eb6-458d-bc33-d876a7081ffb","firstParentID":"cb9928cb-573b-4c17-b51c-8fd10b2e81d7","ID":"32151094-9f6d-4bd0-9a17-c11e7b11f846","childs":null,"emcosID":null,"emcosMLID":null,"codMaketTEP":null,"codTEP":null,"WSName":"DB","rangeAddress":"$V$525:$V$562","headAddress":"$V$525","bodyAddress":"$V$526:$V$562","_name":"ручное"},"счетчик":{"_level":2,"parentID":"5922d362-9eb6-458d-bc33-d876a7081ffb","firstParentID":"cb9928cb-573b-4c17-b51c-8fd10b2e81d7","ID":"8380a52d-60c3-4db5-8932-fe5bd8f65696","childs":null,"emcosID":null,"emcosMLID":null,"codMaketTEP":null,"codTEP":null,"WSName":"DB","rangeAddress":"$W$525:$W$562","headAddress":"$W$525","bodyAddress":"$W$526:$W$562","_name":"счетчик"},"по счетчику":{"_level":2,"parentID":"5922d362-9eb6-458d-bc33-d876a7081ffb","firstParentID":"cb9928cb-573b-4c17-b51c-8fd10b2e81d7","ID":"15df7341-6f97-4c61-b4fb-cadbc95c9f6d","childs":null,"emcosID":null,"emcosMLID":null,"codMaketTEP":null,"codTEP":null,"WSName":"DB","rangeAddress":"$X$525:$X$562","headAddress":"$X$525","bodyAddress":"$X$526:$X$562","_name":"по счетчику"}},"emcosID":null,"emcosMLID":null,"codMaketTEP":null,"codTEP":null,"WSName":"DB","rangeAddress":"$S$524:$X$562","headAddress":"$S$524:$X$524","bodyAddress":"$S$525:$X$562","_name":"отдача"}},"emcosID":null,"emcosMLID":null,"codMaketTEP":null,"codTEP":null,"WSName":"DB","rangeAddress":"$S$523:$X$562","headAddress":"$S$523:$X$523","bodyAddress":"$S$524:$X$562","_name":"Т1 10 2В ПС149 Талдыкорган ЗЩА"}},"codPlan":null,"meterCoef":"60","_name":"Т1 10 2В ПС149 Талдыкорган ЗЩА"}