{"ID":"cd9bc991-3dde-4e85-a004-a60eaeca9f68","childs":{"PS":{"_level":0,"parentID":"cd9bc991-3dde-4e85-a004-a60eaeca9f68","firstParentID":"cd9bc991-3dde-4e85-a004-a60eaeca9f68","ID":"00cca899-4e4e-4cba-b14c-c6391663d83f","childs":{"прием":{"_level":1,"parentID":"00cca899-4e4e-4cba-b14c-c6391663d83f","firstParentID":"cd9bc991-3dde-4e85-a004-a60eaeca9f68","ID":"595deec4-cdfe-4ba0-8745-7edce8022a55","childs":{"ручное":{"_level":2,"parentID":"595deec4-cdfe-4ba0-8745-7edce8022a55","firstParentID":"cd9bc991-3dde-4e85-a004-a60eaeca9f68","ID":"8a148863-4486-422b-b7f7-d21bdd564dc3","childs":null,"emcosID":null,"emcosMLID":null,"codMaketTEP":null,"codTEP":null,"WSName":"PS","rangeAddress":"$HF$99:$HF$135","headAddress":"$HF$99","bodyAddress":"$HF$100:$HF$135","_name":"ручное"}},"emcosID":null,"emcosMLID":null,"codMaketTEP":null,"codTEP":null,"WSName":"PS","rangeAddress":"$HF$98:$HF$135","headAddress":"$HF$98","bodyAddress":"$HF$99:$HF$135","_name":"прием"},"отдача":{"_level":1,"parentID":"00cca899-4e4e-4cba-b14c-c6391663d83f","firstParentID":"cd9bc991-3dde-4e85-a004-a60eaeca9f68","ID":"c8bf248a-48ba-4e87-98e5-7d087cd21160","childs":{"ручное":{"_level":2,"parentID":"c8bf248a-48ba-4e87-98e5-7d087cd21160","firstParentID":"cd9bc991-3dde-4e85-a004-a60eaeca9f68","ID":"78c9faff-79e0-4630-a429-34a0bb13a48c","childs":null,"emcosID":null,"emcosMLID":null,"codMaketTEP":null,"codTEP":null,"WSName":"PS","rangeAddress":"$HG$99:$HG$135","headAddress":"$HG$99","bodyAddress":"$HG$100:$HG$135","_name":"ручное"}},"emcosID":null,"emcosMLID":null,"codMaketTEP":null,"codTEP":null,"WSName":"PS","rangeAddress":"$HG$98:$HG$135","headAddress":"$HG$98","bodyAddress":"$HG$99:$HG$135","_name":"отдача"}},"emcosID":null,"emcosMLID":null,"codMaketTEP":null,"codTEP":null,"WSName":"PS","rangeAddress":"$HF$97:$HG$135","headAddress":"$HF$97:$HG$97","bodyAddress":"$HF$98:$HG$135","_name":"ТП3 Узун Агач тяга"},"DB":{"_level":0,"parentID":"cd9bc991-3dde-4e85-a004-a60eaeca9f68","firstParentID":"cd9bc991-3dde-4e85-a004-a60eaeca9f68","ID":"2100911f-0342-4678-8ce0-0f9944ee7420","childs":{"прием":{"_level":1,"parentID":"2100911f-0342-4678-8ce0-0f9944ee7420","firstParentID":"cd9bc991-3dde-4e85-a004-a60eaeca9f68","ID":"e6613c03-dc47-41d7-a4d0-ad82559de8ba","childs":{"код":{"_level":2,"parentID":"e6613c03-dc47-41d7-a4d0-ad82559de8ba","firstParentID":"cd9bc991-3dde-4e85-a004-a60eaeca9f68","ID":"68b2053b-f975-411a-9977-99dc66d49ce4","childs":null,"emcosID":null,"emcosMLID":null,"codMaketTEP":null,"codTEP":null,"WSName":"DB","rangeAddress":"$CW$181:$CW$218","headAddress":"$CW$181","bodyAddress":"$CW$182:$CW$218","_name":"код"},"основное":{"_level":2,"parentID":"e6613c03-dc47-41d7-a4d0-ad82559de8ba","firstParentID":"cd9bc991-3dde-4e85-a004-a60eaeca9f68","ID":"9614c24b-cdc8-4fde-9d1e-6201b2a531d0","childs":null,"emcosID":null,"emcosMLID":null,"codMaketTEP":null,"codTEP":null,"WSName":"DB","rangeAddress":"$CX$181:$CX$218","headAddress":"$CX$181","bodyAddress":"$CX$182:$CX$218","_name":"основное"},"корректировка факт":{"_level":2,"parentID":"e6613c03-dc47-41d7-a4d0-ad82559de8ba","firstParentID":"cd9bc991-3dde-4e85-a004-a60eaeca9f68","ID":"8440ad49-4808-4f48-a913-9aefebef4959","childs":null,"emcosID":null,"emcosMLID":null,"codMaketTEP":null,"codTEP":null,"WSName":"DB","rangeAddress":"$CY$181:$CY$218","headAddress":"$CY$181","bodyAddress":"$CY$182:$CY$218","_name":"корректировка факт"},"ручное":{"_level":2,"parentID":"e6613c03-dc47-41d7-a4d0-ad82559de8ba","firstParentID":"cd9bc991-3dde-4e85-a004-a60eaeca9f68","ID":"546614c2-7a66-4fff-8355-a8de260a9c23","childs":null,"emcosID":null,"emcosMLID":null,"codMaketTEP":null,"codTEP":null,"WSName":"DB","rangeAddress":"$CZ$181:$CZ$218","headAddress":"$CZ$181","bodyAddress":"$CZ$182:$CZ$218","_name":"ручное"}},"emcosID":null,"emcosMLID":null,"codMaketTEP":null,"codTEP":null,"WSName":"DB","rangeAddress":"$CW$180:$CZ$218","headAddress":"$CW$180:$CZ$180","bodyAddress":"$CW$181:$CZ$218","_name":"прием"},"отдача":{"_level":1,"parentID":"2100911f-0342-4678-8ce0-0f9944ee7420","firstParentID":"cd9bc991-3dde-4e85-a004-a60eaeca9f68","ID":"b76a38b5-3e40-4712-9b9b-faa3cd337012","childs":{"код":{"_level":2,"parentID":"b76a38b5-3e40-4712-9b9b-faa3cd337012","firstParentID":"cd9bc991-3dde-4e85-a004-a60eaeca9f68","ID":"bdb34ec1-c884-4142-ad69-d2f60e1bd244","childs":null,"emcosID":null,"emcosMLID":null,"codMaketTEP":null,"codTEP":null,"WSName":"DB","rangeAddress":"$DA$181:$DA$218","headAddress":"$DA$181","bodyAddress":"$DA$182:$DA$218","_name":"код"},"основное":{"_level":2,"parentID":"b76a38b5-3e40-4712-9b9b-faa3cd337012","firstParentID":"cd9bc991-3dde-4e85-a004-a60eaeca9f68","ID":"521e1d9c-7e38-4c70-95c5-b86645235a64","childs":null,"emcosID":null,"emcosMLID":null,"codMaketTEP":null,"codTEP":null,"WSName":"DB","rangeAddress":"$DB$181:$DB$218","headAddress":"$DB$181","bodyAddress":"$DB$182:$DB$218","_name":"основное"},"корректировка факт":{"_level":2,"parentID":"b76a38b5-3e40-4712-9b9b-faa3cd337012","firstParentID":"cd9bc991-3dde-4e85-a004-a60eaeca9f68","ID":"3d5ab40b-9ab3-42ec-a664-11a1cd7ad0e3","childs":null,"emcosID":null,"emcosMLID":null,"codMaketTEP":null,"codTEP":null,"WSName":"DB","rangeAddress":"$DC$181:$DC$218","headAddress":"$DC$181","bodyAddress":"$DC$182:$DC$218","_name":"корректировка факт"},"ручное":{"_level":2,"parentID":"b76a38b5-3e40-4712-9b9b-faa3cd337012","firstParentID":"cd9bc991-3dde-4e85-a004-a60eaeca9f68","ID":"8f92c2f7-2158-47c6-9fef-9115c8327c23","childs":null,"emcosID":null,"emcosMLID":null,"codMaketTEP":null,"codTEP":null,"WSName":"DB","rangeAddress":"$DD$181:$DD$218","headAddress":"$DD$181","bodyAddress":"$DD$182:$DD$218","_name":"ручное"}},"emcosID":null,"emcosMLID":null,"codMaketTEP":null,"codTEP":null,"WSName":"DB","rangeAddress":"$DA$180:$DD$218","headAddress":"$DA$180:$DD$180","bodyAddress":"$DA$181:$DD$218","_name":"отдача"}},"emcosID":null,"emcosMLID":null,"codMaketTEP":null,"codTEP":null,"WSName":"DB","rangeAddress":"$CW$179:$DD$218","headAddress":"$CW$179:$DD$179","bodyAddress":"$CW$180:$DD$218","_name":"ТП3 Узун Агач тяга"}},"codPlan":null,"meterCoef":null,"_name":"ТП3 Узун Агач тяга"}