{"ID":"ce9c1ac7-1815-41b3-bb70-dc9d7fcd6c71","childs":{"PS":{"_level":0,"parentID":"ce9c1ac7-1815-41b3-bb70-dc9d7fcd6c71","firstParentID":"ce9c1ac7-1815-41b3-bb70-dc9d7fcd6c71","ID":"7a79833f-f7c3-4e57-b5cf-962d27cb51e5","childs":{"прием":{"_level":1,"parentID":"7a79833f-f7c3-4e57-b5cf-962d27cb51e5","firstParentID":"ce9c1ac7-1815-41b3-bb70-dc9d7fcd6c71","ID":"3f4464fd-350d-4e37-a909-cc46e0b1b08c","childs":{"по счетчику":{"_level":2,"parentID":"3f4464fd-350d-4e37-a909-cc46e0b1b08c","firstParentID":"ce9c1ac7-1815-41b3-bb70-dc9d7fcd6c71","ID":"bde89687-40cd-4c6e-b236-c267b319f358","childs":null,"emcosID":null,"emcosMLID":null,"codMaketTEP":null,"codTEP":null,"WSName":"PS","rangeAddress":"$AA$56:$AA$92","headAddress":"$AA$56","bodyAddress":"$AA$57:$AA$92","_name":"по счетчику"}},"emcosID":null,"emcosMLID":null,"codMaketTEP":null,"codTEP":null,"WSName":"PS","rangeAddress":"$AA$55:$AA$92","headAddress":"$AA$55","bodyAddress":"$AA$56:$AA$92","_name":"прием"},"отдача":{"_level":1,"parentID":"7a79833f-f7c3-4e57-b5cf-962d27cb51e5","firstParentID":"ce9c1ac7-1815-41b3-bb70-dc9d7fcd6c71","ID":"157f19a3-89de-40fb-b97e-99a7894a28ad","childs":{"по счетчику":{"_level":2,"parentID":"157f19a3-89de-40fb-b97e-99a7894a28ad","firstParentID":"ce9c1ac7-1815-41b3-bb70-dc9d7fcd6c71","ID":"be911414-38de-4573-b84b-e8a1eb1d7431","childs":null,"emcosID":null,"emcosMLID":null,"codMaketTEP":null,"codTEP":null,"WSName":"PS","rangeAddress":"$AB$56:$AB$92","headAddress":"$AB$56","bodyAddress":"$AB$57:$AB$92","_name":"по счетчику"}},"emcosID":null,"emcosMLID":null,"codMaketTEP":null,"codTEP":null,"WSName":"PS","rangeAddress":"$AB$55:$AB$92","headAddress":"$AB$55","bodyAddress":"$AB$56:$AB$92","_name":"отдача"}},"emcosID":null,"emcosMLID":null,"codMaketTEP":null,"codTEP":null,"WSName":"PS","rangeAddress":"$AA$54:$AB$92","headAddress":"$AA$54:$AB$54","bodyAddress":"$AA$55:$AB$92","_name":"Л2203 ЮКГРЭС"},"DB":{"_level":0,"parentID":"ce9c1ac7-1815-41b3-bb70-dc9d7fcd6c71","firstParentID":"ce9c1ac7-1815-41b3-bb70-dc9d7fcd6c71","ID":"b6fd3035-b114-4981-8394-f2d76f67b450","childs":{"прием":{"_level":1,"parentID":"b6fd3035-b114-4981-8394-f2d76f67b450","firstParentID":"ce9c1ac7-1815-41b3-bb70-dc9d7fcd6c71","ID":"00517ed5-0d9c-4e65-86d2-c0aeeedff899","childs":{"код":{"_level":2,"parentID":"00517ed5-0d9c-4e65-86d2-c0aeeedff899","firstParentID":"ce9c1ac7-1815-41b3-bb70-dc9d7fcd6c71","ID":"90fda2d1-eb49-4780-877a-fbfdf5169f19","childs":null,"emcosID":null,"emcosMLID":null,"codMaketTEP":null,"codTEP":null,"WSName":"DB","rangeAddress":"$IT$9:$IT$46","headAddress":"$IT$9","bodyAddress":"$IT$10:$IT$46","_name":"код"},"основное":{"_level":2,"parentID":"00517ed5-0d9c-4e65-86d2-c0aeeedff899","firstParentID":"ce9c1ac7-1815-41b3-bb70-dc9d7fcd6c71","ID":"240fc160-a6f8-4531-bc0c-de00babb9ed7","childs":null,"emcosID":null,"emcosMLID":null,"codMaketTEP":null,"codTEP":null,"WSName":"DB","rangeAddress":"$IU$9:$IU$46","headAddress":"$IU$9","bodyAddress":"$IU$10:$IU$46","_name":"основное"},"корректировка факт":{"_level":2,"parentID":"00517ed5-0d9c-4e65-86d2-c0aeeedff899","firstParentID":"ce9c1ac7-1815-41b3-bb70-dc9d7fcd6c71","ID":"f7dcb56c-2e43-4d72-a19b-43c03d07cceb","childs":null,"emcosID":null,"emcosMLID":null,"codMaketTEP":null,"codTEP":null,"WSName":"DB","rangeAddress":"$IV$9:$IV$46","headAddress":"$IV$9","bodyAddress":"$IV$10:$IV$46","_name":"корректировка факт"},"ручное":{"_level":2,"parentID":"00517ed5-0d9c-4e65-86d2-c0aeeedff899","firstParentID":"ce9c1ac7-1815-41b3-bb70-dc9d7fcd6c71","ID":"86f6778f-b356-4917-aa35-0aab008bb0ac","childs":null,"emcosID":null,"emcosMLID":null,"codMaketTEP":null,"codTEP":null,"WSName":"DB","rangeAddress":"$IW$9:$IW$46","headAddress":"$IW$9","bodyAddress":"$IW$10:$IW$46","_name":"ручное"},"счетчик":{"_level":2,"parentID":"00517ed5-0d9c-4e65-86d2-c0aeeedff899","firstParentID":"ce9c1ac7-1815-41b3-bb70-dc9d7fcd6c71","ID":"6a99964b-b71f-4977-8709-5a98060b3324","childs":null,"emcosID":null,"emcosMLID":null,"codMaketTEP":null,"codTEP":null,"WSName":"DB","rangeAddress":"$IX$9:$IX$46","headAddress":"$IX$9","bodyAddress":"$IX$10:$IX$46","_name":"счетчик"},"по счетчику":{"_level":2,"parentID":"00517ed5-0d9c-4e65-86d2-c0aeeedff899","firstParentID":"ce9c1ac7-1815-41b3-bb70-dc9d7fcd6c71","ID":"dc745924-980c-49bf-94d6-a7ce8a0aa3d6","childs":null,"emcosID":null,"emcosMLID":null,"codMaketTEP":null,"codTEP":null,"WSName":"DB","rangeAddress":"$IY$9:$IY$46","headAddress":"$IY$9","bodyAddress":"$IY$10:$IY$46","_name":"по счетчику"}},"emcosID":null,"emcosMLID":null,"codMaketTEP":null,"codTEP":null,"WSName":"DB","rangeAddress":"$IT$8:$IY$46","headAddress":"$IT$8:$IY$8","bodyAddress":"$IT$9:$IY$46","_name":"прием"},"отдача":{"_level":1,"parentID":"b6fd3035-b114-4981-8394-f2d76f67b450","firstParentID":"ce9c1ac7-1815-41b3-bb70-dc9d7fcd6c71","ID":"fe5ce2b7-579a-48da-95e2-fd7beef97729","childs":{"код":{"_level":2,"parentID":"fe5ce2b7-579a-48da-95e2-fd7beef97729","firstParentID":"ce9c1ac7-1815-41b3-bb70-dc9d7fcd6c71","ID":"72872776-ec37-470f-83c3-25b7e9c64460","childs":null,"emcosID":null,"emcosMLID":null,"codMaketTEP":null,"codTEP":null,"WSName":"DB","rangeAddress":"$IZ$9:$IZ$46","headAddress":"$IZ$9","bodyAddress":"$IZ$10:$IZ$46","_name":"код"},"основное":{"_level":2,"parentID":"fe5ce2b7-579a-48da-95e2-fd7beef97729","firstParentID":"ce9c1ac7-1815-41b3-bb70-dc9d7fcd6c71","ID":"4865e2f6-527b-4fa0-b9af-c2339d1bb447","childs":null,"emcosID":null,"emcosMLID":null,"codMaketTEP":null,"codTEP":null,"WSName":"DB","rangeAddress":"$JA$9:$JA$46","headAddress":"$JA$9","bodyAddress":"$JA$10:$JA$46","_name":"основное"},"корректировка факт":{"_level":2,"parentID":"fe5ce2b7-579a-48da-95e2-fd7beef97729","firstParentID":"ce9c1ac7-1815-41b3-bb70-dc9d7fcd6c71","ID":"363d7739-2921-4aee-91d8-8bc83f93cd26","childs":null,"emcosID":null,"emcosMLID":null,"codMaketTEP":null,"codTEP":null,"WSName":"DB","rangeAddress":"$JB$9:$JB$46","headAddress":"$JB$9","bodyAddress":"$JB$10:$JB$46","_name":"корректировка факт"},"ручное":{"_level":2,"parentID":"fe5ce2b7-579a-48da-95e2-fd7beef97729","firstParentID":"ce9c1ac7-1815-41b3-bb70-dc9d7fcd6c71","ID":"0f3765c6-a75a-4564-8c24-a01ca14ba8d5","childs":null,"emcosID":null,"emcosMLID":null,"codMaketTEP":null,"codTEP":null,"WSName":"DB","rangeAddress":"$JC$9:$JC$46","headAddress":"$JC$9","bodyAddress":"$JC$10:$JC$46","_name":"ручное"},"счетчик":{"_level":2,"parentID":"fe5ce2b7-579a-48da-95e2-fd7beef97729","firstParentID":"ce9c1ac7-1815-41b3-bb70-dc9d7fcd6c71","ID":"988def64-baac-49df-8c91-723ff52621d1","childs":null,"emcosID":null,"emcosMLID":null,"codMaketTEP":null,"codTEP":null,"WSName":"DB","rangeAddress":"$JD$9:$JD$46","headAddress":"$JD$9","bodyAddress":"$JD$10:$JD$46","_name":"счетчик"},"по счетчику":{"_level":2,"parentID":"fe5ce2b7-579a-48da-95e2-fd7beef97729","firstParentID":"ce9c1ac7-1815-41b3-bb70-dc9d7fcd6c71","ID":"8aa1786f-74e4-41e1-aa59-ac8157374eb0","childs":null,"emcosID":null,"emcosMLID":null,"codMaketTEP":null,"codTEP":null,"WSName":"DB","rangeAddress":"$JE$9:$JE$46","headAddress":"$JE$9","bodyAddress":"$JE$10:$JE$46","_name":"по счетчику"}},"emcosID":null,"emcosMLID":null,"codMaketTEP":null,"codTEP":null,"WSName":"DB","rangeAddress":"$IZ$8:$JE$46","headAddress":"$IZ$8:$JE$8","bodyAddress":"$IZ$9:$JE$46","_name":"отдача"}},"emcosID":null,"emcosMLID":null,"codMaketTEP":null,"codTEP":null,"WSName":"DB","rangeAddress":"$IT$7:$JE$46","headAddress":"$IT$7:$JE$7","bodyAddress":"$IT$8:$JE$46","_name":"Л2203 ЮКГРЭС"}},"codPlan":null,"meterCoef":"1320","_name":"Л2203 ЮКГРЭС"}