{"ID":"d319e403-1490-49bb-9a33-53bd08eda8ce","childs":{"PS":{"_level":0,"parentID":"d319e403-1490-49bb-9a33-53bd08eda8ce","firstParentID":"d319e403-1490-49bb-9a33-53bd08eda8ce","ID":"7d9d2387-fe2b-4796-ae9f-0c27795055cf","childs":{"прием":{"_level":1,"parentID":"7d9d2387-fe2b-4796-ae9f-0c27795055cf","firstParentID":"d319e403-1490-49bb-9a33-53bd08eda8ce","ID":"ec53af90-f540-4a4f-97dd-299669d57d8f","childs":{"ручное":{"_level":2,"parentID":"ec53af90-f540-4a4f-97dd-299669d57d8f","firstParentID":"d319e403-1490-49bb-9a33-53bd08eda8ce","ID":"ea6304cb-fead-49d0-926e-3f26d02b9e70","childs":null,"emcosID":null,"emcosMLID":null,"codMaketTEP":null,"codTEP":null,"WSName":"PS","rangeAddress":"$Z$228:$Z$264","headAddress":"$Z$228","bodyAddress":"$Z$229:$Z$264","_name":"ручное"}},"emcosID":null,"emcosMLID":null,"codMaketTEP":null,"codTEP":null,"WSName":"PS","rangeAddress":"$Z$227:$Z$264","headAddress":"$Z$227","bodyAddress":"$Z$228:$Z$264","_name":"прием"}},"emcosID":null,"emcosMLID":null,"codMaketTEP":null,"codTEP":null,"WSName":"PS","rangeAddress":"$Z$226:$Z$264","headAddress":"$Z$226","bodyAddress":"$Z$227:$Z$264","_name":"Потребление Каратал Транзит"},"DB":{"_level":0,"parentID":"d319e403-1490-49bb-9a33-53bd08eda8ce","firstParentID":"d319e403-1490-49bb-9a33-53bd08eda8ce","ID":"ca07a281-86af-4864-9d25-f0846e92c6ac","childs":{"прием":{"_level":1,"parentID":"ca07a281-86af-4864-9d25-f0846e92c6ac","firstParentID":"d319e403-1490-49bb-9a33-53bd08eda8ce","ID":"5992d9a4-cf88-42b6-a9f4-a36775cf12d0","childs":{"код":{"_level":2,"parentID":"5992d9a4-cf88-42b6-a9f4-a36775cf12d0","firstParentID":"d319e403-1490-49bb-9a33-53bd08eda8ce","ID":"15e3921e-f214-4558-8d78-0d92f0f4304e","childs":null,"emcosID":null,"emcosMLID":null,"codMaketTEP":null,"codTEP":null,"WSName":"DB","rangeAddress":"$H$224:$H$261","headAddress":"$H$224","bodyAddress":"$H$225:$H$261","_name":"код"},"основное":{"_level":2,"parentID":"5992d9a4-cf88-42b6-a9f4-a36775cf12d0","firstParentID":"d319e403-1490-49bb-9a33-53bd08eda8ce","ID":"9d8a3de3-3ee5-45e9-9d48-9af1bac0ff77","childs":null,"emcosID":null,"emcosMLID":null,"codMaketTEP":null,"codTEP":null,"WSName":"DB","rangeAddress":"$I$224:$I$261","headAddress":"$I$224","bodyAddress":"$I$225:$I$261","_name":"основное"},"корректировка факт":{"_level":2,"parentID":"5992d9a4-cf88-42b6-a9f4-a36775cf12d0","firstParentID":"d319e403-1490-49bb-9a33-53bd08eda8ce","ID":"8263c9d1-77ab-41fb-a04c-e1c7725640d8","childs":null,"emcosID":null,"emcosMLID":null,"codMaketTEP":null,"codTEP":null,"WSName":"DB","rangeAddress":"$J$224:$J$261","headAddress":"$J$224","bodyAddress":"$J$225:$J$261","_name":"корректировка факт"},"ручное":{"_level":2,"parentID":"5992d9a4-cf88-42b6-a9f4-a36775cf12d0","firstParentID":"d319e403-1490-49bb-9a33-53bd08eda8ce","ID":"432e1f9f-d0c0-4921-afcb-e7bbf277ae59","childs":null,"emcosID":null,"emcosMLID":null,"codMaketTEP":null,"codTEP":null,"WSName":"DB","rangeAddress":"$K$224:$K$261","headAddress":"$K$224","bodyAddress":"$K$225:$K$261","_name":"ручное"}},"emcosID":null,"emcosMLID":null,"codMaketTEP":null,"codTEP":null,"WSName":"DB","rangeAddress":"$H$223:$K$261","headAddress":"$H$223:$K$223","bodyAddress":"$H$224:$K$261","_name":"прием"}},"emcosID":null,"emcosMLID":null,"codMaketTEP":null,"codTEP":null,"WSName":"DB","rangeAddress":"$H$222:$K$261","headAddress":"$H$222:$K$222","bodyAddress":"$H$223:$K$261","_name":"Потребление Каратал Транзит"}},"codPlan":null,"meterCoef":null,"_name":"Потребление Каратал Транзит"}