{"ID":"d406a3f7-263d-4068-92a2-10769f5385f4","childs":{"PS":{"_level":0,"parentID":"d406a3f7-263d-4068-92a2-10769f5385f4","firstParentID":"d406a3f7-263d-4068-92a2-10769f5385f4","ID":"03dc4065-f160-4665-a9e7-58e732e42e0d","childs":{"отдача":{"_level":1,"parentID":"03dc4065-f160-4665-a9e7-58e732e42e0d","firstParentID":"d406a3f7-263d-4068-92a2-10769f5385f4","ID":"3ee56598-12b1-4079-bed4-4ea69ee2f0b2","childs":{"ручное":{"_level":2,"parentID":"3ee56598-12b1-4079-bed4-4ea69ee2f0b2","firstParentID":"d406a3f7-263d-4068-92a2-10769f5385f4","ID":"b6adbe33-10cb-4023-b8b0-b14f0f34ca41","childs":null,"emcosID":null,"emcosMLID":null,"codMaketTEP":null,"codTEP":null,"WSName":"PS","rangeAddress":"$CK$185:$CK$221","headAddress":"$CK$185","bodyAddress":"$CK$186:$CK$221","_name":"ручное"}},"emcosID":null,"emcosMLID":null,"codMaketTEP":null,"codTEP":null,"WSName":"PS","rangeAddress":"$CK$184:$CK$221","headAddress":"$CK$184","bodyAddress":"$CK$185:$CK$221","_name":"отдача"}},"emcosID":null,"emcosMLID":null,"codMaketTEP":null,"codTEP":null,"WSName":"PS","rangeAddress":"$CK$183:$CK$221","headAddress":"$CK$183","bodyAddress":"$CK$184:$CK$221","_name":"Отпуск в сеть M Kat Green СЭС Шу 100"},"DB":{"_level":0,"parentID":"d406a3f7-263d-4068-92a2-10769f5385f4","firstParentID":"d406a3f7-263d-4068-92a2-10769f5385f4","ID":"9e50d94a-ecdc-43bf-b043-27faa6ec5a5d","childs":{"отдача":{"_level":1,"parentID":"9e50d94a-ecdc-43bf-b043-27faa6ec5a5d","firstParentID":"d406a3f7-263d-4068-92a2-10769f5385f4","ID":"75e5a4d2-7d4f-4c42-93b4-38e4e218bcff","childs":{"код":{"_level":2,"parentID":"75e5a4d2-7d4f-4c42-93b4-38e4e218bcff","firstParentID":"d406a3f7-263d-4068-92a2-10769f5385f4","ID":"4e1e4546-8486-44b9-b238-0814225ccd4c","childs":null,"emcosID":null,"emcosMLID":null,"codMaketTEP":null,"codTEP":null,"WSName":"DB","rangeAddress":"$DP$396:$DP$433","headAddress":"$DP$396","bodyAddress":"$DP$397:$DP$433","_name":"код"},"основное":{"_level":2,"parentID":"75e5a4d2-7d4f-4c42-93b4-38e4e218bcff","firstParentID":"d406a3f7-263d-4068-92a2-10769f5385f4","ID":"ecf09a20-d15d-458d-b084-c4747bf736cf","childs":null,"emcosID":null,"emcosMLID":null,"codMaketTEP":null,"codTEP":null,"WSName":"DB","rangeAddress":"$DQ$396:$DQ$433","headAddress":"$DQ$396","bodyAddress":"$DQ$397:$DQ$433","_name":"основное"},"корректировка факт":{"_level":2,"parentID":"75e5a4d2-7d4f-4c42-93b4-38e4e218bcff","firstParentID":"d406a3f7-263d-4068-92a2-10769f5385f4","ID":"d0c5818e-c0c8-4aea-bd07-89f0c77b1d13","childs":null,"emcosID":null,"emcosMLID":null,"codMaketTEP":null,"codTEP":null,"WSName":"DB","rangeAddress":"$DR$396:$DR$433","headAddress":"$DR$396","bodyAddress":"$DR$397:$DR$433","_name":"корректировка факт"},"ручное":{"_level":2,"parentID":"75e5a4d2-7d4f-4c42-93b4-38e4e218bcff","firstParentID":"d406a3f7-263d-4068-92a2-10769f5385f4","ID":"5129479c-d2c1-4c9b-94f2-53c514943d2e","childs":null,"emcosID":null,"emcosMLID":null,"codMaketTEP":null,"codTEP":null,"WSName":"DB","rangeAddress":"$DS$396:$DS$433","headAddress":"$DS$396","bodyAddress":"$DS$397:$DS$433","_name":"ручное"},"формула":{"_level":2,"parentID":"75e5a4d2-7d4f-4c42-93b4-38e4e218bcff","firstParentID":"d406a3f7-263d-4068-92a2-10769f5385f4","ID":"543ddc5e-b34e-4188-a1c6-eeacd87f13e3","childs":null,"emcosID":null,"emcosMLID":null,"codMaketTEP":null,"codTEP":null,"WSName":"DB","rangeAddress":"$DT$396:$DT$433","headAddress":"$DT$396","bodyAddress":"$DT$397:$DT$433","_name":"формула"}},"emcosID":null,"emcosMLID":null,"codMaketTEP":null,"codTEP":null,"WSName":"DB","rangeAddress":"$DP$395:$DT$433","headAddress":"$DP$395:$DT$395","bodyAddress":"$DP$396:$DT$433","_name":"отдача"}},"emcosID":null,"emcosMLID":null,"codMaketTEP":null,"codTEP":null,"WSName":"DB","rangeAddress":"$DP$394:$DT$433","headAddress":"$DP$394:$DT$394","bodyAddress":"$DP$395:$DT$433","_name":"Отпуск в сеть M Kat Green СЭС Шу 100"}},"codPlan":null,"meterCoef":null,"_name":"Отпуск в сеть M Kat Green СЭС Шу 100"}