{"ID":"d76056a1-71f3-4e62-a54a-299b1a223e98","childs":{"PS":{"_level":0,"parentID":"d76056a1-71f3-4e62-a54a-299b1a223e98","firstParentID":"d76056a1-71f3-4e62-a54a-299b1a223e98","ID":"dd1126b5-bd12-4914-a4d8-ef1be548ad10","childs":{"прием":{"_level":1,"parentID":"dd1126b5-bd12-4914-a4d8-ef1be548ad10","firstParentID":"d76056a1-71f3-4e62-a54a-299b1a223e98","ID":"70c1a680-0b67-4459-9866-fc6cab517434","childs":{"по счетчику":{"_level":2,"parentID":"70c1a680-0b67-4459-9866-fc6cab517434","firstParentID":"d76056a1-71f3-4e62-a54a-299b1a223e98","ID":"40516149-96b3-4af6-aa0e-be000d61dd55","childs":null,"emcosID":null,"emcosMLID":null,"codMaketTEP":null,"codTEP":null,"WSName":"PS","rangeAddress":"$FQ$99:$FQ$135","headAddress":"$FQ$99","bodyAddress":"$FQ$100:$FQ$135","_name":"по счетчику"}},"emcosID":null,"emcosMLID":null,"codMaketTEP":null,"codTEP":null,"WSName":"PS","rangeAddress":"$FQ$98:$FQ$135","headAddress":"$FQ$98","bodyAddress":"$FQ$99:$FQ$135","_name":"прием"},"отдача":{"_level":1,"parentID":"dd1126b5-bd12-4914-a4d8-ef1be548ad10","firstParentID":"d76056a1-71f3-4e62-a54a-299b1a223e98","ID":"ca91ec0d-f7db-4949-97de-4fa620be827d","childs":{"по счетчику":{"_level":2,"parentID":"ca91ec0d-f7db-4949-97de-4fa620be827d","firstParentID":"d76056a1-71f3-4e62-a54a-299b1a223e98","ID":"d3a1c041-c246-49d7-a4b0-840baab7d568","childs":null,"emcosID":null,"emcosMLID":null,"codMaketTEP":null,"codTEP":null,"WSName":"PS","rangeAddress":"$FR$99:$FR$135","headAddress":"$FR$99","bodyAddress":"$FR$100:$FR$135","_name":"по счетчику"}},"emcosID":null,"emcosMLID":null,"codMaketTEP":null,"codTEP":null,"WSName":"PS","rangeAddress":"$FR$98:$FR$135","headAddress":"$FR$98","bodyAddress":"$FR$99:$FR$135","_name":"отдача"}},"emcosID":null,"emcosMLID":null,"codMaketTEP":null,"codTEP":null,"WSName":"PS","rangeAddress":"$FQ$97:$FR$135","headAddress":"$FQ$97:$FR$97","bodyAddress":"$FQ$98:$FR$135","_name":"Л20А Жилпоселок Строительная 120А"},"DB":{"_level":0,"parentID":"d76056a1-71f3-4e62-a54a-299b1a223e98","firstParentID":"d76056a1-71f3-4e62-a54a-299b1a223e98","ID":"f059c3fe-7521-4376-a9af-f21437f1a0ae","childs":{"прием":{"_level":1,"parentID":"f059c3fe-7521-4376-a9af-f21437f1a0ae","firstParentID":"d76056a1-71f3-4e62-a54a-299b1a223e98","ID":"e1175c02-c398-44ab-8ba7-81ff8bc43e15","childs":{"код":{"_level":2,"parentID":"e1175c02-c398-44ab-8ba7-81ff8bc43e15","firstParentID":"d76056a1-71f3-4e62-a54a-299b1a223e98","ID":"dad67016-ea34-43d8-a9d3-1d01383b0642","childs":null,"emcosID":null,"emcosMLID":null,"codMaketTEP":null,"codTEP":null,"WSName":"DB","rangeAddress":"$Z$353:$Z$390","headAddress":"$Z$353","bodyAddress":"$Z$354:$Z$390","_name":"код"},"основное":{"_level":2,"parentID":"e1175c02-c398-44ab-8ba7-81ff8bc43e15","firstParentID":"d76056a1-71f3-4e62-a54a-299b1a223e98","ID":"9221424b-ff21-4238-bed7-4149493ae148","childs":null,"emcosID":null,"emcosMLID":null,"codMaketTEP":null,"codTEP":null,"WSName":"DB","rangeAddress":"$AA$353:$AA$390","headAddress":"$AA$353","bodyAddress":"$AA$354:$AA$390","_name":"основное"},"корректировка факт":{"_level":2,"parentID":"e1175c02-c398-44ab-8ba7-81ff8bc43e15","firstParentID":"d76056a1-71f3-4e62-a54a-299b1a223e98","ID":"1574d551-e249-49ca-94c0-882e50d0e4b8","childs":null,"emcosID":null,"emcosMLID":null,"codMaketTEP":null,"codTEP":null,"WSName":"DB","rangeAddress":"$AB$353:$AB$390","headAddress":"$AB$353","bodyAddress":"$AB$354:$AB$390","_name":"корректировка факт"},"ручное":{"_level":2,"parentID":"e1175c02-c398-44ab-8ba7-81ff8bc43e15","firstParentID":"d76056a1-71f3-4e62-a54a-299b1a223e98","ID":"2d967483-b3ae-49f0-8ade-2af59825a84a","childs":null,"emcosID":null,"emcosMLID":null,"codMaketTEP":null,"codTEP":null,"WSName":"DB","rangeAddress":"$AC$353:$AC$390","headAddress":"$AC$353","bodyAddress":"$AC$354:$AC$390","_name":"ручное"},"счетчик":{"_level":2,"parentID":"e1175c02-c398-44ab-8ba7-81ff8bc43e15","firstParentID":"d76056a1-71f3-4e62-a54a-299b1a223e98","ID":"1bc2965a-1923-4b00-b405-a3df3a5e06fe","childs":null,"emcosID":null,"emcosMLID":null,"codMaketTEP":null,"codTEP":null,"WSName":"DB","rangeAddress":"$AD$353:$AD$390","headAddress":"$AD$353","bodyAddress":"$AD$354:$AD$390","_name":"счетчик"},"по счетчику":{"_level":2,"parentID":"e1175c02-c398-44ab-8ba7-81ff8bc43e15","firstParentID":"d76056a1-71f3-4e62-a54a-299b1a223e98","ID":"03220cdc-39c3-4d57-b93b-1150557581f1","childs":null,"emcosID":null,"emcosMLID":null,"codMaketTEP":null,"codTEP":null,"WSName":"DB","rangeAddress":"$AE$353:$AE$390","headAddress":"$AE$353","bodyAddress":"$AE$354:$AE$390","_name":"по счетчику"}},"emcosID":null,"emcosMLID":null,"codMaketTEP":null,"codTEP":null,"WSName":"DB","rangeAddress":"$Z$352:$AE$390","headAddress":"$Z$352:$AE$352","bodyAddress":"$Z$353:$AE$390","_name":"прием"},"отдача":{"_level":1,"parentID":"f059c3fe-7521-4376-a9af-f21437f1a0ae","firstParentID":"d76056a1-71f3-4e62-a54a-299b1a223e98","ID":"bb697000-6d1e-4712-9297-83a246f63154","childs":{"код":{"_level":2,"parentID":"bb697000-6d1e-4712-9297-83a246f63154","firstParentID":"d76056a1-71f3-4e62-a54a-299b1a223e98","ID":"ed51b856-40e4-4f61-9511-a472d5a475e4","childs":null,"emcosID":null,"emcosMLID":null,"codMaketTEP":null,"codTEP":null,"WSName":"DB","rangeAddress":"$AF$353:$AF$390","headAddress":"$AF$353","bodyAddress":"$AF$354:$AF$390","_name":"код"},"основное":{"_level":2,"parentID":"bb697000-6d1e-4712-9297-83a246f63154","firstParentID":"d76056a1-71f3-4e62-a54a-299b1a223e98","ID":"64e33036-b731-49e0-96fb-0eab0ce63044","childs":null,"emcosID":null,"emcosMLID":null,"codMaketTEP":null,"codTEP":null,"WSName":"DB","rangeAddress":"$AG$353:$AG$390","headAddress":"$AG$353","bodyAddress":"$AG$354:$AG$390","_name":"основное"},"корректировка факт":{"_level":2,"parentID":"bb697000-6d1e-4712-9297-83a246f63154","firstParentID":"d76056a1-71f3-4e62-a54a-299b1a223e98","ID":"982374c2-10d0-4654-92b4-3751d558002b","childs":null,"emcosID":null,"emcosMLID":null,"codMaketTEP":null,"codTEP":null,"WSName":"DB","rangeAddress":"$AH$353:$AH$390","headAddress":"$AH$353","bodyAddress":"$AH$354:$AH$390","_name":"корректировка факт"},"ручное":{"_level":2,"parentID":"bb697000-6d1e-4712-9297-83a246f63154","firstParentID":"d76056a1-71f3-4e62-a54a-299b1a223e98","ID":"a8b8f7de-92b0-47fe-951e-dfc8e668019e","childs":null,"emcosID":null,"emcosMLID":null,"codMaketTEP":null,"codTEP":null,"WSName":"DB","rangeAddress":"$AI$353:$AI$390","headAddress":"$AI$353","bodyAddress":"$AI$354:$AI$390","_name":"ручное"},"счетчик":{"_level":2,"parentID":"bb697000-6d1e-4712-9297-83a246f63154","firstParentID":"d76056a1-71f3-4e62-a54a-299b1a223e98","ID":"51360a36-443f-4dcd-b460-f2d9f6160be4","childs":null,"emcosID":null,"emcosMLID":null,"codMaketTEP":null,"codTEP":null,"WSName":"DB","rangeAddress":"$AJ$353:$AJ$390","headAddress":"$AJ$353","bodyAddress":"$AJ$354:$AJ$390","_name":"счетчик"},"по счетчику":{"_level":2,"parentID":"bb697000-6d1e-4712-9297-83a246f63154","firstParentID":"d76056a1-71f3-4e62-a54a-299b1a223e98","ID":"f7494506-79e2-43eb-a698-a6f045af9b4e","childs":null,"emcosID":null,"emcosMLID":null,"codMaketTEP":null,"codTEP":null,"WSName":"DB","rangeAddress":"$AK$353:$AK$390","headAddress":"$AK$353","bodyAddress":"$AK$354:$AK$390","_name":"по счетчику"}},"emcosID":null,"emcosMLID":null,"codMaketTEP":null,"codTEP":null,"WSName":"DB","rangeAddress":"$AF$352:$AK$390","headAddress":"$AF$352:$AK$352","bodyAddress":"$AF$353:$AK$390","_name":"отдача"}},"emcosID":null,"emcosMLID":null,"codMaketTEP":null,"codTEP":null,"WSName":"DB","rangeAddress":"$Z$351:$AK$390","headAddress":"$Z$351:$AK$351","bodyAddress":"$Z$352:$AK$390","_name":"Л20А Жилпоселок Строительная 120А"}},"codPlan":null,"meterCoef":null,"_name":"Л20А Жилпоселок Строительная 120А"}