{"ID":"dbb5be15-81da-4b0c-ab91-be26fd8b8a47","childs":{"PS":{"_level":0,"parentID":"dbb5be15-81da-4b0c-ab91-be26fd8b8a47","firstParentID":"dbb5be15-81da-4b0c-ab91-be26fd8b8a47","ID":"32e1b9e3-f763-4f5c-9acc-4a4a4e593b41","childs":{"прием":{"_level":1,"parentID":"32e1b9e3-f763-4f5c-9acc-4a4a4e593b41","firstParentID":"dbb5be15-81da-4b0c-ab91-be26fd8b8a47","ID":"c1817ecc-f05c-4a2b-a5d0-a8d90aa3dcd5","childs":{"по счетчику":{"_level":2,"parentID":"c1817ecc-f05c-4a2b-a5d0-a8d90aa3dcd5","firstParentID":"dbb5be15-81da-4b0c-ab91-be26fd8b8a47","ID":"32f064d2-8e01-41cf-bbd1-edcf3be71c47","childs":null,"emcosID":null,"emcosMLID":null,"codMaketTEP":null,"codTEP":null,"WSName":"PS","rangeAddress":"$AO$56:$AO$92","headAddress":"$AO$56","bodyAddress":"$AO$57:$AO$92","_name":"по счетчику"}},"emcosID":null,"emcosMLID":null,"codMaketTEP":null,"codTEP":null,"WSName":"PS","rangeAddress":"$AO$55:$AO$92","headAddress":"$AO$55","bodyAddress":"$AO$56:$AO$92","_name":"прием"},"отдача":{"_level":1,"parentID":"32e1b9e3-f763-4f5c-9acc-4a4a4e593b41","firstParentID":"dbb5be15-81da-4b0c-ab91-be26fd8b8a47","ID":"41d0959e-8710-48fc-996b-e987c5eaf18c","childs":{"по счетчику":{"_level":2,"parentID":"41d0959e-8710-48fc-996b-e987c5eaf18c","firstParentID":"dbb5be15-81da-4b0c-ab91-be26fd8b8a47","ID":"d1f54edb-e205-4b49-bc6d-75895efc89ce","childs":null,"emcosID":null,"emcosMLID":null,"codMaketTEP":null,"codTEP":null,"WSName":"PS","rangeAddress":"$AP$56:$AP$92","headAddress":"$AP$56","bodyAddress":"$AP$57:$AP$92","_name":"по счетчику"}},"emcosID":null,"emcosMLID":null,"codMaketTEP":null,"codTEP":null,"WSName":"PS","rangeAddress":"$AP$55:$AP$92","headAddress":"$AP$55","bodyAddress":"$AP$56:$AP$92","_name":"отдача"}},"emcosID":null,"emcosMLID":null,"codMaketTEP":null,"codTEP":null,"WSName":"PS","rangeAddress":"$AO$54:$AP$92","headAddress":"$AO$54:$AP$54","bodyAddress":"$AO$55:$AP$92","_name":"Л2513 Шу"},"DB":{"_level":0,"parentID":"dbb5be15-81da-4b0c-ab91-be26fd8b8a47","firstParentID":"dbb5be15-81da-4b0c-ab91-be26fd8b8a47","ID":"38e06a02-45e8-41cb-86a5-697ac4ebd6b4","childs":{"прием":{"_level":1,"parentID":"38e06a02-45e8-41cb-86a5-697ac4ebd6b4","firstParentID":"dbb5be15-81da-4b0c-ab91-be26fd8b8a47","ID":"4f0b817e-bc9a-46f9-97eb-f76205642acc","childs":{"код":{"_level":2,"parentID":"4f0b817e-bc9a-46f9-97eb-f76205642acc","firstParentID":"dbb5be15-81da-4b0c-ab91-be26fd8b8a47","ID":"9d64eac6-5e0c-4949-b6c2-46c99fc39604","childs":null,"emcosID":null,"emcosMLID":null,"codMaketTEP":null,"codTEP":null,"WSName":"DB","rangeAddress":"$HJ$9:$HJ$46","headAddress":"$HJ$9","bodyAddress":"$HJ$10:$HJ$46","_name":"код"},"основное":{"_level":2,"parentID":"4f0b817e-bc9a-46f9-97eb-f76205642acc","firstParentID":"dbb5be15-81da-4b0c-ab91-be26fd8b8a47","ID":"94b50aa8-6cf4-4adf-bff5-15ff1af8f0e4","childs":null,"emcosID":null,"emcosMLID":null,"codMaketTEP":null,"codTEP":null,"WSName":"DB","rangeAddress":"$HK$9:$HK$46","headAddress":"$HK$9","bodyAddress":"$HK$10:$HK$46","_name":"основное"},"корректировка факт":{"_level":2,"parentID":"4f0b817e-bc9a-46f9-97eb-f76205642acc","firstParentID":"dbb5be15-81da-4b0c-ab91-be26fd8b8a47","ID":"c757de07-2d43-4496-bac3-acb9bdb58dd2","childs":null,"emcosID":null,"emcosMLID":null,"codMaketTEP":null,"codTEP":null,"WSName":"DB","rangeAddress":"$HL$9:$HL$46","headAddress":"$HL$9","bodyAddress":"$HL$10:$HL$46","_name":"корректировка факт"},"ручное":{"_level":2,"parentID":"4f0b817e-bc9a-46f9-97eb-f76205642acc","firstParentID":"dbb5be15-81da-4b0c-ab91-be26fd8b8a47","ID":"a146085e-27cc-4c01-b506-800b2b123423","childs":null,"emcosID":null,"emcosMLID":null,"codMaketTEP":null,"codTEP":null,"WSName":"DB","rangeAddress":"$HM$9:$HM$46","headAddress":"$HM$9","bodyAddress":"$HM$10:$HM$46","_name":"ручное"},"счетчик":{"_level":2,"parentID":"4f0b817e-bc9a-46f9-97eb-f76205642acc","firstParentID":"dbb5be15-81da-4b0c-ab91-be26fd8b8a47","ID":"7c0a6716-2c75-4e5d-a80b-d5ab0a8742ba","childs":null,"emcosID":null,"emcosMLID":null,"codMaketTEP":null,"codTEP":null,"WSName":"DB","rangeAddress":"$HN$9:$HN$46","headAddress":"$HN$9","bodyAddress":"$HN$10:$HN$46","_name":"счетчик"},"по счетчику":{"_level":2,"parentID":"4f0b817e-bc9a-46f9-97eb-f76205642acc","firstParentID":"dbb5be15-81da-4b0c-ab91-be26fd8b8a47","ID":"56924e59-91e1-45f4-aeb9-3e261cd52630","childs":null,"emcosID":null,"emcosMLID":null,"codMaketTEP":null,"codTEP":null,"WSName":"DB","rangeAddress":"$HO$9:$HO$46","headAddress":"$HO$9","bodyAddress":"$HO$10:$HO$46","_name":"по счетчику"}},"emcosID":null,"emcosMLID":null,"codMaketTEP":null,"codTEP":null,"WSName":"DB","rangeAddress":"$HJ$8:$HO$46","headAddress":"$HJ$8:$HO$8","bodyAddress":"$HJ$9:$HO$46","_name":"прием"},"отдача":{"_level":1,"parentID":"38e06a02-45e8-41cb-86a5-697ac4ebd6b4","firstParentID":"dbb5be15-81da-4b0c-ab91-be26fd8b8a47","ID":"bbf9bdd4-a32a-4250-8bb4-dc47d941f4a5","childs":{"код":{"_level":2,"parentID":"bbf9bdd4-a32a-4250-8bb4-dc47d941f4a5","firstParentID":"dbb5be15-81da-4b0c-ab91-be26fd8b8a47","ID":"e0924bd8-1b53-48e7-ae1a-cf30d348d1cc","childs":null,"emcosID":null,"emcosMLID":null,"codMaketTEP":null,"codTEP":null,"WSName":"DB","rangeAddress":"$HP$9:$HP$46","headAddress":"$HP$9","bodyAddress":"$HP$10:$HP$46","_name":"код"},"основное":{"_level":2,"parentID":"bbf9bdd4-a32a-4250-8bb4-dc47d941f4a5","firstParentID":"dbb5be15-81da-4b0c-ab91-be26fd8b8a47","ID":"57c738b5-897c-4e56-8c09-b16e32d4c256","childs":null,"emcosID":null,"emcosMLID":null,"codMaketTEP":null,"codTEP":null,"WSName":"DB","rangeAddress":"$HQ$9:$HQ$46","headAddress":"$HQ$9","bodyAddress":"$HQ$10:$HQ$46","_name":"основное"},"корректировка факт":{"_level":2,"parentID":"bbf9bdd4-a32a-4250-8bb4-dc47d941f4a5","firstParentID":"dbb5be15-81da-4b0c-ab91-be26fd8b8a47","ID":"2f122d71-6df5-4585-8f8c-2ba4276e3f15","childs":null,"emcosID":null,"emcosMLID":null,"codMaketTEP":null,"codTEP":null,"WSName":"DB","rangeAddress":"$HR$9:$HR$46","headAddress":"$HR$9","bodyAddress":"$HR$10:$HR$46","_name":"корректировка факт"},"ручное":{"_level":2,"parentID":"bbf9bdd4-a32a-4250-8bb4-dc47d941f4a5","firstParentID":"dbb5be15-81da-4b0c-ab91-be26fd8b8a47","ID":"0093f5df-a928-4d83-9835-eec6a99e9d84","childs":null,"emcosID":null,"emcosMLID":null,"codMaketTEP":null,"codTEP":null,"WSName":"DB","rangeAddress":"$HS$9:$HS$46","headAddress":"$HS$9","bodyAddress":"$HS$10:$HS$46","_name":"ручное"},"счетчик":{"_level":2,"parentID":"bbf9bdd4-a32a-4250-8bb4-dc47d941f4a5","firstParentID":"dbb5be15-81da-4b0c-ab91-be26fd8b8a47","ID":"7eeba269-d3c7-4c3c-8c3b-a8766685a4c2","childs":null,"emcosID":null,"emcosMLID":null,"codMaketTEP":null,"codTEP":null,"WSName":"DB","rangeAddress":"$HT$9:$HT$46","headAddress":"$HT$9","bodyAddress":"$HT$10:$HT$46","_name":"счетчик"},"по счетчику":{"_level":2,"parentID":"bbf9bdd4-a32a-4250-8bb4-dc47d941f4a5","firstParentID":"dbb5be15-81da-4b0c-ab91-be26fd8b8a47","ID":"c0b0f6d4-39c8-4515-81f8-c064c85a095e","childs":null,"emcosID":null,"emcosMLID":null,"codMaketTEP":null,"codTEP":null,"WSName":"DB","rangeAddress":"$HU$9:$HU$46","headAddress":"$HU$9","bodyAddress":"$HU$10:$HU$46","_name":"по счетчику"}},"emcosID":null,"emcosMLID":null,"codMaketTEP":null,"codTEP":null,"WSName":"DB","rangeAddress":"$HP$8:$HU$46","headAddress":"$HP$8:$HU$8","bodyAddress":"$HP$9:$HU$46","_name":"отдача"}},"emcosID":null,"emcosMLID":null,"codMaketTEP":null,"codTEP":null,"WSName":"DB","rangeAddress":"$HJ$7:$HU$46","headAddress":"$HJ$7:$HU$7","bodyAddress":"$HJ$8:$HU$46","_name":"Л2513 Шу"}},"codPlan":null,"meterCoef":null,"_name":"Л2513 Шу"}