{"ID":"dd9b811d-d6d7-4fa9-a2f4-26a519ef730d","childs":{"PS":{"_level":0,"parentID":"dd9b811d-d6d7-4fa9-a2f4-26a519ef730d","firstParentID":"dd9b811d-d6d7-4fa9-a2f4-26a519ef730d","ID":"b71cb006-8b2a-4fac-a642-891187f7219d","childs":{"прием":{"_level":1,"parentID":"b71cb006-8b2a-4fac-a642-891187f7219d","firstParentID":"dd9b811d-d6d7-4fa9-a2f4-26a519ef730d","ID":"ef8bab94-c5d8-4bf3-a996-c4d485055856","childs":{"оперативное":{"_level":2,"parentID":"ef8bab94-c5d8-4bf3-a996-c4d485055856","firstParentID":"dd9b811d-d6d7-4fa9-a2f4-26a519ef730d","ID":"fd933f9b-b99d-4b1b-8abc-329b0d26d39e","childs":null,"emcosID":null,"emcosMLID":null,"codMaketTEP":null,"codTEP":null,"WSName":"PS","rangeAddress":"$FH$99:$FH$135","headAddress":"$FH$99","bodyAddress":"$FH$100:$FH$135","_name":"оперативное"}},"emcosID":null,"emcosMLID":null,"codMaketTEP":null,"codTEP":null,"WSName":"PS","rangeAddress":"$FH$98:$FH$135","headAddress":"$FH$98","bodyAddress":"$FH$99:$FH$135","_name":"прием"},"отдача":{"_level":1,"parentID":"b71cb006-8b2a-4fac-a642-891187f7219d","firstParentID":"dd9b811d-d6d7-4fa9-a2f4-26a519ef730d","ID":"ef509f34-326d-420f-9cc1-a283de554d1a","childs":{"оперативное":{"_level":2,"parentID":"ef509f34-326d-420f-9cc1-a283de554d1a","firstParentID":"dd9b811d-d6d7-4fa9-a2f4-26a519ef730d","ID":"e4a06dd6-4cc1-468c-be32-d92f48109232","childs":null,"emcosID":null,"emcosMLID":null,"codMaketTEP":null,"codTEP":null,"WSName":"PS","rangeAddress":"$FI$99:$FI$135","headAddress":"$FI$99","bodyAddress":"$FI$100:$FI$135","_name":"оперативное"}},"emcosID":null,"emcosMLID":null,"codMaketTEP":null,"codTEP":null,"WSName":"PS","rangeAddress":"$FI$98:$FI$135","headAddress":"$FI$98","bodyAddress":"$FI$99:$FI$135","_name":"отдача"}},"emcosID":null,"emcosMLID":null,"codMaketTEP":null,"codTEP":null,"WSName":"PS","rangeAddress":"$FH$97:$FI$135","headAddress":"$FH$97:$FI$97","bodyAddress":"$FH$98:$FI$135","_name":"АТ2 Шелек 68И"},"DB":{"_level":0,"parentID":"dd9b811d-d6d7-4fa9-a2f4-26a519ef730d","firstParentID":"dd9b811d-d6d7-4fa9-a2f4-26a519ef730d","ID":"f0f7cbcd-736a-499f-9252-bc4aa13c8c06","childs":{"прием":{"_level":1,"parentID":"f0f7cbcd-736a-499f-9252-bc4aa13c8c06","firstParentID":"dd9b811d-d6d7-4fa9-a2f4-26a519ef730d","ID":"b61715af-5949-45db-951f-e893d729cef4","childs":{"код":{"_level":2,"parentID":"b61715af-5949-45db-951f-e893d729cef4","firstParentID":"dd9b811d-d6d7-4fa9-a2f4-26a519ef730d","ID":"7ecc6d40-d249-4a90-818f-8a02997cbf6c","childs":null,"emcosID":null,"emcosMLID":null,"codMaketTEP":null,"codTEP":null,"WSName":"DB","rangeAddress":"$C$310:$C$347","headAddress":"$C$310","bodyAddress":"$C$311:$C$347","_name":"код"},"основное":{"_level":2,"parentID":"b61715af-5949-45db-951f-e893d729cef4","firstParentID":"dd9b811d-d6d7-4fa9-a2f4-26a519ef730d","ID":"4e3ffffb-e470-4b7c-9782-c1bd1447c7cc","childs":null,"emcosID":null,"emcosMLID":null,"codMaketTEP":null,"codTEP":null,"WSName":"DB","rangeAddress":"$D$310:$D$347","headAddress":"$D$310","bodyAddress":"$D$311:$D$347","_name":"основное"},"корректировка факт":{"_level":2,"parentID":"b61715af-5949-45db-951f-e893d729cef4","firstParentID":"dd9b811d-d6d7-4fa9-a2f4-26a519ef730d","ID":"90d13536-f47f-40a6-9f39-ac139e4c8d6b","childs":null,"emcosID":null,"emcosMLID":null,"codMaketTEP":null,"codTEP":null,"WSName":"DB","rangeAddress":"$E$310:$E$347","headAddress":"$E$310","bodyAddress":"$E$311:$E$347","_name":"корректировка факт"},"ручное":{"_level":2,"parentID":"b61715af-5949-45db-951f-e893d729cef4","firstParentID":"dd9b811d-d6d7-4fa9-a2f4-26a519ef730d","ID":"5224d3f8-b378-4d61-bc5c-ac67606d4c8c","childs":null,"emcosID":null,"emcosMLID":null,"codMaketTEP":null,"codTEP":null,"WSName":"DB","rangeAddress":"$F$310:$F$347","headAddress":"$F$310","bodyAddress":"$F$311:$F$347","_name":"ручное"},"оперативное":{"_level":2,"parentID":"b61715af-5949-45db-951f-e893d729cef4","firstParentID":"dd9b811d-d6d7-4fa9-a2f4-26a519ef730d","ID":"ad428094-c24c-4cb3-af37-8d86b94b0b5d","childs":null,"emcosID":null,"emcosMLID":null,"codMaketTEP":null,"codTEP":null,"WSName":"DB","rangeAddress":"$G$310:$G$347","headAddress":"$G$310","bodyAddress":"$G$311:$G$347","_name":"оперативное"}},"emcosID":null,"emcosMLID":null,"codMaketTEP":null,"codTEP":null,"WSName":"DB","rangeAddress":"$C$309:$G$347","headAddress":"$C$309:$G$309","bodyAddress":"$C$310:$G$347","_name":"прием"},"отдача":{"_level":1,"parentID":"f0f7cbcd-736a-499f-9252-bc4aa13c8c06","firstParentID":"dd9b811d-d6d7-4fa9-a2f4-26a519ef730d","ID":"513ec272-6acc-4bab-af99-6f97340b56f7","childs":{"код":{"_level":2,"parentID":"513ec272-6acc-4bab-af99-6f97340b56f7","firstParentID":"dd9b811d-d6d7-4fa9-a2f4-26a519ef730d","ID":"016e7e90-3053-4295-abeb-98cd46a1cad1","childs":null,"emcosID":null,"emcosMLID":null,"codMaketTEP":null,"codTEP":null,"WSName":"DB","rangeAddress":"$H$310:$H$347","headAddress":"$H$310","bodyAddress":"$H$311:$H$347","_name":"код"},"основное":{"_level":2,"parentID":"513ec272-6acc-4bab-af99-6f97340b56f7","firstParentID":"dd9b811d-d6d7-4fa9-a2f4-26a519ef730d","ID":"1fa88721-09a1-4824-97e3-c6acff367f7e","childs":null,"emcosID":null,"emcosMLID":null,"codMaketTEP":null,"codTEP":null,"WSName":"DB","rangeAddress":"$I$310:$I$347","headAddress":"$I$310","bodyAddress":"$I$311:$I$347","_name":"основное"},"корректировка факт":{"_level":2,"parentID":"513ec272-6acc-4bab-af99-6f97340b56f7","firstParentID":"dd9b811d-d6d7-4fa9-a2f4-26a519ef730d","ID":"8814644e-6977-4967-953f-ef54043a0741","childs":null,"emcosID":null,"emcosMLID":null,"codMaketTEP":null,"codTEP":null,"WSName":"DB","rangeAddress":"$J$310:$J$347","headAddress":"$J$310","bodyAddress":"$J$311:$J$347","_name":"корректировка факт"},"ручное":{"_level":2,"parentID":"513ec272-6acc-4bab-af99-6f97340b56f7","firstParentID":"dd9b811d-d6d7-4fa9-a2f4-26a519ef730d","ID":"a474071b-2921-4516-8a5e-3b4b228ff1c1","childs":null,"emcosID":null,"emcosMLID":null,"codMaketTEP":null,"codTEP":null,"WSName":"DB","rangeAddress":"$K$310:$K$347","headAddress":"$K$310","bodyAddress":"$K$311:$K$347","_name":"ручное"},"оперативное":{"_level":2,"parentID":"513ec272-6acc-4bab-af99-6f97340b56f7","firstParentID":"dd9b811d-d6d7-4fa9-a2f4-26a519ef730d","ID":"d30aa0c4-1ddb-48c4-bd1c-36fe6c58c179","childs":null,"emcosID":null,"emcosMLID":null,"codMaketTEP":null,"codTEP":null,"WSName":"DB","rangeAddress":"$L$310:$L$347","headAddress":"$L$310","bodyAddress":"$L$311:$L$347","_name":"оперативное"}},"emcosID":null,"emcosMLID":null,"codMaketTEP":null,"codTEP":null,"WSName":"DB","rangeAddress":"$H$309:$L$347","headAddress":"$H$309:$L$309","bodyAddress":"$H$310:$L$347","_name":"отдача"}},"emcosID":null,"emcosMLID":null,"codMaketTEP":null,"codTEP":null,"WSName":"DB","rangeAddress":"$C$308:$L$347","headAddress":"$C$308:$L$308","bodyAddress":"$C$309:$L$347","_name":"АТ2 Шелек 68И"}},"codPlan":null,"meterCoef":null,"_name":"АТ2 Шелек 68И"}