{"ID":"e0275b38-5db6-4992-bfda-ed4f7f2e331d","childs":{"PS":{"_level":0,"parentID":"e0275b38-5db6-4992-bfda-ed4f7f2e331d","firstParentID":"e0275b38-5db6-4992-bfda-ed4f7f2e331d","ID":"06d6b6c3-94e6-464c-a154-342be4bd55bf","childs":{"отдача":{"_level":1,"parentID":"06d6b6c3-94e6-464c-a154-342be4bd55bf","firstParentID":"e0275b38-5db6-4992-bfda-ed4f7f2e331d","ID":"58849247-0666-4900-8875-8a95859ec9b6","childs":{"по счетчику":{"_level":2,"parentID":"58849247-0666-4900-8875-8a95859ec9b6","firstParentID":"e0275b38-5db6-4992-bfda-ed4f7f2e331d","ID":"ad5b0088-b9e8-44a7-8bde-3126daaf8c14","childs":null,"emcosID":null,"emcosMLID":null,"codMaketTEP":null,"codTEP":null,"WSName":"PS","rangeAddress":"$EQ$99:$EQ$135","headAddress":"$EQ$99","bodyAddress":"$EQ$100:$EQ$135","_name":"по счетчику"},"СЧЕТЧИК":{"_level":2,"parentID":"58849247-0666-4900-8875-8a95859ec9b6","firstParentID":"e0275b38-5db6-4992-bfda-ed4f7f2e331d","ID":"2de5385f-114e-422b-8d89-e365bf983efd","childs":null,"emcosID":null,"emcosMLID":null,"codMaketTEP":null,"codTEP":null,"WSName":"PS","rangeAddress":"$ER$99:$ER$135","headAddress":"$ER$99","bodyAddress":"$ER$100:$ER$135","_name":"СЧЕТЧИК"}},"emcosID":null,"emcosMLID":null,"codMaketTEP":null,"codTEP":null,"WSName":"PS","rangeAddress":"$EQ$98:$ER$135","headAddress":"$EQ$98:$ER$98","bodyAddress":"$EQ$99:$ER$135","_name":"отдача"}},"emcosID":null,"emcosMLID":null,"codMaketTEP":null,"codTEP":null,"WSName":"PS","rangeAddress":"$EQ$97:$ER$135","headAddress":"$EQ$97:$ER$97","bodyAddress":"$EQ$98:$ER$135","_name":"КЛ36 ПС152 Талдыкорган"},"DB":{"_level":0,"parentID":"e0275b38-5db6-4992-bfda-ed4f7f2e331d","firstParentID":"e0275b38-5db6-4992-bfda-ed4f7f2e331d","ID":"29401386-7c8b-44a6-b607-90c3a0850ab2","childs":{"отдача":{"_level":1,"parentID":"29401386-7c8b-44a6-b607-90c3a0850ab2","firstParentID":"e0275b38-5db6-4992-bfda-ed4f7f2e331d","ID":"4f614821-36b6-4e96-be99-4a115d16faff","childs":{"код":{"_level":2,"parentID":"4f614821-36b6-4e96-be99-4a115d16faff","firstParentID":"e0275b38-5db6-4992-bfda-ed4f7f2e331d","ID":"fdf2f92e-cd08-4cbb-b572-668ca879f71e","childs":null,"emcosID":null,"emcosMLID":null,"codMaketTEP":null,"codTEP":null,"WSName":"DB","rangeAddress":"$GI$525:$GI$562","headAddress":"$GI$525","bodyAddress":"$GI$526:$GI$562","_name":"код"},"основное":{"_level":2,"parentID":"4f614821-36b6-4e96-be99-4a115d16faff","firstParentID":"e0275b38-5db6-4992-bfda-ed4f7f2e331d","ID":"87ef39dd-3cdd-47da-8ce4-87ede206ec13","childs":null,"emcosID":null,"emcosMLID":null,"codMaketTEP":null,"codTEP":null,"WSName":"DB","rangeAddress":"$GJ$525:$GJ$562","headAddress":"$GJ$525","bodyAddress":"$GJ$526:$GJ$562","_name":"основное"},"корректировка факт":{"_level":2,"parentID":"4f614821-36b6-4e96-be99-4a115d16faff","firstParentID":"e0275b38-5db6-4992-bfda-ed4f7f2e331d","ID":"cdc918aa-7134-4e01-9329-1da2f1ad207b","childs":null,"emcosID":null,"emcosMLID":null,"codMaketTEP":null,"codTEP":null,"WSName":"DB","rangeAddress":"$GK$525:$GK$562","headAddress":"$GK$525","bodyAddress":"$GK$526:$GK$562","_name":"корректировка факт"},"ручное":{"_level":2,"parentID":"4f614821-36b6-4e96-be99-4a115d16faff","firstParentID":"e0275b38-5db6-4992-bfda-ed4f7f2e331d","ID":"c6fb5fa5-4005-4d0f-aae6-49a5ead46b0c","childs":null,"emcosID":null,"emcosMLID":null,"codMaketTEP":null,"codTEP":null,"WSName":"DB","rangeAddress":"$GL$525:$GL$562","headAddress":"$GL$525","bodyAddress":"$GL$526:$GL$562","_name":"ручное"},"счетчик":{"_level":2,"parentID":"4f614821-36b6-4e96-be99-4a115d16faff","firstParentID":"e0275b38-5db6-4992-bfda-ed4f7f2e331d","ID":"efe1c476-d2a4-4fca-b22d-9e94f2443d06","childs":null,"emcosID":null,"emcosMLID":null,"codMaketTEP":null,"codTEP":null,"WSName":"DB","rangeAddress":"$GM$525:$GM$562","headAddress":"$GM$525","bodyAddress":"$GM$526:$GM$562","_name":"счетчик"},"по счетчику":{"_level":2,"parentID":"4f614821-36b6-4e96-be99-4a115d16faff","firstParentID":"e0275b38-5db6-4992-bfda-ed4f7f2e331d","ID":"355dd211-114e-4a07-8caf-8cc275b617a9","childs":null,"emcosID":null,"emcosMLID":null,"codMaketTEP":null,"codTEP":null,"WSName":"DB","rangeAddress":"$GN$525:$GN$562","headAddress":"$GN$525","bodyAddress":"$GN$526:$GN$562","_name":"по счетчику"}},"emcosID":null,"emcosMLID":null,"codMaketTEP":null,"codTEP":null,"WSName":"DB","rangeAddress":"$GI$524:$GN$562","headAddress":"$GI$524:$GN$524","bodyAddress":"$GI$525:$GN$562","_name":"отдача"}},"emcosID":null,"emcosMLID":null,"codMaketTEP":null,"codTEP":null,"WSName":"DB","rangeAddress":"$GI$523:$GN$562","headAddress":"$GI$523:$GN$523","bodyAddress":"$GI$524:$GN$562","_name":"КЛ36 ПС152 Талдыкорган"}},"codPlan":null,"meterCoef":"6","_name":"КЛ36 ПС152 Талдыкорган"}