{"ID":"e0275b38-5db6-4992-bfda-ed4f7f2e331d","childs":{"PS":{"_level":0,"parentID":"e0275b38-5db6-4992-bfda-ed4f7f2e331d","firstParentID":"e0275b38-5db6-4992-bfda-ed4f7f2e331d","ID":"06d6b6c3-94e6-464c-a154-342be4bd55bf","childs":{"прием":{"_level":1,"parentID":"06d6b6c3-94e6-464c-a154-342be4bd55bf","firstParentID":"e0275b38-5db6-4992-bfda-ed4f7f2e331d","ID":"372a0115-4435-4953-aa8b-b402d257d441","childs":{"по счетчику":{"_level":2,"parentID":"372a0115-4435-4953-aa8b-b402d257d441","firstParentID":"e0275b38-5db6-4992-bfda-ed4f7f2e331d","ID":"80b3430b-c65e-46ce-bdd5-84832e933e53","childs":null,"emcosID":null,"emcosMLID":null,"codMaketTEP":null,"codTEP":null,"WSName":"PS","rangeAddress":"$GL$99:$GL$135","headAddress":"$GL$99","bodyAddress":"$GL$100:$GL$135","_name":"по счетчику"},"СЧЕТЧИК":{"_level":2,"parentID":"372a0115-4435-4953-aa8b-b402d257d441","firstParentID":"e0275b38-5db6-4992-bfda-ed4f7f2e331d","ID":"0bed1885-1507-41f5-8fb3-6fcf5d3b6b70","childs":null,"emcosID":null,"emcosMLID":null,"codMaketTEP":null,"codTEP":null,"WSName":"PS","rangeAddress":"$GM$99:$GM$135","headAddress":"$GM$99","bodyAddress":"$GM$100:$GM$135","_name":"СЧЕТЧИК"}},"emcosID":null,"emcosMLID":null,"codMaketTEP":null,"codTEP":null,"WSName":"PS","rangeAddress":"$GL$98:$GM$135","headAddress":"$GL$98:$GM$98","bodyAddress":"$GL$99:$GM$135","_name":"прием"},"отдача":{"_level":1,"parentID":"06d6b6c3-94e6-464c-a154-342be4bd55bf","firstParentID":"e0275b38-5db6-4992-bfda-ed4f7f2e331d","ID":"58849247-0666-4900-8875-8a95859ec9b6","childs":{"по счетчику":{"_level":2,"parentID":"58849247-0666-4900-8875-8a95859ec9b6","firstParentID":"e0275b38-5db6-4992-bfda-ed4f7f2e331d","ID":"ad5b0088-b9e8-44a7-8bde-3126daaf8c14","childs":null,"emcosID":null,"emcosMLID":null,"codMaketTEP":null,"codTEP":null,"WSName":"PS","rangeAddress":"$GN$99:$GN$135","headAddress":"$GN$99","bodyAddress":"$GN$100:$GN$135","_name":"по счетчику"},"СЧЕТЧИК":{"_level":2,"parentID":"58849247-0666-4900-8875-8a95859ec9b6","firstParentID":"e0275b38-5db6-4992-bfda-ed4f7f2e331d","ID":"2de5385f-114e-422b-8d89-e365bf983efd","childs":null,"emcosID":null,"emcosMLID":null,"codMaketTEP":null,"codTEP":null,"WSName":"PS","rangeAddress":"$GO$99:$GO$135","headAddress":"$GO$99","bodyAddress":"$GO$100:$GO$135","_name":"СЧЕТЧИК"}},"emcosID":null,"emcosMLID":null,"codMaketTEP":null,"codTEP":null,"WSName":"PS","rangeAddress":"$GN$98:$GO$135","headAddress":"$GN$98:$GO$98","bodyAddress":"$GN$99:$GO$135","_name":"отдача"}},"emcosID":null,"emcosMLID":null,"codMaketTEP":null,"codTEP":null,"WSName":"PS","rangeAddress":"$GL$97:$GO$135","headAddress":"$GL$97:$GO$97","bodyAddress":"$GL$98:$GO$135","_name":"КЛ36 ПС152 Талдыкорган"},"DB":{"_level":0,"parentID":"e0275b38-5db6-4992-bfda-ed4f7f2e331d","firstParentID":"e0275b38-5db6-4992-bfda-ed4f7f2e331d","ID":"29401386-7c8b-44a6-b607-90c3a0850ab2","childs":{"прием":{"_level":1,"parentID":"29401386-7c8b-44a6-b607-90c3a0850ab2","firstParentID":"e0275b38-5db6-4992-bfda-ed4f7f2e331d","ID":"1d0ab40a-1d71-48c4-8d57-9e3ff42550f1","childs":{"код":{"_level":2,"parentID":"1d0ab40a-1d71-48c4-8d57-9e3ff42550f1","firstParentID":"e0275b38-5db6-4992-bfda-ed4f7f2e331d","ID":"252dae71-cfec-4bf5-90fb-aa4816b7893b","childs":null,"emcosID":null,"emcosMLID":null,"codMaketTEP":null,"codTEP":null,"WSName":"DB","rangeAddress":"$JQ$525:$JQ$562","headAddress":"$JQ$525","bodyAddress":"$JQ$526:$JQ$562","_name":"код"},"основное":{"_level":2,"parentID":"1d0ab40a-1d71-48c4-8d57-9e3ff42550f1","firstParentID":"e0275b38-5db6-4992-bfda-ed4f7f2e331d","ID":"7a315b4b-2e0b-4089-ad73-29a28863cb6f","childs":null,"emcosID":null,"emcosMLID":null,"codMaketTEP":null,"codTEP":null,"WSName":"DB","rangeAddress":"$JR$525:$JR$562","headAddress":"$JR$525","bodyAddress":"$JR$526:$JR$562","_name":"основное"},"корректировка факт":{"_level":2,"parentID":"1d0ab40a-1d71-48c4-8d57-9e3ff42550f1","firstParentID":"e0275b38-5db6-4992-bfda-ed4f7f2e331d","ID":"917e8621-d198-4807-8d32-b9c3fb282e77","childs":null,"emcosID":null,"emcosMLID":null,"codMaketTEP":null,"codTEP":null,"WSName":"DB","rangeAddress":"$JS$525:$JS$562","headAddress":"$JS$525","bodyAddress":"$JS$526:$JS$562","_name":"корректировка факт"},"ручное":{"_level":2,"parentID":"1d0ab40a-1d71-48c4-8d57-9e3ff42550f1","firstParentID":"e0275b38-5db6-4992-bfda-ed4f7f2e331d","ID":"04e4151a-b8fd-4248-bc37-a35df485ccd6","childs":null,"emcosID":null,"emcosMLID":null,"codMaketTEP":null,"codTEP":null,"WSName":"DB","rangeAddress":"$JT$525:$JT$562","headAddress":"$JT$525","bodyAddress":"$JT$526:$JT$562","_name":"ручное"},"счетчик":{"_level":2,"parentID":"1d0ab40a-1d71-48c4-8d57-9e3ff42550f1","firstParentID":"e0275b38-5db6-4992-bfda-ed4f7f2e331d","ID":"3053050b-c793-4b80-b5a3-cc6ef55fe677","childs":null,"emcosID":null,"emcosMLID":null,"codMaketTEP":null,"codTEP":null,"WSName":"DB","rangeAddress":"$JU$525:$JU$562","headAddress":"$JU$525","bodyAddress":"$JU$526:$JU$562","_name":"счетчик"},"по счетчику":{"_level":2,"parentID":"1d0ab40a-1d71-48c4-8d57-9e3ff42550f1","firstParentID":"e0275b38-5db6-4992-bfda-ed4f7f2e331d","ID":"487acfe6-856a-41b0-b77c-f20614cb50c8","childs":null,"emcosID":null,"emcosMLID":null,"codMaketTEP":null,"codTEP":null,"WSName":"DB","rangeAddress":"$JV$525:$JV$562","headAddress":"$JV$525","bodyAddress":"$JV$526:$JV$562","_name":"по счетчику"}},"emcosID":null,"emcosMLID":null,"codMaketTEP":null,"codTEP":null,"WSName":"DB","rangeAddress":"$JQ$524:$JV$562","headAddress":"$JQ$524:$JV$524","bodyAddress":"$JQ$525:$JV$562","_name":"прием"},"отдача":{"_level":1,"parentID":"29401386-7c8b-44a6-b607-90c3a0850ab2","firstParentID":"e0275b38-5db6-4992-bfda-ed4f7f2e331d","ID":"4f614821-36b6-4e96-be99-4a115d16faff","childs":{"код":{"_level":2,"parentID":"4f614821-36b6-4e96-be99-4a115d16faff","firstParentID":"e0275b38-5db6-4992-bfda-ed4f7f2e331d","ID":"fdf2f92e-cd08-4cbb-b572-668ca879f71e","childs":null,"emcosID":null,"emcosMLID":null,"codMaketTEP":null,"codTEP":null,"WSName":"DB","rangeAddress":"$JW$525:$JW$562","headAddress":"$JW$525","bodyAddress":"$JW$526:$JW$562","_name":"код"},"основное":{"_level":2,"parentID":"4f614821-36b6-4e96-be99-4a115d16faff","firstParentID":"e0275b38-5db6-4992-bfda-ed4f7f2e331d","ID":"87ef39dd-3cdd-47da-8ce4-87ede206ec13","childs":null,"emcosID":null,"emcosMLID":null,"codMaketTEP":null,"codTEP":null,"WSName":"DB","rangeAddress":"$JX$525:$JX$562","headAddress":"$JX$525","bodyAddress":"$JX$526:$JX$562","_name":"основное"},"корректировка факт":{"_level":2,"parentID":"4f614821-36b6-4e96-be99-4a115d16faff","firstParentID":"e0275b38-5db6-4992-bfda-ed4f7f2e331d","ID":"cdc918aa-7134-4e01-9329-1da2f1ad207b","childs":null,"emcosID":null,"emcosMLID":null,"codMaketTEP":null,"codTEP":null,"WSName":"DB","rangeAddress":"$JY$525:$JY$562","headAddress":"$JY$525","bodyAddress":"$JY$526:$JY$562","_name":"корректировка факт"},"ручное":{"_level":2,"parentID":"4f614821-36b6-4e96-be99-4a115d16faff","firstParentID":"e0275b38-5db6-4992-bfda-ed4f7f2e331d","ID":"c6fb5fa5-4005-4d0f-aae6-49a5ead46b0c","childs":null,"emcosID":null,"emcosMLID":null,"codMaketTEP":null,"codTEP":null,"WSName":"DB","rangeAddress":"$JZ$525:$JZ$562","headAddress":"$JZ$525","bodyAddress":"$JZ$526:$JZ$562","_name":"ручное"},"счетчик":{"_level":2,"parentID":"4f614821-36b6-4e96-be99-4a115d16faff","firstParentID":"e0275b38-5db6-4992-bfda-ed4f7f2e331d","ID":"efe1c476-d2a4-4fca-b22d-9e94f2443d06","childs":null,"emcosID":null,"emcosMLID":null,"codMaketTEP":null,"codTEP":null,"WSName":"DB","rangeAddress":"$KA$525:$KA$562","headAddress":"$KA$525","bodyAddress":"$KA$526:$KA$562","_name":"счетчик"},"по счетчику":{"_level":2,"parentID":"4f614821-36b6-4e96-be99-4a115d16faff","firstParentID":"e0275b38-5db6-4992-bfda-ed4f7f2e331d","ID":"355dd211-114e-4a07-8caf-8cc275b617a9","childs":null,"emcosID":null,"emcosMLID":null,"codMaketTEP":null,"codTEP":null,"WSName":"DB","rangeAddress":"$KB$525:$KB$562","headAddress":"$KB$525","bodyAddress":"$KB$526:$KB$562","_name":"по счетчику"}},"emcosID":null,"emcosMLID":null,"codMaketTEP":null,"codTEP":null,"WSName":"DB","rangeAddress":"$JW$524:$KB$562","headAddress":"$JW$524:$KB$524","bodyAddress":"$JW$525:$KB$562","_name":"отдача"}},"emcosID":null,"emcosMLID":null,"codMaketTEP":null,"codTEP":null,"WSName":"DB","rangeAddress":"$JQ$523:$KB$562","headAddress":"$JQ$523:$KB$523","bodyAddress":"$JQ$524:$KB$562","_name":"КЛ36 ПС152 Талдыкорган"}},"codPlan":null,"meterCoef":"6","_name":"КЛ36 ПС152 Талдыкорган"}