{"ID":"e20312b3-c28a-4913-b028-c6bac4bb092d","childs":{"PS":{"_level":0,"parentID":"e20312b3-c28a-4913-b028-c6bac4bb092d","firstParentID":"e20312b3-c28a-4913-b028-c6bac4bb092d","ID":"7271b98e-8a93-4001-b245-5b2c56380d6d","childs":{"прием":{"_level":1,"parentID":"7271b98e-8a93-4001-b245-5b2c56380d6d","firstParentID":"e20312b3-c28a-4913-b028-c6bac4bb092d","ID":"7081f07d-6bc1-47d2-b919-85e6ec7b7818","childs":{"по счетчику":{"_level":2,"parentID":"7081f07d-6bc1-47d2-b919-85e6ec7b7818","firstParentID":"e20312b3-c28a-4913-b028-c6bac4bb092d","ID":"1e6f3251-d99c-4a44-9e22-53a600484e58","childs":null,"emcosID":null,"emcosMLID":null,"codMaketTEP":null,"codTEP":null,"WSName":"PS","rangeAddress":"$HJ$99:$HJ$135","headAddress":"$HJ$99","bodyAddress":"$HJ$100:$HJ$135","_name":"по счетчику"},"СЧЕТЧИК":{"_level":2,"parentID":"7081f07d-6bc1-47d2-b919-85e6ec7b7818","firstParentID":"e20312b3-c28a-4913-b028-c6bac4bb092d","ID":"8e54f7c3-20b5-462b-8c4f-61a54816d26c","childs":null,"emcosID":null,"emcosMLID":null,"codMaketTEP":null,"codTEP":null,"WSName":"PS","rangeAddress":"$HK$99:$HK$135","headAddress":"$HK$99","bodyAddress":"$HK$100:$HK$135","_name":"СЧЕТЧИК"}},"emcosID":null,"emcosMLID":null,"codMaketTEP":null,"codTEP":null,"WSName":"PS","rangeAddress":"$HJ$98:$HK$135","headAddress":"$HJ$98:$HK$98","bodyAddress":"$HJ$99:$HK$135","_name":"прием"},"отдача":{"_level":1,"parentID":"7271b98e-8a93-4001-b245-5b2c56380d6d","firstParentID":"e20312b3-c28a-4913-b028-c6bac4bb092d","ID":"e7dbc3bc-cc56-4d95-b384-6576deac2b71","childs":{"по счетчику":{"_level":2,"parentID":"e7dbc3bc-cc56-4d95-b384-6576deac2b71","firstParentID":"e20312b3-c28a-4913-b028-c6bac4bb092d","ID":"5a63a660-6cdd-4968-ac23-1656ad940f95","childs":null,"emcosID":null,"emcosMLID":null,"codMaketTEP":null,"codTEP":null,"WSName":"PS","rangeAddress":"$HL$99:$HL$135","headAddress":"$HL$99","bodyAddress":"$HL$100:$HL$135","_name":"по счетчику"},"СЧЕТЧИК":{"_level":2,"parentID":"e7dbc3bc-cc56-4d95-b384-6576deac2b71","firstParentID":"e20312b3-c28a-4913-b028-c6bac4bb092d","ID":"64c59401-34a0-4b60-bdd2-afe4f82b46be","childs":null,"emcosID":null,"emcosMLID":null,"codMaketTEP":null,"codTEP":null,"WSName":"PS","rangeAddress":"$HM$99:$HM$135","headAddress":"$HM$99","bodyAddress":"$HM$100:$HM$135","_name":"СЧЕТЧИК"}},"emcosID":null,"emcosMLID":null,"codMaketTEP":null,"codTEP":null,"WSName":"PS","rangeAddress":"$HL$98:$HM$135","headAddress":"$HL$98:$HM$98","bodyAddress":"$HL$99:$HM$135","_name":"отдача"}},"emcosID":null,"emcosMLID":null,"codMaketTEP":null,"codTEP":null,"WSName":"PS","rangeAddress":"$HJ$97:$HM$135","headAddress":"$HJ$97:$HM$97","bodyAddress":"$HJ$98:$HM$135","_name":"КЛ5 ПС152 Талдыкорган"},"DB":{"_level":0,"parentID":"e20312b3-c28a-4913-b028-c6bac4bb092d","firstParentID":"e20312b3-c28a-4913-b028-c6bac4bb092d","ID":"938504c0-1a6c-4701-a2f8-874db2feed7b","childs":{"прием":{"_level":1,"parentID":"938504c0-1a6c-4701-a2f8-874db2feed7b","firstParentID":"e20312b3-c28a-4913-b028-c6bac4bb092d","ID":"bf126125-06d6-40ca-bf92-4c24b0546c38","childs":{"код":{"_level":2,"parentID":"bf126125-06d6-40ca-bf92-4c24b0546c38","firstParentID":"e20312b3-c28a-4913-b028-c6bac4bb092d","ID":"56fe6f67-a953-494f-bbdb-3a4c737ef03c","childs":null,"emcosID":null,"emcosMLID":null,"codMaketTEP":null,"codTEP":null,"WSName":"DB","rangeAddress":"$HA$525:$HA$562","headAddress":"$HA$525","bodyAddress":"$HA$526:$HA$562","_name":"код"},"основное":{"_level":2,"parentID":"bf126125-06d6-40ca-bf92-4c24b0546c38","firstParentID":"e20312b3-c28a-4913-b028-c6bac4bb092d","ID":"a966cc8c-fd54-4d50-8e8a-69fd838bcd17","childs":null,"emcosID":null,"emcosMLID":null,"codMaketTEP":null,"codTEP":null,"WSName":"DB","rangeAddress":"$HB$525:$HB$562","headAddress":"$HB$525","bodyAddress":"$HB$526:$HB$562","_name":"основное"},"корректировка факт":{"_level":2,"parentID":"bf126125-06d6-40ca-bf92-4c24b0546c38","firstParentID":"e20312b3-c28a-4913-b028-c6bac4bb092d","ID":"3760ca1e-fcfe-423c-9ead-6632fdf6d4d2","childs":null,"emcosID":null,"emcosMLID":null,"codMaketTEP":null,"codTEP":null,"WSName":"DB","rangeAddress":"$HC$525:$HC$562","headAddress":"$HC$525","bodyAddress":"$HC$526:$HC$562","_name":"корректировка факт"},"ручное":{"_level":2,"parentID":"bf126125-06d6-40ca-bf92-4c24b0546c38","firstParentID":"e20312b3-c28a-4913-b028-c6bac4bb092d","ID":"a1d20b33-595e-4b11-be1b-6f82cb863e6f","childs":null,"emcosID":null,"emcosMLID":null,"codMaketTEP":null,"codTEP":null,"WSName":"DB","rangeAddress":"$HD$525:$HD$562","headAddress":"$HD$525","bodyAddress":"$HD$526:$HD$562","_name":"ручное"},"счетчик":{"_level":2,"parentID":"bf126125-06d6-40ca-bf92-4c24b0546c38","firstParentID":"e20312b3-c28a-4913-b028-c6bac4bb092d","ID":"5b4d0be2-677d-421c-a872-bc6e0e649a68","childs":null,"emcosID":null,"emcosMLID":null,"codMaketTEP":null,"codTEP":null,"WSName":"DB","rangeAddress":"$HE$525:$HE$562","headAddress":"$HE$525","bodyAddress":"$HE$526:$HE$562","_name":"счетчик"},"по счетчику":{"_level":2,"parentID":"bf126125-06d6-40ca-bf92-4c24b0546c38","firstParentID":"e20312b3-c28a-4913-b028-c6bac4bb092d","ID":"58ed52a6-4a26-459f-a160-8ee213c3dbe4","childs":null,"emcosID":null,"emcosMLID":null,"codMaketTEP":null,"codTEP":null,"WSName":"DB","rangeAddress":"$HF$525:$HF$562","headAddress":"$HF$525","bodyAddress":"$HF$526:$HF$562","_name":"по счетчику"}},"emcosID":null,"emcosMLID":null,"codMaketTEP":null,"codTEP":null,"WSName":"DB","rangeAddress":"$HA$524:$HF$562","headAddress":"$HA$524:$HF$524","bodyAddress":"$HA$525:$HF$562","_name":"прием"},"отдача":{"_level":1,"parentID":"938504c0-1a6c-4701-a2f8-874db2feed7b","firstParentID":"e20312b3-c28a-4913-b028-c6bac4bb092d","ID":"3d533dfa-a026-48e4-9133-c0467d0b2703","childs":{"код":{"_level":2,"parentID":"3d533dfa-a026-48e4-9133-c0467d0b2703","firstParentID":"e20312b3-c28a-4913-b028-c6bac4bb092d","ID":"12b94812-3773-4382-994f-3bb43bec2a74","childs":null,"emcosID":null,"emcosMLID":null,"codMaketTEP":null,"codTEP":null,"WSName":"DB","rangeAddress":"$HG$525:$HG$562","headAddress":"$HG$525","bodyAddress":"$HG$526:$HG$562","_name":"код"},"основное":{"_level":2,"parentID":"3d533dfa-a026-48e4-9133-c0467d0b2703","firstParentID":"e20312b3-c28a-4913-b028-c6bac4bb092d","ID":"c594e984-ddc3-4159-9dc8-cac0bef33a3e","childs":null,"emcosID":null,"emcosMLID":null,"codMaketTEP":null,"codTEP":null,"WSName":"DB","rangeAddress":"$HH$525:$HH$562","headAddress":"$HH$525","bodyAddress":"$HH$526:$HH$562","_name":"основное"},"корректировка факт":{"_level":2,"parentID":"3d533dfa-a026-48e4-9133-c0467d0b2703","firstParentID":"e20312b3-c28a-4913-b028-c6bac4bb092d","ID":"ed04ce70-d348-4c66-87f7-3c278bc624db","childs":null,"emcosID":null,"emcosMLID":null,"codMaketTEP":null,"codTEP":null,"WSName":"DB","rangeAddress":"$HI$525:$HI$562","headAddress":"$HI$525","bodyAddress":"$HI$526:$HI$562","_name":"корректировка факт"},"ручное":{"_level":2,"parentID":"3d533dfa-a026-48e4-9133-c0467d0b2703","firstParentID":"e20312b3-c28a-4913-b028-c6bac4bb092d","ID":"e2bacc1a-c6b8-44fa-9019-eea912fbe269","childs":null,"emcosID":null,"emcosMLID":null,"codMaketTEP":null,"codTEP":null,"WSName":"DB","rangeAddress":"$HJ$525:$HJ$562","headAddress":"$HJ$525","bodyAddress":"$HJ$526:$HJ$562","_name":"ручное"},"счетчик":{"_level":2,"parentID":"3d533dfa-a026-48e4-9133-c0467d0b2703","firstParentID":"e20312b3-c28a-4913-b028-c6bac4bb092d","ID":"e878de5f-f214-4f76-a73c-c50c9eb1d0af","childs":null,"emcosID":null,"emcosMLID":null,"codMaketTEP":null,"codTEP":null,"WSName":"DB","rangeAddress":"$HK$525:$HK$562","headAddress":"$HK$525","bodyAddress":"$HK$526:$HK$562","_name":"счетчик"},"по счетчику":{"_level":2,"parentID":"3d533dfa-a026-48e4-9133-c0467d0b2703","firstParentID":"e20312b3-c28a-4913-b028-c6bac4bb092d","ID":"9f178dd0-478b-4e22-b225-c52470fa87a9","childs":null,"emcosID":null,"emcosMLID":null,"codMaketTEP":null,"codTEP":null,"WSName":"DB","rangeAddress":"$HL$525:$HL$562","headAddress":"$HL$525","bodyAddress":"$HL$526:$HL$562","_name":"по счетчику"}},"emcosID":null,"emcosMLID":null,"codMaketTEP":null,"codTEP":null,"WSName":"DB","rangeAddress":"$HG$524:$HL$562","headAddress":"$HG$524:$HL$524","bodyAddress":"$HG$525:$HL$562","_name":"отдача"}},"emcosID":null,"emcosMLID":null,"codMaketTEP":null,"codTEP":null,"WSName":"DB","rangeAddress":"$HA$523:$HL$562","headAddress":"$HA$523:$HL$523","bodyAddress":"$HA$524:$HL$562","_name":"КЛ5 ПС152 Талдыкорган"}},"codPlan":null,"meterCoef":"6","_name":"КЛ5 ПС152 Талдыкорган"}