{"ID":"e3b84c83-c704-4deb-be56-bdc00140525f","childs":{"PS":{"_level":0,"parentID":"e3b84c83-c704-4deb-be56-bdc00140525f","firstParentID":"e3b84c83-c704-4deb-be56-bdc00140525f","ID":"aa039445-701b-4a42-9258-aa21f1eb3765","childs":{"отдача":{"_level":1,"parentID":"aa039445-701b-4a42-9258-aa21f1eb3765","firstParentID":"e3b84c83-c704-4deb-be56-bdc00140525f","ID":"3c16152c-889b-4839-b1b5-63f934c3cf91","childs":{"оперативное":{"_level":2,"parentID":"3c16152c-889b-4839-b1b5-63f934c3cf91","firstParentID":"e3b84c83-c704-4deb-be56-bdc00140525f","ID":"fe64caae-92e9-44ce-92fd-a72f1a03e35f","childs":null,"emcosID":null,"emcosMLID":null,"codMaketTEP":null,"codTEP":null,"WSName":"PS","rangeAddress":"$DK$185:$DK$221","headAddress":"$DK$185","bodyAddress":"$DK$186:$DK$221","_name":"оперативное"}},"emcosID":null,"emcosMLID":null,"codMaketTEP":null,"codTEP":null,"WSName":"PS","rangeAddress":"$DK$184:$DK$221","headAddress":"$DK$184","bodyAddress":"$DK$185:$DK$221","_name":"отдача"}},"emcosID":null,"emcosMLID":null,"codMaketTEP":null,"codTEP":null,"WSName":"PS","rangeAddress":"$DK$183:$DK$221","headAddress":"$DK$183","bodyAddress":"$DK$184:$DK$221","_name":"Генерация EC ENERGY Qazaqstan"},"DB":{"_level":0,"parentID":"e3b84c83-c704-4deb-be56-bdc00140525f","firstParentID":"e3b84c83-c704-4deb-be56-bdc00140525f","ID":"9971d7e8-07c1-4368-b010-270e857de5f7","childs":{"отдача":{"_level":1,"parentID":"9971d7e8-07c1-4368-b010-270e857de5f7","firstParentID":"e3b84c83-c704-4deb-be56-bdc00140525f","ID":"5bee16ce-8ddd-4169-84e1-ff5788564b6e","childs":{"код":{"_level":2,"parentID":"5bee16ce-8ddd-4169-84e1-ff5788564b6e","firstParentID":"e3b84c83-c704-4deb-be56-bdc00140525f","ID":"762e5579-7141-4b08-88a8-4f31c1f47037","childs":null,"emcosID":null,"emcosMLID":null,"codMaketTEP":null,"codTEP":null,"WSName":"DB","rangeAddress":"$GB$267:$GB$304","headAddress":"$GB$267","bodyAddress":"$GB$268:$GB$304","_name":"код"},"основное":{"_level":2,"parentID":"5bee16ce-8ddd-4169-84e1-ff5788564b6e","firstParentID":"e3b84c83-c704-4deb-be56-bdc00140525f","ID":"c9ef05f2-7eea-4609-82b1-4bfa4057c760","childs":null,"emcosID":null,"emcosMLID":null,"codMaketTEP":null,"codTEP":null,"WSName":"DB","rangeAddress":"$GC$267:$GC$304","headAddress":"$GC$267","bodyAddress":"$GC$268:$GC$304","_name":"основное"},"корректировка факт":{"_level":2,"parentID":"5bee16ce-8ddd-4169-84e1-ff5788564b6e","firstParentID":"e3b84c83-c704-4deb-be56-bdc00140525f","ID":"fa170e34-af3e-45f1-ae05-b4f987158065","childs":null,"emcosID":null,"emcosMLID":null,"codMaketTEP":null,"codTEP":null,"WSName":"DB","rangeAddress":"$GD$267:$GD$304","headAddress":"$GD$267","bodyAddress":"$GD$268:$GD$304","_name":"корректировка факт"},"ручное":{"_level":2,"parentID":"5bee16ce-8ddd-4169-84e1-ff5788564b6e","firstParentID":"e3b84c83-c704-4deb-be56-bdc00140525f","ID":"a8f2ca51-e57f-420e-97e7-dbd013c1c888","childs":null,"emcosID":null,"emcosMLID":null,"codMaketTEP":null,"codTEP":null,"WSName":"DB","rangeAddress":"$GE$267:$GE$304","headAddress":"$GE$267","bodyAddress":"$GE$268:$GE$304","_name":"ручное"},"оперативное":{"_level":2,"parentID":"5bee16ce-8ddd-4169-84e1-ff5788564b6e","firstParentID":"e3b84c83-c704-4deb-be56-bdc00140525f","ID":"f453612a-e90f-48e4-91c7-9feea4f1980a","childs":null,"emcosID":null,"emcosMLID":null,"codMaketTEP":null,"codTEP":null,"WSName":"DB","rangeAddress":"$GF$267:$GF$304","headAddress":"$GF$267","bodyAddress":"$GF$268:$GF$304","_name":"оперативное"}},"emcosID":null,"emcosMLID":null,"codMaketTEP":null,"codTEP":null,"WSName":"DB","rangeAddress":"$GB$266:$GF$304","headAddress":"$GB$266:$GF$266","bodyAddress":"$GB$267:$GF$304","_name":"отдача"}},"emcosID":null,"emcosMLID":null,"codMaketTEP":null,"codTEP":null,"WSName":"DB","rangeAddress":"$GB$265:$GF$304","headAddress":"$GB$265:$GF$265","bodyAddress":"$GB$266:$GF$304","_name":"Генерация EC ENERGY Qazaqstan"}},"codPlan":null,"meterCoef":null,"_name":"Генерация EC ENERGY Qazaqstan"}