{"ID":"e5a53a3e-3575-499f-b962-6c2408a157a5","childs":{"PS":{"_level":0,"parentID":"e5a53a3e-3575-499f-b962-6c2408a157a5","firstParentID":"e5a53a3e-3575-499f-b962-6c2408a157a5","ID":"e374bfc2-fd7f-4c2a-ab65-31c31b3c665f","childs":{"прием":{"_level":1,"parentID":"e374bfc2-fd7f-4c2a-ab65-31c31b3c665f","firstParentID":"e5a53a3e-3575-499f-b962-6c2408a157a5","ID":"f3b85349-494b-4cce-9f4b-5da8a3f68c8f","childs":{"по счетчику":{"_level":2,"parentID":"f3b85349-494b-4cce-9f4b-5da8a3f68c8f","firstParentID":"e5a53a3e-3575-499f-b962-6c2408a157a5","ID":"56b283d2-6daf-4e8d-bad8-0acde998eb6b","childs":null,"emcosID":null,"emcosMLID":null,"codMaketTEP":null,"codTEP":null,"WSName":"PS","rangeAddress":"$AZ$99:$AZ$135","headAddress":"$AZ$99","bodyAddress":"$AZ$100:$AZ$135","_name":"по счетчику"},"СЧЕТЧИК":{"_level":2,"parentID":"f3b85349-494b-4cce-9f4b-5da8a3f68c8f","firstParentID":"e5a53a3e-3575-499f-b962-6c2408a157a5","ID":"c04d56fb-05a4-41ba-b95b-0cd99a68725c","childs":null,"emcosID":null,"emcosMLID":null,"codMaketTEP":null,"codTEP":null,"WSName":"PS","rangeAddress":"$BA$99:$BA$135","headAddress":"$BA$99","bodyAddress":"$BA$100:$BA$135","_name":"СЧЕТЧИК"}},"emcosID":null,"emcosMLID":null,"codMaketTEP":null,"codTEP":null,"WSName":"PS","rangeAddress":"$AZ$98:$BA$135","headAddress":"$AZ$98:$BA$98","bodyAddress":"$AZ$99:$BA$135","_name":"прием"},"отдача":{"_level":1,"parentID":"e374bfc2-fd7f-4c2a-ab65-31c31b3c665f","firstParentID":"e5a53a3e-3575-499f-b962-6c2408a157a5","ID":"a7351b40-7739-41c7-b59c-f2f4b8f576d1","childs":{"по счетчику":{"_level":2,"parentID":"a7351b40-7739-41c7-b59c-f2f4b8f576d1","firstParentID":"e5a53a3e-3575-499f-b962-6c2408a157a5","ID":"2fa9541a-19f0-4596-8d57-bfc5cbe2d642","childs":null,"emcosID":null,"emcosMLID":null,"codMaketTEP":null,"codTEP":null,"WSName":"PS","rangeAddress":"$BB$99:$BB$135","headAddress":"$BB$99","bodyAddress":"$BB$100:$BB$135","_name":"по счетчику"},"СЧЕТЧИК":{"_level":2,"parentID":"a7351b40-7739-41c7-b59c-f2f4b8f576d1","firstParentID":"e5a53a3e-3575-499f-b962-6c2408a157a5","ID":"8dadbdb4-4f4b-4f74-bfe8-c824f6a97096","childs":null,"emcosID":null,"emcosMLID":null,"codMaketTEP":null,"codTEP":null,"WSName":"PS","rangeAddress":"$BC$99:$BC$135","headAddress":"$BC$99","bodyAddress":"$BC$100:$BC$135","_name":"СЧЕТЧИК"}},"emcosID":null,"emcosMLID":null,"codMaketTEP":null,"codTEP":null,"WSName":"PS","rangeAddress":"$BB$98:$BC$135","headAddress":"$BB$98:$BC$98","bodyAddress":"$BB$99:$BC$135","_name":"отдача"}},"emcosID":null,"emcosMLID":null,"codMaketTEP":null,"codTEP":null,"WSName":"PS","rangeAddress":"$AZ$97:$BC$135","headAddress":"$AZ$97:$BC$97","bodyAddress":"$AZ$98:$BC$135","_name":"АТ2 110 ПС126 Талдыкорган"},"DB":{"_level":0,"parentID":"e5a53a3e-3575-499f-b962-6c2408a157a5","firstParentID":"e5a53a3e-3575-499f-b962-6c2408a157a5","ID":"a3de383d-617e-4707-87a5-95265e6825a0","childs":{"прием":{"_level":1,"parentID":"a3de383d-617e-4707-87a5-95265e6825a0","firstParentID":"e5a53a3e-3575-499f-b962-6c2408a157a5","ID":"18e3af81-58e3-4e4f-8667-461f617d8daf","childs":{"код":{"_level":2,"parentID":"18e3af81-58e3-4e4f-8667-461f617d8daf","firstParentID":"e5a53a3e-3575-499f-b962-6c2408a157a5","ID":"b670f739-51ba-4885-a2a8-b6bf9a1a557f","childs":null,"emcosID":null,"emcosMLID":null,"codMaketTEP":null,"codTEP":null,"WSName":"DB","rangeAddress":"$AQ$525:$AQ$562","headAddress":"$AQ$525","bodyAddress":"$AQ$526:$AQ$562","_name":"код"},"основное":{"_level":2,"parentID":"18e3af81-58e3-4e4f-8667-461f617d8daf","firstParentID":"e5a53a3e-3575-499f-b962-6c2408a157a5","ID":"7e8228c8-fe3f-4ad8-9a4d-b843594a0823","childs":null,"emcosID":null,"emcosMLID":null,"codMaketTEP":null,"codTEP":null,"WSName":"DB","rangeAddress":"$AR$525:$AR$562","headAddress":"$AR$525","bodyAddress":"$AR$526:$AR$562","_name":"основное"},"корректировка факт":{"_level":2,"parentID":"18e3af81-58e3-4e4f-8667-461f617d8daf","firstParentID":"e5a53a3e-3575-499f-b962-6c2408a157a5","ID":"8236df63-c28c-4cab-a15e-5e8562955873","childs":null,"emcosID":null,"emcosMLID":null,"codMaketTEP":null,"codTEP":null,"WSName":"DB","rangeAddress":"$AS$525:$AS$562","headAddress":"$AS$525","bodyAddress":"$AS$526:$AS$562","_name":"корректировка факт"},"ручное":{"_level":2,"parentID":"18e3af81-58e3-4e4f-8667-461f617d8daf","firstParentID":"e5a53a3e-3575-499f-b962-6c2408a157a5","ID":"79217477-55ab-4aea-84a9-67386f64a48d","childs":null,"emcosID":null,"emcosMLID":null,"codMaketTEP":null,"codTEP":null,"WSName":"DB","rangeAddress":"$AT$525:$AT$562","headAddress":"$AT$525","bodyAddress":"$AT$526:$AT$562","_name":"ручное"},"счетчик":{"_level":2,"parentID":"18e3af81-58e3-4e4f-8667-461f617d8daf","firstParentID":"e5a53a3e-3575-499f-b962-6c2408a157a5","ID":"abb5b646-5971-4c97-a838-500f48f47063","childs":null,"emcosID":null,"emcosMLID":null,"codMaketTEP":null,"codTEP":null,"WSName":"DB","rangeAddress":"$AU$525:$AU$562","headAddress":"$AU$525","bodyAddress":"$AU$526:$AU$562","_name":"счетчик"},"по счетчику":{"_level":2,"parentID":"18e3af81-58e3-4e4f-8667-461f617d8daf","firstParentID":"e5a53a3e-3575-499f-b962-6c2408a157a5","ID":"136a8d1a-1a40-4942-8140-abad704afb50","childs":null,"emcosID":null,"emcosMLID":null,"codMaketTEP":null,"codTEP":null,"WSName":"DB","rangeAddress":"$AV$525:$AV$562","headAddress":"$AV$525","bodyAddress":"$AV$526:$AV$562","_name":"по счетчику"}},"emcosID":null,"emcosMLID":null,"codMaketTEP":null,"codTEP":null,"WSName":"DB","rangeAddress":"$AQ$524:$AV$562","headAddress":"$AQ$524:$AV$524","bodyAddress":"$AQ$525:$AV$562","_name":"прием"},"отдача":{"_level":1,"parentID":"a3de383d-617e-4707-87a5-95265e6825a0","firstParentID":"e5a53a3e-3575-499f-b962-6c2408a157a5","ID":"2569ef6a-e0e5-4e41-8d37-d8a8baf3c114","childs":{"код":{"_level":2,"parentID":"2569ef6a-e0e5-4e41-8d37-d8a8baf3c114","firstParentID":"e5a53a3e-3575-499f-b962-6c2408a157a5","ID":"e8f1724b-8500-46c1-a46f-b8be46401116","childs":null,"emcosID":null,"emcosMLID":null,"codMaketTEP":null,"codTEP":null,"WSName":"DB","rangeAddress":"$AW$525:$AW$562","headAddress":"$AW$525","bodyAddress":"$AW$526:$AW$562","_name":"код"},"основное":{"_level":2,"parentID":"2569ef6a-e0e5-4e41-8d37-d8a8baf3c114","firstParentID":"e5a53a3e-3575-499f-b962-6c2408a157a5","ID":"e4bd8bf0-267a-4423-90a0-eff1bdc2e07c","childs":null,"emcosID":null,"emcosMLID":null,"codMaketTEP":null,"codTEP":null,"WSName":"DB","rangeAddress":"$AX$525:$AX$562","headAddress":"$AX$525","bodyAddress":"$AX$526:$AX$562","_name":"основное"},"корректировка факт":{"_level":2,"parentID":"2569ef6a-e0e5-4e41-8d37-d8a8baf3c114","firstParentID":"e5a53a3e-3575-499f-b962-6c2408a157a5","ID":"c1536348-13a9-484b-8da0-b8232b882fe6","childs":null,"emcosID":null,"emcosMLID":null,"codMaketTEP":null,"codTEP":null,"WSName":"DB","rangeAddress":"$AY$525:$AY$562","headAddress":"$AY$525","bodyAddress":"$AY$526:$AY$562","_name":"корректировка факт"},"ручное":{"_level":2,"parentID":"2569ef6a-e0e5-4e41-8d37-d8a8baf3c114","firstParentID":"e5a53a3e-3575-499f-b962-6c2408a157a5","ID":"59dfcf74-a267-410a-924b-df12f4822546","childs":null,"emcosID":null,"emcosMLID":null,"codMaketTEP":null,"codTEP":null,"WSName":"DB","rangeAddress":"$AZ$525:$AZ$562","headAddress":"$AZ$525","bodyAddress":"$AZ$526:$AZ$562","_name":"ручное"},"счетчик":{"_level":2,"parentID":"2569ef6a-e0e5-4e41-8d37-d8a8baf3c114","firstParentID":"e5a53a3e-3575-499f-b962-6c2408a157a5","ID":"9bfeef58-9b93-4963-960a-c419caf32f5b","childs":null,"emcosID":null,"emcosMLID":null,"codMaketTEP":null,"codTEP":null,"WSName":"DB","rangeAddress":"$BA$525:$BA$562","headAddress":"$BA$525","bodyAddress":"$BA$526:$BA$562","_name":"счетчик"},"по счетчику":{"_level":2,"parentID":"2569ef6a-e0e5-4e41-8d37-d8a8baf3c114","firstParentID":"e5a53a3e-3575-499f-b962-6c2408a157a5","ID":"8060f55d-b901-4a01-979d-eddf3f0448b7","childs":null,"emcosID":null,"emcosMLID":null,"codMaketTEP":null,"codTEP":null,"WSName":"DB","rangeAddress":"$BB$525:$BB$562","headAddress":"$BB$525","bodyAddress":"$BB$526:$BB$562","_name":"по счетчику"}},"emcosID":null,"emcosMLID":null,"codMaketTEP":null,"codTEP":null,"WSName":"DB","rangeAddress":"$AW$524:$BB$562","headAddress":"$AW$524:$BB$524","bodyAddress":"$AW$525:$BB$562","_name":"отдача"}},"emcosID":null,"emcosMLID":null,"codMaketTEP":null,"codTEP":null,"WSName":"DB","rangeAddress":"$AQ$523:$BB$562","headAddress":"$AQ$523:$BB$523","bodyAddress":"$AQ$524:$BB$562","_name":"АТ2 110 ПС126 Талдыкорган"}},"codPlan":null,"meterCoef":"66","_name":"АТ2 110 ПС126 Талдыкорган"}