{"ID":"e62b0e73-d6fe-4d30-b670-68a0875f0a0a","childs":{"PS":{"_level":0,"parentID":"e62b0e73-d6fe-4d30-b670-68a0875f0a0a","firstParentID":"e62b0e73-d6fe-4d30-b670-68a0875f0a0a","ID":"2d8f36b4-b5a5-4350-be08-cddc3e89ab5a","childs":{"отдача":{"_level":1,"parentID":"2d8f36b4-b5a5-4350-be08-cddc3e89ab5a","firstParentID":"e62b0e73-d6fe-4d30-b670-68a0875f0a0a","ID":"1b45728e-e6d7-4993-838a-d5ad446688de","childs":{"по счетчику":{"_level":2,"parentID":"1b45728e-e6d7-4993-838a-d5ad446688de","firstParentID":"e62b0e73-d6fe-4d30-b670-68a0875f0a0a","ID":"cb4e96c7-b592-413a-91a3-f47d4910d225","childs":null,"emcosID":null,"emcosMLID":null,"codMaketTEP":null,"codTEP":null,"WSName":"PS","rangeAddress":"$BD$99:$BD$135","headAddress":"$BD$99","bodyAddress":"$BD$100:$BD$135","_name":"по счетчику"},"СЧЕТЧИК":{"_level":2,"parentID":"1b45728e-e6d7-4993-838a-d5ad446688de","firstParentID":"e62b0e73-d6fe-4d30-b670-68a0875f0a0a","ID":"3190eaa8-191c-4543-a6e4-62ca1ccca394","childs":null,"emcosID":null,"emcosMLID":null,"codMaketTEP":null,"codTEP":null,"WSName":"PS","rangeAddress":"$BE$99:$BE$135","headAddress":"$BE$99","bodyAddress":"$BE$100:$BE$135","_name":"СЧЕТЧИК"}},"emcosID":null,"emcosMLID":null,"codMaketTEP":null,"codTEP":null,"WSName":"PS","rangeAddress":"$BD$98:$BE$135","headAddress":"$BD$98:$BE$98","bodyAddress":"$BD$99:$BE$135","_name":"отдача"}},"emcosID":null,"emcosMLID":null,"codMaketTEP":null,"codTEP":null,"WSName":"PS","rangeAddress":"$BD$97:$BE$135","headAddress":"$BD$97:$BE$97","bodyAddress":"$BD$98:$BE$135","_name":"ТСН1 ПС126 Талдыкорган"},"DB":{"_level":0,"parentID":"e62b0e73-d6fe-4d30-b670-68a0875f0a0a","firstParentID":"e62b0e73-d6fe-4d30-b670-68a0875f0a0a","ID":"c79af9f4-eaa5-40bd-8a7c-3ae2c3109514","childs":{"отдача":{"_level":1,"parentID":"c79af9f4-eaa5-40bd-8a7c-3ae2c3109514","firstParentID":"e62b0e73-d6fe-4d30-b670-68a0875f0a0a","ID":"8dc51226-4347-40ce-961c-4b800760ea0d","childs":{"код":{"_level":2,"parentID":"8dc51226-4347-40ce-961c-4b800760ea0d","firstParentID":"e62b0e73-d6fe-4d30-b670-68a0875f0a0a","ID":"4457553e-73c7-4a16-9f1c-a798f7508912","childs":null,"emcosID":null,"emcosMLID":null,"codMaketTEP":null,"codTEP":null,"WSName":"DB","rangeAddress":"$AO$525:$AO$562","headAddress":"$AO$525","bodyAddress":"$AO$526:$AO$562","_name":"код"},"основное":{"_level":2,"parentID":"8dc51226-4347-40ce-961c-4b800760ea0d","firstParentID":"e62b0e73-d6fe-4d30-b670-68a0875f0a0a","ID":"6233cc4d-d99d-4eb3-aed3-7e1a1da634b4","childs":null,"emcosID":null,"emcosMLID":null,"codMaketTEP":null,"codTEP":null,"WSName":"DB","rangeAddress":"$AP$525:$AP$562","headAddress":"$AP$525","bodyAddress":"$AP$526:$AP$562","_name":"основное"},"корректировка факт":{"_level":2,"parentID":"8dc51226-4347-40ce-961c-4b800760ea0d","firstParentID":"e62b0e73-d6fe-4d30-b670-68a0875f0a0a","ID":"362b6580-e193-456d-9c91-60e2e411e240","childs":null,"emcosID":null,"emcosMLID":null,"codMaketTEP":null,"codTEP":null,"WSName":"DB","rangeAddress":"$AQ$525:$AQ$562","headAddress":"$AQ$525","bodyAddress":"$AQ$526:$AQ$562","_name":"корректировка факт"},"ручное":{"_level":2,"parentID":"8dc51226-4347-40ce-961c-4b800760ea0d","firstParentID":"e62b0e73-d6fe-4d30-b670-68a0875f0a0a","ID":"5e2080a6-ca17-4e19-9853-6389f24e57fc","childs":null,"emcosID":null,"emcosMLID":null,"codMaketTEP":null,"codTEP":null,"WSName":"DB","rangeAddress":"$AR$525:$AR$562","headAddress":"$AR$525","bodyAddress":"$AR$526:$AR$562","_name":"ручное"},"счетчик":{"_level":2,"parentID":"8dc51226-4347-40ce-961c-4b800760ea0d","firstParentID":"e62b0e73-d6fe-4d30-b670-68a0875f0a0a","ID":"771da78d-64b6-4c3d-9d80-d47351c34a39","childs":null,"emcosID":null,"emcosMLID":null,"codMaketTEP":null,"codTEP":null,"WSName":"DB","rangeAddress":"$AS$525:$AS$562","headAddress":"$AS$525","bodyAddress":"$AS$526:$AS$562","_name":"счетчик"},"по счетчику":{"_level":2,"parentID":"8dc51226-4347-40ce-961c-4b800760ea0d","firstParentID":"e62b0e73-d6fe-4d30-b670-68a0875f0a0a","ID":"2cba8c00-26d3-4f2e-96f7-fad9da7f5f90","childs":null,"emcosID":null,"emcosMLID":null,"codMaketTEP":null,"codTEP":null,"WSName":"DB","rangeAddress":"$AT$525:$AT$562","headAddress":"$AT$525","bodyAddress":"$AT$526:$AT$562","_name":"по счетчику"}},"emcosID":null,"emcosMLID":null,"codMaketTEP":null,"codTEP":null,"WSName":"DB","rangeAddress":"$AO$524:$AT$562","headAddress":"$AO$524:$AT$524","bodyAddress":"$AO$525:$AT$562","_name":"отдача"}},"emcosID":null,"emcosMLID":null,"codMaketTEP":null,"codTEP":null,"WSName":"DB","rangeAddress":"$AO$523:$AT$562","headAddress":"$AO$523:$AT$523","bodyAddress":"$AO$524:$AT$562","_name":"ТСН1 ПС126 Талдыкорган"}},"codPlan":null,"meterCoef":"0,08","_name":"ТСН1 ПС126 Талдыкорган"}