{"ID":"e6531ed2-a0a1-407b-a9cc-16420fea5ebd","childs":{"PS":{"_level":0,"parentID":"e6531ed2-a0a1-407b-a9cc-16420fea5ebd","firstParentID":"e6531ed2-a0a1-407b-a9cc-16420fea5ebd","ID":"bf60bc0d-efdc-42f6-a8b0-cde735df7918","childs":{"прием":{"_level":1,"parentID":"bf60bc0d-efdc-42f6-a8b0-cde735df7918","firstParentID":"e6531ed2-a0a1-407b-a9cc-16420fea5ebd","ID":"97a43d01-6f5d-47dd-965d-db200169c777","childs":{"ручное":{"_level":2,"parentID":"97a43d01-6f5d-47dd-965d-db200169c777","firstParentID":"e6531ed2-a0a1-407b-a9cc-16420fea5ebd","ID":"ef025a11-0191-447f-8233-92a677012de0","childs":null,"emcosID":null,"emcosMLID":null,"codMaketTEP":null,"codTEP":null,"WSName":"PS","rangeAddress":"$AB$13:$AB$49","headAddress":"$AB$13","bodyAddress":"$AB$14:$AB$49","_name":"ручное"}},"emcosID":null,"emcosMLID":null,"codMaketTEP":null,"codTEP":null,"WSName":"PS","rangeAddress":"$AB$12:$AB$49","headAddress":"$AB$12","bodyAddress":"$AB$13:$AB$49","_name":"прием"}},"emcosID":null,"emcosMLID":null,"codMaketTEP":null,"codTEP":null,"WSName":"PS","rangeAddress":"$AB$11:$AB$49","headAddress":"$AB$11","bodyAddress":"$AB$12:$AB$49","_name":"test1 Общее"},"DB":{"_level":0,"parentID":"e6531ed2-a0a1-407b-a9cc-16420fea5ebd","firstParentID":"e6531ed2-a0a1-407b-a9cc-16420fea5ebd","ID":"cb0a23ef-37b5-4410-983d-5e6b2adf8c5c","childs":{"прием":{"_level":1,"parentID":"cb0a23ef-37b5-4410-983d-5e6b2adf8c5c","firstParentID":"e6531ed2-a0a1-407b-a9cc-16420fea5ebd","ID":"cbd2d724-9f48-475f-a9e9-314294988488","childs":{"код":{"_level":2,"parentID":"cbd2d724-9f48-475f-a9e9-314294988488","firstParentID":"e6531ed2-a0a1-407b-a9cc-16420fea5ebd","ID":"aa1ebe2e-af91-477f-a9b0-27e49b99ea7b","childs":null,"emcosID":null,"emcosMLID":null,"codMaketTEP":null,"codTEP":null,"WSName":"DB","rangeAddress":"$G$525:$G$562","headAddress":"$G$525","bodyAddress":"$G$526:$G$562","_name":"код"},"основное":{"_level":2,"parentID":"cbd2d724-9f48-475f-a9e9-314294988488","firstParentID":"e6531ed2-a0a1-407b-a9cc-16420fea5ebd","ID":"1d880667-44ae-4a46-88d9-94bfb2db546c","childs":null,"emcosID":null,"emcosMLID":null,"codMaketTEP":null,"codTEP":null,"WSName":"DB","rangeAddress":"$H$525:$H$562","headAddress":"$H$525","bodyAddress":"$H$526:$H$562","_name":"основное"},"корректировка факт":{"_level":2,"parentID":"cbd2d724-9f48-475f-a9e9-314294988488","firstParentID":"e6531ed2-a0a1-407b-a9cc-16420fea5ebd","ID":"9377fa2a-6e3b-44a5-aac4-e68812d531e7","childs":null,"emcosID":null,"emcosMLID":null,"codMaketTEP":null,"codTEP":null,"WSName":"DB","rangeAddress":"$I$525:$I$562","headAddress":"$I$525","bodyAddress":"$I$526:$I$562","_name":"корректировка факт"},"ручное":{"_level":2,"parentID":"cbd2d724-9f48-475f-a9e9-314294988488","firstParentID":"e6531ed2-a0a1-407b-a9cc-16420fea5ebd","ID":"387af50b-40c2-42d1-ad4b-1a80396a1040","childs":null,"emcosID":null,"emcosMLID":null,"codMaketTEP":null,"codTEP":null,"WSName":"DB","rangeAddress":"$J$525:$J$562","headAddress":"$J$525","bodyAddress":"$J$526:$J$562","_name":"ручное"}},"emcosID":null,"emcosMLID":null,"codMaketTEP":null,"codTEP":null,"WSName":"DB","rangeAddress":"$G$524:$J$562","headAddress":"$G$524:$J$524","bodyAddress":"$G$525:$J$562","_name":"прием"}},"emcosID":null,"emcosMLID":null,"codMaketTEP":null,"codTEP":null,"WSName":"DB","rangeAddress":"$G$523:$J$562","headAddress":"$G$523:$J$523","bodyAddress":"$G$524:$J$562","_name":"test1 Общее"}},"codPlan":null,"meterCoef":null,"_name":"test1 Общее"}