{"ID":"e8439a24-9a07-4f54-ac2a-05cc20306329","childs":{"PS":{"_level":0,"parentID":"e8439a24-9a07-4f54-ac2a-05cc20306329","firstParentID":"e8439a24-9a07-4f54-ac2a-05cc20306329","ID":"f486ea3c-c75d-4c31-ae0f-0f2702828177","childs":{"прием":{"_level":1,"parentID":"f486ea3c-c75d-4c31-ae0f-0f2702828177","firstParentID":"e8439a24-9a07-4f54-ac2a-05cc20306329","ID":"9fe5da79-f9dc-4ee3-a731-082cdee43204","childs":{"по счетчику":{"_level":2,"parentID":"9fe5da79-f9dc-4ee3-a731-082cdee43204","firstParentID":"e8439a24-9a07-4f54-ac2a-05cc20306329","ID":"cd9f7192-685f-4aab-9109-d5a8de30431d","childs":null,"emcosID":null,"emcosMLID":null,"codMaketTEP":null,"codTEP":null,"WSName":"PS","rangeAddress":"$EB$56:$EB$92","headAddress":"$EB$56","bodyAddress":"$EB$57:$EB$92","_name":"по счетчику"},"СЧЕТЧИК":{"_level":2,"parentID":"9fe5da79-f9dc-4ee3-a731-082cdee43204","firstParentID":"e8439a24-9a07-4f54-ac2a-05cc20306329","ID":"7e7a5b99-b12f-4da2-8d68-460ed937d7a0","childs":null,"emcosID":null,"emcosMLID":null,"codMaketTEP":null,"codTEP":null,"WSName":"PS","rangeAddress":"$EC$56:$EC$92","headAddress":"$EC$56","bodyAddress":"$EC$57:$EC$92","_name":"СЧЕТЧИК"}},"emcosID":null,"emcosMLID":null,"codMaketTEP":null,"codTEP":null,"WSName":"PS","rangeAddress":"$EB$55:$EC$92","headAddress":"$EB$55:$EC$55","bodyAddress":"$EB$56:$EC$92","_name":"прием"},"отдача":{"_level":1,"parentID":"f486ea3c-c75d-4c31-ae0f-0f2702828177","firstParentID":"e8439a24-9a07-4f54-ac2a-05cc20306329","ID":"b0f2f374-f0cb-4170-9523-24ee22b19e6c","childs":{"по счетчику":{"_level":2,"parentID":"b0f2f374-f0cb-4170-9523-24ee22b19e6c","firstParentID":"e8439a24-9a07-4f54-ac2a-05cc20306329","ID":"a67e6370-3711-41c4-9347-1c4720ef2c0f","childs":null,"emcosID":null,"emcosMLID":null,"codMaketTEP":null,"codTEP":null,"WSName":"PS","rangeAddress":"$ED$56:$ED$92","headAddress":"$ED$56","bodyAddress":"$ED$57:$ED$92","_name":"по счетчику"},"СЧЕТЧИК":{"_level":2,"parentID":"b0f2f374-f0cb-4170-9523-24ee22b19e6c","firstParentID":"e8439a24-9a07-4f54-ac2a-05cc20306329","ID":"fa5afbb1-cfd6-4eee-8859-b61209240644","childs":null,"emcosID":null,"emcosMLID":null,"codMaketTEP":null,"codTEP":null,"WSName":"PS","rangeAddress":"$EE$56:$EE$92","headAddress":"$EE$56","bodyAddress":"$EE$57:$EE$92","_name":"СЧЕТЧИК"}},"emcosID":null,"emcosMLID":null,"codMaketTEP":null,"codTEP":null,"WSName":"PS","rangeAddress":"$ED$55:$EE$92","headAddress":"$ED$55:$EE$55","bodyAddress":"$ED$56:$EE$92","_name":"отдача"}},"emcosID":null,"emcosMLID":null,"codMaketTEP":null,"codTEP":null,"WSName":"PS","rangeAddress":"$EB$54:$EE$92","headAddress":"$EB$54:$EE$54","bodyAddress":"$EB$55:$EE$92","_name":"Л5143 Фрунзе"},"DB":{"_level":0,"parentID":"e8439a24-9a07-4f54-ac2a-05cc20306329","firstParentID":"e8439a24-9a07-4f54-ac2a-05cc20306329","ID":"a8052d19-b40e-4eed-bf30-f7a80b1e4833","childs":{"прием":{"_level":1,"parentID":"a8052d19-b40e-4eed-bf30-f7a80b1e4833","firstParentID":"e8439a24-9a07-4f54-ac2a-05cc20306329","ID":"8e076ff3-753e-437b-a754-48594e2f885a","childs":{"код":{"_level":2,"parentID":"8e076ff3-753e-437b-a754-48594e2f885a","firstParentID":"e8439a24-9a07-4f54-ac2a-05cc20306329","ID":"a73af088-007e-43eb-8649-8dfbe6b12903","childs":null,"emcosID":null,"emcosMLID":null,"codMaketTEP":null,"codTEP":null,"WSName":"DB","rangeAddress":"$BP$181:$BP$218","headAddress":"$BP$181","bodyAddress":"$BP$182:$BP$218","_name":"код"},"основное":{"_level":2,"parentID":"8e076ff3-753e-437b-a754-48594e2f885a","firstParentID":"e8439a24-9a07-4f54-ac2a-05cc20306329","ID":"acfdfe7a-4ad3-4277-bf16-c00d880a3f68","childs":null,"emcosID":null,"emcosMLID":null,"codMaketTEP":null,"codTEP":null,"WSName":"DB","rangeAddress":"$BQ$181:$BQ$218","headAddress":"$BQ$181","bodyAddress":"$BQ$182:$BQ$218","_name":"основное"},"корректировка факт":{"_level":2,"parentID":"8e076ff3-753e-437b-a754-48594e2f885a","firstParentID":"e8439a24-9a07-4f54-ac2a-05cc20306329","ID":"bfd2f0de-c6da-43c7-93a3-69bf5d62d63a","childs":null,"emcosID":null,"emcosMLID":null,"codMaketTEP":null,"codTEP":null,"WSName":"DB","rangeAddress":"$BR$181:$BR$218","headAddress":"$BR$181","bodyAddress":"$BR$182:$BR$218","_name":"корректировка факт"},"ручное":{"_level":2,"parentID":"8e076ff3-753e-437b-a754-48594e2f885a","firstParentID":"e8439a24-9a07-4f54-ac2a-05cc20306329","ID":"a9611022-6668-4f05-a0b5-6855541577f6","childs":null,"emcosID":null,"emcosMLID":null,"codMaketTEP":null,"codTEP":null,"WSName":"DB","rangeAddress":"$BS$181:$BS$218","headAddress":"$BS$181","bodyAddress":"$BS$182:$BS$218","_name":"ручное"},"счетчик":{"_level":2,"parentID":"8e076ff3-753e-437b-a754-48594e2f885a","firstParentID":"e8439a24-9a07-4f54-ac2a-05cc20306329","ID":"f3a65630-fdff-4a22-8ae3-f5f2fe76f95a","childs":null,"emcosID":null,"emcosMLID":null,"codMaketTEP":null,"codTEP":null,"WSName":"DB","rangeAddress":"$BT$181:$BT$218","headAddress":"$BT$181","bodyAddress":"$BT$182:$BT$218","_name":"счетчик"},"по счетчику":{"_level":2,"parentID":"8e076ff3-753e-437b-a754-48594e2f885a","firstParentID":"e8439a24-9a07-4f54-ac2a-05cc20306329","ID":"b1871049-8bfb-435b-96d5-738fb1b419ad","childs":null,"emcosID":null,"emcosMLID":null,"codMaketTEP":null,"codTEP":null,"WSName":"DB","rangeAddress":"$BU$181:$BU$218","headAddress":"$BU$181","bodyAddress":"$BU$182:$BU$218","_name":"по счетчику"}},"emcosID":null,"emcosMLID":null,"codMaketTEP":null,"codTEP":null,"WSName":"DB","rangeAddress":"$BP$180:$BU$218","headAddress":"$BP$180:$BU$180","bodyAddress":"$BP$181:$BU$218","_name":"прием"},"отдача":{"_level":1,"parentID":"a8052d19-b40e-4eed-bf30-f7a80b1e4833","firstParentID":"e8439a24-9a07-4f54-ac2a-05cc20306329","ID":"2c1d2c55-cbe5-4276-bf2d-2e7e8e58d273","childs":{"код":{"_level":2,"parentID":"2c1d2c55-cbe5-4276-bf2d-2e7e8e58d273","firstParentID":"e8439a24-9a07-4f54-ac2a-05cc20306329","ID":"ead1546d-6e42-4ea9-a7c7-ddcb4c2e0e9e","childs":null,"emcosID":null,"emcosMLID":null,"codMaketTEP":null,"codTEP":null,"WSName":"DB","rangeAddress":"$BV$181:$BV$218","headAddress":"$BV$181","bodyAddress":"$BV$182:$BV$218","_name":"код"},"основное":{"_level":2,"parentID":"2c1d2c55-cbe5-4276-bf2d-2e7e8e58d273","firstParentID":"e8439a24-9a07-4f54-ac2a-05cc20306329","ID":"edf78bf5-637f-43fb-af0d-420a98de93c1","childs":null,"emcosID":null,"emcosMLID":null,"codMaketTEP":null,"codTEP":null,"WSName":"DB","rangeAddress":"$BW$181:$BW$218","headAddress":"$BW$181","bodyAddress":"$BW$182:$BW$218","_name":"основное"},"корректировка факт":{"_level":2,"parentID":"2c1d2c55-cbe5-4276-bf2d-2e7e8e58d273","firstParentID":"e8439a24-9a07-4f54-ac2a-05cc20306329","ID":"ac7eccb6-5ed3-4a41-ac89-a583abcbcae0","childs":null,"emcosID":null,"emcosMLID":null,"codMaketTEP":null,"codTEP":null,"WSName":"DB","rangeAddress":"$BX$181:$BX$218","headAddress":"$BX$181","bodyAddress":"$BX$182:$BX$218","_name":"корректировка факт"},"ручное":{"_level":2,"parentID":"2c1d2c55-cbe5-4276-bf2d-2e7e8e58d273","firstParentID":"e8439a24-9a07-4f54-ac2a-05cc20306329","ID":"741ed7de-69dd-46b1-bc7c-389f48e575ab","childs":null,"emcosID":null,"emcosMLID":null,"codMaketTEP":null,"codTEP":null,"WSName":"DB","rangeAddress":"$BY$181:$BY$218","headAddress":"$BY$181","bodyAddress":"$BY$182:$BY$218","_name":"ручное"},"счетчик":{"_level":2,"parentID":"2c1d2c55-cbe5-4276-bf2d-2e7e8e58d273","firstParentID":"e8439a24-9a07-4f54-ac2a-05cc20306329","ID":"382b4ab9-eba3-4e93-b679-d62bc9dd742c","childs":null,"emcosID":null,"emcosMLID":null,"codMaketTEP":null,"codTEP":null,"WSName":"DB","rangeAddress":"$BZ$181:$BZ$218","headAddress":"$BZ$181","bodyAddress":"$BZ$182:$BZ$218","_name":"счетчик"},"по счетчику":{"_level":2,"parentID":"2c1d2c55-cbe5-4276-bf2d-2e7e8e58d273","firstParentID":"e8439a24-9a07-4f54-ac2a-05cc20306329","ID":"337e31d5-04a2-4551-8640-d2ff7a842a48","childs":null,"emcosID":null,"emcosMLID":null,"codMaketTEP":null,"codTEP":null,"WSName":"DB","rangeAddress":"$CA$181:$CA$218","headAddress":"$CA$181","bodyAddress":"$CA$182:$CA$218","_name":"по счетчику"}},"emcosID":null,"emcosMLID":null,"codMaketTEP":null,"codTEP":null,"WSName":"DB","rangeAddress":"$BV$180:$CA$218","headAddress":"$BV$180:$CA$180","bodyAddress":"$BV$181:$CA$218","_name":"отдача"}},"emcosID":null,"emcosMLID":null,"codMaketTEP":null,"codTEP":null,"WSName":"DB","rangeAddress":"$BP$179:$CA$218","headAddress":"$BP$179:$CA$179","bodyAddress":"$BP$180:$CA$218","_name":"Л5143 Фрунзе"}},"codPlan":null,"meterCoef":"10000","_name":"Л5143 Фрунзе"}