{"ID":"e8a32a3c-9387-48a2-95d2-01890e32b4c6","childs":{"PS":{"_level":0,"parentID":"e8a32a3c-9387-48a2-95d2-01890e32b4c6","firstParentID":"e8a32a3c-9387-48a2-95d2-01890e32b4c6","ID":"413b4ef4-5cc2-4e3a-bead-3319ed8c76c3","childs":{"прием":{"_level":1,"parentID":"413b4ef4-5cc2-4e3a-bead-3319ed8c76c3","firstParentID":"e8a32a3c-9387-48a2-95d2-01890e32b4c6","ID":"794ac245-92e4-4b78-bf78-5d9481a95aac","childs":{"по счетчику":{"_level":2,"parentID":"794ac245-92e4-4b78-bf78-5d9481a95aac","firstParentID":"e8a32a3c-9387-48a2-95d2-01890e32b4c6","ID":"bc02d014-71f5-4089-ac05-b7e5f0912d88","childs":null,"emcosID":null,"emcosMLID":null,"codMaketTEP":null,"codTEP":null,"WSName":"PS","rangeAddress":"$GX$99:$GX$135","headAddress":"$GX$99","bodyAddress":"$GX$100:$GX$135","_name":"по счетчику"},"СЧЕТЧИК":{"_level":2,"parentID":"794ac245-92e4-4b78-bf78-5d9481a95aac","firstParentID":"e8a32a3c-9387-48a2-95d2-01890e32b4c6","ID":"28cda5d8-b0b7-4ab1-a1d2-88c7bd4b4da9","childs":null,"emcosID":null,"emcosMLID":null,"codMaketTEP":null,"codTEP":null,"WSName":"PS","rangeAddress":"$GY$99:$GY$135","headAddress":"$GY$99","bodyAddress":"$GY$100:$GY$135","_name":"СЧЕТЧИК"}},"emcosID":null,"emcosMLID":null,"codMaketTEP":null,"codTEP":null,"WSName":"PS","rangeAddress":"$GX$98:$GY$135","headAddress":"$GX$98:$GY$98","bodyAddress":"$GX$99:$GY$135","_name":"прием"},"отдача":{"_level":1,"parentID":"413b4ef4-5cc2-4e3a-bead-3319ed8c76c3","firstParentID":"e8a32a3c-9387-48a2-95d2-01890e32b4c6","ID":"a6698f47-b9c0-4ad2-8322-8c98a561044a","childs":{"по счетчику":{"_level":2,"parentID":"a6698f47-b9c0-4ad2-8322-8c98a561044a","firstParentID":"e8a32a3c-9387-48a2-95d2-01890e32b4c6","ID":"a0630e99-6c86-437e-b8d4-1695461a3539","childs":null,"emcosID":null,"emcosMLID":null,"codMaketTEP":null,"codTEP":null,"WSName":"PS","rangeAddress":"$GZ$99:$GZ$135","headAddress":"$GZ$99","bodyAddress":"$GZ$100:$GZ$135","_name":"по счетчику"},"СЧЕТЧИК":{"_level":2,"parentID":"a6698f47-b9c0-4ad2-8322-8c98a561044a","firstParentID":"e8a32a3c-9387-48a2-95d2-01890e32b4c6","ID":"e2d4a8cd-34c7-4504-a7be-6cd7639f97bb","childs":null,"emcosID":null,"emcosMLID":null,"codMaketTEP":null,"codTEP":null,"WSName":"PS","rangeAddress":"$HA$99:$HA$135","headAddress":"$HA$99","bodyAddress":"$HA$100:$HA$135","_name":"СЧЕТЧИК"}},"emcosID":null,"emcosMLID":null,"codMaketTEP":null,"codTEP":null,"WSName":"PS","rangeAddress":"$GZ$98:$HA$135","headAddress":"$GZ$98:$HA$98","bodyAddress":"$GZ$99:$HA$135","_name":"отдача"}},"emcosID":null,"emcosMLID":null,"codMaketTEP":null,"codTEP":null,"WSName":"PS","rangeAddress":"$GX$97:$HA$135","headAddress":"$GX$97:$HA$97","bodyAddress":"$GX$98:$HA$135","_name":"КЛ41 ПС152 Талдыкорган"},"DB":{"_level":0,"parentID":"e8a32a3c-9387-48a2-95d2-01890e32b4c6","firstParentID":"e8a32a3c-9387-48a2-95d2-01890e32b4c6","ID":"e86619a5-c98c-4bb4-aa8b-83449d06ae59","childs":{"прием":{"_level":1,"parentID":"e86619a5-c98c-4bb4-aa8b-83449d06ae59","firstParentID":"e8a32a3c-9387-48a2-95d2-01890e32b4c6","ID":"21934344-46fe-4300-b236-f3849224ddef","childs":{"код":{"_level":2,"parentID":"21934344-46fe-4300-b236-f3849224ddef","firstParentID":"e8a32a3c-9387-48a2-95d2-01890e32b4c6","ID":"0cdcf25b-6abf-44b2-92a0-8b797e856576","childs":null,"emcosID":null,"emcosMLID":null,"codMaketTEP":null,"codTEP":null,"WSName":"DB","rangeAddress":"$IK$525:$IK$562","headAddress":"$IK$525","bodyAddress":"$IK$526:$IK$562","_name":"код"},"основное":{"_level":2,"parentID":"21934344-46fe-4300-b236-f3849224ddef","firstParentID":"e8a32a3c-9387-48a2-95d2-01890e32b4c6","ID":"4739b456-75b9-4b02-8dc7-ae98913de841","childs":null,"emcosID":null,"emcosMLID":null,"codMaketTEP":null,"codTEP":null,"WSName":"DB","rangeAddress":"$IL$525:$IL$562","headAddress":"$IL$525","bodyAddress":"$IL$526:$IL$562","_name":"основное"},"корректировка факт":{"_level":2,"parentID":"21934344-46fe-4300-b236-f3849224ddef","firstParentID":"e8a32a3c-9387-48a2-95d2-01890e32b4c6","ID":"2e34dc00-362e-4a80-a1ae-157259e787b5","childs":null,"emcosID":null,"emcosMLID":null,"codMaketTEP":null,"codTEP":null,"WSName":"DB","rangeAddress":"$IM$525:$IM$562","headAddress":"$IM$525","bodyAddress":"$IM$526:$IM$562","_name":"корректировка факт"},"ручное":{"_level":2,"parentID":"21934344-46fe-4300-b236-f3849224ddef","firstParentID":"e8a32a3c-9387-48a2-95d2-01890e32b4c6","ID":"e473875e-eeb6-45a8-89c6-f2e5f38f645b","childs":null,"emcosID":null,"emcosMLID":null,"codMaketTEP":null,"codTEP":null,"WSName":"DB","rangeAddress":"$IN$525:$IN$562","headAddress":"$IN$525","bodyAddress":"$IN$526:$IN$562","_name":"ручное"},"счетчик":{"_level":2,"parentID":"21934344-46fe-4300-b236-f3849224ddef","firstParentID":"e8a32a3c-9387-48a2-95d2-01890e32b4c6","ID":"05e2e285-9706-484d-ba4f-2f69fdc21e71","childs":null,"emcosID":null,"emcosMLID":null,"codMaketTEP":null,"codTEP":null,"WSName":"DB","rangeAddress":"$IO$525:$IO$562","headAddress":"$IO$525","bodyAddress":"$IO$526:$IO$562","_name":"счетчик"},"по счетчику":{"_level":2,"parentID":"21934344-46fe-4300-b236-f3849224ddef","firstParentID":"e8a32a3c-9387-48a2-95d2-01890e32b4c6","ID":"17a7f30b-26f3-4165-894f-86f65eb2862f","childs":null,"emcosID":null,"emcosMLID":null,"codMaketTEP":null,"codTEP":null,"WSName":"DB","rangeAddress":"$IP$525:$IP$562","headAddress":"$IP$525","bodyAddress":"$IP$526:$IP$562","_name":"по счетчику"}},"emcosID":null,"emcosMLID":null,"codMaketTEP":null,"codTEP":null,"WSName":"DB","rangeAddress":"$IK$524:$IP$562","headAddress":"$IK$524:$IP$524","bodyAddress":"$IK$525:$IP$562","_name":"прием"},"отдача":{"_level":1,"parentID":"e86619a5-c98c-4bb4-aa8b-83449d06ae59","firstParentID":"e8a32a3c-9387-48a2-95d2-01890e32b4c6","ID":"de5ed54a-e7ef-4ccd-a827-038316c9a1e6","childs":{"код":{"_level":2,"parentID":"de5ed54a-e7ef-4ccd-a827-038316c9a1e6","firstParentID":"e8a32a3c-9387-48a2-95d2-01890e32b4c6","ID":"b8a8b833-3daf-4730-8308-bb64a64b602f","childs":null,"emcosID":null,"emcosMLID":null,"codMaketTEP":null,"codTEP":null,"WSName":"DB","rangeAddress":"$IQ$525:$IQ$562","headAddress":"$IQ$525","bodyAddress":"$IQ$526:$IQ$562","_name":"код"},"основное":{"_level":2,"parentID":"de5ed54a-e7ef-4ccd-a827-038316c9a1e6","firstParentID":"e8a32a3c-9387-48a2-95d2-01890e32b4c6","ID":"42e54d3c-505c-41b5-bde3-3c529c0cae25","childs":null,"emcosID":null,"emcosMLID":null,"codMaketTEP":null,"codTEP":null,"WSName":"DB","rangeAddress":"$IR$525:$IR$562","headAddress":"$IR$525","bodyAddress":"$IR$526:$IR$562","_name":"основное"},"корректировка факт":{"_level":2,"parentID":"de5ed54a-e7ef-4ccd-a827-038316c9a1e6","firstParentID":"e8a32a3c-9387-48a2-95d2-01890e32b4c6","ID":"8a2b6edd-dc11-49da-8a73-3fdedcd65b53","childs":null,"emcosID":null,"emcosMLID":null,"codMaketTEP":null,"codTEP":null,"WSName":"DB","rangeAddress":"$IS$525:$IS$562","headAddress":"$IS$525","bodyAddress":"$IS$526:$IS$562","_name":"корректировка факт"},"ручное":{"_level":2,"parentID":"de5ed54a-e7ef-4ccd-a827-038316c9a1e6","firstParentID":"e8a32a3c-9387-48a2-95d2-01890e32b4c6","ID":"89578688-35d4-4bd1-9065-490e1266760f","childs":null,"emcosID":null,"emcosMLID":null,"codMaketTEP":null,"codTEP":null,"WSName":"DB","rangeAddress":"$IT$525:$IT$562","headAddress":"$IT$525","bodyAddress":"$IT$526:$IT$562","_name":"ручное"},"счетчик":{"_level":2,"parentID":"de5ed54a-e7ef-4ccd-a827-038316c9a1e6","firstParentID":"e8a32a3c-9387-48a2-95d2-01890e32b4c6","ID":"6e58104d-3f48-41ab-a482-7d256c32aa75","childs":null,"emcosID":null,"emcosMLID":null,"codMaketTEP":null,"codTEP":null,"WSName":"DB","rangeAddress":"$IU$525:$IU$562","headAddress":"$IU$525","bodyAddress":"$IU$526:$IU$562","_name":"счетчик"},"по счетчику":{"_level":2,"parentID":"de5ed54a-e7ef-4ccd-a827-038316c9a1e6","firstParentID":"e8a32a3c-9387-48a2-95d2-01890e32b4c6","ID":"8887eb94-6b79-425d-910c-afc1f2c0f5b7","childs":null,"emcosID":null,"emcosMLID":null,"codMaketTEP":null,"codTEP":null,"WSName":"DB","rangeAddress":"$IV$525:$IV$562","headAddress":"$IV$525","bodyAddress":"$IV$526:$IV$562","_name":"по счетчику"}},"emcosID":null,"emcosMLID":null,"codMaketTEP":null,"codTEP":null,"WSName":"DB","rangeAddress":"$IQ$524:$IV$562","headAddress":"$IQ$524:$IV$524","bodyAddress":"$IQ$525:$IV$562","_name":"отдача"}},"emcosID":null,"emcosMLID":null,"codMaketTEP":null,"codTEP":null,"WSName":"DB","rangeAddress":"$IK$523:$IV$562","headAddress":"$IK$523:$IV$523","bodyAddress":"$IK$524:$IV$562","_name":"КЛ41 ПС152 Талдыкорган"}},"codPlan":null,"meterCoef":"6","_name":"КЛ41 ПС152 Талдыкорган"}