{"ID":"eb60b931-c571-4acd-84f3-c9dfc3c705a1","childs":{"PS":{"_level":0,"parentID":"eb60b931-c571-4acd-84f3-c9dfc3c705a1","firstParentID":"eb60b931-c571-4acd-84f3-c9dfc3c705a1","ID":"929326d2-d510-4216-9557-6591410e1508","childs":{"прием":{"_level":1,"parentID":"929326d2-d510-4216-9557-6591410e1508","firstParentID":"eb60b931-c571-4acd-84f3-c9dfc3c705a1","ID":"f89aaaf5-13fc-49f9-8697-6edde7c33788","childs":{"оперативное":{"_level":2,"parentID":"f89aaaf5-13fc-49f9-8697-6edde7c33788","firstParentID":"eb60b931-c571-4acd-84f3-c9dfc3c705a1","ID":"978c85b4-9ef4-4480-890e-966c1bfde9e8","childs":null,"emcosID":null,"emcosMLID":null,"codMaketTEP":null,"codTEP":null,"WSName":"PS","rangeAddress":"$LN$99:$LN$135","headAddress":"$LN$99","bodyAddress":"$LN$100:$LN$135","_name":"оперативное"}},"emcosID":null,"emcosMLID":null,"codMaketTEP":null,"codTEP":null,"WSName":"PS","rangeAddress":"$LN$98:$LN$135","headAddress":"$LN$98","bodyAddress":"$LN$99:$LN$135","_name":"прием"},"отдача":{"_level":1,"parentID":"929326d2-d510-4216-9557-6591410e1508","firstParentID":"eb60b931-c571-4acd-84f3-c9dfc3c705a1","ID":"e7d41419-bdc4-4dd3-b48a-95e58901b549","childs":{"оперативное":{"_level":2,"parentID":"e7d41419-bdc4-4dd3-b48a-95e58901b549","firstParentID":"eb60b931-c571-4acd-84f3-c9dfc3c705a1","ID":"a49e1ad6-2ca5-4fc0-98c2-b878a73f9c29","childs":null,"emcosID":null,"emcosMLID":null,"codMaketTEP":null,"codTEP":null,"WSName":"PS","rangeAddress":"$LO$99:$LO$135","headAddress":"$LO$99","bodyAddress":"$LO$100:$LO$135","_name":"оперативное"}},"emcosID":null,"emcosMLID":null,"codMaketTEP":null,"codTEP":null,"WSName":"PS","rangeAddress":"$LO$98:$LO$135","headAddress":"$LO$98","bodyAddress":"$LO$99:$LO$135","_name":"отдача"}},"emcosID":null,"emcosMLID":null,"codMaketTEP":null,"codTEP":null,"WSName":"PS","rangeAddress":"$LN$97:$LO$135","headAddress":"$LN$97:$LO$97","bodyAddress":"$LN$98:$LO$135","_name":"Л2373 Шелек 68И"},"DB":{"_level":0,"parentID":"eb60b931-c571-4acd-84f3-c9dfc3c705a1","firstParentID":"eb60b931-c571-4acd-84f3-c9dfc3c705a1","ID":"050edfcb-2d0d-4fd9-9474-cecae1d2d9eb","childs":{"прием":{"_level":1,"parentID":"050edfcb-2d0d-4fd9-9474-cecae1d2d9eb","firstParentID":"eb60b931-c571-4acd-84f3-c9dfc3c705a1","ID":"777c9c94-2cd2-4195-a7c4-7ef3d85a2795","childs":{"код":{"_level":2,"parentID":"777c9c94-2cd2-4195-a7c4-7ef3d85a2795","firstParentID":"eb60b931-c571-4acd-84f3-c9dfc3c705a1","ID":"2872d294-6b61-49a8-bb70-7cad9b887792","childs":null,"emcosID":null,"emcosMLID":null,"codMaketTEP":null,"codTEP":null,"WSName":"DB","rangeAddress":"$BK$95:$BK$132","headAddress":"$BK$95","bodyAddress":"$BK$96:$BK$132","_name":"код"},"основное":{"_level":2,"parentID":"777c9c94-2cd2-4195-a7c4-7ef3d85a2795","firstParentID":"eb60b931-c571-4acd-84f3-c9dfc3c705a1","ID":"31c8b8b3-a5d7-4490-92a6-f3b87621dbc8","childs":null,"emcosID":null,"emcosMLID":null,"codMaketTEP":null,"codTEP":null,"WSName":"DB","rangeAddress":"$BL$95:$BL$132","headAddress":"$BL$95","bodyAddress":"$BL$96:$BL$132","_name":"основное"},"корректировка факт":{"_level":2,"parentID":"777c9c94-2cd2-4195-a7c4-7ef3d85a2795","firstParentID":"eb60b931-c571-4acd-84f3-c9dfc3c705a1","ID":"69ca529d-518c-474d-b235-bbfd2a795be6","childs":null,"emcosID":null,"emcosMLID":null,"codMaketTEP":null,"codTEP":null,"WSName":"DB","rangeAddress":"$BM$95:$BM$132","headAddress":"$BM$95","bodyAddress":"$BM$96:$BM$132","_name":"корректировка факт"},"ручное":{"_level":2,"parentID":"777c9c94-2cd2-4195-a7c4-7ef3d85a2795","firstParentID":"eb60b931-c571-4acd-84f3-c9dfc3c705a1","ID":"6031484f-ed33-49d6-96b6-22ae0fb6bf81","childs":null,"emcosID":null,"emcosMLID":null,"codMaketTEP":null,"codTEP":null,"WSName":"DB","rangeAddress":"$BN$95:$BN$132","headAddress":"$BN$95","bodyAddress":"$BN$96:$BN$132","_name":"ручное"},"оперативное":{"_level":2,"parentID":"777c9c94-2cd2-4195-a7c4-7ef3d85a2795","firstParentID":"eb60b931-c571-4acd-84f3-c9dfc3c705a1","ID":"aeec10cd-62c3-44d5-a88d-a1fd9bcd3c87","childs":null,"emcosID":null,"emcosMLID":null,"codMaketTEP":null,"codTEP":null,"WSName":"DB","rangeAddress":"$BO$95:$BO$132","headAddress":"$BO$95","bodyAddress":"$BO$96:$BO$132","_name":"оперативное"}},"emcosID":null,"emcosMLID":null,"codMaketTEP":null,"codTEP":null,"WSName":"DB","rangeAddress":"$BK$94:$BO$132","headAddress":"$BK$94:$BO$94","bodyAddress":"$BK$95:$BO$132","_name":"прием"},"отдача":{"_level":1,"parentID":"050edfcb-2d0d-4fd9-9474-cecae1d2d9eb","firstParentID":"eb60b931-c571-4acd-84f3-c9dfc3c705a1","ID":"33a484b5-679d-4d0f-9998-2ff2ab698622","childs":{"код":{"_level":2,"parentID":"33a484b5-679d-4d0f-9998-2ff2ab698622","firstParentID":"eb60b931-c571-4acd-84f3-c9dfc3c705a1","ID":"c76f9722-d9b7-4bcb-a404-45cd5d7c2716","childs":null,"emcosID":null,"emcosMLID":null,"codMaketTEP":null,"codTEP":null,"WSName":"DB","rangeAddress":"$BP$95:$BP$132","headAddress":"$BP$95","bodyAddress":"$BP$96:$BP$132","_name":"код"},"основное":{"_level":2,"parentID":"33a484b5-679d-4d0f-9998-2ff2ab698622","firstParentID":"eb60b931-c571-4acd-84f3-c9dfc3c705a1","ID":"5f4a331f-1b3c-413f-b407-09ef7d3cfb5f","childs":null,"emcosID":null,"emcosMLID":null,"codMaketTEP":null,"codTEP":null,"WSName":"DB","rangeAddress":"$BQ$95:$BQ$132","headAddress":"$BQ$95","bodyAddress":"$BQ$96:$BQ$132","_name":"основное"},"корректировка факт":{"_level":2,"parentID":"33a484b5-679d-4d0f-9998-2ff2ab698622","firstParentID":"eb60b931-c571-4acd-84f3-c9dfc3c705a1","ID":"e53fb8fe-708e-4100-be50-4760f7a3cc23","childs":null,"emcosID":null,"emcosMLID":null,"codMaketTEP":null,"codTEP":null,"WSName":"DB","rangeAddress":"$BR$95:$BR$132","headAddress":"$BR$95","bodyAddress":"$BR$96:$BR$132","_name":"корректировка факт"},"ручное":{"_level":2,"parentID":"33a484b5-679d-4d0f-9998-2ff2ab698622","firstParentID":"eb60b931-c571-4acd-84f3-c9dfc3c705a1","ID":"d191d039-8155-4de7-a391-c7cc4ff0b081","childs":null,"emcosID":null,"emcosMLID":null,"codMaketTEP":null,"codTEP":null,"WSName":"DB","rangeAddress":"$BS$95:$BS$132","headAddress":"$BS$95","bodyAddress":"$BS$96:$BS$132","_name":"ручное"},"оперативное":{"_level":2,"parentID":"33a484b5-679d-4d0f-9998-2ff2ab698622","firstParentID":"eb60b931-c571-4acd-84f3-c9dfc3c705a1","ID":"5a68c010-64cc-41f5-951c-5e49122e949f","childs":null,"emcosID":null,"emcosMLID":null,"codMaketTEP":null,"codTEP":null,"WSName":"DB","rangeAddress":"$BT$95:$BT$132","headAddress":"$BT$95","bodyAddress":"$BT$96:$BT$132","_name":"оперативное"}},"emcosID":null,"emcosMLID":null,"codMaketTEP":null,"codTEP":null,"WSName":"DB","rangeAddress":"$BP$94:$BT$132","headAddress":"$BP$94:$BT$94","bodyAddress":"$BP$95:$BT$132","_name":"отдача"}},"emcosID":null,"emcosMLID":null,"codMaketTEP":null,"codTEP":null,"WSName":"DB","rangeAddress":"$BK$93:$BT$132","headAddress":"$BK$93:$BT$93","bodyAddress":"$BK$94:$BT$132","_name":"Л2373 Шелек 68И"}},"codPlan":null,"meterCoef":null,"_name":"Л2373 Шелек 68И"}