{"ID":"ee3675ac-0753-4d11-aa88-8fee990ee755","childs":{"PS":{"_level":0,"parentID":"ee3675ac-0753-4d11-aa88-8fee990ee755","firstParentID":"ee3675ac-0753-4d11-aa88-8fee990ee755","ID":"c2e603ea-d3cd-4b42-8a1d-0e2c58088993","childs":{"прием":{"_level":1,"parentID":"c2e603ea-d3cd-4b42-8a1d-0e2c58088993","firstParentID":"ee3675ac-0753-4d11-aa88-8fee990ee755","ID":"8d26affa-5195-4d14-a076-ac021935d827","childs":{"по плану":{"_level":2,"parentID":"8d26affa-5195-4d14-a076-ac021935d827","firstParentID":"ee3675ac-0753-4d11-aa88-8fee990ee755","ID":"6e79fe6f-edbe-437d-b549-bd7288f63a6e","childs":null,"emcosID":null,"emcosMLID":null,"codMaketTEP":null,"codTEP":null,"WSName":"PS","rangeAddress":"$U$185:$U$221","headAddress":"$U$185","bodyAddress":"$U$186:$U$221","_name":"по плану"}},"emcosID":null,"emcosMLID":null,"codMaketTEP":null,"codTEP":null,"WSName":"PS","rangeAddress":"$U$184:$U$221","headAddress":"$U$184","bodyAddress":"$U$185:$U$221","_name":"прием"},"план":{"_level":1,"parentID":"c2e603ea-d3cd-4b42-8a1d-0e2c58088993","firstParentID":"ee3675ac-0753-4d11-aa88-8fee990ee755","ID":"7e6ac1ec-13ef-482d-93fe-d66c9a67e068","childs":{"заявка":{"_level":2,"parentID":"7e6ac1ec-13ef-482d-93fe-d66c9a67e068","firstParentID":"ee3675ac-0753-4d11-aa88-8fee990ee755","ID":"f244549f-017f-4f8a-afaf-278cf7840e69","childs":null,"emcosID":null,"emcosMLID":null,"codMaketTEP":null,"codTEP":null,"WSName":"PS","rangeAddress":"$V$185:$V$221","headAddress":"$V$185","bodyAddress":"$V$186:$V$221","_name":"заявка"}},"emcosID":null,"emcosMLID":null,"codMaketTEP":null,"codTEP":null,"WSName":"PS","rangeAddress":"$V$184:$V$221","headAddress":"$V$184","bodyAddress":"$V$185:$V$221","_name":"план"}},"emcosID":null,"emcosMLID":null,"codMaketTEP":null,"codTEP":null,"WSName":"PS","rangeAddress":"$U$183:$V$221","headAddress":"$U$183:$V$183","bodyAddress":"$U$184:$V$221","_name":"ДМС хоз нужды КТЖ Алматы"},"DB":{"_level":0,"parentID":"ee3675ac-0753-4d11-aa88-8fee990ee755","firstParentID":"ee3675ac-0753-4d11-aa88-8fee990ee755","ID":"29f88879-08c7-40d8-9200-664026870df3","childs":{"прием":{"_level":1,"parentID":"29f88879-08c7-40d8-9200-664026870df3","firstParentID":"ee3675ac-0753-4d11-aa88-8fee990ee755","ID":"8bcade67-0dda-403c-8763-9eeb1c03a02e","childs":{"код":{"_level":2,"parentID":"8bcade67-0dda-403c-8763-9eeb1c03a02e","firstParentID":"ee3675ac-0753-4d11-aa88-8fee990ee755","ID":"285b5071-ca52-4993-90da-c942486375a0","childs":null,"emcosID":null,"emcosMLID":null,"codMaketTEP":null,"codTEP":null,"WSName":"DB","rangeAddress":"$AM$396:$AM$433","headAddress":"$AM$396","bodyAddress":"$AM$397:$AM$433","_name":"код"},"основное":{"_level":2,"parentID":"8bcade67-0dda-403c-8763-9eeb1c03a02e","firstParentID":"ee3675ac-0753-4d11-aa88-8fee990ee755","ID":"1f57c014-f6bb-4463-b965-4d6c9c79b968","childs":null,"emcosID":null,"emcosMLID":null,"codMaketTEP":null,"codTEP":null,"WSName":"DB","rangeAddress":"$AN$396:$AN$433","headAddress":"$AN$396","bodyAddress":"$AN$397:$AN$433","_name":"основное"},"корректировка факт":{"_level":2,"parentID":"8bcade67-0dda-403c-8763-9eeb1c03a02e","firstParentID":"ee3675ac-0753-4d11-aa88-8fee990ee755","ID":"287759d7-8ddf-472d-a2b3-239c597a4cdc","childs":null,"emcosID":null,"emcosMLID":null,"codMaketTEP":null,"codTEP":null,"WSName":"DB","rangeAddress":"$AO$396:$AO$433","headAddress":"$AO$396","bodyAddress":"$AO$397:$AO$433","_name":"корректировка факт"},"ручное":{"_level":2,"parentID":"8bcade67-0dda-403c-8763-9eeb1c03a02e","firstParentID":"ee3675ac-0753-4d11-aa88-8fee990ee755","ID":"9fe59e52-a4c5-4a86-92d6-f2d1cc0b28a2","childs":null,"emcosID":null,"emcosMLID":null,"codMaketTEP":null,"codTEP":null,"WSName":"DB","rangeAddress":"$AP$396:$AP$433","headAddress":"$AP$396","bodyAddress":"$AP$397:$AP$433","_name":"ручное"},"по плану":{"_level":2,"parentID":"8bcade67-0dda-403c-8763-9eeb1c03a02e","firstParentID":"ee3675ac-0753-4d11-aa88-8fee990ee755","ID":"dd7dabd9-c0ce-4b34-b011-73c3f55dabf4","childs":null,"emcosID":null,"emcosMLID":null,"codMaketTEP":null,"codTEP":null,"WSName":"DB","rangeAddress":"$AQ$396:$AQ$433","headAddress":"$AQ$396","bodyAddress":"$AQ$397:$AQ$433","_name":"по плану"}},"emcosID":null,"emcosMLID":null,"codMaketTEP":null,"codTEP":null,"WSName":"DB","rangeAddress":"$AM$395:$AQ$433","headAddress":"$AM$395:$AQ$395","bodyAddress":"$AM$396:$AQ$433","_name":"прием"},"план":{"_level":1,"parentID":"29f88879-08c7-40d8-9200-664026870df3","firstParentID":"ee3675ac-0753-4d11-aa88-8fee990ee755","ID":"14e84f76-df7e-4672-9818-db3009436a22","childs":{"код":{"_level":2,"parentID":"14e84f76-df7e-4672-9818-db3009436a22","firstParentID":"ee3675ac-0753-4d11-aa88-8fee990ee755","ID":"ad3f0b9d-11f9-446d-828b-88301c5efc4a","childs":null,"emcosID":null,"emcosMLID":null,"codMaketTEP":null,"codTEP":null,"WSName":"DB","rangeAddress":"$AR$396:$AR$433","headAddress":"$AR$396","bodyAddress":"$AR$397:$AR$433","_name":"код"},"основное":{"_level":2,"parentID":"14e84f76-df7e-4672-9818-db3009436a22","firstParentID":"ee3675ac-0753-4d11-aa88-8fee990ee755","ID":"cd1a0552-0d21-4ccc-b6f5-0c243bfe204b","childs":null,"emcosID":null,"emcosMLID":null,"codMaketTEP":null,"codTEP":null,"WSName":"DB","rangeAddress":"$AS$396:$AS$433","headAddress":"$AS$396","bodyAddress":"$AS$397:$AS$433","_name":"основное"},"заявка":{"_level":2,"parentID":"14e84f76-df7e-4672-9818-db3009436a22","firstParentID":"ee3675ac-0753-4d11-aa88-8fee990ee755","ID":"d662b53a-93da-42dd-9cb6-1df78415a3de","childs":null,"emcosID":null,"emcosMLID":null,"codMaketTEP":null,"codTEP":null,"WSName":"DB","rangeAddress":"$AT$396:$AT$433","headAddress":"$AT$396","bodyAddress":"$AT$397:$AT$433","_name":"заявка"},"утвержденный":{"_level":2,"parentID":"14e84f76-df7e-4672-9818-db3009436a22","firstParentID":"ee3675ac-0753-4d11-aa88-8fee990ee755","ID":"9fb1e57c-fc95-4a65-96ae-e2e85317e436","childs":null,"emcosID":null,"emcosMLID":null,"codMaketTEP":null,"codTEP":null,"WSName":"DB","rangeAddress":"$AU$396:$AU$433","headAddress":"$AU$396","bodyAddress":"$AU$397:$AU$433","_name":"утвержденный"},"корректировка":{"_level":2,"parentID":"14e84f76-df7e-4672-9818-db3009436a22","firstParentID":"ee3675ac-0753-4d11-aa88-8fee990ee755","ID":"b498e81c-f2d3-4620-86ec-8b9aa35ccbf0","childs":null,"emcosID":null,"emcosMLID":null,"codMaketTEP":null,"codTEP":null,"WSName":"DB","rangeAddress":"$AV$396:$AV$433","headAddress":"$AV$396","bodyAddress":"$AV$397:$AV$433","_name":"корректировка"}},"emcosID":null,"emcosMLID":null,"codMaketTEP":null,"codTEP":null,"WSName":"DB","rangeAddress":"$AR$395:$AV$433","headAddress":"$AR$395:$AV$395","bodyAddress":"$AR$396:$AV$433","_name":"план"}},"emcosID":null,"emcosMLID":null,"codMaketTEP":null,"codTEP":null,"WSName":"DB","rangeAddress":"$AM$394:$AV$433","headAddress":"$AM$394:$AV$394","bodyAddress":"$AM$395:$AV$433","_name":"ДМС хоз нужды КТЖ Алматы"}},"codPlan":116,"meterCoef":null,"_name":"ДМС хоз нужды КТЖ Алматы"}