{"ID":"ef8fee38-33f7-4595-a2fb-7c057d0deb59","childs":{"PS":{"_level":0,"parentID":"ef8fee38-33f7-4595-a2fb-7c057d0deb59","firstParentID":"ef8fee38-33f7-4595-a2fb-7c057d0deb59","ID":"891bc766-1958-4b95-ab73-f27273005bda","childs":{"прием":{"_level":1,"parentID":"891bc766-1958-4b95-ab73-f27273005bda","firstParentID":"ef8fee38-33f7-4595-a2fb-7c057d0deb59","ID":"b86de316-7b36-4bd7-b9aa-f947786f0c36","childs":{"формула":{"_level":2,"parentID":"b86de316-7b36-4bd7-b9aa-f947786f0c36","firstParentID":"ef8fee38-33f7-4595-a2fb-7c057d0deb59","ID":"cbeee6fd-df90-47ec-9800-b291ffa91566","childs":null,"emcosID":null,"emcosMLID":null,"codMaketTEP":null,"codTEP":null,"WSName":"PS","rangeAddress":"$AA$185:$AA$221","headAddress":"$AA$185","bodyAddress":"$AA$186:$AA$221","_name":"формула"}},"emcosID":null,"emcosMLID":null,"codMaketTEP":null,"codTEP":null,"WSName":"PS","rangeAddress":"$AA$184:$AA$221","headAddress":"$AA$184","bodyAddress":"$AA$185:$AA$221","_name":"прием"},"план":{"_level":1,"parentID":"891bc766-1958-4b95-ab73-f27273005bda","firstParentID":"ef8fee38-33f7-4595-a2fb-7c057d0deb59","ID":"f24bd326-5c06-4642-9814-a786113edcef","childs":{"заявка":{"_level":2,"parentID":"f24bd326-5c06-4642-9814-a786113edcef","firstParentID":"ef8fee38-33f7-4595-a2fb-7c057d0deb59","ID":"da67eaea-e677-4f33-a226-bd2f1f62d36f","childs":null,"emcosID":null,"emcosMLID":null,"codMaketTEP":null,"codTEP":null,"WSName":"PS","rangeAddress":"$AB$185:$AB$221","headAddress":"$AB$185","bodyAddress":"$AB$186:$AB$221","_name":"заявка"}},"emcosID":null,"emcosMLID":null,"codMaketTEP":null,"codTEP":null,"WSName":"PS","rangeAddress":"$AB$184:$AB$221","headAddress":"$AB$184","bodyAddress":"$AB$185:$AB$221","_name":"план"}},"emcosID":null,"emcosMLID":null,"codMaketTEP":null,"codTEP":null,"WSName":"PS","rangeAddress":"$AA$183:$AB$221","headAddress":"$AA$183:$AB$183","bodyAddress":"$AA$184:$AB$221","_name":"Потребление СТЭМ Алматы"},"DB":{"_level":0,"parentID":"ef8fee38-33f7-4595-a2fb-7c057d0deb59","firstParentID":"ef8fee38-33f7-4595-a2fb-7c057d0deb59","ID":"dee7fc52-e4cd-474d-8d99-9aed64313a67","childs":{"прием":{"_level":1,"parentID":"dee7fc52-e4cd-474d-8d99-9aed64313a67","firstParentID":"ef8fee38-33f7-4595-a2fb-7c057d0deb59","ID":"3ef52e04-c466-4514-8c6e-353547f42390","childs":{"код":{"_level":2,"parentID":"3ef52e04-c466-4514-8c6e-353547f42390","firstParentID":"ef8fee38-33f7-4595-a2fb-7c057d0deb59","ID":"a1e64c64-4c4b-494a-9618-a50347671f1c","childs":null,"emcosID":null,"emcosMLID":null,"codMaketTEP":null,"codTEP":null,"WSName":"DB","rangeAddress":"$R$396:$R$433","headAddress":"$R$396","bodyAddress":"$R$397:$R$433","_name":"код"},"основное":{"_level":2,"parentID":"3ef52e04-c466-4514-8c6e-353547f42390","firstParentID":"ef8fee38-33f7-4595-a2fb-7c057d0deb59","ID":"b3e94eb9-0efd-475f-b269-9ede56781304","childs":null,"emcosID":null,"emcosMLID":null,"codMaketTEP":null,"codTEP":null,"WSName":"DB","rangeAddress":"$S$396:$S$433","headAddress":"$S$396","bodyAddress":"$S$397:$S$433","_name":"основное"},"корректировка факт":{"_level":2,"parentID":"3ef52e04-c466-4514-8c6e-353547f42390","firstParentID":"ef8fee38-33f7-4595-a2fb-7c057d0deb59","ID":"47266950-00ab-4203-bf77-5bb1d19b640d","childs":null,"emcosID":null,"emcosMLID":null,"codMaketTEP":null,"codTEP":null,"WSName":"DB","rangeAddress":"$T$396:$T$433","headAddress":"$T$396","bodyAddress":"$T$397:$T$433","_name":"корректировка факт"},"ручное":{"_level":2,"parentID":"3ef52e04-c466-4514-8c6e-353547f42390","firstParentID":"ef8fee38-33f7-4595-a2fb-7c057d0deb59","ID":"aa2db9da-0db2-4c00-adaf-2fdc2ed97ed0","childs":null,"emcosID":null,"emcosMLID":null,"codMaketTEP":null,"codTEP":null,"WSName":"DB","rangeAddress":"$U$396:$U$433","headAddress":"$U$396","bodyAddress":"$U$397:$U$433","_name":"ручное"},"по плану":{"_level":2,"parentID":"3ef52e04-c466-4514-8c6e-353547f42390","firstParentID":"ef8fee38-33f7-4595-a2fb-7c057d0deb59","ID":"ee0c6488-198c-489f-bc5f-75f63e41ec10","childs":null,"emcosID":null,"emcosMLID":null,"codMaketTEP":null,"codTEP":null,"WSName":"DB","rangeAddress":"$V$396:$V$433","headAddress":"$V$396","bodyAddress":"$V$397:$V$433","_name":"по плану"},"формула":{"_level":2,"parentID":"3ef52e04-c466-4514-8c6e-353547f42390","firstParentID":"ef8fee38-33f7-4595-a2fb-7c057d0deb59","ID":"70de8666-4b4d-49f0-8a81-3b96c6aafef3","childs":null,"emcosID":null,"emcosMLID":null,"codMaketTEP":null,"codTEP":null,"WSName":"DB","rangeAddress":"$W$396:$W$433","headAddress":"$W$396","bodyAddress":"$W$397:$W$433","_name":"формула"}},"emcosID":null,"emcosMLID":null,"codMaketTEP":null,"codTEP":null,"WSName":"DB","rangeAddress":"$R$395:$W$433","headAddress":"$R$395:$W$395","bodyAddress":"$R$396:$W$433","_name":"прием"},"план":{"_level":1,"parentID":"dee7fc52-e4cd-474d-8d99-9aed64313a67","firstParentID":"ef8fee38-33f7-4595-a2fb-7c057d0deb59","ID":"5a0e8e94-cebc-4412-9d57-e6d73867ef3d","childs":{"код":{"_level":2,"parentID":"5a0e8e94-cebc-4412-9d57-e6d73867ef3d","firstParentID":"ef8fee38-33f7-4595-a2fb-7c057d0deb59","ID":"62e9b80d-019e-4398-b922-d7ca6f2b5cf3","childs":null,"emcosID":null,"emcosMLID":null,"codMaketTEP":null,"codTEP":null,"WSName":"DB","rangeAddress":"$X$396:$X$433","headAddress":"$X$396","bodyAddress":"$X$397:$X$433","_name":"код"},"основное":{"_level":2,"parentID":"5a0e8e94-cebc-4412-9d57-e6d73867ef3d","firstParentID":"ef8fee38-33f7-4595-a2fb-7c057d0deb59","ID":"357aec29-23c8-4c8e-94c3-3687fbd2bf2b","childs":null,"emcosID":null,"emcosMLID":null,"codMaketTEP":null,"codTEP":null,"WSName":"DB","rangeAddress":"$Y$396:$Y$433","headAddress":"$Y$396","bodyAddress":"$Y$397:$Y$433","_name":"основное"},"заявка":{"_level":2,"parentID":"5a0e8e94-cebc-4412-9d57-e6d73867ef3d","firstParentID":"ef8fee38-33f7-4595-a2fb-7c057d0deb59","ID":"fa05d843-120a-4cfd-bb0b-0941934048b4","childs":null,"emcosID":null,"emcosMLID":null,"codMaketTEP":null,"codTEP":null,"WSName":"DB","rangeAddress":"$Z$396:$Z$433","headAddress":"$Z$396","bodyAddress":"$Z$397:$Z$433","_name":"заявка"},"утвержденный":{"_level":2,"parentID":"5a0e8e94-cebc-4412-9d57-e6d73867ef3d","firstParentID":"ef8fee38-33f7-4595-a2fb-7c057d0deb59","ID":"04b1e1e2-6c13-40fd-9eb4-983bad971f24","childs":null,"emcosID":null,"emcosMLID":null,"codMaketTEP":null,"codTEP":null,"WSName":"DB","rangeAddress":"$AA$396:$AA$433","headAddress":"$AA$396","bodyAddress":"$AA$397:$AA$433","_name":"утвержденный"},"корректировка":{"_level":2,"parentID":"5a0e8e94-cebc-4412-9d57-e6d73867ef3d","firstParentID":"ef8fee38-33f7-4595-a2fb-7c057d0deb59","ID":"8d58fc13-9685-445d-84ea-a0c0e07bf99d","childs":null,"emcosID":null,"emcosMLID":null,"codMaketTEP":null,"codTEP":null,"WSName":"DB","rangeAddress":"$AB$396:$AB$433","headAddress":"$AB$396","bodyAddress":"$AB$397:$AB$433","_name":"корректировка"}},"emcosID":null,"emcosMLID":null,"codMaketTEP":null,"codTEP":null,"WSName":"DB","rangeAddress":"$X$395:$AB$433","headAddress":"$X$395:$AB$395","bodyAddress":"$X$396:$AB$433","_name":"план"}},"emcosID":null,"emcosMLID":null,"codMaketTEP":null,"codTEP":null,"WSName":"DB","rangeAddress":"$R$394:$AB$433","headAddress":"$R$394:$AB$394","bodyAddress":"$R$395:$AB$433","_name":"Потребление СТЭМ Алматы"}},"codPlan":25,"meterCoef":null,"_name":"Потребление СТЭМ Алматы"}