{"ID":"fa3a1311-3c32-4098-8cf3-a1408f99c2be","childs":{"PS":{"_level":0,"parentID":"fa3a1311-3c32-4098-8cf3-a1408f99c2be","firstParentID":"fa3a1311-3c32-4098-8cf3-a1408f99c2be","ID":"3b809d4b-3de0-4c5a-a7e4-7624c054c064","childs":{"прием":{"_level":1,"parentID":"3b809d4b-3de0-4c5a-a7e4-7624c054c064","firstParentID":"fa3a1311-3c32-4098-8cf3-a1408f99c2be","ID":"f316277c-f9bb-4e7b-8d58-c9448973311b","childs":{"по счетчику":{"_level":2,"parentID":"f316277c-f9bb-4e7b-8d58-c9448973311b","firstParentID":"fa3a1311-3c32-4098-8cf3-a1408f99c2be","ID":"37548de8-18ad-4c3e-9d85-6b60d18aa170","childs":null,"emcosID":null,"emcosMLID":null,"codMaketTEP":null,"codTEP":null,"WSName":"PS","rangeAddress":"$MH$99:$MH$135","headAddress":"$MH$99","bodyAddress":"$MH$100:$MH$135","_name":"по счетчику"},"СЧЕТЧИК":{"_level":2,"parentID":"f316277c-f9bb-4e7b-8d58-c9448973311b","firstParentID":"fa3a1311-3c32-4098-8cf3-a1408f99c2be","ID":"c1dc1c21-b008-4c6f-93ad-1cb441021e8d","childs":null,"emcosID":null,"emcosMLID":null,"codMaketTEP":null,"codTEP":null,"WSName":"PS","rangeAddress":"$MI$99:$MI$135","headAddress":"$MI$99","bodyAddress":"$MI$100:$MI$135","_name":"СЧЕТЧИК"}},"emcosID":null,"emcosMLID":null,"codMaketTEP":null,"codTEP":null,"WSName":"PS","rangeAddress":"$MH$98:$MI$135","headAddress":"$MH$98:$MI$98","bodyAddress":"$MH$99:$MI$135","_name":"прием"},"отдача":{"_level":1,"parentID":"3b809d4b-3de0-4c5a-a7e4-7624c054c064","firstParentID":"fa3a1311-3c32-4098-8cf3-a1408f99c2be","ID":"e34d35f7-4efb-4f89-9370-20fb8986ec17","childs":{"по счетчику":{"_level":2,"parentID":"e34d35f7-4efb-4f89-9370-20fb8986ec17","firstParentID":"fa3a1311-3c32-4098-8cf3-a1408f99c2be","ID":"a214e401-366e-490b-824e-5174c47b88e5","childs":null,"emcosID":null,"emcosMLID":null,"codMaketTEP":null,"codTEP":null,"WSName":"PS","rangeAddress":"$MJ$99:$MJ$135","headAddress":"$MJ$99","bodyAddress":"$MJ$100:$MJ$135","_name":"по счетчику"},"СЧЕТЧИК":{"_level":2,"parentID":"e34d35f7-4efb-4f89-9370-20fb8986ec17","firstParentID":"fa3a1311-3c32-4098-8cf3-a1408f99c2be","ID":"e76d87f2-dba3-4322-a875-65198a4b555d","childs":null,"emcosID":null,"emcosMLID":null,"codMaketTEP":null,"codTEP":null,"WSName":"PS","rangeAddress":"$MK$99:$MK$135","headAddress":"$MK$99","bodyAddress":"$MK$100:$MK$135","_name":"СЧЕТЧИК"}},"emcosID":null,"emcosMLID":null,"codMaketTEP":null,"codTEP":null,"WSName":"PS","rangeAddress":"$MJ$98:$MK$135","headAddress":"$MJ$98:$MK$98","bodyAddress":"$MJ$99:$MK$135","_name":"отдача"}},"emcosID":null,"emcosMLID":null,"codMaketTEP":null,"codTEP":null,"WSName":"PS","rangeAddress":"$MH$97:$MK$135","headAddress":"$MH$97:$MK$97","bodyAddress":"$MH$98:$MK$135","_name":"Л9 Строительная 120А"},"DB":{"_level":0,"parentID":"fa3a1311-3c32-4098-8cf3-a1408f99c2be","firstParentID":"fa3a1311-3c32-4098-8cf3-a1408f99c2be","ID":"0bb660f3-bd43-45fb-8d51-2cd2e6c97ca6","childs":{"прием":{"_level":1,"parentID":"0bb660f3-bd43-45fb-8d51-2cd2e6c97ca6","firstParentID":"fa3a1311-3c32-4098-8cf3-a1408f99c2be","ID":"17a3102f-fb30-42b8-8417-694515de62a2","childs":{"код":{"_level":2,"parentID":"17a3102f-fb30-42b8-8417-694515de62a2","firstParentID":"fa3a1311-3c32-4098-8cf3-a1408f99c2be","ID":"1d455d7a-30f3-4058-900f-9f58e867a6fa","childs":null,"emcosID":null,"emcosMLID":null,"codMaketTEP":null,"codTEP":null,"WSName":"DB","rangeAddress":"$CI$482:$CI$519","headAddress":"$CI$482","bodyAddress":"$CI$483:$CI$519","_name":"код"},"основное":{"_level":2,"parentID":"17a3102f-fb30-42b8-8417-694515de62a2","firstParentID":"fa3a1311-3c32-4098-8cf3-a1408f99c2be","ID":"93b25d7b-7155-4b58-82e4-de6649e3fa3c","childs":null,"emcosID":null,"emcosMLID":null,"codMaketTEP":null,"codTEP":null,"WSName":"DB","rangeAddress":"$CJ$482:$CJ$519","headAddress":"$CJ$482","bodyAddress":"$CJ$483:$CJ$519","_name":"основное"},"корректировка факт":{"_level":2,"parentID":"17a3102f-fb30-42b8-8417-694515de62a2","firstParentID":"fa3a1311-3c32-4098-8cf3-a1408f99c2be","ID":"c006d7e4-40a5-40e8-a6e4-b4c6651ec1b1","childs":null,"emcosID":null,"emcosMLID":null,"codMaketTEP":null,"codTEP":null,"WSName":"DB","rangeAddress":"$CK$482:$CK$519","headAddress":"$CK$482","bodyAddress":"$CK$483:$CK$519","_name":"корректировка факт"},"ручное":{"_level":2,"parentID":"17a3102f-fb30-42b8-8417-694515de62a2","firstParentID":"fa3a1311-3c32-4098-8cf3-a1408f99c2be","ID":"848a62e6-ddd9-400a-9e8c-4915bfeecb8e","childs":null,"emcosID":null,"emcosMLID":null,"codMaketTEP":null,"codTEP":null,"WSName":"DB","rangeAddress":"$CL$482:$CL$519","headAddress":"$CL$482","bodyAddress":"$CL$483:$CL$519","_name":"ручное"},"счетчик":{"_level":2,"parentID":"17a3102f-fb30-42b8-8417-694515de62a2","firstParentID":"fa3a1311-3c32-4098-8cf3-a1408f99c2be","ID":"e568d4c7-703b-4b45-a430-1c3f1dfb5aae","childs":null,"emcosID":null,"emcosMLID":null,"codMaketTEP":null,"codTEP":null,"WSName":"DB","rangeAddress":"$CM$482:$CM$519","headAddress":"$CM$482","bodyAddress":"$CM$483:$CM$519","_name":"счетчик"},"по счетчику":{"_level":2,"parentID":"17a3102f-fb30-42b8-8417-694515de62a2","firstParentID":"fa3a1311-3c32-4098-8cf3-a1408f99c2be","ID":"c3695d52-898a-492c-ad33-1d6438eb8221","childs":null,"emcosID":null,"emcosMLID":null,"codMaketTEP":null,"codTEP":null,"WSName":"DB","rangeAddress":"$CN$482:$CN$519","headAddress":"$CN$482","bodyAddress":"$CN$483:$CN$519","_name":"по счетчику"}},"emcosID":null,"emcosMLID":null,"codMaketTEP":null,"codTEP":null,"WSName":"DB","rangeAddress":"$CI$481:$CN$519","headAddress":"$CI$481:$CN$481","bodyAddress":"$CI$482:$CN$519","_name":"прием"},"отдача":{"_level":1,"parentID":"0bb660f3-bd43-45fb-8d51-2cd2e6c97ca6","firstParentID":"fa3a1311-3c32-4098-8cf3-a1408f99c2be","ID":"0263c995-96b9-4805-89eb-c73fd37d75d1","childs":{"код":{"_level":2,"parentID":"0263c995-96b9-4805-89eb-c73fd37d75d1","firstParentID":"fa3a1311-3c32-4098-8cf3-a1408f99c2be","ID":"c62702f3-d888-4ade-92b2-f0e145412e11","childs":null,"emcosID":null,"emcosMLID":null,"codMaketTEP":null,"codTEP":null,"WSName":"DB","rangeAddress":"$CO$482:$CO$519","headAddress":"$CO$482","bodyAddress":"$CO$483:$CO$519","_name":"код"},"основное":{"_level":2,"parentID":"0263c995-96b9-4805-89eb-c73fd37d75d1","firstParentID":"fa3a1311-3c32-4098-8cf3-a1408f99c2be","ID":"03a53118-2ea2-4888-8108-defc05a72b0a","childs":null,"emcosID":null,"emcosMLID":null,"codMaketTEP":null,"codTEP":null,"WSName":"DB","rangeAddress":"$CP$482:$CP$519","headAddress":"$CP$482","bodyAddress":"$CP$483:$CP$519","_name":"основное"},"корректировка факт":{"_level":2,"parentID":"0263c995-96b9-4805-89eb-c73fd37d75d1","firstParentID":"fa3a1311-3c32-4098-8cf3-a1408f99c2be","ID":"bc29b16d-b1b0-47e5-829b-3a38ddf3d620","childs":null,"emcosID":null,"emcosMLID":null,"codMaketTEP":null,"codTEP":null,"WSName":"DB","rangeAddress":"$CQ$482:$CQ$519","headAddress":"$CQ$482","bodyAddress":"$CQ$483:$CQ$519","_name":"корректировка факт"},"ручное":{"_level":2,"parentID":"0263c995-96b9-4805-89eb-c73fd37d75d1","firstParentID":"fa3a1311-3c32-4098-8cf3-a1408f99c2be","ID":"1ac91bfc-fd0d-41ff-b683-8d2986843190","childs":null,"emcosID":null,"emcosMLID":null,"codMaketTEP":null,"codTEP":null,"WSName":"DB","rangeAddress":"$CR$482:$CR$519","headAddress":"$CR$482","bodyAddress":"$CR$483:$CR$519","_name":"ручное"},"счетчик":{"_level":2,"parentID":"0263c995-96b9-4805-89eb-c73fd37d75d1","firstParentID":"fa3a1311-3c32-4098-8cf3-a1408f99c2be","ID":"31728e96-ad7f-43b9-acf1-c9ed07776a3e","childs":null,"emcosID":null,"emcosMLID":null,"codMaketTEP":null,"codTEP":null,"WSName":"DB","rangeAddress":"$CS$482:$CS$519","headAddress":"$CS$482","bodyAddress":"$CS$483:$CS$519","_name":"счетчик"},"по счетчику":{"_level":2,"parentID":"0263c995-96b9-4805-89eb-c73fd37d75d1","firstParentID":"fa3a1311-3c32-4098-8cf3-a1408f99c2be","ID":"9d356cb0-9195-4429-a6a8-f14c49566d0f","childs":null,"emcosID":null,"emcosMLID":null,"codMaketTEP":null,"codTEP":null,"WSName":"DB","rangeAddress":"$CT$482:$CT$519","headAddress":"$CT$482","bodyAddress":"$CT$483:$CT$519","_name":"по счетчику"}},"emcosID":null,"emcosMLID":null,"codMaketTEP":null,"codTEP":null,"WSName":"DB","rangeAddress":"$CO$481:$CT$519","headAddress":"$CO$481:$CT$481","bodyAddress":"$CO$482:$CT$519","_name":"отдача"}},"emcosID":null,"emcosMLID":null,"codMaketTEP":null,"codTEP":null,"WSName":"DB","rangeAddress":"$CI$480:$CT$519","headAddress":"$CI$480:$CT$480","bodyAddress":"$CI$481:$CT$519","_name":"Л9 Строительная 120А"}},"codPlan":null,"meterCoef":"7","_name":"Л9 Строительная 120А"}