{"ID":"fa3a1311-3c32-4098-8cf3-a1408f99c2be","childs":{"PS":{"_level":0,"parentID":"fa3a1311-3c32-4098-8cf3-a1408f99c2be","firstParentID":"fa3a1311-3c32-4098-8cf3-a1408f99c2be","ID":"3b809d4b-3de0-4c5a-a7e4-7624c054c064","childs":{"прием":{"_level":1,"parentID":"3b809d4b-3de0-4c5a-a7e4-7624c054c064","firstParentID":"fa3a1311-3c32-4098-8cf3-a1408f99c2be","ID":"f316277c-f9bb-4e7b-8d58-c9448973311b","childs":{"по счетчику":{"_level":2,"parentID":"f316277c-f9bb-4e7b-8d58-c9448973311b","firstParentID":"fa3a1311-3c32-4098-8cf3-a1408f99c2be","ID":"37548de8-18ad-4c3e-9d85-6b60d18aa170","childs":null,"emcosID":null,"emcosMLID":null,"codMaketTEP":null,"codTEP":null,"WSName":"PS","rangeAddress":"$FU$99:$FU$135","headAddress":"$FU$99","bodyAddress":"$FU$100:$FU$135","_name":"по счетчику"}},"emcosID":null,"emcosMLID":null,"codMaketTEP":null,"codTEP":null,"WSName":"PS","rangeAddress":"$FU$98:$FU$135","headAddress":"$FU$98","bodyAddress":"$FU$99:$FU$135","_name":"прием"},"отдача":{"_level":1,"parentID":"3b809d4b-3de0-4c5a-a7e4-7624c054c064","firstParentID":"fa3a1311-3c32-4098-8cf3-a1408f99c2be","ID":"e34d35f7-4efb-4f89-9370-20fb8986ec17","childs":{"по счетчику":{"_level":2,"parentID":"e34d35f7-4efb-4f89-9370-20fb8986ec17","firstParentID":"fa3a1311-3c32-4098-8cf3-a1408f99c2be","ID":"a214e401-366e-490b-824e-5174c47b88e5","childs":null,"emcosID":null,"emcosMLID":null,"codMaketTEP":null,"codTEP":null,"WSName":"PS","rangeAddress":"$FV$99:$FV$135","headAddress":"$FV$99","bodyAddress":"$FV$100:$FV$135","_name":"по счетчику"}},"emcosID":null,"emcosMLID":null,"codMaketTEP":null,"codTEP":null,"WSName":"PS","rangeAddress":"$FV$98:$FV$135","headAddress":"$FV$98","bodyAddress":"$FV$99:$FV$135","_name":"отдача"}},"emcosID":null,"emcosMLID":null,"codMaketTEP":null,"codTEP":null,"WSName":"PS","rangeAddress":"$FU$97:$FV$135","headAddress":"$FU$97:$FV$97","bodyAddress":"$FU$98:$FV$135","_name":"Л9 Строительная 120А"},"DB":{"_level":0,"parentID":"fa3a1311-3c32-4098-8cf3-a1408f99c2be","firstParentID":"fa3a1311-3c32-4098-8cf3-a1408f99c2be","ID":"0bb660f3-bd43-45fb-8d51-2cd2e6c97ca6","childs":{"прием":{"_level":1,"parentID":"0bb660f3-bd43-45fb-8d51-2cd2e6c97ca6","firstParentID":"fa3a1311-3c32-4098-8cf3-a1408f99c2be","ID":"17a3102f-fb30-42b8-8417-694515de62a2","childs":{"код":{"_level":2,"parentID":"17a3102f-fb30-42b8-8417-694515de62a2","firstParentID":"fa3a1311-3c32-4098-8cf3-a1408f99c2be","ID":"1d455d7a-30f3-4058-900f-9f58e867a6fa","childs":null,"emcosID":null,"emcosMLID":null,"codMaketTEP":null,"codTEP":null,"WSName":"DB","rangeAddress":"$AA$482:$AA$519","headAddress":"$AA$482","bodyAddress":"$AA$483:$AA$519","_name":"код"},"основное":{"_level":2,"parentID":"17a3102f-fb30-42b8-8417-694515de62a2","firstParentID":"fa3a1311-3c32-4098-8cf3-a1408f99c2be","ID":"93b25d7b-7155-4b58-82e4-de6649e3fa3c","childs":null,"emcosID":null,"emcosMLID":null,"codMaketTEP":null,"codTEP":null,"WSName":"DB","rangeAddress":"$AB$482:$AB$519","headAddress":"$AB$482","bodyAddress":"$AB$483:$AB$519","_name":"основное"},"корректировка факт":{"_level":2,"parentID":"17a3102f-fb30-42b8-8417-694515de62a2","firstParentID":"fa3a1311-3c32-4098-8cf3-a1408f99c2be","ID":"c006d7e4-40a5-40e8-a6e4-b4c6651ec1b1","childs":null,"emcosID":null,"emcosMLID":null,"codMaketTEP":null,"codTEP":null,"WSName":"DB","rangeAddress":"$AC$482:$AC$519","headAddress":"$AC$482","bodyAddress":"$AC$483:$AC$519","_name":"корректировка факт"},"ручное":{"_level":2,"parentID":"17a3102f-fb30-42b8-8417-694515de62a2","firstParentID":"fa3a1311-3c32-4098-8cf3-a1408f99c2be","ID":"848a62e6-ddd9-400a-9e8c-4915bfeecb8e","childs":null,"emcosID":null,"emcosMLID":null,"codMaketTEP":null,"codTEP":null,"WSName":"DB","rangeAddress":"$AD$482:$AD$519","headAddress":"$AD$482","bodyAddress":"$AD$483:$AD$519","_name":"ручное"},"счетчик":{"_level":2,"parentID":"17a3102f-fb30-42b8-8417-694515de62a2","firstParentID":"fa3a1311-3c32-4098-8cf3-a1408f99c2be","ID":"e568d4c7-703b-4b45-a430-1c3f1dfb5aae","childs":null,"emcosID":null,"emcosMLID":null,"codMaketTEP":null,"codTEP":null,"WSName":"DB","rangeAddress":"$AE$482:$AE$519","headAddress":"$AE$482","bodyAddress":"$AE$483:$AE$519","_name":"счетчик"},"по счетчику":{"_level":2,"parentID":"17a3102f-fb30-42b8-8417-694515de62a2","firstParentID":"fa3a1311-3c32-4098-8cf3-a1408f99c2be","ID":"c3695d52-898a-492c-ad33-1d6438eb8221","childs":null,"emcosID":null,"emcosMLID":null,"codMaketTEP":null,"codTEP":null,"WSName":"DB","rangeAddress":"$AF$482:$AF$519","headAddress":"$AF$482","bodyAddress":"$AF$483:$AF$519","_name":"по счетчику"}},"emcosID":null,"emcosMLID":null,"codMaketTEP":null,"codTEP":null,"WSName":"DB","rangeAddress":"$AA$481:$AF$519","headAddress":"$AA$481:$AF$481","bodyAddress":"$AA$482:$AF$519","_name":"прием"},"отдача":{"_level":1,"parentID":"0bb660f3-bd43-45fb-8d51-2cd2e6c97ca6","firstParentID":"fa3a1311-3c32-4098-8cf3-a1408f99c2be","ID":"0263c995-96b9-4805-89eb-c73fd37d75d1","childs":{"код":{"_level":2,"parentID":"0263c995-96b9-4805-89eb-c73fd37d75d1","firstParentID":"fa3a1311-3c32-4098-8cf3-a1408f99c2be","ID":"c62702f3-d888-4ade-92b2-f0e145412e11","childs":null,"emcosID":null,"emcosMLID":null,"codMaketTEP":null,"codTEP":null,"WSName":"DB","rangeAddress":"$AG$482:$AG$519","headAddress":"$AG$482","bodyAddress":"$AG$483:$AG$519","_name":"код"},"основное":{"_level":2,"parentID":"0263c995-96b9-4805-89eb-c73fd37d75d1","firstParentID":"fa3a1311-3c32-4098-8cf3-a1408f99c2be","ID":"03a53118-2ea2-4888-8108-defc05a72b0a","childs":null,"emcosID":null,"emcosMLID":null,"codMaketTEP":null,"codTEP":null,"WSName":"DB","rangeAddress":"$AH$482:$AH$519","headAddress":"$AH$482","bodyAddress":"$AH$483:$AH$519","_name":"основное"},"корректировка факт":{"_level":2,"parentID":"0263c995-96b9-4805-89eb-c73fd37d75d1","firstParentID":"fa3a1311-3c32-4098-8cf3-a1408f99c2be","ID":"bc29b16d-b1b0-47e5-829b-3a38ddf3d620","childs":null,"emcosID":null,"emcosMLID":null,"codMaketTEP":null,"codTEP":null,"WSName":"DB","rangeAddress":"$AI$482:$AI$519","headAddress":"$AI$482","bodyAddress":"$AI$483:$AI$519","_name":"корректировка факт"},"ручное":{"_level":2,"parentID":"0263c995-96b9-4805-89eb-c73fd37d75d1","firstParentID":"fa3a1311-3c32-4098-8cf3-a1408f99c2be","ID":"1ac91bfc-fd0d-41ff-b683-8d2986843190","childs":null,"emcosID":null,"emcosMLID":null,"codMaketTEP":null,"codTEP":null,"WSName":"DB","rangeAddress":"$AJ$482:$AJ$519","headAddress":"$AJ$482","bodyAddress":"$AJ$483:$AJ$519","_name":"ручное"},"счетчик":{"_level":2,"parentID":"0263c995-96b9-4805-89eb-c73fd37d75d1","firstParentID":"fa3a1311-3c32-4098-8cf3-a1408f99c2be","ID":"31728e96-ad7f-43b9-acf1-c9ed07776a3e","childs":null,"emcosID":null,"emcosMLID":null,"codMaketTEP":null,"codTEP":null,"WSName":"DB","rangeAddress":"$AK$482:$AK$519","headAddress":"$AK$482","bodyAddress":"$AK$483:$AK$519","_name":"счетчик"},"по счетчику":{"_level":2,"parentID":"0263c995-96b9-4805-89eb-c73fd37d75d1","firstParentID":"fa3a1311-3c32-4098-8cf3-a1408f99c2be","ID":"9d356cb0-9195-4429-a6a8-f14c49566d0f","childs":null,"emcosID":null,"emcosMLID":null,"codMaketTEP":null,"codTEP":null,"WSName":"DB","rangeAddress":"$AL$482:$AL$519","headAddress":"$AL$482","bodyAddress":"$AL$483:$AL$519","_name":"по счетчику"}},"emcosID":null,"emcosMLID":null,"codMaketTEP":null,"codTEP":null,"WSName":"DB","rangeAddress":"$AG$481:$AL$519","headAddress":"$AG$481:$AL$481","bodyAddress":"$AG$482:$AL$519","_name":"отдача"}},"emcosID":null,"emcosMLID":null,"codMaketTEP":null,"codTEP":null,"WSName":"DB","rangeAddress":"$AA$480:$AL$519","headAddress":"$AA$480:$AL$480","bodyAddress":"$AA$481:$AL$519","_name":"Л9 Строительная 120А"}},"codPlan":null,"meterCoef":"7","_name":"Л9 Строительная 120А"}