{"ID":"fb3561d9-208f-4948-8a39-1801a14a182b","childs":{"PS":{"_level":0,"parentID":"fb3561d9-208f-4948-8a39-1801a14a182b","firstParentID":"fb3561d9-208f-4948-8a39-1801a14a182b","ID":"008a3f87-c911-4766-820d-c924354a7f5e","childs":{"прием":{"_level":1,"parentID":"008a3f87-c911-4766-820d-c924354a7f5e","firstParentID":"fb3561d9-208f-4948-8a39-1801a14a182b","ID":"4f181bbf-c0c5-4bdd-9507-61e13a0760ab","childs":{"ручное":{"_level":2,"parentID":"4f181bbf-c0c5-4bdd-9507-61e13a0760ab","firstParentID":"fb3561d9-208f-4948-8a39-1801a14a182b","ID":"0c2fd44d-9801-4b4a-892b-53c41903a48a","childs":null,"emcosID":null,"emcosMLID":null,"codMaketTEP":null,"codTEP":null,"WSName":"PS","rangeAddress":"$DG$99:$DG$135","headAddress":"$DG$99","bodyAddress":"$DG$100:$DG$135","_name":"ручное"}},"emcosID":null,"emcosMLID":null,"codMaketTEP":null,"codTEP":null,"WSName":"PS","rangeAddress":"$DG$98:$DG$135","headAddress":"$DG$98","bodyAddress":"$DG$99:$DG$135","_name":"прием"},"отдача":{"_level":1,"parentID":"008a3f87-c911-4766-820d-c924354a7f5e","firstParentID":"fb3561d9-208f-4948-8a39-1801a14a182b","ID":"f08564c0-fe4b-4f1a-b5f3-d3dc31fc9212","childs":{"ручное":{"_level":2,"parentID":"f08564c0-fe4b-4f1a-b5f3-d3dc31fc9212","firstParentID":"fb3561d9-208f-4948-8a39-1801a14a182b","ID":"e5fddd52-4606-460f-bb9d-948b6b145b79","childs":null,"emcosID":null,"emcosMLID":null,"codMaketTEP":null,"codTEP":null,"WSName":"PS","rangeAddress":"$DH$99:$DH$135","headAddress":"$DH$99","bodyAddress":"$DH$100:$DH$135","_name":"ручное"}},"emcosID":null,"emcosMLID":null,"codMaketTEP":null,"codTEP":null,"WSName":"PS","rangeAddress":"$DH$98:$DH$135","headAddress":"$DH$98","bodyAddress":"$DH$99:$DH$135","_name":"отдача"}},"emcosID":null,"emcosMLID":null,"codMaketTEP":null,"codTEP":null,"WSName":"PS","rangeAddress":"$DG$97:$DH$135","headAddress":"$DG$97:$DH$97","bodyAddress":"$DG$98:$DH$135","_name":"Л2153 АХБК 7А"},"DB":{"_level":0,"parentID":"fb3561d9-208f-4948-8a39-1801a14a182b","firstParentID":"fb3561d9-208f-4948-8a39-1801a14a182b","ID":"26dc41a5-24d4-463c-8f36-719225d7c1ab","childs":{"прием":{"_level":1,"parentID":"26dc41a5-24d4-463c-8f36-719225d7c1ab","firstParentID":"fb3561d9-208f-4948-8a39-1801a14a182b","ID":"f9f80289-5b00-4f4c-b89c-57c306243250","childs":{"код":{"_level":2,"parentID":"f9f80289-5b00-4f4c-b89c-57c306243250","firstParentID":"fb3561d9-208f-4948-8a39-1801a14a182b","ID":"0eec96a9-6f74-4530-9dd3-0bf2248fbeb7","childs":null,"emcosID":null,"emcosMLID":null,"codMaketTEP":null,"codTEP":null,"WSName":"DB","rangeAddress":"$GW$95:$GW$132","headAddress":"$GW$95","bodyAddress":"$GW$96:$GW$132","_name":"код"},"основное":{"_level":2,"parentID":"f9f80289-5b00-4f4c-b89c-57c306243250","firstParentID":"fb3561d9-208f-4948-8a39-1801a14a182b","ID":"4d7646bb-18e1-4962-99d0-30b3d180996f","childs":null,"emcosID":null,"emcosMLID":null,"codMaketTEP":null,"codTEP":null,"WSName":"DB","rangeAddress":"$GX$95:$GX$132","headAddress":"$GX$95","bodyAddress":"$GX$96:$GX$132","_name":"основное"},"корректировка факт":{"_level":2,"parentID":"f9f80289-5b00-4f4c-b89c-57c306243250","firstParentID":"fb3561d9-208f-4948-8a39-1801a14a182b","ID":"01cb962e-dd47-40b6-9520-ca4f536a039d","childs":null,"emcosID":null,"emcosMLID":null,"codMaketTEP":null,"codTEP":null,"WSName":"DB","rangeAddress":"$GY$95:$GY$132","headAddress":"$GY$95","bodyAddress":"$GY$96:$GY$132","_name":"корректировка факт"},"ручное":{"_level":2,"parentID":"f9f80289-5b00-4f4c-b89c-57c306243250","firstParentID":"fb3561d9-208f-4948-8a39-1801a14a182b","ID":"bbbb3a41-d261-4a3e-8e12-8be530c9a876","childs":null,"emcosID":null,"emcosMLID":null,"codMaketTEP":null,"codTEP":null,"WSName":"DB","rangeAddress":"$GZ$95:$GZ$132","headAddress":"$GZ$95","bodyAddress":"$GZ$96:$GZ$132","_name":"ручное"}},"emcosID":null,"emcosMLID":null,"codMaketTEP":null,"codTEP":null,"WSName":"DB","rangeAddress":"$GW$94:$GZ$132","headAddress":"$GW$94:$GZ$94","bodyAddress":"$GW$95:$GZ$132","_name":"прием"},"отдача":{"_level":1,"parentID":"26dc41a5-24d4-463c-8f36-719225d7c1ab","firstParentID":"fb3561d9-208f-4948-8a39-1801a14a182b","ID":"86c8196b-2124-4830-a783-e130bf70c94b","childs":{"код":{"_level":2,"parentID":"86c8196b-2124-4830-a783-e130bf70c94b","firstParentID":"fb3561d9-208f-4948-8a39-1801a14a182b","ID":"9865d46b-563d-41dd-8b37-c98cd8e1f957","childs":null,"emcosID":null,"emcosMLID":null,"codMaketTEP":null,"codTEP":null,"WSName":"DB","rangeAddress":"$HA$95:$HA$132","headAddress":"$HA$95","bodyAddress":"$HA$96:$HA$132","_name":"код"},"основное":{"_level":2,"parentID":"86c8196b-2124-4830-a783-e130bf70c94b","firstParentID":"fb3561d9-208f-4948-8a39-1801a14a182b","ID":"70d00ecd-8839-439e-9cb7-979e2e92ebdc","childs":null,"emcosID":null,"emcosMLID":null,"codMaketTEP":null,"codTEP":null,"WSName":"DB","rangeAddress":"$HB$95:$HB$132","headAddress":"$HB$95","bodyAddress":"$HB$96:$HB$132","_name":"основное"},"корректировка факт":{"_level":2,"parentID":"86c8196b-2124-4830-a783-e130bf70c94b","firstParentID":"fb3561d9-208f-4948-8a39-1801a14a182b","ID":"a26f77df-daac-4da4-9d45-112ed4af49d7","childs":null,"emcosID":null,"emcosMLID":null,"codMaketTEP":null,"codTEP":null,"WSName":"DB","rangeAddress":"$HC$95:$HC$132","headAddress":"$HC$95","bodyAddress":"$HC$96:$HC$132","_name":"корректировка факт"},"ручное":{"_level":2,"parentID":"86c8196b-2124-4830-a783-e130bf70c94b","firstParentID":"fb3561d9-208f-4948-8a39-1801a14a182b","ID":"e3e772d7-0bd4-4d94-8a08-bfbcfccdeb2f","childs":null,"emcosID":null,"emcosMLID":null,"codMaketTEP":null,"codTEP":null,"WSName":"DB","rangeAddress":"$HD$95:$HD$132","headAddress":"$HD$95","bodyAddress":"$HD$96:$HD$132","_name":"ручное"}},"emcosID":null,"emcosMLID":null,"codMaketTEP":null,"codTEP":null,"WSName":"DB","rangeAddress":"$HA$94:$HD$132","headAddress":"$HA$94:$HD$94","bodyAddress":"$HA$95:$HD$132","_name":"отдача"}},"emcosID":null,"emcosMLID":null,"codMaketTEP":null,"codTEP":null,"WSName":"DB","rangeAddress":"$GW$93:$HD$132","headAddress":"$GW$93:$HD$93","bodyAddress":"$GW$94:$HD$132","_name":"Л2153 АХБК 7А"}},"codPlan":null,"meterCoef":null,"_name":"Л2153 АХБК 7А"}