{"ID":"fc787a84-b057-4da9-aebc-084c420d8e6f","childs":{"PS":{"_level":0,"parentID":"fc787a84-b057-4da9-aebc-084c420d8e6f","firstParentID":"fc787a84-b057-4da9-aebc-084c420d8e6f","ID":"33da8116-dddc-4d3c-98dc-49d54757bdbd","childs":{"прием":{"_level":1,"parentID":"33da8116-dddc-4d3c-98dc-49d54757bdbd","firstParentID":"fc787a84-b057-4da9-aebc-084c420d8e6f","ID":"a77c9912-9ee4-424a-ad42-d8c571012475","childs":{"по счетчику":{"_level":2,"parentID":"a77c9912-9ee4-424a-ad42-d8c571012475","firstParentID":"fc787a84-b057-4da9-aebc-084c420d8e6f","ID":"fbf6ca23-2e36-4a89-89a9-a47d719cf3c0","childs":null,"emcosID":null,"emcosMLID":null,"codMaketTEP":null,"codTEP":null,"WSName":"PS","rangeAddress":"$HB$99:$HB$135","headAddress":"$HB$99","bodyAddress":"$HB$100:$HB$135","_name":"по счетчику"},"СЧЕТЧИК":{"_level":2,"parentID":"a77c9912-9ee4-424a-ad42-d8c571012475","firstParentID":"fc787a84-b057-4da9-aebc-084c420d8e6f","ID":"b74415fd-6bbe-4abc-ba62-969995637b28","childs":null,"emcosID":null,"emcosMLID":null,"codMaketTEP":null,"codTEP":null,"WSName":"PS","rangeAddress":"$HC$99:$HC$135","headAddress":"$HC$99","bodyAddress":"$HC$100:$HC$135","_name":"СЧЕТЧИК"}},"emcosID":null,"emcosMLID":null,"codMaketTEP":null,"codTEP":null,"WSName":"PS","rangeAddress":"$HB$98:$HC$135","headAddress":"$HB$98:$HC$98","bodyAddress":"$HB$99:$HC$135","_name":"прием"},"отдача":{"_level":1,"parentID":"33da8116-dddc-4d3c-98dc-49d54757bdbd","firstParentID":"fc787a84-b057-4da9-aebc-084c420d8e6f","ID":"1c3c3ea4-dc3d-4a65-8b36-e34a433e743a","childs":{"по счетчику":{"_level":2,"parentID":"1c3c3ea4-dc3d-4a65-8b36-e34a433e743a","firstParentID":"fc787a84-b057-4da9-aebc-084c420d8e6f","ID":"87bd0780-64ba-423b-99fb-67dce5e7c71a","childs":null,"emcosID":null,"emcosMLID":null,"codMaketTEP":null,"codTEP":null,"WSName":"PS","rangeAddress":"$HD$99:$HD$135","headAddress":"$HD$99","bodyAddress":"$HD$100:$HD$135","_name":"по счетчику"},"СЧЕТЧИК":{"_level":2,"parentID":"1c3c3ea4-dc3d-4a65-8b36-e34a433e743a","firstParentID":"fc787a84-b057-4da9-aebc-084c420d8e6f","ID":"1adaaeb3-9f8e-4cbe-83d3-5a56c9fff7c5","childs":null,"emcosID":null,"emcosMLID":null,"codMaketTEP":null,"codTEP":null,"WSName":"PS","rangeAddress":"$HE$99:$HE$135","headAddress":"$HE$99","bodyAddress":"$HE$100:$HE$135","_name":"СЧЕТЧИК"}},"emcosID":null,"emcosMLID":null,"codMaketTEP":null,"codTEP":null,"WSName":"PS","rangeAddress":"$HD$98:$HE$135","headAddress":"$HD$98:$HE$98","bodyAddress":"$HD$99:$HE$135","_name":"отдача"}},"emcosID":null,"emcosMLID":null,"codMaketTEP":null,"codTEP":null,"WSName":"PS","rangeAddress":"$HB$97:$HE$135","headAddress":"$HB$97:$HE$97","bodyAddress":"$HB$98:$HE$135","_name":"КЛ47 ПС152 Талдыкорган"},"DB":{"_level":0,"parentID":"fc787a84-b057-4da9-aebc-084c420d8e6f","firstParentID":"fc787a84-b057-4da9-aebc-084c420d8e6f","ID":"714aadba-b72b-47e5-8692-97170c3b62af","childs":{"прием":{"_level":1,"parentID":"714aadba-b72b-47e5-8692-97170c3b62af","firstParentID":"fc787a84-b057-4da9-aebc-084c420d8e6f","ID":"4292259f-bfd6-497f-889f-f95d033abb60","childs":{"код":{"_level":2,"parentID":"4292259f-bfd6-497f-889f-f95d033abb60","firstParentID":"fc787a84-b057-4da9-aebc-084c420d8e6f","ID":"3e96e5fc-ed24-49bd-8d6f-0b5c5fa432ee","childs":null,"emcosID":null,"emcosMLID":null,"codMaketTEP":null,"codTEP":null,"WSName":"DB","rangeAddress":"$HY$525:$HY$562","headAddress":"$HY$525","bodyAddress":"$HY$526:$HY$562","_name":"код"},"основное":{"_level":2,"parentID":"4292259f-bfd6-497f-889f-f95d033abb60","firstParentID":"fc787a84-b057-4da9-aebc-084c420d8e6f","ID":"1e166d0d-73f9-436f-b182-b236f8497de6","childs":null,"emcosID":null,"emcosMLID":null,"codMaketTEP":null,"codTEP":null,"WSName":"DB","rangeAddress":"$HZ$525:$HZ$562","headAddress":"$HZ$525","bodyAddress":"$HZ$526:$HZ$562","_name":"основное"},"корректировка факт":{"_level":2,"parentID":"4292259f-bfd6-497f-889f-f95d033abb60","firstParentID":"fc787a84-b057-4da9-aebc-084c420d8e6f","ID":"aedc3b76-3082-470d-a88d-80431b0ada07","childs":null,"emcosID":null,"emcosMLID":null,"codMaketTEP":null,"codTEP":null,"WSName":"DB","rangeAddress":"$IA$525:$IA$562","headAddress":"$IA$525","bodyAddress":"$IA$526:$IA$562","_name":"корректировка факт"},"ручное":{"_level":2,"parentID":"4292259f-bfd6-497f-889f-f95d033abb60","firstParentID":"fc787a84-b057-4da9-aebc-084c420d8e6f","ID":"41987db4-c18b-4e6c-b2f7-23d82948b99d","childs":null,"emcosID":null,"emcosMLID":null,"codMaketTEP":null,"codTEP":null,"WSName":"DB","rangeAddress":"$IB$525:$IB$562","headAddress":"$IB$525","bodyAddress":"$IB$526:$IB$562","_name":"ручное"},"счетчик":{"_level":2,"parentID":"4292259f-bfd6-497f-889f-f95d033abb60","firstParentID":"fc787a84-b057-4da9-aebc-084c420d8e6f","ID":"23eaf648-e4e0-434f-8e50-f8291bc592fb","childs":null,"emcosID":null,"emcosMLID":null,"codMaketTEP":null,"codTEP":null,"WSName":"DB","rangeAddress":"$IC$525:$IC$562","headAddress":"$IC$525","bodyAddress":"$IC$526:$IC$562","_name":"счетчик"},"по счетчику":{"_level":2,"parentID":"4292259f-bfd6-497f-889f-f95d033abb60","firstParentID":"fc787a84-b057-4da9-aebc-084c420d8e6f","ID":"9a65b420-1de0-4d73-ab0b-80d0331fc508","childs":null,"emcosID":null,"emcosMLID":null,"codMaketTEP":null,"codTEP":null,"WSName":"DB","rangeAddress":"$ID$525:$ID$562","headAddress":"$ID$525","bodyAddress":"$ID$526:$ID$562","_name":"по счетчику"}},"emcosID":null,"emcosMLID":null,"codMaketTEP":null,"codTEP":null,"WSName":"DB","rangeAddress":"$HY$524:$ID$562","headAddress":"$HY$524:$ID$524","bodyAddress":"$HY$525:$ID$562","_name":"прием"},"отдача":{"_level":1,"parentID":"714aadba-b72b-47e5-8692-97170c3b62af","firstParentID":"fc787a84-b057-4da9-aebc-084c420d8e6f","ID":"8ac9bb85-116b-4674-9991-b5ba41247249","childs":{"код":{"_level":2,"parentID":"8ac9bb85-116b-4674-9991-b5ba41247249","firstParentID":"fc787a84-b057-4da9-aebc-084c420d8e6f","ID":"2617d090-5ad6-4578-82ec-c8b6ee541405","childs":null,"emcosID":null,"emcosMLID":null,"codMaketTEP":null,"codTEP":null,"WSName":"DB","rangeAddress":"$IE$525:$IE$562","headAddress":"$IE$525","bodyAddress":"$IE$526:$IE$562","_name":"код"},"основное":{"_level":2,"parentID":"8ac9bb85-116b-4674-9991-b5ba41247249","firstParentID":"fc787a84-b057-4da9-aebc-084c420d8e6f","ID":"56022610-f52e-4d2d-95cc-99f4d8ace9d8","childs":null,"emcosID":null,"emcosMLID":null,"codMaketTEP":null,"codTEP":null,"WSName":"DB","rangeAddress":"$IF$525:$IF$562","headAddress":"$IF$525","bodyAddress":"$IF$526:$IF$562","_name":"основное"},"корректировка факт":{"_level":2,"parentID":"8ac9bb85-116b-4674-9991-b5ba41247249","firstParentID":"fc787a84-b057-4da9-aebc-084c420d8e6f","ID":"00998dd7-2048-46b2-882c-88226101d306","childs":null,"emcosID":null,"emcosMLID":null,"codMaketTEP":null,"codTEP":null,"WSName":"DB","rangeAddress":"$IG$525:$IG$562","headAddress":"$IG$525","bodyAddress":"$IG$526:$IG$562","_name":"корректировка факт"},"ручное":{"_level":2,"parentID":"8ac9bb85-116b-4674-9991-b5ba41247249","firstParentID":"fc787a84-b057-4da9-aebc-084c420d8e6f","ID":"87ba1695-5304-467b-b463-f43a1d7faccc","childs":null,"emcosID":null,"emcosMLID":null,"codMaketTEP":null,"codTEP":null,"WSName":"DB","rangeAddress":"$IH$525:$IH$562","headAddress":"$IH$525","bodyAddress":"$IH$526:$IH$562","_name":"ручное"},"счетчик":{"_level":2,"parentID":"8ac9bb85-116b-4674-9991-b5ba41247249","firstParentID":"fc787a84-b057-4da9-aebc-084c420d8e6f","ID":"47d1c301-c328-49be-ae88-6abf7c802991","childs":null,"emcosID":null,"emcosMLID":null,"codMaketTEP":null,"codTEP":null,"WSName":"DB","rangeAddress":"$II$525:$II$562","headAddress":"$II$525","bodyAddress":"$II$526:$II$562","_name":"счетчик"},"по счетчику":{"_level":2,"parentID":"8ac9bb85-116b-4674-9991-b5ba41247249","firstParentID":"fc787a84-b057-4da9-aebc-084c420d8e6f","ID":"cc3c45ff-f390-4161-9632-e1b0d9cb837a","childs":null,"emcosID":null,"emcosMLID":null,"codMaketTEP":null,"codTEP":null,"WSName":"DB","rangeAddress":"$IJ$525:$IJ$562","headAddress":"$IJ$525","bodyAddress":"$IJ$526:$IJ$562","_name":"по счетчику"}},"emcosID":null,"emcosMLID":null,"codMaketTEP":null,"codTEP":null,"WSName":"DB","rangeAddress":"$IE$524:$IJ$562","headAddress":"$IE$524:$IJ$524","bodyAddress":"$IE$525:$IJ$562","_name":"отдача"}},"emcosID":null,"emcosMLID":null,"codMaketTEP":null,"codTEP":null,"WSName":"DB","rangeAddress":"$HY$523:$IJ$562","headAddress":"$HY$523:$IJ$523","bodyAddress":"$HY$524:$IJ$562","_name":"КЛ47 ПС152 Талдыкорган"}},"codPlan":null,"meterCoef":"3","_name":"КЛ47 ПС152 Талдыкорган"}