{"ID":"fd7f25cd-a8f9-46ab-80dd-4d57e6a58b70","childs":{"PS":{"_level":0,"parentID":"fd7f25cd-a8f9-46ab-80dd-4d57e6a58b70","firstParentID":"fd7f25cd-a8f9-46ab-80dd-4d57e6a58b70","ID":"f352d81a-6606-4017-86a9-e7e393567de6","childs":{"прием":{"_level":1,"parentID":"f352d81a-6606-4017-86a9-e7e393567de6","firstParentID":"fd7f25cd-a8f9-46ab-80dd-4d57e6a58b70","ID":"a1a0d5e8-664b-4aa1-ad89-f4ab747dbb23","childs":{"по счетчику":{"_level":2,"parentID":"a1a0d5e8-664b-4aa1-ad89-f4ab747dbb23","firstParentID":"fd7f25cd-a8f9-46ab-80dd-4d57e6a58b70","ID":"9e1dc358-df13-42d3-90cc-6b27968bd8ef","childs":null,"emcosID":null,"emcosMLID":null,"codMaketTEP":null,"codTEP":null,"WSName":"PS","rangeAddress":"$CZ$56:$CZ$92","headAddress":"$CZ$56","bodyAddress":"$CZ$57:$CZ$92","_name":"по счетчику"},"СЧЕТЧИК":{"_level":2,"parentID":"a1a0d5e8-664b-4aa1-ad89-f4ab747dbb23","firstParentID":"fd7f25cd-a8f9-46ab-80dd-4d57e6a58b70","ID":"350d1b87-dbba-46c4-9f6b-73377a9f9d7c","childs":null,"emcosID":null,"emcosMLID":null,"codMaketTEP":null,"codTEP":null,"WSName":"PS","rangeAddress":"$DA$56:$DA$92","headAddress":"$DA$56","bodyAddress":"$DA$57:$DA$92","_name":"СЧЕТЧИК"}},"emcosID":null,"emcosMLID":null,"codMaketTEP":null,"codTEP":null,"WSName":"PS","rangeAddress":"$CZ$55:$DA$92","headAddress":"$CZ$55:$DA$55","bodyAddress":"$CZ$56:$DA$92","_name":"прием"},"отдача":{"_level":1,"parentID":"f352d81a-6606-4017-86a9-e7e393567de6","firstParentID":"fd7f25cd-a8f9-46ab-80dd-4d57e6a58b70","ID":"b863ae9e-eb68-486c-b908-03fe04e5fd23","childs":{"по счетчику":{"_level":2,"parentID":"b863ae9e-eb68-486c-b908-03fe04e5fd23","firstParentID":"fd7f25cd-a8f9-46ab-80dd-4d57e6a58b70","ID":"3ef96e5e-7ed1-4aea-8a5d-c5d70dbbfd5a","childs":null,"emcosID":null,"emcosMLID":null,"codMaketTEP":null,"codTEP":null,"WSName":"PS","rangeAddress":"$DB$56:$DB$92","headAddress":"$DB$56","bodyAddress":"$DB$57:$DB$92","_name":"по счетчику"},"СЧЕТЧИК":{"_level":2,"parentID":"b863ae9e-eb68-486c-b908-03fe04e5fd23","firstParentID":"fd7f25cd-a8f9-46ab-80dd-4d57e6a58b70","ID":"1b50a8a8-b0aa-4442-a6b2-92f136c9f600","childs":null,"emcosID":null,"emcosMLID":null,"codMaketTEP":null,"codTEP":null,"WSName":"PS","rangeAddress":"$DC$56:$DC$92","headAddress":"$DC$56","bodyAddress":"$DC$57:$DC$92","_name":"СЧЕТЧИК"}},"emcosID":null,"emcosMLID":null,"codMaketTEP":null,"codTEP":null,"WSName":"PS","rangeAddress":"$DB$55:$DC$92","headAddress":"$DB$55:$DC$55","bodyAddress":"$DB$56:$DC$92","_name":"отдача"}},"emcosID":null,"emcosMLID":null,"codMaketTEP":null,"codTEP":null,"WSName":"PS","rangeAddress":"$CZ$54:$DC$92","headAddress":"$CZ$54:$DC$54","bodyAddress":"$CZ$55:$DC$92","_name":"Л2763 Алматы"},"DB":{"_level":0,"parentID":"fd7f25cd-a8f9-46ab-80dd-4d57e6a58b70","firstParentID":"fd7f25cd-a8f9-46ab-80dd-4d57e6a58b70","ID":"cbd6ecf0-63bc-464d-91fb-03cb386c982a","childs":{"прием":{"_level":1,"parentID":"cbd6ecf0-63bc-464d-91fb-03cb386c982a","firstParentID":"fd7f25cd-a8f9-46ab-80dd-4d57e6a58b70","ID":"0102e2a8-343e-4146-a4ad-982bd41302b8","childs":{"код":{"_level":2,"parentID":"0102e2a8-343e-4146-a4ad-982bd41302b8","firstParentID":"fd7f25cd-a8f9-46ab-80dd-4d57e6a58b70","ID":"fffa4bd4-1b72-463d-b7c8-c80c402457f6","childs":null,"emcosID":null,"emcosMLID":null,"codMaketTEP":null,"codTEP":null,"WSName":"DB","rangeAddress":"$LK$52:$LK$89","headAddress":"$LK$52","bodyAddress":"$LK$53:$LK$89","_name":"код"},"основное":{"_level":2,"parentID":"0102e2a8-343e-4146-a4ad-982bd41302b8","firstParentID":"fd7f25cd-a8f9-46ab-80dd-4d57e6a58b70","ID":"51debe34-1a7a-4f0c-9265-236efc54d95c","childs":null,"emcosID":null,"emcosMLID":null,"codMaketTEP":null,"codTEP":null,"WSName":"DB","rangeAddress":"$LL$52:$LL$89","headAddress":"$LL$52","bodyAddress":"$LL$53:$LL$89","_name":"основное"},"корректировка факт":{"_level":2,"parentID":"0102e2a8-343e-4146-a4ad-982bd41302b8","firstParentID":"fd7f25cd-a8f9-46ab-80dd-4d57e6a58b70","ID":"abb71e0b-6b7f-4d3a-a44d-cd35b91dc3f9","childs":null,"emcosID":null,"emcosMLID":null,"codMaketTEP":null,"codTEP":null,"WSName":"DB","rangeAddress":"$LM$52:$LM$89","headAddress":"$LM$52","bodyAddress":"$LM$53:$LM$89","_name":"корректировка факт"},"ручное":{"_level":2,"parentID":"0102e2a8-343e-4146-a4ad-982bd41302b8","firstParentID":"fd7f25cd-a8f9-46ab-80dd-4d57e6a58b70","ID":"e95c4f09-a014-4dfb-89da-461f8fb0bd6e","childs":null,"emcosID":null,"emcosMLID":null,"codMaketTEP":null,"codTEP":null,"WSName":"DB","rangeAddress":"$LN$52:$LN$89","headAddress":"$LN$52","bodyAddress":"$LN$53:$LN$89","_name":"ручное"},"счетчик":{"_level":2,"parentID":"0102e2a8-343e-4146-a4ad-982bd41302b8","firstParentID":"fd7f25cd-a8f9-46ab-80dd-4d57e6a58b70","ID":"7890dc0d-cc63-4f22-8943-0b31d9aac0d3","childs":null,"emcosID":null,"emcosMLID":null,"codMaketTEP":null,"codTEP":null,"WSName":"DB","rangeAddress":"$LO$52:$LO$89","headAddress":"$LO$52","bodyAddress":"$LO$53:$LO$89","_name":"счетчик"},"по счетчику":{"_level":2,"parentID":"0102e2a8-343e-4146-a4ad-982bd41302b8","firstParentID":"fd7f25cd-a8f9-46ab-80dd-4d57e6a58b70","ID":"6dca5b50-74d1-4ce7-8971-dc9e8256bcd1","childs":null,"emcosID":null,"emcosMLID":null,"codMaketTEP":null,"codTEP":null,"WSName":"DB","rangeAddress":"$LP$52:$LP$89","headAddress":"$LP$52","bodyAddress":"$LP$53:$LP$89","_name":"по счетчику"}},"emcosID":null,"emcosMLID":null,"codMaketTEP":null,"codTEP":null,"WSName":"DB","rangeAddress":"$LK$51:$LP$89","headAddress":"$LK$51:$LP$51","bodyAddress":"$LK$52:$LP$89","_name":"прием"},"отдача":{"_level":1,"parentID":"cbd6ecf0-63bc-464d-91fb-03cb386c982a","firstParentID":"fd7f25cd-a8f9-46ab-80dd-4d57e6a58b70","ID":"e6b9a4f9-7275-490b-b5ca-b79b896fe292","childs":{"код":{"_level":2,"parentID":"e6b9a4f9-7275-490b-b5ca-b79b896fe292","firstParentID":"fd7f25cd-a8f9-46ab-80dd-4d57e6a58b70","ID":"28136cdd-7988-4120-8c84-4c08d0f68691","childs":null,"emcosID":null,"emcosMLID":null,"codMaketTEP":null,"codTEP":null,"WSName":"DB","rangeAddress":"$LQ$52:$LQ$89","headAddress":"$LQ$52","bodyAddress":"$LQ$53:$LQ$89","_name":"код"},"основное":{"_level":2,"parentID":"e6b9a4f9-7275-490b-b5ca-b79b896fe292","firstParentID":"fd7f25cd-a8f9-46ab-80dd-4d57e6a58b70","ID":"de46d1d4-069d-4d83-aa32-a661b897f8b6","childs":null,"emcosID":null,"emcosMLID":null,"codMaketTEP":null,"codTEP":null,"WSName":"DB","rangeAddress":"$LR$52:$LR$89","headAddress":"$LR$52","bodyAddress":"$LR$53:$LR$89","_name":"основное"},"корректировка факт":{"_level":2,"parentID":"e6b9a4f9-7275-490b-b5ca-b79b896fe292","firstParentID":"fd7f25cd-a8f9-46ab-80dd-4d57e6a58b70","ID":"07526055-f239-4dc8-ae33-b5057041083a","childs":null,"emcosID":null,"emcosMLID":null,"codMaketTEP":null,"codTEP":null,"WSName":"DB","rangeAddress":"$LS$52:$LS$89","headAddress":"$LS$52","bodyAddress":"$LS$53:$LS$89","_name":"корректировка факт"},"ручное":{"_level":2,"parentID":"e6b9a4f9-7275-490b-b5ca-b79b896fe292","firstParentID":"fd7f25cd-a8f9-46ab-80dd-4d57e6a58b70","ID":"14de96f6-4363-4643-9063-873dea9bbe9f","childs":null,"emcosID":null,"emcosMLID":null,"codMaketTEP":null,"codTEP":null,"WSName":"DB","rangeAddress":"$LT$52:$LT$89","headAddress":"$LT$52","bodyAddress":"$LT$53:$LT$89","_name":"ручное"},"счетчик":{"_level":2,"parentID":"e6b9a4f9-7275-490b-b5ca-b79b896fe292","firstParentID":"fd7f25cd-a8f9-46ab-80dd-4d57e6a58b70","ID":"e0d19d63-e840-4e15-b51a-069a5d80ef14","childs":null,"emcosID":null,"emcosMLID":null,"codMaketTEP":null,"codTEP":null,"WSName":"DB","rangeAddress":"$LU$52:$LU$89","headAddress":"$LU$52","bodyAddress":"$LU$53:$LU$89","_name":"счетчик"},"по счетчику":{"_level":2,"parentID":"e6b9a4f9-7275-490b-b5ca-b79b896fe292","firstParentID":"fd7f25cd-a8f9-46ab-80dd-4d57e6a58b70","ID":"11331691-45de-4bf1-8aac-00b0850539dd","childs":null,"emcosID":null,"emcosMLID":null,"codMaketTEP":null,"codTEP":null,"WSName":"DB","rangeAddress":"$LV$52:$LV$89","headAddress":"$LV$52","bodyAddress":"$LV$53:$LV$89","_name":"по счетчику"}},"emcosID":null,"emcosMLID":null,"codMaketTEP":null,"codTEP":null,"WSName":"DB","rangeAddress":"$LQ$51:$LV$89","headAddress":"$LQ$51:$LV$51","bodyAddress":"$LQ$52:$LV$89","_name":"отдача"}},"emcosID":null,"emcosMLID":null,"codMaketTEP":null,"codTEP":null,"WSName":"DB","rangeAddress":"$LK$50:$LV$89","headAddress":"$LK$50:$LV$50","bodyAddress":"$LK$51:$LV$89","_name":"Л2763 Алматы"}},"codPlan":null,"meterCoef":"2200","_name":"Л2763 Алматы"}