{"ID":"fed91af4-bf9f-4771-ac56-a5597bbb6702","childs":{"PS":{"_level":0,"parentID":"fed91af4-bf9f-4771-ac56-a5597bbb6702","firstParentID":"fed91af4-bf9f-4771-ac56-a5597bbb6702","ID":"363f4482-35c5-44c1-a359-a8c274dfff41","childs":{"прием":{"_level":1,"parentID":"363f4482-35c5-44c1-a359-a8c274dfff41","firstParentID":"fed91af4-bf9f-4771-ac56-a5597bbb6702","ID":"6f9126a5-9c80-488f-8048-454356546e5f","childs":{"по плану":{"_level":2,"parentID":"6f9126a5-9c80-488f-8048-454356546e5f","firstParentID":"fed91af4-bf9f-4771-ac56-a5597bbb6702","ID":"adc0e87c-e82b-47e5-a781-40c7b5b25c30","childs":null,"emcosID":null,"emcosMLID":null,"codMaketTEP":null,"codTEP":null,"WSName":"PS","rangeAddress":"$S$185:$S$221","headAddress":"$S$185","bodyAddress":"$S$186:$S$221","_name":"по плану"}},"emcosID":null,"emcosMLID":null,"codMaketTEP":null,"codTEP":null,"WSName":"PS","rangeAddress":"$S$184:$S$221","headAddress":"$S$184","bodyAddress":"$S$185:$S$221","_name":"прием"},"план":{"_level":1,"parentID":"363f4482-35c5-44c1-a359-a8c274dfff41","firstParentID":"fed91af4-bf9f-4771-ac56-a5597bbb6702","ID":"0902b431-f408-49be-b3d5-b0ce53d89509","childs":{"заявка":{"_level":2,"parentID":"0902b431-f408-49be-b3d5-b0ce53d89509","firstParentID":"fed91af4-bf9f-4771-ac56-a5597bbb6702","ID":"7cc16ea6-6404-41a1-a947-e03552ad536a","childs":null,"emcosID":null,"emcosMLID":null,"codMaketTEP":null,"codTEP":null,"WSName":"PS","rangeAddress":"$T$185:$T$221","headAddress":"$T$185","bodyAddress":"$T$186:$T$221","_name":"заявка"}},"emcosID":null,"emcosMLID":null,"codMaketTEP":null,"codTEP":null,"WSName":"PS","rangeAddress":"$T$184:$T$221","headAddress":"$T$184","bodyAddress":"$T$185:$T$221","_name":"план"}},"emcosID":null,"emcosMLID":null,"codMaketTEP":null,"codTEP":null,"WSName":"PS","rangeAddress":"$S$183:$T$221","headAddress":"$S$183:$T$183","bodyAddress":"$S$184:$T$221","_name":"ДМС потери КТЖ Алматы"},"DB":{"_level":0,"parentID":"fed91af4-bf9f-4771-ac56-a5597bbb6702","firstParentID":"fed91af4-bf9f-4771-ac56-a5597bbb6702","ID":"30056d96-1143-4bb8-bebc-06aae993b5b1","childs":{"прием":{"_level":1,"parentID":"30056d96-1143-4bb8-bebc-06aae993b5b1","firstParentID":"fed91af4-bf9f-4771-ac56-a5597bbb6702","ID":"ace7dcd8-13a2-4b2c-b1a0-f329b320d28b","childs":{"код":{"_level":2,"parentID":"ace7dcd8-13a2-4b2c-b1a0-f329b320d28b","firstParentID":"fed91af4-bf9f-4771-ac56-a5597bbb6702","ID":"0e3fe91c-d25d-43c0-aea5-047fe764cdcf","childs":null,"emcosID":null,"emcosMLID":null,"codMaketTEP":null,"codTEP":null,"WSName":"DB","rangeAddress":"$AW$396:$AW$433","headAddress":"$AW$396","bodyAddress":"$AW$397:$AW$433","_name":"код"},"основное":{"_level":2,"parentID":"ace7dcd8-13a2-4b2c-b1a0-f329b320d28b","firstParentID":"fed91af4-bf9f-4771-ac56-a5597bbb6702","ID":"91e10ffa-d9b0-4dc1-a0dc-2608525f8bf6","childs":null,"emcosID":null,"emcosMLID":null,"codMaketTEP":null,"codTEP":null,"WSName":"DB","rangeAddress":"$AX$396:$AX$433","headAddress":"$AX$396","bodyAddress":"$AX$397:$AX$433","_name":"основное"},"корректировка факт":{"_level":2,"parentID":"ace7dcd8-13a2-4b2c-b1a0-f329b320d28b","firstParentID":"fed91af4-bf9f-4771-ac56-a5597bbb6702","ID":"529728dd-3450-41fc-a950-5507c1b8cb84","childs":null,"emcosID":null,"emcosMLID":null,"codMaketTEP":null,"codTEP":null,"WSName":"DB","rangeAddress":"$AY$396:$AY$433","headAddress":"$AY$396","bodyAddress":"$AY$397:$AY$433","_name":"корректировка факт"},"ручное":{"_level":2,"parentID":"ace7dcd8-13a2-4b2c-b1a0-f329b320d28b","firstParentID":"fed91af4-bf9f-4771-ac56-a5597bbb6702","ID":"719fff0a-58d9-4d3f-9fd8-346e653f32b2","childs":null,"emcosID":null,"emcosMLID":null,"codMaketTEP":null,"codTEP":null,"WSName":"DB","rangeAddress":"$AZ$396:$AZ$433","headAddress":"$AZ$396","bodyAddress":"$AZ$397:$AZ$433","_name":"ручное"},"по плану":{"_level":2,"parentID":"ace7dcd8-13a2-4b2c-b1a0-f329b320d28b","firstParentID":"fed91af4-bf9f-4771-ac56-a5597bbb6702","ID":"d65bb3bb-93a3-47ca-a3ef-500e6d2be8aa","childs":null,"emcosID":null,"emcosMLID":null,"codMaketTEP":null,"codTEP":null,"WSName":"DB","rangeAddress":"$BA$396:$BA$433","headAddress":"$BA$396","bodyAddress":"$BA$397:$BA$433","_name":"по плану"}},"emcosID":null,"emcosMLID":null,"codMaketTEP":null,"codTEP":null,"WSName":"DB","rangeAddress":"$AW$395:$BA$433","headAddress":"$AW$395:$BA$395","bodyAddress":"$AW$396:$BA$433","_name":"прием"},"план":{"_level":1,"parentID":"30056d96-1143-4bb8-bebc-06aae993b5b1","firstParentID":"fed91af4-bf9f-4771-ac56-a5597bbb6702","ID":"cca7b86e-f03b-4f47-9862-b3ef49181eb7","childs":{"код":{"_level":2,"parentID":"cca7b86e-f03b-4f47-9862-b3ef49181eb7","firstParentID":"fed91af4-bf9f-4771-ac56-a5597bbb6702","ID":"a6ddc6ee-4ccc-49dd-9dd9-bab241924961","childs":null,"emcosID":null,"emcosMLID":null,"codMaketTEP":null,"codTEP":null,"WSName":"DB","rangeAddress":"$BB$396:$BB$433","headAddress":"$BB$396","bodyAddress":"$BB$397:$BB$433","_name":"код"},"основное":{"_level":2,"parentID":"cca7b86e-f03b-4f47-9862-b3ef49181eb7","firstParentID":"fed91af4-bf9f-4771-ac56-a5597bbb6702","ID":"0805079d-084f-4c18-be49-1eb2205cc43e","childs":null,"emcosID":null,"emcosMLID":null,"codMaketTEP":null,"codTEP":null,"WSName":"DB","rangeAddress":"$BC$396:$BC$433","headAddress":"$BC$396","bodyAddress":"$BC$397:$BC$433","_name":"основное"},"заявка":{"_level":2,"parentID":"cca7b86e-f03b-4f47-9862-b3ef49181eb7","firstParentID":"fed91af4-bf9f-4771-ac56-a5597bbb6702","ID":"5e1740ba-ffea-4d90-af4e-dc2f78830aeb","childs":null,"emcosID":null,"emcosMLID":null,"codMaketTEP":null,"codTEP":null,"WSName":"DB","rangeAddress":"$BD$396:$BD$433","headAddress":"$BD$396","bodyAddress":"$BD$397:$BD$433","_name":"заявка"},"утвержденный":{"_level":2,"parentID":"cca7b86e-f03b-4f47-9862-b3ef49181eb7","firstParentID":"fed91af4-bf9f-4771-ac56-a5597bbb6702","ID":"af66d128-ff56-45c9-a0de-d2274aa629c0","childs":null,"emcosID":null,"emcosMLID":null,"codMaketTEP":null,"codTEP":null,"WSName":"DB","rangeAddress":"$BE$396:$BE$433","headAddress":"$BE$396","bodyAddress":"$BE$397:$BE$433","_name":"утвержденный"},"корректировка":{"_level":2,"parentID":"cca7b86e-f03b-4f47-9862-b3ef49181eb7","firstParentID":"fed91af4-bf9f-4771-ac56-a5597bbb6702","ID":"c063eca4-175c-41a1-a764-ff7ce3c503ba","childs":null,"emcosID":null,"emcosMLID":null,"codMaketTEP":null,"codTEP":null,"WSName":"DB","rangeAddress":"$BF$396:$BF$433","headAddress":"$BF$396","bodyAddress":"$BF$397:$BF$433","_name":"корректировка"}},"emcosID":null,"emcosMLID":null,"codMaketTEP":null,"codTEP":null,"WSName":"DB","rangeAddress":"$BB$395:$BF$433","headAddress":"$BB$395:$BF$395","bodyAddress":"$BB$396:$BF$433","_name":"план"}},"emcosID":null,"emcosMLID":null,"codMaketTEP":null,"codTEP":null,"WSName":"DB","rangeAddress":"$AW$394:$BF$433","headAddress":"$AW$394:$BF$394","bodyAddress":"$AW$395:$BF$433","_name":"ДМС потери КТЖ Алматы"}},"codPlan":2,"meterCoef":null,"_name":"ДМС потери КТЖ Алматы"}