{"ID":"fee6defa-7151-4fb2-be3c-04335a6d5e6c","childs":{"PS":{"_level":0,"parentID":"fee6defa-7151-4fb2-be3c-04335a6d5e6c","firstParentID":"fee6defa-7151-4fb2-be3c-04335a6d5e6c","ID":"d7ace629-04e1-4bef-af46-91f2a7374233","childs":{"прием":{"_level":1,"parentID":"d7ace629-04e1-4bef-af46-91f2a7374233","firstParentID":"fee6defa-7151-4fb2-be3c-04335a6d5e6c","ID":"dc3574aa-d3cd-4713-a436-82914b52e00c","childs":{"по счетчику":{"_level":2,"parentID":"dc3574aa-d3cd-4713-a436-82914b52e00c","firstParentID":"fee6defa-7151-4fb2-be3c-04335a6d5e6c","ID":"b36d42c2-8f0b-43de-8231-8df0f595babd","childs":null,"emcosID":null,"emcosMLID":null,"codMaketTEP":null,"codTEP":null,"WSName":"PS","rangeAddress":"$IX$99:$IX$135","headAddress":"$IX$99","bodyAddress":"$IX$100:$IX$135","_name":"по счетчику"},"СЧЕТЧИК":{"_level":2,"parentID":"dc3574aa-d3cd-4713-a436-82914b52e00c","firstParentID":"fee6defa-7151-4fb2-be3c-04335a6d5e6c","ID":"6483eae2-922b-4f37-a890-a21ff103d7d3","childs":null,"emcosID":null,"emcosMLID":null,"codMaketTEP":null,"codTEP":null,"WSName":"PS","rangeAddress":"$IY$99:$IY$135","headAddress":"$IY$99","bodyAddress":"$IY$100:$IY$135","_name":"СЧЕТЧИК"}},"emcosID":null,"emcosMLID":null,"codMaketTEP":null,"codTEP":null,"WSName":"PS","rangeAddress":"$IX$98:$IY$135","headAddress":"$IX$98:$IY$98","bodyAddress":"$IX$99:$IY$135","_name":"прием"},"отдача":{"_level":1,"parentID":"d7ace629-04e1-4bef-af46-91f2a7374233","firstParentID":"fee6defa-7151-4fb2-be3c-04335a6d5e6c","ID":"5814879b-21db-41d3-bb7e-c7952e1d9fd7","childs":{"по счетчику":{"_level":2,"parentID":"5814879b-21db-41d3-bb7e-c7952e1d9fd7","firstParentID":"fee6defa-7151-4fb2-be3c-04335a6d5e6c","ID":"4243d54a-957f-413e-b2fa-e396981b05d2","childs":null,"emcosID":null,"emcosMLID":null,"codMaketTEP":null,"codTEP":null,"WSName":"PS","rangeAddress":"$IZ$99:$IZ$135","headAddress":"$IZ$99","bodyAddress":"$IZ$100:$IZ$135","_name":"по счетчику"},"СЧЕТЧИК":{"_level":2,"parentID":"5814879b-21db-41d3-bb7e-c7952e1d9fd7","firstParentID":"fee6defa-7151-4fb2-be3c-04335a6d5e6c","ID":"795aae80-e4c4-4bb3-b5d8-b3ece9b34cbd","childs":null,"emcosID":null,"emcosMLID":null,"codMaketTEP":null,"codTEP":null,"WSName":"PS","rangeAddress":"$JA$99:$JA$135","headAddress":"$JA$99","bodyAddress":"$JA$100:$JA$135","_name":"СЧЕТЧИК"}},"emcosID":null,"emcosMLID":null,"codMaketTEP":null,"codTEP":null,"WSName":"PS","rangeAddress":"$IZ$98:$JA$135","headAddress":"$IZ$98:$JA$98","bodyAddress":"$IZ$99:$JA$135","_name":"отдача"}},"emcosID":null,"emcosMLID":null,"codMaketTEP":null,"codTEP":null,"WSName":"PS","rangeAddress":"$IX$97:$JA$135","headAddress":"$IX$97:$JA$97","bodyAddress":"$IX$98:$JA$135","_name":"КЛ89 ПС152 Талдыкорган"},"DB":{"_level":0,"parentID":"fee6defa-7151-4fb2-be3c-04335a6d5e6c","firstParentID":"fee6defa-7151-4fb2-be3c-04335a6d5e6c","ID":"4ee577cc-740b-4c46-9ec7-07788a9fcba3","childs":{"прием":{"_level":1,"parentID":"4ee577cc-740b-4c46-9ec7-07788a9fcba3","firstParentID":"fee6defa-7151-4fb2-be3c-04335a6d5e6c","ID":"2c6b9825-9c86-44d3-aa6b-10200ace6d79","childs":{"код":{"_level":2,"parentID":"2c6b9825-9c86-44d3-aa6b-10200ace6d79","firstParentID":"fee6defa-7151-4fb2-be3c-04335a6d5e6c","ID":"d2ace9ff-76ad-40c1-985a-d6803ab2eab7","childs":null,"emcosID":null,"emcosMLID":null,"codMaketTEP":null,"codTEP":null,"WSName":"DB","rangeAddress":"$CK$525:$CK$562","headAddress":"$CK$525","bodyAddress":"$CK$526:$CK$562","_name":"код"},"основное":{"_level":2,"parentID":"2c6b9825-9c86-44d3-aa6b-10200ace6d79","firstParentID":"fee6defa-7151-4fb2-be3c-04335a6d5e6c","ID":"f5c96159-3ae6-408c-8684-afdf451a695b","childs":null,"emcosID":null,"emcosMLID":null,"codMaketTEP":null,"codTEP":null,"WSName":"DB","rangeAddress":"$CL$525:$CL$562","headAddress":"$CL$525","bodyAddress":"$CL$526:$CL$562","_name":"основное"},"корректировка факт":{"_level":2,"parentID":"2c6b9825-9c86-44d3-aa6b-10200ace6d79","firstParentID":"fee6defa-7151-4fb2-be3c-04335a6d5e6c","ID":"8d793698-16ce-45fc-a13a-2a18f605a01f","childs":null,"emcosID":null,"emcosMLID":null,"codMaketTEP":null,"codTEP":null,"WSName":"DB","rangeAddress":"$CM$525:$CM$562","headAddress":"$CM$525","bodyAddress":"$CM$526:$CM$562","_name":"корректировка факт"},"ручное":{"_level":2,"parentID":"2c6b9825-9c86-44d3-aa6b-10200ace6d79","firstParentID":"fee6defa-7151-4fb2-be3c-04335a6d5e6c","ID":"d474ed14-4f46-4fc3-896b-cb9127d12b41","childs":null,"emcosID":null,"emcosMLID":null,"codMaketTEP":null,"codTEP":null,"WSName":"DB","rangeAddress":"$CN$525:$CN$562","headAddress":"$CN$525","bodyAddress":"$CN$526:$CN$562","_name":"ручное"},"счетчик":{"_level":2,"parentID":"2c6b9825-9c86-44d3-aa6b-10200ace6d79","firstParentID":"fee6defa-7151-4fb2-be3c-04335a6d5e6c","ID":"01385391-bd64-4410-b360-74795c109b98","childs":null,"emcosID":null,"emcosMLID":null,"codMaketTEP":null,"codTEP":null,"WSName":"DB","rangeAddress":"$CO$525:$CO$562","headAddress":"$CO$525","bodyAddress":"$CO$526:$CO$562","_name":"счетчик"},"по счетчику":{"_level":2,"parentID":"2c6b9825-9c86-44d3-aa6b-10200ace6d79","firstParentID":"fee6defa-7151-4fb2-be3c-04335a6d5e6c","ID":"8f55e05c-d3c6-403e-af3c-2b7ad506527a","childs":null,"emcosID":null,"emcosMLID":null,"codMaketTEP":null,"codTEP":null,"WSName":"DB","rangeAddress":"$CP$525:$CP$562","headAddress":"$CP$525","bodyAddress":"$CP$526:$CP$562","_name":"по счетчику"}},"emcosID":null,"emcosMLID":null,"codMaketTEP":null,"codTEP":null,"WSName":"DB","rangeAddress":"$CK$524:$CP$562","headAddress":"$CK$524:$CP$524","bodyAddress":"$CK$525:$CP$562","_name":"прием"},"отдача":{"_level":1,"parentID":"4ee577cc-740b-4c46-9ec7-07788a9fcba3","firstParentID":"fee6defa-7151-4fb2-be3c-04335a6d5e6c","ID":"4145c668-9044-407e-8e93-8c3718fe02aa","childs":{"код":{"_level":2,"parentID":"4145c668-9044-407e-8e93-8c3718fe02aa","firstParentID":"fee6defa-7151-4fb2-be3c-04335a6d5e6c","ID":"2475b515-e6ad-42fe-badb-3ac4a3805619","childs":null,"emcosID":null,"emcosMLID":null,"codMaketTEP":null,"codTEP":null,"WSName":"DB","rangeAddress":"$CQ$525:$CQ$562","headAddress":"$CQ$525","bodyAddress":"$CQ$526:$CQ$562","_name":"код"},"основное":{"_level":2,"parentID":"4145c668-9044-407e-8e93-8c3718fe02aa","firstParentID":"fee6defa-7151-4fb2-be3c-04335a6d5e6c","ID":"07724ce4-a74b-4cfd-bac0-a856e456926e","childs":null,"emcosID":null,"emcosMLID":null,"codMaketTEP":null,"codTEP":null,"WSName":"DB","rangeAddress":"$CR$525:$CR$562","headAddress":"$CR$525","bodyAddress":"$CR$526:$CR$562","_name":"основное"},"корректировка факт":{"_level":2,"parentID":"4145c668-9044-407e-8e93-8c3718fe02aa","firstParentID":"fee6defa-7151-4fb2-be3c-04335a6d5e6c","ID":"300905dc-4812-4418-a335-955f010f0e46","childs":null,"emcosID":null,"emcosMLID":null,"codMaketTEP":null,"codTEP":null,"WSName":"DB","rangeAddress":"$CS$525:$CS$562","headAddress":"$CS$525","bodyAddress":"$CS$526:$CS$562","_name":"корректировка факт"},"ручное":{"_level":2,"parentID":"4145c668-9044-407e-8e93-8c3718fe02aa","firstParentID":"fee6defa-7151-4fb2-be3c-04335a6d5e6c","ID":"fdf9b79a-cbdd-4737-ba27-fdf9e4ba3e64","childs":null,"emcosID":null,"emcosMLID":null,"codMaketTEP":null,"codTEP":null,"WSName":"DB","rangeAddress":"$CT$525:$CT$562","headAddress":"$CT$525","bodyAddress":"$CT$526:$CT$562","_name":"ручное"},"счетчик":{"_level":2,"parentID":"4145c668-9044-407e-8e93-8c3718fe02aa","firstParentID":"fee6defa-7151-4fb2-be3c-04335a6d5e6c","ID":"7f8dc2ab-3f37-4394-8c6b-89d868c3d50e","childs":null,"emcosID":null,"emcosMLID":null,"codMaketTEP":null,"codTEP":null,"WSName":"DB","rangeAddress":"$CU$525:$CU$562","headAddress":"$CU$525","bodyAddress":"$CU$526:$CU$562","_name":"счетчик"},"по счетчику":{"_level":2,"parentID":"4145c668-9044-407e-8e93-8c3718fe02aa","firstParentID":"fee6defa-7151-4fb2-be3c-04335a6d5e6c","ID":"94acffda-dd3e-417b-add2-2c7163191245","childs":null,"emcosID":null,"emcosMLID":null,"codMaketTEP":null,"codTEP":null,"WSName":"DB","rangeAddress":"$CV$525:$CV$562","headAddress":"$CV$525","bodyAddress":"$CV$526:$CV$562","_name":"по счетчику"}},"emcosID":null,"emcosMLID":null,"codMaketTEP":null,"codTEP":null,"WSName":"DB","rangeAddress":"$CQ$524:$CV$562","headAddress":"$CQ$524:$CV$524","bodyAddress":"$CQ$525:$CV$562","_name":"отдача"}},"emcosID":null,"emcosMLID":null,"codMaketTEP":null,"codTEP":null,"WSName":"DB","rangeAddress":"$CK$523:$CV$562","headAddress":"$CK$523:$CV$523","bodyAddress":"$CK$524:$CV$562","_name":"КЛ89 ПС152 Талдыкорган"}},"codPlan":null,"meterCoef":"4","_name":"КЛ89 ПС152 Талдыкорган"}