{"heads":{"Общие для АлмМЭС":{"_level":0,"_name":"Общие для АлмМЭС","WSName":"PS","rangeAddress":"$B$8:$Z$8","childs":{"заголовок U2":{"_level":1,"_name":"заголовок U2","WSName":"PS","rangeAddress":"$B$9:$Z$9","childs":{"Общее":{"_level":2,"_name":"Общее","WSName":"PS","rangeAddress":"$B$10:$Z$10","childs":null}}}}},"Подстанции 500 кВ":{"_level":0,"_name":"Подстанции 500 кВ","WSName":"PS","rangeAddress":"$B$51:$DY$51","childs":{"ПС 500 кВ":{"_level":1,"_name":"ПС 500 кВ","WSName":"PS","rangeAddress":"$B$52:$DY$52","childs":{"Агадырь":{"_level":2,"_name":"Агадырь","WSName":"PS","rangeAddress":"$B$53:$E$53","childs":null},"ЮКГРЭС":{"_level":2,"_name":"ЮКГРЭС","WSName":"PS","rangeAddress":"$G$53:$AC$53","childs":null},"Шу":{"_level":2,"_name":"Шу","WSName":"PS","rangeAddress":"$AE$53:$BN$53","childs":null},"Алматы":{"_level":2,"_name":"Алматы","WSName":"PS","rangeAddress":"$BP$53:$CN$53","childs":null},"Талдыкорган":{"_level":2,"_name":"Талдыкорган","WSName":"PS","rangeAddress":"$CP$53:$DA$53","childs":null},"Алма":{"_level":2,"_name":"Алма","WSName":"PS","rangeAddress":"$DC$53:$DV$53","childs":null},"Фрунзе":{"_level":2,"_name":"Фрунзе","WSName":"PS","rangeAddress":"$DX$53:$DY$53","childs":null}}}}},"Подстанции 220 кВ":{"_level":0,"_name":"Подстанции 220 кВ","WSName":"PS","rangeAddress":"$B$94:$IB$94","childs":{"ПС 220 кВ":{"_level":1,"_name":"ПС 220 кВ","WSName":"PS","rangeAddress":"$B$95:$IB$95","childs":{"ОРУ 220 АТЭЦ3":{"_level":2,"_name":"ОРУ 220 АТЭЦ3","WSName":"PS","rangeAddress":"$B$96:$Q$96","childs":null},"ОРУ 220 МГЭС":{"_level":2,"_name":"ОРУ 220 МГЭС","WSName":"PS","rangeAddress":"$S$96:$AC$96","childs":null},"ПС126 Талдыкорган":{"_level":2,"_name":"ПС126 Талдыкорган","WSName":"PS","rangeAddress":"$AE$96:$AH$96","childs":null},"ПС149 Талдыкорган ЗЩА":{"_level":2,"_name":"ПС149 Талдыкорган ЗЩА","WSName":"PS","rangeAddress":"$AJ$96:$AY$96","childs":null},"ПС152 Талдыкорган":{"_level":2,"_name":"ПС152 Талдыкорган","WSName":"PS","rangeAddress":"$BA$96:$CL$96","childs":null},"КГЭС":{"_level":2,"_name":"КГЭС","WSName":"PS","rangeAddress":"$CN$96:$CU$96","childs":null},"АХБК 7А":{"_level":2,"_name":"АХБК 7А","WSName":"PS","rangeAddress":"$CW$96:$DF$96","childs":null},"Западная 140А":{"_level":2,"_name":"Западная 140А","WSName":"PS","rangeAddress":"$DH$96:$DO$96","childs":null},"Робот 143А":{"_level":2,"_name":"Робот 143А","WSName":"PS","rangeAddress":"$DQ$96:$ED$96","childs":null},"Главная":{"_level":2,"_name":"Главная","WSName":"PS","rangeAddress":"$EF$96:$EI$96","childs":null},"Кемин":{"_level":2,"_name":"Кемин","WSName":"PS","rangeAddress":"$EK$96:$EL$96","childs":null},"Бесагаш Кенсай 166А":{"_level":2,"_name":"Бесагаш Кенсай 166А","WSName":"PS","rangeAddress":"$EN$96:$EQ$96","childs":null},"Шелек 68И":{"_level":2,"_name":"Шелек 68И","WSName":"PS","rangeAddress":"$ES$96:$EZ$96","childs":null},"Капчагайская 62А":{"_level":2,"_name":"Капчагайская 62А","WSName":"PS","rangeAddress":"$FB$96:$FE$96","childs":null},"Коян Кос 154А":{"_level":2,"_name":"Коян Кос 154А","WSName":"PS","rangeAddress":"$FG$96:$FJ$96","childs":null},"Строительная 120А":{"_level":2,"_name":"Строительная 120А","WSName":"PS","rangeAddress":"$FL$96:$FT$96","childs":null},"Мын Арал тяга":{"_level":2,"_name":"Мын Арал тяга","WSName":"PS","rangeAddress":"$FV$96:$GD$96","childs":null},"Чиганак тяга":{"_level":2,"_name":"Чиганак тяга","WSName":"PS","rangeAddress":"$GF$96:$GP$96","childs":null},"Узун Агач тяга":{"_level":2,"_name":"Узун Агач тяга","WSName":"PS","rangeAddress":"$GR$96:$GX$96","childs":null},"Медеу тяга":{"_level":2,"_name":"Медеу тяга","WSName":"PS","rangeAddress":"$GZ$96:$HD$96","childs":null},"Сары Шаган тяга":{"_level":2,"_name":"Сары Шаган тяга","WSName":"PS","rangeAddress":"$HF$96:$HG$96","childs":null},"Кияхты тяга":{"_level":2,"_name":"Кияхты тяга","WSName":"PS","rangeAddress":"$HI$96:$HQ$96","childs":null},"Жидели тяга":{"_level":2,"_name":"Жидели тяга","WSName":"PS","rangeAddress":"$HS$96:$HY$96","childs":null},"Актогай":{"_level":2,"_name":"Актогай","WSName":"PS","rangeAddress":"$IA$96:$IB$96","childs":null}}}}},"Подстанции 110 35 10 кВ":{"_level":0,"_name":"Подстанции 110 35 10 кВ","WSName":"PS","rangeAddress":"$B$137:$AF$137","childs":{"ПС 110 35 10 кВ":{"_level":1,"_name":"ПС 110 35 10 кВ","WSName":"PS","rangeAddress":"$B$138:$AF$138","childs":{"Жилпоселок":{"_level":2,"_name":"Жилпоселок","WSName":"PS","rangeAddress":"$B$139:$E$139","childs":null},"Водозабор":{"_level":2,"_name":"Водозабор","WSName":"PS","rangeAddress":"$G$139:$J$139","childs":null},"ПС159Т Карабулак":{"_level":2,"_name":"ПС159Т Карабулак","WSName":"PS","rangeAddress":"$L$139:$P$139","childs":null},"РУ ТТЭЦ2":{"_level":2,"_name":"РУ ТТЭЦ2","WSName":"PS","rangeAddress":"$R$139:$Y$139","childs":null},"Шу 110 Тяга":{"_level":2,"_name":"Шу 110 Тяга","WSName":"PS","rangeAddress":"$AA$139:$AC$139","childs":null},"ОРУ КарГЭС4":{"_level":2,"_name":"ОРУ КарГЭС4","WSName":"PS","rangeAddress":"$AE$139:$AF$139","childs":null}}}}},"Алматинский энергоузел":{"_level":0,"_name":"Алматинский энергоузел","WSName":"PS","rangeAddress":"$B$180:$BA$180","childs":{"Потребление Алматинского Узла":{"_level":1,"_name":"Потребление Алматинского Узла","WSName":"PS","rangeAddress":"$B$181:$N$181","childs":{"ЭЧ19":{"_level":2,"_name":"ЭЧ19","WSName":"PS","rangeAddress":"$B$182","childs":null},"ЭЧ22":{"_level":2,"_name":"ЭЧ22","WSName":"PS","rangeAddress":"$C$182","childs":null},"ЭЧ23":{"_level":2,"_name":"ЭЧ23","WSName":"PS","rangeAddress":"$D$182","childs":null},"АЖД":{"_level":2,"_name":"АЖД","WSName":"PS","rangeAddress":"$E$182:$F$182","childs":null},"Алматы Энерго Сбыт":{"_level":2,"_name":"Алматы Энерго Сбыт","WSName":"PS","rangeAddress":"$G$182","childs":null},"АЖК":{"_level":2,"_name":"АЖК","WSName":"PS","rangeAddress":"$H$182:$I$182","childs":null},"Балхашэнерго":{"_level":2,"_name":"Балхашэнерго","WSName":"PS","rangeAddress":"$J$182","childs":null},"Каз Ферро Сталь":{"_level":2,"_name":"Каз Ферро Сталь","WSName":"PS","rangeAddress":"$K$182","childs":null},"АБ Энерго":{"_level":2,"_name":"АБ Энерго","WSName":"PS","rangeAddress":"$L$182","childs":null},"Темиржолэнерго":{"_level":2,"_name":"Темиржолэнерго","WSName":"PS","rangeAddress":"$M$182","childs":null},"Electric Eergy":{"_level":2,"_name":"Electric Eergy","WSName":"PS","rangeAddress":"$N$182","childs":null}}},"Генерация Алматинского Узла":{"_level":1,"_name":"Генерация Алматинского Узла","WSName":"PS","rangeAddress":"$P$181:$AD$181","childs":{"АлЭС":{"_level":2,"_name":"АлЭС","WSName":"PS","rangeAddress":"$P$182:$V$182","childs":null},"Мойнак ГЭС МГЭС":{"_level":2,"_name":"Мойнак ГЭС МГЭС","WSName":"PS","rangeAddress":"$W$182:$X$182","childs":null},"M Kat Green СЭС Шу 100":{"_level":2,"_name":"M Kat Green СЭС Шу 100","WSName":"PS","rangeAddress":"$Y$182:$AA$182","childs":null},"Mistral Energy СЭС Каскелен 50":{"_level":2,"_name":"Mistral Energy СЭС Каскелен 50","WSName":"PS","rangeAddress":"$AB$182:$AD$182","childs":null}}},"ВИЭ Алматинского Узла":{"_level":1,"_name":"ВИЭ Алматинского Узла","WSName":"PS","rangeAddress":"$AF$181:$AX$181","childs":{"Кербулак":{"_level":2,"_name":"Кербулак","WSName":"PS","rangeAddress":"$AF$182","childs":null},"Кербулак 2":{"_level":2,"_name":"Кербулак 2","WSName":"PS","rangeAddress":"$AG$182","childs":null},"Сарыбулак":{"_level":2,"_name":"Сарыбулак","WSName":"PS","rangeAddress":"$AH$182","childs":null},"Сарыбулак 2":{"_level":2,"_name":"Сарыбулак 2","WSName":"PS","rangeAddress":"$AI$182","childs":null},"Нурлы":{"_level":2,"_name":"Нурлы","WSName":"PS","rangeAddress":"$AJ$182","childs":null},"Нурлы 2":{"_level":2,"_name":"Нурлы 2","WSName":"PS","rangeAddress":"$AK$182","childs":null},"Техно Базальт":{"_level":2,"_name":"Техно Базальт","WSName":"PS","rangeAddress":"$AL$182","childs":null},"КазЭлектроЭнергия ИГЭС 2":{"_level":2,"_name":"КазЭлектроЭнергия ИГЭС 2","WSName":"PS","rangeAddress":"$AM$182","childs":null},"Энергия Алем ИГЭС 3":{"_level":2,"_name":"Энергия Алем ИГЭС 3","WSName":"PS","rangeAddress":"$AN$182","childs":null},"КазНИИ Чокина":{"_level":2,"_name":"КазНИИ Чокина","WSName":"PS","rangeAddress":"$AO$182","childs":null},"Жетысу Энерго Караш":{"_level":2,"_name":"Жетысу Энерго Караш","WSName":"PS","rangeAddress":"$AP$182","childs":null},"Самрук Грин Энерджи":{"_level":2,"_name":"Самрук Грин Энерджи","WSName":"PS","rangeAddress":"$AQ$182:$AR$182","childs":null},"Аннар":{"_level":2,"_name":"Аннар","WSName":"PS","rangeAddress":"$AS$182","childs":null},"EC ENERGY Qazaqstan":{"_level":2,"_name":"EC ENERGY Qazaqstan","WSName":"PS","rangeAddress":"$AT$182","childs":null},"DEF GES":{"_level":2,"_name":"DEF GES","WSName":"PS","rangeAddress":"$AU$182","childs":null},"Almaty Engineering Талгарская ГЭС":{"_level":2,"_name":"Almaty Engineering Талгарская ГЭС","WSName":"PS","rangeAddress":"$AV$182","childs":null},"Гидро Пауэр":{"_level":2,"_name":"Гидро Пауэр","WSName":"PS","rangeAddress":"$AW$182","childs":null},"Капшагай Солар Парк":{"_level":2,"_name":"Капшагай Солар Парк","WSName":"PS","rangeAddress":"$AX$182","childs":null}}},"Общее для Алматинского энергозла":{"_level":1,"_name":"Общее для Алматинского энергозла","WSName":"PS","rangeAddress":"$AZ$181:$BA$181","childs":{"KEGOC Алматинский энергоузел":{"_level":2,"_name":"KEGOC Алматинский энергоузел","WSName":"PS","rangeAddress":"$AZ$182:$BA$182","childs":null}}}}},"Талдыкогранский энергоузел":{"_level":0,"_name":"Талдыкогранский энергоузел","WSName":"PS","rangeAddress":"$B$223:$AL$223","childs":{"Потребление Талдыкорганского Узла":{"_level":1,"_name":"Потребление Талдыкорганского Узла","WSName":"PS","rangeAddress":"$B$224:$U$224","childs":{"ТАТЭК":{"_level":2,"_name":"ТАТЭК","WSName":"PS","rangeAddress":"$B$225:$F$225","childs":null},"Жетысу Энерго Трейд ЖЭТ":{"_level":2,"_name":"Жетысу Энерго Трейд ЖЭТ","WSName":"PS","rangeAddress":"$G$225","childs":null},"АСПМК Алатау Пауэр":{"_level":2,"_name":"АСПМК Алатау Пауэр","WSName":"PS","rangeAddress":"$H$225","childs":null},"ГОК":{"_level":2,"_name":"ГОК","WSName":"PS","rangeAddress":"$I$225","childs":null},"Qazaq DCS":{"_level":2,"_name":"Qazaq DCS","WSName":"PS","rangeAddress":"$J$225","childs":null},"Alfa Power":{"_level":2,"_name":"Alfa Power","WSName":"PS","rangeAddress":"$K$225","childs":null},"СТЭМ":{"_level":2,"_name":"СТЭМ","WSName":"PS","rangeAddress":"$L$225","childs":null},"Мангыстау Энерго Сату":{"_level":2,"_name":"Мангыстау Энерго Сату","WSName":"PS","rangeAddress":"$M$225","childs":null},"Кайнар АКБ":{"_level":2,"_name":"Кайнар АКБ","WSName":"PS","rangeAddress":"$N$225","childs":null},"Жетысу Водоканал":{"_level":2,"_name":"Жетысу Водоканал","WSName":"PS","rangeAddress":"$O$225","childs":null},"Алем Павлодар":{"_level":2,"_name":"Алем Павлодар","WSName":"PS","rangeAddress":"$P$225","childs":null},"SilkWayEnergy":{"_level":2,"_name":"SilkWayEnergy","WSName":"PS","rangeAddress":"$Q$225","childs":null},"Хоргос Энерго":{"_level":2,"_name":"Хоргос Энерго","WSName":"PS","rangeAddress":"$R$225","childs":null},"Хоргос Восточные Ворота":{"_level":2,"_name":"Хоргос Восточные Ворота","WSName":"PS","rangeAddress":"$S$225","childs":null},"Adver":{"_level":2,"_name":"Adver","WSName":"PS","rangeAddress":"$T$225","childs":null},"Месхет":{"_level":2,"_name":"Месхет","WSName":"PS","rangeAddress":"$U$225","childs":null}}},"Генерация Талдыкорганского узла":{"_level":1,"_name":"Генерация Талдыкорганского узла","WSName":"PS","rangeAddress":"$W$224:$AG$224","childs":{"Текелиский ТЭЦ2 ТТЭЦ2":{"_level":2,"_name":"Текелиский ТЭЦ2 ТТЭЦ2","WSName":"PS","rangeAddress":"$W$225:$Y$225","childs":null},"Аксу ГЭС":{"_level":2,"_name":"Аксу ГЭС","WSName":"PS","rangeAddress":"$Z$225:$AB$225","childs":null},"Каскад Каратальских ГЭС ККГЭС":{"_level":2,"_name":"Каскад Каратальских ГЭС ККГЭС","WSName":"PS","rangeAddress":"$AC$225:$AE$225","childs":null},"Коринская ГЭС":{"_level":2,"_name":"Коринская ГЭС","WSName":"PS","rangeAddress":"$AF$225:$AG$225","childs":null}}},"ВИЭ Талдыкорганского Узла":{"_level":1,"_name":"ВИЭ Талдыкорганского Узла","WSName":"PS","rangeAddress":"$AI$224","childs":null},"Общее для Талдыкорганского энергоузла":{"_level":1,"_name":"Общее для Талдыкорганского энергоузла","WSName":"PS","rangeAddress":"$AK$224:$AL$224","childs":{"KEGOC Талдыкорганский энергоузел":{"_level":2,"_name":"KEGOC Талдыкорганский энергоузел","WSName":"PS","rangeAddress":"$AK$225","childs":null},"Станции Талдыкорганского энергоузла":{"_level":2,"_name":"Станции Талдыкорганского энергоузла","WSName":"PS","rangeAddress":"$AL$225","childs":null}}}}}}}