[{"text":"От Единого Закупщика ТАТЭК прием","ID":"4cea2b83-657e-46c8-b045-b5c0a13b958a","type":0},{"text":"+","ID":null,"type":2},{"text":"От Аксу ГЭС ТАТЭК прием","ID":"8274b1d7-686e-44b1-9943-57595d6c1b3e","type":0},{"text":"+","ID":null,"type":2},{"text":"От Успеновской ГЭС ТАТЭК прием","ID":"9925bcbf-3f73-4e05-9afb-3eecaa93bfe8","type":0},{"text":"+","ID":null,"type":2},{"text":"От Антоновской ГЭС ТАТЭК прием","ID":"7b0818b8-27a9-4fe2-8c10-ac12ded7f675","type":0}]