{"ID":"358a01c4-b0ae-40c2-a8b2-91d74b17394c","childs":{"PS":{"_level":0,"parentID":"358a01c4-b0ae-40c2-a8b2-91d74b17394c","firstParentID":"358a01c4-b0ae-40c2-a8b2-91d74b17394c","ID":"c86c91d9-a6fe-4c82-af1e-76a02b13e6e6","childs":{"прием":{"_level":1,"parentID":"c86c91d9-a6fe-4c82-af1e-76a02b13e6e6","firstParentID":"358a01c4-b0ae-40c2-a8b2-91d74b17394c","ID":"55672345-263b-4efc-93be-85c85116ae32","childs":{"ручное":{"_level":2,"parentID":"55672345-263b-4efc-93be-85c85116ae32","firstParentID":"358a01c4-b0ae-40c2-a8b2-91d74b17394c","ID":"0c2df02b-d2eb-4f1e-a8a5-a0f19b3a67e6","childs":null,"emcosID":null,"emcosMLID":null,"WSName":"PS","rangeAddress":"$GA$99:$GA$135","headAddress":"$GA$99","bodyAddress":"$GA$100:$GA$135","_name":"ручное"}},"emcosID":null,"emcosMLID":null,"WSName":"PS","rangeAddress":"$GA$98:$GA$135","headAddress":"$GA$98","bodyAddress":"$GA$99:$GA$135","_name":"прием"},"отдача":{"_level":1,"parentID":"c86c91d9-a6fe-4c82-af1e-76a02b13e6e6","firstParentID":"358a01c4-b0ae-40c2-a8b2-91d74b17394c","ID":"27472288-0128-4702-8d88-fe78315af2ed","childs":{"ручное":{"_level":2,"parentID":"27472288-0128-4702-8d88-fe78315af2ed","firstParentID":"358a01c4-b0ae-40c2-a8b2-91d74b17394c","ID":"76cdaac5-3290-4e9d-8bc7-a4baf2a0bff5","childs":null,"emcosID":null,"emcosMLID":null,"WSName":"PS","rangeAddress":"$GB$99:$GB$135","headAddress":"$GB$99","bodyAddress":"$GB$100:$GB$135","_name":"ручное"}},"emcosID":null,"emcosMLID":null,"WSName":"PS","rangeAddress":"$GB$98:$GB$135","headAddress":"$GB$98","bodyAddress":"$GB$99:$GB$135","_name":"отдача"}},"emcosID":null,"emcosMLID":null,"WSName":"PS","rangeAddress":"$GA$97:$GB$135","headAddress":"$GA$97:$GB$97","bodyAddress":"$GA$98:$GB$135","_name":"ТП2 Мын Арал тяга"},"DB":{"_level":0,"parentID":"358a01c4-b0ae-40c2-a8b2-91d74b17394c","firstParentID":"358a01c4-b0ae-40c2-a8b2-91d74b17394c","ID":"eb3bf45a-3090-4fc9-9149-a199b58aa090","childs":{"прием":{"_level":1,"parentID":"eb3bf45a-3090-4fc9-9149-a199b58aa090","firstParentID":"358a01c4-b0ae-40c2-a8b2-91d74b17394c","ID":"f06f43dd-257b-4847-93c6-712690351bc4","childs":{"код":{"_level":2,"parentID":"f06f43dd-257b-4847-93c6-712690351bc4","firstParentID":"358a01c4-b0ae-40c2-a8b2-91d74b17394c","ID":"e3e7a33d-0911-455f-a4ff-d46702f27516","childs":null,"emcosID":null,"emcosMLID":null,"WSName":"DB","rangeAddress":"$AA$95:$AA$132","headAddress":"$AA$95","bodyAddress":"$AA$96:$AA$132","_name":"код"},"основное":{"_level":2,"parentID":"f06f43dd-257b-4847-93c6-712690351bc4","firstParentID":"358a01c4-b0ae-40c2-a8b2-91d74b17394c","ID":"b944ea55-c5ab-44d2-87d0-bfc14b8983d4","childs":null,"emcosID":null,"emcosMLID":null,"WSName":"DB","rangeAddress":"$AB$95:$AB$132","headAddress":"$AB$95","bodyAddress":"$AB$96:$AB$132","_name":"основное"},"корректировка факт":{"_level":2,"parentID":"f06f43dd-257b-4847-93c6-712690351bc4","firstParentID":"358a01c4-b0ae-40c2-a8b2-91d74b17394c","ID":"a227759a-d7ee-46b5-91ed-c23203025452","childs":null,"emcosID":null,"emcosMLID":null,"WSName":"DB","rangeAddress":"$AC$95:$AC$132","headAddress":"$AC$95","bodyAddress":"$AC$96:$AC$132","_name":"корректировка факт"},"ручное":{"_level":2,"parentID":"f06f43dd-257b-4847-93c6-712690351bc4","firstParentID":"358a01c4-b0ae-40c2-a8b2-91d74b17394c","ID":"09c1d54a-9a81-4a56-9ff6-229f55abb252","childs":null,"emcosID":null,"emcosMLID":null,"WSName":"DB","rangeAddress":"$AD$95:$AD$132","headAddress":"$AD$95","bodyAddress":"$AD$96:$AD$132","_name":"ручное"}},"emcosID":null,"emcosMLID":null,"WSName":"DB","rangeAddress":"$AA$94:$AD$132","headAddress":"$AA$94:$AD$94","bodyAddress":"$AA$95:$AD$132","_name":"прием"},"отдача":{"_level":1,"parentID":"eb3bf45a-3090-4fc9-9149-a199b58aa090","firstParentID":"358a01c4-b0ae-40c2-a8b2-91d74b17394c","ID":"60aef4e4-2b17-4972-b8b2-ce0b2abb3bb8","childs":{"код":{"_level":2,"parentID":"60aef4e4-2b17-4972-b8b2-ce0b2abb3bb8","firstParentID":"358a01c4-b0ae-40c2-a8b2-91d74b17394c","ID":"9a6d899c-f867-49d2-8588-49672838de33","childs":null,"emcosID":null,"emcosMLID":null,"WSName":"DB","rangeAddress":"$AE$95:$AE$132","headAddress":"$AE$95","bodyAddress":"$AE$96:$AE$132","_name":"код"},"основное":{"_level":2,"parentID":"60aef4e4-2b17-4972-b8b2-ce0b2abb3bb8","firstParentID":"358a01c4-b0ae-40c2-a8b2-91d74b17394c","ID":"1907c56a-c46d-4c3c-8e24-2df295b2449d","childs":null,"emcosID":null,"emcosMLID":null,"WSName":"DB","rangeAddress":"$AF$95:$AF$132","headAddress":"$AF$95","bodyAddress":"$AF$96:$AF$132","_name":"основное"},"корректировка факт":{"_level":2,"parentID":"60aef4e4-2b17-4972-b8b2-ce0b2abb3bb8","firstParentID":"358a01c4-b0ae-40c2-a8b2-91d74b17394c","ID":"8520c676-9878-46ba-b4d3-129e0791c2cd","childs":null,"emcosID":null,"emcosMLID":null,"WSName":"DB","rangeAddress":"$AG$95:$AG$132","headAddress":"$AG$95","bodyAddress":"$AG$96:$AG$132","_name":"корректировка факт"},"ручное":{"_level":2,"parentID":"60aef4e4-2b17-4972-b8b2-ce0b2abb3bb8","firstParentID":"358a01c4-b0ae-40c2-a8b2-91d74b17394c","ID":"95bee2ad-bfd1-440e-ac59-26f64b18a9b5","childs":null,"emcosID":null,"emcosMLID":null,"WSName":"DB","rangeAddress":"$AH$95:$AH$132","headAddress":"$AH$95","bodyAddress":"$AH$96:$AH$132","_name":"ручное"}},"emcosID":null,"emcosMLID":null,"WSName":"DB","rangeAddress":"$AE$94:$AH$132","headAddress":"$AE$94:$AH$94","bodyAddress":"$AE$95:$AH$132","_name":"отдача"}},"emcosID":null,"emcosMLID":null,"WSName":"DB","rangeAddress":"$AA$93:$AH$132","headAddress":"$AA$93:$AH$93","bodyAddress":"$AA$94:$AH$132","_name":"ТП2 Мын Арал тяга"}},"codPlan":null,"meterCoef":null,"_name":"ТП2 Мын Арал тяга"}