{"ID":"b81f2711-9c5f-45e5-aa29-bfe46457e281","childs":{"PS":{"_level":0,"parentID":"b81f2711-9c5f-45e5-aa29-bfe46457e281","firstParentID":"b81f2711-9c5f-45e5-aa29-bfe46457e281","ID":"b9930133-3ce3-4fb1-a31c-80b269889bd5","childs":{"прием":{"_level":1,"parentID":"b9930133-3ce3-4fb1-a31c-80b269889bd5","firstParentID":"b81f2711-9c5f-45e5-aa29-bfe46457e281","ID":"f190553e-2cea-4194-af13-8652da8a0f5e","childs":{"ручное":{"_level":2,"parentID":"f190553e-2cea-4194-af13-8652da8a0f5e","firstParentID":"b81f2711-9c5f-45e5-aa29-bfe46457e281","ID":"18f5907f-937c-4ec0-9f98-8da12cfbd703","childs":null,"emcosID":null,"emcosMLID":null,"WSName":"PS","rangeAddress":"$E$228:$E$264","headAddress":"$E$228","bodyAddress":"$E$229:$E$264","_name":"ручное"}},"emcosID":null,"emcosMLID":null,"WSName":"PS","rangeAddress":"$E$227:$E$264","headAddress":"$E$227","bodyAddress":"$E$228:$E$264","_name":"прием"}},"emcosID":null,"emcosMLID":null,"WSName":"PS","rangeAddress":"$E$226:$E$264","headAddress":"$E$226","bodyAddress":"$E$227:$E$264","_name":"От внешних источников ТАТЭК И Т Т"},"DB":{"_level":0,"parentID":"b81f2711-9c5f-45e5-aa29-bfe46457e281","firstParentID":"b81f2711-9c5f-45e5-aa29-bfe46457e281","ID":"10240a63-20b9-4ac3-9b50-6ab7be99c49d","childs":{"прием":{"_level":1,"parentID":"10240a63-20b9-4ac3-9b50-6ab7be99c49d","firstParentID":"b81f2711-9c5f-45e5-aa29-bfe46457e281","ID":"898eb53b-cfc9-4cc0-b434-ec1b0454b74c","childs":{"код":{"_level":2,"parentID":"898eb53b-cfc9-4cc0-b434-ec1b0454b74c","firstParentID":"b81f2711-9c5f-45e5-aa29-bfe46457e281","ID":"f805d656-664c-4c50-aafc-d177df122304","childs":null,"emcosID":null,"emcosMLID":null,"WSName":"DB","rangeAddress":"$CP$224:$CP$261","headAddress":"$CP$224","bodyAddress":"$CP$225:$CP$261","_name":"код"},"основное":{"_level":2,"parentID":"898eb53b-cfc9-4cc0-b434-ec1b0454b74c","firstParentID":"b81f2711-9c5f-45e5-aa29-bfe46457e281","ID":"659218c2-213b-4997-a9bf-4d3e90183ef6","childs":null,"emcosID":null,"emcosMLID":null,"WSName":"DB","rangeAddress":"$CQ$224:$CQ$261","headAddress":"$CQ$224","bodyAddress":"$CQ$225:$CQ$261","_name":"основное"},"корректировка факт":{"_level":2,"parentID":"898eb53b-cfc9-4cc0-b434-ec1b0454b74c","firstParentID":"b81f2711-9c5f-45e5-aa29-bfe46457e281","ID":"20aa6785-4777-43fe-9fe4-95e4e7fcc450","childs":null,"emcosID":null,"emcosMLID":null,"WSName":"DB","rangeAddress":"$CR$224:$CR$261","headAddress":"$CR$224","bodyAddress":"$CR$225:$CR$261","_name":"корректировка факт"},"ручное":{"_level":2,"parentID":"898eb53b-cfc9-4cc0-b434-ec1b0454b74c","firstParentID":"b81f2711-9c5f-45e5-aa29-bfe46457e281","ID":"8b0254ea-de35-469d-9d86-01d8d74193f1","childs":null,"emcosID":null,"emcosMLID":null,"WSName":"DB","rangeAddress":"$CS$224:$CS$261","headAddress":"$CS$224","bodyAddress":"$CS$225:$CS$261","_name":"ручное"}},"emcosID":null,"emcosMLID":null,"WSName":"DB","rangeAddress":"$CP$223:$CS$261","headAddress":"$CP$223:$CS$223","bodyAddress":"$CP$224:$CS$261","_name":"прием"}},"emcosID":null,"emcosMLID":null,"WSName":"DB","rangeAddress":"$CP$222:$CS$261","headAddress":"$CP$222:$CS$222","bodyAddress":"$CP$223:$CS$261","_name":"От внешних источников ТАТЭК И Т Т"}},"codPlan":null,"meterCoef":null,"_name":"От внешних источников ТАТЭК"}