{"ID":"cec989d1-4a3a-41b7-a9ae-5a237f5e552b","childs":{"PS":{"_level":0,"parentID":"cec989d1-4a3a-41b7-a9ae-5a237f5e552b","firstParentID":"cec989d1-4a3a-41b7-a9ae-5a237f5e552b","ID":"3c0c842c-c72f-4114-88eb-577855a3c6bd","childs":{"прием":{"_level":1,"parentID":"3c0c842c-c72f-4114-88eb-577855a3c6bd","firstParentID":"cec989d1-4a3a-41b7-a9ae-5a237f5e552b","ID":"9421b585-e139-4e7b-b415-fdb8d7aab3c4","childs":{"формула":{"_level":2,"parentID":"9421b585-e139-4e7b-b415-fdb8d7aab3c4","firstParentID":"cec989d1-4a3a-41b7-a9ae-5a237f5e552b","ID":"9adf68ef-8cc6-4396-aa84-daf834cf6ed9","childs":null,"emcosID":null,"emcosMLID":null,"WSName":"PS","rangeAddress":"$I$228:$I$264","headAddress":"$I$228","bodyAddress":"$I$229:$I$264","_name":"формула"}},"emcosID":null,"emcosMLID":null,"WSName":"PS","rangeAddress":"$I$227:$I$264","headAddress":"$I$227","bodyAddress":"$I$228:$I$264","_name":"прием"}},"emcosID":null,"emcosMLID":null,"WSName":"PS","rangeAddress":"$I$226:$I$264","headAddress":"$I$226","bodyAddress":"$I$227:$I$264","_name":"Потребление ГОК"},"DB":{"_level":0,"parentID":"cec989d1-4a3a-41b7-a9ae-5a237f5e552b","firstParentID":"cec989d1-4a3a-41b7-a9ae-5a237f5e552b","ID":"3d45541c-b6a0-46ec-a724-9442ddf74a17","childs":{"прием":{"_level":1,"parentID":"3d45541c-b6a0-46ec-a724-9442ddf74a17","firstParentID":"cec989d1-4a3a-41b7-a9ae-5a237f5e552b","ID":"eab4d055-1038-4c2c-a877-7f9162d23203","childs":{"код":{"_level":2,"parentID":"eab4d055-1038-4c2c-a877-7f9162d23203","firstParentID":"cec989d1-4a3a-41b7-a9ae-5a237f5e552b","ID":"8baa429a-6a62-43e0-b019-bf2339676fdd","childs":null,"emcosID":null,"emcosMLID":null,"WSName":"DB","rangeAddress":"$CV$310:$CV$347","headAddress":"$CV$310","bodyAddress":"$CV$311:$CV$347","_name":"код"},"основное":{"_level":2,"parentID":"eab4d055-1038-4c2c-a877-7f9162d23203","firstParentID":"cec989d1-4a3a-41b7-a9ae-5a237f5e552b","ID":"eba07c03-7695-4ca5-9819-a777bb48eebf","childs":null,"emcosID":null,"emcosMLID":null,"WSName":"DB","rangeAddress":"$CW$310:$CW$347","headAddress":"$CW$310","bodyAddress":"$CW$311:$CW$347","_name":"основное"},"корректировка факт":{"_level":2,"parentID":"eab4d055-1038-4c2c-a877-7f9162d23203","firstParentID":"cec989d1-4a3a-41b7-a9ae-5a237f5e552b","ID":"3400446a-43cb-493e-84a3-eb601aff81be","childs":null,"emcosID":null,"emcosMLID":null,"WSName":"DB","rangeAddress":"$CX$310:$CX$347","headAddress":"$CX$310","bodyAddress":"$CX$311:$CX$347","_name":"корректировка факт"},"ручное":{"_level":2,"parentID":"eab4d055-1038-4c2c-a877-7f9162d23203","firstParentID":"cec989d1-4a3a-41b7-a9ae-5a237f5e552b","ID":"24a444cc-eeb6-40d2-9c4d-0cb09aa21e8b","childs":null,"emcosID":null,"emcosMLID":null,"WSName":"DB","rangeAddress":"$CY$310:$CY$347","headAddress":"$CY$310","bodyAddress":"$CY$311:$CY$347","_name":"ручное"},"формула":{"_level":2,"parentID":"eab4d055-1038-4c2c-a877-7f9162d23203","firstParentID":"cec989d1-4a3a-41b7-a9ae-5a237f5e552b","ID":"7a5dc480-eba7-41d9-963e-460581d8ca64","childs":null,"emcosID":null,"emcosMLID":null,"WSName":"DB","rangeAddress":"$CZ$310:$CZ$347","headAddress":"$CZ$310","bodyAddress":"$CZ$311:$CZ$347","_name":"формула"}},"emcosID":null,"emcosMLID":null,"WSName":"DB","rangeAddress":"$CV$309:$CZ$347","headAddress":"$CV$309:$CZ$309","bodyAddress":"$CV$310:$CZ$347","_name":"прием"}},"emcosID":null,"emcosMLID":null,"WSName":"DB","rangeAddress":"$CV$308:$CZ$347","headAddress":"$CV$308:$CZ$308","bodyAddress":"$CV$309:$CZ$347","_name":"Потребление ГОК"}},"codPlan":null,"meterCoef":null,"_name":"Потребление ГОК"}