{"ID":"4b4ed039-8905-4970-b798-8480cb8b15b7","childs":{"PS":{"_level":0,"parentID":"4b4ed039-8905-4970-b798-8480cb8b15b7","firstParentID":"4b4ed039-8905-4970-b798-8480cb8b15b7","ID":"629bc75f-fe04-47ca-a8c0-4882ec0af37d","childs":{"прием":{"_level":1,"parentID":"629bc75f-fe04-47ca-a8c0-4882ec0af37d","firstParentID":"4b4ed039-8905-4970-b798-8480cb8b15b7","ID":"9ec61231-4276-4ff0-abfd-47633366ca16","childs":{"оперативное":{"_level":2,"parentID":"9ec61231-4276-4ff0-abfd-47633366ca16","firstParentID":"4b4ed039-8905-4970-b798-8480cb8b15b7","ID":"3960cbfc-4584-4c6f-8a63-bb857715d189","childs":null,"emcosID":null,"emcosMLID":null,"WSName":"PS","rangeAddress":"$D$99:$D$135","headAddress":"$D$99","bodyAddress":"$D$100:$D$135","_name":"оперативное"}},"emcosID":null,"emcosMLID":null,"WSName":"PS","rangeAddress":"$D$98:$D$135","headAddress":"$D$98","bodyAddress":"$D$99:$D$135","_name":"прием"},"отдача":{"_level":1,"parentID":"629bc75f-fe04-47ca-a8c0-4882ec0af37d","firstParentID":"4b4ed039-8905-4970-b798-8480cb8b15b7","ID":"d98303fc-45bc-46dd-a50e-9f7a433e18c3","childs":{"оперативное":{"_level":2,"parentID":"d98303fc-45bc-46dd-a50e-9f7a433e18c3","firstParentID":"4b4ed039-8905-4970-b798-8480cb8b15b7","ID":"9d3241b4-b199-4acd-bd48-151ad0114863","childs":null,"emcosID":null,"emcosMLID":null,"WSName":"PS","rangeAddress":"$E$99:$E$135","headAddress":"$E$99","bodyAddress":"$E$100:$E$135","_name":"оперативное"}},"emcosID":null,"emcosMLID":null,"WSName":"PS","rangeAddress":"$E$98:$E$135","headAddress":"$E$98","bodyAddress":"$E$99:$E$135","_name":"отдача"}},"emcosID":null,"emcosMLID":null,"WSName":"PS","rangeAddress":"$D$97:$E$135","headAddress":"$D$97:$E$97","bodyAddress":"$D$98:$E$135","_name":"Л2143 ОРУ 220 АТЭЦ3"},"DB":{"_level":0,"parentID":"4b4ed039-8905-4970-b798-8480cb8b15b7","firstParentID":"4b4ed039-8905-4970-b798-8480cb8b15b7","ID":"9d011e83-41ea-4f43-845e-97a28b73b2c4","childs":{"прием":{"_level":1,"parentID":"9d011e83-41ea-4f43-845e-97a28b73b2c4","firstParentID":"4b4ed039-8905-4970-b798-8480cb8b15b7","ID":"7a04da87-fa9c-4bdc-a78c-1a9e12678d12","childs":{"код":{"_level":2,"parentID":"7a04da87-fa9c-4bdc-a78c-1a9e12678d12","firstParentID":"4b4ed039-8905-4970-b798-8480cb8b15b7","ID":"14b52032-18bb-4a65-9101-2cd006db5850","childs":null,"emcosID":null,"emcosMLID":null,"WSName":"DB","rangeAddress":"$BI$52:$BI$89","headAddress":"$BI$52","bodyAddress":"$BI$53:$BI$89","_name":"код"},"основное":{"_level":2,"parentID":"7a04da87-fa9c-4bdc-a78c-1a9e12678d12","firstParentID":"4b4ed039-8905-4970-b798-8480cb8b15b7","ID":"dea3c1f5-839d-4a44-b418-e2adf4ebdcd4","childs":null,"emcosID":null,"emcosMLID":null,"WSName":"DB","rangeAddress":"$BJ$52:$BJ$89","headAddress":"$BJ$52","bodyAddress":"$BJ$53:$BJ$89","_name":"основное"},"корректировка факт":{"_level":2,"parentID":"7a04da87-fa9c-4bdc-a78c-1a9e12678d12","firstParentID":"4b4ed039-8905-4970-b798-8480cb8b15b7","ID":"188cbe42-8ab3-4b0a-af4b-4cdfe6b122b4","childs":null,"emcosID":null,"emcosMLID":null,"WSName":"DB","rangeAddress":"$BK$52:$BK$89","headAddress":"$BK$52","bodyAddress":"$BK$53:$BK$89","_name":"корректировка факт"},"ручное":{"_level":2,"parentID":"7a04da87-fa9c-4bdc-a78c-1a9e12678d12","firstParentID":"4b4ed039-8905-4970-b798-8480cb8b15b7","ID":"6ae23287-9b7e-4d4a-aba6-6d759a2edd59","childs":null,"emcosID":null,"emcosMLID":null,"WSName":"DB","rangeAddress":"$BL$52:$BL$89","headAddress":"$BL$52","bodyAddress":"$BL$53:$BL$89","_name":"ручное"},"оперативное":{"_level":2,"parentID":"7a04da87-fa9c-4bdc-a78c-1a9e12678d12","firstParentID":"4b4ed039-8905-4970-b798-8480cb8b15b7","ID":"68cd0c2a-0739-4183-be9a-bab95c5472cf","childs":null,"emcosID":null,"emcosMLID":null,"WSName":"DB","rangeAddress":"$BM$52:$BM$89","headAddress":"$BM$52","bodyAddress":"$BM$53:$BM$89","_name":"оперативное"}},"emcosID":null,"emcosMLID":null,"WSName":"DB","rangeAddress":"$BI$51:$BM$89","headAddress":"$BI$51:$BM$51","bodyAddress":"$BI$52:$BM$89","_name":"прием"},"отдача":{"_level":1,"parentID":"9d011e83-41ea-4f43-845e-97a28b73b2c4","firstParentID":"4b4ed039-8905-4970-b798-8480cb8b15b7","ID":"3ef9c4aa-ba6a-40ea-8f74-5e0fc5424992","childs":{"код":{"_level":2,"parentID":"3ef9c4aa-ba6a-40ea-8f74-5e0fc5424992","firstParentID":"4b4ed039-8905-4970-b798-8480cb8b15b7","ID":"f0a0b3d3-b6c5-4dac-8d60-a3d2e82da93d","childs":null,"emcosID":null,"emcosMLID":null,"WSName":"DB","rangeAddress":"$BN$52:$BN$89","headAddress":"$BN$52","bodyAddress":"$BN$53:$BN$89","_name":"код"},"основное":{"_level":2,"parentID":"3ef9c4aa-ba6a-40ea-8f74-5e0fc5424992","firstParentID":"4b4ed039-8905-4970-b798-8480cb8b15b7","ID":"19db7fe7-f3c3-424d-acfc-03ef9b9c1c96","childs":null,"emcosID":null,"emcosMLID":null,"WSName":"DB","rangeAddress":"$BO$52:$BO$89","headAddress":"$BO$52","bodyAddress":"$BO$53:$BO$89","_name":"основное"},"корректировка факт":{"_level":2,"parentID":"3ef9c4aa-ba6a-40ea-8f74-5e0fc5424992","firstParentID":"4b4ed039-8905-4970-b798-8480cb8b15b7","ID":"8372db14-b347-4511-9c11-30708658faf7","childs":null,"emcosID":null,"emcosMLID":null,"WSName":"DB","rangeAddress":"$BP$52:$BP$89","headAddress":"$BP$52","bodyAddress":"$BP$53:$BP$89","_name":"корректировка факт"},"ручное":{"_level":2,"parentID":"3ef9c4aa-ba6a-40ea-8f74-5e0fc5424992","firstParentID":"4b4ed039-8905-4970-b798-8480cb8b15b7","ID":"281b2baa-bcd9-478b-ac3a-d31929ae83b9","childs":null,"emcosID":null,"emcosMLID":null,"WSName":"DB","rangeAddress":"$BQ$52:$BQ$89","headAddress":"$BQ$52","bodyAddress":"$BQ$53:$BQ$89","_name":"ручное"},"оперативное":{"_level":2,"parentID":"3ef9c4aa-ba6a-40ea-8f74-5e0fc5424992","firstParentID":"4b4ed039-8905-4970-b798-8480cb8b15b7","ID":"d5a1ce3e-fd94-4faa-9f9d-71f5b34e2053","childs":null,"emcosID":null,"emcosMLID":null,"WSName":"DB","rangeAddress":"$BR$52:$BR$89","headAddress":"$BR$52","bodyAddress":"$BR$53:$BR$89","_name":"оперативное"}},"emcosID":null,"emcosMLID":null,"WSName":"DB","rangeAddress":"$BN$51:$BR$89","headAddress":"$BN$51:$BR$51","bodyAddress":"$BN$52:$BR$89","_name":"отдача"}},"emcosID":null,"emcosMLID":null,"WSName":"DB","rangeAddress":"$BI$50:$BR$89","headAddress":"$BI$50:$BR$50","bodyAddress":"$BI$51:$BR$89","_name":"Л2143 ОРУ 220 АТЭЦ3"}},"codPlan":null,"meterCoef":null,"_name":"Л2143 ОРУ 220 АТЭЦ3"}