{"ID":"b1dc7ff3-7c4c-44f1-9da0-7f72e7814a1a","childs":{"PS":{"_level":0,"parentID":"b1dc7ff3-7c4c-44f1-9da0-7f72e7814a1a","firstParentID":"b1dc7ff3-7c4c-44f1-9da0-7f72e7814a1a","ID":"b43124a1-8158-4770-a53e-32767b601cf5","childs":{"прием":{"_level":1,"parentID":"b43124a1-8158-4770-a53e-32767b601cf5","firstParentID":"b1dc7ff3-7c4c-44f1-9da0-7f72e7814a1a","ID":"86c7ea1c-f351-4758-b276-a8c4787154a1","childs":{"оперативное":{"_level":2,"parentID":"86c7ea1c-f351-4758-b276-a8c4787154a1","firstParentID":"b1dc7ff3-7c4c-44f1-9da0-7f72e7814a1a","ID":"029b58d3-b7fc-4928-a70a-6f137a40a94e","childs":null,"emcosID":null,"emcosMLID":null,"WSName":"PS","rangeAddress":"$EP$99:$EP$135","headAddress":"$EP$99","bodyAddress":"$EP$100:$EP$135","_name":"оперативное"}},"emcosID":null,"emcosMLID":null,"WSName":"PS","rangeAddress":"$EP$98:$EP$135","headAddress":"$EP$98","bodyAddress":"$EP$99:$EP$135","_name":"прием"},"отдача":{"_level":1,"parentID":"b43124a1-8158-4770-a53e-32767b601cf5","firstParentID":"b1dc7ff3-7c4c-44f1-9da0-7f72e7814a1a","ID":"fef328e0-9bf0-436e-a7e4-00a2332870b6","childs":{"оперативное":{"_level":2,"parentID":"fef328e0-9bf0-436e-a7e4-00a2332870b6","firstParentID":"b1dc7ff3-7c4c-44f1-9da0-7f72e7814a1a","ID":"4b6ab234-45ff-4414-a704-95f9a3ee8e6a","childs":null,"emcosID":null,"emcosMLID":null,"WSName":"PS","rangeAddress":"$EQ$99:$EQ$135","headAddress":"$EQ$99","bodyAddress":"$EQ$100:$EQ$135","_name":"оперативное"}},"emcosID":null,"emcosMLID":null,"WSName":"PS","rangeAddress":"$EQ$98:$EQ$135","headAddress":"$EQ$98","bodyAddress":"$EQ$99:$EQ$135","_name":"отдача"}},"emcosID":null,"emcosMLID":null,"WSName":"PS","rangeAddress":"$EP$97:$EQ$135","headAddress":"$EP$97:$EQ$97","bodyAddress":"$EP$98:$EQ$135","_name":"Л2423 Бесагаш Кенсай 166А"},"DB":{"_level":0,"parentID":"b1dc7ff3-7c4c-44f1-9da0-7f72e7814a1a","firstParentID":"b1dc7ff3-7c4c-44f1-9da0-7f72e7814a1a","ID":"9b35ea35-dc80-4b67-bb21-bbb4c83260e8","childs":{"прием":{"_level":1,"parentID":"9b35ea35-dc80-4b67-bb21-bbb4c83260e8","firstParentID":"b1dc7ff3-7c4c-44f1-9da0-7f72e7814a1a","ID":"3327068a-bd86-40d6-8f3c-96614b8869e5","childs":{"код":{"_level":2,"parentID":"3327068a-bd86-40d6-8f3c-96614b8869e5","firstParentID":"b1dc7ff3-7c4c-44f1-9da0-7f72e7814a1a","ID":"c282a916-d2ba-4568-9a87-e8ad502e3f1d","childs":null,"emcosID":null,"emcosMLID":null,"WSName":"DB","rangeAddress":"$BP$95:$BP$132","headAddress":"$BP$95","bodyAddress":"$BP$96:$BP$132","_name":"код"},"основное":{"_level":2,"parentID":"3327068a-bd86-40d6-8f3c-96614b8869e5","firstParentID":"b1dc7ff3-7c4c-44f1-9da0-7f72e7814a1a","ID":"158dc412-2652-4e9b-8548-b32a7383f4da","childs":null,"emcosID":null,"emcosMLID":null,"WSName":"DB","rangeAddress":"$BQ$95:$BQ$132","headAddress":"$BQ$95","bodyAddress":"$BQ$96:$BQ$132","_name":"основное"},"корректировка факт":{"_level":2,"parentID":"3327068a-bd86-40d6-8f3c-96614b8869e5","firstParentID":"b1dc7ff3-7c4c-44f1-9da0-7f72e7814a1a","ID":"a4751f3f-e4d7-47e5-908f-d4595371da35","childs":null,"emcosID":null,"emcosMLID":null,"WSName":"DB","rangeAddress":"$BR$95:$BR$132","headAddress":"$BR$95","bodyAddress":"$BR$96:$BR$132","_name":"корректировка факт"},"ручное":{"_level":2,"parentID":"3327068a-bd86-40d6-8f3c-96614b8869e5","firstParentID":"b1dc7ff3-7c4c-44f1-9da0-7f72e7814a1a","ID":"e17445b0-9c6b-444a-964a-430cd2816251","childs":null,"emcosID":null,"emcosMLID":null,"WSName":"DB","rangeAddress":"$BS$95:$BS$132","headAddress":"$BS$95","bodyAddress":"$BS$96:$BS$132","_name":"ручное"},"оперативное":{"_level":2,"parentID":"3327068a-bd86-40d6-8f3c-96614b8869e5","firstParentID":"b1dc7ff3-7c4c-44f1-9da0-7f72e7814a1a","ID":"09692786-a386-4b02-86da-65a6e3d487a6","childs":null,"emcosID":null,"emcosMLID":null,"WSName":"DB","rangeAddress":"$BT$95:$BT$132","headAddress":"$BT$95","bodyAddress":"$BT$96:$BT$132","_name":"оперативное"}},"emcosID":null,"emcosMLID":null,"WSName":"DB","rangeAddress":"$BP$94:$BT$132","headAddress":"$BP$94:$BT$94","bodyAddress":"$BP$95:$BT$132","_name":"прием"},"отдача":{"_level":1,"parentID":"9b35ea35-dc80-4b67-bb21-bbb4c83260e8","firstParentID":"b1dc7ff3-7c4c-44f1-9da0-7f72e7814a1a","ID":"50ead2b5-305c-4f79-9a27-e2b41e6674fc","childs":{"код":{"_level":2,"parentID":"50ead2b5-305c-4f79-9a27-e2b41e6674fc","firstParentID":"b1dc7ff3-7c4c-44f1-9da0-7f72e7814a1a","ID":"4b81045a-e5bf-4154-9228-097da01e46a0","childs":null,"emcosID":null,"emcosMLID":null,"WSName":"DB","rangeAddress":"$BU$95:$BU$132","headAddress":"$BU$95","bodyAddress":"$BU$96:$BU$132","_name":"код"},"основное":{"_level":2,"parentID":"50ead2b5-305c-4f79-9a27-e2b41e6674fc","firstParentID":"b1dc7ff3-7c4c-44f1-9da0-7f72e7814a1a","ID":"d9bb8495-a28d-4ad4-9ddb-4aac3eaf2eae","childs":null,"emcosID":null,"emcosMLID":null,"WSName":"DB","rangeAddress":"$BV$95:$BV$132","headAddress":"$BV$95","bodyAddress":"$BV$96:$BV$132","_name":"основное"},"корректировка факт":{"_level":2,"parentID":"50ead2b5-305c-4f79-9a27-e2b41e6674fc","firstParentID":"b1dc7ff3-7c4c-44f1-9da0-7f72e7814a1a","ID":"5d9625f0-e5c9-4716-8328-ac5c073a2446","childs":null,"emcosID":null,"emcosMLID":null,"WSName":"DB","rangeAddress":"$BW$95:$BW$132","headAddress":"$BW$95","bodyAddress":"$BW$96:$BW$132","_name":"корректировка факт"},"ручное":{"_level":2,"parentID":"50ead2b5-305c-4f79-9a27-e2b41e6674fc","firstParentID":"b1dc7ff3-7c4c-44f1-9da0-7f72e7814a1a","ID":"f283dd95-39a6-486f-ae5b-d6247850d593","childs":null,"emcosID":null,"emcosMLID":null,"WSName":"DB","rangeAddress":"$BX$95:$BX$132","headAddress":"$BX$95","bodyAddress":"$BX$96:$BX$132","_name":"ручное"},"оперативное":{"_level":2,"parentID":"50ead2b5-305c-4f79-9a27-e2b41e6674fc","firstParentID":"b1dc7ff3-7c4c-44f1-9da0-7f72e7814a1a","ID":"14f58e53-0bc2-4bc8-bb84-1e40ce88a365","childs":null,"emcosID":null,"emcosMLID":null,"WSName":"DB","rangeAddress":"$BY$95:$BY$132","headAddress":"$BY$95","bodyAddress":"$BY$96:$BY$132","_name":"оперативное"}},"emcosID":null,"emcosMLID":null,"WSName":"DB","rangeAddress":"$BU$94:$BY$132","headAddress":"$BU$94:$BY$94","bodyAddress":"$BU$95:$BY$132","_name":"отдача"}},"emcosID":null,"emcosMLID":null,"WSName":"DB","rangeAddress":"$BP$93:$BY$132","headAddress":"$BP$93:$BY$93","bodyAddress":"$BP$94:$BY$132","_name":"Л2423 Бесагаш Кенсай 166А"}},"codPlan":null,"meterCoef":null,"_name":"Л2423 Бесагаш Кенсай 166А"}