{"ID":"863a992b-f84a-4153-a938-71353a5ded19","childs":{"PS":{"_level":0,"parentID":"863a992b-f84a-4153-a938-71353a5ded19","firstParentID":"863a992b-f84a-4153-a938-71353a5ded19","ID":"84097257-2dd8-4a00-940c-b2d7afe02b53","childs":{"отдача":{"_level":1,"parentID":"84097257-2dd8-4a00-940c-b2d7afe02b53","firstParentID":"863a992b-f84a-4153-a938-71353a5ded19","ID":"a3fd2b56-7021-4209-a8a0-65fc89d260b1","childs":{"формула":{"_level":2,"parentID":"a3fd2b56-7021-4209-a8a0-65fc89d260b1","firstParentID":"863a992b-f84a-4153-a938-71353a5ded19","ID":"d62acda7-2c20-466d-a613-965feb763d1b","childs":null,"emcosID":null,"emcosMLID":null,"WSName":"PS","rangeAddress":"$P$13:$P$49","headAddress":"$P$13","bodyAddress":"$P$14:$P$49","_name":"формула"}},"emcosID":null,"emcosMLID":null,"WSName":"PS","rangeAddress":"$P$12:$P$49","headAddress":"$P$12","bodyAddress":"$P$13:$P$49","_name":"отдача"},"план":{"_level":1,"parentID":"84097257-2dd8-4a00-940c-b2d7afe02b53","firstParentID":"863a992b-f84a-4153-a938-71353a5ded19","ID":"de4bce25-8ced-46e0-810c-368d72ed9138","childs":{"заявка":{"_level":2,"parentID":"de4bce25-8ced-46e0-810c-368d72ed9138","firstParentID":"863a992b-f84a-4153-a938-71353a5ded19","ID":"2aafc5c8-1ed2-47b2-89a3-853e4d4fcf3b","childs":null,"emcosID":null,"emcosMLID":null,"WSName":"PS","rangeAddress":"$Q$13:$Q$49","headAddress":"$Q$13","bodyAddress":"$Q$14:$Q$49","_name":"заявка"}},"emcosID":null,"emcosMLID":null,"WSName":"PS","rangeAddress":"$Q$12:$Q$49","headAddress":"$Q$12","bodyAddress":"$Q$13:$Q$49","_name":"план"}},"emcosID":null,"emcosMLID":null,"WSName":"PS","rangeAddress":"$P$11:$Q$49","headAddress":"$P$11:$Q$11","bodyAddress":"$P$12:$Q$49","_name":"Генерация Алматы + Жетысу"},"DB":{"_level":0,"parentID":"863a992b-f84a-4153-a938-71353a5ded19","firstParentID":"863a992b-f84a-4153-a938-71353a5ded19","ID":"641ebe23-0f0b-467b-88c0-da00eb46bb26","childs":{"отдача":{"_level":1,"parentID":"641ebe23-0f0b-467b-88c0-da00eb46bb26","firstParentID":"863a992b-f84a-4153-a938-71353a5ded19","ID":"8f0ed376-54b6-4d63-80a3-da93d6b3d04e","childs":{"код":{"_level":2,"parentID":"8f0ed376-54b6-4d63-80a3-da93d6b3d04e","firstParentID":"863a992b-f84a-4153-a938-71353a5ded19","ID":"6ceac2d6-de10-47fd-9313-02abea79c09d","childs":null,"emcosID":null,"emcosMLID":null,"WSName":"DB","rangeAddress":"$CP$138:$CP$175","headAddress":"$CP$138","bodyAddress":"$CP$139:$CP$175","_name":"код"},"основное":{"_level":2,"parentID":"8f0ed376-54b6-4d63-80a3-da93d6b3d04e","firstParentID":"863a992b-f84a-4153-a938-71353a5ded19","ID":"1f1c7b86-0460-480c-bd47-cf64045c3dae","childs":null,"emcosID":null,"emcosMLID":null,"WSName":"DB","rangeAddress":"$CQ$138:$CQ$175","headAddress":"$CQ$138","bodyAddress":"$CQ$139:$CQ$175","_name":"основное"},"корректировка факт":{"_level":2,"parentID":"8f0ed376-54b6-4d63-80a3-da93d6b3d04e","firstParentID":"863a992b-f84a-4153-a938-71353a5ded19","ID":"06931188-8b27-44f4-b76d-9e139c032678","childs":null,"emcosID":null,"emcosMLID":null,"WSName":"DB","rangeAddress":"$CR$138:$CR$175","headAddress":"$CR$138","bodyAddress":"$CR$139:$CR$175","_name":"корректировка факт"},"ручное":{"_level":2,"parentID":"8f0ed376-54b6-4d63-80a3-da93d6b3d04e","firstParentID":"863a992b-f84a-4153-a938-71353a5ded19","ID":"3b64c0a6-b1b7-462a-b446-b8e6d888987f","childs":null,"emcosID":null,"emcosMLID":null,"WSName":"DB","rangeAddress":"$CS$138:$CS$175","headAddress":"$CS$138","bodyAddress":"$CS$139:$CS$175","_name":"ручное"},"формула":{"_level":2,"parentID":"8f0ed376-54b6-4d63-80a3-da93d6b3d04e","firstParentID":"863a992b-f84a-4153-a938-71353a5ded19","ID":"572c0b1a-d479-4e53-b8f8-24907d62e9a3","childs":null,"emcosID":null,"emcosMLID":null,"WSName":"DB","rangeAddress":"$CT$138:$CT$175","headAddress":"$CT$138","bodyAddress":"$CT$139:$CT$175","_name":"формула"},"по плану":{"_level":2,"parentID":"8f0ed376-54b6-4d63-80a3-da93d6b3d04e","firstParentID":"863a992b-f84a-4153-a938-71353a5ded19","ID":"6c39561b-2f18-4fef-8bb9-d2c482f91b48","childs":null,"emcosID":null,"emcosMLID":null,"WSName":"DB","rangeAddress":"$CU$138:$CU$175","headAddress":"$CU$138","bodyAddress":"$CU$139:$CU$175","_name":"по плану"}},"emcosID":null,"emcosMLID":null,"WSName":"DB","rangeAddress":"$CP$137:$CU$175","headAddress":"$CP$137:$CU$137","bodyAddress":"$CP$138:$CU$175","_name":"отдача"},"план":{"_level":1,"parentID":"641ebe23-0f0b-467b-88c0-da00eb46bb26","firstParentID":"863a992b-f84a-4153-a938-71353a5ded19","ID":"35b32eae-a740-42b2-96aa-d2ffe1343aaf","childs":{"код":{"_level":2,"parentID":"35b32eae-a740-42b2-96aa-d2ffe1343aaf","firstParentID":"863a992b-f84a-4153-a938-71353a5ded19","ID":"46146d7c-e2a7-4afd-9478-79b9461851ca","childs":null,"emcosID":null,"emcosMLID":null,"WSName":"DB","rangeAddress":"$CV$138:$CV$175","headAddress":"$CV$138","bodyAddress":"$CV$139:$CV$175","_name":"код"},"основное":{"_level":2,"parentID":"35b32eae-a740-42b2-96aa-d2ffe1343aaf","firstParentID":"863a992b-f84a-4153-a938-71353a5ded19","ID":"15f274c3-ea38-4fec-b719-3f47392901aa","childs":null,"emcosID":null,"emcosMLID":null,"WSName":"DB","rangeAddress":"$CW$138:$CW$175","headAddress":"$CW$138","bodyAddress":"$CW$139:$CW$175","_name":"основное"},"заявка":{"_level":2,"parentID":"35b32eae-a740-42b2-96aa-d2ffe1343aaf","firstParentID":"863a992b-f84a-4153-a938-71353a5ded19","ID":"d0331b55-2bd3-4895-bc44-d622ca1cab5d","childs":null,"emcosID":null,"emcosMLID":null,"WSName":"DB","rangeAddress":"$CX$138:$CX$175","headAddress":"$CX$138","bodyAddress":"$CX$139:$CX$175","_name":"заявка"},"утвержденный":{"_level":2,"parentID":"35b32eae-a740-42b2-96aa-d2ffe1343aaf","firstParentID":"863a992b-f84a-4153-a938-71353a5ded19","ID":"fdf2091c-8dc5-43d2-ae10-1905c1cc6ebb","childs":null,"emcosID":null,"emcosMLID":null,"WSName":"DB","rangeAddress":"$CY$138:$CY$175","headAddress":"$CY$138","bodyAddress":"$CY$139:$CY$175","_name":"утвержденный"},"корректировка":{"_level":2,"parentID":"35b32eae-a740-42b2-96aa-d2ffe1343aaf","firstParentID":"863a992b-f84a-4153-a938-71353a5ded19","ID":"e42ff5ce-1335-4dec-96b1-3a846f53357a","childs":null,"emcosID":null,"emcosMLID":null,"WSName":"DB","rangeAddress":"$CZ$138:$CZ$175","headAddress":"$CZ$138","bodyAddress":"$CZ$139:$CZ$175","_name":"корректировка"}},"emcosID":null,"emcosMLID":null,"WSName":"DB","rangeAddress":"$CV$137:$CZ$175","headAddress":"$CV$137:$CZ$137","bodyAddress":"$CV$138:$CZ$175","_name":"план"}},"emcosID":null,"emcosMLID":null,"WSName":"DB","rangeAddress":"$CP$136:$CZ$175","headAddress":"$CP$136:$CZ$136","bodyAddress":"$CP$137:$CZ$175","_name":"Генерация Алматы + Жетысу"}},"codPlan":9,"meterCoef":null,"_name":"Генерация Алматы + Жетысу"}