{"ID":"aad09846-013a-4136-92a1-fec5bd8d7417","childs":{"PS":{"_level":0,"parentID":"aad09846-013a-4136-92a1-fec5bd8d7417","firstParentID":"aad09846-013a-4136-92a1-fec5bd8d7417","ID":"2ffac0c6-7109-4752-a8cc-f749de72c887","childs":{"сальдо":{"_level":1,"parentID":"2ffac0c6-7109-4752-a8cc-f749de72c887","firstParentID":"aad09846-013a-4136-92a1-fec5bd8d7417","ID":"91d6904c-1012-41be-ab4e-ee80453fdb14","childs":{"формула":{"_level":2,"parentID":"91d6904c-1012-41be-ab4e-ee80453fdb14","firstParentID":"aad09846-013a-4136-92a1-fec5bd8d7417","ID":"afc63a91-de74-4a64-8926-e11f05d0eda1","childs":null,"emcosID":null,"emcosMLID":null,"WSName":"PS","rangeAddress":"$U$13:$U$49","headAddress":"$U$13","bodyAddress":"$U$14:$U$49","_name":"формула"}},"emcosID":null,"emcosMLID":null,"WSName":"PS","rangeAddress":"$U$12:$U$49","headAddress":"$U$12","bodyAddress":"$U$13:$U$49","_name":"сальдо"}},"emcosID":null,"emcosMLID":null,"WSName":"PS","rangeAddress":"$U$11:$U$49","headAddress":"$U$11","bodyAddress":"$U$12:$U$49","_name":"транзитные потери KEGOC в ВЛ Общее"},"DB":{"_level":0,"parentID":"aad09846-013a-4136-92a1-fec5bd8d7417","firstParentID":"aad09846-013a-4136-92a1-fec5bd8d7417","ID":"8b7b2ee4-1b67-4b6c-aa97-4643a428578f","childs":{"сальдо":{"_level":1,"parentID":"8b7b2ee4-1b67-4b6c-aa97-4643a428578f","firstParentID":"aad09846-013a-4136-92a1-fec5bd8d7417","ID":"b1a64e8a-0c46-4ba8-8aa4-9c26b5359a36","childs":{"код":{"_level":2,"parentID":"b1a64e8a-0c46-4ba8-8aa4-9c26b5359a36","firstParentID":"aad09846-013a-4136-92a1-fec5bd8d7417","ID":"55be5e03-34d0-445e-b982-1a24669978fe","childs":null,"emcosID":null,"emcosMLID":null,"WSName":"DB","rangeAddress":"$BL$138:$BL$175","headAddress":"$BL$138","bodyAddress":"$BL$139:$BL$175","_name":"код"},"основное":{"_level":2,"parentID":"b1a64e8a-0c46-4ba8-8aa4-9c26b5359a36","firstParentID":"aad09846-013a-4136-92a1-fec5bd8d7417","ID":"346723e7-6551-4268-b5ea-9ed639911bd0","childs":null,"emcosID":null,"emcosMLID":null,"WSName":"DB","rangeAddress":"$BM$138:$BM$175","headAddress":"$BM$138","bodyAddress":"$BM$139:$BM$175","_name":"основное"},"корректировка факт":{"_level":2,"parentID":"b1a64e8a-0c46-4ba8-8aa4-9c26b5359a36","firstParentID":"aad09846-013a-4136-92a1-fec5bd8d7417","ID":"d53cd079-4a44-4414-b3d3-916f036bfa05","childs":null,"emcosID":null,"emcosMLID":null,"WSName":"DB","rangeAddress":"$BN$138:$BN$175","headAddress":"$BN$138","bodyAddress":"$BN$139:$BN$175","_name":"корректировка факт"},"ручное":{"_level":2,"parentID":"b1a64e8a-0c46-4ba8-8aa4-9c26b5359a36","firstParentID":"aad09846-013a-4136-92a1-fec5bd8d7417","ID":"12af6f79-5268-4283-b0f1-14315ee2a183","childs":null,"emcosID":null,"emcosMLID":null,"WSName":"DB","rangeAddress":"$BO$138:$BO$175","headAddress":"$BO$138","bodyAddress":"$BO$139:$BO$175","_name":"ручное"},"формула":{"_level":2,"parentID":"b1a64e8a-0c46-4ba8-8aa4-9c26b5359a36","firstParentID":"aad09846-013a-4136-92a1-fec5bd8d7417","ID":"d0660a28-daeb-4a25-b4d4-6e9ac786a894","childs":null,"emcosID":null,"emcosMLID":null,"WSName":"DB","rangeAddress":"$BP$138:$BP$175","headAddress":"$BP$138","bodyAddress":"$BP$139:$BP$175","_name":"формула"}},"emcosID":null,"emcosMLID":null,"WSName":"DB","rangeAddress":"$BL$137:$BP$175","headAddress":"$BL$137:$BP$137","bodyAddress":"$BL$138:$BP$175","_name":"сальдо"}},"emcosID":null,"emcosMLID":null,"WSName":"DB","rangeAddress":"$BL$136:$BP$175","headAddress":"$BL$136:$BP$136","bodyAddress":"$BL$137:$BP$175","_name":"транзитные потери KEGOC в ВЛ Общее"}},"codPlan":null,"meterCoef":null,"_name":"транзитные потери KEGOC в ВЛ Общее"}