{"ID":"dbb5be15-81da-4b0c-ab91-be26fd8b8a47","childs":{"PS":{"_level":0,"parentID":"dbb5be15-81da-4b0c-ab91-be26fd8b8a47","firstParentID":"dbb5be15-81da-4b0c-ab91-be26fd8b8a47","ID":"32e1b9e3-f763-4f5c-9acc-4a4a4e593b41","childs":{"прием":{"_level":1,"parentID":"32e1b9e3-f763-4f5c-9acc-4a4a4e593b41","firstParentID":"dbb5be15-81da-4b0c-ab91-be26fd8b8a47","ID":"c1817ecc-f05c-4a2b-a5d0-a8d90aa3dcd5","childs":{"по счетчику":{"_level":2,"parentID":"c1817ecc-f05c-4a2b-a5d0-a8d90aa3dcd5","firstParentID":"dbb5be15-81da-4b0c-ab91-be26fd8b8a47","ID":"32f064d2-8e01-41cf-bbd1-edcf3be71c47","childs":null,"emcosID":null,"emcosMLID":null,"WSName":"PS","rangeAddress":"$AG$56:$AG$92","headAddress":"$AG$56","bodyAddress":"$AG$57:$AG$92","_name":"по счетчику"}},"emcosID":null,"emcosMLID":null,"WSName":"PS","rangeAddress":"$AG$55:$AG$92","headAddress":"$AG$55","bodyAddress":"$AG$56:$AG$92","_name":"прием"},"отдача":{"_level":1,"parentID":"32e1b9e3-f763-4f5c-9acc-4a4a4e593b41","firstParentID":"dbb5be15-81da-4b0c-ab91-be26fd8b8a47","ID":"41d0959e-8710-48fc-996b-e987c5eaf18c","childs":{"по счетчику":{"_level":2,"parentID":"41d0959e-8710-48fc-996b-e987c5eaf18c","firstParentID":"dbb5be15-81da-4b0c-ab91-be26fd8b8a47","ID":"d1f54edb-e205-4b49-bc6d-75895efc89ce","childs":null,"emcosID":null,"emcosMLID":null,"WSName":"PS","rangeAddress":"$AH$56:$AH$92","headAddress":"$AH$56","bodyAddress":"$AH$57:$AH$92","_name":"по счетчику"}},"emcosID":null,"emcosMLID":null,"WSName":"PS","rangeAddress":"$AH$55:$AH$92","headAddress":"$AH$55","bodyAddress":"$AH$56:$AH$92","_name":"отдача"}},"emcosID":null,"emcosMLID":null,"WSName":"PS","rangeAddress":"$AG$54:$AH$92","headAddress":"$AG$54:$AH$54","bodyAddress":"$AG$55:$AH$92","_name":"Л2513 Шу"},"DB":{"_level":0,"parentID":"dbb5be15-81da-4b0c-ab91-be26fd8b8a47","firstParentID":"dbb5be15-81da-4b0c-ab91-be26fd8b8a47","ID":"38e06a02-45e8-41cb-86a5-697ac4ebd6b4","childs":{"прием":{"_level":1,"parentID":"38e06a02-45e8-41cb-86a5-697ac4ebd6b4","firstParentID":"dbb5be15-81da-4b0c-ab91-be26fd8b8a47","ID":"4f0b817e-bc9a-46f9-97eb-f76205642acc","childs":{"код":{"_level":2,"parentID":"4f0b817e-bc9a-46f9-97eb-f76205642acc","firstParentID":"dbb5be15-81da-4b0c-ab91-be26fd8b8a47","ID":"9d64eac6-5e0c-4949-b6c2-46c99fc39604","childs":null,"emcosID":null,"emcosMLID":null,"WSName":"DB","rangeAddress":"$GW$9:$GW$46","headAddress":"$GW$9","bodyAddress":"$GW$10:$GW$46","_name":"код"},"основное":{"_level":2,"parentID":"4f0b817e-bc9a-46f9-97eb-f76205642acc","firstParentID":"dbb5be15-81da-4b0c-ab91-be26fd8b8a47","ID":"94b50aa8-6cf4-4adf-bff5-15ff1af8f0e4","childs":null,"emcosID":null,"emcosMLID":null,"WSName":"DB","rangeAddress":"$GX$9:$GX$46","headAddress":"$GX$9","bodyAddress":"$GX$10:$GX$46","_name":"основное"},"корректировка факт":{"_level":2,"parentID":"4f0b817e-bc9a-46f9-97eb-f76205642acc","firstParentID":"dbb5be15-81da-4b0c-ab91-be26fd8b8a47","ID":"c757de07-2d43-4496-bac3-acb9bdb58dd2","childs":null,"emcosID":null,"emcosMLID":null,"WSName":"DB","rangeAddress":"$GY$9:$GY$46","headAddress":"$GY$9","bodyAddress":"$GY$10:$GY$46","_name":"корректировка факт"},"ручное":{"_level":2,"parentID":"4f0b817e-bc9a-46f9-97eb-f76205642acc","firstParentID":"dbb5be15-81da-4b0c-ab91-be26fd8b8a47","ID":"a146085e-27cc-4c01-b506-800b2b123423","childs":null,"emcosID":null,"emcosMLID":null,"WSName":"DB","rangeAddress":"$GZ$9:$GZ$46","headAddress":"$GZ$9","bodyAddress":"$GZ$10:$GZ$46","_name":"ручное"},"счетчик":{"_level":2,"parentID":"4f0b817e-bc9a-46f9-97eb-f76205642acc","firstParentID":"dbb5be15-81da-4b0c-ab91-be26fd8b8a47","ID":"7c0a6716-2c75-4e5d-a80b-d5ab0a8742ba","childs":null,"emcosID":null,"emcosMLID":null,"WSName":"DB","rangeAddress":"$HA$9:$HA$46","headAddress":"$HA$9","bodyAddress":"$HA$10:$HA$46","_name":"счетчик"},"по счетчику":{"_level":2,"parentID":"4f0b817e-bc9a-46f9-97eb-f76205642acc","firstParentID":"dbb5be15-81da-4b0c-ab91-be26fd8b8a47","ID":"56924e59-91e1-45f4-aeb9-3e261cd52630","childs":null,"emcosID":null,"emcosMLID":null,"WSName":"DB","rangeAddress":"$HB$9:$HB$46","headAddress":"$HB$9","bodyAddress":"$HB$10:$HB$46","_name":"по счетчику"}},"emcosID":null,"emcosMLID":null,"WSName":"DB","rangeAddress":"$GW$8:$HB$46","headAddress":"$GW$8:$HB$8","bodyAddress":"$GW$9:$HB$46","_name":"прием"},"отдача":{"_level":1,"parentID":"38e06a02-45e8-41cb-86a5-697ac4ebd6b4","firstParentID":"dbb5be15-81da-4b0c-ab91-be26fd8b8a47","ID":"bbf9bdd4-a32a-4250-8bb4-dc47d941f4a5","childs":{"код":{"_level":2,"parentID":"bbf9bdd4-a32a-4250-8bb4-dc47d941f4a5","firstParentID":"dbb5be15-81da-4b0c-ab91-be26fd8b8a47","ID":"e0924bd8-1b53-48e7-ae1a-cf30d348d1cc","childs":null,"emcosID":null,"emcosMLID":null,"WSName":"DB","rangeAddress":"$HC$9:$HC$46","headAddress":"$HC$9","bodyAddress":"$HC$10:$HC$46","_name":"код"},"основное":{"_level":2,"parentID":"bbf9bdd4-a32a-4250-8bb4-dc47d941f4a5","firstParentID":"dbb5be15-81da-4b0c-ab91-be26fd8b8a47","ID":"57c738b5-897c-4e56-8c09-b16e32d4c256","childs":null,"emcosID":null,"emcosMLID":null,"WSName":"DB","rangeAddress":"$HD$9:$HD$46","headAddress":"$HD$9","bodyAddress":"$HD$10:$HD$46","_name":"основное"},"корректировка факт":{"_level":2,"parentID":"bbf9bdd4-a32a-4250-8bb4-dc47d941f4a5","firstParentID":"dbb5be15-81da-4b0c-ab91-be26fd8b8a47","ID":"2f122d71-6df5-4585-8f8c-2ba4276e3f15","childs":null,"emcosID":null,"emcosMLID":null,"WSName":"DB","rangeAddress":"$HE$9:$HE$46","headAddress":"$HE$9","bodyAddress":"$HE$10:$HE$46","_name":"корректировка факт"},"ручное":{"_level":2,"parentID":"bbf9bdd4-a32a-4250-8bb4-dc47d941f4a5","firstParentID":"dbb5be15-81da-4b0c-ab91-be26fd8b8a47","ID":"0093f5df-a928-4d83-9835-eec6a99e9d84","childs":null,"emcosID":null,"emcosMLID":null,"WSName":"DB","rangeAddress":"$HF$9:$HF$46","headAddress":"$HF$9","bodyAddress":"$HF$10:$HF$46","_name":"ручное"},"счетчик":{"_level":2,"parentID":"bbf9bdd4-a32a-4250-8bb4-dc47d941f4a5","firstParentID":"dbb5be15-81da-4b0c-ab91-be26fd8b8a47","ID":"7eeba269-d3c7-4c3c-8c3b-a8766685a4c2","childs":null,"emcosID":null,"emcosMLID":null,"WSName":"DB","rangeAddress":"$HG$9:$HG$46","headAddress":"$HG$9","bodyAddress":"$HG$10:$HG$46","_name":"счетчик"},"по счетчику":{"_level":2,"parentID":"bbf9bdd4-a32a-4250-8bb4-dc47d941f4a5","firstParentID":"dbb5be15-81da-4b0c-ab91-be26fd8b8a47","ID":"c0b0f6d4-39c8-4515-81f8-c064c85a095e","childs":null,"emcosID":null,"emcosMLID":null,"WSName":"DB","rangeAddress":"$HH$9:$HH$46","headAddress":"$HH$9","bodyAddress":"$HH$10:$HH$46","_name":"по счетчику"}},"emcosID":null,"emcosMLID":null,"WSName":"DB","rangeAddress":"$HC$8:$HH$46","headAddress":"$HC$8:$HH$8","bodyAddress":"$HC$9:$HH$46","_name":"отдача"}},"emcosID":null,"emcosMLID":null,"WSName":"DB","rangeAddress":"$GW$7:$HH$46","headAddress":"$GW$7:$HH$7","bodyAddress":"$GW$8:$HH$46","_name":"Л2513 Шу"}},"codPlan":null,"meterCoef":null,"_name":"Л2513 Шу"}