{"ID":"3023d843-ca96-4996-acad-c4031fde4d66","childs":{"PS":{"_level":0,"parentID":"3023d843-ca96-4996-acad-c4031fde4d66","firstParentID":"3023d843-ca96-4996-acad-c4031fde4d66","ID":"a77bb8eb-da5e-4977-b4be-83cbe8e8c048","childs":{"отдача":{"_level":1,"parentID":"a77bb8eb-da5e-4977-b4be-83cbe8e8c048","firstParentID":"3023d843-ca96-4996-acad-c4031fde4d66","ID":"b1a4495c-5149-471a-a6fc-7b07772d2e60","childs":{"по счетчику":{"_level":2,"parentID":"b1a4495c-5149-471a-a6fc-7b07772d2e60","firstParentID":"3023d843-ca96-4996-acad-c4031fde4d66","ID":"80bcbfc6-4f90-4fa8-9723-da7a7645bcde","childs":null,"emcosID":null,"emcosMLID":null,"codMaketTEP":null,"codTEP":null,"WSName":"PS","rangeAddress":"$FG$99:$FG$135","headAddress":"$FG$99","bodyAddress":"$FG$100:$FG$135","_name":"по счетчику"},"СЧЕТЧИК":{"_level":2,"parentID":"b1a4495c-5149-471a-a6fc-7b07772d2e60","firstParentID":"3023d843-ca96-4996-acad-c4031fde4d66","ID":"f2dc09a4-d4db-42ac-86c8-897510857b8a","childs":null,"emcosID":null,"emcosMLID":null,"codMaketTEP":null,"codTEP":null,"WSName":"PS","rangeAddress":"$FH$99:$FH$135","headAddress":"$FH$99","bodyAddress":"$FH$100:$FH$135","_name":"СЧЕТЧИК"}},"emcosID":null,"emcosMLID":null,"codMaketTEP":null,"codTEP":null,"WSName":"PS","rangeAddress":"$FG$98:$FH$135","headAddress":"$FG$98:$FH$98","bodyAddress":"$FG$99:$FH$135","_name":"отдача"}},"emcosID":null,"emcosMLID":null,"codMaketTEP":null,"codTEP":null,"WSName":"PS","rangeAddress":"$FG$97:$FH$135","headAddress":"$FG$97:$FH$97","bodyAddress":"$FG$98:$FH$135","_name":"КЛ59 ПС152 Талдыкорган"},"DB":{"_level":0,"parentID":"3023d843-ca96-4996-acad-c4031fde4d66","firstParentID":"3023d843-ca96-4996-acad-c4031fde4d66","ID":"be7ef5df-087f-43cc-a098-d14ad3940c8d","childs":{"отдача":{"_level":1,"parentID":"be7ef5df-087f-43cc-a098-d14ad3940c8d","firstParentID":"3023d843-ca96-4996-acad-c4031fde4d66","ID":"9be3f219-390d-435b-991a-bf0f8b90b080","childs":{"код":{"_level":2,"parentID":"9be3f219-390d-435b-991a-bf0f8b90b080","firstParentID":"3023d843-ca96-4996-acad-c4031fde4d66","ID":"c73bcf44-a620-4a4b-96a5-2951265aaed5","childs":null,"emcosID":null,"emcosMLID":null,"codMaketTEP":null,"codTEP":null,"WSName":"DB","rangeAddress":"$DS$525:$DS$562","headAddress":"$DS$525","bodyAddress":"$DS$526:$DS$562","_name":"код"},"основное":{"_level":2,"parentID":"9be3f219-390d-435b-991a-bf0f8b90b080","firstParentID":"3023d843-ca96-4996-acad-c4031fde4d66","ID":"11741b3c-18ce-494b-87e9-276586109ea8","childs":null,"emcosID":null,"emcosMLID":null,"codMaketTEP":null,"codTEP":null,"WSName":"DB","rangeAddress":"$DT$525:$DT$562","headAddress":"$DT$525","bodyAddress":"$DT$526:$DT$562","_name":"основное"},"корректировка факт":{"_level":2,"parentID":"9be3f219-390d-435b-991a-bf0f8b90b080","firstParentID":"3023d843-ca96-4996-acad-c4031fde4d66","ID":"2280f7d4-363f-4cb7-8a21-f7ab3700bc5a","childs":null,"emcosID":null,"emcosMLID":null,"codMaketTEP":null,"codTEP":null,"WSName":"DB","rangeAddress":"$DU$525:$DU$562","headAddress":"$DU$525","bodyAddress":"$DU$526:$DU$562","_name":"корректировка факт"},"ручное":{"_level":2,"parentID":"9be3f219-390d-435b-991a-bf0f8b90b080","firstParentID":"3023d843-ca96-4996-acad-c4031fde4d66","ID":"80692ea0-e3f6-40d8-8d2f-455a462d0b32","childs":null,"emcosID":null,"emcosMLID":null,"codMaketTEP":null,"codTEP":null,"WSName":"DB","rangeAddress":"$DV$525:$DV$562","headAddress":"$DV$525","bodyAddress":"$DV$526:$DV$562","_name":"ручное"},"счетчик":{"_level":2,"parentID":"9be3f219-390d-435b-991a-bf0f8b90b080","firstParentID":"3023d843-ca96-4996-acad-c4031fde4d66","ID":"ab4391f7-7092-4c3e-828a-6549ef823b39","childs":null,"emcosID":null,"emcosMLID":null,"codMaketTEP":null,"codTEP":null,"WSName":"DB","rangeAddress":"$DW$525:$DW$562","headAddress":"$DW$525","bodyAddress":"$DW$526:$DW$562","_name":"счетчик"},"по счетчику":{"_level":2,"parentID":"9be3f219-390d-435b-991a-bf0f8b90b080","firstParentID":"3023d843-ca96-4996-acad-c4031fde4d66","ID":"bf07e312-2783-47d3-850e-dcbc0e730220","childs":null,"emcosID":null,"emcosMLID":null,"codMaketTEP":null,"codTEP":null,"WSName":"DB","rangeAddress":"$DX$525:$DX$562","headAddress":"$DX$525","bodyAddress":"$DX$526:$DX$562","_name":"по счетчику"}},"emcosID":null,"emcosMLID":null,"codMaketTEP":null,"codTEP":null,"WSName":"DB","rangeAddress":"$DS$524:$DX$562","headAddress":"$DS$524:$DX$524","bodyAddress":"$DS$525:$DX$562","_name":"отдача"}},"emcosID":null,"emcosMLID":null,"codMaketTEP":null,"codTEP":null,"WSName":"DB","rangeAddress":"$DS$523:$DX$562","headAddress":"$DS$523:$DX$523","bodyAddress":"$DS$524:$DX$562","_name":"КЛ59 ПС152 Талдыкорган"}},"codPlan":null,"meterCoef":"4","_name":"КЛ59 ПС152 Талдыкорган"}