{"ID":"880e3acf-c8a0-4d82-807f-f44d70d0a016","childs":{"PS":{"_level":0,"parentID":"880e3acf-c8a0-4d82-807f-f44d70d0a016","firstParentID":"880e3acf-c8a0-4d82-807f-f44d70d0a016","ID":"5259514e-dff9-4b4a-9740-65db456aba25","childs":{"прием":{"_level":1,"parentID":"5259514e-dff9-4b4a-9740-65db456aba25","firstParentID":"880e3acf-c8a0-4d82-807f-f44d70d0a016","ID":"187dc25f-d203-4a19-a573-a11550f43006","childs":{"по счетчику":{"_level":2,"parentID":"187dc25f-d203-4a19-a573-a11550f43006","firstParentID":"880e3acf-c8a0-4d82-807f-f44d70d0a016","ID":"4f41a79e-b110-4072-ba74-7135002f5e75","childs":null,"emcosID":null,"emcosMLID":null,"WSName":"PS","rangeAddress":"$AT$99:$AT$135","headAddress":"$AT$99","bodyAddress":"$AT$100:$AT$135","_name":"по счетчику"}},"emcosID":null,"emcosMLID":null,"WSName":"PS","rangeAddress":"$AT$98:$AT$135","headAddress":"$AT$98","bodyAddress":"$AT$99:$AT$135","_name":"прием"},"отдача":{"_level":1,"parentID":"5259514e-dff9-4b4a-9740-65db456aba25","firstParentID":"880e3acf-c8a0-4d82-807f-f44d70d0a016","ID":"d6cd83d5-ddcf-4878-9eb9-62d80457e7c0","childs":{"по счетчику":{"_level":2,"parentID":"d6cd83d5-ddcf-4878-9eb9-62d80457e7c0","firstParentID":"880e3acf-c8a0-4d82-807f-f44d70d0a016","ID":"1a7c0f6f-b735-48b2-865d-27e697448ac2","childs":null,"emcosID":null,"emcosMLID":null,"WSName":"PS","rangeAddress":"$AU$99:$AU$135","headAddress":"$AU$99","bodyAddress":"$AU$100:$AU$135","_name":"по счетчику"}},"emcosID":null,"emcosMLID":null,"WSName":"PS","rangeAddress":"$AU$98:$AU$135","headAddress":"$AU$98","bodyAddress":"$AU$99:$AU$135","_name":"отдача"}},"emcosID":null,"emcosMLID":null,"WSName":"PS","rangeAddress":"$AT$97:$AU$135","headAddress":"$AT$97:$AU$97","bodyAddress":"$AT$98:$AU$135","_name":"КЛ50 ПС149 Талдыкорган ЗЩА"},"DB":{"_level":0,"parentID":"880e3acf-c8a0-4d82-807f-f44d70d0a016","firstParentID":"880e3acf-c8a0-4d82-807f-f44d70d0a016","ID":"bf516924-c3ec-4f8a-9175-9d682c7cb858","childs":{"прием":{"_level":1,"parentID":"bf516924-c3ec-4f8a-9175-9d682c7cb858","firstParentID":"880e3acf-c8a0-4d82-807f-f44d70d0a016","ID":"8cb08851-869e-4148-baa1-7f2d15233a23","childs":{"код":{"_level":2,"parentID":"8cb08851-869e-4148-baa1-7f2d15233a23","firstParentID":"880e3acf-c8a0-4d82-807f-f44d70d0a016","ID":"404fd90a-9db4-4a86-9d97-c2407a5e698a","childs":null,"emcosID":null,"emcosMLID":null,"WSName":"DB","rangeAddress":"$BS$267:$BS$304","headAddress":"$BS$267","bodyAddress":"$BS$268:$BS$304","_name":"код"},"основное":{"_level":2,"parentID":"8cb08851-869e-4148-baa1-7f2d15233a23","firstParentID":"880e3acf-c8a0-4d82-807f-f44d70d0a016","ID":"cb275602-dc1c-4d32-bdc9-bacd9dd23183","childs":null,"emcosID":null,"emcosMLID":null,"WSName":"DB","rangeAddress":"$BT$267:$BT$304","headAddress":"$BT$267","bodyAddress":"$BT$268:$BT$304","_name":"основное"},"корректировка факт":{"_level":2,"parentID":"8cb08851-869e-4148-baa1-7f2d15233a23","firstParentID":"880e3acf-c8a0-4d82-807f-f44d70d0a016","ID":"c0ee3160-f380-4f93-a01c-ac6820bfe981","childs":null,"emcosID":null,"emcosMLID":null,"WSName":"DB","rangeAddress":"$BU$267:$BU$304","headAddress":"$BU$267","bodyAddress":"$BU$268:$BU$304","_name":"корректировка факт"},"ручное":{"_level":2,"parentID":"8cb08851-869e-4148-baa1-7f2d15233a23","firstParentID":"880e3acf-c8a0-4d82-807f-f44d70d0a016","ID":"e5cc1883-d283-4f31-9b31-493737de410e","childs":null,"emcosID":null,"emcosMLID":null,"WSName":"DB","rangeAddress":"$BV$267:$BV$304","headAddress":"$BV$267","bodyAddress":"$BV$268:$BV$304","_name":"ручное"},"оперативное":{"_level":2,"parentID":"8cb08851-869e-4148-baa1-7f2d15233a23","firstParentID":"880e3acf-c8a0-4d82-807f-f44d70d0a016","ID":"eeedff3c-ef66-412f-bbb7-0914107fee79","childs":null,"emcosID":null,"emcosMLID":null,"WSName":"DB","rangeAddress":"$BW$267:$BW$304","headAddress":"$BW$267","bodyAddress":"$BW$268:$BW$304","_name":"оперативное"},"счетчик":{"_level":2,"parentID":"8cb08851-869e-4148-baa1-7f2d15233a23","firstParentID":"880e3acf-c8a0-4d82-807f-f44d70d0a016","ID":"9ad15ca6-9f46-4c2e-8792-b9838839284a","childs":null,"emcosID":null,"emcosMLID":null,"WSName":"DB","rangeAddress":"$BX$267:$BX$304","headAddress":"$BX$267","bodyAddress":"$BX$268:$BX$304","_name":"счетчик"},"по счетчику":{"_level":2,"parentID":"8cb08851-869e-4148-baa1-7f2d15233a23","firstParentID":"880e3acf-c8a0-4d82-807f-f44d70d0a016","ID":"94d4017a-558b-45b3-95df-8613ec9078ea","childs":null,"emcosID":null,"emcosMLID":null,"WSName":"DB","rangeAddress":"$BY$267:$BY$304","headAddress":"$BY$267","bodyAddress":"$BY$268:$BY$304","_name":"по счетчику"}},"emcosID":null,"emcosMLID":null,"WSName":"DB","rangeAddress":"$BS$266:$BY$304","headAddress":"$BS$266:$BY$266","bodyAddress":"$BS$267:$BY$304","_name":"прием"},"отдача":{"_level":1,"parentID":"bf516924-c3ec-4f8a-9175-9d682c7cb858","firstParentID":"880e3acf-c8a0-4d82-807f-f44d70d0a016","ID":"c28c939a-cc11-4c40-ba08-18caa0a09c65","childs":{"код":{"_level":2,"parentID":"c28c939a-cc11-4c40-ba08-18caa0a09c65","firstParentID":"880e3acf-c8a0-4d82-807f-f44d70d0a016","ID":"4db10612-ed87-433c-8009-7c6390a815c9","childs":null,"emcosID":null,"emcosMLID":null,"WSName":"DB","rangeAddress":"$BZ$267:$BZ$304","headAddress":"$BZ$267","bodyAddress":"$BZ$268:$BZ$304","_name":"код"},"основное":{"_level":2,"parentID":"c28c939a-cc11-4c40-ba08-18caa0a09c65","firstParentID":"880e3acf-c8a0-4d82-807f-f44d70d0a016","ID":"dd393245-0450-4f11-afb0-eed77c0e48f3","childs":null,"emcosID":null,"emcosMLID":null,"WSName":"DB","rangeAddress":"$CA$267:$CA$304","headAddress":"$CA$267","bodyAddress":"$CA$268:$CA$304","_name":"основное"},"корректировка факт":{"_level":2,"parentID":"c28c939a-cc11-4c40-ba08-18caa0a09c65","firstParentID":"880e3acf-c8a0-4d82-807f-f44d70d0a016","ID":"7b1c9a09-fe81-4418-906f-eada05632e4f","childs":null,"emcosID":null,"emcosMLID":null,"WSName":"DB","rangeAddress":"$CB$267:$CB$304","headAddress":"$CB$267","bodyAddress":"$CB$268:$CB$304","_name":"корректировка факт"},"ручное":{"_level":2,"parentID":"c28c939a-cc11-4c40-ba08-18caa0a09c65","firstParentID":"880e3acf-c8a0-4d82-807f-f44d70d0a016","ID":"7a623034-a680-447e-afca-94437f9990d6","childs":null,"emcosID":null,"emcosMLID":null,"WSName":"DB","rangeAddress":"$CC$267:$CC$304","headAddress":"$CC$267","bodyAddress":"$CC$268:$CC$304","_name":"ручное"},"оперативное":{"_level":2,"parentID":"c28c939a-cc11-4c40-ba08-18caa0a09c65","firstParentID":"880e3acf-c8a0-4d82-807f-f44d70d0a016","ID":"bb9180e6-8c02-40aa-8504-5942b8bd5ed3","childs":null,"emcosID":null,"emcosMLID":null,"WSName":"DB","rangeAddress":"$CD$267:$CD$304","headAddress":"$CD$267","bodyAddress":"$CD$268:$CD$304","_name":"оперативное"},"счетчик":{"_level":2,"parentID":"c28c939a-cc11-4c40-ba08-18caa0a09c65","firstParentID":"880e3acf-c8a0-4d82-807f-f44d70d0a016","ID":"e57b1e71-02c2-478d-b0a8-f50389818932","childs":null,"emcosID":null,"emcosMLID":null,"WSName":"DB","rangeAddress":"$CE$267:$CE$304","headAddress":"$CE$267","bodyAddress":"$CE$268:$CE$304","_name":"счетчик"},"по счетчику":{"_level":2,"parentID":"c28c939a-cc11-4c40-ba08-18caa0a09c65","firstParentID":"880e3acf-c8a0-4d82-807f-f44d70d0a016","ID":"94b7d1de-4b24-4b26-a131-6d7219b57a69","childs":null,"emcosID":null,"emcosMLID":null,"WSName":"DB","rangeAddress":"$CF$267:$CF$304","headAddress":"$CF$267","bodyAddress":"$CF$268:$CF$304","_name":"по счетчику"}},"emcosID":null,"emcosMLID":null,"WSName":"DB","rangeAddress":"$BZ$266:$CF$304","headAddress":"$BZ$266:$CF$266","bodyAddress":"$BZ$267:$CF$304","_name":"отдача"}},"emcosID":null,"emcosMLID":null,"WSName":"DB","rangeAddress":"$BS$265:$CF$304","headAddress":"$BS$265:$CF$265","bodyAddress":"$BS$266:$CF$304","_name":"КЛ50 ПС149 Талдыкорган ЗЩА"}},"codPlan":null,"meterCoef":null,"_name":"КЛ50 ПС149 Талдыкорган ЗЩА"}