{"ID":"27c0c5ae-e90a-4d4a-9862-8b70e9fc41bf","childs":{"PS":{"_level":0,"parentID":"27c0c5ae-e90a-4d4a-9862-8b70e9fc41bf","firstParentID":"27c0c5ae-e90a-4d4a-9862-8b70e9fc41bf","ID":"665848c4-c9da-4e2a-81ce-0158d59e588c","childs":{"прием":{"_level":1,"parentID":"665848c4-c9da-4e2a-81ce-0158d59e588c","firstParentID":"27c0c5ae-e90a-4d4a-9862-8b70e9fc41bf","ID":"75e204b9-45f7-41bd-ab9d-e710cde3fc13","childs":{"формула":{"_level":2,"parentID":"75e204b9-45f7-41bd-ab9d-e710cde3fc13","firstParentID":"27c0c5ae-e90a-4d4a-9862-8b70e9fc41bf","ID":"37899dca-4061-4756-b290-b74b90c75dd3","childs":null,"emcosID":null,"emcosMLID":null,"codMaketTEP":null,"codTEP":null,"WSName":"PS","rangeAddress":"$IB$99:$IB$135","headAddress":"$IB$99","bodyAddress":"$IB$100:$IB$135","_name":"формула"}},"emcosID":null,"emcosMLID":null,"codMaketTEP":null,"codTEP":null,"WSName":"PS","rangeAddress":"$IB$98:$IB$135","headAddress":"$IB$98","bodyAddress":"$IB$99:$IB$135","_name":"прием"},"отдача":{"_level":1,"parentID":"665848c4-c9da-4e2a-81ce-0158d59e588c","firstParentID":"27c0c5ae-e90a-4d4a-9862-8b70e9fc41bf","ID":"c4ef6d82-3cea-43d1-bd71-74802c8b7cb6","childs":{"формула":{"_level":2,"parentID":"c4ef6d82-3cea-43d1-bd71-74802c8b7cb6","firstParentID":"27c0c5ae-e90a-4d4a-9862-8b70e9fc41bf","ID":"30f92295-b716-4573-8b75-b80b112c7ce9","childs":null,"emcosID":null,"emcosMLID":null,"codMaketTEP":null,"codTEP":null,"WSName":"PS","rangeAddress":"$IC$99:$IC$135","headAddress":"$IC$99","bodyAddress":"$IC$100:$IC$135","_name":"формула"}},"emcosID":null,"emcosMLID":null,"codMaketTEP":null,"codTEP":null,"WSName":"PS","rangeAddress":"$IC$98:$IC$135","headAddress":"$IC$98","bodyAddress":"$IC$99:$IC$135","_name":"отдача"},"сальдо":{"_level":1,"parentID":"665848c4-c9da-4e2a-81ce-0158d59e588c","firstParentID":"27c0c5ae-e90a-4d4a-9862-8b70e9fc41bf","ID":"7b75d3b4-bcf1-4e7f-9506-f81a5afd3b41","childs":{"формула":{"_level":2,"parentID":"7b75d3b4-bcf1-4e7f-9506-f81a5afd3b41","firstParentID":"27c0c5ae-e90a-4d4a-9862-8b70e9fc41bf","ID":"940c5c59-7258-4eea-8e96-db588a22cb5a","childs":null,"emcosID":null,"emcosMLID":null,"codMaketTEP":null,"codTEP":null,"WSName":"PS","rangeAddress":"$ID$99:$ID$135","headAddress":"$ID$99","bodyAddress":"$ID$100:$ID$135","_name":"формула"}},"emcosID":null,"emcosMLID":null,"codMaketTEP":1350,"codTEP":null,"WSName":"PS","rangeAddress":"$ID$98:$ID$135","headAddress":"$ID$98","bodyAddress":"$ID$99:$ID$135","_name":"сальдо"}},"emcosID":null,"emcosMLID":null,"codMaketTEP":null,"codTEP":null,"WSName":"PS","rangeAddress":"$IB$97:$ID$135","headAddress":"$IB$97:$ID$97","bodyAddress":"$IB$98:$ID$135","_name":"Л2163 Главная"},"DB":{"_level":0,"parentID":"27c0c5ae-e90a-4d4a-9862-8b70e9fc41bf","firstParentID":"27c0c5ae-e90a-4d4a-9862-8b70e9fc41bf","ID":"054de005-5378-446d-9342-375d97a00270","childs":{"прием":{"_level":1,"parentID":"054de005-5378-446d-9342-375d97a00270","firstParentID":"27c0c5ae-e90a-4d4a-9862-8b70e9fc41bf","ID":"9c9034de-5336-4249-b50e-e62317ba6bf8","childs":{"код":{"_level":2,"parentID":"9c9034de-5336-4249-b50e-e62317ba6bf8","firstParentID":"27c0c5ae-e90a-4d4a-9862-8b70e9fc41bf","ID":"2895289d-7dce-43e6-a489-3b9a75aa22f8","childs":null,"emcosID":null,"emcosMLID":null,"codMaketTEP":null,"codTEP":null,"WSName":"DB","rangeAddress":"$DE$224:$DE$261","headAddress":"$DE$224","bodyAddress":"$DE$225:$DE$261","_name":"код"},"основное":{"_level":2,"parentID":"9c9034de-5336-4249-b50e-e62317ba6bf8","firstParentID":"27c0c5ae-e90a-4d4a-9862-8b70e9fc41bf","ID":"80297e56-1178-4c82-b21e-bb54d58799b0","childs":null,"emcosID":null,"emcosMLID":null,"codMaketTEP":null,"codTEP":null,"WSName":"DB","rangeAddress":"$DF$224:$DF$261","headAddress":"$DF$224","bodyAddress":"$DF$225:$DF$261","_name":"основное"},"корректировка факт":{"_level":2,"parentID":"9c9034de-5336-4249-b50e-e62317ba6bf8","firstParentID":"27c0c5ae-e90a-4d4a-9862-8b70e9fc41bf","ID":"83d067d5-9a1f-42f2-8c0e-e3e77681ec2a","childs":null,"emcosID":null,"emcosMLID":null,"codMaketTEP":null,"codTEP":null,"WSName":"DB","rangeAddress":"$DG$224:$DG$261","headAddress":"$DG$224","bodyAddress":"$DG$225:$DG$261","_name":"корректировка факт"},"ручное":{"_level":2,"parentID":"9c9034de-5336-4249-b50e-e62317ba6bf8","firstParentID":"27c0c5ae-e90a-4d4a-9862-8b70e9fc41bf","ID":"246a1c44-9db9-4957-b818-f9e81d7661d8","childs":null,"emcosID":null,"emcosMLID":null,"codMaketTEP":null,"codTEP":null,"WSName":"DB","rangeAddress":"$DH$224:$DH$261","headAddress":"$DH$224","bodyAddress":"$DH$225:$DH$261","_name":"ручное"},"формула":{"_level":2,"parentID":"9c9034de-5336-4249-b50e-e62317ba6bf8","firstParentID":"27c0c5ae-e90a-4d4a-9862-8b70e9fc41bf","ID":"1301da58-37fc-4e50-95c5-8807ef5720c4","childs":null,"emcosID":null,"emcosMLID":null,"codMaketTEP":null,"codTEP":null,"WSName":"DB","rangeAddress":"$DI$224:$DI$261","headAddress":"$DI$224","bodyAddress":"$DI$225:$DI$261","_name":"формула"}},"emcosID":null,"emcosMLID":null,"codMaketTEP":null,"codTEP":null,"WSName":"DB","rangeAddress":"$DE$223:$DI$261","headAddress":"$DE$223:$DI$223","bodyAddress":"$DE$224:$DI$261","_name":"прием"},"отдача":{"_level":1,"parentID":"054de005-5378-446d-9342-375d97a00270","firstParentID":"27c0c5ae-e90a-4d4a-9862-8b70e9fc41bf","ID":"b1a25314-d4bb-4c5a-9e33-34bdc32a38a4","childs":{"код":{"_level":2,"parentID":"b1a25314-d4bb-4c5a-9e33-34bdc32a38a4","firstParentID":"27c0c5ae-e90a-4d4a-9862-8b70e9fc41bf","ID":"06c97050-3bd8-4b0e-8b89-031969d60214","childs":null,"emcosID":null,"emcosMLID":null,"codMaketTEP":null,"codTEP":null,"WSName":"DB","rangeAddress":"$DJ$224:$DJ$261","headAddress":"$DJ$224","bodyAddress":"$DJ$225:$DJ$261","_name":"код"},"основное":{"_level":2,"parentID":"b1a25314-d4bb-4c5a-9e33-34bdc32a38a4","firstParentID":"27c0c5ae-e90a-4d4a-9862-8b70e9fc41bf","ID":"405e3007-0b9e-45da-b04f-2937609c75f6","childs":null,"emcosID":null,"emcosMLID":null,"codMaketTEP":null,"codTEP":null,"WSName":"DB","rangeAddress":"$DK$224:$DK$261","headAddress":"$DK$224","bodyAddress":"$DK$225:$DK$261","_name":"основное"},"корректировка факт":{"_level":2,"parentID":"b1a25314-d4bb-4c5a-9e33-34bdc32a38a4","firstParentID":"27c0c5ae-e90a-4d4a-9862-8b70e9fc41bf","ID":"85d8dc04-4916-43c7-8d64-e15de2be08dd","childs":null,"emcosID":null,"emcosMLID":null,"codMaketTEP":null,"codTEP":null,"WSName":"DB","rangeAddress":"$DL$224:$DL$261","headAddress":"$DL$224","bodyAddress":"$DL$225:$DL$261","_name":"корректировка факт"},"ручное":{"_level":2,"parentID":"b1a25314-d4bb-4c5a-9e33-34bdc32a38a4","firstParentID":"27c0c5ae-e90a-4d4a-9862-8b70e9fc41bf","ID":"d058afb5-cb77-4802-a431-e409c39b4a29","childs":null,"emcosID":null,"emcosMLID":null,"codMaketTEP":null,"codTEP":null,"WSName":"DB","rangeAddress":"$DM$224:$DM$261","headAddress":"$DM$224","bodyAddress":"$DM$225:$DM$261","_name":"ручное"},"формула":{"_level":2,"parentID":"b1a25314-d4bb-4c5a-9e33-34bdc32a38a4","firstParentID":"27c0c5ae-e90a-4d4a-9862-8b70e9fc41bf","ID":"8657e952-7822-4200-a3f2-2406dfca6e3a","childs":null,"emcosID":null,"emcosMLID":null,"codMaketTEP":null,"codTEP":null,"WSName":"DB","rangeAddress":"$DN$224:$DN$261","headAddress":"$DN$224","bodyAddress":"$DN$225:$DN$261","_name":"формула"}},"emcosID":null,"emcosMLID":null,"codMaketTEP":null,"codTEP":null,"WSName":"DB","rangeAddress":"$DJ$223:$DN$261","headAddress":"$DJ$223:$DN$223","bodyAddress":"$DJ$224:$DN$261","_name":"отдача"},"сальдо":{"_level":1,"parentID":"054de005-5378-446d-9342-375d97a00270","firstParentID":"27c0c5ae-e90a-4d4a-9862-8b70e9fc41bf","ID":"4bb18b62-0f46-40f4-888d-3cf95a54a81b","childs":{"код":{"_level":2,"parentID":"4bb18b62-0f46-40f4-888d-3cf95a54a81b","firstParentID":"27c0c5ae-e90a-4d4a-9862-8b70e9fc41bf","ID":"b97f1d10-e799-4222-b002-594947d073f1","childs":null,"emcosID":null,"emcosMLID":null,"codMaketTEP":null,"codTEP":null,"WSName":"DB","rangeAddress":"$DO$224:$DO$261","headAddress":"$DO$224","bodyAddress":"$DO$225:$DO$261","_name":"код"},"основное":{"_level":2,"parentID":"4bb18b62-0f46-40f4-888d-3cf95a54a81b","firstParentID":"27c0c5ae-e90a-4d4a-9862-8b70e9fc41bf","ID":"0ca9cc47-be68-4083-aaf0-d50038e7624a","childs":null,"emcosID":null,"emcosMLID":null,"codMaketTEP":null,"codTEP":null,"WSName":"DB","rangeAddress":"$DP$224:$DP$261","headAddress":"$DP$224","bodyAddress":"$DP$225:$DP$261","_name":"основное"},"корректировка факт":{"_level":2,"parentID":"4bb18b62-0f46-40f4-888d-3cf95a54a81b","firstParentID":"27c0c5ae-e90a-4d4a-9862-8b70e9fc41bf","ID":"eae7448b-0294-46e9-ac2c-d792cd6db719","childs":null,"emcosID":null,"emcosMLID":null,"codMaketTEP":null,"codTEP":null,"WSName":"DB","rangeAddress":"$DQ$224:$DQ$261","headAddress":"$DQ$224","bodyAddress":"$DQ$225:$DQ$261","_name":"корректировка факт"},"ручное":{"_level":2,"parentID":"4bb18b62-0f46-40f4-888d-3cf95a54a81b","firstParentID":"27c0c5ae-e90a-4d4a-9862-8b70e9fc41bf","ID":"5db60187-7a39-4f93-8505-bfac911310a9","childs":null,"emcosID":null,"emcosMLID":null,"codMaketTEP":null,"codTEP":null,"WSName":"DB","rangeAddress":"$DR$224:$DR$261","headAddress":"$DR$224","bodyAddress":"$DR$225:$DR$261","_name":"ручное"},"формула":{"_level":2,"parentID":"4bb18b62-0f46-40f4-888d-3cf95a54a81b","firstParentID":"27c0c5ae-e90a-4d4a-9862-8b70e9fc41bf","ID":"a88f1ec5-f037-48f7-9622-5d08efa97c86","childs":null,"emcosID":null,"emcosMLID":null,"codMaketTEP":null,"codTEP":null,"WSName":"DB","rangeAddress":"$DS$224:$DS$261","headAddress":"$DS$224","bodyAddress":"$DS$225:$DS$261","_name":"формула"}},"emcosID":null,"emcosMLID":null,"codMaketTEP":null,"codTEP":null,"WSName":"DB","rangeAddress":"$DO$223:$DS$261","headAddress":"$DO$223:$DS$223","bodyAddress":"$DO$224:$DS$261","_name":"сальдо"}},"emcosID":null,"emcosMLID":null,"codMaketTEP":null,"codTEP":null,"WSName":"DB","rangeAddress":"$DE$222:$DS$261","headAddress":"$DE$222:$DS$222","bodyAddress":"$DE$223:$DS$261","_name":"Л2163 Главная"}},"codPlan":null,"meterCoef":null,"_name":"Л2163 Главная"}