[{"text":"КЛ10 ПС152 Талдыкорган отдача","ID":"d2290282-5057-4b4a-9b62-2b47576b58bd","type":0},{"text":"+","ID":null,"type":2},{"text":"КЛ1 ПС152 Талдыкорган отдача","ID":"cdb48f1c-10eb-43ff-97f6-20b8b9561c40","type":0},{"text":"+","ID":null,"type":2},{"text":"КЛ11 ПС152 Талдыкорган отдача","ID":"3f8db6dc-68cc-4647-8314-b6c140ab059d","type":0},{"text":"+","ID":null,"type":2},{"text":"КЛ2 ПС152 Талдыкорган отдача","ID":"11a68b74-8cfb-479e-b590-17392fbb5ccd","type":0},{"text":"+","ID":null,"type":2},{"text":"КЛ36 ПС152 Талдыкорган отдача","ID":"87ef39dd-3cdd-47da-8ce4-87ede206ec13","type":0},{"text":"+","ID":null,"type":2},{"text":"КЛ37 ПС152 Талдыкорган отдача","ID":"9b4a6fbf-dcc0-4403-b788-105ff78e069b","type":0},{"text":"+","ID":null,"type":2},{"text":"КЛ38 ПС152 Талдыкорган отдача","ID":"1fa1ae61-80b9-4a5b-a00e-3fbffd9325eb","type":0},{"text":"+","ID":null,"type":2},{"text":"КЛ39 ПС152 Талдыкорган отдача","ID":"3585031e-8f77-4bf8-ace7-28a584b95712","type":0},{"text":"+","ID":null,"type":2},{"text":"КЛ40 ПС152 Талдыкорган отдача","ID":"86abac36-e2f2-48c3-aecc-37e356b6f7f9","type":0},{"text":"+","ID":null,"type":2},{"text":"КЛ41 ПС152 Талдыкорган отдача","ID":"42e54d3c-505c-41b5-bde3-3c529c0cae25","type":0},{"text":"+","ID":null,"type":2},{"text":"КЛ44 ПС152 Талдыкорган отдача","ID":"c31c09e6-0b5f-41c6-b93b-ea8273bbf32f","type":0},{"text":"+","ID":null,"type":2},{"text":"КЛ45 ПС152 Талдыкорган отдача","ID":"8e519080-219c-4b3f-8d77-2603f8b007e5","type":0},{"text":"+","ID":null,"type":2},{"text":"КЛ46 ПС152 Талдыкорган отдача","ID":"5a3ff9b8-b0e5-418b-82a1-d180e56df650","type":0},{"text":"+","ID":null,"type":2},{"text":"КЛ47 ПС152 Талдыкорган отдача","ID":"56022610-f52e-4d2d-95cc-99f4d8ace9d8","type":0},{"text":"+","ID":null,"type":2},{"text":"КЛ49 ПС152 Талдыкорган отдача","ID":"e5108a5a-db10-442a-bf99-67a396083dd4","type":0},{"text":"+","ID":null,"type":2},{"text":"КЛ50 ПС152 Талдыкорган отдача","ID":"17c0879b-e5b8-4da4-9d9e-4aefca282509","type":0},{"text":"+","ID":null,"type":2},{"text":"КЛ5 ПС152 Талдыкорган отдача","ID":"c594e984-ddc3-4159-9dc8-cac0bef33a3e","type":0},{"text":"+","ID":null,"type":2},{"text":"КЛ57 ПС152 Талдыкорган отдача","ID":"f33e91a0-81bc-4a34-a21d-691ca582b34b","type":0},{"text":"+","ID":null,"type":2},{"text":"КЛ58 ПС152 Талдыкорган отдача","ID":"1859c2ea-3957-4b4f-8544-75138bfc84b0","type":0},{"text":"+","ID":null,"type":2},{"text":"КЛ59 ПС152 Талдыкорган отдача","ID":"11741b3c-18ce-494b-87e9-276586109ea8","type":0},{"text":"+","ID":null,"type":2},{"text":"КЛ6 ПС152 Талдыкорган отдача","ID":"1c8caf10-f896-4253-8738-10efcc01628a","type":0},{"text":"+","ID":null,"type":2},{"text":"КЛ61 ПС152 Талдыкорган отдача","ID":"16f1406e-1be6-4626-bc9c-299055a4aebc","type":0},{"text":"+","ID":null,"type":2},{"text":"КЛ62 ПС152 Талдыкорган отдача","ID":"b132e32d-d9c5-467c-8609-496c20dfc4fe","type":0},{"text":"+","ID":null,"type":2},{"text":"КЛ66 ПС152 Талдыкорган отдача","ID":"b945400e-9076-4a50-a352-721c1869e215","type":0},{"text":"+","ID":null,"type":2},{"text":"КЛ67 ПС152 Талдыкорган отдача","ID":"5f8f0e45-c14e-4326-8a78-95b3f37d601c","type":0},{"text":"+","ID":null,"type":2},{"text":"КЛ79 ПС152 Талдыкорган отдача","ID":"90551543-03fa-4ef2-9bb6-15eed0d8916b","type":0},{"text":"+","ID":null,"type":2},{"text":"КЛ81 ПС152 Талдыкорган отдача","ID":"b89a4007-a08b-400a-851f-005c28b189ab","type":0},{"text":"+","ID":null,"type":2},{"text":"КЛ82 ПС152 Талдыкорган отдача","ID":"4162f441-e159-4f0e-af1d-e90236400470","type":0},{"text":"+","ID":null,"type":2},{"text":"КЛ84 ПС152 Талдыкорган отдача","ID":"aee24772-b529-4e3e-9c4c-bd3b132570ee","type":0},{"text":"+","ID":null,"type":2},{"text":"КЛ85 ПС152 Талдыкорган отдача","ID":"ad674981-58a8-45ad-af2b-faae3e522fbe","type":0},{"text":"+","ID":null,"type":2},{"text":"КЛ86 ПС152 Талдыкорган отдача","ID":"84e10a51-0197-45ff-bbd7-efa38c5c89bd","type":0},{"text":"+","ID":null,"type":2},{"text":"КЛ88 ПС152 Талдыкорган отдача","ID":"834eb6ba-fce1-421d-a7c7-4d165950e079","type":0},{"text":"+","ID":null,"type":2},{"text":"КЛ89 ПС152 Талдыкорган отдача","ID":"07724ce4-a74b-4cfd-bac0-a856e456926e","type":0},{"text":"+","ID":null,"type":2},{"text":"КЛ93 ПС152 Талдыкорган отдача","ID":"e9eb63b6-13da-4b55-8876-2207ddc013e5","type":0},{"text":"+","ID":null,"type":2},{"text":"КЛ97 ПС152 Талдыкорган отдача","ID":"da0ee9fe-2a17-4c60-afad-c73e05a55599","type":0},{"text":"+","ID":null,"type":2},{"text":"Промбаза ПС152 Талдыкорган отдача","ID":"6da23d57-488e-4570-810a-c7319ed6ead3","type":0},{"text":"+","ID":null,"type":2},{"text":"АТ1 110 ПС152 Талдыкорган отдача","ID":"79f4509b-aab1-4627-930a-fcdc0ebfb17c","type":0},{"text":"-","ID":null,"type":2},{"text":"АТ1 110 ПС152 Талдыкорган прием","ID":"f8855992-cf46-4432-be9a-df4d13c1a059","type":0},{"text":"+","ID":null,"type":2},{"text":"АТ2 110 ПС152 Талдыкорган отдача","ID":"bf4f1db2-ed15-495e-98b1-cf1e9e4a5dfe","type":0},{"text":"-","ID":null,"type":2},{"text":"АТ2 110 ПС152 Талдыкорган прием","ID":"a8277ae2-b2b9-49a3-9e12-8c8661af7c9b","type":0}]