[{"text":"Л5143 Фрунзе отдача","ID":"edf78bf5-637f-43fb-af0d-420a98de93c1","type":0,"borderColor":"","borderSize":0},{"text":"-","ID":null,"type":2,"borderColor":"","borderSize":0},{"text":"Л5143 Фрунзе прием","ID":"acfdfe7a-4ad3-4277-bf16-c00d880a3f68","type":0,"borderColor":"","borderSize":0},{"text":"+","ID":null,"type":2,"borderColor":"","borderSize":0},{"text":"Л2193 Алматы прием","ID":"9d12bcef-4aef-4248-b7d2-fc1d4e4fefd5","type":0,"borderColor":"","borderSize":0},{"text":"-","ID":null,"type":2,"borderColor":"","borderSize":0},{"text":"Л2193 Алматы отдача","ID":"d2c87dc7-c2db-4014-8a96-aca591b01566","type":0,"borderColor":"","borderSize":0},{"text":"+","ID":null,"type":2,"borderColor":"","borderSize":0},{"text":"Л2183 Западная 140А прием","ID":"642e4a7a-fae8-4c6e-a0eb-027127c0c48b","type":0,"borderColor":"","borderSize":0},{"text":"-","ID":null,"type":2,"borderColor":"","borderSize":0},{"text":"Л2183 Западная 140А отдача","ID":"29d198c7-e667-41d7-839e-e079b3349f88","type":0,"borderColor":"","borderSize":0},{"text":"+","ID":null,"type":2,"borderColor":"","borderSize":0},{"text":"Л2163 Шу прием","ID":"be3611d7-ec7e-419c-8051-7acda5df9ac9","type":0,"borderColor":"","borderSize":0},{"text":"-","ID":null,"type":2,"borderColor":"","borderSize":0},{"text":"Л2163 Шу отдача","ID":"bea53f4e-4de5-471c-a27b-18bf2087edc5","type":0,"borderColor":"","borderSize":0}]