[{"text":"Л131 Шу отдача","ID":"d78f888f-f0c6-461d-b847-c2d4a93350b8","type":0,"borderColor":"","borderSize":0},{"text":"-","ID":null,"type":2,"borderColor":"","borderSize":0},{"text":"Л131 Шу прием","ID":"5de14197-11eb-43cc-b041-2307f296c5fa","type":0,"borderColor":"","borderSize":0},{"text":"+","ID":null,"type":2,"borderColor":"","borderSize":0},{"text":"Л132 Шу отдача","ID":"f5838d5a-3ceb-48f7-934e-026985742399","type":0,"borderColor":"","borderSize":0},{"text":"-","ID":null,"type":2,"borderColor":"","borderSize":0},{"text":"Л132 Шу прием","ID":"3e395107-6ac8-4680-b11b-e5f8fb1043c2","type":0,"borderColor":"","borderSize":0}]