[{"text":"ТП1 Жидели тяга прием","ID":"1dfb5ebc-01e8-4273-9bef-7aff97b8ab03","type":0,"borderColor":"","borderSize":0},{"text":"+","ID":null,"type":2,"borderColor":"","borderSize":0},{"text":"ТП2 Жидели тяга прием","ID":"40b29aec-017f-487a-933f-5ec77d4b15be","type":0,"borderColor":"","borderSize":0},{"text":"+","ID":null,"type":2,"borderColor":"","borderSize":0},{"text":"ТП3 Жидели тяга прием","ID":"0cfc482c-a31a-4167-a45a-f78229b6fd72","type":0,"borderColor":"","borderSize":0}]