[{"text":"Генерация АлЭС отдача","ID":"d4a22bc2-d8ba-4cf4-8e96-dd5165e5b237","type":0,"borderColor":"","borderSize":0},{"text":"+","ID":null,"type":2,"borderColor":"","borderSize":0},{"text":"Генерация Мойнак ГЭС МГЭС отдача","ID":"b25a8e0d-ce1a-4b2d-82f4-7a047cefdc61","type":0,"borderColor":"","borderSize":0},{"text":"+","ID":null,"type":2,"borderColor":"","borderSize":0},{"text":"Генерация ВИЭ Алматы отдача","ID":"8d297bf2-77a6-4b6f-ba8f-2afa296b7844","type":0,"borderColor":"","borderSize":0},{"text":"+","ID":null,"type":2,"borderColor":"","borderSize":0},{"text":"Генерация Almaty Engineering Талгарская ГЭС отдача","ID":"c6d4ddb2-46af-43d3-a53a-155301132bd5","type":0,"borderColor":"","borderSize":0}]