[{"text":"Т1 10 1В ПС149 Талдыкорган ЗЩА отдача","ID":"44d9af46-b21d-4f7a-a0c7-d278e1d29477","type":0,"borderColor":"","borderSize":0},{"text":"+","ID":null,"type":2,"borderColor":"","borderSize":0},{"text":"Т1 10 2В ПС149 Талдыкорган ЗЩА отдача","ID":"3882c0c9-d987-4cc2-88f5-43849001f8e4","type":0,"borderColor":"","borderSize":0},{"text":"+","ID":null,"type":2,"borderColor":"","borderSize":0},{"text":"Т1 10 3В ПС149 Талдыкорган ЗЩА отдача","ID":"9dcd0ba7-9943-4edf-beb4-b5024c0a1142","type":0,"borderColor":"","borderSize":0},{"text":"+","ID":null,"type":2,"borderColor":"","borderSize":0},{"text":"Т1 10 4В ПС149 Талдыкорган ЗЩА отдача","ID":"b459b218-3775-4e41-92d2-d2d39a5d559d","type":0,"borderColor":"","borderSize":0}]