[{"text":"с.н. станции АлЭС прием","ID":"26eebafa-d4b4-4b31-844c-083e89cdffa2","type":0,"borderColor":"","borderSize":0},{"text":"+","ID":null,"type":2,"borderColor":"","borderSize":0},{"text":"с.н. Мойнак ГЭС МГЭС прием","ID":"64c4019a-3bd2-46b5-b816-574a6bb972b5","type":0,"borderColor":"","borderSize":0},{"text":"+","ID":null,"type":2,"borderColor":"","borderSize":0},{"text":"с.н. M Kat Green СЭС Шу 100 прием","ID":"b96d09db-7580-4e89-a9bd-8deb188573c1","type":0,"borderColor":"","borderSize":0},{"text":"+","ID":null,"type":2,"borderColor":"","borderSize":0},{"text":"с.н. Mistral Energy СЭС Каскелен 50 прием","ID":"2b910c5e-1948-4d9e-854f-f85015be250a","type":0,"borderColor":"","borderSize":0}]