[{"text":"Генерация Текелиский ТЭЦ2 ТТЭЦ2 отдача","ID":"190efce0-706c-41a3-b7b9-34e4d4d82d0a","type":0,"borderColor":"","borderSize":0},{"text":"-","ID":null,"type":2,"borderColor":"","borderSize":0},{"text":"с.н. Текелиский ТЭЦ2 ТТЭЦ2 прием","ID":"742e9cbb-2bde-4df9-af26-749113c7bee7","type":0,"borderColor":"","borderSize":0},{"text":"-","ID":null,"type":2,"borderColor":"","borderSize":0},{"text":"Производственные нужды Текелиский ТЭЦ2 ТТЭЦ2 прием","ID":"73a3ea22-65b9-405e-8b7b-800872246365","type":0,"borderColor":"","borderSize":0}]