[{"text":"ТП1 Узун Агач тяга прием","ID":"187adeb0-a8f1-414c-b10e-407f1f7dd30f","type":0,"borderColor":"","borderSize":0},{"text":"+","ID":null,"type":2,"borderColor":"","borderSize":0},{"text":"ТП2 Узун Агач тяга прием","ID":"d8978bdc-7f2b-4364-b178-8b8181e1b554","type":0,"borderColor":"","borderSize":0},{"text":"+","ID":null,"type":2,"borderColor":"","borderSize":0},{"text":"ТП3 Узун Агач тяга прием","ID":"9614c24b-cdc8-4fde-9d1e-6201b2a531d0","type":0,"borderColor":"","borderSize":0}]