[{"text":"с.н. Текелиский ТЭЦ2 ТТЭЦ2 прием","ID":"742e9cbb-2bde-4df9-af26-749113c7bee7","type":0,"borderColor":"","borderSize":0},{"text":"+","ID":null,"type":2,"borderColor":"","borderSize":0},{"text":"с.н. Каскад Каратальских ГЭС ККГЭС прием","ID":"c83ca8cf-fb8f-42fe-adaa-916b1c5044e4","type":0,"borderColor":"","borderSize":0},{"text":"+","ID":null,"type":2,"borderColor":"","borderSize":0},{"text":"с.н. Аксу ГЭС прием","ID":"1b642288-c7df-4721-9e41-cfdf1c5a616e","type":0,"borderColor":"","borderSize":0},{"text":"+","ID":null,"type":2,"borderColor":"","borderSize":0},{"text":"с.н. Успеновская ГЭС прием","ID":"71a4b8aa-d235-488a-b922-3f81552bc2ef","type":0,"borderColor":"","borderSize":0}]