[{"text":"(","ID":"ef5325f5-693c-4d72-b9c5-9738b2f4f54b","type":1},{"text":"1,1","ID":null,"type":3},{"text":"*","ID":null,"type":2},{"text":"(","ID":"141582db-8183-404a-84e0-14de70263101","type":1},{"text":"Л20А Жилпоселок отдача","ID":"339a3925-eb5c-4597-82d3-92502bf0bd36","type":0},{"text":"+","ID":null,"type":2},{"text":"Л21А Жилпоселок отдача","ID":"dafbdfc6-9583-47d0-8f6f-0a45510ffa19","type":0},{"text":"+","ID":null,"type":2},{"text":"Л61 Водозабор отдача","ID":"5c015ad8-9617-4ffa-b0eb-8624e5b3f796","type":0},{"text":"+","ID":null,"type":2},{"text":"Л62 Водозабор отдача","ID":"82c484f5-315e-4c7c-9cdc-af3b24288d6d","type":0},{"text":")","ID":"141582db-8183-404a-84e0-14de70263101","type":1},{"text":")","ID":"ef5325f5-693c-4d72-b9c5-9738b2f4f54b","type":1},{"text":"+","ID":null,"type":2},{"text":"Л2203 ЮКГРЭС отдача","ID":"4865e2f6-527b-4fa0-b9af-c2339d1bb447","type":0},{"text":"-","ID":null,"type":2},{"text":"Л2203 ЮКГРЭС прием","ID":"240fc160-a6f8-4531-bc0c-de00babb9ed7","type":0},{"text":"+","ID":null,"type":2},{"text":"Л2213 ЮКГРЭС отдача","ID":"e2f88572-92a3-4b4c-8f7f-be39f25f8d73","type":0},{"text":"-","ID":null,"type":2},{"text":"Л2213 ЮКГРЭС прием","ID":"6be1fb03-a39e-4344-b560-18f35907e89a","type":0}]