[{"text":"АТЭЦ1 АлЭС отдача","ID":"82794e45-4d69-4871-a36e-6df669c3f93e","type":0,"borderColor":"","borderSize":0},{"text":"+","ID":null,"type":2,"borderColor":"","borderSize":0},{"text":"АТЭЦ2 АлЭС отдача","ID":"f3b93e60-bdb2-42a1-a32f-d54378c8331f","type":0,"borderColor":"","borderSize":0},{"text":"+","ID":null,"type":2,"borderColor":"","borderSize":0},{"text":"АТЭЦ3 АлЭС отдача","ID":"ac1a4e3f-ad6c-46d0-ae95-7d135e55dc14","type":0,"borderColor":"","borderSize":0},{"text":"+","ID":null,"type":2,"borderColor":"","borderSize":0},{"text":"Капчагайская ГЭС АлЭС отдача","ID":"9f714010-bc82-4d35-8a52-2295b53bef45","type":0,"borderColor":"","borderSize":0},{"text":"+","ID":null,"type":2,"borderColor":"","borderSize":0},{"text":"Каскад ГЭС АлЭС отдача","ID":"5d95f4f8-3736-4b36-a83c-1e4ff98d8e21","type":0,"borderColor":"","borderSize":0}]