[{"text":"АТ1 110 ПС126 Талдыкорган отдача","ID":"718b2f39-c464-40b3-b712-65c42c6ad55f","type":0,"borderColor":"","borderSize":0},{"text":"-","ID":null,"type":2,"borderColor":"","borderSize":0},{"text":"АТ1 110 ПС126 Талдыкорган прием","ID":"2f164d99-6d57-4441-ad50-7dd02f5b082a","type":0,"borderColor":"","borderSize":0},{"text":"+","ID":null,"type":2,"borderColor":"","borderSize":0},{"text":"АТ2 110 ПС126 Талдыкорган отдача","ID":"e4bd8bf0-267a-4423-90a0-eff1bdc2e07c","type":0,"borderColor":"","borderSize":0},{"text":"-","ID":null,"type":2,"borderColor":"","borderSize":0},{"text":"АТ2 110 ПС126 Талдыкорган прием","ID":"7e8228c8-fe3f-4ad8-9a4d-b843594a0823","type":0,"borderColor":"","borderSize":0}]