[{"text":"Потребление Чиганак тяга прием","ID":"67b129cf-2ec7-4ce4-858c-8af69292a47f","type":0,"borderColor":"","borderSize":0},{"text":"+","ID":null,"type":2,"borderColor":"","borderSize":0},{"text":"Потребление Мын Арал тяга прием","ID":"e437ddb2-73cc-4f1f-afc9-7c66e7a86ca0","type":0,"borderColor":"","borderSize":0},{"text":"+","ID":null,"type":2,"borderColor":"","borderSize":0},{"text":"Л67А Пионерная прием","ID":"4cd81924-8ecc-4457-b1d2-106a4bebeaf7","type":0,"borderColor":"","borderSize":0}]