{"ID":"0a58fddb-a18f-452f-b229-5cf6bc24889e","childs":{"PS":{"_level":0,"parentID":"0a58fddb-a18f-452f-b229-5cf6bc24889e","firstParentID":"0a58fddb-a18f-452f-b229-5cf6bc24889e","ID":"d1956713-e63e-4147-a90e-fe5977a1e101","childs":{"прием":{"_level":1,"parentID":"d1956713-e63e-4147-a90e-fe5977a1e101","firstParentID":"0a58fddb-a18f-452f-b229-5cf6bc24889e","ID":"f0d0b52f-ec12-4d56-8dc8-6ac3cc4657ae","childs":{"по счетчику":{"_level":2,"parentID":"f0d0b52f-ec12-4d56-8dc8-6ac3cc4657ae","firstParentID":"0a58fddb-a18f-452f-b229-5cf6bc24889e","ID":"9444417a-1088-4695-8f3e-1bb56c82064b","childs":null,"emcosID":null,"emcosMLID":null,"codMaketTEP":null,"codTEP":null,"WSName":"PS","rangeAddress":"$DK$185:$DK$221","headAddress":"$DK$185","bodyAddress":"$DK$186:$DK$221","_name":"по счетчику"},"СЧЕТЧИК":{"_level":2,"parentID":"f0d0b52f-ec12-4d56-8dc8-6ac3cc4657ae","firstParentID":"0a58fddb-a18f-452f-b229-5cf6bc24889e","ID":"6027f11a-ed92-42bd-80b0-10027b2aef52","childs":null,"emcosID":null,"emcosMLID":null,"codMaketTEP":null,"codTEP":null,"WSName":"PS","rangeAddress":"$DL$185:$DL$221","headAddress":"$DL$185","bodyAddress":"$DL$186:$DL$221","_name":"СЧЕТЧИК"}},"emcosID":null,"emcosMLID":null,"codMaketTEP":null,"codTEP":null,"WSName":"PS","rangeAddress":"$DK$184:$DL$221","headAddress":"$DK$184:$DL$184","bodyAddress":"$DK$185:$DL$221","_name":"прием"},"отдача":{"_level":1,"parentID":"d1956713-e63e-4147-a90e-fe5977a1e101","firstParentID":"0a58fddb-a18f-452f-b229-5cf6bc24889e","ID":"4f9981de-a909-4e40-9740-ea5b289a693e","childs":{"по счетчику":{"_level":2,"parentID":"4f9981de-a909-4e40-9740-ea5b289a693e","firstParentID":"0a58fddb-a18f-452f-b229-5cf6bc24889e","ID":"66b5e393-50b8-4dc8-9629-5920174e9562","childs":null,"emcosID":null,"emcosMLID":null,"codMaketTEP":null,"codTEP":null,"WSName":"PS","rangeAddress":"$DM$185:$DM$221","headAddress":"$DM$185","bodyAddress":"$DM$186:$DM$221","_name":"по счетчику"},"СЧЕТЧИК":{"_level":2,"parentID":"4f9981de-a909-4e40-9740-ea5b289a693e","firstParentID":"0a58fddb-a18f-452f-b229-5cf6bc24889e","ID":"0ac3a88b-1844-4c44-8f2e-859d205d3c8b","childs":null,"emcosID":null,"emcosMLID":null,"codMaketTEP":null,"codTEP":null,"WSName":"PS","rangeAddress":"$DN$185:$DN$221","headAddress":"$DN$185","bodyAddress":"$DN$186:$DN$221","_name":"СЧЕТЧИК"}},"emcosID":null,"emcosMLID":null,"codMaketTEP":null,"codTEP":null,"WSName":"PS","rangeAddress":"$DM$184:$DN$221","headAddress":"$DM$184:$DN$184","bodyAddress":"$DM$185:$DN$221","_name":"отдача"}},"emcosID":null,"emcosMLID":null,"codMaketTEP":null,"codTEP":null,"WSName":"PS","rangeAddress":"$DK$183:$DN$221","headAddress":"$DK$183:$DN$183","bodyAddress":"$DK$184:$DN$221","_name":"Т2 Eneverse Kunkuat СЭС Капшагай 100"},"DB":{"_level":0,"parentID":"0a58fddb-a18f-452f-b229-5cf6bc24889e","firstParentID":"0a58fddb-a18f-452f-b229-5cf6bc24889e","ID":"7fd26a75-deff-4156-be3a-bc27db821aa7","childs":{"прием":{"_level":1,"parentID":"7fd26a75-deff-4156-be3a-bc27db821aa7","firstParentID":"0a58fddb-a18f-452f-b229-5cf6bc24889e","ID":"ab707e1c-c5ce-4912-af8a-05809b744638","childs":{"код":{"_level":2,"parentID":"ab707e1c-c5ce-4912-af8a-05809b744638","firstParentID":"0a58fddb-a18f-452f-b229-5cf6bc24889e","ID":"11467075-6b88-4200-8c8e-993103263d1c","childs":null,"emcosID":null,"emcosMLID":null,"codMaketTEP":null,"codTEP":null,"WSName":"DB","rangeAddress":"$BN$482:$BN$519","headAddress":"$BN$482","bodyAddress":"$BN$483:$BN$519","_name":"код"},"основное":{"_level":2,"parentID":"ab707e1c-c5ce-4912-af8a-05809b744638","firstParentID":"0a58fddb-a18f-452f-b229-5cf6bc24889e","ID":"ee510ed7-b778-4472-b725-686941b5b6e7","childs":null,"emcosID":null,"emcosMLID":null,"codMaketTEP":null,"codTEP":null,"WSName":"DB","rangeAddress":"$BO$482:$BO$519","headAddress":"$BO$482","bodyAddress":"$BO$483:$BO$519","_name":"основное"},"корректировка факт":{"_level":2,"parentID":"ab707e1c-c5ce-4912-af8a-05809b744638","firstParentID":"0a58fddb-a18f-452f-b229-5cf6bc24889e","ID":"5e9bb53e-5767-4efc-88f7-e555670399fd","childs":null,"emcosID":null,"emcosMLID":null,"codMaketTEP":null,"codTEP":null,"WSName":"DB","rangeAddress":"$BP$482:$BP$519","headAddress":"$BP$482","bodyAddress":"$BP$483:$BP$519","_name":"корректировка факт"},"ручное":{"_level":2,"parentID":"ab707e1c-c5ce-4912-af8a-05809b744638","firstParentID":"0a58fddb-a18f-452f-b229-5cf6bc24889e","ID":"ff40a16c-a0e0-46b0-9070-78e051e91132","childs":null,"emcosID":null,"emcosMLID":null,"codMaketTEP":null,"codTEP":null,"WSName":"DB","rangeAddress":"$BQ$482:$BQ$519","headAddress":"$BQ$482","bodyAddress":"$BQ$483:$BQ$519","_name":"ручное"},"счетчик":{"_level":2,"parentID":"ab707e1c-c5ce-4912-af8a-05809b744638","firstParentID":"0a58fddb-a18f-452f-b229-5cf6bc24889e","ID":"9f05cb6f-0d38-4f74-bec2-5e85d434ffb4","childs":null,"emcosID":null,"emcosMLID":null,"codMaketTEP":null,"codTEP":null,"WSName":"DB","rangeAddress":"$BR$482:$BR$519","headAddress":"$BR$482","bodyAddress":"$BR$483:$BR$519","_name":"счетчик"},"по счетчику":{"_level":2,"parentID":"ab707e1c-c5ce-4912-af8a-05809b744638","firstParentID":"0a58fddb-a18f-452f-b229-5cf6bc24889e","ID":"7ae1694b-c600-41d3-a6eb-1314c9d689a9","childs":null,"emcosID":null,"emcosMLID":null,"codMaketTEP":null,"codTEP":null,"WSName":"DB","rangeAddress":"$BS$482:$BS$519","headAddress":"$BS$482","bodyAddress":"$BS$483:$BS$519","_name":"по счетчику"}},"emcosID":null,"emcosMLID":null,"codMaketTEP":null,"codTEP":null,"WSName":"DB","rangeAddress":"$BN$481:$BS$519","headAddress":"$BN$481:$BS$481","bodyAddress":"$BN$482:$BS$519","_name":"прием"},"отдача":{"_level":1,"parentID":"7fd26a75-deff-4156-be3a-bc27db821aa7","firstParentID":"0a58fddb-a18f-452f-b229-5cf6bc24889e","ID":"ebcf08db-da93-495d-ad67-d7bf668a72cb","childs":{"код":{"_level":2,"parentID":"ebcf08db-da93-495d-ad67-d7bf668a72cb","firstParentID":"0a58fddb-a18f-452f-b229-5cf6bc24889e","ID":"0120cbc2-449a-48e5-bd82-f77d0a6e7023","childs":null,"emcosID":null,"emcosMLID":null,"codMaketTEP":null,"codTEP":null,"WSName":"DB","rangeAddress":"$BT$482:$BT$519","headAddress":"$BT$482","bodyAddress":"$BT$483:$BT$519","_name":"код"},"основное":{"_level":2,"parentID":"ebcf08db-da93-495d-ad67-d7bf668a72cb","firstParentID":"0a58fddb-a18f-452f-b229-5cf6bc24889e","ID":"54a08c72-fa6b-4e2e-bb3a-9166ed830d83","childs":null,"emcosID":null,"emcosMLID":null,"codMaketTEP":null,"codTEP":null,"WSName":"DB","rangeAddress":"$BU$482:$BU$519","headAddress":"$BU$482","bodyAddress":"$BU$483:$BU$519","_name":"основное"},"корректировка факт":{"_level":2,"parentID":"ebcf08db-da93-495d-ad67-d7bf668a72cb","firstParentID":"0a58fddb-a18f-452f-b229-5cf6bc24889e","ID":"da0c7516-4a07-4cfe-a374-7d50d869065b","childs":null,"emcosID":null,"emcosMLID":null,"codMaketTEP":null,"codTEP":null,"WSName":"DB","rangeAddress":"$BV$482:$BV$519","headAddress":"$BV$482","bodyAddress":"$BV$483:$BV$519","_name":"корректировка факт"},"ручное":{"_level":2,"parentID":"ebcf08db-da93-495d-ad67-d7bf668a72cb","firstParentID":"0a58fddb-a18f-452f-b229-5cf6bc24889e","ID":"055f8007-958e-4ec6-bcbd-aef9cc5bb083","childs":null,"emcosID":null,"emcosMLID":null,"codMaketTEP":null,"codTEP":null,"WSName":"DB","rangeAddress":"$BW$482:$BW$519","headAddress":"$BW$482","bodyAddress":"$BW$483:$BW$519","_name":"ручное"},"счетчик":{"_level":2,"parentID":"ebcf08db-da93-495d-ad67-d7bf668a72cb","firstParentID":"0a58fddb-a18f-452f-b229-5cf6bc24889e","ID":"19e1fe04-47c8-4377-aba2-3656ca2afcfc","childs":null,"emcosID":null,"emcosMLID":null,"codMaketTEP":null,"codTEP":null,"WSName":"DB","rangeAddress":"$BX$482:$BX$519","headAddress":"$BX$482","bodyAddress":"$BX$483:$BX$519","_name":"счетчик"},"по счетчику":{"_level":2,"parentID":"ebcf08db-da93-495d-ad67-d7bf668a72cb","firstParentID":"0a58fddb-a18f-452f-b229-5cf6bc24889e","ID":"ef0491d2-9290-40b6-a059-97bc9c5fd151","childs":null,"emcosID":null,"emcosMLID":null,"codMaketTEP":null,"codTEP":null,"WSName":"DB","rangeAddress":"$BY$482:$BY$519","headAddress":"$BY$482","bodyAddress":"$BY$483:$BY$519","_name":"по счетчику"}},"emcosID":null,"emcosMLID":null,"codMaketTEP":null,"codTEP":null,"WSName":"DB","rangeAddress":"$BT$481:$BY$519","headAddress":"$BT$481:$BY$481","bodyAddress":"$BT$482:$BY$519","_name":"отдача"}},"emcosID":null,"emcosMLID":null,"codMaketTEP":null,"codTEP":null,"WSName":"DB","rangeAddress":"$BN$480:$BY$519","headAddress":"$BN$480:$BY$480","bodyAddress":"$BN$481:$BY$519","_name":"Т2 Eneverse Kunkuat СЭС Капшагай 100"}},"codPlan":null,"meterCoef":"264","_name":"Т2 Eneverse Kunkuat СЭС Капшагай 100"}