{"ID":"27d829bc-224d-449a-9f1b-333037aa2c52","childs":{"PS":{"_level":0,"parentID":"27d829bc-224d-449a-9f1b-333037aa2c52","firstParentID":"27d829bc-224d-449a-9f1b-333037aa2c52","ID":"dc9e301e-aca6-4b5b-9b2a-5eb48921964c","childs":{"отдача":{"_level":1,"parentID":"dc9e301e-aca6-4b5b-9b2a-5eb48921964c","firstParentID":"27d829bc-224d-449a-9f1b-333037aa2c52","ID":"e7910b53-c540-4142-8e88-a22831603519","childs":{"по счетчику":{"_level":2,"parentID":"e7910b53-c540-4142-8e88-a22831603519","firstParentID":"27d829bc-224d-449a-9f1b-333037aa2c52","ID":"a9903d3d-5ff3-467d-9d73-2466a9141799","childs":null,"emcosID":null,"emcosMLID":null,"codMaketTEP":null,"codTEP":null,"WSName":"PS","rangeAddress":"$CB$99:$CB$135","headAddress":"$CB$99","bodyAddress":"$CB$100:$CB$135","_name":"по счетчику"},"СЧЕТЧИК":{"_level":2,"parentID":"e7910b53-c540-4142-8e88-a22831603519","firstParentID":"27d829bc-224d-449a-9f1b-333037aa2c52","ID":"89ac0fbe-16e5-4726-b392-1c3b3eb789b4","childs":null,"emcosID":null,"emcosMLID":null,"codMaketTEP":null,"codTEP":null,"WSName":"PS","rangeAddress":"$CC$99:$CC$135","headAddress":"$CC$99","bodyAddress":"$CC$100:$CC$135","_name":"СЧЕТЧИК"}},"emcosID":null,"emcosMLID":null,"codMaketTEP":null,"codTEP":null,"WSName":"PS","rangeAddress":"$CB$98:$CC$135","headAddress":"$CB$98:$CC$98","bodyAddress":"$CB$99:$CC$135","_name":"отдача"}},"emcosID":null,"emcosMLID":null,"codMaketTEP":null,"codTEP":null,"WSName":"PS","rangeAddress":"$CB$97:$CC$135","headAddress":"$CB$97:$CC$97","bodyAddress":"$CB$98:$CC$135","_name":"Т1 10 3В ПС149 Талдыкорган ЗЩА"},"DB":{"_level":0,"parentID":"27d829bc-224d-449a-9f1b-333037aa2c52","firstParentID":"27d829bc-224d-449a-9f1b-333037aa2c52","ID":"9885d7f4-bab7-4d20-b002-984b6942f4ec","childs":{"отдача":{"_level":1,"parentID":"9885d7f4-bab7-4d20-b002-984b6942f4ec","firstParentID":"27d829bc-224d-449a-9f1b-333037aa2c52","ID":"b23fc4c9-7eea-4076-af33-896479070d81","childs":{"код":{"_level":2,"parentID":"b23fc4c9-7eea-4076-af33-896479070d81","firstParentID":"27d829bc-224d-449a-9f1b-333037aa2c52","ID":"31f7d9b6-6152-47d2-a2bc-56dfd3d34d5a","childs":null,"emcosID":null,"emcosMLID":null,"codMaketTEP":null,"codTEP":null,"WSName":"DB","rangeAddress":"$AC$525:$AC$562","headAddress":"$AC$525","bodyAddress":"$AC$526:$AC$562","_name":"код"},"основное":{"_level":2,"parentID":"b23fc4c9-7eea-4076-af33-896479070d81","firstParentID":"27d829bc-224d-449a-9f1b-333037aa2c52","ID":"9dcd0ba7-9943-4edf-beb4-b5024c0a1142","childs":null,"emcosID":null,"emcosMLID":null,"codMaketTEP":null,"codTEP":null,"WSName":"DB","rangeAddress":"$AD$525:$AD$562","headAddress":"$AD$525","bodyAddress":"$AD$526:$AD$562","_name":"основное"},"корректировка факт":{"_level":2,"parentID":"b23fc4c9-7eea-4076-af33-896479070d81","firstParentID":"27d829bc-224d-449a-9f1b-333037aa2c52","ID":"dd891aed-e48a-42de-ab88-dd83fccbf357","childs":null,"emcosID":null,"emcosMLID":null,"codMaketTEP":null,"codTEP":null,"WSName":"DB","rangeAddress":"$AE$525:$AE$562","headAddress":"$AE$525","bodyAddress":"$AE$526:$AE$562","_name":"корректировка факт"},"ручное":{"_level":2,"parentID":"b23fc4c9-7eea-4076-af33-896479070d81","firstParentID":"27d829bc-224d-449a-9f1b-333037aa2c52","ID":"8d2f9c46-a3eb-43a5-a839-4d1936fac8b3","childs":null,"emcosID":null,"emcosMLID":null,"codMaketTEP":null,"codTEP":null,"WSName":"DB","rangeAddress":"$AF$525:$AF$562","headAddress":"$AF$525","bodyAddress":"$AF$526:$AF$562","_name":"ручное"},"счетчик":{"_level":2,"parentID":"b23fc4c9-7eea-4076-af33-896479070d81","firstParentID":"27d829bc-224d-449a-9f1b-333037aa2c52","ID":"59e59b70-d7e7-434e-9998-a31e3521a281","childs":null,"emcosID":null,"emcosMLID":null,"codMaketTEP":null,"codTEP":null,"WSName":"DB","rangeAddress":"$AG$525:$AG$562","headAddress":"$AG$525","bodyAddress":"$AG$526:$AG$562","_name":"счетчик"},"по счетчику":{"_level":2,"parentID":"b23fc4c9-7eea-4076-af33-896479070d81","firstParentID":"27d829bc-224d-449a-9f1b-333037aa2c52","ID":"dcd1a964-9db7-462e-a1f6-583f301e12fe","childs":null,"emcosID":null,"emcosMLID":null,"codMaketTEP":null,"codTEP":null,"WSName":"DB","rangeAddress":"$AH$525:$AH$562","headAddress":"$AH$525","bodyAddress":"$AH$526:$AH$562","_name":"по счетчику"}},"emcosID":null,"emcosMLID":null,"codMaketTEP":null,"codTEP":null,"WSName":"DB","rangeAddress":"$AC$524:$AH$562","headAddress":"$AC$524:$AH$524","bodyAddress":"$AC$525:$AH$562","_name":"отдача"}},"emcosID":null,"emcosMLID":null,"codMaketTEP":null,"codTEP":null,"WSName":"DB","rangeAddress":"$AC$523:$AH$562","headAddress":"$AC$523:$AH$523","bodyAddress":"$AC$524:$AH$562","_name":"Т1 10 3В ПС149 Талдыкорган ЗЩА"}},"codPlan":null,"meterCoef":"60","_name":"Т1 10 3В ПС149 Талдыкорган ЗЩА"}