{"ID":"69da5a65-61dc-414b-ba33-cc84a747b67a","childs":{"PS":{"_level":0,"parentID":"69da5a65-61dc-414b-ba33-cc84a747b67a","firstParentID":"69da5a65-61dc-414b-ba33-cc84a747b67a","ID":"91b53f2a-4987-42e8-9080-346f00923aa7","childs":{"отдача":{"_level":1,"parentID":"91b53f2a-4987-42e8-9080-346f00923aa7","firstParentID":"69da5a65-61dc-414b-ba33-cc84a747b67a","ID":"b5d35e8b-44e6-410f-88ed-d4f0681f5077","childs":{"оперативное":{"_level":2,"parentID":"b5d35e8b-44e6-410f-88ed-d4f0681f5077","firstParentID":"69da5a65-61dc-414b-ba33-cc84a747b67a","ID":"7ca27bb7-661e-4aad-8f12-e4248ffb7496","childs":null,"emcosID":null,"emcosMLID":null,"codMaketTEP":null,"codTEP":null,"WSName":"PS","rangeAddress":"$EC$185:$EC$221","headAddress":"$EC$185","bodyAddress":"$EC$186:$EC$221","_name":"оперативное"}},"emcosID":null,"emcosMLID":null,"codMaketTEP":null,"codTEP":null,"WSName":"PS","rangeAddress":"$EC$184:$EC$221","headAddress":"$EC$184","bodyAddress":"$EC$185:$EC$221","_name":"отдача"}},"emcosID":null,"emcosMLID":null,"codMaketTEP":null,"codTEP":null,"WSName":"PS","rangeAddress":"$EC$183:$EC$221","headAddress":"$EC$183","bodyAddress":"$EC$184:$EC$221","_name":"Генерация Техно Базальт"},"DB":{"_level":0,"parentID":"69da5a65-61dc-414b-ba33-cc84a747b67a","firstParentID":"69da5a65-61dc-414b-ba33-cc84a747b67a","ID":"14916d25-1c71-4b16-923c-1e317f008714","childs":{"отдача":{"_level":1,"parentID":"14916d25-1c71-4b16-923c-1e317f008714","firstParentID":"69da5a65-61dc-414b-ba33-cc84a747b67a","ID":"ba63ce87-efe9-4bbe-93b7-ac445d05008b","childs":{"код":{"_level":2,"parentID":"ba63ce87-efe9-4bbe-93b7-ac445d05008b","firstParentID":"69da5a65-61dc-414b-ba33-cc84a747b67a","ID":"d0546e95-e9ca-460c-a192-e7be0a78c5d9","childs":null,"emcosID":null,"emcosMLID":null,"codMaketTEP":null,"codTEP":null,"WSName":"DB","rangeAddress":"$DZ$181:$DZ$218","headAddress":"$DZ$181","bodyAddress":"$DZ$182:$DZ$218","_name":"код"},"основное":{"_level":2,"parentID":"ba63ce87-efe9-4bbe-93b7-ac445d05008b","firstParentID":"69da5a65-61dc-414b-ba33-cc84a747b67a","ID":"4575e9e4-647a-4b7d-b9b3-461ecde9898d","childs":null,"emcosID":null,"emcosMLID":null,"codMaketTEP":null,"codTEP":null,"WSName":"DB","rangeAddress":"$EA$181:$EA$218","headAddress":"$EA$181","bodyAddress":"$EA$182:$EA$218","_name":"основное"},"корректировка факт":{"_level":2,"parentID":"ba63ce87-efe9-4bbe-93b7-ac445d05008b","firstParentID":"69da5a65-61dc-414b-ba33-cc84a747b67a","ID":"1a7b97bc-71a5-4b8f-8f62-16aa9e1b749c","childs":null,"emcosID":null,"emcosMLID":null,"codMaketTEP":null,"codTEP":null,"WSName":"DB","rangeAddress":"$EB$181:$EB$218","headAddress":"$EB$181","bodyAddress":"$EB$182:$EB$218","_name":"корректировка факт"},"ручное":{"_level":2,"parentID":"ba63ce87-efe9-4bbe-93b7-ac445d05008b","firstParentID":"69da5a65-61dc-414b-ba33-cc84a747b67a","ID":"1c23f358-b5af-4c4b-93ff-7dd7e3f9c2b1","childs":null,"emcosID":null,"emcosMLID":null,"codMaketTEP":null,"codTEP":null,"WSName":"DB","rangeAddress":"$EC$181:$EC$218","headAddress":"$EC$181","bodyAddress":"$EC$182:$EC$218","_name":"ручное"},"оперативное":{"_level":2,"parentID":"ba63ce87-efe9-4bbe-93b7-ac445d05008b","firstParentID":"69da5a65-61dc-414b-ba33-cc84a747b67a","ID":"0ffd3b69-1cee-45c5-b63b-c982d3a3a5dd","childs":null,"emcosID":null,"emcosMLID":null,"codMaketTEP":null,"codTEP":null,"WSName":"DB","rangeAddress":"$ED$181:$ED$218","headAddress":"$ED$181","bodyAddress":"$ED$182:$ED$218","_name":"оперативное"}},"emcosID":null,"emcosMLID":null,"codMaketTEP":null,"codTEP":null,"WSName":"DB","rangeAddress":"$DZ$180:$ED$218","headAddress":"$DZ$180:$ED$180","bodyAddress":"$DZ$181:$ED$218","_name":"отдача"}},"emcosID":null,"emcosMLID":null,"codMaketTEP":null,"codTEP":null,"WSName":"DB","rangeAddress":"$DZ$179:$ED$218","headAddress":"$DZ$179:$ED$179","bodyAddress":"$DZ$180:$ED$218","_name":"Генерация Техно Базальт"}},"codPlan":null,"meterCoef":null,"_name":"Генерация Техно Базальт"}