{"ID":"6ce1ca5f-878c-4fe7-a148-31581f4c780b","childs":{"PS":{"_level":0,"parentID":"6ce1ca5f-878c-4fe7-a148-31581f4c780b","firstParentID":"6ce1ca5f-878c-4fe7-a148-31581f4c780b","ID":"d972e23b-959a-477f-b93e-8cee36121d92","childs":{"отдача":{"_level":1,"parentID":"d972e23b-959a-477f-b93e-8cee36121d92","firstParentID":"6ce1ca5f-878c-4fe7-a148-31581f4c780b","ID":"c34adeb7-7982-4b92-9f36-b600613d1854","childs":{"оперативное":{"_level":2,"parentID":"c34adeb7-7982-4b92-9f36-b600613d1854","firstParentID":"6ce1ca5f-878c-4fe7-a148-31581f4c780b","ID":"86241004-2661-4815-87a2-a7da9ec9b701","childs":null,"emcosID":null,"emcosMLID":null,"codMaketTEP":null,"codTEP":null,"WSName":"PS","rangeAddress":"$DB$228:$DB$264","headAddress":"$DB$228","bodyAddress":"$DB$229:$DB$264","_name":"оперативное"}},"emcosID":null,"emcosMLID":null,"codMaketTEP":null,"codTEP":null,"WSName":"PS","rangeAddress":"$DB$227:$DB$264","headAddress":"$DB$227","bodyAddress":"$DB$228:$DB$264","_name":"отдача"}},"emcosID":null,"emcosMLID":null,"codMaketTEP":null,"codTEP":null,"WSName":"PS","rangeAddress":"$DB$226:$DB$264","headAddress":"$DB$226","bodyAddress":"$DB$227:$DB$264","_name":"Генерация Eco Watt AKA"},"DB":{"_level":0,"parentID":"6ce1ca5f-878c-4fe7-a148-31581f4c780b","firstParentID":"6ce1ca5f-878c-4fe7-a148-31581f4c780b","ID":"3913c508-e2a7-41e3-b9bd-6c7e06dabb4a","childs":{"отдача":{"_level":1,"parentID":"3913c508-e2a7-41e3-b9bd-6c7e06dabb4a","firstParentID":"6ce1ca5f-878c-4fe7-a148-31581f4c780b","ID":"2741f718-912f-46db-bc62-df26968d2fca","childs":{"код":{"_level":2,"parentID":"2741f718-912f-46db-bc62-df26968d2fca","firstParentID":"6ce1ca5f-878c-4fe7-a148-31581f4c780b","ID":"137bf60e-640b-458e-b468-461813d9c6d2","childs":null,"emcosID":null,"emcosMLID":null,"codMaketTEP":null,"codTEP":null,"WSName":"DB","rangeAddress":"$BA$568:$BA$605","headAddress":"$BA$568","bodyAddress":"$BA$569:$BA$605","_name":"код"},"основное":{"_level":2,"parentID":"2741f718-912f-46db-bc62-df26968d2fca","firstParentID":"6ce1ca5f-878c-4fe7-a148-31581f4c780b","ID":"9a336881-1d28-4a65-9d5e-f67d6b20988a","childs":null,"emcosID":null,"emcosMLID":null,"codMaketTEP":null,"codTEP":null,"WSName":"DB","rangeAddress":"$BB$568:$BB$605","headAddress":"$BB$568","bodyAddress":"$BB$569:$BB$605","_name":"основное"},"корректировка факт":{"_level":2,"parentID":"2741f718-912f-46db-bc62-df26968d2fca","firstParentID":"6ce1ca5f-878c-4fe7-a148-31581f4c780b","ID":"fe5ee7b4-515c-4cd7-8516-f7e527d1edff","childs":null,"emcosID":null,"emcosMLID":null,"codMaketTEP":null,"codTEP":null,"WSName":"DB","rangeAddress":"$BC$568:$BC$605","headAddress":"$BC$568","bodyAddress":"$BC$569:$BC$605","_name":"корректировка факт"},"ручное":{"_level":2,"parentID":"2741f718-912f-46db-bc62-df26968d2fca","firstParentID":"6ce1ca5f-878c-4fe7-a148-31581f4c780b","ID":"74bab064-7cb2-4381-b444-2b2502fbd663","childs":null,"emcosID":null,"emcosMLID":null,"codMaketTEP":null,"codTEP":null,"WSName":"DB","rangeAddress":"$BD$568:$BD$605","headAddress":"$BD$568","bodyAddress":"$BD$569:$BD$605","_name":"ручное"},"оперативное":{"_level":2,"parentID":"2741f718-912f-46db-bc62-df26968d2fca","firstParentID":"6ce1ca5f-878c-4fe7-a148-31581f4c780b","ID":"7d7d0fbc-4d96-4650-abb9-14bcd19568ba","childs":null,"emcosID":null,"emcosMLID":null,"codMaketTEP":null,"codTEP":null,"WSName":"DB","rangeAddress":"$BE$568:$BE$605","headAddress":"$BE$568","bodyAddress":"$BE$569:$BE$605","_name":"оперативное"}},"emcosID":null,"emcosMLID":null,"codMaketTEP":null,"codTEP":null,"WSName":"DB","rangeAddress":"$BA$567:$BE$605","headAddress":"$BA$567:$BE$567","bodyAddress":"$BA$568:$BE$605","_name":"отдача"}},"emcosID":null,"emcosMLID":null,"codMaketTEP":null,"codTEP":null,"WSName":"DB","rangeAddress":"$BA$566:$BE$605","headAddress":"$BA$566:$BE$566","bodyAddress":"$BA$567:$BE$605","_name":"Генерация Eco Watt AKA"}},"codPlan":null,"meterCoef":null,"_name":"Генерация Eco Watt AKA"}