{"ID":"9915139b-021e-4909-84a2-d09e4ad58b39","childs":{"PS":{"_level":0,"parentID":"9915139b-021e-4909-84a2-d09e4ad58b39","firstParentID":"9915139b-021e-4909-84a2-d09e4ad58b39","ID":"2d1d2fa7-0605-4166-b44d-ac6cb12a68bd","childs":{"прием":{"_level":1,"parentID":"2d1d2fa7-0605-4166-b44d-ac6cb12a68bd","firstParentID":"9915139b-021e-4909-84a2-d09e4ad58b39","ID":"ec3513fc-722f-453a-9c1e-e19851e07a99","childs":{"оперативное":{"_level":2,"parentID":"ec3513fc-722f-453a-9c1e-e19851e07a99","firstParentID":"9915139b-021e-4909-84a2-d09e4ad58b39","ID":"20a0953c-a0c6-46be-bb50-42f58a3e4422","childs":null,"emcosID":null,"emcosMLID":null,"codMaketTEP":null,"codTEP":null,"WSName":"PS","rangeAddress":"$CP$185:$CP$221","headAddress":"$CP$185","bodyAddress":"$CP$186:$CP$221","_name":"оперативное"}},"emcosID":null,"emcosMLID":null,"codMaketTEP":1321,"codTEP":null,"WSName":"PS","rangeAddress":"$CP$184:$CP$221","headAddress":"$CP$184","bodyAddress":"$CP$185:$CP$221","_name":"прием"}},"emcosID":null,"emcosMLID":null,"codMaketTEP":null,"codTEP":null,"WSName":"PS","rangeAddress":"$CP$183:$CP$221","headAddress":"$CP$183","bodyAddress":"$CP$184:$CP$221","_name":"с.н. Каскад ГЭС АлЭС"},"DB":{"_level":0,"parentID":"9915139b-021e-4909-84a2-d09e4ad58b39","firstParentID":"9915139b-021e-4909-84a2-d09e4ad58b39","ID":"4a908f75-e96e-49c6-b405-3aca9515ba29","childs":{"прием":{"_level":1,"parentID":"4a908f75-e96e-49c6-b405-3aca9515ba29","firstParentID":"9915139b-021e-4909-84a2-d09e4ad58b39","ID":"e2b4c7a4-e268-4091-ac7e-2216612890b0","childs":{"код":{"_level":2,"parentID":"e2b4c7a4-e268-4091-ac7e-2216612890b0","firstParentID":"9915139b-021e-4909-84a2-d09e4ad58b39","ID":"c672e1ca-0eb1-4b37-baba-bdf7ebf81e9a","childs":null,"emcosID":null,"emcosMLID":null,"codMaketTEP":null,"codTEP":null,"WSName":"DB","rangeAddress":"$DG$482:$DG$519","headAddress":"$DG$482","bodyAddress":"$DG$483:$DG$519","_name":"код"},"основное":{"_level":2,"parentID":"e2b4c7a4-e268-4091-ac7e-2216612890b0","firstParentID":"9915139b-021e-4909-84a2-d09e4ad58b39","ID":"1061fcb8-2c11-4fb8-89fd-ca7209b6038c","childs":null,"emcosID":null,"emcosMLID":null,"codMaketTEP":null,"codTEP":null,"WSName":"DB","rangeAddress":"$DH$482:$DH$519","headAddress":"$DH$482","bodyAddress":"$DH$483:$DH$519","_name":"основное"},"корректировка факт":{"_level":2,"parentID":"e2b4c7a4-e268-4091-ac7e-2216612890b0","firstParentID":"9915139b-021e-4909-84a2-d09e4ad58b39","ID":"447990d3-7e0d-49ff-b62f-825ec134c414","childs":null,"emcosID":null,"emcosMLID":null,"codMaketTEP":null,"codTEP":null,"WSName":"DB","rangeAddress":"$DI$482:$DI$519","headAddress":"$DI$482","bodyAddress":"$DI$483:$DI$519","_name":"корректировка факт"},"ручное":{"_level":2,"parentID":"e2b4c7a4-e268-4091-ac7e-2216612890b0","firstParentID":"9915139b-021e-4909-84a2-d09e4ad58b39","ID":"62a6b2d4-34e0-4e8c-b188-bfafc1e445a0","childs":null,"emcosID":null,"emcosMLID":null,"codMaketTEP":null,"codTEP":null,"WSName":"DB","rangeAddress":"$DJ$482:$DJ$519","headAddress":"$DJ$482","bodyAddress":"$DJ$483:$DJ$519","_name":"ручное"},"оперативное":{"_level":2,"parentID":"e2b4c7a4-e268-4091-ac7e-2216612890b0","firstParentID":"9915139b-021e-4909-84a2-d09e4ad58b39","ID":"8aa87eed-a29a-4e80-a65c-42755d8b1259","childs":null,"emcosID":null,"emcosMLID":null,"codMaketTEP":null,"codTEP":null,"WSName":"DB","rangeAddress":"$DK$482:$DK$519","headAddress":"$DK$482","bodyAddress":"$DK$483:$DK$519","_name":"оперативное"}},"emcosID":null,"emcosMLID":null,"codMaketTEP":null,"codTEP":null,"WSName":"DB","rangeAddress":"$DG$481:$DK$519","headAddress":"$DG$481:$DK$481","bodyAddress":"$DG$482:$DK$519","_name":"прием"}},"emcosID":null,"emcosMLID":null,"codMaketTEP":null,"codTEP":null,"WSName":"DB","rangeAddress":"$DG$480:$DK$519","headAddress":"$DG$480:$DK$480","bodyAddress":"$DG$481:$DK$519","_name":"с.н. Каскад ГЭС АлЭС"}},"codPlan":null,"meterCoef":null,"_name":"с.н. Каскад ГЭС АлЭС"}