{"ID":"a7f9f165-0e9b-46cd-a643-8dc05a69ec26","childs":{"PS":{"_level":0,"parentID":"a7f9f165-0e9b-46cd-a643-8dc05a69ec26","firstParentID":"a7f9f165-0e9b-46cd-a643-8dc05a69ec26","ID":"8c02dfa1-f185-4615-b372-1518a39ff9a8","childs":{"прием":{"_level":1,"parentID":"8c02dfa1-f185-4615-b372-1518a39ff9a8","firstParentID":"a7f9f165-0e9b-46cd-a643-8dc05a69ec26","ID":"05dd22c9-0210-4f99-a19e-11ede1185140","childs":{"оперативное":{"_level":2,"parentID":"05dd22c9-0210-4f99-a19e-11ede1185140","firstParentID":"a7f9f165-0e9b-46cd-a643-8dc05a69ec26","ID":"bbb3110b-0f40-4dd8-819a-7090967a7d23","childs":null,"emcosID":null,"emcosMLID":null,"codMaketTEP":null,"codTEP":null,"WSName":"PS","rangeAddress":"$JA$99:$JA$135","headAddress":"$JA$99","bodyAddress":"$JA$100:$JA$135","_name":"оперативное"}},"emcosID":null,"emcosMLID":null,"codMaketTEP":null,"codTEP":null,"WSName":"PS","rangeAddress":"$JA$98:$JA$135","headAddress":"$JA$98","bodyAddress":"$JA$99:$JA$135","_name":"прием"},"отдача":{"_level":1,"parentID":"8c02dfa1-f185-4615-b372-1518a39ff9a8","firstParentID":"a7f9f165-0e9b-46cd-a643-8dc05a69ec26","ID":"13ab8b0b-0461-493a-b7c9-f42d8003a4aa","childs":{"оперативное":{"_level":2,"parentID":"13ab8b0b-0461-493a-b7c9-f42d8003a4aa","firstParentID":"a7f9f165-0e9b-46cd-a643-8dc05a69ec26","ID":"b57b9d69-c5f6-402c-8037-99dfaa54c36b","childs":null,"emcosID":null,"emcosMLID":null,"codMaketTEP":null,"codTEP":null,"WSName":"PS","rangeAddress":"$JB$99:$JB$135","headAddress":"$JB$99","bodyAddress":"$JB$100:$JB$135","_name":"оперативное"}},"emcosID":null,"emcosMLID":null,"codMaketTEP":null,"codTEP":null,"WSName":"PS","rangeAddress":"$JB$98:$JB$135","headAddress":"$JB$98","bodyAddress":"$JB$99:$JB$135","_name":"отдача"}},"emcosID":null,"emcosMLID":null,"codMaketTEP":null,"codTEP":null,"WSName":"PS","rangeAddress":"$JA$97:$JB$135","headAddress":"$JA$97:$JB$97","bodyAddress":"$JA$98:$JB$135","_name":"АТ1 Капчагайская 62А"},"DB":{"_level":0,"parentID":"a7f9f165-0e9b-46cd-a643-8dc05a69ec26","firstParentID":"a7f9f165-0e9b-46cd-a643-8dc05a69ec26","ID":"2359551d-6dea-475d-8841-bb3627d2af6a","childs":{"прием":{"_level":1,"parentID":"2359551d-6dea-475d-8841-bb3627d2af6a","firstParentID":"a7f9f165-0e9b-46cd-a643-8dc05a69ec26","ID":"4c949a85-5a74-4148-993a-76366a326b39","childs":{"код":{"_level":2,"parentID":"4c949a85-5a74-4148-993a-76366a326b39","firstParentID":"a7f9f165-0e9b-46cd-a643-8dc05a69ec26","ID":"b2d13da6-59cf-432d-996b-f170ac1b7b5e","childs":null,"emcosID":null,"emcosMLID":null,"codMaketTEP":null,"codTEP":null,"WSName":"DB","rangeAddress":"$AU$310:$AU$347","headAddress":"$AU$310","bodyAddress":"$AU$311:$AU$347","_name":"код"},"основное":{"_level":2,"parentID":"4c949a85-5a74-4148-993a-76366a326b39","firstParentID":"a7f9f165-0e9b-46cd-a643-8dc05a69ec26","ID":"9ea2a66a-3968-40e7-9fc5-c1c39e0fe680","childs":null,"emcosID":null,"emcosMLID":null,"codMaketTEP":null,"codTEP":null,"WSName":"DB","rangeAddress":"$AV$310:$AV$347","headAddress":"$AV$310","bodyAddress":"$AV$311:$AV$347","_name":"основное"},"корректировка факт":{"_level":2,"parentID":"4c949a85-5a74-4148-993a-76366a326b39","firstParentID":"a7f9f165-0e9b-46cd-a643-8dc05a69ec26","ID":"94d48212-1f9c-4cc0-835b-3d117a5c82f8","childs":null,"emcosID":null,"emcosMLID":null,"codMaketTEP":null,"codTEP":null,"WSName":"DB","rangeAddress":"$AW$310:$AW$347","headAddress":"$AW$310","bodyAddress":"$AW$311:$AW$347","_name":"корректировка факт"},"ручное":{"_level":2,"parentID":"4c949a85-5a74-4148-993a-76366a326b39","firstParentID":"a7f9f165-0e9b-46cd-a643-8dc05a69ec26","ID":"7b8d8108-2002-4705-8a99-1d3b1fd3f8bf","childs":null,"emcosID":null,"emcosMLID":null,"codMaketTEP":null,"codTEP":null,"WSName":"DB","rangeAddress":"$AX$310:$AX$347","headAddress":"$AX$310","bodyAddress":"$AX$311:$AX$347","_name":"ручное"},"оперативное":{"_level":2,"parentID":"4c949a85-5a74-4148-993a-76366a326b39","firstParentID":"a7f9f165-0e9b-46cd-a643-8dc05a69ec26","ID":"f3d99312-56d1-4e83-9651-c57124765f03","childs":null,"emcosID":null,"emcosMLID":null,"codMaketTEP":null,"codTEP":null,"WSName":"DB","rangeAddress":"$AY$310:$AY$347","headAddress":"$AY$310","bodyAddress":"$AY$311:$AY$347","_name":"оперативное"}},"emcosID":null,"emcosMLID":null,"codMaketTEP":null,"codTEP":null,"WSName":"DB","rangeAddress":"$AU$309:$AY$347","headAddress":"$AU$309:$AY$309","bodyAddress":"$AU$310:$AY$347","_name":"прием"},"отдача":{"_level":1,"parentID":"2359551d-6dea-475d-8841-bb3627d2af6a","firstParentID":"a7f9f165-0e9b-46cd-a643-8dc05a69ec26","ID":"77a35bee-7568-4ef0-9ab9-a1ef6ba653e9","childs":{"код":{"_level":2,"parentID":"77a35bee-7568-4ef0-9ab9-a1ef6ba653e9","firstParentID":"a7f9f165-0e9b-46cd-a643-8dc05a69ec26","ID":"9dbd4ddd-a0b6-4439-adc3-f36b0d981f33","childs":null,"emcosID":null,"emcosMLID":null,"codMaketTEP":null,"codTEP":null,"WSName":"DB","rangeAddress":"$AZ$310:$AZ$347","headAddress":"$AZ$310","bodyAddress":"$AZ$311:$AZ$347","_name":"код"},"основное":{"_level":2,"parentID":"77a35bee-7568-4ef0-9ab9-a1ef6ba653e9","firstParentID":"a7f9f165-0e9b-46cd-a643-8dc05a69ec26","ID":"c35bbf84-b0a1-4d11-9927-24d9cd7cbb3d","childs":null,"emcosID":null,"emcosMLID":null,"codMaketTEP":null,"codTEP":null,"WSName":"DB","rangeAddress":"$BA$310:$BA$347","headAddress":"$BA$310","bodyAddress":"$BA$311:$BA$347","_name":"основное"},"корректировка факт":{"_level":2,"parentID":"77a35bee-7568-4ef0-9ab9-a1ef6ba653e9","firstParentID":"a7f9f165-0e9b-46cd-a643-8dc05a69ec26","ID":"a36075c9-d342-4f4c-a16f-35cae6cacc38","childs":null,"emcosID":null,"emcosMLID":null,"codMaketTEP":null,"codTEP":null,"WSName":"DB","rangeAddress":"$BB$310:$BB$347","headAddress":"$BB$310","bodyAddress":"$BB$311:$BB$347","_name":"корректировка факт"},"ручное":{"_level":2,"parentID":"77a35bee-7568-4ef0-9ab9-a1ef6ba653e9","firstParentID":"a7f9f165-0e9b-46cd-a643-8dc05a69ec26","ID":"63147524-8782-45ab-b685-7d514392a1f5","childs":null,"emcosID":null,"emcosMLID":null,"codMaketTEP":null,"codTEP":null,"WSName":"DB","rangeAddress":"$BC$310:$BC$347","headAddress":"$BC$310","bodyAddress":"$BC$311:$BC$347","_name":"ручное"},"оперативное":{"_level":2,"parentID":"77a35bee-7568-4ef0-9ab9-a1ef6ba653e9","firstParentID":"a7f9f165-0e9b-46cd-a643-8dc05a69ec26","ID":"1f90f4af-f31e-409a-964a-15f6d4f7a204","childs":null,"emcosID":null,"emcosMLID":null,"codMaketTEP":null,"codTEP":null,"WSName":"DB","rangeAddress":"$BD$310:$BD$347","headAddress":"$BD$310","bodyAddress":"$BD$311:$BD$347","_name":"оперативное"}},"emcosID":null,"emcosMLID":null,"codMaketTEP":null,"codTEP":null,"WSName":"DB","rangeAddress":"$AZ$309:$BD$347","headAddress":"$AZ$309:$BD$309","bodyAddress":"$AZ$310:$BD$347","_name":"отдача"}},"emcosID":null,"emcosMLID":null,"codMaketTEP":null,"codTEP":null,"WSName":"DB","rangeAddress":"$AU$308:$BD$347","headAddress":"$AU$308:$BD$308","bodyAddress":"$AU$309:$BD$347","_name":"АТ1 Капчагайская 62А"}},"codPlan":null,"meterCoef":null,"_name":"АТ1 Капчагайская 62А"}