{"ID":"b9fac28e-920b-4d4b-8d3b-35c6bd8cea8d","childs":{"PS":{"_level":0,"parentID":"b9fac28e-920b-4d4b-8d3b-35c6bd8cea8d","firstParentID":"b9fac28e-920b-4d4b-8d3b-35c6bd8cea8d","ID":"0ebe1ac2-1266-4818-b854-732671bd0fa8","childs":{"прием":{"_level":1,"parentID":"0ebe1ac2-1266-4818-b854-732671bd0fa8","firstParentID":"b9fac28e-920b-4d4b-8d3b-35c6bd8cea8d","ID":"2b4b224a-f77f-48c0-b8e6-c9dbd1bc83cb","childs":{"ручное":{"_level":2,"parentID":"2b4b224a-f77f-48c0-b8e6-c9dbd1bc83cb","firstParentID":"b9fac28e-920b-4d4b-8d3b-35c6bd8cea8d","ID":"9b08e5d0-1334-4fab-a6d7-f342e62e8fc1","childs":null,"emcosID":null,"emcosMLID":null,"codMaketTEP":null,"codTEP":null,"WSName":"PS","rangeAddress":"$X$142:$X$178","headAddress":"$X$142","bodyAddress":"$X$143:$X$178","_name":"ручное"}},"emcosID":null,"emcosMLID":null,"codMaketTEP":null,"codTEP":null,"WSName":"PS","rangeAddress":"$X$141:$X$178","headAddress":"$X$141","bodyAddress":"$X$142:$X$178","_name":"прием"},"отдача":{"_level":1,"parentID":"0ebe1ac2-1266-4818-b854-732671bd0fa8","firstParentID":"b9fac28e-920b-4d4b-8d3b-35c6bd8cea8d","ID":"6f634fc5-be37-4045-a5ab-f4c2fcdf8697","childs":{"ручное":{"_level":2,"parentID":"6f634fc5-be37-4045-a5ab-f4c2fcdf8697","firstParentID":"b9fac28e-920b-4d4b-8d3b-35c6bd8cea8d","ID":"7a8e2480-f36a-48c8-ac59-0c4b375f31ae","childs":null,"emcosID":null,"emcosMLID":null,"codMaketTEP":null,"codTEP":null,"WSName":"PS","rangeAddress":"$Y$142:$Y$178","headAddress":"$Y$142","bodyAddress":"$Y$143:$Y$178","_name":"ручное"}},"emcosID":null,"emcosMLID":null,"codMaketTEP":null,"codTEP":null,"WSName":"PS","rangeAddress":"$Y$141:$Y$178","headAddress":"$Y$141","bodyAddress":"$Y$142:$Y$178","_name":"отдача"}},"emcosID":null,"emcosMLID":null,"codMaketTEP":null,"codTEP":null,"WSName":"PS","rangeAddress":"$X$140:$Y$178","headAddress":"$X$140:$Y$140","bodyAddress":"$X$141:$Y$178","_name":"Л11 РУ ТТЭЦ2"},"DB":{"_level":0,"parentID":"b9fac28e-920b-4d4b-8d3b-35c6bd8cea8d","firstParentID":"b9fac28e-920b-4d4b-8d3b-35c6bd8cea8d","ID":"dd10401c-49c9-4f14-a196-ee4244ca3de1","childs":{"прием":{"_level":1,"parentID":"dd10401c-49c9-4f14-a196-ee4244ca3de1","firstParentID":"b9fac28e-920b-4d4b-8d3b-35c6bd8cea8d","ID":"1ce691e2-4a2a-4f7c-8e8c-82e268a95ea9","childs":{"код":{"_level":2,"parentID":"1ce691e2-4a2a-4f7c-8e8c-82e268a95ea9","firstParentID":"b9fac28e-920b-4d4b-8d3b-35c6bd8cea8d","ID":"58ca3b4d-eac7-4f49-8c6f-21b697e42239","childs":null,"emcosID":null,"emcosMLID":null,"codMaketTEP":null,"codTEP":null,"WSName":"DB","rangeAddress":"$CZ$310:$CZ$347","headAddress":"$CZ$310","bodyAddress":"$CZ$311:$CZ$347","_name":"код"},"основное":{"_level":2,"parentID":"1ce691e2-4a2a-4f7c-8e8c-82e268a95ea9","firstParentID":"b9fac28e-920b-4d4b-8d3b-35c6bd8cea8d","ID":"84e426ac-25b8-4665-9ffe-956faa975f0d","childs":null,"emcosID":null,"emcosMLID":null,"codMaketTEP":null,"codTEP":null,"WSName":"DB","rangeAddress":"$DA$310:$DA$347","headAddress":"$DA$310","bodyAddress":"$DA$311:$DA$347","_name":"основное"},"корректировка факт":{"_level":2,"parentID":"1ce691e2-4a2a-4f7c-8e8c-82e268a95ea9","firstParentID":"b9fac28e-920b-4d4b-8d3b-35c6bd8cea8d","ID":"ffe3954f-1c50-4585-911e-d1a09f34a5e7","childs":null,"emcosID":null,"emcosMLID":null,"codMaketTEP":null,"codTEP":null,"WSName":"DB","rangeAddress":"$DB$310:$DB$347","headAddress":"$DB$310","bodyAddress":"$DB$311:$DB$347","_name":"корректировка факт"},"ручное":{"_level":2,"parentID":"1ce691e2-4a2a-4f7c-8e8c-82e268a95ea9","firstParentID":"b9fac28e-920b-4d4b-8d3b-35c6bd8cea8d","ID":"f9a39484-5e98-4d0f-abbc-4f824bb60ee4","childs":null,"emcosID":null,"emcosMLID":null,"codMaketTEP":null,"codTEP":null,"WSName":"DB","rangeAddress":"$DC$310:$DC$347","headAddress":"$DC$310","bodyAddress":"$DC$311:$DC$347","_name":"ручное"}},"emcosID":null,"emcosMLID":null,"codMaketTEP":null,"codTEP":null,"WSName":"DB","rangeAddress":"$CZ$309:$DC$347","headAddress":"$CZ$309:$DC$309","bodyAddress":"$CZ$310:$DC$347","_name":"прием"},"отдача":{"_level":1,"parentID":"dd10401c-49c9-4f14-a196-ee4244ca3de1","firstParentID":"b9fac28e-920b-4d4b-8d3b-35c6bd8cea8d","ID":"1dad35a3-0ff2-4269-a1fa-ca531303be90","childs":{"код":{"_level":2,"parentID":"1dad35a3-0ff2-4269-a1fa-ca531303be90","firstParentID":"b9fac28e-920b-4d4b-8d3b-35c6bd8cea8d","ID":"e80eb3f3-0da6-4224-8dc9-08cb6418d5b4","childs":null,"emcosID":null,"emcosMLID":null,"codMaketTEP":null,"codTEP":null,"WSName":"DB","rangeAddress":"$DD$310:$DD$347","headAddress":"$DD$310","bodyAddress":"$DD$311:$DD$347","_name":"код"},"основное":{"_level":2,"parentID":"1dad35a3-0ff2-4269-a1fa-ca531303be90","firstParentID":"b9fac28e-920b-4d4b-8d3b-35c6bd8cea8d","ID":"2ed9fc94-0935-4b66-9842-8caae68a8b0b","childs":null,"emcosID":null,"emcosMLID":null,"codMaketTEP":null,"codTEP":null,"WSName":"DB","rangeAddress":"$DE$310:$DE$347","headAddress":"$DE$310","bodyAddress":"$DE$311:$DE$347","_name":"основное"},"корректировка факт":{"_level":2,"parentID":"1dad35a3-0ff2-4269-a1fa-ca531303be90","firstParentID":"b9fac28e-920b-4d4b-8d3b-35c6bd8cea8d","ID":"8cac594b-6aaf-403e-a5ca-8325322e8159","childs":null,"emcosID":null,"emcosMLID":null,"codMaketTEP":null,"codTEP":null,"WSName":"DB","rangeAddress":"$DF$310:$DF$347","headAddress":"$DF$310","bodyAddress":"$DF$311:$DF$347","_name":"корректировка факт"},"ручное":{"_level":2,"parentID":"1dad35a3-0ff2-4269-a1fa-ca531303be90","firstParentID":"b9fac28e-920b-4d4b-8d3b-35c6bd8cea8d","ID":"d1f14ad7-90c3-4559-8c1e-20226b08195f","childs":null,"emcosID":null,"emcosMLID":null,"codMaketTEP":null,"codTEP":null,"WSName":"DB","rangeAddress":"$DG$310:$DG$347","headAddress":"$DG$310","bodyAddress":"$DG$311:$DG$347","_name":"ручное"}},"emcosID":null,"emcosMLID":null,"codMaketTEP":null,"codTEP":null,"WSName":"DB","rangeAddress":"$DD$309:$DG$347","headAddress":"$DD$309:$DG$309","bodyAddress":"$DD$310:$DG$347","_name":"отдача"}},"emcosID":null,"emcosMLID":null,"codMaketTEP":null,"codTEP":null,"WSName":"DB","rangeAddress":"$CZ$308:$DG$347","headAddress":"$CZ$308:$DG$308","bodyAddress":"$CZ$309:$DG$347","_name":"Л11 РУ ТТЭЦ2"}},"codPlan":null,"meterCoef":null,"_name":"Л11 РУ ТТЭЦ2"}