{"ID":"e34a02bd-c148-4a17-b485-6d2d45ad5f37","childs":{"PS":{"_level":0,"parentID":"e34a02bd-c148-4a17-b485-6d2d45ad5f37","firstParentID":"e34a02bd-c148-4a17-b485-6d2d45ad5f37","ID":"e6c532eb-bdf0-42e4-974c-cf459a7d2288","childs":{"прием":{"_level":1,"parentID":"e6c532eb-bdf0-42e4-974c-cf459a7d2288","firstParentID":"e34a02bd-c148-4a17-b485-6d2d45ad5f37","ID":"0390d0c4-bec2-451c-b8ec-26d3858687e3","childs":{"ручное":{"_level":2,"parentID":"0390d0c4-bec2-451c-b8ec-26d3858687e3","firstParentID":"e34a02bd-c148-4a17-b485-6d2d45ad5f37","ID":"cd06e3d2-f0c6-4637-8239-2c99616de027","childs":null,"emcosID":null,"emcosMLID":null,"codMaketTEP":null,"codTEP":null,"WSName":"PS","rangeAddress":"$AB$142:$AB$178","headAddress":"$AB$142","bodyAddress":"$AB$143:$AB$178","_name":"ручное"}},"emcosID":null,"emcosMLID":null,"codMaketTEP":null,"codTEP":null,"WSName":"PS","rangeAddress":"$AB$141:$AB$178","headAddress":"$AB$141","bodyAddress":"$AB$142:$AB$178","_name":"прием"}},"emcosID":null,"emcosMLID":null,"codMaketTEP":null,"codTEP":null,"WSName":"PS","rangeAddress":"$AB$140:$AB$178","headAddress":"$AB$140","bodyAddress":"$AB$141:$AB$178","_name":"Л133А Шу 110 Тяга"},"DB":{"_level":0,"parentID":"e34a02bd-c148-4a17-b485-6d2d45ad5f37","firstParentID":"e34a02bd-c148-4a17-b485-6d2d45ad5f37","ID":"07e18d30-0bca-4504-99f1-80c52a354131","childs":{"прием":{"_level":1,"parentID":"07e18d30-0bca-4504-99f1-80c52a354131","firstParentID":"e34a02bd-c148-4a17-b485-6d2d45ad5f37","ID":"b352d3a8-69ae-42d8-9514-dccc9712b202","childs":{"код":{"_level":2,"parentID":"b352d3a8-69ae-42d8-9514-dccc9712b202","firstParentID":"e34a02bd-c148-4a17-b485-6d2d45ad5f37","ID":"b0f60b55-83d1-4b52-a577-a4cfb6884b4e","childs":null,"emcosID":null,"emcosMLID":null,"codMaketTEP":null,"codTEP":null,"WSName":"DB","rangeAddress":"$DA$224:$DA$261","headAddress":"$DA$224","bodyAddress":"$DA$225:$DA$261","_name":"код"},"основное":{"_level":2,"parentID":"b352d3a8-69ae-42d8-9514-dccc9712b202","firstParentID":"e34a02bd-c148-4a17-b485-6d2d45ad5f37","ID":"fe4a100e-0176-47ae-919c-cb94573e8160","childs":null,"emcosID":null,"emcosMLID":null,"codMaketTEP":null,"codTEP":null,"WSName":"DB","rangeAddress":"$DB$224:$DB$261","headAddress":"$DB$224","bodyAddress":"$DB$225:$DB$261","_name":"основное"},"корректировка факт":{"_level":2,"parentID":"b352d3a8-69ae-42d8-9514-dccc9712b202","firstParentID":"e34a02bd-c148-4a17-b485-6d2d45ad5f37","ID":"742aa24f-7fd7-43d2-a1e4-3ba5ce84d573","childs":null,"emcosID":null,"emcosMLID":null,"codMaketTEP":null,"codTEP":null,"WSName":"DB","rangeAddress":"$DC$224:$DC$261","headAddress":"$DC$224","bodyAddress":"$DC$225:$DC$261","_name":"корректировка факт"},"ручное":{"_level":2,"parentID":"b352d3a8-69ae-42d8-9514-dccc9712b202","firstParentID":"e34a02bd-c148-4a17-b485-6d2d45ad5f37","ID":"098d58cb-b47f-4749-bda3-212824a4af2c","childs":null,"emcosID":null,"emcosMLID":null,"codMaketTEP":null,"codTEP":null,"WSName":"DB","rangeAddress":"$DD$224:$DD$261","headAddress":"$DD$224","bodyAddress":"$DD$225:$DD$261","_name":"ручное"}},"emcosID":null,"emcosMLID":null,"codMaketTEP":null,"codTEP":null,"WSName":"DB","rangeAddress":"$DA$223:$DD$261","headAddress":"$DA$223:$DD$223","bodyAddress":"$DA$224:$DD$261","_name":"прием"}},"emcosID":null,"emcosMLID":null,"codMaketTEP":null,"codTEP":null,"WSName":"DB","rangeAddress":"$DA$222:$DD$261","headAddress":"$DA$222:$DD$222","bodyAddress":"$DA$223:$DD$261","_name":"Л133А Шу 110 Тяга"}},"codPlan":null,"meterCoef":null,"_name":"Л133А Шу 110 Тяга"}