{"ID":"28216df1-cfc4-49a3-ac6d-1529c5447d6b","childs":{"PS":{"_level":0,"parentID":"28216df1-cfc4-49a3-ac6d-1529c5447d6b","firstParentID":"28216df1-cfc4-49a3-ac6d-1529c5447d6b","ID":"9711be04-f17d-4690-8661-1e62269ec842","childs":{"отдача":{"_level":1,"parentID":"9711be04-f17d-4690-8661-1e62269ec842","firstParentID":"28216df1-cfc4-49a3-ac6d-1529c5447d6b","ID":"319f9e10-8041-4a61-8862-c63ce23b85a9","childs":{"оперативное":{"_level":2,"parentID":"319f9e10-8041-4a61-8862-c63ce23b85a9","firstParentID":"28216df1-cfc4-49a3-ac6d-1529c5447d6b","ID":"34954929-4181-4db8-972a-3578a2e8afa7","childs":null,"emcosID":null,"emcosMLID":null,"WSName":"PS","rangeAddress":"$AI$185:$AI$221","headAddress":"$AI$185","bodyAddress":"$AI$186:$AI$221","_name":"оперативное"}},"emcosID":null,"emcosMLID":null,"WSName":"PS","rangeAddress":"$AI$184:$AI$221","headAddress":"$AI$184","bodyAddress":"$AI$185:$AI$221","_name":"отдача"}},"emcosID":null,"emcosMLID":null,"WSName":"PS","rangeAddress":"$AI$183:$AI$221","headAddress":"$AI$183","bodyAddress":"$AI$184:$AI$221","_name":"Генерация Сарыбулак 2"},"DB":{"_level":0,"parentID":"28216df1-cfc4-49a3-ac6d-1529c5447d6b","firstParentID":"28216df1-cfc4-49a3-ac6d-1529c5447d6b","ID":"5041c521-7e27-43a7-9f38-047672858ea3","childs":{"отдача":{"_level":1,"parentID":"5041c521-7e27-43a7-9f38-047672858ea3","firstParentID":"28216df1-cfc4-49a3-ac6d-1529c5447d6b","ID":"59747aa5-ecf6-41f9-b545-3dea1205ea89","childs":{"код":{"_level":2,"parentID":"59747aa5-ecf6-41f9-b545-3dea1205ea89","firstParentID":"28216df1-cfc4-49a3-ac6d-1529c5447d6b","ID":"9789b836-9e6b-4614-8e87-db3822786eab","childs":null,"emcosID":null,"emcosMLID":null,"WSName":"DB","rangeAddress":"$EO$181:$EO$218","headAddress":"$EO$181","bodyAddress":"$EO$182:$EO$218","_name":"код"},"основное":{"_level":2,"parentID":"59747aa5-ecf6-41f9-b545-3dea1205ea89","firstParentID":"28216df1-cfc4-49a3-ac6d-1529c5447d6b","ID":"ededcd4a-d9e2-49d5-b0e3-2648b785198a","childs":null,"emcosID":null,"emcosMLID":null,"WSName":"DB","rangeAddress":"$EP$181:$EP$218","headAddress":"$EP$181","bodyAddress":"$EP$182:$EP$218","_name":"основное"},"корректировка факт":{"_level":2,"parentID":"59747aa5-ecf6-41f9-b545-3dea1205ea89","firstParentID":"28216df1-cfc4-49a3-ac6d-1529c5447d6b","ID":"bb31ed9d-f25d-4f3a-b666-773bca6fe265","childs":null,"emcosID":null,"emcosMLID":null,"WSName":"DB","rangeAddress":"$EQ$181:$EQ$218","headAddress":"$EQ$181","bodyAddress":"$EQ$182:$EQ$218","_name":"корректировка факт"},"ручное":{"_level":2,"parentID":"59747aa5-ecf6-41f9-b545-3dea1205ea89","firstParentID":"28216df1-cfc4-49a3-ac6d-1529c5447d6b","ID":"906fa0a6-3d85-40b2-8693-a286122ce389","childs":null,"emcosID":null,"emcosMLID":null,"WSName":"DB","rangeAddress":"$ER$181:$ER$218","headAddress":"$ER$181","bodyAddress":"$ER$182:$ER$218","_name":"ручное"},"оперативное":{"_level":2,"parentID":"59747aa5-ecf6-41f9-b545-3dea1205ea89","firstParentID":"28216df1-cfc4-49a3-ac6d-1529c5447d6b","ID":"8241417d-c53a-4168-ac1d-bbe8e4307f0c","childs":null,"emcosID":null,"emcosMLID":null,"WSName":"DB","rangeAddress":"$ES$181:$ES$218","headAddress":"$ES$181","bodyAddress":"$ES$182:$ES$218","_name":"оперативное"}},"emcosID":null,"emcosMLID":null,"WSName":"DB","rangeAddress":"$EO$180:$ES$218","headAddress":"$EO$180:$ES$180","bodyAddress":"$EO$181:$ES$218","_name":"отдача"}},"emcosID":null,"emcosMLID":null,"WSName":"DB","rangeAddress":"$EO$179:$ES$218","headAddress":"$EO$179:$ES$179","bodyAddress":"$EO$180:$ES$218","_name":"Генерация Сарыбулак 2"}},"codPlan":null,"meterCoef":null,"_name":"Генерация Сарыбулак 2"}