{"ID":"ed60ff4d-ea97-49e7-b731-698df3ce7c53","childs":{"PS":{"_level":0,"parentID":"ed60ff4d-ea97-49e7-b731-698df3ce7c53","firstParentID":"ed60ff4d-ea97-49e7-b731-698df3ce7c53","ID":"44246803-36bb-4d1e-aefd-88cef66b8814","childs":{"отдача":{"_level":1,"parentID":"44246803-36bb-4d1e-aefd-88cef66b8814","firstParentID":"ed60ff4d-ea97-49e7-b731-698df3ce7c53","ID":"99f69169-949c-40dd-b094-a9ede1738e61","childs":{"оперативное":{"_level":2,"parentID":"99f69169-949c-40dd-b094-a9ede1738e61","firstParentID":"ed60ff4d-ea97-49e7-b731-698df3ce7c53","ID":"79ba7e9b-e958-4599-a101-f0b690d2f094","childs":null,"emcosID":null,"emcosMLID":null,"WSName":"PS","rangeAddress":"$AQ$185:$AQ$221","headAddress":"$AQ$185","bodyAddress":"$AQ$186:$AQ$221","_name":"оперативное"}},"emcosID":null,"emcosMLID":null,"WSName":"PS","rangeAddress":"$AQ$184:$AQ$221","headAddress":"$AQ$184","bodyAddress":"$AQ$185:$AQ$221","_name":"отдача"}},"emcosID":null,"emcosMLID":null,"WSName":"PS","rangeAddress":"$AQ$183:$AQ$221","headAddress":"$AQ$183","bodyAddress":"$AQ$184:$AQ$221","_name":"Генерация 2МВт и 416 кВт Самрук Грин Энерджи"},"DB":{"_level":0,"parentID":"ed60ff4d-ea97-49e7-b731-698df3ce7c53","firstParentID":"ed60ff4d-ea97-49e7-b731-698df3ce7c53","ID":"ec44998b-2142-4c6f-8e97-d6924fbdbb9c","childs":{"отдача":{"_level":1,"parentID":"ec44998b-2142-4c6f-8e97-d6924fbdbb9c","firstParentID":"ed60ff4d-ea97-49e7-b731-698df3ce7c53","ID":"21bbe897-7809-4d0c-8ae2-b433e7fed747","childs":{"код":{"_level":2,"parentID":"21bbe897-7809-4d0c-8ae2-b433e7fed747","firstParentID":"ed60ff4d-ea97-49e7-b731-698df3ce7c53","ID":"b6bbff0f-ae4d-40e6-aad5-b8a5d1c53513","childs":null,"emcosID":null,"emcosMLID":null,"WSName":"DB","rangeAddress":"$FW$267:$FW$304","headAddress":"$FW$267","bodyAddress":"$FW$268:$FW$304","_name":"код"},"основное":{"_level":2,"parentID":"21bbe897-7809-4d0c-8ae2-b433e7fed747","firstParentID":"ed60ff4d-ea97-49e7-b731-698df3ce7c53","ID":"6e43a54c-8e51-4de0-96ff-f8f0a7cf5047","childs":null,"emcosID":null,"emcosMLID":null,"WSName":"DB","rangeAddress":"$FX$267:$FX$304","headAddress":"$FX$267","bodyAddress":"$FX$268:$FX$304","_name":"основное"},"корректировка факт":{"_level":2,"parentID":"21bbe897-7809-4d0c-8ae2-b433e7fed747","firstParentID":"ed60ff4d-ea97-49e7-b731-698df3ce7c53","ID":"a68fcc73-0ec0-4472-8617-cab1f0cf192b","childs":null,"emcosID":null,"emcosMLID":null,"WSName":"DB","rangeAddress":"$FY$267:$FY$304","headAddress":"$FY$267","bodyAddress":"$FY$268:$FY$304","_name":"корректировка факт"},"ручное":{"_level":2,"parentID":"21bbe897-7809-4d0c-8ae2-b433e7fed747","firstParentID":"ed60ff4d-ea97-49e7-b731-698df3ce7c53","ID":"c0f546ee-a1fe-4855-adbf-34f98df12d5c","childs":null,"emcosID":null,"emcosMLID":null,"WSName":"DB","rangeAddress":"$FZ$267:$FZ$304","headAddress":"$FZ$267","bodyAddress":"$FZ$268:$FZ$304","_name":"ручное"},"оперативное":{"_level":2,"parentID":"21bbe897-7809-4d0c-8ae2-b433e7fed747","firstParentID":"ed60ff4d-ea97-49e7-b731-698df3ce7c53","ID":"4f337650-19da-4214-97a4-54d2b900683b","childs":null,"emcosID":null,"emcosMLID":null,"WSName":"DB","rangeAddress":"$GA$267:$GA$304","headAddress":"$GA$267","bodyAddress":"$GA$268:$GA$304","_name":"оперативное"}},"emcosID":null,"emcosMLID":null,"WSName":"DB","rangeAddress":"$FW$266:$GA$304","headAddress":"$FW$266:$GA$266","bodyAddress":"$FW$267:$GA$304","_name":"отдача"}},"emcosID":null,"emcosMLID":null,"WSName":"DB","rangeAddress":"$FW$265:$GA$304","headAddress":"$FW$265:$GA$265","bodyAddress":"$FW$266:$GA$304","_name":"Генерация 2МВт и 416 кВт Самрук Грин Энерджи"}},"codPlan":null,"meterCoef":null,"_name":"Генерация 2МВт и 416 кВт Самрук Грин Энерджи"}