{"heads":{"Общие для АлмМЭС":{"_level":0,"_name":"Общие для АлмМЭС","WSName":"PS","rangeAddress":"$B$8:$AA$8","childs":{"заголовок U2":{"_level":1,"_name":"заголовок U2","WSName":"PS","rangeAddress":"$B$9:$AA$9","childs":{"Общее":{"_level":2,"_name":"Общее","WSName":"PS","rangeAddress":"$B$10:$AA$10","childs":null}}}}},"Подстанции 500 кВ":{"_level":0,"_name":"Подстанции 500 кВ","WSName":"PS","rangeAddress":"$B$51:$EE$51","childs":{"ПС 500 кВ":{"_level":1,"_name":"ПС 500 кВ","WSName":"PS","rangeAddress":"$B$52:$EE$52","childs":{"Агадырь":{"_level":2,"_name":"Агадырь","WSName":"PS","rangeAddress":"$B$53:$E$53","childs":null},"ЮКГРЭС":{"_level":2,"_name":"ЮКГРЭС","WSName":"PS","rangeAddress":"$G$53:$AG$53","childs":null},"Шу":{"_level":2,"_name":"Шу","WSName":"PS","rangeAddress":"$AI$53:$BR$53","childs":null},"Алматы":{"_level":2,"_name":"Алматы","WSName":"PS","rangeAddress":"$BT$53:$CR$53","childs":null},"Талдыкорган":{"_level":2,"_name":"Талдыкорган","WSName":"PS","rangeAddress":"$CT$53:$DE$53","childs":null},"Алма":{"_level":2,"_name":"Алма","WSName":"PS","rangeAddress":"$DG$53:$DZ$53","childs":null},"Фрунзе":{"_level":2,"_name":"Фрунзе","WSName":"PS","rangeAddress":"$EB$53:$EE$53","childs":null}}}}},"Подстанции 220 кВ":{"_level":0,"_name":"Подстанции 220 кВ","WSName":"PS","rangeAddress":"$B$94:$IC$94","childs":{"ПС 220 кВ":{"_level":1,"_name":"ПС 220 кВ","WSName":"PS","rangeAddress":"$B$95:$IC$95","childs":{"ОРУ 220 АТЭЦ3":{"_level":2,"_name":"ОРУ 220 АТЭЦ3","WSName":"PS","rangeAddress":"$B$96:$Q$96","childs":null},"ОРУ 220 МГЭС":{"_level":2,"_name":"ОРУ 220 МГЭС","WSName":"PS","rangeAddress":"$S$96:$AC$96","childs":null},"ПС126 Талдыкорган":{"_level":2,"_name":"ПС126 Талдыкорган","WSName":"PS","rangeAddress":"$AE$96:$AH$96","childs":null},"ПС149 Талдыкорган ЗЩА":{"_level":2,"_name":"ПС149 Талдыкорган ЗЩА","WSName":"PS","rangeAddress":"$AJ$96:$AY$96","childs":null},"ПС152 Талдыкорган":{"_level":2,"_name":"ПС152 Талдыкорган","WSName":"PS","rangeAddress":"$BA$96:$CL$96","childs":null},"КГЭС":{"_level":2,"_name":"КГЭС","WSName":"PS","rangeAddress":"$CN$96:$CU$96","childs":null},"АХБК 7А":{"_level":2,"_name":"АХБК 7А","WSName":"PS","rangeAddress":"$CW$96:$DF$96","childs":null},"Западная 140А":{"_level":2,"_name":"Западная 140А","WSName":"PS","rangeAddress":"$DH$96:$DO$96","childs":null},"Робот 143А":{"_level":2,"_name":"Робот 143А","WSName":"PS","rangeAddress":"$DQ$96:$ED$96","childs":null},"Главная":{"_level":2,"_name":"Главная","WSName":"PS","rangeAddress":"$EF$96:$EI$96","childs":null},"Кемин":{"_level":2,"_name":"Кемин","WSName":"PS","rangeAddress":"$EK$96:$EL$96","childs":null},"Бесагаш Кенсай 166А":{"_level":2,"_name":"Бесагаш Кенсай 166А","WSName":"PS","rangeAddress":"$EN$96:$EQ$96","childs":null},"Шелек 68И":{"_level":2,"_name":"Шелек 68И","WSName":"PS","rangeAddress":"$ES$96:$FA$96","childs":null},"Капчагайская 62А":{"_level":2,"_name":"Капчагайская 62А","WSName":"PS","rangeAddress":"$FC$96:$FF$96","childs":null},"Коян Кос 154А":{"_level":2,"_name":"Коян Кос 154А","WSName":"PS","rangeAddress":"$FH$96:$FK$96","childs":null},"Строительная 120А":{"_level":2,"_name":"Строительная 120А","WSName":"PS","rangeAddress":"$FM$96:$FU$96","childs":null},"Мын Арал тяга":{"_level":2,"_name":"Мын Арал тяга","WSName":"PS","rangeAddress":"$FW$96:$GE$96","childs":null},"Чиганак тяга":{"_level":2,"_name":"Чиганак тяга","WSName":"PS","rangeAddress":"$GG$96:$GQ$96","childs":null},"Узун Агач тяга":{"_level":2,"_name":"Узун Агач тяга","WSName":"PS","rangeAddress":"$GS$96:$GY$96","childs":null},"Медеу тяга":{"_level":2,"_name":"Медеу тяга","WSName":"PS","rangeAddress":"$HA$96:$HE$96","childs":null},"Сары Шаган тяга":{"_level":2,"_name":"Сары Шаган тяга","WSName":"PS","rangeAddress":"$HG$96:$HH$96","childs":null},"Кияхты тяга":{"_level":2,"_name":"Кияхты тяга","WSName":"PS","rangeAddress":"$HJ$96:$HR$96","childs":null},"Жидели тяга":{"_level":2,"_name":"Жидели тяга","WSName":"PS","rangeAddress":"$HT$96:$HZ$96","childs":null},"Актогай":{"_level":2,"_name":"Актогай","WSName":"PS","rangeAddress":"$IB$96:$IC$96","childs":null}}}}},"Подстанции 110 35 10 кВ":{"_level":0,"_name":"Подстанции 110 35 10 кВ","WSName":"PS","rangeAddress":"$B$137:$AI$137","childs":{"ПС 110 35 10 кВ":{"_level":1,"_name":"ПС 110 35 10 кВ","WSName":"PS","rangeAddress":"$B$138:$AI$138","childs":{"Жилпоселок":{"_level":2,"_name":"Жилпоселок","WSName":"PS","rangeAddress":"$B$139:$E$139","childs":null},"Водозабор":{"_level":2,"_name":"Водозабор","WSName":"PS","rangeAddress":"$G$139:$J$139","childs":null},"ПС159Т Карабулак":{"_level":2,"_name":"ПС159Т Карабулак","WSName":"PS","rangeAddress":"$L$139:$P$139","childs":null},"РУ ТТЭЦ2":{"_level":2,"_name":"РУ ТТЭЦ2","WSName":"PS","rangeAddress":"$R$139:$Y$139","childs":null},"Шу 110 Тяга":{"_level":2,"_name":"Шу 110 Тяга","WSName":"PS","rangeAddress":"$AA$139:$AC$139","childs":null},"ОРУ КарГЭС4":{"_level":2,"_name":"ОРУ КарГЭС4","WSName":"PS","rangeAddress":"$AE$139:$AF$139","childs":null},"Пионерная":{"_level":2,"_name":"Пионерная","WSName":"PS","rangeAddress":"$AH$139:$AI$139","childs":null}}}}},"Алматинский энергоузел":{"_level":0,"_name":"Алматинский энергоузел","WSName":"PS","rangeAddress":"$B$180:$DR$180","childs":{"Потребление Алматинского Узла":{"_level":1,"_name":"Потребление Алматинского Узла","WSName":"PS","rangeAddress":"$B$181:$BC$181","childs":{"ЭЧ19":{"_level":2,"_name":"ЭЧ19","WSName":"PS","rangeAddress":"$B$182","childs":null},"ЭЧ22":{"_level":2,"_name":"ЭЧ22","WSName":"PS","rangeAddress":"$C$182","childs":null},"ЭЧ23":{"_level":2,"_name":"ЭЧ23","WSName":"PS","rangeAddress":"$D$182","childs":null},"КТЖ Алматы":{"_level":2,"_name":"КТЖ Алматы","WSName":"PS","rangeAddress":"$P$182:$X$182","childs":null},"Алматыэнергосбыт":{"_level":2,"_name":"Алматыэнергосбыт","WSName":"PS","rangeAddress":"$E$182:$F$182","childs":null},"Балхашэнерго":{"_level":2,"_name":"Балхашэнерго","WSName":"PS","rangeAddress":"$G$182","childs":null},"Каз Ферро Сталь":{"_level":2,"_name":"Каз Ферро Сталь","WSName":"PS","rangeAddress":"$H$182","childs":null},"АБ Энерго Алматы":{"_level":2,"_name":"АБ Энерго Алматы","WSName":"PS","rangeAddress":"$I$182:$K$182","childs":null},"Темиржолэнерго Алматы":{"_level":2,"_name":"Темиржолэнерго Алматы","WSName":"PS","rangeAddress":"$L$182:$M$182","childs":null},"Elektric Eergy":{"_level":2,"_name":"Elektric Eergy","WSName":"PS","rangeAddress":"$N$182:$O$182","childs":null},"Alfa Power Алматы":{"_level":2,"_name":"Alfa Power Алматы","WSName":"PS","rangeAddress":"$Y$182:$Z$182","childs":null},"СТЭМ Алматы":{"_level":2,"_name":"СТЭМ Алматы","WSName":"PS","rangeAddress":"$AA$182:$AB$182","childs":null},"Каз Энерго Холдинг Алматы":{"_level":2,"_name":"Каз Энерго Холдинг Алматы","WSName":"PS","rangeAddress":"$AC$182:$AD$182","childs":null},"Энергоснаб XXI Алматы":{"_level":2,"_name":"Энергоснаб XXI Алматы","WSName":"PS","rangeAddress":"$AE$182:$AF$182","childs":null},"С.А.Petro Group Алматы":{"_level":2,"_name":"С.А.Petro Group Алматы","WSName":"PS","rangeAddress":"$AG$182:$AH$182","childs":null},"Энергопромтехно":{"_level":2,"_name":"Энергопромтехно","WSName":"PS","rangeAddress":"$AI$182:$AJ$182","childs":null},"Almaty Kuat":{"_level":2,"_name":"Almaty Kuat","WSName":"PS","rangeAddress":"$AK$182:$AL$182","childs":null},"Жибек Жолы Оперейтинг Алматы":{"_level":2,"_name":"Жибек Жолы Оперейтинг Алматы","WSName":"PS","rangeAddress":"$AM$182:$AN$182","childs":null},"Энергокомпания Qaz Energy Алматы":{"_level":2,"_name":"Энергокомпания Qaz Energy Алматы","WSName":"PS","rangeAddress":"$AO$182","childs":null},"Samga Development Алматы":{"_level":2,"_name":"Samga Development Алматы","WSName":"PS","rangeAddress":"$AP$182:$AQ$182","childs":null},"Международный аэропорт Алматы":{"_level":2,"_name":"Международный аэропорт Алматы","WSName":"PS","rangeAddress":"$AR$182","childs":null},"Алматы Су":{"_level":2,"_name":"Алматы Су","WSName":"PS","rangeAddress":"$AS$182","childs":null},"Prime Energy Resources Алматы":{"_level":2,"_name":"Prime Energy Resources Алматы","WSName":"PS","rangeAddress":"$AT$182:$AU$182","childs":null},"Каз Экотранс Алматы":{"_level":2,"_name":"Каз Экотранс Алматы","WSName":"PS","rangeAddress":"$AV$182:$AW$182","childs":null},"Росэлко трэйд Алматы":{"_level":2,"_name":"Росэлко трэйд Алматы","WSName":"PS","rangeAddress":"$AX$182:$AY$182","childs":null},"Green Oil Алматы":{"_level":2,"_name":"Green Oil Алматы","WSName":"PS","rangeAddress":"$AZ$182","childs":null},"Компания Эрго Алматы":{"_level":2,"_name":"Компания Эрго Алматы","WSName":"PS","rangeAddress":"$BA$182","childs":null},"ИЗА Алматы":{"_level":2,"_name":"ИЗА Алматы","WSName":"PS","rangeAddress":"$BB$182","childs":null},"SilkWayEnergy Алматы":{"_level":2,"_name":"SilkWayEnergy Алматы","WSName":"PS","rangeAddress":"$BC$182","childs":null}}},"Генерация Алматинского Узла":{"_level":1,"_name":"Генерация Алматинского Узла","WSName":"PS","rangeAddress":"$BL$181:$CV$181","childs":{"АлЭС":{"_level":2,"_name":"АлЭС","WSName":"PS","rangeAddress":"$BL$182:$CE$182","childs":null},"Мойнак ГЭС МГЭС":{"_level":2,"_name":"Мойнак ГЭС МГЭС","WSName":"PS","rangeAddress":"$CF$182:$CI$182","childs":null},"M Kat Green СЭС Шу 100":{"_level":2,"_name":"M Kat Green СЭС Шу 100","WSName":"PS","rangeAddress":"$CJ$182:$CL$182","childs":null},"Mistral Energy СЭС Каскелен 50":{"_level":2,"_name":"Mistral Energy СЭС Каскелен 50","WSName":"PS","rangeAddress":"$CM$182:$CP$182","childs":null},"Eneverse Kunkuat СЭС Капшагай 100":{"_level":2,"_name":"Eneverse Kunkuat СЭС Капшагай 100","WSName":"PS","rangeAddress":"$CQ$182","childs":null},"КапшагайСоларПарк":{"_level":2,"_name":"КапшагайСоларПарк","WSName":"PS","rangeAddress":"$CR$182:$CS$182","childs":null},"Энергия Семиречья":{"_level":2,"_name":"Энергия Семиречья","WSName":"PS","rangeAddress":"$CT$182","childs":null},"Жеруйык Энерго":{"_level":2,"_name":"Жеруйык Энерго","WSName":"PS","rangeAddress":"$CU$182","childs":null},"Какпакская ГЭС":{"_level":2,"_name":"Какпакская ГЭС","WSName":"PS","rangeAddress":"$CV$182","childs":null}}},"ВИЭ Алматинского Узла":{"_level":1,"_name":"ВИЭ Алматинского Узла","WSName":"PS","rangeAddress":"$CX$181:$DO$181","childs":{"Кербулак":{"_level":2,"_name":"Кербулак","WSName":"PS","rangeAddress":"$CX$182","childs":null},"Кербулак 2":{"_level":2,"_name":"Кербулак 2","WSName":"PS","rangeAddress":"$CY$182","childs":null},"Сарыбулак":{"_level":2,"_name":"Сарыбулак","WSName":"PS","rangeAddress":"$CZ$182","childs":null},"Сарыбулак 2":{"_level":2,"_name":"Сарыбулак 2","WSName":"PS","rangeAddress":"$DA$182","childs":null},"Нурлы":{"_level":2,"_name":"Нурлы","WSName":"PS","rangeAddress":"$DB$182","childs":null},"Нурлы 2":{"_level":2,"_name":"Нурлы 2","WSName":"PS","rangeAddress":"$DC$182","childs":null},"Техно Базальт":{"_level":2,"_name":"Техно Базальт","WSName":"PS","rangeAddress":"$DD$182","childs":null},"КазЭлектроЭнергия ИГЭС 2":{"_level":2,"_name":"КазЭлектроЭнергия ИГЭС 2","WSName":"PS","rangeAddress":"$DE$182","childs":null},"Энергия Алем ИГЭС 3":{"_level":2,"_name":"Энергия Алем ИГЭС 3","WSName":"PS","rangeAddress":"$DF$182","childs":null},"КазНИИ Чокина и Эетысу Энерго Караш":{"_level":2,"_name":"КазНИИ Чокина и Эетысу Энерго Караш","WSName":"PS","rangeAddress":"$DG$182","childs":null},"Самрук Грин Энерджи":{"_level":2,"_name":"Самрук Грин Энерджи","WSName":"PS","rangeAddress":"$DH$182:$DI$182","childs":null},"Аннар":{"_level":2,"_name":"Аннар","WSName":"PS","rangeAddress":"$DJ$182","childs":null},"EC ENERGY Qazaqstan":{"_level":2,"_name":"EC ENERGY Qazaqstan","WSName":"PS","rangeAddress":"$DK$182","childs":null},"DEF GES":{"_level":2,"_name":"DEF GES","WSName":"PS","rangeAddress":"$DL$182","childs":null},"Almaty Engineering Талгарская ГЭС":{"_level":2,"_name":"Almaty Engineering Талгарская ГЭС","WSName":"PS","rangeAddress":"$DM$182","childs":null},"Гидро Пауэр":{"_level":2,"_name":"Гидро Пауэр","WSName":"PS","rangeAddress":"$DN$182","childs":null},"Капшагай Солар Парк":{"_level":2,"_name":"Капшагай Солар Парк","WSName":"PS","rangeAddress":"$DO$182","childs":null}}},"Общее для Алматинского энергозла":{"_level":1,"_name":"Общее для Алматинского энергозла","WSName":"PS","rangeAddress":"$DQ$181:$DR$181","childs":{"KEGOC Алматинский энергоузел":{"_level":2,"_name":"KEGOC Алматинский энергоузел","WSName":"PS","rangeAddress":"$DQ$182:$DR$182","childs":null}}},"Зона АЖК":{"_level":1,"_name":"Зона АЖК","WSName":"PS","rangeAddress":"$BE$181:$BJ$181","childs":{"АЖК":{"_level":2,"_name":"АЖК","WSName":"PS","rangeAddress":"$BE$182:$BJ$182","childs":null}}}}},"Жетысуский энергоузел":{"_level":0,"_name":"Жетысуский энергоузел","WSName":"PS","rangeAddress":"$B$223:$BR$223","childs":{"Потребление Жетысуского Узла":{"_level":1,"_name":"Потребление Жетысуского Узла","WSName":"PS","rangeAddress":"$B$224:$AV$224","childs":{"ТАТЭК":{"_level":2,"_name":"ТАТЭК","WSName":"PS","rangeAddress":"$B$225:$E$225","childs":null},"Жетысу Энерго Трейд ЖЭТ":{"_level":2,"_name":"Жетысу Энерго Трейд ЖЭТ","WSName":"PS","rangeAddress":"$F$225:$G$225","childs":null},"АСПМК":{"_level":2,"_name":"АСПМК","WSName":"PS","rangeAddress":"$H$225:$I$225","childs":null},"ГОК":{"_level":2,"_name":"ГОК","WSName":"PS","rangeAddress":"$J$225","childs":null},"Qazaq DCS":{"_level":2,"_name":"Qazaq DCS","WSName":"PS","rangeAddress":"$K$225","childs":null},"Alfa Power Жетысу":{"_level":2,"_name":"Alfa Power Жетысу","WSName":"PS","rangeAddress":"$L$225:$M$225","childs":null},"СТЭМ Жетысу":{"_level":2,"_name":"СТЭМ Жетысу","WSName":"PS","rangeAddress":"$N$225","childs":null},"Мангыстау Энерго Сату":{"_level":2,"_name":"Мангыстау Энерго Сату","WSName":"PS","rangeAddress":"$O$225:$P$225","childs":null},"Кайнар АКБ":{"_level":2,"_name":"Кайнар АКБ","WSName":"PS","rangeAddress":"$Q$225","childs":null},"Жетысу Водоканал":{"_level":2,"_name":"Жетысу Водоканал","WSName":"PS","rangeAddress":"$R$225:$S$225","childs":null},"Алем Павлодар":{"_level":2,"_name":"Алем Павлодар","WSName":"PS","rangeAddress":"$T$225","childs":null},"SilkWayEnergy Жетысу":{"_level":2,"_name":"SilkWayEnergy Жетысу","WSName":"PS","rangeAddress":"$U$225","childs":null},"Хоргос Энерго":{"_level":2,"_name":"Хоргос Энерго","WSName":"PS","rangeAddress":"$V$225","childs":null},"Хоргос Восточные Ворота":{"_level":2,"_name":"Хоргос Восточные Ворота","WSName":"PS","rangeAddress":"$W$225","childs":null},"Adver":{"_level":2,"_name":"Adver","WSName":"PS","rangeAddress":"$X$225","childs":null},"Месхет":{"_level":2,"_name":"Месхет","WSName":"PS","rangeAddress":"$Y$225","childs":null},"Каратал Транзит":{"_level":2,"_name":"Каратал Транзит","WSName":"PS","rangeAddress":"$Z$225","childs":null},"КТЖ Жетысу":{"_level":2,"_name":"КТЖ Жетысу","WSName":"PS","rangeAddress":"$AA$225:$AF$225","childs":null},"Alatau Power Жетысу":{"_level":2,"_name":"Alatau Power Жетысу","WSName":"PS","rangeAddress":"$AG$225","childs":null},"Энергокомпания Qaz Energy Жетысу":{"_level":2,"_name":"Энергокомпания Qaz Energy Жетысу","WSName":"PS","rangeAddress":"$AH$225","childs":null},"Prime Energy Resources Жетысу":{"_level":2,"_name":"Prime Energy Resources Жетысу","WSName":"PS","rangeAddress":"$AI$225:$AJ$225","childs":null},"Rapid Power Жетысу":{"_level":2,"_name":"Rapid Power Жетысу","WSName":"PS","rangeAddress":"$AK$225","childs":null},"Тенгри Энерджи Жетысу":{"_level":2,"_name":"Тенгри Энерджи Жетысу","WSName":"PS","rangeAddress":"$AL$225","childs":null},"Каз Экотранс Жетысу ":{"_level":2,"_name":"Каз Экотранс Жетысу ","WSName":"PS","rangeAddress":"$AM$225","childs":null},"ENERCO Asia Жетысу":{"_level":2,"_name":"ENERCO Asia Жетысу","WSName":"PS","rangeAddress":"$AN$225:$AO$225","childs":null},"Темиржолэнерго Жетысу":{"_level":2,"_name":"Темиржолэнерго Жетысу","WSName":"PS","rangeAddress":"$AP$225","childs":null},"АБ Энерго Жетысу":{"_level":2,"_name":"АБ Энерго Жетысу","WSName":"PS","rangeAddress":"$AQ$225","childs":null},"Энергоснаб XXI Жетысу":{"_level":2,"_name":"Энергоснаб XXI Жетысу","WSName":"PS","rangeAddress":"$AR$225","childs":null},"Югэнергоимпульс Жетысу":{"_level":2,"_name":"Югэнергоимпульс Жетысу","WSName":"PS","rangeAddress":"$AS$225","childs":null},"Т-Генерация  Жетысу":{"_level":2,"_name":"Т-Генерация  Жетысу","WSName":"PS","rangeAddress":"$AT$225","childs":null},"С.А.Petro Group Жетысу":{"_level":2,"_name":"С.А.Petro Group Жетысу","WSName":"PS","rangeAddress":"$AU$225","childs":null},"Green Oil Жетысу":{"_level":2,"_name":"Green Oil Жетысу","WSName":"PS","rangeAddress":"$AV$225","childs":null}}},"Генерация Жетысуского узла":{"_level":1,"_name":"Генерация Жетысуского узла","WSName":"PS","rangeAddress":"$AX$224:$BM$224","childs":{"Текелиский ТЭЦ2 ТТЭЦ2":{"_level":2,"_name":"Текелиский ТЭЦ2 ТТЭЦ2","WSName":"PS","rangeAddress":"$AX$225:$AZ$225","childs":null},"Аксу ГЭС":{"_level":2,"_name":"Аксу ГЭС","WSName":"PS","rangeAddress":"$BA$225:$BC$225","childs":null},"Каскад Каратальских ГЭС ККГЭС":{"_level":2,"_name":"Каскад Каратальских ГЭС ККГЭС","WSName":"PS","rangeAddress":"$BD$225:$BF$225","childs":null},"Коринская ГЭС":{"_level":2,"_name":"Коринская ГЭС","WSName":"PS","rangeAddress":"$BG$225:$BH$225","childs":null},"Baskan Power Верхне Басканская ГЭС":{"_level":2,"_name":"Baskan Power Верхне Басканская ГЭС","WSName":"PS","rangeAddress":"$BI$225","childs":null},"Чижинская ГЭС":{"_level":2,"_name":"Чижинская ГЭС","WSName":"PS","rangeAddress":"$BJ$225","childs":null},"Антоновская ГЭС":{"_level":2,"_name":"Антоновская ГЭС","WSName":"PS","rangeAddress":"$BK$225","childs":null},"АлмытЭнергоПроджект СЭС Уштобе":{"_level":2,"_name":"АлмытЭнергоПроджект СЭС Уштобе","WSName":"PS","rangeAddress":"$BL$225","childs":null},"ГЭС Лепсы-2":{"_level":2,"_name":"ГЭС Лепсы-2","WSName":"PS","rangeAddress":"$BM$225","childs":null}}},"Общее для Жетысуского энергоузла":{"_level":1,"_name":"Общее для Жетысуского энергоузла","WSName":"PS","rangeAddress":"$BO$224:$BR$224","childs":{"KEGOC Жтысуский энергоузел":{"_level":2,"_name":"KEGOC Жтысуский энергоузел","WSName":"PS","rangeAddress":"$BO$225:$BP$225","childs":null},"Станции Жетысуского энергоузла":{"_level":2,"_name":"Станции Жетысуского энергоузла","WSName":"PS","rangeAddress":"$BQ$225:$BR$225","childs":null}}}}}}}