{"ID":"ac434793-ddae-4047-9aab-e3e3bb8ec97c","childs":{"PS":{"_level":0,"parentID":"ac434793-ddae-4047-9aab-e3e3bb8ec97c","firstParentID":"ac434793-ddae-4047-9aab-e3e3bb8ec97c","ID":"b2c3d867-de51-4dc1-9b8e-32f46f0ce2b6","childs":{"прием":{"_level":1,"parentID":"b2c3d867-de51-4dc1-9b8e-32f46f0ce2b6","firstParentID":"ac434793-ddae-4047-9aab-e3e3bb8ec97c","ID":"3be56655-756a-404d-ab7a-b55ae45e21b7","childs":{"по счетчику":{"_level":2,"parentID":"3be56655-756a-404d-ab7a-b55ae45e21b7","firstParentID":"ac434793-ddae-4047-9aab-e3e3bb8ec97c","ID":"5cfdbeee-4a49-4d7a-916a-70dd658085e1","childs":null,"emcosID":null,"emcosMLID":null,"codMaketTEP":null,"codTEP":null,"WSName":"PS","rangeAddress":"$DP$56:$DP$92","headAddress":"$DP$56","bodyAddress":"$DP$57:$DP$92","_name":"по счетчику"}},"emcosID":null,"emcosMLID":null,"codMaketTEP":null,"codTEP":null,"WSName":"PS","rangeAddress":"$DP$55:$DP$92","headAddress":"$DP$55","bodyAddress":"$DP$56:$DP$92","_name":"прием"},"отдача":{"_level":1,"parentID":"b2c3d867-de51-4dc1-9b8e-32f46f0ce2b6","firstParentID":"ac434793-ddae-4047-9aab-e3e3bb8ec97c","ID":"435c17d5-c617-4f49-8e31-6819130fb741","childs":{"по счетчику":{"_level":2,"parentID":"435c17d5-c617-4f49-8e31-6819130fb741","firstParentID":"ac434793-ddae-4047-9aab-e3e3bb8ec97c","ID":"eddaa351-9936-4afb-8ae0-500769f3ccbe","childs":null,"emcosID":null,"emcosMLID":null,"codMaketTEP":null,"codTEP":null,"WSName":"PS","rangeAddress":"$DQ$56:$DQ$92","headAddress":"$DQ$56","bodyAddress":"$DQ$57:$DQ$92","_name":"по счетчику"}},"emcosID":null,"emcosMLID":null,"codMaketTEP":null,"codTEP":null,"WSName":"PS","rangeAddress":"$DQ$55:$DQ$92","headAddress":"$DQ$55","bodyAddress":"$DQ$56:$DQ$92","_name":"отдача"}},"emcosID":null,"emcosMLID":null,"codMaketTEP":null,"codTEP":null,"WSName":"PS","rangeAddress":"$DP$54:$DQ$92","headAddress":"$DP$54:$DQ$54","bodyAddress":"$DP$55:$DQ$92","_name":"Л2493 Алматы"},"DB":{"_level":0,"parentID":"ac434793-ddae-4047-9aab-e3e3bb8ec97c","firstParentID":"ac434793-ddae-4047-9aab-e3e3bb8ec97c","ID":"fa1d01d3-0933-4376-95ec-9a99735c79f5","childs":{"прием":{"_level":1,"parentID":"fa1d01d3-0933-4376-95ec-9a99735c79f5","firstParentID":"ac434793-ddae-4047-9aab-e3e3bb8ec97c","ID":"bc7759f2-1406-4b56-ba93-7df3d83f4e08","childs":{"код":{"_level":2,"parentID":"bc7759f2-1406-4b56-ba93-7df3d83f4e08","firstParentID":"ac434793-ddae-4047-9aab-e3e3bb8ec97c","ID":"63e7f703-4bf4-45ea-b901-cba970216aca","childs":null,"emcosID":null,"emcosMLID":null,"codMaketTEP":null,"codTEP":null,"WSName":"DB","rangeAddress":"$IK$267:$IK$304","headAddress":"$IK$267","bodyAddress":"$IK$268:$IK$304","_name":"код"},"основное":{"_level":2,"parentID":"bc7759f2-1406-4b56-ba93-7df3d83f4e08","firstParentID":"ac434793-ddae-4047-9aab-e3e3bb8ec97c","ID":"2b8d63b2-312b-4297-ae2b-35a224425b20","childs":null,"emcosID":null,"emcosMLID":null,"codMaketTEP":null,"codTEP":null,"WSName":"DB","rangeAddress":"$IL$267:$IL$304","headAddress":"$IL$267","bodyAddress":"$IL$268:$IL$304","_name":"основное"},"корректировка факт":{"_level":2,"parentID":"bc7759f2-1406-4b56-ba93-7df3d83f4e08","firstParentID":"ac434793-ddae-4047-9aab-e3e3bb8ec97c","ID":"8700c463-851a-4d2b-93d1-5e50e6a24d01","childs":null,"emcosID":null,"emcosMLID":null,"codMaketTEP":null,"codTEP":null,"WSName":"DB","rangeAddress":"$IM$267:$IM$304","headAddress":"$IM$267","bodyAddress":"$IM$268:$IM$304","_name":"корректировка факт"},"ручное":{"_level":2,"parentID":"bc7759f2-1406-4b56-ba93-7df3d83f4e08","firstParentID":"ac434793-ddae-4047-9aab-e3e3bb8ec97c","ID":"e12dd2da-b4d2-47e8-9b8a-5e0f7e747f97","childs":null,"emcosID":null,"emcosMLID":null,"codMaketTEP":null,"codTEP":null,"WSName":"DB","rangeAddress":"$IN$267:$IN$304","headAddress":"$IN$267","bodyAddress":"$IN$268:$IN$304","_name":"ручное"},"аскуэ":{"_level":2,"parentID":"bc7759f2-1406-4b56-ba93-7df3d83f4e08","firstParentID":"ac434793-ddae-4047-9aab-e3e3bb8ec97c","ID":"22627353-309f-4e23-8fb0-8ffdd51f9219","childs":null,"emcosID":null,"emcosMLID":null,"codMaketTEP":null,"codTEP":null,"WSName":"DB","rangeAddress":"$IO$267:$IO$304","headAddress":"$IO$267","bodyAddress":"$IO$268:$IO$304","_name":"аскуэ"},"счетчик":{"_level":2,"parentID":"bc7759f2-1406-4b56-ba93-7df3d83f4e08","firstParentID":"ac434793-ddae-4047-9aab-e3e3bb8ec97c","ID":"13653100-66f2-4e9c-b611-0078bd5d4eb5","childs":null,"emcosID":null,"emcosMLID":null,"codMaketTEP":null,"codTEP":null,"WSName":"DB","rangeAddress":"$IP$267:$IP$304","headAddress":"$IP$267","bodyAddress":"$IP$268:$IP$304","_name":"счетчик"},"по счетчику":{"_level":2,"parentID":"bc7759f2-1406-4b56-ba93-7df3d83f4e08","firstParentID":"ac434793-ddae-4047-9aab-e3e3bb8ec97c","ID":"74474520-1119-404f-bf22-4f0a799443be","childs":null,"emcosID":null,"emcosMLID":null,"codMaketTEP":null,"codTEP":null,"WSName":"DB","rangeAddress":"$IQ$267:$IQ$304","headAddress":"$IQ$267","bodyAddress":"$IQ$268:$IQ$304","_name":"по счетчику"}},"emcosID":null,"emcosMLID":null,"codMaketTEP":null,"codTEP":null,"WSName":"DB","rangeAddress":"$IK$266:$IQ$304","headAddress":"$IK$266:$IQ$266","bodyAddress":"$IK$267:$IQ$304","_name":"прием"},"отдача":{"_level":1,"parentID":"fa1d01d3-0933-4376-95ec-9a99735c79f5","firstParentID":"ac434793-ddae-4047-9aab-e3e3bb8ec97c","ID":"c8c60137-990f-4f9d-910e-0f04f026e4e6","childs":{"код":{"_level":2,"parentID":"c8c60137-990f-4f9d-910e-0f04f026e4e6","firstParentID":"ac434793-ddae-4047-9aab-e3e3bb8ec97c","ID":"d659f8df-2e52-4da6-b29d-18d99b816885","childs":null,"emcosID":null,"emcosMLID":null,"codMaketTEP":null,"codTEP":null,"WSName":"DB","rangeAddress":"$IR$267:$IR$304","headAddress":"$IR$267","bodyAddress":"$IR$268:$IR$304","_name":"код"},"основное":{"_level":2,"parentID":"c8c60137-990f-4f9d-910e-0f04f026e4e6","firstParentID":"ac434793-ddae-4047-9aab-e3e3bb8ec97c","ID":"e311eff7-6bb0-41a2-bbf8-f33975a6ce2c","childs":null,"emcosID":null,"emcosMLID":null,"codMaketTEP":null,"codTEP":null,"WSName":"DB","rangeAddress":"$IS$267:$IS$304","headAddress":"$IS$267","bodyAddress":"$IS$268:$IS$304","_name":"основное"},"корректировка факт":{"_level":2,"parentID":"c8c60137-990f-4f9d-910e-0f04f026e4e6","firstParentID":"ac434793-ddae-4047-9aab-e3e3bb8ec97c","ID":"5406840d-7f84-4979-864f-8ac4bfec3725","childs":null,"emcosID":null,"emcosMLID":null,"codMaketTEP":null,"codTEP":null,"WSName":"DB","rangeAddress":"$IT$267:$IT$304","headAddress":"$IT$267","bodyAddress":"$IT$268:$IT$304","_name":"корректировка факт"},"ручное":{"_level":2,"parentID":"c8c60137-990f-4f9d-910e-0f04f026e4e6","firstParentID":"ac434793-ddae-4047-9aab-e3e3bb8ec97c","ID":"0e89d93b-916c-4d09-bf06-8edacf0ad234","childs":null,"emcosID":null,"emcosMLID":null,"codMaketTEP":null,"codTEP":null,"WSName":"DB","rangeAddress":"$IU$267:$IU$304","headAddress":"$IU$267","bodyAddress":"$IU$268:$IU$304","_name":"ручное"},"аскуэ":{"_level":2,"parentID":"c8c60137-990f-4f9d-910e-0f04f026e4e6","firstParentID":"ac434793-ddae-4047-9aab-e3e3bb8ec97c","ID":"e1defe82-4c9b-44e4-82d7-f4226ca93bd3","childs":null,"emcosID":null,"emcosMLID":null,"codMaketTEP":null,"codTEP":null,"WSName":"DB","rangeAddress":"$IV$267:$IV$304","headAddress":"$IV$267","bodyAddress":"$IV$268:$IV$304","_name":"аскуэ"},"счетчик":{"_level":2,"parentID":"c8c60137-990f-4f9d-910e-0f04f026e4e6","firstParentID":"ac434793-ddae-4047-9aab-e3e3bb8ec97c","ID":"4c6dc212-ff3a-4a8f-87a0-202c677d0954","childs":null,"emcosID":null,"emcosMLID":null,"codMaketTEP":null,"codTEP":null,"WSName":"DB","rangeAddress":"$IW$267:$IW$304","headAddress":"$IW$267","bodyAddress":"$IW$268:$IW$304","_name":"счетчик"},"по счетчику":{"_level":2,"parentID":"c8c60137-990f-4f9d-910e-0f04f026e4e6","firstParentID":"ac434793-ddae-4047-9aab-e3e3bb8ec97c","ID":"8254516f-b564-418a-9182-8d9341b6747f","childs":null,"emcosID":null,"emcosMLID":null,"codMaketTEP":null,"codTEP":null,"WSName":"DB","rangeAddress":"$IX$267:$IX$304","headAddress":"$IX$267","bodyAddress":"$IX$268:$IX$304","_name":"по счетчику"}},"emcosID":null,"emcosMLID":null,"codMaketTEP":null,"codTEP":null,"WSName":"DB","rangeAddress":"$IR$266:$IX$304","headAddress":"$IR$266:$IX$266","bodyAddress":"$IR$267:$IX$304","_name":"отдача"}},"emcosID":null,"emcosMLID":null,"codMaketTEP":null,"codTEP":null,"WSName":"DB","rangeAddress":"$IK$265:$IX$304","headAddress":"$IK$265:$IX$265","bodyAddress":"$IK$266:$IX$304","_name":"Л2493 Алматы"}},"codPlan":null,"meterCoef":"2200","_name":"Л2493 Алматы"}