{"ID":"099a4a89-dc97-4a6b-a74f-aed883c35f35","childs":{"PS":{"_level":0,"parentID":"099a4a89-dc97-4a6b-a74f-aed883c35f35","firstParentID":"099a4a89-dc97-4a6b-a74f-aed883c35f35","ID":"cd34ef41-c06a-458a-b3bb-d240fcc728e1","childs":{"прием":{"_level":1,"parentID":"cd34ef41-c06a-458a-b3bb-d240fcc728e1","firstParentID":"099a4a89-dc97-4a6b-a74f-aed883c35f35","ID":"d5542dd7-8f6e-4046-aa18-7d0ea9219ddc","childs":{"оперативное":{"_level":2,"parentID":"d5542dd7-8f6e-4046-aa18-7d0ea9219ddc","firstParentID":"099a4a89-dc97-4a6b-a74f-aed883c35f35","ID":"f56f544c-5f9b-47f7-a11e-b0942a27f7c4","childs":null,"emcosID":null,"emcosMLID":null,"WSName":"PS","rangeAddress":"$CT$56:$CT$92","headAddress":"$CT$56","bodyAddress":"$CT$57:$CT$92","_name":"оперативное"}},"emcosID":null,"emcosMLID":null,"WSName":"PS","rangeAddress":"$CT$55:$CT$92","headAddress":"$CT$55","bodyAddress":"$CT$56:$CT$92","_name":"прием"},"отдача":{"_level":1,"parentID":"cd34ef41-c06a-458a-b3bb-d240fcc728e1","firstParentID":"099a4a89-dc97-4a6b-a74f-aed883c35f35","ID":"e2b8cbc3-f9d1-4e9a-91cc-d62fb84c989e","childs":{"оперативное":{"_level":2,"parentID":"e2b8cbc3-f9d1-4e9a-91cc-d62fb84c989e","firstParentID":"099a4a89-dc97-4a6b-a74f-aed883c35f35","ID":"b0a46656-099e-48a6-bfe4-dbe6967dadf0","childs":null,"emcosID":null,"emcosMLID":null,"WSName":"PS","rangeAddress":"$CU$56:$CU$92","headAddress":"$CU$56","bodyAddress":"$CU$57:$CU$92","_name":"оперативное"}},"emcosID":null,"emcosMLID":null,"WSName":"PS","rangeAddress":"$CU$55:$CU$92","headAddress":"$CU$55","bodyAddress":"$CU$56:$CU$92","_name":"отдача"}},"emcosID":null,"emcosMLID":null,"WSName":"PS","rangeAddress":"$CT$54:$CU$92","headAddress":"$CT$54:$CU$54","bodyAddress":"$CT$55:$CU$92","_name":"Л2043 Талдыкорган"},"DB":{"_level":0,"parentID":"099a4a89-dc97-4a6b-a74f-aed883c35f35","firstParentID":"099a4a89-dc97-4a6b-a74f-aed883c35f35","ID":"340a1fa5-65e6-4704-bf00-04165a0543a3","childs":{"прием":{"_level":1,"parentID":"340a1fa5-65e6-4704-bf00-04165a0543a3","firstParentID":"099a4a89-dc97-4a6b-a74f-aed883c35f35","ID":"4584a2f2-52d8-47a4-a711-3f0b18c77afd","childs":{"код":{"_level":2,"parentID":"4584a2f2-52d8-47a4-a711-3f0b18c77afd","firstParentID":"099a4a89-dc97-4a6b-a74f-aed883c35f35","ID":"87b79a53-d64b-4da0-9d18-cba8982d7170","childs":null,"emcosID":null,"emcosMLID":null,"WSName":"DB","rangeAddress":"$KG$52:$KG$89","headAddress":"$KG$52","bodyAddress":"$KG$53:$KG$89","_name":"код"},"основное":{"_level":2,"parentID":"4584a2f2-52d8-47a4-a711-3f0b18c77afd","firstParentID":"099a4a89-dc97-4a6b-a74f-aed883c35f35","ID":"6b1d4448-abb1-42ae-b6a6-330516346381","childs":null,"emcosID":null,"emcosMLID":null,"WSName":"DB","rangeAddress":"$KH$52:$KH$89","headAddress":"$KH$52","bodyAddress":"$KH$53:$KH$89","_name":"основное"},"корректировка факт":{"_level":2,"parentID":"4584a2f2-52d8-47a4-a711-3f0b18c77afd","firstParentID":"099a4a89-dc97-4a6b-a74f-aed883c35f35","ID":"7e84c13f-1a1b-4927-a692-337aa0527549","childs":null,"emcosID":null,"emcosMLID":null,"WSName":"DB","rangeAddress":"$KI$52:$KI$89","headAddress":"$KI$52","bodyAddress":"$KI$53:$KI$89","_name":"корректировка факт"},"ручное":{"_level":2,"parentID":"4584a2f2-52d8-47a4-a711-3f0b18c77afd","firstParentID":"099a4a89-dc97-4a6b-a74f-aed883c35f35","ID":"d17fb2c4-a2a7-410e-9b82-11b8c3c95433","childs":null,"emcosID":null,"emcosMLID":null,"WSName":"DB","rangeAddress":"$KJ$52:$KJ$89","headAddress":"$KJ$52","bodyAddress":"$KJ$53:$KJ$89","_name":"ручное"},"оперативное":{"_level":2,"parentID":"4584a2f2-52d8-47a4-a711-3f0b18c77afd","firstParentID":"099a4a89-dc97-4a6b-a74f-aed883c35f35","ID":"63753f23-194f-4809-82b3-217e8ba1d20c","childs":null,"emcosID":null,"emcosMLID":null,"WSName":"DB","rangeAddress":"$KK$52:$KK$89","headAddress":"$KK$52","bodyAddress":"$KK$53:$KK$89","_name":"оперативное"}},"emcosID":null,"emcosMLID":null,"WSName":"DB","rangeAddress":"$KG$51:$KK$89","headAddress":"$KG$51:$KK$51","bodyAddress":"$KG$52:$KK$89","_name":"прием"},"отдача":{"_level":1,"parentID":"340a1fa5-65e6-4704-bf00-04165a0543a3","firstParentID":"099a4a89-dc97-4a6b-a74f-aed883c35f35","ID":"6630a124-3af2-4215-afe4-7c334f245245","childs":{"код":{"_level":2,"parentID":"6630a124-3af2-4215-afe4-7c334f245245","firstParentID":"099a4a89-dc97-4a6b-a74f-aed883c35f35","ID":"29f34099-75eb-427a-8001-aaa6602815cd","childs":null,"emcosID":null,"emcosMLID":null,"WSName":"DB","rangeAddress":"$KL$52:$KL$89","headAddress":"$KL$52","bodyAddress":"$KL$53:$KL$89","_name":"код"},"основное":{"_level":2,"parentID":"6630a124-3af2-4215-afe4-7c334f245245","firstParentID":"099a4a89-dc97-4a6b-a74f-aed883c35f35","ID":"03d648a1-8b5f-472f-9a5e-0f5ddae12ff7","childs":null,"emcosID":null,"emcosMLID":null,"WSName":"DB","rangeAddress":"$KM$52:$KM$89","headAddress":"$KM$52","bodyAddress":"$KM$53:$KM$89","_name":"основное"},"корректировка факт":{"_level":2,"parentID":"6630a124-3af2-4215-afe4-7c334f245245","firstParentID":"099a4a89-dc97-4a6b-a74f-aed883c35f35","ID":"b5b96c9d-af7d-451a-845d-32cc9f303463","childs":null,"emcosID":null,"emcosMLID":null,"WSName":"DB","rangeAddress":"$KN$52:$KN$89","headAddress":"$KN$52","bodyAddress":"$KN$53:$KN$89","_name":"корректировка факт"},"ручное":{"_level":2,"parentID":"6630a124-3af2-4215-afe4-7c334f245245","firstParentID":"099a4a89-dc97-4a6b-a74f-aed883c35f35","ID":"05d483b2-7d34-46f1-a298-d9abdf85ada2","childs":null,"emcosID":null,"emcosMLID":null,"WSName":"DB","rangeAddress":"$KO$52:$KO$89","headAddress":"$KO$52","bodyAddress":"$KO$53:$KO$89","_name":"ручное"},"оперативное":{"_level":2,"parentID":"6630a124-3af2-4215-afe4-7c334f245245","firstParentID":"099a4a89-dc97-4a6b-a74f-aed883c35f35","ID":"2b214a06-be17-4e6d-9b12-10edabac0a5a","childs":null,"emcosID":null,"emcosMLID":null,"WSName":"DB","rangeAddress":"$KP$52:$KP$89","headAddress":"$KP$52","bodyAddress":"$KP$53:$KP$89","_name":"оперативное"}},"emcosID":null,"emcosMLID":null,"WSName":"DB","rangeAddress":"$KL$51:$KP$89","headAddress":"$KL$51:$KP$51","bodyAddress":"$KL$52:$KP$89","_name":"отдача"}},"emcosID":null,"emcosMLID":null,"WSName":"DB","rangeAddress":"$KG$50:$KP$89","headAddress":"$KG$50:$KP$50","bodyAddress":"$KG$51:$KP$89","_name":"Л2043 Талдыкорган"}},"codPlan":null,"meterCoef":null,"_name":"Л2043 Талдыкорган"}