{"ID":"1b75def0-244c-4809-a6cc-c956f68b2096","childs":{"PS":{"_level":0,"parentID":"1b75def0-244c-4809-a6cc-c956f68b2096","firstParentID":"1b75def0-244c-4809-a6cc-c956f68b2096","ID":"6ae41f77-920d-4ad6-8a4a-7ee3bd9b6a5c","childs":{"прием":{"_level":1,"parentID":"6ae41f77-920d-4ad6-8a4a-7ee3bd9b6a5c","firstParentID":"1b75def0-244c-4809-a6cc-c956f68b2096","ID":"ad1411e5-e7bc-4dc3-9916-3df9586611db","childs":{"оперативное":{"_level":2,"parentID":"ad1411e5-e7bc-4dc3-9916-3df9586611db","firstParentID":"1b75def0-244c-4809-a6cc-c956f68b2096","ID":"a303e307-ce94-4577-a4bb-8a717d22b3a4","childs":null,"emcosID":null,"emcosMLID":null,"WSName":"PS","rangeAddress":"$CT$99:$CT$135","headAddress":"$CT$99","bodyAddress":"$CT$100:$CT$135","_name":"оперативное"}},"emcosID":null,"emcosMLID":null,"WSName":"PS","rangeAddress":"$CT$98:$CT$135","headAddress":"$CT$98","bodyAddress":"$CT$99:$CT$135","_name":"прием"},"отдача":{"_level":1,"parentID":"6ae41f77-920d-4ad6-8a4a-7ee3bd9b6a5c","firstParentID":"1b75def0-244c-4809-a6cc-c956f68b2096","ID":"2c648f99-79cf-43e2-ad5d-0195463a351e","childs":{"оперативное":{"_level":2,"parentID":"2c648f99-79cf-43e2-ad5d-0195463a351e","firstParentID":"1b75def0-244c-4809-a6cc-c956f68b2096","ID":"6517d805-fc0b-4ff4-a696-7320af6af481","childs":null,"emcosID":null,"emcosMLID":null,"WSName":"PS","rangeAddress":"$CU$99:$CU$135","headAddress":"$CU$99","bodyAddress":"$CU$100:$CU$135","_name":"оперативное"}},"emcosID":null,"emcosMLID":null,"WSName":"PS","rangeAddress":"$CU$98:$CU$135","headAddress":"$CU$98","bodyAddress":"$CU$99:$CU$135","_name":"отдача"}},"emcosID":null,"emcosMLID":null,"WSName":"PS","rangeAddress":"$CT$97:$CU$135","headAddress":"$CT$97:$CU$97","bodyAddress":"$CT$98:$CU$135","_name":"Л2133 КГЭС"},"DB":{"_level":0,"parentID":"1b75def0-244c-4809-a6cc-c956f68b2096","firstParentID":"1b75def0-244c-4809-a6cc-c956f68b2096","ID":"4a5574c3-d509-448b-a697-d8c7f05d3023","childs":{"прием":{"_level":1,"parentID":"4a5574c3-d509-448b-a697-d8c7f05d3023","firstParentID":"1b75def0-244c-4809-a6cc-c956f68b2096","ID":"1a4cd28b-dc18-4e92-bbed-e3f453f8f5fc","childs":{"код":{"_level":2,"parentID":"1a4cd28b-dc18-4e92-bbed-e3f453f8f5fc","firstParentID":"1b75def0-244c-4809-a6cc-c956f68b2096","ID":"f3e6c08e-fd37-4a93-a1ba-7b7f926d8391","childs":null,"emcosID":null,"emcosMLID":null,"WSName":"DB","rangeAddress":"$HF$95:$HF$132","headAddress":"$HF$95","bodyAddress":"$HF$96:$HF$132","_name":"код"},"основное":{"_level":2,"parentID":"1a4cd28b-dc18-4e92-bbed-e3f453f8f5fc","firstParentID":"1b75def0-244c-4809-a6cc-c956f68b2096","ID":"4d3834df-a717-4d3c-b82d-75ac53678d65","childs":null,"emcosID":null,"emcosMLID":null,"WSName":"DB","rangeAddress":"$HG$95:$HG$132","headAddress":"$HG$95","bodyAddress":"$HG$96:$HG$132","_name":"основное"},"корректировка факт":{"_level":2,"parentID":"1a4cd28b-dc18-4e92-bbed-e3f453f8f5fc","firstParentID":"1b75def0-244c-4809-a6cc-c956f68b2096","ID":"e17e323f-4b6d-4433-88be-2174a2df996c","childs":null,"emcosID":null,"emcosMLID":null,"WSName":"DB","rangeAddress":"$HH$95:$HH$132","headAddress":"$HH$95","bodyAddress":"$HH$96:$HH$132","_name":"корректировка факт"},"ручное":{"_level":2,"parentID":"1a4cd28b-dc18-4e92-bbed-e3f453f8f5fc","firstParentID":"1b75def0-244c-4809-a6cc-c956f68b2096","ID":"8c71eca6-87ce-4599-b900-e3c8d8c47507","childs":null,"emcosID":null,"emcosMLID":null,"WSName":"DB","rangeAddress":"$HI$95:$HI$132","headAddress":"$HI$95","bodyAddress":"$HI$96:$HI$132","_name":"ручное"},"оперативное":{"_level":2,"parentID":"1a4cd28b-dc18-4e92-bbed-e3f453f8f5fc","firstParentID":"1b75def0-244c-4809-a6cc-c956f68b2096","ID":"5df22632-a744-4ef1-9dbf-9c47bcc04f6b","childs":null,"emcosID":null,"emcosMLID":null,"WSName":"DB","rangeAddress":"$HJ$95:$HJ$132","headAddress":"$HJ$95","bodyAddress":"$HJ$96:$HJ$132","_name":"оперативное"}},"emcosID":null,"emcosMLID":null,"WSName":"DB","rangeAddress":"$HF$94:$HJ$132","headAddress":"$HF$94:$HJ$94","bodyAddress":"$HF$95:$HJ$132","_name":"прием"},"отдача":{"_level":1,"parentID":"4a5574c3-d509-448b-a697-d8c7f05d3023","firstParentID":"1b75def0-244c-4809-a6cc-c956f68b2096","ID":"802ebb45-5aa6-46c0-b1a9-1e23d7856467","childs":{"код":{"_level":2,"parentID":"802ebb45-5aa6-46c0-b1a9-1e23d7856467","firstParentID":"1b75def0-244c-4809-a6cc-c956f68b2096","ID":"8747ceca-fc69-47cf-a0a2-40862c8682b3","childs":null,"emcosID":null,"emcosMLID":null,"WSName":"DB","rangeAddress":"$HK$95:$HK$132","headAddress":"$HK$95","bodyAddress":"$HK$96:$HK$132","_name":"код"},"основное":{"_level":2,"parentID":"802ebb45-5aa6-46c0-b1a9-1e23d7856467","firstParentID":"1b75def0-244c-4809-a6cc-c956f68b2096","ID":"9bb96a96-fad0-4e50-99c7-78cf65ad7a9e","childs":null,"emcosID":null,"emcosMLID":null,"WSName":"DB","rangeAddress":"$HL$95:$HL$132","headAddress":"$HL$95","bodyAddress":"$HL$96:$HL$132","_name":"основное"},"корректировка факт":{"_level":2,"parentID":"802ebb45-5aa6-46c0-b1a9-1e23d7856467","firstParentID":"1b75def0-244c-4809-a6cc-c956f68b2096","ID":"5d2cd879-faf6-466a-86ae-4d845e27a9fa","childs":null,"emcosID":null,"emcosMLID":null,"WSName":"DB","rangeAddress":"$HM$95:$HM$132","headAddress":"$HM$95","bodyAddress":"$HM$96:$HM$132","_name":"корректировка факт"},"ручное":{"_level":2,"parentID":"802ebb45-5aa6-46c0-b1a9-1e23d7856467","firstParentID":"1b75def0-244c-4809-a6cc-c956f68b2096","ID":"651022a5-8f90-4e57-ad1f-d49a72e968f7","childs":null,"emcosID":null,"emcosMLID":null,"WSName":"DB","rangeAddress":"$HN$95:$HN$132","headAddress":"$HN$95","bodyAddress":"$HN$96:$HN$132","_name":"ручное"},"оперативное":{"_level":2,"parentID":"802ebb45-5aa6-46c0-b1a9-1e23d7856467","firstParentID":"1b75def0-244c-4809-a6cc-c956f68b2096","ID":"be064e03-53e8-4518-b7a9-4c50a56746cb","childs":null,"emcosID":null,"emcosMLID":null,"WSName":"DB","rangeAddress":"$HO$95:$HO$132","headAddress":"$HO$95","bodyAddress":"$HO$96:$HO$132","_name":"оперативное"}},"emcosID":null,"emcosMLID":null,"WSName":"DB","rangeAddress":"$HK$94:$HO$132","headAddress":"$HK$94:$HO$94","bodyAddress":"$HK$95:$HO$132","_name":"отдача"}},"emcosID":null,"emcosMLID":null,"WSName":"DB","rangeAddress":"$HF$93:$HO$132","headAddress":"$HF$93:$HO$93","bodyAddress":"$HF$94:$HO$132","_name":"Л2133 КГЭС"}},"codPlan":null,"meterCoef":null,"_name":"Л2133 КГЭС"}