[{"text":"Потребление Теплосервис Жетысу прием","ID":"27c92694-7627-4119-897d-be7188f40715","type":0},{"text":"+","ID":null,"type":2},{"text":"Потребление Жетысу Водоканал прием","ID":"05e470f6-2867-40db-9d61-a964360fdbea","type":0},{"text":"+","ID":null,"type":2},{"text":"Потребление Green Oil Жетысу прием","ID":"571df3dc-1681-44a5-a193-3f0e2013860c","type":0},{"text":"+","ID":null,"type":2},{"text":"Потребление Хоргос Восточные Ворота прием","ID":"9ee17ff5-493e-40d6-9e96-df8d88b3553f","type":0},{"text":"+","ID":null,"type":2},{"text":"ДМС потери КТЖ Жетысу прием","ID":"50d9f648-87c9-4264-b04b-cbf8a699ad62","type":0},{"text":"+","ID":null,"type":2},{"text":"Грузовые перевозки КТЖ Жетысу прием","ID":"a821c11c-28e8-4cde-93ed-6133953714e0","type":0},{"text":"+","ID":null,"type":2},{"text":"ДМС хоз нужды КТЖ Жетысу прием","ID":"105aeb06-6fd5-4c6c-8a4f-d0247b15c105","type":0},{"text":"+","ID":null,"type":2},{"text":"Потребление Каратал Транзит прием","ID":"9d8a3de3-3ee5-45e9-9d48-9af1bac0ff77","type":0},{"text":"+","ID":null,"type":2},{"text":"Потребление A.F. Эй Эф прием","ID":"b75b52e8-2585-4c6c-a7b8-ab50222eda92","type":0},{"text":"+","ID":null,"type":2},{"text":"Потребление ЧК TT Tech Limited прием","ID":"dc3e0778-ebae-4c32-8c1a-663d9af3b7dd","type":0},{"text":"+","ID":null,"type":2},{"text":"Потребление Казэнергоцентр прием","ID":"cd4f12b0-b42d-4e82-82e0-b7df64c2d084","type":0},{"text":"+","ID":null,"type":2},{"text":"Потребление ALACEM прием","ID":"4fa85714-a114-40f6-8e1c-6ac64c21bfc7","type":0},{"text":"+","ID":null,"type":2},{"text":"Производственные нужды Текелиский ТЭЦ2 ТТЭЦ2 прием","ID":"73a3ea22-65b9-405e-8b7b-800872246365","type":0},{"text":"+","ID":null,"type":2},{"text":"Потребление Кайнар АКБ прием","ID":"0d5de071-eb7b-4c97-83bd-fbe2f533f6b2","type":0},{"text":"+","ID":null,"type":2},{"text":"Потребление Темирбетон Жетысу прием","ID":"f4023b92-1206-49cd-993f-704845f124c8","type":0},{"text":"+","ID":null,"type":2},{"text":"Потребление Т-Транзит Жетысу прием","ID":"9a54e369-ff04-4450-be2f-6a401e0c23ba","type":0},{"text":"+","ID":null,"type":2},{"text":"Потребление Алмаз Керамикс Жетысу прием","ID":"a41ed615-3af6-4307-a25d-681f27d2c38b","type":0},{"text":"+","ID":null,"type":2},{"text":"Потребление ТК Метакон Жетысу прием","ID":"32e500ca-a9e2-458a-bbcc-932c0019ad1f","type":0}]