[{"text":"10","ID":null,"type":3},{"text":"*","ID":null,"type":2},{"text":"(","ID":"6d25af3d-1b79-4f15-8d1a-ac31df554e0f","type":1},{"text":"Л21А Жилпоселок отдача","ID":"dafbdfc6-9583-47d0-8f6f-0a45510ffa19","type":0},{"text":"+","ID":null,"type":2},{"text":"Л20А Жилпоселок отдача","ID":"339a3925-eb5c-4597-82d3-92502bf0bd36","type":0},{"text":"+","ID":null,"type":2},{"text":"Л61 Водозабор отдача","ID":"5c015ad8-9617-4ffa-b0eb-8624e5b3f796","type":0},{"text":"+","ID":null,"type":2},{"text":"Л62 Водозабор отдача","ID":"82c484f5-315e-4c7c-9cdc-af3b24288d6d","type":0},{"text":")","ID":"6d25af3d-1b79-4f15-8d1a-ac31df554e0f","type":1}]