[{"text":"Генерация Успеновская ГЭС отдача","ID":"cdbb28dd-e61b-484b-bd5c-79b53de10b20","type":0},{"text":"+","ID":null,"type":2},{"text":"Генерация Каскад Каратальских ГЭС ККГЭС отдача","ID":"389c491d-058e-43d1-86ff-1d997d7e2eda","type":0},{"text":"+","ID":null,"type":2},{"text":"Генерация Текелиский ТЭЦ2 ТТЭЦ2 отдача","ID":"190efce0-706c-41a3-b7b9-34e4d4d82d0a","type":0},{"text":"+","ID":null,"type":2},{"text":"Генерация ВИЭ Жетысу отдача","ID":"a9bb827d-acca-4e63-9640-e14e7de2eef4","type":0},{"text":"+","ID":null,"type":2},{"text":"Генерация Аксу ГЭС отдача","ID":"31966a3b-1c28-4926-8ec4-27884c9d49a1","type":0}]