{"ID":"24f90a89-ce26-451c-8ba1-a8e15a21b91f","childs":{"PS":{"_level":0,"parentID":"24f90a89-ce26-451c-8ba1-a8e15a21b91f","firstParentID":"24f90a89-ce26-451c-8ba1-a8e15a21b91f","ID":"8ae67b59-6006-4784-8fd0-a7ffe18fa219","childs":{"прием":{"_level":1,"parentID":"8ae67b59-6006-4784-8fd0-a7ffe18fa219","firstParentID":"24f90a89-ce26-451c-8ba1-a8e15a21b91f","ID":"d9165872-4716-4ffd-b86a-33f9610b676d","childs":{"формула":{"_level":2,"parentID":"d9165872-4716-4ffd-b86a-33f9610b676d","firstParentID":"24f90a89-ce26-451c-8ba1-a8e15a21b91f","ID":"fc3f51d4-f69d-4392-be32-6e0ce40d986a","childs":null,"emcosID":null,"emcosMLID":null,"codMaketTEP":null,"codTEP":null,"WSName":"PS","rangeAddress":"$L$185:$L$221","headAddress":"$L$185","bodyAddress":"$L$186:$L$221","_name":"формула"}},"emcosID":null,"emcosMLID":null,"codMaketTEP":1393,"codTEP":null,"WSName":"PS","rangeAddress":"$L$184:$L$221","headAddress":"$L$184","bodyAddress":"$L$185:$L$221","_name":"прием"}},"emcosID":null,"emcosMLID":null,"codMaketTEP":null,"codTEP":null,"WSName":"PS","rangeAddress":"$L$183:$L$221","headAddress":"$L$183","bodyAddress":"$L$184:$L$221","_name":"В границах АЖК АБ Энерго Алматы"},"DB":{"_level":0,"parentID":"24f90a89-ce26-451c-8ba1-a8e15a21b91f","firstParentID":"24f90a89-ce26-451c-8ba1-a8e15a21b91f","ID":"d9ca4989-77be-47c5-ad40-880cd84169a1","childs":{"прием":{"_level":1,"parentID":"d9ca4989-77be-47c5-ad40-880cd84169a1","firstParentID":"24f90a89-ce26-451c-8ba1-a8e15a21b91f","ID":"052c63b1-043c-4e77-96dd-121037e5f710","childs":{"код":{"_level":2,"parentID":"052c63b1-043c-4e77-96dd-121037e5f710","firstParentID":"24f90a89-ce26-451c-8ba1-a8e15a21b91f","ID":"d2e1001f-a36c-4c08-92d4-3dff35e1d627","childs":null,"emcosID":null,"emcosMLID":null,"codMaketTEP":null,"codTEP":null,"WSName":"DB","rangeAddress":"$DB$482:$DB$519","headAddress":"$DB$482","bodyAddress":"$DB$483:$DB$519","_name":"код"},"основное":{"_level":2,"parentID":"052c63b1-043c-4e77-96dd-121037e5f710","firstParentID":"24f90a89-ce26-451c-8ba1-a8e15a21b91f","ID":"bfcf7840-dc4d-44ea-99a5-f1827321fe3e","childs":null,"emcosID":null,"emcosMLID":null,"codMaketTEP":null,"codTEP":null,"WSName":"DB","rangeAddress":"$DC$482:$DC$519","headAddress":"$DC$482","bodyAddress":"$DC$483:$DC$519","_name":"основное"},"корректировка факт":{"_level":2,"parentID":"052c63b1-043c-4e77-96dd-121037e5f710","firstParentID":"24f90a89-ce26-451c-8ba1-a8e15a21b91f","ID":"e9333b72-14ea-4fa1-a436-823f3a33d14e","childs":null,"emcosID":null,"emcosMLID":null,"codMaketTEP":null,"codTEP":null,"WSName":"DB","rangeAddress":"$DD$482:$DD$519","headAddress":"$DD$482","bodyAddress":"$DD$483:$DD$519","_name":"корректировка факт"},"ручное":{"_level":2,"parentID":"052c63b1-043c-4e77-96dd-121037e5f710","firstParentID":"24f90a89-ce26-451c-8ba1-a8e15a21b91f","ID":"9811e49b-a493-4511-829b-5134139e2a99","childs":null,"emcosID":null,"emcosMLID":null,"codMaketTEP":null,"codTEP":null,"WSName":"DB","rangeAddress":"$DE$482:$DE$519","headAddress":"$DE$482","bodyAddress":"$DE$483:$DE$519","_name":"ручное"},"формула":{"_level":2,"parentID":"052c63b1-043c-4e77-96dd-121037e5f710","firstParentID":"24f90a89-ce26-451c-8ba1-a8e15a21b91f","ID":"3df22ccb-e733-41d9-b376-33c4a3bd111e","childs":null,"emcosID":null,"emcosMLID":null,"codMaketTEP":null,"codTEP":null,"WSName":"DB","rangeAddress":"$DF$482:$DF$519","headAddress":"$DF$482","bodyAddress":"$DF$483:$DF$519","_name":"формула"}},"emcosID":null,"emcosMLID":null,"codMaketTEP":null,"codTEP":null,"WSName":"DB","rangeAddress":"$DB$481:$DF$519","headAddress":"$DB$481:$DF$481","bodyAddress":"$DB$482:$DF$519","_name":"прием"}},"emcosID":null,"emcosMLID":null,"codMaketTEP":null,"codTEP":null,"WSName":"DB","rangeAddress":"$DB$480:$DF$519","headAddress":"$DB$480:$DF$480","bodyAddress":"$DB$481:$DF$519","_name":"В границах АЖК АБ Энерго Алматы"}},"codPlan":null,"meterCoef":null,"_name":"В границах АЖК АБ Энерго Алматы"}