{"ID":"83018560-5ff3-4f2a-95ac-a54bf70a69cf","childs":{"PS":{"_level":0,"parentID":"83018560-5ff3-4f2a-95ac-a54bf70a69cf","firstParentID":"83018560-5ff3-4f2a-95ac-a54bf70a69cf","ID":"9fefc9bd-61ad-4f52-8919-3f9d6f1d0fa8","childs":{"отдача":{"_level":1,"parentID":"9fefc9bd-61ad-4f52-8919-3f9d6f1d0fa8","firstParentID":"83018560-5ff3-4f2a-95ac-a54bf70a69cf","ID":"9a99772f-e998-45e8-9fe3-b8fa4fec17c7","childs":{"по счетчику":{"_level":2,"parentID":"9a99772f-e998-45e8-9fe3-b8fa4fec17c7","firstParentID":"83018560-5ff3-4f2a-95ac-a54bf70a69cf","ID":"c2362fbf-6e56-4145-9142-d6c3d5331e50","childs":null,"emcosID":null,"emcosMLID":null,"codMaketTEP":null,"codTEP":null,"WSName":"PS","rangeAddress":"$EA$99:$EA$135","headAddress":"$EA$99","bodyAddress":"$EA$100:$EA$135","_name":"по счетчику"},"СЧЕТЧИК":{"_level":2,"parentID":"9a99772f-e998-45e8-9fe3-b8fa4fec17c7","firstParentID":"83018560-5ff3-4f2a-95ac-a54bf70a69cf","ID":"a4702a4e-bc9b-4a70-9921-ec239e3ee1ee","childs":null,"emcosID":null,"emcosMLID":null,"codMaketTEP":null,"codTEP":null,"WSName":"PS","rangeAddress":"$EB$99:$EB$135","headAddress":"$EB$99","bodyAddress":"$EB$100:$EB$135","_name":"СЧЕТЧИК"}},"emcosID":null,"emcosMLID":null,"codMaketTEP":null,"codTEP":null,"WSName":"PS","rangeAddress":"$EA$98:$EB$135","headAddress":"$EA$98:$EB$98","bodyAddress":"$EA$99:$EB$135","_name":"отдача"}},"emcosID":null,"emcosMLID":null,"codMaketTEP":null,"codTEP":null,"WSName":"PS","rangeAddress":"$EA$97:$EB$135","headAddress":"$EA$97:$EB$97","bodyAddress":"$EA$98:$EB$135","_name":"КЛ10 ПС152 Талдыкорган"},"DB":{"_level":0,"parentID":"83018560-5ff3-4f2a-95ac-a54bf70a69cf","firstParentID":"83018560-5ff3-4f2a-95ac-a54bf70a69cf","ID":"0343f19b-fdbc-4cb2-8ff9-6be3bc4943db","childs":{"отдача":{"_level":1,"parentID":"0343f19b-fdbc-4cb2-8ff9-6be3bc4943db","firstParentID":"83018560-5ff3-4f2a-95ac-a54bf70a69cf","ID":"d7b80b81-50c0-485b-9968-21d74b1156ab","childs":{"код":{"_level":2,"parentID":"d7b80b81-50c0-485b-9968-21d74b1156ab","firstParentID":"83018560-5ff3-4f2a-95ac-a54bf70a69cf","ID":"7403cea0-a9b0-4473-b792-b8ef894162f6","childs":null,"emcosID":null,"emcosMLID":null,"codMaketTEP":null,"codTEP":null,"WSName":"DB","rangeAddress":"$BH$482:$BH$519","headAddress":"$BH$482","bodyAddress":"$BH$483:$BH$519","_name":"код"},"основное":{"_level":2,"parentID":"d7b80b81-50c0-485b-9968-21d74b1156ab","firstParentID":"83018560-5ff3-4f2a-95ac-a54bf70a69cf","ID":"d2290282-5057-4b4a-9b62-2b47576b58bd","childs":null,"emcosID":null,"emcosMLID":null,"codMaketTEP":null,"codTEP":null,"WSName":"DB","rangeAddress":"$BI$482:$BI$519","headAddress":"$BI$482","bodyAddress":"$BI$483:$BI$519","_name":"основное"},"корректировка факт":{"_level":2,"parentID":"d7b80b81-50c0-485b-9968-21d74b1156ab","firstParentID":"83018560-5ff3-4f2a-95ac-a54bf70a69cf","ID":"564fc239-de54-41fe-93f1-ad94737db5ab","childs":null,"emcosID":null,"emcosMLID":null,"codMaketTEP":null,"codTEP":null,"WSName":"DB","rangeAddress":"$BJ$482:$BJ$519","headAddress":"$BJ$482","bodyAddress":"$BJ$483:$BJ$519","_name":"корректировка факт"},"ручное":{"_level":2,"parentID":"d7b80b81-50c0-485b-9968-21d74b1156ab","firstParentID":"83018560-5ff3-4f2a-95ac-a54bf70a69cf","ID":"bfc99a11-8444-43f3-912a-cb0af0ebcfc0","childs":null,"emcosID":null,"emcosMLID":null,"codMaketTEP":null,"codTEP":null,"WSName":"DB","rangeAddress":"$BK$482:$BK$519","headAddress":"$BK$482","bodyAddress":"$BK$483:$BK$519","_name":"ручное"},"счетчик":{"_level":2,"parentID":"d7b80b81-50c0-485b-9968-21d74b1156ab","firstParentID":"83018560-5ff3-4f2a-95ac-a54bf70a69cf","ID":"832eae13-b9e4-4d69-897a-7fefcd166671","childs":null,"emcosID":null,"emcosMLID":null,"codMaketTEP":null,"codTEP":null,"WSName":"DB","rangeAddress":"$BL$482:$BL$519","headAddress":"$BL$482","bodyAddress":"$BL$483:$BL$519","_name":"счетчик"},"по счетчику":{"_level":2,"parentID":"d7b80b81-50c0-485b-9968-21d74b1156ab","firstParentID":"83018560-5ff3-4f2a-95ac-a54bf70a69cf","ID":"d60eebe6-9be6-4f64-ae4b-9f12de04d07b","childs":null,"emcosID":null,"emcosMLID":null,"codMaketTEP":null,"codTEP":null,"WSName":"DB","rangeAddress":"$BM$482:$BM$519","headAddress":"$BM$482","bodyAddress":"$BM$483:$BM$519","_name":"по счетчику"}},"emcosID":null,"emcosMLID":null,"codMaketTEP":null,"codTEP":null,"WSName":"DB","rangeAddress":"$BH$481:$BM$519","headAddress":"$BH$481:$BM$481","bodyAddress":"$BH$482:$BM$519","_name":"отдача"}},"emcosID":null,"emcosMLID":null,"codMaketTEP":null,"codTEP":null,"WSName":"DB","rangeAddress":"$BH$480:$BM$519","headAddress":"$BH$480:$BM$480","bodyAddress":"$BH$481:$BM$519","_name":"КЛ10 ПС152 Талдыкорган"}},"codPlan":null,"meterCoef":"4","_name":"КЛ10 ПС152 Талдыкорган"}