{"ID":"8beae0ba-d5ca-4442-9a33-44ae3cd002b5","childs":{"PS":{"_level":0,"parentID":"8beae0ba-d5ca-4442-9a33-44ae3cd002b5","firstParentID":"8beae0ba-d5ca-4442-9a33-44ae3cd002b5","ID":"7ffac1a3-cd95-493e-a6cf-45d610d34995","childs":{"отдача":{"_level":1,"parentID":"7ffac1a3-cd95-493e-a6cf-45d610d34995","firstParentID":"8beae0ba-d5ca-4442-9a33-44ae3cd002b5","ID":"132b7b5f-78b5-43e9-8003-f67e10473e4b","childs":{"оперативное":{"_level":2,"parentID":"132b7b5f-78b5-43e9-8003-f67e10473e4b","firstParentID":"8beae0ba-d5ca-4442-9a33-44ae3cd002b5","ID":"54f2c65c-6101-4aac-b822-d5226fcc9224","childs":null,"emcosID":null,"emcosMLID":null,"codMaketTEP":null,"codTEP":null,"WSName":"PS","rangeAddress":"$EM$185:$EM$221","headAddress":"$EM$185","bodyAddress":"$EM$186:$EM$221","_name":"оперативное"}},"emcosID":null,"emcosMLID":null,"codMaketTEP":null,"codTEP":null,"WSName":"PS","rangeAddress":"$EM$184:$EM$221","headAddress":"$EM$184","bodyAddress":"$EM$185:$EM$221","_name":"отдача"}},"emcosID":null,"emcosMLID":null,"codMaketTEP":null,"codTEP":null,"WSName":"PS","rangeAddress":"$EM$183:$EM$221","headAddress":"$EM$183","bodyAddress":"$EM$184:$EM$221","_name":"Генерация Аннар"},"DB":{"_level":0,"parentID":"8beae0ba-d5ca-4442-9a33-44ae3cd002b5","firstParentID":"8beae0ba-d5ca-4442-9a33-44ae3cd002b5","ID":"859eef1f-9eca-4fa1-9b89-6756e462a155","childs":{"отдача":{"_level":1,"parentID":"859eef1f-9eca-4fa1-9b89-6756e462a155","firstParentID":"8beae0ba-d5ca-4442-9a33-44ae3cd002b5","ID":"ae2149b1-a646-40e7-8e6a-2684a44c78e4","childs":{"код":{"_level":2,"parentID":"ae2149b1-a646-40e7-8e6a-2684a44c78e4","firstParentID":"8beae0ba-d5ca-4442-9a33-44ae3cd002b5","ID":"6ce3d89e-8d67-4edc-a1ca-bcea7d079f48","childs":null,"emcosID":null,"emcosMLID":null,"codMaketTEP":null,"codTEP":null,"WSName":"DB","rangeAddress":"$GD$267:$GD$304","headAddress":"$GD$267","bodyAddress":"$GD$268:$GD$304","_name":"код"},"основное":{"_level":2,"parentID":"ae2149b1-a646-40e7-8e6a-2684a44c78e4","firstParentID":"8beae0ba-d5ca-4442-9a33-44ae3cd002b5","ID":"193bc383-9a37-4eae-abc7-e1fe398d0e7b","childs":null,"emcosID":null,"emcosMLID":null,"codMaketTEP":null,"codTEP":null,"WSName":"DB","rangeAddress":"$GE$267:$GE$304","headAddress":"$GE$267","bodyAddress":"$GE$268:$GE$304","_name":"основное"},"корректировка факт":{"_level":2,"parentID":"ae2149b1-a646-40e7-8e6a-2684a44c78e4","firstParentID":"8beae0ba-d5ca-4442-9a33-44ae3cd002b5","ID":"45686dc0-d5f2-44a6-9c71-630d8bce022d","childs":null,"emcosID":null,"emcosMLID":null,"codMaketTEP":null,"codTEP":null,"WSName":"DB","rangeAddress":"$GF$267:$GF$304","headAddress":"$GF$267","bodyAddress":"$GF$268:$GF$304","_name":"корректировка факт"},"ручное":{"_level":2,"parentID":"ae2149b1-a646-40e7-8e6a-2684a44c78e4","firstParentID":"8beae0ba-d5ca-4442-9a33-44ae3cd002b5","ID":"29ef51f6-2588-4f4f-b5dd-01fc8ccb0ac3","childs":null,"emcosID":null,"emcosMLID":null,"codMaketTEP":null,"codTEP":null,"WSName":"DB","rangeAddress":"$GG$267:$GG$304","headAddress":"$GG$267","bodyAddress":"$GG$268:$GG$304","_name":"ручное"},"оперативное":{"_level":2,"parentID":"ae2149b1-a646-40e7-8e6a-2684a44c78e4","firstParentID":"8beae0ba-d5ca-4442-9a33-44ae3cd002b5","ID":"83755318-afc0-4eb1-843c-ed6a08639eb3","childs":null,"emcosID":null,"emcosMLID":null,"codMaketTEP":null,"codTEP":null,"WSName":"DB","rangeAddress":"$GH$267:$GH$304","headAddress":"$GH$267","bodyAddress":"$GH$268:$GH$304","_name":"оперативное"}},"emcosID":null,"emcosMLID":null,"codMaketTEP":null,"codTEP":null,"WSName":"DB","rangeAddress":"$GD$266:$GH$304","headAddress":"$GD$266:$GH$266","bodyAddress":"$GD$267:$GH$304","_name":"отдача"}},"emcosID":null,"emcosMLID":null,"codMaketTEP":null,"codTEP":null,"WSName":"DB","rangeAddress":"$GD$265:$GH$304","headAddress":"$GD$265:$GH$265","bodyAddress":"$GD$266:$GH$304","_name":"Генерация Аннар"}},"codPlan":null,"meterCoef":null,"_name":"Генерация Аннар"}