{"ID":"a0e17a79-1b2a-4d13-96bd-ba6b3f397771","childs":{"PS":{"_level":0,"parentID":"a0e17a79-1b2a-4d13-96bd-ba6b3f397771","firstParentID":"a0e17a79-1b2a-4d13-96bd-ba6b3f397771","ID":"f3dda841-4bd2-4343-9492-abe0bcd60cf6","childs":{"отдача":{"_level":1,"parentID":"f3dda841-4bd2-4343-9492-abe0bcd60cf6","firstParentID":"a0e17a79-1b2a-4d13-96bd-ba6b3f397771","ID":"0a10d6a3-7ed4-416e-8182-e12fb8eaf57a","childs":{"по счетчику":{"_level":2,"parentID":"0a10d6a3-7ed4-416e-8182-e12fb8eaf57a","firstParentID":"a0e17a79-1b2a-4d13-96bd-ba6b3f397771","ID":"c2a266a6-68a3-40c8-af1c-5645b0b9cdad","childs":null,"emcosID":null,"emcosMLID":null,"codMaketTEP":null,"codTEP":null,"WSName":"PS","rangeAddress":"$BE$99:$BE$135","headAddress":"$BE$99","bodyAddress":"$BE$100:$BE$135","_name":"по счетчику"}},"emcosID":null,"emcosMLID":null,"codMaketTEP":null,"codTEP":null,"WSName":"PS","rangeAddress":"$BE$98:$BE$135","headAddress":"$BE$98","bodyAddress":"$BE$99:$BE$135","_name":"отдача"}},"emcosID":null,"emcosMLID":null,"codMaketTEP":null,"codTEP":null,"WSName":"PS","rangeAddress":"$BE$97:$BE$135","headAddress":"$BE$97","bodyAddress":"$BE$98:$BE$135","_name":"Л3 ПС126 Талдыкорган"},"DB":{"_level":0,"parentID":"a0e17a79-1b2a-4d13-96bd-ba6b3f397771","firstParentID":"a0e17a79-1b2a-4d13-96bd-ba6b3f397771","ID":"ef2a3fe9-edfe-49c0-890b-df9fa4d1d440","childs":{"отдача":{"_level":1,"parentID":"ef2a3fe9-edfe-49c0-890b-df9fa4d1d440","firstParentID":"a0e17a79-1b2a-4d13-96bd-ba6b3f397771","ID":"e3c7953b-7a5d-450f-a017-ef0d07d0d5a4","childs":{"код":{"_level":2,"parentID":"e3c7953b-7a5d-450f-a017-ef0d07d0d5a4","firstParentID":"a0e17a79-1b2a-4d13-96bd-ba6b3f397771","ID":"11ab337a-0d4b-4d74-a54e-4de5a9aaaf8a","childs":null,"emcosID":null,"emcosMLID":null,"codMaketTEP":null,"codTEP":null,"WSName":"DB","rangeAddress":"$I$353:$I$390","headAddress":"$I$353","bodyAddress":"$I$354:$I$390","_name":"код"},"основное":{"_level":2,"parentID":"e3c7953b-7a5d-450f-a017-ef0d07d0d5a4","firstParentID":"a0e17a79-1b2a-4d13-96bd-ba6b3f397771","ID":"54af2d4e-35c0-4241-9de0-3db29a401494","childs":null,"emcosID":null,"emcosMLID":null,"codMaketTEP":null,"codTEP":null,"WSName":"DB","rangeAddress":"$J$353:$J$390","headAddress":"$J$353","bodyAddress":"$J$354:$J$390","_name":"основное"},"корректировка факт":{"_level":2,"parentID":"e3c7953b-7a5d-450f-a017-ef0d07d0d5a4","firstParentID":"a0e17a79-1b2a-4d13-96bd-ba6b3f397771","ID":"3208253e-f3a4-42e8-a863-be87faf5e701","childs":null,"emcosID":null,"emcosMLID":null,"codMaketTEP":null,"codTEP":null,"WSName":"DB","rangeAddress":"$K$353:$K$390","headAddress":"$K$353","bodyAddress":"$K$354:$K$390","_name":"корректировка факт"},"ручное":{"_level":2,"parentID":"e3c7953b-7a5d-450f-a017-ef0d07d0d5a4","firstParentID":"a0e17a79-1b2a-4d13-96bd-ba6b3f397771","ID":"6ca41b27-a023-4251-884a-8dd241d85951","childs":null,"emcosID":null,"emcosMLID":null,"codMaketTEP":null,"codTEP":null,"WSName":"DB","rangeAddress":"$L$353:$L$390","headAddress":"$L$353","bodyAddress":"$L$354:$L$390","_name":"ручное"},"счетчик":{"_level":2,"parentID":"e3c7953b-7a5d-450f-a017-ef0d07d0d5a4","firstParentID":"a0e17a79-1b2a-4d13-96bd-ba6b3f397771","ID":"8b6b3b43-c2cd-4b7b-92bc-25ecb7851fa4","childs":null,"emcosID":null,"emcosMLID":null,"codMaketTEP":null,"codTEP":null,"WSName":"DB","rangeAddress":"$M$353:$M$390","headAddress":"$M$353","bodyAddress":"$M$354:$M$390","_name":"счетчик"},"по счетчику":{"_level":2,"parentID":"e3c7953b-7a5d-450f-a017-ef0d07d0d5a4","firstParentID":"a0e17a79-1b2a-4d13-96bd-ba6b3f397771","ID":"73c786c4-3d08-4362-92eb-304b1fe38453","childs":null,"emcosID":null,"emcosMLID":null,"codMaketTEP":null,"codTEP":null,"WSName":"DB","rangeAddress":"$N$353:$N$390","headAddress":"$N$353","bodyAddress":"$N$354:$N$390","_name":"по счетчику"}},"emcosID":null,"emcosMLID":null,"codMaketTEP":null,"codTEP":null,"WSName":"DB","rangeAddress":"$I$352:$N$390","headAddress":"$I$352:$N$352","bodyAddress":"$I$353:$N$390","_name":"отдача"}},"emcosID":null,"emcosMLID":null,"codMaketTEP":null,"codTEP":null,"WSName":"DB","rangeAddress":"$I$351:$N$390","headAddress":"$I$351:$N$351","bodyAddress":"$I$352:$N$390","_name":"Л3 ПС126 Талдыкорган"}},"codPlan":null,"meterCoef":"3","_name":"Л3 ПС126 Талдыкорган"}