{"ID":"e53d64e3-141e-4a30-9508-53f92bb33287","childs":{"PS":{"_level":0,"parentID":"e53d64e3-141e-4a30-9508-53f92bb33287","firstParentID":"e53d64e3-141e-4a30-9508-53f92bb33287","ID":"4c9049ab-a93a-4408-be80-f1a471bdc8ed","childs":{"прием":{"_level":1,"parentID":"4c9049ab-a93a-4408-be80-f1a471bdc8ed","firstParentID":"e53d64e3-141e-4a30-9508-53f92bb33287","ID":"13296836-b22d-4e10-91d8-e78a924343c8","childs":{"по счетчику":{"_level":2,"parentID":"13296836-b22d-4e10-91d8-e78a924343c8","firstParentID":"e53d64e3-141e-4a30-9508-53f92bb33287","ID":"e24e8e26-bed1-4366-92c1-5acd98055b30","childs":null,"emcosID":null,"emcosMLID":null,"codMaketTEP":null,"codTEP":null,"WSName":"PS","rangeAddress":"$AZ$56:$AZ$92","headAddress":"$AZ$56","bodyAddress":"$AZ$57:$AZ$92","_name":"по счетчику"},"СЧЕТЧИК":{"_level":2,"parentID":"13296836-b22d-4e10-91d8-e78a924343c8","firstParentID":"e53d64e3-141e-4a30-9508-53f92bb33287","ID":"6a874d77-37f7-49b6-bfb3-9599c9201c92","childs":null,"emcosID":null,"emcosMLID":null,"codMaketTEP":null,"codTEP":null,"WSName":"PS","rangeAddress":"$BA$56:$BA$92","headAddress":"$BA$56","bodyAddress":"$BA$57:$BA$92","_name":"СЧЕТЧИК"}},"emcosID":null,"emcosMLID":null,"codMaketTEP":null,"codTEP":null,"WSName":"PS","rangeAddress":"$AZ$55:$BA$92","headAddress":"$AZ$55:$BA$55","bodyAddress":"$AZ$56:$BA$92","_name":"прием"},"отдача":{"_level":1,"parentID":"4c9049ab-a93a-4408-be80-f1a471bdc8ed","firstParentID":"e53d64e3-141e-4a30-9508-53f92bb33287","ID":"0d86b896-ae5a-4ce3-93b6-ca710bb03ea9","childs":{"по счетчику":{"_level":2,"parentID":"0d86b896-ae5a-4ce3-93b6-ca710bb03ea9","firstParentID":"e53d64e3-141e-4a30-9508-53f92bb33287","ID":"8c0fbe28-b553-4d82-8cce-9edab9bd1a06","childs":null,"emcosID":null,"emcosMLID":null,"codMaketTEP":null,"codTEP":null,"WSName":"PS","rangeAddress":"$BB$56:$BB$92","headAddress":"$BB$56","bodyAddress":"$BB$57:$BB$92","_name":"по счетчику"},"СЧЕТЧИК":{"_level":2,"parentID":"0d86b896-ae5a-4ce3-93b6-ca710bb03ea9","firstParentID":"e53d64e3-141e-4a30-9508-53f92bb33287","ID":"598aca0b-dfbd-40ea-9cf9-9c36ea80d549","childs":null,"emcosID":null,"emcosMLID":null,"codMaketTEP":null,"codTEP":null,"WSName":"PS","rangeAddress":"$BC$56:$BC$92","headAddress":"$BC$56","bodyAddress":"$BC$57:$BC$92","_name":"СЧЕТЧИК"}},"emcosID":null,"emcosMLID":null,"codMaketTEP":null,"codTEP":null,"WSName":"PS","rangeAddress":"$BB$55:$BC$92","headAddress":"$BB$55:$BC$55","bodyAddress":"$BB$56:$BC$92","_name":"отдача"}},"emcosID":null,"emcosMLID":null,"codMaketTEP":null,"codTEP":null,"WSName":"PS","rangeAddress":"$AZ$54:$BC$92","headAddress":"$AZ$54:$BC$54","bodyAddress":"$AZ$55:$BC$92","_name":"Л2733 Шу"},"DB":{"_level":0,"parentID":"e53d64e3-141e-4a30-9508-53f92bb33287","firstParentID":"e53d64e3-141e-4a30-9508-53f92bb33287","ID":"9d81d4c5-0d01-4527-a115-f3f2b32e5f89","childs":{"прием":{"_level":1,"parentID":"9d81d4c5-0d01-4527-a115-f3f2b32e5f89","firstParentID":"e53d64e3-141e-4a30-9508-53f92bb33287","ID":"87567361-bf9c-4791-8ad9-138f74db6e60","childs":{"код":{"_level":2,"parentID":"87567361-bf9c-4791-8ad9-138f74db6e60","firstParentID":"e53d64e3-141e-4a30-9508-53f92bb33287","ID":"db5705df-ea74-4108-91c6-b5e5084c7fde","childs":null,"emcosID":null,"emcosMLID":null,"codMaketTEP":null,"codTEP":null,"WSName":"DB","rangeAddress":"$HZ$9:$HZ$46","headAddress":"$HZ$9","bodyAddress":"$HZ$10:$HZ$46","_name":"код"},"основное":{"_level":2,"parentID":"87567361-bf9c-4791-8ad9-138f74db6e60","firstParentID":"e53d64e3-141e-4a30-9508-53f92bb33287","ID":"96eb2da6-5a65-44d8-a0c6-685ffb152464","childs":null,"emcosID":null,"emcosMLID":null,"codMaketTEP":null,"codTEP":null,"WSName":"DB","rangeAddress":"$IA$9:$IA$46","headAddress":"$IA$9","bodyAddress":"$IA$10:$IA$46","_name":"основное"},"корректировка факт":{"_level":2,"parentID":"87567361-bf9c-4791-8ad9-138f74db6e60","firstParentID":"e53d64e3-141e-4a30-9508-53f92bb33287","ID":"adb0e174-fd95-45e6-ad62-2ffa328e6de7","childs":null,"emcosID":null,"emcosMLID":null,"codMaketTEP":null,"codTEP":null,"WSName":"DB","rangeAddress":"$IB$9:$IB$46","headAddress":"$IB$9","bodyAddress":"$IB$10:$IB$46","_name":"корректировка факт"},"ручное":{"_level":2,"parentID":"87567361-bf9c-4791-8ad9-138f74db6e60","firstParentID":"e53d64e3-141e-4a30-9508-53f92bb33287","ID":"307308b2-3598-452b-8025-0a05d58a8e34","childs":null,"emcosID":null,"emcosMLID":null,"codMaketTEP":null,"codTEP":null,"WSName":"DB","rangeAddress":"$IC$9:$IC$46","headAddress":"$IC$9","bodyAddress":"$IC$10:$IC$46","_name":"ручное"},"счетчик":{"_level":2,"parentID":"87567361-bf9c-4791-8ad9-138f74db6e60","firstParentID":"e53d64e3-141e-4a30-9508-53f92bb33287","ID":"72e9c03e-0fe0-477f-9425-d705e2fc0652","childs":null,"emcosID":null,"emcosMLID":null,"codMaketTEP":null,"codTEP":null,"WSName":"DB","rangeAddress":"$ID$9:$ID$46","headAddress":"$ID$9","bodyAddress":"$ID$10:$ID$46","_name":"счетчик"},"по счетчику":{"_level":2,"parentID":"87567361-bf9c-4791-8ad9-138f74db6e60","firstParentID":"e53d64e3-141e-4a30-9508-53f92bb33287","ID":"30cb25eb-0adf-4030-a067-b62bfda2100c","childs":null,"emcosID":null,"emcosMLID":null,"codMaketTEP":null,"codTEP":null,"WSName":"DB","rangeAddress":"$IE$9:$IE$46","headAddress":"$IE$9","bodyAddress":"$IE$10:$IE$46","_name":"по счетчику"}},"emcosID":null,"emcosMLID":null,"codMaketTEP":null,"codTEP":null,"WSName":"DB","rangeAddress":"$HZ$8:$IE$46","headAddress":"$HZ$8:$IE$8","bodyAddress":"$HZ$9:$IE$46","_name":"прием"},"отдача":{"_level":1,"parentID":"9d81d4c5-0d01-4527-a115-f3f2b32e5f89","firstParentID":"e53d64e3-141e-4a30-9508-53f92bb33287","ID":"fa3d8ec1-607f-46b3-9f77-9f0b77e8dd66","childs":{"код":{"_level":2,"parentID":"fa3d8ec1-607f-46b3-9f77-9f0b77e8dd66","firstParentID":"e53d64e3-141e-4a30-9508-53f92bb33287","ID":"e6886382-df8a-444c-aca7-a289d08c1f2f","childs":null,"emcosID":null,"emcosMLID":null,"codMaketTEP":null,"codTEP":null,"WSName":"DB","rangeAddress":"$IF$9:$IF$46","headAddress":"$IF$9","bodyAddress":"$IF$10:$IF$46","_name":"код"},"основное":{"_level":2,"parentID":"fa3d8ec1-607f-46b3-9f77-9f0b77e8dd66","firstParentID":"e53d64e3-141e-4a30-9508-53f92bb33287","ID":"25de2c81-a7ad-45e5-87e0-4ba3d9e292cb","childs":null,"emcosID":null,"emcosMLID":null,"codMaketTEP":null,"codTEP":null,"WSName":"DB","rangeAddress":"$IG$9:$IG$46","headAddress":"$IG$9","bodyAddress":"$IG$10:$IG$46","_name":"основное"},"корректировка факт":{"_level":2,"parentID":"fa3d8ec1-607f-46b3-9f77-9f0b77e8dd66","firstParentID":"e53d64e3-141e-4a30-9508-53f92bb33287","ID":"821c858b-bfb0-4414-9d4f-31e9caf9e654","childs":null,"emcosID":null,"emcosMLID":null,"codMaketTEP":null,"codTEP":null,"WSName":"DB","rangeAddress":"$IH$9:$IH$46","headAddress":"$IH$9","bodyAddress":"$IH$10:$IH$46","_name":"корректировка факт"},"ручное":{"_level":2,"parentID":"fa3d8ec1-607f-46b3-9f77-9f0b77e8dd66","firstParentID":"e53d64e3-141e-4a30-9508-53f92bb33287","ID":"cd4eb464-3984-4c94-9db7-5d4c48d51936","childs":null,"emcosID":null,"emcosMLID":null,"codMaketTEP":null,"codTEP":null,"WSName":"DB","rangeAddress":"$II$9:$II$46","headAddress":"$II$9","bodyAddress":"$II$10:$II$46","_name":"ручное"},"счетчик":{"_level":2,"parentID":"fa3d8ec1-607f-46b3-9f77-9f0b77e8dd66","firstParentID":"e53d64e3-141e-4a30-9508-53f92bb33287","ID":"62d8c6b3-fd38-4c3a-92b1-986fae08fdf2","childs":null,"emcosID":null,"emcosMLID":null,"codMaketTEP":null,"codTEP":null,"WSName":"DB","rangeAddress":"$IJ$9:$IJ$46","headAddress":"$IJ$9","bodyAddress":"$IJ$10:$IJ$46","_name":"счетчик"},"по счетчику":{"_level":2,"parentID":"fa3d8ec1-607f-46b3-9f77-9f0b77e8dd66","firstParentID":"e53d64e3-141e-4a30-9508-53f92bb33287","ID":"75668d7d-8871-4ecc-b5f9-c5326597bd70","childs":null,"emcosID":null,"emcosMLID":null,"codMaketTEP":null,"codTEP":null,"WSName":"DB","rangeAddress":"$IK$9:$IK$46","headAddress":"$IK$9","bodyAddress":"$IK$10:$IK$46","_name":"по счетчику"}},"emcosID":null,"emcosMLID":null,"codMaketTEP":null,"codTEP":null,"WSName":"DB","rangeAddress":"$IF$8:$IK$46","headAddress":"$IF$8:$IK$8","bodyAddress":"$IF$9:$IK$46","_name":"отдача"}},"emcosID":null,"emcosMLID":null,"codMaketTEP":null,"codTEP":null,"WSName":"DB","rangeAddress":"$HZ$7:$IK$46","headAddress":"$HZ$7:$IK$7","bodyAddress":"$HZ$8:$IK$46","_name":"Л2733 Шу"}},"codPlan":null,"meterCoef":"2200","_name":"Л2733 Шу"}