[{"text":"Л2733 Шу отдача","ID":"25de2c81-a7ad-45e5-87e0-4ba3d9e292cb","type":0},{"text":"-","ID":null,"type":2},{"text":"Л2733 Шу прием","ID":"96eb2da6-5a65-44d8-a0c6-685ffb152464","type":0},{"text":"+","ID":null,"type":2},{"text":"Потребление Шу 110 Тяга прием","ID":"487cba5e-7871-4d18-af55-d70e0977c213","type":0},{"text":"+","ID":null,"type":2},{"text":"Потребление Жидели тяга прием","ID":"051751a2-1705-484e-b61a-644e94c405e8","type":0},{"text":"+","ID":null,"type":2},{"text":"Потребление Кияхты тяга прием","ID":"834022b6-fb99-4fd0-9a6d-6f070f9bccf4","type":0}]