[{"text":"(","ID":"cf5cf4e1-98af-41f4-b1fa-d44ae2523fcf","type":1},{"text":"Потребление Мын Арал тяга прием","ID":"e437ddb2-73cc-4f1f-afc9-7c66e7a86ca0","type":0},{"text":"+","ID":null,"type":2},{"text":"Потребление Чиганак тяга прием","ID":"67b129cf-2ec7-4ce4-858c-8af69292a47f","type":0},{"text":"+","ID":null,"type":2},{"text":"Потребление Медеу тяга прием","ID":"afa8fb04-3749-4e50-9beb-f69e74e8440f","type":0},{"text":"+","ID":null,"type":2},{"text":"Потребление Жидели тяга прием","ID":"051751a2-1705-484e-b61a-644e94c405e8","type":0},{"text":"+","ID":null,"type":2},{"text":"Потребление Кияхты тяга прием","ID":"834022b6-fb99-4fd0-9a6d-6f070f9bccf4","type":0},{"text":"+","ID":null,"type":2},{"text":"Л2763 Алматы отдача","ID":"de46d1d4-069d-4d83-aa32-a661b897f8b6","type":0},{"text":"-","ID":null,"type":2},{"text":"Л2763 Алматы прием","ID":"51debe34-1a7a-4f0c-9265-236efc54d95c","type":0},{"text":"+","ID":null,"type":2},{"text":"Л2733 Шу отдача","ID":"25de2c81-a7ad-45e5-87e0-4ba3d9e292cb","type":0},{"text":"-","ID":null,"type":2},{"text":"Л2733 Шу прием","ID":"96eb2da6-5a65-44d8-a0c6-685ffb152464","type":0},{"text":"+","ID":null,"type":2},{"text":"Л133А Шу отдача","ID":"196c3f0e-4f79-41a1-8ea9-4e48e357202b","type":0},{"text":"+","ID":null,"type":2},{"text":"Л134А Шу отдача","ID":"adf63611-30f5-43eb-8471-08e996551e68","type":0},{"text":"+","ID":null,"type":2},{"text":"Л67А Пионерная прием","ID":"4cd81924-8ecc-4457-b1d2-106a4bebeaf7","type":0},{"text":")","ID":"cf5cf4e1-98af-41f4-b1fa-d44ae2523fcf","type":1},{"text":"-","ID":null,"type":2},{"text":"Потребление Энергопромтехно прием","ID":"642beb56-ef12-4808-aa47-3ef6f0e6d3a9","type":0},{"text":"-","ID":null,"type":2},{"text":"Потребление Жамбыл Жарык Сауда прием","ID":"5dc60ee6-d464-4040-a649-334dfb5fd154","type":0},{"text":"-","ID":null,"type":2},{"text":"Пассажирские локомотивы КТЖ Алматы прием","ID":"24e8c01d-c7d2-48dd-a5f6-fe7a58a082f1","type":0},{"text":"-","ID":null,"type":2},{"text":"ДМС потери и х.н. в границах АЖК КТЖ Алматы прием","ID":"3b4e0389-e7da-4e8b-a30d-503fdc8da9c4","type":0},{"text":"-","ID":null,"type":2},{"text":"ДМС потери КТЖ Алматы прием","ID":"91e10ffa-d9b0-4dc1-a0dc-2608525f8bf6","type":0},{"text":"-","ID":null,"type":2},{"text":"ДМС хоз нужды КТЖ Алматы прием","ID":"1f57c014-f6bb-4463-b965-4d6c9c79b968","type":0},{"text":"-","ID":null,"type":2},{"text":"Потребление Каз Энерго Холдинг Алматы прием","ID":"87caca4f-437c-450b-bd7a-aef77279e9b5","type":0},{"text":"-","ID":null,"type":2},{"text":"Потребление SilkWayEnergy Алматы прием","ID":"87ac89e7-426c-42ec-aa0f-3253e37fb260","type":0}]