[{"text":"Грузовые перевозки КТЖ Алматы прием","ID":"a08c0369-2b74-4229-97c6-ee238eeb63fe","type":0},{"text":"+","ID":null,"type":2},{"text":"Пассажирские локомотивы КТЖ Алматы прием","ID":"24e8c01d-c7d2-48dd-a5f6-fe7a58a082f1","type":0},{"text":"+","ID":null,"type":2},{"text":"ДМС потери КТЖ Алматы прием","ID":"91e10ffa-d9b0-4dc1-a0dc-2608525f8bf6","type":0},{"text":"+","ID":null,"type":2},{"text":"ДМС хоз нужды КТЖ Алматы прием","ID":"1f57c014-f6bb-4463-b965-4d6c9c79b968","type":0},{"text":"+","ID":null,"type":2},{"text":"Потребление Alfa Power Алматы прием","ID":"984d0437-822e-402a-9529-9b673119c299","type":0},{"text":"+","ID":null,"type":2},{"text":"Потребление СТЭМ Алматы прием","ID":"b3e94eb9-0efd-475f-b269-9ede56781304","type":0},{"text":"+","ID":null,"type":2},{"text":"Потребление SilkWayEnergy Алматы прием","ID":"87ac89e7-426c-42ec-aa0f-3253e37fb260","type":0},{"text":"+","ID":null,"type":2},{"text":"Потребление Каз Энерго Холдинг Алматы прием","ID":"87caca4f-437c-450b-bd7a-aef77279e9b5","type":0},{"text":"+","ID":null,"type":2},{"text":"Потребление Энергоснаб XXI Алматы прием","ID":"9ea35bc5-378a-4ae3-8248-0706d711deda","type":0},{"text":"+","ID":null,"type":2},{"text":"Потребление Балхашэнерго прием","ID":"e1410e90-cd02-4d93-a135-d09698595986","type":0},{"text":"+","ID":null,"type":2},{"text":"Потребление Каз Ферро Сталь прием","ID":"0ef8ac0b-f413-475f-b1ef-305a4359b653","type":0},{"text":"+","ID":null,"type":2},{"text":"Потребление Энергопромтехно прием","ID":"642beb56-ef12-4808-aa47-3ef6f0e6d3a9","type":0},{"text":"+","ID":null,"type":2},{"text":"Потребление Almaty Kuat прием","ID":"2bbc6ca1-c5d0-45ae-b163-efd17caa54d9","type":0},{"text":"+","ID":null,"type":2},{"text":"с.н. Mistral Energy СЭС Каскелен 50 прием","ID":"2b910c5e-1948-4d9e-854f-f85015be250a","type":0},{"text":"-","ID":null,"type":2},{"text":"ДМС потери и х.н. в границах АЖК КТЖ Алматы прием","ID":"3b4e0389-e7da-4e8b-a30d-503fdc8da9c4","type":0},{"text":"-","ID":null,"type":2},{"text":"Грузовые перевозки в границах АЖК КТЖ Алматы прием","ID":"d8ad87f7-2761-4f13-a43f-20b7cd5f2569","type":0},{"text":"+","ID":null,"type":2},{"text":"Потребление Жамбыл Жарык Сауда прием","ID":"5dc60ee6-d464-4040-a649-334dfb5fd154","type":0},{"text":"+","ID":null,"type":2},{"text":"Потребление Восходэнерготрейд прием","ID":"e7bde406-f215-4b10-9c1a-a2eb2067777f","type":0}]