{"ID":"59c3cebf-2cb5-48ef-9886-977f0169feb6","childs":{"PS":{"_level":0,"parentID":"59c3cebf-2cb5-48ef-9886-977f0169feb6","firstParentID":"59c3cebf-2cb5-48ef-9886-977f0169feb6","ID":"130a475f-3c2d-4610-8d08-d13adfedaaad","childs":{"прием":{"_level":1,"parentID":"130a475f-3c2d-4610-8d08-d13adfedaaad","firstParentID":"59c3cebf-2cb5-48ef-9886-977f0169feb6","ID":"f31a9b0e-9acd-490a-a577-0872d76703c6","childs":{"по счетчику":{"_level":2,"parentID":"f31a9b0e-9acd-490a-a577-0872d76703c6","firstParentID":"59c3cebf-2cb5-48ef-9886-977f0169feb6","ID":"7133868a-89b6-4126-83d3-3d15d69852a5","childs":null,"emcosID":null,"emcosMLID":null,"WSName":"PS","rangeAddress":"$Q$56:$Q$92","headAddress":"$Q$56","bodyAddress":"$Q$57:$Q$92","_name":"по счетчику"}},"emcosID":null,"emcosMLID":null,"WSName":"PS","rangeAddress":"$Q$55:$Q$92","headAddress":"$Q$55","bodyAddress":"$Q$56:$Q$92","_name":"прием"},"отдача":{"_level":1,"parentID":"130a475f-3c2d-4610-8d08-d13adfedaaad","firstParentID":"59c3cebf-2cb5-48ef-9886-977f0169feb6","ID":"6e1ef9c0-9f51-4432-8459-656b6c828618","childs":{"по счетчику":{"_level":2,"parentID":"6e1ef9c0-9f51-4432-8459-656b6c828618","firstParentID":"59c3cebf-2cb5-48ef-9886-977f0169feb6","ID":"6ca732be-fbaf-4bf3-ac75-59495f9c8de8","childs":null,"emcosID":null,"emcosMLID":null,"WSName":"PS","rangeAddress":"$R$56:$R$92","headAddress":"$R$56","bodyAddress":"$R$57:$R$92","_name":"по счетчику"}},"emcosID":null,"emcosMLID":null,"WSName":"PS","rangeAddress":"$R$55:$R$92","headAddress":"$R$55","bodyAddress":"$R$56:$R$92","_name":"отдача"}},"emcosID":null,"emcosMLID":null,"WSName":"PS","rangeAddress":"$Q$54:$R$92","headAddress":"$Q$54:$R$54","bodyAddress":"$Q$55:$R$92","_name":"Л5313 ЮКГРЭС"},"DB":{"_level":0,"parentID":"59c3cebf-2cb5-48ef-9886-977f0169feb6","firstParentID":"59c3cebf-2cb5-48ef-9886-977f0169feb6","ID":"0d548f3c-5540-43d4-8ecd-72820d502188","childs":{"прием":{"_level":1,"parentID":"0d548f3c-5540-43d4-8ecd-72820d502188","firstParentID":"59c3cebf-2cb5-48ef-9886-977f0169feb6","ID":"2b29f935-9704-4186-ba4a-5761b6f0925d","childs":{"код":{"_level":2,"parentID":"2b29f935-9704-4186-ba4a-5761b6f0925d","firstParentID":"59c3cebf-2cb5-48ef-9886-977f0169feb6","ID":"72e05c7a-2e82-4c61-86e8-ca5c3dcb9259","childs":null,"emcosID":null,"emcosMLID":null,"WSName":"DB","rangeAddress":"$MP$9:$MP$46","headAddress":"$MP$9","bodyAddress":"$MP$10:$MP$46","_name":"код"},"основное":{"_level":2,"parentID":"2b29f935-9704-4186-ba4a-5761b6f0925d","firstParentID":"59c3cebf-2cb5-48ef-9886-977f0169feb6","ID":"91339b26-7634-43e0-bd8a-3f0c4d06bafd","childs":null,"emcosID":null,"emcosMLID":null,"WSName":"DB","rangeAddress":"$MQ$9:$MQ$46","headAddress":"$MQ$9","bodyAddress":"$MQ$10:$MQ$46","_name":"основное"},"корректировка факт":{"_level":2,"parentID":"2b29f935-9704-4186-ba4a-5761b6f0925d","firstParentID":"59c3cebf-2cb5-48ef-9886-977f0169feb6","ID":"687675b9-4a1d-4704-9b1a-7e8db85ea8f9","childs":null,"emcosID":null,"emcosMLID":null,"WSName":"DB","rangeAddress":"$MR$9:$MR$46","headAddress":"$MR$9","bodyAddress":"$MR$10:$MR$46","_name":"корректировка факт"},"ручное":{"_level":2,"parentID":"2b29f935-9704-4186-ba4a-5761b6f0925d","firstParentID":"59c3cebf-2cb5-48ef-9886-977f0169feb6","ID":"e6bd2725-dda9-46fd-aecf-1ab329034872","childs":null,"emcosID":null,"emcosMLID":null,"WSName":"DB","rangeAddress":"$MS$9:$MS$46","headAddress":"$MS$9","bodyAddress":"$MS$10:$MS$46","_name":"ручное"},"счетчик":{"_level":2,"parentID":"2b29f935-9704-4186-ba4a-5761b6f0925d","firstParentID":"59c3cebf-2cb5-48ef-9886-977f0169feb6","ID":"41d385b3-179c-43d9-b58b-4050df2f5cae","childs":null,"emcosID":null,"emcosMLID":null,"WSName":"DB","rangeAddress":"$MT$9:$MT$46","headAddress":"$MT$9","bodyAddress":"$MT$10:$MT$46","_name":"счетчик"},"по счетчику":{"_level":2,"parentID":"2b29f935-9704-4186-ba4a-5761b6f0925d","firstParentID":"59c3cebf-2cb5-48ef-9886-977f0169feb6","ID":"bae221e5-7252-407d-acfe-f17afd9a28dc","childs":null,"emcosID":null,"emcosMLID":null,"WSName":"DB","rangeAddress":"$MU$9:$MU$46","headAddress":"$MU$9","bodyAddress":"$MU$10:$MU$46","_name":"по счетчику"}},"emcosID":null,"emcosMLID":null,"WSName":"DB","rangeAddress":"$MP$8:$MU$46","headAddress":"$MP$8:$MU$8","bodyAddress":"$MP$9:$MU$46","_name":"прием"},"отдача":{"_level":1,"parentID":"0d548f3c-5540-43d4-8ecd-72820d502188","firstParentID":"59c3cebf-2cb5-48ef-9886-977f0169feb6","ID":"b57dd0f9-39b5-4ffb-9ead-b2389d1e4e91","childs":{"код":{"_level":2,"parentID":"b57dd0f9-39b5-4ffb-9ead-b2389d1e4e91","firstParentID":"59c3cebf-2cb5-48ef-9886-977f0169feb6","ID":"24c17d52-b800-4100-adf2-7fabbe0db9b6","childs":null,"emcosID":null,"emcosMLID":null,"WSName":"DB","rangeAddress":"$MV$9:$MV$46","headAddress":"$MV$9","bodyAddress":"$MV$10:$MV$46","_name":"код"},"основное":{"_level":2,"parentID":"b57dd0f9-39b5-4ffb-9ead-b2389d1e4e91","firstParentID":"59c3cebf-2cb5-48ef-9886-977f0169feb6","ID":"04d12c3d-57b6-4a86-9860-e569a22a75dc","childs":null,"emcosID":null,"emcosMLID":null,"WSName":"DB","rangeAddress":"$MW$9:$MW$46","headAddress":"$MW$9","bodyAddress":"$MW$10:$MW$46","_name":"основное"},"корректировка факт":{"_level":2,"parentID":"b57dd0f9-39b5-4ffb-9ead-b2389d1e4e91","firstParentID":"59c3cebf-2cb5-48ef-9886-977f0169feb6","ID":"fcc4afc8-9d16-44ad-8e98-4ee80c29a1a1","childs":null,"emcosID":null,"emcosMLID":null,"WSName":"DB","rangeAddress":"$MX$9:$MX$46","headAddress":"$MX$9","bodyAddress":"$MX$10:$MX$46","_name":"корректировка факт"},"ручное":{"_level":2,"parentID":"b57dd0f9-39b5-4ffb-9ead-b2389d1e4e91","firstParentID":"59c3cebf-2cb5-48ef-9886-977f0169feb6","ID":"9e2f28db-2db0-457e-805b-9376c0efeb16","childs":null,"emcosID":null,"emcosMLID":null,"WSName":"DB","rangeAddress":"$MY$9:$MY$46","headAddress":"$MY$9","bodyAddress":"$MY$10:$MY$46","_name":"ручное"},"счетчик":{"_level":2,"parentID":"b57dd0f9-39b5-4ffb-9ead-b2389d1e4e91","firstParentID":"59c3cebf-2cb5-48ef-9886-977f0169feb6","ID":"96e80822-ebf1-4efc-9792-f8bd2de2c1b1","childs":null,"emcosID":null,"emcosMLID":null,"WSName":"DB","rangeAddress":"$MZ$9:$MZ$46","headAddress":"$MZ$9","bodyAddress":"$MZ$10:$MZ$46","_name":"счетчик"},"по счетчику":{"_level":2,"parentID":"b57dd0f9-39b5-4ffb-9ead-b2389d1e4e91","firstParentID":"59c3cebf-2cb5-48ef-9886-977f0169feb6","ID":"c4618b8c-a6f3-4d53-b27e-0e9d519f55de","childs":null,"emcosID":null,"emcosMLID":null,"WSName":"DB","rangeAddress":"$NA$9:$NA$46","headAddress":"$NA$9","bodyAddress":"$NA$10:$NA$46","_name":"по счетчику"}},"emcosID":null,"emcosMLID":null,"WSName":"DB","rangeAddress":"$MV$8:$NA$46","headAddress":"$MV$8:$NA$8","bodyAddress":"$MV$9:$NA$46","_name":"отдача"}},"emcosID":null,"emcosMLID":null,"WSName":"DB","rangeAddress":"$MP$7:$NA$46","headAddress":"$MP$7:$NA$7","bodyAddress":"$MP$8:$NA$46","_name":"Л5313 ЮКГРЭС"}},"codPlan":null,"meterCoef":null,"_name":"Л5313 ЮКГРЭС"}