{"ID":"748be390-2aed-446a-bd32-1b2969c3439c","childs":{"PS":{"_level":0,"parentID":"748be390-2aed-446a-bd32-1b2969c3439c","firstParentID":"748be390-2aed-446a-bd32-1b2969c3439c","ID":"b3c15521-e8a0-4c43-b531-1afcdcbe3a83","childs":{"прием":{"_level":1,"parentID":"b3c15521-e8a0-4c43-b531-1afcdcbe3a83","firstParentID":"748be390-2aed-446a-bd32-1b2969c3439c","ID":"7003353f-295d-4a8b-aaeb-07ad031d91b9","childs":{"ручное":{"_level":2,"parentID":"7003353f-295d-4a8b-aaeb-07ad031d91b9","firstParentID":"748be390-2aed-446a-bd32-1b2969c3439c","ID":"059374f0-f5c7-4625-91f4-06c9ab6aadb7","childs":null,"emcosID":null,"emcosMLID":null,"WSName":"PS","rangeAddress":"$BO$56:$BO$92","headAddress":"$BO$56","bodyAddress":"$BO$57:$BO$92","_name":"ручное"}},"emcosID":null,"emcosMLID":null,"WSName":"PS","rangeAddress":"$BO$55:$BO$92","headAddress":"$BO$55","bodyAddress":"$BO$56:$BO$92","_name":"прием"},"отдача":{"_level":1,"parentID":"b3c15521-e8a0-4c43-b531-1afcdcbe3a83","firstParentID":"748be390-2aed-446a-bd32-1b2969c3439c","ID":"0a05276c-fb50-4234-bfa4-255afb1ac978","childs":{"ручное":{"_level":2,"parentID":"0a05276c-fb50-4234-bfa4-255afb1ac978","firstParentID":"748be390-2aed-446a-bd32-1b2969c3439c","ID":"0690b6ea-6aaa-4c3e-9c70-a91ea92a89b9","childs":null,"emcosID":null,"emcosMLID":null,"WSName":"PS","rangeAddress":"$BP$56:$BP$92","headAddress":"$BP$56","bodyAddress":"$BP$57:$BP$92","_name":"ручное"}},"emcosID":null,"emcosMLID":null,"WSName":"PS","rangeAddress":"$BP$55:$BP$92","headAddress":"$BP$55","bodyAddress":"$BP$56:$BP$92","_name":"отдача"}},"emcosID":null,"emcosMLID":null,"WSName":"PS","rangeAddress":"$BO$54:$BP$92","headAddress":"$BO$54:$BP$54","bodyAddress":"$BO$55:$BP$92","_name":"ОВ 220 Шу"},"DB":{"_level":0,"parentID":"748be390-2aed-446a-bd32-1b2969c3439c","firstParentID":"748be390-2aed-446a-bd32-1b2969c3439c","ID":"bdf4a092-f43d-48e2-b212-a8298aff6086","childs":{"прием":{"_level":1,"parentID":"bdf4a092-f43d-48e2-b212-a8298aff6086","firstParentID":"748be390-2aed-446a-bd32-1b2969c3439c","ID":"7727cc00-0783-446a-b507-1aada4de59f0","childs":{"код":{"_level":2,"parentID":"7727cc00-0783-446a-b507-1aada4de59f0","firstParentID":"748be390-2aed-446a-bd32-1b2969c3439c","ID":"5344dfbb-c7b4-4512-826c-a5a5631073a9","childs":null,"emcosID":null,"emcosMLID":null,"WSName":"DB","rangeAddress":"$IM$267:$IM$304","headAddress":"$IM$267","bodyAddress":"$IM$268:$IM$304","_name":"код"},"основное":{"_level":2,"parentID":"7727cc00-0783-446a-b507-1aada4de59f0","firstParentID":"748be390-2aed-446a-bd32-1b2969c3439c","ID":"e7c24383-bcbc-48a0-96ff-5fc917c7ac27","childs":null,"emcosID":null,"emcosMLID":null,"WSName":"DB","rangeAddress":"$IN$267:$IN$304","headAddress":"$IN$267","bodyAddress":"$IN$268:$IN$304","_name":"основное"},"корректировка факт":{"_level":2,"parentID":"7727cc00-0783-446a-b507-1aada4de59f0","firstParentID":"748be390-2aed-446a-bd32-1b2969c3439c","ID":"63cbbf78-cc80-438a-9a53-831518ecb33a","childs":null,"emcosID":null,"emcosMLID":null,"WSName":"DB","rangeAddress":"$IO$267:$IO$304","headAddress":"$IO$267","bodyAddress":"$IO$268:$IO$304","_name":"корректировка факт"},"ручное":{"_level":2,"parentID":"7727cc00-0783-446a-b507-1aada4de59f0","firstParentID":"748be390-2aed-446a-bd32-1b2969c3439c","ID":"dae93396-5e69-48ea-819e-d496e52d0b99","childs":null,"emcosID":null,"emcosMLID":null,"WSName":"DB","rangeAddress":"$IP$267:$IP$304","headAddress":"$IP$267","bodyAddress":"$IP$268:$IP$304","_name":"ручное"}},"emcosID":null,"emcosMLID":null,"WSName":"DB","rangeAddress":"$IM$266:$IP$304","headAddress":"$IM$266:$IP$266","bodyAddress":"$IM$267:$IP$304","_name":"прием"},"отдача":{"_level":1,"parentID":"bdf4a092-f43d-48e2-b212-a8298aff6086","firstParentID":"748be390-2aed-446a-bd32-1b2969c3439c","ID":"167ca319-098f-4101-8a3e-7cae4874f8e9","childs":{"код":{"_level":2,"parentID":"167ca319-098f-4101-8a3e-7cae4874f8e9","firstParentID":"748be390-2aed-446a-bd32-1b2969c3439c","ID":"0b0e9983-ed11-4a53-af64-5d8479479ad1","childs":null,"emcosID":null,"emcosMLID":null,"WSName":"DB","rangeAddress":"$IQ$267:$IQ$304","headAddress":"$IQ$267","bodyAddress":"$IQ$268:$IQ$304","_name":"код"},"основное":{"_level":2,"parentID":"167ca319-098f-4101-8a3e-7cae4874f8e9","firstParentID":"748be390-2aed-446a-bd32-1b2969c3439c","ID":"c454d433-1356-4cbc-acfc-ff07c4b28804","childs":null,"emcosID":null,"emcosMLID":null,"WSName":"DB","rangeAddress":"$IR$267:$IR$304","headAddress":"$IR$267","bodyAddress":"$IR$268:$IR$304","_name":"основное"},"корректировка факт":{"_level":2,"parentID":"167ca319-098f-4101-8a3e-7cae4874f8e9","firstParentID":"748be390-2aed-446a-bd32-1b2969c3439c","ID":"6824514c-fd6d-44b0-a8be-4e13bd4a8812","childs":null,"emcosID":null,"emcosMLID":null,"WSName":"DB","rangeAddress":"$IS$267:$IS$304","headAddress":"$IS$267","bodyAddress":"$IS$268:$IS$304","_name":"корректировка факт"},"ручное":{"_level":2,"parentID":"167ca319-098f-4101-8a3e-7cae4874f8e9","firstParentID":"748be390-2aed-446a-bd32-1b2969c3439c","ID":"86b6a579-e9cb-46ec-a9a9-db815d9fdf7c","childs":null,"emcosID":null,"emcosMLID":null,"WSName":"DB","rangeAddress":"$IT$267:$IT$304","headAddress":"$IT$267","bodyAddress":"$IT$268:$IT$304","_name":"ручное"}},"emcosID":null,"emcosMLID":null,"WSName":"DB","rangeAddress":"$IQ$266:$IT$304","headAddress":"$IQ$266:$IT$266","bodyAddress":"$IQ$267:$IT$304","_name":"отдача"}},"emcosID":null,"emcosMLID":null,"WSName":"DB","rangeAddress":"$IM$265:$IT$304","headAddress":"$IM$265:$IT$265","bodyAddress":"$IM$266:$IT$304","_name":"ОВ 220 Шу"}},"codPlan":null,"meterCoef":null,"_name":"ОВ 220 Шу"}