{"ID":"b5364fdd-b1c5-4c14-a784-c5892e67b285","childs":{"PS":{"_level":0,"parentID":"b5364fdd-b1c5-4c14-a784-c5892e67b285","firstParentID":"b5364fdd-b1c5-4c14-a784-c5892e67b285","ID":"9272b805-46a1-4bcd-b71d-276a1f2d2189","childs":{"прием":{"_level":1,"parentID":"9272b805-46a1-4bcd-b71d-276a1f2d2189","firstParentID":"b5364fdd-b1c5-4c14-a784-c5892e67b285","ID":"a86f2093-132f-4a06-9bd3-0d460dff8789","childs":{"по счетчику":{"_level":2,"parentID":"a86f2093-132f-4a06-9bd3-0d460dff8789","firstParentID":"b5364fdd-b1c5-4c14-a784-c5892e67b285","ID":"f54cd5e2-a2aa-40f9-ab8a-365bd64b3f39","childs":null,"emcosID":null,"emcosMLID":null,"WSName":"PS","rangeAddress":"$AM$56:$AM$92","headAddress":"$AM$56","bodyAddress":"$AM$57:$AM$92","_name":"по счетчику"}},"emcosID":null,"emcosMLID":null,"WSName":"PS","rangeAddress":"$AM$55:$AM$92","headAddress":"$AM$55","bodyAddress":"$AM$56:$AM$92","_name":"прием"},"отдача":{"_level":1,"parentID":"9272b805-46a1-4bcd-b71d-276a1f2d2189","firstParentID":"b5364fdd-b1c5-4c14-a784-c5892e67b285","ID":"fb656755-302e-4d89-9e9e-a9e9272ffe2b","childs":{"по счетчику":{"_level":2,"parentID":"fb656755-302e-4d89-9e9e-a9e9272ffe2b","firstParentID":"b5364fdd-b1c5-4c14-a784-c5892e67b285","ID":"376822ae-6ae2-4b07-ac77-f6227dac78d3","childs":null,"emcosID":null,"emcosMLID":null,"WSName":"PS","rangeAddress":"$AN$56:$AN$92","headAddress":"$AN$56","bodyAddress":"$AN$57:$AN$92","_name":"по счетчику"}},"emcosID":null,"emcosMLID":null,"WSName":"PS","rangeAddress":"$AN$55:$AN$92","headAddress":"$AN$55","bodyAddress":"$AN$56:$AN$92","_name":"отдача"}},"emcosID":null,"emcosMLID":null,"WSName":"PS","rangeAddress":"$AM$54:$AN$92","headAddress":"$AM$54:$AN$54","bodyAddress":"$AM$55:$AN$92","_name":"Л5343 Шу"},"DB":{"_level":0,"parentID":"b5364fdd-b1c5-4c14-a784-c5892e67b285","firstParentID":"b5364fdd-b1c5-4c14-a784-c5892e67b285","ID":"5ae52620-ee55-4ab9-9b3c-56b8ff923bd3","childs":{"прием":{"_level":1,"parentID":"5ae52620-ee55-4ab9-9b3c-56b8ff923bd3","firstParentID":"b5364fdd-b1c5-4c14-a784-c5892e67b285","ID":"67b05cef-abe7-47d5-8299-437274cf7a4b","childs":{"код":{"_level":2,"parentID":"67b05cef-abe7-47d5-8299-437274cf7a4b","firstParentID":"b5364fdd-b1c5-4c14-a784-c5892e67b285","ID":"b6242088-94e0-427b-bc1e-5c1bf683831a","childs":null,"emcosID":null,"emcosMLID":null,"WSName":"DB","rangeAddress":"$GX$9:$GX$46","headAddress":"$GX$9","bodyAddress":"$GX$10:$GX$46","_name":"код"},"основное":{"_level":2,"parentID":"67b05cef-abe7-47d5-8299-437274cf7a4b","firstParentID":"b5364fdd-b1c5-4c14-a784-c5892e67b285","ID":"b409b316-263b-4c28-a9ad-e2dd08ef37de","childs":null,"emcosID":null,"emcosMLID":null,"WSName":"DB","rangeAddress":"$GY$9:$GY$46","headAddress":"$GY$9","bodyAddress":"$GY$10:$GY$46","_name":"основное"},"корректировка факт":{"_level":2,"parentID":"67b05cef-abe7-47d5-8299-437274cf7a4b","firstParentID":"b5364fdd-b1c5-4c14-a784-c5892e67b285","ID":"a88cd2ac-de3d-407f-9603-7156313cb16d","childs":null,"emcosID":null,"emcosMLID":null,"WSName":"DB","rangeAddress":"$GZ$9:$GZ$46","headAddress":"$GZ$9","bodyAddress":"$GZ$10:$GZ$46","_name":"корректировка факт"},"ручное":{"_level":2,"parentID":"67b05cef-abe7-47d5-8299-437274cf7a4b","firstParentID":"b5364fdd-b1c5-4c14-a784-c5892e67b285","ID":"37250a76-6ca5-4ad5-8541-2d8184fcb30f","childs":null,"emcosID":null,"emcosMLID":null,"WSName":"DB","rangeAddress":"$HA$9:$HA$46","headAddress":"$HA$9","bodyAddress":"$HA$10:$HA$46","_name":"ручное"},"счетчик":{"_level":2,"parentID":"67b05cef-abe7-47d5-8299-437274cf7a4b","firstParentID":"b5364fdd-b1c5-4c14-a784-c5892e67b285","ID":"d0da2f83-6bb9-41d3-bba6-43cf76dbd944","childs":null,"emcosID":null,"emcosMLID":null,"WSName":"DB","rangeAddress":"$HB$9:$HB$46","headAddress":"$HB$9","bodyAddress":"$HB$10:$HB$46","_name":"счетчик"},"по счетчику":{"_level":2,"parentID":"67b05cef-abe7-47d5-8299-437274cf7a4b","firstParentID":"b5364fdd-b1c5-4c14-a784-c5892e67b285","ID":"e4f38d40-80c9-4479-87eb-4600cee64049","childs":null,"emcosID":null,"emcosMLID":null,"WSName":"DB","rangeAddress":"$HC$9:$HC$46","headAddress":"$HC$9","bodyAddress":"$HC$10:$HC$46","_name":"по счетчику"}},"emcosID":null,"emcosMLID":null,"WSName":"DB","rangeAddress":"$GX$8:$HC$46","headAddress":"$GX$8:$HC$8","bodyAddress":"$GX$9:$HC$46","_name":"прием"},"отдача":{"_level":1,"parentID":"5ae52620-ee55-4ab9-9b3c-56b8ff923bd3","firstParentID":"b5364fdd-b1c5-4c14-a784-c5892e67b285","ID":"01d0aa27-1ac7-45af-a717-7381d6e42911","childs":{"код":{"_level":2,"parentID":"01d0aa27-1ac7-45af-a717-7381d6e42911","firstParentID":"b5364fdd-b1c5-4c14-a784-c5892e67b285","ID":"a1c9ee99-ebe1-42ff-8143-0754725e3d99","childs":null,"emcosID":null,"emcosMLID":null,"WSName":"DB","rangeAddress":"$HD$9:$HD$46","headAddress":"$HD$9","bodyAddress":"$HD$10:$HD$46","_name":"код"},"основное":{"_level":2,"parentID":"01d0aa27-1ac7-45af-a717-7381d6e42911","firstParentID":"b5364fdd-b1c5-4c14-a784-c5892e67b285","ID":"13e17a4c-11bc-4908-a70b-7c298c5ee706","childs":null,"emcosID":null,"emcosMLID":null,"WSName":"DB","rangeAddress":"$HE$9:$HE$46","headAddress":"$HE$9","bodyAddress":"$HE$10:$HE$46","_name":"основное"},"корректировка факт":{"_level":2,"parentID":"01d0aa27-1ac7-45af-a717-7381d6e42911","firstParentID":"b5364fdd-b1c5-4c14-a784-c5892e67b285","ID":"c3e1fdb1-e1cb-4b21-bbd1-2287834ff631","childs":null,"emcosID":null,"emcosMLID":null,"WSName":"DB","rangeAddress":"$HF$9:$HF$46","headAddress":"$HF$9","bodyAddress":"$HF$10:$HF$46","_name":"корректировка факт"},"ручное":{"_level":2,"parentID":"01d0aa27-1ac7-45af-a717-7381d6e42911","firstParentID":"b5364fdd-b1c5-4c14-a784-c5892e67b285","ID":"78df98d7-f63a-43e5-a4ca-700f6c58433c","childs":null,"emcosID":null,"emcosMLID":null,"WSName":"DB","rangeAddress":"$HG$9:$HG$46","headAddress":"$HG$9","bodyAddress":"$HG$10:$HG$46","_name":"ручное"},"счетчик":{"_level":2,"parentID":"01d0aa27-1ac7-45af-a717-7381d6e42911","firstParentID":"b5364fdd-b1c5-4c14-a784-c5892e67b285","ID":"adaa9b8f-084a-4c96-b604-beea335568f6","childs":null,"emcosID":null,"emcosMLID":null,"WSName":"DB","rangeAddress":"$HH$9:$HH$46","headAddress":"$HH$9","bodyAddress":"$HH$10:$HH$46","_name":"счетчик"},"по счетчику":{"_level":2,"parentID":"01d0aa27-1ac7-45af-a717-7381d6e42911","firstParentID":"b5364fdd-b1c5-4c14-a784-c5892e67b285","ID":"4ca35c72-1dfe-4dae-b677-601b77af00c9","childs":null,"emcosID":null,"emcosMLID":null,"WSName":"DB","rangeAddress":"$HI$9:$HI$46","headAddress":"$HI$9","bodyAddress":"$HI$10:$HI$46","_name":"по счетчику"}},"emcosID":null,"emcosMLID":null,"WSName":"DB","rangeAddress":"$HD$8:$HI$46","headAddress":"$HD$8:$HI$8","bodyAddress":"$HD$9:$HI$46","_name":"отдача"}},"emcosID":null,"emcosMLID":null,"WSName":"DB","rangeAddress":"$GX$7:$HI$46","headAddress":"$GX$7:$HI$7","bodyAddress":"$GX$8:$HI$46","_name":"Л5343 Шу"}},"codPlan":null,"meterCoef":null,"_name":"Л5343 Шу"}