{"ID":"59c3cebf-2cb5-48ef-9886-977f0169feb6","childs":{"PS":{"_level":0,"parentID":"59c3cebf-2cb5-48ef-9886-977f0169feb6","firstParentID":"59c3cebf-2cb5-48ef-9886-977f0169feb6","ID":"130a475f-3c2d-4610-8d08-d13adfedaaad","childs":{"прием":{"_level":1,"parentID":"130a475f-3c2d-4610-8d08-d13adfedaaad","firstParentID":"59c3cebf-2cb5-48ef-9886-977f0169feb6","ID":"f31a9b0e-9acd-490a-a577-0872d76703c6","childs":{"по счетчику":{"_level":2,"parentID":"f31a9b0e-9acd-490a-a577-0872d76703c6","firstParentID":"59c3cebf-2cb5-48ef-9886-977f0169feb6","ID":"7133868a-89b6-4126-83d3-3d15d69852a5","childs":null,"emcosID":null,"emcosMLID":null,"WSName":"PS","rangeAddress":"$M$56:$M$92","headAddress":"$M$56","bodyAddress":"$M$57:$M$92","_name":"по счетчику"}},"emcosID":null,"emcosMLID":null,"WSName":"PS","rangeAddress":"$M$55:$M$92","headAddress":"$M$55","bodyAddress":"$M$56:$M$92","_name":"прием"},"отдача":{"_level":1,"parentID":"130a475f-3c2d-4610-8d08-d13adfedaaad","firstParentID":"59c3cebf-2cb5-48ef-9886-977f0169feb6","ID":"6e1ef9c0-9f51-4432-8459-656b6c828618","childs":{"по счетчику":{"_level":2,"parentID":"6e1ef9c0-9f51-4432-8459-656b6c828618","firstParentID":"59c3cebf-2cb5-48ef-9886-977f0169feb6","ID":"6ca732be-fbaf-4bf3-ac75-59495f9c8de8","childs":null,"emcosID":null,"emcosMLID":null,"WSName":"PS","rangeAddress":"$N$56:$N$92","headAddress":"$N$56","bodyAddress":"$N$57:$N$92","_name":"по счетчику"}},"emcosID":null,"emcosMLID":null,"WSName":"PS","rangeAddress":"$N$55:$N$92","headAddress":"$N$55","bodyAddress":"$N$56:$N$92","_name":"отдача"}},"emcosID":null,"emcosMLID":null,"WSName":"PS","rangeAddress":"$M$54:$N$92","headAddress":"$M$54:$N$54","bodyAddress":"$M$55:$N$92","_name":"Л5313 ЮКГРЭС"},"DB":{"_level":0,"parentID":"59c3cebf-2cb5-48ef-9886-977f0169feb6","firstParentID":"59c3cebf-2cb5-48ef-9886-977f0169feb6","ID":"0d548f3c-5540-43d4-8ecd-72820d502188","childs":{"прием":{"_level":1,"parentID":"0d548f3c-5540-43d4-8ecd-72820d502188","firstParentID":"59c3cebf-2cb5-48ef-9886-977f0169feb6","ID":"2b29f935-9704-4186-ba4a-5761b6f0925d","childs":{"код":{"_level":2,"parentID":"2b29f935-9704-4186-ba4a-5761b6f0925d","firstParentID":"59c3cebf-2cb5-48ef-9886-977f0169feb6","ID":"72e05c7a-2e82-4c61-86e8-ca5c3dcb9259","childs":null,"emcosID":null,"emcosMLID":null,"WSName":"DB","rangeAddress":"$MC$9:$MC$46","headAddress":"$MC$9","bodyAddress":"$MC$10:$MC$46","_name":"код"},"основное":{"_level":2,"parentID":"2b29f935-9704-4186-ba4a-5761b6f0925d","firstParentID":"59c3cebf-2cb5-48ef-9886-977f0169feb6","ID":"91339b26-7634-43e0-bd8a-3f0c4d06bafd","childs":null,"emcosID":null,"emcosMLID":null,"WSName":"DB","rangeAddress":"$MD$9:$MD$46","headAddress":"$MD$9","bodyAddress":"$MD$10:$MD$46","_name":"основное"},"корректировка факт":{"_level":2,"parentID":"2b29f935-9704-4186-ba4a-5761b6f0925d","firstParentID":"59c3cebf-2cb5-48ef-9886-977f0169feb6","ID":"687675b9-4a1d-4704-9b1a-7e8db85ea8f9","childs":null,"emcosID":null,"emcosMLID":null,"WSName":"DB","rangeAddress":"$ME$9:$ME$46","headAddress":"$ME$9","bodyAddress":"$ME$10:$ME$46","_name":"корректировка факт"},"ручное":{"_level":2,"parentID":"2b29f935-9704-4186-ba4a-5761b6f0925d","firstParentID":"59c3cebf-2cb5-48ef-9886-977f0169feb6","ID":"e6bd2725-dda9-46fd-aecf-1ab329034872","childs":null,"emcosID":null,"emcosMLID":null,"WSName":"DB","rangeAddress":"$MF$9:$MF$46","headAddress":"$MF$9","bodyAddress":"$MF$10:$MF$46","_name":"ручное"},"счетчик":{"_level":2,"parentID":"2b29f935-9704-4186-ba4a-5761b6f0925d","firstParentID":"59c3cebf-2cb5-48ef-9886-977f0169feb6","ID":"41d385b3-179c-43d9-b58b-4050df2f5cae","childs":null,"emcosID":null,"emcosMLID":null,"WSName":"DB","rangeAddress":"$MG$9:$MG$46","headAddress":"$MG$9","bodyAddress":"$MG$10:$MG$46","_name":"счетчик"},"по счетчику":{"_level":2,"parentID":"2b29f935-9704-4186-ba4a-5761b6f0925d","firstParentID":"59c3cebf-2cb5-48ef-9886-977f0169feb6","ID":"bae221e5-7252-407d-acfe-f17afd9a28dc","childs":null,"emcosID":null,"emcosMLID":null,"WSName":"DB","rangeAddress":"$MH$9:$MH$46","headAddress":"$MH$9","bodyAddress":"$MH$10:$MH$46","_name":"по счетчику"}},"emcosID":null,"emcosMLID":null,"WSName":"DB","rangeAddress":"$MC$8:$MH$46","headAddress":"$MC$8:$MH$8","bodyAddress":"$MC$9:$MH$46","_name":"прием"},"отдача":{"_level":1,"parentID":"0d548f3c-5540-43d4-8ecd-72820d502188","firstParentID":"59c3cebf-2cb5-48ef-9886-977f0169feb6","ID":"b57dd0f9-39b5-4ffb-9ead-b2389d1e4e91","childs":{"код":{"_level":2,"parentID":"b57dd0f9-39b5-4ffb-9ead-b2389d1e4e91","firstParentID":"59c3cebf-2cb5-48ef-9886-977f0169feb6","ID":"24c17d52-b800-4100-adf2-7fabbe0db9b6","childs":null,"emcosID":null,"emcosMLID":null,"WSName":"DB","rangeAddress":"$MI$9:$MI$46","headAddress":"$MI$9","bodyAddress":"$MI$10:$MI$46","_name":"код"},"основное":{"_level":2,"parentID":"b57dd0f9-39b5-4ffb-9ead-b2389d1e4e91","firstParentID":"59c3cebf-2cb5-48ef-9886-977f0169feb6","ID":"04d12c3d-57b6-4a86-9860-e569a22a75dc","childs":null,"emcosID":null,"emcosMLID":null,"WSName":"DB","rangeAddress":"$MJ$9:$MJ$46","headAddress":"$MJ$9","bodyAddress":"$MJ$10:$MJ$46","_name":"основное"},"корректировка факт":{"_level":2,"parentID":"b57dd0f9-39b5-4ffb-9ead-b2389d1e4e91","firstParentID":"59c3cebf-2cb5-48ef-9886-977f0169feb6","ID":"fcc4afc8-9d16-44ad-8e98-4ee80c29a1a1","childs":null,"emcosID":null,"emcosMLID":null,"WSName":"DB","rangeAddress":"$MK$9:$MK$46","headAddress":"$MK$9","bodyAddress":"$MK$10:$MK$46","_name":"корректировка факт"},"ручное":{"_level":2,"parentID":"b57dd0f9-39b5-4ffb-9ead-b2389d1e4e91","firstParentID":"59c3cebf-2cb5-48ef-9886-977f0169feb6","ID":"9e2f28db-2db0-457e-805b-9376c0efeb16","childs":null,"emcosID":null,"emcosMLID":null,"WSName":"DB","rangeAddress":"$ML$9:$ML$46","headAddress":"$ML$9","bodyAddress":"$ML$10:$ML$46","_name":"ручное"},"счетчик":{"_level":2,"parentID":"b57dd0f9-39b5-4ffb-9ead-b2389d1e4e91","firstParentID":"59c3cebf-2cb5-48ef-9886-977f0169feb6","ID":"96e80822-ebf1-4efc-9792-f8bd2de2c1b1","childs":null,"emcosID":null,"emcosMLID":null,"WSName":"DB","rangeAddress":"$MM$9:$MM$46","headAddress":"$MM$9","bodyAddress":"$MM$10:$MM$46","_name":"счетчик"},"по счетчику":{"_level":2,"parentID":"b57dd0f9-39b5-4ffb-9ead-b2389d1e4e91","firstParentID":"59c3cebf-2cb5-48ef-9886-977f0169feb6","ID":"c4618b8c-a6f3-4d53-b27e-0e9d519f55de","childs":null,"emcosID":null,"emcosMLID":null,"WSName":"DB","rangeAddress":"$MN$9:$MN$46","headAddress":"$MN$9","bodyAddress":"$MN$10:$MN$46","_name":"по счетчику"}},"emcosID":null,"emcosMLID":null,"WSName":"DB","rangeAddress":"$MI$8:$MN$46","headAddress":"$MI$8:$MN$8","bodyAddress":"$MI$9:$MN$46","_name":"отдача"}},"emcosID":null,"emcosMLID":null,"WSName":"DB","rangeAddress":"$MC$7:$MN$46","headAddress":"$MC$7:$MN$7","bodyAddress":"$MC$8:$MN$46","_name":"Л5313 ЮКГРЭС"}},"codPlan":null,"meterCoef":null,"_name":"Л5313 ЮКГРЭС"}