{"ID":"eb2dd3db-b0f2-49c8-9b6c-5cc410526fa0","childs":{"PS":{"_level":0,"parentID":"eb2dd3db-b0f2-49c8-9b6c-5cc410526fa0","firstParentID":"eb2dd3db-b0f2-49c8-9b6c-5cc410526fa0","ID":"bcda8065-b96d-46b9-919e-75950a8e9948","childs":{"прием":{"_level":1,"parentID":"bcda8065-b96d-46b9-919e-75950a8e9948","firstParentID":"eb2dd3db-b0f2-49c8-9b6c-5cc410526fa0","ID":"cf273e33-aef4-4862-b75d-c5680844a797","childs":{"ручное":{"_level":2,"parentID":"cf273e33-aef4-4862-b75d-c5680844a797","firstParentID":"eb2dd3db-b0f2-49c8-9b6c-5cc410526fa0","ID":"4260828b-c6fb-4880-967d-3fe279758946","childs":null,"emcosID":null,"emcosMLID":null,"WSName":"PS","rangeAddress":"$B$228:$B$264","headAddress":"$B$228","bodyAddress":"$B$229:$B$264","_name":"ручное"}},"emcosID":null,"emcosMLID":null,"WSName":"PS","rangeAddress":"$B$227:$B$264","headAddress":"$B$227","bodyAddress":"$B$228:$B$264","_name":"прием"}},"emcosID":null,"emcosMLID":null,"WSName":"PS","rangeAddress":"$B$226:$B$264","headAddress":"$B$226","bodyAddress":"$B$227:$B$264","_name":"Потребление в границах ТАТЭК"},"DB":{"_level":0,"parentID":"eb2dd3db-b0f2-49c8-9b6c-5cc410526fa0","firstParentID":"eb2dd3db-b0f2-49c8-9b6c-5cc410526fa0","ID":"e3c51645-51ff-419d-82d8-57e8d9f297bd","childs":{"прием":{"_level":1,"parentID":"e3c51645-51ff-419d-82d8-57e8d9f297bd","firstParentID":"eb2dd3db-b0f2-49c8-9b6c-5cc410526fa0","ID":"d3f8bbcb-b933-4c1c-9cd9-d1b1f7c39c76","childs":{"код":{"_level":2,"parentID":"d3f8bbcb-b933-4c1c-9cd9-d1b1f7c39c76","firstParentID":"eb2dd3db-b0f2-49c8-9b6c-5cc410526fa0","ID":"091814d8-e05d-4b71-89bb-ceff53ab56d8","childs":null,"emcosID":null,"emcosMLID":null,"WSName":"DB","rangeAddress":"$CF$224:$CF$261","headAddress":"$CF$224","bodyAddress":"$CF$225:$CF$261","_name":"код"},"основное":{"_level":2,"parentID":"d3f8bbcb-b933-4c1c-9cd9-d1b1f7c39c76","firstParentID":"eb2dd3db-b0f2-49c8-9b6c-5cc410526fa0","ID":"6a312293-7e97-4b36-ae7d-85de5a47b3df","childs":null,"emcosID":null,"emcosMLID":null,"WSName":"DB","rangeAddress":"$CG$224:$CG$261","headAddress":"$CG$224","bodyAddress":"$CG$225:$CG$261","_name":"основное"},"корректировка факт":{"_level":2,"parentID":"d3f8bbcb-b933-4c1c-9cd9-d1b1f7c39c76","firstParentID":"eb2dd3db-b0f2-49c8-9b6c-5cc410526fa0","ID":"21044f1c-8ed8-4202-ace7-5d2728cde259","childs":null,"emcosID":null,"emcosMLID":null,"WSName":"DB","rangeAddress":"$CH$224:$CH$261","headAddress":"$CH$224","bodyAddress":"$CH$225:$CH$261","_name":"корректировка факт"},"ручное":{"_level":2,"parentID":"d3f8bbcb-b933-4c1c-9cd9-d1b1f7c39c76","firstParentID":"eb2dd3db-b0f2-49c8-9b6c-5cc410526fa0","ID":"92d92f98-820f-4430-8383-38e5268bdc3d","childs":null,"emcosID":null,"emcosMLID":null,"WSName":"DB","rangeAddress":"$CI$224:$CI$261","headAddress":"$CI$224","bodyAddress":"$CI$225:$CI$261","_name":"ручное"}},"emcosID":null,"emcosMLID":null,"WSName":"DB","rangeAddress":"$CF$223:$CI$261","headAddress":"$CF$223:$CI$223","bodyAddress":"$CF$224:$CI$261","_name":"прием"}},"emcosID":null,"emcosMLID":null,"WSName":"DB","rangeAddress":"$CF$222:$CI$261","headAddress":"$CF$222:$CI$222","bodyAddress":"$CF$223:$CI$261","_name":"Потребление в границах ТАТЭК"}},"codPlan":null,"meterCoef":null,"_name":"Потребление в границах ТАТЭК"}