{"ID":"04ec972c-7f47-43be-90bd-0e4b37e1844f","childs":{"PS":{"_level":0,"parentID":"04ec972c-7f47-43be-90bd-0e4b37e1844f","firstParentID":"04ec972c-7f47-43be-90bd-0e4b37e1844f","ID":"6b4933d5-a38c-44a4-bc49-896b25d3f19d","childs":{"прием":{"_level":1,"parentID":"6b4933d5-a38c-44a4-bc49-896b25d3f19d","firstParentID":"04ec972c-7f47-43be-90bd-0e4b37e1844f","ID":"ee35518a-4eef-4132-ad99-8bb9f180eab5","childs":{"по счетчику":{"_level":2,"parentID":"ee35518a-4eef-4132-ad99-8bb9f180eab5","firstParentID":"04ec972c-7f47-43be-90bd-0e4b37e1844f","ID":"0fd292a8-3b95-428e-964f-430bb2ea9e66","childs":null,"emcosID":null,"emcosMLID":null,"codMaketTEP":null,"codTEP":null,"WSName":"PS","rangeAddress":"$W$56:$W$92","headAddress":"$W$56","bodyAddress":"$W$57:$W$92","_name":"по счетчику"}},"emcosID":null,"emcosMLID":null,"codMaketTEP":null,"codTEP":null,"WSName":"PS","rangeAddress":"$W$55:$W$92","headAddress":"$W$55","bodyAddress":"$W$56:$W$92","_name":"прием"},"отдача":{"_level":1,"parentID":"6b4933d5-a38c-44a4-bc49-896b25d3f19d","firstParentID":"04ec972c-7f47-43be-90bd-0e4b37e1844f","ID":"f7a1b294-3908-4c1e-baea-59a4bab33be1","childs":{"по счетчику":{"_level":2,"parentID":"f7a1b294-3908-4c1e-baea-59a4bab33be1","firstParentID":"04ec972c-7f47-43be-90bd-0e4b37e1844f","ID":"eb69ce6a-e7c4-402c-b709-084005eac9ea","childs":null,"emcosID":null,"emcosMLID":null,"codMaketTEP":null,"codTEP":null,"WSName":"PS","rangeAddress":"$X$56:$X$92","headAddress":"$X$56","bodyAddress":"$X$57:$X$92","_name":"по счетчику"}},"emcosID":null,"emcosMLID":null,"codMaketTEP":null,"codTEP":null,"WSName":"PS","rangeAddress":"$X$55:$X$92","headAddress":"$X$55","bodyAddress":"$X$56:$X$92","_name":"отдача"}},"emcosID":null,"emcosMLID":null,"codMaketTEP":null,"codTEP":null,"WSName":"PS","rangeAddress":"$W$54:$X$92","headAddress":"$W$54:$X$54","bodyAddress":"$W$55:$X$92","_name":"Л5333 ЮКГРЭС"},"DB":{"_level":0,"parentID":"04ec972c-7f47-43be-90bd-0e4b37e1844f","firstParentID":"04ec972c-7f47-43be-90bd-0e4b37e1844f","ID":"5f275d54-f7d7-43ef-b1a2-a201d32f4b72","childs":{"прием":{"_level":1,"parentID":"5f275d54-f7d7-43ef-b1a2-a201d32f4b72","firstParentID":"04ec972c-7f47-43be-90bd-0e4b37e1844f","ID":"674a1245-59fc-4547-b091-4edfc89df1a2","childs":{"код":{"_level":2,"parentID":"674a1245-59fc-4547-b091-4edfc89df1a2","firstParentID":"04ec972c-7f47-43be-90bd-0e4b37e1844f","ID":"da8f0578-5817-4dbe-ab7c-e6f1c871f52e","childs":null,"emcosID":null,"emcosMLID":null,"codMaketTEP":null,"codTEP":null,"WSName":"DB","rangeAddress":"$NK$9:$NK$46","headAddress":"$NK$9","bodyAddress":"$NK$10:$NK$46","_name":"код"},"основное":{"_level":2,"parentID":"674a1245-59fc-4547-b091-4edfc89df1a2","firstParentID":"04ec972c-7f47-43be-90bd-0e4b37e1844f","ID":"4840186b-c8a0-4490-a8aa-d8b86f85b1af","childs":null,"emcosID":null,"emcosMLID":null,"codMaketTEP":null,"codTEP":null,"WSName":"DB","rangeAddress":"$NL$9:$NL$46","headAddress":"$NL$9","bodyAddress":"$NL$10:$NL$46","_name":"основное"},"корректировка факт":{"_level":2,"parentID":"674a1245-59fc-4547-b091-4edfc89df1a2","firstParentID":"04ec972c-7f47-43be-90bd-0e4b37e1844f","ID":"40122330-00e5-450c-a6c0-038b0d72c9e6","childs":null,"emcosID":null,"emcosMLID":null,"codMaketTEP":null,"codTEP":null,"WSName":"DB","rangeAddress":"$NM$9:$NM$46","headAddress":"$NM$9","bodyAddress":"$NM$10:$NM$46","_name":"корректировка факт"},"ручное":{"_level":2,"parentID":"674a1245-59fc-4547-b091-4edfc89df1a2","firstParentID":"04ec972c-7f47-43be-90bd-0e4b37e1844f","ID":"02a64d26-9779-4eba-8b9e-bf7d3c215d60","childs":null,"emcosID":null,"emcosMLID":null,"codMaketTEP":null,"codTEP":null,"WSName":"DB","rangeAddress":"$NN$9:$NN$46","headAddress":"$NN$9","bodyAddress":"$NN$10:$NN$46","_name":"ручное"},"счетчик":{"_level":2,"parentID":"674a1245-59fc-4547-b091-4edfc89df1a2","firstParentID":"04ec972c-7f47-43be-90bd-0e4b37e1844f","ID":"10fbc114-ab7d-4db6-95dc-c43c8d688597","childs":null,"emcosID":null,"emcosMLID":null,"codMaketTEP":null,"codTEP":null,"WSName":"DB","rangeAddress":"$NO$9:$NO$46","headAddress":"$NO$9","bodyAddress":"$NO$10:$NO$46","_name":"счетчик"},"по счетчику":{"_level":2,"parentID":"674a1245-59fc-4547-b091-4edfc89df1a2","firstParentID":"04ec972c-7f47-43be-90bd-0e4b37e1844f","ID":"9c0de1db-f62b-4b04-8dad-121af7035dd6","childs":null,"emcosID":null,"emcosMLID":null,"codMaketTEP":null,"codTEP":null,"WSName":"DB","rangeAddress":"$NP$9:$NP$46","headAddress":"$NP$9","bodyAddress":"$NP$10:$NP$46","_name":"по счетчику"}},"emcosID":null,"emcosMLID":null,"codMaketTEP":null,"codTEP":null,"WSName":"DB","rangeAddress":"$NK$8:$NP$46","headAddress":"$NK$8:$NP$8","bodyAddress":"$NK$9:$NP$46","_name":"прием"},"отдача":{"_level":1,"parentID":"5f275d54-f7d7-43ef-b1a2-a201d32f4b72","firstParentID":"04ec972c-7f47-43be-90bd-0e4b37e1844f","ID":"2b70958e-0e96-4233-b1ea-f099f55c6d45","childs":{"код":{"_level":2,"parentID":"2b70958e-0e96-4233-b1ea-f099f55c6d45","firstParentID":"04ec972c-7f47-43be-90bd-0e4b37e1844f","ID":"d389533f-0024-415a-8dba-5e5318925c90","childs":null,"emcosID":null,"emcosMLID":null,"codMaketTEP":null,"codTEP":null,"WSName":"DB","rangeAddress":"$NQ$9:$NQ$46","headAddress":"$NQ$9","bodyAddress":"$NQ$10:$NQ$46","_name":"код"},"основное":{"_level":2,"parentID":"2b70958e-0e96-4233-b1ea-f099f55c6d45","firstParentID":"04ec972c-7f47-43be-90bd-0e4b37e1844f","ID":"41a1c738-70e6-4455-87c7-bb6b55165f5a","childs":null,"emcosID":null,"emcosMLID":null,"codMaketTEP":null,"codTEP":null,"WSName":"DB","rangeAddress":"$NR$9:$NR$46","headAddress":"$NR$9","bodyAddress":"$NR$10:$NR$46","_name":"основное"},"корректировка факт":{"_level":2,"parentID":"2b70958e-0e96-4233-b1ea-f099f55c6d45","firstParentID":"04ec972c-7f47-43be-90bd-0e4b37e1844f","ID":"deb92538-b6ae-4add-b5eb-9f05faeebb5c","childs":null,"emcosID":null,"emcosMLID":null,"codMaketTEP":null,"codTEP":null,"WSName":"DB","rangeAddress":"$NS$9:$NS$46","headAddress":"$NS$9","bodyAddress":"$NS$10:$NS$46","_name":"корректировка факт"},"ручное":{"_level":2,"parentID":"2b70958e-0e96-4233-b1ea-f099f55c6d45","firstParentID":"04ec972c-7f47-43be-90bd-0e4b37e1844f","ID":"931334d4-5164-48e1-acc9-822f4c5a9803","childs":null,"emcosID":null,"emcosMLID":null,"codMaketTEP":null,"codTEP":null,"WSName":"DB","rangeAddress":"$NT$9:$NT$46","headAddress":"$NT$9","bodyAddress":"$NT$10:$NT$46","_name":"ручное"},"счетчик":{"_level":2,"parentID":"2b70958e-0e96-4233-b1ea-f099f55c6d45","firstParentID":"04ec972c-7f47-43be-90bd-0e4b37e1844f","ID":"f425b400-9a81-49f0-a7a4-f8e55da74914","childs":null,"emcosID":null,"emcosMLID":null,"codMaketTEP":null,"codTEP":null,"WSName":"DB","rangeAddress":"$NU$9:$NU$46","headAddress":"$NU$9","bodyAddress":"$NU$10:$NU$46","_name":"счетчик"},"по счетчику":{"_level":2,"parentID":"2b70958e-0e96-4233-b1ea-f099f55c6d45","firstParentID":"04ec972c-7f47-43be-90bd-0e4b37e1844f","ID":"2aea521c-540b-43aa-a4d0-938fc86dbeca","childs":null,"emcosID":null,"emcosMLID":null,"codMaketTEP":null,"codTEP":null,"WSName":"DB","rangeAddress":"$NV$9:$NV$46","headAddress":"$NV$9","bodyAddress":"$NV$10:$NV$46","_name":"по счетчику"}},"emcosID":null,"emcosMLID":null,"codMaketTEP":null,"codTEP":null,"WSName":"DB","rangeAddress":"$NQ$8:$NV$46","headAddress":"$NQ$8:$NV$8","bodyAddress":"$NQ$9:$NV$46","_name":"отдача"}},"emcosID":null,"emcosMLID":null,"codMaketTEP":null,"codTEP":null,"WSName":"DB","rangeAddress":"$NK$7:$NV$46","headAddress":"$NK$7:$NV$7","bodyAddress":"$NK$8:$NV$46","_name":"Л5333 ЮКГРЭС"}},"codPlan":null,"meterCoef":"10000","_name":"Л5333 ЮКГРЭС"}