{"ID":"064a761e-ca2b-40ff-b6fe-31856dcfe6ad","childs":{"PS":{"_level":0,"parentID":"064a761e-ca2b-40ff-b6fe-31856dcfe6ad","firstParentID":"064a761e-ca2b-40ff-b6fe-31856dcfe6ad","ID":"3a19b21b-6d8d-42fd-a0df-cb5f77b9361f","childs":{"прием":{"_level":1,"parentID":"3a19b21b-6d8d-42fd-a0df-cb5f77b9361f","firstParentID":"064a761e-ca2b-40ff-b6fe-31856dcfe6ad","ID":"9ef6aa41-dc17-4088-b8b0-66c648f38ecf","childs":{"по плану":{"_level":2,"parentID":"9ef6aa41-dc17-4088-b8b0-66c648f38ecf","firstParentID":"064a761e-ca2b-40ff-b6fe-31856dcfe6ad","ID":"3aed7a7f-0993-45ec-9f16-eb6a3bf2ad8d","childs":null,"emcosID":null,"emcosMLID":null,"codMaketTEP":null,"codTEP":null,"WSName":"PS","rangeAddress":"$S$185:$S$221","headAddress":"$S$185","bodyAddress":"$S$186:$S$221","_name":"по плану"}},"emcosID":null,"emcosMLID":null,"codMaketTEP":1306,"codTEP":null,"WSName":"PS","rangeAddress":"$S$184:$S$221","headAddress":"$S$184","bodyAddress":"$S$185:$S$221","_name":"прием"},"план":{"_level":1,"parentID":"3a19b21b-6d8d-42fd-a0df-cb5f77b9361f","firstParentID":"064a761e-ca2b-40ff-b6fe-31856dcfe6ad","ID":"e9d9061a-cfcd-46bd-873f-53bc6e75a65b","childs":{"заявка":{"_level":2,"parentID":"e9d9061a-cfcd-46bd-873f-53bc6e75a65b","firstParentID":"064a761e-ca2b-40ff-b6fe-31856dcfe6ad","ID":"c7dda40a-087e-4ffb-b3f6-e3708dab2692","childs":null,"emcosID":null,"emcosMLID":null,"codMaketTEP":null,"codTEP":null,"WSName":"PS","rangeAddress":"$T$185:$T$221","headAddress":"$T$185","bodyAddress":"$T$186:$T$221","_name":"заявка"}},"emcosID":null,"emcosMLID":null,"codMaketTEP":null,"codTEP":null,"WSName":"PS","rangeAddress":"$T$184:$T$221","headAddress":"$T$184","bodyAddress":"$T$185:$T$221","_name":"план"}},"emcosID":null,"emcosMLID":null,"codMaketTEP":null,"codTEP":null,"WSName":"PS","rangeAddress":"$S$183:$T$221","headAddress":"$S$183:$T$183","bodyAddress":"$S$184:$T$221","_name":"Потребление Казэнергоцентр Алматы"},"DB":{"_level":0,"parentID":"064a761e-ca2b-40ff-b6fe-31856dcfe6ad","firstParentID":"064a761e-ca2b-40ff-b6fe-31856dcfe6ad","ID":"f0eebdc1-b5e3-452b-87d4-821725615543","childs":{"прием":{"_level":1,"parentID":"f0eebdc1-b5e3-452b-87d4-821725615543","firstParentID":"064a761e-ca2b-40ff-b6fe-31856dcfe6ad","ID":"68d0b86c-6a63-4054-a9da-befdfd2c9ad5","childs":{"код":{"_level":2,"parentID":"68d0b86c-6a63-4054-a9da-befdfd2c9ad5","firstParentID":"064a761e-ca2b-40ff-b6fe-31856dcfe6ad","ID":"8e9680fc-b424-4f81-95cf-b4bbdb7443fd","childs":null,"emcosID":null,"emcosMLID":null,"codMaketTEP":null,"codTEP":null,"WSName":"DB","rangeAddress":"$BO$439:$BO$476","headAddress":"$BO$439","bodyAddress":"$BO$440:$BO$476","_name":"код"},"основное":{"_level":2,"parentID":"68d0b86c-6a63-4054-a9da-befdfd2c9ad5","firstParentID":"064a761e-ca2b-40ff-b6fe-31856dcfe6ad","ID":"642beb56-ef12-4808-aa47-3ef6f0e6d3a9","childs":null,"emcosID":null,"emcosMLID":null,"codMaketTEP":null,"codTEP":null,"WSName":"DB","rangeAddress":"$BP$439:$BP$476","headAddress":"$BP$439","bodyAddress":"$BP$440:$BP$476","_name":"основное"},"корректировка факт":{"_level":2,"parentID":"68d0b86c-6a63-4054-a9da-befdfd2c9ad5","firstParentID":"064a761e-ca2b-40ff-b6fe-31856dcfe6ad","ID":"ed43505e-202b-44e8-a814-82546363ade2","childs":null,"emcosID":null,"emcosMLID":null,"codMaketTEP":null,"codTEP":null,"WSName":"DB","rangeAddress":"$BQ$439:$BQ$476","headAddress":"$BQ$439","bodyAddress":"$BQ$440:$BQ$476","_name":"корректировка факт"},"ручное":{"_level":2,"parentID":"68d0b86c-6a63-4054-a9da-befdfd2c9ad5","firstParentID":"064a761e-ca2b-40ff-b6fe-31856dcfe6ad","ID":"e2860b53-6ab5-4bf6-a009-52c6850eeec3","childs":null,"emcosID":null,"emcosMLID":null,"codMaketTEP":null,"codTEP":null,"WSName":"DB","rangeAddress":"$BR$439:$BR$476","headAddress":"$BR$439","bodyAddress":"$BR$440:$BR$476","_name":"ручное"},"по плану":{"_level":2,"parentID":"68d0b86c-6a63-4054-a9da-befdfd2c9ad5","firstParentID":"064a761e-ca2b-40ff-b6fe-31856dcfe6ad","ID":"46d4d3ef-aaa2-4f0a-baeb-105639e96a78","childs":null,"emcosID":null,"emcosMLID":null,"codMaketTEP":null,"codTEP":null,"WSName":"DB","rangeAddress":"$BS$439:$BS$476","headAddress":"$BS$439","bodyAddress":"$BS$440:$BS$476","_name":"по плану"}},"emcosID":null,"emcosMLID":null,"codMaketTEP":null,"codTEP":null,"WSName":"DB","rangeAddress":"$BO$438:$BS$476","headAddress":"$BO$438:$BS$438","bodyAddress":"$BO$439:$BS$476","_name":"прием"},"план":{"_level":1,"parentID":"f0eebdc1-b5e3-452b-87d4-821725615543","firstParentID":"064a761e-ca2b-40ff-b6fe-31856dcfe6ad","ID":"4735bbfe-7c96-4eb3-a893-e34bea1f37f3","childs":{"код":{"_level":2,"parentID":"4735bbfe-7c96-4eb3-a893-e34bea1f37f3","firstParentID":"064a761e-ca2b-40ff-b6fe-31856dcfe6ad","ID":"2445196d-8f8b-49b2-97b3-64da02113094","childs":null,"emcosID":null,"emcosMLID":null,"codMaketTEP":null,"codTEP":null,"WSName":"DB","rangeAddress":"$BT$439:$BT$476","headAddress":"$BT$439","bodyAddress":"$BT$440:$BT$476","_name":"код"},"основное":{"_level":2,"parentID":"4735bbfe-7c96-4eb3-a893-e34bea1f37f3","firstParentID":"064a761e-ca2b-40ff-b6fe-31856dcfe6ad","ID":"fde5757e-2e54-41e1-88cf-ef42d50d62b3","childs":null,"emcosID":null,"emcosMLID":null,"codMaketTEP":null,"codTEP":null,"WSName":"DB","rangeAddress":"$BU$439:$BU$476","headAddress":"$BU$439","bodyAddress":"$BU$440:$BU$476","_name":"основное"},"заявка":{"_level":2,"parentID":"4735bbfe-7c96-4eb3-a893-e34bea1f37f3","firstParentID":"064a761e-ca2b-40ff-b6fe-31856dcfe6ad","ID":"3600d634-b4cf-4a99-a489-7d16ef62f4f5","childs":null,"emcosID":null,"emcosMLID":null,"codMaketTEP":null,"codTEP":null,"WSName":"DB","rangeAddress":"$BV$439:$BV$476","headAddress":"$BV$439","bodyAddress":"$BV$440:$BV$476","_name":"заявка"},"утвержденный":{"_level":2,"parentID":"4735bbfe-7c96-4eb3-a893-e34bea1f37f3","firstParentID":"064a761e-ca2b-40ff-b6fe-31856dcfe6ad","ID":"6e33515f-c957-49bf-a6dd-4a60f65d1c88","childs":null,"emcosID":null,"emcosMLID":null,"codMaketTEP":null,"codTEP":null,"WSName":"DB","rangeAddress":"$BW$439:$BW$476","headAddress":"$BW$439","bodyAddress":"$BW$440:$BW$476","_name":"утвержденный"},"корректировка":{"_level":2,"parentID":"4735bbfe-7c96-4eb3-a893-e34bea1f37f3","firstParentID":"064a761e-ca2b-40ff-b6fe-31856dcfe6ad","ID":"f97bae54-87f4-41b9-ac63-9967a7ab80d6","childs":null,"emcosID":null,"emcosMLID":null,"codMaketTEP":null,"codTEP":null,"WSName":"DB","rangeAddress":"$BX$439:$BX$476","headAddress":"$BX$439","bodyAddress":"$BX$440:$BX$476","_name":"корректировка"}},"emcosID":null,"emcosMLID":null,"codMaketTEP":null,"codTEP":null,"WSName":"DB","rangeAddress":"$BT$438:$BX$476","headAddress":"$BT$438:$BX$438","bodyAddress":"$BT$439:$BX$476","_name":"план"}},"emcosID":null,"emcosMLID":null,"codMaketTEP":null,"codTEP":null,"WSName":"DB","rangeAddress":"$BO$437:$BX$476","headAddress":"$BO$437:$BX$437","bodyAddress":"$BO$438:$BX$476","_name":"Потребление Казэнергоцентр Алматы"}},"codPlan":103,"meterCoef":null,"_name":"Потребление Казэнергоцентр Алматы"}