{"ID":"1952d52e-c335-4ae4-a311-3efe167a3c7c","childs":{"PS":{"_level":0,"parentID":"1952d52e-c335-4ae4-a311-3efe167a3c7c","firstParentID":"1952d52e-c335-4ae4-a311-3efe167a3c7c","ID":"4d2ee492-7ab6-4fd1-ab3b-2efae37d5ede","childs":{"прием":{"_level":1,"parentID":"4d2ee492-7ab6-4fd1-ab3b-2efae37d5ede","firstParentID":"1952d52e-c335-4ae4-a311-3efe167a3c7c","ID":"008cae9e-0ea7-4bdb-9adb-5d3a9726f848","childs":{"по счетчику":{"_level":2,"parentID":"008cae9e-0ea7-4bdb-9adb-5d3a9726f848","firstParentID":"1952d52e-c335-4ae4-a311-3efe167a3c7c","ID":"8b8fd47d-fb62-4307-8dae-671168e6adc9","childs":null,"emcosID":null,"emcosMLID":null,"codMaketTEP":null,"codTEP":null,"WSName":"PS","rangeAddress":"$CY$56:$CY$92","headAddress":"$CY$56","bodyAddress":"$CY$57:$CY$92","_name":"по счетчику"}},"emcosID":null,"emcosMLID":null,"codMaketTEP":null,"codTEP":null,"WSName":"PS","rangeAddress":"$CY$55:$CY$92","headAddress":"$CY$55","bodyAddress":"$CY$56:$CY$92","_name":"прием"},"отдача":{"_level":1,"parentID":"4d2ee492-7ab6-4fd1-ab3b-2efae37d5ede","firstParentID":"1952d52e-c335-4ae4-a311-3efe167a3c7c","ID":"556c6ca0-61bd-48e5-8df4-81a5de8f4c7d","childs":{"по счетчику":{"_level":2,"parentID":"556c6ca0-61bd-48e5-8df4-81a5de8f4c7d","firstParentID":"1952d52e-c335-4ae4-a311-3efe167a3c7c","ID":"cf8a37e7-c9b6-4d41-a03e-b307eb777209","childs":null,"emcosID":null,"emcosMLID":null,"codMaketTEP":null,"codTEP":null,"WSName":"PS","rangeAddress":"$CZ$56:$CZ$92","headAddress":"$CZ$56","bodyAddress":"$CZ$57:$CZ$92","_name":"по счетчику"}},"emcosID":null,"emcosMLID":null,"codMaketTEP":null,"codTEP":null,"WSName":"PS","rangeAddress":"$CZ$55:$CZ$92","headAddress":"$CZ$55","bodyAddress":"$CZ$56:$CZ$92","_name":"отдача"}},"emcosID":null,"emcosMLID":null,"codMaketTEP":null,"codTEP":null,"WSName":"PS","rangeAddress":"$CY$54:$CZ$92","headAddress":"$CY$54:$CZ$54","bodyAddress":"$CY$55:$CZ$92","_name":"Л5353 Алматы"},"DB":{"_level":0,"parentID":"1952d52e-c335-4ae4-a311-3efe167a3c7c","firstParentID":"1952d52e-c335-4ae4-a311-3efe167a3c7c","ID":"5ff9e8c7-88c1-49d2-a1ba-7236750b2a27","childs":{"прием":{"_level":1,"parentID":"5ff9e8c7-88c1-49d2-a1ba-7236750b2a27","firstParentID":"1952d52e-c335-4ae4-a311-3efe167a3c7c","ID":"9f498c30-68a3-4e79-9b10-64613e1c1b33","childs":{"код":{"_level":2,"parentID":"9f498c30-68a3-4e79-9b10-64613e1c1b33","firstParentID":"1952d52e-c335-4ae4-a311-3efe167a3c7c","ID":"56889fe6-629d-4596-9fbc-6f77ff26b911","childs":null,"emcosID":null,"emcosMLID":null,"codMaketTEP":null,"codTEP":null,"WSName":"DB","rangeAddress":"$EP$9:$EP$46","headAddress":"$EP$9","bodyAddress":"$EP$10:$EP$46","_name":"код"},"основное":{"_level":2,"parentID":"9f498c30-68a3-4e79-9b10-64613e1c1b33","firstParentID":"1952d52e-c335-4ae4-a311-3efe167a3c7c","ID":"76f49899-956a-48dd-98d8-0cd9bfe9a493","childs":null,"emcosID":null,"emcosMLID":null,"codMaketTEP":null,"codTEP":null,"WSName":"DB","rangeAddress":"$EQ$9:$EQ$46","headAddress":"$EQ$9","bodyAddress":"$EQ$10:$EQ$46","_name":"основное"},"корректировка факт":{"_level":2,"parentID":"9f498c30-68a3-4e79-9b10-64613e1c1b33","firstParentID":"1952d52e-c335-4ae4-a311-3efe167a3c7c","ID":"5ce4dfd0-99c5-429e-9a20-6d0aa8ad939d","childs":null,"emcosID":null,"emcosMLID":null,"codMaketTEP":null,"codTEP":null,"WSName":"DB","rangeAddress":"$ER$9:$ER$46","headAddress":"$ER$9","bodyAddress":"$ER$10:$ER$46","_name":"корректировка факт"},"ручное":{"_level":2,"parentID":"9f498c30-68a3-4e79-9b10-64613e1c1b33","firstParentID":"1952d52e-c335-4ae4-a311-3efe167a3c7c","ID":"be3dae46-4d8d-438c-835c-16f2bd1512dd","childs":null,"emcosID":null,"emcosMLID":null,"codMaketTEP":null,"codTEP":null,"WSName":"DB","rangeAddress":"$ES$9:$ES$46","headAddress":"$ES$9","bodyAddress":"$ES$10:$ES$46","_name":"ручное"},"счетчик":{"_level":2,"parentID":"9f498c30-68a3-4e79-9b10-64613e1c1b33","firstParentID":"1952d52e-c335-4ae4-a311-3efe167a3c7c","ID":"62660d72-6bb9-4f4c-a9b4-b34dc0a14753","childs":null,"emcosID":null,"emcosMLID":null,"codMaketTEP":null,"codTEP":null,"WSName":"DB","rangeAddress":"$ET$9:$ET$46","headAddress":"$ET$9","bodyAddress":"$ET$10:$ET$46","_name":"счетчик"},"по счетчику":{"_level":2,"parentID":"9f498c30-68a3-4e79-9b10-64613e1c1b33","firstParentID":"1952d52e-c335-4ae4-a311-3efe167a3c7c","ID":"6b8e8820-978f-46d3-a853-a35fd150b9c9","childs":null,"emcosID":null,"emcosMLID":null,"codMaketTEP":null,"codTEP":null,"WSName":"DB","rangeAddress":"$EU$9:$EU$46","headAddress":"$EU$9","bodyAddress":"$EU$10:$EU$46","_name":"по счетчику"}},"emcosID":null,"emcosMLID":null,"codMaketTEP":null,"codTEP":null,"WSName":"DB","rangeAddress":"$EP$8:$EU$46","headAddress":"$EP$8:$EU$8","bodyAddress":"$EP$9:$EU$46","_name":"прием"},"отдача":{"_level":1,"parentID":"5ff9e8c7-88c1-49d2-a1ba-7236750b2a27","firstParentID":"1952d52e-c335-4ae4-a311-3efe167a3c7c","ID":"249a3db0-3855-4e8b-97bd-9f93cb95c163","childs":{"код":{"_level":2,"parentID":"249a3db0-3855-4e8b-97bd-9f93cb95c163","firstParentID":"1952d52e-c335-4ae4-a311-3efe167a3c7c","ID":"f5f91902-b719-4a03-bee1-8c5b0165d4db","childs":null,"emcosID":null,"emcosMLID":null,"codMaketTEP":null,"codTEP":null,"WSName":"DB","rangeAddress":"$EV$9:$EV$46","headAddress":"$EV$9","bodyAddress":"$EV$10:$EV$46","_name":"код"},"основное":{"_level":2,"parentID":"249a3db0-3855-4e8b-97bd-9f93cb95c163","firstParentID":"1952d52e-c335-4ae4-a311-3efe167a3c7c","ID":"c1120995-92b5-4283-9a2c-8784017f6c01","childs":null,"emcosID":null,"emcosMLID":null,"codMaketTEP":null,"codTEP":null,"WSName":"DB","rangeAddress":"$EW$9:$EW$46","headAddress":"$EW$9","bodyAddress":"$EW$10:$EW$46","_name":"основное"},"корректировка факт":{"_level":2,"parentID":"249a3db0-3855-4e8b-97bd-9f93cb95c163","firstParentID":"1952d52e-c335-4ae4-a311-3efe167a3c7c","ID":"e1385ea1-a15e-4584-9397-e81bd0103f39","childs":null,"emcosID":null,"emcosMLID":null,"codMaketTEP":null,"codTEP":null,"WSName":"DB","rangeAddress":"$EX$9:$EX$46","headAddress":"$EX$9","bodyAddress":"$EX$10:$EX$46","_name":"корректировка факт"},"ручное":{"_level":2,"parentID":"249a3db0-3855-4e8b-97bd-9f93cb95c163","firstParentID":"1952d52e-c335-4ae4-a311-3efe167a3c7c","ID":"3080be3a-27e6-41a2-8411-347b8e4452e4","childs":null,"emcosID":null,"emcosMLID":null,"codMaketTEP":null,"codTEP":null,"WSName":"DB","rangeAddress":"$EY$9:$EY$46","headAddress":"$EY$9","bodyAddress":"$EY$10:$EY$46","_name":"ручное"},"счетчик":{"_level":2,"parentID":"249a3db0-3855-4e8b-97bd-9f93cb95c163","firstParentID":"1952d52e-c335-4ae4-a311-3efe167a3c7c","ID":"944d000e-2ebf-4fbd-84e5-279aacb9a8a0","childs":null,"emcosID":null,"emcosMLID":null,"codMaketTEP":null,"codTEP":null,"WSName":"DB","rangeAddress":"$EZ$9:$EZ$46","headAddress":"$EZ$9","bodyAddress":"$EZ$10:$EZ$46","_name":"счетчик"},"по счетчику":{"_level":2,"parentID":"249a3db0-3855-4e8b-97bd-9f93cb95c163","firstParentID":"1952d52e-c335-4ae4-a311-3efe167a3c7c","ID":"2a44b278-ae23-4476-a54f-823f03454959","childs":null,"emcosID":null,"emcosMLID":null,"codMaketTEP":null,"codTEP":null,"WSName":"DB","rangeAddress":"$FA$9:$FA$46","headAddress":"$FA$9","bodyAddress":"$FA$10:$FA$46","_name":"по счетчику"}},"emcosID":null,"emcosMLID":null,"codMaketTEP":null,"codTEP":null,"WSName":"DB","rangeAddress":"$EV$8:$FA$46","headAddress":"$EV$8:$FA$8","bodyAddress":"$EV$9:$FA$46","_name":"отдача"}},"emcosID":null,"emcosMLID":null,"codMaketTEP":null,"codTEP":null,"WSName":"DB","rangeAddress":"$EP$7:$FA$46","headAddress":"$EP$7:$FA$7","bodyAddress":"$EP$8:$FA$46","_name":"Л5353 Алматы"}},"codPlan":null,"meterCoef":"10000","_name":"Л5353 Алматы"}