{"ID":"47aff4a9-5552-4c4c-93c1-fa904cf06e2c","childs":{"PS":{"_level":0,"parentID":"47aff4a9-5552-4c4c-93c1-fa904cf06e2c","firstParentID":"47aff4a9-5552-4c4c-93c1-fa904cf06e2c","ID":"5ad4976b-1fa2-4235-b19f-59bda970ec86","childs":{"прием":{"_level":1,"parentID":"5ad4976b-1fa2-4235-b19f-59bda970ec86","firstParentID":"47aff4a9-5552-4c4c-93c1-fa904cf06e2c","ID":"02881f09-3e72-4771-9eac-12d41170ffac","childs":{"аскуэ":{"_level":2,"parentID":"02881f09-3e72-4771-9eac-12d41170ffac","firstParentID":"47aff4a9-5552-4c4c-93c1-fa904cf06e2c","ID":"6a14ff8d-4a60-4ab1-b67f-a4e9006b50a4","childs":null,"emcosID":null,"emcosMLID":null,"codMaketTEP":null,"codTEP":null,"WSName":"PS","rangeAddress":"$AN$56:$AN$92","headAddress":"$AN$56","bodyAddress":"$AN$57:$AN$92","_name":"аскуэ"},"ПО СЧЕТЧИКУ":{"_level":2,"parentID":"02881f09-3e72-4771-9eac-12d41170ffac","firstParentID":"47aff4a9-5552-4c4c-93c1-fa904cf06e2c","ID":"afc53fb1-6ea5-46c1-8b95-acfa034cc855","childs":null,"emcosID":null,"emcosMLID":null,"codMaketTEP":null,"codTEP":null,"WSName":"PS","rangeAddress":"$AO$56:$AO$92","headAddress":"$AO$56","bodyAddress":"$AO$57:$AO$92","_name":"ПО СЧЕТЧИКУ"}},"emcosID":null,"emcosMLID":null,"codMaketTEP":null,"codTEP":null,"WSName":"PS","rangeAddress":"$AN$55:$AO$92","headAddress":"$AN$55:$AO$55","bodyAddress":"$AN$56:$AO$92","_name":"прием"},"отдача":{"_level":1,"parentID":"5ad4976b-1fa2-4235-b19f-59bda970ec86","firstParentID":"47aff4a9-5552-4c4c-93c1-fa904cf06e2c","ID":"13fd6728-55dc-44d0-8f6f-d9845635b21b","childs":{"аскуэ":{"_level":2,"parentID":"13fd6728-55dc-44d0-8f6f-d9845635b21b","firstParentID":"47aff4a9-5552-4c4c-93c1-fa904cf06e2c","ID":"c733c39e-059b-462c-be6e-24238d325163","childs":null,"emcosID":null,"emcosMLID":null,"codMaketTEP":null,"codTEP":null,"WSName":"PS","rangeAddress":"$AP$56:$AP$92","headAddress":"$AP$56","bodyAddress":"$AP$57:$AP$92","_name":"аскуэ"},"ПО СЧЕТЧИКУ":{"_level":2,"parentID":"13fd6728-55dc-44d0-8f6f-d9845635b21b","firstParentID":"47aff4a9-5552-4c4c-93c1-fa904cf06e2c","ID":"eff24aaf-8f68-4392-b95f-256682dd4235","childs":null,"emcosID":null,"emcosMLID":null,"codMaketTEP":null,"codTEP":null,"WSName":"PS","rangeAddress":"$AQ$56:$AQ$92","headAddress":"$AQ$56","bodyAddress":"$AQ$57:$AQ$92","_name":"ПО СЧЕТЧИКУ"}},"emcosID":null,"emcosMLID":null,"codMaketTEP":null,"codTEP":null,"WSName":"PS","rangeAddress":"$AP$55:$AQ$92","headAddress":"$AP$55:$AQ$55","bodyAddress":"$AP$56:$AQ$92","_name":"отдача"}},"emcosID":null,"emcosMLID":null,"codMaketTEP":null,"codTEP":null,"WSName":"PS","rangeAddress":"$AN$54:$AQ$92","headAddress":"$AN$54:$AQ$54","bodyAddress":"$AN$55:$AQ$92","_name":"Л2213 ЮКГРЭС"},"DB":{"_level":0,"parentID":"47aff4a9-5552-4c4c-93c1-fa904cf06e2c","firstParentID":"47aff4a9-5552-4c4c-93c1-fa904cf06e2c","ID":"aa437f3d-cec2-4d88-b2af-27b3530d38c5","childs":{"прием":{"_level":1,"parentID":"aa437f3d-cec2-4d88-b2af-27b3530d38c5","firstParentID":"47aff4a9-5552-4c4c-93c1-fa904cf06e2c","ID":"a23cb8f6-c01f-4d50-a003-3e8cbd278a2b","childs":{"код":{"_level":2,"parentID":"a23cb8f6-c01f-4d50-a003-3e8cbd278a2b","firstParentID":"47aff4a9-5552-4c4c-93c1-fa904cf06e2c","ID":"fc919c6f-edcd-464d-b84d-88d519cfead2","childs":null,"emcosID":null,"emcosMLID":null,"codMaketTEP":null,"codTEP":null,"WSName":"DB","rangeAddress":"$LA$9:$LA$46","headAddress":"$LA$9","bodyAddress":"$LA$10:$LA$46","_name":"код"},"основное":{"_level":2,"parentID":"a23cb8f6-c01f-4d50-a003-3e8cbd278a2b","firstParentID":"47aff4a9-5552-4c4c-93c1-fa904cf06e2c","ID":"6be1fb03-a39e-4344-b560-18f35907e89a","childs":null,"emcosID":null,"emcosMLID":null,"codMaketTEP":null,"codTEP":null,"WSName":"DB","rangeAddress":"$LB$9:$LB$46","headAddress":"$LB$9","bodyAddress":"$LB$10:$LB$46","_name":"основное"},"корректировка факт":{"_level":2,"parentID":"a23cb8f6-c01f-4d50-a003-3e8cbd278a2b","firstParentID":"47aff4a9-5552-4c4c-93c1-fa904cf06e2c","ID":"ba9a984d-d734-43bf-9906-8a769cde47d3","childs":null,"emcosID":null,"emcosMLID":null,"codMaketTEP":null,"codTEP":null,"WSName":"DB","rangeAddress":"$LC$9:$LC$46","headAddress":"$LC$9","bodyAddress":"$LC$10:$LC$46","_name":"корректировка факт"},"ручное":{"_level":2,"parentID":"a23cb8f6-c01f-4d50-a003-3e8cbd278a2b","firstParentID":"47aff4a9-5552-4c4c-93c1-fa904cf06e2c","ID":"d6f47d1c-efb0-4258-a268-832e09e62568","childs":null,"emcosID":null,"emcosMLID":null,"codMaketTEP":null,"codTEP":null,"WSName":"DB","rangeAddress":"$LD$9:$LD$46","headAddress":"$LD$9","bodyAddress":"$LD$10:$LD$46","_name":"ручное"},"счетчик":{"_level":2,"parentID":"a23cb8f6-c01f-4d50-a003-3e8cbd278a2b","firstParentID":"47aff4a9-5552-4c4c-93c1-fa904cf06e2c","ID":"185dab34-a66b-4c80-a491-bb21570925f6","childs":null,"emcosID":null,"emcosMLID":null,"codMaketTEP":null,"codTEP":null,"WSName":"DB","rangeAddress":"$LE$9:$LE$46","headAddress":"$LE$9","bodyAddress":"$LE$10:$LE$46","_name":"счетчик"},"по счетчику":{"_level":2,"parentID":"a23cb8f6-c01f-4d50-a003-3e8cbd278a2b","firstParentID":"47aff4a9-5552-4c4c-93c1-fa904cf06e2c","ID":"fcdd732f-b134-4829-98b5-5af630d0f441","childs":null,"emcosID":null,"emcosMLID":null,"codMaketTEP":null,"codTEP":null,"WSName":"DB","rangeAddress":"$LF$9:$LF$46","headAddress":"$LF$9","bodyAddress":"$LF$10:$LF$46","_name":"по счетчику"},"аскуэ":{"_level":2,"parentID":"a23cb8f6-c01f-4d50-a003-3e8cbd278a2b","firstParentID":"47aff4a9-5552-4c4c-93c1-fa904cf06e2c","ID":"4503b023-702f-4fc0-881c-cf35c679db7f","childs":null,"emcosID":null,"emcosMLID":null,"codMaketTEP":null,"codTEP":null,"WSName":"DB","rangeAddress":"$LG$9:$LG$46","headAddress":"$LG$9","bodyAddress":"$LG$10:$LG$46","_name":"аскуэ"}},"emcosID":341,"emcosMLID":386,"codMaketTEP":null,"codTEP":null,"WSName":"DB","rangeAddress":"$LA$8:$LG$46","headAddress":"$LA$8:$LG$8","bodyAddress":"$LA$9:$LG$46","_name":"прием"},"отдача":{"_level":1,"parentID":"aa437f3d-cec2-4d88-b2af-27b3530d38c5","firstParentID":"47aff4a9-5552-4c4c-93c1-fa904cf06e2c","ID":"3c37b515-5a69-47d1-8273-cfc212ec5761","childs":{"код":{"_level":2,"parentID":"3c37b515-5a69-47d1-8273-cfc212ec5761","firstParentID":"47aff4a9-5552-4c4c-93c1-fa904cf06e2c","ID":"fed8ddb6-eeb1-442d-aa1c-b6fdc155aff0","childs":null,"emcosID":null,"emcosMLID":null,"codMaketTEP":null,"codTEP":null,"WSName":"DB","rangeAddress":"$LH$9:$LH$46","headAddress":"$LH$9","bodyAddress":"$LH$10:$LH$46","_name":"код"},"основное":{"_level":2,"parentID":"3c37b515-5a69-47d1-8273-cfc212ec5761","firstParentID":"47aff4a9-5552-4c4c-93c1-fa904cf06e2c","ID":"e2f88572-92a3-4b4c-8f7f-be39f25f8d73","childs":null,"emcosID":null,"emcosMLID":null,"codMaketTEP":null,"codTEP":null,"WSName":"DB","rangeAddress":"$LI$9:$LI$46","headAddress":"$LI$9","bodyAddress":"$LI$10:$LI$46","_name":"основное"},"корректировка факт":{"_level":2,"parentID":"3c37b515-5a69-47d1-8273-cfc212ec5761","firstParentID":"47aff4a9-5552-4c4c-93c1-fa904cf06e2c","ID":"3687df45-b9ad-4d5f-a8fc-56e66ce6abe5","childs":null,"emcosID":null,"emcosMLID":null,"codMaketTEP":null,"codTEP":null,"WSName":"DB","rangeAddress":"$LJ$9:$LJ$46","headAddress":"$LJ$9","bodyAddress":"$LJ$10:$LJ$46","_name":"корректировка факт"},"ручное":{"_level":2,"parentID":"3c37b515-5a69-47d1-8273-cfc212ec5761","firstParentID":"47aff4a9-5552-4c4c-93c1-fa904cf06e2c","ID":"c5ecccc3-7b75-4cfa-b7a0-f8deefe5dfc0","childs":null,"emcosID":null,"emcosMLID":null,"codMaketTEP":null,"codTEP":null,"WSName":"DB","rangeAddress":"$LK$9:$LK$46","headAddress":"$LK$9","bodyAddress":"$LK$10:$LK$46","_name":"ручное"},"счетчик":{"_level":2,"parentID":"3c37b515-5a69-47d1-8273-cfc212ec5761","firstParentID":"47aff4a9-5552-4c4c-93c1-fa904cf06e2c","ID":"c1d3d3d5-c952-447e-b7a5-c3200122b61d","childs":null,"emcosID":null,"emcosMLID":null,"codMaketTEP":null,"codTEP":null,"WSName":"DB","rangeAddress":"$LL$9:$LL$46","headAddress":"$LL$9","bodyAddress":"$LL$10:$LL$46","_name":"счетчик"},"по счетчику":{"_level":2,"parentID":"3c37b515-5a69-47d1-8273-cfc212ec5761","firstParentID":"47aff4a9-5552-4c4c-93c1-fa904cf06e2c","ID":"c9d81f8b-2b23-437b-ba0e-d377ede22fd8","childs":null,"emcosID":null,"emcosMLID":null,"codMaketTEP":null,"codTEP":null,"WSName":"DB","rangeAddress":"$LM$9:$LM$46","headAddress":"$LM$9","bodyAddress":"$LM$10:$LM$46","_name":"по счетчику"},"аскуэ":{"_level":2,"parentID":"3c37b515-5a69-47d1-8273-cfc212ec5761","firstParentID":"47aff4a9-5552-4c4c-93c1-fa904cf06e2c","ID":"8c6d60be-9c96-4334-85e6-809bcc3d0010","childs":null,"emcosID":null,"emcosMLID":null,"codMaketTEP":null,"codTEP":null,"WSName":"DB","rangeAddress":"$LN$9:$LN$46","headAddress":"$LN$9","bodyAddress":"$LN$10:$LN$46","_name":"аскуэ"}},"emcosID":341,"emcosMLID":385,"codMaketTEP":null,"codTEP":null,"WSName":"DB","rangeAddress":"$LH$8:$LN$46","headAddress":"$LH$8:$LN$8","bodyAddress":"$LH$9:$LN$46","_name":"отдача"}},"emcosID":null,"emcosMLID":null,"codMaketTEP":null,"codTEP":null,"WSName":"DB","rangeAddress":"$LA$7:$LN$46","headAddress":"$LA$7:$LN$7","bodyAddress":"$LA$8:$LN$46","_name":"Л2213 ЮКГРЭС"}},"codPlan":null,"meterCoef":"1320","_name":"Л2213 ЮКГРЭС"}