{"ID":"4dc91f89-cced-49d6-9e13-7f2859b26d5b","childs":{"PS":{"_level":0,"parentID":"4dc91f89-cced-49d6-9e13-7f2859b26d5b","firstParentID":"4dc91f89-cced-49d6-9e13-7f2859b26d5b","ID":"6aa13568-f77f-447d-ac0b-a6efb4c827da","childs":{"прием":{"_level":1,"parentID":"6aa13568-f77f-447d-ac0b-a6efb4c827da","firstParentID":"4dc91f89-cced-49d6-9e13-7f2859b26d5b","ID":"6448ca37-ae9d-439b-94c1-eb5e101a8517","childs":{"по плану":{"_level":2,"parentID":"6448ca37-ae9d-439b-94c1-eb5e101a8517","firstParentID":"4dc91f89-cced-49d6-9e13-7f2859b26d5b","ID":"02924368-b913-41bd-91c3-6f1fb2da55d1","childs":null,"emcosID":null,"emcosMLID":null,"codMaketTEP":null,"codTEP":null,"WSName":"PS","rangeAddress":"$L$228:$L$264","headAddress":"$L$228","bodyAddress":"$L$229:$L$264","_name":"по плану"}},"emcosID":null,"emcosMLID":null,"codMaketTEP":1420,"codTEP":null,"WSName":"PS","rangeAddress":"$L$227:$L$264","headAddress":"$L$227","bodyAddress":"$L$228:$L$264","_name":"прием"},"план":{"_level":1,"parentID":"6aa13568-f77f-447d-ac0b-a6efb4c827da","firstParentID":"4dc91f89-cced-49d6-9e13-7f2859b26d5b","ID":"9340939c-aa85-4bd5-9e39-88cc03145fe9","childs":{"заявка":{"_level":2,"parentID":"9340939c-aa85-4bd5-9e39-88cc03145fe9","firstParentID":"4dc91f89-cced-49d6-9e13-7f2859b26d5b","ID":"75588da4-7962-41b1-833c-7cd5aa0a5237","childs":null,"emcosID":null,"emcosMLID":null,"codMaketTEP":null,"codTEP":null,"WSName":"PS","rangeAddress":"$M$228:$M$264","headAddress":"$M$228","bodyAddress":"$M$229:$M$264","_name":"заявка"}},"emcosID":null,"emcosMLID":null,"codMaketTEP":null,"codTEP":null,"WSName":"PS","rangeAddress":"$M$227:$M$264","headAddress":"$M$227","bodyAddress":"$M$228:$M$264","_name":"план"}},"emcosID":null,"emcosMLID":null,"codMaketTEP":null,"codTEP":null,"WSName":"PS","rangeAddress":"$L$226:$M$264","headAddress":"$L$226:$M$226","bodyAddress":"$L$227:$M$264","_name":"От Антоновской ГЭС ТАТЭК"},"DB":{"_level":0,"parentID":"4dc91f89-cced-49d6-9e13-7f2859b26d5b","firstParentID":"4dc91f89-cced-49d6-9e13-7f2859b26d5b","ID":"0711d9b2-ba86-46b0-b7d5-87214b5a2b5a","childs":{"прием":{"_level":1,"parentID":"0711d9b2-ba86-46b0-b7d5-87214b5a2b5a","firstParentID":"4dc91f89-cced-49d6-9e13-7f2859b26d5b","ID":"58cf6140-c0b6-46ae-8e13-2c2135759df6","childs":{"код":{"_level":2,"parentID":"58cf6140-c0b6-46ae-8e13-2c2135759df6","firstParentID":"4dc91f89-cced-49d6-9e13-7f2859b26d5b","ID":"e2c75740-6e21-4e25-9a0c-d5023b7e5264","childs":null,"emcosID":null,"emcosMLID":null,"codMaketTEP":null,"codTEP":null,"WSName":"DB","rangeAddress":"$AW$568:$AW$605","headAddress":"$AW$568","bodyAddress":"$AW$569:$AW$605","_name":"код"},"основное":{"_level":2,"parentID":"58cf6140-c0b6-46ae-8e13-2c2135759df6","firstParentID":"4dc91f89-cced-49d6-9e13-7f2859b26d5b","ID":"7b0818b8-27a9-4fe2-8c10-ac12ded7f675","childs":null,"emcosID":null,"emcosMLID":null,"codMaketTEP":null,"codTEP":null,"WSName":"DB","rangeAddress":"$AX$568:$AX$605","headAddress":"$AX$568","bodyAddress":"$AX$569:$AX$605","_name":"основное"},"корректировка факт":{"_level":2,"parentID":"58cf6140-c0b6-46ae-8e13-2c2135759df6","firstParentID":"4dc91f89-cced-49d6-9e13-7f2859b26d5b","ID":"0f1ff5be-ed19-4e07-bfd9-f7bfa7a9f816","childs":null,"emcosID":null,"emcosMLID":null,"codMaketTEP":null,"codTEP":null,"WSName":"DB","rangeAddress":"$AY$568:$AY$605","headAddress":"$AY$568","bodyAddress":"$AY$569:$AY$605","_name":"корректировка факт"},"ручное":{"_level":2,"parentID":"58cf6140-c0b6-46ae-8e13-2c2135759df6","firstParentID":"4dc91f89-cced-49d6-9e13-7f2859b26d5b","ID":"9abaf4e5-223f-4e84-a471-b685cb0c7dee","childs":null,"emcosID":null,"emcosMLID":null,"codMaketTEP":null,"codTEP":null,"WSName":"DB","rangeAddress":"$AZ$568:$AZ$605","headAddress":"$AZ$568","bodyAddress":"$AZ$569:$AZ$605","_name":"ручное"},"по плану":{"_level":2,"parentID":"58cf6140-c0b6-46ae-8e13-2c2135759df6","firstParentID":"4dc91f89-cced-49d6-9e13-7f2859b26d5b","ID":"411c04cc-7e37-441a-91f6-a1914eae92da","childs":null,"emcosID":null,"emcosMLID":null,"codMaketTEP":null,"codTEP":null,"WSName":"DB","rangeAddress":"$BA$568:$BA$605","headAddress":"$BA$568","bodyAddress":"$BA$569:$BA$605","_name":"по плану"}},"emcosID":null,"emcosMLID":null,"codMaketTEP":null,"codTEP":null,"WSName":"DB","rangeAddress":"$AW$567:$BA$605","headAddress":"$AW$567:$BA$567","bodyAddress":"$AW$568:$BA$605","_name":"прием"},"план":{"_level":1,"parentID":"0711d9b2-ba86-46b0-b7d5-87214b5a2b5a","firstParentID":"4dc91f89-cced-49d6-9e13-7f2859b26d5b","ID":"a9fb6439-8012-4397-a929-fe5738e68ac4","childs":{"код":{"_level":2,"parentID":"a9fb6439-8012-4397-a929-fe5738e68ac4","firstParentID":"4dc91f89-cced-49d6-9e13-7f2859b26d5b","ID":"5c724da2-cde1-466c-9ee9-ff77dae3d722","childs":null,"emcosID":null,"emcosMLID":null,"codMaketTEP":null,"codTEP":null,"WSName":"DB","rangeAddress":"$BB$568:$BB$605","headAddress":"$BB$568","bodyAddress":"$BB$569:$BB$605","_name":"код"},"основное":{"_level":2,"parentID":"a9fb6439-8012-4397-a929-fe5738e68ac4","firstParentID":"4dc91f89-cced-49d6-9e13-7f2859b26d5b","ID":"02dea4c3-842e-4064-87b3-2cf46439732c","childs":null,"emcosID":null,"emcosMLID":null,"codMaketTEP":null,"codTEP":null,"WSName":"DB","rangeAddress":"$BC$568:$BC$605","headAddress":"$BC$568","bodyAddress":"$BC$569:$BC$605","_name":"основное"},"заявка":{"_level":2,"parentID":"a9fb6439-8012-4397-a929-fe5738e68ac4","firstParentID":"4dc91f89-cced-49d6-9e13-7f2859b26d5b","ID":"13d9b7b6-7697-457c-b5f9-c39c9896fcff","childs":null,"emcosID":null,"emcosMLID":null,"codMaketTEP":null,"codTEP":null,"WSName":"DB","rangeAddress":"$BD$568:$BD$605","headAddress":"$BD$568","bodyAddress":"$BD$569:$BD$605","_name":"заявка"},"утвержденный":{"_level":2,"parentID":"a9fb6439-8012-4397-a929-fe5738e68ac4","firstParentID":"4dc91f89-cced-49d6-9e13-7f2859b26d5b","ID":"21cc6046-0b4d-430b-b9b8-8379739f3fef","childs":null,"emcosID":null,"emcosMLID":null,"codMaketTEP":null,"codTEP":null,"WSName":"DB","rangeAddress":"$BE$568:$BE$605","headAddress":"$BE$568","bodyAddress":"$BE$569:$BE$605","_name":"утвержденный"},"корректировка":{"_level":2,"parentID":"a9fb6439-8012-4397-a929-fe5738e68ac4","firstParentID":"4dc91f89-cced-49d6-9e13-7f2859b26d5b","ID":"4e4c9afa-b052-4aa5-bc55-26710fd4de53","childs":null,"emcosID":null,"emcosMLID":null,"codMaketTEP":null,"codTEP":null,"WSName":"DB","rangeAddress":"$BF$568:$BF$605","headAddress":"$BF$568","bodyAddress":"$BF$569:$BF$605","_name":"корректировка"}},"emcosID":null,"emcosMLID":null,"codMaketTEP":null,"codTEP":null,"WSName":"DB","rangeAddress":"$BB$567:$BF$605","headAddress":"$BB$567:$BF$567","bodyAddress":"$BB$568:$BF$605","_name":"план"}},"emcosID":null,"emcosMLID":null,"codMaketTEP":null,"codTEP":null,"WSName":"DB","rangeAddress":"$AW$566:$BF$605","headAddress":"$AW$566:$BF$566","bodyAddress":"$AW$567:$BF$605","_name":"От Антоновской ГЭС ТАТЭК"}},"codPlan":134,"meterCoef":null,"_name":"От Антоновской ГЭС ТАТЭК"}