{"ID":"8173e1f5-8c88-46ec-8165-23a1effbe1b2","childs":{"PS":{"_level":0,"parentID":"8173e1f5-8c88-46ec-8165-23a1effbe1b2","firstParentID":"8173e1f5-8c88-46ec-8165-23a1effbe1b2","ID":"b7e93c62-973a-4ad6-a324-4620b924b1ba","childs":{"прием":{"_level":1,"parentID":"b7e93c62-973a-4ad6-a324-4620b924b1ba","firstParentID":"8173e1f5-8c88-46ec-8165-23a1effbe1b2","ID":"f1cff895-09e8-4c44-a780-535bc8168229","childs":{"аскуэ":{"_level":2,"parentID":"f1cff895-09e8-4c44-a780-535bc8168229","firstParentID":"8173e1f5-8c88-46ec-8165-23a1effbe1b2","ID":"bb36895b-1b74-49e6-9d67-03754ff4930b","childs":null,"emcosID":null,"emcosMLID":null,"codMaketTEP":null,"codTEP":null,"WSName":"PS","rangeAddress":"$M$56:$M$92","headAddress":"$M$56","bodyAddress":"$M$57:$M$92","_name":"аскуэ"},"ПО СЧЕТЧИКУ":{"_level":2,"parentID":"f1cff895-09e8-4c44-a780-535bc8168229","firstParentID":"8173e1f5-8c88-46ec-8165-23a1effbe1b2","ID":"a5f440ea-e63a-463c-8583-b853bd3d184b","childs":null,"emcosID":null,"emcosMLID":null,"codMaketTEP":null,"codTEP":null,"WSName":"PS","rangeAddress":"$N$56:$N$92","headAddress":"$N$56","bodyAddress":"$N$57:$N$92","_name":"ПО СЧЕТЧИКУ"}},"emcosID":null,"emcosMLID":null,"codMaketTEP":null,"codTEP":null,"WSName":"PS","rangeAddress":"$M$55:$N$92","headAddress":"$M$55:$N$55","bodyAddress":"$M$56:$N$92","_name":"прием"},"отдача":{"_level":1,"parentID":"b7e93c62-973a-4ad6-a324-4620b924b1ba","firstParentID":"8173e1f5-8c88-46ec-8165-23a1effbe1b2","ID":"a72ac656-47c1-451a-99d1-e93bb7a7b742","childs":{"аскуэ":{"_level":2,"parentID":"a72ac656-47c1-451a-99d1-e93bb7a7b742","firstParentID":"8173e1f5-8c88-46ec-8165-23a1effbe1b2","ID":"efe28019-018b-4b54-a291-020cf00d735c","childs":null,"emcosID":null,"emcosMLID":null,"codMaketTEP":null,"codTEP":null,"WSName":"PS","rangeAddress":"$O$56:$O$92","headAddress":"$O$56","bodyAddress":"$O$57:$O$92","_name":"аскуэ"},"ПО СЧЕТЧИКУ":{"_level":2,"parentID":"a72ac656-47c1-451a-99d1-e93bb7a7b742","firstParentID":"8173e1f5-8c88-46ec-8165-23a1effbe1b2","ID":"ef79242f-457c-41cb-ac2e-810f7cacd458","childs":null,"emcosID":null,"emcosMLID":null,"codMaketTEP":null,"codTEP":null,"WSName":"PS","rangeAddress":"$P$56:$P$92","headAddress":"$P$56","bodyAddress":"$P$57:$P$92","_name":"ПО СЧЕТЧИКУ"}},"emcosID":null,"emcosMLID":null,"codMaketTEP":null,"codTEP":null,"WSName":"PS","rangeAddress":"$O$55:$P$92","headAddress":"$O$55:$P$55","bodyAddress":"$O$56:$P$92","_name":"отдача"},"сальдо":{"_level":1,"parentID":"b7e93c62-973a-4ad6-a324-4620b924b1ba","firstParentID":"8173e1f5-8c88-46ec-8165-23a1effbe1b2","ID":"2f0666d7-3d11-4d5f-bf15-89112caac0e2","childs":{"формула":{"_level":2,"parentID":"2f0666d7-3d11-4d5f-bf15-89112caac0e2","firstParentID":"8173e1f5-8c88-46ec-8165-23a1effbe1b2","ID":"ad0904cc-ab0d-4ab0-a9ce-482c4dd3abdd","childs":null,"emcosID":null,"emcosMLID":null,"codMaketTEP":null,"codTEP":null,"WSName":"PS","rangeAddress":"$Q$56:$Q$92","headAddress":"$Q$56","bodyAddress":"$Q$57:$Q$92","_name":"формула"}},"emcosID":null,"emcosMLID":null,"codMaketTEP":1339,"codTEP":null,"WSName":"PS","rangeAddress":"$Q$55:$Q$92","headAddress":"$Q$55","bodyAddress":"$Q$56:$Q$92","_name":"сальдо"}},"emcosID":null,"emcosMLID":null,"codMaketTEP":null,"codTEP":null,"WSName":"PS","rangeAddress":"$M$54:$Q$92","headAddress":"$M$54:$Q$54","bodyAddress":"$M$55:$Q$92","_name":"Л5320 ЮКГРЭС"},"DB":{"_level":0,"parentID":"8173e1f5-8c88-46ec-8165-23a1effbe1b2","firstParentID":"8173e1f5-8c88-46ec-8165-23a1effbe1b2","ID":"6554aad6-d7b3-4c9e-bffc-28c053d2f805","childs":{"прием":{"_level":1,"parentID":"6554aad6-d7b3-4c9e-bffc-28c053d2f805","firstParentID":"8173e1f5-8c88-46ec-8165-23a1effbe1b2","ID":"4f55fe37-26f8-4564-9f10-8862695fdec0","childs":{"код":{"_level":2,"parentID":"4f55fe37-26f8-4564-9f10-8862695fdec0","firstParentID":"8173e1f5-8c88-46ec-8165-23a1effbe1b2","ID":"1822cd30-873e-4ef6-bdac-00b359437286","childs":null,"emcosID":null,"emcosMLID":null,"codMaketTEP":null,"codTEP":null,"WSName":"DB","rangeAddress":"$OP$9:$OP$46","headAddress":"$OP$9","bodyAddress":"$OP$10:$OP$46","_name":"код"},"основное":{"_level":2,"parentID":"4f55fe37-26f8-4564-9f10-8862695fdec0","firstParentID":"8173e1f5-8c88-46ec-8165-23a1effbe1b2","ID":"ff90af43-e9dd-4525-aeff-e2c6cb8b2c7d","childs":null,"emcosID":null,"emcosMLID":null,"codMaketTEP":null,"codTEP":null,"WSName":"DB","rangeAddress":"$OQ$9:$OQ$46","headAddress":"$OQ$9","bodyAddress":"$OQ$10:$OQ$46","_name":"основное"},"корректировка факт":{"_level":2,"parentID":"4f55fe37-26f8-4564-9f10-8862695fdec0","firstParentID":"8173e1f5-8c88-46ec-8165-23a1effbe1b2","ID":"4ff31a81-50fe-4444-9cab-5425be611eee","childs":null,"emcosID":null,"emcosMLID":null,"codMaketTEP":null,"codTEP":null,"WSName":"DB","rangeAddress":"$OR$9:$OR$46","headAddress":"$OR$9","bodyAddress":"$OR$10:$OR$46","_name":"корректировка факт"},"ручное":{"_level":2,"parentID":"4f55fe37-26f8-4564-9f10-8862695fdec0","firstParentID":"8173e1f5-8c88-46ec-8165-23a1effbe1b2","ID":"0654850a-3947-4952-ad80-15e4c862828d","childs":null,"emcosID":null,"emcosMLID":null,"codMaketTEP":null,"codTEP":null,"WSName":"DB","rangeAddress":"$OS$9:$OS$46","headAddress":"$OS$9","bodyAddress":"$OS$10:$OS$46","_name":"ручное"},"счетчик":{"_level":2,"parentID":"4f55fe37-26f8-4564-9f10-8862695fdec0","firstParentID":"8173e1f5-8c88-46ec-8165-23a1effbe1b2","ID":"cca5b527-f277-4a19-9cc8-3e6772f1a412","childs":null,"emcosID":null,"emcosMLID":null,"codMaketTEP":null,"codTEP":null,"WSName":"DB","rangeAddress":"$OT$9:$OT$46","headAddress":"$OT$9","bodyAddress":"$OT$10:$OT$46","_name":"счетчик"},"по счетчику":{"_level":2,"parentID":"4f55fe37-26f8-4564-9f10-8862695fdec0","firstParentID":"8173e1f5-8c88-46ec-8165-23a1effbe1b2","ID":"87be73c7-eb01-4a19-96e8-c72d6c888e4f","childs":null,"emcosID":null,"emcosMLID":null,"codMaketTEP":null,"codTEP":null,"WSName":"DB","rangeAddress":"$OU$9:$OU$46","headAddress":"$OU$9","bodyAddress":"$OU$10:$OU$46","_name":"по счетчику"},"аскуэ":{"_level":2,"parentID":"4f55fe37-26f8-4564-9f10-8862695fdec0","firstParentID":"8173e1f5-8c88-46ec-8165-23a1effbe1b2","ID":"1ebd2664-1b16-4f5b-aa33-7c5be76047a9","childs":null,"emcosID":null,"emcosMLID":null,"codMaketTEP":null,"codTEP":null,"WSName":"DB","rangeAddress":"$OV$9:$OV$46","headAddress":"$OV$9","bodyAddress":"$OV$10:$OV$46","_name":"аскуэ"}},"emcosID":334,"emcosMLID":385,"codMaketTEP":null,"codTEP":null,"WSName":"DB","rangeAddress":"$OP$8:$OV$46","headAddress":"$OP$8:$OV$8","bodyAddress":"$OP$9:$OV$46","_name":"прием"},"отдача":{"_level":1,"parentID":"6554aad6-d7b3-4c9e-bffc-28c053d2f805","firstParentID":"8173e1f5-8c88-46ec-8165-23a1effbe1b2","ID":"45b349b5-d537-43dd-961a-148112ac544c","childs":{"код":{"_level":2,"parentID":"45b349b5-d537-43dd-961a-148112ac544c","firstParentID":"8173e1f5-8c88-46ec-8165-23a1effbe1b2","ID":"6d2a7ff7-613d-42e8-ab33-539b282c6428","childs":null,"emcosID":null,"emcosMLID":null,"codMaketTEP":null,"codTEP":null,"WSName":"DB","rangeAddress":"$OW$9:$OW$46","headAddress":"$OW$9","bodyAddress":"$OW$10:$OW$46","_name":"код"},"основное":{"_level":2,"parentID":"45b349b5-d537-43dd-961a-148112ac544c","firstParentID":"8173e1f5-8c88-46ec-8165-23a1effbe1b2","ID":"f0efc28a-806d-432a-b29c-a65bc854d33e","childs":null,"emcosID":null,"emcosMLID":null,"codMaketTEP":null,"codTEP":null,"WSName":"DB","rangeAddress":"$OX$9:$OX$46","headAddress":"$OX$9","bodyAddress":"$OX$10:$OX$46","_name":"основное"},"корректировка факт":{"_level":2,"parentID":"45b349b5-d537-43dd-961a-148112ac544c","firstParentID":"8173e1f5-8c88-46ec-8165-23a1effbe1b2","ID":"6edbc539-d0ab-4baf-bee0-2fcd25d39fb0","childs":null,"emcosID":null,"emcosMLID":null,"codMaketTEP":null,"codTEP":null,"WSName":"DB","rangeAddress":"$OY$9:$OY$46","headAddress":"$OY$9","bodyAddress":"$OY$10:$OY$46","_name":"корректировка факт"},"ручное":{"_level":2,"parentID":"45b349b5-d537-43dd-961a-148112ac544c","firstParentID":"8173e1f5-8c88-46ec-8165-23a1effbe1b2","ID":"0e499d75-21ff-460b-8fbb-6bc64ffeac80","childs":null,"emcosID":null,"emcosMLID":null,"codMaketTEP":null,"codTEP":null,"WSName":"DB","rangeAddress":"$OZ$9:$OZ$46","headAddress":"$OZ$9","bodyAddress":"$OZ$10:$OZ$46","_name":"ручное"},"счетчик":{"_level":2,"parentID":"45b349b5-d537-43dd-961a-148112ac544c","firstParentID":"8173e1f5-8c88-46ec-8165-23a1effbe1b2","ID":"a980998b-2f1b-48e6-8da7-1f5178e02352","childs":null,"emcosID":null,"emcosMLID":null,"codMaketTEP":null,"codTEP":null,"WSName":"DB","rangeAddress":"$PA$9:$PA$46","headAddress":"$PA$9","bodyAddress":"$PA$10:$PA$46","_name":"счетчик"},"по счетчику":{"_level":2,"parentID":"45b349b5-d537-43dd-961a-148112ac544c","firstParentID":"8173e1f5-8c88-46ec-8165-23a1effbe1b2","ID":"08f76fdf-125e-4f02-b62c-d66de9c9a69c","childs":null,"emcosID":null,"emcosMLID":null,"codMaketTEP":null,"codTEP":null,"WSName":"DB","rangeAddress":"$PB$9:$PB$46","headAddress":"$PB$9","bodyAddress":"$PB$10:$PB$46","_name":"по счетчику"},"аскуэ":{"_level":2,"parentID":"45b349b5-d537-43dd-961a-148112ac544c","firstParentID":"8173e1f5-8c88-46ec-8165-23a1effbe1b2","ID":"9fd36736-bb40-44db-a9ac-9f96e0b6ede1","childs":null,"emcosID":null,"emcosMLID":null,"codMaketTEP":null,"codTEP":null,"WSName":"DB","rangeAddress":"$PC$9:$PC$46","headAddress":"$PC$9","bodyAddress":"$PC$10:$PC$46","_name":"аскуэ"}},"emcosID":334,"emcosMLID":386,"codMaketTEP":null,"codTEP":null,"WSName":"DB","rangeAddress":"$OW$8:$PC$46","headAddress":"$OW$8:$PC$8","bodyAddress":"$OW$9:$PC$46","_name":"отдача"},"сальдо":{"_level":1,"parentID":"6554aad6-d7b3-4c9e-bffc-28c053d2f805","firstParentID":"8173e1f5-8c88-46ec-8165-23a1effbe1b2","ID":"6d8ef0dd-f593-401c-8429-eb2eed5aecce","childs":{"код":{"_level":2,"parentID":"6d8ef0dd-f593-401c-8429-eb2eed5aecce","firstParentID":"8173e1f5-8c88-46ec-8165-23a1effbe1b2","ID":"34f3153d-a167-4dc6-a0d1-d0a6a9aeb994","childs":null,"emcosID":null,"emcosMLID":null,"codMaketTEP":null,"codTEP":null,"WSName":"DB","rangeAddress":"$PD$9:$PD$46","headAddress":"$PD$9","bodyAddress":"$PD$10:$PD$46","_name":"код"},"основное":{"_level":2,"parentID":"6d8ef0dd-f593-401c-8429-eb2eed5aecce","firstParentID":"8173e1f5-8c88-46ec-8165-23a1effbe1b2","ID":"0dd4b0ab-7173-4206-85de-bf0297c20c66","childs":null,"emcosID":null,"emcosMLID":null,"codMaketTEP":null,"codTEP":null,"WSName":"DB","rangeAddress":"$PE$9:$PE$46","headAddress":"$PE$9","bodyAddress":"$PE$10:$PE$46","_name":"основное"},"корректировка факт":{"_level":2,"parentID":"6d8ef0dd-f593-401c-8429-eb2eed5aecce","firstParentID":"8173e1f5-8c88-46ec-8165-23a1effbe1b2","ID":"db21d9a2-f575-4d95-8d93-56efaa501ba9","childs":null,"emcosID":null,"emcosMLID":null,"codMaketTEP":null,"codTEP":null,"WSName":"DB","rangeAddress":"$PF$9:$PF$46","headAddress":"$PF$9","bodyAddress":"$PF$10:$PF$46","_name":"корректировка факт"},"ручное":{"_level":2,"parentID":"6d8ef0dd-f593-401c-8429-eb2eed5aecce","firstParentID":"8173e1f5-8c88-46ec-8165-23a1effbe1b2","ID":"7aaf361b-4dc1-43c8-8725-b9fe15cf6694","childs":null,"emcosID":null,"emcosMLID":null,"codMaketTEP":null,"codTEP":null,"WSName":"DB","rangeAddress":"$PG$9:$PG$46","headAddress":"$PG$9","bodyAddress":"$PG$10:$PG$46","_name":"ручное"},"формула":{"_level":2,"parentID":"6d8ef0dd-f593-401c-8429-eb2eed5aecce","firstParentID":"8173e1f5-8c88-46ec-8165-23a1effbe1b2","ID":"548b3319-1923-4d57-abbc-a92592e88d40","childs":null,"emcosID":null,"emcosMLID":null,"codMaketTEP":null,"codTEP":null,"WSName":"DB","rangeAddress":"$PH$9:$PH$46","headAddress":"$PH$9","bodyAddress":"$PH$10:$PH$46","_name":"формула"}},"emcosID":null,"emcosMLID":null,"codMaketTEP":null,"codTEP":null,"WSName":"DB","rangeAddress":"$PD$8:$PH$46","headAddress":"$PD$8:$PH$8","bodyAddress":"$PD$9:$PH$46","_name":"сальдо"}},"emcosID":null,"emcosMLID":null,"codMaketTEP":null,"codTEP":null,"WSName":"DB","rangeAddress":"$OP$7:$PH$46","headAddress":"$OP$7:$PH$7","bodyAddress":"$OP$8:$PH$46","_name":"Л5320 ЮКГРЭС"}},"codPlan":null,"meterCoef":"10000","_name":"Л5320 ЮКГРЭС"}