{"ID":"831b8434-e0fc-49a2-a9fd-eac37593f199","childs":{"PS":{"_level":0,"parentID":"831b8434-e0fc-49a2-a9fd-eac37593f199","firstParentID":"831b8434-e0fc-49a2-a9fd-eac37593f199","ID":"67b6da45-26aa-4c45-84d6-928a8c183013","childs":{"прием":{"_level":1,"parentID":"67b6da45-26aa-4c45-84d6-928a8c183013","firstParentID":"831b8434-e0fc-49a2-a9fd-eac37593f199","ID":"5ea23fe7-c761-4bcb-add2-0d2855e72736","childs":{"аскуэ":{"_level":2,"parentID":"5ea23fe7-c761-4bcb-add2-0d2855e72736","firstParentID":"831b8434-e0fc-49a2-a9fd-eac37593f199","ID":"074d6a3d-fa08-4e49-bc48-3b585ebc7068","childs":null,"emcosID":null,"emcosMLID":null,"codMaketTEP":null,"codTEP":null,"WSName":"PS","rangeAddress":"$AF$56:$AF$92","headAddress":"$AF$56","bodyAddress":"$AF$57:$AF$92","_name":"аскуэ"},"ПО СЧЕТЧИКУ":{"_level":2,"parentID":"5ea23fe7-c761-4bcb-add2-0d2855e72736","firstParentID":"831b8434-e0fc-49a2-a9fd-eac37593f199","ID":"da3eda3d-0a27-458a-a883-f504ea259375","childs":null,"emcosID":null,"emcosMLID":null,"codMaketTEP":null,"codTEP":null,"WSName":"PS","rangeAddress":"$AG$56:$AG$92","headAddress":"$AG$56","bodyAddress":"$AG$57:$AG$92","_name":"ПО СЧЕТЧИКУ"}},"emcosID":null,"emcosMLID":null,"codMaketTEP":null,"codTEP":null,"WSName":"PS","rangeAddress":"$AF$55:$AG$92","headAddress":"$AF$55:$AG$55","bodyAddress":"$AF$56:$AG$92","_name":"прием"},"отдача":{"_level":1,"parentID":"67b6da45-26aa-4c45-84d6-928a8c183013","firstParentID":"831b8434-e0fc-49a2-a9fd-eac37593f199","ID":"a13e6897-32c4-4372-84db-60e28bfeba75","childs":{"аскуэ":{"_level":2,"parentID":"a13e6897-32c4-4372-84db-60e28bfeba75","firstParentID":"831b8434-e0fc-49a2-a9fd-eac37593f199","ID":"6f275eee-cee6-4cb9-8f22-a16730f94943","childs":null,"emcosID":null,"emcosMLID":null,"codMaketTEP":null,"codTEP":null,"WSName":"PS","rangeAddress":"$AH$56:$AH$92","headAddress":"$AH$56","bodyAddress":"$AH$57:$AH$92","_name":"аскуэ"},"ПО СЧЕТЧИКУ":{"_level":2,"parentID":"a13e6897-32c4-4372-84db-60e28bfeba75","firstParentID":"831b8434-e0fc-49a2-a9fd-eac37593f199","ID":"fa4362d2-7fbd-4b87-9e0c-a5f008774c53","childs":null,"emcosID":null,"emcosMLID":null,"codMaketTEP":null,"codTEP":null,"WSName":"PS","rangeAddress":"$AI$56:$AI$92","headAddress":"$AI$56","bodyAddress":"$AI$57:$AI$92","_name":"ПО СЧЕТЧИКУ"}},"emcosID":null,"emcosMLID":null,"codMaketTEP":null,"codTEP":null,"WSName":"PS","rangeAddress":"$AH$55:$AI$92","headAddress":"$AH$55:$AI$55","bodyAddress":"$AH$56:$AI$92","_name":"отдача"}},"emcosID":null,"emcosMLID":null,"codMaketTEP":null,"codTEP":null,"WSName":"PS","rangeAddress":"$AF$54:$AI$92","headAddress":"$AF$54:$AI$54","bodyAddress":"$AF$55:$AI$92","_name":"Л2223 ЮКГРЭС"},"DB":{"_level":0,"parentID":"831b8434-e0fc-49a2-a9fd-eac37593f199","firstParentID":"831b8434-e0fc-49a2-a9fd-eac37593f199","ID":"9bfac24d-2390-45b0-a8ea-41973d18133d","childs":{"прием":{"_level":1,"parentID":"9bfac24d-2390-45b0-a8ea-41973d18133d","firstParentID":"831b8434-e0fc-49a2-a9fd-eac37593f199","ID":"4b304bdc-8d9e-4df3-85c3-128abda1b0ed","childs":{"код":{"_level":2,"parentID":"4b304bdc-8d9e-4df3-85c3-128abda1b0ed","firstParentID":"831b8434-e0fc-49a2-a9fd-eac37593f199","ID":"d747eb14-5579-4c03-bbf7-6a251870f429","childs":null,"emcosID":null,"emcosMLID":null,"codMaketTEP":null,"codTEP":null,"WSName":"DB","rangeAddress":"$LO$9:$LO$46","headAddress":"$LO$9","bodyAddress":"$LO$10:$LO$46","_name":"код"},"основное":{"_level":2,"parentID":"4b304bdc-8d9e-4df3-85c3-128abda1b0ed","firstParentID":"831b8434-e0fc-49a2-a9fd-eac37593f199","ID":"440364a9-e16c-46ab-93a0-60d476d23655","childs":null,"emcosID":null,"emcosMLID":null,"codMaketTEP":null,"codTEP":null,"WSName":"DB","rangeAddress":"$LP$9:$LP$46","headAddress":"$LP$9","bodyAddress":"$LP$10:$LP$46","_name":"основное"},"корректировка факт":{"_level":2,"parentID":"4b304bdc-8d9e-4df3-85c3-128abda1b0ed","firstParentID":"831b8434-e0fc-49a2-a9fd-eac37593f199","ID":"6a6fc045-0dc7-492f-b25d-3bb0dedfb635","childs":null,"emcosID":null,"emcosMLID":null,"codMaketTEP":null,"codTEP":null,"WSName":"DB","rangeAddress":"$LQ$9:$LQ$46","headAddress":"$LQ$9","bodyAddress":"$LQ$10:$LQ$46","_name":"корректировка факт"},"ручное":{"_level":2,"parentID":"4b304bdc-8d9e-4df3-85c3-128abda1b0ed","firstParentID":"831b8434-e0fc-49a2-a9fd-eac37593f199","ID":"a375b590-93bc-4283-8c8a-faf43b28d1ae","childs":null,"emcosID":null,"emcosMLID":null,"codMaketTEP":null,"codTEP":null,"WSName":"DB","rangeAddress":"$LR$9:$LR$46","headAddress":"$LR$9","bodyAddress":"$LR$10:$LR$46","_name":"ручное"},"счетчик":{"_level":2,"parentID":"4b304bdc-8d9e-4df3-85c3-128abda1b0ed","firstParentID":"831b8434-e0fc-49a2-a9fd-eac37593f199","ID":"f3b9a299-6523-4b10-9a0f-4e005637fa33","childs":null,"emcosID":null,"emcosMLID":null,"codMaketTEP":null,"codTEP":null,"WSName":"DB","rangeAddress":"$LS$9:$LS$46","headAddress":"$LS$9","bodyAddress":"$LS$10:$LS$46","_name":"счетчик"},"по счетчику":{"_level":2,"parentID":"4b304bdc-8d9e-4df3-85c3-128abda1b0ed","firstParentID":"831b8434-e0fc-49a2-a9fd-eac37593f199","ID":"e7ab0d4d-f497-4613-86d7-a427f2529a1d","childs":null,"emcosID":null,"emcosMLID":null,"codMaketTEP":null,"codTEP":null,"WSName":"DB","rangeAddress":"$LT$9:$LT$46","headAddress":"$LT$9","bodyAddress":"$LT$10:$LT$46","_name":"по счетчику"},"аскуэ":{"_level":2,"parentID":"4b304bdc-8d9e-4df3-85c3-128abda1b0ed","firstParentID":"831b8434-e0fc-49a2-a9fd-eac37593f199","ID":"b003d869-bcc7-473c-ab27-a5cdb9cd951f","childs":null,"emcosID":null,"emcosMLID":null,"codMaketTEP":null,"codTEP":null,"WSName":"DB","rangeAddress":"$LU$9:$LU$46","headAddress":"$LU$9","bodyAddress":"$LU$10:$LU$46","_name":"аскуэ"}},"emcosID":1091,"emcosMLID":385,"codMaketTEP":null,"codTEP":null,"WSName":"DB","rangeAddress":"$LO$8:$LU$46","headAddress":"$LO$8:$LU$8","bodyAddress":"$LO$9:$LU$46","_name":"прием"},"отдача":{"_level":1,"parentID":"9bfac24d-2390-45b0-a8ea-41973d18133d","firstParentID":"831b8434-e0fc-49a2-a9fd-eac37593f199","ID":"c10a938c-a466-4b52-8ece-85372dd3558b","childs":{"код":{"_level":2,"parentID":"c10a938c-a466-4b52-8ece-85372dd3558b","firstParentID":"831b8434-e0fc-49a2-a9fd-eac37593f199","ID":"82ad5fd8-b1d3-4bea-8151-8eb10efdaecf","childs":null,"emcosID":null,"emcosMLID":null,"codMaketTEP":null,"codTEP":null,"WSName":"DB","rangeAddress":"$LV$9:$LV$46","headAddress":"$LV$9","bodyAddress":"$LV$10:$LV$46","_name":"код"},"основное":{"_level":2,"parentID":"c10a938c-a466-4b52-8ece-85372dd3558b","firstParentID":"831b8434-e0fc-49a2-a9fd-eac37593f199","ID":"55e77a17-e91a-4d8e-beb9-b6aed155c80f","childs":null,"emcosID":null,"emcosMLID":null,"codMaketTEP":null,"codTEP":null,"WSName":"DB","rangeAddress":"$LW$9:$LW$46","headAddress":"$LW$9","bodyAddress":"$LW$10:$LW$46","_name":"основное"},"корректировка факт":{"_level":2,"parentID":"c10a938c-a466-4b52-8ece-85372dd3558b","firstParentID":"831b8434-e0fc-49a2-a9fd-eac37593f199","ID":"cca08374-3168-4c1e-950e-15c5f0c1eb02","childs":null,"emcosID":null,"emcosMLID":null,"codMaketTEP":null,"codTEP":null,"WSName":"DB","rangeAddress":"$LX$9:$LX$46","headAddress":"$LX$9","bodyAddress":"$LX$10:$LX$46","_name":"корректировка факт"},"ручное":{"_level":2,"parentID":"c10a938c-a466-4b52-8ece-85372dd3558b","firstParentID":"831b8434-e0fc-49a2-a9fd-eac37593f199","ID":"403b5960-7641-4fea-8b74-217c9d7c7cde","childs":null,"emcosID":null,"emcosMLID":null,"codMaketTEP":null,"codTEP":null,"WSName":"DB","rangeAddress":"$LY$9:$LY$46","headAddress":"$LY$9","bodyAddress":"$LY$10:$LY$46","_name":"ручное"},"счетчик":{"_level":2,"parentID":"c10a938c-a466-4b52-8ece-85372dd3558b","firstParentID":"831b8434-e0fc-49a2-a9fd-eac37593f199","ID":"ab8f3b74-a917-4b51-b23b-952dbfdd98b0","childs":null,"emcosID":null,"emcosMLID":null,"codMaketTEP":null,"codTEP":null,"WSName":"DB","rangeAddress":"$LZ$9:$LZ$46","headAddress":"$LZ$9","bodyAddress":"$LZ$10:$LZ$46","_name":"счетчик"},"по счетчику":{"_level":2,"parentID":"c10a938c-a466-4b52-8ece-85372dd3558b","firstParentID":"831b8434-e0fc-49a2-a9fd-eac37593f199","ID":"be56f131-a5ba-42f4-9c0b-7a8799d3f15e","childs":null,"emcosID":null,"emcosMLID":null,"codMaketTEP":null,"codTEP":null,"WSName":"DB","rangeAddress":"$MA$9:$MA$46","headAddress":"$MA$9","bodyAddress":"$MA$10:$MA$46","_name":"по счетчику"},"аскуэ":{"_level":2,"parentID":"c10a938c-a466-4b52-8ece-85372dd3558b","firstParentID":"831b8434-e0fc-49a2-a9fd-eac37593f199","ID":"d5d46fae-bdfd-4819-9161-2ba4d947c97f","childs":null,"emcosID":null,"emcosMLID":null,"codMaketTEP":null,"codTEP":null,"WSName":"DB","rangeAddress":"$MB$9:$MB$46","headAddress":"$MB$9","bodyAddress":"$MB$10:$MB$46","_name":"аскуэ"}},"emcosID":1091,"emcosMLID":386,"codMaketTEP":null,"codTEP":null,"WSName":"DB","rangeAddress":"$LV$8:$MB$46","headAddress":"$LV$8:$MB$8","bodyAddress":"$LV$9:$MB$46","_name":"отдача"}},"emcosID":null,"emcosMLID":null,"codMaketTEP":null,"codTEP":null,"WSName":"DB","rangeAddress":"$LO$7:$MB$46","headAddress":"$LO$7:$MB$7","bodyAddress":"$LO$8:$MB$46","_name":"Л2223 ЮКГРЭС"}},"codPlan":null,"meterCoef":"2200","_name":"Л2223 ЮКГРЭС"}