{"ID":"8fd7336d-973e-4f75-8876-a935760fd85b","childs":{"PS":{"_level":0,"parentID":"8fd7336d-973e-4f75-8876-a935760fd85b","firstParentID":"8fd7336d-973e-4f75-8876-a935760fd85b","ID":"87676db8-93a3-4973-a371-26b91fb508b0","childs":{"прием":{"_level":1,"parentID":"87676db8-93a3-4973-a371-26b91fb508b0","firstParentID":"8fd7336d-973e-4f75-8876-a935760fd85b","ID":"ada519aa-5264-4a72-821f-6affc28776b3","childs":{"оперативное":{"_level":2,"parentID":"ada519aa-5264-4a72-821f-6affc28776b3","firstParentID":"8fd7336d-973e-4f75-8876-a935760fd85b","ID":"fd28c9d1-1776-4103-aed6-ae2e2fbd345a","childs":null,"emcosID":null,"emcosMLID":null,"codMaketTEP":null,"codTEP":null,"WSName":"PS","rangeAddress":"$AM$228:$AM$264","headAddress":"$AM$228","bodyAddress":"$AM$229:$AM$264","_name":"оперативное"}},"emcosID":null,"emcosMLID":null,"codMaketTEP":1462,"codTEP":null,"WSName":"PS","rangeAddress":"$AM$227:$AM$264","headAddress":"$AM$227","bodyAddress":"$AM$228:$AM$264","_name":"прием"}},"emcosID":null,"emcosMLID":null,"codMaketTEP":null,"codTEP":null,"WSName":"PS","rangeAddress":"$AM$226:$AM$264","headAddress":"$AM$226","bodyAddress":"$AM$227:$AM$264","_name":"Потребление Алмаз Керамикс Жетысу"},"DB":{"_level":0,"parentID":"8fd7336d-973e-4f75-8876-a935760fd85b","firstParentID":"8fd7336d-973e-4f75-8876-a935760fd85b","ID":"65d39f00-95f2-4da5-bd23-d7a78fc27ccf","childs":{"прием":{"_level":1,"parentID":"65d39f00-95f2-4da5-bd23-d7a78fc27ccf","firstParentID":"8fd7336d-973e-4f75-8876-a935760fd85b","ID":"c94bbf23-34e9-4037-93d6-bf783b16ca70","childs":{"код":{"_level":2,"parentID":"c94bbf23-34e9-4037-93d6-bf783b16ca70","firstParentID":"8fd7336d-973e-4f75-8876-a935760fd85b","ID":"c8cac739-dcad-4a92-babf-296c4d87c0a0","childs":null,"emcosID":null,"emcosMLID":null,"codMaketTEP":null,"codTEP":null,"WSName":"DB","rangeAddress":"$T$396:$T$433","headAddress":"$T$396","bodyAddress":"$T$397:$T$433","_name":"код"},"основное":{"_level":2,"parentID":"c94bbf23-34e9-4037-93d6-bf783b16ca70","firstParentID":"8fd7336d-973e-4f75-8876-a935760fd85b","ID":"a41ed615-3af6-4307-a25d-681f27d2c38b","childs":null,"emcosID":null,"emcosMLID":null,"codMaketTEP":null,"codTEP":null,"WSName":"DB","rangeAddress":"$U$396:$U$433","headAddress":"$U$396","bodyAddress":"$U$397:$U$433","_name":"основное"},"корректировка факт":{"_level":2,"parentID":"c94bbf23-34e9-4037-93d6-bf783b16ca70","firstParentID":"8fd7336d-973e-4f75-8876-a935760fd85b","ID":"e21f02c2-413c-4907-b73d-53ba943fc05e","childs":null,"emcosID":null,"emcosMLID":null,"codMaketTEP":null,"codTEP":null,"WSName":"DB","rangeAddress":"$V$396:$V$433","headAddress":"$V$396","bodyAddress":"$V$397:$V$433","_name":"корректировка факт"},"ручное":{"_level":2,"parentID":"c94bbf23-34e9-4037-93d6-bf783b16ca70","firstParentID":"8fd7336d-973e-4f75-8876-a935760fd85b","ID":"368e9f15-9d4a-4a00-93e6-ebeb37491ad5","childs":null,"emcosID":null,"emcosMLID":null,"codMaketTEP":null,"codTEP":null,"WSName":"DB","rangeAddress":"$W$396:$W$433","headAddress":"$W$396","bodyAddress":"$W$397:$W$433","_name":"ручное"},"оперативное":{"_level":2,"parentID":"c94bbf23-34e9-4037-93d6-bf783b16ca70","firstParentID":"8fd7336d-973e-4f75-8876-a935760fd85b","ID":"8fa0ec0e-d8c9-4b69-badc-6e56d2d197a7","childs":null,"emcosID":null,"emcosMLID":null,"codMaketTEP":null,"codTEP":null,"WSName":"DB","rangeAddress":"$X$396:$X$433","headAddress":"$X$396","bodyAddress":"$X$397:$X$433","_name":"оперативное"}},"emcosID":null,"emcosMLID":null,"codMaketTEP":null,"codTEP":null,"WSName":"DB","rangeAddress":"$T$395:$X$433","headAddress":"$T$395:$X$395","bodyAddress":"$T$396:$X$433","_name":"прием"}},"emcosID":null,"emcosMLID":null,"codMaketTEP":null,"codTEP":null,"WSName":"DB","rangeAddress":"$T$394:$X$433","headAddress":"$T$394:$X$394","bodyAddress":"$T$395:$X$433","_name":"Потребление Алмаз Керамикс Жетысу"}},"codPlan":null,"meterCoef":null,"_name":"Потребление Алмаз Керамикс Жетысу"}