{"ID":"b6f46290-fb3e-43a1-ab49-e9cb76ea8109","childs":{"PS":{"_level":0,"parentID":"b6f46290-fb3e-43a1-ab49-e9cb76ea8109","firstParentID":"b6f46290-fb3e-43a1-ab49-e9cb76ea8109","ID":"06c950b9-d9d0-4d6a-b9fd-ed0ca425decf","childs":{"прием":{"_level":1,"parentID":"06c950b9-d9d0-4d6a-b9fd-ed0ca425decf","firstParentID":"b6f46290-fb3e-43a1-ab49-e9cb76ea8109","ID":"0cb39082-1e18-4e78-bba3-562582ef0837","childs":{"по счетчику":{"_level":2,"parentID":"0cb39082-1e18-4e78-bba3-562582ef0837","firstParentID":"b6f46290-fb3e-43a1-ab49-e9cb76ea8109","ID":"089d29a0-6712-41e1-b783-ebdc60523326","childs":null,"emcosID":null,"emcosMLID":null,"codMaketTEP":null,"codTEP":null,"WSName":"PS","rangeAddress":"$BU$185:$BU$221","headAddress":"$BU$185","bodyAddress":"$BU$186:$BU$221","_name":"по счетчику"},"СЧЕТЧИК":{"_level":2,"parentID":"0cb39082-1e18-4e78-bba3-562582ef0837","firstParentID":"b6f46290-fb3e-43a1-ab49-e9cb76ea8109","ID":"4af60330-6db5-4312-ab4c-da766557b846","childs":null,"emcosID":null,"emcosMLID":null,"codMaketTEP":null,"codTEP":null,"WSName":"PS","rangeAddress":"$BV$185:$BV$221","headAddress":"$BV$185","bodyAddress":"$BV$186:$BV$221","_name":"СЧЕТЧИК"}},"emcosID":null,"emcosMLID":null,"codMaketTEP":null,"codTEP":null,"WSName":"PS","rangeAddress":"$BU$184:$BV$221","headAddress":"$BU$184:$BV$184","bodyAddress":"$BU$185:$BV$221","_name":"прием"},"отдача":{"_level":1,"parentID":"06c950b9-d9d0-4d6a-b9fd-ed0ca425decf","firstParentID":"b6f46290-fb3e-43a1-ab49-e9cb76ea8109","ID":"648db4dd-4c43-4766-923d-34f14ca95e51","childs":{"по счетчику":{"_level":2,"parentID":"648db4dd-4c43-4766-923d-34f14ca95e51","firstParentID":"b6f46290-fb3e-43a1-ab49-e9cb76ea8109","ID":"29a521cf-b6ea-4785-acac-13855c0f0c49","childs":null,"emcosID":null,"emcosMLID":null,"codMaketTEP":null,"codTEP":null,"WSName":"PS","rangeAddress":"$BW$185:$BW$221","headAddress":"$BW$185","bodyAddress":"$BW$186:$BW$221","_name":"по счетчику"},"СЧЕТЧИК":{"_level":2,"parentID":"648db4dd-4c43-4766-923d-34f14ca95e51","firstParentID":"b6f46290-fb3e-43a1-ab49-e9cb76ea8109","ID":"88ab340b-b904-4b05-b320-663c6b2910b9","childs":null,"emcosID":null,"emcosMLID":null,"codMaketTEP":null,"codTEP":null,"WSName":"PS","rangeAddress":"$BX$185:$BX$221","headAddress":"$BX$185","bodyAddress":"$BX$186:$BX$221","_name":"СЧЕТЧИК"}},"emcosID":null,"emcosMLID":null,"codMaketTEP":null,"codTEP":null,"WSName":"PS","rangeAddress":"$BW$184:$BX$221","headAddress":"$BW$184:$BX$184","bodyAddress":"$BW$185:$BX$221","_name":"отдача"}},"emcosID":null,"emcosMLID":null,"codMaketTEP":null,"codTEP":null,"WSName":"PS","rangeAddress":"$BU$183:$BX$221","headAddress":"$BU$183:$BX$183","bodyAddress":"$BU$184:$BX$221","_name":"Т1 Eneverse Kunkuat СЭС Капшагай 100"},"DB":{"_level":0,"parentID":"b6f46290-fb3e-43a1-ab49-e9cb76ea8109","firstParentID":"b6f46290-fb3e-43a1-ab49-e9cb76ea8109","ID":"f0406db1-60ce-4d63-a63d-46f6fc431fc6","childs":{"прием":{"_level":1,"parentID":"f0406db1-60ce-4d63-a63d-46f6fc431fc6","firstParentID":"b6f46290-fb3e-43a1-ab49-e9cb76ea8109","ID":"94fb452b-6a26-43e3-be6b-f9a628d733b2","childs":{"код":{"_level":2,"parentID":"94fb452b-6a26-43e3-be6b-f9a628d733b2","firstParentID":"b6f46290-fb3e-43a1-ab49-e9cb76ea8109","ID":"bba933c2-5089-42a5-98d3-6b5917483b4b","childs":null,"emcosID":null,"emcosMLID":null,"codMaketTEP":null,"codTEP":null,"WSName":"DB","rangeAddress":"$CA$482:$CA$519","headAddress":"$CA$482","bodyAddress":"$CA$483:$CA$519","_name":"код"},"основное":{"_level":2,"parentID":"94fb452b-6a26-43e3-be6b-f9a628d733b2","firstParentID":"b6f46290-fb3e-43a1-ab49-e9cb76ea8109","ID":"d7d1742f-8e1d-46b8-9954-6b9fea3fe8d3","childs":null,"emcosID":null,"emcosMLID":null,"codMaketTEP":null,"codTEP":null,"WSName":"DB","rangeAddress":"$CB$482:$CB$519","headAddress":"$CB$482","bodyAddress":"$CB$483:$CB$519","_name":"основное"},"корректировка факт":{"_level":2,"parentID":"94fb452b-6a26-43e3-be6b-f9a628d733b2","firstParentID":"b6f46290-fb3e-43a1-ab49-e9cb76ea8109","ID":"8e56ea2a-def3-49c1-8ce6-e1518a6976be","childs":null,"emcosID":null,"emcosMLID":null,"codMaketTEP":null,"codTEP":null,"WSName":"DB","rangeAddress":"$CC$482:$CC$519","headAddress":"$CC$482","bodyAddress":"$CC$483:$CC$519","_name":"корректировка факт"},"ручное":{"_level":2,"parentID":"94fb452b-6a26-43e3-be6b-f9a628d733b2","firstParentID":"b6f46290-fb3e-43a1-ab49-e9cb76ea8109","ID":"84007b46-c3b2-4fdb-9921-c942a7c6628f","childs":null,"emcosID":null,"emcosMLID":null,"codMaketTEP":null,"codTEP":null,"WSName":"DB","rangeAddress":"$CD$482:$CD$519","headAddress":"$CD$482","bodyAddress":"$CD$483:$CD$519","_name":"ручное"},"счетчик":{"_level":2,"parentID":"94fb452b-6a26-43e3-be6b-f9a628d733b2","firstParentID":"b6f46290-fb3e-43a1-ab49-e9cb76ea8109","ID":"0513a8c8-d86f-4857-8100-ee094689d54d","childs":null,"emcosID":null,"emcosMLID":null,"codMaketTEP":null,"codTEP":null,"WSName":"DB","rangeAddress":"$CE$482:$CE$519","headAddress":"$CE$482","bodyAddress":"$CE$483:$CE$519","_name":"счетчик"},"по счетчику":{"_level":2,"parentID":"94fb452b-6a26-43e3-be6b-f9a628d733b2","firstParentID":"b6f46290-fb3e-43a1-ab49-e9cb76ea8109","ID":"6478173d-a63f-490e-aa70-d34e383b65a5","childs":null,"emcosID":null,"emcosMLID":null,"codMaketTEP":null,"codTEP":null,"WSName":"DB","rangeAddress":"$CF$482:$CF$519","headAddress":"$CF$482","bodyAddress":"$CF$483:$CF$519","_name":"по счетчику"}},"emcosID":null,"emcosMLID":null,"codMaketTEP":null,"codTEP":null,"WSName":"DB","rangeAddress":"$CA$481:$CF$519","headAddress":"$CA$481:$CF$481","bodyAddress":"$CA$482:$CF$519","_name":"прием"},"отдача":{"_level":1,"parentID":"f0406db1-60ce-4d63-a63d-46f6fc431fc6","firstParentID":"b6f46290-fb3e-43a1-ab49-e9cb76ea8109","ID":"8eb50a90-dc01-4a2a-be17-e2a2a6c0c048","childs":{"код":{"_level":2,"parentID":"8eb50a90-dc01-4a2a-be17-e2a2a6c0c048","firstParentID":"b6f46290-fb3e-43a1-ab49-e9cb76ea8109","ID":"079cbf8a-8647-4ca6-ba56-ca71359793b2","childs":null,"emcosID":null,"emcosMLID":null,"codMaketTEP":null,"codTEP":null,"WSName":"DB","rangeAddress":"$CG$482:$CG$519","headAddress":"$CG$482","bodyAddress":"$CG$483:$CG$519","_name":"код"},"основное":{"_level":2,"parentID":"8eb50a90-dc01-4a2a-be17-e2a2a6c0c048","firstParentID":"b6f46290-fb3e-43a1-ab49-e9cb76ea8109","ID":"e6adfc8f-7d38-4979-9a02-8174a21ee34c","childs":null,"emcosID":null,"emcosMLID":null,"codMaketTEP":null,"codTEP":null,"WSName":"DB","rangeAddress":"$CH$482:$CH$519","headAddress":"$CH$482","bodyAddress":"$CH$483:$CH$519","_name":"основное"},"корректировка факт":{"_level":2,"parentID":"8eb50a90-dc01-4a2a-be17-e2a2a6c0c048","firstParentID":"b6f46290-fb3e-43a1-ab49-e9cb76ea8109","ID":"3442317c-d160-4833-b2ca-0c9c54de1df0","childs":null,"emcosID":null,"emcosMLID":null,"codMaketTEP":null,"codTEP":null,"WSName":"DB","rangeAddress":"$CI$482:$CI$519","headAddress":"$CI$482","bodyAddress":"$CI$483:$CI$519","_name":"корректировка факт"},"ручное":{"_level":2,"parentID":"8eb50a90-dc01-4a2a-be17-e2a2a6c0c048","firstParentID":"b6f46290-fb3e-43a1-ab49-e9cb76ea8109","ID":"6e9d0544-94ea-45e9-8135-505cc57411b0","childs":null,"emcosID":null,"emcosMLID":null,"codMaketTEP":null,"codTEP":null,"WSName":"DB","rangeAddress":"$CJ$482:$CJ$519","headAddress":"$CJ$482","bodyAddress":"$CJ$483:$CJ$519","_name":"ручное"},"счетчик":{"_level":2,"parentID":"8eb50a90-dc01-4a2a-be17-e2a2a6c0c048","firstParentID":"b6f46290-fb3e-43a1-ab49-e9cb76ea8109","ID":"824f4283-ccc9-4efa-8f9f-3e9107163ad1","childs":null,"emcosID":null,"emcosMLID":null,"codMaketTEP":null,"codTEP":null,"WSName":"DB","rangeAddress":"$CK$482:$CK$519","headAddress":"$CK$482","bodyAddress":"$CK$483:$CK$519","_name":"счетчик"},"по счетчику":{"_level":2,"parentID":"8eb50a90-dc01-4a2a-be17-e2a2a6c0c048","firstParentID":"b6f46290-fb3e-43a1-ab49-e9cb76ea8109","ID":"bcb8b68e-b087-4eed-a616-3257f912a0f4","childs":null,"emcosID":null,"emcosMLID":null,"codMaketTEP":null,"codTEP":null,"WSName":"DB","rangeAddress":"$CL$482:$CL$519","headAddress":"$CL$482","bodyAddress":"$CL$483:$CL$519","_name":"по счетчику"}},"emcosID":null,"emcosMLID":null,"codMaketTEP":null,"codTEP":null,"WSName":"DB","rangeAddress":"$CG$481:$CL$519","headAddress":"$CG$481:$CL$481","bodyAddress":"$CG$482:$CL$519","_name":"отдача"}},"emcosID":null,"emcosMLID":null,"codMaketTEP":null,"codTEP":null,"WSName":"DB","rangeAddress":"$CA$480:$CL$519","headAddress":"$CA$480:$CL$480","bodyAddress":"$CA$481:$CL$519","_name":"Т1 Eneverse Kunkuat СЭС Капшагай 100"}},"codPlan":null,"meterCoef":"264","_name":"Т1 Eneverse Kunkuat СЭС Капшагай 100"}