{"ID":"c2c97102-17dd-489d-8a24-eebd3cefe0f9","childs":{"PS":{"_level":0,"parentID":"c2c97102-17dd-489d-8a24-eebd3cefe0f9","firstParentID":"c2c97102-17dd-489d-8a24-eebd3cefe0f9","ID":"d7166bad-3a0c-4456-97ab-194c2b4ab1d4","childs":{"прием":{"_level":1,"parentID":"d7166bad-3a0c-4456-97ab-194c2b4ab1d4","firstParentID":"c2c97102-17dd-489d-8a24-eebd3cefe0f9","ID":"cc6f8d94-2679-4201-a082-d3294599de42","childs":{"по счетчику":{"_level":2,"parentID":"cc6f8d94-2679-4201-a082-d3294599de42","firstParentID":"c2c97102-17dd-489d-8a24-eebd3cefe0f9","ID":"c82e06cd-750b-48a3-b060-d9e7aeb3b9ee","childs":null,"emcosID":null,"emcosMLID":null,"codMaketTEP":null,"codTEP":null,"WSName":"PS","rangeAddress":"$CP$56:$CP$92","headAddress":"$CP$56","bodyAddress":"$CP$57:$CP$92","_name":"по счетчику"},"СЧЕТЧИК":{"_level":2,"parentID":"cc6f8d94-2679-4201-a082-d3294599de42","firstParentID":"c2c97102-17dd-489d-8a24-eebd3cefe0f9","ID":"02871fc4-9454-4def-95aa-37f5cf896acf","childs":null,"emcosID":null,"emcosMLID":null,"codMaketTEP":null,"codTEP":null,"WSName":"PS","rangeAddress":"$CQ$56:$CQ$92","headAddress":"$CQ$56","bodyAddress":"$CQ$57:$CQ$92","_name":"СЧЕТЧИК"}},"emcosID":null,"emcosMLID":null,"codMaketTEP":null,"codTEP":null,"WSName":"PS","rangeAddress":"$CP$55:$CQ$92","headAddress":"$CP$55:$CQ$55","bodyAddress":"$CP$56:$CQ$92","_name":"прием"},"отдача":{"_level":1,"parentID":"d7166bad-3a0c-4456-97ab-194c2b4ab1d4","firstParentID":"c2c97102-17dd-489d-8a24-eebd3cefe0f9","ID":"58a10355-9264-44f4-b884-b7b9c325f6cc","childs":{"по счетчику":{"_level":2,"parentID":"58a10355-9264-44f4-b884-b7b9c325f6cc","firstParentID":"c2c97102-17dd-489d-8a24-eebd3cefe0f9","ID":"db2d4f25-cd89-4966-87aa-4cefdd3ac76f","childs":null,"emcosID":null,"emcosMLID":null,"codMaketTEP":null,"codTEP":null,"WSName":"PS","rangeAddress":"$CR$56:$CR$92","headAddress":"$CR$56","bodyAddress":"$CR$57:$CR$92","_name":"по счетчику"},"СЧЕТЧИК":{"_level":2,"parentID":"58a10355-9264-44f4-b884-b7b9c325f6cc","firstParentID":"c2c97102-17dd-489d-8a24-eebd3cefe0f9","ID":"fa128a6b-f427-4349-be5b-f483744936fc","childs":null,"emcosID":null,"emcosMLID":null,"codMaketTEP":null,"codTEP":null,"WSName":"PS","rangeAddress":"$CS$56:$CS$92","headAddress":"$CS$56","bodyAddress":"$CS$57:$CS$92","_name":"СЧЕТЧИК"}},"emcosID":null,"emcosMLID":null,"codMaketTEP":null,"codTEP":null,"WSName":"PS","rangeAddress":"$CR$55:$CS$92","headAddress":"$CR$55:$CS$55","bodyAddress":"$CR$56:$CS$92","_name":"отдача"}},"emcosID":null,"emcosMLID":null,"codMaketTEP":null,"codTEP":null,"WSName":"PS","rangeAddress":"$CP$54:$CS$92","headAddress":"$CP$54:$CS$54","bodyAddress":"$CP$55:$CS$92","_name":"Л132 Шу"},"DB":{"_level":0,"parentID":"c2c97102-17dd-489d-8a24-eebd3cefe0f9","firstParentID":"c2c97102-17dd-489d-8a24-eebd3cefe0f9","ID":"1484ef14-ce97-4670-a8c2-f96ba5f1103c","childs":{"прием":{"_level":1,"parentID":"1484ef14-ce97-4670-a8c2-f96ba5f1103c","firstParentID":"c2c97102-17dd-489d-8a24-eebd3cefe0f9","ID":"ccab9154-70a6-4b51-8a69-c8a77ce55868","childs":{"код":{"_level":2,"parentID":"ccab9154-70a6-4b51-8a69-c8a77ce55868","firstParentID":"c2c97102-17dd-489d-8a24-eebd3cefe0f9","ID":"947205ae-6be0-4b07-a790-d33b3d05180b","childs":null,"emcosID":null,"emcosMLID":null,"codMaketTEP":null,"codTEP":null,"WSName":"DB","rangeAddress":"$C$396:$C$433","headAddress":"$C$396","bodyAddress":"$C$397:$C$433","_name":"код"},"основное":{"_level":2,"parentID":"ccab9154-70a6-4b51-8a69-c8a77ce55868","firstParentID":"c2c97102-17dd-489d-8a24-eebd3cefe0f9","ID":"3e395107-6ac8-4680-b11b-e5f8fb1043c2","childs":null,"emcosID":null,"emcosMLID":null,"codMaketTEP":null,"codTEP":null,"WSName":"DB","rangeAddress":"$D$396:$D$433","headAddress":"$D$396","bodyAddress":"$D$397:$D$433","_name":"основное"},"корректировка факт":{"_level":2,"parentID":"ccab9154-70a6-4b51-8a69-c8a77ce55868","firstParentID":"c2c97102-17dd-489d-8a24-eebd3cefe0f9","ID":"aac7ad6b-993b-4aa0-9b61-65470ed38936","childs":null,"emcosID":null,"emcosMLID":null,"codMaketTEP":null,"codTEP":null,"WSName":"DB","rangeAddress":"$E$396:$E$433","headAddress":"$E$396","bodyAddress":"$E$397:$E$433","_name":"корректировка факт"},"ручное":{"_level":2,"parentID":"ccab9154-70a6-4b51-8a69-c8a77ce55868","firstParentID":"c2c97102-17dd-489d-8a24-eebd3cefe0f9","ID":"763c3289-8304-42ef-be46-95d78530c70c","childs":null,"emcosID":null,"emcosMLID":null,"codMaketTEP":null,"codTEP":null,"WSName":"DB","rangeAddress":"$F$396:$F$433","headAddress":"$F$396","bodyAddress":"$F$397:$F$433","_name":"ручное"},"счетчик":{"_level":2,"parentID":"ccab9154-70a6-4b51-8a69-c8a77ce55868","firstParentID":"c2c97102-17dd-489d-8a24-eebd3cefe0f9","ID":"2e4f2865-eafa-4568-adad-5d7129601bf0","childs":null,"emcosID":null,"emcosMLID":null,"codMaketTEP":null,"codTEP":null,"WSName":"DB","rangeAddress":"$G$396:$G$433","headAddress":"$G$396","bodyAddress":"$G$397:$G$433","_name":"счетчик"},"по счетчику":{"_level":2,"parentID":"ccab9154-70a6-4b51-8a69-c8a77ce55868","firstParentID":"c2c97102-17dd-489d-8a24-eebd3cefe0f9","ID":"6c9d1cbf-c6c1-437e-a19e-d452289e47d5","childs":null,"emcosID":null,"emcosMLID":null,"codMaketTEP":null,"codTEP":null,"WSName":"DB","rangeAddress":"$H$396:$H$433","headAddress":"$H$396","bodyAddress":"$H$397:$H$433","_name":"по счетчику"}},"emcosID":null,"emcosMLID":null,"codMaketTEP":null,"codTEP":null,"WSName":"DB","rangeAddress":"$C$395:$H$433","headAddress":"$C$395:$H$395","bodyAddress":"$C$396:$H$433","_name":"прием"},"отдача":{"_level":1,"parentID":"1484ef14-ce97-4670-a8c2-f96ba5f1103c","firstParentID":"c2c97102-17dd-489d-8a24-eebd3cefe0f9","ID":"14c9039d-5ec4-4052-8bfd-fb49e7fe5a9d","childs":{"код":{"_level":2,"parentID":"14c9039d-5ec4-4052-8bfd-fb49e7fe5a9d","firstParentID":"c2c97102-17dd-489d-8a24-eebd3cefe0f9","ID":"4963b3af-9e9b-424a-a332-d4b8fcc176e1","childs":null,"emcosID":null,"emcosMLID":null,"codMaketTEP":null,"codTEP":null,"WSName":"DB","rangeAddress":"$I$396:$I$433","headAddress":"$I$396","bodyAddress":"$I$397:$I$433","_name":"код"},"основное":{"_level":2,"parentID":"14c9039d-5ec4-4052-8bfd-fb49e7fe5a9d","firstParentID":"c2c97102-17dd-489d-8a24-eebd3cefe0f9","ID":"f5838d5a-3ceb-48f7-934e-026985742399","childs":null,"emcosID":null,"emcosMLID":null,"codMaketTEP":null,"codTEP":null,"WSName":"DB","rangeAddress":"$J$396:$J$433","headAddress":"$J$396","bodyAddress":"$J$397:$J$433","_name":"основное"},"корректировка факт":{"_level":2,"parentID":"14c9039d-5ec4-4052-8bfd-fb49e7fe5a9d","firstParentID":"c2c97102-17dd-489d-8a24-eebd3cefe0f9","ID":"9b7f9106-4f4e-4fd2-b9d4-17512cc3a146","childs":null,"emcosID":null,"emcosMLID":null,"codMaketTEP":null,"codTEP":null,"WSName":"DB","rangeAddress":"$K$396:$K$433","headAddress":"$K$396","bodyAddress":"$K$397:$K$433","_name":"корректировка факт"},"ручное":{"_level":2,"parentID":"14c9039d-5ec4-4052-8bfd-fb49e7fe5a9d","firstParentID":"c2c97102-17dd-489d-8a24-eebd3cefe0f9","ID":"c3d8583b-3d16-4a85-9cae-74c56df2278f","childs":null,"emcosID":null,"emcosMLID":null,"codMaketTEP":null,"codTEP":null,"WSName":"DB","rangeAddress":"$L$396:$L$433","headAddress":"$L$396","bodyAddress":"$L$397:$L$433","_name":"ручное"},"счетчик":{"_level":2,"parentID":"14c9039d-5ec4-4052-8bfd-fb49e7fe5a9d","firstParentID":"c2c97102-17dd-489d-8a24-eebd3cefe0f9","ID":"64e41589-5cbb-4a09-b07a-62209dc70e5b","childs":null,"emcosID":null,"emcosMLID":null,"codMaketTEP":null,"codTEP":null,"WSName":"DB","rangeAddress":"$M$396:$M$433","headAddress":"$M$396","bodyAddress":"$M$397:$M$433","_name":"счетчик"},"по счетчику":{"_level":2,"parentID":"14c9039d-5ec4-4052-8bfd-fb49e7fe5a9d","firstParentID":"c2c97102-17dd-489d-8a24-eebd3cefe0f9","ID":"cdd505aa-ee23-4f1e-9d0a-adaa0db3b917","childs":null,"emcosID":null,"emcosMLID":null,"codMaketTEP":null,"codTEP":null,"WSName":"DB","rangeAddress":"$N$396:$N$433","headAddress":"$N$396","bodyAddress":"$N$397:$N$433","_name":"по счетчику"}},"emcosID":null,"emcosMLID":null,"codMaketTEP":null,"codTEP":null,"WSName":"DB","rangeAddress":"$I$395:$N$433","headAddress":"$I$395:$N$395","bodyAddress":"$I$396:$N$433","_name":"отдача"}},"emcosID":null,"emcosMLID":null,"codMaketTEP":null,"codTEP":null,"WSName":"DB","rangeAddress":"$C$394:$N$433","headAddress":"$C$394:$N$394","bodyAddress":"$C$395:$N$433","_name":"Л132 Шу"}},"codPlan":null,"meterCoef":"132","_name":"Л132 Шу"}