[{"text":"Л2763 Алматы отдача","ID":"de46d1d4-069d-4d83-aa32-a661b897f8b6","type":0},{"text":"-","ID":null,"type":2},{"text":"Л2763 Алматы прием","ID":"51debe34-1a7a-4f0c-9265-236efc54d95c","type":0},{"text":"+","ID":null,"type":2},{"text":"Потребление Медеу тяга прием","ID":"afa8fb04-3749-4e50-9beb-f69e74e8440f","type":0},{"text":"+","ID":null,"type":2},{"text":"Л3 ПС126 Талдыкорган отдача","ID":"54af2d4e-35c0-4241-9de0-3db29a401494","type":0},{"text":"+","ID":null,"type":2},{"text":"Л8 ПС126 Талдыкорган отдача","ID":"5df95f1b-7e17-4201-a699-1ca651cecd1a","type":0}]