{"ID":"a3c3484a-c1f2-423a-a363-68d871e4221b","childs":{"PS":{"_level":0,"parentID":"a3c3484a-c1f2-423a-a363-68d871e4221b","firstParentID":"a3c3484a-c1f2-423a-a363-68d871e4221b","ID":"46cd17eb-2a13-4e58-9af2-9bd09b0fce1b","childs":{"прием":{"_level":1,"parentID":"46cd17eb-2a13-4e58-9af2-9bd09b0fce1b","firstParentID":"a3c3484a-c1f2-423a-a363-68d871e4221b","ID":"bd37d789-f382-496e-ad55-cfcf14373c79","childs":{"по счетчику":{"_level":2,"parentID":"bd37d789-f382-496e-ad55-cfcf14373c79","firstParentID":"a3c3484a-c1f2-423a-a363-68d871e4221b","ID":"db01de40-385e-4937-b7c5-62f1af471bbb","childs":null,"emcosID":null,"emcosMLID":null,"codMaketTEP":null,"codTEP":null,"WSName":"PS","rangeAddress":"$EP$56:$EP$92","headAddress":"$EP$56","bodyAddress":"$EP$57:$EP$92","_name":"по счетчику"}},"emcosID":null,"emcosMLID":null,"codMaketTEP":null,"codTEP":null,"WSName":"PS","rangeAddress":"$EP$55:$EP$92","headAddress":"$EP$55","bodyAddress":"$EP$56:$EP$92","_name":"прием"},"отдача":{"_level":1,"parentID":"46cd17eb-2a13-4e58-9af2-9bd09b0fce1b","firstParentID":"a3c3484a-c1f2-423a-a363-68d871e4221b","ID":"2da812a2-344d-490f-93eb-5cc966a2614f","childs":{"по счетчику":{"_level":2,"parentID":"2da812a2-344d-490f-93eb-5cc966a2614f","firstParentID":"a3c3484a-c1f2-423a-a363-68d871e4221b","ID":"641c353e-9a23-4dca-b151-ce46cecd0d04","childs":null,"emcosID":null,"emcosMLID":null,"codMaketTEP":null,"codTEP":null,"WSName":"PS","rangeAddress":"$EQ$56:$EQ$92","headAddress":"$EQ$56","bodyAddress":"$EQ$57:$EQ$92","_name":"по счетчику"}},"emcosID":null,"emcosMLID":null,"codMaketTEP":null,"codTEP":null,"WSName":"PS","rangeAddress":"$EQ$55:$EQ$92","headAddress":"$EQ$55","bodyAddress":"$EQ$56:$EQ$92","_name":"отдача"}},"emcosID":null,"emcosMLID":null,"codMaketTEP":null,"codTEP":null,"WSName":"PS","rangeAddress":"$EP$54:$EQ$92","headAddress":"$EP$54:$EQ$54","bodyAddress":"$EP$55:$EQ$92","_name":"Л2103 Алма"},"DB":{"_level":0,"parentID":"a3c3484a-c1f2-423a-a363-68d871e4221b","firstParentID":"a3c3484a-c1f2-423a-a363-68d871e4221b","ID":"f06b4d1f-7199-40f2-b7e9-fb8b9dc9400f","childs":{"прием":{"_level":1,"parentID":"f06b4d1f-7199-40f2-b7e9-fb8b9dc9400f","firstParentID":"a3c3484a-c1f2-423a-a363-68d871e4221b","ID":"6b5129a2-be7a-4632-81cf-171a190499dc","childs":{"код":{"_level":2,"parentID":"6b5129a2-be7a-4632-81cf-171a190499dc","firstParentID":"a3c3484a-c1f2-423a-a363-68d871e4221b","ID":"01d6943a-4570-4557-984c-d92fdbb37c31","childs":null,"emcosID":null,"emcosMLID":null,"codMaketTEP":null,"codTEP":null,"WSName":"DB","rangeAddress":"$HP$52:$HP$89","headAddress":"$HP$52","bodyAddress":"$HP$53:$HP$89","_name":"код"},"основное":{"_level":2,"parentID":"6b5129a2-be7a-4632-81cf-171a190499dc","firstParentID":"a3c3484a-c1f2-423a-a363-68d871e4221b","ID":"6579cb45-6ed5-43c6-8221-a7ad03835de6","childs":null,"emcosID":null,"emcosMLID":null,"codMaketTEP":null,"codTEP":null,"WSName":"DB","rangeAddress":"$HQ$52:$HQ$89","headAddress":"$HQ$52","bodyAddress":"$HQ$53:$HQ$89","_name":"основное"},"корректировка факт":{"_level":2,"parentID":"6b5129a2-be7a-4632-81cf-171a190499dc","firstParentID":"a3c3484a-c1f2-423a-a363-68d871e4221b","ID":"65cdd8ef-eb3c-4e1f-b692-14c95c26cb88","childs":null,"emcosID":null,"emcosMLID":null,"codMaketTEP":null,"codTEP":null,"WSName":"DB","rangeAddress":"$HR$52:$HR$89","headAddress":"$HR$52","bodyAddress":"$HR$53:$HR$89","_name":"корректировка факт"},"ручное":{"_level":2,"parentID":"6b5129a2-be7a-4632-81cf-171a190499dc","firstParentID":"a3c3484a-c1f2-423a-a363-68d871e4221b","ID":"6a13294f-5303-4cd2-a4e7-93e34ee30437","childs":null,"emcosID":null,"emcosMLID":null,"codMaketTEP":null,"codTEP":null,"WSName":"DB","rangeAddress":"$HS$52:$HS$89","headAddress":"$HS$52","bodyAddress":"$HS$53:$HS$89","_name":"ручное"},"счетчик":{"_level":2,"parentID":"6b5129a2-be7a-4632-81cf-171a190499dc","firstParentID":"a3c3484a-c1f2-423a-a363-68d871e4221b","ID":"0b409a91-4006-4422-ae38-1a2ac4a1b965","childs":null,"emcosID":null,"emcosMLID":null,"codMaketTEP":null,"codTEP":null,"WSName":"DB","rangeAddress":"$HT$52:$HT$89","headAddress":"$HT$52","bodyAddress":"$HT$53:$HT$89","_name":"счетчик"},"по счетчику":{"_level":2,"parentID":"6b5129a2-be7a-4632-81cf-171a190499dc","firstParentID":"a3c3484a-c1f2-423a-a363-68d871e4221b","ID":"6ca4aa23-7846-4df5-94dc-432c0943b4a6","childs":null,"emcosID":null,"emcosMLID":null,"codMaketTEP":null,"codTEP":null,"WSName":"DB","rangeAddress":"$HU$52:$HU$89","headAddress":"$HU$52","bodyAddress":"$HU$53:$HU$89","_name":"по счетчику"}},"emcosID":null,"emcosMLID":null,"codMaketTEP":null,"codTEP":null,"WSName":"DB","rangeAddress":"$HP$51:$HU$89","headAddress":"$HP$51:$HU$51","bodyAddress":"$HP$52:$HU$89","_name":"прием"},"отдача":{"_level":1,"parentID":"f06b4d1f-7199-40f2-b7e9-fb8b9dc9400f","firstParentID":"a3c3484a-c1f2-423a-a363-68d871e4221b","ID":"3e3b11bf-b975-4f8e-8fc5-2cab838fd9d0","childs":{"код":{"_level":2,"parentID":"3e3b11bf-b975-4f8e-8fc5-2cab838fd9d0","firstParentID":"a3c3484a-c1f2-423a-a363-68d871e4221b","ID":"ed30fa8a-430b-4436-8920-75de6d21fc32","childs":null,"emcosID":null,"emcosMLID":null,"codMaketTEP":null,"codTEP":null,"WSName":"DB","rangeAddress":"$HV$52:$HV$89","headAddress":"$HV$52","bodyAddress":"$HV$53:$HV$89","_name":"код"},"основное":{"_level":2,"parentID":"3e3b11bf-b975-4f8e-8fc5-2cab838fd9d0","firstParentID":"a3c3484a-c1f2-423a-a363-68d871e4221b","ID":"361fdc77-aa45-4548-a48a-44277be59764","childs":null,"emcosID":null,"emcosMLID":null,"codMaketTEP":null,"codTEP":null,"WSName":"DB","rangeAddress":"$HW$52:$HW$89","headAddress":"$HW$52","bodyAddress":"$HW$53:$HW$89","_name":"основное"},"корректировка факт":{"_level":2,"parentID":"3e3b11bf-b975-4f8e-8fc5-2cab838fd9d0","firstParentID":"a3c3484a-c1f2-423a-a363-68d871e4221b","ID":"a581fd5c-f6e7-407b-9a69-5cf02d9966cc","childs":null,"emcosID":null,"emcosMLID":null,"codMaketTEP":null,"codTEP":null,"WSName":"DB","rangeAddress":"$HX$52:$HX$89","headAddress":"$HX$52","bodyAddress":"$HX$53:$HX$89","_name":"корректировка факт"},"ручное":{"_level":2,"parentID":"3e3b11bf-b975-4f8e-8fc5-2cab838fd9d0","firstParentID":"a3c3484a-c1f2-423a-a363-68d871e4221b","ID":"e5228c0a-fca5-44aa-b062-e9874c88ad42","childs":null,"emcosID":null,"emcosMLID":null,"codMaketTEP":null,"codTEP":null,"WSName":"DB","rangeAddress":"$HY$52:$HY$89","headAddress":"$HY$52","bodyAddress":"$HY$53:$HY$89","_name":"ручное"},"счетчик":{"_level":2,"parentID":"3e3b11bf-b975-4f8e-8fc5-2cab838fd9d0","firstParentID":"a3c3484a-c1f2-423a-a363-68d871e4221b","ID":"d9d91ab4-54eb-4d27-b888-887c8fae8fea","childs":null,"emcosID":null,"emcosMLID":null,"codMaketTEP":null,"codTEP":null,"WSName":"DB","rangeAddress":"$HZ$52:$HZ$89","headAddress":"$HZ$52","bodyAddress":"$HZ$53:$HZ$89","_name":"счетчик"},"по счетчику":{"_level":2,"parentID":"3e3b11bf-b975-4f8e-8fc5-2cab838fd9d0","firstParentID":"a3c3484a-c1f2-423a-a363-68d871e4221b","ID":"3efe5d09-4715-4cb7-af10-e8ed8ed5dd72","childs":null,"emcosID":null,"emcosMLID":null,"codMaketTEP":null,"codTEP":null,"WSName":"DB","rangeAddress":"$IA$52:$IA$89","headAddress":"$IA$52","bodyAddress":"$IA$53:$IA$89","_name":"по счетчику"}},"emcosID":null,"emcosMLID":null,"codMaketTEP":null,"codTEP":null,"WSName":"DB","rangeAddress":"$HV$51:$IA$89","headAddress":"$HV$51:$IA$51","bodyAddress":"$HV$52:$IA$89","_name":"отдача"}},"emcosID":null,"emcosMLID":null,"codMaketTEP":null,"codTEP":null,"WSName":"DB","rangeAddress":"$HP$50:$IA$89","headAddress":"$HP$50:$IA$50","bodyAddress":"$HP$51:$IA$89","_name":"Л2103 Алма"}},"codPlan":null,"meterCoef":"2200","_name":"Л2103 Алма"}