{"ID":"e43c45be-03f5-46a9-824e-cb6ac33f4e0e","childs":{"PS":{"_level":0,"parentID":"e43c45be-03f5-46a9-824e-cb6ac33f4e0e","firstParentID":"e43c45be-03f5-46a9-824e-cb6ac33f4e0e","ID":"85c76d14-4838-4dd5-9a24-61532ee1c65b","childs":{"прием":{"_level":1,"parentID":"85c76d14-4838-4dd5-9a24-61532ee1c65b","firstParentID":"e43c45be-03f5-46a9-824e-cb6ac33f4e0e","ID":"876b2440-7f2f-42b8-a28f-d961c455e44d","childs":{"по счетчику":{"_level":2,"parentID":"876b2440-7f2f-42b8-a28f-d961c455e44d","firstParentID":"e43c45be-03f5-46a9-824e-cb6ac33f4e0e","ID":"d52855c0-93bf-4f07-bc69-6b308c926399","childs":null,"emcosID":null,"emcosMLID":null,"codMaketTEP":null,"codTEP":null,"WSName":"PS","rangeAddress":"$AH$99:$AH$135","headAddress":"$AH$99","bodyAddress":"$AH$100:$AH$135","_name":"по счетчику"},"СЧЕТЧИК":{"_level":2,"parentID":"876b2440-7f2f-42b8-a28f-d961c455e44d","firstParentID":"e43c45be-03f5-46a9-824e-cb6ac33f4e0e","ID":"1a7603e0-3d9c-47fe-a10f-4206ddbc0cdd","childs":null,"emcosID":null,"emcosMLID":null,"codMaketTEP":null,"codTEP":null,"WSName":"PS","rangeAddress":"$AI$99:$AI$135","headAddress":"$AI$99","bodyAddress":"$AI$100:$AI$135","_name":"СЧЕТЧИК"}},"emcosID":null,"emcosMLID":null,"codMaketTEP":null,"codTEP":null,"WSName":"PS","rangeAddress":"$AH$98:$AI$135","headAddress":"$AH$98:$AI$98","bodyAddress":"$AH$99:$AI$135","_name":"прием"}},"emcosID":null,"emcosMLID":null,"codMaketTEP":null,"codTEP":null,"WSName":"PS","rangeAddress":"$AH$97:$AI$135","headAddress":"$AH$97:$AI$97","bodyAddress":"$AH$98:$AI$135","_name":"ТСН1 ОРУ 220 МГЭС"},"DB":{"_level":0,"parentID":"e43c45be-03f5-46a9-824e-cb6ac33f4e0e","firstParentID":"e43c45be-03f5-46a9-824e-cb6ac33f4e0e","ID":"2b6388f3-195a-4c76-b6d3-54e7ec64fcea","childs":{"прием":{"_level":1,"parentID":"2b6388f3-195a-4c76-b6d3-54e7ec64fcea","firstParentID":"e43c45be-03f5-46a9-824e-cb6ac33f4e0e","ID":"33818f51-1c2b-4bc8-9b65-c065ecc45e35","childs":{"код":{"_level":2,"parentID":"33818f51-1c2b-4bc8-9b65-c065ecc45e35","firstParentID":"e43c45be-03f5-46a9-824e-cb6ac33f4e0e","ID":"10315023-4c0a-402c-ab7d-6e4c4b2b55d6","childs":null,"emcosID":null,"emcosMLID":null,"codMaketTEP":null,"codTEP":null,"WSName":"DB","rangeAddress":"$CN$353:$CN$390","headAddress":"$CN$353","bodyAddress":"$CN$354:$CN$390","_name":"код"},"основное":{"_level":2,"parentID":"33818f51-1c2b-4bc8-9b65-c065ecc45e35","firstParentID":"e43c45be-03f5-46a9-824e-cb6ac33f4e0e","ID":"3137b8a2-d176-4b8a-96be-203654d6849a","childs":null,"emcosID":null,"emcosMLID":null,"codMaketTEP":null,"codTEP":null,"WSName":"DB","rangeAddress":"$CO$353:$CO$390","headAddress":"$CO$353","bodyAddress":"$CO$354:$CO$390","_name":"основное"},"корректировка факт":{"_level":2,"parentID":"33818f51-1c2b-4bc8-9b65-c065ecc45e35","firstParentID":"e43c45be-03f5-46a9-824e-cb6ac33f4e0e","ID":"7538e7f7-66a7-4c2c-a253-ed45a50968d7","childs":null,"emcosID":null,"emcosMLID":null,"codMaketTEP":null,"codTEP":null,"WSName":"DB","rangeAddress":"$CP$353:$CP$390","headAddress":"$CP$353","bodyAddress":"$CP$354:$CP$390","_name":"корректировка факт"},"ручное":{"_level":2,"parentID":"33818f51-1c2b-4bc8-9b65-c065ecc45e35","firstParentID":"e43c45be-03f5-46a9-824e-cb6ac33f4e0e","ID":"2827d756-5efc-40e0-8c59-35d2d19e9892","childs":null,"emcosID":null,"emcosMLID":null,"codMaketTEP":null,"codTEP":null,"WSName":"DB","rangeAddress":"$CQ$353:$CQ$390","headAddress":"$CQ$353","bodyAddress":"$CQ$354:$CQ$390","_name":"ручное"},"счетчик":{"_level":2,"parentID":"33818f51-1c2b-4bc8-9b65-c065ecc45e35","firstParentID":"e43c45be-03f5-46a9-824e-cb6ac33f4e0e","ID":"6a95248d-223a-46f8-9cd2-fe63fbf4a151","childs":null,"emcosID":null,"emcosMLID":null,"codMaketTEP":null,"codTEP":null,"WSName":"DB","rangeAddress":"$CR$353:$CR$390","headAddress":"$CR$353","bodyAddress":"$CR$354:$CR$390","_name":"счетчик"},"по счетчику":{"_level":2,"parentID":"33818f51-1c2b-4bc8-9b65-c065ecc45e35","firstParentID":"e43c45be-03f5-46a9-824e-cb6ac33f4e0e","ID":"04d3e80c-584c-4355-a1e0-ba60efbe4df0","childs":null,"emcosID":null,"emcosMLID":null,"codMaketTEP":null,"codTEP":null,"WSName":"DB","rangeAddress":"$CS$353:$CS$390","headAddress":"$CS$353","bodyAddress":"$CS$354:$CS$390","_name":"по счетчику"}},"emcosID":null,"emcosMLID":null,"codMaketTEP":null,"codTEP":null,"WSName":"DB","rangeAddress":"$CN$352:$CS$390","headAddress":"$CN$352:$CS$352","bodyAddress":"$CN$353:$CS$390","_name":"прием"}},"emcosID":null,"emcosMLID":null,"codMaketTEP":null,"codTEP":null,"WSName":"DB","rangeAddress":"$CN$351:$CS$390","headAddress":"$CN$351:$CS$351","bodyAddress":"$CN$352:$CS$390","_name":"ТСН1 ОРУ 220 МГЭС"}},"codPlan":null,"meterCoef":null,"_name":"ТСН1 ОРУ 220 МГЭС"}