{"ID":"0a5640e6-7af6-478c-989f-0dbc2cab8d14","childs":{"PS":{"_level":0,"parentID":"0a5640e6-7af6-478c-989f-0dbc2cab8d14","firstParentID":"0a5640e6-7af6-478c-989f-0dbc2cab8d14","ID":"18593477-12d3-4cd2-8894-e781bcb21a37","childs":{"отдача":{"_level":1,"parentID":"18593477-12d3-4cd2-8894-e781bcb21a37","firstParentID":"0a5640e6-7af6-478c-989f-0dbc2cab8d14","ID":"66c1a92f-2ded-4e58-beed-eecf4097b5cf","childs":{"ручное":{"_level":2,"parentID":"66c1a92f-2ded-4e58-beed-eecf4097b5cf","firstParentID":"0a5640e6-7af6-478c-989f-0dbc2cab8d14","ID":"f9a49278-5a15-45e5-90d4-5df51cc9adf0","childs":null,"emcosID":null,"emcosMLID":null,"codMaketTEP":null,"codTEP":null,"WSName":"PS","rangeAddress":"$BZ$228:$BZ$264","headAddress":"$BZ$228","bodyAddress":"$BZ$229:$BZ$264","_name":"ручное"}},"emcosID":null,"emcosMLID":null,"codMaketTEP":null,"codTEP":null,"WSName":"PS","rangeAddress":"$BZ$227:$BZ$264","headAddress":"$BZ$227","bodyAddress":"$BZ$228:$BZ$264","_name":"отдача"}},"emcosID":null,"emcosMLID":null,"codMaketTEP":null,"codTEP":null,"WSName":"PS","rangeAddress":"$BZ$226:$BZ$264","headAddress":"$BZ$226","bodyAddress":"$BZ$227:$BZ$264","_name":"Генерация ГЭС Лепсы-2"},"DB":{"_level":0,"parentID":"0a5640e6-7af6-478c-989f-0dbc2cab8d14","firstParentID":"0a5640e6-7af6-478c-989f-0dbc2cab8d14","ID":"d928dd01-52e2-4b76-86ac-1354c5da1e56","childs":{"отдача":{"_level":1,"parentID":"d928dd01-52e2-4b76-86ac-1354c5da1e56","firstParentID":"0a5640e6-7af6-478c-989f-0dbc2cab8d14","ID":"b1c8299f-bd60-47f1-9db0-1ed55f709d92","childs":{"код":{"_level":2,"parentID":"b1c8299f-bd60-47f1-9db0-1ed55f709d92","firstParentID":"0a5640e6-7af6-478c-989f-0dbc2cab8d14","ID":"738ca4af-e01c-4352-940c-b43c33fbbeba","childs":null,"emcosID":null,"emcosMLID":null,"codMaketTEP":null,"codTEP":null,"WSName":"DB","rangeAddress":"$EP$482:$EP$519","headAddress":"$EP$482","bodyAddress":"$EP$483:$EP$519","_name":"код"},"основное":{"_level":2,"parentID":"b1c8299f-bd60-47f1-9db0-1ed55f709d92","firstParentID":"0a5640e6-7af6-478c-989f-0dbc2cab8d14","ID":"debadcf2-dd25-47eb-822f-9717f67c84bc","childs":null,"emcosID":null,"emcosMLID":null,"codMaketTEP":null,"codTEP":null,"WSName":"DB","rangeAddress":"$EQ$482:$EQ$519","headAddress":"$EQ$482","bodyAddress":"$EQ$483:$EQ$519","_name":"основное"},"корректировка факт":{"_level":2,"parentID":"b1c8299f-bd60-47f1-9db0-1ed55f709d92","firstParentID":"0a5640e6-7af6-478c-989f-0dbc2cab8d14","ID":"2ff126da-c7fd-465e-b0ea-ef915e59c93b","childs":null,"emcosID":null,"emcosMLID":null,"codMaketTEP":null,"codTEP":null,"WSName":"DB","rangeAddress":"$ER$482:$ER$519","headAddress":"$ER$482","bodyAddress":"$ER$483:$ER$519","_name":"корректировка факт"},"ручное":{"_level":2,"parentID":"b1c8299f-bd60-47f1-9db0-1ed55f709d92","firstParentID":"0a5640e6-7af6-478c-989f-0dbc2cab8d14","ID":"805d3bc9-8f1c-449b-82e4-f2ec80916f59","childs":null,"emcosID":null,"emcosMLID":null,"codMaketTEP":null,"codTEP":null,"WSName":"DB","rangeAddress":"$ES$482:$ES$519","headAddress":"$ES$482","bodyAddress":"$ES$483:$ES$519","_name":"ручное"}},"emcosID":null,"emcosMLID":null,"codMaketTEP":null,"codTEP":null,"WSName":"DB","rangeAddress":"$EP$481:$ES$519","headAddress":"$EP$481:$ES$481","bodyAddress":"$EP$482:$ES$519","_name":"отдача"}},"emcosID":null,"emcosMLID":null,"codMaketTEP":null,"codTEP":null,"WSName":"DB","rangeAddress":"$EP$480:$ES$519","headAddress":"$EP$480:$ES$480","bodyAddress":"$EP$481:$ES$519","_name":"Генерация ГЭС Лепсы-2"}},"codPlan":null,"meterCoef":null,"_name":"Генерация ГЭС Лепсы-2"}