{"ID":"1602afd5-816c-4666-a58e-d71d8480554e","childs":{"PS":{"_level":0,"parentID":"1602afd5-816c-4666-a58e-d71d8480554e","firstParentID":"1602afd5-816c-4666-a58e-d71d8480554e","ID":"73759ce8-4a13-46d7-9c54-c12032434888","childs":{"прием":{"_level":1,"parentID":"73759ce8-4a13-46d7-9c54-c12032434888","firstParentID":"1602afd5-816c-4666-a58e-d71d8480554e","ID":"217f5197-78ad-4af4-aabe-1d9b379be080","childs":{"оперативное":{"_level":2,"parentID":"217f5197-78ad-4af4-aabe-1d9b379be080","firstParentID":"1602afd5-816c-4666-a58e-d71d8480554e","ID":"9d545d54-8163-49b1-964a-019662b4da7b","childs":null,"emcosID":null,"emcosMLID":null,"codMaketTEP":null,"codTEP":null,"WSName":"PS","rangeAddress":"$AP$228:$AP$264","headAddress":"$AP$228","bodyAddress":"$AP$229:$AP$264","_name":"оперативное"}},"emcosID":null,"emcosMLID":null,"codMaketTEP":1434,"codTEP":null,"WSName":"PS","rangeAddress":"$AP$227:$AP$264","headAddress":"$AP$227","bodyAddress":"$AP$228:$AP$264","_name":"прием"}},"emcosID":null,"emcosMLID":null,"codMaketTEP":null,"codTEP":null,"WSName":"PS","rangeAddress":"$AP$226:$AP$264","headAddress":"$AP$226","bodyAddress":"$AP$227:$AP$264","_name":"Потребление Тенгри Энерджи Жетысу"},"DB":{"_level":0,"parentID":"1602afd5-816c-4666-a58e-d71d8480554e","firstParentID":"1602afd5-816c-4666-a58e-d71d8480554e","ID":"59685ec4-bf7c-4cf3-aa04-8734aeab6013","childs":{"прием":{"_level":1,"parentID":"59685ec4-bf7c-4cf3-aa04-8734aeab6013","firstParentID":"1602afd5-816c-4666-a58e-d71d8480554e","ID":"7e88c901-69ff-45a2-a322-ed51b9e2f5fe","childs":{"код":{"_level":2,"parentID":"7e88c901-69ff-45a2-a322-ed51b9e2f5fe","firstParentID":"1602afd5-816c-4666-a58e-d71d8480554e","ID":"2f149512-e71f-4039-8e07-98ef5d37cfdd","childs":null,"emcosID":null,"emcosMLID":null,"codMaketTEP":null,"codTEP":null,"WSName":"DB","rangeAddress":"$AQ$439:$AQ$476","headAddress":"$AQ$439","bodyAddress":"$AQ$440:$AQ$476","_name":"код"},"основное":{"_level":2,"parentID":"7e88c901-69ff-45a2-a322-ed51b9e2f5fe","firstParentID":"1602afd5-816c-4666-a58e-d71d8480554e","ID":"d90468b7-fb55-48ad-83ac-bf999ea049c2","childs":null,"emcosID":null,"emcosMLID":null,"codMaketTEP":null,"codTEP":null,"WSName":"DB","rangeAddress":"$AR$439:$AR$476","headAddress":"$AR$439","bodyAddress":"$AR$440:$AR$476","_name":"основное"},"корректировка факт":{"_level":2,"parentID":"7e88c901-69ff-45a2-a322-ed51b9e2f5fe","firstParentID":"1602afd5-816c-4666-a58e-d71d8480554e","ID":"04e86d90-8d6c-4a16-95d1-261d8f17eb4c","childs":null,"emcosID":null,"emcosMLID":null,"codMaketTEP":null,"codTEP":null,"WSName":"DB","rangeAddress":"$AS$439:$AS$476","headAddress":"$AS$439","bodyAddress":"$AS$440:$AS$476","_name":"корректировка факт"},"ручное":{"_level":2,"parentID":"7e88c901-69ff-45a2-a322-ed51b9e2f5fe","firstParentID":"1602afd5-816c-4666-a58e-d71d8480554e","ID":"fff8e370-21e7-49c9-a303-c90622c2b497","childs":null,"emcosID":null,"emcosMLID":null,"codMaketTEP":null,"codTEP":null,"WSName":"DB","rangeAddress":"$AT$439:$AT$476","headAddress":"$AT$439","bodyAddress":"$AT$440:$AT$476","_name":"ручное"},"оперативное":{"_level":2,"parentID":"7e88c901-69ff-45a2-a322-ed51b9e2f5fe","firstParentID":"1602afd5-816c-4666-a58e-d71d8480554e","ID":"a79da444-4c11-4e80-8f22-4d53829e0023","childs":null,"emcosID":null,"emcosMLID":null,"codMaketTEP":null,"codTEP":null,"WSName":"DB","rangeAddress":"$AU$439:$AU$476","headAddress":"$AU$439","bodyAddress":"$AU$440:$AU$476","_name":"оперативное"}},"emcosID":null,"emcosMLID":null,"codMaketTEP":null,"codTEP":null,"WSName":"DB","rangeAddress":"$AQ$438:$AU$476","headAddress":"$AQ$438:$AU$438","bodyAddress":"$AQ$439:$AU$476","_name":"прием"}},"emcosID":null,"emcosMLID":null,"codMaketTEP":null,"codTEP":null,"WSName":"DB","rangeAddress":"$AQ$437:$AU$476","headAddress":"$AQ$437:$AU$437","bodyAddress":"$AQ$438:$AU$476","_name":"Потребление Тенгри Энерджи Жетысу"}},"codPlan":null,"meterCoef":null,"_name":"Потребление Тенгри Энерджи Жетысу"}