{"ID":"19989bc1-a057-4fdc-939d-10786ba1814c","childs":{"PS":{"_level":0,"parentID":"19989bc1-a057-4fdc-939d-10786ba1814c","firstParentID":"19989bc1-a057-4fdc-939d-10786ba1814c","ID":"2bbf0330-45d2-4159-8867-46c9afff07d9","childs":{"отдача":{"_level":1,"parentID":"2bbf0330-45d2-4159-8867-46c9afff07d9","firstParentID":"19989bc1-a057-4fdc-939d-10786ba1814c","ID":"e7c1dbfe-4008-4f16-9767-5305e17992b7","childs":{"оперативное":{"_level":2,"parentID":"e7c1dbfe-4008-4f16-9767-5305e17992b7","firstParentID":"19989bc1-a057-4fdc-939d-10786ba1814c","ID":"48a653e3-dd15-4aaf-9045-061f5de39fe9","childs":null,"emcosID":null,"emcosMLID":null,"codMaketTEP":null,"codTEP":null,"WSName":"PS","rangeAddress":"$BU$185:$BU$221","headAddress":"$BU$185","bodyAddress":"$BU$186:$BU$221","_name":"оперативное"},"ФОРМУЛА":{"_level":2,"parentID":"e7c1dbfe-4008-4f16-9767-5305e17992b7","firstParentID":"19989bc1-a057-4fdc-939d-10786ba1814c","ID":"758ed29e-20d4-4166-8136-9337c4394e90","childs":null,"emcosID":null,"emcosMLID":null,"codMaketTEP":null,"codTEP":null,"WSName":"PS","rangeAddress":"$BV$185:$BV$221","headAddress":"$BV$185","bodyAddress":"$BV$186:$BV$221","_name":"ФОРМУЛА"}},"emcosID":null,"emcosMLID":null,"codMaketTEP":null,"codTEP":null,"WSName":"PS","rangeAddress":"$BU$184:$BV$221","headAddress":"$BU$184:$BV$184","bodyAddress":"$BU$185:$BV$221","_name":"отдача"},"план":{"_level":1,"parentID":"2bbf0330-45d2-4159-8867-46c9afff07d9","firstParentID":"19989bc1-a057-4fdc-939d-10786ba1814c","ID":"5e3ee8dd-4c07-4efe-b69e-29aa459ba9c0","childs":{"заявка":{"_level":2,"parentID":"5e3ee8dd-4c07-4efe-b69e-29aa459ba9c0","firstParentID":"19989bc1-a057-4fdc-939d-10786ba1814c","ID":"438e79b6-a8ba-4b50-91df-9d1e64f0e4d4","childs":null,"emcosID":null,"emcosMLID":null,"codMaketTEP":null,"codTEP":null,"WSName":"PS","rangeAddress":"$BW$185:$BW$221","headAddress":"$BW$185","bodyAddress":"$BW$186:$BW$221","_name":"заявка"}},"emcosID":null,"emcosMLID":null,"codMaketTEP":null,"codTEP":null,"WSName":"PS","rangeAddress":"$BW$184:$BW$221","headAddress":"$BW$184","bodyAddress":"$BW$185:$BW$221","_name":"план"}},"emcosID":null,"emcosMLID":null,"codMaketTEP":null,"codTEP":null,"WSName":"PS","rangeAddress":"$BU$183:$BW$221","headAddress":"$BU$183:$BW$183","bodyAddress":"$BU$184:$BW$221","_name":"Генерация АлЭС"},"DB":{"_level":0,"parentID":"19989bc1-a057-4fdc-939d-10786ba1814c","firstParentID":"19989bc1-a057-4fdc-939d-10786ba1814c","ID":"a4780e84-787b-411a-9b94-2df99bf9ca29","childs":{"отдача":{"_level":1,"parentID":"a4780e84-787b-411a-9b94-2df99bf9ca29","firstParentID":"19989bc1-a057-4fdc-939d-10786ba1814c","ID":"d5c9aaaa-7e36-4bf8-bfec-51352a789f28","childs":{"код":{"_level":2,"parentID":"d5c9aaaa-7e36-4bf8-bfec-51352a789f28","firstParentID":"19989bc1-a057-4fdc-939d-10786ba1814c","ID":"77265936-89ae-410d-8be6-4cbf3c4fe556","childs":null,"emcosID":null,"emcosMLID":null,"codMaketTEP":null,"codTEP":null,"WSName":"DB","rangeAddress":"$AI$138:$AI$175","headAddress":"$AI$138","bodyAddress":"$AI$139:$AI$175","_name":"код"},"основное":{"_level":2,"parentID":"d5c9aaaa-7e36-4bf8-bfec-51352a789f28","firstParentID":"19989bc1-a057-4fdc-939d-10786ba1814c","ID":"d4a22bc2-d8ba-4cf4-8e96-dd5165e5b237","childs":null,"emcosID":null,"emcosMLID":null,"codMaketTEP":null,"codTEP":null,"WSName":"DB","rangeAddress":"$AJ$138:$AJ$175","headAddress":"$AJ$138","bodyAddress":"$AJ$139:$AJ$175","_name":"основное"},"корректировка факт":{"_level":2,"parentID":"d5c9aaaa-7e36-4bf8-bfec-51352a789f28","firstParentID":"19989bc1-a057-4fdc-939d-10786ba1814c","ID":"30923a1b-7409-43aa-9bf1-3010da921c3c","childs":null,"emcosID":null,"emcosMLID":null,"codMaketTEP":null,"codTEP":null,"WSName":"DB","rangeAddress":"$AK$138:$AK$175","headAddress":"$AK$138","bodyAddress":"$AK$139:$AK$175","_name":"корректировка факт"},"ручное":{"_level":2,"parentID":"d5c9aaaa-7e36-4bf8-bfec-51352a789f28","firstParentID":"19989bc1-a057-4fdc-939d-10786ba1814c","ID":"e5b3f95a-debc-4956-9074-2dc1cc45fdff","childs":null,"emcosID":null,"emcosMLID":null,"codMaketTEP":null,"codTEP":null,"WSName":"DB","rangeAddress":"$AL$138:$AL$175","headAddress":"$AL$138","bodyAddress":"$AL$139:$AL$175","_name":"ручное"},"формула":{"_level":2,"parentID":"d5c9aaaa-7e36-4bf8-bfec-51352a789f28","firstParentID":"19989bc1-a057-4fdc-939d-10786ba1814c","ID":"d77b578b-b5a5-4ed2-8230-028bda5e0172","childs":null,"emcosID":null,"emcosMLID":null,"codMaketTEP":null,"codTEP":null,"WSName":"DB","rangeAddress":"$AM$138:$AM$175","headAddress":"$AM$138","bodyAddress":"$AM$139:$AM$175","_name":"формула"},"оперативное":{"_level":2,"parentID":"d5c9aaaa-7e36-4bf8-bfec-51352a789f28","firstParentID":"19989bc1-a057-4fdc-939d-10786ba1814c","ID":"d0af25c2-9a53-4ef6-9149-ac9dfc59341c","childs":null,"emcosID":null,"emcosMLID":null,"codMaketTEP":null,"codTEP":null,"WSName":"DB","rangeAddress":"$AN$138:$AN$175","headAddress":"$AN$138","bodyAddress":"$AN$139:$AN$175","_name":"оперативное"},"по плану":{"_level":2,"parentID":"d5c9aaaa-7e36-4bf8-bfec-51352a789f28","firstParentID":"19989bc1-a057-4fdc-939d-10786ba1814c","ID":"c9b6fc53-ed5e-4392-bbe1-dfed3dbfd4f4","childs":null,"emcosID":null,"emcosMLID":null,"codMaketTEP":null,"codTEP":null,"WSName":"DB","rangeAddress":"$AO$138:$AO$175","headAddress":"$AO$138","bodyAddress":"$AO$139:$AO$175","_name":"по плану"}},"emcosID":null,"emcosMLID":null,"codMaketTEP":null,"codTEP":null,"WSName":"DB","rangeAddress":"$AI$137:$AO$175","headAddress":"$AI$137:$AO$137","bodyAddress":"$AI$138:$AO$175","_name":"отдача"},"план":{"_level":1,"parentID":"a4780e84-787b-411a-9b94-2df99bf9ca29","firstParentID":"19989bc1-a057-4fdc-939d-10786ba1814c","ID":"b21ce25d-4fc1-4774-96c4-70d42e4d0392","childs":{"код":{"_level":2,"parentID":"b21ce25d-4fc1-4774-96c4-70d42e4d0392","firstParentID":"19989bc1-a057-4fdc-939d-10786ba1814c","ID":"e5d07c24-3aa2-4cd8-86cb-0ccd8ecc1737","childs":null,"emcosID":null,"emcosMLID":null,"codMaketTEP":null,"codTEP":null,"WSName":"DB","rangeAddress":"$AP$138:$AP$175","headAddress":"$AP$138","bodyAddress":"$AP$139:$AP$175","_name":"код"},"основное":{"_level":2,"parentID":"b21ce25d-4fc1-4774-96c4-70d42e4d0392","firstParentID":"19989bc1-a057-4fdc-939d-10786ba1814c","ID":"15ecd9e8-d7b9-473e-9ed3-5c06c4d7f7d5","childs":null,"emcosID":null,"emcosMLID":null,"codMaketTEP":null,"codTEP":null,"WSName":"DB","rangeAddress":"$AQ$138:$AQ$175","headAddress":"$AQ$138","bodyAddress":"$AQ$139:$AQ$175","_name":"основное"},"заявка":{"_level":2,"parentID":"b21ce25d-4fc1-4774-96c4-70d42e4d0392","firstParentID":"19989bc1-a057-4fdc-939d-10786ba1814c","ID":"0e6cfcf6-3f6e-4544-af69-042e26ec168c","childs":null,"emcosID":null,"emcosMLID":null,"codMaketTEP":null,"codTEP":null,"WSName":"DB","rangeAddress":"$AR$138:$AR$175","headAddress":"$AR$138","bodyAddress":"$AR$139:$AR$175","_name":"заявка"},"утвержденный":{"_level":2,"parentID":"b21ce25d-4fc1-4774-96c4-70d42e4d0392","firstParentID":"19989bc1-a057-4fdc-939d-10786ba1814c","ID":"6bdf8acd-2755-4d75-b99b-f7599d6e2464","childs":null,"emcosID":null,"emcosMLID":null,"codMaketTEP":null,"codTEP":null,"WSName":"DB","rangeAddress":"$AS$138:$AS$175","headAddress":"$AS$138","bodyAddress":"$AS$139:$AS$175","_name":"утвержденный"},"корректировка":{"_level":2,"parentID":"b21ce25d-4fc1-4774-96c4-70d42e4d0392","firstParentID":"19989bc1-a057-4fdc-939d-10786ba1814c","ID":"0b2b9382-5153-4992-93ec-f86b0c8fd293","childs":null,"emcosID":null,"emcosMLID":null,"codMaketTEP":null,"codTEP":null,"WSName":"DB","rangeAddress":"$AT$138:$AT$175","headAddress":"$AT$138","bodyAddress":"$AT$139:$AT$175","_name":"корректировка"}},"emcosID":null,"emcosMLID":null,"codMaketTEP":null,"codTEP":null,"WSName":"DB","rangeAddress":"$AP$137:$AT$175","headAddress":"$AP$137:$AT$137","bodyAddress":"$AP$138:$AT$175","_name":"план"}},"emcosID":null,"emcosMLID":null,"codMaketTEP":null,"codTEP":null,"WSName":"DB","rangeAddress":"$AI$136:$AT$175","headAddress":"$AI$136:$AT$136","bodyAddress":"$AI$137:$AT$175","_name":"Генерация АлЭС"}},"codPlan":11,"meterCoef":null,"_name":"Генерация АлЭС"}