{"ID":"234ea274-bfe4-4c72-8382-7f11a2dc1bd1","childs":{"PS":{"_level":0,"parentID":"234ea274-bfe4-4c72-8382-7f11a2dc1bd1","firstParentID":"234ea274-bfe4-4c72-8382-7f11a2dc1bd1","ID":"dc9bb3c0-ce57-407d-aa67-a07bf061b88d","childs":{"отдача":{"_level":1,"parentID":"dc9bb3c0-ce57-407d-aa67-a07bf061b88d","firstParentID":"234ea274-bfe4-4c72-8382-7f11a2dc1bd1","ID":"14891a93-75fb-496b-b844-4beb2379b3ad","childs":{"формула":{"_level":2,"parentID":"14891a93-75fb-496b-b844-4beb2379b3ad","firstParentID":"234ea274-bfe4-4c72-8382-7f11a2dc1bd1","ID":"b8ea44a7-51f7-49e9-9a28-3760bb5eb98f","childs":null,"emcosID":null,"emcosMLID":null,"codMaketTEP":null,"codTEP":null,"WSName":"PS","rangeAddress":"$BJ$228:$BJ$264","headAddress":"$BJ$228","bodyAddress":"$BJ$229:$BJ$264","_name":"формула"}},"emcosID":null,"emcosMLID":null,"codMaketTEP":1411,"codTEP":null,"WSName":"PS","rangeAddress":"$BJ$227:$BJ$264","headAddress":"$BJ$227","bodyAddress":"$BJ$228:$BJ$264","_name":"отдача"},"план":{"_level":1,"parentID":"dc9bb3c0-ce57-407d-aa67-a07bf061b88d","firstParentID":"234ea274-bfe4-4c72-8382-7f11a2dc1bd1","ID":"31897aae-fe92-44d4-a3bb-e8766b29c28c","childs":{"заявка":{"_level":2,"parentID":"31897aae-fe92-44d4-a3bb-e8766b29c28c","firstParentID":"234ea274-bfe4-4c72-8382-7f11a2dc1bd1","ID":"cab21f81-3afe-4fb0-98d2-07ab0d8320b4","childs":null,"emcosID":null,"emcosMLID":null,"codMaketTEP":null,"codTEP":null,"WSName":"PS","rangeAddress":"$BK$228:$BK$264","headAddress":"$BK$228","bodyAddress":"$BK$229:$BK$264","_name":"заявка"}},"emcosID":null,"emcosMLID":null,"codMaketTEP":null,"codTEP":null,"WSName":"PS","rangeAddress":"$BK$227:$BK$264","headAddress":"$BK$227","bodyAddress":"$BK$228:$BK$264","_name":"план"}},"emcosID":null,"emcosMLID":null,"codMaketTEP":null,"codTEP":null,"WSName":"PS","rangeAddress":"$BJ$226:$BK$264","headAddress":"$BJ$226:$BK$226","bodyAddress":"$BJ$227:$BK$264","_name":"Генерация Аксу ГЭС"},"DB":{"_level":0,"parentID":"234ea274-bfe4-4c72-8382-7f11a2dc1bd1","firstParentID":"234ea274-bfe4-4c72-8382-7f11a2dc1bd1","ID":"c953bc49-a12d-4975-98ce-da32fcb4dca1","childs":{"отдача":{"_level":1,"parentID":"c953bc49-a12d-4975-98ce-da32fcb4dca1","firstParentID":"234ea274-bfe4-4c72-8382-7f11a2dc1bd1","ID":"55aba645-3c25-47fb-83c4-cfcc8e6d0901","childs":{"код":{"_level":2,"parentID":"55aba645-3c25-47fb-83c4-cfcc8e6d0901","firstParentID":"234ea274-bfe4-4c72-8382-7f11a2dc1bd1","ID":"634e793b-9a14-4603-a727-29b32f33475e","childs":null,"emcosID":null,"emcosMLID":null,"codMaketTEP":null,"codTEP":null,"WSName":"DB","rangeAddress":"$H$181:$H$218","headAddress":"$H$181","bodyAddress":"$H$182:$H$218","_name":"код"},"основное":{"_level":2,"parentID":"55aba645-3c25-47fb-83c4-cfcc8e6d0901","firstParentID":"234ea274-bfe4-4c72-8382-7f11a2dc1bd1","ID":"31966a3b-1c28-4926-8ec4-27884c9d49a1","childs":null,"emcosID":null,"emcosMLID":null,"codMaketTEP":null,"codTEP":null,"WSName":"DB","rangeAddress":"$I$181:$I$218","headAddress":"$I$181","bodyAddress":"$I$182:$I$218","_name":"основное"},"корректировка факт":{"_level":2,"parentID":"55aba645-3c25-47fb-83c4-cfcc8e6d0901","firstParentID":"234ea274-bfe4-4c72-8382-7f11a2dc1bd1","ID":"ba02bfa1-2237-404b-83f6-5d75c8d7c525","childs":null,"emcosID":null,"emcosMLID":null,"codMaketTEP":null,"codTEP":null,"WSName":"DB","rangeAddress":"$J$181:$J$218","headAddress":"$J$181","bodyAddress":"$J$182:$J$218","_name":"корректировка факт"},"ручное":{"_level":2,"parentID":"55aba645-3c25-47fb-83c4-cfcc8e6d0901","firstParentID":"234ea274-bfe4-4c72-8382-7f11a2dc1bd1","ID":"8522eaca-b953-4121-b661-9f463841d7a1","childs":null,"emcosID":null,"emcosMLID":null,"codMaketTEP":null,"codTEP":null,"WSName":"DB","rangeAddress":"$K$181:$K$218","headAddress":"$K$181","bodyAddress":"$K$182:$K$218","_name":"ручное"},"формула":{"_level":2,"parentID":"55aba645-3c25-47fb-83c4-cfcc8e6d0901","firstParentID":"234ea274-bfe4-4c72-8382-7f11a2dc1bd1","ID":"13f8ac5d-a543-401a-900d-5461baa98ed7","childs":null,"emcosID":null,"emcosMLID":null,"codMaketTEP":null,"codTEP":null,"WSName":"DB","rangeAddress":"$L$181:$L$218","headAddress":"$L$181","bodyAddress":"$L$182:$L$218","_name":"формула"},"по плану":{"_level":2,"parentID":"55aba645-3c25-47fb-83c4-cfcc8e6d0901","firstParentID":"234ea274-bfe4-4c72-8382-7f11a2dc1bd1","ID":"fc91a389-579c-4ee2-a2d9-fdf1b318cb89","childs":null,"emcosID":null,"emcosMLID":null,"codMaketTEP":null,"codTEP":null,"WSName":"DB","rangeAddress":"$M$181:$M$218","headAddress":"$M$181","bodyAddress":"$M$182:$M$218","_name":"по плану"}},"emcosID":null,"emcosMLID":null,"codMaketTEP":null,"codTEP":null,"WSName":"DB","rangeAddress":"$H$180:$M$218","headAddress":"$H$180:$M$180","bodyAddress":"$H$181:$M$218","_name":"отдача"},"план":{"_level":1,"parentID":"c953bc49-a12d-4975-98ce-da32fcb4dca1","firstParentID":"234ea274-bfe4-4c72-8382-7f11a2dc1bd1","ID":"7dbfb3f0-0a94-4597-92e0-415bf91b7188","childs":{"код":{"_level":2,"parentID":"7dbfb3f0-0a94-4597-92e0-415bf91b7188","firstParentID":"234ea274-bfe4-4c72-8382-7f11a2dc1bd1","ID":"b6f0b79a-50b7-4d16-afe7-cfb7d5529546","childs":null,"emcosID":null,"emcosMLID":null,"codMaketTEP":null,"codTEP":null,"WSName":"DB","rangeAddress":"$N$181:$N$218","headAddress":"$N$181","bodyAddress":"$N$182:$N$218","_name":"код"},"основное":{"_level":2,"parentID":"7dbfb3f0-0a94-4597-92e0-415bf91b7188","firstParentID":"234ea274-bfe4-4c72-8382-7f11a2dc1bd1","ID":"64074c3a-90e9-4ac7-9d92-c346f99d7d9f","childs":null,"emcosID":null,"emcosMLID":null,"codMaketTEP":null,"codTEP":null,"WSName":"DB","rangeAddress":"$O$181:$O$218","headAddress":"$O$181","bodyAddress":"$O$182:$O$218","_name":"основное"},"заявка":{"_level":2,"parentID":"7dbfb3f0-0a94-4597-92e0-415bf91b7188","firstParentID":"234ea274-bfe4-4c72-8382-7f11a2dc1bd1","ID":"ae119b70-6f07-488e-904b-68b238c1c4df","childs":null,"emcosID":null,"emcosMLID":null,"codMaketTEP":null,"codTEP":null,"WSName":"DB","rangeAddress":"$P$181:$P$218","headAddress":"$P$181","bodyAddress":"$P$182:$P$218","_name":"заявка"},"утвержденный":{"_level":2,"parentID":"7dbfb3f0-0a94-4597-92e0-415bf91b7188","firstParentID":"234ea274-bfe4-4c72-8382-7f11a2dc1bd1","ID":"6d28eaeb-1ab1-4d48-828c-96c27a53e080","childs":null,"emcosID":null,"emcosMLID":null,"codMaketTEP":null,"codTEP":null,"WSName":"DB","rangeAddress":"$Q$181:$Q$218","headAddress":"$Q$181","bodyAddress":"$Q$182:$Q$218","_name":"утвержденный"},"корректировка":{"_level":2,"parentID":"7dbfb3f0-0a94-4597-92e0-415bf91b7188","firstParentID":"234ea274-bfe4-4c72-8382-7f11a2dc1bd1","ID":"b777b565-dfea-4376-a472-982a02cc46ee","childs":null,"emcosID":null,"emcosMLID":null,"codMaketTEP":null,"codTEP":null,"WSName":"DB","rangeAddress":"$R$181:$R$218","headAddress":"$R$181","bodyAddress":"$R$182:$R$218","_name":"корректировка"}},"emcosID":null,"emcosMLID":null,"codMaketTEP":null,"codTEP":null,"WSName":"DB","rangeAddress":"$N$180:$R$218","headAddress":"$N$180:$R$180","bodyAddress":"$N$181:$R$218","_name":"план"}},"emcosID":null,"emcosMLID":null,"codMaketTEP":null,"codTEP":null,"WSName":"DB","rangeAddress":"$H$179:$R$218","headAddress":"$H$179:$R$179","bodyAddress":"$H$180:$R$218","_name":"Генерация Аксу ГЭС"}},"codPlan":62,"meterCoef":null,"_name":"Генерация Аксу ГЭС"}