{"ID":"3ade63a5-d13d-4513-8ee2-3c996fc04809","childs":{"PS":{"_level":0,"parentID":"3ade63a5-d13d-4513-8ee2-3c996fc04809","firstParentID":"3ade63a5-d13d-4513-8ee2-3c996fc04809","ID":"9a872e41-3a0c-40a6-93aa-da17531acff5","childs":{"прием":{"_level":1,"parentID":"9a872e41-3a0c-40a6-93aa-da17531acff5","firstParentID":"3ade63a5-d13d-4513-8ee2-3c996fc04809","ID":"9cc3d1a1-3ff2-4752-8a78-9236f69efedf","childs":{"формула":{"_level":2,"parentID":"9cc3d1a1-3ff2-4752-8a78-9236f69efedf","firstParentID":"3ade63a5-d13d-4513-8ee2-3c996fc04809","ID":"c1fe94e1-2013-4e97-bb27-0996da8f9b57","childs":null,"emcosID":null,"emcosMLID":null,"codMaketTEP":null,"codTEP":null,"WSName":"PS","rangeAddress":"$E$13:$E$49","headAddress":"$E$13","bodyAddress":"$E$14:$E$49","_name":"формула"}},"emcosID":null,"emcosMLID":null,"codMaketTEP":1401,"codTEP":null,"WSName":"PS","rangeAddress":"$E$12:$E$49","headAddress":"$E$12","bodyAddress":"$E$13:$E$49","_name":"прием"},"план":{"_level":1,"parentID":"9a872e41-3a0c-40a6-93aa-da17531acff5","firstParentID":"3ade63a5-d13d-4513-8ee2-3c996fc04809","ID":"164b8280-7a69-42d8-96da-de8318ceb062","childs":{"заявка":{"_level":2,"parentID":"164b8280-7a69-42d8-96da-de8318ceb062","firstParentID":"3ade63a5-d13d-4513-8ee2-3c996fc04809","ID":"ceecb64b-8990-4a60-91d6-3757a0b82885","childs":null,"emcosID":null,"emcosMLID":null,"codMaketTEP":null,"codTEP":null,"WSName":"PS","rangeAddress":"$F$13:$F$49","headAddress":"$F$13","bodyAddress":"$F$14:$F$49","_name":"заявка"}},"emcosID":null,"emcosMLID":null,"codMaketTEP":null,"codTEP":null,"WSName":"PS","rangeAddress":"$F$12:$F$49","headAddress":"$F$12","bodyAddress":"$F$13:$F$49","_name":"план"}},"emcosID":null,"emcosMLID":null,"codMaketTEP":null,"codTEP":null,"WSName":"PS","rangeAddress":"$E$11:$F$49","headAddress":"$E$11:$F$11","bodyAddress":"$E$12:$F$49","_name":"Потребление Жетысуского Энергоузла Общее"},"DB":{"_level":0,"parentID":"3ade63a5-d13d-4513-8ee2-3c996fc04809","firstParentID":"3ade63a5-d13d-4513-8ee2-3c996fc04809","ID":"fa2529d1-8a64-4591-83d5-16f36b85fe29","childs":{"прием":{"_level":1,"parentID":"fa2529d1-8a64-4591-83d5-16f36b85fe29","firstParentID":"3ade63a5-d13d-4513-8ee2-3c996fc04809","ID":"f2fc0d86-310c-49e4-90ed-588e06423488","childs":{"код":{"_level":2,"parentID":"f2fc0d86-310c-49e4-90ed-588e06423488","firstParentID":"3ade63a5-d13d-4513-8ee2-3c996fc04809","ID":"877b38f5-ea16-40f3-8802-8315d31cbc8c","childs":null,"emcosID":null,"emcosMLID":null,"codMaketTEP":null,"codTEP":null,"WSName":"DB","rangeAddress":"$FW$138:$FW$175","headAddress":"$FW$138","bodyAddress":"$FW$139:$FW$175","_name":"код"},"основное":{"_level":2,"parentID":"f2fc0d86-310c-49e4-90ed-588e06423488","firstParentID":"3ade63a5-d13d-4513-8ee2-3c996fc04809","ID":"3528f213-2395-45f4-bed4-27badf442c23","childs":null,"emcosID":null,"emcosMLID":null,"codMaketTEP":null,"codTEP":null,"WSName":"DB","rangeAddress":"$FX$138:$FX$175","headAddress":"$FX$138","bodyAddress":"$FX$139:$FX$175","_name":"основное"},"корректировка факт":{"_level":2,"parentID":"f2fc0d86-310c-49e4-90ed-588e06423488","firstParentID":"3ade63a5-d13d-4513-8ee2-3c996fc04809","ID":"cba7a376-694c-4f2f-a27d-d870919bd7d3","childs":null,"emcosID":null,"emcosMLID":null,"codMaketTEP":null,"codTEP":null,"WSName":"DB","rangeAddress":"$FY$138:$FY$175","headAddress":"$FY$138","bodyAddress":"$FY$139:$FY$175","_name":"корректировка факт"},"ручное":{"_level":2,"parentID":"f2fc0d86-310c-49e4-90ed-588e06423488","firstParentID":"3ade63a5-d13d-4513-8ee2-3c996fc04809","ID":"c7b62460-474b-448a-93a7-4c7a77eb016a","childs":null,"emcosID":null,"emcosMLID":null,"codMaketTEP":null,"codTEP":null,"WSName":"DB","rangeAddress":"$FZ$138:$FZ$175","headAddress":"$FZ$138","bodyAddress":"$FZ$139:$FZ$175","_name":"ручное"},"формула":{"_level":2,"parentID":"f2fc0d86-310c-49e4-90ed-588e06423488","firstParentID":"3ade63a5-d13d-4513-8ee2-3c996fc04809","ID":"270c0de1-7539-451f-9883-8a1fca2cd6a6","childs":null,"emcosID":null,"emcosMLID":null,"codMaketTEP":null,"codTEP":null,"WSName":"DB","rangeAddress":"$GA$138:$GA$175","headAddress":"$GA$138","bodyAddress":"$GA$139:$GA$175","_name":"формула"},"по плану":{"_level":2,"parentID":"f2fc0d86-310c-49e4-90ed-588e06423488","firstParentID":"3ade63a5-d13d-4513-8ee2-3c996fc04809","ID":"2e9a60b5-1ccb-4824-949f-3c762e465126","childs":null,"emcosID":null,"emcosMLID":null,"codMaketTEP":null,"codTEP":null,"WSName":"DB","rangeAddress":"$GB$138:$GB$175","headAddress":"$GB$138","bodyAddress":"$GB$139:$GB$175","_name":"по плану"}},"emcosID":null,"emcosMLID":null,"codMaketTEP":null,"codTEP":null,"WSName":"DB","rangeAddress":"$FW$137:$GB$175","headAddress":"$FW$137:$GB$137","bodyAddress":"$FW$138:$GB$175","_name":"прием"},"план":{"_level":1,"parentID":"fa2529d1-8a64-4591-83d5-16f36b85fe29","firstParentID":"3ade63a5-d13d-4513-8ee2-3c996fc04809","ID":"f3c14b48-50ef-4f5d-bd32-ede73a9d8f6c","childs":{"код":{"_level":2,"parentID":"f3c14b48-50ef-4f5d-bd32-ede73a9d8f6c","firstParentID":"3ade63a5-d13d-4513-8ee2-3c996fc04809","ID":"6b26df64-20fb-4bb3-a77c-62bea868b534","childs":null,"emcosID":null,"emcosMLID":null,"codMaketTEP":null,"codTEP":null,"WSName":"DB","rangeAddress":"$GC$138:$GC$175","headAddress":"$GC$138","bodyAddress":"$GC$139:$GC$175","_name":"код"},"основное":{"_level":2,"parentID":"f3c14b48-50ef-4f5d-bd32-ede73a9d8f6c","firstParentID":"3ade63a5-d13d-4513-8ee2-3c996fc04809","ID":"57ca0a45-a9a6-4b72-9907-3c8d6c154058","childs":null,"emcosID":null,"emcosMLID":null,"codMaketTEP":null,"codTEP":null,"WSName":"DB","rangeAddress":"$GD$138:$GD$175","headAddress":"$GD$138","bodyAddress":"$GD$139:$GD$175","_name":"основное"},"заявка":{"_level":2,"parentID":"f3c14b48-50ef-4f5d-bd32-ede73a9d8f6c","firstParentID":"3ade63a5-d13d-4513-8ee2-3c996fc04809","ID":"91f2e92f-29ed-4949-9b93-38ed4b530112","childs":null,"emcosID":null,"emcosMLID":null,"codMaketTEP":null,"codTEP":null,"WSName":"DB","rangeAddress":"$GE$138:$GE$175","headAddress":"$GE$138","bodyAddress":"$GE$139:$GE$175","_name":"заявка"},"утвержденный":{"_level":2,"parentID":"f3c14b48-50ef-4f5d-bd32-ede73a9d8f6c","firstParentID":"3ade63a5-d13d-4513-8ee2-3c996fc04809","ID":"b8efbc12-e8f4-4e40-8b3a-589ca1542974","childs":null,"emcosID":null,"emcosMLID":null,"codMaketTEP":null,"codTEP":null,"WSName":"DB","rangeAddress":"$GF$138:$GF$175","headAddress":"$GF$138","bodyAddress":"$GF$139:$GF$175","_name":"утвержденный"},"корректировка":{"_level":2,"parentID":"f3c14b48-50ef-4f5d-bd32-ede73a9d8f6c","firstParentID":"3ade63a5-d13d-4513-8ee2-3c996fc04809","ID":"1af41c8c-0151-469f-bbcb-85df1002bb8f","childs":null,"emcosID":null,"emcosMLID":null,"codMaketTEP":null,"codTEP":null,"WSName":"DB","rangeAddress":"$GG$138:$GG$175","headAddress":"$GG$138","bodyAddress":"$GG$139:$GG$175","_name":"корректировка"}},"emcosID":null,"emcosMLID":null,"codMaketTEP":null,"codTEP":null,"WSName":"DB","rangeAddress":"$GC$137:$GG$175","headAddress":"$GC$137:$GG$137","bodyAddress":"$GC$138:$GG$175","_name":"план"}},"emcosID":null,"emcosMLID":null,"codMaketTEP":null,"codTEP":null,"WSName":"DB","rangeAddress":"$FW$136:$GG$175","headAddress":"$FW$136:$GG$136","bodyAddress":"$FW$137:$GG$175","_name":"Потребление Жетысуского Энергоузла Общее"}},"codPlan":17,"meterCoef":null,"_name":"Потребление Жетысуского Энергоузла Общее"}