{"ID":"5b28f1a0-10e4-4d12-bbd6-a9fea58e1baf","childs":{"PS":{"_level":0,"parentID":"5b28f1a0-10e4-4d12-bbd6-a9fea58e1baf","firstParentID":"5b28f1a0-10e4-4d12-bbd6-a9fea58e1baf","ID":"ce009955-095b-4dd7-8989-c4f65c0bc6ca","childs":{"отдача":{"_level":1,"parentID":"ce009955-095b-4dd7-8989-c4f65c0bc6ca","firstParentID":"5b28f1a0-10e4-4d12-bbd6-a9fea58e1baf","ID":"2c423fbd-b44c-4d88-a97e-792c59b9679d","childs":{"оперативное":{"_level":2,"parentID":"2c423fbd-b44c-4d88-a97e-792c59b9679d","firstParentID":"5b28f1a0-10e4-4d12-bbd6-a9fea58e1baf","ID":"cb221b66-4cd7-4416-8aeb-810d564ff7c8","childs":null,"emcosID":null,"emcosMLID":null,"codMaketTEP":null,"codTEP":null,"WSName":"PS","rangeAddress":"$CF$185:$CF$221","headAddress":"$CF$185","bodyAddress":"$CF$186:$CF$221","_name":"оперативное"}},"emcosID":null,"emcosMLID":null,"codMaketTEP":null,"codTEP":null,"WSName":"PS","rangeAddress":"$CF$184:$CF$221","headAddress":"$CF$184","bodyAddress":"$CF$185:$CF$221","_name":"отдача"}},"emcosID":null,"emcosMLID":null,"codMaketTEP":null,"codTEP":null,"WSName":"PS","rangeAddress":"$CF$183:$CF$221","headAddress":"$CF$183","bodyAddress":"$CF$184:$CF$221","_name":"ОС Капчагайская ГЭС АлЭС"},"DB":{"_level":0,"parentID":"5b28f1a0-10e4-4d12-bbd6-a9fea58e1baf","firstParentID":"5b28f1a0-10e4-4d12-bbd6-a9fea58e1baf","ID":"967f0840-1f71-44fd-8e35-d734877f2ccc","childs":{"отдача":{"_level":1,"parentID":"967f0840-1f71-44fd-8e35-d734877f2ccc","firstParentID":"5b28f1a0-10e4-4d12-bbd6-a9fea58e1baf","ID":"fbbf0275-5452-49bc-ad34-be1b8a13eef4","childs":{"код":{"_level":2,"parentID":"fbbf0275-5452-49bc-ad34-be1b8a13eef4","firstParentID":"5b28f1a0-10e4-4d12-bbd6-a9fea58e1baf","ID":"d54b5b54-521c-48cc-8f46-dcbbd4164cca","childs":null,"emcosID":null,"emcosMLID":null,"codMaketTEP":null,"codTEP":null,"WSName":"DB","rangeAddress":"$FS$353:$FS$390","headAddress":"$FS$353","bodyAddress":"$FS$354:$FS$390","_name":"код"},"основное":{"_level":2,"parentID":"fbbf0275-5452-49bc-ad34-be1b8a13eef4","firstParentID":"5b28f1a0-10e4-4d12-bbd6-a9fea58e1baf","ID":"760e5ec0-1f55-49c6-b146-4be28570abcd","childs":null,"emcosID":null,"emcosMLID":null,"codMaketTEP":null,"codTEP":null,"WSName":"DB","rangeAddress":"$FT$353:$FT$390","headAddress":"$FT$353","bodyAddress":"$FT$354:$FT$390","_name":"основное"},"корректировка факт":{"_level":2,"parentID":"fbbf0275-5452-49bc-ad34-be1b8a13eef4","firstParentID":"5b28f1a0-10e4-4d12-bbd6-a9fea58e1baf","ID":"1f844fcb-6c4c-46cd-92fb-d13dfd059d51","childs":null,"emcosID":null,"emcosMLID":null,"codMaketTEP":null,"codTEP":null,"WSName":"DB","rangeAddress":"$FU$353:$FU$390","headAddress":"$FU$353","bodyAddress":"$FU$354:$FU$390","_name":"корректировка факт"},"ручное":{"_level":2,"parentID":"fbbf0275-5452-49bc-ad34-be1b8a13eef4","firstParentID":"5b28f1a0-10e4-4d12-bbd6-a9fea58e1baf","ID":"7db34ae8-ed59-4067-9024-8a363233aa3a","childs":null,"emcosID":null,"emcosMLID":null,"codMaketTEP":null,"codTEP":null,"WSName":"DB","rangeAddress":"$FV$353:$FV$390","headAddress":"$FV$353","bodyAddress":"$FV$354:$FV$390","_name":"ручное"},"оперативное":{"_level":2,"parentID":"fbbf0275-5452-49bc-ad34-be1b8a13eef4","firstParentID":"5b28f1a0-10e4-4d12-bbd6-a9fea58e1baf","ID":"dc354790-c66d-4e57-9b83-59bafc39b8f1","childs":null,"emcosID":null,"emcosMLID":null,"codMaketTEP":null,"codTEP":null,"WSName":"DB","rangeAddress":"$FW$353:$FW$390","headAddress":"$FW$353","bodyAddress":"$FW$354:$FW$390","_name":"оперативное"}},"emcosID":null,"emcosMLID":null,"codMaketTEP":null,"codTEP":null,"WSName":"DB","rangeAddress":"$FS$352:$FW$390","headAddress":"$FS$352:$FW$352","bodyAddress":"$FS$353:$FW$390","_name":"отдача"}},"emcosID":null,"emcosMLID":null,"codMaketTEP":null,"codTEP":null,"WSName":"DB","rangeAddress":"$FS$351:$FW$390","headAddress":"$FS$351:$FW$351","bodyAddress":"$FS$352:$FW$390","_name":"ОС Капчагайская ГЭС АлЭС"}},"codPlan":null,"meterCoef":null,"_name":"ОС Капчагайская ГЭС АлЭС"}