{"ID":"82c6411d-614a-4e16-a626-a8149218bb20","childs":{"PS":{"_level":0,"parentID":"82c6411d-614a-4e16-a626-a8149218bb20","firstParentID":"82c6411d-614a-4e16-a626-a8149218bb20","ID":"96c9cb08-96f1-4fcc-9b35-edc18fadba41","childs":{"прием":{"_level":1,"parentID":"96c9cb08-96f1-4fcc-9b35-edc18fadba41","firstParentID":"82c6411d-614a-4e16-a626-a8149218bb20","ID":"bbc7b0fc-ddfb-4e5f-af4a-5d2cb262cf17","childs":{"ручное":{"_level":2,"parentID":"bbc7b0fc-ddfb-4e5f-af4a-5d2cb262cf17","firstParentID":"82c6411d-614a-4e16-a626-a8149218bb20","ID":"68652d1d-52cc-4d99-b8f9-23d4bf95201e","childs":null,"emcosID":null,"emcosMLID":null,"codMaketTEP":null,"codTEP":null,"WSName":"PS","rangeAddress":"$BJ$185:$BJ$221","headAddress":"$BJ$185","bodyAddress":"$BJ$186:$BJ$221","_name":"ручное"}},"emcosID":null,"emcosMLID":null,"codMaketTEP":1379,"codTEP":null,"WSName":"PS","rangeAddress":"$BJ$184:$BJ$221","headAddress":"$BJ$184","bodyAddress":"$BJ$185:$BJ$221","_name":"прием"}},"emcosID":null,"emcosMLID":null,"codMaketTEP":null,"codTEP":null,"WSName":"PS","rangeAddress":"$BJ$183:$BJ$221","headAddress":"$BJ$183","bodyAddress":"$BJ$184:$BJ$221","_name":"Потребление EXPO ENERGY KZ"},"DB":{"_level":0,"parentID":"82c6411d-614a-4e16-a626-a8149218bb20","firstParentID":"82c6411d-614a-4e16-a626-a8149218bb20","ID":"0f2e0a4d-dd9b-43ce-acce-2c85dd28b820","childs":{"прием":{"_level":1,"parentID":"0f2e0a4d-dd9b-43ce-acce-2c85dd28b820","firstParentID":"82c6411d-614a-4e16-a626-a8149218bb20","ID":"e428bec5-3a62-4524-a7af-f5a01eafc82b","childs":{"код":{"_level":2,"parentID":"e428bec5-3a62-4524-a7af-f5a01eafc82b","firstParentID":"82c6411d-614a-4e16-a626-a8149218bb20","ID":"8eaffe54-b0ac-40e5-b1f0-f668788f1e14","childs":null,"emcosID":null,"emcosMLID":null,"codMaketTEP":null,"codTEP":null,"WSName":"DB","rangeAddress":"$O$568:$O$605","headAddress":"$O$568","bodyAddress":"$O$569:$O$605","_name":"код"},"основное":{"_level":2,"parentID":"e428bec5-3a62-4524-a7af-f5a01eafc82b","firstParentID":"82c6411d-614a-4e16-a626-a8149218bb20","ID":"a37a8478-c02c-434a-a094-d277d25a7ca8","childs":null,"emcosID":null,"emcosMLID":null,"codMaketTEP":null,"codTEP":null,"WSName":"DB","rangeAddress":"$P$568:$P$605","headAddress":"$P$568","bodyAddress":"$P$569:$P$605","_name":"основное"},"корректировка факт":{"_level":2,"parentID":"e428bec5-3a62-4524-a7af-f5a01eafc82b","firstParentID":"82c6411d-614a-4e16-a626-a8149218bb20","ID":"cbc076ca-065f-4b4e-a0a3-c3e3764ea4a1","childs":null,"emcosID":null,"emcosMLID":null,"codMaketTEP":null,"codTEP":null,"WSName":"DB","rangeAddress":"$Q$568:$Q$605","headAddress":"$Q$568","bodyAddress":"$Q$569:$Q$605","_name":"корректировка факт"},"ручное":{"_level":2,"parentID":"e428bec5-3a62-4524-a7af-f5a01eafc82b","firstParentID":"82c6411d-614a-4e16-a626-a8149218bb20","ID":"d11e2e92-7af1-4e6d-baea-aca554c95601","childs":null,"emcosID":null,"emcosMLID":null,"codMaketTEP":null,"codTEP":null,"WSName":"DB","rangeAddress":"$R$568:$R$605","headAddress":"$R$568","bodyAddress":"$R$569:$R$605","_name":"ручное"}},"emcosID":null,"emcosMLID":null,"codMaketTEP":null,"codTEP":null,"WSName":"DB","rangeAddress":"$O$567:$R$605","headAddress":"$O$567:$R$567","bodyAddress":"$O$568:$R$605","_name":"прием"}},"emcosID":null,"emcosMLID":null,"codMaketTEP":null,"codTEP":null,"WSName":"DB","rangeAddress":"$O$566:$R$605","headAddress":"$O$566:$R$566","bodyAddress":"$O$567:$R$605","_name":"Потребление EXPO ENERGY KZ"}},"codPlan":null,"meterCoef":null,"_name":"Потребление EXPO ENERGY KZ"}