{"ID":"8798844b-9224-4839-ad83-632554df62de","childs":{"PS":{"_level":0,"parentID":"8798844b-9224-4839-ad83-632554df62de","firstParentID":"8798844b-9224-4839-ad83-632554df62de","ID":"d4115628-a80f-4e11-b898-a8ab3c7f9556","childs":{"отдача":{"_level":1,"parentID":"d4115628-a80f-4e11-b898-a8ab3c7f9556","firstParentID":"8798844b-9224-4839-ad83-632554df62de","ID":"70b1c27f-9931-4caf-baa3-e209178c6525","childs":{"ручное":{"_level":2,"parentID":"70b1c27f-9931-4caf-baa3-e209178c6525","firstParentID":"8798844b-9224-4839-ad83-632554df62de","ID":"db16b602-3cc4-48a0-a797-cdb25f7b4681","childs":null,"emcosID":null,"emcosMLID":null,"codMaketTEP":null,"codTEP":null,"WSName":"PS","rangeAddress":"$CF$228:$CF$264","headAddress":"$CF$228","bodyAddress":"$CF$229:$CF$264","_name":"ручное"}},"emcosID":null,"emcosMLID":null,"codMaketTEP":1459,"codTEP":null,"WSName":"PS","rangeAddress":"$CF$227:$CF$264","headAddress":"$CF$227","bodyAddress":"$CF$228:$CF$264","_name":"отдача"}},"emcosID":null,"emcosMLID":null,"codMaketTEP":null,"codTEP":null,"WSName":"PS","rangeAddress":"$CF$226:$CF$264","headAddress":"$CF$226","bodyAddress":"$CF$227:$CF$264","_name":"Генерация Саркандская ГЭС"},"DB":{"_level":0,"parentID":"8798844b-9224-4839-ad83-632554df62de","firstParentID":"8798844b-9224-4839-ad83-632554df62de","ID":"a3660ab5-5e64-4edd-9381-3796b7226ee2","childs":{"отдача":{"_level":1,"parentID":"a3660ab5-5e64-4edd-9381-3796b7226ee2","firstParentID":"8798844b-9224-4839-ad83-632554df62de","ID":"d9f14eae-4b11-4ae2-a532-8614a3023ecf","childs":{"код":{"_level":2,"parentID":"d9f14eae-4b11-4ae2-a532-8614a3023ecf","firstParentID":"8798844b-9224-4839-ad83-632554df62de","ID":"b4af2727-4a73-45ee-baa7-0575f3cc8f65","childs":null,"emcosID":null,"emcosMLID":null,"codMaketTEP":null,"codTEP":null,"WSName":"DB","rangeAddress":"$C$267:$C$304","headAddress":"$C$267","bodyAddress":"$C$268:$C$304","_name":"код"},"основное":{"_level":2,"parentID":"d9f14eae-4b11-4ae2-a532-8614a3023ecf","firstParentID":"8798844b-9224-4839-ad83-632554df62de","ID":"f6f977bd-7f98-491b-ac00-5358d1faba9c","childs":null,"emcosID":null,"emcosMLID":null,"codMaketTEP":null,"codTEP":null,"WSName":"DB","rangeAddress":"$D$267:$D$304","headAddress":"$D$267","bodyAddress":"$D$268:$D$304","_name":"основное"},"корректировка факт":{"_level":2,"parentID":"d9f14eae-4b11-4ae2-a532-8614a3023ecf","firstParentID":"8798844b-9224-4839-ad83-632554df62de","ID":"c9971c9a-6a62-4fa8-99f9-dffbbb0a4cb4","childs":null,"emcosID":null,"emcosMLID":null,"codMaketTEP":null,"codTEP":null,"WSName":"DB","rangeAddress":"$E$267:$E$304","headAddress":"$E$267","bodyAddress":"$E$268:$E$304","_name":"корректировка факт"},"ручное":{"_level":2,"parentID":"d9f14eae-4b11-4ae2-a532-8614a3023ecf","firstParentID":"8798844b-9224-4839-ad83-632554df62de","ID":"cae5ce62-a96d-42d9-8040-85bed83cf453","childs":null,"emcosID":null,"emcosMLID":null,"codMaketTEP":null,"codTEP":null,"WSName":"DB","rangeAddress":"$F$267:$F$304","headAddress":"$F$267","bodyAddress":"$F$268:$F$304","_name":"ручное"}},"emcosID":null,"emcosMLID":null,"codMaketTEP":null,"codTEP":null,"WSName":"DB","rangeAddress":"$C$266:$F$304","headAddress":"$C$266:$F$266","bodyAddress":"$C$267:$F$304","_name":"отдача"}},"emcosID":null,"emcosMLID":null,"codMaketTEP":null,"codTEP":null,"WSName":"DB","rangeAddress":"$C$265:$F$304","headAddress":"$C$265:$F$265","bodyAddress":"$C$266:$F$304","_name":"Генерация Саркандская ГЭС"}},"codPlan":null,"meterCoef":null,"_name":"Генерация Саркандская ГЭС"}