{"ID":"9a38ce75-f7b6-41b2-9bf8-08044b508f39","childs":{"PS":{"_level":0,"parentID":"9a38ce75-f7b6-41b2-9bf8-08044b508f39","firstParentID":"9a38ce75-f7b6-41b2-9bf8-08044b508f39","ID":"f8012fb7-dd7a-4a66-a461-bdc3af39fccf","childs":{"прием":{"_level":1,"parentID":"f8012fb7-dd7a-4a66-a461-bdc3af39fccf","firstParentID":"9a38ce75-f7b6-41b2-9bf8-08044b508f39","ID":"7d81f73c-ef94-4336-b6d6-dd411c632ec7","childs":{"ручное":{"_level":2,"parentID":"7d81f73c-ef94-4336-b6d6-dd411c632ec7","firstParentID":"9a38ce75-f7b6-41b2-9bf8-08044b508f39","ID":"b30d8241-31b8-427e-b430-4c2838035993","childs":null,"emcosID":null,"emcosMLID":null,"codMaketTEP":null,"codTEP":null,"WSName":"PS","rangeAddress":"$T$142:$T$178","headAddress":"$T$142","bodyAddress":"$T$143:$T$178","_name":"ручное"}},"emcosID":null,"emcosMLID":null,"codMaketTEP":null,"codTEP":null,"WSName":"PS","rangeAddress":"$T$141:$T$178","headAddress":"$T$141","bodyAddress":"$T$142:$T$178","_name":"прием"},"отдача":{"_level":1,"parentID":"f8012fb7-dd7a-4a66-a461-bdc3af39fccf","firstParentID":"9a38ce75-f7b6-41b2-9bf8-08044b508f39","ID":"d8704068-90f8-42aa-a462-fe0434ba391b","childs":{"ручное":{"_level":2,"parentID":"d8704068-90f8-42aa-a462-fe0434ba391b","firstParentID":"9a38ce75-f7b6-41b2-9bf8-08044b508f39","ID":"d93479e3-3269-43ba-926d-f107c91ab235","childs":null,"emcosID":null,"emcosMLID":null,"codMaketTEP":null,"codTEP":null,"WSName":"PS","rangeAddress":"$U$142:$U$178","headAddress":"$U$142","bodyAddress":"$U$143:$U$178","_name":"ручное"}},"emcosID":null,"emcosMLID":null,"codMaketTEP":null,"codTEP":null,"WSName":"PS","rangeAddress":"$U$141:$U$178","headAddress":"$U$141","bodyAddress":"$U$142:$U$178","_name":"отдача"}},"emcosID":null,"emcosMLID":null,"codMaketTEP":null,"codTEP":null,"WSName":"PS","rangeAddress":"$T$140:$U$178","headAddress":"$T$140:$U$140","bodyAddress":"$T$141:$U$178","_name":"Л154 РУ ТТЭЦ2"},"DB":{"_level":0,"parentID":"9a38ce75-f7b6-41b2-9bf8-08044b508f39","firstParentID":"9a38ce75-f7b6-41b2-9bf8-08044b508f39","ID":"8533d185-2198-4137-b324-73fa93520ebc","childs":{"прием":{"_level":1,"parentID":"8533d185-2198-4137-b324-73fa93520ebc","firstParentID":"9a38ce75-f7b6-41b2-9bf8-08044b508f39","ID":"813b63ad-3689-4bef-95a4-7f2f978d7d7b","childs":{"код":{"_level":2,"parentID":"813b63ad-3689-4bef-95a4-7f2f978d7d7b","firstParentID":"9a38ce75-f7b6-41b2-9bf8-08044b508f39","ID":"4ccf8f5c-085a-4afb-b454-aabda6e874bb","childs":null,"emcosID":null,"emcosMLID":null,"codMaketTEP":null,"codTEP":null,"WSName":"DB","rangeAddress":"$DP$310:$DP$347","headAddress":"$DP$310","bodyAddress":"$DP$311:$DP$347","_name":"код"},"основное":{"_level":2,"parentID":"813b63ad-3689-4bef-95a4-7f2f978d7d7b","firstParentID":"9a38ce75-f7b6-41b2-9bf8-08044b508f39","ID":"10447fa0-b6ed-43c7-ab1b-50b0e7476ddf","childs":null,"emcosID":null,"emcosMLID":null,"codMaketTEP":null,"codTEP":null,"WSName":"DB","rangeAddress":"$DQ$310:$DQ$347","headAddress":"$DQ$310","bodyAddress":"$DQ$311:$DQ$347","_name":"основное"},"корректировка факт":{"_level":2,"parentID":"813b63ad-3689-4bef-95a4-7f2f978d7d7b","firstParentID":"9a38ce75-f7b6-41b2-9bf8-08044b508f39","ID":"86aad86b-7f01-40d7-a076-e86a87ed4827","childs":null,"emcosID":null,"emcosMLID":null,"codMaketTEP":null,"codTEP":null,"WSName":"DB","rangeAddress":"$DR$310:$DR$347","headAddress":"$DR$310","bodyAddress":"$DR$311:$DR$347","_name":"корректировка факт"},"ручное":{"_level":2,"parentID":"813b63ad-3689-4bef-95a4-7f2f978d7d7b","firstParentID":"9a38ce75-f7b6-41b2-9bf8-08044b508f39","ID":"31881362-2322-4402-891b-8afdcd526599","childs":null,"emcosID":null,"emcosMLID":null,"codMaketTEP":null,"codTEP":null,"WSName":"DB","rangeAddress":"$DS$310:$DS$347","headAddress":"$DS$310","bodyAddress":"$DS$311:$DS$347","_name":"ручное"}},"emcosID":null,"emcosMLID":null,"codMaketTEP":null,"codTEP":null,"WSName":"DB","rangeAddress":"$DP$309:$DS$347","headAddress":"$DP$309:$DS$309","bodyAddress":"$DP$310:$DS$347","_name":"прием"},"отдача":{"_level":1,"parentID":"8533d185-2198-4137-b324-73fa93520ebc","firstParentID":"9a38ce75-f7b6-41b2-9bf8-08044b508f39","ID":"c55f6c85-79c5-4c15-aef2-660f9825026b","childs":{"код":{"_level":2,"parentID":"c55f6c85-79c5-4c15-aef2-660f9825026b","firstParentID":"9a38ce75-f7b6-41b2-9bf8-08044b508f39","ID":"8cbdf9a1-1e75-46cb-87f4-5540b4993870","childs":null,"emcosID":null,"emcosMLID":null,"codMaketTEP":null,"codTEP":null,"WSName":"DB","rangeAddress":"$DT$310:$DT$347","headAddress":"$DT$310","bodyAddress":"$DT$311:$DT$347","_name":"код"},"основное":{"_level":2,"parentID":"c55f6c85-79c5-4c15-aef2-660f9825026b","firstParentID":"9a38ce75-f7b6-41b2-9bf8-08044b508f39","ID":"4f49b7a5-4832-440e-99cb-a4dedd7257de","childs":null,"emcosID":null,"emcosMLID":null,"codMaketTEP":null,"codTEP":null,"WSName":"DB","rangeAddress":"$DU$310:$DU$347","headAddress":"$DU$310","bodyAddress":"$DU$311:$DU$347","_name":"основное"},"корректировка факт":{"_level":2,"parentID":"c55f6c85-79c5-4c15-aef2-660f9825026b","firstParentID":"9a38ce75-f7b6-41b2-9bf8-08044b508f39","ID":"5bfcda45-f244-4a5d-b43c-db88a9cd33f1","childs":null,"emcosID":null,"emcosMLID":null,"codMaketTEP":null,"codTEP":null,"WSName":"DB","rangeAddress":"$DV$310:$DV$347","headAddress":"$DV$310","bodyAddress":"$DV$311:$DV$347","_name":"корректировка факт"},"ручное":{"_level":2,"parentID":"c55f6c85-79c5-4c15-aef2-660f9825026b","firstParentID":"9a38ce75-f7b6-41b2-9bf8-08044b508f39","ID":"829b247b-3a4d-405c-9f69-9e729b7be077","childs":null,"emcosID":null,"emcosMLID":null,"codMaketTEP":null,"codTEP":null,"WSName":"DB","rangeAddress":"$DW$310:$DW$347","headAddress":"$DW$310","bodyAddress":"$DW$311:$DW$347","_name":"ручное"}},"emcosID":null,"emcosMLID":null,"codMaketTEP":null,"codTEP":null,"WSName":"DB","rangeAddress":"$DT$309:$DW$347","headAddress":"$DT$309:$DW$309","bodyAddress":"$DT$310:$DW$347","_name":"отдача"}},"emcosID":null,"emcosMLID":null,"codMaketTEP":null,"codTEP":null,"WSName":"DB","rangeAddress":"$DP$308:$DW$347","headAddress":"$DP$308:$DW$308","bodyAddress":"$DP$309:$DW$347","_name":"Л154 РУ ТТЭЦ2"}},"codPlan":null,"meterCoef":null,"_name":"Л154 РУ ТТЭЦ2"}