{"ID":"b1d4bc0e-d770-49ad-ab51-5ace981dcf2f","childs":{"PS":{"_level":0,"parentID":"b1d4bc0e-d770-49ad-ab51-5ace981dcf2f","firstParentID":"b1d4bc0e-d770-49ad-ab51-5ace981dcf2f","ID":"a9be7cef-5162-4a30-975a-a2e24554a75f","childs":{"отдача":{"_level":1,"parentID":"a9be7cef-5162-4a30-975a-a2e24554a75f","firstParentID":"b1d4bc0e-d770-49ad-ab51-5ace981dcf2f","ID":"1d0720cd-5e8a-4323-b044-dbdcf5b2e7ed","childs":{"ручное":{"_level":2,"parentID":"1d0720cd-5e8a-4323-b044-dbdcf5b2e7ed","firstParentID":"b1d4bc0e-d770-49ad-ab51-5ace981dcf2f","ID":"e0de5c46-580f-4a05-9849-9ff0155f5edb","childs":null,"emcosID":null,"emcosMLID":null,"codMaketTEP":null,"codTEP":null,"WSName":"PS","rangeAddress":"$BV$228:$BV$264","headAddress":"$BV$228","bodyAddress":"$BV$229:$BV$264","_name":"ручное"}},"emcosID":null,"emcosMLID":null,"codMaketTEP":null,"codTEP":null,"WSName":"PS","rangeAddress":"$BV$227:$BV$264","headAddress":"$BV$227","bodyAddress":"$BV$228:$BV$264","_name":"отдача"}},"emcosID":null,"emcosMLID":null,"codMaketTEP":null,"codTEP":null,"WSName":"PS","rangeAddress":"$BV$226:$BV$264","headAddress":"$BV$226","bodyAddress":"$BV$227:$BV$264","_name":"Генерация Чижинская ГЭС"},"DB":{"_level":0,"parentID":"b1d4bc0e-d770-49ad-ab51-5ace981dcf2f","firstParentID":"b1d4bc0e-d770-49ad-ab51-5ace981dcf2f","ID":"cca4892e-3286-4988-9255-f05f466aa894","childs":{"отдача":{"_level":1,"parentID":"cca4892e-3286-4988-9255-f05f466aa894","firstParentID":"b1d4bc0e-d770-49ad-ab51-5ace981dcf2f","ID":"598a71cc-e6b9-49cc-a4c3-4c6b6960ebf1","childs":{"код":{"_level":2,"parentID":"598a71cc-e6b9-49cc-a4c3-4c6b6960ebf1","firstParentID":"b1d4bc0e-d770-49ad-ab51-5ace981dcf2f","ID":"0a4ad0b2-c6bd-44fc-bc93-609fb5973b34","childs":null,"emcosID":null,"emcosMLID":null,"codMaketTEP":null,"codTEP":null,"WSName":"DB","rangeAddress":"$FB$482:$FB$519","headAddress":"$FB$482","bodyAddress":"$FB$483:$FB$519","_name":"код"},"основное":{"_level":2,"parentID":"598a71cc-e6b9-49cc-a4c3-4c6b6960ebf1","firstParentID":"b1d4bc0e-d770-49ad-ab51-5ace981dcf2f","ID":"0ec8f60f-193d-42a6-af8c-3143ab009d52","childs":null,"emcosID":null,"emcosMLID":null,"codMaketTEP":null,"codTEP":null,"WSName":"DB","rangeAddress":"$FC$482:$FC$519","headAddress":"$FC$482","bodyAddress":"$FC$483:$FC$519","_name":"основное"},"корректировка факт":{"_level":2,"parentID":"598a71cc-e6b9-49cc-a4c3-4c6b6960ebf1","firstParentID":"b1d4bc0e-d770-49ad-ab51-5ace981dcf2f","ID":"8b404c2a-e449-425d-9733-8aa7592ef177","childs":null,"emcosID":null,"emcosMLID":null,"codMaketTEP":null,"codTEP":null,"WSName":"DB","rangeAddress":"$FD$482:$FD$519","headAddress":"$FD$482","bodyAddress":"$FD$483:$FD$519","_name":"корректировка факт"},"ручное":{"_level":2,"parentID":"598a71cc-e6b9-49cc-a4c3-4c6b6960ebf1","firstParentID":"b1d4bc0e-d770-49ad-ab51-5ace981dcf2f","ID":"88e52226-89b9-43da-9bd6-ef0edb1fc449","childs":null,"emcosID":null,"emcosMLID":null,"codMaketTEP":null,"codTEP":null,"WSName":"DB","rangeAddress":"$FE$482:$FE$519","headAddress":"$FE$482","bodyAddress":"$FE$483:$FE$519","_name":"ручное"}},"emcosID":null,"emcosMLID":null,"codMaketTEP":null,"codTEP":null,"WSName":"DB","rangeAddress":"$FB$481:$FE$519","headAddress":"$FB$481:$FE$481","bodyAddress":"$FB$482:$FE$519","_name":"отдача"}},"emcosID":null,"emcosMLID":null,"codMaketTEP":null,"codTEP":null,"WSName":"DB","rangeAddress":"$FB$480:$FE$519","headAddress":"$FB$480:$FE$480","bodyAddress":"$FB$481:$FE$519","_name":"Генерация Чижинская ГЭС"}},"codPlan":null,"meterCoef":null,"_name":"Генерация Чижинская ГЭС"}