{"ID":"b55d5044-899a-4665-8ccd-719091503ce4","childs":{"PS":{"_level":0,"parentID":"b55d5044-899a-4665-8ccd-719091503ce4","firstParentID":"b55d5044-899a-4665-8ccd-719091503ce4","ID":"a2e846b1-9ade-490f-8544-bd3f7a7707ff","childs":{"прием":{"_level":1,"parentID":"a2e846b1-9ade-490f-8544-bd3f7a7707ff","firstParentID":"b55d5044-899a-4665-8ccd-719091503ce4","ID":"70194f5f-3b08-4873-a303-18a6763699a0","childs":{"формула":{"_level":2,"parentID":"70194f5f-3b08-4873-a303-18a6763699a0","firstParentID":"b55d5044-899a-4665-8ccd-719091503ce4","ID":"79a678d9-f6da-4e1e-9482-0ec811003e3c","childs":null,"emcosID":null,"emcosMLID":null,"codMaketTEP":null,"codTEP":null,"WSName":"PS","rangeAddress":"$G$228:$G$264","headAddress":"$G$228","bodyAddress":"$G$229:$G$264","_name":"формула"}},"emcosID":null,"emcosMLID":null,"codMaketTEP":null,"codTEP":null,"WSName":"PS","rangeAddress":"$G$227:$G$264","headAddress":"$G$227","bodyAddress":"$G$228:$G$264","_name":"прием"}},"emcosID":null,"emcosMLID":null,"codMaketTEP":null,"codTEP":null,"WSName":"PS","rangeAddress":"$G$226:$G$264","headAddress":"$G$226","bodyAddress":"$G$227:$G$264","_name":"Поступление в сеть ТАТЭК"},"DB":{"_level":0,"parentID":"b55d5044-899a-4665-8ccd-719091503ce4","firstParentID":"b55d5044-899a-4665-8ccd-719091503ce4","ID":"2abd4cca-d4ee-4939-970a-718c533bd416","childs":{"прием":{"_level":1,"parentID":"2abd4cca-d4ee-4939-970a-718c533bd416","firstParentID":"b55d5044-899a-4665-8ccd-719091503ce4","ID":"3c14611a-8a18-474a-813e-e4cf556f109f","childs":{"код":{"_level":2,"parentID":"3c14611a-8a18-474a-813e-e4cf556f109f","firstParentID":"b55d5044-899a-4665-8ccd-719091503ce4","ID":"3c0a0960-0f97-4fa9-8598-0580f95d57df","childs":null,"emcosID":null,"emcosMLID":null,"codMaketTEP":null,"codTEP":null,"WSName":"DB","rangeAddress":"$CI$310:$CI$347","headAddress":"$CI$310","bodyAddress":"$CI$311:$CI$347","_name":"код"},"основное":{"_level":2,"parentID":"3c14611a-8a18-474a-813e-e4cf556f109f","firstParentID":"b55d5044-899a-4665-8ccd-719091503ce4","ID":"3254060b-be39-4a20-afec-dafc3160f844","childs":null,"emcosID":null,"emcosMLID":null,"codMaketTEP":null,"codTEP":null,"WSName":"DB","rangeAddress":"$CJ$310:$CJ$347","headAddress":"$CJ$310","bodyAddress":"$CJ$311:$CJ$347","_name":"основное"},"корректировка факт":{"_level":2,"parentID":"3c14611a-8a18-474a-813e-e4cf556f109f","firstParentID":"b55d5044-899a-4665-8ccd-719091503ce4","ID":"903b8b62-6b90-4eda-8339-a4cb9112f0b9","childs":null,"emcosID":null,"emcosMLID":null,"codMaketTEP":null,"codTEP":null,"WSName":"DB","rangeAddress":"$CK$310:$CK$347","headAddress":"$CK$310","bodyAddress":"$CK$311:$CK$347","_name":"корректировка факт"},"ручное":{"_level":2,"parentID":"3c14611a-8a18-474a-813e-e4cf556f109f","firstParentID":"b55d5044-899a-4665-8ccd-719091503ce4","ID":"68391d16-3972-4c25-b3da-a43e877af3f7","childs":null,"emcosID":null,"emcosMLID":null,"codMaketTEP":null,"codTEP":null,"WSName":"DB","rangeAddress":"$CL$310:$CL$347","headAddress":"$CL$310","bodyAddress":"$CL$311:$CL$347","_name":"ручное"},"формула":{"_level":2,"parentID":"3c14611a-8a18-474a-813e-e4cf556f109f","firstParentID":"b55d5044-899a-4665-8ccd-719091503ce4","ID":"c8e8c7ed-3445-415e-9aec-ebc36d88856d","childs":null,"emcosID":null,"emcosMLID":null,"codMaketTEP":null,"codTEP":null,"WSName":"DB","rangeAddress":"$CM$310:$CM$347","headAddress":"$CM$310","bodyAddress":"$CM$311:$CM$347","_name":"формула"}},"emcosID":null,"emcosMLID":null,"codMaketTEP":null,"codTEP":null,"WSName":"DB","rangeAddress":"$CI$309:$CM$347","headAddress":"$CI$309:$CM$309","bodyAddress":"$CI$310:$CM$347","_name":"прием"}},"emcosID":null,"emcosMLID":null,"codMaketTEP":null,"codTEP":null,"WSName":"DB","rangeAddress":"$CI$308:$CM$347","headAddress":"$CI$308:$CM$308","bodyAddress":"$CI$309:$CM$347","_name":"Поступление в сеть ТАТЭК"}},"codPlan":null,"meterCoef":null,"_name":"Поступление в сеть ТАТЭК"}