{"ID":"bd37605b-2521-491b-9738-0efbe4dc226b","childs":{"PS":{"_level":0,"parentID":"bd37605b-2521-491b-9738-0efbe4dc226b","firstParentID":"bd37605b-2521-491b-9738-0efbe4dc226b","ID":"163c6163-e8a1-4325-957a-af317e8a890a","childs":{"отдача":{"_level":1,"parentID":"163c6163-e8a1-4325-957a-af317e8a890a","firstParentID":"bd37605b-2521-491b-9738-0efbe4dc226b","ID":"811d8e78-ce23-4d6f-b8b6-cb6078e8b047","childs":{"по плану":{"_level":2,"parentID":"811d8e78-ce23-4d6f-b8b6-cb6078e8b047","firstParentID":"bd37605b-2521-491b-9738-0efbe4dc226b","ID":"e43e02b5-682e-4f2e-ac92-6ed171f3638c","childs":null,"emcosID":null,"emcosMLID":null,"codMaketTEP":null,"codTEP":null,"WSName":"PS","rangeAddress":"$EJ$185:$EJ$221","headAddress":"$EJ$185","bodyAddress":"$EJ$186:$EJ$221","_name":"по плану"}},"emcosID":null,"emcosMLID":null,"codMaketTEP":1309,"codTEP":null,"WSName":"PS","rangeAddress":"$EJ$184:$EJ$221","headAddress":"$EJ$184","bodyAddress":"$EJ$185:$EJ$221","_name":"отдача"},"план":{"_level":1,"parentID":"163c6163-e8a1-4325-957a-af317e8a890a","firstParentID":"bd37605b-2521-491b-9738-0efbe4dc226b","ID":"b2e536ff-002e-4a95-b271-8f471c93f89c","childs":{"заявка":{"_level":2,"parentID":"b2e536ff-002e-4a95-b271-8f471c93f89c","firstParentID":"bd37605b-2521-491b-9738-0efbe4dc226b","ID":"26659740-2d72-4189-a089-a5a991709307","childs":null,"emcosID":null,"emcosMLID":null,"codMaketTEP":null,"codTEP":null,"WSName":"PS","rangeAddress":"$EK$185:$EK$221","headAddress":"$EK$185","bodyAddress":"$EK$186:$EK$221","_name":"заявка"}},"emcosID":null,"emcosMLID":null,"codMaketTEP":null,"codTEP":null,"WSName":"PS","rangeAddress":"$EK$184:$EK$221","headAddress":"$EK$184","bodyAddress":"$EK$185:$EK$221","_name":"план"}},"emcosID":null,"emcosMLID":null,"codMaketTEP":null,"codTEP":null,"WSName":"PS","rangeAddress":"$EJ$183:$EK$221","headAddress":"$EJ$183:$EK$183","bodyAddress":"$EJ$184:$EK$221","_name":"Генерация ВЭС Алатау Самрук Грин Энерджи"},"DB":{"_level":0,"parentID":"bd37605b-2521-491b-9738-0efbe4dc226b","firstParentID":"bd37605b-2521-491b-9738-0efbe4dc226b","ID":"332569f3-6730-49a1-9219-8f35a393fc34","childs":{"отдача":{"_level":1,"parentID":"332569f3-6730-49a1-9219-8f35a393fc34","firstParentID":"bd37605b-2521-491b-9738-0efbe4dc226b","ID":"3d00f17a-e73f-4f21-925d-0c4c509dff3b","childs":{"код":{"_level":2,"parentID":"3d00f17a-e73f-4f21-925d-0c4c509dff3b","firstParentID":"bd37605b-2521-491b-9738-0efbe4dc226b","ID":"af1cf1b2-3e5c-43f2-8726-ff64e49f65ac","childs":null,"emcosID":null,"emcosMLID":null,"codMaketTEP":null,"codTEP":null,"WSName":"DB","rangeAddress":"$GK$482:$GK$519","headAddress":"$GK$482","bodyAddress":"$GK$483:$GK$519","_name":"код"},"основное":{"_level":2,"parentID":"3d00f17a-e73f-4f21-925d-0c4c509dff3b","firstParentID":"bd37605b-2521-491b-9738-0efbe4dc226b","ID":"09de9463-3d8e-44c7-94bb-2e01677f02af","childs":null,"emcosID":null,"emcosMLID":null,"codMaketTEP":null,"codTEP":null,"WSName":"DB","rangeAddress":"$GL$482:$GL$519","headAddress":"$GL$482","bodyAddress":"$GL$483:$GL$519","_name":"основное"},"корректировка факт":{"_level":2,"parentID":"3d00f17a-e73f-4f21-925d-0c4c509dff3b","firstParentID":"bd37605b-2521-491b-9738-0efbe4dc226b","ID":"f104c55f-ce7d-41e7-9717-363245756253","childs":null,"emcosID":null,"emcosMLID":null,"codMaketTEP":null,"codTEP":null,"WSName":"DB","rangeAddress":"$GM$482:$GM$519","headAddress":"$GM$482","bodyAddress":"$GM$483:$GM$519","_name":"корректировка факт"},"ручное":{"_level":2,"parentID":"3d00f17a-e73f-4f21-925d-0c4c509dff3b","firstParentID":"bd37605b-2521-491b-9738-0efbe4dc226b","ID":"a55d5903-4d5e-4ed9-9bf5-4ae3d24dcd3a","childs":null,"emcosID":null,"emcosMLID":null,"codMaketTEP":null,"codTEP":null,"WSName":"DB","rangeAddress":"$GN$482:$GN$519","headAddress":"$GN$482","bodyAddress":"$GN$483:$GN$519","_name":"ручное"},"оперативное":{"_level":2,"parentID":"3d00f17a-e73f-4f21-925d-0c4c509dff3b","firstParentID":"bd37605b-2521-491b-9738-0efbe4dc226b","ID":"01df0887-f7cf-47e4-b4e2-d435f8bc9803","childs":null,"emcosID":null,"emcosMLID":null,"codMaketTEP":null,"codTEP":null,"WSName":"DB","rangeAddress":"$GO$482:$GO$519","headAddress":"$GO$482","bodyAddress":"$GO$483:$GO$519","_name":"оперативное"},"по плану":{"_level":2,"parentID":"3d00f17a-e73f-4f21-925d-0c4c509dff3b","firstParentID":"bd37605b-2521-491b-9738-0efbe4dc226b","ID":"f233c5af-5226-4a30-946b-15ad7474e6e3","childs":null,"emcosID":null,"emcosMLID":null,"codMaketTEP":null,"codTEP":null,"WSName":"DB","rangeAddress":"$GP$482:$GP$519","headAddress":"$GP$482","bodyAddress":"$GP$483:$GP$519","_name":"по плану"}},"emcosID":null,"emcosMLID":null,"codMaketTEP":null,"codTEP":null,"WSName":"DB","rangeAddress":"$GK$481:$GP$519","headAddress":"$GK$481:$GP$481","bodyAddress":"$GK$482:$GP$519","_name":"отдача"},"план":{"_level":1,"parentID":"332569f3-6730-49a1-9219-8f35a393fc34","firstParentID":"bd37605b-2521-491b-9738-0efbe4dc226b","ID":"f8528578-2140-4eb1-8ebb-e3531e17335a","childs":{"код":{"_level":2,"parentID":"f8528578-2140-4eb1-8ebb-e3531e17335a","firstParentID":"bd37605b-2521-491b-9738-0efbe4dc226b","ID":"8d8353bd-e4a9-47c8-a989-9ab786a07a1e","childs":null,"emcosID":null,"emcosMLID":null,"codMaketTEP":null,"codTEP":null,"WSName":"DB","rangeAddress":"$GQ$482:$GQ$519","headAddress":"$GQ$482","bodyAddress":"$GQ$483:$GQ$519","_name":"код"},"основное":{"_level":2,"parentID":"f8528578-2140-4eb1-8ebb-e3531e17335a","firstParentID":"bd37605b-2521-491b-9738-0efbe4dc226b","ID":"b9977140-f783-4637-a5bf-9d3b7aae436c","childs":null,"emcosID":null,"emcosMLID":null,"codMaketTEP":null,"codTEP":null,"WSName":"DB","rangeAddress":"$GR$482:$GR$519","headAddress":"$GR$482","bodyAddress":"$GR$483:$GR$519","_name":"основное"},"заявка":{"_level":2,"parentID":"f8528578-2140-4eb1-8ebb-e3531e17335a","firstParentID":"bd37605b-2521-491b-9738-0efbe4dc226b","ID":"8819ae3a-a616-4783-9c76-01401977b5c3","childs":null,"emcosID":null,"emcosMLID":null,"codMaketTEP":null,"codTEP":null,"WSName":"DB","rangeAddress":"$GS$482:$GS$519","headAddress":"$GS$482","bodyAddress":"$GS$483:$GS$519","_name":"заявка"},"утвержденный":{"_level":2,"parentID":"f8528578-2140-4eb1-8ebb-e3531e17335a","firstParentID":"bd37605b-2521-491b-9738-0efbe4dc226b","ID":"b078d6fc-5176-4d7b-b3a4-c9a10b1d3090","childs":null,"emcosID":null,"emcosMLID":null,"codMaketTEP":null,"codTEP":null,"WSName":"DB","rangeAddress":"$GT$482:$GT$519","headAddress":"$GT$482","bodyAddress":"$GT$483:$GT$519","_name":"утвержденный"},"корректировка":{"_level":2,"parentID":"f8528578-2140-4eb1-8ebb-e3531e17335a","firstParentID":"bd37605b-2521-491b-9738-0efbe4dc226b","ID":"1e8b7556-1562-4082-b701-aec1d222f008","childs":null,"emcosID":null,"emcosMLID":null,"codMaketTEP":null,"codTEP":null,"WSName":"DB","rangeAddress":"$GU$482:$GU$519","headAddress":"$GU$482","bodyAddress":"$GU$483:$GU$519","_name":"корректировка"}},"emcosID":null,"emcosMLID":null,"codMaketTEP":null,"codTEP":null,"WSName":"DB","rangeAddress":"$GQ$481:$GU$519","headAddress":"$GQ$481:$GU$481","bodyAddress":"$GQ$482:$GU$519","_name":"план"}},"emcosID":null,"emcosMLID":null,"codMaketTEP":null,"codTEP":null,"WSName":"DB","rangeAddress":"$GK$480:$GU$519","headAddress":"$GK$480:$GU$480","bodyAddress":"$GK$481:$GU$519","_name":"Генерация ВЭС Алатау Самрук Грин Энерджи"}},"codPlan":129,"meterCoef":null,"_name":"Генерация ВЭС Алатау Самрук Грин Энерджи"}