{"ID":"bea9cc18-7619-48ad-915a-0f5d94bf2f12","childs":{"PS":{"_level":0,"parentID":"bea9cc18-7619-48ad-915a-0f5d94bf2f12","firstParentID":"bea9cc18-7619-48ad-915a-0f5d94bf2f12","ID":"089d4979-5b2d-40c1-bafb-18c27e29bf40","childs":{"прием":{"_level":1,"parentID":"089d4979-5b2d-40c1-bafb-18c27e29bf40","firstParentID":"bea9cc18-7619-48ad-915a-0f5d94bf2f12","ID":"624285d0-8ad0-4007-8133-c6bf823fc85d","childs":{"ручное":{"_level":2,"parentID":"624285d0-8ad0-4007-8133-c6bf823fc85d","firstParentID":"bea9cc18-7619-48ad-915a-0f5d94bf2f12","ID":"6febc221-3057-45d1-ab6b-15adcd84c0ea","childs":null,"emcosID":null,"emcosMLID":null,"codMaketTEP":null,"codTEP":null,"WSName":"PS","rangeAddress":"$CQ$185:$CQ$221","headAddress":"$CQ$185","bodyAddress":"$CQ$186:$CQ$221","_name":"ручное"}},"emcosID":null,"emcosMLID":null,"codMaketTEP":1325,"codTEP":null,"WSName":"PS","rangeAddress":"$CQ$184:$CQ$221","headAddress":"$CQ$184","bodyAddress":"$CQ$185:$CQ$221","_name":"прием"},"план":{"_level":1,"parentID":"089d4979-5b2d-40c1-bafb-18c27e29bf40","firstParentID":"bea9cc18-7619-48ad-915a-0f5d94bf2f12","ID":"c2a5371d-0ce1-4d89-bb6e-2d707f3aba2d","childs":{"заявка":{"_level":2,"parentID":"c2a5371d-0ce1-4d89-bb6e-2d707f3aba2d","firstParentID":"bea9cc18-7619-48ad-915a-0f5d94bf2f12","ID":"dbe4fba3-20a0-41dd-9a20-586db57491c1","childs":null,"emcosID":null,"emcosMLID":null,"codMaketTEP":null,"codTEP":null,"WSName":"PS","rangeAddress":"$CR$185:$CR$221","headAddress":"$CR$185","bodyAddress":"$CR$186:$CR$221","_name":"заявка"}},"emcosID":null,"emcosMLID":null,"codMaketTEP":null,"codTEP":null,"WSName":"PS","rangeAddress":"$CR$184:$CR$221","headAddress":"$CR$184","bodyAddress":"$CR$185:$CR$221","_name":"план"}},"emcosID":null,"emcosMLID":null,"codMaketTEP":null,"codTEP":null,"WSName":"PS","rangeAddress":"$CQ$183:$CR$221","headAddress":"$CQ$183:$CR$183","bodyAddress":"$CQ$184:$CR$221","_name":"с.н. Мойнак ГЭС МГЭС"},"DB":{"_level":0,"parentID":"bea9cc18-7619-48ad-915a-0f5d94bf2f12","firstParentID":"bea9cc18-7619-48ad-915a-0f5d94bf2f12","ID":"64ce5d57-8ee5-4626-9048-b468d0b74093","childs":{"прием":{"_level":1,"parentID":"64ce5d57-8ee5-4626-9048-b468d0b74093","firstParentID":"bea9cc18-7619-48ad-915a-0f5d94bf2f12","ID":"a14dc3cc-4db6-4b39-a980-7866f0a50981","childs":{"код":{"_level":2,"parentID":"a14dc3cc-4db6-4b39-a980-7866f0a50981","firstParentID":"bea9cc18-7619-48ad-915a-0f5d94bf2f12","ID":"b660a07f-1c05-4c77-afb3-c71eafb85642","childs":null,"emcosID":null,"emcosMLID":null,"codMaketTEP":null,"codTEP":null,"WSName":"DB","rangeAddress":"$CT$353:$CT$390","headAddress":"$CT$353","bodyAddress":"$CT$354:$CT$390","_name":"код"},"основное":{"_level":2,"parentID":"a14dc3cc-4db6-4b39-a980-7866f0a50981","firstParentID":"bea9cc18-7619-48ad-915a-0f5d94bf2f12","ID":"64c4019a-3bd2-46b5-b816-574a6bb972b5","childs":null,"emcosID":null,"emcosMLID":null,"codMaketTEP":null,"codTEP":null,"WSName":"DB","rangeAddress":"$CU$353:$CU$390","headAddress":"$CU$353","bodyAddress":"$CU$354:$CU$390","_name":"основное"},"корректировка факт":{"_level":2,"parentID":"a14dc3cc-4db6-4b39-a980-7866f0a50981","firstParentID":"bea9cc18-7619-48ad-915a-0f5d94bf2f12","ID":"6dccb10f-398f-4c64-bcae-1b9dc00c8e2a","childs":null,"emcosID":null,"emcosMLID":null,"codMaketTEP":null,"codTEP":null,"WSName":"DB","rangeAddress":"$CV$353:$CV$390","headAddress":"$CV$353","bodyAddress":"$CV$354:$CV$390","_name":"корректировка факт"},"ручное":{"_level":2,"parentID":"a14dc3cc-4db6-4b39-a980-7866f0a50981","firstParentID":"bea9cc18-7619-48ad-915a-0f5d94bf2f12","ID":"e35ba4a0-b0c5-4878-9175-be5d4a228efe","childs":null,"emcosID":null,"emcosMLID":null,"codMaketTEP":null,"codTEP":null,"WSName":"DB","rangeAddress":"$CW$353:$CW$390","headAddress":"$CW$353","bodyAddress":"$CW$354:$CW$390","_name":"ручное"},"по плану":{"_level":2,"parentID":"a14dc3cc-4db6-4b39-a980-7866f0a50981","firstParentID":"bea9cc18-7619-48ad-915a-0f5d94bf2f12","ID":"5e7a311f-d463-4845-bad3-1974dffddfbe","childs":null,"emcosID":null,"emcosMLID":null,"codMaketTEP":null,"codTEP":null,"WSName":"DB","rangeAddress":"$CX$353:$CX$390","headAddress":"$CX$353","bodyAddress":"$CX$354:$CX$390","_name":"по плану"}},"emcosID":null,"emcosMLID":null,"codMaketTEP":null,"codTEP":null,"WSName":"DB","rangeAddress":"$CT$352:$CX$390","headAddress":"$CT$352:$CX$352","bodyAddress":"$CT$353:$CX$390","_name":"прием"},"план":{"_level":1,"parentID":"64ce5d57-8ee5-4626-9048-b468d0b74093","firstParentID":"bea9cc18-7619-48ad-915a-0f5d94bf2f12","ID":"16473728-81cf-4a93-9087-db31e68444da","childs":{"код":{"_level":2,"parentID":"16473728-81cf-4a93-9087-db31e68444da","firstParentID":"bea9cc18-7619-48ad-915a-0f5d94bf2f12","ID":"bf0a6976-df8d-4956-9e7b-c0babae47cdd","childs":null,"emcosID":null,"emcosMLID":null,"codMaketTEP":null,"codTEP":null,"WSName":"DB","rangeAddress":"$CY$353:$CY$390","headAddress":"$CY$353","bodyAddress":"$CY$354:$CY$390","_name":"код"},"основное":{"_level":2,"parentID":"16473728-81cf-4a93-9087-db31e68444da","firstParentID":"bea9cc18-7619-48ad-915a-0f5d94bf2f12","ID":"4ea1e9be-6e54-4b5b-8a5e-316848bf3aa8","childs":null,"emcosID":null,"emcosMLID":null,"codMaketTEP":null,"codTEP":null,"WSName":"DB","rangeAddress":"$CZ$353:$CZ$390","headAddress":"$CZ$353","bodyAddress":"$CZ$354:$CZ$390","_name":"основное"},"заявка":{"_level":2,"parentID":"16473728-81cf-4a93-9087-db31e68444da","firstParentID":"bea9cc18-7619-48ad-915a-0f5d94bf2f12","ID":"ce51b56e-e50d-4223-9b55-895f271b33ab","childs":null,"emcosID":null,"emcosMLID":null,"codMaketTEP":null,"codTEP":null,"WSName":"DB","rangeAddress":"$DA$353:$DA$390","headAddress":"$DA$353","bodyAddress":"$DA$354:$DA$390","_name":"заявка"},"утвержденный":{"_level":2,"parentID":"16473728-81cf-4a93-9087-db31e68444da","firstParentID":"bea9cc18-7619-48ad-915a-0f5d94bf2f12","ID":"6477630c-bddb-4949-b0cd-0bb0b36f0e0b","childs":null,"emcosID":null,"emcosMLID":null,"codMaketTEP":null,"codTEP":null,"WSName":"DB","rangeAddress":"$DB$353:$DB$390","headAddress":"$DB$353","bodyAddress":"$DB$354:$DB$390","_name":"утвержденный"},"корректировка":{"_level":2,"parentID":"16473728-81cf-4a93-9087-db31e68444da","firstParentID":"bea9cc18-7619-48ad-915a-0f5d94bf2f12","ID":"08692988-6658-4d8b-b4c4-11423770fc42","childs":null,"emcosID":null,"emcosMLID":null,"codMaketTEP":null,"codTEP":null,"WSName":"DB","rangeAddress":"$DC$353:$DC$390","headAddress":"$DC$353","bodyAddress":"$DC$354:$DC$390","_name":"корректировка"}},"emcosID":null,"emcosMLID":null,"codMaketTEP":null,"codTEP":null,"WSName":"DB","rangeAddress":"$CY$352:$DC$390","headAddress":"$CY$352:$DC$352","bodyAddress":"$CY$353:$DC$390","_name":"план"}},"emcosID":null,"emcosMLID":null,"codMaketTEP":null,"codTEP":null,"WSName":"DB","rangeAddress":"$CT$351:$DC$390","headAddress":"$CT$351:$DC$351","bodyAddress":"$CT$352:$DC$390","_name":"с.н. Мойнак ГЭС МГЭС"}},"codPlan":57,"meterCoef":null,"_name":"с.н. Мойнак ГЭС МГЭС"}