{"ID":"c38ea523-5199-4800-ba6b-d8aafa22d7a5","childs":{"PS":{"_level":0,"parentID":"c38ea523-5199-4800-ba6b-d8aafa22d7a5","firstParentID":"c38ea523-5199-4800-ba6b-d8aafa22d7a5","ID":"63efd33b-2031-4ac0-b7ce-93d75a770aa1","childs":{"прием":{"_level":1,"parentID":"63efd33b-2031-4ac0-b7ce-93d75a770aa1","firstParentID":"c38ea523-5199-4800-ba6b-d8aafa22d7a5","ID":"41c9fffb-0eb1-43e0-8382-10ff6c39d2af","childs":{"оперативное":{"_level":2,"parentID":"41c9fffb-0eb1-43e0-8382-10ff6c39d2af","firstParentID":"c38ea523-5199-4800-ba6b-d8aafa22d7a5","ID":"09dff216-8bd9-4367-b897-b59cad433812","childs":null,"emcosID":null,"emcosMLID":null,"codMaketTEP":null,"codTEP":null,"WSName":"PS","rangeAddress":"$AQ$228:$AQ$264","headAddress":"$AQ$228","bodyAddress":"$AQ$229:$AQ$264","_name":"оперативное"}},"emcosID":null,"emcosMLID":null,"codMaketTEP":1451,"codTEP":null,"WSName":"PS","rangeAddress":"$AQ$227:$AQ$264","headAddress":"$AQ$227","bodyAddress":"$AQ$228:$AQ$264","_name":"прием"}},"emcosID":null,"emcosMLID":null,"codMaketTEP":null,"codTEP":null,"WSName":"PS","rangeAddress":"$AQ$226:$AQ$264","headAddress":"$AQ$226","bodyAddress":"$AQ$227:$AQ$264","_name":"Потребление Каз Экотранс Жетысу "},"DB":{"_level":0,"parentID":"c38ea523-5199-4800-ba6b-d8aafa22d7a5","firstParentID":"c38ea523-5199-4800-ba6b-d8aafa22d7a5","ID":"a8494ed5-7bb7-4f75-af9c-560e651ac809","childs":{"прием":{"_level":1,"parentID":"a8494ed5-7bb7-4f75-af9c-560e651ac809","firstParentID":"c38ea523-5199-4800-ba6b-d8aafa22d7a5","ID":"440e0961-a8f1-465a-93ec-bb57c96fa114","childs":{"код":{"_level":2,"parentID":"440e0961-a8f1-465a-93ec-bb57c96fa114","firstParentID":"c38ea523-5199-4800-ba6b-d8aafa22d7a5","ID":"445a4f8c-7a9c-489a-917e-f8ed27ec08f0","childs":null,"emcosID":null,"emcosMLID":null,"codMaketTEP":null,"codTEP":null,"WSName":"DB","rangeAddress":"$AL$439:$AL$476","headAddress":"$AL$439","bodyAddress":"$AL$440:$AL$476","_name":"код"},"основное":{"_level":2,"parentID":"440e0961-a8f1-465a-93ec-bb57c96fa114","firstParentID":"c38ea523-5199-4800-ba6b-d8aafa22d7a5","ID":"9e72f123-d055-481a-90ed-53b9a63724d4","childs":null,"emcosID":null,"emcosMLID":null,"codMaketTEP":null,"codTEP":null,"WSName":"DB","rangeAddress":"$AM$439:$AM$476","headAddress":"$AM$439","bodyAddress":"$AM$440:$AM$476","_name":"основное"},"корректировка факт":{"_level":2,"parentID":"440e0961-a8f1-465a-93ec-bb57c96fa114","firstParentID":"c38ea523-5199-4800-ba6b-d8aafa22d7a5","ID":"640cb3dd-d855-4659-a39d-d09268ef19e9","childs":null,"emcosID":null,"emcosMLID":null,"codMaketTEP":null,"codTEP":null,"WSName":"DB","rangeAddress":"$AN$439:$AN$476","headAddress":"$AN$439","bodyAddress":"$AN$440:$AN$476","_name":"корректировка факт"},"ручное":{"_level":2,"parentID":"440e0961-a8f1-465a-93ec-bb57c96fa114","firstParentID":"c38ea523-5199-4800-ba6b-d8aafa22d7a5","ID":"0c4ee035-83ea-4422-ba49-43103f0e5025","childs":null,"emcosID":null,"emcosMLID":null,"codMaketTEP":null,"codTEP":null,"WSName":"DB","rangeAddress":"$AO$439:$AO$476","headAddress":"$AO$439","bodyAddress":"$AO$440:$AO$476","_name":"ручное"},"оперативное":{"_level":2,"parentID":"440e0961-a8f1-465a-93ec-bb57c96fa114","firstParentID":"c38ea523-5199-4800-ba6b-d8aafa22d7a5","ID":"53670dff-c76f-4eca-8d86-f10c4dac0dd4","childs":null,"emcosID":null,"emcosMLID":null,"codMaketTEP":null,"codTEP":null,"WSName":"DB","rangeAddress":"$AP$439:$AP$476","headAddress":"$AP$439","bodyAddress":"$AP$440:$AP$476","_name":"оперативное"}},"emcosID":null,"emcosMLID":null,"codMaketTEP":null,"codTEP":null,"WSName":"DB","rangeAddress":"$AL$438:$AP$476","headAddress":"$AL$438:$AP$438","bodyAddress":"$AL$439:$AP$476","_name":"прием"}},"emcosID":null,"emcosMLID":null,"codMaketTEP":null,"codTEP":null,"WSName":"DB","rangeAddress":"$AL$437:$AP$476","headAddress":"$AL$437:$AP$437","bodyAddress":"$AL$438:$AP$476","_name":"Потребление Каз Экотранс Жетысу "}},"codPlan":null,"meterCoef":null,"_name":"Потребление Каз Экотранс Жетысу "}