{"ID":"cf8ddc17-d763-4476-8875-ca6027102adb","childs":{"PS":{"_level":0,"parentID":"cf8ddc17-d763-4476-8875-ca6027102adb","firstParentID":"cf8ddc17-d763-4476-8875-ca6027102adb","ID":"2561b7c6-8c00-4859-98e2-f7f5dfd7ba37","childs":{"прием":{"_level":1,"parentID":"2561b7c6-8c00-4859-98e2-f7f5dfd7ba37","firstParentID":"cf8ddc17-d763-4476-8875-ca6027102adb","ID":"ff7e90e7-9830-4b3f-bb39-a9a5513c55f8","childs":{"ручное":{"_level":2,"parentID":"ff7e90e7-9830-4b3f-bb39-a9a5513c55f8","firstParentID":"cf8ddc17-d763-4476-8875-ca6027102adb","ID":"3ca6a402-7f02-4804-b478-48d94cff7717","childs":null,"emcosID":null,"emcosMLID":null,"codMaketTEP":null,"codTEP":null,"WSName":"PS","rangeAddress":"$AV$228:$AV$264","headAddress":"$AV$228","bodyAddress":"$AV$229:$AV$264","_name":"ручное"}},"emcosID":null,"emcosMLID":null,"codMaketTEP":null,"codTEP":null,"WSName":"PS","rangeAddress":"$AV$227:$AV$264","headAddress":"$AV$227","bodyAddress":"$AV$228:$AV$264","_name":"прием"}},"emcosID":null,"emcosMLID":null,"codMaketTEP":null,"codTEP":null,"WSName":"PS","rangeAddress":"$AV$226:$AV$264","headAddress":"$AV$226","bodyAddress":"$AV$227:$AV$264","_name":"Потребление Энергоснаб XXI Жетысу"},"DB":{"_level":0,"parentID":"cf8ddc17-d763-4476-8875-ca6027102adb","firstParentID":"cf8ddc17-d763-4476-8875-ca6027102adb","ID":"16aff7c8-aeb6-46b5-b3cd-586f6b1094f9","childs":{"прием":{"_level":1,"parentID":"16aff7c8-aeb6-46b5-b3cd-586f6b1094f9","firstParentID":"cf8ddc17-d763-4476-8875-ca6027102adb","ID":"8796f1ad-a59c-45b9-9353-974b38d701da","childs":{"код":{"_level":2,"parentID":"8796f1ad-a59c-45b9-9353-974b38d701da","firstParentID":"cf8ddc17-d763-4476-8875-ca6027102adb","ID":"329b1498-131f-4ed2-8461-6e7aeca652d3","childs":null,"emcosID":null,"emcosMLID":null,"codMaketTEP":null,"codTEP":null,"WSName":"DB","rangeAddress":"$M$439:$M$476","headAddress":"$M$439","bodyAddress":"$M$440:$M$476","_name":"код"},"основное":{"_level":2,"parentID":"8796f1ad-a59c-45b9-9353-974b38d701da","firstParentID":"cf8ddc17-d763-4476-8875-ca6027102adb","ID":"941affdc-bcc0-471a-8a1c-7fc23bc48ce1","childs":null,"emcosID":null,"emcosMLID":null,"codMaketTEP":null,"codTEP":null,"WSName":"DB","rangeAddress":"$N$439:$N$476","headAddress":"$N$439","bodyAddress":"$N$440:$N$476","_name":"основное"},"корректировка факт":{"_level":2,"parentID":"8796f1ad-a59c-45b9-9353-974b38d701da","firstParentID":"cf8ddc17-d763-4476-8875-ca6027102adb","ID":"e2c27f27-6173-4f74-8fee-35256cc43d08","childs":null,"emcosID":null,"emcosMLID":null,"codMaketTEP":null,"codTEP":null,"WSName":"DB","rangeAddress":"$O$439:$O$476","headAddress":"$O$439","bodyAddress":"$O$440:$O$476","_name":"корректировка факт"},"ручное":{"_level":2,"parentID":"8796f1ad-a59c-45b9-9353-974b38d701da","firstParentID":"cf8ddc17-d763-4476-8875-ca6027102adb","ID":"595493ad-eacb-45a5-afd6-8442c8208c64","childs":null,"emcosID":null,"emcosMLID":null,"codMaketTEP":null,"codTEP":null,"WSName":"DB","rangeAddress":"$P$439:$P$476","headAddress":"$P$439","bodyAddress":"$P$440:$P$476","_name":"ручное"}},"emcosID":null,"emcosMLID":null,"codMaketTEP":null,"codTEP":null,"WSName":"DB","rangeAddress":"$M$438:$P$476","headAddress":"$M$438:$P$438","bodyAddress":"$M$439:$P$476","_name":"прием"}},"emcosID":null,"emcosMLID":null,"codMaketTEP":null,"codTEP":null,"WSName":"DB","rangeAddress":"$M$437:$P$476","headAddress":"$M$437:$P$437","bodyAddress":"$M$438:$P$476","_name":"Потребление Энергоснаб XXI Жетысу"}},"codPlan":null,"meterCoef":null,"_name":"Потребление Энергоснаб XXI Жетысу"}