{"ID":"dccf70bb-20b0-44a0-9b0d-eeb9f8197d83","childs":{"PS":{"_level":0,"parentID":"dccf70bb-20b0-44a0-9b0d-eeb9f8197d83","firstParentID":"dccf70bb-20b0-44a0-9b0d-eeb9f8197d83","ID":"d4d6bd55-fd36-47fa-87fa-e717172ca2c0","childs":{"прием":{"_level":1,"parentID":"d4d6bd55-fd36-47fa-87fa-e717172ca2c0","firstParentID":"dccf70bb-20b0-44a0-9b0d-eeb9f8197d83","ID":"6acc11ac-4bf5-4d01-9c80-e63d47ec441c","childs":{"по счетчику":{"_level":2,"parentID":"6acc11ac-4bf5-4d01-9c80-e63d47ec441c","firstParentID":"dccf70bb-20b0-44a0-9b0d-eeb9f8197d83","ID":"e82b0415-a25e-4cfa-8839-524cf31bb883","childs":null,"emcosID":null,"emcosMLID":null,"codMaketTEP":null,"codTEP":null,"WSName":"PS","rangeAddress":"$EV$56:$EV$92","headAddress":"$EV$56","bodyAddress":"$EV$57:$EV$92","_name":"по счетчику"}},"emcosID":null,"emcosMLID":null,"codMaketTEP":null,"codTEP":null,"WSName":"PS","rangeAddress":"$EV$55:$EV$92","headAddress":"$EV$55","bodyAddress":"$EV$56:$EV$92","_name":"прием"},"отдача":{"_level":1,"parentID":"d4d6bd55-fd36-47fa-87fa-e717172ca2c0","firstParentID":"dccf70bb-20b0-44a0-9b0d-eeb9f8197d83","ID":"36a09fc5-e90a-4110-a09e-69a8d1733f30","childs":{"по счетчику":{"_level":2,"parentID":"36a09fc5-e90a-4110-a09e-69a8d1733f30","firstParentID":"dccf70bb-20b0-44a0-9b0d-eeb9f8197d83","ID":"b75b3ebd-5ab6-43f5-b61f-20f4825f3ec6","childs":null,"emcosID":null,"emcosMLID":null,"codMaketTEP":null,"codTEP":null,"WSName":"PS","rangeAddress":"$EW$56:$EW$92","headAddress":"$EW$56","bodyAddress":"$EW$57:$EW$92","_name":"по счетчику"}},"emcosID":null,"emcosMLID":null,"codMaketTEP":null,"codTEP":null,"WSName":"PS","rangeAddress":"$EW$55:$EW$92","headAddress":"$EW$55","bodyAddress":"$EW$56:$EW$92","_name":"отдача"}},"emcosID":null,"emcosMLID":null,"codMaketTEP":null,"codTEP":null,"WSName":"PS","rangeAddress":"$EV$54:$EW$92","headAddress":"$EV$54:$EW$54","bodyAddress":"$EV$55:$EW$92","_name":"Л2423 Алма"},"DB":{"_level":0,"parentID":"dccf70bb-20b0-44a0-9b0d-eeb9f8197d83","firstParentID":"dccf70bb-20b0-44a0-9b0d-eeb9f8197d83","ID":"81e42620-17de-4676-833b-8d7568279f4e","childs":{"прием":{"_level":1,"parentID":"81e42620-17de-4676-833b-8d7568279f4e","firstParentID":"dccf70bb-20b0-44a0-9b0d-eeb9f8197d83","ID":"d63335a9-bae5-4d8d-968b-1ab3dc67baee","childs":{"код":{"_level":2,"parentID":"d63335a9-bae5-4d8d-968b-1ab3dc67baee","firstParentID":"dccf70bb-20b0-44a0-9b0d-eeb9f8197d83","ID":"88c429ac-a095-401e-99de-1d2296753471","childs":null,"emcosID":null,"emcosMLID":null,"codMaketTEP":null,"codTEP":null,"WSName":"DB","rangeAddress":"$HD$52:$HD$89","headAddress":"$HD$52","bodyAddress":"$HD$53:$HD$89","_name":"код"},"основное":{"_level":2,"parentID":"d63335a9-bae5-4d8d-968b-1ab3dc67baee","firstParentID":"dccf70bb-20b0-44a0-9b0d-eeb9f8197d83","ID":"3687cbac-9d6e-4959-95f7-a107615f7d45","childs":null,"emcosID":null,"emcosMLID":null,"codMaketTEP":null,"codTEP":null,"WSName":"DB","rangeAddress":"$HE$52:$HE$89","headAddress":"$HE$52","bodyAddress":"$HE$53:$HE$89","_name":"основное"},"корректировка факт":{"_level":2,"parentID":"d63335a9-bae5-4d8d-968b-1ab3dc67baee","firstParentID":"dccf70bb-20b0-44a0-9b0d-eeb9f8197d83","ID":"28ed1224-a124-4b1e-a3ab-c99201765264","childs":null,"emcosID":null,"emcosMLID":null,"codMaketTEP":null,"codTEP":null,"WSName":"DB","rangeAddress":"$HF$52:$HF$89","headAddress":"$HF$52","bodyAddress":"$HF$53:$HF$89","_name":"корректировка факт"},"ручное":{"_level":2,"parentID":"d63335a9-bae5-4d8d-968b-1ab3dc67baee","firstParentID":"dccf70bb-20b0-44a0-9b0d-eeb9f8197d83","ID":"1892c52a-44af-4e5b-b452-eec92b8b9b23","childs":null,"emcosID":null,"emcosMLID":null,"codMaketTEP":null,"codTEP":null,"WSName":"DB","rangeAddress":"$HG$52:$HG$89","headAddress":"$HG$52","bodyAddress":"$HG$53:$HG$89","_name":"ручное"},"счетчик":{"_level":2,"parentID":"d63335a9-bae5-4d8d-968b-1ab3dc67baee","firstParentID":"dccf70bb-20b0-44a0-9b0d-eeb9f8197d83","ID":"86bcd766-5ff1-4c6e-8b39-79c96a1d92fd","childs":null,"emcosID":null,"emcosMLID":null,"codMaketTEP":null,"codTEP":null,"WSName":"DB","rangeAddress":"$HH$52:$HH$89","headAddress":"$HH$52","bodyAddress":"$HH$53:$HH$89","_name":"счетчик"},"по счетчику":{"_level":2,"parentID":"d63335a9-bae5-4d8d-968b-1ab3dc67baee","firstParentID":"dccf70bb-20b0-44a0-9b0d-eeb9f8197d83","ID":"c455609c-e532-426b-a08a-588bec26c7ca","childs":null,"emcosID":null,"emcosMLID":null,"codMaketTEP":null,"codTEP":null,"WSName":"DB","rangeAddress":"$HI$52:$HI$89","headAddress":"$HI$52","bodyAddress":"$HI$53:$HI$89","_name":"по счетчику"}},"emcosID":null,"emcosMLID":null,"codMaketTEP":null,"codTEP":null,"WSName":"DB","rangeAddress":"$HD$51:$HI$89","headAddress":"$HD$51:$HI$51","bodyAddress":"$HD$52:$HI$89","_name":"прием"},"отдача":{"_level":1,"parentID":"81e42620-17de-4676-833b-8d7568279f4e","firstParentID":"dccf70bb-20b0-44a0-9b0d-eeb9f8197d83","ID":"916fff56-9876-44be-9234-617b08120312","childs":{"код":{"_level":2,"parentID":"916fff56-9876-44be-9234-617b08120312","firstParentID":"dccf70bb-20b0-44a0-9b0d-eeb9f8197d83","ID":"a9481452-f2e9-487d-ab3a-d869aacdc355","childs":null,"emcosID":null,"emcosMLID":null,"codMaketTEP":null,"codTEP":null,"WSName":"DB","rangeAddress":"$HJ$52:$HJ$89","headAddress":"$HJ$52","bodyAddress":"$HJ$53:$HJ$89","_name":"код"},"основное":{"_level":2,"parentID":"916fff56-9876-44be-9234-617b08120312","firstParentID":"dccf70bb-20b0-44a0-9b0d-eeb9f8197d83","ID":"e9807608-5dcd-4ffe-b6d9-fe67e3ef1a42","childs":null,"emcosID":null,"emcosMLID":null,"codMaketTEP":null,"codTEP":null,"WSName":"DB","rangeAddress":"$HK$52:$HK$89","headAddress":"$HK$52","bodyAddress":"$HK$53:$HK$89","_name":"основное"},"корректировка факт":{"_level":2,"parentID":"916fff56-9876-44be-9234-617b08120312","firstParentID":"dccf70bb-20b0-44a0-9b0d-eeb9f8197d83","ID":"ef75e750-2d78-4e96-a38c-0f653cb5ae38","childs":null,"emcosID":null,"emcosMLID":null,"codMaketTEP":null,"codTEP":null,"WSName":"DB","rangeAddress":"$HL$52:$HL$89","headAddress":"$HL$52","bodyAddress":"$HL$53:$HL$89","_name":"корректировка факт"},"ручное":{"_level":2,"parentID":"916fff56-9876-44be-9234-617b08120312","firstParentID":"dccf70bb-20b0-44a0-9b0d-eeb9f8197d83","ID":"5b20f7e3-29c9-4f51-8719-0d8f470546fd","childs":null,"emcosID":null,"emcosMLID":null,"codMaketTEP":null,"codTEP":null,"WSName":"DB","rangeAddress":"$HM$52:$HM$89","headAddress":"$HM$52","bodyAddress":"$HM$53:$HM$89","_name":"ручное"},"счетчик":{"_level":2,"parentID":"916fff56-9876-44be-9234-617b08120312","firstParentID":"dccf70bb-20b0-44a0-9b0d-eeb9f8197d83","ID":"2db6595d-5fff-4b0b-bb0a-0aed19fd226d","childs":null,"emcosID":null,"emcosMLID":null,"codMaketTEP":null,"codTEP":null,"WSName":"DB","rangeAddress":"$HN$52:$HN$89","headAddress":"$HN$52","bodyAddress":"$HN$53:$HN$89","_name":"счетчик"},"по счетчику":{"_level":2,"parentID":"916fff56-9876-44be-9234-617b08120312","firstParentID":"dccf70bb-20b0-44a0-9b0d-eeb9f8197d83","ID":"1bc6c4e2-1df2-48ac-a4ad-574fba3f2693","childs":null,"emcosID":null,"emcosMLID":null,"codMaketTEP":null,"codTEP":null,"WSName":"DB","rangeAddress":"$HO$52:$HO$89","headAddress":"$HO$52","bodyAddress":"$HO$53:$HO$89","_name":"по счетчику"}},"emcosID":null,"emcosMLID":null,"codMaketTEP":null,"codTEP":null,"WSName":"DB","rangeAddress":"$HJ$51:$HO$89","headAddress":"$HJ$51:$HO$51","bodyAddress":"$HJ$52:$HO$89","_name":"отдача"}},"emcosID":null,"emcosMLID":null,"codMaketTEP":null,"codTEP":null,"WSName":"DB","rangeAddress":"$HD$50:$HO$89","headAddress":"$HD$50:$HO$50","bodyAddress":"$HD$51:$HO$89","_name":"Л2423 Алма"}},"codPlan":null,"meterCoef":"2200","_name":"Л2423 Алма"}