{"ID":"e6170cf9-6953-4ae1-9b6d-a554eccda42e","childs":{"PS":{"_level":0,"parentID":"e6170cf9-6953-4ae1-9b6d-a554eccda42e","firstParentID":"e6170cf9-6953-4ae1-9b6d-a554eccda42e","ID":"0ef53d45-4f31-4ef0-bf82-5da2d90aa165","childs":{"прием":{"_level":1,"parentID":"0ef53d45-4f31-4ef0-bf82-5da2d90aa165","firstParentID":"e6170cf9-6953-4ae1-9b6d-a554eccda42e","ID":"920726f2-f7a9-4ff2-bf78-aca1678afece","childs":{"ручное":{"_level":2,"parentID":"920726f2-f7a9-4ff2-bf78-aca1678afece","firstParentID":"e6170cf9-6953-4ae1-9b6d-a554eccda42e","ID":"1bc527a4-c22c-45a0-af7a-2d8ee1e5735d","childs":null,"emcosID":null,"emcosMLID":null,"codMaketTEP":null,"codTEP":null,"WSName":"PS","rangeAddress":"$J$228:$J$264","headAddress":"$J$228","bodyAddress":"$J$229:$J$264","_name":"ручное"}},"emcosID":null,"emcosMLID":null,"codMaketTEP":1474,"codTEP":null,"WSName":"PS","rangeAddress":"$J$227:$J$264","headAddress":"$J$227","bodyAddress":"$J$228:$J$264","_name":"прием"}},"emcosID":null,"emcosMLID":null,"codMaketTEP":null,"codTEP":null,"WSName":"PS","rangeAddress":"$J$226:$J$264","headAddress":"$J$226","bodyAddress":"$J$227:$J$264","_name":"От Сарканской ГЭС ТАТЭК"},"DB":{"_level":0,"parentID":"e6170cf9-6953-4ae1-9b6d-a554eccda42e","firstParentID":"e6170cf9-6953-4ae1-9b6d-a554eccda42e","ID":"93b801a7-22b0-412b-8aa4-cb05788e008e","childs":{"прием":{"_level":1,"parentID":"93b801a7-22b0-412b-8aa4-cb05788e008e","firstParentID":"e6170cf9-6953-4ae1-9b6d-a554eccda42e","ID":"d3c6e1c6-1e65-4c68-93de-210ae8b48899","childs":{"код":{"_level":2,"parentID":"d3c6e1c6-1e65-4c68-93de-210ae8b48899","firstParentID":"e6170cf9-6953-4ae1-9b6d-a554eccda42e","ID":"3a13796e-5179-4dd8-a7cb-b0e5818dbd24","childs":null,"emcosID":null,"emcosMLID":null,"codMaketTEP":null,"codTEP":null,"WSName":"DB","rangeAddress":"$G$568:$G$605","headAddress":"$G$568","bodyAddress":"$G$569:$G$605","_name":"код"},"основное":{"_level":2,"parentID":"d3c6e1c6-1e65-4c68-93de-210ae8b48899","firstParentID":"e6170cf9-6953-4ae1-9b6d-a554eccda42e","ID":"a44a11b7-4d3f-430f-a82e-e876f950c696","childs":null,"emcosID":null,"emcosMLID":null,"codMaketTEP":null,"codTEP":null,"WSName":"DB","rangeAddress":"$H$568:$H$605","headAddress":"$H$568","bodyAddress":"$H$569:$H$605","_name":"основное"},"корректировка факт":{"_level":2,"parentID":"d3c6e1c6-1e65-4c68-93de-210ae8b48899","firstParentID":"e6170cf9-6953-4ae1-9b6d-a554eccda42e","ID":"930a2258-4e08-4816-8a5d-9d79f7b19bce","childs":null,"emcosID":null,"emcosMLID":null,"codMaketTEP":null,"codTEP":null,"WSName":"DB","rangeAddress":"$I$568:$I$605","headAddress":"$I$568","bodyAddress":"$I$569:$I$605","_name":"корректировка факт"},"ручное":{"_level":2,"parentID":"d3c6e1c6-1e65-4c68-93de-210ae8b48899","firstParentID":"e6170cf9-6953-4ae1-9b6d-a554eccda42e","ID":"66d486ea-3fe2-414d-b29f-adf7d88a9edb","childs":null,"emcosID":null,"emcosMLID":null,"codMaketTEP":null,"codTEP":null,"WSName":"DB","rangeAddress":"$J$568:$J$605","headAddress":"$J$568","bodyAddress":"$J$569:$J$605","_name":"ручное"}},"emcosID":null,"emcosMLID":null,"codMaketTEP":null,"codTEP":null,"WSName":"DB","rangeAddress":"$G$567:$J$605","headAddress":"$G$567:$J$567","bodyAddress":"$G$568:$J$605","_name":"прием"}},"emcosID":null,"emcosMLID":null,"codMaketTEP":null,"codTEP":null,"WSName":"DB","rangeAddress":"$G$566:$J$605","headAddress":"$G$566:$J$566","bodyAddress":"$G$567:$J$605","_name":"От Сарканской ГЭС ТАТЭК"}},"codPlan":null,"meterCoef":null,"_name":"От Сарканской ГЭС ТАТЭК"}