{"ID":"1f73b93b-287b-4722-af05-ca2f2434e5ea","childs":{"PS":{"_level":0,"parentID":"1f73b93b-287b-4722-af05-ca2f2434e5ea","firstParentID":"1f73b93b-287b-4722-af05-ca2f2434e5ea","ID":"26ba445d-97ff-41f8-acda-5f85f995cfa4","childs":{"прием":{"_level":1,"parentID":"26ba445d-97ff-41f8-acda-5f85f995cfa4","firstParentID":"1f73b93b-287b-4722-af05-ca2f2434e5ea","ID":"ed46f8ec-e67d-4641-8f12-2919209a013c","childs":{"формула":{"_level":2,"parentID":"ed46f8ec-e67d-4641-8f12-2919209a013c","firstParentID":"1f73b93b-287b-4722-af05-ca2f2434e5ea","ID":"930dc774-f946-4d24-b7ee-18a2eb47db28","childs":null,"emcosID":null,"emcosMLID":null,"codMaketTEP":null,"codTEP":null,"WSName":"PS","rangeAddress":"$IF$99:$IF$135","headAddress":"$IF$99","bodyAddress":"$IF$100:$IF$135","_name":"формула"}},"emcosID":null,"emcosMLID":null,"codMaketTEP":null,"codTEP":null,"WSName":"PS","rangeAddress":"$IF$98:$IF$135","headAddress":"$IF$98","bodyAddress":"$IF$99:$IF$135","_name":"прием"},"отдача":{"_level":1,"parentID":"26ba445d-97ff-41f8-acda-5f85f995cfa4","firstParentID":"1f73b93b-287b-4722-af05-ca2f2434e5ea","ID":"56bf5498-a2dd-4e8b-a900-08c24fd054aa","childs":{"формула":{"_level":2,"parentID":"56bf5498-a2dd-4e8b-a900-08c24fd054aa","firstParentID":"1f73b93b-287b-4722-af05-ca2f2434e5ea","ID":"41bc225e-951e-41a2-b5a8-e9afccf6aaec","childs":null,"emcosID":null,"emcosMLID":null,"codMaketTEP":null,"codTEP":null,"WSName":"PS","rangeAddress":"$IG$99:$IG$135","headAddress":"$IG$99","bodyAddress":"$IG$100:$IG$135","_name":"формула"}},"emcosID":null,"emcosMLID":null,"codMaketTEP":null,"codTEP":null,"WSName":"PS","rangeAddress":"$IG$98:$IG$135","headAddress":"$IG$98","bodyAddress":"$IG$99:$IG$135","_name":"отдача"},"сальдо":{"_level":1,"parentID":"26ba445d-97ff-41f8-acda-5f85f995cfa4","firstParentID":"1f73b93b-287b-4722-af05-ca2f2434e5ea","ID":"89930d70-9420-41ba-a193-60f111829b9f","childs":{"формула":{"_level":2,"parentID":"89930d70-9420-41ba-a193-60f111829b9f","firstParentID":"1f73b93b-287b-4722-af05-ca2f2434e5ea","ID":"fb6365cd-6f92-443c-911d-b621de244b80","childs":null,"emcosID":null,"emcosMLID":null,"codMaketTEP":null,"codTEP":null,"WSName":"PS","rangeAddress":"$IH$99:$IH$135","headAddress":"$IH$99","bodyAddress":"$IH$100:$IH$135","_name":"формула"}},"emcosID":null,"emcosMLID":null,"codMaketTEP":1348,"codTEP":null,"WSName":"PS","rangeAddress":"$IH$98:$IH$135","headAddress":"$IH$98","bodyAddress":"$IH$99:$IH$135","_name":"сальдо"}},"emcosID":null,"emcosMLID":null,"codMaketTEP":null,"codTEP":null,"WSName":"PS","rangeAddress":"$IF$97:$IH$135","headAddress":"$IF$97:$IH$97","bodyAddress":"$IF$98:$IH$135","_name":"Л2183 Кемин"},"DB":{"_level":0,"parentID":"1f73b93b-287b-4722-af05-ca2f2434e5ea","firstParentID":"1f73b93b-287b-4722-af05-ca2f2434e5ea","ID":"48e6d74b-1e46-434d-aed4-09aa3bf1d1d1","childs":{"прием":{"_level":1,"parentID":"48e6d74b-1e46-434d-aed4-09aa3bf1d1d1","firstParentID":"1f73b93b-287b-4722-af05-ca2f2434e5ea","ID":"39292be3-1254-4003-b711-176c934f2a55","childs":{"код":{"_level":2,"parentID":"39292be3-1254-4003-b711-176c934f2a55","firstParentID":"1f73b93b-287b-4722-af05-ca2f2434e5ea","ID":"f98325c6-c55f-47b7-bbe9-94b64d882a9e","childs":null,"emcosID":null,"emcosMLID":null,"codMaketTEP":null,"codTEP":null,"WSName":"DB","rangeAddress":"$CC$95:$CC$132","headAddress":"$CC$95","bodyAddress":"$CC$96:$CC$132","_name":"код"},"основное":{"_level":2,"parentID":"39292be3-1254-4003-b711-176c934f2a55","firstParentID":"1f73b93b-287b-4722-af05-ca2f2434e5ea","ID":"01fefc8b-e142-4af5-b63f-2ff3c1d80dac","childs":null,"emcosID":null,"emcosMLID":null,"codMaketTEP":null,"codTEP":null,"WSName":"DB","rangeAddress":"$CD$95:$CD$132","headAddress":"$CD$95","bodyAddress":"$CD$96:$CD$132","_name":"основное"},"корректировка факт":{"_level":2,"parentID":"39292be3-1254-4003-b711-176c934f2a55","firstParentID":"1f73b93b-287b-4722-af05-ca2f2434e5ea","ID":"b46865cd-84b7-4304-9c1e-5e53d14a4ead","childs":null,"emcosID":null,"emcosMLID":null,"codMaketTEP":null,"codTEP":null,"WSName":"DB","rangeAddress":"$CE$95:$CE$132","headAddress":"$CE$95","bodyAddress":"$CE$96:$CE$132","_name":"корректировка факт"},"ручное":{"_level":2,"parentID":"39292be3-1254-4003-b711-176c934f2a55","firstParentID":"1f73b93b-287b-4722-af05-ca2f2434e5ea","ID":"fe14b96f-0670-4e6f-beb9-a6fb5d7e3f2d","childs":null,"emcosID":null,"emcosMLID":null,"codMaketTEP":null,"codTEP":null,"WSName":"DB","rangeAddress":"$CF$95:$CF$132","headAddress":"$CF$95","bodyAddress":"$CF$96:$CF$132","_name":"ручное"},"формула":{"_level":2,"parentID":"39292be3-1254-4003-b711-176c934f2a55","firstParentID":"1f73b93b-287b-4722-af05-ca2f2434e5ea","ID":"303c8a83-9587-4703-97a7-c0cdf2d359e0","childs":null,"emcosID":null,"emcosMLID":null,"codMaketTEP":null,"codTEP":null,"WSName":"DB","rangeAddress":"$CG$95:$CG$132","headAddress":"$CG$95","bodyAddress":"$CG$96:$CG$132","_name":"формула"}},"emcosID":null,"emcosMLID":null,"codMaketTEP":null,"codTEP":null,"WSName":"DB","rangeAddress":"$CC$94:$CG$132","headAddress":"$CC$94:$CG$94","bodyAddress":"$CC$95:$CG$132","_name":"прием"},"отдача":{"_level":1,"parentID":"48e6d74b-1e46-434d-aed4-09aa3bf1d1d1","firstParentID":"1f73b93b-287b-4722-af05-ca2f2434e5ea","ID":"41ccc3f9-f2da-4899-ab1f-87b3df4f99f7","childs":{"код":{"_level":2,"parentID":"41ccc3f9-f2da-4899-ab1f-87b3df4f99f7","firstParentID":"1f73b93b-287b-4722-af05-ca2f2434e5ea","ID":"3bf20725-a05e-49bf-8865-3c5ff8700c51","childs":null,"emcosID":null,"emcosMLID":null,"codMaketTEP":null,"codTEP":null,"WSName":"DB","rangeAddress":"$CH$95:$CH$132","headAddress":"$CH$95","bodyAddress":"$CH$96:$CH$132","_name":"код"},"основное":{"_level":2,"parentID":"41ccc3f9-f2da-4899-ab1f-87b3df4f99f7","firstParentID":"1f73b93b-287b-4722-af05-ca2f2434e5ea","ID":"7e137e83-ce0a-426b-8a01-b0f44fb8a0c7","childs":null,"emcosID":null,"emcosMLID":null,"codMaketTEP":null,"codTEP":null,"WSName":"DB","rangeAddress":"$CI$95:$CI$132","headAddress":"$CI$95","bodyAddress":"$CI$96:$CI$132","_name":"основное"},"корректировка факт":{"_level":2,"parentID":"41ccc3f9-f2da-4899-ab1f-87b3df4f99f7","firstParentID":"1f73b93b-287b-4722-af05-ca2f2434e5ea","ID":"5f40ee44-9752-4f84-b81d-e4208508e9d8","childs":null,"emcosID":null,"emcosMLID":null,"codMaketTEP":null,"codTEP":null,"WSName":"DB","rangeAddress":"$CJ$95:$CJ$132","headAddress":"$CJ$95","bodyAddress":"$CJ$96:$CJ$132","_name":"корректировка факт"},"ручное":{"_level":2,"parentID":"41ccc3f9-f2da-4899-ab1f-87b3df4f99f7","firstParentID":"1f73b93b-287b-4722-af05-ca2f2434e5ea","ID":"43136e48-a6f4-447f-8a60-b6e46b985fe1","childs":null,"emcosID":null,"emcosMLID":null,"codMaketTEP":null,"codTEP":null,"WSName":"DB","rangeAddress":"$CK$95:$CK$132","headAddress":"$CK$95","bodyAddress":"$CK$96:$CK$132","_name":"ручное"},"формула":{"_level":2,"parentID":"41ccc3f9-f2da-4899-ab1f-87b3df4f99f7","firstParentID":"1f73b93b-287b-4722-af05-ca2f2434e5ea","ID":"49fc999b-da5c-4eb3-aec9-b4cdb19fd6ae","childs":null,"emcosID":null,"emcosMLID":null,"codMaketTEP":null,"codTEP":null,"WSName":"DB","rangeAddress":"$CL$95:$CL$132","headAddress":"$CL$95","bodyAddress":"$CL$96:$CL$132","_name":"формула"}},"emcosID":null,"emcosMLID":null,"codMaketTEP":null,"codTEP":null,"WSName":"DB","rangeAddress":"$CH$94:$CL$132","headAddress":"$CH$94:$CL$94","bodyAddress":"$CH$95:$CL$132","_name":"отдача"},"сальдо":{"_level":1,"parentID":"48e6d74b-1e46-434d-aed4-09aa3bf1d1d1","firstParentID":"1f73b93b-287b-4722-af05-ca2f2434e5ea","ID":"d83f7d29-8d7e-4261-a6c1-da43d2cd5b47","childs":{"код":{"_level":2,"parentID":"d83f7d29-8d7e-4261-a6c1-da43d2cd5b47","firstParentID":"1f73b93b-287b-4722-af05-ca2f2434e5ea","ID":"916d44a8-7b3e-4ab5-9f8a-cb60d3cab0f4","childs":null,"emcosID":null,"emcosMLID":null,"codMaketTEP":null,"codTEP":null,"WSName":"DB","rangeAddress":"$CM$95:$CM$132","headAddress":"$CM$95","bodyAddress":"$CM$96:$CM$132","_name":"код"},"основное":{"_level":2,"parentID":"d83f7d29-8d7e-4261-a6c1-da43d2cd5b47","firstParentID":"1f73b93b-287b-4722-af05-ca2f2434e5ea","ID":"d0e4525c-0f32-48d5-b94f-ba415921f847","childs":null,"emcosID":null,"emcosMLID":null,"codMaketTEP":null,"codTEP":null,"WSName":"DB","rangeAddress":"$CN$95:$CN$132","headAddress":"$CN$95","bodyAddress":"$CN$96:$CN$132","_name":"основное"},"корректировка факт":{"_level":2,"parentID":"d83f7d29-8d7e-4261-a6c1-da43d2cd5b47","firstParentID":"1f73b93b-287b-4722-af05-ca2f2434e5ea","ID":"8c7cceca-e52f-416d-aaed-c269f986282d","childs":null,"emcosID":null,"emcosMLID":null,"codMaketTEP":null,"codTEP":null,"WSName":"DB","rangeAddress":"$CO$95:$CO$132","headAddress":"$CO$95","bodyAddress":"$CO$96:$CO$132","_name":"корректировка факт"},"ручное":{"_level":2,"parentID":"d83f7d29-8d7e-4261-a6c1-da43d2cd5b47","firstParentID":"1f73b93b-287b-4722-af05-ca2f2434e5ea","ID":"4f82faa4-6c32-45de-b76e-3ba8e10ddf31","childs":null,"emcosID":null,"emcosMLID":null,"codMaketTEP":null,"codTEP":null,"WSName":"DB","rangeAddress":"$CP$95:$CP$132","headAddress":"$CP$95","bodyAddress":"$CP$96:$CP$132","_name":"ручное"},"формула":{"_level":2,"parentID":"d83f7d29-8d7e-4261-a6c1-da43d2cd5b47","firstParentID":"1f73b93b-287b-4722-af05-ca2f2434e5ea","ID":"c5620b15-61b2-4a80-a011-ca021e7a943b","childs":null,"emcosID":null,"emcosMLID":null,"codMaketTEP":null,"codTEP":null,"WSName":"DB","rangeAddress":"$CQ$95:$CQ$132","headAddress":"$CQ$95","bodyAddress":"$CQ$96:$CQ$132","_name":"формула"}},"emcosID":null,"emcosMLID":null,"codMaketTEP":null,"codTEP":null,"WSName":"DB","rangeAddress":"$CM$94:$CQ$132","headAddress":"$CM$94:$CQ$94","bodyAddress":"$CM$95:$CQ$132","_name":"сальдо"}},"emcosID":null,"emcosMLID":null,"codMaketTEP":null,"codTEP":null,"WSName":"DB","rangeAddress":"$CC$93:$CQ$132","headAddress":"$CC$93:$CQ$93","bodyAddress":"$CC$94:$CQ$132","_name":"Л2183 Кемин"}},"codPlan":null,"meterCoef":null,"_name":"Л2183 Кемин"}