{"ID":"899e4c30-671b-4f33-b889-f4537d28c839","childs":{"PS":{"_level":0,"parentID":"899e4c30-671b-4f33-b889-f4537d28c839","firstParentID":"899e4c30-671b-4f33-b889-f4537d28c839","ID":"b42a813b-44e0-4550-8a85-a198a3cd0f8d","childs":{"прием":{"_level":1,"parentID":"b42a813b-44e0-4550-8a85-a198a3cd0f8d","firstParentID":"899e4c30-671b-4f33-b889-f4537d28c839","ID":"175835c2-5249-40eb-b480-e413ae2ac999","childs":{"аскуэ":{"_level":2,"parentID":"175835c2-5249-40eb-b480-e413ae2ac999","firstParentID":"899e4c30-671b-4f33-b889-f4537d28c839","ID":"1671b748-fe55-4d68-bbe5-7e4d0a2ca79c","childs":null,"emcosID":null,"emcosMLID":null,"codMaketTEP":null,"codTEP":null,"WSName":"PS","rangeAddress":"$HB$99:$HB$135","headAddress":"$HB$99","bodyAddress":"$HB$100:$HB$135","_name":"аскуэ"}},"emcosID":null,"emcosMLID":null,"codMaketTEP":null,"codTEP":null,"WSName":"PS","rangeAddress":"$HB$98:$HB$135","headAddress":"$HB$98","bodyAddress":"$HB$99:$HB$135","_name":"прием"},"отдача":{"_level":1,"parentID":"b42a813b-44e0-4550-8a85-a198a3cd0f8d","firstParentID":"899e4c30-671b-4f33-b889-f4537d28c839","ID":"8fc8ea7d-86a4-4706-b0e9-cb86e3f22d41","childs":{"аскуэ":{"_level":2,"parentID":"8fc8ea7d-86a4-4706-b0e9-cb86e3f22d41","firstParentID":"899e4c30-671b-4f33-b889-f4537d28c839","ID":"e1b94429-a3f2-4157-be54-36e57a5b3f01","childs":null,"emcosID":null,"emcosMLID":null,"codMaketTEP":null,"codTEP":null,"WSName":"PS","rangeAddress":"$HC$99:$HC$135","headAddress":"$HC$99","bodyAddress":"$HC$100:$HC$135","_name":"аскуэ"}},"emcosID":null,"emcosMLID":null,"codMaketTEP":null,"codTEP":null,"WSName":"PS","rangeAddress":"$HC$98:$HC$135","headAddress":"$HC$98","bodyAddress":"$HC$99:$HC$135","_name":"отдача"},"сальдо":{"_level":1,"parentID":"b42a813b-44e0-4550-8a85-a198a3cd0f8d","firstParentID":"899e4c30-671b-4f33-b889-f4537d28c839","ID":"2f7b7d44-e0ca-4727-b59b-d16af7df9cf0","childs":{"формула":{"_level":2,"parentID":"2f7b7d44-e0ca-4727-b59b-d16af7df9cf0","firstParentID":"899e4c30-671b-4f33-b889-f4537d28c839","ID":"55f7917d-a554-4362-a8a3-6a9a45cf15d6","childs":null,"emcosID":null,"emcosMLID":null,"codMaketTEP":null,"codTEP":null,"WSName":"PS","rangeAddress":"$HD$99:$HD$135","headAddress":"$HD$99","bodyAddress":"$HD$100:$HD$135","_name":"формула"}},"emcosID":null,"emcosMLID":null,"codMaketTEP":1349,"codTEP":null,"WSName":"PS","rangeAddress":"$HD$98:$HD$135","headAddress":"$HD$98","bodyAddress":"$HD$99:$HD$135","_name":"сальдо"}},"emcosID":null,"emcosMLID":null,"codMaketTEP":null,"codTEP":null,"WSName":"PS","rangeAddress":"$HB$97:$HD$135","headAddress":"$HB$97:$HD$97","bodyAddress":"$HB$98:$HD$135","_name":"Л2183 Западная 140А"},"DB":{"_level":0,"parentID":"899e4c30-671b-4f33-b889-f4537d28c839","firstParentID":"899e4c30-671b-4f33-b889-f4537d28c839","ID":"0a58740f-fd86-4bd8-bada-4776c8271619","childs":{"прием":{"_level":1,"parentID":"0a58740f-fd86-4bd8-bada-4776c8271619","firstParentID":"899e4c30-671b-4f33-b889-f4537d28c839","ID":"d236f7bd-1193-4794-9835-bf4b8934ce25","childs":{"код":{"_level":2,"parentID":"d236f7bd-1193-4794-9835-bf4b8934ce25","firstParentID":"899e4c30-671b-4f33-b889-f4537d28c839","ID":"9363c280-0246-4f17-ba96-1f91b2b76ab7","childs":null,"emcosID":null,"emcosMLID":null,"codMaketTEP":null,"codTEP":null,"WSName":"DB","rangeAddress":"$FS$95:$FS$132","headAddress":"$FS$95","bodyAddress":"$FS$96:$FS$132","_name":"код"},"основное":{"_level":2,"parentID":"d236f7bd-1193-4794-9835-bf4b8934ce25","firstParentID":"899e4c30-671b-4f33-b889-f4537d28c839","ID":"642e4a7a-fae8-4c6e-a0eb-027127c0c48b","childs":null,"emcosID":null,"emcosMLID":null,"codMaketTEP":null,"codTEP":null,"WSName":"DB","rangeAddress":"$FT$95:$FT$132","headAddress":"$FT$95","bodyAddress":"$FT$96:$FT$132","_name":"основное"},"корректировка факт":{"_level":2,"parentID":"d236f7bd-1193-4794-9835-bf4b8934ce25","firstParentID":"899e4c30-671b-4f33-b889-f4537d28c839","ID":"c797c080-3f9d-49b7-8975-d6006777e23d","childs":null,"emcosID":null,"emcosMLID":null,"codMaketTEP":null,"codTEP":null,"WSName":"DB","rangeAddress":"$FU$95:$FU$132","headAddress":"$FU$95","bodyAddress":"$FU$96:$FU$132","_name":"корректировка факт"},"ручное":{"_level":2,"parentID":"d236f7bd-1193-4794-9835-bf4b8934ce25","firstParentID":"899e4c30-671b-4f33-b889-f4537d28c839","ID":"86cba8f5-1d7f-469f-afa6-f7febd6b31ed","childs":null,"emcosID":null,"emcosMLID":null,"codMaketTEP":null,"codTEP":null,"WSName":"DB","rangeAddress":"$FV$95:$FV$132","headAddress":"$FV$95","bodyAddress":"$FV$96:$FV$132","_name":"ручное"},"оперативное":{"_level":2,"parentID":"d236f7bd-1193-4794-9835-bf4b8934ce25","firstParentID":"899e4c30-671b-4f33-b889-f4537d28c839","ID":"5ed54e0a-7cfa-4109-836b-7499e749b599","childs":null,"emcosID":null,"emcosMLID":null,"codMaketTEP":null,"codTEP":null,"WSName":"DB","rangeAddress":"$FW$95:$FW$132","headAddress":"$FW$95","bodyAddress":"$FW$96:$FW$132","_name":"оперативное"},"аскуэ":{"_level":2,"parentID":"d236f7bd-1193-4794-9835-bf4b8934ce25","firstParentID":"899e4c30-671b-4f33-b889-f4537d28c839","ID":"9b55169e-c348-4984-b89c-b180386d7487","childs":null,"emcosID":null,"emcosMLID":null,"codMaketTEP":null,"codTEP":null,"WSName":"DB","rangeAddress":"$FX$95:$FX$132","headAddress":"$FX$95","bodyAddress":"$FX$96:$FX$132","_name":"аскуэ"}},"emcosID":680,"emcosMLID":385,"codMaketTEP":null,"codTEP":null,"WSName":"DB","rangeAddress":"$FS$94:$FX$132","headAddress":"$FS$94:$FX$94","bodyAddress":"$FS$95:$FX$132","_name":"прием"},"отдача":{"_level":1,"parentID":"0a58740f-fd86-4bd8-bada-4776c8271619","firstParentID":"899e4c30-671b-4f33-b889-f4537d28c839","ID":"ad223ebd-dc0c-438d-ab38-ab59ad217178","childs":{"код":{"_level":2,"parentID":"ad223ebd-dc0c-438d-ab38-ab59ad217178","firstParentID":"899e4c30-671b-4f33-b889-f4537d28c839","ID":"df8ae9f5-9726-4296-9995-10fbc147e5d9","childs":null,"emcosID":null,"emcosMLID":null,"codMaketTEP":null,"codTEP":null,"WSName":"DB","rangeAddress":"$FY$95:$FY$132","headAddress":"$FY$95","bodyAddress":"$FY$96:$FY$132","_name":"код"},"основное":{"_level":2,"parentID":"ad223ebd-dc0c-438d-ab38-ab59ad217178","firstParentID":"899e4c30-671b-4f33-b889-f4537d28c839","ID":"29d198c7-e667-41d7-839e-e079b3349f88","childs":null,"emcosID":null,"emcosMLID":null,"codMaketTEP":null,"codTEP":null,"WSName":"DB","rangeAddress":"$FZ$95:$FZ$132","headAddress":"$FZ$95","bodyAddress":"$FZ$96:$FZ$132","_name":"основное"},"корректировка факт":{"_level":2,"parentID":"ad223ebd-dc0c-438d-ab38-ab59ad217178","firstParentID":"899e4c30-671b-4f33-b889-f4537d28c839","ID":"b592b8d0-fa4a-4a18-b816-5dfe9c1e29bb","childs":null,"emcosID":null,"emcosMLID":null,"codMaketTEP":null,"codTEP":null,"WSName":"DB","rangeAddress":"$GA$95:$GA$132","headAddress":"$GA$95","bodyAddress":"$GA$96:$GA$132","_name":"корректировка факт"},"ручное":{"_level":2,"parentID":"ad223ebd-dc0c-438d-ab38-ab59ad217178","firstParentID":"899e4c30-671b-4f33-b889-f4537d28c839","ID":"8d6df6b4-2f38-4ae4-86e6-eeb09923f3c1","childs":null,"emcosID":null,"emcosMLID":null,"codMaketTEP":null,"codTEP":null,"WSName":"DB","rangeAddress":"$GB$95:$GB$132","headAddress":"$GB$95","bodyAddress":"$GB$96:$GB$132","_name":"ручное"},"оперативное":{"_level":2,"parentID":"ad223ebd-dc0c-438d-ab38-ab59ad217178","firstParentID":"899e4c30-671b-4f33-b889-f4537d28c839","ID":"7c687aed-f51c-4fc2-86a2-f2670338a714","childs":null,"emcosID":null,"emcosMLID":null,"codMaketTEP":null,"codTEP":null,"WSName":"DB","rangeAddress":"$GC$95:$GC$132","headAddress":"$GC$95","bodyAddress":"$GC$96:$GC$132","_name":"оперативное"},"аскуэ":{"_level":2,"parentID":"ad223ebd-dc0c-438d-ab38-ab59ad217178","firstParentID":"899e4c30-671b-4f33-b889-f4537d28c839","ID":"2d199461-58ef-4683-8a1c-845b85769ef1","childs":null,"emcosID":null,"emcosMLID":null,"codMaketTEP":null,"codTEP":null,"WSName":"DB","rangeAddress":"$GD$95:$GD$132","headAddress":"$GD$95","bodyAddress":"$GD$96:$GD$132","_name":"аскуэ"}},"emcosID":680,"emcosMLID":386,"codMaketTEP":null,"codTEP":null,"WSName":"DB","rangeAddress":"$FY$94:$GD$132","headAddress":"$FY$94:$GD$94","bodyAddress":"$FY$95:$GD$132","_name":"отдача"},"сальдо":{"_level":1,"parentID":"0a58740f-fd86-4bd8-bada-4776c8271619","firstParentID":"899e4c30-671b-4f33-b889-f4537d28c839","ID":"a7a163b7-e10f-46aa-8365-6ddf4a65bb1d","childs":{"код":{"_level":2,"parentID":"a7a163b7-e10f-46aa-8365-6ddf4a65bb1d","firstParentID":"899e4c30-671b-4f33-b889-f4537d28c839","ID":"6d00e0ea-c2e0-4317-8aa6-e8375a1b6c41","childs":null,"emcosID":null,"emcosMLID":null,"codMaketTEP":null,"codTEP":null,"WSName":"DB","rangeAddress":"$GE$95:$GE$132","headAddress":"$GE$95","bodyAddress":"$GE$96:$GE$132","_name":"код"},"основное":{"_level":2,"parentID":"a7a163b7-e10f-46aa-8365-6ddf4a65bb1d","firstParentID":"899e4c30-671b-4f33-b889-f4537d28c839","ID":"4d5b015a-91c1-4daa-997c-28bf60d69dd2","childs":null,"emcosID":null,"emcosMLID":null,"codMaketTEP":null,"codTEP":null,"WSName":"DB","rangeAddress":"$GF$95:$GF$132","headAddress":"$GF$95","bodyAddress":"$GF$96:$GF$132","_name":"основное"},"корректировка факт":{"_level":2,"parentID":"a7a163b7-e10f-46aa-8365-6ddf4a65bb1d","firstParentID":"899e4c30-671b-4f33-b889-f4537d28c839","ID":"c3c11221-5e44-4c4a-afcc-fb90b3f5f519","childs":null,"emcosID":null,"emcosMLID":null,"codMaketTEP":null,"codTEP":null,"WSName":"DB","rangeAddress":"$GG$95:$GG$132","headAddress":"$GG$95","bodyAddress":"$GG$96:$GG$132","_name":"корректировка факт"},"ручное":{"_level":2,"parentID":"a7a163b7-e10f-46aa-8365-6ddf4a65bb1d","firstParentID":"899e4c30-671b-4f33-b889-f4537d28c839","ID":"7208caaa-f56f-4626-bc9e-cec0f0a6a73d","childs":null,"emcosID":null,"emcosMLID":null,"codMaketTEP":null,"codTEP":null,"WSName":"DB","rangeAddress":"$GH$95:$GH$132","headAddress":"$GH$95","bodyAddress":"$GH$96:$GH$132","_name":"ручное"},"формула":{"_level":2,"parentID":"a7a163b7-e10f-46aa-8365-6ddf4a65bb1d","firstParentID":"899e4c30-671b-4f33-b889-f4537d28c839","ID":"942bdb65-5d13-45bc-a91f-f3f80354e86e","childs":null,"emcosID":null,"emcosMLID":null,"codMaketTEP":null,"codTEP":null,"WSName":"DB","rangeAddress":"$GI$95:$GI$132","headAddress":"$GI$95","bodyAddress":"$GI$96:$GI$132","_name":"формула"}},"emcosID":null,"emcosMLID":null,"codMaketTEP":null,"codTEP":null,"WSName":"DB","rangeAddress":"$GE$94:$GI$132","headAddress":"$GE$94:$GI$94","bodyAddress":"$GE$95:$GI$132","_name":"сальдо"}},"emcosID":null,"emcosMLID":null,"codMaketTEP":null,"codTEP":null,"WSName":"DB","rangeAddress":"$FS$93:$GI$132","headAddress":"$FS$93:$GI$93","bodyAddress":"$FS$94:$GI$132","_name":"Л2183 Западная 140А"}},"codPlan":null,"meterCoef":null,"_name":"Л2183 Западная 140А"}