{"ID":"1139ed7c-6976-4251-b1d8-9ee92fa066d3","childs":{"PS":{"_level":0,"parentID":"1139ed7c-6976-4251-b1d8-9ee92fa066d3","firstParentID":"1139ed7c-6976-4251-b1d8-9ee92fa066d3","ID":"cd4da1a2-ef38-482a-bbd1-c4e8b29bacbc","childs":{"прием":{"_level":1,"parentID":"cd4da1a2-ef38-482a-bbd1-c4e8b29bacbc","firstParentID":"1139ed7c-6976-4251-b1d8-9ee92fa066d3","ID":"346d5345-cc4b-4cf6-917b-0fcb3cb2b743","childs":{"формула":{"_level":2,"parentID":"346d5345-cc4b-4cf6-917b-0fcb3cb2b743","firstParentID":"1139ed7c-6976-4251-b1d8-9ee92fa066d3","ID":"d208be3a-68b9-4824-92fe-e3fe82dd075d","childs":null,"emcosID":null,"emcosMLID":null,"codMaketTEP":null,"codTEP":null,"WSName":"PS","rangeAddress":"$AY$185:$AY$221","headAddress":"$AY$185","bodyAddress":"$AY$186:$AY$221","_name":"формула"}},"emcosID":null,"emcosMLID":null,"codMaketTEP":1328,"codTEP":null,"WSName":"PS","rangeAddress":"$AY$184:$AY$221","headAddress":"$AY$184","bodyAddress":"$AY$185:$AY$221","_name":"прием"},"план":{"_level":1,"parentID":"cd4da1a2-ef38-482a-bbd1-c4e8b29bacbc","firstParentID":"1139ed7c-6976-4251-b1d8-9ee92fa066d3","ID":"1bc2bb3a-fcf8-466f-86a6-4ba722916be3","childs":{"заявка":{"_level":2,"parentID":"1bc2bb3a-fcf8-466f-86a6-4ba722916be3","firstParentID":"1139ed7c-6976-4251-b1d8-9ee92fa066d3","ID":"54d83e75-e275-4b6f-b3a3-03539e126998","childs":null,"emcosID":null,"emcosMLID":null,"codMaketTEP":null,"codTEP":null,"WSName":"PS","rangeAddress":"$AZ$185:$AZ$221","headAddress":"$AZ$185","bodyAddress":"$AZ$186:$AZ$221","_name":"заявка"}},"emcosID":null,"emcosMLID":null,"codMaketTEP":null,"codTEP":null,"WSName":"PS","rangeAddress":"$AZ$184:$AZ$221","headAddress":"$AZ$184","bodyAddress":"$AZ$185:$AZ$221","_name":"план"}},"emcosID":null,"emcosMLID":null,"codMaketTEP":null,"codTEP":null,"WSName":"PS","rangeAddress":"$AY$183:$AZ$221","headAddress":"$AY$183:$AZ$183","bodyAddress":"$AY$184:$AZ$221","_name":"Потребление Каз Экотранс Алматы"},"DB":{"_level":0,"parentID":"1139ed7c-6976-4251-b1d8-9ee92fa066d3","firstParentID":"1139ed7c-6976-4251-b1d8-9ee92fa066d3","ID":"d6a1ee8d-dd83-4e98-8942-7923e0212a5d","childs":{"прием":{"_level":1,"parentID":"d6a1ee8d-dd83-4e98-8942-7923e0212a5d","firstParentID":"1139ed7c-6976-4251-b1d8-9ee92fa066d3","ID":"f39220c5-f9d9-4bb6-a9f3-3af3c13b2bd6","childs":{"код":{"_level":2,"parentID":"f39220c5-f9d9-4bb6-a9f3-3af3c13b2bd6","firstParentID":"1139ed7c-6976-4251-b1d8-9ee92fa066d3","ID":"6d1918a2-c3f2-4c0c-843c-a34ec8180fbe","childs":null,"emcosID":null,"emcosMLID":null,"codMaketTEP":null,"codTEP":null,"WSName":"DB","rangeAddress":"$EM$439:$EM$476","headAddress":"$EM$439","bodyAddress":"$EM$440:$EM$476","_name":"код"},"основное":{"_level":2,"parentID":"f39220c5-f9d9-4bb6-a9f3-3af3c13b2bd6","firstParentID":"1139ed7c-6976-4251-b1d8-9ee92fa066d3","ID":"fa0c0a39-8e2a-4d62-9d3e-f5088ce66271","childs":null,"emcosID":null,"emcosMLID":null,"codMaketTEP":null,"codTEP":null,"WSName":"DB","rangeAddress":"$EN$439:$EN$476","headAddress":"$EN$439","bodyAddress":"$EN$440:$EN$476","_name":"основное"},"корректировка факт":{"_level":2,"parentID":"f39220c5-f9d9-4bb6-a9f3-3af3c13b2bd6","firstParentID":"1139ed7c-6976-4251-b1d8-9ee92fa066d3","ID":"818a007d-edc6-487b-b6e1-de33d1c9eda9","childs":null,"emcosID":null,"emcosMLID":null,"codMaketTEP":null,"codTEP":null,"WSName":"DB","rangeAddress":"$EO$439:$EO$476","headAddress":"$EO$439","bodyAddress":"$EO$440:$EO$476","_name":"корректировка факт"},"ручное":{"_level":2,"parentID":"f39220c5-f9d9-4bb6-a9f3-3af3c13b2bd6","firstParentID":"1139ed7c-6976-4251-b1d8-9ee92fa066d3","ID":"822da6ba-6ce5-4313-9254-5a5b8b9f3fb8","childs":null,"emcosID":null,"emcosMLID":null,"codMaketTEP":null,"codTEP":null,"WSName":"DB","rangeAddress":"$EP$439:$EP$476","headAddress":"$EP$439","bodyAddress":"$EP$440:$EP$476","_name":"ручное"},"по плану":{"_level":2,"parentID":"f39220c5-f9d9-4bb6-a9f3-3af3c13b2bd6","firstParentID":"1139ed7c-6976-4251-b1d8-9ee92fa066d3","ID":"65294798-60cd-4e61-913e-69b5bb1cd97f","childs":null,"emcosID":null,"emcosMLID":null,"codMaketTEP":null,"codTEP":null,"WSName":"DB","rangeAddress":"$EQ$439:$EQ$476","headAddress":"$EQ$439","bodyAddress":"$EQ$440:$EQ$476","_name":"по плану"},"формула":{"_level":2,"parentID":"f39220c5-f9d9-4bb6-a9f3-3af3c13b2bd6","firstParentID":"1139ed7c-6976-4251-b1d8-9ee92fa066d3","ID":"3fafa1c7-247b-4b38-836d-c0581bd0b455","childs":null,"emcosID":null,"emcosMLID":null,"codMaketTEP":null,"codTEP":null,"WSName":"DB","rangeAddress":"$ER$439:$ER$476","headAddress":"$ER$439","bodyAddress":"$ER$440:$ER$476","_name":"формула"}},"emcosID":null,"emcosMLID":null,"codMaketTEP":null,"codTEP":null,"WSName":"DB","rangeAddress":"$EM$438:$ER$476","headAddress":"$EM$438:$ER$438","bodyAddress":"$EM$439:$ER$476","_name":"прием"},"план":{"_level":1,"parentID":"d6a1ee8d-dd83-4e98-8942-7923e0212a5d","firstParentID":"1139ed7c-6976-4251-b1d8-9ee92fa066d3","ID":"cc0a2553-0966-4836-9e97-2c59682065a7","childs":{"код":{"_level":2,"parentID":"cc0a2553-0966-4836-9e97-2c59682065a7","firstParentID":"1139ed7c-6976-4251-b1d8-9ee92fa066d3","ID":"0872b488-6619-47af-b099-af9f613909e3","childs":null,"emcosID":null,"emcosMLID":null,"codMaketTEP":null,"codTEP":null,"WSName":"DB","rangeAddress":"$ES$439:$ES$476","headAddress":"$ES$439","bodyAddress":"$ES$440:$ES$476","_name":"код"},"основное":{"_level":2,"parentID":"cc0a2553-0966-4836-9e97-2c59682065a7","firstParentID":"1139ed7c-6976-4251-b1d8-9ee92fa066d3","ID":"25022447-0c6c-4bd7-81c2-b2116897a99a","childs":null,"emcosID":null,"emcosMLID":null,"codMaketTEP":null,"codTEP":null,"WSName":"DB","rangeAddress":"$ET$439:$ET$476","headAddress":"$ET$439","bodyAddress":"$ET$440:$ET$476","_name":"основное"},"заявка":{"_level":2,"parentID":"cc0a2553-0966-4836-9e97-2c59682065a7","firstParentID":"1139ed7c-6976-4251-b1d8-9ee92fa066d3","ID":"1e39656d-90b4-4cf2-83ef-e3bb4af31e8a","childs":null,"emcosID":null,"emcosMLID":null,"codMaketTEP":null,"codTEP":null,"WSName":"DB","rangeAddress":"$EU$439:$EU$476","headAddress":"$EU$439","bodyAddress":"$EU$440:$EU$476","_name":"заявка"},"утвержденный":{"_level":2,"parentID":"cc0a2553-0966-4836-9e97-2c59682065a7","firstParentID":"1139ed7c-6976-4251-b1d8-9ee92fa066d3","ID":"dbbd6066-9de0-4d01-bc21-d16c5fedc1b9","childs":null,"emcosID":null,"emcosMLID":null,"codMaketTEP":null,"codTEP":null,"WSName":"DB","rangeAddress":"$EV$439:$EV$476","headAddress":"$EV$439","bodyAddress":"$EV$440:$EV$476","_name":"утвержденный"},"корректировка":{"_level":2,"parentID":"cc0a2553-0966-4836-9e97-2c59682065a7","firstParentID":"1139ed7c-6976-4251-b1d8-9ee92fa066d3","ID":"444e3f38-0c5f-465d-b420-3d3b1f47cf16","childs":null,"emcosID":null,"emcosMLID":null,"codMaketTEP":null,"codTEP":null,"WSName":"DB","rangeAddress":"$EW$439:$EW$476","headAddress":"$EW$439","bodyAddress":"$EW$440:$EW$476","_name":"корректировка"}},"emcosID":null,"emcosMLID":null,"codMaketTEP":null,"codTEP":null,"WSName":"DB","rangeAddress":"$ES$438:$EW$476","headAddress":"$ES$438:$EW$438","bodyAddress":"$ES$439:$EW$476","_name":"план"}},"emcosID":null,"emcosMLID":null,"codMaketTEP":null,"codTEP":null,"WSName":"DB","rangeAddress":"$EM$437:$EW$476","headAddress":"$EM$437:$EW$437","bodyAddress":"$EM$438:$EW$476","_name":"Потребление Каз Экотранс Алматы"}},"codPlan":112,"meterCoef":null,"_name":"Потребление Каз Экотранс Алматы"}