{"ID":"418ed2f0-262d-4d42-96f2-2f36e3ebd4e5","childs":{"PS":{"_level":0,"parentID":"418ed2f0-262d-4d42-96f2-2f36e3ebd4e5","firstParentID":"418ed2f0-262d-4d42-96f2-2f36e3ebd4e5","ID":"3ac90ebc-5a1e-40c3-b2fa-2bb2aca7f0fb","childs":{"отдача":{"_level":1,"parentID":"3ac90ebc-5a1e-40c3-b2fa-2bb2aca7f0fb","firstParentID":"418ed2f0-262d-4d42-96f2-2f36e3ebd4e5","ID":"50d41c59-ee14-491a-b7b7-46c416477025","childs":{"оперативное":{"_level":2,"parentID":"50d41c59-ee14-491a-b7b7-46c416477025","firstParentID":"418ed2f0-262d-4d42-96f2-2f36e3ebd4e5","ID":"ecf79dd5-2c65-4394-8235-8ea37cc56915","childs":null,"emcosID":null,"emcosMLID":null,"codMaketTEP":null,"codTEP":null,"WSName":"PS","rangeAddress":"$EJ$185:$EJ$221","headAddress":"$EJ$185","bodyAddress":"$EJ$186:$EJ$221","_name":"оперативное"}},"emcosID":null,"emcosMLID":null,"codMaketTEP":1319,"codTEP":null,"WSName":"PS","rangeAddress":"$EJ$184:$EJ$221","headAddress":"$EJ$184","bodyAddress":"$EJ$185:$EJ$221","_name":"отдача"}},"emcosID":null,"emcosMLID":null,"codMaketTEP":null,"codTEP":null,"WSName":"PS","rangeAddress":"$EJ$183:$EJ$221","headAddress":"$EJ$183","bodyAddress":"$EJ$184:$EJ$221","_name":"Генерация Almaty Engineering Талгарская ГЭС"},"DB":{"_level":0,"parentID":"418ed2f0-262d-4d42-96f2-2f36e3ebd4e5","firstParentID":"418ed2f0-262d-4d42-96f2-2f36e3ebd4e5","ID":"176205f0-e7e3-4a89-aec8-9c2820ec4351","childs":{"отдача":{"_level":1,"parentID":"176205f0-e7e3-4a89-aec8-9c2820ec4351","firstParentID":"418ed2f0-262d-4d42-96f2-2f36e3ebd4e5","ID":"633676fa-f1ec-4193-bb5b-4e38b5e7497c","childs":{"код":{"_level":2,"parentID":"633676fa-f1ec-4193-bb5b-4e38b5e7497c","firstParentID":"418ed2f0-262d-4d42-96f2-2f36e3ebd4e5","ID":"a14eb433-c529-4c74-8425-47f8de4389b6","childs":null,"emcosID":null,"emcosMLID":null,"codMaketTEP":null,"codTEP":null,"WSName":"DB","rangeAddress":"$FO$267:$FO$304","headAddress":"$FO$267","bodyAddress":"$FO$268:$FO$304","_name":"код"},"основное":{"_level":2,"parentID":"633676fa-f1ec-4193-bb5b-4e38b5e7497c","firstParentID":"418ed2f0-262d-4d42-96f2-2f36e3ebd4e5","ID":"c6d4ddb2-46af-43d3-a53a-155301132bd5","childs":null,"emcosID":null,"emcosMLID":null,"codMaketTEP":null,"codTEP":null,"WSName":"DB","rangeAddress":"$FP$267:$FP$304","headAddress":"$FP$267","bodyAddress":"$FP$268:$FP$304","_name":"основное"},"корректировка факт":{"_level":2,"parentID":"633676fa-f1ec-4193-bb5b-4e38b5e7497c","firstParentID":"418ed2f0-262d-4d42-96f2-2f36e3ebd4e5","ID":"8f112e03-9047-4b48-9e9c-7951726fdb2d","childs":null,"emcosID":null,"emcosMLID":null,"codMaketTEP":null,"codTEP":null,"WSName":"DB","rangeAddress":"$FQ$267:$FQ$304","headAddress":"$FQ$267","bodyAddress":"$FQ$268:$FQ$304","_name":"корректировка факт"},"ручное":{"_level":2,"parentID":"633676fa-f1ec-4193-bb5b-4e38b5e7497c","firstParentID":"418ed2f0-262d-4d42-96f2-2f36e3ebd4e5","ID":"d200ceca-3ced-4b8b-9290-5fbfe177da73","childs":null,"emcosID":null,"emcosMLID":null,"codMaketTEP":null,"codTEP":null,"WSName":"DB","rangeAddress":"$FR$267:$FR$304","headAddress":"$FR$267","bodyAddress":"$FR$268:$FR$304","_name":"ручное"},"оперативное":{"_level":2,"parentID":"633676fa-f1ec-4193-bb5b-4e38b5e7497c","firstParentID":"418ed2f0-262d-4d42-96f2-2f36e3ebd4e5","ID":"cfef3e1d-8f77-4e9b-94f8-f45d1ec06d3a","childs":null,"emcosID":null,"emcosMLID":null,"codMaketTEP":null,"codTEP":null,"WSName":"DB","rangeAddress":"$FS$267:$FS$304","headAddress":"$FS$267","bodyAddress":"$FS$268:$FS$304","_name":"оперативное"}},"emcosID":null,"emcosMLID":null,"codMaketTEP":null,"codTEP":null,"WSName":"DB","rangeAddress":"$FO$266:$FS$304","headAddress":"$FO$266:$FS$266","bodyAddress":"$FO$267:$FS$304","_name":"отдача"}},"emcosID":null,"emcosMLID":null,"codMaketTEP":null,"codTEP":null,"WSName":"DB","rangeAddress":"$FO$265:$FS$304","headAddress":"$FO$265:$FS$265","bodyAddress":"$FO$266:$FS$304","_name":"Генерация Almaty Engineering Талгарская ГЭС"}},"codPlan":null,"meterCoef":null,"_name":"Генерация Almaty Engineering Талгарская ГЭС"}