{"ID":"a3c3484a-c1f2-423a-a363-68d871e4221b","childs":{"PS":{"_level":0,"parentID":"a3c3484a-c1f2-423a-a363-68d871e4221b","firstParentID":"a3c3484a-c1f2-423a-a363-68d871e4221b","ID":"46cd17eb-2a13-4e58-9af2-9bd09b0fce1b","childs":{"прием":{"_level":1,"parentID":"46cd17eb-2a13-4e58-9af2-9bd09b0fce1b","firstParentID":"a3c3484a-c1f2-423a-a363-68d871e4221b","ID":"bd37d789-f382-496e-ad55-cfcf14373c79","childs":{"по счетчику":{"_level":2,"parentID":"bd37d789-f382-496e-ad55-cfcf14373c79","firstParentID":"a3c3484a-c1f2-423a-a363-68d871e4221b","ID":"db01de40-385e-4937-b7c5-62f1af471bbb","childs":null,"emcosID":null,"emcosMLID":null,"WSName":"PS","rangeAddress":"$DO$56:$DO$92","headAddress":"$DO$56","bodyAddress":"$DO$57:$DO$92","_name":"по счетчику"}},"emcosID":null,"emcosMLID":null,"WSName":"PS","rangeAddress":"$DO$55:$DO$92","headAddress":"$DO$55","bodyAddress":"$DO$56:$DO$92","_name":"прием"},"отдача":{"_level":1,"parentID":"46cd17eb-2a13-4e58-9af2-9bd09b0fce1b","firstParentID":"a3c3484a-c1f2-423a-a363-68d871e4221b","ID":"2da812a2-344d-490f-93eb-5cc966a2614f","childs":{"по счетчику":{"_level":2,"parentID":"2da812a2-344d-490f-93eb-5cc966a2614f","firstParentID":"a3c3484a-c1f2-423a-a363-68d871e4221b","ID":"641c353e-9a23-4dca-b151-ce46cecd0d04","childs":null,"emcosID":null,"emcosMLID":null,"WSName":"PS","rangeAddress":"$DP$56:$DP$92","headAddress":"$DP$56","bodyAddress":"$DP$57:$DP$92","_name":"по счетчику"}},"emcosID":null,"emcosMLID":null,"WSName":"PS","rangeAddress":"$DP$55:$DP$92","headAddress":"$DP$55","bodyAddress":"$DP$56:$DP$92","_name":"отдача"}},"emcosID":null,"emcosMLID":null,"WSName":"PS","rangeAddress":"$DO$54:$DP$92","headAddress":"$DO$54:$DP$54","bodyAddress":"$DO$55:$DP$92","_name":"Л2103 Алма"},"DB":{"_level":0,"parentID":"a3c3484a-c1f2-423a-a363-68d871e4221b","firstParentID":"a3c3484a-c1f2-423a-a363-68d871e4221b","ID":"f06b4d1f-7199-40f2-b7e9-fb8b9dc9400f","childs":{"прием":{"_level":1,"parentID":"f06b4d1f-7199-40f2-b7e9-fb8b9dc9400f","firstParentID":"a3c3484a-c1f2-423a-a363-68d871e4221b","ID":"6b5129a2-be7a-4632-81cf-171a190499dc","childs":{"код":{"_level":2,"parentID":"6b5129a2-be7a-4632-81cf-171a190499dc","firstParentID":"a3c3484a-c1f2-423a-a363-68d871e4221b","ID":"01d6943a-4570-4557-984c-d92fdbb37c31","childs":null,"emcosID":null,"emcosMLID":null,"WSName":"DB","rangeAddress":"$GY$52:$GY$89","headAddress":"$GY$52","bodyAddress":"$GY$53:$GY$89","_name":"код"},"основное":{"_level":2,"parentID":"6b5129a2-be7a-4632-81cf-171a190499dc","firstParentID":"a3c3484a-c1f2-423a-a363-68d871e4221b","ID":"6579cb45-6ed5-43c6-8221-a7ad03835de6","childs":null,"emcosID":null,"emcosMLID":null,"WSName":"DB","rangeAddress":"$GZ$52:$GZ$89","headAddress":"$GZ$52","bodyAddress":"$GZ$53:$GZ$89","_name":"основное"},"корректировка факт":{"_level":2,"parentID":"6b5129a2-be7a-4632-81cf-171a190499dc","firstParentID":"a3c3484a-c1f2-423a-a363-68d871e4221b","ID":"65cdd8ef-eb3c-4e1f-b692-14c95c26cb88","childs":null,"emcosID":null,"emcosMLID":null,"WSName":"DB","rangeAddress":"$HA$52:$HA$89","headAddress":"$HA$52","bodyAddress":"$HA$53:$HA$89","_name":"корректировка факт"},"ручное":{"_level":2,"parentID":"6b5129a2-be7a-4632-81cf-171a190499dc","firstParentID":"a3c3484a-c1f2-423a-a363-68d871e4221b","ID":"6a13294f-5303-4cd2-a4e7-93e34ee30437","childs":null,"emcosID":null,"emcosMLID":null,"WSName":"DB","rangeAddress":"$HB$52:$HB$89","headAddress":"$HB$52","bodyAddress":"$HB$53:$HB$89","_name":"ручное"},"счетчик":{"_level":2,"parentID":"6b5129a2-be7a-4632-81cf-171a190499dc","firstParentID":"a3c3484a-c1f2-423a-a363-68d871e4221b","ID":"0b409a91-4006-4422-ae38-1a2ac4a1b965","childs":null,"emcosID":null,"emcosMLID":null,"WSName":"DB","rangeAddress":"$HC$52:$HC$89","headAddress":"$HC$52","bodyAddress":"$HC$53:$HC$89","_name":"счетчик"},"по счетчику":{"_level":2,"parentID":"6b5129a2-be7a-4632-81cf-171a190499dc","firstParentID":"a3c3484a-c1f2-423a-a363-68d871e4221b","ID":"6ca4aa23-7846-4df5-94dc-432c0943b4a6","childs":null,"emcosID":null,"emcosMLID":null,"WSName":"DB","rangeAddress":"$HD$52:$HD$89","headAddress":"$HD$52","bodyAddress":"$HD$53:$HD$89","_name":"по счетчику"}},"emcosID":null,"emcosMLID":null,"WSName":"DB","rangeAddress":"$GY$51:$HD$89","headAddress":"$GY$51:$HD$51","bodyAddress":"$GY$52:$HD$89","_name":"прием"},"отдача":{"_level":1,"parentID":"f06b4d1f-7199-40f2-b7e9-fb8b9dc9400f","firstParentID":"a3c3484a-c1f2-423a-a363-68d871e4221b","ID":"3e3b11bf-b975-4f8e-8fc5-2cab838fd9d0","childs":{"код":{"_level":2,"parentID":"3e3b11bf-b975-4f8e-8fc5-2cab838fd9d0","firstParentID":"a3c3484a-c1f2-423a-a363-68d871e4221b","ID":"ed30fa8a-430b-4436-8920-75de6d21fc32","childs":null,"emcosID":null,"emcosMLID":null,"WSName":"DB","rangeAddress":"$HE$52:$HE$89","headAddress":"$HE$52","bodyAddress":"$HE$53:$HE$89","_name":"код"},"основное":{"_level":2,"parentID":"3e3b11bf-b975-4f8e-8fc5-2cab838fd9d0","firstParentID":"a3c3484a-c1f2-423a-a363-68d871e4221b","ID":"361fdc77-aa45-4548-a48a-44277be59764","childs":null,"emcosID":null,"emcosMLID":null,"WSName":"DB","rangeAddress":"$HF$52:$HF$89","headAddress":"$HF$52","bodyAddress":"$HF$53:$HF$89","_name":"основное"},"корректировка факт":{"_level":2,"parentID":"3e3b11bf-b975-4f8e-8fc5-2cab838fd9d0","firstParentID":"a3c3484a-c1f2-423a-a363-68d871e4221b","ID":"a581fd5c-f6e7-407b-9a69-5cf02d9966cc","childs":null,"emcosID":null,"emcosMLID":null,"WSName":"DB","rangeAddress":"$HG$52:$HG$89","headAddress":"$HG$52","bodyAddress":"$HG$53:$HG$89","_name":"корректировка факт"},"ручное":{"_level":2,"parentID":"3e3b11bf-b975-4f8e-8fc5-2cab838fd9d0","firstParentID":"a3c3484a-c1f2-423a-a363-68d871e4221b","ID":"e5228c0a-fca5-44aa-b062-e9874c88ad42","childs":null,"emcosID":null,"emcosMLID":null,"WSName":"DB","rangeAddress":"$HH$52:$HH$89","headAddress":"$HH$52","bodyAddress":"$HH$53:$HH$89","_name":"ручное"},"счетчик":{"_level":2,"parentID":"3e3b11bf-b975-4f8e-8fc5-2cab838fd9d0","firstParentID":"a3c3484a-c1f2-423a-a363-68d871e4221b","ID":"d9d91ab4-54eb-4d27-b888-887c8fae8fea","childs":null,"emcosID":null,"emcosMLID":null,"WSName":"DB","rangeAddress":"$HI$52:$HI$89","headAddress":"$HI$52","bodyAddress":"$HI$53:$HI$89","_name":"счетчик"},"по счетчику":{"_level":2,"parentID":"3e3b11bf-b975-4f8e-8fc5-2cab838fd9d0","firstParentID":"a3c3484a-c1f2-423a-a363-68d871e4221b","ID":"3efe5d09-4715-4cb7-af10-e8ed8ed5dd72","childs":null,"emcosID":null,"emcosMLID":null,"WSName":"DB","rangeAddress":"$HJ$52:$HJ$89","headAddress":"$HJ$52","bodyAddress":"$HJ$53:$HJ$89","_name":"по счетчику"}},"emcosID":null,"emcosMLID":null,"WSName":"DB","rangeAddress":"$HE$51:$HJ$89","headAddress":"$HE$51:$HJ$51","bodyAddress":"$HE$52:$HJ$89","_name":"отдача"}},"emcosID":null,"emcosMLID":null,"WSName":"DB","rangeAddress":"$GY$50:$HJ$89","headAddress":"$GY$50:$HJ$50","bodyAddress":"$GY$51:$HJ$89","_name":"Л2103 Алма"}},"codPlan":null,"meterCoef":null,"_name":"Л2103 Алма"}