{"ID":"125e6f42-5f9d-4de2-b2c9-e36e18700fee","childs":{"PS":{"_level":0,"parentID":"125e6f42-5f9d-4de2-b2c9-e36e18700fee","firstParentID":"125e6f42-5f9d-4de2-b2c9-e36e18700fee","ID":"4d8ec728-976c-454d-aa16-4141e975db46","childs":{"прием":{"_level":1,"parentID":"4d8ec728-976c-454d-aa16-4141e975db46","firstParentID":"125e6f42-5f9d-4de2-b2c9-e36e18700fee","ID":"b299c94c-4bd3-406b-8dd1-26cd6a4c7c4d","childs":{"по счетчику":{"_level":2,"parentID":"b299c94c-4bd3-406b-8dd1-26cd6a4c7c4d","firstParentID":"125e6f42-5f9d-4de2-b2c9-e36e18700fee","ID":"af0ba906-f863-4895-9a9a-601b71916a6a","childs":null,"emcosID":null,"emcosMLID":null,"codMaketTEP":null,"codTEP":null,"WSName":"PS","rangeAddress":"$BO$99:$BO$135","headAddress":"$BO$99","bodyAddress":"$BO$100:$BO$135","_name":"по счетчику"}},"emcosID":null,"emcosMLID":null,"codMaketTEP":null,"codTEP":null,"WSName":"PS","rangeAddress":"$BO$98:$BO$135","headAddress":"$BO$98","bodyAddress":"$BO$99:$BO$135","_name":"прием"},"отдача":{"_level":1,"parentID":"4d8ec728-976c-454d-aa16-4141e975db46","firstParentID":"125e6f42-5f9d-4de2-b2c9-e36e18700fee","ID":"946263a3-76a2-4476-9d12-979d77c7d13a","childs":{"по счетчику":{"_level":2,"parentID":"946263a3-76a2-4476-9d12-979d77c7d13a","firstParentID":"125e6f42-5f9d-4de2-b2c9-e36e18700fee","ID":"c47ca4bb-2a61-4b42-9175-d52fefedd6b5","childs":null,"emcosID":null,"emcosMLID":null,"codMaketTEP":null,"codTEP":null,"WSName":"PS","rangeAddress":"$BP$99:$BP$135","headAddress":"$BP$99","bodyAddress":"$BP$100:$BP$135","_name":"по счетчику"}},"emcosID":null,"emcosMLID":null,"codMaketTEP":null,"codTEP":null,"WSName":"PS","rangeAddress":"$BP$98:$BP$135","headAddress":"$BP$98","bodyAddress":"$BP$99:$BP$135","_name":"отдача"}},"emcosID":null,"emcosMLID":null,"codMaketTEP":null,"codTEP":null,"WSName":"PS","rangeAddress":"$BO$97:$BP$135","headAddress":"$BO$97:$BP$97","bodyAddress":"$BO$98:$BP$135","_name":"КЛ38 ПС152 Талдыкорган"},"DB":{"_level":0,"parentID":"125e6f42-5f9d-4de2-b2c9-e36e18700fee","firstParentID":"125e6f42-5f9d-4de2-b2c9-e36e18700fee","ID":"077a4a83-6b12-4d8f-8dd4-20c635ede81e","childs":{"прием":{"_level":1,"parentID":"077a4a83-6b12-4d8f-8dd4-20c635ede81e","firstParentID":"125e6f42-5f9d-4de2-b2c9-e36e18700fee","ID":"7e77ee0d-4540-4f3b-ba77-7d842588f60e","childs":{"код":{"_level":2,"parentID":"7e77ee0d-4540-4f3b-ba77-7d842588f60e","firstParentID":"125e6f42-5f9d-4de2-b2c9-e36e18700fee","ID":"371946ac-2ac3-4e99-b35e-14173eb116a1","childs":null,"emcosID":null,"emcosMLID":null,"codMaketTEP":null,"codTEP":null,"WSName":"DB","rangeAddress":"$O$267:$O$304","headAddress":"$O$267","bodyAddress":"$O$268:$O$304","_name":"код"},"основное":{"_level":2,"parentID":"7e77ee0d-4540-4f3b-ba77-7d842588f60e","firstParentID":"125e6f42-5f9d-4de2-b2c9-e36e18700fee","ID":"feac84f7-740c-453e-944c-937a94cde76b","childs":null,"emcosID":null,"emcosMLID":null,"codMaketTEP":null,"codTEP":null,"WSName":"DB","rangeAddress":"$P$267:$P$304","headAddress":"$P$267","bodyAddress":"$P$268:$P$304","_name":"основное"},"корректировка факт":{"_level":2,"parentID":"7e77ee0d-4540-4f3b-ba77-7d842588f60e","firstParentID":"125e6f42-5f9d-4de2-b2c9-e36e18700fee","ID":"db3bc0e4-bca2-4a01-a335-20a304a31a2a","childs":null,"emcosID":null,"emcosMLID":null,"codMaketTEP":null,"codTEP":null,"WSName":"DB","rangeAddress":"$Q$267:$Q$304","headAddress":"$Q$267","bodyAddress":"$Q$268:$Q$304","_name":"корректировка факт"},"ручное":{"_level":2,"parentID":"7e77ee0d-4540-4f3b-ba77-7d842588f60e","firstParentID":"125e6f42-5f9d-4de2-b2c9-e36e18700fee","ID":"750093d2-d535-4b51-b370-aff5c9a674d3","childs":null,"emcosID":null,"emcosMLID":null,"codMaketTEP":null,"codTEP":null,"WSName":"DB","rangeAddress":"$R$267:$R$304","headAddress":"$R$267","bodyAddress":"$R$268:$R$304","_name":"ручное"},"оперативное":{"_level":2,"parentID":"7e77ee0d-4540-4f3b-ba77-7d842588f60e","firstParentID":"125e6f42-5f9d-4de2-b2c9-e36e18700fee","ID":"2e6569be-70a4-462a-8730-628c65a41b24","childs":null,"emcosID":null,"emcosMLID":null,"codMaketTEP":null,"codTEP":null,"WSName":"DB","rangeAddress":"$S$267:$S$304","headAddress":"$S$267","bodyAddress":"$S$268:$S$304","_name":"оперативное"},"счетчик":{"_level":2,"parentID":"7e77ee0d-4540-4f3b-ba77-7d842588f60e","firstParentID":"125e6f42-5f9d-4de2-b2c9-e36e18700fee","ID":"11542506-005d-41f6-aa64-df307f98da9c","childs":null,"emcosID":null,"emcosMLID":null,"codMaketTEP":null,"codTEP":null,"WSName":"DB","rangeAddress":"$T$267:$T$304","headAddress":"$T$267","bodyAddress":"$T$268:$T$304","_name":"счетчик"},"по счетчику":{"_level":2,"parentID":"7e77ee0d-4540-4f3b-ba77-7d842588f60e","firstParentID":"125e6f42-5f9d-4de2-b2c9-e36e18700fee","ID":"636e053c-aeff-4c9f-bc93-b2ff4810aeb8","childs":null,"emcosID":null,"emcosMLID":null,"codMaketTEP":null,"codTEP":null,"WSName":"DB","rangeAddress":"$U$267:$U$304","headAddress":"$U$267","bodyAddress":"$U$268:$U$304","_name":"по счетчику"}},"emcosID":null,"emcosMLID":null,"codMaketTEP":null,"codTEP":null,"WSName":"DB","rangeAddress":"$O$266:$U$304","headAddress":"$O$266:$U$266","bodyAddress":"$O$267:$U$304","_name":"прием"},"отдача":{"_level":1,"parentID":"077a4a83-6b12-4d8f-8dd4-20c635ede81e","firstParentID":"125e6f42-5f9d-4de2-b2c9-e36e18700fee","ID":"d19adf78-7e02-42c2-ae90-15908bced6be","childs":{"код":{"_level":2,"parentID":"d19adf78-7e02-42c2-ae90-15908bced6be","firstParentID":"125e6f42-5f9d-4de2-b2c9-e36e18700fee","ID":"9ad5e460-6df7-4c2e-87d6-9a4c01561660","childs":null,"emcosID":null,"emcosMLID":null,"codMaketTEP":null,"codTEP":null,"WSName":"DB","rangeAddress":"$V$267:$V$304","headAddress":"$V$267","bodyAddress":"$V$268:$V$304","_name":"код"},"основное":{"_level":2,"parentID":"d19adf78-7e02-42c2-ae90-15908bced6be","firstParentID":"125e6f42-5f9d-4de2-b2c9-e36e18700fee","ID":"1fa1ae61-80b9-4a5b-a00e-3fbffd9325eb","childs":null,"emcosID":null,"emcosMLID":null,"codMaketTEP":null,"codTEP":null,"WSName":"DB","rangeAddress":"$W$267:$W$304","headAddress":"$W$267","bodyAddress":"$W$268:$W$304","_name":"основное"},"корректировка факт":{"_level":2,"parentID":"d19adf78-7e02-42c2-ae90-15908bced6be","firstParentID":"125e6f42-5f9d-4de2-b2c9-e36e18700fee","ID":"ae9e2175-937e-48be-9fbe-31805716975b","childs":null,"emcosID":null,"emcosMLID":null,"codMaketTEP":null,"codTEP":null,"WSName":"DB","rangeAddress":"$X$267:$X$304","headAddress":"$X$267","bodyAddress":"$X$268:$X$304","_name":"корректировка факт"},"ручное":{"_level":2,"parentID":"d19adf78-7e02-42c2-ae90-15908bced6be","firstParentID":"125e6f42-5f9d-4de2-b2c9-e36e18700fee","ID":"f91d2123-1c49-4f2d-bdf7-f221bbc16c8f","childs":null,"emcosID":null,"emcosMLID":null,"codMaketTEP":null,"codTEP":null,"WSName":"DB","rangeAddress":"$Y$267:$Y$304","headAddress":"$Y$267","bodyAddress":"$Y$268:$Y$304","_name":"ручное"},"оперативное":{"_level":2,"parentID":"d19adf78-7e02-42c2-ae90-15908bced6be","firstParentID":"125e6f42-5f9d-4de2-b2c9-e36e18700fee","ID":"851bc09b-f0a4-43ba-bc1d-8b899cdc93fc","childs":null,"emcosID":null,"emcosMLID":null,"codMaketTEP":null,"codTEP":null,"WSName":"DB","rangeAddress":"$Z$267:$Z$304","headAddress":"$Z$267","bodyAddress":"$Z$268:$Z$304","_name":"оперативное"},"счетчик":{"_level":2,"parentID":"d19adf78-7e02-42c2-ae90-15908bced6be","firstParentID":"125e6f42-5f9d-4de2-b2c9-e36e18700fee","ID":"e6ad1cb0-7227-494b-a5f9-ecbd2256aa58","childs":null,"emcosID":null,"emcosMLID":null,"codMaketTEP":null,"codTEP":null,"WSName":"DB","rangeAddress":"$AA$267:$AA$304","headAddress":"$AA$267","bodyAddress":"$AA$268:$AA$304","_name":"счетчик"},"по счетчику":{"_level":2,"parentID":"d19adf78-7e02-42c2-ae90-15908bced6be","firstParentID":"125e6f42-5f9d-4de2-b2c9-e36e18700fee","ID":"71b62c5b-2190-4818-b4c8-cf5d95457930","childs":null,"emcosID":null,"emcosMLID":null,"codMaketTEP":null,"codTEP":null,"WSName":"DB","rangeAddress":"$AB$267:$AB$304","headAddress":"$AB$267","bodyAddress":"$AB$268:$AB$304","_name":"по счетчику"}},"emcosID":null,"emcosMLID":null,"codMaketTEP":null,"codTEP":null,"WSName":"DB","rangeAddress":"$V$266:$AB$304","headAddress":"$V$266:$AB$266","bodyAddress":"$V$267:$AB$304","_name":"отдача"}},"emcosID":null,"emcosMLID":null,"codMaketTEP":null,"codTEP":null,"WSName":"DB","rangeAddress":"$O$265:$AB$304","headAddress":"$O$265:$AB$265","bodyAddress":"$O$266:$AB$304","_name":"КЛ38 ПС152 Талдыкорган"}},"codPlan":null,"meterCoef":null,"_name":"КЛ38 ПС152 Талдыкорган"}