{"ID":"514160fb-5ac9-4446-bce1-5c932bdfb508","childs":{"PS":{"_level":0,"parentID":"514160fb-5ac9-4446-bce1-5c932bdfb508","firstParentID":"514160fb-5ac9-4446-bce1-5c932bdfb508","ID":"7c1b091f-7598-4749-90f6-760191c21a38","childs":{"прием":{"_level":1,"parentID":"7c1b091f-7598-4749-90f6-760191c21a38","firstParentID":"514160fb-5ac9-4446-bce1-5c932bdfb508","ID":"c7108462-5f74-4988-a71e-6b1f7b0adc06","childs":{"по счетчику":{"_level":2,"parentID":"c7108462-5f74-4988-a71e-6b1f7b0adc06","firstParentID":"514160fb-5ac9-4446-bce1-5c932bdfb508","ID":"eca047a3-f3b8-46c0-a52e-d6ad60fb8100","childs":null,"emcosID":null,"emcosMLID":null,"WSName":"PS","rangeAddress":"$DU$56:$DU$92","headAddress":"$DU$56","bodyAddress":"$DU$57:$DU$92","_name":"по счетчику"}},"emcosID":null,"emcosMLID":null,"WSName":"PS","rangeAddress":"$DU$55:$DU$92","headAddress":"$DU$55","bodyAddress":"$DU$56:$DU$92","_name":"прием"},"отдача":{"_level":1,"parentID":"7c1b091f-7598-4749-90f6-760191c21a38","firstParentID":"514160fb-5ac9-4446-bce1-5c932bdfb508","ID":"3a10f060-556c-4944-98bc-21ee8fb6b6cc","childs":{"по счетчику":{"_level":2,"parentID":"3a10f060-556c-4944-98bc-21ee8fb6b6cc","firstParentID":"514160fb-5ac9-4446-bce1-5c932bdfb508","ID":"d5cdb438-873e-4d52-936f-2a245bd1632a","childs":null,"emcosID":null,"emcosMLID":null,"WSName":"PS","rangeAddress":"$DV$56:$DV$92","headAddress":"$DV$56","bodyAddress":"$DV$57:$DV$92","_name":"по счетчику"}},"emcosID":null,"emcosMLID":null,"WSName":"PS","rangeAddress":"$DV$55:$DV$92","headAddress":"$DV$55","bodyAddress":"$DV$56:$DV$92","_name":"отдача"}},"emcosID":null,"emcosMLID":null,"WSName":"PS","rangeAddress":"$DU$54:$DV$92","headAddress":"$DU$54:$DV$54","bodyAddress":"$DU$55:$DV$92","_name":"Л2443 Алма"},"DB":{"_level":0,"parentID":"514160fb-5ac9-4446-bce1-5c932bdfb508","firstParentID":"514160fb-5ac9-4446-bce1-5c932bdfb508","ID":"66a508bb-73c7-445a-abb7-2cafc3a5c5b5","childs":{"прием":{"_level":1,"parentID":"66a508bb-73c7-445a-abb7-2cafc3a5c5b5","firstParentID":"514160fb-5ac9-4446-bce1-5c932bdfb508","ID":"76ad3653-30a6-4745-bae4-c2cab3541b35","childs":{"код":{"_level":2,"parentID":"76ad3653-30a6-4745-bae4-c2cab3541b35","firstParentID":"514160fb-5ac9-4446-bce1-5c932bdfb508","ID":"6367edec-f32b-47db-8d08-de046afcab11","childs":null,"emcosID":null,"emcosMLID":null,"WSName":"DB","rangeAddress":"$P$396:$P$433","headAddress":"$P$396","bodyAddress":"$P$397:$P$433","_name":"код"},"основное":{"_level":2,"parentID":"76ad3653-30a6-4745-bae4-c2cab3541b35","firstParentID":"514160fb-5ac9-4446-bce1-5c932bdfb508","ID":"da62c5e2-a891-4a51-9f42-e31efad9fb50","childs":null,"emcosID":null,"emcosMLID":null,"WSName":"DB","rangeAddress":"$Q$396:$Q$433","headAddress":"$Q$396","bodyAddress":"$Q$397:$Q$433","_name":"основное"},"корректировка факт":{"_level":2,"parentID":"76ad3653-30a6-4745-bae4-c2cab3541b35","firstParentID":"514160fb-5ac9-4446-bce1-5c932bdfb508","ID":"2a66e67f-e38b-4d47-b1de-b7f772e20927","childs":null,"emcosID":null,"emcosMLID":null,"WSName":"DB","rangeAddress":"$R$396:$R$433","headAddress":"$R$396","bodyAddress":"$R$397:$R$433","_name":"корректировка факт"},"ручное":{"_level":2,"parentID":"76ad3653-30a6-4745-bae4-c2cab3541b35","firstParentID":"514160fb-5ac9-4446-bce1-5c932bdfb508","ID":"05fa1817-12d6-4f14-918b-330cf3e061ff","childs":null,"emcosID":null,"emcosMLID":null,"WSName":"DB","rangeAddress":"$S$396:$S$433","headAddress":"$S$396","bodyAddress":"$S$397:$S$433","_name":"ручное"},"счетчик":{"_level":2,"parentID":"76ad3653-30a6-4745-bae4-c2cab3541b35","firstParentID":"514160fb-5ac9-4446-bce1-5c932bdfb508","ID":"aa01d550-39aa-4079-9855-b886a2c9962c","childs":null,"emcosID":null,"emcosMLID":null,"WSName":"DB","rangeAddress":"$T$396:$T$433","headAddress":"$T$396","bodyAddress":"$T$397:$T$433","_name":"счетчик"},"по счетчику":{"_level":2,"parentID":"76ad3653-30a6-4745-bae4-c2cab3541b35","firstParentID":"514160fb-5ac9-4446-bce1-5c932bdfb508","ID":"d758a222-a99e-4081-838a-e02e52d0efae","childs":null,"emcosID":null,"emcosMLID":null,"WSName":"DB","rangeAddress":"$U$396:$U$433","headAddress":"$U$396","bodyAddress":"$U$397:$U$433","_name":"по счетчику"}},"emcosID":null,"emcosMLID":null,"WSName":"DB","rangeAddress":"$P$395:$U$433","headAddress":"$P$395:$U$395","bodyAddress":"$P$396:$U$433","_name":"прием"},"отдача":{"_level":1,"parentID":"66a508bb-73c7-445a-abb7-2cafc3a5c5b5","firstParentID":"514160fb-5ac9-4446-bce1-5c932bdfb508","ID":"6cbf6557-438b-4854-9506-7f1e6bb02484","childs":{"код":{"_level":2,"parentID":"6cbf6557-438b-4854-9506-7f1e6bb02484","firstParentID":"514160fb-5ac9-4446-bce1-5c932bdfb508","ID":"cbc7d755-891b-4ffb-9955-a5b6d55bd907","childs":null,"emcosID":null,"emcosMLID":null,"WSName":"DB","rangeAddress":"$V$396:$V$433","headAddress":"$V$396","bodyAddress":"$V$397:$V$433","_name":"код"},"основное":{"_level":2,"parentID":"6cbf6557-438b-4854-9506-7f1e6bb02484","firstParentID":"514160fb-5ac9-4446-bce1-5c932bdfb508","ID":"c50bdf5d-887b-4010-a4f1-7e94b4910d6d","childs":null,"emcosID":null,"emcosMLID":null,"WSName":"DB","rangeAddress":"$W$396:$W$433","headAddress":"$W$396","bodyAddress":"$W$397:$W$433","_name":"основное"},"корректировка факт":{"_level":2,"parentID":"6cbf6557-438b-4854-9506-7f1e6bb02484","firstParentID":"514160fb-5ac9-4446-bce1-5c932bdfb508","ID":"ad88774d-8ac6-49c0-901a-d8d7a460ce3f","childs":null,"emcosID":null,"emcosMLID":null,"WSName":"DB","rangeAddress":"$X$396:$X$433","headAddress":"$X$396","bodyAddress":"$X$397:$X$433","_name":"корректировка факт"},"ручное":{"_level":2,"parentID":"6cbf6557-438b-4854-9506-7f1e6bb02484","firstParentID":"514160fb-5ac9-4446-bce1-5c932bdfb508","ID":"d2557ef5-c1ff-48ba-af43-00b255be4896","childs":null,"emcosID":null,"emcosMLID":null,"WSName":"DB","rangeAddress":"$Y$396:$Y$433","headAddress":"$Y$396","bodyAddress":"$Y$397:$Y$433","_name":"ручное"},"счетчик":{"_level":2,"parentID":"6cbf6557-438b-4854-9506-7f1e6bb02484","firstParentID":"514160fb-5ac9-4446-bce1-5c932bdfb508","ID":"3fc3f621-6f1c-476a-ae3c-baf3b594f328","childs":null,"emcosID":null,"emcosMLID":null,"WSName":"DB","rangeAddress":"$Z$396:$Z$433","headAddress":"$Z$396","bodyAddress":"$Z$397:$Z$433","_name":"счетчик"},"по счетчику":{"_level":2,"parentID":"6cbf6557-438b-4854-9506-7f1e6bb02484","firstParentID":"514160fb-5ac9-4446-bce1-5c932bdfb508","ID":"4afc1834-e530-438c-8d34-98f83550fddc","childs":null,"emcosID":null,"emcosMLID":null,"WSName":"DB","rangeAddress":"$AA$396:$AA$433","headAddress":"$AA$396","bodyAddress":"$AA$397:$AA$433","_name":"по счетчику"}},"emcosID":null,"emcosMLID":null,"WSName":"DB","rangeAddress":"$V$395:$AA$433","headAddress":"$V$395:$AA$395","bodyAddress":"$V$396:$AA$433","_name":"отдача"}},"emcosID":null,"emcosMLID":null,"WSName":"DB","rangeAddress":"$P$394:$AA$433","headAddress":"$P$394:$AA$394","bodyAddress":"$P$395:$AA$433","_name":"Л2443 Алма"}},"codPlan":null,"meterCoef":null,"_name":"Л2443 Алма"}