{"ID":"6ef06252-3ee8-4fcc-92d6-81404ecf86ff","childs":{"PS":{"_level":0,"parentID":"6ef06252-3ee8-4fcc-92d6-81404ecf86ff","firstParentID":"6ef06252-3ee8-4fcc-92d6-81404ecf86ff","ID":"779639e5-abc6-4d5d-abfd-081f868bebec","childs":{"прием":{"_level":1,"parentID":"779639e5-abc6-4d5d-abfd-081f868bebec","firstParentID":"6ef06252-3ee8-4fcc-92d6-81404ecf86ff","ID":"4bee82dd-7cc8-4fec-abac-d7d2d521e6c5","childs":{"по счетчику":{"_level":2,"parentID":"4bee82dd-7cc8-4fec-abac-d7d2d521e6c5","firstParentID":"6ef06252-3ee8-4fcc-92d6-81404ecf86ff","ID":"a0feda1d-f42c-4198-bb43-287c9ac779ad","childs":null,"emcosID":null,"emcosMLID":null,"codMaketTEP":null,"codTEP":null,"WSName":"PS","rangeAddress":"$U$99:$U$135","headAddress":"$U$99","bodyAddress":"$U$100:$U$135","_name":"по счетчику"}},"emcosID":null,"emcosMLID":null,"codMaketTEP":null,"codTEP":null,"WSName":"PS","rangeAddress":"$U$98:$U$135","headAddress":"$U$98","bodyAddress":"$U$99:$U$135","_name":"прием"},"отдача":{"_level":1,"parentID":"779639e5-abc6-4d5d-abfd-081f868bebec","firstParentID":"6ef06252-3ee8-4fcc-92d6-81404ecf86ff","ID":"3029f0e0-de39-4986-b85b-0ecb456b3b82","childs":{"по счетчику":{"_level":2,"parentID":"3029f0e0-de39-4986-b85b-0ecb456b3b82","firstParentID":"6ef06252-3ee8-4fcc-92d6-81404ecf86ff","ID":"16097443-bdb1-4b6f-a615-660d35c2b8e1","childs":null,"emcosID":null,"emcosMLID":null,"codMaketTEP":null,"codTEP":null,"WSName":"PS","rangeAddress":"$V$99:$V$135","headAddress":"$V$99","bodyAddress":"$V$100:$V$135","_name":"по счетчику"}},"emcosID":null,"emcosMLID":null,"codMaketTEP":null,"codTEP":null,"WSName":"PS","rangeAddress":"$V$98:$V$135","headAddress":"$V$98","bodyAddress":"$V$99:$V$135","_name":"отдача"}},"emcosID":null,"emcosMLID":null,"codMaketTEP":null,"codTEP":null,"WSName":"PS","rangeAddress":"$U$97:$V$135","headAddress":"$U$97:$V$97","bodyAddress":"$U$98:$V$135","_name":"Л2383 ОРУ 220 МГЭС"},"DB":{"_level":0,"parentID":"6ef06252-3ee8-4fcc-92d6-81404ecf86ff","firstParentID":"6ef06252-3ee8-4fcc-92d6-81404ecf86ff","ID":"6e686638-a92d-4bce-8ced-a27eb1100117","childs":{"прием":{"_level":1,"parentID":"6e686638-a92d-4bce-8ced-a27eb1100117","firstParentID":"6ef06252-3ee8-4fcc-92d6-81404ecf86ff","ID":"12e80cb1-e28f-41a5-adaa-9c5d9e2b6fed","childs":{"код":{"_level":2,"parentID":"12e80cb1-e28f-41a5-adaa-9c5d9e2b6fed","firstParentID":"6ef06252-3ee8-4fcc-92d6-81404ecf86ff","ID":"66e0f6fd-4710-421b-8cee-6f4574cece5d","childs":null,"emcosID":null,"emcosMLID":null,"codMaketTEP":null,"codTEP":null,"WSName":"DB","rangeAddress":"$EY$353:$EY$390","headAddress":"$EY$353","bodyAddress":"$EY$354:$EY$390","_name":"код"},"основное":{"_level":2,"parentID":"12e80cb1-e28f-41a5-adaa-9c5d9e2b6fed","firstParentID":"6ef06252-3ee8-4fcc-92d6-81404ecf86ff","ID":"e3b3bc5f-e81c-46f7-8f32-a12c41e6672d","childs":null,"emcosID":null,"emcosMLID":null,"codMaketTEP":null,"codTEP":null,"WSName":"DB","rangeAddress":"$EZ$353:$EZ$390","headAddress":"$EZ$353","bodyAddress":"$EZ$354:$EZ$390","_name":"основное"},"корректировка факт":{"_level":2,"parentID":"12e80cb1-e28f-41a5-adaa-9c5d9e2b6fed","firstParentID":"6ef06252-3ee8-4fcc-92d6-81404ecf86ff","ID":"bc1f3326-1b32-46bd-9805-49f98b656de2","childs":null,"emcosID":null,"emcosMLID":null,"codMaketTEP":null,"codTEP":null,"WSName":"DB","rangeAddress":"$FA$353:$FA$390","headAddress":"$FA$353","bodyAddress":"$FA$354:$FA$390","_name":"корректировка факт"},"ручное":{"_level":2,"parentID":"12e80cb1-e28f-41a5-adaa-9c5d9e2b6fed","firstParentID":"6ef06252-3ee8-4fcc-92d6-81404ecf86ff","ID":"070e05c8-5f2b-43dd-a61d-da553cbef814","childs":null,"emcosID":null,"emcosMLID":null,"codMaketTEP":null,"codTEP":null,"WSName":"DB","rangeAddress":"$FB$353:$FB$390","headAddress":"$FB$353","bodyAddress":"$FB$354:$FB$390","_name":"ручное"},"счетчик":{"_level":2,"parentID":"12e80cb1-e28f-41a5-adaa-9c5d9e2b6fed","firstParentID":"6ef06252-3ee8-4fcc-92d6-81404ecf86ff","ID":"b8f779d5-b21f-4eb3-8b26-b57b266e37c8","childs":null,"emcosID":null,"emcosMLID":null,"codMaketTEP":null,"codTEP":null,"WSName":"DB","rangeAddress":"$FC$353:$FC$390","headAddress":"$FC$353","bodyAddress":"$FC$354:$FC$390","_name":"счетчик"},"по счетчику":{"_level":2,"parentID":"12e80cb1-e28f-41a5-adaa-9c5d9e2b6fed","firstParentID":"6ef06252-3ee8-4fcc-92d6-81404ecf86ff","ID":"54134495-565e-473d-98e8-90ab1a4727f3","childs":null,"emcosID":null,"emcosMLID":null,"codMaketTEP":null,"codTEP":null,"WSName":"DB","rangeAddress":"$FD$353:$FD$390","headAddress":"$FD$353","bodyAddress":"$FD$354:$FD$390","_name":"по счетчику"}},"emcosID":null,"emcosMLID":null,"codMaketTEP":null,"codTEP":null,"WSName":"DB","rangeAddress":"$EY$352:$FD$390","headAddress":"$EY$352:$FD$352","bodyAddress":"$EY$353:$FD$390","_name":"прием"},"отдача":{"_level":1,"parentID":"6e686638-a92d-4bce-8ced-a27eb1100117","firstParentID":"6ef06252-3ee8-4fcc-92d6-81404ecf86ff","ID":"094507c9-3746-40c4-9ce0-7163325a0b96","childs":{"код":{"_level":2,"parentID":"094507c9-3746-40c4-9ce0-7163325a0b96","firstParentID":"6ef06252-3ee8-4fcc-92d6-81404ecf86ff","ID":"be69918c-92c7-4524-b601-343fcaf897f3","childs":null,"emcosID":null,"emcosMLID":null,"codMaketTEP":null,"codTEP":null,"WSName":"DB","rangeAddress":"$FE$353:$FE$390","headAddress":"$FE$353","bodyAddress":"$FE$354:$FE$390","_name":"код"},"основное":{"_level":2,"parentID":"094507c9-3746-40c4-9ce0-7163325a0b96","firstParentID":"6ef06252-3ee8-4fcc-92d6-81404ecf86ff","ID":"58565d0c-aedb-4937-8587-580f6e8c786a","childs":null,"emcosID":null,"emcosMLID":null,"codMaketTEP":null,"codTEP":null,"WSName":"DB","rangeAddress":"$FF$353:$FF$390","headAddress":"$FF$353","bodyAddress":"$FF$354:$FF$390","_name":"основное"},"корректировка факт":{"_level":2,"parentID":"094507c9-3746-40c4-9ce0-7163325a0b96","firstParentID":"6ef06252-3ee8-4fcc-92d6-81404ecf86ff","ID":"0a55fb2f-312b-4a2c-8525-4ace82c3ec0f","childs":null,"emcosID":null,"emcosMLID":null,"codMaketTEP":null,"codTEP":null,"WSName":"DB","rangeAddress":"$FG$353:$FG$390","headAddress":"$FG$353","bodyAddress":"$FG$354:$FG$390","_name":"корректировка факт"},"ручное":{"_level":2,"parentID":"094507c9-3746-40c4-9ce0-7163325a0b96","firstParentID":"6ef06252-3ee8-4fcc-92d6-81404ecf86ff","ID":"3451fc6c-2a1a-49af-bf3d-c31d246ab40e","childs":null,"emcosID":null,"emcosMLID":null,"codMaketTEP":null,"codTEP":null,"WSName":"DB","rangeAddress":"$FH$353:$FH$390","headAddress":"$FH$353","bodyAddress":"$FH$354:$FH$390","_name":"ручное"},"счетчик":{"_level":2,"parentID":"094507c9-3746-40c4-9ce0-7163325a0b96","firstParentID":"6ef06252-3ee8-4fcc-92d6-81404ecf86ff","ID":"91452726-6c2f-4607-ae55-d3ba20f3c0d7","childs":null,"emcosID":null,"emcosMLID":null,"codMaketTEP":null,"codTEP":null,"WSName":"DB","rangeAddress":"$FI$353:$FI$390","headAddress":"$FI$353","bodyAddress":"$FI$354:$FI$390","_name":"счетчик"},"по счетчику":{"_level":2,"parentID":"094507c9-3746-40c4-9ce0-7163325a0b96","firstParentID":"6ef06252-3ee8-4fcc-92d6-81404ecf86ff","ID":"736804de-6373-41cc-a79e-6cc46ae45450","childs":null,"emcosID":null,"emcosMLID":null,"codMaketTEP":null,"codTEP":null,"WSName":"DB","rangeAddress":"$FJ$353:$FJ$390","headAddress":"$FJ$353","bodyAddress":"$FJ$354:$FJ$390","_name":"по счетчику"}},"emcosID":null,"emcosMLID":null,"codMaketTEP":null,"codTEP":null,"WSName":"DB","rangeAddress":"$FE$352:$FJ$390","headAddress":"$FE$352:$FJ$352","bodyAddress":"$FE$353:$FJ$390","_name":"отдача"}},"emcosID":null,"emcosMLID":null,"codMaketTEP":null,"codTEP":null,"WSName":"DB","rangeAddress":"$EY$351:$FJ$390","headAddress":"$EY$351:$FJ$351","bodyAddress":"$EY$352:$FJ$390","_name":"Л2383 ОРУ 220 МГЭС"}},"codPlan":null,"meterCoef":null,"_name":"Л2383 ОРУ 220 МГЭС"}