{"ID":"a15a15a4-bd8b-4a05-88ff-8bb8ccc3b3c5","childs":{"PS":{"_level":0,"parentID":"a15a15a4-bd8b-4a05-88ff-8bb8ccc3b3c5","firstParentID":"a15a15a4-bd8b-4a05-88ff-8bb8ccc3b3c5","ID":"b5b15e2e-d39d-478f-b533-ac07087eb0f3","childs":{"прием":{"_level":1,"parentID":"b5b15e2e-d39d-478f-b533-ac07087eb0f3","firstParentID":"a15a15a4-bd8b-4a05-88ff-8bb8ccc3b3c5","ID":"f678c381-15ad-482a-bf44-be150fd926a5","childs":{"оперативное":{"_level":2,"parentID":"f678c381-15ad-482a-bf44-be150fd926a5","firstParentID":"a15a15a4-bd8b-4a05-88ff-8bb8ccc3b3c5","ID":"e4675b9a-30ab-4c94-b264-ca499285c896","childs":null,"emcosID":null,"emcosMLID":null,"codMaketTEP":null,"codTEP":null,"WSName":"PS","rangeAddress":"$I$185:$I$221","headAddress":"$I$185","bodyAddress":"$I$186:$I$221","_name":"оперативное"}},"emcosID":null,"emcosMLID":null,"codMaketTEP":null,"codTEP":null,"WSName":"PS","rangeAddress":"$I$184:$I$221","headAddress":"$I$184","bodyAddress":"$I$185:$I$221","_name":"прием"}},"emcosID":null,"emcosMLID":null,"codMaketTEP":null,"codTEP":null,"WSName":"PS","rangeAddress":"$I$183:$I$221","headAddress":"$I$183","bodyAddress":"$I$184:$I$221","_name":"Доля потерь АЖК"},"DB":{"_level":0,"parentID":"a15a15a4-bd8b-4a05-88ff-8bb8ccc3b3c5","firstParentID":"a15a15a4-bd8b-4a05-88ff-8bb8ccc3b3c5","ID":"e8bad44d-cab8-4ac1-ad12-542d6a0b3c31","childs":{"прием":{"_level":1,"parentID":"e8bad44d-cab8-4ac1-ad12-542d6a0b3c31","firstParentID":"a15a15a4-bd8b-4a05-88ff-8bb8ccc3b3c5","ID":"9a66cf93-2fbc-4ec8-82ef-d31fe100f6df","childs":{"код":{"_level":2,"parentID":"9a66cf93-2fbc-4ec8-82ef-d31fe100f6df","firstParentID":"a15a15a4-bd8b-4a05-88ff-8bb8ccc3b3c5","ID":"52a953bd-e2e0-4d34-940e-8cb687a65e10","childs":null,"emcosID":null,"emcosMLID":null,"codMaketTEP":null,"codTEP":null,"WSName":"DB","rangeAddress":"$HK$353:$HK$390","headAddress":"$HK$353","bodyAddress":"$HK$354:$HK$390","_name":"код"},"основное":{"_level":2,"parentID":"9a66cf93-2fbc-4ec8-82ef-d31fe100f6df","firstParentID":"a15a15a4-bd8b-4a05-88ff-8bb8ccc3b3c5","ID":"666832b8-451c-4deb-a6fb-96f3909d9ad3","childs":null,"emcosID":null,"emcosMLID":null,"codMaketTEP":null,"codTEP":null,"WSName":"DB","rangeAddress":"$HL$353:$HL$390","headAddress":"$HL$353","bodyAddress":"$HL$354:$HL$390","_name":"основное"},"корректировка факт":{"_level":2,"parentID":"9a66cf93-2fbc-4ec8-82ef-d31fe100f6df","firstParentID":"a15a15a4-bd8b-4a05-88ff-8bb8ccc3b3c5","ID":"e674a871-a2d7-4245-a258-5d94539302ff","childs":null,"emcosID":null,"emcosMLID":null,"codMaketTEP":null,"codTEP":null,"WSName":"DB","rangeAddress":"$HM$353:$HM$390","headAddress":"$HM$353","bodyAddress":"$HM$354:$HM$390","_name":"корректировка факт"},"ручное":{"_level":2,"parentID":"9a66cf93-2fbc-4ec8-82ef-d31fe100f6df","firstParentID":"a15a15a4-bd8b-4a05-88ff-8bb8ccc3b3c5","ID":"eb55e81a-16e3-447f-a1b4-0f41a2367243","childs":null,"emcosID":null,"emcosMLID":null,"codMaketTEP":null,"codTEP":null,"WSName":"DB","rangeAddress":"$HN$353:$HN$390","headAddress":"$HN$353","bodyAddress":"$HN$354:$HN$390","_name":"ручное"},"оперативное":{"_level":2,"parentID":"9a66cf93-2fbc-4ec8-82ef-d31fe100f6df","firstParentID":"a15a15a4-bd8b-4a05-88ff-8bb8ccc3b3c5","ID":"4d6495bd-6089-4e70-a13f-6d6718ec23f8","childs":null,"emcosID":null,"emcosMLID":null,"codMaketTEP":null,"codTEP":null,"WSName":"DB","rangeAddress":"$HO$353:$HO$390","headAddress":"$HO$353","bodyAddress":"$HO$354:$HO$390","_name":"оперативное"}},"emcosID":null,"emcosMLID":null,"codMaketTEP":null,"codTEP":null,"WSName":"DB","rangeAddress":"$HK$352:$HO$390","headAddress":"$HK$352:$HO$352","bodyAddress":"$HK$353:$HO$390","_name":"прием"}},"emcosID":null,"emcosMLID":null,"codMaketTEP":null,"codTEP":null,"WSName":"DB","rangeAddress":"$HK$351:$HO$390","headAddress":"$HK$351:$HO$351","bodyAddress":"$HK$352:$HO$390","_name":"Доля потерь АЖК"}},"codPlan":null,"meterCoef":null,"_name":"Доля потерь АЖК"}