{"ID":"d76056a1-71f3-4e62-a54a-299b1a223e98","childs":{"PS":{"_level":0,"parentID":"d76056a1-71f3-4e62-a54a-299b1a223e98","firstParentID":"d76056a1-71f3-4e62-a54a-299b1a223e98","ID":"dd1126b5-bd12-4914-a4d8-ef1be548ad10","childs":{"прием":{"_level":1,"parentID":"dd1126b5-bd12-4914-a4d8-ef1be548ad10","firstParentID":"d76056a1-71f3-4e62-a54a-299b1a223e98","ID":"70c1a680-0b67-4459-9866-fc6cab517434","childs":{"по счетчику":{"_level":2,"parentID":"70c1a680-0b67-4459-9866-fc6cab517434","firstParentID":"d76056a1-71f3-4e62-a54a-299b1a223e98","ID":"40516149-96b3-4af6-aa0e-be000d61dd55","childs":null,"emcosID":null,"emcosMLID":null,"codMaketTEP":null,"codTEP":null,"WSName":"PS","rangeAddress":"$FN$99:$FN$135","headAddress":"$FN$99","bodyAddress":"$FN$100:$FN$135","_name":"по счетчику"}},"emcosID":null,"emcosMLID":null,"codMaketTEP":null,"codTEP":null,"WSName":"PS","rangeAddress":"$FN$98:$FN$135","headAddress":"$FN$98","bodyAddress":"$FN$99:$FN$135","_name":"прием"},"отдача":{"_level":1,"parentID":"dd1126b5-bd12-4914-a4d8-ef1be548ad10","firstParentID":"d76056a1-71f3-4e62-a54a-299b1a223e98","ID":"ca91ec0d-f7db-4949-97de-4fa620be827d","childs":{"по счетчику":{"_level":2,"parentID":"ca91ec0d-f7db-4949-97de-4fa620be827d","firstParentID":"d76056a1-71f3-4e62-a54a-299b1a223e98","ID":"d3a1c041-c246-49d7-a4b0-840baab7d568","childs":null,"emcosID":null,"emcosMLID":null,"codMaketTEP":null,"codTEP":null,"WSName":"PS","rangeAddress":"$FO$99:$FO$135","headAddress":"$FO$99","bodyAddress":"$FO$100:$FO$135","_name":"по счетчику"}},"emcosID":null,"emcosMLID":null,"codMaketTEP":null,"codTEP":null,"WSName":"PS","rangeAddress":"$FO$98:$FO$135","headAddress":"$FO$98","bodyAddress":"$FO$99:$FO$135","_name":"отдача"}},"emcosID":null,"emcosMLID":null,"codMaketTEP":null,"codTEP":null,"WSName":"PS","rangeAddress":"$FN$97:$FO$135","headAddress":"$FN$97:$FO$97","bodyAddress":"$FN$98:$FO$135","_name":"Л20А Жилпоселок Строительная 120А"},"DB":{"_level":0,"parentID":"d76056a1-71f3-4e62-a54a-299b1a223e98","firstParentID":"d76056a1-71f3-4e62-a54a-299b1a223e98","ID":"f059c3fe-7521-4376-a9af-f21437f1a0ae","childs":{"прием":{"_level":1,"parentID":"f059c3fe-7521-4376-a9af-f21437f1a0ae","firstParentID":"d76056a1-71f3-4e62-a54a-299b1a223e98","ID":"e1175c02-c398-44ab-8ba7-81ff8bc43e15","childs":{"код":{"_level":2,"parentID":"e1175c02-c398-44ab-8ba7-81ff8bc43e15","firstParentID":"d76056a1-71f3-4e62-a54a-299b1a223e98","ID":"dad67016-ea34-43d8-a9d3-1d01383b0642","childs":null,"emcosID":null,"emcosMLID":null,"codMaketTEP":null,"codTEP":null,"WSName":"DB","rangeAddress":"$U$353:$U$390","headAddress":"$U$353","bodyAddress":"$U$354:$U$390","_name":"код"},"основное":{"_level":2,"parentID":"e1175c02-c398-44ab-8ba7-81ff8bc43e15","firstParentID":"d76056a1-71f3-4e62-a54a-299b1a223e98","ID":"9221424b-ff21-4238-bed7-4149493ae148","childs":null,"emcosID":null,"emcosMLID":null,"codMaketTEP":null,"codTEP":null,"WSName":"DB","rangeAddress":"$V$353:$V$390","headAddress":"$V$353","bodyAddress":"$V$354:$V$390","_name":"основное"},"корректировка факт":{"_level":2,"parentID":"e1175c02-c398-44ab-8ba7-81ff8bc43e15","firstParentID":"d76056a1-71f3-4e62-a54a-299b1a223e98","ID":"1574d551-e249-49ca-94c0-882e50d0e4b8","childs":null,"emcosID":null,"emcosMLID":null,"codMaketTEP":null,"codTEP":null,"WSName":"DB","rangeAddress":"$W$353:$W$390","headAddress":"$W$353","bodyAddress":"$W$354:$W$390","_name":"корректировка факт"},"ручное":{"_level":2,"parentID":"e1175c02-c398-44ab-8ba7-81ff8bc43e15","firstParentID":"d76056a1-71f3-4e62-a54a-299b1a223e98","ID":"2d967483-b3ae-49f0-8ade-2af59825a84a","childs":null,"emcosID":null,"emcosMLID":null,"codMaketTEP":null,"codTEP":null,"WSName":"DB","rangeAddress":"$X$353:$X$390","headAddress":"$X$353","bodyAddress":"$X$354:$X$390","_name":"ручное"},"счетчик":{"_level":2,"parentID":"e1175c02-c398-44ab-8ba7-81ff8bc43e15","firstParentID":"d76056a1-71f3-4e62-a54a-299b1a223e98","ID":"1bc2965a-1923-4b00-b405-a3df3a5e06fe","childs":null,"emcosID":null,"emcosMLID":null,"codMaketTEP":null,"codTEP":null,"WSName":"DB","rangeAddress":"$Y$353:$Y$390","headAddress":"$Y$353","bodyAddress":"$Y$354:$Y$390","_name":"счетчик"},"по счетчику":{"_level":2,"parentID":"e1175c02-c398-44ab-8ba7-81ff8bc43e15","firstParentID":"d76056a1-71f3-4e62-a54a-299b1a223e98","ID":"03220cdc-39c3-4d57-b93b-1150557581f1","childs":null,"emcosID":null,"emcosMLID":null,"codMaketTEP":null,"codTEP":null,"WSName":"DB","rangeAddress":"$Z$353:$Z$390","headAddress":"$Z$353","bodyAddress":"$Z$354:$Z$390","_name":"по счетчику"}},"emcosID":null,"emcosMLID":null,"codMaketTEP":null,"codTEP":null,"WSName":"DB","rangeAddress":"$U$352:$Z$390","headAddress":"$U$352:$Z$352","bodyAddress":"$U$353:$Z$390","_name":"прием"},"отдача":{"_level":1,"parentID":"f059c3fe-7521-4376-a9af-f21437f1a0ae","firstParentID":"d76056a1-71f3-4e62-a54a-299b1a223e98","ID":"bb697000-6d1e-4712-9297-83a246f63154","childs":{"код":{"_level":2,"parentID":"bb697000-6d1e-4712-9297-83a246f63154","firstParentID":"d76056a1-71f3-4e62-a54a-299b1a223e98","ID":"ed51b856-40e4-4f61-9511-a472d5a475e4","childs":null,"emcosID":null,"emcosMLID":null,"codMaketTEP":null,"codTEP":null,"WSName":"DB","rangeAddress":"$AA$353:$AA$390","headAddress":"$AA$353","bodyAddress":"$AA$354:$AA$390","_name":"код"},"основное":{"_level":2,"parentID":"bb697000-6d1e-4712-9297-83a246f63154","firstParentID":"d76056a1-71f3-4e62-a54a-299b1a223e98","ID":"64e33036-b731-49e0-96fb-0eab0ce63044","childs":null,"emcosID":null,"emcosMLID":null,"codMaketTEP":null,"codTEP":null,"WSName":"DB","rangeAddress":"$AB$353:$AB$390","headAddress":"$AB$353","bodyAddress":"$AB$354:$AB$390","_name":"основное"},"корректировка факт":{"_level":2,"parentID":"bb697000-6d1e-4712-9297-83a246f63154","firstParentID":"d76056a1-71f3-4e62-a54a-299b1a223e98","ID":"982374c2-10d0-4654-92b4-3751d558002b","childs":null,"emcosID":null,"emcosMLID":null,"codMaketTEP":null,"codTEP":null,"WSName":"DB","rangeAddress":"$AC$353:$AC$390","headAddress":"$AC$353","bodyAddress":"$AC$354:$AC$390","_name":"корректировка факт"},"ручное":{"_level":2,"parentID":"bb697000-6d1e-4712-9297-83a246f63154","firstParentID":"d76056a1-71f3-4e62-a54a-299b1a223e98","ID":"a8b8f7de-92b0-47fe-951e-dfc8e668019e","childs":null,"emcosID":null,"emcosMLID":null,"codMaketTEP":null,"codTEP":null,"WSName":"DB","rangeAddress":"$AD$353:$AD$390","headAddress":"$AD$353","bodyAddress":"$AD$354:$AD$390","_name":"ручное"},"счетчик":{"_level":2,"parentID":"bb697000-6d1e-4712-9297-83a246f63154","firstParentID":"d76056a1-71f3-4e62-a54a-299b1a223e98","ID":"51360a36-443f-4dcd-b460-f2d9f6160be4","childs":null,"emcosID":null,"emcosMLID":null,"codMaketTEP":null,"codTEP":null,"WSName":"DB","rangeAddress":"$AE$353:$AE$390","headAddress":"$AE$353","bodyAddress":"$AE$354:$AE$390","_name":"счетчик"},"по счетчику":{"_level":2,"parentID":"bb697000-6d1e-4712-9297-83a246f63154","firstParentID":"d76056a1-71f3-4e62-a54a-299b1a223e98","ID":"f7494506-79e2-43eb-a698-a6f045af9b4e","childs":null,"emcosID":null,"emcosMLID":null,"codMaketTEP":null,"codTEP":null,"WSName":"DB","rangeAddress":"$AF$353:$AF$390","headAddress":"$AF$353","bodyAddress":"$AF$354:$AF$390","_name":"по счетчику"}},"emcosID":null,"emcosMLID":null,"codMaketTEP":null,"codTEP":null,"WSName":"DB","rangeAddress":"$AA$352:$AF$390","headAddress":"$AA$352:$AF$352","bodyAddress":"$AA$353:$AF$390","_name":"отдача"}},"emcosID":null,"emcosMLID":null,"codMaketTEP":null,"codTEP":null,"WSName":"DB","rangeAddress":"$U$351:$AF$390","headAddress":"$U$351:$AF$351","bodyAddress":"$U$352:$AF$390","_name":"Л20А Жилпоселок Строительная 120А"}},"codPlan":null,"meterCoef":null,"_name":"Л20А Жилпоселок Строительная 120А"}