{"ID":"23b47165-6b75-4f0f-88b6-e4736420598a","childs":{"PS":{"_level":0,"parentID":"23b47165-6b75-4f0f-88b6-e4736420598a","firstParentID":"23b47165-6b75-4f0f-88b6-e4736420598a","ID":"7905f5db-4a74-426f-9dbf-11761037eb15","childs":{"прием":{"_level":1,"parentID":"7905f5db-4a74-426f-9dbf-11761037eb15","firstParentID":"23b47165-6b75-4f0f-88b6-e4736420598a","ID":"99ca9048-8ccd-4d04-a9ca-9b39c11fb000","childs":{"по счетчику":{"_level":2,"parentID":"99ca9048-8ccd-4d04-a9ca-9b39c11fb000","firstParentID":"23b47165-6b75-4f0f-88b6-e4736420598a","ID":"df933e7a-072d-4d58-9ced-661f5e44f970","childs":null,"emcosID":null,"emcosMLID":null,"codMaketTEP":null,"codTEP":null,"WSName":"PS","rangeAddress":"$DR$56:$DR$92","headAddress":"$DR$56","bodyAddress":"$DR$57:$DR$92","_name":"по счетчику"}},"emcosID":null,"emcosMLID":null,"codMaketTEP":null,"codTEP":null,"WSName":"PS","rangeAddress":"$DR$55:$DR$92","headAddress":"$DR$55","bodyAddress":"$DR$56:$DR$92","_name":"прием"},"отдача":{"_level":1,"parentID":"7905f5db-4a74-426f-9dbf-11761037eb15","firstParentID":"23b47165-6b75-4f0f-88b6-e4736420598a","ID":"284284f0-f868-4ff9-b6b2-c967517154f1","childs":{"по счетчику":{"_level":2,"parentID":"284284f0-f868-4ff9-b6b2-c967517154f1","firstParentID":"23b47165-6b75-4f0f-88b6-e4736420598a","ID":"42e850fc-9f8c-4c8d-b5f0-9241352bee6f","childs":null,"emcosID":null,"emcosMLID":null,"codMaketTEP":null,"codTEP":null,"WSName":"PS","rangeAddress":"$DS$56:$DS$92","headAddress":"$DS$56","bodyAddress":"$DS$57:$DS$92","_name":"по счетчику"}},"emcosID":null,"emcosMLID":null,"codMaketTEP":null,"codTEP":null,"WSName":"PS","rangeAddress":"$DS$55:$DS$92","headAddress":"$DS$55","bodyAddress":"$DS$56:$DS$92","_name":"отдача"}},"emcosID":null,"emcosMLID":null,"codMaketTEP":null,"codTEP":null,"WSName":"PS","rangeAddress":"$DR$54:$DS$92","headAddress":"$DR$54:$DS$54","bodyAddress":"$DR$55:$DS$92","_name":"Л2503 Алматы"},"DB":{"_level":0,"parentID":"23b47165-6b75-4f0f-88b6-e4736420598a","firstParentID":"23b47165-6b75-4f0f-88b6-e4736420598a","ID":"239264b5-fac3-480c-af8c-a2da35e779f3","childs":{"прием":{"_level":1,"parentID":"239264b5-fac3-480c-af8c-a2da35e779f3","firstParentID":"23b47165-6b75-4f0f-88b6-e4736420598a","ID":"05130c8a-59a5-4e8b-8165-7b3f0b19e05a","childs":{"код":{"_level":2,"parentID":"05130c8a-59a5-4e8b-8165-7b3f0b19e05a","firstParentID":"23b47165-6b75-4f0f-88b6-e4736420598a","ID":"24c801fb-2dff-429f-b213-4ce41b5f5b74","childs":null,"emcosID":null,"emcosMLID":null,"codMaketTEP":null,"codTEP":null,"WSName":"DB","rangeAddress":"$HQ$267:$HQ$304","headAddress":"$HQ$267","bodyAddress":"$HQ$268:$HQ$304","_name":"код"},"основное":{"_level":2,"parentID":"05130c8a-59a5-4e8b-8165-7b3f0b19e05a","firstParentID":"23b47165-6b75-4f0f-88b6-e4736420598a","ID":"6ec69dbf-bf44-44b4-ae57-b03158db011f","childs":null,"emcosID":null,"emcosMLID":null,"codMaketTEP":null,"codTEP":null,"WSName":"DB","rangeAddress":"$HR$267:$HR$304","headAddress":"$HR$267","bodyAddress":"$HR$268:$HR$304","_name":"основное"},"корректировка факт":{"_level":2,"parentID":"05130c8a-59a5-4e8b-8165-7b3f0b19e05a","firstParentID":"23b47165-6b75-4f0f-88b6-e4736420598a","ID":"d9b41c0c-c271-4de5-b25f-1d37dac014a6","childs":null,"emcosID":null,"emcosMLID":null,"codMaketTEP":null,"codTEP":null,"WSName":"DB","rangeAddress":"$HS$267:$HS$304","headAddress":"$HS$267","bodyAddress":"$HS$268:$HS$304","_name":"корректировка факт"},"ручное":{"_level":2,"parentID":"05130c8a-59a5-4e8b-8165-7b3f0b19e05a","firstParentID":"23b47165-6b75-4f0f-88b6-e4736420598a","ID":"c0e325ee-4f80-4490-a53c-7fa1643c5b51","childs":null,"emcosID":null,"emcosMLID":null,"codMaketTEP":null,"codTEP":null,"WSName":"DB","rangeAddress":"$HT$267:$HT$304","headAddress":"$HT$267","bodyAddress":"$HT$268:$HT$304","_name":"ручное"},"аскуэ":{"_level":2,"parentID":"05130c8a-59a5-4e8b-8165-7b3f0b19e05a","firstParentID":"23b47165-6b75-4f0f-88b6-e4736420598a","ID":"24043036-0d6e-4972-bcca-ddbf45c92b69","childs":null,"emcosID":null,"emcosMLID":null,"codMaketTEP":null,"codTEP":null,"WSName":"DB","rangeAddress":"$HU$267:$HU$304","headAddress":"$HU$267","bodyAddress":"$HU$268:$HU$304","_name":"аскуэ"},"счетчик":{"_level":2,"parentID":"05130c8a-59a5-4e8b-8165-7b3f0b19e05a","firstParentID":"23b47165-6b75-4f0f-88b6-e4736420598a","ID":"036573f4-b383-49e7-b004-3ceada82621d","childs":null,"emcosID":null,"emcosMLID":null,"codMaketTEP":null,"codTEP":null,"WSName":"DB","rangeAddress":"$HV$267:$HV$304","headAddress":"$HV$267","bodyAddress":"$HV$268:$HV$304","_name":"счетчик"},"по счетчику":{"_level":2,"parentID":"05130c8a-59a5-4e8b-8165-7b3f0b19e05a","firstParentID":"23b47165-6b75-4f0f-88b6-e4736420598a","ID":"15d64a4a-d3fb-4224-b281-319e3703abba","childs":null,"emcosID":null,"emcosMLID":null,"codMaketTEP":null,"codTEP":null,"WSName":"DB","rangeAddress":"$HW$267:$HW$304","headAddress":"$HW$267","bodyAddress":"$HW$268:$HW$304","_name":"по счетчику"}},"emcosID":null,"emcosMLID":null,"codMaketTEP":null,"codTEP":null,"WSName":"DB","rangeAddress":"$HQ$266:$HW$304","headAddress":"$HQ$266:$HW$266","bodyAddress":"$HQ$267:$HW$304","_name":"прием"},"отдача":{"_level":1,"parentID":"239264b5-fac3-480c-af8c-a2da35e779f3","firstParentID":"23b47165-6b75-4f0f-88b6-e4736420598a","ID":"95228b05-f525-44fe-b8c8-8e7bdb3cd65c","childs":{"код":{"_level":2,"parentID":"95228b05-f525-44fe-b8c8-8e7bdb3cd65c","firstParentID":"23b47165-6b75-4f0f-88b6-e4736420598a","ID":"8bb49b73-c8fb-45b0-ab7b-09a0cb5ea002","childs":null,"emcosID":null,"emcosMLID":null,"codMaketTEP":null,"codTEP":null,"WSName":"DB","rangeAddress":"$HX$267:$HX$304","headAddress":"$HX$267","bodyAddress":"$HX$268:$HX$304","_name":"код"},"основное":{"_level":2,"parentID":"95228b05-f525-44fe-b8c8-8e7bdb3cd65c","firstParentID":"23b47165-6b75-4f0f-88b6-e4736420598a","ID":"0c2dd8fb-2f04-42dc-81fe-e43c3df19006","childs":null,"emcosID":null,"emcosMLID":null,"codMaketTEP":null,"codTEP":null,"WSName":"DB","rangeAddress":"$HY$267:$HY$304","headAddress":"$HY$267","bodyAddress":"$HY$268:$HY$304","_name":"основное"},"корректировка факт":{"_level":2,"parentID":"95228b05-f525-44fe-b8c8-8e7bdb3cd65c","firstParentID":"23b47165-6b75-4f0f-88b6-e4736420598a","ID":"d4088bb3-bd58-4d82-92f3-3e115b3ace17","childs":null,"emcosID":null,"emcosMLID":null,"codMaketTEP":null,"codTEP":null,"WSName":"DB","rangeAddress":"$HZ$267:$HZ$304","headAddress":"$HZ$267","bodyAddress":"$HZ$268:$HZ$304","_name":"корректировка факт"},"ручное":{"_level":2,"parentID":"95228b05-f525-44fe-b8c8-8e7bdb3cd65c","firstParentID":"23b47165-6b75-4f0f-88b6-e4736420598a","ID":"0b052067-625f-4025-9c3a-2a54b6a2465a","childs":null,"emcosID":null,"emcosMLID":null,"codMaketTEP":null,"codTEP":null,"WSName":"DB","rangeAddress":"$IA$267:$IA$304","headAddress":"$IA$267","bodyAddress":"$IA$268:$IA$304","_name":"ручное"},"аскуэ":{"_level":2,"parentID":"95228b05-f525-44fe-b8c8-8e7bdb3cd65c","firstParentID":"23b47165-6b75-4f0f-88b6-e4736420598a","ID":"4c3d8085-81d9-4b5f-816a-bdc62875c3cf","childs":null,"emcosID":null,"emcosMLID":null,"codMaketTEP":null,"codTEP":null,"WSName":"DB","rangeAddress":"$IB$267:$IB$304","headAddress":"$IB$267","bodyAddress":"$IB$268:$IB$304","_name":"аскуэ"},"счетчик":{"_level":2,"parentID":"95228b05-f525-44fe-b8c8-8e7bdb3cd65c","firstParentID":"23b47165-6b75-4f0f-88b6-e4736420598a","ID":"bda92bf7-ad77-4afe-8608-d0c49f8e9977","childs":null,"emcosID":null,"emcosMLID":null,"codMaketTEP":null,"codTEP":null,"WSName":"DB","rangeAddress":"$IC$267:$IC$304","headAddress":"$IC$267","bodyAddress":"$IC$268:$IC$304","_name":"счетчик"},"по счетчику":{"_level":2,"parentID":"95228b05-f525-44fe-b8c8-8e7bdb3cd65c","firstParentID":"23b47165-6b75-4f0f-88b6-e4736420598a","ID":"7143efed-6cc2-48dd-bc25-71a41755e4d6","childs":null,"emcosID":null,"emcosMLID":null,"codMaketTEP":null,"codTEP":null,"WSName":"DB","rangeAddress":"$ID$267:$ID$304","headAddress":"$ID$267","bodyAddress":"$ID$268:$ID$304","_name":"по счетчику"}},"emcosID":null,"emcosMLID":null,"codMaketTEP":null,"codTEP":null,"WSName":"DB","rangeAddress":"$HX$266:$ID$304","headAddress":"$HX$266:$ID$266","bodyAddress":"$HX$267:$ID$304","_name":"отдача"}},"emcosID":null,"emcosMLID":null,"codMaketTEP":null,"codTEP":null,"WSName":"DB","rangeAddress":"$HQ$265:$ID$304","headAddress":"$HQ$265:$ID$265","bodyAddress":"$HQ$266:$ID$304","_name":"Л2503 Алматы"}},"codPlan":null,"meterCoef":"2200","_name":"Л2503 Алматы"}