{"ID":"e56597dc-c5ff-47d8-be22-2c39c6a76b5d","childs":{"PS":{"_level":0,"parentID":"e56597dc-c5ff-47d8-be22-2c39c6a76b5d","firstParentID":"e56597dc-c5ff-47d8-be22-2c39c6a76b5d","ID":"f432221e-1aa3-4b93-9522-fc2911db0c0e","childs":{"отдача":{"_level":1,"parentID":"f432221e-1aa3-4b93-9522-fc2911db0c0e","firstParentID":"e56597dc-c5ff-47d8-be22-2c39c6a76b5d","ID":"0785731a-8a75-4eb5-8eac-0705218bb0fd","childs":{"ручное":{"_level":2,"parentID":"0785731a-8a75-4eb5-8eac-0705218bb0fd","firstParentID":"e56597dc-c5ff-47d8-be22-2c39c6a76b5d","ID":"79765d15-ee79-4171-824b-e58aab4d67aa","childs":null,"emcosID":null,"emcosMLID":null,"codMaketTEP":null,"codTEP":null,"WSName":"PS","rangeAddress":"$EI$185:$EI$221","headAddress":"$EI$185","bodyAddress":"$EI$186:$EI$221","_name":"ручное"}},"emcosID":null,"emcosMLID":null,"codMaketTEP":null,"codTEP":null,"WSName":"PS","rangeAddress":"$EI$184:$EI$221","headAddress":"$EI$184","bodyAddress":"$EI$185:$EI$221","_name":"отдача"}},"emcosID":null,"emcosMLID":null,"codMaketTEP":null,"codTEP":null,"WSName":"PS","rangeAddress":"$EI$183:$EI$221","headAddress":"$EI$183","bodyAddress":"$EI$184:$EI$221","_name":"Генерация DEF GES"},"DB":{"_level":0,"parentID":"e56597dc-c5ff-47d8-be22-2c39c6a76b5d","firstParentID":"e56597dc-c5ff-47d8-be22-2c39c6a76b5d","ID":"532c1b4c-ff32-4c2c-81c4-ae829a632720","childs":{"отдача":{"_level":1,"parentID":"532c1b4c-ff32-4c2c-81c4-ae829a632720","firstParentID":"e56597dc-c5ff-47d8-be22-2c39c6a76b5d","ID":"38c7096f-ad06-4f97-8465-24fa717fca75","childs":{"код":{"_level":2,"parentID":"38c7096f-ad06-4f97-8465-24fa717fca75","firstParentID":"e56597dc-c5ff-47d8-be22-2c39c6a76b5d","ID":"69748bd0-d88e-4f41-8e99-2ca7a5380bc8","childs":null,"emcosID":null,"emcosMLID":null,"codMaketTEP":null,"codTEP":null,"WSName":"DB","rangeAddress":"$FT$267:$FT$304","headAddress":"$FT$267","bodyAddress":"$FT$268:$FT$304","_name":"код"},"основное":{"_level":2,"parentID":"38c7096f-ad06-4f97-8465-24fa717fca75","firstParentID":"e56597dc-c5ff-47d8-be22-2c39c6a76b5d","ID":"1b0c7e7d-5056-4326-921a-73392de20a49","childs":null,"emcosID":null,"emcosMLID":null,"codMaketTEP":null,"codTEP":null,"WSName":"DB","rangeAddress":"$FU$267:$FU$304","headAddress":"$FU$267","bodyAddress":"$FU$268:$FU$304","_name":"основное"},"корректировка факт":{"_level":2,"parentID":"38c7096f-ad06-4f97-8465-24fa717fca75","firstParentID":"e56597dc-c5ff-47d8-be22-2c39c6a76b5d","ID":"7a6fd73c-092a-4562-bbd8-e31dcdfdbb77","childs":null,"emcosID":null,"emcosMLID":null,"codMaketTEP":null,"codTEP":null,"WSName":"DB","rangeAddress":"$FV$267:$FV$304","headAddress":"$FV$267","bodyAddress":"$FV$268:$FV$304","_name":"корректировка факт"},"ручное":{"_level":2,"parentID":"38c7096f-ad06-4f97-8465-24fa717fca75","firstParentID":"e56597dc-c5ff-47d8-be22-2c39c6a76b5d","ID":"c74b4802-d93d-40e1-b089-23f83a4104be","childs":null,"emcosID":null,"emcosMLID":null,"codMaketTEP":null,"codTEP":null,"WSName":"DB","rangeAddress":"$FW$267:$FW$304","headAddress":"$FW$267","bodyAddress":"$FW$268:$FW$304","_name":"ручное"},"оперативное":{"_level":2,"parentID":"38c7096f-ad06-4f97-8465-24fa717fca75","firstParentID":"e56597dc-c5ff-47d8-be22-2c39c6a76b5d","ID":"35b7eede-b3be-4c1a-bb52-195102e1a3d0","childs":null,"emcosID":null,"emcosMLID":null,"codMaketTEP":null,"codTEP":null,"WSName":"DB","rangeAddress":"$FX$267:$FX$304","headAddress":"$FX$267","bodyAddress":"$FX$268:$FX$304","_name":"оперативное"}},"emcosID":null,"emcosMLID":null,"codMaketTEP":null,"codTEP":null,"WSName":"DB","rangeAddress":"$FT$266:$FX$304","headAddress":"$FT$266:$FX$266","bodyAddress":"$FT$267:$FX$304","_name":"отдача"}},"emcosID":null,"emcosMLID":null,"codMaketTEP":null,"codTEP":null,"WSName":"DB","rangeAddress":"$FT$265:$FX$304","headAddress":"$FT$265:$FX$265","bodyAddress":"$FT$266:$FX$304","_name":"Генерация DEF GES"}},"codPlan":null,"meterCoef":null,"_name":"Генерация DEF GES"}