{"ID":"87225c34-c937-45f0-a73a-861716332e9e","childs":{"PS":{"_level":0,"parentID":"87225c34-c937-45f0-a73a-861716332e9e","firstParentID":"87225c34-c937-45f0-a73a-861716332e9e","ID":"18443ad7-a3e7-4420-9fdf-f18598865776","childs":{"прием":{"_level":1,"parentID":"18443ad7-a3e7-4420-9fdf-f18598865776","firstParentID":"87225c34-c937-45f0-a73a-861716332e9e","ID":"4fbfeda0-03e2-42dc-8e52-f02d87f1adc4","childs":{"по счетчику":{"_level":2,"parentID":"4fbfeda0-03e2-42dc-8e52-f02d87f1adc4","firstParentID":"87225c34-c937-45f0-a73a-861716332e9e","ID":"b1bb88ef-e42a-44de-80e5-f9d73aaafe70","childs":null,"emcosID":null,"emcosMLID":null,"WSName":"PS","rangeAddress":"$AQ$56:$AQ$92","headAddress":"$AQ$56","bodyAddress":"$AQ$57:$AQ$92","_name":"по счетчику"}},"emcosID":null,"emcosMLID":null,"WSName":"PS","rangeAddress":"$AQ$55:$AQ$92","headAddress":"$AQ$55","bodyAddress":"$AQ$56:$AQ$92","_name":"прием"},"отдача":{"_level":1,"parentID":"18443ad7-a3e7-4420-9fdf-f18598865776","firstParentID":"87225c34-c937-45f0-a73a-861716332e9e","ID":"017b3a93-3cde-4d56-af9c-dc2a98d6ffd4","childs":{"по счетчику":{"_level":2,"parentID":"017b3a93-3cde-4d56-af9c-dc2a98d6ffd4","firstParentID":"87225c34-c937-45f0-a73a-861716332e9e","ID":"d9f5dd29-bf04-4a9e-886f-b96dada5dc9d","childs":null,"emcosID":null,"emcosMLID":null,"WSName":"PS","rangeAddress":"$AR$56:$AR$92","headAddress":"$AR$56","bodyAddress":"$AR$57:$AR$92","_name":"по счетчику"}},"emcosID":null,"emcosMLID":null,"WSName":"PS","rangeAddress":"$AR$55:$AR$92","headAddress":"$AR$55","bodyAddress":"$AR$56:$AR$92","_name":"отдача"}},"emcosID":null,"emcosMLID":null,"WSName":"PS","rangeAddress":"$AQ$54:$AR$92","headAddress":"$AQ$54:$AR$54","bodyAddress":"$AQ$55:$AR$92","_name":"Л2253 Шу"},"DB":{"_level":0,"parentID":"87225c34-c937-45f0-a73a-861716332e9e","firstParentID":"87225c34-c937-45f0-a73a-861716332e9e","ID":"3b29bcb1-c739-4dd0-8177-d44b077587f0","childs":{"прием":{"_level":1,"parentID":"3b29bcb1-c739-4dd0-8177-d44b077587f0","firstParentID":"87225c34-c937-45f0-a73a-861716332e9e","ID":"0bfdd43a-94ce-4cd9-a645-940ab0b157a9","childs":{"код":{"_level":2,"parentID":"0bfdd43a-94ce-4cd9-a645-940ab0b157a9","firstParentID":"87225c34-c937-45f0-a73a-861716332e9e","ID":"c6b7b978-19f5-45b7-a5e7-fd16df3f921d","childs":null,"emcosID":null,"emcosMLID":null,"WSName":"DB","rangeAddress":"$EJ$9:$EJ$46","headAddress":"$EJ$9","bodyAddress":"$EJ$10:$EJ$46","_name":"код"},"основное":{"_level":2,"parentID":"0bfdd43a-94ce-4cd9-a645-940ab0b157a9","firstParentID":"87225c34-c937-45f0-a73a-861716332e9e","ID":"6244462d-4052-44e6-9357-e0b76b466e39","childs":null,"emcosID":null,"emcosMLID":null,"WSName":"DB","rangeAddress":"$EK$9:$EK$46","headAddress":"$EK$9","bodyAddress":"$EK$10:$EK$46","_name":"основное"},"корректировка факт":{"_level":2,"parentID":"0bfdd43a-94ce-4cd9-a645-940ab0b157a9","firstParentID":"87225c34-c937-45f0-a73a-861716332e9e","ID":"f30f23ed-5e9b-4a5b-8d96-fcd1c3d9ff7e","childs":null,"emcosID":null,"emcosMLID":null,"WSName":"DB","rangeAddress":"$EL$9:$EL$46","headAddress":"$EL$9","bodyAddress":"$EL$10:$EL$46","_name":"корректировка факт"},"ручное":{"_level":2,"parentID":"0bfdd43a-94ce-4cd9-a645-940ab0b157a9","firstParentID":"87225c34-c937-45f0-a73a-861716332e9e","ID":"b9ca4d80-c588-437d-8c7e-3bd65095bbb5","childs":null,"emcosID":null,"emcosMLID":null,"WSName":"DB","rangeAddress":"$EM$9:$EM$46","headAddress":"$EM$9","bodyAddress":"$EM$10:$EM$46","_name":"ручное"},"счетчик":{"_level":2,"parentID":"0bfdd43a-94ce-4cd9-a645-940ab0b157a9","firstParentID":"87225c34-c937-45f0-a73a-861716332e9e","ID":"ac36e52c-1887-4d85-bae6-268b03b12f9b","childs":null,"emcosID":null,"emcosMLID":null,"WSName":"DB","rangeAddress":"$EN$9:$EN$46","headAddress":"$EN$9","bodyAddress":"$EN$10:$EN$46","_name":"счетчик"},"по счетчику":{"_level":2,"parentID":"0bfdd43a-94ce-4cd9-a645-940ab0b157a9","firstParentID":"87225c34-c937-45f0-a73a-861716332e9e","ID":"62eb5f91-1c7b-4d48-82de-1be44e9a755e","childs":null,"emcosID":null,"emcosMLID":null,"WSName":"DB","rangeAddress":"$EO$9:$EO$46","headAddress":"$EO$9","bodyAddress":"$EO$10:$EO$46","_name":"по счетчику"}},"emcosID":null,"emcosMLID":null,"WSName":"DB","rangeAddress":"$EJ$8:$EO$46","headAddress":"$EJ$8:$EO$8","bodyAddress":"$EJ$9:$EO$46","_name":"прием"},"отдача":{"_level":1,"parentID":"3b29bcb1-c739-4dd0-8177-d44b077587f0","firstParentID":"87225c34-c937-45f0-a73a-861716332e9e","ID":"b32448ae-1478-4356-a71a-669e320f56a6","childs":{"код":{"_level":2,"parentID":"b32448ae-1478-4356-a71a-669e320f56a6","firstParentID":"87225c34-c937-45f0-a73a-861716332e9e","ID":"f7cb3583-bb28-43b7-9c3d-e270a0522ac4","childs":null,"emcosID":null,"emcosMLID":null,"WSName":"DB","rangeAddress":"$EP$9:$EP$46","headAddress":"$EP$9","bodyAddress":"$EP$10:$EP$46","_name":"код"},"основное":{"_level":2,"parentID":"b32448ae-1478-4356-a71a-669e320f56a6","firstParentID":"87225c34-c937-45f0-a73a-861716332e9e","ID":"9f597582-4d85-45d4-836a-d20451a48f9a","childs":null,"emcosID":null,"emcosMLID":null,"WSName":"DB","rangeAddress":"$EQ$9:$EQ$46","headAddress":"$EQ$9","bodyAddress":"$EQ$10:$EQ$46","_name":"основное"},"корректировка факт":{"_level":2,"parentID":"b32448ae-1478-4356-a71a-669e320f56a6","firstParentID":"87225c34-c937-45f0-a73a-861716332e9e","ID":"63c49b73-4714-4cc5-8da9-bfccc1736ea0","childs":null,"emcosID":null,"emcosMLID":null,"WSName":"DB","rangeAddress":"$ER$9:$ER$46","headAddress":"$ER$9","bodyAddress":"$ER$10:$ER$46","_name":"корректировка факт"},"ручное":{"_level":2,"parentID":"b32448ae-1478-4356-a71a-669e320f56a6","firstParentID":"87225c34-c937-45f0-a73a-861716332e9e","ID":"0cc08741-51e2-499a-acdb-5e2bb5c7283d","childs":null,"emcosID":null,"emcosMLID":null,"WSName":"DB","rangeAddress":"$ES$9:$ES$46","headAddress":"$ES$9","bodyAddress":"$ES$10:$ES$46","_name":"ручное"},"счетчик":{"_level":2,"parentID":"b32448ae-1478-4356-a71a-669e320f56a6","firstParentID":"87225c34-c937-45f0-a73a-861716332e9e","ID":"00042c88-a6f5-4921-93a9-e56f28540fb2","childs":null,"emcosID":null,"emcosMLID":null,"WSName":"DB","rangeAddress":"$ET$9:$ET$46","headAddress":"$ET$9","bodyAddress":"$ET$10:$ET$46","_name":"счетчик"},"по счетчику":{"_level":2,"parentID":"b32448ae-1478-4356-a71a-669e320f56a6","firstParentID":"87225c34-c937-45f0-a73a-861716332e9e","ID":"163fe99d-1f36-46d4-9f10-14005d109472","childs":null,"emcosID":null,"emcosMLID":null,"WSName":"DB","rangeAddress":"$EU$9:$EU$46","headAddress":"$EU$9","bodyAddress":"$EU$10:$EU$46","_name":"по счетчику"}},"emcosID":null,"emcosMLID":null,"WSName":"DB","rangeAddress":"$EP$8:$EU$46","headAddress":"$EP$8:$EU$8","bodyAddress":"$EP$9:$EU$46","_name":"отдача"}},"emcosID":null,"emcosMLID":null,"WSName":"DB","rangeAddress":"$EJ$7:$EU$46","headAddress":"$EJ$7:$EU$7","bodyAddress":"$EJ$8:$EU$46","_name":"Л2253 Шу"}},"codPlan":null,"meterCoef":null,"_name":"Л2253 Шу"}