[{"text":"(","ID":"58f151e6-2c8e-4328-a689-1a67c49582ae","type":1},{"text":"Л5300 ЮКГРЭС прием","ID":"99136ec0-8a18-4f18-afe3-6c2371df6110","type":0},{"text":"+","ID":null,"type":2},{"text":"(","ID":"031fe116-546e-4177-84d3-b7b92f244c0a","type":1},{"text":"Л5300 Агадырь отдача","ID":"d91ca84c-de1e-4270-b98e-5e8608b75366","type":0},{"text":"-","ID":null,"type":2},{"text":"Л5300 ЮКГРЭС прием","ID":"99136ec0-8a18-4f18-afe3-6c2371df6110","type":0},{"text":")","ID":"031fe116-546e-4177-84d3-b7b92f244c0a","type":1},{"text":"*","ID":null,"type":2},{"text":"0,312","ID":null,"type":3},{"text":"-","ID":null,"type":2},{"text":"Л5300 ЮКГРЭС отдача","ID":"b965d53e-68df-416d-8600-37c51ba8bf69","type":0},{"text":"+","ID":null,"type":2},{"text":"(","ID":"9fa4322e-a8f9-4518-9a44-84cd519ade24","type":1},{"text":"Л5300 ЮКГРЭС отдача","ID":"b965d53e-68df-416d-8600-37c51ba8bf69","type":0},{"text":"-","ID":null,"type":2},{"text":"Л5300 Агадырь прием","ID":"b0816e2f-9af6-4ece-9d8b-b562144a2bcb","type":0},{"text":")","ID":"9fa4322e-a8f9-4518-9a44-84cd519ade24","type":1},{"text":"*","ID":null,"type":2},{"text":"0,312","ID":null,"type":3},{"text":")","ID":"58f151e6-2c8e-4328-a689-1a67c49582ae","type":1},{"text":"+","ID":null,"type":2},{"text":"(","ID":"2f243781-acba-4b15-8994-9026d6705057","type":1},{"text":"Л5320 ЮКГРЭС прием","ID":"ff90af43-e9dd-4525-aeff-e2c6cb8b2c7d","type":0},{"text":"+","ID":null,"type":2},{"text":"(","ID":"3eeeb0b0-c258-46e3-a14c-a3b9af5f7da1","type":1},{"text":"Л5320 Агадырь отдача","ID":"4a7f2f2c-0c79-46a6-bd8a-6c0e99cf0d90","type":0},{"text":"-","ID":null,"type":2},{"text":"Л5320 ЮКГРЭС прием","ID":"ff90af43-e9dd-4525-aeff-e2c6cb8b2c7d","type":0},{"text":")","ID":"3eeeb0b0-c258-46e3-a14c-a3b9af5f7da1","type":1},{"text":"*","ID":null,"type":2},{"text":"0,312","ID":null,"type":3},{"text":"-","ID":null,"type":2},{"text":"Л5320 ЮКГРЭС отдача","ID":"f0efc28a-806d-432a-b29c-a65bc854d33e","type":0},{"text":"+","ID":null,"type":2},{"text":"(","ID":"c4058742-1c0c-4c11-bc03-061799536920","type":1},{"text":"Л5320 ЮКГРЭС отдача","ID":"f0efc28a-806d-432a-b29c-a65bc854d33e","type":0},{"text":"-","ID":null,"type":2},{"text":"Л5320 Агадырь прием","ID":"4ab32270-6f07-4df3-8c7e-c6ebc7ebddf5","type":0},{"text":")","ID":"c4058742-1c0c-4c11-bc03-061799536920","type":1},{"text":"*","ID":null,"type":2},{"text":"0,312","ID":null,"type":3},{"text":")","ID":"2f243781-acba-4b15-8994-9026d6705057","type":1},{"text":"+","ID":null,"type":2},{"text":"Сальдо ЖРЭК Общее сальдо","ID":"fa3805c5-45b5-48b5-b6fd-207521016b84","type":0}]