{"ID":"f2133d22-97f8-407a-975e-c8f9761c122b","childs":{"PS":{"_level":0,"parentID":"f2133d22-97f8-407a-975e-c8f9761c122b","firstParentID":"f2133d22-97f8-407a-975e-c8f9761c122b","ID":"9a138e14-19ad-47b0-97e8-e852f40f646e","childs":{"прием":{"_level":1,"parentID":"9a138e14-19ad-47b0-97e8-e852f40f646e","firstParentID":"f2133d22-97f8-407a-975e-c8f9761c122b","ID":"3200b295-4056-4f49-9d94-2c372f862e4f","childs":{"оперативное":{"_level":2,"parentID":"3200b295-4056-4f49-9d94-2c372f862e4f","firstParentID":"f2133d22-97f8-407a-975e-c8f9761c122b","ID":"e200367b-9156-4ce9-b64c-49dcbceddf09","childs":null,"emcosID":null,"emcosMLID":null,"WSName":"PS","rangeAddress":"$DC$99:$DC$135","headAddress":"$DC$99","bodyAddress":"$DC$100:$DC$135","_name":"оперативное"}},"emcosID":null,"emcosMLID":null,"WSName":"PS","rangeAddress":"$DC$98:$DC$135","headAddress":"$DC$98","bodyAddress":"$DC$99:$DC$135","_name":"прием"},"отдача":{"_level":1,"parentID":"9a138e14-19ad-47b0-97e8-e852f40f646e","firstParentID":"f2133d22-97f8-407a-975e-c8f9761c122b","ID":"af16445c-2b77-445f-bd78-efa011c2e5d3","childs":{"оперативное":{"_level":2,"parentID":"af16445c-2b77-445f-bd78-efa011c2e5d3","firstParentID":"f2133d22-97f8-407a-975e-c8f9761c122b","ID":"120eae17-b360-4ed0-ad50-958d41e85711","childs":null,"emcosID":null,"emcosMLID":null,"WSName":"PS","rangeAddress":"$DD$99:$DD$135","headAddress":"$DD$99","bodyAddress":"$DD$100:$DD$135","_name":"оперативное"}},"emcosID":null,"emcosMLID":null,"WSName":"PS","rangeAddress":"$DD$98:$DD$135","headAddress":"$DD$98","bodyAddress":"$DD$99:$DD$135","_name":"отдача"}},"emcosID":null,"emcosMLID":null,"WSName":"PS","rangeAddress":"$DC$97:$DD$135","headAddress":"$DC$97:$DD$97","bodyAddress":"$DC$98:$DD$135","_name":"АТ1 АХБК 7А"},"DB":{"_level":0,"parentID":"f2133d22-97f8-407a-975e-c8f9761c122b","firstParentID":"f2133d22-97f8-407a-975e-c8f9761c122b","ID":"b9e77526-a69f-4ce1-9826-405bd118e803","childs":{"прием":{"_level":1,"parentID":"b9e77526-a69f-4ce1-9826-405bd118e803","firstParentID":"f2133d22-97f8-407a-975e-c8f9761c122b","ID":"82aa589e-0014-47a9-becd-0386283f04de","childs":{"код":{"_level":2,"parentID":"82aa589e-0014-47a9-becd-0386283f04de","firstParentID":"f2133d22-97f8-407a-975e-c8f9761c122b","ID":"4ea963cf-611e-4876-b654-6aec3f995ca3","childs":null,"emcosID":null,"emcosMLID":null,"WSName":"DB","rangeAddress":"$BK$310:$BK$347","headAddress":"$BK$310","bodyAddress":"$BK$311:$BK$347","_name":"код"},"основное":{"_level":2,"parentID":"82aa589e-0014-47a9-becd-0386283f04de","firstParentID":"f2133d22-97f8-407a-975e-c8f9761c122b","ID":"b1c7f24e-58f4-4105-bb47-3a980fb18407","childs":null,"emcosID":null,"emcosMLID":null,"WSName":"DB","rangeAddress":"$BL$310:$BL$347","headAddress":"$BL$310","bodyAddress":"$BL$311:$BL$347","_name":"основное"},"корректировка факт":{"_level":2,"parentID":"82aa589e-0014-47a9-becd-0386283f04de","firstParentID":"f2133d22-97f8-407a-975e-c8f9761c122b","ID":"980c69d4-7355-4346-a067-ad4413bdaee4","childs":null,"emcosID":null,"emcosMLID":null,"WSName":"DB","rangeAddress":"$BM$310:$BM$347","headAddress":"$BM$310","bodyAddress":"$BM$311:$BM$347","_name":"корректировка факт"},"ручное":{"_level":2,"parentID":"82aa589e-0014-47a9-becd-0386283f04de","firstParentID":"f2133d22-97f8-407a-975e-c8f9761c122b","ID":"f45917b6-2b52-47d3-bcac-0c7fcde49da9","childs":null,"emcosID":null,"emcosMLID":null,"WSName":"DB","rangeAddress":"$BN$310:$BN$347","headAddress":"$BN$310","bodyAddress":"$BN$311:$BN$347","_name":"ручное"},"оперативное":{"_level":2,"parentID":"82aa589e-0014-47a9-becd-0386283f04de","firstParentID":"f2133d22-97f8-407a-975e-c8f9761c122b","ID":"be9cadec-6854-49e9-9829-5a3f340a90d7","childs":null,"emcosID":null,"emcosMLID":null,"WSName":"DB","rangeAddress":"$BO$310:$BO$347","headAddress":"$BO$310","bodyAddress":"$BO$311:$BO$347","_name":"оперативное"}},"emcosID":null,"emcosMLID":null,"WSName":"DB","rangeAddress":"$BK$309:$BO$347","headAddress":"$BK$309:$BO$309","bodyAddress":"$BK$310:$BO$347","_name":"прием"},"отдача":{"_level":1,"parentID":"b9e77526-a69f-4ce1-9826-405bd118e803","firstParentID":"f2133d22-97f8-407a-975e-c8f9761c122b","ID":"b3458b22-1ac3-4dad-953f-3665276f463a","childs":{"код":{"_level":2,"parentID":"b3458b22-1ac3-4dad-953f-3665276f463a","firstParentID":"f2133d22-97f8-407a-975e-c8f9761c122b","ID":"ca16b892-2feb-4570-a598-b5a39cbfbc04","childs":null,"emcosID":null,"emcosMLID":null,"WSName":"DB","rangeAddress":"$BP$310:$BP$347","headAddress":"$BP$310","bodyAddress":"$BP$311:$BP$347","_name":"код"},"основное":{"_level":2,"parentID":"b3458b22-1ac3-4dad-953f-3665276f463a","firstParentID":"f2133d22-97f8-407a-975e-c8f9761c122b","ID":"5b311f5a-0ff1-4894-8a8b-67117754b711","childs":null,"emcosID":null,"emcosMLID":null,"WSName":"DB","rangeAddress":"$BQ$310:$BQ$347","headAddress":"$BQ$310","bodyAddress":"$BQ$311:$BQ$347","_name":"основное"},"корректировка факт":{"_level":2,"parentID":"b3458b22-1ac3-4dad-953f-3665276f463a","firstParentID":"f2133d22-97f8-407a-975e-c8f9761c122b","ID":"43efecc6-1b38-40a0-b810-b832d877d80f","childs":null,"emcosID":null,"emcosMLID":null,"WSName":"DB","rangeAddress":"$BR$310:$BR$347","headAddress":"$BR$310","bodyAddress":"$BR$311:$BR$347","_name":"корректировка факт"},"ручное":{"_level":2,"parentID":"b3458b22-1ac3-4dad-953f-3665276f463a","firstParentID":"f2133d22-97f8-407a-975e-c8f9761c122b","ID":"f412d7a4-8279-4594-adc2-d27fdbefb00d","childs":null,"emcosID":null,"emcosMLID":null,"WSName":"DB","rangeAddress":"$BS$310:$BS$347","headAddress":"$BS$310","bodyAddress":"$BS$311:$BS$347","_name":"ручное"},"оперативное":{"_level":2,"parentID":"b3458b22-1ac3-4dad-953f-3665276f463a","firstParentID":"f2133d22-97f8-407a-975e-c8f9761c122b","ID":"d0bf381e-d9f2-490b-a88d-fe14e332de19","childs":null,"emcosID":null,"emcosMLID":null,"WSName":"DB","rangeAddress":"$BT$310:$BT$347","headAddress":"$BT$310","bodyAddress":"$BT$311:$BT$347","_name":"оперативное"}},"emcosID":null,"emcosMLID":null,"WSName":"DB","rangeAddress":"$BP$309:$BT$347","headAddress":"$BP$309:$BT$309","bodyAddress":"$BP$310:$BT$347","_name":"отдача"}},"emcosID":null,"emcosMLID":null,"WSName":"DB","rangeAddress":"$BK$308:$BT$347","headAddress":"$BK$308:$BT$308","bodyAddress":"$BK$309:$BT$347","_name":"АТ1 АХБК 7А"}},"codPlan":null,"meterCoef":null,"_name":"АТ1 АХБК 7А"}