{"ID":"188a3038-54f0-455b-ba1a-3ae29860417f","childs":{"PS":{"_level":0,"parentID":"188a3038-54f0-455b-ba1a-3ae29860417f","firstParentID":"188a3038-54f0-455b-ba1a-3ae29860417f","ID":"82046349-1b3d-4f74-b183-1189f24bd2a0","childs":{"отдача":{"_level":1,"parentID":"82046349-1b3d-4f74-b183-1189f24bd2a0","firstParentID":"188a3038-54f0-455b-ba1a-3ae29860417f","ID":"3fc6c01a-3035-4db4-94ef-c54b0fc72ab2","childs":{"по счетчику":{"_level":2,"parentID":"3fc6c01a-3035-4db4-94ef-c54b0fc72ab2","firstParentID":"188a3038-54f0-455b-ba1a-3ae29860417f","ID":"c58204c9-c06f-4f26-b4c6-592cfff423d4","childs":null,"emcosID":null,"emcosMLID":null,"codMaketTEP":null,"codTEP":null,"WSName":"PS","rangeAddress":"$FS$99:$FS$135","headAddress":"$FS$99","bodyAddress":"$FS$100:$FS$135","_name":"по счетчику"},"СЧЕТЧИК":{"_level":2,"parentID":"3fc6c01a-3035-4db4-94ef-c54b0fc72ab2","firstParentID":"188a3038-54f0-455b-ba1a-3ae29860417f","ID":"cdca2fc4-dc08-4953-86cb-d4ad36e5787c","childs":null,"emcosID":null,"emcosMLID":null,"codMaketTEP":null,"codTEP":null,"WSName":"PS","rangeAddress":"$FT$99:$FT$135","headAddress":"$FT$99","bodyAddress":"$FT$100:$FT$135","_name":"СЧЕТЧИК"}},"emcosID":null,"emcosMLID":null,"codMaketTEP":null,"codTEP":null,"WSName":"PS","rangeAddress":"$FS$98:$FT$135","headAddress":"$FS$98:$FT$98","bodyAddress":"$FS$99:$FT$135","_name":"отдача"}},"emcosID":null,"emcosMLID":null,"codMaketTEP":null,"codTEP":null,"WSName":"PS","rangeAddress":"$FS$97:$FT$135","headAddress":"$FS$97:$FT$97","bodyAddress":"$FS$98:$FT$135","_name":"КЛ79 ПС152 Талдыкорган"},"DB":{"_level":0,"parentID":"188a3038-54f0-455b-ba1a-3ae29860417f","firstParentID":"188a3038-54f0-455b-ba1a-3ae29860417f","ID":"03502afa-88b0-4963-8ec1-bc2e12f987be","childs":{"отдача":{"_level":1,"parentID":"03502afa-88b0-4963-8ec1-bc2e12f987be","firstParentID":"188a3038-54f0-455b-ba1a-3ae29860417f","ID":"a368e68f-ed94-478f-9c64-b3386c82953d","childs":{"код":{"_level":2,"parentID":"a368e68f-ed94-478f-9c64-b3386c82953d","firstParentID":"188a3038-54f0-455b-ba1a-3ae29860417f","ID":"951824e7-5341-41bb-b7fc-320e955dd9b6","childs":null,"emcosID":null,"emcosMLID":null,"codMaketTEP":null,"codTEP":null,"WSName":"DB","rangeAddress":"$CI$525:$CI$562","headAddress":"$CI$525","bodyAddress":"$CI$526:$CI$562","_name":"код"},"основное":{"_level":2,"parentID":"a368e68f-ed94-478f-9c64-b3386c82953d","firstParentID":"188a3038-54f0-455b-ba1a-3ae29860417f","ID":"90551543-03fa-4ef2-9bb6-15eed0d8916b","childs":null,"emcosID":null,"emcosMLID":null,"codMaketTEP":null,"codTEP":null,"WSName":"DB","rangeAddress":"$CJ$525:$CJ$562","headAddress":"$CJ$525","bodyAddress":"$CJ$526:$CJ$562","_name":"основное"},"корректировка факт":{"_level":2,"parentID":"a368e68f-ed94-478f-9c64-b3386c82953d","firstParentID":"188a3038-54f0-455b-ba1a-3ae29860417f","ID":"f689a85a-376d-44c0-8517-63af090b5c01","childs":null,"emcosID":null,"emcosMLID":null,"codMaketTEP":null,"codTEP":null,"WSName":"DB","rangeAddress":"$CK$525:$CK$562","headAddress":"$CK$525","bodyAddress":"$CK$526:$CK$562","_name":"корректировка факт"},"ручное":{"_level":2,"parentID":"a368e68f-ed94-478f-9c64-b3386c82953d","firstParentID":"188a3038-54f0-455b-ba1a-3ae29860417f","ID":"61cb25eb-e824-464a-8cb0-8af77770baac","childs":null,"emcosID":null,"emcosMLID":null,"codMaketTEP":null,"codTEP":null,"WSName":"DB","rangeAddress":"$CL$525:$CL$562","headAddress":"$CL$525","bodyAddress":"$CL$526:$CL$562","_name":"ручное"},"счетчик":{"_level":2,"parentID":"a368e68f-ed94-478f-9c64-b3386c82953d","firstParentID":"188a3038-54f0-455b-ba1a-3ae29860417f","ID":"3e6de21a-6f20-4bfb-a24d-6877f22bc37c","childs":null,"emcosID":null,"emcosMLID":null,"codMaketTEP":null,"codTEP":null,"WSName":"DB","rangeAddress":"$CM$525:$CM$562","headAddress":"$CM$525","bodyAddress":"$CM$526:$CM$562","_name":"счетчик"},"по счетчику":{"_level":2,"parentID":"a368e68f-ed94-478f-9c64-b3386c82953d","firstParentID":"188a3038-54f0-455b-ba1a-3ae29860417f","ID":"91667325-eb13-410e-a14e-acea13d81ba1","childs":null,"emcosID":null,"emcosMLID":null,"codMaketTEP":null,"codTEP":null,"WSName":"DB","rangeAddress":"$CN$525:$CN$562","headAddress":"$CN$525","bodyAddress":"$CN$526:$CN$562","_name":"по счетчику"}},"emcosID":null,"emcosMLID":null,"codMaketTEP":null,"codTEP":null,"WSName":"DB","rangeAddress":"$CI$524:$CN$562","headAddress":"$CI$524:$CN$524","bodyAddress":"$CI$525:$CN$562","_name":"отдача"}},"emcosID":null,"emcosMLID":null,"codMaketTEP":null,"codTEP":null,"WSName":"DB","rangeAddress":"$CI$523:$CN$562","headAddress":"$CI$523:$CN$523","bodyAddress":"$CI$524:$CN$562","_name":"КЛ79 ПС152 Талдыкорган"}},"codPlan":null,"meterCoef":"6","_name":"КЛ79 ПС152 Талдыкорган"}