{"ID":"b4f288fe-e056-42d6-891e-12d2b06992f1","childs":{"PS":{"_level":0,"parentID":"b4f288fe-e056-42d6-891e-12d2b06992f1","firstParentID":"b4f288fe-e056-42d6-891e-12d2b06992f1","ID":"0fbcd34b-d813-4142-8cbe-479caea3e11a","childs":{"отдача":{"_level":1,"parentID":"0fbcd34b-d813-4142-8cbe-479caea3e11a","firstParentID":"b4f288fe-e056-42d6-891e-12d2b06992f1","ID":"673acd2a-325b-470b-80e8-0d9e95c44d45","childs":{"по счетчику":{"_level":2,"parentID":"673acd2a-325b-470b-80e8-0d9e95c44d45","firstParentID":"b4f288fe-e056-42d6-891e-12d2b06992f1","ID":"4528e26f-a314-4bee-81e7-5800852057bf","childs":null,"emcosID":null,"emcosMLID":null,"codMaketTEP":null,"codTEP":null,"WSName":"PS","rangeAddress":"$AQ$99:$AQ$135","headAddress":"$AQ$99","bodyAddress":"$AQ$100:$AQ$135","_name":"по счетчику"},"СЧЕТЧИК":{"_level":2,"parentID":"673acd2a-325b-470b-80e8-0d9e95c44d45","firstParentID":"b4f288fe-e056-42d6-891e-12d2b06992f1","ID":"06f92fdb-d67f-41cb-ba80-5d343f75056e","childs":null,"emcosID":null,"emcosMLID":null,"codMaketTEP":null,"codTEP":null,"WSName":"PS","rangeAddress":"$AR$99:$AR$135","headAddress":"$AR$99","bodyAddress":"$AR$100:$AR$135","_name":"СЧЕТЧИК"}},"emcosID":null,"emcosMLID":null,"codMaketTEP":null,"codTEP":null,"WSName":"PS","rangeAddress":"$AQ$98:$AR$135","headAddress":"$AQ$98:$AR$98","bodyAddress":"$AQ$99:$AR$135","_name":"отдача"}},"emcosID":null,"emcosMLID":null,"codMaketTEP":null,"codTEP":null,"WSName":"PS","rangeAddress":"$AQ$97:$AR$135","headAddress":"$AQ$97:$AR$97","bodyAddress":"$AQ$98:$AR$135","_name":"Л11 ПС126 Талдыкорган"},"DB":{"_level":0,"parentID":"b4f288fe-e056-42d6-891e-12d2b06992f1","firstParentID":"b4f288fe-e056-42d6-891e-12d2b06992f1","ID":"4a98f884-734e-4424-b6c1-19a13893d8f7","childs":{"отдача":{"_level":1,"parentID":"4a98f884-734e-4424-b6c1-19a13893d8f7","firstParentID":"b4f288fe-e056-42d6-891e-12d2b06992f1","ID":"6a4ea383-b70b-418c-9565-91aec3aa7ee5","childs":{"код":{"_level":2,"parentID":"6a4ea383-b70b-418c-9565-91aec3aa7ee5","firstParentID":"b4f288fe-e056-42d6-891e-12d2b06992f1","ID":"a4c021e1-f508-4bf0-b7b1-defac5721a97","childs":null,"emcosID":null,"emcosMLID":null,"codMaketTEP":null,"codTEP":null,"WSName":"DB","rangeAddress":"$HZ$310:$HZ$347","headAddress":"$HZ$310","bodyAddress":"$HZ$311:$HZ$347","_name":"код"},"основное":{"_level":2,"parentID":"6a4ea383-b70b-418c-9565-91aec3aa7ee5","firstParentID":"b4f288fe-e056-42d6-891e-12d2b06992f1","ID":"ea3a89b0-23b3-485b-8833-ec1f4638b34a","childs":null,"emcosID":null,"emcosMLID":null,"codMaketTEP":null,"codTEP":null,"WSName":"DB","rangeAddress":"$IA$310:$IA$347","headAddress":"$IA$310","bodyAddress":"$IA$311:$IA$347","_name":"основное"},"корректировка факт":{"_level":2,"parentID":"6a4ea383-b70b-418c-9565-91aec3aa7ee5","firstParentID":"b4f288fe-e056-42d6-891e-12d2b06992f1","ID":"ab4c4beb-1391-4d58-993f-c30fcbdcf824","childs":null,"emcosID":null,"emcosMLID":null,"codMaketTEP":null,"codTEP":null,"WSName":"DB","rangeAddress":"$IB$310:$IB$347","headAddress":"$IB$310","bodyAddress":"$IB$311:$IB$347","_name":"корректировка факт"},"ручное":{"_level":2,"parentID":"6a4ea383-b70b-418c-9565-91aec3aa7ee5","firstParentID":"b4f288fe-e056-42d6-891e-12d2b06992f1","ID":"8a72dff4-bd13-4f1b-a5e7-c23eb96ab4ae","childs":null,"emcosID":null,"emcosMLID":null,"codMaketTEP":null,"codTEP":null,"WSName":"DB","rangeAddress":"$IC$310:$IC$347","headAddress":"$IC$310","bodyAddress":"$IC$311:$IC$347","_name":"ручное"},"оперативное":{"_level":2,"parentID":"6a4ea383-b70b-418c-9565-91aec3aa7ee5","firstParentID":"b4f288fe-e056-42d6-891e-12d2b06992f1","ID":"2d3f648f-61c5-4a1e-b96a-64aa929657b5","childs":null,"emcosID":null,"emcosMLID":null,"codMaketTEP":null,"codTEP":null,"WSName":"DB","rangeAddress":"$ID$310:$ID$347","headAddress":"$ID$310","bodyAddress":"$ID$311:$ID$347","_name":"оперативное"},"счетчик":{"_level":2,"parentID":"6a4ea383-b70b-418c-9565-91aec3aa7ee5","firstParentID":"b4f288fe-e056-42d6-891e-12d2b06992f1","ID":"4a08812a-0efe-4862-aad9-667fc3534790","childs":null,"emcosID":null,"emcosMLID":null,"codMaketTEP":null,"codTEP":null,"WSName":"DB","rangeAddress":"$IE$310:$IE$347","headAddress":"$IE$310","bodyAddress":"$IE$311:$IE$347","_name":"счетчик"},"по счетчику":{"_level":2,"parentID":"6a4ea383-b70b-418c-9565-91aec3aa7ee5","firstParentID":"b4f288fe-e056-42d6-891e-12d2b06992f1","ID":"cf0d4cd4-7809-4843-a132-4d9de35b85d2","childs":null,"emcosID":null,"emcosMLID":null,"codMaketTEP":null,"codTEP":null,"WSName":"DB","rangeAddress":"$IF$310:$IF$347","headAddress":"$IF$310","bodyAddress":"$IF$311:$IF$347","_name":"по счетчику"}},"emcosID":null,"emcosMLID":null,"codMaketTEP":null,"codTEP":null,"WSName":"DB","rangeAddress":"$HZ$309:$IF$347","headAddress":"$HZ$309:$IF$309","bodyAddress":"$HZ$310:$IF$347","_name":"отдача"}},"emcosID":null,"emcosMLID":null,"codMaketTEP":null,"codTEP":null,"WSName":"DB","rangeAddress":"$HZ$308:$IF$347","headAddress":"$HZ$308:$IF$308","bodyAddress":"$HZ$309:$IF$347","_name":"Л11 ПС126 Талдыкорган"}},"codPlan":null,"meterCoef":"3","_name":"Л11 ПС126 Талдыкорган"}