{"ID":"02eb0a4c-31e7-4242-92b1-a5af00570c31","childs":{"PS":{"_level":0,"parentID":"02eb0a4c-31e7-4242-92b1-a5af00570c31","firstParentID":"02eb0a4c-31e7-4242-92b1-a5af00570c31","ID":"a0381448-b323-430c-9402-c8e322bd15aa","childs":{"прием":{"_level":1,"parentID":"a0381448-b323-430c-9402-c8e322bd15aa","firstParentID":"02eb0a4c-31e7-4242-92b1-a5af00570c31","ID":"121a02bf-3f61-40fb-825e-8d91d7af7253","childs":{"оперативное":{"_level":2,"parentID":"121a02bf-3f61-40fb-825e-8d91d7af7253","firstParentID":"02eb0a4c-31e7-4242-92b1-a5af00570c31","ID":"c14fca61-a6d6-47f9-8285-0473f4d3850d","childs":null,"emcosID":null,"emcosMLID":null,"codTEP":null,"WSName":"PS","rangeAddress":"$DA$99:$DA$135","headAddress":"$DA$99","bodyAddress":"$DA$100:$DA$135","_name":"оперативное"}},"emcosID":null,"emcosMLID":null,"codTEP":null,"WSName":"PS","rangeAddress":"$DA$98:$DA$135","headAddress":"$DA$98","bodyAddress":"$DA$99:$DA$135","_name":"прием"},"отдача":{"_level":1,"parentID":"a0381448-b323-430c-9402-c8e322bd15aa","firstParentID":"02eb0a4c-31e7-4242-92b1-a5af00570c31","ID":"e25c6eeb-78c9-4e74-97d7-c1df986f8b39","childs":{"оперативное":{"_level":2,"parentID":"e25c6eeb-78c9-4e74-97d7-c1df986f8b39","firstParentID":"02eb0a4c-31e7-4242-92b1-a5af00570c31","ID":"cb7ec951-4480-4c97-bd81-9c2ff4479409","childs":null,"emcosID":null,"emcosMLID":null,"codTEP":null,"WSName":"PS","rangeAddress":"$DB$99:$DB$135","headAddress":"$DB$99","bodyAddress":"$DB$100:$DB$135","_name":"оперативное"}},"emcosID":null,"emcosMLID":null,"codTEP":null,"WSName":"PS","rangeAddress":"$DB$98:$DB$135","headAddress":"$DB$98","bodyAddress":"$DB$99:$DB$135","_name":"отдача"}},"emcosID":null,"emcosMLID":null,"codTEP":null,"WSName":"PS","rangeAddress":"$DA$97:$DB$135","headAddress":"$DA$97:$DB$97","bodyAddress":"$DA$98:$DB$135","_name":"Л2173 АХБК 7А"},"DB":{"_level":0,"parentID":"02eb0a4c-31e7-4242-92b1-a5af00570c31","firstParentID":"02eb0a4c-31e7-4242-92b1-a5af00570c31","ID":"750189d0-6521-4163-b095-939873d5edc0","childs":{"прием":{"_level":1,"parentID":"750189d0-6521-4163-b095-939873d5edc0","firstParentID":"02eb0a4c-31e7-4242-92b1-a5af00570c31","ID":"a91e379d-4352-41f9-aba0-3d10c34d7761","childs":{"код":{"_level":2,"parentID":"a91e379d-4352-41f9-aba0-3d10c34d7761","firstParentID":"02eb0a4c-31e7-4242-92b1-a5af00570c31","ID":"5ec96df9-a521-46c1-a068-df903ec662a6","childs":null,"emcosID":null,"emcosMLID":null,"codTEP":null,"WSName":"DB","rangeAddress":"$GH$95:$GH$132","headAddress":"$GH$95","bodyAddress":"$GH$96:$GH$132","_name":"код"},"основное":{"_level":2,"parentID":"a91e379d-4352-41f9-aba0-3d10c34d7761","firstParentID":"02eb0a4c-31e7-4242-92b1-a5af00570c31","ID":"0cae3b3f-e178-4509-8128-4049f7e923a9","childs":null,"emcosID":null,"emcosMLID":null,"codTEP":null,"WSName":"DB","rangeAddress":"$GI$95:$GI$132","headAddress":"$GI$95","bodyAddress":"$GI$96:$GI$132","_name":"основное"},"корректировка факт":{"_level":2,"parentID":"a91e379d-4352-41f9-aba0-3d10c34d7761","firstParentID":"02eb0a4c-31e7-4242-92b1-a5af00570c31","ID":"2dad36d2-718f-4562-a128-3e21777e0c12","childs":null,"emcosID":null,"emcosMLID":null,"codTEP":null,"WSName":"DB","rangeAddress":"$GJ$95:$GJ$132","headAddress":"$GJ$95","bodyAddress":"$GJ$96:$GJ$132","_name":"корректировка факт"},"ручное":{"_level":2,"parentID":"a91e379d-4352-41f9-aba0-3d10c34d7761","firstParentID":"02eb0a4c-31e7-4242-92b1-a5af00570c31","ID":"fed4557c-cd12-49f9-988d-a0758b0aba3e","childs":null,"emcosID":null,"emcosMLID":null,"codTEP":null,"WSName":"DB","rangeAddress":"$GK$95:$GK$132","headAddress":"$GK$95","bodyAddress":"$GK$96:$GK$132","_name":"ручное"},"оперативное":{"_level":2,"parentID":"a91e379d-4352-41f9-aba0-3d10c34d7761","firstParentID":"02eb0a4c-31e7-4242-92b1-a5af00570c31","ID":"db391354-eada-49c2-a451-6c9c7ba39426","childs":null,"emcosID":null,"emcosMLID":null,"codTEP":null,"WSName":"DB","rangeAddress":"$GL$95:$GL$132","headAddress":"$GL$95","bodyAddress":"$GL$96:$GL$132","_name":"оперативное"}},"emcosID":null,"emcosMLID":null,"codTEP":null,"WSName":"DB","rangeAddress":"$GH$94:$GL$132","headAddress":"$GH$94:$GL$94","bodyAddress":"$GH$95:$GL$132","_name":"прием"},"отдача":{"_level":1,"parentID":"750189d0-6521-4163-b095-939873d5edc0","firstParentID":"02eb0a4c-31e7-4242-92b1-a5af00570c31","ID":"df05c7e8-80f9-446d-a0b6-b8792fe35da3","childs":{"код":{"_level":2,"parentID":"df05c7e8-80f9-446d-a0b6-b8792fe35da3","firstParentID":"02eb0a4c-31e7-4242-92b1-a5af00570c31","ID":"d8b2350e-cb4b-4beb-9d09-1c11d41ca720","childs":null,"emcosID":null,"emcosMLID":null,"codTEP":null,"WSName":"DB","rangeAddress":"$GM$95:$GM$132","headAddress":"$GM$95","bodyAddress":"$GM$96:$GM$132","_name":"код"},"основное":{"_level":2,"parentID":"df05c7e8-80f9-446d-a0b6-b8792fe35da3","firstParentID":"02eb0a4c-31e7-4242-92b1-a5af00570c31","ID":"0cfcff27-6353-4f90-a245-01dc952219e1","childs":null,"emcosID":null,"emcosMLID":null,"codTEP":null,"WSName":"DB","rangeAddress":"$GN$95:$GN$132","headAddress":"$GN$95","bodyAddress":"$GN$96:$GN$132","_name":"основное"},"корректировка факт":{"_level":2,"parentID":"df05c7e8-80f9-446d-a0b6-b8792fe35da3","firstParentID":"02eb0a4c-31e7-4242-92b1-a5af00570c31","ID":"f544c38e-c929-4207-96c7-7a396784d40f","childs":null,"emcosID":null,"emcosMLID":null,"codTEP":null,"WSName":"DB","rangeAddress":"$GO$95:$GO$132","headAddress":"$GO$95","bodyAddress":"$GO$96:$GO$132","_name":"корректировка факт"},"ручное":{"_level":2,"parentID":"df05c7e8-80f9-446d-a0b6-b8792fe35da3","firstParentID":"02eb0a4c-31e7-4242-92b1-a5af00570c31","ID":"c1403fed-d4f8-42d5-9ade-aca629b5a8ef","childs":null,"emcosID":null,"emcosMLID":null,"codTEP":null,"WSName":"DB","rangeAddress":"$GP$95:$GP$132","headAddress":"$GP$95","bodyAddress":"$GP$96:$GP$132","_name":"ручное"},"оперативное":{"_level":2,"parentID":"df05c7e8-80f9-446d-a0b6-b8792fe35da3","firstParentID":"02eb0a4c-31e7-4242-92b1-a5af00570c31","ID":"bcf6583d-dea1-4dab-a83b-e733da4da01e","childs":null,"emcosID":null,"emcosMLID":null,"codTEP":null,"WSName":"DB","rangeAddress":"$GQ$95:$GQ$132","headAddress":"$GQ$95","bodyAddress":"$GQ$96:$GQ$132","_name":"оперативное"}},"emcosID":null,"emcosMLID":null,"codTEP":null,"WSName":"DB","rangeAddress":"$GM$94:$GQ$132","headAddress":"$GM$94:$GQ$94","bodyAddress":"$GM$95:$GQ$132","_name":"отдача"}},"emcosID":null,"emcosMLID":null,"codTEP":null,"WSName":"DB","rangeAddress":"$GH$93:$GQ$132","headAddress":"$GH$93:$GQ$93","bodyAddress":"$GH$94:$GQ$132","_name":"Л2173 АХБК 7А"}},"codPlan":null,"meterCoef":null,"_name":"Л2173 АХБК 7А"}