{"ID":"04ec972c-7f47-43be-90bd-0e4b37e1844f","childs":{"PS":{"_level":0,"parentID":"04ec972c-7f47-43be-90bd-0e4b37e1844f","firstParentID":"04ec972c-7f47-43be-90bd-0e4b37e1844f","ID":"6b4933d5-a38c-44a4-bc49-896b25d3f19d","childs":{"прием":{"_level":1,"parentID":"6b4933d5-a38c-44a4-bc49-896b25d3f19d","firstParentID":"04ec972c-7f47-43be-90bd-0e4b37e1844f","ID":"ee35518a-4eef-4132-ad99-8bb9f180eab5","childs":{"по счетчику":{"_level":2,"parentID":"ee35518a-4eef-4132-ad99-8bb9f180eab5","firstParentID":"04ec972c-7f47-43be-90bd-0e4b37e1844f","ID":"0fd292a8-3b95-428e-964f-430bb2ea9e66","childs":null,"emcosID":null,"emcosMLID":null,"WSName":"PS","rangeAddress":"$O$56:$O$92","headAddress":"$O$56","bodyAddress":"$O$57:$O$92","_name":"по счетчику"}},"emcosID":null,"emcosMLID":null,"WSName":"PS","rangeAddress":"$O$55:$O$92","headAddress":"$O$55","bodyAddress":"$O$56:$O$92","_name":"прием"},"отдача":{"_level":1,"parentID":"6b4933d5-a38c-44a4-bc49-896b25d3f19d","firstParentID":"04ec972c-7f47-43be-90bd-0e4b37e1844f","ID":"f7a1b294-3908-4c1e-baea-59a4bab33be1","childs":{"по счетчику":{"_level":2,"parentID":"f7a1b294-3908-4c1e-baea-59a4bab33be1","firstParentID":"04ec972c-7f47-43be-90bd-0e4b37e1844f","ID":"eb69ce6a-e7c4-402c-b709-084005eac9ea","childs":null,"emcosID":null,"emcosMLID":null,"WSName":"PS","rangeAddress":"$P$56:$P$92","headAddress":"$P$56","bodyAddress":"$P$57:$P$92","_name":"по счетчику"}},"emcosID":null,"emcosMLID":null,"WSName":"PS","rangeAddress":"$P$55:$P$92","headAddress":"$P$55","bodyAddress":"$P$56:$P$92","_name":"отдача"}},"emcosID":null,"emcosMLID":null,"WSName":"PS","rangeAddress":"$O$54:$P$92","headAddress":"$O$54:$P$54","bodyAddress":"$O$55:$P$92","_name":"Л5333 ЮКГРЭС"},"DB":{"_level":0,"parentID":"04ec972c-7f47-43be-90bd-0e4b37e1844f","firstParentID":"04ec972c-7f47-43be-90bd-0e4b37e1844f","ID":"5f275d54-f7d7-43ef-b1a2-a201d32f4b72","childs":{"прием":{"_level":1,"parentID":"5f275d54-f7d7-43ef-b1a2-a201d32f4b72","firstParentID":"04ec972c-7f47-43be-90bd-0e4b37e1844f","ID":"674a1245-59fc-4547-b091-4edfc89df1a2","childs":{"код":{"_level":2,"parentID":"674a1245-59fc-4547-b091-4edfc89df1a2","firstParentID":"04ec972c-7f47-43be-90bd-0e4b37e1844f","ID":"da8f0578-5817-4dbe-ab7c-e6f1c871f52e","childs":null,"emcosID":null,"emcosMLID":null,"WSName":"DB","rangeAddress":"$LB$9:$LB$46","headAddress":"$LB$9","bodyAddress":"$LB$10:$LB$46","_name":"код"},"основное":{"_level":2,"parentID":"674a1245-59fc-4547-b091-4edfc89df1a2","firstParentID":"04ec972c-7f47-43be-90bd-0e4b37e1844f","ID":"4840186b-c8a0-4490-a8aa-d8b86f85b1af","childs":null,"emcosID":null,"emcosMLID":null,"WSName":"DB","rangeAddress":"$LC$9:$LC$46","headAddress":"$LC$9","bodyAddress":"$LC$10:$LC$46","_name":"основное"},"корректировка факт":{"_level":2,"parentID":"674a1245-59fc-4547-b091-4edfc89df1a2","firstParentID":"04ec972c-7f47-43be-90bd-0e4b37e1844f","ID":"40122330-00e5-450c-a6c0-038b0d72c9e6","childs":null,"emcosID":null,"emcosMLID":null,"WSName":"DB","rangeAddress":"$LD$9:$LD$46","headAddress":"$LD$9","bodyAddress":"$LD$10:$LD$46","_name":"корректировка факт"},"ручное":{"_level":2,"parentID":"674a1245-59fc-4547-b091-4edfc89df1a2","firstParentID":"04ec972c-7f47-43be-90bd-0e4b37e1844f","ID":"02a64d26-9779-4eba-8b9e-bf7d3c215d60","childs":null,"emcosID":null,"emcosMLID":null,"WSName":"DB","rangeAddress":"$LE$9:$LE$46","headAddress":"$LE$9","bodyAddress":"$LE$10:$LE$46","_name":"ручное"},"счетчик":{"_level":2,"parentID":"674a1245-59fc-4547-b091-4edfc89df1a2","firstParentID":"04ec972c-7f47-43be-90bd-0e4b37e1844f","ID":"10fbc114-ab7d-4db6-95dc-c43c8d688597","childs":null,"emcosID":null,"emcosMLID":null,"WSName":"DB","rangeAddress":"$LF$9:$LF$46","headAddress":"$LF$9","bodyAddress":"$LF$10:$LF$46","_name":"счетчик"},"по счетчику":{"_level":2,"parentID":"674a1245-59fc-4547-b091-4edfc89df1a2","firstParentID":"04ec972c-7f47-43be-90bd-0e4b37e1844f","ID":"9c0de1db-f62b-4b04-8dad-121af7035dd6","childs":null,"emcosID":null,"emcosMLID":null,"WSName":"DB","rangeAddress":"$LG$9:$LG$46","headAddress":"$LG$9","bodyAddress":"$LG$10:$LG$46","_name":"по счетчику"}},"emcosID":null,"emcosMLID":null,"WSName":"DB","rangeAddress":"$LB$8:$LG$46","headAddress":"$LB$8:$LG$8","bodyAddress":"$LB$9:$LG$46","_name":"прием"},"отдача":{"_level":1,"parentID":"5f275d54-f7d7-43ef-b1a2-a201d32f4b72","firstParentID":"04ec972c-7f47-43be-90bd-0e4b37e1844f","ID":"2b70958e-0e96-4233-b1ea-f099f55c6d45","childs":{"код":{"_level":2,"parentID":"2b70958e-0e96-4233-b1ea-f099f55c6d45","firstParentID":"04ec972c-7f47-43be-90bd-0e4b37e1844f","ID":"d389533f-0024-415a-8dba-5e5318925c90","childs":null,"emcosID":null,"emcosMLID":null,"WSName":"DB","rangeAddress":"$LH$9:$LH$46","headAddress":"$LH$9","bodyAddress":"$LH$10:$LH$46","_name":"код"},"основное":{"_level":2,"parentID":"2b70958e-0e96-4233-b1ea-f099f55c6d45","firstParentID":"04ec972c-7f47-43be-90bd-0e4b37e1844f","ID":"41a1c738-70e6-4455-87c7-bb6b55165f5a","childs":null,"emcosID":null,"emcosMLID":null,"WSName":"DB","rangeAddress":"$LI$9:$LI$46","headAddress":"$LI$9","bodyAddress":"$LI$10:$LI$46","_name":"основное"},"корректировка факт":{"_level":2,"parentID":"2b70958e-0e96-4233-b1ea-f099f55c6d45","firstParentID":"04ec972c-7f47-43be-90bd-0e4b37e1844f","ID":"deb92538-b6ae-4add-b5eb-9f05faeebb5c","childs":null,"emcosID":null,"emcosMLID":null,"WSName":"DB","rangeAddress":"$LJ$9:$LJ$46","headAddress":"$LJ$9","bodyAddress":"$LJ$10:$LJ$46","_name":"корректировка факт"},"ручное":{"_level":2,"parentID":"2b70958e-0e96-4233-b1ea-f099f55c6d45","firstParentID":"04ec972c-7f47-43be-90bd-0e4b37e1844f","ID":"931334d4-5164-48e1-acc9-822f4c5a9803","childs":null,"emcosID":null,"emcosMLID":null,"WSName":"DB","rangeAddress":"$LK$9:$LK$46","headAddress":"$LK$9","bodyAddress":"$LK$10:$LK$46","_name":"ручное"},"счетчик":{"_level":2,"parentID":"2b70958e-0e96-4233-b1ea-f099f55c6d45","firstParentID":"04ec972c-7f47-43be-90bd-0e4b37e1844f","ID":"f425b400-9a81-49f0-a7a4-f8e55da74914","childs":null,"emcosID":null,"emcosMLID":null,"WSName":"DB","rangeAddress":"$LL$9:$LL$46","headAddress":"$LL$9","bodyAddress":"$LL$10:$LL$46","_name":"счетчик"},"по счетчику":{"_level":2,"parentID":"2b70958e-0e96-4233-b1ea-f099f55c6d45","firstParentID":"04ec972c-7f47-43be-90bd-0e4b37e1844f","ID":"2aea521c-540b-43aa-a4d0-938fc86dbeca","childs":null,"emcosID":null,"emcosMLID":null,"WSName":"DB","rangeAddress":"$LM$9:$LM$46","headAddress":"$LM$9","bodyAddress":"$LM$10:$LM$46","_name":"по счетчику"}},"emcosID":null,"emcosMLID":null,"WSName":"DB","rangeAddress":"$LH$8:$LM$46","headAddress":"$LH$8:$LM$8","bodyAddress":"$LH$9:$LM$46","_name":"отдача"}},"emcosID":null,"emcosMLID":null,"WSName":"DB","rangeAddress":"$LB$7:$LM$46","headAddress":"$LB$7:$LM$7","bodyAddress":"$LB$8:$LM$46","_name":"Л5333 ЮКГРЭС"}},"codPlan":null,"meterCoef":null,"_name":"Л5333 ЮКГРЭС"}