{"ID":"0511d645-3d5c-4dca-8ce2-9ee97f4cd55b","childs":{"PS":{"_level":0,"parentID":"0511d645-3d5c-4dca-8ce2-9ee97f4cd55b","firstParentID":"0511d645-3d5c-4dca-8ce2-9ee97f4cd55b","ID":"2cc6feb7-7f8d-4962-9a9c-a8145c6a5b6b","childs":{"прием":{"_level":1,"parentID":"2cc6feb7-7f8d-4962-9a9c-a8145c6a5b6b","firstParentID":"0511d645-3d5c-4dca-8ce2-9ee97f4cd55b","ID":"e2eb33d6-33e7-4243-8351-9705fadcd200","childs":{"оперативное":{"_level":2,"parentID":"e2eb33d6-33e7-4243-8351-9705fadcd200","firstParentID":"0511d645-3d5c-4dca-8ce2-9ee97f4cd55b","ID":"379fb171-3df5-4d11-a552-8aac71571b1a","childs":null,"emcosID":null,"emcosMLID":null,"codTEP":null,"WSName":"PS","rangeAddress":"$F$99:$F$135","headAddress":"$F$99","bodyAddress":"$F$100:$F$135","_name":"оперативное"}},"emcosID":null,"emcosMLID":null,"codTEP":null,"WSName":"PS","rangeAddress":"$F$98:$F$135","headAddress":"$F$98","bodyAddress":"$F$99:$F$135","_name":"прием"},"отдача":{"_level":1,"parentID":"2cc6feb7-7f8d-4962-9a9c-a8145c6a5b6b","firstParentID":"0511d645-3d5c-4dca-8ce2-9ee97f4cd55b","ID":"f860adbd-8ae6-4150-be68-9b7bfcc8ac79","childs":{"оперативное":{"_level":2,"parentID":"f860adbd-8ae6-4150-be68-9b7bfcc8ac79","firstParentID":"0511d645-3d5c-4dca-8ce2-9ee97f4cd55b","ID":"343669e3-5653-467e-b48d-4ff923c02cf3","childs":null,"emcosID":null,"emcosMLID":null,"codTEP":null,"WSName":"PS","rangeAddress":"$G$99:$G$135","headAddress":"$G$99","bodyAddress":"$G$100:$G$135","_name":"оперативное"}},"emcosID":null,"emcosMLID":null,"codTEP":null,"WSName":"PS","rangeAddress":"$G$98:$G$135","headAddress":"$G$98","bodyAddress":"$G$99:$G$135","_name":"отдача"}},"emcosID":null,"emcosMLID":null,"codTEP":null,"WSName":"PS","rangeAddress":"$F$97:$G$135","headAddress":"$F$97:$G$97","bodyAddress":"$F$98:$G$135","_name":"Л2153 ОРУ 220 АТЭЦ3"},"DB":{"_level":0,"parentID":"0511d645-3d5c-4dca-8ce2-9ee97f4cd55b","firstParentID":"0511d645-3d5c-4dca-8ce2-9ee97f4cd55b","ID":"64679cc3-16d0-4c5f-8175-de4a62b9ea3e","childs":{"прием":{"_level":1,"parentID":"64679cc3-16d0-4c5f-8175-de4a62b9ea3e","firstParentID":"0511d645-3d5c-4dca-8ce2-9ee97f4cd55b","ID":"d17e3e6f-fbe6-4328-bb68-aa53b063483b","childs":{"код":{"_level":2,"parentID":"d17e3e6f-fbe6-4328-bb68-aa53b063483b","firstParentID":"0511d645-3d5c-4dca-8ce2-9ee97f4cd55b","ID":"46020895-e43a-4625-8041-d26e01eae230","childs":null,"emcosID":null,"emcosMLID":null,"codTEP":null,"WSName":"DB","rangeAddress":"$AY$52:$AY$89","headAddress":"$AY$52","bodyAddress":"$AY$53:$AY$89","_name":"код"},"основное":{"_level":2,"parentID":"d17e3e6f-fbe6-4328-bb68-aa53b063483b","firstParentID":"0511d645-3d5c-4dca-8ce2-9ee97f4cd55b","ID":"d0520a00-f462-48de-bfd6-cd3f605d2a59","childs":null,"emcosID":null,"emcosMLID":null,"codTEP":null,"WSName":"DB","rangeAddress":"$AZ$52:$AZ$89","headAddress":"$AZ$52","bodyAddress":"$AZ$53:$AZ$89","_name":"основное"},"корректировка факт":{"_level":2,"parentID":"d17e3e6f-fbe6-4328-bb68-aa53b063483b","firstParentID":"0511d645-3d5c-4dca-8ce2-9ee97f4cd55b","ID":"79f9bfe2-e422-4d98-8c87-36c54454ce4f","childs":null,"emcosID":null,"emcosMLID":null,"codTEP":null,"WSName":"DB","rangeAddress":"$BA$52:$BA$89","headAddress":"$BA$52","bodyAddress":"$BA$53:$BA$89","_name":"корректировка факт"},"ручное":{"_level":2,"parentID":"d17e3e6f-fbe6-4328-bb68-aa53b063483b","firstParentID":"0511d645-3d5c-4dca-8ce2-9ee97f4cd55b","ID":"a7ebb879-2433-478d-81b3-7d84c977e091","childs":null,"emcosID":null,"emcosMLID":null,"codTEP":null,"WSName":"DB","rangeAddress":"$BB$52:$BB$89","headAddress":"$BB$52","bodyAddress":"$BB$53:$BB$89","_name":"ручное"},"оперативное":{"_level":2,"parentID":"d17e3e6f-fbe6-4328-bb68-aa53b063483b","firstParentID":"0511d645-3d5c-4dca-8ce2-9ee97f4cd55b","ID":"ba2ab820-db0b-4667-8e91-9844a58208df","childs":null,"emcosID":null,"emcosMLID":null,"codTEP":null,"WSName":"DB","rangeAddress":"$BC$52:$BC$89","headAddress":"$BC$52","bodyAddress":"$BC$53:$BC$89","_name":"оперативное"}},"emcosID":null,"emcosMLID":null,"codTEP":null,"WSName":"DB","rangeAddress":"$AY$51:$BC$89","headAddress":"$AY$51:$BC$51","bodyAddress":"$AY$52:$BC$89","_name":"прием"},"отдача":{"_level":1,"parentID":"64679cc3-16d0-4c5f-8175-de4a62b9ea3e","firstParentID":"0511d645-3d5c-4dca-8ce2-9ee97f4cd55b","ID":"6305f377-d95b-4ed4-b61f-46b34d841f94","childs":{"код":{"_level":2,"parentID":"6305f377-d95b-4ed4-b61f-46b34d841f94","firstParentID":"0511d645-3d5c-4dca-8ce2-9ee97f4cd55b","ID":"ab385485-851d-4fd2-ad56-13ec6b6dc7b1","childs":null,"emcosID":null,"emcosMLID":null,"codTEP":null,"WSName":"DB","rangeAddress":"$BD$52:$BD$89","headAddress":"$BD$52","bodyAddress":"$BD$53:$BD$89","_name":"код"},"основное":{"_level":2,"parentID":"6305f377-d95b-4ed4-b61f-46b34d841f94","firstParentID":"0511d645-3d5c-4dca-8ce2-9ee97f4cd55b","ID":"32b06632-e690-4392-9690-0f870d267579","childs":null,"emcosID":null,"emcosMLID":null,"codTEP":null,"WSName":"DB","rangeAddress":"$BE$52:$BE$89","headAddress":"$BE$52","bodyAddress":"$BE$53:$BE$89","_name":"основное"},"корректировка факт":{"_level":2,"parentID":"6305f377-d95b-4ed4-b61f-46b34d841f94","firstParentID":"0511d645-3d5c-4dca-8ce2-9ee97f4cd55b","ID":"778ac77f-7373-4012-86b0-884852b6fae5","childs":null,"emcosID":null,"emcosMLID":null,"codTEP":null,"WSName":"DB","rangeAddress":"$BF$52:$BF$89","headAddress":"$BF$52","bodyAddress":"$BF$53:$BF$89","_name":"корректировка факт"},"ручное":{"_level":2,"parentID":"6305f377-d95b-4ed4-b61f-46b34d841f94","firstParentID":"0511d645-3d5c-4dca-8ce2-9ee97f4cd55b","ID":"3c1f4a70-e61f-430b-b4d1-79064ceb786e","childs":null,"emcosID":null,"emcosMLID":null,"codTEP":null,"WSName":"DB","rangeAddress":"$BG$52:$BG$89","headAddress":"$BG$52","bodyAddress":"$BG$53:$BG$89","_name":"ручное"},"оперативное":{"_level":2,"parentID":"6305f377-d95b-4ed4-b61f-46b34d841f94","firstParentID":"0511d645-3d5c-4dca-8ce2-9ee97f4cd55b","ID":"b95a9f1d-1493-432d-b2ba-f96a87fa6e52","childs":null,"emcosID":null,"emcosMLID":null,"codTEP":null,"WSName":"DB","rangeAddress":"$BH$52:$BH$89","headAddress":"$BH$52","bodyAddress":"$BH$53:$BH$89","_name":"оперативное"}},"emcosID":null,"emcosMLID":null,"codTEP":null,"WSName":"DB","rangeAddress":"$BD$51:$BH$89","headAddress":"$BD$51:$BH$51","bodyAddress":"$BD$52:$BH$89","_name":"отдача"}},"emcosID":null,"emcosMLID":null,"codTEP":null,"WSName":"DB","rangeAddress":"$AY$50:$BH$89","headAddress":"$AY$50:$BH$50","bodyAddress":"$AY$51:$BH$89","_name":"Л2153 ОРУ 220 АТЭЦ3"}},"codPlan":null,"meterCoef":null,"_name":"Л2153 ОРУ 220 АТЭЦ3"}