{"ID":"08b98943-08de-4914-b7de-c38a51d399e2","childs":{"PS":{"_level":0,"parentID":"08b98943-08de-4914-b7de-c38a51d399e2","firstParentID":"08b98943-08de-4914-b7de-c38a51d399e2","ID":"d95edcb5-c171-4084-8473-c893b09b018f","childs":{"прием":{"_level":1,"parentID":"d95edcb5-c171-4084-8473-c893b09b018f","firstParentID":"08b98943-08de-4914-b7de-c38a51d399e2","ID":"d66a01d3-0778-4842-b941-e867eda5ce6c","childs":{"оперативное":{"_level":2,"parentID":"d66a01d3-0778-4842-b941-e867eda5ce6c","firstParentID":"08b98943-08de-4914-b7de-c38a51d399e2","ID":"8306ccb8-f1e2-42eb-864a-fe398148effe","childs":null,"emcosID":null,"emcosMLID":null,"codTEP":null,"WSName":"PS","rangeAddress":"$H$99:$H$135","headAddress":"$H$99","bodyAddress":"$H$100:$H$135","_name":"оперативное"}},"emcosID":null,"emcosMLID":null,"codTEP":null,"WSName":"PS","rangeAddress":"$H$98:$H$135","headAddress":"$H$98","bodyAddress":"$H$99:$H$135","_name":"прием"},"отдача":{"_level":1,"parentID":"d95edcb5-c171-4084-8473-c893b09b018f","firstParentID":"08b98943-08de-4914-b7de-c38a51d399e2","ID":"5bc1eb39-23f5-48cc-83d5-7f800838b090","childs":{"оперативное":{"_level":2,"parentID":"5bc1eb39-23f5-48cc-83d5-7f800838b090","firstParentID":"08b98943-08de-4914-b7de-c38a51d399e2","ID":"56929206-fb9f-49d0-bef3-acb9b7eb9287","childs":null,"emcosID":null,"emcosMLID":null,"codTEP":null,"WSName":"PS","rangeAddress":"$I$99:$I$135","headAddress":"$I$99","bodyAddress":"$I$100:$I$135","_name":"оперативное"}},"emcosID":null,"emcosMLID":null,"codTEP":null,"WSName":"PS","rangeAddress":"$I$98:$I$135","headAddress":"$I$98","bodyAddress":"$I$99:$I$135","_name":"отдача"}},"emcosID":null,"emcosMLID":null,"codTEP":null,"WSName":"PS","rangeAddress":"$H$97:$I$135","headAddress":"$H$97:$I$97","bodyAddress":"$H$98:$I$135","_name":"Л2013 ОРУ 220 АТЭЦ3"},"DB":{"_level":0,"parentID":"08b98943-08de-4914-b7de-c38a51d399e2","firstParentID":"08b98943-08de-4914-b7de-c38a51d399e2","ID":"26670b79-7863-4f1d-88dc-90c45f10d751","childs":{"прием":{"_level":1,"parentID":"26670b79-7863-4f1d-88dc-90c45f10d751","firstParentID":"08b98943-08de-4914-b7de-c38a51d399e2","ID":"858a7fdb-cd29-4735-8bd0-9767804faf57","childs":{"код":{"_level":2,"parentID":"858a7fdb-cd29-4735-8bd0-9767804faf57","firstParentID":"08b98943-08de-4914-b7de-c38a51d399e2","ID":"a89b8bc0-8b7b-44f5-acc2-2d248d1d1c3f","childs":null,"emcosID":null,"emcosMLID":null,"codTEP":null,"WSName":"DB","rangeAddress":"$AO$52:$AO$89","headAddress":"$AO$52","bodyAddress":"$AO$53:$AO$89","_name":"код"},"основное":{"_level":2,"parentID":"858a7fdb-cd29-4735-8bd0-9767804faf57","firstParentID":"08b98943-08de-4914-b7de-c38a51d399e2","ID":"6d4e8f3f-7923-4c58-8465-60b6e5227697","childs":null,"emcosID":null,"emcosMLID":null,"codTEP":null,"WSName":"DB","rangeAddress":"$AP$52:$AP$89","headAddress":"$AP$52","bodyAddress":"$AP$53:$AP$89","_name":"основное"},"корректировка факт":{"_level":2,"parentID":"858a7fdb-cd29-4735-8bd0-9767804faf57","firstParentID":"08b98943-08de-4914-b7de-c38a51d399e2","ID":"6293547f-b69f-4fb6-9049-686d083964cf","childs":null,"emcosID":null,"emcosMLID":null,"codTEP":null,"WSName":"DB","rangeAddress":"$AQ$52:$AQ$89","headAddress":"$AQ$52","bodyAddress":"$AQ$53:$AQ$89","_name":"корректировка факт"},"ручное":{"_level":2,"parentID":"858a7fdb-cd29-4735-8bd0-9767804faf57","firstParentID":"08b98943-08de-4914-b7de-c38a51d399e2","ID":"e2f9e581-83c9-4e65-862d-cb43b67e8246","childs":null,"emcosID":null,"emcosMLID":null,"codTEP":null,"WSName":"DB","rangeAddress":"$AR$52:$AR$89","headAddress":"$AR$52","bodyAddress":"$AR$53:$AR$89","_name":"ручное"},"оперативное":{"_level":2,"parentID":"858a7fdb-cd29-4735-8bd0-9767804faf57","firstParentID":"08b98943-08de-4914-b7de-c38a51d399e2","ID":"3166d9ef-d069-4788-b25d-76df8e2ebffd","childs":null,"emcosID":null,"emcosMLID":null,"codTEP":null,"WSName":"DB","rangeAddress":"$AS$52:$AS$89","headAddress":"$AS$52","bodyAddress":"$AS$53:$AS$89","_name":"оперативное"}},"emcosID":null,"emcosMLID":null,"codTEP":null,"WSName":"DB","rangeAddress":"$AO$51:$AS$89","headAddress":"$AO$51:$AS$51","bodyAddress":"$AO$52:$AS$89","_name":"прием"},"отдача":{"_level":1,"parentID":"26670b79-7863-4f1d-88dc-90c45f10d751","firstParentID":"08b98943-08de-4914-b7de-c38a51d399e2","ID":"6ba1606c-9562-459c-a76c-dc3c1547a1aa","childs":{"код":{"_level":2,"parentID":"6ba1606c-9562-459c-a76c-dc3c1547a1aa","firstParentID":"08b98943-08de-4914-b7de-c38a51d399e2","ID":"1974107a-813b-4770-82b7-fa8a7b4c6608","childs":null,"emcosID":null,"emcosMLID":null,"codTEP":null,"WSName":"DB","rangeAddress":"$AT$52:$AT$89","headAddress":"$AT$52","bodyAddress":"$AT$53:$AT$89","_name":"код"},"основное":{"_level":2,"parentID":"6ba1606c-9562-459c-a76c-dc3c1547a1aa","firstParentID":"08b98943-08de-4914-b7de-c38a51d399e2","ID":"09019d8b-f918-4465-b8fa-dcb2f746268b","childs":null,"emcosID":null,"emcosMLID":null,"codTEP":null,"WSName":"DB","rangeAddress":"$AU$52:$AU$89","headAddress":"$AU$52","bodyAddress":"$AU$53:$AU$89","_name":"основное"},"корректировка факт":{"_level":2,"parentID":"6ba1606c-9562-459c-a76c-dc3c1547a1aa","firstParentID":"08b98943-08de-4914-b7de-c38a51d399e2","ID":"dca838d3-702c-4878-8f90-77c6e54e2982","childs":null,"emcosID":null,"emcosMLID":null,"codTEP":null,"WSName":"DB","rangeAddress":"$AV$52:$AV$89","headAddress":"$AV$52","bodyAddress":"$AV$53:$AV$89","_name":"корректировка факт"},"ручное":{"_level":2,"parentID":"6ba1606c-9562-459c-a76c-dc3c1547a1aa","firstParentID":"08b98943-08de-4914-b7de-c38a51d399e2","ID":"319e68e3-7a4f-4ea5-a6ba-2b948e54f10a","childs":null,"emcosID":null,"emcosMLID":null,"codTEP":null,"WSName":"DB","rangeAddress":"$AW$52:$AW$89","headAddress":"$AW$52","bodyAddress":"$AW$53:$AW$89","_name":"ручное"},"оперативное":{"_level":2,"parentID":"6ba1606c-9562-459c-a76c-dc3c1547a1aa","firstParentID":"08b98943-08de-4914-b7de-c38a51d399e2","ID":"81d71e8b-4e67-4e7d-988a-68d53a402ea1","childs":null,"emcosID":null,"emcosMLID":null,"codTEP":null,"WSName":"DB","rangeAddress":"$AX$52:$AX$89","headAddress":"$AX$52","bodyAddress":"$AX$53:$AX$89","_name":"оперативное"}},"emcosID":null,"emcosMLID":null,"codTEP":null,"WSName":"DB","rangeAddress":"$AT$51:$AX$89","headAddress":"$AT$51:$AX$51","bodyAddress":"$AT$52:$AX$89","_name":"отдача"}},"emcosID":null,"emcosMLID":null,"codTEP":null,"WSName":"DB","rangeAddress":"$AO$50:$AX$89","headAddress":"$AO$50:$AX$50","bodyAddress":"$AO$51:$AX$89","_name":"Л2013 ОРУ 220 АТЭЦ3"}},"codPlan":null,"meterCoef":null,"_name":"Л2013 ОРУ 220 АТЭЦ3"}