{"ID":"08dba0f0-b251-4ba1-9797-6066d7c9fe65","childs":{"PS":{"_level":0,"parentID":"08dba0f0-b251-4ba1-9797-6066d7c9fe65","firstParentID":"08dba0f0-b251-4ba1-9797-6066d7c9fe65","ID":"c2c2f70b-e979-492e-8886-09283a6594ee","childs":{"отдача":{"_level":1,"parentID":"c2c2f70b-e979-492e-8886-09283a6594ee","firstParentID":"08dba0f0-b251-4ba1-9797-6066d7c9fe65","ID":"56cdfea7-4713-4d02-9f13-9cbe2a3445b4","childs":{"оперативное":{"_level":2,"parentID":"56cdfea7-4713-4d02-9f13-9cbe2a3445b4","firstParentID":"08dba0f0-b251-4ba1-9797-6066d7c9fe65","ID":"3ee7eb9e-7088-424a-8c5c-da42805f3b28","childs":null,"emcosID":null,"emcosMLID":null,"WSName":"PS","rangeAddress":"$Q$185:$Q$221","headAddress":"$Q$185","bodyAddress":"$Q$186:$Q$221","_name":"оперативное"}},"emcosID":null,"emcosMLID":null,"WSName":"PS","rangeAddress":"$Q$184:$Q$221","headAddress":"$Q$184","bodyAddress":"$Q$185:$Q$221","_name":"отдача"}},"emcosID":null,"emcosMLID":null,"WSName":"PS","rangeAddress":"$Q$183:$Q$221","headAddress":"$Q$183","bodyAddress":"$Q$184:$Q$221","_name":"АТЭЦ1 АлЭС"},"DB":{"_level":0,"parentID":"08dba0f0-b251-4ba1-9797-6066d7c9fe65","firstParentID":"08dba0f0-b251-4ba1-9797-6066d7c9fe65","ID":"77181ed3-4d0d-49f2-bcef-c098237bf3d6","childs":{"отдача":{"_level":1,"parentID":"77181ed3-4d0d-49f2-bcef-c098237bf3d6","firstParentID":"08dba0f0-b251-4ba1-9797-6066d7c9fe65","ID":"43416d39-0c2c-4686-a506-de22a8affdcb","childs":{"код":{"_level":2,"parentID":"43416d39-0c2c-4686-a506-de22a8affdcb","firstParentID":"08dba0f0-b251-4ba1-9797-6066d7c9fe65","ID":"ebc566b6-588d-4beb-941d-e0e24bd7ab40","childs":null,"emcosID":null,"emcosMLID":null,"WSName":"DB","rangeAddress":"$H$138:$H$175","headAddress":"$H$138","bodyAddress":"$H$139:$H$175","_name":"код"},"основное":{"_level":2,"parentID":"43416d39-0c2c-4686-a506-de22a8affdcb","firstParentID":"08dba0f0-b251-4ba1-9797-6066d7c9fe65","ID":"82794e45-4d69-4871-a36e-6df669c3f93e","childs":null,"emcosID":null,"emcosMLID":null,"WSName":"DB","rangeAddress":"$I$138:$I$175","headAddress":"$I$138","bodyAddress":"$I$139:$I$175","_name":"основное"},"корректировка факт":{"_level":2,"parentID":"43416d39-0c2c-4686-a506-de22a8affdcb","firstParentID":"08dba0f0-b251-4ba1-9797-6066d7c9fe65","ID":"14961883-a5b0-47c9-8655-878c96128917","childs":null,"emcosID":null,"emcosMLID":null,"WSName":"DB","rangeAddress":"$J$138:$J$175","headAddress":"$J$138","bodyAddress":"$J$139:$J$175","_name":"корректировка факт"},"ручное":{"_level":2,"parentID":"43416d39-0c2c-4686-a506-de22a8affdcb","firstParentID":"08dba0f0-b251-4ba1-9797-6066d7c9fe65","ID":"e07dd692-42e1-43d1-938d-186e6eb9611d","childs":null,"emcosID":null,"emcosMLID":null,"WSName":"DB","rangeAddress":"$K$138:$K$175","headAddress":"$K$138","bodyAddress":"$K$139:$K$175","_name":"ручное"},"оперативное":{"_level":2,"parentID":"43416d39-0c2c-4686-a506-de22a8affdcb","firstParentID":"08dba0f0-b251-4ba1-9797-6066d7c9fe65","ID":"7094ee1a-b002-4fa4-b107-d3b5483dce3c","childs":null,"emcosID":null,"emcosMLID":null,"WSName":"DB","rangeAddress":"$L$138:$L$175","headAddress":"$L$138","bodyAddress":"$L$139:$L$175","_name":"оперативное"}},"emcosID":null,"emcosMLID":null,"WSName":"DB","rangeAddress":"$H$137:$L$175","headAddress":"$H$137:$L$137","bodyAddress":"$H$138:$L$175","_name":"отдача"}},"emcosID":null,"emcosMLID":null,"WSName":"DB","rangeAddress":"$H$136:$L$175","headAddress":"$H$136:$L$136","bodyAddress":"$H$137:$L$175","_name":"АТЭЦ1 АлЭС"}},"codPlan":null,"meterCoef":null,"_name":"АТЭЦ1 АлЭС"}