{"ID":"0e1c55be-eac1-4c30-a3d2-d26f0be17318","childs":{"PS":{"_level":0,"parentID":"0e1c55be-eac1-4c30-a3d2-d26f0be17318","firstParentID":"0e1c55be-eac1-4c30-a3d2-d26f0be17318","ID":"a8cea3b7-509d-4945-91de-bd12c474c2bb","childs":{"прием":{"_level":1,"parentID":"a8cea3b7-509d-4945-91de-bd12c474c2bb","firstParentID":"0e1c55be-eac1-4c30-a3d2-d26f0be17318","ID":"084d2c5e-5ba7-4d81-82fc-3089f0b9d0e6","childs":{"по счетчику":{"_level":2,"parentID":"084d2c5e-5ba7-4d81-82fc-3089f0b9d0e6","firstParentID":"0e1c55be-eac1-4c30-a3d2-d26f0be17318","ID":"01b41a55-40a2-41ea-bc24-8b19124ddf55","childs":null,"emcosID":null,"emcosMLID":null,"WSName":"PS","rangeAddress":"$AW$56:$AW$92","headAddress":"$AW$56","bodyAddress":"$AW$57:$AW$92","_name":"по счетчику"}},"emcosID":null,"emcosMLID":null,"WSName":"PS","rangeAddress":"$AW$55:$AW$92","headAddress":"$AW$55","bodyAddress":"$AW$56:$AW$92","_name":"прием"},"отдача":{"_level":1,"parentID":"a8cea3b7-509d-4945-91de-bd12c474c2bb","firstParentID":"0e1c55be-eac1-4c30-a3d2-d26f0be17318","ID":"6c136927-d12a-4e83-b052-52500b62e7d0","childs":{"по счетчику":{"_level":2,"parentID":"6c136927-d12a-4e83-b052-52500b62e7d0","firstParentID":"0e1c55be-eac1-4c30-a3d2-d26f0be17318","ID":"e6e3dc56-584f-4ba0-bd1f-02620888301b","childs":null,"emcosID":null,"emcosMLID":null,"WSName":"PS","rangeAddress":"$AX$56:$AX$92","headAddress":"$AX$56","bodyAddress":"$AX$57:$AX$92","_name":"по счетчику"}},"emcosID":null,"emcosMLID":null,"WSName":"PS","rangeAddress":"$AX$55:$AX$92","headAddress":"$AX$55","bodyAddress":"$AX$56:$AX$92","_name":"отдача"}},"emcosID":null,"emcosMLID":null,"WSName":"PS","rangeAddress":"$AW$54:$AX$92","headAddress":"$AW$54:$AX$54","bodyAddress":"$AW$55:$AX$92","_name":"Л5333 Шу"},"DB":{"_level":0,"parentID":"0e1c55be-eac1-4c30-a3d2-d26f0be17318","firstParentID":"0e1c55be-eac1-4c30-a3d2-d26f0be17318","ID":"775f97aa-951a-45a9-ba62-3eec451323c9","childs":{"прием":{"_level":1,"parentID":"775f97aa-951a-45a9-ba62-3eec451323c9","firstParentID":"0e1c55be-eac1-4c30-a3d2-d26f0be17318","ID":"ddd7c423-0554-4815-8716-a23125e993bc","childs":{"код":{"_level":2,"parentID":"ddd7c423-0554-4815-8716-a23125e993bc","firstParentID":"0e1c55be-eac1-4c30-a3d2-d26f0be17318","ID":"ff8ebfc0-44be-410c-ab12-924691415a38","childs":null,"emcosID":null,"emcosMLID":null,"WSName":"DB","rangeAddress":"$DX$9:$DX$46","headAddress":"$DX$9","bodyAddress":"$DX$10:$DX$46","_name":"код"},"основное":{"_level":2,"parentID":"ddd7c423-0554-4815-8716-a23125e993bc","firstParentID":"0e1c55be-eac1-4c30-a3d2-d26f0be17318","ID":"626c68b5-c5dc-4bd4-b87f-118959d0522b","childs":null,"emcosID":null,"emcosMLID":null,"WSName":"DB","rangeAddress":"$DY$9:$DY$46","headAddress":"$DY$9","bodyAddress":"$DY$10:$DY$46","_name":"основное"},"корректировка факт":{"_level":2,"parentID":"ddd7c423-0554-4815-8716-a23125e993bc","firstParentID":"0e1c55be-eac1-4c30-a3d2-d26f0be17318","ID":"b378394a-e135-499f-aff7-bfe456e9a545","childs":null,"emcosID":null,"emcosMLID":null,"WSName":"DB","rangeAddress":"$DZ$9:$DZ$46","headAddress":"$DZ$9","bodyAddress":"$DZ$10:$DZ$46","_name":"корректировка факт"},"ручное":{"_level":2,"parentID":"ddd7c423-0554-4815-8716-a23125e993bc","firstParentID":"0e1c55be-eac1-4c30-a3d2-d26f0be17318","ID":"2c23044e-1f16-47e9-a354-8495292570ae","childs":null,"emcosID":null,"emcosMLID":null,"WSName":"DB","rangeAddress":"$EA$9:$EA$46","headAddress":"$EA$9","bodyAddress":"$EA$10:$EA$46","_name":"ручное"},"счетчик":{"_level":2,"parentID":"ddd7c423-0554-4815-8716-a23125e993bc","firstParentID":"0e1c55be-eac1-4c30-a3d2-d26f0be17318","ID":"962bb4cf-25a8-47b5-8e3b-778604de4b22","childs":null,"emcosID":null,"emcosMLID":null,"WSName":"DB","rangeAddress":"$EB$9:$EB$46","headAddress":"$EB$9","bodyAddress":"$EB$10:$EB$46","_name":"счетчик"},"по счетчику":{"_level":2,"parentID":"ddd7c423-0554-4815-8716-a23125e993bc","firstParentID":"0e1c55be-eac1-4c30-a3d2-d26f0be17318","ID":"cbb1ce69-6b7e-4e41-8f6d-670ec92fb222","childs":null,"emcosID":null,"emcosMLID":null,"WSName":"DB","rangeAddress":"$EC$9:$EC$46","headAddress":"$EC$9","bodyAddress":"$EC$10:$EC$46","_name":"по счетчику"}},"emcosID":null,"emcosMLID":null,"WSName":"DB","rangeAddress":"$DX$8:$EC$46","headAddress":"$DX$8:$EC$8","bodyAddress":"$DX$9:$EC$46","_name":"прием"},"отдача":{"_level":1,"parentID":"775f97aa-951a-45a9-ba62-3eec451323c9","firstParentID":"0e1c55be-eac1-4c30-a3d2-d26f0be17318","ID":"b2d5774c-452b-460c-a3d2-47028012a508","childs":{"код":{"_level":2,"parentID":"b2d5774c-452b-460c-a3d2-47028012a508","firstParentID":"0e1c55be-eac1-4c30-a3d2-d26f0be17318","ID":"b8f984b9-4a56-483f-a719-bad80259b2c2","childs":null,"emcosID":null,"emcosMLID":null,"WSName":"DB","rangeAddress":"$ED$9:$ED$46","headAddress":"$ED$9","bodyAddress":"$ED$10:$ED$46","_name":"код"},"основное":{"_level":2,"parentID":"b2d5774c-452b-460c-a3d2-47028012a508","firstParentID":"0e1c55be-eac1-4c30-a3d2-d26f0be17318","ID":"fbba4196-0073-4088-a121-11e55c6e6ea3","childs":null,"emcosID":null,"emcosMLID":null,"WSName":"DB","rangeAddress":"$EE$9:$EE$46","headAddress":"$EE$9","bodyAddress":"$EE$10:$EE$46","_name":"основное"},"корректировка факт":{"_level":2,"parentID":"b2d5774c-452b-460c-a3d2-47028012a508","firstParentID":"0e1c55be-eac1-4c30-a3d2-d26f0be17318","ID":"e5fc919a-ec84-4944-a65e-b2b2b9c87890","childs":null,"emcosID":null,"emcosMLID":null,"WSName":"DB","rangeAddress":"$EF$9:$EF$46","headAddress":"$EF$9","bodyAddress":"$EF$10:$EF$46","_name":"корректировка факт"},"ручное":{"_level":2,"parentID":"b2d5774c-452b-460c-a3d2-47028012a508","firstParentID":"0e1c55be-eac1-4c30-a3d2-d26f0be17318","ID":"9f388efb-fee5-4134-a918-6e369dff3d74","childs":null,"emcosID":null,"emcosMLID":null,"WSName":"DB","rangeAddress":"$EG$9:$EG$46","headAddress":"$EG$9","bodyAddress":"$EG$10:$EG$46","_name":"ручное"},"счетчик":{"_level":2,"parentID":"b2d5774c-452b-460c-a3d2-47028012a508","firstParentID":"0e1c55be-eac1-4c30-a3d2-d26f0be17318","ID":"b0a2ba20-91f3-4d04-b431-041eb47d652a","childs":null,"emcosID":null,"emcosMLID":null,"WSName":"DB","rangeAddress":"$EH$9:$EH$46","headAddress":"$EH$9","bodyAddress":"$EH$10:$EH$46","_name":"счетчик"},"по счетчику":{"_level":2,"parentID":"b2d5774c-452b-460c-a3d2-47028012a508","firstParentID":"0e1c55be-eac1-4c30-a3d2-d26f0be17318","ID":"24bd8c02-6d7f-44ee-b3c7-fed8c2e19b0c","childs":null,"emcosID":null,"emcosMLID":null,"WSName":"DB","rangeAddress":"$EI$9:$EI$46","headAddress":"$EI$9","bodyAddress":"$EI$10:$EI$46","_name":"по счетчику"}},"emcosID":null,"emcosMLID":null,"WSName":"DB","rangeAddress":"$ED$8:$EI$46","headAddress":"$ED$8:$EI$8","bodyAddress":"$ED$9:$EI$46","_name":"отдача"}},"emcosID":null,"emcosMLID":null,"WSName":"DB","rangeAddress":"$DX$7:$EI$46","headAddress":"$DX$7:$EI$7","bodyAddress":"$DX$8:$EI$46","_name":"Л5333 Шу"}},"codPlan":null,"meterCoef":null,"_name":"Л5333 Шу"}