{"ID":"0e1e3c77-cdc2-4875-b6c5-9a5e65acc5aa","childs":{"PS":{"_level":0,"parentID":"0e1e3c77-cdc2-4875-b6c5-9a5e65acc5aa","firstParentID":"0e1e3c77-cdc2-4875-b6c5-9a5e65acc5aa","ID":"092f3933-9364-4282-8396-3f7740d5d739","childs":{"прием":{"_level":1,"parentID":"092f3933-9364-4282-8396-3f7740d5d739","firstParentID":"0e1e3c77-cdc2-4875-b6c5-9a5e65acc5aa","ID":"0579d0c2-0975-4a80-aca2-b9e394ffa340","childs":{"ручное":{"_level":2,"parentID":"0579d0c2-0975-4a80-aca2-b9e394ffa340","firstParentID":"0e1e3c77-cdc2-4875-b6c5-9a5e65acc5aa","ID":"675ddd50-59b7-4923-9124-050ea97b9841","childs":null,"emcosID":null,"emcosMLID":null,"codMaketTEP":null,"codTEP":null,"WSName":"PS","rangeAddress":"$HV$99:$HV$135","headAddress":"$HV$99","bodyAddress":"$HV$100:$HV$135","_name":"ручное"}},"emcosID":null,"emcosMLID":null,"codMaketTEP":null,"codTEP":null,"WSName":"PS","rangeAddress":"$HV$98:$HV$135","headAddress":"$HV$98","bodyAddress":"$HV$99:$HV$135","_name":"прием"},"отдача":{"_level":1,"parentID":"092f3933-9364-4282-8396-3f7740d5d739","firstParentID":"0e1e3c77-cdc2-4875-b6c5-9a5e65acc5aa","ID":"8d0022b4-5e2d-4f63-9008-5ddae3c8104c","childs":{"ручное":{"_level":2,"parentID":"8d0022b4-5e2d-4f63-9008-5ddae3c8104c","firstParentID":"0e1e3c77-cdc2-4875-b6c5-9a5e65acc5aa","ID":"2223bc8b-dc10-427d-b053-79bde00a1161","childs":null,"emcosID":null,"emcosMLID":null,"codMaketTEP":null,"codTEP":null,"WSName":"PS","rangeAddress":"$HW$99:$HW$135","headAddress":"$HW$99","bodyAddress":"$HW$100:$HW$135","_name":"ручное"}},"emcosID":null,"emcosMLID":null,"codMaketTEP":null,"codTEP":null,"WSName":"PS","rangeAddress":"$HW$98:$HW$135","headAddress":"$HW$98","bodyAddress":"$HW$99:$HW$135","_name":"отдача"}},"emcosID":null,"emcosMLID":null,"codMaketTEP":null,"codTEP":null,"WSName":"PS","rangeAddress":"$HV$97:$HW$135","headAddress":"$HV$97:$HW$97","bodyAddress":"$HV$98:$HW$135","_name":"ТП2 Жидели тяга"},"DB":{"_level":0,"parentID":"0e1e3c77-cdc2-4875-b6c5-9a5e65acc5aa","firstParentID":"0e1e3c77-cdc2-4875-b6c5-9a5e65acc5aa","ID":"cdfdef2a-2c9f-4d6a-94ee-04975ff4f848","childs":{"прием":{"_level":1,"parentID":"cdfdef2a-2c9f-4d6a-94ee-04975ff4f848","firstParentID":"0e1e3c77-cdc2-4875-b6c5-9a5e65acc5aa","ID":"905d49d3-c799-4df8-8f93-5fe8577dedad","childs":{"код":{"_level":2,"parentID":"905d49d3-c799-4df8-8f93-5fe8577dedad","firstParentID":"0e1e3c77-cdc2-4875-b6c5-9a5e65acc5aa","ID":"8b7a3db5-68c3-463f-b71d-6bf07b6af0bb","childs":null,"emcosID":null,"emcosMLID":null,"codMaketTEP":null,"codTEP":null,"WSName":"DB","rangeAddress":"$BR$353:$BR$390","headAddress":"$BR$353","bodyAddress":"$BR$354:$BR$390","_name":"код"},"основное":{"_level":2,"parentID":"905d49d3-c799-4df8-8f93-5fe8577dedad","firstParentID":"0e1e3c77-cdc2-4875-b6c5-9a5e65acc5aa","ID":"40b29aec-017f-487a-933f-5ec77d4b15be","childs":null,"emcosID":null,"emcosMLID":null,"codMaketTEP":null,"codTEP":null,"WSName":"DB","rangeAddress":"$BS$353:$BS$390","headAddress":"$BS$353","bodyAddress":"$BS$354:$BS$390","_name":"основное"},"корректировка факт":{"_level":2,"parentID":"905d49d3-c799-4df8-8f93-5fe8577dedad","firstParentID":"0e1e3c77-cdc2-4875-b6c5-9a5e65acc5aa","ID":"6cd9adba-9b51-44ba-a74a-a9f2ff4754fc","childs":null,"emcosID":null,"emcosMLID":null,"codMaketTEP":null,"codTEP":null,"WSName":"DB","rangeAddress":"$BT$353:$BT$390","headAddress":"$BT$353","bodyAddress":"$BT$354:$BT$390","_name":"корректировка факт"},"ручное":{"_level":2,"parentID":"905d49d3-c799-4df8-8f93-5fe8577dedad","firstParentID":"0e1e3c77-cdc2-4875-b6c5-9a5e65acc5aa","ID":"c9916aed-c774-4717-94a5-7cd1de16853e","childs":null,"emcosID":null,"emcosMLID":null,"codMaketTEP":null,"codTEP":null,"WSName":"DB","rangeAddress":"$BU$353:$BU$390","headAddress":"$BU$353","bodyAddress":"$BU$354:$BU$390","_name":"ручное"}},"emcosID":null,"emcosMLID":null,"codMaketTEP":null,"codTEP":null,"WSName":"DB","rangeAddress":"$BR$352:$BU$390","headAddress":"$BR$352:$BU$352","bodyAddress":"$BR$353:$BU$390","_name":"прием"},"отдача":{"_level":1,"parentID":"cdfdef2a-2c9f-4d6a-94ee-04975ff4f848","firstParentID":"0e1e3c77-cdc2-4875-b6c5-9a5e65acc5aa","ID":"b5dbd882-c5d8-4695-964c-364e160aef47","childs":{"код":{"_level":2,"parentID":"b5dbd882-c5d8-4695-964c-364e160aef47","firstParentID":"0e1e3c77-cdc2-4875-b6c5-9a5e65acc5aa","ID":"a5252716-7b71-41f6-ae9b-fb29bf80b51a","childs":null,"emcosID":null,"emcosMLID":null,"codMaketTEP":null,"codTEP":null,"WSName":"DB","rangeAddress":"$BV$353:$BV$390","headAddress":"$BV$353","bodyAddress":"$BV$354:$BV$390","_name":"код"},"основное":{"_level":2,"parentID":"b5dbd882-c5d8-4695-964c-364e160aef47","firstParentID":"0e1e3c77-cdc2-4875-b6c5-9a5e65acc5aa","ID":"88acc086-de95-46bc-81fb-ab2950c41ca7","childs":null,"emcosID":null,"emcosMLID":null,"codMaketTEP":null,"codTEP":null,"WSName":"DB","rangeAddress":"$BW$353:$BW$390","headAddress":"$BW$353","bodyAddress":"$BW$354:$BW$390","_name":"основное"},"корректировка факт":{"_level":2,"parentID":"b5dbd882-c5d8-4695-964c-364e160aef47","firstParentID":"0e1e3c77-cdc2-4875-b6c5-9a5e65acc5aa","ID":"4b114a3e-f5c3-47e4-8623-3e4e9e600999","childs":null,"emcosID":null,"emcosMLID":null,"codMaketTEP":null,"codTEP":null,"WSName":"DB","rangeAddress":"$BX$353:$BX$390","headAddress":"$BX$353","bodyAddress":"$BX$354:$BX$390","_name":"корректировка факт"},"ручное":{"_level":2,"parentID":"b5dbd882-c5d8-4695-964c-364e160aef47","firstParentID":"0e1e3c77-cdc2-4875-b6c5-9a5e65acc5aa","ID":"89f92328-d647-4a5e-a298-2b8097c606d0","childs":null,"emcosID":null,"emcosMLID":null,"codMaketTEP":null,"codTEP":null,"WSName":"DB","rangeAddress":"$BY$353:$BY$390","headAddress":"$BY$353","bodyAddress":"$BY$354:$BY$390","_name":"ручное"}},"emcosID":null,"emcosMLID":null,"codMaketTEP":null,"codTEP":null,"WSName":"DB","rangeAddress":"$BV$352:$BY$390","headAddress":"$BV$352:$BY$352","bodyAddress":"$BV$353:$BY$390","_name":"отдача"}},"emcosID":null,"emcosMLID":null,"codMaketTEP":null,"codTEP":null,"WSName":"DB","rangeAddress":"$BR$351:$BY$390","headAddress":"$BR$351:$BY$351","bodyAddress":"$BR$352:$BY$390","_name":"ТП2 Жидели тяга"}},"codPlan":null,"meterCoef":null,"_name":"ТП2 Жидели тяга"}