{"ID":"182a1209-1288-4b50-bd2b-e90c5f1404fa","childs":{"PS":{"_level":0,"parentID":"182a1209-1288-4b50-bd2b-e90c5f1404fa","firstParentID":"182a1209-1288-4b50-bd2b-e90c5f1404fa","ID":"9d78e5d6-d698-4f75-8c51-d086bf4a3a55","childs":{"прием":{"_level":1,"parentID":"9d78e5d6-d698-4f75-8c51-d086bf4a3a55","firstParentID":"182a1209-1288-4b50-bd2b-e90c5f1404fa","ID":"a7364f64-4667-41a0-9bf3-9c9c01e87b67","childs":{"оперативное":{"_level":2,"parentID":"a7364f64-4667-41a0-9bf3-9c9c01e87b67","firstParentID":"182a1209-1288-4b50-bd2b-e90c5f1404fa","ID":"d71b7945-6297-4f35-9ce5-73d000ab300d","childs":null,"emcosID":null,"emcosMLID":null,"WSName":"PS","rangeAddress":"$L$99:$L$135","headAddress":"$L$99","bodyAddress":"$L$100:$L$135","_name":"оперативное"}},"emcosID":null,"emcosMLID":null,"WSName":"PS","rangeAddress":"$L$98:$L$135","headAddress":"$L$98","bodyAddress":"$L$99:$L$135","_name":"прием"},"отдача":{"_level":1,"parentID":"9d78e5d6-d698-4f75-8c51-d086bf4a3a55","firstParentID":"182a1209-1288-4b50-bd2b-e90c5f1404fa","ID":"dabc8aba-6198-47cd-b2b6-cbf576b73e39","childs":{"оперативное":{"_level":2,"parentID":"dabc8aba-6198-47cd-b2b6-cbf576b73e39","firstParentID":"182a1209-1288-4b50-bd2b-e90c5f1404fa","ID":"51684e80-38a6-456e-80d1-a0df092ba389","childs":null,"emcosID":null,"emcosMLID":null,"WSName":"PS","rangeAddress":"$M$99:$M$135","headAddress":"$M$99","bodyAddress":"$M$100:$M$135","_name":"оперативное"}},"emcosID":null,"emcosMLID":null,"WSName":"PS","rangeAddress":"$M$98:$M$135","headAddress":"$M$98","bodyAddress":"$M$99:$M$135","_name":"отдача"}},"emcosID":null,"emcosMLID":null,"WSName":"PS","rangeAddress":"$L$97:$M$135","headAddress":"$L$97:$M$97","bodyAddress":"$L$98:$M$135","_name":"Л2103 ОРУ 220 АТЭЦ3"},"DB":{"_level":0,"parentID":"182a1209-1288-4b50-bd2b-e90c5f1404fa","firstParentID":"182a1209-1288-4b50-bd2b-e90c5f1404fa","ID":"8735e401-5eac-49e4-9a50-6b8dcc319fc6","childs":{"прием":{"_level":1,"parentID":"8735e401-5eac-49e4-9a50-6b8dcc319fc6","firstParentID":"182a1209-1288-4b50-bd2b-e90c5f1404fa","ID":"3a00f977-1026-45cc-943c-534b22066a6d","childs":{"код":{"_level":2,"parentID":"3a00f977-1026-45cc-943c-534b22066a6d","firstParentID":"182a1209-1288-4b50-bd2b-e90c5f1404fa","ID":"6caab457-e09f-4d65-9bbe-0ff7e034e354","childs":null,"emcosID":null,"emcosMLID":null,"WSName":"DB","rangeAddress":"$IV$95:$IV$132","headAddress":"$IV$95","bodyAddress":"$IV$96:$IV$132","_name":"код"},"основное":{"_level":2,"parentID":"3a00f977-1026-45cc-943c-534b22066a6d","firstParentID":"182a1209-1288-4b50-bd2b-e90c5f1404fa","ID":"fcf65257-3cd0-4f8a-a06a-a8b510be0ee3","childs":null,"emcosID":null,"emcosMLID":null,"WSName":"DB","rangeAddress":"$IW$95:$IW$132","headAddress":"$IW$95","bodyAddress":"$IW$96:$IW$132","_name":"основное"},"корректировка факт":{"_level":2,"parentID":"3a00f977-1026-45cc-943c-534b22066a6d","firstParentID":"182a1209-1288-4b50-bd2b-e90c5f1404fa","ID":"03c112b2-4fcf-4dce-ab55-4808041125ca","childs":null,"emcosID":null,"emcosMLID":null,"WSName":"DB","rangeAddress":"$IX$95:$IX$132","headAddress":"$IX$95","bodyAddress":"$IX$96:$IX$132","_name":"корректировка факт"},"ручное":{"_level":2,"parentID":"3a00f977-1026-45cc-943c-534b22066a6d","firstParentID":"182a1209-1288-4b50-bd2b-e90c5f1404fa","ID":"4e354422-113c-4320-9e8b-05e91c3d5886","childs":null,"emcosID":null,"emcosMLID":null,"WSName":"DB","rangeAddress":"$IY$95:$IY$132","headAddress":"$IY$95","bodyAddress":"$IY$96:$IY$132","_name":"ручное"},"оперативное":{"_level":2,"parentID":"3a00f977-1026-45cc-943c-534b22066a6d","firstParentID":"182a1209-1288-4b50-bd2b-e90c5f1404fa","ID":"008b47d9-f797-4422-9dc8-fef7c208e8aa","childs":null,"emcosID":null,"emcosMLID":null,"WSName":"DB","rangeAddress":"$IZ$95:$IZ$132","headAddress":"$IZ$95","bodyAddress":"$IZ$96:$IZ$132","_name":"оперативное"}},"emcosID":null,"emcosMLID":null,"WSName":"DB","rangeAddress":"$IV$94:$IZ$132","headAddress":"$IV$94:$IZ$94","bodyAddress":"$IV$95:$IZ$132","_name":"прием"},"отдача":{"_level":1,"parentID":"8735e401-5eac-49e4-9a50-6b8dcc319fc6","firstParentID":"182a1209-1288-4b50-bd2b-e90c5f1404fa","ID":"c9e8f168-a4a3-4358-8129-135f8323d1c9","childs":{"код":{"_level":2,"parentID":"c9e8f168-a4a3-4358-8129-135f8323d1c9","firstParentID":"182a1209-1288-4b50-bd2b-e90c5f1404fa","ID":"003f0d43-3f7f-441b-8ea5-25b7f3743df3","childs":null,"emcosID":null,"emcosMLID":null,"WSName":"DB","rangeAddress":"$JA$95:$JA$132","headAddress":"$JA$95","bodyAddress":"$JA$96:$JA$132","_name":"код"},"основное":{"_level":2,"parentID":"c9e8f168-a4a3-4358-8129-135f8323d1c9","firstParentID":"182a1209-1288-4b50-bd2b-e90c5f1404fa","ID":"fe3ed8e7-0e3f-4bad-b0de-f7f1cfdf47fc","childs":null,"emcosID":null,"emcosMLID":null,"WSName":"DB","rangeAddress":"$JB$95:$JB$132","headAddress":"$JB$95","bodyAddress":"$JB$96:$JB$132","_name":"основное"},"корректировка факт":{"_level":2,"parentID":"c9e8f168-a4a3-4358-8129-135f8323d1c9","firstParentID":"182a1209-1288-4b50-bd2b-e90c5f1404fa","ID":"ff048420-d488-4540-aaa4-964f48e8da3e","childs":null,"emcosID":null,"emcosMLID":null,"WSName":"DB","rangeAddress":"$JC$95:$JC$132","headAddress":"$JC$95","bodyAddress":"$JC$96:$JC$132","_name":"корректировка факт"},"ручное":{"_level":2,"parentID":"c9e8f168-a4a3-4358-8129-135f8323d1c9","firstParentID":"182a1209-1288-4b50-bd2b-e90c5f1404fa","ID":"cef957d8-1920-4a33-b2ff-865279de87d8","childs":null,"emcosID":null,"emcosMLID":null,"WSName":"DB","rangeAddress":"$JD$95:$JD$132","headAddress":"$JD$95","bodyAddress":"$JD$96:$JD$132","_name":"ручное"},"оперативное":{"_level":2,"parentID":"c9e8f168-a4a3-4358-8129-135f8323d1c9","firstParentID":"182a1209-1288-4b50-bd2b-e90c5f1404fa","ID":"bfd21f63-db80-421b-a6cd-a932e4755b23","childs":null,"emcosID":null,"emcosMLID":null,"WSName":"DB","rangeAddress":"$JE$95:$JE$132","headAddress":"$JE$95","bodyAddress":"$JE$96:$JE$132","_name":"оперативное"}},"emcosID":null,"emcosMLID":null,"WSName":"DB","rangeAddress":"$JA$94:$JE$132","headAddress":"$JA$94:$JE$94","bodyAddress":"$JA$95:$JE$132","_name":"отдача"}},"emcosID":null,"emcosMLID":null,"WSName":"DB","rangeAddress":"$IV$93:$JE$132","headAddress":"$IV$93:$JE$93","bodyAddress":"$IV$94:$JE$132","_name":"Л2103 ОРУ 220 АТЭЦ3"}},"codPlan":null,"meterCoef":null,"_name":"Л2103 ОРУ 220 АТЭЦ3"}