{"ID":"1a717391-59ed-47b6-9e05-116c224556d2","childs":{"PS":{"_level":0,"parentID":"1a717391-59ed-47b6-9e05-116c224556d2","firstParentID":"1a717391-59ed-47b6-9e05-116c224556d2","ID":"8e5b180a-82f2-48dd-ac1e-8935b92f2c22","childs":{"прием":{"_level":1,"parentID":"8e5b180a-82f2-48dd-ac1e-8935b92f2c22","firstParentID":"1a717391-59ed-47b6-9e05-116c224556d2","ID":"92f0870a-0fe9-465c-a003-93d3fcf3bc2c","childs":{"ручное":{"_level":2,"parentID":"92f0870a-0fe9-465c-a003-93d3fcf3bc2c","firstParentID":"1a717391-59ed-47b6-9e05-116c224556d2","ID":"3611ee85-5e79-4e30-9c38-bc8c1799c42f","childs":null,"emcosID":null,"emcosMLID":null,"WSName":"PS","rangeAddress":"$G$142:$G$178","headAddress":"$G$142","bodyAddress":"$G$143:$G$178","_name":"ручное"}},"emcosID":null,"emcosMLID":null,"WSName":"PS","rangeAddress":"$G$141:$G$178","headAddress":"$G$141","bodyAddress":"$G$142:$G$178","_name":"прием"},"отдача":{"_level":1,"parentID":"8e5b180a-82f2-48dd-ac1e-8935b92f2c22","firstParentID":"1a717391-59ed-47b6-9e05-116c224556d2","ID":"b5a54332-0d46-44b2-b3bc-d72b9bf3827d","childs":{"ручное":{"_level":2,"parentID":"b5a54332-0d46-44b2-b3bc-d72b9bf3827d","firstParentID":"1a717391-59ed-47b6-9e05-116c224556d2","ID":"72e68a8b-b206-414a-ad05-0a0e126b4b62","childs":null,"emcosID":null,"emcosMLID":null,"WSName":"PS","rangeAddress":"$H$142:$H$178","headAddress":"$H$142","bodyAddress":"$H$143:$H$178","_name":"ручное"}},"emcosID":null,"emcosMLID":null,"WSName":"PS","rangeAddress":"$H$141:$H$178","headAddress":"$H$141","bodyAddress":"$H$142:$H$178","_name":"отдача"}},"emcosID":null,"emcosMLID":null,"WSName":"PS","rangeAddress":"$G$140:$H$178","headAddress":"$G$140:$H$140","bodyAddress":"$G$141:$H$178","_name":"Л61 Водозабор"},"DB":{"_level":0,"parentID":"1a717391-59ed-47b6-9e05-116c224556d2","firstParentID":"1a717391-59ed-47b6-9e05-116c224556d2","ID":"e87df611-3785-4418-9e0b-399ccf572df7","childs":{"прием":{"_level":1,"parentID":"e87df611-3785-4418-9e0b-399ccf572df7","firstParentID":"1a717391-59ed-47b6-9e05-116c224556d2","ID":"57c6949c-9aa8-4df5-8b24-7720fa7ad96e","childs":{"код":{"_level":2,"parentID":"57c6949c-9aa8-4df5-8b24-7720fa7ad96e","firstParentID":"1a717391-59ed-47b6-9e05-116c224556d2","ID":"7976bce2-9371-4f5a-a1c7-a0090e9bcbba","childs":null,"emcosID":null,"emcosMLID":null,"WSName":"DB","rangeAddress":"$BS$52:$BS$89","headAddress":"$BS$52","bodyAddress":"$BS$53:$BS$89","_name":"код"},"основное":{"_level":2,"parentID":"57c6949c-9aa8-4df5-8b24-7720fa7ad96e","firstParentID":"1a717391-59ed-47b6-9e05-116c224556d2","ID":"eab0b7b2-cc1b-4c91-ab17-dabfccf0ded0","childs":null,"emcosID":null,"emcosMLID":null,"WSName":"DB","rangeAddress":"$BT$52:$BT$89","headAddress":"$BT$52","bodyAddress":"$BT$53:$BT$89","_name":"основное"},"корректировка факт":{"_level":2,"parentID":"57c6949c-9aa8-4df5-8b24-7720fa7ad96e","firstParentID":"1a717391-59ed-47b6-9e05-116c224556d2","ID":"fd37f318-2dd8-41c7-896a-3b17bcef4469","childs":null,"emcosID":null,"emcosMLID":null,"WSName":"DB","rangeAddress":"$BU$52:$BU$89","headAddress":"$BU$52","bodyAddress":"$BU$53:$BU$89","_name":"корректировка факт"},"ручное":{"_level":2,"parentID":"57c6949c-9aa8-4df5-8b24-7720fa7ad96e","firstParentID":"1a717391-59ed-47b6-9e05-116c224556d2","ID":"7ea0eb32-1fe0-46f5-b0ff-cd29781b65fe","childs":null,"emcosID":null,"emcosMLID":null,"WSName":"DB","rangeAddress":"$BV$52:$BV$89","headAddress":"$BV$52","bodyAddress":"$BV$53:$BV$89","_name":"ручное"}},"emcosID":null,"emcosMLID":null,"WSName":"DB","rangeAddress":"$BS$51:$BV$89","headAddress":"$BS$51:$BV$51","bodyAddress":"$BS$52:$BV$89","_name":"прием"},"отдача":{"_level":1,"parentID":"e87df611-3785-4418-9e0b-399ccf572df7","firstParentID":"1a717391-59ed-47b6-9e05-116c224556d2","ID":"647ec1f7-4ecc-4424-956a-0e429159163b","childs":{"код":{"_level":2,"parentID":"647ec1f7-4ecc-4424-956a-0e429159163b","firstParentID":"1a717391-59ed-47b6-9e05-116c224556d2","ID":"89b4b807-6f02-486d-b7bd-4934d4262d96","childs":null,"emcosID":null,"emcosMLID":null,"WSName":"DB","rangeAddress":"$BW$52:$BW$89","headAddress":"$BW$52","bodyAddress":"$BW$53:$BW$89","_name":"код"},"основное":{"_level":2,"parentID":"647ec1f7-4ecc-4424-956a-0e429159163b","firstParentID":"1a717391-59ed-47b6-9e05-116c224556d2","ID":"5c015ad8-9617-4ffa-b0eb-8624e5b3f796","childs":null,"emcosID":null,"emcosMLID":null,"WSName":"DB","rangeAddress":"$BX$52:$BX$89","headAddress":"$BX$52","bodyAddress":"$BX$53:$BX$89","_name":"основное"},"корректировка факт":{"_level":2,"parentID":"647ec1f7-4ecc-4424-956a-0e429159163b","firstParentID":"1a717391-59ed-47b6-9e05-116c224556d2","ID":"10395735-0ed3-4ad4-be05-c364a13f1d8b","childs":null,"emcosID":null,"emcosMLID":null,"WSName":"DB","rangeAddress":"$BY$52:$BY$89","headAddress":"$BY$52","bodyAddress":"$BY$53:$BY$89","_name":"корректировка факт"},"ручное":{"_level":2,"parentID":"647ec1f7-4ecc-4424-956a-0e429159163b","firstParentID":"1a717391-59ed-47b6-9e05-116c224556d2","ID":"c0ececcb-1e29-497d-a5c8-6d2c65467fa2","childs":null,"emcosID":null,"emcosMLID":null,"WSName":"DB","rangeAddress":"$BZ$52:$BZ$89","headAddress":"$BZ$52","bodyAddress":"$BZ$53:$BZ$89","_name":"ручное"}},"emcosID":null,"emcosMLID":null,"WSName":"DB","rangeAddress":"$BW$51:$BZ$89","headAddress":"$BW$51:$BZ$51","bodyAddress":"$BW$52:$BZ$89","_name":"отдача"}},"emcosID":null,"emcosMLID":null,"WSName":"DB","rangeAddress":"$BS$50:$BZ$89","headAddress":"$BS$50:$BZ$50","bodyAddress":"$BS$51:$BZ$89","_name":"Л61 Водозабор"}},"codPlan":null,"meterCoef":null,"_name":"Л61 Водозабор"}