{"ID":"1d0babc9-de3a-4d3a-aaee-70dfc34600f4","childs":{"PS":{"_level":0,"parentID":"1d0babc9-de3a-4d3a-aaee-70dfc34600f4","firstParentID":"1d0babc9-de3a-4d3a-aaee-70dfc34600f4","ID":"8fa47954-332f-459a-bd9b-019eea26dd31","childs":{"прием":{"_level":1,"parentID":"8fa47954-332f-459a-bd9b-019eea26dd31","firstParentID":"1d0babc9-de3a-4d3a-aaee-70dfc34600f4","ID":"4a951e22-6dbb-4bf0-b934-b1099de5b434","childs":{"ручное":{"_level":2,"parentID":"4a951e22-6dbb-4bf0-b934-b1099de5b434","firstParentID":"1d0babc9-de3a-4d3a-aaee-70dfc34600f4","ID":"db1861fc-5e83-41b5-be40-b6fdf5879e41","childs":null,"emcosID":null,"emcosMLID":null,"codTEP":null,"WSName":"PS","rangeAddress":"$DY$99:$DY$135","headAddress":"$DY$99","bodyAddress":"$DY$100:$DY$135","_name":"ручное"}},"emcosID":null,"emcosMLID":null,"codTEP":null,"WSName":"PS","rangeAddress":"$DY$98:$DY$135","headAddress":"$DY$98","bodyAddress":"$DY$99:$DY$135","_name":"прием"},"отдача":{"_level":1,"parentID":"8fa47954-332f-459a-bd9b-019eea26dd31","firstParentID":"1d0babc9-de3a-4d3a-aaee-70dfc34600f4","ID":"450007f9-3fbc-489d-a608-8a80d25b2f93","childs":{"ручное":{"_level":2,"parentID":"450007f9-3fbc-489d-a608-8a80d25b2f93","firstParentID":"1d0babc9-de3a-4d3a-aaee-70dfc34600f4","ID":"761a19bf-afb9-44d2-8405-e1c6f72fd5aa","childs":null,"emcosID":null,"emcosMLID":null,"codTEP":null,"WSName":"PS","rangeAddress":"$DZ$99:$DZ$135","headAddress":"$DZ$99","bodyAddress":"$DZ$100:$DZ$135","_name":"ручное"}},"emcosID":null,"emcosMLID":null,"codTEP":null,"WSName":"PS","rangeAddress":"$DZ$98:$DZ$135","headAddress":"$DZ$98","bodyAddress":"$DZ$99:$DZ$135","_name":"отдача"}},"emcosID":null,"emcosMLID":null,"codTEP":null,"WSName":"PS","rangeAddress":"$DY$97:$DZ$135","headAddress":"$DY$97:$DZ$97","bodyAddress":"$DY$98:$DZ$135","_name":"Л2463 Робот 143А"},"DB":{"_level":0,"parentID":"1d0babc9-de3a-4d3a-aaee-70dfc34600f4","firstParentID":"1d0babc9-de3a-4d3a-aaee-70dfc34600f4","ID":"a871486c-c28a-4167-9695-c07b9970518a","childs":{"прием":{"_level":1,"parentID":"a871486c-c28a-4167-9695-c07b9970518a","firstParentID":"1d0babc9-de3a-4d3a-aaee-70dfc34600f4","ID":"58815745-aea4-4108-945e-690211d91960","childs":{"код":{"_level":2,"parentID":"58815745-aea4-4108-945e-690211d91960","firstParentID":"1d0babc9-de3a-4d3a-aaee-70dfc34600f4","ID":"6368a4c1-78d1-41b8-abd9-2c1148712b7d","childs":null,"emcosID":null,"emcosMLID":null,"codTEP":null,"WSName":"DB","rangeAddress":"$CZ$95:$CZ$132","headAddress":"$CZ$95","bodyAddress":"$CZ$96:$CZ$132","_name":"код"},"основное":{"_level":2,"parentID":"58815745-aea4-4108-945e-690211d91960","firstParentID":"1d0babc9-de3a-4d3a-aaee-70dfc34600f4","ID":"90f256f6-5b1c-49ff-b85b-6d306530a356","childs":null,"emcosID":null,"emcosMLID":null,"codTEP":null,"WSName":"DB","rangeAddress":"$DA$95:$DA$132","headAddress":"$DA$95","bodyAddress":"$DA$96:$DA$132","_name":"основное"},"корректировка факт":{"_level":2,"parentID":"58815745-aea4-4108-945e-690211d91960","firstParentID":"1d0babc9-de3a-4d3a-aaee-70dfc34600f4","ID":"b9d218e5-b039-436f-b2ee-51bd79680395","childs":null,"emcosID":null,"emcosMLID":null,"codTEP":null,"WSName":"DB","rangeAddress":"$DB$95:$DB$132","headAddress":"$DB$95","bodyAddress":"$DB$96:$DB$132","_name":"корректировка факт"},"ручное":{"_level":2,"parentID":"58815745-aea4-4108-945e-690211d91960","firstParentID":"1d0babc9-de3a-4d3a-aaee-70dfc34600f4","ID":"708e0479-81d7-44d6-b582-84295e3fe763","childs":null,"emcosID":null,"emcosMLID":null,"codTEP":null,"WSName":"DB","rangeAddress":"$DC$95:$DC$132","headAddress":"$DC$95","bodyAddress":"$DC$96:$DC$132","_name":"ручное"}},"emcosID":null,"emcosMLID":null,"codTEP":null,"WSName":"DB","rangeAddress":"$CZ$94:$DC$132","headAddress":"$CZ$94:$DC$94","bodyAddress":"$CZ$95:$DC$132","_name":"прием"},"отдача":{"_level":1,"parentID":"a871486c-c28a-4167-9695-c07b9970518a","firstParentID":"1d0babc9-de3a-4d3a-aaee-70dfc34600f4","ID":"9ca7c861-aa46-4760-ae12-6fcfe0c71d55","childs":{"код":{"_level":2,"parentID":"9ca7c861-aa46-4760-ae12-6fcfe0c71d55","firstParentID":"1d0babc9-de3a-4d3a-aaee-70dfc34600f4","ID":"2cfd8d0f-7f92-4ac1-a2f2-b3a21612cc2f","childs":null,"emcosID":null,"emcosMLID":null,"codTEP":null,"WSName":"DB","rangeAddress":"$DD$95:$DD$132","headAddress":"$DD$95","bodyAddress":"$DD$96:$DD$132","_name":"код"},"основное":{"_level":2,"parentID":"9ca7c861-aa46-4760-ae12-6fcfe0c71d55","firstParentID":"1d0babc9-de3a-4d3a-aaee-70dfc34600f4","ID":"5fdc7991-3aeb-4e66-a5f9-42ccaad9a9bf","childs":null,"emcosID":null,"emcosMLID":null,"codTEP":null,"WSName":"DB","rangeAddress":"$DE$95:$DE$132","headAddress":"$DE$95","bodyAddress":"$DE$96:$DE$132","_name":"основное"},"корректировка факт":{"_level":2,"parentID":"9ca7c861-aa46-4760-ae12-6fcfe0c71d55","firstParentID":"1d0babc9-de3a-4d3a-aaee-70dfc34600f4","ID":"1bee3311-a5b9-49b5-88c7-f29daa784fc2","childs":null,"emcosID":null,"emcosMLID":null,"codTEP":null,"WSName":"DB","rangeAddress":"$DF$95:$DF$132","headAddress":"$DF$95","bodyAddress":"$DF$96:$DF$132","_name":"корректировка факт"},"ручное":{"_level":2,"parentID":"9ca7c861-aa46-4760-ae12-6fcfe0c71d55","firstParentID":"1d0babc9-de3a-4d3a-aaee-70dfc34600f4","ID":"3e9b093c-7e7d-4de6-8b8d-7b7d6df6c21d","childs":null,"emcosID":null,"emcosMLID":null,"codTEP":null,"WSName":"DB","rangeAddress":"$DG$95:$DG$132","headAddress":"$DG$95","bodyAddress":"$DG$96:$DG$132","_name":"ручное"}},"emcosID":null,"emcosMLID":null,"codTEP":null,"WSName":"DB","rangeAddress":"$DD$94:$DG$132","headAddress":"$DD$94:$DG$94","bodyAddress":"$DD$95:$DG$132","_name":"отдача"}},"emcosID":null,"emcosMLID":null,"codTEP":null,"WSName":"DB","rangeAddress":"$CZ$93:$DG$132","headAddress":"$CZ$93:$DG$93","bodyAddress":"$CZ$94:$DG$132","_name":"Л2463 Робот 143А"}},"codPlan":null,"meterCoef":null,"_name":"Л2463 Робот 143А"}