{"ID":"21e07531-4a31-415c-8757-e55eba1c64a2","childs":{"PS":{"_level":0,"parentID":"21e07531-4a31-415c-8757-e55eba1c64a2","firstParentID":"21e07531-4a31-415c-8757-e55eba1c64a2","ID":"bbd4102f-75ae-4f7d-9e0a-ee963fce45ce","childs":{"прием":{"_level":1,"parentID":"bbd4102f-75ae-4f7d-9e0a-ee963fce45ce","firstParentID":"21e07531-4a31-415c-8757-e55eba1c64a2","ID":"8053fc49-5738-44a8-bdbe-925e264ede51","childs":{"по счетчику":{"_level":2,"parentID":"8053fc49-5738-44a8-bdbe-925e264ede51","firstParentID":"21e07531-4a31-415c-8757-e55eba1c64a2","ID":"f15b992b-848a-4b83-8f5d-c68468adfc0b","childs":null,"emcosID":null,"emcosMLID":null,"WSName":"PS","rangeAddress":"$BC$56:$BC$92","headAddress":"$BC$56","bodyAddress":"$BC$57:$BC$92","_name":"по счетчику"}},"emcosID":null,"emcosMLID":null,"WSName":"PS","rangeAddress":"$BC$55:$BC$92","headAddress":"$BC$55","bodyAddress":"$BC$56:$BC$92","_name":"прием"},"отдача":{"_level":1,"parentID":"bbd4102f-75ae-4f7d-9e0a-ee963fce45ce","firstParentID":"21e07531-4a31-415c-8757-e55eba1c64a2","ID":"f892894a-d997-4c9d-a3ab-4f830b928ed8","childs":{"по счетчику":{"_level":2,"parentID":"f892894a-d997-4c9d-a3ab-4f830b928ed8","firstParentID":"21e07531-4a31-415c-8757-e55eba1c64a2","ID":"0d372260-4403-4320-a3d9-b98e8bb9f2ea","childs":null,"emcosID":null,"emcosMLID":null,"WSName":"PS","rangeAddress":"$BD$56:$BD$92","headAddress":"$BD$56","bodyAddress":"$BD$57:$BD$92","_name":"по счетчику"}},"emcosID":null,"emcosMLID":null,"WSName":"PS","rangeAddress":"$BD$55:$BD$92","headAddress":"$BD$55","bodyAddress":"$BD$56:$BD$92","_name":"отдача"}},"emcosID":null,"emcosMLID":null,"WSName":"PS","rangeAddress":"$BC$54:$BD$92","headAddress":"$BC$54:$BD$54","bodyAddress":"$BC$55:$BD$92","_name":"Л2703 Шу"},"DB":{"_level":0,"parentID":"21e07531-4a31-415c-8757-e55eba1c64a2","firstParentID":"21e07531-4a31-415c-8757-e55eba1c64a2","ID":"0055346b-74e0-4763-97fa-59e6ad99f5f2","childs":{"прием":{"_level":1,"parentID":"0055346b-74e0-4763-97fa-59e6ad99f5f2","firstParentID":"21e07531-4a31-415c-8757-e55eba1c64a2","ID":"5c8e12d3-150d-4e67-96c4-29a689189c46","childs":{"код":{"_level":2,"parentID":"5c8e12d3-150d-4e67-96c4-29a689189c46","firstParentID":"21e07531-4a31-415c-8757-e55eba1c64a2","ID":"bd9403bb-fe98-4599-a075-253235c882a7","childs":null,"emcosID":null,"emcosMLID":null,"WSName":"DB","rangeAddress":"$C$224:$C$261","headAddress":"$C$224","bodyAddress":"$C$225:$C$261","_name":"код"},"основное":{"_level":2,"parentID":"5c8e12d3-150d-4e67-96c4-29a689189c46","firstParentID":"21e07531-4a31-415c-8757-e55eba1c64a2","ID":"a234bb26-b80d-428e-88da-15f21647ae8b","childs":null,"emcosID":null,"emcosMLID":null,"WSName":"DB","rangeAddress":"$D$224:$D$261","headAddress":"$D$224","bodyAddress":"$D$225:$D$261","_name":"основное"},"корректировка факт":{"_level":2,"parentID":"5c8e12d3-150d-4e67-96c4-29a689189c46","firstParentID":"21e07531-4a31-415c-8757-e55eba1c64a2","ID":"63ab27f9-5e44-4ec1-83fb-5641387f82da","childs":null,"emcosID":null,"emcosMLID":null,"WSName":"DB","rangeAddress":"$E$224:$E$261","headAddress":"$E$224","bodyAddress":"$E$225:$E$261","_name":"корректировка факт"},"ручное":{"_level":2,"parentID":"5c8e12d3-150d-4e67-96c4-29a689189c46","firstParentID":"21e07531-4a31-415c-8757-e55eba1c64a2","ID":"8cdb2814-4f45-4a8a-9cd5-57289b59f4d9","childs":null,"emcosID":null,"emcosMLID":null,"WSName":"DB","rangeAddress":"$F$224:$F$261","headAddress":"$F$224","bodyAddress":"$F$225:$F$261","_name":"ручное"},"счетчик":{"_level":2,"parentID":"5c8e12d3-150d-4e67-96c4-29a689189c46","firstParentID":"21e07531-4a31-415c-8757-e55eba1c64a2","ID":"0336d8ac-361a-48f1-9b4b-cd63ddbc6f71","childs":null,"emcosID":null,"emcosMLID":null,"WSName":"DB","rangeAddress":"$G$224:$G$261","headAddress":"$G$224","bodyAddress":"$G$225:$G$261","_name":"счетчик"},"по счетчику":{"_level":2,"parentID":"5c8e12d3-150d-4e67-96c4-29a689189c46","firstParentID":"21e07531-4a31-415c-8757-e55eba1c64a2","ID":"82c5f61e-7150-479c-8624-eeb3497802c1","childs":null,"emcosID":null,"emcosMLID":null,"WSName":"DB","rangeAddress":"$H$224:$H$261","headAddress":"$H$224","bodyAddress":"$H$225:$H$261","_name":"по счетчику"}},"emcosID":null,"emcosMLID":null,"WSName":"DB","rangeAddress":"$C$223:$H$261","headAddress":"$C$223:$H$223","bodyAddress":"$C$224:$H$261","_name":"прием"},"отдача":{"_level":1,"parentID":"0055346b-74e0-4763-97fa-59e6ad99f5f2","firstParentID":"21e07531-4a31-415c-8757-e55eba1c64a2","ID":"62e63c53-4596-447c-96af-e39d549369b5","childs":{"код":{"_level":2,"parentID":"62e63c53-4596-447c-96af-e39d549369b5","firstParentID":"21e07531-4a31-415c-8757-e55eba1c64a2","ID":"8ef8baf1-e760-4642-b420-cc2c5a7932d7","childs":null,"emcosID":null,"emcosMLID":null,"WSName":"DB","rangeAddress":"$I$224:$I$261","headAddress":"$I$224","bodyAddress":"$I$225:$I$261","_name":"код"},"основное":{"_level":2,"parentID":"62e63c53-4596-447c-96af-e39d549369b5","firstParentID":"21e07531-4a31-415c-8757-e55eba1c64a2","ID":"f78ddef4-4d58-40f7-9fbc-8ac8060f97c1","childs":null,"emcosID":null,"emcosMLID":null,"WSName":"DB","rangeAddress":"$J$224:$J$261","headAddress":"$J$224","bodyAddress":"$J$225:$J$261","_name":"основное"},"корректировка факт":{"_level":2,"parentID":"62e63c53-4596-447c-96af-e39d549369b5","firstParentID":"21e07531-4a31-415c-8757-e55eba1c64a2","ID":"3f9f00ef-2d13-4e17-837c-56940fecef17","childs":null,"emcosID":null,"emcosMLID":null,"WSName":"DB","rangeAddress":"$K$224:$K$261","headAddress":"$K$224","bodyAddress":"$K$225:$K$261","_name":"корректировка факт"},"ручное":{"_level":2,"parentID":"62e63c53-4596-447c-96af-e39d549369b5","firstParentID":"21e07531-4a31-415c-8757-e55eba1c64a2","ID":"ea4875dc-e050-49fe-9047-1fd8bdc248ac","childs":null,"emcosID":null,"emcosMLID":null,"WSName":"DB","rangeAddress":"$L$224:$L$261","headAddress":"$L$224","bodyAddress":"$L$225:$L$261","_name":"ручное"},"счетчик":{"_level":2,"parentID":"62e63c53-4596-447c-96af-e39d549369b5","firstParentID":"21e07531-4a31-415c-8757-e55eba1c64a2","ID":"422e5370-8caa-40fc-b1f9-06a063ca73ae","childs":null,"emcosID":null,"emcosMLID":null,"WSName":"DB","rangeAddress":"$M$224:$M$261","headAddress":"$M$224","bodyAddress":"$M$225:$M$261","_name":"счетчик"},"по счетчику":{"_level":2,"parentID":"62e63c53-4596-447c-96af-e39d549369b5","firstParentID":"21e07531-4a31-415c-8757-e55eba1c64a2","ID":"7c977da0-d237-423a-8984-6e6571eca780","childs":null,"emcosID":null,"emcosMLID":null,"WSName":"DB","rangeAddress":"$N$224:$N$261","headAddress":"$N$224","bodyAddress":"$N$225:$N$261","_name":"по счетчику"}},"emcosID":null,"emcosMLID":null,"WSName":"DB","rangeAddress":"$I$223:$N$261","headAddress":"$I$223:$N$223","bodyAddress":"$I$224:$N$261","_name":"отдача"}},"emcosID":null,"emcosMLID":null,"WSName":"DB","rangeAddress":"$C$222:$N$261","headAddress":"$C$222:$N$222","bodyAddress":"$C$223:$N$261","_name":"Л2703 Шу"}},"codPlan":null,"meterCoef":null,"_name":"Л2703 Шу"}