{"ID":"248c65cf-3627-4075-8af7-139e2acf5e24","childs":{"PS":{"_level":0,"parentID":"248c65cf-3627-4075-8af7-139e2acf5e24","firstParentID":"248c65cf-3627-4075-8af7-139e2acf5e24","ID":"c16e8691-398f-47a6-8d3e-5bccab4ac64a","childs":{"прием":{"_level":1,"parentID":"c16e8691-398f-47a6-8d3e-5bccab4ac64a","firstParentID":"248c65cf-3627-4075-8af7-139e2acf5e24","ID":"ec4580b9-cafb-459f-80ed-1b512450f2d3","childs":{"по счетчику":{"_level":2,"parentID":"ec4580b9-cafb-459f-80ed-1b512450f2d3","firstParentID":"248c65cf-3627-4075-8af7-139e2acf5e24","ID":"7f86f90f-e81b-4376-9d82-4bfea89bfa87","childs":null,"emcosID":null,"emcosMLID":null,"codTEP":null,"WSName":"PS","rangeAddress":"$AV$99:$AV$135","headAddress":"$AV$99","bodyAddress":"$AV$100:$AV$135","_name":"по счетчику"}},"emcosID":null,"emcosMLID":null,"codTEP":null,"WSName":"PS","rangeAddress":"$AV$98:$AV$135","headAddress":"$AV$98","bodyAddress":"$AV$99:$AV$135","_name":"прием"},"отдача":{"_level":1,"parentID":"c16e8691-398f-47a6-8d3e-5bccab4ac64a","firstParentID":"248c65cf-3627-4075-8af7-139e2acf5e24","ID":"93a5a1a4-0adc-4c8a-bbb1-d13bb7dc79f6","childs":{"по счетчику":{"_level":2,"parentID":"93a5a1a4-0adc-4c8a-bbb1-d13bb7dc79f6","firstParentID":"248c65cf-3627-4075-8af7-139e2acf5e24","ID":"c6c633aa-4c2a-41d9-8689-316ead1d5b08","childs":null,"emcosID":null,"emcosMLID":null,"codTEP":null,"WSName":"PS","rangeAddress":"$AW$99:$AW$135","headAddress":"$AW$99","bodyAddress":"$AW$100:$AW$135","_name":"по счетчику"}},"emcosID":null,"emcosMLID":null,"codTEP":null,"WSName":"PS","rangeAddress":"$AW$98:$AW$135","headAddress":"$AW$98","bodyAddress":"$AW$99:$AW$135","_name":"отдача"}},"emcosID":null,"emcosMLID":null,"codTEP":null,"WSName":"PS","rangeAddress":"$AV$97:$AW$135","headAddress":"$AV$97:$AW$97","bodyAddress":"$AV$98:$AW$135","_name":"КЛ16 ПС149 Талдыкорган ЗЩА"},"DB":{"_level":0,"parentID":"248c65cf-3627-4075-8af7-139e2acf5e24","firstParentID":"248c65cf-3627-4075-8af7-139e2acf5e24","ID":"c4b2f2a8-2f56-46d9-874f-fe7f26bb6292","childs":{"прием":{"_level":1,"parentID":"c4b2f2a8-2f56-46d9-874f-fe7f26bb6292","firstParentID":"248c65cf-3627-4075-8af7-139e2acf5e24","ID":"aef30031-e6e7-469a-be05-ff6cd9aa432f","childs":{"код":{"_level":2,"parentID":"aef30031-e6e7-469a-be05-ff6cd9aa432f","firstParentID":"248c65cf-3627-4075-8af7-139e2acf5e24","ID":"c6fa0520-65b7-44e9-a3bf-f460279804e8","childs":null,"emcosID":null,"emcosMLID":null,"codTEP":null,"WSName":"DB","rangeAddress":"$HG$310:$HG$347","headAddress":"$HG$310","bodyAddress":"$HG$311:$HG$347","_name":"код"},"основное":{"_level":2,"parentID":"aef30031-e6e7-469a-be05-ff6cd9aa432f","firstParentID":"248c65cf-3627-4075-8af7-139e2acf5e24","ID":"c36091be-ed33-4f4f-8272-2d6beb3b762a","childs":null,"emcosID":null,"emcosMLID":null,"codTEP":null,"WSName":"DB","rangeAddress":"$HH$310:$HH$347","headAddress":"$HH$310","bodyAddress":"$HH$311:$HH$347","_name":"основное"},"корректировка факт":{"_level":2,"parentID":"aef30031-e6e7-469a-be05-ff6cd9aa432f","firstParentID":"248c65cf-3627-4075-8af7-139e2acf5e24","ID":"bb1678be-b4fd-4ab4-be13-ed940cbf75ae","childs":null,"emcosID":null,"emcosMLID":null,"codTEP":null,"WSName":"DB","rangeAddress":"$HI$310:$HI$347","headAddress":"$HI$310","bodyAddress":"$HI$311:$HI$347","_name":"корректировка факт"},"ручное":{"_level":2,"parentID":"aef30031-e6e7-469a-be05-ff6cd9aa432f","firstParentID":"248c65cf-3627-4075-8af7-139e2acf5e24","ID":"ab71c152-bfa5-4d69-9fac-8b78ffafe514","childs":null,"emcosID":null,"emcosMLID":null,"codTEP":null,"WSName":"DB","rangeAddress":"$HJ$310:$HJ$347","headAddress":"$HJ$310","bodyAddress":"$HJ$311:$HJ$347","_name":"ручное"},"оперативное":{"_level":2,"parentID":"aef30031-e6e7-469a-be05-ff6cd9aa432f","firstParentID":"248c65cf-3627-4075-8af7-139e2acf5e24","ID":"102ab1e0-2407-463c-8802-3f410f0dc80e","childs":null,"emcosID":null,"emcosMLID":null,"codTEP":null,"WSName":"DB","rangeAddress":"$HK$310:$HK$347","headAddress":"$HK$310","bodyAddress":"$HK$311:$HK$347","_name":"оперативное"},"счетчик":{"_level":2,"parentID":"aef30031-e6e7-469a-be05-ff6cd9aa432f","firstParentID":"248c65cf-3627-4075-8af7-139e2acf5e24","ID":"61bf6f12-344d-4d78-a42a-a862942fd942","childs":null,"emcosID":null,"emcosMLID":null,"codTEP":null,"WSName":"DB","rangeAddress":"$HL$310:$HL$347","headAddress":"$HL$310","bodyAddress":"$HL$311:$HL$347","_name":"счетчик"},"по счетчику":{"_level":2,"parentID":"aef30031-e6e7-469a-be05-ff6cd9aa432f","firstParentID":"248c65cf-3627-4075-8af7-139e2acf5e24","ID":"dcf1dea1-692d-477f-876e-98297e622966","childs":null,"emcosID":null,"emcosMLID":null,"codTEP":null,"WSName":"DB","rangeAddress":"$HM$310:$HM$347","headAddress":"$HM$310","bodyAddress":"$HM$311:$HM$347","_name":"по счетчику"}},"emcosID":null,"emcosMLID":null,"codTEP":null,"WSName":"DB","rangeAddress":"$HG$309:$HM$347","headAddress":"$HG$309:$HM$309","bodyAddress":"$HG$310:$HM$347","_name":"прием"},"отдача":{"_level":1,"parentID":"c4b2f2a8-2f56-46d9-874f-fe7f26bb6292","firstParentID":"248c65cf-3627-4075-8af7-139e2acf5e24","ID":"73cd4b27-4331-4583-a926-c03b04f2089c","childs":{"код":{"_level":2,"parentID":"73cd4b27-4331-4583-a926-c03b04f2089c","firstParentID":"248c65cf-3627-4075-8af7-139e2acf5e24","ID":"8adbadd3-01bd-4e4a-99b7-3e3da83561da","childs":null,"emcosID":null,"emcosMLID":null,"codTEP":null,"WSName":"DB","rangeAddress":"$HN$310:$HN$347","headAddress":"$HN$310","bodyAddress":"$HN$311:$HN$347","_name":"код"},"основное":{"_level":2,"parentID":"73cd4b27-4331-4583-a926-c03b04f2089c","firstParentID":"248c65cf-3627-4075-8af7-139e2acf5e24","ID":"844b615c-e58f-4842-b434-24588f4272ce","childs":null,"emcosID":null,"emcosMLID":null,"codTEP":null,"WSName":"DB","rangeAddress":"$HO$310:$HO$347","headAddress":"$HO$310","bodyAddress":"$HO$311:$HO$347","_name":"основное"},"корректировка факт":{"_level":2,"parentID":"73cd4b27-4331-4583-a926-c03b04f2089c","firstParentID":"248c65cf-3627-4075-8af7-139e2acf5e24","ID":"19c51dcd-1e25-458d-97f3-db77955b795a","childs":null,"emcosID":null,"emcosMLID":null,"codTEP":null,"WSName":"DB","rangeAddress":"$HP$310:$HP$347","headAddress":"$HP$310","bodyAddress":"$HP$311:$HP$347","_name":"корректировка факт"},"ручное":{"_level":2,"parentID":"73cd4b27-4331-4583-a926-c03b04f2089c","firstParentID":"248c65cf-3627-4075-8af7-139e2acf5e24","ID":"e5ba66dd-8c62-44fb-8d0a-8aa9c87c6906","childs":null,"emcosID":null,"emcosMLID":null,"codTEP":null,"WSName":"DB","rangeAddress":"$HQ$310:$HQ$347","headAddress":"$HQ$310","bodyAddress":"$HQ$311:$HQ$347","_name":"ручное"},"оперативное":{"_level":2,"parentID":"73cd4b27-4331-4583-a926-c03b04f2089c","firstParentID":"248c65cf-3627-4075-8af7-139e2acf5e24","ID":"efd86422-e96b-42e3-bfe0-22385ad6ea85","childs":null,"emcosID":null,"emcosMLID":null,"codTEP":null,"WSName":"DB","rangeAddress":"$HR$310:$HR$347","headAddress":"$HR$310","bodyAddress":"$HR$311:$HR$347","_name":"оперативное"},"счетчик":{"_level":2,"parentID":"73cd4b27-4331-4583-a926-c03b04f2089c","firstParentID":"248c65cf-3627-4075-8af7-139e2acf5e24","ID":"04b3336f-9145-459b-b326-0e139eb601d7","childs":null,"emcosID":null,"emcosMLID":null,"codTEP":null,"WSName":"DB","rangeAddress":"$HS$310:$HS$347","headAddress":"$HS$310","bodyAddress":"$HS$311:$HS$347","_name":"счетчик"},"по счетчику":{"_level":2,"parentID":"73cd4b27-4331-4583-a926-c03b04f2089c","firstParentID":"248c65cf-3627-4075-8af7-139e2acf5e24","ID":"5f9ec9a9-890e-4fb3-a4c0-7ab9ad04f432","childs":null,"emcosID":null,"emcosMLID":null,"codTEP":null,"WSName":"DB","rangeAddress":"$HT$310:$HT$347","headAddress":"$HT$310","bodyAddress":"$HT$311:$HT$347","_name":"по счетчику"}},"emcosID":null,"emcosMLID":null,"codTEP":null,"WSName":"DB","rangeAddress":"$HN$309:$HT$347","headAddress":"$HN$309:$HT$309","bodyAddress":"$HN$310:$HT$347","_name":"отдача"}},"emcosID":null,"emcosMLID":null,"codTEP":null,"WSName":"DB","rangeAddress":"$HG$308:$HT$347","headAddress":"$HG$308:$HT$308","bodyAddress":"$HG$309:$HT$347","_name":"КЛ16 ПС149 Талдыкорган ЗЩА"}},"codPlan":null,"meterCoef":null,"_name":"КЛ16 ПС149 Талдыкорган ЗЩА"}