{"ID":"25c8fc7b-eb09-4902-943e-c5c8992a147b","childs":{"PS":{"_level":0,"parentID":"25c8fc7b-eb09-4902-943e-c5c8992a147b","firstParentID":"25c8fc7b-eb09-4902-943e-c5c8992a147b","ID":"3aa558b3-85a8-45ba-8ff8-6112a169529a","childs":{"прием":{"_level":1,"parentID":"3aa558b3-85a8-45ba-8ff8-6112a169529a","firstParentID":"25c8fc7b-eb09-4902-943e-c5c8992a147b","ID":"efbc3165-a3dd-4148-acde-997126636a9a","childs":{"ручное":{"_level":2,"parentID":"efbc3165-a3dd-4148-acde-997126636a9a","firstParentID":"25c8fc7b-eb09-4902-943e-c5c8992a147b","ID":"e968dd50-64a6-496f-8c70-fd75a61a2426","childs":null,"emcosID":null,"emcosMLID":null,"codTEP":null,"WSName":"PS","rangeAddress":"$AA$185:$AA$221","headAddress":"$AA$185","bodyAddress":"$AA$186:$AA$221","_name":"ручное"}},"emcosID":null,"emcosMLID":null,"codTEP":null,"WSName":"PS","rangeAddress":"$AA$184:$AA$221","headAddress":"$AA$184","bodyAddress":"$AA$185:$AA$221","_name":"прием"}},"emcosID":null,"emcosMLID":null,"codTEP":null,"WSName":"PS","rangeAddress":"$AA$183:$AA$221","headAddress":"$AA$183","bodyAddress":"$AA$184:$AA$221","_name":"с.н. M Kat Green СЭС Шу 100"},"DB":{"_level":0,"parentID":"25c8fc7b-eb09-4902-943e-c5c8992a147b","firstParentID":"25c8fc7b-eb09-4902-943e-c5c8992a147b","ID":"ccd2cd7a-a24b-45f4-9061-5876717eaacc","childs":{"прием":{"_level":1,"parentID":"ccd2cd7a-a24b-45f4-9061-5876717eaacc","firstParentID":"25c8fc7b-eb09-4902-943e-c5c8992a147b","ID":"898a13eb-3e85-4bac-949e-ffdcf91faca2","childs":{"код":{"_level":2,"parentID":"898a13eb-3e85-4bac-949e-ffdcf91faca2","firstParentID":"25c8fc7b-eb09-4902-943e-c5c8992a147b","ID":"c598d773-bb36-4640-80db-be651382c5e3","childs":null,"emcosID":null,"emcosMLID":null,"codTEP":null,"WSName":"DB","rangeAddress":"$AU$396:$AU$433","headAddress":"$AU$396","bodyAddress":"$AU$397:$AU$433","_name":"код"},"основное":{"_level":2,"parentID":"898a13eb-3e85-4bac-949e-ffdcf91faca2","firstParentID":"25c8fc7b-eb09-4902-943e-c5c8992a147b","ID":"b96d09db-7580-4e89-a9bd-8deb188573c1","childs":null,"emcosID":null,"emcosMLID":null,"codTEP":null,"WSName":"DB","rangeAddress":"$AV$396:$AV$433","headAddress":"$AV$396","bodyAddress":"$AV$397:$AV$433","_name":"основное"},"корректировка факт":{"_level":2,"parentID":"898a13eb-3e85-4bac-949e-ffdcf91faca2","firstParentID":"25c8fc7b-eb09-4902-943e-c5c8992a147b","ID":"fce7e06d-7877-4e2c-82d2-ae63cc04a1af","childs":null,"emcosID":null,"emcosMLID":null,"codTEP":null,"WSName":"DB","rangeAddress":"$AW$396:$AW$433","headAddress":"$AW$396","bodyAddress":"$AW$397:$AW$433","_name":"корректировка факт"},"ручное":{"_level":2,"parentID":"898a13eb-3e85-4bac-949e-ffdcf91faca2","firstParentID":"25c8fc7b-eb09-4902-943e-c5c8992a147b","ID":"c788f848-e28f-44df-b0e8-ae0ff5ba996d","childs":null,"emcosID":null,"emcosMLID":null,"codTEP":null,"WSName":"DB","rangeAddress":"$AX$396:$AX$433","headAddress":"$AX$396","bodyAddress":"$AX$397:$AX$433","_name":"ручное"}},"emcosID":null,"emcosMLID":null,"codTEP":null,"WSName":"DB","rangeAddress":"$AU$395:$AX$433","headAddress":"$AU$395:$AX$395","bodyAddress":"$AU$396:$AX$433","_name":"прием"}},"emcosID":null,"emcosMLID":null,"codTEP":null,"WSName":"DB","rangeAddress":"$AU$394:$AX$433","headAddress":"$AU$394:$AX$394","bodyAddress":"$AU$395:$AX$433","_name":"с.н. M Kat Green СЭС Шу 100"}},"codPlan":null,"meterCoef":null,"_name":"с.н. M Kat Green СЭС Шу 100"}