{"ID":"264d9e09-952f-4547-8485-c29fee831fe8","childs":{"PS":{"_level":0,"parentID":"264d9e09-952f-4547-8485-c29fee831fe8","firstParentID":"264d9e09-952f-4547-8485-c29fee831fe8","ID":"c82faf77-6ecb-4ce3-98e6-d89190ecee83","childs":{"прием":{"_level":1,"parentID":"c82faf77-6ecb-4ce3-98e6-d89190ecee83","firstParentID":"264d9e09-952f-4547-8485-c29fee831fe8","ID":"e05c0863-7084-4610-b434-7b9547dbf75c","childs":{"ручное":{"_level":2,"parentID":"e05c0863-7084-4610-b434-7b9547dbf75c","firstParentID":"264d9e09-952f-4547-8485-c29fee831fe8","ID":"7697517e-7539-4a05-be6b-71fdf9dc5663","childs":null,"emcosID":null,"emcosMLID":null,"codTEP":null,"WSName":"PS","rangeAddress":"$GS$99:$GS$135","headAddress":"$GS$99","bodyAddress":"$GS$100:$GS$135","_name":"ручное"}},"emcosID":null,"emcosMLID":null,"codTEP":null,"WSName":"PS","rangeAddress":"$GS$98:$GS$135","headAddress":"$GS$98","bodyAddress":"$GS$99:$GS$135","_name":"прием"},"отдача":{"_level":1,"parentID":"c82faf77-6ecb-4ce3-98e6-d89190ecee83","firstParentID":"264d9e09-952f-4547-8485-c29fee831fe8","ID":"dc1a4c87-2b17-411d-bd28-90ea68516043","childs":{"ручное":{"_level":2,"parentID":"dc1a4c87-2b17-411d-bd28-90ea68516043","firstParentID":"264d9e09-952f-4547-8485-c29fee831fe8","ID":"482bcebb-b88a-4fd9-8c39-d7e8319cf606","childs":null,"emcosID":null,"emcosMLID":null,"codTEP":null,"WSName":"PS","rangeAddress":"$GT$99:$GT$135","headAddress":"$GT$99","bodyAddress":"$GT$100:$GT$135","_name":"ручное"}},"emcosID":null,"emcosMLID":null,"codTEP":null,"WSName":"PS","rangeAddress":"$GT$98:$GT$135","headAddress":"$GT$98","bodyAddress":"$GT$99:$GT$135","_name":"отдача"}},"emcosID":null,"emcosMLID":null,"codTEP":null,"WSName":"PS","rangeAddress":"$GS$97:$GT$135","headAddress":"$GS$97:$GT$97","bodyAddress":"$GS$98:$GT$135","_name":"ТП1 Узун Агач тяга"},"DB":{"_level":0,"parentID":"264d9e09-952f-4547-8485-c29fee831fe8","firstParentID":"264d9e09-952f-4547-8485-c29fee831fe8","ID":"57bb9ac2-8180-4b28-a556-2c0ec11f4440","childs":{"прием":{"_level":1,"parentID":"57bb9ac2-8180-4b28-a556-2c0ec11f4440","firstParentID":"264d9e09-952f-4547-8485-c29fee831fe8","ID":"19b6abfb-3438-4913-8c7a-137f1fae9637","childs":{"код":{"_level":2,"parentID":"19b6abfb-3438-4913-8c7a-137f1fae9637","firstParentID":"264d9e09-952f-4547-8485-c29fee831fe8","ID":"332f42a7-dfed-46fa-b7f6-32ce39a8d0c7","childs":null,"emcosID":null,"emcosMLID":null,"codTEP":null,"WSName":"DB","rangeAddress":"$DM$181:$DM$218","headAddress":"$DM$181","bodyAddress":"$DM$182:$DM$218","_name":"код"},"основное":{"_level":2,"parentID":"19b6abfb-3438-4913-8c7a-137f1fae9637","firstParentID":"264d9e09-952f-4547-8485-c29fee831fe8","ID":"187adeb0-a8f1-414c-b10e-407f1f7dd30f","childs":null,"emcosID":null,"emcosMLID":null,"codTEP":null,"WSName":"DB","rangeAddress":"$DN$181:$DN$218","headAddress":"$DN$181","bodyAddress":"$DN$182:$DN$218","_name":"основное"},"корректировка факт":{"_level":2,"parentID":"19b6abfb-3438-4913-8c7a-137f1fae9637","firstParentID":"264d9e09-952f-4547-8485-c29fee831fe8","ID":"1eaa218a-6e66-43eb-be08-65612452ead8","childs":null,"emcosID":null,"emcosMLID":null,"codTEP":null,"WSName":"DB","rangeAddress":"$DO$181:$DO$218","headAddress":"$DO$181","bodyAddress":"$DO$182:$DO$218","_name":"корректировка факт"},"ручное":{"_level":2,"parentID":"19b6abfb-3438-4913-8c7a-137f1fae9637","firstParentID":"264d9e09-952f-4547-8485-c29fee831fe8","ID":"1c4a7ece-78a1-41f8-8a7d-c6e24f0c2482","childs":null,"emcosID":null,"emcosMLID":null,"codTEP":null,"WSName":"DB","rangeAddress":"$DP$181:$DP$218","headAddress":"$DP$181","bodyAddress":"$DP$182:$DP$218","_name":"ручное"}},"emcosID":null,"emcosMLID":null,"codTEP":null,"WSName":"DB","rangeAddress":"$DM$180:$DP$218","headAddress":"$DM$180:$DP$180","bodyAddress":"$DM$181:$DP$218","_name":"прием"},"отдача":{"_level":1,"parentID":"57bb9ac2-8180-4b28-a556-2c0ec11f4440","firstParentID":"264d9e09-952f-4547-8485-c29fee831fe8","ID":"6490bd57-b35b-48e2-85dc-15c4a048105a","childs":{"код":{"_level":2,"parentID":"6490bd57-b35b-48e2-85dc-15c4a048105a","firstParentID":"264d9e09-952f-4547-8485-c29fee831fe8","ID":"1aa4ead6-b00a-4aa4-af72-50986ece0a0b","childs":null,"emcosID":null,"emcosMLID":null,"codTEP":null,"WSName":"DB","rangeAddress":"$DQ$181:$DQ$218","headAddress":"$DQ$181","bodyAddress":"$DQ$182:$DQ$218","_name":"код"},"основное":{"_level":2,"parentID":"6490bd57-b35b-48e2-85dc-15c4a048105a","firstParentID":"264d9e09-952f-4547-8485-c29fee831fe8","ID":"1e01f93c-cb2f-4d1e-af34-96350f6d5412","childs":null,"emcosID":null,"emcosMLID":null,"codTEP":null,"WSName":"DB","rangeAddress":"$DR$181:$DR$218","headAddress":"$DR$181","bodyAddress":"$DR$182:$DR$218","_name":"основное"},"корректировка факт":{"_level":2,"parentID":"6490bd57-b35b-48e2-85dc-15c4a048105a","firstParentID":"264d9e09-952f-4547-8485-c29fee831fe8","ID":"630157ca-584b-4a1e-9318-c3e2cde5ce3e","childs":null,"emcosID":null,"emcosMLID":null,"codTEP":null,"WSName":"DB","rangeAddress":"$DS$181:$DS$218","headAddress":"$DS$181","bodyAddress":"$DS$182:$DS$218","_name":"корректировка факт"},"ручное":{"_level":2,"parentID":"6490bd57-b35b-48e2-85dc-15c4a048105a","firstParentID":"264d9e09-952f-4547-8485-c29fee831fe8","ID":"9cd12472-856d-4a8f-b3ae-0d1731e110ad","childs":null,"emcosID":null,"emcosMLID":null,"codTEP":null,"WSName":"DB","rangeAddress":"$DT$181:$DT$218","headAddress":"$DT$181","bodyAddress":"$DT$182:$DT$218","_name":"ручное"}},"emcosID":null,"emcosMLID":null,"codTEP":null,"WSName":"DB","rangeAddress":"$DQ$180:$DT$218","headAddress":"$DQ$180:$DT$180","bodyAddress":"$DQ$181:$DT$218","_name":"отдача"}},"emcosID":null,"emcosMLID":null,"codTEP":null,"WSName":"DB","rangeAddress":"$DM$179:$DT$218","headAddress":"$DM$179:$DT$179","bodyAddress":"$DM$180:$DT$218","_name":"ТП1 Узун Агач тяга"}},"codPlan":null,"meterCoef":null,"_name":"ТП1 Узун Агач тяга"}