{"ID":"331ef76a-eb9b-4f39-8934-e0181e0e1a98","childs":{"PS":{"_level":0,"parentID":"331ef76a-eb9b-4f39-8934-e0181e0e1a98","firstParentID":"331ef76a-eb9b-4f39-8934-e0181e0e1a98","ID":"90c6548e-4cfc-45cb-aab6-3fb6dc1d56ef","childs":{"прием":{"_level":1,"parentID":"90c6548e-4cfc-45cb-aab6-3fb6dc1d56ef","firstParentID":"331ef76a-eb9b-4f39-8934-e0181e0e1a98","ID":"327bd39a-f7ec-4346-8de5-96e9fb7262b8","childs":{"оперативное":{"_level":2,"parentID":"327bd39a-f7ec-4346-8de5-96e9fb7262b8","firstParentID":"331ef76a-eb9b-4f39-8934-e0181e0e1a98","ID":"e7192661-d2ab-41d1-b49a-08eab03c87cf","childs":null,"emcosID":null,"emcosMLID":null,"WSName":"PS","rangeAddress":"$K$228:$K$264","headAddress":"$K$228","bodyAddress":"$K$229:$K$264","_name":"оперативное"}},"emcosID":null,"emcosMLID":null,"WSName":"PS","rangeAddress":"$K$227:$K$264","headAddress":"$K$227","bodyAddress":"$K$228:$K$264","_name":"прием"}},"emcosID":null,"emcosMLID":null,"WSName":"PS","rangeAddress":"$K$226:$K$264","headAddress":"$K$226","bodyAddress":"$K$227:$K$264","_name":"Потребление Alfa Power"},"DB":{"_level":0,"parentID":"331ef76a-eb9b-4f39-8934-e0181e0e1a98","firstParentID":"331ef76a-eb9b-4f39-8934-e0181e0e1a98","ID":"813939a9-ed3b-4f6c-a580-590e5bfc23e0","childs":{"прием":{"_level":1,"parentID":"813939a9-ed3b-4f6c-a580-590e5bfc23e0","firstParentID":"331ef76a-eb9b-4f39-8934-e0181e0e1a98","ID":"78779b4a-fd8a-44e3-91f9-e8708a133133","childs":{"код":{"_level":2,"parentID":"78779b4a-fd8a-44e3-91f9-e8708a133133","firstParentID":"331ef76a-eb9b-4f39-8934-e0181e0e1a98","ID":"46a4ffaa-c8ac-466e-a1b0-da3e86bb4b76","childs":null,"emcosID":null,"emcosMLID":null,"WSName":"DB","rangeAddress":"$BK$396:$BK$433","headAddress":"$BK$396","bodyAddress":"$BK$397:$BK$433","_name":"код"},"основное":{"_level":2,"parentID":"78779b4a-fd8a-44e3-91f9-e8708a133133","firstParentID":"331ef76a-eb9b-4f39-8934-e0181e0e1a98","ID":"10fed840-18cb-47ec-87a2-911e860094c3","childs":null,"emcosID":null,"emcosMLID":null,"WSName":"DB","rangeAddress":"$BL$396:$BL$433","headAddress":"$BL$396","bodyAddress":"$BL$397:$BL$433","_name":"основное"},"корректировка факт":{"_level":2,"parentID":"78779b4a-fd8a-44e3-91f9-e8708a133133","firstParentID":"331ef76a-eb9b-4f39-8934-e0181e0e1a98","ID":"92c3ab31-ed07-4e56-805e-906784bc385e","childs":null,"emcosID":null,"emcosMLID":null,"WSName":"DB","rangeAddress":"$BM$396:$BM$433","headAddress":"$BM$396","bodyAddress":"$BM$397:$BM$433","_name":"корректировка факт"},"ручное":{"_level":2,"parentID":"78779b4a-fd8a-44e3-91f9-e8708a133133","firstParentID":"331ef76a-eb9b-4f39-8934-e0181e0e1a98","ID":"2a222797-fc9a-42c5-aaae-a344592ed04c","childs":null,"emcosID":null,"emcosMLID":null,"WSName":"DB","rangeAddress":"$BN$396:$BN$433","headAddress":"$BN$396","bodyAddress":"$BN$397:$BN$433","_name":"ручное"},"оперативное":{"_level":2,"parentID":"78779b4a-fd8a-44e3-91f9-e8708a133133","firstParentID":"331ef76a-eb9b-4f39-8934-e0181e0e1a98","ID":"94177c1e-2305-489a-8014-34272a9c253a","childs":null,"emcosID":null,"emcosMLID":null,"WSName":"DB","rangeAddress":"$BO$396:$BO$433","headAddress":"$BO$396","bodyAddress":"$BO$397:$BO$433","_name":"оперативное"}},"emcosID":null,"emcosMLID":null,"WSName":"DB","rangeAddress":"$BK$395:$BO$433","headAddress":"$BK$395:$BO$395","bodyAddress":"$BK$396:$BO$433","_name":"прием"}},"emcosID":null,"emcosMLID":null,"WSName":"DB","rangeAddress":"$BK$394:$BO$433","headAddress":"$BK$394:$BO$394","bodyAddress":"$BK$395:$BO$433","_name":"Потребление Alfa Power"}},"codPlan":null,"meterCoef":null,"_name":"Потребление Alfa Power"}