{"ID":"33f92c86-e189-4282-b372-d06af9e86140","childs":{"PS":{"_level":0,"parentID":"33f92c86-e189-4282-b372-d06af9e86140","firstParentID":"33f92c86-e189-4282-b372-d06af9e86140","ID":"6297b0a7-c3bc-4eaa-8edb-0520c5eb7195","childs":{"прием":{"_level":1,"parentID":"6297b0a7-c3bc-4eaa-8edb-0520c5eb7195","firstParentID":"33f92c86-e189-4282-b372-d06af9e86140","ID":"213a63e9-e7b9-4ff2-9150-5efc70e56174","childs":{"ручное":{"_level":2,"parentID":"213a63e9-e7b9-4ff2-9150-5efc70e56174","firstParentID":"33f92c86-e189-4282-b372-d06af9e86140","ID":"c597f261-420e-486f-9272-73c533076ba6","childs":null,"emcosID":null,"emcosMLID":null,"codTEP":null,"WSName":"PS","rangeAddress":"$AG$56:$AG$92","headAddress":"$AG$56","bodyAddress":"$AG$57:$AG$92","_name":"ручное"}},"emcosID":null,"emcosMLID":null,"codTEP":null,"WSName":"PS","rangeAddress":"$AG$55:$AG$92","headAddress":"$AG$55","bodyAddress":"$AG$56:$AG$92","_name":"прием"}},"emcosID":null,"emcosMLID":null,"codTEP":null,"WSName":"PS","rangeAddress":"$AG$54:$AG$92","headAddress":"$AG$54","bodyAddress":"$AG$55:$AG$92","_name":"с.н. ЮКГРЭС"},"DB":{"_level":0,"parentID":"33f92c86-e189-4282-b372-d06af9e86140","firstParentID":"33f92c86-e189-4282-b372-d06af9e86140","ID":"842b43ac-f965-4554-a193-368f28f3bce8","childs":{"прием":{"_level":1,"parentID":"842b43ac-f965-4554-a193-368f28f3bce8","firstParentID":"33f92c86-e189-4282-b372-d06af9e86140","ID":"67ff2c8b-c582-4d1c-b22a-ab0b6aea9314","childs":{"код":{"_level":2,"parentID":"67ff2c8b-c582-4d1c-b22a-ab0b6aea9314","firstParentID":"33f92c86-e189-4282-b372-d06af9e86140","ID":"23a7bfa0-eeba-4e0c-a3cf-3ba00960822a","childs":null,"emcosID":null,"emcosMLID":null,"codTEP":null,"WSName":"DB","rangeAddress":"$AB$181:$AB$218","headAddress":"$AB$181","bodyAddress":"$AB$182:$AB$218","_name":"код"},"основное":{"_level":2,"parentID":"67ff2c8b-c582-4d1c-b22a-ab0b6aea9314","firstParentID":"33f92c86-e189-4282-b372-d06af9e86140","ID":"49b18dd7-e98f-4a12-a45d-5c3defffef5f","childs":null,"emcosID":null,"emcosMLID":null,"codTEP":null,"WSName":"DB","rangeAddress":"$AC$181:$AC$218","headAddress":"$AC$181","bodyAddress":"$AC$182:$AC$218","_name":"основное"},"корректировка факт":{"_level":2,"parentID":"67ff2c8b-c582-4d1c-b22a-ab0b6aea9314","firstParentID":"33f92c86-e189-4282-b372-d06af9e86140","ID":"e12b781b-576e-460b-8910-b6676c63c242","childs":null,"emcosID":null,"emcosMLID":null,"codTEP":null,"WSName":"DB","rangeAddress":"$AD$181:$AD$218","headAddress":"$AD$181","bodyAddress":"$AD$182:$AD$218","_name":"корректировка факт"},"ручное":{"_level":2,"parentID":"67ff2c8b-c582-4d1c-b22a-ab0b6aea9314","firstParentID":"33f92c86-e189-4282-b372-d06af9e86140","ID":"31245788-34ae-4878-847c-47567799613d","childs":null,"emcosID":null,"emcosMLID":null,"codTEP":null,"WSName":"DB","rangeAddress":"$AE$181:$AE$218","headAddress":"$AE$181","bodyAddress":"$AE$182:$AE$218","_name":"ручное"}},"emcosID":null,"emcosMLID":null,"codTEP":null,"WSName":"DB","rangeAddress":"$AB$180:$AE$218","headAddress":"$AB$180:$AE$180","bodyAddress":"$AB$181:$AE$218","_name":"прием"}},"emcosID":null,"emcosMLID":null,"codTEP":null,"WSName":"DB","rangeAddress":"$AB$179:$AE$218","headAddress":"$AB$179:$AE$179","bodyAddress":"$AB$180:$AE$218","_name":"с.н. ЮКГРЭС"}},"codPlan":null,"meterCoef":null,"_name":"с.н. ЮКГРЭС"}