{"ID":"358a1bf2-77fd-4122-9945-c11d2a51b636","childs":{"PS":{"_level":0,"parentID":"358a1bf2-77fd-4122-9945-c11d2a51b636","firstParentID":"358a1bf2-77fd-4122-9945-c11d2a51b636","ID":"26817641-44b3-4da8-a7cf-7ac588397337","childs":{"прием":{"_level":1,"parentID":"26817641-44b3-4da8-a7cf-7ac588397337","firstParentID":"358a1bf2-77fd-4122-9945-c11d2a51b636","ID":"d9451477-e766-4332-b32d-4790487f3ef5","childs":{"по счетчику":{"_level":2,"parentID":"d9451477-e766-4332-b32d-4790487f3ef5","firstParentID":"358a1bf2-77fd-4122-9945-c11d2a51b636","ID":"da87b198-4016-443c-b807-aa3d9a1bda28","childs":null,"emcosID":null,"emcosMLID":null,"codTEP":null,"WSName":"PS","rangeAddress":"$BM$99:$BM$135","headAddress":"$BM$99","bodyAddress":"$BM$100:$BM$135","_name":"по счетчику"}},"emcosID":null,"emcosMLID":null,"codTEP":null,"WSName":"PS","rangeAddress":"$BM$98:$BM$135","headAddress":"$BM$98","bodyAddress":"$BM$99:$BM$135","_name":"прием"},"отдача":{"_level":1,"parentID":"26817641-44b3-4da8-a7cf-7ac588397337","firstParentID":"358a1bf2-77fd-4122-9945-c11d2a51b636","ID":"3020b395-834a-45c8-a1d1-409289fb92a2","childs":{"по счетчику":{"_level":2,"parentID":"3020b395-834a-45c8-a1d1-409289fb92a2","firstParentID":"358a1bf2-77fd-4122-9945-c11d2a51b636","ID":"0ea5a7fa-7422-485a-9305-2f6cfa74ed4e","childs":null,"emcosID":null,"emcosMLID":null,"codTEP":null,"WSName":"PS","rangeAddress":"$BN$99:$BN$135","headAddress":"$BN$99","bodyAddress":"$BN$100:$BN$135","_name":"по счетчику"}},"emcosID":null,"emcosMLID":null,"codTEP":null,"WSName":"PS","rangeAddress":"$BN$98:$BN$135","headAddress":"$BN$98","bodyAddress":"$BN$99:$BN$135","_name":"отдача"}},"emcosID":null,"emcosMLID":null,"codTEP":null,"WSName":"PS","rangeAddress":"$BM$97:$BN$135","headAddress":"$BM$97:$BN$97","bodyAddress":"$BM$98:$BN$135","_name":"КЛ86 ПС152 Талдыкорган"},"DB":{"_level":0,"parentID":"358a1bf2-77fd-4122-9945-c11d2a51b636","firstParentID":"358a1bf2-77fd-4122-9945-c11d2a51b636","ID":"eda4fd4b-97bf-4ae4-bfbc-5103a4bdcfc4","childs":{"прием":{"_level":1,"parentID":"eda4fd4b-97bf-4ae4-bfbc-5103a4bdcfc4","firstParentID":"358a1bf2-77fd-4122-9945-c11d2a51b636","ID":"7622b0f2-4e4e-4be3-a8e3-913e8f9c92b5","childs":{"код":{"_level":2,"parentID":"7622b0f2-4e4e-4be3-a8e3-913e8f9c92b5","firstParentID":"358a1bf2-77fd-4122-9945-c11d2a51b636","ID":"2e0a1cb6-f1ec-4d21-9920-2e18fb7e3481","childs":null,"emcosID":null,"emcosMLID":null,"codTEP":null,"WSName":"DB","rangeAddress":"$AC$267:$AC$304","headAddress":"$AC$267","bodyAddress":"$AC$268:$AC$304","_name":"код"},"основное":{"_level":2,"parentID":"7622b0f2-4e4e-4be3-a8e3-913e8f9c92b5","firstParentID":"358a1bf2-77fd-4122-9945-c11d2a51b636","ID":"17adabbf-254d-4b56-be18-4b9e35293c80","childs":null,"emcosID":null,"emcosMLID":null,"codTEP":null,"WSName":"DB","rangeAddress":"$AD$267:$AD$304","headAddress":"$AD$267","bodyAddress":"$AD$268:$AD$304","_name":"основное"},"корректировка факт":{"_level":2,"parentID":"7622b0f2-4e4e-4be3-a8e3-913e8f9c92b5","firstParentID":"358a1bf2-77fd-4122-9945-c11d2a51b636","ID":"e29fc844-4102-451e-abe8-586e3f6af9e2","childs":null,"emcosID":null,"emcosMLID":null,"codTEP":null,"WSName":"DB","rangeAddress":"$AE$267:$AE$304","headAddress":"$AE$267","bodyAddress":"$AE$268:$AE$304","_name":"корректировка факт"},"ручное":{"_level":2,"parentID":"7622b0f2-4e4e-4be3-a8e3-913e8f9c92b5","firstParentID":"358a1bf2-77fd-4122-9945-c11d2a51b636","ID":"9f5a5139-cc1c-40c9-826d-5088478dca4d","childs":null,"emcosID":null,"emcosMLID":null,"codTEP":null,"WSName":"DB","rangeAddress":"$AF$267:$AF$304","headAddress":"$AF$267","bodyAddress":"$AF$268:$AF$304","_name":"ручное"},"оперативное":{"_level":2,"parentID":"7622b0f2-4e4e-4be3-a8e3-913e8f9c92b5","firstParentID":"358a1bf2-77fd-4122-9945-c11d2a51b636","ID":"2a1c73af-60aa-4a38-9781-934b6c0a044f","childs":null,"emcosID":null,"emcosMLID":null,"codTEP":null,"WSName":"DB","rangeAddress":"$AG$267:$AG$304","headAddress":"$AG$267","bodyAddress":"$AG$268:$AG$304","_name":"оперативное"},"счетчик":{"_level":2,"parentID":"7622b0f2-4e4e-4be3-a8e3-913e8f9c92b5","firstParentID":"358a1bf2-77fd-4122-9945-c11d2a51b636","ID":"b69e0a2c-0c63-4b6d-929f-70aff083f7e5","childs":null,"emcosID":null,"emcosMLID":null,"codTEP":null,"WSName":"DB","rangeAddress":"$AH$267:$AH$304","headAddress":"$AH$267","bodyAddress":"$AH$268:$AH$304","_name":"счетчик"},"по счетчику":{"_level":2,"parentID":"7622b0f2-4e4e-4be3-a8e3-913e8f9c92b5","firstParentID":"358a1bf2-77fd-4122-9945-c11d2a51b636","ID":"12398a10-1f72-4902-8a63-cc72b1feef98","childs":null,"emcosID":null,"emcosMLID":null,"codTEP":null,"WSName":"DB","rangeAddress":"$AI$267:$AI$304","headAddress":"$AI$267","bodyAddress":"$AI$268:$AI$304","_name":"по счетчику"}},"emcosID":null,"emcosMLID":null,"codTEP":null,"WSName":"DB","rangeAddress":"$AC$266:$AI$304","headAddress":"$AC$266:$AI$266","bodyAddress":"$AC$267:$AI$304","_name":"прием"},"отдача":{"_level":1,"parentID":"eda4fd4b-97bf-4ae4-bfbc-5103a4bdcfc4","firstParentID":"358a1bf2-77fd-4122-9945-c11d2a51b636","ID":"57a83d7f-3820-49a5-ac09-11280d4c2ea7","childs":{"код":{"_level":2,"parentID":"57a83d7f-3820-49a5-ac09-11280d4c2ea7","firstParentID":"358a1bf2-77fd-4122-9945-c11d2a51b636","ID":"02fc6c87-9fff-4f95-b1ea-77a1811a40c7","childs":null,"emcosID":null,"emcosMLID":null,"codTEP":null,"WSName":"DB","rangeAddress":"$AJ$267:$AJ$304","headAddress":"$AJ$267","bodyAddress":"$AJ$268:$AJ$304","_name":"код"},"основное":{"_level":2,"parentID":"57a83d7f-3820-49a5-ac09-11280d4c2ea7","firstParentID":"358a1bf2-77fd-4122-9945-c11d2a51b636","ID":"84e10a51-0197-45ff-bbd7-efa38c5c89bd","childs":null,"emcosID":null,"emcosMLID":null,"codTEP":null,"WSName":"DB","rangeAddress":"$AK$267:$AK$304","headAddress":"$AK$267","bodyAddress":"$AK$268:$AK$304","_name":"основное"},"корректировка факт":{"_level":2,"parentID":"57a83d7f-3820-49a5-ac09-11280d4c2ea7","firstParentID":"358a1bf2-77fd-4122-9945-c11d2a51b636","ID":"178a64db-929a-4d87-b4a4-c1c5e2ee2411","childs":null,"emcosID":null,"emcosMLID":null,"codTEP":null,"WSName":"DB","rangeAddress":"$AL$267:$AL$304","headAddress":"$AL$267","bodyAddress":"$AL$268:$AL$304","_name":"корректировка факт"},"ручное":{"_level":2,"parentID":"57a83d7f-3820-49a5-ac09-11280d4c2ea7","firstParentID":"358a1bf2-77fd-4122-9945-c11d2a51b636","ID":"e2698dc2-2f86-40e3-90be-56c191b3279c","childs":null,"emcosID":null,"emcosMLID":null,"codTEP":null,"WSName":"DB","rangeAddress":"$AM$267:$AM$304","headAddress":"$AM$267","bodyAddress":"$AM$268:$AM$304","_name":"ручное"},"оперативное":{"_level":2,"parentID":"57a83d7f-3820-49a5-ac09-11280d4c2ea7","firstParentID":"358a1bf2-77fd-4122-9945-c11d2a51b636","ID":"a9d51a4c-57ed-4a4e-b797-54953af499ef","childs":null,"emcosID":null,"emcosMLID":null,"codTEP":null,"WSName":"DB","rangeAddress":"$AN$267:$AN$304","headAddress":"$AN$267","bodyAddress":"$AN$268:$AN$304","_name":"оперативное"},"счетчик":{"_level":2,"parentID":"57a83d7f-3820-49a5-ac09-11280d4c2ea7","firstParentID":"358a1bf2-77fd-4122-9945-c11d2a51b636","ID":"f74c3fac-6f62-4efe-b5a0-1e0f38b213e9","childs":null,"emcosID":null,"emcosMLID":null,"codTEP":null,"WSName":"DB","rangeAddress":"$AO$267:$AO$304","headAddress":"$AO$267","bodyAddress":"$AO$268:$AO$304","_name":"счетчик"},"по счетчику":{"_level":2,"parentID":"57a83d7f-3820-49a5-ac09-11280d4c2ea7","firstParentID":"358a1bf2-77fd-4122-9945-c11d2a51b636","ID":"5029dcd9-8176-41b2-b5ae-2630078dbff5","childs":null,"emcosID":null,"emcosMLID":null,"codTEP":null,"WSName":"DB","rangeAddress":"$AP$267:$AP$304","headAddress":"$AP$267","bodyAddress":"$AP$268:$AP$304","_name":"по счетчику"}},"emcosID":null,"emcosMLID":null,"codTEP":null,"WSName":"DB","rangeAddress":"$AJ$266:$AP$304","headAddress":"$AJ$266:$AP$266","bodyAddress":"$AJ$267:$AP$304","_name":"отдача"}},"emcosID":null,"emcosMLID":null,"codTEP":null,"WSName":"DB","rangeAddress":"$AC$265:$AP$304","headAddress":"$AC$265:$AP$265","bodyAddress":"$AC$266:$AP$304","_name":"КЛ86 ПС152 Талдыкорган"}},"codPlan":null,"meterCoef":null,"_name":"КЛ86 ПС152 Талдыкорган"}