{"ID":"3a9c59ce-9585-4a9f-8230-8cd50adf2f5c","childs":{"PS":{"_level":0,"parentID":"3a9c59ce-9585-4a9f-8230-8cd50adf2f5c","firstParentID":"3a9c59ce-9585-4a9f-8230-8cd50adf2f5c","ID":"c55d46c2-e43b-43ba-ba69-b3fb1c00d5f5","childs":{"прием":{"_level":1,"parentID":"c55d46c2-e43b-43ba-ba69-b3fb1c00d5f5","firstParentID":"3a9c59ce-9585-4a9f-8230-8cd50adf2f5c","ID":"14db65ef-f05a-4ee1-856d-9c0bbc2eb451","childs":{"ручное":{"_level":2,"parentID":"14db65ef-f05a-4ee1-856d-9c0bbc2eb451","firstParentID":"3a9c59ce-9585-4a9f-8230-8cd50adf2f5c","ID":"21a6a9b5-5027-4a3e-b8b3-9d9d0eacee2b","childs":null,"emcosID":null,"emcosMLID":null,"codTEP":null,"WSName":"PS","rangeAddress":"$EF$99:$EF$135","headAddress":"$EF$99","bodyAddress":"$EF$100:$EF$135","_name":"ручное"}},"emcosID":null,"emcosMLID":null,"codTEP":null,"WSName":"PS","rangeAddress":"$EF$98:$EF$135","headAddress":"$EF$98","bodyAddress":"$EF$99:$EF$135","_name":"прием"},"отдача":{"_level":1,"parentID":"c55d46c2-e43b-43ba-ba69-b3fb1c00d5f5","firstParentID":"3a9c59ce-9585-4a9f-8230-8cd50adf2f5c","ID":"fd33f00a-d315-4537-89d1-4b30c691dcb3","childs":{"ручное":{"_level":2,"parentID":"fd33f00a-d315-4537-89d1-4b30c691dcb3","firstParentID":"3a9c59ce-9585-4a9f-8230-8cd50adf2f5c","ID":"fc051528-c894-49b1-9f72-1c06ae3550df","childs":null,"emcosID":null,"emcosMLID":null,"codTEP":null,"WSName":"PS","rangeAddress":"$EG$99:$EG$135","headAddress":"$EG$99","bodyAddress":"$EG$100:$EG$135","_name":"ручное"}},"emcosID":null,"emcosMLID":null,"codTEP":null,"WSName":"PS","rangeAddress":"$EG$98:$EG$135","headAddress":"$EG$98","bodyAddress":"$EG$99:$EG$135","_name":"отдача"}},"emcosID":null,"emcosMLID":null,"codTEP":null,"WSName":"PS","rangeAddress":"$EF$97:$EG$135","headAddress":"$EF$97:$EG$97","bodyAddress":"$EF$98:$EG$135","_name":"Л2193 Главная"},"DB":{"_level":0,"parentID":"3a9c59ce-9585-4a9f-8230-8cd50adf2f5c","firstParentID":"3a9c59ce-9585-4a9f-8230-8cd50adf2f5c","ID":"08d16000-99e3-4266-a5f2-02c99dca6652","childs":{"прием":{"_level":1,"parentID":"08d16000-99e3-4266-a5f2-02c99dca6652","firstParentID":"3a9c59ce-9585-4a9f-8230-8cd50adf2f5c","ID":"16b410c4-53e6-4c62-80b7-dab080254e72","childs":{"код":{"_level":2,"parentID":"16b410c4-53e6-4c62-80b7-dab080254e72","firstParentID":"3a9c59ce-9585-4a9f-8230-8cd50adf2f5c","ID":"7a269177-835b-4336-8ebb-c0fd7abd640b","childs":null,"emcosID":null,"emcosMLID":null,"codTEP":null,"WSName":"DB","rangeAddress":"$CR$95:$CR$132","headAddress":"$CR$95","bodyAddress":"$CR$96:$CR$132","_name":"код"},"основное":{"_level":2,"parentID":"16b410c4-53e6-4c62-80b7-dab080254e72","firstParentID":"3a9c59ce-9585-4a9f-8230-8cd50adf2f5c","ID":"102aa1f2-78a2-4b72-b34a-fd7cdf10aa7f","childs":null,"emcosID":null,"emcosMLID":null,"codTEP":null,"WSName":"DB","rangeAddress":"$CS$95:$CS$132","headAddress":"$CS$95","bodyAddress":"$CS$96:$CS$132","_name":"основное"},"корректировка факт":{"_level":2,"parentID":"16b410c4-53e6-4c62-80b7-dab080254e72","firstParentID":"3a9c59ce-9585-4a9f-8230-8cd50adf2f5c","ID":"020e8b11-c16b-4942-aedb-3bb7d1daf0ff","childs":null,"emcosID":null,"emcosMLID":null,"codTEP":null,"WSName":"DB","rangeAddress":"$CT$95:$CT$132","headAddress":"$CT$95","bodyAddress":"$CT$96:$CT$132","_name":"корректировка факт"},"ручное":{"_level":2,"parentID":"16b410c4-53e6-4c62-80b7-dab080254e72","firstParentID":"3a9c59ce-9585-4a9f-8230-8cd50adf2f5c","ID":"f784c079-2f8d-401d-8521-d2a15cf0852e","childs":null,"emcosID":null,"emcosMLID":null,"codTEP":null,"WSName":"DB","rangeAddress":"$CU$95:$CU$132","headAddress":"$CU$95","bodyAddress":"$CU$96:$CU$132","_name":"ручное"}},"emcosID":null,"emcosMLID":null,"codTEP":null,"WSName":"DB","rangeAddress":"$CR$94:$CU$132","headAddress":"$CR$94:$CU$94","bodyAddress":"$CR$95:$CU$132","_name":"прием"},"отдача":{"_level":1,"parentID":"08d16000-99e3-4266-a5f2-02c99dca6652","firstParentID":"3a9c59ce-9585-4a9f-8230-8cd50adf2f5c","ID":"b648a0b2-0b04-4776-a51b-05985e31a593","childs":{"код":{"_level":2,"parentID":"b648a0b2-0b04-4776-a51b-05985e31a593","firstParentID":"3a9c59ce-9585-4a9f-8230-8cd50adf2f5c","ID":"b65d2316-21b4-40c0-8840-9669be58ba17","childs":null,"emcosID":null,"emcosMLID":null,"codTEP":null,"WSName":"DB","rangeAddress":"$CV$95:$CV$132","headAddress":"$CV$95","bodyAddress":"$CV$96:$CV$132","_name":"код"},"основное":{"_level":2,"parentID":"b648a0b2-0b04-4776-a51b-05985e31a593","firstParentID":"3a9c59ce-9585-4a9f-8230-8cd50adf2f5c","ID":"57a43f6e-73d4-42e8-9665-edc9112006c3","childs":null,"emcosID":null,"emcosMLID":null,"codTEP":null,"WSName":"DB","rangeAddress":"$CW$95:$CW$132","headAddress":"$CW$95","bodyAddress":"$CW$96:$CW$132","_name":"основное"},"корректировка факт":{"_level":2,"parentID":"b648a0b2-0b04-4776-a51b-05985e31a593","firstParentID":"3a9c59ce-9585-4a9f-8230-8cd50adf2f5c","ID":"cf7573c8-ed78-4014-9931-40056b9eb038","childs":null,"emcosID":null,"emcosMLID":null,"codTEP":null,"WSName":"DB","rangeAddress":"$CX$95:$CX$132","headAddress":"$CX$95","bodyAddress":"$CX$96:$CX$132","_name":"корректировка факт"},"ручное":{"_level":2,"parentID":"b648a0b2-0b04-4776-a51b-05985e31a593","firstParentID":"3a9c59ce-9585-4a9f-8230-8cd50adf2f5c","ID":"43f3a6ee-2239-4e6f-a6fd-b4211cd962a8","childs":null,"emcosID":null,"emcosMLID":null,"codTEP":null,"WSName":"DB","rangeAddress":"$CY$95:$CY$132","headAddress":"$CY$95","bodyAddress":"$CY$96:$CY$132","_name":"ручное"}},"emcosID":null,"emcosMLID":null,"codTEP":null,"WSName":"DB","rangeAddress":"$CV$94:$CY$132","headAddress":"$CV$94:$CY$94","bodyAddress":"$CV$95:$CY$132","_name":"отдача"}},"emcosID":null,"emcosMLID":null,"codTEP":null,"WSName":"DB","rangeAddress":"$CR$93:$CY$132","headAddress":"$CR$93:$CY$93","bodyAddress":"$CR$94:$CY$132","_name":"Л2193 Главная"}},"codPlan":null,"meterCoef":null,"_name":"Л2193 Главная"}