{"ID":"3b422cec-7256-4ddc-bc75-4d04c3a969d3","childs":{"PS":{"_level":0,"parentID":"3b422cec-7256-4ddc-bc75-4d04c3a969d3","firstParentID":"3b422cec-7256-4ddc-bc75-4d04c3a969d3","ID":"7b99b5ae-8b6a-4159-94c4-bc922e486282","childs":{"прием":{"_level":1,"parentID":"7b99b5ae-8b6a-4159-94c4-bc922e486282","firstParentID":"3b422cec-7256-4ddc-bc75-4d04c3a969d3","ID":"ec0b10d3-4ef4-4d32-af9a-4d26290bf0f2","childs":{"ручное":{"_level":2,"parentID":"ec0b10d3-4ef4-4d32-af9a-4d26290bf0f2","firstParentID":"3b422cec-7256-4ddc-bc75-4d04c3a969d3","ID":"219fd133-ae59-4664-8c8d-d4c7a17bd0fd","childs":null,"emcosID":null,"emcosMLID":null,"WSName":"PS","rangeAddress":"$D$142:$D$178","headAddress":"$D$142","bodyAddress":"$D$143:$D$178","_name":"ручное"}},"emcosID":null,"emcosMLID":null,"WSName":"PS","rangeAddress":"$D$141:$D$178","headAddress":"$D$141","bodyAddress":"$D$142:$D$178","_name":"прием"},"отдача":{"_level":1,"parentID":"7b99b5ae-8b6a-4159-94c4-bc922e486282","firstParentID":"3b422cec-7256-4ddc-bc75-4d04c3a969d3","ID":"264c9d52-fffd-490e-aa39-284d6b42c65f","childs":{"ручное":{"_level":2,"parentID":"264c9d52-fffd-490e-aa39-284d6b42c65f","firstParentID":"3b422cec-7256-4ddc-bc75-4d04c3a969d3","ID":"1e6d8acf-ae62-478c-a904-82077ca6b6eb","childs":null,"emcosID":null,"emcosMLID":null,"WSName":"PS","rangeAddress":"$E$142:$E$178","headAddress":"$E$142","bodyAddress":"$E$143:$E$178","_name":"ручное"}},"emcosID":null,"emcosMLID":null,"WSName":"PS","rangeAddress":"$E$141:$E$178","headAddress":"$E$141","bodyAddress":"$E$142:$E$178","_name":"отдача"}},"emcosID":null,"emcosMLID":null,"WSName":"PS","rangeAddress":"$D$140:$E$178","headAddress":"$D$140:$E$140","bodyAddress":"$D$141:$E$178","_name":"Л21А Жилпоселок"},"DB":{"_level":0,"parentID":"3b422cec-7256-4ddc-bc75-4d04c3a969d3","firstParentID":"3b422cec-7256-4ddc-bc75-4d04c3a969d3","ID":"ea149365-6d16-45a2-be58-0eabc5958de7","childs":{"прием":{"_level":1,"parentID":"ea149365-6d16-45a2-be58-0eabc5958de7","firstParentID":"3b422cec-7256-4ddc-bc75-4d04c3a969d3","ID":"c7517951-14bb-4a29-b2ad-33fd62e19095","childs":{"код":{"_level":2,"parentID":"c7517951-14bb-4a29-b2ad-33fd62e19095","firstParentID":"3b422cec-7256-4ddc-bc75-4d04c3a969d3","ID":"475024c5-f22c-47a0-b5fb-b9a27d8304a9","childs":null,"emcosID":null,"emcosMLID":null,"WSName":"DB","rangeAddress":"$CM$52:$CM$89","headAddress":"$CM$52","bodyAddress":"$CM$53:$CM$89","_name":"код"},"основное":{"_level":2,"parentID":"c7517951-14bb-4a29-b2ad-33fd62e19095","firstParentID":"3b422cec-7256-4ddc-bc75-4d04c3a969d3","ID":"9f5cadb5-c1df-4a2e-b61d-8af696a6cded","childs":null,"emcosID":null,"emcosMLID":null,"WSName":"DB","rangeAddress":"$CN$52:$CN$89","headAddress":"$CN$52","bodyAddress":"$CN$53:$CN$89","_name":"основное"},"корректировка факт":{"_level":2,"parentID":"c7517951-14bb-4a29-b2ad-33fd62e19095","firstParentID":"3b422cec-7256-4ddc-bc75-4d04c3a969d3","ID":"e65e7a69-2ccc-4ffb-90cb-3e0332403a0d","childs":null,"emcosID":null,"emcosMLID":null,"WSName":"DB","rangeAddress":"$CO$52:$CO$89","headAddress":"$CO$52","bodyAddress":"$CO$53:$CO$89","_name":"корректировка факт"},"ручное":{"_level":2,"parentID":"c7517951-14bb-4a29-b2ad-33fd62e19095","firstParentID":"3b422cec-7256-4ddc-bc75-4d04c3a969d3","ID":"fbc55b78-b06e-40f3-be31-1fbaf78e67cf","childs":null,"emcosID":null,"emcosMLID":null,"WSName":"DB","rangeAddress":"$CP$52:$CP$89","headAddress":"$CP$52","bodyAddress":"$CP$53:$CP$89","_name":"ручное"}},"emcosID":null,"emcosMLID":null,"WSName":"DB","rangeAddress":"$CM$51:$CP$89","headAddress":"$CM$51:$CP$51","bodyAddress":"$CM$52:$CP$89","_name":"прием"},"отдача":{"_level":1,"parentID":"ea149365-6d16-45a2-be58-0eabc5958de7","firstParentID":"3b422cec-7256-4ddc-bc75-4d04c3a969d3","ID":"92460855-ab79-4c70-bee2-ba47d45bb8a6","childs":{"код":{"_level":2,"parentID":"92460855-ab79-4c70-bee2-ba47d45bb8a6","firstParentID":"3b422cec-7256-4ddc-bc75-4d04c3a969d3","ID":"cb59cf46-3e98-49cc-b965-10cb8155ba4c","childs":null,"emcosID":null,"emcosMLID":null,"WSName":"DB","rangeAddress":"$CQ$52:$CQ$89","headAddress":"$CQ$52","bodyAddress":"$CQ$53:$CQ$89","_name":"код"},"основное":{"_level":2,"parentID":"92460855-ab79-4c70-bee2-ba47d45bb8a6","firstParentID":"3b422cec-7256-4ddc-bc75-4d04c3a969d3","ID":"dafbdfc6-9583-47d0-8f6f-0a45510ffa19","childs":null,"emcosID":null,"emcosMLID":null,"WSName":"DB","rangeAddress":"$CR$52:$CR$89","headAddress":"$CR$52","bodyAddress":"$CR$53:$CR$89","_name":"основное"},"корректировка факт":{"_level":2,"parentID":"92460855-ab79-4c70-bee2-ba47d45bb8a6","firstParentID":"3b422cec-7256-4ddc-bc75-4d04c3a969d3","ID":"99e3f534-13ff-4358-93e6-6f766ad23485","childs":null,"emcosID":null,"emcosMLID":null,"WSName":"DB","rangeAddress":"$CS$52:$CS$89","headAddress":"$CS$52","bodyAddress":"$CS$53:$CS$89","_name":"корректировка факт"},"ручное":{"_level":2,"parentID":"92460855-ab79-4c70-bee2-ba47d45bb8a6","firstParentID":"3b422cec-7256-4ddc-bc75-4d04c3a969d3","ID":"98474bed-424d-47d6-91f3-18741a2ee5da","childs":null,"emcosID":null,"emcosMLID":null,"WSName":"DB","rangeAddress":"$CT$52:$CT$89","headAddress":"$CT$52","bodyAddress":"$CT$53:$CT$89","_name":"ручное"}},"emcosID":null,"emcosMLID":null,"WSName":"DB","rangeAddress":"$CQ$51:$CT$89","headAddress":"$CQ$51:$CT$51","bodyAddress":"$CQ$52:$CT$89","_name":"отдача"}},"emcosID":null,"emcosMLID":null,"WSName":"DB","rangeAddress":"$CM$50:$CT$89","headAddress":"$CM$50:$CT$50","bodyAddress":"$CM$51:$CT$89","_name":"Л21А Жилпоселок"}},"codPlan":null,"meterCoef":null,"_name":"Л21А Жилпоселок"}