{"ID":"3faa9c7f-5674-488e-91b9-4d23a011ad31","childs":{"PS":{"_level":0,"parentID":"3faa9c7f-5674-488e-91b9-4d23a011ad31","firstParentID":"3faa9c7f-5674-488e-91b9-4d23a011ad31","ID":"bb3d1199-6ff0-40a7-b886-a2fd350922af","childs":{"отдача":{"_level":1,"parentID":"bb3d1199-6ff0-40a7-b886-a2fd350922af","firstParentID":"3faa9c7f-5674-488e-91b9-4d23a011ad31","ID":"95148afd-67d6-4b46-abfb-4bd9a50fd675","childs":{"ручное":{"_level":2,"parentID":"95148afd-67d6-4b46-abfb-4bd9a50fd675","firstParentID":"3faa9c7f-5674-488e-91b9-4d23a011ad31","ID":"eda812c0-d86a-41ef-b967-8e713c16eb3c","childs":null,"emcosID":null,"emcosMLID":null,"codTEP":null,"WSName":"PS","rangeAddress":"$X$228:$X$264","headAddress":"$X$228","bodyAddress":"$X$229:$X$264","_name":"ручное"}},"emcosID":null,"emcosMLID":null,"codTEP":null,"WSName":"PS","rangeAddress":"$X$227:$X$264","headAddress":"$X$227","bodyAddress":"$X$228:$X$264","_name":"отдача"}},"emcosID":null,"emcosMLID":null,"codTEP":null,"WSName":"PS","rangeAddress":"$X$226:$X$264","headAddress":"$X$226","bodyAddress":"$X$227:$X$264","_name":"Отпуск в сеть Текелиский ТЭЦ2 ТТЭЦ2"},"DB":{"_level":0,"parentID":"3faa9c7f-5674-488e-91b9-4d23a011ad31","firstParentID":"3faa9c7f-5674-488e-91b9-4d23a011ad31","ID":"5edb59c5-0c98-4fad-91f7-16b1bb8196b2","childs":{"отдача":{"_level":1,"parentID":"5edb59c5-0c98-4fad-91f7-16b1bb8196b2","firstParentID":"3faa9c7f-5674-488e-91b9-4d23a011ad31","ID":"79eb45b6-d70f-46ca-956e-c592da64ad8a","childs":{"код":{"_level":2,"parentID":"79eb45b6-d70f-46ca-956e-c592da64ad8a","firstParentID":"3faa9c7f-5674-488e-91b9-4d23a011ad31","ID":"406700d1-774f-4d64-9f4c-a951023b9827","childs":null,"emcosID":null,"emcosMLID":null,"codTEP":null,"WSName":"DB","rangeAddress":"$K$181:$K$218","headAddress":"$K$181","bodyAddress":"$K$182:$K$218","_name":"код"},"основное":{"_level":2,"parentID":"79eb45b6-d70f-46ca-956e-c592da64ad8a","firstParentID":"3faa9c7f-5674-488e-91b9-4d23a011ad31","ID":"af791ecd-9889-4497-be2d-c0a424bdd093","childs":null,"emcosID":null,"emcosMLID":null,"codTEP":null,"WSName":"DB","rangeAddress":"$L$181:$L$218","headAddress":"$L$181","bodyAddress":"$L$182:$L$218","_name":"основное"},"корректировка факт":{"_level":2,"parentID":"79eb45b6-d70f-46ca-956e-c592da64ad8a","firstParentID":"3faa9c7f-5674-488e-91b9-4d23a011ad31","ID":"3e70a6fb-a0b5-4431-823d-6eec525553ba","childs":null,"emcosID":null,"emcosMLID":null,"codTEP":null,"WSName":"DB","rangeAddress":"$M$181:$M$218","headAddress":"$M$181","bodyAddress":"$M$182:$M$218","_name":"корректировка факт"},"ручное":{"_level":2,"parentID":"79eb45b6-d70f-46ca-956e-c592da64ad8a","firstParentID":"3faa9c7f-5674-488e-91b9-4d23a011ad31","ID":"1562a2ae-1f70-4a42-bbdc-d358b42fb38b","childs":null,"emcosID":null,"emcosMLID":null,"codTEP":null,"WSName":"DB","rangeAddress":"$N$181:$N$218","headAddress":"$N$181","bodyAddress":"$N$182:$N$218","_name":"ручное"}},"emcosID":null,"emcosMLID":null,"codTEP":null,"WSName":"DB","rangeAddress":"$K$180:$N$218","headAddress":"$K$180:$N$180","bodyAddress":"$K$181:$N$218","_name":"отдача"}},"emcosID":null,"emcosMLID":null,"codTEP":null,"WSName":"DB","rangeAddress":"$K$179:$N$218","headAddress":"$K$179:$N$179","bodyAddress":"$K$180:$N$218","_name":"Отпуск в сеть Текелиский ТЭЦ2 ТТЭЦ2"}},"codPlan":null,"meterCoef":null,"_name":"Отпуск в сеть Текелиский ТЭЦ2 ТТЭЦ2"}