{"ID":"4672f91b-0e33-4eb4-a42c-3e876a49fbd2","childs":{"PS":{"_level":0,"parentID":"4672f91b-0e33-4eb4-a42c-3e876a49fbd2","firstParentID":"4672f91b-0e33-4eb4-a42c-3e876a49fbd2","ID":"08607ee1-93d8-4ca7-bc9d-a03c2a43d804","childs":{"прием":{"_level":1,"parentID":"08607ee1-93d8-4ca7-bc9d-a03c2a43d804","firstParentID":"4672f91b-0e33-4eb4-a42c-3e876a49fbd2","ID":"b9c7c3b1-d790-41d4-833e-4b2f724e8e0b","childs":{"ручное":{"_level":2,"parentID":"b9c7c3b1-d790-41d4-833e-4b2f724e8e0b","firstParentID":"4672f91b-0e33-4eb4-a42c-3e876a49fbd2","ID":"9303c031-631e-482e-ac13-a609bc3eaa89","childs":null,"emcosID":null,"emcosMLID":null,"codMaketTEP":null,"codTEP":null,"WSName":"PS","rangeAddress":"$HN$99:$HN$135","headAddress":"$HN$99","bodyAddress":"$HN$100:$HN$135","_name":"ручное"}},"emcosID":null,"emcosMLID":null,"codMaketTEP":null,"codTEP":null,"WSName":"PS","rangeAddress":"$HN$98:$HN$135","headAddress":"$HN$98","bodyAddress":"$HN$99:$HN$135","_name":"прием"},"отдача":{"_level":1,"parentID":"08607ee1-93d8-4ca7-bc9d-a03c2a43d804","firstParentID":"4672f91b-0e33-4eb4-a42c-3e876a49fbd2","ID":"90355ac1-eae7-43df-87ff-deb9f8773a8e","childs":{"ручное":{"_level":2,"parentID":"90355ac1-eae7-43df-87ff-deb9f8773a8e","firstParentID":"4672f91b-0e33-4eb4-a42c-3e876a49fbd2","ID":"a4894017-0163-4a89-a48d-e05a8e1a30bb","childs":null,"emcosID":null,"emcosMLID":null,"codMaketTEP":null,"codTEP":null,"WSName":"PS","rangeAddress":"$HO$99:$HO$135","headAddress":"$HO$99","bodyAddress":"$HO$100:$HO$135","_name":"ручное"}},"emcosID":null,"emcosMLID":null,"codMaketTEP":null,"codTEP":null,"WSName":"PS","rangeAddress":"$HO$98:$HO$135","headAddress":"$HO$98","bodyAddress":"$HO$99:$HO$135","_name":"отдача"}},"emcosID":null,"emcosMLID":null,"codMaketTEP":null,"codTEP":null,"WSName":"PS","rangeAddress":"$HN$97:$HO$135","headAddress":"$HN$97:$HO$97","bodyAddress":"$HN$98:$HO$135","_name":"ТП2 Кияхты тяга"},"DB":{"_level":0,"parentID":"4672f91b-0e33-4eb4-a42c-3e876a49fbd2","firstParentID":"4672f91b-0e33-4eb4-a42c-3e876a49fbd2","ID":"13ab0ed5-4971-4018-bb46-60eef818541a","childs":{"прием":{"_level":1,"parentID":"13ab0ed5-4971-4018-bb46-60eef818541a","firstParentID":"4672f91b-0e33-4eb4-a42c-3e876a49fbd2","ID":"d0f72ad5-ecc5-47e6-b63c-8b7c11dc5c2e","childs":{"код":{"_level":2,"parentID":"d0f72ad5-ecc5-47e6-b63c-8b7c11dc5c2e","firstParentID":"4672f91b-0e33-4eb4-a42c-3e876a49fbd2","ID":"70719e24-4b42-4b74-a8be-a580da910d97","childs":null,"emcosID":null,"emcosMLID":null,"codMaketTEP":null,"codTEP":null,"WSName":"DB","rangeAddress":"$AO$353:$AO$390","headAddress":"$AO$353","bodyAddress":"$AO$354:$AO$390","_name":"код"},"основное":{"_level":2,"parentID":"d0f72ad5-ecc5-47e6-b63c-8b7c11dc5c2e","firstParentID":"4672f91b-0e33-4eb4-a42c-3e876a49fbd2","ID":"b687c818-6659-4405-ad14-334e8bf8754a","childs":null,"emcosID":null,"emcosMLID":null,"codMaketTEP":null,"codTEP":null,"WSName":"DB","rangeAddress":"$AP$353:$AP$390","headAddress":"$AP$353","bodyAddress":"$AP$354:$AP$390","_name":"основное"},"корректировка факт":{"_level":2,"parentID":"d0f72ad5-ecc5-47e6-b63c-8b7c11dc5c2e","firstParentID":"4672f91b-0e33-4eb4-a42c-3e876a49fbd2","ID":"fa706ec3-beda-48c1-b307-d27e825ce657","childs":null,"emcosID":null,"emcosMLID":null,"codMaketTEP":null,"codTEP":null,"WSName":"DB","rangeAddress":"$AQ$353:$AQ$390","headAddress":"$AQ$353","bodyAddress":"$AQ$354:$AQ$390","_name":"корректировка факт"},"ручное":{"_level":2,"parentID":"d0f72ad5-ecc5-47e6-b63c-8b7c11dc5c2e","firstParentID":"4672f91b-0e33-4eb4-a42c-3e876a49fbd2","ID":"29c92ce2-a252-4243-91c7-a48c327a79de","childs":null,"emcosID":null,"emcosMLID":null,"codMaketTEP":null,"codTEP":null,"WSName":"DB","rangeAddress":"$AR$353:$AR$390","headAddress":"$AR$353","bodyAddress":"$AR$354:$AR$390","_name":"ручное"}},"emcosID":null,"emcosMLID":null,"codMaketTEP":null,"codTEP":null,"WSName":"DB","rangeAddress":"$AO$352:$AR$390","headAddress":"$AO$352:$AR$352","bodyAddress":"$AO$353:$AR$390","_name":"прием"},"отдача":{"_level":1,"parentID":"13ab0ed5-4971-4018-bb46-60eef818541a","firstParentID":"4672f91b-0e33-4eb4-a42c-3e876a49fbd2","ID":"9fe76c86-3b40-4e60-8d86-710177e0d895","childs":{"код":{"_level":2,"parentID":"9fe76c86-3b40-4e60-8d86-710177e0d895","firstParentID":"4672f91b-0e33-4eb4-a42c-3e876a49fbd2","ID":"30622c33-0062-42c1-982b-122f77e6c783","childs":null,"emcosID":null,"emcosMLID":null,"codMaketTEP":null,"codTEP":null,"WSName":"DB","rangeAddress":"$AS$353:$AS$390","headAddress":"$AS$353","bodyAddress":"$AS$354:$AS$390","_name":"код"},"основное":{"_level":2,"parentID":"9fe76c86-3b40-4e60-8d86-710177e0d895","firstParentID":"4672f91b-0e33-4eb4-a42c-3e876a49fbd2","ID":"4eb0f445-cf63-4964-9616-004ae32e2465","childs":null,"emcosID":null,"emcosMLID":null,"codMaketTEP":null,"codTEP":null,"WSName":"DB","rangeAddress":"$AT$353:$AT$390","headAddress":"$AT$353","bodyAddress":"$AT$354:$AT$390","_name":"основное"},"корректировка факт":{"_level":2,"parentID":"9fe76c86-3b40-4e60-8d86-710177e0d895","firstParentID":"4672f91b-0e33-4eb4-a42c-3e876a49fbd2","ID":"9c9e7c09-3293-4b66-8d29-48284c609f55","childs":null,"emcosID":null,"emcosMLID":null,"codMaketTEP":null,"codTEP":null,"WSName":"DB","rangeAddress":"$AU$353:$AU$390","headAddress":"$AU$353","bodyAddress":"$AU$354:$AU$390","_name":"корректировка факт"},"ручное":{"_level":2,"parentID":"9fe76c86-3b40-4e60-8d86-710177e0d895","firstParentID":"4672f91b-0e33-4eb4-a42c-3e876a49fbd2","ID":"1f344acc-4e78-4171-ac46-714b110a5634","childs":null,"emcosID":null,"emcosMLID":null,"codMaketTEP":null,"codTEP":null,"WSName":"DB","rangeAddress":"$AV$353:$AV$390","headAddress":"$AV$353","bodyAddress":"$AV$354:$AV$390","_name":"ручное"}},"emcosID":null,"emcosMLID":null,"codMaketTEP":null,"codTEP":null,"WSName":"DB","rangeAddress":"$AS$352:$AV$390","headAddress":"$AS$352:$AV$352","bodyAddress":"$AS$353:$AV$390","_name":"отдача"}},"emcosID":null,"emcosMLID":null,"codMaketTEP":null,"codTEP":null,"WSName":"DB","rangeAddress":"$AO$351:$AV$390","headAddress":"$AO$351:$AV$351","bodyAddress":"$AO$352:$AV$390","_name":"ТП2 Кияхты тяга"}},"codPlan":null,"meterCoef":null,"_name":"ТП2 Кияхты тяга"}