{"ID":"47aff4a9-5552-4c4c-93c1-fa904cf06e2c","childs":{"PS":{"_level":0,"parentID":"47aff4a9-5552-4c4c-93c1-fa904cf06e2c","firstParentID":"47aff4a9-5552-4c4c-93c1-fa904cf06e2c","ID":"5ad4976b-1fa2-4235-b19f-59bda970ec86","childs":{"прием":{"_level":1,"parentID":"5ad4976b-1fa2-4235-b19f-59bda970ec86","firstParentID":"47aff4a9-5552-4c4c-93c1-fa904cf06e2c","ID":"02881f09-3e72-4771-9eac-12d41170ffac","childs":{"по счетчику":{"_level":2,"parentID":"02881f09-3e72-4771-9eac-12d41170ffac","firstParentID":"47aff4a9-5552-4c4c-93c1-fa904cf06e2c","ID":"6a14ff8d-4a60-4ab1-b67f-a4e9006b50a4","childs":null,"emcosID":null,"emcosMLID":null,"WSName":"PS","rangeAddress":"$W$56:$W$92","headAddress":"$W$56","bodyAddress":"$W$57:$W$92","_name":"по счетчику"}},"emcosID":null,"emcosMLID":null,"WSName":"PS","rangeAddress":"$W$55:$W$92","headAddress":"$W$55","bodyAddress":"$W$56:$W$92","_name":"прием"},"отдача":{"_level":1,"parentID":"5ad4976b-1fa2-4235-b19f-59bda970ec86","firstParentID":"47aff4a9-5552-4c4c-93c1-fa904cf06e2c","ID":"13fd6728-55dc-44d0-8f6f-d9845635b21b","childs":{"по счетчику":{"_level":2,"parentID":"13fd6728-55dc-44d0-8f6f-d9845635b21b","firstParentID":"47aff4a9-5552-4c4c-93c1-fa904cf06e2c","ID":"c733c39e-059b-462c-be6e-24238d325163","childs":null,"emcosID":null,"emcosMLID":null,"WSName":"PS","rangeAddress":"$X$56:$X$92","headAddress":"$X$56","bodyAddress":"$X$57:$X$92","_name":"по счетчику"}},"emcosID":null,"emcosMLID":null,"WSName":"PS","rangeAddress":"$X$55:$X$92","headAddress":"$X$55","bodyAddress":"$X$56:$X$92","_name":"отдача"}},"emcosID":null,"emcosMLID":null,"WSName":"PS","rangeAddress":"$W$54:$X$92","headAddress":"$W$54:$X$54","bodyAddress":"$W$55:$X$92","_name":"Л2213 ЮКГРЭС"},"DB":{"_level":0,"parentID":"47aff4a9-5552-4c4c-93c1-fa904cf06e2c","firstParentID":"47aff4a9-5552-4c4c-93c1-fa904cf06e2c","ID":"aa437f3d-cec2-4d88-b2af-27b3530d38c5","childs":{"прием":{"_level":1,"parentID":"aa437f3d-cec2-4d88-b2af-27b3530d38c5","firstParentID":"47aff4a9-5552-4c4c-93c1-fa904cf06e2c","ID":"a23cb8f6-c01f-4d50-a003-3e8cbd278a2b","childs":{"код":{"_level":2,"parentID":"a23cb8f6-c01f-4d50-a003-3e8cbd278a2b","firstParentID":"47aff4a9-5552-4c4c-93c1-fa904cf06e2c","ID":"fc919c6f-edcd-464d-b84d-88d519cfead2","childs":null,"emcosID":null,"emcosMLID":null,"WSName":"DB","rangeAddress":"$IZ$9:$IZ$46","headAddress":"$IZ$9","bodyAddress":"$IZ$10:$IZ$46","_name":"код"},"основное":{"_level":2,"parentID":"a23cb8f6-c01f-4d50-a003-3e8cbd278a2b","firstParentID":"47aff4a9-5552-4c4c-93c1-fa904cf06e2c","ID":"6be1fb03-a39e-4344-b560-18f35907e89a","childs":null,"emcosID":null,"emcosMLID":null,"WSName":"DB","rangeAddress":"$JA$9:$JA$46","headAddress":"$JA$9","bodyAddress":"$JA$10:$JA$46","_name":"основное"},"корректировка факт":{"_level":2,"parentID":"a23cb8f6-c01f-4d50-a003-3e8cbd278a2b","firstParentID":"47aff4a9-5552-4c4c-93c1-fa904cf06e2c","ID":"ba9a984d-d734-43bf-9906-8a769cde47d3","childs":null,"emcosID":null,"emcosMLID":null,"WSName":"DB","rangeAddress":"$JB$9:$JB$46","headAddress":"$JB$9","bodyAddress":"$JB$10:$JB$46","_name":"корректировка факт"},"ручное":{"_level":2,"parentID":"a23cb8f6-c01f-4d50-a003-3e8cbd278a2b","firstParentID":"47aff4a9-5552-4c4c-93c1-fa904cf06e2c","ID":"d6f47d1c-efb0-4258-a268-832e09e62568","childs":null,"emcosID":null,"emcosMLID":null,"WSName":"DB","rangeAddress":"$JC$9:$JC$46","headAddress":"$JC$9","bodyAddress":"$JC$10:$JC$46","_name":"ручное"},"счетчик":{"_level":2,"parentID":"a23cb8f6-c01f-4d50-a003-3e8cbd278a2b","firstParentID":"47aff4a9-5552-4c4c-93c1-fa904cf06e2c","ID":"185dab34-a66b-4c80-a491-bb21570925f6","childs":null,"emcosID":null,"emcosMLID":null,"WSName":"DB","rangeAddress":"$JD$9:$JD$46","headAddress":"$JD$9","bodyAddress":"$JD$10:$JD$46","_name":"счетчик"},"по счетчику":{"_level":2,"parentID":"a23cb8f6-c01f-4d50-a003-3e8cbd278a2b","firstParentID":"47aff4a9-5552-4c4c-93c1-fa904cf06e2c","ID":"fcdd732f-b134-4829-98b5-5af630d0f441","childs":null,"emcosID":null,"emcosMLID":null,"WSName":"DB","rangeAddress":"$JE$9:$JE$46","headAddress":"$JE$9","bodyAddress":"$JE$10:$JE$46","_name":"по счетчику"}},"emcosID":null,"emcosMLID":null,"WSName":"DB","rangeAddress":"$IZ$8:$JE$46","headAddress":"$IZ$8:$JE$8","bodyAddress":"$IZ$9:$JE$46","_name":"прием"},"отдача":{"_level":1,"parentID":"aa437f3d-cec2-4d88-b2af-27b3530d38c5","firstParentID":"47aff4a9-5552-4c4c-93c1-fa904cf06e2c","ID":"3c37b515-5a69-47d1-8273-cfc212ec5761","childs":{"код":{"_level":2,"parentID":"3c37b515-5a69-47d1-8273-cfc212ec5761","firstParentID":"47aff4a9-5552-4c4c-93c1-fa904cf06e2c","ID":"fed8ddb6-eeb1-442d-aa1c-b6fdc155aff0","childs":null,"emcosID":null,"emcosMLID":null,"WSName":"DB","rangeAddress":"$JF$9:$JF$46","headAddress":"$JF$9","bodyAddress":"$JF$10:$JF$46","_name":"код"},"основное":{"_level":2,"parentID":"3c37b515-5a69-47d1-8273-cfc212ec5761","firstParentID":"47aff4a9-5552-4c4c-93c1-fa904cf06e2c","ID":"e2f88572-92a3-4b4c-8f7f-be39f25f8d73","childs":null,"emcosID":null,"emcosMLID":null,"WSName":"DB","rangeAddress":"$JG$9:$JG$46","headAddress":"$JG$9","bodyAddress":"$JG$10:$JG$46","_name":"основное"},"корректировка факт":{"_level":2,"parentID":"3c37b515-5a69-47d1-8273-cfc212ec5761","firstParentID":"47aff4a9-5552-4c4c-93c1-fa904cf06e2c","ID":"3687df45-b9ad-4d5f-a8fc-56e66ce6abe5","childs":null,"emcosID":null,"emcosMLID":null,"WSName":"DB","rangeAddress":"$JH$9:$JH$46","headAddress":"$JH$9","bodyAddress":"$JH$10:$JH$46","_name":"корректировка факт"},"ручное":{"_level":2,"parentID":"3c37b515-5a69-47d1-8273-cfc212ec5761","firstParentID":"47aff4a9-5552-4c4c-93c1-fa904cf06e2c","ID":"c5ecccc3-7b75-4cfa-b7a0-f8deefe5dfc0","childs":null,"emcosID":null,"emcosMLID":null,"WSName":"DB","rangeAddress":"$JI$9:$JI$46","headAddress":"$JI$9","bodyAddress":"$JI$10:$JI$46","_name":"ручное"},"счетчик":{"_level":2,"parentID":"3c37b515-5a69-47d1-8273-cfc212ec5761","firstParentID":"47aff4a9-5552-4c4c-93c1-fa904cf06e2c","ID":"c1d3d3d5-c952-447e-b7a5-c3200122b61d","childs":null,"emcosID":null,"emcosMLID":null,"WSName":"DB","rangeAddress":"$JJ$9:$JJ$46","headAddress":"$JJ$9","bodyAddress":"$JJ$10:$JJ$46","_name":"счетчик"},"по счетчику":{"_level":2,"parentID":"3c37b515-5a69-47d1-8273-cfc212ec5761","firstParentID":"47aff4a9-5552-4c4c-93c1-fa904cf06e2c","ID":"c9d81f8b-2b23-437b-ba0e-d377ede22fd8","childs":null,"emcosID":null,"emcosMLID":null,"WSName":"DB","rangeAddress":"$JK$9:$JK$46","headAddress":"$JK$9","bodyAddress":"$JK$10:$JK$46","_name":"по счетчику"}},"emcosID":null,"emcosMLID":null,"WSName":"DB","rangeAddress":"$JF$8:$JK$46","headAddress":"$JF$8:$JK$8","bodyAddress":"$JF$9:$JK$46","_name":"отдача"}},"emcosID":null,"emcosMLID":null,"WSName":"DB","rangeAddress":"$IZ$7:$JK$46","headAddress":"$IZ$7:$JK$7","bodyAddress":"$IZ$8:$JK$46","_name":"Л2213 ЮКГРЭС"}},"codPlan":null,"meterCoef":null,"_name":"Л2213 ЮКГРЭС"}