{"ID":"49769763-d85b-47c6-b3c1-2118f82ec1b3","childs":{"PS":{"_level":0,"parentID":"49769763-d85b-47c6-b3c1-2118f82ec1b3","firstParentID":"49769763-d85b-47c6-b3c1-2118f82ec1b3","ID":"4ab541e4-5cf8-44d0-b7af-6350c001d781","childs":{"сальдо":{"_level":1,"parentID":"4ab541e4-5cf8-44d0-b7af-6350c001d781","firstParentID":"49769763-d85b-47c6-b3c1-2118f82ec1b3","ID":"b59b5714-50fd-492c-9861-c8c6f8e026ef","childs":{"формула":{"_level":2,"parentID":"b59b5714-50fd-492c-9861-c8c6f8e026ef","firstParentID":"49769763-d85b-47c6-b3c1-2118f82ec1b3","ID":"2bece72e-d500-4bd1-bae6-637f7e151c7e","childs":null,"emcosID":null,"emcosMLID":null,"codTEP":null,"WSName":"PS","rangeAddress":"$K$13:$K$49","headAddress":"$K$13","bodyAddress":"$K$14:$K$49","_name":"формула"}},"emcosID":null,"emcosMLID":null,"codTEP":null,"WSName":"PS","rangeAddress":"$K$12:$K$49","headAddress":"$K$12","bodyAddress":"$K$13:$K$49","_name":"сальдо"}},"emcosID":null,"emcosMLID":null,"codTEP":null,"WSName":"PS","rangeAddress":"$K$11:$K$49","headAddress":"$K$11","bodyAddress":"$K$12:$K$49","_name":"Сальдо Киргизстан Общее"},"DB":{"_level":0,"parentID":"49769763-d85b-47c6-b3c1-2118f82ec1b3","firstParentID":"49769763-d85b-47c6-b3c1-2118f82ec1b3","ID":"b0aebfae-1043-47dc-b71c-4bc4ccb6fb30","childs":{"сальдо":{"_level":1,"parentID":"b0aebfae-1043-47dc-b71c-4bc4ccb6fb30","firstParentID":"49769763-d85b-47c6-b3c1-2118f82ec1b3","ID":"1ceeb216-f3f7-4a08-ad1e-a8f2e326b319","childs":{"код":{"_level":2,"parentID":"1ceeb216-f3f7-4a08-ad1e-a8f2e326b319","firstParentID":"49769763-d85b-47c6-b3c1-2118f82ec1b3","ID":"12417ab4-3c53-4bdf-a3fa-d79a7a360e1a","childs":null,"emcosID":null,"emcosMLID":null,"codTEP":null,"WSName":"DB","rangeAddress":"$EA$138:$EA$175","headAddress":"$EA$138","bodyAddress":"$EA$139:$EA$175","_name":"код"},"основное":{"_level":2,"parentID":"1ceeb216-f3f7-4a08-ad1e-a8f2e326b319","firstParentID":"49769763-d85b-47c6-b3c1-2118f82ec1b3","ID":"63f60af5-c5bb-45b2-be2b-a80107e7ec70","childs":null,"emcosID":null,"emcosMLID":null,"codTEP":null,"WSName":"DB","rangeAddress":"$EB$138:$EB$175","headAddress":"$EB$138","bodyAddress":"$EB$139:$EB$175","_name":"основное"},"корректировка факт":{"_level":2,"parentID":"1ceeb216-f3f7-4a08-ad1e-a8f2e326b319","firstParentID":"49769763-d85b-47c6-b3c1-2118f82ec1b3","ID":"b892e3eb-5491-4d3d-b298-e61739fe63fc","childs":null,"emcosID":null,"emcosMLID":null,"codTEP":null,"WSName":"DB","rangeAddress":"$EC$138:$EC$175","headAddress":"$EC$138","bodyAddress":"$EC$139:$EC$175","_name":"корректировка факт"},"ручное":{"_level":2,"parentID":"1ceeb216-f3f7-4a08-ad1e-a8f2e326b319","firstParentID":"49769763-d85b-47c6-b3c1-2118f82ec1b3","ID":"77f837b7-7309-4fbc-8b50-b69a3dc6872a","childs":null,"emcosID":null,"emcosMLID":null,"codTEP":null,"WSName":"DB","rangeAddress":"$ED$138:$ED$175","headAddress":"$ED$138","bodyAddress":"$ED$139:$ED$175","_name":"ручное"},"формула":{"_level":2,"parentID":"1ceeb216-f3f7-4a08-ad1e-a8f2e326b319","firstParentID":"49769763-d85b-47c6-b3c1-2118f82ec1b3","ID":"c2b3e121-e55e-4376-8b32-4ee7cb907c33","childs":null,"emcosID":null,"emcosMLID":null,"codTEP":null,"WSName":"DB","rangeAddress":"$EE$138:$EE$175","headAddress":"$EE$138","bodyAddress":"$EE$139:$EE$175","_name":"формула"}},"emcosID":null,"emcosMLID":null,"codTEP":null,"WSName":"DB","rangeAddress":"$EA$137:$EE$175","headAddress":"$EA$137:$EE$137","bodyAddress":"$EA$138:$EE$175","_name":"сальдо"}},"emcosID":null,"emcosMLID":null,"codTEP":null,"WSName":"DB","rangeAddress":"$EA$136:$EE$175","headAddress":"$EA$136:$EE$136","bodyAddress":"$EA$137:$EE$175","_name":"Сальдо Киргизстан Общее"}},"codPlan":null,"meterCoef":null,"_name":"Сальдо Киргизстан Общее"}