{"ID":"54764423-131c-4e05-bbf9-791ba77373f5","childs":{"PS":{"_level":0,"parentID":"54764423-131c-4e05-bbf9-791ba77373f5","firstParentID":"54764423-131c-4e05-bbf9-791ba77373f5","ID":"c2cb25ce-132a-46b1-898a-107935670cce","childs":{"отдача":{"_level":1,"parentID":"c2cb25ce-132a-46b1-898a-107935670cce","firstParentID":"54764423-131c-4e05-bbf9-791ba77373f5","ID":"eea50e1e-006e-4bd9-8590-7e798c989e2c","childs":{"ручное":{"_level":2,"parentID":"eea50e1e-006e-4bd9-8590-7e798c989e2c","firstParentID":"54764423-131c-4e05-bbf9-791ba77373f5","ID":"10b2bd1c-69d6-46fb-a396-1dc2158646b3","childs":null,"emcosID":null,"emcosMLID":null,"codTEP":null,"WSName":"PS","rangeAddress":"$AF$228:$AF$264","headAddress":"$AF$228","bodyAddress":"$AF$229:$AF$264","_name":"ручное"}},"emcosID":null,"emcosMLID":null,"codTEP":null,"WSName":"PS","rangeAddress":"$AF$227:$AF$264","headAddress":"$AF$227","bodyAddress":"$AF$228:$AF$264","_name":"отдача"}},"emcosID":null,"emcosMLID":null,"codTEP":null,"WSName":"PS","rangeAddress":"$AF$226:$AF$264","headAddress":"$AF$226","bodyAddress":"$AF$227:$AF$264","_name":"Генерация Коринская ГЭС"},"DB":{"_level":0,"parentID":"54764423-131c-4e05-bbf9-791ba77373f5","firstParentID":"54764423-131c-4e05-bbf9-791ba77373f5","ID":"c944b4bb-497c-442c-bc8a-dc97b525323a","childs":{"отдача":{"_level":1,"parentID":"c944b4bb-497c-442c-bc8a-dc97b525323a","firstParentID":"54764423-131c-4e05-bbf9-791ba77373f5","ID":"1e3b893c-263f-4baf-9967-b5538d06515b","childs":{"код":{"_level":2,"parentID":"1e3b893c-263f-4baf-9967-b5538d06515b","firstParentID":"54764423-131c-4e05-bbf9-791ba77373f5","ID":"b7a8d8c8-da24-4cdb-8d4b-3e7f5218a10f","childs":null,"emcosID":null,"emcosMLID":null,"codTEP":null,"WSName":"DB","rangeAddress":"$EK$310:$EK$347","headAddress":"$EK$310","bodyAddress":"$EK$311:$EK$347","_name":"код"},"основное":{"_level":2,"parentID":"1e3b893c-263f-4baf-9967-b5538d06515b","firstParentID":"54764423-131c-4e05-bbf9-791ba77373f5","ID":"ee325595-f426-4f53-bab0-4f71f1f01c6b","childs":null,"emcosID":null,"emcosMLID":null,"codTEP":null,"WSName":"DB","rangeAddress":"$EL$310:$EL$347","headAddress":"$EL$310","bodyAddress":"$EL$311:$EL$347","_name":"основное"},"корректировка факт":{"_level":2,"parentID":"1e3b893c-263f-4baf-9967-b5538d06515b","firstParentID":"54764423-131c-4e05-bbf9-791ba77373f5","ID":"2a41da83-122d-46e3-af6c-aff80c33e045","childs":null,"emcosID":null,"emcosMLID":null,"codTEP":null,"WSName":"DB","rangeAddress":"$EM$310:$EM$347","headAddress":"$EM$310","bodyAddress":"$EM$311:$EM$347","_name":"корректировка факт"},"ручное":{"_level":2,"parentID":"1e3b893c-263f-4baf-9967-b5538d06515b","firstParentID":"54764423-131c-4e05-bbf9-791ba77373f5","ID":"83290921-b980-4fd4-b751-de38c0ac894f","childs":null,"emcosID":null,"emcosMLID":null,"codTEP":null,"WSName":"DB","rangeAddress":"$EN$310:$EN$347","headAddress":"$EN$310","bodyAddress":"$EN$311:$EN$347","_name":"ручное"}},"emcosID":null,"emcosMLID":null,"codTEP":null,"WSName":"DB","rangeAddress":"$EK$309:$EN$347","headAddress":"$EK$309:$EN$309","bodyAddress":"$EK$310:$EN$347","_name":"отдача"}},"emcosID":null,"emcosMLID":null,"codTEP":null,"WSName":"DB","rangeAddress":"$EK$308:$EN$347","headAddress":"$EK$308:$EN$308","bodyAddress":"$EK$309:$EN$347","_name":"Генерация Коринская ГЭС"}},"codPlan":null,"meterCoef":null,"_name":"Генерация Коринская ГЭС"}