{"ID":"585d09d9-7d2e-4479-8b93-d71e52a70d75","childs":{"PS":{"_level":0,"parentID":"585d09d9-7d2e-4479-8b93-d71e52a70d75","firstParentID":"585d09d9-7d2e-4479-8b93-d71e52a70d75","ID":"00d3aafe-94e5-4483-ae7b-1a9423c3187a","childs":{"прием":{"_level":1,"parentID":"00d3aafe-94e5-4483-ae7b-1a9423c3187a","firstParentID":"585d09d9-7d2e-4479-8b93-d71e52a70d75","ID":"c469c55f-0d5f-4f85-9235-476a5b412470","childs":{"по счетчику":{"_level":2,"parentID":"c469c55f-0d5f-4f85-9235-476a5b412470","firstParentID":"585d09d9-7d2e-4479-8b93-d71e52a70d75","ID":"3399ee40-d2f7-4560-9c1c-dfab77226fab","childs":null,"emcosID":null,"emcosMLID":null,"WSName":"PS","rangeAddress":"$DQ$56:$DQ$92","headAddress":"$DQ$56","bodyAddress":"$DQ$57:$DQ$92","_name":"по счетчику"}},"emcosID":null,"emcosMLID":null,"WSName":"PS","rangeAddress":"$DQ$55:$DQ$92","headAddress":"$DQ$55","bodyAddress":"$DQ$56:$DQ$92","_name":"прием"},"отдача":{"_level":1,"parentID":"00d3aafe-94e5-4483-ae7b-1a9423c3187a","firstParentID":"585d09d9-7d2e-4479-8b93-d71e52a70d75","ID":"c3ff056f-40f6-4627-a858-0287e91be42e","childs":{"по счетчику":{"_level":2,"parentID":"c3ff056f-40f6-4627-a858-0287e91be42e","firstParentID":"585d09d9-7d2e-4479-8b93-d71e52a70d75","ID":"c0d96bc8-9600-4f1c-94b4-7152726fdf88","childs":null,"emcosID":null,"emcosMLID":null,"WSName":"PS","rangeAddress":"$DR$56:$DR$92","headAddress":"$DR$56","bodyAddress":"$DR$57:$DR$92","_name":"по счетчику"}},"emcosID":null,"emcosMLID":null,"WSName":"PS","rangeAddress":"$DR$55:$DR$92","headAddress":"$DR$55","bodyAddress":"$DR$56:$DR$92","_name":"отдача"}},"emcosID":null,"emcosMLID":null,"WSName":"PS","rangeAddress":"$DQ$54:$DR$92","headAddress":"$DQ$54:$DR$54","bodyAddress":"$DQ$55:$DR$92","_name":"Л2433 Алма"},"DB":{"_level":0,"parentID":"585d09d9-7d2e-4479-8b93-d71e52a70d75","firstParentID":"585d09d9-7d2e-4479-8b93-d71e52a70d75","ID":"780f8017-903b-4c91-b738-1c08e3ca35e8","childs":{"прием":{"_level":1,"parentID":"780f8017-903b-4c91-b738-1c08e3ca35e8","firstParentID":"585d09d9-7d2e-4479-8b93-d71e52a70d75","ID":"bebe0940-2b05-488c-9ab7-e8ddd236ac0f","childs":{"код":{"_level":2,"parentID":"bebe0940-2b05-488c-9ab7-e8ddd236ac0f","firstParentID":"585d09d9-7d2e-4479-8b93-d71e52a70d75","ID":"5f6ebf36-44b5-4555-9851-e68a1b4547c9","childs":null,"emcosID":null,"emcosMLID":null,"WSName":"DB","rangeAddress":"$FI$52:$FI$89","headAddress":"$FI$52","bodyAddress":"$FI$53:$FI$89","_name":"код"},"основное":{"_level":2,"parentID":"bebe0940-2b05-488c-9ab7-e8ddd236ac0f","firstParentID":"585d09d9-7d2e-4479-8b93-d71e52a70d75","ID":"9632d420-6fd2-4b40-bdd2-df4b1fe15c38","childs":null,"emcosID":null,"emcosMLID":null,"WSName":"DB","rangeAddress":"$FJ$52:$FJ$89","headAddress":"$FJ$52","bodyAddress":"$FJ$53:$FJ$89","_name":"основное"},"корректировка факт":{"_level":2,"parentID":"bebe0940-2b05-488c-9ab7-e8ddd236ac0f","firstParentID":"585d09d9-7d2e-4479-8b93-d71e52a70d75","ID":"bc64b047-d530-4d93-9735-2f48abeae326","childs":null,"emcosID":null,"emcosMLID":null,"WSName":"DB","rangeAddress":"$FK$52:$FK$89","headAddress":"$FK$52","bodyAddress":"$FK$53:$FK$89","_name":"корректировка факт"},"ручное":{"_level":2,"parentID":"bebe0940-2b05-488c-9ab7-e8ddd236ac0f","firstParentID":"585d09d9-7d2e-4479-8b93-d71e52a70d75","ID":"24faf550-65fc-44b0-b294-10ce0fa725eb","childs":null,"emcosID":null,"emcosMLID":null,"WSName":"DB","rangeAddress":"$FL$52:$FL$89","headAddress":"$FL$52","bodyAddress":"$FL$53:$FL$89","_name":"ручное"},"счетчик":{"_level":2,"parentID":"bebe0940-2b05-488c-9ab7-e8ddd236ac0f","firstParentID":"585d09d9-7d2e-4479-8b93-d71e52a70d75","ID":"13374d1c-b53c-428a-bc4e-a73fa14ddd66","childs":null,"emcosID":null,"emcosMLID":null,"WSName":"DB","rangeAddress":"$FM$52:$FM$89","headAddress":"$FM$52","bodyAddress":"$FM$53:$FM$89","_name":"счетчик"},"по счетчику":{"_level":2,"parentID":"bebe0940-2b05-488c-9ab7-e8ddd236ac0f","firstParentID":"585d09d9-7d2e-4479-8b93-d71e52a70d75","ID":"be179852-369e-4d40-8e95-b8423690761a","childs":null,"emcosID":null,"emcosMLID":null,"WSName":"DB","rangeAddress":"$FN$52:$FN$89","headAddress":"$FN$52","bodyAddress":"$FN$53:$FN$89","_name":"по счетчику"}},"emcosID":null,"emcosMLID":null,"WSName":"DB","rangeAddress":"$FI$51:$FN$89","headAddress":"$FI$51:$FN$51","bodyAddress":"$FI$52:$FN$89","_name":"прием"},"отдача":{"_level":1,"parentID":"780f8017-903b-4c91-b738-1c08e3ca35e8","firstParentID":"585d09d9-7d2e-4479-8b93-d71e52a70d75","ID":"70290981-5115-4f17-a0d3-2295ee40860e","childs":{"код":{"_level":2,"parentID":"70290981-5115-4f17-a0d3-2295ee40860e","firstParentID":"585d09d9-7d2e-4479-8b93-d71e52a70d75","ID":"39334e05-ac3e-468e-91e0-ee222a0d6e1f","childs":null,"emcosID":null,"emcosMLID":null,"WSName":"DB","rangeAddress":"$FO$52:$FO$89","headAddress":"$FO$52","bodyAddress":"$FO$53:$FO$89","_name":"код"},"основное":{"_level":2,"parentID":"70290981-5115-4f17-a0d3-2295ee40860e","firstParentID":"585d09d9-7d2e-4479-8b93-d71e52a70d75","ID":"46408927-a585-43b9-b556-e2979a244003","childs":null,"emcosID":null,"emcosMLID":null,"WSName":"DB","rangeAddress":"$FP$52:$FP$89","headAddress":"$FP$52","bodyAddress":"$FP$53:$FP$89","_name":"основное"},"корректировка факт":{"_level":2,"parentID":"70290981-5115-4f17-a0d3-2295ee40860e","firstParentID":"585d09d9-7d2e-4479-8b93-d71e52a70d75","ID":"d3866169-3a69-485c-a227-22a0c5ef40e5","childs":null,"emcosID":null,"emcosMLID":null,"WSName":"DB","rangeAddress":"$FQ$52:$FQ$89","headAddress":"$FQ$52","bodyAddress":"$FQ$53:$FQ$89","_name":"корректировка факт"},"ручное":{"_level":2,"parentID":"70290981-5115-4f17-a0d3-2295ee40860e","firstParentID":"585d09d9-7d2e-4479-8b93-d71e52a70d75","ID":"9377b8c5-69e2-434f-be5e-ecd6715842fb","childs":null,"emcosID":null,"emcosMLID":null,"WSName":"DB","rangeAddress":"$FR$52:$FR$89","headAddress":"$FR$52","bodyAddress":"$FR$53:$FR$89","_name":"ручное"},"счетчик":{"_level":2,"parentID":"70290981-5115-4f17-a0d3-2295ee40860e","firstParentID":"585d09d9-7d2e-4479-8b93-d71e52a70d75","ID":"d5f83f3e-3de8-4fa3-ba3a-19686c0215c7","childs":null,"emcosID":null,"emcosMLID":null,"WSName":"DB","rangeAddress":"$FS$52:$FS$89","headAddress":"$FS$52","bodyAddress":"$FS$53:$FS$89","_name":"счетчик"},"по счетчику":{"_level":2,"parentID":"70290981-5115-4f17-a0d3-2295ee40860e","firstParentID":"585d09d9-7d2e-4479-8b93-d71e52a70d75","ID":"86f2095b-7873-4652-aace-b55bb365424f","childs":null,"emcosID":null,"emcosMLID":null,"WSName":"DB","rangeAddress":"$FT$52:$FT$89","headAddress":"$FT$52","bodyAddress":"$FT$53:$FT$89","_name":"по счетчику"}},"emcosID":null,"emcosMLID":null,"WSName":"DB","rangeAddress":"$FO$51:$FT$89","headAddress":"$FO$51:$FT$51","bodyAddress":"$FO$52:$FT$89","_name":"отдача"}},"emcosID":null,"emcosMLID":null,"WSName":"DB","rangeAddress":"$FI$50:$FT$89","headAddress":"$FI$50:$FT$50","bodyAddress":"$FI$51:$FT$89","_name":"Л2433 Алма"}},"codPlan":null,"meterCoef":null,"_name":"Л2433 Алма"}