{"ID":"5e7d4090-85cd-4e74-b6a8-d73cdbcdebeb","childs":{"PS":{"_level":0,"parentID":"5e7d4090-85cd-4e74-b6a8-d73cdbcdebeb","firstParentID":"5e7d4090-85cd-4e74-b6a8-d73cdbcdebeb","ID":"7203353d-2a39-494f-a32b-bc4fab14caff","childs":{"прием":{"_level":1,"parentID":"7203353d-2a39-494f-a32b-bc4fab14caff","firstParentID":"5e7d4090-85cd-4e74-b6a8-d73cdbcdebeb","ID":"bc5e1ccb-296b-4a3d-b6e0-7b1a4ca80c32","childs":{"оперативное":{"_level":2,"parentID":"bc5e1ccb-296b-4a3d-b6e0-7b1a4ca80c32","firstParentID":"5e7d4090-85cd-4e74-b6a8-d73cdbcdebeb","ID":"e6afa252-6a90-4865-888b-8b53607baaaf","childs":null,"emcosID":null,"emcosMLID":null,"codTEP":null,"WSName":"PS","rangeAddress":"$DL$99:$DL$135","headAddress":"$DL$99","bodyAddress":"$DL$100:$DL$135","_name":"оперативное"}},"emcosID":null,"emcosMLID":null,"codTEP":null,"WSName":"PS","rangeAddress":"$DL$98:$DL$135","headAddress":"$DL$98","bodyAddress":"$DL$99:$DL$135","_name":"прием"},"отдача":{"_level":1,"parentID":"7203353d-2a39-494f-a32b-bc4fab14caff","firstParentID":"5e7d4090-85cd-4e74-b6a8-d73cdbcdebeb","ID":"bed1ec84-0087-4da4-b5fb-7b30cb880fee","childs":{"оперативное":{"_level":2,"parentID":"bed1ec84-0087-4da4-b5fb-7b30cb880fee","firstParentID":"5e7d4090-85cd-4e74-b6a8-d73cdbcdebeb","ID":"316ca734-050f-4d43-9782-6888277519bf","childs":null,"emcosID":null,"emcosMLID":null,"codTEP":null,"WSName":"PS","rangeAddress":"$DM$99:$DM$135","headAddress":"$DM$99","bodyAddress":"$DM$100:$DM$135","_name":"оперативное"}},"emcosID":null,"emcosMLID":null,"codTEP":null,"WSName":"PS","rangeAddress":"$DM$98:$DM$135","headAddress":"$DM$98","bodyAddress":"$DM$99:$DM$135","_name":"отдача"}},"emcosID":null,"emcosMLID":null,"codTEP":null,"WSName":"PS","rangeAddress":"$DL$97:$DM$135","headAddress":"$DL$97:$DM$97","bodyAddress":"$DL$98:$DM$135","_name":"АТ1 Западная 140А"},"DB":{"_level":0,"parentID":"5e7d4090-85cd-4e74-b6a8-d73cdbcdebeb","firstParentID":"5e7d4090-85cd-4e74-b6a8-d73cdbcdebeb","ID":"2d77597a-6976-4c8a-8cab-6731513542cc","childs":{"прием":{"_level":1,"parentID":"2d77597a-6976-4c8a-8cab-6731513542cc","firstParentID":"5e7d4090-85cd-4e74-b6a8-d73cdbcdebeb","ID":"97cdebfc-2ef7-4266-9ced-136dd3631efc","childs":{"код":{"_level":2,"parentID":"97cdebfc-2ef7-4266-9ced-136dd3631efc","firstParentID":"5e7d4090-85cd-4e74-b6a8-d73cdbcdebeb","ID":"649c69bc-e6a3-4981-bdb4-62189d7bb747","childs":null,"emcosID":null,"emcosMLID":null,"codTEP":null,"WSName":"DB","rangeAddress":"$FB$95:$FB$132","headAddress":"$FB$95","bodyAddress":"$FB$96:$FB$132","_name":"код"},"основное":{"_level":2,"parentID":"97cdebfc-2ef7-4266-9ced-136dd3631efc","firstParentID":"5e7d4090-85cd-4e74-b6a8-d73cdbcdebeb","ID":"cfc78dc2-199b-4954-85b8-32a33330c5fa","childs":null,"emcosID":null,"emcosMLID":null,"codTEP":null,"WSName":"DB","rangeAddress":"$FC$95:$FC$132","headAddress":"$FC$95","bodyAddress":"$FC$96:$FC$132","_name":"основное"},"корректировка факт":{"_level":2,"parentID":"97cdebfc-2ef7-4266-9ced-136dd3631efc","firstParentID":"5e7d4090-85cd-4e74-b6a8-d73cdbcdebeb","ID":"428f8332-6074-4deb-b48a-784303c2929e","childs":null,"emcosID":null,"emcosMLID":null,"codTEP":null,"WSName":"DB","rangeAddress":"$FD$95:$FD$132","headAddress":"$FD$95","bodyAddress":"$FD$96:$FD$132","_name":"корректировка факт"},"ручное":{"_level":2,"parentID":"97cdebfc-2ef7-4266-9ced-136dd3631efc","firstParentID":"5e7d4090-85cd-4e74-b6a8-d73cdbcdebeb","ID":"4f9a24bb-286c-47fb-aafb-b05de52682a6","childs":null,"emcosID":null,"emcosMLID":null,"codTEP":null,"WSName":"DB","rangeAddress":"$FE$95:$FE$132","headAddress":"$FE$95","bodyAddress":"$FE$96:$FE$132","_name":"ручное"},"оперативное":{"_level":2,"parentID":"97cdebfc-2ef7-4266-9ced-136dd3631efc","firstParentID":"5e7d4090-85cd-4e74-b6a8-d73cdbcdebeb","ID":"2616ce9e-c9db-4e4f-b63f-5d4be609b3da","childs":null,"emcosID":null,"emcosMLID":null,"codTEP":null,"WSName":"DB","rangeAddress":"$FF$95:$FF$132","headAddress":"$FF$95","bodyAddress":"$FF$96:$FF$132","_name":"оперативное"}},"emcosID":null,"emcosMLID":null,"codTEP":null,"WSName":"DB","rangeAddress":"$FB$94:$FF$132","headAddress":"$FB$94:$FF$94","bodyAddress":"$FB$95:$FF$132","_name":"прием"},"отдача":{"_level":1,"parentID":"2d77597a-6976-4c8a-8cab-6731513542cc","firstParentID":"5e7d4090-85cd-4e74-b6a8-d73cdbcdebeb","ID":"a85352d5-8f2c-4d49-91b2-5c8975e10768","childs":{"код":{"_level":2,"parentID":"a85352d5-8f2c-4d49-91b2-5c8975e10768","firstParentID":"5e7d4090-85cd-4e74-b6a8-d73cdbcdebeb","ID":"3138bc69-3291-4c41-8495-b7ac65c8a4ed","childs":null,"emcosID":null,"emcosMLID":null,"codTEP":null,"WSName":"DB","rangeAddress":"$FG$95:$FG$132","headAddress":"$FG$95","bodyAddress":"$FG$96:$FG$132","_name":"код"},"основное":{"_level":2,"parentID":"a85352d5-8f2c-4d49-91b2-5c8975e10768","firstParentID":"5e7d4090-85cd-4e74-b6a8-d73cdbcdebeb","ID":"5fce97c3-5097-4ede-b8f2-d8fe88743027","childs":null,"emcosID":null,"emcosMLID":null,"codTEP":null,"WSName":"DB","rangeAddress":"$FH$95:$FH$132","headAddress":"$FH$95","bodyAddress":"$FH$96:$FH$132","_name":"основное"},"корректировка факт":{"_level":2,"parentID":"a85352d5-8f2c-4d49-91b2-5c8975e10768","firstParentID":"5e7d4090-85cd-4e74-b6a8-d73cdbcdebeb","ID":"060b0947-cf80-48a0-a6ce-cde99d9dae0d","childs":null,"emcosID":null,"emcosMLID":null,"codTEP":null,"WSName":"DB","rangeAddress":"$FI$95:$FI$132","headAddress":"$FI$95","bodyAddress":"$FI$96:$FI$132","_name":"корректировка факт"},"ручное":{"_level":2,"parentID":"a85352d5-8f2c-4d49-91b2-5c8975e10768","firstParentID":"5e7d4090-85cd-4e74-b6a8-d73cdbcdebeb","ID":"e5a69ec2-0763-49a6-b90f-85cf8cbe36a3","childs":null,"emcosID":null,"emcosMLID":null,"codTEP":null,"WSName":"DB","rangeAddress":"$FJ$95:$FJ$132","headAddress":"$FJ$95","bodyAddress":"$FJ$96:$FJ$132","_name":"ручное"},"оперативное":{"_level":2,"parentID":"a85352d5-8f2c-4d49-91b2-5c8975e10768","firstParentID":"5e7d4090-85cd-4e74-b6a8-d73cdbcdebeb","ID":"53b0848a-2fc1-4ebb-8a1c-8c005c37c9f2","childs":null,"emcosID":null,"emcosMLID":null,"codTEP":null,"WSName":"DB","rangeAddress":"$FK$95:$FK$132","headAddress":"$FK$95","bodyAddress":"$FK$96:$FK$132","_name":"оперативное"}},"emcosID":null,"emcosMLID":null,"codTEP":null,"WSName":"DB","rangeAddress":"$FG$94:$FK$132","headAddress":"$FG$94:$FK$94","bodyAddress":"$FG$95:$FK$132","_name":"отдача"}},"emcosID":null,"emcosMLID":null,"codTEP":null,"WSName":"DB","rangeAddress":"$FB$93:$FK$132","headAddress":"$FB$93:$FK$93","bodyAddress":"$FB$94:$FK$132","_name":"АТ1 Западная 140А"}},"codPlan":null,"meterCoef":null,"_name":"АТ1 Западная 140А"}