{"ID":"62397c69-cfc3-4f48-94d0-cf43916551b1","childs":{"PS":{"_level":0,"parentID":"62397c69-cfc3-4f48-94d0-cf43916551b1","firstParentID":"62397c69-cfc3-4f48-94d0-cf43916551b1","ID":"fddd9ba6-c733-40dc-b6ab-dd8d2c799a6c","childs":{"сальдо":{"_level":1,"parentID":"fddd9ba6-c733-40dc-b6ab-dd8d2c799a6c","firstParentID":"62397c69-cfc3-4f48-94d0-cf43916551b1","ID":"cad106c0-576f-4767-9123-382c8f024756","childs":{"формула":{"_level":2,"parentID":"cad106c0-576f-4767-9123-382c8f024756","firstParentID":"62397c69-cfc3-4f48-94d0-cf43916551b1","ID":"94da5627-22c7-407e-ab5d-633cd123ef49","childs":null,"emcosID":null,"emcosMLID":null,"codTEP":null,"WSName":"PS","rangeAddress":"$F$13:$F$49","headAddress":"$F$13","bodyAddress":"$F$14:$F$49","_name":"формула"}},"emcosID":null,"emcosMLID":null,"codTEP":null,"WSName":"PS","rangeAddress":"$F$12:$F$49","headAddress":"$F$12","bodyAddress":"$F$13:$F$49","_name":"сальдо"},"план":{"_level":1,"parentID":"fddd9ba6-c733-40dc-b6ab-dd8d2c799a6c","firstParentID":"62397c69-cfc3-4f48-94d0-cf43916551b1","ID":"e036094d-c0de-470e-b451-79de94f530cb","childs":{"заявка":{"_level":2,"parentID":"e036094d-c0de-470e-b451-79de94f530cb","firstParentID":"62397c69-cfc3-4f48-94d0-cf43916551b1","ID":"c6faf3b5-1fe0-434e-9333-2e1ae86c9def","childs":null,"emcosID":null,"emcosMLID":null,"codTEP":null,"WSName":"PS","rangeAddress":"$G$13:$G$49","headAddress":"$G$13","bodyAddress":"$G$14:$G$49","_name":"заявка"}},"emcosID":null,"emcosMLID":null,"codTEP":null,"WSName":"PS","rangeAddress":"$G$12:$G$49","headAddress":"$G$12","bodyAddress":"$G$13:$G$49","_name":"план"}},"emcosID":null,"emcosMLID":null,"codTEP":null,"WSName":"PS","rangeAddress":"$F$11:$G$49","headAddress":"$F$11:$G$11","bodyAddress":"$F$12:$G$49","_name":"Сальдо Алматы + Жетысу"},"DB":{"_level":0,"parentID":"62397c69-cfc3-4f48-94d0-cf43916551b1","firstParentID":"62397c69-cfc3-4f48-94d0-cf43916551b1","ID":"e13c146f-8f92-4ad0-a4a3-f5840848e435","childs":{"сальдо":{"_level":1,"parentID":"e13c146f-8f92-4ad0-a4a3-f5840848e435","firstParentID":"62397c69-cfc3-4f48-94d0-cf43916551b1","ID":"7077e043-1ff2-4758-bc5d-744e5fb311fb","childs":{"код":{"_level":2,"parentID":"7077e043-1ff2-4758-bc5d-744e5fb311fb","firstParentID":"62397c69-cfc3-4f48-94d0-cf43916551b1","ID":"5c10b6bb-1b63-4c87-8164-3b29fdd904bf","childs":null,"emcosID":null,"emcosMLID":null,"codTEP":null,"WSName":"DB","rangeAddress":"$DA$138:$DA$175","headAddress":"$DA$138","bodyAddress":"$DA$139:$DA$175","_name":"код"},"основное":{"_level":2,"parentID":"7077e043-1ff2-4758-bc5d-744e5fb311fb","firstParentID":"62397c69-cfc3-4f48-94d0-cf43916551b1","ID":"d4664ea7-5d21-4b5a-bcba-0a060777d390","childs":null,"emcosID":null,"emcosMLID":null,"codTEP":null,"WSName":"DB","rangeAddress":"$DB$138:$DB$175","headAddress":"$DB$138","bodyAddress":"$DB$139:$DB$175","_name":"основное"},"корректировка факт":{"_level":2,"parentID":"7077e043-1ff2-4758-bc5d-744e5fb311fb","firstParentID":"62397c69-cfc3-4f48-94d0-cf43916551b1","ID":"0bdcf3dc-a784-401a-9de7-273665b21af7","childs":null,"emcosID":null,"emcosMLID":null,"codTEP":null,"WSName":"DB","rangeAddress":"$DC$138:$DC$175","headAddress":"$DC$138","bodyAddress":"$DC$139:$DC$175","_name":"корректировка факт"},"ручное":{"_level":2,"parentID":"7077e043-1ff2-4758-bc5d-744e5fb311fb","firstParentID":"62397c69-cfc3-4f48-94d0-cf43916551b1","ID":"ddc229b8-591a-400b-9ca7-20b1a982157d","childs":null,"emcosID":null,"emcosMLID":null,"codTEP":null,"WSName":"DB","rangeAddress":"$DD$138:$DD$175","headAddress":"$DD$138","bodyAddress":"$DD$139:$DD$175","_name":"ручное"},"формула":{"_level":2,"parentID":"7077e043-1ff2-4758-bc5d-744e5fb311fb","firstParentID":"62397c69-cfc3-4f48-94d0-cf43916551b1","ID":"df136a6b-8537-4dd0-9712-8724f140184e","childs":null,"emcosID":null,"emcosMLID":null,"codTEP":null,"WSName":"DB","rangeAddress":"$DE$138:$DE$175","headAddress":"$DE$138","bodyAddress":"$DE$139:$DE$175","_name":"формула"},"по плану":{"_level":2,"parentID":"7077e043-1ff2-4758-bc5d-744e5fb311fb","firstParentID":"62397c69-cfc3-4f48-94d0-cf43916551b1","ID":"9317d6cd-57d7-452d-b15d-0b4448121d59","childs":null,"emcosID":null,"emcosMLID":null,"codTEP":null,"WSName":"DB","rangeAddress":"$DF$138:$DF$175","headAddress":"$DF$138","bodyAddress":"$DF$139:$DF$175","_name":"по плану"}},"emcosID":null,"emcosMLID":null,"codTEP":null,"WSName":"DB","rangeAddress":"$DA$137:$DF$175","headAddress":"$DA$137:$DF$137","bodyAddress":"$DA$138:$DF$175","_name":"сальдо"},"план":{"_level":1,"parentID":"e13c146f-8f92-4ad0-a4a3-f5840848e435","firstParentID":"62397c69-cfc3-4f48-94d0-cf43916551b1","ID":"fec51096-feef-4ad4-b1c7-ca06e1b4780a","childs":{"код":{"_level":2,"parentID":"fec51096-feef-4ad4-b1c7-ca06e1b4780a","firstParentID":"62397c69-cfc3-4f48-94d0-cf43916551b1","ID":"b9dee19a-1f51-4955-bc9a-f0dd1ff981c0","childs":null,"emcosID":null,"emcosMLID":null,"codTEP":null,"WSName":"DB","rangeAddress":"$DG$138:$DG$175","headAddress":"$DG$138","bodyAddress":"$DG$139:$DG$175","_name":"код"},"основное":{"_level":2,"parentID":"fec51096-feef-4ad4-b1c7-ca06e1b4780a","firstParentID":"62397c69-cfc3-4f48-94d0-cf43916551b1","ID":"7949e885-9a63-4244-a545-400dea24bc21","childs":null,"emcosID":null,"emcosMLID":null,"codTEP":null,"WSName":"DB","rangeAddress":"$DH$138:$DH$175","headAddress":"$DH$138","bodyAddress":"$DH$139:$DH$175","_name":"основное"},"заявка":{"_level":2,"parentID":"fec51096-feef-4ad4-b1c7-ca06e1b4780a","firstParentID":"62397c69-cfc3-4f48-94d0-cf43916551b1","ID":"deed7f8d-176d-42b5-b253-4d241408960f","childs":null,"emcosID":null,"emcosMLID":null,"codTEP":null,"WSName":"DB","rangeAddress":"$DI$138:$DI$175","headAddress":"$DI$138","bodyAddress":"$DI$139:$DI$175","_name":"заявка"},"утвержденный":{"_level":2,"parentID":"fec51096-feef-4ad4-b1c7-ca06e1b4780a","firstParentID":"62397c69-cfc3-4f48-94d0-cf43916551b1","ID":"8213f925-d43f-41aa-a415-694e030c8557","childs":null,"emcosID":null,"emcosMLID":null,"codTEP":null,"WSName":"DB","rangeAddress":"$DJ$138:$DJ$175","headAddress":"$DJ$138","bodyAddress":"$DJ$139:$DJ$175","_name":"утвержденный"},"корректировка":{"_level":2,"parentID":"fec51096-feef-4ad4-b1c7-ca06e1b4780a","firstParentID":"62397c69-cfc3-4f48-94d0-cf43916551b1","ID":"f5ab271a-ee3b-404b-a0eb-117678fd43b2","childs":null,"emcosID":null,"emcosMLID":null,"codTEP":null,"WSName":"DB","rangeAddress":"$DK$138:$DK$175","headAddress":"$DK$138","bodyAddress":"$DK$139:$DK$175","_name":"корректировка"}},"emcosID":null,"emcosMLID":null,"codTEP":null,"WSName":"DB","rangeAddress":"$DG$137:$DK$175","headAddress":"$DG$137:$DK$137","bodyAddress":"$DG$138:$DK$175","_name":"план"}},"emcosID":null,"emcosMLID":null,"codTEP":null,"WSName":"DB","rangeAddress":"$DA$136:$DK$175","headAddress":"$DA$136:$DK$136","bodyAddress":"$DA$137:$DK$175","_name":"Сальдо Алматы + Жетысу"}},"codPlan":10,"meterCoef":null,"_name":"Сальдо Алматы + Жетысу"}