{"ID":"62a1dc55-9912-42de-8097-a5c7a962f3b2","childs":{"PS":{"_level":0,"parentID":"62a1dc55-9912-42de-8097-a5c7a962f3b2","firstParentID":"62a1dc55-9912-42de-8097-a5c7a962f3b2","ID":"52e8e0b7-79a4-4c57-bd8c-3374c6a4c64d","childs":{"прием":{"_level":1,"parentID":"52e8e0b7-79a4-4c57-bd8c-3374c6a4c64d","firstParentID":"62a1dc55-9912-42de-8097-a5c7a962f3b2","ID":"09891d0a-fbaf-473a-8ae0-a5dd03d3caeb","childs":{"по счетчику":{"_level":2,"parentID":"09891d0a-fbaf-473a-8ae0-a5dd03d3caeb","firstParentID":"62a1dc55-9912-42de-8097-a5c7a962f3b2","ID":"fb716aca-31ed-4bef-b27b-5293b223e369","childs":null,"emcosID":null,"emcosMLID":null,"codTEP":null,"WSName":"PS","rangeAddress":"$Y$99:$Y$135","headAddress":"$Y$99","bodyAddress":"$Y$100:$Y$135","_name":"по счетчику"}},"emcosID":null,"emcosMLID":null,"codTEP":null,"WSName":"PS","rangeAddress":"$Y$98:$Y$135","headAddress":"$Y$98","bodyAddress":"$Y$99:$Y$135","_name":"прием"},"отдача":{"_level":1,"parentID":"52e8e0b7-79a4-4c57-bd8c-3374c6a4c64d","firstParentID":"62a1dc55-9912-42de-8097-a5c7a962f3b2","ID":"b13416ae-082b-4e83-8b49-47bcc2887876","childs":{"по счетчику":{"_level":2,"parentID":"b13416ae-082b-4e83-8b49-47bcc2887876","firstParentID":"62a1dc55-9912-42de-8097-a5c7a962f3b2","ID":"2598f8cd-32f4-4094-ae34-bc17c76d9ad7","childs":null,"emcosID":null,"emcosMLID":null,"codTEP":null,"WSName":"PS","rangeAddress":"$Z$99:$Z$135","headAddress":"$Z$99","bodyAddress":"$Z$100:$Z$135","_name":"по счетчику"}},"emcosID":null,"emcosMLID":null,"codTEP":null,"WSName":"PS","rangeAddress":"$Z$98:$Z$135","headAddress":"$Z$98","bodyAddress":"$Z$99:$Z$135","_name":"отдача"}},"emcosID":null,"emcosMLID":null,"codTEP":null,"WSName":"PS","rangeAddress":"$Y$97:$Z$135","headAddress":"$Y$97:$Z$97","bodyAddress":"$Y$98:$Z$135","_name":"Л2403 ОРУ 220 МГЭС"},"DB":{"_level":0,"parentID":"62a1dc55-9912-42de-8097-a5c7a962f3b2","firstParentID":"62a1dc55-9912-42de-8097-a5c7a962f3b2","ID":"1ab0b49e-950f-46bc-9772-3952bc9fb6af","childs":{"прием":{"_level":1,"parentID":"1ab0b49e-950f-46bc-9772-3952bc9fb6af","firstParentID":"62a1dc55-9912-42de-8097-a5c7a962f3b2","ID":"e92e4bea-405f-4a62-afc8-84f3253d1d17","childs":{"код":{"_level":2,"parentID":"e92e4bea-405f-4a62-afc8-84f3253d1d17","firstParentID":"62a1dc55-9912-42de-8097-a5c7a962f3b2","ID":"e94f7d3a-1e12-4841-8998-37163b0eda81","childs":null,"emcosID":null,"emcosMLID":null,"codTEP":null,"WSName":"DB","rangeAddress":"$EA$353:$EA$390","headAddress":"$EA$353","bodyAddress":"$EA$354:$EA$390","_name":"код"},"основное":{"_level":2,"parentID":"e92e4bea-405f-4a62-afc8-84f3253d1d17","firstParentID":"62a1dc55-9912-42de-8097-a5c7a962f3b2","ID":"f751380e-ccc7-4462-b8e8-b996fa177571","childs":null,"emcosID":null,"emcosMLID":null,"codTEP":null,"WSName":"DB","rangeAddress":"$EB$353:$EB$390","headAddress":"$EB$353","bodyAddress":"$EB$354:$EB$390","_name":"основное"},"корректировка факт":{"_level":2,"parentID":"e92e4bea-405f-4a62-afc8-84f3253d1d17","firstParentID":"62a1dc55-9912-42de-8097-a5c7a962f3b2","ID":"74a6942c-1c8a-4213-81e4-de7fe8fcd9be","childs":null,"emcosID":null,"emcosMLID":null,"codTEP":null,"WSName":"DB","rangeAddress":"$EC$353:$EC$390","headAddress":"$EC$353","bodyAddress":"$EC$354:$EC$390","_name":"корректировка факт"},"ручное":{"_level":2,"parentID":"e92e4bea-405f-4a62-afc8-84f3253d1d17","firstParentID":"62a1dc55-9912-42de-8097-a5c7a962f3b2","ID":"2e430101-033f-423c-a994-f00b4912feae","childs":null,"emcosID":null,"emcosMLID":null,"codTEP":null,"WSName":"DB","rangeAddress":"$ED$353:$ED$390","headAddress":"$ED$353","bodyAddress":"$ED$354:$ED$390","_name":"ручное"},"счетчик":{"_level":2,"parentID":"e92e4bea-405f-4a62-afc8-84f3253d1d17","firstParentID":"62a1dc55-9912-42de-8097-a5c7a962f3b2","ID":"f600ea0c-b131-4eac-97fc-f28ab356d17c","childs":null,"emcosID":null,"emcosMLID":null,"codTEP":null,"WSName":"DB","rangeAddress":"$EE$353:$EE$390","headAddress":"$EE$353","bodyAddress":"$EE$354:$EE$390","_name":"счетчик"},"по счетчику":{"_level":2,"parentID":"e92e4bea-405f-4a62-afc8-84f3253d1d17","firstParentID":"62a1dc55-9912-42de-8097-a5c7a962f3b2","ID":"9bd87959-57ba-4c54-8a47-17ecaf83cc45","childs":null,"emcosID":null,"emcosMLID":null,"codTEP":null,"WSName":"DB","rangeAddress":"$EF$353:$EF$390","headAddress":"$EF$353","bodyAddress":"$EF$354:$EF$390","_name":"по счетчику"}},"emcosID":null,"emcosMLID":null,"codTEP":null,"WSName":"DB","rangeAddress":"$EA$352:$EF$390","headAddress":"$EA$352:$EF$352","bodyAddress":"$EA$353:$EF$390","_name":"прием"},"отдача":{"_level":1,"parentID":"1ab0b49e-950f-46bc-9772-3952bc9fb6af","firstParentID":"62a1dc55-9912-42de-8097-a5c7a962f3b2","ID":"eadfed6c-636b-43b1-ad2d-46ad09a22947","childs":{"код":{"_level":2,"parentID":"eadfed6c-636b-43b1-ad2d-46ad09a22947","firstParentID":"62a1dc55-9912-42de-8097-a5c7a962f3b2","ID":"60753b2d-964c-4f2b-aabd-001055b2fdf0","childs":null,"emcosID":null,"emcosMLID":null,"codTEP":null,"WSName":"DB","rangeAddress":"$EG$353:$EG$390","headAddress":"$EG$353","bodyAddress":"$EG$354:$EG$390","_name":"код"},"основное":{"_level":2,"parentID":"eadfed6c-636b-43b1-ad2d-46ad09a22947","firstParentID":"62a1dc55-9912-42de-8097-a5c7a962f3b2","ID":"d1819af9-def3-4be7-bdf2-b70261e323bf","childs":null,"emcosID":null,"emcosMLID":null,"codTEP":null,"WSName":"DB","rangeAddress":"$EH$353:$EH$390","headAddress":"$EH$353","bodyAddress":"$EH$354:$EH$390","_name":"основное"},"корректировка факт":{"_level":2,"parentID":"eadfed6c-636b-43b1-ad2d-46ad09a22947","firstParentID":"62a1dc55-9912-42de-8097-a5c7a962f3b2","ID":"9094f4c4-3f26-4ba5-9f26-4d7bffbf266b","childs":null,"emcosID":null,"emcosMLID":null,"codTEP":null,"WSName":"DB","rangeAddress":"$EI$353:$EI$390","headAddress":"$EI$353","bodyAddress":"$EI$354:$EI$390","_name":"корректировка факт"},"ручное":{"_level":2,"parentID":"eadfed6c-636b-43b1-ad2d-46ad09a22947","firstParentID":"62a1dc55-9912-42de-8097-a5c7a962f3b2","ID":"aba0d750-e55c-4b00-a059-84f545f47fb3","childs":null,"emcosID":null,"emcosMLID":null,"codTEP":null,"WSName":"DB","rangeAddress":"$EJ$353:$EJ$390","headAddress":"$EJ$353","bodyAddress":"$EJ$354:$EJ$390","_name":"ручное"},"счетчик":{"_level":2,"parentID":"eadfed6c-636b-43b1-ad2d-46ad09a22947","firstParentID":"62a1dc55-9912-42de-8097-a5c7a962f3b2","ID":"e8115232-b9e9-4f28-a4ea-36bbf2f3f38b","childs":null,"emcosID":null,"emcosMLID":null,"codTEP":null,"WSName":"DB","rangeAddress":"$EK$353:$EK$390","headAddress":"$EK$353","bodyAddress":"$EK$354:$EK$390","_name":"счетчик"},"по счетчику":{"_level":2,"parentID":"eadfed6c-636b-43b1-ad2d-46ad09a22947","firstParentID":"62a1dc55-9912-42de-8097-a5c7a962f3b2","ID":"d29f090f-b049-49a1-8e2a-c85a1d89594b","childs":null,"emcosID":null,"emcosMLID":null,"codTEP":null,"WSName":"DB","rangeAddress":"$EL$353:$EL$390","headAddress":"$EL$353","bodyAddress":"$EL$354:$EL$390","_name":"по счетчику"}},"emcosID":null,"emcosMLID":null,"codTEP":null,"WSName":"DB","rangeAddress":"$EG$352:$EL$390","headAddress":"$EG$352:$EL$352","bodyAddress":"$EG$353:$EL$390","_name":"отдача"}},"emcosID":null,"emcosMLID":null,"codTEP":null,"WSName":"DB","rangeAddress":"$EA$351:$EL$390","headAddress":"$EA$351:$EL$351","bodyAddress":"$EA$352:$EL$390","_name":"Л2403 ОРУ 220 МГЭС"}},"codPlan":null,"meterCoef":null,"_name":"Л2403 ОРУ 220 МГЭС"}