{"ID":"6360975f-1fe9-4614-a369-64724fdbb1ba","childs":{"PS":{"_level":0,"parentID":"6360975f-1fe9-4614-a369-64724fdbb1ba","firstParentID":"6360975f-1fe9-4614-a369-64724fdbb1ba","ID":"84d53131-cf91-4176-951e-dd03038a48ce","childs":{"прием":{"_level":1,"parentID":"84d53131-cf91-4176-951e-dd03038a48ce","firstParentID":"6360975f-1fe9-4614-a369-64724fdbb1ba","ID":"aa967ec8-c5b1-4c3e-bd01-f546f798fb17","childs":{"ручное":{"_level":2,"parentID":"aa967ec8-c5b1-4c3e-bd01-f546f798fb17","firstParentID":"6360975f-1fe9-4614-a369-64724fdbb1ba","ID":"bb76cf47-d21a-4307-9259-92adfc7410e6","childs":null,"emcosID":null,"emcosMLID":null,"codTEP":null,"WSName":"PS","rangeAddress":"$CR$56:$CR$92","headAddress":"$CR$56","bodyAddress":"$CR$57:$CR$92","_name":"ручное"}},"emcosID":null,"emcosMLID":null,"codTEP":null,"WSName":"PS","rangeAddress":"$CR$55:$CR$92","headAddress":"$CR$55","bodyAddress":"$CR$56:$CR$92","_name":"прием"}},"emcosID":null,"emcosMLID":null,"codTEP":null,"WSName":"PS","rangeAddress":"$CR$54:$CR$92","headAddress":"$CR$54","bodyAddress":"$CR$55:$CR$92","_name":"с.н. х.н. Алматы"},"DB":{"_level":0,"parentID":"6360975f-1fe9-4614-a369-64724fdbb1ba","firstParentID":"6360975f-1fe9-4614-a369-64724fdbb1ba","ID":"bccf72ae-8e9c-474c-9baa-cd4596c08a49","childs":{"прием":{"_level":1,"parentID":"bccf72ae-8e9c-474c-9baa-cd4596c08a49","firstParentID":"6360975f-1fe9-4614-a369-64724fdbb1ba","ID":"03d04f5a-0ce9-4886-aa83-99b40cf68a83","childs":{"код":{"_level":2,"parentID":"03d04f5a-0ce9-4886-aa83-99b40cf68a83","firstParentID":"6360975f-1fe9-4614-a369-64724fdbb1ba","ID":"875a5ae9-1807-4ec7-a5e7-1b8001bd8ee6","childs":null,"emcosID":null,"emcosMLID":null,"codTEP":null,"WSName":"DB","rangeAddress":"$KQ$52:$KQ$89","headAddress":"$KQ$52","bodyAddress":"$KQ$53:$KQ$89","_name":"код"},"основное":{"_level":2,"parentID":"03d04f5a-0ce9-4886-aa83-99b40cf68a83","firstParentID":"6360975f-1fe9-4614-a369-64724fdbb1ba","ID":"1095a0c6-08f0-4ab0-b0f3-a21ffb2eeadf","childs":null,"emcosID":null,"emcosMLID":null,"codTEP":null,"WSName":"DB","rangeAddress":"$KR$52:$KR$89","headAddress":"$KR$52","bodyAddress":"$KR$53:$KR$89","_name":"основное"},"корректировка факт":{"_level":2,"parentID":"03d04f5a-0ce9-4886-aa83-99b40cf68a83","firstParentID":"6360975f-1fe9-4614-a369-64724fdbb1ba","ID":"7bcf7dc3-1e87-43c4-a664-412b9682b784","childs":null,"emcosID":null,"emcosMLID":null,"codTEP":null,"WSName":"DB","rangeAddress":"$KS$52:$KS$89","headAddress":"$KS$52","bodyAddress":"$KS$53:$KS$89","_name":"корректировка факт"},"ручное":{"_level":2,"parentID":"03d04f5a-0ce9-4886-aa83-99b40cf68a83","firstParentID":"6360975f-1fe9-4614-a369-64724fdbb1ba","ID":"462873eb-a518-402f-bd64-b621addfb6eb","childs":null,"emcosID":null,"emcosMLID":null,"codTEP":null,"WSName":"DB","rangeAddress":"$KT$52:$KT$89","headAddress":"$KT$52","bodyAddress":"$KT$53:$KT$89","_name":"ручное"}},"emcosID":null,"emcosMLID":null,"codTEP":null,"WSName":"DB","rangeAddress":"$KQ$51:$KT$89","headAddress":"$KQ$51:$KT$51","bodyAddress":"$KQ$52:$KT$89","_name":"прием"}},"emcosID":null,"emcosMLID":null,"codTEP":null,"WSName":"DB","rangeAddress":"$KQ$50:$KT$89","headAddress":"$KQ$50:$KT$50","bodyAddress":"$KQ$51:$KT$89","_name":"с.н. х.н. Алматы"}},"codPlan":null,"meterCoef":null,"_name":"с.н. х.н. Алматы"}