{"ID":"6631b0d4-51ff-43da-9a05-28137e5bcfe9","childs":{"PS":{"_level":0,"parentID":"6631b0d4-51ff-43da-9a05-28137e5bcfe9","firstParentID":"6631b0d4-51ff-43da-9a05-28137e5bcfe9","ID":"58f07afe-ddfd-46c9-bcb6-27787d596f48","childs":{"прием":{"_level":1,"parentID":"58f07afe-ddfd-46c9-bcb6-27787d596f48","firstParentID":"6631b0d4-51ff-43da-9a05-28137e5bcfe9","ID":"edf6a054-2b00-455b-a48b-b34890a01a92","childs":{"оперативное":{"_level":2,"parentID":"edf6a054-2b00-455b-a48b-b34890a01a92","firstParentID":"6631b0d4-51ff-43da-9a05-28137e5bcfe9","ID":"9077fb72-58a2-4de6-b188-5fd3b48890ac","childs":null,"emcosID":null,"emcosMLID":null,"codTEP":null,"WSName":"PS","rangeAddress":"$M$228:$M$264","headAddress":"$M$228","bodyAddress":"$M$229:$M$264","_name":"оперативное"}},"emcosID":null,"emcosMLID":null,"codTEP":null,"WSName":"PS","rangeAddress":"$M$227:$M$264","headAddress":"$M$227","bodyAddress":"$M$228:$M$264","_name":"прием"}},"emcosID":null,"emcosMLID":null,"codTEP":null,"WSName":"PS","rangeAddress":"$M$226:$M$264","headAddress":"$M$226","bodyAddress":"$M$227:$M$264","_name":"Потребление Мангыстау Энерго Сату"},"DB":{"_level":0,"parentID":"6631b0d4-51ff-43da-9a05-28137e5bcfe9","firstParentID":"6631b0d4-51ff-43da-9a05-28137e5bcfe9","ID":"8394cfe1-8f73-40b5-a7c7-40344f9fae30","childs":{"прием":{"_level":1,"parentID":"8394cfe1-8f73-40b5-a7c7-40344f9fae30","firstParentID":"6631b0d4-51ff-43da-9a05-28137e5bcfe9","ID":"6998b8b3-3f22-4b98-9689-10f2d153e781","childs":{"код":{"_level":2,"parentID":"6998b8b3-3f22-4b98-9689-10f2d153e781","firstParentID":"6631b0d4-51ff-43da-9a05-28137e5bcfe9","ID":"b1af76b6-b7a8-447f-a420-768c0f8b18ca","childs":null,"emcosID":null,"emcosMLID":null,"codTEP":null,"WSName":"DB","rangeAddress":"$BU$396:$BU$433","headAddress":"$BU$396","bodyAddress":"$BU$397:$BU$433","_name":"код"},"основное":{"_level":2,"parentID":"6998b8b3-3f22-4b98-9689-10f2d153e781","firstParentID":"6631b0d4-51ff-43da-9a05-28137e5bcfe9","ID":"8e7b51f0-54b3-48d0-aaeb-1a7b644f6a9a","childs":null,"emcosID":null,"emcosMLID":null,"codTEP":null,"WSName":"DB","rangeAddress":"$BV$396:$BV$433","headAddress":"$BV$396","bodyAddress":"$BV$397:$BV$433","_name":"основное"},"корректировка факт":{"_level":2,"parentID":"6998b8b3-3f22-4b98-9689-10f2d153e781","firstParentID":"6631b0d4-51ff-43da-9a05-28137e5bcfe9","ID":"bd499734-a8aa-434f-bd9d-7cd116823ebb","childs":null,"emcosID":null,"emcosMLID":null,"codTEP":null,"WSName":"DB","rangeAddress":"$BW$396:$BW$433","headAddress":"$BW$396","bodyAddress":"$BW$397:$BW$433","_name":"корректировка факт"},"ручное":{"_level":2,"parentID":"6998b8b3-3f22-4b98-9689-10f2d153e781","firstParentID":"6631b0d4-51ff-43da-9a05-28137e5bcfe9","ID":"c487393b-edce-4dbc-83be-5baee26c7f10","childs":null,"emcosID":null,"emcosMLID":null,"codTEP":null,"WSName":"DB","rangeAddress":"$BX$396:$BX$433","headAddress":"$BX$396","bodyAddress":"$BX$397:$BX$433","_name":"ручное"},"оперативное":{"_level":2,"parentID":"6998b8b3-3f22-4b98-9689-10f2d153e781","firstParentID":"6631b0d4-51ff-43da-9a05-28137e5bcfe9","ID":"0080feea-8aa4-404e-bdb7-c22e9e3cd272","childs":null,"emcosID":null,"emcosMLID":null,"codTEP":null,"WSName":"DB","rangeAddress":"$BY$396:$BY$433","headAddress":"$BY$396","bodyAddress":"$BY$397:$BY$433","_name":"оперативное"}},"emcosID":null,"emcosMLID":null,"codTEP":null,"WSName":"DB","rangeAddress":"$BU$395:$BY$433","headAddress":"$BU$395:$BY$395","bodyAddress":"$BU$396:$BY$433","_name":"прием"}},"emcosID":null,"emcosMLID":null,"codTEP":null,"WSName":"DB","rangeAddress":"$BU$394:$BY$433","headAddress":"$BU$394:$BY$394","bodyAddress":"$BU$395:$BY$433","_name":"Потребление Мангыстау Энерго Сату"}},"codPlan":null,"meterCoef":null,"_name":"Потребление Мангыстау Энерго Сату"}