{"ID":"6a8f699e-51c2-4056-8187-5d9ce06132d9","childs":{"PS":{"_level":0,"parentID":"6a8f699e-51c2-4056-8187-5d9ce06132d9","firstParentID":"6a8f699e-51c2-4056-8187-5d9ce06132d9","ID":"7c6d806e-c37d-48aa-837d-5e258485b32d","childs":{"отдача":{"_level":1,"parentID":"7c6d806e-c37d-48aa-837d-5e258485b32d","firstParentID":"6a8f699e-51c2-4056-8187-5d9ce06132d9","ID":"53457b78-53e7-49d5-a1ce-0d49326297e1","childs":{"формула":{"_level":2,"parentID":"53457b78-53e7-49d5-a1ce-0d49326297e1","firstParentID":"6a8f699e-51c2-4056-8187-5d9ce06132d9","ID":"b025fb91-4966-4bba-afce-de2f729423e9","childs":null,"emcosID":null,"emcosMLID":null,"WSName":"PS","rangeAddress":"$T$13:$T$49","headAddress":"$T$13","bodyAddress":"$T$14:$T$49","_name":"формула"}},"emcosID":null,"emcosMLID":null,"WSName":"PS","rangeAddress":"$T$12:$T$49","headAddress":"$T$12","bodyAddress":"$T$13:$T$49","_name":"отдача"}},"emcosID":null,"emcosMLID":null,"WSName":"PS","rangeAddress":"$T$11:$T$49","headAddress":"$T$11","bodyAddress":"$T$12:$T$49","_name":"Генерация Алматинского энергоузла Общее"},"DB":{"_level":0,"parentID":"6a8f699e-51c2-4056-8187-5d9ce06132d9","firstParentID":"6a8f699e-51c2-4056-8187-5d9ce06132d9","ID":"11621a84-ad84-4a83-82f5-82cb450183e9","childs":{"отдача":{"_level":1,"parentID":"11621a84-ad84-4a83-82f5-82cb450183e9","firstParentID":"6a8f699e-51c2-4056-8187-5d9ce06132d9","ID":"3bd55bda-ec63-44fb-a6b0-e64d6243f02f","childs":{"код":{"_level":2,"parentID":"3bd55bda-ec63-44fb-a6b0-e64d6243f02f","firstParentID":"6a8f699e-51c2-4056-8187-5d9ce06132d9","ID":"92a107b2-054c-43b0-946d-20853c301123","childs":null,"emcosID":null,"emcosMLID":null,"WSName":"DB","rangeAddress":"$CK$138:$CK$175","headAddress":"$CK$138","bodyAddress":"$CK$139:$CK$175","_name":"код"},"основное":{"_level":2,"parentID":"3bd55bda-ec63-44fb-a6b0-e64d6243f02f","firstParentID":"6a8f699e-51c2-4056-8187-5d9ce06132d9","ID":"3891ad05-1dfe-449a-8212-0c4bfb55b0ce","childs":null,"emcosID":null,"emcosMLID":null,"WSName":"DB","rangeAddress":"$CL$138:$CL$175","headAddress":"$CL$138","bodyAddress":"$CL$139:$CL$175","_name":"основное"},"корректировка факт":{"_level":2,"parentID":"3bd55bda-ec63-44fb-a6b0-e64d6243f02f","firstParentID":"6a8f699e-51c2-4056-8187-5d9ce06132d9","ID":"e9ecddad-f926-43b7-8b30-7a79aa2b77dd","childs":null,"emcosID":null,"emcosMLID":null,"WSName":"DB","rangeAddress":"$CM$138:$CM$175","headAddress":"$CM$138","bodyAddress":"$CM$139:$CM$175","_name":"корректировка факт"},"ручное":{"_level":2,"parentID":"3bd55bda-ec63-44fb-a6b0-e64d6243f02f","firstParentID":"6a8f699e-51c2-4056-8187-5d9ce06132d9","ID":"acbaafe3-da08-4277-b54f-521081e59cb1","childs":null,"emcosID":null,"emcosMLID":null,"WSName":"DB","rangeAddress":"$CN$138:$CN$175","headAddress":"$CN$138","bodyAddress":"$CN$139:$CN$175","_name":"ручное"},"формула":{"_level":2,"parentID":"3bd55bda-ec63-44fb-a6b0-e64d6243f02f","firstParentID":"6a8f699e-51c2-4056-8187-5d9ce06132d9","ID":"35ce3c17-0c94-4cd2-82f7-e7ad31eaf91d","childs":null,"emcosID":null,"emcosMLID":null,"WSName":"DB","rangeAddress":"$CO$138:$CO$175","headAddress":"$CO$138","bodyAddress":"$CO$139:$CO$175","_name":"формула"}},"emcosID":null,"emcosMLID":null,"WSName":"DB","rangeAddress":"$CK$137:$CO$175","headAddress":"$CK$137:$CO$137","bodyAddress":"$CK$138:$CO$175","_name":"отдача"}},"emcosID":null,"emcosMLID":null,"WSName":"DB","rangeAddress":"$CK$136:$CO$175","headAddress":"$CK$136:$CO$136","bodyAddress":"$CK$137:$CO$175","_name":"Генерация Алматинского энергоузла Общее"}},"codPlan":null,"meterCoef":null,"_name":"Генерация Алматинского энергоузла Общее"}