{"ID":"6e1ab373-354a-4220-80ef-00aaf9d68ee5","childs":{"PS":{"_level":0,"parentID":"6e1ab373-354a-4220-80ef-00aaf9d68ee5","firstParentID":"6e1ab373-354a-4220-80ef-00aaf9d68ee5","ID":"67f79ec6-cc60-46ce-ad3b-cf5a6c1f9243","childs":{"прием":{"_level":1,"parentID":"67f79ec6-cc60-46ce-ad3b-cf5a6c1f9243","firstParentID":"6e1ab373-354a-4220-80ef-00aaf9d68ee5","ID":"e916c5fa-2190-4091-9675-c3b58bd281ee","childs":{"по счетчику":{"_level":2,"parentID":"e916c5fa-2190-4091-9675-c3b58bd281ee","firstParentID":"6e1ab373-354a-4220-80ef-00aaf9d68ee5","ID":"3f594913-1724-4eaf-8e18-752b6354e348","childs":null,"emcosID":null,"emcosMLID":null,"WSName":"PS","rangeAddress":"$AE$56:$AE$92","headAddress":"$AE$56","bodyAddress":"$AE$57:$AE$92","_name":"по счетчику"}},"emcosID":null,"emcosMLID":null,"WSName":"PS","rangeAddress":"$AE$55:$AE$92","headAddress":"$AE$55","bodyAddress":"$AE$56:$AE$92","_name":"прием"},"отдача":{"_level":1,"parentID":"67f79ec6-cc60-46ce-ad3b-cf5a6c1f9243","firstParentID":"6e1ab373-354a-4220-80ef-00aaf9d68ee5","ID":"6cde2f89-7c1c-4a17-b2c8-162376d664d2","childs":{"по счетчику":{"_level":2,"parentID":"6cde2f89-7c1c-4a17-b2c8-162376d664d2","firstParentID":"6e1ab373-354a-4220-80ef-00aaf9d68ee5","ID":"57046b30-65d9-49c3-a281-ee41a49575a7","childs":null,"emcosID":null,"emcosMLID":null,"WSName":"PS","rangeAddress":"$AF$56:$AF$92","headAddress":"$AF$56","bodyAddress":"$AF$57:$AF$92","_name":"по счетчику"}},"emcosID":null,"emcosMLID":null,"WSName":"PS","rangeAddress":"$AF$55:$AF$92","headAddress":"$AF$55","bodyAddress":"$AF$56:$AF$92","_name":"отдача"}},"emcosID":null,"emcosMLID":null,"WSName":"PS","rangeAddress":"$AE$54:$AF$92","headAddress":"$AE$54:$AF$54","bodyAddress":"$AE$55:$AF$92","_name":"Л2523 Шу"},"DB":{"_level":0,"parentID":"6e1ab373-354a-4220-80ef-00aaf9d68ee5","firstParentID":"6e1ab373-354a-4220-80ef-00aaf9d68ee5","ID":"7a0bd5af-f79b-4022-a690-668fcd94efc8","childs":{"прием":{"_level":1,"parentID":"7a0bd5af-f79b-4022-a690-668fcd94efc8","firstParentID":"6e1ab373-354a-4220-80ef-00aaf9d68ee5","ID":"cd97bc4c-b74a-47cc-a10e-615118c77529","childs":{"код":{"_level":2,"parentID":"cd97bc4c-b74a-47cc-a10e-615118c77529","firstParentID":"6e1ab373-354a-4220-80ef-00aaf9d68ee5","ID":"3c615c36-ed26-4e3f-8049-92761bccf7ea","childs":null,"emcosID":null,"emcosMLID":null,"WSName":"DB","rangeAddress":"$HO$9:$HO$46","headAddress":"$HO$9","bodyAddress":"$HO$10:$HO$46","_name":"код"},"основное":{"_level":2,"parentID":"cd97bc4c-b74a-47cc-a10e-615118c77529","firstParentID":"6e1ab373-354a-4220-80ef-00aaf9d68ee5","ID":"f8bc3240-27e5-4560-be04-7412dff83209","childs":null,"emcosID":null,"emcosMLID":null,"WSName":"DB","rangeAddress":"$HP$9:$HP$46","headAddress":"$HP$9","bodyAddress":"$HP$10:$HP$46","_name":"основное"},"корректировка факт":{"_level":2,"parentID":"cd97bc4c-b74a-47cc-a10e-615118c77529","firstParentID":"6e1ab373-354a-4220-80ef-00aaf9d68ee5","ID":"2647db38-b380-445a-9d93-c9e44e7f9da9","childs":null,"emcosID":null,"emcosMLID":null,"WSName":"DB","rangeAddress":"$HQ$9:$HQ$46","headAddress":"$HQ$9","bodyAddress":"$HQ$10:$HQ$46","_name":"корректировка факт"},"ручное":{"_level":2,"parentID":"cd97bc4c-b74a-47cc-a10e-615118c77529","firstParentID":"6e1ab373-354a-4220-80ef-00aaf9d68ee5","ID":"98698c23-1c98-4ec0-ac9e-d6e397e7fd9b","childs":null,"emcosID":null,"emcosMLID":null,"WSName":"DB","rangeAddress":"$HR$9:$HR$46","headAddress":"$HR$9","bodyAddress":"$HR$10:$HR$46","_name":"ручное"},"счетчик":{"_level":2,"parentID":"cd97bc4c-b74a-47cc-a10e-615118c77529","firstParentID":"6e1ab373-354a-4220-80ef-00aaf9d68ee5","ID":"d6ef0849-1bde-4c5d-9a4d-b645536a129e","childs":null,"emcosID":null,"emcosMLID":null,"WSName":"DB","rangeAddress":"$HS$9:$HS$46","headAddress":"$HS$9","bodyAddress":"$HS$10:$HS$46","_name":"счетчик"},"по счетчику":{"_level":2,"parentID":"cd97bc4c-b74a-47cc-a10e-615118c77529","firstParentID":"6e1ab373-354a-4220-80ef-00aaf9d68ee5","ID":"c160c717-cfa7-47b4-90d0-f76effc95edc","childs":null,"emcosID":null,"emcosMLID":null,"WSName":"DB","rangeAddress":"$HT$9:$HT$46","headAddress":"$HT$9","bodyAddress":"$HT$10:$HT$46","_name":"по счетчику"}},"emcosID":null,"emcosMLID":null,"WSName":"DB","rangeAddress":"$HO$8:$HT$46","headAddress":"$HO$8:$HT$8","bodyAddress":"$HO$9:$HT$46","_name":"прием"},"отдача":{"_level":1,"parentID":"7a0bd5af-f79b-4022-a690-668fcd94efc8","firstParentID":"6e1ab373-354a-4220-80ef-00aaf9d68ee5","ID":"8acf4b9f-1e12-479f-9e05-ff8fae47283a","childs":{"код":{"_level":2,"parentID":"8acf4b9f-1e12-479f-9e05-ff8fae47283a","firstParentID":"6e1ab373-354a-4220-80ef-00aaf9d68ee5","ID":"aacc7d34-eba2-409f-a5fa-e2367ae5f9e6","childs":null,"emcosID":null,"emcosMLID":null,"WSName":"DB","rangeAddress":"$HU$9:$HU$46","headAddress":"$HU$9","bodyAddress":"$HU$10:$HU$46","_name":"код"},"основное":{"_level":2,"parentID":"8acf4b9f-1e12-479f-9e05-ff8fae47283a","firstParentID":"6e1ab373-354a-4220-80ef-00aaf9d68ee5","ID":"e2e17cdb-4009-4f21-af7d-5c483051d313","childs":null,"emcosID":null,"emcosMLID":null,"WSName":"DB","rangeAddress":"$HV$9:$HV$46","headAddress":"$HV$9","bodyAddress":"$HV$10:$HV$46","_name":"основное"},"корректировка факт":{"_level":2,"parentID":"8acf4b9f-1e12-479f-9e05-ff8fae47283a","firstParentID":"6e1ab373-354a-4220-80ef-00aaf9d68ee5","ID":"9bc586a6-0c03-4031-aeae-24977dcf489d","childs":null,"emcosID":null,"emcosMLID":null,"WSName":"DB","rangeAddress":"$HW$9:$HW$46","headAddress":"$HW$9","bodyAddress":"$HW$10:$HW$46","_name":"корректировка факт"},"ручное":{"_level":2,"parentID":"8acf4b9f-1e12-479f-9e05-ff8fae47283a","firstParentID":"6e1ab373-354a-4220-80ef-00aaf9d68ee5","ID":"50cfea4b-4f50-4c1e-b407-59452e246e7e","childs":null,"emcosID":null,"emcosMLID":null,"WSName":"DB","rangeAddress":"$HX$9:$HX$46","headAddress":"$HX$9","bodyAddress":"$HX$10:$HX$46","_name":"ручное"},"счетчик":{"_level":2,"parentID":"8acf4b9f-1e12-479f-9e05-ff8fae47283a","firstParentID":"6e1ab373-354a-4220-80ef-00aaf9d68ee5","ID":"b6ddbcfb-c0a2-423f-b7b5-118df1297830","childs":null,"emcosID":null,"emcosMLID":null,"WSName":"DB","rangeAddress":"$HY$9:$HY$46","headAddress":"$HY$9","bodyAddress":"$HY$10:$HY$46","_name":"счетчик"},"по счетчику":{"_level":2,"parentID":"8acf4b9f-1e12-479f-9e05-ff8fae47283a","firstParentID":"6e1ab373-354a-4220-80ef-00aaf9d68ee5","ID":"1ad2fef8-d976-40d1-8478-888d0dad3f41","childs":null,"emcosID":null,"emcosMLID":null,"WSName":"DB","rangeAddress":"$HZ$9:$HZ$46","headAddress":"$HZ$9","bodyAddress":"$HZ$10:$HZ$46","_name":"по счетчику"}},"emcosID":null,"emcosMLID":null,"WSName":"DB","rangeAddress":"$HU$8:$HZ$46","headAddress":"$HU$8:$HZ$8","bodyAddress":"$HU$9:$HZ$46","_name":"отдача"}},"emcosID":null,"emcosMLID":null,"WSName":"DB","rangeAddress":"$HO$7:$HZ$46","headAddress":"$HO$7:$HZ$7","bodyAddress":"$HO$8:$HZ$46","_name":"Л2523 Шу"}},"codPlan":null,"meterCoef":null,"_name":"Л2523 Шу"}