{"ID":"7235069c-25cb-4f7b-bcb0-b63ae6880700","childs":{"PS":{"_level":0,"parentID":"7235069c-25cb-4f7b-bcb0-b63ae6880700","firstParentID":"7235069c-25cb-4f7b-bcb0-b63ae6880700","ID":"6c36725a-be9b-486b-ac99-919ad1d30767","childs":{"прием":{"_level":1,"parentID":"6c36725a-be9b-486b-ac99-919ad1d30767","firstParentID":"7235069c-25cb-4f7b-bcb0-b63ae6880700","ID":"eb9895f4-7dfd-4254-84c6-869ff74a8021","childs":{"ручное":{"_level":2,"parentID":"eb9895f4-7dfd-4254-84c6-869ff74a8021","firstParentID":"7235069c-25cb-4f7b-bcb0-b63ae6880700","ID":"52f20e02-64bb-4abd-9539-232ee581ab15","childs":null,"emcosID":null,"emcosMLID":null,"codTEP":null,"WSName":"PS","rangeAddress":"$F$185:$F$221","headAddress":"$F$185","bodyAddress":"$F$186:$F$221","_name":"ручное"}},"emcosID":null,"emcosMLID":null,"codTEP":null,"WSName":"PS","rangeAddress":"$F$184:$F$221","headAddress":"$F$184","bodyAddress":"$F$185:$F$221","_name":"прием"}},"emcosID":null,"emcosMLID":null,"codTEP":null,"WSName":"PS","rangeAddress":"$F$183:$F$221","headAddress":"$F$183","bodyAddress":"$F$184:$F$221","_name":"Потери АЖД"},"DB":{"_level":0,"parentID":"7235069c-25cb-4f7b-bcb0-b63ae6880700","firstParentID":"7235069c-25cb-4f7b-bcb0-b63ae6880700","ID":"47b929f8-5746-4866-9e26-7e73a9832ab4","childs":{"прием":{"_level":1,"parentID":"47b929f8-5746-4866-9e26-7e73a9832ab4","firstParentID":"7235069c-25cb-4f7b-bcb0-b63ae6880700","ID":"c15504d3-5c20-4da4-a179-0943195a24a1","childs":{"код":{"_level":2,"parentID":"c15504d3-5c20-4da4-a179-0943195a24a1","firstParentID":"7235069c-25cb-4f7b-bcb0-b63ae6880700","ID":"83a951ab-7e8e-474b-af3f-0f39f873426a","childs":null,"emcosID":null,"emcosMLID":null,"codTEP":null,"WSName":"DB","rangeAddress":"$Q$396:$Q$433","headAddress":"$Q$396","bodyAddress":"$Q$397:$Q$433","_name":"код"},"основное":{"_level":2,"parentID":"c15504d3-5c20-4da4-a179-0943195a24a1","firstParentID":"7235069c-25cb-4f7b-bcb0-b63ae6880700","ID":"51a21d67-44c3-4cdb-ac28-00992ddffaab","childs":null,"emcosID":null,"emcosMLID":null,"codTEP":null,"WSName":"DB","rangeAddress":"$R$396:$R$433","headAddress":"$R$396","bodyAddress":"$R$397:$R$433","_name":"основное"},"корректировка факт":{"_level":2,"parentID":"c15504d3-5c20-4da4-a179-0943195a24a1","firstParentID":"7235069c-25cb-4f7b-bcb0-b63ae6880700","ID":"bf184a53-7f76-4cca-bdae-1e6df92c03cc","childs":null,"emcosID":null,"emcosMLID":null,"codTEP":null,"WSName":"DB","rangeAddress":"$S$396:$S$433","headAddress":"$S$396","bodyAddress":"$S$397:$S$433","_name":"корректировка факт"},"ручное":{"_level":2,"parentID":"c15504d3-5c20-4da4-a179-0943195a24a1","firstParentID":"7235069c-25cb-4f7b-bcb0-b63ae6880700","ID":"1e7cde03-c487-428c-827b-3c3d59f5b79f","childs":null,"emcosID":null,"emcosMLID":null,"codTEP":null,"WSName":"DB","rangeAddress":"$T$396:$T$433","headAddress":"$T$396","bodyAddress":"$T$397:$T$433","_name":"ручное"}},"emcosID":null,"emcosMLID":null,"codTEP":null,"WSName":"DB","rangeAddress":"$Q$395:$T$433","headAddress":"$Q$395:$T$395","bodyAddress":"$Q$396:$T$433","_name":"прием"}},"emcosID":null,"emcosMLID":null,"codTEP":null,"WSName":"DB","rangeAddress":"$Q$394:$T$433","headAddress":"$Q$394:$T$394","bodyAddress":"$Q$395:$T$433","_name":"Потери АЖД"}},"codPlan":null,"meterCoef":null,"_name":"Потери АЖД"}