{"ID":"7442c59d-26e3-401a-a0bc-148dddd9359b","childs":{"PS":{"_level":0,"parentID":"7442c59d-26e3-401a-a0bc-148dddd9359b","firstParentID":"7442c59d-26e3-401a-a0bc-148dddd9359b","ID":"fa579ebc-0bc4-45c2-b006-12201543a0b1","childs":{"прием":{"_level":1,"parentID":"fa579ebc-0bc4-45c2-b006-12201543a0b1","firstParentID":"7442c59d-26e3-401a-a0bc-148dddd9359b","ID":"b36e4f8d-4268-4c0a-8105-dbcf5602a2c6","childs":{"по счетчику":{"_level":2,"parentID":"b36e4f8d-4268-4c0a-8105-dbcf5602a2c6","firstParentID":"7442c59d-26e3-401a-a0bc-148dddd9359b","ID":"b66b05b5-80a7-46e2-bbb2-102979c62ace","childs":null,"emcosID":null,"emcosMLID":null,"codTEP":null,"WSName":"PS","rangeAddress":"$S$99:$S$135","headAddress":"$S$99","bodyAddress":"$S$100:$S$135","_name":"по счетчику"}},"emcosID":null,"emcosMLID":null,"codTEP":null,"WSName":"PS","rangeAddress":"$S$98:$S$135","headAddress":"$S$98","bodyAddress":"$S$99:$S$135","_name":"прием"},"отдача":{"_level":1,"parentID":"fa579ebc-0bc4-45c2-b006-12201543a0b1","firstParentID":"7442c59d-26e3-401a-a0bc-148dddd9359b","ID":"601bcb8c-b838-4280-a388-4bb17382c561","childs":{"по счетчику":{"_level":2,"parentID":"601bcb8c-b838-4280-a388-4bb17382c561","firstParentID":"7442c59d-26e3-401a-a0bc-148dddd9359b","ID":"29991f41-2227-423c-a20c-3032683a8ae3","childs":null,"emcosID":null,"emcosMLID":null,"codTEP":null,"WSName":"PS","rangeAddress":"$T$99:$T$135","headAddress":"$T$99","bodyAddress":"$T$100:$T$135","_name":"по счетчику"}},"emcosID":null,"emcosMLID":null,"codTEP":null,"WSName":"PS","rangeAddress":"$T$98:$T$135","headAddress":"$T$98","bodyAddress":"$T$99:$T$135","_name":"отдача"}},"emcosID":null,"emcosMLID":null,"codTEP":null,"WSName":"PS","rangeAddress":"$S$97:$T$135","headAddress":"$S$97:$T$97","bodyAddress":"$S$98:$T$135","_name":"Л2373 ОРУ 220 МГЭС"},"DB":{"_level":0,"parentID":"7442c59d-26e3-401a-a0bc-148dddd9359b","firstParentID":"7442c59d-26e3-401a-a0bc-148dddd9359b","ID":"378b9b87-76d1-41af-ae4a-fad3a56a4413","childs":{"прием":{"_level":1,"parentID":"378b9b87-76d1-41af-ae4a-fad3a56a4413","firstParentID":"7442c59d-26e3-401a-a0bc-148dddd9359b","ID":"28a2e26b-bbca-4793-99ac-66501b5f3a95","childs":{"код":{"_level":2,"parentID":"28a2e26b-bbca-4793-99ac-66501b5f3a95","firstParentID":"7442c59d-26e3-401a-a0bc-148dddd9359b","ID":"9b7c65c6-aa36-460f-9369-9091adcb0aeb","childs":null,"emcosID":null,"emcosMLID":null,"codTEP":null,"WSName":"DB","rangeAddress":"$C$267:$C$304","headAddress":"$C$267","bodyAddress":"$C$268:$C$304","_name":"код"},"основное":{"_level":2,"parentID":"28a2e26b-bbca-4793-99ac-66501b5f3a95","firstParentID":"7442c59d-26e3-401a-a0bc-148dddd9359b","ID":"893af43c-4860-419b-8240-3252b3442078","childs":null,"emcosID":null,"emcosMLID":null,"codTEP":null,"WSName":"DB","rangeAddress":"$D$267:$D$304","headAddress":"$D$267","bodyAddress":"$D$268:$D$304","_name":"основное"},"корректировка факт":{"_level":2,"parentID":"28a2e26b-bbca-4793-99ac-66501b5f3a95","firstParentID":"7442c59d-26e3-401a-a0bc-148dddd9359b","ID":"7c457378-cb14-4e6c-8b64-575d97900320","childs":null,"emcosID":null,"emcosMLID":null,"codTEP":null,"WSName":"DB","rangeAddress":"$E$267:$E$304","headAddress":"$E$267","bodyAddress":"$E$268:$E$304","_name":"корректировка факт"},"ручное":{"_level":2,"parentID":"28a2e26b-bbca-4793-99ac-66501b5f3a95","firstParentID":"7442c59d-26e3-401a-a0bc-148dddd9359b","ID":"9c0ca37c-a224-480f-982a-f0f355c6433f","childs":null,"emcosID":null,"emcosMLID":null,"codTEP":null,"WSName":"DB","rangeAddress":"$F$267:$F$304","headAddress":"$F$267","bodyAddress":"$F$268:$F$304","_name":"ручное"},"счетчик":{"_level":2,"parentID":"28a2e26b-bbca-4793-99ac-66501b5f3a95","firstParentID":"7442c59d-26e3-401a-a0bc-148dddd9359b","ID":"d07f2f86-9d33-41f1-992b-3aed9a4a01f1","childs":null,"emcosID":null,"emcosMLID":null,"codTEP":null,"WSName":"DB","rangeAddress":"$G$267:$G$304","headAddress":"$G$267","bodyAddress":"$G$268:$G$304","_name":"счетчик"},"по счетчику":{"_level":2,"parentID":"28a2e26b-bbca-4793-99ac-66501b5f3a95","firstParentID":"7442c59d-26e3-401a-a0bc-148dddd9359b","ID":"35dbfc35-fb45-4a26-a2f7-4334081041eb","childs":null,"emcosID":null,"emcosMLID":null,"codTEP":null,"WSName":"DB","rangeAddress":"$H$267:$H$304","headAddress":"$H$267","bodyAddress":"$H$268:$H$304","_name":"по счетчику"}},"emcosID":null,"emcosMLID":null,"codTEP":null,"WSName":"DB","rangeAddress":"$C$266:$H$304","headAddress":"$C$266:$H$266","bodyAddress":"$C$267:$H$304","_name":"прием"},"отдача":{"_level":1,"parentID":"378b9b87-76d1-41af-ae4a-fad3a56a4413","firstParentID":"7442c59d-26e3-401a-a0bc-148dddd9359b","ID":"e56b43ad-8e1e-47fd-ad93-468764dd81dc","childs":{"код":{"_level":2,"parentID":"e56b43ad-8e1e-47fd-ad93-468764dd81dc","firstParentID":"7442c59d-26e3-401a-a0bc-148dddd9359b","ID":"904cca46-984c-43bd-9ef6-cbdbcc004c1d","childs":null,"emcosID":null,"emcosMLID":null,"codTEP":null,"WSName":"DB","rangeAddress":"$I$267:$I$304","headAddress":"$I$267","bodyAddress":"$I$268:$I$304","_name":"код"},"основное":{"_level":2,"parentID":"e56b43ad-8e1e-47fd-ad93-468764dd81dc","firstParentID":"7442c59d-26e3-401a-a0bc-148dddd9359b","ID":"293e3df1-ba7f-4950-a76d-d485d1b968ae","childs":null,"emcosID":null,"emcosMLID":null,"codTEP":null,"WSName":"DB","rangeAddress":"$J$267:$J$304","headAddress":"$J$267","bodyAddress":"$J$268:$J$304","_name":"основное"},"корректировка факт":{"_level":2,"parentID":"e56b43ad-8e1e-47fd-ad93-468764dd81dc","firstParentID":"7442c59d-26e3-401a-a0bc-148dddd9359b","ID":"beeaa292-60cb-4e0c-8869-774c7934e68b","childs":null,"emcosID":null,"emcosMLID":null,"codTEP":null,"WSName":"DB","rangeAddress":"$K$267:$K$304","headAddress":"$K$267","bodyAddress":"$K$268:$K$304","_name":"корректировка факт"},"ручное":{"_level":2,"parentID":"e56b43ad-8e1e-47fd-ad93-468764dd81dc","firstParentID":"7442c59d-26e3-401a-a0bc-148dddd9359b","ID":"350edc48-9364-41c0-a94d-3ba210e13852","childs":null,"emcosID":null,"emcosMLID":null,"codTEP":null,"WSName":"DB","rangeAddress":"$L$267:$L$304","headAddress":"$L$267","bodyAddress":"$L$268:$L$304","_name":"ручное"},"счетчик":{"_level":2,"parentID":"e56b43ad-8e1e-47fd-ad93-468764dd81dc","firstParentID":"7442c59d-26e3-401a-a0bc-148dddd9359b","ID":"a57da7d2-1ce5-4074-bcd0-c16c73b1f884","childs":null,"emcosID":null,"emcosMLID":null,"codTEP":null,"WSName":"DB","rangeAddress":"$M$267:$M$304","headAddress":"$M$267","bodyAddress":"$M$268:$M$304","_name":"счетчик"},"по счетчику":{"_level":2,"parentID":"e56b43ad-8e1e-47fd-ad93-468764dd81dc","firstParentID":"7442c59d-26e3-401a-a0bc-148dddd9359b","ID":"adfed82d-4d2d-4e69-95f2-5fb91c1048f7","childs":null,"emcosID":null,"emcosMLID":null,"codTEP":null,"WSName":"DB","rangeAddress":"$N$267:$N$304","headAddress":"$N$267","bodyAddress":"$N$268:$N$304","_name":"по счетчику"}},"emcosID":null,"emcosMLID":null,"codTEP":null,"WSName":"DB","rangeAddress":"$I$266:$N$304","headAddress":"$I$266:$N$266","bodyAddress":"$I$267:$N$304","_name":"отдача"}},"emcosID":null,"emcosMLID":null,"codTEP":null,"WSName":"DB","rangeAddress":"$C$265:$N$304","headAddress":"$C$265:$N$265","bodyAddress":"$C$266:$N$304","_name":"Л2373 ОРУ 220 МГЭС"}},"codPlan":null,"meterCoef":null,"_name":"Л2373 ОРУ 220 МГЭС"}