{"ID":"7850f25d-734a-4d03-98ad-ce5048a7b6f9","childs":{"PS":{"_level":0,"parentID":"7850f25d-734a-4d03-98ad-ce5048a7b6f9","firstParentID":"7850f25d-734a-4d03-98ad-ce5048a7b6f9","ID":"d19ae650-94a9-4608-9ad6-63b4380c0072","childs":{"прием":{"_level":1,"parentID":"d19ae650-94a9-4608-9ad6-63b4380c0072","firstParentID":"7850f25d-734a-4d03-98ad-ce5048a7b6f9","ID":"4cea50c4-0e6b-4966-85f6-7a91c9f7a624","childs":{"оперативное":{"_level":2,"parentID":"4cea50c4-0e6b-4966-85f6-7a91c9f7a624","firstParentID":"7850f25d-734a-4d03-98ad-ce5048a7b6f9","ID":"3958b52c-5d70-4403-a9dc-216463e8117a","childs":null,"emcosID":null,"emcosMLID":null,"WSName":"PS","rangeAddress":"$DH$99:$DH$135","headAddress":"$DH$99","bodyAddress":"$DH$100:$DH$135","_name":"оперативное"}},"emcosID":null,"emcosMLID":null,"WSName":"PS","rangeAddress":"$DH$98:$DH$135","headAddress":"$DH$98","bodyAddress":"$DH$99:$DH$135","_name":"прием"},"отдача":{"_level":1,"parentID":"d19ae650-94a9-4608-9ad6-63b4380c0072","firstParentID":"7850f25d-734a-4d03-98ad-ce5048a7b6f9","ID":"2f969b7b-3710-4881-a7d4-0e2fe9a959c8","childs":{"оперативное":{"_level":2,"parentID":"2f969b7b-3710-4881-a7d4-0e2fe9a959c8","firstParentID":"7850f25d-734a-4d03-98ad-ce5048a7b6f9","ID":"34258156-63b8-4cf4-bb3a-5e1d36f15306","childs":null,"emcosID":null,"emcosMLID":null,"WSName":"PS","rangeAddress":"$DI$99:$DI$135","headAddress":"$DI$99","bodyAddress":"$DI$100:$DI$135","_name":"оперативное"}},"emcosID":null,"emcosMLID":null,"WSName":"PS","rangeAddress":"$DI$98:$DI$135","headAddress":"$DI$98","bodyAddress":"$DI$99:$DI$135","_name":"отдача"}},"emcosID":null,"emcosMLID":null,"WSName":"PS","rangeAddress":"$DH$97:$DI$135","headAddress":"$DH$97:$DI$97","bodyAddress":"$DH$98:$DI$135","_name":"Л2173 Западная 140А"},"DB":{"_level":0,"parentID":"7850f25d-734a-4d03-98ad-ce5048a7b6f9","firstParentID":"7850f25d-734a-4d03-98ad-ce5048a7b6f9","ID":"ad66f3f0-bdf1-4184-a94a-a217ef9404d5","childs":{"прием":{"_level":1,"parentID":"ad66f3f0-bdf1-4184-a94a-a217ef9404d5","firstParentID":"7850f25d-734a-4d03-98ad-ce5048a7b6f9","ID":"70eadfbd-8382-43bd-a457-3944ab732de2","childs":{"код":{"_level":2,"parentID":"70eadfbd-8382-43bd-a457-3944ab732de2","firstParentID":"7850f25d-734a-4d03-98ad-ce5048a7b6f9","ID":"1f6bf067-7584-43f8-be10-f615c085d3ca","childs":null,"emcosID":null,"emcosMLID":null,"WSName":"DB","rangeAddress":"$FV$95:$FV$132","headAddress":"$FV$95","bodyAddress":"$FV$96:$FV$132","_name":"код"},"основное":{"_level":2,"parentID":"70eadfbd-8382-43bd-a457-3944ab732de2","firstParentID":"7850f25d-734a-4d03-98ad-ce5048a7b6f9","ID":"44a5c76e-ba56-4d19-8b0c-0ba54b221c70","childs":null,"emcosID":null,"emcosMLID":null,"WSName":"DB","rangeAddress":"$FW$95:$FW$132","headAddress":"$FW$95","bodyAddress":"$FW$96:$FW$132","_name":"основное"},"корректировка факт":{"_level":2,"parentID":"70eadfbd-8382-43bd-a457-3944ab732de2","firstParentID":"7850f25d-734a-4d03-98ad-ce5048a7b6f9","ID":"1b8b3282-9c43-4a34-9ab5-1daf6ea28a65","childs":null,"emcosID":null,"emcosMLID":null,"WSName":"DB","rangeAddress":"$FX$95:$FX$132","headAddress":"$FX$95","bodyAddress":"$FX$96:$FX$132","_name":"корректировка факт"},"ручное":{"_level":2,"parentID":"70eadfbd-8382-43bd-a457-3944ab732de2","firstParentID":"7850f25d-734a-4d03-98ad-ce5048a7b6f9","ID":"52d9dd37-bf5b-4882-8f5c-279a2aff15f1","childs":null,"emcosID":null,"emcosMLID":null,"WSName":"DB","rangeAddress":"$FY$95:$FY$132","headAddress":"$FY$95","bodyAddress":"$FY$96:$FY$132","_name":"ручное"},"оперативное":{"_level":2,"parentID":"70eadfbd-8382-43bd-a457-3944ab732de2","firstParentID":"7850f25d-734a-4d03-98ad-ce5048a7b6f9","ID":"504a321b-b1ab-45d5-9d37-350c99e90e64","childs":null,"emcosID":null,"emcosMLID":null,"WSName":"DB","rangeAddress":"$FZ$95:$FZ$132","headAddress":"$FZ$95","bodyAddress":"$FZ$96:$FZ$132","_name":"оперативное"}},"emcosID":null,"emcosMLID":null,"WSName":"DB","rangeAddress":"$FV$94:$FZ$132","headAddress":"$FV$94:$FZ$94","bodyAddress":"$FV$95:$FZ$132","_name":"прием"},"отдача":{"_level":1,"parentID":"ad66f3f0-bdf1-4184-a94a-a217ef9404d5","firstParentID":"7850f25d-734a-4d03-98ad-ce5048a7b6f9","ID":"ba89349c-128a-4af0-bcb6-2e87b15618ab","childs":{"код":{"_level":2,"parentID":"ba89349c-128a-4af0-bcb6-2e87b15618ab","firstParentID":"7850f25d-734a-4d03-98ad-ce5048a7b6f9","ID":"1b814fe4-6cac-47a7-8566-a0491132944f","childs":null,"emcosID":null,"emcosMLID":null,"WSName":"DB","rangeAddress":"$GA$95:$GA$132","headAddress":"$GA$95","bodyAddress":"$GA$96:$GA$132","_name":"код"},"основное":{"_level":2,"parentID":"ba89349c-128a-4af0-bcb6-2e87b15618ab","firstParentID":"7850f25d-734a-4d03-98ad-ce5048a7b6f9","ID":"fe983d8c-9c89-469c-81b1-21308b819222","childs":null,"emcosID":null,"emcosMLID":null,"WSName":"DB","rangeAddress":"$GB$95:$GB$132","headAddress":"$GB$95","bodyAddress":"$GB$96:$GB$132","_name":"основное"},"корректировка факт":{"_level":2,"parentID":"ba89349c-128a-4af0-bcb6-2e87b15618ab","firstParentID":"7850f25d-734a-4d03-98ad-ce5048a7b6f9","ID":"f4ae1f08-d492-4e2b-9d15-064bdd03ab2b","childs":null,"emcosID":null,"emcosMLID":null,"WSName":"DB","rangeAddress":"$GC$95:$GC$132","headAddress":"$GC$95","bodyAddress":"$GC$96:$GC$132","_name":"корректировка факт"},"ручное":{"_level":2,"parentID":"ba89349c-128a-4af0-bcb6-2e87b15618ab","firstParentID":"7850f25d-734a-4d03-98ad-ce5048a7b6f9","ID":"9dafa231-70ba-4599-a603-917f25530d8f","childs":null,"emcosID":null,"emcosMLID":null,"WSName":"DB","rangeAddress":"$GD$95:$GD$132","headAddress":"$GD$95","bodyAddress":"$GD$96:$GD$132","_name":"ручное"},"оперативное":{"_level":2,"parentID":"ba89349c-128a-4af0-bcb6-2e87b15618ab","firstParentID":"7850f25d-734a-4d03-98ad-ce5048a7b6f9","ID":"a0b573fe-ee83-4edf-993a-1af5a2066888","childs":null,"emcosID":null,"emcosMLID":null,"WSName":"DB","rangeAddress":"$GE$95:$GE$132","headAddress":"$GE$95","bodyAddress":"$GE$96:$GE$132","_name":"оперативное"}},"emcosID":null,"emcosMLID":null,"WSName":"DB","rangeAddress":"$GA$94:$GE$132","headAddress":"$GA$94:$GE$94","bodyAddress":"$GA$95:$GE$132","_name":"отдача"}},"emcosID":null,"emcosMLID":null,"WSName":"DB","rangeAddress":"$FV$93:$GE$132","headAddress":"$FV$93:$GE$93","bodyAddress":"$FV$94:$GE$132","_name":"Л2173 Западная 140А"}},"codPlan":null,"meterCoef":null,"_name":"Л2173 Западная 140А"}