{"ID":"8019ae1f-7321-4e9c-97dd-a01cb81acb24","childs":{"PS":{"_level":0,"parentID":"8019ae1f-7321-4e9c-97dd-a01cb81acb24","firstParentID":"8019ae1f-7321-4e9c-97dd-a01cb81acb24","ID":"bcb09877-9f92-424c-8575-5adb06e4c558","childs":{"отдача":{"_level":1,"parentID":"bcb09877-9f92-424c-8575-5adb06e4c558","firstParentID":"8019ae1f-7321-4e9c-97dd-a01cb81acb24","ID":"19214fcf-f1ad-4c01-81b3-fc8671997cbe","childs":{"формула":{"_level":2,"parentID":"19214fcf-f1ad-4c01-81b3-fc8671997cbe","firstParentID":"8019ae1f-7321-4e9c-97dd-a01cb81acb24","ID":"2cd08c8a-9fb4-40df-a9f2-7829294e3515","childs":null,"emcosID":null,"emcosMLID":null,"codTEP":null,"WSName":"PS","rangeAddress":"$AC$185:$AC$221","headAddress":"$AC$185","bodyAddress":"$AC$186:$AC$221","_name":"формула"}},"emcosID":null,"emcosMLID":null,"codTEP":null,"WSName":"PS","rangeAddress":"$AC$184:$AC$221","headAddress":"$AC$184","bodyAddress":"$AC$185:$AC$221","_name":"отдача"}},"emcosID":null,"emcosMLID":null,"codTEP":null,"WSName":"PS","rangeAddress":"$AC$183:$AC$221","headAddress":"$AC$183","bodyAddress":"$AC$184:$AC$221","_name":"Отпуск в сеть Mistral Energy СЭС Каскелен 50"},"DB":{"_level":0,"parentID":"8019ae1f-7321-4e9c-97dd-a01cb81acb24","firstParentID":"8019ae1f-7321-4e9c-97dd-a01cb81acb24","ID":"a4ccc24e-050b-46f8-aca0-368cd40aa2e5","childs":{"отдача":{"_level":1,"parentID":"a4ccc24e-050b-46f8-aca0-368cd40aa2e5","firstParentID":"8019ae1f-7321-4e9c-97dd-a01cb81acb24","ID":"83e4d8b8-6919-4ee7-a289-aed3157408c4","childs":{"код":{"_level":2,"parentID":"83e4d8b8-6919-4ee7-a289-aed3157408c4","firstParentID":"8019ae1f-7321-4e9c-97dd-a01cb81acb24","ID":"a8c0eb03-077e-40d5-921c-e7b86618a1bb","childs":null,"emcosID":null,"emcosMLID":null,"codTEP":null,"WSName":"DB","rangeAddress":"$AK$396:$AK$433","headAddress":"$AK$396","bodyAddress":"$AK$397:$AK$433","_name":"код"},"основное":{"_level":2,"parentID":"83e4d8b8-6919-4ee7-a289-aed3157408c4","firstParentID":"8019ae1f-7321-4e9c-97dd-a01cb81acb24","ID":"289855ef-4a81-455b-92c1-7a605ef5e7b4","childs":null,"emcosID":null,"emcosMLID":null,"codTEP":null,"WSName":"DB","rangeAddress":"$AL$396:$AL$433","headAddress":"$AL$396","bodyAddress":"$AL$397:$AL$433","_name":"основное"},"корректировка факт":{"_level":2,"parentID":"83e4d8b8-6919-4ee7-a289-aed3157408c4","firstParentID":"8019ae1f-7321-4e9c-97dd-a01cb81acb24","ID":"fa9b92cd-df8c-457e-a526-74dbaaca7f63","childs":null,"emcosID":null,"emcosMLID":null,"codTEP":null,"WSName":"DB","rangeAddress":"$AM$396:$AM$433","headAddress":"$AM$396","bodyAddress":"$AM$397:$AM$433","_name":"корректировка факт"},"ручное":{"_level":2,"parentID":"83e4d8b8-6919-4ee7-a289-aed3157408c4","firstParentID":"8019ae1f-7321-4e9c-97dd-a01cb81acb24","ID":"9f48bcbe-720e-4682-873c-5cab8c436752","childs":null,"emcosID":null,"emcosMLID":null,"codTEP":null,"WSName":"DB","rangeAddress":"$AN$396:$AN$433","headAddress":"$AN$396","bodyAddress":"$AN$397:$AN$433","_name":"ручное"},"формула":{"_level":2,"parentID":"83e4d8b8-6919-4ee7-a289-aed3157408c4","firstParentID":"8019ae1f-7321-4e9c-97dd-a01cb81acb24","ID":"5af31071-5bce-4ffc-84b5-63ec105741c0","childs":null,"emcosID":null,"emcosMLID":null,"codTEP":null,"WSName":"DB","rangeAddress":"$AO$396:$AO$433","headAddress":"$AO$396","bodyAddress":"$AO$397:$AO$433","_name":"формула"}},"emcosID":null,"emcosMLID":null,"codTEP":null,"WSName":"DB","rangeAddress":"$AK$395:$AO$433","headAddress":"$AK$395:$AO$395","bodyAddress":"$AK$396:$AO$433","_name":"отдача"}},"emcosID":null,"emcosMLID":null,"codTEP":null,"WSName":"DB","rangeAddress":"$AK$394:$AO$433","headAddress":"$AK$394:$AO$394","bodyAddress":"$AK$395:$AO$433","_name":"Отпуск в сеть Mistral Energy СЭС Каскелен 50"}},"codPlan":null,"meterCoef":null,"_name":"Отпуск в сеть Mistral Energy СЭС Каскелен 50"}