{"ID":"8173e1f5-8c88-46ec-8165-23a1effbe1b2","childs":{"PS":{"_level":0,"parentID":"8173e1f5-8c88-46ec-8165-23a1effbe1b2","firstParentID":"8173e1f5-8c88-46ec-8165-23a1effbe1b2","ID":"b7e93c62-973a-4ad6-a324-4620b924b1ba","childs":{"прием":{"_level":1,"parentID":"b7e93c62-973a-4ad6-a324-4620b924b1ba","firstParentID":"8173e1f5-8c88-46ec-8165-23a1effbe1b2","ID":"f1cff895-09e8-4c44-a780-535bc8168229","childs":{"по счетчику":{"_level":2,"parentID":"f1cff895-09e8-4c44-a780-535bc8168229","firstParentID":"8173e1f5-8c88-46ec-8165-23a1effbe1b2","ID":"bb36895b-1b74-49e6-9d67-03754ff4930b","childs":null,"emcosID":null,"emcosMLID":null,"WSName":"PS","rangeAddress":"$I$56:$I$92","headAddress":"$I$56","bodyAddress":"$I$57:$I$92","_name":"по счетчику"}},"emcosID":null,"emcosMLID":null,"WSName":"PS","rangeAddress":"$I$55:$I$92","headAddress":"$I$55","bodyAddress":"$I$56:$I$92","_name":"прием"},"отдача":{"_level":1,"parentID":"b7e93c62-973a-4ad6-a324-4620b924b1ba","firstParentID":"8173e1f5-8c88-46ec-8165-23a1effbe1b2","ID":"a72ac656-47c1-451a-99d1-e93bb7a7b742","childs":{"по счетчику":{"_level":2,"parentID":"a72ac656-47c1-451a-99d1-e93bb7a7b742","firstParentID":"8173e1f5-8c88-46ec-8165-23a1effbe1b2","ID":"efe28019-018b-4b54-a291-020cf00d735c","childs":null,"emcosID":null,"emcosMLID":null,"WSName":"PS","rangeAddress":"$J$56:$J$92","headAddress":"$J$56","bodyAddress":"$J$57:$J$92","_name":"по счетчику"}},"emcosID":null,"emcosMLID":null,"WSName":"PS","rangeAddress":"$J$55:$J$92","headAddress":"$J$55","bodyAddress":"$J$56:$J$92","_name":"отдача"}},"emcosID":null,"emcosMLID":null,"WSName":"PS","rangeAddress":"$I$54:$J$92","headAddress":"$I$54:$J$54","bodyAddress":"$I$55:$J$92","_name":"Л5320 ЮКГРЭС"},"DB":{"_level":0,"parentID":"8173e1f5-8c88-46ec-8165-23a1effbe1b2","firstParentID":"8173e1f5-8c88-46ec-8165-23a1effbe1b2","ID":"6554aad6-d7b3-4c9e-bffc-28c053d2f805","childs":{"прием":{"_level":1,"parentID":"6554aad6-d7b3-4c9e-bffc-28c053d2f805","firstParentID":"8173e1f5-8c88-46ec-8165-23a1effbe1b2","ID":"4f55fe37-26f8-4564-9f10-8862695fdec0","childs":{"код":{"_level":2,"parentID":"4f55fe37-26f8-4564-9f10-8862695fdec0","firstParentID":"8173e1f5-8c88-46ec-8165-23a1effbe1b2","ID":"1822cd30-873e-4ef6-bdac-00b359437286","childs":null,"emcosID":null,"emcosMLID":null,"WSName":"DB","rangeAddress":"$LU$9:$LU$46","headAddress":"$LU$9","bodyAddress":"$LU$10:$LU$46","_name":"код"},"основное":{"_level":2,"parentID":"4f55fe37-26f8-4564-9f10-8862695fdec0","firstParentID":"8173e1f5-8c88-46ec-8165-23a1effbe1b2","ID":"ff90af43-e9dd-4525-aeff-e2c6cb8b2c7d","childs":null,"emcosID":null,"emcosMLID":null,"WSName":"DB","rangeAddress":"$LV$9:$LV$46","headAddress":"$LV$9","bodyAddress":"$LV$10:$LV$46","_name":"основное"},"корректировка факт":{"_level":2,"parentID":"4f55fe37-26f8-4564-9f10-8862695fdec0","firstParentID":"8173e1f5-8c88-46ec-8165-23a1effbe1b2","ID":"4ff31a81-50fe-4444-9cab-5425be611eee","childs":null,"emcosID":null,"emcosMLID":null,"WSName":"DB","rangeAddress":"$LW$9:$LW$46","headAddress":"$LW$9","bodyAddress":"$LW$10:$LW$46","_name":"корректировка факт"},"ручное":{"_level":2,"parentID":"4f55fe37-26f8-4564-9f10-8862695fdec0","firstParentID":"8173e1f5-8c88-46ec-8165-23a1effbe1b2","ID":"0654850a-3947-4952-ad80-15e4c862828d","childs":null,"emcosID":null,"emcosMLID":null,"WSName":"DB","rangeAddress":"$LX$9:$LX$46","headAddress":"$LX$9","bodyAddress":"$LX$10:$LX$46","_name":"ручное"},"счетчик":{"_level":2,"parentID":"4f55fe37-26f8-4564-9f10-8862695fdec0","firstParentID":"8173e1f5-8c88-46ec-8165-23a1effbe1b2","ID":"cca5b527-f277-4a19-9cc8-3e6772f1a412","childs":null,"emcosID":null,"emcosMLID":null,"WSName":"DB","rangeAddress":"$LY$9:$LY$46","headAddress":"$LY$9","bodyAddress":"$LY$10:$LY$46","_name":"счетчик"},"по счетчику":{"_level":2,"parentID":"4f55fe37-26f8-4564-9f10-8862695fdec0","firstParentID":"8173e1f5-8c88-46ec-8165-23a1effbe1b2","ID":"87be73c7-eb01-4a19-96e8-c72d6c888e4f","childs":null,"emcosID":null,"emcosMLID":null,"WSName":"DB","rangeAddress":"$LZ$9:$LZ$46","headAddress":"$LZ$9","bodyAddress":"$LZ$10:$LZ$46","_name":"по счетчику"},"аскуэ":{"_level":2,"parentID":"4f55fe37-26f8-4564-9f10-8862695fdec0","firstParentID":"8173e1f5-8c88-46ec-8165-23a1effbe1b2","ID":"1ebd2664-1b16-4f5b-aa33-7c5be76047a9","childs":null,"emcosID":null,"emcosMLID":null,"WSName":"DB","rangeAddress":"$MA$9:$MA$46","headAddress":"$MA$9","bodyAddress":"$MA$10:$MA$46","_name":"аскуэ"}},"emcosID":null,"emcosMLID":null,"WSName":"DB","rangeAddress":"$LU$8:$MA$46","headAddress":"$LU$8:$MA$8","bodyAddress":"$LU$9:$MA$46","_name":"прием"},"отдача":{"_level":1,"parentID":"6554aad6-d7b3-4c9e-bffc-28c053d2f805","firstParentID":"8173e1f5-8c88-46ec-8165-23a1effbe1b2","ID":"45b349b5-d537-43dd-961a-148112ac544c","childs":{"код":{"_level":2,"parentID":"45b349b5-d537-43dd-961a-148112ac544c","firstParentID":"8173e1f5-8c88-46ec-8165-23a1effbe1b2","ID":"6d2a7ff7-613d-42e8-ab33-539b282c6428","childs":null,"emcosID":null,"emcosMLID":null,"WSName":"DB","rangeAddress":"$MB$9:$MB$46","headAddress":"$MB$9","bodyAddress":"$MB$10:$MB$46","_name":"код"},"основное":{"_level":2,"parentID":"45b349b5-d537-43dd-961a-148112ac544c","firstParentID":"8173e1f5-8c88-46ec-8165-23a1effbe1b2","ID":"f0efc28a-806d-432a-b29c-a65bc854d33e","childs":null,"emcosID":null,"emcosMLID":null,"WSName":"DB","rangeAddress":"$MC$9:$MC$46","headAddress":"$MC$9","bodyAddress":"$MC$10:$MC$46","_name":"основное"},"корректировка факт":{"_level":2,"parentID":"45b349b5-d537-43dd-961a-148112ac544c","firstParentID":"8173e1f5-8c88-46ec-8165-23a1effbe1b2","ID":"6edbc539-d0ab-4baf-bee0-2fcd25d39fb0","childs":null,"emcosID":null,"emcosMLID":null,"WSName":"DB","rangeAddress":"$MD$9:$MD$46","headAddress":"$MD$9","bodyAddress":"$MD$10:$MD$46","_name":"корректировка факт"},"ручное":{"_level":2,"parentID":"45b349b5-d537-43dd-961a-148112ac544c","firstParentID":"8173e1f5-8c88-46ec-8165-23a1effbe1b2","ID":"0e499d75-21ff-460b-8fbb-6bc64ffeac80","childs":null,"emcosID":null,"emcosMLID":null,"WSName":"DB","rangeAddress":"$ME$9:$ME$46","headAddress":"$ME$9","bodyAddress":"$ME$10:$ME$46","_name":"ручное"},"счетчик":{"_level":2,"parentID":"45b349b5-d537-43dd-961a-148112ac544c","firstParentID":"8173e1f5-8c88-46ec-8165-23a1effbe1b2","ID":"a980998b-2f1b-48e6-8da7-1f5178e02352","childs":null,"emcosID":null,"emcosMLID":null,"WSName":"DB","rangeAddress":"$MF$9:$MF$46","headAddress":"$MF$9","bodyAddress":"$MF$10:$MF$46","_name":"счетчик"},"по счетчику":{"_level":2,"parentID":"45b349b5-d537-43dd-961a-148112ac544c","firstParentID":"8173e1f5-8c88-46ec-8165-23a1effbe1b2","ID":"08f76fdf-125e-4f02-b62c-d66de9c9a69c","childs":null,"emcosID":null,"emcosMLID":null,"WSName":"DB","rangeAddress":"$MG$9:$MG$46","headAddress":"$MG$9","bodyAddress":"$MG$10:$MG$46","_name":"по счетчику"},"аскуэ":{"_level":2,"parentID":"45b349b5-d537-43dd-961a-148112ac544c","firstParentID":"8173e1f5-8c88-46ec-8165-23a1effbe1b2","ID":"9fd36736-bb40-44db-a9ac-9f96e0b6ede1","childs":null,"emcosID":null,"emcosMLID":null,"WSName":"DB","rangeAddress":"$MH$9:$MH$46","headAddress":"$MH$9","bodyAddress":"$MH$10:$MH$46","_name":"аскуэ"}},"emcosID":null,"emcosMLID":null,"WSName":"DB","rangeAddress":"$MB$8:$MH$46","headAddress":"$MB$8:$MH$8","bodyAddress":"$MB$9:$MH$46","_name":"отдача"}},"emcosID":null,"emcosMLID":null,"WSName":"DB","rangeAddress":"$LU$7:$MH$46","headAddress":"$LU$7:$MH$7","bodyAddress":"$LU$8:$MH$46","_name":"Л5320 ЮКГРЭС"}},"codPlan":null,"meterCoef":null,"_name":"Л5320 ЮКГРЭС"}