{"ID":"81ff809b-76b2-4213-8e3e-924b5fff8cfb","childs":{"PS":{"_level":0,"parentID":"81ff809b-76b2-4213-8e3e-924b5fff8cfb","firstParentID":"81ff809b-76b2-4213-8e3e-924b5fff8cfb","ID":"e15b972c-0718-4fb9-be94-f7b3b0c4112a","childs":{"отдача":{"_level":1,"parentID":"e15b972c-0718-4fb9-be94-f7b3b0c4112a","firstParentID":"81ff809b-76b2-4213-8e3e-924b5fff8cfb","ID":"5cccc382-2fb6-4159-8d5f-03338e7435ef","childs":{"ручное":{"_level":2,"parentID":"5cccc382-2fb6-4159-8d5f-03338e7435ef","firstParentID":"81ff809b-76b2-4213-8e3e-924b5fff8cfb","ID":"817841ce-c69b-4304-acfc-d14957937701","childs":null,"emcosID":null,"emcosMLID":null,"codTEP":null,"WSName":"PS","rangeAddress":"$AO$185:$AO$221","headAddress":"$AO$185","bodyAddress":"$AO$186:$AO$221","_name":"ручное"}},"emcosID":null,"emcosMLID":null,"codTEP":null,"WSName":"PS","rangeAddress":"$AO$184:$AO$221","headAddress":"$AO$184","bodyAddress":"$AO$185:$AO$221","_name":"отдача"}},"emcosID":null,"emcosMLID":null,"codTEP":null,"WSName":"PS","rangeAddress":"$AO$183:$AO$221","headAddress":"$AO$183","bodyAddress":"$AO$184:$AO$221","_name":"Генерация КазНИИ Чокина"},"DB":{"_level":0,"parentID":"81ff809b-76b2-4213-8e3e-924b5fff8cfb","firstParentID":"81ff809b-76b2-4213-8e3e-924b5fff8cfb","ID":"3252485b-0d07-4b08-a040-1bdd54aaeb7e","childs":{"отдача":{"_level":1,"parentID":"3252485b-0d07-4b08-a040-1bdd54aaeb7e","firstParentID":"81ff809b-76b2-4213-8e3e-924b5fff8cfb","ID":"95d72e7d-f457-416a-a6f1-597840fbe44e","childs":{"код":{"_level":2,"parentID":"95d72e7d-f457-416a-a6f1-597840fbe44e","firstParentID":"81ff809b-76b2-4213-8e3e-924b5fff8cfb","ID":"4ddefaf9-3655-4a04-b37d-9256bc1010df","childs":null,"emcosID":null,"emcosMLID":null,"codTEP":null,"WSName":"DB","rangeAddress":"$GF$267:$GF$304","headAddress":"$GF$267","bodyAddress":"$GF$268:$GF$304","_name":"код"},"основное":{"_level":2,"parentID":"95d72e7d-f457-416a-a6f1-597840fbe44e","firstParentID":"81ff809b-76b2-4213-8e3e-924b5fff8cfb","ID":"b98e850f-0031-484d-9645-7e21ab18df53","childs":null,"emcosID":null,"emcosMLID":null,"codTEP":null,"WSName":"DB","rangeAddress":"$GG$267:$GG$304","headAddress":"$GG$267","bodyAddress":"$GG$268:$GG$304","_name":"основное"},"корректировка факт":{"_level":2,"parentID":"95d72e7d-f457-416a-a6f1-597840fbe44e","firstParentID":"81ff809b-76b2-4213-8e3e-924b5fff8cfb","ID":"01c524d5-44d1-466e-a25b-b5e5277dfdd5","childs":null,"emcosID":null,"emcosMLID":null,"codTEP":null,"WSName":"DB","rangeAddress":"$GH$267:$GH$304","headAddress":"$GH$267","bodyAddress":"$GH$268:$GH$304","_name":"корректировка факт"},"ручное":{"_level":2,"parentID":"95d72e7d-f457-416a-a6f1-597840fbe44e","firstParentID":"81ff809b-76b2-4213-8e3e-924b5fff8cfb","ID":"fca93df7-acb0-443e-861c-d10c85edd9d3","childs":null,"emcosID":null,"emcosMLID":null,"codTEP":null,"WSName":"DB","rangeAddress":"$GI$267:$GI$304","headAddress":"$GI$267","bodyAddress":"$GI$268:$GI$304","_name":"ручное"}},"emcosID":null,"emcosMLID":null,"codTEP":null,"WSName":"DB","rangeAddress":"$GF$266:$GI$304","headAddress":"$GF$266:$GI$266","bodyAddress":"$GF$267:$GI$304","_name":"отдача"}},"emcosID":null,"emcosMLID":null,"codTEP":null,"WSName":"DB","rangeAddress":"$GF$265:$GI$304","headAddress":"$GF$265:$GI$265","bodyAddress":"$GF$266:$GI$304","_name":"Генерация КазНИИ Чокина"}},"codPlan":null,"meterCoef":null,"_name":"Генерация КазНИИ Чокина"}