{"ID":"831b8434-e0fc-49a2-a9fd-eac37593f199","childs":{"PS":{"_level":0,"parentID":"831b8434-e0fc-49a2-a9fd-eac37593f199","firstParentID":"831b8434-e0fc-49a2-a9fd-eac37593f199","ID":"67b6da45-26aa-4c45-84d6-928a8c183013","childs":{"прием":{"_level":1,"parentID":"67b6da45-26aa-4c45-84d6-928a8c183013","firstParentID":"831b8434-e0fc-49a2-a9fd-eac37593f199","ID":"5ea23fe7-c761-4bcb-add2-0d2855e72736","childs":{"по счетчику":{"_level":2,"parentID":"5ea23fe7-c761-4bcb-add2-0d2855e72736","firstParentID":"831b8434-e0fc-49a2-a9fd-eac37593f199","ID":"074d6a3d-fa08-4e49-bc48-3b585ebc7068","childs":null,"emcosID":null,"emcosMLID":null,"codTEP":null,"WSName":"PS","rangeAddress":"$Y$56:$Y$92","headAddress":"$Y$56","bodyAddress":"$Y$57:$Y$92","_name":"по счетчику"}},"emcosID":null,"emcosMLID":null,"codTEP":null,"WSName":"PS","rangeAddress":"$Y$55:$Y$92","headAddress":"$Y$55","bodyAddress":"$Y$56:$Y$92","_name":"прием"},"отдача":{"_level":1,"parentID":"67b6da45-26aa-4c45-84d6-928a8c183013","firstParentID":"831b8434-e0fc-49a2-a9fd-eac37593f199","ID":"a13e6897-32c4-4372-84db-60e28bfeba75","childs":{"по счетчику":{"_level":2,"parentID":"a13e6897-32c4-4372-84db-60e28bfeba75","firstParentID":"831b8434-e0fc-49a2-a9fd-eac37593f199","ID":"6f275eee-cee6-4cb9-8f22-a16730f94943","childs":null,"emcosID":null,"emcosMLID":null,"codTEP":null,"WSName":"PS","rangeAddress":"$Z$56:$Z$92","headAddress":"$Z$56","bodyAddress":"$Z$57:$Z$92","_name":"по счетчику"}},"emcosID":null,"emcosMLID":null,"codTEP":null,"WSName":"PS","rangeAddress":"$Z$55:$Z$92","headAddress":"$Z$55","bodyAddress":"$Z$56:$Z$92","_name":"отдача"}},"emcosID":null,"emcosMLID":null,"codTEP":null,"WSName":"PS","rangeAddress":"$Y$54:$Z$92","headAddress":"$Y$54:$Z$54","bodyAddress":"$Y$55:$Z$92","_name":"Л2223 ЮКГРЭС"},"DB":{"_level":0,"parentID":"831b8434-e0fc-49a2-a9fd-eac37593f199","firstParentID":"831b8434-e0fc-49a2-a9fd-eac37593f199","ID":"9bfac24d-2390-45b0-a8ea-41973d18133d","childs":{"прием":{"_level":1,"parentID":"9bfac24d-2390-45b0-a8ea-41973d18133d","firstParentID":"831b8434-e0fc-49a2-a9fd-eac37593f199","ID":"4b304bdc-8d9e-4df3-85c3-128abda1b0ed","childs":{"код":{"_level":2,"parentID":"4b304bdc-8d9e-4df3-85c3-128abda1b0ed","firstParentID":"831b8434-e0fc-49a2-a9fd-eac37593f199","ID":"d747eb14-5579-4c03-bbf7-6a251870f429","childs":null,"emcosID":null,"emcosMLID":null,"codTEP":null,"WSName":"DB","rangeAddress":"$JR$9:$JR$46","headAddress":"$JR$9","bodyAddress":"$JR$10:$JR$46","_name":"код"},"основное":{"_level":2,"parentID":"4b304bdc-8d9e-4df3-85c3-128abda1b0ed","firstParentID":"831b8434-e0fc-49a2-a9fd-eac37593f199","ID":"440364a9-e16c-46ab-93a0-60d476d23655","childs":null,"emcosID":null,"emcosMLID":null,"codTEP":null,"WSName":"DB","rangeAddress":"$JS$9:$JS$46","headAddress":"$JS$9","bodyAddress":"$JS$10:$JS$46","_name":"основное"},"корректировка факт":{"_level":2,"parentID":"4b304bdc-8d9e-4df3-85c3-128abda1b0ed","firstParentID":"831b8434-e0fc-49a2-a9fd-eac37593f199","ID":"6a6fc045-0dc7-492f-b25d-3bb0dedfb635","childs":null,"emcosID":null,"emcosMLID":null,"codTEP":null,"WSName":"DB","rangeAddress":"$JT$9:$JT$46","headAddress":"$JT$9","bodyAddress":"$JT$10:$JT$46","_name":"корректировка факт"},"ручное":{"_level":2,"parentID":"4b304bdc-8d9e-4df3-85c3-128abda1b0ed","firstParentID":"831b8434-e0fc-49a2-a9fd-eac37593f199","ID":"a375b590-93bc-4283-8c8a-faf43b28d1ae","childs":null,"emcosID":null,"emcosMLID":null,"codTEP":null,"WSName":"DB","rangeAddress":"$JU$9:$JU$46","headAddress":"$JU$9","bodyAddress":"$JU$10:$JU$46","_name":"ручное"},"счетчик":{"_level":2,"parentID":"4b304bdc-8d9e-4df3-85c3-128abda1b0ed","firstParentID":"831b8434-e0fc-49a2-a9fd-eac37593f199","ID":"f3b9a299-6523-4b10-9a0f-4e005637fa33","childs":null,"emcosID":null,"emcosMLID":null,"codTEP":null,"WSName":"DB","rangeAddress":"$JV$9:$JV$46","headAddress":"$JV$9","bodyAddress":"$JV$10:$JV$46","_name":"счетчик"},"по счетчику":{"_level":2,"parentID":"4b304bdc-8d9e-4df3-85c3-128abda1b0ed","firstParentID":"831b8434-e0fc-49a2-a9fd-eac37593f199","ID":"e7ab0d4d-f497-4613-86d7-a427f2529a1d","childs":null,"emcosID":null,"emcosMLID":null,"codTEP":null,"WSName":"DB","rangeAddress":"$JW$9:$JW$46","headAddress":"$JW$9","bodyAddress":"$JW$10:$JW$46","_name":"по счетчику"}},"emcosID":null,"emcosMLID":null,"codTEP":null,"WSName":"DB","rangeAddress":"$JR$8:$JW$46","headAddress":"$JR$8:$JW$8","bodyAddress":"$JR$9:$JW$46","_name":"прием"},"отдача":{"_level":1,"parentID":"9bfac24d-2390-45b0-a8ea-41973d18133d","firstParentID":"831b8434-e0fc-49a2-a9fd-eac37593f199","ID":"c10a938c-a466-4b52-8ece-85372dd3558b","childs":{"код":{"_level":2,"parentID":"c10a938c-a466-4b52-8ece-85372dd3558b","firstParentID":"831b8434-e0fc-49a2-a9fd-eac37593f199","ID":"82ad5fd8-b1d3-4bea-8151-8eb10efdaecf","childs":null,"emcosID":null,"emcosMLID":null,"codTEP":null,"WSName":"DB","rangeAddress":"$JX$9:$JX$46","headAddress":"$JX$9","bodyAddress":"$JX$10:$JX$46","_name":"код"},"основное":{"_level":2,"parentID":"c10a938c-a466-4b52-8ece-85372dd3558b","firstParentID":"831b8434-e0fc-49a2-a9fd-eac37593f199","ID":"55e77a17-e91a-4d8e-beb9-b6aed155c80f","childs":null,"emcosID":null,"emcosMLID":null,"codTEP":null,"WSName":"DB","rangeAddress":"$JY$9:$JY$46","headAddress":"$JY$9","bodyAddress":"$JY$10:$JY$46","_name":"основное"},"корректировка факт":{"_level":2,"parentID":"c10a938c-a466-4b52-8ece-85372dd3558b","firstParentID":"831b8434-e0fc-49a2-a9fd-eac37593f199","ID":"cca08374-3168-4c1e-950e-15c5f0c1eb02","childs":null,"emcosID":null,"emcosMLID":null,"codTEP":null,"WSName":"DB","rangeAddress":"$JZ$9:$JZ$46","headAddress":"$JZ$9","bodyAddress":"$JZ$10:$JZ$46","_name":"корректировка факт"},"ручное":{"_level":2,"parentID":"c10a938c-a466-4b52-8ece-85372dd3558b","firstParentID":"831b8434-e0fc-49a2-a9fd-eac37593f199","ID":"403b5960-7641-4fea-8b74-217c9d7c7cde","childs":null,"emcosID":null,"emcosMLID":null,"codTEP":null,"WSName":"DB","rangeAddress":"$KA$9:$KA$46","headAddress":"$KA$9","bodyAddress":"$KA$10:$KA$46","_name":"ручное"},"счетчик":{"_level":2,"parentID":"c10a938c-a466-4b52-8ece-85372dd3558b","firstParentID":"831b8434-e0fc-49a2-a9fd-eac37593f199","ID":"ab8f3b74-a917-4b51-b23b-952dbfdd98b0","childs":null,"emcosID":null,"emcosMLID":null,"codTEP":null,"WSName":"DB","rangeAddress":"$KB$9:$KB$46","headAddress":"$KB$9","bodyAddress":"$KB$10:$KB$46","_name":"счетчик"},"по счетчику":{"_level":2,"parentID":"c10a938c-a466-4b52-8ece-85372dd3558b","firstParentID":"831b8434-e0fc-49a2-a9fd-eac37593f199","ID":"be56f131-a5ba-42f4-9c0b-7a8799d3f15e","childs":null,"emcosID":null,"emcosMLID":null,"codTEP":null,"WSName":"DB","rangeAddress":"$KC$9:$KC$46","headAddress":"$KC$9","bodyAddress":"$KC$10:$KC$46","_name":"по счетчику"}},"emcosID":null,"emcosMLID":null,"codTEP":null,"WSName":"DB","rangeAddress":"$JX$8:$KC$46","headAddress":"$JX$8:$KC$8","bodyAddress":"$JX$9:$KC$46","_name":"отдача"}},"emcosID":null,"emcosMLID":null,"codTEP":null,"WSName":"DB","rangeAddress":"$JR$7:$KC$46","headAddress":"$JR$7:$KC$7","bodyAddress":"$JR$8:$KC$46","_name":"Л2223 ЮКГРЭС"}},"codPlan":null,"meterCoef":null,"_name":"Л2223 ЮКГРЭС"}