{"ID":"86dfc309-53d4-4ab6-bf31-41f30f83d9c1","childs":{"PS":{"_level":0,"parentID":"86dfc309-53d4-4ab6-bf31-41f30f83d9c1","firstParentID":"86dfc309-53d4-4ab6-bf31-41f30f83d9c1","ID":"9217369b-acb0-4615-a647-37aba05dfac9","childs":{"прием":{"_level":1,"parentID":"9217369b-acb0-4615-a647-37aba05dfac9","firstParentID":"86dfc309-53d4-4ab6-bf31-41f30f83d9c1","ID":"ad11950e-4766-4ba7-ae1f-95f3053aed44","childs":{"по счетчику":{"_level":2,"parentID":"ad11950e-4766-4ba7-ae1f-95f3053aed44","firstParentID":"86dfc309-53d4-4ab6-bf31-41f30f83d9c1","ID":"2d4ce7b7-a45b-4b74-bb13-d4394d72633a","childs":null,"emcosID":null,"emcosMLID":null,"codTEP":null,"WSName":"PS","rangeAddress":"$DW$56:$DW$92","headAddress":"$DW$56","bodyAddress":"$DW$57:$DW$92","_name":"по счетчику"}},"emcosID":null,"emcosMLID":null,"codTEP":null,"WSName":"PS","rangeAddress":"$DW$55:$DW$92","headAddress":"$DW$55","bodyAddress":"$DW$56:$DW$92","_name":"прием"},"отдача":{"_level":1,"parentID":"9217369b-acb0-4615-a647-37aba05dfac9","firstParentID":"86dfc309-53d4-4ab6-bf31-41f30f83d9c1","ID":"99e1b207-1a89-4f57-9e9d-e70eeb10b79e","childs":{"по счетчику":{"_level":2,"parentID":"99e1b207-1a89-4f57-9e9d-e70eeb10b79e","firstParentID":"86dfc309-53d4-4ab6-bf31-41f30f83d9c1","ID":"f05a237e-02c0-4c5a-9fc3-211f31eb20c8","childs":null,"emcosID":null,"emcosMLID":null,"codTEP":null,"WSName":"PS","rangeAddress":"$DX$56:$DX$92","headAddress":"$DX$56","bodyAddress":"$DX$57:$DX$92","_name":"по счетчику"}},"emcosID":null,"emcosMLID":null,"codTEP":null,"WSName":"PS","rangeAddress":"$DX$55:$DX$92","headAddress":"$DX$55","bodyAddress":"$DX$56:$DX$92","_name":"отдача"}},"emcosID":null,"emcosMLID":null,"codTEP":null,"WSName":"PS","rangeAddress":"$DW$54:$DX$92","headAddress":"$DW$54:$DX$54","bodyAddress":"$DW$55:$DX$92","_name":"Л2463 Алма"},"DB":{"_level":0,"parentID":"86dfc309-53d4-4ab6-bf31-41f30f83d9c1","firstParentID":"86dfc309-53d4-4ab6-bf31-41f30f83d9c1","ID":"e9d49ae5-6433-4bb5-92ed-c18274b1c69e","childs":{"прием":{"_level":1,"parentID":"e9d49ae5-6433-4bb5-92ed-c18274b1c69e","firstParentID":"86dfc309-53d4-4ab6-bf31-41f30f83d9c1","ID":"3ed2be43-df3a-4cd3-9d5f-cc3572d60a44","childs":{"код":{"_level":2,"parentID":"3ed2be43-df3a-4cd3-9d5f-cc3572d60a44","firstParentID":"86dfc309-53d4-4ab6-bf31-41f30f83d9c1","ID":"3bbb6827-ca6f-4a79-96c6-0d621cc9059c","childs":null,"emcosID":null,"emcosMLID":null,"codTEP":null,"WSName":"DB","rangeAddress":"$FA$52:$FA$89","headAddress":"$FA$52","bodyAddress":"$FA$53:$FA$89","_name":"код"},"основное":{"_level":2,"parentID":"3ed2be43-df3a-4cd3-9d5f-cc3572d60a44","firstParentID":"86dfc309-53d4-4ab6-bf31-41f30f83d9c1","ID":"16eae507-86db-45c8-a4d1-08662905dd1a","childs":null,"emcosID":null,"emcosMLID":null,"codTEP":null,"WSName":"DB","rangeAddress":"$FB$52:$FB$89","headAddress":"$FB$52","bodyAddress":"$FB$53:$FB$89","_name":"основное"},"корректировка факт":{"_level":2,"parentID":"3ed2be43-df3a-4cd3-9d5f-cc3572d60a44","firstParentID":"86dfc309-53d4-4ab6-bf31-41f30f83d9c1","ID":"ef1217bd-8a24-4a4d-8620-5a5b53b7e781","childs":null,"emcosID":null,"emcosMLID":null,"codTEP":null,"WSName":"DB","rangeAddress":"$FC$52:$FC$89","headAddress":"$FC$52","bodyAddress":"$FC$53:$FC$89","_name":"корректировка факт"},"ручное":{"_level":2,"parentID":"3ed2be43-df3a-4cd3-9d5f-cc3572d60a44","firstParentID":"86dfc309-53d4-4ab6-bf31-41f30f83d9c1","ID":"2ab420fa-120b-4713-911f-e5a260493a0b","childs":null,"emcosID":null,"emcosMLID":null,"codTEP":null,"WSName":"DB","rangeAddress":"$FD$52:$FD$89","headAddress":"$FD$52","bodyAddress":"$FD$53:$FD$89","_name":"ручное"},"счетчик":{"_level":2,"parentID":"3ed2be43-df3a-4cd3-9d5f-cc3572d60a44","firstParentID":"86dfc309-53d4-4ab6-bf31-41f30f83d9c1","ID":"edd607ce-161f-4c5f-b069-878b247a1f54","childs":null,"emcosID":null,"emcosMLID":null,"codTEP":null,"WSName":"DB","rangeAddress":"$FE$52:$FE$89","headAddress":"$FE$52","bodyAddress":"$FE$53:$FE$89","_name":"счетчик"},"по счетчику":{"_level":2,"parentID":"3ed2be43-df3a-4cd3-9d5f-cc3572d60a44","firstParentID":"86dfc309-53d4-4ab6-bf31-41f30f83d9c1","ID":"127b2117-0b71-421a-9334-0ac4b13fcc34","childs":null,"emcosID":null,"emcosMLID":null,"codTEP":null,"WSName":"DB","rangeAddress":"$FF$52:$FF$89","headAddress":"$FF$52","bodyAddress":"$FF$53:$FF$89","_name":"по счетчику"}},"emcosID":null,"emcosMLID":null,"codTEP":null,"WSName":"DB","rangeAddress":"$FA$51:$FF$89","headAddress":"$FA$51:$FF$51","bodyAddress":"$FA$52:$FF$89","_name":"прием"},"отдача":{"_level":1,"parentID":"e9d49ae5-6433-4bb5-92ed-c18274b1c69e","firstParentID":"86dfc309-53d4-4ab6-bf31-41f30f83d9c1","ID":"a2e242cd-9fc9-4250-9f82-427505dcaa84","childs":{"код":{"_level":2,"parentID":"a2e242cd-9fc9-4250-9f82-427505dcaa84","firstParentID":"86dfc309-53d4-4ab6-bf31-41f30f83d9c1","ID":"c98dec4d-e4bd-4a7c-a26f-77e08ceabfbb","childs":null,"emcosID":null,"emcosMLID":null,"codTEP":null,"WSName":"DB","rangeAddress":"$FG$52:$FG$89","headAddress":"$FG$52","bodyAddress":"$FG$53:$FG$89","_name":"код"},"основное":{"_level":2,"parentID":"a2e242cd-9fc9-4250-9f82-427505dcaa84","firstParentID":"86dfc309-53d4-4ab6-bf31-41f30f83d9c1","ID":"ed3193fc-589d-4dea-98cd-6493a82e69f3","childs":null,"emcosID":null,"emcosMLID":null,"codTEP":null,"WSName":"DB","rangeAddress":"$FH$52:$FH$89","headAddress":"$FH$52","bodyAddress":"$FH$53:$FH$89","_name":"основное"},"корректировка факт":{"_level":2,"parentID":"a2e242cd-9fc9-4250-9f82-427505dcaa84","firstParentID":"86dfc309-53d4-4ab6-bf31-41f30f83d9c1","ID":"8c13ab72-5df1-4c2c-a799-8782430bc70c","childs":null,"emcosID":null,"emcosMLID":null,"codTEP":null,"WSName":"DB","rangeAddress":"$FI$52:$FI$89","headAddress":"$FI$52","bodyAddress":"$FI$53:$FI$89","_name":"корректировка факт"},"ручное":{"_level":2,"parentID":"a2e242cd-9fc9-4250-9f82-427505dcaa84","firstParentID":"86dfc309-53d4-4ab6-bf31-41f30f83d9c1","ID":"fee94618-43a1-4b81-9631-b68638eaf11a","childs":null,"emcosID":null,"emcosMLID":null,"codTEP":null,"WSName":"DB","rangeAddress":"$FJ$52:$FJ$89","headAddress":"$FJ$52","bodyAddress":"$FJ$53:$FJ$89","_name":"ручное"},"счетчик":{"_level":2,"parentID":"a2e242cd-9fc9-4250-9f82-427505dcaa84","firstParentID":"86dfc309-53d4-4ab6-bf31-41f30f83d9c1","ID":"b9ba371c-1ef7-4412-afb5-bc08ceaef437","childs":null,"emcosID":null,"emcosMLID":null,"codTEP":null,"WSName":"DB","rangeAddress":"$FK$52:$FK$89","headAddress":"$FK$52","bodyAddress":"$FK$53:$FK$89","_name":"счетчик"},"по счетчику":{"_level":2,"parentID":"a2e242cd-9fc9-4250-9f82-427505dcaa84","firstParentID":"86dfc309-53d4-4ab6-bf31-41f30f83d9c1","ID":"b6d57d66-8968-46b2-85f7-da45a08c4d79","childs":null,"emcosID":null,"emcosMLID":null,"codTEP":null,"WSName":"DB","rangeAddress":"$FL$52:$FL$89","headAddress":"$FL$52","bodyAddress":"$FL$53:$FL$89","_name":"по счетчику"}},"emcosID":null,"emcosMLID":null,"codTEP":null,"WSName":"DB","rangeAddress":"$FG$51:$FL$89","headAddress":"$FG$51:$FL$51","bodyAddress":"$FG$52:$FL$89","_name":"отдача"}},"emcosID":null,"emcosMLID":null,"codTEP":null,"WSName":"DB","rangeAddress":"$FA$50:$FL$89","headAddress":"$FA$50:$FL$50","bodyAddress":"$FA$51:$FL$89","_name":"Л2463 Алма"}},"codPlan":null,"meterCoef":null,"_name":"Л2463 Алма"}