{"ID":"88a835ae-8916-4b78-9d6f-baf83d582cdc","childs":{"PS":{"_level":0,"parentID":"88a835ae-8916-4b78-9d6f-baf83d582cdc","firstParentID":"88a835ae-8916-4b78-9d6f-baf83d582cdc","ID":"89b4f615-bd01-4cb9-ab54-92041f3136cc","childs":{"отдача":{"_level":1,"parentID":"89b4f615-bd01-4cb9-ab54-92041f3136cc","firstParentID":"88a835ae-8916-4b78-9d6f-baf83d582cdc","ID":"d86470a7-92f4-4e18-90e4-ed81967c0270","childs":{"ручное":{"_level":2,"parentID":"d86470a7-92f4-4e18-90e4-ed81967c0270","firstParentID":"88a835ae-8916-4b78-9d6f-baf83d582cdc","ID":"7b10696a-76d9-491d-ab29-f4bbf8019ac0","childs":null,"emcosID":null,"emcosMLID":null,"WSName":"PS","rangeAddress":"$AD$228:$AD$264","headAddress":"$AD$228","bodyAddress":"$AD$229:$AD$264","_name":"ручное"}},"emcosID":null,"emcosMLID":null,"WSName":"PS","rangeAddress":"$AD$227:$AD$264","headAddress":"$AD$227","bodyAddress":"$AD$228:$AD$264","_name":"отдача"}},"emcosID":null,"emcosMLID":null,"WSName":"PS","rangeAddress":"$AD$226:$AD$264","headAddress":"$AD$226","bodyAddress":"$AD$227:$AD$264","_name":"Отпуск в сеть Каскад Каратальских ГЭС ККГЭС"},"DB":{"_level":0,"parentID":"88a835ae-8916-4b78-9d6f-baf83d582cdc","firstParentID":"88a835ae-8916-4b78-9d6f-baf83d582cdc","ID":"739380a8-5854-451c-b34b-3c37fe5450a5","childs":{"отдача":{"_level":1,"parentID":"739380a8-5854-451c-b34b-3c37fe5450a5","firstParentID":"88a835ae-8916-4b78-9d6f-baf83d582cdc","ID":"d7563ff4-9ba2-4491-bf3c-ff060e014c1e","childs":{"код":{"_level":2,"parentID":"d7563ff4-9ba2-4491-bf3c-ff060e014c1e","firstParentID":"88a835ae-8916-4b78-9d6f-baf83d582cdc","ID":"7e18b4ef-bd2d-4a26-a786-8d98f30bfa2a","childs":null,"emcosID":null,"emcosMLID":null,"WSName":"DB","rangeAddress":"$FP$224:$FP$261","headAddress":"$FP$224","bodyAddress":"$FP$225:$FP$261","_name":"код"},"основное":{"_level":2,"parentID":"d7563ff4-9ba2-4491-bf3c-ff060e014c1e","firstParentID":"88a835ae-8916-4b78-9d6f-baf83d582cdc","ID":"b68fd82b-a543-4611-bd91-6a31f5576449","childs":null,"emcosID":null,"emcosMLID":null,"WSName":"DB","rangeAddress":"$FQ$224:$FQ$261","headAddress":"$FQ$224","bodyAddress":"$FQ$225:$FQ$261","_name":"основное"},"корректировка факт":{"_level":2,"parentID":"d7563ff4-9ba2-4491-bf3c-ff060e014c1e","firstParentID":"88a835ae-8916-4b78-9d6f-baf83d582cdc","ID":"8c57654c-1a53-4334-8d7e-f749681a4d7a","childs":null,"emcosID":null,"emcosMLID":null,"WSName":"DB","rangeAddress":"$FR$224:$FR$261","headAddress":"$FR$224","bodyAddress":"$FR$225:$FR$261","_name":"корректировка факт"},"ручное":{"_level":2,"parentID":"d7563ff4-9ba2-4491-bf3c-ff060e014c1e","firstParentID":"88a835ae-8916-4b78-9d6f-baf83d582cdc","ID":"8438fa2a-a743-46f7-8110-94fe2575b743","childs":null,"emcosID":null,"emcosMLID":null,"WSName":"DB","rangeAddress":"$FS$224:$FS$261","headAddress":"$FS$224","bodyAddress":"$FS$225:$FS$261","_name":"ручное"}},"emcosID":null,"emcosMLID":null,"WSName":"DB","rangeAddress":"$FP$223:$FS$261","headAddress":"$FP$223:$FS$223","bodyAddress":"$FP$224:$FS$261","_name":"отдача"}},"emcosID":null,"emcosMLID":null,"WSName":"DB","rangeAddress":"$FP$222:$FS$261","headAddress":"$FP$222:$FS$222","bodyAddress":"$FP$223:$FS$261","_name":"Отпуск в сеть Каскад Каратальских ГЭС ККГЭС"}},"codPlan":null,"meterCoef":null,"_name":"Отпуск в сеть Каскад Каратальских ГЭС ККГЭС"}