{"ID":"92089e20-7554-4849-9aa0-84cd49cd7d3b","childs":{"PS":{"_level":0,"parentID":"92089e20-7554-4849-9aa0-84cd49cd7d3b","firstParentID":"92089e20-7554-4849-9aa0-84cd49cd7d3b","ID":"aa61748a-4e0b-48d0-a8e3-acca4c254c0c","childs":{"отдача":{"_level":1,"parentID":"aa61748a-4e0b-48d0-a8e3-acca4c254c0c","firstParentID":"92089e20-7554-4849-9aa0-84cd49cd7d3b","ID":"770e3ee4-260c-4b7a-9e85-f557caccd729","childs":{"формула":{"_level":2,"parentID":"770e3ee4-260c-4b7a-9e85-f557caccd729","firstParentID":"92089e20-7554-4849-9aa0-84cd49cd7d3b","ID":"c36187c1-0508-4dc0-a481-0bc71818e78b","childs":null,"emcosID":null,"emcosMLID":null,"codTEP":null,"WSName":"PS","rangeAddress":"$U$13:$U$49","headAddress":"$U$13","bodyAddress":"$U$14:$U$49","_name":"формула"}},"emcosID":null,"emcosMLID":null,"codTEP":null,"WSName":"PS","rangeAddress":"$U$12:$U$49","headAddress":"$U$12","bodyAddress":"$U$13:$U$49","_name":"отдача"}},"emcosID":null,"emcosMLID":null,"codTEP":null,"WSName":"PS","rangeAddress":"$U$11:$U$49","headAddress":"$U$11","bodyAddress":"$U$12:$U$49","_name":"Генерация Жетысуского энергоузла Общее"},"DB":{"_level":0,"parentID":"92089e20-7554-4849-9aa0-84cd49cd7d3b","firstParentID":"92089e20-7554-4849-9aa0-84cd49cd7d3b","ID":"1e97ecf0-186f-4bb8-8424-fa4c78617a14","childs":{"отдача":{"_level":1,"parentID":"1e97ecf0-186f-4bb8-8424-fa4c78617a14","firstParentID":"92089e20-7554-4849-9aa0-84cd49cd7d3b","ID":"c4366313-1fe6-497f-b7d1-24d2f1116124","childs":{"код":{"_level":2,"parentID":"c4366313-1fe6-497f-b7d1-24d2f1116124","firstParentID":"92089e20-7554-4849-9aa0-84cd49cd7d3b","ID":"65706361-1d1c-4ec6-bdee-c8ab9f0c8b42","childs":null,"emcosID":null,"emcosMLID":null,"codTEP":null,"WSName":"DB","rangeAddress":"$CA$138:$CA$175","headAddress":"$CA$138","bodyAddress":"$CA$139:$CA$175","_name":"код"},"основное":{"_level":2,"parentID":"c4366313-1fe6-497f-b7d1-24d2f1116124","firstParentID":"92089e20-7554-4849-9aa0-84cd49cd7d3b","ID":"c6ec8cb1-c3c2-4823-b990-dc9b58f93abf","childs":null,"emcosID":null,"emcosMLID":null,"codTEP":null,"WSName":"DB","rangeAddress":"$CB$138:$CB$175","headAddress":"$CB$138","bodyAddress":"$CB$139:$CB$175","_name":"основное"},"корректировка факт":{"_level":2,"parentID":"c4366313-1fe6-497f-b7d1-24d2f1116124","firstParentID":"92089e20-7554-4849-9aa0-84cd49cd7d3b","ID":"d26b01cc-bcea-4086-939d-11fe3ef8a0b2","childs":null,"emcosID":null,"emcosMLID":null,"codTEP":null,"WSName":"DB","rangeAddress":"$CC$138:$CC$175","headAddress":"$CC$138","bodyAddress":"$CC$139:$CC$175","_name":"корректировка факт"},"ручное":{"_level":2,"parentID":"c4366313-1fe6-497f-b7d1-24d2f1116124","firstParentID":"92089e20-7554-4849-9aa0-84cd49cd7d3b","ID":"a2b9f70e-6075-4c7a-9282-fb6e146074dd","childs":null,"emcosID":null,"emcosMLID":null,"codTEP":null,"WSName":"DB","rangeAddress":"$CD$138:$CD$175","headAddress":"$CD$138","bodyAddress":"$CD$139:$CD$175","_name":"ручное"},"формула":{"_level":2,"parentID":"c4366313-1fe6-497f-b7d1-24d2f1116124","firstParentID":"92089e20-7554-4849-9aa0-84cd49cd7d3b","ID":"f23748cd-bb0b-405c-a4ea-60719dcb2209","childs":null,"emcosID":null,"emcosMLID":null,"codTEP":null,"WSName":"DB","rangeAddress":"$CE$138:$CE$175","headAddress":"$CE$138","bodyAddress":"$CE$139:$CE$175","_name":"формула"}},"emcosID":null,"emcosMLID":null,"codTEP":null,"WSName":"DB","rangeAddress":"$CA$137:$CE$175","headAddress":"$CA$137:$CE$137","bodyAddress":"$CA$138:$CE$175","_name":"отдача"}},"emcosID":null,"emcosMLID":null,"codTEP":null,"WSName":"DB","rangeAddress":"$CA$136:$CE$175","headAddress":"$CA$136:$CE$136","bodyAddress":"$CA$137:$CE$175","_name":"Генерация Жетысуского энергоузла Общее"}},"codPlan":null,"meterCoef":null,"_name":"Генерация Жетысуского энергоузла Общее"}