{"ID":"98da0c85-4f61-46d0-91a7-e86a488ac7ab","childs":{"PS":{"_level":0,"parentID":"98da0c85-4f61-46d0-91a7-e86a488ac7ab","firstParentID":"98da0c85-4f61-46d0-91a7-e86a488ac7ab","ID":"3602539a-8603-4397-8919-78cf0eff67b6","childs":{"прием":{"_level":1,"parentID":"3602539a-8603-4397-8919-78cf0eff67b6","firstParentID":"98da0c85-4f61-46d0-91a7-e86a488ac7ab","ID":"387bc96b-1e94-48eb-be54-44ad7f655b48","childs":{"оперативное":{"_level":2,"parentID":"387bc96b-1e94-48eb-be54-44ad7f655b48","firstParentID":"98da0c85-4f61-46d0-91a7-e86a488ac7ab","ID":"f57445c2-56bd-4632-b2cc-8c59dcbb5dd2","childs":null,"emcosID":null,"emcosMLID":null,"codTEP":null,"WSName":"PS","rangeAddress":"$L$228:$L$264","headAddress":"$L$228","bodyAddress":"$L$229:$L$264","_name":"оперативное"}},"emcosID":null,"emcosMLID":null,"codTEP":null,"WSName":"PS","rangeAddress":"$L$227:$L$264","headAddress":"$L$227","bodyAddress":"$L$228:$L$264","_name":"прием"}},"emcosID":null,"emcosMLID":null,"codTEP":null,"WSName":"PS","rangeAddress":"$L$226:$L$264","headAddress":"$L$226","bodyAddress":"$L$227:$L$264","_name":"Потребление СТЭМ"},"DB":{"_level":0,"parentID":"98da0c85-4f61-46d0-91a7-e86a488ac7ab","firstParentID":"98da0c85-4f61-46d0-91a7-e86a488ac7ab","ID":"e2889e32-97f6-403d-9b9d-ba18d5394be9","childs":{"прием":{"_level":1,"parentID":"e2889e32-97f6-403d-9b9d-ba18d5394be9","firstParentID":"98da0c85-4f61-46d0-91a7-e86a488ac7ab","ID":"90d57be4-0c87-4d85-a4b0-846ebac96584","childs":{"код":{"_level":2,"parentID":"90d57be4-0c87-4d85-a4b0-846ebac96584","firstParentID":"98da0c85-4f61-46d0-91a7-e86a488ac7ab","ID":"a010c53e-74ee-4637-8aca-7f4c9a5af0c2","childs":null,"emcosID":null,"emcosMLID":null,"codTEP":null,"WSName":"DB","rangeAddress":"$BP$396:$BP$433","headAddress":"$BP$396","bodyAddress":"$BP$397:$BP$433","_name":"код"},"основное":{"_level":2,"parentID":"90d57be4-0c87-4d85-a4b0-846ebac96584","firstParentID":"98da0c85-4f61-46d0-91a7-e86a488ac7ab","ID":"27c92694-7627-4119-897d-be7188f40715","childs":null,"emcosID":null,"emcosMLID":null,"codTEP":null,"WSName":"DB","rangeAddress":"$BQ$396:$BQ$433","headAddress":"$BQ$396","bodyAddress":"$BQ$397:$BQ$433","_name":"основное"},"корректировка факт":{"_level":2,"parentID":"90d57be4-0c87-4d85-a4b0-846ebac96584","firstParentID":"98da0c85-4f61-46d0-91a7-e86a488ac7ab","ID":"292aa4e1-9bf6-4de1-96ca-55393a03fcdb","childs":null,"emcosID":null,"emcosMLID":null,"codTEP":null,"WSName":"DB","rangeAddress":"$BR$396:$BR$433","headAddress":"$BR$396","bodyAddress":"$BR$397:$BR$433","_name":"корректировка факт"},"ручное":{"_level":2,"parentID":"90d57be4-0c87-4d85-a4b0-846ebac96584","firstParentID":"98da0c85-4f61-46d0-91a7-e86a488ac7ab","ID":"9b3e6d8b-6ef7-4655-b94d-819d21f65d7a","childs":null,"emcosID":null,"emcosMLID":null,"codTEP":null,"WSName":"DB","rangeAddress":"$BS$396:$BS$433","headAddress":"$BS$396","bodyAddress":"$BS$397:$BS$433","_name":"ручное"},"оперативное":{"_level":2,"parentID":"90d57be4-0c87-4d85-a4b0-846ebac96584","firstParentID":"98da0c85-4f61-46d0-91a7-e86a488ac7ab","ID":"c2fa789a-43ec-4b6d-9b32-9baafb0d0df3","childs":null,"emcosID":null,"emcosMLID":null,"codTEP":null,"WSName":"DB","rangeAddress":"$BT$396:$BT$433","headAddress":"$BT$396","bodyAddress":"$BT$397:$BT$433","_name":"оперативное"}},"emcosID":null,"emcosMLID":null,"codTEP":null,"WSName":"DB","rangeAddress":"$BP$395:$BT$433","headAddress":"$BP$395:$BT$395","bodyAddress":"$BP$396:$BT$433","_name":"прием"}},"emcosID":null,"emcosMLID":null,"codTEP":null,"WSName":"DB","rangeAddress":"$BP$394:$BT$433","headAddress":"$BP$394:$BT$394","bodyAddress":"$BP$395:$BT$433","_name":"Потребление СТЭМ"}},"codPlan":null,"meterCoef":null,"_name":"Потребление СТЭМ"}