{"ID":"9ad77922-b907-43a8-a4ca-99ac6dc047f5","childs":{"PS":{"_level":0,"parentID":"9ad77922-b907-43a8-a4ca-99ac6dc047f5","firstParentID":"9ad77922-b907-43a8-a4ca-99ac6dc047f5","ID":"f0b56328-9391-466b-999c-986d1b14f3f9","childs":{"прием":{"_level":1,"parentID":"f0b56328-9391-466b-999c-986d1b14f3f9","firstParentID":"9ad77922-b907-43a8-a4ca-99ac6dc047f5","ID":"8829e337-2926-478a-80d7-eecb6a7173f1","childs":{"ручное":{"_level":2,"parentID":"8829e337-2926-478a-80d7-eecb6a7173f1","firstParentID":"9ad77922-b907-43a8-a4ca-99ac6dc047f5","ID":"5f3e2cca-c6e2-4c0a-9107-88752857041c","childs":null,"emcosID":null,"emcosMLID":null,"WSName":"PS","rangeAddress":"$GH$99:$GH$135","headAddress":"$GH$99","bodyAddress":"$GH$100:$GH$135","_name":"ручное"}},"emcosID":null,"emcosMLID":null,"WSName":"PS","rangeAddress":"$GH$98:$GH$135","headAddress":"$GH$98","bodyAddress":"$GH$99:$GH$135","_name":"прием"},"отдача":{"_level":1,"parentID":"f0b56328-9391-466b-999c-986d1b14f3f9","firstParentID":"9ad77922-b907-43a8-a4ca-99ac6dc047f5","ID":"d7d89fbc-1aad-4129-bcfa-e09f77e13fdc","childs":{"ручное":{"_level":2,"parentID":"d7d89fbc-1aad-4129-bcfa-e09f77e13fdc","firstParentID":"9ad77922-b907-43a8-a4ca-99ac6dc047f5","ID":"8b682bef-9c78-4188-9ccb-1252ad56aec0","childs":null,"emcosID":null,"emcosMLID":null,"WSName":"PS","rangeAddress":"$GI$99:$GI$135","headAddress":"$GI$99","bodyAddress":"$GI$100:$GI$135","_name":"ручное"}},"emcosID":null,"emcosMLID":null,"WSName":"PS","rangeAddress":"$GI$98:$GI$135","headAddress":"$GI$98","bodyAddress":"$GI$99:$GI$135","_name":"отдача"}},"emcosID":null,"emcosMLID":null,"WSName":"PS","rangeAddress":"$GH$97:$GI$135","headAddress":"$GH$97:$GI$97","bodyAddress":"$GH$98:$GI$135","_name":"Л2283 Чиганак тяга"},"DB":{"_level":0,"parentID":"9ad77922-b907-43a8-a4ca-99ac6dc047f5","firstParentID":"9ad77922-b907-43a8-a4ca-99ac6dc047f5","ID":"f0a270c1-a38f-4695-b502-949ff39f06b0","childs":{"прием":{"_level":1,"parentID":"f0a270c1-a38f-4695-b502-949ff39f06b0","firstParentID":"9ad77922-b907-43a8-a4ca-99ac6dc047f5","ID":"484e3557-8ddb-4d7d-9827-f55fcc531f9b","childs":{"код":{"_level":2,"parentID":"484e3557-8ddb-4d7d-9827-f55fcc531f9b","firstParentID":"9ad77922-b907-43a8-a4ca-99ac6dc047f5","ID":"6863926f-b030-4990-a563-c5d9a33065bf","childs":null,"emcosID":null,"emcosMLID":null,"WSName":"DB","rangeAddress":"$C$95:$C$132","headAddress":"$C$95","bodyAddress":"$C$96:$C$132","_name":"код"},"основное":{"_level":2,"parentID":"484e3557-8ddb-4d7d-9827-f55fcc531f9b","firstParentID":"9ad77922-b907-43a8-a4ca-99ac6dc047f5","ID":"a84d2a9a-d995-416a-8868-b6d1e579e5b4","childs":null,"emcosID":null,"emcosMLID":null,"WSName":"DB","rangeAddress":"$D$95:$D$132","headAddress":"$D$95","bodyAddress":"$D$96:$D$132","_name":"основное"},"корректировка факт":{"_level":2,"parentID":"484e3557-8ddb-4d7d-9827-f55fcc531f9b","firstParentID":"9ad77922-b907-43a8-a4ca-99ac6dc047f5","ID":"5bb34039-2bed-4063-8bbb-11b806b97dbc","childs":null,"emcosID":null,"emcosMLID":null,"WSName":"DB","rangeAddress":"$E$95:$E$132","headAddress":"$E$95","bodyAddress":"$E$96:$E$132","_name":"корректировка факт"},"ручное":{"_level":2,"parentID":"484e3557-8ddb-4d7d-9827-f55fcc531f9b","firstParentID":"9ad77922-b907-43a8-a4ca-99ac6dc047f5","ID":"148fc7d3-0272-404f-aaac-6d500d948909","childs":null,"emcosID":null,"emcosMLID":null,"WSName":"DB","rangeAddress":"$F$95:$F$132","headAddress":"$F$95","bodyAddress":"$F$96:$F$132","_name":"ручное"}},"emcosID":null,"emcosMLID":null,"WSName":"DB","rangeAddress":"$C$94:$F$132","headAddress":"$C$94:$F$94","bodyAddress":"$C$95:$F$132","_name":"прием"},"отдача":{"_level":1,"parentID":"f0a270c1-a38f-4695-b502-949ff39f06b0","firstParentID":"9ad77922-b907-43a8-a4ca-99ac6dc047f5","ID":"8489d099-4f9f-440e-b6a2-c57146d07bc1","childs":{"код":{"_level":2,"parentID":"8489d099-4f9f-440e-b6a2-c57146d07bc1","firstParentID":"9ad77922-b907-43a8-a4ca-99ac6dc047f5","ID":"f4ac928f-8fd2-4bb1-b414-03ec0caff2d1","childs":null,"emcosID":null,"emcosMLID":null,"WSName":"DB","rangeAddress":"$G$95:$G$132","headAddress":"$G$95","bodyAddress":"$G$96:$G$132","_name":"код"},"основное":{"_level":2,"parentID":"8489d099-4f9f-440e-b6a2-c57146d07bc1","firstParentID":"9ad77922-b907-43a8-a4ca-99ac6dc047f5","ID":"b97f19fd-0fec-4e6b-8666-f11412673469","childs":null,"emcosID":null,"emcosMLID":null,"WSName":"DB","rangeAddress":"$H$95:$H$132","headAddress":"$H$95","bodyAddress":"$H$96:$H$132","_name":"основное"},"корректировка факт":{"_level":2,"parentID":"8489d099-4f9f-440e-b6a2-c57146d07bc1","firstParentID":"9ad77922-b907-43a8-a4ca-99ac6dc047f5","ID":"f9dface6-61f3-4c32-a8d1-f1991be6b1f2","childs":null,"emcosID":null,"emcosMLID":null,"WSName":"DB","rangeAddress":"$I$95:$I$132","headAddress":"$I$95","bodyAddress":"$I$96:$I$132","_name":"корректировка факт"},"ручное":{"_level":2,"parentID":"8489d099-4f9f-440e-b6a2-c57146d07bc1","firstParentID":"9ad77922-b907-43a8-a4ca-99ac6dc047f5","ID":"dd5d0fb6-b75e-47a8-be44-fa99e938c481","childs":null,"emcosID":null,"emcosMLID":null,"WSName":"DB","rangeAddress":"$J$95:$J$132","headAddress":"$J$95","bodyAddress":"$J$96:$J$132","_name":"ручное"}},"emcosID":null,"emcosMLID":null,"WSName":"DB","rangeAddress":"$G$94:$J$132","headAddress":"$G$94:$J$94","bodyAddress":"$G$95:$J$132","_name":"отдача"}},"emcosID":null,"emcosMLID":null,"WSName":"DB","rangeAddress":"$C$93:$J$132","headAddress":"$C$93:$J$93","bodyAddress":"$C$94:$J$132","_name":"Л2283 Чиганак тяга"}},"codPlan":null,"meterCoef":null,"_name":"Л2283 Чиганак тяга"}