{"ID":"9bfc08e9-d827-42c1-8c2e-5249f59a831b","childs":{"PS":{"_level":0,"parentID":"9bfc08e9-d827-42c1-8c2e-5249f59a831b","firstParentID":"9bfc08e9-d827-42c1-8c2e-5249f59a831b","ID":"8a5e4c50-ab8d-4d23-8d14-9ccdd4a51022","childs":{"прием":{"_level":1,"parentID":"8a5e4c50-ab8d-4d23-8d14-9ccdd4a51022","firstParentID":"9bfc08e9-d827-42c1-8c2e-5249f59a831b","ID":"e37aa5f5-b870-4e2a-a4de-3045d26fed34","childs":{"по счетчику":{"_level":2,"parentID":"e37aa5f5-b870-4e2a-a4de-3045d26fed34","firstParentID":"9bfc08e9-d827-42c1-8c2e-5249f59a831b","ID":"4c360433-768d-4668-bd0b-c59a932f7e6f","childs":null,"emcosID":null,"emcosMLID":null,"codTEP":null,"WSName":"PS","rangeAddress":"$AR$99:$AR$135","headAddress":"$AR$99","bodyAddress":"$AR$100:$AR$135","_name":"по счетчику"}},"emcosID":null,"emcosMLID":null,"codTEP":null,"WSName":"PS","rangeAddress":"$AR$98:$AR$135","headAddress":"$AR$98","bodyAddress":"$AR$99:$AR$135","_name":"прием"},"отдача":{"_level":1,"parentID":"8a5e4c50-ab8d-4d23-8d14-9ccdd4a51022","firstParentID":"9bfc08e9-d827-42c1-8c2e-5249f59a831b","ID":"801554c6-896f-4d49-92b7-2b9c9846a674","childs":{"по счетчику":{"_level":2,"parentID":"801554c6-896f-4d49-92b7-2b9c9846a674","firstParentID":"9bfc08e9-d827-42c1-8c2e-5249f59a831b","ID":"d9bdb2d3-75a7-4ae5-8fad-4448e794722f","childs":null,"emcosID":null,"emcosMLID":null,"codTEP":null,"WSName":"PS","rangeAddress":"$AS$99:$AS$135","headAddress":"$AS$99","bodyAddress":"$AS$100:$AS$135","_name":"по счетчику"}},"emcosID":null,"emcosMLID":null,"codTEP":null,"WSName":"PS","rangeAddress":"$AS$98:$AS$135","headAddress":"$AS$98","bodyAddress":"$AS$99:$AS$135","_name":"отдача"}},"emcosID":null,"emcosMLID":null,"codTEP":null,"WSName":"PS","rangeAddress":"$AR$97:$AS$135","headAddress":"$AR$97:$AS$97","bodyAddress":"$AR$98:$AS$135","_name":"КЛ48 ПС149 Талдыкорган ЗЩА"},"DB":{"_level":0,"parentID":"9bfc08e9-d827-42c1-8c2e-5249f59a831b","firstParentID":"9bfc08e9-d827-42c1-8c2e-5249f59a831b","ID":"45db3b18-8215-4993-bf70-e1b21d8d2492","childs":{"прием":{"_level":1,"parentID":"45db3b18-8215-4993-bf70-e1b21d8d2492","firstParentID":"9bfc08e9-d827-42c1-8c2e-5249f59a831b","ID":"5cb93450-3d72-44da-8f21-638e5cb09120","childs":{"код":{"_level":2,"parentID":"5cb93450-3d72-44da-8f21-638e5cb09120","firstParentID":"9bfc08e9-d827-42c1-8c2e-5249f59a831b","ID":"14fbfe19-02b1-4019-bab2-2be9518c9614","childs":null,"emcosID":null,"emcosMLID":null,"codTEP":null,"WSName":"DB","rangeAddress":"$CG$267:$CG$304","headAddress":"$CG$267","bodyAddress":"$CG$268:$CG$304","_name":"код"},"основное":{"_level":2,"parentID":"5cb93450-3d72-44da-8f21-638e5cb09120","firstParentID":"9bfc08e9-d827-42c1-8c2e-5249f59a831b","ID":"5b555603-7839-4528-8455-493163f6d23d","childs":null,"emcosID":null,"emcosMLID":null,"codTEP":null,"WSName":"DB","rangeAddress":"$CH$267:$CH$304","headAddress":"$CH$267","bodyAddress":"$CH$268:$CH$304","_name":"основное"},"корректировка факт":{"_level":2,"parentID":"5cb93450-3d72-44da-8f21-638e5cb09120","firstParentID":"9bfc08e9-d827-42c1-8c2e-5249f59a831b","ID":"7d0dc73a-174b-46e0-acb5-a437da487c21","childs":null,"emcosID":null,"emcosMLID":null,"codTEP":null,"WSName":"DB","rangeAddress":"$CI$267:$CI$304","headAddress":"$CI$267","bodyAddress":"$CI$268:$CI$304","_name":"корректировка факт"},"ручное":{"_level":2,"parentID":"5cb93450-3d72-44da-8f21-638e5cb09120","firstParentID":"9bfc08e9-d827-42c1-8c2e-5249f59a831b","ID":"adfc4473-a6cc-42f4-8745-991aaa7356a4","childs":null,"emcosID":null,"emcosMLID":null,"codTEP":null,"WSName":"DB","rangeAddress":"$CJ$267:$CJ$304","headAddress":"$CJ$267","bodyAddress":"$CJ$268:$CJ$304","_name":"ручное"},"оперативное":{"_level":2,"parentID":"5cb93450-3d72-44da-8f21-638e5cb09120","firstParentID":"9bfc08e9-d827-42c1-8c2e-5249f59a831b","ID":"4e30d8f4-fd46-4cc6-acfb-f9bf083be8c7","childs":null,"emcosID":null,"emcosMLID":null,"codTEP":null,"WSName":"DB","rangeAddress":"$CK$267:$CK$304","headAddress":"$CK$267","bodyAddress":"$CK$268:$CK$304","_name":"оперативное"},"счетчик":{"_level":2,"parentID":"5cb93450-3d72-44da-8f21-638e5cb09120","firstParentID":"9bfc08e9-d827-42c1-8c2e-5249f59a831b","ID":"9c61f9e8-4f23-400a-a311-0830799df93d","childs":null,"emcosID":null,"emcosMLID":null,"codTEP":null,"WSName":"DB","rangeAddress":"$CL$267:$CL$304","headAddress":"$CL$267","bodyAddress":"$CL$268:$CL$304","_name":"счетчик"},"по счетчику":{"_level":2,"parentID":"5cb93450-3d72-44da-8f21-638e5cb09120","firstParentID":"9bfc08e9-d827-42c1-8c2e-5249f59a831b","ID":"b3d08eeb-8fe7-4817-8624-22df699ff856","childs":null,"emcosID":null,"emcosMLID":null,"codTEP":null,"WSName":"DB","rangeAddress":"$CM$267:$CM$304","headAddress":"$CM$267","bodyAddress":"$CM$268:$CM$304","_name":"по счетчику"}},"emcosID":null,"emcosMLID":null,"codTEP":null,"WSName":"DB","rangeAddress":"$CG$266:$CM$304","headAddress":"$CG$266:$CM$266","bodyAddress":"$CG$267:$CM$304","_name":"прием"},"отдача":{"_level":1,"parentID":"45db3b18-8215-4993-bf70-e1b21d8d2492","firstParentID":"9bfc08e9-d827-42c1-8c2e-5249f59a831b","ID":"5d644fa8-1338-4e28-b9e3-0589a025474f","childs":{"код":{"_level":2,"parentID":"5d644fa8-1338-4e28-b9e3-0589a025474f","firstParentID":"9bfc08e9-d827-42c1-8c2e-5249f59a831b","ID":"06267a7d-8633-417b-88da-e20685947c33","childs":null,"emcosID":null,"emcosMLID":null,"codTEP":null,"WSName":"DB","rangeAddress":"$CN$267:$CN$304","headAddress":"$CN$267","bodyAddress":"$CN$268:$CN$304","_name":"код"},"основное":{"_level":2,"parentID":"5d644fa8-1338-4e28-b9e3-0589a025474f","firstParentID":"9bfc08e9-d827-42c1-8c2e-5249f59a831b","ID":"980377c2-de04-4973-9b2c-e0e4d189364c","childs":null,"emcosID":null,"emcosMLID":null,"codTEP":null,"WSName":"DB","rangeAddress":"$CO$267:$CO$304","headAddress":"$CO$267","bodyAddress":"$CO$268:$CO$304","_name":"основное"},"корректировка факт":{"_level":2,"parentID":"5d644fa8-1338-4e28-b9e3-0589a025474f","firstParentID":"9bfc08e9-d827-42c1-8c2e-5249f59a831b","ID":"906564d5-e22c-40e9-bff6-521831497467","childs":null,"emcosID":null,"emcosMLID":null,"codTEP":null,"WSName":"DB","rangeAddress":"$CP$267:$CP$304","headAddress":"$CP$267","bodyAddress":"$CP$268:$CP$304","_name":"корректировка факт"},"ручное":{"_level":2,"parentID":"5d644fa8-1338-4e28-b9e3-0589a025474f","firstParentID":"9bfc08e9-d827-42c1-8c2e-5249f59a831b","ID":"d7e50e56-35db-4af5-9f47-b660a79897e9","childs":null,"emcosID":null,"emcosMLID":null,"codTEP":null,"WSName":"DB","rangeAddress":"$CQ$267:$CQ$304","headAddress":"$CQ$267","bodyAddress":"$CQ$268:$CQ$304","_name":"ручное"},"оперативное":{"_level":2,"parentID":"5d644fa8-1338-4e28-b9e3-0589a025474f","firstParentID":"9bfc08e9-d827-42c1-8c2e-5249f59a831b","ID":"0825a032-bcc6-46f0-9bc8-32bc79d8c5ca","childs":null,"emcosID":null,"emcosMLID":null,"codTEP":null,"WSName":"DB","rangeAddress":"$CR$267:$CR$304","headAddress":"$CR$267","bodyAddress":"$CR$268:$CR$304","_name":"оперативное"},"счетчик":{"_level":2,"parentID":"5d644fa8-1338-4e28-b9e3-0589a025474f","firstParentID":"9bfc08e9-d827-42c1-8c2e-5249f59a831b","ID":"4b17306b-e38a-494c-a14b-101b9e89754f","childs":null,"emcosID":null,"emcosMLID":null,"codTEP":null,"WSName":"DB","rangeAddress":"$CS$267:$CS$304","headAddress":"$CS$267","bodyAddress":"$CS$268:$CS$304","_name":"счетчик"},"по счетчику":{"_level":2,"parentID":"5d644fa8-1338-4e28-b9e3-0589a025474f","firstParentID":"9bfc08e9-d827-42c1-8c2e-5249f59a831b","ID":"b9a4ba49-bfd8-4eb2-a60a-06669aa3fcc6","childs":null,"emcosID":null,"emcosMLID":null,"codTEP":null,"WSName":"DB","rangeAddress":"$CT$267:$CT$304","headAddress":"$CT$267","bodyAddress":"$CT$268:$CT$304","_name":"по счетчику"}},"emcosID":null,"emcosMLID":null,"codTEP":null,"WSName":"DB","rangeAddress":"$CN$266:$CT$304","headAddress":"$CN$266:$CT$266","bodyAddress":"$CN$267:$CT$304","_name":"отдача"}},"emcosID":null,"emcosMLID":null,"codTEP":null,"WSName":"DB","rangeAddress":"$CG$265:$CT$304","headAddress":"$CG$265:$CT$265","bodyAddress":"$CG$266:$CT$304","_name":"КЛ48 ПС149 Талдыкорган ЗЩА"}},"codPlan":null,"meterCoef":null,"_name":"КЛ48 ПС149 Талдыкорган ЗЩА"}