{"ID":"a3c3484a-c1f2-423a-a363-68d871e4221b","childs":{"PS":{"_level":0,"parentID":"a3c3484a-c1f2-423a-a363-68d871e4221b","firstParentID":"a3c3484a-c1f2-423a-a363-68d871e4221b","ID":"46cd17eb-2a13-4e58-9af2-9bd09b0fce1b","childs":{"прием":{"_level":1,"parentID":"46cd17eb-2a13-4e58-9af2-9bd09b0fce1b","firstParentID":"a3c3484a-c1f2-423a-a363-68d871e4221b","ID":"bd37d789-f382-496e-ad55-cfcf14373c79","childs":{"по счетчику":{"_level":2,"parentID":"bd37d789-f382-496e-ad55-cfcf14373c79","firstParentID":"a3c3484a-c1f2-423a-a363-68d871e4221b","ID":"db01de40-385e-4937-b7c5-62f1af471bbb","childs":null,"emcosID":null,"emcosMLID":null,"WSName":"PS","rangeAddress":"$DK$56:$DK$92","headAddress":"$DK$56","bodyAddress":"$DK$57:$DK$92","_name":"по счетчику"}},"emcosID":null,"emcosMLID":null,"WSName":"PS","rangeAddress":"$DK$55:$DK$92","headAddress":"$DK$55","bodyAddress":"$DK$56:$DK$92","_name":"прием"},"отдача":{"_level":1,"parentID":"46cd17eb-2a13-4e58-9af2-9bd09b0fce1b","firstParentID":"a3c3484a-c1f2-423a-a363-68d871e4221b","ID":"2da812a2-344d-490f-93eb-5cc966a2614f","childs":{"по счетчику":{"_level":2,"parentID":"2da812a2-344d-490f-93eb-5cc966a2614f","firstParentID":"a3c3484a-c1f2-423a-a363-68d871e4221b","ID":"641c353e-9a23-4dca-b151-ce46cecd0d04","childs":null,"emcosID":null,"emcosMLID":null,"WSName":"PS","rangeAddress":"$DL$56:$DL$92","headAddress":"$DL$56","bodyAddress":"$DL$57:$DL$92","_name":"по счетчику"}},"emcosID":null,"emcosMLID":null,"WSName":"PS","rangeAddress":"$DL$55:$DL$92","headAddress":"$DL$55","bodyAddress":"$DL$56:$DL$92","_name":"отдача"}},"emcosID":null,"emcosMLID":null,"WSName":"PS","rangeAddress":"$DK$54:$DL$92","headAddress":"$DK$54:$DL$54","bodyAddress":"$DK$55:$DL$92","_name":"Л2103 Алма"},"DB":{"_level":0,"parentID":"a3c3484a-c1f2-423a-a363-68d871e4221b","firstParentID":"a3c3484a-c1f2-423a-a363-68d871e4221b","ID":"f06b4d1f-7199-40f2-b7e9-fb8b9dc9400f","childs":{"прием":{"_level":1,"parentID":"f06b4d1f-7199-40f2-b7e9-fb8b9dc9400f","firstParentID":"a3c3484a-c1f2-423a-a363-68d871e4221b","ID":"6b5129a2-be7a-4632-81cf-171a190499dc","childs":{"код":{"_level":2,"parentID":"6b5129a2-be7a-4632-81cf-171a190499dc","firstParentID":"a3c3484a-c1f2-423a-a363-68d871e4221b","ID":"01d6943a-4570-4557-984c-d92fdbb37c31","childs":null,"emcosID":null,"emcosMLID":null,"WSName":"DB","rangeAddress":"$GQ$52:$GQ$89","headAddress":"$GQ$52","bodyAddress":"$GQ$53:$GQ$89","_name":"код"},"основное":{"_level":2,"parentID":"6b5129a2-be7a-4632-81cf-171a190499dc","firstParentID":"a3c3484a-c1f2-423a-a363-68d871e4221b","ID":"6579cb45-6ed5-43c6-8221-a7ad03835de6","childs":null,"emcosID":null,"emcosMLID":null,"WSName":"DB","rangeAddress":"$GR$52:$GR$89","headAddress":"$GR$52","bodyAddress":"$GR$53:$GR$89","_name":"основное"},"корректировка факт":{"_level":2,"parentID":"6b5129a2-be7a-4632-81cf-171a190499dc","firstParentID":"a3c3484a-c1f2-423a-a363-68d871e4221b","ID":"65cdd8ef-eb3c-4e1f-b692-14c95c26cb88","childs":null,"emcosID":null,"emcosMLID":null,"WSName":"DB","rangeAddress":"$GS$52:$GS$89","headAddress":"$GS$52","bodyAddress":"$GS$53:$GS$89","_name":"корректировка факт"},"ручное":{"_level":2,"parentID":"6b5129a2-be7a-4632-81cf-171a190499dc","firstParentID":"a3c3484a-c1f2-423a-a363-68d871e4221b","ID":"6a13294f-5303-4cd2-a4e7-93e34ee30437","childs":null,"emcosID":null,"emcosMLID":null,"WSName":"DB","rangeAddress":"$GT$52:$GT$89","headAddress":"$GT$52","bodyAddress":"$GT$53:$GT$89","_name":"ручное"},"счетчик":{"_level":2,"parentID":"6b5129a2-be7a-4632-81cf-171a190499dc","firstParentID":"a3c3484a-c1f2-423a-a363-68d871e4221b","ID":"0b409a91-4006-4422-ae38-1a2ac4a1b965","childs":null,"emcosID":null,"emcosMLID":null,"WSName":"DB","rangeAddress":"$GU$52:$GU$89","headAddress":"$GU$52","bodyAddress":"$GU$53:$GU$89","_name":"счетчик"},"по счетчику":{"_level":2,"parentID":"6b5129a2-be7a-4632-81cf-171a190499dc","firstParentID":"a3c3484a-c1f2-423a-a363-68d871e4221b","ID":"6ca4aa23-7846-4df5-94dc-432c0943b4a6","childs":null,"emcosID":null,"emcosMLID":null,"WSName":"DB","rangeAddress":"$GV$52:$GV$89","headAddress":"$GV$52","bodyAddress":"$GV$53:$GV$89","_name":"по счетчику"}},"emcosID":null,"emcosMLID":null,"WSName":"DB","rangeAddress":"$GQ$51:$GV$89","headAddress":"$GQ$51:$GV$51","bodyAddress":"$GQ$52:$GV$89","_name":"прием"},"отдача":{"_level":1,"parentID":"f06b4d1f-7199-40f2-b7e9-fb8b9dc9400f","firstParentID":"a3c3484a-c1f2-423a-a363-68d871e4221b","ID":"3e3b11bf-b975-4f8e-8fc5-2cab838fd9d0","childs":{"код":{"_level":2,"parentID":"3e3b11bf-b975-4f8e-8fc5-2cab838fd9d0","firstParentID":"a3c3484a-c1f2-423a-a363-68d871e4221b","ID":"ed30fa8a-430b-4436-8920-75de6d21fc32","childs":null,"emcosID":null,"emcosMLID":null,"WSName":"DB","rangeAddress":"$GW$52:$GW$89","headAddress":"$GW$52","bodyAddress":"$GW$53:$GW$89","_name":"код"},"основное":{"_level":2,"parentID":"3e3b11bf-b975-4f8e-8fc5-2cab838fd9d0","firstParentID":"a3c3484a-c1f2-423a-a363-68d871e4221b","ID":"361fdc77-aa45-4548-a48a-44277be59764","childs":null,"emcosID":null,"emcosMLID":null,"WSName":"DB","rangeAddress":"$GX$52:$GX$89","headAddress":"$GX$52","bodyAddress":"$GX$53:$GX$89","_name":"основное"},"корректировка факт":{"_level":2,"parentID":"3e3b11bf-b975-4f8e-8fc5-2cab838fd9d0","firstParentID":"a3c3484a-c1f2-423a-a363-68d871e4221b","ID":"a581fd5c-f6e7-407b-9a69-5cf02d9966cc","childs":null,"emcosID":null,"emcosMLID":null,"WSName":"DB","rangeAddress":"$GY$52:$GY$89","headAddress":"$GY$52","bodyAddress":"$GY$53:$GY$89","_name":"корректировка факт"},"ручное":{"_level":2,"parentID":"3e3b11bf-b975-4f8e-8fc5-2cab838fd9d0","firstParentID":"a3c3484a-c1f2-423a-a363-68d871e4221b","ID":"e5228c0a-fca5-44aa-b062-e9874c88ad42","childs":null,"emcosID":null,"emcosMLID":null,"WSName":"DB","rangeAddress":"$GZ$52:$GZ$89","headAddress":"$GZ$52","bodyAddress":"$GZ$53:$GZ$89","_name":"ручное"},"счетчик":{"_level":2,"parentID":"3e3b11bf-b975-4f8e-8fc5-2cab838fd9d0","firstParentID":"a3c3484a-c1f2-423a-a363-68d871e4221b","ID":"d9d91ab4-54eb-4d27-b888-887c8fae8fea","childs":null,"emcosID":null,"emcosMLID":null,"WSName":"DB","rangeAddress":"$HA$52:$HA$89","headAddress":"$HA$52","bodyAddress":"$HA$53:$HA$89","_name":"счетчик"},"по счетчику":{"_level":2,"parentID":"3e3b11bf-b975-4f8e-8fc5-2cab838fd9d0","firstParentID":"a3c3484a-c1f2-423a-a363-68d871e4221b","ID":"3efe5d09-4715-4cb7-af10-e8ed8ed5dd72","childs":null,"emcosID":null,"emcosMLID":null,"WSName":"DB","rangeAddress":"$HB$52:$HB$89","headAddress":"$HB$52","bodyAddress":"$HB$53:$HB$89","_name":"по счетчику"}},"emcosID":null,"emcosMLID":null,"WSName":"DB","rangeAddress":"$GW$51:$HB$89","headAddress":"$GW$51:$HB$51","bodyAddress":"$GW$52:$HB$89","_name":"отдача"}},"emcosID":null,"emcosMLID":null,"WSName":"DB","rangeAddress":"$GQ$50:$HB$89","headAddress":"$GQ$50:$HB$50","bodyAddress":"$GQ$51:$HB$89","_name":"Л2103 Алма"}},"codPlan":null,"meterCoef":null,"_name":"Л2103 Алма"}