{"ID":"a9fa4657-1d66-4741-ab2c-1678d5d5612d","childs":{"PS":{"_level":0,"parentID":"a9fa4657-1d66-4741-ab2c-1678d5d5612d","firstParentID":"a9fa4657-1d66-4741-ab2c-1678d5d5612d","ID":"1ea9ba78-4286-4147-b571-9bc63e45a5a1","childs":{"прием":{"_level":1,"parentID":"1ea9ba78-4286-4147-b571-9bc63e45a5a1","firstParentID":"a9fa4657-1d66-4741-ab2c-1678d5d5612d","ID":"b9c3681f-4230-4839-89d4-e3f99910a2dd","childs":{"оперативное":{"_level":2,"parentID":"b9c3681f-4230-4839-89d4-e3f99910a2dd","firstParentID":"a9fa4657-1d66-4741-ab2c-1678d5d5612d","ID":"dcc9a17c-b146-4960-b0d4-3b6497f1e7fc","childs":null,"emcosID":null,"emcosMLID":null,"codTEP":null,"WSName":"PS","rangeAddress":"$DN$99:$DN$135","headAddress":"$DN$99","bodyAddress":"$DN$100:$DN$135","_name":"оперативное"}},"emcosID":null,"emcosMLID":null,"codTEP":null,"WSName":"PS","rangeAddress":"$DN$98:$DN$135","headAddress":"$DN$98","bodyAddress":"$DN$99:$DN$135","_name":"прием"},"отдача":{"_level":1,"parentID":"1ea9ba78-4286-4147-b571-9bc63e45a5a1","firstParentID":"a9fa4657-1d66-4741-ab2c-1678d5d5612d","ID":"efefe495-c2e2-4c47-9841-e8f374cb4814","childs":{"оперативное":{"_level":2,"parentID":"efefe495-c2e2-4c47-9841-e8f374cb4814","firstParentID":"a9fa4657-1d66-4741-ab2c-1678d5d5612d","ID":"107e6625-8854-436b-a6e8-bc74820cc5d6","childs":null,"emcosID":null,"emcosMLID":null,"codTEP":null,"WSName":"PS","rangeAddress":"$DO$99:$DO$135","headAddress":"$DO$99","bodyAddress":"$DO$100:$DO$135","_name":"оперативное"}},"emcosID":null,"emcosMLID":null,"codTEP":null,"WSName":"PS","rangeAddress":"$DO$98:$DO$135","headAddress":"$DO$98","bodyAddress":"$DO$99:$DO$135","_name":"отдача"}},"emcosID":null,"emcosMLID":null,"codTEP":null,"WSName":"PS","rangeAddress":"$DN$97:$DO$135","headAddress":"$DN$97:$DO$97","bodyAddress":"$DN$98:$DO$135","_name":"АТ2 Западная 140А"},"DB":{"_level":0,"parentID":"a9fa4657-1d66-4741-ab2c-1678d5d5612d","firstParentID":"a9fa4657-1d66-4741-ab2c-1678d5d5612d","ID":"b47555af-975f-4b20-921c-be57c5671a6b","childs":{"прием":{"_level":1,"parentID":"b47555af-975f-4b20-921c-be57c5671a6b","firstParentID":"a9fa4657-1d66-4741-ab2c-1678d5d5612d","ID":"396cf255-3bc5-434d-ae78-6154db12ff1e","childs":{"код":{"_level":2,"parentID":"396cf255-3bc5-434d-ae78-6154db12ff1e","firstParentID":"a9fa4657-1d66-4741-ab2c-1678d5d5612d","ID":"c8aa9228-8451-44af-9ab0-6e7240dd15c2","childs":null,"emcosID":null,"emcosMLID":null,"codTEP":null,"WSName":"DB","rangeAddress":"$ER$95:$ER$132","headAddress":"$ER$95","bodyAddress":"$ER$96:$ER$132","_name":"код"},"основное":{"_level":2,"parentID":"396cf255-3bc5-434d-ae78-6154db12ff1e","firstParentID":"a9fa4657-1d66-4741-ab2c-1678d5d5612d","ID":"1018e67d-d929-48a5-8c1e-78a4b9486cc4","childs":null,"emcosID":null,"emcosMLID":null,"codTEP":null,"WSName":"DB","rangeAddress":"$ES$95:$ES$132","headAddress":"$ES$95","bodyAddress":"$ES$96:$ES$132","_name":"основное"},"корректировка факт":{"_level":2,"parentID":"396cf255-3bc5-434d-ae78-6154db12ff1e","firstParentID":"a9fa4657-1d66-4741-ab2c-1678d5d5612d","ID":"66dc3f3f-c859-49c0-81ed-c7938654da11","childs":null,"emcosID":null,"emcosMLID":null,"codTEP":null,"WSName":"DB","rangeAddress":"$ET$95:$ET$132","headAddress":"$ET$95","bodyAddress":"$ET$96:$ET$132","_name":"корректировка факт"},"ручное":{"_level":2,"parentID":"396cf255-3bc5-434d-ae78-6154db12ff1e","firstParentID":"a9fa4657-1d66-4741-ab2c-1678d5d5612d","ID":"2337d3e3-69e3-4dd6-acfd-321afc77d0d2","childs":null,"emcosID":null,"emcosMLID":null,"codTEP":null,"WSName":"DB","rangeAddress":"$EU$95:$EU$132","headAddress":"$EU$95","bodyAddress":"$EU$96:$EU$132","_name":"ручное"},"оперативное":{"_level":2,"parentID":"396cf255-3bc5-434d-ae78-6154db12ff1e","firstParentID":"a9fa4657-1d66-4741-ab2c-1678d5d5612d","ID":"d56a6468-2ab8-46ad-8d52-e93a5a014e1c","childs":null,"emcosID":null,"emcosMLID":null,"codTEP":null,"WSName":"DB","rangeAddress":"$EV$95:$EV$132","headAddress":"$EV$95","bodyAddress":"$EV$96:$EV$132","_name":"оперативное"}},"emcosID":null,"emcosMLID":null,"codTEP":null,"WSName":"DB","rangeAddress":"$ER$94:$EV$132","headAddress":"$ER$94:$EV$94","bodyAddress":"$ER$95:$EV$132","_name":"прием"},"отдача":{"_level":1,"parentID":"b47555af-975f-4b20-921c-be57c5671a6b","firstParentID":"a9fa4657-1d66-4741-ab2c-1678d5d5612d","ID":"e3673486-4dcb-4cbb-a6e1-d37bf367d65d","childs":{"код":{"_level":2,"parentID":"e3673486-4dcb-4cbb-a6e1-d37bf367d65d","firstParentID":"a9fa4657-1d66-4741-ab2c-1678d5d5612d","ID":"9c5d1a26-3984-4ee3-9a9b-cec2470a5052","childs":null,"emcosID":null,"emcosMLID":null,"codTEP":null,"WSName":"DB","rangeAddress":"$EW$95:$EW$132","headAddress":"$EW$95","bodyAddress":"$EW$96:$EW$132","_name":"код"},"основное":{"_level":2,"parentID":"e3673486-4dcb-4cbb-a6e1-d37bf367d65d","firstParentID":"a9fa4657-1d66-4741-ab2c-1678d5d5612d","ID":"a94d6e8c-7dcf-42e1-a799-e77d0b77a1dd","childs":null,"emcosID":null,"emcosMLID":null,"codTEP":null,"WSName":"DB","rangeAddress":"$EX$95:$EX$132","headAddress":"$EX$95","bodyAddress":"$EX$96:$EX$132","_name":"основное"},"корректировка факт":{"_level":2,"parentID":"e3673486-4dcb-4cbb-a6e1-d37bf367d65d","firstParentID":"a9fa4657-1d66-4741-ab2c-1678d5d5612d","ID":"6ce52333-b681-453d-84d5-ed34e844a121","childs":null,"emcosID":null,"emcosMLID":null,"codTEP":null,"WSName":"DB","rangeAddress":"$EY$95:$EY$132","headAddress":"$EY$95","bodyAddress":"$EY$96:$EY$132","_name":"корректировка факт"},"ручное":{"_level":2,"parentID":"e3673486-4dcb-4cbb-a6e1-d37bf367d65d","firstParentID":"a9fa4657-1d66-4741-ab2c-1678d5d5612d","ID":"8264b0a2-9e59-49e3-b9b8-b1e6120f0f1e","childs":null,"emcosID":null,"emcosMLID":null,"codTEP":null,"WSName":"DB","rangeAddress":"$EZ$95:$EZ$132","headAddress":"$EZ$95","bodyAddress":"$EZ$96:$EZ$132","_name":"ручное"},"оперативное":{"_level":2,"parentID":"e3673486-4dcb-4cbb-a6e1-d37bf367d65d","firstParentID":"a9fa4657-1d66-4741-ab2c-1678d5d5612d","ID":"5ae4237f-9634-4d71-b95d-0f4f0cdd31a8","childs":null,"emcosID":null,"emcosMLID":null,"codTEP":null,"WSName":"DB","rangeAddress":"$FA$95:$FA$132","headAddress":"$FA$95","bodyAddress":"$FA$96:$FA$132","_name":"оперативное"}},"emcosID":null,"emcosMLID":null,"codTEP":null,"WSName":"DB","rangeAddress":"$EW$94:$FA$132","headAddress":"$EW$94:$FA$94","bodyAddress":"$EW$95:$FA$132","_name":"отдача"}},"emcosID":null,"emcosMLID":null,"codTEP":null,"WSName":"DB","rangeAddress":"$ER$93:$FA$132","headAddress":"$ER$93:$FA$93","bodyAddress":"$ER$94:$FA$132","_name":"АТ2 Западная 140А"}},"codPlan":null,"meterCoef":null,"_name":"АТ2 Западная 140А"}