{"ID":"ab115f01-e148-411f-bec8-c2eb54c78e50","childs":{"PS":{"_level":0,"parentID":"ab115f01-e148-411f-bec8-c2eb54c78e50","firstParentID":"ab115f01-e148-411f-bec8-c2eb54c78e50","ID":"cfee7291-bd11-4fa0-aca2-b211de43d7ea","childs":{"прием":{"_level":1,"parentID":"cfee7291-bd11-4fa0-aca2-b211de43d7ea","firstParentID":"ab115f01-e148-411f-bec8-c2eb54c78e50","ID":"3ed8bf01-af59-42df-a02c-efccaaee29d3","childs":{"оперативное":{"_level":2,"parentID":"3ed8bf01-af59-42df-a02c-efccaaee29d3","firstParentID":"ab115f01-e148-411f-bec8-c2eb54c78e50","ID":"85eb427b-083a-4db2-b44d-4b93df368b5a","childs":null,"emcosID":null,"emcosMLID":null,"WSName":"PS","rangeAddress":"$CV$56:$CV$92","headAddress":"$CV$56","bodyAddress":"$CV$57:$CV$92","_name":"оперативное"}},"emcosID":null,"emcosMLID":null,"WSName":"PS","rangeAddress":"$CV$55:$CV$92","headAddress":"$CV$55","bodyAddress":"$CV$56:$CV$92","_name":"прием"},"отдача":{"_level":1,"parentID":"cfee7291-bd11-4fa0-aca2-b211de43d7ea","firstParentID":"ab115f01-e148-411f-bec8-c2eb54c78e50","ID":"ebd3d656-b2c7-480e-9991-9921f4d98baa","childs":{"оперативное":{"_level":2,"parentID":"ebd3d656-b2c7-480e-9991-9921f4d98baa","firstParentID":"ab115f01-e148-411f-bec8-c2eb54c78e50","ID":"640f613b-2a7f-48e2-bec6-71c524c323df","childs":null,"emcosID":null,"emcosMLID":null,"WSName":"PS","rangeAddress":"$CW$56:$CW$92","headAddress":"$CW$56","bodyAddress":"$CW$57:$CW$92","_name":"оперативное"}},"emcosID":null,"emcosMLID":null,"WSName":"PS","rangeAddress":"$CW$55:$CW$92","headAddress":"$CW$55","bodyAddress":"$CW$56:$CW$92","_name":"отдача"}},"emcosID":null,"emcosMLID":null,"WSName":"PS","rangeAddress":"$CV$54:$CW$92","headAddress":"$CV$54:$CW$54","bodyAddress":"$CV$55:$CW$92","_name":"Л2333 Талдыкорган"},"DB":{"_level":0,"parentID":"ab115f01-e148-411f-bec8-c2eb54c78e50","firstParentID":"ab115f01-e148-411f-bec8-c2eb54c78e50","ID":"db13bd2e-6af9-4581-b954-1de0587a67c3","childs":{"прием":{"_level":1,"parentID":"db13bd2e-6af9-4581-b954-1de0587a67c3","firstParentID":"ab115f01-e148-411f-bec8-c2eb54c78e50","ID":"194882b8-e981-4b9b-9135-01945a68291e","childs":{"код":{"_level":2,"parentID":"194882b8-e981-4b9b-9135-01945a68291e","firstParentID":"ab115f01-e148-411f-bec8-c2eb54c78e50","ID":"9638d5ee-8343-4e5a-ab9f-88838c3cbaeb","childs":null,"emcosID":null,"emcosMLID":null,"WSName":"DB","rangeAddress":"$JS$52:$JS$89","headAddress":"$JS$52","bodyAddress":"$JS$53:$JS$89","_name":"код"},"основное":{"_level":2,"parentID":"194882b8-e981-4b9b-9135-01945a68291e","firstParentID":"ab115f01-e148-411f-bec8-c2eb54c78e50","ID":"4ab0760f-fb41-4ef9-8274-bb73eeaebde6","childs":null,"emcosID":null,"emcosMLID":null,"WSName":"DB","rangeAddress":"$JT$52:$JT$89","headAddress":"$JT$52","bodyAddress":"$JT$53:$JT$89","_name":"основное"},"корректировка факт":{"_level":2,"parentID":"194882b8-e981-4b9b-9135-01945a68291e","firstParentID":"ab115f01-e148-411f-bec8-c2eb54c78e50","ID":"8df34ad6-ca2d-4535-aecc-68782f10fbd9","childs":null,"emcosID":null,"emcosMLID":null,"WSName":"DB","rangeAddress":"$JU$52:$JU$89","headAddress":"$JU$52","bodyAddress":"$JU$53:$JU$89","_name":"корректировка факт"},"ручное":{"_level":2,"parentID":"194882b8-e981-4b9b-9135-01945a68291e","firstParentID":"ab115f01-e148-411f-bec8-c2eb54c78e50","ID":"e594e389-cd8b-41eb-817f-b739b5d0c74e","childs":null,"emcosID":null,"emcosMLID":null,"WSName":"DB","rangeAddress":"$JV$52:$JV$89","headAddress":"$JV$52","bodyAddress":"$JV$53:$JV$89","_name":"ручное"},"оперативное":{"_level":2,"parentID":"194882b8-e981-4b9b-9135-01945a68291e","firstParentID":"ab115f01-e148-411f-bec8-c2eb54c78e50","ID":"54d46044-affe-4e90-bb4f-385ae2f4c13f","childs":null,"emcosID":null,"emcosMLID":null,"WSName":"DB","rangeAddress":"$JW$52:$JW$89","headAddress":"$JW$52","bodyAddress":"$JW$53:$JW$89","_name":"оперативное"}},"emcosID":null,"emcosMLID":null,"WSName":"DB","rangeAddress":"$JS$51:$JW$89","headAddress":"$JS$51:$JW$51","bodyAddress":"$JS$52:$JW$89","_name":"прием"},"отдача":{"_level":1,"parentID":"db13bd2e-6af9-4581-b954-1de0587a67c3","firstParentID":"ab115f01-e148-411f-bec8-c2eb54c78e50","ID":"4bfdf41d-26b8-46a3-8fba-8d790ac8f644","childs":{"код":{"_level":2,"parentID":"4bfdf41d-26b8-46a3-8fba-8d790ac8f644","firstParentID":"ab115f01-e148-411f-bec8-c2eb54c78e50","ID":"d25b0ea3-360c-4b94-8983-290fcbfd2563","childs":null,"emcosID":null,"emcosMLID":null,"WSName":"DB","rangeAddress":"$JX$52:$JX$89","headAddress":"$JX$52","bodyAddress":"$JX$53:$JX$89","_name":"код"},"основное":{"_level":2,"parentID":"4bfdf41d-26b8-46a3-8fba-8d790ac8f644","firstParentID":"ab115f01-e148-411f-bec8-c2eb54c78e50","ID":"89343b32-f64e-4231-b823-60587437398e","childs":null,"emcosID":null,"emcosMLID":null,"WSName":"DB","rangeAddress":"$JY$52:$JY$89","headAddress":"$JY$52","bodyAddress":"$JY$53:$JY$89","_name":"основное"},"корректировка факт":{"_level":2,"parentID":"4bfdf41d-26b8-46a3-8fba-8d790ac8f644","firstParentID":"ab115f01-e148-411f-bec8-c2eb54c78e50","ID":"56fc002f-621b-49ea-8a65-bc42dc553659","childs":null,"emcosID":null,"emcosMLID":null,"WSName":"DB","rangeAddress":"$JZ$52:$JZ$89","headAddress":"$JZ$52","bodyAddress":"$JZ$53:$JZ$89","_name":"корректировка факт"},"ручное":{"_level":2,"parentID":"4bfdf41d-26b8-46a3-8fba-8d790ac8f644","firstParentID":"ab115f01-e148-411f-bec8-c2eb54c78e50","ID":"5d8665d2-ea8d-4724-89f0-617dd799bd68","childs":null,"emcosID":null,"emcosMLID":null,"WSName":"DB","rangeAddress":"$KA$52:$KA$89","headAddress":"$KA$52","bodyAddress":"$KA$53:$KA$89","_name":"ручное"},"оперативное":{"_level":2,"parentID":"4bfdf41d-26b8-46a3-8fba-8d790ac8f644","firstParentID":"ab115f01-e148-411f-bec8-c2eb54c78e50","ID":"6bd39984-4994-491e-82b5-451412b7ac9a","childs":null,"emcosID":null,"emcosMLID":null,"WSName":"DB","rangeAddress":"$KB$52:$KB$89","headAddress":"$KB$52","bodyAddress":"$KB$53:$KB$89","_name":"оперативное"}},"emcosID":null,"emcosMLID":null,"WSName":"DB","rangeAddress":"$JX$51:$KB$89","headAddress":"$JX$51:$KB$51","bodyAddress":"$JX$52:$KB$89","_name":"отдача"}},"emcosID":null,"emcosMLID":null,"WSName":"DB","rangeAddress":"$JS$50:$KB$89","headAddress":"$JS$50:$KB$50","bodyAddress":"$JS$51:$KB$89","_name":"Л2333 Талдыкорган"}},"codPlan":null,"meterCoef":null,"_name":"Л2333 Талдыкорган"}