{"ID":"b1513d3e-a610-44c4-abd0-ac752c4fd87d","childs":{"PS":{"_level":0,"parentID":"b1513d3e-a610-44c4-abd0-ac752c4fd87d","firstParentID":"b1513d3e-a610-44c4-abd0-ac752c4fd87d","ID":"5094d66e-c51d-4c08-9330-ddb5592469e7","childs":{"прием":{"_level":1,"parentID":"5094d66e-c51d-4c08-9330-ddb5592469e7","firstParentID":"b1513d3e-a610-44c4-abd0-ac752c4fd87d","ID":"6283e976-5d96-413a-984c-483423b9970a","childs":{"оперативное":{"_level":2,"parentID":"6283e976-5d96-413a-984c-483423b9970a","firstParentID":"b1513d3e-a610-44c4-abd0-ac752c4fd87d","ID":"a5aa308e-c4ad-45f1-9207-a0de7791515e","childs":null,"emcosID":null,"emcosMLID":null,"codTEP":null,"WSName":"PS","rangeAddress":"$CR$99:$CR$135","headAddress":"$CR$99","bodyAddress":"$CR$100:$CR$135","_name":"оперативное"}},"emcosID":null,"emcosMLID":null,"codTEP":null,"WSName":"PS","rangeAddress":"$CR$98:$CR$135","headAddress":"$CR$98","bodyAddress":"$CR$99:$CR$135","_name":"прием"},"отдача":{"_level":1,"parentID":"5094d66e-c51d-4c08-9330-ddb5592469e7","firstParentID":"b1513d3e-a610-44c4-abd0-ac752c4fd87d","ID":"9845d191-56c4-4bcf-a431-5c2b0e7161d2","childs":{"оперативное":{"_level":2,"parentID":"9845d191-56c4-4bcf-a431-5c2b0e7161d2","firstParentID":"b1513d3e-a610-44c4-abd0-ac752c4fd87d","ID":"6b10c0eb-34f3-4b62-ab69-4b50208e8dcb","childs":null,"emcosID":null,"emcosMLID":null,"codTEP":null,"WSName":"PS","rangeAddress":"$CS$99:$CS$135","headAddress":"$CS$99","bodyAddress":"$CS$100:$CS$135","_name":"оперативное"}},"emcosID":null,"emcosMLID":null,"codTEP":null,"WSName":"PS","rangeAddress":"$CS$98:$CS$135","headAddress":"$CS$98","bodyAddress":"$CS$99:$CS$135","_name":"отдача"}},"emcosID":null,"emcosMLID":null,"codTEP":null,"WSName":"PS","rangeAddress":"$CR$97:$CS$135","headAddress":"$CR$97:$CS$97","bodyAddress":"$CR$98:$CS$135","_name":"Л2123 КГЭС"},"DB":{"_level":0,"parentID":"b1513d3e-a610-44c4-abd0-ac752c4fd87d","firstParentID":"b1513d3e-a610-44c4-abd0-ac752c4fd87d","ID":"6338435d-253d-4f20-9d94-a4709227601a","childs":{"прием":{"_level":1,"parentID":"6338435d-253d-4f20-9d94-a4709227601a","firstParentID":"b1513d3e-a610-44c4-abd0-ac752c4fd87d","ID":"8e14af8d-a6af-4a6c-9a2c-b8d828210508","childs":{"код":{"_level":2,"parentID":"8e14af8d-a6af-4a6c-9a2c-b8d828210508","firstParentID":"b1513d3e-a610-44c4-abd0-ac752c4fd87d","ID":"8e963249-cfcd-4527-a89e-fa874b8ae30f","childs":null,"emcosID":null,"emcosMLID":null,"codTEP":null,"WSName":"DB","rangeAddress":"$HR$95:$HR$132","headAddress":"$HR$95","bodyAddress":"$HR$96:$HR$132","_name":"код"},"основное":{"_level":2,"parentID":"8e14af8d-a6af-4a6c-9a2c-b8d828210508","firstParentID":"b1513d3e-a610-44c4-abd0-ac752c4fd87d","ID":"d1f0d43b-fa4c-45b2-b56e-66988c77b34a","childs":null,"emcosID":null,"emcosMLID":null,"codTEP":null,"WSName":"DB","rangeAddress":"$HS$95:$HS$132","headAddress":"$HS$95","bodyAddress":"$HS$96:$HS$132","_name":"основное"},"корректировка факт":{"_level":2,"parentID":"8e14af8d-a6af-4a6c-9a2c-b8d828210508","firstParentID":"b1513d3e-a610-44c4-abd0-ac752c4fd87d","ID":"ea3ba8a4-94c4-4331-ac40-c17aa25c8f9e","childs":null,"emcosID":null,"emcosMLID":null,"codTEP":null,"WSName":"DB","rangeAddress":"$HT$95:$HT$132","headAddress":"$HT$95","bodyAddress":"$HT$96:$HT$132","_name":"корректировка факт"},"ручное":{"_level":2,"parentID":"8e14af8d-a6af-4a6c-9a2c-b8d828210508","firstParentID":"b1513d3e-a610-44c4-abd0-ac752c4fd87d","ID":"bab4ec7c-f4ae-45a0-9000-d72f75211f6c","childs":null,"emcosID":null,"emcosMLID":null,"codTEP":null,"WSName":"DB","rangeAddress":"$HU$95:$HU$132","headAddress":"$HU$95","bodyAddress":"$HU$96:$HU$132","_name":"ручное"},"оперативное":{"_level":2,"parentID":"8e14af8d-a6af-4a6c-9a2c-b8d828210508","firstParentID":"b1513d3e-a610-44c4-abd0-ac752c4fd87d","ID":"bb4a6934-3219-4ef5-b167-486591fcad55","childs":null,"emcosID":null,"emcosMLID":null,"codTEP":null,"WSName":"DB","rangeAddress":"$HV$95:$HV$132","headAddress":"$HV$95","bodyAddress":"$HV$96:$HV$132","_name":"оперативное"}},"emcosID":null,"emcosMLID":null,"codTEP":null,"WSName":"DB","rangeAddress":"$HR$94:$HV$132","headAddress":"$HR$94:$HV$94","bodyAddress":"$HR$95:$HV$132","_name":"прием"},"отдача":{"_level":1,"parentID":"6338435d-253d-4f20-9d94-a4709227601a","firstParentID":"b1513d3e-a610-44c4-abd0-ac752c4fd87d","ID":"e1254c4b-383c-4d9a-9b22-b16dec185b46","childs":{"код":{"_level":2,"parentID":"e1254c4b-383c-4d9a-9b22-b16dec185b46","firstParentID":"b1513d3e-a610-44c4-abd0-ac752c4fd87d","ID":"1210dce7-d993-45e2-b242-68fb9afdd3de","childs":null,"emcosID":null,"emcosMLID":null,"codTEP":null,"WSName":"DB","rangeAddress":"$HW$95:$HW$132","headAddress":"$HW$95","bodyAddress":"$HW$96:$HW$132","_name":"код"},"основное":{"_level":2,"parentID":"e1254c4b-383c-4d9a-9b22-b16dec185b46","firstParentID":"b1513d3e-a610-44c4-abd0-ac752c4fd87d","ID":"537e76bf-ef31-44ac-92c5-9d483a47f282","childs":null,"emcosID":null,"emcosMLID":null,"codTEP":null,"WSName":"DB","rangeAddress":"$HX$95:$HX$132","headAddress":"$HX$95","bodyAddress":"$HX$96:$HX$132","_name":"основное"},"корректировка факт":{"_level":2,"parentID":"e1254c4b-383c-4d9a-9b22-b16dec185b46","firstParentID":"b1513d3e-a610-44c4-abd0-ac752c4fd87d","ID":"deb34c28-0af4-4238-9281-040a752fa9dd","childs":null,"emcosID":null,"emcosMLID":null,"codTEP":null,"WSName":"DB","rangeAddress":"$HY$95:$HY$132","headAddress":"$HY$95","bodyAddress":"$HY$96:$HY$132","_name":"корректировка факт"},"ручное":{"_level":2,"parentID":"e1254c4b-383c-4d9a-9b22-b16dec185b46","firstParentID":"b1513d3e-a610-44c4-abd0-ac752c4fd87d","ID":"448de11b-a525-47e6-81d7-b37ef0018452","childs":null,"emcosID":null,"emcosMLID":null,"codTEP":null,"WSName":"DB","rangeAddress":"$HZ$95:$HZ$132","headAddress":"$HZ$95","bodyAddress":"$HZ$96:$HZ$132","_name":"ручное"},"оперативное":{"_level":2,"parentID":"e1254c4b-383c-4d9a-9b22-b16dec185b46","firstParentID":"b1513d3e-a610-44c4-abd0-ac752c4fd87d","ID":"c42263b8-f473-463a-8f31-0b7af335a2a0","childs":null,"emcosID":null,"emcosMLID":null,"codTEP":null,"WSName":"DB","rangeAddress":"$IA$95:$IA$132","headAddress":"$IA$95","bodyAddress":"$IA$96:$IA$132","_name":"оперативное"}},"emcosID":null,"emcosMLID":null,"codTEP":null,"WSName":"DB","rangeAddress":"$HW$94:$IA$132","headAddress":"$HW$94:$IA$94","bodyAddress":"$HW$95:$IA$132","_name":"отдача"}},"emcosID":null,"emcosMLID":null,"codTEP":null,"WSName":"DB","rangeAddress":"$HR$93:$IA$132","headAddress":"$HR$93:$IA$93","bodyAddress":"$HR$94:$IA$132","_name":"Л2123 КГЭС"}},"codPlan":null,"meterCoef":null,"_name":"Л2123 КГЭС"}