{"ID":"b55d5044-899a-4665-8ccd-719091503ce4","childs":{"PS":{"_level":0,"parentID":"b55d5044-899a-4665-8ccd-719091503ce4","firstParentID":"b55d5044-899a-4665-8ccd-719091503ce4","ID":"a2e846b1-9ade-490f-8544-bd3f7a7707ff","childs":{"прием":{"_level":1,"parentID":"a2e846b1-9ade-490f-8544-bd3f7a7707ff","firstParentID":"b55d5044-899a-4665-8ccd-719091503ce4","ID":"70194f5f-3b08-4873-a303-18a6763699a0","childs":{"формула":{"_level":2,"parentID":"70194f5f-3b08-4873-a303-18a6763699a0","firstParentID":"b55d5044-899a-4665-8ccd-719091503ce4","ID":"79a678d9-f6da-4e1e-9482-0ec811003e3c","childs":null,"emcosID":null,"emcosMLID":null,"codMaketTEP":null,"codTEP":null,"WSName":"PS","rangeAddress":"$F$228:$F$264","headAddress":"$F$228","bodyAddress":"$F$229:$F$264","_name":"формула"}},"emcosID":null,"emcosMLID":null,"codMaketTEP":null,"codTEP":null,"WSName":"PS","rangeAddress":"$F$227:$F$264","headAddress":"$F$227","bodyAddress":"$F$228:$F$264","_name":"прием"}},"emcosID":null,"emcosMLID":null,"codMaketTEP":null,"codTEP":null,"WSName":"PS","rangeAddress":"$F$226:$F$264","headAddress":"$F$226","bodyAddress":"$F$227:$F$264","_name":"Поступление в сеть ТАТЭК"},"DB":{"_level":0,"parentID":"b55d5044-899a-4665-8ccd-719091503ce4","firstParentID":"b55d5044-899a-4665-8ccd-719091503ce4","ID":"2abd4cca-d4ee-4939-970a-718c533bd416","childs":{"прием":{"_level":1,"parentID":"2abd4cca-d4ee-4939-970a-718c533bd416","firstParentID":"b55d5044-899a-4665-8ccd-719091503ce4","ID":"3c14611a-8a18-474a-813e-e4cf556f109f","childs":{"код":{"_level":2,"parentID":"3c14611a-8a18-474a-813e-e4cf556f109f","firstParentID":"b55d5044-899a-4665-8ccd-719091503ce4","ID":"3c0a0960-0f97-4fa9-8598-0580f95d57df","childs":null,"emcosID":null,"emcosMLID":null,"codMaketTEP":null,"codTEP":null,"WSName":"DB","rangeAddress":"$CE$310:$CE$347","headAddress":"$CE$310","bodyAddress":"$CE$311:$CE$347","_name":"код"},"основное":{"_level":2,"parentID":"3c14611a-8a18-474a-813e-e4cf556f109f","firstParentID":"b55d5044-899a-4665-8ccd-719091503ce4","ID":"3254060b-be39-4a20-afec-dafc3160f844","childs":null,"emcosID":null,"emcosMLID":null,"codMaketTEP":null,"codTEP":null,"WSName":"DB","rangeAddress":"$CF$310:$CF$347","headAddress":"$CF$310","bodyAddress":"$CF$311:$CF$347","_name":"основное"},"корректировка факт":{"_level":2,"parentID":"3c14611a-8a18-474a-813e-e4cf556f109f","firstParentID":"b55d5044-899a-4665-8ccd-719091503ce4","ID":"903b8b62-6b90-4eda-8339-a4cb9112f0b9","childs":null,"emcosID":null,"emcosMLID":null,"codMaketTEP":null,"codTEP":null,"WSName":"DB","rangeAddress":"$CG$310:$CG$347","headAddress":"$CG$310","bodyAddress":"$CG$311:$CG$347","_name":"корректировка факт"},"ручное":{"_level":2,"parentID":"3c14611a-8a18-474a-813e-e4cf556f109f","firstParentID":"b55d5044-899a-4665-8ccd-719091503ce4","ID":"68391d16-3972-4c25-b3da-a43e877af3f7","childs":null,"emcosID":null,"emcosMLID":null,"codMaketTEP":null,"codTEP":null,"WSName":"DB","rangeAddress":"$CH$310:$CH$347","headAddress":"$CH$310","bodyAddress":"$CH$311:$CH$347","_name":"ручное"},"формула":{"_level":2,"parentID":"3c14611a-8a18-474a-813e-e4cf556f109f","firstParentID":"b55d5044-899a-4665-8ccd-719091503ce4","ID":"c8e8c7ed-3445-415e-9aec-ebc36d88856d","childs":null,"emcosID":null,"emcosMLID":null,"codMaketTEP":null,"codTEP":null,"WSName":"DB","rangeAddress":"$CI$310:$CI$347","headAddress":"$CI$310","bodyAddress":"$CI$311:$CI$347","_name":"формула"}},"emcosID":null,"emcosMLID":null,"codMaketTEP":null,"codTEP":null,"WSName":"DB","rangeAddress":"$CE$309:$CI$347","headAddress":"$CE$309:$CI$309","bodyAddress":"$CE$310:$CI$347","_name":"прием"}},"emcosID":null,"emcosMLID":null,"codMaketTEP":null,"codTEP":null,"WSName":"DB","rangeAddress":"$CE$308:$CI$347","headAddress":"$CE$308:$CI$308","bodyAddress":"$CE$309:$CI$347","_name":"Поступление в сеть ТАТЭК"}},"codPlan":null,"meterCoef":null,"_name":"Поступление в сеть ТАТЭК"}