{"ID":"b9fe2d15-f997-4444-954a-9efd195a3ca4","childs":{"PS":{"_level":0,"parentID":"b9fe2d15-f997-4444-954a-9efd195a3ca4","firstParentID":"b9fe2d15-f997-4444-954a-9efd195a3ca4","ID":"2616582c-24fb-4f7c-8707-f7629e93d626","childs":{"отдача":{"_level":1,"parentID":"2616582c-24fb-4f7c-8707-f7629e93d626","firstParentID":"b9fe2d15-f997-4444-954a-9efd195a3ca4","ID":"5c8bf0ea-77f2-4c52-a38a-631ee3b5deee","childs":{"ручное":{"_level":2,"parentID":"5c8bf0ea-77f2-4c52-a38a-631ee3b5deee","firstParentID":"b9fe2d15-f997-4444-954a-9efd195a3ca4","ID":"d08a7760-1468-4323-b460-abe57bef5e8c","childs":null,"emcosID":null,"emcosMLID":null,"codTEP":null,"WSName":"PS","rangeAddress":"$AP$185:$AP$221","headAddress":"$AP$185","bodyAddress":"$AP$186:$AP$221","_name":"ручное"}},"emcosID":null,"emcosMLID":null,"codTEP":null,"WSName":"PS","rangeAddress":"$AP$184:$AP$221","headAddress":"$AP$184","bodyAddress":"$AP$185:$AP$221","_name":"отдача"}},"emcosID":null,"emcosMLID":null,"codTEP":null,"WSName":"PS","rangeAddress":"$AP$183:$AP$221","headAddress":"$AP$183","bodyAddress":"$AP$184:$AP$221","_name":"Генерация Жетысу Энерго Караш"},"DB":{"_level":0,"parentID":"b9fe2d15-f997-4444-954a-9efd195a3ca4","firstParentID":"b9fe2d15-f997-4444-954a-9efd195a3ca4","ID":"4a90a0df-6c34-47bc-a001-042ed74edc46","childs":{"отдача":{"_level":1,"parentID":"4a90a0df-6c34-47bc-a001-042ed74edc46","firstParentID":"b9fe2d15-f997-4444-954a-9efd195a3ca4","ID":"e3e4e3de-79f4-4fff-b849-fa1922d72392","childs":{"код":{"_level":2,"parentID":"e3e4e3de-79f4-4fff-b849-fa1922d72392","firstParentID":"b9fe2d15-f997-4444-954a-9efd195a3ca4","ID":"da79b211-caed-4ef9-b4b3-15980762afe1","childs":null,"emcosID":null,"emcosMLID":null,"codTEP":null,"WSName":"DB","rangeAddress":"$GB$267:$GB$304","headAddress":"$GB$267","bodyAddress":"$GB$268:$GB$304","_name":"код"},"основное":{"_level":2,"parentID":"e3e4e3de-79f4-4fff-b849-fa1922d72392","firstParentID":"b9fe2d15-f997-4444-954a-9efd195a3ca4","ID":"30c7e492-9d6e-43af-aa90-21a72617f7ec","childs":null,"emcosID":null,"emcosMLID":null,"codTEP":null,"WSName":"DB","rangeAddress":"$GC$267:$GC$304","headAddress":"$GC$267","bodyAddress":"$GC$268:$GC$304","_name":"основное"},"корректировка факт":{"_level":2,"parentID":"e3e4e3de-79f4-4fff-b849-fa1922d72392","firstParentID":"b9fe2d15-f997-4444-954a-9efd195a3ca4","ID":"0d941e31-e147-42c4-956e-9b266d614efb","childs":null,"emcosID":null,"emcosMLID":null,"codTEP":null,"WSName":"DB","rangeAddress":"$GD$267:$GD$304","headAddress":"$GD$267","bodyAddress":"$GD$268:$GD$304","_name":"корректировка факт"},"ручное":{"_level":2,"parentID":"e3e4e3de-79f4-4fff-b849-fa1922d72392","firstParentID":"b9fe2d15-f997-4444-954a-9efd195a3ca4","ID":"5b5b42df-aa52-4b9e-9a9f-fae1d8a03277","childs":null,"emcosID":null,"emcosMLID":null,"codTEP":null,"WSName":"DB","rangeAddress":"$GE$267:$GE$304","headAddress":"$GE$267","bodyAddress":"$GE$268:$GE$304","_name":"ручное"}},"emcosID":null,"emcosMLID":null,"codTEP":null,"WSName":"DB","rangeAddress":"$GB$266:$GE$304","headAddress":"$GB$266:$GE$266","bodyAddress":"$GB$267:$GE$304","_name":"отдача"}},"emcosID":null,"emcosMLID":null,"codTEP":null,"WSName":"DB","rangeAddress":"$GB$265:$GE$304","headAddress":"$GB$265:$GE$265","bodyAddress":"$GB$266:$GE$304","_name":"Генерация Жетысу Энерго Караш"}},"codPlan":null,"meterCoef":null,"_name":"Генерация Жетысу Энерго Караш"}