{"ID":"bab27a8c-1d14-4d2d-9cc0-8d79479f3ddc","childs":{"PS":{"_level":0,"parentID":"bab27a8c-1d14-4d2d-9cc0-8d79479f3ddc","firstParentID":"bab27a8c-1d14-4d2d-9cc0-8d79479f3ddc","ID":"af1cd308-518d-497b-a5be-3bb1a913bef9","childs":{"прием":{"_level":1,"parentID":"af1cd308-518d-497b-a5be-3bb1a913bef9","firstParentID":"bab27a8c-1d14-4d2d-9cc0-8d79479f3ddc","ID":"10e85d86-eb28-44c3-a3a3-4e857b17a92e","childs":{"формула":{"_level":2,"parentID":"10e85d86-eb28-44c3-a3a3-4e857b17a92e","firstParentID":"bab27a8c-1d14-4d2d-9cc0-8d79479f3ddc","ID":"8bf13899-2d4e-4248-9906-1abc783bfd6f","childs":null,"emcosID":null,"emcosMLID":null,"codMaketTEP":null,"codTEP":null,"WSName":"PS","rangeAddress":"$FX$99:$FX$135","headAddress":"$FX$99","bodyAddress":"$FX$100:$FX$135","_name":"формула"}},"emcosID":null,"emcosMLID":null,"codMaketTEP":null,"codTEP":null,"WSName":"PS","rangeAddress":"$FX$98:$FX$135","headAddress":"$FX$98","bodyAddress":"$FX$99:$FX$135","_name":"прием"}},"emcosID":null,"emcosMLID":null,"codMaketTEP":null,"codTEP":null,"WSName":"PS","rangeAddress":"$FX$97:$FX$135","headAddress":"$FX$97","bodyAddress":"$FX$98:$FX$135","_name":"Потребление Мын Арал тяга"},"DB":{"_level":0,"parentID":"bab27a8c-1d14-4d2d-9cc0-8d79479f3ddc","firstParentID":"bab27a8c-1d14-4d2d-9cc0-8d79479f3ddc","ID":"9a5638a0-1cd7-49f9-a61a-85ad4528b8f6","childs":{"прием":{"_level":1,"parentID":"9a5638a0-1cd7-49f9-a61a-85ad4528b8f6","firstParentID":"bab27a8c-1d14-4d2d-9cc0-8d79479f3ddc","ID":"db1ac124-5f41-45b9-9811-1425462af8e7","childs":{"код":{"_level":2,"parentID":"db1ac124-5f41-45b9-9811-1425462af8e7","firstParentID":"bab27a8c-1d14-4d2d-9cc0-8d79479f3ddc","ID":"5ce3321d-a3d1-4507-a88a-acc84bff2620","childs":null,"emcosID":null,"emcosMLID":null,"codMaketTEP":null,"codTEP":null,"WSName":"DB","rangeAddress":"$AQ$95:$AQ$132","headAddress":"$AQ$95","bodyAddress":"$AQ$96:$AQ$132","_name":"код"},"основное":{"_level":2,"parentID":"db1ac124-5f41-45b9-9811-1425462af8e7","firstParentID":"bab27a8c-1d14-4d2d-9cc0-8d79479f3ddc","ID":"e437ddb2-73cc-4f1f-afc9-7c66e7a86ca0","childs":null,"emcosID":null,"emcosMLID":null,"codMaketTEP":null,"codTEP":null,"WSName":"DB","rangeAddress":"$AR$95:$AR$132","headAddress":"$AR$95","bodyAddress":"$AR$96:$AR$132","_name":"основное"},"корректировка факт":{"_level":2,"parentID":"db1ac124-5f41-45b9-9811-1425462af8e7","firstParentID":"bab27a8c-1d14-4d2d-9cc0-8d79479f3ddc","ID":"55dd5332-8545-400e-824d-276ba7550cce","childs":null,"emcosID":null,"emcosMLID":null,"codMaketTEP":null,"codTEP":null,"WSName":"DB","rangeAddress":"$AS$95:$AS$132","headAddress":"$AS$95","bodyAddress":"$AS$96:$AS$132","_name":"корректировка факт"},"ручное":{"_level":2,"parentID":"db1ac124-5f41-45b9-9811-1425462af8e7","firstParentID":"bab27a8c-1d14-4d2d-9cc0-8d79479f3ddc","ID":"28ede648-151e-4053-ba66-9ad19fda9d09","childs":null,"emcosID":null,"emcosMLID":null,"codMaketTEP":null,"codTEP":null,"WSName":"DB","rangeAddress":"$AT$95:$AT$132","headAddress":"$AT$95","bodyAddress":"$AT$96:$AT$132","_name":"ручное"},"формула":{"_level":2,"parentID":"db1ac124-5f41-45b9-9811-1425462af8e7","firstParentID":"bab27a8c-1d14-4d2d-9cc0-8d79479f3ddc","ID":"ebfaa44c-cc99-4d3c-8e33-cd863076884d","childs":null,"emcosID":null,"emcosMLID":null,"codMaketTEP":null,"codTEP":null,"WSName":"DB","rangeAddress":"$AU$95:$AU$132","headAddress":"$AU$95","bodyAddress":"$AU$96:$AU$132","_name":"формула"}},"emcosID":null,"emcosMLID":null,"codMaketTEP":null,"codTEP":null,"WSName":"DB","rangeAddress":"$AQ$94:$AU$132","headAddress":"$AQ$94:$AU$94","bodyAddress":"$AQ$95:$AU$132","_name":"прием"}},"emcosID":null,"emcosMLID":null,"codMaketTEP":null,"codTEP":null,"WSName":"DB","rangeAddress":"$AQ$93:$AU$132","headAddress":"$AQ$93:$AU$93","bodyAddress":"$AQ$94:$AU$132","_name":"Потребление Мын Арал тяга"}},"codPlan":null,"meterCoef":null,"_name":"Потребление Мын Арал тяга"}