{"ID":"bacd297d-2c9c-447f-944c-3bc254dbc9b1","childs":{"PS":{"_level":0,"parentID":"bacd297d-2c9c-447f-944c-3bc254dbc9b1","firstParentID":"bacd297d-2c9c-447f-944c-3bc254dbc9b1","ID":"cdce5398-07ae-4c42-b297-00726dfee5a9","childs":{"прием":{"_level":1,"parentID":"cdce5398-07ae-4c42-b297-00726dfee5a9","firstParentID":"bacd297d-2c9c-447f-944c-3bc254dbc9b1","ID":"a9ccc10a-dafd-4f12-82da-3e822d6ff4b5","childs":{"по счетчику":{"_level":2,"parentID":"a9ccc10a-dafd-4f12-82da-3e822d6ff4b5","firstParentID":"bacd297d-2c9c-447f-944c-3bc254dbc9b1","ID":"1f9d030b-70d4-4cb1-8916-5c2da60be2c5","childs":null,"emcosID":null,"emcosMLID":null,"codTEP":null,"WSName":"PS","rangeAddress":"$BI$99:$BI$135","headAddress":"$BI$99","bodyAddress":"$BI$100:$BI$135","_name":"по счетчику"}},"emcosID":null,"emcosMLID":null,"codTEP":null,"WSName":"PS","rangeAddress":"$BI$98:$BI$135","headAddress":"$BI$98","bodyAddress":"$BI$99:$BI$135","_name":"прием"},"отдача":{"_level":1,"parentID":"cdce5398-07ae-4c42-b297-00726dfee5a9","firstParentID":"bacd297d-2c9c-447f-944c-3bc254dbc9b1","ID":"c8f59544-161e-49bf-90e2-6f5aa5cc7b36","childs":{"по счетчику":{"_level":2,"parentID":"c8f59544-161e-49bf-90e2-6f5aa5cc7b36","firstParentID":"bacd297d-2c9c-447f-944c-3bc254dbc9b1","ID":"5eaca98b-754d-4cd0-a3ae-dc6d073ce515","childs":null,"emcosID":null,"emcosMLID":null,"codTEP":null,"WSName":"PS","rangeAddress":"$BJ$99:$BJ$135","headAddress":"$BJ$99","bodyAddress":"$BJ$100:$BJ$135","_name":"по счетчику"}},"emcosID":null,"emcosMLID":null,"codTEP":null,"WSName":"PS","rangeAddress":"$BJ$98:$BJ$135","headAddress":"$BJ$98","bodyAddress":"$BJ$99:$BJ$135","_name":"отдача"}},"emcosID":null,"emcosMLID":null,"codTEP":null,"WSName":"PS","rangeAddress":"$BI$97:$BJ$135","headAddress":"$BI$97:$BJ$97","bodyAddress":"$BI$98:$BJ$135","_name":"КЛ82 ПС152 Талдыкорган"},"DB":{"_level":0,"parentID":"bacd297d-2c9c-447f-944c-3bc254dbc9b1","firstParentID":"bacd297d-2c9c-447f-944c-3bc254dbc9b1","ID":"ebcf92fa-d948-40d5-b940-8b838fd94515","childs":{"прием":{"_level":1,"parentID":"ebcf92fa-d948-40d5-b940-8b838fd94515","firstParentID":"bacd297d-2c9c-447f-944c-3bc254dbc9b1","ID":"b6532210-e298-47f0-9f0c-bcd98f562fb3","childs":{"код":{"_level":2,"parentID":"b6532210-e298-47f0-9f0c-bcd98f562fb3","firstParentID":"bacd297d-2c9c-447f-944c-3bc254dbc9b1","ID":"ea04d730-b984-4eab-88cf-f85e1e43775c","childs":null,"emcosID":null,"emcosMLID":null,"codTEP":null,"WSName":"DB","rangeAddress":"$BE$267:$BE$304","headAddress":"$BE$267","bodyAddress":"$BE$268:$BE$304","_name":"код"},"основное":{"_level":2,"parentID":"b6532210-e298-47f0-9f0c-bcd98f562fb3","firstParentID":"bacd297d-2c9c-447f-944c-3bc254dbc9b1","ID":"0c1cf056-5709-4344-b526-676e5da36aab","childs":null,"emcosID":null,"emcosMLID":null,"codTEP":null,"WSName":"DB","rangeAddress":"$BF$267:$BF$304","headAddress":"$BF$267","bodyAddress":"$BF$268:$BF$304","_name":"основное"},"корректировка факт":{"_level":2,"parentID":"b6532210-e298-47f0-9f0c-bcd98f562fb3","firstParentID":"bacd297d-2c9c-447f-944c-3bc254dbc9b1","ID":"5f2c6cff-ec43-491d-836a-2065b7cbc697","childs":null,"emcosID":null,"emcosMLID":null,"codTEP":null,"WSName":"DB","rangeAddress":"$BG$267:$BG$304","headAddress":"$BG$267","bodyAddress":"$BG$268:$BG$304","_name":"корректировка факт"},"ручное":{"_level":2,"parentID":"b6532210-e298-47f0-9f0c-bcd98f562fb3","firstParentID":"bacd297d-2c9c-447f-944c-3bc254dbc9b1","ID":"8efa7c6d-3204-4d7a-9710-0b5c41923ed2","childs":null,"emcosID":null,"emcosMLID":null,"codTEP":null,"WSName":"DB","rangeAddress":"$BH$267:$BH$304","headAddress":"$BH$267","bodyAddress":"$BH$268:$BH$304","_name":"ручное"},"оперативное":{"_level":2,"parentID":"b6532210-e298-47f0-9f0c-bcd98f562fb3","firstParentID":"bacd297d-2c9c-447f-944c-3bc254dbc9b1","ID":"7b2072ad-d32f-4d7b-96ac-29843999b64e","childs":null,"emcosID":null,"emcosMLID":null,"codTEP":null,"WSName":"DB","rangeAddress":"$BI$267:$BI$304","headAddress":"$BI$267","bodyAddress":"$BI$268:$BI$304","_name":"оперативное"},"счетчик":{"_level":2,"parentID":"b6532210-e298-47f0-9f0c-bcd98f562fb3","firstParentID":"bacd297d-2c9c-447f-944c-3bc254dbc9b1","ID":"7a4fb85e-a652-47b4-b5f3-17b8ffdc4ebf","childs":null,"emcosID":null,"emcosMLID":null,"codTEP":null,"WSName":"DB","rangeAddress":"$BJ$267:$BJ$304","headAddress":"$BJ$267","bodyAddress":"$BJ$268:$BJ$304","_name":"счетчик"},"по счетчику":{"_level":2,"parentID":"b6532210-e298-47f0-9f0c-bcd98f562fb3","firstParentID":"bacd297d-2c9c-447f-944c-3bc254dbc9b1","ID":"18411a90-8209-4dfb-aad1-e2f739bd22af","childs":null,"emcosID":null,"emcosMLID":null,"codTEP":null,"WSName":"DB","rangeAddress":"$BK$267:$BK$304","headAddress":"$BK$267","bodyAddress":"$BK$268:$BK$304","_name":"по счетчику"}},"emcosID":null,"emcosMLID":null,"codTEP":null,"WSName":"DB","rangeAddress":"$BE$266:$BK$304","headAddress":"$BE$266:$BK$266","bodyAddress":"$BE$267:$BK$304","_name":"прием"},"отдача":{"_level":1,"parentID":"ebcf92fa-d948-40d5-b940-8b838fd94515","firstParentID":"bacd297d-2c9c-447f-944c-3bc254dbc9b1","ID":"9f3bd126-0e6c-4d5f-9bb6-9aefc2e601dd","childs":{"код":{"_level":2,"parentID":"9f3bd126-0e6c-4d5f-9bb6-9aefc2e601dd","firstParentID":"bacd297d-2c9c-447f-944c-3bc254dbc9b1","ID":"df3b0402-210c-477d-894e-6641b7517112","childs":null,"emcosID":null,"emcosMLID":null,"codTEP":null,"WSName":"DB","rangeAddress":"$BL$267:$BL$304","headAddress":"$BL$267","bodyAddress":"$BL$268:$BL$304","_name":"код"},"основное":{"_level":2,"parentID":"9f3bd126-0e6c-4d5f-9bb6-9aefc2e601dd","firstParentID":"bacd297d-2c9c-447f-944c-3bc254dbc9b1","ID":"4162f441-e159-4f0e-af1d-e90236400470","childs":null,"emcosID":null,"emcosMLID":null,"codTEP":null,"WSName":"DB","rangeAddress":"$BM$267:$BM$304","headAddress":"$BM$267","bodyAddress":"$BM$268:$BM$304","_name":"основное"},"корректировка факт":{"_level":2,"parentID":"9f3bd126-0e6c-4d5f-9bb6-9aefc2e601dd","firstParentID":"bacd297d-2c9c-447f-944c-3bc254dbc9b1","ID":"a3d94897-5538-4499-8124-dcc1eb4c78a6","childs":null,"emcosID":null,"emcosMLID":null,"codTEP":null,"WSName":"DB","rangeAddress":"$BN$267:$BN$304","headAddress":"$BN$267","bodyAddress":"$BN$268:$BN$304","_name":"корректировка факт"},"ручное":{"_level":2,"parentID":"9f3bd126-0e6c-4d5f-9bb6-9aefc2e601dd","firstParentID":"bacd297d-2c9c-447f-944c-3bc254dbc9b1","ID":"63f69b71-e42a-4b94-85c9-525d230bc365","childs":null,"emcosID":null,"emcosMLID":null,"codTEP":null,"WSName":"DB","rangeAddress":"$BO$267:$BO$304","headAddress":"$BO$267","bodyAddress":"$BO$268:$BO$304","_name":"ручное"},"оперативное":{"_level":2,"parentID":"9f3bd126-0e6c-4d5f-9bb6-9aefc2e601dd","firstParentID":"bacd297d-2c9c-447f-944c-3bc254dbc9b1","ID":"bc6d4805-9418-4c6d-b039-e422e895217b","childs":null,"emcosID":null,"emcosMLID":null,"codTEP":null,"WSName":"DB","rangeAddress":"$BP$267:$BP$304","headAddress":"$BP$267","bodyAddress":"$BP$268:$BP$304","_name":"оперативное"},"счетчик":{"_level":2,"parentID":"9f3bd126-0e6c-4d5f-9bb6-9aefc2e601dd","firstParentID":"bacd297d-2c9c-447f-944c-3bc254dbc9b1","ID":"20499dac-08c8-432d-82e5-854fba9fd071","childs":null,"emcosID":null,"emcosMLID":null,"codTEP":null,"WSName":"DB","rangeAddress":"$BQ$267:$BQ$304","headAddress":"$BQ$267","bodyAddress":"$BQ$268:$BQ$304","_name":"счетчик"},"по счетчику":{"_level":2,"parentID":"9f3bd126-0e6c-4d5f-9bb6-9aefc2e601dd","firstParentID":"bacd297d-2c9c-447f-944c-3bc254dbc9b1","ID":"c1195eb0-f3fb-4889-9246-3a5bf7f0a5f5","childs":null,"emcosID":null,"emcosMLID":null,"codTEP":null,"WSName":"DB","rangeAddress":"$BR$267:$BR$304","headAddress":"$BR$267","bodyAddress":"$BR$268:$BR$304","_name":"по счетчику"}},"emcosID":null,"emcosMLID":null,"codTEP":null,"WSName":"DB","rangeAddress":"$BL$266:$BR$304","headAddress":"$BL$266:$BR$266","bodyAddress":"$BL$267:$BR$304","_name":"отдача"}},"emcosID":null,"emcosMLID":null,"codTEP":null,"WSName":"DB","rangeAddress":"$BE$265:$BR$304","headAddress":"$BE$265:$BR$265","bodyAddress":"$BE$266:$BR$304","_name":"КЛ82 ПС152 Талдыкорган"}},"codPlan":null,"meterCoef":null,"_name":"КЛ82 ПС152 Талдыкорган"}