{"ID":"bbd1deb1-5e98-4405-8092-2ede4a28fa73","childs":{"PS":{"_level":0,"parentID":"bbd1deb1-5e98-4405-8092-2ede4a28fa73","firstParentID":"bbd1deb1-5e98-4405-8092-2ede4a28fa73","ID":"a61a8cae-bcbb-4834-b684-8f9cc1ab8e18","childs":{"прием":{"_level":1,"parentID":"a61a8cae-bcbb-4834-b684-8f9cc1ab8e18","firstParentID":"bbd1deb1-5e98-4405-8092-2ede4a28fa73","ID":"17f6a6eb-12ec-42b3-8be0-5997d793742d","childs":{"ручное":{"_level":2,"parentID":"17f6a6eb-12ec-42b3-8be0-5997d793742d","firstParentID":"bbd1deb1-5e98-4405-8092-2ede4a28fa73","ID":"5d44085a-13cb-4fca-9ebe-1c6f1714ca0d","childs":null,"emcosID":null,"emcosMLID":null,"codTEP":null,"WSName":"PS","rangeAddress":"$N$185:$N$221","headAddress":"$N$185","bodyAddress":"$N$186:$N$221","_name":"ручное"}},"emcosID":null,"emcosMLID":null,"codTEP":null,"WSName":"PS","rangeAddress":"$N$184:$N$221","headAddress":"$N$184","bodyAddress":"$N$185:$N$221","_name":"прием"}},"emcosID":null,"emcosMLID":null,"codTEP":null,"WSName":"PS","rangeAddress":"$N$183:$N$221","headAddress":"$N$183","bodyAddress":"$N$184:$N$221","_name":"Потребление Electric Eergy"},"DB":{"_level":0,"parentID":"bbd1deb1-5e98-4405-8092-2ede4a28fa73","firstParentID":"bbd1deb1-5e98-4405-8092-2ede4a28fa73","ID":"9da76595-63f8-42ab-8dd5-a8d3f843ce36","childs":{"прием":{"_level":1,"parentID":"9da76595-63f8-42ab-8dd5-a8d3f843ce36","firstParentID":"bbd1deb1-5e98-4405-8092-2ede4a28fa73","ID":"137405c5-fb97-4cbf-8581-7b5815102ea7","childs":{"код":{"_level":2,"parentID":"137405c5-fb97-4cbf-8581-7b5815102ea7","firstParentID":"bbd1deb1-5e98-4405-8092-2ede4a28fa73","ID":"f80575a0-956c-4cdf-a7d2-90175dcc25d8","childs":null,"emcosID":null,"emcosMLID":null,"codTEP":null,"WSName":"DB","rangeAddress":"$M$396:$M$433","headAddress":"$M$396","bodyAddress":"$M$397:$M$433","_name":"код"},"основное":{"_level":2,"parentID":"137405c5-fb97-4cbf-8581-7b5815102ea7","firstParentID":"bbd1deb1-5e98-4405-8092-2ede4a28fa73","ID":"8ca35fbe-906e-4235-b4b0-69619b77c21f","childs":null,"emcosID":null,"emcosMLID":null,"codTEP":null,"WSName":"DB","rangeAddress":"$N$396:$N$433","headAddress":"$N$396","bodyAddress":"$N$397:$N$433","_name":"основное"},"корректировка факт":{"_level":2,"parentID":"137405c5-fb97-4cbf-8581-7b5815102ea7","firstParentID":"bbd1deb1-5e98-4405-8092-2ede4a28fa73","ID":"818ed080-743c-47e0-9f53-a5c6ee9836fa","childs":null,"emcosID":null,"emcosMLID":null,"codTEP":null,"WSName":"DB","rangeAddress":"$O$396:$O$433","headAddress":"$O$396","bodyAddress":"$O$397:$O$433","_name":"корректировка факт"},"ручное":{"_level":2,"parentID":"137405c5-fb97-4cbf-8581-7b5815102ea7","firstParentID":"bbd1deb1-5e98-4405-8092-2ede4a28fa73","ID":"43d8fe8c-d07c-487a-b739-1ae58c87e22d","childs":null,"emcosID":null,"emcosMLID":null,"codTEP":null,"WSName":"DB","rangeAddress":"$P$396:$P$433","headAddress":"$P$396","bodyAddress":"$P$397:$P$433","_name":"ручное"}},"emcosID":null,"emcosMLID":null,"codTEP":null,"WSName":"DB","rangeAddress":"$M$395:$P$433","headAddress":"$M$395:$P$395","bodyAddress":"$M$396:$P$433","_name":"прием"}},"emcosID":null,"emcosMLID":null,"codTEP":null,"WSName":"DB","rangeAddress":"$M$394:$P$433","headAddress":"$M$394:$P$394","bodyAddress":"$M$395:$P$433","_name":"Потребление Electric Eergy"}},"codPlan":null,"meterCoef":null,"_name":"Потребление Electric Eergy"}