{"ID":"bc51ceb3-8526-48c5-b3c5-32f24720d60d","childs":{"PS":{"_level":0,"parentID":"bc51ceb3-8526-48c5-b3c5-32f24720d60d","firstParentID":"bc51ceb3-8526-48c5-b3c5-32f24720d60d","ID":"86e1d9bb-ae1d-4aea-bc4e-074dd2d66ec2","childs":{"отдача":{"_level":1,"parentID":"86e1d9bb-ae1d-4aea-bc4e-074dd2d66ec2","firstParentID":"bc51ceb3-8526-48c5-b3c5-32f24720d60d","ID":"2d46fe98-11cd-415a-bd02-a2df9192bca7","childs":{"формула":{"_level":2,"parentID":"2d46fe98-11cd-415a-bd02-a2df9192bca7","firstParentID":"bc51ceb3-8526-48c5-b3c5-32f24720d60d","ID":"9472ddcd-8c0b-434d-b2aa-54cbb55c49d1","childs":null,"emcosID":null,"emcosMLID":null,"codTEP":null,"WSName":"PS","rangeAddress":"$V$13:$V$49","headAddress":"$V$13","bodyAddress":"$V$14:$V$49","_name":"формула"}},"emcosID":null,"emcosMLID":null,"codTEP":null,"WSName":"PS","rangeAddress":"$V$12:$V$49","headAddress":"$V$12","bodyAddress":"$V$13:$V$49","_name":"отдача"}},"emcosID":null,"emcosMLID":null,"codTEP":null,"WSName":"PS","rangeAddress":"$V$11:$V$49","headAddress":"$V$11","bodyAddress":"$V$12:$V$49","_name":"Генерация в границах АЖК Общее"},"DB":{"_level":0,"parentID":"bc51ceb3-8526-48c5-b3c5-32f24720d60d","firstParentID":"bc51ceb3-8526-48c5-b3c5-32f24720d60d","ID":"4fad90b5-c7e7-4f4b-a2e7-47dd5c44df27","childs":{"отдача":{"_level":1,"parentID":"4fad90b5-c7e7-4f4b-a2e7-47dd5c44df27","firstParentID":"bc51ceb3-8526-48c5-b3c5-32f24720d60d","ID":"97d32e28-dafe-4a79-b118-f9ecea389e5c","childs":{"код":{"_level":2,"parentID":"97d32e28-dafe-4a79-b118-f9ecea389e5c","firstParentID":"bc51ceb3-8526-48c5-b3c5-32f24720d60d","ID":"d066a891-4494-4b49-8b52-ad8919932c90","childs":null,"emcosID":null,"emcosMLID":null,"codTEP":null,"WSName":"DB","rangeAddress":"$BQ$138:$BQ$175","headAddress":"$BQ$138","bodyAddress":"$BQ$139:$BQ$175","_name":"код"},"основное":{"_level":2,"parentID":"97d32e28-dafe-4a79-b118-f9ecea389e5c","firstParentID":"bc51ceb3-8526-48c5-b3c5-32f24720d60d","ID":"6fc116a9-a3ed-4c66-9639-54477fa14729","childs":null,"emcosID":null,"emcosMLID":null,"codTEP":null,"WSName":"DB","rangeAddress":"$BR$138:$BR$175","headAddress":"$BR$138","bodyAddress":"$BR$139:$BR$175","_name":"основное"},"корректировка факт":{"_level":2,"parentID":"97d32e28-dafe-4a79-b118-f9ecea389e5c","firstParentID":"bc51ceb3-8526-48c5-b3c5-32f24720d60d","ID":"ec94c440-1ce9-419c-bc87-51b744e1b1dc","childs":null,"emcosID":null,"emcosMLID":null,"codTEP":null,"WSName":"DB","rangeAddress":"$BS$138:$BS$175","headAddress":"$BS$138","bodyAddress":"$BS$139:$BS$175","_name":"корректировка факт"},"ручное":{"_level":2,"parentID":"97d32e28-dafe-4a79-b118-f9ecea389e5c","firstParentID":"bc51ceb3-8526-48c5-b3c5-32f24720d60d","ID":"0dcdd92f-d04e-4020-8486-0a26b5cdfa69","childs":null,"emcosID":null,"emcosMLID":null,"codTEP":null,"WSName":"DB","rangeAddress":"$BT$138:$BT$175","headAddress":"$BT$138","bodyAddress":"$BT$139:$BT$175","_name":"ручное"},"формула":{"_level":2,"parentID":"97d32e28-dafe-4a79-b118-f9ecea389e5c","firstParentID":"bc51ceb3-8526-48c5-b3c5-32f24720d60d","ID":"bef0bf09-d0be-465d-8bb5-69e27f0c8d55","childs":null,"emcosID":null,"emcosMLID":null,"codTEP":null,"WSName":"DB","rangeAddress":"$BU$138:$BU$175","headAddress":"$BU$138","bodyAddress":"$BU$139:$BU$175","_name":"формула"}},"emcosID":null,"emcosMLID":null,"codTEP":null,"WSName":"DB","rangeAddress":"$BQ$137:$BU$175","headAddress":"$BQ$137:$BU$137","bodyAddress":"$BQ$138:$BU$175","_name":"отдача"}},"emcosID":null,"emcosMLID":null,"codTEP":null,"WSName":"DB","rangeAddress":"$BQ$136:$BU$175","headAddress":"$BQ$136:$BU$136","bodyAddress":"$BQ$137:$BU$175","_name":"Генерация в границах АЖК Общее"}},"codPlan":null,"meterCoef":null,"_name":"Генерация в границах АЖК Общее"}