{"ID":"bea9cc18-7619-48ad-915a-0f5d94bf2f12","childs":{"PS":{"_level":0,"parentID":"bea9cc18-7619-48ad-915a-0f5d94bf2f12","firstParentID":"bea9cc18-7619-48ad-915a-0f5d94bf2f12","ID":"089d4979-5b2d-40c1-bafb-18c27e29bf40","childs":{"прием":{"_level":1,"parentID":"089d4979-5b2d-40c1-bafb-18c27e29bf40","firstParentID":"bea9cc18-7619-48ad-915a-0f5d94bf2f12","ID":"624285d0-8ad0-4007-8133-c6bf823fc85d","childs":{"ручное":{"_level":2,"parentID":"624285d0-8ad0-4007-8133-c6bf823fc85d","firstParentID":"bea9cc18-7619-48ad-915a-0f5d94bf2f12","ID":"6febc221-3057-45d1-ab6b-15adcd84c0ea","childs":null,"emcosID":null,"emcosMLID":null,"codMaketTEP":null,"codTEP":null,"WSName":"PS","rangeAddress":"$X$185:$X$221","headAddress":"$X$185","bodyAddress":"$X$186:$X$221","_name":"ручное"}},"emcosID":null,"emcosMLID":null,"codMaketTEP":null,"codTEP":null,"WSName":"PS","rangeAddress":"$X$184:$X$221","headAddress":"$X$184","bodyAddress":"$X$185:$X$221","_name":"прием"}},"emcosID":null,"emcosMLID":null,"codMaketTEP":null,"codTEP":null,"WSName":"PS","rangeAddress":"$X$183:$X$221","headAddress":"$X$183","bodyAddress":"$X$184:$X$221","_name":"с.н. Мойнак ГЭС МГЭС"},"DB":{"_level":0,"parentID":"bea9cc18-7619-48ad-915a-0f5d94bf2f12","firstParentID":"bea9cc18-7619-48ad-915a-0f5d94bf2f12","ID":"64ce5d57-8ee5-4626-9048-b468d0b74093","childs":{"прием":{"_level":1,"parentID":"64ce5d57-8ee5-4626-9048-b468d0b74093","firstParentID":"bea9cc18-7619-48ad-915a-0f5d94bf2f12","ID":"a14dc3cc-4db6-4b39-a980-7866f0a50981","childs":{"код":{"_level":2,"parentID":"a14dc3cc-4db6-4b39-a980-7866f0a50981","firstParentID":"bea9cc18-7619-48ad-915a-0f5d94bf2f12","ID":"b660a07f-1c05-4c77-afb3-c71eafb85642","childs":null,"emcosID":null,"emcosMLID":null,"codMaketTEP":null,"codTEP":null,"WSName":"DB","rangeAddress":"$DW$353:$DW$390","headAddress":"$DW$353","bodyAddress":"$DW$354:$DW$390","_name":"код"},"основное":{"_level":2,"parentID":"a14dc3cc-4db6-4b39-a980-7866f0a50981","firstParentID":"bea9cc18-7619-48ad-915a-0f5d94bf2f12","ID":"64c4019a-3bd2-46b5-b816-574a6bb972b5","childs":null,"emcosID":null,"emcosMLID":null,"codMaketTEP":null,"codTEP":null,"WSName":"DB","rangeAddress":"$DX$353:$DX$390","headAddress":"$DX$353","bodyAddress":"$DX$354:$DX$390","_name":"основное"},"корректировка факт":{"_level":2,"parentID":"a14dc3cc-4db6-4b39-a980-7866f0a50981","firstParentID":"bea9cc18-7619-48ad-915a-0f5d94bf2f12","ID":"6dccb10f-398f-4c64-bcae-1b9dc00c8e2a","childs":null,"emcosID":null,"emcosMLID":null,"codMaketTEP":null,"codTEP":null,"WSName":"DB","rangeAddress":"$DY$353:$DY$390","headAddress":"$DY$353","bodyAddress":"$DY$354:$DY$390","_name":"корректировка факт"},"ручное":{"_level":2,"parentID":"a14dc3cc-4db6-4b39-a980-7866f0a50981","firstParentID":"bea9cc18-7619-48ad-915a-0f5d94bf2f12","ID":"e35ba4a0-b0c5-4878-9175-be5d4a228efe","childs":null,"emcosID":null,"emcosMLID":null,"codMaketTEP":null,"codTEP":null,"WSName":"DB","rangeAddress":"$DZ$353:$DZ$390","headAddress":"$DZ$353","bodyAddress":"$DZ$354:$DZ$390","_name":"ручное"}},"emcosID":null,"emcosMLID":null,"codMaketTEP":null,"codTEP":null,"WSName":"DB","rangeAddress":"$DW$352:$DZ$390","headAddress":"$DW$352:$DZ$352","bodyAddress":"$DW$353:$DZ$390","_name":"прием"}},"emcosID":null,"emcosMLID":null,"codMaketTEP":null,"codTEP":null,"WSName":"DB","rangeAddress":"$DW$351:$DZ$390","headAddress":"$DW$351:$DZ$351","bodyAddress":"$DW$352:$DZ$390","_name":"с.н. Мойнак ГЭС МГЭС"}},"codPlan":null,"meterCoef":null,"_name":"с.н. Мойнак ГЭС МГЭС"}