{"ID":"c260f95a-59f7-4f8d-b2e4-ec447d237f7e","childs":{"PS":{"_level":0,"parentID":"c260f95a-59f7-4f8d-b2e4-ec447d237f7e","firstParentID":"c260f95a-59f7-4f8d-b2e4-ec447d237f7e","ID":"bb4ce88d-c4f5-43f9-9f0e-7407ecff3048","childs":{"прием":{"_level":1,"parentID":"bb4ce88d-c4f5-43f9-9f0e-7407ecff3048","firstParentID":"c260f95a-59f7-4f8d-b2e4-ec447d237f7e","ID":"90f3fe55-afad-4723-b368-1f6511c6b68c","childs":{"ручное":{"_level":2,"parentID":"90f3fe55-afad-4723-b368-1f6511c6b68c","firstParentID":"c260f95a-59f7-4f8d-b2e4-ec447d237f7e","ID":"fc701711-8b6f-45cc-be64-efedfd37b6bb","childs":null,"emcosID":null,"emcosMLID":null,"codTEP":null,"WSName":"PS","rangeAddress":"$BC$99:$BC$135","headAddress":"$BC$99","bodyAddress":"$BC$100:$BC$135","_name":"ручное"}},"emcosID":null,"emcosMLID":null,"codTEP":null,"WSName":"PS","rangeAddress":"$BC$98:$BC$135","headAddress":"$BC$98","bodyAddress":"$BC$99:$BC$135","_name":"прием"},"отдача":{"_level":1,"parentID":"bb4ce88d-c4f5-43f9-9f0e-7407ecff3048","firstParentID":"c260f95a-59f7-4f8d-b2e4-ec447d237f7e","ID":"498c3520-6422-488a-a4bd-bd31045e910f","childs":{"ручное":{"_level":2,"parentID":"498c3520-6422-488a-a4bd-bd31045e910f","firstParentID":"c260f95a-59f7-4f8d-b2e4-ec447d237f7e","ID":"b61c2c04-c2dc-4a91-afe0-e427865e5208","childs":null,"emcosID":null,"emcosMLID":null,"codTEP":null,"WSName":"PS","rangeAddress":"$BD$99:$BD$135","headAddress":"$BD$99","bodyAddress":"$BD$100:$BD$135","_name":"ручное"}},"emcosID":null,"emcosMLID":null,"codTEP":null,"WSName":"PS","rangeAddress":"$BD$98:$BD$135","headAddress":"$BD$98","bodyAddress":"$BD$99:$BD$135","_name":"отдача"}},"emcosID":null,"emcosMLID":null,"codTEP":null,"WSName":"PS","rangeAddress":"$BC$97:$BD$135","headAddress":"$BC$97:$BD$97","bodyAddress":"$BC$98:$BD$135","_name":"Л2533 ПС152 Талдыкорган"},"DB":{"_level":0,"parentID":"c260f95a-59f7-4f8d-b2e4-ec447d237f7e","firstParentID":"c260f95a-59f7-4f8d-b2e4-ec447d237f7e","ID":"aa877a55-161c-442e-9d9e-ec0db46a5769","childs":{"прием":{"_level":1,"parentID":"aa877a55-161c-442e-9d9e-ec0db46a5769","firstParentID":"c260f95a-59f7-4f8d-b2e4-ec447d237f7e","ID":"082b967d-27df-45e3-87c2-1ca5fec55619","childs":{"код":{"_level":2,"parentID":"082b967d-27df-45e3-87c2-1ca5fec55619","firstParentID":"c260f95a-59f7-4f8d-b2e4-ec447d237f7e","ID":"1a0c966d-630e-4027-ada4-532ceeed65c4","childs":null,"emcosID":null,"emcosMLID":null,"codTEP":null,"WSName":"DB","rangeAddress":"$DQ$52:$DQ$89","headAddress":"$DQ$52","bodyAddress":"$DQ$53:$DQ$89","_name":"код"},"основное":{"_level":2,"parentID":"082b967d-27df-45e3-87c2-1ca5fec55619","firstParentID":"c260f95a-59f7-4f8d-b2e4-ec447d237f7e","ID":"b713a145-fa76-446d-96d9-5d39455dedca","childs":null,"emcosID":null,"emcosMLID":null,"codTEP":null,"WSName":"DB","rangeAddress":"$DR$52:$DR$89","headAddress":"$DR$52","bodyAddress":"$DR$53:$DR$89","_name":"основное"},"корректировка факт":{"_level":2,"parentID":"082b967d-27df-45e3-87c2-1ca5fec55619","firstParentID":"c260f95a-59f7-4f8d-b2e4-ec447d237f7e","ID":"373108fa-6c82-4d3a-afd1-5db17072bc8e","childs":null,"emcosID":null,"emcosMLID":null,"codTEP":null,"WSName":"DB","rangeAddress":"$DS$52:$DS$89","headAddress":"$DS$52","bodyAddress":"$DS$53:$DS$89","_name":"корректировка факт"},"ручное":{"_level":2,"parentID":"082b967d-27df-45e3-87c2-1ca5fec55619","firstParentID":"c260f95a-59f7-4f8d-b2e4-ec447d237f7e","ID":"89499689-ef82-480e-9412-5311d0487128","childs":null,"emcosID":null,"emcosMLID":null,"codTEP":null,"WSName":"DB","rangeAddress":"$DT$52:$DT$89","headAddress":"$DT$52","bodyAddress":"$DT$53:$DT$89","_name":"ручное"}},"emcosID":null,"emcosMLID":null,"codTEP":null,"WSName":"DB","rangeAddress":"$DQ$51:$DT$89","headAddress":"$DQ$51:$DT$51","bodyAddress":"$DQ$52:$DT$89","_name":"прием"},"отдача":{"_level":1,"parentID":"aa877a55-161c-442e-9d9e-ec0db46a5769","firstParentID":"c260f95a-59f7-4f8d-b2e4-ec447d237f7e","ID":"1d389a7f-ba74-48ea-8479-e027db0db675","childs":{"код":{"_level":2,"parentID":"1d389a7f-ba74-48ea-8479-e027db0db675","firstParentID":"c260f95a-59f7-4f8d-b2e4-ec447d237f7e","ID":"a9986376-9dc8-45bc-a23d-8eba395d564e","childs":null,"emcosID":null,"emcosMLID":null,"codTEP":null,"WSName":"DB","rangeAddress":"$DU$52:$DU$89","headAddress":"$DU$52","bodyAddress":"$DU$53:$DU$89","_name":"код"},"основное":{"_level":2,"parentID":"1d389a7f-ba74-48ea-8479-e027db0db675","firstParentID":"c260f95a-59f7-4f8d-b2e4-ec447d237f7e","ID":"b73076a3-8685-4977-b47a-94f42ad5c673","childs":null,"emcosID":null,"emcosMLID":null,"codTEP":null,"WSName":"DB","rangeAddress":"$DV$52:$DV$89","headAddress":"$DV$52","bodyAddress":"$DV$53:$DV$89","_name":"основное"},"корректировка факт":{"_level":2,"parentID":"1d389a7f-ba74-48ea-8479-e027db0db675","firstParentID":"c260f95a-59f7-4f8d-b2e4-ec447d237f7e","ID":"b1be1061-af1d-4ebb-8dd4-62df8f7099cd","childs":null,"emcosID":null,"emcosMLID":null,"codTEP":null,"WSName":"DB","rangeAddress":"$DW$52:$DW$89","headAddress":"$DW$52","bodyAddress":"$DW$53:$DW$89","_name":"корректировка факт"},"ручное":{"_level":2,"parentID":"1d389a7f-ba74-48ea-8479-e027db0db675","firstParentID":"c260f95a-59f7-4f8d-b2e4-ec447d237f7e","ID":"c44cb588-924c-4115-88a3-173a9e9288c1","childs":null,"emcosID":null,"emcosMLID":null,"codTEP":null,"WSName":"DB","rangeAddress":"$DX$52:$DX$89","headAddress":"$DX$52","bodyAddress":"$DX$53:$DX$89","_name":"ручное"}},"emcosID":null,"emcosMLID":null,"codTEP":null,"WSName":"DB","rangeAddress":"$DU$51:$DX$89","headAddress":"$DU$51:$DX$51","bodyAddress":"$DU$52:$DX$89","_name":"отдача"}},"emcosID":null,"emcosMLID":null,"codTEP":null,"WSName":"DB","rangeAddress":"$DQ$50:$DX$89","headAddress":"$DQ$50:$DX$50","bodyAddress":"$DQ$51:$DX$89","_name":"Л2533 ПС152 Талдыкорган"}},"codPlan":null,"meterCoef":null,"_name":"Л2533 ПС152 Талдыкорган"}