{"ID":"c47a64c8-3d0c-4256-b4b6-b2c5a1ce3507","childs":{"PS":{"_level":0,"parentID":"c47a64c8-3d0c-4256-b4b6-b2c5a1ce3507","firstParentID":"c47a64c8-3d0c-4256-b4b6-b2c5a1ce3507","ID":"cbc85309-175f-4787-b035-7388911e86ba","childs":{"прием":{"_level":1,"parentID":"cbc85309-175f-4787-b035-7388911e86ba","firstParentID":"c47a64c8-3d0c-4256-b4b6-b2c5a1ce3507","ID":"4403886f-9959-43d3-82f2-55ff98debd7d","childs":{"аскуэ":{"_level":2,"parentID":"4403886f-9959-43d3-82f2-55ff98debd7d","firstParentID":"c47a64c8-3d0c-4256-b4b6-b2c5a1ce3507","ID":"7582e1e1-c168-4868-802f-0538df2afd50","childs":null,"emcosID":null,"emcosMLID":null,"codTEP":null,"WSName":"PS","rangeAddress":"$G$56:$G$92","headAddress":"$G$56","bodyAddress":"$G$57:$G$92","_name":"аскуэ"},"ПО СЧЕТЧИКУ":{"_level":2,"parentID":"4403886f-9959-43d3-82f2-55ff98debd7d","firstParentID":"c47a64c8-3d0c-4256-b4b6-b2c5a1ce3507","ID":"378b2f72-1b46-4f8b-8048-3faa6354d263","childs":null,"emcosID":null,"emcosMLID":null,"codTEP":null,"WSName":"PS","rangeAddress":"$H$56:$H$92","headAddress":"$H$56","bodyAddress":"$H$57:$H$92","_name":"ПО СЧЕТЧИКУ"}},"emcosID":null,"emcosMLID":null,"codTEP":null,"WSName":"PS","rangeAddress":"$G$55:$H$92","headAddress":"$G$55:$H$55","bodyAddress":"$G$56:$H$92","_name":"прием"},"отдача":{"_level":1,"parentID":"cbc85309-175f-4787-b035-7388911e86ba","firstParentID":"c47a64c8-3d0c-4256-b4b6-b2c5a1ce3507","ID":"23d484c2-3b5d-469c-b0e4-d1fdd8dd9678","childs":{"аскуэ":{"_level":2,"parentID":"23d484c2-3b5d-469c-b0e4-d1fdd8dd9678","firstParentID":"c47a64c8-3d0c-4256-b4b6-b2c5a1ce3507","ID":"8d7e649f-5823-4bf1-a6b7-724fa07a198f","childs":null,"emcosID":null,"emcosMLID":null,"codTEP":null,"WSName":"PS","rangeAddress":"$I$56:$I$92","headAddress":"$I$56","bodyAddress":"$I$57:$I$92","_name":"аскуэ"},"ПО СЧЕТЧИКУ":{"_level":2,"parentID":"23d484c2-3b5d-469c-b0e4-d1fdd8dd9678","firstParentID":"c47a64c8-3d0c-4256-b4b6-b2c5a1ce3507","ID":"2759e77b-4732-407c-a959-9d5a6e4df5ae","childs":null,"emcosID":null,"emcosMLID":null,"codTEP":null,"WSName":"PS","rangeAddress":"$J$56:$J$92","headAddress":"$J$56","bodyAddress":"$J$57:$J$92","_name":"ПО СЧЕТЧИКУ"}},"emcosID":null,"emcosMLID":null,"codTEP":null,"WSName":"PS","rangeAddress":"$I$55:$J$92","headAddress":"$I$55:$J$55","bodyAddress":"$I$56:$J$92","_name":"отдача"}},"emcosID":null,"emcosMLID":null,"codTEP":null,"WSName":"PS","rangeAddress":"$G$54:$J$92","headAddress":"$G$54:$J$54","bodyAddress":"$G$55:$J$92","_name":"Л5300 ЮКГРЭС"},"DB":{"_level":0,"parentID":"c47a64c8-3d0c-4256-b4b6-b2c5a1ce3507","firstParentID":"c47a64c8-3d0c-4256-b4b6-b2c5a1ce3507","ID":"d845fe5e-f0ff-4890-85a7-c667ade273fa","childs":{"прием":{"_level":1,"parentID":"d845fe5e-f0ff-4890-85a7-c667ade273fa","firstParentID":"c47a64c8-3d0c-4256-b4b6-b2c5a1ce3507","ID":"ea898142-67cc-4dca-ae26-f2628510b5b0","childs":{"код":{"_level":2,"parentID":"ea898142-67cc-4dca-ae26-f2628510b5b0","firstParentID":"c47a64c8-3d0c-4256-b4b6-b2c5a1ce3507","ID":"939cc3af-a7e6-4d8a-8db7-af1904107cec","childs":null,"emcosID":null,"emcosMLID":null,"codTEP":null,"WSName":"DB","rangeAddress":"$LN$9:$LN$46","headAddress":"$LN$9","bodyAddress":"$LN$10:$LN$46","_name":"код"},"основное":{"_level":2,"parentID":"ea898142-67cc-4dca-ae26-f2628510b5b0","firstParentID":"c47a64c8-3d0c-4256-b4b6-b2c5a1ce3507","ID":"99136ec0-8a18-4f18-afe3-6c2371df6110","childs":null,"emcosID":null,"emcosMLID":null,"codTEP":null,"WSName":"DB","rangeAddress":"$LO$9:$LO$46","headAddress":"$LO$9","bodyAddress":"$LO$10:$LO$46","_name":"основное"},"корректировка факт":{"_level":2,"parentID":"ea898142-67cc-4dca-ae26-f2628510b5b0","firstParentID":"c47a64c8-3d0c-4256-b4b6-b2c5a1ce3507","ID":"a99ece59-8646-446b-a62d-dab83dc313bc","childs":null,"emcosID":null,"emcosMLID":null,"codTEP":null,"WSName":"DB","rangeAddress":"$LP$9:$LP$46","headAddress":"$LP$9","bodyAddress":"$LP$10:$LP$46","_name":"корректировка факт"},"ручное":{"_level":2,"parentID":"ea898142-67cc-4dca-ae26-f2628510b5b0","firstParentID":"c47a64c8-3d0c-4256-b4b6-b2c5a1ce3507","ID":"8a24c4ca-7666-49be-9719-28f5f9660716","childs":null,"emcosID":null,"emcosMLID":null,"codTEP":null,"WSName":"DB","rangeAddress":"$LQ$9:$LQ$46","headAddress":"$LQ$9","bodyAddress":"$LQ$10:$LQ$46","_name":"ручное"},"аскуэ":{"_level":2,"parentID":"ea898142-67cc-4dca-ae26-f2628510b5b0","firstParentID":"c47a64c8-3d0c-4256-b4b6-b2c5a1ce3507","ID":"2a52ae69-e3c9-40fe-824c-b8e3e67b4afb","childs":null,"emcosID":null,"emcosMLID":null,"codTEP":null,"WSName":"DB","rangeAddress":"$LR$9:$LR$46","headAddress":"$LR$9","bodyAddress":"$LR$10:$LR$46","_name":"аскуэ"},"счетчик":{"_level":2,"parentID":"ea898142-67cc-4dca-ae26-f2628510b5b0","firstParentID":"c47a64c8-3d0c-4256-b4b6-b2c5a1ce3507","ID":"e300e381-0c29-4599-9c4f-12ca0bdaf514","childs":null,"emcosID":null,"emcosMLID":null,"codTEP":null,"WSName":"DB","rangeAddress":"$LS$9:$LS$46","headAddress":"$LS$9","bodyAddress":"$LS$10:$LS$46","_name":"счетчик"},"по счетчику":{"_level":2,"parentID":"ea898142-67cc-4dca-ae26-f2628510b5b0","firstParentID":"c47a64c8-3d0c-4256-b4b6-b2c5a1ce3507","ID":"59345106-73d1-43f3-98d4-d585d59be1cb","childs":null,"emcosID":null,"emcosMLID":null,"codTEP":null,"WSName":"DB","rangeAddress":"$LT$9:$LT$46","headAddress":"$LT$9","bodyAddress":"$LT$10:$LT$46","_name":"по счетчику"}},"emcosID":331,"emcosMLID":385,"codTEP":null,"WSName":"DB","rangeAddress":"$LN$8:$LT$46","headAddress":"$LN$8:$LT$8","bodyAddress":"$LN$9:$LT$46","_name":"прием"},"отдача":{"_level":1,"parentID":"d845fe5e-f0ff-4890-85a7-c667ade273fa","firstParentID":"c47a64c8-3d0c-4256-b4b6-b2c5a1ce3507","ID":"e571075c-d0df-4e0e-a542-cd7598b8b76b","childs":{"код":{"_level":2,"parentID":"e571075c-d0df-4e0e-a542-cd7598b8b76b","firstParentID":"c47a64c8-3d0c-4256-b4b6-b2c5a1ce3507","ID":"cfee0942-0637-45eb-b082-501b38276b0a","childs":null,"emcosID":null,"emcosMLID":null,"codTEP":null,"WSName":"DB","rangeAddress":"$LU$9:$LU$46","headAddress":"$LU$9","bodyAddress":"$LU$10:$LU$46","_name":"код"},"основное":{"_level":2,"parentID":"e571075c-d0df-4e0e-a542-cd7598b8b76b","firstParentID":"c47a64c8-3d0c-4256-b4b6-b2c5a1ce3507","ID":"b965d53e-68df-416d-8600-37c51ba8bf69","childs":null,"emcosID":null,"emcosMLID":null,"codTEP":null,"WSName":"DB","rangeAddress":"$LV$9:$LV$46","headAddress":"$LV$9","bodyAddress":"$LV$10:$LV$46","_name":"основное"},"корректировка факт":{"_level":2,"parentID":"e571075c-d0df-4e0e-a542-cd7598b8b76b","firstParentID":"c47a64c8-3d0c-4256-b4b6-b2c5a1ce3507","ID":"423e70be-8995-4258-af87-4a597fc08c76","childs":null,"emcosID":null,"emcosMLID":null,"codTEP":null,"WSName":"DB","rangeAddress":"$LW$9:$LW$46","headAddress":"$LW$9","bodyAddress":"$LW$10:$LW$46","_name":"корректировка факт"},"ручное":{"_level":2,"parentID":"e571075c-d0df-4e0e-a542-cd7598b8b76b","firstParentID":"c47a64c8-3d0c-4256-b4b6-b2c5a1ce3507","ID":"ac41c161-31e7-4f6c-ad62-900e04231f33","childs":null,"emcosID":null,"emcosMLID":null,"codTEP":null,"WSName":"DB","rangeAddress":"$LX$9:$LX$46","headAddress":"$LX$9","bodyAddress":"$LX$10:$LX$46","_name":"ручное"},"аскуэ":{"_level":2,"parentID":"e571075c-d0df-4e0e-a542-cd7598b8b76b","firstParentID":"c47a64c8-3d0c-4256-b4b6-b2c5a1ce3507","ID":"b69f5cd0-28f3-4063-9be6-a9af95ebdc3d","childs":null,"emcosID":null,"emcosMLID":null,"codTEP":null,"WSName":"DB","rangeAddress":"$LY$9:$LY$46","headAddress":"$LY$9","bodyAddress":"$LY$10:$LY$46","_name":"аскуэ"},"счетчик":{"_level":2,"parentID":"e571075c-d0df-4e0e-a542-cd7598b8b76b","firstParentID":"c47a64c8-3d0c-4256-b4b6-b2c5a1ce3507","ID":"06302264-c405-4136-a882-6880ff79c072","childs":null,"emcosID":null,"emcosMLID":null,"codTEP":null,"WSName":"DB","rangeAddress":"$LZ$9:$LZ$46","headAddress":"$LZ$9","bodyAddress":"$LZ$10:$LZ$46","_name":"счетчик"},"по счетчику":{"_level":2,"parentID":"e571075c-d0df-4e0e-a542-cd7598b8b76b","firstParentID":"c47a64c8-3d0c-4256-b4b6-b2c5a1ce3507","ID":"7efd5353-c564-46f4-ab04-2ceac2426f05","childs":null,"emcosID":null,"emcosMLID":null,"codTEP":null,"WSName":"DB","rangeAddress":"$MA$9:$MA$46","headAddress":"$MA$9","bodyAddress":"$MA$10:$MA$46","_name":"по счетчику"}},"emcosID":331,"emcosMLID":386,"codTEP":null,"WSName":"DB","rangeAddress":"$LU$8:$MA$46","headAddress":"$LU$8:$MA$8","bodyAddress":"$LU$9:$MA$46","_name":"отдача"}},"emcosID":null,"emcosMLID":null,"codTEP":null,"WSName":"DB","rangeAddress":"$LN$7:$MA$46","headAddress":"$LN$7:$MA$7","bodyAddress":"$LN$8:$MA$46","_name":"Л5300 ЮКГРЭС"}},"codPlan":null,"meterCoef":"10000","_name":"Л5300 ЮКГРЭС"}