{"ID":"c490f192-995d-4493-a966-bb75785a6b51","childs":{"PS":{"_level":0,"parentID":"c490f192-995d-4493-a966-bb75785a6b51","firstParentID":"c490f192-995d-4493-a966-bb75785a6b51","ID":"2167020e-ad22-4c07-af05-b6b8179f2c56","childs":{"отдача":{"_level":1,"parentID":"2167020e-ad22-4c07-af05-b6b8179f2c56","firstParentID":"c490f192-995d-4493-a966-bb75785a6b51","ID":"3428ee79-0887-40bd-881f-5552adb46435","childs":{"ручное":{"_level":2,"parentID":"3428ee79-0887-40bd-881f-5552adb46435","firstParentID":"c490f192-995d-4493-a966-bb75785a6b51","ID":"e5db9f78-f5fb-4249-9981-121e29c4cfb2","childs":null,"emcosID":null,"emcosMLID":null,"codTEP":null,"WSName":"PS","rangeAddress":"$W$228:$W$264","headAddress":"$W$228","bodyAddress":"$W$229:$W$264","_name":"ручное"}},"emcosID":null,"emcosMLID":null,"codTEP":null,"WSName":"PS","rangeAddress":"$W$227:$W$264","headAddress":"$W$227","bodyAddress":"$W$228:$W$264","_name":"отдача"}},"emcosID":null,"emcosMLID":null,"codTEP":null,"WSName":"PS","rangeAddress":"$W$226:$W$264","headAddress":"$W$226","bodyAddress":"$W$227:$W$264","_name":"Генерация Текелиский ТЭЦ2 ТТЭЦ2"},"DB":{"_level":0,"parentID":"c490f192-995d-4493-a966-bb75785a6b51","firstParentID":"c490f192-995d-4493-a966-bb75785a6b51","ID":"d8b37032-59fd-4df7-b239-b3edd3bb828d","childs":{"отдача":{"_level":1,"parentID":"d8b37032-59fd-4df7-b239-b3edd3bb828d","firstParentID":"c490f192-995d-4493-a966-bb75785a6b51","ID":"21a13395-ff7b-4b63-8990-08368ed63d6a","childs":{"код":{"_level":2,"parentID":"21a13395-ff7b-4b63-8990-08368ed63d6a","firstParentID":"c490f192-995d-4493-a966-bb75785a6b51","ID":"2faac146-32cb-4502-9b36-07448e844267","childs":null,"emcosID":null,"emcosMLID":null,"codTEP":null,"WSName":"DB","rangeAddress":"$O$181:$O$218","headAddress":"$O$181","bodyAddress":"$O$182:$O$218","_name":"код"},"основное":{"_level":2,"parentID":"21a13395-ff7b-4b63-8990-08368ed63d6a","firstParentID":"c490f192-995d-4493-a966-bb75785a6b51","ID":"190efce0-706c-41a3-b7b9-34e4d4d82d0a","childs":null,"emcosID":null,"emcosMLID":null,"codTEP":null,"WSName":"DB","rangeAddress":"$P$181:$P$218","headAddress":"$P$181","bodyAddress":"$P$182:$P$218","_name":"основное"},"корректировка факт":{"_level":2,"parentID":"21a13395-ff7b-4b63-8990-08368ed63d6a","firstParentID":"c490f192-995d-4493-a966-bb75785a6b51","ID":"d810abae-cfb4-409f-8951-f7fdbf05e241","childs":null,"emcosID":null,"emcosMLID":null,"codTEP":null,"WSName":"DB","rangeAddress":"$Q$181:$Q$218","headAddress":"$Q$181","bodyAddress":"$Q$182:$Q$218","_name":"корректировка факт"},"ручное":{"_level":2,"parentID":"21a13395-ff7b-4b63-8990-08368ed63d6a","firstParentID":"c490f192-995d-4493-a966-bb75785a6b51","ID":"6fa27767-f6f6-4823-9344-cbefff9f1308","childs":null,"emcosID":null,"emcosMLID":null,"codTEP":null,"WSName":"DB","rangeAddress":"$R$181:$R$218","headAddress":"$R$181","bodyAddress":"$R$182:$R$218","_name":"ручное"}},"emcosID":null,"emcosMLID":null,"codTEP":null,"WSName":"DB","rangeAddress":"$O$180:$R$218","headAddress":"$O$180:$R$180","bodyAddress":"$O$181:$R$218","_name":"отдача"}},"emcosID":null,"emcosMLID":null,"codTEP":null,"WSName":"DB","rangeAddress":"$O$179:$R$218","headAddress":"$O$179:$R$179","bodyAddress":"$O$180:$R$218","_name":"Генерация Текелиский ТЭЦ2 ТТЭЦ2"}},"codPlan":null,"meterCoef":null,"_name":"Генерация Текелиский ТЭЦ2 ТТЭЦ2"}