{"ID":"c5149981-e959-4e8a-8176-4c53138e3971","childs":{"PS":{"_level":0,"parentID":"c5149981-e959-4e8a-8176-4c53138e3971","firstParentID":"c5149981-e959-4e8a-8176-4c53138e3971","ID":"ae84c451-aea0-4dff-9551-0fee865d6b4e","childs":{"прием":{"_level":1,"parentID":"ae84c451-aea0-4dff-9551-0fee865d6b4e","firstParentID":"c5149981-e959-4e8a-8176-4c53138e3971","ID":"2935daaa-f374-4df4-a9e1-4dae76acbb4b","childs":{"аскуэ":{"_level":2,"parentID":"2935daaa-f374-4df4-a9e1-4dae76acbb4b","firstParentID":"c5149981-e959-4e8a-8176-4c53138e3971","ID":"97d56931-3851-4a75-9816-8503fba6d784","childs":null,"emcosID":null,"emcosMLID":null,"codTEP":null,"WSName":"PS","rangeAddress":"$AQ$56:$AQ$92","headAddress":"$AQ$56","bodyAddress":"$AQ$57:$AQ$92","_name":"аскуэ"}},"emcosID":null,"emcosMLID":null,"codTEP":null,"WSName":"PS","rangeAddress":"$AQ$55:$AQ$92","headAddress":"$AQ$55","bodyAddress":"$AQ$56:$AQ$92","_name":"прием"},"отдача":{"_level":1,"parentID":"ae84c451-aea0-4dff-9551-0fee865d6b4e","firstParentID":"c5149981-e959-4e8a-8176-4c53138e3971","ID":"e2fcd7f5-fa8f-4243-8a7b-221f2943400d","childs":{"аскуэ":{"_level":2,"parentID":"e2fcd7f5-fa8f-4243-8a7b-221f2943400d","firstParentID":"c5149981-e959-4e8a-8176-4c53138e3971","ID":"73491e80-591f-4698-9de5-66a0a8148e82","childs":null,"emcosID":null,"emcosMLID":null,"codTEP":null,"WSName":"PS","rangeAddress":"$AR$56:$AR$92","headAddress":"$AR$56","bodyAddress":"$AR$57:$AR$92","_name":"аскуэ"}},"emcosID":null,"emcosMLID":null,"codTEP":null,"WSName":"PS","rangeAddress":"$AR$55:$AR$92","headAddress":"$AR$55","bodyAddress":"$AR$56:$AR$92","_name":"отдача"}},"emcosID":null,"emcosMLID":null,"codTEP":null,"WSName":"PS","rangeAddress":"$AQ$54:$AR$92","headAddress":"$AQ$54:$AR$54","bodyAddress":"$AQ$55:$AR$92","_name":"Л2163 Шу"},"DB":{"_level":0,"parentID":"c5149981-e959-4e8a-8176-4c53138e3971","firstParentID":"c5149981-e959-4e8a-8176-4c53138e3971","ID":"cad67547-93ab-49f6-94d5-cf03f19d6b46","childs":{"прием":{"_level":1,"parentID":"cad67547-93ab-49f6-94d5-cf03f19d6b46","firstParentID":"c5149981-e959-4e8a-8176-4c53138e3971","ID":"c5f04471-b7a9-4571-90f4-bcbfa734edeb","childs":{"код":{"_level":2,"parentID":"c5f04471-b7a9-4571-90f4-bcbfa734edeb","firstParentID":"c5149981-e959-4e8a-8176-4c53138e3971","ID":"0f33c2b0-fe84-4ba9-824e-0ec62018f23e","childs":null,"emcosID":null,"emcosMLID":null,"codTEP":null,"WSName":"DB","rangeAddress":"$FJ$9:$FJ$46","headAddress":"$FJ$9","bodyAddress":"$FJ$10:$FJ$46","_name":"код"},"основное":{"_level":2,"parentID":"c5f04471-b7a9-4571-90f4-bcbfa734edeb","firstParentID":"c5149981-e959-4e8a-8176-4c53138e3971","ID":"be3611d7-ec7e-419c-8051-7acda5df9ac9","childs":null,"emcosID":null,"emcosMLID":null,"codTEP":null,"WSName":"DB","rangeAddress":"$FK$9:$FK$46","headAddress":"$FK$9","bodyAddress":"$FK$10:$FK$46","_name":"основное"},"корректировка факт":{"_level":2,"parentID":"c5f04471-b7a9-4571-90f4-bcbfa734edeb","firstParentID":"c5149981-e959-4e8a-8176-4c53138e3971","ID":"beb068db-498f-4867-9ca0-61a3ca34bbe4","childs":null,"emcosID":null,"emcosMLID":null,"codTEP":null,"WSName":"DB","rangeAddress":"$FL$9:$FL$46","headAddress":"$FL$9","bodyAddress":"$FL$10:$FL$46","_name":"корректировка факт"},"ручное":{"_level":2,"parentID":"c5f04471-b7a9-4571-90f4-bcbfa734edeb","firstParentID":"c5149981-e959-4e8a-8176-4c53138e3971","ID":"8e58c21f-6841-4c9c-809a-a25ad4db284b","childs":null,"emcosID":null,"emcosMLID":null,"codTEP":null,"WSName":"DB","rangeAddress":"$FM$9:$FM$46","headAddress":"$FM$9","bodyAddress":"$FM$10:$FM$46","_name":"ручное"},"счетчик":{"_level":2,"parentID":"c5f04471-b7a9-4571-90f4-bcbfa734edeb","firstParentID":"c5149981-e959-4e8a-8176-4c53138e3971","ID":"b1639b1c-2412-420f-a8d2-d87143af02ca","childs":null,"emcosID":null,"emcosMLID":null,"codTEP":null,"WSName":"DB","rangeAddress":"$FN$9:$FN$46","headAddress":"$FN$9","bodyAddress":"$FN$10:$FN$46","_name":"счетчик"},"по счетчику":{"_level":2,"parentID":"c5f04471-b7a9-4571-90f4-bcbfa734edeb","firstParentID":"c5149981-e959-4e8a-8176-4c53138e3971","ID":"136ddbf3-625b-4698-85ca-592297df4eb6","childs":null,"emcosID":null,"emcosMLID":null,"codTEP":null,"WSName":"DB","rangeAddress":"$FO$9:$FO$46","headAddress":"$FO$9","bodyAddress":"$FO$10:$FO$46","_name":"по счетчику"},"аскуэ":{"_level":2,"parentID":"c5f04471-b7a9-4571-90f4-bcbfa734edeb","firstParentID":"c5149981-e959-4e8a-8176-4c53138e3971","ID":"1966ff2f-c025-4252-88af-0d5b0d33a520","childs":null,"emcosID":null,"emcosMLID":null,"codTEP":null,"WSName":"DB","rangeAddress":"$FP$9:$FP$46","headAddress":"$FP$9","bodyAddress":"$FP$10:$FP$46","_name":"аскуэ"}},"emcosID":402,"emcosMLID":386,"codTEP":null,"WSName":"DB","rangeAddress":"$FJ$8:$FP$46","headAddress":"$FJ$8:$FP$8","bodyAddress":"$FJ$9:$FP$46","_name":"прием"},"отдача":{"_level":1,"parentID":"cad67547-93ab-49f6-94d5-cf03f19d6b46","firstParentID":"c5149981-e959-4e8a-8176-4c53138e3971","ID":"ab3c7b37-94c9-4bf0-b156-2fb27426b32f","childs":{"код":{"_level":2,"parentID":"ab3c7b37-94c9-4bf0-b156-2fb27426b32f","firstParentID":"c5149981-e959-4e8a-8176-4c53138e3971","ID":"5658ad95-4d64-4711-8351-a6939d464498","childs":null,"emcosID":null,"emcosMLID":null,"codTEP":null,"WSName":"DB","rangeAddress":"$FQ$9:$FQ$46","headAddress":"$FQ$9","bodyAddress":"$FQ$10:$FQ$46","_name":"код"},"основное":{"_level":2,"parentID":"ab3c7b37-94c9-4bf0-b156-2fb27426b32f","firstParentID":"c5149981-e959-4e8a-8176-4c53138e3971","ID":"bea53f4e-4de5-471c-a27b-18bf2087edc5","childs":null,"emcosID":null,"emcosMLID":null,"codTEP":null,"WSName":"DB","rangeAddress":"$FR$9:$FR$46","headAddress":"$FR$9","bodyAddress":"$FR$10:$FR$46","_name":"основное"},"корректировка факт":{"_level":2,"parentID":"ab3c7b37-94c9-4bf0-b156-2fb27426b32f","firstParentID":"c5149981-e959-4e8a-8176-4c53138e3971","ID":"606760a4-f4fb-4b58-a09f-f50fd6f42b91","childs":null,"emcosID":null,"emcosMLID":null,"codTEP":null,"WSName":"DB","rangeAddress":"$FS$9:$FS$46","headAddress":"$FS$9","bodyAddress":"$FS$10:$FS$46","_name":"корректировка факт"},"ручное":{"_level":2,"parentID":"ab3c7b37-94c9-4bf0-b156-2fb27426b32f","firstParentID":"c5149981-e959-4e8a-8176-4c53138e3971","ID":"f7386091-b362-4886-b9d2-d25b8cdd61f5","childs":null,"emcosID":null,"emcosMLID":null,"codTEP":null,"WSName":"DB","rangeAddress":"$FT$9:$FT$46","headAddress":"$FT$9","bodyAddress":"$FT$10:$FT$46","_name":"ручное"},"счетчик":{"_level":2,"parentID":"ab3c7b37-94c9-4bf0-b156-2fb27426b32f","firstParentID":"c5149981-e959-4e8a-8176-4c53138e3971","ID":"3d81e7cc-836e-4369-8f9c-be6b3547140c","childs":null,"emcosID":null,"emcosMLID":null,"codTEP":null,"WSName":"DB","rangeAddress":"$FU$9:$FU$46","headAddress":"$FU$9","bodyAddress":"$FU$10:$FU$46","_name":"счетчик"},"по счетчику":{"_level":2,"parentID":"ab3c7b37-94c9-4bf0-b156-2fb27426b32f","firstParentID":"c5149981-e959-4e8a-8176-4c53138e3971","ID":"247c06ec-1b9a-479c-a321-eb949131c65d","childs":null,"emcosID":null,"emcosMLID":null,"codTEP":null,"WSName":"DB","rangeAddress":"$FV$9:$FV$46","headAddress":"$FV$9","bodyAddress":"$FV$10:$FV$46","_name":"по счетчику"},"аскуэ":{"_level":2,"parentID":"ab3c7b37-94c9-4bf0-b156-2fb27426b32f","firstParentID":"c5149981-e959-4e8a-8176-4c53138e3971","ID":"9296d461-b38d-41af-8cea-991385a83ba6","childs":null,"emcosID":null,"emcosMLID":null,"codTEP":null,"WSName":"DB","rangeAddress":"$FW$9:$FW$46","headAddress":"$FW$9","bodyAddress":"$FW$10:$FW$46","_name":"аскуэ"}},"emcosID":402,"emcosMLID":385,"codTEP":null,"WSName":"DB","rangeAddress":"$FQ$8:$FW$46","headAddress":"$FQ$8:$FW$8","bodyAddress":"$FQ$9:$FW$46","_name":"отдача"}},"emcosID":null,"emcosMLID":null,"codTEP":null,"WSName":"DB","rangeAddress":"$FJ$7:$FW$46","headAddress":"$FJ$7:$FW$7","bodyAddress":"$FJ$8:$FW$46","_name":"Л2163 Шу"}},"codPlan":null,"meterCoef":null,"_name":"Л2163 Шу"}