{"ID":"d4827278-0412-4683-9033-6cb676893fa0","childs":{"PS":{"_level":0,"parentID":"d4827278-0412-4683-9033-6cb676893fa0","firstParentID":"d4827278-0412-4683-9033-6cb676893fa0","ID":"c1d6754b-f430-43e0-ba2d-b3f72dfbb2ab","childs":{"прием":{"_level":1,"parentID":"c1d6754b-f430-43e0-ba2d-b3f72dfbb2ab","firstParentID":"d4827278-0412-4683-9033-6cb676893fa0","ID":"970193c0-5f8c-4da9-bdd1-956f47298038","childs":{"по счетчику":{"_level":2,"parentID":"970193c0-5f8c-4da9-bdd1-956f47298038","firstParentID":"d4827278-0412-4683-9033-6cb676893fa0","ID":"27146386-1bc0-4894-90c4-5192238ad35b","childs":null,"emcosID":null,"emcosMLID":null,"WSName":"PS","rangeAddress":"$S$56:$S$92","headAddress":"$S$56","bodyAddress":"$S$57:$S$92","_name":"по счетчику"}},"emcosID":null,"emcosMLID":null,"WSName":"PS","rangeAddress":"$S$55:$S$92","headAddress":"$S$55","bodyAddress":"$S$56:$S$92","_name":"прием"},"отдача":{"_level":1,"parentID":"c1d6754b-f430-43e0-ba2d-b3f72dfbb2ab","firstParentID":"d4827278-0412-4683-9033-6cb676893fa0","ID":"3e10dc28-0884-4814-8aa1-68412c30422f","childs":{"по счетчику":{"_level":2,"parentID":"3e10dc28-0884-4814-8aa1-68412c30422f","firstParentID":"d4827278-0412-4683-9033-6cb676893fa0","ID":"470e47de-13ad-46e4-b352-0753599dbeaf","childs":null,"emcosID":null,"emcosMLID":null,"WSName":"PS","rangeAddress":"$T$56:$T$92","headAddress":"$T$56","bodyAddress":"$T$57:$T$92","_name":"по счетчику"}},"emcosID":null,"emcosMLID":null,"WSName":"PS","rangeAddress":"$T$55:$T$92","headAddress":"$T$55","bodyAddress":"$T$56:$T$92","_name":"отдача"}},"emcosID":null,"emcosMLID":null,"WSName":"PS","rangeAddress":"$S$54:$T$92","headAddress":"$S$54:$T$54","bodyAddress":"$S$55:$T$92","_name":"Л2293 ЮКГРЭС"},"DB":{"_level":0,"parentID":"d4827278-0412-4683-9033-6cb676893fa0","firstParentID":"d4827278-0412-4683-9033-6cb676893fa0","ID":"cc17583e-98d1-4853-a345-7e7b435c4c13","childs":{"прием":{"_level":1,"parentID":"cc17583e-98d1-4853-a345-7e7b435c4c13","firstParentID":"d4827278-0412-4683-9033-6cb676893fa0","ID":"66b0cc39-3fb5-486a-afe6-402d1d83765c","childs":{"код":{"_level":2,"parentID":"66b0cc39-3fb5-486a-afe6-402d1d83765c","firstParentID":"d4827278-0412-4683-9033-6cb676893fa0","ID":"294341e5-a736-43f0-9148-453db740fab5","childs":null,"emcosID":null,"emcosMLID":null,"WSName":"DB","rangeAddress":"$JW$9:$JW$46","headAddress":"$JW$9","bodyAddress":"$JW$10:$JW$46","_name":"код"},"основное":{"_level":2,"parentID":"66b0cc39-3fb5-486a-afe6-402d1d83765c","firstParentID":"d4827278-0412-4683-9033-6cb676893fa0","ID":"20a636d4-ffaf-42dc-ac83-de71318602f0","childs":null,"emcosID":null,"emcosMLID":null,"WSName":"DB","rangeAddress":"$JX$9:$JX$46","headAddress":"$JX$9","bodyAddress":"$JX$10:$JX$46","_name":"основное"},"корректировка факт":{"_level":2,"parentID":"66b0cc39-3fb5-486a-afe6-402d1d83765c","firstParentID":"d4827278-0412-4683-9033-6cb676893fa0","ID":"6211fea6-5c02-4bc2-96a7-dbfb259d98e6","childs":null,"emcosID":null,"emcosMLID":null,"WSName":"DB","rangeAddress":"$JY$9:$JY$46","headAddress":"$JY$9","bodyAddress":"$JY$10:$JY$46","_name":"корректировка факт"},"ручное":{"_level":2,"parentID":"66b0cc39-3fb5-486a-afe6-402d1d83765c","firstParentID":"d4827278-0412-4683-9033-6cb676893fa0","ID":"e66246b3-1eca-486c-921e-a470e8f5df9b","childs":null,"emcosID":null,"emcosMLID":null,"WSName":"DB","rangeAddress":"$JZ$9:$JZ$46","headAddress":"$JZ$9","bodyAddress":"$JZ$10:$JZ$46","_name":"ручное"},"счетчик":{"_level":2,"parentID":"66b0cc39-3fb5-486a-afe6-402d1d83765c","firstParentID":"d4827278-0412-4683-9033-6cb676893fa0","ID":"3c5135fd-4115-4e1f-b7e5-9e44b8e36b43","childs":null,"emcosID":null,"emcosMLID":null,"WSName":"DB","rangeAddress":"$KA$9:$KA$46","headAddress":"$KA$9","bodyAddress":"$KA$10:$KA$46","_name":"счетчик"},"по счетчику":{"_level":2,"parentID":"66b0cc39-3fb5-486a-afe6-402d1d83765c","firstParentID":"d4827278-0412-4683-9033-6cb676893fa0","ID":"02708cb3-b383-46a7-9738-6b9022bc2379","childs":null,"emcosID":null,"emcosMLID":null,"WSName":"DB","rangeAddress":"$KB$9:$KB$46","headAddress":"$KB$9","bodyAddress":"$KB$10:$KB$46","_name":"по счетчику"}},"emcosID":null,"emcosMLID":null,"WSName":"DB","rangeAddress":"$JW$8:$KB$46","headAddress":"$JW$8:$KB$8","bodyAddress":"$JW$9:$KB$46","_name":"прием"},"отдача":{"_level":1,"parentID":"cc17583e-98d1-4853-a345-7e7b435c4c13","firstParentID":"d4827278-0412-4683-9033-6cb676893fa0","ID":"6fc25f36-45c0-4d62-b429-c1126fe0a312","childs":{"код":{"_level":2,"parentID":"6fc25f36-45c0-4d62-b429-c1126fe0a312","firstParentID":"d4827278-0412-4683-9033-6cb676893fa0","ID":"7b879c5f-78ba-45c9-9455-7c37e051f333","childs":null,"emcosID":null,"emcosMLID":null,"WSName":"DB","rangeAddress":"$KC$9:$KC$46","headAddress":"$KC$9","bodyAddress":"$KC$10:$KC$46","_name":"код"},"основное":{"_level":2,"parentID":"6fc25f36-45c0-4d62-b429-c1126fe0a312","firstParentID":"d4827278-0412-4683-9033-6cb676893fa0","ID":"b7f438cb-96f7-4e1d-b2ea-40bc011364b3","childs":null,"emcosID":null,"emcosMLID":null,"WSName":"DB","rangeAddress":"$KD$9:$KD$46","headAddress":"$KD$9","bodyAddress":"$KD$10:$KD$46","_name":"основное"},"корректировка факт":{"_level":2,"parentID":"6fc25f36-45c0-4d62-b429-c1126fe0a312","firstParentID":"d4827278-0412-4683-9033-6cb676893fa0","ID":"775fe1f9-df57-4374-a36a-bb1ef96f3889","childs":null,"emcosID":null,"emcosMLID":null,"WSName":"DB","rangeAddress":"$KE$9:$KE$46","headAddress":"$KE$9","bodyAddress":"$KE$10:$KE$46","_name":"корректировка факт"},"ручное":{"_level":2,"parentID":"6fc25f36-45c0-4d62-b429-c1126fe0a312","firstParentID":"d4827278-0412-4683-9033-6cb676893fa0","ID":"2de68fad-ae53-490c-b82e-09d7261b625d","childs":null,"emcosID":null,"emcosMLID":null,"WSName":"DB","rangeAddress":"$KF$9:$KF$46","headAddress":"$KF$9","bodyAddress":"$KF$10:$KF$46","_name":"ручное"},"счетчик":{"_level":2,"parentID":"6fc25f36-45c0-4d62-b429-c1126fe0a312","firstParentID":"d4827278-0412-4683-9033-6cb676893fa0","ID":"cf27afa7-2c89-4d2f-a87b-bcfd7b3aa8d9","childs":null,"emcosID":null,"emcosMLID":null,"WSName":"DB","rangeAddress":"$KG$9:$KG$46","headAddress":"$KG$9","bodyAddress":"$KG$10:$KG$46","_name":"счетчик"},"по счетчику":{"_level":2,"parentID":"6fc25f36-45c0-4d62-b429-c1126fe0a312","firstParentID":"d4827278-0412-4683-9033-6cb676893fa0","ID":"5a5e4537-cb74-4aeb-843c-36cf0beea87d","childs":null,"emcosID":null,"emcosMLID":null,"WSName":"DB","rangeAddress":"$KH$9:$KH$46","headAddress":"$KH$9","bodyAddress":"$KH$10:$KH$46","_name":"по счетчику"}},"emcosID":null,"emcosMLID":null,"WSName":"DB","rangeAddress":"$KC$8:$KH$46","headAddress":"$KC$8:$KH$8","bodyAddress":"$KC$9:$KH$46","_name":"отдача"}},"emcosID":null,"emcosMLID":null,"WSName":"DB","rangeAddress":"$JW$7:$KH$46","headAddress":"$JW$7:$KH$7","bodyAddress":"$JW$8:$KH$46","_name":"Л2293 ЮКГРЭС"}},"codPlan":null,"meterCoef":null,"_name":"Л2293 ЮКГРЭС"}