{"ID":"d937ed53-a8f1-4974-9d7f-5b9848a40b21","childs":{"PS":{"_level":0,"parentID":"d937ed53-a8f1-4974-9d7f-5b9848a40b21","firstParentID":"d937ed53-a8f1-4974-9d7f-5b9848a40b21","ID":"1ca2f669-d39d-493d-9b9a-901379f09ab5","childs":{"отдача":{"_level":1,"parentID":"1ca2f669-d39d-493d-9b9a-901379f09ab5","firstParentID":"d937ed53-a8f1-4974-9d7f-5b9848a40b21","ID":"7221b66f-af55-434a-a850-6685baa35964","childs":{"ручное":{"_level":2,"parentID":"7221b66f-af55-434a-a850-6685baa35964","firstParentID":"d937ed53-a8f1-4974-9d7f-5b9848a40b21","ID":"7cda2dfa-421a-4399-b05f-63ed655c9e1b","childs":null,"emcosID":null,"emcosMLID":null,"codMaketTEP":null,"codTEP":null,"WSName":"PS","rangeAddress":"$AW$185:$AW$221","headAddress":"$AW$185","bodyAddress":"$AW$186:$AW$221","_name":"ручное"}},"emcosID":null,"emcosMLID":null,"codMaketTEP":null,"codTEP":null,"WSName":"PS","rangeAddress":"$AW$184:$AW$221","headAddress":"$AW$184","bodyAddress":"$AW$185:$AW$221","_name":"отдача"}},"emcosID":null,"emcosMLID":null,"codMaketTEP":null,"codTEP":null,"WSName":"PS","rangeAddress":"$AW$183:$AW$221","headAddress":"$AW$183","bodyAddress":"$AW$184:$AW$221","_name":"Генерация Гидро Пауэр"},"DB":{"_level":0,"parentID":"d937ed53-a8f1-4974-9d7f-5b9848a40b21","firstParentID":"d937ed53-a8f1-4974-9d7f-5b9848a40b21","ID":"a110400a-34bb-4921-b7ed-db74b0a327aa","childs":{"отдача":{"_level":1,"parentID":"a110400a-34bb-4921-b7ed-db74b0a327aa","firstParentID":"d937ed53-a8f1-4974-9d7f-5b9848a40b21","ID":"c5f485b3-3680-4a15-bf44-0022760383cd","childs":{"код":{"_level":2,"parentID":"c5f485b3-3680-4a15-bf44-0022760383cd","firstParentID":"d937ed53-a8f1-4974-9d7f-5b9848a40b21","ID":"904c277d-2490-4c3a-a997-98fe422fabdf","childs":null,"emcosID":null,"emcosMLID":null,"codMaketTEP":null,"codTEP":null,"WSName":"DB","rangeAddress":"$EU$267:$EU$304","headAddress":"$EU$267","bodyAddress":"$EU$268:$EU$304","_name":"код"},"основное":{"_level":2,"parentID":"c5f485b3-3680-4a15-bf44-0022760383cd","firstParentID":"d937ed53-a8f1-4974-9d7f-5b9848a40b21","ID":"78c7e47f-c40d-4a6a-bcf4-30e5a919942a","childs":null,"emcosID":null,"emcosMLID":null,"codMaketTEP":null,"codTEP":null,"WSName":"DB","rangeAddress":"$EV$267:$EV$304","headAddress":"$EV$267","bodyAddress":"$EV$268:$EV$304","_name":"основное"},"корректировка факт":{"_level":2,"parentID":"c5f485b3-3680-4a15-bf44-0022760383cd","firstParentID":"d937ed53-a8f1-4974-9d7f-5b9848a40b21","ID":"2aa45f2d-a218-497e-9a61-fd5f9c704aa1","childs":null,"emcosID":null,"emcosMLID":null,"codMaketTEP":null,"codTEP":null,"WSName":"DB","rangeAddress":"$EW$267:$EW$304","headAddress":"$EW$267","bodyAddress":"$EW$268:$EW$304","_name":"корректировка факт"},"ручное":{"_level":2,"parentID":"c5f485b3-3680-4a15-bf44-0022760383cd","firstParentID":"d937ed53-a8f1-4974-9d7f-5b9848a40b21","ID":"39868452-5a58-4cbe-9b90-ad02fc75adf6","childs":null,"emcosID":null,"emcosMLID":null,"codMaketTEP":null,"codTEP":null,"WSName":"DB","rangeAddress":"$EX$267:$EX$304","headAddress":"$EX$267","bodyAddress":"$EX$268:$EX$304","_name":"ручное"}},"emcosID":null,"emcosMLID":null,"codMaketTEP":null,"codTEP":null,"WSName":"DB","rangeAddress":"$EU$266:$EX$304","headAddress":"$EU$266:$EX$266","bodyAddress":"$EU$267:$EX$304","_name":"отдача"}},"emcosID":null,"emcosMLID":null,"codMaketTEP":null,"codTEP":null,"WSName":"DB","rangeAddress":"$EU$265:$EX$304","headAddress":"$EU$265:$EX$265","bodyAddress":"$EU$266:$EX$304","_name":"Генерация Гидро Пауэр"}},"codPlan":null,"meterCoef":null,"_name":"Генерация Гидро Пауэр"}