{"ID":"da809729-db00-4e74-a382-c2ab61a74f27","childs":{"PS":{"_level":0,"parentID":"da809729-db00-4e74-a382-c2ab61a74f27","firstParentID":"da809729-db00-4e74-a382-c2ab61a74f27","ID":"7aa46564-df15-44a2-ba24-f5e19ae24edc","childs":{"прием":{"_level":1,"parentID":"7aa46564-df15-44a2-ba24-f5e19ae24edc","firstParentID":"da809729-db00-4e74-a382-c2ab61a74f27","ID":"23f46b28-2aee-48ad-b4a8-b7d0c77741a3","childs":{"ручное":{"_level":2,"parentID":"23f46b28-2aee-48ad-b4a8-b7d0c77741a3","firstParentID":"da809729-db00-4e74-a382-c2ab61a74f27","ID":"e36bc261-7041-42f5-bcb3-2023ab7b13e5","childs":null,"emcosID":null,"emcosMLID":null,"WSName":"PS","rangeAddress":"$B$142:$B$178","headAddress":"$B$142","bodyAddress":"$B$143:$B$178","_name":"ручное"}},"emcosID":null,"emcosMLID":null,"WSName":"PS","rangeAddress":"$B$141:$B$178","headAddress":"$B$141","bodyAddress":"$B$142:$B$178","_name":"прием"},"отдача":{"_level":1,"parentID":"7aa46564-df15-44a2-ba24-f5e19ae24edc","firstParentID":"da809729-db00-4e74-a382-c2ab61a74f27","ID":"0aed7db7-9708-44db-89eb-be5f6128d113","childs":{"ручное":{"_level":2,"parentID":"0aed7db7-9708-44db-89eb-be5f6128d113","firstParentID":"da809729-db00-4e74-a382-c2ab61a74f27","ID":"8b807cc0-5925-4d90-bae7-2649def29645","childs":null,"emcosID":null,"emcosMLID":null,"WSName":"PS","rangeAddress":"$C$142:$C$178","headAddress":"$C$142","bodyAddress":"$C$143:$C$178","_name":"ручное"}},"emcosID":null,"emcosMLID":null,"WSName":"PS","rangeAddress":"$C$141:$C$178","headAddress":"$C$141","bodyAddress":"$C$142:$C$178","_name":"отдача"}},"emcosID":null,"emcosMLID":null,"WSName":"PS","rangeAddress":"$B$140:$C$178","headAddress":"$B$140:$C$140","bodyAddress":"$B$141:$C$178","_name":"Л20А Жилпоселок"},"DB":{"_level":0,"parentID":"da809729-db00-4e74-a382-c2ab61a74f27","firstParentID":"da809729-db00-4e74-a382-c2ab61a74f27","ID":"34551905-e1bf-4331-9fcc-3eb729448477","childs":{"прием":{"_level":1,"parentID":"34551905-e1bf-4331-9fcc-3eb729448477","firstParentID":"da809729-db00-4e74-a382-c2ab61a74f27","ID":"0caaebde-50c0-498b-9c7f-dd6a12020438","childs":{"код":{"_level":2,"parentID":"0caaebde-50c0-498b-9c7f-dd6a12020438","firstParentID":"da809729-db00-4e74-a382-c2ab61a74f27","ID":"ec16d8a2-6cbd-4124-9532-621022242bc0","childs":null,"emcosID":null,"emcosMLID":null,"WSName":"DB","rangeAddress":"$CI$52:$CI$89","headAddress":"$CI$52","bodyAddress":"$CI$53:$CI$89","_name":"код"},"основное":{"_level":2,"parentID":"0caaebde-50c0-498b-9c7f-dd6a12020438","firstParentID":"da809729-db00-4e74-a382-c2ab61a74f27","ID":"b0987c93-e273-4167-ad11-a8a7bd33fd08","childs":null,"emcosID":null,"emcosMLID":null,"WSName":"DB","rangeAddress":"$CJ$52:$CJ$89","headAddress":"$CJ$52","bodyAddress":"$CJ$53:$CJ$89","_name":"основное"},"корректировка факт":{"_level":2,"parentID":"0caaebde-50c0-498b-9c7f-dd6a12020438","firstParentID":"da809729-db00-4e74-a382-c2ab61a74f27","ID":"49876d1c-ee03-4e42-b2e0-396d5583c983","childs":null,"emcosID":null,"emcosMLID":null,"WSName":"DB","rangeAddress":"$CK$52:$CK$89","headAddress":"$CK$52","bodyAddress":"$CK$53:$CK$89","_name":"корректировка факт"},"ручное":{"_level":2,"parentID":"0caaebde-50c0-498b-9c7f-dd6a12020438","firstParentID":"da809729-db00-4e74-a382-c2ab61a74f27","ID":"ff2e90da-8f80-4f00-9bbc-d7a2b1f45fe1","childs":null,"emcosID":null,"emcosMLID":null,"WSName":"DB","rangeAddress":"$CL$52:$CL$89","headAddress":"$CL$52","bodyAddress":"$CL$53:$CL$89","_name":"ручное"}},"emcosID":null,"emcosMLID":null,"WSName":"DB","rangeAddress":"$CI$51:$CL$89","headAddress":"$CI$51:$CL$51","bodyAddress":"$CI$52:$CL$89","_name":"прием"},"отдача":{"_level":1,"parentID":"34551905-e1bf-4331-9fcc-3eb729448477","firstParentID":"da809729-db00-4e74-a382-c2ab61a74f27","ID":"0b308b7c-4659-4d70-80b3-02293f1261f3","childs":{"код":{"_level":2,"parentID":"0b308b7c-4659-4d70-80b3-02293f1261f3","firstParentID":"da809729-db00-4e74-a382-c2ab61a74f27","ID":"2c32c0b7-37c9-4191-a46e-937640673691","childs":null,"emcosID":null,"emcosMLID":null,"WSName":"DB","rangeAddress":"$CM$52:$CM$89","headAddress":"$CM$52","bodyAddress":"$CM$53:$CM$89","_name":"код"},"основное":{"_level":2,"parentID":"0b308b7c-4659-4d70-80b3-02293f1261f3","firstParentID":"da809729-db00-4e74-a382-c2ab61a74f27","ID":"339a3925-eb5c-4597-82d3-92502bf0bd36","childs":null,"emcosID":null,"emcosMLID":null,"WSName":"DB","rangeAddress":"$CN$52:$CN$89","headAddress":"$CN$52","bodyAddress":"$CN$53:$CN$89","_name":"основное"},"корректировка факт":{"_level":2,"parentID":"0b308b7c-4659-4d70-80b3-02293f1261f3","firstParentID":"da809729-db00-4e74-a382-c2ab61a74f27","ID":"9c793f55-d521-4e50-a55f-d219fb2c1eb9","childs":null,"emcosID":null,"emcosMLID":null,"WSName":"DB","rangeAddress":"$CO$52:$CO$89","headAddress":"$CO$52","bodyAddress":"$CO$53:$CO$89","_name":"корректировка факт"},"ручное":{"_level":2,"parentID":"0b308b7c-4659-4d70-80b3-02293f1261f3","firstParentID":"da809729-db00-4e74-a382-c2ab61a74f27","ID":"fc7e75fb-99bb-4603-948e-54b389168d87","childs":null,"emcosID":null,"emcosMLID":null,"WSName":"DB","rangeAddress":"$CP$52:$CP$89","headAddress":"$CP$52","bodyAddress":"$CP$53:$CP$89","_name":"ручное"}},"emcosID":null,"emcosMLID":null,"WSName":"DB","rangeAddress":"$CM$51:$CP$89","headAddress":"$CM$51:$CP$51","bodyAddress":"$CM$52:$CP$89","_name":"отдача"}},"emcosID":null,"emcosMLID":null,"WSName":"DB","rangeAddress":"$CI$50:$CP$89","headAddress":"$CI$50:$CP$50","bodyAddress":"$CI$51:$CP$89","_name":"Л20А Жилпоселок"}},"codPlan":null,"meterCoef":null,"_name":"Л20А Жилпоселок"}