{"ID":"dccf70bb-20b0-44a0-9b0d-eeb9f8197d83","childs":{"PS":{"_level":0,"parentID":"dccf70bb-20b0-44a0-9b0d-eeb9f8197d83","firstParentID":"dccf70bb-20b0-44a0-9b0d-eeb9f8197d83","ID":"d4d6bd55-fd36-47fa-87fa-e717172ca2c0","childs":{"прием":{"_level":1,"parentID":"d4d6bd55-fd36-47fa-87fa-e717172ca2c0","firstParentID":"dccf70bb-20b0-44a0-9b0d-eeb9f8197d83","ID":"6acc11ac-4bf5-4d01-9c80-e63d47ec441c","childs":{"по счетчику":{"_level":2,"parentID":"6acc11ac-4bf5-4d01-9c80-e63d47ec441c","firstParentID":"dccf70bb-20b0-44a0-9b0d-eeb9f8197d83","ID":"e82b0415-a25e-4cfa-8839-524cf31bb883","childs":null,"emcosID":null,"emcosMLID":null,"WSName":"PS","rangeAddress":"$DM$56:$DM$92","headAddress":"$DM$56","bodyAddress":"$DM$57:$DM$92","_name":"по счетчику"}},"emcosID":null,"emcosMLID":null,"WSName":"PS","rangeAddress":"$DM$55:$DM$92","headAddress":"$DM$55","bodyAddress":"$DM$56:$DM$92","_name":"прием"},"отдача":{"_level":1,"parentID":"d4d6bd55-fd36-47fa-87fa-e717172ca2c0","firstParentID":"dccf70bb-20b0-44a0-9b0d-eeb9f8197d83","ID":"36a09fc5-e90a-4110-a09e-69a8d1733f30","childs":{"по счетчику":{"_level":2,"parentID":"36a09fc5-e90a-4110-a09e-69a8d1733f30","firstParentID":"dccf70bb-20b0-44a0-9b0d-eeb9f8197d83","ID":"b75b3ebd-5ab6-43f5-b61f-20f4825f3ec6","childs":null,"emcosID":null,"emcosMLID":null,"WSName":"PS","rangeAddress":"$DN$56:$DN$92","headAddress":"$DN$56","bodyAddress":"$DN$57:$DN$92","_name":"по счетчику"}},"emcosID":null,"emcosMLID":null,"WSName":"PS","rangeAddress":"$DN$55:$DN$92","headAddress":"$DN$55","bodyAddress":"$DN$56:$DN$92","_name":"отдача"}},"emcosID":null,"emcosMLID":null,"WSName":"PS","rangeAddress":"$DM$54:$DN$92","headAddress":"$DM$54:$DN$54","bodyAddress":"$DM$55:$DN$92","_name":"Л2423 Алма"},"DB":{"_level":0,"parentID":"dccf70bb-20b0-44a0-9b0d-eeb9f8197d83","firstParentID":"dccf70bb-20b0-44a0-9b0d-eeb9f8197d83","ID":"81e42620-17de-4676-833b-8d7568279f4e","childs":{"прием":{"_level":1,"parentID":"81e42620-17de-4676-833b-8d7568279f4e","firstParentID":"dccf70bb-20b0-44a0-9b0d-eeb9f8197d83","ID":"d63335a9-bae5-4d8d-968b-1ab3dc67baee","childs":{"код":{"_level":2,"parentID":"d63335a9-bae5-4d8d-968b-1ab3dc67baee","firstParentID":"dccf70bb-20b0-44a0-9b0d-eeb9f8197d83","ID":"88c429ac-a095-401e-99de-1d2296753471","childs":null,"emcosID":null,"emcosMLID":null,"WSName":"DB","rangeAddress":"$GI$52:$GI$89","headAddress":"$GI$52","bodyAddress":"$GI$53:$GI$89","_name":"код"},"основное":{"_level":2,"parentID":"d63335a9-bae5-4d8d-968b-1ab3dc67baee","firstParentID":"dccf70bb-20b0-44a0-9b0d-eeb9f8197d83","ID":"3687cbac-9d6e-4959-95f7-a107615f7d45","childs":null,"emcosID":null,"emcosMLID":null,"WSName":"DB","rangeAddress":"$GJ$52:$GJ$89","headAddress":"$GJ$52","bodyAddress":"$GJ$53:$GJ$89","_name":"основное"},"корректировка факт":{"_level":2,"parentID":"d63335a9-bae5-4d8d-968b-1ab3dc67baee","firstParentID":"dccf70bb-20b0-44a0-9b0d-eeb9f8197d83","ID":"28ed1224-a124-4b1e-a3ab-c99201765264","childs":null,"emcosID":null,"emcosMLID":null,"WSName":"DB","rangeAddress":"$GK$52:$GK$89","headAddress":"$GK$52","bodyAddress":"$GK$53:$GK$89","_name":"корректировка факт"},"ручное":{"_level":2,"parentID":"d63335a9-bae5-4d8d-968b-1ab3dc67baee","firstParentID":"dccf70bb-20b0-44a0-9b0d-eeb9f8197d83","ID":"1892c52a-44af-4e5b-b452-eec92b8b9b23","childs":null,"emcosID":null,"emcosMLID":null,"WSName":"DB","rangeAddress":"$GL$52:$GL$89","headAddress":"$GL$52","bodyAddress":"$GL$53:$GL$89","_name":"ручное"},"счетчик":{"_level":2,"parentID":"d63335a9-bae5-4d8d-968b-1ab3dc67baee","firstParentID":"dccf70bb-20b0-44a0-9b0d-eeb9f8197d83","ID":"86bcd766-5ff1-4c6e-8b39-79c96a1d92fd","childs":null,"emcosID":null,"emcosMLID":null,"WSName":"DB","rangeAddress":"$GM$52:$GM$89","headAddress":"$GM$52","bodyAddress":"$GM$53:$GM$89","_name":"счетчик"},"по счетчику":{"_level":2,"parentID":"d63335a9-bae5-4d8d-968b-1ab3dc67baee","firstParentID":"dccf70bb-20b0-44a0-9b0d-eeb9f8197d83","ID":"c455609c-e532-426b-a08a-588bec26c7ca","childs":null,"emcosID":null,"emcosMLID":null,"WSName":"DB","rangeAddress":"$GN$52:$GN$89","headAddress":"$GN$52","bodyAddress":"$GN$53:$GN$89","_name":"по счетчику"}},"emcosID":null,"emcosMLID":null,"WSName":"DB","rangeAddress":"$GI$51:$GN$89","headAddress":"$GI$51:$GN$51","bodyAddress":"$GI$52:$GN$89","_name":"прием"},"отдача":{"_level":1,"parentID":"81e42620-17de-4676-833b-8d7568279f4e","firstParentID":"dccf70bb-20b0-44a0-9b0d-eeb9f8197d83","ID":"916fff56-9876-44be-9234-617b08120312","childs":{"код":{"_level":2,"parentID":"916fff56-9876-44be-9234-617b08120312","firstParentID":"dccf70bb-20b0-44a0-9b0d-eeb9f8197d83","ID":"a9481452-f2e9-487d-ab3a-d869aacdc355","childs":null,"emcosID":null,"emcosMLID":null,"WSName":"DB","rangeAddress":"$GO$52:$GO$89","headAddress":"$GO$52","bodyAddress":"$GO$53:$GO$89","_name":"код"},"основное":{"_level":2,"parentID":"916fff56-9876-44be-9234-617b08120312","firstParentID":"dccf70bb-20b0-44a0-9b0d-eeb9f8197d83","ID":"e9807608-5dcd-4ffe-b6d9-fe67e3ef1a42","childs":null,"emcosID":null,"emcosMLID":null,"WSName":"DB","rangeAddress":"$GP$52:$GP$89","headAddress":"$GP$52","bodyAddress":"$GP$53:$GP$89","_name":"основное"},"корректировка факт":{"_level":2,"parentID":"916fff56-9876-44be-9234-617b08120312","firstParentID":"dccf70bb-20b0-44a0-9b0d-eeb9f8197d83","ID":"ef75e750-2d78-4e96-a38c-0f653cb5ae38","childs":null,"emcosID":null,"emcosMLID":null,"WSName":"DB","rangeAddress":"$GQ$52:$GQ$89","headAddress":"$GQ$52","bodyAddress":"$GQ$53:$GQ$89","_name":"корректировка факт"},"ручное":{"_level":2,"parentID":"916fff56-9876-44be-9234-617b08120312","firstParentID":"dccf70bb-20b0-44a0-9b0d-eeb9f8197d83","ID":"5b20f7e3-29c9-4f51-8719-0d8f470546fd","childs":null,"emcosID":null,"emcosMLID":null,"WSName":"DB","rangeAddress":"$GR$52:$GR$89","headAddress":"$GR$52","bodyAddress":"$GR$53:$GR$89","_name":"ручное"},"счетчик":{"_level":2,"parentID":"916fff56-9876-44be-9234-617b08120312","firstParentID":"dccf70bb-20b0-44a0-9b0d-eeb9f8197d83","ID":"2db6595d-5fff-4b0b-bb0a-0aed19fd226d","childs":null,"emcosID":null,"emcosMLID":null,"WSName":"DB","rangeAddress":"$GS$52:$GS$89","headAddress":"$GS$52","bodyAddress":"$GS$53:$GS$89","_name":"счетчик"},"по счетчику":{"_level":2,"parentID":"916fff56-9876-44be-9234-617b08120312","firstParentID":"dccf70bb-20b0-44a0-9b0d-eeb9f8197d83","ID":"1bc6c4e2-1df2-48ac-a4ad-574fba3f2693","childs":null,"emcosID":null,"emcosMLID":null,"WSName":"DB","rangeAddress":"$GT$52:$GT$89","headAddress":"$GT$52","bodyAddress":"$GT$53:$GT$89","_name":"по счетчику"}},"emcosID":null,"emcosMLID":null,"WSName":"DB","rangeAddress":"$GO$51:$GT$89","headAddress":"$GO$51:$GT$51","bodyAddress":"$GO$52:$GT$89","_name":"отдача"}},"emcosID":null,"emcosMLID":null,"WSName":"DB","rangeAddress":"$GI$50:$GT$89","headAddress":"$GI$50:$GT$50","bodyAddress":"$GI$51:$GT$89","_name":"Л2423 Алма"}},"codPlan":null,"meterCoef":null,"_name":"Л2423 Алма"}