{"ID":"df8fefe5-9259-4e2c-8fdd-73d6ea3a2293","childs":{"PS":{"_level":0,"parentID":"df8fefe5-9259-4e2c-8fdd-73d6ea3a2293","firstParentID":"df8fefe5-9259-4e2c-8fdd-73d6ea3a2293","ID":"90e64080-68a2-4ef4-8e1f-fb16d748d379","childs":{"прием":{"_level":1,"parentID":"90e64080-68a2-4ef4-8e1f-fb16d748d379","firstParentID":"df8fefe5-9259-4e2c-8fdd-73d6ea3a2293","ID":"ed6628b4-21fb-4aa6-b23b-e8323fc3c0be","childs":{"ручное":{"_level":2,"parentID":"ed6628b4-21fb-4aa6-b23b-e8323fc3c0be","firstParentID":"df8fefe5-9259-4e2c-8fdd-73d6ea3a2293","ID":"2cf6d083-0e2a-4d4c-9025-c34e9c1fa083","childs":null,"emcosID":null,"emcosMLID":null,"WSName":"PS","rangeAddress":"$N$142:$N$178","headAddress":"$N$142","bodyAddress":"$N$143:$N$178","_name":"ручное"}},"emcosID":null,"emcosMLID":null,"WSName":"PS","rangeAddress":"$N$141:$N$178","headAddress":"$N$141","bodyAddress":"$N$142:$N$178","_name":"прием"},"отдача":{"_level":1,"parentID":"90e64080-68a2-4ef4-8e1f-fb16d748d379","firstParentID":"df8fefe5-9259-4e2c-8fdd-73d6ea3a2293","ID":"c08e1d92-872e-429c-8dc5-49be44eb0faf","childs":{"ручное":{"_level":2,"parentID":"c08e1d92-872e-429c-8dc5-49be44eb0faf","firstParentID":"df8fefe5-9259-4e2c-8fdd-73d6ea3a2293","ID":"b4e23298-e9eb-410a-a919-f63555804cb2","childs":null,"emcosID":null,"emcosMLID":null,"WSName":"PS","rangeAddress":"$O$142:$O$178","headAddress":"$O$142","bodyAddress":"$O$143:$O$178","_name":"ручное"}},"emcosID":null,"emcosMLID":null,"WSName":"PS","rangeAddress":"$O$141:$O$178","headAddress":"$O$141","bodyAddress":"$O$142:$O$178","_name":"отдача"}},"emcosID":null,"emcosMLID":null,"WSName":"PS","rangeAddress":"$N$140:$O$178","headAddress":"$N$140:$O$140","bodyAddress":"$N$141:$O$178","_name":"Л153Т ПС159Т Карабулак"},"DB":{"_level":0,"parentID":"df8fefe5-9259-4e2c-8fdd-73d6ea3a2293","firstParentID":"df8fefe5-9259-4e2c-8fdd-73d6ea3a2293","ID":"547245f9-50dd-4288-bf23-ed2843a303d2","childs":{"прием":{"_level":1,"parentID":"547245f9-50dd-4288-bf23-ed2843a303d2","firstParentID":"df8fefe5-9259-4e2c-8fdd-73d6ea3a2293","ID":"1eba1df2-f861-4873-b53e-04749b9ba2ce","childs":{"код":{"_level":2,"parentID":"1eba1df2-f861-4873-b53e-04749b9ba2ce","firstParentID":"df8fefe5-9259-4e2c-8fdd-73d6ea3a2293","ID":"8dbb624d-2936-4b48-b394-fffe3c21fce6","childs":null,"emcosID":null,"emcosMLID":null,"WSName":"DB","rangeAddress":"$DH$224:$DH$261","headAddress":"$DH$224","bodyAddress":"$DH$225:$DH$261","_name":"код"},"основное":{"_level":2,"parentID":"1eba1df2-f861-4873-b53e-04749b9ba2ce","firstParentID":"df8fefe5-9259-4e2c-8fdd-73d6ea3a2293","ID":"9802174a-3c0f-485b-877e-1eb8137276d7","childs":null,"emcosID":null,"emcosMLID":null,"WSName":"DB","rangeAddress":"$DI$224:$DI$261","headAddress":"$DI$224","bodyAddress":"$DI$225:$DI$261","_name":"основное"},"корректировка факт":{"_level":2,"parentID":"1eba1df2-f861-4873-b53e-04749b9ba2ce","firstParentID":"df8fefe5-9259-4e2c-8fdd-73d6ea3a2293","ID":"c7ed2516-340f-4e3a-ba07-e7630e476e8f","childs":null,"emcosID":null,"emcosMLID":null,"WSName":"DB","rangeAddress":"$DJ$224:$DJ$261","headAddress":"$DJ$224","bodyAddress":"$DJ$225:$DJ$261","_name":"корректировка факт"},"ручное":{"_level":2,"parentID":"1eba1df2-f861-4873-b53e-04749b9ba2ce","firstParentID":"df8fefe5-9259-4e2c-8fdd-73d6ea3a2293","ID":"1140c8f6-9fb6-4e09-a637-bda168233658","childs":null,"emcosID":null,"emcosMLID":null,"WSName":"DB","rangeAddress":"$DK$224:$DK$261","headAddress":"$DK$224","bodyAddress":"$DK$225:$DK$261","_name":"ручное"}},"emcosID":null,"emcosMLID":null,"WSName":"DB","rangeAddress":"$DH$223:$DK$261","headAddress":"$DH$223:$DK$223","bodyAddress":"$DH$224:$DK$261","_name":"прием"},"отдача":{"_level":1,"parentID":"547245f9-50dd-4288-bf23-ed2843a303d2","firstParentID":"df8fefe5-9259-4e2c-8fdd-73d6ea3a2293","ID":"8142d5a1-1450-40b5-a5c0-0be10d19ed13","childs":{"код":{"_level":2,"parentID":"8142d5a1-1450-40b5-a5c0-0be10d19ed13","firstParentID":"df8fefe5-9259-4e2c-8fdd-73d6ea3a2293","ID":"41eaaba2-93d7-4f97-8116-7f626f162057","childs":null,"emcosID":null,"emcosMLID":null,"WSName":"DB","rangeAddress":"$DL$224:$DL$261","headAddress":"$DL$224","bodyAddress":"$DL$225:$DL$261","_name":"код"},"основное":{"_level":2,"parentID":"8142d5a1-1450-40b5-a5c0-0be10d19ed13","firstParentID":"df8fefe5-9259-4e2c-8fdd-73d6ea3a2293","ID":"c170180d-a03b-4fce-8542-b04f573b9e42","childs":null,"emcosID":null,"emcosMLID":null,"WSName":"DB","rangeAddress":"$DM$224:$DM$261","headAddress":"$DM$224","bodyAddress":"$DM$225:$DM$261","_name":"основное"},"корректировка факт":{"_level":2,"parentID":"8142d5a1-1450-40b5-a5c0-0be10d19ed13","firstParentID":"df8fefe5-9259-4e2c-8fdd-73d6ea3a2293","ID":"b21885e6-2942-4bb8-ae97-9a064a79508e","childs":null,"emcosID":null,"emcosMLID":null,"WSName":"DB","rangeAddress":"$DN$224:$DN$261","headAddress":"$DN$224","bodyAddress":"$DN$225:$DN$261","_name":"корректировка факт"},"ручное":{"_level":2,"parentID":"8142d5a1-1450-40b5-a5c0-0be10d19ed13","firstParentID":"df8fefe5-9259-4e2c-8fdd-73d6ea3a2293","ID":"c2e6ef1e-9de3-43f4-976e-c64f7e67c800","childs":null,"emcosID":null,"emcosMLID":null,"WSName":"DB","rangeAddress":"$DO$224:$DO$261","headAddress":"$DO$224","bodyAddress":"$DO$225:$DO$261","_name":"ручное"}},"emcosID":null,"emcosMLID":null,"WSName":"DB","rangeAddress":"$DL$223:$DO$261","headAddress":"$DL$223:$DO$223","bodyAddress":"$DL$224:$DO$261","_name":"отдача"}},"emcosID":null,"emcosMLID":null,"WSName":"DB","rangeAddress":"$DH$222:$DO$261","headAddress":"$DH$222:$DO$222","bodyAddress":"$DH$223:$DO$261","_name":"Л153Т ПС159Т Карабулак"}},"codPlan":null,"meterCoef":null,"_name":"Л153Т ПС159Т Карабулак"}