{"ID":"e22d6fef-667c-4faa-a082-40010b2bfca5","childs":{"PS":{"_level":0,"parentID":"e22d6fef-667c-4faa-a082-40010b2bfca5","firstParentID":"e22d6fef-667c-4faa-a082-40010b2bfca5","ID":"0cf0bd15-ef3b-44fe-9813-7b8359714027","childs":{"прием":{"_level":1,"parentID":"0cf0bd15-ef3b-44fe-9813-7b8359714027","firstParentID":"e22d6fef-667c-4faa-a082-40010b2bfca5","ID":"03485349-8039-4709-889c-f8a18bab856f","childs":{"по счетчику":{"_level":2,"parentID":"03485349-8039-4709-889c-f8a18bab856f","firstParentID":"e22d6fef-667c-4faa-a082-40010b2bfca5","ID":"0b015ce4-fa92-4e57-88f0-91ab33d07e5c","childs":null,"emcosID":null,"emcosMLID":null,"WSName":"PS","rangeAddress":"$DM$56:$DM$92","headAddress":"$DM$56","bodyAddress":"$DM$57:$DM$92","_name":"по счетчику"}},"emcosID":null,"emcosMLID":null,"WSName":"PS","rangeAddress":"$DM$55:$DM$92","headAddress":"$DM$55","bodyAddress":"$DM$56:$DM$92","_name":"прием"},"отдача":{"_level":1,"parentID":"0cf0bd15-ef3b-44fe-9813-7b8359714027","firstParentID":"e22d6fef-667c-4faa-a082-40010b2bfca5","ID":"acce09f3-596b-4a60-88b2-f0323044ae60","childs":{"по счетчику":{"_level":2,"parentID":"acce09f3-596b-4a60-88b2-f0323044ae60","firstParentID":"e22d6fef-667c-4faa-a082-40010b2bfca5","ID":"918d6035-f4a9-42da-860d-82f188d3a21f","childs":null,"emcosID":null,"emcosMLID":null,"WSName":"PS","rangeAddress":"$DN$56:$DN$92","headAddress":"$DN$56","bodyAddress":"$DN$57:$DN$92","_name":"по счетчику"}},"emcosID":null,"emcosMLID":null,"WSName":"PS","rangeAddress":"$DN$55:$DN$92","headAddress":"$DN$55","bodyAddress":"$DN$56:$DN$92","_name":"отдача"}},"emcosID":null,"emcosMLID":null,"WSName":"PS","rangeAddress":"$DM$54:$DN$92","headAddress":"$DM$54:$DN$54","bodyAddress":"$DM$55:$DN$92","_name":"Л2113 Алма"},"DB":{"_level":0,"parentID":"e22d6fef-667c-4faa-a082-40010b2bfca5","firstParentID":"e22d6fef-667c-4faa-a082-40010b2bfca5","ID":"fca9916f-6431-4470-9ae5-0bba1e4e762b","childs":{"прием":{"_level":1,"parentID":"fca9916f-6431-4470-9ae5-0bba1e4e762b","firstParentID":"e22d6fef-667c-4faa-a082-40010b2bfca5","ID":"07dffd31-4953-4bd0-9261-8ae9085cc744","childs":{"код":{"_level":2,"parentID":"07dffd31-4953-4bd0-9261-8ae9085cc744","firstParentID":"e22d6fef-667c-4faa-a082-40010b2bfca5","ID":"a7b5d691-fa96-4009-8f0f-1fb036aeeda2","childs":null,"emcosID":null,"emcosMLID":null,"WSName":"DB","rangeAddress":"$HK$52:$HK$89","headAddress":"$HK$52","bodyAddress":"$HK$53:$HK$89","_name":"код"},"основное":{"_level":2,"parentID":"07dffd31-4953-4bd0-9261-8ae9085cc744","firstParentID":"e22d6fef-667c-4faa-a082-40010b2bfca5","ID":"da994c42-9919-4256-92a3-f6bc023afccb","childs":null,"emcosID":null,"emcosMLID":null,"WSName":"DB","rangeAddress":"$HL$52:$HL$89","headAddress":"$HL$52","bodyAddress":"$HL$53:$HL$89","_name":"основное"},"корректировка факт":{"_level":2,"parentID":"07dffd31-4953-4bd0-9261-8ae9085cc744","firstParentID":"e22d6fef-667c-4faa-a082-40010b2bfca5","ID":"1db45b44-e741-4dc1-a67c-c481e8e8dce2","childs":null,"emcosID":null,"emcosMLID":null,"WSName":"DB","rangeAddress":"$HM$52:$HM$89","headAddress":"$HM$52","bodyAddress":"$HM$53:$HM$89","_name":"корректировка факт"},"ручное":{"_level":2,"parentID":"07dffd31-4953-4bd0-9261-8ae9085cc744","firstParentID":"e22d6fef-667c-4faa-a082-40010b2bfca5","ID":"125b4362-c9c0-4a8a-8e67-eb2097daca23","childs":null,"emcosID":null,"emcosMLID":null,"WSName":"DB","rangeAddress":"$HN$52:$HN$89","headAddress":"$HN$52","bodyAddress":"$HN$53:$HN$89","_name":"ручное"},"счетчик":{"_level":2,"parentID":"07dffd31-4953-4bd0-9261-8ae9085cc744","firstParentID":"e22d6fef-667c-4faa-a082-40010b2bfca5","ID":"f9dd0ed8-8022-42cc-b48a-4bc69714ffae","childs":null,"emcosID":null,"emcosMLID":null,"WSName":"DB","rangeAddress":"$HO$52:$HO$89","headAddress":"$HO$52","bodyAddress":"$HO$53:$HO$89","_name":"счетчик"},"по счетчику":{"_level":2,"parentID":"07dffd31-4953-4bd0-9261-8ae9085cc744","firstParentID":"e22d6fef-667c-4faa-a082-40010b2bfca5","ID":"0b54ebdd-c38f-4aed-8cc6-fe730d1ae37c","childs":null,"emcosID":null,"emcosMLID":null,"WSName":"DB","rangeAddress":"$HP$52:$HP$89","headAddress":"$HP$52","bodyAddress":"$HP$53:$HP$89","_name":"по счетчику"}},"emcosID":null,"emcosMLID":null,"WSName":"DB","rangeAddress":"$HK$51:$HP$89","headAddress":"$HK$51:$HP$51","bodyAddress":"$HK$52:$HP$89","_name":"прием"},"отдача":{"_level":1,"parentID":"fca9916f-6431-4470-9ae5-0bba1e4e762b","firstParentID":"e22d6fef-667c-4faa-a082-40010b2bfca5","ID":"32189c9a-a344-48ad-a1b6-ec7efd88caf5","childs":{"код":{"_level":2,"parentID":"32189c9a-a344-48ad-a1b6-ec7efd88caf5","firstParentID":"e22d6fef-667c-4faa-a082-40010b2bfca5","ID":"0ec96e22-d4eb-4c5d-afb0-232f44cd2aa0","childs":null,"emcosID":null,"emcosMLID":null,"WSName":"DB","rangeAddress":"$HQ$52:$HQ$89","headAddress":"$HQ$52","bodyAddress":"$HQ$53:$HQ$89","_name":"код"},"основное":{"_level":2,"parentID":"32189c9a-a344-48ad-a1b6-ec7efd88caf5","firstParentID":"e22d6fef-667c-4faa-a082-40010b2bfca5","ID":"c05cf8c3-225c-48e5-bd6e-fe6987c40e3d","childs":null,"emcosID":null,"emcosMLID":null,"WSName":"DB","rangeAddress":"$HR$52:$HR$89","headAddress":"$HR$52","bodyAddress":"$HR$53:$HR$89","_name":"основное"},"корректировка факт":{"_level":2,"parentID":"32189c9a-a344-48ad-a1b6-ec7efd88caf5","firstParentID":"e22d6fef-667c-4faa-a082-40010b2bfca5","ID":"75cea3f9-3b2e-4983-b124-57ab36d03ae1","childs":null,"emcosID":null,"emcosMLID":null,"WSName":"DB","rangeAddress":"$HS$52:$HS$89","headAddress":"$HS$52","bodyAddress":"$HS$53:$HS$89","_name":"корректировка факт"},"ручное":{"_level":2,"parentID":"32189c9a-a344-48ad-a1b6-ec7efd88caf5","firstParentID":"e22d6fef-667c-4faa-a082-40010b2bfca5","ID":"c0dd0199-3997-4e2e-907e-d86dfc8b4796","childs":null,"emcosID":null,"emcosMLID":null,"WSName":"DB","rangeAddress":"$HT$52:$HT$89","headAddress":"$HT$52","bodyAddress":"$HT$53:$HT$89","_name":"ручное"},"счетчик":{"_level":2,"parentID":"32189c9a-a344-48ad-a1b6-ec7efd88caf5","firstParentID":"e22d6fef-667c-4faa-a082-40010b2bfca5","ID":"6b0fbac9-6da7-4157-bb09-f0251c628326","childs":null,"emcosID":null,"emcosMLID":null,"WSName":"DB","rangeAddress":"$HU$52:$HU$89","headAddress":"$HU$52","bodyAddress":"$HU$53:$HU$89","_name":"счетчик"},"по счетчику":{"_level":2,"parentID":"32189c9a-a344-48ad-a1b6-ec7efd88caf5","firstParentID":"e22d6fef-667c-4faa-a082-40010b2bfca5","ID":"8a50d837-4007-430b-ade8-e9fa514cb6d8","childs":null,"emcosID":null,"emcosMLID":null,"WSName":"DB","rangeAddress":"$HV$52:$HV$89","headAddress":"$HV$52","bodyAddress":"$HV$53:$HV$89","_name":"по счетчику"}},"emcosID":null,"emcosMLID":null,"WSName":"DB","rangeAddress":"$HQ$51:$HV$89","headAddress":"$HQ$51:$HV$51","bodyAddress":"$HQ$52:$HV$89","_name":"отдача"}},"emcosID":null,"emcosMLID":null,"WSName":"DB","rangeAddress":"$HK$50:$HV$89","headAddress":"$HK$50:$HV$50","bodyAddress":"$HK$51:$HV$89","_name":"Л2113 Алма"}},"codPlan":null,"meterCoef":null,"_name":"Л2113 Алма"}