{"ID":"e3b84c83-c704-4deb-be56-bdc00140525f","childs":{"PS":{"_level":0,"parentID":"e3b84c83-c704-4deb-be56-bdc00140525f","firstParentID":"e3b84c83-c704-4deb-be56-bdc00140525f","ID":"aa039445-701b-4a42-9258-aa21f1eb3765","childs":{"отдача":{"_level":1,"parentID":"aa039445-701b-4a42-9258-aa21f1eb3765","firstParentID":"e3b84c83-c704-4deb-be56-bdc00140525f","ID":"3c16152c-889b-4839-b1b5-63f934c3cf91","childs":{"оперативное":{"_level":2,"parentID":"3c16152c-889b-4839-b1b5-63f934c3cf91","firstParentID":"e3b84c83-c704-4deb-be56-bdc00140525f","ID":"fe64caae-92e9-44ce-92fd-a72f1a03e35f","childs":null,"emcosID":null,"emcosMLID":null,"codTEP":null,"WSName":"PS","rangeAddress":"$AT$185:$AT$221","headAddress":"$AT$185","bodyAddress":"$AT$186:$AT$221","_name":"оперативное"}},"emcosID":null,"emcosMLID":null,"codTEP":null,"WSName":"PS","rangeAddress":"$AT$184:$AT$221","headAddress":"$AT$184","bodyAddress":"$AT$185:$AT$221","_name":"отдача"}},"emcosID":null,"emcosMLID":null,"codTEP":null,"WSName":"PS","rangeAddress":"$AT$183:$AT$221","headAddress":"$AT$183","bodyAddress":"$AT$184:$AT$221","_name":"Генерация EC ENERGY Qazaqstan"},"DB":{"_level":0,"parentID":"e3b84c83-c704-4deb-be56-bdc00140525f","firstParentID":"e3b84c83-c704-4deb-be56-bdc00140525f","ID":"9971d7e8-07c1-4368-b010-270e857de5f7","childs":{"отдача":{"_level":1,"parentID":"9971d7e8-07c1-4368-b010-270e857de5f7","firstParentID":"e3b84c83-c704-4deb-be56-bdc00140525f","ID":"5bee16ce-8ddd-4169-84e1-ff5788564b6e","childs":{"код":{"_level":2,"parentID":"5bee16ce-8ddd-4169-84e1-ff5788564b6e","firstParentID":"e3b84c83-c704-4deb-be56-bdc00140525f","ID":"762e5579-7141-4b08-88a8-4f31c1f47037","childs":null,"emcosID":null,"emcosMLID":null,"codTEP":null,"WSName":"DB","rangeAddress":"$FI$267:$FI$304","headAddress":"$FI$267","bodyAddress":"$FI$268:$FI$304","_name":"код"},"основное":{"_level":2,"parentID":"5bee16ce-8ddd-4169-84e1-ff5788564b6e","firstParentID":"e3b84c83-c704-4deb-be56-bdc00140525f","ID":"c9ef05f2-7eea-4609-82b1-4bfa4057c760","childs":null,"emcosID":null,"emcosMLID":null,"codTEP":null,"WSName":"DB","rangeAddress":"$FJ$267:$FJ$304","headAddress":"$FJ$267","bodyAddress":"$FJ$268:$FJ$304","_name":"основное"},"корректировка факт":{"_level":2,"parentID":"5bee16ce-8ddd-4169-84e1-ff5788564b6e","firstParentID":"e3b84c83-c704-4deb-be56-bdc00140525f","ID":"fa170e34-af3e-45f1-ae05-b4f987158065","childs":null,"emcosID":null,"emcosMLID":null,"codTEP":null,"WSName":"DB","rangeAddress":"$FK$267:$FK$304","headAddress":"$FK$267","bodyAddress":"$FK$268:$FK$304","_name":"корректировка факт"},"ручное":{"_level":2,"parentID":"5bee16ce-8ddd-4169-84e1-ff5788564b6e","firstParentID":"e3b84c83-c704-4deb-be56-bdc00140525f","ID":"a8f2ca51-e57f-420e-97e7-dbd013c1c888","childs":null,"emcosID":null,"emcosMLID":null,"codTEP":null,"WSName":"DB","rangeAddress":"$FL$267:$FL$304","headAddress":"$FL$267","bodyAddress":"$FL$268:$FL$304","_name":"ручное"},"оперативное":{"_level":2,"parentID":"5bee16ce-8ddd-4169-84e1-ff5788564b6e","firstParentID":"e3b84c83-c704-4deb-be56-bdc00140525f","ID":"f453612a-e90f-48e4-91c7-9feea4f1980a","childs":null,"emcosID":null,"emcosMLID":null,"codTEP":null,"WSName":"DB","rangeAddress":"$FM$267:$FM$304","headAddress":"$FM$267","bodyAddress":"$FM$268:$FM$304","_name":"оперативное"}},"emcosID":null,"emcosMLID":null,"codTEP":null,"WSName":"DB","rangeAddress":"$FI$266:$FM$304","headAddress":"$FI$266:$FM$266","bodyAddress":"$FI$267:$FM$304","_name":"отдача"}},"emcosID":null,"emcosMLID":null,"codTEP":null,"WSName":"DB","rangeAddress":"$FI$265:$FM$304","headAddress":"$FI$265:$FM$265","bodyAddress":"$FI$266:$FM$304","_name":"Генерация EC ENERGY Qazaqstan"}},"codPlan":null,"meterCoef":null,"_name":"Генерация EC ENERGY Qazaqstan"}