{"ID":"e78552ec-e201-48ae-a96b-d766c71f7493","childs":{"PS":{"_level":0,"parentID":"e78552ec-e201-48ae-a96b-d766c71f7493","firstParentID":"e78552ec-e201-48ae-a96b-d766c71f7493","ID":"1ec1c851-a650-4fd7-98db-b6b03a5f8a74","childs":{"прием":{"_level":1,"parentID":"1ec1c851-a650-4fd7-98db-b6b03a5f8a74","firstParentID":"e78552ec-e201-48ae-a96b-d766c71f7493","ID":"055a536e-9271-4ec5-bcde-d074221c5575","childs":{"оперативное":{"_level":2,"parentID":"055a536e-9271-4ec5-bcde-d074221c5575","firstParentID":"e78552ec-e201-48ae-a96b-d766c71f7493","ID":"33c0b390-3d75-4a13-ba5b-c09a47512e20","childs":null,"emcosID":null,"emcosMLID":null,"codTEP":null,"WSName":"PS","rangeAddress":"$FG$99:$FG$135","headAddress":"$FG$99","bodyAddress":"$FG$100:$FG$135","_name":"оперативное"}},"emcosID":null,"emcosMLID":null,"codTEP":null,"WSName":"PS","rangeAddress":"$FG$98:$FG$135","headAddress":"$FG$98","bodyAddress":"$FG$99:$FG$135","_name":"прием"},"отдача":{"_level":1,"parentID":"1ec1c851-a650-4fd7-98db-b6b03a5f8a74","firstParentID":"e78552ec-e201-48ae-a96b-d766c71f7493","ID":"2c2fd7aa-7805-442b-9e44-b49212dad9bc","childs":{"оперативное":{"_level":2,"parentID":"2c2fd7aa-7805-442b-9e44-b49212dad9bc","firstParentID":"e78552ec-e201-48ae-a96b-d766c71f7493","ID":"cecd0239-f9db-43b8-8ba2-5a90a44b48ee","childs":null,"emcosID":null,"emcosMLID":null,"codTEP":null,"WSName":"PS","rangeAddress":"$FH$99:$FH$135","headAddress":"$FH$99","bodyAddress":"$FH$100:$FH$135","_name":"оперативное"}},"emcosID":null,"emcosMLID":null,"codTEP":null,"WSName":"PS","rangeAddress":"$FH$98:$FH$135","headAddress":"$FH$98","bodyAddress":"$FH$99:$FH$135","_name":"отдача"}},"emcosID":null,"emcosMLID":null,"codTEP":null,"WSName":"PS","rangeAddress":"$FG$97:$FH$135","headAddress":"$FG$97:$FH$97","bodyAddress":"$FG$98:$FH$135","_name":"АТ1 Коян Кос 154А"},"DB":{"_level":0,"parentID":"e78552ec-e201-48ae-a96b-d766c71f7493","firstParentID":"e78552ec-e201-48ae-a96b-d766c71f7493","ID":"3b10ca4f-d6e7-4a64-804b-da1c26ea2568","childs":{"прием":{"_level":1,"parentID":"3b10ca4f-d6e7-4a64-804b-da1c26ea2568","firstParentID":"e78552ec-e201-48ae-a96b-d766c71f7493","ID":"046e3b2d-71fe-4f2a-9038-e63c0104eb61","childs":{"код":{"_level":2,"parentID":"046e3b2d-71fe-4f2a-9038-e63c0104eb61","firstParentID":"e78552ec-e201-48ae-a96b-d766c71f7493","ID":"0123bbd1-2220-4e32-a95f-37dd7962db54","childs":null,"emcosID":null,"emcosMLID":null,"codTEP":null,"WSName":"DB","rangeAddress":"$AG$310:$AG$347","headAddress":"$AG$310","bodyAddress":"$AG$311:$AG$347","_name":"код"},"основное":{"_level":2,"parentID":"046e3b2d-71fe-4f2a-9038-e63c0104eb61","firstParentID":"e78552ec-e201-48ae-a96b-d766c71f7493","ID":"d1be9c24-95b0-4ea6-b075-6eed2f1d9070","childs":null,"emcosID":null,"emcosMLID":null,"codTEP":null,"WSName":"DB","rangeAddress":"$AH$310:$AH$347","headAddress":"$AH$310","bodyAddress":"$AH$311:$AH$347","_name":"основное"},"корректировка факт":{"_level":2,"parentID":"046e3b2d-71fe-4f2a-9038-e63c0104eb61","firstParentID":"e78552ec-e201-48ae-a96b-d766c71f7493","ID":"972cb466-681f-4f44-be7e-3be041c9102c","childs":null,"emcosID":null,"emcosMLID":null,"codTEP":null,"WSName":"DB","rangeAddress":"$AI$310:$AI$347","headAddress":"$AI$310","bodyAddress":"$AI$311:$AI$347","_name":"корректировка факт"},"ручное":{"_level":2,"parentID":"046e3b2d-71fe-4f2a-9038-e63c0104eb61","firstParentID":"e78552ec-e201-48ae-a96b-d766c71f7493","ID":"baf8c64f-0b02-4ebd-8ad9-a5bc50c6a2c9","childs":null,"emcosID":null,"emcosMLID":null,"codTEP":null,"WSName":"DB","rangeAddress":"$AJ$310:$AJ$347","headAddress":"$AJ$310","bodyAddress":"$AJ$311:$AJ$347","_name":"ручное"},"оперативное":{"_level":2,"parentID":"046e3b2d-71fe-4f2a-9038-e63c0104eb61","firstParentID":"e78552ec-e201-48ae-a96b-d766c71f7493","ID":"8c7ef127-a6c3-4ddd-9966-9f17e144e484","childs":null,"emcosID":null,"emcosMLID":null,"codTEP":null,"WSName":"DB","rangeAddress":"$AK$310:$AK$347","headAddress":"$AK$310","bodyAddress":"$AK$311:$AK$347","_name":"оперативное"}},"emcosID":null,"emcosMLID":null,"codTEP":null,"WSName":"DB","rangeAddress":"$AG$309:$AK$347","headAddress":"$AG$309:$AK$309","bodyAddress":"$AG$310:$AK$347","_name":"прием"},"отдача":{"_level":1,"parentID":"3b10ca4f-d6e7-4a64-804b-da1c26ea2568","firstParentID":"e78552ec-e201-48ae-a96b-d766c71f7493","ID":"410153ab-e810-48ff-9425-9e99468b34d5","childs":{"код":{"_level":2,"parentID":"410153ab-e810-48ff-9425-9e99468b34d5","firstParentID":"e78552ec-e201-48ae-a96b-d766c71f7493","ID":"e7312194-18bb-4289-8895-f8b7f0ad2eca","childs":null,"emcosID":null,"emcosMLID":null,"codTEP":null,"WSName":"DB","rangeAddress":"$AL$310:$AL$347","headAddress":"$AL$310","bodyAddress":"$AL$311:$AL$347","_name":"код"},"основное":{"_level":2,"parentID":"410153ab-e810-48ff-9425-9e99468b34d5","firstParentID":"e78552ec-e201-48ae-a96b-d766c71f7493","ID":"5af22ded-6756-40f7-8b9e-4de686fe773d","childs":null,"emcosID":null,"emcosMLID":null,"codTEP":null,"WSName":"DB","rangeAddress":"$AM$310:$AM$347","headAddress":"$AM$310","bodyAddress":"$AM$311:$AM$347","_name":"основное"},"корректировка факт":{"_level":2,"parentID":"410153ab-e810-48ff-9425-9e99468b34d5","firstParentID":"e78552ec-e201-48ae-a96b-d766c71f7493","ID":"1c79a332-92c8-42f5-8bd0-44ab99e4b5b3","childs":null,"emcosID":null,"emcosMLID":null,"codTEP":null,"WSName":"DB","rangeAddress":"$AN$310:$AN$347","headAddress":"$AN$310","bodyAddress":"$AN$311:$AN$347","_name":"корректировка факт"},"ручное":{"_level":2,"parentID":"410153ab-e810-48ff-9425-9e99468b34d5","firstParentID":"e78552ec-e201-48ae-a96b-d766c71f7493","ID":"31c1569e-4962-4581-9c45-7bb0bd7f3075","childs":null,"emcosID":null,"emcosMLID":null,"codTEP":null,"WSName":"DB","rangeAddress":"$AO$310:$AO$347","headAddress":"$AO$310","bodyAddress":"$AO$311:$AO$347","_name":"ручное"},"оперативное":{"_level":2,"parentID":"410153ab-e810-48ff-9425-9e99468b34d5","firstParentID":"e78552ec-e201-48ae-a96b-d766c71f7493","ID":"b72928ab-856b-4015-9b6a-171af8cda61d","childs":null,"emcosID":null,"emcosMLID":null,"codTEP":null,"WSName":"DB","rangeAddress":"$AP$310:$AP$347","headAddress":"$AP$310","bodyAddress":"$AP$311:$AP$347","_name":"оперативное"}},"emcosID":null,"emcosMLID":null,"codTEP":null,"WSName":"DB","rangeAddress":"$AL$309:$AP$347","headAddress":"$AL$309:$AP$309","bodyAddress":"$AL$310:$AP$347","_name":"отдача"}},"emcosID":null,"emcosMLID":null,"codTEP":null,"WSName":"DB","rangeAddress":"$AG$308:$AP$347","headAddress":"$AG$308:$AP$308","bodyAddress":"$AG$309:$AP$347","_name":"АТ1 Коян Кос 154А"}},"codPlan":null,"meterCoef":null,"_name":"АТ1 Коян Кос 154А"}