{"ID":"eb3e9e57-3539-450c-80d2-36d081ae94c9","childs":{"PS":{"_level":0,"parentID":"eb3e9e57-3539-450c-80d2-36d081ae94c9","firstParentID":"eb3e9e57-3539-450c-80d2-36d081ae94c9","ID":"f638e172-9530-42d5-9227-43ec423a7fe7","childs":{"прием":{"_level":1,"parentID":"f638e172-9530-42d5-9227-43ec423a7fe7","firstParentID":"eb3e9e57-3539-450c-80d2-36d081ae94c9","ID":"802d73bb-2a1b-4741-8f19-d2a5a9229898","childs":{"ручное":{"_level":2,"parentID":"802d73bb-2a1b-4741-8f19-d2a5a9229898","firstParentID":"eb3e9e57-3539-450c-80d2-36d081ae94c9","ID":"b6f83176-c367-4b85-b75f-e19f7b12461a","childs":null,"emcosID":null,"emcosMLID":null,"codTEP":null,"WSName":"PS","rangeAddress":"$GR$99:$GR$135","headAddress":"$GR$99","bodyAddress":"$GR$100:$GR$135","_name":"ручное"}},"emcosID":null,"emcosMLID":null,"codTEP":null,"WSName":"PS","rangeAddress":"$GR$98:$GR$135","headAddress":"$GR$98","bodyAddress":"$GR$99:$GR$135","_name":"прием"}},"emcosID":null,"emcosMLID":null,"codTEP":null,"WSName":"PS","rangeAddress":"$GR$97:$GR$135","headAddress":"$GR$97","bodyAddress":"$GR$98:$GR$135","_name":"Потребление Узун Агач тяга"},"DB":{"_level":0,"parentID":"eb3e9e57-3539-450c-80d2-36d081ae94c9","firstParentID":"eb3e9e57-3539-450c-80d2-36d081ae94c9","ID":"dcd6d411-9305-46ff-9877-8d12d9f1b6c5","childs":{"прием":{"_level":1,"parentID":"dcd6d411-9305-46ff-9877-8d12d9f1b6c5","firstParentID":"eb3e9e57-3539-450c-80d2-36d081ae94c9","ID":"92024475-6e45-4152-b428-9e40d7ba601e","childs":{"код":{"_level":2,"parentID":"92024475-6e45-4152-b428-9e40d7ba601e","firstParentID":"eb3e9e57-3539-450c-80d2-36d081ae94c9","ID":"78989199-9184-44ce-8164-08194664d7b7","childs":null,"emcosID":null,"emcosMLID":null,"codTEP":null,"WSName":"DB","rangeAddress":"$DU$181:$DU$218","headAddress":"$DU$181","bodyAddress":"$DU$182:$DU$218","_name":"код"},"основное":{"_level":2,"parentID":"92024475-6e45-4152-b428-9e40d7ba601e","firstParentID":"eb3e9e57-3539-450c-80d2-36d081ae94c9","ID":"1748d0fb-21b4-4d44-8f43-5c15fe69efec","childs":null,"emcosID":null,"emcosMLID":null,"codTEP":null,"WSName":"DB","rangeAddress":"$DV$181:$DV$218","headAddress":"$DV$181","bodyAddress":"$DV$182:$DV$218","_name":"основное"},"корректировка факт":{"_level":2,"parentID":"92024475-6e45-4152-b428-9e40d7ba601e","firstParentID":"eb3e9e57-3539-450c-80d2-36d081ae94c9","ID":"3a6ff498-b7ab-4154-b926-54730f624041","childs":null,"emcosID":null,"emcosMLID":null,"codTEP":null,"WSName":"DB","rangeAddress":"$DW$181:$DW$218","headAddress":"$DW$181","bodyAddress":"$DW$182:$DW$218","_name":"корректировка факт"},"ручное":{"_level":2,"parentID":"92024475-6e45-4152-b428-9e40d7ba601e","firstParentID":"eb3e9e57-3539-450c-80d2-36d081ae94c9","ID":"c0923f88-acaf-40c6-bb70-e72b47f27ddb","childs":null,"emcosID":null,"emcosMLID":null,"codTEP":null,"WSName":"DB","rangeAddress":"$DX$181:$DX$218","headAddress":"$DX$181","bodyAddress":"$DX$182:$DX$218","_name":"ручное"},"формула":{"_level":2,"parentID":"92024475-6e45-4152-b428-9e40d7ba601e","firstParentID":"eb3e9e57-3539-450c-80d2-36d081ae94c9","ID":"244d692c-fc4e-48e6-ba70-ec4ccb68de4e","childs":null,"emcosID":null,"emcosMLID":null,"codTEP":null,"WSName":"DB","rangeAddress":"$DY$181:$DY$218","headAddress":"$DY$181","bodyAddress":"$DY$182:$DY$218","_name":"формула"}},"emcosID":null,"emcosMLID":null,"codTEP":null,"WSName":"DB","rangeAddress":"$DU$180:$DY$218","headAddress":"$DU$180:$DY$180","bodyAddress":"$DU$181:$DY$218","_name":"прием"}},"emcosID":null,"emcosMLID":null,"codTEP":null,"WSName":"DB","rangeAddress":"$DU$179:$DY$218","headAddress":"$DU$179:$DY$179","bodyAddress":"$DU$180:$DY$218","_name":"Потребление Узун Агач тяга"}},"codPlan":null,"meterCoef":null,"_name":"Потребление Узун Агач тяга"}