{"ID":"f184f751-fcf8-4b4a-bab8-280185ea2125","childs":{"PS":{"_level":0,"parentID":"f184f751-fcf8-4b4a-bab8-280185ea2125","firstParentID":"f184f751-fcf8-4b4a-bab8-280185ea2125","ID":"6291c88f-c177-4eac-b84b-3dbd317e3ade","childs":{"прием":{"_level":1,"parentID":"6291c88f-c177-4eac-b84b-3dbd317e3ade","firstParentID":"f184f751-fcf8-4b4a-bab8-280185ea2125","ID":"f0d56d6b-fd1f-4660-aa33-50183cb12790","childs":{"ручное":{"_level":2,"parentID":"f0d56d6b-fd1f-4660-aa33-50183cb12790","firstParentID":"f184f751-fcf8-4b4a-bab8-280185ea2125","ID":"7b134dce-b9d2-468f-844d-e63cd04e5609","childs":null,"emcosID":null,"emcosMLID":null,"codTEP":null,"WSName":"PS","rangeAddress":"$X$13:$X$49","headAddress":"$X$13","bodyAddress":"$X$14:$X$49","_name":"ручное"}},"emcosID":null,"emcosMLID":null,"codTEP":null,"WSName":"PS","rangeAddress":"$X$12:$X$49","headAddress":"$X$12","bodyAddress":"$X$13:$X$49","_name":"прием"}},"emcosID":null,"emcosMLID":null,"codTEP":null,"WSName":"PS","rangeAddress":"$X$11:$X$49","headAddress":"$X$11","bodyAddress":"$X$12:$X$49","_name":"потребление ЖД Общее"},"DB":{"_level":0,"parentID":"f184f751-fcf8-4b4a-bab8-280185ea2125","firstParentID":"f184f751-fcf8-4b4a-bab8-280185ea2125","ID":"56d47110-2ade-4146-b3d2-76c53b5d6b2e","childs":{"прием":{"_level":1,"parentID":"56d47110-2ade-4146-b3d2-76c53b5d6b2e","firstParentID":"f184f751-fcf8-4b4a-bab8-280185ea2125","ID":"cf0cc58f-5814-4c42-bfc9-5d4f0fad0fa4","childs":{"код":{"_level":2,"parentID":"cf0cc58f-5814-4c42-bfc9-5d4f0fad0fa4","firstParentID":"f184f751-fcf8-4b4a-bab8-280185ea2125","ID":"63217756-f4ca-4dd1-949d-c655219ce87f","childs":null,"emcosID":null,"emcosMLID":null,"codTEP":null,"WSName":"DB","rangeAddress":"$BH$138:$BH$175","headAddress":"$BH$138","bodyAddress":"$BH$139:$BH$175","_name":"код"},"основное":{"_level":2,"parentID":"cf0cc58f-5814-4c42-bfc9-5d4f0fad0fa4","firstParentID":"f184f751-fcf8-4b4a-bab8-280185ea2125","ID":"5dbf0c0a-2aee-432c-bbbb-3663bf5e1b2a","childs":null,"emcosID":null,"emcosMLID":null,"codTEP":null,"WSName":"DB","rangeAddress":"$BI$138:$BI$175","headAddress":"$BI$138","bodyAddress":"$BI$139:$BI$175","_name":"основное"},"корректировка факт":{"_level":2,"parentID":"cf0cc58f-5814-4c42-bfc9-5d4f0fad0fa4","firstParentID":"f184f751-fcf8-4b4a-bab8-280185ea2125","ID":"f6e7ba59-6d8f-4026-9af9-f965f1c48d41","childs":null,"emcosID":null,"emcosMLID":null,"codTEP":null,"WSName":"DB","rangeAddress":"$BJ$138:$BJ$175","headAddress":"$BJ$138","bodyAddress":"$BJ$139:$BJ$175","_name":"корректировка факт"},"ручное":{"_level":2,"parentID":"cf0cc58f-5814-4c42-bfc9-5d4f0fad0fa4","firstParentID":"f184f751-fcf8-4b4a-bab8-280185ea2125","ID":"d3b08ec2-2a53-4e1c-afb7-06c777e093ac","childs":null,"emcosID":null,"emcosMLID":null,"codTEP":null,"WSName":"DB","rangeAddress":"$BK$138:$BK$175","headAddress":"$BK$138","bodyAddress":"$BK$139:$BK$175","_name":"ручное"}},"emcosID":null,"emcosMLID":null,"codTEP":null,"WSName":"DB","rangeAddress":"$BH$137:$BK$175","headAddress":"$BH$137:$BK$137","bodyAddress":"$BH$138:$BK$175","_name":"прием"}},"emcosID":null,"emcosMLID":null,"codTEP":null,"WSName":"DB","rangeAddress":"$BH$136:$BK$175","headAddress":"$BH$136:$BK$136","bodyAddress":"$BH$137:$BK$175","_name":"потребление ЖД Общее"}},"codPlan":null,"meterCoef":null,"_name":"потребление ЖД Общее"}