{"ID":"f43d5096-38f8-4cb1-8490-4d2c0e174d5a","childs":{"PS":{"_level":0,"parentID":"f43d5096-38f8-4cb1-8490-4d2c0e174d5a","firstParentID":"f43d5096-38f8-4cb1-8490-4d2c0e174d5a","ID":"dda2e689-de90-4720-8e51-e0711f6ff0be","childs":{"прием":{"_level":1,"parentID":"dda2e689-de90-4720-8e51-e0711f6ff0be","firstParentID":"f43d5096-38f8-4cb1-8490-4d2c0e174d5a","ID":"10c9a904-eeb8-4226-9fb4-399e53f3356e","childs":{"формула":{"_level":2,"parentID":"10c9a904-eeb8-4226-9fb4-399e53f3356e","firstParentID":"f43d5096-38f8-4cb1-8490-4d2c0e174d5a","ID":"f203127e-1ecf-4903-a8f3-5a31140d71bc","childs":null,"emcosID":null,"emcosMLID":null,"codTEP":null,"WSName":"PS","rangeAddress":"$C$185:$C$221","headAddress":"$C$185","bodyAddress":"$C$186:$C$221","_name":"формула"}},"emcosID":null,"emcosMLID":null,"codTEP":null,"WSName":"PS","rangeAddress":"$C$184:$C$221","headAddress":"$C$184","bodyAddress":"$C$185:$C$221","_name":"прием"}},"emcosID":null,"emcosMLID":null,"codTEP":null,"WSName":"PS","rangeAddress":"$C$183:$C$221","headAddress":"$C$183","bodyAddress":"$C$184:$C$221","_name":"Потребление ЭЧ22"},"DB":{"_level":0,"parentID":"f43d5096-38f8-4cb1-8490-4d2c0e174d5a","firstParentID":"f43d5096-38f8-4cb1-8490-4d2c0e174d5a","ID":"943345c2-d01c-4b03-a143-f57307332dda","childs":{"прием":{"_level":1,"parentID":"943345c2-d01c-4b03-a143-f57307332dda","firstParentID":"f43d5096-38f8-4cb1-8490-4d2c0e174d5a","ID":"22e60f5f-fdd7-41bf-988e-d7cdcf6acc67","childs":{"код":{"_level":2,"parentID":"22e60f5f-fdd7-41bf-988e-d7cdcf6acc67","firstParentID":"f43d5096-38f8-4cb1-8490-4d2c0e174d5a","ID":"151185a4-2bd4-4de8-831e-f01cc4d66eb2","childs":null,"emcosID":null,"emcosMLID":null,"codTEP":null,"WSName":"DB","rangeAddress":"$AP$138:$AP$175","headAddress":"$AP$138","bodyAddress":"$AP$139:$AP$175","_name":"код"},"основное":{"_level":2,"parentID":"22e60f5f-fdd7-41bf-988e-d7cdcf6acc67","firstParentID":"f43d5096-38f8-4cb1-8490-4d2c0e174d5a","ID":"e3786116-bc64-4493-90fa-d3d3bf7aa027","childs":null,"emcosID":null,"emcosMLID":null,"codTEP":null,"WSName":"DB","rangeAddress":"$AQ$138:$AQ$175","headAddress":"$AQ$138","bodyAddress":"$AQ$139:$AQ$175","_name":"основное"},"корректировка факт":{"_level":2,"parentID":"22e60f5f-fdd7-41bf-988e-d7cdcf6acc67","firstParentID":"f43d5096-38f8-4cb1-8490-4d2c0e174d5a","ID":"8c76e311-312d-489a-aa88-1ff7cf3c6892","childs":null,"emcosID":null,"emcosMLID":null,"codTEP":null,"WSName":"DB","rangeAddress":"$AR$138:$AR$175","headAddress":"$AR$138","bodyAddress":"$AR$139:$AR$175","_name":"корректировка факт"},"ручное":{"_level":2,"parentID":"22e60f5f-fdd7-41bf-988e-d7cdcf6acc67","firstParentID":"f43d5096-38f8-4cb1-8490-4d2c0e174d5a","ID":"050002cb-e50b-4b43-8783-3c73641b421a","childs":null,"emcosID":null,"emcosMLID":null,"codTEP":null,"WSName":"DB","rangeAddress":"$AS$138:$AS$175","headAddress":"$AS$138","bodyAddress":"$AS$139:$AS$175","_name":"ручное"},"формула":{"_level":2,"parentID":"22e60f5f-fdd7-41bf-988e-d7cdcf6acc67","firstParentID":"f43d5096-38f8-4cb1-8490-4d2c0e174d5a","ID":"0f2a2fc4-f076-46fc-9fe9-3eaec080bf5c","childs":null,"emcosID":null,"emcosMLID":null,"codTEP":null,"WSName":"DB","rangeAddress":"$AT$138:$AT$175","headAddress":"$AT$138","bodyAddress":"$AT$139:$AT$175","_name":"формула"}},"emcosID":null,"emcosMLID":null,"codTEP":null,"WSName":"DB","rangeAddress":"$AP$137:$AT$175","headAddress":"$AP$137:$AT$137","bodyAddress":"$AP$138:$AT$175","_name":"прием"}},"emcosID":null,"emcosMLID":null,"codTEP":null,"WSName":"DB","rangeAddress":"$AP$136:$AT$175","headAddress":"$AP$136:$AT$136","bodyAddress":"$AP$137:$AT$175","_name":"Потребление ЭЧ22"}},"codPlan":null,"meterCoef":null,"_name":"Потребление ЭЧ22"}