{"ID":"f7787429-a34d-42fc-95b1-96c4a76a3325","childs":{"PS":{"_level":0,"parentID":"f7787429-a34d-42fc-95b1-96c4a76a3325","firstParentID":"f7787429-a34d-42fc-95b1-96c4a76a3325","ID":"c4c248b1-c26c-4242-b0d9-7992c6072672","childs":{"прием":{"_level":1,"parentID":"c4c248b1-c26c-4242-b0d9-7992c6072672","firstParentID":"f7787429-a34d-42fc-95b1-96c4a76a3325","ID":"385d5b11-038d-438b-8334-6d587f3f3478","childs":{"по счетчику":{"_level":2,"parentID":"385d5b11-038d-438b-8334-6d587f3f3478","firstParentID":"f7787429-a34d-42fc-95b1-96c4a76a3325","ID":"ef98e838-d024-4294-ac64-bbb48e53ae74","childs":null,"emcosID":null,"emcosMLID":null,"WSName":"PS","rangeAddress":"$BI$56:$BI$92","headAddress":"$BI$56","bodyAddress":"$BI$57:$BI$92","_name":"по счетчику"}},"emcosID":null,"emcosMLID":null,"WSName":"PS","rangeAddress":"$BI$55:$BI$92","headAddress":"$BI$55","bodyAddress":"$BI$56:$BI$92","_name":"прием"},"отдача":{"_level":1,"parentID":"c4c248b1-c26c-4242-b0d9-7992c6072672","firstParentID":"f7787429-a34d-42fc-95b1-96c4a76a3325","ID":"2160f67f-b310-47a5-924b-81b3674347e4","childs":{"по счетчику":{"_level":2,"parentID":"2160f67f-b310-47a5-924b-81b3674347e4","firstParentID":"f7787429-a34d-42fc-95b1-96c4a76a3325","ID":"1657e62b-71ba-4ecc-8323-a7ae3566c827","childs":null,"emcosID":null,"emcosMLID":null,"WSName":"PS","rangeAddress":"$BJ$56:$BJ$92","headAddress":"$BJ$56","bodyAddress":"$BJ$57:$BJ$92","_name":"по счетчику"}},"emcosID":null,"emcosMLID":null,"WSName":"PS","rangeAddress":"$BJ$55:$BJ$92","headAddress":"$BJ$55","bodyAddress":"$BJ$56:$BJ$92","_name":"отдача"}},"emcosID":null,"emcosMLID":null,"WSName":"PS","rangeAddress":"$BI$54:$BJ$92","headAddress":"$BI$54:$BJ$54","bodyAddress":"$BI$55:$BJ$92","_name":"Л2713 Шу"},"DB":{"_level":0,"parentID":"f7787429-a34d-42fc-95b1-96c4a76a3325","firstParentID":"f7787429-a34d-42fc-95b1-96c4a76a3325","ID":"ae83b42d-121b-42e1-9729-64f5c3c85c3b","childs":{"прием":{"_level":1,"parentID":"ae83b42d-121b-42e1-9729-64f5c3c85c3b","firstParentID":"f7787429-a34d-42fc-95b1-96c4a76a3325","ID":"0f7f98de-03a3-483c-bf13-2936d6853ff2","childs":{"код":{"_level":2,"parentID":"0f7f98de-03a3-483c-bf13-2936d6853ff2","firstParentID":"f7787429-a34d-42fc-95b1-96c4a76a3325","ID":"3af95680-7b4a-49bd-b873-d8051c23a316","childs":null,"emcosID":null,"emcosMLID":null,"WSName":"DB","rangeAddress":"$JS$267:$JS$304","headAddress":"$JS$267","bodyAddress":"$JS$268:$JS$304","_name":"код"},"основное":{"_level":2,"parentID":"0f7f98de-03a3-483c-bf13-2936d6853ff2","firstParentID":"f7787429-a34d-42fc-95b1-96c4a76a3325","ID":"fe7bb453-a725-46cc-9551-27249388816c","childs":null,"emcosID":null,"emcosMLID":null,"WSName":"DB","rangeAddress":"$JT$267:$JT$304","headAddress":"$JT$267","bodyAddress":"$JT$268:$JT$304","_name":"основное"},"корректировка факт":{"_level":2,"parentID":"0f7f98de-03a3-483c-bf13-2936d6853ff2","firstParentID":"f7787429-a34d-42fc-95b1-96c4a76a3325","ID":"24846ec6-9165-42b3-acc1-f0128b0aa9cf","childs":null,"emcosID":null,"emcosMLID":null,"WSName":"DB","rangeAddress":"$JU$267:$JU$304","headAddress":"$JU$267","bodyAddress":"$JU$268:$JU$304","_name":"корректировка факт"},"ручное":{"_level":2,"parentID":"0f7f98de-03a3-483c-bf13-2936d6853ff2","firstParentID":"f7787429-a34d-42fc-95b1-96c4a76a3325","ID":"8fa50a83-bcf0-414c-8a4b-b07c9ed354f7","childs":null,"emcosID":null,"emcosMLID":null,"WSName":"DB","rangeAddress":"$JV$267:$JV$304","headAddress":"$JV$267","bodyAddress":"$JV$268:$JV$304","_name":"ручное"},"счетчик":{"_level":2,"parentID":"0f7f98de-03a3-483c-bf13-2936d6853ff2","firstParentID":"f7787429-a34d-42fc-95b1-96c4a76a3325","ID":"53549730-d91d-43d5-aa92-43deb04b8584","childs":null,"emcosID":null,"emcosMLID":null,"WSName":"DB","rangeAddress":"$JW$267:$JW$304","headAddress":"$JW$267","bodyAddress":"$JW$268:$JW$304","_name":"счетчик"},"по счетчику":{"_level":2,"parentID":"0f7f98de-03a3-483c-bf13-2936d6853ff2","firstParentID":"f7787429-a34d-42fc-95b1-96c4a76a3325","ID":"e5ff4af6-313d-45aa-bd91-566eaecc5881","childs":null,"emcosID":null,"emcosMLID":null,"WSName":"DB","rangeAddress":"$JX$267:$JX$304","headAddress":"$JX$267","bodyAddress":"$JX$268:$JX$304","_name":"по счетчику"}},"emcosID":null,"emcosMLID":null,"WSName":"DB","rangeAddress":"$JS$266:$JX$304","headAddress":"$JS$266:$JX$266","bodyAddress":"$JS$267:$JX$304","_name":"прием"},"отдача":{"_level":1,"parentID":"ae83b42d-121b-42e1-9729-64f5c3c85c3b","firstParentID":"f7787429-a34d-42fc-95b1-96c4a76a3325","ID":"e104c1a2-810e-4d2b-8a00-8783c3868785","childs":{"код":{"_level":2,"parentID":"e104c1a2-810e-4d2b-8a00-8783c3868785","firstParentID":"f7787429-a34d-42fc-95b1-96c4a76a3325","ID":"387e463b-a796-41b2-8a53-ff6f4d742637","childs":null,"emcosID":null,"emcosMLID":null,"WSName":"DB","rangeAddress":"$JY$267:$JY$304","headAddress":"$JY$267","bodyAddress":"$JY$268:$JY$304","_name":"код"},"основное":{"_level":2,"parentID":"e104c1a2-810e-4d2b-8a00-8783c3868785","firstParentID":"f7787429-a34d-42fc-95b1-96c4a76a3325","ID":"2548230a-4806-4c39-8ea5-3d8aeb572d11","childs":null,"emcosID":null,"emcosMLID":null,"WSName":"DB","rangeAddress":"$JZ$267:$JZ$304","headAddress":"$JZ$267","bodyAddress":"$JZ$268:$JZ$304","_name":"основное"},"корректировка факт":{"_level":2,"parentID":"e104c1a2-810e-4d2b-8a00-8783c3868785","firstParentID":"f7787429-a34d-42fc-95b1-96c4a76a3325","ID":"8c1610cf-b22d-4049-aa61-4d165d4be627","childs":null,"emcosID":null,"emcosMLID":null,"WSName":"DB","rangeAddress":"$KA$267:$KA$304","headAddress":"$KA$267","bodyAddress":"$KA$268:$KA$304","_name":"корректировка факт"},"ручное":{"_level":2,"parentID":"e104c1a2-810e-4d2b-8a00-8783c3868785","firstParentID":"f7787429-a34d-42fc-95b1-96c4a76a3325","ID":"200f96b6-2c48-4ddb-b983-a35fa80ef735","childs":null,"emcosID":null,"emcosMLID":null,"WSName":"DB","rangeAddress":"$KB$267:$KB$304","headAddress":"$KB$267","bodyAddress":"$KB$268:$KB$304","_name":"ручное"},"счетчик":{"_level":2,"parentID":"e104c1a2-810e-4d2b-8a00-8783c3868785","firstParentID":"f7787429-a34d-42fc-95b1-96c4a76a3325","ID":"28f8f78d-2c33-4acc-a2fe-b8dedac8085d","childs":null,"emcosID":null,"emcosMLID":null,"WSName":"DB","rangeAddress":"$KC$267:$KC$304","headAddress":"$KC$267","bodyAddress":"$KC$268:$KC$304","_name":"счетчик"},"по счетчику":{"_level":2,"parentID":"e104c1a2-810e-4d2b-8a00-8783c3868785","firstParentID":"f7787429-a34d-42fc-95b1-96c4a76a3325","ID":"a3160abc-1bd1-4384-8787-0c0f957e1eda","childs":null,"emcosID":null,"emcosMLID":null,"WSName":"DB","rangeAddress":"$KD$267:$KD$304","headAddress":"$KD$267","bodyAddress":"$KD$268:$KD$304","_name":"по счетчику"}},"emcosID":null,"emcosMLID":null,"WSName":"DB","rangeAddress":"$JY$266:$KD$304","headAddress":"$JY$266:$KD$266","bodyAddress":"$JY$267:$KD$304","_name":"отдача"}},"emcosID":null,"emcosMLID":null,"WSName":"DB","rangeAddress":"$JS$265:$KD$304","headAddress":"$JS$265:$KD$265","bodyAddress":"$JS$266:$KD$304","_name":"Л2713 Шу"}},"codPlan":null,"meterCoef":null,"_name":"Л2713 Шу"}