{"ID":"fb3561d9-208f-4948-8a39-1801a14a182b","childs":{"PS":{"_level":0,"parentID":"fb3561d9-208f-4948-8a39-1801a14a182b","firstParentID":"fb3561d9-208f-4948-8a39-1801a14a182b","ID":"008a3f87-c911-4766-820d-c924354a7f5e","childs":{"прием":{"_level":1,"parentID":"008a3f87-c911-4766-820d-c924354a7f5e","firstParentID":"fb3561d9-208f-4948-8a39-1801a14a182b","ID":"4f181bbf-c0c5-4bdd-9507-61e13a0760ab","childs":{"ручное":{"_level":2,"parentID":"4f181bbf-c0c5-4bdd-9507-61e13a0760ab","firstParentID":"fb3561d9-208f-4948-8a39-1801a14a182b","ID":"0c2fd44d-9801-4b4a-892b-53c41903a48a","childs":null,"emcosID":null,"emcosMLID":null,"codTEP":null,"WSName":"PS","rangeAddress":"$CY$99:$CY$135","headAddress":"$CY$99","bodyAddress":"$CY$100:$CY$135","_name":"ручное"}},"emcosID":null,"emcosMLID":null,"codTEP":null,"WSName":"PS","rangeAddress":"$CY$98:$CY$135","headAddress":"$CY$98","bodyAddress":"$CY$99:$CY$135","_name":"прием"},"отдача":{"_level":1,"parentID":"008a3f87-c911-4766-820d-c924354a7f5e","firstParentID":"fb3561d9-208f-4948-8a39-1801a14a182b","ID":"f08564c0-fe4b-4f1a-b5f3-d3dc31fc9212","childs":{"ручное":{"_level":2,"parentID":"f08564c0-fe4b-4f1a-b5f3-d3dc31fc9212","firstParentID":"fb3561d9-208f-4948-8a39-1801a14a182b","ID":"e5fddd52-4606-460f-bb9d-948b6b145b79","childs":null,"emcosID":null,"emcosMLID":null,"codTEP":null,"WSName":"PS","rangeAddress":"$CZ$99:$CZ$135","headAddress":"$CZ$99","bodyAddress":"$CZ$100:$CZ$135","_name":"ручное"}},"emcosID":null,"emcosMLID":null,"codTEP":null,"WSName":"PS","rangeAddress":"$CZ$98:$CZ$135","headAddress":"$CZ$98","bodyAddress":"$CZ$99:$CZ$135","_name":"отдача"}},"emcosID":null,"emcosMLID":null,"codTEP":null,"WSName":"PS","rangeAddress":"$CY$97:$CZ$135","headAddress":"$CY$97:$CZ$97","bodyAddress":"$CY$98:$CZ$135","_name":"Л2153 АХБК 7А"},"DB":{"_level":0,"parentID":"fb3561d9-208f-4948-8a39-1801a14a182b","firstParentID":"fb3561d9-208f-4948-8a39-1801a14a182b","ID":"26dc41a5-24d4-463c-8f36-719225d7c1ab","childs":{"прием":{"_level":1,"parentID":"26dc41a5-24d4-463c-8f36-719225d7c1ab","firstParentID":"fb3561d9-208f-4948-8a39-1801a14a182b","ID":"f9f80289-5b00-4f4c-b89c-57c306243250","childs":{"код":{"_level":2,"parentID":"f9f80289-5b00-4f4c-b89c-57c306243250","firstParentID":"fb3561d9-208f-4948-8a39-1801a14a182b","ID":"0eec96a9-6f74-4530-9dd3-0bf2248fbeb7","childs":null,"emcosID":null,"emcosMLID":null,"codTEP":null,"WSName":"DB","rangeAddress":"$GR$95:$GR$132","headAddress":"$GR$95","bodyAddress":"$GR$96:$GR$132","_name":"код"},"основное":{"_level":2,"parentID":"f9f80289-5b00-4f4c-b89c-57c306243250","firstParentID":"fb3561d9-208f-4948-8a39-1801a14a182b","ID":"4d7646bb-18e1-4962-99d0-30b3d180996f","childs":null,"emcosID":null,"emcosMLID":null,"codTEP":null,"WSName":"DB","rangeAddress":"$GS$95:$GS$132","headAddress":"$GS$95","bodyAddress":"$GS$96:$GS$132","_name":"основное"},"корректировка факт":{"_level":2,"parentID":"f9f80289-5b00-4f4c-b89c-57c306243250","firstParentID":"fb3561d9-208f-4948-8a39-1801a14a182b","ID":"01cb962e-dd47-40b6-9520-ca4f536a039d","childs":null,"emcosID":null,"emcosMLID":null,"codTEP":null,"WSName":"DB","rangeAddress":"$GT$95:$GT$132","headAddress":"$GT$95","bodyAddress":"$GT$96:$GT$132","_name":"корректировка факт"},"ручное":{"_level":2,"parentID":"f9f80289-5b00-4f4c-b89c-57c306243250","firstParentID":"fb3561d9-208f-4948-8a39-1801a14a182b","ID":"bbbb3a41-d261-4a3e-8e12-8be530c9a876","childs":null,"emcosID":null,"emcosMLID":null,"codTEP":null,"WSName":"DB","rangeAddress":"$GU$95:$GU$132","headAddress":"$GU$95","bodyAddress":"$GU$96:$GU$132","_name":"ручное"}},"emcosID":null,"emcosMLID":null,"codTEP":null,"WSName":"DB","rangeAddress":"$GR$94:$GU$132","headAddress":"$GR$94:$GU$94","bodyAddress":"$GR$95:$GU$132","_name":"прием"},"отдача":{"_level":1,"parentID":"26dc41a5-24d4-463c-8f36-719225d7c1ab","firstParentID":"fb3561d9-208f-4948-8a39-1801a14a182b","ID":"86c8196b-2124-4830-a783-e130bf70c94b","childs":{"код":{"_level":2,"parentID":"86c8196b-2124-4830-a783-e130bf70c94b","firstParentID":"fb3561d9-208f-4948-8a39-1801a14a182b","ID":"9865d46b-563d-41dd-8b37-c98cd8e1f957","childs":null,"emcosID":null,"emcosMLID":null,"codTEP":null,"WSName":"DB","rangeAddress":"$GV$95:$GV$132","headAddress":"$GV$95","bodyAddress":"$GV$96:$GV$132","_name":"код"},"основное":{"_level":2,"parentID":"86c8196b-2124-4830-a783-e130bf70c94b","firstParentID":"fb3561d9-208f-4948-8a39-1801a14a182b","ID":"70d00ecd-8839-439e-9cb7-979e2e92ebdc","childs":null,"emcosID":null,"emcosMLID":null,"codTEP":null,"WSName":"DB","rangeAddress":"$GW$95:$GW$132","headAddress":"$GW$95","bodyAddress":"$GW$96:$GW$132","_name":"основное"},"корректировка факт":{"_level":2,"parentID":"86c8196b-2124-4830-a783-e130bf70c94b","firstParentID":"fb3561d9-208f-4948-8a39-1801a14a182b","ID":"a26f77df-daac-4da4-9d45-112ed4af49d7","childs":null,"emcosID":null,"emcosMLID":null,"codTEP":null,"WSName":"DB","rangeAddress":"$GX$95:$GX$132","headAddress":"$GX$95","bodyAddress":"$GX$96:$GX$132","_name":"корректировка факт"},"ручное":{"_level":2,"parentID":"86c8196b-2124-4830-a783-e130bf70c94b","firstParentID":"fb3561d9-208f-4948-8a39-1801a14a182b","ID":"e3e772d7-0bd4-4d94-8a08-bfbcfccdeb2f","childs":null,"emcosID":null,"emcosMLID":null,"codTEP":null,"WSName":"DB","rangeAddress":"$GY$95:$GY$132","headAddress":"$GY$95","bodyAddress":"$GY$96:$GY$132","_name":"ручное"}},"emcosID":null,"emcosMLID":null,"codTEP":null,"WSName":"DB","rangeAddress":"$GV$94:$GY$132","headAddress":"$GV$94:$GY$94","bodyAddress":"$GV$95:$GY$132","_name":"отдача"}},"emcosID":null,"emcosMLID":null,"codTEP":null,"WSName":"DB","rangeAddress":"$GR$93:$GY$132","headAddress":"$GR$93:$GY$93","bodyAddress":"$GR$94:$GY$132","_name":"Л2153 АХБК 7А"}},"codPlan":null,"meterCoef":null,"_name":"Л2153 АХБК 7А"}