{"ID":"fd753a44-25ff-4084-9a0b-85bfb2bf2350","childs":{"PS":{"_level":0,"parentID":"fd753a44-25ff-4084-9a0b-85bfb2bf2350","firstParentID":"fd753a44-25ff-4084-9a0b-85bfb2bf2350","ID":"18f6a395-ff0e-44cc-b0cd-bb12966aceac","childs":{"прием":{"_level":1,"parentID":"18f6a395-ff0e-44cc-b0cd-bb12966aceac","firstParentID":"fd753a44-25ff-4084-9a0b-85bfb2bf2350","ID":"31d7029a-2817-4a1e-be74-4ca8f2aaa0dc","childs":{"аскуэ":{"_level":2,"parentID":"31d7029a-2817-4a1e-be74-4ca8f2aaa0dc","firstParentID":"fd753a44-25ff-4084-9a0b-85bfb2bf2350","ID":"94efee37-9f85-4b5d-9e98-c127a2a20ba4","childs":null,"emcosID":null,"emcosMLID":null,"codTEP":null,"WSName":"PS","rangeAddress":"$BA$56:$BA$92","headAddress":"$BA$56","bodyAddress":"$BA$57:$BA$92","_name":"аскуэ"}},"emcosID":null,"emcosMLID":null,"codTEP":null,"WSName":"PS","rangeAddress":"$BA$55:$BA$92","headAddress":"$BA$55","bodyAddress":"$BA$56:$BA$92","_name":"прием"},"отдача":{"_level":1,"parentID":"18f6a395-ff0e-44cc-b0cd-bb12966aceac","firstParentID":"fd753a44-25ff-4084-9a0b-85bfb2bf2350","ID":"e64073cf-749c-43b8-8671-aaf5e894bd77","childs":{"аскуэ":{"_level":2,"parentID":"e64073cf-749c-43b8-8671-aaf5e894bd77","firstParentID":"fd753a44-25ff-4084-9a0b-85bfb2bf2350","ID":"9b80ae23-71ea-4612-9ea6-8240651b21ec","childs":null,"emcosID":null,"emcosMLID":null,"codTEP":null,"WSName":"PS","rangeAddress":"$BB$56:$BB$92","headAddress":"$BB$56","bodyAddress":"$BB$57:$BB$92","_name":"аскуэ"}},"emcosID":null,"emcosMLID":null,"codTEP":null,"WSName":"PS","rangeAddress":"$BB$55:$BB$92","headAddress":"$BB$55","bodyAddress":"$BB$56:$BB$92","_name":"отдача"}},"emcosID":null,"emcosMLID":null,"codTEP":null,"WSName":"PS","rangeAddress":"$BA$54:$BB$92","headAddress":"$BA$54:$BB$54","bodyAddress":"$BA$55:$BB$92","_name":"Л135А Шу"},"DB":{"_level":0,"parentID":"fd753a44-25ff-4084-9a0b-85bfb2bf2350","firstParentID":"fd753a44-25ff-4084-9a0b-85bfb2bf2350","ID":"62bddf7d-841a-404b-a3de-8e56d817399c","childs":{"прием":{"_level":1,"parentID":"62bddf7d-841a-404b-a3de-8e56d817399c","firstParentID":"fd753a44-25ff-4084-9a0b-85bfb2bf2350","ID":"f0f48db9-e09d-4b49-9627-6a69c7cb4e76","childs":{"код":{"_level":2,"parentID":"f0f48db9-e09d-4b49-9627-6a69c7cb4e76","firstParentID":"fd753a44-25ff-4084-9a0b-85bfb2bf2350","ID":"fcf1633e-6f69-46a2-b69e-0e7ad24d7ee3","childs":null,"emcosID":null,"emcosMLID":null,"codTEP":null,"WSName":"DB","rangeAddress":"$BD$224:$BD$261","headAddress":"$BD$224","bodyAddress":"$BD$225:$BD$261","_name":"код"},"основное":{"_level":2,"parentID":"f0f48db9-e09d-4b49-9627-6a69c7cb4e76","firstParentID":"fd753a44-25ff-4084-9a0b-85bfb2bf2350","ID":"9ed41927-537d-43ec-947b-cf19bf447b2d","childs":null,"emcosID":null,"emcosMLID":null,"codTEP":null,"WSName":"DB","rangeAddress":"$BE$224:$BE$261","headAddress":"$BE$224","bodyAddress":"$BE$225:$BE$261","_name":"основное"},"корректировка факт":{"_level":2,"parentID":"f0f48db9-e09d-4b49-9627-6a69c7cb4e76","firstParentID":"fd753a44-25ff-4084-9a0b-85bfb2bf2350","ID":"7c317565-8238-4002-b1a4-d97c29f85575","childs":null,"emcosID":null,"emcosMLID":null,"codTEP":null,"WSName":"DB","rangeAddress":"$BF$224:$BF$261","headAddress":"$BF$224","bodyAddress":"$BF$225:$BF$261","_name":"корректировка факт"},"ручное":{"_level":2,"parentID":"f0f48db9-e09d-4b49-9627-6a69c7cb4e76","firstParentID":"fd753a44-25ff-4084-9a0b-85bfb2bf2350","ID":"718e6ede-786f-4a93-8b80-10913cf73799","childs":null,"emcosID":null,"emcosMLID":null,"codTEP":null,"WSName":"DB","rangeAddress":"$BG$224:$BG$261","headAddress":"$BG$224","bodyAddress":"$BG$225:$BG$261","_name":"ручное"},"счетчик":{"_level":2,"parentID":"f0f48db9-e09d-4b49-9627-6a69c7cb4e76","firstParentID":"fd753a44-25ff-4084-9a0b-85bfb2bf2350","ID":"e38994fe-f89b-42f5-bb5f-6fe5fe1eb299","childs":null,"emcosID":null,"emcosMLID":null,"codTEP":null,"WSName":"DB","rangeAddress":"$BH$224:$BH$261","headAddress":"$BH$224","bodyAddress":"$BH$225:$BH$261","_name":"счетчик"},"по счетчику":{"_level":2,"parentID":"f0f48db9-e09d-4b49-9627-6a69c7cb4e76","firstParentID":"fd753a44-25ff-4084-9a0b-85bfb2bf2350","ID":"0b8ba932-1378-4184-8820-853b2f9f0ea0","childs":null,"emcosID":null,"emcosMLID":null,"codTEP":null,"WSName":"DB","rangeAddress":"$BI$224:$BI$261","headAddress":"$BI$224","bodyAddress":"$BI$225:$BI$261","_name":"по счетчику"},"аскуэ":{"_level":2,"parentID":"f0f48db9-e09d-4b49-9627-6a69c7cb4e76","firstParentID":"fd753a44-25ff-4084-9a0b-85bfb2bf2350","ID":"60a11e3b-2318-4365-824b-16cc5fc90ae0","childs":null,"emcosID":null,"emcosMLID":null,"codTEP":null,"WSName":"DB","rangeAddress":"$BJ$224:$BJ$261","headAddress":"$BJ$224","bodyAddress":"$BJ$225:$BJ$261","_name":"аскуэ"}},"emcosID":414,"emcosMLID":386,"codTEP":null,"WSName":"DB","rangeAddress":"$BD$223:$BJ$261","headAddress":"$BD$223:$BJ$223","bodyAddress":"$BD$224:$BJ$261","_name":"прием"},"отдача":{"_level":1,"parentID":"62bddf7d-841a-404b-a3de-8e56d817399c","firstParentID":"fd753a44-25ff-4084-9a0b-85bfb2bf2350","ID":"8133e98e-1f3d-48a8-8183-f6d4f103982f","childs":{"код":{"_level":2,"parentID":"8133e98e-1f3d-48a8-8183-f6d4f103982f","firstParentID":"fd753a44-25ff-4084-9a0b-85bfb2bf2350","ID":"7b5f8192-1594-4a37-a9b2-6e282f3d85fa","childs":null,"emcosID":null,"emcosMLID":null,"codTEP":null,"WSName":"DB","rangeAddress":"$BK$224:$BK$261","headAddress":"$BK$224","bodyAddress":"$BK$225:$BK$261","_name":"код"},"основное":{"_level":2,"parentID":"8133e98e-1f3d-48a8-8183-f6d4f103982f","firstParentID":"fd753a44-25ff-4084-9a0b-85bfb2bf2350","ID":"be174d53-bef4-4d18-8402-cf4abcb92b9c","childs":null,"emcosID":null,"emcosMLID":null,"codTEP":null,"WSName":"DB","rangeAddress":"$BL$224:$BL$261","headAddress":"$BL$224","bodyAddress":"$BL$225:$BL$261","_name":"основное"},"корректировка факт":{"_level":2,"parentID":"8133e98e-1f3d-48a8-8183-f6d4f103982f","firstParentID":"fd753a44-25ff-4084-9a0b-85bfb2bf2350","ID":"98cdf67b-a6c8-4ee6-97c0-b622dcad3695","childs":null,"emcosID":null,"emcosMLID":null,"codTEP":null,"WSName":"DB","rangeAddress":"$BM$224:$BM$261","headAddress":"$BM$224","bodyAddress":"$BM$225:$BM$261","_name":"корректировка факт"},"ручное":{"_level":2,"parentID":"8133e98e-1f3d-48a8-8183-f6d4f103982f","firstParentID":"fd753a44-25ff-4084-9a0b-85bfb2bf2350","ID":"8f8542f7-f5f6-47d0-bbbb-ec0c2f142ba9","childs":null,"emcosID":null,"emcosMLID":null,"codTEP":null,"WSName":"DB","rangeAddress":"$BN$224:$BN$261","headAddress":"$BN$224","bodyAddress":"$BN$225:$BN$261","_name":"ручное"},"счетчик":{"_level":2,"parentID":"8133e98e-1f3d-48a8-8183-f6d4f103982f","firstParentID":"fd753a44-25ff-4084-9a0b-85bfb2bf2350","ID":"c350056b-88ed-4c2b-8b06-e1e93a97679f","childs":null,"emcosID":null,"emcosMLID":null,"codTEP":null,"WSName":"DB","rangeAddress":"$BO$224:$BO$261","headAddress":"$BO$224","bodyAddress":"$BO$225:$BO$261","_name":"счетчик"},"по счетчику":{"_level":2,"parentID":"8133e98e-1f3d-48a8-8183-f6d4f103982f","firstParentID":"fd753a44-25ff-4084-9a0b-85bfb2bf2350","ID":"869b1f36-31a8-4927-aea5-46cf2a05e2db","childs":null,"emcosID":null,"emcosMLID":null,"codTEP":null,"WSName":"DB","rangeAddress":"$BP$224:$BP$261","headAddress":"$BP$224","bodyAddress":"$BP$225:$BP$261","_name":"по счетчику"},"аскуэ":{"_level":2,"parentID":"8133e98e-1f3d-48a8-8183-f6d4f103982f","firstParentID":"fd753a44-25ff-4084-9a0b-85bfb2bf2350","ID":"85a1ddd7-d269-4508-b523-24cea1f6c7da","childs":null,"emcosID":null,"emcosMLID":null,"codTEP":null,"WSName":"DB","rangeAddress":"$BQ$224:$BQ$261","headAddress":"$BQ$224","bodyAddress":"$BQ$225:$BQ$261","_name":"аскуэ"}},"emcosID":414,"emcosMLID":385,"codTEP":null,"WSName":"DB","rangeAddress":"$BK$223:$BQ$261","headAddress":"$BK$223:$BQ$223","bodyAddress":"$BK$224:$BQ$261","_name":"отдача"}},"emcosID":null,"emcosMLID":null,"codTEP":null,"WSName":"DB","rangeAddress":"$BD$222:$BQ$261","headAddress":"$BD$222:$BQ$222","bodyAddress":"$BD$223:$BQ$261","_name":"Л135А Шу"}},"codPlan":null,"meterCoef":null,"_name":"Л135А Шу"}