{"ID":"fd83bc04-9c16-4592-96bd-e224acefb827","childs":{"PS":{"_level":0,"parentID":"fd83bc04-9c16-4592-96bd-e224acefb827","firstParentID":"fd83bc04-9c16-4592-96bd-e224acefb827","ID":"284ab59d-f089-46be-8e4e-d1a2ab2027ce","childs":{"сальдо":{"_level":1,"parentID":"284ab59d-f089-46be-8e4e-d1a2ab2027ce","firstParentID":"fd83bc04-9c16-4592-96bd-e224acefb827","ID":"6af598ef-1774-4bc2-a8e0-2829eb42c005","childs":{"формула":{"_level":2,"parentID":"6af598ef-1774-4bc2-a8e0-2829eb42c005","firstParentID":"fd83bc04-9c16-4592-96bd-e224acefb827","ID":"268608a5-a27a-467b-a687-9041b3488472","childs":null,"emcosID":null,"emcosMLID":null,"codTEP":null,"WSName":"PS","rangeAddress":"$O$13:$O$49","headAddress":"$O$13","bodyAddress":"$O$14:$O$49","_name":"формула"}},"emcosID":null,"emcosMLID":null,"codTEP":null,"WSName":"PS","rangeAddress":"$O$12:$O$49","headAddress":"$O$12","bodyAddress":"$O$13:$O$49","_name":"сальдо"}},"emcosID":null,"emcosMLID":null,"codTEP":null,"WSName":"PS","rangeAddress":"$O$11:$O$49","headAddress":"$O$11","bodyAddress":"$O$12:$O$49","_name":"Сальдо ЖРЭК Общее"},"DB":{"_level":0,"parentID":"fd83bc04-9c16-4592-96bd-e224acefb827","firstParentID":"fd83bc04-9c16-4592-96bd-e224acefb827","ID":"c0af6c54-9b6c-4167-81d9-5e9c098cf33d","childs":{"сальдо":{"_level":1,"parentID":"c0af6c54-9b6c-4167-81d9-5e9c098cf33d","firstParentID":"fd83bc04-9c16-4592-96bd-e224acefb827","ID":"11d2fe55-710b-4116-8ccc-dbcd304a79c8","childs":{"код":{"_level":2,"parentID":"11d2fe55-710b-4116-8ccc-dbcd304a79c8","firstParentID":"fd83bc04-9c16-4592-96bd-e224acefb827","ID":"4933d0f3-83d8-4985-ad66-a6a914567f3f","childs":null,"emcosID":null,"emcosMLID":null,"codTEP":null,"WSName":"DB","rangeAddress":"$S$181:$S$218","headAddress":"$S$181","bodyAddress":"$S$182:$S$218","_name":"код"},"основное":{"_level":2,"parentID":"11d2fe55-710b-4116-8ccc-dbcd304a79c8","firstParentID":"fd83bc04-9c16-4592-96bd-e224acefb827","ID":"fa3805c5-45b5-48b5-b6fd-207521016b84","childs":null,"emcosID":null,"emcosMLID":null,"codTEP":null,"WSName":"DB","rangeAddress":"$T$181:$T$218","headAddress":"$T$181","bodyAddress":"$T$182:$T$218","_name":"основное"},"корректировка факт":{"_level":2,"parentID":"11d2fe55-710b-4116-8ccc-dbcd304a79c8","firstParentID":"fd83bc04-9c16-4592-96bd-e224acefb827","ID":"f24d273a-28f5-4419-9a7b-198382dc66e4","childs":null,"emcosID":null,"emcosMLID":null,"codTEP":null,"WSName":"DB","rangeAddress":"$U$181:$U$218","headAddress":"$U$181","bodyAddress":"$U$182:$U$218","_name":"корректировка факт"},"ручное":{"_level":2,"parentID":"11d2fe55-710b-4116-8ccc-dbcd304a79c8","firstParentID":"fd83bc04-9c16-4592-96bd-e224acefb827","ID":"7f864294-dff0-4515-a547-7c9325301b4c","childs":null,"emcosID":null,"emcosMLID":null,"codTEP":null,"WSName":"DB","rangeAddress":"$V$181:$V$218","headAddress":"$V$181","bodyAddress":"$V$182:$V$218","_name":"ручное"},"формула":{"_level":2,"parentID":"11d2fe55-710b-4116-8ccc-dbcd304a79c8","firstParentID":"fd83bc04-9c16-4592-96bd-e224acefb827","ID":"082312b2-d40e-4a28-9cd3-b981453617c0","childs":null,"emcosID":null,"emcosMLID":null,"codTEP":null,"WSName":"DB","rangeAddress":"$W$181:$W$218","headAddress":"$W$181","bodyAddress":"$W$182:$W$218","_name":"формула"}},"emcosID":null,"emcosMLID":null,"codTEP":null,"WSName":"DB","rangeAddress":"$S$180:$W$218","headAddress":"$S$180:$W$180","bodyAddress":"$S$181:$W$218","_name":"сальдо"}},"emcosID":null,"emcosMLID":null,"codTEP":null,"WSName":"DB","rangeAddress":"$S$179:$W$218","headAddress":"$S$179:$W$179","bodyAddress":"$S$180:$W$218","_name":"Сальдо ЖРЭК Общее"}},"codPlan":null,"meterCoef":null,"_name":"Сальдо ЖРЭК Общее"}