[{"text":"(","ID":"55b76c90-624a-4753-ae98-f003d842a632","type":1},{"text":"Л5300 ЮКГРЭС прием","ID":"99136ec0-8a18-4f18-afe3-6c2371df6110","type":0},{"text":"+","ID":null,"type":2},{"text":"(","ID":"856f4161-547b-402c-946c-5255c6f1db18","type":1},{"text":"Л5300 Агадырь отдача","ID":"d91ca84c-de1e-4270-b98e-5e8608b75366","type":0},{"text":"-","ID":null,"type":2},{"text":"Л5300 ЮКГРЭС прием","ID":"99136ec0-8a18-4f18-afe3-6c2371df6110","type":0},{"text":")","ID":"856f4161-547b-402c-946c-5255c6f1db18","type":1},{"text":"*","ID":null,"type":2},{"text":"0,312","ID":null,"type":3},{"text":"-","ID":null,"type":2},{"text":"Л5300 ЮКГРЭС отдача","ID":"b965d53e-68df-416d-8600-37c51ba8bf69","type":0},{"text":"+","ID":null,"type":2},{"text":"(","ID":"89507f82-739b-4c97-9e38-0f0ccabf401d","type":1},{"text":"Л5300 ЮКГРЭС отдача","ID":"b965d53e-68df-416d-8600-37c51ba8bf69","type":0},{"text":"-","ID":null,"type":2},{"text":"Л5300 Агадырь прием","ID":"b0816e2f-9af6-4ece-9d8b-b562144a2bcb","type":0},{"text":")","ID":"89507f82-739b-4c97-9e38-0f0ccabf401d","type":1},{"text":"*","ID":null,"type":2},{"text":"0,312","ID":null,"type":3},{"text":")","ID":"55b76c90-624a-4753-ae98-f003d842a632","type":1},{"text":"+","ID":null,"type":2},{"text":"(","ID":"784a8324-f18c-4b37-9b4c-f172ea5ea208","type":1},{"text":"Л5320 ЮКГРЭС прием","ID":"ff90af43-e9dd-4525-aeff-e2c6cb8b2c7d","type":0},{"text":"+","ID":null,"type":2},{"text":"(","ID":"004c94f2-0f10-407d-80c9-cdd1e500c0fb","type":1},{"text":"Л5320 Агадырь отдача","ID":"4a7f2f2c-0c79-46a6-bd8a-6c0e99cf0d90","type":0},{"text":"-","ID":null,"type":2},{"text":"Л5320 ЮКГРЭС прием","ID":"ff90af43-e9dd-4525-aeff-e2c6cb8b2c7d","type":0},{"text":")","ID":"004c94f2-0f10-407d-80c9-cdd1e500c0fb","type":1},{"text":"*","ID":null,"type":2},{"text":"0,312","ID":null,"type":3},{"text":"-","ID":null,"type":2},{"text":"Л5320 ЮКГРЭС отдача","ID":"f0efc28a-806d-432a-b29c-a65bc854d33e","type":0},{"text":"+","ID":null,"type":2},{"text":"(","ID":"858dbf5b-18c9-481e-88bf-d62f33a6e840","type":1},{"text":"Л5320 ЮКГРЭС отдача","ID":"f0efc28a-806d-432a-b29c-a65bc854d33e","type":0},{"text":"-","ID":null,"type":2},{"text":"Л5320 Агадырь прием","ID":"4ab32270-6f07-4df3-8c7e-c6ebc7ebddf5","type":0},{"text":")","ID":"858dbf5b-18c9-481e-88bf-d62f33a6e840","type":1},{"text":"*","ID":null,"type":2},{"text":"0,312","ID":null,"type":3},{"text":")","ID":"784a8324-f18c-4b37-9b4c-f172ea5ea208","type":1},{"text":"+","ID":null,"type":2},{"text":"Сальдо ЖРЭК Общее сальдо","ID":"fa3805c5-45b5-48b5-b6fd-207521016b84","type":0}]