{"ID":"514160fb-5ac9-4446-bce1-5c932bdfb508","childs":{"PS":{"_level":0,"parentID":"514160fb-5ac9-4446-bce1-5c932bdfb508","firstParentID":"514160fb-5ac9-4446-bce1-5c932bdfb508","ID":"7c1b091f-7598-4749-90f6-760191c21a38","childs":{"прием":{"_level":1,"parentID":"7c1b091f-7598-4749-90f6-760191c21a38","firstParentID":"514160fb-5ac9-4446-bce1-5c932bdfb508","ID":"c7108462-5f74-4988-a71e-6b1f7b0adc06","childs":{"по счетчику":{"_level":2,"parentID":"c7108462-5f74-4988-a71e-6b1f7b0adc06","firstParentID":"514160fb-5ac9-4446-bce1-5c932bdfb508","ID":"eca047a3-f3b8-46c0-a52e-d6ad60fb8100","childs":null,"emcosID":null,"emcosMLID":null,"codMaketTEP":null,"codTEP":null,"WSName":"PS","rangeAddress":"$FD$56:$FD$92","headAddress":"$FD$56","bodyAddress":"$FD$57:$FD$92","_name":"по счетчику"},"СЧЕТЧИК":{"_level":2,"parentID":"c7108462-5f74-4988-a71e-6b1f7b0adc06","firstParentID":"514160fb-5ac9-4446-bce1-5c932bdfb508","ID":"a4df5e79-59e8-4568-a8eb-c25a475ac200","childs":null,"emcosID":null,"emcosMLID":null,"codMaketTEP":null,"codTEP":null,"WSName":"PS","rangeAddress":"$FE$56:$FE$92","headAddress":"$FE$56","bodyAddress":"$FE$57:$FE$92","_name":"СЧЕТЧИК"}},"emcosID":null,"emcosMLID":null,"codMaketTEP":null,"codTEP":null,"WSName":"PS","rangeAddress":"$FD$55:$FE$92","headAddress":"$FD$55:$FE$55","bodyAddress":"$FD$56:$FE$92","_name":"прием"},"отдача":{"_level":1,"parentID":"7c1b091f-7598-4749-90f6-760191c21a38","firstParentID":"514160fb-5ac9-4446-bce1-5c932bdfb508","ID":"3a10f060-556c-4944-98bc-21ee8fb6b6cc","childs":{"по счетчику":{"_level":2,"parentID":"3a10f060-556c-4944-98bc-21ee8fb6b6cc","firstParentID":"514160fb-5ac9-4446-bce1-5c932bdfb508","ID":"d5cdb438-873e-4d52-936f-2a245bd1632a","childs":null,"emcosID":null,"emcosMLID":null,"codMaketTEP":null,"codTEP":null,"WSName":"PS","rangeAddress":"$FF$56:$FF$92","headAddress":"$FF$56","bodyAddress":"$FF$57:$FF$92","_name":"по счетчику"},"СЧЕТЧИК":{"_level":2,"parentID":"3a10f060-556c-4944-98bc-21ee8fb6b6cc","firstParentID":"514160fb-5ac9-4446-bce1-5c932bdfb508","ID":"8225d67e-a62f-4071-a27d-3db3be8e105f","childs":null,"emcosID":null,"emcosMLID":null,"codMaketTEP":null,"codTEP":null,"WSName":"PS","rangeAddress":"$FG$56:$FG$92","headAddress":"$FG$56","bodyAddress":"$FG$57:$FG$92","_name":"СЧЕТЧИК"}},"emcosID":null,"emcosMLID":null,"codMaketTEP":null,"codTEP":null,"WSName":"PS","rangeAddress":"$FF$55:$FG$92","headAddress":"$FF$55:$FG$55","bodyAddress":"$FF$56:$FG$92","_name":"отдача"}},"emcosID":null,"emcosMLID":null,"codMaketTEP":null,"codTEP":null,"WSName":"PS","rangeAddress":"$FD$54:$FG$92","headAddress":"$FD$54:$FG$54","bodyAddress":"$FD$55:$FG$92","_name":"Л2443 Алма"},"DB":{"_level":0,"parentID":"514160fb-5ac9-4446-bce1-5c932bdfb508","firstParentID":"514160fb-5ac9-4446-bce1-5c932bdfb508","ID":"66a508bb-73c7-445a-abb7-2cafc3a5c5b5","childs":{"прием":{"_level":1,"parentID":"66a508bb-73c7-445a-abb7-2cafc3a5c5b5","firstParentID":"514160fb-5ac9-4446-bce1-5c932bdfb508","ID":"76ad3653-30a6-4745-bae4-c2cab3541b35","childs":{"код":{"_level":2,"parentID":"76ad3653-30a6-4745-bae4-c2cab3541b35","firstParentID":"514160fb-5ac9-4446-bce1-5c932bdfb508","ID":"6367edec-f32b-47db-8d08-de046afcab11","childs":null,"emcosID":null,"emcosMLID":null,"codMaketTEP":null,"codTEP":null,"WSName":"DB","rangeAddress":"$CR$396:$CR$433","headAddress":"$CR$396","bodyAddress":"$CR$397:$CR$433","_name":"код"},"основное":{"_level":2,"parentID":"76ad3653-30a6-4745-bae4-c2cab3541b35","firstParentID":"514160fb-5ac9-4446-bce1-5c932bdfb508","ID":"da62c5e2-a891-4a51-9f42-e31efad9fb50","childs":null,"emcosID":null,"emcosMLID":null,"codMaketTEP":null,"codTEP":null,"WSName":"DB","rangeAddress":"$CS$396:$CS$433","headAddress":"$CS$396","bodyAddress":"$CS$397:$CS$433","_name":"основное"},"корректировка факт":{"_level":2,"parentID":"76ad3653-30a6-4745-bae4-c2cab3541b35","firstParentID":"514160fb-5ac9-4446-bce1-5c932bdfb508","ID":"2a66e67f-e38b-4d47-b1de-b7f772e20927","childs":null,"emcosID":null,"emcosMLID":null,"codMaketTEP":null,"codTEP":null,"WSName":"DB","rangeAddress":"$CT$396:$CT$433","headAddress":"$CT$396","bodyAddress":"$CT$397:$CT$433","_name":"корректировка факт"},"ручное":{"_level":2,"parentID":"76ad3653-30a6-4745-bae4-c2cab3541b35","firstParentID":"514160fb-5ac9-4446-bce1-5c932bdfb508","ID":"05fa1817-12d6-4f14-918b-330cf3e061ff","childs":null,"emcosID":null,"emcosMLID":null,"codMaketTEP":null,"codTEP":null,"WSName":"DB","rangeAddress":"$CU$396:$CU$433","headAddress":"$CU$396","bodyAddress":"$CU$397:$CU$433","_name":"ручное"},"счетчик":{"_level":2,"parentID":"76ad3653-30a6-4745-bae4-c2cab3541b35","firstParentID":"514160fb-5ac9-4446-bce1-5c932bdfb508","ID":"aa01d550-39aa-4079-9855-b886a2c9962c","childs":null,"emcosID":null,"emcosMLID":null,"codMaketTEP":null,"codTEP":null,"WSName":"DB","rangeAddress":"$CV$396:$CV$433","headAddress":"$CV$396","bodyAddress":"$CV$397:$CV$433","_name":"счетчик"},"по счетчику":{"_level":2,"parentID":"76ad3653-30a6-4745-bae4-c2cab3541b35","firstParentID":"514160fb-5ac9-4446-bce1-5c932bdfb508","ID":"d758a222-a99e-4081-838a-e02e52d0efae","childs":null,"emcosID":null,"emcosMLID":null,"codMaketTEP":null,"codTEP":null,"WSName":"DB","rangeAddress":"$CW$396:$CW$433","headAddress":"$CW$396","bodyAddress":"$CW$397:$CW$433","_name":"по счетчику"}},"emcosID":null,"emcosMLID":null,"codMaketTEP":null,"codTEP":null,"WSName":"DB","rangeAddress":"$CR$395:$CW$433","headAddress":"$CR$395:$CW$395","bodyAddress":"$CR$396:$CW$433","_name":"прием"},"отдача":{"_level":1,"parentID":"66a508bb-73c7-445a-abb7-2cafc3a5c5b5","firstParentID":"514160fb-5ac9-4446-bce1-5c932bdfb508","ID":"6cbf6557-438b-4854-9506-7f1e6bb02484","childs":{"код":{"_level":2,"parentID":"6cbf6557-438b-4854-9506-7f1e6bb02484","firstParentID":"514160fb-5ac9-4446-bce1-5c932bdfb508","ID":"cbc7d755-891b-4ffb-9955-a5b6d55bd907","childs":null,"emcosID":null,"emcosMLID":null,"codMaketTEP":null,"codTEP":null,"WSName":"DB","rangeAddress":"$CX$396:$CX$433","headAddress":"$CX$396","bodyAddress":"$CX$397:$CX$433","_name":"код"},"основное":{"_level":2,"parentID":"6cbf6557-438b-4854-9506-7f1e6bb02484","firstParentID":"514160fb-5ac9-4446-bce1-5c932bdfb508","ID":"c50bdf5d-887b-4010-a4f1-7e94b4910d6d","childs":null,"emcosID":null,"emcosMLID":null,"codMaketTEP":null,"codTEP":null,"WSName":"DB","rangeAddress":"$CY$396:$CY$433","headAddress":"$CY$396","bodyAddress":"$CY$397:$CY$433","_name":"основное"},"корректировка факт":{"_level":2,"parentID":"6cbf6557-438b-4854-9506-7f1e6bb02484","firstParentID":"514160fb-5ac9-4446-bce1-5c932bdfb508","ID":"ad88774d-8ac6-49c0-901a-d8d7a460ce3f","childs":null,"emcosID":null,"emcosMLID":null,"codMaketTEP":null,"codTEP":null,"WSName":"DB","rangeAddress":"$CZ$396:$CZ$433","headAddress":"$CZ$396","bodyAddress":"$CZ$397:$CZ$433","_name":"корректировка факт"},"ручное":{"_level":2,"parentID":"6cbf6557-438b-4854-9506-7f1e6bb02484","firstParentID":"514160fb-5ac9-4446-bce1-5c932bdfb508","ID":"d2557ef5-c1ff-48ba-af43-00b255be4896","childs":null,"emcosID":null,"emcosMLID":null,"codMaketTEP":null,"codTEP":null,"WSName":"DB","rangeAddress":"$DA$396:$DA$433","headAddress":"$DA$396","bodyAddress":"$DA$397:$DA$433","_name":"ручное"},"счетчик":{"_level":2,"parentID":"6cbf6557-438b-4854-9506-7f1e6bb02484","firstParentID":"514160fb-5ac9-4446-bce1-5c932bdfb508","ID":"3fc3f621-6f1c-476a-ae3c-baf3b594f328","childs":null,"emcosID":null,"emcosMLID":null,"codMaketTEP":null,"codTEP":null,"WSName":"DB","rangeAddress":"$DB$396:$DB$433","headAddress":"$DB$396","bodyAddress":"$DB$397:$DB$433","_name":"счетчик"},"по счетчику":{"_level":2,"parentID":"6cbf6557-438b-4854-9506-7f1e6bb02484","firstParentID":"514160fb-5ac9-4446-bce1-5c932bdfb508","ID":"4afc1834-e530-438c-8d34-98f83550fddc","childs":null,"emcosID":null,"emcosMLID":null,"codMaketTEP":null,"codTEP":null,"WSName":"DB","rangeAddress":"$DC$396:$DC$433","headAddress":"$DC$396","bodyAddress":"$DC$397:$DC$433","_name":"по счетчику"}},"emcosID":null,"emcosMLID":null,"codMaketTEP":null,"codTEP":null,"WSName":"DB","rangeAddress":"$CX$395:$DC$433","headAddress":"$CX$395:$DC$395","bodyAddress":"$CX$396:$DC$433","_name":"отдача"}},"emcosID":null,"emcosMLID":null,"codMaketTEP":null,"codTEP":null,"WSName":"DB","rangeAddress":"$CR$394:$DC$433","headAddress":"$CR$394:$DC$394","bodyAddress":"$CR$395:$DC$433","_name":"Л2443 Алма"}},"codPlan":null,"meterCoef":"2200","_name":"Л2443 Алма"}