{"ID":"726607e2-6a50-4dba-b762-525d0a10d77d","childs":{"PS":{"_level":0,"parentID":"726607e2-6a50-4dba-b762-525d0a10d77d","firstParentID":"726607e2-6a50-4dba-b762-525d0a10d77d","ID":"ce0a5126-b6b6-4a8b-b168-5d93f2d73d04","childs":{"прием":{"_level":1,"parentID":"ce0a5126-b6b6-4a8b-b168-5d93f2d73d04","firstParentID":"726607e2-6a50-4dba-b762-525d0a10d77d","ID":"0f413abf-16c5-4c5c-9ef8-9a518206a4a2","childs":{"формула":{"_level":2,"parentID":"0f413abf-16c5-4c5c-9ef8-9a518206a4a2","firstParentID":"726607e2-6a50-4dba-b762-525d0a10d77d","ID":"a6bfa0a0-f2ca-489d-a95a-68b4ced3ea3c","childs":null,"emcosID":null,"emcosMLID":null,"codMaketTEP":null,"codTEP":null,"WSName":"PS","rangeAddress":"$BH$99:$BH$135","headAddress":"$BH$99","bodyAddress":"$BH$100:$BH$135","_name":"формула"}},"emcosID":null,"emcosMLID":null,"codMaketTEP":null,"codTEP":null,"WSName":"PS","rangeAddress":"$BH$98:$BH$135","headAddress":"$BH$98","bodyAddress":"$BH$99:$BH$135","_name":"прием"}},"emcosID":null,"emcosMLID":null,"codMaketTEP":null,"codTEP":null,"WSName":"PS","rangeAddress":"$BH$97:$BH$135","headAddress":"$BH$97","bodyAddress":"$BH$98:$BH$135","_name":"Прием из сети ПС149 Талдыкорган ЗЩА"},"DB":{"_level":0,"parentID":"726607e2-6a50-4dba-b762-525d0a10d77d","firstParentID":"726607e2-6a50-4dba-b762-525d0a10d77d","ID":"9a8a1920-a3be-4bf4-ad43-98fa105aa6e6","childs":{"прием":{"_level":1,"parentID":"9a8a1920-a3be-4bf4-ad43-98fa105aa6e6","firstParentID":"726607e2-6a50-4dba-b762-525d0a10d77d","ID":"411c3de4-c297-4351-b0d7-8123cb6b05d4","childs":{"код":{"_level":2,"parentID":"411c3de4-c297-4351-b0d7-8123cb6b05d4","firstParentID":"726607e2-6a50-4dba-b762-525d0a10d77d","ID":"80ab1ed2-86ef-4bb4-b57f-d9aedabfd00f","childs":null,"emcosID":null,"emcosMLID":null,"codMaketTEP":null,"codTEP":null,"WSName":"DB","rangeAddress":"$GR$224:$GR$261","headAddress":"$GR$224","bodyAddress":"$GR$225:$GR$261","_name":"код"},"основное":{"_level":2,"parentID":"411c3de4-c297-4351-b0d7-8123cb6b05d4","firstParentID":"726607e2-6a50-4dba-b762-525d0a10d77d","ID":"067528b1-e279-4538-8373-c92c4156bff9","childs":null,"emcosID":null,"emcosMLID":null,"codMaketTEP":null,"codTEP":null,"WSName":"DB","rangeAddress":"$GS$224:$GS$261","headAddress":"$GS$224","bodyAddress":"$GS$225:$GS$261","_name":"основное"},"корректировка факт":{"_level":2,"parentID":"411c3de4-c297-4351-b0d7-8123cb6b05d4","firstParentID":"726607e2-6a50-4dba-b762-525d0a10d77d","ID":"9e265935-1680-44c4-ac35-eedeb44d6b22","childs":null,"emcosID":null,"emcosMLID":null,"codMaketTEP":null,"codTEP":null,"WSName":"DB","rangeAddress":"$GT$224:$GT$261","headAddress":"$GT$224","bodyAddress":"$GT$225:$GT$261","_name":"корректировка факт"},"ручное":{"_level":2,"parentID":"411c3de4-c297-4351-b0d7-8123cb6b05d4","firstParentID":"726607e2-6a50-4dba-b762-525d0a10d77d","ID":"071e18af-42c9-4502-a214-b5248b87f855","childs":null,"emcosID":null,"emcosMLID":null,"codMaketTEP":null,"codTEP":null,"WSName":"DB","rangeAddress":"$GU$224:$GU$261","headAddress":"$GU$224","bodyAddress":"$GU$225:$GU$261","_name":"ручное"},"формула":{"_level":2,"parentID":"411c3de4-c297-4351-b0d7-8123cb6b05d4","firstParentID":"726607e2-6a50-4dba-b762-525d0a10d77d","ID":"7fa8eeff-9bbd-4a48-b3ee-e90de3ecaafb","childs":null,"emcosID":null,"emcosMLID":null,"codMaketTEP":null,"codTEP":null,"WSName":"DB","rangeAddress":"$GV$224:$GV$261","headAddress":"$GV$224","bodyAddress":"$GV$225:$GV$261","_name":"формула"}},"emcosID":null,"emcosMLID":null,"codMaketTEP":null,"codTEP":null,"WSName":"DB","rangeAddress":"$GR$223:$GV$261","headAddress":"$GR$223:$GV$223","bodyAddress":"$GR$224:$GV$261","_name":"прием"}},"emcosID":null,"emcosMLID":null,"codMaketTEP":null,"codTEP":null,"WSName":"DB","rangeAddress":"$GR$222:$GV$261","headAddress":"$GR$222:$GV$222","bodyAddress":"$GR$223:$GV$261","_name":"Прием из сети ПС149 Талдыкорган ЗЩА"}},"codPlan":null,"meterCoef":null,"_name":"Прием из сети ПС149 Талдыкорган ЗЩА"}