{"ID":"13b74b33-5d52-4450-8efb-45dbc88a219e","childs":{"PS":{"_level":0,"parentID":"13b74b33-5d52-4450-8efb-45dbc88a219e","firstParentID":"13b74b33-5d52-4450-8efb-45dbc88a219e","ID":"bc236864-19de-4c54-9a93-344bf5b1e1b1","childs":{"прием":{"_level":1,"parentID":"bc236864-19de-4c54-9a93-344bf5b1e1b1","firstParentID":"13b74b33-5d52-4450-8efb-45dbc88a219e","ID":"778525d8-2df6-43f3-bd98-269db5dca1d6","childs":{"ручное":{"_level":2,"parentID":"778525d8-2df6-43f3-bd98-269db5dca1d6","firstParentID":"13b74b33-5d52-4450-8efb-45dbc88a219e","ID":"378b46b9-ed19-4c0a-a6ad-14b2d88e1c5e","childs":null,"emcosID":null,"emcosMLID":null,"WSName":"PS","rangeAddress":"$CZ$56:$CZ$92","headAddress":"$CZ$56","bodyAddress":"$CZ$57:$CZ$92","_name":"ручное"}},"emcosID":null,"emcosMLID":null,"WSName":"PS","rangeAddress":"$CZ$55:$CZ$92","headAddress":"$CZ$55","bodyAddress":"$CZ$56:$CZ$92","_name":"прием"},"отдача":{"_level":1,"parentID":"bc236864-19de-4c54-9a93-344bf5b1e1b1","firstParentID":"13b74b33-5d52-4450-8efb-45dbc88a219e","ID":"0a2c96a7-c53a-4926-b092-da48f5a9ccbb","childs":{"ручное":{"_level":2,"parentID":"0a2c96a7-c53a-4926-b092-da48f5a9ccbb","firstParentID":"13b74b33-5d52-4450-8efb-45dbc88a219e","ID":"d5a71202-57e8-44a4-96cc-f9f49fda4d44","childs":null,"emcosID":null,"emcosMLID":null,"WSName":"PS","rangeAddress":"$DA$56:$DA$92","headAddress":"$DA$56","bodyAddress":"$DA$57:$DA$92","_name":"ручное"}},"emcosID":null,"emcosMLID":null,"WSName":"PS","rangeAddress":"$DA$55:$DA$92","headAddress":"$DA$55","bodyAddress":"$DA$56:$DA$92","_name":"отдача"}},"emcosID":null,"emcosMLID":null,"WSName":"PS","rangeAddress":"$CZ$54:$DA$92","headAddress":"$CZ$54:$DA$54","bodyAddress":"$CZ$55:$DA$92","_name":"Л2533 Талдыкорган"},"DB":{"_level":0,"parentID":"13b74b33-5d52-4450-8efb-45dbc88a219e","firstParentID":"13b74b33-5d52-4450-8efb-45dbc88a219e","ID":"faa318ae-0118-43e7-81b4-9e175b9aac0a","childs":{"прием":{"_level":1,"parentID":"faa318ae-0118-43e7-81b4-9e175b9aac0a","firstParentID":"13b74b33-5d52-4450-8efb-45dbc88a219e","ID":"a2b82073-053c-4004-a0a7-27aa9fa20735","childs":{"код":{"_level":2,"parentID":"a2b82073-053c-4004-a0a7-27aa9fa20735","firstParentID":"13b74b33-5d52-4450-8efb-45dbc88a219e","ID":"49ed104d-e385-4eb5-8b34-e5de54bea208","childs":null,"emcosID":null,"emcosMLID":null,"WSName":"DB","rangeAddress":"$JG$52:$JG$89","headAddress":"$JG$52","bodyAddress":"$JG$53:$JG$89","_name":"код"},"основное":{"_level":2,"parentID":"a2b82073-053c-4004-a0a7-27aa9fa20735","firstParentID":"13b74b33-5d52-4450-8efb-45dbc88a219e","ID":"cf0891bb-e1c2-4012-8fda-b1ed0c65cb3a","childs":null,"emcosID":null,"emcosMLID":null,"WSName":"DB","rangeAddress":"$JH$52:$JH$89","headAddress":"$JH$52","bodyAddress":"$JH$53:$JH$89","_name":"основное"},"корректировка факт":{"_level":2,"parentID":"a2b82073-053c-4004-a0a7-27aa9fa20735","firstParentID":"13b74b33-5d52-4450-8efb-45dbc88a219e","ID":"a8b4a0e3-35be-4429-a7a4-f3296ab781bb","childs":null,"emcosID":null,"emcosMLID":null,"WSName":"DB","rangeAddress":"$JI$52:$JI$89","headAddress":"$JI$52","bodyAddress":"$JI$53:$JI$89","_name":"корректировка факт"},"ручное":{"_level":2,"parentID":"a2b82073-053c-4004-a0a7-27aa9fa20735","firstParentID":"13b74b33-5d52-4450-8efb-45dbc88a219e","ID":"0cc52e71-05c6-4c06-a7ea-9a50462d2da4","childs":null,"emcosID":null,"emcosMLID":null,"WSName":"DB","rangeAddress":"$JJ$52:$JJ$89","headAddress":"$JJ$52","bodyAddress":"$JJ$53:$JJ$89","_name":"ручное"}},"emcosID":null,"emcosMLID":null,"WSName":"DB","rangeAddress":"$JG$51:$JJ$89","headAddress":"$JG$51:$JJ$51","bodyAddress":"$JG$52:$JJ$89","_name":"прием"},"отдача":{"_level":1,"parentID":"faa318ae-0118-43e7-81b4-9e175b9aac0a","firstParentID":"13b74b33-5d52-4450-8efb-45dbc88a219e","ID":"fa209530-ac44-4478-9ec0-539c69c53938","childs":{"код":{"_level":2,"parentID":"fa209530-ac44-4478-9ec0-539c69c53938","firstParentID":"13b74b33-5d52-4450-8efb-45dbc88a219e","ID":"a1947baf-b624-42ff-a603-4ecd2e195901","childs":null,"emcosID":null,"emcosMLID":null,"WSName":"DB","rangeAddress":"$JK$52:$JK$89","headAddress":"$JK$52","bodyAddress":"$JK$53:$JK$89","_name":"код"},"основное":{"_level":2,"parentID":"fa209530-ac44-4478-9ec0-539c69c53938","firstParentID":"13b74b33-5d52-4450-8efb-45dbc88a219e","ID":"981975fc-d1aa-4aac-882a-4f582e824b94","childs":null,"emcosID":null,"emcosMLID":null,"WSName":"DB","rangeAddress":"$JL$52:$JL$89","headAddress":"$JL$52","bodyAddress":"$JL$53:$JL$89","_name":"основное"},"корректировка факт":{"_level":2,"parentID":"fa209530-ac44-4478-9ec0-539c69c53938","firstParentID":"13b74b33-5d52-4450-8efb-45dbc88a219e","ID":"5e05b198-feca-4ca6-b4e0-c81af767d5af","childs":null,"emcosID":null,"emcosMLID":null,"WSName":"DB","rangeAddress":"$JM$52:$JM$89","headAddress":"$JM$52","bodyAddress":"$JM$53:$JM$89","_name":"корректировка факт"},"ручное":{"_level":2,"parentID":"fa209530-ac44-4478-9ec0-539c69c53938","firstParentID":"13b74b33-5d52-4450-8efb-45dbc88a219e","ID":"16eef1d4-f2b2-4750-9946-042aa24d225e","childs":null,"emcosID":null,"emcosMLID":null,"WSName":"DB","rangeAddress":"$JN$52:$JN$89","headAddress":"$JN$52","bodyAddress":"$JN$53:$JN$89","_name":"ручное"}},"emcosID":null,"emcosMLID":null,"WSName":"DB","rangeAddress":"$JK$51:$JN$89","headAddress":"$JK$51:$JN$51","bodyAddress":"$JK$52:$JN$89","_name":"отдача"}},"emcosID":null,"emcosMLID":null,"WSName":"DB","rangeAddress":"$JG$50:$JN$89","headAddress":"$JG$50:$JN$50","bodyAddress":"$JG$51:$JN$89","_name":"Л2533 Талдыкорган"}},"codPlan":null,"meterCoef":null,"_name":"Л2533 Талдыкорган"}