{"ID":"3187e2fd-c30a-4b51-9d75-5b997d7f4216","childs":{"PS":{"_level":0,"parentID":"3187e2fd-c30a-4b51-9d75-5b997d7f4216","firstParentID":"3187e2fd-c30a-4b51-9d75-5b997d7f4216","ID":"b250f6f0-3095-4639-a405-9ae971147123","childs":{"прием":{"_level":1,"parentID":"b250f6f0-3095-4639-a405-9ae971147123","firstParentID":"3187e2fd-c30a-4b51-9d75-5b997d7f4216","ID":"7b88b0e5-9a3e-43b3-a121-3f6977a79de9","childs":{"формула":{"_level":2,"parentID":"7b88b0e5-9a3e-43b3-a121-3f6977a79de9","firstParentID":"3187e2fd-c30a-4b51-9d75-5b997d7f4216","ID":"89e79683-eedd-4611-a5ab-6bd5efbb5bdd","childs":null,"emcosID":null,"emcosMLID":null,"codMaketTEP":null,"codTEP":null,"WSName":"PS","rangeAddress":"$AG$228:$AG$264","headAddress":"$AG$228","bodyAddress":"$AG$229:$AG$264","_name":"формула"}},"emcosID":null,"emcosMLID":null,"codMaketTEP":1480,"codTEP":null,"WSName":"PS","rangeAddress":"$AG$227:$AG$264","headAddress":"$AG$227","bodyAddress":"$AG$228:$AG$264","_name":"прием"},"план":{"_level":1,"parentID":"b250f6f0-3095-4639-a405-9ae971147123","firstParentID":"3187e2fd-c30a-4b51-9d75-5b997d7f4216","ID":"556ffefe-cec1-45ae-9b9e-cf0db119b41b","childs":{"заявка":{"_level":2,"parentID":"556ffefe-cec1-45ae-9b9e-cf0db119b41b","firstParentID":"3187e2fd-c30a-4b51-9d75-5b997d7f4216","ID":"32c34a98-1692-454c-bfc7-6ada7583144d","childs":null,"emcosID":null,"emcosMLID":null,"codMaketTEP":null,"codTEP":null,"WSName":"PS","rangeAddress":"$AH$228:$AH$264","headAddress":"$AH$228","bodyAddress":"$AH$229:$AH$264","_name":"заявка"}},"emcosID":null,"emcosMLID":null,"codMaketTEP":null,"codTEP":null,"WSName":"PS","rangeAddress":"$AH$227:$AH$264","headAddress":"$AH$227","bodyAddress":"$AH$228:$AH$264","_name":"план"}},"emcosID":null,"emcosMLID":null,"codMaketTEP":null,"codTEP":null,"WSName":"PS","rangeAddress":"$AG$226:$AH$264","headAddress":"$AG$226:$AH$226","bodyAddress":"$AG$227:$AH$264","_name":"ДМС хоз нужды КТЖ Жетысу"},"DB":{"_level":0,"parentID":"3187e2fd-c30a-4b51-9d75-5b997d7f4216","firstParentID":"3187e2fd-c30a-4b51-9d75-5b997d7f4216","ID":"e25ac7a8-b8d0-49ea-ac20-231acf8db41d","childs":{"прием":{"_level":1,"parentID":"e25ac7a8-b8d0-49ea-ac20-231acf8db41d","firstParentID":"3187e2fd-c30a-4b51-9d75-5b997d7f4216","ID":"63b8d2f8-fee1-4478-91d5-e802e72a07cf","childs":{"код":{"_level":2,"parentID":"63b8d2f8-fee1-4478-91d5-e802e72a07cf","firstParentID":"3187e2fd-c30a-4b51-9d75-5b997d7f4216","ID":"81c4ca7e-9959-42e1-b6d8-1378e3ba681f","childs":null,"emcosID":null,"emcosMLID":null,"codMaketTEP":null,"codTEP":null,"WSName":"DB","rangeAddress":"$BW$439:$BW$476","headAddress":"$BW$439","bodyAddress":"$BW$440:$BW$476","_name":"код"},"основное":{"_level":2,"parentID":"63b8d2f8-fee1-4478-91d5-e802e72a07cf","firstParentID":"3187e2fd-c30a-4b51-9d75-5b997d7f4216","ID":"105aeb06-6fd5-4c6c-8a4f-d0247b15c105","childs":null,"emcosID":null,"emcosMLID":null,"codMaketTEP":null,"codTEP":null,"WSName":"DB","rangeAddress":"$BX$439:$BX$476","headAddress":"$BX$439","bodyAddress":"$BX$440:$BX$476","_name":"основное"},"корректировка факт":{"_level":2,"parentID":"63b8d2f8-fee1-4478-91d5-e802e72a07cf","firstParentID":"3187e2fd-c30a-4b51-9d75-5b997d7f4216","ID":"83cad482-6c3f-469f-a60e-a378b568a3a1","childs":null,"emcosID":null,"emcosMLID":null,"codMaketTEP":null,"codTEP":null,"WSName":"DB","rangeAddress":"$BY$439:$BY$476","headAddress":"$BY$439","bodyAddress":"$BY$440:$BY$476","_name":"корректировка факт"},"ручное":{"_level":2,"parentID":"63b8d2f8-fee1-4478-91d5-e802e72a07cf","firstParentID":"3187e2fd-c30a-4b51-9d75-5b997d7f4216","ID":"e35b4097-f6dd-4e47-b760-309bb646b0b5","childs":null,"emcosID":null,"emcosMLID":null,"codMaketTEP":null,"codTEP":null,"WSName":"DB","rangeAddress":"$BZ$439:$BZ$476","headAddress":"$BZ$439","bodyAddress":"$BZ$440:$BZ$476","_name":"ручное"},"по плану":{"_level":2,"parentID":"63b8d2f8-fee1-4478-91d5-e802e72a07cf","firstParentID":"3187e2fd-c30a-4b51-9d75-5b997d7f4216","ID":"33f68155-cdff-4259-9226-4d633899fb41","childs":null,"emcosID":null,"emcosMLID":null,"codMaketTEP":null,"codTEP":null,"WSName":"DB","rangeAddress":"$CA$439:$CA$476","headAddress":"$CA$439","bodyAddress":"$CA$440:$CA$476","_name":"по плану"},"формула":{"_level":2,"parentID":"63b8d2f8-fee1-4478-91d5-e802e72a07cf","firstParentID":"3187e2fd-c30a-4b51-9d75-5b997d7f4216","ID":"11cd449f-5708-4747-a756-31bfc49e16bc","childs":null,"emcosID":null,"emcosMLID":null,"codMaketTEP":null,"codTEP":null,"WSName":"DB","rangeAddress":"$CB$439:$CB$476","headAddress":"$CB$439","bodyAddress":"$CB$440:$CB$476","_name":"формула"}},"emcosID":null,"emcosMLID":null,"codMaketTEP":null,"codTEP":null,"WSName":"DB","rangeAddress":"$BW$438:$CB$476","headAddress":"$BW$438:$CB$438","bodyAddress":"$BW$439:$CB$476","_name":"прием"},"план":{"_level":1,"parentID":"e25ac7a8-b8d0-49ea-ac20-231acf8db41d","firstParentID":"3187e2fd-c30a-4b51-9d75-5b997d7f4216","ID":"d8ace494-0e18-43f6-955d-a641303e1520","childs":{"код":{"_level":2,"parentID":"d8ace494-0e18-43f6-955d-a641303e1520","firstParentID":"3187e2fd-c30a-4b51-9d75-5b997d7f4216","ID":"9407cf60-a94c-4ea9-979c-11d29187a6ef","childs":null,"emcosID":null,"emcosMLID":null,"codMaketTEP":null,"codTEP":null,"WSName":"DB","rangeAddress":"$CC$439:$CC$476","headAddress":"$CC$439","bodyAddress":"$CC$440:$CC$476","_name":"код"},"основное":{"_level":2,"parentID":"d8ace494-0e18-43f6-955d-a641303e1520","firstParentID":"3187e2fd-c30a-4b51-9d75-5b997d7f4216","ID":"f1103e54-5eff-487d-b1a1-f810b6ab7f84","childs":null,"emcosID":null,"emcosMLID":null,"codMaketTEP":null,"codTEP":null,"WSName":"DB","rangeAddress":"$CD$439:$CD$476","headAddress":"$CD$439","bodyAddress":"$CD$440:$CD$476","_name":"основное"},"заявка":{"_level":2,"parentID":"d8ace494-0e18-43f6-955d-a641303e1520","firstParentID":"3187e2fd-c30a-4b51-9d75-5b997d7f4216","ID":"d9e6cff1-12b1-4fce-a9e5-e1dbb9985ea3","childs":null,"emcosID":null,"emcosMLID":null,"codMaketTEP":null,"codTEP":null,"WSName":"DB","rangeAddress":"$CE$439:$CE$476","headAddress":"$CE$439","bodyAddress":"$CE$440:$CE$476","_name":"заявка"},"утвержденный":{"_level":2,"parentID":"d8ace494-0e18-43f6-955d-a641303e1520","firstParentID":"3187e2fd-c30a-4b51-9d75-5b997d7f4216","ID":"3390c629-bfa0-4a5a-b055-74a4cfbad815","childs":null,"emcosID":null,"emcosMLID":null,"codMaketTEP":null,"codTEP":null,"WSName":"DB","rangeAddress":"$CF$439:$CF$476","headAddress":"$CF$439","bodyAddress":"$CF$440:$CF$476","_name":"утвержденный"},"корректировка":{"_level":2,"parentID":"d8ace494-0e18-43f6-955d-a641303e1520","firstParentID":"3187e2fd-c30a-4b51-9d75-5b997d7f4216","ID":"c6eaaa56-9f48-45c0-a29d-a885303dda54","childs":null,"emcosID":null,"emcosMLID":null,"codMaketTEP":null,"codTEP":null,"WSName":"DB","rangeAddress":"$CG$439:$CG$476","headAddress":"$CG$439","bodyAddress":"$CG$440:$CG$476","_name":"корректировка"}},"emcosID":null,"emcosMLID":null,"codMaketTEP":null,"codTEP":null,"WSName":"DB","rangeAddress":"$CC$438:$CG$476","headAddress":"$CC$438:$CG$438","bodyAddress":"$CC$439:$CG$476","_name":"план"}},"emcosID":null,"emcosMLID":null,"codMaketTEP":null,"codTEP":null,"WSName":"DB","rangeAddress":"$BW$437:$CG$476","headAddress":"$BW$437:$CG$437","bodyAddress":"$BW$438:$CG$476","_name":"ДМС хоз нужды КТЖ Жетысу"}},"codPlan":117,"meterCoef":null,"_name":"ДМС хоз нужды КТЖ Жетысу"}