{"ID":"c46f7819-f7a3-4eae-b006-d498a908293e","childs":{"PS":{"_level":0,"parentID":"c46f7819-f7a3-4eae-b006-d498a908293e","firstParentID":"c46f7819-f7a3-4eae-b006-d498a908293e","ID":"d0b279c9-e80d-407c-a1f6-6c96ebeb8a2f","childs":{"прием":{"_level":1,"parentID":"d0b279c9-e80d-407c-a1f6-6c96ebeb8a2f","firstParentID":"c46f7819-f7a3-4eae-b006-d498a908293e","ID":"12938eb6-e53c-417d-a945-95a6f8821d23","childs":{"по счетчику":{"_level":2,"parentID":"12938eb6-e53c-417d-a945-95a6f8821d23","firstParentID":"c46f7819-f7a3-4eae-b006-d498a908293e","ID":"0840ffd3-f2b1-4cd3-a84b-de2ae0a922a8","childs":null,"emcosID":null,"emcosMLID":null,"codMaketTEP":null,"codTEP":null,"WSName":"PS","rangeAddress":"$CO$99:$CO$135","headAddress":"$CO$99","bodyAddress":"$CO$100:$CO$135","_name":"по счетчику"},"СЧЕТЧИК":{"_level":2,"parentID":"12938eb6-e53c-417d-a945-95a6f8821d23","firstParentID":"c46f7819-f7a3-4eae-b006-d498a908293e","ID":"f5920645-7347-43a4-bad7-76f7b73d8044","childs":null,"emcosID":null,"emcosMLID":null,"codMaketTEP":null,"codTEP":null,"WSName":"PS","rangeAddress":"$CP$99:$CP$135","headAddress":"$CP$99","bodyAddress":"$CP$100:$CP$135","_name":"СЧЕТЧИК"}},"emcosID":null,"emcosMLID":null,"codMaketTEP":null,"codTEP":null,"WSName":"PS","rangeAddress":"$CO$98:$CP$135","headAddress":"$CO$98:$CP$98","bodyAddress":"$CO$99:$CP$135","_name":"прием"},"отдача":{"_level":1,"parentID":"d0b279c9-e80d-407c-a1f6-6c96ebeb8a2f","firstParentID":"c46f7819-f7a3-4eae-b006-d498a908293e","ID":"b939c710-4335-4304-874d-aa093ff19df2","childs":{"по счетчику":{"_level":2,"parentID":"b939c710-4335-4304-874d-aa093ff19df2","firstParentID":"c46f7819-f7a3-4eae-b006-d498a908293e","ID":"ce821627-585c-463a-8b1e-beafa23f3a42","childs":null,"emcosID":null,"emcosMLID":null,"codMaketTEP":null,"codTEP":null,"WSName":"PS","rangeAddress":"$CQ$99:$CQ$135","headAddress":"$CQ$99","bodyAddress":"$CQ$100:$CQ$135","_name":"по счетчику"},"СЧЕТЧИК":{"_level":2,"parentID":"b939c710-4335-4304-874d-aa093ff19df2","firstParentID":"c46f7819-f7a3-4eae-b006-d498a908293e","ID":"c5990384-55a0-4440-908c-fe683656d99f","childs":null,"emcosID":null,"emcosMLID":null,"codMaketTEP":null,"codTEP":null,"WSName":"PS","rangeAddress":"$CR$99:$CR$135","headAddress":"$CR$99","bodyAddress":"$CR$100:$CR$135","_name":"СЧЕТЧИК"}},"emcosID":null,"emcosMLID":null,"codMaketTEP":null,"codTEP":null,"WSName":"PS","rangeAddress":"$CQ$98:$CR$135","headAddress":"$CQ$98:$CR$98","bodyAddress":"$CQ$99:$CR$135","_name":"отдача"}},"emcosID":null,"emcosMLID":null,"codMaketTEP":null,"codTEP":null,"WSName":"PS","rangeAddress":"$CO$97:$CR$135","headAddress":"$CO$97:$CR$97","bodyAddress":"$CO$98:$CR$135","_name":"Л159Т ПС152 Талдыкорган"},"DB":{"_level":0,"parentID":"c46f7819-f7a3-4eae-b006-d498a908293e","firstParentID":"c46f7819-f7a3-4eae-b006-d498a908293e","ID":"b839c3db-2090-43fe-b204-33f5bbc5bb2b","childs":{"прием":{"_level":1,"parentID":"b839c3db-2090-43fe-b204-33f5bbc5bb2b","firstParentID":"c46f7819-f7a3-4eae-b006-d498a908293e","ID":"d7e17774-cb37-4875-ba1d-6974f07efcae","childs":{"код":{"_level":2,"parentID":"d7e17774-cb37-4875-ba1d-6974f07efcae","firstParentID":"c46f7819-f7a3-4eae-b006-d498a908293e","ID":"8c8a1cbe-938d-4232-8c43-aa1bcff6b9c9","childs":null,"emcosID":null,"emcosMLID":null,"codMaketTEP":null,"codTEP":null,"WSName":"DB","rangeAddress":"$FQ$224:$FQ$261","headAddress":"$FQ$224","bodyAddress":"$FQ$225:$FQ$261","_name":"код"},"основное":{"_level":2,"parentID":"d7e17774-cb37-4875-ba1d-6974f07efcae","firstParentID":"c46f7819-f7a3-4eae-b006-d498a908293e","ID":"4a476847-181e-4daf-99f0-2be4256c6077","childs":null,"emcosID":null,"emcosMLID":null,"codMaketTEP":null,"codTEP":null,"WSName":"DB","rangeAddress":"$FR$224:$FR$261","headAddress":"$FR$224","bodyAddress":"$FR$225:$FR$261","_name":"основное"},"корректировка факт":{"_level":2,"parentID":"d7e17774-cb37-4875-ba1d-6974f07efcae","firstParentID":"c46f7819-f7a3-4eae-b006-d498a908293e","ID":"9ff1daa7-1f5e-4a4b-8fa4-98a7081e4f3e","childs":null,"emcosID":null,"emcosMLID":null,"codMaketTEP":null,"codTEP":null,"WSName":"DB","rangeAddress":"$FS$224:$FS$261","headAddress":"$FS$224","bodyAddress":"$FS$225:$FS$261","_name":"корректировка факт"},"ручное":{"_level":2,"parentID":"d7e17774-cb37-4875-ba1d-6974f07efcae","firstParentID":"c46f7819-f7a3-4eae-b006-d498a908293e","ID":"8f2769f9-10bb-49be-9e53-ff79bebacca3","childs":null,"emcosID":null,"emcosMLID":null,"codMaketTEP":null,"codTEP":null,"WSName":"DB","rangeAddress":"$FT$224:$FT$261","headAddress":"$FT$224","bodyAddress":"$FT$225:$FT$261","_name":"ручное"},"счетчик":{"_level":2,"parentID":"d7e17774-cb37-4875-ba1d-6974f07efcae","firstParentID":"c46f7819-f7a3-4eae-b006-d498a908293e","ID":"93cd4532-3e10-4268-ad33-631133852c9c","childs":null,"emcosID":null,"emcosMLID":null,"codMaketTEP":null,"codTEP":null,"WSName":"DB","rangeAddress":"$FU$224:$FU$261","headAddress":"$FU$224","bodyAddress":"$FU$225:$FU$261","_name":"счетчик"},"по счетчику":{"_level":2,"parentID":"d7e17774-cb37-4875-ba1d-6974f07efcae","firstParentID":"c46f7819-f7a3-4eae-b006-d498a908293e","ID":"4e0fe08f-d175-448c-a493-6c369ae991e8","childs":null,"emcosID":null,"emcosMLID":null,"codMaketTEP":null,"codTEP":null,"WSName":"DB","rangeAddress":"$FV$224:$FV$261","headAddress":"$FV$224","bodyAddress":"$FV$225:$FV$261","_name":"по счетчику"}},"emcosID":null,"emcosMLID":null,"codMaketTEP":null,"codTEP":null,"WSName":"DB","rangeAddress":"$FQ$223:$FV$261","headAddress":"$FQ$223:$FV$223","bodyAddress":"$FQ$224:$FV$261","_name":"прием"},"отдача":{"_level":1,"parentID":"b839c3db-2090-43fe-b204-33f5bbc5bb2b","firstParentID":"c46f7819-f7a3-4eae-b006-d498a908293e","ID":"dd512479-76a1-416d-8f31-d0a85dd3a580","childs":{"код":{"_level":2,"parentID":"dd512479-76a1-416d-8f31-d0a85dd3a580","firstParentID":"c46f7819-f7a3-4eae-b006-d498a908293e","ID":"0c2d3ee0-5174-4acb-b1f8-fd9e117d4769","childs":null,"emcosID":null,"emcosMLID":null,"codMaketTEP":null,"codTEP":null,"WSName":"DB","rangeAddress":"$FW$224:$FW$261","headAddress":"$FW$224","bodyAddress":"$FW$225:$FW$261","_name":"код"},"основное":{"_level":2,"parentID":"dd512479-76a1-416d-8f31-d0a85dd3a580","firstParentID":"c46f7819-f7a3-4eae-b006-d498a908293e","ID":"d0888ed6-6df7-4e6f-a9e7-9f373db0e11b","childs":null,"emcosID":null,"emcosMLID":null,"codMaketTEP":null,"codTEP":null,"WSName":"DB","rangeAddress":"$FX$224:$FX$261","headAddress":"$FX$224","bodyAddress":"$FX$225:$FX$261","_name":"основное"},"корректировка факт":{"_level":2,"parentID":"dd512479-76a1-416d-8f31-d0a85dd3a580","firstParentID":"c46f7819-f7a3-4eae-b006-d498a908293e","ID":"52a3343a-cdce-41f5-93b8-96710b0c2701","childs":null,"emcosID":null,"emcosMLID":null,"codMaketTEP":null,"codTEP":null,"WSName":"DB","rangeAddress":"$FY$224:$FY$261","headAddress":"$FY$224","bodyAddress":"$FY$225:$FY$261","_name":"корректировка факт"},"ручное":{"_level":2,"parentID":"dd512479-76a1-416d-8f31-d0a85dd3a580","firstParentID":"c46f7819-f7a3-4eae-b006-d498a908293e","ID":"62fc3003-1c8f-4efa-9dfb-9ead3ffacc52","childs":null,"emcosID":null,"emcosMLID":null,"codMaketTEP":null,"codTEP":null,"WSName":"DB","rangeAddress":"$FZ$224:$FZ$261","headAddress":"$FZ$224","bodyAddress":"$FZ$225:$FZ$261","_name":"ручное"},"счетчик":{"_level":2,"parentID":"dd512479-76a1-416d-8f31-d0a85dd3a580","firstParentID":"c46f7819-f7a3-4eae-b006-d498a908293e","ID":"bd2daf4c-00e8-400d-a16b-d2e06d04d8d4","childs":null,"emcosID":null,"emcosMLID":null,"codMaketTEP":null,"codTEP":null,"WSName":"DB","rangeAddress":"$GA$224:$GA$261","headAddress":"$GA$224","bodyAddress":"$GA$225:$GA$261","_name":"счетчик"},"по счетчику":{"_level":2,"parentID":"dd512479-76a1-416d-8f31-d0a85dd3a580","firstParentID":"c46f7819-f7a3-4eae-b006-d498a908293e","ID":"9967b44b-bec8-4423-b2af-6aa067b2ef76","childs":null,"emcosID":null,"emcosMLID":null,"codMaketTEP":null,"codTEP":null,"WSName":"DB","rangeAddress":"$GB$224:$GB$261","headAddress":"$GB$224","bodyAddress":"$GB$225:$GB$261","_name":"по счетчику"}},"emcosID":null,"emcosMLID":null,"codMaketTEP":null,"codTEP":null,"WSName":"DB","rangeAddress":"$FW$223:$GB$261","headAddress":"$FW$223:$GB$223","bodyAddress":"$FW$224:$GB$261","_name":"отдача"}},"emcosID":null,"emcosMLID":null,"codMaketTEP":null,"codTEP":null,"WSName":"DB","rangeAddress":"$FQ$222:$GB$261","headAddress":"$FQ$222:$GB$222","bodyAddress":"$FQ$223:$GB$261","_name":"Л159Т ПС152 Талдыкорган"}},"codPlan":null,"meterCoef":"66","_name":"Л159Т ПС152 Талдыкорган"}