{"ID":"37f35185-9f02-42fc-85af-1854a2f3de01","childs":{"PS":{"_level":0,"parentID":"37f35185-9f02-42fc-85af-1854a2f3de01","firstParentID":"37f35185-9f02-42fc-85af-1854a2f3de01","ID":"a7607e07-698c-472b-a1dc-f3d6c5079321","childs":{"прием":{"_level":1,"parentID":"a7607e07-698c-472b-a1dc-f3d6c5079321","firstParentID":"37f35185-9f02-42fc-85af-1854a2f3de01","ID":"8c1d2f11-d438-4654-bcb2-e4ae249d7361","childs":{"по счетчику":{"_level":2,"parentID":"8c1d2f11-d438-4654-bcb2-e4ae249d7361","firstParentID":"37f35185-9f02-42fc-85af-1854a2f3de01","ID":"46babeeb-223c-43f8-878c-bc648380f97f","childs":null,"emcosID":null,"emcosMLID":null,"WSName":"PS","rangeAddress":"$Q$56:$Q$92","headAddress":"$Q$56","bodyAddress":"$Q$57:$Q$92","_name":"по счетчику"}},"emcosID":null,"emcosMLID":null,"WSName":"PS","rangeAddress":"$Q$55:$Q$92","headAddress":"$Q$55","bodyAddress":"$Q$56:$Q$92","_name":"прием"},"отдача":{"_level":1,"parentID":"a7607e07-698c-472b-a1dc-f3d6c5079321","firstParentID":"37f35185-9f02-42fc-85af-1854a2f3de01","ID":"364418e9-443b-426a-8dfb-7318b1b52673","childs":{"по счетчику":{"_level":2,"parentID":"364418e9-443b-426a-8dfb-7318b1b52673","firstParentID":"37f35185-9f02-42fc-85af-1854a2f3de01","ID":"b7b95c48-9898-4584-9d7f-d67d94d34b22","childs":null,"emcosID":null,"emcosMLID":null,"WSName":"PS","rangeAddress":"$R$56:$R$92","headAddress":"$R$56","bodyAddress":"$R$57:$R$92","_name":"по счетчику"}},"emcosID":null,"emcosMLID":null,"WSName":"PS","rangeAddress":"$R$55:$R$92","headAddress":"$R$55","bodyAddress":"$R$56:$R$92","_name":"отдача"}},"emcosID":null,"emcosMLID":null,"WSName":"PS","rangeAddress":"$Q$54:$R$92","headAddress":"$Q$54:$R$54","bodyAddress":"$Q$55:$R$92","_name":"Л2283 ЮКГРЭС"},"DB":{"_level":0,"parentID":"37f35185-9f02-42fc-85af-1854a2f3de01","firstParentID":"37f35185-9f02-42fc-85af-1854a2f3de01","ID":"fde22228-f767-4bc5-8b21-c7378a522bb7","childs":{"прием":{"_level":1,"parentID":"fde22228-f767-4bc5-8b21-c7378a522bb7","firstParentID":"37f35185-9f02-42fc-85af-1854a2f3de01","ID":"b8f72fb9-6c28-4927-9721-b50f70e25475","childs":{"код":{"_level":2,"parentID":"b8f72fb9-6c28-4927-9721-b50f70e25475","firstParentID":"37f35185-9f02-42fc-85af-1854a2f3de01","ID":"6a2468e5-4897-47b5-aeec-4e334bc4f923","childs":null,"emcosID":null,"emcosMLID":null,"WSName":"DB","rangeAddress":"$KC$9:$KC$46","headAddress":"$KC$9","bodyAddress":"$KC$10:$KC$46","_name":"код"},"основное":{"_level":2,"parentID":"b8f72fb9-6c28-4927-9721-b50f70e25475","firstParentID":"37f35185-9f02-42fc-85af-1854a2f3de01","ID":"406d11ed-bd7c-4bbd-b606-af3e25d4c58f","childs":null,"emcosID":null,"emcosMLID":null,"WSName":"DB","rangeAddress":"$KD$9:$KD$46","headAddress":"$KD$9","bodyAddress":"$KD$10:$KD$46","_name":"основное"},"корректировка факт":{"_level":2,"parentID":"b8f72fb9-6c28-4927-9721-b50f70e25475","firstParentID":"37f35185-9f02-42fc-85af-1854a2f3de01","ID":"26c33035-5574-44ac-a178-7af02fc72b22","childs":null,"emcosID":null,"emcosMLID":null,"WSName":"DB","rangeAddress":"$KE$9:$KE$46","headAddress":"$KE$9","bodyAddress":"$KE$10:$KE$46","_name":"корректировка факт"},"ручное":{"_level":2,"parentID":"b8f72fb9-6c28-4927-9721-b50f70e25475","firstParentID":"37f35185-9f02-42fc-85af-1854a2f3de01","ID":"4a84a74d-5b27-4074-aae5-952dd25d8b9f","childs":null,"emcosID":null,"emcosMLID":null,"WSName":"DB","rangeAddress":"$KF$9:$KF$46","headAddress":"$KF$9","bodyAddress":"$KF$10:$KF$46","_name":"ручное"},"счетчик":{"_level":2,"parentID":"b8f72fb9-6c28-4927-9721-b50f70e25475","firstParentID":"37f35185-9f02-42fc-85af-1854a2f3de01","ID":"1f84d38a-3d79-441a-8e1d-02240da4721d","childs":null,"emcosID":null,"emcosMLID":null,"WSName":"DB","rangeAddress":"$KG$9:$KG$46","headAddress":"$KG$9","bodyAddress":"$KG$10:$KG$46","_name":"счетчик"},"по счетчику":{"_level":2,"parentID":"b8f72fb9-6c28-4927-9721-b50f70e25475","firstParentID":"37f35185-9f02-42fc-85af-1854a2f3de01","ID":"e04163f4-7e2c-4cad-9887-e83b83f53a4c","childs":null,"emcosID":null,"emcosMLID":null,"WSName":"DB","rangeAddress":"$KH$9:$KH$46","headAddress":"$KH$9","bodyAddress":"$KH$10:$KH$46","_name":"по счетчику"}},"emcosID":null,"emcosMLID":null,"WSName":"DB","rangeAddress":"$KC$8:$KH$46","headAddress":"$KC$8:$KH$8","bodyAddress":"$KC$9:$KH$46","_name":"прием"},"отдача":{"_level":1,"parentID":"fde22228-f767-4bc5-8b21-c7378a522bb7","firstParentID":"37f35185-9f02-42fc-85af-1854a2f3de01","ID":"292762e7-4183-4bac-aaa5-1e51146bf797","childs":{"код":{"_level":2,"parentID":"292762e7-4183-4bac-aaa5-1e51146bf797","firstParentID":"37f35185-9f02-42fc-85af-1854a2f3de01","ID":"14d56857-4f96-4318-b857-71ec3af9888f","childs":null,"emcosID":null,"emcosMLID":null,"WSName":"DB","rangeAddress":"$KI$9:$KI$46","headAddress":"$KI$9","bodyAddress":"$KI$10:$KI$46","_name":"код"},"основное":{"_level":2,"parentID":"292762e7-4183-4bac-aaa5-1e51146bf797","firstParentID":"37f35185-9f02-42fc-85af-1854a2f3de01","ID":"6edaf657-f7cb-4f4d-a5b1-5eef2510c326","childs":null,"emcosID":null,"emcosMLID":null,"WSName":"DB","rangeAddress":"$KJ$9:$KJ$46","headAddress":"$KJ$9","bodyAddress":"$KJ$10:$KJ$46","_name":"основное"},"корректировка факт":{"_level":2,"parentID":"292762e7-4183-4bac-aaa5-1e51146bf797","firstParentID":"37f35185-9f02-42fc-85af-1854a2f3de01","ID":"a2de7ca6-bd37-4e38-9794-169dc24ac15c","childs":null,"emcosID":null,"emcosMLID":null,"WSName":"DB","rangeAddress":"$KK$9:$KK$46","headAddress":"$KK$9","bodyAddress":"$KK$10:$KK$46","_name":"корректировка факт"},"ручное":{"_level":2,"parentID":"292762e7-4183-4bac-aaa5-1e51146bf797","firstParentID":"37f35185-9f02-42fc-85af-1854a2f3de01","ID":"91f0d5a0-8c76-4f71-99ca-eb984113040e","childs":null,"emcosID":null,"emcosMLID":null,"WSName":"DB","rangeAddress":"$KL$9:$KL$46","headAddress":"$KL$9","bodyAddress":"$KL$10:$KL$46","_name":"ручное"},"счетчик":{"_level":2,"parentID":"292762e7-4183-4bac-aaa5-1e51146bf797","firstParentID":"37f35185-9f02-42fc-85af-1854a2f3de01","ID":"44452b31-37d5-4ebe-8108-29458744fe07","childs":null,"emcosID":null,"emcosMLID":null,"WSName":"DB","rangeAddress":"$KM$9:$KM$46","headAddress":"$KM$9","bodyAddress":"$KM$10:$KM$46","_name":"счетчик"},"по счетчику":{"_level":2,"parentID":"292762e7-4183-4bac-aaa5-1e51146bf797","firstParentID":"37f35185-9f02-42fc-85af-1854a2f3de01","ID":"90813f3d-8e76-4851-a3c5-8195181e15cc","childs":null,"emcosID":null,"emcosMLID":null,"WSName":"DB","rangeAddress":"$KN$9:$KN$46","headAddress":"$KN$9","bodyAddress":"$KN$10:$KN$46","_name":"по счетчику"}},"emcosID":null,"emcosMLID":null,"WSName":"DB","rangeAddress":"$KI$8:$KN$46","headAddress":"$KI$8:$KN$8","bodyAddress":"$KI$9:$KN$46","_name":"отдача"}},"emcosID":null,"emcosMLID":null,"WSName":"DB","rangeAddress":"$KC$7:$KN$46","headAddress":"$KC$7:$KN$7","bodyAddress":"$KC$8:$KN$46","_name":"Л2283 ЮКГРЭС"}},"codPlan":null,"meterCoef":null,"_name":"Л2283 ЮКГРЭС"}