{"ID":"72af8d55-13a7-4d35-8388-334982ffaad7","childs":{"PS":{"_level":0,"parentID":"72af8d55-13a7-4d35-8388-334982ffaad7","firstParentID":"72af8d55-13a7-4d35-8388-334982ffaad7","ID":"c33bccff-bd68-43ab-8314-1751b501ce3a","childs":{"прием":{"_level":1,"parentID":"c33bccff-bd68-43ab-8314-1751b501ce3a","firstParentID":"72af8d55-13a7-4d35-8388-334982ffaad7","ID":"ccaec419-6899-449b-aa18-a72649de50cf","childs":{"оперативное":{"_level":2,"parentID":"ccaec419-6899-449b-aa18-a72649de50cf","firstParentID":"72af8d55-13a7-4d35-8388-334982ffaad7","ID":"ca9b412a-8b1c-4103-bffa-318feba5fff7","childs":null,"emcosID":null,"emcosMLID":null,"WSName":"PS","rangeAddress":"$DO$56:$DO$92","headAddress":"$DO$56","bodyAddress":"$DO$57:$DO$92","_name":"оперативное"}},"emcosID":null,"emcosMLID":null,"WSName":"PS","rangeAddress":"$DO$55:$DO$92","headAddress":"$DO$55","bodyAddress":"$DO$56:$DO$92","_name":"прием"},"отдача":{"_level":1,"parentID":"c33bccff-bd68-43ab-8314-1751b501ce3a","firstParentID":"72af8d55-13a7-4d35-8388-334982ffaad7","ID":"48ec9776-c8f6-40a1-a8b1-cd781ef5b5b0","childs":{"оперативное":{"_level":2,"parentID":"48ec9776-c8f6-40a1-a8b1-cd781ef5b5b0","firstParentID":"72af8d55-13a7-4d35-8388-334982ffaad7","ID":"0578b9b5-8ee5-410e-b4e0-48246e53ee40","childs":null,"emcosID":null,"emcosMLID":null,"WSName":"PS","rangeAddress":"$DP$56:$DP$92","headAddress":"$DP$56","bodyAddress":"$DP$57:$DP$92","_name":"оперативное"}},"emcosID":null,"emcosMLID":null,"WSName":"PS","rangeAddress":"$DP$55:$DP$92","headAddress":"$DP$55","bodyAddress":"$DP$56:$DP$92","_name":"отдача"}},"emcosID":null,"emcosMLID":null,"WSName":"PS","rangeAddress":"$DO$54:$DP$92","headAddress":"$DO$54:$DP$54","bodyAddress":"$DO$55:$DP$92","_name":"Л2413 Алма"},"DB":{"_level":0,"parentID":"72af8d55-13a7-4d35-8388-334982ffaad7","firstParentID":"72af8d55-13a7-4d35-8388-334982ffaad7","ID":"95d69fa3-6861-4bc0-ad59-9007a0365b66","childs":{"прием":{"_level":1,"parentID":"95d69fa3-6861-4bc0-ad59-9007a0365b66","firstParentID":"72af8d55-13a7-4d35-8388-334982ffaad7","ID":"2b8ea032-873a-49e5-9e76-a4dc4592b6d7","childs":{"код":{"_level":2,"parentID":"2b8ea032-873a-49e5-9e76-a4dc4592b6d7","firstParentID":"72af8d55-13a7-4d35-8388-334982ffaad7","ID":"55b92725-def3-4a91-a91a-5e1b4255076e","childs":null,"emcosID":null,"emcosMLID":null,"WSName":"DB","rangeAddress":"$FQ$52:$FQ$89","headAddress":"$FQ$52","bodyAddress":"$FQ$53:$FQ$89","_name":"код"},"основное":{"_level":2,"parentID":"2b8ea032-873a-49e5-9e76-a4dc4592b6d7","firstParentID":"72af8d55-13a7-4d35-8388-334982ffaad7","ID":"2f4f6552-606e-49a2-87fe-b54ff8fe39b3","childs":null,"emcosID":null,"emcosMLID":null,"WSName":"DB","rangeAddress":"$FR$52:$FR$89","headAddress":"$FR$52","bodyAddress":"$FR$53:$FR$89","_name":"основное"},"корректировка факт":{"_level":2,"parentID":"2b8ea032-873a-49e5-9e76-a4dc4592b6d7","firstParentID":"72af8d55-13a7-4d35-8388-334982ffaad7","ID":"0ee37434-56a2-402f-9ac2-16337bd39045","childs":null,"emcosID":null,"emcosMLID":null,"WSName":"DB","rangeAddress":"$FS$52:$FS$89","headAddress":"$FS$52","bodyAddress":"$FS$53:$FS$89","_name":"корректировка факт"},"ручное":{"_level":2,"parentID":"2b8ea032-873a-49e5-9e76-a4dc4592b6d7","firstParentID":"72af8d55-13a7-4d35-8388-334982ffaad7","ID":"e5eb6ce2-5b2a-4b95-914f-9a74ce9b422d","childs":null,"emcosID":null,"emcosMLID":null,"WSName":"DB","rangeAddress":"$FT$52:$FT$89","headAddress":"$FT$52","bodyAddress":"$FT$53:$FT$89","_name":"ручное"},"оперативное":{"_level":2,"parentID":"2b8ea032-873a-49e5-9e76-a4dc4592b6d7","firstParentID":"72af8d55-13a7-4d35-8388-334982ffaad7","ID":"7d3d31f2-2f1f-46bd-b803-80422d929c33","childs":null,"emcosID":null,"emcosMLID":null,"WSName":"DB","rangeAddress":"$FU$52:$FU$89","headAddress":"$FU$52","bodyAddress":"$FU$53:$FU$89","_name":"оперативное"},"счетчик":{"_level":2,"parentID":"2b8ea032-873a-49e5-9e76-a4dc4592b6d7","firstParentID":"72af8d55-13a7-4d35-8388-334982ffaad7","ID":"ce60619f-d494-4eb8-9c3d-36f91cc965a6","childs":null,"emcosID":null,"emcosMLID":null,"WSName":"DB","rangeAddress":"$FV$52:$FV$89","headAddress":"$FV$52","bodyAddress":"$FV$53:$FV$89","_name":"счетчик"},"по счетчику":{"_level":2,"parentID":"2b8ea032-873a-49e5-9e76-a4dc4592b6d7","firstParentID":"72af8d55-13a7-4d35-8388-334982ffaad7","ID":"2bd23b30-247a-4a4a-b0c5-dcb83f85320a","childs":null,"emcosID":null,"emcosMLID":null,"WSName":"DB","rangeAddress":"$FW$52:$FW$89","headAddress":"$FW$52","bodyAddress":"$FW$53:$FW$89","_name":"по счетчику"}},"emcosID":null,"emcosMLID":null,"WSName":"DB","rangeAddress":"$FQ$51:$FW$89","headAddress":"$FQ$51:$FW$51","bodyAddress":"$FQ$52:$FW$89","_name":"прием"},"отдача":{"_level":1,"parentID":"95d69fa3-6861-4bc0-ad59-9007a0365b66","firstParentID":"72af8d55-13a7-4d35-8388-334982ffaad7","ID":"042ba897-5eff-4724-b950-372cfd214a91","childs":{"код":{"_level":2,"parentID":"042ba897-5eff-4724-b950-372cfd214a91","firstParentID":"72af8d55-13a7-4d35-8388-334982ffaad7","ID":"672677ab-1d5c-402c-848d-52216d3ebbba","childs":null,"emcosID":null,"emcosMLID":null,"WSName":"DB","rangeAddress":"$FX$52:$FX$89","headAddress":"$FX$52","bodyAddress":"$FX$53:$FX$89","_name":"код"},"основное":{"_level":2,"parentID":"042ba897-5eff-4724-b950-372cfd214a91","firstParentID":"72af8d55-13a7-4d35-8388-334982ffaad7","ID":"866ef7fe-b708-4be9-a108-8e97abf804db","childs":null,"emcosID":null,"emcosMLID":null,"WSName":"DB","rangeAddress":"$FY$52:$FY$89","headAddress":"$FY$52","bodyAddress":"$FY$53:$FY$89","_name":"основное"},"корректировка факт":{"_level":2,"parentID":"042ba897-5eff-4724-b950-372cfd214a91","firstParentID":"72af8d55-13a7-4d35-8388-334982ffaad7","ID":"2bf4d632-c33e-44dd-b090-a7800cda989b","childs":null,"emcosID":null,"emcosMLID":null,"WSName":"DB","rangeAddress":"$FZ$52:$FZ$89","headAddress":"$FZ$52","bodyAddress":"$FZ$53:$FZ$89","_name":"корректировка факт"},"ручное":{"_level":2,"parentID":"042ba897-5eff-4724-b950-372cfd214a91","firstParentID":"72af8d55-13a7-4d35-8388-334982ffaad7","ID":"0d82d128-8db6-47f3-b4fb-0f5234a058be","childs":null,"emcosID":null,"emcosMLID":null,"WSName":"DB","rangeAddress":"$GA$52:$GA$89","headAddress":"$GA$52","bodyAddress":"$GA$53:$GA$89","_name":"ручное"},"оперативное":{"_level":2,"parentID":"042ba897-5eff-4724-b950-372cfd214a91","firstParentID":"72af8d55-13a7-4d35-8388-334982ffaad7","ID":"796a8de1-3765-4283-828a-6764d9a7c129","childs":null,"emcosID":null,"emcosMLID":null,"WSName":"DB","rangeAddress":"$GB$52:$GB$89","headAddress":"$GB$52","bodyAddress":"$GB$53:$GB$89","_name":"оперативное"},"счетчик":{"_level":2,"parentID":"042ba897-5eff-4724-b950-372cfd214a91","firstParentID":"72af8d55-13a7-4d35-8388-334982ffaad7","ID":"cbff5053-8c77-45b5-a5b5-c4db2b86785b","childs":null,"emcosID":null,"emcosMLID":null,"WSName":"DB","rangeAddress":"$GC$52:$GC$89","headAddress":"$GC$52","bodyAddress":"$GC$53:$GC$89","_name":"счетчик"},"по счетчику":{"_level":2,"parentID":"042ba897-5eff-4724-b950-372cfd214a91","firstParentID":"72af8d55-13a7-4d35-8388-334982ffaad7","ID":"d9a1fa41-7fb0-49cc-9f9b-b5f1606743f7","childs":null,"emcosID":null,"emcosMLID":null,"WSName":"DB","rangeAddress":"$GD$52:$GD$89","headAddress":"$GD$52","bodyAddress":"$GD$53:$GD$89","_name":"по счетчику"}},"emcosID":null,"emcosMLID":null,"WSName":"DB","rangeAddress":"$FX$51:$GD$89","headAddress":"$FX$51:$GD$51","bodyAddress":"$FX$52:$GD$89","_name":"отдача"}},"emcosID":null,"emcosMLID":null,"WSName":"DB","rangeAddress":"$FQ$50:$GD$89","headAddress":"$FQ$50:$GD$50","bodyAddress":"$FQ$51:$GD$89","_name":"Л2413 Алма"}},"codPlan":null,"meterCoef":null,"_name":"Л2413 Алма"}