{"ID":"2e10e433-4475-47d6-a8ca-2741d02ceee9","childs":{"PS":{"_level":0,"parentID":"2e10e433-4475-47d6-a8ca-2741d02ceee9","firstParentID":"2e10e433-4475-47d6-a8ca-2741d02ceee9","ID":"0eb101cc-2c5a-4989-93e2-cc7e77bbfcd7","childs":{"прием":{"_level":1,"parentID":"0eb101cc-2c5a-4989-93e2-cc7e77bbfcd7","firstParentID":"2e10e433-4475-47d6-a8ca-2741d02ceee9","ID":"51d9c965-23e9-498c-a25f-ad222144485c","childs":{"аскуэ":{"_level":2,"parentID":"51d9c965-23e9-498c-a25f-ad222144485c","firstParentID":"2e10e433-4475-47d6-a8ca-2741d02ceee9","ID":"dfba1663-e003-4ef9-85ee-1922e0780456","childs":null,"emcosID":null,"emcosMLID":null,"WSName":"PS","rangeAddress":"$AY$56:$AY$92","headAddress":"$AY$56","bodyAddress":"$AY$57:$AY$92","_name":"аскуэ"}},"emcosID":null,"emcosMLID":null,"WSName":"PS","rangeAddress":"$AY$55:$AY$92","headAddress":"$AY$55","bodyAddress":"$AY$56:$AY$92","_name":"прием"},"отдача":{"_level":1,"parentID":"0eb101cc-2c5a-4989-93e2-cc7e77bbfcd7","firstParentID":"2e10e433-4475-47d6-a8ca-2741d02ceee9","ID":"39da3f5d-b405-4ddd-ac20-e1144c48375e","childs":{"аскуэ":{"_level":2,"parentID":"39da3f5d-b405-4ddd-ac20-e1144c48375e","firstParentID":"2e10e433-4475-47d6-a8ca-2741d02ceee9","ID":"6f108dda-b75c-48cb-aa39-a1f5d74c67b7","childs":null,"emcosID":null,"emcosMLID":null,"WSName":"PS","rangeAddress":"$AZ$56:$AZ$92","headAddress":"$AZ$56","bodyAddress":"$AZ$57:$AZ$92","_name":"аскуэ"}},"emcosID":null,"emcosMLID":null,"WSName":"PS","rangeAddress":"$AZ$55:$AZ$92","headAddress":"$AZ$55","bodyAddress":"$AZ$56:$AZ$92","_name":"отдача"}},"emcosID":null,"emcosMLID":null,"WSName":"PS","rangeAddress":"$AY$54:$AZ$92","headAddress":"$AY$54:$AZ$54","bodyAddress":"$AY$55:$AZ$92","_name":"Л136А Шу"},"DB":{"_level":0,"parentID":"2e10e433-4475-47d6-a8ca-2741d02ceee9","firstParentID":"2e10e433-4475-47d6-a8ca-2741d02ceee9","ID":"ba2961c7-05c5-44e6-a5de-4329796c25e0","childs":{"прием":{"_level":1,"parentID":"ba2961c7-05c5-44e6-a5de-4329796c25e0","firstParentID":"2e10e433-4475-47d6-a8ca-2741d02ceee9","ID":"f88379f9-f3ae-4b8a-acad-f9c0a5269d22","childs":{"код":{"_level":2,"parentID":"f88379f9-f3ae-4b8a-acad-f9c0a5269d22","firstParentID":"2e10e433-4475-47d6-a8ca-2741d02ceee9","ID":"19e50148-6400-4415-a50c-600ccbca36d5","childs":null,"emcosID":null,"emcosMLID":null,"WSName":"DB","rangeAddress":"$AP$224:$AP$261","headAddress":"$AP$224","bodyAddress":"$AP$225:$AP$261","_name":"код"},"основное":{"_level":2,"parentID":"f88379f9-f3ae-4b8a-acad-f9c0a5269d22","firstParentID":"2e10e433-4475-47d6-a8ca-2741d02ceee9","ID":"e19b8a0e-a5bf-4db4-bcfa-105a7c79985a","childs":null,"emcosID":null,"emcosMLID":null,"WSName":"DB","rangeAddress":"$AQ$224:$AQ$261","headAddress":"$AQ$224","bodyAddress":"$AQ$225:$AQ$261","_name":"основное"},"корректировка факт":{"_level":2,"parentID":"f88379f9-f3ae-4b8a-acad-f9c0a5269d22","firstParentID":"2e10e433-4475-47d6-a8ca-2741d02ceee9","ID":"1edae9a7-5a3f-4f9a-8a3c-f57539a441b5","childs":null,"emcosID":null,"emcosMLID":null,"WSName":"DB","rangeAddress":"$AR$224:$AR$261","headAddress":"$AR$224","bodyAddress":"$AR$225:$AR$261","_name":"корректировка факт"},"ручное":{"_level":2,"parentID":"f88379f9-f3ae-4b8a-acad-f9c0a5269d22","firstParentID":"2e10e433-4475-47d6-a8ca-2741d02ceee9","ID":"1d53cc61-4a38-451b-8b5b-98f254e23ba3","childs":null,"emcosID":null,"emcosMLID":null,"WSName":"DB","rangeAddress":"$AS$224:$AS$261","headAddress":"$AS$224","bodyAddress":"$AS$225:$AS$261","_name":"ручное"},"счетчик":{"_level":2,"parentID":"f88379f9-f3ae-4b8a-acad-f9c0a5269d22","firstParentID":"2e10e433-4475-47d6-a8ca-2741d02ceee9","ID":"a6dccad9-dd10-4c89-84a5-8be683a2288d","childs":null,"emcosID":null,"emcosMLID":null,"WSName":"DB","rangeAddress":"$AT$224:$AT$261","headAddress":"$AT$224","bodyAddress":"$AT$225:$AT$261","_name":"счетчик"},"по счетчику":{"_level":2,"parentID":"f88379f9-f3ae-4b8a-acad-f9c0a5269d22","firstParentID":"2e10e433-4475-47d6-a8ca-2741d02ceee9","ID":"58ebcc7e-8d79-4ba8-a173-9a0a9dfeb0f7","childs":null,"emcosID":null,"emcosMLID":null,"WSName":"DB","rangeAddress":"$AU$224:$AU$261","headAddress":"$AU$224","bodyAddress":"$AU$225:$AU$261","_name":"по счетчику"},"аскуэ":{"_level":2,"parentID":"f88379f9-f3ae-4b8a-acad-f9c0a5269d22","firstParentID":"2e10e433-4475-47d6-a8ca-2741d02ceee9","ID":"506fd89c-1fd9-403b-b9a9-8512b0ba8b59","childs":null,"emcosID":null,"emcosMLID":null,"WSName":"DB","rangeAddress":"$AV$224:$AV$261","headAddress":"$AV$224","bodyAddress":"$AV$225:$AV$261","_name":"аскуэ"}},"emcosID":415,"emcosMLID":386,"WSName":"DB","rangeAddress":"$AP$223:$AV$261","headAddress":"$AP$223:$AV$223","bodyAddress":"$AP$224:$AV$261","_name":"прием"},"отдача":{"_level":1,"parentID":"ba2961c7-05c5-44e6-a5de-4329796c25e0","firstParentID":"2e10e433-4475-47d6-a8ca-2741d02ceee9","ID":"8943c376-0be1-4ee7-8a26-daef0693dd5b","childs":{"код":{"_level":2,"parentID":"8943c376-0be1-4ee7-8a26-daef0693dd5b","firstParentID":"2e10e433-4475-47d6-a8ca-2741d02ceee9","ID":"0bbbba12-17bd-4346-9597-cff601351166","childs":null,"emcosID":null,"emcosMLID":null,"WSName":"DB","rangeAddress":"$AW$224:$AW$261","headAddress":"$AW$224","bodyAddress":"$AW$225:$AW$261","_name":"код"},"основное":{"_level":2,"parentID":"8943c376-0be1-4ee7-8a26-daef0693dd5b","firstParentID":"2e10e433-4475-47d6-a8ca-2741d02ceee9","ID":"27a98d2a-b425-4c3f-9af7-c360103981cf","childs":null,"emcosID":null,"emcosMLID":null,"WSName":"DB","rangeAddress":"$AX$224:$AX$261","headAddress":"$AX$224","bodyAddress":"$AX$225:$AX$261","_name":"основное"},"корректировка факт":{"_level":2,"parentID":"8943c376-0be1-4ee7-8a26-daef0693dd5b","firstParentID":"2e10e433-4475-47d6-a8ca-2741d02ceee9","ID":"fc26230b-ea82-473c-9c99-d19262661f9b","childs":null,"emcosID":null,"emcosMLID":null,"WSName":"DB","rangeAddress":"$AY$224:$AY$261","headAddress":"$AY$224","bodyAddress":"$AY$225:$AY$261","_name":"корректировка факт"},"ручное":{"_level":2,"parentID":"8943c376-0be1-4ee7-8a26-daef0693dd5b","firstParentID":"2e10e433-4475-47d6-a8ca-2741d02ceee9","ID":"430ac017-c3ce-4cdf-99ad-64b73b31d97b","childs":null,"emcosID":null,"emcosMLID":null,"WSName":"DB","rangeAddress":"$AZ$224:$AZ$261","headAddress":"$AZ$224","bodyAddress":"$AZ$225:$AZ$261","_name":"ручное"},"счетчик":{"_level":2,"parentID":"8943c376-0be1-4ee7-8a26-daef0693dd5b","firstParentID":"2e10e433-4475-47d6-a8ca-2741d02ceee9","ID":"7d58242d-68c5-4df9-8b96-179ff0ce2b27","childs":null,"emcosID":null,"emcosMLID":null,"WSName":"DB","rangeAddress":"$BA$224:$BA$261","headAddress":"$BA$224","bodyAddress":"$BA$225:$BA$261","_name":"счетчик"},"по счетчику":{"_level":2,"parentID":"8943c376-0be1-4ee7-8a26-daef0693dd5b","firstParentID":"2e10e433-4475-47d6-a8ca-2741d02ceee9","ID":"00714bfe-0c59-4ce0-bd14-2375fe557029","childs":null,"emcosID":null,"emcosMLID":null,"WSName":"DB","rangeAddress":"$BB$224:$BB$261","headAddress":"$BB$224","bodyAddress":"$BB$225:$BB$261","_name":"по счетчику"},"аскуэ":{"_level":2,"parentID":"8943c376-0be1-4ee7-8a26-daef0693dd5b","firstParentID":"2e10e433-4475-47d6-a8ca-2741d02ceee9","ID":"b2c8ee74-64c3-4c83-9d43-bf94b699ae16","childs":null,"emcosID":null,"emcosMLID":null,"WSName":"DB","rangeAddress":"$BC$224:$BC$261","headAddress":"$BC$224","bodyAddress":"$BC$225:$BC$261","_name":"аскуэ"}},"emcosID":415,"emcosMLID":385,"WSName":"DB","rangeAddress":"$AW$223:$BC$261","headAddress":"$AW$223:$BC$223","bodyAddress":"$AW$224:$BC$261","_name":"отдача"}},"emcosID":null,"emcosMLID":null,"WSName":"DB","rangeAddress":"$AP$222:$BC$261","headAddress":"$AP$222:$BC$222","bodyAddress":"$AP$223:$BC$261","_name":"Л136А Шу"}},"codPlan":null,"meterCoef":null,"_name":"Л136А Шу"}