{"ID":"425b6464-af5e-42b5-9401-872c8e026a47","childs":{"PS":{"_level":0,"parentID":"425b6464-af5e-42b5-9401-872c8e026a47","firstParentID":"425b6464-af5e-42b5-9401-872c8e026a47","ID":"99d89d75-62b2-45e5-a37e-bb3b5be8226b","childs":{"прием":{"_level":1,"parentID":"99d89d75-62b2-45e5-a37e-bb3b5be8226b","firstParentID":"425b6464-af5e-42b5-9401-872c8e026a47","ID":"ac8dde4d-fcd3-4d68-93e7-f8db233b85c2","childs":{"аскуэ":{"_level":2,"parentID":"ac8dde4d-fcd3-4d68-93e7-f8db233b85c2","firstParentID":"425b6464-af5e-42b5-9401-872c8e026a47","ID":"568a01bf-c2ef-486a-ad0f-d31604cb94da","childs":null,"emcosID":null,"emcosMLID":null,"WSName":"PS","rangeAddress":"$IA$99:$IA$135","headAddress":"$IA$99","bodyAddress":"$IA$100:$IA$135","_name":"аскуэ"}},"emcosID":null,"emcosMLID":null,"WSName":"PS","rangeAddress":"$IA$98:$IA$135","headAddress":"$IA$98","bodyAddress":"$IA$99:$IA$135","_name":"прием"},"отдача":{"_level":1,"parentID":"99d89d75-62b2-45e5-a37e-bb3b5be8226b","firstParentID":"425b6464-af5e-42b5-9401-872c8e026a47","ID":"2fdb438c-e9a9-47e3-b728-588e7de29c3b","childs":{"аскуэ":{"_level":2,"parentID":"2fdb438c-e9a9-47e3-b728-588e7de29c3b","firstParentID":"425b6464-af5e-42b5-9401-872c8e026a47","ID":"b6b2a432-95f2-4ce9-a08d-776745fb7135","childs":null,"emcosID":null,"emcosMLID":null,"WSName":"PS","rangeAddress":"$IB$99:$IB$135","headAddress":"$IB$99","bodyAddress":"$IB$100:$IB$135","_name":"аскуэ"}},"emcosID":null,"emcosMLID":null,"WSName":"PS","rangeAddress":"$IB$98:$IB$135","headAddress":"$IB$98","bodyAddress":"$IB$99:$IB$135","_name":"отдача"}},"emcosID":null,"emcosMLID":null,"WSName":"PS","rangeAddress":"$IA$97:$IB$135","headAddress":"$IA$97:$IB$97","bodyAddress":"$IA$98:$IB$135","_name":"Л5400 Актогай"},"DB":{"_level":0,"parentID":"425b6464-af5e-42b5-9401-872c8e026a47","firstParentID":"425b6464-af5e-42b5-9401-872c8e026a47","ID":"68f42bab-2fc5-4324-8fb3-e7effe4b0327","childs":{"прием":{"_level":1,"parentID":"68f42bab-2fc5-4324-8fb3-e7effe4b0327","firstParentID":"425b6464-af5e-42b5-9401-872c8e026a47","ID":"293a0493-d4e2-4a74-bed8-9e4adee66a08","childs":{"код":{"_level":2,"parentID":"293a0493-d4e2-4a74-bed8-9e4adee66a08","firstParentID":"425b6464-af5e-42b5-9401-872c8e026a47","ID":"84b0ea0e-d7a8-451c-8bf2-9b98e451a573","childs":null,"emcosID":null,"emcosMLID":null,"WSName":"DB","rangeAddress":"$GO$267:$GO$304","headAddress":"$GO$267","bodyAddress":"$GO$268:$GO$304","_name":"код"},"основное":{"_level":2,"parentID":"293a0493-d4e2-4a74-bed8-9e4adee66a08","firstParentID":"425b6464-af5e-42b5-9401-872c8e026a47","ID":"392fe0a3-4d31-49ba-b9e8-d97e57bd6332","childs":null,"emcosID":null,"emcosMLID":null,"WSName":"DB","rangeAddress":"$GP$267:$GP$304","headAddress":"$GP$267","bodyAddress":"$GP$268:$GP$304","_name":"основное"},"корректировка факт":{"_level":2,"parentID":"293a0493-d4e2-4a74-bed8-9e4adee66a08","firstParentID":"425b6464-af5e-42b5-9401-872c8e026a47","ID":"4e4533f1-65c5-4891-84e8-b0beb66b1903","childs":null,"emcosID":null,"emcosMLID":null,"WSName":"DB","rangeAddress":"$GQ$267:$GQ$304","headAddress":"$GQ$267","bodyAddress":"$GQ$268:$GQ$304","_name":"корректировка факт"},"ручное":{"_level":2,"parentID":"293a0493-d4e2-4a74-bed8-9e4adee66a08","firstParentID":"425b6464-af5e-42b5-9401-872c8e026a47","ID":"f550079e-ea8a-40d4-97da-335fbc52a0cc","childs":null,"emcosID":null,"emcosMLID":null,"WSName":"DB","rangeAddress":"$GR$267:$GR$304","headAddress":"$GR$267","bodyAddress":"$GR$268:$GR$304","_name":"ручное"},"счетчик":{"_level":2,"parentID":"293a0493-d4e2-4a74-bed8-9e4adee66a08","firstParentID":"425b6464-af5e-42b5-9401-872c8e026a47","ID":"41334151-c6ad-43af-a845-512f89ff515c","childs":null,"emcosID":null,"emcosMLID":null,"WSName":"DB","rangeAddress":"$GS$267:$GS$304","headAddress":"$GS$267","bodyAddress":"$GS$268:$GS$304","_name":"счетчик"},"по счетчику":{"_level":2,"parentID":"293a0493-d4e2-4a74-bed8-9e4adee66a08","firstParentID":"425b6464-af5e-42b5-9401-872c8e026a47","ID":"cfb4d9ff-c9de-4942-8c53-110266737051","childs":null,"emcosID":null,"emcosMLID":null,"WSName":"DB","rangeAddress":"$GT$267:$GT$304","headAddress":"$GT$267","bodyAddress":"$GT$268:$GT$304","_name":"по счетчику"},"аскуэ":{"_level":2,"parentID":"293a0493-d4e2-4a74-bed8-9e4adee66a08","firstParentID":"425b6464-af5e-42b5-9401-872c8e026a47","ID":"756950bc-8a80-4c8c-88a6-bbe474ab2a04","childs":null,"emcosID":null,"emcosMLID":null,"WSName":"DB","rangeAddress":"$GU$267:$GU$304","headAddress":"$GU$267","bodyAddress":"$GU$268:$GU$304","_name":"аскуэ"}},"emcosID":1532,"emcosMLID":386,"WSName":"DB","rangeAddress":"$GO$266:$GU$304","headAddress":"$GO$266:$GU$266","bodyAddress":"$GO$267:$GU$304","_name":"прием"},"отдача":{"_level":1,"parentID":"68f42bab-2fc5-4324-8fb3-e7effe4b0327","firstParentID":"425b6464-af5e-42b5-9401-872c8e026a47","ID":"bd00541d-5a56-4b5f-8828-67283f357419","childs":{"код":{"_level":2,"parentID":"bd00541d-5a56-4b5f-8828-67283f357419","firstParentID":"425b6464-af5e-42b5-9401-872c8e026a47","ID":"f257c60b-0f9b-40ee-aa28-2439337de9fe","childs":null,"emcosID":null,"emcosMLID":null,"WSName":"DB","rangeAddress":"$GV$267:$GV$304","headAddress":"$GV$267","bodyAddress":"$GV$268:$GV$304","_name":"код"},"основное":{"_level":2,"parentID":"bd00541d-5a56-4b5f-8828-67283f357419","firstParentID":"425b6464-af5e-42b5-9401-872c8e026a47","ID":"f67cf325-4a85-4bf1-8105-4ee2a10dace5","childs":null,"emcosID":null,"emcosMLID":null,"WSName":"DB","rangeAddress":"$GW$267:$GW$304","headAddress":"$GW$267","bodyAddress":"$GW$268:$GW$304","_name":"основное"},"корректировка факт":{"_level":2,"parentID":"bd00541d-5a56-4b5f-8828-67283f357419","firstParentID":"425b6464-af5e-42b5-9401-872c8e026a47","ID":"0ed9ff7a-068b-416a-b5e0-529b092d9f13","childs":null,"emcosID":null,"emcosMLID":null,"WSName":"DB","rangeAddress":"$GX$267:$GX$304","headAddress":"$GX$267","bodyAddress":"$GX$268:$GX$304","_name":"корректировка факт"},"ручное":{"_level":2,"parentID":"bd00541d-5a56-4b5f-8828-67283f357419","firstParentID":"425b6464-af5e-42b5-9401-872c8e026a47","ID":"e588c1d5-0ff4-4356-8446-5f803c1a73ee","childs":null,"emcosID":null,"emcosMLID":null,"WSName":"DB","rangeAddress":"$GY$267:$GY$304","headAddress":"$GY$267","bodyAddress":"$GY$268:$GY$304","_name":"ручное"},"счетчик":{"_level":2,"parentID":"bd00541d-5a56-4b5f-8828-67283f357419","firstParentID":"425b6464-af5e-42b5-9401-872c8e026a47","ID":"03769cbc-8ff7-4af5-936a-ce940138568f","childs":null,"emcosID":null,"emcosMLID":null,"WSName":"DB","rangeAddress":"$GZ$267:$GZ$304","headAddress":"$GZ$267","bodyAddress":"$GZ$268:$GZ$304","_name":"счетчик"},"по счетчику":{"_level":2,"parentID":"bd00541d-5a56-4b5f-8828-67283f357419","firstParentID":"425b6464-af5e-42b5-9401-872c8e026a47","ID":"551d25e6-ac3b-4a15-80f6-5f4c03c0c12e","childs":null,"emcosID":null,"emcosMLID":null,"WSName":"DB","rangeAddress":"$HA$267:$HA$304","headAddress":"$HA$267","bodyAddress":"$HA$268:$HA$304","_name":"по счетчику"},"аскуэ":{"_level":2,"parentID":"bd00541d-5a56-4b5f-8828-67283f357419","firstParentID":"425b6464-af5e-42b5-9401-872c8e026a47","ID":"aad45426-3a33-4289-8712-28965205085a","childs":null,"emcosID":null,"emcosMLID":null,"WSName":"DB","rangeAddress":"$HB$267:$HB$304","headAddress":"$HB$267","bodyAddress":"$HB$268:$HB$304","_name":"аскуэ"}},"emcosID":1532,"emcosMLID":385,"WSName":"DB","rangeAddress":"$GV$266:$HB$304","headAddress":"$GV$266:$HB$266","bodyAddress":"$GV$267:$HB$304","_name":"отдача"}},"emcosID":null,"emcosMLID":null,"WSName":"DB","rangeAddress":"$GO$265:$HB$304","headAddress":"$GO$265:$HB$265","bodyAddress":"$GO$266:$HB$304","_name":"Л5400 Актогай"}},"codPlan":null,"meterCoef":null,"_name":"Л5400 Актогай"}