{"ID":"59dd7689-74de-40e5-8773-66bd509759f9","childs":{"PS":{"_level":0,"parentID":"59dd7689-74de-40e5-8773-66bd509759f9","firstParentID":"59dd7689-74de-40e5-8773-66bd509759f9","ID":"c0e9a173-9036-4365-b02c-f01538f151ae","childs":{"прием":{"_level":1,"parentID":"c0e9a173-9036-4365-b02c-f01538f151ae","firstParentID":"59dd7689-74de-40e5-8773-66bd509759f9","ID":"69b8430d-e275-4dd1-b38a-4bffb8ca3649","childs":{"ручное":{"_level":2,"parentID":"69b8430d-e275-4dd1-b38a-4bffb8ca3649","firstParentID":"59dd7689-74de-40e5-8773-66bd509759f9","ID":"0a48fc0e-efc2-4288-8054-1564e11df9c9","childs":null,"emcosID":null,"emcosMLID":null,"WSName":"PS","rangeAddress":"$GF$99:$GF$135","headAddress":"$GF$99","bodyAddress":"$GF$100:$GF$135","_name":"ручное"}},"emcosID":null,"emcosMLID":null,"WSName":"PS","rangeAddress":"$GF$98:$GF$135","headAddress":"$GF$98","bodyAddress":"$GF$99:$GF$135","_name":"прием"},"отдача":{"_level":1,"parentID":"c0e9a173-9036-4365-b02c-f01538f151ae","firstParentID":"59dd7689-74de-40e5-8773-66bd509759f9","ID":"33125a49-9982-40cd-a181-d40ba166a786","childs":{"ручное":{"_level":2,"parentID":"33125a49-9982-40cd-a181-d40ba166a786","firstParentID":"59dd7689-74de-40e5-8773-66bd509759f9","ID":"8b4c0ce2-02b6-4994-aac9-cc13d0aa42ff","childs":null,"emcosID":null,"emcosMLID":null,"WSName":"PS","rangeAddress":"$GG$99:$GG$135","headAddress":"$GG$99","bodyAddress":"$GG$100:$GG$135","_name":"ручное"}},"emcosID":null,"emcosMLID":null,"WSName":"PS","rangeAddress":"$GG$98:$GG$135","headAddress":"$GG$98","bodyAddress":"$GG$99:$GG$135","_name":"отдача"}},"emcosID":null,"emcosMLID":null,"WSName":"PS","rangeAddress":"$GF$97:$GG$135","headAddress":"$GF$97:$GG$97","bodyAddress":"$GF$98:$GG$135","_name":"Л2273 Чиганак тяга"},"DB":{"_level":0,"parentID":"59dd7689-74de-40e5-8773-66bd509759f9","firstParentID":"59dd7689-74de-40e5-8773-66bd509759f9","ID":"4afb1046-b561-488e-9fbf-d05777166b47","childs":{"прием":{"_level":1,"parentID":"4afb1046-b561-488e-9fbf-d05777166b47","firstParentID":"59dd7689-74de-40e5-8773-66bd509759f9","ID":"18cb4d87-bc30-4635-8323-56dce4af005b","childs":{"код":{"_level":2,"parentID":"18cb4d87-bc30-4635-8323-56dce4af005b","firstParentID":"59dd7689-74de-40e5-8773-66bd509759f9","ID":"9e4d97cf-251a-434e-bd9a-71b8f67bfc13","childs":null,"emcosID":null,"emcosMLID":null,"WSName":"DB","rangeAddress":"$K$95:$K$132","headAddress":"$K$95","bodyAddress":"$K$96:$K$132","_name":"код"},"основное":{"_level":2,"parentID":"18cb4d87-bc30-4635-8323-56dce4af005b","firstParentID":"59dd7689-74de-40e5-8773-66bd509759f9","ID":"efaa5e96-d87d-4b7e-82ae-6680166db8e9","childs":null,"emcosID":null,"emcosMLID":null,"WSName":"DB","rangeAddress":"$L$95:$L$132","headAddress":"$L$95","bodyAddress":"$L$96:$L$132","_name":"основное"},"корректировка факт":{"_level":2,"parentID":"18cb4d87-bc30-4635-8323-56dce4af005b","firstParentID":"59dd7689-74de-40e5-8773-66bd509759f9","ID":"5ae0e604-426a-48c6-bc52-622b43b2ff55","childs":null,"emcosID":null,"emcosMLID":null,"WSName":"DB","rangeAddress":"$M$95:$M$132","headAddress":"$M$95","bodyAddress":"$M$96:$M$132","_name":"корректировка факт"},"ручное":{"_level":2,"parentID":"18cb4d87-bc30-4635-8323-56dce4af005b","firstParentID":"59dd7689-74de-40e5-8773-66bd509759f9","ID":"18939157-a14c-4064-903d-15ed834dbd6e","childs":null,"emcosID":null,"emcosMLID":null,"WSName":"DB","rangeAddress":"$N$95:$N$132","headAddress":"$N$95","bodyAddress":"$N$96:$N$132","_name":"ручное"}},"emcosID":null,"emcosMLID":null,"WSName":"DB","rangeAddress":"$K$94:$N$132","headAddress":"$K$94:$N$94","bodyAddress":"$K$95:$N$132","_name":"прием"},"отдача":{"_level":1,"parentID":"4afb1046-b561-488e-9fbf-d05777166b47","firstParentID":"59dd7689-74de-40e5-8773-66bd509759f9","ID":"09128d50-cdd4-4dd9-b38f-490bf04221a1","childs":{"код":{"_level":2,"parentID":"09128d50-cdd4-4dd9-b38f-490bf04221a1","firstParentID":"59dd7689-74de-40e5-8773-66bd509759f9","ID":"27cf2f37-5c4b-4b39-80d8-b3e711936e34","childs":null,"emcosID":null,"emcosMLID":null,"WSName":"DB","rangeAddress":"$O$95:$O$132","headAddress":"$O$95","bodyAddress":"$O$96:$O$132","_name":"код"},"основное":{"_level":2,"parentID":"09128d50-cdd4-4dd9-b38f-490bf04221a1","firstParentID":"59dd7689-74de-40e5-8773-66bd509759f9","ID":"5466d476-8e2b-42aa-9c51-ab08f9868d12","childs":null,"emcosID":null,"emcosMLID":null,"WSName":"DB","rangeAddress":"$P$95:$P$132","headAddress":"$P$95","bodyAddress":"$P$96:$P$132","_name":"основное"},"корректировка факт":{"_level":2,"parentID":"09128d50-cdd4-4dd9-b38f-490bf04221a1","firstParentID":"59dd7689-74de-40e5-8773-66bd509759f9","ID":"2fe834e4-0fc8-4b5f-b79a-c716ba5839e5","childs":null,"emcosID":null,"emcosMLID":null,"WSName":"DB","rangeAddress":"$Q$95:$Q$132","headAddress":"$Q$95","bodyAddress":"$Q$96:$Q$132","_name":"корректировка факт"},"ручное":{"_level":2,"parentID":"09128d50-cdd4-4dd9-b38f-490bf04221a1","firstParentID":"59dd7689-74de-40e5-8773-66bd509759f9","ID":"a24e6276-b717-4180-9ecb-be9dc454d492","childs":null,"emcosID":null,"emcosMLID":null,"WSName":"DB","rangeAddress":"$R$95:$R$132","headAddress":"$R$95","bodyAddress":"$R$96:$R$132","_name":"ручное"}},"emcosID":null,"emcosMLID":null,"WSName":"DB","rangeAddress":"$O$94:$R$132","headAddress":"$O$94:$R$94","bodyAddress":"$O$95:$R$132","_name":"отдача"}},"emcosID":null,"emcosMLID":null,"WSName":"DB","rangeAddress":"$K$93:$R$132","headAddress":"$K$93:$R$93","bodyAddress":"$K$94:$R$132","_name":"Л2273 Чиганак тяга"}},"codPlan":null,"meterCoef":null,"_name":"Л2273 Чиганак тяга"}