{"ID":"f480ea1e-c618-45bd-9a1f-c4cc61302129","childs":{"PS":{"_level":0,"parentID":"f480ea1e-c618-45bd-9a1f-c4cc61302129","firstParentID":"f480ea1e-c618-45bd-9a1f-c4cc61302129","ID":"c29fb305-f853-42f2-9b4f-60779c711280","childs":{"прием":{"_level":1,"parentID":"c29fb305-f853-42f2-9b4f-60779c711280","firstParentID":"f480ea1e-c618-45bd-9a1f-c4cc61302129","ID":"1fb32721-bdb2-4782-ae05-d18fdb408837","childs":{"оперативное":{"_level":2,"parentID":"1fb32721-bdb2-4782-ae05-d18fdb408837","firstParentID":"f480ea1e-c618-45bd-9a1f-c4cc61302129","ID":"5845f0c7-08ac-4527-aeee-71e88181f94f","childs":null,"emcosID":null,"emcosMLID":null,"WSName":"PS","rangeAddress":"$R$228:$R$264","headAddress":"$R$228","bodyAddress":"$R$229:$R$264","_name":"оперативное"}},"emcosID":null,"emcosMLID":null,"WSName":"PS","rangeAddress":"$R$227:$R$264","headAddress":"$R$227","bodyAddress":"$R$228:$R$264","_name":"прием"}},"emcosID":null,"emcosMLID":null,"WSName":"PS","rangeAddress":"$R$226:$R$264","headAddress":"$R$226","bodyAddress":"$R$227:$R$264","_name":"Потребление Хоргос Энерго"},"DB":{"_level":0,"parentID":"f480ea1e-c618-45bd-9a1f-c4cc61302129","firstParentID":"f480ea1e-c618-45bd-9a1f-c4cc61302129","ID":"a0b08c3e-b6f2-4ee8-bff5-f53097efe680","childs":{"прием":{"_level":1,"parentID":"a0b08c3e-b6f2-4ee8-bff5-f53097efe680","firstParentID":"f480ea1e-c618-45bd-9a1f-c4cc61302129","ID":"dfeebd5e-cc01-433f-8d98-7e3acd8fe81e","childs":{"код":{"_level":2,"parentID":"dfeebd5e-cc01-433f-8d98-7e3acd8fe81e","firstParentID":"f480ea1e-c618-45bd-9a1f-c4cc61302129","ID":"422679fd-6f79-4c2c-89b9-a0f65d3a0426","childs":null,"emcosID":null,"emcosMLID":null,"WSName":"DB","rangeAddress":"$CO$396:$CO$433","headAddress":"$CO$396","bodyAddress":"$CO$397:$CO$433","_name":"код"},"основное":{"_level":2,"parentID":"dfeebd5e-cc01-433f-8d98-7e3acd8fe81e","firstParentID":"f480ea1e-c618-45bd-9a1f-c4cc61302129","ID":"0f411f66-40e7-476e-8516-c11d3a874463","childs":null,"emcosID":null,"emcosMLID":null,"WSName":"DB","rangeAddress":"$CP$396:$CP$433","headAddress":"$CP$396","bodyAddress":"$CP$397:$CP$433","_name":"основное"},"корректировка факт":{"_level":2,"parentID":"dfeebd5e-cc01-433f-8d98-7e3acd8fe81e","firstParentID":"f480ea1e-c618-45bd-9a1f-c4cc61302129","ID":"7a26d3a1-be17-45e4-998a-32c5f18ed861","childs":null,"emcosID":null,"emcosMLID":null,"WSName":"DB","rangeAddress":"$CQ$396:$CQ$433","headAddress":"$CQ$396","bodyAddress":"$CQ$397:$CQ$433","_name":"корректировка факт"},"ручное":{"_level":2,"parentID":"dfeebd5e-cc01-433f-8d98-7e3acd8fe81e","firstParentID":"f480ea1e-c618-45bd-9a1f-c4cc61302129","ID":"301778f6-c89f-40fd-abc8-97ec85f60fbc","childs":null,"emcosID":null,"emcosMLID":null,"WSName":"DB","rangeAddress":"$CR$396:$CR$433","headAddress":"$CR$396","bodyAddress":"$CR$397:$CR$433","_name":"ручное"},"оперативное":{"_level":2,"parentID":"dfeebd5e-cc01-433f-8d98-7e3acd8fe81e","firstParentID":"f480ea1e-c618-45bd-9a1f-c4cc61302129","ID":"f5560dc3-7111-4f7f-8ad4-6ef594879ede","childs":null,"emcosID":null,"emcosMLID":null,"WSName":"DB","rangeAddress":"$CS$396:$CS$433","headAddress":"$CS$396","bodyAddress":"$CS$397:$CS$433","_name":"оперативное"}},"emcosID":null,"emcosMLID":null,"WSName":"DB","rangeAddress":"$CO$395:$CS$433","headAddress":"$CO$395:$CS$395","bodyAddress":"$CO$396:$CS$433","_name":"прием"}},"emcosID":null,"emcosMLID":null,"WSName":"DB","rangeAddress":"$CO$394:$CS$433","headAddress":"$CO$394:$CS$394","bodyAddress":"$CO$395:$CS$433","_name":"Потребление Хоргос Энерго"}},"codPlan":null,"meterCoef":null,"_name":"Потребление Хоргос Энерго"}