{"ID":"37f35185-9f02-42fc-85af-1854a2f3de01","childs":{"PS":{"_level":0,"parentID":"37f35185-9f02-42fc-85af-1854a2f3de01","firstParentID":"37f35185-9f02-42fc-85af-1854a2f3de01","ID":"a7607e07-698c-472b-a1dc-f3d6c5079321","childs":{"прием":{"_level":1,"parentID":"a7607e07-698c-472b-a1dc-f3d6c5079321","firstParentID":"37f35185-9f02-42fc-85af-1854a2f3de01","ID":"8c1d2f11-d438-4654-bcb2-e4ae249d7361","childs":{"по счетчику":{"_level":2,"parentID":"8c1d2f11-d438-4654-bcb2-e4ae249d7361","firstParentID":"37f35185-9f02-42fc-85af-1854a2f3de01","ID":"46babeeb-223c-43f8-878c-bc648380f97f","childs":null,"emcosID":null,"emcosMLID":null,"WSName":"PS","rangeAddress":"$Q$56:$Q$92","headAddress":"$Q$56","bodyAddress":"$Q$57:$Q$92","_name":"по счетчику"}},"emcosID":null,"emcosMLID":null,"WSName":"PS","rangeAddress":"$Q$55:$Q$92","headAddress":"$Q$55","bodyAddress":"$Q$56:$Q$92","_name":"прием"},"отдача":{"_level":1,"parentID":"a7607e07-698c-472b-a1dc-f3d6c5079321","firstParentID":"37f35185-9f02-42fc-85af-1854a2f3de01","ID":"364418e9-443b-426a-8dfb-7318b1b52673","childs":{"по счетчику":{"_level":2,"parentID":"364418e9-443b-426a-8dfb-7318b1b52673","firstParentID":"37f35185-9f02-42fc-85af-1854a2f3de01","ID":"b7b95c48-9898-4584-9d7f-d67d94d34b22","childs":null,"emcosID":null,"emcosMLID":null,"WSName":"PS","rangeAddress":"$R$56:$R$92","headAddress":"$R$56","bodyAddress":"$R$57:$R$92","_name":"по счетчику"}},"emcosID":null,"emcosMLID":null,"WSName":"PS","rangeAddress":"$R$55:$R$92","headAddress":"$R$55","bodyAddress":"$R$56:$R$92","_name":"отдача"}},"emcosID":null,"emcosMLID":null,"WSName":"PS","rangeAddress":"$Q$54:$R$92","headAddress":"$Q$54:$R$54","bodyAddress":"$Q$55:$R$92","_name":"Л2283 ЮКГРЭС"},"DB":{"_level":0,"parentID":"37f35185-9f02-42fc-85af-1854a2f3de01","firstParentID":"37f35185-9f02-42fc-85af-1854a2f3de01","ID":"fde22228-f767-4bc5-8b21-c7378a522bb7","childs":{"прием":{"_level":1,"parentID":"fde22228-f767-4bc5-8b21-c7378a522bb7","firstParentID":"37f35185-9f02-42fc-85af-1854a2f3de01","ID":"b8f72fb9-6c28-4927-9721-b50f70e25475","childs":{"код":{"_level":2,"parentID":"b8f72fb9-6c28-4927-9721-b50f70e25475","firstParentID":"37f35185-9f02-42fc-85af-1854a2f3de01","ID":"6a2468e5-4897-47b5-aeec-4e334bc4f923","childs":null,"emcosID":null,"emcosMLID":null,"WSName":"DB","rangeAddress":"$KP$9:$KP$46","headAddress":"$KP$9","bodyAddress":"$KP$10:$KP$46","_name":"код"},"основное":{"_level":2,"parentID":"b8f72fb9-6c28-4927-9721-b50f70e25475","firstParentID":"37f35185-9f02-42fc-85af-1854a2f3de01","ID":"406d11ed-bd7c-4bbd-b606-af3e25d4c58f","childs":null,"emcosID":null,"emcosMLID":null,"WSName":"DB","rangeAddress":"$KQ$9:$KQ$46","headAddress":"$KQ$9","bodyAddress":"$KQ$10:$KQ$46","_name":"основное"},"корректировка факт":{"_level":2,"parentID":"b8f72fb9-6c28-4927-9721-b50f70e25475","firstParentID":"37f35185-9f02-42fc-85af-1854a2f3de01","ID":"26c33035-5574-44ac-a178-7af02fc72b22","childs":null,"emcosID":null,"emcosMLID":null,"WSName":"DB","rangeAddress":"$KR$9:$KR$46","headAddress":"$KR$9","bodyAddress":"$KR$10:$KR$46","_name":"корректировка факт"},"ручное":{"_level":2,"parentID":"b8f72fb9-6c28-4927-9721-b50f70e25475","firstParentID":"37f35185-9f02-42fc-85af-1854a2f3de01","ID":"4a84a74d-5b27-4074-aae5-952dd25d8b9f","childs":null,"emcosID":null,"emcosMLID":null,"WSName":"DB","rangeAddress":"$KS$9:$KS$46","headAddress":"$KS$9","bodyAddress":"$KS$10:$KS$46","_name":"ручное"},"счетчик":{"_level":2,"parentID":"b8f72fb9-6c28-4927-9721-b50f70e25475","firstParentID":"37f35185-9f02-42fc-85af-1854a2f3de01","ID":"1f84d38a-3d79-441a-8e1d-02240da4721d","childs":null,"emcosID":null,"emcosMLID":null,"WSName":"DB","rangeAddress":"$KT$9:$KT$46","headAddress":"$KT$9","bodyAddress":"$KT$10:$KT$46","_name":"счетчик"},"по счетчику":{"_level":2,"parentID":"b8f72fb9-6c28-4927-9721-b50f70e25475","firstParentID":"37f35185-9f02-42fc-85af-1854a2f3de01","ID":"e04163f4-7e2c-4cad-9887-e83b83f53a4c","childs":null,"emcosID":null,"emcosMLID":null,"WSName":"DB","rangeAddress":"$KU$9:$KU$46","headAddress":"$KU$9","bodyAddress":"$KU$10:$KU$46","_name":"по счетчику"}},"emcosID":null,"emcosMLID":null,"WSName":"DB","rangeAddress":"$KP$8:$KU$46","headAddress":"$KP$8:$KU$8","bodyAddress":"$KP$9:$KU$46","_name":"прием"},"отдача":{"_level":1,"parentID":"fde22228-f767-4bc5-8b21-c7378a522bb7","firstParentID":"37f35185-9f02-42fc-85af-1854a2f3de01","ID":"292762e7-4183-4bac-aaa5-1e51146bf797","childs":{"код":{"_level":2,"parentID":"292762e7-4183-4bac-aaa5-1e51146bf797","firstParentID":"37f35185-9f02-42fc-85af-1854a2f3de01","ID":"14d56857-4f96-4318-b857-71ec3af9888f","childs":null,"emcosID":null,"emcosMLID":null,"WSName":"DB","rangeAddress":"$KV$9:$KV$46","headAddress":"$KV$9","bodyAddress":"$KV$10:$KV$46","_name":"код"},"основное":{"_level":2,"parentID":"292762e7-4183-4bac-aaa5-1e51146bf797","firstParentID":"37f35185-9f02-42fc-85af-1854a2f3de01","ID":"6edaf657-f7cb-4f4d-a5b1-5eef2510c326","childs":null,"emcosID":null,"emcosMLID":null,"WSName":"DB","rangeAddress":"$KW$9:$KW$46","headAddress":"$KW$9","bodyAddress":"$KW$10:$KW$46","_name":"основное"},"корректировка факт":{"_level":2,"parentID":"292762e7-4183-4bac-aaa5-1e51146bf797","firstParentID":"37f35185-9f02-42fc-85af-1854a2f3de01","ID":"a2de7ca6-bd37-4e38-9794-169dc24ac15c","childs":null,"emcosID":null,"emcosMLID":null,"WSName":"DB","rangeAddress":"$KX$9:$KX$46","headAddress":"$KX$9","bodyAddress":"$KX$10:$KX$46","_name":"корректировка факт"},"ручное":{"_level":2,"parentID":"292762e7-4183-4bac-aaa5-1e51146bf797","firstParentID":"37f35185-9f02-42fc-85af-1854a2f3de01","ID":"91f0d5a0-8c76-4f71-99ca-eb984113040e","childs":null,"emcosID":null,"emcosMLID":null,"WSName":"DB","rangeAddress":"$KY$9:$KY$46","headAddress":"$KY$9","bodyAddress":"$KY$10:$KY$46","_name":"ручное"},"счетчик":{"_level":2,"parentID":"292762e7-4183-4bac-aaa5-1e51146bf797","firstParentID":"37f35185-9f02-42fc-85af-1854a2f3de01","ID":"44452b31-37d5-4ebe-8108-29458744fe07","childs":null,"emcosID":null,"emcosMLID":null,"WSName":"DB","rangeAddress":"$KZ$9:$KZ$46","headAddress":"$KZ$9","bodyAddress":"$KZ$10:$KZ$46","_name":"счетчик"},"по счетчику":{"_level":2,"parentID":"292762e7-4183-4bac-aaa5-1e51146bf797","firstParentID":"37f35185-9f02-42fc-85af-1854a2f3de01","ID":"90813f3d-8e76-4851-a3c5-8195181e15cc","childs":null,"emcosID":null,"emcosMLID":null,"WSName":"DB","rangeAddress":"$LA$9:$LA$46","headAddress":"$LA$9","bodyAddress":"$LA$10:$LA$46","_name":"по счетчику"}},"emcosID":null,"emcosMLID":null,"WSName":"DB","rangeAddress":"$KV$8:$LA$46","headAddress":"$KV$8:$LA$8","bodyAddress":"$KV$9:$LA$46","_name":"отдача"}},"emcosID":null,"emcosMLID":null,"WSName":"DB","rangeAddress":"$KP$7:$LA$46","headAddress":"$KP$7:$LA$7","bodyAddress":"$KP$8:$LA$46","_name":"Л2283 ЮКГРЭС"}},"codPlan":null,"meterCoef":null,"_name":"Л2283 ЮКГРЭС"}