{"ID":"9f8cecea-9c25-4827-9c95-10577f61bc03","childs":{"PS":{"_level":0,"parentID":"9f8cecea-9c25-4827-9c95-10577f61bc03","firstParentID":"9f8cecea-9c25-4827-9c95-10577f61bc03","ID":"3b5f3c09-817a-416a-b7ef-b0290d6a3b41","childs":{"прием":{"_level":1,"parentID":"3b5f3c09-817a-416a-b7ef-b0290d6a3b41","firstParentID":"9f8cecea-9c25-4827-9c95-10577f61bc03","ID":"84a7e79b-9ad9-42a8-a0ef-076f25021bac","childs":{"ручное":{"_level":2,"parentID":"84a7e79b-9ad9-42a8-a0ef-076f25021bac","firstParentID":"9f8cecea-9c25-4827-9c95-10577f61bc03","ID":"b3029a5d-a0b8-47fc-ab0e-218d3195d8cf","childs":null,"emcosID":null,"emcosMLID":null,"WSName":"PS","rangeAddress":"$BM$56:$BM$92","headAddress":"$BM$56","bodyAddress":"$BM$57:$BM$92","_name":"ручное"}},"emcosID":null,"emcosMLID":null,"WSName":"PS","rangeAddress":"$BM$55:$BM$92","headAddress":"$BM$55","bodyAddress":"$BM$56:$BM$92","_name":"прием"},"отдача":{"_level":1,"parentID":"3b5f3c09-817a-416a-b7ef-b0290d6a3b41","firstParentID":"9f8cecea-9c25-4827-9c95-10577f61bc03","ID":"d1c161e0-dbac-4218-911d-838f1a6d2690","childs":{"ручное":{"_level":2,"parentID":"d1c161e0-dbac-4218-911d-838f1a6d2690","firstParentID":"9f8cecea-9c25-4827-9c95-10577f61bc03","ID":"408b2e70-8be5-4773-a074-3cfcdc0467b6","childs":null,"emcosID":null,"emcosMLID":null,"WSName":"PS","rangeAddress":"$BN$56:$BN$92","headAddress":"$BN$56","bodyAddress":"$BN$57:$BN$92","_name":"ручное"}},"emcosID":null,"emcosMLID":null,"WSName":"PS","rangeAddress":"$BN$55:$BN$92","headAddress":"$BN$55","bodyAddress":"$BN$56:$BN$92","_name":"отдача"}},"emcosID":null,"emcosMLID":null,"WSName":"PS","rangeAddress":"$BM$54:$BN$92","headAddress":"$BM$54:$BN$54","bodyAddress":"$BM$55:$BN$92","_name":"ОВ 110 Шу"},"DB":{"_level":0,"parentID":"9f8cecea-9c25-4827-9c95-10577f61bc03","firstParentID":"9f8cecea-9c25-4827-9c95-10577f61bc03","ID":"d7891419-6d59-4d48-8592-cf4979ce6a47","childs":{"прием":{"_level":1,"parentID":"d7891419-6d59-4d48-8592-cf4979ce6a47","firstParentID":"9f8cecea-9c25-4827-9c95-10577f61bc03","ID":"6870aa2f-7bf6-474b-8980-6b4136c560e4","childs":{"код":{"_level":2,"parentID":"6870aa2f-7bf6-474b-8980-6b4136c560e4","firstParentID":"9f8cecea-9c25-4827-9c95-10577f61bc03","ID":"a4699581-2765-48a9-94df-c755306938fa","childs":null,"emcosID":null,"emcosMLID":null,"WSName":"DB","rangeAddress":"$IE$267:$IE$304","headAddress":"$IE$267","bodyAddress":"$IE$268:$IE$304","_name":"код"},"основное":{"_level":2,"parentID":"6870aa2f-7bf6-474b-8980-6b4136c560e4","firstParentID":"9f8cecea-9c25-4827-9c95-10577f61bc03","ID":"86622137-5766-409e-847f-9475173228cb","childs":null,"emcosID":null,"emcosMLID":null,"WSName":"DB","rangeAddress":"$IF$267:$IF$304","headAddress":"$IF$267","bodyAddress":"$IF$268:$IF$304","_name":"основное"},"корректировка факт":{"_level":2,"parentID":"6870aa2f-7bf6-474b-8980-6b4136c560e4","firstParentID":"9f8cecea-9c25-4827-9c95-10577f61bc03","ID":"bcf023cb-6704-4fd4-8fec-919cb6a38aea","childs":null,"emcosID":null,"emcosMLID":null,"WSName":"DB","rangeAddress":"$IG$267:$IG$304","headAddress":"$IG$267","bodyAddress":"$IG$268:$IG$304","_name":"корректировка факт"},"ручное":{"_level":2,"parentID":"6870aa2f-7bf6-474b-8980-6b4136c560e4","firstParentID":"9f8cecea-9c25-4827-9c95-10577f61bc03","ID":"2a577cb9-884b-4e24-b773-3fc68475b241","childs":null,"emcosID":null,"emcosMLID":null,"WSName":"DB","rangeAddress":"$IH$267:$IH$304","headAddress":"$IH$267","bodyAddress":"$IH$268:$IH$304","_name":"ручное"}},"emcosID":null,"emcosMLID":null,"WSName":"DB","rangeAddress":"$IE$266:$IH$304","headAddress":"$IE$266:$IH$266","bodyAddress":"$IE$267:$IH$304","_name":"прием"},"отдача":{"_level":1,"parentID":"d7891419-6d59-4d48-8592-cf4979ce6a47","firstParentID":"9f8cecea-9c25-4827-9c95-10577f61bc03","ID":"7f9ad04e-a6e7-4fce-ad92-38a03592aef2","childs":{"код":{"_level":2,"parentID":"7f9ad04e-a6e7-4fce-ad92-38a03592aef2","firstParentID":"9f8cecea-9c25-4827-9c95-10577f61bc03","ID":"238639b6-ecf0-4512-bd36-63ed20b6f163","childs":null,"emcosID":null,"emcosMLID":null,"WSName":"DB","rangeAddress":"$II$267:$II$304","headAddress":"$II$267","bodyAddress":"$II$268:$II$304","_name":"код"},"основное":{"_level":2,"parentID":"7f9ad04e-a6e7-4fce-ad92-38a03592aef2","firstParentID":"9f8cecea-9c25-4827-9c95-10577f61bc03","ID":"efc39036-60d8-4ffe-810b-71f2d63bdc58","childs":null,"emcosID":null,"emcosMLID":null,"WSName":"DB","rangeAddress":"$IJ$267:$IJ$304","headAddress":"$IJ$267","bodyAddress":"$IJ$268:$IJ$304","_name":"основное"},"корректировка факт":{"_level":2,"parentID":"7f9ad04e-a6e7-4fce-ad92-38a03592aef2","firstParentID":"9f8cecea-9c25-4827-9c95-10577f61bc03","ID":"554e0b55-3480-4ec5-9295-d371b24c4ec1","childs":null,"emcosID":null,"emcosMLID":null,"WSName":"DB","rangeAddress":"$IK$267:$IK$304","headAddress":"$IK$267","bodyAddress":"$IK$268:$IK$304","_name":"корректировка факт"},"ручное":{"_level":2,"parentID":"7f9ad04e-a6e7-4fce-ad92-38a03592aef2","firstParentID":"9f8cecea-9c25-4827-9c95-10577f61bc03","ID":"09ee5a5d-9765-412e-ab54-1f3664041b06","childs":null,"emcosID":null,"emcosMLID":null,"WSName":"DB","rangeAddress":"$IL$267:$IL$304","headAddress":"$IL$267","bodyAddress":"$IL$268:$IL$304","_name":"ручное"}},"emcosID":null,"emcosMLID":null,"WSName":"DB","rangeAddress":"$II$266:$IL$304","headAddress":"$II$266:$IL$266","bodyAddress":"$II$267:$IL$304","_name":"отдача"}},"emcosID":null,"emcosMLID":null,"WSName":"DB","rangeAddress":"$IE$265:$IL$304","headAddress":"$IE$265:$IL$265","bodyAddress":"$IE$266:$IL$304","_name":"ОВ 110 Шу"}},"codPlan":null,"meterCoef":null,"_name":"ОВ 110 Шу"}