{"ID":"cf3d9fe9-2c72-4bcc-9abf-18573941f59b","childs":{"PS":{"_level":0,"parentID":"cf3d9fe9-2c72-4bcc-9abf-18573941f59b","firstParentID":"cf3d9fe9-2c72-4bcc-9abf-18573941f59b","ID":"a64570e1-a52f-4db3-8475-adf9fa181579","childs":{"прием":{"_level":1,"parentID":"a64570e1-a52f-4db3-8475-adf9fa181579","firstParentID":"cf3d9fe9-2c72-4bcc-9abf-18573941f59b","ID":"bf3cc519-5be3-464a-beb3-9eda2a52ef22","childs":{"по счетчику":{"_level":2,"parentID":"bf3cc519-5be3-464a-beb3-9eda2a52ef22","firstParentID":"cf3d9fe9-2c72-4bcc-9abf-18573941f59b","ID":"86534f6f-e0e3-4cc3-9e4e-8eadaaea9f1d","childs":null,"emcosID":null,"emcosMLID":null,"WSName":"PS","rangeAddress":"$AN$99:$AN$135","headAddress":"$AN$99","bodyAddress":"$AN$100:$AN$135","_name":"по счетчику"}},"emcosID":null,"emcosMLID":null,"WSName":"PS","rangeAddress":"$AN$98:$AN$135","headAddress":"$AN$98","bodyAddress":"$AN$99:$AN$135","_name":"прием"},"отдача":{"_level":1,"parentID":"a64570e1-a52f-4db3-8475-adf9fa181579","firstParentID":"cf3d9fe9-2c72-4bcc-9abf-18573941f59b","ID":"21966269-b400-42e0-ab09-56afba2d9d5b","childs":{"по счетчику":{"_level":2,"parentID":"21966269-b400-42e0-ab09-56afba2d9d5b","firstParentID":"cf3d9fe9-2c72-4bcc-9abf-18573941f59b","ID":"f8aa3c61-3413-453a-8824-d7577777925d","childs":null,"emcosID":null,"emcosMLID":null,"WSName":"PS","rangeAddress":"$AO$99:$AO$135","headAddress":"$AO$99","bodyAddress":"$AO$100:$AO$135","_name":"по счетчику"}},"emcosID":null,"emcosMLID":null,"WSName":"PS","rangeAddress":"$AO$98:$AO$135","headAddress":"$AO$98","bodyAddress":"$AO$99:$AO$135","_name":"отдача"}},"emcosID":null,"emcosMLID":null,"WSName":"PS","rangeAddress":"$AN$97:$AO$135","headAddress":"$AN$97:$AO$97","bodyAddress":"$AN$98:$AO$135","_name":"КЛ12 ПС149 Талдыкорган ЗЩА"},"DB":{"_level":0,"parentID":"cf3d9fe9-2c72-4bcc-9abf-18573941f59b","firstParentID":"cf3d9fe9-2c72-4bcc-9abf-18573941f59b","ID":"f296cf2a-6989-4a17-b3d6-f5e688c55231","childs":{"прием":{"_level":1,"parentID":"f296cf2a-6989-4a17-b3d6-f5e688c55231","firstParentID":"cf3d9fe9-2c72-4bcc-9abf-18573941f59b","ID":"e0f34dd0-eaaf-4597-9852-e3934978bad0","childs":{"код":{"_level":2,"parentID":"e0f34dd0-eaaf-4597-9852-e3934978bad0","firstParentID":"cf3d9fe9-2c72-4bcc-9abf-18573941f59b","ID":"97155838-5e81-446c-958b-0cc0eeb461a3","childs":null,"emcosID":null,"emcosMLID":null,"WSName":"DB","rangeAddress":"$DI$267:$DI$304","headAddress":"$DI$267","bodyAddress":"$DI$268:$DI$304","_name":"код"},"основное":{"_level":2,"parentID":"e0f34dd0-eaaf-4597-9852-e3934978bad0","firstParentID":"cf3d9fe9-2c72-4bcc-9abf-18573941f59b","ID":"7b1297bb-4599-494e-9126-68257c40d45a","childs":null,"emcosID":null,"emcosMLID":null,"WSName":"DB","rangeAddress":"$DJ$267:$DJ$304","headAddress":"$DJ$267","bodyAddress":"$DJ$268:$DJ$304","_name":"основное"},"корректировка факт":{"_level":2,"parentID":"e0f34dd0-eaaf-4597-9852-e3934978bad0","firstParentID":"cf3d9fe9-2c72-4bcc-9abf-18573941f59b","ID":"527cbfe4-4a15-44e4-b340-fa9921660a95","childs":null,"emcosID":null,"emcosMLID":null,"WSName":"DB","rangeAddress":"$DK$267:$DK$304","headAddress":"$DK$267","bodyAddress":"$DK$268:$DK$304","_name":"корректировка факт"},"ручное":{"_level":2,"parentID":"e0f34dd0-eaaf-4597-9852-e3934978bad0","firstParentID":"cf3d9fe9-2c72-4bcc-9abf-18573941f59b","ID":"001996d0-97d8-4325-be80-e7823c6bbe24","childs":null,"emcosID":null,"emcosMLID":null,"WSName":"DB","rangeAddress":"$DL$267:$DL$304","headAddress":"$DL$267","bodyAddress":"$DL$268:$DL$304","_name":"ручное"},"оперативное":{"_level":2,"parentID":"e0f34dd0-eaaf-4597-9852-e3934978bad0","firstParentID":"cf3d9fe9-2c72-4bcc-9abf-18573941f59b","ID":"2a0bf80b-5325-43af-ab06-ce911bfe9af3","childs":null,"emcosID":null,"emcosMLID":null,"WSName":"DB","rangeAddress":"$DM$267:$DM$304","headAddress":"$DM$267","bodyAddress":"$DM$268:$DM$304","_name":"оперативное"},"счетчик":{"_level":2,"parentID":"e0f34dd0-eaaf-4597-9852-e3934978bad0","firstParentID":"cf3d9fe9-2c72-4bcc-9abf-18573941f59b","ID":"3f4b5c66-c1c8-4ee6-b73b-529a26efee15","childs":null,"emcosID":null,"emcosMLID":null,"WSName":"DB","rangeAddress":"$DN$267:$DN$304","headAddress":"$DN$267","bodyAddress":"$DN$268:$DN$304","_name":"счетчик"},"по счетчику":{"_level":2,"parentID":"e0f34dd0-eaaf-4597-9852-e3934978bad0","firstParentID":"cf3d9fe9-2c72-4bcc-9abf-18573941f59b","ID":"ac91a76c-d746-4afa-ba98-7eb346a092d2","childs":null,"emcosID":null,"emcosMLID":null,"WSName":"DB","rangeAddress":"$DO$267:$DO$304","headAddress":"$DO$267","bodyAddress":"$DO$268:$DO$304","_name":"по счетчику"}},"emcosID":null,"emcosMLID":null,"WSName":"DB","rangeAddress":"$DI$266:$DO$304","headAddress":"$DI$266:$DO$266","bodyAddress":"$DI$267:$DO$304","_name":"прием"},"отдача":{"_level":1,"parentID":"f296cf2a-6989-4a17-b3d6-f5e688c55231","firstParentID":"cf3d9fe9-2c72-4bcc-9abf-18573941f59b","ID":"8eb3be4a-f309-4408-8ba2-4a79434b7854","childs":{"код":{"_level":2,"parentID":"8eb3be4a-f309-4408-8ba2-4a79434b7854","firstParentID":"cf3d9fe9-2c72-4bcc-9abf-18573941f59b","ID":"44604fe2-ccf3-49ae-8767-a9465d51551c","childs":null,"emcosID":null,"emcosMLID":null,"WSName":"DB","rangeAddress":"$DP$267:$DP$304","headAddress":"$DP$267","bodyAddress":"$DP$268:$DP$304","_name":"код"},"основное":{"_level":2,"parentID":"8eb3be4a-f309-4408-8ba2-4a79434b7854","firstParentID":"cf3d9fe9-2c72-4bcc-9abf-18573941f59b","ID":"0ea92e71-7069-412e-ab5f-c163fd5a5001","childs":null,"emcosID":null,"emcosMLID":null,"WSName":"DB","rangeAddress":"$DQ$267:$DQ$304","headAddress":"$DQ$267","bodyAddress":"$DQ$268:$DQ$304","_name":"основное"},"корректировка факт":{"_level":2,"parentID":"8eb3be4a-f309-4408-8ba2-4a79434b7854","firstParentID":"cf3d9fe9-2c72-4bcc-9abf-18573941f59b","ID":"48e84d63-77d0-4f56-91c6-efaba7f2badf","childs":null,"emcosID":null,"emcosMLID":null,"WSName":"DB","rangeAddress":"$DR$267:$DR$304","headAddress":"$DR$267","bodyAddress":"$DR$268:$DR$304","_name":"корректировка факт"},"ручное":{"_level":2,"parentID":"8eb3be4a-f309-4408-8ba2-4a79434b7854","firstParentID":"cf3d9fe9-2c72-4bcc-9abf-18573941f59b","ID":"f06a0457-a3ea-41c0-8c14-f4482357591f","childs":null,"emcosID":null,"emcosMLID":null,"WSName":"DB","rangeAddress":"$DS$267:$DS$304","headAddress":"$DS$267","bodyAddress":"$DS$268:$DS$304","_name":"ручное"},"оперативное":{"_level":2,"parentID":"8eb3be4a-f309-4408-8ba2-4a79434b7854","firstParentID":"cf3d9fe9-2c72-4bcc-9abf-18573941f59b","ID":"657b3211-6ae9-48e3-b1b7-e388a1b847ee","childs":null,"emcosID":null,"emcosMLID":null,"WSName":"DB","rangeAddress":"$DT$267:$DT$304","headAddress":"$DT$267","bodyAddress":"$DT$268:$DT$304","_name":"оперативное"},"счетчик":{"_level":2,"parentID":"8eb3be4a-f309-4408-8ba2-4a79434b7854","firstParentID":"cf3d9fe9-2c72-4bcc-9abf-18573941f59b","ID":"d44cc6e0-d12a-4f42-8b6b-4079a21380d6","childs":null,"emcosID":null,"emcosMLID":null,"WSName":"DB","rangeAddress":"$DU$267:$DU$304","headAddress":"$DU$267","bodyAddress":"$DU$268:$DU$304","_name":"счетчик"},"по счетчику":{"_level":2,"parentID":"8eb3be4a-f309-4408-8ba2-4a79434b7854","firstParentID":"cf3d9fe9-2c72-4bcc-9abf-18573941f59b","ID":"d3bc498d-5c05-48a2-bbea-fac1c1a9bc14","childs":null,"emcosID":null,"emcosMLID":null,"WSName":"DB","rangeAddress":"$DV$267:$DV$304","headAddress":"$DV$267","bodyAddress":"$DV$268:$DV$304","_name":"по счетчику"}},"emcosID":null,"emcosMLID":null,"WSName":"DB","rangeAddress":"$DP$266:$DV$304","headAddress":"$DP$266:$DV$266","bodyAddress":"$DP$267:$DV$304","_name":"отдача"}},"emcosID":null,"emcosMLID":null,"WSName":"DB","rangeAddress":"$DI$265:$DV$304","headAddress":"$DI$265:$DV$265","bodyAddress":"$DI$266:$DV$304","_name":"КЛ12 ПС149 Талдыкорган ЗЩА"}},"codPlan":null,"meterCoef":null,"_name":"КЛ12 ПС149 Талдыкорган ЗЩА"}