[{"text":"ТП1 Медеу тяга прием","ID":"cd5bc833-d76c-4a8b-9de9-88d748c38806","type":0},{"text":"-","ID":null,"type":2},{"text":"ТП1 Медеу тяга отдача","ID":"5d602940-cabf-401e-86d6-027cfa462107","type":0},{"text":"+","ID":null,"type":2},{"text":"ТП2 Медеу тяга прием","ID":"cf404a5b-0c23-47c0-a549-0f982d54e804","type":0},{"text":"-","ID":null,"type":2},{"text":"ТП2 Медеу тяга отдача","ID":"491e70c1-16e3-4720-8c56-fa58e20a76bd","type":0}]