{"ID":"0d3d4903-b40d-4899-9bdb-5b02a9a6f36e","childs":{"PS":{"_level":0,"parentID":"0d3d4903-b40d-4899-9bdb-5b02a9a6f36e","firstParentID":"0d3d4903-b40d-4899-9bdb-5b02a9a6f36e","ID":"80ee49a2-7df0-48f2-98b6-8cb17e52949d","childs":{"прием":{"_level":1,"parentID":"80ee49a2-7df0-48f2-98b6-8cb17e52949d","firstParentID":"0d3d4903-b40d-4899-9bdb-5b02a9a6f36e","ID":"5ba7ecdf-b9d5-42a7-9c1f-1b6f0083d4bf","childs":{"по счетчику":{"_level":2,"parentID":"5ba7ecdf-b9d5-42a7-9c1f-1b6f0083d4bf","firstParentID":"0d3d4903-b40d-4899-9bdb-5b02a9a6f36e","ID":"bbf1de37-58a5-49c0-804f-3a1b3ec1e521","childs":null,"emcosID":null,"emcosMLID":null,"WSName":"PS","rangeAddress":"$DE$56:$DE$92","headAddress":"$DE$56","bodyAddress":"$DE$57:$DE$92","_name":"по счетчику"}},"emcosID":null,"emcosMLID":null,"WSName":"PS","rangeAddress":"$DE$55:$DE$92","headAddress":"$DE$55","bodyAddress":"$DE$56:$DE$92","_name":"прием"},"отдача":{"_level":1,"parentID":"80ee49a2-7df0-48f2-98b6-8cb17e52949d","firstParentID":"0d3d4903-b40d-4899-9bdb-5b02a9a6f36e","ID":"716ebc2c-af12-4cb7-a17a-6a971b09f576","childs":{"по счетчику":{"_level":2,"parentID":"716ebc2c-af12-4cb7-a17a-6a971b09f576","firstParentID":"0d3d4903-b40d-4899-9bdb-5b02a9a6f36e","ID":"8ee33e2a-da00-440d-b779-d816cd7f9e02","childs":null,"emcosID":null,"emcosMLID":null,"WSName":"PS","rangeAddress":"$DF$56:$DF$92","headAddress":"$DF$56","bodyAddress":"$DF$57:$DF$92","_name":"по счетчику"}},"emcosID":null,"emcosMLID":null,"WSName":"PS","rangeAddress":"$DF$55:$DF$92","headAddress":"$DF$55","bodyAddress":"$DF$56:$DF$92","_name":"отдача"}},"emcosID":null,"emcosMLID":null,"WSName":"PS","rangeAddress":"$DE$54:$DF$92","headAddress":"$DE$54:$DF$54","bodyAddress":"$DE$55:$DF$92","_name":"Л5353 Алма"},"DB":{"_level":0,"parentID":"0d3d4903-b40d-4899-9bdb-5b02a9a6f36e","firstParentID":"0d3d4903-b40d-4899-9bdb-5b02a9a6f36e","ID":"35c71e79-4d5e-4564-bb54-eee12931e7cd","childs":{"прием":{"_level":1,"parentID":"35c71e79-4d5e-4564-bb54-eee12931e7cd","firstParentID":"0d3d4903-b40d-4899-9bdb-5b02a9a6f36e","ID":"a4bb547c-cf06-4b27-ac14-538bec08ccb0","childs":{"код":{"_level":2,"parentID":"a4bb547c-cf06-4b27-ac14-538bec08ccb0","firstParentID":"0d3d4903-b40d-4899-9bdb-5b02a9a6f36e","ID":"35c28c98-6474-414a-b47f-8a95e699e9f6","childs":null,"emcosID":null,"emcosMLID":null,"WSName":"DB","rangeAddress":"$IE$52:$IE$89","headAddress":"$IE$52","bodyAddress":"$IE$53:$IE$89","_name":"код"},"основное":{"_level":2,"parentID":"a4bb547c-cf06-4b27-ac14-538bec08ccb0","firstParentID":"0d3d4903-b40d-4899-9bdb-5b02a9a6f36e","ID":"c9d85e17-2c44-4820-9842-fe970bcdce3b","childs":null,"emcosID":null,"emcosMLID":null,"WSName":"DB","rangeAddress":"$IF$52:$IF$89","headAddress":"$IF$52","bodyAddress":"$IF$53:$IF$89","_name":"основное"},"корректировка факт":{"_level":2,"parentID":"a4bb547c-cf06-4b27-ac14-538bec08ccb0","firstParentID":"0d3d4903-b40d-4899-9bdb-5b02a9a6f36e","ID":"4aa90d03-6e44-4955-9b56-c01fd3c351ef","childs":null,"emcosID":null,"emcosMLID":null,"WSName":"DB","rangeAddress":"$IG$52:$IG$89","headAddress":"$IG$52","bodyAddress":"$IG$53:$IG$89","_name":"корректировка факт"},"ручное":{"_level":2,"parentID":"a4bb547c-cf06-4b27-ac14-538bec08ccb0","firstParentID":"0d3d4903-b40d-4899-9bdb-5b02a9a6f36e","ID":"a6b41fa7-254e-4298-a26f-d76e7d397a2f","childs":null,"emcosID":null,"emcosMLID":null,"WSName":"DB","rangeAddress":"$IH$52:$IH$89","headAddress":"$IH$52","bodyAddress":"$IH$53:$IH$89","_name":"ручное"},"счетчик":{"_level":2,"parentID":"a4bb547c-cf06-4b27-ac14-538bec08ccb0","firstParentID":"0d3d4903-b40d-4899-9bdb-5b02a9a6f36e","ID":"459c861d-28b4-45fd-ba20-499f72f90da6","childs":null,"emcosID":null,"emcosMLID":null,"WSName":"DB","rangeAddress":"$II$52:$II$89","headAddress":"$II$52","bodyAddress":"$II$53:$II$89","_name":"счетчик"},"по счетчику":{"_level":2,"parentID":"a4bb547c-cf06-4b27-ac14-538bec08ccb0","firstParentID":"0d3d4903-b40d-4899-9bdb-5b02a9a6f36e","ID":"0f58e58a-58d9-49b6-b22e-d09ce883389b","childs":null,"emcosID":null,"emcosMLID":null,"WSName":"DB","rangeAddress":"$IJ$52:$IJ$89","headAddress":"$IJ$52","bodyAddress":"$IJ$53:$IJ$89","_name":"по счетчику"}},"emcosID":null,"emcosMLID":null,"WSName":"DB","rangeAddress":"$IE$51:$IJ$89","headAddress":"$IE$51:$IJ$51","bodyAddress":"$IE$52:$IJ$89","_name":"прием"},"отдача":{"_level":1,"parentID":"35c71e79-4d5e-4564-bb54-eee12931e7cd","firstParentID":"0d3d4903-b40d-4899-9bdb-5b02a9a6f36e","ID":"42ba42e0-f0ed-4c89-a6e0-c7c946c40cb6","childs":{"код":{"_level":2,"parentID":"42ba42e0-f0ed-4c89-a6e0-c7c946c40cb6","firstParentID":"0d3d4903-b40d-4899-9bdb-5b02a9a6f36e","ID":"ae878660-61f2-412c-a233-e8d77463b464","childs":null,"emcosID":null,"emcosMLID":null,"WSName":"DB","rangeAddress":"$IK$52:$IK$89","headAddress":"$IK$52","bodyAddress":"$IK$53:$IK$89","_name":"код"},"основное":{"_level":2,"parentID":"42ba42e0-f0ed-4c89-a6e0-c7c946c40cb6","firstParentID":"0d3d4903-b40d-4899-9bdb-5b02a9a6f36e","ID":"1353c9e8-d112-4746-acf3-45ce8229aff7","childs":null,"emcosID":null,"emcosMLID":null,"WSName":"DB","rangeAddress":"$IL$52:$IL$89","headAddress":"$IL$52","bodyAddress":"$IL$53:$IL$89","_name":"основное"},"корректировка факт":{"_level":2,"parentID":"42ba42e0-f0ed-4c89-a6e0-c7c946c40cb6","firstParentID":"0d3d4903-b40d-4899-9bdb-5b02a9a6f36e","ID":"655acff4-bf2d-4f77-9f29-18bb16a30828","childs":null,"emcosID":null,"emcosMLID":null,"WSName":"DB","rangeAddress":"$IM$52:$IM$89","headAddress":"$IM$52","bodyAddress":"$IM$53:$IM$89","_name":"корректировка факт"},"ручное":{"_level":2,"parentID":"42ba42e0-f0ed-4c89-a6e0-c7c946c40cb6","firstParentID":"0d3d4903-b40d-4899-9bdb-5b02a9a6f36e","ID":"6cd4c80c-f429-4e3e-969c-8a93f2adfda3","childs":null,"emcosID":null,"emcosMLID":null,"WSName":"DB","rangeAddress":"$IN$52:$IN$89","headAddress":"$IN$52","bodyAddress":"$IN$53:$IN$89","_name":"ручное"},"счетчик":{"_level":2,"parentID":"42ba42e0-f0ed-4c89-a6e0-c7c946c40cb6","firstParentID":"0d3d4903-b40d-4899-9bdb-5b02a9a6f36e","ID":"13f631fa-3514-4bf4-bb19-c6585e676048","childs":null,"emcosID":null,"emcosMLID":null,"WSName":"DB","rangeAddress":"$IO$52:$IO$89","headAddress":"$IO$52","bodyAddress":"$IO$53:$IO$89","_name":"счетчик"},"по счетчику":{"_level":2,"parentID":"42ba42e0-f0ed-4c89-a6e0-c7c946c40cb6","firstParentID":"0d3d4903-b40d-4899-9bdb-5b02a9a6f36e","ID":"7e60a0b8-d05c-4666-a3eb-f0caadb5b9a4","childs":null,"emcosID":null,"emcosMLID":null,"WSName":"DB","rangeAddress":"$IP$52:$IP$89","headAddress":"$IP$52","bodyAddress":"$IP$53:$IP$89","_name":"по счетчику"}},"emcosID":null,"emcosMLID":null,"WSName":"DB","rangeAddress":"$IK$51:$IP$89","headAddress":"$IK$51:$IP$51","bodyAddress":"$IK$52:$IP$89","_name":"отдача"}},"emcosID":null,"emcosMLID":null,"WSName":"DB","rangeAddress":"$IE$50:$IP$89","headAddress":"$IE$50:$IP$50","bodyAddress":"$IE$51:$IP$89","_name":"Л5353 Алма"}},"codPlan":null,"meterCoef":null,"_name":"Л5353 Алма"}