{"ID":"23b47165-6b75-4f0f-88b6-e4736420598a","childs":{"PS":{"_level":0,"parentID":"23b47165-6b75-4f0f-88b6-e4736420598a","firstParentID":"23b47165-6b75-4f0f-88b6-e4736420598a","ID":"7905f5db-4a74-426f-9dbf-11761037eb15","childs":{"прием":{"_level":1,"parentID":"7905f5db-4a74-426f-9dbf-11761037eb15","firstParentID":"23b47165-6b75-4f0f-88b6-e4736420598a","ID":"99ca9048-8ccd-4d04-a9ca-9b39c11fb000","childs":{"по счетчику":{"_level":2,"parentID":"99ca9048-8ccd-4d04-a9ca-9b39c11fb000","firstParentID":"23b47165-6b75-4f0f-88b6-e4736420598a","ID":"df933e7a-072d-4d58-9ced-661f5e44f970","childs":null,"emcosID":null,"emcosMLID":null,"WSName":"PS","rangeAddress":"$CL$56:$CL$92","headAddress":"$CL$56","bodyAddress":"$CL$57:$CL$92","_name":"по счетчику"}},"emcosID":null,"emcosMLID":null,"WSName":"PS","rangeAddress":"$CL$55:$CL$92","headAddress":"$CL$55","bodyAddress":"$CL$56:$CL$92","_name":"прием"},"отдача":{"_level":1,"parentID":"7905f5db-4a74-426f-9dbf-11761037eb15","firstParentID":"23b47165-6b75-4f0f-88b6-e4736420598a","ID":"284284f0-f868-4ff9-b6b2-c967517154f1","childs":{"по счетчику":{"_level":2,"parentID":"284284f0-f868-4ff9-b6b2-c967517154f1","firstParentID":"23b47165-6b75-4f0f-88b6-e4736420598a","ID":"42e850fc-9f8c-4c8d-b5f0-9241352bee6f","childs":null,"emcosID":null,"emcosMLID":null,"WSName":"PS","rangeAddress":"$CM$56:$CM$92","headAddress":"$CM$56","bodyAddress":"$CM$57:$CM$92","_name":"по счетчику"}},"emcosID":null,"emcosMLID":null,"WSName":"PS","rangeAddress":"$CM$55:$CM$92","headAddress":"$CM$55","bodyAddress":"$CM$56:$CM$92","_name":"отдача"}},"emcosID":null,"emcosMLID":null,"WSName":"PS","rangeAddress":"$CL$54:$CM$92","headAddress":"$CL$54:$CM$54","bodyAddress":"$CL$55:$CM$92","_name":"Л2503 Алматы"},"DB":{"_level":0,"parentID":"23b47165-6b75-4f0f-88b6-e4736420598a","firstParentID":"23b47165-6b75-4f0f-88b6-e4736420598a","ID":"239264b5-fac3-480c-af8c-a2da35e779f3","childs":{"прием":{"_level":1,"parentID":"239264b5-fac3-480c-af8c-a2da35e779f3","firstParentID":"23b47165-6b75-4f0f-88b6-e4736420598a","ID":"05130c8a-59a5-4e8b-8165-7b3f0b19e05a","childs":{"код":{"_level":2,"parentID":"05130c8a-59a5-4e8b-8165-7b3f0b19e05a","firstParentID":"23b47165-6b75-4f0f-88b6-e4736420598a","ID":"24c801fb-2dff-429f-b213-4ce41b5f5b74","childs":null,"emcosID":null,"emcosMLID":null,"WSName":"DB","rangeAddress":"$HA$267:$HA$304","headAddress":"$HA$267","bodyAddress":"$HA$268:$HA$304","_name":"код"},"основное":{"_level":2,"parentID":"05130c8a-59a5-4e8b-8165-7b3f0b19e05a","firstParentID":"23b47165-6b75-4f0f-88b6-e4736420598a","ID":"6ec69dbf-bf44-44b4-ae57-b03158db011f","childs":null,"emcosID":null,"emcosMLID":null,"WSName":"DB","rangeAddress":"$HB$267:$HB$304","headAddress":"$HB$267","bodyAddress":"$HB$268:$HB$304","_name":"основное"},"корректировка факт":{"_level":2,"parentID":"05130c8a-59a5-4e8b-8165-7b3f0b19e05a","firstParentID":"23b47165-6b75-4f0f-88b6-e4736420598a","ID":"d9b41c0c-c271-4de5-b25f-1d37dac014a6","childs":null,"emcosID":null,"emcosMLID":null,"WSName":"DB","rangeAddress":"$HC$267:$HC$304","headAddress":"$HC$267","bodyAddress":"$HC$268:$HC$304","_name":"корректировка факт"},"ручное":{"_level":2,"parentID":"05130c8a-59a5-4e8b-8165-7b3f0b19e05a","firstParentID":"23b47165-6b75-4f0f-88b6-e4736420598a","ID":"c0e325ee-4f80-4490-a53c-7fa1643c5b51","childs":null,"emcosID":null,"emcosMLID":null,"WSName":"DB","rangeAddress":"$HD$267:$HD$304","headAddress":"$HD$267","bodyAddress":"$HD$268:$HD$304","_name":"ручное"},"аскуэ":{"_level":2,"parentID":"05130c8a-59a5-4e8b-8165-7b3f0b19e05a","firstParentID":"23b47165-6b75-4f0f-88b6-e4736420598a","ID":"24043036-0d6e-4972-bcca-ddbf45c92b69","childs":null,"emcosID":null,"emcosMLID":null,"WSName":"DB","rangeAddress":"$HE$267:$HE$304","headAddress":"$HE$267","bodyAddress":"$HE$268:$HE$304","_name":"аскуэ"},"счетчик":{"_level":2,"parentID":"05130c8a-59a5-4e8b-8165-7b3f0b19e05a","firstParentID":"23b47165-6b75-4f0f-88b6-e4736420598a","ID":"036573f4-b383-49e7-b004-3ceada82621d","childs":null,"emcosID":null,"emcosMLID":null,"WSName":"DB","rangeAddress":"$HF$267:$HF$304","headAddress":"$HF$267","bodyAddress":"$HF$268:$HF$304","_name":"счетчик"},"по счетчику":{"_level":2,"parentID":"05130c8a-59a5-4e8b-8165-7b3f0b19e05a","firstParentID":"23b47165-6b75-4f0f-88b6-e4736420598a","ID":"15d64a4a-d3fb-4224-b281-319e3703abba","childs":null,"emcosID":null,"emcosMLID":null,"WSName":"DB","rangeAddress":"$HG$267:$HG$304","headAddress":"$HG$267","bodyAddress":"$HG$268:$HG$304","_name":"по счетчику"}},"emcosID":null,"emcosMLID":null,"WSName":"DB","rangeAddress":"$HA$266:$HG$304","headAddress":"$HA$266:$HG$266","bodyAddress":"$HA$267:$HG$304","_name":"прием"},"отдача":{"_level":1,"parentID":"239264b5-fac3-480c-af8c-a2da35e779f3","firstParentID":"23b47165-6b75-4f0f-88b6-e4736420598a","ID":"95228b05-f525-44fe-b8c8-8e7bdb3cd65c","childs":{"код":{"_level":2,"parentID":"95228b05-f525-44fe-b8c8-8e7bdb3cd65c","firstParentID":"23b47165-6b75-4f0f-88b6-e4736420598a","ID":"8bb49b73-c8fb-45b0-ab7b-09a0cb5ea002","childs":null,"emcosID":null,"emcosMLID":null,"WSName":"DB","rangeAddress":"$HH$267:$HH$304","headAddress":"$HH$267","bodyAddress":"$HH$268:$HH$304","_name":"код"},"основное":{"_level":2,"parentID":"95228b05-f525-44fe-b8c8-8e7bdb3cd65c","firstParentID":"23b47165-6b75-4f0f-88b6-e4736420598a","ID":"0c2dd8fb-2f04-42dc-81fe-e43c3df19006","childs":null,"emcosID":null,"emcosMLID":null,"WSName":"DB","rangeAddress":"$HI$267:$HI$304","headAddress":"$HI$267","bodyAddress":"$HI$268:$HI$304","_name":"основное"},"корректировка факт":{"_level":2,"parentID":"95228b05-f525-44fe-b8c8-8e7bdb3cd65c","firstParentID":"23b47165-6b75-4f0f-88b6-e4736420598a","ID":"d4088bb3-bd58-4d82-92f3-3e115b3ace17","childs":null,"emcosID":null,"emcosMLID":null,"WSName":"DB","rangeAddress":"$HJ$267:$HJ$304","headAddress":"$HJ$267","bodyAddress":"$HJ$268:$HJ$304","_name":"корректировка факт"},"ручное":{"_level":2,"parentID":"95228b05-f525-44fe-b8c8-8e7bdb3cd65c","firstParentID":"23b47165-6b75-4f0f-88b6-e4736420598a","ID":"0b052067-625f-4025-9c3a-2a54b6a2465a","childs":null,"emcosID":null,"emcosMLID":null,"WSName":"DB","rangeAddress":"$HK$267:$HK$304","headAddress":"$HK$267","bodyAddress":"$HK$268:$HK$304","_name":"ручное"},"аскуэ":{"_level":2,"parentID":"95228b05-f525-44fe-b8c8-8e7bdb3cd65c","firstParentID":"23b47165-6b75-4f0f-88b6-e4736420598a","ID":"4c3d8085-81d9-4b5f-816a-bdc62875c3cf","childs":null,"emcosID":null,"emcosMLID":null,"WSName":"DB","rangeAddress":"$HL$267:$HL$304","headAddress":"$HL$267","bodyAddress":"$HL$268:$HL$304","_name":"аскуэ"},"счетчик":{"_level":2,"parentID":"95228b05-f525-44fe-b8c8-8e7bdb3cd65c","firstParentID":"23b47165-6b75-4f0f-88b6-e4736420598a","ID":"bda92bf7-ad77-4afe-8608-d0c49f8e9977","childs":null,"emcosID":null,"emcosMLID":null,"WSName":"DB","rangeAddress":"$HM$267:$HM$304","headAddress":"$HM$267","bodyAddress":"$HM$268:$HM$304","_name":"счетчик"},"по счетчику":{"_level":2,"parentID":"95228b05-f525-44fe-b8c8-8e7bdb3cd65c","firstParentID":"23b47165-6b75-4f0f-88b6-e4736420598a","ID":"7143efed-6cc2-48dd-bc25-71a41755e4d6","childs":null,"emcosID":null,"emcosMLID":null,"WSName":"DB","rangeAddress":"$HN$267:$HN$304","headAddress":"$HN$267","bodyAddress":"$HN$268:$HN$304","_name":"по счетчику"}},"emcosID":null,"emcosMLID":null,"WSName":"DB","rangeAddress":"$HH$266:$HN$304","headAddress":"$HH$266:$HN$266","bodyAddress":"$HH$267:$HN$304","_name":"отдача"}},"emcosID":null,"emcosMLID":null,"WSName":"DB","rangeAddress":"$HA$265:$HN$304","headAddress":"$HA$265:$HN$265","bodyAddress":"$HA$266:$HN$304","_name":"Л2503 Алматы"}},"codPlan":null,"meterCoef":null,"_name":"Л2503 Алматы"}