{"ID":"24d8e521-6c05-4dc4-be7b-787ffbf4fc23","childs":{"PS":{"_level":0,"parentID":"24d8e521-6c05-4dc4-be7b-787ffbf4fc23","firstParentID":"24d8e521-6c05-4dc4-be7b-787ffbf4fc23","ID":"5de4f115-e7c9-4a72-b242-375b3ef47115","childs":{"прием":{"_level":1,"parentID":"5de4f115-e7c9-4a72-b242-375b3ef47115","firstParentID":"24d8e521-6c05-4dc4-be7b-787ffbf4fc23","ID":"2ed338be-d568-46a3-8ba5-8180d8256057","childs":{"ручное":{"_level":2,"parentID":"2ed338be-d568-46a3-8ba5-8180d8256057","firstParentID":"24d8e521-6c05-4dc4-be7b-787ffbf4fc23","ID":"aec4d01a-2bb6-4ab0-bb35-bb18f48df25b","childs":null,"emcosID":null,"emcosMLID":null,"WSName":"PS","rangeAddress":"$AL$228:$AL$264","headAddress":"$AL$228","bodyAddress":"$AL$229:$AL$264","_name":"ручное"}},"emcosID":null,"emcosMLID":null,"WSName":"PS","rangeAddress":"$AL$227:$AL$264","headAddress":"$AL$227","bodyAddress":"$AL$228:$AL$264","_name":"прием"}},"emcosID":null,"emcosMLID":null,"WSName":"PS","rangeAddress":"$AL$226:$AL$264","headAddress":"$AL$226","bodyAddress":"$AL$227:$AL$264","_name":"с.н. Станции Талдыкорганского энергоузла"},"DB":{"_level":0,"parentID":"24d8e521-6c05-4dc4-be7b-787ffbf4fc23","firstParentID":"24d8e521-6c05-4dc4-be7b-787ffbf4fc23","ID":"d3f8d96b-08f8-4b8d-a88d-eefe38fbf33c","childs":{"прием":{"_level":1,"parentID":"d3f8d96b-08f8-4b8d-a88d-eefe38fbf33c","firstParentID":"24d8e521-6c05-4dc4-be7b-787ffbf4fc23","ID":"b3ed08c6-605a-402e-879c-a2024f714445","childs":{"код":{"_level":2,"parentID":"b3ed08c6-605a-402e-879c-a2024f714445","firstParentID":"24d8e521-6c05-4dc4-be7b-787ffbf4fc23","ID":"1e1b6568-978c-404f-9f7f-b8c00201d234","childs":null,"emcosID":null,"emcosMLID":null,"WSName":"DB","rangeAddress":"$O$224:$O$261","headAddress":"$O$224","bodyAddress":"$O$225:$O$261","_name":"код"},"основное":{"_level":2,"parentID":"b3ed08c6-605a-402e-879c-a2024f714445","firstParentID":"24d8e521-6c05-4dc4-be7b-787ffbf4fc23","ID":"a6e86fa6-5e62-4dac-bf86-2cfd2ba152d9","childs":null,"emcosID":null,"emcosMLID":null,"WSName":"DB","rangeAddress":"$P$224:$P$261","headAddress":"$P$224","bodyAddress":"$P$225:$P$261","_name":"основное"},"корректировка факт":{"_level":2,"parentID":"b3ed08c6-605a-402e-879c-a2024f714445","firstParentID":"24d8e521-6c05-4dc4-be7b-787ffbf4fc23","ID":"55759534-d13a-474a-8272-9c3020b623b4","childs":null,"emcosID":null,"emcosMLID":null,"WSName":"DB","rangeAddress":"$Q$224:$Q$261","headAddress":"$Q$224","bodyAddress":"$Q$225:$Q$261","_name":"корректировка факт"},"ручное":{"_level":2,"parentID":"b3ed08c6-605a-402e-879c-a2024f714445","firstParentID":"24d8e521-6c05-4dc4-be7b-787ffbf4fc23","ID":"01393636-c84e-4a7a-a808-da2433dacfd2","childs":null,"emcosID":null,"emcosMLID":null,"WSName":"DB","rangeAddress":"$R$224:$R$261","headAddress":"$R$224","bodyAddress":"$R$225:$R$261","_name":"ручное"}},"emcosID":null,"emcosMLID":null,"WSName":"DB","rangeAddress":"$O$223:$R$261","headAddress":"$O$223:$R$223","bodyAddress":"$O$224:$R$261","_name":"прием"}},"emcosID":null,"emcosMLID":null,"WSName":"DB","rangeAddress":"$O$222:$R$261","headAddress":"$O$222:$R$222","bodyAddress":"$O$223:$R$261","_name":"с.н. Станции Талдыкорганского энергоузла"}},"codPlan":null,"meterCoef":null,"_name":"с.н. Станции Талдыкорганского энергоузла"}