{"ID":"25ad5bed-f803-413a-bf69-fc6787587583","childs":{"PS":{"_level":0,"parentID":"25ad5bed-f803-413a-bf69-fc6787587583","firstParentID":"25ad5bed-f803-413a-bf69-fc6787587583","ID":"38d8ddcd-46c5-4ae0-9e5e-8755c98e5dd8","childs":{"прием":{"_level":1,"parentID":"38d8ddcd-46c5-4ae0-9e5e-8755c98e5dd8","firstParentID":"25ad5bed-f803-413a-bf69-fc6787587583","ID":"8214ae8d-490c-4081-aa5c-4b4c0068855b","childs":{"ручное":{"_level":2,"parentID":"8214ae8d-490c-4081-aa5c-4b4c0068855b","firstParentID":"25ad5bed-f803-413a-bf69-fc6787587583","ID":"37c9ffb1-3b67-47b1-82fd-9d88312f4656","childs":null,"emcosID":null,"emcosMLID":null,"WSName":"PS","rangeAddress":"$G$185:$G$221","headAddress":"$G$185","bodyAddress":"$G$186:$G$221","_name":"ручное"}},"emcosID":null,"emcosMLID":null,"WSName":"PS","rangeAddress":"$G$184:$G$221","headAddress":"$G$184","bodyAddress":"$G$185:$G$221","_name":"прием"}},"emcosID":null,"emcosMLID":null,"WSName":"PS","rangeAddress":"$G$183:$G$221","headAddress":"$G$183","bodyAddress":"$G$184:$G$221","_name":"От МГЭС Алматы Энерго Сбыт"},"DB":{"_level":0,"parentID":"25ad5bed-f803-413a-bf69-fc6787587583","firstParentID":"25ad5bed-f803-413a-bf69-fc6787587583","ID":"4b2eb4bb-de18-45ae-8aa8-ef02de5464e6","childs":{"прием":{"_level":1,"parentID":"4b2eb4bb-de18-45ae-8aa8-ef02de5464e6","firstParentID":"25ad5bed-f803-413a-bf69-fc6787587583","ID":"e2d821df-90dc-407c-bdcc-06f84eeea761","childs":{"код":{"_level":2,"parentID":"e2d821df-90dc-407c-bdcc-06f84eeea761","firstParentID":"25ad5bed-f803-413a-bf69-fc6787587583","ID":"a54d4232-e1c3-47b8-8ef2-8c2a7326744e","childs":null,"emcosID":null,"emcosMLID":null,"WSName":"DB","rangeAddress":"$AB$138:$AB$175","headAddress":"$AB$138","bodyAddress":"$AB$139:$AB$175","_name":"код"},"основное":{"_level":2,"parentID":"e2d821df-90dc-407c-bdcc-06f84eeea761","firstParentID":"25ad5bed-f803-413a-bf69-fc6787587583","ID":"3990989d-830b-4bee-a424-f41b4b58f59d","childs":null,"emcosID":null,"emcosMLID":null,"WSName":"DB","rangeAddress":"$AC$138:$AC$175","headAddress":"$AC$138","bodyAddress":"$AC$139:$AC$175","_name":"основное"},"корректировка факт":{"_level":2,"parentID":"e2d821df-90dc-407c-bdcc-06f84eeea761","firstParentID":"25ad5bed-f803-413a-bf69-fc6787587583","ID":"ebec6b3d-06c0-45ef-b8f9-c0dba2941a9e","childs":null,"emcosID":null,"emcosMLID":null,"WSName":"DB","rangeAddress":"$AD$138:$AD$175","headAddress":"$AD$138","bodyAddress":"$AD$139:$AD$175","_name":"корректировка факт"},"ручное":{"_level":2,"parentID":"e2d821df-90dc-407c-bdcc-06f84eeea761","firstParentID":"25ad5bed-f803-413a-bf69-fc6787587583","ID":"4da5d83e-c1b1-413d-85c6-3984059aae3a","childs":null,"emcosID":null,"emcosMLID":null,"WSName":"DB","rangeAddress":"$AE$138:$AE$175","headAddress":"$AE$138","bodyAddress":"$AE$139:$AE$175","_name":"ручное"}},"emcosID":null,"emcosMLID":null,"WSName":"DB","rangeAddress":"$AB$137:$AE$175","headAddress":"$AB$137:$AE$137","bodyAddress":"$AB$138:$AE$175","_name":"прием"}},"emcosID":null,"emcosMLID":null,"WSName":"DB","rangeAddress":"$AB$136:$AE$175","headAddress":"$AB$136:$AE$136","bodyAddress":"$AB$137:$AE$175","_name":"От МГЭС Алматы Энерго Сбыт"}},"codPlan":null,"meterCoef":null,"_name":"От МГЭС Алматы Энерго Сбыт"}