{"ID":"31490443-7dfd-458c-ad18-c6dce8a754b8","childs":{"PS":{"_level":0,"parentID":"31490443-7dfd-458c-ad18-c6dce8a754b8","firstParentID":"31490443-7dfd-458c-ad18-c6dce8a754b8","ID":"eebdf0b2-4802-4a5e-bd89-957822b3cc25","childs":{"прием":{"_level":1,"parentID":"eebdf0b2-4802-4a5e-bd89-957822b3cc25","firstParentID":"31490443-7dfd-458c-ad18-c6dce8a754b8","ID":"131a473e-709d-46af-ad19-47567a2234e0","childs":{"оперативное":{"_level":2,"parentID":"131a473e-709d-46af-ad19-47567a2234e0","firstParentID":"31490443-7dfd-458c-ad18-c6dce8a754b8","ID":"e7b7e691-ae80-43df-8f4c-144048d6461c","childs":null,"emcosID":null,"emcosMLID":null,"WSName":"PS","rangeAddress":"$U$228:$U$264","headAddress":"$U$228","bodyAddress":"$U$229:$U$264","_name":"оперативное"}},"emcosID":null,"emcosMLID":null,"WSName":"PS","rangeAddress":"$U$227:$U$264","headAddress":"$U$227","bodyAddress":"$U$228:$U$264","_name":"прием"}},"emcosID":null,"emcosMLID":null,"WSName":"PS","rangeAddress":"$U$226:$U$264","headAddress":"$U$226","bodyAddress":"$U$227:$U$264","_name":"Потребление Месхет"},"DB":{"_level":0,"parentID":"31490443-7dfd-458c-ad18-c6dce8a754b8","firstParentID":"31490443-7dfd-458c-ad18-c6dce8a754b8","ID":"dc725fd3-341c-4cbf-8636-3ea25e5037b2","childs":{"прием":{"_level":1,"parentID":"dc725fd3-341c-4cbf-8636-3ea25e5037b2","firstParentID":"31490443-7dfd-458c-ad18-c6dce8a754b8","ID":"ca6bd879-4a29-4c34-b8c7-1d70f0eda935","childs":{"код":{"_level":2,"parentID":"ca6bd879-4a29-4c34-b8c7-1d70f0eda935","firstParentID":"31490443-7dfd-458c-ad18-c6dce8a754b8","ID":"614dfd24-ae92-41d8-b326-e88b36be2853","childs":null,"emcosID":null,"emcosMLID":null,"WSName":"DB","rangeAddress":"$DI$396:$DI$433","headAddress":"$DI$396","bodyAddress":"$DI$397:$DI$433","_name":"код"},"основное":{"_level":2,"parentID":"ca6bd879-4a29-4c34-b8c7-1d70f0eda935","firstParentID":"31490443-7dfd-458c-ad18-c6dce8a754b8","ID":"9469ae43-eef6-4e1c-a608-8d673699948b","childs":null,"emcosID":null,"emcosMLID":null,"WSName":"DB","rangeAddress":"$DJ$396:$DJ$433","headAddress":"$DJ$396","bodyAddress":"$DJ$397:$DJ$433","_name":"основное"},"корректировка факт":{"_level":2,"parentID":"ca6bd879-4a29-4c34-b8c7-1d70f0eda935","firstParentID":"31490443-7dfd-458c-ad18-c6dce8a754b8","ID":"a42e47df-c8e2-4159-92ee-01f70e342cd3","childs":null,"emcosID":null,"emcosMLID":null,"WSName":"DB","rangeAddress":"$DK$396:$DK$433","headAddress":"$DK$396","bodyAddress":"$DK$397:$DK$433","_name":"корректировка факт"},"ручное":{"_level":2,"parentID":"ca6bd879-4a29-4c34-b8c7-1d70f0eda935","firstParentID":"31490443-7dfd-458c-ad18-c6dce8a754b8","ID":"9d5fa97f-71ab-4cc0-b076-92e1aa9057a2","childs":null,"emcosID":null,"emcosMLID":null,"WSName":"DB","rangeAddress":"$DL$396:$DL$433","headAddress":"$DL$396","bodyAddress":"$DL$397:$DL$433","_name":"ручное"},"оперативное":{"_level":2,"parentID":"ca6bd879-4a29-4c34-b8c7-1d70f0eda935","firstParentID":"31490443-7dfd-458c-ad18-c6dce8a754b8","ID":"aae395a9-3ae6-43ee-800b-67833dbdc411","childs":null,"emcosID":null,"emcosMLID":null,"WSName":"DB","rangeAddress":"$DM$396:$DM$433","headAddress":"$DM$396","bodyAddress":"$DM$397:$DM$433","_name":"оперативное"}},"emcosID":null,"emcosMLID":null,"WSName":"DB","rangeAddress":"$DI$395:$DM$433","headAddress":"$DI$395:$DM$395","bodyAddress":"$DI$396:$DM$433","_name":"прием"}},"emcosID":null,"emcosMLID":null,"WSName":"DB","rangeAddress":"$DI$394:$DM$433","headAddress":"$DI$394:$DM$394","bodyAddress":"$DI$395:$DM$433","_name":"Потребление Месхет"}},"codPlan":null,"meterCoef":null,"_name":"Потребление Месхет"}