{"ID":"50abdbcc-d849-47d6-b9bb-ea79b7f749e6","childs":{"PS":{"_level":0,"parentID":"50abdbcc-d849-47d6-b9bb-ea79b7f749e6","firstParentID":"50abdbcc-d849-47d6-b9bb-ea79b7f749e6","ID":"b9361c02-a01d-48ea-af63-e6d6b14aa3a1","childs":{"прием":{"_level":1,"parentID":"b9361c02-a01d-48ea-af63-e6d6b14aa3a1","firstParentID":"50abdbcc-d849-47d6-b9bb-ea79b7f749e6","ID":"d7514fa0-0775-4b4c-85b8-f65c57838b9e","childs":{"формула":{"_level":2,"parentID":"d7514fa0-0775-4b4c-85b8-f65c57838b9e","firstParentID":"50abdbcc-d849-47d6-b9bb-ea79b7f749e6","ID":"2886dd73-1f4f-4806-8741-a2df66d7ea89","childs":null,"emcosID":null,"emcosMLID":null,"WSName":"PS","rangeAddress":"$B$13:$B$49","headAddress":"$B$13","bodyAddress":"$B$14:$B$49","_name":"формула"}},"emcosID":null,"emcosMLID":null,"WSName":"PS","rangeAddress":"$B$12:$B$49","headAddress":"$B$12","bodyAddress":"$B$13:$B$49","_name":"прием"},"план":{"_level":1,"parentID":"b9361c02-a01d-48ea-af63-e6d6b14aa3a1","firstParentID":"50abdbcc-d849-47d6-b9bb-ea79b7f749e6","ID":"ca44ae2f-3c01-42e7-ad4d-6127a1e61f7a","childs":{"заявка":{"_level":2,"parentID":"ca44ae2f-3c01-42e7-ad4d-6127a1e61f7a","firstParentID":"50abdbcc-d849-47d6-b9bb-ea79b7f749e6","ID":"62d2aca8-8f7d-4283-9128-666a86438ee0","childs":null,"emcosID":null,"emcosMLID":null,"WSName":"PS","rangeAddress":null,"headAddress":null,"bodyAddress":null,"_name":"заявка"}},"emcosID":null,"emcosMLID":null,"WSName":"PS","rangeAddress":null,"headAddress":null,"bodyAddress":null,"_name":"план"}},"emcosID":null,"emcosMLID":null,"WSName":"PS","rangeAddress":"$B$11:$B$49","headAddress":"$B$11","bodyAddress":"$B$12:$B$49","_name":"Потребление Алматы + Жетысу"},"DB":{"_level":0,"parentID":"50abdbcc-d849-47d6-b9bb-ea79b7f749e6","firstParentID":"50abdbcc-d849-47d6-b9bb-ea79b7f749e6","ID":"58088226-c98f-4992-b34a-ac8b9baff375","childs":{"прием":{"_level":1,"parentID":"58088226-c98f-4992-b34a-ac8b9baff375","firstParentID":"50abdbcc-d849-47d6-b9bb-ea79b7f749e6","ID":"34d65e19-a51e-4ff5-917e-9ad750295e96","childs":{"код":{"_level":2,"parentID":"34d65e19-a51e-4ff5-917e-9ad750295e96","firstParentID":"50abdbcc-d849-47d6-b9bb-ea79b7f749e6","ID":"f33f549c-e0d5-47ee-8f40-051f6c0fca9d","childs":null,"emcosID":null,"emcosMLID":null,"WSName":"DB","rangeAddress":"$C$9:$C$46","headAddress":"$C$9","bodyAddress":"$C$10:$C$46","_name":"код"},"основное":{"_level":2,"parentID":"34d65e19-a51e-4ff5-917e-9ad750295e96","firstParentID":"50abdbcc-d849-47d6-b9bb-ea79b7f749e6","ID":"aae424ad-d451-41c7-925a-01cce0be9100","childs":null,"emcosID":null,"emcosMLID":null,"WSName":"DB","rangeAddress":"$D$9:$D$46","headAddress":"$D$9","bodyAddress":"$D$10:$D$46","_name":"основное"},"корректировка факт":{"_level":2,"parentID":"34d65e19-a51e-4ff5-917e-9ad750295e96","firstParentID":"50abdbcc-d849-47d6-b9bb-ea79b7f749e6","ID":"c7df7568-b94b-4583-9a63-6ae61f07ac7b","childs":null,"emcosID":null,"emcosMLID":null,"WSName":"DB","rangeAddress":"$E$9:$E$46","headAddress":"$E$9","bodyAddress":"$E$10:$E$46","_name":"корректировка факт"},"ручное":{"_level":2,"parentID":"34d65e19-a51e-4ff5-917e-9ad750295e96","firstParentID":"50abdbcc-d849-47d6-b9bb-ea79b7f749e6","ID":"122531da-38b6-4c32-9951-1d7909c10654","childs":null,"emcosID":null,"emcosMLID":null,"WSName":"DB","rangeAddress":"$F$9:$F$46","headAddress":"$F$9","bodyAddress":"$F$10:$F$46","_name":"ручное"},"формула":{"_level":2,"parentID":"34d65e19-a51e-4ff5-917e-9ad750295e96","firstParentID":"50abdbcc-d849-47d6-b9bb-ea79b7f749e6","ID":"248bd3b6-8051-4ef7-9d7a-e9d636271847","childs":null,"emcosID":null,"emcosMLID":null,"WSName":"DB","rangeAddress":"$G$9:$G$46","headAddress":"$G$9","bodyAddress":"$G$10:$G$46","_name":"формула"},"по плану":{"_level":2,"parentID":"34d65e19-a51e-4ff5-917e-9ad750295e96","firstParentID":"50abdbcc-d849-47d6-b9bb-ea79b7f749e6","ID":"b7633a46-2f7e-4ae9-acd8-b23ec7ee50da","childs":null,"emcosID":null,"emcosMLID":null,"WSName":"DB","rangeAddress":null,"headAddress":null,"bodyAddress":null,"_name":"по плану"}},"emcosID":null,"emcosMLID":null,"WSName":"DB","rangeAddress":"$C$8:$G$46","headAddress":"$C$8:$G$8","bodyAddress":"$C$9:$G$46","_name":"прием"},"план":{"_level":1,"parentID":"58088226-c98f-4992-b34a-ac8b9baff375","firstParentID":"50abdbcc-d849-47d6-b9bb-ea79b7f749e6","ID":"ed34c03b-4d66-447e-bb2d-ee4aa6917b77","childs":{"код":{"_level":2,"parentID":"ed34c03b-4d66-447e-bb2d-ee4aa6917b77","firstParentID":"50abdbcc-d849-47d6-b9bb-ea79b7f749e6","ID":"a0f6ba28-5f18-4619-a983-fa4797730d91","childs":null,"emcosID":null,"emcosMLID":null,"WSName":"DB","rangeAddress":null,"headAddress":null,"bodyAddress":null,"_name":"код"},"основное":{"_level":2,"parentID":"ed34c03b-4d66-447e-bb2d-ee4aa6917b77","firstParentID":"50abdbcc-d849-47d6-b9bb-ea79b7f749e6","ID":"be04b6fd-d800-44e7-997c-50f76e8cc5c6","childs":null,"emcosID":null,"emcosMLID":null,"WSName":"DB","rangeAddress":null,"headAddress":null,"bodyAddress":null,"_name":"основное"},"заявка":{"_level":2,"parentID":"ed34c03b-4d66-447e-bb2d-ee4aa6917b77","firstParentID":"50abdbcc-d849-47d6-b9bb-ea79b7f749e6","ID":"3e6efa3c-f366-4717-9f8e-8ae9177a2da6","childs":null,"emcosID":null,"emcosMLID":null,"WSName":"DB","rangeAddress":null,"headAddress":null,"bodyAddress":null,"_name":"заявка"},"утвержденный":{"_level":2,"parentID":"ed34c03b-4d66-447e-bb2d-ee4aa6917b77","firstParentID":"50abdbcc-d849-47d6-b9bb-ea79b7f749e6","ID":"09966aab-32e8-4c1e-bc13-06d33f6285b3","childs":null,"emcosID":null,"emcosMLID":null,"WSName":"DB","rangeAddress":null,"headAddress":null,"bodyAddress":null,"_name":"утвержденный"},"корректировка":{"_level":2,"parentID":"ed34c03b-4d66-447e-bb2d-ee4aa6917b77","firstParentID":"50abdbcc-d849-47d6-b9bb-ea79b7f749e6","ID":"eb0178b1-0b0d-431e-844f-04abdd0afbfd","childs":null,"emcosID":null,"emcosMLID":null,"WSName":"DB","rangeAddress":null,"headAddress":null,"bodyAddress":null,"_name":"корректировка"}},"emcosID":null,"emcosMLID":null,"WSName":"DB","rangeAddress":null,"headAddress":null,"bodyAddress":null,"_name":"план"}},"emcosID":null,"emcosMLID":null,"WSName":"DB","rangeAddress":"$C$7:$G$46","headAddress":"$C$7:$G$7","bodyAddress":"$C$8:$G$46","_name":"Потребление Алматы + Жетысу"}},"codPlan":4,"meterCoef":null,"_name":"Потребление Алматы + Жетысу"}