{"ID":"891624af-f11a-4f19-a712-24a9a74959fd","childs":{"PS":{"_level":0,"parentID":"891624af-f11a-4f19-a712-24a9a74959fd","firstParentID":"891624af-f11a-4f19-a712-24a9a74959fd","ID":"8f7b2f5a-5957-4403-bd32-4e4f7e03e91d","childs":{"прием":{"_level":1,"parentID":"8f7b2f5a-5957-4403-bd32-4e4f7e03e91d","firstParentID":"891624af-f11a-4f19-a712-24a9a74959fd","ID":"18281607-bbda-4f96-9a0a-2fd7899b788d","childs":{"по счетчику":{"_level":2,"parentID":"18281607-bbda-4f96-9a0a-2fd7899b788d","firstParentID":"891624af-f11a-4f19-a712-24a9a74959fd","ID":"ee175894-13fe-4ab3-a107-474f340d69a2","childs":null,"emcosID":null,"emcosMLID":null,"WSName":"PS","rangeAddress":"$BV$56:$BV$92","headAddress":"$BV$56","bodyAddress":"$BV$57:$BV$92","_name":"по счетчику"}},"emcosID":null,"emcosMLID":null,"WSName":"PS","rangeAddress":"$BV$55:$BV$92","headAddress":"$BV$55","bodyAddress":"$BV$56:$BV$92","_name":"прием"},"отдача":{"_level":1,"parentID":"8f7b2f5a-5957-4403-bd32-4e4f7e03e91d","firstParentID":"891624af-f11a-4f19-a712-24a9a74959fd","ID":"4cbb4c06-6ffe-4056-b371-c87305c0a33d","childs":{"по счетчику":{"_level":2,"parentID":"4cbb4c06-6ffe-4056-b371-c87305c0a33d","firstParentID":"891624af-f11a-4f19-a712-24a9a74959fd","ID":"0f400253-5c05-4153-a890-49681d423d10","childs":null,"emcosID":null,"emcosMLID":null,"WSName":"PS","rangeAddress":"$BW$56:$BW$92","headAddress":"$BW$56","bodyAddress":"$BW$57:$BW$92","_name":"по счетчику"}},"emcosID":null,"emcosMLID":null,"WSName":"PS","rangeAddress":"$BW$55:$BW$92","headAddress":"$BW$55","bodyAddress":"$BW$56:$BW$92","_name":"отдача"}},"emcosID":null,"emcosMLID":null,"WSName":"PS","rangeAddress":"$BV$54:$BW$92","headAddress":"$BV$54:$BW$54","bodyAddress":"$BV$55:$BW$92","_name":"Л2053 Алматы"},"DB":{"_level":0,"parentID":"891624af-f11a-4f19-a712-24a9a74959fd","firstParentID":"891624af-f11a-4f19-a712-24a9a74959fd","ID":"a72f373c-026a-4a06-b300-bb6a9a64f0d2","childs":{"прием":{"_level":1,"parentID":"a72f373c-026a-4a06-b300-bb6a9a64f0d2","firstParentID":"891624af-f11a-4f19-a712-24a9a74959fd","ID":"64d9bd93-c7c0-466e-b084-709fdd8b5858","childs":{"код":{"_level":2,"parentID":"64d9bd93-c7c0-466e-b084-709fdd8b5858","firstParentID":"891624af-f11a-4f19-a712-24a9a74959fd","ID":"6f03722e-7c1d-49b2-9031-440fdb08d035","childs":null,"emcosID":null,"emcosMLID":null,"WSName":"DB","rangeAddress":"$BZ$9:$BZ$46","headAddress":"$BZ$9","bodyAddress":"$BZ$10:$BZ$46","_name":"код"},"основное":{"_level":2,"parentID":"64d9bd93-c7c0-466e-b084-709fdd8b5858","firstParentID":"891624af-f11a-4f19-a712-24a9a74959fd","ID":"59c48456-7c14-4ae6-8849-be4dfde3c523","childs":null,"emcosID":null,"emcosMLID":null,"WSName":"DB","rangeAddress":"$CA$9:$CA$46","headAddress":"$CA$9","bodyAddress":"$CA$10:$CA$46","_name":"основное"},"корректировка факт":{"_level":2,"parentID":"64d9bd93-c7c0-466e-b084-709fdd8b5858","firstParentID":"891624af-f11a-4f19-a712-24a9a74959fd","ID":"43ed8ab2-8fc0-4442-a723-e8f3502752c0","childs":null,"emcosID":null,"emcosMLID":null,"WSName":"DB","rangeAddress":"$CB$9:$CB$46","headAddress":"$CB$9","bodyAddress":"$CB$10:$CB$46","_name":"корректировка факт"},"ручное":{"_level":2,"parentID":"64d9bd93-c7c0-466e-b084-709fdd8b5858","firstParentID":"891624af-f11a-4f19-a712-24a9a74959fd","ID":"7b679348-7f6d-4fa0-938a-09b3265a8569","childs":null,"emcosID":null,"emcosMLID":null,"WSName":"DB","rangeAddress":"$CC$9:$CC$46","headAddress":"$CC$9","bodyAddress":"$CC$10:$CC$46","_name":"ручное"},"счетчик":{"_level":2,"parentID":"64d9bd93-c7c0-466e-b084-709fdd8b5858","firstParentID":"891624af-f11a-4f19-a712-24a9a74959fd","ID":"deac9ad4-0a90-4d30-a180-6f38a09be169","childs":null,"emcosID":null,"emcosMLID":null,"WSName":"DB","rangeAddress":"$CD$9:$CD$46","headAddress":"$CD$9","bodyAddress":"$CD$10:$CD$46","_name":"счетчик"},"по счетчику":{"_level":2,"parentID":"64d9bd93-c7c0-466e-b084-709fdd8b5858","firstParentID":"891624af-f11a-4f19-a712-24a9a74959fd","ID":"4c057412-29d8-4a1f-a13a-a3574e9e2925","childs":null,"emcosID":null,"emcosMLID":null,"WSName":"DB","rangeAddress":"$CE$9:$CE$46","headAddress":"$CE$9","bodyAddress":"$CE$10:$CE$46","_name":"по счетчику"}},"emcosID":null,"emcosMLID":null,"WSName":"DB","rangeAddress":"$BZ$8:$CE$46","headAddress":"$BZ$8:$CE$8","bodyAddress":"$BZ$9:$CE$46","_name":"прием"},"отдача":{"_level":1,"parentID":"a72f373c-026a-4a06-b300-bb6a9a64f0d2","firstParentID":"891624af-f11a-4f19-a712-24a9a74959fd","ID":"9f930a05-201d-4077-be60-37dfd5055ca2","childs":{"код":{"_level":2,"parentID":"9f930a05-201d-4077-be60-37dfd5055ca2","firstParentID":"891624af-f11a-4f19-a712-24a9a74959fd","ID":"e05e2c90-0184-4e28-a447-12e997aad5da","childs":null,"emcosID":null,"emcosMLID":null,"WSName":"DB","rangeAddress":"$CF$9:$CF$46","headAddress":"$CF$9","bodyAddress":"$CF$10:$CF$46","_name":"код"},"основное":{"_level":2,"parentID":"9f930a05-201d-4077-be60-37dfd5055ca2","firstParentID":"891624af-f11a-4f19-a712-24a9a74959fd","ID":"17db3547-1aad-4792-a16d-94b04eed548f","childs":null,"emcosID":null,"emcosMLID":null,"WSName":"DB","rangeAddress":"$CG$9:$CG$46","headAddress":"$CG$9","bodyAddress":"$CG$10:$CG$46","_name":"основное"},"корректировка факт":{"_level":2,"parentID":"9f930a05-201d-4077-be60-37dfd5055ca2","firstParentID":"891624af-f11a-4f19-a712-24a9a74959fd","ID":"70fb324f-0772-48da-8cb1-b380e25d3b99","childs":null,"emcosID":null,"emcosMLID":null,"WSName":"DB","rangeAddress":"$CH$9:$CH$46","headAddress":"$CH$9","bodyAddress":"$CH$10:$CH$46","_name":"корректировка факт"},"ручное":{"_level":2,"parentID":"9f930a05-201d-4077-be60-37dfd5055ca2","firstParentID":"891624af-f11a-4f19-a712-24a9a74959fd","ID":"50cf67d3-9c76-4275-a03b-cf368c3aec94","childs":null,"emcosID":null,"emcosMLID":null,"WSName":"DB","rangeAddress":"$CI$9:$CI$46","headAddress":"$CI$9","bodyAddress":"$CI$10:$CI$46","_name":"ручное"},"счетчик":{"_level":2,"parentID":"9f930a05-201d-4077-be60-37dfd5055ca2","firstParentID":"891624af-f11a-4f19-a712-24a9a74959fd","ID":"b5159c3e-80a9-4cbc-ae0e-fa4549f88323","childs":null,"emcosID":null,"emcosMLID":null,"WSName":"DB","rangeAddress":"$CJ$9:$CJ$46","headAddress":"$CJ$9","bodyAddress":"$CJ$10:$CJ$46","_name":"счетчик"},"по счетчику":{"_level":2,"parentID":"9f930a05-201d-4077-be60-37dfd5055ca2","firstParentID":"891624af-f11a-4f19-a712-24a9a74959fd","ID":"95787afb-868c-4ff8-a9a4-a5fd4ef36b75","childs":null,"emcosID":null,"emcosMLID":null,"WSName":"DB","rangeAddress":"$CK$9:$CK$46","headAddress":"$CK$9","bodyAddress":"$CK$10:$CK$46","_name":"по счетчику"}},"emcosID":null,"emcosMLID":null,"WSName":"DB","rangeAddress":"$CF$8:$CK$46","headAddress":"$CF$8:$CK$8","bodyAddress":"$CF$9:$CK$46","_name":"отдача"}},"emcosID":null,"emcosMLID":null,"WSName":"DB","rangeAddress":"$BZ$7:$CK$46","headAddress":"$BZ$7:$CK$7","bodyAddress":"$BZ$8:$CK$46","_name":"Л2053 Алматы"}},"codPlan":null,"meterCoef":null,"_name":"Л2053 Алматы"}