{"ID":"b083a5da-f968-4e25-9a36-643dd712cafe","childs":{"PS":{"_level":0,"parentID":"b083a5da-f968-4e25-9a36-643dd712cafe","firstParentID":"b083a5da-f968-4e25-9a36-643dd712cafe","ID":"0fed6614-61ce-43c0-ac40-ca299fffd660","childs":{"прием":{"_level":1,"parentID":"0fed6614-61ce-43c0-ac40-ca299fffd660","firstParentID":"b083a5da-f968-4e25-9a36-643dd712cafe","ID":"6a9ee680-b8dc-4fcb-a049-31ed49e58693","childs":{"оперативное":{"_level":2,"parentID":"6a9ee680-b8dc-4fcb-a049-31ed49e58693","firstParentID":"b083a5da-f968-4e25-9a36-643dd712cafe","ID":"d6fb9eb9-46fd-4392-9eb4-ea480bbba948","childs":null,"emcosID":null,"emcosMLID":null,"WSName":"PS","rangeAddress":"$B$99:$B$135","headAddress":"$B$99","bodyAddress":"$B$100:$B$135","_name":"оперативное"}},"emcosID":null,"emcosMLID":null,"WSName":"PS","rangeAddress":"$B$98:$B$135","headAddress":"$B$98","bodyAddress":"$B$99:$B$135","_name":"прием"},"отдача":{"_level":1,"parentID":"0fed6614-61ce-43c0-ac40-ca299fffd660","firstParentID":"b083a5da-f968-4e25-9a36-643dd712cafe","ID":"6702c568-7818-448a-a68d-96afb934513a","childs":{"оперативное":{"_level":2,"parentID":"6702c568-7818-448a-a68d-96afb934513a","firstParentID":"b083a5da-f968-4e25-9a36-643dd712cafe","ID":"aea144a4-65c3-4cc4-bce1-58b581f8aef8","childs":null,"emcosID":null,"emcosMLID":null,"WSName":"PS","rangeAddress":"$C$99:$C$135","headAddress":"$C$99","bodyAddress":"$C$100:$C$135","_name":"оперативное"}},"emcosID":null,"emcosMLID":null,"WSName":"PS","rangeAddress":"$C$98:$C$135","headAddress":"$C$98","bodyAddress":"$C$99:$C$135","_name":"отдача"}},"emcosID":null,"emcosMLID":null,"WSName":"PS","rangeAddress":"$B$97:$C$135","headAddress":"$B$97:$C$97","bodyAddress":"$B$98:$C$135","_name":"АТ5 ОРУ 220 АТЭЦ3"},"DB":{"_level":0,"parentID":"b083a5da-f968-4e25-9a36-643dd712cafe","firstParentID":"b083a5da-f968-4e25-9a36-643dd712cafe","ID":"beb34013-883a-40a8-99fd-48a614ac81db","childs":{"прием":{"_level":1,"parentID":"beb34013-883a-40a8-99fd-48a614ac81db","firstParentID":"b083a5da-f968-4e25-9a36-643dd712cafe","ID":"ee50edda-0a69-4ecd-b8fc-613a62dc9a1f","childs":{"код":{"_level":2,"parentID":"ee50edda-0a69-4ecd-b8fc-613a62dc9a1f","firstParentID":"b083a5da-f968-4e25-9a36-643dd712cafe","ID":"34001c61-1d46-4483-9f8f-13c2ce8f0b74","childs":null,"emcosID":null,"emcosMLID":null,"WSName":"DB","rangeAddress":"$DC$52:$DC$89","headAddress":"$DC$52","bodyAddress":"$DC$53:$DC$89","_name":"код"},"основное":{"_level":2,"parentID":"ee50edda-0a69-4ecd-b8fc-613a62dc9a1f","firstParentID":"b083a5da-f968-4e25-9a36-643dd712cafe","ID":"db1188a3-126c-493b-bbf7-2357d4183265","childs":null,"emcosID":null,"emcosMLID":null,"WSName":"DB","rangeAddress":"$DD$52:$DD$89","headAddress":"$DD$52","bodyAddress":"$DD$53:$DD$89","_name":"основное"},"корректировка факт":{"_level":2,"parentID":"ee50edda-0a69-4ecd-b8fc-613a62dc9a1f","firstParentID":"b083a5da-f968-4e25-9a36-643dd712cafe","ID":"0490c13d-a758-4d39-8e57-fd15fc3a3b0a","childs":null,"emcosID":null,"emcosMLID":null,"WSName":"DB","rangeAddress":"$DE$52:$DE$89","headAddress":"$DE$52","bodyAddress":"$DE$53:$DE$89","_name":"корректировка факт"},"ручное":{"_level":2,"parentID":"ee50edda-0a69-4ecd-b8fc-613a62dc9a1f","firstParentID":"b083a5da-f968-4e25-9a36-643dd712cafe","ID":"61cffe71-860f-4928-aa08-6bacc7032945","childs":null,"emcosID":null,"emcosMLID":null,"WSName":"DB","rangeAddress":"$DF$52:$DF$89","headAddress":"$DF$52","bodyAddress":"$DF$53:$DF$89","_name":"ручное"},"оперативное":{"_level":2,"parentID":"ee50edda-0a69-4ecd-b8fc-613a62dc9a1f","firstParentID":"b083a5da-f968-4e25-9a36-643dd712cafe","ID":"d895ebf1-7a97-4c92-9f90-70a3c565f37f","childs":null,"emcosID":null,"emcosMLID":null,"WSName":"DB","rangeAddress":"$DG$52:$DG$89","headAddress":"$DG$52","bodyAddress":"$DG$53:$DG$89","_name":"оперативное"}},"emcosID":null,"emcosMLID":null,"WSName":"DB","rangeAddress":"$DC$51:$DG$89","headAddress":"$DC$51:$DG$51","bodyAddress":"$DC$52:$DG$89","_name":"прием"},"отдача":{"_level":1,"parentID":"beb34013-883a-40a8-99fd-48a614ac81db","firstParentID":"b083a5da-f968-4e25-9a36-643dd712cafe","ID":"26a6296b-c34a-4844-b1fa-24fbc791d09c","childs":{"код":{"_level":2,"parentID":"26a6296b-c34a-4844-b1fa-24fbc791d09c","firstParentID":"b083a5da-f968-4e25-9a36-643dd712cafe","ID":"a952253a-b1fd-4859-ac71-6aed5f957239","childs":null,"emcosID":null,"emcosMLID":null,"WSName":"DB","rangeAddress":"$DH$52:$DH$89","headAddress":"$DH$52","bodyAddress":"$DH$53:$DH$89","_name":"код"},"основное":{"_level":2,"parentID":"26a6296b-c34a-4844-b1fa-24fbc791d09c","firstParentID":"b083a5da-f968-4e25-9a36-643dd712cafe","ID":"0b87a3fe-b2ad-4393-b7d3-f08d4c5fa0c9","childs":null,"emcosID":null,"emcosMLID":null,"WSName":"DB","rangeAddress":"$DI$52:$DI$89","headAddress":"$DI$52","bodyAddress":"$DI$53:$DI$89","_name":"основное"},"корректировка факт":{"_level":2,"parentID":"26a6296b-c34a-4844-b1fa-24fbc791d09c","firstParentID":"b083a5da-f968-4e25-9a36-643dd712cafe","ID":"71552e10-6989-4c36-b46d-81542daf3c23","childs":null,"emcosID":null,"emcosMLID":null,"WSName":"DB","rangeAddress":"$DJ$52:$DJ$89","headAddress":"$DJ$52","bodyAddress":"$DJ$53:$DJ$89","_name":"корректировка факт"},"ручное":{"_level":2,"parentID":"26a6296b-c34a-4844-b1fa-24fbc791d09c","firstParentID":"b083a5da-f968-4e25-9a36-643dd712cafe","ID":"2d7c00d6-9c3f-4652-9aad-3e899a0b5a53","childs":null,"emcosID":null,"emcosMLID":null,"WSName":"DB","rangeAddress":"$DK$52:$DK$89","headAddress":"$DK$52","bodyAddress":"$DK$53:$DK$89","_name":"ручное"},"оперативное":{"_level":2,"parentID":"26a6296b-c34a-4844-b1fa-24fbc791d09c","firstParentID":"b083a5da-f968-4e25-9a36-643dd712cafe","ID":"dca1b446-1ed4-43b9-b546-04e1545646e7","childs":null,"emcosID":null,"emcosMLID":null,"WSName":"DB","rangeAddress":"$DL$52:$DL$89","headAddress":"$DL$52","bodyAddress":"$DL$53:$DL$89","_name":"оперативное"}},"emcosID":null,"emcosMLID":null,"WSName":"DB","rangeAddress":"$DH$51:$DL$89","headAddress":"$DH$51:$DL$51","bodyAddress":"$DH$52:$DL$89","_name":"отдача"}},"emcosID":null,"emcosMLID":null,"WSName":"DB","rangeAddress":"$DC$50:$DL$89","headAddress":"$DC$50:$DL$50","bodyAddress":"$DC$51:$DL$89","_name":"АТ5 ОРУ 220 АТЭЦ3"}},"codPlan":null,"meterCoef":null,"_name":"АТ5 ОРУ 220 АТЭЦ3"}