{"ID":"bc3e5a97-a0e9-4af8-b06a-bda76f92775c","childs":{"PS":{"_level":0,"parentID":"bc3e5a97-a0e9-4af8-b06a-bda76f92775c","firstParentID":"bc3e5a97-a0e9-4af8-b06a-bda76f92775c","ID":"ff7ca58e-fbc2-4479-bb3d-11d0f168216a","childs":{"прием":{"_level":1,"parentID":"ff7ca58e-fbc2-4479-bb3d-11d0f168216a","firstParentID":"bc3e5a97-a0e9-4af8-b06a-bda76f92775c","ID":"f87d2424-c137-4cdc-bfc9-0030734c262c","childs":{"ручное":{"_level":2,"parentID":"f87d2424-c137-4cdc-bfc9-0030734c262c","firstParentID":"bc3e5a97-a0e9-4af8-b06a-bda76f92775c","ID":"44df6a2d-3692-4a7c-977c-ef28326bd86d","childs":null,"emcosID":null,"emcosMLID":null,"WSName":"PS","rangeAddress":"$J$185:$J$221","headAddress":"$J$185","bodyAddress":"$J$186:$J$221","_name":"ручное"}},"emcosID":null,"emcosMLID":null,"WSName":"PS","rangeAddress":"$J$184:$J$221","headAddress":"$J$184","bodyAddress":"$J$185:$J$221","_name":"прием"}},"emcosID":null,"emcosMLID":null,"WSName":"PS","rangeAddress":"$J$183:$J$221","headAddress":"$J$183","bodyAddress":"$J$184:$J$221","_name":"Потребление Балхашэнерго"},"DB":{"_level":0,"parentID":"bc3e5a97-a0e9-4af8-b06a-bda76f92775c","firstParentID":"bc3e5a97-a0e9-4af8-b06a-bda76f92775c","ID":"2c365385-efe9-4fa6-b1d7-45fc74a05f80","childs":{"прием":{"_level":1,"parentID":"2c365385-efe9-4fa6-b1d7-45fc74a05f80","firstParentID":"bc3e5a97-a0e9-4af8-b06a-bda76f92775c","ID":"d0ba1d6a-d1e9-4a08-af8a-167eed740aab","childs":{"код":{"_level":2,"parentID":"d0ba1d6a-d1e9-4a08-af8a-167eed740aab","firstParentID":"bc3e5a97-a0e9-4af8-b06a-bda76f92775c","ID":"060d95eb-39cc-4d5e-b32f-49990c3e4095","childs":null,"emcosID":null,"emcosMLID":null,"WSName":"DB","rangeAddress":"$S$138:$S$175","headAddress":"$S$138","bodyAddress":"$S$139:$S$175","_name":"код"},"основное":{"_level":2,"parentID":"d0ba1d6a-d1e9-4a08-af8a-167eed740aab","firstParentID":"bc3e5a97-a0e9-4af8-b06a-bda76f92775c","ID":"e1410e90-cd02-4d93-a135-d09698595986","childs":null,"emcosID":null,"emcosMLID":null,"WSName":"DB","rangeAddress":"$T$138:$T$175","headAddress":"$T$138","bodyAddress":"$T$139:$T$175","_name":"основное"},"корректировка факт":{"_level":2,"parentID":"d0ba1d6a-d1e9-4a08-af8a-167eed740aab","firstParentID":"bc3e5a97-a0e9-4af8-b06a-bda76f92775c","ID":"6f9530cc-d9c4-4c00-9604-2f542a7e372f","childs":null,"emcosID":null,"emcosMLID":null,"WSName":"DB","rangeAddress":"$U$138:$U$175","headAddress":"$U$138","bodyAddress":"$U$139:$U$175","_name":"корректировка факт"},"ручное":{"_level":2,"parentID":"d0ba1d6a-d1e9-4a08-af8a-167eed740aab","firstParentID":"bc3e5a97-a0e9-4af8-b06a-bda76f92775c","ID":"4456906e-2f5f-4205-96c6-ff7b7a4424a5","childs":null,"emcosID":null,"emcosMLID":null,"WSName":"DB","rangeAddress":"$V$138:$V$175","headAddress":"$V$138","bodyAddress":"$V$139:$V$175","_name":"ручное"}},"emcosID":null,"emcosMLID":null,"WSName":"DB","rangeAddress":"$S$137:$V$175","headAddress":"$S$137:$V$137","bodyAddress":"$S$138:$V$175","_name":"прием"}},"emcosID":null,"emcosMLID":null,"WSName":"DB","rangeAddress":"$S$136:$V$175","headAddress":"$S$136:$V$136","bodyAddress":"$S$137:$V$175","_name":"Потребление Балхашэнерго"}},"codPlan":null,"meterCoef":null,"_name":"Потребление Балхашэнерго"}