{"ID":"c5149981-e959-4e8a-8176-4c53138e3971","childs":{"PS":{"_level":0,"parentID":"c5149981-e959-4e8a-8176-4c53138e3971","firstParentID":"c5149981-e959-4e8a-8176-4c53138e3971","ID":"ae84c451-aea0-4dff-9551-0fee865d6b4e","childs":{"прием":{"_level":1,"parentID":"ae84c451-aea0-4dff-9551-0fee865d6b4e","firstParentID":"c5149981-e959-4e8a-8176-4c53138e3971","ID":"2935daaa-f374-4df4-a9e1-4dae76acbb4b","childs":{"по счетчику":{"_level":2,"parentID":"2935daaa-f374-4df4-a9e1-4dae76acbb4b","firstParentID":"c5149981-e959-4e8a-8176-4c53138e3971","ID":"97d56931-3851-4a75-9816-8503fba6d784","childs":null,"emcosID":null,"emcosMLID":null,"WSName":"PS","rangeAddress":"$AM$56:$AM$92","headAddress":"$AM$56","bodyAddress":"$AM$57:$AM$92","_name":"по счетчику"}},"emcosID":null,"emcosMLID":null,"WSName":"PS","rangeAddress":"$AM$55:$AM$92","headAddress":"$AM$55","bodyAddress":"$AM$56:$AM$92","_name":"прием"},"отдача":{"_level":1,"parentID":"ae84c451-aea0-4dff-9551-0fee865d6b4e","firstParentID":"c5149981-e959-4e8a-8176-4c53138e3971","ID":"e2fcd7f5-fa8f-4243-8a7b-221f2943400d","childs":{"по счетчику":{"_level":2,"parentID":"e2fcd7f5-fa8f-4243-8a7b-221f2943400d","firstParentID":"c5149981-e959-4e8a-8176-4c53138e3971","ID":"73491e80-591f-4698-9de5-66a0a8148e82","childs":null,"emcosID":null,"emcosMLID":null,"WSName":"PS","rangeAddress":"$AN$56:$AN$92","headAddress":"$AN$56","bodyAddress":"$AN$57:$AN$92","_name":"по счетчику"}},"emcosID":null,"emcosMLID":null,"WSName":"PS","rangeAddress":"$AN$55:$AN$92","headAddress":"$AN$55","bodyAddress":"$AN$56:$AN$92","_name":"отдача"}},"emcosID":null,"emcosMLID":null,"WSName":"PS","rangeAddress":"$AM$54:$AN$92","headAddress":"$AM$54:$AN$54","bodyAddress":"$AM$55:$AN$92","_name":"Л2163 Шу"},"DB":{"_level":0,"parentID":"c5149981-e959-4e8a-8176-4c53138e3971","firstParentID":"c5149981-e959-4e8a-8176-4c53138e3971","ID":"cad67547-93ab-49f6-94d5-cf03f19d6b46","childs":{"прием":{"_level":1,"parentID":"cad67547-93ab-49f6-94d5-cf03f19d6b46","firstParentID":"c5149981-e959-4e8a-8176-4c53138e3971","ID":"c5f04471-b7a9-4571-90f4-bcbfa734edeb","childs":{"код":{"_level":2,"parentID":"c5f04471-b7a9-4571-90f4-bcbfa734edeb","firstParentID":"c5149981-e959-4e8a-8176-4c53138e3971","ID":"0f33c2b0-fe84-4ba9-824e-0ec62018f23e","childs":null,"emcosID":null,"emcosMLID":null,"WSName":"DB","rangeAddress":"$FF$9:$FF$46","headAddress":"$FF$9","bodyAddress":"$FF$10:$FF$46","_name":"код"},"основное":{"_level":2,"parentID":"c5f04471-b7a9-4571-90f4-bcbfa734edeb","firstParentID":"c5149981-e959-4e8a-8176-4c53138e3971","ID":"be3611d7-ec7e-419c-8051-7acda5df9ac9","childs":null,"emcosID":null,"emcosMLID":null,"WSName":"DB","rangeAddress":"$FG$9:$FG$46","headAddress":"$FG$9","bodyAddress":"$FG$10:$FG$46","_name":"основное"},"корректировка факт":{"_level":2,"parentID":"c5f04471-b7a9-4571-90f4-bcbfa734edeb","firstParentID":"c5149981-e959-4e8a-8176-4c53138e3971","ID":"beb068db-498f-4867-9ca0-61a3ca34bbe4","childs":null,"emcosID":null,"emcosMLID":null,"WSName":"DB","rangeAddress":"$FH$9:$FH$46","headAddress":"$FH$9","bodyAddress":"$FH$10:$FH$46","_name":"корректировка факт"},"ручное":{"_level":2,"parentID":"c5f04471-b7a9-4571-90f4-bcbfa734edeb","firstParentID":"c5149981-e959-4e8a-8176-4c53138e3971","ID":"8e58c21f-6841-4c9c-809a-a25ad4db284b","childs":null,"emcosID":null,"emcosMLID":null,"WSName":"DB","rangeAddress":"$FI$9:$FI$46","headAddress":"$FI$9","bodyAddress":"$FI$10:$FI$46","_name":"ручное"},"счетчик":{"_level":2,"parentID":"c5f04471-b7a9-4571-90f4-bcbfa734edeb","firstParentID":"c5149981-e959-4e8a-8176-4c53138e3971","ID":"b1639b1c-2412-420f-a8d2-d87143af02ca","childs":null,"emcosID":null,"emcosMLID":null,"WSName":"DB","rangeAddress":"$FJ$9:$FJ$46","headAddress":"$FJ$9","bodyAddress":"$FJ$10:$FJ$46","_name":"счетчик"},"по счетчику":{"_level":2,"parentID":"c5f04471-b7a9-4571-90f4-bcbfa734edeb","firstParentID":"c5149981-e959-4e8a-8176-4c53138e3971","ID":"136ddbf3-625b-4698-85ca-592297df4eb6","childs":null,"emcosID":null,"emcosMLID":null,"WSName":"DB","rangeAddress":"$FK$9:$FK$46","headAddress":"$FK$9","bodyAddress":"$FK$10:$FK$46","_name":"по счетчику"}},"emcosID":null,"emcosMLID":null,"WSName":"DB","rangeAddress":"$FF$8:$FK$46","headAddress":"$FF$8:$FK$8","bodyAddress":"$FF$9:$FK$46","_name":"прием"},"отдача":{"_level":1,"parentID":"cad67547-93ab-49f6-94d5-cf03f19d6b46","firstParentID":"c5149981-e959-4e8a-8176-4c53138e3971","ID":"ab3c7b37-94c9-4bf0-b156-2fb27426b32f","childs":{"код":{"_level":2,"parentID":"ab3c7b37-94c9-4bf0-b156-2fb27426b32f","firstParentID":"c5149981-e959-4e8a-8176-4c53138e3971","ID":"5658ad95-4d64-4711-8351-a6939d464498","childs":null,"emcosID":null,"emcosMLID":null,"WSName":"DB","rangeAddress":"$FL$9:$FL$46","headAddress":"$FL$9","bodyAddress":"$FL$10:$FL$46","_name":"код"},"основное":{"_level":2,"parentID":"ab3c7b37-94c9-4bf0-b156-2fb27426b32f","firstParentID":"c5149981-e959-4e8a-8176-4c53138e3971","ID":"bea53f4e-4de5-471c-a27b-18bf2087edc5","childs":null,"emcosID":null,"emcosMLID":null,"WSName":"DB","rangeAddress":"$FM$9:$FM$46","headAddress":"$FM$9","bodyAddress":"$FM$10:$FM$46","_name":"основное"},"корректировка факт":{"_level":2,"parentID":"ab3c7b37-94c9-4bf0-b156-2fb27426b32f","firstParentID":"c5149981-e959-4e8a-8176-4c53138e3971","ID":"606760a4-f4fb-4b58-a09f-f50fd6f42b91","childs":null,"emcosID":null,"emcosMLID":null,"WSName":"DB","rangeAddress":"$FN$9:$FN$46","headAddress":"$FN$9","bodyAddress":"$FN$10:$FN$46","_name":"корректировка факт"},"ручное":{"_level":2,"parentID":"ab3c7b37-94c9-4bf0-b156-2fb27426b32f","firstParentID":"c5149981-e959-4e8a-8176-4c53138e3971","ID":"f7386091-b362-4886-b9d2-d25b8cdd61f5","childs":null,"emcosID":null,"emcosMLID":null,"WSName":"DB","rangeAddress":"$FO$9:$FO$46","headAddress":"$FO$9","bodyAddress":"$FO$10:$FO$46","_name":"ручное"},"счетчик":{"_level":2,"parentID":"ab3c7b37-94c9-4bf0-b156-2fb27426b32f","firstParentID":"c5149981-e959-4e8a-8176-4c53138e3971","ID":"3d81e7cc-836e-4369-8f9c-be6b3547140c","childs":null,"emcosID":null,"emcosMLID":null,"WSName":"DB","rangeAddress":"$FP$9:$FP$46","headAddress":"$FP$9","bodyAddress":"$FP$10:$FP$46","_name":"счетчик"},"по счетчику":{"_level":2,"parentID":"ab3c7b37-94c9-4bf0-b156-2fb27426b32f","firstParentID":"c5149981-e959-4e8a-8176-4c53138e3971","ID":"247c06ec-1b9a-479c-a321-eb949131c65d","childs":null,"emcosID":null,"emcosMLID":null,"WSName":"DB","rangeAddress":"$FQ$9:$FQ$46","headAddress":"$FQ$9","bodyAddress":"$FQ$10:$FQ$46","_name":"по счетчику"}},"emcosID":null,"emcosMLID":null,"WSName":"DB","rangeAddress":"$FL$8:$FQ$46","headAddress":"$FL$8:$FQ$8","bodyAddress":"$FL$9:$FQ$46","_name":"отдача"}},"emcosID":null,"emcosMLID":null,"WSName":"DB","rangeAddress":"$FF$7:$FQ$46","headAddress":"$FF$7:$FQ$7","bodyAddress":"$FF$8:$FQ$46","_name":"Л2163 Шу"}},"codPlan":null,"meterCoef":null,"_name":"Л2163 Шу"}