{"ID":"e59cca56-e045-4db9-8708-0300f235562f","childs":{"PS":{"_level":0,"parentID":"e59cca56-e045-4db9-8708-0300f235562f","firstParentID":"e59cca56-e045-4db9-8708-0300f235562f","ID":"3d8388db-b831-4c81-8b1c-1734160795e6","childs":{"прием":{"_level":1,"parentID":"3d8388db-b831-4c81-8b1c-1734160795e6","firstParentID":"e59cca56-e045-4db9-8708-0300f235562f","ID":"a41560b6-6e4b-47af-972b-083504633536","childs":{"формула":{"_level":2,"parentID":"a41560b6-6e4b-47af-972b-083504633536","firstParentID":"e59cca56-e045-4db9-8708-0300f235562f","ID":"e46e61df-edda-4e1e-92e1-b5d09d55750b","childs":null,"emcosID":null,"emcosMLID":null,"WSName":"PS","rangeAddress":"$B$13:$B$49","headAddress":"$B$13","bodyAddress":"$B$14:$B$49","_name":"формула"}},"emcosID":null,"emcosMLID":null,"WSName":"PS","rangeAddress":"$B$12:$B$49","headAddress":"$B$12","bodyAddress":"$B$13:$B$49","_name":"прием"}},"emcosID":null,"emcosMLID":null,"WSName":"PS","rangeAddress":"$B$11:$B$49","headAddress":"$B$11","bodyAddress":"$B$12:$B$49","_name":"Потребление Алматы +Жетысу"},"DB":{"_level":0,"parentID":"e59cca56-e045-4db9-8708-0300f235562f","firstParentID":"e59cca56-e045-4db9-8708-0300f235562f","ID":"e0964af3-ff4e-412d-957a-38b1cdcf003e","childs":{"прием":{"_level":1,"parentID":"e0964af3-ff4e-412d-957a-38b1cdcf003e","firstParentID":"e59cca56-e045-4db9-8708-0300f235562f","ID":"f3d65fe7-74c7-487c-b4ac-44deb8a6fa5e","childs":{"код":{"_level":2,"parentID":"f3d65fe7-74c7-487c-b4ac-44deb8a6fa5e","firstParentID":"e59cca56-e045-4db9-8708-0300f235562f","ID":"4742f75b-7222-425f-af3d-452a13362006","childs":null,"emcosID":null,"emcosMLID":null,"WSName":"DB","rangeAddress":"$C$9:$C$46","headAddress":"$C$9","bodyAddress":"$C$10:$C$46","_name":"код"},"основное":{"_level":2,"parentID":"f3d65fe7-74c7-487c-b4ac-44deb8a6fa5e","firstParentID":"e59cca56-e045-4db9-8708-0300f235562f","ID":"bd25bb3b-cede-4e9a-9fd8-9880f2b0167f","childs":null,"emcosID":null,"emcosMLID":null,"WSName":"DB","rangeAddress":"$D$9:$D$46","headAddress":"$D$9","bodyAddress":"$D$10:$D$46","_name":"основное"},"корректировка факт":{"_level":2,"parentID":"f3d65fe7-74c7-487c-b4ac-44deb8a6fa5e","firstParentID":"e59cca56-e045-4db9-8708-0300f235562f","ID":"f272380d-11f4-401e-977d-1f1a9de695eb","childs":null,"emcosID":null,"emcosMLID":null,"WSName":"DB","rangeAddress":"$E$9:$E$46","headAddress":"$E$9","bodyAddress":"$E$10:$E$46","_name":"корректировка факт"},"ручное":{"_level":2,"parentID":"f3d65fe7-74c7-487c-b4ac-44deb8a6fa5e","firstParentID":"e59cca56-e045-4db9-8708-0300f235562f","ID":"9d93d82e-5d41-451b-b9d8-bac044d07970","childs":null,"emcosID":null,"emcosMLID":null,"WSName":"DB","rangeAddress":"$F$9:$F$46","headAddress":"$F$9","bodyAddress":"$F$10:$F$46","_name":"ручное"},"формула":{"_level":2,"parentID":"f3d65fe7-74c7-487c-b4ac-44deb8a6fa5e","firstParentID":"e59cca56-e045-4db9-8708-0300f235562f","ID":"f4f5497a-4940-404e-84ad-760c19ec92c8","childs":null,"emcosID":null,"emcosMLID":null,"WSName":"DB","rangeAddress":"$G$9:$G$46","headAddress":"$G$9","bodyAddress":"$G$10:$G$46","_name":"формула"}},"emcosID":null,"emcosMLID":null,"WSName":"DB","rangeAddress":"$C$8:$G$46","headAddress":"$C$8:$G$8","bodyAddress":"$C$9:$G$46","_name":"прием"}},"emcosID":null,"emcosMLID":null,"WSName":"DB","rangeAddress":"$C$7:$G$46","headAddress":"$C$7:$G$7","bodyAddress":"$C$8:$G$46","_name":"Потребление Алматы +Жетысу"}},"codPlan":null,"meterCoef":null,"_name":"Потребление Алматы +Жетысу"}