{"ID":"e7096a6b-c49c-4663-a7c7-c0240d6254da","childs":{"PS":{"_level":0,"parentID":"e7096a6b-c49c-4663-a7c7-c0240d6254da","firstParentID":"e7096a6b-c49c-4663-a7c7-c0240d6254da","ID":"e0c71c7c-56a2-4afe-b6a2-2d1b1c180ec5","childs":{"прием":{"_level":1,"parentID":"e0c71c7c-56a2-4afe-b6a2-2d1b1c180ec5","firstParentID":"e7096a6b-c49c-4663-a7c7-c0240d6254da","ID":"0f364b9f-ead5-4d25-8dbc-6b1957f64f80","childs":{"формула":{"_level":2,"parentID":"0f364b9f-ead5-4d25-8dbc-6b1957f64f80","firstParentID":"e7096a6b-c49c-4663-a7c7-c0240d6254da","ID":"53442b20-c6b7-47c7-a026-ec6be62277c0","childs":null,"emcosID":null,"emcosMLID":null,"WSName":"PS","rangeAddress":"$B$13:$B$49","headAddress":"$B$13","bodyAddress":"$B$14:$B$49","_name":"формула"}},"emcosID":null,"emcosMLID":null,"WSName":"PS","rangeAddress":"$B$12:$B$49","headAddress":"$B$12","bodyAddress":"$B$13:$B$49","_name":"прием"}},"emcosID":null,"emcosMLID":null,"WSName":"PS","rangeAddress":"$B$11:$B$49","headAddress":"$B$11","bodyAddress":"$B$12:$B$49","_name":"Потребление Алматинской области Общее"},"DB":{"_level":0,"parentID":"e7096a6b-c49c-4663-a7c7-c0240d6254da","firstParentID":"e7096a6b-c49c-4663-a7c7-c0240d6254da","ID":"39005d45-8e14-454d-96c4-c0d0036c98c1","childs":{"прием":{"_level":1,"parentID":"39005d45-8e14-454d-96c4-c0d0036c98c1","firstParentID":"e7096a6b-c49c-4663-a7c7-c0240d6254da","ID":"05b99cb0-f2b9-46ed-a1ea-4c0742d9f1b7","childs":{"код":{"_level":2,"parentID":"05b99cb0-f2b9-46ed-a1ea-4c0742d9f1b7","firstParentID":"e7096a6b-c49c-4663-a7c7-c0240d6254da","ID":"33395dbf-5eea-456f-8fe1-bc96766b27c2","childs":null,"emcosID":null,"emcosMLID":null,"WSName":"DB","rangeAddress":"$C$9:$C$46","headAddress":"$C$9","bodyAddress":"$C$10:$C$46","_name":"код"},"основное":{"_level":2,"parentID":"05b99cb0-f2b9-46ed-a1ea-4c0742d9f1b7","firstParentID":"e7096a6b-c49c-4663-a7c7-c0240d6254da","ID":"e539ab29-e223-450d-9e86-40d082eabe6b","childs":null,"emcosID":null,"emcosMLID":null,"WSName":"DB","rangeAddress":"$D$9:$D$46","headAddress":"$D$9","bodyAddress":"$D$10:$D$46","_name":"основное"},"корректировка факт":{"_level":2,"parentID":"05b99cb0-f2b9-46ed-a1ea-4c0742d9f1b7","firstParentID":"e7096a6b-c49c-4663-a7c7-c0240d6254da","ID":"47a0381b-c61d-463b-a9d3-207c8e5beb76","childs":null,"emcosID":null,"emcosMLID":null,"WSName":"DB","rangeAddress":"$E$9:$E$46","headAddress":"$E$9","bodyAddress":"$E$10:$E$46","_name":"корректировка факт"},"ручное":{"_level":2,"parentID":"05b99cb0-f2b9-46ed-a1ea-4c0742d9f1b7","firstParentID":"e7096a6b-c49c-4663-a7c7-c0240d6254da","ID":"ce85514f-6b6a-41d9-8b9c-365b16a3d1f5","childs":null,"emcosID":null,"emcosMLID":null,"WSName":"DB","rangeAddress":"$F$9:$F$46","headAddress":"$F$9","bodyAddress":"$F$10:$F$46","_name":"ручное"},"формула":{"_level":2,"parentID":"05b99cb0-f2b9-46ed-a1ea-4c0742d9f1b7","firstParentID":"e7096a6b-c49c-4663-a7c7-c0240d6254da","ID":"259f5958-4235-467d-8b0c-16e6e8d8b708","childs":null,"emcosID":null,"emcosMLID":null,"WSName":"DB","rangeAddress":"$G$9:$G$46","headAddress":"$G$9","bodyAddress":"$G$10:$G$46","_name":"формула"}},"emcosID":null,"emcosMLID":null,"WSName":"DB","rangeAddress":"$C$8:$G$46","headAddress":"$C$8:$G$8","bodyAddress":"$C$9:$G$46","_name":"прием"}},"emcosID":null,"emcosMLID":null,"WSName":"DB","rangeAddress":"$C$7:$G$46","headAddress":"$C$7:$G$7","bodyAddress":"$C$8:$G$46","_name":"Потребление Алматинской области Общее"}},"codPlan":null,"meterCoef":null,"_name":"Потребление Алматинской области Общее"}