{"ID":"f33d4025-110d-4b93-a549-0dc9f19c0cd1","childs":{"PS":{"_level":0,"parentID":"f33d4025-110d-4b93-a549-0dc9f19c0cd1","firstParentID":"f33d4025-110d-4b93-a549-0dc9f19c0cd1","ID":"c1e5fe13-158f-4c4d-8a81-74f1224f2c11","childs":{"прием":{"_level":1,"parentID":"c1e5fe13-158f-4c4d-8a81-74f1224f2c11","firstParentID":"f33d4025-110d-4b93-a549-0dc9f19c0cd1","ID":"49b8823f-ab08-4ca9-b722-955ad4d87ed9","childs":{"оперативное":{"_level":2,"parentID":"49b8823f-ab08-4ca9-b722-955ad4d87ed9","firstParentID":"f33d4025-110d-4b93-a549-0dc9f19c0cd1","ID":"f4c61446-8838-4806-b9d3-533e526cb535","childs":null,"emcosID":null,"emcosMLID":null,"WSName":"PS","rangeAddress":"$S$228:$S$264","headAddress":"$S$228","bodyAddress":"$S$229:$S$264","_name":"оперативное"}},"emcosID":null,"emcosMLID":null,"WSName":"PS","rangeAddress":"$S$227:$S$264","headAddress":"$S$227","bodyAddress":"$S$228:$S$264","_name":"прием"}},"emcosID":null,"emcosMLID":null,"WSName":"PS","rangeAddress":"$S$226:$S$264","headAddress":"$S$226","bodyAddress":"$S$227:$S$264","_name":"Потребление Хоргос Восточные Ворота"},"DB":{"_level":0,"parentID":"f33d4025-110d-4b93-a549-0dc9f19c0cd1","firstParentID":"f33d4025-110d-4b93-a549-0dc9f19c0cd1","ID":"c8c0bfe6-f53c-45a1-94f5-34ced282bed7","childs":{"прием":{"_level":1,"parentID":"c8c0bfe6-f53c-45a1-94f5-34ced282bed7","firstParentID":"f33d4025-110d-4b93-a549-0dc9f19c0cd1","ID":"7bec458a-0e66-44ea-bc50-03cb021eef52","childs":{"код":{"_level":2,"parentID":"7bec458a-0e66-44ea-bc50-03cb021eef52","firstParentID":"f33d4025-110d-4b93-a549-0dc9f19c0cd1","ID":"e2587b9b-b3ac-49d0-91ea-d31c92f8702a","childs":null,"emcosID":null,"emcosMLID":null,"WSName":"DB","rangeAddress":"$CT$396:$CT$433","headAddress":"$CT$396","bodyAddress":"$CT$397:$CT$433","_name":"код"},"основное":{"_level":2,"parentID":"7bec458a-0e66-44ea-bc50-03cb021eef52","firstParentID":"f33d4025-110d-4b93-a549-0dc9f19c0cd1","ID":"9ee17ff5-493e-40d6-9e96-df8d88b3553f","childs":null,"emcosID":null,"emcosMLID":null,"WSName":"DB","rangeAddress":"$CU$396:$CU$433","headAddress":"$CU$396","bodyAddress":"$CU$397:$CU$433","_name":"основное"},"корректировка факт":{"_level":2,"parentID":"7bec458a-0e66-44ea-bc50-03cb021eef52","firstParentID":"f33d4025-110d-4b93-a549-0dc9f19c0cd1","ID":"2b61546b-1063-4b79-9bda-36f9a72d6bf8","childs":null,"emcosID":null,"emcosMLID":null,"WSName":"DB","rangeAddress":"$CV$396:$CV$433","headAddress":"$CV$396","bodyAddress":"$CV$397:$CV$433","_name":"корректировка факт"},"ручное":{"_level":2,"parentID":"7bec458a-0e66-44ea-bc50-03cb021eef52","firstParentID":"f33d4025-110d-4b93-a549-0dc9f19c0cd1","ID":"fa8f22e6-a250-41a1-971c-a8d2942f39ca","childs":null,"emcosID":null,"emcosMLID":null,"WSName":"DB","rangeAddress":"$CW$396:$CW$433","headAddress":"$CW$396","bodyAddress":"$CW$397:$CW$433","_name":"ручное"},"оперативное":{"_level":2,"parentID":"7bec458a-0e66-44ea-bc50-03cb021eef52","firstParentID":"f33d4025-110d-4b93-a549-0dc9f19c0cd1","ID":"a97940a4-284c-4c4b-bdc0-c3d8b009a0f6","childs":null,"emcosID":null,"emcosMLID":null,"WSName":"DB","rangeAddress":"$CX$396:$CX$433","headAddress":"$CX$396","bodyAddress":"$CX$397:$CX$433","_name":"оперативное"}},"emcosID":null,"emcosMLID":null,"WSName":"DB","rangeAddress":"$CT$395:$CX$433","headAddress":"$CT$395:$CX$395","bodyAddress":"$CT$396:$CX$433","_name":"прием"}},"emcosID":null,"emcosMLID":null,"WSName":"DB","rangeAddress":"$CT$394:$CX$433","headAddress":"$CT$394:$CX$394","bodyAddress":"$CT$395:$CX$433","_name":"Потребление Хоргос Восточные Ворота"}},"codPlan":null,"meterCoef":null,"_name":"Потребление Хоргос Восточные Ворота"}