{"ID":"6edcfe04-8495-4ee5-ac09-a3cc44e3b0aa","childs":{"PS":{"_level":0,"parentID":"6edcfe04-8495-4ee5-ac09-a3cc44e3b0aa","firstParentID":"6edcfe04-8495-4ee5-ac09-a3cc44e3b0aa","ID":"3bc95eb3-1c07-4812-804a-493c7e8fd70e","childs":{"прием":{"_level":1,"parentID":"3bc95eb3-1c07-4812-804a-493c7e8fd70e","firstParentID":"6edcfe04-8495-4ee5-ac09-a3cc44e3b0aa","ID":"7e4fcb68-e41b-422f-8a68-7577784b89f7","childs":{"ручное":{"_level":2,"parentID":"7e4fcb68-e41b-422f-8a68-7577784b89f7","firstParentID":"6edcfe04-8495-4ee5-ac09-a3cc44e3b0aa","ID":"5402d26e-edd1-4cdd-a6b5-7c09009e437f","childs":null,"emcosID":null,"emcosMLID":null,"WSName":"PS","rangeAddress":"$HP$99:$HP$135","headAddress":"$HP$99","bodyAddress":"$HP$100:$HP$135","_name":"ручное"}},"emcosID":null,"emcosMLID":null,"WSName":"PS","rangeAddress":"$HP$98:$HP$135","headAddress":"$HP$98","bodyAddress":"$HP$99:$HP$135","_name":"прием"},"отдача":{"_level":1,"parentID":"3bc95eb3-1c07-4812-804a-493c7e8fd70e","firstParentID":"6edcfe04-8495-4ee5-ac09-a3cc44e3b0aa","ID":"c84fd49b-57aa-4e2c-8a1b-9ffd04f7849d","childs":{"ручное":{"_level":2,"parentID":"c84fd49b-57aa-4e2c-8a1b-9ffd04f7849d","firstParentID":"6edcfe04-8495-4ee5-ac09-a3cc44e3b0aa","ID":"820be6b2-2bd9-43c9-ba23-877de8fde513","childs":null,"emcosID":null,"emcosMLID":null,"WSName":"PS","rangeAddress":"$HQ$99:$HQ$135","headAddress":"$HQ$99","bodyAddress":"$HQ$100:$HQ$135","_name":"ручное"}},"emcosID":null,"emcosMLID":null,"WSName":"PS","rangeAddress":"$HQ$98:$HQ$135","headAddress":"$HQ$98","bodyAddress":"$HQ$99:$HQ$135","_name":"отдача"}},"emcosID":null,"emcosMLID":null,"WSName":"PS","rangeAddress":"$HP$97:$HQ$135","headAddress":"$HP$97:$HQ$97","bodyAddress":"$HP$98:$HQ$135","_name":"ТП3 Кияхты тяга"},"DB":{"_level":0,"parentID":"6edcfe04-8495-4ee5-ac09-a3cc44e3b0aa","firstParentID":"6edcfe04-8495-4ee5-ac09-a3cc44e3b0aa","ID":"bd835b2c-dfaa-4a94-80d7-8495302adaeb","childs":{"прием":{"_level":1,"parentID":"bd835b2c-dfaa-4a94-80d7-8495302adaeb","firstParentID":"6edcfe04-8495-4ee5-ac09-a3cc44e3b0aa","ID":"f6a65ceb-ce51-4d94-8f05-e1a5a0c7e142","childs":{"код":{"_level":2,"parentID":"f6a65ceb-ce51-4d94-8f05-e1a5a0c7e142","firstParentID":"6edcfe04-8495-4ee5-ac09-a3cc44e3b0aa","ID":"8812b573-e242-4f46-bcde-5500b32a0522","childs":null,"emcosID":null,"emcosMLID":null,"WSName":"DB","rangeAddress":"$AG$353:$AG$390","headAddress":"$AG$353","bodyAddress":"$AG$354:$AG$390","_name":"код"},"основное":{"_level":2,"parentID":"f6a65ceb-ce51-4d94-8f05-e1a5a0c7e142","firstParentID":"6edcfe04-8495-4ee5-ac09-a3cc44e3b0aa","ID":"517c625b-837d-46b7-a925-9866f5bf2757","childs":null,"emcosID":null,"emcosMLID":null,"WSName":"DB","rangeAddress":"$AH$353:$AH$390","headAddress":"$AH$353","bodyAddress":"$AH$354:$AH$390","_name":"основное"},"корректировка факт":{"_level":2,"parentID":"f6a65ceb-ce51-4d94-8f05-e1a5a0c7e142","firstParentID":"6edcfe04-8495-4ee5-ac09-a3cc44e3b0aa","ID":"e61ff795-5f2d-42fd-8334-17a387a98629","childs":null,"emcosID":null,"emcosMLID":null,"WSName":"DB","rangeAddress":"$AI$353:$AI$390","headAddress":"$AI$353","bodyAddress":"$AI$354:$AI$390","_name":"корректировка факт"},"ручное":{"_level":2,"parentID":"f6a65ceb-ce51-4d94-8f05-e1a5a0c7e142","firstParentID":"6edcfe04-8495-4ee5-ac09-a3cc44e3b0aa","ID":"868f1262-22da-44a6-a358-6b7245470d80","childs":null,"emcosID":null,"emcosMLID":null,"WSName":"DB","rangeAddress":"$AJ$353:$AJ$390","headAddress":"$AJ$353","bodyAddress":"$AJ$354:$AJ$390","_name":"ручное"}},"emcosID":null,"emcosMLID":null,"WSName":"DB","rangeAddress":"$AG$352:$AJ$390","headAddress":"$AG$352:$AJ$352","bodyAddress":"$AG$353:$AJ$390","_name":"прием"},"отдача":{"_level":1,"parentID":"bd835b2c-dfaa-4a94-80d7-8495302adaeb","firstParentID":"6edcfe04-8495-4ee5-ac09-a3cc44e3b0aa","ID":"f7d8b425-f0ad-4c5f-bc97-cec724ec745e","childs":{"код":{"_level":2,"parentID":"f7d8b425-f0ad-4c5f-bc97-cec724ec745e","firstParentID":"6edcfe04-8495-4ee5-ac09-a3cc44e3b0aa","ID":"17234d02-840a-42f5-8fd3-01b4c72934ae","childs":null,"emcosID":null,"emcosMLID":null,"WSName":"DB","rangeAddress":"$AK$353:$AK$390","headAddress":"$AK$353","bodyAddress":"$AK$354:$AK$390","_name":"код"},"основное":{"_level":2,"parentID":"f7d8b425-f0ad-4c5f-bc97-cec724ec745e","firstParentID":"6edcfe04-8495-4ee5-ac09-a3cc44e3b0aa","ID":"af1c904a-0981-4246-a2cf-e181d03e07c1","childs":null,"emcosID":null,"emcosMLID":null,"WSName":"DB","rangeAddress":"$AL$353:$AL$390","headAddress":"$AL$353","bodyAddress":"$AL$354:$AL$390","_name":"основное"},"корректировка факт":{"_level":2,"parentID":"f7d8b425-f0ad-4c5f-bc97-cec724ec745e","firstParentID":"6edcfe04-8495-4ee5-ac09-a3cc44e3b0aa","ID":"f7a3aa37-4cc6-4af5-8f01-ea068ef9f000","childs":null,"emcosID":null,"emcosMLID":null,"WSName":"DB","rangeAddress":"$AM$353:$AM$390","headAddress":"$AM$353","bodyAddress":"$AM$354:$AM$390","_name":"корректировка факт"},"ручное":{"_level":2,"parentID":"f7d8b425-f0ad-4c5f-bc97-cec724ec745e","firstParentID":"6edcfe04-8495-4ee5-ac09-a3cc44e3b0aa","ID":"b14f9660-c728-4978-bf05-338cb02737dc","childs":null,"emcosID":null,"emcosMLID":null,"WSName":"DB","rangeAddress":"$AN$353:$AN$390","headAddress":"$AN$353","bodyAddress":"$AN$354:$AN$390","_name":"ручное"}},"emcosID":null,"emcosMLID":null,"WSName":"DB","rangeAddress":"$AK$352:$AN$390","headAddress":"$AK$352:$AN$352","bodyAddress":"$AK$353:$AN$390","_name":"отдача"}},"emcosID":null,"emcosMLID":null,"WSName":"DB","rangeAddress":"$AG$351:$AN$390","headAddress":"$AG$351:$AN$351","bodyAddress":"$AG$352:$AN$390","_name":"ТП3 Кияхты тяга"}},"codPlan":null,"meterCoef":null,"_name":"ТП3 Кияхты тяга"}