{"ID":"0e1e3c77-cdc2-4875-b6c5-9a5e65acc5aa","childs":{"PS":{"_level":0,"parentID":"0e1e3c77-cdc2-4875-b6c5-9a5e65acc5aa","firstParentID":"0e1e3c77-cdc2-4875-b6c5-9a5e65acc5aa","ID":"092f3933-9364-4282-8396-3f7740d5d739","childs":{"прием":{"_level":1,"parentID":"092f3933-9364-4282-8396-3f7740d5d739","firstParentID":"0e1e3c77-cdc2-4875-b6c5-9a5e65acc5aa","ID":"0579d0c2-0975-4a80-aca2-b9e394ffa340","childs":{"ручное":{"_level":2,"parentID":"0579d0c2-0975-4a80-aca2-b9e394ffa340","firstParentID":"0e1e3c77-cdc2-4875-b6c5-9a5e65acc5aa","ID":"675ddd50-59b7-4923-9124-050ea97b9841","childs":null,"emcosID":null,"emcosMLID":null,"codMaketTEP":null,"codTEP":null,"WSName":"PS","rangeAddress":"$LC$99:$LC$135","headAddress":"$LC$99","bodyAddress":"$LC$100:$LC$135","_name":"ручное"}},"emcosID":null,"emcosMLID":null,"codMaketTEP":null,"codTEP":null,"WSName":"PS","rangeAddress":"$LC$98:$LC$135","headAddress":"$LC$98","bodyAddress":"$LC$99:$LC$135","_name":"прием"}},"emcosID":null,"emcosMLID":null,"codMaketTEP":null,"codTEP":null,"WSName":"PS","rangeAddress":"$LC$97:$LC$135","headAddress":"$LC$97","bodyAddress":"$LC$98:$LC$135","_name":"ТП2 Жидели тяга"},"DB":{"_level":0,"parentID":"0e1e3c77-cdc2-4875-b6c5-9a5e65acc5aa","firstParentID":"0e1e3c77-cdc2-4875-b6c5-9a5e65acc5aa","ID":"cdfdef2a-2c9f-4d6a-94ee-04975ff4f848","childs":{"прием":{"_level":1,"parentID":"cdfdef2a-2c9f-4d6a-94ee-04975ff4f848","firstParentID":"0e1e3c77-cdc2-4875-b6c5-9a5e65acc5aa","ID":"905d49d3-c799-4df8-8f93-5fe8577dedad","childs":{"код":{"_level":2,"parentID":"905d49d3-c799-4df8-8f93-5fe8577dedad","firstParentID":"0e1e3c77-cdc2-4875-b6c5-9a5e65acc5aa","ID":"8b7a3db5-68c3-463f-b71d-6bf07b6af0bb","childs":null,"emcosID":null,"emcosMLID":null,"codMaketTEP":null,"codTEP":null,"WSName":"DB","rangeAddress":"$BE$353:$BE$390","headAddress":"$BE$353","bodyAddress":"$BE$354:$BE$390","_name":"код"},"основное":{"_level":2,"parentID":"905d49d3-c799-4df8-8f93-5fe8577dedad","firstParentID":"0e1e3c77-cdc2-4875-b6c5-9a5e65acc5aa","ID":"40b29aec-017f-487a-933f-5ec77d4b15be","childs":null,"emcosID":null,"emcosMLID":null,"codMaketTEP":null,"codTEP":null,"WSName":"DB","rangeAddress":"$BF$353:$BF$390","headAddress":"$BF$353","bodyAddress":"$BF$354:$BF$390","_name":"основное"},"корректировка факт":{"_level":2,"parentID":"905d49d3-c799-4df8-8f93-5fe8577dedad","firstParentID":"0e1e3c77-cdc2-4875-b6c5-9a5e65acc5aa","ID":"6cd9adba-9b51-44ba-a74a-a9f2ff4754fc","childs":null,"emcosID":null,"emcosMLID":null,"codMaketTEP":null,"codTEP":null,"WSName":"DB","rangeAddress":"$BG$353:$BG$390","headAddress":"$BG$353","bodyAddress":"$BG$354:$BG$390","_name":"корректировка факт"},"ручное":{"_level":2,"parentID":"905d49d3-c799-4df8-8f93-5fe8577dedad","firstParentID":"0e1e3c77-cdc2-4875-b6c5-9a5e65acc5aa","ID":"c9916aed-c774-4717-94a5-7cd1de16853e","childs":null,"emcosID":null,"emcosMLID":null,"codMaketTEP":null,"codTEP":null,"WSName":"DB","rangeAddress":"$BH$353:$BH$390","headAddress":"$BH$353","bodyAddress":"$BH$354:$BH$390","_name":"ручное"}},"emcosID":null,"emcosMLID":null,"codMaketTEP":null,"codTEP":null,"WSName":"DB","rangeAddress":"$BE$352:$BH$390","headAddress":"$BE$352:$BH$352","bodyAddress":"$BE$353:$BH$390","_name":"прием"}},"emcosID":null,"emcosMLID":null,"codMaketTEP":null,"codTEP":null,"WSName":"DB","rangeAddress":"$BE$351:$BH$390","headAddress":"$BE$351:$BH$351","bodyAddress":"$BE$352:$BH$390","_name":"ТП2 Жидели тяга"}},"codPlan":null,"meterCoef":null,"_name":"ТП2 Жидели тяга"}