{"ID":"3a9c59ce-9585-4a9f-8230-8cd50adf2f5c","childs":{"PS":{"_level":0,"parentID":"3a9c59ce-9585-4a9f-8230-8cd50adf2f5c","firstParentID":"3a9c59ce-9585-4a9f-8230-8cd50adf2f5c","ID":"c55d46c2-e43b-43ba-ba69-b3fb1c00d5f5","childs":{"прием":{"_level":1,"parentID":"c55d46c2-e43b-43ba-ba69-b3fb1c00d5f5","firstParentID":"3a9c59ce-9585-4a9f-8230-8cd50adf2f5c","ID":"14db65ef-f05a-4ee1-856d-9c0bbc2eb451","childs":{"формула":{"_level":2,"parentID":"14db65ef-f05a-4ee1-856d-9c0bbc2eb451","firstParentID":"3a9c59ce-9585-4a9f-8230-8cd50adf2f5c","ID":"21a6a9b5-5027-4a3e-b8b3-9d9d0eacee2b","childs":null,"emcosID":null,"emcosMLID":null,"codMaketTEP":null,"codTEP":null,"WSName":"PS","rangeAddress":"$HY$99:$HY$135","headAddress":"$HY$99","bodyAddress":"$HY$100:$HY$135","_name":"формула"}},"emcosID":null,"emcosMLID":null,"codMaketTEP":null,"codTEP":null,"WSName":"PS","rangeAddress":"$HY$98:$HY$135","headAddress":"$HY$98","bodyAddress":"$HY$99:$HY$135","_name":"прием"},"отдача":{"_level":1,"parentID":"c55d46c2-e43b-43ba-ba69-b3fb1c00d5f5","firstParentID":"3a9c59ce-9585-4a9f-8230-8cd50adf2f5c","ID":"fd33f00a-d315-4537-89d1-4b30c691dcb3","childs":{"формула":{"_level":2,"parentID":"fd33f00a-d315-4537-89d1-4b30c691dcb3","firstParentID":"3a9c59ce-9585-4a9f-8230-8cd50adf2f5c","ID":"fc051528-c894-49b1-9f72-1c06ae3550df","childs":null,"emcosID":null,"emcosMLID":null,"codMaketTEP":null,"codTEP":null,"WSName":"PS","rangeAddress":"$HZ$99:$HZ$135","headAddress":"$HZ$99","bodyAddress":"$HZ$100:$HZ$135","_name":"формула"}},"emcosID":null,"emcosMLID":null,"codMaketTEP":null,"codTEP":null,"WSName":"PS","rangeAddress":"$HZ$98:$HZ$135","headAddress":"$HZ$98","bodyAddress":"$HZ$99:$HZ$135","_name":"отдача"},"сальдо":{"_level":1,"parentID":"c55d46c2-e43b-43ba-ba69-b3fb1c00d5f5","firstParentID":"3a9c59ce-9585-4a9f-8230-8cd50adf2f5c","ID":"8cf6197f-bf2e-41b9-92f5-b3edf27b4bd3","childs":{"формула":{"_level":2,"parentID":"8cf6197f-bf2e-41b9-92f5-b3edf27b4bd3","firstParentID":"3a9c59ce-9585-4a9f-8230-8cd50adf2f5c","ID":"7c865692-dfba-4bdb-8fef-552f9b2bb99e","childs":null,"emcosID":null,"emcosMLID":null,"codMaketTEP":null,"codTEP":null,"WSName":"PS","rangeAddress":"$IA$99:$IA$135","headAddress":"$IA$99","bodyAddress":"$IA$100:$IA$135","_name":"формула"}},"emcosID":null,"emcosMLID":null,"codMaketTEP":1346,"codTEP":null,"WSName":"PS","rangeAddress":"$IA$98:$IA$135","headAddress":"$IA$98","bodyAddress":"$IA$99:$IA$135","_name":"сальдо"}},"emcosID":null,"emcosMLID":null,"codMaketTEP":null,"codTEP":null,"WSName":"PS","rangeAddress":"$HY$97:$IA$135","headAddress":"$HY$97:$IA$97","bodyAddress":"$HY$98:$IA$135","_name":"Л2193 Главная"},"DB":{"_level":0,"parentID":"3a9c59ce-9585-4a9f-8230-8cd50adf2f5c","firstParentID":"3a9c59ce-9585-4a9f-8230-8cd50adf2f5c","ID":"08d16000-99e3-4266-a5f2-02c99dca6652","childs":{"прием":{"_level":1,"parentID":"08d16000-99e3-4266-a5f2-02c99dca6652","firstParentID":"3a9c59ce-9585-4a9f-8230-8cd50adf2f5c","ID":"16b410c4-53e6-4c62-80b7-dab080254e72","childs":{"код":{"_level":2,"parentID":"16b410c4-53e6-4c62-80b7-dab080254e72","firstParentID":"3a9c59ce-9585-4a9f-8230-8cd50adf2f5c","ID":"7a269177-835b-4336-8ebb-c0fd7abd640b","childs":null,"emcosID":null,"emcosMLID":null,"codMaketTEP":null,"codTEP":null,"WSName":"DB","rangeAddress":"$CR$95:$CR$132","headAddress":"$CR$95","bodyAddress":"$CR$96:$CR$132","_name":"код"},"основное":{"_level":2,"parentID":"16b410c4-53e6-4c62-80b7-dab080254e72","firstParentID":"3a9c59ce-9585-4a9f-8230-8cd50adf2f5c","ID":"102aa1f2-78a2-4b72-b34a-fd7cdf10aa7f","childs":null,"emcosID":null,"emcosMLID":null,"codMaketTEP":null,"codTEP":null,"WSName":"DB","rangeAddress":"$CS$95:$CS$132","headAddress":"$CS$95","bodyAddress":"$CS$96:$CS$132","_name":"основное"},"корректировка факт":{"_level":2,"parentID":"16b410c4-53e6-4c62-80b7-dab080254e72","firstParentID":"3a9c59ce-9585-4a9f-8230-8cd50adf2f5c","ID":"020e8b11-c16b-4942-aedb-3bb7d1daf0ff","childs":null,"emcosID":null,"emcosMLID":null,"codMaketTEP":null,"codTEP":null,"WSName":"DB","rangeAddress":"$CT$95:$CT$132","headAddress":"$CT$95","bodyAddress":"$CT$96:$CT$132","_name":"корректировка факт"},"ручное":{"_level":2,"parentID":"16b410c4-53e6-4c62-80b7-dab080254e72","firstParentID":"3a9c59ce-9585-4a9f-8230-8cd50adf2f5c","ID":"f784c079-2f8d-401d-8521-d2a15cf0852e","childs":null,"emcosID":null,"emcosMLID":null,"codMaketTEP":null,"codTEP":null,"WSName":"DB","rangeAddress":"$CU$95:$CU$132","headAddress":"$CU$95","bodyAddress":"$CU$96:$CU$132","_name":"ручное"},"формула":{"_level":2,"parentID":"16b410c4-53e6-4c62-80b7-dab080254e72","firstParentID":"3a9c59ce-9585-4a9f-8230-8cd50adf2f5c","ID":"fe073dc1-268b-489b-ab97-bb047323b147","childs":null,"emcosID":null,"emcosMLID":null,"codMaketTEP":null,"codTEP":null,"WSName":"DB","rangeAddress":"$CV$95:$CV$132","headAddress":"$CV$95","bodyAddress":"$CV$96:$CV$132","_name":"формула"}},"emcosID":null,"emcosMLID":null,"codMaketTEP":null,"codTEP":null,"WSName":"DB","rangeAddress":"$CR$94:$CV$132","headAddress":"$CR$94:$CV$94","bodyAddress":"$CR$95:$CV$132","_name":"прием"},"отдача":{"_level":1,"parentID":"08d16000-99e3-4266-a5f2-02c99dca6652","firstParentID":"3a9c59ce-9585-4a9f-8230-8cd50adf2f5c","ID":"b648a0b2-0b04-4776-a51b-05985e31a593","childs":{"код":{"_level":2,"parentID":"b648a0b2-0b04-4776-a51b-05985e31a593","firstParentID":"3a9c59ce-9585-4a9f-8230-8cd50adf2f5c","ID":"b65d2316-21b4-40c0-8840-9669be58ba17","childs":null,"emcosID":null,"emcosMLID":null,"codMaketTEP":null,"codTEP":null,"WSName":"DB","rangeAddress":"$CW$95:$CW$132","headAddress":"$CW$95","bodyAddress":"$CW$96:$CW$132","_name":"код"},"основное":{"_level":2,"parentID":"b648a0b2-0b04-4776-a51b-05985e31a593","firstParentID":"3a9c59ce-9585-4a9f-8230-8cd50adf2f5c","ID":"57a43f6e-73d4-42e8-9665-edc9112006c3","childs":null,"emcosID":null,"emcosMLID":null,"codMaketTEP":null,"codTEP":null,"WSName":"DB","rangeAddress":"$CX$95:$CX$132","headAddress":"$CX$95","bodyAddress":"$CX$96:$CX$132","_name":"основное"},"корректировка факт":{"_level":2,"parentID":"b648a0b2-0b04-4776-a51b-05985e31a593","firstParentID":"3a9c59ce-9585-4a9f-8230-8cd50adf2f5c","ID":"cf7573c8-ed78-4014-9931-40056b9eb038","childs":null,"emcosID":null,"emcosMLID":null,"codMaketTEP":null,"codTEP":null,"WSName":"DB","rangeAddress":"$CY$95:$CY$132","headAddress":"$CY$95","bodyAddress":"$CY$96:$CY$132","_name":"корректировка факт"},"ручное":{"_level":2,"parentID":"b648a0b2-0b04-4776-a51b-05985e31a593","firstParentID":"3a9c59ce-9585-4a9f-8230-8cd50adf2f5c","ID":"43f3a6ee-2239-4e6f-a6fd-b4211cd962a8","childs":null,"emcosID":null,"emcosMLID":null,"codMaketTEP":null,"codTEP":null,"WSName":"DB","rangeAddress":"$CZ$95:$CZ$132","headAddress":"$CZ$95","bodyAddress":"$CZ$96:$CZ$132","_name":"ручное"},"формула":{"_level":2,"parentID":"b648a0b2-0b04-4776-a51b-05985e31a593","firstParentID":"3a9c59ce-9585-4a9f-8230-8cd50adf2f5c","ID":"7b13866f-aa16-48db-8581-97daa51d928d","childs":null,"emcosID":null,"emcosMLID":null,"codMaketTEP":null,"codTEP":null,"WSName":"DB","rangeAddress":"$DA$95:$DA$132","headAddress":"$DA$95","bodyAddress":"$DA$96:$DA$132","_name":"формула"}},"emcosID":null,"emcosMLID":null,"codMaketTEP":null,"codTEP":null,"WSName":"DB","rangeAddress":"$CW$94:$DA$132","headAddress":"$CW$94:$DA$94","bodyAddress":"$CW$95:$DA$132","_name":"отдача"},"сальдо":{"_level":1,"parentID":"08d16000-99e3-4266-a5f2-02c99dca6652","firstParentID":"3a9c59ce-9585-4a9f-8230-8cd50adf2f5c","ID":"83dc8bde-bdcc-4ddd-9e0f-36422fe75bda","childs":{"код":{"_level":2,"parentID":"83dc8bde-bdcc-4ddd-9e0f-36422fe75bda","firstParentID":"3a9c59ce-9585-4a9f-8230-8cd50adf2f5c","ID":"f131967a-7404-4881-a5e5-f48205b19ac7","childs":null,"emcosID":null,"emcosMLID":null,"codMaketTEP":null,"codTEP":null,"WSName":"DB","rangeAddress":"$DB$95:$DB$132","headAddress":"$DB$95","bodyAddress":"$DB$96:$DB$132","_name":"код"},"основное":{"_level":2,"parentID":"83dc8bde-bdcc-4ddd-9e0f-36422fe75bda","firstParentID":"3a9c59ce-9585-4a9f-8230-8cd50adf2f5c","ID":"1e345ac4-2f37-4500-88fd-e4458bf6346d","childs":null,"emcosID":null,"emcosMLID":null,"codMaketTEP":null,"codTEP":null,"WSName":"DB","rangeAddress":"$DC$95:$DC$132","headAddress":"$DC$95","bodyAddress":"$DC$96:$DC$132","_name":"основное"},"корректировка факт":{"_level":2,"parentID":"83dc8bde-bdcc-4ddd-9e0f-36422fe75bda","firstParentID":"3a9c59ce-9585-4a9f-8230-8cd50adf2f5c","ID":"1278173e-fd5e-4b97-94ee-4091dcf61ed9","childs":null,"emcosID":null,"emcosMLID":null,"codMaketTEP":null,"codTEP":null,"WSName":"DB","rangeAddress":"$DD$95:$DD$132","headAddress":"$DD$95","bodyAddress":"$DD$96:$DD$132","_name":"корректировка факт"},"ручное":{"_level":2,"parentID":"83dc8bde-bdcc-4ddd-9e0f-36422fe75bda","firstParentID":"3a9c59ce-9585-4a9f-8230-8cd50adf2f5c","ID":"5a2f0994-1fb7-4d6f-8d4e-8a3a5dd9030d","childs":null,"emcosID":null,"emcosMLID":null,"codMaketTEP":null,"codTEP":null,"WSName":"DB","rangeAddress":"$DE$95:$DE$132","headAddress":"$DE$95","bodyAddress":"$DE$96:$DE$132","_name":"ручное"},"формула":{"_level":2,"parentID":"83dc8bde-bdcc-4ddd-9e0f-36422fe75bda","firstParentID":"3a9c59ce-9585-4a9f-8230-8cd50adf2f5c","ID":"9f6acf6b-4897-4c9e-a5ee-388d5ebdb92b","childs":null,"emcosID":null,"emcosMLID":null,"codMaketTEP":null,"codTEP":null,"WSName":"DB","rangeAddress":"$DF$95:$DF$132","headAddress":"$DF$95","bodyAddress":"$DF$96:$DF$132","_name":"формула"}},"emcosID":null,"emcosMLID":null,"codMaketTEP":null,"codTEP":null,"WSName":"DB","rangeAddress":"$DB$94:$DF$132","headAddress":"$DB$94:$DF$94","bodyAddress":"$DB$95:$DF$132","_name":"сальдо"}},"emcosID":null,"emcosMLID":null,"codMaketTEP":null,"codTEP":null,"WSName":"DB","rangeAddress":"$CR$93:$DF$132","headAddress":"$CR$93:$DF$93","bodyAddress":"$CR$94:$DF$132","_name":"Л2193 Главная"}},"codPlan":null,"meterCoef":null,"_name":"Л2193 Главная"}