{"ID":"44730c45-c6c3-410e-b4c9-90f6c5b66bad","childs":{"PS":{"_level":0,"parentID":"44730c45-c6c3-410e-b4c9-90f6c5b66bad","firstParentID":"44730c45-c6c3-410e-b4c9-90f6c5b66bad","ID":"fbd5da2e-18fd-4e2b-8f32-72625dbfc7b6","childs":{"прием":{"_level":1,"parentID":"fbd5da2e-18fd-4e2b-8f32-72625dbfc7b6","firstParentID":"44730c45-c6c3-410e-b4c9-90f6c5b66bad","ID":"27721bec-3d32-49f1-b055-ce9f63735c5d","childs":{"ручное":{"_level":2,"parentID":"27721bec-3d32-49f1-b055-ce9f63735c5d","firstParentID":"44730c45-c6c3-410e-b4c9-90f6c5b66bad","ID":"720df7a1-77d3-43cf-8017-0f82ea66b266","childs":null,"emcosID":null,"emcosMLID":null,"codMaketTEP":null,"codTEP":null,"WSName":"PS","rangeAddress":"$JR$99:$JR$135","headAddress":"$JR$99","bodyAddress":"$JR$100:$JR$135","_name":"ручное"}},"emcosID":null,"emcosMLID":null,"codMaketTEP":null,"codTEP":null,"WSName":"PS","rangeAddress":"$JR$98:$JR$135","headAddress":"$JR$98","bodyAddress":"$JR$99:$JR$135","_name":"прием"}},"emcosID":null,"emcosMLID":null,"codMaketTEP":null,"codTEP":null,"WSName":"PS","rangeAddress":"$JR$97:$JR$135","headAddress":"$JR$97","bodyAddress":"$JR$98:$JR$135","_name":"ТП1 Мын Арал тяга"},"DB":{"_level":0,"parentID":"44730c45-c6c3-410e-b4c9-90f6c5b66bad","firstParentID":"44730c45-c6c3-410e-b4c9-90f6c5b66bad","ID":"c34d67ed-2053-4daa-8ed0-6939dfe8c997","childs":{"прием":{"_level":1,"parentID":"c34d67ed-2053-4daa-8ed0-6939dfe8c997","firstParentID":"44730c45-c6c3-410e-b4c9-90f6c5b66bad","ID":"90a951c8-3005-44db-b20d-6e5c47f22593","childs":{"код":{"_level":2,"parentID":"90a951c8-3005-44db-b20d-6e5c47f22593","firstParentID":"44730c45-c6c3-410e-b4c9-90f6c5b66bad","ID":"b543ec23-ef73-4e47-8e55-7bf59b2ec799","childs":null,"emcosID":null,"emcosMLID":null,"codMaketTEP":null,"codTEP":null,"WSName":"DB","rangeAddress":"$AP$95:$AP$132","headAddress":"$AP$95","bodyAddress":"$AP$96:$AP$132","_name":"код"},"основное":{"_level":2,"parentID":"90a951c8-3005-44db-b20d-6e5c47f22593","firstParentID":"44730c45-c6c3-410e-b4c9-90f6c5b66bad","ID":"59152068-e71f-426d-8c27-1dbdb74008ec","childs":null,"emcosID":null,"emcosMLID":null,"codMaketTEP":null,"codTEP":null,"WSName":"DB","rangeAddress":"$AQ$95:$AQ$132","headAddress":"$AQ$95","bodyAddress":"$AQ$96:$AQ$132","_name":"основное"},"корректировка факт":{"_level":2,"parentID":"90a951c8-3005-44db-b20d-6e5c47f22593","firstParentID":"44730c45-c6c3-410e-b4c9-90f6c5b66bad","ID":"bfce78e0-d984-4f88-a6f4-227e29d4373d","childs":null,"emcosID":null,"emcosMLID":null,"codMaketTEP":null,"codTEP":null,"WSName":"DB","rangeAddress":"$AR$95:$AR$132","headAddress":"$AR$95","bodyAddress":"$AR$96:$AR$132","_name":"корректировка факт"},"ручное":{"_level":2,"parentID":"90a951c8-3005-44db-b20d-6e5c47f22593","firstParentID":"44730c45-c6c3-410e-b4c9-90f6c5b66bad","ID":"cb8fe6a6-8cba-4009-8756-63437d7aa974","childs":null,"emcosID":null,"emcosMLID":null,"codMaketTEP":null,"codTEP":null,"WSName":"DB","rangeAddress":"$AS$95:$AS$132","headAddress":"$AS$95","bodyAddress":"$AS$96:$AS$132","_name":"ручное"}},"emcosID":null,"emcosMLID":null,"codMaketTEP":null,"codTEP":null,"WSName":"DB","rangeAddress":"$AP$94:$AS$132","headAddress":"$AP$94:$AS$94","bodyAddress":"$AP$95:$AS$132","_name":"прием"}},"emcosID":null,"emcosMLID":null,"codMaketTEP":null,"codTEP":null,"WSName":"DB","rangeAddress":"$AP$93:$AS$132","headAddress":"$AP$93:$AS$93","bodyAddress":"$AP$94:$AS$132","_name":"ТП1 Мын Арал тяга"}},"codPlan":null,"meterCoef":null,"_name":"ТП1 Мын Арал тяга"}