{"ID":"09d4111c-5fd8-4346-917a-846bef2843ff","childs":{"PS":{"_level":0,"parentID":"09d4111c-5fd8-4346-917a-846bef2843ff","firstParentID":"09d4111c-5fd8-4346-917a-846bef2843ff","ID":"4b96fa66-f11e-4dc4-b57f-d806f6f56338","childs":{"прием":{"_level":1,"parentID":"4b96fa66-f11e-4dc4-b57f-d806f6f56338","firstParentID":"09d4111c-5fd8-4346-917a-846bef2843ff","ID":"2e8f2d02-03d3-4f55-9a70-30213b6f31e0","childs":{"по счетчику":{"_level":2,"parentID":"2e8f2d02-03d3-4f55-9a70-30213b6f31e0","firstParentID":"09d4111c-5fd8-4346-917a-846bef2843ff","ID":"2c089a75-b1c1-45ff-b73b-7489aab503a0","childs":null,"emcosID":null,"emcosMLID":null,"codMaketTEP":null,"codTEP":null,"WSName":"PS","rangeAddress":"$EM$56:$EM$92","headAddress":"$EM$56","bodyAddress":"$EM$57:$EM$92","_name":"по счетчику"}},"emcosID":null,"emcosMLID":null,"codMaketTEP":null,"codTEP":null,"WSName":"PS","rangeAddress":"$EM$55:$EM$92","headAddress":"$EM$55","bodyAddress":"$EM$56:$EM$92","_name":"прием"},"отдача":{"_level":1,"parentID":"4b96fa66-f11e-4dc4-b57f-d806f6f56338","firstParentID":"09d4111c-5fd8-4346-917a-846bef2843ff","ID":"150bbcfc-7ee7-4588-9c9a-e7f85fe59c42","childs":{"по счетчику":{"_level":2,"parentID":"150bbcfc-7ee7-4588-9c9a-e7f85fe59c42","firstParentID":"09d4111c-5fd8-4346-917a-846bef2843ff","ID":"5dc693d1-34f6-4116-8aa6-10744eccc422","childs":null,"emcosID":null,"emcosMLID":null,"codMaketTEP":null,"codTEP":null,"WSName":"PS","rangeAddress":"$EN$56:$EN$92","headAddress":"$EN$56","bodyAddress":"$EN$57:$EN$92","_name":"по счетчику"}},"emcosID":null,"emcosMLID":null,"codMaketTEP":null,"codTEP":null,"WSName":"PS","rangeAddress":"$EN$55:$EN$92","headAddress":"$EN$55","bodyAddress":"$EN$56:$EN$92","_name":"отдача"}},"emcosID":null,"emcosMLID":null,"codMaketTEP":null,"codTEP":null,"WSName":"PS","rangeAddress":"$EM$54:$EN$92","headAddress":"$EM$54:$EN$54","bodyAddress":"$EM$55:$EN$92","_name":"Л5413 Алма"},"DB":{"_level":0,"parentID":"09d4111c-5fd8-4346-917a-846bef2843ff","firstParentID":"09d4111c-5fd8-4346-917a-846bef2843ff","ID":"02f4c081-d764-485e-80cb-1ec1122e079a","childs":{"прием":{"_level":1,"parentID":"02f4c081-d764-485e-80cb-1ec1122e079a","firstParentID":"09d4111c-5fd8-4346-917a-846bef2843ff","ID":"45d5fa48-6dad-4cb8-b29c-8e69ac80392d","childs":{"код":{"_level":2,"parentID":"45d5fa48-6dad-4cb8-b29c-8e69ac80392d","firstParentID":"09d4111c-5fd8-4346-917a-846bef2843ff","ID":"02085ba3-5d85-4ead-937c-92f3b8a6eab5","childs":null,"emcosID":null,"emcosMLID":null,"codMaketTEP":null,"codTEP":null,"WSName":"DB","rangeAddress":"$JL$52:$JL$89","headAddress":"$JL$52","bodyAddress":"$JL$53:$JL$89","_name":"код"},"основное":{"_level":2,"parentID":"45d5fa48-6dad-4cb8-b29c-8e69ac80392d","firstParentID":"09d4111c-5fd8-4346-917a-846bef2843ff","ID":"85827122-0050-44a2-88d9-8e460a3e6892","childs":null,"emcosID":null,"emcosMLID":null,"codMaketTEP":null,"codTEP":null,"WSName":"DB","rangeAddress":"$JM$52:$JM$89","headAddress":"$JM$52","bodyAddress":"$JM$53:$JM$89","_name":"основное"},"корректировка факт":{"_level":2,"parentID":"45d5fa48-6dad-4cb8-b29c-8e69ac80392d","firstParentID":"09d4111c-5fd8-4346-917a-846bef2843ff","ID":"c0c4eb64-5335-427a-8565-0582828dc227","childs":null,"emcosID":null,"emcosMLID":null,"codMaketTEP":null,"codTEP":null,"WSName":"DB","rangeAddress":"$JN$52:$JN$89","headAddress":"$JN$52","bodyAddress":"$JN$53:$JN$89","_name":"корректировка факт"},"ручное":{"_level":2,"parentID":"45d5fa48-6dad-4cb8-b29c-8e69ac80392d","firstParentID":"09d4111c-5fd8-4346-917a-846bef2843ff","ID":"25bce5aa-d66f-4fdc-ba4d-8d8f351fcd8a","childs":null,"emcosID":null,"emcosMLID":null,"codMaketTEP":null,"codTEP":null,"WSName":"DB","rangeAddress":"$JO$52:$JO$89","headAddress":"$JO$52","bodyAddress":"$JO$53:$JO$89","_name":"ручное"},"счетчик":{"_level":2,"parentID":"45d5fa48-6dad-4cb8-b29c-8e69ac80392d","firstParentID":"09d4111c-5fd8-4346-917a-846bef2843ff","ID":"f04cfff4-3f5f-44f1-8a3a-98eff80b36c4","childs":null,"emcosID":null,"emcosMLID":null,"codMaketTEP":null,"codTEP":null,"WSName":"DB","rangeAddress":"$JP$52:$JP$89","headAddress":"$JP$52","bodyAddress":"$JP$53:$JP$89","_name":"счетчик"},"по счетчику":{"_level":2,"parentID":"45d5fa48-6dad-4cb8-b29c-8e69ac80392d","firstParentID":"09d4111c-5fd8-4346-917a-846bef2843ff","ID":"a0cd419f-8876-4da2-91ea-ef5eb0944236","childs":null,"emcosID":null,"emcosMLID":null,"codMaketTEP":null,"codTEP":null,"WSName":"DB","rangeAddress":"$JQ$52:$JQ$89","headAddress":"$JQ$52","bodyAddress":"$JQ$53:$JQ$89","_name":"по счетчику"}},"emcosID":null,"emcosMLID":null,"codMaketTEP":null,"codTEP":null,"WSName":"DB","rangeAddress":"$JL$51:$JQ$89","headAddress":"$JL$51:$JQ$51","bodyAddress":"$JL$52:$JQ$89","_name":"прием"},"отдача":{"_level":1,"parentID":"02f4c081-d764-485e-80cb-1ec1122e079a","firstParentID":"09d4111c-5fd8-4346-917a-846bef2843ff","ID":"41adf158-fd8e-453d-9bfe-f999d05f7215","childs":{"код":{"_level":2,"parentID":"41adf158-fd8e-453d-9bfe-f999d05f7215","firstParentID":"09d4111c-5fd8-4346-917a-846bef2843ff","ID":"b99ed4bb-83c8-40c4-bf8c-8672b524ae8a","childs":null,"emcosID":null,"emcosMLID":null,"codMaketTEP":null,"codTEP":null,"WSName":"DB","rangeAddress":"$JR$52:$JR$89","headAddress":"$JR$52","bodyAddress":"$JR$53:$JR$89","_name":"код"},"основное":{"_level":2,"parentID":"41adf158-fd8e-453d-9bfe-f999d05f7215","firstParentID":"09d4111c-5fd8-4346-917a-846bef2843ff","ID":"b171d283-611b-48e7-947f-de82bff1f789","childs":null,"emcosID":null,"emcosMLID":null,"codMaketTEP":null,"codTEP":null,"WSName":"DB","rangeAddress":"$JS$52:$JS$89","headAddress":"$JS$52","bodyAddress":"$JS$53:$JS$89","_name":"основное"},"корректировка факт":{"_level":2,"parentID":"41adf158-fd8e-453d-9bfe-f999d05f7215","firstParentID":"09d4111c-5fd8-4346-917a-846bef2843ff","ID":"2ae3c68c-c761-4d59-a49a-653ecc8e57cf","childs":null,"emcosID":null,"emcosMLID":null,"codMaketTEP":null,"codTEP":null,"WSName":"DB","rangeAddress":"$JT$52:$JT$89","headAddress":"$JT$52","bodyAddress":"$JT$53:$JT$89","_name":"корректировка факт"},"ручное":{"_level":2,"parentID":"41adf158-fd8e-453d-9bfe-f999d05f7215","firstParentID":"09d4111c-5fd8-4346-917a-846bef2843ff","ID":"8db198c4-85a4-4e9b-b4f5-222427c80832","childs":null,"emcosID":null,"emcosMLID":null,"codMaketTEP":null,"codTEP":null,"WSName":"DB","rangeAddress":"$JU$52:$JU$89","headAddress":"$JU$52","bodyAddress":"$JU$53:$JU$89","_name":"ручное"},"счетчик":{"_level":2,"parentID":"41adf158-fd8e-453d-9bfe-f999d05f7215","firstParentID":"09d4111c-5fd8-4346-917a-846bef2843ff","ID":"73a60825-1c26-477e-b1fd-2b72d548d3ad","childs":null,"emcosID":null,"emcosMLID":null,"codMaketTEP":null,"codTEP":null,"WSName":"DB","rangeAddress":"$JV$52:$JV$89","headAddress":"$JV$52","bodyAddress":"$JV$53:$JV$89","_name":"счетчик"},"по счетчику":{"_level":2,"parentID":"41adf158-fd8e-453d-9bfe-f999d05f7215","firstParentID":"09d4111c-5fd8-4346-917a-846bef2843ff","ID":"9497987c-4353-44fa-b424-b1615766dc2a","childs":null,"emcosID":null,"emcosMLID":null,"codMaketTEP":null,"codTEP":null,"WSName":"DB","rangeAddress":"$JW$52:$JW$89","headAddress":"$JW$52","bodyAddress":"$JW$53:$JW$89","_name":"по счетчику"}},"emcosID":null,"emcosMLID":null,"codMaketTEP":null,"codTEP":null,"WSName":"DB","rangeAddress":"$JR$51:$JW$89","headAddress":"$JR$51:$JW$51","bodyAddress":"$JR$52:$JW$89","_name":"отдача"}},"emcosID":null,"emcosMLID":null,"codMaketTEP":null,"codTEP":null,"WSName":"DB","rangeAddress":"$JL$50:$JW$89","headAddress":"$JL$50:$JW$50","bodyAddress":"$JL$51:$JW$89","_name":"Л5413 Алма"}},"codPlan":null,"meterCoef":"10000","_name":"Л5413 Алма"}