{"ID":"0a6d0332-288d-4326-8859-5d8c6ded3593","childs":{"PS":{"_level":0,"parentID":"0a6d0332-288d-4326-8859-5d8c6ded3593","firstParentID":"0a6d0332-288d-4326-8859-5d8c6ded3593","ID":"ce4235f4-3b7d-4153-9564-15fe1540f9c7","childs":{"прием":{"_level":1,"parentID":"ce4235f4-3b7d-4153-9564-15fe1540f9c7","firstParentID":"0a6d0332-288d-4326-8859-5d8c6ded3593","ID":"332b4f55-2e24-404a-818c-d5fa69272198","childs":{"аскуэ":{"_level":2,"parentID":"332b4f55-2e24-404a-818c-d5fa69272198","firstParentID":"0a6d0332-288d-4326-8859-5d8c6ded3593","ID":"f0f56475-8aac-4d62-9786-0e5a30ea0582","childs":null,"emcosID":null,"emcosMLID":null,"codMaketTEP":null,"codTEP":null,"WSName":"PS","rangeAddress":"$Z$99:$Z$135","headAddress":"$Z$99","bodyAddress":"$Z$100:$Z$135","_name":"аскуэ"},"ПО СЧЕТЧИКУ":{"_level":2,"parentID":"332b4f55-2e24-404a-818c-d5fa69272198","firstParentID":"0a6d0332-288d-4326-8859-5d8c6ded3593","ID":"d50e19d7-4b84-45d0-9b82-275f5fea1d3a","childs":null,"emcosID":null,"emcosMLID":null,"codMaketTEP":null,"codTEP":null,"WSName":"PS","rangeAddress":"$AA$99:$AA$135","headAddress":"$AA$99","bodyAddress":"$AA$100:$AA$135","_name":"ПО СЧЕТЧИКУ"}},"emcosID":null,"emcosMLID":null,"codMaketTEP":null,"codTEP":null,"WSName":"PS","rangeAddress":"$Z$98:$AA$135","headAddress":"$Z$98:$AA$98","bodyAddress":"$Z$99:$AA$135","_name":"прием"},"отдача":{"_level":1,"parentID":"ce4235f4-3b7d-4153-9564-15fe1540f9c7","firstParentID":"0a6d0332-288d-4326-8859-5d8c6ded3593","ID":"5a272195-e61f-41a5-9d3a-0d2f2b340575","childs":{"аскуэ":{"_level":2,"parentID":"5a272195-e61f-41a5-9d3a-0d2f2b340575","firstParentID":"0a6d0332-288d-4326-8859-5d8c6ded3593","ID":"d82b5ad6-a793-43df-80a8-61a635886a5d","childs":null,"emcosID":null,"emcosMLID":null,"codMaketTEP":null,"codTEP":null,"WSName":"PS","rangeAddress":"$AB$99:$AB$135","headAddress":"$AB$99","bodyAddress":"$AB$100:$AB$135","_name":"аскуэ"},"ПО СЧЕТЧИКУ":{"_level":2,"parentID":"5a272195-e61f-41a5-9d3a-0d2f2b340575","firstParentID":"0a6d0332-288d-4326-8859-5d8c6ded3593","ID":"90422718-8cd8-4c4d-bcde-91c2bb2cb044","childs":null,"emcosID":null,"emcosMLID":null,"codMaketTEP":null,"codTEP":null,"WSName":"PS","rangeAddress":"$AC$99:$AC$135","headAddress":"$AC$99","bodyAddress":"$AC$100:$AC$135","_name":"ПО СЧЕТЧИКУ"}},"emcosID":null,"emcosMLID":null,"codMaketTEP":null,"codTEP":null,"WSName":"PS","rangeAddress":"$AB$98:$AC$135","headAddress":"$AB$98:$AC$98","bodyAddress":"$AB$99:$AC$135","_name":"отдача"}},"emcosID":null,"emcosMLID":null,"codMaketTEP":null,"codTEP":null,"WSName":"PS","rangeAddress":"$Z$97:$AC$135","headAddress":"$Z$97:$AC$97","bodyAddress":"$Z$98:$AC$135","_name":"Л2393 ОРУ 220 МГЭС"},"DB":{"_level":0,"parentID":"0a6d0332-288d-4326-8859-5d8c6ded3593","firstParentID":"0a6d0332-288d-4326-8859-5d8c6ded3593","ID":"168e291f-5f78-4f81-b40c-be5d6f211045","childs":{"прием":{"_level":1,"parentID":"168e291f-5f78-4f81-b40c-be5d6f211045","firstParentID":"0a6d0332-288d-4326-8859-5d8c6ded3593","ID":"2e902e16-0434-4e06-b2a2-46a2c6c34618","childs":{"код":{"_level":2,"parentID":"2e902e16-0434-4e06-b2a2-46a2c6c34618","firstParentID":"0a6d0332-288d-4326-8859-5d8c6ded3593","ID":"c87db47c-c8fe-4ae3-8275-5da3547aba0f","childs":null,"emcosID":null,"emcosMLID":null,"codMaketTEP":null,"codTEP":null,"WSName":"DB","rangeAddress":"$DR$353:$DR$390","headAddress":"$DR$353","bodyAddress":"$DR$354:$DR$390","_name":"код"},"основное":{"_level":2,"parentID":"2e902e16-0434-4e06-b2a2-46a2c6c34618","firstParentID":"0a6d0332-288d-4326-8859-5d8c6ded3593","ID":"296f1f7f-6d3f-4664-8369-54a22ae6df54","childs":null,"emcosID":null,"emcosMLID":null,"codMaketTEP":null,"codTEP":null,"WSName":"DB","rangeAddress":"$DS$353:$DS$390","headAddress":"$DS$353","bodyAddress":"$DS$354:$DS$390","_name":"основное"},"корректировка факт":{"_level":2,"parentID":"2e902e16-0434-4e06-b2a2-46a2c6c34618","firstParentID":"0a6d0332-288d-4326-8859-5d8c6ded3593","ID":"1c5e6746-cbc4-4093-bf01-483ead24f738","childs":null,"emcosID":null,"emcosMLID":null,"codMaketTEP":null,"codTEP":null,"WSName":"DB","rangeAddress":"$DT$353:$DT$390","headAddress":"$DT$353","bodyAddress":"$DT$354:$DT$390","_name":"корректировка факт"},"ручное":{"_level":2,"parentID":"2e902e16-0434-4e06-b2a2-46a2c6c34618","firstParentID":"0a6d0332-288d-4326-8859-5d8c6ded3593","ID":"4a4e914f-f3a2-4e80-a97c-38116c4a2af6","childs":null,"emcosID":null,"emcosMLID":null,"codMaketTEP":null,"codTEP":null,"WSName":"DB","rangeAddress":"$DU$353:$DU$390","headAddress":"$DU$353","bodyAddress":"$DU$354:$DU$390","_name":"ручное"},"счетчик":{"_level":2,"parentID":"2e902e16-0434-4e06-b2a2-46a2c6c34618","firstParentID":"0a6d0332-288d-4326-8859-5d8c6ded3593","ID":"9deaa374-3e23-4726-ba3d-6804b8e7b25f","childs":null,"emcosID":null,"emcosMLID":null,"codMaketTEP":null,"codTEP":null,"WSName":"DB","rangeAddress":"$DV$353:$DV$390","headAddress":"$DV$353","bodyAddress":"$DV$354:$DV$390","_name":"счетчик"},"по счетчику":{"_level":2,"parentID":"2e902e16-0434-4e06-b2a2-46a2c6c34618","firstParentID":"0a6d0332-288d-4326-8859-5d8c6ded3593","ID":"21949f2f-e9eb-4a79-a51d-658e1048d581","childs":null,"emcosID":null,"emcosMLID":null,"codMaketTEP":null,"codTEP":null,"WSName":"DB","rangeAddress":"$DW$353:$DW$390","headAddress":"$DW$353","bodyAddress":"$DW$354:$DW$390","_name":"по счетчику"},"аскуэ":{"_level":2,"parentID":"2e902e16-0434-4e06-b2a2-46a2c6c34618","firstParentID":"0a6d0332-288d-4326-8859-5d8c6ded3593","ID":"4e0cf8d3-6a9f-4016-8394-2d04409d85e6","childs":null,"emcosID":null,"emcosMLID":null,"codMaketTEP":null,"codTEP":null,"WSName":"DB","rangeAddress":"$DX$353:$DX$390","headAddress":"$DX$353","bodyAddress":"$DX$354:$DX$390","_name":"аскуэ"}},"emcosID":550,"emcosMLID":385,"codMaketTEP":null,"codTEP":null,"WSName":"DB","rangeAddress":"$DR$352:$DX$390","headAddress":"$DR$352:$DX$352","bodyAddress":"$DR$353:$DX$390","_name":"прием"},"отдача":{"_level":1,"parentID":"168e291f-5f78-4f81-b40c-be5d6f211045","firstParentID":"0a6d0332-288d-4326-8859-5d8c6ded3593","ID":"16b772d2-509c-47a5-ad8d-90cd6392f579","childs":{"код":{"_level":2,"parentID":"16b772d2-509c-47a5-ad8d-90cd6392f579","firstParentID":"0a6d0332-288d-4326-8859-5d8c6ded3593","ID":"9c220632-8242-46f8-aeed-3605c23f9cfe","childs":null,"emcosID":null,"emcosMLID":null,"codMaketTEP":null,"codTEP":null,"WSName":"DB","rangeAddress":"$DY$353:$DY$390","headAddress":"$DY$353","bodyAddress":"$DY$354:$DY$390","_name":"код"},"основное":{"_level":2,"parentID":"16b772d2-509c-47a5-ad8d-90cd6392f579","firstParentID":"0a6d0332-288d-4326-8859-5d8c6ded3593","ID":"df1ed773-942c-43f1-a367-09156709eba1","childs":null,"emcosID":null,"emcosMLID":null,"codMaketTEP":null,"codTEP":null,"WSName":"DB","rangeAddress":"$DZ$353:$DZ$390","headAddress":"$DZ$353","bodyAddress":"$DZ$354:$DZ$390","_name":"основное"},"корректировка факт":{"_level":2,"parentID":"16b772d2-509c-47a5-ad8d-90cd6392f579","firstParentID":"0a6d0332-288d-4326-8859-5d8c6ded3593","ID":"f9d0f5d0-e9c9-445e-9f1a-8094c142e881","childs":null,"emcosID":null,"emcosMLID":null,"codMaketTEP":null,"codTEP":null,"WSName":"DB","rangeAddress":"$EA$353:$EA$390","headAddress":"$EA$353","bodyAddress":"$EA$354:$EA$390","_name":"корректировка факт"},"ручное":{"_level":2,"parentID":"16b772d2-509c-47a5-ad8d-90cd6392f579","firstParentID":"0a6d0332-288d-4326-8859-5d8c6ded3593","ID":"e0d631ce-b242-4b2e-95d6-0631e8eb1736","childs":null,"emcosID":null,"emcosMLID":null,"codMaketTEP":null,"codTEP":null,"WSName":"DB","rangeAddress":"$EB$353:$EB$390","headAddress":"$EB$353","bodyAddress":"$EB$354:$EB$390","_name":"ручное"},"счетчик":{"_level":2,"parentID":"16b772d2-509c-47a5-ad8d-90cd6392f579","firstParentID":"0a6d0332-288d-4326-8859-5d8c6ded3593","ID":"3dafc54c-dc8d-4174-a59d-26d425e466e5","childs":null,"emcosID":null,"emcosMLID":null,"codMaketTEP":null,"codTEP":null,"WSName":"DB","rangeAddress":"$EC$353:$EC$390","headAddress":"$EC$353","bodyAddress":"$EC$354:$EC$390","_name":"счетчик"},"по счетчику":{"_level":2,"parentID":"16b772d2-509c-47a5-ad8d-90cd6392f579","firstParentID":"0a6d0332-288d-4326-8859-5d8c6ded3593","ID":"a66811fe-8749-4eaa-bdbd-c4582ef77ffa","childs":null,"emcosID":null,"emcosMLID":null,"codMaketTEP":null,"codTEP":null,"WSName":"DB","rangeAddress":"$ED$353:$ED$390","headAddress":"$ED$353","bodyAddress":"$ED$354:$ED$390","_name":"по счетчику"},"аскуэ":{"_level":2,"parentID":"16b772d2-509c-47a5-ad8d-90cd6392f579","firstParentID":"0a6d0332-288d-4326-8859-5d8c6ded3593","ID":"0440e003-3fc1-47b1-80b1-8e5b985a18a9","childs":null,"emcosID":null,"emcosMLID":null,"codMaketTEP":null,"codTEP":null,"WSName":"DB","rangeAddress":"$EE$353:$EE$390","headAddress":"$EE$353","bodyAddress":"$EE$354:$EE$390","_name":"аскуэ"}},"emcosID":550,"emcosMLID":386,"codMaketTEP":null,"codTEP":null,"WSName":"DB","rangeAddress":"$DY$352:$EE$390","headAddress":"$DY$352:$EE$352","bodyAddress":"$DY$353:$EE$390","_name":"отдача"}},"emcosID":null,"emcosMLID":null,"codMaketTEP":null,"codTEP":null,"WSName":"DB","rangeAddress":"$DR$351:$EE$390","headAddress":"$DR$351:$EE$351","bodyAddress":"$DR$352:$EE$390","_name":"Л2393 ОРУ 220 МГЭС"}},"codPlan":null,"meterCoef":"2200","_name":"Л2393 ОРУ 220 МГЭС"}