{"ID":"1139ed7c-6976-4251-b1d8-9ee92fa066d3","childs":{"PS":{"_level":0,"parentID":"1139ed7c-6976-4251-b1d8-9ee92fa066d3","firstParentID":"1139ed7c-6976-4251-b1d8-9ee92fa066d3","ID":"cd4da1a2-ef38-482a-bbd1-c4e8b29bacbc","childs":{"прием":{"_level":1,"parentID":"cd4da1a2-ef38-482a-bbd1-c4e8b29bacbc","firstParentID":"1139ed7c-6976-4251-b1d8-9ee92fa066d3","ID":"346d5345-cc4b-4cf6-917b-0fcb3cb2b743","childs":{"формула":{"_level":2,"parentID":"346d5345-cc4b-4cf6-917b-0fcb3cb2b743","firstParentID":"1139ed7c-6976-4251-b1d8-9ee92fa066d3","ID":"d208be3a-68b9-4824-92fe-e3fe82dd075d","childs":null,"emcosID":null,"emcosMLID":null,"codMaketTEP":null,"codTEP":null,"WSName":"PS","rangeAddress":"$AY$185:$AY$221","headAddress":"$AY$185","bodyAddress":"$AY$186:$AY$221","_name":"формула"}},"emcosID":null,"emcosMLID":null,"codMaketTEP":1328,"codTEP":null,"WSName":"PS","rangeAddress":"$AY$184:$AY$221","headAddress":"$AY$184","bodyAddress":"$AY$185:$AY$221","_name":"прием"},"план":{"_level":1,"parentID":"cd4da1a2-ef38-482a-bbd1-c4e8b29bacbc","firstParentID":"1139ed7c-6976-4251-b1d8-9ee92fa066d3","ID":"1bc2bb3a-fcf8-466f-86a6-4ba722916be3","childs":{"заявка":{"_level":2,"parentID":"1bc2bb3a-fcf8-466f-86a6-4ba722916be3","firstParentID":"1139ed7c-6976-4251-b1d8-9ee92fa066d3","ID":"54d83e75-e275-4b6f-b3a3-03539e126998","childs":null,"emcosID":null,"emcosMLID":null,"codMaketTEP":null,"codTEP":null,"WSName":"PS","rangeAddress":"$AZ$185:$AZ$221","headAddress":"$AZ$185","bodyAddress":"$AZ$186:$AZ$221","_name":"заявка"}},"emcosID":null,"emcosMLID":null,"codMaketTEP":null,"codTEP":null,"WSName":"PS","rangeAddress":"$AZ$184:$AZ$221","headAddress":"$AZ$184","bodyAddress":"$AZ$185:$AZ$221","_name":"план"}},"emcosID":null,"emcosMLID":null,"codMaketTEP":null,"codTEP":null,"WSName":"PS","rangeAddress":"$AY$183:$AZ$221","headAddress":"$AY$183:$AZ$183","bodyAddress":"$AY$184:$AZ$221","_name":"Потребление Каз Экотранс Алматы"},"DB":{"_level":0,"parentID":"1139ed7c-6976-4251-b1d8-9ee92fa066d3","firstParentID":"1139ed7c-6976-4251-b1d8-9ee92fa066d3","ID":"d6a1ee8d-dd83-4e98-8942-7923e0212a5d","childs":{"прием":{"_level":1,"parentID":"d6a1ee8d-dd83-4e98-8942-7923e0212a5d","firstParentID":"1139ed7c-6976-4251-b1d8-9ee92fa066d3","ID":"f39220c5-f9d9-4bb6-a9f3-3af3c13b2bd6","childs":{"код":{"_level":2,"parentID":"f39220c5-f9d9-4bb6-a9f3-3af3c13b2bd6","firstParentID":"1139ed7c-6976-4251-b1d8-9ee92fa066d3","ID":"6d1918a2-c3f2-4c0c-843c-a34ec8180fbe","childs":null,"emcosID":null,"emcosMLID":null,"codMaketTEP":null,"codTEP":null,"WSName":"DB","rangeAddress":"$BZ$439:$BZ$476","headAddress":"$BZ$439","bodyAddress":"$BZ$440:$BZ$476","_name":"код"},"основное":{"_level":2,"parentID":"f39220c5-f9d9-4bb6-a9f3-3af3c13b2bd6","firstParentID":"1139ed7c-6976-4251-b1d8-9ee92fa066d3","ID":"fa0c0a39-8e2a-4d62-9d3e-f5088ce66271","childs":null,"emcosID":null,"emcosMLID":null,"codMaketTEP":null,"codTEP":null,"WSName":"DB","rangeAddress":"$CA$439:$CA$476","headAddress":"$CA$439","bodyAddress":"$CA$440:$CA$476","_name":"основное"},"корректировка факт":{"_level":2,"parentID":"f39220c5-f9d9-4bb6-a9f3-3af3c13b2bd6","firstParentID":"1139ed7c-6976-4251-b1d8-9ee92fa066d3","ID":"818a007d-edc6-487b-b6e1-de33d1c9eda9","childs":null,"emcosID":null,"emcosMLID":null,"codMaketTEP":null,"codTEP":null,"WSName":"DB","rangeAddress":"$CB$439:$CB$476","headAddress":"$CB$439","bodyAddress":"$CB$440:$CB$476","_name":"корректировка факт"},"ручное":{"_level":2,"parentID":"f39220c5-f9d9-4bb6-a9f3-3af3c13b2bd6","firstParentID":"1139ed7c-6976-4251-b1d8-9ee92fa066d3","ID":"822da6ba-6ce5-4313-9254-5a5b8b9f3fb8","childs":null,"emcosID":null,"emcosMLID":null,"codMaketTEP":null,"codTEP":null,"WSName":"DB","rangeAddress":"$CC$439:$CC$476","headAddress":"$CC$439","bodyAddress":"$CC$440:$CC$476","_name":"ручное"},"по плану":{"_level":2,"parentID":"f39220c5-f9d9-4bb6-a9f3-3af3c13b2bd6","firstParentID":"1139ed7c-6976-4251-b1d8-9ee92fa066d3","ID":"65294798-60cd-4e61-913e-69b5bb1cd97f","childs":null,"emcosID":null,"emcosMLID":null,"codMaketTEP":null,"codTEP":null,"WSName":"DB","rangeAddress":"$CD$439:$CD$476","headAddress":"$CD$439","bodyAddress":"$CD$440:$CD$476","_name":"по плану"},"формула":{"_level":2,"parentID":"f39220c5-f9d9-4bb6-a9f3-3af3c13b2bd6","firstParentID":"1139ed7c-6976-4251-b1d8-9ee92fa066d3","ID":"3fafa1c7-247b-4b38-836d-c0581bd0b455","childs":null,"emcosID":null,"emcosMLID":null,"codMaketTEP":null,"codTEP":null,"WSName":"DB","rangeAddress":"$CE$439:$CE$476","headAddress":"$CE$439","bodyAddress":"$CE$440:$CE$476","_name":"формула"}},"emcosID":null,"emcosMLID":null,"codMaketTEP":null,"codTEP":null,"WSName":"DB","rangeAddress":"$BZ$438:$CE$476","headAddress":"$BZ$438:$CE$438","bodyAddress":"$BZ$439:$CE$476","_name":"прием"},"план":{"_level":1,"parentID":"d6a1ee8d-dd83-4e98-8942-7923e0212a5d","firstParentID":"1139ed7c-6976-4251-b1d8-9ee92fa066d3","ID":"cc0a2553-0966-4836-9e97-2c59682065a7","childs":{"код":{"_level":2,"parentID":"cc0a2553-0966-4836-9e97-2c59682065a7","firstParentID":"1139ed7c-6976-4251-b1d8-9ee92fa066d3","ID":"0872b488-6619-47af-b099-af9f613909e3","childs":null,"emcosID":null,"emcosMLID":null,"codMaketTEP":null,"codTEP":null,"WSName":"DB","rangeAddress":"$CF$439:$CF$476","headAddress":"$CF$439","bodyAddress":"$CF$440:$CF$476","_name":"код"},"основное":{"_level":2,"parentID":"cc0a2553-0966-4836-9e97-2c59682065a7","firstParentID":"1139ed7c-6976-4251-b1d8-9ee92fa066d3","ID":"25022447-0c6c-4bd7-81c2-b2116897a99a","childs":null,"emcosID":null,"emcosMLID":null,"codMaketTEP":null,"codTEP":null,"WSName":"DB","rangeAddress":"$CG$439:$CG$476","headAddress":"$CG$439","bodyAddress":"$CG$440:$CG$476","_name":"основное"},"заявка":{"_level":2,"parentID":"cc0a2553-0966-4836-9e97-2c59682065a7","firstParentID":"1139ed7c-6976-4251-b1d8-9ee92fa066d3","ID":"1e39656d-90b4-4cf2-83ef-e3bb4af31e8a","childs":null,"emcosID":null,"emcosMLID":null,"codMaketTEP":null,"codTEP":null,"WSName":"DB","rangeAddress":"$CH$439:$CH$476","headAddress":"$CH$439","bodyAddress":"$CH$440:$CH$476","_name":"заявка"},"утвержденный":{"_level":2,"parentID":"cc0a2553-0966-4836-9e97-2c59682065a7","firstParentID":"1139ed7c-6976-4251-b1d8-9ee92fa066d3","ID":"dbbd6066-9de0-4d01-bc21-d16c5fedc1b9","childs":null,"emcosID":null,"emcosMLID":null,"codMaketTEP":null,"codTEP":null,"WSName":"DB","rangeAddress":"$CI$439:$CI$476","headAddress":"$CI$439","bodyAddress":"$CI$440:$CI$476","_name":"утвержденный"},"корректировка":{"_level":2,"parentID":"cc0a2553-0966-4836-9e97-2c59682065a7","firstParentID":"1139ed7c-6976-4251-b1d8-9ee92fa066d3","ID":"444e3f38-0c5f-465d-b420-3d3b1f47cf16","childs":null,"emcosID":null,"emcosMLID":null,"codMaketTEP":null,"codTEP":null,"WSName":"DB","rangeAddress":"$CJ$439:$CJ$476","headAddress":"$CJ$439","bodyAddress":"$CJ$440:$CJ$476","_name":"корректировка"}},"emcosID":null,"emcosMLID":null,"codMaketTEP":null,"codTEP":null,"WSName":"DB","rangeAddress":"$CF$438:$CJ$476","headAddress":"$CF$438:$CJ$438","bodyAddress":"$CF$439:$CJ$476","_name":"план"}},"emcosID":null,"emcosMLID":null,"codMaketTEP":null,"codTEP":null,"WSName":"DB","rangeAddress":"$BZ$437:$CJ$476","headAddress":"$BZ$437:$CJ$437","bodyAddress":"$BZ$438:$CJ$476","_name":"Потребление Каз Экотранс Алматы"}},"codPlan":112,"meterCoef":null,"_name":"Потребление Каз Экотранс Алматы"}