{"ID":"165be793-0be0-40ef-b5fc-3dd2c2db9f23","childs":{"PS":{"_level":0,"parentID":"165be793-0be0-40ef-b5fc-3dd2c2db9f23","firstParentID":"165be793-0be0-40ef-b5fc-3dd2c2db9f23","ID":"2a1d19bb-bf16-4d32-8d5a-40ed48c4e50a","childs":{"прием":{"_level":1,"parentID":"2a1d19bb-bf16-4d32-8d5a-40ed48c4e50a","firstParentID":"165be793-0be0-40ef-b5fc-3dd2c2db9f23","ID":"78551317-d648-4ff1-84a4-8dd0011db5f1","childs":{"формула":{"_level":2,"parentID":"78551317-d648-4ff1-84a4-8dd0011db5f1","firstParentID":"165be793-0be0-40ef-b5fc-3dd2c2db9f23","ID":"e3b74714-2a1d-424a-abff-a8af06282a48","childs":null,"emcosID":null,"emcosMLID":null,"codMaketTEP":null,"codTEP":null,"WSName":"PS","rangeAddress":"$CB$228:$CB$264","headAddress":"$CB$228","bodyAddress":"$CB$229:$CB$264","_name":"формула"}},"emcosID":null,"emcosMLID":null,"codMaketTEP":1403,"codTEP":null,"WSName":"PS","rangeAddress":"$CB$227:$CB$264","headAddress":"$CB$227","bodyAddress":"$CB$228:$CB$264","_name":"прием"}},"emcosID":null,"emcosMLID":null,"codMaketTEP":null,"codTEP":null,"WSName":"PS","rangeAddress":"$CB$226:$CB$264","headAddress":"$CB$226","bodyAddress":"$CB$227:$CB$264","_name":"Прочие потребители контроль KEGOC Жтысуский энергоузел"},"DB":{"_level":0,"parentID":"165be793-0be0-40ef-b5fc-3dd2c2db9f23","firstParentID":"165be793-0be0-40ef-b5fc-3dd2c2db9f23","ID":"5b8439b8-a289-412f-925d-8eca9db8c0c6","childs":{"прием":{"_level":1,"parentID":"5b8439b8-a289-412f-925d-8eca9db8c0c6","firstParentID":"165be793-0be0-40ef-b5fc-3dd2c2db9f23","ID":"274f289a-e348-4ba1-82d5-efac8b78adbb","childs":{"код":{"_level":2,"parentID":"274f289a-e348-4ba1-82d5-efac8b78adbb","firstParentID":"165be793-0be0-40ef-b5fc-3dd2c2db9f23","ID":"86e4088e-13d3-495c-b8db-1408f57a94cf","childs":null,"emcosID":null,"emcosMLID":null,"codMaketTEP":null,"codTEP":null,"WSName":"DB","rangeAddress":"$W$267:$W$304","headAddress":"$W$267","bodyAddress":"$W$268:$W$304","_name":"код"},"основное":{"_level":2,"parentID":"274f289a-e348-4ba1-82d5-efac8b78adbb","firstParentID":"165be793-0be0-40ef-b5fc-3dd2c2db9f23","ID":"c58bfd02-ab5b-4f5e-a3e6-1eb76fd08550","childs":null,"emcosID":null,"emcosMLID":null,"codMaketTEP":null,"codTEP":null,"WSName":"DB","rangeAddress":"$X$267:$X$304","headAddress":"$X$267","bodyAddress":"$X$268:$X$304","_name":"основное"},"корректировка факт":{"_level":2,"parentID":"274f289a-e348-4ba1-82d5-efac8b78adbb","firstParentID":"165be793-0be0-40ef-b5fc-3dd2c2db9f23","ID":"5d1bbc71-b09b-451d-a138-279fc75830f3","childs":null,"emcosID":null,"emcosMLID":null,"codMaketTEP":null,"codTEP":null,"WSName":"DB","rangeAddress":"$Y$267:$Y$304","headAddress":"$Y$267","bodyAddress":"$Y$268:$Y$304","_name":"корректировка факт"},"ручное":{"_level":2,"parentID":"274f289a-e348-4ba1-82d5-efac8b78adbb","firstParentID":"165be793-0be0-40ef-b5fc-3dd2c2db9f23","ID":"2a04c225-290c-45d4-a134-e822a7c1420a","childs":null,"emcosID":null,"emcosMLID":null,"codMaketTEP":null,"codTEP":null,"WSName":"DB","rangeAddress":"$Z$267:$Z$304","headAddress":"$Z$267","bodyAddress":"$Z$268:$Z$304","_name":"ручное"},"формула":{"_level":2,"parentID":"274f289a-e348-4ba1-82d5-efac8b78adbb","firstParentID":"165be793-0be0-40ef-b5fc-3dd2c2db9f23","ID":"9bca0e2a-61c4-4e5c-9345-45e394be4efa","childs":null,"emcosID":null,"emcosMLID":null,"codMaketTEP":null,"codTEP":null,"WSName":"DB","rangeAddress":"$AA$267:$AA$304","headAddress":"$AA$267","bodyAddress":"$AA$268:$AA$304","_name":"формула"}},"emcosID":null,"emcosMLID":null,"codMaketTEP":null,"codTEP":null,"WSName":"DB","rangeAddress":"$W$266:$AA$304","headAddress":"$W$266:$AA$266","bodyAddress":"$W$267:$AA$304","_name":"прием"}},"emcosID":null,"emcosMLID":null,"codMaketTEP":null,"codTEP":null,"WSName":"DB","rangeAddress":"$W$265:$AA$304","headAddress":"$W$265:$AA$265","bodyAddress":"$W$266:$AA$304","_name":"Прочие потребители контроль KEGOC Жтысуский энергоузел"}},"codPlan":null,"meterCoef":null,"_name":"Прочие потребители контроль KEGOC Жтысуский энергоузел"}