{"ID":"18f32056-7aea-415e-8b5d-c666b9307827","childs":{"PS":{"_level":0,"parentID":"18f32056-7aea-415e-8b5d-c666b9307827","firstParentID":"18f32056-7aea-415e-8b5d-c666b9307827","ID":"776169fb-5726-4cfd-8974-21337b5ec8dd","childs":{"отдача":{"_level":1,"parentID":"776169fb-5726-4cfd-8974-21337b5ec8dd","firstParentID":"18f32056-7aea-415e-8b5d-c666b9307827","ID":"db6a14b7-e31b-4cd8-92be-6376cb00c146","childs":{"по счетчику":{"_level":2,"parentID":"db6a14b7-e31b-4cd8-92be-6376cb00c146","firstParentID":"18f32056-7aea-415e-8b5d-c666b9307827","ID":"48c803e9-ffee-450f-b82d-a9b4f9bd9c87","childs":null,"emcosID":null,"emcosMLID":null,"codMaketTEP":null,"codTEP":null,"WSName":"PS","rangeAddress":"$FA$99:$FA$135","headAddress":"$FA$99","bodyAddress":"$FA$100:$FA$135","_name":"по счетчику"},"СЧЕТЧИК":{"_level":2,"parentID":"db6a14b7-e31b-4cd8-92be-6376cb00c146","firstParentID":"18f32056-7aea-415e-8b5d-c666b9307827","ID":"f20b4cdc-ed89-4d86-88e9-2b3e68fbd56b","childs":null,"emcosID":null,"emcosMLID":null,"codMaketTEP":null,"codTEP":null,"WSName":"PS","rangeAddress":"$FB$99:$FB$135","headAddress":"$FB$99","bodyAddress":"$FB$100:$FB$135","_name":"СЧЕТЧИК"}},"emcosID":null,"emcosMLID":null,"codMaketTEP":null,"codTEP":null,"WSName":"PS","rangeAddress":"$FA$98:$FB$135","headAddress":"$FA$98:$FB$98","bodyAddress":"$FA$99:$FB$135","_name":"отдача"}},"emcosID":null,"emcosMLID":null,"codMaketTEP":null,"codTEP":null,"WSName":"PS","rangeAddress":"$FA$97:$FB$135","headAddress":"$FA$97:$FB$97","bodyAddress":"$FA$98:$FB$135","_name":"КЛ49 ПС152 Талдыкорган"},"DB":{"_level":0,"parentID":"18f32056-7aea-415e-8b5d-c666b9307827","firstParentID":"18f32056-7aea-415e-8b5d-c666b9307827","ID":"eb71d2ce-40ea-429a-9c65-5dc4e1c4ae7e","childs":{"отдача":{"_level":1,"parentID":"eb71d2ce-40ea-429a-9c65-5dc4e1c4ae7e","firstParentID":"18f32056-7aea-415e-8b5d-c666b9307827","ID":"4f062d7d-bb23-4159-bd0f-f6b3eff8ee8d","childs":{"код":{"_level":2,"parentID":"4f062d7d-bb23-4159-bd0f-f6b3eff8ee8d","firstParentID":"18f32056-7aea-415e-8b5d-c666b9307827","ID":"834c2bab-fddb-420c-aee0-4517a8928c25","childs":null,"emcosID":null,"emcosMLID":null,"codMaketTEP":null,"codTEP":null,"WSName":"DB","rangeAddress":"$FE$525:$FE$562","headAddress":"$FE$525","bodyAddress":"$FE$526:$FE$562","_name":"код"},"основное":{"_level":2,"parentID":"4f062d7d-bb23-4159-bd0f-f6b3eff8ee8d","firstParentID":"18f32056-7aea-415e-8b5d-c666b9307827","ID":"e5108a5a-db10-442a-bf99-67a396083dd4","childs":null,"emcosID":null,"emcosMLID":null,"codMaketTEP":null,"codTEP":null,"WSName":"DB","rangeAddress":"$FF$525:$FF$562","headAddress":"$FF$525","bodyAddress":"$FF$526:$FF$562","_name":"основное"},"корректировка факт":{"_level":2,"parentID":"4f062d7d-bb23-4159-bd0f-f6b3eff8ee8d","firstParentID":"18f32056-7aea-415e-8b5d-c666b9307827","ID":"48e6c722-ccd1-4330-bf2e-3293e03fd7ac","childs":null,"emcosID":null,"emcosMLID":null,"codMaketTEP":null,"codTEP":null,"WSName":"DB","rangeAddress":"$FG$525:$FG$562","headAddress":"$FG$525","bodyAddress":"$FG$526:$FG$562","_name":"корректировка факт"},"ручное":{"_level":2,"parentID":"4f062d7d-bb23-4159-bd0f-f6b3eff8ee8d","firstParentID":"18f32056-7aea-415e-8b5d-c666b9307827","ID":"eab0c080-f8ea-4654-8d7b-79c8cbae4470","childs":null,"emcosID":null,"emcosMLID":null,"codMaketTEP":null,"codTEP":null,"WSName":"DB","rangeAddress":"$FH$525:$FH$562","headAddress":"$FH$525","bodyAddress":"$FH$526:$FH$562","_name":"ручное"},"счетчик":{"_level":2,"parentID":"4f062d7d-bb23-4159-bd0f-f6b3eff8ee8d","firstParentID":"18f32056-7aea-415e-8b5d-c666b9307827","ID":"f53be3cd-e8f2-4875-acb4-1c7c9e290279","childs":null,"emcosID":null,"emcosMLID":null,"codMaketTEP":null,"codTEP":null,"WSName":"DB","rangeAddress":"$FI$525:$FI$562","headAddress":"$FI$525","bodyAddress":"$FI$526:$FI$562","_name":"счетчик"},"по счетчику":{"_level":2,"parentID":"4f062d7d-bb23-4159-bd0f-f6b3eff8ee8d","firstParentID":"18f32056-7aea-415e-8b5d-c666b9307827","ID":"6f3fd995-98f5-48b0-bcab-aa72b587ff54","childs":null,"emcosID":null,"emcosMLID":null,"codMaketTEP":null,"codTEP":null,"WSName":"DB","rangeAddress":"$FJ$525:$FJ$562","headAddress":"$FJ$525","bodyAddress":"$FJ$526:$FJ$562","_name":"по счетчику"}},"emcosID":null,"emcosMLID":null,"codMaketTEP":null,"codTEP":null,"WSName":"DB","rangeAddress":"$FE$524:$FJ$562","headAddress":"$FE$524:$FJ$524","bodyAddress":"$FE$525:$FJ$562","_name":"отдача"}},"emcosID":null,"emcosMLID":null,"codMaketTEP":null,"codTEP":null,"WSName":"DB","rangeAddress":"$FE$523:$FJ$562","headAddress":"$FE$523:$FJ$523","bodyAddress":"$FE$524:$FJ$562","_name":"КЛ49 ПС152 Талдыкорган"}},"codPlan":null,"meterCoef":"2","_name":"КЛ49 ПС152 Талдыкорган"}