{"ID":"1edb621a-67b8-4b46-8153-e0d3749a6480","childs":{"PS":{"_level":0,"parentID":"1edb621a-67b8-4b46-8153-e0d3749a6480","firstParentID":"1edb621a-67b8-4b46-8153-e0d3749a6480","ID":"9d612f38-9b6c-4b18-8717-8efd4d86481e","childs":{"сальдо":{"_level":1,"parentID":"9d612f38-9b6c-4b18-8717-8efd4d86481e","firstParentID":"1edb621a-67b8-4b46-8153-e0d3749a6480","ID":"4cb6cdaa-b6b8-4125-839f-b969e1a6ccac","childs":{"формула":{"_level":2,"parentID":"4cb6cdaa-b6b8-4125-839f-b969e1a6ccac","firstParentID":"1edb621a-67b8-4b46-8153-e0d3749a6480","ID":"bff87064-4cfe-44ca-9ee6-41c76ffcf4bb","childs":null,"emcosID":null,"emcosMLID":null,"codMaketTEP":null,"codTEP":null,"WSName":"PS","rangeAddress":"$O$13:$O$49","headAddress":"$O$13","bodyAddress":"$O$14:$O$49","_name":"формула"}},"emcosID":null,"emcosMLID":null,"codMaketTEP":1334,"codTEP":null,"WSName":"PS","rangeAddress":"$O$12:$O$49","headAddress":"$O$12","bodyAddress":"$O$13:$O$49","_name":"сальдо"}},"emcosID":null,"emcosMLID":null,"codMaketTEP":null,"codTEP":null,"WSName":"PS","rangeAddress":"$O$11:$O$49","headAddress":"$O$11","bodyAddress":"$O$12:$O$49","_name":"Сальдо ЮМЭС Общее"},"DB":{"_level":0,"parentID":"1edb621a-67b8-4b46-8153-e0d3749a6480","firstParentID":"1edb621a-67b8-4b46-8153-e0d3749a6480","ID":"97faa2ae-b45c-45eb-a7bf-9de04594f1a1","childs":{"сальдо":{"_level":1,"parentID":"97faa2ae-b45c-45eb-a7bf-9de04594f1a1","firstParentID":"1edb621a-67b8-4b46-8153-e0d3749a6480","ID":"773f0b92-df20-4693-bfd3-2436e2e85ab8","childs":{"код":{"_level":2,"parentID":"773f0b92-df20-4693-bfd3-2436e2e85ab8","firstParentID":"1edb621a-67b8-4b46-8153-e0d3749a6480","ID":"064b2f26-0050-4faf-a53a-caaf8ac00530","childs":null,"emcosID":null,"emcosMLID":null,"codMaketTEP":null,"codTEP":null,"WSName":"DB","rangeAddress":"$FH$138:$FH$175","headAddress":"$FH$138","bodyAddress":"$FH$139:$FH$175","_name":"код"},"основное":{"_level":2,"parentID":"773f0b92-df20-4693-bfd3-2436e2e85ab8","firstParentID":"1edb621a-67b8-4b46-8153-e0d3749a6480","ID":"cad80d63-2906-491a-8b27-acbfd451fe86","childs":null,"emcosID":null,"emcosMLID":null,"codMaketTEP":null,"codTEP":null,"WSName":"DB","rangeAddress":"$FI$138:$FI$175","headAddress":"$FI$138","bodyAddress":"$FI$139:$FI$175","_name":"основное"},"корректировка факт":{"_level":2,"parentID":"773f0b92-df20-4693-bfd3-2436e2e85ab8","firstParentID":"1edb621a-67b8-4b46-8153-e0d3749a6480","ID":"09202d05-1dd4-472d-9d3b-b37bc700e9e6","childs":null,"emcosID":null,"emcosMLID":null,"codMaketTEP":null,"codTEP":null,"WSName":"DB","rangeAddress":"$FJ$138:$FJ$175","headAddress":"$FJ$138","bodyAddress":"$FJ$139:$FJ$175","_name":"корректировка факт"},"ручное":{"_level":2,"parentID":"773f0b92-df20-4693-bfd3-2436e2e85ab8","firstParentID":"1edb621a-67b8-4b46-8153-e0d3749a6480","ID":"19bd4964-673b-4e52-bccf-665240fd0c56","childs":null,"emcosID":null,"emcosMLID":null,"codMaketTEP":null,"codTEP":null,"WSName":"DB","rangeAddress":"$FK$138:$FK$175","headAddress":"$FK$138","bodyAddress":"$FK$139:$FK$175","_name":"ручное"},"формула":{"_level":2,"parentID":"773f0b92-df20-4693-bfd3-2436e2e85ab8","firstParentID":"1edb621a-67b8-4b46-8153-e0d3749a6480","ID":"358b330d-07fb-49bb-87eb-5da7d115c430","childs":null,"emcosID":null,"emcosMLID":null,"codMaketTEP":null,"codTEP":null,"WSName":"DB","rangeAddress":"$FL$138:$FL$175","headAddress":"$FL$138","bodyAddress":"$FL$139:$FL$175","_name":"формула"}},"emcosID":null,"emcosMLID":null,"codMaketTEP":null,"codTEP":null,"WSName":"DB","rangeAddress":"$FH$137:$FL$175","headAddress":"$FH$137:$FL$137","bodyAddress":"$FH$138:$FL$175","_name":"сальдо"}},"emcosID":null,"emcosMLID":null,"codMaketTEP":null,"codTEP":null,"WSName":"DB","rangeAddress":"$FH$136:$FL$175","headAddress":"$FH$136:$FL$136","bodyAddress":"$FH$137:$FL$175","_name":"Сальдо ЮМЭС Общее"}},"codPlan":null,"meterCoef":null,"_name":"Сальдо ЮМЭС Общее"}