{"ID":"21e07531-4a31-415c-8757-e55eba1c64a2","childs":{"PS":{"_level":0,"parentID":"21e07531-4a31-415c-8757-e55eba1c64a2","firstParentID":"21e07531-4a31-415c-8757-e55eba1c64a2","ID":"bbd4102f-75ae-4f7d-9e0a-ee963fce45ce","childs":{"прием":{"_level":1,"parentID":"bbd4102f-75ae-4f7d-9e0a-ee963fce45ce","firstParentID":"21e07531-4a31-415c-8757-e55eba1c64a2","ID":"8053fc49-5738-44a8-bdbe-925e264ede51","childs":{"по счетчику":{"_level":2,"parentID":"8053fc49-5738-44a8-bdbe-925e264ede51","firstParentID":"21e07531-4a31-415c-8757-e55eba1c64a2","ID":"f15b992b-848a-4b83-8f5d-c68468adfc0b","childs":null,"emcosID":null,"emcosMLID":null,"codMaketTEP":null,"codTEP":null,"WSName":"PS","rangeAddress":"$BX$56:$BX$92","headAddress":"$BX$56","bodyAddress":"$BX$57:$BX$92","_name":"по счетчику"},"СЧЕТЧИК":{"_level":2,"parentID":"8053fc49-5738-44a8-bdbe-925e264ede51","firstParentID":"21e07531-4a31-415c-8757-e55eba1c64a2","ID":"31be0d36-f713-4f0b-a1e4-ca5b259b7a84","childs":null,"emcosID":null,"emcosMLID":null,"codMaketTEP":null,"codTEP":null,"WSName":"PS","rangeAddress":"$BY$56:$BY$92","headAddress":"$BY$56","bodyAddress":"$BY$57:$BY$92","_name":"СЧЕТЧИК"}},"emcosID":null,"emcosMLID":null,"codMaketTEP":null,"codTEP":null,"WSName":"PS","rangeAddress":"$BX$55:$BY$92","headAddress":"$BX$55:$BY$55","bodyAddress":"$BX$56:$BY$92","_name":"прием"},"отдача":{"_level":1,"parentID":"bbd4102f-75ae-4f7d-9e0a-ee963fce45ce","firstParentID":"21e07531-4a31-415c-8757-e55eba1c64a2","ID":"f892894a-d997-4c9d-a3ab-4f830b928ed8","childs":{"по счетчику":{"_level":2,"parentID":"f892894a-d997-4c9d-a3ab-4f830b928ed8","firstParentID":"21e07531-4a31-415c-8757-e55eba1c64a2","ID":"0d372260-4403-4320-a3d9-b98e8bb9f2ea","childs":null,"emcosID":null,"emcosMLID":null,"codMaketTEP":null,"codTEP":null,"WSName":"PS","rangeAddress":"$BZ$56:$BZ$92","headAddress":"$BZ$56","bodyAddress":"$BZ$57:$BZ$92","_name":"по счетчику"},"СЧЕТЧИК":{"_level":2,"parentID":"f892894a-d997-4c9d-a3ab-4f830b928ed8","firstParentID":"21e07531-4a31-415c-8757-e55eba1c64a2","ID":"3a008e16-a469-46b5-bc7c-0926bd492316","childs":null,"emcosID":null,"emcosMLID":null,"codMaketTEP":null,"codTEP":null,"WSName":"PS","rangeAddress":"$CA$56:$CA$92","headAddress":"$CA$56","bodyAddress":"$CA$57:$CA$92","_name":"СЧЕТЧИК"}},"emcosID":null,"emcosMLID":null,"codMaketTEP":null,"codTEP":null,"WSName":"PS","rangeAddress":"$BZ$55:$CA$92","headAddress":"$BZ$55:$CA$55","bodyAddress":"$BZ$56:$CA$92","_name":"отдача"}},"emcosID":null,"emcosMLID":null,"codMaketTEP":null,"codTEP":null,"WSName":"PS","rangeAddress":"$BX$54:$CA$92","headAddress":"$BX$54:$CA$54","bodyAddress":"$BX$55:$CA$92","_name":"Л2703 Шу"},"DB":{"_level":0,"parentID":"21e07531-4a31-415c-8757-e55eba1c64a2","firstParentID":"21e07531-4a31-415c-8757-e55eba1c64a2","ID":"0055346b-74e0-4763-97fa-59e6ad99f5f2","childs":{"прием":{"_level":1,"parentID":"0055346b-74e0-4763-97fa-59e6ad99f5f2","firstParentID":"21e07531-4a31-415c-8757-e55eba1c64a2","ID":"5c8e12d3-150d-4e67-96c4-29a689189c46","childs":{"код":{"_level":2,"parentID":"5c8e12d3-150d-4e67-96c4-29a689189c46","firstParentID":"21e07531-4a31-415c-8757-e55eba1c64a2","ID":"bd9403bb-fe98-4599-a075-253235c882a7","childs":null,"emcosID":null,"emcosMLID":null,"codMaketTEP":null,"codTEP":null,"WSName":"DB","rangeAddress":"$S$224:$S$261","headAddress":"$S$224","bodyAddress":"$S$225:$S$261","_name":"код"},"основное":{"_level":2,"parentID":"5c8e12d3-150d-4e67-96c4-29a689189c46","firstParentID":"21e07531-4a31-415c-8757-e55eba1c64a2","ID":"a234bb26-b80d-428e-88da-15f21647ae8b","childs":null,"emcosID":null,"emcosMLID":null,"codMaketTEP":null,"codTEP":null,"WSName":"DB","rangeAddress":"$T$224:$T$261","headAddress":"$T$224","bodyAddress":"$T$225:$T$261","_name":"основное"},"корректировка факт":{"_level":2,"parentID":"5c8e12d3-150d-4e67-96c4-29a689189c46","firstParentID":"21e07531-4a31-415c-8757-e55eba1c64a2","ID":"63ab27f9-5e44-4ec1-83fb-5641387f82da","childs":null,"emcosID":null,"emcosMLID":null,"codMaketTEP":null,"codTEP":null,"WSName":"DB","rangeAddress":"$U$224:$U$261","headAddress":"$U$224","bodyAddress":"$U$225:$U$261","_name":"корректировка факт"},"ручное":{"_level":2,"parentID":"5c8e12d3-150d-4e67-96c4-29a689189c46","firstParentID":"21e07531-4a31-415c-8757-e55eba1c64a2","ID":"8cdb2814-4f45-4a8a-9cd5-57289b59f4d9","childs":null,"emcosID":null,"emcosMLID":null,"codMaketTEP":null,"codTEP":null,"WSName":"DB","rangeAddress":"$V$224:$V$261","headAddress":"$V$224","bodyAddress":"$V$225:$V$261","_name":"ручное"},"счетчик":{"_level":2,"parentID":"5c8e12d3-150d-4e67-96c4-29a689189c46","firstParentID":"21e07531-4a31-415c-8757-e55eba1c64a2","ID":"0336d8ac-361a-48f1-9b4b-cd63ddbc6f71","childs":null,"emcosID":null,"emcosMLID":null,"codMaketTEP":null,"codTEP":null,"WSName":"DB","rangeAddress":"$W$224:$W$261","headAddress":"$W$224","bodyAddress":"$W$225:$W$261","_name":"счетчик"},"по счетчику":{"_level":2,"parentID":"5c8e12d3-150d-4e67-96c4-29a689189c46","firstParentID":"21e07531-4a31-415c-8757-e55eba1c64a2","ID":"82c5f61e-7150-479c-8624-eeb3497802c1","childs":null,"emcosID":null,"emcosMLID":null,"codMaketTEP":null,"codTEP":null,"WSName":"DB","rangeAddress":"$X$224:$X$261","headAddress":"$X$224","bodyAddress":"$X$225:$X$261","_name":"по счетчику"}},"emcosID":null,"emcosMLID":null,"codMaketTEP":null,"codTEP":null,"WSName":"DB","rangeAddress":"$S$223:$X$261","headAddress":"$S$223:$X$223","bodyAddress":"$S$224:$X$261","_name":"прием"},"отдача":{"_level":1,"parentID":"0055346b-74e0-4763-97fa-59e6ad99f5f2","firstParentID":"21e07531-4a31-415c-8757-e55eba1c64a2","ID":"62e63c53-4596-447c-96af-e39d549369b5","childs":{"код":{"_level":2,"parentID":"62e63c53-4596-447c-96af-e39d549369b5","firstParentID":"21e07531-4a31-415c-8757-e55eba1c64a2","ID":"8ef8baf1-e760-4642-b420-cc2c5a7932d7","childs":null,"emcosID":null,"emcosMLID":null,"codMaketTEP":null,"codTEP":null,"WSName":"DB","rangeAddress":"$Y$224:$Y$261","headAddress":"$Y$224","bodyAddress":"$Y$225:$Y$261","_name":"код"},"основное":{"_level":2,"parentID":"62e63c53-4596-447c-96af-e39d549369b5","firstParentID":"21e07531-4a31-415c-8757-e55eba1c64a2","ID":"f78ddef4-4d58-40f7-9fbc-8ac8060f97c1","childs":null,"emcosID":null,"emcosMLID":null,"codMaketTEP":null,"codTEP":null,"WSName":"DB","rangeAddress":"$Z$224:$Z$261","headAddress":"$Z$224","bodyAddress":"$Z$225:$Z$261","_name":"основное"},"корректировка факт":{"_level":2,"parentID":"62e63c53-4596-447c-96af-e39d549369b5","firstParentID":"21e07531-4a31-415c-8757-e55eba1c64a2","ID":"3f9f00ef-2d13-4e17-837c-56940fecef17","childs":null,"emcosID":null,"emcosMLID":null,"codMaketTEP":null,"codTEP":null,"WSName":"DB","rangeAddress":"$AA$224:$AA$261","headAddress":"$AA$224","bodyAddress":"$AA$225:$AA$261","_name":"корректировка факт"},"ручное":{"_level":2,"parentID":"62e63c53-4596-447c-96af-e39d549369b5","firstParentID":"21e07531-4a31-415c-8757-e55eba1c64a2","ID":"ea4875dc-e050-49fe-9047-1fd8bdc248ac","childs":null,"emcosID":null,"emcosMLID":null,"codMaketTEP":null,"codTEP":null,"WSName":"DB","rangeAddress":"$AB$224:$AB$261","headAddress":"$AB$224","bodyAddress":"$AB$225:$AB$261","_name":"ручное"},"счетчик":{"_level":2,"parentID":"62e63c53-4596-447c-96af-e39d549369b5","firstParentID":"21e07531-4a31-415c-8757-e55eba1c64a2","ID":"422e5370-8caa-40fc-b1f9-06a063ca73ae","childs":null,"emcosID":null,"emcosMLID":null,"codMaketTEP":null,"codTEP":null,"WSName":"DB","rangeAddress":"$AC$224:$AC$261","headAddress":"$AC$224","bodyAddress":"$AC$225:$AC$261","_name":"счетчик"},"по счетчику":{"_level":2,"parentID":"62e63c53-4596-447c-96af-e39d549369b5","firstParentID":"21e07531-4a31-415c-8757-e55eba1c64a2","ID":"7c977da0-d237-423a-8984-6e6571eca780","childs":null,"emcosID":null,"emcosMLID":null,"codMaketTEP":null,"codTEP":null,"WSName":"DB","rangeAddress":"$AD$224:$AD$261","headAddress":"$AD$224","bodyAddress":"$AD$225:$AD$261","_name":"по счетчику"}},"emcosID":null,"emcosMLID":null,"codMaketTEP":null,"codTEP":null,"WSName":"DB","rangeAddress":"$Y$223:$AD$261","headAddress":"$Y$223:$AD$223","bodyAddress":"$Y$224:$AD$261","_name":"отдача"}},"emcosID":null,"emcosMLID":null,"codMaketTEP":null,"codTEP":null,"WSName":"DB","rangeAddress":"$S$222:$AD$261","headAddress":"$S$222:$AD$222","bodyAddress":"$S$223:$AD$261","_name":"Л2703 Шу"}},"codPlan":null,"meterCoef":"2200","_name":"Л2703 Шу"}