{"ID":"3faa9c7f-5674-488e-91b9-4d23a011ad31","childs":{"PS":{"_level":0,"parentID":"3faa9c7f-5674-488e-91b9-4d23a011ad31","firstParentID":"3faa9c7f-5674-488e-91b9-4d23a011ad31","ID":"bb3d1199-6ff0-40a7-b886-a2fd350922af","childs":{"отдача":{"_level":1,"parentID":"bb3d1199-6ff0-40a7-b886-a2fd350922af","firstParentID":"3faa9c7f-5674-488e-91b9-4d23a011ad31","ID":"95148afd-67d6-4b46-abfb-4bd9a50fd675","childs":{"формула":{"_level":2,"parentID":"95148afd-67d6-4b46-abfb-4bd9a50fd675","firstParentID":"3faa9c7f-5674-488e-91b9-4d23a011ad31","ID":"eda812c0-d86a-41ef-b967-8e713c16eb3c","childs":null,"emcosID":null,"emcosMLID":null,"codMaketTEP":null,"codTEP":null,"WSName":"PS","rangeAddress":"$AR$228:$AR$264","headAddress":"$AR$228","bodyAddress":"$AR$229:$AR$264","_name":"формула"}},"emcosID":null,"emcosMLID":null,"codMaketTEP":null,"codTEP":null,"WSName":"PS","rangeAddress":"$AR$227:$AR$264","headAddress":"$AR$227","bodyAddress":"$AR$228:$AR$264","_name":"отдача"}},"emcosID":null,"emcosMLID":null,"codMaketTEP":null,"codTEP":null,"WSName":"PS","rangeAddress":"$AR$226:$AR$264","headAddress":"$AR$226","bodyAddress":"$AR$227:$AR$264","_name":"Отпуск в сеть Текелиский ТЭЦ2 ТТЭЦ2"},"DB":{"_level":0,"parentID":"3faa9c7f-5674-488e-91b9-4d23a011ad31","firstParentID":"3faa9c7f-5674-488e-91b9-4d23a011ad31","ID":"5edb59c5-0c98-4fad-91f7-16b1bb8196b2","childs":{"отдача":{"_level":1,"parentID":"5edb59c5-0c98-4fad-91f7-16b1bb8196b2","firstParentID":"3faa9c7f-5674-488e-91b9-4d23a011ad31","ID":"79eb45b6-d70f-46ca-956e-c592da64ad8a","childs":{"код":{"_level":2,"parentID":"79eb45b6-d70f-46ca-956e-c592da64ad8a","firstParentID":"3faa9c7f-5674-488e-91b9-4d23a011ad31","ID":"406700d1-774f-4d64-9f4c-a951023b9827","childs":null,"emcosID":null,"emcosMLID":null,"codMaketTEP":null,"codTEP":null,"WSName":"DB","rangeAddress":"$S$181:$S$218","headAddress":"$S$181","bodyAddress":"$S$182:$S$218","_name":"код"},"основное":{"_level":2,"parentID":"79eb45b6-d70f-46ca-956e-c592da64ad8a","firstParentID":"3faa9c7f-5674-488e-91b9-4d23a011ad31","ID":"af791ecd-9889-4497-be2d-c0a424bdd093","childs":null,"emcosID":null,"emcosMLID":null,"codMaketTEP":null,"codTEP":null,"WSName":"DB","rangeAddress":"$T$181:$T$218","headAddress":"$T$181","bodyAddress":"$T$182:$T$218","_name":"основное"},"корректировка факт":{"_level":2,"parentID":"79eb45b6-d70f-46ca-956e-c592da64ad8a","firstParentID":"3faa9c7f-5674-488e-91b9-4d23a011ad31","ID":"3e70a6fb-a0b5-4431-823d-6eec525553ba","childs":null,"emcosID":null,"emcosMLID":null,"codMaketTEP":null,"codTEP":null,"WSName":"DB","rangeAddress":"$U$181:$U$218","headAddress":"$U$181","bodyAddress":"$U$182:$U$218","_name":"корректировка факт"},"ручное":{"_level":2,"parentID":"79eb45b6-d70f-46ca-956e-c592da64ad8a","firstParentID":"3faa9c7f-5674-488e-91b9-4d23a011ad31","ID":"1562a2ae-1f70-4a42-bbdc-d358b42fb38b","childs":null,"emcosID":null,"emcosMLID":null,"codMaketTEP":null,"codTEP":null,"WSName":"DB","rangeAddress":"$V$181:$V$218","headAddress":"$V$181","bodyAddress":"$V$182:$V$218","_name":"ручное"},"формула":{"_level":2,"parentID":"79eb45b6-d70f-46ca-956e-c592da64ad8a","firstParentID":"3faa9c7f-5674-488e-91b9-4d23a011ad31","ID":"4e16ccee-357c-464f-93d7-7afea1a5faef","childs":null,"emcosID":null,"emcosMLID":null,"codMaketTEP":null,"codTEP":null,"WSName":"DB","rangeAddress":"$W$181:$W$218","headAddress":"$W$181","bodyAddress":"$W$182:$W$218","_name":"формула"}},"emcosID":null,"emcosMLID":null,"codMaketTEP":null,"codTEP":null,"WSName":"DB","rangeAddress":"$S$180:$W$218","headAddress":"$S$180:$W$180","bodyAddress":"$S$181:$W$218","_name":"отдача"}},"emcosID":null,"emcosMLID":null,"codMaketTEP":null,"codTEP":null,"WSName":"DB","rangeAddress":"$S$179:$W$218","headAddress":"$S$179:$W$179","bodyAddress":"$S$180:$W$218","_name":"Отпуск в сеть Текелиский ТЭЦ2 ТТЭЦ2"}},"codPlan":null,"meterCoef":null,"_name":"Отпуск в сеть Текелиский ТЭЦ2 ТТЭЦ2"}