{"ID":"4325110e-cf9f-4f4d-b4af-33abd4c997f5","childs":{"PS":{"_level":0,"parentID":"4325110e-cf9f-4f4d-b4af-33abd4c997f5","firstParentID":"4325110e-cf9f-4f4d-b4af-33abd4c997f5","ID":"5cc26e77-6c56-42f5-8afb-222a1fb6f826","childs":{"отдача":{"_level":1,"parentID":"5cc26e77-6c56-42f5-8afb-222a1fb6f826","firstParentID":"4325110e-cf9f-4f4d-b4af-33abd4c997f5","ID":"e2322ecb-a891-47cc-857e-d4007695b3f0","childs":{"по счетчику":{"_level":2,"parentID":"e2322ecb-a891-47cc-857e-d4007695b3f0","firstParentID":"4325110e-cf9f-4f4d-b4af-33abd4c997f5","ID":"dfc72ded-1718-467b-8971-36b26e03fb5a","childs":null,"emcosID":null,"emcosMLID":null,"codMaketTEP":null,"codTEP":null,"WSName":"PS","rangeAddress":"$FI$99:$FI$135","headAddress":"$FI$99","bodyAddress":"$FI$100:$FI$135","_name":"по счетчику"},"СЧЕТЧИК":{"_level":2,"parentID":"e2322ecb-a891-47cc-857e-d4007695b3f0","firstParentID":"4325110e-cf9f-4f4d-b4af-33abd4c997f5","ID":"7f0dc659-776a-47e6-bb1e-6e7dd80a0f50","childs":null,"emcosID":null,"emcosMLID":null,"codMaketTEP":null,"codTEP":null,"WSName":"PS","rangeAddress":"$FJ$99:$FJ$135","headAddress":"$FJ$99","bodyAddress":"$FJ$100:$FJ$135","_name":"СЧЕТЧИК"}},"emcosID":null,"emcosMLID":null,"codMaketTEP":null,"codTEP":null,"WSName":"PS","rangeAddress":"$FI$98:$FJ$135","headAddress":"$FI$98:$FJ$98","bodyAddress":"$FI$99:$FJ$135","_name":"отдача"}},"emcosID":null,"emcosMLID":null,"codMaketTEP":null,"codTEP":null,"WSName":"PS","rangeAddress":"$FI$97:$FJ$135","headAddress":"$FI$97:$FJ$97","bodyAddress":"$FI$98:$FJ$135","_name":"КЛ6 ПС152 Талдыкорган"},"DB":{"_level":0,"parentID":"4325110e-cf9f-4f4d-b4af-33abd4c997f5","firstParentID":"4325110e-cf9f-4f4d-b4af-33abd4c997f5","ID":"a4638201-8541-43d0-9336-9cf974028162","childs":{"отдача":{"_level":1,"parentID":"a4638201-8541-43d0-9336-9cf974028162","firstParentID":"4325110e-cf9f-4f4d-b4af-33abd4c997f5","ID":"848dd8aa-e1e2-4ca2-b47b-0c057717b7a4","childs":{"код":{"_level":2,"parentID":"848dd8aa-e1e2-4ca2-b47b-0c057717b7a4","firstParentID":"4325110e-cf9f-4f4d-b4af-33abd4c997f5","ID":"97fca51e-0a07-4653-891c-0f9df16ec846","childs":null,"emcosID":null,"emcosMLID":null,"codMaketTEP":null,"codTEP":null,"WSName":"DB","rangeAddress":"$EG$525:$EG$562","headAddress":"$EG$525","bodyAddress":"$EG$526:$EG$562","_name":"код"},"основное":{"_level":2,"parentID":"848dd8aa-e1e2-4ca2-b47b-0c057717b7a4","firstParentID":"4325110e-cf9f-4f4d-b4af-33abd4c997f5","ID":"1c8caf10-f896-4253-8738-10efcc01628a","childs":null,"emcosID":null,"emcosMLID":null,"codMaketTEP":null,"codTEP":null,"WSName":"DB","rangeAddress":"$EH$525:$EH$562","headAddress":"$EH$525","bodyAddress":"$EH$526:$EH$562","_name":"основное"},"корректировка факт":{"_level":2,"parentID":"848dd8aa-e1e2-4ca2-b47b-0c057717b7a4","firstParentID":"4325110e-cf9f-4f4d-b4af-33abd4c997f5","ID":"38746e3c-1eee-4bad-946f-ef51affcb415","childs":null,"emcosID":null,"emcosMLID":null,"codMaketTEP":null,"codTEP":null,"WSName":"DB","rangeAddress":"$EI$525:$EI$562","headAddress":"$EI$525","bodyAddress":"$EI$526:$EI$562","_name":"корректировка факт"},"ручное":{"_level":2,"parentID":"848dd8aa-e1e2-4ca2-b47b-0c057717b7a4","firstParentID":"4325110e-cf9f-4f4d-b4af-33abd4c997f5","ID":"d4678671-d02e-4e12-9cdd-06b6ab9899cb","childs":null,"emcosID":null,"emcosMLID":null,"codMaketTEP":null,"codTEP":null,"WSName":"DB","rangeAddress":"$EJ$525:$EJ$562","headAddress":"$EJ$525","bodyAddress":"$EJ$526:$EJ$562","_name":"ручное"},"счетчик":{"_level":2,"parentID":"848dd8aa-e1e2-4ca2-b47b-0c057717b7a4","firstParentID":"4325110e-cf9f-4f4d-b4af-33abd4c997f5","ID":"ba81b913-dece-4db2-b95c-fc044e9168a6","childs":null,"emcosID":null,"emcosMLID":null,"codMaketTEP":null,"codTEP":null,"WSName":"DB","rangeAddress":"$EK$525:$EK$562","headAddress":"$EK$525","bodyAddress":"$EK$526:$EK$562","_name":"счетчик"},"по счетчику":{"_level":2,"parentID":"848dd8aa-e1e2-4ca2-b47b-0c057717b7a4","firstParentID":"4325110e-cf9f-4f4d-b4af-33abd4c997f5","ID":"7a4dade4-8d6e-46d6-b00a-97f8ae4f0fe7","childs":null,"emcosID":null,"emcosMLID":null,"codMaketTEP":null,"codTEP":null,"WSName":"DB","rangeAddress":"$EL$525:$EL$562","headAddress":"$EL$525","bodyAddress":"$EL$526:$EL$562","_name":"по счетчику"}},"emcosID":null,"emcosMLID":null,"codMaketTEP":null,"codTEP":null,"WSName":"DB","rangeAddress":"$EG$524:$EL$562","headAddress":"$EG$524:$EL$524","bodyAddress":"$EG$525:$EL$562","_name":"отдача"}},"emcosID":null,"emcosMLID":null,"codMaketTEP":null,"codTEP":null,"WSName":"DB","rangeAddress":"$EG$523:$EL$562","headAddress":"$EG$523:$EL$523","bodyAddress":"$EG$524:$EL$562","_name":"КЛ6 ПС152 Талдыкорган"}},"codPlan":null,"meterCoef":"6","_name":"КЛ6 ПС152 Талдыкорган"}