{"ID":"434f3698-9399-461c-93e4-845503d12f89","childs":{"PS":{"_level":0,"parentID":"434f3698-9399-461c-93e4-845503d12f89","firstParentID":"434f3698-9399-461c-93e4-845503d12f89","ID":"cd21ba78-5ca2-4b73-a899-ea8baa66c456","childs":{"сальдо":{"_level":1,"parentID":"cd21ba78-5ca2-4b73-a899-ea8baa66c456","firstParentID":"434f3698-9399-461c-93e4-845503d12f89","ID":"a14f87ab-fb81-484c-a4cd-3a699d5b8284","childs":{"формула":{"_level":2,"parentID":"a14f87ab-fb81-484c-a4cd-3a699d5b8284","firstParentID":"434f3698-9399-461c-93e4-845503d12f89","ID":"3c14b587-38af-42eb-ba84-ad8e009835b6","childs":null,"emcosID":null,"emcosMLID":null,"codMaketTEP":null,"codTEP":null,"WSName":"PS","rangeAddress":"$J$13:$J$49","headAddress":"$J$13","bodyAddress":"$J$14:$J$49","_name":"формула"}},"emcosID":null,"emcosMLID":null,"codMaketTEP":1431,"codTEP":null,"WSName":"PS","rangeAddress":"$J$12:$J$49","headAddress":"$J$12","bodyAddress":"$J$13:$J$49","_name":"сальдо"}},"emcosID":null,"emcosMLID":null,"codMaketTEP":null,"codTEP":null,"WSName":"PS","rangeAddress":"$J$11:$J$49","headAddress":"$J$11","bodyAddress":"$J$12:$J$49","_name":"Сальдо Жетысу - Алматы Общее"},"DB":{"_level":0,"parentID":"434f3698-9399-461c-93e4-845503d12f89","firstParentID":"434f3698-9399-461c-93e4-845503d12f89","ID":"d58bd7ac-3068-4cf5-904c-77822a4e049d","childs":{"сальдо":{"_level":1,"parentID":"d58bd7ac-3068-4cf5-904c-77822a4e049d","firstParentID":"434f3698-9399-461c-93e4-845503d12f89","ID":"f6dccd7c-3998-4615-9872-286713a62385","childs":{"код":{"_level":2,"parentID":"f6dccd7c-3998-4615-9872-286713a62385","firstParentID":"434f3698-9399-461c-93e4-845503d12f89","ID":"d34e701c-dec0-46c3-8969-37690c26320a","childs":null,"emcosID":null,"emcosMLID":null,"codMaketTEP":null,"codTEP":null,"WSName":"DB","rangeAddress":"$H$267:$H$304","headAddress":"$H$267","bodyAddress":"$H$268:$H$304","_name":"код"},"основное":{"_level":2,"parentID":"f6dccd7c-3998-4615-9872-286713a62385","firstParentID":"434f3698-9399-461c-93e4-845503d12f89","ID":"8aeb19a3-aa3c-4011-b102-c9f081cc4974","childs":null,"emcosID":null,"emcosMLID":null,"codMaketTEP":null,"codTEP":null,"WSName":"DB","rangeAddress":"$I$267:$I$304","headAddress":"$I$267","bodyAddress":"$I$268:$I$304","_name":"основное"},"корректировка факт":{"_level":2,"parentID":"f6dccd7c-3998-4615-9872-286713a62385","firstParentID":"434f3698-9399-461c-93e4-845503d12f89","ID":"2db216c4-124d-4d88-b27e-1eb237a1e073","childs":null,"emcosID":null,"emcosMLID":null,"codMaketTEP":null,"codTEP":null,"WSName":"DB","rangeAddress":"$J$267:$J$304","headAddress":"$J$267","bodyAddress":"$J$268:$J$304","_name":"корректировка факт"},"ручное":{"_level":2,"parentID":"f6dccd7c-3998-4615-9872-286713a62385","firstParentID":"434f3698-9399-461c-93e4-845503d12f89","ID":"f2437415-a3eb-4620-adb4-3e10da9d8086","childs":null,"emcosID":null,"emcosMLID":null,"codMaketTEP":null,"codTEP":null,"WSName":"DB","rangeAddress":"$K$267:$K$304","headAddress":"$K$267","bodyAddress":"$K$268:$K$304","_name":"ручное"},"формула":{"_level":2,"parentID":"f6dccd7c-3998-4615-9872-286713a62385","firstParentID":"434f3698-9399-461c-93e4-845503d12f89","ID":"e63ccdc7-57b8-4665-8248-8f616ba9fa46","childs":null,"emcosID":null,"emcosMLID":null,"codMaketTEP":null,"codTEP":null,"WSName":"DB","rangeAddress":"$L$267:$L$304","headAddress":"$L$267","bodyAddress":"$L$268:$L$304","_name":"формула"}},"emcosID":null,"emcosMLID":null,"codMaketTEP":null,"codTEP":null,"WSName":"DB","rangeAddress":"$H$266:$L$304","headAddress":"$H$266:$L$266","bodyAddress":"$H$267:$L$304","_name":"сальдо"}},"emcosID":null,"emcosMLID":null,"codMaketTEP":null,"codTEP":null,"WSName":"DB","rangeAddress":"$H$265:$L$304","headAddress":"$H$265:$L$265","bodyAddress":"$H$266:$L$304","_name":"Сальдо Жетысу - Алматы Общее"}},"codPlan":null,"meterCoef":null,"_name":"Сальдо Жетысу - Алматы Общее"}