{"ID":"514160fb-5ac9-4446-bce1-5c932bdfb508","childs":{"PS":{"_level":0,"parentID":"514160fb-5ac9-4446-bce1-5c932bdfb508","firstParentID":"514160fb-5ac9-4446-bce1-5c932bdfb508","ID":"7c1b091f-7598-4749-90f6-760191c21a38","childs":{"прием":{"_level":1,"parentID":"7c1b091f-7598-4749-90f6-760191c21a38","firstParentID":"514160fb-5ac9-4446-bce1-5c932bdfb508","ID":"c7108462-5f74-4988-a71e-6b1f7b0adc06","childs":{"по счетчику":{"_level":2,"parentID":"c7108462-5f74-4988-a71e-6b1f7b0adc06","firstParentID":"514160fb-5ac9-4446-bce1-5c932bdfb508","ID":"eca047a3-f3b8-46c0-a52e-d6ad60fb8100","childs":null,"emcosID":null,"emcosMLID":null,"codMaketTEP":null,"codTEP":null,"WSName":"PS","rangeAddress":"$FE$56:$FE$92","headAddress":"$FE$56","bodyAddress":"$FE$57:$FE$92","_name":"по счетчику"},"СЧЕТЧИК":{"_level":2,"parentID":"c7108462-5f74-4988-a71e-6b1f7b0adc06","firstParentID":"514160fb-5ac9-4446-bce1-5c932bdfb508","ID":"a4df5e79-59e8-4568-a8eb-c25a475ac200","childs":null,"emcosID":null,"emcosMLID":null,"codMaketTEP":null,"codTEP":null,"WSName":"PS","rangeAddress":"$FF$56:$FF$92","headAddress":"$FF$56","bodyAddress":"$FF$57:$FF$92","_name":"СЧЕТЧИК"}},"emcosID":null,"emcosMLID":null,"codMaketTEP":null,"codTEP":null,"WSName":"PS","rangeAddress":"$FE$55:$FF$92","headAddress":"$FE$55:$FF$55","bodyAddress":"$FE$56:$FF$92","_name":"прием"},"отдача":{"_level":1,"parentID":"7c1b091f-7598-4749-90f6-760191c21a38","firstParentID":"514160fb-5ac9-4446-bce1-5c932bdfb508","ID":"3a10f060-556c-4944-98bc-21ee8fb6b6cc","childs":{"по счетчику":{"_level":2,"parentID":"3a10f060-556c-4944-98bc-21ee8fb6b6cc","firstParentID":"514160fb-5ac9-4446-bce1-5c932bdfb508","ID":"d5cdb438-873e-4d52-936f-2a245bd1632a","childs":null,"emcosID":null,"emcosMLID":null,"codMaketTEP":null,"codTEP":null,"WSName":"PS","rangeAddress":"$FG$56:$FG$92","headAddress":"$FG$56","bodyAddress":"$FG$57:$FG$92","_name":"по счетчику"},"СЧЕТЧИК":{"_level":2,"parentID":"3a10f060-556c-4944-98bc-21ee8fb6b6cc","firstParentID":"514160fb-5ac9-4446-bce1-5c932bdfb508","ID":"8225d67e-a62f-4071-a27d-3db3be8e105f","childs":null,"emcosID":null,"emcosMLID":null,"codMaketTEP":null,"codTEP":null,"WSName":"PS","rangeAddress":"$FH$56:$FH$92","headAddress":"$FH$56","bodyAddress":"$FH$57:$FH$92","_name":"СЧЕТЧИК"}},"emcosID":null,"emcosMLID":null,"codMaketTEP":null,"codTEP":null,"WSName":"PS","rangeAddress":"$FG$55:$FH$92","headAddress":"$FG$55:$FH$55","bodyAddress":"$FG$56:$FH$92","_name":"отдача"}},"emcosID":null,"emcosMLID":null,"codMaketTEP":null,"codTEP":null,"WSName":"PS","rangeAddress":"$FE$54:$FH$92","headAddress":"$FE$54:$FH$54","bodyAddress":"$FE$55:$FH$92","_name":"Л2443 Алма"},"DB":{"_level":0,"parentID":"514160fb-5ac9-4446-bce1-5c932bdfb508","firstParentID":"514160fb-5ac9-4446-bce1-5c932bdfb508","ID":"66a508bb-73c7-445a-abb7-2cafc3a5c5b5","childs":{"прием":{"_level":1,"parentID":"66a508bb-73c7-445a-abb7-2cafc3a5c5b5","firstParentID":"514160fb-5ac9-4446-bce1-5c932bdfb508","ID":"76ad3653-30a6-4745-bae4-c2cab3541b35","childs":{"код":{"_level":2,"parentID":"76ad3653-30a6-4745-bae4-c2cab3541b35","firstParentID":"514160fb-5ac9-4446-bce1-5c932bdfb508","ID":"6367edec-f32b-47db-8d08-de046afcab11","childs":null,"emcosID":null,"emcosMLID":null,"codMaketTEP":null,"codTEP":null,"WSName":"DB","rangeAddress":"$DG$396:$DG$433","headAddress":"$DG$396","bodyAddress":"$DG$397:$DG$433","_name":"код"},"основное":{"_level":2,"parentID":"76ad3653-30a6-4745-bae4-c2cab3541b35","firstParentID":"514160fb-5ac9-4446-bce1-5c932bdfb508","ID":"da62c5e2-a891-4a51-9f42-e31efad9fb50","childs":null,"emcosID":null,"emcosMLID":null,"codMaketTEP":null,"codTEP":null,"WSName":"DB","rangeAddress":"$DH$396:$DH$433","headAddress":"$DH$396","bodyAddress":"$DH$397:$DH$433","_name":"основное"},"корректировка факт":{"_level":2,"parentID":"76ad3653-30a6-4745-bae4-c2cab3541b35","firstParentID":"514160fb-5ac9-4446-bce1-5c932bdfb508","ID":"2a66e67f-e38b-4d47-b1de-b7f772e20927","childs":null,"emcosID":null,"emcosMLID":null,"codMaketTEP":null,"codTEP":null,"WSName":"DB","rangeAddress":"$DI$396:$DI$433","headAddress":"$DI$396","bodyAddress":"$DI$397:$DI$433","_name":"корректировка факт"},"ручное":{"_level":2,"parentID":"76ad3653-30a6-4745-bae4-c2cab3541b35","firstParentID":"514160fb-5ac9-4446-bce1-5c932bdfb508","ID":"05fa1817-12d6-4f14-918b-330cf3e061ff","childs":null,"emcosID":null,"emcosMLID":null,"codMaketTEP":null,"codTEP":null,"WSName":"DB","rangeAddress":"$DJ$396:$DJ$433","headAddress":"$DJ$396","bodyAddress":"$DJ$397:$DJ$433","_name":"ручное"},"счетчик":{"_level":2,"parentID":"76ad3653-30a6-4745-bae4-c2cab3541b35","firstParentID":"514160fb-5ac9-4446-bce1-5c932bdfb508","ID":"aa01d550-39aa-4079-9855-b886a2c9962c","childs":null,"emcosID":null,"emcosMLID":null,"codMaketTEP":null,"codTEP":null,"WSName":"DB","rangeAddress":"$DK$396:$DK$433","headAddress":"$DK$396","bodyAddress":"$DK$397:$DK$433","_name":"счетчик"},"по счетчику":{"_level":2,"parentID":"76ad3653-30a6-4745-bae4-c2cab3541b35","firstParentID":"514160fb-5ac9-4446-bce1-5c932bdfb508","ID":"d758a222-a99e-4081-838a-e02e52d0efae","childs":null,"emcosID":null,"emcosMLID":null,"codMaketTEP":null,"codTEP":null,"WSName":"DB","rangeAddress":"$DL$396:$DL$433","headAddress":"$DL$396","bodyAddress":"$DL$397:$DL$433","_name":"по счетчику"}},"emcosID":null,"emcosMLID":null,"codMaketTEP":null,"codTEP":null,"WSName":"DB","rangeAddress":"$DG$395:$DL$433","headAddress":"$DG$395:$DL$395","bodyAddress":"$DG$396:$DL$433","_name":"прием"},"отдача":{"_level":1,"parentID":"66a508bb-73c7-445a-abb7-2cafc3a5c5b5","firstParentID":"514160fb-5ac9-4446-bce1-5c932bdfb508","ID":"6cbf6557-438b-4854-9506-7f1e6bb02484","childs":{"код":{"_level":2,"parentID":"6cbf6557-438b-4854-9506-7f1e6bb02484","firstParentID":"514160fb-5ac9-4446-bce1-5c932bdfb508","ID":"cbc7d755-891b-4ffb-9955-a5b6d55bd907","childs":null,"emcosID":null,"emcosMLID":null,"codMaketTEP":null,"codTEP":null,"WSName":"DB","rangeAddress":"$DM$396:$DM$433","headAddress":"$DM$396","bodyAddress":"$DM$397:$DM$433","_name":"код"},"основное":{"_level":2,"parentID":"6cbf6557-438b-4854-9506-7f1e6bb02484","firstParentID":"514160fb-5ac9-4446-bce1-5c932bdfb508","ID":"c50bdf5d-887b-4010-a4f1-7e94b4910d6d","childs":null,"emcosID":null,"emcosMLID":null,"codMaketTEP":null,"codTEP":null,"WSName":"DB","rangeAddress":"$DN$396:$DN$433","headAddress":"$DN$396","bodyAddress":"$DN$397:$DN$433","_name":"основное"},"корректировка факт":{"_level":2,"parentID":"6cbf6557-438b-4854-9506-7f1e6bb02484","firstParentID":"514160fb-5ac9-4446-bce1-5c932bdfb508","ID":"ad88774d-8ac6-49c0-901a-d8d7a460ce3f","childs":null,"emcosID":null,"emcosMLID":null,"codMaketTEP":null,"codTEP":null,"WSName":"DB","rangeAddress":"$DO$396:$DO$433","headAddress":"$DO$396","bodyAddress":"$DO$397:$DO$433","_name":"корректировка факт"},"ручное":{"_level":2,"parentID":"6cbf6557-438b-4854-9506-7f1e6bb02484","firstParentID":"514160fb-5ac9-4446-bce1-5c932bdfb508","ID":"d2557ef5-c1ff-48ba-af43-00b255be4896","childs":null,"emcosID":null,"emcosMLID":null,"codMaketTEP":null,"codTEP":null,"WSName":"DB","rangeAddress":"$DP$396:$DP$433","headAddress":"$DP$396","bodyAddress":"$DP$397:$DP$433","_name":"ручное"},"счетчик":{"_level":2,"parentID":"6cbf6557-438b-4854-9506-7f1e6bb02484","firstParentID":"514160fb-5ac9-4446-bce1-5c932bdfb508","ID":"3fc3f621-6f1c-476a-ae3c-baf3b594f328","childs":null,"emcosID":null,"emcosMLID":null,"codMaketTEP":null,"codTEP":null,"WSName":"DB","rangeAddress":"$DQ$396:$DQ$433","headAddress":"$DQ$396","bodyAddress":"$DQ$397:$DQ$433","_name":"счетчик"},"по счетчику":{"_level":2,"parentID":"6cbf6557-438b-4854-9506-7f1e6bb02484","firstParentID":"514160fb-5ac9-4446-bce1-5c932bdfb508","ID":"4afc1834-e530-438c-8d34-98f83550fddc","childs":null,"emcosID":null,"emcosMLID":null,"codMaketTEP":null,"codTEP":null,"WSName":"DB","rangeAddress":"$DR$396:$DR$433","headAddress":"$DR$396","bodyAddress":"$DR$397:$DR$433","_name":"по счетчику"}},"emcosID":null,"emcosMLID":null,"codMaketTEP":null,"codTEP":null,"WSName":"DB","rangeAddress":"$DM$395:$DR$433","headAddress":"$DM$395:$DR$395","bodyAddress":"$DM$396:$DR$433","_name":"отдача"}},"emcosID":null,"emcosMLID":null,"codMaketTEP":null,"codTEP":null,"WSName":"DB","rangeAddress":"$DG$394:$DR$433","headAddress":"$DG$394:$DR$394","bodyAddress":"$DG$395:$DR$433","_name":"Л2443 Алма"}},"codPlan":null,"meterCoef":"2200","_name":"Л2443 Алма"}