{"ID":"545dc9fd-ced2-403e-8821-272978f6d63f","childs":{"PS":{"_level":0,"parentID":"545dc9fd-ced2-403e-8821-272978f6d63f","firstParentID":"545dc9fd-ced2-403e-8821-272978f6d63f","ID":"656cc502-8ab0-4388-a490-05d538130495","childs":{"отдача":{"_level":1,"parentID":"656cc502-8ab0-4388-a490-05d538130495","firstParentID":"545dc9fd-ced2-403e-8821-272978f6d63f","ID":"b81091e6-a9ab-4f5f-85a9-39c4fcc2e8d1","childs":{"формула":{"_level":2,"parentID":"b81091e6-a9ab-4f5f-85a9-39c4fcc2e8d1","firstParentID":"545dc9fd-ced2-403e-8821-272978f6d63f","ID":"ce5fc107-ba33-47a5-ade3-506c4efeeaa9","childs":null,"emcosID":null,"emcosMLID":null,"codMaketTEP":null,"codTEP":null,"WSName":"PS","rangeAddress":"$DB$185:$DB$221","headAddress":"$DB$185","bodyAddress":"$DB$186:$DB$221","_name":"формула"}},"emcosID":null,"emcosMLID":null,"codMaketTEP":null,"codTEP":null,"WSName":"PS","rangeAddress":"$DB$184:$DB$221","headAddress":"$DB$184","bodyAddress":"$DB$185:$DB$221","_name":"отдача"},"план":{"_level":1,"parentID":"656cc502-8ab0-4388-a490-05d538130495","firstParentID":"545dc9fd-ced2-403e-8821-272978f6d63f","ID":"17ab0eae-a148-4d23-9ecc-7f3da6578f5a","childs":{"заявка":{"_level":2,"parentID":"17ab0eae-a148-4d23-9ecc-7f3da6578f5a","firstParentID":"545dc9fd-ced2-403e-8821-272978f6d63f","ID":"5e4c7a82-5daa-4e98-b555-c9f8251e12c2","childs":null,"emcosID":null,"emcosMLID":null,"codMaketTEP":null,"codTEP":null,"WSName":"PS","rangeAddress":"$DC$185:$DC$221","headAddress":"$DC$185","bodyAddress":"$DC$186:$DC$221","_name":"заявка"}},"emcosID":null,"emcosMLID":null,"codMaketTEP":null,"codTEP":null,"WSName":"PS","rangeAddress":"$DC$184:$DC$221","headAddress":"$DC$184","bodyAddress":"$DC$185:$DC$221","_name":"план"}},"emcosID":null,"emcosMLID":null,"codMaketTEP":null,"codTEP":null,"WSName":"PS","rangeAddress":"$DB$183:$DC$221","headAddress":"$DB$183:$DC$183","bodyAddress":"$DB$184:$DC$221","_name":"Генерация Mistral Energy СЭС Каскелен 50"},"DB":{"_level":0,"parentID":"545dc9fd-ced2-403e-8821-272978f6d63f","firstParentID":"545dc9fd-ced2-403e-8821-272978f6d63f","ID":"b4fd4a55-b2d1-4db8-a224-8f7bdf2c2f5c","childs":{"отдача":{"_level":1,"parentID":"b4fd4a55-b2d1-4db8-a224-8f7bdf2c2f5c","firstParentID":"545dc9fd-ced2-403e-8821-272978f6d63f","ID":"19cfc086-6927-4656-a8a6-47ec71a99d64","childs":{"код":{"_level":2,"parentID":"19cfc086-6927-4656-a8a6-47ec71a99d64","firstParentID":"545dc9fd-ced2-403e-8821-272978f6d63f","ID":"827bc252-a522-4287-a3ef-c186c9e4c3dd","childs":null,"emcosID":null,"emcosMLID":null,"codMaketTEP":null,"codTEP":null,"WSName":"DB","rangeAddress":"$EI$396:$EI$433","headAddress":"$EI$396","bodyAddress":"$EI$397:$EI$433","_name":"код"},"основное":{"_level":2,"parentID":"19cfc086-6927-4656-a8a6-47ec71a99d64","firstParentID":"545dc9fd-ced2-403e-8821-272978f6d63f","ID":"cd770eee-b14a-4144-869a-d4f8fd422a8d","childs":null,"emcosID":null,"emcosMLID":null,"codMaketTEP":null,"codTEP":null,"WSName":"DB","rangeAddress":"$EJ$396:$EJ$433","headAddress":"$EJ$396","bodyAddress":"$EJ$397:$EJ$433","_name":"основное"},"корректировка факт":{"_level":2,"parentID":"19cfc086-6927-4656-a8a6-47ec71a99d64","firstParentID":"545dc9fd-ced2-403e-8821-272978f6d63f","ID":"b4be70a2-d285-4358-a14c-3fa5b355998a","childs":null,"emcosID":null,"emcosMLID":null,"codMaketTEP":null,"codTEP":null,"WSName":"DB","rangeAddress":"$EK$396:$EK$433","headAddress":"$EK$396","bodyAddress":"$EK$397:$EK$433","_name":"корректировка факт"},"ручное":{"_level":2,"parentID":"19cfc086-6927-4656-a8a6-47ec71a99d64","firstParentID":"545dc9fd-ced2-403e-8821-272978f6d63f","ID":"c270bd67-a2c5-49eb-8834-a0c2c866adde","childs":null,"emcosID":null,"emcosMLID":null,"codMaketTEP":null,"codTEP":null,"WSName":"DB","rangeAddress":"$EL$396:$EL$433","headAddress":"$EL$396","bodyAddress":"$EL$397:$EL$433","_name":"ручное"},"формула":{"_level":2,"parentID":"19cfc086-6927-4656-a8a6-47ec71a99d64","firstParentID":"545dc9fd-ced2-403e-8821-272978f6d63f","ID":"07a5e242-1095-4b40-a151-63787424c046","childs":null,"emcosID":null,"emcosMLID":null,"codMaketTEP":null,"codTEP":null,"WSName":"DB","rangeAddress":"$EM$396:$EM$433","headAddress":"$EM$396","bodyAddress":"$EM$397:$EM$433","_name":"формула"},"по плану":{"_level":2,"parentID":"19cfc086-6927-4656-a8a6-47ec71a99d64","firstParentID":"545dc9fd-ced2-403e-8821-272978f6d63f","ID":"e2d53700-e49b-43cd-aed4-a1cc531e565a","childs":null,"emcosID":null,"emcosMLID":null,"codMaketTEP":null,"codTEP":null,"WSName":"DB","rangeAddress":"$EN$396:$EN$433","headAddress":"$EN$396","bodyAddress":"$EN$397:$EN$433","_name":"по плану"}},"emcosID":null,"emcosMLID":null,"codMaketTEP":null,"codTEP":null,"WSName":"DB","rangeAddress":"$EI$395:$EN$433","headAddress":"$EI$395:$EN$395","bodyAddress":"$EI$396:$EN$433","_name":"отдача"},"план":{"_level":1,"parentID":"b4fd4a55-b2d1-4db8-a224-8f7bdf2c2f5c","firstParentID":"545dc9fd-ced2-403e-8821-272978f6d63f","ID":"e75aeb5b-410b-4497-a9b5-04dd76bf574e","childs":{"код":{"_level":2,"parentID":"e75aeb5b-410b-4497-a9b5-04dd76bf574e","firstParentID":"545dc9fd-ced2-403e-8821-272978f6d63f","ID":"b98ce2e2-60a1-4e39-9530-be007260c16b","childs":null,"emcosID":null,"emcosMLID":null,"codMaketTEP":null,"codTEP":null,"WSName":"DB","rangeAddress":"$EO$396:$EO$433","headAddress":"$EO$396","bodyAddress":"$EO$397:$EO$433","_name":"код"},"основное":{"_level":2,"parentID":"e75aeb5b-410b-4497-a9b5-04dd76bf574e","firstParentID":"545dc9fd-ced2-403e-8821-272978f6d63f","ID":"b2cf4f42-c89d-4fb7-a4d5-5c0465d58346","childs":null,"emcosID":null,"emcosMLID":null,"codMaketTEP":null,"codTEP":null,"WSName":"DB","rangeAddress":"$EP$396:$EP$433","headAddress":"$EP$396","bodyAddress":"$EP$397:$EP$433","_name":"основное"},"заявка":{"_level":2,"parentID":"e75aeb5b-410b-4497-a9b5-04dd76bf574e","firstParentID":"545dc9fd-ced2-403e-8821-272978f6d63f","ID":"292dd2f8-ed1f-4773-b3af-c24071f013ee","childs":null,"emcosID":null,"emcosMLID":null,"codMaketTEP":null,"codTEP":null,"WSName":"DB","rangeAddress":"$EQ$396:$EQ$433","headAddress":"$EQ$396","bodyAddress":"$EQ$397:$EQ$433","_name":"заявка"},"утвержденный":{"_level":2,"parentID":"e75aeb5b-410b-4497-a9b5-04dd76bf574e","firstParentID":"545dc9fd-ced2-403e-8821-272978f6d63f","ID":"73d446e0-51ee-4d99-8476-595313e54436","childs":null,"emcosID":null,"emcosMLID":null,"codMaketTEP":null,"codTEP":null,"WSName":"DB","rangeAddress":"$ER$396:$ER$433","headAddress":"$ER$396","bodyAddress":"$ER$397:$ER$433","_name":"утвержденный"},"корректировка":{"_level":2,"parentID":"e75aeb5b-410b-4497-a9b5-04dd76bf574e","firstParentID":"545dc9fd-ced2-403e-8821-272978f6d63f","ID":"861ec50a-bc41-4651-acfe-cc4c87cda8ca","childs":null,"emcosID":null,"emcosMLID":null,"codMaketTEP":null,"codTEP":null,"WSName":"DB","rangeAddress":"$ES$396:$ES$433","headAddress":"$ES$396","bodyAddress":"$ES$397:$ES$433","_name":"корректировка"}},"emcosID":null,"emcosMLID":null,"codMaketTEP":null,"codTEP":null,"WSName":"DB","rangeAddress":"$EO$395:$ES$433","headAddress":"$EO$395:$ES$395","bodyAddress":"$EO$396:$ES$433","_name":"план"}},"emcosID":null,"emcosMLID":null,"codMaketTEP":null,"codTEP":null,"WSName":"DB","rangeAddress":"$EI$394:$ES$433","headAddress":"$EI$394:$ES$394","bodyAddress":"$EI$395:$ES$433","_name":"Генерация Mistral Energy СЭС Каскелен 50"}},"codPlan":99,"meterCoef":null,"_name":"Генерация Mistral Energy СЭС Каскелен 50"}