{"ID":"55e1f392-718b-4431-9bd5-03a78a5da82f","childs":{"PS":{"_level":0,"parentID":"55e1f392-718b-4431-9bd5-03a78a5da82f","firstParentID":"55e1f392-718b-4431-9bd5-03a78a5da82f","ID":"4f433830-6fd9-459c-ac9a-6707db3786b9","childs":{"отдача":{"_level":1,"parentID":"4f433830-6fd9-459c-ac9a-6707db3786b9","firstParentID":"55e1f392-718b-4431-9bd5-03a78a5da82f","ID":"e6a07727-570f-43f7-8f3f-5f5de368d12e","childs":{"по счетчику":{"_level":2,"parentID":"e6a07727-570f-43f7-8f3f-5f5de368d12e","firstParentID":"55e1f392-718b-4431-9bd5-03a78a5da82f","ID":"77d70aaf-ac52-4025-865c-2d1757cbe712","childs":null,"emcosID":null,"emcosMLID":null,"codMaketTEP":null,"codTEP":null,"WSName":"PS","rangeAddress":"$DK$99:$DK$135","headAddress":"$DK$99","bodyAddress":"$DK$100:$DK$135","_name":"по счетчику"},"СЧЕТЧИК":{"_level":2,"parentID":"e6a07727-570f-43f7-8f3f-5f5de368d12e","firstParentID":"55e1f392-718b-4431-9bd5-03a78a5da82f","ID":"b5eebfc7-ff8a-4c3c-8bec-07c562f2ae64","childs":null,"emcosID":null,"emcosMLID":null,"codMaketTEP":null,"codTEP":null,"WSName":"PS","rangeAddress":"$DL$99:$DL$135","headAddress":"$DL$99","bodyAddress":"$DL$100:$DL$135","_name":"СЧЕТЧИК"}},"emcosID":null,"emcosMLID":null,"codMaketTEP":null,"codTEP":null,"WSName":"PS","rangeAddress":"$DK$98:$DL$135","headAddress":"$DK$98:$DL$98","bodyAddress":"$DK$99:$DL$135","_name":"отдача"}},"emcosID":null,"emcosMLID":null,"codMaketTEP":null,"codTEP":null,"WSName":"PS","rangeAddress":"$DK$97:$DL$135","headAddress":"$DK$97:$DL$97","bodyAddress":"$DK$98:$DL$135","_name":"КЛ44 ПС152 Талдыкорган"},"DB":{"_level":0,"parentID":"55e1f392-718b-4431-9bd5-03a78a5da82f","firstParentID":"55e1f392-718b-4431-9bd5-03a78a5da82f","ID":"0669d10f-c054-4b2a-9cef-1dc99281cddd","childs":{"отдача":{"_level":1,"parentID":"0669d10f-c054-4b2a-9cef-1dc99281cddd","firstParentID":"55e1f392-718b-4431-9bd5-03a78a5da82f","ID":"d3896278-1b7b-4b84-8b52-7b58fced4b99","childs":{"код":{"_level":2,"parentID":"d3896278-1b7b-4b84-8b52-7b58fced4b99","firstParentID":"55e1f392-718b-4431-9bd5-03a78a5da82f","ID":"73559e66-3ace-45a5-911d-f370b631db85","childs":null,"emcosID":null,"emcosMLID":null,"codMaketTEP":null,"codTEP":null,"WSName":"DB","rangeAddress":"$GK$310:$GK$347","headAddress":"$GK$310","bodyAddress":"$GK$311:$GK$347","_name":"код"},"основное":{"_level":2,"parentID":"d3896278-1b7b-4b84-8b52-7b58fced4b99","firstParentID":"55e1f392-718b-4431-9bd5-03a78a5da82f","ID":"c31c09e6-0b5f-41c6-b93b-ea8273bbf32f","childs":null,"emcosID":null,"emcosMLID":null,"codMaketTEP":null,"codTEP":null,"WSName":"DB","rangeAddress":"$GL$310:$GL$347","headAddress":"$GL$310","bodyAddress":"$GL$311:$GL$347","_name":"основное"},"корректировка факт":{"_level":2,"parentID":"d3896278-1b7b-4b84-8b52-7b58fced4b99","firstParentID":"55e1f392-718b-4431-9bd5-03a78a5da82f","ID":"b70c75d8-2baf-4391-b0bf-8de5517cdee2","childs":null,"emcosID":null,"emcosMLID":null,"codMaketTEP":null,"codTEP":null,"WSName":"DB","rangeAddress":"$GM$310:$GM$347","headAddress":"$GM$310","bodyAddress":"$GM$311:$GM$347","_name":"корректировка факт"},"ручное":{"_level":2,"parentID":"d3896278-1b7b-4b84-8b52-7b58fced4b99","firstParentID":"55e1f392-718b-4431-9bd5-03a78a5da82f","ID":"e559eeb6-aa6d-4fb3-aa6c-35d74082473c","childs":null,"emcosID":null,"emcosMLID":null,"codMaketTEP":null,"codTEP":null,"WSName":"DB","rangeAddress":"$GN$310:$GN$347","headAddress":"$GN$310","bodyAddress":"$GN$311:$GN$347","_name":"ручное"},"оперативное":{"_level":2,"parentID":"d3896278-1b7b-4b84-8b52-7b58fced4b99","firstParentID":"55e1f392-718b-4431-9bd5-03a78a5da82f","ID":"ee2d97d6-65d2-467d-ba10-a77790620f33","childs":null,"emcosID":null,"emcosMLID":null,"codMaketTEP":null,"codTEP":null,"WSName":"DB","rangeAddress":"$GO$310:$GO$347","headAddress":"$GO$310","bodyAddress":"$GO$311:$GO$347","_name":"оперативное"},"счетчик":{"_level":2,"parentID":"d3896278-1b7b-4b84-8b52-7b58fced4b99","firstParentID":"55e1f392-718b-4431-9bd5-03a78a5da82f","ID":"50928da7-d9e1-43ea-8afd-0801db99d421","childs":null,"emcosID":null,"emcosMLID":null,"codMaketTEP":null,"codTEP":null,"WSName":"DB","rangeAddress":"$GP$310:$GP$347","headAddress":"$GP$310","bodyAddress":"$GP$311:$GP$347","_name":"счетчик"},"по счетчику":{"_level":2,"parentID":"d3896278-1b7b-4b84-8b52-7b58fced4b99","firstParentID":"55e1f392-718b-4431-9bd5-03a78a5da82f","ID":"694832dd-1c7a-4a1d-af5f-014c312122f5","childs":null,"emcosID":null,"emcosMLID":null,"codMaketTEP":null,"codTEP":null,"WSName":"DB","rangeAddress":"$GQ$310:$GQ$347","headAddress":"$GQ$310","bodyAddress":"$GQ$311:$GQ$347","_name":"по счетчику"}},"emcosID":null,"emcosMLID":null,"codMaketTEP":null,"codTEP":null,"WSName":"DB","rangeAddress":"$GK$309:$GQ$347","headAddress":"$GK$309:$GQ$309","bodyAddress":"$GK$310:$GQ$347","_name":"отдача"}},"emcosID":null,"emcosMLID":null,"codMaketTEP":null,"codTEP":null,"WSName":"DB","rangeAddress":"$GK$308:$GQ$347","headAddress":"$GK$308:$GQ$308","bodyAddress":"$GK$309:$GQ$347","_name":"КЛ44 ПС152 Талдыкорган"}},"codPlan":null,"meterCoef":"4","_name":"КЛ44 ПС152 Талдыкорган"}