{"ID":"6344968c-25fc-45ce-a8d9-1387a16cb16a","childs":{"PS":{"_level":0,"parentID":"6344968c-25fc-45ce-a8d9-1387a16cb16a","firstParentID":"6344968c-25fc-45ce-a8d9-1387a16cb16a","ID":"e7d904dd-24af-41ba-bf21-6163c52cb264","childs":{"прием":{"_level":1,"parentID":"e7d904dd-24af-41ba-bf21-6163c52cb264","firstParentID":"6344968c-25fc-45ce-a8d9-1387a16cb16a","ID":"95a6ab6f-f2d6-4159-b2de-1c3014defd94","childs":{"формула":{"_level":2,"parentID":"95a6ab6f-f2d6-4159-b2de-1c3014defd94","firstParentID":"6344968c-25fc-45ce-a8d9-1387a16cb16a","ID":"c75c0dca-6b5a-460d-8360-295682945ee9","childs":null,"emcosID":null,"emcosMLID":null,"codMaketTEP":null,"codTEP":null,"WSName":"PS","rangeAddress":"$J$185:$J$221","headAddress":"$J$185","bodyAddress":"$J$186:$J$221","_name":"формула"}},"emcosID":null,"emcosMLID":null,"codMaketTEP":1382,"codTEP":null,"WSName":"PS","rangeAddress":"$J$184:$J$221","headAddress":"$J$184","bodyAddress":"$J$185:$J$221","_name":"прием"},"план":{"_level":1,"parentID":"e7d904dd-24af-41ba-bf21-6163c52cb264","firstParentID":"6344968c-25fc-45ce-a8d9-1387a16cb16a","ID":"7f2b1c32-38fa-473a-96a4-ae38ffcb8e05","childs":{"заявка":{"_level":2,"parentID":"7f2b1c32-38fa-473a-96a4-ae38ffcb8e05","firstParentID":"6344968c-25fc-45ce-a8d9-1387a16cb16a","ID":"38bb07ea-26e6-43b1-b855-8232b8d00aad","childs":null,"emcosID":null,"emcosMLID":null,"codMaketTEP":null,"codTEP":null,"WSName":"PS","rangeAddress":"$K$185:$K$221","headAddress":"$K$185","bodyAddress":"$K$186:$K$221","_name":"заявка"}},"emcosID":null,"emcosMLID":null,"codMaketTEP":null,"codTEP":null,"WSName":"PS","rangeAddress":"$K$184:$K$221","headAddress":"$K$184","bodyAddress":"$K$185:$K$221","_name":"план"}},"emcosID":null,"emcosMLID":null,"codMaketTEP":null,"codTEP":null,"WSName":"PS","rangeAddress":"$J$183:$K$221","headAddress":"$J$183:$K$183","bodyAddress":"$J$184:$K$221","_name":"Потребление АБ Энерго Алматы"},"DB":{"_level":0,"parentID":"6344968c-25fc-45ce-a8d9-1387a16cb16a","firstParentID":"6344968c-25fc-45ce-a8d9-1387a16cb16a","ID":"d46cc729-c7a6-419d-9a98-d9e12765ef68","childs":{"прием":{"_level":1,"parentID":"d46cc729-c7a6-419d-9a98-d9e12765ef68","firstParentID":"6344968c-25fc-45ce-a8d9-1387a16cb16a","ID":"769ceabc-c817-4b03-bd02-877b00e1cb4e","childs":{"код":{"_level":2,"parentID":"769ceabc-c817-4b03-bd02-877b00e1cb4e","firstParentID":"6344968c-25fc-45ce-a8d9-1387a16cb16a","ID":"3aed7e1e-59d8-4e02-be24-1a13ac4044e2","childs":null,"emcosID":null,"emcosMLID":null,"codMaketTEP":null,"codTEP":null,"WSName":"DB","rangeAddress":"$FH$353:$FH$390","headAddress":"$FH$353","bodyAddress":"$FH$354:$FH$390","_name":"код"},"основное":{"_level":2,"parentID":"769ceabc-c817-4b03-bd02-877b00e1cb4e","firstParentID":"6344968c-25fc-45ce-a8d9-1387a16cb16a","ID":"c74d5913-ec59-45fb-84bf-fd11e166137f","childs":null,"emcosID":null,"emcosMLID":null,"codMaketTEP":null,"codTEP":null,"WSName":"DB","rangeAddress":"$FI$353:$FI$390","headAddress":"$FI$353","bodyAddress":"$FI$354:$FI$390","_name":"основное"},"корректировка факт":{"_level":2,"parentID":"769ceabc-c817-4b03-bd02-877b00e1cb4e","firstParentID":"6344968c-25fc-45ce-a8d9-1387a16cb16a","ID":"85c2a6a1-c63e-40f9-bbf2-94828ce36001","childs":null,"emcosID":null,"emcosMLID":null,"codMaketTEP":null,"codTEP":null,"WSName":"DB","rangeAddress":"$FJ$353:$FJ$390","headAddress":"$FJ$353","bodyAddress":"$FJ$354:$FJ$390","_name":"корректировка факт"},"ручное":{"_level":2,"parentID":"769ceabc-c817-4b03-bd02-877b00e1cb4e","firstParentID":"6344968c-25fc-45ce-a8d9-1387a16cb16a","ID":"2a0aa193-e482-4432-8032-9f3f8e7cb160","childs":null,"emcosID":null,"emcosMLID":null,"codMaketTEP":null,"codTEP":null,"WSName":"DB","rangeAddress":"$FK$353:$FK$390","headAddress":"$FK$353","bodyAddress":"$FK$354:$FK$390","_name":"ручное"},"формула":{"_level":2,"parentID":"769ceabc-c817-4b03-bd02-877b00e1cb4e","firstParentID":"6344968c-25fc-45ce-a8d9-1387a16cb16a","ID":"866903f9-92e5-41fc-9f52-55741fc7f09d","childs":null,"emcosID":null,"emcosMLID":null,"codMaketTEP":null,"codTEP":null,"WSName":"DB","rangeAddress":"$FL$353:$FL$390","headAddress":"$FL$353","bodyAddress":"$FL$354:$FL$390","_name":"формула"},"по плану":{"_level":2,"parentID":"769ceabc-c817-4b03-bd02-877b00e1cb4e","firstParentID":"6344968c-25fc-45ce-a8d9-1387a16cb16a","ID":"f22aa2b4-13c1-41dc-a0b8-c26d1a19aee5","childs":null,"emcosID":null,"emcosMLID":null,"codMaketTEP":null,"codTEP":null,"WSName":"DB","rangeAddress":"$FM$353:$FM$390","headAddress":"$FM$353","bodyAddress":"$FM$354:$FM$390","_name":"по плану"}},"emcosID":null,"emcosMLID":null,"codMaketTEP":null,"codTEP":null,"WSName":"DB","rangeAddress":"$FH$352:$FM$390","headAddress":"$FH$352:$FM$352","bodyAddress":"$FH$353:$FM$390","_name":"прием"},"план":{"_level":1,"parentID":"d46cc729-c7a6-419d-9a98-d9e12765ef68","firstParentID":"6344968c-25fc-45ce-a8d9-1387a16cb16a","ID":"6ea4cf57-d01a-426d-a0e1-d8815de33cad","childs":{"код":{"_level":2,"parentID":"6ea4cf57-d01a-426d-a0e1-d8815de33cad","firstParentID":"6344968c-25fc-45ce-a8d9-1387a16cb16a","ID":"11b31ad3-1d10-465b-bc23-31dfadf17aa9","childs":null,"emcosID":null,"emcosMLID":null,"codMaketTEP":null,"codTEP":null,"WSName":"DB","rangeAddress":"$FN$353:$FN$390","headAddress":"$FN$353","bodyAddress":"$FN$354:$FN$390","_name":"код"},"основное":{"_level":2,"parentID":"6ea4cf57-d01a-426d-a0e1-d8815de33cad","firstParentID":"6344968c-25fc-45ce-a8d9-1387a16cb16a","ID":"1e726ca6-e8c6-4b57-b1d7-bbef3a2ec73d","childs":null,"emcosID":null,"emcosMLID":null,"codMaketTEP":null,"codTEP":null,"WSName":"DB","rangeAddress":"$FO$353:$FO$390","headAddress":"$FO$353","bodyAddress":"$FO$354:$FO$390","_name":"основное"},"заявка":{"_level":2,"parentID":"6ea4cf57-d01a-426d-a0e1-d8815de33cad","firstParentID":"6344968c-25fc-45ce-a8d9-1387a16cb16a","ID":"dc94f8ce-0b5e-443c-bde0-188cda78f397","childs":null,"emcosID":null,"emcosMLID":null,"codMaketTEP":null,"codTEP":null,"WSName":"DB","rangeAddress":"$FP$353:$FP$390","headAddress":"$FP$353","bodyAddress":"$FP$354:$FP$390","_name":"заявка"},"утвержденный":{"_level":2,"parentID":"6ea4cf57-d01a-426d-a0e1-d8815de33cad","firstParentID":"6344968c-25fc-45ce-a8d9-1387a16cb16a","ID":"d2ca4682-5894-4d38-8373-8daccb80eff9","childs":null,"emcosID":null,"emcosMLID":null,"codMaketTEP":null,"codTEP":null,"WSName":"DB","rangeAddress":"$FQ$353:$FQ$390","headAddress":"$FQ$353","bodyAddress":"$FQ$354:$FQ$390","_name":"утвержденный"},"корректировка":{"_level":2,"parentID":"6ea4cf57-d01a-426d-a0e1-d8815de33cad","firstParentID":"6344968c-25fc-45ce-a8d9-1387a16cb16a","ID":"aae48825-5568-4292-b786-2f1a75d259c7","childs":null,"emcosID":null,"emcosMLID":null,"codMaketTEP":null,"codTEP":null,"WSName":"DB","rangeAddress":"$FR$353:$FR$390","headAddress":"$FR$353","bodyAddress":"$FR$354:$FR$390","_name":"корректировка"}},"emcosID":null,"emcosMLID":null,"codMaketTEP":null,"codTEP":null,"WSName":"DB","rangeAddress":"$FN$352:$FR$390","headAddress":"$FN$352:$FR$352","bodyAddress":"$FN$353:$FR$390","_name":"план"}},"emcosID":null,"emcosMLID":null,"codMaketTEP":null,"codTEP":null,"WSName":"DB","rangeAddress":"$FH$351:$FR$390","headAddress":"$FH$351:$FR$351","bodyAddress":"$FH$352:$FR$390","_name":"Потребление АБ Энерго Алматы"}},"codPlan":60,"meterCoef":null,"_name":"Потребление АБ Энерго Алматы"}