{"ID":"67ed745c-86a6-4437-bb0f-46dabcc17325","childs":{"PS":{"_level":0,"parentID":"67ed745c-86a6-4437-bb0f-46dabcc17325","firstParentID":"67ed745c-86a6-4437-bb0f-46dabcc17325","ID":"33ebef0b-0019-41a2-a463-9ae3a6679197","childs":{"прием":{"_level":1,"parentID":"33ebef0b-0019-41a2-a463-9ae3a6679197","firstParentID":"67ed745c-86a6-4437-bb0f-46dabcc17325","ID":"f0202ca5-069b-4ccd-b362-013638afdd8a","childs":{"по счетчику":{"_level":2,"parentID":"f0202ca5-069b-4ccd-b362-013638afdd8a","firstParentID":"67ed745c-86a6-4437-bb0f-46dabcc17325","ID":"29907e9b-6bb5-4e9f-ae59-768bb758a9aa","childs":null,"emcosID":null,"emcosMLID":null,"codMaketTEP":null,"codTEP":null,"WSName":"PS","rangeAddress":"$EE$99:$EE$135","headAddress":"$EE$99","bodyAddress":"$EE$100:$EE$135","_name":"по счетчику"},"СЧЕТЧИК":{"_level":2,"parentID":"f0202ca5-069b-4ccd-b362-013638afdd8a","firstParentID":"67ed745c-86a6-4437-bb0f-46dabcc17325","ID":"cbb2820e-f20e-4428-89a4-3c0619bb842b","childs":null,"emcosID":null,"emcosMLID":null,"codMaketTEP":null,"codTEP":null,"WSName":"PS","rangeAddress":"$EF$99:$EF$135","headAddress":"$EF$99","bodyAddress":"$EF$100:$EF$135","_name":"СЧЕТЧИК"}},"emcosID":null,"emcosMLID":null,"codMaketTEP":null,"codTEP":null,"WSName":"PS","rangeAddress":"$EE$98:$EF$135","headAddress":"$EE$98:$EF$98","bodyAddress":"$EE$99:$EF$135","_name":"прием"},"отдача":{"_level":1,"parentID":"33ebef0b-0019-41a2-a463-9ae3a6679197","firstParentID":"67ed745c-86a6-4437-bb0f-46dabcc17325","ID":"6cfb83ba-b9d4-4966-b45e-6e9186d9f806","childs":{"по счетчику":{"_level":2,"parentID":"6cfb83ba-b9d4-4966-b45e-6e9186d9f806","firstParentID":"67ed745c-86a6-4437-bb0f-46dabcc17325","ID":"3b6f73b1-5348-4257-a300-fcadf356d9ef","childs":null,"emcosID":null,"emcosMLID":null,"codMaketTEP":null,"codTEP":null,"WSName":"PS","rangeAddress":"$EG$99:$EG$135","headAddress":"$EG$99","bodyAddress":"$EG$100:$EG$135","_name":"по счетчику"},"СЧЕТЧИК":{"_level":2,"parentID":"6cfb83ba-b9d4-4966-b45e-6e9186d9f806","firstParentID":"67ed745c-86a6-4437-bb0f-46dabcc17325","ID":"25fcc10c-580d-4630-8a4f-a164392d3899","childs":null,"emcosID":null,"emcosMLID":null,"codMaketTEP":null,"codTEP":null,"WSName":"PS","rangeAddress":"$EH$99:$EH$135","headAddress":"$EH$99","bodyAddress":"$EH$100:$EH$135","_name":"СЧЕТЧИК"}},"emcosID":null,"emcosMLID":null,"codMaketTEP":null,"codTEP":null,"WSName":"PS","rangeAddress":"$EG$98:$EH$135","headAddress":"$EG$98:$EH$98","bodyAddress":"$EG$99:$EH$135","_name":"отдача"}},"emcosID":null,"emcosMLID":null,"codMaketTEP":null,"codTEP":null,"WSName":"PS","rangeAddress":"$EE$97:$EH$135","headAddress":"$EE$97:$EH$97","bodyAddress":"$EE$98:$EH$135","_name":"АТ1 110 ПС152 Талдыкорган"},"DB":{"_level":0,"parentID":"67ed745c-86a6-4437-bb0f-46dabcc17325","firstParentID":"67ed745c-86a6-4437-bb0f-46dabcc17325","ID":"f6c49b53-e211-4721-9f16-571c30055924","childs":{"прием":{"_level":1,"parentID":"f6c49b53-e211-4721-9f16-571c30055924","firstParentID":"67ed745c-86a6-4437-bb0f-46dabcc17325","ID":"fb1f08fc-1bef-489a-a17c-c8d229a75961","childs":{"код":{"_level":2,"parentID":"fb1f08fc-1bef-489a-a17c-c8d229a75961","firstParentID":"67ed745c-86a6-4437-bb0f-46dabcc17325","ID":"8ebaa50e-800b-4ff8-b50e-980e6617b383","childs":null,"emcosID":null,"emcosMLID":null,"codMaketTEP":null,"codTEP":null,"WSName":"DB","rangeAddress":"$AQ$482:$AQ$519","headAddress":"$AQ$482","bodyAddress":"$AQ$483:$AQ$519","_name":"код"},"основное":{"_level":2,"parentID":"fb1f08fc-1bef-489a-a17c-c8d229a75961","firstParentID":"67ed745c-86a6-4437-bb0f-46dabcc17325","ID":"f8855992-cf46-4432-be9a-df4d13c1a059","childs":null,"emcosID":null,"emcosMLID":null,"codMaketTEP":null,"codTEP":null,"WSName":"DB","rangeAddress":"$AR$482:$AR$519","headAddress":"$AR$482","bodyAddress":"$AR$483:$AR$519","_name":"основное"},"корректировка факт":{"_level":2,"parentID":"fb1f08fc-1bef-489a-a17c-c8d229a75961","firstParentID":"67ed745c-86a6-4437-bb0f-46dabcc17325","ID":"aab466df-f00d-4122-9758-704a1b248836","childs":null,"emcosID":null,"emcosMLID":null,"codMaketTEP":null,"codTEP":null,"WSName":"DB","rangeAddress":"$AS$482:$AS$519","headAddress":"$AS$482","bodyAddress":"$AS$483:$AS$519","_name":"корректировка факт"},"ручное":{"_level":2,"parentID":"fb1f08fc-1bef-489a-a17c-c8d229a75961","firstParentID":"67ed745c-86a6-4437-bb0f-46dabcc17325","ID":"647a67c0-41fc-475b-b276-b41e3dc9b96a","childs":null,"emcosID":null,"emcosMLID":null,"codMaketTEP":null,"codTEP":null,"WSName":"DB","rangeAddress":"$AT$482:$AT$519","headAddress":"$AT$482","bodyAddress":"$AT$483:$AT$519","_name":"ручное"},"счетчик":{"_level":2,"parentID":"fb1f08fc-1bef-489a-a17c-c8d229a75961","firstParentID":"67ed745c-86a6-4437-bb0f-46dabcc17325","ID":"796e63cc-12c4-45c0-85db-aa5207713b10","childs":null,"emcosID":null,"emcosMLID":null,"codMaketTEP":null,"codTEP":null,"WSName":"DB","rangeAddress":"$AU$482:$AU$519","headAddress":"$AU$482","bodyAddress":"$AU$483:$AU$519","_name":"счетчик"},"по счетчику":{"_level":2,"parentID":"fb1f08fc-1bef-489a-a17c-c8d229a75961","firstParentID":"67ed745c-86a6-4437-bb0f-46dabcc17325","ID":"cf7eb9f2-c0fe-463e-a700-cb69bb1d03cc","childs":null,"emcosID":null,"emcosMLID":null,"codMaketTEP":null,"codTEP":null,"WSName":"DB","rangeAddress":"$AV$482:$AV$519","headAddress":"$AV$482","bodyAddress":"$AV$483:$AV$519","_name":"по счетчику"}},"emcosID":null,"emcosMLID":null,"codMaketTEP":null,"codTEP":null,"WSName":"DB","rangeAddress":"$AQ$481:$AV$519","headAddress":"$AQ$481:$AV$481","bodyAddress":"$AQ$482:$AV$519","_name":"прием"},"отдача":{"_level":1,"parentID":"f6c49b53-e211-4721-9f16-571c30055924","firstParentID":"67ed745c-86a6-4437-bb0f-46dabcc17325","ID":"eb22847c-7892-4482-9c03-f3bf5fbb3e06","childs":{"код":{"_level":2,"parentID":"eb22847c-7892-4482-9c03-f3bf5fbb3e06","firstParentID":"67ed745c-86a6-4437-bb0f-46dabcc17325","ID":"e33fe19d-a922-4952-8a5e-69c0083b848a","childs":null,"emcosID":null,"emcosMLID":null,"codMaketTEP":null,"codTEP":null,"WSName":"DB","rangeAddress":"$AW$482:$AW$519","headAddress":"$AW$482","bodyAddress":"$AW$483:$AW$519","_name":"код"},"основное":{"_level":2,"parentID":"eb22847c-7892-4482-9c03-f3bf5fbb3e06","firstParentID":"67ed745c-86a6-4437-bb0f-46dabcc17325","ID":"79f4509b-aab1-4627-930a-fcdc0ebfb17c","childs":null,"emcosID":null,"emcosMLID":null,"codMaketTEP":null,"codTEP":null,"WSName":"DB","rangeAddress":"$AX$482:$AX$519","headAddress":"$AX$482","bodyAddress":"$AX$483:$AX$519","_name":"основное"},"корректировка факт":{"_level":2,"parentID":"eb22847c-7892-4482-9c03-f3bf5fbb3e06","firstParentID":"67ed745c-86a6-4437-bb0f-46dabcc17325","ID":"a28913f2-6758-4aa8-b789-2092736b3b75","childs":null,"emcosID":null,"emcosMLID":null,"codMaketTEP":null,"codTEP":null,"WSName":"DB","rangeAddress":"$AY$482:$AY$519","headAddress":"$AY$482","bodyAddress":"$AY$483:$AY$519","_name":"корректировка факт"},"ручное":{"_level":2,"parentID":"eb22847c-7892-4482-9c03-f3bf5fbb3e06","firstParentID":"67ed745c-86a6-4437-bb0f-46dabcc17325","ID":"6192391a-6a78-4faa-b68b-5abd01dca5cb","childs":null,"emcosID":null,"emcosMLID":null,"codMaketTEP":null,"codTEP":null,"WSName":"DB","rangeAddress":"$AZ$482:$AZ$519","headAddress":"$AZ$482","bodyAddress":"$AZ$483:$AZ$519","_name":"ручное"},"счетчик":{"_level":2,"parentID":"eb22847c-7892-4482-9c03-f3bf5fbb3e06","firstParentID":"67ed745c-86a6-4437-bb0f-46dabcc17325","ID":"5b76cb89-be8b-4680-a371-b5fd1e738b2c","childs":null,"emcosID":null,"emcosMLID":null,"codMaketTEP":null,"codTEP":null,"WSName":"DB","rangeAddress":"$BA$482:$BA$519","headAddress":"$BA$482","bodyAddress":"$BA$483:$BA$519","_name":"счетчик"},"по счетчику":{"_level":2,"parentID":"eb22847c-7892-4482-9c03-f3bf5fbb3e06","firstParentID":"67ed745c-86a6-4437-bb0f-46dabcc17325","ID":"794ce7cd-cd56-4444-863c-7e1b9dd5b5af","childs":null,"emcosID":null,"emcosMLID":null,"codMaketTEP":null,"codTEP":null,"WSName":"DB","rangeAddress":"$BB$482:$BB$519","headAddress":"$BB$482","bodyAddress":"$BB$483:$BB$519","_name":"по счетчику"}},"emcosID":null,"emcosMLID":null,"codMaketTEP":null,"codTEP":null,"WSName":"DB","rangeAddress":"$AW$481:$BB$519","headAddress":"$AW$481:$BB$481","bodyAddress":"$AW$482:$BB$519","_name":"отдача"}},"emcosID":null,"emcosMLID":null,"codMaketTEP":null,"codTEP":null,"WSName":"DB","rangeAddress":"$AQ$480:$BB$519","headAddress":"$AQ$480:$BB$480","bodyAddress":"$AQ$481:$BB$519","_name":"АТ1 110 ПС152 Талдыкорган"}},"codPlan":null,"meterCoef":"132","_name":"АТ1 110 ПС152 Талдыкорган"}