{"ID":"6b82d644-8c98-4975-95e8-9c70d9f60dc5","childs":{"PS":{"_level":0,"parentID":"6b82d644-8c98-4975-95e8-9c70d9f60dc5","firstParentID":"6b82d644-8c98-4975-95e8-9c70d9f60dc5","ID":"15ed2a12-b33e-4012-a9a3-13c2c2a5dac9","childs":{"прием":{"_level":1,"parentID":"15ed2a12-b33e-4012-a9a3-13c2c2a5dac9","firstParentID":"6b82d644-8c98-4975-95e8-9c70d9f60dc5","ID":"89192f7a-456e-4e0b-a188-fb853505370a","childs":{"формула":{"_level":2,"parentID":"89192f7a-456e-4e0b-a188-fb853505370a","firstParentID":"6b82d644-8c98-4975-95e8-9c70d9f60dc5","ID":"2263fd64-bf3d-45db-83ca-a6e2b509398a","childs":null,"emcosID":null,"emcosMLID":null,"codMaketTEP":null,"codTEP":null,"WSName":"PS","rangeAddress":"$T$185:$T$221","headAddress":"$T$185","bodyAddress":"$T$186:$T$221","_name":"формула"}},"emcosID":null,"emcosMLID":null,"codMaketTEP":1386,"codTEP":null,"WSName":"PS","rangeAddress":"$T$184:$T$221","headAddress":"$T$184","bodyAddress":"$T$185:$T$221","_name":"прием"}},"emcosID":null,"emcosMLID":null,"codMaketTEP":null,"codTEP":null,"WSName":"PS","rangeAddress":"$T$183:$T$221","headAddress":"$T$183","bodyAddress":"$T$184:$T$221","_name":"Грузовые перевозки КТЖ Алматы"},"DB":{"_level":0,"parentID":"6b82d644-8c98-4975-95e8-9c70d9f60dc5","firstParentID":"6b82d644-8c98-4975-95e8-9c70d9f60dc5","ID":"d7f4a62f-bbdb-4169-b392-35b8e7eb48e1","childs":{"прием":{"_level":1,"parentID":"d7f4a62f-bbdb-4169-b392-35b8e7eb48e1","firstParentID":"6b82d644-8c98-4975-95e8-9c70d9f60dc5","ID":"ce96b6e2-6782-4e3e-832c-9f57a27fb752","childs":{"код":{"_level":2,"parentID":"ce96b6e2-6782-4e3e-832c-9f57a27fb752","firstParentID":"6b82d644-8c98-4975-95e8-9c70d9f60dc5","ID":"0f451208-7c42-40b4-aad0-946b95514ab2","childs":null,"emcosID":null,"emcosMLID":null,"codMaketTEP":null,"codTEP":null,"WSName":"DB","rangeAddress":"$CM$396:$CM$433","headAddress":"$CM$396","bodyAddress":"$CM$397:$CM$433","_name":"код"},"основное":{"_level":2,"parentID":"ce96b6e2-6782-4e3e-832c-9f57a27fb752","firstParentID":"6b82d644-8c98-4975-95e8-9c70d9f60dc5","ID":"a08c0369-2b74-4229-97c6-ee238eeb63fe","childs":null,"emcosID":null,"emcosMLID":null,"codMaketTEP":null,"codTEP":null,"WSName":"DB","rangeAddress":"$CN$396:$CN$433","headAddress":"$CN$396","bodyAddress":"$CN$397:$CN$433","_name":"основное"},"корректировка факт":{"_level":2,"parentID":"ce96b6e2-6782-4e3e-832c-9f57a27fb752","firstParentID":"6b82d644-8c98-4975-95e8-9c70d9f60dc5","ID":"de4f2999-eaf4-4eee-895f-7bf135d05215","childs":null,"emcosID":null,"emcosMLID":null,"codMaketTEP":null,"codTEP":null,"WSName":"DB","rangeAddress":"$CO$396:$CO$433","headAddress":"$CO$396","bodyAddress":"$CO$397:$CO$433","_name":"корректировка факт"},"ручное":{"_level":2,"parentID":"ce96b6e2-6782-4e3e-832c-9f57a27fb752","firstParentID":"6b82d644-8c98-4975-95e8-9c70d9f60dc5","ID":"ce33f475-5d24-45f3-b596-d1a30c11b6a0","childs":null,"emcosID":null,"emcosMLID":null,"codMaketTEP":null,"codTEP":null,"WSName":"DB","rangeAddress":"$CP$396:$CP$433","headAddress":"$CP$396","bodyAddress":"$CP$397:$CP$433","_name":"ручное"},"формула":{"_level":2,"parentID":"ce96b6e2-6782-4e3e-832c-9f57a27fb752","firstParentID":"6b82d644-8c98-4975-95e8-9c70d9f60dc5","ID":"bd20ffec-7c49-4b78-a406-797a53cfc4ba","childs":null,"emcosID":null,"emcosMLID":null,"codMaketTEP":null,"codTEP":null,"WSName":"DB","rangeAddress":"$CQ$396:$CQ$433","headAddress":"$CQ$396","bodyAddress":"$CQ$397:$CQ$433","_name":"формула"}},"emcosID":null,"emcosMLID":null,"codMaketTEP":null,"codTEP":null,"WSName":"DB","rangeAddress":"$CM$395:$CQ$433","headAddress":"$CM$395:$CQ$395","bodyAddress":"$CM$396:$CQ$433","_name":"прием"}},"emcosID":null,"emcosMLID":null,"codMaketTEP":null,"codTEP":null,"WSName":"DB","rangeAddress":"$CM$394:$CQ$433","headAddress":"$CM$394:$CQ$394","bodyAddress":"$CM$395:$CQ$433","_name":"Грузовые перевозки КТЖ Алматы"}},"codPlan":null,"meterCoef":null,"_name":"Грузовые перевозки КТЖ Алматы"}