{"ID":"72af8d55-13a7-4d35-8388-334982ffaad7","childs":{"PS":{"_level":0,"parentID":"72af8d55-13a7-4d35-8388-334982ffaad7","firstParentID":"72af8d55-13a7-4d35-8388-334982ffaad7","ID":"c33bccff-bd68-43ab-8314-1751b501ce3a","childs":{"прием":{"_level":1,"parentID":"c33bccff-bd68-43ab-8314-1751b501ce3a","firstParentID":"72af8d55-13a7-4d35-8388-334982ffaad7","ID":"ccaec419-6899-449b-aa18-a72649de50cf","childs":{"оперативное":{"_level":2,"parentID":"ccaec419-6899-449b-aa18-a72649de50cf","firstParentID":"72af8d55-13a7-4d35-8388-334982ffaad7","ID":"ca9b412a-8b1c-4103-bffa-318feba5fff7","childs":null,"emcosID":null,"emcosMLID":null,"codMaketTEP":null,"codTEP":null,"WSName":"PS","rangeAddress":"$EY$56:$EY$92","headAddress":"$EY$56","bodyAddress":"$EY$57:$EY$92","_name":"оперативное"},"ПО СЧЕТЧИКУ":{"_level":2,"parentID":"ccaec419-6899-449b-aa18-a72649de50cf","firstParentID":"72af8d55-13a7-4d35-8388-334982ffaad7","ID":"05c3b5c0-6831-4bb9-ba9e-713f25d3ab0a","childs":null,"emcosID":null,"emcosMLID":null,"codMaketTEP":null,"codTEP":null,"WSName":"PS","rangeAddress":"$EZ$56:$EZ$92","headAddress":"$EZ$56","bodyAddress":"$EZ$57:$EZ$92","_name":"ПО СЧЕТЧИКУ"}},"emcosID":null,"emcosMLID":null,"codMaketTEP":null,"codTEP":null,"WSName":"PS","rangeAddress":"$EY$55:$EZ$92","headAddress":"$EY$55:$EZ$55","bodyAddress":"$EY$56:$EZ$92","_name":"прием"},"отдача":{"_level":1,"parentID":"c33bccff-bd68-43ab-8314-1751b501ce3a","firstParentID":"72af8d55-13a7-4d35-8388-334982ffaad7","ID":"48ec9776-c8f6-40a1-a8b1-cd781ef5b5b0","childs":{"оперативное":{"_level":2,"parentID":"48ec9776-c8f6-40a1-a8b1-cd781ef5b5b0","firstParentID":"72af8d55-13a7-4d35-8388-334982ffaad7","ID":"0578b9b5-8ee5-410e-b4e0-48246e53ee40","childs":null,"emcosID":null,"emcosMLID":null,"codMaketTEP":null,"codTEP":null,"WSName":"PS","rangeAddress":"$FA$56:$FA$92","headAddress":"$FA$56","bodyAddress":"$FA$57:$FA$92","_name":"оперативное"},"ПО СЧЕТЧИКУ":{"_level":2,"parentID":"48ec9776-c8f6-40a1-a8b1-cd781ef5b5b0","firstParentID":"72af8d55-13a7-4d35-8388-334982ffaad7","ID":"f9e23664-a266-44ec-b764-101b80a2783b","childs":null,"emcosID":null,"emcosMLID":null,"codMaketTEP":null,"codTEP":null,"WSName":"PS","rangeAddress":"$FB$56:$FB$92","headAddress":"$FB$56","bodyAddress":"$FB$57:$FB$92","_name":"ПО СЧЕТЧИКУ"}},"emcosID":null,"emcosMLID":null,"codMaketTEP":null,"codTEP":null,"WSName":"PS","rangeAddress":"$FA$55:$FB$92","headAddress":"$FA$55:$FB$55","bodyAddress":"$FA$56:$FB$92","_name":"отдача"}},"emcosID":null,"emcosMLID":null,"codMaketTEP":null,"codTEP":null,"WSName":"PS","rangeAddress":"$EY$54:$FB$92","headAddress":"$EY$54:$FB$54","bodyAddress":"$EY$55:$FB$92","_name":"Л2413 Алма"},"DB":{"_level":0,"parentID":"72af8d55-13a7-4d35-8388-334982ffaad7","firstParentID":"72af8d55-13a7-4d35-8388-334982ffaad7","ID":"95d69fa3-6861-4bc0-ad59-9007a0365b66","childs":{"прием":{"_level":1,"parentID":"95d69fa3-6861-4bc0-ad59-9007a0365b66","firstParentID":"72af8d55-13a7-4d35-8388-334982ffaad7","ID":"2b8ea032-873a-49e5-9e76-a4dc4592b6d7","childs":{"код":{"_level":2,"parentID":"2b8ea032-873a-49e5-9e76-a4dc4592b6d7","firstParentID":"72af8d55-13a7-4d35-8388-334982ffaad7","ID":"55b92725-def3-4a91-a91a-5e1b4255076e","childs":null,"emcosID":null,"emcosMLID":null,"codMaketTEP":null,"codTEP":null,"WSName":"DB","rangeAddress":"$GP$52:$GP$89","headAddress":"$GP$52","bodyAddress":"$GP$53:$GP$89","_name":"код"},"основное":{"_level":2,"parentID":"2b8ea032-873a-49e5-9e76-a4dc4592b6d7","firstParentID":"72af8d55-13a7-4d35-8388-334982ffaad7","ID":"2f4f6552-606e-49a2-87fe-b54ff8fe39b3","childs":null,"emcosID":null,"emcosMLID":null,"codMaketTEP":null,"codTEP":null,"WSName":"DB","rangeAddress":"$GQ$52:$GQ$89","headAddress":"$GQ$52","bodyAddress":"$GQ$53:$GQ$89","_name":"основное"},"корректировка факт":{"_level":2,"parentID":"2b8ea032-873a-49e5-9e76-a4dc4592b6d7","firstParentID":"72af8d55-13a7-4d35-8388-334982ffaad7","ID":"0ee37434-56a2-402f-9ac2-16337bd39045","childs":null,"emcosID":null,"emcosMLID":null,"codMaketTEP":null,"codTEP":null,"WSName":"DB","rangeAddress":"$GR$52:$GR$89","headAddress":"$GR$52","bodyAddress":"$GR$53:$GR$89","_name":"корректировка факт"},"ручное":{"_level":2,"parentID":"2b8ea032-873a-49e5-9e76-a4dc4592b6d7","firstParentID":"72af8d55-13a7-4d35-8388-334982ffaad7","ID":"e5eb6ce2-5b2a-4b95-914f-9a74ce9b422d","childs":null,"emcosID":null,"emcosMLID":null,"codMaketTEP":null,"codTEP":null,"WSName":"DB","rangeAddress":"$GS$52:$GS$89","headAddress":"$GS$52","bodyAddress":"$GS$53:$GS$89","_name":"ручное"},"оперативное":{"_level":2,"parentID":"2b8ea032-873a-49e5-9e76-a4dc4592b6d7","firstParentID":"72af8d55-13a7-4d35-8388-334982ffaad7","ID":"7d3d31f2-2f1f-46bd-b803-80422d929c33","childs":null,"emcosID":null,"emcosMLID":null,"codMaketTEP":null,"codTEP":null,"WSName":"DB","rangeAddress":"$GT$52:$GT$89","headAddress":"$GT$52","bodyAddress":"$GT$53:$GT$89","_name":"оперативное"},"счетчик":{"_level":2,"parentID":"2b8ea032-873a-49e5-9e76-a4dc4592b6d7","firstParentID":"72af8d55-13a7-4d35-8388-334982ffaad7","ID":"ce60619f-d494-4eb8-9c3d-36f91cc965a6","childs":null,"emcosID":null,"emcosMLID":null,"codMaketTEP":null,"codTEP":null,"WSName":"DB","rangeAddress":"$GU$52:$GU$89","headAddress":"$GU$52","bodyAddress":"$GU$53:$GU$89","_name":"счетчик"},"по счетчику":{"_level":2,"parentID":"2b8ea032-873a-49e5-9e76-a4dc4592b6d7","firstParentID":"72af8d55-13a7-4d35-8388-334982ffaad7","ID":"2bd23b30-247a-4a4a-b0c5-dcb83f85320a","childs":null,"emcosID":null,"emcosMLID":null,"codMaketTEP":null,"codTEP":null,"WSName":"DB","rangeAddress":"$GV$52:$GV$89","headAddress":"$GV$52","bodyAddress":"$GV$53:$GV$89","_name":"по счетчику"}},"emcosID":null,"emcosMLID":null,"codMaketTEP":null,"codTEP":null,"WSName":"DB","rangeAddress":"$GP$51:$GV$89","headAddress":"$GP$51:$GV$51","bodyAddress":"$GP$52:$GV$89","_name":"прием"},"отдача":{"_level":1,"parentID":"95d69fa3-6861-4bc0-ad59-9007a0365b66","firstParentID":"72af8d55-13a7-4d35-8388-334982ffaad7","ID":"042ba897-5eff-4724-b950-372cfd214a91","childs":{"код":{"_level":2,"parentID":"042ba897-5eff-4724-b950-372cfd214a91","firstParentID":"72af8d55-13a7-4d35-8388-334982ffaad7","ID":"672677ab-1d5c-402c-848d-52216d3ebbba","childs":null,"emcosID":null,"emcosMLID":null,"codMaketTEP":null,"codTEP":null,"WSName":"DB","rangeAddress":"$GW$52:$GW$89","headAddress":"$GW$52","bodyAddress":"$GW$53:$GW$89","_name":"код"},"основное":{"_level":2,"parentID":"042ba897-5eff-4724-b950-372cfd214a91","firstParentID":"72af8d55-13a7-4d35-8388-334982ffaad7","ID":"866ef7fe-b708-4be9-a108-8e97abf804db","childs":null,"emcosID":null,"emcosMLID":null,"codMaketTEP":null,"codTEP":null,"WSName":"DB","rangeAddress":"$GX$52:$GX$89","headAddress":"$GX$52","bodyAddress":"$GX$53:$GX$89","_name":"основное"},"корректировка факт":{"_level":2,"parentID":"042ba897-5eff-4724-b950-372cfd214a91","firstParentID":"72af8d55-13a7-4d35-8388-334982ffaad7","ID":"2bf4d632-c33e-44dd-b090-a7800cda989b","childs":null,"emcosID":null,"emcosMLID":null,"codMaketTEP":null,"codTEP":null,"WSName":"DB","rangeAddress":"$GY$52:$GY$89","headAddress":"$GY$52","bodyAddress":"$GY$53:$GY$89","_name":"корректировка факт"},"ручное":{"_level":2,"parentID":"042ba897-5eff-4724-b950-372cfd214a91","firstParentID":"72af8d55-13a7-4d35-8388-334982ffaad7","ID":"0d82d128-8db6-47f3-b4fb-0f5234a058be","childs":null,"emcosID":null,"emcosMLID":null,"codMaketTEP":null,"codTEP":null,"WSName":"DB","rangeAddress":"$GZ$52:$GZ$89","headAddress":"$GZ$52","bodyAddress":"$GZ$53:$GZ$89","_name":"ручное"},"оперативное":{"_level":2,"parentID":"042ba897-5eff-4724-b950-372cfd214a91","firstParentID":"72af8d55-13a7-4d35-8388-334982ffaad7","ID":"796a8de1-3765-4283-828a-6764d9a7c129","childs":null,"emcosID":null,"emcosMLID":null,"codMaketTEP":null,"codTEP":null,"WSName":"DB","rangeAddress":"$HA$52:$HA$89","headAddress":"$HA$52","bodyAddress":"$HA$53:$HA$89","_name":"оперативное"},"счетчик":{"_level":2,"parentID":"042ba897-5eff-4724-b950-372cfd214a91","firstParentID":"72af8d55-13a7-4d35-8388-334982ffaad7","ID":"cbff5053-8c77-45b5-a5b5-c4db2b86785b","childs":null,"emcosID":null,"emcosMLID":null,"codMaketTEP":null,"codTEP":null,"WSName":"DB","rangeAddress":"$HB$52:$HB$89","headAddress":"$HB$52","bodyAddress":"$HB$53:$HB$89","_name":"счетчик"},"по счетчику":{"_level":2,"parentID":"042ba897-5eff-4724-b950-372cfd214a91","firstParentID":"72af8d55-13a7-4d35-8388-334982ffaad7","ID":"d9a1fa41-7fb0-49cc-9f9b-b5f1606743f7","childs":null,"emcosID":null,"emcosMLID":null,"codMaketTEP":null,"codTEP":null,"WSName":"DB","rangeAddress":"$HC$52:$HC$89","headAddress":"$HC$52","bodyAddress":"$HC$53:$HC$89","_name":"по счетчику"}},"emcosID":null,"emcosMLID":null,"codMaketTEP":null,"codTEP":null,"WSName":"DB","rangeAddress":"$GW$51:$HC$89","headAddress":"$GW$51:$HC$51","bodyAddress":"$GW$52:$HC$89","_name":"отдача"}},"emcosID":null,"emcosMLID":null,"codMaketTEP":null,"codTEP":null,"WSName":"DB","rangeAddress":"$GP$50:$HC$89","headAddress":"$GP$50:$HC$50","bodyAddress":"$GP$51:$HC$89","_name":"Л2413 Алма"}},"codPlan":null,"meterCoef":"2200","_name":"Л2413 Алма"}