{"ID":"7442c59d-26e3-401a-a0bc-148dddd9359b","childs":{"PS":{"_level":0,"parentID":"7442c59d-26e3-401a-a0bc-148dddd9359b","firstParentID":"7442c59d-26e3-401a-a0bc-148dddd9359b","ID":"fa579ebc-0bc4-45c2-b006-12201543a0b1","childs":{"прием":{"_level":1,"parentID":"fa579ebc-0bc4-45c2-b006-12201543a0b1","firstParentID":"7442c59d-26e3-401a-a0bc-148dddd9359b","ID":"b36e4f8d-4268-4c0a-8105-dbcf5602a2c6","childs":{"по счетчику":{"_level":2,"parentID":"b36e4f8d-4268-4c0a-8105-dbcf5602a2c6","firstParentID":"7442c59d-26e3-401a-a0bc-148dddd9359b","ID":"b66b05b5-80a7-46e2-bbb2-102979c62ace","childs":null,"emcosID":null,"emcosMLID":null,"codMaketTEP":null,"codTEP":null,"WSName":"PS","rangeAddress":"$R$99:$R$135","headAddress":"$R$99","bodyAddress":"$R$100:$R$135","_name":"по счетчику"},"СЧЕТЧИК":{"_level":2,"parentID":"b36e4f8d-4268-4c0a-8105-dbcf5602a2c6","firstParentID":"7442c59d-26e3-401a-a0bc-148dddd9359b","ID":"6950c19b-4a92-418b-a83a-536e87e76b01","childs":null,"emcosID":null,"emcosMLID":null,"codMaketTEP":null,"codTEP":null,"WSName":"PS","rangeAddress":"$S$99:$S$135","headAddress":"$S$99","bodyAddress":"$S$100:$S$135","_name":"СЧЕТЧИК"}},"emcosID":null,"emcosMLID":null,"codMaketTEP":null,"codTEP":null,"WSName":"PS","rangeAddress":"$R$98:$S$135","headAddress":"$R$98:$S$98","bodyAddress":"$R$99:$S$135","_name":"прием"},"отдача":{"_level":1,"parentID":"fa579ebc-0bc4-45c2-b006-12201543a0b1","firstParentID":"7442c59d-26e3-401a-a0bc-148dddd9359b","ID":"601bcb8c-b838-4280-a388-4bb17382c561","childs":{"по счетчику":{"_level":2,"parentID":"601bcb8c-b838-4280-a388-4bb17382c561","firstParentID":"7442c59d-26e3-401a-a0bc-148dddd9359b","ID":"29991f41-2227-423c-a20c-3032683a8ae3","childs":null,"emcosID":null,"emcosMLID":null,"codMaketTEP":null,"codTEP":null,"WSName":"PS","rangeAddress":"$T$99:$T$135","headAddress":"$T$99","bodyAddress":"$T$100:$T$135","_name":"по счетчику"},"СЧЕТЧИК":{"_level":2,"parentID":"601bcb8c-b838-4280-a388-4bb17382c561","firstParentID":"7442c59d-26e3-401a-a0bc-148dddd9359b","ID":"7fa20b57-8de7-410e-a16b-3629c0d27358","childs":null,"emcosID":null,"emcosMLID":null,"codMaketTEP":null,"codTEP":null,"WSName":"PS","rangeAddress":"$U$99:$U$135","headAddress":"$U$99","bodyAddress":"$U$100:$U$135","_name":"СЧЕТЧИК"}},"emcosID":null,"emcosMLID":null,"codMaketTEP":null,"codTEP":null,"WSName":"PS","rangeAddress":"$T$98:$U$135","headAddress":"$T$98:$U$98","bodyAddress":"$T$99:$U$135","_name":"отдача"}},"emcosID":null,"emcosMLID":null,"codMaketTEP":null,"codTEP":null,"WSName":"PS","rangeAddress":"$R$97:$U$135","headAddress":"$R$97:$U$97","bodyAddress":"$R$98:$U$135","_name":"Л2373 ОРУ 220 МГЭС"},"DB":{"_level":0,"parentID":"7442c59d-26e3-401a-a0bc-148dddd9359b","firstParentID":"7442c59d-26e3-401a-a0bc-148dddd9359b","ID":"378b9b87-76d1-41af-ae4a-fad3a56a4413","childs":{"прием":{"_level":1,"parentID":"378b9b87-76d1-41af-ae4a-fad3a56a4413","firstParentID":"7442c59d-26e3-401a-a0bc-148dddd9359b","ID":"28a2e26b-bbca-4793-99ac-66501b5f3a95","childs":{"код":{"_level":2,"parentID":"28a2e26b-bbca-4793-99ac-66501b5f3a95","firstParentID":"7442c59d-26e3-401a-a0bc-148dddd9359b","ID":"9b7c65c6-aa36-460f-9369-9091adcb0aeb","childs":null,"emcosID":null,"emcosMLID":null,"codMaketTEP":null,"codTEP":null,"WSName":"DB","rangeAddress":"$BX$267:$BX$304","headAddress":"$BX$267","bodyAddress":"$BX$268:$BX$304","_name":"код"},"основное":{"_level":2,"parentID":"28a2e26b-bbca-4793-99ac-66501b5f3a95","firstParentID":"7442c59d-26e3-401a-a0bc-148dddd9359b","ID":"893af43c-4860-419b-8240-3252b3442078","childs":null,"emcosID":null,"emcosMLID":null,"codMaketTEP":null,"codTEP":null,"WSName":"DB","rangeAddress":"$BY$267:$BY$304","headAddress":"$BY$267","bodyAddress":"$BY$268:$BY$304","_name":"основное"},"корректировка факт":{"_level":2,"parentID":"28a2e26b-bbca-4793-99ac-66501b5f3a95","firstParentID":"7442c59d-26e3-401a-a0bc-148dddd9359b","ID":"7c457378-cb14-4e6c-8b64-575d97900320","childs":null,"emcosID":null,"emcosMLID":null,"codMaketTEP":null,"codTEP":null,"WSName":"DB","rangeAddress":"$BZ$267:$BZ$304","headAddress":"$BZ$267","bodyAddress":"$BZ$268:$BZ$304","_name":"корректировка факт"},"ручное":{"_level":2,"parentID":"28a2e26b-bbca-4793-99ac-66501b5f3a95","firstParentID":"7442c59d-26e3-401a-a0bc-148dddd9359b","ID":"9c0ca37c-a224-480f-982a-f0f355c6433f","childs":null,"emcosID":null,"emcosMLID":null,"codMaketTEP":null,"codTEP":null,"WSName":"DB","rangeAddress":"$CA$267:$CA$304","headAddress":"$CA$267","bodyAddress":"$CA$268:$CA$304","_name":"ручное"},"счетчик":{"_level":2,"parentID":"28a2e26b-bbca-4793-99ac-66501b5f3a95","firstParentID":"7442c59d-26e3-401a-a0bc-148dddd9359b","ID":"d07f2f86-9d33-41f1-992b-3aed9a4a01f1","childs":null,"emcosID":null,"emcosMLID":null,"codMaketTEP":null,"codTEP":null,"WSName":"DB","rangeAddress":"$CB$267:$CB$304","headAddress":"$CB$267","bodyAddress":"$CB$268:$CB$304","_name":"счетчик"},"по счетчику":{"_level":2,"parentID":"28a2e26b-bbca-4793-99ac-66501b5f3a95","firstParentID":"7442c59d-26e3-401a-a0bc-148dddd9359b","ID":"35dbfc35-fb45-4a26-a2f7-4334081041eb","childs":null,"emcosID":null,"emcosMLID":null,"codMaketTEP":null,"codTEP":null,"WSName":"DB","rangeAddress":"$CC$267:$CC$304","headAddress":"$CC$267","bodyAddress":"$CC$268:$CC$304","_name":"по счетчику"}},"emcosID":null,"emcosMLID":null,"codMaketTEP":null,"codTEP":null,"WSName":"DB","rangeAddress":"$BX$266:$CC$304","headAddress":"$BX$266:$CC$266","bodyAddress":"$BX$267:$CC$304","_name":"прием"},"отдача":{"_level":1,"parentID":"378b9b87-76d1-41af-ae4a-fad3a56a4413","firstParentID":"7442c59d-26e3-401a-a0bc-148dddd9359b","ID":"e56b43ad-8e1e-47fd-ad93-468764dd81dc","childs":{"код":{"_level":2,"parentID":"e56b43ad-8e1e-47fd-ad93-468764dd81dc","firstParentID":"7442c59d-26e3-401a-a0bc-148dddd9359b","ID":"904cca46-984c-43bd-9ef6-cbdbcc004c1d","childs":null,"emcosID":null,"emcosMLID":null,"codMaketTEP":null,"codTEP":null,"WSName":"DB","rangeAddress":"$CD$267:$CD$304","headAddress":"$CD$267","bodyAddress":"$CD$268:$CD$304","_name":"код"},"основное":{"_level":2,"parentID":"e56b43ad-8e1e-47fd-ad93-468764dd81dc","firstParentID":"7442c59d-26e3-401a-a0bc-148dddd9359b","ID":"293e3df1-ba7f-4950-a76d-d485d1b968ae","childs":null,"emcosID":null,"emcosMLID":null,"codMaketTEP":null,"codTEP":null,"WSName":"DB","rangeAddress":"$CE$267:$CE$304","headAddress":"$CE$267","bodyAddress":"$CE$268:$CE$304","_name":"основное"},"корректировка факт":{"_level":2,"parentID":"e56b43ad-8e1e-47fd-ad93-468764dd81dc","firstParentID":"7442c59d-26e3-401a-a0bc-148dddd9359b","ID":"beeaa292-60cb-4e0c-8869-774c7934e68b","childs":null,"emcosID":null,"emcosMLID":null,"codMaketTEP":null,"codTEP":null,"WSName":"DB","rangeAddress":"$CF$267:$CF$304","headAddress":"$CF$267","bodyAddress":"$CF$268:$CF$304","_name":"корректировка факт"},"ручное":{"_level":2,"parentID":"e56b43ad-8e1e-47fd-ad93-468764dd81dc","firstParentID":"7442c59d-26e3-401a-a0bc-148dddd9359b","ID":"350edc48-9364-41c0-a94d-3ba210e13852","childs":null,"emcosID":null,"emcosMLID":null,"codMaketTEP":null,"codTEP":null,"WSName":"DB","rangeAddress":"$CG$267:$CG$304","headAddress":"$CG$267","bodyAddress":"$CG$268:$CG$304","_name":"ручное"},"счетчик":{"_level":2,"parentID":"e56b43ad-8e1e-47fd-ad93-468764dd81dc","firstParentID":"7442c59d-26e3-401a-a0bc-148dddd9359b","ID":"a57da7d2-1ce5-4074-bcd0-c16c73b1f884","childs":null,"emcosID":null,"emcosMLID":null,"codMaketTEP":null,"codTEP":null,"WSName":"DB","rangeAddress":"$CH$267:$CH$304","headAddress":"$CH$267","bodyAddress":"$CH$268:$CH$304","_name":"счетчик"},"по счетчику":{"_level":2,"parentID":"e56b43ad-8e1e-47fd-ad93-468764dd81dc","firstParentID":"7442c59d-26e3-401a-a0bc-148dddd9359b","ID":"adfed82d-4d2d-4e69-95f2-5fb91c1048f7","childs":null,"emcosID":null,"emcosMLID":null,"codMaketTEP":null,"codTEP":null,"WSName":"DB","rangeAddress":"$CI$267:$CI$304","headAddress":"$CI$267","bodyAddress":"$CI$268:$CI$304","_name":"по счетчику"}},"emcosID":null,"emcosMLID":null,"codMaketTEP":null,"codTEP":null,"WSName":"DB","rangeAddress":"$CD$266:$CI$304","headAddress":"$CD$266:$CI$266","bodyAddress":"$CD$267:$CI$304","_name":"отдача"}},"emcosID":null,"emcosMLID":null,"codMaketTEP":null,"codTEP":null,"WSName":"DB","rangeAddress":"$BX$265:$CI$304","headAddress":"$BX$265:$CI$265","bodyAddress":"$BX$266:$CI$304","_name":"Л2373 ОРУ 220 МГЭС"}},"codPlan":null,"meterCoef":"2200","_name":"Л2373 ОРУ 220 МГЭС"}