{"ID":"748be390-2aed-446a-bd32-1b2969c3439c","childs":{"PS":{"_level":0,"parentID":"748be390-2aed-446a-bd32-1b2969c3439c","firstParentID":"748be390-2aed-446a-bd32-1b2969c3439c","ID":"b3c15521-e8a0-4c43-b531-1afcdcbe3a83","childs":{"прием":{"_level":1,"parentID":"b3c15521-e8a0-4c43-b531-1afcdcbe3a83","firstParentID":"748be390-2aed-446a-bd32-1b2969c3439c","ID":"7003353f-295d-4a8b-aaeb-07ad031d91b9","childs":{"ручное":{"_level":2,"parentID":"7003353f-295d-4a8b-aaeb-07ad031d91b9","firstParentID":"748be390-2aed-446a-bd32-1b2969c3439c","ID":"059374f0-f5c7-4625-91f4-06c9ab6aadb7","childs":null,"emcosID":null,"emcosMLID":null,"codMaketTEP":null,"codTEP":null,"WSName":"PS","rangeAddress":"$CK$56:$CK$92","headAddress":"$CK$56","bodyAddress":"$CK$57:$CK$92","_name":"ручное"}},"emcosID":null,"emcosMLID":null,"codMaketTEP":null,"codTEP":null,"WSName":"PS","rangeAddress":"$CK$55:$CK$92","headAddress":"$CK$55","bodyAddress":"$CK$56:$CK$92","_name":"прием"},"отдача":{"_level":1,"parentID":"b3c15521-e8a0-4c43-b531-1afcdcbe3a83","firstParentID":"748be390-2aed-446a-bd32-1b2969c3439c","ID":"0a05276c-fb50-4234-bfa4-255afb1ac978","childs":{"ручное":{"_level":2,"parentID":"0a05276c-fb50-4234-bfa4-255afb1ac978","firstParentID":"748be390-2aed-446a-bd32-1b2969c3439c","ID":"0690b6ea-6aaa-4c3e-9c70-a91ea92a89b9","childs":null,"emcosID":null,"emcosMLID":null,"codMaketTEP":null,"codTEP":null,"WSName":"PS","rangeAddress":"$CL$56:$CL$92","headAddress":"$CL$56","bodyAddress":"$CL$57:$CL$92","_name":"ручное"}},"emcosID":null,"emcosMLID":null,"codMaketTEP":null,"codTEP":null,"WSName":"PS","rangeAddress":"$CL$55:$CL$92","headAddress":"$CL$55","bodyAddress":"$CL$56:$CL$92","_name":"отдача"}},"emcosID":null,"emcosMLID":null,"codMaketTEP":null,"codTEP":null,"WSName":"PS","rangeAddress":"$CK$54:$CL$92","headAddress":"$CK$54:$CL$54","bodyAddress":"$CK$55:$CL$92","_name":"ОВ 220 Шу"},"DB":{"_level":0,"parentID":"748be390-2aed-446a-bd32-1b2969c3439c","firstParentID":"748be390-2aed-446a-bd32-1b2969c3439c","ID":"bdf4a092-f43d-48e2-b212-a8298aff6086","childs":{"прием":{"_level":1,"parentID":"bdf4a092-f43d-48e2-b212-a8298aff6086","firstParentID":"748be390-2aed-446a-bd32-1b2969c3439c","ID":"7727cc00-0783-446a-b507-1aada4de59f0","childs":{"код":{"_level":2,"parentID":"7727cc00-0783-446a-b507-1aada4de59f0","firstParentID":"748be390-2aed-446a-bd32-1b2969c3439c","ID":"5344dfbb-c7b4-4512-826c-a5a5631073a9","childs":null,"emcosID":null,"emcosMLID":null,"codMaketTEP":null,"codTEP":null,"WSName":"DB","rangeAddress":"$IW$267:$IW$304","headAddress":"$IW$267","bodyAddress":"$IW$268:$IW$304","_name":"код"},"основное":{"_level":2,"parentID":"7727cc00-0783-446a-b507-1aada4de59f0","firstParentID":"748be390-2aed-446a-bd32-1b2969c3439c","ID":"e7c24383-bcbc-48a0-96ff-5fc917c7ac27","childs":null,"emcosID":null,"emcosMLID":null,"codMaketTEP":null,"codTEP":null,"WSName":"DB","rangeAddress":"$IX$267:$IX$304","headAddress":"$IX$267","bodyAddress":"$IX$268:$IX$304","_name":"основное"},"корректировка факт":{"_level":2,"parentID":"7727cc00-0783-446a-b507-1aada4de59f0","firstParentID":"748be390-2aed-446a-bd32-1b2969c3439c","ID":"63cbbf78-cc80-438a-9a53-831518ecb33a","childs":null,"emcosID":null,"emcosMLID":null,"codMaketTEP":null,"codTEP":null,"WSName":"DB","rangeAddress":"$IY$267:$IY$304","headAddress":"$IY$267","bodyAddress":"$IY$268:$IY$304","_name":"корректировка факт"},"ручное":{"_level":2,"parentID":"7727cc00-0783-446a-b507-1aada4de59f0","firstParentID":"748be390-2aed-446a-bd32-1b2969c3439c","ID":"dae93396-5e69-48ea-819e-d496e52d0b99","childs":null,"emcosID":null,"emcosMLID":null,"codMaketTEP":null,"codTEP":null,"WSName":"DB","rangeAddress":"$IZ$267:$IZ$304","headAddress":"$IZ$267","bodyAddress":"$IZ$268:$IZ$304","_name":"ручное"}},"emcosID":null,"emcosMLID":null,"codMaketTEP":null,"codTEP":null,"WSName":"DB","rangeAddress":"$IW$266:$IZ$304","headAddress":"$IW$266:$IZ$266","bodyAddress":"$IW$267:$IZ$304","_name":"прием"},"отдача":{"_level":1,"parentID":"bdf4a092-f43d-48e2-b212-a8298aff6086","firstParentID":"748be390-2aed-446a-bd32-1b2969c3439c","ID":"167ca319-098f-4101-8a3e-7cae4874f8e9","childs":{"код":{"_level":2,"parentID":"167ca319-098f-4101-8a3e-7cae4874f8e9","firstParentID":"748be390-2aed-446a-bd32-1b2969c3439c","ID":"0b0e9983-ed11-4a53-af64-5d8479479ad1","childs":null,"emcosID":null,"emcosMLID":null,"codMaketTEP":null,"codTEP":null,"WSName":"DB","rangeAddress":"$JA$267:$JA$304","headAddress":"$JA$267","bodyAddress":"$JA$268:$JA$304","_name":"код"},"основное":{"_level":2,"parentID":"167ca319-098f-4101-8a3e-7cae4874f8e9","firstParentID":"748be390-2aed-446a-bd32-1b2969c3439c","ID":"c454d433-1356-4cbc-acfc-ff07c4b28804","childs":null,"emcosID":null,"emcosMLID":null,"codMaketTEP":null,"codTEP":null,"WSName":"DB","rangeAddress":"$JB$267:$JB$304","headAddress":"$JB$267","bodyAddress":"$JB$268:$JB$304","_name":"основное"},"корректировка факт":{"_level":2,"parentID":"167ca319-098f-4101-8a3e-7cae4874f8e9","firstParentID":"748be390-2aed-446a-bd32-1b2969c3439c","ID":"6824514c-fd6d-44b0-a8be-4e13bd4a8812","childs":null,"emcosID":null,"emcosMLID":null,"codMaketTEP":null,"codTEP":null,"WSName":"DB","rangeAddress":"$JC$267:$JC$304","headAddress":"$JC$267","bodyAddress":"$JC$268:$JC$304","_name":"корректировка факт"},"ручное":{"_level":2,"parentID":"167ca319-098f-4101-8a3e-7cae4874f8e9","firstParentID":"748be390-2aed-446a-bd32-1b2969c3439c","ID":"86b6a579-e9cb-46ec-a9a9-db815d9fdf7c","childs":null,"emcosID":null,"emcosMLID":null,"codMaketTEP":null,"codTEP":null,"WSName":"DB","rangeAddress":"$JD$267:$JD$304","headAddress":"$JD$267","bodyAddress":"$JD$268:$JD$304","_name":"ручное"}},"emcosID":null,"emcosMLID":null,"codMaketTEP":null,"codTEP":null,"WSName":"DB","rangeAddress":"$JA$266:$JD$304","headAddress":"$JA$266:$JD$266","bodyAddress":"$JA$267:$JD$304","_name":"отдача"}},"emcosID":null,"emcosMLID":null,"codMaketTEP":null,"codTEP":null,"WSName":"DB","rangeAddress":"$IW$265:$JD$304","headAddress":"$IW$265:$JD$265","bodyAddress":"$IW$266:$JD$304","_name":"ОВ 220 Шу"}},"codPlan":null,"meterCoef":null,"_name":"ОВ 220 Шу"}