{"ID":"7f572749-7605-4bfa-9f58-8e2bbd198321","childs":{"PS":{"_level":0,"parentID":"7f572749-7605-4bfa-9f58-8e2bbd198321","firstParentID":"7f572749-7605-4bfa-9f58-8e2bbd198321","ID":"2fd8d29c-e5fe-488c-945a-ef4de54dd922","childs":{"отдача":{"_level":1,"parentID":"2fd8d29c-e5fe-488c-945a-ef4de54dd922","firstParentID":"7f572749-7605-4bfa-9f58-8e2bbd198321","ID":"80e0310a-68c1-4c55-8cde-168a3ff46549","childs":{"оперативное":{"_level":2,"parentID":"80e0310a-68c1-4c55-8cde-168a3ff46549","firstParentID":"7f572749-7605-4bfa-9f58-8e2bbd198321","ID":"bfa7c3b1-bb38-4a45-af58-ada6c8bc6c00","childs":null,"emcosID":null,"emcosMLID":null,"codMaketTEP":null,"codTEP":null,"WSName":"PS","rangeAddress":"$EJ$185:$EJ$221","headAddress":"$EJ$185","bodyAddress":"$EJ$186:$EJ$221","_name":"оперативное"}},"emcosID":null,"emcosMLID":null,"codMaketTEP":1365,"codTEP":null,"WSName":"PS","rangeAddress":"$EJ$184:$EJ$221","headAddress":"$EJ$184","bodyAddress":"$EJ$185:$EJ$221","_name":"отдача"},"план":{"_level":1,"parentID":"2fd8d29c-e5fe-488c-945a-ef4de54dd922","firstParentID":"7f572749-7605-4bfa-9f58-8e2bbd198321","ID":"bc53b360-0368-4ed1-ba9b-d5a25ecac55a","childs":{"заявка":{"_level":2,"parentID":"bc53b360-0368-4ed1-ba9b-d5a25ecac55a","firstParentID":"7f572749-7605-4bfa-9f58-8e2bbd198321","ID":"58a85622-0539-4fbe-923c-c36dbd114fb2","childs":null,"emcosID":null,"emcosMLID":null,"codMaketTEP":null,"codTEP":null,"WSName":"PS","rangeAddress":"$EK$185:$EK$221","headAddress":"$EK$185","bodyAddress":"$EK$186:$EK$221","_name":"заявка"}},"emcosID":null,"emcosMLID":null,"codMaketTEP":null,"codTEP":null,"WSName":"PS","rangeAddress":"$EK$184:$EK$221","headAddress":"$EK$184","bodyAddress":"$EK$185:$EK$221","_name":"план"}},"emcosID":null,"emcosMLID":null,"codMaketTEP":null,"codTEP":null,"WSName":"PS","rangeAddress":"$EJ$183:$EK$221","headAddress":"$EJ$183:$EK$183","bodyAddress":"$EJ$184:$EK$221","_name":"Генерация ВЭС Шелек Самрук Грин Энерджи"},"DB":{"_level":0,"parentID":"7f572749-7605-4bfa-9f58-8e2bbd198321","firstParentID":"7f572749-7605-4bfa-9f58-8e2bbd198321","ID":"90a394c8-9214-484c-9f73-1773397de248","childs":{"отдача":{"_level":1,"parentID":"90a394c8-9214-484c-9f73-1773397de248","firstParentID":"7f572749-7605-4bfa-9f58-8e2bbd198321","ID":"4c028612-2661-451e-9ef3-e416b7d0bf5c","childs":{"код":{"_level":2,"parentID":"4c028612-2661-451e-9ef3-e416b7d0bf5c","firstParentID":"7f572749-7605-4bfa-9f58-8e2bbd198321","ID":"6832e6da-3242-4f87-bee7-02bb53f5e290","childs":null,"emcosID":null,"emcosMLID":null,"codMaketTEP":null,"codTEP":null,"WSName":"DB","rangeAddress":"$FY$267:$FY$304","headAddress":"$FY$267","bodyAddress":"$FY$268:$FY$304","_name":"код"},"основное":{"_level":2,"parentID":"4c028612-2661-451e-9ef3-e416b7d0bf5c","firstParentID":"7f572749-7605-4bfa-9f58-8e2bbd198321","ID":"7bde5bfc-94f9-4077-9b4b-90779c153604","childs":null,"emcosID":null,"emcosMLID":null,"codMaketTEP":null,"codTEP":null,"WSName":"DB","rangeAddress":"$FZ$267:$FZ$304","headAddress":"$FZ$267","bodyAddress":"$FZ$268:$FZ$304","_name":"основное"},"корректировка факт":{"_level":2,"parentID":"4c028612-2661-451e-9ef3-e416b7d0bf5c","firstParentID":"7f572749-7605-4bfa-9f58-8e2bbd198321","ID":"b37ce055-dafb-4316-a818-1551c88e8317","childs":null,"emcosID":null,"emcosMLID":null,"codMaketTEP":null,"codTEP":null,"WSName":"DB","rangeAddress":"$GA$267:$GA$304","headAddress":"$GA$267","bodyAddress":"$GA$268:$GA$304","_name":"корректировка факт"},"ручное":{"_level":2,"parentID":"4c028612-2661-451e-9ef3-e416b7d0bf5c","firstParentID":"7f572749-7605-4bfa-9f58-8e2bbd198321","ID":"ab0b2559-d523-4d57-8def-c83533c1f025","childs":null,"emcosID":null,"emcosMLID":null,"codMaketTEP":null,"codTEP":null,"WSName":"DB","rangeAddress":"$GB$267:$GB$304","headAddress":"$GB$267","bodyAddress":"$GB$268:$GB$304","_name":"ручное"},"оперативное":{"_level":2,"parentID":"4c028612-2661-451e-9ef3-e416b7d0bf5c","firstParentID":"7f572749-7605-4bfa-9f58-8e2bbd198321","ID":"189ec82f-1157-44d2-8ef9-85e0d2e698ac","childs":null,"emcosID":null,"emcosMLID":null,"codMaketTEP":null,"codTEP":null,"WSName":"DB","rangeAddress":"$GC$267:$GC$304","headAddress":"$GC$267","bodyAddress":"$GC$268:$GC$304","_name":"оперативное"},"по плану":{"_level":2,"parentID":"4c028612-2661-451e-9ef3-e416b7d0bf5c","firstParentID":"7f572749-7605-4bfa-9f58-8e2bbd198321","ID":"64cf25f1-aec5-473c-84ba-d361e7b85af8","childs":null,"emcosID":null,"emcosMLID":null,"codMaketTEP":null,"codTEP":null,"WSName":"DB","rangeAddress":"$GD$267:$GD$304","headAddress":"$GD$267","bodyAddress":"$GD$268:$GD$304","_name":"по плану"}},"emcosID":null,"emcosMLID":null,"codMaketTEP":null,"codTEP":null,"WSName":"DB","rangeAddress":"$FY$266:$GD$304","headAddress":"$FY$266:$GD$266","bodyAddress":"$FY$267:$GD$304","_name":"отдача"},"план":{"_level":1,"parentID":"90a394c8-9214-484c-9f73-1773397de248","firstParentID":"7f572749-7605-4bfa-9f58-8e2bbd198321","ID":"cd16d586-989d-4f3e-bf40-654ab76c2c96","childs":{"код":{"_level":2,"parentID":"cd16d586-989d-4f3e-bf40-654ab76c2c96","firstParentID":"7f572749-7605-4bfa-9f58-8e2bbd198321","ID":"62894612-8efc-4d14-9acd-680535f10f4c","childs":null,"emcosID":null,"emcosMLID":null,"codMaketTEP":null,"codTEP":null,"WSName":"DB","rangeAddress":"$GE$267:$GE$304","headAddress":"$GE$267","bodyAddress":"$GE$268:$GE$304","_name":"код"},"основное":{"_level":2,"parentID":"cd16d586-989d-4f3e-bf40-654ab76c2c96","firstParentID":"7f572749-7605-4bfa-9f58-8e2bbd198321","ID":"dd279d17-7c41-4496-97e4-d05e227e4e8b","childs":null,"emcosID":null,"emcosMLID":null,"codMaketTEP":null,"codTEP":null,"WSName":"DB","rangeAddress":"$GF$267:$GF$304","headAddress":"$GF$267","bodyAddress":"$GF$268:$GF$304","_name":"основное"},"заявка":{"_level":2,"parentID":"cd16d586-989d-4f3e-bf40-654ab76c2c96","firstParentID":"7f572749-7605-4bfa-9f58-8e2bbd198321","ID":"a5a1945a-5062-40d6-8a1d-2fb24979a9a1","childs":null,"emcosID":null,"emcosMLID":null,"codMaketTEP":null,"codTEP":null,"WSName":"DB","rangeAddress":"$GG$267:$GG$304","headAddress":"$GG$267","bodyAddress":"$GG$268:$GG$304","_name":"заявка"},"утвержденный":{"_level":2,"parentID":"cd16d586-989d-4f3e-bf40-654ab76c2c96","firstParentID":"7f572749-7605-4bfa-9f58-8e2bbd198321","ID":"ababa5e9-4c81-462e-ab29-a7a17b018648","childs":null,"emcosID":null,"emcosMLID":null,"codMaketTEP":null,"codTEP":null,"WSName":"DB","rangeAddress":"$GH$267:$GH$304","headAddress":"$GH$267","bodyAddress":"$GH$268:$GH$304","_name":"утвержденный"},"корректировка":{"_level":2,"parentID":"cd16d586-989d-4f3e-bf40-654ab76c2c96","firstParentID":"7f572749-7605-4bfa-9f58-8e2bbd198321","ID":"0c124aaf-7621-402e-bc8d-76dc74979db7","childs":null,"emcosID":null,"emcosMLID":null,"codMaketTEP":null,"codTEP":null,"WSName":"DB","rangeAddress":"$GI$267:$GI$304","headAddress":"$GI$267","bodyAddress":"$GI$268:$GI$304","_name":"корректировка"}},"emcosID":null,"emcosMLID":null,"codMaketTEP":null,"codTEP":null,"WSName":"DB","rangeAddress":"$GE$266:$GI$304","headAddress":"$GE$266:$GI$266","bodyAddress":"$GE$267:$GI$304","_name":"план"}},"emcosID":null,"emcosMLID":null,"codMaketTEP":null,"codTEP":null,"WSName":"DB","rangeAddress":"$FY$265:$GI$304","headAddress":"$FY$265:$GI$265","bodyAddress":"$FY$266:$GI$304","_name":"Генерация ВЭС Шелек Самрук Грин Энерджи"}},"codPlan":131,"meterCoef":null,"_name":"Генерация ВЭС Шелек Самрук Грин Энерджи"}