{"ID":"8019ae1f-7321-4e9c-97dd-a01cb81acb24","childs":{"PS":{"_level":0,"parentID":"8019ae1f-7321-4e9c-97dd-a01cb81acb24","firstParentID":"8019ae1f-7321-4e9c-97dd-a01cb81acb24","ID":"bcb09877-9f92-424c-8575-5adb06e4c558","childs":{"отдача":{"_level":1,"parentID":"bcb09877-9f92-424c-8575-5adb06e4c558","firstParentID":"8019ae1f-7321-4e9c-97dd-a01cb81acb24","ID":"19214fcf-f1ad-4c01-81b3-fc8671997cbe","childs":{"ручное":{"_level":2,"parentID":"19214fcf-f1ad-4c01-81b3-fc8671997cbe","firstParentID":"8019ae1f-7321-4e9c-97dd-a01cb81acb24","ID":"2cd08c8a-9fb4-40df-a9f2-7829294e3515","childs":null,"emcosID":null,"emcosMLID":null,"codMaketTEP":null,"codTEP":null,"WSName":"PS","rangeAddress":"$DD$185:$DD$221","headAddress":"$DD$185","bodyAddress":"$DD$186:$DD$221","_name":"ручное"}},"emcosID":null,"emcosMLID":null,"codMaketTEP":null,"codTEP":null,"WSName":"PS","rangeAddress":"$DD$184:$DD$221","headAddress":"$DD$184","bodyAddress":"$DD$185:$DD$221","_name":"отдача"}},"emcosID":null,"emcosMLID":null,"codMaketTEP":null,"codTEP":null,"WSName":"PS","rangeAddress":"$DD$183:$DD$221","headAddress":"$DD$183","bodyAddress":"$DD$184:$DD$221","_name":"Отпуск в сеть Mistral Energy СЭС Каскелен 50"},"DB":{"_level":0,"parentID":"8019ae1f-7321-4e9c-97dd-a01cb81acb24","firstParentID":"8019ae1f-7321-4e9c-97dd-a01cb81acb24","ID":"a4ccc24e-050b-46f8-aca0-368cd40aa2e5","childs":{"отдача":{"_level":1,"parentID":"a4ccc24e-050b-46f8-aca0-368cd40aa2e5","firstParentID":"8019ae1f-7321-4e9c-97dd-a01cb81acb24","ID":"83e4d8b8-6919-4ee7-a289-aed3157408c4","childs":{"код":{"_level":2,"parentID":"83e4d8b8-6919-4ee7-a289-aed3157408c4","firstParentID":"8019ae1f-7321-4e9c-97dd-a01cb81acb24","ID":"a8c0eb03-077e-40d5-921c-e7b86618a1bb","childs":null,"emcosID":null,"emcosMLID":null,"codMaketTEP":null,"codTEP":null,"WSName":"DB","rangeAddress":"$ED$396:$ED$433","headAddress":"$ED$396","bodyAddress":"$ED$397:$ED$433","_name":"код"},"основное":{"_level":2,"parentID":"83e4d8b8-6919-4ee7-a289-aed3157408c4","firstParentID":"8019ae1f-7321-4e9c-97dd-a01cb81acb24","ID":"289855ef-4a81-455b-92c1-7a605ef5e7b4","childs":null,"emcosID":null,"emcosMLID":null,"codMaketTEP":null,"codTEP":null,"WSName":"DB","rangeAddress":"$EE$396:$EE$433","headAddress":"$EE$396","bodyAddress":"$EE$397:$EE$433","_name":"основное"},"корректировка факт":{"_level":2,"parentID":"83e4d8b8-6919-4ee7-a289-aed3157408c4","firstParentID":"8019ae1f-7321-4e9c-97dd-a01cb81acb24","ID":"fa9b92cd-df8c-457e-a526-74dbaaca7f63","childs":null,"emcosID":null,"emcosMLID":null,"codMaketTEP":null,"codTEP":null,"WSName":"DB","rangeAddress":"$EF$396:$EF$433","headAddress":"$EF$396","bodyAddress":"$EF$397:$EF$433","_name":"корректировка факт"},"ручное":{"_level":2,"parentID":"83e4d8b8-6919-4ee7-a289-aed3157408c4","firstParentID":"8019ae1f-7321-4e9c-97dd-a01cb81acb24","ID":"9f48bcbe-720e-4682-873c-5cab8c436752","childs":null,"emcosID":null,"emcosMLID":null,"codMaketTEP":null,"codTEP":null,"WSName":"DB","rangeAddress":"$EG$396:$EG$433","headAddress":"$EG$396","bodyAddress":"$EG$397:$EG$433","_name":"ручное"},"формула":{"_level":2,"parentID":"83e4d8b8-6919-4ee7-a289-aed3157408c4","firstParentID":"8019ae1f-7321-4e9c-97dd-a01cb81acb24","ID":"5af31071-5bce-4ffc-84b5-63ec105741c0","childs":null,"emcosID":null,"emcosMLID":null,"codMaketTEP":null,"codTEP":null,"WSName":"DB","rangeAddress":"$EH$396:$EH$433","headAddress":"$EH$396","bodyAddress":"$EH$397:$EH$433","_name":"формула"}},"emcosID":null,"emcosMLID":null,"codMaketTEP":null,"codTEP":null,"WSName":"DB","rangeAddress":"$ED$395:$EH$433","headAddress":"$ED$395:$EH$395","bodyAddress":"$ED$396:$EH$433","_name":"отдача"}},"emcosID":null,"emcosMLID":null,"codMaketTEP":null,"codTEP":null,"WSName":"DB","rangeAddress":"$ED$394:$EH$433","headAddress":"$ED$394:$EH$394","bodyAddress":"$ED$395:$EH$433","_name":"Отпуск в сеть Mistral Energy СЭС Каскелен 50"}},"codPlan":null,"meterCoef":null,"_name":"Отпуск в сеть Mistral Energy СЭС Каскелен 50"}