{"ID":"81393d55-5e11-4a11-bfda-824064e5c0d9","childs":{"PS":{"_level":0,"parentID":"81393d55-5e11-4a11-bfda-824064e5c0d9","firstParentID":"81393d55-5e11-4a11-bfda-824064e5c0d9","ID":"6c7ad14e-3a2c-403b-ae40-a4b85b789449","childs":{"отдача":{"_level":1,"parentID":"6c7ad14e-3a2c-403b-ae40-a4b85b789449","firstParentID":"81393d55-5e11-4a11-bfda-824064e5c0d9","ID":"c9e8ab33-aa3a-43d0-995e-ab4bb0d548c9","childs":{"формула":{"_level":2,"parentID":"c9e8ab33-aa3a-43d0-995e-ab4bb0d548c9","firstParentID":"81393d55-5e11-4a11-bfda-824064e5c0d9","ID":"28590166-c6cb-48af-8809-b2defd110a92","childs":null,"emcosID":null,"emcosMLID":null,"codMaketTEP":null,"codTEP":null,"WSName":"PS","rangeAddress":"$CX$185:$CX$221","headAddress":"$CX$185","bodyAddress":"$CX$186:$CX$221","_name":"формула"}},"emcosID":null,"emcosMLID":null,"codMaketTEP":null,"codTEP":null,"WSName":"PS","rangeAddress":"$CX$184:$CX$221","headAddress":"$CX$184","bodyAddress":"$CX$185:$CX$221","_name":"отдача"},"план":{"_level":1,"parentID":"6c7ad14e-3a2c-403b-ae40-a4b85b789449","firstParentID":"81393d55-5e11-4a11-bfda-824064e5c0d9","ID":"e723b248-7931-4f0c-b372-285a0a9c0069","childs":{"заявка":{"_level":2,"parentID":"e723b248-7931-4f0c-b372-285a0a9c0069","firstParentID":"81393d55-5e11-4a11-bfda-824064e5c0d9","ID":"8ffaddf7-9b5b-4440-94c3-56db77e08efe","childs":null,"emcosID":null,"emcosMLID":null,"codMaketTEP":null,"codTEP":null,"WSName":"PS","rangeAddress":"$CY$185:$CY$221","headAddress":"$CY$185","bodyAddress":"$CY$186:$CY$221","_name":"заявка"}},"emcosID":null,"emcosMLID":null,"codMaketTEP":null,"codTEP":null,"WSName":"PS","rangeAddress":"$CY$184:$CY$221","headAddress":"$CY$184","bodyAddress":"$CY$185:$CY$221","_name":"план"}},"emcosID":null,"emcosMLID":null,"codMaketTEP":null,"codTEP":null,"WSName":"PS","rangeAddress":"$CX$183:$CY$221","headAddress":"$CX$183:$CY$183","bodyAddress":"$CX$184:$CY$221","_name":"Генерация M Kat Green СЭС Шу 100"},"DB":{"_level":0,"parentID":"81393d55-5e11-4a11-bfda-824064e5c0d9","firstParentID":"81393d55-5e11-4a11-bfda-824064e5c0d9","ID":"fa66437a-c25b-468d-9be4-d202124c4a2e","childs":{"отдача":{"_level":1,"parentID":"fa66437a-c25b-468d-9be4-d202124c4a2e","firstParentID":"81393d55-5e11-4a11-bfda-824064e5c0d9","ID":"42582dcd-e796-42dc-95ed-390b6cd36396","childs":{"код":{"_level":2,"parentID":"42582dcd-e796-42dc-95ed-390b6cd36396","firstParentID":"81393d55-5e11-4a11-bfda-824064e5c0d9","ID":"ecc36f6c-c937-454c-be65-d868d72321e2","childs":null,"emcosID":null,"emcosMLID":null,"codMaketTEP":null,"codTEP":null,"WSName":"DB","rangeAddress":"$FC$396:$FC$433","headAddress":"$FC$396","bodyAddress":"$FC$397:$FC$433","_name":"код"},"основное":{"_level":2,"parentID":"42582dcd-e796-42dc-95ed-390b6cd36396","firstParentID":"81393d55-5e11-4a11-bfda-824064e5c0d9","ID":"21c8e967-fa81-49ee-a0c2-878da9526a3b","childs":null,"emcosID":null,"emcosMLID":null,"codMaketTEP":null,"codTEP":null,"WSName":"DB","rangeAddress":"$FD$396:$FD$433","headAddress":"$FD$396","bodyAddress":"$FD$397:$FD$433","_name":"основное"},"корректировка факт":{"_level":2,"parentID":"42582dcd-e796-42dc-95ed-390b6cd36396","firstParentID":"81393d55-5e11-4a11-bfda-824064e5c0d9","ID":"e37de2fb-ad22-41d3-ad55-50757b58cb72","childs":null,"emcosID":null,"emcosMLID":null,"codMaketTEP":null,"codTEP":null,"WSName":"DB","rangeAddress":"$FE$396:$FE$433","headAddress":"$FE$396","bodyAddress":"$FE$397:$FE$433","_name":"корректировка факт"},"ручное":{"_level":2,"parentID":"42582dcd-e796-42dc-95ed-390b6cd36396","firstParentID":"81393d55-5e11-4a11-bfda-824064e5c0d9","ID":"c8669bcf-0f00-436f-9d6a-e537330b6c85","childs":null,"emcosID":null,"emcosMLID":null,"codMaketTEP":null,"codTEP":null,"WSName":"DB","rangeAddress":"$FF$396:$FF$433","headAddress":"$FF$396","bodyAddress":"$FF$397:$FF$433","_name":"ручное"},"счетчик":{"_level":2,"parentID":"42582dcd-e796-42dc-95ed-390b6cd36396","firstParentID":"81393d55-5e11-4a11-bfda-824064e5c0d9","ID":"fd16a31b-6f58-4164-bdc3-ed46132cff2e","childs":null,"emcosID":null,"emcosMLID":null,"codMaketTEP":null,"codTEP":null,"WSName":"DB","rangeAddress":"$FG$396:$FG$433","headAddress":"$FG$396","bodyAddress":"$FG$397:$FG$433","_name":"счетчик"},"по счетчику":{"_level":2,"parentID":"42582dcd-e796-42dc-95ed-390b6cd36396","firstParentID":"81393d55-5e11-4a11-bfda-824064e5c0d9","ID":"ff37415a-4455-49fb-bbb7-18c4a2820a60","childs":null,"emcosID":null,"emcosMLID":null,"codMaketTEP":null,"codTEP":null,"WSName":"DB","rangeAddress":"$FH$396:$FH$433","headAddress":"$FH$396","bodyAddress":"$FH$397:$FH$433","_name":"по счетчику"},"формула":{"_level":2,"parentID":"42582dcd-e796-42dc-95ed-390b6cd36396","firstParentID":"81393d55-5e11-4a11-bfda-824064e5c0d9","ID":"540a802e-d840-4242-83ba-cd908e109664","childs":null,"emcosID":null,"emcosMLID":null,"codMaketTEP":null,"codTEP":null,"WSName":"DB","rangeAddress":"$FI$396:$FI$433","headAddress":"$FI$396","bodyAddress":"$FI$397:$FI$433","_name":"формула"},"по плану":{"_level":2,"parentID":"42582dcd-e796-42dc-95ed-390b6cd36396","firstParentID":"81393d55-5e11-4a11-bfda-824064e5c0d9","ID":"3a9b0fd7-f0a0-43b3-8561-fd1dc9c13f9b","childs":null,"emcosID":null,"emcosMLID":null,"codMaketTEP":null,"codTEP":null,"WSName":"DB","rangeAddress":"$FJ$396:$FJ$433","headAddress":"$FJ$396","bodyAddress":"$FJ$397:$FJ$433","_name":"по плану"}},"emcosID":null,"emcosMLID":null,"codMaketTEP":null,"codTEP":null,"WSName":"DB","rangeAddress":"$FC$395:$FJ$433","headAddress":"$FC$395:$FJ$395","bodyAddress":"$FC$396:$FJ$433","_name":"отдача"},"план":{"_level":1,"parentID":"fa66437a-c25b-468d-9be4-d202124c4a2e","firstParentID":"81393d55-5e11-4a11-bfda-824064e5c0d9","ID":"65be1609-8d19-41a2-987d-c78d5e7cb954","childs":{"код":{"_level":2,"parentID":"65be1609-8d19-41a2-987d-c78d5e7cb954","firstParentID":"81393d55-5e11-4a11-bfda-824064e5c0d9","ID":"be77fd80-d4a4-44b6-80a9-cc44b53e6ad1","childs":null,"emcosID":null,"emcosMLID":null,"codMaketTEP":null,"codTEP":null,"WSName":"DB","rangeAddress":"$FK$396:$FK$433","headAddress":"$FK$396","bodyAddress":"$FK$397:$FK$433","_name":"код"},"основное":{"_level":2,"parentID":"65be1609-8d19-41a2-987d-c78d5e7cb954","firstParentID":"81393d55-5e11-4a11-bfda-824064e5c0d9","ID":"d8426223-065e-49a4-9544-4494617fe7cd","childs":null,"emcosID":null,"emcosMLID":null,"codMaketTEP":null,"codTEP":null,"WSName":"DB","rangeAddress":"$FL$396:$FL$433","headAddress":"$FL$396","bodyAddress":"$FL$397:$FL$433","_name":"основное"},"заявка":{"_level":2,"parentID":"65be1609-8d19-41a2-987d-c78d5e7cb954","firstParentID":"81393d55-5e11-4a11-bfda-824064e5c0d9","ID":"02099e07-58b1-4614-a335-09c3acd72d13","childs":null,"emcosID":null,"emcosMLID":null,"codMaketTEP":null,"codTEP":null,"WSName":"DB","rangeAddress":"$FM$396:$FM$433","headAddress":"$FM$396","bodyAddress":"$FM$397:$FM$433","_name":"заявка"},"утвержденный":{"_level":2,"parentID":"65be1609-8d19-41a2-987d-c78d5e7cb954","firstParentID":"81393d55-5e11-4a11-bfda-824064e5c0d9","ID":"36e1c25d-dde0-4f92-895a-72fabb77cfb4","childs":null,"emcosID":null,"emcosMLID":null,"codMaketTEP":null,"codTEP":null,"WSName":"DB","rangeAddress":"$FN$396:$FN$433","headAddress":"$FN$396","bodyAddress":"$FN$397:$FN$433","_name":"утвержденный"},"корректировка":{"_level":2,"parentID":"65be1609-8d19-41a2-987d-c78d5e7cb954","firstParentID":"81393d55-5e11-4a11-bfda-824064e5c0d9","ID":"9ad69292-d28d-43dc-9f64-ba6a3f8ea2b1","childs":null,"emcosID":null,"emcosMLID":null,"codMaketTEP":null,"codTEP":null,"WSName":"DB","rangeAddress":"$FO$396:$FO$433","headAddress":"$FO$396","bodyAddress":"$FO$397:$FO$433","_name":"корректировка"}},"emcosID":null,"emcosMLID":null,"codMaketTEP":null,"codTEP":null,"WSName":"DB","rangeAddress":"$FK$395:$FO$433","headAddress":"$FK$395:$FO$395","bodyAddress":"$FK$396:$FO$433","_name":"план"}},"emcosID":null,"emcosMLID":null,"codMaketTEP":null,"codTEP":null,"WSName":"DB","rangeAddress":"$FC$394:$FO$433","headAddress":"$FC$394:$FO$394","bodyAddress":"$FC$395:$FO$433","_name":"Генерация M Kat Green СЭС Шу 100"}},"codPlan":98,"meterCoef":null,"_name":"Генерация M Kat Green СЭС Шу 100"}