{"ID":"81ff809b-76b2-4213-8e3e-924b5fff8cfb","childs":{"PS":{"_level":0,"parentID":"81ff809b-76b2-4213-8e3e-924b5fff8cfb","firstParentID":"81ff809b-76b2-4213-8e3e-924b5fff8cfb","ID":"e15b972c-0718-4fb9-be94-f7b3b0c4112a","childs":{"отдача":{"_level":1,"parentID":"e15b972c-0718-4fb9-be94-f7b3b0c4112a","firstParentID":"81ff809b-76b2-4213-8e3e-924b5fff8cfb","ID":"5cccc382-2fb6-4159-8d5f-03338e7435ef","childs":{"оперативное":{"_level":2,"parentID":"5cccc382-2fb6-4159-8d5f-03338e7435ef","firstParentID":"81ff809b-76b2-4213-8e3e-924b5fff8cfb","ID":"817841ce-c69b-4304-acfc-d14957937701","childs":null,"emcosID":null,"emcosMLID":null,"codMaketTEP":null,"codTEP":null,"WSName":"PS","rangeAddress":"$EH$185:$EH$221","headAddress":"$EH$185","bodyAddress":"$EH$186:$EH$221","_name":"оперативное"}},"emcosID":null,"emcosMLID":null,"codMaketTEP":null,"codTEP":null,"WSName":"PS","rangeAddress":"$EH$184:$EH$221","headAddress":"$EH$184","bodyAddress":"$EH$185:$EH$221","_name":"отдача"}},"emcosID":null,"emcosMLID":null,"codMaketTEP":null,"codTEP":null,"WSName":"PS","rangeAddress":"$EH$183:$EH$221","headAddress":"$EH$183","bodyAddress":"$EH$184:$EH$221","_name":"Генерация КазНИИ Чокина и Эетысу Энерго Караш"},"DB":{"_level":0,"parentID":"81ff809b-76b2-4213-8e3e-924b5fff8cfb","firstParentID":"81ff809b-76b2-4213-8e3e-924b5fff8cfb","ID":"3252485b-0d07-4b08-a040-1bdd54aaeb7e","childs":{"отдача":{"_level":1,"parentID":"3252485b-0d07-4b08-a040-1bdd54aaeb7e","firstParentID":"81ff809b-76b2-4213-8e3e-924b5fff8cfb","ID":"95d72e7d-f457-416a-a6f1-597840fbe44e","childs":{"код":{"_level":2,"parentID":"95d72e7d-f457-416a-a6f1-597840fbe44e","firstParentID":"81ff809b-76b2-4213-8e3e-924b5fff8cfb","ID":"4ddefaf9-3655-4a04-b37d-9256bc1010df","childs":null,"emcosID":null,"emcosMLID":null,"codMaketTEP":null,"codTEP":null,"WSName":"DB","rangeAddress":"$GO$267:$GO$304","headAddress":"$GO$267","bodyAddress":"$GO$268:$GO$304","_name":"код"},"основное":{"_level":2,"parentID":"95d72e7d-f457-416a-a6f1-597840fbe44e","firstParentID":"81ff809b-76b2-4213-8e3e-924b5fff8cfb","ID":"b98e850f-0031-484d-9645-7e21ab18df53","childs":null,"emcosID":null,"emcosMLID":null,"codMaketTEP":null,"codTEP":null,"WSName":"DB","rangeAddress":"$GP$267:$GP$304","headAddress":"$GP$267","bodyAddress":"$GP$268:$GP$304","_name":"основное"},"корректировка факт":{"_level":2,"parentID":"95d72e7d-f457-416a-a6f1-597840fbe44e","firstParentID":"81ff809b-76b2-4213-8e3e-924b5fff8cfb","ID":"01c524d5-44d1-466e-a25b-b5e5277dfdd5","childs":null,"emcosID":null,"emcosMLID":null,"codMaketTEP":null,"codTEP":null,"WSName":"DB","rangeAddress":"$GQ$267:$GQ$304","headAddress":"$GQ$267","bodyAddress":"$GQ$268:$GQ$304","_name":"корректировка факт"},"ручное":{"_level":2,"parentID":"95d72e7d-f457-416a-a6f1-597840fbe44e","firstParentID":"81ff809b-76b2-4213-8e3e-924b5fff8cfb","ID":"fca93df7-acb0-443e-861c-d10c85edd9d3","childs":null,"emcosID":null,"emcosMLID":null,"codMaketTEP":null,"codTEP":null,"WSName":"DB","rangeAddress":"$GR$267:$GR$304","headAddress":"$GR$267","bodyAddress":"$GR$268:$GR$304","_name":"ручное"},"оперативное":{"_level":2,"parentID":"95d72e7d-f457-416a-a6f1-597840fbe44e","firstParentID":"81ff809b-76b2-4213-8e3e-924b5fff8cfb","ID":"7488d557-5a7d-4dd0-8946-99e4fef71d02","childs":null,"emcosID":null,"emcosMLID":null,"codMaketTEP":null,"codTEP":null,"WSName":"DB","rangeAddress":"$GS$267:$GS$304","headAddress":"$GS$267","bodyAddress":"$GS$268:$GS$304","_name":"оперативное"}},"emcosID":null,"emcosMLID":null,"codMaketTEP":null,"codTEP":null,"WSName":"DB","rangeAddress":"$GO$266:$GS$304","headAddress":"$GO$266:$GS$266","bodyAddress":"$GO$267:$GS$304","_name":"отдача"}},"emcosID":null,"emcosMLID":null,"codMaketTEP":null,"codTEP":null,"WSName":"DB","rangeAddress":"$GO$265:$GS$304","headAddress":"$GO$265:$GS$265","bodyAddress":"$GO$266:$GS$304","_name":"Генерация КазНИИ Чокина и Эетысу Энерго Караш"}},"codPlan":null,"meterCoef":null,"_name":"Генерация КазНИИ Чокина и Эетысу Энерго Караш"}