{"ID":"8468aff1-4292-4fe3-8998-b98394b86d12","childs":{"PS":{"_level":0,"parentID":"8468aff1-4292-4fe3-8998-b98394b86d12","firstParentID":"8468aff1-4292-4fe3-8998-b98394b86d12","ID":"8af559be-9387-4986-a8cf-557b42db1a84","childs":{"отдача":{"_level":1,"parentID":"8af559be-9387-4986-a8cf-557b42db1a84","firstParentID":"8468aff1-4292-4fe3-8998-b98394b86d12","ID":"5e74276f-d269-47fc-bc45-6799655a7539","childs":{"оперативное":{"_level":2,"parentID":"5e74276f-d269-47fc-bc45-6799655a7539","firstParentID":"8468aff1-4292-4fe3-8998-b98394b86d12","ID":"16f011f4-4c07-43e6-9154-843f01aee445","childs":null,"emcosID":null,"emcosMLID":null,"codMaketTEP":null,"codTEP":null,"WSName":"PS","rangeAddress":"$DY$185:$DY$221","headAddress":"$DY$185","bodyAddress":"$DY$186:$DY$221","_name":"оперативное"}},"emcosID":null,"emcosMLID":null,"codMaketTEP":null,"codTEP":null,"WSName":"PS","rangeAddress":"$DY$184:$DY$221","headAddress":"$DY$184","bodyAddress":"$DY$185:$DY$221","_name":"отдача"}},"emcosID":null,"emcosMLID":null,"codMaketTEP":null,"codTEP":null,"WSName":"PS","rangeAddress":"$DY$183:$DY$221","headAddress":"$DY$183","bodyAddress":"$DY$184:$DY$221","_name":"Генерация Кербулак"},"DB":{"_level":0,"parentID":"8468aff1-4292-4fe3-8998-b98394b86d12","firstParentID":"8468aff1-4292-4fe3-8998-b98394b86d12","ID":"34af98a3-c936-466e-b18e-5d69405d622c","childs":{"отдача":{"_level":1,"parentID":"34af98a3-c936-466e-b18e-5d69405d622c","firstParentID":"8468aff1-4292-4fe3-8998-b98394b86d12","ID":"1340f80d-987d-4672-9c03-130d8bc40e4f","childs":{"код":{"_level":2,"parentID":"1340f80d-987d-4672-9c03-130d8bc40e4f","firstParentID":"8468aff1-4292-4fe3-8998-b98394b86d12","ID":"2ddfa429-60e3-437e-8889-5f036d1a7cbf","childs":null,"emcosID":null,"emcosMLID":null,"codMaketTEP":null,"codTEP":null,"WSName":"DB","rangeAddress":"$FD$181:$FD$218","headAddress":"$FD$181","bodyAddress":"$FD$182:$FD$218","_name":"код"},"основное":{"_level":2,"parentID":"1340f80d-987d-4672-9c03-130d8bc40e4f","firstParentID":"8468aff1-4292-4fe3-8998-b98394b86d12","ID":"386d3391-c1f9-4a1d-90bb-ee63c93fa2c0","childs":null,"emcosID":null,"emcosMLID":null,"codMaketTEP":null,"codTEP":null,"WSName":"DB","rangeAddress":"$FE$181:$FE$218","headAddress":"$FE$181","bodyAddress":"$FE$182:$FE$218","_name":"основное"},"корректировка факт":{"_level":2,"parentID":"1340f80d-987d-4672-9c03-130d8bc40e4f","firstParentID":"8468aff1-4292-4fe3-8998-b98394b86d12","ID":"d162af47-0fb7-495f-aa4f-f767f5da28f3","childs":null,"emcosID":null,"emcosMLID":null,"codMaketTEP":null,"codTEP":null,"WSName":"DB","rangeAddress":"$FF$181:$FF$218","headAddress":"$FF$181","bodyAddress":"$FF$182:$FF$218","_name":"корректировка факт"},"ручное":{"_level":2,"parentID":"1340f80d-987d-4672-9c03-130d8bc40e4f","firstParentID":"8468aff1-4292-4fe3-8998-b98394b86d12","ID":"a13bb44c-1d1f-4cad-b166-d59ce15a5f95","childs":null,"emcosID":null,"emcosMLID":null,"codMaketTEP":null,"codTEP":null,"WSName":"DB","rangeAddress":"$FG$181:$FG$218","headAddress":"$FG$181","bodyAddress":"$FG$182:$FG$218","_name":"ручное"},"оперативное":{"_level":2,"parentID":"1340f80d-987d-4672-9c03-130d8bc40e4f","firstParentID":"8468aff1-4292-4fe3-8998-b98394b86d12","ID":"69e344ba-2b6b-49ad-9bef-24a19108736a","childs":null,"emcosID":null,"emcosMLID":null,"codMaketTEP":null,"codTEP":null,"WSName":"DB","rangeAddress":"$FH$181:$FH$218","headAddress":"$FH$181","bodyAddress":"$FH$182:$FH$218","_name":"оперативное"}},"emcosID":null,"emcosMLID":null,"codMaketTEP":null,"codTEP":null,"WSName":"DB","rangeAddress":"$FD$180:$FH$218","headAddress":"$FD$180:$FH$180","bodyAddress":"$FD$181:$FH$218","_name":"отдача"}},"emcosID":null,"emcosMLID":null,"codMaketTEP":null,"codTEP":null,"WSName":"DB","rangeAddress":"$FD$179:$FH$218","headAddress":"$FD$179:$FH$179","bodyAddress":"$FD$180:$FH$218","_name":"Генерация Кербулак"}},"codPlan":null,"meterCoef":null,"_name":"Генерация Кербулак"}