{"ID":"86f56f7a-216b-4d8e-8b0c-e7532edfada2","childs":{"PS":{"_level":0,"parentID":"86f56f7a-216b-4d8e-8b0c-e7532edfada2","firstParentID":"86f56f7a-216b-4d8e-8b0c-e7532edfada2","ID":"496de90e-a38e-43c5-924b-7b95b7079824","childs":{"прием":{"_level":1,"parentID":"496de90e-a38e-43c5-924b-7b95b7079824","firstParentID":"86f56f7a-216b-4d8e-8b0c-e7532edfada2","ID":"64a05ce5-d9b9-4278-9c91-5fdd28dff638","childs":{"оперативное":{"_level":2,"parentID":"64a05ce5-d9b9-4278-9c91-5fdd28dff638","firstParentID":"86f56f7a-216b-4d8e-8b0c-e7532edfada2","ID":"bae3bad2-5272-4e08-9c80-704f40090e94","childs":null,"emcosID":null,"emcosMLID":null,"codMaketTEP":null,"codTEP":null,"WSName":"PS","rangeAddress":"$BN$185:$BN$221","headAddress":"$BN$185","bodyAddress":"$BN$186:$BN$221","_name":"оперативное"}},"emcosID":null,"emcosMLID":null,"codMaketTEP":null,"codTEP":null,"WSName":"PS","rangeAddress":"$BN$184:$BN$221","headAddress":"$BN$184","bodyAddress":"$BN$185:$BN$221","_name":"прием"},"план":{"_level":1,"parentID":"496de90e-a38e-43c5-924b-7b95b7079824","firstParentID":"86f56f7a-216b-4d8e-8b0c-e7532edfada2","ID":"c0863d02-4e86-4a4b-92c7-bb61adefea5f","childs":{"заявка":{"_level":2,"parentID":"c0863d02-4e86-4a4b-92c7-bb61adefea5f","firstParentID":"86f56f7a-216b-4d8e-8b0c-e7532edfada2","ID":"b56d581a-e4f6-4396-bd30-31620104b935","childs":null,"emcosID":null,"emcosMLID":null,"codMaketTEP":null,"codTEP":null,"WSName":"PS","rangeAddress":"$BO$185:$BO$221","headAddress":"$BO$185","bodyAddress":"$BO$186:$BO$221","_name":"заявка"}},"emcosID":null,"emcosMLID":null,"codMaketTEP":null,"codTEP":null,"WSName":"PS","rangeAddress":"$BO$184:$BO$221","headAddress":"$BO$184","bodyAddress":"$BO$185:$BO$221","_name":"план"}},"emcosID":null,"emcosMLID":null,"codMaketTEP":null,"codTEP":null,"WSName":"PS","rangeAddress":"$BN$183:$BO$221","headAddress":"$BN$183:$BO$183","bodyAddress":"$BN$184:$BO$221","_name":"Потребление в границах АЖК"},"DB":{"_level":0,"parentID":"86f56f7a-216b-4d8e-8b0c-e7532edfada2","firstParentID":"86f56f7a-216b-4d8e-8b0c-e7532edfada2","ID":"de0a79f1-e46a-4528-ad85-6b1a36d1d835","childs":{"прием":{"_level":1,"parentID":"de0a79f1-e46a-4528-ad85-6b1a36d1d835","firstParentID":"86f56f7a-216b-4d8e-8b0c-e7532edfada2","ID":"c1f33fd4-2df6-4605-9714-21a79e814879","childs":{"код":{"_level":2,"parentID":"c1f33fd4-2df6-4605-9714-21a79e814879","firstParentID":"86f56f7a-216b-4d8e-8b0c-e7532edfada2","ID":"c8084879-7650-43e4-ab6b-91462683ea9d","childs":null,"emcosID":null,"emcosMLID":null,"codMaketTEP":null,"codTEP":null,"WSName":"DB","rangeAddress":"$AO$439:$AO$476","headAddress":"$AO$439","bodyAddress":"$AO$440:$AO$476","_name":"код"},"основное":{"_level":2,"parentID":"c1f33fd4-2df6-4605-9714-21a79e814879","firstParentID":"86f56f7a-216b-4d8e-8b0c-e7532edfada2","ID":"a221024c-6fd7-42e7-88eb-6e18acf40862","childs":null,"emcosID":null,"emcosMLID":null,"codMaketTEP":null,"codTEP":null,"WSName":"DB","rangeAddress":"$AP$439:$AP$476","headAddress":"$AP$439","bodyAddress":"$AP$440:$AP$476","_name":"основное"},"корректировка факт":{"_level":2,"parentID":"c1f33fd4-2df6-4605-9714-21a79e814879","firstParentID":"86f56f7a-216b-4d8e-8b0c-e7532edfada2","ID":"6e5eaec7-7c20-4d31-8830-a39eeea9a051","childs":null,"emcosID":null,"emcosMLID":null,"codMaketTEP":null,"codTEP":null,"WSName":"DB","rangeAddress":"$AQ$439:$AQ$476","headAddress":"$AQ$439","bodyAddress":"$AQ$440:$AQ$476","_name":"корректировка факт"},"ручное":{"_level":2,"parentID":"c1f33fd4-2df6-4605-9714-21a79e814879","firstParentID":"86f56f7a-216b-4d8e-8b0c-e7532edfada2","ID":"50fade47-996f-48f5-ae3b-afb69ca544d7","childs":null,"emcosID":null,"emcosMLID":null,"codMaketTEP":null,"codTEP":null,"WSName":"DB","rangeAddress":"$AR$439:$AR$476","headAddress":"$AR$439","bodyAddress":"$AR$440:$AR$476","_name":"ручное"},"по плану":{"_level":2,"parentID":"c1f33fd4-2df6-4605-9714-21a79e814879","firstParentID":"86f56f7a-216b-4d8e-8b0c-e7532edfada2","ID":"a5ff20ca-bba9-4bb4-aab5-3be381ecfee0","childs":null,"emcosID":null,"emcosMLID":null,"codMaketTEP":null,"codTEP":null,"WSName":"DB","rangeAddress":"$AS$439:$AS$476","headAddress":"$AS$439","bodyAddress":"$AS$440:$AS$476","_name":"по плану"},"оперативное":{"_level":2,"parentID":"c1f33fd4-2df6-4605-9714-21a79e814879","firstParentID":"86f56f7a-216b-4d8e-8b0c-e7532edfada2","ID":"5a50bd27-dbde-4da2-aba3-1978563868ba","childs":null,"emcosID":null,"emcosMLID":null,"codMaketTEP":null,"codTEP":null,"WSName":"DB","rangeAddress":"$AT$439:$AT$476","headAddress":"$AT$439","bodyAddress":"$AT$440:$AT$476","_name":"оперативное"}},"emcosID":null,"emcosMLID":null,"codMaketTEP":null,"codTEP":null,"WSName":"DB","rangeAddress":"$AO$438:$AT$476","headAddress":"$AO$438:$AT$438","bodyAddress":"$AO$439:$AT$476","_name":"прием"},"план":{"_level":1,"parentID":"de0a79f1-e46a-4528-ad85-6b1a36d1d835","firstParentID":"86f56f7a-216b-4d8e-8b0c-e7532edfada2","ID":"c17122f4-c7a5-4060-ae5d-2d6252a81c70","childs":{"код":{"_level":2,"parentID":"c17122f4-c7a5-4060-ae5d-2d6252a81c70","firstParentID":"86f56f7a-216b-4d8e-8b0c-e7532edfada2","ID":"96db4f93-98e5-4f47-b126-05bccea1e8dd","childs":null,"emcosID":null,"emcosMLID":null,"codMaketTEP":null,"codTEP":null,"WSName":"DB","rangeAddress":"$AU$439:$AU$476","headAddress":"$AU$439","bodyAddress":"$AU$440:$AU$476","_name":"код"},"основное":{"_level":2,"parentID":"c17122f4-c7a5-4060-ae5d-2d6252a81c70","firstParentID":"86f56f7a-216b-4d8e-8b0c-e7532edfada2","ID":"d107650d-69eb-41c2-945d-1db8e82cface","childs":null,"emcosID":null,"emcosMLID":null,"codMaketTEP":null,"codTEP":null,"WSName":"DB","rangeAddress":"$AV$439:$AV$476","headAddress":"$AV$439","bodyAddress":"$AV$440:$AV$476","_name":"основное"},"заявка":{"_level":2,"parentID":"c17122f4-c7a5-4060-ae5d-2d6252a81c70","firstParentID":"86f56f7a-216b-4d8e-8b0c-e7532edfada2","ID":"49e45656-04d4-49d5-88cc-0fd18d89a4da","childs":null,"emcosID":null,"emcosMLID":null,"codMaketTEP":null,"codTEP":null,"WSName":"DB","rangeAddress":"$AW$439:$AW$476","headAddress":"$AW$439","bodyAddress":"$AW$440:$AW$476","_name":"заявка"},"утвержденный":{"_level":2,"parentID":"c17122f4-c7a5-4060-ae5d-2d6252a81c70","firstParentID":"86f56f7a-216b-4d8e-8b0c-e7532edfada2","ID":"1bfe0873-41a8-4893-b171-8b54c3582fa6","childs":null,"emcosID":null,"emcosMLID":null,"codMaketTEP":null,"codTEP":null,"WSName":"DB","rangeAddress":"$AX$439:$AX$476","headAddress":"$AX$439","bodyAddress":"$AX$440:$AX$476","_name":"утвержденный"},"корректировка":{"_level":2,"parentID":"c17122f4-c7a5-4060-ae5d-2d6252a81c70","firstParentID":"86f56f7a-216b-4d8e-8b0c-e7532edfada2","ID":"588f5f0a-229f-4191-960c-9dfd18dee604","childs":null,"emcosID":null,"emcosMLID":null,"codMaketTEP":null,"codTEP":null,"WSName":"DB","rangeAddress":"$AY$439:$AY$476","headAddress":"$AY$439","bodyAddress":"$AY$440:$AY$476","_name":"корректировка"}},"emcosID":null,"emcosMLID":null,"codMaketTEP":null,"codTEP":null,"WSName":"DB","rangeAddress":"$AU$438:$AY$476","headAddress":"$AU$438:$AY$438","bodyAddress":"$AU$439:$AY$476","_name":"план"}},"emcosID":null,"emcosMLID":null,"codMaketTEP":null,"codTEP":null,"WSName":"DB","rangeAddress":"$AO$437:$AY$476","headAddress":"$AO$437:$AY$437","bodyAddress":"$AO$438:$AY$476","_name":"Потребление в границах АЖК"}},"codPlan":5,"meterCoef":null,"_name":"Потребление в границах АЖК"}