{"ID":"ac431095-8843-454e-a40e-ab5246dc075e","childs":{"PS":{"_level":0,"parentID":"ac431095-8843-454e-a40e-ab5246dc075e","firstParentID":"ac431095-8843-454e-a40e-ab5246dc075e","ID":"f67ab229-808d-4eb6-8364-c1a570b99c79","childs":{"прием":{"_level":1,"parentID":"f67ab229-808d-4eb6-8364-c1a570b99c79","firstParentID":"ac431095-8843-454e-a40e-ab5246dc075e","ID":"4687fd81-85a5-4d16-ab7d-3e70e1b370d0","childs":{"формула":{"_level":2,"parentID":"4687fd81-85a5-4d16-ab7d-3e70e1b370d0","firstParentID":"ac431095-8843-454e-a40e-ab5246dc075e","ID":"beeebaf7-2bd3-4196-a61b-32e7a744ac7a","childs":null,"emcosID":null,"emcosMLID":null,"codMaketTEP":null,"codTEP":null,"WSName":"PS","rangeAddress":"$B$228:$B$264","headAddress":"$B$228","bodyAddress":"$B$229:$B$264","_name":"формула"},"ОПЕРАТИВНОЕ":{"_level":2,"parentID":"4687fd81-85a5-4d16-ab7d-3e70e1b370d0","firstParentID":"ac431095-8843-454e-a40e-ab5246dc075e","ID":"fcf47da1-da7e-412a-9b4d-7da3aad87a98","childs":null,"emcosID":null,"emcosMLID":null,"codMaketTEP":null,"codTEP":null,"WSName":"PS","rangeAddress":"$C$228:$C$264","headAddress":"$C$228","bodyAddress":"$C$229:$C$264","_name":"ОПЕРАТИВНОЕ"}},"emcosID":null,"emcosMLID":null,"codMaketTEP":1454,"codTEP":null,"WSName":"PS","rangeAddress":"$B$227:$C$264","headAddress":"$B$227:$C$227","bodyAddress":"$B$228:$C$264","_name":"прием"},"план":{"_level":1,"parentID":"f67ab229-808d-4eb6-8364-c1a570b99c79","firstParentID":"ac431095-8843-454e-a40e-ab5246dc075e","ID":"bdd414fd-a375-4c27-bedb-e5c1f348050d","childs":{"заявка":{"_level":2,"parentID":"bdd414fd-a375-4c27-bedb-e5c1f348050d","firstParentID":"ac431095-8843-454e-a40e-ab5246dc075e","ID":"32d37f8b-072f-44af-a4e6-4cbe2900f586","childs":null,"emcosID":null,"emcosMLID":null,"codMaketTEP":null,"codTEP":null,"WSName":"PS","rangeAddress":"$D$228:$D$264","headAddress":"$D$228","bodyAddress":"$D$229:$D$264","_name":"заявка"}},"emcosID":null,"emcosMLID":null,"codMaketTEP":null,"codTEP":null,"WSName":"PS","rangeAddress":"$D$227:$D$264","headAddress":"$D$227","bodyAddress":"$D$228:$D$264","_name":"план"}},"emcosID":null,"emcosMLID":null,"codMaketTEP":null,"codTEP":null,"WSName":"PS","rangeAddress":"$B$226:$D$264","headAddress":"$B$226:$D$226","bodyAddress":"$B$227:$D$264","_name":"Потребление ТАТЭК"},"DB":{"_level":0,"parentID":"ac431095-8843-454e-a40e-ab5246dc075e","firstParentID":"ac431095-8843-454e-a40e-ab5246dc075e","ID":"64da23e1-8169-40fc-b261-f842f6c3f09e","childs":{"прием":{"_level":1,"parentID":"64da23e1-8169-40fc-b261-f842f6c3f09e","firstParentID":"ac431095-8843-454e-a40e-ab5246dc075e","ID":"111915f9-0510-4c03-a2da-08358245abcc","childs":{"код":{"_level":2,"parentID":"111915f9-0510-4c03-a2da-08358245abcc","firstParentID":"ac431095-8843-454e-a40e-ab5246dc075e","ID":"9a2a26a0-2191-444f-a9bc-46a2c797ca01","childs":null,"emcosID":null,"emcosMLID":null,"codMaketTEP":null,"codTEP":null,"WSName":"DB","rangeAddress":"$ED$224:$ED$261","headAddress":"$ED$224","bodyAddress":"$ED$225:$ED$261","_name":"код"},"основное":{"_level":2,"parentID":"111915f9-0510-4c03-a2da-08358245abcc","firstParentID":"ac431095-8843-454e-a40e-ab5246dc075e","ID":"8264d016-7854-47ee-87b0-60c1b01a857f","childs":null,"emcosID":null,"emcosMLID":null,"codMaketTEP":null,"codTEP":null,"WSName":"DB","rangeAddress":"$EE$224:$EE$261","headAddress":"$EE$224","bodyAddress":"$EE$225:$EE$261","_name":"основное"},"корректировка факт":{"_level":2,"parentID":"111915f9-0510-4c03-a2da-08358245abcc","firstParentID":"ac431095-8843-454e-a40e-ab5246dc075e","ID":"98080110-f14c-4444-aea5-293f1216f468","childs":null,"emcosID":null,"emcosMLID":null,"codMaketTEP":null,"codTEP":null,"WSName":"DB","rangeAddress":"$EF$224:$EF$261","headAddress":"$EF$224","bodyAddress":"$EF$225:$EF$261","_name":"корректировка факт"},"ручное":{"_level":2,"parentID":"111915f9-0510-4c03-a2da-08358245abcc","firstParentID":"ac431095-8843-454e-a40e-ab5246dc075e","ID":"d1f59ac0-a2af-4cb9-8f96-31d8d3ec187e","childs":null,"emcosID":null,"emcosMLID":null,"codMaketTEP":null,"codTEP":null,"WSName":"DB","rangeAddress":"$EG$224:$EG$261","headAddress":"$EG$224","bodyAddress":"$EG$225:$EG$261","_name":"ручное"},"по плану":{"_level":2,"parentID":"111915f9-0510-4c03-a2da-08358245abcc","firstParentID":"ac431095-8843-454e-a40e-ab5246dc075e","ID":"7d656087-aca3-4160-8894-6524de19e411","childs":null,"emcosID":null,"emcosMLID":null,"codMaketTEP":null,"codTEP":null,"WSName":"DB","rangeAddress":"$EH$224:$EH$261","headAddress":"$EH$224","bodyAddress":"$EH$225:$EH$261","_name":"по плану"},"оперативное":{"_level":2,"parentID":"111915f9-0510-4c03-a2da-08358245abcc","firstParentID":"ac431095-8843-454e-a40e-ab5246dc075e","ID":"7b12976a-2a02-4d82-9201-36ee81f89338","childs":null,"emcosID":null,"emcosMLID":null,"codMaketTEP":null,"codTEP":null,"WSName":"DB","rangeAddress":"$EI$224:$EI$261","headAddress":"$EI$224","bodyAddress":"$EI$225:$EI$261","_name":"оперативное"},"формула":{"_level":2,"parentID":"111915f9-0510-4c03-a2da-08358245abcc","firstParentID":"ac431095-8843-454e-a40e-ab5246dc075e","ID":"05f544f8-a0f2-4503-b210-21f1fb21facf","childs":null,"emcosID":null,"emcosMLID":null,"codMaketTEP":null,"codTEP":null,"WSName":"DB","rangeAddress":"$EJ$224:$EJ$261","headAddress":"$EJ$224","bodyAddress":"$EJ$225:$EJ$261","_name":"формула"}},"emcosID":null,"emcosMLID":null,"codMaketTEP":null,"codTEP":null,"WSName":"DB","rangeAddress":"$ED$223:$EJ$261","headAddress":"$ED$223:$EJ$223","bodyAddress":"$ED$224:$EJ$261","_name":"прием"},"план":{"_level":1,"parentID":"64da23e1-8169-40fc-b261-f842f6c3f09e","firstParentID":"ac431095-8843-454e-a40e-ab5246dc075e","ID":"5b095d5e-b4a8-4c09-8b4e-4072b1598ace","childs":{"код":{"_level":2,"parentID":"5b095d5e-b4a8-4c09-8b4e-4072b1598ace","firstParentID":"ac431095-8843-454e-a40e-ab5246dc075e","ID":"37167e2b-a6e2-4ae9-ab7c-ade34802b6db","childs":null,"emcosID":null,"emcosMLID":null,"codMaketTEP":null,"codTEP":null,"WSName":"DB","rangeAddress":"$EK$224:$EK$261","headAddress":"$EK$224","bodyAddress":"$EK$225:$EK$261","_name":"код"},"основное":{"_level":2,"parentID":"5b095d5e-b4a8-4c09-8b4e-4072b1598ace","firstParentID":"ac431095-8843-454e-a40e-ab5246dc075e","ID":"4f4fe422-b7d0-4f9d-be53-ad61abb48748","childs":null,"emcosID":null,"emcosMLID":null,"codMaketTEP":null,"codTEP":null,"WSName":"DB","rangeAddress":"$EL$224:$EL$261","headAddress":"$EL$224","bodyAddress":"$EL$225:$EL$261","_name":"основное"},"заявка":{"_level":2,"parentID":"5b095d5e-b4a8-4c09-8b4e-4072b1598ace","firstParentID":"ac431095-8843-454e-a40e-ab5246dc075e","ID":"4a97dd0a-d21a-4474-bc26-dda761692ae8","childs":null,"emcosID":null,"emcosMLID":null,"codMaketTEP":null,"codTEP":null,"WSName":"DB","rangeAddress":"$EM$224:$EM$261","headAddress":"$EM$224","bodyAddress":"$EM$225:$EM$261","_name":"заявка"},"утвержденный":{"_level":2,"parentID":"5b095d5e-b4a8-4c09-8b4e-4072b1598ace","firstParentID":"ac431095-8843-454e-a40e-ab5246dc075e","ID":"19cec302-1a79-46ee-81e6-2ab2cacc4310","childs":null,"emcosID":null,"emcosMLID":null,"codMaketTEP":null,"codTEP":null,"WSName":"DB","rangeAddress":"$EN$224:$EN$261","headAddress":"$EN$224","bodyAddress":"$EN$225:$EN$261","_name":"утвержденный"},"корректировка":{"_level":2,"parentID":"5b095d5e-b4a8-4c09-8b4e-4072b1598ace","firstParentID":"ac431095-8843-454e-a40e-ab5246dc075e","ID":"525b6275-5ac7-472b-b61e-25e772c9861f","childs":null,"emcosID":null,"emcosMLID":null,"codMaketTEP":null,"codTEP":null,"WSName":"DB","rangeAddress":"$EO$224:$EO$261","headAddress":"$EO$224","bodyAddress":"$EO$225:$EO$261","_name":"корректировка"}},"emcosID":null,"emcosMLID":null,"codMaketTEP":null,"codTEP":null,"WSName":"DB","rangeAddress":"$EK$223:$EO$261","headAddress":"$EK$223:$EO$223","bodyAddress":"$EK$224:$EO$261","_name":"план"}},"emcosID":null,"emcosMLID":null,"codMaketTEP":null,"codTEP":null,"WSName":"DB","rangeAddress":"$ED$222:$EO$261","headAddress":"$ED$222:$EO$222","bodyAddress":"$ED$223:$EO$261","_name":"Потребление ТАТЭК"}},"codPlan":119,"meterCoef":null,"_name":"Потребление ТАТЭК"}