{"ID":"afb277bb-15d3-4cb0-94ea-551d283bbea3","childs":{"PS":{"_level":0,"parentID":"afb277bb-15d3-4cb0-94ea-551d283bbea3","firstParentID":"afb277bb-15d3-4cb0-94ea-551d283bbea3","ID":"dd817bb2-8172-488b-9ecf-83dcac9c0248","childs":{"прием":{"_level":1,"parentID":"dd817bb2-8172-488b-9ecf-83dcac9c0248","firstParentID":"afb277bb-15d3-4cb0-94ea-551d283bbea3","ID":"c97db657-4911-497c-bffb-4c7490899014","childs":{"формула":{"_level":2,"parentID":"c97db657-4911-497c-bffb-4c7490899014","firstParentID":"afb277bb-15d3-4cb0-94ea-551d283bbea3","ID":"e1e67aa8-0594-43c7-8460-80e758579152","childs":null,"emcosID":null,"emcosMLID":null,"codMaketTEP":null,"codTEP":null,"WSName":"PS","rangeAddress":"$BD$185:$BD$221","headAddress":"$BD$185","bodyAddress":"$BD$186:$BD$221","_name":"формула"}},"emcosID":null,"emcosMLID":null,"codMaketTEP":1370,"codTEP":null,"WSName":"PS","rangeAddress":"$BD$184:$BD$221","headAddress":"$BD$184","bodyAddress":"$BD$185:$BD$221","_name":"прием"}},"emcosID":null,"emcosMLID":null,"codMaketTEP":null,"codTEP":null,"WSName":"PS","rangeAddress":"$BD$183:$BD$221","headAddress":"$BD$183","bodyAddress":"$BD$184:$BD$221","_name":"Потребление Компания Эрго Алматы"},"DB":{"_level":0,"parentID":"afb277bb-15d3-4cb0-94ea-551d283bbea3","firstParentID":"afb277bb-15d3-4cb0-94ea-551d283bbea3","ID":"a16fcb9d-257b-4e67-8548-17f3ec193399","childs":{"прием":{"_level":1,"parentID":"a16fcb9d-257b-4e67-8548-17f3ec193399","firstParentID":"afb277bb-15d3-4cb0-94ea-551d283bbea3","ID":"6e78f5ae-412d-4735-a25e-fee5faf235e5","childs":{"код":{"_level":2,"parentID":"6e78f5ae-412d-4735-a25e-fee5faf235e5","firstParentID":"afb277bb-15d3-4cb0-94ea-551d283bbea3","ID":"4f8782ce-b115-411d-92c1-07b11e64d660","childs":null,"emcosID":null,"emcosMLID":null,"codMaketTEP":null,"codTEP":null,"WSName":"DB","rangeAddress":"$BE$439:$BE$476","headAddress":"$BE$439","bodyAddress":"$BE$440:$BE$476","_name":"код"},"основное":{"_level":2,"parentID":"6e78f5ae-412d-4735-a25e-fee5faf235e5","firstParentID":"afb277bb-15d3-4cb0-94ea-551d283bbea3","ID":"929ae1f2-51a5-4f64-aff3-d6df3502f07a","childs":null,"emcosID":null,"emcosMLID":null,"codMaketTEP":null,"codTEP":null,"WSName":"DB","rangeAddress":"$BF$439:$BF$476","headAddress":"$BF$439","bodyAddress":"$BF$440:$BF$476","_name":"основное"},"корректировка факт":{"_level":2,"parentID":"6e78f5ae-412d-4735-a25e-fee5faf235e5","firstParentID":"afb277bb-15d3-4cb0-94ea-551d283bbea3","ID":"08e0f89f-07ba-47ca-a96a-83f18970b947","childs":null,"emcosID":null,"emcosMLID":null,"codMaketTEP":null,"codTEP":null,"WSName":"DB","rangeAddress":"$BG$439:$BG$476","headAddress":"$BG$439","bodyAddress":"$BG$440:$BG$476","_name":"корректировка факт"},"ручное":{"_level":2,"parentID":"6e78f5ae-412d-4735-a25e-fee5faf235e5","firstParentID":"afb277bb-15d3-4cb0-94ea-551d283bbea3","ID":"a0bbc9b3-55d6-445a-a47c-e04f35b78772","childs":null,"emcosID":null,"emcosMLID":null,"codMaketTEP":null,"codTEP":null,"WSName":"DB","rangeAddress":"$BH$439:$BH$476","headAddress":"$BH$439","bodyAddress":"$BH$440:$BH$476","_name":"ручное"},"формула":{"_level":2,"parentID":"6e78f5ae-412d-4735-a25e-fee5faf235e5","firstParentID":"afb277bb-15d3-4cb0-94ea-551d283bbea3","ID":"4e15e93d-f2b4-4916-b7e2-bc1f8350498a","childs":null,"emcosID":null,"emcosMLID":null,"codMaketTEP":null,"codTEP":null,"WSName":"DB","rangeAddress":"$BI$439:$BI$476","headAddress":"$BI$439","bodyAddress":"$BI$440:$BI$476","_name":"формула"}},"emcosID":null,"emcosMLID":null,"codMaketTEP":null,"codTEP":null,"WSName":"DB","rangeAddress":"$BE$438:$BI$476","headAddress":"$BE$438:$BI$438","bodyAddress":"$BE$439:$BI$476","_name":"прием"}},"emcosID":null,"emcosMLID":null,"codMaketTEP":null,"codTEP":null,"WSName":"DB","rangeAddress":"$BE$437:$BI$476","headAddress":"$BE$437:$BI$437","bodyAddress":"$BE$438:$BI$476","_name":"Потребление Компания Эрго Алматы"}},"codPlan":null,"meterCoef":null,"_name":"Потребление Компания Эрго Алматы"}