{"ID":"b97139fc-5909-4254-bb57-dc33ac3c79d7","childs":{"PS":{"_level":0,"parentID":"b97139fc-5909-4254-bb57-dc33ac3c79d7","firstParentID":"b97139fc-5909-4254-bb57-dc33ac3c79d7","ID":"201f037c-9683-49f9-a5d4-fff20f4dafad","childs":{"прием":{"_level":1,"parentID":"201f037c-9683-49f9-a5d4-fff20f4dafad","firstParentID":"b97139fc-5909-4254-bb57-dc33ac3c79d7","ID":"998853b5-7f26-46c1-a083-e7bc7e4ede8b","childs":{"формула":{"_level":2,"parentID":"998853b5-7f26-46c1-a083-e7bc7e4ede8b","firstParentID":"b97139fc-5909-4254-bb57-dc33ac3c79d7","ID":"db99842b-40ad-4833-be77-c7ca8b1dded0","childs":null,"emcosID":null,"emcosMLID":null,"codMaketTEP":null,"codTEP":null,"WSName":"PS","rangeAddress":"$Z$228:$Z$264","headAddress":"$Z$228","bodyAddress":"$Z$229:$Z$264","_name":"формула"}},"emcosID":null,"emcosMLID":null,"codMaketTEP":1476,"codTEP":null,"WSName":"PS","rangeAddress":"$Z$227:$Z$264","headAddress":"$Z$227","bodyAddress":"$Z$228:$Z$264","_name":"прием"},"план":{"_level":1,"parentID":"201f037c-9683-49f9-a5d4-fff20f4dafad","firstParentID":"b97139fc-5909-4254-bb57-dc33ac3c79d7","ID":"f9208925-e20b-4885-bb18-f92aae407047","childs":{"заявка":{"_level":2,"parentID":"f9208925-e20b-4885-bb18-f92aae407047","firstParentID":"b97139fc-5909-4254-bb57-dc33ac3c79d7","ID":"21012b64-8a90-4f2c-b4b2-4b8f3e1ddcb0","childs":null,"emcosID":null,"emcosMLID":null,"codMaketTEP":null,"codTEP":null,"WSName":"PS","rangeAddress":"$AA$228:$AA$264","headAddress":"$AA$228","bodyAddress":"$AA$229:$AA$264","_name":"заявка"}},"emcosID":null,"emcosMLID":null,"codMaketTEP":null,"codTEP":null,"WSName":"PS","rangeAddress":"$AA$227:$AA$264","headAddress":"$AA$227","bodyAddress":"$AA$228:$AA$264","_name":"план"}},"emcosID":null,"emcosMLID":null,"codMaketTEP":null,"codTEP":null,"WSName":"PS","rangeAddress":"$Z$226:$AA$264","headAddress":"$Z$226:$AA$226","bodyAddress":"$Z$227:$AA$264","_name":"ДМС потери КТЖ Жетысу"},"DB":{"_level":0,"parentID":"b97139fc-5909-4254-bb57-dc33ac3c79d7","firstParentID":"b97139fc-5909-4254-bb57-dc33ac3c79d7","ID":"df0b4ea9-d9bb-46db-af59-8c4de648ca77","childs":{"прием":{"_level":1,"parentID":"df0b4ea9-d9bb-46db-af59-8c4de648ca77","firstParentID":"b97139fc-5909-4254-bb57-dc33ac3c79d7","ID":"2518263b-deef-4328-866d-749a5bbb39e9","childs":{"код":{"_level":2,"parentID":"2518263b-deef-4328-866d-749a5bbb39e9","firstParentID":"b97139fc-5909-4254-bb57-dc33ac3c79d7","ID":"a3d0ee78-820e-488a-89c9-fe0c7b1edc64","childs":null,"emcosID":null,"emcosMLID":null,"codMaketTEP":null,"codTEP":null,"WSName":"DB","rangeAddress":"$S$439:$S$476","headAddress":"$S$439","bodyAddress":"$S$440:$S$476","_name":"код"},"основное":{"_level":2,"parentID":"2518263b-deef-4328-866d-749a5bbb39e9","firstParentID":"b97139fc-5909-4254-bb57-dc33ac3c79d7","ID":"50d9f648-87c9-4264-b04b-cbf8a699ad62","childs":null,"emcosID":null,"emcosMLID":null,"codMaketTEP":null,"codTEP":null,"WSName":"DB","rangeAddress":"$T$439:$T$476","headAddress":"$T$439","bodyAddress":"$T$440:$T$476","_name":"основное"},"корректировка факт":{"_level":2,"parentID":"2518263b-deef-4328-866d-749a5bbb39e9","firstParentID":"b97139fc-5909-4254-bb57-dc33ac3c79d7","ID":"0d547bd9-d710-48c3-b5ed-fb027354e394","childs":null,"emcosID":null,"emcosMLID":null,"codMaketTEP":null,"codTEP":null,"WSName":"DB","rangeAddress":"$U$439:$U$476","headAddress":"$U$439","bodyAddress":"$U$440:$U$476","_name":"корректировка факт"},"ручное":{"_level":2,"parentID":"2518263b-deef-4328-866d-749a5bbb39e9","firstParentID":"b97139fc-5909-4254-bb57-dc33ac3c79d7","ID":"33984ecb-2216-4821-afa9-8564610551a4","childs":null,"emcosID":null,"emcosMLID":null,"codMaketTEP":null,"codTEP":null,"WSName":"DB","rangeAddress":"$V$439:$V$476","headAddress":"$V$439","bodyAddress":"$V$440:$V$476","_name":"ручное"},"по плану":{"_level":2,"parentID":"2518263b-deef-4328-866d-749a5bbb39e9","firstParentID":"b97139fc-5909-4254-bb57-dc33ac3c79d7","ID":"f65c2391-6c39-4ffd-b727-8e16a713f1ed","childs":null,"emcosID":null,"emcosMLID":null,"codMaketTEP":null,"codTEP":null,"WSName":"DB","rangeAddress":"$W$439:$W$476","headAddress":"$W$439","bodyAddress":"$W$440:$W$476","_name":"по плану"},"формула":{"_level":2,"parentID":"2518263b-deef-4328-866d-749a5bbb39e9","firstParentID":"b97139fc-5909-4254-bb57-dc33ac3c79d7","ID":"41a2ef8d-fab8-400d-b37e-0945488ddb49","childs":null,"emcosID":null,"emcosMLID":null,"codMaketTEP":null,"codTEP":null,"WSName":"DB","rangeAddress":"$X$439:$X$476","headAddress":"$X$439","bodyAddress":"$X$440:$X$476","_name":"формула"}},"emcosID":null,"emcosMLID":null,"codMaketTEP":null,"codTEP":null,"WSName":"DB","rangeAddress":"$S$438:$X$476","headAddress":"$S$438:$X$438","bodyAddress":"$S$439:$X$476","_name":"прием"},"план":{"_level":1,"parentID":"df0b4ea9-d9bb-46db-af59-8c4de648ca77","firstParentID":"b97139fc-5909-4254-bb57-dc33ac3c79d7","ID":"80ebe0fe-a2f5-44d8-9004-5783a4e3ff05","childs":{"код":{"_level":2,"parentID":"80ebe0fe-a2f5-44d8-9004-5783a4e3ff05","firstParentID":"b97139fc-5909-4254-bb57-dc33ac3c79d7","ID":"3cc6ad07-f343-4750-aa55-9ecffdd3a0dd","childs":null,"emcosID":null,"emcosMLID":null,"codMaketTEP":null,"codTEP":null,"WSName":"DB","rangeAddress":"$Y$439:$Y$476","headAddress":"$Y$439","bodyAddress":"$Y$440:$Y$476","_name":"код"},"основное":{"_level":2,"parentID":"80ebe0fe-a2f5-44d8-9004-5783a4e3ff05","firstParentID":"b97139fc-5909-4254-bb57-dc33ac3c79d7","ID":"986b6f42-5b41-40eb-9ad2-127c2424ca67","childs":null,"emcosID":null,"emcosMLID":null,"codMaketTEP":null,"codTEP":null,"WSName":"DB","rangeAddress":"$Z$439:$Z$476","headAddress":"$Z$439","bodyAddress":"$Z$440:$Z$476","_name":"основное"},"заявка":{"_level":2,"parentID":"80ebe0fe-a2f5-44d8-9004-5783a4e3ff05","firstParentID":"b97139fc-5909-4254-bb57-dc33ac3c79d7","ID":"1d3ef936-248a-453b-a5bc-01eebd1f38b9","childs":null,"emcosID":null,"emcosMLID":null,"codMaketTEP":null,"codTEP":null,"WSName":"DB","rangeAddress":"$AA$439:$AA$476","headAddress":"$AA$439","bodyAddress":"$AA$440:$AA$476","_name":"заявка"},"утвержденный":{"_level":2,"parentID":"80ebe0fe-a2f5-44d8-9004-5783a4e3ff05","firstParentID":"b97139fc-5909-4254-bb57-dc33ac3c79d7","ID":"269cb438-1489-4cef-a15e-b5cec0060f39","childs":null,"emcosID":null,"emcosMLID":null,"codMaketTEP":null,"codTEP":null,"WSName":"DB","rangeAddress":"$AB$439:$AB$476","headAddress":"$AB$439","bodyAddress":"$AB$440:$AB$476","_name":"утвержденный"},"корректировка":{"_level":2,"parentID":"80ebe0fe-a2f5-44d8-9004-5783a4e3ff05","firstParentID":"b97139fc-5909-4254-bb57-dc33ac3c79d7","ID":"dcda53da-dc55-4b87-badb-0522aa129849","childs":null,"emcosID":null,"emcosMLID":null,"codMaketTEP":null,"codTEP":null,"WSName":"DB","rangeAddress":"$AC$439:$AC$476","headAddress":"$AC$439","bodyAddress":"$AC$440:$AC$476","_name":"корректировка"}},"emcosID":null,"emcosMLID":null,"codMaketTEP":null,"codTEP":null,"WSName":"DB","rangeAddress":"$Y$438:$AC$476","headAddress":"$Y$438:$AC$438","bodyAddress":"$Y$439:$AC$476","_name":"план"}},"emcosID":null,"emcosMLID":null,"codMaketTEP":null,"codTEP":null,"WSName":"DB","rangeAddress":"$S$437:$AC$476","headAddress":"$S$437:$AC$437","bodyAddress":"$S$438:$AC$476","_name":"ДМС потери КТЖ Жетысу"}},"codPlan":18,"meterCoef":null,"_name":"ДМС потери КТЖ Жетысу"}