{"ID":"ba2c3c82-f2d9-4038-8de6-69ae7acc8f29","childs":{"PS":{"_level":0,"parentID":"ba2c3c82-f2d9-4038-8de6-69ae7acc8f29","firstParentID":"ba2c3c82-f2d9-4038-8de6-69ae7acc8f29","ID":"33a3baae-e35e-4cbf-a7eb-9517436518c8","childs":{"прием":{"_level":1,"parentID":"33a3baae-e35e-4cbf-a7eb-9517436518c8","firstParentID":"ba2c3c82-f2d9-4038-8de6-69ae7acc8f29","ID":"219709f0-77b5-4089-a1f5-6de8e93c1759","childs":{"оперативное":{"_level":2,"parentID":"219709f0-77b5-4089-a1f5-6de8e93c1759","firstParentID":"ba2c3c82-f2d9-4038-8de6-69ae7acc8f29","ID":"2e20f906-1837-4f38-9b72-4f13b467c34c","childs":null,"emcosID":null,"emcosMLID":null,"codMaketTEP":null,"codTEP":null,"WSName":"PS","rangeAddress":"$E$228:$E$264","headAddress":"$E$228","bodyAddress":"$E$229:$E$264","_name":"оперативное"}},"emcosID":null,"emcosMLID":null,"codMaketTEP":1443,"codTEP":null,"WSName":"PS","rangeAddress":"$E$227:$E$264","headAddress":"$E$227","bodyAddress":"$E$228:$E$264","_name":"прием"}},"emcosID":null,"emcosMLID":null,"codMaketTEP":null,"codTEP":null,"WSName":"PS","rangeAddress":"$E$226:$E$264","headAddress":"$E$226","bodyAddress":"$E$227:$E$264","_name":"От Аксу ГЭС ТАТЭК"},"DB":{"_level":0,"parentID":"ba2c3c82-f2d9-4038-8de6-69ae7acc8f29","firstParentID":"ba2c3c82-f2d9-4038-8de6-69ae7acc8f29","ID":"989a98e3-a35c-4383-a7bf-2efd79c9a12b","childs":{"прием":{"_level":1,"parentID":"989a98e3-a35c-4383-a7bf-2efd79c9a12b","firstParentID":"ba2c3c82-f2d9-4038-8de6-69ae7acc8f29","ID":"20797efc-c403-479a-8a3c-60b397d75ca9","childs":{"код":{"_level":2,"parentID":"20797efc-c403-479a-8a3c-60b397d75ca9","firstParentID":"ba2c3c82-f2d9-4038-8de6-69ae7acc8f29","ID":"f95d8d6f-090d-48fa-90b3-f22b0e3b0ec7","childs":null,"emcosID":null,"emcosMLID":null,"codMaketTEP":null,"codTEP":null,"WSName":"DB","rangeAddress":"$DY$224:$DY$261","headAddress":"$DY$224","bodyAddress":"$DY$225:$DY$261","_name":"код"},"основное":{"_level":2,"parentID":"20797efc-c403-479a-8a3c-60b397d75ca9","firstParentID":"ba2c3c82-f2d9-4038-8de6-69ae7acc8f29","ID":"8274b1d7-686e-44b1-9943-57595d6c1b3e","childs":null,"emcosID":null,"emcosMLID":null,"codMaketTEP":null,"codTEP":null,"WSName":"DB","rangeAddress":"$DZ$224:$DZ$261","headAddress":"$DZ$224","bodyAddress":"$DZ$225:$DZ$261","_name":"основное"},"корректировка факт":{"_level":2,"parentID":"20797efc-c403-479a-8a3c-60b397d75ca9","firstParentID":"ba2c3c82-f2d9-4038-8de6-69ae7acc8f29","ID":"835e90d6-78e1-4485-bd6a-d181fd7717d8","childs":null,"emcosID":null,"emcosMLID":null,"codMaketTEP":null,"codTEP":null,"WSName":"DB","rangeAddress":"$EA$224:$EA$261","headAddress":"$EA$224","bodyAddress":"$EA$225:$EA$261","_name":"корректировка факт"},"ручное":{"_level":2,"parentID":"20797efc-c403-479a-8a3c-60b397d75ca9","firstParentID":"ba2c3c82-f2d9-4038-8de6-69ae7acc8f29","ID":"a21dd5c4-fb8b-4462-81d2-666f5809e94a","childs":null,"emcosID":null,"emcosMLID":null,"codMaketTEP":null,"codTEP":null,"WSName":"DB","rangeAddress":"$EB$224:$EB$261","headAddress":"$EB$224","bodyAddress":"$EB$225:$EB$261","_name":"ручное"},"оперативное":{"_level":2,"parentID":"20797efc-c403-479a-8a3c-60b397d75ca9","firstParentID":"ba2c3c82-f2d9-4038-8de6-69ae7acc8f29","ID":"16335cf5-ae45-4839-bfe0-53ce69dcbe37","childs":null,"emcosID":null,"emcosMLID":null,"codMaketTEP":null,"codTEP":null,"WSName":"DB","rangeAddress":"$EC$224:$EC$261","headAddress":"$EC$224","bodyAddress":"$EC$225:$EC$261","_name":"оперативное"}},"emcosID":null,"emcosMLID":null,"codMaketTEP":null,"codTEP":null,"WSName":"DB","rangeAddress":"$DY$223:$EC$261","headAddress":"$DY$223:$EC$223","bodyAddress":"$DY$224:$EC$261","_name":"прием"}},"emcosID":null,"emcosMLID":null,"codMaketTEP":null,"codTEP":null,"WSName":"DB","rangeAddress":"$DY$222:$EC$261","headAddress":"$DY$222:$EC$222","bodyAddress":"$DY$223:$EC$261","_name":"От Аксу ГЭС ТАТЭК"}},"codPlan":null,"meterCoef":null,"_name":"От Аксу ГЭС ТАТЭК"}