{"ID":"bacd297d-2c9c-447f-944c-3bc254dbc9b1","childs":{"PS":{"_level":0,"parentID":"bacd297d-2c9c-447f-944c-3bc254dbc9b1","firstParentID":"bacd297d-2c9c-447f-944c-3bc254dbc9b1","ID":"cdce5398-07ae-4c42-b297-00726dfee5a9","childs":{"отдача":{"_level":1,"parentID":"cdce5398-07ae-4c42-b297-00726dfee5a9","firstParentID":"bacd297d-2c9c-447f-944c-3bc254dbc9b1","ID":"c8f59544-161e-49bf-90e2-6f5aa5cc7b36","childs":{"по счетчику":{"_level":2,"parentID":"c8f59544-161e-49bf-90e2-6f5aa5cc7b36","firstParentID":"bacd297d-2c9c-447f-944c-3bc254dbc9b1","ID":"5eaca98b-754d-4cd0-a3ae-dc6d073ce515","childs":null,"emcosID":null,"emcosMLID":null,"codMaketTEP":null,"codTEP":null,"WSName":"PS","rangeAddress":"$CS$99:$CS$135","headAddress":"$CS$99","bodyAddress":"$CS$100:$CS$135","_name":"по счетчику"},"СЧЕТЧИК":{"_level":2,"parentID":"c8f59544-161e-49bf-90e2-6f5aa5cc7b36","firstParentID":"bacd297d-2c9c-447f-944c-3bc254dbc9b1","ID":"c42b4c55-9177-4db9-b5f5-ed5194275117","childs":null,"emcosID":null,"emcosMLID":null,"codMaketTEP":null,"codTEP":null,"WSName":"PS","rangeAddress":"$CT$99:$CT$135","headAddress":"$CT$99","bodyAddress":"$CT$100:$CT$135","_name":"СЧЕТЧИК"}},"emcosID":null,"emcosMLID":null,"codMaketTEP":null,"codTEP":null,"WSName":"PS","rangeAddress":"$CS$98:$CT$135","headAddress":"$CS$98:$CT$98","bodyAddress":"$CS$99:$CT$135","_name":"отдача"}},"emcosID":null,"emcosMLID":null,"codMaketTEP":null,"codTEP":null,"WSName":"PS","rangeAddress":"$CS$97:$CT$135","headAddress":"$CS$97:$CT$97","bodyAddress":"$CS$98:$CT$135","_name":"КЛ82 ПС152 Талдыкорган"},"DB":{"_level":0,"parentID":"bacd297d-2c9c-447f-944c-3bc254dbc9b1","firstParentID":"bacd297d-2c9c-447f-944c-3bc254dbc9b1","ID":"ebcf92fa-d948-40d5-b940-8b838fd94515","childs":{"отдача":{"_level":1,"parentID":"ebcf92fa-d948-40d5-b940-8b838fd94515","firstParentID":"bacd297d-2c9c-447f-944c-3bc254dbc9b1","ID":"9f3bd126-0e6c-4d5f-9bb6-9aefc2e601dd","childs":{"код":{"_level":2,"parentID":"9f3bd126-0e6c-4d5f-9bb6-9aefc2e601dd","firstParentID":"bacd297d-2c9c-447f-944c-3bc254dbc9b1","ID":"df3b0402-210c-477d-894e-6641b7517112","childs":null,"emcosID":null,"emcosMLID":null,"codMaketTEP":null,"codTEP":null,"WSName":"DB","rangeAddress":"$DE$267:$DE$304","headAddress":"$DE$267","bodyAddress":"$DE$268:$DE$304","_name":"код"},"основное":{"_level":2,"parentID":"9f3bd126-0e6c-4d5f-9bb6-9aefc2e601dd","firstParentID":"bacd297d-2c9c-447f-944c-3bc254dbc9b1","ID":"4162f441-e159-4f0e-af1d-e90236400470","childs":null,"emcosID":null,"emcosMLID":null,"codMaketTEP":null,"codTEP":null,"WSName":"DB","rangeAddress":"$DF$267:$DF$304","headAddress":"$DF$267","bodyAddress":"$DF$268:$DF$304","_name":"основное"},"корректировка факт":{"_level":2,"parentID":"9f3bd126-0e6c-4d5f-9bb6-9aefc2e601dd","firstParentID":"bacd297d-2c9c-447f-944c-3bc254dbc9b1","ID":"a3d94897-5538-4499-8124-dcc1eb4c78a6","childs":null,"emcosID":null,"emcosMLID":null,"codMaketTEP":null,"codTEP":null,"WSName":"DB","rangeAddress":"$DG$267:$DG$304","headAddress":"$DG$267","bodyAddress":"$DG$268:$DG$304","_name":"корректировка факт"},"ручное":{"_level":2,"parentID":"9f3bd126-0e6c-4d5f-9bb6-9aefc2e601dd","firstParentID":"bacd297d-2c9c-447f-944c-3bc254dbc9b1","ID":"63f69b71-e42a-4b94-85c9-525d230bc365","childs":null,"emcosID":null,"emcosMLID":null,"codMaketTEP":null,"codTEP":null,"WSName":"DB","rangeAddress":"$DH$267:$DH$304","headAddress":"$DH$267","bodyAddress":"$DH$268:$DH$304","_name":"ручное"},"оперативное":{"_level":2,"parentID":"9f3bd126-0e6c-4d5f-9bb6-9aefc2e601dd","firstParentID":"bacd297d-2c9c-447f-944c-3bc254dbc9b1","ID":"bc6d4805-9418-4c6d-b039-e422e895217b","childs":null,"emcosID":null,"emcosMLID":null,"codMaketTEP":null,"codTEP":null,"WSName":"DB","rangeAddress":"$DI$267:$DI$304","headAddress":"$DI$267","bodyAddress":"$DI$268:$DI$304","_name":"оперативное"},"по счетчику":{"_level":2,"parentID":"9f3bd126-0e6c-4d5f-9bb6-9aefc2e601dd","firstParentID":"bacd297d-2c9c-447f-944c-3bc254dbc9b1","ID":"fb52e5a7-6204-416e-ae32-6e3136c69277","childs":null,"emcosID":null,"emcosMLID":null,"codMaketTEP":null,"codTEP":null,"WSName":"DB","rangeAddress":"$DK$267:$DK$304","headAddress":"$DK$267","bodyAddress":"$DK$268:$DK$304","_name":"по счетчику"},"счетчик":{"_level":2,"parentID":"9f3bd126-0e6c-4d5f-9bb6-9aefc2e601dd","firstParentID":"bacd297d-2c9c-447f-944c-3bc254dbc9b1","ID":"14788aff-029f-4e94-a10b-7dfa180a8136","childs":null,"emcosID":null,"emcosMLID":null,"codMaketTEP":null,"codTEP":null,"WSName":"DB","rangeAddress":"$DJ$267:$DJ$304","headAddress":"$DJ$267","bodyAddress":"$DJ$268:$DJ$304","_name":"счетчик"}},"emcosID":null,"emcosMLID":null,"codMaketTEP":null,"codTEP":null,"WSName":"DB","rangeAddress":"$DE$266:$DK$304","headAddress":"$DE$266:$DK$266","bodyAddress":"$DE$267:$DK$304","_name":"отдача"}},"emcosID":null,"emcosMLID":null,"codMaketTEP":null,"codTEP":null,"WSName":"DB","rangeAddress":"$DE$265:$DK$304","headAddress":"$DE$265:$DK$265","bodyAddress":"$DE$266:$DK$304","_name":"КЛ82 ПС152 Талдыкорган"}},"codPlan":null,"meterCoef":"6","_name":"КЛ82 ПС152 Талдыкорган"}