{"ID":"c389d3d1-c762-46a6-99e1-81178c014928","childs":{"PS":{"_level":0,"parentID":"c389d3d1-c762-46a6-99e1-81178c014928","firstParentID":"c389d3d1-c762-46a6-99e1-81178c014928","ID":"93f3d561-06d8-4eda-a994-6e6d276e0532","childs":{"прием":{"_level":1,"parentID":"93f3d561-06d8-4eda-a994-6e6d276e0532","firstParentID":"c389d3d1-c762-46a6-99e1-81178c014928","ID":"836ef17d-e143-4e32-b823-fce27cffa228","childs":{"оперативное":{"_level":2,"parentID":"836ef17d-e143-4e32-b823-fce27cffa228","firstParentID":"c389d3d1-c762-46a6-99e1-81178c014928","ID":"895605a3-d1a9-4792-bfa8-f06fadcde72b","childs":null,"emcosID":null,"emcosMLID":null,"codMaketTEP":null,"codTEP":null,"WSName":"PS","rangeAddress":"$EV$185:$EV$221","headAddress":"$EV$185","bodyAddress":"$EV$186:$EV$221","_name":"оперативное"}},"emcosID":null,"emcosMLID":null,"codMaketTEP":1326,"codTEP":null,"WSName":"PS","rangeAddress":"$EV$184:$EV$221","headAddress":"$EV$184","bodyAddress":"$EV$185:$EV$221","_name":"прием"}},"emcosID":null,"emcosMLID":null,"codMaketTEP":null,"codTEP":null,"WSName":"PS","rangeAddress":"$EV$183:$EV$221","headAddress":"$EV$183","bodyAddress":"$EV$184:$EV$221","_name":"с.н. Almaty Engineering Талгарская ГЭС"},"DB":{"_level":0,"parentID":"c389d3d1-c762-46a6-99e1-81178c014928","firstParentID":"c389d3d1-c762-46a6-99e1-81178c014928","ID":"90cb7cb1-4859-47d5-bfc7-c6e8a573a459","childs":{"прием":{"_level":1,"parentID":"90cb7cb1-4859-47d5-bfc7-c6e8a573a459","firstParentID":"c389d3d1-c762-46a6-99e1-81178c014928","ID":"d85b191b-a18b-42ee-ba8b-033b3aae06d4","childs":{"код":{"_level":2,"parentID":"d85b191b-a18b-42ee-ba8b-033b3aae06d4","firstParentID":"c389d3d1-c762-46a6-99e1-81178c014928","ID":"04a9f163-a6b6-4930-a245-9da5f198d7a9","childs":null,"emcosID":null,"emcosMLID":null,"codMaketTEP":null,"codTEP":null,"WSName":"DB","rangeAddress":"$AX$267:$AX$304","headAddress":"$AX$267","bodyAddress":"$AX$268:$AX$304","_name":"код"},"основное":{"_level":2,"parentID":"d85b191b-a18b-42ee-ba8b-033b3aae06d4","firstParentID":"c389d3d1-c762-46a6-99e1-81178c014928","ID":"58410288-61e7-453a-85a9-2576d8297d3f","childs":null,"emcosID":null,"emcosMLID":null,"codMaketTEP":null,"codTEP":null,"WSName":"DB","rangeAddress":"$AY$267:$AY$304","headAddress":"$AY$267","bodyAddress":"$AY$268:$AY$304","_name":"основное"},"корректировка факт":{"_level":2,"parentID":"d85b191b-a18b-42ee-ba8b-033b3aae06d4","firstParentID":"c389d3d1-c762-46a6-99e1-81178c014928","ID":"9de7ee73-ab20-43ab-ad38-c399689182a4","childs":null,"emcosID":null,"emcosMLID":null,"codMaketTEP":null,"codTEP":null,"WSName":"DB","rangeAddress":"$AZ$267:$AZ$304","headAddress":"$AZ$267","bodyAddress":"$AZ$268:$AZ$304","_name":"корректировка факт"},"ручное":{"_level":2,"parentID":"d85b191b-a18b-42ee-ba8b-033b3aae06d4","firstParentID":"c389d3d1-c762-46a6-99e1-81178c014928","ID":"5233a2d0-2442-4bfd-b7c1-76ca677cd6f8","childs":null,"emcosID":null,"emcosMLID":null,"codMaketTEP":null,"codTEP":null,"WSName":"DB","rangeAddress":"$BA$267:$BA$304","headAddress":"$BA$267","bodyAddress":"$BA$268:$BA$304","_name":"ручное"},"оперативное":{"_level":2,"parentID":"d85b191b-a18b-42ee-ba8b-033b3aae06d4","firstParentID":"c389d3d1-c762-46a6-99e1-81178c014928","ID":"66392975-2211-46cc-b04e-7cd52552d015","childs":null,"emcosID":null,"emcosMLID":null,"codMaketTEP":null,"codTEP":null,"WSName":"DB","rangeAddress":"$BB$267:$BB$304","headAddress":"$BB$267","bodyAddress":"$BB$268:$BB$304","_name":"оперативное"}},"emcosID":null,"emcosMLID":null,"codMaketTEP":null,"codTEP":null,"WSName":"DB","rangeAddress":"$AX$266:$BB$304","headAddress":"$AX$266:$BB$266","bodyAddress":"$AX$267:$BB$304","_name":"прием"}},"emcosID":null,"emcosMLID":null,"codMaketTEP":null,"codTEP":null,"WSName":"DB","rangeAddress":"$AX$265:$BB$304","headAddress":"$AX$265:$BB$265","bodyAddress":"$AX$266:$BB$304","_name":"с.н. Almaty Engineering Талгарская ГЭС"}},"codPlan":null,"meterCoef":null,"_name":"с.н. Almaty Engineering Талгарская ГЭС"}