{"ID":"ce9c1ac7-1815-41b3-bb70-dc9d7fcd6c71","childs":{"PS":{"_level":0,"parentID":"ce9c1ac7-1815-41b3-bb70-dc9d7fcd6c71","firstParentID":"ce9c1ac7-1815-41b3-bb70-dc9d7fcd6c71","ID":"7a79833f-f7c3-4e57-b5cf-962d27cb51e5","childs":{"прием":{"_level":1,"parentID":"7a79833f-f7c3-4e57-b5cf-962d27cb51e5","firstParentID":"ce9c1ac7-1815-41b3-bb70-dc9d7fcd6c71","ID":"3f4464fd-350d-4e37-a909-cc46e0b1b08c","childs":{"по счетчику":{"_level":2,"parentID":"3f4464fd-350d-4e37-a909-cc46e0b1b08c","firstParentID":"ce9c1ac7-1815-41b3-bb70-dc9d7fcd6c71","ID":"bde89687-40cd-4c6e-b236-c267b319f358","childs":null,"emcosID":null,"emcosMLID":null,"codMaketTEP":null,"codTEP":null,"WSName":"PS","rangeAddress":"$AH$56:$AH$92","headAddress":"$AH$56","bodyAddress":"$AH$57:$AH$92","_name":"по счетчику"},"СЧЕТЧИК":{"_level":2,"parentID":"3f4464fd-350d-4e37-a909-cc46e0b1b08c","firstParentID":"ce9c1ac7-1815-41b3-bb70-dc9d7fcd6c71","ID":"d70c9984-34d0-42ff-a2d2-1256cd20efab","childs":null,"emcosID":null,"emcosMLID":null,"codMaketTEP":null,"codTEP":null,"WSName":"PS","rangeAddress":"$AI$56:$AI$92","headAddress":"$AI$56","bodyAddress":"$AI$57:$AI$92","_name":"СЧЕТЧИК"}},"emcosID":null,"emcosMLID":null,"codMaketTEP":null,"codTEP":null,"WSName":"PS","rangeAddress":"$AH$55:$AI$92","headAddress":"$AH$55:$AI$55","bodyAddress":"$AH$56:$AI$92","_name":"прием"},"отдача":{"_level":1,"parentID":"7a79833f-f7c3-4e57-b5cf-962d27cb51e5","firstParentID":"ce9c1ac7-1815-41b3-bb70-dc9d7fcd6c71","ID":"157f19a3-89de-40fb-b97e-99a7894a28ad","childs":{"по счетчику":{"_level":2,"parentID":"157f19a3-89de-40fb-b97e-99a7894a28ad","firstParentID":"ce9c1ac7-1815-41b3-bb70-dc9d7fcd6c71","ID":"be911414-38de-4573-b84b-e8a1eb1d7431","childs":null,"emcosID":null,"emcosMLID":null,"codMaketTEP":null,"codTEP":null,"WSName":"PS","rangeAddress":"$AJ$56:$AJ$92","headAddress":"$AJ$56","bodyAddress":"$AJ$57:$AJ$92","_name":"по счетчику"},"СЧЕТЧИК":{"_level":2,"parentID":"157f19a3-89de-40fb-b97e-99a7894a28ad","firstParentID":"ce9c1ac7-1815-41b3-bb70-dc9d7fcd6c71","ID":"137b6381-a28a-4775-b283-7c87694ae60a","childs":null,"emcosID":null,"emcosMLID":null,"codMaketTEP":null,"codTEP":null,"WSName":"PS","rangeAddress":"$AK$56:$AK$92","headAddress":"$AK$56","bodyAddress":"$AK$57:$AK$92","_name":"СЧЕТЧИК"}},"emcosID":null,"emcosMLID":null,"codMaketTEP":null,"codTEP":null,"WSName":"PS","rangeAddress":"$AJ$55:$AK$92","headAddress":"$AJ$55:$AK$55","bodyAddress":"$AJ$56:$AK$92","_name":"отдача"}},"emcosID":null,"emcosMLID":null,"codMaketTEP":null,"codTEP":null,"WSName":"PS","rangeAddress":"$AH$54:$AK$92","headAddress":"$AH$54:$AK$54","bodyAddress":"$AH$55:$AK$92","_name":"Л2203 ЮКГРЭС"},"DB":{"_level":0,"parentID":"ce9c1ac7-1815-41b3-bb70-dc9d7fcd6c71","firstParentID":"ce9c1ac7-1815-41b3-bb70-dc9d7fcd6c71","ID":"b6fd3035-b114-4981-8394-f2d76f67b450","childs":{"прием":{"_level":1,"parentID":"b6fd3035-b114-4981-8394-f2d76f67b450","firstParentID":"ce9c1ac7-1815-41b3-bb70-dc9d7fcd6c71","ID":"00517ed5-0d9c-4e65-86d2-c0aeeedff899","childs":{"код":{"_level":2,"parentID":"00517ed5-0d9c-4e65-86d2-c0aeeedff899","firstParentID":"ce9c1ac7-1815-41b3-bb70-dc9d7fcd6c71","ID":"90fda2d1-eb49-4780-877a-fbfdf5169f19","childs":null,"emcosID":null,"emcosMLID":null,"codMaketTEP":null,"codTEP":null,"WSName":"DB","rangeAddress":"$KM$9:$KM$46","headAddress":"$KM$9","bodyAddress":"$KM$10:$KM$46","_name":"код"},"основное":{"_level":2,"parentID":"00517ed5-0d9c-4e65-86d2-c0aeeedff899","firstParentID":"ce9c1ac7-1815-41b3-bb70-dc9d7fcd6c71","ID":"240fc160-a6f8-4531-bc0c-de00babb9ed7","childs":null,"emcosID":null,"emcosMLID":null,"codMaketTEP":null,"codTEP":null,"WSName":"DB","rangeAddress":"$KN$9:$KN$46","headAddress":"$KN$9","bodyAddress":"$KN$10:$KN$46","_name":"основное"},"корректировка факт":{"_level":2,"parentID":"00517ed5-0d9c-4e65-86d2-c0aeeedff899","firstParentID":"ce9c1ac7-1815-41b3-bb70-dc9d7fcd6c71","ID":"f7dcb56c-2e43-4d72-a19b-43c03d07cceb","childs":null,"emcosID":null,"emcosMLID":null,"codMaketTEP":null,"codTEP":null,"WSName":"DB","rangeAddress":"$KO$9:$KO$46","headAddress":"$KO$9","bodyAddress":"$KO$10:$KO$46","_name":"корректировка факт"},"ручное":{"_level":2,"parentID":"00517ed5-0d9c-4e65-86d2-c0aeeedff899","firstParentID":"ce9c1ac7-1815-41b3-bb70-dc9d7fcd6c71","ID":"86f6778f-b356-4917-aa35-0aab008bb0ac","childs":null,"emcosID":null,"emcosMLID":null,"codMaketTEP":null,"codTEP":null,"WSName":"DB","rangeAddress":"$KP$9:$KP$46","headAddress":"$KP$9","bodyAddress":"$KP$10:$KP$46","_name":"ручное"},"счетчик":{"_level":2,"parentID":"00517ed5-0d9c-4e65-86d2-c0aeeedff899","firstParentID":"ce9c1ac7-1815-41b3-bb70-dc9d7fcd6c71","ID":"6a99964b-b71f-4977-8709-5a98060b3324","childs":null,"emcosID":null,"emcosMLID":null,"codMaketTEP":null,"codTEP":null,"WSName":"DB","rangeAddress":"$KQ$9:$KQ$46","headAddress":"$KQ$9","bodyAddress":"$KQ$10:$KQ$46","_name":"счетчик"},"по счетчику":{"_level":2,"parentID":"00517ed5-0d9c-4e65-86d2-c0aeeedff899","firstParentID":"ce9c1ac7-1815-41b3-bb70-dc9d7fcd6c71","ID":"dc745924-980c-49bf-94d6-a7ce8a0aa3d6","childs":null,"emcosID":null,"emcosMLID":null,"codMaketTEP":null,"codTEP":null,"WSName":"DB","rangeAddress":"$KR$9:$KR$46","headAddress":"$KR$9","bodyAddress":"$KR$10:$KR$46","_name":"по счетчику"}},"emcosID":null,"emcosMLID":null,"codMaketTEP":null,"codTEP":null,"WSName":"DB","rangeAddress":"$KM$8:$KR$46","headAddress":"$KM$8:$KR$8","bodyAddress":"$KM$9:$KR$46","_name":"прием"},"отдача":{"_level":1,"parentID":"b6fd3035-b114-4981-8394-f2d76f67b450","firstParentID":"ce9c1ac7-1815-41b3-bb70-dc9d7fcd6c71","ID":"fe5ce2b7-579a-48da-95e2-fd7beef97729","childs":{"код":{"_level":2,"parentID":"fe5ce2b7-579a-48da-95e2-fd7beef97729","firstParentID":"ce9c1ac7-1815-41b3-bb70-dc9d7fcd6c71","ID":"72872776-ec37-470f-83c3-25b7e9c64460","childs":null,"emcosID":null,"emcosMLID":null,"codMaketTEP":null,"codTEP":null,"WSName":"DB","rangeAddress":"$KS$9:$KS$46","headAddress":"$KS$9","bodyAddress":"$KS$10:$KS$46","_name":"код"},"основное":{"_level":2,"parentID":"fe5ce2b7-579a-48da-95e2-fd7beef97729","firstParentID":"ce9c1ac7-1815-41b3-bb70-dc9d7fcd6c71","ID":"4865e2f6-527b-4fa0-b9af-c2339d1bb447","childs":null,"emcosID":null,"emcosMLID":null,"codMaketTEP":null,"codTEP":null,"WSName":"DB","rangeAddress":"$KT$9:$KT$46","headAddress":"$KT$9","bodyAddress":"$KT$10:$KT$46","_name":"основное"},"корректировка факт":{"_level":2,"parentID":"fe5ce2b7-579a-48da-95e2-fd7beef97729","firstParentID":"ce9c1ac7-1815-41b3-bb70-dc9d7fcd6c71","ID":"363d7739-2921-4aee-91d8-8bc83f93cd26","childs":null,"emcosID":null,"emcosMLID":null,"codMaketTEP":null,"codTEP":null,"WSName":"DB","rangeAddress":"$KU$9:$KU$46","headAddress":"$KU$9","bodyAddress":"$KU$10:$KU$46","_name":"корректировка факт"},"ручное":{"_level":2,"parentID":"fe5ce2b7-579a-48da-95e2-fd7beef97729","firstParentID":"ce9c1ac7-1815-41b3-bb70-dc9d7fcd6c71","ID":"0f3765c6-a75a-4564-8c24-a01ca14ba8d5","childs":null,"emcosID":null,"emcosMLID":null,"codMaketTEP":null,"codTEP":null,"WSName":"DB","rangeAddress":"$KV$9:$KV$46","headAddress":"$KV$9","bodyAddress":"$KV$10:$KV$46","_name":"ручное"},"счетчик":{"_level":2,"parentID":"fe5ce2b7-579a-48da-95e2-fd7beef97729","firstParentID":"ce9c1ac7-1815-41b3-bb70-dc9d7fcd6c71","ID":"988def64-baac-49df-8c91-723ff52621d1","childs":null,"emcosID":null,"emcosMLID":null,"codMaketTEP":null,"codTEP":null,"WSName":"DB","rangeAddress":"$KW$9:$KW$46","headAddress":"$KW$9","bodyAddress":"$KW$10:$KW$46","_name":"счетчик"},"по счетчику":{"_level":2,"parentID":"fe5ce2b7-579a-48da-95e2-fd7beef97729","firstParentID":"ce9c1ac7-1815-41b3-bb70-dc9d7fcd6c71","ID":"8aa1786f-74e4-41e1-aa59-ac8157374eb0","childs":null,"emcosID":null,"emcosMLID":null,"codMaketTEP":null,"codTEP":null,"WSName":"DB","rangeAddress":"$KX$9:$KX$46","headAddress":"$KX$9","bodyAddress":"$KX$10:$KX$46","_name":"по счетчику"}},"emcosID":null,"emcosMLID":null,"codMaketTEP":null,"codTEP":null,"WSName":"DB","rangeAddress":"$KS$8:$KX$46","headAddress":"$KS$8:$KX$8","bodyAddress":"$KS$9:$KX$46","_name":"отдача"}},"emcosID":null,"emcosMLID":null,"codMaketTEP":null,"codTEP":null,"WSName":"DB","rangeAddress":"$KM$7:$KX$46","headAddress":"$KM$7:$KX$7","bodyAddress":"$KM$8:$KX$46","_name":"Л2203 ЮКГРЭС"}},"codPlan":null,"meterCoef":"1320","_name":"Л2203 ЮКГРЭС"}