{"ID":"cf3d9fe9-2c72-4bcc-9abf-18573941f59b","childs":{"PS":{"_level":0,"parentID":"cf3d9fe9-2c72-4bcc-9abf-18573941f59b","firstParentID":"cf3d9fe9-2c72-4bcc-9abf-18573941f59b","ID":"a64570e1-a52f-4db3-8475-adf9fa181579","childs":{"отдача":{"_level":1,"parentID":"a64570e1-a52f-4db3-8475-adf9fa181579","firstParentID":"cf3d9fe9-2c72-4bcc-9abf-18573941f59b","ID":"21966269-b400-42e0-ab09-56afba2d9d5b","childs":{"по счетчику":{"_level":2,"parentID":"21966269-b400-42e0-ab09-56afba2d9d5b","firstParentID":"cf3d9fe9-2c72-4bcc-9abf-18573941f59b","ID":"f8aa3c61-3413-453a-8824-d7577777925d","childs":null,"emcosID":null,"emcosMLID":null,"codMaketTEP":null,"codTEP":null,"WSName":"PS","rangeAddress":"$BL$99:$BL$135","headAddress":"$BL$99","bodyAddress":"$BL$100:$BL$135","_name":"по счетчику"},"СЧЕТЧИК":{"_level":2,"parentID":"21966269-b400-42e0-ab09-56afba2d9d5b","firstParentID":"cf3d9fe9-2c72-4bcc-9abf-18573941f59b","ID":"53eaf917-2f63-49a1-b84a-e4a59cd588ac","childs":null,"emcosID":null,"emcosMLID":null,"codMaketTEP":null,"codTEP":null,"WSName":"PS","rangeAddress":"$BM$99:$BM$135","headAddress":"$BM$99","bodyAddress":"$BM$100:$BM$135","_name":"СЧЕТЧИК"}},"emcosID":null,"emcosMLID":null,"codMaketTEP":null,"codTEP":null,"WSName":"PS","rangeAddress":"$BL$98:$BM$135","headAddress":"$BL$98:$BM$98","bodyAddress":"$BL$99:$BM$135","_name":"отдача"}},"emcosID":null,"emcosMLID":null,"codMaketTEP":null,"codTEP":null,"WSName":"PS","rangeAddress":"$BL$97:$BM$135","headAddress":"$BL$97:$BM$97","bodyAddress":"$BL$98:$BM$135","_name":"КЛ12 ПС149 Талдыкорган ЗЩА"},"DB":{"_level":0,"parentID":"cf3d9fe9-2c72-4bcc-9abf-18573941f59b","firstParentID":"cf3d9fe9-2c72-4bcc-9abf-18573941f59b","ID":"f296cf2a-6989-4a17-b3d6-f5e688c55231","childs":{"отдача":{"_level":1,"parentID":"f296cf2a-6989-4a17-b3d6-f5e688c55231","firstParentID":"cf3d9fe9-2c72-4bcc-9abf-18573941f59b","ID":"8eb3be4a-f309-4408-8ba2-4a79434b7854","childs":{"код":{"_level":2,"parentID":"8eb3be4a-f309-4408-8ba2-4a79434b7854","firstParentID":"cf3d9fe9-2c72-4bcc-9abf-18573941f59b","ID":"44604fe2-ccf3-49ae-8767-a9465d51551c","childs":null,"emcosID":null,"emcosMLID":null,"codMaketTEP":null,"codTEP":null,"WSName":"DB","rangeAddress":"$EG$267:$EG$304","headAddress":"$EG$267","bodyAddress":"$EG$268:$EG$304","_name":"код"},"основное":{"_level":2,"parentID":"8eb3be4a-f309-4408-8ba2-4a79434b7854","firstParentID":"cf3d9fe9-2c72-4bcc-9abf-18573941f59b","ID":"0ea92e71-7069-412e-ab5f-c163fd5a5001","childs":null,"emcosID":null,"emcosMLID":null,"codMaketTEP":null,"codTEP":null,"WSName":"DB","rangeAddress":"$EH$267:$EH$304","headAddress":"$EH$267","bodyAddress":"$EH$268:$EH$304","_name":"основное"},"корректировка факт":{"_level":2,"parentID":"8eb3be4a-f309-4408-8ba2-4a79434b7854","firstParentID":"cf3d9fe9-2c72-4bcc-9abf-18573941f59b","ID":"48e84d63-77d0-4f56-91c6-efaba7f2badf","childs":null,"emcosID":null,"emcosMLID":null,"codMaketTEP":null,"codTEP":null,"WSName":"DB","rangeAddress":"$EI$267:$EI$304","headAddress":"$EI$267","bodyAddress":"$EI$268:$EI$304","_name":"корректировка факт"},"ручное":{"_level":2,"parentID":"8eb3be4a-f309-4408-8ba2-4a79434b7854","firstParentID":"cf3d9fe9-2c72-4bcc-9abf-18573941f59b","ID":"f06a0457-a3ea-41c0-8c14-f4482357591f","childs":null,"emcosID":null,"emcosMLID":null,"codMaketTEP":null,"codTEP":null,"WSName":"DB","rangeAddress":"$EJ$267:$EJ$304","headAddress":"$EJ$267","bodyAddress":"$EJ$268:$EJ$304","_name":"ручное"},"оперативное":{"_level":2,"parentID":"8eb3be4a-f309-4408-8ba2-4a79434b7854","firstParentID":"cf3d9fe9-2c72-4bcc-9abf-18573941f59b","ID":"657b3211-6ae9-48e3-b1b7-e388a1b847ee","childs":null,"emcosID":null,"emcosMLID":null,"codMaketTEP":null,"codTEP":null,"WSName":"DB","rangeAddress":"$EK$267:$EK$304","headAddress":"$EK$267","bodyAddress":"$EK$268:$EK$304","_name":"оперативное"},"счетчик":{"_level":2,"parentID":"8eb3be4a-f309-4408-8ba2-4a79434b7854","firstParentID":"cf3d9fe9-2c72-4bcc-9abf-18573941f59b","ID":"d44cc6e0-d12a-4f42-8b6b-4079a21380d6","childs":null,"emcosID":null,"emcosMLID":null,"codMaketTEP":null,"codTEP":null,"WSName":"DB","rangeAddress":"$EL$267:$EL$304","headAddress":"$EL$267","bodyAddress":"$EL$268:$EL$304","_name":"счетчик"},"по счетчику":{"_level":2,"parentID":"8eb3be4a-f309-4408-8ba2-4a79434b7854","firstParentID":"cf3d9fe9-2c72-4bcc-9abf-18573941f59b","ID":"d3bc498d-5c05-48a2-bbea-fac1c1a9bc14","childs":null,"emcosID":null,"emcosMLID":null,"codMaketTEP":null,"codTEP":null,"WSName":"DB","rangeAddress":"$EM$267:$EM$304","headAddress":"$EM$267","bodyAddress":"$EM$268:$EM$304","_name":"по счетчику"}},"emcosID":null,"emcosMLID":null,"codMaketTEP":null,"codTEP":null,"WSName":"DB","rangeAddress":"$EG$266:$EM$304","headAddress":"$EG$266:$EM$266","bodyAddress":"$EG$267:$EM$304","_name":"отдача"}},"emcosID":null,"emcosMLID":null,"codMaketTEP":null,"codTEP":null,"WSName":"DB","rangeAddress":"$EG$265:$EM$304","headAddress":"$EG$265:$EM$265","bodyAddress":"$EG$266:$EM$304","_name":"КЛ12 ПС149 Талдыкорган ЗЩА"}},"codPlan":null,"meterCoef":"6","_name":"КЛ12 ПС149 Талдыкорган ЗЩА"}