{"ID":"d419b1f5-5981-4d50-ac01-853e81c5bc9f","childs":{"PS":{"_level":0,"parentID":"d419b1f5-5981-4d50-ac01-853e81c5bc9f","firstParentID":"d419b1f5-5981-4d50-ac01-853e81c5bc9f","ID":"ba3010e5-660e-4be2-9486-5285712a394a","childs":{"отдача":{"_level":1,"parentID":"ba3010e5-660e-4be2-9486-5285712a394a","firstParentID":"d419b1f5-5981-4d50-ac01-853e81c5bc9f","ID":"e190ea5b-32a5-49b4-98da-516d4a6128ff","childs":{"оперативное":{"_level":2,"parentID":"e190ea5b-32a5-49b4-98da-516d4a6128ff","firstParentID":"d419b1f5-5981-4d50-ac01-853e81c5bc9f","ID":"20e1b157-0d1b-4f4f-9017-589ca38c5e98","childs":null,"emcosID":null,"emcosMLID":null,"codMaketTEP":null,"codTEP":null,"WSName":"PS","rangeAddress":"$BO$228:$BO$264","headAddress":"$BO$228","bodyAddress":"$BO$229:$BO$264","_name":"оперативное"}},"emcosID":null,"emcosMLID":null,"codMaketTEP":1414,"codTEP":null,"WSName":"PS","rangeAddress":"$BO$227:$BO$264","headAddress":"$BO$227","bodyAddress":"$BO$228:$BO$264","_name":"отдача"},"план":{"_level":1,"parentID":"ba3010e5-660e-4be2-9486-5285712a394a","firstParentID":"d419b1f5-5981-4d50-ac01-853e81c5bc9f","ID":"c0c1fbcc-a8c6-4258-8176-0c4a65a2b002","childs":{"заявка":{"_level":2,"parentID":"c0c1fbcc-a8c6-4258-8176-0c4a65a2b002","firstParentID":"d419b1f5-5981-4d50-ac01-853e81c5bc9f","ID":"e5099990-27ed-4e19-ac20-cece82c072fc","childs":null,"emcosID":null,"emcosMLID":null,"codMaketTEP":null,"codTEP":null,"WSName":"PS","rangeAddress":"$BP$228:$BP$264","headAddress":"$BP$228","bodyAddress":"$BP$229:$BP$264","_name":"заявка"}},"emcosID":null,"emcosMLID":null,"codMaketTEP":null,"codTEP":null,"WSName":"PS","rangeAddress":"$BP$227:$BP$264","headAddress":"$BP$227","bodyAddress":"$BP$228:$BP$264","_name":"план"}},"emcosID":null,"emcosMLID":null,"codMaketTEP":null,"codTEP":null,"WSName":"PS","rangeAddress":"$BO$226:$BP$264","headAddress":"$BO$226:$BP$226","bodyAddress":"$BO$227:$BP$264","_name":"Генерация ВИЭ Жетысу"},"DB":{"_level":0,"parentID":"d419b1f5-5981-4d50-ac01-853e81c5bc9f","firstParentID":"d419b1f5-5981-4d50-ac01-853e81c5bc9f","ID":"5d863460-9c71-483a-875c-abb5b83e7553","childs":{"отдача":{"_level":1,"parentID":"5d863460-9c71-483a-875c-abb5b83e7553","firstParentID":"d419b1f5-5981-4d50-ac01-853e81c5bc9f","ID":"57736bb6-fea0-4d17-a901-3c76ac96db52","childs":{"код":{"_level":2,"parentID":"57736bb6-fea0-4d17-a901-3c76ac96db52","firstParentID":"d419b1f5-5981-4d50-ac01-853e81c5bc9f","ID":"93479112-7850-4f52-8568-2921ca5f598b","childs":null,"emcosID":null,"emcosMLID":null,"codMaketTEP":null,"codTEP":null,"WSName":"DB","rangeAddress":"$H$482:$H$519","headAddress":"$H$482","bodyAddress":"$H$483:$H$519","_name":"код"},"основное":{"_level":2,"parentID":"57736bb6-fea0-4d17-a901-3c76ac96db52","firstParentID":"d419b1f5-5981-4d50-ac01-853e81c5bc9f","ID":"a9bb827d-acca-4e63-9640-e14e7de2eef4","childs":null,"emcosID":null,"emcosMLID":null,"codMaketTEP":null,"codTEP":null,"WSName":"DB","rangeAddress":"$I$482:$I$519","headAddress":"$I$482","bodyAddress":"$I$483:$I$519","_name":"основное"},"корректировка факт":{"_level":2,"parentID":"57736bb6-fea0-4d17-a901-3c76ac96db52","firstParentID":"d419b1f5-5981-4d50-ac01-853e81c5bc9f","ID":"03715d10-98be-4863-bee7-9a9dd120e6c7","childs":null,"emcosID":null,"emcosMLID":null,"codMaketTEP":null,"codTEP":null,"WSName":"DB","rangeAddress":"$J$482:$J$519","headAddress":"$J$482","bodyAddress":"$J$483:$J$519","_name":"корректировка факт"},"ручное":{"_level":2,"parentID":"57736bb6-fea0-4d17-a901-3c76ac96db52","firstParentID":"d419b1f5-5981-4d50-ac01-853e81c5bc9f","ID":"ca97b209-60aa-40c2-9051-9ce370984ce5","childs":null,"emcosID":null,"emcosMLID":null,"codMaketTEP":null,"codTEP":null,"WSName":"DB","rangeAddress":"$K$482:$K$519","headAddress":"$K$482","bodyAddress":"$K$483:$K$519","_name":"ручное"},"оперативное":{"_level":2,"parentID":"57736bb6-fea0-4d17-a901-3c76ac96db52","firstParentID":"d419b1f5-5981-4d50-ac01-853e81c5bc9f","ID":"5a6d3b5d-1641-46da-8c27-3298df83190d","childs":null,"emcosID":null,"emcosMLID":null,"codMaketTEP":null,"codTEP":null,"WSName":"DB","rangeAddress":"$L$482:$L$519","headAddress":"$L$482","bodyAddress":"$L$483:$L$519","_name":"оперативное"},"по плану":{"_level":2,"parentID":"57736bb6-fea0-4d17-a901-3c76ac96db52","firstParentID":"d419b1f5-5981-4d50-ac01-853e81c5bc9f","ID":"ea7e5135-f42d-4c16-a6ef-8d5f4c3b83b0","childs":null,"emcosID":null,"emcosMLID":null,"codMaketTEP":null,"codTEP":null,"WSName":"DB","rangeAddress":"$M$482:$M$519","headAddress":"$M$482","bodyAddress":"$M$483:$M$519","_name":"по плану"},"формула":{"_level":2,"parentID":"57736bb6-fea0-4d17-a901-3c76ac96db52","firstParentID":"d419b1f5-5981-4d50-ac01-853e81c5bc9f","ID":"e14d537c-204e-45a0-9a41-5847e9cb765d","childs":null,"emcosID":null,"emcosMLID":null,"codMaketTEP":null,"codTEP":null,"WSName":"DB","rangeAddress":"$N$482:$N$519","headAddress":"$N$482","bodyAddress":"$N$483:$N$519","_name":"формула"}},"emcosID":null,"emcosMLID":null,"codMaketTEP":null,"codTEP":null,"WSName":"DB","rangeAddress":"$H$481:$N$519","headAddress":"$H$481:$N$481","bodyAddress":"$H$482:$N$519","_name":"отдача"},"план":{"_level":1,"parentID":"5d863460-9c71-483a-875c-abb5b83e7553","firstParentID":"d419b1f5-5981-4d50-ac01-853e81c5bc9f","ID":"e08a3c4c-00a5-4744-9169-6729460d210b","childs":{"код":{"_level":2,"parentID":"e08a3c4c-00a5-4744-9169-6729460d210b","firstParentID":"d419b1f5-5981-4d50-ac01-853e81c5bc9f","ID":"af924695-c03f-4151-a925-94663a813a99","childs":null,"emcosID":null,"emcosMLID":null,"codMaketTEP":null,"codTEP":null,"WSName":"DB","rangeAddress":"$O$482:$O$519","headAddress":"$O$482","bodyAddress":"$O$483:$O$519","_name":"код"},"основное":{"_level":2,"parentID":"e08a3c4c-00a5-4744-9169-6729460d210b","firstParentID":"d419b1f5-5981-4d50-ac01-853e81c5bc9f","ID":"827a53c8-94b6-4b1e-9cfc-56d1b02a7045","childs":null,"emcosID":null,"emcosMLID":null,"codMaketTEP":null,"codTEP":null,"WSName":"DB","rangeAddress":"$P$482:$P$519","headAddress":"$P$482","bodyAddress":"$P$483:$P$519","_name":"основное"},"заявка":{"_level":2,"parentID":"e08a3c4c-00a5-4744-9169-6729460d210b","firstParentID":"d419b1f5-5981-4d50-ac01-853e81c5bc9f","ID":"4fa6787d-4ea3-4822-a8be-0aea61a27773","childs":null,"emcosID":null,"emcosMLID":null,"codMaketTEP":null,"codTEP":null,"WSName":"DB","rangeAddress":"$Q$482:$Q$519","headAddress":"$Q$482","bodyAddress":"$Q$483:$Q$519","_name":"заявка"},"утвержденный":{"_level":2,"parentID":"e08a3c4c-00a5-4744-9169-6729460d210b","firstParentID":"d419b1f5-5981-4d50-ac01-853e81c5bc9f","ID":"58e358f6-9fe7-4d8d-97be-b15272dd8705","childs":null,"emcosID":null,"emcosMLID":null,"codMaketTEP":null,"codTEP":null,"WSName":"DB","rangeAddress":"$R$482:$R$519","headAddress":"$R$482","bodyAddress":"$R$483:$R$519","_name":"утвержденный"},"корректировка":{"_level":2,"parentID":"e08a3c4c-00a5-4744-9169-6729460d210b","firstParentID":"d419b1f5-5981-4d50-ac01-853e81c5bc9f","ID":"65e0894e-a893-4e75-a282-c0eb20412c3b","childs":null,"emcosID":null,"emcosMLID":null,"codMaketTEP":null,"codTEP":null,"WSName":"DB","rangeAddress":"$S$482:$S$519","headAddress":"$S$482","bodyAddress":"$S$483:$S$519","_name":"корректировка"}},"emcosID":null,"emcosMLID":null,"codMaketTEP":null,"codTEP":null,"WSName":"DB","rangeAddress":"$O$481:$S$519","headAddress":"$O$481:$S$481","bodyAddress":"$O$482:$S$519","_name":"план"}},"emcosID":null,"emcosMLID":null,"codMaketTEP":null,"codTEP":null,"WSName":"DB","rangeAddress":"$H$480:$S$519","headAddress":"$H$480:$S$480","bodyAddress":"$H$481:$S$519","_name":"Генерация ВИЭ Жетысу"}},"codPlan":59,"meterCoef":null,"_name":"Генерация ВИЭ Жетысу"}