{"ID":"df09158a-5d8b-449d-8d93-8adb1e174bae","childs":{"PS":{"_level":0,"parentID":"df09158a-5d8b-449d-8d93-8adb1e174bae","firstParentID":"df09158a-5d8b-449d-8d93-8adb1e174bae","ID":"93ef1554-b3dc-440c-bd45-9063ac3adab8","childs":{"отдача":{"_level":1,"parentID":"93ef1554-b3dc-440c-bd45-9063ac3adab8","firstParentID":"df09158a-5d8b-449d-8d93-8adb1e174bae","ID":"84a31e60-73ca-4d57-b943-04e0cae8174a","childs":{"ручное":{"_level":2,"parentID":"84a31e60-73ca-4d57-b943-04e0cae8174a","firstParentID":"df09158a-5d8b-449d-8d93-8adb1e174bae","ID":"feaac6f4-76c6-4fee-8a85-78121e1f510e","childs":null,"emcosID":null,"emcosMLID":null,"codMaketTEP":null,"codTEP":null,"WSName":"PS","rangeAddress":"$BF$228:$BF$264","headAddress":"$BF$228","bodyAddress":"$BF$229:$BF$264","_name":"ручное"}},"emcosID":null,"emcosMLID":null,"codMaketTEP":null,"codTEP":null,"WSName":"PS","rangeAddress":"$BF$227:$BF$264","headAddress":"$BF$227","bodyAddress":"$BF$228:$BF$264","_name":"отдача"}},"emcosID":null,"emcosMLID":null,"codMaketTEP":null,"codTEP":null,"WSName":"PS","rangeAddress":"$BF$226:$BF$264","headAddress":"$BF$226","bodyAddress":"$BF$227:$BF$264","_name":"Отпуск в сеть Коринская ГЭС"},"DB":{"_level":0,"parentID":"df09158a-5d8b-449d-8d93-8adb1e174bae","firstParentID":"df09158a-5d8b-449d-8d93-8adb1e174bae","ID":"1ddd7c05-218e-41f6-b678-c9b13381ea85","childs":{"отдача":{"_level":1,"parentID":"1ddd7c05-218e-41f6-b678-c9b13381ea85","firstParentID":"df09158a-5d8b-449d-8d93-8adb1e174bae","ID":"f66e72bd-9f25-46b3-b740-f01df8cd98a0","childs":{"код":{"_level":2,"parentID":"f66e72bd-9f25-46b3-b740-f01df8cd98a0","firstParentID":"df09158a-5d8b-449d-8d93-8adb1e174bae","ID":"bdd5028d-0e33-4870-951c-da0c419139e8","childs":null,"emcosID":null,"emcosMLID":null,"codMaketTEP":null,"codTEP":null,"WSName":"DB","rangeAddress":"$EF$310:$EF$347","headAddress":"$EF$310","bodyAddress":"$EF$311:$EF$347","_name":"код"},"основное":{"_level":2,"parentID":"f66e72bd-9f25-46b3-b740-f01df8cd98a0","firstParentID":"df09158a-5d8b-449d-8d93-8adb1e174bae","ID":"13ce6aa9-cb79-4d0c-93ed-284c49feec05","childs":null,"emcosID":null,"emcosMLID":null,"codMaketTEP":null,"codTEP":null,"WSName":"DB","rangeAddress":"$EG$310:$EG$347","headAddress":"$EG$310","bodyAddress":"$EG$311:$EG$347","_name":"основное"},"корректировка факт":{"_level":2,"parentID":"f66e72bd-9f25-46b3-b740-f01df8cd98a0","firstParentID":"df09158a-5d8b-449d-8d93-8adb1e174bae","ID":"08c83f1f-75f2-477a-b5f6-d28b74fd23a2","childs":null,"emcosID":null,"emcosMLID":null,"codMaketTEP":null,"codTEP":null,"WSName":"DB","rangeAddress":"$EH$310:$EH$347","headAddress":"$EH$310","bodyAddress":"$EH$311:$EH$347","_name":"корректировка факт"},"ручное":{"_level":2,"parentID":"f66e72bd-9f25-46b3-b740-f01df8cd98a0","firstParentID":"df09158a-5d8b-449d-8d93-8adb1e174bae","ID":"a46faba3-03fe-4735-920f-c6493dd13f85","childs":null,"emcosID":null,"emcosMLID":null,"codMaketTEP":null,"codTEP":null,"WSName":"DB","rangeAddress":"$EI$310:$EI$347","headAddress":"$EI$310","bodyAddress":"$EI$311:$EI$347","_name":"ручное"}},"emcosID":null,"emcosMLID":null,"codMaketTEP":null,"codTEP":null,"WSName":"DB","rangeAddress":"$EF$309:$EI$347","headAddress":"$EF$309:$EI$309","bodyAddress":"$EF$310:$EI$347","_name":"отдача"}},"emcosID":null,"emcosMLID":null,"codMaketTEP":null,"codTEP":null,"WSName":"DB","rangeAddress":"$EF$308:$EI$347","headAddress":"$EF$308:$EI$308","bodyAddress":"$EF$309:$EI$347","_name":"Отпуск в сеть Коринская ГЭС"}},"codPlan":null,"meterCoef":null,"_name":"Отпуск в сеть Коринская ГЭС"}