{"ID":"e56597dc-c5ff-47d8-be22-2c39c6a76b5d","childs":{"PS":{"_level":0,"parentID":"e56597dc-c5ff-47d8-be22-2c39c6a76b5d","firstParentID":"e56597dc-c5ff-47d8-be22-2c39c6a76b5d","ID":"f432221e-1aa3-4b93-9522-fc2911db0c0e","childs":{"отдача":{"_level":1,"parentID":"f432221e-1aa3-4b93-9522-fc2911db0c0e","firstParentID":"e56597dc-c5ff-47d8-be22-2c39c6a76b5d","ID":"0785731a-8a75-4eb5-8eac-0705218bb0fd","childs":{"ручное":{"_level":2,"parentID":"0785731a-8a75-4eb5-8eac-0705218bb0fd","firstParentID":"e56597dc-c5ff-47d8-be22-2c39c6a76b5d","ID":"79765d15-ee79-4171-824b-e58aab4d67aa","childs":null,"emcosID":null,"emcosMLID":null,"codMaketTEP":null,"codTEP":null,"WSName":"PS","rangeAddress":"$ET$185:$ET$221","headAddress":"$ET$185","bodyAddress":"$ET$186:$ET$221","_name":"ручное"}},"emcosID":null,"emcosMLID":null,"codMaketTEP":null,"codTEP":null,"WSName":"PS","rangeAddress":"$ET$184:$ET$221","headAddress":"$ET$184","bodyAddress":"$ET$185:$ET$221","_name":"отдача"}},"emcosID":null,"emcosMLID":null,"codMaketTEP":null,"codTEP":null,"WSName":"PS","rangeAddress":"$ET$183:$ET$221","headAddress":"$ET$183","bodyAddress":"$ET$184:$ET$221","_name":"Генерация DEF GES"},"DB":{"_level":0,"parentID":"e56597dc-c5ff-47d8-be22-2c39c6a76b5d","firstParentID":"e56597dc-c5ff-47d8-be22-2c39c6a76b5d","ID":"532c1b4c-ff32-4c2c-81c4-ae829a632720","childs":{"отдача":{"_level":1,"parentID":"532c1b4c-ff32-4c2c-81c4-ae829a632720","firstParentID":"e56597dc-c5ff-47d8-be22-2c39c6a76b5d","ID":"38c7096f-ad06-4f97-8465-24fa717fca75","childs":{"код":{"_level":2,"parentID":"38c7096f-ad06-4f97-8465-24fa717fca75","firstParentID":"e56597dc-c5ff-47d8-be22-2c39c6a76b5d","ID":"69748bd0-d88e-4f41-8e99-2ca7a5380bc8","childs":null,"emcosID":null,"emcosMLID":null,"codMaketTEP":null,"codTEP":null,"WSName":"DB","rangeAddress":"$FJ$267:$FJ$304","headAddress":"$FJ$267","bodyAddress":"$FJ$268:$FJ$304","_name":"код"},"основное":{"_level":2,"parentID":"38c7096f-ad06-4f97-8465-24fa717fca75","firstParentID":"e56597dc-c5ff-47d8-be22-2c39c6a76b5d","ID":"1b0c7e7d-5056-4326-921a-73392de20a49","childs":null,"emcosID":null,"emcosMLID":null,"codMaketTEP":null,"codTEP":null,"WSName":"DB","rangeAddress":"$FK$267:$FK$304","headAddress":"$FK$267","bodyAddress":"$FK$268:$FK$304","_name":"основное"},"корректировка факт":{"_level":2,"parentID":"38c7096f-ad06-4f97-8465-24fa717fca75","firstParentID":"e56597dc-c5ff-47d8-be22-2c39c6a76b5d","ID":"7a6fd73c-092a-4562-bbd8-e31dcdfdbb77","childs":null,"emcosID":null,"emcosMLID":null,"codMaketTEP":null,"codTEP":null,"WSName":"DB","rangeAddress":"$FL$267:$FL$304","headAddress":"$FL$267","bodyAddress":"$FL$268:$FL$304","_name":"корректировка факт"},"ручное":{"_level":2,"parentID":"38c7096f-ad06-4f97-8465-24fa717fca75","firstParentID":"e56597dc-c5ff-47d8-be22-2c39c6a76b5d","ID":"c74b4802-d93d-40e1-b089-23f83a4104be","childs":null,"emcosID":null,"emcosMLID":null,"codMaketTEP":null,"codTEP":null,"WSName":"DB","rangeAddress":"$FM$267:$FM$304","headAddress":"$FM$267","bodyAddress":"$FM$268:$FM$304","_name":"ручное"},"оперативное":{"_level":2,"parentID":"38c7096f-ad06-4f97-8465-24fa717fca75","firstParentID":"e56597dc-c5ff-47d8-be22-2c39c6a76b5d","ID":"35b7eede-b3be-4c1a-bb52-195102e1a3d0","childs":null,"emcosID":null,"emcosMLID":null,"codMaketTEP":null,"codTEP":null,"WSName":"DB","rangeAddress":"$FN$267:$FN$304","headAddress":"$FN$267","bodyAddress":"$FN$268:$FN$304","_name":"оперативное"}},"emcosID":null,"emcosMLID":null,"codMaketTEP":null,"codTEP":null,"WSName":"DB","rangeAddress":"$FJ$266:$FN$304","headAddress":"$FJ$266:$FN$266","bodyAddress":"$FJ$267:$FN$304","_name":"отдача"}},"emcosID":null,"emcosMLID":null,"codMaketTEP":null,"codTEP":null,"WSName":"DB","rangeAddress":"$FJ$265:$FN$304","headAddress":"$FJ$265:$FN$265","bodyAddress":"$FJ$266:$FN$304","_name":"Генерация DEF GES"}},"codPlan":null,"meterCoef":null,"_name":"Генерация DEF GES"}