{"ID":"e8439a24-9a07-4f54-ac2a-05cc20306329","childs":{"PS":{"_level":0,"parentID":"e8439a24-9a07-4f54-ac2a-05cc20306329","firstParentID":"e8439a24-9a07-4f54-ac2a-05cc20306329","ID":"f486ea3c-c75d-4c31-ae0f-0f2702828177","childs":{"прием":{"_level":1,"parentID":"f486ea3c-c75d-4c31-ae0f-0f2702828177","firstParentID":"e8439a24-9a07-4f54-ac2a-05cc20306329","ID":"9fe5da79-f9dc-4ee3-a731-082cdee43204","childs":{"по счетчику":{"_level":2,"parentID":"9fe5da79-f9dc-4ee3-a731-082cdee43204","firstParentID":"e8439a24-9a07-4f54-ac2a-05cc20306329","ID":"cd9f7192-685f-4aab-9109-d5a8de30431d","childs":null,"emcosID":null,"emcosMLID":null,"codMaketTEP":null,"codTEP":null,"WSName":"PS","rangeAddress":"$FL$56:$FL$92","headAddress":"$FL$56","bodyAddress":"$FL$57:$FL$92","_name":"по счетчику"},"СЧЕТЧИК":{"_level":2,"parentID":"9fe5da79-f9dc-4ee3-a731-082cdee43204","firstParentID":"e8439a24-9a07-4f54-ac2a-05cc20306329","ID":"7e7a5b99-b12f-4da2-8d68-460ed937d7a0","childs":null,"emcosID":null,"emcosMLID":null,"codMaketTEP":null,"codTEP":null,"WSName":"PS","rangeAddress":"$FM$56:$FM$92","headAddress":"$FM$56","bodyAddress":"$FM$57:$FM$92","_name":"СЧЕТЧИК"}},"emcosID":null,"emcosMLID":null,"codMaketTEP":null,"codTEP":null,"WSName":"PS","rangeAddress":"$FL$55:$FM$92","headAddress":"$FL$55:$FM$55","bodyAddress":"$FL$56:$FM$92","_name":"прием"},"отдача":{"_level":1,"parentID":"f486ea3c-c75d-4c31-ae0f-0f2702828177","firstParentID":"e8439a24-9a07-4f54-ac2a-05cc20306329","ID":"b0f2f374-f0cb-4170-9523-24ee22b19e6c","childs":{"по счетчику":{"_level":2,"parentID":"b0f2f374-f0cb-4170-9523-24ee22b19e6c","firstParentID":"e8439a24-9a07-4f54-ac2a-05cc20306329","ID":"a67e6370-3711-41c4-9347-1c4720ef2c0f","childs":null,"emcosID":null,"emcosMLID":null,"codMaketTEP":null,"codTEP":null,"WSName":"PS","rangeAddress":"$FN$56:$FN$92","headAddress":"$FN$56","bodyAddress":"$FN$57:$FN$92","_name":"по счетчику"},"СЧЕТЧИК":{"_level":2,"parentID":"b0f2f374-f0cb-4170-9523-24ee22b19e6c","firstParentID":"e8439a24-9a07-4f54-ac2a-05cc20306329","ID":"fa5afbb1-cfd6-4eee-8859-b61209240644","childs":null,"emcosID":null,"emcosMLID":null,"codMaketTEP":null,"codTEP":null,"WSName":"PS","rangeAddress":"$FO$56:$FO$92","headAddress":"$FO$56","bodyAddress":"$FO$57:$FO$92","_name":"СЧЕТЧИК"}},"emcosID":null,"emcosMLID":null,"codMaketTEP":null,"codTEP":null,"WSName":"PS","rangeAddress":"$FN$55:$FO$92","headAddress":"$FN$55:$FO$55","bodyAddress":"$FN$56:$FO$92","_name":"отдача"},"сальдо":{"_level":1,"parentID":"f486ea3c-c75d-4c31-ae0f-0f2702828177","firstParentID":"e8439a24-9a07-4f54-ac2a-05cc20306329","ID":"35535638-16b2-4f83-9e8a-2469d49d7f1a","childs":{"формула":{"_level":2,"parentID":"35535638-16b2-4f83-9e8a-2469d49d7f1a","firstParentID":"e8439a24-9a07-4f54-ac2a-05cc20306329","ID":"221e5aa1-7d26-4558-b13e-75ffc572ee8d","childs":null,"emcosID":null,"emcosMLID":null,"codMaketTEP":null,"codTEP":null,"WSName":"PS","rangeAddress":"$FP$56:$FP$92","headAddress":"$FP$56","bodyAddress":"$FP$57:$FP$92","_name":"формула"}},"emcosID":null,"emcosMLID":null,"codMaketTEP":1344,"codTEP":null,"WSName":"PS","rangeAddress":"$FP$55:$FP$92","headAddress":"$FP$55","bodyAddress":"$FP$56:$FP$92","_name":"сальдо"}},"emcosID":null,"emcosMLID":null,"codMaketTEP":null,"codTEP":null,"WSName":"PS","rangeAddress":"$FL$54:$FP$92","headAddress":"$FL$54:$FP$54","bodyAddress":"$FL$55:$FP$92","_name":"Л5143 Фрунзе"},"DB":{"_level":0,"parentID":"e8439a24-9a07-4f54-ac2a-05cc20306329","firstParentID":"e8439a24-9a07-4f54-ac2a-05cc20306329","ID":"a8052d19-b40e-4eed-bf30-f7a80b1e4833","childs":{"прием":{"_level":1,"parentID":"a8052d19-b40e-4eed-bf30-f7a80b1e4833","firstParentID":"e8439a24-9a07-4f54-ac2a-05cc20306329","ID":"8e076ff3-753e-437b-a754-48594e2f885a","childs":{"код":{"_level":2,"parentID":"8e076ff3-753e-437b-a754-48594e2f885a","firstParentID":"e8439a24-9a07-4f54-ac2a-05cc20306329","ID":"a73af088-007e-43eb-8649-8dfbe6b12903","childs":null,"emcosID":null,"emcosMLID":null,"codMaketTEP":null,"codTEP":null,"WSName":"DB","rangeAddress":"$CE$181:$CE$218","headAddress":"$CE$181","bodyAddress":"$CE$182:$CE$218","_name":"код"},"основное":{"_level":2,"parentID":"8e076ff3-753e-437b-a754-48594e2f885a","firstParentID":"e8439a24-9a07-4f54-ac2a-05cc20306329","ID":"acfdfe7a-4ad3-4277-bf16-c00d880a3f68","childs":null,"emcosID":null,"emcosMLID":null,"codMaketTEP":null,"codTEP":null,"WSName":"DB","rangeAddress":"$CF$181:$CF$218","headAddress":"$CF$181","bodyAddress":"$CF$182:$CF$218","_name":"основное"},"корректировка факт":{"_level":2,"parentID":"8e076ff3-753e-437b-a754-48594e2f885a","firstParentID":"e8439a24-9a07-4f54-ac2a-05cc20306329","ID":"bfd2f0de-c6da-43c7-93a3-69bf5d62d63a","childs":null,"emcosID":null,"emcosMLID":null,"codMaketTEP":null,"codTEP":null,"WSName":"DB","rangeAddress":"$CG$181:$CG$218","headAddress":"$CG$181","bodyAddress":"$CG$182:$CG$218","_name":"корректировка факт"},"ручное":{"_level":2,"parentID":"8e076ff3-753e-437b-a754-48594e2f885a","firstParentID":"e8439a24-9a07-4f54-ac2a-05cc20306329","ID":"a9611022-6668-4f05-a0b5-6855541577f6","childs":null,"emcosID":null,"emcosMLID":null,"codMaketTEP":null,"codTEP":null,"WSName":"DB","rangeAddress":"$CH$181:$CH$218","headAddress":"$CH$181","bodyAddress":"$CH$182:$CH$218","_name":"ручное"},"счетчик":{"_level":2,"parentID":"8e076ff3-753e-437b-a754-48594e2f885a","firstParentID":"e8439a24-9a07-4f54-ac2a-05cc20306329","ID":"f3a65630-fdff-4a22-8ae3-f5f2fe76f95a","childs":null,"emcosID":null,"emcosMLID":null,"codMaketTEP":null,"codTEP":null,"WSName":"DB","rangeAddress":"$CI$181:$CI$218","headAddress":"$CI$181","bodyAddress":"$CI$182:$CI$218","_name":"счетчик"},"по счетчику":{"_level":2,"parentID":"8e076ff3-753e-437b-a754-48594e2f885a","firstParentID":"e8439a24-9a07-4f54-ac2a-05cc20306329","ID":"b1871049-8bfb-435b-96d5-738fb1b419ad","childs":null,"emcosID":null,"emcosMLID":null,"codMaketTEP":null,"codTEP":null,"WSName":"DB","rangeAddress":"$CJ$181:$CJ$218","headAddress":"$CJ$181","bodyAddress":"$CJ$182:$CJ$218","_name":"по счетчику"}},"emcosID":null,"emcosMLID":null,"codMaketTEP":null,"codTEP":null,"WSName":"DB","rangeAddress":"$CE$180:$CJ$218","headAddress":"$CE$180:$CJ$180","bodyAddress":"$CE$181:$CJ$218","_name":"прием"},"отдача":{"_level":1,"parentID":"a8052d19-b40e-4eed-bf30-f7a80b1e4833","firstParentID":"e8439a24-9a07-4f54-ac2a-05cc20306329","ID":"2c1d2c55-cbe5-4276-bf2d-2e7e8e58d273","childs":{"код":{"_level":2,"parentID":"2c1d2c55-cbe5-4276-bf2d-2e7e8e58d273","firstParentID":"e8439a24-9a07-4f54-ac2a-05cc20306329","ID":"ead1546d-6e42-4ea9-a7c7-ddcb4c2e0e9e","childs":null,"emcosID":null,"emcosMLID":null,"codMaketTEP":null,"codTEP":null,"WSName":"DB","rangeAddress":"$CK$181:$CK$218","headAddress":"$CK$181","bodyAddress":"$CK$182:$CK$218","_name":"код"},"основное":{"_level":2,"parentID":"2c1d2c55-cbe5-4276-bf2d-2e7e8e58d273","firstParentID":"e8439a24-9a07-4f54-ac2a-05cc20306329","ID":"edf78bf5-637f-43fb-af0d-420a98de93c1","childs":null,"emcosID":null,"emcosMLID":null,"codMaketTEP":null,"codTEP":null,"WSName":"DB","rangeAddress":"$CL$181:$CL$218","headAddress":"$CL$181","bodyAddress":"$CL$182:$CL$218","_name":"основное"},"корректировка факт":{"_level":2,"parentID":"2c1d2c55-cbe5-4276-bf2d-2e7e8e58d273","firstParentID":"e8439a24-9a07-4f54-ac2a-05cc20306329","ID":"ac7eccb6-5ed3-4a41-ac89-a583abcbcae0","childs":null,"emcosID":null,"emcosMLID":null,"codMaketTEP":null,"codTEP":null,"WSName":"DB","rangeAddress":"$CM$181:$CM$218","headAddress":"$CM$181","bodyAddress":"$CM$182:$CM$218","_name":"корректировка факт"},"ручное":{"_level":2,"parentID":"2c1d2c55-cbe5-4276-bf2d-2e7e8e58d273","firstParentID":"e8439a24-9a07-4f54-ac2a-05cc20306329","ID":"741ed7de-69dd-46b1-bc7c-389f48e575ab","childs":null,"emcosID":null,"emcosMLID":null,"codMaketTEP":null,"codTEP":null,"WSName":"DB","rangeAddress":"$CN$181:$CN$218","headAddress":"$CN$181","bodyAddress":"$CN$182:$CN$218","_name":"ручное"},"счетчик":{"_level":2,"parentID":"2c1d2c55-cbe5-4276-bf2d-2e7e8e58d273","firstParentID":"e8439a24-9a07-4f54-ac2a-05cc20306329","ID":"382b4ab9-eba3-4e93-b679-d62bc9dd742c","childs":null,"emcosID":null,"emcosMLID":null,"codMaketTEP":null,"codTEP":null,"WSName":"DB","rangeAddress":"$CO$181:$CO$218","headAddress":"$CO$181","bodyAddress":"$CO$182:$CO$218","_name":"счетчик"},"по счетчику":{"_level":2,"parentID":"2c1d2c55-cbe5-4276-bf2d-2e7e8e58d273","firstParentID":"e8439a24-9a07-4f54-ac2a-05cc20306329","ID":"337e31d5-04a2-4551-8640-d2ff7a842a48","childs":null,"emcosID":null,"emcosMLID":null,"codMaketTEP":null,"codTEP":null,"WSName":"DB","rangeAddress":"$CP$181:$CP$218","headAddress":"$CP$181","bodyAddress":"$CP$182:$CP$218","_name":"по счетчику"}},"emcosID":null,"emcosMLID":null,"codMaketTEP":null,"codTEP":null,"WSName":"DB","rangeAddress":"$CK$180:$CP$218","headAddress":"$CK$180:$CP$180","bodyAddress":"$CK$181:$CP$218","_name":"отдача"},"сальдо":{"_level":1,"parentID":"a8052d19-b40e-4eed-bf30-f7a80b1e4833","firstParentID":"e8439a24-9a07-4f54-ac2a-05cc20306329","ID":"781e7892-64a5-42e0-b336-14c267e48057","childs":{"код":{"_level":2,"parentID":"781e7892-64a5-42e0-b336-14c267e48057","firstParentID":"e8439a24-9a07-4f54-ac2a-05cc20306329","ID":"670da3fe-9733-4c00-b161-80729560f22d","childs":null,"emcosID":null,"emcosMLID":null,"codMaketTEP":null,"codTEP":null,"WSName":"DB","rangeAddress":"$CQ$181:$CQ$218","headAddress":"$CQ$181","bodyAddress":"$CQ$182:$CQ$218","_name":"код"},"основное":{"_level":2,"parentID":"781e7892-64a5-42e0-b336-14c267e48057","firstParentID":"e8439a24-9a07-4f54-ac2a-05cc20306329","ID":"da7c26a2-5453-41ee-ac8a-58f96bf9fc44","childs":null,"emcosID":null,"emcosMLID":null,"codMaketTEP":null,"codTEP":null,"WSName":"DB","rangeAddress":"$CR$181:$CR$218","headAddress":"$CR$181","bodyAddress":"$CR$182:$CR$218","_name":"основное"},"корректировка факт":{"_level":2,"parentID":"781e7892-64a5-42e0-b336-14c267e48057","firstParentID":"e8439a24-9a07-4f54-ac2a-05cc20306329","ID":"67cc7d49-e172-400b-a844-c3d4d9b9a871","childs":null,"emcosID":null,"emcosMLID":null,"codMaketTEP":null,"codTEP":null,"WSName":"DB","rangeAddress":"$CS$181:$CS$218","headAddress":"$CS$181","bodyAddress":"$CS$182:$CS$218","_name":"корректировка факт"},"ручное":{"_level":2,"parentID":"781e7892-64a5-42e0-b336-14c267e48057","firstParentID":"e8439a24-9a07-4f54-ac2a-05cc20306329","ID":"c3a95f8f-91d8-4366-b902-80785c1ac2ce","childs":null,"emcosID":null,"emcosMLID":null,"codMaketTEP":null,"codTEP":null,"WSName":"DB","rangeAddress":"$CT$181:$CT$218","headAddress":"$CT$181","bodyAddress":"$CT$182:$CT$218","_name":"ручное"},"формула":{"_level":2,"parentID":"781e7892-64a5-42e0-b336-14c267e48057","firstParentID":"e8439a24-9a07-4f54-ac2a-05cc20306329","ID":"83f4cc08-4b92-41d8-bbb7-9408ed4502ad","childs":null,"emcosID":null,"emcosMLID":null,"codMaketTEP":null,"codTEP":null,"WSName":"DB","rangeAddress":"$CU$181:$CU$218","headAddress":"$CU$181","bodyAddress":"$CU$182:$CU$218","_name":"формула"}},"emcosID":null,"emcosMLID":null,"codMaketTEP":null,"codTEP":null,"WSName":"DB","rangeAddress":"$CQ$180:$CU$218","headAddress":"$CQ$180:$CU$180","bodyAddress":"$CQ$181:$CU$218","_name":"сальдо"}},"emcosID":null,"emcosMLID":null,"codMaketTEP":null,"codTEP":null,"WSName":"DB","rangeAddress":"$CE$179:$CU$218","headAddress":"$CE$179:$CU$179","bodyAddress":"$CE$180:$CU$218","_name":"Л5143 Фрунзе"}},"codPlan":null,"meterCoef":"10000","_name":"Л5143 Фрунзе"}