{"ID":"213ad53c-d2f9-4f81-8b50-5e450a0d4101","childs":{"PS":{"_level":0,"parentID":"213ad53c-d2f9-4f81-8b50-5e450a0d4101","firstParentID":"213ad53c-d2f9-4f81-8b50-5e450a0d4101","ID":"23202297-410b-4c0c-9622-27ca1557d152","childs":{"отдача":{"_level":1,"parentID":"23202297-410b-4c0c-9622-27ca1557d152","firstParentID":"213ad53c-d2f9-4f81-8b50-5e450a0d4101","ID":"f6762f24-6721-4eca-a7eb-102de5d67c7d","childs":{"по счетчику":{"_level":2,"parentID":"f6762f24-6721-4eca-a7eb-102de5d67c7d","firstParentID":"213ad53c-d2f9-4f81-8b50-5e450a0d4101","ID":"bede9041-b728-4468-b383-5547d4bed79b","childs":null,"emcosID":null,"emcosMLID":null,"codMaketTEP":null,"codTEP":null,"WSName":"PS","rangeAddress":"$EU$99:$EU$135","headAddress":"$EU$99","bodyAddress":"$EU$100:$EU$135","_name":"по счетчику"},"СЧЕТЧИК":{"_level":2,"parentID":"f6762f24-6721-4eca-a7eb-102de5d67c7d","firstParentID":"213ad53c-d2f9-4f81-8b50-5e450a0d4101","ID":"c1143cc7-ffd8-475d-96b8-87d49facab4a","childs":null,"emcosID":null,"emcosMLID":null,"codMaketTEP":null,"codTEP":null,"WSName":"PS","rangeAddress":"$EV$99:$EV$135","headAddress":"$EV$99","bodyAddress":"$EV$100:$EV$135","_name":"СЧЕТЧИК"}},"emcosID":null,"emcosMLID":null,"codMaketTEP":null,"codTEP":null,"WSName":"PS","rangeAddress":"$EU$98:$EV$135","headAddress":"$EU$98:$EV$98","bodyAddress":"$EU$99:$EV$135","_name":"отдача"}},"emcosID":null,"emcosMLID":null,"codMaketTEP":null,"codTEP":null,"WSName":"PS","rangeAddress":"$EU$97:$EV$135","headAddress":"$EU$97:$EV$97","bodyAddress":"$EU$98:$EV$135","_name":"КЛ40 ПС152 Талдыкорган"},"DB":{"_level":0,"parentID":"213ad53c-d2f9-4f81-8b50-5e450a0d4101","firstParentID":"213ad53c-d2f9-4f81-8b50-5e450a0d4101","ID":"c5a61a78-91f8-4783-92d9-83378d20016c","childs":{"отдача":{"_level":1,"parentID":"c5a61a78-91f8-4783-92d9-83378d20016c","firstParentID":"213ad53c-d2f9-4f81-8b50-5e450a0d4101","ID":"06cb0596-b108-412a-879f-d75e39ff9373","childs":{"код":{"_level":2,"parentID":"06cb0596-b108-412a-879f-d75e39ff9373","firstParentID":"213ad53c-d2f9-4f81-8b50-5e450a0d4101","ID":"05335c64-3a53-4ff4-85e9-6956847fbc2a","childs":null,"emcosID":null,"emcosMLID":null,"codMaketTEP":null,"codTEP":null,"WSName":"DB","rangeAddress":"$FC$525:$FC$562","headAddress":"$FC$525","bodyAddress":"$FC$526:$FC$562","_name":"код"},"основное":{"_level":2,"parentID":"06cb0596-b108-412a-879f-d75e39ff9373","firstParentID":"213ad53c-d2f9-4f81-8b50-5e450a0d4101","ID":"86abac36-e2f2-48c3-aecc-37e356b6f7f9","childs":null,"emcosID":null,"emcosMLID":null,"codMaketTEP":null,"codTEP":null,"WSName":"DB","rangeAddress":"$FD$525:$FD$562","headAddress":"$FD$525","bodyAddress":"$FD$526:$FD$562","_name":"основное"},"корректировка факт":{"_level":2,"parentID":"06cb0596-b108-412a-879f-d75e39ff9373","firstParentID":"213ad53c-d2f9-4f81-8b50-5e450a0d4101","ID":"dbfcdeef-07a0-4eea-a169-8e4cc92efff6","childs":null,"emcosID":null,"emcosMLID":null,"codMaketTEP":null,"codTEP":null,"WSName":"DB","rangeAddress":"$FE$525:$FE$562","headAddress":"$FE$525","bodyAddress":"$FE$526:$FE$562","_name":"корректировка факт"},"ручное":{"_level":2,"parentID":"06cb0596-b108-412a-879f-d75e39ff9373","firstParentID":"213ad53c-d2f9-4f81-8b50-5e450a0d4101","ID":"cae2ba07-8fe6-4189-a614-cf6730c02058","childs":null,"emcosID":null,"emcosMLID":null,"codMaketTEP":null,"codTEP":null,"WSName":"DB","rangeAddress":"$FF$525:$FF$562","headAddress":"$FF$525","bodyAddress":"$FF$526:$FF$562","_name":"ручное"},"счетчик":{"_level":2,"parentID":"06cb0596-b108-412a-879f-d75e39ff9373","firstParentID":"213ad53c-d2f9-4f81-8b50-5e450a0d4101","ID":"fd931aa4-2341-4061-932c-c46371aec62d","childs":null,"emcosID":null,"emcosMLID":null,"codMaketTEP":null,"codTEP":null,"WSName":"DB","rangeAddress":"$FG$525:$FG$562","headAddress":"$FG$525","bodyAddress":"$FG$526:$FG$562","_name":"счетчик"},"по счетчику":{"_level":2,"parentID":"06cb0596-b108-412a-879f-d75e39ff9373","firstParentID":"213ad53c-d2f9-4f81-8b50-5e450a0d4101","ID":"14a3117b-788b-4dae-abe2-d526fd2d0ee0","childs":null,"emcosID":null,"emcosMLID":null,"codMaketTEP":null,"codTEP":null,"WSName":"DB","rangeAddress":"$FH$525:$FH$562","headAddress":"$FH$525","bodyAddress":"$FH$526:$FH$562","_name":"по счетчику"}},"emcosID":null,"emcosMLID":null,"codMaketTEP":null,"codTEP":null,"WSName":"DB","rangeAddress":"$FC$524:$FH$562","headAddress":"$FC$524:$FH$524","bodyAddress":"$FC$525:$FH$562","_name":"отдача"}},"emcosID":null,"emcosMLID":null,"codMaketTEP":null,"codTEP":null,"WSName":"DB","rangeAddress":"$FC$523:$FH$562","headAddress":"$FC$523:$FH$523","bodyAddress":"$FC$524:$FH$562","_name":"КЛ40 ПС152 Талдыкорган"}},"codPlan":null,"meterCoef":"6","_name":"КЛ40 ПС152 Талдыкорган"}