{"ID":"42cddaa5-dd91-4833-8c68-5a3b7f1a6351","childs":{"PS":{"_level":0,"parentID":"42cddaa5-dd91-4833-8c68-5a3b7f1a6351","firstParentID":"42cddaa5-dd91-4833-8c68-5a3b7f1a6351","ID":"9cebd6c1-f20f-465f-b3e3-c051f5843979","childs":{"отдача":{"_level":1,"parentID":"9cebd6c1-f20f-465f-b3e3-c051f5843979","firstParentID":"42cddaa5-dd91-4833-8c68-5a3b7f1a6351","ID":"a15f0089-fa0a-4dd3-94ef-a157921c95c8","childs":{"оперативное":{"_level":2,"parentID":"a15f0089-fa0a-4dd3-94ef-a157921c95c8","firstParentID":"42cddaa5-dd91-4833-8c68-5a3b7f1a6351","ID":"06eebf26-ce03-4a27-b5b0-636c6a68921f","childs":null,"emcosID":null,"emcosMLID":null,"codMaketTEP":null,"codTEP":null,"WSName":"PS","rangeAddress":"$EB$185:$EB$221","headAddress":"$EB$185","bodyAddress":"$EB$186:$EB$221","_name":"оперативное"}},"emcosID":null,"emcosMLID":null,"codMaketTEP":null,"codTEP":null,"WSName":"PS","rangeAddress":"$EB$184:$EB$221","headAddress":"$EB$184","bodyAddress":"$EB$185:$EB$221","_name":"отдача"}},"emcosID":null,"emcosMLID":null,"codMaketTEP":null,"codTEP":null,"WSName":"PS","rangeAddress":"$EB$183:$EB$221","headAddress":"$EB$183","bodyAddress":"$EB$184:$EB$221","_name":"Генерация Энергия Алем ИГЭС 3"},"DB":{"_level":0,"parentID":"42cddaa5-dd91-4833-8c68-5a3b7f1a6351","firstParentID":"42cddaa5-dd91-4833-8c68-5a3b7f1a6351","ID":"59d285a7-666a-41e5-999d-78f3e43add30","childs":{"отдача":{"_level":1,"parentID":"59d285a7-666a-41e5-999d-78f3e43add30","firstParentID":"42cddaa5-dd91-4833-8c68-5a3b7f1a6351","ID":"3bd8d2a9-be16-414b-be34-f880c5518fe4","childs":{"код":{"_level":2,"parentID":"3bd8d2a9-be16-414b-be34-f880c5518fe4","firstParentID":"42cddaa5-dd91-4833-8c68-5a3b7f1a6351","ID":"c8641051-b02c-4396-8bf4-38a7f61eb2eb","childs":null,"emcosID":null,"emcosMLID":null,"codMaketTEP":null,"codTEP":null,"WSName":"DB","rangeAddress":"$GX$267:$GX$304","headAddress":"$GX$267","bodyAddress":"$GX$268:$GX$304","_name":"код"},"основное":{"_level":2,"parentID":"3bd8d2a9-be16-414b-be34-f880c5518fe4","firstParentID":"42cddaa5-dd91-4833-8c68-5a3b7f1a6351","ID":"468d7eae-bbc0-4c3e-9c4c-2b072cfe18c8","childs":null,"emcosID":null,"emcosMLID":null,"codMaketTEP":null,"codTEP":null,"WSName":"DB","rangeAddress":"$GY$267:$GY$304","headAddress":"$GY$267","bodyAddress":"$GY$268:$GY$304","_name":"основное"},"корректировка факт":{"_level":2,"parentID":"3bd8d2a9-be16-414b-be34-f880c5518fe4","firstParentID":"42cddaa5-dd91-4833-8c68-5a3b7f1a6351","ID":"2d4e33db-d3e5-4f9f-be47-0349fe0b8ceb","childs":null,"emcosID":null,"emcosMLID":null,"codMaketTEP":null,"codTEP":null,"WSName":"DB","rangeAddress":"$GZ$267:$GZ$304","headAddress":"$GZ$267","bodyAddress":"$GZ$268:$GZ$304","_name":"корректировка факт"},"ручное":{"_level":2,"parentID":"3bd8d2a9-be16-414b-be34-f880c5518fe4","firstParentID":"42cddaa5-dd91-4833-8c68-5a3b7f1a6351","ID":"c3aa360b-8208-4b85-9cb2-e9aa3b582d3b","childs":null,"emcosID":null,"emcosMLID":null,"codMaketTEP":null,"codTEP":null,"WSName":"DB","rangeAddress":"$HA$267:$HA$304","headAddress":"$HA$267","bodyAddress":"$HA$268:$HA$304","_name":"ручное"},"оперативное":{"_level":2,"parentID":"3bd8d2a9-be16-414b-be34-f880c5518fe4","firstParentID":"42cddaa5-dd91-4833-8c68-5a3b7f1a6351","ID":"5835e29b-f305-4022-92f6-70af06267abd","childs":null,"emcosID":null,"emcosMLID":null,"codMaketTEP":null,"codTEP":null,"WSName":"DB","rangeAddress":"$HB$267:$HB$304","headAddress":"$HB$267","bodyAddress":"$HB$268:$HB$304","_name":"оперативное"}},"emcosID":null,"emcosMLID":null,"codMaketTEP":null,"codTEP":null,"WSName":"DB","rangeAddress":"$GX$266:$HB$304","headAddress":"$GX$266:$HB$266","bodyAddress":"$GX$267:$HB$304","_name":"отдача"}},"emcosID":null,"emcosMLID":null,"codMaketTEP":null,"codTEP":null,"WSName":"DB","rangeAddress":"$GX$265:$HB$304","headAddress":"$GX$265:$HB$265","bodyAddress":"$GX$266:$HB$304","_name":"Генерация Энергия Алем ИГЭС 3"}},"codPlan":null,"meterCoef":null,"_name":"Генерация Энергия Алем ИГЭС 3"}