{"ID":"eb60b931-c571-4acd-84f3-c9dfc3c705a1","childs":{"PS":{"_level":0,"parentID":"eb60b931-c571-4acd-84f3-c9dfc3c705a1","firstParentID":"eb60b931-c571-4acd-84f3-c9dfc3c705a1","ID":"929326d2-d510-4216-9557-6591410e1508","childs":{"прием":{"_level":1,"parentID":"929326d2-d510-4216-9557-6591410e1508","firstParentID":"eb60b931-c571-4acd-84f3-c9dfc3c705a1","ID":"f89aaaf5-13fc-49f9-8697-6edde7c33788","childs":{"оперативное":{"_level":2,"parentID":"f89aaaf5-13fc-49f9-8697-6edde7c33788","firstParentID":"eb60b931-c571-4acd-84f3-c9dfc3c705a1","ID":"978c85b4-9ef4-4480-890e-966c1bfde9e8","childs":null,"emcosID":null,"emcosMLID":null,"codMaketTEP":null,"codTEP":null,"WSName":"PS","rangeAddress":"$IO$99:$IO$135","headAddress":"$IO$99","bodyAddress":"$IO$100:$IO$135","_name":"оперативное"}},"emcosID":null,"emcosMLID":null,"codMaketTEP":null,"codTEP":null,"WSName":"PS","rangeAddress":"$IO$98:$IO$135","headAddress":"$IO$98","bodyAddress":"$IO$99:$IO$135","_name":"прием"},"отдача":{"_level":1,"parentID":"929326d2-d510-4216-9557-6591410e1508","firstParentID":"eb60b931-c571-4acd-84f3-c9dfc3c705a1","ID":"e7d41419-bdc4-4dd3-b48a-95e58901b549","childs":{"оперативное":{"_level":2,"parentID":"e7d41419-bdc4-4dd3-b48a-95e58901b549","firstParentID":"eb60b931-c571-4acd-84f3-c9dfc3c705a1","ID":"a49e1ad6-2ca5-4fc0-98c2-b878a73f9c29","childs":null,"emcosID":null,"emcosMLID":null,"codMaketTEP":null,"codTEP":null,"WSName":"PS","rangeAddress":"$IP$99:$IP$135","headAddress":"$IP$99","bodyAddress":"$IP$100:$IP$135","_name":"оперативное"}},"emcosID":null,"emcosMLID":null,"codMaketTEP":null,"codTEP":null,"WSName":"PS","rangeAddress":"$IP$98:$IP$135","headAddress":"$IP$98","bodyAddress":"$IP$99:$IP$135","_name":"отдача"}},"emcosID":null,"emcosMLID":null,"codMaketTEP":null,"codTEP":null,"WSName":"PS","rangeAddress":"$IO$97:$IP$135","headAddress":"$IO$97:$IP$97","bodyAddress":"$IO$98:$IP$135","_name":"Л2373 Шелек 68И"},"DB":{"_level":0,"parentID":"eb60b931-c571-4acd-84f3-c9dfc3c705a1","firstParentID":"eb60b931-c571-4acd-84f3-c9dfc3c705a1","ID":"050edfcb-2d0d-4fd9-9474-cecae1d2d9eb","childs":{"прием":{"_level":1,"parentID":"050edfcb-2d0d-4fd9-9474-cecae1d2d9eb","firstParentID":"eb60b931-c571-4acd-84f3-c9dfc3c705a1","ID":"777c9c94-2cd2-4195-a7c4-7ef3d85a2795","childs":{"код":{"_level":2,"parentID":"777c9c94-2cd2-4195-a7c4-7ef3d85a2795","firstParentID":"eb60b931-c571-4acd-84f3-c9dfc3c705a1","ID":"2872d294-6b61-49a8-bb70-7cad9b887792","childs":null,"emcosID":null,"emcosMLID":null,"codMaketTEP":null,"codTEP":null,"WSName":"DB","rangeAddress":"$AY$95:$AY$132","headAddress":"$AY$95","bodyAddress":"$AY$96:$AY$132","_name":"код"},"основное":{"_level":2,"parentID":"777c9c94-2cd2-4195-a7c4-7ef3d85a2795","firstParentID":"eb60b931-c571-4acd-84f3-c9dfc3c705a1","ID":"31c8b8b3-a5d7-4490-92a6-f3b87621dbc8","childs":null,"emcosID":null,"emcosMLID":null,"codMaketTEP":null,"codTEP":null,"WSName":"DB","rangeAddress":"$AZ$95:$AZ$132","headAddress":"$AZ$95","bodyAddress":"$AZ$96:$AZ$132","_name":"основное"},"корректировка факт":{"_level":2,"parentID":"777c9c94-2cd2-4195-a7c4-7ef3d85a2795","firstParentID":"eb60b931-c571-4acd-84f3-c9dfc3c705a1","ID":"69ca529d-518c-474d-b235-bbfd2a795be6","childs":null,"emcosID":null,"emcosMLID":null,"codMaketTEP":null,"codTEP":null,"WSName":"DB","rangeAddress":"$BA$95:$BA$132","headAddress":"$BA$95","bodyAddress":"$BA$96:$BA$132","_name":"корректировка факт"},"ручное":{"_level":2,"parentID":"777c9c94-2cd2-4195-a7c4-7ef3d85a2795","firstParentID":"eb60b931-c571-4acd-84f3-c9dfc3c705a1","ID":"6031484f-ed33-49d6-96b6-22ae0fb6bf81","childs":null,"emcosID":null,"emcosMLID":null,"codMaketTEP":null,"codTEP":null,"WSName":"DB","rangeAddress":"$BB$95:$BB$132","headAddress":"$BB$95","bodyAddress":"$BB$96:$BB$132","_name":"ручное"},"оперативное":{"_level":2,"parentID":"777c9c94-2cd2-4195-a7c4-7ef3d85a2795","firstParentID":"eb60b931-c571-4acd-84f3-c9dfc3c705a1","ID":"aeec10cd-62c3-44d5-a88d-a1fd9bcd3c87","childs":null,"emcosID":null,"emcosMLID":null,"codMaketTEP":null,"codTEP":null,"WSName":"DB","rangeAddress":"$BC$95:$BC$132","headAddress":"$BC$95","bodyAddress":"$BC$96:$BC$132","_name":"оперативное"}},"emcosID":null,"emcosMLID":null,"codMaketTEP":null,"codTEP":null,"WSName":"DB","rangeAddress":"$AY$94:$BC$132","headAddress":"$AY$94:$BC$94","bodyAddress":"$AY$95:$BC$132","_name":"прием"},"отдача":{"_level":1,"parentID":"050edfcb-2d0d-4fd9-9474-cecae1d2d9eb","firstParentID":"eb60b931-c571-4acd-84f3-c9dfc3c705a1","ID":"33a484b5-679d-4d0f-9998-2ff2ab698622","childs":{"код":{"_level":2,"parentID":"33a484b5-679d-4d0f-9998-2ff2ab698622","firstParentID":"eb60b931-c571-4acd-84f3-c9dfc3c705a1","ID":"c76f9722-d9b7-4bcb-a404-45cd5d7c2716","childs":null,"emcosID":null,"emcosMLID":null,"codMaketTEP":null,"codTEP":null,"WSName":"DB","rangeAddress":"$BD$95:$BD$132","headAddress":"$BD$95","bodyAddress":"$BD$96:$BD$132","_name":"код"},"основное":{"_level":2,"parentID":"33a484b5-679d-4d0f-9998-2ff2ab698622","firstParentID":"eb60b931-c571-4acd-84f3-c9dfc3c705a1","ID":"5f4a331f-1b3c-413f-b407-09ef7d3cfb5f","childs":null,"emcosID":null,"emcosMLID":null,"codMaketTEP":null,"codTEP":null,"WSName":"DB","rangeAddress":"$BE$95:$BE$132","headAddress":"$BE$95","bodyAddress":"$BE$96:$BE$132","_name":"основное"},"корректировка факт":{"_level":2,"parentID":"33a484b5-679d-4d0f-9998-2ff2ab698622","firstParentID":"eb60b931-c571-4acd-84f3-c9dfc3c705a1","ID":"e53fb8fe-708e-4100-be50-4760f7a3cc23","childs":null,"emcosID":null,"emcosMLID":null,"codMaketTEP":null,"codTEP":null,"WSName":"DB","rangeAddress":"$BF$95:$BF$132","headAddress":"$BF$95","bodyAddress":"$BF$96:$BF$132","_name":"корректировка факт"},"ручное":{"_level":2,"parentID":"33a484b5-679d-4d0f-9998-2ff2ab698622","firstParentID":"eb60b931-c571-4acd-84f3-c9dfc3c705a1","ID":"d191d039-8155-4de7-a391-c7cc4ff0b081","childs":null,"emcosID":null,"emcosMLID":null,"codMaketTEP":null,"codTEP":null,"WSName":"DB","rangeAddress":"$BG$95:$BG$132","headAddress":"$BG$95","bodyAddress":"$BG$96:$BG$132","_name":"ручное"},"оперативное":{"_level":2,"parentID":"33a484b5-679d-4d0f-9998-2ff2ab698622","firstParentID":"eb60b931-c571-4acd-84f3-c9dfc3c705a1","ID":"5a68c010-64cc-41f5-951c-5e49122e949f","childs":null,"emcosID":null,"emcosMLID":null,"codMaketTEP":null,"codTEP":null,"WSName":"DB","rangeAddress":"$BH$95:$BH$132","headAddress":"$BH$95","bodyAddress":"$BH$96:$BH$132","_name":"оперативное"}},"emcosID":null,"emcosMLID":null,"codMaketTEP":null,"codTEP":null,"WSName":"DB","rangeAddress":"$BD$94:$BH$132","headAddress":"$BD$94:$BH$94","bodyAddress":"$BD$95:$BH$132","_name":"отдача"}},"emcosID":null,"emcosMLID":null,"codMaketTEP":null,"codTEP":null,"WSName":"DB","rangeAddress":"$AY$93:$BH$132","headAddress":"$AY$93:$BH$93","bodyAddress":"$AY$94:$BH$132","_name":"Л2373 Шелек 68И"}},"codPlan":null,"meterCoef":null,"_name":"Л2373 Шелек 68И"}