{"ID":"23854f78-6faf-4301-937f-118782b44be6","childs":{"PS":{"_level":0,"parentID":"23854f78-6faf-4301-937f-118782b44be6","firstParentID":"23854f78-6faf-4301-937f-118782b44be6","ID":"bb056f99-d487-424f-a184-bfa7b0ec62f4","childs":{"отдача":{"_level":1,"parentID":"bb056f99-d487-424f-a184-bfa7b0ec62f4","firstParentID":"23854f78-6faf-4301-937f-118782b44be6","ID":"fbedee2f-76b0-42f9-b1a5-a711f04db919","childs":{"по счетчику":{"_level":2,"parentID":"fbedee2f-76b0-42f9-b1a5-a711f04db919","firstParentID":"23854f78-6faf-4301-937f-118782b44be6","ID":"8ad4d819-e49f-49d3-9285-562068391f18","childs":null,"emcosID":null,"emcosMLID":null,"codMaketTEP":null,"codTEP":null,"WSName":"PS","rangeAddress":"$DU$99:$DU$135","headAddress":"$DU$99","bodyAddress":"$DU$100:$DU$135","_name":"по счетчику"},"СЧЕТЧИК":{"_level":2,"parentID":"fbedee2f-76b0-42f9-b1a5-a711f04db919","firstParentID":"23854f78-6faf-4301-937f-118782b44be6","ID":"d720ae57-4ab0-4c1f-be19-428545859137","childs":null,"emcosID":null,"emcosMLID":null,"codMaketTEP":null,"codTEP":null,"WSName":"PS","rangeAddress":"$DV$99:$DV$135","headAddress":"$DV$99","bodyAddress":"$DV$100:$DV$135","_name":"СЧЕТЧИК"}},"emcosID":null,"emcosMLID":null,"codMaketTEP":null,"codTEP":null,"WSName":"PS","rangeAddress":"$DU$98:$DV$135","headAddress":"$DU$98:$DV$98","bodyAddress":"$DU$99:$DV$135","_name":"отдача"}},"emcosID":null,"emcosMLID":null,"codMaketTEP":null,"codTEP":null,"WSName":"PS","rangeAddress":"$DU$97:$DV$135","headAddress":"$DU$97:$DV$97","bodyAddress":"$DU$98:$DV$135","_name":"КЛ58 ПС152 Талдыкорган"},"DB":{"_level":0,"parentID":"23854f78-6faf-4301-937f-118782b44be6","firstParentID":"23854f78-6faf-4301-937f-118782b44be6","ID":"d3a85f51-7351-43a0-b263-6f33ba67bc5b","childs":{"отдача":{"_level":1,"parentID":"d3a85f51-7351-43a0-b263-6f33ba67bc5b","firstParentID":"23854f78-6faf-4301-937f-118782b44be6","ID":"9a01069c-4091-45a6-8a89-25ae727d3da1","childs":{"код":{"_level":2,"parentID":"9a01069c-4091-45a6-8a89-25ae727d3da1","firstParentID":"23854f78-6faf-4301-937f-118782b44be6","ID":"157b20da-e6da-445c-9b88-091406510dc2","childs":null,"emcosID":null,"emcosMLID":null,"codMaketTEP":null,"codTEP":null,"WSName":"DB","rangeAddress":"$FA$310:$FA$347","headAddress":"$FA$310","bodyAddress":"$FA$311:$FA$347","_name":"код"},"основное":{"_level":2,"parentID":"9a01069c-4091-45a6-8a89-25ae727d3da1","firstParentID":"23854f78-6faf-4301-937f-118782b44be6","ID":"1859c2ea-3957-4b4f-8544-75138bfc84b0","childs":null,"emcosID":null,"emcosMLID":null,"codMaketTEP":null,"codTEP":null,"WSName":"DB","rangeAddress":"$FB$310:$FB$347","headAddress":"$FB$310","bodyAddress":"$FB$311:$FB$347","_name":"основное"},"корректировка факт":{"_level":2,"parentID":"9a01069c-4091-45a6-8a89-25ae727d3da1","firstParentID":"23854f78-6faf-4301-937f-118782b44be6","ID":"bcf558fb-92f1-4388-8d88-0e38a12cf662","childs":null,"emcosID":null,"emcosMLID":null,"codMaketTEP":null,"codTEP":null,"WSName":"DB","rangeAddress":"$FC$310:$FC$347","headAddress":"$FC$310","bodyAddress":"$FC$311:$FC$347","_name":"корректировка факт"},"ручное":{"_level":2,"parentID":"9a01069c-4091-45a6-8a89-25ae727d3da1","firstParentID":"23854f78-6faf-4301-937f-118782b44be6","ID":"e2c2147a-cd84-4577-8d08-ecae57492633","childs":null,"emcosID":null,"emcosMLID":null,"codMaketTEP":null,"codTEP":null,"WSName":"DB","rangeAddress":"$FD$310:$FD$347","headAddress":"$FD$310","bodyAddress":"$FD$311:$FD$347","_name":"ручное"},"оперативное":{"_level":2,"parentID":"9a01069c-4091-45a6-8a89-25ae727d3da1","firstParentID":"23854f78-6faf-4301-937f-118782b44be6","ID":"2de014c8-e8e8-4737-9c90-43b150a0b51e","childs":null,"emcosID":null,"emcosMLID":null,"codMaketTEP":null,"codTEP":null,"WSName":"DB","rangeAddress":"$FE$310:$FE$347","headAddress":"$FE$310","bodyAddress":"$FE$311:$FE$347","_name":"оперативное"},"счетчик":{"_level":2,"parentID":"9a01069c-4091-45a6-8a89-25ae727d3da1","firstParentID":"23854f78-6faf-4301-937f-118782b44be6","ID":"faeb1be2-713e-4ebb-9ba4-2567e100a47d","childs":null,"emcosID":null,"emcosMLID":null,"codMaketTEP":null,"codTEP":null,"WSName":"DB","rangeAddress":"$FF$310:$FF$347","headAddress":"$FF$310","bodyAddress":"$FF$311:$FF$347","_name":"счетчик"},"по счетчику":{"_level":2,"parentID":"9a01069c-4091-45a6-8a89-25ae727d3da1","firstParentID":"23854f78-6faf-4301-937f-118782b44be6","ID":"948e1c5a-21c5-45cd-9128-19c9387f3ca3","childs":null,"emcosID":null,"emcosMLID":null,"codMaketTEP":null,"codTEP":null,"WSName":"DB","rangeAddress":"$FG$310:$FG$347","headAddress":"$FG$310","bodyAddress":"$FG$311:$FG$347","_name":"по счетчику"}},"emcosID":null,"emcosMLID":null,"codMaketTEP":null,"codTEP":null,"WSName":"DB","rangeAddress":"$FA$309:$FG$347","headAddress":"$FA$309:$FG$309","bodyAddress":"$FA$310:$FG$347","_name":"отдача"}},"emcosID":null,"emcosMLID":null,"codMaketTEP":null,"codTEP":null,"WSName":"DB","rangeAddress":"$FA$308:$FG$347","headAddress":"$FA$308:$FG$308","bodyAddress":"$FA$309:$FG$347","_name":"КЛ58 ПС152 Талдыкорган"}},"codPlan":null,"meterCoef":"8","_name":"КЛ58 ПС152 Талдыкорган"}