{"ID":"2e431fb5-817c-449b-b51f-ac113abbe15d","childs":{"PS":{"_level":0,"parentID":"2e431fb5-817c-449b-b51f-ac113abbe15d","firstParentID":"2e431fb5-817c-449b-b51f-ac113abbe15d","ID":"7b61dd16-483a-4dcc-bcfe-43b167056b5b","childs":{"прием":{"_level":1,"parentID":"7b61dd16-483a-4dcc-bcfe-43b167056b5b","firstParentID":"2e431fb5-817c-449b-b51f-ac113abbe15d","ID":"0a43a4a0-3e07-46d8-9033-ff7f78e770d2","childs":{"по счетчику":{"_level":2,"parentID":"0a43a4a0-3e07-46d8-9033-ff7f78e770d2","firstParentID":"2e431fb5-817c-449b-b51f-ac113abbe15d","ID":"69086e0b-4451-4ffc-9a76-ff68ba96bd14","childs":null,"emcosID":null,"emcosMLID":null,"codMaketTEP":null,"codTEP":null,"WSName":"PS","rangeAddress":"$AO$56:$AO$92","headAddress":"$AO$56","bodyAddress":"$AO$57:$AO$92","_name":"по счетчику"}},"emcosID":null,"emcosMLID":null,"codMaketTEP":null,"codTEP":null,"WSName":"PS","rangeAddress":"$AO$55:$AO$92","headAddress":"$AO$55","bodyAddress":"$AO$56:$AO$92","_name":"прием"},"отдача":{"_level":1,"parentID":"7b61dd16-483a-4dcc-bcfe-43b167056b5b","firstParentID":"2e431fb5-817c-449b-b51f-ac113abbe15d","ID":"06df7b31-2ec5-43a9-8943-a6492a37873c","childs":{"по счетчику":{"_level":2,"parentID":"06df7b31-2ec5-43a9-8943-a6492a37873c","firstParentID":"2e431fb5-817c-449b-b51f-ac113abbe15d","ID":"585984cd-a2e0-4cb1-bcba-3bc98b63f483","childs":null,"emcosID":null,"emcosMLID":null,"codMaketTEP":null,"codTEP":null,"WSName":"PS","rangeAddress":"$AP$56:$AP$92","headAddress":"$AP$56","bodyAddress":"$AP$57:$AP$92","_name":"по счетчику"}},"emcosID":null,"emcosMLID":null,"codMaketTEP":null,"codTEP":null,"WSName":"PS","rangeAddress":"$AP$55:$AP$92","headAddress":"$AP$55","bodyAddress":"$AP$56:$AP$92","_name":"отдача"},"сальдо":{"_level":1,"parentID":"7b61dd16-483a-4dcc-bcfe-43b167056b5b","firstParentID":"2e431fb5-817c-449b-b51f-ac113abbe15d","ID":"40d18b1b-7758-409d-9bc4-98276fc124b4","childs":{"формула":{"_level":2,"parentID":"40d18b1b-7758-409d-9bc4-98276fc124b4","firstParentID":"2e431fb5-817c-449b-b51f-ac113abbe15d","ID":"5483bd97-edb5-43a5-9bfb-f77ad1d164cc","childs":null,"emcosID":null,"emcosMLID":null,"codMaketTEP":null,"codTEP":null,"WSName":"PS","rangeAddress":"$AQ$56:$AQ$92","headAddress":"$AQ$56","bodyAddress":"$AQ$57:$AQ$92","_name":"формула"}},"emcosID":null,"emcosMLID":null,"codMaketTEP":1358,"codTEP":null,"WSName":"PS","rangeAddress":"$AQ$55:$AQ$92","headAddress":"$AQ$55","bodyAddress":"$AQ$56:$AQ$92","_name":"сальдо"}},"emcosID":null,"emcosMLID":null,"codMaketTEP":null,"codTEP":null,"WSName":"PS","rangeAddress":"$AO$54:$AQ$92","headAddress":"$AO$54:$AQ$54","bodyAddress":"$AO$55:$AQ$92","_name":"Л2303 ЮКГРЭС"},"DB":{"_level":0,"parentID":"2e431fb5-817c-449b-b51f-ac113abbe15d","firstParentID":"2e431fb5-817c-449b-b51f-ac113abbe15d","ID":"3e412f2e-1a66-4289-a299-7ae2ced6a2d0","childs":{"прием":{"_level":1,"parentID":"3e412f2e-1a66-4289-a299-7ae2ced6a2d0","firstParentID":"2e431fb5-817c-449b-b51f-ac113abbe15d","ID":"91b0876f-5fae-4390-81ea-e2ba99f2f635","childs":{"код":{"_level":2,"parentID":"91b0876f-5fae-4390-81ea-e2ba99f2f635","firstParentID":"2e431fb5-817c-449b-b51f-ac113abbe15d","ID":"79aa5e01-7c72-440e-b36b-1dffb75b93ea","childs":null,"emcosID":null,"emcosMLID":null,"codMaketTEP":null,"codTEP":null,"WSName":"DB","rangeAddress":"$JV$9:$JV$46","headAddress":"$JV$9","bodyAddress":"$JV$10:$JV$46","_name":"код"},"основное":{"_level":2,"parentID":"91b0876f-5fae-4390-81ea-e2ba99f2f635","firstParentID":"2e431fb5-817c-449b-b51f-ac113abbe15d","ID":"b81082de-a771-4e85-b371-c67fdaef4361","childs":null,"emcosID":null,"emcosMLID":null,"codMaketTEP":null,"codTEP":null,"WSName":"DB","rangeAddress":"$JW$9:$JW$46","headAddress":"$JW$9","bodyAddress":"$JW$10:$JW$46","_name":"основное"},"корректировка факт":{"_level":2,"parentID":"91b0876f-5fae-4390-81ea-e2ba99f2f635","firstParentID":"2e431fb5-817c-449b-b51f-ac113abbe15d","ID":"04d315dd-e474-4045-9dc4-32ea4f4e8754","childs":null,"emcosID":null,"emcosMLID":null,"codMaketTEP":null,"codTEP":null,"WSName":"DB","rangeAddress":"$JX$9:$JX$46","headAddress":"$JX$9","bodyAddress":"$JX$10:$JX$46","_name":"корректировка факт"},"ручное":{"_level":2,"parentID":"91b0876f-5fae-4390-81ea-e2ba99f2f635","firstParentID":"2e431fb5-817c-449b-b51f-ac113abbe15d","ID":"9b6e5874-4f5c-428c-b559-82f32954e9d4","childs":null,"emcosID":null,"emcosMLID":null,"codMaketTEP":null,"codTEP":null,"WSName":"DB","rangeAddress":"$JY$9:$JY$46","headAddress":"$JY$9","bodyAddress":"$JY$10:$JY$46","_name":"ручное"},"счетчик":{"_level":2,"parentID":"91b0876f-5fae-4390-81ea-e2ba99f2f635","firstParentID":"2e431fb5-817c-449b-b51f-ac113abbe15d","ID":"a5cc7ddb-962c-4c0d-acf3-2d9bdeb2d839","childs":null,"emcosID":null,"emcosMLID":null,"codMaketTEP":null,"codTEP":null,"WSName":"DB","rangeAddress":"$JZ$9:$JZ$46","headAddress":"$JZ$9","bodyAddress":"$JZ$10:$JZ$46","_name":"счетчик"},"по счетчику":{"_level":2,"parentID":"91b0876f-5fae-4390-81ea-e2ba99f2f635","firstParentID":"2e431fb5-817c-449b-b51f-ac113abbe15d","ID":"76e5b609-af6f-41ce-819a-a518416ca834","childs":null,"emcosID":null,"emcosMLID":null,"codMaketTEP":null,"codTEP":null,"WSName":"DB","rangeAddress":"$KA$9:$KA$46","headAddress":"$KA$9","bodyAddress":"$KA$10:$KA$46","_name":"по счетчику"}},"emcosID":null,"emcosMLID":null,"codMaketTEP":null,"codTEP":null,"WSName":"DB","rangeAddress":"$JV$8:$KA$46","headAddress":"$JV$8:$KA$8","bodyAddress":"$JV$9:$KA$46","_name":"прием"},"отдача":{"_level":1,"parentID":"3e412f2e-1a66-4289-a299-7ae2ced6a2d0","firstParentID":"2e431fb5-817c-449b-b51f-ac113abbe15d","ID":"3ebd3bb5-8b60-44ce-863e-30ce5b098f8f","childs":{"код":{"_level":2,"parentID":"3ebd3bb5-8b60-44ce-863e-30ce5b098f8f","firstParentID":"2e431fb5-817c-449b-b51f-ac113abbe15d","ID":"361c42b8-cc65-482a-aff5-50346c7311b1","childs":null,"emcosID":null,"emcosMLID":null,"codMaketTEP":null,"codTEP":null,"WSName":"DB","rangeAddress":"$KB$9:$KB$46","headAddress":"$KB$9","bodyAddress":"$KB$10:$KB$46","_name":"код"},"основное":{"_level":2,"parentID":"3ebd3bb5-8b60-44ce-863e-30ce5b098f8f","firstParentID":"2e431fb5-817c-449b-b51f-ac113abbe15d","ID":"a12a6df2-f439-41f0-bcd0-1154e9d88d27","childs":null,"emcosID":null,"emcosMLID":null,"codMaketTEP":null,"codTEP":null,"WSName":"DB","rangeAddress":"$KC$9:$KC$46","headAddress":"$KC$9","bodyAddress":"$KC$10:$KC$46","_name":"основное"},"корректировка факт":{"_level":2,"parentID":"3ebd3bb5-8b60-44ce-863e-30ce5b098f8f","firstParentID":"2e431fb5-817c-449b-b51f-ac113abbe15d","ID":"3be598aa-93fb-4162-ae71-56c20ebb80ca","childs":null,"emcosID":null,"emcosMLID":null,"codMaketTEP":null,"codTEP":null,"WSName":"DB","rangeAddress":"$KD$9:$KD$46","headAddress":"$KD$9","bodyAddress":"$KD$10:$KD$46","_name":"корректировка факт"},"ручное":{"_level":2,"parentID":"3ebd3bb5-8b60-44ce-863e-30ce5b098f8f","firstParentID":"2e431fb5-817c-449b-b51f-ac113abbe15d","ID":"c429b7e4-6643-4466-9434-b8891ec05c30","childs":null,"emcosID":null,"emcosMLID":null,"codMaketTEP":null,"codTEP":null,"WSName":"DB","rangeAddress":"$KE$9:$KE$46","headAddress":"$KE$9","bodyAddress":"$KE$10:$KE$46","_name":"ручное"},"счетчик":{"_level":2,"parentID":"3ebd3bb5-8b60-44ce-863e-30ce5b098f8f","firstParentID":"2e431fb5-817c-449b-b51f-ac113abbe15d","ID":"39829907-6ac4-405a-883b-a1b365b34a24","childs":null,"emcosID":null,"emcosMLID":null,"codMaketTEP":null,"codTEP":null,"WSName":"DB","rangeAddress":"$KF$9:$KF$46","headAddress":"$KF$9","bodyAddress":"$KF$10:$KF$46","_name":"счетчик"},"по счетчику":{"_level":2,"parentID":"3ebd3bb5-8b60-44ce-863e-30ce5b098f8f","firstParentID":"2e431fb5-817c-449b-b51f-ac113abbe15d","ID":"f34d3ddb-030b-4a75-a860-93381de41103","childs":null,"emcosID":null,"emcosMLID":null,"codMaketTEP":null,"codTEP":null,"WSName":"DB","rangeAddress":"$KG$9:$KG$46","headAddress":"$KG$9","bodyAddress":"$KG$10:$KG$46","_name":"по счетчику"}},"emcosID":null,"emcosMLID":null,"codMaketTEP":null,"codTEP":null,"WSName":"DB","rangeAddress":"$KB$8:$KG$46","headAddress":"$KB$8:$KG$8","bodyAddress":"$KB$9:$KG$46","_name":"отдача"},"сальдо":{"_level":1,"parentID":"3e412f2e-1a66-4289-a299-7ae2ced6a2d0","firstParentID":"2e431fb5-817c-449b-b51f-ac113abbe15d","ID":"607e57cb-da19-488c-837c-181d6ab31ceb","childs":{"код":{"_level":2,"parentID":"607e57cb-da19-488c-837c-181d6ab31ceb","firstParentID":"2e431fb5-817c-449b-b51f-ac113abbe15d","ID":"de453de6-3af2-48df-9fa6-9d17324bcf6c","childs":null,"emcosID":null,"emcosMLID":null,"codMaketTEP":null,"codTEP":null,"WSName":"DB","rangeAddress":"$KH$9:$KH$46","headAddress":"$KH$9","bodyAddress":"$KH$10:$KH$46","_name":"код"},"основное":{"_level":2,"parentID":"607e57cb-da19-488c-837c-181d6ab31ceb","firstParentID":"2e431fb5-817c-449b-b51f-ac113abbe15d","ID":"9a6c07de-d3f5-4313-acc0-8d95c4f8054f","childs":null,"emcosID":null,"emcosMLID":null,"codMaketTEP":null,"codTEP":null,"WSName":"DB","rangeAddress":"$KI$9:$KI$46","headAddress":"$KI$9","bodyAddress":"$KI$10:$KI$46","_name":"основное"},"корректировка факт":{"_level":2,"parentID":"607e57cb-da19-488c-837c-181d6ab31ceb","firstParentID":"2e431fb5-817c-449b-b51f-ac113abbe15d","ID":"e0b50a81-013d-4c71-a9cc-3fc649600dd2","childs":null,"emcosID":null,"emcosMLID":null,"codMaketTEP":null,"codTEP":null,"WSName":"DB","rangeAddress":"$KJ$9:$KJ$46","headAddress":"$KJ$9","bodyAddress":"$KJ$10:$KJ$46","_name":"корректировка факт"},"ручное":{"_level":2,"parentID":"607e57cb-da19-488c-837c-181d6ab31ceb","firstParentID":"2e431fb5-817c-449b-b51f-ac113abbe15d","ID":"05fd551e-036f-4c2e-b3c2-4a2a83ea6c35","childs":null,"emcosID":null,"emcosMLID":null,"codMaketTEP":null,"codTEP":null,"WSName":"DB","rangeAddress":"$KK$9:$KK$46","headAddress":"$KK$9","bodyAddress":"$KK$10:$KK$46","_name":"ручное"},"формула":{"_level":2,"parentID":"607e57cb-da19-488c-837c-181d6ab31ceb","firstParentID":"2e431fb5-817c-449b-b51f-ac113abbe15d","ID":"ad933ba7-2e12-4e1c-9642-7c1c67047ae9","childs":null,"emcosID":null,"emcosMLID":null,"codMaketTEP":null,"codTEP":null,"WSName":"DB","rangeAddress":"$KL$9:$KL$46","headAddress":"$KL$9","bodyAddress":"$KL$10:$KL$46","_name":"формула"}},"emcosID":null,"emcosMLID":null,"codMaketTEP":null,"codTEP":null,"WSName":"DB","rangeAddress":"$KH$8:$KL$46","headAddress":"$KH$8:$KL$8","bodyAddress":"$KH$9:$KL$46","_name":"сальдо"}},"emcosID":null,"emcosMLID":null,"codMaketTEP":null,"codTEP":null,"WSName":"DB","rangeAddress":"$JV$7:$KL$46","headAddress":"$JV$7:$KL$7","bodyAddress":"$JV$8:$KL$46","_name":"Л2303 ЮКГРЭС"}},"codPlan":null,"meterCoef":"2200","_name":"Л2303 ЮКГРЭС"}