{"ID":"699408fb-dee6-444d-ba88-a16fef07dbf5","childs":{"PS":{"_level":0,"parentID":"699408fb-dee6-444d-ba88-a16fef07dbf5","firstParentID":"699408fb-dee6-444d-ba88-a16fef07dbf5","ID":"d924e611-be0e-4470-8d44-94e1378122c1","childs":{"прием":{"_level":1,"parentID":"d924e611-be0e-4470-8d44-94e1378122c1","firstParentID":"699408fb-dee6-444d-ba88-a16fef07dbf5","ID":"d175bda6-d302-4f11-8858-8581db139302","childs":{"формула":{"_level":2,"parentID":"d175bda6-d302-4f11-8858-8581db139302","firstParentID":"699408fb-dee6-444d-ba88-a16fef07dbf5","ID":"6c900f59-65d1-4860-a3f3-8b1a8e1f1301","childs":null,"emcosID":null,"emcosMLID":null,"codMaketTEP":null,"codTEP":null,"WSName":"PS","rangeAddress":"$LA$99:$LA$135","headAddress":"$LA$99","bodyAddress":"$LA$100:$LA$135","_name":"формула"}},"emcosID":null,"emcosMLID":null,"codMaketTEP":null,"codTEP":null,"WSName":"PS","rangeAddress":"$LA$98:$LA$135","headAddress":"$LA$98","bodyAddress":"$LA$99:$LA$135","_name":"прием"}},"emcosID":null,"emcosMLID":null,"codMaketTEP":null,"codTEP":null,"WSName":"PS","rangeAddress":"$LA$97:$LA$135","headAddress":"$LA$97","bodyAddress":"$LA$98:$LA$135","_name":"Потребление Жидели тяга"},"DB":{"_level":0,"parentID":"699408fb-dee6-444d-ba88-a16fef07dbf5","firstParentID":"699408fb-dee6-444d-ba88-a16fef07dbf5","ID":"bda8e0f5-4b75-4d32-9787-b76fa0e318ee","childs":{"прием":{"_level":1,"parentID":"bda8e0f5-4b75-4d32-9787-b76fa0e318ee","firstParentID":"699408fb-dee6-444d-ba88-a16fef07dbf5","ID":"360fa207-92f6-4473-9c8f-278fec9d5d60","childs":{"код":{"_level":2,"parentID":"360fa207-92f6-4473-9c8f-278fec9d5d60","firstParentID":"699408fb-dee6-444d-ba88-a16fef07dbf5","ID":"a495a252-79ff-484c-a747-09aeb56f4ce3","childs":null,"emcosID":null,"emcosMLID":null,"codMaketTEP":null,"codTEP":null,"WSName":"DB","rangeAddress":"$BM$353:$BM$390","headAddress":"$BM$353","bodyAddress":"$BM$354:$BM$390","_name":"код"},"основное":{"_level":2,"parentID":"360fa207-92f6-4473-9c8f-278fec9d5d60","firstParentID":"699408fb-dee6-444d-ba88-a16fef07dbf5","ID":"051751a2-1705-484e-b61a-644e94c405e8","childs":null,"emcosID":null,"emcosMLID":null,"codMaketTEP":null,"codTEP":null,"WSName":"DB","rangeAddress":"$BN$353:$BN$390","headAddress":"$BN$353","bodyAddress":"$BN$354:$BN$390","_name":"основное"},"корректировка факт":{"_level":2,"parentID":"360fa207-92f6-4473-9c8f-278fec9d5d60","firstParentID":"699408fb-dee6-444d-ba88-a16fef07dbf5","ID":"873f46f9-4063-4100-919e-23fe346b9a4e","childs":null,"emcosID":null,"emcosMLID":null,"codMaketTEP":null,"codTEP":null,"WSName":"DB","rangeAddress":"$BO$353:$BO$390","headAddress":"$BO$353","bodyAddress":"$BO$354:$BO$390","_name":"корректировка факт"},"ручное":{"_level":2,"parentID":"360fa207-92f6-4473-9c8f-278fec9d5d60","firstParentID":"699408fb-dee6-444d-ba88-a16fef07dbf5","ID":"2f1fc5a5-fc42-419d-9abf-fcf4c1516149","childs":null,"emcosID":null,"emcosMLID":null,"codMaketTEP":null,"codTEP":null,"WSName":"DB","rangeAddress":"$BP$353:$BP$390","headAddress":"$BP$353","bodyAddress":"$BP$354:$BP$390","_name":"ручное"},"формула":{"_level":2,"parentID":"360fa207-92f6-4473-9c8f-278fec9d5d60","firstParentID":"699408fb-dee6-444d-ba88-a16fef07dbf5","ID":"7b2c5a9e-688e-45da-982c-a733f906ec52","childs":null,"emcosID":null,"emcosMLID":null,"codMaketTEP":null,"codTEP":null,"WSName":"DB","rangeAddress":"$BQ$353:$BQ$390","headAddress":"$BQ$353","bodyAddress":"$BQ$354:$BQ$390","_name":"формула"}},"emcosID":null,"emcosMLID":null,"codMaketTEP":null,"codTEP":null,"WSName":"DB","rangeAddress":"$BM$352:$BQ$390","headAddress":"$BM$352:$BQ$352","bodyAddress":"$BM$353:$BQ$390","_name":"прием"}},"emcosID":null,"emcosMLID":null,"codMaketTEP":null,"codTEP":null,"WSName":"DB","rangeAddress":"$BM$351:$BQ$390","headAddress":"$BM$351:$BQ$351","bodyAddress":"$BM$352:$BQ$390","_name":"Потребление Жидели тяга"}},"codPlan":null,"meterCoef":null,"_name":"Потребление Жидели тяга"}