{"ID":"891624af-f11a-4f19-a712-24a9a74959fd","childs":{"PS":{"_level":0,"parentID":"891624af-f11a-4f19-a712-24a9a74959fd","firstParentID":"891624af-f11a-4f19-a712-24a9a74959fd","ID":"8f7b2f5a-5957-4403-bd32-4e4f7e03e91d","childs":{"прием":{"_level":1,"parentID":"8f7b2f5a-5957-4403-bd32-4e4f7e03e91d","firstParentID":"891624af-f11a-4f19-a712-24a9a74959fd","ID":"18281607-bbda-4f96-9a0a-2fd7899b788d","childs":{"по счетчику":{"_level":2,"parentID":"18281607-bbda-4f96-9a0a-2fd7899b788d","firstParentID":"891624af-f11a-4f19-a712-24a9a74959fd","ID":"ee175894-13fe-4ab3-a107-474f340d69a2","childs":null,"emcosID":null,"emcosMLID":null,"codMaketTEP":null,"codTEP":null,"WSName":"PS","rangeAddress":"$CU$56:$CU$92","headAddress":"$CU$56","bodyAddress":"$CU$57:$CU$92","_name":"по счетчику"}},"emcosID":null,"emcosMLID":null,"codMaketTEP":null,"codTEP":null,"WSName":"PS","rangeAddress":"$CU$55:$CU$92","headAddress":"$CU$55","bodyAddress":"$CU$56:$CU$92","_name":"прием"},"отдача":{"_level":1,"parentID":"8f7b2f5a-5957-4403-bd32-4e4f7e03e91d","firstParentID":"891624af-f11a-4f19-a712-24a9a74959fd","ID":"4cbb4c06-6ffe-4056-b371-c87305c0a33d","childs":{"по счетчику":{"_level":2,"parentID":"4cbb4c06-6ffe-4056-b371-c87305c0a33d","firstParentID":"891624af-f11a-4f19-a712-24a9a74959fd","ID":"0f400253-5c05-4153-a890-49681d423d10","childs":null,"emcosID":null,"emcosMLID":null,"codMaketTEP":null,"codTEP":null,"WSName":"PS","rangeAddress":"$CV$56:$CV$92","headAddress":"$CV$56","bodyAddress":"$CV$57:$CV$92","_name":"по счетчику"}},"emcosID":null,"emcosMLID":null,"codMaketTEP":null,"codTEP":null,"WSName":"PS","rangeAddress":"$CV$55:$CV$92","headAddress":"$CV$55","bodyAddress":"$CV$56:$CV$92","_name":"отдача"},"сальдо":{"_level":1,"parentID":"8f7b2f5a-5957-4403-bd32-4e4f7e03e91d","firstParentID":"891624af-f11a-4f19-a712-24a9a74959fd","ID":"b226ba14-a812-40dc-b0b2-850ed3fcfd19","childs":{"формула":{"_level":2,"parentID":"b226ba14-a812-40dc-b0b2-850ed3fcfd19","firstParentID":"891624af-f11a-4f19-a712-24a9a74959fd","ID":"cd23d6d8-4acb-4061-bace-d01ee68310ad","childs":null,"emcosID":null,"emcosMLID":null,"codMaketTEP":null,"codTEP":null,"WSName":"PS","rangeAddress":"$CW$56:$CW$92","headAddress":"$CW$56","bodyAddress":"$CW$57:$CW$92","_name":"формула"}},"emcosID":null,"emcosMLID":null,"codMaketTEP":1353,"codTEP":null,"WSName":"PS","rangeAddress":"$CW$55:$CW$92","headAddress":"$CW$55","bodyAddress":"$CW$56:$CW$92","_name":"сальдо"}},"emcosID":null,"emcosMLID":null,"codMaketTEP":null,"codTEP":null,"WSName":"PS","rangeAddress":"$CU$54:$CW$92","headAddress":"$CU$54:$CW$54","bodyAddress":"$CU$55:$CW$92","_name":"Л2053 Алматы"},"DB":{"_level":0,"parentID":"891624af-f11a-4f19-a712-24a9a74959fd","firstParentID":"891624af-f11a-4f19-a712-24a9a74959fd","ID":"a72f373c-026a-4a06-b300-bb6a9a64f0d2","childs":{"прием":{"_level":1,"parentID":"a72f373c-026a-4a06-b300-bb6a9a64f0d2","firstParentID":"891624af-f11a-4f19-a712-24a9a74959fd","ID":"64d9bd93-c7c0-466e-b084-709fdd8b5858","childs":{"код":{"_level":2,"parentID":"64d9bd93-c7c0-466e-b084-709fdd8b5858","firstParentID":"891624af-f11a-4f19-a712-24a9a74959fd","ID":"6f03722e-7c1d-49b2-9031-440fdb08d035","childs":null,"emcosID":null,"emcosMLID":null,"codMaketTEP":null,"codTEP":null,"WSName":"DB","rangeAddress":"$CV$9:$CV$46","headAddress":"$CV$9","bodyAddress":"$CV$10:$CV$46","_name":"код"},"основное":{"_level":2,"parentID":"64d9bd93-c7c0-466e-b084-709fdd8b5858","firstParentID":"891624af-f11a-4f19-a712-24a9a74959fd","ID":"59c48456-7c14-4ae6-8849-be4dfde3c523","childs":null,"emcosID":null,"emcosMLID":null,"codMaketTEP":null,"codTEP":null,"WSName":"DB","rangeAddress":"$CW$9:$CW$46","headAddress":"$CW$9","bodyAddress":"$CW$10:$CW$46","_name":"основное"},"корректировка факт":{"_level":2,"parentID":"64d9bd93-c7c0-466e-b084-709fdd8b5858","firstParentID":"891624af-f11a-4f19-a712-24a9a74959fd","ID":"43ed8ab2-8fc0-4442-a723-e8f3502752c0","childs":null,"emcosID":null,"emcosMLID":null,"codMaketTEP":null,"codTEP":null,"WSName":"DB","rangeAddress":"$CX$9:$CX$46","headAddress":"$CX$9","bodyAddress":"$CX$10:$CX$46","_name":"корректировка факт"},"ручное":{"_level":2,"parentID":"64d9bd93-c7c0-466e-b084-709fdd8b5858","firstParentID":"891624af-f11a-4f19-a712-24a9a74959fd","ID":"7b679348-7f6d-4fa0-938a-09b3265a8569","childs":null,"emcosID":null,"emcosMLID":null,"codMaketTEP":null,"codTEP":null,"WSName":"DB","rangeAddress":"$CY$9:$CY$46","headAddress":"$CY$9","bodyAddress":"$CY$10:$CY$46","_name":"ручное"},"счетчик":{"_level":2,"parentID":"64d9bd93-c7c0-466e-b084-709fdd8b5858","firstParentID":"891624af-f11a-4f19-a712-24a9a74959fd","ID":"deac9ad4-0a90-4d30-a180-6f38a09be169","childs":null,"emcosID":null,"emcosMLID":null,"codMaketTEP":null,"codTEP":null,"WSName":"DB","rangeAddress":"$CZ$9:$CZ$46","headAddress":"$CZ$9","bodyAddress":"$CZ$10:$CZ$46","_name":"счетчик"},"по счетчику":{"_level":2,"parentID":"64d9bd93-c7c0-466e-b084-709fdd8b5858","firstParentID":"891624af-f11a-4f19-a712-24a9a74959fd","ID":"4c057412-29d8-4a1f-a13a-a3574e9e2925","childs":null,"emcosID":null,"emcosMLID":null,"codMaketTEP":null,"codTEP":null,"WSName":"DB","rangeAddress":"$DA$9:$DA$46","headAddress":"$DA$9","bodyAddress":"$DA$10:$DA$46","_name":"по счетчику"}},"emcosID":null,"emcosMLID":null,"codMaketTEP":null,"codTEP":null,"WSName":"DB","rangeAddress":"$CV$8:$DA$46","headAddress":"$CV$8:$DA$8","bodyAddress":"$CV$9:$DA$46","_name":"прием"},"отдача":{"_level":1,"parentID":"a72f373c-026a-4a06-b300-bb6a9a64f0d2","firstParentID":"891624af-f11a-4f19-a712-24a9a74959fd","ID":"9f930a05-201d-4077-be60-37dfd5055ca2","childs":{"код":{"_level":2,"parentID":"9f930a05-201d-4077-be60-37dfd5055ca2","firstParentID":"891624af-f11a-4f19-a712-24a9a74959fd","ID":"e05e2c90-0184-4e28-a447-12e997aad5da","childs":null,"emcosID":null,"emcosMLID":null,"codMaketTEP":null,"codTEP":null,"WSName":"DB","rangeAddress":"$DB$9:$DB$46","headAddress":"$DB$9","bodyAddress":"$DB$10:$DB$46","_name":"код"},"основное":{"_level":2,"parentID":"9f930a05-201d-4077-be60-37dfd5055ca2","firstParentID":"891624af-f11a-4f19-a712-24a9a74959fd","ID":"17db3547-1aad-4792-a16d-94b04eed548f","childs":null,"emcosID":null,"emcosMLID":null,"codMaketTEP":null,"codTEP":null,"WSName":"DB","rangeAddress":"$DC$9:$DC$46","headAddress":"$DC$9","bodyAddress":"$DC$10:$DC$46","_name":"основное"},"корректировка факт":{"_level":2,"parentID":"9f930a05-201d-4077-be60-37dfd5055ca2","firstParentID":"891624af-f11a-4f19-a712-24a9a74959fd","ID":"70fb324f-0772-48da-8cb1-b380e25d3b99","childs":null,"emcosID":null,"emcosMLID":null,"codMaketTEP":null,"codTEP":null,"WSName":"DB","rangeAddress":"$DD$9:$DD$46","headAddress":"$DD$9","bodyAddress":"$DD$10:$DD$46","_name":"корректировка факт"},"ручное":{"_level":2,"parentID":"9f930a05-201d-4077-be60-37dfd5055ca2","firstParentID":"891624af-f11a-4f19-a712-24a9a74959fd","ID":"50cf67d3-9c76-4275-a03b-cf368c3aec94","childs":null,"emcosID":null,"emcosMLID":null,"codMaketTEP":null,"codTEP":null,"WSName":"DB","rangeAddress":"$DE$9:$DE$46","headAddress":"$DE$9","bodyAddress":"$DE$10:$DE$46","_name":"ручное"},"счетчик":{"_level":2,"parentID":"9f930a05-201d-4077-be60-37dfd5055ca2","firstParentID":"891624af-f11a-4f19-a712-24a9a74959fd","ID":"b5159c3e-80a9-4cbc-ae0e-fa4549f88323","childs":null,"emcosID":null,"emcosMLID":null,"codMaketTEP":null,"codTEP":null,"WSName":"DB","rangeAddress":"$DF$9:$DF$46","headAddress":"$DF$9","bodyAddress":"$DF$10:$DF$46","_name":"счетчик"},"по счетчику":{"_level":2,"parentID":"9f930a05-201d-4077-be60-37dfd5055ca2","firstParentID":"891624af-f11a-4f19-a712-24a9a74959fd","ID":"95787afb-868c-4ff8-a9a4-a5fd4ef36b75","childs":null,"emcosID":null,"emcosMLID":null,"codMaketTEP":null,"codTEP":null,"WSName":"DB","rangeAddress":"$DG$9:$DG$46","headAddress":"$DG$9","bodyAddress":"$DG$10:$DG$46","_name":"по счетчику"}},"emcosID":null,"emcosMLID":null,"codMaketTEP":null,"codTEP":null,"WSName":"DB","rangeAddress":"$DB$8:$DG$46","headAddress":"$DB$8:$DG$8","bodyAddress":"$DB$9:$DG$46","_name":"отдача"},"сальдо":{"_level":1,"parentID":"a72f373c-026a-4a06-b300-bb6a9a64f0d2","firstParentID":"891624af-f11a-4f19-a712-24a9a74959fd","ID":"47d96983-bf26-48fc-aa73-46a216b7e89c","childs":{"код":{"_level":2,"parentID":"47d96983-bf26-48fc-aa73-46a216b7e89c","firstParentID":"891624af-f11a-4f19-a712-24a9a74959fd","ID":"25e68146-47c5-40b7-ac83-79be50ef258c","childs":null,"emcosID":null,"emcosMLID":null,"codMaketTEP":null,"codTEP":null,"WSName":"DB","rangeAddress":"$DH$9:$DH$46","headAddress":"$DH$9","bodyAddress":"$DH$10:$DH$46","_name":"код"},"основное":{"_level":2,"parentID":"47d96983-bf26-48fc-aa73-46a216b7e89c","firstParentID":"891624af-f11a-4f19-a712-24a9a74959fd","ID":"0d6a88e9-9e3a-427a-8900-d578f0db7a21","childs":null,"emcosID":null,"emcosMLID":null,"codMaketTEP":null,"codTEP":null,"WSName":"DB","rangeAddress":"$DI$9:$DI$46","headAddress":"$DI$9","bodyAddress":"$DI$10:$DI$46","_name":"основное"},"корректировка факт":{"_level":2,"parentID":"47d96983-bf26-48fc-aa73-46a216b7e89c","firstParentID":"891624af-f11a-4f19-a712-24a9a74959fd","ID":"5ed5f58c-80ab-4c2b-af20-f7894acb6e40","childs":null,"emcosID":null,"emcosMLID":null,"codMaketTEP":null,"codTEP":null,"WSName":"DB","rangeAddress":"$DJ$9:$DJ$46","headAddress":"$DJ$9","bodyAddress":"$DJ$10:$DJ$46","_name":"корректировка факт"},"ручное":{"_level":2,"parentID":"47d96983-bf26-48fc-aa73-46a216b7e89c","firstParentID":"891624af-f11a-4f19-a712-24a9a74959fd","ID":"bda52cde-7acb-47a0-8fe7-966e0c50e3b3","childs":null,"emcosID":null,"emcosMLID":null,"codMaketTEP":null,"codTEP":null,"WSName":"DB","rangeAddress":"$DK$9:$DK$46","headAddress":"$DK$9","bodyAddress":"$DK$10:$DK$46","_name":"ручное"},"формула":{"_level":2,"parentID":"47d96983-bf26-48fc-aa73-46a216b7e89c","firstParentID":"891624af-f11a-4f19-a712-24a9a74959fd","ID":"3fc1f51b-2893-4758-88fe-94c47cce9a02","childs":null,"emcosID":null,"emcosMLID":null,"codMaketTEP":null,"codTEP":null,"WSName":"DB","rangeAddress":"$DL$9:$DL$46","headAddress":"$DL$9","bodyAddress":"$DL$10:$DL$46","_name":"формула"}},"emcosID":null,"emcosMLID":null,"codMaketTEP":null,"codTEP":null,"WSName":"DB","rangeAddress":"$DH$8:$DL$46","headAddress":"$DH$8:$DL$8","bodyAddress":"$DH$9:$DL$46","_name":"сальдо"}},"emcosID":null,"emcosMLID":null,"codMaketTEP":null,"codTEP":null,"WSName":"DB","rangeAddress":"$CV$7:$DL$46","headAddress":"$CV$7:$DL$7","bodyAddress":"$CV$8:$DL$46","_name":"Л2053 Алматы"}},"codPlan":null,"meterCoef":"2200","_name":"Л2053 Алматы"}