{"ID":"2825d0e1-3081-4a12-a99a-0af10aef28ae","childs":{"PS":{"_level":0,"parentID":"2825d0e1-3081-4a12-a99a-0af10aef28ae","firstParentID":"2825d0e1-3081-4a12-a99a-0af10aef28ae","ID":"a5ab0d3c-8b41-4b2c-bc5c-6b8a4a9b1dfb","childs":{"прием":{"_level":1,"parentID":"a5ab0d3c-8b41-4b2c-bc5c-6b8a4a9b1dfb","firstParentID":"2825d0e1-3081-4a12-a99a-0af10aef28ae","ID":"d8045d25-673a-4ebc-82fa-e524c79f1577","childs":{"по счетчику":{"_level":2,"parentID":"d8045d25-673a-4ebc-82fa-e524c79f1577","firstParentID":"2825d0e1-3081-4a12-a99a-0af10aef28ae","ID":"be203c90-f06b-48f3-b14b-437b3ea177d5","childs":null,"emcosID":null,"emcosMLID":null,"WSName":"PS","rangeAddress":"$CK$99:$CK$135","headAddress":"$CK$99","bodyAddress":"$CK$100:$CK$135","_name":"по счетчику"}},"emcosID":null,"emcosMLID":null,"WSName":"PS","rangeAddress":"$CK$98:$CK$135","headAddress":"$CK$98","bodyAddress":"$CK$99:$CK$135","_name":"прием"},"отдача":{"_level":1,"parentID":"a5ab0d3c-8b41-4b2c-bc5c-6b8a4a9b1dfb","firstParentID":"2825d0e1-3081-4a12-a99a-0af10aef28ae","ID":"121d5e03-7fb7-4fb1-8851-e104592824a9","childs":{"по счетчику":{"_level":2,"parentID":"121d5e03-7fb7-4fb1-8851-e104592824a9","firstParentID":"2825d0e1-3081-4a12-a99a-0af10aef28ae","ID":"0ca65a54-b2ce-410f-bf0a-28a56d5baf9b","childs":null,"emcosID":null,"emcosMLID":null,"WSName":"PS","rangeAddress":"$CL$99:$CL$135","headAddress":"$CL$99","bodyAddress":"$CL$100:$CL$135","_name":"по счетчику"}},"emcosID":null,"emcosMLID":null,"WSName":"PS","rangeAddress":"$CL$98:$CL$135","headAddress":"$CL$98","bodyAddress":"$CL$99:$CL$135","_name":"отдача"}},"emcosID":null,"emcosMLID":null,"WSName":"PS","rangeAddress":"$CK$97:$CL$135","headAddress":"$CK$97:$CL$97","bodyAddress":"$CK$98:$CL$135","_name":"Л112 ПС152 Талдыкорган"},"DB":{"_level":0,"parentID":"2825d0e1-3081-4a12-a99a-0af10aef28ae","firstParentID":"2825d0e1-3081-4a12-a99a-0af10aef28ae","ID":"ab1d9830-38a8-49d5-a1ad-d0f8a36a5db2","childs":{"прием":{"_level":1,"parentID":"ab1d9830-38a8-49d5-a1ad-d0f8a36a5db2","firstParentID":"2825d0e1-3081-4a12-a99a-0af10aef28ae","ID":"4c906d6c-0900-4f06-bc85-7f38fe6879a0","childs":{"код":{"_level":2,"parentID":"4c906d6c-0900-4f06-bc85-7f38fe6879a0","firstParentID":"2825d0e1-3081-4a12-a99a-0af10aef28ae","ID":"3ab8bfeb-b8e0-45b2-8428-cb4dab847ae9","childs":null,"emcosID":null,"emcosMLID":null,"WSName":"DB","rangeAddress":"$CJ$310:$CJ$347","headAddress":"$CJ$310","bodyAddress":"$CJ$311:$CJ$347","_name":"код"},"основное":{"_level":2,"parentID":"4c906d6c-0900-4f06-bc85-7f38fe6879a0","firstParentID":"2825d0e1-3081-4a12-a99a-0af10aef28ae","ID":"79f5cd31-d978-43e9-a176-cadf1bb26705","childs":null,"emcosID":null,"emcosMLID":null,"WSName":"DB","rangeAddress":"$CK$310:$CK$347","headAddress":"$CK$310","bodyAddress":"$CK$311:$CK$347","_name":"основное"},"корректировка факт":{"_level":2,"parentID":"4c906d6c-0900-4f06-bc85-7f38fe6879a0","firstParentID":"2825d0e1-3081-4a12-a99a-0af10aef28ae","ID":"8e6a24b6-af1a-4f04-871c-fb4a532c6076","childs":null,"emcosID":null,"emcosMLID":null,"WSName":"DB","rangeAddress":"$CL$310:$CL$347","headAddress":"$CL$310","bodyAddress":"$CL$311:$CL$347","_name":"корректировка факт"},"ручное":{"_level":2,"parentID":"4c906d6c-0900-4f06-bc85-7f38fe6879a0","firstParentID":"2825d0e1-3081-4a12-a99a-0af10aef28ae","ID":"77796128-ecde-4eea-adb2-448344ba7b52","childs":null,"emcosID":null,"emcosMLID":null,"WSName":"DB","rangeAddress":"$CM$310:$CM$347","headAddress":"$CM$310","bodyAddress":"$CM$311:$CM$347","_name":"ручное"},"счетчик":{"_level":2,"parentID":"4c906d6c-0900-4f06-bc85-7f38fe6879a0","firstParentID":"2825d0e1-3081-4a12-a99a-0af10aef28ae","ID":"3dea4297-c170-4632-82fb-09ee038d77dd","childs":null,"emcosID":null,"emcosMLID":null,"WSName":"DB","rangeAddress":"$CN$310:$CN$347","headAddress":"$CN$310","bodyAddress":"$CN$311:$CN$347","_name":"счетчик"},"по счетчику":{"_level":2,"parentID":"4c906d6c-0900-4f06-bc85-7f38fe6879a0","firstParentID":"2825d0e1-3081-4a12-a99a-0af10aef28ae","ID":"731f31a2-254f-42b0-bafe-d54fe3e404b3","childs":null,"emcosID":null,"emcosMLID":null,"WSName":"DB","rangeAddress":"$CO$310:$CO$347","headAddress":"$CO$310","bodyAddress":"$CO$311:$CO$347","_name":"по счетчику"}},"emcosID":null,"emcosMLID":null,"WSName":"DB","rangeAddress":"$CJ$309:$CO$347","headAddress":"$CJ$309:$CO$309","bodyAddress":"$CJ$310:$CO$347","_name":"прием"},"отдача":{"_level":1,"parentID":"ab1d9830-38a8-49d5-a1ad-d0f8a36a5db2","firstParentID":"2825d0e1-3081-4a12-a99a-0af10aef28ae","ID":"72c5643e-311b-455b-961a-a0f5b053849d","childs":{"код":{"_level":2,"parentID":"72c5643e-311b-455b-961a-a0f5b053849d","firstParentID":"2825d0e1-3081-4a12-a99a-0af10aef28ae","ID":"dcd509ed-ef2a-4f96-95b6-2a6397baf4db","childs":null,"emcosID":null,"emcosMLID":null,"WSName":"DB","rangeAddress":"$CP$310:$CP$347","headAddress":"$CP$310","bodyAddress":"$CP$311:$CP$347","_name":"код"},"основное":{"_level":2,"parentID":"72c5643e-311b-455b-961a-a0f5b053849d","firstParentID":"2825d0e1-3081-4a12-a99a-0af10aef28ae","ID":"581ce433-3ae5-4159-bd76-fde60a399dd6","childs":null,"emcosID":null,"emcosMLID":null,"WSName":"DB","rangeAddress":"$CQ$310:$CQ$347","headAddress":"$CQ$310","bodyAddress":"$CQ$311:$CQ$347","_name":"основное"},"корректировка факт":{"_level":2,"parentID":"72c5643e-311b-455b-961a-a0f5b053849d","firstParentID":"2825d0e1-3081-4a12-a99a-0af10aef28ae","ID":"b94a8089-eaa0-4933-b17f-5ae4bffc026d","childs":null,"emcosID":null,"emcosMLID":null,"WSName":"DB","rangeAddress":"$CR$310:$CR$347","headAddress":"$CR$310","bodyAddress":"$CR$311:$CR$347","_name":"корректировка факт"},"ручное":{"_level":2,"parentID":"72c5643e-311b-455b-961a-a0f5b053849d","firstParentID":"2825d0e1-3081-4a12-a99a-0af10aef28ae","ID":"6abffe81-bea1-4a4c-a7f6-51ad6a002027","childs":null,"emcosID":null,"emcosMLID":null,"WSName":"DB","rangeAddress":"$CS$310:$CS$347","headAddress":"$CS$310","bodyAddress":"$CS$311:$CS$347","_name":"ручное"},"счетчик":{"_level":2,"parentID":"72c5643e-311b-455b-961a-a0f5b053849d","firstParentID":"2825d0e1-3081-4a12-a99a-0af10aef28ae","ID":"8b3bbd99-74f2-416d-8a46-0e059ba5727e","childs":null,"emcosID":null,"emcosMLID":null,"WSName":"DB","rangeAddress":"$CT$310:$CT$347","headAddress":"$CT$310","bodyAddress":"$CT$311:$CT$347","_name":"счетчик"},"по счетчику":{"_level":2,"parentID":"72c5643e-311b-455b-961a-a0f5b053849d","firstParentID":"2825d0e1-3081-4a12-a99a-0af10aef28ae","ID":"ac0c77b1-e092-46f9-a0e7-32866745c49c","childs":null,"emcosID":null,"emcosMLID":null,"WSName":"DB","rangeAddress":"$CU$310:$CU$347","headAddress":"$CU$310","bodyAddress":"$CU$311:$CU$347","_name":"по счетчику"}},"emcosID":null,"emcosMLID":null,"WSName":"DB","rangeAddress":"$CP$309:$CU$347","headAddress":"$CP$309:$CU$309","bodyAddress":"$CP$310:$CU$347","_name":"отдача"}},"emcosID":null,"emcosMLID":null,"WSName":"DB","rangeAddress":"$CJ$308:$CU$347","headAddress":"$CJ$308:$CU$308","bodyAddress":"$CJ$309:$CU$347","_name":"Л112 ПС152 Талдыкорган"}},"codPlan":null,"meterCoef":null,"_name":"Л112 ПС152 Талдыкорган"}