{"ID":"ac431095-8843-454e-a40e-ab5246dc075e","childs":{"PS":{"_level":0,"parentID":"ac431095-8843-454e-a40e-ab5246dc075e","firstParentID":"ac431095-8843-454e-a40e-ab5246dc075e","ID":"f67ab229-808d-4eb6-8364-c1a570b99c79","childs":{"прием":{"_level":1,"parentID":"f67ab229-808d-4eb6-8364-c1a570b99c79","firstParentID":"ac431095-8843-454e-a40e-ab5246dc075e","ID":"4687fd81-85a5-4d16-ab7d-3e70e1b370d0","childs":{"ручное":{"_level":2,"parentID":"4687fd81-85a5-4d16-ab7d-3e70e1b370d0","firstParentID":"ac431095-8843-454e-a40e-ab5246dc075e","ID":"beeebaf7-2bd3-4196-a61b-32e7a744ac7a","childs":null,"emcosID":null,"emcosMLID":null,"WSName":"PS","rangeAddress":"$C$228:$C$264","headAddress":"$C$228","bodyAddress":"$C$229:$C$264","_name":"ручное"}},"emcosID":null,"emcosMLID":null,"WSName":"PS","rangeAddress":"$C$227:$C$264","headAddress":"$C$227","bodyAddress":"$C$228:$C$264","_name":"прием"}},"emcosID":null,"emcosMLID":null,"WSName":"PS","rangeAddress":"$C$226:$C$264","headAddress":"$C$226","bodyAddress":"$C$227:$C$264","_name":"Потребление ТАТЭК"},"DB":{"_level":0,"parentID":"ac431095-8843-454e-a40e-ab5246dc075e","firstParentID":"ac431095-8843-454e-a40e-ab5246dc075e","ID":"64da23e1-8169-40fc-b261-f842f6c3f09e","childs":{"прием":{"_level":1,"parentID":"64da23e1-8169-40fc-b261-f842f6c3f09e","firstParentID":"ac431095-8843-454e-a40e-ab5246dc075e","ID":"111915f9-0510-4c03-a2da-08358245abcc","childs":{"код":{"_level":2,"parentID":"111915f9-0510-4c03-a2da-08358245abcc","firstParentID":"ac431095-8843-454e-a40e-ab5246dc075e","ID":"9a2a26a0-2191-444f-a9bc-46a2c797ca01","childs":null,"emcosID":null,"emcosMLID":null,"WSName":"DB","rangeAddress":"$CX$224:$CX$261","headAddress":"$CX$224","bodyAddress":"$CX$225:$CX$261","_name":"код"},"основное":{"_level":2,"parentID":"111915f9-0510-4c03-a2da-08358245abcc","firstParentID":"ac431095-8843-454e-a40e-ab5246dc075e","ID":"8264d016-7854-47ee-87b0-60c1b01a857f","childs":null,"emcosID":null,"emcosMLID":null,"WSName":"DB","rangeAddress":"$CY$224:$CY$261","headAddress":"$CY$224","bodyAddress":"$CY$225:$CY$261","_name":"основное"},"корректировка факт":{"_level":2,"parentID":"111915f9-0510-4c03-a2da-08358245abcc","firstParentID":"ac431095-8843-454e-a40e-ab5246dc075e","ID":"98080110-f14c-4444-aea5-293f1216f468","childs":null,"emcosID":null,"emcosMLID":null,"WSName":"DB","rangeAddress":"$CZ$224:$CZ$261","headAddress":"$CZ$224","bodyAddress":"$CZ$225:$CZ$261","_name":"корректировка факт"},"ручное":{"_level":2,"parentID":"111915f9-0510-4c03-a2da-08358245abcc","firstParentID":"ac431095-8843-454e-a40e-ab5246dc075e","ID":"d1f59ac0-a2af-4cb9-8f96-31d8d3ec187e","childs":null,"emcosID":null,"emcosMLID":null,"WSName":"DB","rangeAddress":"$DA$224:$DA$261","headAddress":"$DA$224","bodyAddress":"$DA$225:$DA$261","_name":"ручное"}},"emcosID":null,"emcosMLID":null,"WSName":"DB","rangeAddress":"$CX$223:$DA$261","headAddress":"$CX$223:$DA$223","bodyAddress":"$CX$224:$DA$261","_name":"прием"}},"emcosID":null,"emcosMLID":null,"WSName":"DB","rangeAddress":"$CX$222:$DA$261","headAddress":"$CX$222:$DA$222","bodyAddress":"$CX$223:$DA$261","_name":"Потребление ТАТЭК"}},"codPlan":null,"meterCoef":null,"_name":"Потребление ТАТЭК"}