{"ID":"ba2c3c82-f2d9-4038-8de6-69ae7acc8f29","childs":{"PS":{"_level":0,"parentID":"ba2c3c82-f2d9-4038-8de6-69ae7acc8f29","firstParentID":"ba2c3c82-f2d9-4038-8de6-69ae7acc8f29","ID":"33a3baae-e35e-4cbf-a7eb-9517436518c8","childs":{"прием":{"_level":1,"parentID":"33a3baae-e35e-4cbf-a7eb-9517436518c8","firstParentID":"ba2c3c82-f2d9-4038-8de6-69ae7acc8f29","ID":"219709f0-77b5-4089-a1f5-6de8e93c1759","childs":{"ручное":{"_level":2,"parentID":"219709f0-77b5-4089-a1f5-6de8e93c1759","firstParentID":"ba2c3c82-f2d9-4038-8de6-69ae7acc8f29","ID":"2e20f906-1837-4f38-9b72-4f13b467c34c","childs":null,"emcosID":null,"emcosMLID":null,"WSName":"PS","rangeAddress":"$D$228:$D$264","headAddress":"$D$228","bodyAddress":"$D$229:$D$264","_name":"ручное"}},"emcosID":null,"emcosMLID":null,"WSName":"PS","rangeAddress":"$D$227:$D$264","headAddress":"$D$227","bodyAddress":"$D$228:$D$264","_name":"прием"}},"emcosID":null,"emcosMLID":null,"WSName":"PS","rangeAddress":"$D$226:$D$264","headAddress":"$D$226","bodyAddress":"$D$227:$D$264","_name":"От ТЭК ТАТЭК"},"DB":{"_level":0,"parentID":"ba2c3c82-f2d9-4038-8de6-69ae7acc8f29","firstParentID":"ba2c3c82-f2d9-4038-8de6-69ae7acc8f29","ID":"989a98e3-a35c-4383-a7bf-2efd79c9a12b","childs":{"прием":{"_level":1,"parentID":"989a98e3-a35c-4383-a7bf-2efd79c9a12b","firstParentID":"ba2c3c82-f2d9-4038-8de6-69ae7acc8f29","ID":"20797efc-c403-479a-8a3c-60b397d75ca9","childs":{"код":{"_level":2,"parentID":"20797efc-c403-479a-8a3c-60b397d75ca9","firstParentID":"ba2c3c82-f2d9-4038-8de6-69ae7acc8f29","ID":"f95d8d6f-090d-48fa-90b3-f22b0e3b0ec7","childs":null,"emcosID":null,"emcosMLID":null,"WSName":"DB","rangeAddress":"$CT$224:$CT$261","headAddress":"$CT$224","bodyAddress":"$CT$225:$CT$261","_name":"код"},"основное":{"_level":2,"parentID":"20797efc-c403-479a-8a3c-60b397d75ca9","firstParentID":"ba2c3c82-f2d9-4038-8de6-69ae7acc8f29","ID":"8274b1d7-686e-44b1-9943-57595d6c1b3e","childs":null,"emcosID":null,"emcosMLID":null,"WSName":"DB","rangeAddress":"$CU$224:$CU$261","headAddress":"$CU$224","bodyAddress":"$CU$225:$CU$261","_name":"основное"},"корректировка факт":{"_level":2,"parentID":"20797efc-c403-479a-8a3c-60b397d75ca9","firstParentID":"ba2c3c82-f2d9-4038-8de6-69ae7acc8f29","ID":"835e90d6-78e1-4485-bd6a-d181fd7717d8","childs":null,"emcosID":null,"emcosMLID":null,"WSName":"DB","rangeAddress":"$CV$224:$CV$261","headAddress":"$CV$224","bodyAddress":"$CV$225:$CV$261","_name":"корректировка факт"},"ручное":{"_level":2,"parentID":"20797efc-c403-479a-8a3c-60b397d75ca9","firstParentID":"ba2c3c82-f2d9-4038-8de6-69ae7acc8f29","ID":"a21dd5c4-fb8b-4462-81d2-666f5809e94a","childs":null,"emcosID":null,"emcosMLID":null,"WSName":"DB","rangeAddress":"$CW$224:$CW$261","headAddress":"$CW$224","bodyAddress":"$CW$225:$CW$261","_name":"ручное"}},"emcosID":null,"emcosMLID":null,"WSName":"DB","rangeAddress":"$CT$223:$CW$261","headAddress":"$CT$223:$CW$223","bodyAddress":"$CT$224:$CW$261","_name":"прием"}},"emcosID":null,"emcosMLID":null,"WSName":"DB","rangeAddress":"$CT$222:$CW$261","headAddress":"$CT$222:$CW$222","bodyAddress":"$CT$223:$CW$261","_name":"От ТЭК ТАТЭК"}},"codPlan":null,"meterCoef":null,"_name":"От ТЭК ТАТЭК"}