{"ID":"0cb4bff6-f0b9-491b-b4c5-978ab9600b86","childs":{"PS":{"_level":0,"parentID":"0cb4bff6-f0b9-491b-b4c5-978ab9600b86","firstParentID":"0cb4bff6-f0b9-491b-b4c5-978ab9600b86","ID":"4798d5a6-5bee-4f2f-a3c6-46acd24a3620","childs":{"прием":{"_level":1,"parentID":"4798d5a6-5bee-4f2f-a3c6-46acd24a3620","firstParentID":"0cb4bff6-f0b9-491b-b4c5-978ab9600b86","ID":"56fd47af-1b2a-4daa-8d4e-30fe3e3b80b8","childs":{"ручное":{"_level":2,"parentID":"56fd47af-1b2a-4daa-8d4e-30fe3e3b80b8","firstParentID":"0cb4bff6-f0b9-491b-b4c5-978ab9600b86","ID":"feb24ec3-4af2-44a8-aea7-2145c26d63a2","childs":null,"emcosID":null,"emcosMLID":null,"codMaketTEP":null,"codTEP":null,"WSName":"PS","rangeAddress":"$KG$99:$KG$135","headAddress":"$KG$99","bodyAddress":"$KG$100:$KG$135","_name":"ручное"}},"emcosID":null,"emcosMLID":null,"codMaketTEP":null,"codTEP":null,"WSName":"PS","rangeAddress":"$KG$98:$KG$135","headAddress":"$KG$98","bodyAddress":"$KG$99:$KG$135","_name":"прием"}},"emcosID":null,"emcosMLID":null,"codMaketTEP":null,"codTEP":null,"WSName":"PS","rangeAddress":"$KG$97:$KG$135","headAddress":"$KG$97","bodyAddress":"$KG$98:$KG$135","_name":"ТП2 Узун Агач тяга"},"DB":{"_level":0,"parentID":"0cb4bff6-f0b9-491b-b4c5-978ab9600b86","firstParentID":"0cb4bff6-f0b9-491b-b4c5-978ab9600b86","ID":"698061ba-99d3-4df5-85ac-0f9a17024cd0","childs":{"прием":{"_level":1,"parentID":"698061ba-99d3-4df5-85ac-0f9a17024cd0","firstParentID":"0cb4bff6-f0b9-491b-b4c5-978ab9600b86","ID":"38fa11c1-dc91-4f94-9174-ad636f6ab006","childs":{"код":{"_level":2,"parentID":"38fa11c1-dc91-4f94-9174-ad636f6ab006","firstParentID":"0cb4bff6-f0b9-491b-b4c5-978ab9600b86","ID":"4679a51b-575b-4783-8259-5dceaac79889","childs":null,"emcosID":null,"emcosMLID":null,"codMaketTEP":null,"codTEP":null,"WSName":"DB","rangeAddress":"$DM$181:$DM$218","headAddress":"$DM$181","bodyAddress":"$DM$182:$DM$218","_name":"код"},"основное":{"_level":2,"parentID":"38fa11c1-dc91-4f94-9174-ad636f6ab006","firstParentID":"0cb4bff6-f0b9-491b-b4c5-978ab9600b86","ID":"d8978bdc-7f2b-4364-b178-8b8181e1b554","childs":null,"emcosID":null,"emcosMLID":null,"codMaketTEP":null,"codTEP":null,"WSName":"DB","rangeAddress":"$DN$181:$DN$218","headAddress":"$DN$181","bodyAddress":"$DN$182:$DN$218","_name":"основное"},"корректировка факт":{"_level":2,"parentID":"38fa11c1-dc91-4f94-9174-ad636f6ab006","firstParentID":"0cb4bff6-f0b9-491b-b4c5-978ab9600b86","ID":"50365223-bda6-4b34-b132-d66f1792e0fd","childs":null,"emcosID":null,"emcosMLID":null,"codMaketTEP":null,"codTEP":null,"WSName":"DB","rangeAddress":"$DO$181:$DO$218","headAddress":"$DO$181","bodyAddress":"$DO$182:$DO$218","_name":"корректировка факт"},"ручное":{"_level":2,"parentID":"38fa11c1-dc91-4f94-9174-ad636f6ab006","firstParentID":"0cb4bff6-f0b9-491b-b4c5-978ab9600b86","ID":"5b904408-b59f-46bb-9741-19a616bdca18","childs":null,"emcosID":null,"emcosMLID":null,"codMaketTEP":null,"codTEP":null,"WSName":"DB","rangeAddress":"$DP$181:$DP$218","headAddress":"$DP$181","bodyAddress":"$DP$182:$DP$218","_name":"ручное"}},"emcosID":null,"emcosMLID":null,"codMaketTEP":null,"codTEP":null,"WSName":"DB","rangeAddress":"$DM$180:$DP$218","headAddress":"$DM$180:$DP$180","bodyAddress":"$DM$181:$DP$218","_name":"прием"}},"emcosID":null,"emcosMLID":null,"codMaketTEP":null,"codTEP":null,"WSName":"DB","rangeAddress":"$DM$179:$DP$218","headAddress":"$DM$179:$DP$179","bodyAddress":"$DM$180:$DP$218","_name":"ТП2 Узун Агач тяга"}},"codPlan":null,"meterCoef":null,"_name":"ТП2 Узун Агач тяга"}