{"ID":"9c6f29af-524b-405e-b991-c8270dc08b41","childs":{"PS":{"_level":0,"parentID":"9c6f29af-524b-405e-b991-c8270dc08b41","firstParentID":"9c6f29af-524b-405e-b991-c8270dc08b41","ID":"deb5bcfa-454b-45ff-9d4f-4660e5f1818f","childs":{"прием":{"_level":1,"parentID":"deb5bcfa-454b-45ff-9d4f-4660e5f1818f","firstParentID":"9c6f29af-524b-405e-b991-c8270dc08b41","ID":"5a4b989f-8292-4cac-a0bc-a76902403721","childs":{"аскуэ":{"_level":2,"parentID":"5a4b989f-8292-4cac-a0bc-a76902403721","firstParentID":"9c6f29af-524b-405e-b991-c8270dc08b41","ID":"b13d08af-ae1c-44d0-bd13-b1ecbe30e6d2","childs":null,"emcosID":null,"emcosMLID":null,"codMaketTEP":null,"codTEP":null,"WSName":"PS","rangeAddress":"$DV$56:$DV$92","headAddress":"$DV$56","bodyAddress":"$DV$57:$DV$92","_name":"аскуэ"}},"emcosID":null,"emcosMLID":null,"codMaketTEP":null,"codTEP":null,"WSName":"PS","rangeAddress":"$DV$55:$DV$92","headAddress":"$DV$55","bodyAddress":"$DV$56:$DV$92","_name":"прием"},"отдача":{"_level":1,"parentID":"deb5bcfa-454b-45ff-9d4f-4660e5f1818f","firstParentID":"9c6f29af-524b-405e-b991-c8270dc08b41","ID":"088407b4-f927-438f-b937-c69680e10fe7","childs":{"аскуэ":{"_level":2,"parentID":"088407b4-f927-438f-b937-c69680e10fe7","firstParentID":"9c6f29af-524b-405e-b991-c8270dc08b41","ID":"5cbe691b-444d-4f35-b8a5-1e02eacfa040","childs":null,"emcosID":null,"emcosMLID":null,"codMaketTEP":null,"codTEP":null,"WSName":"PS","rangeAddress":"$DW$56:$DW$92","headAddress":"$DW$56","bodyAddress":"$DW$57:$DW$92","_name":"аскуэ"},"КОРРЕКТИРОВКА ФАКТ":{"_level":2,"parentID":"088407b4-f927-438f-b937-c69680e10fe7","firstParentID":"9c6f29af-524b-405e-b991-c8270dc08b41","ID":"718e3575-7018-4fa0-9e6f-019fa6cb834a","childs":null,"emcosID":null,"emcosMLID":null,"codMaketTEP":null,"codTEP":null,"WSName":"PS","rangeAddress":"$DX$56:$DX$92","headAddress":"$DX$56","bodyAddress":"$DX$57:$DX$92","_name":"КОРРЕКТИРОВКА ФАКТ"}},"emcosID":null,"emcosMLID":null,"codMaketTEP":null,"codTEP":null,"WSName":"PS","rangeAddress":"$DW$55:$DX$92","headAddress":"$DW$55:$DX$55","bodyAddress":"$DW$56:$DX$92","_name":"отдача"}},"emcosID":null,"emcosMLID":null,"codMaketTEP":null,"codTEP":null,"WSName":"PS","rangeAddress":"$DV$54:$DX$92","headAddress":"$DV$54:$DX$54","bodyAddress":"$DV$55:$DX$92","_name":"Л5413 Талдыкорган"},"DB":{"_level":0,"parentID":"9c6f29af-524b-405e-b991-c8270dc08b41","firstParentID":"9c6f29af-524b-405e-b991-c8270dc08b41","ID":"7a984a61-cbcf-4272-a2c1-a6ea8225e945","childs":{"прием":{"_level":1,"parentID":"7a984a61-cbcf-4272-a2c1-a6ea8225e945","firstParentID":"9c6f29af-524b-405e-b991-c8270dc08b41","ID":"717fbfad-dc2d-4ef5-81d3-8dab33a86651","childs":{"код":{"_level":2,"parentID":"717fbfad-dc2d-4ef5-81d3-8dab33a86651","firstParentID":"9c6f29af-524b-405e-b991-c8270dc08b41","ID":"dd211dfd-e03c-48eb-9c1a-62c640a702b6","childs":null,"emcosID":null,"emcosMLID":null,"codMaketTEP":null,"codTEP":null,"WSName":"DB","rangeAddress":"$W$52:$W$89","headAddress":"$W$52","bodyAddress":"$W$53:$W$89","_name":"код"},"основное":{"_level":2,"parentID":"717fbfad-dc2d-4ef5-81d3-8dab33a86651","firstParentID":"9c6f29af-524b-405e-b991-c8270dc08b41","ID":"410aa23e-129d-47c8-9638-bbff1e01aae2","childs":null,"emcosID":null,"emcosMLID":null,"codMaketTEP":null,"codTEP":null,"WSName":"DB","rangeAddress":"$X$52:$X$89","headAddress":"$X$52","bodyAddress":"$X$53:$X$89","_name":"основное"},"корректировка факт":{"_level":2,"parentID":"717fbfad-dc2d-4ef5-81d3-8dab33a86651","firstParentID":"9c6f29af-524b-405e-b991-c8270dc08b41","ID":"7f8d41b1-9d08-4dc9-b504-bfe037d076cb","childs":null,"emcosID":null,"emcosMLID":null,"codMaketTEP":null,"codTEP":null,"WSName":"DB","rangeAddress":"$Y$52:$Y$89","headAddress":"$Y$52","bodyAddress":"$Y$53:$Y$89","_name":"корректировка факт"},"ручное":{"_level":2,"parentID":"717fbfad-dc2d-4ef5-81d3-8dab33a86651","firstParentID":"9c6f29af-524b-405e-b991-c8270dc08b41","ID":"b06feb3e-b8fa-49c0-a71a-a0a1852861d2","childs":null,"emcosID":null,"emcosMLID":null,"codMaketTEP":null,"codTEP":null,"WSName":"DB","rangeAddress":"$Z$52:$Z$89","headAddress":"$Z$52","bodyAddress":"$Z$53:$Z$89","_name":"ручное"},"счетчик":{"_level":2,"parentID":"717fbfad-dc2d-4ef5-81d3-8dab33a86651","firstParentID":"9c6f29af-524b-405e-b991-c8270dc08b41","ID":"8ed6b911-7847-42ec-bb06-e9846ceb54da","childs":null,"emcosID":null,"emcosMLID":null,"codMaketTEP":null,"codTEP":null,"WSName":"DB","rangeAddress":"$AA$52:$AA$89","headAddress":"$AA$52","bodyAddress":"$AA$53:$AA$89","_name":"счетчик"},"по счетчику":{"_level":2,"parentID":"717fbfad-dc2d-4ef5-81d3-8dab33a86651","firstParentID":"9c6f29af-524b-405e-b991-c8270dc08b41","ID":"41c998be-198c-4a28-b36c-a6e1e7444dd1","childs":null,"emcosID":null,"emcosMLID":null,"codMaketTEP":null,"codTEP":null,"WSName":"DB","rangeAddress":"$AB$52:$AB$89","headAddress":"$AB$52","bodyAddress":"$AB$53:$AB$89","_name":"по счетчику"},"аскуэ":{"_level":2,"parentID":"717fbfad-dc2d-4ef5-81d3-8dab33a86651","firstParentID":"9c6f29af-524b-405e-b991-c8270dc08b41","ID":"39b6bb0a-977b-4b0b-93df-5f0d03b97eeb","childs":null,"emcosID":null,"emcosMLID":null,"codMaketTEP":null,"codTEP":null,"WSName":"DB","rangeAddress":"$AC$52:$AC$89","headAddress":"$AC$52","bodyAddress":"$AC$53:$AC$89","_name":"аскуэ"}},"emcosID":1578,"emcosMLID":385,"codMaketTEP":null,"codTEP":null,"WSName":"DB","rangeAddress":"$W$51:$AC$89","headAddress":"$W$51:$AC$51","bodyAddress":"$W$52:$AC$89","_name":"прием"},"отдача":{"_level":1,"parentID":"7a984a61-cbcf-4272-a2c1-a6ea8225e945","firstParentID":"9c6f29af-524b-405e-b991-c8270dc08b41","ID":"6280e524-40e6-4953-9ca6-5fb052b9c452","childs":{"код":{"_level":2,"parentID":"6280e524-40e6-4953-9ca6-5fb052b9c452","firstParentID":"9c6f29af-524b-405e-b991-c8270dc08b41","ID":"265c50d6-c18f-4d98-b094-3a10dce9287d","childs":null,"emcosID":null,"emcosMLID":null,"codMaketTEP":null,"codTEP":null,"WSName":"DB","rangeAddress":"$AD$52:$AD$89","headAddress":"$AD$52","bodyAddress":"$AD$53:$AD$89","_name":"код"},"основное":{"_level":2,"parentID":"6280e524-40e6-4953-9ca6-5fb052b9c452","firstParentID":"9c6f29af-524b-405e-b991-c8270dc08b41","ID":"90434a9b-d13d-4f5d-94a2-8f8e7df0da34","childs":null,"emcosID":null,"emcosMLID":null,"codMaketTEP":null,"codTEP":null,"WSName":"DB","rangeAddress":"$AE$52:$AE$89","headAddress":"$AE$52","bodyAddress":"$AE$53:$AE$89","_name":"основное"},"корректировка факт":{"_level":2,"parentID":"6280e524-40e6-4953-9ca6-5fb052b9c452","firstParentID":"9c6f29af-524b-405e-b991-c8270dc08b41","ID":"527e88d2-cdcf-46be-bfe5-31dcce042979","childs":null,"emcosID":null,"emcosMLID":null,"codMaketTEP":null,"codTEP":null,"WSName":"DB","rangeAddress":"$AF$52:$AF$89","headAddress":"$AF$52","bodyAddress":"$AF$53:$AF$89","_name":"корректировка факт"},"ручное":{"_level":2,"parentID":"6280e524-40e6-4953-9ca6-5fb052b9c452","firstParentID":"9c6f29af-524b-405e-b991-c8270dc08b41","ID":"f8c729b8-7fdb-46f1-b2c0-fc8f423bc528","childs":null,"emcosID":null,"emcosMLID":null,"codMaketTEP":null,"codTEP":null,"WSName":"DB","rangeAddress":"$AG$52:$AG$89","headAddress":"$AG$52","bodyAddress":"$AG$53:$AG$89","_name":"ручное"},"счетчик":{"_level":2,"parentID":"6280e524-40e6-4953-9ca6-5fb052b9c452","firstParentID":"9c6f29af-524b-405e-b991-c8270dc08b41","ID":"58a7c5cc-c0ad-4f84-b47e-7ca64d7b5fe6","childs":null,"emcosID":null,"emcosMLID":null,"codMaketTEP":null,"codTEP":null,"WSName":"DB","rangeAddress":"$AH$52:$AH$89","headAddress":"$AH$52","bodyAddress":"$AH$53:$AH$89","_name":"счетчик"},"по счетчику":{"_level":2,"parentID":"6280e524-40e6-4953-9ca6-5fb052b9c452","firstParentID":"9c6f29af-524b-405e-b991-c8270dc08b41","ID":"ecb51679-4a55-4fb6-809b-980967dfc78d","childs":null,"emcosID":null,"emcosMLID":null,"codMaketTEP":null,"codTEP":null,"WSName":"DB","rangeAddress":"$AI$52:$AI$89","headAddress":"$AI$52","bodyAddress":"$AI$53:$AI$89","_name":"по счетчику"},"аскуэ":{"_level":2,"parentID":"6280e524-40e6-4953-9ca6-5fb052b9c452","firstParentID":"9c6f29af-524b-405e-b991-c8270dc08b41","ID":"b2aa2b23-a3a4-46be-9751-5f3246ef7c1b","childs":null,"emcosID":null,"emcosMLID":null,"codMaketTEP":null,"codTEP":null,"WSName":"DB","rangeAddress":"$AJ$52:$AJ$89","headAddress":"$AJ$52","bodyAddress":"$AJ$53:$AJ$89","_name":"аскуэ"}},"emcosID":1578,"emcosMLID":386,"codMaketTEP":null,"codTEP":null,"WSName":"DB","rangeAddress":"$AD$51:$AJ$89","headAddress":"$AD$51:$AJ$51","bodyAddress":"$AD$52:$AJ$89","_name":"отдача"}},"emcosID":null,"emcosMLID":null,"codMaketTEP":null,"codTEP":null,"WSName":"DB","rangeAddress":"$W$50:$AJ$89","headAddress":"$W$50:$AJ$50","bodyAddress":"$W$51:$AJ$89","_name":"Л5413 Талдыкорган"}},"codPlan":null,"meterCoef":null,"_name":"Л5413 Талдыкорган"}