{"ID":"09d4111c-5fd8-4346-917a-846bef2843ff","childs":{"PS":{"_level":0,"parentID":"09d4111c-5fd8-4346-917a-846bef2843ff","firstParentID":"09d4111c-5fd8-4346-917a-846bef2843ff","ID":"4b96fa66-f11e-4dc4-b57f-d806f6f56338","childs":{"прием":{"_level":1,"parentID":"4b96fa66-f11e-4dc4-b57f-d806f6f56338","firstParentID":"09d4111c-5fd8-4346-917a-846bef2843ff","ID":"2e8f2d02-03d3-4f55-9a70-30213b6f31e0","childs":{"по счетчику":{"_level":2,"parentID":"2e8f2d02-03d3-4f55-9a70-30213b6f31e0","firstParentID":"09d4111c-5fd8-4346-917a-846bef2843ff","ID":"2c089a75-b1c1-45ff-b73b-7489aab503a0","childs":null,"emcosID":null,"emcosMLID":null,"WSName":"PS","rangeAddress":"$DC$56:$DC$92","headAddress":"$DC$56","bodyAddress":"$DC$57:$DC$92","_name":"по счетчику"}},"emcosID":null,"emcosMLID":null,"WSName":"PS","rangeAddress":"$DC$55:$DC$92","headAddress":"$DC$55","bodyAddress":"$DC$56:$DC$92","_name":"прием"},"отдача":{"_level":1,"parentID":"4b96fa66-f11e-4dc4-b57f-d806f6f56338","firstParentID":"09d4111c-5fd8-4346-917a-846bef2843ff","ID":"150bbcfc-7ee7-4588-9c9a-e7f85fe59c42","childs":{"по счетчику":{"_level":2,"parentID":"150bbcfc-7ee7-4588-9c9a-e7f85fe59c42","firstParentID":"09d4111c-5fd8-4346-917a-846bef2843ff","ID":"5dc693d1-34f6-4116-8aa6-10744eccc422","childs":null,"emcosID":null,"emcosMLID":null,"WSName":"PS","rangeAddress":"$DD$56:$DD$92","headAddress":"$DD$56","bodyAddress":"$DD$57:$DD$92","_name":"по счетчику"}},"emcosID":null,"emcosMLID":null,"WSName":"PS","rangeAddress":"$DD$55:$DD$92","headAddress":"$DD$55","bodyAddress":"$DD$56:$DD$92","_name":"отдача"}},"emcosID":null,"emcosMLID":null,"WSName":"PS","rangeAddress":"$DC$54:$DD$92","headAddress":"$DC$54:$DD$54","bodyAddress":"$DC$55:$DD$92","_name":"Л5413 Алма"},"DB":{"_level":0,"parentID":"09d4111c-5fd8-4346-917a-846bef2843ff","firstParentID":"09d4111c-5fd8-4346-917a-846bef2843ff","ID":"02f4c081-d764-485e-80cb-1ec1122e079a","childs":{"прием":{"_level":1,"parentID":"02f4c081-d764-485e-80cb-1ec1122e079a","firstParentID":"09d4111c-5fd8-4346-917a-846bef2843ff","ID":"45d5fa48-6dad-4cb8-b29c-8e69ac80392d","childs":{"код":{"_level":2,"parentID":"45d5fa48-6dad-4cb8-b29c-8e69ac80392d","firstParentID":"09d4111c-5fd8-4346-917a-846bef2843ff","ID":"02085ba3-5d85-4ead-937c-92f3b8a6eab5","childs":null,"emcosID":null,"emcosMLID":null,"WSName":"DB","rangeAddress":"$IM$52:$IM$89","headAddress":"$IM$52","bodyAddress":"$IM$53:$IM$89","_name":"код"},"основное":{"_level":2,"parentID":"45d5fa48-6dad-4cb8-b29c-8e69ac80392d","firstParentID":"09d4111c-5fd8-4346-917a-846bef2843ff","ID":"85827122-0050-44a2-88d9-8e460a3e6892","childs":null,"emcosID":null,"emcosMLID":null,"WSName":"DB","rangeAddress":"$IN$52:$IN$89","headAddress":"$IN$52","bodyAddress":"$IN$53:$IN$89","_name":"основное"},"корректировка факт":{"_level":2,"parentID":"45d5fa48-6dad-4cb8-b29c-8e69ac80392d","firstParentID":"09d4111c-5fd8-4346-917a-846bef2843ff","ID":"c0c4eb64-5335-427a-8565-0582828dc227","childs":null,"emcosID":null,"emcosMLID":null,"WSName":"DB","rangeAddress":"$IO$52:$IO$89","headAddress":"$IO$52","bodyAddress":"$IO$53:$IO$89","_name":"корректировка факт"},"ручное":{"_level":2,"parentID":"45d5fa48-6dad-4cb8-b29c-8e69ac80392d","firstParentID":"09d4111c-5fd8-4346-917a-846bef2843ff","ID":"25bce5aa-d66f-4fdc-ba4d-8d8f351fcd8a","childs":null,"emcosID":null,"emcosMLID":null,"WSName":"DB","rangeAddress":"$IP$52:$IP$89","headAddress":"$IP$52","bodyAddress":"$IP$53:$IP$89","_name":"ручное"},"счетчик":{"_level":2,"parentID":"45d5fa48-6dad-4cb8-b29c-8e69ac80392d","firstParentID":"09d4111c-5fd8-4346-917a-846bef2843ff","ID":"f04cfff4-3f5f-44f1-8a3a-98eff80b36c4","childs":null,"emcosID":null,"emcosMLID":null,"WSName":"DB","rangeAddress":"$IQ$52:$IQ$89","headAddress":"$IQ$52","bodyAddress":"$IQ$53:$IQ$89","_name":"счетчик"},"по счетчику":{"_level":2,"parentID":"45d5fa48-6dad-4cb8-b29c-8e69ac80392d","firstParentID":"09d4111c-5fd8-4346-917a-846bef2843ff","ID":"a0cd419f-8876-4da2-91ea-ef5eb0944236","childs":null,"emcosID":null,"emcosMLID":null,"WSName":"DB","rangeAddress":"$IR$52:$IR$89","headAddress":"$IR$52","bodyAddress":"$IR$53:$IR$89","_name":"по счетчику"}},"emcosID":null,"emcosMLID":null,"WSName":"DB","rangeAddress":"$IM$51:$IR$89","headAddress":"$IM$51:$IR$51","bodyAddress":"$IM$52:$IR$89","_name":"прием"},"отдача":{"_level":1,"parentID":"02f4c081-d764-485e-80cb-1ec1122e079a","firstParentID":"09d4111c-5fd8-4346-917a-846bef2843ff","ID":"41adf158-fd8e-453d-9bfe-f999d05f7215","childs":{"код":{"_level":2,"parentID":"41adf158-fd8e-453d-9bfe-f999d05f7215","firstParentID":"09d4111c-5fd8-4346-917a-846bef2843ff","ID":"b99ed4bb-83c8-40c4-bf8c-8672b524ae8a","childs":null,"emcosID":null,"emcosMLID":null,"WSName":"DB","rangeAddress":"$IS$52:$IS$89","headAddress":"$IS$52","bodyAddress":"$IS$53:$IS$89","_name":"код"},"основное":{"_level":2,"parentID":"41adf158-fd8e-453d-9bfe-f999d05f7215","firstParentID":"09d4111c-5fd8-4346-917a-846bef2843ff","ID":"b171d283-611b-48e7-947f-de82bff1f789","childs":null,"emcosID":null,"emcosMLID":null,"WSName":"DB","rangeAddress":"$IT$52:$IT$89","headAddress":"$IT$52","bodyAddress":"$IT$53:$IT$89","_name":"основное"},"корректировка факт":{"_level":2,"parentID":"41adf158-fd8e-453d-9bfe-f999d05f7215","firstParentID":"09d4111c-5fd8-4346-917a-846bef2843ff","ID":"2ae3c68c-c761-4d59-a49a-653ecc8e57cf","childs":null,"emcosID":null,"emcosMLID":null,"WSName":"DB","rangeAddress":"$IU$52:$IU$89","headAddress":"$IU$52","bodyAddress":"$IU$53:$IU$89","_name":"корректировка факт"},"ручное":{"_level":2,"parentID":"41adf158-fd8e-453d-9bfe-f999d05f7215","firstParentID":"09d4111c-5fd8-4346-917a-846bef2843ff","ID":"8db198c4-85a4-4e9b-b4f5-222427c80832","childs":null,"emcosID":null,"emcosMLID":null,"WSName":"DB","rangeAddress":"$IV$52:$IV$89","headAddress":"$IV$52","bodyAddress":"$IV$53:$IV$89","_name":"ручное"},"счетчик":{"_level":2,"parentID":"41adf158-fd8e-453d-9bfe-f999d05f7215","firstParentID":"09d4111c-5fd8-4346-917a-846bef2843ff","ID":"73a60825-1c26-477e-b1fd-2b72d548d3ad","childs":null,"emcosID":null,"emcosMLID":null,"WSName":"DB","rangeAddress":"$IW$52:$IW$89","headAddress":"$IW$52","bodyAddress":"$IW$53:$IW$89","_name":"счетчик"},"по счетчику":{"_level":2,"parentID":"41adf158-fd8e-453d-9bfe-f999d05f7215","firstParentID":"09d4111c-5fd8-4346-917a-846bef2843ff","ID":"9497987c-4353-44fa-b424-b1615766dc2a","childs":null,"emcosID":null,"emcosMLID":null,"WSName":"DB","rangeAddress":"$IX$52:$IX$89","headAddress":"$IX$52","bodyAddress":"$IX$53:$IX$89","_name":"по счетчику"}},"emcosID":null,"emcosMLID":null,"WSName":"DB","rangeAddress":"$IS$51:$IX$89","headAddress":"$IS$51:$IX$51","bodyAddress":"$IS$52:$IX$89","_name":"отдача"}},"emcosID":null,"emcosMLID":null,"WSName":"DB","rangeAddress":"$IM$50:$IX$89","headAddress":"$IM$50:$IX$50","bodyAddress":"$IM$51:$IX$89","_name":"Л5413 Алма"}},"codPlan":null,"meterCoef":null,"_name":"Л5413 Алма"}