{"ID":"831b8434-e0fc-49a2-a9fd-eac37593f199","childs":{"PS":{"_level":0,"parentID":"831b8434-e0fc-49a2-a9fd-eac37593f199","firstParentID":"831b8434-e0fc-49a2-a9fd-eac37593f199","ID":"67b6da45-26aa-4c45-84d6-928a8c183013","childs":{"прием":{"_level":1,"parentID":"67b6da45-26aa-4c45-84d6-928a8c183013","firstParentID":"831b8434-e0fc-49a2-a9fd-eac37593f199","ID":"5ea23fe7-c761-4bcb-add2-0d2855e72736","childs":{"по счетчику":{"_level":2,"parentID":"5ea23fe7-c761-4bcb-add2-0d2855e72736","firstParentID":"831b8434-e0fc-49a2-a9fd-eac37593f199","ID":"074d6a3d-fa08-4e49-bc48-3b585ebc7068","childs":null,"emcosID":null,"emcosMLID":null,"WSName":"PS","rangeAddress":"$U$56:$U$92","headAddress":"$U$56","bodyAddress":"$U$57:$U$92","_name":"по счетчику"}},"emcosID":null,"emcosMLID":null,"WSName":"PS","rangeAddress":"$U$55:$U$92","headAddress":"$U$55","bodyAddress":"$U$56:$U$92","_name":"прием"},"отдача":{"_level":1,"parentID":"67b6da45-26aa-4c45-84d6-928a8c183013","firstParentID":"831b8434-e0fc-49a2-a9fd-eac37593f199","ID":"a13e6897-32c4-4372-84db-60e28bfeba75","childs":{"по счетчику":{"_level":2,"parentID":"a13e6897-32c4-4372-84db-60e28bfeba75","firstParentID":"831b8434-e0fc-49a2-a9fd-eac37593f199","ID":"6f275eee-cee6-4cb9-8f22-a16730f94943","childs":null,"emcosID":null,"emcosMLID":null,"WSName":"PS","rangeAddress":"$V$56:$V$92","headAddress":"$V$56","bodyAddress":"$V$57:$V$92","_name":"по счетчику"}},"emcosID":null,"emcosMLID":null,"WSName":"PS","rangeAddress":"$V$55:$V$92","headAddress":"$V$55","bodyAddress":"$V$56:$V$92","_name":"отдача"}},"emcosID":null,"emcosMLID":null,"WSName":"PS","rangeAddress":"$U$54:$V$92","headAddress":"$U$54:$V$54","bodyAddress":"$U$55:$V$92","_name":"Л2223 ЮКГРЭС"},"DB":{"_level":0,"parentID":"831b8434-e0fc-49a2-a9fd-eac37593f199","firstParentID":"831b8434-e0fc-49a2-a9fd-eac37593f199","ID":"9bfac24d-2390-45b0-a8ea-41973d18133d","childs":{"прием":{"_level":1,"parentID":"9bfac24d-2390-45b0-a8ea-41973d18133d","firstParentID":"831b8434-e0fc-49a2-a9fd-eac37593f199","ID":"4b304bdc-8d9e-4df3-85c3-128abda1b0ed","childs":{"код":{"_level":2,"parentID":"4b304bdc-8d9e-4df3-85c3-128abda1b0ed","firstParentID":"831b8434-e0fc-49a2-a9fd-eac37593f199","ID":"d747eb14-5579-4c03-bbf7-6a251870f429","childs":null,"emcosID":null,"emcosMLID":null,"WSName":"DB","rangeAddress":"$JE$9:$JE$46","headAddress":"$JE$9","bodyAddress":"$JE$10:$JE$46","_name":"код"},"основное":{"_level":2,"parentID":"4b304bdc-8d9e-4df3-85c3-128abda1b0ed","firstParentID":"831b8434-e0fc-49a2-a9fd-eac37593f199","ID":"440364a9-e16c-46ab-93a0-60d476d23655","childs":null,"emcosID":null,"emcosMLID":null,"WSName":"DB","rangeAddress":"$JF$9:$JF$46","headAddress":"$JF$9","bodyAddress":"$JF$10:$JF$46","_name":"основное"},"корректировка факт":{"_level":2,"parentID":"4b304bdc-8d9e-4df3-85c3-128abda1b0ed","firstParentID":"831b8434-e0fc-49a2-a9fd-eac37593f199","ID":"6a6fc045-0dc7-492f-b25d-3bb0dedfb635","childs":null,"emcosID":null,"emcosMLID":null,"WSName":"DB","rangeAddress":"$JG$9:$JG$46","headAddress":"$JG$9","bodyAddress":"$JG$10:$JG$46","_name":"корректировка факт"},"ручное":{"_level":2,"parentID":"4b304bdc-8d9e-4df3-85c3-128abda1b0ed","firstParentID":"831b8434-e0fc-49a2-a9fd-eac37593f199","ID":"a375b590-93bc-4283-8c8a-faf43b28d1ae","childs":null,"emcosID":null,"emcosMLID":null,"WSName":"DB","rangeAddress":"$JH$9:$JH$46","headAddress":"$JH$9","bodyAddress":"$JH$10:$JH$46","_name":"ручное"},"счетчик":{"_level":2,"parentID":"4b304bdc-8d9e-4df3-85c3-128abda1b0ed","firstParentID":"831b8434-e0fc-49a2-a9fd-eac37593f199","ID":"f3b9a299-6523-4b10-9a0f-4e005637fa33","childs":null,"emcosID":null,"emcosMLID":null,"WSName":"DB","rangeAddress":"$JI$9:$JI$46","headAddress":"$JI$9","bodyAddress":"$JI$10:$JI$46","_name":"счетчик"},"по счетчику":{"_level":2,"parentID":"4b304bdc-8d9e-4df3-85c3-128abda1b0ed","firstParentID":"831b8434-e0fc-49a2-a9fd-eac37593f199","ID":"e7ab0d4d-f497-4613-86d7-a427f2529a1d","childs":null,"emcosID":null,"emcosMLID":null,"WSName":"DB","rangeAddress":"$JJ$9:$JJ$46","headAddress":"$JJ$9","bodyAddress":"$JJ$10:$JJ$46","_name":"по счетчику"}},"emcosID":null,"emcosMLID":null,"WSName":"DB","rangeAddress":"$JE$8:$JJ$46","headAddress":"$JE$8:$JJ$8","bodyAddress":"$JE$9:$JJ$46","_name":"прием"},"отдача":{"_level":1,"parentID":"9bfac24d-2390-45b0-a8ea-41973d18133d","firstParentID":"831b8434-e0fc-49a2-a9fd-eac37593f199","ID":"c10a938c-a466-4b52-8ece-85372dd3558b","childs":{"код":{"_level":2,"parentID":"c10a938c-a466-4b52-8ece-85372dd3558b","firstParentID":"831b8434-e0fc-49a2-a9fd-eac37593f199","ID":"82ad5fd8-b1d3-4bea-8151-8eb10efdaecf","childs":null,"emcosID":null,"emcosMLID":null,"WSName":"DB","rangeAddress":"$JK$9:$JK$46","headAddress":"$JK$9","bodyAddress":"$JK$10:$JK$46","_name":"код"},"основное":{"_level":2,"parentID":"c10a938c-a466-4b52-8ece-85372dd3558b","firstParentID":"831b8434-e0fc-49a2-a9fd-eac37593f199","ID":"55e77a17-e91a-4d8e-beb9-b6aed155c80f","childs":null,"emcosID":null,"emcosMLID":null,"WSName":"DB","rangeAddress":"$JL$9:$JL$46","headAddress":"$JL$9","bodyAddress":"$JL$10:$JL$46","_name":"основное"},"корректировка факт":{"_level":2,"parentID":"c10a938c-a466-4b52-8ece-85372dd3558b","firstParentID":"831b8434-e0fc-49a2-a9fd-eac37593f199","ID":"cca08374-3168-4c1e-950e-15c5f0c1eb02","childs":null,"emcosID":null,"emcosMLID":null,"WSName":"DB","rangeAddress":"$JM$9:$JM$46","headAddress":"$JM$9","bodyAddress":"$JM$10:$JM$46","_name":"корректировка факт"},"ручное":{"_level":2,"parentID":"c10a938c-a466-4b52-8ece-85372dd3558b","firstParentID":"831b8434-e0fc-49a2-a9fd-eac37593f199","ID":"403b5960-7641-4fea-8b74-217c9d7c7cde","childs":null,"emcosID":null,"emcosMLID":null,"WSName":"DB","rangeAddress":"$JN$9:$JN$46","headAddress":"$JN$9","bodyAddress":"$JN$10:$JN$46","_name":"ручное"},"счетчик":{"_level":2,"parentID":"c10a938c-a466-4b52-8ece-85372dd3558b","firstParentID":"831b8434-e0fc-49a2-a9fd-eac37593f199","ID":"ab8f3b74-a917-4b51-b23b-952dbfdd98b0","childs":null,"emcosID":null,"emcosMLID":null,"WSName":"DB","rangeAddress":"$JO$9:$JO$46","headAddress":"$JO$9","bodyAddress":"$JO$10:$JO$46","_name":"счетчик"},"по счетчику":{"_level":2,"parentID":"c10a938c-a466-4b52-8ece-85372dd3558b","firstParentID":"831b8434-e0fc-49a2-a9fd-eac37593f199","ID":"be56f131-a5ba-42f4-9c0b-7a8799d3f15e","childs":null,"emcosID":null,"emcosMLID":null,"WSName":"DB","rangeAddress":"$JP$9:$JP$46","headAddress":"$JP$9","bodyAddress":"$JP$10:$JP$46","_name":"по счетчику"}},"emcosID":null,"emcosMLID":null,"WSName":"DB","rangeAddress":"$JK$8:$JP$46","headAddress":"$JK$8:$JP$8","bodyAddress":"$JK$9:$JP$46","_name":"отдача"}},"emcosID":null,"emcosMLID":null,"WSName":"DB","rangeAddress":"$JE$7:$JP$46","headAddress":"$JE$7:$JP$7","bodyAddress":"$JE$8:$JP$46","_name":"Л2223 ЮКГРЭС"}},"codPlan":null,"meterCoef":null,"_name":"Л2223 ЮКГРЭС"}