{"ID":"b81f2711-9c5f-45e5-aa29-bfe46457e281","childs":{"PS":{"_level":0,"parentID":"b81f2711-9c5f-45e5-aa29-bfe46457e281","firstParentID":"b81f2711-9c5f-45e5-aa29-bfe46457e281","ID":"b9930133-3ce3-4fb1-a31c-80b269889bd5","childs":{"прием":{"_level":1,"parentID":"b9930133-3ce3-4fb1-a31c-80b269889bd5","firstParentID":"b81f2711-9c5f-45e5-aa29-bfe46457e281","ID":"f190553e-2cea-4194-af13-8652da8a0f5e","childs":{"ручное":{"_level":2,"parentID":"f190553e-2cea-4194-af13-8652da8a0f5e","firstParentID":"b81f2711-9c5f-45e5-aa29-bfe46457e281","ID":"18f5907f-937c-4ec0-9f98-8da12cfbd703","childs":null,"emcosID":null,"emcosMLID":null,"WSName":"PS","rangeAddress":"$E$228:$E$264","headAddress":"$E$228","bodyAddress":"$E$229:$E$264","_name":"ручное"}},"emcosID":null,"emcosMLID":null,"WSName":"PS","rangeAddress":"$E$227:$E$264","headAddress":"$E$227","bodyAddress":"$E$228:$E$264","_name":"прием"}},"emcosID":null,"emcosMLID":null,"WSName":"PS","rangeAddress":"$E$226:$E$264","headAddress":"$E$226","bodyAddress":"$E$227:$E$264","_name":"От внешних источников ТАТЭК"},"DB":{"_level":0,"parentID":"b81f2711-9c5f-45e5-aa29-bfe46457e281","firstParentID":"b81f2711-9c5f-45e5-aa29-bfe46457e281","ID":"10240a63-20b9-4ac3-9b50-6ab7be99c49d","childs":{"прием":{"_level":1,"parentID":"10240a63-20b9-4ac3-9b50-6ab7be99c49d","firstParentID":"b81f2711-9c5f-45e5-aa29-bfe46457e281","ID":"898eb53b-cfc9-4cc0-b434-ec1b0454b74c","childs":{"код":{"_level":2,"parentID":"898eb53b-cfc9-4cc0-b434-ec1b0454b74c","firstParentID":"b81f2711-9c5f-45e5-aa29-bfe46457e281","ID":"f805d656-664c-4c50-aafc-d177df122304","childs":null,"emcosID":null,"emcosMLID":null,"WSName":"DB","rangeAddress":"$CJ$224:$CJ$261","headAddress":"$CJ$224","bodyAddress":"$CJ$225:$CJ$261","_name":"код"},"основное":{"_level":2,"parentID":"898eb53b-cfc9-4cc0-b434-ec1b0454b74c","firstParentID":"b81f2711-9c5f-45e5-aa29-bfe46457e281","ID":"659218c2-213b-4997-a9bf-4d3e90183ef6","childs":null,"emcosID":null,"emcosMLID":null,"WSName":"DB","rangeAddress":"$CK$224:$CK$261","headAddress":"$CK$224","bodyAddress":"$CK$225:$CK$261","_name":"основное"},"корректировка факт":{"_level":2,"parentID":"898eb53b-cfc9-4cc0-b434-ec1b0454b74c","firstParentID":"b81f2711-9c5f-45e5-aa29-bfe46457e281","ID":"20aa6785-4777-43fe-9fe4-95e4e7fcc450","childs":null,"emcosID":null,"emcosMLID":null,"WSName":"DB","rangeAddress":"$CL$224:$CL$261","headAddress":"$CL$224","bodyAddress":"$CL$225:$CL$261","_name":"корректировка факт"},"ручное":{"_level":2,"parentID":"898eb53b-cfc9-4cc0-b434-ec1b0454b74c","firstParentID":"b81f2711-9c5f-45e5-aa29-bfe46457e281","ID":"8b0254ea-de35-469d-9d86-01d8d74193f1","childs":null,"emcosID":null,"emcosMLID":null,"WSName":"DB","rangeAddress":"$CM$224:$CM$261","headAddress":"$CM$224","bodyAddress":"$CM$225:$CM$261","_name":"ручное"}},"emcosID":null,"emcosMLID":null,"WSName":"DB","rangeAddress":"$CJ$223:$CM$261","headAddress":"$CJ$223:$CM$223","bodyAddress":"$CJ$224:$CM$261","_name":"прием"}},"emcosID":null,"emcosMLID":null,"WSName":"DB","rangeAddress":"$CJ$222:$CM$261","headAddress":"$CJ$222:$CM$222","bodyAddress":"$CJ$223:$CM$261","_name":"От внешних источников ТАТЭК"}},"codPlan":null,"meterCoef":null,"_name":"От внешних источников ТАТЭК"}