{"ID":"2b7f8b39-b50a-4748-ae0f-849fdf05002f","childs":{"PS":{"_level":0,"parentID":"2b7f8b39-b50a-4748-ae0f-849fdf05002f","firstParentID":"2b7f8b39-b50a-4748-ae0f-849fdf05002f","ID":"f7ad07a8-5118-4f7d-bfe7-fe19beef8da0","childs":{"отдача":{"_level":1,"parentID":"f7ad07a8-5118-4f7d-bfe7-fe19beef8da0","firstParentID":"2b7f8b39-b50a-4748-ae0f-849fdf05002f","ID":"7e9c8294-f385-4030-a1e3-6c4f14239c1d","childs":{"ручное":{"_level":2,"parentID":"7e9c8294-f385-4030-a1e3-6c4f14239c1d","firstParentID":"2b7f8b39-b50a-4748-ae0f-849fdf05002f","ID":"9b8296bb-6fb3-42ee-8b66-1150a91398d1","childs":null,"emcosID":null,"emcosMLID":null,"WSName":"PS","rangeAddress":"$AC$228:$AC$264","headAddress":"$AC$228","bodyAddress":"$AC$229:$AC$264","_name":"ручное"}},"emcosID":null,"emcosMLID":null,"WSName":"PS","rangeAddress":"$AC$227:$AC$264","headAddress":"$AC$227","bodyAddress":"$AC$228:$AC$264","_name":"отдача"}},"emcosID":null,"emcosMLID":null,"WSName":"PS","rangeAddress":"$AC$226:$AC$264","headAddress":"$AC$226","bodyAddress":"$AC$227:$AC$264","_name":"Генерация Каскад Каратальских ГЭС ККГЭС"},"DB":{"_level":0,"parentID":"2b7f8b39-b50a-4748-ae0f-849fdf05002f","firstParentID":"2b7f8b39-b50a-4748-ae0f-849fdf05002f","ID":"18d17be4-6528-4839-aef6-13c973e861be","childs":{"отдача":{"_level":1,"parentID":"18d17be4-6528-4839-aef6-13c973e861be","firstParentID":"2b7f8b39-b50a-4748-ae0f-849fdf05002f","ID":"235bb553-2fff-4ecc-89ac-7fe506e2ca13","childs":{"код":{"_level":2,"parentID":"235bb553-2fff-4ecc-89ac-7fe506e2ca13","firstParentID":"2b7f8b39-b50a-4748-ae0f-849fdf05002f","ID":"25785780-fdf0-4aab-a83d-00bed139d22b","childs":null,"emcosID":null,"emcosMLID":null,"WSName":"DB","rangeAddress":"$FT$224:$FT$261","headAddress":"$FT$224","bodyAddress":"$FT$225:$FT$261","_name":"код"},"основное":{"_level":2,"parentID":"235bb553-2fff-4ecc-89ac-7fe506e2ca13","firstParentID":"2b7f8b39-b50a-4748-ae0f-849fdf05002f","ID":"389c491d-058e-43d1-86ff-1d997d7e2eda","childs":null,"emcosID":null,"emcosMLID":null,"WSName":"DB","rangeAddress":"$FU$224:$FU$261","headAddress":"$FU$224","bodyAddress":"$FU$225:$FU$261","_name":"основное"},"корректировка факт":{"_level":2,"parentID":"235bb553-2fff-4ecc-89ac-7fe506e2ca13","firstParentID":"2b7f8b39-b50a-4748-ae0f-849fdf05002f","ID":"a358a1e6-2212-4bb5-9880-6dc7e663dc95","childs":null,"emcosID":null,"emcosMLID":null,"WSName":"DB","rangeAddress":"$FV$224:$FV$261","headAddress":"$FV$224","bodyAddress":"$FV$225:$FV$261","_name":"корректировка факт"},"ручное":{"_level":2,"parentID":"235bb553-2fff-4ecc-89ac-7fe506e2ca13","firstParentID":"2b7f8b39-b50a-4748-ae0f-849fdf05002f","ID":"c1b7529d-f765-4d01-93c6-1a92f00b16a0","childs":null,"emcosID":null,"emcosMLID":null,"WSName":"DB","rangeAddress":"$FW$224:$FW$261","headAddress":"$FW$224","bodyAddress":"$FW$225:$FW$261","_name":"ручное"}},"emcosID":null,"emcosMLID":null,"WSName":"DB","rangeAddress":"$FT$223:$FW$261","headAddress":"$FT$223:$FW$223","bodyAddress":"$FT$224:$FW$261","_name":"отдача"}},"emcosID":null,"emcosMLID":null,"WSName":"DB","rangeAddress":"$FT$222:$FW$261","headAddress":"$FT$222:$FW$222","bodyAddress":"$FT$223:$FW$261","_name":"Генерация Каскад Каратальских ГЭС ККГЭС"}},"codPlan":null,"meterCoef":null,"_name":"Генерация Каскад Каратальских ГЭС ККГЭС"}