{"ID":"04ec972c-7f47-43be-90bd-0e4b37e1844f","childs":{"PS":{"_level":0,"parentID":"04ec972c-7f47-43be-90bd-0e4b37e1844f","firstParentID":"04ec972c-7f47-43be-90bd-0e4b37e1844f","ID":"6b4933d5-a38c-44a4-bc49-896b25d3f19d","childs":{"прием":{"_level":1,"parentID":"6b4933d5-a38c-44a4-bc49-896b25d3f19d","firstParentID":"04ec972c-7f47-43be-90bd-0e4b37e1844f","ID":"ee35518a-4eef-4132-ad99-8bb9f180eab5","childs":{"по счетчику":{"_level":2,"parentID":"ee35518a-4eef-4132-ad99-8bb9f180eab5","firstParentID":"04ec972c-7f47-43be-90bd-0e4b37e1844f","ID":"0fd292a8-3b95-428e-964f-430bb2ea9e66","childs":null,"emcosID":null,"emcosMLID":null,"WSName":"PS","rangeAddress":"$O$56:$O$92","headAddress":"$O$56","bodyAddress":"$O$57:$O$92","_name":"по счетчику"}},"emcosID":null,"emcosMLID":null,"WSName":"PS","rangeAddress":"$O$55:$O$92","headAddress":"$O$55","bodyAddress":"$O$56:$O$92","_name":"прием"},"отдача":{"_level":1,"parentID":"6b4933d5-a38c-44a4-bc49-896b25d3f19d","firstParentID":"04ec972c-7f47-43be-90bd-0e4b37e1844f","ID":"f7a1b294-3908-4c1e-baea-59a4bab33be1","childs":{"по счетчику":{"_level":2,"parentID":"f7a1b294-3908-4c1e-baea-59a4bab33be1","firstParentID":"04ec972c-7f47-43be-90bd-0e4b37e1844f","ID":"eb69ce6a-e7c4-402c-b709-084005eac9ea","childs":null,"emcosID":null,"emcosMLID":null,"WSName":"PS","rangeAddress":"$P$56:$P$92","headAddress":"$P$56","bodyAddress":"$P$57:$P$92","_name":"по счетчику"}},"emcosID":null,"emcosMLID":null,"WSName":"PS","rangeAddress":"$P$55:$P$92","headAddress":"$P$55","bodyAddress":"$P$56:$P$92","_name":"отдача"}},"emcosID":null,"emcosMLID":null,"WSName":"PS","rangeAddress":"$O$54:$P$92","headAddress":"$O$54:$P$54","bodyAddress":"$O$55:$P$92","_name":"Л5333 ЮКГРЭС"},"DB":{"_level":0,"parentID":"04ec972c-7f47-43be-90bd-0e4b37e1844f","firstParentID":"04ec972c-7f47-43be-90bd-0e4b37e1844f","ID":"5f275d54-f7d7-43ef-b1a2-a201d32f4b72","childs":{"прием":{"_level":1,"parentID":"5f275d54-f7d7-43ef-b1a2-a201d32f4b72","firstParentID":"04ec972c-7f47-43be-90bd-0e4b37e1844f","ID":"674a1245-59fc-4547-b091-4edfc89df1a2","childs":{"код":{"_level":2,"parentID":"674a1245-59fc-4547-b091-4edfc89df1a2","firstParentID":"04ec972c-7f47-43be-90bd-0e4b37e1844f","ID":"da8f0578-5817-4dbe-ab7c-e6f1c871f52e","childs":null,"emcosID":null,"emcosMLID":null,"WSName":"DB","rangeAddress":"$KP$9:$KP$46","headAddress":"$KP$9","bodyAddress":"$KP$10:$KP$46","_name":"код"},"основное":{"_level":2,"parentID":"674a1245-59fc-4547-b091-4edfc89df1a2","firstParentID":"04ec972c-7f47-43be-90bd-0e4b37e1844f","ID":"4840186b-c8a0-4490-a8aa-d8b86f85b1af","childs":null,"emcosID":null,"emcosMLID":null,"WSName":"DB","rangeAddress":"$KQ$9:$KQ$46","headAddress":"$KQ$9","bodyAddress":"$KQ$10:$KQ$46","_name":"основное"},"корректировка факт":{"_level":2,"parentID":"674a1245-59fc-4547-b091-4edfc89df1a2","firstParentID":"04ec972c-7f47-43be-90bd-0e4b37e1844f","ID":"40122330-00e5-450c-a6c0-038b0d72c9e6","childs":null,"emcosID":null,"emcosMLID":null,"WSName":"DB","rangeAddress":"$KR$9:$KR$46","headAddress":"$KR$9","bodyAddress":"$KR$10:$KR$46","_name":"корректировка факт"},"ручное":{"_level":2,"parentID":"674a1245-59fc-4547-b091-4edfc89df1a2","firstParentID":"04ec972c-7f47-43be-90bd-0e4b37e1844f","ID":"02a64d26-9779-4eba-8b9e-bf7d3c215d60","childs":null,"emcosID":null,"emcosMLID":null,"WSName":"DB","rangeAddress":"$KS$9:$KS$46","headAddress":"$KS$9","bodyAddress":"$KS$10:$KS$46","_name":"ручное"},"счетчик":{"_level":2,"parentID":"674a1245-59fc-4547-b091-4edfc89df1a2","firstParentID":"04ec972c-7f47-43be-90bd-0e4b37e1844f","ID":"10fbc114-ab7d-4db6-95dc-c43c8d688597","childs":null,"emcosID":null,"emcosMLID":null,"WSName":"DB","rangeAddress":"$KT$9:$KT$46","headAddress":"$KT$9","bodyAddress":"$KT$10:$KT$46","_name":"счетчик"},"по счетчику":{"_level":2,"parentID":"674a1245-59fc-4547-b091-4edfc89df1a2","firstParentID":"04ec972c-7f47-43be-90bd-0e4b37e1844f","ID":"9c0de1db-f62b-4b04-8dad-121af7035dd6","childs":null,"emcosID":null,"emcosMLID":null,"WSName":"DB","rangeAddress":"$KU$9:$KU$46","headAddress":"$KU$9","bodyAddress":"$KU$10:$KU$46","_name":"по счетчику"}},"emcosID":null,"emcosMLID":null,"WSName":"DB","rangeAddress":"$KP$8:$KU$46","headAddress":"$KP$8:$KU$8","bodyAddress":"$KP$9:$KU$46","_name":"прием"},"отдача":{"_level":1,"parentID":"5f275d54-f7d7-43ef-b1a2-a201d32f4b72","firstParentID":"04ec972c-7f47-43be-90bd-0e4b37e1844f","ID":"2b70958e-0e96-4233-b1ea-f099f55c6d45","childs":{"код":{"_level":2,"parentID":"2b70958e-0e96-4233-b1ea-f099f55c6d45","firstParentID":"04ec972c-7f47-43be-90bd-0e4b37e1844f","ID":"d389533f-0024-415a-8dba-5e5318925c90","childs":null,"emcosID":null,"emcosMLID":null,"WSName":"DB","rangeAddress":"$KV$9:$KV$46","headAddress":"$KV$9","bodyAddress":"$KV$10:$KV$46","_name":"код"},"основное":{"_level":2,"parentID":"2b70958e-0e96-4233-b1ea-f099f55c6d45","firstParentID":"04ec972c-7f47-43be-90bd-0e4b37e1844f","ID":"41a1c738-70e6-4455-87c7-bb6b55165f5a","childs":null,"emcosID":null,"emcosMLID":null,"WSName":"DB","rangeAddress":"$KW$9:$KW$46","headAddress":"$KW$9","bodyAddress":"$KW$10:$KW$46","_name":"основное"},"корректировка факт":{"_level":2,"parentID":"2b70958e-0e96-4233-b1ea-f099f55c6d45","firstParentID":"04ec972c-7f47-43be-90bd-0e4b37e1844f","ID":"deb92538-b6ae-4add-b5eb-9f05faeebb5c","childs":null,"emcosID":null,"emcosMLID":null,"WSName":"DB","rangeAddress":"$KX$9:$KX$46","headAddress":"$KX$9","bodyAddress":"$KX$10:$KX$46","_name":"корректировка факт"},"ручное":{"_level":2,"parentID":"2b70958e-0e96-4233-b1ea-f099f55c6d45","firstParentID":"04ec972c-7f47-43be-90bd-0e4b37e1844f","ID":"931334d4-5164-48e1-acc9-822f4c5a9803","childs":null,"emcosID":null,"emcosMLID":null,"WSName":"DB","rangeAddress":"$KY$9:$KY$46","headAddress":"$KY$9","bodyAddress":"$KY$10:$KY$46","_name":"ручное"},"счетчик":{"_level":2,"parentID":"2b70958e-0e96-4233-b1ea-f099f55c6d45","firstParentID":"04ec972c-7f47-43be-90bd-0e4b37e1844f","ID":"f425b400-9a81-49f0-a7a4-f8e55da74914","childs":null,"emcosID":null,"emcosMLID":null,"WSName":"DB","rangeAddress":"$KZ$9:$KZ$46","headAddress":"$KZ$9","bodyAddress":"$KZ$10:$KZ$46","_name":"счетчик"},"по счетчику":{"_level":2,"parentID":"2b70958e-0e96-4233-b1ea-f099f55c6d45","firstParentID":"04ec972c-7f47-43be-90bd-0e4b37e1844f","ID":"2aea521c-540b-43aa-a4d0-938fc86dbeca","childs":null,"emcosID":null,"emcosMLID":null,"WSName":"DB","rangeAddress":"$LA$9:$LA$46","headAddress":"$LA$9","bodyAddress":"$LA$10:$LA$46","_name":"по счетчику"}},"emcosID":null,"emcosMLID":null,"WSName":"DB","rangeAddress":"$KV$8:$LA$46","headAddress":"$KV$8:$LA$8","bodyAddress":"$KV$9:$LA$46","_name":"отдача"}},"emcosID":null,"emcosMLID":null,"WSName":"DB","rangeAddress":"$KP$7:$LA$46","headAddress":"$KP$7:$LA$7","bodyAddress":"$KP$8:$LA$46","_name":"Л5333 ЮКГРЭС"}},"codPlan":null,"meterCoef":null,"_name":"Л5333 ЮКГРЭС"}