{"ID":"19ac22cb-62cc-4390-84ec-c29926e0188b","childs":{"PS":{"_level":0,"parentID":"19ac22cb-62cc-4390-84ec-c29926e0188b","firstParentID":"19ac22cb-62cc-4390-84ec-c29926e0188b","ID":"3f61085b-ca6d-490d-a7ea-40fcc12e6e76","childs":{"отдача":{"_level":1,"parentID":"3f61085b-ca6d-490d-a7ea-40fcc12e6e76","firstParentID":"19ac22cb-62cc-4390-84ec-c29926e0188b","ID":"f2d6507b-dbd6-4eab-808b-fbd6f7ab4d90","childs":{"формула":{"_level":2,"parentID":"f2d6507b-dbd6-4eab-808b-fbd6f7ab4d90","firstParentID":"19ac22cb-62cc-4390-84ec-c29926e0188b","ID":"cbd9f080-dcf8-4620-8baa-c3795fcac65e","childs":null,"emcosID":null,"emcosMLID":null,"WSName":"PS","rangeAddress":"$N$13:$N$49","headAddress":"$N$13","bodyAddress":"$N$14:$N$49","_name":"формула"}},"emcosID":null,"emcosMLID":null,"WSName":"PS","rangeAddress":"$N$12:$N$49","headAddress":"$N$12","bodyAddress":"$N$13:$N$49","_name":"отдача"}},"emcosID":null,"emcosMLID":null,"WSName":"PS","rangeAddress":"$N$11:$N$49","headAddress":"$N$11","bodyAddress":"$N$12:$N$49","_name":"Генерация Алматинской области Общее"},"DB":{"_level":0,"parentID":"19ac22cb-62cc-4390-84ec-c29926e0188b","firstParentID":"19ac22cb-62cc-4390-84ec-c29926e0188b","ID":"7a846b8e-6bb9-407d-a8d9-0fd09e15e000","childs":{"отдача":{"_level":1,"parentID":"7a846b8e-6bb9-407d-a8d9-0fd09e15e000","firstParentID":"19ac22cb-62cc-4390-84ec-c29926e0188b","ID":"fb101367-10f3-421a-bfb6-50918fe9dcf6","childs":{"код":{"_level":2,"parentID":"fb101367-10f3-421a-bfb6-50918fe9dcf6","firstParentID":"19ac22cb-62cc-4390-84ec-c29926e0188b","ID":"bb6242ac-0eb6-44eb-9156-fbbe936f1b83","childs":null,"emcosID":null,"emcosMLID":null,"WSName":"DB","rangeAddress":"$CP$138:$CP$175","headAddress":"$CP$138","bodyAddress":"$CP$139:$CP$175","_name":"код"},"основное":{"_level":2,"parentID":"fb101367-10f3-421a-bfb6-50918fe9dcf6","firstParentID":"19ac22cb-62cc-4390-84ec-c29926e0188b","ID":"b0d2c8ae-8d35-4358-bed5-f9400d4ace7b","childs":null,"emcosID":null,"emcosMLID":null,"WSName":"DB","rangeAddress":"$CQ$138:$CQ$175","headAddress":"$CQ$138","bodyAddress":"$CQ$139:$CQ$175","_name":"основное"},"корректировка факт":{"_level":2,"parentID":"fb101367-10f3-421a-bfb6-50918fe9dcf6","firstParentID":"19ac22cb-62cc-4390-84ec-c29926e0188b","ID":"f9a030d7-e136-409c-8c4e-98fea1b19959","childs":null,"emcosID":null,"emcosMLID":null,"WSName":"DB","rangeAddress":"$CR$138:$CR$175","headAddress":"$CR$138","bodyAddress":"$CR$139:$CR$175","_name":"корректировка факт"},"ручное":{"_level":2,"parentID":"fb101367-10f3-421a-bfb6-50918fe9dcf6","firstParentID":"19ac22cb-62cc-4390-84ec-c29926e0188b","ID":"71af38f9-0560-4056-a8e2-18e8e6104b98","childs":null,"emcosID":null,"emcosMLID":null,"WSName":"DB","rangeAddress":"$CS$138:$CS$175","headAddress":"$CS$138","bodyAddress":"$CS$139:$CS$175","_name":"ручное"},"формула":{"_level":2,"parentID":"fb101367-10f3-421a-bfb6-50918fe9dcf6","firstParentID":"19ac22cb-62cc-4390-84ec-c29926e0188b","ID":"703b8b82-d566-4129-bc15-49b2d0e0cfb5","childs":null,"emcosID":null,"emcosMLID":null,"WSName":"DB","rangeAddress":"$CT$138:$CT$175","headAddress":"$CT$138","bodyAddress":"$CT$139:$CT$175","_name":"формула"}},"emcosID":null,"emcosMLID":null,"WSName":"DB","rangeAddress":"$CP$137:$CT$175","headAddress":"$CP$137:$CT$137","bodyAddress":"$CP$138:$CT$175","_name":"отдача"}},"emcosID":null,"emcosMLID":null,"WSName":"DB","rangeAddress":"$CP$136:$CT$175","headAddress":"$CP$136:$CT$136","bodyAddress":"$CP$137:$CT$175","_name":"Генерация Алматинской области Общее"}},"codPlan":null,"meterCoef":null,"_name":"Генерация Алматинской области Общее"}