{"ID":"af673ab4-ab4f-48f1-9ed0-1139db4cae16","childs":{"PS":{"_level":0,"parentID":"af673ab4-ab4f-48f1-9ed0-1139db4cae16","firstParentID":"af673ab4-ab4f-48f1-9ed0-1139db4cae16","ID":"d74788b4-384d-46d4-a52c-bb183bc95f59","childs":{"прием":{"_level":1,"parentID":"d74788b4-384d-46d4-a52c-bb183bc95f59","firstParentID":"af673ab4-ab4f-48f1-9ed0-1139db4cae16","ID":"80f66002-7374-4b39-a358-6552cfdc32c8","childs":{"аскуэ":{"_level":2,"parentID":"80f66002-7374-4b39-a358-6552cfdc32c8","firstParentID":"af673ab4-ab4f-48f1-9ed0-1139db4cae16","ID":"99fa9ac1-8f40-41e4-8107-0ca3f40e7646","childs":null,"emcosID":null,"emcosMLID":null,"WSName":"PS","rangeAddress":"$K$56:$K$92","headAddress":"$K$56","bodyAddress":"$K$57:$K$92","_name":"аскуэ"}},"emcosID":null,"emcosMLID":null,"WSName":"PS","rangeAddress":"$K$55:$K$92","headAddress":"$K$55","bodyAddress":"$K$56:$K$92","_name":"прием"},"отдача":{"_level":1,"parentID":"d74788b4-384d-46d4-a52c-bb183bc95f59","firstParentID":"af673ab4-ab4f-48f1-9ed0-1139db4cae16","ID":"e59622e8-bb89-4bb8-83e7-42c6e82a45f3","childs":{"аскуэ":{"_level":2,"parentID":"e59622e8-bb89-4bb8-83e7-42c6e82a45f3","firstParentID":"af673ab4-ab4f-48f1-9ed0-1139db4cae16","ID":"16f40ea8-8a08-4595-a3b5-fed3116dfd6e","childs":null,"emcosID":null,"emcosMLID":null,"WSName":"PS","rangeAddress":"$L$56:$L$92","headAddress":"$L$56","bodyAddress":"$L$57:$L$92","_name":"аскуэ"}},"emcosID":null,"emcosMLID":null,"WSName":"PS","rangeAddress":"$L$55:$L$92","headAddress":"$L$55","bodyAddress":"$L$56:$L$92","_name":"отдача"}},"emcosID":null,"emcosMLID":null,"WSName":"PS","rangeAddress":"$K$54:$L$92","headAddress":"$K$54:$L$54","bodyAddress":"$K$55:$L$92","_name":"Л5363 ЮКГРЭС"},"DB":{"_level":0,"parentID":"af673ab4-ab4f-48f1-9ed0-1139db4cae16","firstParentID":"af673ab4-ab4f-48f1-9ed0-1139db4cae16","ID":"a03a8f63-2fa7-418e-ab55-d7bf35756483","childs":{"прием":{"_level":1,"parentID":"a03a8f63-2fa7-418e-ab55-d7bf35756483","firstParentID":"af673ab4-ab4f-48f1-9ed0-1139db4cae16","ID":"77e4548b-84c2-4d8f-bc5d-3025690776be","childs":{"код":{"_level":2,"parentID":"77e4548b-84c2-4d8f-bc5d-3025690776be","firstParentID":"af673ab4-ab4f-48f1-9ed0-1139db4cae16","ID":"310863ba-b487-46d1-82a3-691d15690aba","childs":null,"emcosID":null,"emcosMLID":null,"WSName":"DB","rangeAddress":"$MP$9:$MP$46","headAddress":"$MP$9","bodyAddress":"$MP$10:$MP$46","_name":"код"},"основное":{"_level":2,"parentID":"77e4548b-84c2-4d8f-bc5d-3025690776be","firstParentID":"af673ab4-ab4f-48f1-9ed0-1139db4cae16","ID":"3b0e91fa-ced4-456c-a1e5-036935a4d505","childs":null,"emcosID":null,"emcosMLID":null,"WSName":"DB","rangeAddress":"$MQ$9:$MQ$46","headAddress":"$MQ$9","bodyAddress":"$MQ$10:$MQ$46","_name":"основное"},"корректировка факт":{"_level":2,"parentID":"77e4548b-84c2-4d8f-bc5d-3025690776be","firstParentID":"af673ab4-ab4f-48f1-9ed0-1139db4cae16","ID":"5348eb1d-dd2f-4f1d-bc79-a86d6d467222","childs":null,"emcosID":null,"emcosMLID":null,"WSName":"DB","rangeAddress":"$MR$9:$MR$46","headAddress":"$MR$9","bodyAddress":"$MR$10:$MR$46","_name":"корректировка факт"},"ручное":{"_level":2,"parentID":"77e4548b-84c2-4d8f-bc5d-3025690776be","firstParentID":"af673ab4-ab4f-48f1-9ed0-1139db4cae16","ID":"91a6820c-4d6a-48be-b703-743cba4c40df","childs":null,"emcosID":null,"emcosMLID":null,"WSName":"DB","rangeAddress":"$MS$9:$MS$46","headAddress":"$MS$9","bodyAddress":"$MS$10:$MS$46","_name":"ручное"},"счетчик":{"_level":2,"parentID":"77e4548b-84c2-4d8f-bc5d-3025690776be","firstParentID":"af673ab4-ab4f-48f1-9ed0-1139db4cae16","ID":"48ce0363-4f60-4a56-aef7-df5ba38dcce3","childs":null,"emcosID":null,"emcosMLID":null,"WSName":"DB","rangeAddress":"$MT$9:$MT$46","headAddress":"$MT$9","bodyAddress":"$MT$10:$MT$46","_name":"счетчик"},"по счетчику":{"_level":2,"parentID":"77e4548b-84c2-4d8f-bc5d-3025690776be","firstParentID":"af673ab4-ab4f-48f1-9ed0-1139db4cae16","ID":"0282d6e1-3292-4c94-9d9a-d579213fa450","childs":null,"emcosID":null,"emcosMLID":null,"WSName":"DB","rangeAddress":"$MU$9:$MU$46","headAddress":"$MU$9","bodyAddress":"$MU$10:$MU$46","_name":"по счетчику"},"аскуэ":{"_level":2,"parentID":"77e4548b-84c2-4d8f-bc5d-3025690776be","firstParentID":"af673ab4-ab4f-48f1-9ed0-1139db4cae16","ID":"ff98ca30-edb9-4b5a-8ca6-84781c9113e4","childs":null,"emcosID":null,"emcosMLID":null,"WSName":"DB","rangeAddress":"$MV$9:$MV$46","headAddress":"$MV$9","bodyAddress":"$MV$10:$MV$46","_name":"аскуэ"}},"emcosID":344,"emcosMLID":385,"WSName":"DB","rangeAddress":"$MP$8:$MV$46","headAddress":"$MP$8:$MV$8","bodyAddress":"$MP$9:$MV$46","_name":"прием"},"отдача":{"_level":1,"parentID":"a03a8f63-2fa7-418e-ab55-d7bf35756483","firstParentID":"af673ab4-ab4f-48f1-9ed0-1139db4cae16","ID":"eabc4fd7-b7b2-4c44-a35c-e7ad4141b0e8","childs":{"код":{"_level":2,"parentID":"eabc4fd7-b7b2-4c44-a35c-e7ad4141b0e8","firstParentID":"af673ab4-ab4f-48f1-9ed0-1139db4cae16","ID":"212cfcf1-d36a-4084-86b9-a28674d46f54","childs":null,"emcosID":null,"emcosMLID":null,"WSName":"DB","rangeAddress":"$MW$9:$MW$46","headAddress":"$MW$9","bodyAddress":"$MW$10:$MW$46","_name":"код"},"основное":{"_level":2,"parentID":"eabc4fd7-b7b2-4c44-a35c-e7ad4141b0e8","firstParentID":"af673ab4-ab4f-48f1-9ed0-1139db4cae16","ID":"f859db34-2ed0-4020-8411-d67973d2ee24","childs":null,"emcosID":null,"emcosMLID":null,"WSName":"DB","rangeAddress":"$MX$9:$MX$46","headAddress":"$MX$9","bodyAddress":"$MX$10:$MX$46","_name":"основное"},"корректировка факт":{"_level":2,"parentID":"eabc4fd7-b7b2-4c44-a35c-e7ad4141b0e8","firstParentID":"af673ab4-ab4f-48f1-9ed0-1139db4cae16","ID":"1692fa8f-2f55-4a15-a195-54eff73d607d","childs":null,"emcosID":null,"emcosMLID":null,"WSName":"DB","rangeAddress":"$MY$9:$MY$46","headAddress":"$MY$9","bodyAddress":"$MY$10:$MY$46","_name":"корректировка факт"},"ручное":{"_level":2,"parentID":"eabc4fd7-b7b2-4c44-a35c-e7ad4141b0e8","firstParentID":"af673ab4-ab4f-48f1-9ed0-1139db4cae16","ID":"1cb2b919-7c9a-4078-8b86-883cf1745929","childs":null,"emcosID":null,"emcosMLID":null,"WSName":"DB","rangeAddress":"$MZ$9:$MZ$46","headAddress":"$MZ$9","bodyAddress":"$MZ$10:$MZ$46","_name":"ручное"},"счетчик":{"_level":2,"parentID":"eabc4fd7-b7b2-4c44-a35c-e7ad4141b0e8","firstParentID":"af673ab4-ab4f-48f1-9ed0-1139db4cae16","ID":"c72284d2-a804-4f69-8d81-20be8d3ff442","childs":null,"emcosID":null,"emcosMLID":null,"WSName":"DB","rangeAddress":"$NA$9:$NA$46","headAddress":"$NA$9","bodyAddress":"$NA$10:$NA$46","_name":"счетчик"},"по счетчику":{"_level":2,"parentID":"eabc4fd7-b7b2-4c44-a35c-e7ad4141b0e8","firstParentID":"af673ab4-ab4f-48f1-9ed0-1139db4cae16","ID":"5590ea5f-0d4c-4b25-affa-1b318cae35f9","childs":null,"emcosID":null,"emcosMLID":null,"WSName":"DB","rangeAddress":"$NB$9:$NB$46","headAddress":"$NB$9","bodyAddress":"$NB$10:$NB$46","_name":"по счетчику"},"аскуэ":{"_level":2,"parentID":"eabc4fd7-b7b2-4c44-a35c-e7ad4141b0e8","firstParentID":"af673ab4-ab4f-48f1-9ed0-1139db4cae16","ID":"0b643284-9b89-4b4f-b6cb-1bad201d947f","childs":null,"emcosID":null,"emcosMLID":null,"WSName":"DB","rangeAddress":"$NC$9:$NC$46","headAddress":"$NC$9","bodyAddress":"$NC$10:$NC$46","_name":"аскуэ"}},"emcosID":344,"emcosMLID":386,"WSName":"DB","rangeAddress":"$MW$8:$NC$46","headAddress":"$MW$8:$NC$8","bodyAddress":"$MW$9:$NC$46","_name":"отдача"}},"emcosID":null,"emcosMLID":null,"WSName":"DB","rangeAddress":"$MP$7:$NC$46","headAddress":"$MP$7:$NC$7","bodyAddress":"$MP$8:$NC$46","_name":"Л5363 ЮКГРЭС"}},"codPlan":null,"meterCoef":null,"_name":"Л5363 ЮКГРЭС"}