{"ID":"d440f826-7b5a-4794-bf7c-679a805b24e0","childs":{"PS":{"_level":0,"parentID":"d440f826-7b5a-4794-bf7c-679a805b24e0","firstParentID":"d440f826-7b5a-4794-bf7c-679a805b24e0","ID":"ee0d6f91-51f5-430e-889c-7e7f718bb260","childs":{"прием":{"_level":1,"parentID":"ee0d6f91-51f5-430e-889c-7e7f718bb260","firstParentID":"d440f826-7b5a-4794-bf7c-679a805b24e0","ID":"5d0b8a2c-9537-4ebd-9359-b0c1a003424d","childs":{"по счетчику":{"_level":2,"parentID":"5d0b8a2c-9537-4ebd-9359-b0c1a003424d","firstParentID":"d440f826-7b5a-4794-bf7c-679a805b24e0","ID":"a31334dc-d1eb-470f-9f57-17cea9c3fddd","childs":null,"emcosID":null,"emcosMLID":null,"WSName":"PS","rangeAddress":"$BX$56:$BX$92","headAddress":"$BX$56","bodyAddress":"$BX$57:$BX$92","_name":"по счетчику"}},"emcosID":null,"emcosMLID":null,"WSName":"PS","rangeAddress":"$BX$55:$BX$92","headAddress":"$BX$55","bodyAddress":"$BX$56:$BX$92","_name":"прием"},"отдача":{"_level":1,"parentID":"ee0d6f91-51f5-430e-889c-7e7f718bb260","firstParentID":"d440f826-7b5a-4794-bf7c-679a805b24e0","ID":"7838dfaf-0b7f-4aab-b567-239136384eaf","childs":{"по счетчику":{"_level":2,"parentID":"7838dfaf-0b7f-4aab-b567-239136384eaf","firstParentID":"d440f826-7b5a-4794-bf7c-679a805b24e0","ID":"60a289cb-9573-48e9-afbf-0ec531a938a3","childs":null,"emcosID":null,"emcosMLID":null,"WSName":"PS","rangeAddress":"$BY$56:$BY$92","headAddress":"$BY$56","bodyAddress":"$BY$57:$BY$92","_name":"по счетчику"}},"emcosID":null,"emcosMLID":null,"WSName":"PS","rangeAddress":"$BY$55:$BY$92","headAddress":"$BY$55","bodyAddress":"$BY$56:$BY$92","_name":"отдача"}},"emcosID":null,"emcosMLID":null,"WSName":"PS","rangeAddress":"$BX$54:$BY$92","headAddress":"$BX$54:$BY$54","bodyAddress":"$BX$55:$BY$92","_name":"Л2773 Алматы"},"DB":{"_level":0,"parentID":"d440f826-7b5a-4794-bf7c-679a805b24e0","firstParentID":"d440f826-7b5a-4794-bf7c-679a805b24e0","ID":"6073acb7-ad31-44c3-8e81-a31163b6dd10","childs":{"прием":{"_level":1,"parentID":"6073acb7-ad31-44c3-8e81-a31163b6dd10","firstParentID":"d440f826-7b5a-4794-bf7c-679a805b24e0","ID":"023cb9d6-1b1f-464a-95dd-2ea8619f7970","childs":{"код":{"_level":2,"parentID":"023cb9d6-1b1f-464a-95dd-2ea8619f7970","firstParentID":"d440f826-7b5a-4794-bf7c-679a805b24e0","ID":"0a8111c1-4d6d-4d79-8cbe-86b46d2f2b6e","childs":null,"emcosID":null,"emcosMLID":null,"WSName":"DB","rangeAddress":"$BH$9:$BH$46","headAddress":"$BH$9","bodyAddress":"$BH$10:$BH$46","_name":"код"},"основное":{"_level":2,"parentID":"023cb9d6-1b1f-464a-95dd-2ea8619f7970","firstParentID":"d440f826-7b5a-4794-bf7c-679a805b24e0","ID":"702d49c8-a2e7-42be-b0c0-52cf6b7d4f53","childs":null,"emcosID":null,"emcosMLID":null,"WSName":"DB","rangeAddress":"$BI$9:$BI$46","headAddress":"$BI$9","bodyAddress":"$BI$10:$BI$46","_name":"основное"},"корректировка факт":{"_level":2,"parentID":"023cb9d6-1b1f-464a-95dd-2ea8619f7970","firstParentID":"d440f826-7b5a-4794-bf7c-679a805b24e0","ID":"9429f0ff-62f8-427a-9885-848fe3e1a53f","childs":null,"emcosID":null,"emcosMLID":null,"WSName":"DB","rangeAddress":"$BJ$9:$BJ$46","headAddress":"$BJ$9","bodyAddress":"$BJ$10:$BJ$46","_name":"корректировка факт"},"ручное":{"_level":2,"parentID":"023cb9d6-1b1f-464a-95dd-2ea8619f7970","firstParentID":"d440f826-7b5a-4794-bf7c-679a805b24e0","ID":"b5e9288f-c854-488c-9bda-60a9f8f149ea","childs":null,"emcosID":null,"emcosMLID":null,"WSName":"DB","rangeAddress":"$BK$9:$BK$46","headAddress":"$BK$9","bodyAddress":"$BK$10:$BK$46","_name":"ручное"},"счетчик":{"_level":2,"parentID":"023cb9d6-1b1f-464a-95dd-2ea8619f7970","firstParentID":"d440f826-7b5a-4794-bf7c-679a805b24e0","ID":"44853c19-cf6d-4555-a0da-28da621f98b5","childs":null,"emcosID":null,"emcosMLID":null,"WSName":"DB","rangeAddress":"$BL$9:$BL$46","headAddress":"$BL$9","bodyAddress":"$BL$10:$BL$46","_name":"счетчик"},"по счетчику":{"_level":2,"parentID":"023cb9d6-1b1f-464a-95dd-2ea8619f7970","firstParentID":"d440f826-7b5a-4794-bf7c-679a805b24e0","ID":"671c8d52-896c-417f-b1c3-8caebc4eb061","childs":null,"emcosID":null,"emcosMLID":null,"WSName":"DB","rangeAddress":"$BM$9:$BM$46","headAddress":"$BM$9","bodyAddress":"$BM$10:$BM$46","_name":"по счетчику"}},"emcosID":null,"emcosMLID":null,"WSName":"DB","rangeAddress":"$BH$8:$BM$46","headAddress":"$BH$8:$BM$8","bodyAddress":"$BH$9:$BM$46","_name":"прием"},"отдача":{"_level":1,"parentID":"6073acb7-ad31-44c3-8e81-a31163b6dd10","firstParentID":"d440f826-7b5a-4794-bf7c-679a805b24e0","ID":"870b1fb1-0a99-4092-89cd-bcd44d53066a","childs":{"код":{"_level":2,"parentID":"870b1fb1-0a99-4092-89cd-bcd44d53066a","firstParentID":"d440f826-7b5a-4794-bf7c-679a805b24e0","ID":"f2dce637-cf69-49e4-9936-3250e31ae537","childs":null,"emcosID":null,"emcosMLID":null,"WSName":"DB","rangeAddress":"$BN$9:$BN$46","headAddress":"$BN$9","bodyAddress":"$BN$10:$BN$46","_name":"код"},"основное":{"_level":2,"parentID":"870b1fb1-0a99-4092-89cd-bcd44d53066a","firstParentID":"d440f826-7b5a-4794-bf7c-679a805b24e0","ID":"c7212122-a124-45ff-8112-b4a61d894cfd","childs":null,"emcosID":null,"emcosMLID":null,"WSName":"DB","rangeAddress":"$BO$9:$BO$46","headAddress":"$BO$9","bodyAddress":"$BO$10:$BO$46","_name":"основное"},"корректировка факт":{"_level":2,"parentID":"870b1fb1-0a99-4092-89cd-bcd44d53066a","firstParentID":"d440f826-7b5a-4794-bf7c-679a805b24e0","ID":"16a0476e-bf5b-4425-b30f-9c10493f7fd7","childs":null,"emcosID":null,"emcosMLID":null,"WSName":"DB","rangeAddress":"$BP$9:$BP$46","headAddress":"$BP$9","bodyAddress":"$BP$10:$BP$46","_name":"корректировка факт"},"ручное":{"_level":2,"parentID":"870b1fb1-0a99-4092-89cd-bcd44d53066a","firstParentID":"d440f826-7b5a-4794-bf7c-679a805b24e0","ID":"b41bdc6f-82b8-4ea3-aeb2-3da91dd3c878","childs":null,"emcosID":null,"emcosMLID":null,"WSName":"DB","rangeAddress":"$BQ$9:$BQ$46","headAddress":"$BQ$9","bodyAddress":"$BQ$10:$BQ$46","_name":"ручное"},"счетчик":{"_level":2,"parentID":"870b1fb1-0a99-4092-89cd-bcd44d53066a","firstParentID":"d440f826-7b5a-4794-bf7c-679a805b24e0","ID":"0c97506e-50f3-4fb3-a5a3-9ff29eead0cd","childs":null,"emcosID":null,"emcosMLID":null,"WSName":"DB","rangeAddress":"$BR$9:$BR$46","headAddress":"$BR$9","bodyAddress":"$BR$10:$BR$46","_name":"счетчик"},"по счетчику":{"_level":2,"parentID":"870b1fb1-0a99-4092-89cd-bcd44d53066a","firstParentID":"d440f826-7b5a-4794-bf7c-679a805b24e0","ID":"c95e4b10-4555-4d8d-ba36-a68e77c5aafa","childs":null,"emcosID":null,"emcosMLID":null,"WSName":"DB","rangeAddress":"$BS$9:$BS$46","headAddress":"$BS$9","bodyAddress":"$BS$10:$BS$46","_name":"по счетчику"}},"emcosID":null,"emcosMLID":null,"WSName":"DB","rangeAddress":"$BN$8:$BS$46","headAddress":"$BN$8:$BS$8","bodyAddress":"$BN$9:$BS$46","_name":"отдача"}},"emcosID":null,"emcosMLID":null,"WSName":"DB","rangeAddress":"$BH$7:$BS$46","headAddress":"$BH$7:$BS$7","bodyAddress":"$BH$8:$BS$46","_name":"Л2773 Алматы"}},"codPlan":null,"meterCoef":null,"_name":"Л2773 Алматы"}