{"ID":"e59cca56-e045-4db9-8708-0300f235562f","childs":{"PS":{"_level":0,"parentID":"e59cca56-e045-4db9-8708-0300f235562f","firstParentID":"e59cca56-e045-4db9-8708-0300f235562f","ID":"3d8388db-b831-4c81-8b1c-1734160795e6","childs":{"прием":{"_level":1,"parentID":"3d8388db-b831-4c81-8b1c-1734160795e6","firstParentID":"e59cca56-e045-4db9-8708-0300f235562f","ID":"a41560b6-6e4b-47af-972b-083504633536","childs":{"формула":{"_level":2,"parentID":"a41560b6-6e4b-47af-972b-083504633536","firstParentID":"e59cca56-e045-4db9-8708-0300f235562f","ID":"e46e61df-edda-4e1e-92e1-b5d09d55750b","childs":null,"emcosID":null,"emcosMLID":null,"WSName":"PS","rangeAddress":"$B$13:$B$49","headAddress":"$B$13","bodyAddress":"$B$14:$B$49","_name":"формула"}},"emcosID":null,"emcosMLID":null,"WSName":"PS","rangeAddress":"$B$12:$B$49","headAddress":"$B$12","bodyAddress":"$B$13:$B$49","_name":"прием"},"план":{"_level":1,"parentID":"3d8388db-b831-4c81-8b1c-1734160795e6","firstParentID":"e59cca56-e045-4db9-8708-0300f235562f","ID":"33239d55-bc39-4f76-b239-63f7d891fc1e","childs":{"заявка":{"_level":2,"parentID":"33239d55-bc39-4f76-b239-63f7d891fc1e","firstParentID":"e59cca56-e045-4db9-8708-0300f235562f","ID":"c4d69364-8580-4f78-9416-28da1c22d5a5","childs":null,"emcosID":null,"emcosMLID":null,"WSName":"PS","rangeAddress":"$C$13:$C$49","headAddress":"$C$13","bodyAddress":"$C$14:$C$49","_name":"заявка"}},"emcosID":null,"emcosMLID":null,"WSName":"PS","rangeAddress":"$C$12:$C$49","headAddress":"$C$12","bodyAddress":"$C$13:$C$49","_name":"план"}},"emcosID":null,"emcosMLID":null,"WSName":"PS","rangeAddress":"$B$11:$C$49","headAddress":"$B$11:$C$11","bodyAddress":"$B$12:$C$49","_name":"Потребление Алматы +Жетысу"},"DB":{"_level":0,"parentID":"e59cca56-e045-4db9-8708-0300f235562f","firstParentID":"e59cca56-e045-4db9-8708-0300f235562f","ID":"e0964af3-ff4e-412d-957a-38b1cdcf003e","childs":{"прием":{"_level":1,"parentID":"e0964af3-ff4e-412d-957a-38b1cdcf003e","firstParentID":"e59cca56-e045-4db9-8708-0300f235562f","ID":"f3d65fe7-74c7-487c-b4ac-44deb8a6fa5e","childs":{"код":{"_level":2,"parentID":"f3d65fe7-74c7-487c-b4ac-44deb8a6fa5e","firstParentID":"e59cca56-e045-4db9-8708-0300f235562f","ID":"4742f75b-7222-425f-af3d-452a13362006","childs":null,"emcosID":null,"emcosMLID":null,"WSName":"DB","rangeAddress":"$C$9:$C$46","headAddress":"$C$9","bodyAddress":"$C$10:$C$46","_name":"код"},"основное":{"_level":2,"parentID":"f3d65fe7-74c7-487c-b4ac-44deb8a6fa5e","firstParentID":"e59cca56-e045-4db9-8708-0300f235562f","ID":"bd25bb3b-cede-4e9a-9fd8-9880f2b0167f","childs":null,"emcosID":null,"emcosMLID":null,"WSName":"DB","rangeAddress":"$D$9:$D$46","headAddress":"$D$9","bodyAddress":"$D$10:$D$46","_name":"основное"},"корректировка факт":{"_level":2,"parentID":"f3d65fe7-74c7-487c-b4ac-44deb8a6fa5e","firstParentID":"e59cca56-e045-4db9-8708-0300f235562f","ID":"f272380d-11f4-401e-977d-1f1a9de695eb","childs":null,"emcosID":null,"emcosMLID":null,"WSName":"DB","rangeAddress":"$E$9:$E$46","headAddress":"$E$9","bodyAddress":"$E$10:$E$46","_name":"корректировка факт"},"ручное":{"_level":2,"parentID":"f3d65fe7-74c7-487c-b4ac-44deb8a6fa5e","firstParentID":"e59cca56-e045-4db9-8708-0300f235562f","ID":"9d93d82e-5d41-451b-b9d8-bac044d07970","childs":null,"emcosID":null,"emcosMLID":null,"WSName":"DB","rangeAddress":"$F$9:$F$46","headAddress":"$F$9","bodyAddress":"$F$10:$F$46","_name":"ручное"},"формула":{"_level":2,"parentID":"f3d65fe7-74c7-487c-b4ac-44deb8a6fa5e","firstParentID":"e59cca56-e045-4db9-8708-0300f235562f","ID":"f4f5497a-4940-404e-84ad-760c19ec92c8","childs":null,"emcosID":null,"emcosMLID":null,"WSName":"DB","rangeAddress":"$G$9:$G$46","headAddress":"$G$9","bodyAddress":"$G$10:$G$46","_name":"формула"},"по плану":{"_level":2,"parentID":"f3d65fe7-74c7-487c-b4ac-44deb8a6fa5e","firstParentID":"e59cca56-e045-4db9-8708-0300f235562f","ID":"c65c101e-3fa1-4e4e-be5a-ee2813d80b77","childs":null,"emcosID":null,"emcosMLID":null,"WSName":"DB","rangeAddress":"$H$9:$H$46","headAddress":"$H$9","bodyAddress":"$H$10:$H$46","_name":"по плану"}},"emcosID":null,"emcosMLID":null,"WSName":"DB","rangeAddress":"$C$8:$H$46","headAddress":"$C$8:$H$8","bodyAddress":"$C$9:$H$46","_name":"прием"},"план":{"_level":1,"parentID":"e0964af3-ff4e-412d-957a-38b1cdcf003e","firstParentID":"e59cca56-e045-4db9-8708-0300f235562f","ID":"54c715de-aa2e-4a82-a1a8-40767f0292c8","childs":{"код":{"_level":2,"parentID":"54c715de-aa2e-4a82-a1a8-40767f0292c8","firstParentID":"e59cca56-e045-4db9-8708-0300f235562f","ID":"5525052c-615e-459e-bb7a-02ecd191a4e9","childs":null,"emcosID":null,"emcosMLID":null,"WSName":"DB","rangeAddress":"$I$9:$I$46","headAddress":"$I$9","bodyAddress":"$I$10:$I$46","_name":"код"},"основное":{"_level":2,"parentID":"54c715de-aa2e-4a82-a1a8-40767f0292c8","firstParentID":"e59cca56-e045-4db9-8708-0300f235562f","ID":"39be0100-3fae-40a8-ae6b-dd7efefaa63a","childs":null,"emcosID":null,"emcosMLID":null,"WSName":"DB","rangeAddress":"$J$9:$J$46","headAddress":"$J$9","bodyAddress":"$J$10:$J$46","_name":"основное"},"заявка":{"_level":2,"parentID":"54c715de-aa2e-4a82-a1a8-40767f0292c8","firstParentID":"e59cca56-e045-4db9-8708-0300f235562f","ID":"92ad17cc-bdcb-4bbb-9916-b71e03d3d225","childs":null,"emcosID":null,"emcosMLID":null,"WSName":"DB","rangeAddress":"$K$9:$K$46","headAddress":"$K$9","bodyAddress":"$K$10:$K$46","_name":"заявка"},"утвержденный":{"_level":2,"parentID":"54c715de-aa2e-4a82-a1a8-40767f0292c8","firstParentID":"e59cca56-e045-4db9-8708-0300f235562f","ID":"c36a47ab-591c-4a50-8f0b-080a20ea2101","childs":null,"emcosID":null,"emcosMLID":null,"WSName":"DB","rangeAddress":"$L$9:$L$46","headAddress":"$L$9","bodyAddress":"$L$10:$L$46","_name":"утвержденный"},"корректировка":{"_level":2,"parentID":"54c715de-aa2e-4a82-a1a8-40767f0292c8","firstParentID":"e59cca56-e045-4db9-8708-0300f235562f","ID":"f169685e-9c53-4c0f-8034-ff732f8a7110","childs":null,"emcosID":null,"emcosMLID":null,"WSName":"DB","rangeAddress":"$M$9:$M$46","headAddress":"$M$9","bodyAddress":"$M$10:$M$46","_name":"корректировка"}},"emcosID":null,"emcosMLID":null,"WSName":"DB","rangeAddress":"$I$8:$M$46","headAddress":"$I$8:$M$8","bodyAddress":"$I$9:$M$46","_name":"план"}},"emcosID":null,"emcosMLID":null,"WSName":"DB","rangeAddress":"$C$7:$M$46","headAddress":"$C$7:$M$7","bodyAddress":"$C$8:$M$46","_name":"Потребление Алматы +Жетысу"}},"codPlan":4,"meterCoef":null,"_name":"Потребление Алматы +Жетысу"}