{"ID":"da809729-db00-4e74-a382-c2ab61a74f27","childs":{"PS":{"_level":0,"parentID":"da809729-db00-4e74-a382-c2ab61a74f27","firstParentID":"da809729-db00-4e74-a382-c2ab61a74f27","ID":"7aa46564-df15-44a2-ba24-f5e19ae24edc","childs":{"отдача":{"_level":1,"parentID":"7aa46564-df15-44a2-ba24-f5e19ae24edc","firstParentID":"da809729-db00-4e74-a382-c2ab61a74f27","ID":"0aed7db7-9708-44db-89eb-be5f6128d113","childs":{"по счетчику":{"_level":2,"parentID":"0aed7db7-9708-44db-89eb-be5f6128d113","firstParentID":"da809729-db00-4e74-a382-c2ab61a74f27","ID":"8b807cc0-5925-4d90-bae7-2649def29645","childs":null,"emcosID":null,"emcosMLID":null,"codMaketTEP":null,"codTEP":null,"WSName":"PS","rangeAddress":"$B$142:$B$178","headAddress":"$B$142","bodyAddress":"$B$143:$B$178","_name":"по счетчику"},"СЧЕТЧИК":{"_level":2,"parentID":"0aed7db7-9708-44db-89eb-be5f6128d113","firstParentID":"da809729-db00-4e74-a382-c2ab61a74f27","ID":"b7fec3cd-34c7-4b0d-bb7e-612341fd1910","childs":null,"emcosID":null,"emcosMLID":null,"codMaketTEP":null,"codTEP":null,"WSName":"PS","rangeAddress":"$C$142:$C$178","headAddress":"$C$142","bodyAddress":"$C$143:$C$178","_name":"СЧЕТЧИК"}},"emcosID":null,"emcosMLID":null,"codMaketTEP":null,"codTEP":null,"WSName":"PS","rangeAddress":"$B$141:$C$178","headAddress":"$B$141:$C$141","bodyAddress":"$B$142:$C$178","_name":"отдача"}},"emcosID":null,"emcosMLID":null,"codMaketTEP":null,"codTEP":null,"WSName":"PS","rangeAddress":"$B$140:$C$178","headAddress":"$B$140:$C$140","bodyAddress":"$B$141:$C$178","_name":"Л20А Жилпоселок"},"DB":{"_level":0,"parentID":"da809729-db00-4e74-a382-c2ab61a74f27","firstParentID":"da809729-db00-4e74-a382-c2ab61a74f27","ID":"34551905-e1bf-4331-9fcc-3eb729448477","childs":{"отдача":{"_level":1,"parentID":"34551905-e1bf-4331-9fcc-3eb729448477","firstParentID":"da809729-db00-4e74-a382-c2ab61a74f27","ID":"0b308b7c-4659-4d70-80b3-02293f1261f3","childs":{"код":{"_level":2,"parentID":"0b308b7c-4659-4d70-80b3-02293f1261f3","firstParentID":"da809729-db00-4e74-a382-c2ab61a74f27","ID":"2c32c0b7-37c9-4191-a46e-937640673691","childs":null,"emcosID":null,"emcosMLID":null,"codMaketTEP":null,"codTEP":null,"WSName":"DB","rangeAddress":"$CY$52:$CY$89","headAddress":"$CY$52","bodyAddress":"$CY$53:$CY$89","_name":"код"},"основное":{"_level":2,"parentID":"0b308b7c-4659-4d70-80b3-02293f1261f3","firstParentID":"da809729-db00-4e74-a382-c2ab61a74f27","ID":"339a3925-eb5c-4597-82d3-92502bf0bd36","childs":null,"emcosID":null,"emcosMLID":null,"codMaketTEP":null,"codTEP":null,"WSName":"DB","rangeAddress":"$CZ$52:$CZ$89","headAddress":"$CZ$52","bodyAddress":"$CZ$53:$CZ$89","_name":"основное"},"корректировка факт":{"_level":2,"parentID":"0b308b7c-4659-4d70-80b3-02293f1261f3","firstParentID":"da809729-db00-4e74-a382-c2ab61a74f27","ID":"9c793f55-d521-4e50-a55f-d219fb2c1eb9","childs":null,"emcosID":null,"emcosMLID":null,"codMaketTEP":null,"codTEP":null,"WSName":"DB","rangeAddress":"$DA$52:$DA$89","headAddress":"$DA$52","bodyAddress":"$DA$53:$DA$89","_name":"корректировка факт"},"ручное":{"_level":2,"parentID":"0b308b7c-4659-4d70-80b3-02293f1261f3","firstParentID":"da809729-db00-4e74-a382-c2ab61a74f27","ID":"fc7e75fb-99bb-4603-948e-54b389168d87","childs":null,"emcosID":null,"emcosMLID":null,"codMaketTEP":null,"codTEP":null,"WSName":"DB","rangeAddress":"$DB$52:$DB$89","headAddress":"$DB$52","bodyAddress":"$DB$53:$DB$89","_name":"ручное"},"счетчик":{"_level":2,"parentID":"0b308b7c-4659-4d70-80b3-02293f1261f3","firstParentID":"da809729-db00-4e74-a382-c2ab61a74f27","ID":"a1ec917a-f476-44c7-817e-e87b4efd5f4c","childs":null,"emcosID":null,"emcosMLID":null,"codMaketTEP":null,"codTEP":null,"WSName":"DB","rangeAddress":"$DC$52:$DC$89","headAddress":"$DC$52","bodyAddress":"$DC$53:$DC$89","_name":"счетчик"},"по счетчику":{"_level":2,"parentID":"0b308b7c-4659-4d70-80b3-02293f1261f3","firstParentID":"da809729-db00-4e74-a382-c2ab61a74f27","ID":"c598b77f-7c3e-4571-90bd-a2bbdfa987e9","childs":null,"emcosID":null,"emcosMLID":null,"codMaketTEP":null,"codTEP":null,"WSName":"DB","rangeAddress":"$DD$52:$DD$89","headAddress":"$DD$52","bodyAddress":"$DD$53:$DD$89","_name":"по счетчику"}},"emcosID":null,"emcosMLID":null,"codMaketTEP":null,"codTEP":null,"WSName":"DB","rangeAddress":"$CY$51:$DD$89","headAddress":"$CY$51:$DD$51","bodyAddress":"$CY$52:$DD$89","_name":"отдача"}},"emcosID":null,"emcosMLID":null,"codMaketTEP":null,"codTEP":null,"WSName":"DB","rangeAddress":"$CY$50:$DD$89","headAddress":"$CY$50:$DD$50","bodyAddress":"$CY$51:$DD$89","_name":"Л20А Жилпоселок"}},"codPlan":null,"meterCoef":"3,5","_name":"Л20А Жилпоселок"}