{"ID":"e20312b3-c28a-4913-b028-c6bac4bb092d","childs":{"PS":{"_level":0,"parentID":"e20312b3-c28a-4913-b028-c6bac4bb092d","firstParentID":"e20312b3-c28a-4913-b028-c6bac4bb092d","ID":"7271b98e-8a93-4001-b245-5b2c56380d6d","childs":{"отдача":{"_level":1,"parentID":"7271b98e-8a93-4001-b245-5b2c56380d6d","firstParentID":"e20312b3-c28a-4913-b028-c6bac4bb092d","ID":"e7dbc3bc-cc56-4d95-b384-6576deac2b71","childs":{"по счетчику":{"_level":2,"parentID":"e7dbc3bc-cc56-4d95-b384-6576deac2b71","firstParentID":"e20312b3-c28a-4913-b028-c6bac4bb092d","ID":"5a63a660-6cdd-4968-ac23-1656ad940f95","childs":null,"emcosID":null,"emcosMLID":null,"codMaketTEP":null,"codTEP":null,"WSName":"PS","rangeAddress":"$FC$99:$FC$135","headAddress":"$FC$99","bodyAddress":"$FC$100:$FC$135","_name":"по счетчику"},"СЧЕТЧИК":{"_level":2,"parentID":"e7dbc3bc-cc56-4d95-b384-6576deac2b71","firstParentID":"e20312b3-c28a-4913-b028-c6bac4bb092d","ID":"64c59401-34a0-4b60-bdd2-afe4f82b46be","childs":null,"emcosID":null,"emcosMLID":null,"codMaketTEP":null,"codTEP":null,"WSName":"PS","rangeAddress":"$FD$99:$FD$135","headAddress":"$FD$99","bodyAddress":"$FD$100:$FD$135","_name":"СЧЕТЧИК"}},"emcosID":null,"emcosMLID":null,"codMaketTEP":null,"codTEP":null,"WSName":"PS","rangeAddress":"$FC$98:$FD$135","headAddress":"$FC$98:$FD$98","bodyAddress":"$FC$99:$FD$135","_name":"отдача"}},"emcosID":null,"emcosMLID":null,"codMaketTEP":null,"codTEP":null,"WSName":"PS","rangeAddress":"$FC$97:$FD$135","headAddress":"$FC$97:$FD$97","bodyAddress":"$FC$98:$FD$135","_name":"КЛ5 ПС152 Талдыкорган"},"DB":{"_level":0,"parentID":"e20312b3-c28a-4913-b028-c6bac4bb092d","firstParentID":"e20312b3-c28a-4913-b028-c6bac4bb092d","ID":"938504c0-1a6c-4701-a2f8-874db2feed7b","childs":{"отдача":{"_level":1,"parentID":"938504c0-1a6c-4701-a2f8-874db2feed7b","firstParentID":"e20312b3-c28a-4913-b028-c6bac4bb092d","ID":"3d533dfa-a026-48e4-9133-c0467d0b2703","childs":{"код":{"_level":2,"parentID":"3d533dfa-a026-48e4-9133-c0467d0b2703","firstParentID":"e20312b3-c28a-4913-b028-c6bac4bb092d","ID":"12b94812-3773-4382-994f-3bb43bec2a74","childs":null,"emcosID":null,"emcosMLID":null,"codMaketTEP":null,"codTEP":null,"WSName":"DB","rangeAddress":"$EY$525:$EY$562","headAddress":"$EY$525","bodyAddress":"$EY$526:$EY$562","_name":"код"},"основное":{"_level":2,"parentID":"3d533dfa-a026-48e4-9133-c0467d0b2703","firstParentID":"e20312b3-c28a-4913-b028-c6bac4bb092d","ID":"c594e984-ddc3-4159-9dc8-cac0bef33a3e","childs":null,"emcosID":null,"emcosMLID":null,"codMaketTEP":null,"codTEP":null,"WSName":"DB","rangeAddress":"$EZ$525:$EZ$562","headAddress":"$EZ$525","bodyAddress":"$EZ$526:$EZ$562","_name":"основное"},"корректировка факт":{"_level":2,"parentID":"3d533dfa-a026-48e4-9133-c0467d0b2703","firstParentID":"e20312b3-c28a-4913-b028-c6bac4bb092d","ID":"ed04ce70-d348-4c66-87f7-3c278bc624db","childs":null,"emcosID":null,"emcosMLID":null,"codMaketTEP":null,"codTEP":null,"WSName":"DB","rangeAddress":"$FA$525:$FA$562","headAddress":"$FA$525","bodyAddress":"$FA$526:$FA$562","_name":"корректировка факт"},"ручное":{"_level":2,"parentID":"3d533dfa-a026-48e4-9133-c0467d0b2703","firstParentID":"e20312b3-c28a-4913-b028-c6bac4bb092d","ID":"e2bacc1a-c6b8-44fa-9019-eea912fbe269","childs":null,"emcosID":null,"emcosMLID":null,"codMaketTEP":null,"codTEP":null,"WSName":"DB","rangeAddress":"$FB$525:$FB$562","headAddress":"$FB$525","bodyAddress":"$FB$526:$FB$562","_name":"ручное"},"счетчик":{"_level":2,"parentID":"3d533dfa-a026-48e4-9133-c0467d0b2703","firstParentID":"e20312b3-c28a-4913-b028-c6bac4bb092d","ID":"e878de5f-f214-4f76-a73c-c50c9eb1d0af","childs":null,"emcosID":null,"emcosMLID":null,"codMaketTEP":null,"codTEP":null,"WSName":"DB","rangeAddress":"$FC$525:$FC$562","headAddress":"$FC$525","bodyAddress":"$FC$526:$FC$562","_name":"счетчик"},"по счетчику":{"_level":2,"parentID":"3d533dfa-a026-48e4-9133-c0467d0b2703","firstParentID":"e20312b3-c28a-4913-b028-c6bac4bb092d","ID":"9f178dd0-478b-4e22-b225-c52470fa87a9","childs":null,"emcosID":null,"emcosMLID":null,"codMaketTEP":null,"codTEP":null,"WSName":"DB","rangeAddress":"$FD$525:$FD$562","headAddress":"$FD$525","bodyAddress":"$FD$526:$FD$562","_name":"по счетчику"}},"emcosID":null,"emcosMLID":null,"codMaketTEP":null,"codTEP":null,"WSName":"DB","rangeAddress":"$EY$524:$FD$562","headAddress":"$EY$524:$FD$524","bodyAddress":"$EY$525:$FD$562","_name":"отдача"}},"emcosID":null,"emcosMLID":null,"codMaketTEP":null,"codTEP":null,"WSName":"DB","rangeAddress":"$EY$523:$FD$562","headAddress":"$EY$523:$FD$523","bodyAddress":"$EY$524:$FD$562","_name":"КЛ5 ПС152 Талдыкорган"}},"codPlan":null,"meterCoef":"6","_name":"КЛ5 ПС152 Талдыкорган"}