{"ID":"3b422cec-7256-4ddc-bc75-4d04c3a969d3","childs":{"PS":{"_level":0,"parentID":"3b422cec-7256-4ddc-bc75-4d04c3a969d3","firstParentID":"3b422cec-7256-4ddc-bc75-4d04c3a969d3","ID":"7b99b5ae-8b6a-4159-94c4-bc922e486282","childs":{"отдача":{"_level":1,"parentID":"7b99b5ae-8b6a-4159-94c4-bc922e486282","firstParentID":"3b422cec-7256-4ddc-bc75-4d04c3a969d3","ID":"264c9d52-fffd-490e-aa39-284d6b42c65f","childs":{"по счетчику":{"_level":2,"parentID":"264c9d52-fffd-490e-aa39-284d6b42c65f","firstParentID":"3b422cec-7256-4ddc-bc75-4d04c3a969d3","ID":"1e6d8acf-ae62-478c-a904-82077ca6b6eb","childs":null,"emcosID":null,"emcosMLID":null,"codMaketTEP":null,"codTEP":null,"WSName":"PS","rangeAddress":"$D$142:$D$178","headAddress":"$D$142","bodyAddress":"$D$143:$D$178","_name":"по счетчику"},"СЧЕТЧИК":{"_level":2,"parentID":"264c9d52-fffd-490e-aa39-284d6b42c65f","firstParentID":"3b422cec-7256-4ddc-bc75-4d04c3a969d3","ID":"a51cfc4c-b218-4523-9fe0-5ff5faf91863","childs":null,"emcosID":null,"emcosMLID":null,"codMaketTEP":null,"codTEP":null,"WSName":"PS","rangeAddress":"$E$142:$E$178","headAddress":"$E$142","bodyAddress":"$E$143:$E$178","_name":"СЧЕТЧИК"}},"emcosID":null,"emcosMLID":null,"codMaketTEP":null,"codTEP":null,"WSName":"PS","rangeAddress":"$D$141:$E$178","headAddress":"$D$141:$E$141","bodyAddress":"$D$142:$E$178","_name":"отдача"}},"emcosID":null,"emcosMLID":null,"codMaketTEP":null,"codTEP":null,"WSName":"PS","rangeAddress":"$D$140:$E$178","headAddress":"$D$140:$E$140","bodyAddress":"$D$141:$E$178","_name":"Л21А Жилпоселок"},"DB":{"_level":0,"parentID":"3b422cec-7256-4ddc-bc75-4d04c3a969d3","firstParentID":"3b422cec-7256-4ddc-bc75-4d04c3a969d3","ID":"ea149365-6d16-45a2-be58-0eabc5958de7","childs":{"отдача":{"_level":1,"parentID":"ea149365-6d16-45a2-be58-0eabc5958de7","firstParentID":"3b422cec-7256-4ddc-bc75-4d04c3a969d3","ID":"92460855-ab79-4c70-bee2-ba47d45bb8a6","childs":{"код":{"_level":2,"parentID":"92460855-ab79-4c70-bee2-ba47d45bb8a6","firstParentID":"3b422cec-7256-4ddc-bc75-4d04c3a969d3","ID":"cb59cf46-3e98-49cc-b965-10cb8155ba4c","childs":null,"emcosID":null,"emcosMLID":null,"codMaketTEP":null,"codTEP":null,"WSName":"DB","rangeAddress":"$DE$52:$DE$89","headAddress":"$DE$52","bodyAddress":"$DE$53:$DE$89","_name":"код"},"основное":{"_level":2,"parentID":"92460855-ab79-4c70-bee2-ba47d45bb8a6","firstParentID":"3b422cec-7256-4ddc-bc75-4d04c3a969d3","ID":"dafbdfc6-9583-47d0-8f6f-0a45510ffa19","childs":null,"emcosID":null,"emcosMLID":null,"codMaketTEP":null,"codTEP":null,"WSName":"DB","rangeAddress":"$DF$52:$DF$89","headAddress":"$DF$52","bodyAddress":"$DF$53:$DF$89","_name":"основное"},"корректировка факт":{"_level":2,"parentID":"92460855-ab79-4c70-bee2-ba47d45bb8a6","firstParentID":"3b422cec-7256-4ddc-bc75-4d04c3a969d3","ID":"99e3f534-13ff-4358-93e6-6f766ad23485","childs":null,"emcosID":null,"emcosMLID":null,"codMaketTEP":null,"codTEP":null,"WSName":"DB","rangeAddress":"$DG$52:$DG$89","headAddress":"$DG$52","bodyAddress":"$DG$53:$DG$89","_name":"корректировка факт"},"ручное":{"_level":2,"parentID":"92460855-ab79-4c70-bee2-ba47d45bb8a6","firstParentID":"3b422cec-7256-4ddc-bc75-4d04c3a969d3","ID":"98474bed-424d-47d6-91f3-18741a2ee5da","childs":null,"emcosID":null,"emcosMLID":null,"codMaketTEP":null,"codTEP":null,"WSName":"DB","rangeAddress":"$DH$52:$DH$89","headAddress":"$DH$52","bodyAddress":"$DH$53:$DH$89","_name":"ручное"},"счетчик":{"_level":2,"parentID":"92460855-ab79-4c70-bee2-ba47d45bb8a6","firstParentID":"3b422cec-7256-4ddc-bc75-4d04c3a969d3","ID":"32587676-611f-4ccc-a0f7-c9e7ffa90837","childs":null,"emcosID":null,"emcosMLID":null,"codMaketTEP":null,"codTEP":null,"WSName":"DB","rangeAddress":"$DI$52:$DI$89","headAddress":"$DI$52","bodyAddress":"$DI$53:$DI$89","_name":"счетчик"},"по счетчику":{"_level":2,"parentID":"92460855-ab79-4c70-bee2-ba47d45bb8a6","firstParentID":"3b422cec-7256-4ddc-bc75-4d04c3a969d3","ID":"ceee2c4b-7826-461c-a49d-f32b9604c544","childs":null,"emcosID":null,"emcosMLID":null,"codMaketTEP":null,"codTEP":null,"WSName":"DB","rangeAddress":"$DJ$52:$DJ$89","headAddress":"$DJ$52","bodyAddress":"$DJ$53:$DJ$89","_name":"по счетчику"}},"emcosID":null,"emcosMLID":null,"codMaketTEP":null,"codTEP":null,"WSName":"DB","rangeAddress":"$DE$51:$DJ$89","headAddress":"$DE$51:$DJ$51","bodyAddress":"$DE$52:$DJ$89","_name":"отдача"}},"emcosID":null,"emcosMLID":null,"codMaketTEP":null,"codTEP":null,"WSName":"DB","rangeAddress":"$DE$50:$DJ$89","headAddress":"$DE$50:$DJ$50","bodyAddress":"$DE$51:$DJ$89","_name":"Л21А Жилпоселок"}},"codPlan":null,"meterCoef":"7","_name":"Л21А Жилпоселок"}